sentence_id,token_id,token,surprisal
0,0,<|endoftext|>,0.0
0,1,I,5.770367
0,2,Ġknow,5.545733
0,3,Ġthat,2.74974
0,4,Ġyour,6.902938
0,5,Ġfriend,7.219469
0,6,Ġthrew,12.316039
0,7,Ġinto,8.807188
0,8,Ġthe,1.752751
0,9,Ġtrash,6.749094
0,10,Ġcan,3.301439
0,11,.,4.482284
0,12,<|endoftext|>,9.94659
1,0,<|endoftext|>,0.0
1,1,I,5.770367
1,2,Ġknow,5.545733
1,3,Ġthat,2.749727
1,4,Ġyour,6.902938
1,5,Ġfriend,7.219469
1,6,Ġthrew,12.316045
1,7,Ġthe,3.978974
1,8,Ġplastic,11.313429
1,9,Ġinto,6.671617
1,10,Ġthe,1.218964
1,11,Ġtrash,3.823729
1,12,Ġcan,2.613783
1,13,.,2.574317
1,14,<|endoftext|>,9.9038
2,0,<|endoftext|>,0.0
2,1,I,5.770367
2,2,Ġknow,5.545733
2,3,Ġwhat,4.510479
2,4,Ġyour,5.887208
2,5,Ġfriend,9.75916
2,6,Ġthrew,14.83393
2,7,Ġinto,5.530588
2,8,Ġthe,1.860435
2,9,Ġtrash,4.90201
2,10,Ġcan,1.703058
2,11,.,1.908352
2,12,<|endoftext|>,9.019782
3,0,<|endoftext|>,0.0
3,1,I,5.770367
3,2,Ġknow,5.545733
3,3,Ġwhat,4.510466
3,4,Ġyour,5.887208
3,5,Ġfriend,9.75916
3,6,Ġthrew,14.833954
3,7,Ġthe,6.894532
3,8,Ġplastic,11.92557
3,9,Ġinto,6.651918
3,10,Ġthe,1.749706
3,11,Ġtrash,3.660315
3,12,Ġcan,2.329419
3,13,.,1.700395
3,14,<|endoftext|>,8.796248
4,0,<|endoftext|>,0.0
4,1,I,5.770362
4,2,Ġknow,5.545699
4,3,Ġthat,2.74972
4,4,Ġour,8.916295
4,5,Ġmother,9.931917
4,6,Ġsaid,6.590502
4,7,Ġyour,10.290993
4,8,Ġfriend,9.176866
4,9,Ġthrew,11.575096
4,10,Ġinto,10.788204
4,11,Ġthe,1.2151
4,12,Ġtrash,5.318927
4,13,Ġcan,3.211241
4,14,.,3.461844
4,15,<|endoftext|>,10.52967
5,0,<|endoftext|>,0.0
5,1,I,5.770357
5,2,Ġknow,5.545684
5,3,Ġthat,2.749692
5,4,Ġour,8.916299
5,5,Ġmother,9.931918
5,6,Ġsaid,6.590503
5,7,Ġyour,10.290977
5,8,Ġfriend,9.176875
5,9,Ġthrew,11.575058
5,10,Ġthe,3.464657
5,11,Ġplastic,9.518383
5,12,Ġinto,6.906036
5,13,Ġthe,1.010771
5,14,Ġtrash,4.246688
5,15,Ġcan,2.89976
5,16,.,2.057055
5,17,<|endoftext|>,10.244484
6,0,<|endoftext|>,0.0
6,1,I,5.770362
6,2,Ġknow,5.545699
6,3,Ġwhat,4.510481
6,4,Ġour,12.808653
6,5,Ġmother,9.021479
6,6,Ġsaid,2.517088
6,7,Ġyour,13.992891
6,8,Ġfriend,7.915233
6,9,Ġthrew,12.569459
6,10,Ġinto,8.931998
6,11,Ġthe,1.196426
6,12,Ġtrash,4.586684
6,13,Ġcan,2.966646
6,14,.,2.154284
6,15,<|endoftext|>,8.691178
7,0,<|endoftext|>,0.0
7,1,I,5.770357
7,2,Ġknow,5.545684
7,3,Ġwhat,4.510475
7,4,Ġour,12.808654
7,5,Ġmother,9.021499
7,6,Ġsaid,2.517112
7,7,Ġyour,13.992892
7,8,Ġfriend,7.915233
7,9,Ġthrew,12.569473
7,10,Ġthe,3.377598
7,11,Ġplastic,9.539864
7,12,Ġinto,6.770061
7,13,Ġthe,0.99338
7,14,Ġtrash,3.882716
7,15,Ġcan,2.962774
7,16,.,1.670056
7,17,<|endoftext|>,8.344637
8,0,<|endoftext|>,0.0
8,1,I,5.770357
8,2,Ġknow,5.545684
8,3,Ġthat,2.749692
8,4,Ġour,8.916299
8,5,Ġmother,9.931918
8,6,Ġsaid,6.590503
8,7,Ġher,7.331433
8,8,Ġfriend,9.653595
8,9,Ġremarked,15.422551
8,10,Ġyour,12.03681
8,11,Ġfriend,4.945186
8,12,Ġthrew,12.127652
8,13,Ġinto,10.531254
8,14,Ġthe,1.102057
8,15,Ġtrash,4.991073
8,16,Ġcan,4.525955
8,17,.,3.136631
8,18,<|endoftext|>,10.685674
9,0,<|endoftext|>,0.0
9,1,I,5.770357
9,2,Ġknow,5.545684
9,3,Ġthat,2.749692
9,4,Ġour,8.916299
9,5,Ġmother,9.931918
9,6,Ġsaid,6.590503
9,7,Ġher,7.331433
9,8,Ġfriend,9.653595
9,9,Ġremarked,15.422551
9,10,Ġyour,12.03681
9,11,Ġfriend,4.945186
9,12,Ġthrew,12.127652
9,13,Ġthe,3.281126
9,14,Ġplastic,9.276717
9,15,Ġinto,7.27692
9,16,Ġthe,0.94254
9,17,Ġtrash,4.167905
9,18,Ġcan,3.224234
9,19,.,1.795994
9,20,<|endoftext|>,10.297295
10,0,<|endoftext|>,0.0
10,1,I,5.770357
10,2,Ġknow,5.545684
10,3,Ġwhat,4.510475
10,4,Ġour,12.808654
10,5,Ġmother,9.021499
10,6,Ġsaid,2.517112
10,7,Ġher,11.796743
10,8,Ġfriend,7.265095
10,9,Ġremarked,14.77128
10,10,Ġyour,11.49959
10,11,Ġfriend,4.394389
10,12,Ġthrew,12.072805
10,13,Ġinto,9.703758
10,14,Ġthe,1.166598
10,15,Ġtrash,4.646685
10,16,Ġcan,3.943959
10,17,.,2.473889
10,18,<|endoftext|>,9.124934
11,0,<|endoftext|>,0.0
11,1,I,5.770357
11,2,Ġknow,5.545684
11,3,Ġwhat,4.510475
11,4,Ġour,12.808654
11,5,Ġmother,9.021499
11,6,Ġsaid,2.517112
11,7,Ġher,11.796743
11,8,Ġfriend,7.265095
11,9,Ġremarked,14.77128
11,10,Ġyour,11.49959
11,11,Ġfriend,4.394389
11,12,Ġthrew,12.072805
11,13,Ġthe,3.235889
11,14,Ġplastic,9.243029
11,15,Ġinto,7.185461
11,16,Ġthe,0.952441
11,17,Ġtrash,3.808581
11,18,Ġcan,3.079724
11,19,.,1.624789
11,20,<|endoftext|>,8.701817
12,0,<|endoftext|>,0.0
12,1,I,5.770357
12,2,Ġknow,5.545684
12,3,Ġthat,2.749692
12,4,Ġour,8.916299
12,5,Ġmother,9.931918
12,6,Ġsaid,6.590503
12,7,Ġher,7.331433
12,8,Ġfriend,9.653595
12,9,Ġremarked,15.422551
12,10,Ġthe,7.058251
12,11,Ġpark,13.377457
12,12,Ġattendant,12.693683
12,13,Ġreported,12.190502
12,14,Ġyour,11.112687
12,15,Ġfriend,4.033353
12,16,Ġthrew,11.493462
12,17,Ġinto,10.922285
12,18,Ġthe,0.538585
12,19,Ġtrash,4.234048
12,20,Ġcan,4.603172
12,21,.,2.035815
12,22,<|endoftext|>,10.386116
13,0,<|endoftext|>,0.0
13,1,I,5.770357
13,2,Ġknow,5.545684
13,3,Ġthat,2.749692
13,4,Ġour,8.916299
13,5,Ġmother,9.931918
13,6,Ġsaid,6.590503
13,7,Ġher,7.331433
13,8,Ġfriend,9.653595
13,9,Ġremarked,15.422551
13,10,Ġthe,7.058251
13,11,Ġpark,13.377457
13,12,Ġattendant,12.693683
13,13,Ġreported,12.190502
13,14,Ġyour,11.112687
13,15,Ġfriend,4.033353
13,16,Ġthrew,11.493462
13,17,Ġthe,3.095572
13,18,Ġplastic,6.850482
13,19,Ġinto,8.142272
13,20,Ġthe,0.57896
13,21,Ġtrash,3.961717
13,22,Ġcan,3.038417
13,23,.,1.351829
13,24,<|endoftext|>,10.091271
14,0,<|endoftext|>,0.0
14,1,I,5.770357
14,2,Ġknow,5.545684
14,3,Ġwhat,4.510475
14,4,Ġour,12.808654
14,5,Ġmother,9.021499
14,6,Ġsaid,2.517112
14,7,Ġher,11.796743
14,8,Ġfriend,7.265095
14,9,Ġremarked,14.77128
14,10,Ġthe,6.961515
14,11,Ġpark,15.366804
14,12,Ġattendant,11.964203
14,13,Ġreported,11.798498
14,14,Ġyour,10.884739
14,15,Ġfriend,4.249016
14,16,Ġthrew,11.180098
14,17,Ġinto,10.57008
14,18,Ġthe,0.581085
14,19,Ġtrash,4.17208
14,20,Ġcan,4.397834
14,21,.,2.023603
14,22,<|endoftext|>,9.049437
15,0,<|endoftext|>,0.0
15,1,I,5.770357
15,2,Ġknow,5.545684
15,3,Ġwhat,4.510475
15,4,Ġour,12.808654
15,5,Ġmother,9.021499
15,6,Ġsaid,2.517112
15,7,Ġher,11.796743
15,8,Ġfriend,7.265095
15,9,Ġremarked,14.77128
15,10,Ġthe,6.961515
15,11,Ġpark,15.366804
15,12,Ġattendant,11.964203
15,13,Ġreported,11.798498
15,14,Ġyour,10.884739
15,15,Ġfriend,4.249016
15,16,Ġthrew,11.180098
15,17,Ġthe,3.023074
15,18,Ġplastic,6.916482
15,19,Ġinto,8.078101
15,20,Ġthe,0.601609
15,21,Ġtrash,3.827382
15,22,Ġcan,2.937573
15,23,.,1.354883
15,24,<|endoftext|>,8.700344
16,0,<|endoftext|>,0.0
16,1,I,5.770357
16,2,Ġknow,5.545684
16,3,Ġthat,2.749692
16,4,Ġour,8.916299
16,5,Ġmother,9.931918
16,6,Ġsaid,6.590503
16,7,Ġher,7.331433
16,8,Ġfriend,9.653595
16,9,Ġremarked,15.422551
16,10,Ġthe,7.058251
16,11,Ġpark,13.377457
16,12,Ġattendant,12.693683
16,13,Ġreported,12.190502
16,14,Ġyour,11.112687
16,15,Ġfriend,4.033353
16,16,Ġthrew,11.493462
16,17,Ġinto,10.922285
16,18,Ġthe,0.538585
16,19,Ġtrash,4.234048
16,20,Ġcan,4.603172
16,21,.,2.035815
16,22,<|endoftext|>,10.386116
17,0,<|endoftext|>,0.0
17,1,I,5.770357
17,2,Ġknow,5.545684
17,3,Ġthat,2.749692
17,4,Ġour,8.916299
17,5,Ġmother,9.931918
17,6,Ġsaid,6.590503
17,7,Ġher,7.331433
17,8,Ġfriend,9.653595
17,9,Ġremarked,15.422551
17,10,Ġthe,7.058251
17,11,Ġpark,13.377457
17,12,Ġattendant,12.693683
17,13,Ġreported,12.190502
17,14,Ġyour,11.112687
17,15,Ġfriend,4.033353
17,16,Ġthrew,11.493462
17,17,Ġthe,3.095572
17,18,Ġplastic,6.850482
17,19,Ġinto,8.142272
17,20,Ġthe,0.57896
17,21,Ġtrash,3.961717
17,22,Ġcan,3.038417
17,23,.,1.351829
17,24,<|endoftext|>,10.091271
18,0,<|endoftext|>,0.0
18,1,I,5.770357
18,2,Ġknow,5.545684
18,3,Ġwhat,4.510475
18,4,Ġour,12.808654
18,5,Ġmother,9.021499
18,6,Ġsaid,2.517112
18,7,Ġher,11.796743
18,8,Ġfriend,7.265095
18,9,Ġremarked,14.77128
18,10,Ġthe,6.961515
18,11,Ġpark,15.366804
18,12,Ġattendant,11.964203
18,13,Ġreported,11.798498
18,14,Ġyour,10.884739
18,15,Ġfriend,4.249016
18,16,Ġthrew,11.180098
18,17,Ġinto,10.57008
18,18,Ġthe,0.581085
18,19,Ġtrash,4.17208
18,20,Ġcan,4.397834
18,21,.,2.023603
18,22,<|endoftext|>,9.049437
19,0,<|endoftext|>,0.0
19,1,I,5.770357
19,2,Ġknow,5.545684
19,3,Ġwhat,4.510475
19,4,Ġour,12.808654
19,5,Ġmother,9.021499
19,6,Ġsaid,2.517112
19,7,Ġher,11.796743
19,8,Ġfriend,7.265095
19,9,Ġremarked,14.77128
19,10,Ġthe,6.961515
19,11,Ġpark,15.366804
19,12,Ġattendant,11.964203
19,13,Ġreported,11.798498
19,14,Ġyour,10.884739
19,15,Ġfriend,4.249016
19,16,Ġthrew,11.180098
19,17,Ġthe,3.023074
19,18,Ġplastic,6.916482
19,19,Ġinto,8.078101
19,20,Ġthe,0.601609
19,21,Ġtrash,3.827382
19,22,Ġcan,2.937573
19,23,.,1.354883
19,24,<|endoftext|>,8.700344
20,0,<|endoftext|>,0.0
20,1,The,4.729313
20,2,Ġnewspaper,13.263054
20,3,Ġreported,3.595349
20,4,Ġthat,0.76549
20,5,Ġthe,2.480994
20,6,Ġboss,11.282581
20,7,Ġsold,14.352079
20,8,Ġto,7.092157
20,9,Ġhis,6.162774
20,10,Ġfriend,6.208858
20,11,.,7.044309
20,12,<|endoftext|>,5.426068
21,0,<|endoftext|>,0.0
21,1,The,4.729313
21,2,Ġnewspaper,13.263054
21,3,Ġreported,3.595349
21,4,Ġthat,0.76549
21,5,Ġthe,2.480994
21,6,Ġboss,11.282601
21,7,Ġsold,14.352068
21,8,Ġa,3.998891
21,9,Ġcar,6.810201
21,10,Ġto,2.161944
21,11,Ġhis,5.407646
21,12,Ġfriend,5.145444
21,13,.,4.795877
21,14,<|endoftext|>,5.74548
22,0,<|endoftext|>,0.0
22,1,The,4.729313
22,2,Ġnewspaper,13.263054
22,3,Ġreported,3.595349
22,4,Ġwhat,10.905774
22,5,Ġthe,3.544712
22,6,Ġboss,10.857845
22,7,Ġsold,16.069564
22,8,Ġto,1.781652
22,9,Ġhis,4.341898
22,10,Ġfriend,6.673659
22,11,.,3.49184
22,12,<|endoftext|>,5.481655
23,0,<|endoftext|>,0.0
23,1,The,4.729313
23,2,Ġnewspaper,13.263054
23,3,Ġreported,3.595349
23,4,Ġwhat,10.905774
23,5,Ġthe,3.544712
23,6,Ġboss,10.857832
23,7,Ġsold,16.069547
23,8,Ġa,7.680442
23,9,Ġcar,7.397984
23,10,Ġto,1.168419
23,11,Ġhis,6.846966
23,12,Ġfriend,5.311182
23,13,.,2.9121
23,14,<|endoftext|>,5.788828
24,0,<|endoftext|>,0.0
24,1,The,4.729286
24,2,Ġnewspaper,13.263032
24,3,Ġreported,3.595366
24,4,Ġthat,0.765484
24,5,Ġthe,2.480973
24,6,Ġinvestigator,12.798558
24,7,Ġthought,11.463146
24,8,Ġthe,2.353279
24,9,Ġboss,12.726532
24,10,Ġsold,13.933994
24,11,Ġto,7.989907
24,12,Ġhis,5.206156
24,13,Ġfriend,5.727319
24,14,.,4.201789
24,15,<|endoftext|>,5.750031
25,0,<|endoftext|>,0.0
25,1,The,4.729281
25,2,Ġnewspaper,13.263024
25,3,Ġreported,3.595351
25,4,Ġthat,0.765479
25,5,Ġthe,2.480964
25,6,Ġinvestigator,12.798575
25,7,Ġthought,11.463144
25,8,Ġthe,2.353284
25,9,Ġboss,12.726528
25,10,Ġsold,13.933986
25,11,Ġa,4.488002
25,12,Ġcar,5.661609
25,13,Ġto,1.868136
25,14,Ġhis,5.060585
25,15,Ġfriend,5.057851
25,16,.,2.958801
25,17,<|endoftext|>,5.967517
26,0,<|endoftext|>,0.0
26,1,The,4.729286
26,2,Ġnewspaper,13.263032
26,3,Ġreported,3.595366
26,4,Ġwhat,10.905768
26,5,Ġthe,3.544714
26,6,Ġinvestigator,11.594991
26,7,Ġthought,8.478196
26,8,Ġthe,6.641341
26,9,Ġboss,12.349862
26,10,Ġsold,15.222195
26,11,Ġto,1.949966
26,12,Ġhis,4.16243
26,13,Ġfriend,5.875654
26,14,.,2.188397
26,15,<|endoftext|>,6.149139
27,0,<|endoftext|>,0.0
27,1,The,4.729281
27,2,Ġnewspaper,13.263024
27,3,Ġreported,3.595351
27,4,Ġwhat,10.905762
27,5,Ġthe,3.544728
27,6,Ġinvestigator,11.594989
27,7,Ġthought,8.478208
27,8,Ġthe,6.641352
27,9,Ġboss,12.349857
27,10,Ġsold,15.222208
27,11,Ġa,6.911505
27,12,Ġcar,5.70378
27,13,Ġto,1.525848
27,14,Ġhis,6.115352
27,15,Ġfriend,5.049455
27,16,.,2.074591
27,17,<|endoftext|>,6.296788
28,0,<|endoftext|>,0.0
28,1,The,4.729281
28,2,Ġnewspaper,13.263024
28,3,Ġreported,3.595351
28,4,Ġthat,0.765479
28,5,Ġthe,2.480964
28,6,Ġinvestigator,12.798575
28,7,Ġthought,11.463144
28,8,Ġthe,2.353284
28,9,Ġbusinessman,11.015749
28,10,Ġbelieved,9.365991
28,11,Ġthe,2.532215
28,12,Ġboss,12.315114
28,13,Ġsold,12.370012
28,14,Ġto,8.087382
28,15,Ġhis,4.679973
28,16,Ġfriend,5.962396
28,17,.,3.891163
28,18,<|endoftext|>,5.486487
29,0,<|endoftext|>,0.0
29,1,The,4.729281
29,2,Ġnewspaper,13.263024
29,3,Ġreported,3.595351
29,4,Ġthat,0.765479
29,5,Ġthe,2.480964
29,6,Ġinvestigator,12.798575
29,7,Ġthought,11.463144
29,8,Ġthe,2.353284
29,9,Ġbusinessman,11.015749
29,10,Ġbelieved,9.365991
29,11,Ġthe,2.532215
29,12,Ġboss,12.315114
29,13,Ġsold,12.370012
29,14,Ġa,4.923584
29,15,Ġcar,5.133059
29,16,Ġto,1.777468
29,17,Ġhis,4.629754
29,18,Ġfriend,5.234417
29,19,.,2.65833
29,20,<|endoftext|>,5.541331
30,0,<|endoftext|>,0.0
30,1,The,4.729281
30,2,Ġnewspaper,13.263024
30,3,Ġreported,3.595351
30,4,Ġwhat,10.905762
30,5,Ġthe,3.544728
30,6,Ġinvestigator,11.594989
30,7,Ġthought,8.478208
30,8,Ġthe,6.641352
30,9,Ġbusinessman,11.505364
30,10,Ġbelieved,7.502801
30,11,Ġthe,6.31932
30,12,Ġboss,12.022044
30,13,Ġsold,13.620328
30,14,Ġto,3.64135
30,15,Ġhis,4.299179
30,16,Ġfriend,5.765914
30,17,.,2.513653
30,18,<|endoftext|>,5.796162
31,0,<|endoftext|>,0.0
31,1,The,4.729281
31,2,Ġnewspaper,13.263024
31,3,Ġreported,3.595351
31,4,Ġwhat,10.905762
31,5,Ġthe,3.544728
31,6,Ġinvestigator,11.594989
31,7,Ġthought,8.478208
31,8,Ġthe,6.641352
31,9,Ġbusinessman,11.505364
31,10,Ġbelieved,7.502801
31,11,Ġthe,6.31932
31,12,Ġboss,12.022044
31,13,Ġsold,13.620328
31,14,Ġa,4.852802
31,15,Ġcar,5.168703
31,16,Ġto,1.704138
31,17,Ġhis,5.322232
31,18,Ġfriend,5.088605
31,19,.,2.171114
31,20,<|endoftext|>,5.788781
32,0,<|endoftext|>,0.0
32,1,The,4.729281
32,2,Ġnewspaper,13.263024
32,3,Ġreported,3.595351
32,4,Ġthat,0.765479
32,5,Ġthe,2.480964
32,6,Ġinvestigator,12.798575
32,7,Ġthought,11.463144
32,8,Ġthe,2.353284
32,9,Ġbusinessman,11.015749
32,10,Ġbelieved,9.365991
32,11,Ġthe,2.532215
32,12,Ġbanker,11.397403
32,13,Ġsaid,9.901857
32,14,Ġthe,3.196729
32,15,Ġboss,11.067811
32,16,Ġsold,10.227065
32,17,Ġto,7.795888
32,18,Ġhis,5.066261
32,19,Ġfriend,5.461616
32,20,.,3.139329
32,21,<|endoftext|>,5.170145
33,0,<|endoftext|>,0.0
33,1,The,4.729281
33,2,Ġnewspaper,13.263024
33,3,Ġreported,3.595351
33,4,Ġthat,0.765479
33,5,Ġthe,2.480964
33,6,Ġinvestigator,12.798575
33,7,Ġthought,11.463144
33,8,Ġthe,2.353284
33,9,Ġbusinessman,11.015749
33,10,Ġbelieved,9.365991
33,11,Ġthe,2.532215
33,12,Ġbanker,11.397403
33,13,Ġsaid,9.901857
33,14,Ġthe,3.196729
33,15,Ġboss,11.067811
33,16,Ġsold,10.227065
33,17,Ġa,4.989318
33,18,Ġcar,5.466889
33,19,Ġto,1.831235
33,20,Ġhis,4.96885
33,21,Ġfriend,4.849724
33,22,.,2.271997
33,23,<|endoftext|>,5.126603
34,0,<|endoftext|>,0.0
34,1,The,4.729281
34,2,Ġnewspaper,13.263024
34,3,Ġreported,3.595351
34,4,Ġwhat,10.905762
34,5,Ġthe,3.544728
34,6,Ġinvestigator,11.594989
34,7,Ġthought,8.478208
34,8,Ġthe,6.641352
34,9,Ġbusinessman,11.505364
34,10,Ġbelieved,7.502801
34,11,Ġthe,6.31932
34,12,Ġbanker,10.830922
34,13,Ġsaid,6.784841
34,14,Ġthe,6.890768
34,15,Ġboss,10.541356
34,16,Ġsold,11.253548
34,17,Ġto,3.988232
34,18,Ġhis,4.920123
34,19,Ġfriend,5.294411
34,20,.,2.30091
34,21,<|endoftext|>,5.335118
35,0,<|endoftext|>,0.0
35,1,The,4.729281
35,2,Ġnewspaper,13.263024
35,3,Ġreported,3.595351
35,4,Ġwhat,10.905762
35,5,Ġthe,3.544728
35,6,Ġinvestigator,11.594989
35,7,Ġthought,8.478208
35,8,Ġthe,6.641352
35,9,Ġbusinessman,11.505364
35,10,Ġbelieved,7.502801
35,11,Ġthe,6.31932
35,12,Ġbanker,10.830922
35,13,Ġsaid,6.784841
35,14,Ġthe,6.890768
35,15,Ġboss,10.541356
35,16,Ġsold,11.253548
35,17,Ġa,4.93642
35,18,Ġcar,5.661419
35,19,Ġto,1.822765
35,20,Ġhis,5.406511
35,21,Ġfriend,4.806567
35,22,.,1.995433
35,23,<|endoftext|>,5.253046
36,0,<|endoftext|>,0.0
36,1,The,4.729281
36,2,Ġnewspaper,13.263024
36,3,Ġreported,3.595351
36,4,Ġthat,0.765479
36,5,Ġthe,2.480964
36,6,Ġinvestigator,12.798575
36,7,Ġthought,11.463144
36,8,Ġthe,2.353284
36,9,Ġbusinessman,11.015749
36,10,Ġbelieved,9.365991
36,11,Ġthe,2.532215
36,12,Ġbanker,11.397403
36,13,Ġsaid,9.901857
36,14,Ġthe,3.196729
36,15,Ġboss,11.067811
36,16,Ġsold,10.227065
36,17,Ġto,7.795888
36,18,Ġhis,5.066261
36,19,Ġfriend,5.461616
36,20,.,3.139329
36,21,<|endoftext|>,5.170145
37,0,<|endoftext|>,0.0
37,1,The,4.729281
37,2,Ġnewspaper,13.263024
37,3,Ġreported,3.595351
37,4,Ġthat,0.765479
37,5,Ġthe,2.480964
37,6,Ġinvestigator,12.798575
37,7,Ġthought,11.463144
37,8,Ġthe,2.353284
37,9,Ġbusinessman,11.015749
37,10,Ġbelieved,9.365991
37,11,Ġthe,2.532215
37,12,Ġbanker,11.397403
37,13,Ġsaid,9.901857
37,14,Ġthe,3.196729
37,15,Ġboss,11.067811
37,16,Ġsold,10.227065
37,17,Ġa,4.989318
37,18,Ġcar,5.466889
37,19,Ġto,1.831235
37,20,Ġhis,4.96885
37,21,Ġfriend,4.849724
37,22,.,2.271997
37,23,<|endoftext|>,5.126603
38,0,<|endoftext|>,0.0
38,1,The,4.729281
38,2,Ġnewspaper,13.263024
38,3,Ġreported,3.595351
38,4,Ġwhat,10.905762
38,5,Ġthe,3.544728
38,6,Ġinvestigator,11.594989
38,7,Ġthought,8.478208
38,8,Ġthe,6.641352
38,9,Ġbusinessman,11.505364
38,10,Ġbelieved,7.502801
38,11,Ġthe,6.31932
38,12,Ġbanker,10.830922
38,13,Ġsaid,6.784841
38,14,Ġthe,6.890768
38,15,Ġboss,10.541356
38,16,Ġsold,11.253548
38,17,Ġto,3.988232
38,18,Ġhis,4.920123
38,19,Ġfriend,5.294411
38,20,.,2.30091
38,21,<|endoftext|>,5.335118
39,0,<|endoftext|>,0.0
39,1,The,4.729281
39,2,Ġnewspaper,13.263024
39,3,Ġreported,3.595351
39,4,Ġwhat,10.905762
39,5,Ġthe,3.544728
39,6,Ġinvestigator,11.594989
39,7,Ġthought,8.478208
39,8,Ġthe,6.641352
39,9,Ġbusinessman,11.505364
39,10,Ġbelieved,7.502801
39,11,Ġthe,6.31932
39,12,Ġbanker,10.830922
39,13,Ġsaid,6.784841
39,14,Ġthe,6.890768
39,15,Ġboss,10.541356
39,16,Ġsold,11.253548
39,17,Ġa,4.93642
39,18,Ġcar,5.661419
39,19,Ġto,1.822765
39,20,Ġhis,5.406511
39,21,Ġfriend,4.806567
39,22,.,1.995433
39,23,<|endoftext|>,5.253046
40,0,<|endoftext|>,0.0
40,1,Her,10.989427
40,2,Ġfriend,10.284696
40,3,Ġfound,9.169954
40,4,Ġout,2.568972
40,5,Ġthat,2.556999
40,6,Ġthe,3.426802
40,7,Ġvisitor,13.911582
40,8,Ġtold,9.992524
40,9,Ġto,9.861511
40,10,Ġthe,4.294519
40,11,Ġguests,10.760198
40,12,.,4.861328
40,13,<|endoftext|>,7.167757
41,0,<|endoftext|>,0.0
41,1,Her,10.989438
41,2,Ġfriend,10.284685
41,3,Ġfound,9.169958
41,4,Ġout,2.568995
41,5,Ġthat,2.557029
41,6,Ġthe,3.426827
41,7,Ġvisitor,13.911652
41,8,Ġtold,9.992678
41,9,Ġa,7.216731
41,10,Ġstory,2.257271
41,11,Ġto,5.094617
41,12,Ġthe,2.653421
41,13,Ġguests,10.900892
41,14,.,1.884751
41,15,<|endoftext|>,7.494389
42,0,<|endoftext|>,0.0
42,1,Her,10.989427
42,2,Ġfriend,10.284696
42,3,Ġfound,9.169954
42,4,Ġout,2.568972
42,5,Ġwhat,5.72826
42,6,Ġthe,4.579024
42,7,Ġvisitor,13.12224
42,8,Ġtold,7.891304
42,9,Ġto,10.604939
42,10,Ġthe,2.724159
42,11,Ġguests,11.113625
42,12,.,1.739629
42,13,<|endoftext|>,6.503675
43,0,<|endoftext|>,0.0
43,1,Her,10.989438
43,2,Ġfriend,10.284685
43,3,Ġfound,9.169958
43,4,Ġout,2.568995
43,5,Ġwhat,5.728224
43,6,Ġthe,4.578995
43,7,Ġvisitor,13.122261
43,8,Ġtold,7.891297
43,9,Ġa,10.208025
43,10,Ġstory,6.104376
43,11,Ġto,4.64859
43,12,Ġthe,2.924589
43,13,Ġguests,11.751054
43,14,.,1.677952
43,15,<|endoftext|>,6.398186
44,0,<|endoftext|>,0.0
44,1,Her,10.989433
44,2,Ġfriend,10.284694
44,3,Ġfound,9.169958
44,4,Ġout,2.568995
44,5,Ġthat,2.557032
44,6,Ġmy,6.78523
44,7,Ġfriend,4.003968
44,8,Ġbelieved,12.519787
44,9,Ġthe,4.20632
44,10,Ġvisitor,16.381925
44,11,Ġtold,9.698869
44,12,Ġto,9.692295
44,13,Ġthe,4.785991
44,14,Ġguests,10.808109
44,15,.,4.111329
44,16,<|endoftext|>,8.544051
45,0,<|endoftext|>,0.0
45,1,Her,10.989433
45,2,Ġfriend,10.284694
45,3,Ġfound,9.169958
45,4,Ġout,2.568995
45,5,Ġthat,2.557032
45,6,Ġmy,6.78523
45,7,Ġfriend,4.003968
45,8,Ġbelieved,12.519787
45,9,Ġthe,4.20632
45,10,Ġvisitor,16.381925
45,11,Ġtold,9.698869
45,12,Ġa,6.292993
45,13,Ġstory,1.677193
45,14,Ġto,5.422627
45,15,Ġthe,3.43554
45,16,Ġguests,10.033403
45,17,.,1.77145
45,18,<|endoftext|>,8.81912
46,0,<|endoftext|>,0.0
46,1,Her,10.989433
46,2,Ġfriend,10.284694
46,3,Ġfound,9.169958
46,4,Ġout,2.568995
46,5,Ġwhat,5.728216
46,6,Ġmy,8.078455
46,7,Ġfriend,4.574508
46,8,Ġbelieved,10.954147
46,9,Ġthe,7.310432
46,10,Ġvisitor,15.180914
46,11,Ġtold,7.915861
46,12,Ġto,9.097926
46,13,Ġthe,3.426772
46,14,Ġguests,10.042268
46,15,.,1.465046
46,16,<|endoftext|>,8.267813
47,0,<|endoftext|>,0.0
47,1,Her,10.989433
47,2,Ġfriend,10.284694
47,3,Ġfound,9.169958
47,4,Ġout,2.568995
47,5,Ġwhat,5.728216
47,6,Ġmy,8.078455
47,7,Ġfriend,4.574508
47,8,Ġbelieved,10.954147
47,9,Ġthe,7.310432
47,10,Ġvisitor,15.180914
47,11,Ġtold,7.915861
47,12,Ġa,10.602293
47,13,Ġstory,5.083135
47,14,Ġto,4.267078
47,15,Ġthe,3.378103
47,16,Ġguests,10.802169
47,17,.,1.495889
47,18,<|endoftext|>,8.316596
48,0,<|endoftext|>,0.0
48,1,Her,10.989433
48,2,Ġfriend,10.284694
48,3,Ġfound,9.169958
48,4,Ġout,2.568995
48,5,Ġthat,2.557032
48,6,Ġmy,6.78523
48,7,Ġfriend,4.003968
48,8,Ġbelieved,12.519787
48,9,Ġthe,4.20632
48,10,Ġprofessor,10.96833
48,11,Ġsaid,8.290244
48,12,Ġthe,3.635411
48,13,Ġvisitor,16.717506
48,14,Ġtold,8.025407
48,15,Ġto,10.060523
48,16,Ġthe,5.316099
48,17,Ġguests,10.731783
48,18,.,4.780841
48,19,<|endoftext|>,8.170692
49,0,<|endoftext|>,0.0
49,1,Her,10.989433
49,2,Ġfriend,10.284694
49,3,Ġfound,9.169958
49,4,Ġout,2.568995
49,5,Ġthat,2.557032
49,6,Ġmy,6.78523
49,7,Ġfriend,4.003968
49,8,Ġbelieved,12.519787
49,9,Ġthe,4.20632
49,10,Ġprofessor,10.96833
49,11,Ġsaid,8.290244
49,12,Ġthe,3.635411
49,13,Ġvisitor,16.717506
49,14,Ġtold,8.025407
49,15,Ġa,6.111064
49,16,Ġstory,1.70924
49,17,Ġto,5.62858
49,18,Ġthe,3.513854
49,19,Ġguests,9.924308
49,20,.,1.72854
49,21,<|endoftext|>,8.179919
50,0,<|endoftext|>,0.0
50,1,Her,10.989433
50,2,Ġfriend,10.284694
50,3,Ġfound,9.169958
50,4,Ġout,2.568995
50,5,Ġwhat,5.728216
50,6,Ġmy,8.078455
50,7,Ġfriend,4.574508
50,8,Ġbelieved,10.954147
50,9,Ġthe,7.310432
50,10,Ġprofessor,10.669168
50,11,Ġsaid,5.1472
50,12,Ġthe,8.529457
50,13,Ġvisitor,16.650522
50,14,Ġtold,5.790683
50,15,Ġto,8.473298
50,16,Ġthe,3.875469
50,17,Ġguests,10.51121
50,18,.,1.393857
50,19,<|endoftext|>,7.939789
51,0,<|endoftext|>,0.0
51,1,Her,10.989433
51,2,Ġfriend,10.284694
51,3,Ġfound,9.169958
51,4,Ġout,2.568995
51,5,Ġwhat,5.728216
51,6,Ġmy,8.078455
51,7,Ġfriend,4.574508
51,8,Ġbelieved,10.954147
51,9,Ġthe,7.310432
51,10,Ġprofessor,10.669168
51,11,Ġsaid,5.1472
51,12,Ġthe,8.529457
51,13,Ġvisitor,16.650522
51,14,Ġtold,5.790683
51,15,Ġa,9.866374
51,16,Ġstory,4.22035
51,17,Ġto,4.444994
51,18,Ġthe,3.547258
51,19,Ġguests,11.257618
51,20,.,1.406875
51,21,<|endoftext|>,7.870937
52,0,<|endoftext|>,0.0
52,1,Her,10.989433
52,2,Ġfriend,10.284694
52,3,Ġfound,9.169958
52,4,Ġout,2.568995
52,5,Ġthat,2.557032
52,6,Ġmy,6.78523
52,7,Ġfriend,4.003968
52,8,Ġbelieved,12.519787
52,9,Ġthe,4.20632
52,10,Ġprofessor,10.96833
52,11,Ġsaid,8.290244
52,12,Ġhis,6.944236
52,13,Ġcolleague,10.011201
52,14,Ġnoticed,15.444547
52,15,Ġthe,3.021495
52,16,Ġvisitor,13.800528
52,17,Ġtold,14.257287
52,18,Ġto,6.361933
52,19,Ġthe,6.39147
52,20,Ġguests,11.850092
52,21,.,4.388581
52,22,<|endoftext|>,7.947781
53,0,<|endoftext|>,0.0
53,1,Her,10.989433
53,2,Ġfriend,10.284694
53,3,Ġfound,9.169958
53,4,Ġout,2.568995
53,5,Ġthat,2.557032
53,6,Ġmy,6.78523
53,7,Ġfriend,4.003968
53,8,Ġbelieved,12.519787
53,9,Ġthe,4.20632
53,10,Ġprofessor,10.96833
53,11,Ġsaid,8.290244
53,12,Ġhis,6.944236
53,13,Ġcolleague,10.011201
53,14,Ġnoticed,15.444547
53,15,Ġthe,3.021495
53,16,Ġvisitor,13.800528
53,17,Ġtold,14.257287
53,18,Ġa,5.958465
53,19,Ġstory,2.596889
53,20,Ġto,5.4417
53,21,Ġthe,2.786717
53,22,Ġguests,10.368737
53,23,.,1.677701
53,24,<|endoftext|>,7.90289
54,0,<|endoftext|>,0.0
54,1,Her,10.989433
54,2,Ġfriend,10.284694
54,3,Ġfound,9.169958
54,4,Ġout,2.568995
54,5,Ġwhat,5.728216
54,6,Ġmy,8.078455
54,7,Ġfriend,4.574508
54,8,Ġbelieved,10.954147
54,9,Ġthe,7.310432
54,10,Ġprofessor,10.669168
54,11,Ġsaid,5.1472
54,12,Ġhis,11.287145
54,13,Ġcolleague,8.539834
54,14,Ġnoticed,14.763434
54,15,Ġthe,6.107249
54,16,Ġvisitor,14.942429
54,17,Ġtold,10.76156
54,18,Ġto,7.788064
54,19,Ġthe,6.098078
54,20,Ġguests,11.726476
54,21,.,2.866647
54,22,<|endoftext|>,7.527771
55,0,<|endoftext|>,0.0
55,1,Her,10.989433
55,2,Ġfriend,10.284694
55,3,Ġfound,9.169958
55,4,Ġout,2.568995
55,5,Ġwhat,5.728216
55,6,Ġmy,8.078455
55,7,Ġfriend,4.574508
55,8,Ġbelieved,10.954147
55,9,Ġthe,7.310432
55,10,Ġprofessor,10.669168
55,11,Ġsaid,5.1472
55,12,Ġhis,11.287145
55,13,Ġcolleague,8.539834
55,14,Ġnoticed,14.763434
55,15,Ġthe,6.107249
55,16,Ġvisitor,14.942429
55,17,Ġtold,10.76156
55,18,Ġa,7.19673
55,19,Ġstory,2.763068
55,20,Ġto,5.337884
55,21,Ġthe,2.948487
55,22,Ġguests,11.14107
55,23,.,1.632042
55,24,<|endoftext|>,7.53623
56,0,<|endoftext|>,0.0
56,1,Her,10.989433
56,2,Ġfriend,10.284694
56,3,Ġfound,9.169958
56,4,Ġout,2.568995
56,5,Ġthat,2.557032
56,6,Ġmy,6.78523
56,7,Ġfriend,4.003968
56,8,Ġbelieved,12.519787
56,9,Ġthe,4.20632
56,10,Ġprofessor,10.96833
56,11,Ġsaid,8.290244
56,12,Ġhis,6.944236
56,13,Ġcolleague,10.011201
56,14,Ġnoticed,15.444547
56,15,Ġthe,3.021495
56,16,Ġvisitor,13.800528
56,17,Ġtold,14.257287
56,18,Ġto,6.361933
56,19,Ġthe,6.39147
56,20,Ġguests,11.850092
56,21,.,4.388581
56,22,<|endoftext|>,7.947781
57,0,<|endoftext|>,0.0
57,1,Her,10.989433
57,2,Ġfriend,10.284694
57,3,Ġfound,9.169958
57,4,Ġout,2.568995
57,5,Ġthat,2.557032
57,6,Ġmy,6.78523
57,7,Ġfriend,4.003968
57,8,Ġbelieved,12.519787
57,9,Ġthe,4.20632
57,10,Ġprofessor,10.96833
57,11,Ġsaid,8.290244
57,12,Ġhis,6.944236
57,13,Ġcolleague,10.011201
57,14,Ġnoticed,15.444547
57,15,Ġthe,3.021495
57,16,Ġvisitor,13.800528
57,17,Ġtold,14.257287
57,18,Ġa,5.958465
57,19,Ġstory,2.596889
57,20,Ġto,5.4417
57,21,Ġthe,2.786717
57,22,Ġguests,10.368737
57,23,.,1.677701
57,24,<|endoftext|>,7.90289
58,0,<|endoftext|>,0.0
58,1,Her,10.989433
58,2,Ġfriend,10.284694
58,3,Ġfound,9.169958
58,4,Ġout,2.568995
58,5,Ġwhat,5.728216
58,6,Ġmy,8.078455
58,7,Ġfriend,4.574508
58,8,Ġbelieved,10.954147
58,9,Ġthe,7.310432
58,10,Ġprofessor,10.669168
58,11,Ġsaid,5.1472
58,12,Ġhis,11.287145
58,13,Ġcolleague,8.539834
58,14,Ġnoticed,14.763434
58,15,Ġthe,6.107249
58,16,Ġvisitor,14.942429
58,17,Ġtold,10.76156
58,18,Ġto,7.788064
58,19,Ġthe,6.098078
58,20,Ġguests,11.726476
58,21,.,2.866647
58,22,<|endoftext|>,7.527771
59,0,<|endoftext|>,0.0
59,1,Her,10.989433
59,2,Ġfriend,10.284694
59,3,Ġfound,9.169958
59,4,Ġout,2.568995
59,5,Ġwhat,5.728216
59,6,Ġmy,8.078455
59,7,Ġfriend,4.574508
59,8,Ġbelieved,10.954147
59,9,Ġthe,7.310432
59,10,Ġprofessor,10.669168
59,11,Ġsaid,5.1472
59,12,Ġhis,11.287145
59,13,Ġcolleague,8.539834
59,14,Ġnoticed,14.763434
59,15,Ġthe,6.107249
59,16,Ġvisitor,14.942429
59,17,Ġtold,10.76156
59,18,Ġa,7.19673
59,19,Ġstory,2.763068
59,20,Ġto,5.337884
59,21,Ġthe,2.948487
59,22,Ġguests,11.14107
59,23,.,1.632042
59,24,<|endoftext|>,7.53623
60,0,<|endoftext|>,0.0
60,1,I,5.770367
60,2,Ġrealized,10.618951
60,3,Ġthat,1.754387
60,4,Ġthe,3.72408
60,5,Ġsuffering,15.058636
60,6,Ġartist,15.05982
60,7,Ġsaw,10.912717
60,8,Ġat,9.488334
60,9,Ġthe,2.550201
60,10,Ġmuseum,11.696061
60,11,.,6.466965
60,12,<|endoftext|>,8.860205
61,0,<|endoftext|>,0.0
61,1,I,5.770367
61,2,Ġrealized,10.618951
61,3,Ġthat,1.754395
61,4,Ġthe,3.72408
61,5,Ġsuffering,15.058636
61,6,Ġartist,15.059816
61,7,Ġsaw,10.912705
61,8,Ġa,3.793127
61,9,Ġpainting,10.752421
61,10,Ġat,7.419695
61,11,Ġthe,1.3969
61,12,Ġmuseum,7.063741
61,13,.,3.710507
61,14,<|endoftext|>,10.141552
62,0,<|endoftext|>,0.0
62,1,I,5.770367
62,2,Ġrealized,10.618951
62,3,Ġwhat,6.202139
62,4,Ġthe,5.334962
62,5,Ġsuffering,13.672379
62,6,Ġartist,13.564649
62,7,Ġsaw,8.157727
62,8,Ġat,5.953536
62,9,Ġthe,0.980554
62,10,Ġmuseum,10.109986
62,11,.,3.438609
62,12,<|endoftext|>,9.14677
63,0,<|endoftext|>,0.0
63,1,I,5.770367
63,2,Ġrealized,10.618951
63,3,Ġwhat,6.202158
63,4,Ġthe,5.334962
63,5,Ġsuffering,13.672379
63,6,Ġartist,13.564628
63,7,Ġsaw,8.15774
63,8,Ġa,8.091625
63,9,Ġpainting,12.774315
63,10,Ġat,7.677062
63,11,Ġthe,1.47018
63,12,Ġmuseum,8.594133
63,13,.,2.527992
63,14,<|endoftext|>,9.574479
64,0,<|endoftext|>,0.0
64,1,I,5.770362
64,2,Ġrealized,10.619028
64,3,Ġthat,1.754409
64,4,Ġthe,3.724112
64,5,Ġpainter,16.409635
64,6,Ġbelieved,13.090341
64,7,Ġthe,4.11178
64,8,Ġsuffering,12.644453
64,9,Ġartist,11.359755
64,10,Ġsaw,8.398683
64,11,Ġat,9.720221
64,12,Ġthe,2.042659
64,13,Ġmuseum,13.571049
64,14,.,3.017318
64,15,<|endoftext|>,9.269426
65,0,<|endoftext|>,0.0
65,1,I,5.770357
65,2,Ġrealized,10.619034
65,3,Ġthat,1.754401
65,4,Ġthe,3.724106
65,5,Ġpainter,16.409624
65,6,Ġbelieved,13.090334
65,7,Ġthe,4.111772
65,8,Ġsuffering,12.644448
65,9,Ġartist,11.359761
65,10,Ġsaw,8.3987
65,11,Ġa,4.951836
65,12,Ġpainting,8.383335
65,13,Ġat,7.850798
65,14,Ġthe,1.619938
65,15,Ġmuseum,10.544776
65,16,.,2.403344
65,17,<|endoftext|>,9.962081
66,0,<|endoftext|>,0.0
66,1,I,5.770362
66,2,Ġrealized,10.619028
66,3,Ġwhat,6.202062
66,4,Ġthe,5.334975
66,5,Ġpainter,16.562414
66,6,Ġbelieved,12.077301
66,7,Ġthe,7.650378
66,8,Ġsuffering,13.664641
66,9,Ġartist,10.310222
66,10,Ġsaw,5.66838
66,11,Ġat,7.138474
66,12,Ġthe,1.06564
66,13,Ġmuseum,11.850173
66,14,.,1.617982
66,15,<|endoftext|>,9.457757
67,0,<|endoftext|>,0.0
67,1,I,5.770357
67,2,Ġrealized,10.619034
67,3,Ġwhat,6.202053
67,4,Ġthe,5.334988
67,5,Ġpainter,16.562423
67,6,Ġbelieved,12.077304
67,7,Ġthe,7.65038
67,8,Ġsuffering,13.664628
67,9,Ġartist,10.310198
67,10,Ġsaw,5.668364
67,11,Ġa,9.431066
67,12,Ġpainting,6.868805
67,13,Ġat,7.598548
67,14,Ġthe,1.569216
67,15,Ġmuseum,10.769512
67,16,.,1.636846
67,17,<|endoftext|>,9.875322
68,0,<|endoftext|>,0.0
68,1,I,5.770357
68,2,Ġrealized,10.619034
68,3,Ġthat,1.754401
68,4,Ġthe,3.724106
68,5,Ġpainter,16.409624
68,6,Ġbelieved,13.090334
68,7,Ġhis,4.710458
68,8,Ġrival,15.420966
68,9,Ġsuspected,17.064919
68,10,Ġthe,4.209423
68,11,Ġsuffering,14.612715
68,12,Ġartist,11.17154
68,13,Ġsaw,12.768756
68,14,Ġat,8.668352
68,15,Ġthe,1.618113
68,16,Ġmuseum,10.724992
68,17,.,1.674677
68,18,<|endoftext|>,9.394599
69,0,<|endoftext|>,0.0
69,1,I,5.770357
69,2,Ġrealized,10.619034
69,3,Ġthat,1.754401
69,4,Ġthe,3.724106
69,5,Ġpainter,16.409624
69,6,Ġbelieved,13.090334
69,7,Ġhis,4.710458
69,8,Ġrival,15.420966
69,9,Ġsuspected,17.064919
69,10,Ġthe,4.209423
69,11,Ġsuffering,14.612715
69,12,Ġartist,11.17154
69,13,Ġsaw,12.768756
69,14,Ġa,5.029849
69,15,Ġpainting,7.868528
69,16,Ġat,7.550087
69,17,Ġthe,1.467768
69,18,Ġmuseum,8.477978
69,19,.,1.922779
69,20,<|endoftext|>,9.980008
70,0,<|endoftext|>,0.0
70,1,I,5.770357
70,2,Ġrealized,10.619034
70,3,Ġwhat,6.202053
70,4,Ġthe,5.334988
70,5,Ġpainter,16.562423
70,6,Ġbelieved,12.077304
70,7,Ġhis,8.847357
70,8,Ġrival,15.855686
70,9,Ġsuspected,15.254861
70,10,Ġthe,8.089972
70,11,Ġsuffering,15.749099
70,12,Ġartist,11.329691
70,13,Ġsaw,9.51762
70,14,Ġat,6.772312
70,15,Ġthe,1.327558
70,16,Ġmuseum,10.345268
70,17,.,1.31367
70,18,<|endoftext|>,9.330694
71,0,<|endoftext|>,0.0
71,1,I,5.770357
71,2,Ġrealized,10.619034
71,3,Ġwhat,6.202053
71,4,Ġthe,5.334988
71,5,Ġpainter,16.562423
71,6,Ġbelieved,12.077304
71,7,Ġhis,8.847357
71,8,Ġrival,15.855686
71,9,Ġsuspected,15.254861
71,10,Ġthe,8.089972
71,11,Ġsuffering,15.749099
71,12,Ġartist,11.329691
71,13,Ġsaw,9.51762
71,14,Ġa,8.546953
71,15,Ġpainting,6.874506
71,16,Ġat,7.702302
71,17,Ġthe,1.420947
71,18,Ġmuseum,9.152755
71,19,.,1.579909
71,20,<|endoftext|>,9.977734
72,0,<|endoftext|>,0.0
72,1,I,5.770357
72,2,Ġrealized,10.619034
72,3,Ġthat,1.754401
72,4,Ġthe,3.724106
72,5,Ġpainter,16.409624
72,6,Ġbelieved,13.090334
72,7,Ġhis,4.710458
72,8,Ġrival,15.420966
72,9,Ġsuspected,17.064919
72,10,Ġthe,4.209423
72,11,Ġman,5.959671
72,12,Ġsaid,12.097917
72,13,Ġthe,3.363509
72,14,Ġsuffering,16.619881
72,15,Ġartist,12.338403
72,16,Ġsaw,9.409674
72,17,Ġat,7.876598
72,18,Ġthe,1.55221
72,19,Ġmuseum,9.703816
72,20,.,1.519541
72,21,<|endoftext|>,8.895222
73,0,<|endoftext|>,0.0
73,1,I,5.770357
73,2,Ġrealized,10.619034
73,3,Ġthat,1.754401
73,4,Ġthe,3.724106
73,5,Ġpainter,16.409624
73,6,Ġbelieved,13.090334
73,7,Ġhis,4.710458
73,8,Ġrival,15.420966
73,9,Ġsuspected,17.064919
73,10,Ġthe,4.209423
73,11,Ġman,5.959671
73,12,Ġsaid,12.097917
73,13,Ġthe,3.363509
73,14,Ġsuffering,16.619881
73,15,Ġartist,12.338403
73,16,Ġsaw,9.409674
73,17,Ġa,5.819697
73,18,Ġpainting,7.589454
73,19,Ġat,7.538394
73,20,Ġthe,1.427442
73,21,Ġmuseum,7.879759
73,22,.,1.624624
73,23,<|endoftext|>,9.340647
74,0,<|endoftext|>,0.0
74,1,I,5.770357
74,2,Ġrealized,10.619034
74,3,Ġwhat,6.202053
74,4,Ġthe,5.334988
74,5,Ġpainter,16.562423
74,6,Ġbelieved,12.077304
74,7,Ġhis,8.847357
74,8,Ġrival,15.855686
74,9,Ġsuspected,15.254861
74,10,Ġthe,8.089972
74,11,Ġman,6.668745
74,12,Ġsaid,9.602918
74,13,Ġthe,7.379485
74,14,Ġsuffering,17.5586
74,15,Ġartist,10.252305
74,16,Ġsaw,7.224854
74,17,Ġat,6.57511
74,18,Ġthe,1.369433
74,19,Ġmuseum,9.31421
74,20,.,1.249019
74,21,<|endoftext|>,8.868301
75,0,<|endoftext|>,0.0
75,1,I,5.770357
75,2,Ġrealized,10.619034
75,3,Ġwhat,6.202053
75,4,Ġthe,5.334988
75,5,Ġpainter,16.562423
75,6,Ġbelieved,12.077304
75,7,Ġhis,8.847357
75,8,Ġrival,15.855686
75,9,Ġsuspected,15.254861
75,10,Ġthe,8.089972
75,11,Ġman,6.668745
75,12,Ġsaid,9.602918
75,13,Ġthe,7.379485
75,14,Ġsuffering,17.5586
75,15,Ġartist,10.252305
75,16,Ġsaw,7.224854
75,17,Ġa,7.330997
75,18,Ġpainting,7.621626
75,19,Ġat,7.364217
75,20,Ġthe,1.401003
75,21,Ġmuseum,8.332261
75,22,.,1.556169
75,23,<|endoftext|>,9.434535
76,0,<|endoftext|>,0.0
76,1,I,5.770357
76,2,Ġrealized,10.619034
76,3,Ġthat,1.754401
76,4,Ġthe,3.724106
76,5,Ġpainter,16.409624
76,6,Ġbelieved,13.090334
76,7,Ġhis,4.710458
76,8,Ġrival,15.420966
76,9,Ġsuspected,17.064919
76,10,Ġthe,4.209423
76,11,Ġman,5.959671
76,12,Ġsaid,12.097917
76,13,Ġthe,3.363509
76,14,Ġsuffering,16.619881
76,15,Ġartist,12.338403
76,16,Ġsaw,9.409674
76,17,Ġat,7.876598
76,18,Ġthe,1.55221
76,19,Ġmuseum,9.703816
76,20,.,1.519541
76,21,<|endoftext|>,8.895222
77,0,<|endoftext|>,0.0
77,1,I,5.770357
77,2,Ġrealized,10.619034
77,3,Ġthat,1.754401
77,4,Ġthe,3.724106
77,5,Ġpainter,16.409624
77,6,Ġbelieved,13.090334
77,7,Ġhis,4.710458
77,8,Ġrival,15.420966
77,9,Ġsuspected,17.064919
77,10,Ġthe,4.209423
77,11,Ġman,5.959671
77,12,Ġsaid,12.097917
77,13,Ġthe,3.363509
77,14,Ġsuffering,16.619881
77,15,Ġartist,12.338403
77,16,Ġsaw,9.409674
77,17,Ġa,5.819697
77,18,Ġpainting,7.589454
77,19,Ġat,7.538394
77,20,Ġthe,1.427442
77,21,Ġmuseum,7.879759
77,22,.,1.624624
77,23,<|endoftext|>,9.340647
78,0,<|endoftext|>,0.0
78,1,I,5.770357
78,2,Ġrealized,10.619034
78,3,Ġwhat,6.202053
78,4,Ġthe,5.334988
78,5,Ġpainter,16.562423
78,6,Ġbelieved,12.077304
78,7,Ġhis,8.847357
78,8,Ġrival,15.855686
78,9,Ġsuspected,15.254861
78,10,Ġthe,8.089972
78,11,Ġman,6.668745
78,12,Ġsaid,9.602918
78,13,Ġthe,7.379485
78,14,Ġsuffering,17.5586
78,15,Ġartist,10.252305
78,16,Ġsaw,7.224854
78,17,Ġat,6.57511
78,18,Ġthe,1.369433
78,19,Ġmuseum,9.31421
78,20,.,1.249019
78,21,<|endoftext|>,8.868301
79,0,<|endoftext|>,0.0
79,1,I,5.770357
79,2,Ġrealized,10.619034
79,3,Ġwhat,6.202053
79,4,Ġthe,5.334988
79,5,Ġpainter,16.562423
79,6,Ġbelieved,12.077304
79,7,Ġhis,8.847357
79,8,Ġrival,15.855686
79,9,Ġsuspected,15.254861
79,10,Ġthe,8.089972
79,11,Ġman,6.668745
79,12,Ġsaid,9.602918
79,13,Ġthe,7.379485
79,14,Ġsuffering,17.5586
79,15,Ġartist,10.252305
79,16,Ġsaw,7.224854
79,17,Ġa,7.330997
79,18,Ġpainting,7.621626
79,19,Ġat,7.364217
79,20,Ġthe,1.401003
79,21,Ġmuseum,8.332261
79,22,.,1.556169
79,23,<|endoftext|>,9.434535
80,0,<|endoftext|>,0.0
80,1,The,4.729313
80,2,Ġnovel,12.980486
80,3,Ġrevealed,12.942359
80,4,Ġthat,1.554278
80,5,Ġthe,2.581787
80,6,Ġyoung,8.530571
80,7,Ġpolitician,12.129023
80,8,Ġsaid,7.898116
80,9,Ġto,6.206609
80,10,Ġhis,2.846346
80,11,Ġdonors,12.167237
80,12,.,8.447279
80,13,<|endoftext|>,6.724094
81,0,<|endoftext|>,0.0
81,1,The,4.729313
81,2,Ġnovel,12.980486
81,3,Ġrevealed,12.94236
81,4,Ġthat,1.554278
81,5,Ġthe,2.581805
81,6,Ġyoung,8.530581
81,7,Ġpolitician,12.129023
81,8,Ġsaid,7.898105
81,9,Ġsomething,8.421831
81,10,Ġto,3.252522
81,11,Ġhis,3.495607
81,12,Ġdonors,13.747049
81,13,.,4.531948
81,14,<|endoftext|>,7.365091
82,0,<|endoftext|>,0.0
82,1,The,4.729313
82,2,Ġnovel,12.980486
82,3,Ġrevealed,12.942359
82,4,Ġwhat,6.624327
82,5,Ġthe,4.121905
82,6,Ġyoung,8.368625
82,7,Ġpolitician,11.035585
82,8,Ġsaid,3.714335
82,9,Ġto,3.401114
82,10,Ġhis,3.647009
82,11,Ġdonors,11.964375
82,12,.,2.8522
82,13,<|endoftext|>,6.06009
83,0,<|endoftext|>,0.0
83,1,The,4.729313
83,2,Ġnovel,12.980486
83,3,Ġrevealed,12.94236
83,4,Ġwhat,6.624327
83,5,Ġthe,4.121884
83,6,Ġyoung,8.368624
83,7,Ġpolitician,11.035585
83,8,Ġsaid,3.714338
83,9,Ġsomething,15.606659
83,10,Ġto,3.501662
83,11,Ġhis,4.077412
83,12,Ġdonors,12.688941
83,13,.,2.696979
83,14,<|endoftext|>,6.44841
84,0,<|endoftext|>,0.0
84,1,The,4.729281
84,2,Ġnovel,12.980488
84,3,Ġrevealed,12.94233
84,4,Ġthat,1.55429
84,5,Ġour,10.157822
84,6,Ġfriend,10.495604
84,7,Ġthought,12.927058
84,8,Ġthe,3.686819
84,9,Ġyoung,9.509936
84,10,Ġpolitician,12.21684
84,11,Ġsaid,10.449325
84,12,Ġto,7.038177
84,13,Ġhis,3.595931
84,14,Ġdonors,13.220196
84,15,.,5.816528
84,16,<|endoftext|>,6.749923
85,0,<|endoftext|>,0.0
85,1,The,4.729281
85,2,Ġnovel,12.980488
85,3,Ġrevealed,12.94233
85,4,Ġthat,1.55429
85,5,Ġour,10.157822
85,6,Ġfriend,10.495604
85,7,Ġthought,12.927058
85,8,Ġthe,3.686819
85,9,Ġyoung,9.509936
85,10,Ġpolitician,12.21684
85,11,Ġsaid,10.449325
85,12,Ġsomething,3.60755
85,13,Ġto,3.757466
85,14,Ġhis,4.202882
85,15,Ġdonors,14.545792
85,16,.,2.863563
85,17,<|endoftext|>,7.182496
86,0,<|endoftext|>,0.0
86,1,The,4.729281
86,2,Ġnovel,12.980488
86,3,Ġrevealed,12.94233
86,4,Ġwhat,6.624372
86,5,Ġour,9.259635
86,6,Ġfriend,10.435178
86,7,Ġthought,10.533428
86,8,Ġthe,6.418806
86,9,Ġyoung,10.367111
86,10,Ġpolitician,11.343544
86,11,Ġsaid,7.148287
86,12,Ġto,3.347086
86,13,Ġhis,3.710664
86,14,Ġdonors,13.2154
86,15,.,1.87453
86,16,<|endoftext|>,6.262056
87,0,<|endoftext|>,0.0
87,1,The,4.729281
87,2,Ġnovel,12.980488
87,3,Ġrevealed,12.94233
87,4,Ġwhat,6.624372
87,5,Ġour,9.259635
87,6,Ġfriend,10.435178
87,7,Ġthought,10.533428
87,8,Ġthe,6.418806
87,9,Ġyoung,10.367111
87,10,Ġpolitician,11.343544
87,11,Ġsaid,7.148287
87,12,Ġsomething,14.358698
87,13,Ġto,3.320731
87,14,Ġhis,4.205526
87,15,Ġdonors,14.316705
87,16,.,1.740539
87,17,<|endoftext|>,6.526843
88,0,<|endoftext|>,0.0
88,1,The,4.729281
88,2,Ġnovel,12.980488
88,3,Ġrevealed,12.94233
88,4,Ġthat,1.55429
88,5,Ġour,10.157822
88,6,Ġfriend,10.495604
88,7,Ġthought,12.927058
88,8,Ġthe,3.686819
88,9,Ġreporter,14.230868
88,10,Ġknows,14.865769
88,11,Ġthe,3.226162
88,12,Ġyoung,11.522714
88,13,Ġpolitician,9.827352
88,14,Ġsaid,11.096201
88,15,Ġto,6.380515
88,16,Ġhis,5.588122
88,17,Ġdonors,14.067402
88,18,.,2.428282
88,19,<|endoftext|>,6.113605
89,0,<|endoftext|>,0.0
89,1,The,4.729281
89,2,Ġnovel,12.980488
89,3,Ġrevealed,12.94233
89,4,Ġthat,1.55429
89,5,Ġour,10.157822
89,6,Ġfriend,10.495604
89,7,Ġthought,12.927058
89,8,Ġthe,3.686819
89,9,Ġreporter,14.230868
89,10,Ġknows,14.865769
89,11,Ġthe,3.226162
89,12,Ġyoung,11.522714
89,13,Ġpolitician,9.827352
89,14,Ġsaid,11.096201
89,15,Ġsomething,3.922478
89,16,Ġto,3.54465
89,17,Ġhis,4.964315
89,18,Ġdonors,15.299849
89,19,.,1.954533
89,20,<|endoftext|>,6.23819
90,0,<|endoftext|>,0.0
90,1,The,4.729281
90,2,Ġnovel,12.980488
90,3,Ġrevealed,12.94233
90,4,Ġwhat,6.624372
90,5,Ġour,9.259635
90,6,Ġfriend,10.435178
90,7,Ġthought,10.533428
90,8,Ġthe,6.418806
90,9,Ġreporter,13.848723
90,10,Ġknows,12.578385
90,11,Ġthe,7.603231
90,12,Ġyoung,13.460221
90,13,Ġpolitician,9.569563
90,14,Ġsaid,6.960611
90,15,Ġto,3.232995
90,16,Ġhis,4.797886
90,17,Ġdonors,14.180564
90,18,.,1.681617
90,19,<|endoftext|>,5.678886
91,0,<|endoftext|>,0.0
91,1,The,4.729281
91,2,Ġnovel,12.980488
91,3,Ġrevealed,12.94233
91,4,Ġwhat,6.624372
91,5,Ġour,9.259635
91,6,Ġfriend,10.435178
91,7,Ġthought,10.533428
91,8,Ġthe,6.418806
91,9,Ġreporter,13.848723
91,10,Ġknows,12.578385
91,11,Ġthe,7.603231
91,12,Ġyoung,13.460221
91,13,Ġpolitician,9.569563
91,14,Ġsaid,6.960611
91,15,Ġsomething,12.872718
91,16,Ġto,2.951231
91,17,Ġhis,5.031598
91,18,Ġdonors,15.187668
91,19,.,1.605646
91,20,<|endoftext|>,5.902614
92,0,<|endoftext|>,0.0
92,1,The,4.729281
92,2,Ġnovel,12.980488
92,3,Ġrevealed,12.94233
92,4,Ġthat,1.55429
92,5,Ġour,10.157822
92,6,Ġfriend,10.495604
92,7,Ġthought,12.927058
92,8,Ġthe,3.686819
92,9,Ġreporter,14.230868
92,10,Ġknows,14.865769
92,11,Ġher,5.525744
92,12,Ġcontact,12.160789
92,13,Ġsaid,14.187575
92,14,Ġthe,4.100259
92,15,Ġyoung,9.930867
92,16,Ġpolitician,9.871055
92,17,Ġsaid,8.066021
92,18,Ġto,5.9884
92,19,Ġhis,6.695093
92,20,Ġdonors,13.09295
92,21,.,2.861842
92,22,<|endoftext|>,5.740658
93,0,<|endoftext|>,0.0
93,1,The,4.729281
93,2,Ġnovel,12.980488
93,3,Ġrevealed,12.94233
93,4,Ġthat,1.55429
93,5,Ġour,10.157822
93,6,Ġfriend,10.495604
93,7,Ġthought,12.927058
93,8,Ġthe,3.686819
93,9,Ġreporter,14.230868
93,10,Ġknows,14.865769
93,11,Ġher,5.525744
93,12,Ġcontact,12.160789
93,13,Ġsaid,14.187575
93,14,Ġthe,4.100259
93,15,Ġyoung,9.930867
93,16,Ġpolitician,9.871055
93,17,Ġsaid,8.066021
93,18,Ġsomething,5.919068
93,19,Ġto,3.21796
93,20,Ġhis,6.342459
93,21,Ġdonors,14.551686
93,22,.,1.883951
93,23,<|endoftext|>,5.909901
94,0,<|endoftext|>,0.0
94,1,The,4.729281
94,2,Ġnovel,12.980488
94,3,Ġrevealed,12.94233
94,4,Ġwhat,6.624372
94,5,Ġour,9.259635
94,6,Ġfriend,10.435178
94,7,Ġthought,10.533428
94,8,Ġthe,6.418806
94,9,Ġreporter,13.848723
94,10,Ġknows,12.578385
94,11,Ġher,11.326136
94,12,Ġcontact,14.249973
94,13,Ġsaid,11.091072
94,14,Ġthe,7.471805
94,15,Ġyoung,10.036027
94,16,Ġpolitician,9.843125
94,17,Ġsaid,6.395085
94,18,Ġto,4.85334
94,19,Ġhis,5.975207
94,20,Ġdonors,13.126579
94,21,.,1.941581
94,22,<|endoftext|>,5.414526
95,0,<|endoftext|>,0.0
95,1,The,4.729281
95,2,Ġnovel,12.980488
95,3,Ġrevealed,12.94233
95,4,Ġwhat,6.624372
95,5,Ġour,9.259635
95,6,Ġfriend,10.435178
95,7,Ġthought,10.533428
95,8,Ġthe,6.418806
95,9,Ġreporter,13.848723
95,10,Ġknows,12.578385
95,11,Ġher,11.326136
95,12,Ġcontact,14.249973
95,13,Ġsaid,11.091072
95,14,Ġthe,7.471805
95,15,Ġyoung,10.036027
95,16,Ġpolitician,9.843125
95,17,Ġsaid,6.395085
95,18,Ġsomething,6.989821
95,19,Ġto,3.194521
95,20,Ġhis,5.850004
95,21,Ġdonors,14.519393
95,22,.,1.76137
95,23,<|endoftext|>,5.701589
96,0,<|endoftext|>,0.0
96,1,The,4.729281
96,2,Ġnovel,12.980488
96,3,Ġrevealed,12.94233
96,4,Ġthat,1.55429
96,5,Ġour,10.157822
96,6,Ġfriend,10.495604
96,7,Ġthought,12.927058
96,8,Ġthe,3.686819
96,9,Ġreporter,14.230868
96,10,Ġknows,14.865769
96,11,Ġher,5.525744
96,12,Ġcontact,12.160789
96,13,Ġsaid,14.187575
96,14,Ġthe,4.100259
96,15,Ġyoung,9.930867
96,16,Ġpolitician,9.871055
96,17,Ġsaid,8.066021
96,18,Ġto,5.9884
96,19,Ġhis,6.695093
96,20,Ġdonors,13.09295
96,21,.,2.861842
96,22,<|endoftext|>,5.740658
97,0,<|endoftext|>,0.0
97,1,The,4.729281
97,2,Ġnovel,12.980488
97,3,Ġrevealed,12.94233
97,4,Ġthat,1.55429
97,5,Ġour,10.157822
97,6,Ġfriend,10.495604
97,7,Ġthought,12.927058
97,8,Ġthe,3.686819
97,9,Ġreporter,14.230868
97,10,Ġknows,14.865769
97,11,Ġher,5.525744
97,12,Ġcontact,12.160789
97,13,Ġsaid,14.187575
97,14,Ġthe,4.100259
97,15,Ġyoung,9.930867
97,16,Ġpolitician,9.871055
97,17,Ġsaid,8.066021
97,18,Ġsomething,5.919068
97,19,Ġto,3.21796
97,20,Ġhis,6.342459
97,21,Ġdonors,14.551686
97,22,.,1.883951
97,23,<|endoftext|>,5.909901
98,0,<|endoftext|>,0.0
98,1,The,4.729281
98,2,Ġnovel,12.980488
98,3,Ġrevealed,12.94233
98,4,Ġwhat,6.624372
98,5,Ġour,9.259635
98,6,Ġfriend,10.435178
98,7,Ġthought,10.533428
98,8,Ġthe,6.418806
98,9,Ġreporter,13.848723
98,10,Ġknows,12.578385
98,11,Ġher,11.326136
98,12,Ġcontact,14.249973
98,13,Ġsaid,11.091072
98,14,Ġthe,7.471805
98,15,Ġyoung,10.036027
98,16,Ġpolitician,9.843125
98,17,Ġsaid,6.395085
98,18,Ġto,4.85334
98,19,Ġhis,5.975207
98,20,Ġdonors,13.126579
98,21,.,1.941581
98,22,<|endoftext|>,5.414526
99,0,<|endoftext|>,0.0
99,1,The,4.729281
99,2,Ġnovel,12.980488
99,3,Ġrevealed,12.94233
99,4,Ġwhat,6.624372
99,5,Ġour,9.259635
99,6,Ġfriend,10.435178
99,7,Ġthought,10.533428
99,8,Ġthe,6.418806
99,9,Ġreporter,13.848723
99,10,Ġknows,12.578385
99,11,Ġher,11.326136
99,12,Ġcontact,14.249973
99,13,Ġsaid,11.091072
99,14,Ġthe,7.471805
99,15,Ġyoung,10.036027
99,16,Ġpolitician,9.843125
99,17,Ġsaid,6.395085
99,18,Ġsomething,6.989821
99,19,Ġto,3.194521
99,20,Ġhis,5.850004
99,21,Ġdonors,14.519393
99,22,.,1.76137
99,23,<|endoftext|>,5.701589
100,0,<|endoftext|>,0.0
100,1,We,7.155782
100,2,Ġall,5.001739
100,3,Ġknow,0.90108
100,4,Ġthat,1.582208
100,5,Ġthe,3.682011
100,6,Ġyoung,10.788236
100,7,Ġprofessional,9.81819
100,8,Ġassembled,19.269341
100,9,Ġfor,5.084738
100,10,Ġhis,6.741939
100,11,Ġparents,11.763611
100,12,.,9.010007
100,13,<|endoftext|>,8.844716
101,0,<|endoftext|>,0.0
101,1,We,7.155761
101,2,Ġall,5.001806
101,3,Ġknow,0.901061
101,4,Ġthat,1.582246
101,5,Ġthe,3.681982
101,6,Ġyoung,10.788246
101,7,Ġprofessional,9.818148
101,8,Ġassembled,19.269342
101,9,Ġthe,5.877527
101,10,Ġbed,14.285966
101,11,Ġfor,4.965628
101,12,Ġhis,4.956232
101,13,Ġparents,8.180102
101,14,.,3.427312
101,15,<|endoftext|>,10.482378
102,0,<|endoftext|>,0.0
102,1,We,7.155782
102,2,Ġall,5.001739
102,3,Ġknow,0.90108
102,4,Ġwhat,3.935052
102,5,Ġthe,4.242618
102,6,Ġyoung,11.859893
102,7,Ġprofessional,10.092498
102,8,Ġassembled,20.527296
102,9,Ġfor,3.72749
102,10,Ġhis,4.880704
102,11,Ġparents,11.76369
102,12,.,6.147751
102,13,<|endoftext|>,10.429246
103,0,<|endoftext|>,0.0
103,1,We,7.155761
103,2,Ġall,5.001806
103,3,Ġknow,0.901061
103,4,Ġwhat,3.935035
103,5,Ġthe,4.242645
103,6,Ġyoung,11.859825
103,7,Ġprofessional,10.092503
103,8,Ġassembled,20.527233
103,9,Ġthe,7.703324
103,10,Ġbed,13.548502
103,11,Ġfor,4.959198
103,12,Ġhis,6.489174
103,13,Ġparents,8.781248
103,14,.,2.921128
103,15,<|endoftext|>,10.82006
104,0,<|endoftext|>,0.0
104,1,We,7.155761
104,2,Ġall,5.001796
104,3,Ġknow,0.901057
104,4,Ġthat,1.582244
104,5,Ġmy,10.262349
104,6,Ġneighbor,11.680375
104,7,Ġsaid,8.448174
104,8,Ġthe,5.349494
104,9,Ġyoung,11.837595
104,10,Ġprofessional,14.301479
104,11,Ġassembled,17.249863
104,12,Ġfor,5.93277
104,13,Ġhis,3.787576
104,14,Ġparents,11.570602
104,15,.,6.899217
104,16,<|endoftext|>,10.65101
105,0,<|endoftext|>,0.0
105,1,We,7.155761
105,2,Ġall,5.001796
105,3,Ġknow,0.901057
105,4,Ġthat,1.582244
105,5,Ġmy,10.262349
105,6,Ġneighbor,11.680375
105,7,Ġsaid,8.448174
105,8,Ġthe,5.349494
105,9,Ġyoung,11.837595
105,10,Ġprofessional,14.301479
105,11,Ġassembled,17.249863
105,12,Ġthe,3.480446
105,13,Ġbed,10.929026
105,14,Ġfor,4.802113
105,15,Ġhis,3.972932
105,16,Ġparents,8.339042
105,17,.,2.484617
105,18,<|endoftext|>,11.017159
106,0,<|endoftext|>,0.0
106,1,We,7.155761
106,2,Ġall,5.001796
106,3,Ġknow,0.901057
106,4,Ġwhat,3.935055
106,5,Ġmy,11.248193
106,6,Ġneighbor,11.385496
106,7,Ġsaid,4.608536
106,8,Ġthe,7.928397
106,9,Ġyoung,13.478015
106,10,Ġprofessional,13.826461
106,11,Ġassembled,17.929546
106,12,Ġfor,5.005122
106,13,Ġhis,3.100644
106,14,Ġparents,11.320256
106,15,.,3.403477
106,16,<|endoftext|>,10.220639
107,0,<|endoftext|>,0.0
107,1,We,7.155761
107,2,Ġall,5.001796
107,3,Ġknow,0.901057
107,4,Ġwhat,3.935055
107,5,Ġmy,11.248193
107,6,Ġneighbor,11.385496
107,7,Ġsaid,4.608536
107,8,Ġthe,7.928397
107,9,Ġyoung,13.478015
107,10,Ġprofessional,13.826461
107,11,Ġassembled,17.929546
107,12,Ġthe,4.063779
107,13,Ġbed,11.012766
107,14,Ġfor,5.054137
107,15,Ġhis,3.809815
107,16,Ġparents,8.561742
107,17,.,2.023259
107,18,<|endoftext|>,10.525012
108,0,<|endoftext|>,0.0
108,1,We,7.155761
108,2,Ġall,5.001796
108,3,Ġknow,0.901057
108,4,Ġthat,1.582244
108,5,Ġmy,10.262349
108,6,Ġneighbor,11.680375
108,7,Ġsaid,8.448174
108,8,Ġher,7.233961
108,9,Ġassociate,15.661043
108,10,Ġknew,8.439414
108,11,Ġthe,4.093441
108,12,Ġyoung,9.763055
108,13,Ġprofessional,13.748461
108,14,Ġassembled,18.218069
108,15,Ġfor,4.632382
108,16,Ġhis,4.246658
108,17,Ġparents,13.120193
108,18,.,5.030518
108,19,<|endoftext|>,11.483315
109,0,<|endoftext|>,0.0
109,1,We,7.155761
109,2,Ġall,5.001796
109,3,Ġknow,0.901057
109,4,Ġthat,1.582244
109,5,Ġmy,10.262349
109,6,Ġneighbor,11.680375
109,7,Ġsaid,8.448174
109,8,Ġher,7.233961
109,9,Ġassociate,15.661043
109,10,Ġknew,8.439414
109,11,Ġthe,4.093441
109,12,Ġyoung,9.763055
109,13,Ġprofessional,13.748461
109,14,Ġassembled,18.218069
109,15,Ġthe,3.702564
109,16,Ġbed,10.804258
109,17,Ġfor,5.187646
109,18,Ġhis,4.419308
109,19,Ġparents,9.940571
109,20,.,2.236661
109,21,<|endoftext|>,11.253045
110,0,<|endoftext|>,0.0
110,1,We,7.155761
110,2,Ġall,5.001796
110,3,Ġknow,0.901057
110,4,Ġwhat,3.935055
110,5,Ġmy,11.248193
110,6,Ġneighbor,11.385496
110,7,Ġsaid,4.608536
110,8,Ġher,13.31299
110,9,Ġassociate,14.321975
110,10,Ġknew,8.938423
110,11,Ġthe,6.469588
110,12,Ġyoung,11.11732
110,13,Ġprofessional,13.348376
110,14,Ġassembled,18.288484
110,15,Ġfor,5.057057
110,16,Ġhis,3.608434
110,17,Ġparents,13.066469
110,18,.,4.049407
110,19,<|endoftext|>,10.814137
111,0,<|endoftext|>,0.0
111,1,We,7.155761
111,2,Ġall,5.001796
111,3,Ġknow,0.901057
111,4,Ġwhat,3.935055
111,5,Ġmy,11.248193
111,6,Ġneighbor,11.385496
111,7,Ġsaid,4.608536
111,8,Ġher,13.31299
111,9,Ġassociate,14.321975
111,10,Ġknew,8.938423
111,11,Ġthe,6.469588
111,12,Ġyoung,11.11732
111,13,Ġprofessional,13.348376
111,14,Ġassembled,18.288484
111,15,Ġthe,3.711201
111,16,Ġbed,10.118282
111,17,Ġfor,5.281316
111,18,Ġhis,4.336676
111,19,Ġparents,9.850105
111,20,.,2.100685
111,21,<|endoftext|>,10.601023
112,0,<|endoftext|>,0.0
112,1,We,7.155761
112,2,Ġall,5.001796
112,3,Ġknow,0.901057
112,4,Ġthat,1.582244
112,5,Ġmy,10.262349
112,6,Ġneighbor,11.680375
112,7,Ġsaid,8.448174
112,8,Ġher,7.233961
112,9,Ġassociate,15.661043
112,10,Ġknew,8.439414
112,11,Ġa,4.623863
112,12,Ġfriend,6.581102
112,13,Ġthinks,18.735303
112,14,Ġthe,4.632981
112,15,Ġyoung,10.225908
112,16,Ġprofessional,14.181837
112,17,Ġassembled,19.565781
112,18,Ġfor,5.586446
112,19,Ġhis,4.094512
112,20,Ġparents,12.963572
112,21,.,4.821155
112,22,<|endoftext|>,11.189066
113,0,<|endoftext|>,0.0
113,1,We,7.155761
113,2,Ġall,5.001796
113,3,Ġknow,0.901057
113,4,Ġthat,1.582244
113,5,Ġmy,10.262349
113,6,Ġneighbor,11.680375
113,7,Ġsaid,8.448174
113,8,Ġher,7.233961
113,9,Ġassociate,15.661043
113,10,Ġknew,8.439414
113,11,Ġa,4.623863
113,12,Ġfriend,6.581102
113,13,Ġthinks,18.735303
113,14,Ġthe,4.632981
113,15,Ġyoung,10.225908
113,16,Ġprofessional,14.181837
113,17,Ġassembled,19.565781
113,18,Ġthe,3.924692
113,19,Ġbed,10.839049
113,20,Ġfor,5.001485
113,21,Ġhis,4.01649
113,22,Ġparents,9.565165
113,23,.,1.926776
113,24,<|endoftext|>,10.988019
114,0,<|endoftext|>,0.0
114,1,We,7.155761
114,2,Ġall,5.001796
114,3,Ġknow,0.901057
114,4,Ġwhat,3.935055
114,5,Ġmy,11.248193
114,6,Ġneighbor,11.385496
114,7,Ġsaid,4.608536
114,8,Ġher,13.31299
114,9,Ġassociate,14.321975
114,10,Ġknew,8.938423
114,11,Ġa,7.685541
114,12,Ġfriend,8.894783
114,13,Ġthinks,15.469458
114,14,Ġthe,6.675655
114,15,Ġyoung,10.230358
114,16,Ġprofessional,13.272787
114,17,Ġassembled,19.682592
114,18,Ġfor,4.816493
114,19,Ġhis,3.886307
114,20,Ġparents,12.706466
114,21,.,3.647546
114,22,<|endoftext|>,10.545429
115,0,<|endoftext|>,0.0
115,1,We,7.155761
115,2,Ġall,5.001796
115,3,Ġknow,0.901057
115,4,Ġwhat,3.935055
115,5,Ġmy,11.248193
115,6,Ġneighbor,11.385496
115,7,Ġsaid,4.608536
115,8,Ġher,13.31299
115,9,Ġassociate,14.321975
115,10,Ġknew,8.938423
115,11,Ġa,7.685541
115,12,Ġfriend,8.894783
115,13,Ġthinks,15.469458
115,14,Ġthe,6.675655
115,15,Ġyoung,10.230358
115,16,Ġprofessional,13.272787
115,17,Ġassembled,19.682592
115,18,Ġthe,4.491174
115,19,Ġbed,10.199015
115,20,Ġfor,4.943986
115,21,Ġhis,4.442721
115,22,Ġparents,9.583534
115,23,.,1.867051
115,24,<|endoftext|>,10.421206
116,0,<|endoftext|>,0.0
116,1,We,7.155761
116,2,Ġall,5.001796
116,3,Ġknow,0.901057
116,4,Ġthat,1.582244
116,5,Ġmy,10.262349
116,6,Ġneighbor,11.680375
116,7,Ġsaid,8.448174
116,8,Ġher,7.233961
116,9,Ġassociate,15.661043
116,10,Ġknew,8.439414
116,11,Ġa,4.623863
116,12,Ġfriend,6.581102
116,13,Ġthinks,18.735303
116,14,Ġthe,4.632981
116,15,Ġyoung,10.225908
116,16,Ġprofessional,14.181837
116,17,Ġassembled,19.565781
116,18,Ġfor,5.586446
116,19,Ġhis,4.094512
116,20,Ġparents,12.963572
116,21,.,4.821155
116,22,<|endoftext|>,11.189066
117,0,<|endoftext|>,0.0
117,1,We,7.155761
117,2,Ġall,5.001796
117,3,Ġknow,0.901057
117,4,Ġthat,1.582244
117,5,Ġmy,10.262349
117,6,Ġneighbor,11.680375
117,7,Ġsaid,8.448174
117,8,Ġher,7.233961
117,9,Ġassociate,15.661043
117,10,Ġknew,8.439414
117,11,Ġa,4.623863
117,12,Ġfriend,6.581102
117,13,Ġthinks,18.735303
117,14,Ġthe,4.632981
117,15,Ġyoung,10.225908
117,16,Ġprofessional,14.181837
117,17,Ġassembled,19.565781
117,18,Ġthe,3.924692
117,19,Ġbed,10.839049
117,20,Ġfor,5.001485
117,21,Ġhis,4.01649
117,22,Ġparents,9.565165
117,23,.,1.926776
117,24,<|endoftext|>,10.988019
118,0,<|endoftext|>,0.0
118,1,We,7.155761
118,2,Ġall,5.001796
118,3,Ġknow,0.901057
118,4,Ġwhat,3.935055
118,5,Ġmy,11.248193
118,6,Ġneighbor,11.385496
118,7,Ġsaid,4.608536
118,8,Ġher,13.31299
118,9,Ġassociate,14.321975
118,10,Ġknew,8.938423
118,11,Ġa,7.685541
118,12,Ġfriend,8.894783
118,13,Ġthinks,15.469458
118,14,Ġthe,6.675655
118,15,Ġyoung,10.230358
118,16,Ġprofessional,13.272787
118,17,Ġassembled,19.682592
118,18,Ġfor,4.816493
118,19,Ġhis,3.886307
118,20,Ġparents,12.706466
118,21,.,3.647546
118,22,<|endoftext|>,10.545429
119,0,<|endoftext|>,0.0
119,1,We,7.155761
119,2,Ġall,5.001796
119,3,Ġknow,0.901057
119,4,Ġwhat,3.935055
119,5,Ġmy,11.248193
119,6,Ġneighbor,11.385496
119,7,Ġsaid,4.608536
119,8,Ġher,13.31299
119,9,Ġassociate,14.321975
119,10,Ġknew,8.938423
119,11,Ġa,7.685541
119,12,Ġfriend,8.894783
119,13,Ġthinks,15.469458
119,14,Ġthe,6.675655
119,15,Ġyoung,10.230358
119,16,Ġprofessional,13.272787
119,17,Ġassembled,19.682592
119,18,Ġthe,4.491174
119,19,Ġbed,10.199015
119,20,Ġfor,4.943986
119,21,Ġhis,4.442721
119,22,Ġparents,9.583534
119,23,.,1.867051
119,24,<|endoftext|>,10.421206
120,0,<|endoftext|>,0.0
120,1,I,5.770367
120,2,Ġknow,5.545733
120,3,Ġthat,2.74974
120,4,Ġthe,4.424285
120,5,Ġelderly,14.086488
120,6,Ġlady,8.164703
120,7,Ġfound,10.235041
120,8,Ġon,6.89646
120,9,Ġthe,1.569098
120,10,Ġbus,7.119313
120,11,.,6.378104
120,12,<|endoftext|>,8.292797
121,0,<|endoftext|>,0.0
121,1,I,5.770367
121,2,Ġknow,5.545733
121,3,Ġthat,2.749727
121,4,Ġthe,4.424285
121,5,Ġelderly,14.086488
121,6,Ġlady,8.164717
121,7,Ġfound,10.235031
121,8,Ġa,2.686578
121,9,Ġquarter,12.764032
121,10,Ġon,6.374944
121,11,Ġthe,1.452545
121,12,Ġbus,10.632514
121,13,.,3.030741
121,14,<|endoftext|>,10.424779
122,0,<|endoftext|>,0.0
122,1,I,5.770367
122,2,Ġknow,5.545733
122,3,Ġwhat,4.510479
122,4,Ġthe,6.346878
122,5,Ġelderly,15.823067
122,6,Ġlady,7.057827
122,7,Ġfound,11.275752
122,8,Ġon,5.049012
122,9,Ġthe,1.539128
122,10,Ġbus,7.576851
122,11,.,2.528075
122,12,<|endoftext|>,9.18942
123,0,<|endoftext|>,0.0
123,1,I,5.770367
123,2,Ġknow,5.545733
123,3,Ġwhat,4.510466
123,4,Ġthe,6.346878
123,5,Ġelderly,15.823067
123,6,Ġlady,7.057817
123,7,Ġfound,11.275777
123,8,Ġa,7.668971
123,9,Ġquarter,10.412556
123,10,Ġon,7.165868
123,11,Ġthe,1.880041
123,12,Ġbus,10.749319
123,13,.,1.919138
123,14,<|endoftext|>,9.543293
124,0,<|endoftext|>,0.0
124,1,I,5.770362
124,2,Ġknow,5.545699
124,3,Ġthat,2.74972
124,4,Ġtheir,10.772442
124,5,Ġfriend,11.31106
124,6,Ġsaid,6.5436
124,7,Ġthe,5.196946
124,8,Ġelderly,14.386563
124,9,Ġlady,5.057242
124,10,Ġfound,9.556483
124,11,Ġon,7.053845
124,12,Ġthe,1.367158
124,13,Ġbus,6.973767
124,14,.,5.945396
124,15,<|endoftext|>,8.971738
125,0,<|endoftext|>,0.0
125,1,I,5.770357
125,2,Ġknow,5.545684
125,3,Ġthat,2.749692
125,4,Ġtheir,10.772435
125,5,Ġfriend,11.31106
125,6,Ġsaid,6.543594
125,7,Ġthe,5.19695
125,8,Ġelderly,14.386548
125,9,Ġlady,5.057256
125,10,Ġfound,9.556472
125,11,Ġa,2.654973
125,12,Ġquarter,12.626639
125,13,Ġon,6.380353
125,14,Ġthe,1.207421
125,15,Ġbus,10.483686
125,16,.,2.713815
125,17,<|endoftext|>,9.758511
126,0,<|endoftext|>,0.0
126,1,I,5.770362
126,2,Ġknow,5.545699
126,3,Ġwhat,4.510481
126,4,Ġtheir,12.275831
126,5,Ġfriend,11.313586
126,6,Ġsaid,2.549465
126,7,Ġthe,9.069841
126,8,Ġelderly,19.225493
126,9,Ġlady,4.38055
126,10,Ġfound,9.953069
126,11,Ġon,4.640401
126,12,Ġthe,1.362839
126,13,Ġbus,7.205226
126,14,.,2.435516
126,15,<|endoftext|>,8.056531
127,0,<|endoftext|>,0.0
127,1,I,5.770357
127,2,Ġknow,5.545684
127,3,Ġwhat,4.510475
127,4,Ġtheir,12.275833
127,5,Ġfriend,11.313569
127,6,Ġsaid,2.549449
127,7,Ġthe,9.069844
127,8,Ġelderly,19.225503
127,9,Ġlady,4.380577
127,10,Ġfound,9.95306
127,11,Ġa,4.288098
127,12,Ġquarter,12.263633
127,13,Ġon,6.30824
127,14,Ġthe,1.238836
127,15,Ġbus,10.900174
127,16,.,2.027544
127,17,<|endoftext|>,8.58356
128,0,<|endoftext|>,0.0
128,1,I,5.770357
128,2,Ġknow,5.545684
128,3,Ġthat,2.749692
128,4,Ġtheir,10.772435
128,5,Ġfriend,11.31106
128,6,Ġsaid,6.543594
128,7,Ġthe,5.19695
128,8,Ġsecretary,15.349211
128,9,Ġbelieved,13.580616
128,10,Ġthe,3.476186
128,11,Ġelderly,13.106078
128,12,Ġlady,5.801986
128,13,Ġfound,10.318037
128,14,Ġon,6.000171
128,15,Ġthe,1.054919
128,16,Ġbus,6.474757
128,17,.,3.949361
128,18,<|endoftext|>,9.336115
129,0,<|endoftext|>,0.0
129,1,I,5.770357
129,2,Ġknow,5.545684
129,3,Ġthat,2.749692
129,4,Ġtheir,10.772435
129,5,Ġfriend,11.31106
129,6,Ġsaid,6.543594
129,7,Ġthe,5.19695
129,8,Ġsecretary,15.349211
129,9,Ġbelieved,13.580616
129,10,Ġthe,3.476186
129,11,Ġelderly,13.106078
129,12,Ġlady,5.801986
129,13,Ġfound,10.318037
129,14,Ġa,3.027022
129,15,Ġquarter,13.160688
129,16,Ġon,6.344556
129,17,Ġthe,1.245308
129,18,Ġbus,9.969776
129,19,.,2.214733
129,20,<|endoftext|>,9.683509
130,0,<|endoftext|>,0.0
130,1,I,5.770357
130,2,Ġknow,5.545684
130,3,Ġwhat,4.510475
130,4,Ġtheir,12.275833
130,5,Ġfriend,11.313569
130,6,Ġsaid,2.549449
130,7,Ġthe,9.069844
130,8,Ġsecretary,19.042194
130,9,Ġbelieved,14.71555
130,10,Ġthe,5.49399
130,11,Ġelderly,13.560348
130,12,Ġlady,4.967544
130,13,Ġfound,10.232912
130,14,Ġon,5.718975
130,15,Ġthe,1.079441
130,16,Ġbus,6.468204
130,17,.,2.375446
130,18,<|endoftext|>,8.01119
131,0,<|endoftext|>,0.0
131,1,I,5.770357
131,2,Ġknow,5.545684
131,3,Ġwhat,4.510475
131,4,Ġtheir,12.275833
131,5,Ġfriend,11.313569
131,6,Ġsaid,2.549449
131,7,Ġthe,9.069844
131,8,Ġsecretary,19.042194
131,9,Ġbelieved,14.71555
131,10,Ġthe,5.49399
131,11,Ġelderly,13.560348
131,12,Ġlady,4.967544
131,13,Ġfound,10.232912
131,14,Ġa,3.507261
131,15,Ġquarter,12.937315
131,16,Ġon,6.497465
131,17,Ġthe,1.254854
131,18,Ġbus,10.233879
131,19,.,2.02935
131,20,<|endoftext|>,8.394844
132,0,<|endoftext|>,0.0
132,1,I,5.770357
132,2,Ġknow,5.545684
132,3,Ġthat,2.749692
132,4,Ġtheir,10.772435
132,5,Ġfriend,11.31106
132,6,Ġsaid,6.543594
132,7,Ġthe,5.19695
132,8,Ġsecretary,15.349211
132,9,Ġbelieved,13.580616
132,10,Ġthe,3.476186
132,11,Ġworker,12.97809
132,12,Ġthinks,14.752388
132,13,Ġthe,3.053745
132,14,Ġelderly,11.722734
132,15,Ġlady,7.551276
132,16,Ġfound,10.85705
132,17,Ġon,5.331723
132,18,Ġthe,0.814655
132,19,Ġbus,6.681784
132,20,.,5.122454
132,21,<|endoftext|>,9.062935
133,0,<|endoftext|>,0.0
133,1,I,5.770357
133,2,Ġknow,5.545684
133,3,Ġthat,2.749692
133,4,Ġtheir,10.772435
133,5,Ġfriend,11.31106
133,6,Ġsaid,6.543594
133,7,Ġthe,5.19695
133,8,Ġsecretary,15.349211
133,9,Ġbelieved,13.580616
133,10,Ġthe,3.476186
133,11,Ġworker,12.97809
133,12,Ġthinks,14.752388
133,13,Ġthe,3.053745
133,14,Ġelderly,11.722734
133,15,Ġlady,7.551276
133,16,Ġfound,10.85705
133,17,Ġa,3.277089
133,18,Ġquarter,13.24784
133,19,Ġon,6.098747
133,20,Ġthe,1.191772
133,21,Ġbus,9.86292
133,22,.,2.085405
133,23,<|endoftext|>,9.259275
134,0,<|endoftext|>,0.0
134,1,I,5.770357
134,2,Ġknow,5.545684
134,3,Ġwhat,4.510475
134,4,Ġtheir,12.275833
134,5,Ġfriend,11.313569
134,6,Ġsaid,2.549449
134,7,Ġthe,9.069844
134,8,Ġsecretary,19.042194
134,9,Ġbelieved,14.71555
134,10,Ġthe,5.49399
134,11,Ġworker,12.61512
134,12,Ġthinks,13.256889
134,13,Ġthe,4.255958
134,14,Ġelderly,12.490406
134,15,Ġlady,6.830712
134,16,Ġfound,10.612377
134,17,Ġon,5.210224
134,18,Ġthe,0.861123
134,19,Ġbus,6.635512
134,20,.,3.191978
134,21,<|endoftext|>,7.753945
135,0,<|endoftext|>,0.0
135,1,I,5.770357
135,2,Ġknow,5.545684
135,3,Ġwhat,4.510475
135,4,Ġtheir,12.275833
135,5,Ġfriend,11.313569
135,6,Ġsaid,2.549449
135,7,Ġthe,9.069844
135,8,Ġsecretary,19.042194
135,9,Ġbelieved,14.71555
135,10,Ġthe,5.49399
135,11,Ġworker,12.61512
135,12,Ġthinks,13.256889
135,13,Ġthe,4.255958
135,14,Ġelderly,12.490406
135,15,Ġlady,6.830712
135,16,Ġfound,10.612377
135,17,Ġa,3.723843
135,18,Ġquarter,13.204884
135,19,Ġon,6.352855
135,20,Ġthe,1.242771
135,21,Ġbus,10.153466
135,22,.,1.9024
135,23,<|endoftext|>,8.027817
136,0,<|endoftext|>,0.0
136,1,I,5.770357
136,2,Ġknow,5.545684
136,3,Ġthat,2.749692
136,4,Ġtheir,10.772435
136,5,Ġfriend,11.31106
136,6,Ġsaid,6.543594
136,7,Ġthe,5.19695
136,8,Ġsecretary,15.349211
136,9,Ġbelieved,13.580616
136,10,Ġthe,3.476186
136,11,Ġworker,12.97809
136,12,Ġthinks,14.752388
136,13,Ġthe,3.053745
136,14,Ġelderly,11.722734
136,15,Ġlady,7.551276
136,16,Ġfound,10.85705
136,17,Ġon,5.331723
136,18,Ġthe,0.814655
136,19,Ġbus,6.681784
136,20,.,5.122454
136,21,<|endoftext|>,9.062935
137,0,<|endoftext|>,0.0
137,1,I,5.770357
137,2,Ġknow,5.545684
137,3,Ġthat,2.749692
137,4,Ġtheir,10.772435
137,5,Ġfriend,11.31106
137,6,Ġsaid,6.543594
137,7,Ġthe,5.19695
137,8,Ġsecretary,15.349211
137,9,Ġbelieved,13.580616
137,10,Ġthe,3.476186
137,11,Ġworker,12.97809
137,12,Ġthinks,14.752388
137,13,Ġthe,3.053745
137,14,Ġelderly,11.722734
137,15,Ġlady,7.551276
137,16,Ġfound,10.85705
137,17,Ġa,3.277089
137,18,Ġquarter,13.24784
137,19,Ġon,6.098747
137,20,Ġthe,1.191772
137,21,Ġbus,9.86292
137,22,.,2.085405
137,23,<|endoftext|>,9.259275
138,0,<|endoftext|>,0.0
138,1,I,5.770357
138,2,Ġknow,5.545684
138,3,Ġwhat,4.510475
138,4,Ġtheir,12.275833
138,5,Ġfriend,11.313569
138,6,Ġsaid,2.549449
138,7,Ġthe,9.069844
138,8,Ġsecretary,19.042194
138,9,Ġbelieved,14.71555
138,10,Ġthe,5.49399
138,11,Ġworker,12.61512
138,12,Ġthinks,13.256889
138,13,Ġthe,4.255958
138,14,Ġelderly,12.490406
138,15,Ġlady,6.830712
138,16,Ġfound,10.612377
138,17,Ġon,5.210224
138,18,Ġthe,0.861123
138,19,Ġbus,6.635512
138,20,.,3.191978
138,21,<|endoftext|>,7.753945
139,0,<|endoftext|>,0.0
139,1,I,5.770357
139,2,Ġknow,5.545684
139,3,Ġwhat,4.510475
139,4,Ġtheir,12.275833
139,5,Ġfriend,11.313569
139,6,Ġsaid,2.549449
139,7,Ġthe,9.069844
139,8,Ġsecretary,19.042194
139,9,Ġbelieved,14.71555
139,10,Ġthe,5.49399
139,11,Ġworker,12.61512
139,12,Ġthinks,13.256889
139,13,Ġthe,4.255958
139,14,Ġelderly,12.490406
139,15,Ġlady,6.830712
139,16,Ġfound,10.612377
139,17,Ġa,3.723843
139,18,Ġquarter,13.204884
139,19,Ġon,6.352855
139,20,Ġthe,1.242771
139,21,Ġbus,10.153466
139,22,.,1.9024
139,23,<|endoftext|>,8.027817
140,0,<|endoftext|>,0.0
140,1,My,8.871096
140,2,Ġfriends,6.757595
140,3,Ġall,8.675823
140,4,Ġknow,4.254077
140,5,Ġthat,2.256623
140,6,Ġthe,4.105514
140,7,Ġsingle,10.779928
140,8,Ġmother,6.227739
140,9,Ġdescribed,13.299297
140,10,Ġto,4.198013
140,11,Ġher,6.893342
140,12,Ġfriends,4.979805
140,13,.,7.145751
140,14,<|endoftext|>,9.434719
141,0,<|endoftext|>,0.0
141,1,My,8.871096
141,2,Ġfriends,6.757614
141,3,Ġall,8.675831
141,4,Ġknow,4.254138
141,5,Ġthat,2.256643
141,6,Ġthe,4.105544
141,7,Ġsingle,10.779872
141,8,Ġmother,6.227759
141,9,Ġdescribed,13.299339
141,10,Ġher,4.024551
141,11,Ġwoes,12.114989
141,12,Ġto,4.069364
141,13,Ġher,3.902091
141,14,Ġfriends,5.019111
141,15,.,2.639559
141,16,<|endoftext|>,10.652072
142,0,<|endoftext|>,0.0
142,1,My,8.871096
142,2,Ġfriends,6.757595
142,3,Ġall,8.675823
142,4,Ġknow,4.254077
142,5,Ġwhat,3.874988
142,6,Ġthe,4.911705
142,7,Ġsingle,11.572809
142,8,Ġmother,6.703437
142,9,Ġdescribed,12.424881
142,10,Ġto,3.188285
142,11,Ġher,6.244488
142,12,Ġfriends,5.808718
142,13,.,2.423841
142,14,<|endoftext|>,10.615163
143,0,<|endoftext|>,0.0
143,1,My,8.871096
143,2,Ġfriends,6.757614
143,3,Ġall,8.675831
143,4,Ġknow,4.254138
143,5,Ġwhat,3.874997
143,6,Ġthe,4.911692
143,7,Ġsingle,11.572864
143,8,Ġmother,6.70341
143,9,Ġdescribed,12.424976
143,10,Ġher,7.030464
143,11,Ġwoes,13.823744
143,12,Ġto,5.825352
143,13,Ġher,6.296483
143,14,Ġfriends,5.231873
143,15,.,1.83292
143,16,<|endoftext|>,10.866691
144,0,<|endoftext|>,0.0
144,1,My,8.871096
144,2,Ġfriends,6.757614
144,3,Ġall,8.675831
144,4,Ġknow,4.254138
144,5,Ġthat,2.256643
144,6,Ġher,11.195093
144,7,Ġfriend,8.768063
144,8,Ġknew,10.973125
144,9,Ġthe,4.313429
144,10,Ġsingle,12.520016
144,11,Ġmother,4.686517
144,12,Ġdescribed,13.362037
144,13,Ġto,5.829298
144,14,Ġher,2.57023
144,15,Ġfriends,8.261395
144,16,.,3.218799
144,17,<|endoftext|>,9.626112
145,0,<|endoftext|>,0.0
145,1,My,8.871096
145,2,Ġfriends,6.757614
145,3,Ġall,8.675831
145,4,Ġknow,4.254138
145,5,Ġthat,2.256643
145,6,Ġher,11.195093
145,7,Ġfriend,8.768063
145,8,Ġknew,10.973125
145,9,Ġthe,4.313429
145,10,Ġsingle,12.520016
145,11,Ġmother,4.686517
145,12,Ġdescribed,13.362037
145,13,Ġher,7.317825
145,14,Ġwoes,14.645857
145,15,Ġto,5.206774
145,16,Ġher,1.962056
145,17,Ġfriends,4.619586
145,18,.,1.93751
145,19,<|endoftext|>,9.667139
146,0,<|endoftext|>,0.0
146,1,My,8.871096
146,2,Ġfriends,6.757614
146,3,Ġall,8.675831
146,4,Ġknow,4.254138
146,5,Ġwhat,3.874997
146,6,Ġher,12.515868
146,7,Ġfriend,9.897403
146,8,Ġknew,10.489791
146,9,Ġthe,8.370937
146,10,Ġsingle,11.870943
146,11,Ġmother,9.027477
146,12,Ġdescribed,10.223782
146,13,Ġto,3.106387
146,14,Ġher,3.254631
146,15,Ġfriends,5.039817
146,16,.,2.057791
146,17,<|endoftext|>,9.645719
147,0,<|endoftext|>,0.0
147,1,My,8.871096
147,2,Ġfriends,6.757614
147,3,Ġall,8.675831
147,4,Ġknow,4.254138
147,5,Ġwhat,3.874997
147,6,Ġher,12.515868
147,7,Ġfriend,9.897403
147,8,Ġknew,10.489791
147,9,Ġthe,8.370937
147,10,Ġsingle,11.870943
147,11,Ġmother,9.027477
147,12,Ġdescribed,10.223782
147,13,Ġher,5.701823
147,14,Ġwoes,16.223239
147,15,Ġto,5.547482
147,16,Ġher,3.225916
147,17,Ġfriends,4.307151
147,18,.,1.724056
147,19,<|endoftext|>,9.757513
148,0,<|endoftext|>,0.0
148,1,My,8.871096
148,2,Ġfriends,6.757614
148,3,Ġall,8.675831
148,4,Ġknow,4.254138
148,5,Ġthat,2.256643
148,6,Ġher,11.195093
148,7,Ġfriend,8.768063
148,8,Ġknew,10.973125
148,9,Ġthe,4.313429
148,10,Ġdelivery,15.361533
148,11,Ġman,3.170939
148,12,Ġbelieved,14.547615
148,13,Ġthe,3.545059
148,14,Ġsingle,13.493218
148,15,Ġmother,3.62002
148,16,Ġdescribed,13.29998
148,17,Ġto,4.604023
148,18,Ġher,1.267402
148,19,Ġfriends,7.859571
148,20,.,1.931056
148,21,<|endoftext|>,9.391133
149,0,<|endoftext|>,0.0
149,1,My,8.871096
149,2,Ġfriends,6.757614
149,3,Ġall,8.675831
149,4,Ġknow,4.254138
149,5,Ġthat,2.256643
149,6,Ġher,11.195093
149,7,Ġfriend,8.768063
149,8,Ġknew,10.973125
149,9,Ġthe,4.313429
149,10,Ġdelivery,15.361533
149,11,Ġman,3.170939
149,12,Ġbelieved,14.547615
149,13,Ġthe,3.545059
149,14,Ġsingle,13.493218
149,15,Ġmother,3.62002
149,16,Ġdescribed,13.29998
149,17,Ġher,4.748345
149,18,Ġwoes,14.565597
149,19,Ġto,3.399425
149,20,Ġher,1.815193
149,21,Ġfriends,5.079223
149,22,.,1.251573
149,23,<|endoftext|>,9.036186
150,0,<|endoftext|>,0.0
150,1,My,8.871096
150,2,Ġfriends,6.757614
150,3,Ġall,8.675831
150,4,Ġknow,4.254138
150,5,Ġwhat,3.874997
150,6,Ġher,12.515868
150,7,Ġfriend,9.897403
150,8,Ġknew,10.489791
150,9,Ġthe,8.370937
150,10,Ġdelivery,17.609814
150,11,Ġman,2.864424
150,12,Ġbelieved,10.48046
150,13,Ġthe,5.730006
150,14,Ġsingle,13.602534
150,15,Ġmother,4.341987
150,16,Ġdescribed,12.189188
150,17,Ġto,3.487084
150,18,Ġher,1.5139
150,19,Ġfriends,6.295655
150,20,.,1.359009
150,21,<|endoftext|>,9.012381
151,0,<|endoftext|>,0.0
151,1,My,8.871096
151,2,Ġfriends,6.757614
151,3,Ġall,8.675831
151,4,Ġknow,4.254138
151,5,Ġwhat,3.874997
151,6,Ġher,12.515868
151,7,Ġfriend,9.897403
151,8,Ġknew,10.489791
151,9,Ġthe,8.370937
151,10,Ġdelivery,17.609814
151,11,Ġman,2.864424
151,12,Ġbelieved,10.48046
151,13,Ġthe,5.730006
151,14,Ġsingle,13.602534
151,15,Ġmother,4.341987
151,16,Ġdescribed,12.189188
151,17,Ġher,5.616642
151,18,Ġwoes,15.649974
151,19,Ġto,3.020359
151,20,Ġher,2.051551
151,21,Ġfriends,4.840949
151,22,.,1.17209
151,23,<|endoftext|>,8.767733
152,0,<|endoftext|>,0.0
152,1,My,8.871096
152,2,Ġfriends,6.757614
152,3,Ġall,8.675831
152,4,Ġknow,4.254138
152,5,Ġthat,2.256643
152,6,Ġher,11.195093
152,7,Ġfriend,8.768063
152,8,Ġknew,10.973125
152,9,Ġthe,4.313429
152,10,Ġdelivery,15.361533
152,11,Ġman,3.170939
152,12,Ġbelieved,14.547615
152,13,Ġthe,3.545059
152,14,Ġcop,10.985827
152,15,Ġsaid,9.061537
152,16,Ġthe,2.65539
152,17,Ġsingle,13.782966
152,18,Ġmother,3.573521
152,19,Ġdescribed,12.961844
152,20,Ġto,3.97527
152,21,Ġher,1.510371
152,22,Ġfriends,6.890617
152,23,.,2.117872
152,24,<|endoftext|>,8.83033
153,0,<|endoftext|>,0.0
153,1,My,8.871096
153,2,Ġfriends,6.757614
153,3,Ġall,8.675831
153,4,Ġknow,4.254138
153,5,Ġthat,2.256643
153,6,Ġher,11.195093
153,7,Ġfriend,8.768063
153,8,Ġknew,10.973125
153,9,Ġthe,4.313429
153,10,Ġdelivery,15.361533
153,11,Ġman,3.170939
153,12,Ġbelieved,14.547615
153,13,Ġthe,3.545059
153,14,Ġcop,10.985827
153,15,Ġsaid,9.061537
153,16,Ġthe,2.65539
153,17,Ġsingle,13.782966
153,18,Ġmother,3.573521
153,19,Ġdescribed,12.961844
153,20,Ġher,4.093881
153,21,Ġwoes,14.709778
153,22,Ġto,3.346701
153,23,Ġher,1.741119
153,24,Ġfriends,4.999467
153,25,.,1.196895
153,26,<|endoftext|>,8.523554
154,0,<|endoftext|>,0.0
154,1,My,8.871096
154,2,Ġfriends,6.757614
154,3,Ġall,8.675831
154,4,Ġknow,4.254138
154,5,Ġwhat,3.874997
154,6,Ġher,12.515868
154,7,Ġfriend,9.897403
154,8,Ġknew,10.489791
154,9,Ġthe,8.370937
154,10,Ġdelivery,17.609814
154,11,Ġman,2.864424
154,12,Ġbelieved,10.48046
154,13,Ġthe,5.730006
154,14,Ġcop,10.708075
154,15,Ġsaid,7.433074
154,16,Ġthe,4.661443
154,17,Ġsingle,13.931977
154,18,Ġmother,3.877633
154,19,Ġdescribed,11.835283
154,20,Ġto,3.442453
154,21,Ġher,1.91517
154,22,Ġfriends,6.331424
154,23,.,1.498838
154,24,<|endoftext|>,8.260132
155,0,<|endoftext|>,0.0
155,1,My,8.871096
155,2,Ġfriends,6.757614
155,3,Ġall,8.675831
155,4,Ġknow,4.254138
155,5,Ġwhat,3.874997
155,6,Ġher,12.515868
155,7,Ġfriend,9.897403
155,8,Ġknew,10.489791
155,9,Ġthe,8.370937
155,10,Ġdelivery,17.609814
155,11,Ġman,2.864424
155,12,Ġbelieved,10.48046
155,13,Ġthe,5.730006
155,14,Ġcop,10.708075
155,15,Ġsaid,7.433074
155,16,Ġthe,4.661443
155,17,Ġsingle,13.931977
155,18,Ġmother,3.877633
155,19,Ġdescribed,11.835283
155,20,Ġher,4.883078
155,21,Ġwoes,15.273287
155,22,Ġto,3.379582
155,23,Ġher,1.943911
155,24,Ġfriends,5.106386
155,25,.,1.154329
155,26,<|endoftext|>,7.978619
156,0,<|endoftext|>,0.0
156,1,My,8.871096
156,2,Ġfriends,6.757614
156,3,Ġall,8.675831
156,4,Ġknow,4.254138
156,5,Ġthat,2.256643
156,6,Ġher,11.195093
156,7,Ġfriend,8.768063
156,8,Ġknew,10.973125
156,9,Ġthe,4.313429
156,10,Ġdelivery,15.361533
156,11,Ġman,3.170939
156,12,Ġbelieved,14.547615
156,13,Ġthe,3.545059
156,14,Ġcop,10.985827
156,15,Ġsaid,9.061537
156,16,Ġthe,2.65539
156,17,Ġsingle,13.782966
156,18,Ġmother,3.573521
156,19,Ġdescribed,12.961844
156,20,Ġto,3.97527
156,21,Ġher,1.510371
156,22,Ġfriends,6.890617
156,23,.,2.117872
156,24,<|endoftext|>,8.83033
157,0,<|endoftext|>,0.0
157,1,My,8.871096
157,2,Ġfriends,6.757614
157,3,Ġall,8.675831
157,4,Ġknow,4.254138
157,5,Ġthat,2.256643
157,6,Ġher,11.195093
157,7,Ġfriend,8.768063
157,8,Ġknew,10.973125
157,9,Ġthe,4.313429
157,10,Ġdelivery,15.361533
157,11,Ġman,3.170939
157,12,Ġbelieved,14.547615
157,13,Ġthe,3.545059
157,14,Ġcop,10.985827
157,15,Ġsaid,9.061537
157,16,Ġthe,2.65539
157,17,Ġsingle,13.782966
157,18,Ġmother,3.573521
157,19,Ġdescribed,12.961844
157,20,Ġher,4.093881
157,21,Ġwoes,14.709778
157,22,Ġto,3.346701
157,23,Ġher,1.741119
157,24,Ġfriends,4.999467
157,25,.,1.196895
157,26,<|endoftext|>,8.523554
158,0,<|endoftext|>,0.0
158,1,My,8.871096
158,2,Ġfriends,6.757614
158,3,Ġall,8.675831
158,4,Ġknow,4.254138
158,5,Ġwhat,3.874997
158,6,Ġher,12.515868
158,7,Ġfriend,9.897403
158,8,Ġknew,10.489791
158,9,Ġthe,8.370937
158,10,Ġdelivery,17.609814
158,11,Ġman,2.864424
158,12,Ġbelieved,10.48046
158,13,Ġthe,5.730006
158,14,Ġcop,10.708075
158,15,Ġsaid,7.433074
158,16,Ġthe,4.661443
158,17,Ġsingle,13.931977
158,18,Ġmother,3.877633
158,19,Ġdescribed,11.835283
158,20,Ġto,3.442453
158,21,Ġher,1.91517
158,22,Ġfriends,6.331424
158,23,.,1.498838
158,24,<|endoftext|>,8.260132
159,0,<|endoftext|>,0.0
159,1,My,8.871096
159,2,Ġfriends,6.757614
159,3,Ġall,8.675831
159,4,Ġknow,4.254138
159,5,Ġwhat,3.874997
159,6,Ġher,12.515868
159,7,Ġfriend,9.897403
159,8,Ġknew,10.489791
159,9,Ġthe,8.370937
159,10,Ġdelivery,17.609814
159,11,Ġman,2.864424
159,12,Ġbelieved,10.48046
159,13,Ġthe,5.730006
159,14,Ġcop,10.708075
159,15,Ġsaid,7.433074
159,16,Ġthe,4.661443
159,17,Ġsingle,13.931977
159,18,Ġmother,3.877633
159,19,Ġdescribed,11.835283
159,20,Ġher,4.883078
159,21,Ġwoes,15.273287
159,22,Ġto,3.379582
159,23,Ġher,1.943911
159,24,Ġfriends,5.106386
159,25,.,1.154329
159,26,<|endoftext|>,7.978619
160,0,<|endoftext|>,0.0
160,1,The,4.729286
160,2,Ġvisitor,16.203446
160,3,Ġsaid,8.43965
160,4,Ġthat,3.431249
160,5,Ġthe,3.086722
160,6,Ġhuman,11.671051
160,7,Ġresources,7.164541
160,8,Ġofficer,5.687449
160,9,Ġtalked,10.495203
160,10,Ġwith,3.666678
160,11,Ġin,12.684576
160,12,Ġher,7.231094
160,13,Ġoffice,2.124588
160,14,.,4.929797
160,15,<|endoftext|>,6.137736
161,0,<|endoftext|>,0.0
161,1,The,4.729281
161,2,Ġvisitor,16.203449
161,3,Ġsaid,8.439651
161,4,Ġthat,3.431256
161,5,Ġthe,3.08671
161,6,Ġhuman,11.671038
161,7,Ġresources,7.164543
161,8,Ġofficer,5.687466
161,9,Ġtalked,10.49519
161,10,Ġwith,3.666685
161,11,Ġthe,2.493733
161,12,Ġnew,9.656663
161,13,Ġmanager,5.354745
161,14,Ġin,5.437973
161,15,Ġher,7.674936
161,16,Ġoffice,0.780938
161,17,.,2.688833
161,18,<|endoftext|>,6.22848
162,0,<|endoftext|>,0.0
162,1,The,4.729286
162,2,Ġvisitor,16.203446
162,3,Ġsaid,8.43965
162,4,Ġwho,13.040132
162,5,Ġthe,4.943769
162,6,Ġhuman,10.481188
162,7,Ġresources,5.972949
162,8,Ġofficer,2.683113
162,9,Ġtalked,11.175357
162,10,Ġwith,4.331395
162,11,Ġin,4.903918
162,12,Ġher,6.119555
162,13,Ġoffice,3.19744
162,14,.,3.675665
162,15,<|endoftext|>,5.610895
163,0,<|endoftext|>,0.0
163,1,The,4.729281
163,2,Ġvisitor,16.203449
163,3,Ġsaid,8.439651
163,4,Ġwho,13.040117
163,5,Ġthe,4.943778
163,6,Ġhuman,10.481198
163,7,Ġresources,5.972931
163,8,Ġofficer,2.683111
163,9,Ġtalked,11.175349
163,10,Ġwith,4.331395
163,11,Ġthe,6.177046
163,12,Ġnew,10.184837
163,13,Ġmanager,5.732495
163,14,Ġin,5.649794
163,15,Ġher,7.103687
163,16,Ġoffice,1.045694
163,17,.,2.372315
163,18,<|endoftext|>,5.498314
164,0,<|endoftext|>,0.0
164,1,The,4.729281
164,2,Ġvisitor,16.203449
164,3,Ġsaid,8.439651
164,4,Ġthat,3.431256
164,5,Ġmy,11.684873
164,6,Ġfriend,5.874244
164,7,Ġsaid,5.905752
164,8,Ġthe,5.758925
164,9,Ġhuman,12.121219
164,10,Ġresources,8.308465
164,11,Ġofficer,5.480116
164,12,Ġtalked,8.911197
164,13,Ġwith,5.117306
164,14,Ġin,12.685483
164,15,Ġher,6.788654
164,16,Ġoffice,1.7253
164,17,.,3.940218
164,18,<|endoftext|>,8.385582
165,0,<|endoftext|>,0.0
165,1,The,4.729281
165,2,Ġvisitor,16.203449
165,3,Ġsaid,8.439651
165,4,Ġthat,3.431256
165,5,Ġmy,11.684873
165,6,Ġfriend,5.874244
165,7,Ġsaid,5.905752
165,8,Ġthe,5.758925
165,9,Ġhuman,12.121219
165,10,Ġresources,8.308465
165,11,Ġofficer,5.480116
165,12,Ġtalked,8.911197
165,13,Ġwith,5.117306
165,14,Ġthe,2.972046
165,15,Ġnew,9.844028
165,16,Ġmanager,4.985232
165,17,Ġin,5.610537
165,18,Ġher,7.546057
165,19,Ġoffice,0.955762
165,20,.,2.57115
165,21,<|endoftext|>,8.414979
166,0,<|endoftext|>,0.0
166,1,The,4.729281
166,2,Ġvisitor,16.203449
166,3,Ġsaid,8.439651
166,4,Ġwho,13.040117
166,5,Ġmy,12.718439
166,6,Ġfriend,3.999325
166,7,Ġsaid,7.103884
166,8,Ġthe,6.44645
166,9,Ġhuman,11.315014
166,10,Ġresources,7.986067
166,11,Ġofficer,3.957215
166,12,Ġtalked,8.978474
166,13,Ġwith,4.475309
166,14,Ġin,5.307175
166,15,Ġher,5.375765
166,16,Ġoffice,2.833518
166,17,.,2.767006
166,18,<|endoftext|>,7.226465
167,0,<|endoftext|>,0.0
167,1,The,4.729281
167,2,Ġvisitor,16.203449
167,3,Ġsaid,8.439651
167,4,Ġwho,13.040117
167,5,Ġmy,12.718439
167,6,Ġfriend,3.999325
167,7,Ġsaid,7.103884
167,8,Ġthe,6.44645
167,9,Ġhuman,11.315014
167,10,Ġresources,7.986067
167,11,Ġofficer,3.957215
167,12,Ġtalked,8.978474
167,13,Ġwith,4.475309
167,14,Ġthe,5.012718
167,15,Ġnew,10.262719
167,16,Ġmanager,5.324308
167,17,Ġin,5.541324
167,18,Ġher,7.036652
167,19,Ġoffice,1.133363
167,20,.,2.049498
167,21,<|endoftext|>,7.248673
168,0,<|endoftext|>,0.0
168,1,The,4.729281
168,2,Ġvisitor,16.203449
168,3,Ġsaid,8.439651
168,4,Ġthat,3.431256
168,5,Ġmy,11.684873
168,6,Ġfriend,5.874244
168,7,Ġsaid,5.905752
168,8,Ġher,8.485838
168,9,Ġmother,5.251657
168,10,Ġknew,8.143345
168,11,Ġthe,4.199614
168,12,Ġhuman,13.147262
168,13,Ġresources,8.173866
168,14,Ġofficer,4.661588
168,15,Ġtalked,14.245525
168,16,Ġwith,4.159669
168,17,Ġin,9.352076
168,18,Ġher,4.732021
168,19,Ġoffice,2.387175
168,20,.,2.280203
168,21,<|endoftext|>,7.74933
169,0,<|endoftext|>,0.0
169,1,The,4.729281
169,2,Ġvisitor,16.203449
169,3,Ġsaid,8.439651
169,4,Ġthat,3.431256
169,5,Ġmy,11.684873
169,6,Ġfriend,5.874244
169,7,Ġsaid,5.905752
169,8,Ġher,8.485838
169,9,Ġmother,5.251657
169,10,Ġknew,8.143345
169,11,Ġthe,4.199614
169,12,Ġhuman,13.147262
169,13,Ġresources,8.173866
169,14,Ġofficer,4.661588
169,15,Ġtalked,14.245525
169,16,Ġwith,4.159669
169,17,Ġthe,2.541497
169,18,Ġnew,10.872779
169,19,Ġmanager,5.912611
169,20,Ġin,5.440994
169,21,Ġher,5.576537
169,22,Ġoffice,1.713533
169,23,.,1.849175
169,24,<|endoftext|>,7.781029
170,0,<|endoftext|>,0.0
170,1,The,4.729281
170,2,Ġvisitor,16.203449
170,3,Ġsaid,8.439651
170,4,Ġwho,13.040117
170,5,Ġmy,12.718439
170,6,Ġfriend,3.999325
170,7,Ġsaid,7.103884
170,8,Ġher,9.601036
170,9,Ġmother,5.945414
170,10,Ġknew,7.344894
170,11,Ġthe,6.406453
170,12,Ġhuman,13.072654
170,13,Ġresources,7.996434
170,14,Ġofficer,4.272651
170,15,Ġtalked,12.32114
170,16,Ġwith,4.353
170,17,Ġin,5.362101
170,18,Ġher,3.834757
170,19,Ġoffice,2.98437
170,20,.,1.6365
170,21,<|endoftext|>,7.018657
171,0,<|endoftext|>,0.0
171,1,The,4.729281
171,2,Ġvisitor,16.203449
171,3,Ġsaid,8.439651
171,4,Ġwho,13.040117
171,5,Ġmy,12.718439
171,6,Ġfriend,3.999325
171,7,Ġsaid,7.103884
171,8,Ġher,9.601036
171,9,Ġmother,5.945414
171,10,Ġknew,7.344894
171,11,Ġthe,6.406453
171,12,Ġhuman,13.072654
171,13,Ġresources,7.996434
171,14,Ġofficer,4.272651
171,15,Ġtalked,12.32114
171,16,Ġwith,4.353
171,17,Ġthe,4.349864
171,18,Ġnew,10.908052
171,19,Ġmanager,5.998233
171,20,Ġin,5.428875
171,21,Ġher,4.977493
171,22,Ġoffice,1.632796
171,23,.,1.360164
171,24,<|endoftext|>,6.992504
172,0,<|endoftext|>,0.0
172,1,The,4.729281
172,2,Ġvisitor,16.203449
172,3,Ġsaid,8.439651
172,4,Ġthat,3.431256
172,5,Ġmy,11.684873
172,6,Ġfriend,5.874244
172,7,Ġsaid,5.905752
172,8,Ġher,8.485838
172,9,Ġmother,5.251657
172,10,Ġknew,8.143345
172,11,Ġthe,4.199614
172,12,Ġclerk,11.490064
172,13,Ġstated,14.930452
172,14,Ġthe,4.80128
172,15,Ġhuman,13.488993
172,16,Ġresources,6.466934
172,17,Ġofficer,4.98944
172,18,Ġtalked,10.81429
172,19,Ġwith,4.157375
172,20,Ġin,11.637433
172,21,Ġher,4.509308
172,22,Ġoffice,2.857883
172,23,.,2.137861
172,24,<|endoftext|>,7.297048
173,0,<|endoftext|>,0.0
173,1,The,4.729281
173,2,Ġvisitor,16.203449
173,3,Ġsaid,8.439651
173,4,Ġthat,3.431256
173,5,Ġmy,11.684873
173,6,Ġfriend,5.874244
173,7,Ġsaid,5.905752
173,8,Ġher,8.485838
173,9,Ġmother,5.251657
173,10,Ġknew,8.143345
173,11,Ġthe,4.199614
173,12,Ġclerk,11.490064
173,13,Ġstated,14.930452
173,14,Ġthe,4.80128
173,15,Ġhuman,13.488993
173,16,Ġresources,6.466934
173,17,Ġofficer,4.98944
173,18,Ġtalked,10.81429
173,19,Ġwith,4.157375
173,20,Ġthe,1.956192
173,21,Ġnew,10.968012
173,22,Ġmanager,4.70417
173,23,Ġin,5.704511
173,24,Ġher,5.696345
173,25,Ġoffice,2.053285
173,26,.,1.687332
173,27,<|endoftext|>,7.195531
174,0,<|endoftext|>,0.0
174,1,The,4.729281
174,2,Ġvisitor,16.203449
174,3,Ġsaid,8.439651
174,4,Ġwho,13.040117
174,5,Ġmy,12.718439
174,6,Ġfriend,3.999325
174,7,Ġsaid,7.103884
174,8,Ġher,9.601036
174,9,Ġmother,5.945414
174,10,Ġknew,7.344894
174,11,Ġthe,6.406453
174,12,Ġclerk,11.40872
174,13,Ġstated,14.249552
174,14,Ġthe,4.7625
174,15,Ġhuman,13.379549
174,16,Ġresources,6.132523
174,17,Ġofficer,4.518663
174,18,Ġtalked,10.361624
174,19,Ġwith,3.974143
174,20,Ġin,11.420975
174,21,Ġher,4.192775
174,22,Ġoffice,3.187701
174,23,.,2.146323
174,24,<|endoftext|>,6.141511
175,0,<|endoftext|>,0.0
175,1,The,4.729281
175,2,Ġvisitor,16.203449
175,3,Ġsaid,8.439651
175,4,Ġwho,13.040117
175,5,Ġmy,12.718439
175,6,Ġfriend,3.999325
175,7,Ġsaid,7.103884
175,8,Ġher,9.601036
175,9,Ġmother,5.945414
175,10,Ġknew,7.344894
175,11,Ġthe,6.406453
175,12,Ġclerk,11.40872
175,13,Ġstated,14.249552
175,14,Ġthe,4.7625
175,15,Ġhuman,13.379549
175,16,Ġresources,6.132523
175,17,Ġofficer,4.518663
175,18,Ġtalked,10.361624
175,19,Ġwith,3.974143
175,20,Ġthe,2.24965
175,21,Ġnew,11.243138
175,22,Ġmanager,4.583467
175,23,Ġin,5.775846
175,24,Ġher,5.351009
175,25,Ġoffice,2.070807
175,26,.,1.754215
175,27,<|endoftext|>,6.07142
176,0,<|endoftext|>,0.0
176,1,The,4.729281
176,2,Ġvisitor,16.203449
176,3,Ġsaid,8.439651
176,4,Ġthat,3.431256
176,5,Ġmy,11.684873
176,6,Ġfriend,5.874244
176,7,Ġsaid,5.905752
176,8,Ġher,8.485838
176,9,Ġmother,5.251657
176,10,Ġknew,8.143345
176,11,Ġthe,4.199614
176,12,Ġclerk,11.490064
176,13,Ġstated,14.930452
176,14,Ġthe,4.80128
176,15,Ġhuman,13.488993
176,16,Ġresources,6.466934
176,17,Ġofficer,4.98944
176,18,Ġtalked,10.81429
176,19,Ġwith,4.157375
176,20,Ġin,11.637433
176,21,Ġher,4.509308
176,22,Ġoffice,2.857883
176,23,.,2.137861
176,24,<|endoftext|>,7.297048
177,0,<|endoftext|>,0.0
177,1,The,4.729281
177,2,Ġvisitor,16.203449
177,3,Ġsaid,8.439651
177,4,Ġthat,3.431256
177,5,Ġmy,11.684873
177,6,Ġfriend,5.874244
177,7,Ġsaid,5.905752
177,8,Ġher,8.485838
177,9,Ġmother,5.251657
177,10,Ġknew,8.143345
177,11,Ġthe,4.199614
177,12,Ġclerk,11.490064
177,13,Ġstated,14.930452
177,14,Ġthe,4.80128
177,15,Ġhuman,13.488993
177,16,Ġresources,6.466934
177,17,Ġofficer,4.98944
177,18,Ġtalked,10.81429
177,19,Ġwith,4.157375
177,20,Ġthe,1.956192
177,21,Ġnew,10.968012
177,22,Ġmanager,4.70417
177,23,Ġin,5.704511
177,24,Ġher,5.696345
177,25,Ġoffice,2.053285
177,26,.,1.687332
177,27,<|endoftext|>,7.195531
178,0,<|endoftext|>,0.0
178,1,The,4.729281
178,2,Ġvisitor,16.203449
178,3,Ġsaid,8.439651
178,4,Ġwho,13.040117
178,5,Ġmy,12.718439
178,6,Ġfriend,3.999325
178,7,Ġsaid,7.103884
178,8,Ġher,9.601036
178,9,Ġmother,5.945414
178,10,Ġknew,7.344894
178,11,Ġthe,6.406453
178,12,Ġclerk,11.40872
178,13,Ġstated,14.249552
178,14,Ġthe,4.7625
178,15,Ġhuman,13.379549
178,16,Ġresources,6.132523
178,17,Ġofficer,4.518663
178,18,Ġtalked,10.361624
178,19,Ġwith,3.974143
178,20,Ġin,11.420975
178,21,Ġher,4.192775
178,22,Ġoffice,3.187701
178,23,.,2.146323
178,24,<|endoftext|>,6.141511
179,0,<|endoftext|>,0.0
179,1,The,4.729281
179,2,Ġvisitor,16.203449
179,3,Ġsaid,8.439651
179,4,Ġwho,13.040117
179,5,Ġmy,12.718439
179,6,Ġfriend,3.999325
179,7,Ġsaid,7.103884
179,8,Ġher,9.601036
179,9,Ġmother,5.945414
179,10,Ġknew,7.344894
179,11,Ġthe,6.406453
179,12,Ġclerk,11.40872
179,13,Ġstated,14.249552
179,14,Ġthe,4.7625
179,15,Ġhuman,13.379549
179,16,Ġresources,6.132523
179,17,Ġofficer,4.518663
179,18,Ġtalked,10.361624
179,19,Ġwith,3.974143
179,20,Ġthe,2.24965
179,21,Ġnew,11.243138
179,22,Ġmanager,4.583467
179,23,Ġin,5.775846
179,24,Ġher,5.351009
179,25,Ġoffice,2.070807
179,26,.,1.754215
179,27,<|endoftext|>,6.07142
180,0,<|endoftext|>,0.0
180,1,I,5.770367
180,2,Ġknow,5.545733
180,3,Ġthat,2.74974
180,4,Ġthe,4.424285
180,5,Ġfive,12.329183
180,6,Ġstar,8.28926
180,7,Ġgeneral,7.698359
180,8,Ġfound,11.465447
180,9,Ġin,4.374046
180,10,Ġthe,1.781357
180,11,Ġoffice,11.121655
180,12,.,8.498084
180,13,<|endoftext|>,9.566558
181,0,<|endoftext|>,0.0
181,1,I,5.770362
181,2,Ġknow,5.545699
181,3,Ġthat,2.74972
181,4,Ġthe,4.424218
181,5,Ġfive,12.329161
181,6,Ġstar,8.289238
181,7,Ġgeneral,7.698365
181,8,Ġfound,11.465499
181,9,Ġa,3.381122
181,10,Ġgun,10.976696
181,11,Ġin,2.619628
181,12,Ġthe,2.180285
181,13,Ġoffice,6.859639
181,14,.,4.15252
181,15,<|endoftext|>,10.279898
182,0,<|endoftext|>,0.0
182,1,I,5.770367
182,2,Ġknow,5.545733
182,3,Ġwhat,4.510479
182,4,Ġthe,6.346878
182,5,Ġfive,12.229418
182,6,Ġstar,8.173291
182,7,Ġgeneral,7.644707
182,8,Ġfound,11.188455
182,9,Ġin,4.219401
182,10,Ġthe,2.494398
182,11,Ġoffice,11.069395
182,12,.,2.894134
182,13,<|endoftext|>,9.965008
183,0,<|endoftext|>,0.0
183,1,I,5.770362
183,2,Ġknow,5.545699
183,3,Ġwhat,4.510481
183,4,Ġthe,6.346903
183,5,Ġfive,12.22939
183,6,Ġstar,8.173309
183,7,Ġgeneral,7.644744
183,8,Ġfound,11.188424
183,9,Ġa,8.335358
183,10,Ġgun,14.127911
183,11,Ġin,4.576277
183,12,Ġthe,2.758439
183,13,Ġoffice,7.716958
183,14,.,2.792306
183,15,<|endoftext|>,9.262608
184,0,<|endoftext|>,0.0
184,1,I,5.770357
184,2,Ġknow,5.545684
184,3,Ġthat,2.749692
184,4,Ġthe,4.424222
184,5,Ġwoman,11.400281
184,6,Ġbelieved,13.858618
184,7,Ġthe,4.316414
184,8,Ġfive,12.654904
184,9,Ġstar,9.210143
184,10,Ġgeneral,6.428302
184,11,Ġfound,11.363207
184,12,Ġin,3.967574
184,13,Ġthe,1.611198
184,14,Ġoffice,10.742742
184,15,.,5.096781
184,16,<|endoftext|>,10.156025
185,0,<|endoftext|>,0.0
185,1,I,5.770357
185,2,Ġknow,5.545684
185,3,Ġthat,2.749692
185,4,Ġthe,4.424222
185,5,Ġwoman,11.400281
185,6,Ġbelieved,13.858618
185,7,Ġthe,4.316414
185,8,Ġfive,12.654904
185,9,Ġstar,9.210143
185,10,Ġgeneral,6.428302
185,11,Ġfound,11.363207
185,12,Ġa,3.51868
185,13,Ġgun,9.516883
185,14,Ġin,2.280317
185,15,Ġthe,2.470983
185,16,Ġoffice,7.30641
185,17,.,3.172497
185,18,<|endoftext|>,10.34472
186,0,<|endoftext|>,0.0
186,1,I,5.770357
186,2,Ġknow,5.545684
186,3,Ġwhat,4.510475
186,4,Ġthe,6.346905
186,5,Ġwoman,10.994295
186,6,Ġbelieved,13.859077
186,7,Ġthe,8.286888
186,8,Ġfive,13.672574
186,9,Ġstar,10.473071
186,10,Ġgeneral,6.060456
186,11,Ġfound,10.62326
186,12,Ġin,4.605889
186,13,Ġthe,2.31926
186,14,Ġoffice,10.163113
186,15,.,2.604342
186,16,<|endoftext|>,9.867242
187,0,<|endoftext|>,0.0
187,1,I,5.770357
187,2,Ġknow,5.545684
187,3,Ġwhat,4.510475
187,4,Ġthe,6.346905
187,5,Ġwoman,10.994295
187,6,Ġbelieved,13.859077
187,7,Ġthe,8.286888
187,8,Ġfive,13.672574
187,9,Ġstar,10.473071
187,10,Ġgeneral,6.060456
187,11,Ġfound,10.62326
187,12,Ġa,7.414782
187,13,Ġgun,10.774942
187,14,Ġin,2.480277
187,15,Ġthe,2.736813
187,16,Ġoffice,7.374203
187,17,.,2.697495
187,18,<|endoftext|>,9.299377
188,0,<|endoftext|>,0.0
188,1,I,5.770357
188,2,Ġknow,5.545684
188,3,Ġthat,2.749692
188,4,Ġthe,4.424222
188,5,Ġwoman,11.400281
188,6,Ġbelieved,13.858618
188,7,Ġthe,4.316414
188,8,Ġsecretary,14.906408
188,9,Ġsaid,7.817749
188,10,Ġthe,4.131567
188,11,Ġfive,11.707631
188,12,Ġstar,9.621397
188,13,Ġgeneral,6.407555
188,14,Ġfound,11.397843
188,15,Ġin,5.92183
188,16,Ġthe,1.709782
188,17,Ġoffice,8.031817
188,18,.,5.721279
188,19,<|endoftext|>,9.930206
189,0,<|endoftext|>,0.0
189,1,I,5.770357
189,2,Ġknow,5.545684
189,3,Ġthat,2.749692
189,4,Ġthe,4.424222
189,5,Ġwoman,11.400281
189,6,Ġbelieved,13.858618
189,7,Ġthe,4.316414
189,8,Ġsecretary,14.906408
189,9,Ġsaid,7.817749
189,10,Ġthe,4.131567
189,11,Ġfive,11.707631
189,12,Ġstar,9.621397
189,13,Ġgeneral,6.407555
189,14,Ġfound,11.397843
189,15,Ġa,3.78088
189,16,Ġgun,9.540975
189,17,Ġin,2.253514
189,18,Ġthe,2.030851
189,19,Ġoffice,5.646652
189,20,.,2.984932
189,21,<|endoftext|>,10.132381
190,0,<|endoftext|>,0.0
190,1,I,5.770357
190,2,Ġknow,5.545684
190,3,Ġwhat,4.510475
190,4,Ġthe,6.346905
190,5,Ġwoman,10.994295
190,6,Ġbelieved,13.859077
190,7,Ġthe,8.286888
190,8,Ġsecretary,14.441471
190,9,Ġsaid,3.615656
190,10,Ġthe,8.479874
190,11,Ġfive,12.528779
190,12,Ġstar,10.424891
190,13,Ġgeneral,5.541757
190,14,Ġfound,10.263892
190,15,Ġin,4.302349
190,16,Ġthe,2.06746
190,17,Ġoffice,7.771979
190,18,.,2.710637
190,19,<|endoftext|>,9.032793
191,0,<|endoftext|>,0.0
191,1,I,5.770357
191,2,Ġknow,5.545684
191,3,Ġwhat,4.510475
191,4,Ġthe,6.346905
191,5,Ġwoman,10.994295
191,6,Ġbelieved,13.859077
191,7,Ġthe,8.286888
191,8,Ġsecretary,14.441471
191,9,Ġsaid,3.615656
191,10,Ġthe,8.479874
191,11,Ġfive,12.528779
191,12,Ġstar,10.424891
191,13,Ġgeneral,5.541757
191,14,Ġfound,10.263892
191,15,Ġa,5.914516
191,16,Ġgun,10.400064
191,17,Ġin,2.103707
191,18,Ġthe,2.306998
191,19,Ġoffice,5.723967
191,20,.,2.802927
191,21,<|endoftext|>,8.906213
192,0,<|endoftext|>,0.0
192,1,I,5.770357
192,2,Ġknow,5.545684
192,3,Ġthat,2.749692
192,4,Ġthe,4.424222
192,5,Ġwoman,11.400281
192,6,Ġbelieved,13.858618
192,7,Ġthe,4.316414
192,8,Ġsecretary,14.906408
192,9,Ġsaid,7.817749
192,10,Ġher,6.658187
192,11,Ġfriend,8.654998
192,12,Ġrecalled,14.273578
192,13,Ġthe,2.860451
192,14,Ġfive,11.637419
192,15,Ġstar,11.68885
192,16,Ġgeneral,7.292456
192,17,Ġfound,12.180985
192,18,Ġin,2.195262
192,19,Ġthe,1.827217
192,20,Ġoffice,7.337804
192,21,.,2.442587
192,22,<|endoftext|>,10.149049
193,0,<|endoftext|>,0.0
193,1,I,5.770357
193,2,Ġknow,5.545684
193,3,Ġthat,2.749692
193,4,Ġthe,4.424222
193,5,Ġwoman,11.400281
193,6,Ġbelieved,13.858618
193,7,Ġthe,4.316414
193,8,Ġsecretary,14.906408
193,9,Ġsaid,7.817749
193,10,Ġher,6.658187
193,11,Ġfriend,8.654998
193,12,Ġrecalled,14.273578
193,13,Ġthe,2.860451
193,14,Ġfive,11.637419
193,15,Ġstar,11.68885
193,16,Ġgeneral,7.292456
193,17,Ġfound,12.180985
193,18,Ġa,7.006979
193,19,Ġgun,6.188506
193,20,Ġin,1.682191
193,21,Ġthe,2.292836
193,22,Ġoffice,6.124449
193,23,.,2.605021
193,24,<|endoftext|>,10.281516
194,0,<|endoftext|>,0.0
194,1,I,5.770357
194,2,Ġknow,5.545684
194,3,Ġwhat,4.510475
194,4,Ġthe,6.346905
194,5,Ġwoman,10.994295
194,6,Ġbelieved,13.859077
194,7,Ġthe,8.286888
194,8,Ġsecretary,14.441471
194,9,Ġsaid,3.615656
194,10,Ġher,10.387621
194,11,Ġfriend,7.644106
194,12,Ġrecalled,14.249069
194,13,Ġthe,4.918251
194,14,Ġfive,11.570873
194,15,Ġstar,11.646627
194,16,Ġgeneral,6.837798
194,17,Ġfound,11.105525
194,18,Ġin,2.074642
194,19,Ġthe,2.012471
194,20,Ġoffice,7.21287
194,21,.,2.265915
194,22,<|endoftext|>,8.971618
195,0,<|endoftext|>,0.0
195,1,I,5.770357
195,2,Ġknow,5.545684
195,3,Ġwhat,4.510475
195,4,Ġthe,6.346905
195,5,Ġwoman,10.994295
195,6,Ġbelieved,13.859077
195,7,Ġthe,8.286888
195,8,Ġsecretary,14.441471
195,9,Ġsaid,3.615656
195,10,Ġher,10.387621
195,11,Ġfriend,7.644106
195,12,Ġrecalled,14.249069
195,13,Ġthe,4.918251
195,14,Ġfive,11.570873
195,15,Ġstar,11.646627
195,16,Ġgeneral,6.837798
195,17,Ġfound,11.105525
195,18,Ġa,6.889926
195,19,Ġgun,6.749899
195,20,Ġin,1.588487
195,21,Ġthe,2.480105
195,22,Ġoffice,6.082345
195,23,.,2.67179
195,24,<|endoftext|>,8.989325
196,0,<|endoftext|>,0.0
196,1,I,5.770357
196,2,Ġknow,5.545684
196,3,Ġthat,2.749692
196,4,Ġthe,4.424222
196,5,Ġwoman,11.400281
196,6,Ġbelieved,13.858618
196,7,Ġthe,4.316414
196,8,Ġsecretary,14.906408
196,9,Ġsaid,7.817749
196,10,Ġher,6.658187
196,11,Ġfriend,8.654998
196,12,Ġrecalled,14.273578
196,13,Ġthe,2.860451
196,14,Ġfive,11.637419
196,15,Ġstar,11.68885
196,16,Ġgeneral,7.292456
196,17,Ġfound,12.180985
196,18,Ġin,2.195262
196,19,Ġthe,1.827217
196,20,Ġoffice,7.337804
196,21,.,2.442587
196,22,<|endoftext|>,10.149049
197,0,<|endoftext|>,0.0
197,1,I,5.770357
197,2,Ġknow,5.545684
197,3,Ġthat,2.749692
197,4,Ġthe,4.424222
197,5,Ġwoman,11.400281
197,6,Ġbelieved,13.858618
197,7,Ġthe,4.316414
197,8,Ġsecretary,14.906408
197,9,Ġsaid,7.817749
197,10,Ġher,6.658187
197,11,Ġfriend,8.654998
197,12,Ġrecalled,14.273578
197,13,Ġthe,2.860451
197,14,Ġfive,11.637419
197,15,Ġstar,11.68885
197,16,Ġgeneral,7.292456
197,17,Ġfound,12.180985
197,18,Ġa,7.006979
197,19,Ġgun,6.188506
197,20,Ġin,1.682191
197,21,Ġthe,2.292836
197,22,Ġoffice,6.124449
197,23,.,2.605021
197,24,<|endoftext|>,10.281516
198,0,<|endoftext|>,0.0
198,1,I,5.770357
198,2,Ġknow,5.545684
198,3,Ġwhat,4.510475
198,4,Ġthe,6.346905
198,5,Ġwoman,10.994295
198,6,Ġbelieved,13.859077
198,7,Ġthe,8.286888
198,8,Ġsecretary,14.441471
198,9,Ġsaid,3.615656
198,10,Ġher,10.387621
198,11,Ġfriend,7.644106
198,12,Ġrecalled,14.249069
198,13,Ġthe,4.918251
198,14,Ġfive,11.570873
198,15,Ġstar,11.646627
198,16,Ġgeneral,6.837798
198,17,Ġfound,11.105525
198,18,Ġin,2.074642
198,19,Ġthe,2.012471
198,20,Ġoffice,7.21287
198,21,.,2.265915
198,22,<|endoftext|>,8.971618
199,0,<|endoftext|>,0.0
199,1,I,5.770357
199,2,Ġknow,5.545684
199,3,Ġwhat,4.510475
199,4,Ġthe,6.346905
199,5,Ġwoman,10.994295
199,6,Ġbelieved,13.859077
199,7,Ġthe,8.286888
199,8,Ġsecretary,14.441471
199,9,Ġsaid,3.615656
199,10,Ġher,10.387621
199,11,Ġfriend,7.644106
199,12,Ġrecalled,14.249069
199,13,Ġthe,4.918251
199,14,Ġfive,11.570873
199,15,Ġstar,11.646627
199,16,Ġgeneral,6.837798
199,17,Ġfound,11.105525
199,18,Ġa,6.889926
199,19,Ġgun,6.749899
199,20,Ġin,1.588487
199,21,Ġthe,2.480105
199,22,Ġoffice,6.082345
199,23,.,2.67179
199,24,<|endoftext|>,8.989325
200,0,<|endoftext|>,0.0
200,1,The,4.729313
200,2,Ġcolleagues,17.642399
200,3,Ġrealized,11.204221
200,4,Ġthat,0.804776
200,5,Ġthe,2.524012
200,6,Ġjournalist,17.244433
200,7,Ġdiscovered,12.046636
200,8,Ġtwo,6.984173
200,9,Ġweeks,9.513134
200,10,Ġago,2.577864
200,11,.,7.567121
200,12,<|endoftext|>,8.364525
201,0,<|endoftext|>,0.0
201,1,The,4.729313
201,2,Ġcolleagues,17.642399
201,3,Ġrealized,11.204233
201,4,Ġthat,0.804776
201,5,Ġthe,2.524012
201,6,Ġjournalist,17.244435
201,7,Ġdiscovered,12.046624
201,8,Ġthe,2.449247
201,9,Ġbribery,15.62853
201,10,Ġtwo,11.502718
201,11,Ġweeks,1.846992
201,12,Ġago,3.165289
201,13,.,2.409842
201,14,<|endoftext|>,7.433969
202,0,<|endoftext|>,0.0
202,1,The,4.729313
202,2,Ġcolleagues,17.642399
202,3,Ġrealized,11.204221
202,4,Ġwhat,7.354524
202,5,Ġthe,4.219663
202,6,Ġjournalist,14.967067
202,7,Ġdiscovered,10.981222
202,8,Ġtwo,9.501532
202,9,Ġweeks,2.232134
202,10,Ġago,2.129462
202,11,.,2.521134
202,12,<|endoftext|>,9.113181
203,0,<|endoftext|>,0.0
203,1,The,4.729313
203,2,Ġcolleagues,17.642399
203,3,Ġrealized,11.204233
203,4,Ġwhat,7.354524
203,5,Ġthe,4.219663
203,6,Ġjournalist,14.967064
203,7,Ġdiscovered,10.981217
203,8,Ġthe,7.682841
203,9,Ġbribery,22.88297
203,10,Ġtwo,13.280386
203,11,Ġweeks,2.537025
203,12,Ġago,1.952781
203,13,.,2.025349
203,14,<|endoftext|>,8.44243
204,0,<|endoftext|>,0.0
204,1,The,4.729286
204,2,Ġcolleagues,17.642399
204,3,Ġrealized,11.204317
204,4,Ġthat,0.804747
204,5,Ġher,10.184078
204,6,Ġmother,7.857604
204,7,Ġstated,15.5877
204,8,Ġthe,5.023876
204,9,Ġjournalist,16.048909
204,10,Ġdiscovered,15.015053
204,11,Ġtwo,7.72103
204,12,Ġweeks,9.120212
204,13,Ġago,2.398054
204,14,.,6.283941
204,15,<|endoftext|>,7.184497
205,0,<|endoftext|>,0.0
205,1,The,4.729281
205,2,Ġcolleagues,17.642412
205,3,Ġrealized,11.204305
205,4,Ġthat,0.804744
205,5,Ġher,10.18407
205,6,Ġmother,7.857597
205,7,Ġstated,15.587679
205,8,Ġthe,5.023906
205,9,Ġjournalist,16.048928
205,10,Ġdiscovered,15.015042
205,11,Ġthe,2.054773
205,12,Ġbribery,15.105323
205,13,Ġtwo,10.653108
205,14,Ġweeks,1.777406
205,15,Ġago,2.768739
205,16,.,1.752392
205,17,<|endoftext|>,6.644905
206,0,<|endoftext|>,0.0
206,1,The,4.729286
206,2,Ġcolleagues,17.642399
206,3,Ġrealized,11.204317
206,4,Ġwhat,7.354617
206,5,Ġher,11.354403
206,6,Ġmother,6.757258
206,7,Ġstated,15.206853
206,8,Ġthe,7.285528
206,9,Ġjournalist,13.187716
206,10,Ġdiscovered,11.923426
206,11,Ġtwo,8.768346
206,12,Ġweeks,1.824126
206,13,Ġago,2.122361
206,14,.,2.111771
206,15,<|endoftext|>,8.514066
207,0,<|endoftext|>,0.0
207,1,The,4.729281
207,2,Ġcolleagues,17.642412
207,3,Ġrealized,11.204305
207,4,Ġwhat,7.354625
207,5,Ġher,11.35443
207,6,Ġmother,6.75726
207,7,Ġstated,15.206863
207,8,Ġthe,7.285528
207,9,Ġjournalist,13.187701
207,10,Ġdiscovered,11.923444
207,11,Ġthe,7.051935
207,12,Ġbribery,22.223965
207,13,Ġtwo,11.871279
207,14,Ġweeks,2.0729
207,15,Ġago,2.014759
207,16,.,1.473609
207,17,<|endoftext|>,7.538462
208,0,<|endoftext|>,0.0
208,1,The,4.729281
208,2,Ġcolleagues,17.642412
208,3,Ġrealized,11.204305
208,4,Ġthat,0.804744
208,5,Ġher,10.18407
208,6,Ġmother,7.857597
208,7,Ġstated,15.587679
208,8,Ġa,6.166036
208,9,Ġfriend,11.207676
208,10,Ġsaid,6.96687
208,11,Ġthe,4.194724
208,12,Ġjournalist,13.080026
208,13,Ġdiscovered,14.550492
208,14,Ġtwo,8.058719
208,15,Ġweeks,9.382551
208,16,Ġago,1.76978
208,17,.,4.515848
208,18,<|endoftext|>,7.283031
209,0,<|endoftext|>,0.0
209,1,The,4.729281
209,2,Ġcolleagues,17.642412
209,3,Ġrealized,11.204305
209,4,Ġthat,0.804744
209,5,Ġher,10.18407
209,6,Ġmother,7.857597
209,7,Ġstated,15.587679
209,8,Ġa,6.166036
209,9,Ġfriend,11.207676
209,10,Ġsaid,6.96687
209,11,Ġthe,4.194724
209,12,Ġjournalist,13.080026
209,13,Ġdiscovered,14.550492
209,14,Ġthe,2.232024
209,15,Ġbribery,15.540355
209,16,Ġtwo,10.859184
209,17,Ġweeks,1.870567
209,18,Ġago,2.025291
209,19,.,1.303329
209,20,<|endoftext|>,6.888257
210,0,<|endoftext|>,0.0
210,1,The,4.729281
210,2,Ġcolleagues,17.642412
210,3,Ġrealized,11.204305
210,4,Ġwhat,7.354625
210,5,Ġher,11.35443
210,6,Ġmother,6.75726
210,7,Ġstated,15.206863
210,8,Ġa,7.692276
210,9,Ġfriend,9.33774
210,10,Ġsaid,3.62609
210,11,Ġthe,6.882232
210,12,Ġjournalist,13.021047
210,13,Ġdiscovered,12.444605
210,14,Ġtwo,7.743154
210,15,Ġweeks,1.888229
210,16,Ġago,1.54131
210,17,.,1.757281
210,18,<|endoftext|>,8.101397
211,0,<|endoftext|>,0.0
211,1,The,4.729281
211,2,Ġcolleagues,17.642412
211,3,Ġrealized,11.204305
211,4,Ġwhat,7.354625
211,5,Ġher,11.35443
211,6,Ġmother,6.75726
211,7,Ġstated,15.206863
211,8,Ġa,7.692276
211,9,Ġfriend,9.33774
211,10,Ġsaid,3.62609
211,11,Ġthe,6.882232
211,12,Ġjournalist,13.021047
211,13,Ġdiscovered,12.444605
211,14,Ġthe,6.30692
211,15,Ġbribery,19.881739
211,16,Ġtwo,11.087605
211,17,Ġweeks,1.926808
211,18,Ġago,1.612515
211,19,.,1.189096
211,20,<|endoftext|>,7.369819
212,0,<|endoftext|>,0.0
212,1,The,4.729281
212,2,Ġcolleagues,17.642412
212,3,Ġrealized,11.204305
212,4,Ġthat,0.804744
212,5,Ġher,10.18407
212,6,Ġmother,7.857597
212,7,Ġstated,15.587679
212,8,Ġa,6.166036
212,9,Ġfriend,11.207676
212,10,Ġsaid,6.96687
212,11,Ġher,4.667976
212,12,Ġhusband,5.283374
212,13,Ġknew,8.479701
212,14,Ġthe,3.928005
212,15,Ġjournalist,11.985732
212,16,Ġdiscovered,16.693331
212,17,Ġtwo,9.059038
212,18,Ġweeks,7.220463
212,19,Ġago,2.067713
212,20,.,1.955423
212,21,<|endoftext|>,7.19301
213,0,<|endoftext|>,0.0
213,1,The,4.729281
213,2,Ġcolleagues,17.642412
213,3,Ġrealized,11.204305
213,4,Ġthat,0.804744
213,5,Ġher,10.18407
213,6,Ġmother,7.857597
213,7,Ġstated,15.587679
213,8,Ġa,6.166036
213,9,Ġfriend,11.207676
213,10,Ġsaid,6.96687
213,11,Ġher,4.667976
213,12,Ġhusband,5.283374
213,13,Ġknew,8.479701
213,14,Ġthe,3.928005
213,15,Ġjournalist,11.985732
213,16,Ġdiscovered,16.693331
213,17,Ġthe,1.798739
213,18,Ġbribery,14.387998
213,19,Ġtwo,11.078284
213,20,Ġweeks,1.828887
213,21,Ġago,2.037624
213,22,.,0.947047
213,23,<|endoftext|>,6.860338
214,0,<|endoftext|>,0.0
214,1,The,4.729281
214,2,Ġcolleagues,17.642412
214,3,Ġrealized,11.204305
214,4,Ġwhat,7.354625
214,5,Ġher,11.35443
214,6,Ġmother,6.75726
214,7,Ġstated,15.206863
214,8,Ġa,7.692276
214,9,Ġfriend,9.33774
214,10,Ġsaid,3.62609
214,11,Ġher,7.716851
214,12,Ġhusband,5.385666
214,13,Ġknew,8.005448
214,14,Ġthe,7.717812
214,15,Ġjournalist,12.834362
214,16,Ġdiscovered,13.980887
214,17,Ġtwo,8.604619
214,18,Ġweeks,2.250714
214,19,Ġago,1.71203
214,20,.,1.239476
214,21,<|endoftext|>,7.780259
215,0,<|endoftext|>,0.0
215,1,The,4.729281
215,2,Ġcolleagues,17.642412
215,3,Ġrealized,11.204305
215,4,Ġwhat,7.354625
215,5,Ġher,11.35443
215,6,Ġmother,6.75726
215,7,Ġstated,15.206863
215,8,Ġa,7.692276
215,9,Ġfriend,9.33774
215,10,Ġsaid,3.62609
215,11,Ġher,7.716851
215,12,Ġhusband,5.385666
215,13,Ġknew,8.005448
215,14,Ġthe,7.717812
215,15,Ġjournalist,12.834362
215,16,Ġdiscovered,13.980887
215,17,Ġthe,5.404124
215,18,Ġbribery,16.130399
215,19,Ġtwo,10.899208
215,20,Ġweeks,1.845499
215,21,Ġago,1.64088
215,22,.,0.948922
215,23,<|endoftext|>,7.238049
216,0,<|endoftext|>,0.0
216,1,The,4.729281
216,2,Ġcolleagues,17.642412
216,3,Ġrealized,11.204305
216,4,Ġthat,0.804744
216,5,Ġher,10.18407
216,6,Ġmother,7.857597
216,7,Ġstated,15.587679
216,8,Ġa,6.166036
216,9,Ġfriend,11.207676
216,10,Ġsaid,6.96687
216,11,Ġher,4.667976
216,12,Ġhusband,5.283374
216,13,Ġknew,8.479701
216,14,Ġthe,3.928005
216,15,Ġjournalist,11.985732
216,16,Ġdiscovered,16.693331
216,17,Ġtwo,9.059038
216,18,Ġweeks,7.220463
216,19,Ġago,2.067713
216,20,.,1.955423
216,21,<|endoftext|>,7.19301
217,0,<|endoftext|>,0.0
217,1,The,4.729281
217,2,Ġcolleagues,17.642412
217,3,Ġrealized,11.204305
217,4,Ġthat,0.804744
217,5,Ġher,10.18407
217,6,Ġmother,7.857597
217,7,Ġstated,15.587679
217,8,Ġa,6.166036
217,9,Ġfriend,11.207676
217,10,Ġsaid,6.96687
217,11,Ġher,4.667976
217,12,Ġhusband,5.283374
217,13,Ġknew,8.479701
217,14,Ġthe,3.928005
217,15,Ġjournalist,11.985732
217,16,Ġdiscovered,16.693331
217,17,Ġthe,1.798739
217,18,Ġbribery,14.387998
217,19,Ġtwo,11.078284
217,20,Ġweeks,1.828887
217,21,Ġago,2.037624
217,22,.,0.947047
217,23,<|endoftext|>,6.860338
218,0,<|endoftext|>,0.0
218,1,The,4.729281
218,2,Ġcolleagues,17.642412
218,3,Ġrealized,11.204305
218,4,Ġwhat,7.354625
218,5,Ġher,11.35443
218,6,Ġmother,6.75726
218,7,Ġstated,15.206863
218,8,Ġa,7.692276
218,9,Ġfriend,9.33774
218,10,Ġsaid,3.62609
218,11,Ġher,7.716851
218,12,Ġhusband,5.385666
218,13,Ġknew,8.005448
218,14,Ġthe,7.717812
218,15,Ġjournalist,12.834362
218,16,Ġdiscovered,13.980887
218,17,Ġtwo,8.604619
218,18,Ġweeks,2.250714
218,19,Ġago,1.71203
218,20,.,1.239476
218,21,<|endoftext|>,7.780259
219,0,<|endoftext|>,0.0
219,1,The,4.729281
219,2,Ġcolleagues,17.642412
219,3,Ġrealized,11.204305
219,4,Ġwhat,7.354625
219,5,Ġher,11.35443
219,6,Ġmother,6.75726
219,7,Ġstated,15.206863
219,8,Ġa,7.692276
219,9,Ġfriend,9.33774
219,10,Ġsaid,3.62609
219,11,Ġher,7.716851
219,12,Ġhusband,5.385666
219,13,Ġknew,8.005448
219,14,Ġthe,7.717812
219,15,Ġjournalist,12.834362
219,16,Ġdiscovered,13.980887
219,17,Ġthe,5.404124
219,18,Ġbribery,16.130399
219,19,Ġtwo,10.899208
219,20,Ġweeks,1.845499
219,21,Ġago,1.64088
219,22,.,0.948922
219,23,<|endoftext|>,7.238049
220,0,<|endoftext|>,0.0
220,1,The,4.729313
220,2,Ġaccountant,17.404727
220,3,Ġknew,11.172439
220,4,Ġthat,3.15952
220,5,Ġthe,3.286567
220,6,Ġsecretary,10.903615
220,7,Ġintroduced,16.756471
220,8,Ġto,7.342553
220,9,Ġher,2.540119
220,10,Ġfriend,10.74471
220,11,.,7.333152
220,12,<|endoftext|>,8.888612
221,0,<|endoftext|>,0.0
221,1,The,4.729286
221,2,Ġaccountant,17.404738
221,3,Ġknew,11.172463
221,4,Ġthat,3.159516
221,5,Ġthe,3.286527
221,6,Ġsecretary,10.903637
221,7,Ġintroduced,16.756457
221,8,Ġthe,2.690834
221,9,Ġnew,4.989621
221,10,Ġwoman,11.868201
221,11,Ġto,2.090579
221,12,Ġher,3.188619
221,13,Ġfriend,7.336238
221,14,.,3.035603
221,15,<|endoftext|>,9.127897
222,0,<|endoftext|>,0.0
222,1,The,4.729313
222,2,Ġaccountant,17.404727
222,3,Ġknew,11.172439
222,4,Ġwho,6.720238
222,5,Ġthe,3.722297
222,6,Ġsecretary,9.646869
222,7,Ġintroduced,17.397442
222,8,Ġto,1.504537
222,9,Ġher,2.372561
222,10,Ġfriend,10.450853
222,11,.,2.842732
222,12,<|endoftext|>,9.003772
223,0,<|endoftext|>,0.0
223,1,The,4.729286
223,2,Ġaccountant,17.404738
223,3,Ġknew,11.172463
223,4,Ġwho,6.720267
223,5,Ġthe,3.722281
223,6,Ġsecretary,9.646893
223,7,Ġintroduced,17.397476
223,8,Ġthe,6.993955
223,9,Ġnew,4.90055
223,10,Ġwoman,8.475256
223,11,Ġto,0.985114
223,12,Ġher,6.198435
223,13,Ġfriend,8.27837
223,14,.,2.243086
223,15,<|endoftext|>,8.568907
224,0,<|endoftext|>,0.0
224,1,The,4.729281
224,2,Ġaccountant,17.404752
224,3,Ġknew,11.172476
224,4,Ġthat,3.159513
224,5,Ġthe,3.286527
224,6,Ġsecurity,9.894432
224,7,Ġguard,5.114324
224,8,Ġbelieved,10.467175
224,9,Ġthe,2.914264
224,10,Ġsecretary,10.962909
224,11,Ġintroduced,16.674114
224,12,Ġto,7.689285
224,13,Ġher,2.675634
224,14,Ġfriend,10.115554
224,15,.,6.278132
224,16,<|endoftext|>,8.689618
225,0,<|endoftext|>,0.0
225,1,The,4.729281
225,2,Ġaccountant,17.404752
225,3,Ġknew,11.172476
225,4,Ġthat,3.159513
225,5,Ġthe,3.286527
225,6,Ġsecurity,9.894432
225,7,Ġguard,5.114324
225,8,Ġbelieved,10.467175
225,9,Ġthe,2.914264
225,10,Ġsecretary,10.962909
225,11,Ġintroduced,16.674114
225,12,Ġthe,2.941595
225,13,Ġnew,6.945719
225,14,Ġwoman,8.260665
225,15,Ġto,1.28804
225,16,Ġher,3.310729
225,17,Ġfriend,6.753163
225,18,.,2.330087
225,19,<|endoftext|>,8.445661
226,0,<|endoftext|>,0.0
226,1,The,4.729281
226,2,Ġaccountant,17.404752
226,3,Ġknew,11.172476
226,4,Ġwho,6.720252
226,5,Ġthe,3.722274
226,6,Ġsecurity,11.106115
226,7,Ġguard,2.785809
226,8,Ġbelieved,10.889756
226,9,Ġthe,7.108552
226,10,Ġsecretary,10.798069
226,11,Ġintroduced,17.594611
226,12,Ġto,1.05419
226,13,Ġher,2.659673
226,14,Ġfriend,10.564044
226,15,.,2.076348
226,16,<|endoftext|>,8.293695
227,0,<|endoftext|>,0.0
227,1,The,4.729281
227,2,Ġaccountant,17.404752
227,3,Ġknew,11.172476
227,4,Ġwho,6.720252
227,5,Ġthe,3.722274
227,6,Ġsecurity,11.106115
227,7,Ġguard,2.785809
227,8,Ġbelieved,10.889756
227,9,Ġthe,7.108552
227,10,Ġsecretary,10.798069
227,11,Ġintroduced,17.594611
227,12,Ġthe,6.953531
227,13,Ġnew,6.889665
227,14,Ġwoman,6.857386
227,15,Ġto,0.842029
227,16,Ġher,6.063828
227,17,Ġfriend,7.81423
227,18,.,1.799527
227,19,<|endoftext|>,7.818357
228,0,<|endoftext|>,0.0
228,1,The,4.729281
228,2,Ġaccountant,17.404752
228,3,Ġknew,11.172476
228,4,Ġthat,3.159513
228,5,Ġthe,3.286527
228,6,Ġsecurity,9.894432
228,7,Ġguard,5.114324
228,8,Ġbelieved,10.467175
228,9,Ġhis,3.799361
228,10,Ġfriend,5.544072
228,11,Ġknew,8.490382
228,12,Ġthe,2.973696
228,13,Ġsecretary,10.429681
228,14,Ġintroduced,18.280782
228,15,Ġto,4.202264
228,16,Ġher,3.002977
228,17,Ġfriend,9.27472
228,18,.,3.24175
228,19,<|endoftext|>,8.367575
229,0,<|endoftext|>,0.0
229,1,The,4.729281
229,2,Ġaccountant,17.404752
229,3,Ġknew,11.172476
229,4,Ġthat,3.159513
229,5,Ġthe,3.286527
229,6,Ġsecurity,9.894432
229,7,Ġguard,5.114324
229,8,Ġbelieved,10.467175
229,9,Ġhis,3.799361
229,10,Ġfriend,5.544072
229,11,Ġknew,8.490382
229,12,Ġthe,2.973696
229,13,Ġsecretary,10.429681
229,14,Ġintroduced,18.280782
229,15,Ġthe,3.577877
229,16,Ġnew,7.448087
229,17,Ġwoman,7.097779
229,18,Ġto,1.0626
229,19,Ġher,3.514077
229,20,Ġfriend,5.604385
229,21,.,1.746448
229,22,<|endoftext|>,7.96169
230,0,<|endoftext|>,0.0
230,1,The,4.729281
230,2,Ġaccountant,17.404752
230,3,Ġknew,11.172476
230,4,Ġwho,6.720252
230,5,Ġthe,3.722274
230,6,Ġsecurity,11.106115
230,7,Ġguard,2.785809
230,8,Ġbelieved,10.889756
230,9,Ġhis,9.152388
230,10,Ġfriend,4.933108
230,11,Ġknew,10.450632
230,12,Ġthe,6.647697
230,13,Ġsecretary,10.63522
230,14,Ġintroduced,17.482438
230,15,Ġto,2.626875
230,16,Ġher,2.903476
230,17,Ġfriend,9.224044
230,18,.,2.430762
230,19,<|endoftext|>,7.709167
231,0,<|endoftext|>,0.0
231,1,The,4.729281
231,2,Ġaccountant,17.404752
231,3,Ġknew,11.172476
231,4,Ġwho,6.720252
231,5,Ġthe,3.722274
231,6,Ġsecurity,11.106115
231,7,Ġguard,2.785809
231,8,Ġbelieved,10.889756
231,9,Ġhis,9.152388
231,10,Ġfriend,4.933108
231,11,Ġknew,10.450632
231,12,Ġthe,6.647697
231,13,Ġsecretary,10.63522
231,14,Ġintroduced,17.482438
231,15,Ġthe,4.873294
231,16,Ġnew,7.470776
231,17,Ġwoman,6.578587
231,18,Ġto,0.916851
231,19,Ġher,3.9162
231,20,Ġfriend,5.834279
231,21,.,1.767486
231,22,<|endoftext|>,7.19108
232,0,<|endoftext|>,0.0
232,1,The,4.729281
232,2,Ġaccountant,17.404752
232,3,Ġknew,11.172476
232,4,Ġthat,3.159513
232,5,Ġthe,3.286527
232,6,Ġsecurity,9.894432
232,7,Ġguard,5.114324
232,8,Ġbelieved,10.467175
232,9,Ġhis,3.799361
232,10,Ġfriend,5.544072
232,11,Ġknew,8.490382
232,12,Ġthe,2.973696
232,13,Ġassistant,13.108494
232,14,Ġreported,13.993773
232,15,Ġthe,2.770692
232,16,Ġsecretary,13.956926
232,17,Ġintroduced,16.928203
232,18,Ġto,5.055069
232,19,Ġher,3.064002
232,20,Ġfriend,7.575523
232,21,.,2.715194
232,22,<|endoftext|>,7.827021
233,0,<|endoftext|>,0.0
233,1,The,4.729281
233,2,Ġaccountant,17.404752
233,3,Ġknew,11.172476
233,4,Ġthat,3.159513
233,5,Ġthe,3.286527
233,6,Ġsecurity,9.894432
233,7,Ġguard,5.114324
233,8,Ġbelieved,10.467175
233,9,Ġhis,3.799361
233,10,Ġfriend,5.544072
233,11,Ġknew,8.490382
233,12,Ġthe,2.973696
233,13,Ġassistant,13.108494
233,14,Ġreported,13.993773
233,15,Ġthe,2.770692
233,16,Ġsecretary,13.956926
233,17,Ġintroduced,16.928203
233,18,Ġthe,3.044947
233,19,Ġnew,7.896387
233,20,Ġwoman,7.014224
233,21,Ġto,1.06275
233,22,Ġher,3.435021
233,23,Ġfriend,5.352714
233,24,.,1.683985
233,25,<|endoftext|>,7.474675
234,0,<|endoftext|>,0.0
234,1,The,4.729281
234,2,Ġaccountant,17.404752
234,3,Ġknew,11.172476
234,4,Ġwho,6.720252
234,5,Ġthe,3.722274
234,6,Ġsecurity,11.106115
234,7,Ġguard,2.785809
234,8,Ġbelieved,10.889756
234,9,Ġhis,9.152388
234,10,Ġfriend,4.933108
234,11,Ġknew,10.450632
234,12,Ġthe,6.647697
234,13,Ġassistant,13.969845
234,14,Ġreported,13.09455
234,15,Ġthe,3.276673
234,16,Ġsecretary,14.027329
234,17,Ġintroduced,16.724157
234,18,Ġto,4.027039
234,19,Ġher,2.817019
234,20,Ġfriend,7.621232
234,21,.,2.534574
234,22,<|endoftext|>,6.979491
235,0,<|endoftext|>,0.0
235,1,The,4.729281
235,2,Ġaccountant,17.404752
235,3,Ġknew,11.172476
235,4,Ġwho,6.720252
235,5,Ġthe,3.722274
235,6,Ġsecurity,11.106115
235,7,Ġguard,2.785809
235,8,Ġbelieved,10.889756
235,9,Ġhis,9.152388
235,10,Ġfriend,4.933108
235,11,Ġknew,10.450632
235,12,Ġthe,6.647697
235,13,Ġassistant,13.969845
235,14,Ġreported,13.09455
235,15,Ġthe,3.276673
235,16,Ġsecretary,14.027329
235,17,Ġintroduced,16.724157
235,18,Ġthe,3.536231
235,19,Ġnew,7.812418
235,20,Ġwoman,6.600358
235,21,Ġto,0.9962
235,22,Ġher,3.564294
235,23,Ġfriend,5.309395
235,24,.,1.798934
235,25,<|endoftext|>,6.59976
236,0,<|endoftext|>,0.0
236,1,The,4.729281
236,2,Ġaccountant,17.404752
236,3,Ġknew,11.172476
236,4,Ġthat,3.159513
236,5,Ġthe,3.286527
236,6,Ġsecurity,9.894432
236,7,Ġguard,5.114324
236,8,Ġbelieved,10.467175
236,9,Ġhis,3.799361
236,10,Ġfriend,5.544072
236,11,Ġknew,8.490382
236,12,Ġthe,2.973696
236,13,Ġassistant,13.108494
236,14,Ġreported,13.993773
236,15,Ġthe,2.770692
236,16,Ġsecretary,13.956926
236,17,Ġintroduced,16.928203
236,18,Ġto,5.055069
236,19,Ġher,3.064002
236,20,Ġfriend,7.575523
236,21,.,2.715194
236,22,<|endoftext|>,7.827021
237,0,<|endoftext|>,0.0
237,1,The,4.729281
237,2,Ġaccountant,17.404752
237,3,Ġknew,11.172476
237,4,Ġthat,3.159513
237,5,Ġthe,3.286527
237,6,Ġsecurity,9.894432
237,7,Ġguard,5.114324
237,8,Ġbelieved,10.467175
237,9,Ġhis,3.799361
237,10,Ġfriend,5.544072
237,11,Ġknew,8.490382
237,12,Ġthe,2.973696
237,13,Ġassistant,13.108494
237,14,Ġreported,13.993773
237,15,Ġthe,2.770692
237,16,Ġsecretary,13.956926
237,17,Ġintroduced,16.928203
237,18,Ġthe,3.044947
237,19,Ġnew,7.896387
237,20,Ġwoman,7.014224
237,21,Ġto,1.06275
237,22,Ġher,3.435021
237,23,Ġfriend,5.352714
237,24,.,1.683985
237,25,<|endoftext|>,7.474675
238,0,<|endoftext|>,0.0
238,1,The,4.729281
238,2,Ġaccountant,17.404752
238,3,Ġknew,11.172476
238,4,Ġwho,6.720252
238,5,Ġthe,3.722274
238,6,Ġsecurity,11.106115
238,7,Ġguard,2.785809
238,8,Ġbelieved,10.889756
238,9,Ġhis,9.152388
238,10,Ġfriend,4.933108
238,11,Ġknew,10.450632
238,12,Ġthe,6.647697
238,13,Ġassistant,13.969845
238,14,Ġreported,13.09455
238,15,Ġthe,3.276673
238,16,Ġsecretary,14.027329
238,17,Ġintroduced,16.724157
238,18,Ġto,4.027039
238,19,Ġher,2.817019
238,20,Ġfriend,7.621232
238,21,.,2.534574
238,22,<|endoftext|>,6.979491
239,0,<|endoftext|>,0.0
239,1,The,4.729281
239,2,Ġaccountant,17.404752
239,3,Ġknew,11.172476
239,4,Ġwho,6.720252
239,5,Ġthe,3.722274
239,6,Ġsecurity,11.106115
239,7,Ġguard,2.785809
239,8,Ġbelieved,10.889756
239,9,Ġhis,9.152388
239,10,Ġfriend,4.933108
239,11,Ġknew,10.450632
239,12,Ġthe,6.647697
239,13,Ġassistant,13.969845
239,14,Ġreported,13.09455
239,15,Ġthe,3.276673
239,16,Ġsecretary,14.027329
239,17,Ġintroduced,16.724157
239,18,Ġthe,3.536231
239,19,Ġnew,7.812418
239,20,Ġwoman,6.600358
239,21,Ġto,0.9962
239,22,Ġher,3.564294
239,23,Ġfriend,5.309395
239,24,.,1.798934
239,25,<|endoftext|>,6.59976
240,0,<|endoftext|>,0.0
240,1,She,9.588393
240,2,Ġsaid,4.521497
240,3,Ġthat,3.621307
240,4,Ġthe,3.436636
240,5,Ġreporter,13.142478
240,6,Ġput,10.298071
240,7,Ġon,4.522805
240,8,Ġthe,2.582456
240,9,Ġtable,12.034233
240,10,.,7.618742
240,11,<|endoftext|>,7.645866
241,0,<|endoftext|>,0.0
241,1,She,9.588393
241,2,Ġsaid,4.521497
241,3,Ġthat,3.621296
241,4,Ġthe,3.436636
241,5,Ġreporter,13.142478
241,6,Ġput,10.298058
241,7,Ġthe,3.267326
241,8,Ġmicrophone,8.640816
241,9,Ġon,2.572446
241,10,Ġthe,2.423405
241,11,Ġtable,3.273823
241,12,.,3.949327
241,13,<|endoftext|>,7.301618
242,0,<|endoftext|>,0.0
242,1,She,9.588393
242,2,Ġsaid,4.521497
242,3,Ġwhat,9.346815
242,4,Ġthe,5.267573
242,5,Ġreporter,10.140089
242,6,Ġput,11.521422
242,7,Ġon,3.582915
242,8,Ġthe,2.342472
242,9,Ġtable,3.696605
242,10,.,6.261203
242,11,<|endoftext|>,7.56971
243,0,<|endoftext|>,0.0
243,1,She,9.588393
243,2,Ġsaid,4.521497
243,3,Ġwhat,9.346815
243,4,Ġthe,5.267573
243,5,Ġreporter,10.140088
243,6,Ġput,11.521418
243,7,Ġthe,7.044086
243,8,Ġmicrophone,9.977293
243,9,Ġon,3.108841
243,10,Ġthe,6.997686
243,11,Ġtable,3.307594
243,12,.,3.487228
243,13,<|endoftext|>,7.202522
244,0,<|endoftext|>,0.0
244,1,She,9.588393
244,2,Ġsaid,4.521497
244,3,Ġthat,3.621307
244,4,Ġthe,3.436636
244,5,Ġpolitician,12.374208
244,6,Ġstated,12.393547
244,7,Ġthe,5.378442
244,8,Ġreporter,12.807476
244,9,Ġput,10.821586
244,10,Ġon,4.790374
244,11,Ġthe,2.545168
244,12,Ġtable,10.769021
244,13,.,6.670382
244,14,<|endoftext|>,5.69605
245,0,<|endoftext|>,0.0
245,1,She,9.588377
245,2,Ġsaid,4.52147
245,3,Ġthat,3.621318
245,4,Ġthe,3.436685
245,5,Ġpolitician,12.374226
245,6,Ġstated,12.393569
245,7,Ġthe,5.378435
245,8,Ġreporter,12.807408
245,9,Ġput,10.821622
245,10,Ġthe,3.046985
245,11,Ġmicrophone,8.369036
245,12,Ġon,2.740907
245,13,Ġthe,2.25688
245,14,Ġtable,3.27091
245,15,.,3.365399
245,16,<|endoftext|>,5.725023
246,0,<|endoftext|>,0.0
246,1,She,9.588393
246,2,Ġsaid,4.521497
246,3,Ġwhat,9.346815
246,4,Ġthe,5.267573
246,5,Ġpolitician,10.942238
246,6,Ġstated,11.693494
246,7,Ġthe,8.72298
246,8,Ġreporter,8.959289
246,9,Ġput,11.494569
246,10,Ġon,4.293404
246,11,Ġthe,2.701962
246,12,Ġtable,5.43933
246,13,.,3.236868
246,14,<|endoftext|>,5.698709
247,0,<|endoftext|>,0.0
247,1,She,9.588377
247,2,Ġsaid,4.52147
247,3,Ġwhat,9.346815
247,4,Ġthe,5.267554
247,5,Ġpolitician,10.94228
247,6,Ġstated,11.693559
247,7,Ġthe,8.722996
247,8,Ġreporter,8.959309
247,9,Ġput,11.494538
247,10,Ġthe,6.138336
247,11,Ġmicrophone,9.576531
247,12,Ġon,3.931481
247,13,Ġthe,5.595751
247,14,Ġtable,2.428385
247,15,.,1.901052
247,16,<|endoftext|>,5.500834
248,0,<|endoftext|>,0.0
248,1,She,9.588377
248,2,Ġsaid,4.52147
248,3,Ġthat,3.621318
248,4,Ġthe,3.436685
248,5,Ġpolitician,12.374226
248,6,Ġstated,12.393569
248,7,Ġhis,5.838821
248,8,Ġpress,14.765171
248,9,Ġsecretary,4.348313
248,10,Ġsaid,4.557756
248,11,Ġthe,3.800537
248,12,Ġreporter,8.30207
248,13,Ġput,10.633447
248,14,Ġon,5.018494
248,15,Ġthe,2.185989
248,16,Ġtable,10.2062
248,17,.,6.677985
248,18,<|endoftext|>,5.440525
249,0,<|endoftext|>,0.0
249,1,She,9.588377
249,2,Ġsaid,4.52147
249,3,Ġthat,3.621318
249,4,Ġthe,3.436685
249,5,Ġpolitician,12.374226
249,6,Ġstated,12.393569
249,7,Ġhis,5.838821
249,8,Ġpress,14.765171
249,9,Ġsecretary,4.348313
249,10,Ġsaid,4.557756
249,11,Ġthe,3.800537
249,12,Ġreporter,8.30207
249,13,Ġput,10.633447
249,14,Ġthe,2.558851
249,15,Ġmicrophone,9.452122
249,16,Ġon,2.702868
249,17,Ġthe,2.165918
249,18,Ġtable,2.996899
249,19,.,2.754646
249,20,<|endoftext|>,5.417327
250,0,<|endoftext|>,0.0
250,1,She,9.588377
250,2,Ġsaid,4.52147
250,3,Ġwhat,9.346815
250,4,Ġthe,5.267554
250,5,Ġpolitician,10.94228
250,6,Ġstated,11.693559
250,7,Ġhis,11.357407
250,8,Ġpress,13.405852
250,9,Ġsecretary,1.899337
250,10,Ġsaid,2.043272
250,11,Ġthe,7.01536
250,12,Ġreporter,6.594021
250,13,Ġput,10.906179
250,14,Ġon,3.384665
250,15,Ġthe,2.501215
250,16,Ġtable,7.997351
250,17,.,2.602252
250,18,<|endoftext|>,5.619172
251,0,<|endoftext|>,0.0
251,1,She,9.588377
251,2,Ġsaid,4.52147
251,3,Ġwhat,9.346815
251,4,Ġthe,5.267554
251,5,Ġpolitician,10.94228
251,6,Ġstated,11.693559
251,7,Ġhis,11.357407
251,8,Ġpress,13.405852
251,9,Ġsecretary,1.899337
251,10,Ġsaid,2.043272
251,11,Ġthe,7.01536
251,12,Ġreporter,6.594021
251,13,Ġput,10.906179
251,14,Ġthe,5.40881
251,15,Ġmicrophone,8.807421
251,16,Ġon,3.434203
251,17,Ġthe,3.627451
251,18,Ġtable,2.759322
251,19,.,2.062842
251,20,<|endoftext|>,5.42214
252,0,<|endoftext|>,0.0
252,1,She,9.588377
252,2,Ġsaid,4.52147
252,3,Ġthat,3.621318
252,4,Ġthe,3.436685
252,5,Ġpolitician,12.374226
252,6,Ġstated,12.393569
252,7,Ġhis,5.838821
252,8,Ġpress,14.765171
252,9,Ġsecretary,4.348313
252,10,Ġsaid,4.557756
252,11,Ġthe,3.800537
252,12,Ġchief,9.965674
252,13,Ġof,3.555527
252,14,Ġstaff,1.342877
252,15,Ġthought,10.339543
252,16,Ġthe,2.409328
252,17,Ġreporter,8.571435
252,18,Ġput,10.679998
252,19,Ġon,4.998162
252,20,Ġthe,1.936427
252,21,Ġtable,11.096253
252,22,.,5.584568
252,23,<|endoftext|>,4.869621
253,0,<|endoftext|>,0.0
253,1,She,9.588377
253,2,Ġsaid,4.52147
253,3,Ġthat,3.621318
253,4,Ġthe,3.436685
253,5,Ġpolitician,12.374226
253,6,Ġstated,12.393569
253,7,Ġhis,5.838821
253,8,Ġpress,14.765171
253,9,Ġsecretary,4.348313
253,10,Ġsaid,4.557756
253,11,Ġthe,3.800537
253,12,Ġchief,9.965674
253,13,Ġof,3.555527
253,14,Ġstaff,1.342877
253,15,Ġthought,10.339543
253,16,Ġthe,2.409328
253,17,Ġreporter,8.571435
253,18,Ġput,10.679998
253,19,Ġthe,2.346547
253,20,Ġmicrophone,10.23292
253,21,Ġon,2.640749
253,22,Ġthe,2.627258
253,23,Ġtable,3.831895
253,24,.,2.219847
253,25,<|endoftext|>,4.892351
254,0,<|endoftext|>,0.0
254,1,She,9.588377
254,2,Ġsaid,4.52147
254,3,Ġwhat,9.346815
254,4,Ġthe,5.267554
254,5,Ġpolitician,10.94228
254,6,Ġstated,11.693559
254,7,Ġhis,11.357407
254,8,Ġpress,13.405852
254,9,Ġsecretary,1.899337
254,10,Ġsaid,2.043272
254,11,Ġthe,7.01536
254,12,Ġchief,9.506047
254,13,Ġof,2.181597
254,14,Ġstaff,1.11671
254,15,Ġthought,8.961204
254,16,Ġthe,4.588614
254,17,Ġreporter,8.379659
254,18,Ġput,10.763785
254,19,Ġon,4.393913
254,20,Ġthe,2.074459
254,21,Ġtable,10.189679
254,22,.,3.043328
254,23,<|endoftext|>,4.822006
255,0,<|endoftext|>,0.0
255,1,She,9.588377
255,2,Ġsaid,4.52147
255,3,Ġwhat,9.346815
255,4,Ġthe,5.267554
255,5,Ġpolitician,10.94228
255,6,Ġstated,11.693559
255,7,Ġhis,11.357407
255,8,Ġpress,13.405852
255,9,Ġsecretary,1.899337
255,10,Ġsaid,2.043272
255,11,Ġthe,7.01536
255,12,Ġchief,9.506047
255,13,Ġof,2.181597
255,14,Ġstaff,1.11671
255,15,Ġthought,8.961204
255,16,Ġthe,4.588614
255,17,Ġreporter,8.379659
255,18,Ġput,10.763785
255,19,Ġthe,2.870659
255,20,Ġmicrophone,9.925075
255,21,Ġon,3.140845
255,22,Ġthe,3.192982
255,23,Ġtable,3.67946
255,24,.,1.84652
255,25,<|endoftext|>,4.783143
256,0,<|endoftext|>,0.0
256,1,She,9.588377
256,2,Ġsaid,4.52147
256,3,Ġthat,3.621318
256,4,Ġthe,3.436685
256,5,Ġpolitician,12.374226
256,6,Ġstated,12.393569
256,7,Ġhis,5.838821
256,8,Ġpress,14.765171
256,9,Ġsecretary,4.348313
256,10,Ġsaid,4.557756
256,11,Ġthe,3.800537
256,12,Ġchief,9.965674
256,13,Ġof,3.555527
256,14,Ġstaff,1.342877
256,15,Ġthought,10.339543
256,16,Ġthe,2.409328
256,17,Ġreporter,8.571435
256,18,Ġput,10.679998
256,19,Ġon,4.998162
256,20,Ġthe,1.936427
256,21,Ġtable,11.096253
256,22,.,5.584568
256,23,<|endoftext|>,4.869621
257,0,<|endoftext|>,0.0
257,1,She,9.588377
257,2,Ġsaid,4.52147
257,3,Ġthat,3.621318
257,4,Ġthe,3.436685
257,5,Ġpolitician,12.374226
257,6,Ġstated,12.393569
257,7,Ġhis,5.838821
257,8,Ġpress,14.765171
257,9,Ġsecretary,4.348313
257,10,Ġsaid,4.557756
257,11,Ġthe,3.800537
257,12,Ġchief,9.965674
257,13,Ġof,3.555527
257,14,Ġstaff,1.342877
257,15,Ġthought,10.339543
257,16,Ġthe,2.409328
257,17,Ġreporter,8.571435
257,18,Ġput,10.679998
257,19,Ġthe,2.346547
257,20,Ġmicrophone,10.23292
257,21,Ġon,2.640749
257,22,Ġthe,2.627258
257,23,Ġtable,3.831895
257,24,.,2.219847
257,25,<|endoftext|>,4.892351
258,0,<|endoftext|>,0.0
258,1,She,9.588377
258,2,Ġsaid,4.52147
258,3,Ġwhat,9.346815
258,4,Ġthe,5.267554
258,5,Ġpolitician,10.94228
258,6,Ġstated,11.693559
258,7,Ġhis,11.357407
258,8,Ġpress,13.405852
258,9,Ġsecretary,1.899337
258,10,Ġsaid,2.043272
258,11,Ġthe,7.01536
258,12,Ġchief,9.506047
258,13,Ġof,2.181597
258,14,Ġstaff,1.11671
258,15,Ġthought,8.961204
258,16,Ġthe,4.588614
258,17,Ġreporter,8.379659
258,18,Ġput,10.763785
258,19,Ġon,4.393913
258,20,Ġthe,2.074459
258,21,Ġtable,10.189679
258,22,.,3.043328
258,23,<|endoftext|>,4.822006
259,0,<|endoftext|>,0.0
259,1,She,9.588377
259,2,Ġsaid,4.52147
259,3,Ġwhat,9.346815
259,4,Ġthe,5.267554
259,5,Ġpolitician,10.94228
259,6,Ġstated,11.693559
259,7,Ġhis,11.357407
259,8,Ġpress,13.405852
259,9,Ġsecretary,1.899337
259,10,Ġsaid,2.043272
259,11,Ġthe,7.01536
259,12,Ġchief,9.506047
259,13,Ġof,2.181597
259,14,Ġstaff,1.11671
259,15,Ġthought,8.961204
259,16,Ġthe,4.588614
259,17,Ġreporter,8.379659
259,18,Ġput,10.763785
259,19,Ġthe,2.870659
259,20,Ġmicrophone,9.925075
259,21,Ġon,3.140845
259,22,Ġthe,3.192982
259,23,Ġtable,3.67946
259,24,.,1.84652
259,25,<|endoftext|>,4.783143
260,0,<|endoftext|>,0.0
260,1,We,7.155782
260,2,Ġall,5.001739
260,3,Ġknow,0.90108
260,4,Ġthat,1.582208
260,5,Ġthe,3.68202
260,6,Ġteacher,14.537095
260,7,Ġgave,10.242605
260,8,Ġto,8.976022
260,9,Ġher,3.368114
260,10,Ġstudents,2.17125
260,11,.,4.227136
260,12,<|endoftext|>,10.40982
261,0,<|endoftext|>,0.0
261,1,We,7.155782
261,2,Ġall,5.001739
261,3,Ġknow,0.901091
261,4,Ġthat,1.582208
261,5,Ġthe,3.68202
261,6,Ġteacher,14.537095
261,7,Ġgave,10.242606
261,8,Ġa,3.022187
261,9,Ġtest,9.322105
261,10,Ġto,2.73119
261,11,Ġher,4.406256
261,12,Ġstudents,1.102421
261,13,.,2.530195
261,14,<|endoftext|>,11.14147
262,0,<|endoftext|>,0.0
262,1,We,7.155782
262,2,Ġall,5.001739
262,3,Ġknow,0.90108
262,4,Ġwhat,3.935052
262,5,Ġthe,4.24262
262,6,Ġteacher,14.011113
262,7,Ġgave,9.887025
262,8,Ġto,3.422432
262,9,Ġher,3.255021
262,10,Ġstudents,2.357464
262,11,.,1.590599
262,12,<|endoftext|>,10.307153
263,0,<|endoftext|>,0.0
263,1,We,7.155782
263,2,Ġall,5.001739
263,3,Ġknow,0.901091
263,4,Ġwhat,3.935052
263,5,Ġthe,4.24262
263,6,Ġteacher,14.01108
263,7,Ġgave,9.887021
263,8,Ġa,7.789151
263,9,Ġtest,8.545706
263,10,Ġto,2.867614
263,11,Ġher,6.219654
263,12,Ġstudents,1.363908
263,13,.,1.539427
263,14,<|endoftext|>,10.573883
264,0,<|endoftext|>,0.0
264,1,We,7.155761
264,2,Ġall,5.001796
264,3,Ġknow,0.901057
264,4,Ġthat,1.582244
264,5,Ġthe,3.681979
264,6,Ġold,9.188593
264,7,Ġman,6.222298
264,8,Ġthinks,9.045807
264,9,Ġthe,3.884146
264,10,Ġteacher,12.595841
264,11,Ġgave,9.13054
264,12,Ġto,9.367563
264,13,Ġher,5.616224
264,14,Ġstudents,8.869554
264,15,.,3.606631
264,16,<|endoftext|>,10.656113
265,0,<|endoftext|>,0.0
265,1,We,7.155761
265,2,Ġall,5.001796
265,3,Ġknow,0.901057
265,4,Ġthat,1.582244
265,5,Ġthe,3.681979
265,6,Ġold,9.188593
265,7,Ġman,6.222298
265,8,Ġthinks,9.045807
265,9,Ġthe,3.884146
265,10,Ġteacher,12.595841
265,11,Ġgave,9.13054
265,12,Ġa,4.039216
265,13,Ġtest,9.966084
265,14,Ġto,3.630684
265,15,Ġher,7.197587
265,16,Ġstudents,5.522115
265,17,.,1.539635
265,18,<|endoftext|>,10.744417
266,0,<|endoftext|>,0.0
266,1,We,7.155761
266,2,Ġall,5.001796
266,3,Ġknow,0.901057
266,4,Ġwhat,3.935055
266,5,Ġthe,4.242649
266,6,Ġold,9.150085
266,7,Ġman,6.466228
266,8,Ġthinks,4.987725
266,9,Ġthe,8.073834
266,10,Ġteacher,12.829512
266,11,Ġgave,9.073335
266,12,Ġto,3.349946
266,13,Ġher,4.189808
266,14,Ġstudents,6.715006
266,15,.,1.186614
266,16,<|endoftext|>,10.441531
267,0,<|endoftext|>,0.0
267,1,We,7.155761
267,2,Ġall,5.001796
267,3,Ġknow,0.901057
267,4,Ġwhat,3.935055
267,5,Ġthe,4.242649
267,6,Ġold,9.150085
267,7,Ġman,6.466228
267,8,Ġthinks,4.987725
267,9,Ġthe,8.073834
267,10,Ġteacher,12.829512
267,11,Ġgave,9.073335
267,12,Ġa,7.608072
267,13,Ġtest,9.323464
267,14,Ġto,3.251194
267,15,Ġher,7.035155
267,16,Ġstudents,4.443533
267,17,.,1.197495
267,18,<|endoftext|>,10.426864
268,0,<|endoftext|>,0.0
268,1,We,7.155761
268,2,Ġall,5.001796
268,3,Ġknow,0.901057
268,4,Ġthat,1.582244
268,5,Ġthe,3.681979
268,6,Ġold,9.188593
268,7,Ġman,6.222298
268,8,Ġthinks,9.045807
268,9,Ġthe,3.884146
268,10,Ġwoman,8.067024
268,11,Ġknows,8.319061
268,12,Ġthe,4.178934
268,13,Ġteacher,13.162722
268,14,Ġgave,14.057079
268,15,Ġto,7.663586
268,16,Ġher,1.776392
268,17,Ġstudents,10.462518
268,18,.,1.566019
268,19,<|endoftext|>,10.800505
269,0,<|endoftext|>,0.0
269,1,We,7.155761
269,2,Ġall,5.001796
269,3,Ġknow,0.901057
269,4,Ġthat,1.582244
269,5,Ġthe,3.681979
269,6,Ġold,9.188593
269,7,Ġman,6.222298
269,8,Ġthinks,9.045807
269,9,Ġthe,3.884146
269,10,Ġwoman,8.067024
269,11,Ġknows,8.319061
269,12,Ġthe,4.178934
269,13,Ġteacher,13.162722
269,14,Ġgave,14.057079
269,15,Ġa,4.858689
269,16,Ġtest,9.955404
269,17,Ġto,4.107057
269,18,Ġher,2.746118
269,19,Ġstudents,7.122365
269,20,.,1.318981
269,21,<|endoftext|>,10.784114
270,0,<|endoftext|>,0.0
270,1,We,7.155761
270,2,Ġall,5.001796
270,3,Ġknow,0.901057
270,4,Ġwhat,3.935055
270,5,Ġthe,4.242649
270,6,Ġold,9.150085
270,7,Ġman,6.466228
270,8,Ġthinks,4.987725
270,9,Ġthe,8.073834
270,10,Ġwoman,9.232328
270,11,Ġknows,9.751128
270,12,Ġthe,6.699828
270,13,Ġteacher,14.056791
270,14,Ġgave,12.060825
270,15,Ġto,4.273658
270,16,Ġher,1.433008
270,17,Ġstudents,9.985333
270,18,.,1.132737
270,19,<|endoftext|>,10.336276
271,0,<|endoftext|>,0.0
271,1,We,7.155761
271,2,Ġall,5.001796
271,3,Ġknow,0.901057
271,4,Ġwhat,3.935055
271,5,Ġthe,4.242649
271,6,Ġold,9.150085
271,7,Ġman,6.466228
271,8,Ġthinks,4.987725
271,9,Ġthe,8.073834
271,10,Ġwoman,9.232328
271,11,Ġknows,9.751128
271,12,Ġthe,6.699828
271,13,Ġteacher,14.056791
271,14,Ġgave,12.060825
271,15,Ġa,5.706766
271,16,Ġtest,10.270559
271,17,Ġto,3.431655
271,18,Ġher,3.499616
271,19,Ġstudents,6.328137
271,20,.,1.258442
271,21,<|endoftext|>,10.222943
272,0,<|endoftext|>,0.0
272,1,We,7.155761
272,2,Ġall,5.001796
272,3,Ġknow,0.901057
272,4,Ġthat,1.582244
272,5,Ġthe,3.681979
272,6,Ġold,9.188593
272,7,Ġman,6.222298
272,8,Ġthinks,9.045807
272,9,Ġthe,3.884146
272,10,Ġwoman,8.067024
272,11,Ġknows,8.319061
272,12,Ġthe,4.178934
272,13,Ġyoung,9.740372
272,14,Ġboy,7.262623
272,15,Ġsaid,13.710509
272,16,Ġthe,2.518457
272,17,Ġteacher,11.705573
272,18,Ġgave,7.465471
272,19,Ġto,8.240944
272,20,Ġher,2.322994
272,21,Ġstudents,11.404053
272,22,.,1.843747
272,23,<|endoftext|>,10.463372
273,0,<|endoftext|>,0.0
273,1,We,7.155761
273,2,Ġall,5.001796
273,3,Ġknow,0.901057
273,4,Ġthat,1.582244
273,5,Ġthe,3.681979
273,6,Ġold,9.188593
273,7,Ġman,6.222298
273,8,Ġthinks,9.045807
273,9,Ġthe,3.884146
273,10,Ġwoman,8.067024
273,11,Ġknows,8.319061
273,12,Ġthe,4.178934
273,13,Ġyoung,9.740372
273,14,Ġboy,7.262623
273,15,Ġsaid,13.710509
273,16,Ġthe,2.518457
273,17,Ġteacher,11.705573
273,18,Ġgave,7.465471
273,19,Ġa,4.358946
273,20,Ġtest,9.647147
273,21,Ġto,3.815605
273,22,Ġher,3.631894
273,23,Ġstudents,8.244438
273,24,.,1.14224
273,25,<|endoftext|>,10.325324
274,0,<|endoftext|>,0.0
274,1,We,7.155761
274,2,Ġall,5.001796
274,3,Ġknow,0.901057
274,4,Ġwhat,3.935055
274,5,Ġthe,4.242649
274,6,Ġold,9.150085
274,7,Ġman,6.466228
274,8,Ġthinks,4.987725
274,9,Ġthe,8.073834
274,10,Ġwoman,9.232328
274,11,Ġknows,9.751128
274,12,Ġthe,6.699828
274,13,Ġyoung,8.562592
274,14,Ġboy,7.412667
274,15,Ġsaid,12.478757
274,16,Ġthe,3.831424
274,17,Ġteacher,12.417032
274,18,Ġgave,7.471591
274,19,Ġto,6.195982
274,20,Ġher,2.146116
274,21,Ġstudents,10.518306
274,22,.,1.272714
274,23,<|endoftext|>,9.973721
275,0,<|endoftext|>,0.0
275,1,We,7.155761
275,2,Ġall,5.001796
275,3,Ġknow,0.901057
275,4,Ġwhat,3.935055
275,5,Ġthe,4.242649
275,6,Ġold,9.150085
275,7,Ġman,6.466228
275,8,Ġthinks,4.987725
275,9,Ġthe,8.073834
275,10,Ġwoman,9.232328
275,11,Ġknows,9.751128
275,12,Ġthe,6.699828
275,13,Ġyoung,8.562592
275,14,Ġboy,7.412667
275,15,Ġsaid,12.478757
275,16,Ġthe,3.831424
275,17,Ġteacher,12.417032
275,18,Ġgave,7.471591
275,19,Ġa,4.656184
275,20,Ġtest,9.549375
275,21,Ġto,3.380809
275,22,Ġher,3.970818
275,23,Ġstudents,7.145791
275,24,.,1.136699
275,25,<|endoftext|>,9.887738
276,0,<|endoftext|>,0.0
276,1,We,7.155761
276,2,Ġall,5.001796
276,3,Ġknow,0.901057
276,4,Ġthat,1.582244
276,5,Ġthe,3.681979
276,6,Ġold,9.188593
276,7,Ġman,6.222298
276,8,Ġthinks,9.045807
276,9,Ġthe,3.884146
276,10,Ġwoman,8.067024
276,11,Ġknows,8.319061
276,12,Ġthe,4.178934
276,13,Ġyoung,9.740372
276,14,Ġboy,7.262623
276,15,Ġsaid,13.710509
276,16,Ġthe,2.518457
276,17,Ġteacher,11.705573
276,18,Ġgave,7.465471
276,19,Ġto,8.240944
276,20,Ġher,2.322994
276,21,Ġstudents,11.404053
276,22,.,1.843747
276,23,<|endoftext|>,10.463372
277,0,<|endoftext|>,0.0
277,1,We,7.155761
277,2,Ġall,5.001796
277,3,Ġknow,0.901057
277,4,Ġthat,1.582244
277,5,Ġthe,3.681979
277,6,Ġold,9.188593
277,7,Ġman,6.222298
277,8,Ġthinks,9.045807
277,9,Ġthe,3.884146
277,10,Ġwoman,8.067024
277,11,Ġknows,8.319061
277,12,Ġthe,4.178934
277,13,Ġyoung,9.740372
277,14,Ġboy,7.262623
277,15,Ġsaid,13.710509
277,16,Ġthe,2.518457
277,17,Ġteacher,11.705573
277,18,Ġgave,7.465471
277,19,Ġa,4.358946
277,20,Ġtest,9.647147
277,21,Ġto,3.815605
277,22,Ġher,3.631894
277,23,Ġstudents,8.244438
277,24,.,1.14224
277,25,<|endoftext|>,10.325324
278,0,<|endoftext|>,0.0
278,1,We,7.155761
278,2,Ġall,5.001796
278,3,Ġknow,0.901057
278,4,Ġwhat,3.935055
278,5,Ġthe,4.242649
278,6,Ġold,9.150085
278,7,Ġman,6.466228
278,8,Ġthinks,4.987725
278,9,Ġthe,8.073834
278,10,Ġwoman,9.232328
278,11,Ġknows,9.751128
278,12,Ġthe,6.699828
278,13,Ġyoung,8.562592
278,14,Ġboy,7.412667
278,15,Ġsaid,12.478757
278,16,Ġthe,3.831424
278,17,Ġteacher,12.417032
278,18,Ġgave,7.471591
278,19,Ġto,6.195982
278,20,Ġher,2.146116
278,21,Ġstudents,10.518306
278,22,.,1.272714
278,23,<|endoftext|>,9.973721
279,0,<|endoftext|>,0.0
279,1,We,7.155761
279,2,Ġall,5.001796
279,3,Ġknow,0.901057
279,4,Ġwhat,3.935055
279,5,Ġthe,4.242649
279,6,Ġold,9.150085
279,7,Ġman,6.466228
279,8,Ġthinks,4.987725
279,9,Ġthe,8.073834
279,10,Ġwoman,9.232328
279,11,Ġknows,9.751128
279,12,Ġthe,6.699828
279,13,Ġyoung,8.562592
279,14,Ġboy,7.412667
279,15,Ġsaid,12.478757
279,16,Ġthe,3.831424
279,17,Ġteacher,12.417032
279,18,Ġgave,7.471591
279,19,Ġa,4.656184
279,20,Ġtest,9.549375
279,21,Ġto,3.380809
279,22,Ġher,3.970818
279,23,Ġstudents,7.145791
279,24,.,1.136699
279,25,<|endoftext|>,9.887738
280,0,<|endoftext|>,0.0
280,1,I,5.770367
280,2,Ġknow,5.545733
280,3,Ġthat,2.749727
280,4,Ġthe,4.424285
280,5,Ġpriest,15.331257
280,6,Ġcongratulated,17.671142
280,7,Ġafter,13.518901
280,8,Ġthe,2.663177
280,9,Ġservice,6.47901
280,10,.,3.30412
280,11,<|endoftext|>,9.337047
281,0,<|endoftext|>,0.0
281,1,I,5.770367
281,2,Ġknow,5.545733
281,3,Ġthat,2.74974
281,4,Ġthe,4.424285
281,5,Ġpriest,15.331268
281,6,Ġcongratulated,17.67114
281,7,Ġthe,3.68724
281,8,Ġcouple,7.123596
281,9,Ġafter,6.269014
281,10,Ġthe,2.887499
281,11,Ġservice,6.885402
281,12,.,2.175427
281,13,<|endoftext|>,9.361753
282,0,<|endoftext|>,0.0
282,1,I,5.770367
282,2,Ġknow,5.545733
282,3,Ġwho,8.366532
282,4,Ġthe,5.844098
282,5,Ġpriest,14.573504
282,6,Ġcongratulated,19.733842
282,7,Ġafter,8.750175
282,8,Ġthe,2.961847
282,9,Ġservice,7.223444
282,10,.,1.541539
282,11,<|endoftext|>,8.464407
283,0,<|endoftext|>,0.0
283,1,I,5.770367
283,2,Ġknow,5.545733
283,3,Ġwho,8.366545
283,4,Ġthe,5.844098
283,5,Ġpriest,14.573503
283,6,Ġcongratulated,19.733826
283,7,Ġthe,5.392645
283,8,Ġcouple,7.535547
283,9,Ġafter,7.228618
283,10,Ġthe,2.906506
283,11,Ġservice,7.312349
283,12,.,1.220047
283,13,<|endoftext|>,8.45691
284,0,<|endoftext|>,0.0
284,1,I,5.770367
284,2,Ġknow,5.545733
284,3,Ġthat,2.749727
284,4,Ġthe,4.424285
284,5,Ġman,9.193518
284,6,Ġthinks,11.691302
284,7,Ġthe,4.863965
284,8,Ġpriest,13.371121
284,9,Ġcongratulated,19.675216
284,10,Ġafter,13.562515
284,11,Ġthe,2.822406
284,12,Ġservice,5.997579
284,13,.,2.604981
284,14,<|endoftext|>,9.411566
285,0,<|endoftext|>,0.0
285,1,I,5.770357
285,2,Ġknow,5.545684
285,3,Ġthat,2.749692
285,4,Ġthe,4.424222
285,5,Ġman,9.193499
285,6,Ġthinks,11.691253
285,7,Ġthe,4.863968
285,8,Ġpriest,13.371159
285,9,Ġcongratulated,19.675224
285,10,Ġthe,4.137815
285,11,Ġcouple,7.816922
285,12,Ġafter,6.488368
285,13,Ġthe,2.997913
285,14,Ġservice,6.422383
285,15,.,1.948196
285,16,<|endoftext|>,9.499525
286,0,<|endoftext|>,0.0
286,1,I,5.770367
286,2,Ġknow,5.545733
286,3,Ġwho,8.366532
286,4,Ġthe,5.844098
286,5,Ġman,5.058048
286,6,Ġthinks,10.160691
286,7,Ġthe,6.498819
286,8,Ġpriest,13.400976
286,9,Ġcongratulated,20.779128
286,10,Ġafter,9.412651
286,11,Ġthe,3.08712
286,12,Ġservice,6.652391
286,13,.,1.475982
286,14,<|endoftext|>,7.917067
287,0,<|endoftext|>,0.0
287,1,I,5.770357
287,2,Ġknow,5.545684
287,3,Ġwho,8.366485
287,4,Ġthe,5.844156
287,5,Ġman,5.058116
287,6,Ġthinks,10.160666
287,7,Ġthe,6.49879
287,8,Ġpriest,13.400931
287,9,Ġcongratulated,20.77912
287,10,Ġthe,5.007119
287,11,Ġcouple,7.574712
287,12,Ġafter,7.212195
287,13,Ġthe,3.057235
287,14,Ġservice,6.826941
287,15,.,1.124286
287,16,<|endoftext|>,8.080129
288,0,<|endoftext|>,0.0
288,1,I,5.770357
288,2,Ġknow,5.545684
288,3,Ġthat,2.749692
288,4,Ġthe,4.424222
288,5,Ġman,9.193499
288,6,Ġthinks,11.691253
288,7,Ġthe,4.863968
288,8,Ġwoman,6.711682
288,9,Ġsaid,9.436267
288,10,Ġthe,4.017633
288,11,Ġpriest,13.438949
288,12,Ġcongratulated,18.432071
288,13,Ġafter,13.607332
288,14,Ġthe,2.826494
288,15,Ġservice,4.954104
288,16,.,1.772097
288,17,<|endoftext|>,9.262792
289,0,<|endoftext|>,0.0
289,1,I,5.770357
289,2,Ġknow,5.545684
289,3,Ġthat,2.749692
289,4,Ġthe,4.424222
289,5,Ġman,9.193499
289,6,Ġthinks,11.691253
289,7,Ġthe,4.863968
289,8,Ġwoman,6.711682
289,9,Ġsaid,9.436267
289,10,Ġthe,4.017633
289,11,Ġpriest,13.438949
289,12,Ġcongratulated,18.432071
289,13,Ġthe,5.023763
289,14,Ġcouple,6.487384
289,15,Ġafter,6.627874
289,16,Ġthe,2.829857
289,17,Ġservice,5.350943
289,18,.,1.48516
289,19,<|endoftext|>,9.201193
290,0,<|endoftext|>,0.0
290,1,I,5.770357
290,2,Ġknow,5.545684
290,3,Ġwho,8.366485
290,4,Ġthe,5.844156
290,5,Ġman,5.058116
290,6,Ġthinks,10.160666
290,7,Ġthe,6.49879
290,8,Ġwoman,6.468726
290,9,Ġsaid,8.9609
290,10,Ġthe,5.748296
290,11,Ġpriest,13.23236
290,12,Ġcongratulated,18.492966
290,13,Ġafter,10.520165
290,14,Ġthe,2.917178
290,15,Ġservice,5.210509
290,16,.,1.116637
290,17,<|endoftext|>,7.712468
291,0,<|endoftext|>,0.0
291,1,I,5.770357
291,2,Ġknow,5.545684
291,3,Ġwho,8.366485
291,4,Ġthe,5.844156
291,5,Ġman,5.058116
291,6,Ġthinks,10.160666
291,7,Ġthe,6.49879
291,8,Ġwoman,6.468726
291,9,Ġsaid,8.9609
291,10,Ġthe,5.748296
291,11,Ġpriest,13.23236
291,12,Ġcongratulated,18.492966
291,13,Ġthe,5.329822
291,14,Ġcouple,5.92785
291,15,Ġafter,6.94641
291,16,Ġthe,2.826299
291,17,Ġservice,5.454665
291,18,.,0.941108
291,19,<|endoftext|>,7.678431
292,0,<|endoftext|>,0.0
292,1,I,5.770357
292,2,Ġknow,5.545684
292,3,Ġthat,2.749692
292,4,Ġthe,4.424222
292,5,Ġman,9.193499
292,6,Ġthinks,11.691253
292,7,Ġthe,4.863968
292,8,Ġwoman,6.711682
292,9,Ġsaid,9.436267
292,10,Ġshe,3.457184
292,11,Ġbelieved,8.588995
292,12,Ġthe,3.852447
292,13,Ġpriest,11.066874
292,14,Ġcongratulated,21.677167
292,15,Ġafter,13.152603
292,16,Ġthe,2.837231
292,17,Ġservice,5.161212
292,18,.,1.56528
292,19,<|endoftext|>,9.293401
293,0,<|endoftext|>,0.0
293,1,I,5.770357
293,2,Ġknow,5.545684
293,3,Ġthat,2.749692
293,4,Ġthe,4.424222
293,5,Ġman,9.193499
293,6,Ġthinks,11.691253
293,7,Ġthe,4.863968
293,8,Ġwoman,6.711682
293,9,Ġsaid,9.436267
293,10,Ġshe,3.457184
293,11,Ġbelieved,8.588995
293,12,Ġthe,3.852447
293,13,Ġpriest,11.066874
293,14,Ġcongratulated,21.677167
293,15,Ġthe,4.474904
293,16,Ġcouple,6.491465
293,17,Ġafter,6.263116
293,18,Ġthe,2.846636
293,19,Ġservice,5.645882
293,20,.,1.328794
293,21,<|endoftext|>,9.164984
294,0,<|endoftext|>,0.0
294,1,I,5.770357
294,2,Ġknow,5.545684
294,3,Ġwho,8.366485
294,4,Ġthe,5.844156
294,5,Ġman,5.058116
294,6,Ġthinks,10.160666
294,7,Ġthe,6.49879
294,8,Ġwoman,6.468726
294,9,Ġsaid,8.9609
294,10,Ġshe,2.385152
294,11,Ġbelieved,8.258471
294,12,Ġthe,6.080223
294,13,Ġpriest,11.411841
294,14,Ġcongratulated,20.912841
294,15,Ġafter,10.626196
294,16,Ġthe,2.87436
294,17,Ġservice,5.428382
294,18,.,1.053519
294,19,<|endoftext|>,7.806523
295,0,<|endoftext|>,0.0
295,1,I,5.770357
295,2,Ġknow,5.545684
295,3,Ġwho,8.366485
295,4,Ġthe,5.844156
295,5,Ġman,5.058116
295,6,Ġthinks,10.160666
295,7,Ġthe,6.49879
295,8,Ġwoman,6.468726
295,9,Ġsaid,8.9609
295,10,Ġshe,2.385152
295,11,Ġbelieved,8.258471
295,12,Ġthe,6.080223
295,13,Ġpriest,11.411841
295,14,Ġcongratulated,20.912841
295,15,Ġthe,4.671568
295,16,Ġcouple,5.910023
295,17,Ġafter,6.355103
295,18,Ġthe,2.846192
295,19,Ġservice,5.774095
295,20,.,0.885356
295,21,<|endoftext|>,7.769652
296,0,<|endoftext|>,0.0
296,1,I,5.770357
296,2,Ġknow,5.545684
296,3,Ġthat,2.749692
296,4,Ġthe,4.424222
296,5,Ġman,9.193499
296,6,Ġthinks,11.691253
296,7,Ġthe,4.863968
296,8,Ġwoman,6.711682
296,9,Ġsaid,9.436267
296,10,Ġshe,3.457184
296,11,Ġbelieved,8.588995
296,12,Ġthe,3.852447
296,13,Ġpriest,11.066874
296,14,Ġcongratulated,21.677167
296,15,Ġafter,13.152603
296,16,Ġthe,2.837231
296,17,Ġservice,5.161212
296,18,.,1.56528
296,19,<|endoftext|>,9.293401
297,0,<|endoftext|>,0.0
297,1,I,5.770357
297,2,Ġknow,5.545684
297,3,Ġthat,2.749692
297,4,Ġthe,4.424222
297,5,Ġman,9.193499
297,6,Ġthinks,11.691253
297,7,Ġthe,4.863968
297,8,Ġwoman,6.711682
297,9,Ġsaid,9.436267
297,10,Ġshe,3.457184
297,11,Ġbelieved,8.588995
297,12,Ġthe,3.852447
297,13,Ġpriest,11.066874
297,14,Ġcongratulated,21.677167
297,15,Ġthe,4.474904
297,16,Ġcouple,6.491465
297,17,Ġafter,6.263116
297,18,Ġthe,2.846636
297,19,Ġservice,5.645882
297,20,.,1.328794
297,21,<|endoftext|>,9.164984
298,0,<|endoftext|>,0.0
298,1,I,5.770357
298,2,Ġknow,5.545684
298,3,Ġwho,8.366485
298,4,Ġthe,5.844156
298,5,Ġman,5.058116
298,6,Ġthinks,10.160666
298,7,Ġthe,6.49879
298,8,Ġwoman,6.468726
298,9,Ġsaid,8.9609
298,10,Ġshe,2.385152
298,11,Ġbelieved,8.258471
298,12,Ġthe,6.080223
298,13,Ġpriest,11.411841
298,14,Ġcongratulated,20.912841
298,15,Ġafter,10.626196
298,16,Ġthe,2.87436
298,17,Ġservice,5.428382
298,18,.,1.053519
298,19,<|endoftext|>,7.806523
299,0,<|endoftext|>,0.0
299,1,I,5.770357
299,2,Ġknow,5.545684
299,3,Ġwho,8.366485
299,4,Ġthe,5.844156
299,5,Ġman,5.058116
299,6,Ġthinks,10.160666
299,7,Ġthe,6.49879
299,8,Ġwoman,6.468726
299,9,Ġsaid,8.9609
299,10,Ġshe,2.385152
299,11,Ġbelieved,8.258471
299,12,Ġthe,6.080223
299,13,Ġpriest,11.411841
299,14,Ġcongratulated,20.912841
299,15,Ġthe,4.671568
299,16,Ġcouple,5.910023
299,17,Ġafter,6.355103
299,18,Ġthe,2.846192
299,19,Ġservice,5.774095
299,20,.,0.885356
299,21,<|endoftext|>,7.769652
300,0,<|endoftext|>,0.0
300,1,You,7.682203
300,2,Ġknow,4.524784
300,3,Ġthat,3.787021
300,4,Ġthe,7.61201
300,5,Ġyoung,10.97441
300,6,Ġwoman,5.293863
300,7,Ġintroduced,13.328471
300,8,Ġto,1.060591
300,9,Ġher,3.956015
300,10,Ġmother,5.772725
300,11,.,8.159983
300,12,<|endoftext|>,9.652041
301,0,<|endoftext|>,0.0
301,1,You,7.682203
301,2,Ġknow,4.524784
301,3,Ġthat,3.787013
301,4,Ġthe,7.61201
301,5,Ġyoung,10.97441
301,6,Ġwoman,5.293861
301,7,Ġintroduced,13.328461
301,8,Ġher,5.828038
301,9,Ġfriend,6.352047
301,10,Ġto,1.120195
301,11,Ġher,4.190816
301,12,Ġmother,5.560527
301,13,.,4.761728
301,14,<|endoftext|>,10.590048
302,0,<|endoftext|>,0.0
302,1,You,7.682203
302,2,Ġknow,4.524784
302,3,Ġwho,5.05256
302,4,Ġthe,6.464221
302,5,Ġyoung,9.923546
302,6,Ġwoman,5.741152
302,7,Ġintroduced,13.469916
302,8,Ġto,0.669476
302,9,Ġher,4.017242
302,10,Ġmother,5.880512
302,11,.,7.524616
302,12,<|endoftext|>,9.034081
303,0,<|endoftext|>,0.0
303,1,You,7.682203
303,2,Ġknow,4.524784
303,3,Ġwho,5.052563
303,4,Ġthe,6.464221
303,5,Ġyoung,9.923546
303,6,Ġwoman,5.741141
303,7,Ġintroduced,13.469929
303,8,Ġher,6.237157
303,9,Ġfriend,8.351985
303,10,Ġto,0.91403
303,11,Ġher,5.230166
303,12,Ġmother,6.389327
303,13,.,5.771926
303,14,<|endoftext|>,9.333498
304,0,<|endoftext|>,0.0
304,1,You,7.682215
304,2,Ġknow,4.524781
304,3,Ġthat,3.786978
304,4,Ġwe,9.920285
304,5,Ġall,3.162407
304,6,Ġbelieve,8.921106
304,7,Ġthe,4.9374
304,8,Ġyoung,11.406345
304,9,Ġwoman,6.543904
304,10,Ġintroduced,14.582357
304,11,Ġto,1.093948
304,12,Ġher,5.59674
304,13,Ġmother,5.923202
304,14,.,7.226137
304,15,<|endoftext|>,10.43472
305,0,<|endoftext|>,0.0
305,1,You,7.68222
305,2,Ġknow,4.524771
305,3,Ġthat,3.786982
305,4,Ġwe,9.920313
305,5,Ġall,3.162415
305,6,Ġbelieve,8.921072
305,7,Ġthe,4.937407
305,8,Ġyoung,11.40635
305,9,Ġwoman,6.543912
305,10,Ġintroduced,14.58238
305,11,Ġher,6.095008
305,12,Ġfriend,8.923252
305,13,Ġto,1.228089
305,14,Ġher,4.264726
305,15,Ġmother,5.588889
305,16,.,3.766094
305,17,<|endoftext|>,10.946639
306,0,<|endoftext|>,0.0
306,1,You,7.682215
306,2,Ġknow,4.524781
306,3,Ġwho,5.052583
306,4,Ġwe,5.397941
306,5,Ġall,5.272967
306,6,Ġbelieve,9.367898
306,7,Ġthe,8.533461
306,8,Ġyoung,10.926055
306,9,Ġwoman,7.269793
306,10,Ġintroduced,14.736772
306,11,Ġto,0.834538
306,12,Ġher,5.693076
306,13,Ġmother,5.668728
306,14,.,6.005506
306,15,<|endoftext|>,8.924358
307,0,<|endoftext|>,0.0
307,1,You,7.68222
307,2,Ġknow,4.524771
307,3,Ġwho,5.052576
307,4,Ġwe,5.397924
307,5,Ġall,5.272978
307,6,Ġbelieve,9.367898
307,7,Ġthe,8.533459
307,8,Ġyoung,10.926037
307,9,Ġwoman,7.269786
307,10,Ġintroduced,14.736754
307,11,Ġher,7.095456
307,12,Ġfriend,9.230613
307,13,Ġto,0.924746
307,14,Ġher,6.739346
307,15,Ġmother,5.99645
307,16,.,4.406848
307,17,<|endoftext|>,9.420603
308,0,<|endoftext|>,0.0
308,1,You,7.68222
308,2,Ġknow,4.524771
308,3,Ġthat,3.786982
308,4,Ġwe,9.920313
308,5,Ġall,3.162415
308,6,Ġbelieve,8.921072
308,7,Ġshe,11.425187
308,8,Ġthought,11.490083
308,9,Ġthe,4.262672
308,10,Ġyoung,10.477599
308,11,Ġwoman,2.831749
308,12,Ġintroduced,15.287263
308,13,Ġto,2.848315
308,14,Ġher,2.832522
308,15,Ġmother,7.746795
308,16,.,8.210121
308,17,<|endoftext|>,9.432307
309,0,<|endoftext|>,0.0
309,1,You,7.68222
309,2,Ġknow,4.524771
309,3,Ġthat,3.786982
309,4,Ġwe,9.920313
309,5,Ġall,3.162415
309,6,Ġbelieve,8.921072
309,7,Ġshe,11.425187
309,8,Ġthought,11.490083
309,9,Ġthe,4.262672
309,10,Ġyoung,10.477599
309,11,Ġwoman,2.831749
309,12,Ġintroduced,15.287263
309,13,Ġher,2.567397
309,14,Ġfriend,8.609805
309,15,Ġto,1.083293
309,16,Ġher,3.781768
309,17,Ġmother,6.330287
309,18,.,3.887309
309,19,<|endoftext|>,9.889487
310,0,<|endoftext|>,0.0
310,1,You,7.68222
310,2,Ġknow,4.524771
310,3,Ġwho,5.052576
310,4,Ġwe,5.397924
310,5,Ġall,5.272978
310,6,Ġbelieve,9.367898
310,7,Ġshe,12.698234
310,8,Ġthought,11.949663
310,9,Ġthe,5.744873
310,10,Ġyoung,10.516134
310,11,Ġwoman,3.076594
310,12,Ġintroduced,15.489645
310,13,Ġto,1.914005
310,14,Ġher,2.562359
310,15,Ġmother,7.22298
310,16,.,6.885218
310,17,<|endoftext|>,8.065278
311,0,<|endoftext|>,0.0
311,1,You,7.68222
311,2,Ġknow,4.524771
311,3,Ġwho,5.052576
311,4,Ġwe,5.397924
311,5,Ġall,5.272978
311,6,Ġbelieve,9.367898
311,7,Ġshe,12.698234
311,8,Ġthought,11.949663
311,9,Ġthe,5.744873
311,10,Ġyoung,10.516134
311,11,Ġwoman,3.076594
311,12,Ġintroduced,15.489645
311,13,Ġher,2.794853
311,14,Ġfriend,8.778669
311,15,Ġto,1.037792
311,16,Ġher,3.592663
311,17,Ġmother,6.604917
311,18,.,4.580942
311,19,<|endoftext|>,8.340735
312,0,<|endoftext|>,0.0
312,1,You,7.68222
312,2,Ġknow,4.524771
312,3,Ġthat,3.786982
312,4,Ġwe,9.920313
312,5,Ġall,3.162415
312,6,Ġbelieve,8.921072
312,7,Ġshe,11.425187
312,8,Ġthought,11.490083
312,9,Ġhe,5.224828
312,10,Ġsaid,9.791858
312,11,Ġthe,3.848337
312,12,Ġyoung,12.984321
312,13,Ġwoman,2.882892
312,14,Ġintroduced,15.2475
312,15,Ġto,3.844231
312,16,Ġher,2.798647
312,17,Ġmother,8.922672
312,18,.,5.134498
312,19,<|endoftext|>,9.250617
313,0,<|endoftext|>,0.0
313,1,You,7.68222
313,2,Ġknow,4.524771
313,3,Ġthat,3.786982
313,4,Ġwe,9.920313
313,5,Ġall,3.162415
313,6,Ġbelieve,8.921072
313,7,Ġshe,11.425187
313,8,Ġthought,11.490083
313,9,Ġhe,5.224828
313,10,Ġsaid,9.791858
313,11,Ġthe,3.848337
313,12,Ġyoung,12.984321
313,13,Ġwoman,2.882892
313,14,Ġintroduced,15.2475
313,15,Ġher,2.837727
313,16,Ġfriend,9.415401
313,17,Ġto,1.182284
313,18,Ġher,3.850016
313,19,Ġmother,6.173447
313,20,.,3.483167
313,21,<|endoftext|>,9.428365
314,0,<|endoftext|>,0.0
314,1,You,7.68222
314,2,Ġknow,4.524771
314,3,Ġwho,5.052576
314,4,Ġwe,5.397924
314,5,Ġall,5.272978
314,6,Ġbelieve,9.367898
314,7,Ġshe,12.698234
314,8,Ġthought,11.949663
314,9,Ġhe,5.439223
314,10,Ġsaid,10.858138
314,11,Ġthe,5.713526
314,12,Ġyoung,11.663021
314,13,Ġwoman,3.304454
314,14,Ġintroduced,15.10136
314,15,Ġto,2.628059
314,16,Ġher,2.77695
314,17,Ġmother,8.593919
314,18,.,4.963958
314,19,<|endoftext|>,7.592436
315,0,<|endoftext|>,0.0
315,1,You,7.68222
315,2,Ġknow,4.524771
315,3,Ġwho,5.052576
315,4,Ġwe,5.397924
315,5,Ġall,5.272978
315,6,Ġbelieve,9.367898
315,7,Ġshe,12.698234
315,8,Ġthought,11.949663
315,9,Ġhe,5.439223
315,10,Ġsaid,10.858138
315,11,Ġthe,5.713526
315,12,Ġyoung,11.663021
315,13,Ġwoman,3.304454
315,14,Ġintroduced,15.10136
315,15,Ġher,2.916484
315,16,Ġfriend,9.784586
315,17,Ġto,1.164757
315,18,Ġher,3.799201
315,19,Ġmother,6.333228
315,20,.,4.152312
315,21,<|endoftext|>,7.838712
316,0,<|endoftext|>,0.0
316,1,You,7.68222
316,2,Ġknow,4.524771
316,3,Ġthat,3.786982
316,4,Ġwe,9.920313
316,5,Ġall,3.162415
316,6,Ġbelieve,8.921072
316,7,Ġshe,11.425187
316,8,Ġthought,11.490083
316,9,Ġhe,5.224828
316,10,Ġsaid,9.791858
316,11,Ġthe,3.848337
316,12,Ġyoung,12.984321
316,13,Ġwoman,2.882892
316,14,Ġintroduced,15.2475
316,15,Ġto,3.844231
316,16,Ġher,2.798647
316,17,Ġmother,8.922672
316,18,.,5.134498
316,19,<|endoftext|>,9.250617
317,0,<|endoftext|>,0.0
317,1,You,7.68222
317,2,Ġknow,4.524771
317,3,Ġthat,3.786982
317,4,Ġwe,9.920313
317,5,Ġall,3.162415
317,6,Ġbelieve,8.921072
317,7,Ġshe,11.425187
317,8,Ġthought,11.490083
317,9,Ġhe,5.224828
317,10,Ġsaid,9.791858
317,11,Ġthe,3.848337
317,12,Ġyoung,12.984321
317,13,Ġwoman,2.882892
317,14,Ġintroduced,15.2475
317,15,Ġher,2.837727
317,16,Ġfriend,9.415401
317,17,Ġto,1.182284
317,18,Ġher,3.850016
317,19,Ġmother,6.173447
317,20,.,3.483167
317,21,<|endoftext|>,9.428365
318,0,<|endoftext|>,0.0
318,1,You,7.68222
318,2,Ġknow,4.524771
318,3,Ġwho,5.052576
318,4,Ġwe,5.397924
318,5,Ġall,5.272978
318,6,Ġbelieve,9.367898
318,7,Ġshe,12.698234
318,8,Ġthought,11.949663
318,9,Ġhe,5.439223
318,10,Ġsaid,10.858138
318,11,Ġthe,5.713526
318,12,Ġyoung,11.663021
318,13,Ġwoman,3.304454
318,14,Ġintroduced,15.10136
318,15,Ġto,2.628059
318,16,Ġher,2.77695
318,17,Ġmother,8.593919
318,18,.,4.963958
318,19,<|endoftext|>,7.592436
319,0,<|endoftext|>,0.0
319,1,You,7.68222
319,2,Ġknow,4.524771
319,3,Ġwho,5.052576
319,4,Ġwe,5.397924
319,5,Ġall,5.272978
319,6,Ġbelieve,9.367898
319,7,Ġshe,12.698234
319,8,Ġthought,11.949663
319,9,Ġhe,5.439223
319,10,Ġsaid,10.858138
319,11,Ġthe,5.713526
319,12,Ġyoung,11.663021
319,13,Ġwoman,3.304454
319,14,Ġintroduced,15.10136
319,15,Ġher,2.916484
319,16,Ġfriend,9.784586
319,17,Ġto,1.164757
319,18,Ġher,3.799201
319,19,Ġmother,6.333228
319,20,.,4.152312
319,21,<|endoftext|>,7.838712
320,0,<|endoftext|>,0.0
320,1,He,8.582737
320,2,Ġknows,8.734376
320,3,Ġthat,2.922586
320,4,Ġthe,3.683981
320,5,Ġpolice,8.714706
320,6,Ġinterrogated,14.636797
320,7,Ġin,9.483769
320,8,Ġthe,2.206248
320,9,Ġprison,8.51377
320,10,.,6.681014
320,11,<|endoftext|>,9.446158
321,0,<|endoftext|>,0.0
321,1,He,8.582737
321,2,Ġknows,8.734376
321,3,Ġthat,2.922574
321,4,Ġthe,3.683981
321,5,Ġpolice,8.714694
321,6,Ġinterrogated,14.636794
321,7,Ġthe,5.171379
321,8,Ġspy,13.562677
321,9,Ġin,5.204974
321,10,Ġthe,2.405496
321,11,Ġprison,8.82164
321,12,.,2.9126
321,13,<|endoftext|>,9.316811
322,0,<|endoftext|>,0.0
322,1,He,8.582737
322,2,Ġknows,8.734376
322,3,Ġwho,6.314426
322,4,Ġthe,4.333661
322,5,Ġpolice,9.947937
322,6,Ġinterrogated,14.825829
322,7,Ġin,5.054121
322,8,Ġthe,2.021048
322,9,Ġprison,9.481889
322,10,.,2.283445
322,11,<|endoftext|>,8.390661
323,0,<|endoftext|>,0.0
323,1,He,8.582737
323,2,Ġknows,8.734376
323,3,Ġwho,6.314424
323,4,Ġthe,4.333661
323,5,Ġpolice,9.947936
323,6,Ġinterrogated,14.82584
323,7,Ġthe,6.136582
323,8,Ġspy,12.590385
323,9,Ġin,5.616895
323,10,Ġthe,2.099538
323,11,Ġprison,9.917933
323,12,.,1.991981
323,13,<|endoftext|>,8.109122
324,0,<|endoftext|>,0.0
324,1,He,8.582737
324,2,Ġknows,8.734376
324,3,Ġthat,2.922586
324,4,Ġthe,3.683981
324,5,Ġinspector,15.441081
324,6,Ġsaid,9.165557
324,7,Ġthe,3.503078
324,8,Ġpolice,7.40649
324,9,Ġinterrogated,14.029256
324,10,Ġin,9.880521
324,11,Ġthe,2.034237
324,12,Ġprison,9.742133
324,13,.,6.641253
324,14,<|endoftext|>,8.230444
325,0,<|endoftext|>,0.0
325,1,He,8.582732
325,2,Ġknows,8.734344
325,3,Ġthat,2.922593
325,4,Ġthe,3.684015
325,5,Ġinspector,15.4411
325,6,Ġsaid,9.165608
325,7,Ġthe,3.503065
325,8,Ġpolice,7.406463
325,9,Ġinterrogated,14.029221
325,10,Ġthe,4.447383
325,11,Ġspy,14.376569
325,12,Ġin,5.591709
325,13,Ġthe,2.581274
325,14,Ġprison,9.539908
325,15,.,2.716544
325,16,<|endoftext|>,8.035987
326,0,<|endoftext|>,0.0
326,1,He,8.582737
326,2,Ġknows,8.734376
326,3,Ġwho,6.314426
326,4,Ġthe,4.333661
326,5,Ġinspector,14.238181
326,6,Ġsaid,6.74014
326,7,Ġthe,6.271008
326,8,Ġpolice,6.815121
326,9,Ġinterrogated,12.449659
326,10,Ġin,5.892547
326,11,Ġthe,1.806172
326,12,Ġprison,10.45298
326,13,.,2.594371
326,14,<|endoftext|>,7.430537
327,0,<|endoftext|>,0.0
327,1,He,8.582732
327,2,Ġknows,8.734344
327,3,Ġwho,6.31441
327,4,Ġthe,4.333633
327,5,Ġinspector,14.238199
327,6,Ġsaid,6.740259
327,7,Ġthe,6.270973
327,8,Ġpolice,6.815134
327,9,Ġinterrogated,12.449751
327,10,Ġthe,6.141117
327,11,Ġspy,13.272296
327,12,Ġin,5.957746
327,13,Ġthe,2.28726
327,14,Ġprison,9.850191
327,15,.,1.700124
327,16,<|endoftext|>,7.197053
328,0,<|endoftext|>,0.0
328,1,He,8.582732
328,2,Ġknows,8.734344
328,3,Ġthat,2.922593
328,4,Ġthe,3.684015
328,5,Ġinspector,15.4411
328,6,Ġsaid,9.165608
328,7,Ġthe,3.503065
328,8,Ġman,6.87472
328,9,Ġreported,11.195637
328,10,Ġthe,1.761763
328,11,Ġpolice,8.918957
328,12,Ġinterrogated,17.54936
328,13,Ġin,9.168713
328,14,Ġthe,1.899532
328,15,Ġprison,10.845334
328,16,.,3.646376
328,17,<|endoftext|>,7.230947
329,0,<|endoftext|>,0.0
329,1,He,8.582732
329,2,Ġknows,8.734344
329,3,Ġthat,2.922593
329,4,Ġthe,3.684015
329,5,Ġinspector,15.4411
329,6,Ġsaid,9.165608
329,7,Ġthe,3.503065
329,8,Ġman,6.87472
329,9,Ġreported,11.195637
329,10,Ġthe,1.761763
329,11,Ġpolice,8.918957
329,12,Ġinterrogated,17.54936
329,13,Ġthe,4.634238
329,14,Ġspy,14.795392
329,15,Ġin,5.452995
329,16,Ġthe,2.465219
329,17,Ġprison,10.23342
329,18,.,2.766631
329,19,<|endoftext|>,7.120229
330,0,<|endoftext|>,0.0
330,1,He,8.582732
330,2,Ġknows,8.734344
330,3,Ġwho,6.31441
330,4,Ġthe,4.333633
330,5,Ġinspector,14.238199
330,6,Ġsaid,6.740259
330,7,Ġthe,6.270973
330,8,Ġman,4.784594
330,9,Ġreported,12.707118
330,10,Ġthe,3.872496
330,11,Ġpolice,8.727494
330,12,Ġinterrogated,15.483236
330,13,Ġin,6.177874
330,14,Ġthe,1.774978
330,15,Ġprison,11.152176
330,16,.,2.182904
330,17,<|endoftext|>,6.560686
331,0,<|endoftext|>,0.0
331,1,He,8.582732
331,2,Ġknows,8.734344
331,3,Ġwho,6.31441
331,4,Ġthe,4.333633
331,5,Ġinspector,14.238199
331,6,Ġsaid,6.740259
331,7,Ġthe,6.270973
331,8,Ġman,4.784594
331,9,Ġreported,12.707118
331,10,Ġthe,3.872496
331,11,Ġpolice,8.727494
331,12,Ġinterrogated,15.483236
331,13,Ġthe,6.120638
331,14,Ġspy,14.098957
331,15,Ġin,5.656358
331,16,Ġthe,2.35871
331,17,Ġprison,10.426491
331,18,.,1.915539
331,19,<|endoftext|>,6.288669
332,0,<|endoftext|>,0.0
332,1,He,8.582732
332,2,Ġknows,8.734344
332,3,Ġthat,2.922593
332,4,Ġthe,3.684015
332,5,Ġinspector,15.4411
332,6,Ġsaid,9.165608
332,7,Ġthe,3.503065
332,8,Ġman,6.87472
332,9,Ġreported,11.195637
332,10,Ġhe,6.985798
332,11,Ġthought,8.829267
332,12,Ġthe,2.627113
332,13,Ġpolice,6.421282
332,14,Ġinterrogated,14.281205
332,15,Ġin,10.338344
332,16,Ġthe,1.63564
332,17,Ġprison,10.646941
332,18,.,5.292722
332,19,<|endoftext|>,6.954857
333,0,<|endoftext|>,0.0
333,1,He,8.582732
333,2,Ġknows,8.734344
333,3,Ġthat,2.922593
333,4,Ġthe,3.684015
333,5,Ġinspector,15.4411
333,6,Ġsaid,9.165608
333,7,Ġthe,3.503065
333,8,Ġman,6.87472
333,9,Ġreported,11.195637
333,10,Ġhe,6.985798
333,11,Ġthought,8.829267
333,12,Ġthe,2.627113
333,13,Ġpolice,6.421282
333,14,Ġinterrogated,14.281205
333,15,Ġthe,4.528136
333,16,Ġspy,15.018037
333,17,Ġin,5.691864
333,18,Ġthe,2.263831
333,19,Ġprison,10.169362
333,20,.,2.422797
333,21,<|endoftext|>,6.850741
334,0,<|endoftext|>,0.0
334,1,He,8.582732
334,2,Ġknows,8.734344
334,3,Ġwho,6.31441
334,4,Ġthe,4.333633
334,5,Ġinspector,14.238199
334,6,Ġsaid,6.740259
334,7,Ġthe,6.270973
334,8,Ġman,4.784594
334,9,Ġreported,12.707118
334,10,Ġhe,9.238113
334,11,Ġthought,9.788148
334,12,Ġthe,6.537883
334,13,Ġpolice,6.203154
334,14,Ġinterrogated,13.970956
334,15,Ġin,6.420899
334,16,Ġthe,1.664234
334,17,Ġprison,10.943663
334,18,.,2.838257
334,19,<|endoftext|>,6.427879
335,0,<|endoftext|>,0.0
335,1,He,8.582732
335,2,Ġknows,8.734344
335,3,Ġwho,6.31441
335,4,Ġthe,4.333633
335,5,Ġinspector,14.238199
335,6,Ġsaid,6.740259
335,7,Ġthe,6.270973
335,8,Ġman,4.784594
335,9,Ġreported,12.707118
335,10,Ġhe,9.238113
335,11,Ġthought,9.788148
335,12,Ġthe,6.537883
335,13,Ġpolice,6.203154
335,14,Ġinterrogated,13.970956
335,15,Ġthe,5.772329
335,16,Ġspy,14.580512
335,17,Ġin,5.835891
335,18,Ġthe,2.219945
335,19,Ġprison,10.312682
335,20,.,1.66371
335,21,<|endoftext|>,6.202206
336,0,<|endoftext|>,0.0
336,1,He,8.582732
336,2,Ġknows,8.734344
336,3,Ġthat,2.922593
336,4,Ġthe,3.684015
336,5,Ġinspector,15.4411
336,6,Ġsaid,9.165608
336,7,Ġthe,3.503065
336,8,Ġman,6.87472
336,9,Ġreported,11.195637
336,10,Ġhe,6.985798
336,11,Ġthought,8.829267
336,12,Ġthe,2.627113
336,13,Ġpolice,6.421282
336,14,Ġinterrogated,14.281205
336,15,Ġin,10.338344
336,16,Ġthe,1.63564
336,17,Ġprison,10.646941
336,18,.,5.292722
336,19,<|endoftext|>,6.954857
337,0,<|endoftext|>,0.0
337,1,He,8.582732
337,2,Ġknows,8.734344
337,3,Ġthat,2.922593
337,4,Ġthe,3.684015
337,5,Ġinspector,15.4411
337,6,Ġsaid,9.165608
337,7,Ġthe,3.503065
337,8,Ġman,6.87472
337,9,Ġreported,11.195637
337,10,Ġhe,6.985798
337,11,Ġthought,8.829267
337,12,Ġthe,2.627113
337,13,Ġpolice,6.421282
337,14,Ġinterrogated,14.281205
337,15,Ġthe,4.528136
337,16,Ġspy,15.018037
337,17,Ġin,5.691864
337,18,Ġthe,2.263831
337,19,Ġprison,10.169362
337,20,.,2.422797
337,21,<|endoftext|>,6.850741
338,0,<|endoftext|>,0.0
338,1,He,8.582732
338,2,Ġknows,8.734344
338,3,Ġwho,6.31441
338,4,Ġthe,4.333633
338,5,Ġinspector,14.238199
338,6,Ġsaid,6.740259
338,7,Ġthe,6.270973
338,8,Ġman,4.784594
338,9,Ġreported,12.707118
338,10,Ġhe,9.238113
338,11,Ġthought,9.788148
338,12,Ġthe,6.537883
338,13,Ġpolice,6.203154
338,14,Ġinterrogated,13.970956
338,15,Ġin,6.420899
338,16,Ġthe,1.664234
338,17,Ġprison,10.943663
338,18,.,2.838257
338,19,<|endoftext|>,6.427879
339,0,<|endoftext|>,0.0
339,1,He,8.582732
339,2,Ġknows,8.734344
339,3,Ġwho,6.31441
339,4,Ġthe,4.333633
339,5,Ġinspector,14.238199
339,6,Ġsaid,6.740259
339,7,Ġthe,6.270973
339,8,Ġman,4.784594
339,9,Ġreported,12.707118
339,10,Ġhe,9.238113
339,11,Ġthought,9.788148
339,12,Ġthe,6.537883
339,13,Ġpolice,6.203154
339,14,Ġinterrogated,13.970956
339,15,Ġthe,5.772329
339,16,Ġspy,14.580512
339,17,Ġin,5.835891
339,18,Ġthe,2.219945
339,19,Ġprison,10.312682
339,20,.,1.66371
339,21,<|endoftext|>,6.202206
340,0,<|endoftext|>,0.0
340,1,She,9.588393
340,2,Ġknows,8.547399
340,3,Ġthat,3.373149
340,4,Ġthe,4.09474
340,5,Ġwoman,8.806006
340,6,Ġthanked,15.394442
340,7,Ġafter,10.953175
340,8,Ġthe,2.578851
340,9,Ġmeal,9.47911
340,10,.,3.197373
340,11,<|endoftext|>,7.216808
341,0,<|endoftext|>,0.0
341,1,She,9.588393
341,2,Ġknows,8.547399
341,3,Ġthat,3.373155
341,4,Ġthe,4.09474
341,5,Ġwoman,8.806017
341,6,Ġthanked,15.394462
341,7,Ġthe,4.265124
341,8,Ġwaitress,11.229109
341,9,Ġafter,6.492056
341,10,Ġthe,2.978488
341,11,Ġmeal,2.792189
341,12,.,2.096559
341,13,<|endoftext|>,7.074617
342,0,<|endoftext|>,0.0
342,1,She,9.588393
342,2,Ġknows,8.547399
342,3,Ġwho,6.179697
342,4,Ġthe,4.654339
342,5,Ġwoman,6.507543
342,6,Ġthanked,18.078646
342,7,Ġafter,7.404766
342,8,Ġthe,2.959471
342,9,Ġmeal,9.587858
342,10,.,1.348868
342,11,<|endoftext|>,6.808225
343,0,<|endoftext|>,0.0
343,1,She,9.588393
343,2,Ġknows,8.547399
343,3,Ġwho,6.179725
343,4,Ġthe,4.654339
343,5,Ġwoman,6.507531
343,6,Ġthanked,18.078636
343,7,Ġthe,6.253908
343,8,Ġwaitress,12.117284
343,9,Ġafter,7.380741
343,10,Ġthe,2.89606
343,11,Ġmeal,3.140781
343,12,.,1.141754
343,13,<|endoftext|>,6.52788
344,0,<|endoftext|>,0.0
344,1,She,9.588393
344,2,Ġknows,8.547399
344,3,Ġthat,3.373149
344,4,Ġthe,4.09474
344,5,Ġwaiter,15.905418
344,6,Ġsaid,6.968897
344,7,Ġthe,4.412511
344,8,Ġwoman,6.914873
344,9,Ġthanked,12.749754
344,10,Ġafter,12.865261
344,11,Ġthe,2.654034
344,12,Ġmeal,2.574168
344,13,.,1.930468
344,14,<|endoftext|>,6.55343
345,0,<|endoftext|>,0.0
345,1,She,9.588377
345,2,Ġknows,8.547394
345,3,Ġthat,3.373129
345,4,Ġthe,4.094771
345,5,Ġwaiter,15.905366
345,6,Ġsaid,6.968802
345,7,Ġthe,4.412481
345,8,Ġwoman,6.914911
345,9,Ġthanked,12.749763
345,10,Ġthe,4.586864
345,11,Ġwaitress,4.243724
345,12,Ġafter,6.305439
345,13,Ġthe,2.88789
345,14,Ġmeal,2.118282
345,15,.,1.785476
345,16,<|endoftext|>,6.174472
346,0,<|endoftext|>,0.0
346,1,She,9.588393
346,2,Ġknows,8.547399
346,3,Ġwho,6.179697
346,4,Ġthe,4.654339
346,5,Ġwaiter,14.596429
346,6,Ġsaid,9.598647
346,7,Ġthe,7.193673
346,8,Ġwoman,5.440259
346,9,Ġthanked,15.459709
346,10,Ġafter,7.580874
346,11,Ġthe,2.976932
346,12,Ġmeal,2.949503
346,13,.,0.958854
346,14,<|endoftext|>,5.744685
347,0,<|endoftext|>,0.0
347,1,She,9.588377
347,2,Ġknows,8.547394
347,3,Ġwho,6.17982
347,4,Ġthe,4.654325
347,5,Ġwaiter,14.59644
347,6,Ġsaid,9.598668
347,7,Ġthe,7.193745
347,8,Ġwoman,5.440242
347,9,Ġthanked,15.459625
347,10,Ġthe,7.16289
347,11,Ġwaitress,4.383345
347,12,Ġafter,7.183596
347,13,Ġthe,2.944465
347,14,Ġmeal,2.381265
347,15,.,0.960454
347,16,<|endoftext|>,5.314944
348,0,<|endoftext|>,0.0
348,1,She,9.588377
348,2,Ġknows,8.547394
348,3,Ġthat,3.373129
348,4,Ġthe,4.094771
348,5,Ġwaiter,15.905366
348,6,Ġsaid,6.968802
348,7,Ġthe,4.412481
348,8,Ġwoman,6.914911
348,9,Ġbelieved,11.053602
348,10,Ġthe,2.700413
348,11,Ġwoman,2.747608
348,12,Ġthanked,16.387072
348,13,Ġafter,13.541692
348,14,Ġthe,2.73678
348,15,Ġmeal,3.220967
348,16,.,1.598314
348,17,<|endoftext|>,6.159862
349,0,<|endoftext|>,0.0
349,1,She,9.588377
349,2,Ġknows,8.547394
349,3,Ġthat,3.373129
349,4,Ġthe,4.094771
349,5,Ġwaiter,15.905366
349,6,Ġsaid,6.968802
349,7,Ġthe,4.412481
349,8,Ġwoman,6.914911
349,9,Ġbelieved,11.053602
349,10,Ġthe,2.700413
349,11,Ġwoman,2.747608
349,12,Ġthanked,16.387072
349,13,Ġthe,4.050473
349,14,Ġwaitress,4.594555
349,15,Ġafter,6.215923
349,16,Ġthe,2.914214
349,17,Ġmeal,2.33621
349,18,.,1.477807
349,19,<|endoftext|>,5.887461
350,0,<|endoftext|>,0.0
350,1,She,9.588377
350,2,Ġknows,8.547394
350,3,Ġwho,6.17982
350,4,Ġthe,4.654325
350,5,Ġwaiter,14.59644
350,6,Ġsaid,9.598668
350,7,Ġthe,7.193745
350,8,Ġwoman,5.440242
350,9,Ġbelieved,11.32972
350,10,Ġthe,7.419981
350,11,Ġwoman,2.849143
350,12,Ġthanked,16.491639
350,13,Ġafter,8.068283
350,14,Ġthe,3.015018
350,15,Ġmeal,3.694386
350,16,.,1.01323
350,17,<|endoftext|>,5.534977
351,0,<|endoftext|>,0.0
351,1,She,9.588377
351,2,Ġknows,8.547394
351,3,Ġwho,6.17982
351,4,Ġthe,4.654325
351,5,Ġwaiter,14.59644
351,6,Ġsaid,9.598668
351,7,Ġthe,7.193745
351,8,Ġwoman,5.440242
351,9,Ġbelieved,11.32972
351,10,Ġthe,7.419981
351,11,Ġwoman,2.849143
351,12,Ġthanked,16.491639
351,13,Ġthe,5.744981
351,14,Ġwaitress,4.332337
351,15,Ġafter,6.593509
351,16,Ġthe,2.98618
351,17,Ġmeal,2.642563
351,18,.,1.006412
351,19,<|endoftext|>,5.243093
352,0,<|endoftext|>,0.0
352,1,She,9.588377
352,2,Ġknows,8.547394
352,3,Ġthat,3.373129
352,4,Ġthe,4.094771
352,5,Ġwaiter,15.905366
352,6,Ġsaid,6.968802
352,7,Ġthe,4.412481
352,8,Ġwoman,6.914911
352,9,Ġbelieved,11.053602
352,10,Ġshe,2.49094
352,11,Ġremembered,13.982258
352,12,Ġthe,2.441083
352,13,Ġwoman,4.042032
352,14,Ġthanked,17.444537
352,15,Ġafter,10.058681
352,16,Ġthe,2.572439
352,17,Ġmeal,3.274423
352,18,.,1.496255
352,19,<|endoftext|>,5.770765
353,0,<|endoftext|>,0.0
353,1,She,9.588377
353,2,Ġknows,8.547394
353,3,Ġthat,3.373129
353,4,Ġthe,4.094771
353,5,Ġwaiter,15.905366
353,6,Ġsaid,6.968802
353,7,Ġthe,4.412481
353,8,Ġwoman,6.914911
353,9,Ġbelieved,11.053602
353,10,Ġshe,2.49094
353,11,Ġremembered,13.982258
353,12,Ġthe,2.441083
353,13,Ġwoman,4.042032
353,14,Ġthanked,17.444537
353,15,Ġthe,4.004803
353,16,Ġwaitress,4.349454
353,17,Ġafter,6.586164
353,18,Ġthe,2.573413
353,19,Ġmeal,2.152962
353,20,.,1.488839
353,21,<|endoftext|>,5.438068
354,0,<|endoftext|>,0.0
354,1,She,9.588377
354,2,Ġknows,8.547394
354,3,Ġwho,6.17982
354,4,Ġthe,4.654325
354,5,Ġwaiter,14.59644
354,6,Ġsaid,9.598668
354,7,Ġthe,7.193745
354,8,Ġwoman,5.440242
354,9,Ġbelieved,11.32972
354,10,Ġshe,4.644297
354,11,Ġremembered,13.058096
354,12,Ġthe,5.739833
354,13,Ġwoman,3.919757
354,14,Ġthanked,14.822926
354,15,Ġafter,8.60852
354,16,Ġthe,2.747168
354,17,Ġmeal,3.936525
354,18,.,1.043137
354,19,<|endoftext|>,5.24183
355,0,<|endoftext|>,0.0
355,1,She,9.588377
355,2,Ġknows,8.547394
355,3,Ġwho,6.17982
355,4,Ġthe,4.654325
355,5,Ġwaiter,14.59644
355,6,Ġsaid,9.598668
355,7,Ġthe,7.193745
355,8,Ġwoman,5.440242
355,9,Ġbelieved,11.32972
355,10,Ġshe,4.644297
355,11,Ġremembered,13.058096
355,12,Ġthe,5.739833
355,13,Ġwoman,3.919757
355,14,Ġthanked,14.822926
355,15,Ġthe,5.219895
355,16,Ġwaitress,4.150608
355,17,Ġafter,7.042568
355,18,Ġthe,2.603819
355,19,Ġmeal,2.459788
355,20,.,1.11922
355,21,<|endoftext|>,4.858516
356,0,<|endoftext|>,0.0
356,1,She,9.588377
356,2,Ġknows,8.547394
356,3,Ġthat,3.373129
356,4,Ġthe,4.094771
356,5,Ġwaiter,15.905366
356,6,Ġsaid,6.968802
356,7,Ġthe,4.412481
356,8,Ġwoman,6.914911
356,9,Ġbelieved,11.053602
356,10,Ġshe,2.49094
356,11,Ġremembered,13.982258
356,12,Ġthe,2.441083
356,13,Ġwoman,4.042032
356,14,Ġthanked,17.444537
356,15,Ġafter,10.058681
356,16,Ġthe,2.572439
356,17,Ġmeal,3.274423
356,18,.,1.496255
356,19,<|endoftext|>,5.770765
357,0,<|endoftext|>,0.0
357,1,She,9.588377
357,2,Ġknows,8.547394
357,3,Ġthat,3.373129
357,4,Ġthe,4.094771
357,5,Ġwaiter,15.905366
357,6,Ġsaid,6.968802
357,7,Ġthe,4.412481
357,8,Ġwoman,6.914911
357,9,Ġbelieved,11.053602
357,10,Ġshe,2.49094
357,11,Ġremembered,13.982258
357,12,Ġthe,2.441083
357,13,Ġwoman,4.042032
357,14,Ġthanked,17.444537
357,15,Ġthe,4.004803
357,16,Ġwaitress,4.349454
357,17,Ġafter,6.586164
357,18,Ġthe,2.573413
357,19,Ġmeal,2.152962
357,20,.,1.488839
357,21,<|endoftext|>,5.438068
358,0,<|endoftext|>,0.0
358,1,She,9.588377
358,2,Ġknows,8.547394
358,3,Ġwho,6.17982
358,4,Ġthe,4.654325
358,5,Ġwaiter,14.59644
358,6,Ġsaid,9.598668
358,7,Ġthe,7.193745
358,8,Ġwoman,5.440242
358,9,Ġbelieved,11.32972
358,10,Ġshe,4.644297
358,11,Ġremembered,13.058096
358,12,Ġthe,5.739833
358,13,Ġwoman,3.919757
358,14,Ġthanked,14.822926
358,15,Ġafter,8.60852
358,16,Ġthe,2.747168
358,17,Ġmeal,3.936525
358,18,.,1.043137
358,19,<|endoftext|>,5.24183
359,0,<|endoftext|>,0.0
359,1,She,9.588377
359,2,Ġknows,8.547394
359,3,Ġwho,6.17982
359,4,Ġthe,4.654325
359,5,Ġwaiter,14.59644
359,6,Ġsaid,9.598668
359,7,Ġthe,7.193745
359,8,Ġwoman,5.440242
359,9,Ġbelieved,11.32972
359,10,Ġshe,4.644297
359,11,Ġremembered,13.058096
359,12,Ġthe,5.739833
359,13,Ġwoman,3.919757
359,14,Ġthanked,14.822926
359,15,Ġthe,5.219895
359,16,Ġwaitress,4.150608
359,17,Ġafter,7.042568
359,18,Ġthe,2.603819
359,19,Ġmeal,2.459788
359,20,.,1.11922
359,21,<|endoftext|>,4.858516
360,0,<|endoftext|>,0.0
360,1,They,9.39695
360,2,Ġknow,7.895996
360,3,Ġthat,2.878158
360,4,Ġthe,3.625604
360,5,Ġnurse,15.429673
360,6,Ġreassured,16.962581
360,7,Ġat,12.409089
360,8,Ġthe,2.240689
360,9,Ġhospital,3.021783
360,10,.,5.805382
360,11,<|endoftext|>,8.24842
361,0,<|endoftext|>,0.0
361,1,They,9.39695
361,2,Ġknow,7.895996
361,3,Ġthat,2.878158
361,4,Ġthe,3.625604
361,5,Ġnurse,15.429673
361,6,Ġreassured,16.962581
361,7,Ġthe,5.126072
361,8,Ġold,11.661639
361,9,Ġwoman,2.895616
361,10,Ġat,6.428387
361,11,Ġthe,0.80323
361,12,Ġhospital,2.677846
361,13,.,4.515805
361,14,<|endoftext|>,8.467508
362,0,<|endoftext|>,0.0
362,1,They,9.39695
362,2,Ġknow,7.895996
362,3,Ġwho,5.464138
362,4,Ġthe,4.252008
362,5,Ġnurse,15.020977
362,6,Ġreassured,21.62833
362,7,Ġat,8.946668
362,8,Ġthe,1.397159
362,9,Ġhospital,2.866959
362,10,.,2.360114
362,11,<|endoftext|>,7.326162
363,0,<|endoftext|>,0.0
363,1,They,9.39695
363,2,Ġknow,7.895996
363,3,Ġwho,5.464138
363,4,Ġthe,4.252008
363,5,Ġnurse,15.020977
363,6,Ġreassured,21.62833
363,7,Ġthe,6.526164
363,8,Ġold,12.297657
363,9,Ġwoman,3.140477
363,10,Ġat,5.974225
363,11,Ġthe,0.742008
363,12,Ġhospital,2.751663
363,13,.,2.369031
363,14,<|endoftext|>,7.805339
364,0,<|endoftext|>,0.0
364,1,They,9.39695
364,2,Ġknow,7.895996
364,3,Ġthat,2.878158
364,4,Ġthe,3.625604
364,5,Ġdoctor,12.401501
364,6,Ġbelieved,11.954499
364,7,Ġthe,3.483276
364,8,Ġnurse,9.575953
364,9,Ġreassured,17.603144
364,10,Ġat,13.333917
364,11,Ġthe,2.249539
364,12,Ġhospital,3.01068
364,13,.,4.43809
364,14,<|endoftext|>,7.938296
365,0,<|endoftext|>,0.0
365,1,They,9.396978
365,2,Ġknow,7.895982
365,3,Ġthat,2.878192
365,4,Ġthe,3.625553
365,5,Ġdoctor,12.401468
365,6,Ġbelieved,11.954482
365,7,Ġthe,3.483282
365,8,Ġnurse,9.575942
365,9,Ġreassured,17.603016
365,10,Ġthe,5.079284
365,11,Ġold,13.375842
365,12,Ġwoman,2.247376
365,13,Ġat,7.290342
365,14,Ġthe,0.898523
365,15,Ġhospital,1.755593
365,16,.,3.010469
365,17,<|endoftext|>,7.81046
366,0,<|endoftext|>,0.0
366,1,They,9.39695
366,2,Ġknow,7.895996
366,3,Ġwho,5.464138
366,4,Ġthe,4.252008
366,5,Ġdoctor,10.969011
366,6,Ġbelieved,11.569816
366,7,Ġthe,7.303362
366,8,Ġnurse,7.175408
366,9,Ġreassured,20.948228
366,10,Ġat,9.745841
366,11,Ġthe,1.110857
366,12,Ġhospital,2.115265
366,13,.,1.646144
366,14,<|endoftext|>,7.221673
367,0,<|endoftext|>,0.0
367,1,They,9.396978
367,2,Ġknow,7.895982
367,3,Ġwho,5.464162
367,4,Ġthe,4.252062
367,5,Ġdoctor,10.969049
367,6,Ġbelieved,11.569874
367,7,Ġthe,7.303398
367,8,Ġnurse,7.1754
367,9,Ġreassured,20.948289
367,10,Ġthe,6.794434
367,11,Ġold,13.687219
367,12,Ġwoman,2.369839
367,13,Ġat,6.748537
367,14,Ġthe,0.763864
367,15,Ġhospital,1.730877
367,16,.,1.552758
367,17,<|endoftext|>,7.211355
368,0,<|endoftext|>,0.0
368,1,They,9.396978
368,2,Ġknow,7.895982
368,3,Ġthat,2.878192
368,4,Ġthe,3.625553
368,5,Ġdoctor,12.401468
368,6,Ġbelieved,11.954482
368,7,Ġthe,3.483282
368,8,Ġman,5.085362
368,9,Ġsaid,9.982735
368,10,Ġthe,3.183594
368,11,Ġnurse,9.582344
368,12,Ġreassured,16.57188
368,13,Ġat,14.436431
368,14,Ġthe,2.076014
368,15,Ġhospital,2.518453
368,16,.,3.832574
368,17,<|endoftext|>,6.932826
369,0,<|endoftext|>,0.0
369,1,They,9.396978
369,2,Ġknow,7.895982
369,3,Ġthat,2.878192
369,4,Ġthe,3.625553
369,5,Ġdoctor,12.401468
369,6,Ġbelieved,11.954482
369,7,Ġthe,3.483282
369,8,Ġman,5.085362
369,9,Ġsaid,9.982735
369,10,Ġthe,3.183594
369,11,Ġnurse,9.582344
369,12,Ġreassured,16.57188
369,13,Ġthe,6.129003
369,14,Ġold,14.142532
369,15,Ġwoman,2.32004
369,16,Ġat,7.339386
369,17,Ġthe,0.903029
369,18,Ġhospital,1.549668
369,19,.,2.572057
369,20,<|endoftext|>,6.638047
370,0,<|endoftext|>,0.0
370,1,They,9.396978
370,2,Ġknow,7.895982
370,3,Ġwho,5.464162
370,4,Ġthe,4.252062
370,5,Ġdoctor,10.969049
370,6,Ġbelieved,11.569874
370,7,Ġthe,7.303398
370,8,Ġman,4.430678
370,9,Ġsaid,9.433232
370,10,Ġthe,6.252935
370,11,Ġnurse,8.082758
370,12,Ġreassured,18.585729
370,13,Ġat,10.534369
370,14,Ġthe,1.284213
370,15,Ġhospital,1.972233
370,16,.,1.471297
370,17,<|endoftext|>,6.367813
371,0,<|endoftext|>,0.0
371,1,They,9.396978
371,2,Ġknow,7.895982
371,3,Ġwho,5.464162
371,4,Ġthe,4.252062
371,5,Ġdoctor,10.969049
371,6,Ġbelieved,11.569874
371,7,Ġthe,7.303398
371,8,Ġman,4.430678
371,9,Ġsaid,9.433232
371,10,Ġthe,6.252935
371,11,Ġnurse,8.082758
371,12,Ġreassured,18.585729
371,13,Ġthe,7.323583
371,14,Ġold,14.213918
371,15,Ġwoman,2.479823
371,16,Ġat,7.026446
371,17,Ġthe,0.758068
371,18,Ġhospital,1.502665
371,19,.,1.222467
371,20,<|endoftext|>,6.027256
372,0,<|endoftext|>,0.0
372,1,They,9.396978
372,2,Ġknow,7.895982
372,3,Ġthat,2.878192
372,4,Ġthe,3.625553
372,5,Ġdoctor,12.401468
372,6,Ġbelieved,11.954482
372,7,Ġthe,3.483282
372,8,Ġman,5.085362
372,9,Ġsaid,9.982735
372,10,Ġhe,1.742011
372,11,Ġthought,8.48096
372,12,Ġthe,3.26422
372,13,Ġnurse,9.731452
372,14,Ġreassured,18.117925
372,15,Ġat,14.022943
372,16,Ġthe,2.067148
372,17,Ġhospital,2.315327
372,18,.,2.881613
372,19,<|endoftext|>,6.789947
373,0,<|endoftext|>,0.0
373,1,They,9.396978
373,2,Ġknow,7.895982
373,3,Ġthat,2.878192
373,4,Ġthe,3.625553
373,5,Ġdoctor,12.401468
373,6,Ġbelieved,11.954482
373,7,Ġthe,3.483282
373,8,Ġman,5.085362
373,9,Ġsaid,9.982735
373,10,Ġhe,1.742011
373,11,Ġthought,8.48096
373,12,Ġthe,3.26422
373,13,Ġnurse,9.731452
373,14,Ġreassured,18.117925
373,15,Ġthe,6.013647
373,16,Ġold,13.824655
373,17,Ġwoman,2.327475
373,18,Ġat,7.246016
373,19,Ġthe,0.941107
373,20,Ġhospital,1.431353
373,21,.,1.988377
373,22,<|endoftext|>,6.585007
374,0,<|endoftext|>,0.0
374,1,They,9.396978
374,2,Ġknow,7.895982
374,3,Ġwho,5.464162
374,4,Ġthe,4.252062
374,5,Ġdoctor,10.969049
374,6,Ġbelieved,11.569874
374,7,Ġthe,7.303398
374,8,Ġman,4.430678
374,9,Ġsaid,9.433232
374,10,Ġhe,0.922309
374,11,Ġthought,10.956916
374,12,Ġthe,6.682707
374,13,Ġnurse,8.496759
374,14,Ġreassured,19.987012
374,15,Ġat,10.535957
374,16,Ġthe,1.43401
374,17,Ġhospital,1.825028
374,18,.,1.240299
374,19,<|endoftext|>,6.504061
375,0,<|endoftext|>,0.0
375,1,They,9.396978
375,2,Ġknow,7.895982
375,3,Ġwho,5.464162
375,4,Ġthe,4.252062
375,5,Ġdoctor,10.969049
375,6,Ġbelieved,11.569874
375,7,Ġthe,7.303398
375,8,Ġman,4.430678
375,9,Ġsaid,9.433232
375,10,Ġhe,0.922309
375,11,Ġthought,10.956916
375,12,Ġthe,6.682707
375,13,Ġnurse,8.496759
375,14,Ġreassured,19.987012
375,15,Ġthe,7.170325
375,16,Ġold,13.845247
375,17,Ġwoman,2.624418
375,18,Ġat,6.822028
375,19,Ġthe,0.889348
375,20,Ġhospital,1.46021
375,21,.,0.99113
375,22,<|endoftext|>,6.260811
376,0,<|endoftext|>,0.0
376,1,They,9.396978
376,2,Ġknow,7.895982
376,3,Ġthat,2.878192
376,4,Ġthe,3.625553
376,5,Ġdoctor,12.401468
376,6,Ġbelieved,11.954482
376,7,Ġthe,3.483282
376,8,Ġman,5.085362
376,9,Ġsaid,9.982735
376,10,Ġhe,1.742011
376,11,Ġthought,8.48096
376,12,Ġthe,3.26422
376,13,Ġnurse,9.731452
376,14,Ġreassured,18.117925
376,15,Ġat,14.022943
376,16,Ġthe,2.067148
376,17,Ġhospital,2.315327
376,18,.,2.881613
376,19,<|endoftext|>,6.789947
377,0,<|endoftext|>,0.0
377,1,They,9.396978
377,2,Ġknow,7.895982
377,3,Ġthat,2.878192
377,4,Ġthe,3.625553
377,5,Ġdoctor,12.401468
377,6,Ġbelieved,11.954482
377,7,Ġthe,3.483282
377,8,Ġman,5.085362
377,9,Ġsaid,9.982735
377,10,Ġhe,1.742011
377,11,Ġthought,8.48096
377,12,Ġthe,3.26422
377,13,Ġnurse,9.731452
377,14,Ġreassured,18.117925
377,15,Ġthe,6.013647
377,16,Ġold,13.824655
377,17,Ġwoman,2.327475
377,18,Ġat,7.246016
377,19,Ġthe,0.941107
377,20,Ġhospital,1.431353
377,21,.,1.988377
377,22,<|endoftext|>,6.585007
378,0,<|endoftext|>,0.0
378,1,They,9.396978
378,2,Ġknow,7.895982
378,3,Ġwho,5.464162
378,4,Ġthe,4.252062
378,5,Ġdoctor,10.969049
378,6,Ġbelieved,11.569874
378,7,Ġthe,7.303398
378,8,Ġman,4.430678
378,9,Ġsaid,9.433232
378,10,Ġhe,0.922309
378,11,Ġthought,10.956916
378,12,Ġthe,6.682707
378,13,Ġnurse,8.496759
378,14,Ġreassured,19.987012
378,15,Ġat,10.535957
378,16,Ġthe,1.43401
378,17,Ġhospital,1.825028
378,18,.,1.240299
378,19,<|endoftext|>,6.504061
379,0,<|endoftext|>,0.0
379,1,They,9.396978
379,2,Ġknow,7.895982
379,3,Ġwho,5.464162
379,4,Ġthe,4.252062
379,5,Ġdoctor,10.969049
379,6,Ġbelieved,11.569874
379,7,Ġthe,7.303398
379,8,Ġman,4.430678
379,9,Ġsaid,9.433232
379,10,Ġhe,0.922309
379,11,Ġthought,10.956916
379,12,Ġthe,6.682707
379,13,Ġnurse,8.496759
379,14,Ġreassured,19.987012
379,15,Ġthe,7.170325
379,16,Ġold,13.845247
379,17,Ġwoman,2.624418
379,18,Ġat,6.822028
379,19,Ġthe,0.889348
379,20,Ġhospital,1.46021
379,21,.,0.99113
379,22,<|endoftext|>,6.260811
380,0,<|endoftext|>,0.0
380,1,He,8.582737
380,2,Ġreported,12.331583
380,3,Ġthat,2.374096
380,4,Ġthe,2.664716
380,5,Ġcowboy,17.893279
380,6,Ġabandoned,13.764477
380,7,Ġin,5.198283
380,8,Ġthe,1.852808
380,9,Ġdesert,5.384341
380,10,.,8.034008
380,11,<|endoftext|>,6.74027
381,0,<|endoftext|>,0.0
381,1,He,8.582737
381,2,Ġreported,12.331583
381,3,Ġthat,2.374091
381,4,Ġthe,2.664716
381,5,Ġcowboy,17.89329
381,6,Ġabandoned,13.764468
381,7,Ġhis,1.374192
381,8,Ġpartner,11.903149
381,9,Ġin,3.071759
381,10,Ġthe,2.266184
381,11,Ġdesert,6.251922
381,12,.,4.538368
381,13,<|endoftext|>,7.338809
382,0,<|endoftext|>,0.0
382,1,He,8.582737
382,2,Ġreported,12.331583
382,3,Ġwho,12.870045
382,4,Ġthe,4.073936
382,5,Ġcowboy,16.720728
382,6,Ġabandoned,14.635286
382,7,Ġin,3.603025
382,8,Ġthe,1.898628
382,9,Ġdesert,4.421743
382,10,.,2.269339
382,11,<|endoftext|>,6.166891
383,0,<|endoftext|>,0.0
383,1,He,8.582737
383,2,Ġreported,12.331583
383,3,Ġwho,12.870041
383,4,Ġthe,4.073936
383,5,Ġcowboy,16.720717
383,6,Ġabandoned,14.635264
383,7,Ġhis,3.862942
383,8,Ġpartner,12.027649
383,9,Ġin,3.026914
383,10,Ġthe,2.321951
383,11,Ġdesert,5.489592
383,12,.,2.508284
383,13,<|endoftext|>,6.808463
384,0,<|endoftext|>,0.0
384,1,He,8.582737
384,2,Ġreported,12.331583
384,3,Ġthat,2.374096
384,4,Ġthe,2.664716
384,5,Ġfarmer,13.198961
384,6,Ġsaid,5.555008
384,7,Ġthe,3.473702
384,8,Ġcowboy,15.727853
384,9,Ġabandoned,13.467683
384,10,Ġin,7.469749
384,11,Ġthe,1.23557
384,12,Ġdesert,6.366073
384,13,.,7.755425
384,14,<|endoftext|>,5.67998
385,0,<|endoftext|>,0.0
385,1,He,8.582732
385,2,Ġreported,12.331528
385,3,Ġthat,2.374054
385,4,Ġthe,2.664676
385,5,Ġfarmer,13.198979
385,6,Ġsaid,5.554958
385,7,Ġthe,3.473709
385,8,Ġcowboy,15.727818
385,9,Ġabandoned,13.467656
385,10,Ġhis,1.097136
385,11,Ġpartner,12.982193
385,12,Ġin,3.395169
385,13,Ġthe,1.916027
385,14,Ġdesert,6.666696
385,15,.,3.810732
385,16,<|endoftext|>,5.782017
386,0,<|endoftext|>,0.0
386,1,He,8.582737
386,2,Ġreported,12.331583
386,3,Ġwho,12.870045
386,4,Ġthe,4.073936
386,5,Ġfarmer,13.261857
386,6,Ġsaid,6.543491
386,7,Ġthe,5.792425
386,8,Ġcowboy,14.061161
386,9,Ġabandoned,14.402375
386,10,Ġin,3.191084
386,11,Ġthe,1.441069
386,12,Ġdesert,5.728622
386,13,.,2.56759
386,14,<|endoftext|>,5.506633
387,0,<|endoftext|>,0.0
387,1,He,8.582732
387,2,Ġreported,12.331528
387,3,Ġwho,12.869993
387,4,Ġthe,4.073953
387,5,Ġfarmer,13.261851
387,6,Ġsaid,6.543627
387,7,Ġthe,5.792466
387,8,Ġcowboy,14.061079
387,9,Ġabandoned,14.402362
387,10,Ġhis,3.99899
387,11,Ġpartner,13.608837
387,12,Ġin,2.950487
387,13,Ġthe,2.103027
387,14,Ġdesert,6.101845
387,15,.,2.018159
387,16,<|endoftext|>,5.753815
388,0,<|endoftext|>,0.0
388,1,He,8.582732
388,2,Ġreported,12.331528
388,3,Ġthat,2.374054
388,4,Ġthe,2.664676
388,5,Ġfarmer,13.198979
388,6,Ġsaid,5.554958
388,7,Ġhis,4.802285
388,8,Ġfriend,9.235653
388,9,Ġreported,10.342931
388,10,Ġthe,2.305999
388,11,Ġcowboy,16.783659
388,12,Ġabandoned,13.955547
388,13,Ġin,3.49638
388,14,Ġthe,1.115668
388,15,Ġdesert,7.479406
388,16,.,2.650191
388,17,<|endoftext|>,5.827902
389,0,<|endoftext|>,0.0
389,1,He,8.582732
389,2,Ġreported,12.331528
389,3,Ġthat,2.374054
389,4,Ġthe,2.664676
389,5,Ġfarmer,13.198979
389,6,Ġsaid,5.554958
389,7,Ġhis,4.802285
389,8,Ġfriend,9.235653
389,9,Ġreported,10.342931
389,10,Ġthe,2.305999
389,11,Ġcowboy,16.783659
389,12,Ġabandoned,13.955547
389,13,Ġhis,2.085627
389,14,Ġpartner,13.793676
389,15,Ġin,3.220246
389,16,Ġthe,1.89384
389,17,Ġdesert,6.949026
389,18,.,2.414103
389,19,<|endoftext|>,5.83866
390,0,<|endoftext|>,0.0
390,1,He,8.582732
390,2,Ġreported,12.331528
390,3,Ġwho,12.869993
390,4,Ġthe,4.073953
390,5,Ġfarmer,13.261851
390,6,Ġsaid,6.543627
390,7,Ġhis,7.442256
390,8,Ġfriend,6.597662
390,9,Ġreported,12.02346
390,10,Ġthe,4.34403
390,11,Ġcowboy,16.396416
390,12,Ġabandoned,13.294091
390,13,Ġin,2.845273
390,14,Ġthe,1.173692
390,15,Ġdesert,7.209783
390,16,.,1.560851
390,17,<|endoftext|>,5.53992
391,0,<|endoftext|>,0.0
391,1,He,8.582732
391,2,Ġreported,12.331528
391,3,Ġwho,12.869993
391,4,Ġthe,4.073953
391,5,Ġfarmer,13.261851
391,6,Ġsaid,6.543627
391,7,Ġhis,7.442256
391,8,Ġfriend,6.597662
391,9,Ġreported,12.02346
391,10,Ġthe,4.34403
391,11,Ġcowboy,16.396416
391,12,Ġabandoned,13.294091
391,13,Ġhis,2.725749
391,14,Ġpartner,13.738413
391,15,Ġin,3.089955
391,16,Ġthe,1.903004
391,17,Ġdesert,6.619414
391,18,.,1.700814
391,19,<|endoftext|>,5.658279
392,0,<|endoftext|>,0.0
392,1,He,8.582732
392,2,Ġreported,12.331528
392,3,Ġthat,2.374054
392,4,Ġthe,2.664676
392,5,Ġfarmer,13.198979
392,6,Ġsaid,5.554958
392,7,Ġhis,4.802285
392,8,Ġfriend,9.235653
392,9,Ġreported,10.342931
392,10,Ġhe,6.291769
392,11,Ġbelieved,9.886071
392,12,Ġthe,1.789076
392,13,Ġcowboy,14.337338
392,14,Ġabandoned,14.327221
392,15,Ġin,6.365673
392,16,Ġthe,1.076815
392,17,Ġdesert,6.479821
392,18,.,3.047075
392,19,<|endoftext|>,5.466623
393,0,<|endoftext|>,0.0
393,1,He,8.582732
393,2,Ġreported,12.331528
393,3,Ġthat,2.374054
393,4,Ġthe,2.664676
393,5,Ġfarmer,13.198979
393,6,Ġsaid,5.554958
393,7,Ġhis,4.802285
393,8,Ġfriend,9.235653
393,9,Ġreported,10.342931
393,10,Ġhe,6.291769
393,11,Ġbelieved,9.886071
393,12,Ġthe,1.789076
393,13,Ġcowboy,14.337338
393,14,Ġabandoned,14.327221
393,15,Ġhis,1.169012
393,16,Ġpartner,12.000718
393,17,Ġin,3.458688
393,18,Ġthe,1.874097
393,19,Ġdesert,6.423841
393,20,.,1.958878
393,21,<|endoftext|>,5.451821
394,0,<|endoftext|>,0.0
394,1,He,8.582732
394,2,Ġreported,12.331528
394,3,Ġwho,12.869993
394,4,Ġthe,4.073953
394,5,Ġfarmer,13.261851
394,6,Ġsaid,6.543627
394,7,Ġhis,7.442256
394,8,Ġfriend,6.597662
394,9,Ġreported,12.02346
394,10,Ġhe,7.249122
394,11,Ġbelieved,9.162644
394,12,Ġthe,3.90282
394,13,Ġcowboy,14.095662
394,14,Ġabandoned,14.241795
394,15,Ġin,4.138258
394,16,Ġthe,1.201608
394,17,Ġdesert,6.376191
394,18,.,1.830881
394,19,<|endoftext|>,5.269077
395,0,<|endoftext|>,0.0
395,1,He,8.582732
395,2,Ġreported,12.331528
395,3,Ġwho,12.869993
395,4,Ġthe,4.073953
395,5,Ġfarmer,13.261851
395,6,Ġsaid,6.543627
395,7,Ġhis,7.442256
395,8,Ġfriend,6.597662
395,9,Ġreported,12.02346
395,10,Ġhe,7.249122
395,11,Ġbelieved,9.162644
395,12,Ġthe,3.90282
395,13,Ġcowboy,14.095662
395,14,Ġabandoned,14.241795
395,15,Ġhis,2.020664
395,16,Ġpartner,12.052503
395,17,Ġin,3.282939
395,18,Ġthe,1.938996
395,19,Ġdesert,6.237756
395,20,.,1.521396
395,21,<|endoftext|>,5.343813
396,0,<|endoftext|>,0.0
396,1,He,8.582732
396,2,Ġreported,12.331528
396,3,Ġthat,2.374054
396,4,Ġthe,2.664676
396,5,Ġfarmer,13.198979
396,6,Ġsaid,5.554958
396,7,Ġhis,4.802285
396,8,Ġfriend,9.235653
396,9,Ġreported,10.342931
396,10,Ġhe,6.291769
396,11,Ġbelieved,9.886071
396,12,Ġthe,1.789076
396,13,Ġcowboy,14.337338
396,14,Ġabandoned,14.327221
396,15,Ġin,6.365673
396,16,Ġthe,1.076815
396,17,Ġdesert,6.479821
396,18,.,3.047075
396,19,<|endoftext|>,5.466623
397,0,<|endoftext|>,0.0
397,1,He,8.582732
397,2,Ġreported,12.331528
397,3,Ġthat,2.374054
397,4,Ġthe,2.664676
397,5,Ġfarmer,13.198979
397,6,Ġsaid,5.554958
397,7,Ġhis,4.802285
397,8,Ġfriend,9.235653
397,9,Ġreported,10.342931
397,10,Ġhe,6.291769
397,11,Ġbelieved,9.886071
397,12,Ġthe,1.789076
397,13,Ġcowboy,14.337338
397,14,Ġabandoned,14.327221
397,15,Ġhis,1.169012
397,16,Ġpartner,12.000718
397,17,Ġin,3.458688
397,18,Ġthe,1.874097
397,19,Ġdesert,6.423841
397,20,.,1.958878
397,21,<|endoftext|>,5.451821
398,0,<|endoftext|>,0.0
398,1,He,8.582732
398,2,Ġreported,12.331528
398,3,Ġwho,12.869993
398,4,Ġthe,4.073953
398,5,Ġfarmer,13.261851
398,6,Ġsaid,6.543627
398,7,Ġhis,7.442256
398,8,Ġfriend,6.597662
398,9,Ġreported,12.02346
398,10,Ġhe,7.249122
398,11,Ġbelieved,9.162644
398,12,Ġthe,3.90282
398,13,Ġcowboy,14.095662
398,14,Ġabandoned,14.241795
398,15,Ġin,4.138258
398,16,Ġthe,1.201608
398,17,Ġdesert,6.376191
398,18,.,1.830881
398,19,<|endoftext|>,5.269077
399,0,<|endoftext|>,0.0
399,1,He,8.582732
399,2,Ġreported,12.331528
399,3,Ġwho,12.869993
399,4,Ġthe,4.073953
399,5,Ġfarmer,13.261851
399,6,Ġsaid,6.543627
399,7,Ġhis,7.442256
399,8,Ġfriend,6.597662
399,9,Ġreported,12.02346
399,10,Ġhe,7.249122
399,11,Ġbelieved,9.162644
399,12,Ġthe,3.90282
399,13,Ġcowboy,14.095662
399,14,Ġabandoned,14.241795
399,15,Ġhis,2.020664
399,16,Ġpartner,12.052503
399,17,Ġin,3.282939
399,18,Ġthe,1.938996
399,19,Ġdesert,6.237756
399,20,.,1.521396
399,21,<|endoftext|>,5.343813
400,0,<|endoftext|>,0.0
400,1,They,9.39695
400,2,Ġreported,10.956506
400,3,Ġthat,2.208508
400,4,Ġthe,2.648978
400,5,Ġmanager,12.089285
400,6,Ġpromoted,13.574021
400,7,Ġyesterday,13.418699
400,8,.,5.818629
400,9,<|endoftext|>,6.483425
401,0,<|endoftext|>,0.0
401,1,They,9.39695
401,2,Ġreported,10.956506
401,3,Ġthat,2.20851
401,4,Ġthe,2.648978
401,5,Ġmanager,12.089285
401,6,Ġpromoted,13.574022
401,7,Ġthe,3.547655
401,8,Ġaccountant,15.648809
401,9,Ġyesterday,12.161562
401,10,.,3.409599
401,11,<|endoftext|>,5.961788
402,0,<|endoftext|>,0.0
402,1,They,9.39695
402,2,Ġreported,10.956506
402,3,Ġwho,12.973994
402,4,Ġthe,4.219928
402,5,Ġmanager,11.921037
402,6,Ġpromoted,15.682691
402,7,Ġyesterday,10.002977
402,8,.,1.966406
402,9,<|endoftext|>,6.202426
403,0,<|endoftext|>,0.0
403,1,They,9.39695
403,2,Ġreported,10.956506
403,3,Ġwho,12.973997
403,4,Ġthe,4.219928
403,5,Ġmanager,11.921037
403,6,Ġpromoted,15.682667
403,7,Ġthe,6.230098
403,8,Ġaccountant,19.80344
403,9,Ġyesterday,13.336175
403,10,.,1.712338
403,11,<|endoftext|>,6.402355
404,0,<|endoftext|>,0.0
404,1,They,9.39695
404,2,Ġreported,10.956506
404,3,Ġthat,2.208508
404,4,Ġthe,2.648978
404,5,Ġexecutive,13.819975
404,6,Ġsaid,7.767033
404,7,Ġthe,3.053833
404,8,Ġmanager,11.976324
404,9,Ġpromoted,13.350741
404,10,Ġyesterday,14.573634
404,11,.,5.671043
404,12,<|endoftext|>,5.446887
405,0,<|endoftext|>,0.0
405,1,They,9.39695
405,2,Ġreported,10.956506
405,3,Ġthat,2.20851
405,4,Ġthe,2.648978
405,5,Ġexecutive,13.819975
405,6,Ġsaid,7.767049
405,7,Ġthe,3.053842
405,8,Ġmanager,11.976324
405,9,Ġpromoted,13.350739
405,10,Ġthe,3.016008
405,11,Ġaccountant,13.736543
405,12,Ġyesterday,13.072941
405,13,.,2.933788
405,14,<|endoftext|>,5.324398
406,0,<|endoftext|>,0.0
406,1,They,9.39695
406,2,Ġreported,10.956506
406,3,Ġwho,12.973994
406,4,Ġthe,4.219928
406,5,Ġexecutive,13.605058
406,6,Ġsaid,5.566529
406,7,Ġthe,5.161882
406,8,Ġmanager,10.404317
406,9,Ġpromoted,13.68501
406,10,Ġyesterday,11.472627
406,11,.,1.408453
406,12,<|endoftext|>,5.661026
407,0,<|endoftext|>,0.0
407,1,They,9.39695
407,2,Ġreported,10.956506
407,3,Ġwho,12.973997
407,4,Ġthe,4.219928
407,5,Ġexecutive,13.605058
407,6,Ġsaid,5.566534
407,7,Ġthe,5.161912
407,8,Ġmanager,10.404317
407,9,Ġpromoted,13.685012
407,10,Ġthe,6.296554
407,11,Ġaccountant,16.741655
407,12,Ġyesterday,13.539237
407,13,.,1.282146
407,14,<|endoftext|>,5.929196
408,0,<|endoftext|>,0.0
408,1,They,9.396972
408,2,Ġreported,10.95643
408,3,Ġthat,2.20852
408,4,Ġthe,2.648967
408,5,Ġexecutive,13.819988
408,6,Ġsaid,7.767069
408,7,Ġa,6.853864
408,8,Ġreporter,9.867524
408,9,Ġbelieved,9.816844
408,10,Ġthe,2.268372
408,11,Ġmanager,11.313842
408,12,Ġpromoted,13.227307
408,13,Ġyesterday,15.3206
408,14,.,4.342471
408,15,<|endoftext|>,5.390609
409,0,<|endoftext|>,0.0
409,1,They,9.396978
409,2,Ġreported,10.956426
409,3,Ġthat,2.208518
409,4,Ġthe,2.648968
409,5,Ġexecutive,13.82
409,6,Ġsaid,7.767044
409,7,Ġa,6.85387
409,8,Ġreporter,9.867538
409,9,Ġbelieved,9.816868
409,10,Ġthe,2.268378
409,11,Ġmanager,11.313848
409,12,Ġpromoted,13.227297
409,13,Ġthe,3.101361
409,14,Ġaccountant,14.627152
409,15,Ġyesterday,14.205816
409,16,.,2.228588
409,17,<|endoftext|>,5.250591
410,0,<|endoftext|>,0.0
410,1,They,9.396972
410,2,Ġreported,10.95643
410,3,Ġwho,12.973919
410,4,Ġthe,4.219939
410,5,Ġexecutive,13.605011
410,6,Ġsaid,5.56654
410,7,Ġa,9.69443
410,8,Ġreporter,7.895323
410,9,Ġbelieved,7.885435
410,10,Ġthe,7.312878
410,11,Ġmanager,11.041175
410,12,Ġpromoted,13.312913
410,13,Ġyesterday,13.289793
410,14,.,1.341634
410,15,<|endoftext|>,5.722103
411,0,<|endoftext|>,0.0
411,1,They,9.396978
411,2,Ġreported,10.956426
411,3,Ġwho,12.973917
411,4,Ġthe,4.219927
411,5,Ġexecutive,13.605001
411,6,Ġsaid,5.566542
411,7,Ġa,9.694404
411,8,Ġreporter,7.89533
411,9,Ġbelieved,7.885438
411,10,Ġthe,7.312851
411,11,Ġmanager,11.041164
411,12,Ġpromoted,13.312914
411,13,Ġthe,6.809615
411,14,Ġaccountant,15.60935
411,15,Ġyesterday,13.641222
411,16,.,1.182499
411,17,<|endoftext|>,5.843433
412,0,<|endoftext|>,0.0
412,1,They,9.396978
412,2,Ġreported,10.956426
412,3,Ġthat,2.208518
412,4,Ġthe,2.648968
412,5,Ġexecutive,13.82
412,6,Ġsaid,7.767044
412,7,Ġa,6.85387
412,8,Ġreporter,9.867538
412,9,Ġbelieved,9.816868
412,10,Ġthe,2.268378
412,11,Ġclient,11.831194
412,12,Ġsaid,8.56215
412,13,Ġthe,2.660772
412,14,Ġmanager,8.73449
412,15,Ġpromoted,12.55874
412,16,Ġyesterday,17.048999
412,17,.,3.773534
412,18,<|endoftext|>,5.291837
413,0,<|endoftext|>,0.0
413,1,They,9.396978
413,2,Ġreported,10.956426
413,3,Ġthat,2.208518
413,4,Ġthe,2.648968
413,5,Ġexecutive,13.82
413,6,Ġsaid,7.767044
413,7,Ġa,6.85387
413,8,Ġreporter,9.867538
413,9,Ġbelieved,9.816868
413,10,Ġthe,2.268378
413,11,Ġclient,11.831194
413,12,Ġsaid,8.56215
413,13,Ġthe,2.660772
413,14,Ġmanager,8.73449
413,15,Ġpromoted,12.55874
413,16,Ġthe,3.180935
413,17,Ġaccountant,12.511453
413,18,Ġyesterday,14.887018
413,19,.,1.985668
413,20,<|endoftext|>,5.143411
414,0,<|endoftext|>,0.0
414,1,They,9.396978
414,2,Ġreported,10.956426
414,3,Ġwho,12.973917
414,4,Ġthe,4.219927
414,5,Ġexecutive,13.605001
414,6,Ġsaid,5.566542
414,7,Ġa,9.694404
414,8,Ġreporter,7.89533
414,9,Ġbelieved,7.885438
414,10,Ġthe,7.312851
414,11,Ġclient,11.514053
414,12,Ġsaid,7.699412
414,13,Ġthe,4.66243
414,14,Ġmanager,8.710987
414,15,Ġpromoted,12.296424
414,16,Ġyesterday,14.855153
414,17,.,1.626931
414,18,<|endoftext|>,5.623409
415,0,<|endoftext|>,0.0
415,1,They,9.396978
415,2,Ġreported,10.956426
415,3,Ġwho,12.973917
415,4,Ġthe,4.219927
415,5,Ġexecutive,13.605001
415,6,Ġsaid,5.566542
415,7,Ġa,9.694404
415,8,Ġreporter,7.89533
415,9,Ġbelieved,7.885438
415,10,Ġthe,7.312851
415,11,Ġclient,11.514053
415,12,Ġsaid,7.699412
415,13,Ġthe,4.66243
415,14,Ġmanager,8.710987
415,15,Ġpromoted,12.296424
415,16,Ġthe,5.263133
415,17,Ġaccountant,12.804115
415,18,Ġyesterday,14.626159
415,19,.,1.241531
415,20,<|endoftext|>,5.66286
416,0,<|endoftext|>,0.0
416,1,They,9.396978
416,2,Ġreported,10.956426
416,3,Ġthat,2.208518
416,4,Ġthe,2.648968
416,5,Ġexecutive,13.82
416,6,Ġsaid,7.767044
416,7,Ġa,6.85387
416,8,Ġreporter,9.867538
416,9,Ġbelieved,9.816868
416,10,Ġthe,2.268378
416,11,Ġclient,11.831194
416,12,Ġsaid,8.56215
416,13,Ġthe,2.660772
416,14,Ġmanager,8.73449
416,15,Ġpromoted,12.55874
416,16,Ġyesterday,17.048999
416,17,.,3.773534
416,18,<|endoftext|>,5.291837
417,0,<|endoftext|>,0.0
417,1,They,9.396978
417,2,Ġreported,10.956426
417,3,Ġthat,2.208518
417,4,Ġthe,2.648968
417,5,Ġexecutive,13.82
417,6,Ġsaid,7.767044
417,7,Ġa,6.85387
417,8,Ġreporter,9.867538
417,9,Ġbelieved,9.816868
417,10,Ġthe,2.268378
417,11,Ġclient,11.831194
417,12,Ġsaid,8.56215
417,13,Ġthe,2.660772
417,14,Ġmanager,8.73449
417,15,Ġpromoted,12.55874
417,16,Ġthe,3.180935
417,17,Ġaccountant,12.511453
417,18,Ġyesterday,14.887018
417,19,.,1.985668
417,20,<|endoftext|>,5.143411
418,0,<|endoftext|>,0.0
418,1,They,9.396978
418,2,Ġreported,10.956426
418,3,Ġwho,12.973917
418,4,Ġthe,4.219927
418,5,Ġexecutive,13.605001
418,6,Ġsaid,5.566542
418,7,Ġa,9.694404
418,8,Ġreporter,7.89533
418,9,Ġbelieved,7.885438
418,10,Ġthe,7.312851
418,11,Ġclient,11.514053
418,12,Ġsaid,7.699412
418,13,Ġthe,4.66243
418,14,Ġmanager,8.710987
418,15,Ġpromoted,12.296424
418,16,Ġyesterday,14.855153
418,17,.,1.626931
418,18,<|endoftext|>,5.623409
419,0,<|endoftext|>,0.0
419,1,They,9.396978
419,2,Ġreported,10.956426
419,3,Ġwho,12.973917
419,4,Ġthe,4.219927
419,5,Ġexecutive,13.605001
419,6,Ġsaid,5.566542
419,7,Ġa,9.694404
419,8,Ġreporter,7.89533
419,9,Ġbelieved,7.885438
419,10,Ġthe,7.312851
419,11,Ġclient,11.514053
419,12,Ġsaid,7.699412
419,13,Ġthe,4.66243
419,14,Ġmanager,8.710987
419,15,Ġpromoted,12.296424
419,16,Ġthe,5.263133
419,17,Ġaccountant,12.804115
419,18,Ġyesterday,14.626159
419,19,.,1.241531
419,20,<|endoftext|>,5.66286
420,0,<|endoftext|>,0.0
420,1,They,9.39695
420,2,Ġrecalled,14.566953
420,3,Ġthat,3.308536
420,4,Ġthe,3.388505
420,5,Ġhe,13.898367
420,6,i,2.668526
420,7,ress,0.054684
420,8,Ġdivorced,13.775652
420,9,Ġlast,10.240688
420,10,Ġyear,1.382506
420,11,.,3.073112
420,12,<|endoftext|>,6.218168
421,0,<|endoftext|>,0.0
421,1,They,9.39695
421,2,Ġrecalled,14.566953
421,3,Ġthat,3.308533
421,4,Ġthe,3.388505
421,5,Ġhe,13.898367
421,6,i,2.668499
421,7,ress,0.054684
421,8,Ġdivorced,13.775652
421,9,Ġthe,4.329485
421,10,Ġcount,14.057722
421,11,Ġlast,10.410703
421,12,Ġyear,1.073682
421,13,.,2.633368
421,14,<|endoftext|>,5.773103
422,0,<|endoftext|>,0.0
422,1,They,9.39695
422,2,Ġrecalled,14.566953
422,3,Ġwho,9.746003
422,4,Ġthe,4.823408
422,5,Ġhe,13.629796
422,6,i,1.142344
422,7,ress,0.043982
422,8,Ġdivorced,17.378166
422,9,Ġlast,7.731752
422,10,Ġyear,1.136066
422,11,.,1.788354
422,12,<|endoftext|>,6.677073
423,0,<|endoftext|>,0.0
423,1,They,9.39695
423,2,Ġrecalled,14.566953
423,3,Ġwho,9.746001
423,4,Ġthe,4.823408
423,5,Ġhe,13.629796
423,6,i,1.142343
423,7,ress,0.043982
423,8,Ġdivorced,17.378166
423,9,Ġthe,6.206116
423,10,Ġcount,16.185066
423,11,Ġlast,10.38807
423,12,Ġyear,1.064616
423,13,.,1.636235
423,14,<|endoftext|>,6.263647
424,0,<|endoftext|>,0.0
424,1,They,9.396972
424,2,Ġrecalled,14.567064
424,3,Ġthat,3.308589
424,4,Ġthe,3.388525
424,5,Ġwriter,13.540819
424,6,Ġthought,9.385904
424,7,Ġthe,3.223052
424,8,Ġhe,13.876997
424,9,i,3.414562
424,10,ress,0.034284
424,11,Ġdivorced,16.657005
424,12,Ġlast,11.795581
424,13,Ġyear,1.217125
424,14,.,2.383966
424,15,<|endoftext|>,6.250471
425,0,<|endoftext|>,0.0
425,1,They,9.396978
425,2,Ġrecalled,14.567082
425,3,Ġthat,3.308581
425,4,Ġthe,3.38853
425,5,Ġwriter,13.540817
425,6,Ġthought,9.385893
425,7,Ġthe,3.223039
425,8,Ġhe,13.876986
425,9,i,3.414573
425,10,ress,0.034284
425,11,Ġdivorced,16.657033
425,12,Ġthe,4.17606
425,13,Ġcount,13.456132
425,14,Ġlast,10.813415
425,15,Ġyear,0.929742
425,16,.,2.035532
425,17,<|endoftext|>,5.914926
426,0,<|endoftext|>,0.0
426,1,They,9.396972
426,2,Ġrecalled,14.567064
426,3,Ġwho,9.746023
426,4,Ġthe,4.82352
426,5,Ġwriter,10.819711
426,6,Ġthought,8.487653
426,7,Ġthe,4.244259
426,8,Ġhe,13.873122
426,9,i,1.334723
426,10,ress,0.028398
426,11,Ġdivorced,20.002145
426,12,Ġlast,9.300938
426,13,Ġyear,1.170704
426,14,.,1.203084
426,15,<|endoftext|>,6.590511
427,0,<|endoftext|>,0.0
427,1,They,9.396978
427,2,Ġrecalled,14.567082
427,3,Ġwho,9.746037
427,4,Ġthe,4.823518
427,5,Ġwriter,10.819691
427,6,Ġthought,8.487623
427,7,Ġthe,4.244259
427,8,Ġhe,13.873107
427,9,i,1.334713
427,10,ress,0.028398
427,11,Ġdivorced,20.002159
427,12,Ġthe,6.044659
427,13,Ġcount,14.73739
427,14,Ġlast,11.400742
427,15,Ġyear,1.049441
427,16,.,1.166793
427,17,<|endoftext|>,6.259176
428,0,<|endoftext|>,0.0
428,1,They,9.396978
428,2,Ġrecalled,14.567082
428,3,Ġthat,3.308581
428,4,Ġthe,3.38853
428,5,Ġwriter,13.540817
428,6,Ġthought,9.385893
428,7,Ġthe,3.223039
428,8,Ġman,7.349701
428,9,Ġsaid,8.746191
428,10,Ġthe,3.577377
428,11,Ġhe,13.763458
428,12,i,5.366421
428,13,ress,0.04451
428,14,Ġdivorced,15.2356
428,15,Ġlast,13.516309
428,16,Ġyear,1.131901
428,17,.,2.093663
428,18,<|endoftext|>,5.742319
429,0,<|endoftext|>,0.0
429,1,They,9.396978
429,2,Ġrecalled,14.567082
429,3,Ġthat,3.308581
429,4,Ġthe,3.38853
429,5,Ġwriter,13.540817
429,6,Ġthought,9.385893
429,7,Ġthe,3.223039
429,8,Ġman,7.349701
429,9,Ġsaid,8.746191
429,10,Ġthe,3.577377
429,11,Ġhe,13.763458
429,12,i,5.366421
429,13,ress,0.04451
429,14,Ġdivorced,15.2356
429,15,Ġthe,5.056392
429,16,Ġcount,14.23107
429,17,Ġlast,10.965509
429,18,Ġyear,0.915607
429,19,.,1.725393
429,20,<|endoftext|>,5.504421
430,0,<|endoftext|>,0.0
430,1,They,9.396978
430,2,Ġrecalled,14.567082
430,3,Ġwho,9.746037
430,4,Ġthe,4.823518
430,5,Ġwriter,10.819691
430,6,Ġthought,8.487623
430,7,Ġthe,4.244259
430,8,Ġman,5.732126
430,9,Ġsaid,10.260243
430,10,Ġthe,5.628472
430,11,Ġhe,11.118264
430,12,i,4.660792
430,13,ress,0.03495
430,14,Ġdivorced,17.413073
430,15,Ġlast,9.936131
430,16,Ġyear,1.101846
430,17,.,1.099142
430,18,<|endoftext|>,5.950639
431,0,<|endoftext|>,0.0
431,1,They,9.396978
431,2,Ġrecalled,14.567082
431,3,Ġwho,9.746037
431,4,Ġthe,4.823518
431,5,Ġwriter,10.819691
431,6,Ġthought,8.487623
431,7,Ġthe,4.244259
431,8,Ġman,5.732126
431,9,Ġsaid,10.260243
431,10,Ġthe,5.628472
431,11,Ġhe,11.118264
431,12,i,4.660792
431,13,ress,0.03495
431,14,Ġdivorced,17.413073
431,15,Ġthe,6.301073
431,16,Ġcount,14.988098
431,17,Ġlast,11.100801
431,18,Ġyear,0.998818
431,19,.,1.023951
431,20,<|endoftext|>,5.676621
432,0,<|endoftext|>,0.0
432,1,They,9.396978
432,2,Ġrecalled,14.567082
432,3,Ġthat,3.308581
432,4,Ġthe,3.38853
432,5,Ġwriter,13.540817
432,6,Ġthought,9.385893
432,7,Ġthe,3.223039
432,8,Ġman,7.349701
432,9,Ġsaid,8.746191
432,10,Ġhis,5.791094
432,11,Ġbrother,8.295026
432,12,Ġbelieved,10.629449
432,13,Ġthe,2.968385
432,14,Ġhe,13.111002
432,15,i,5.650628
432,16,ress,0.031221
432,17,Ġdivorced,15.454664
432,18,Ġlast,15.164559
432,19,Ġyear,1.039601
432,20,.,1.376636
432,21,<|endoftext|>,5.520186
433,0,<|endoftext|>,0.0
433,1,They,9.396978
433,2,Ġrecalled,14.567082
433,3,Ġthat,3.308581
433,4,Ġthe,3.38853
433,5,Ġwriter,13.540817
433,6,Ġthought,9.385893
433,7,Ġthe,3.223039
433,8,Ġman,7.349701
433,9,Ġsaid,8.746191
433,10,Ġhis,5.791094
433,11,Ġbrother,8.295026
433,12,Ġbelieved,10.629449
433,13,Ġthe,2.968385
433,14,Ġhe,13.111002
433,15,i,5.650628
433,16,ress,0.031221
433,17,Ġdivorced,15.454664
433,18,Ġthe,5.140673
433,19,Ġcount,14.794656
433,20,Ġlast,11.91803
433,21,Ġyear,0.860272
433,22,.,1.18106
433,23,<|endoftext|>,5.367162
434,0,<|endoftext|>,0.0
434,1,They,9.396978
434,2,Ġrecalled,14.567082
434,3,Ġwho,9.746037
434,4,Ġthe,4.823518
434,5,Ġwriter,10.819691
434,6,Ġthought,8.487623
434,7,Ġthe,4.244259
434,8,Ġman,5.732126
434,9,Ġsaid,10.260243
434,10,Ġhis,7.717888
434,11,Ġbrother,7.622416
434,12,Ġbelieved,10.568099
434,13,Ġthe,5.551874
434,14,Ġhe,12.041749
434,15,i,4.507029
434,16,ress,0.030138
434,17,Ġdivorced,16.477582
434,18,Ġlast,12.304192
434,19,Ġyear,1.064905
434,20,.,0.979927
434,21,<|endoftext|>,5.784557
435,0,<|endoftext|>,0.0
435,1,They,9.396978
435,2,Ġrecalled,14.567082
435,3,Ġwho,9.746037
435,4,Ġthe,4.823518
435,5,Ġwriter,10.819691
435,6,Ġthought,8.487623
435,7,Ġthe,4.244259
435,8,Ġman,5.732126
435,9,Ġsaid,10.260243
435,10,Ġhis,7.717888
435,11,Ġbrother,7.622416
435,12,Ġbelieved,10.568099
435,13,Ġthe,5.551874
435,14,Ġhe,12.041749
435,15,i,4.507029
435,16,ress,0.030138
435,17,Ġdivorced,16.477582
435,18,Ġthe,6.101083
435,19,Ġcount,15.202111
435,20,Ġlast,11.42758
435,21,Ġyear,0.947438
435,22,.,0.886411
435,23,<|endoftext|>,5.602362
436,0,<|endoftext|>,0.0
436,1,They,9.396978
436,2,Ġrecalled,14.567082
436,3,Ġthat,3.308581
436,4,Ġthe,3.38853
436,5,Ġwriter,13.540817
436,6,Ġthought,9.385893
436,7,Ġthe,3.223039
436,8,Ġman,7.349701
436,9,Ġsaid,8.746191
436,10,Ġhis,5.791094
436,11,Ġbrother,8.295026
436,12,Ġbelieved,10.629449
436,13,Ġthe,2.968385
436,14,Ġhe,13.111002
436,15,i,5.650628
436,16,ress,0.031221
436,17,Ġdivorced,15.454664
436,18,Ġlast,15.164559
436,19,Ġyear,1.039601
436,20,.,1.376636
436,21,<|endoftext|>,5.520186
437,0,<|endoftext|>,0.0
437,1,They,9.396978
437,2,Ġrecalled,14.567082
437,3,Ġthat,3.308581
437,4,Ġthe,3.38853
437,5,Ġwriter,13.540817
437,6,Ġthought,9.385893
437,7,Ġthe,3.223039
437,8,Ġman,7.349701
437,9,Ġsaid,8.746191
437,10,Ġhis,5.791094
437,11,Ġbrother,8.295026
437,12,Ġbelieved,10.629449
437,13,Ġthe,2.968385
437,14,Ġhe,13.111002
437,15,i,5.650628
437,16,ress,0.031221
437,17,Ġdivorced,15.454664
437,18,Ġthe,5.140673
437,19,Ġcount,14.794656
437,20,Ġlast,11.91803
437,21,Ġyear,0.860272
437,22,.,1.18106
437,23,<|endoftext|>,5.367162
438,0,<|endoftext|>,0.0
438,1,They,9.396978
438,2,Ġrecalled,14.567082
438,3,Ġwho,9.746037
438,4,Ġthe,4.823518
438,5,Ġwriter,10.819691
438,6,Ġthought,8.487623
438,7,Ġthe,4.244259
438,8,Ġman,5.732126
438,9,Ġsaid,10.260243
438,10,Ġhis,7.717888
438,11,Ġbrother,7.622416
438,12,Ġbelieved,10.568099
438,13,Ġthe,5.551874
438,14,Ġhe,12.041749
438,15,i,4.507029
438,16,ress,0.030138
438,17,Ġdivorced,16.477582
438,18,Ġlast,12.304192
438,19,Ġyear,1.064905
438,20,.,0.979927
438,21,<|endoftext|>,5.784557
439,0,<|endoftext|>,0.0
439,1,They,9.396978
439,2,Ġrecalled,14.567082
439,3,Ġwho,9.746037
439,4,Ġthe,4.823518
439,5,Ġwriter,10.819691
439,6,Ġthought,8.487623
439,7,Ġthe,4.244259
439,8,Ġman,5.732126
439,9,Ġsaid,10.260243
439,10,Ġhis,7.717888
439,11,Ġbrother,7.622416
439,12,Ġbelieved,10.568099
439,13,Ġthe,5.551874
439,14,Ġhe,12.041749
439,15,i,4.507029
439,16,ress,0.030138
439,17,Ġdivorced,16.477582
439,18,Ġthe,6.101083
439,19,Ġcount,15.202111
439,20,Ġlast,11.42758
439,21,Ġyear,0.947438
439,22,.,0.886411
439,23,<|endoftext|>,5.602362
440,0,<|endoftext|>,0.0
440,1,The,4.729313
440,2,Ġassistant,14.661116
440,3,Ġtold,11.456048
440,4,Ġme,3.659077
440,5,Ġthat,1.497244
440,6,Ġthe,3.206923
440,7,Ġpilot,11.241708
440,8,Ġsent,9.847487
440,9,Ġto,4.804893
440,10,Ġhis,6.953216
440,11,Ġfamily,6.450731
440,12,.,9.130179
440,13,<|endoftext|>,8.075754
441,0,<|endoftext|>,0.0
441,1,The,4.729286
441,2,Ġassistant,14.661105
441,3,Ġtold,11.456074
441,4,Ġme,3.659049
441,5,Ġthat,1.497251
441,6,Ġthe,3.206992
441,7,Ġpilot,11.241709
441,8,Ġsent,9.847513
441,9,Ġthe,3.812972
441,10,Ġpackage,8.34946
441,11,Ġto,1.439903
441,12,Ġhis,3.909128
441,13,Ġfamily,5.783868
441,14,.,3.12856
441,15,<|endoftext|>,8.338741
442,0,<|endoftext|>,0.0
442,1,The,4.729313
442,2,Ġassistant,14.661116
442,3,Ġtold,11.456048
442,4,Ġme,3.659077
442,5,Ġwhat,8.037725
442,6,Ġthe,4.269822
442,7,Ġpilot,11.53207
442,8,Ġsent,10.144038
442,9,Ġto,3.660278
442,10,Ġhis,4.482343
442,11,Ġfamily,6.620462
442,12,.,1.974589
442,13,<|endoftext|>,8.841081
443,0,<|endoftext|>,0.0
443,1,The,4.729286
443,2,Ġassistant,14.661105
443,3,Ġtold,11.456074
443,4,Ġme,3.659049
443,5,Ġwhat,8.037721
443,6,Ġthe,4.269821
443,7,Ġpilot,11.532092
443,8,Ġsent,10.143992
443,9,Ġthe,6.895783
443,10,Ġpackage,10.325887
443,11,Ġto,0.921749
443,12,Ġhis,5.975203
443,13,Ġfamily,5.643191
443,14,.,1.484082
443,15,<|endoftext|>,8.768978
444,0,<|endoftext|>,0.0
444,1,The,4.729281
444,2,Ġassistant,14.661097
444,3,Ġtold,11.45606
444,4,Ġme,3.659039
444,5,Ġthat,1.497253
444,6,Ġthe,3.206986
444,7,Ġman,7.405276
444,8,Ġknew,9.258176
444,9,Ġthe,3.321853
444,10,Ġpilot,12.092385
444,11,Ġsent,12.33948
444,12,Ġto,4.559196
444,13,Ġhis,6.892638
444,14,Ġfamily,7.057217
444,15,.,3.48187
444,16,<|endoftext|>,8.751316
445,0,<|endoftext|>,0.0
445,1,The,4.729281
445,2,Ġassistant,14.661097
445,3,Ġtold,11.45606
445,4,Ġme,3.659039
445,5,Ġthat,1.497253
445,6,Ġthe,3.206986
445,7,Ġman,7.405276
445,8,Ġknew,9.258176
445,9,Ġthe,3.321853
445,10,Ġpilot,12.092385
445,11,Ġsent,12.33948
445,12,Ġthe,2.936549
445,13,Ġpackage,8.090128
445,14,Ġto,1.529119
445,15,Ġhis,3.567874
445,16,Ġfamily,6.024962
445,17,.,2.192364
445,18,<|endoftext|>,8.56603
446,0,<|endoftext|>,0.0
446,1,The,4.729281
446,2,Ġassistant,14.661097
446,3,Ġtold,11.45606
446,4,Ġme,3.659039
446,5,Ġwhat,8.037734
446,6,Ġthe,4.269806
446,7,Ġman,7.960251
446,8,Ġknew,8.63982
446,9,Ġthe,7.931309
446,10,Ġpilot,12.051957
446,11,Ġsent,11.66887
446,12,Ġto,2.313174
446,13,Ġhis,4.505491
446,14,Ġfamily,6.504495
446,15,.,1.852077
446,16,<|endoftext|>,8.590513
447,0,<|endoftext|>,0.0
447,1,The,4.729281
447,2,Ġassistant,14.661097
447,3,Ġtold,11.45606
447,4,Ġme,3.659039
447,5,Ġwhat,8.037734
447,6,Ġthe,4.269806
447,7,Ġman,7.960251
447,8,Ġknew,8.63982
447,9,Ġthe,7.931309
447,10,Ġpilot,12.051957
447,11,Ġsent,11.66887
447,12,Ġthe,6.707136
447,13,Ġpackage,9.277721
447,14,Ġto,1.494657
447,15,Ġhis,4.469337
447,16,Ġfamily,5.853757
447,17,.,1.449497
447,18,<|endoftext|>,8.119613
448,0,<|endoftext|>,0.0
448,1,The,4.729281
448,2,Ġassistant,14.661097
448,3,Ġtold,11.45606
448,4,Ġme,3.659039
448,5,Ġthat,1.497253
448,6,Ġthe,3.206986
448,7,Ġman,7.405276
448,8,Ġknew,9.258176
448,9,Ġhis,4.255589
448,10,Ġfriend,7.502174
448,11,Ġrecalled,16.336565
448,12,Ġthe,3.532873
448,13,Ġpilot,14.492103
448,14,Ġsent,13.215239
448,15,Ġto,2.483376
448,16,Ġhis,6.1848
448,17,Ġfamily,6.832364
448,18,.,2.952819
448,19,<|endoftext|>,8.430241
449,0,<|endoftext|>,0.0
449,1,The,4.729281
449,2,Ġassistant,14.661097
449,3,Ġtold,11.45606
449,4,Ġme,3.659039
449,5,Ġthat,1.497253
449,6,Ġthe,3.206986
449,7,Ġman,7.405276
449,8,Ġknew,9.258176
449,9,Ġhis,4.255589
449,10,Ġfriend,7.502174
449,11,Ġrecalled,16.336565
449,12,Ġthe,3.532873
449,13,Ġpilot,14.492103
449,14,Ġsent,13.215239
449,15,Ġthe,4.865355
449,16,Ġpackage,8.951339
449,17,Ġto,1.454885
449,18,Ġhis,3.479675
449,19,Ġfamily,6.149732
449,20,.,1.983615
449,21,<|endoftext|>,8.331881
450,0,<|endoftext|>,0.0
450,1,The,4.729281
450,2,Ġassistant,14.661097
450,3,Ġtold,11.45606
450,4,Ġme,3.659039
450,5,Ġwhat,8.037734
450,6,Ġthe,4.269806
450,7,Ġman,7.960251
450,8,Ġknew,8.63982
450,9,Ġhis,9.676891
450,10,Ġfriend,7.57263
450,11,Ġrecalled,15.724214
450,12,Ġthe,6.663411
450,13,Ġpilot,13.361814
450,14,Ġsent,11.967673
450,15,Ġto,1.882004
450,16,Ġhis,5.211384
450,17,Ġfamily,6.222566
450,18,.,2.139668
450,19,<|endoftext|>,8.459822
451,0,<|endoftext|>,0.0
451,1,The,4.729281
451,2,Ġassistant,14.661097
451,3,Ġtold,11.45606
451,4,Ġme,3.659039
451,5,Ġwhat,8.037734
451,6,Ġthe,4.269806
451,7,Ġman,7.960251
451,8,Ġknew,8.63982
451,9,Ġhis,9.676891
451,10,Ġfriend,7.57263
451,11,Ġrecalled,15.724214
451,12,Ġthe,6.663411
451,13,Ġpilot,13.361814
451,14,Ġsent,11.967673
451,15,Ġthe,6.361401
451,16,Ġpackage,9.348586
451,17,Ġto,1.464243
451,18,Ġhis,3.760403
451,19,Ġfamily,5.70779
451,20,.,1.563519
451,21,<|endoftext|>,8.260334
452,0,<|endoftext|>,0.0
452,1,The,4.729281
452,2,Ġassistant,14.661097
452,3,Ġtold,11.45606
452,4,Ġme,3.659039
452,5,Ġthat,1.497253
452,6,Ġthe,3.206986
452,7,Ġman,7.405276
452,8,Ġknew,9.258176
452,9,Ġhis,4.255589
452,10,Ġfriend,7.502174
452,11,Ġrecalled,16.336565
452,12,Ġthe,3.532873
452,13,Ġwoman,7.19339
452,14,Ġsaid,9.821543
452,15,Ġthe,7.392332
452,16,Ġpilot,14.957185
452,17,Ġsent,9.54882
452,18,Ġto,2.601872
452,19,Ġhis,6.806809
452,20,Ġfamily,7.61625
452,21,.,2.554942
452,22,<|endoftext|>,7.933585
453,0,<|endoftext|>,0.0
453,1,The,4.729281
453,2,Ġassistant,14.661097
453,3,Ġtold,11.45606
453,4,Ġme,3.659039
453,5,Ġthat,1.497253
453,6,Ġthe,3.206986
453,7,Ġman,7.405276
453,8,Ġknew,9.258176
453,9,Ġhis,4.255589
453,10,Ġfriend,7.502174
453,11,Ġrecalled,16.336565
453,12,Ġthe,3.532873
453,13,Ġwoman,7.19339
453,14,Ġsaid,9.821543
453,15,Ġthe,7.392332
453,16,Ġpilot,14.957185
453,17,Ġsent,9.54882
453,18,Ġthe,4.424756
453,19,Ġpackage,7.891209
453,20,Ġto,1.405499
453,21,Ġhis,4.609458
453,22,Ġfamily,7.039893
453,23,.,1.586907
453,24,<|endoftext|>,7.842278
454,0,<|endoftext|>,0.0
454,1,The,4.729281
454,2,Ġassistant,14.661097
454,3,Ġtold,11.45606
454,4,Ġme,3.659039
454,5,Ġwhat,8.037734
454,6,Ġthe,4.269806
454,7,Ġman,7.960251
454,8,Ġknew,8.63982
454,9,Ġhis,9.676891
454,10,Ġfriend,7.57263
454,11,Ġrecalled,15.724214
454,12,Ġthe,6.663411
454,13,Ġwoman,6.421199
454,14,Ġsaid,3.830597
454,15,Ġthe,7.104273
454,16,Ġpilot,13.873265
454,17,Ġsent,9.447227
454,18,Ġto,2.722574
454,19,Ġhis,6.111514
454,20,Ġfamily,7.163586
454,21,.,2.123336
454,22,<|endoftext|>,7.940176
455,0,<|endoftext|>,0.0
455,1,The,4.729281
455,2,Ġassistant,14.661097
455,3,Ġtold,11.45606
455,4,Ġme,3.659039
455,5,Ġwhat,8.037734
455,6,Ġthe,4.269806
455,7,Ġman,7.960251
455,8,Ġknew,8.63982
455,9,Ġhis,9.676891
455,10,Ġfriend,7.57263
455,11,Ġrecalled,15.724214
455,12,Ġthe,6.663411
455,13,Ġwoman,6.421199
455,14,Ġsaid,3.830597
455,15,Ġthe,7.104273
455,16,Ġpilot,13.873265
455,17,Ġsent,9.447227
455,18,Ġthe,5.532192
455,19,Ġpackage,8.371781
455,20,Ġto,1.427999
455,21,Ġhis,4.802737
455,22,Ġfamily,6.667423
455,23,.,1.482671
455,24,<|endoftext|>,7.832794
456,0,<|endoftext|>,0.0
456,1,The,4.729281
456,2,Ġassistant,14.661097
456,3,Ġtold,11.45606
456,4,Ġme,3.659039
456,5,Ġthat,1.497253
456,6,Ġthe,3.206986
456,7,Ġman,7.405276
456,8,Ġknew,9.258176
456,9,Ġhis,4.255589
456,10,Ġfriend,7.502174
456,11,Ġrecalled,16.336565
456,12,Ġthe,3.532873
456,13,Ġwoman,7.19339
456,14,Ġsaid,9.821543
456,15,Ġthe,7.392332
456,16,Ġpilot,14.957185
456,17,Ġsent,9.54882
456,18,Ġto,2.601872
456,19,Ġhis,6.806809
456,20,Ġfamily,7.61625
456,21,.,2.554942
456,22,<|endoftext|>,7.933585
457,0,<|endoftext|>,0.0
457,1,The,4.729281
457,2,Ġassistant,14.661097
457,3,Ġtold,11.45606
457,4,Ġme,3.659039
457,5,Ġthat,1.497253
457,6,Ġthe,3.206986
457,7,Ġman,7.405276
457,8,Ġknew,9.258176
457,9,Ġhis,4.255589
457,10,Ġfriend,7.502174
457,11,Ġrecalled,16.336565
457,12,Ġthe,3.532873
457,13,Ġwoman,7.19339
457,14,Ġsaid,9.821543
457,15,Ġthe,7.392332
457,16,Ġpilot,14.957185
457,17,Ġsent,9.54882
457,18,Ġthe,4.424756
457,19,Ġpackage,7.891209
457,20,Ġto,1.405499
457,21,Ġhis,4.609458
457,22,Ġfamily,7.039893
457,23,.,1.586907
457,24,<|endoftext|>,7.842278
458,0,<|endoftext|>,0.0
458,1,The,4.729281
458,2,Ġassistant,14.661097
458,3,Ġtold,11.45606
458,4,Ġme,3.659039
458,5,Ġwhat,8.037734
458,6,Ġthe,4.269806
458,7,Ġman,7.960251
458,8,Ġknew,8.63982
458,9,Ġhis,9.676891
458,10,Ġfriend,7.57263
458,11,Ġrecalled,15.724214
458,12,Ġthe,6.663411
458,13,Ġwoman,6.421199
458,14,Ġsaid,3.830597
458,15,Ġthe,7.104273
458,16,Ġpilot,13.873265
458,17,Ġsent,9.447227
458,18,Ġto,2.722574
458,19,Ġhis,6.111514
458,20,Ġfamily,7.163586
458,21,.,2.123336
458,22,<|endoftext|>,7.940176
459,0,<|endoftext|>,0.0
459,1,The,4.729281
459,2,Ġassistant,14.661097
459,3,Ġtold,11.45606
459,4,Ġme,3.659039
459,5,Ġwhat,8.037734
459,6,Ġthe,4.269806
459,7,Ġman,7.960251
459,8,Ġknew,8.63982
459,9,Ġhis,9.676891
459,10,Ġfriend,7.57263
459,11,Ġrecalled,15.724214
459,12,Ġthe,6.663411
459,13,Ġwoman,6.421199
459,14,Ġsaid,3.830597
459,15,Ġthe,7.104273
459,16,Ġpilot,13.873265
459,17,Ġsent,9.447227
459,18,Ġthe,5.532192
459,19,Ġpackage,8.371781
459,20,Ġto,1.427999
459,21,Ġhis,4.802737
459,22,Ġfamily,6.667423
459,23,.,1.482671
459,24,<|endoftext|>,7.832794
460,0,<|endoftext|>,0.0
460,1,We,7.155782
460,2,Ġrecalled,16.653039
460,3,Ġthat,3.559473
460,4,Ġthe,3.282958
460,5,Ġclown,16.1704
460,6,Ġfrightened,16.733389
460,7,Ġat,7.849038
460,8,Ġthe,2.144242
460,9,Ġparty,8.954417
460,10,.,2.991071
460,11,<|endoftext|>,7.092335
461,0,<|endoftext|>,0.0
461,1,We,7.155782
461,2,Ġrecalled,16.653039
461,3,Ġthat,3.559485
461,4,Ġthe,3.282958
461,5,Ġclown,16.1704
461,6,Ġfrightened,16.73339
461,7,Ġthe,2.366045
461,8,Ġchildren,4.207734
461,9,Ġat,4.560989
461,10,Ġthe,1.953992
461,11,Ġparty,5.776138
461,12,.,1.851478
461,13,<|endoftext|>,6.580034
462,0,<|endoftext|>,0.0
462,1,We,7.155782
462,2,Ġrecalled,16.653039
462,3,Ġwho,12.588468
462,4,Ġthe,5.097225
462,5,Ġclown,12.947173
462,6,Ġfrightened,17.808359
462,7,Ġat,5.511062
462,8,Ġthe,1.6687
462,9,Ġparty,6.306393
462,10,.,2.001217
462,11,<|endoftext|>,6.102753
463,0,<|endoftext|>,0.0
463,1,We,7.155782
463,2,Ġrecalled,16.653039
463,3,Ġwho,12.588437
463,4,Ġthe,5.097225
463,5,Ġclown,12.947186
463,6,Ġfrightened,17.808366
463,7,Ġthe,4.359499
463,8,Ġchildren,5.999755
463,9,Ġat,4.867192
463,10,Ġthe,2.140666
463,11,Ġparty,6.262635
463,12,.,1.641362
463,13,<|endoftext|>,5.953944
464,0,<|endoftext|>,0.0
464,1,We,7.155782
464,2,Ġrecalled,16.653039
464,3,Ġthat,3.559473
464,4,Ġthe,3.282958
464,5,Ġactor,12.412868
464,6,Ġsaid,6.494454
464,7,Ġthe,4.650794
464,8,Ġclown,13.629277
464,9,Ġfrightened,15.694665
464,10,Ġat,9.89205
464,11,Ġthe,2.779669
464,12,Ġparty,9.137744
464,13,.,2.490439
464,14,<|endoftext|>,5.934594
465,0,<|endoftext|>,0.0
465,1,We,7.155761
465,2,Ġrecalled,16.652963
465,3,Ġthat,3.559449
465,4,Ġthe,3.282928
465,5,Ġactor,12.41283
465,6,Ġsaid,6.494531
465,7,Ġthe,4.650755
465,8,Ġclown,13.629284
465,9,Ġfrightened,15.694629
465,10,Ġthe,3.021551
465,11,Ġchildren,3.187006
465,12,Ġat,5.067679
465,13,Ġthe,1.798791
465,14,Ġparty,4.840707
465,15,.,1.553822
465,16,<|endoftext|>,5.608749
466,0,<|endoftext|>,0.0
466,1,We,7.155782
466,2,Ġrecalled,16.653039
466,3,Ġwho,12.588468
466,4,Ġthe,5.097225
466,5,Ġactor,10.041828
466,6,Ġsaid,8.182805
466,7,Ġthe,6.496873
466,8,Ġclown,11.488798
466,9,Ġfrightened,16.439186
466,10,Ġat,5.889177
466,11,Ġthe,1.63176
466,12,Ġparty,7.05699
466,13,.,1.33384
466,14,<|endoftext|>,5.7456
467,0,<|endoftext|>,0.0
467,1,We,7.155761
467,2,Ġrecalled,16.652963
467,3,Ġwho,12.58851
467,4,Ġthe,5.097209
467,5,Ġactor,10.041862
467,6,Ġsaid,8.182886
467,7,Ġthe,6.496846
467,8,Ġclown,11.48887
467,9,Ġfrightened,16.439164
467,10,Ġthe,3.766192
467,11,Ġchildren,3.71588
467,12,Ġat,5.08706
467,13,Ġthe,1.965325
467,14,Ġparty,5.111802
467,15,.,0.99739
467,16,<|endoftext|>,5.579594
468,0,<|endoftext|>,0.0
468,1,We,7.155761
468,2,Ġrecalled,16.652963
468,3,Ġthat,3.559449
468,4,Ġthe,3.282928
468,5,Ġactor,12.41283
468,6,Ġsaid,6.494531
468,7,Ġthe,4.650755
468,8,Ġpeople,9.542711
468,9,Ġknew,10.904819
468,10,Ġthe,3.773863
468,11,Ġclown,11.9457
468,12,Ġfrightened,18.638309
468,13,Ġat,10.433059
468,14,Ġthe,2.830031
468,15,Ġparty,8.681212
468,16,.,2.102985
468,17,<|endoftext|>,5.902617
469,0,<|endoftext|>,0.0
469,1,We,7.155761
469,2,Ġrecalled,16.652963
469,3,Ġthat,3.559449
469,4,Ġthe,3.282928
469,5,Ġactor,12.41283
469,6,Ġsaid,6.494531
469,7,Ġthe,4.650755
469,8,Ġpeople,9.542711
469,9,Ġknew,10.904819
469,10,Ġthe,3.773863
469,11,Ġclown,11.9457
469,12,Ġfrightened,18.638309
469,13,Ġthe,3.468846
469,14,Ġchildren,2.67467
469,15,Ġat,6.162224
469,16,Ġthe,1.531704
469,17,Ġparty,4.760947
469,18,.,1.417197
469,19,<|endoftext|>,5.591907
470,0,<|endoftext|>,0.0
470,1,We,7.155761
470,2,Ġrecalled,16.652963
470,3,Ġwho,12.58851
470,4,Ġthe,5.097209
470,5,Ġactor,10.041862
470,6,Ġsaid,8.182886
470,7,Ġthe,6.496846
470,8,Ġpeople,9.049391
470,9,Ġknew,8.967435
470,10,Ġthe,5.658877
470,11,Ġclown,11.613543
470,12,Ġfrightened,18.073329
470,13,Ġat,7.460545
470,14,Ġthe,2.296105
470,15,Ġparty,8.037138
470,16,.,1.19813
470,17,<|endoftext|>,5.780086
471,0,<|endoftext|>,0.0
471,1,We,7.155761
471,2,Ġrecalled,16.652963
471,3,Ġwho,12.58851
471,4,Ġthe,5.097209
471,5,Ġactor,10.041862
471,6,Ġsaid,8.182886
471,7,Ġthe,6.496846
471,8,Ġpeople,9.049391
471,9,Ġknew,8.967435
471,10,Ġthe,5.658877
471,11,Ġclown,11.613543
471,12,Ġfrightened,18.073329
471,13,Ġthe,3.903449
471,14,Ġchildren,3.108865
471,15,Ġat,6.017682
471,16,Ġthe,1.809664
471,17,Ġparty,4.98663
471,18,.,0.899332
471,19,<|endoftext|>,5.56604
472,0,<|endoftext|>,0.0
472,1,We,7.155761
472,2,Ġrecalled,16.652963
472,3,Ġthat,3.559449
472,4,Ġthe,3.282928
472,5,Ġactor,12.41283
472,6,Ġsaid,6.494531
472,7,Ġthe,4.650755
472,8,Ġpeople,9.542711
472,9,Ġknew,10.904819
472,10,Ġhe,3.325211
472,11,Ġthought,10.729255
472,12,Ġthe,3.229573
472,13,Ġclown,10.709938
472,14,Ġfrightened,17.602797
472,15,Ġat,11.112691
472,16,Ġthe,3.279762
472,17,Ġparty,9.035605
472,18,.,1.769705
472,19,<|endoftext|>,5.594592
473,0,<|endoftext|>,0.0
473,1,We,7.155761
473,2,Ġrecalled,16.652963
473,3,Ġthat,3.559449
473,4,Ġthe,3.282928
473,5,Ġactor,12.41283
473,6,Ġsaid,6.494531
473,7,Ġthe,4.650755
473,8,Ġpeople,9.542711
473,9,Ġknew,10.904819
473,10,Ġhe,3.325211
473,11,Ġthought,10.729255
473,12,Ġthe,3.229573
473,13,Ġclown,10.709938
473,14,Ġfrightened,17.602797
473,15,Ġthe,2.956728
473,16,Ġchildren,2.495318
473,17,Ġat,6.356527
473,18,Ġthe,1.704828
473,19,Ġparty,4.731375
473,20,.,1.223003
473,21,<|endoftext|>,5.358449
474,0,<|endoftext|>,0.0
474,1,We,7.155761
474,2,Ġrecalled,16.652963
474,3,Ġwho,12.58851
474,4,Ġthe,5.097209
474,5,Ġactor,10.041862
474,6,Ġsaid,8.182886
474,7,Ġthe,6.496846
474,8,Ġpeople,9.049391
474,9,Ġknew,8.967435
474,10,Ġhe,5.910528
474,11,Ġthought,11.509607
474,12,Ġthe,5.396923
474,13,Ġclown,10.104149
474,14,Ġfrightened,17.621777
474,15,Ġat,9.014532
474,16,Ġthe,3.055685
474,17,Ġparty,8.668865
474,18,.,1.056032
474,19,<|endoftext|>,5.630289
475,0,<|endoftext|>,0.0
475,1,We,7.155761
475,2,Ġrecalled,16.652963
475,3,Ġwho,12.58851
475,4,Ġthe,5.097209
475,5,Ġactor,10.041862
475,6,Ġsaid,8.182886
475,7,Ġthe,6.496846
475,8,Ġpeople,9.049391
475,9,Ġknew,8.967435
475,10,Ġhe,5.910528
475,11,Ġthought,11.509607
475,12,Ġthe,5.396923
475,13,Ġclown,10.104149
475,14,Ġfrightened,17.621777
475,15,Ġthe,3.40202
475,16,Ġchildren,2.796327
475,17,Ġat,6.29174
475,18,Ġthe,2.003494
475,19,Ġparty,4.948923
475,20,.,0.77104
475,21,<|endoftext|>,5.48713
476,0,<|endoftext|>,0.0
476,1,We,7.155761
476,2,Ġrecalled,16.652963
476,3,Ġthat,3.559449
476,4,Ġthe,3.282928
476,5,Ġactor,12.41283
476,6,Ġsaid,6.494531
476,7,Ġthe,4.650755
476,8,Ġpeople,9.542711
476,9,Ġknew,10.904819
476,10,Ġhe,3.325211
476,11,Ġthought,10.729255
476,12,Ġthe,3.229573
476,13,Ġclown,10.709938
476,14,Ġfrightened,17.602797
476,15,Ġat,11.112691
476,16,Ġthe,3.279762
476,17,Ġparty,9.035605
476,18,.,1.769705
476,19,<|endoftext|>,5.594592
477,0,<|endoftext|>,0.0
477,1,We,7.155761
477,2,Ġrecalled,16.652963
477,3,Ġthat,3.559449
477,4,Ġthe,3.282928
477,5,Ġactor,12.41283
477,6,Ġsaid,6.494531
477,7,Ġthe,4.650755
477,8,Ġpeople,9.542711
477,9,Ġknew,10.904819
477,10,Ġhe,3.325211
477,11,Ġthought,10.729255
477,12,Ġthe,3.229573
477,13,Ġclown,10.709938
477,14,Ġfrightened,17.602797
477,15,Ġthe,2.956728
477,16,Ġchildren,2.495318
477,17,Ġat,6.356527
477,18,Ġthe,1.704828
477,19,Ġparty,4.731375
477,20,.,1.223003
477,21,<|endoftext|>,5.358449
478,0,<|endoftext|>,0.0
478,1,We,7.155761
478,2,Ġrecalled,16.652963
478,3,Ġwho,12.58851
478,4,Ġthe,5.097209
478,5,Ġactor,10.041862
478,6,Ġsaid,8.182886
478,7,Ġthe,6.496846
478,8,Ġpeople,9.049391
478,9,Ġknew,8.967435
478,10,Ġhe,5.910528
478,11,Ġthought,11.509607
478,12,Ġthe,5.396923
478,13,Ġclown,10.104149
478,14,Ġfrightened,17.621777
478,15,Ġat,9.014532
478,16,Ġthe,3.055685
478,17,Ġparty,8.668865
478,18,.,1.056032
478,19,<|endoftext|>,5.630289
479,0,<|endoftext|>,0.0
479,1,We,7.155761
479,2,Ġrecalled,16.652963
479,3,Ġwho,12.58851
479,4,Ġthe,5.097209
479,5,Ġactor,10.041862
479,6,Ġsaid,8.182886
479,7,Ġthe,6.496846
479,8,Ġpeople,9.049391
479,9,Ġknew,8.967435
479,10,Ġhe,5.910528
479,11,Ġthought,11.509607
479,12,Ġthe,5.396923
479,13,Ġclown,10.104149
479,14,Ġfrightened,17.621777
479,15,Ġthe,3.40202
479,16,Ġchildren,2.796327
479,17,Ġat,6.29174
479,18,Ġthe,2.003494
479,19,Ġparty,4.948923
479,20,.,0.77104
479,21,<|endoftext|>,5.48713
480,0,<|endoftext|>,0.0
480,1,He,8.582737
480,2,Ġrecalled,12.020836
480,3,Ġthat,3.014931
480,4,Ġthe,3.611212
480,5,Ġterrorist,11.577957
480,6,Ġassassinated,14.462571
480,7,Ġlast,10.705233
480,8,Ġnight,7.107777
480,9,.,4.686659
480,10,<|endoftext|>,6.327519
481,0,<|endoftext|>,0.0
481,1,He,8.582737
481,2,Ġrecalled,12.020836
481,3,Ġthat,3.014931
481,4,Ġthe,3.611212
481,5,Ġterrorist,11.577957
481,6,Ġassassinated,14.462571
481,7,Ġthe,4.005255
481,8,Ġpolitician,9.223417
481,9,Ġlast,9.548547
481,10,Ġnight,7.35664
481,11,.,2.424264
481,12,<|endoftext|>,6.045964
482,0,<|endoftext|>,0.0
482,1,He,8.582737
482,2,Ġrecalled,12.020836
482,3,Ġwho,10.082279
482,4,Ġthe,5.311934
482,5,Ġterrorist,11.92521
482,6,Ġassassinated,12.710054
482,7,Ġlast,7.30876
482,8,Ġnight,5.983983
482,9,.,2.174161
482,10,<|endoftext|>,6.781369
483,0,<|endoftext|>,0.0
483,1,He,8.582737
483,2,Ġrecalled,12.020836
483,3,Ġwho,10.082279
483,4,Ġthe,5.311934
483,5,Ġterrorist,11.925189
483,6,Ġassassinated,12.710054
483,7,Ġthe,7.910975
483,8,Ġpolitician,9.105022
483,9,Ġlast,10.383252
483,10,Ġnight,5.613954
483,11,.,1.778284
483,12,<|endoftext|>,6.316855
484,0,<|endoftext|>,0.0
484,1,He,8.582737
484,2,Ġrecalled,12.020836
484,3,Ġthat,3.014931
484,4,Ġthe,3.611212
484,5,Ġpresident,8.074674
484,6,Ġsaid,5.885526
484,7,Ġthe,4.462629
484,8,Ġterrorist,10.204255
484,9,Ġassassinated,17.009908
484,10,Ġlast,11.153899
484,11,Ġnight,6.49728
484,12,.,4.274488
484,13,<|endoftext|>,5.986438
485,0,<|endoftext|>,0.0
485,1,He,8.582738
485,2,Ġrecalled,12.02077
485,3,Ġthat,3.014933
485,4,Ġthe,3.611147
485,5,Ġpresident,8.07464
485,6,Ġsaid,5.885539
485,7,Ġthe,4.462655
485,8,Ġterrorist,10.204293
485,9,Ġassassinated,17.009988
485,10,Ġthe,3.974359
485,11,Ġpolitician,11.200454
485,12,Ġlast,9.259961
485,13,Ġnight,6.365339
485,14,.,1.874345
485,15,<|endoftext|>,5.70139
486,0,<|endoftext|>,0.0
486,1,He,8.582737
486,2,Ġrecalled,12.020836
486,3,Ġwho,10.082279
486,4,Ġthe,5.311934
486,5,Ġpresident,7.036654
486,6,Ġsaid,5.575259
486,7,Ġthe,6.261149
486,8,Ġterrorist,10.42461
486,9,Ġassassinated,13.422676
486,10,Ġlast,7.122938
486,11,Ġnight,5.812884
486,12,.,1.529713
486,13,<|endoftext|>,5.986527
487,0,<|endoftext|>,0.0
487,1,He,8.582738
487,2,Ġrecalled,12.02077
487,3,Ġwho,10.082226
487,4,Ġthe,5.311935
487,5,Ġpresident,7.036644
487,6,Ġsaid,5.575352
487,7,Ġthe,6.261223
487,8,Ġterrorist,10.42465
487,9,Ġassassinated,13.422536
487,10,Ġthe,7.622033
487,11,Ġpolitician,12.231502
487,12,Ġlast,9.85211
487,13,Ġnight,5.396454
487,14,.,1.262018
487,15,<|endoftext|>,5.68355
488,0,<|endoftext|>,0.0
488,1,He,8.582732
488,2,Ġrecalled,12.02077
488,3,Ġthat,3.014941
488,4,Ġthe,3.611141
488,5,Ġpresident,8.074643
488,6,Ġsaid,5.885518
488,7,Ġthe,4.462654
488,8,Ġreport,10.145352
488,9,Ġconfirmed,10.202122
488,10,Ġthe,2.918387
488,11,Ġterrorist,9.982258
488,12,Ġassassinated,20.067369
488,13,Ġlast,11.002966
488,14,Ġnight,6.995396
488,15,.,2.067817
488,16,<|endoftext|>,5.564026
489,0,<|endoftext|>,0.0
489,1,He,8.582732
489,2,Ġrecalled,12.02077
489,3,Ġthat,3.014941
489,4,Ġthe,3.611141
489,5,Ġpresident,8.074643
489,6,Ġsaid,5.885518
489,7,Ġthe,4.462654
489,8,Ġreport,10.145352
489,9,Ġconfirmed,10.202122
489,10,Ġthe,2.918387
489,11,Ġterrorist,9.982258
489,12,Ġassassinated,20.067369
489,13,Ġthe,4.286463
489,14,Ġpolitician,11.995907
489,15,Ġlast,10.460964
489,16,Ġnight,6.991838
489,17,.,1.238171
489,18,<|endoftext|>,5.287113
490,0,<|endoftext|>,0.0
490,1,He,8.582732
490,2,Ġrecalled,12.02077
490,3,Ġwho,10.082223
490,4,Ġthe,5.311934
490,5,Ġpresident,7.036641
490,6,Ġsaid,5.575347
490,7,Ġthe,6.26124
490,8,Ġreport,12.819719
490,9,Ġconfirmed,11.072902
490,10,Ġthe,6.803126
490,11,Ġterrorist,9.931456
490,12,Ġassassinated,16.621614
490,13,Ġlast,8.423774
490,14,Ġnight,6.685904
490,15,.,1.221227
490,16,<|endoftext|>,5.700459
491,0,<|endoftext|>,0.0
491,1,He,8.582732
491,2,Ġrecalled,12.02077
491,3,Ġwho,10.082223
491,4,Ġthe,5.311934
491,5,Ġpresident,7.036641
491,6,Ġsaid,5.575347
491,7,Ġthe,6.26124
491,8,Ġreport,12.819719
491,9,Ġconfirmed,11.072902
491,10,Ġthe,6.803126
491,11,Ġterrorist,9.931456
491,12,Ġassassinated,16.621614
491,13,Ġthe,6.742284
491,14,Ġpolitician,12.950437
491,15,Ġlast,10.737495
491,16,Ġnight,6.40202
491,17,.,0.961881
491,18,<|endoftext|>,5.509147
492,0,<|endoftext|>,0.0
492,1,He,8.582732
492,2,Ġrecalled,12.02077
492,3,Ġthat,3.014941
492,4,Ġthe,3.611141
492,5,Ġpresident,8.074643
492,6,Ġsaid,5.885518
492,7,Ġthe,4.462654
492,8,Ġreport,10.145352
492,9,Ġconfirmed,10.202122
492,10,Ġhe,4.498833
492,11,Ġbelieved,5.670444
492,12,Ġthe,2.049269
492,13,Ġterrorist,8.664848
492,14,Ġassassinated,18.499059
492,15,Ġlast,11.505213
492,16,Ġnight,6.985404
492,17,.,1.671162
492,18,<|endoftext|>,5.458799
493,0,<|endoftext|>,0.0
493,1,He,8.582732
493,2,Ġrecalled,12.02077
493,3,Ġthat,3.014941
493,4,Ġthe,3.611141
493,5,Ġpresident,8.074643
493,6,Ġsaid,5.885518
493,7,Ġthe,4.462654
493,8,Ġreport,10.145352
493,9,Ġconfirmed,10.202122
493,10,Ġhe,4.498833
493,11,Ġbelieved,5.670444
493,12,Ġthe,2.049269
493,13,Ġterrorist,8.664848
493,14,Ġassassinated,18.499059
493,15,Ġthe,3.874048
493,16,Ġpolitician,12.011793
493,17,Ġlast,10.316597
493,18,Ġnight,6.981688
493,19,.,0.985005
493,20,<|endoftext|>,5.214162
494,0,<|endoftext|>,0.0
494,1,He,8.582732
494,2,Ġrecalled,12.02077
494,3,Ġwho,10.082223
494,4,Ġthe,5.311934
494,5,Ġpresident,7.036641
494,6,Ġsaid,5.575347
494,7,Ġthe,6.26124
494,8,Ġreport,12.819719
494,9,Ġconfirmed,11.072902
494,10,Ġhe,5.670528
494,11,Ġbelieved,5.358265
494,12,Ġthe,5.723841
494,13,Ġterrorist,8.753682
494,14,Ġassassinated,16.121347
494,15,Ġlast,9.371373
494,16,Ġnight,6.923043
494,17,.,1.050809
494,18,<|endoftext|>,5.711395
495,0,<|endoftext|>,0.0
495,1,He,8.582732
495,2,Ġrecalled,12.02077
495,3,Ġwho,10.082223
495,4,Ġthe,5.311934
495,5,Ġpresident,7.036641
495,6,Ġsaid,5.575347
495,7,Ġthe,6.26124
495,8,Ġreport,12.819719
495,9,Ġconfirmed,11.072902
495,10,Ġhe,5.670528
495,11,Ġbelieved,5.358265
495,12,Ġthe,5.723841
495,13,Ġterrorist,8.753682
495,14,Ġassassinated,16.121347
495,15,Ġthe,6.406018
495,16,Ġpolitician,12.86297
495,17,Ġlast,10.696954
495,18,Ġnight,6.733774
495,19,.,0.823752
495,20,<|endoftext|>,5.585702
496,0,<|endoftext|>,0.0
496,1,He,8.582732
496,2,Ġrecalled,12.02077
496,3,Ġthat,3.014941
496,4,Ġthe,3.611141
496,5,Ġpresident,8.074643
496,6,Ġsaid,5.885518
496,7,Ġthe,4.462654
496,8,Ġreport,10.145352
496,9,Ġconfirmed,10.202122
496,10,Ġhe,4.498833
496,11,Ġbelieved,5.670444
496,12,Ġthe,2.049269
496,13,Ġterrorist,8.664848
496,14,Ġassassinated,18.499059
496,15,Ġlast,11.505213
496,16,Ġnight,6.985404
496,17,.,1.671162
496,18,<|endoftext|>,5.458799
497,0,<|endoftext|>,0.0
497,1,He,8.582732
497,2,Ġrecalled,12.02077
497,3,Ġthat,3.014941
497,4,Ġthe,3.611141
497,5,Ġpresident,8.074643
497,6,Ġsaid,5.885518
497,7,Ġthe,4.462654
497,8,Ġreport,10.145352
497,9,Ġconfirmed,10.202122
497,10,Ġhe,4.498833
497,11,Ġbelieved,5.670444
497,12,Ġthe,2.049269
497,13,Ġterrorist,8.664848
497,14,Ġassassinated,18.499059
497,15,Ġthe,3.874048
497,16,Ġpolitician,12.011793
497,17,Ġlast,10.316597
497,18,Ġnight,6.981688
497,19,.,0.985005
497,20,<|endoftext|>,5.214162
498,0,<|endoftext|>,0.0
498,1,He,8.582732
498,2,Ġrecalled,12.02077
498,3,Ġwho,10.082223
498,4,Ġthe,5.311934
498,5,Ġpresident,7.036641
498,6,Ġsaid,5.575347
498,7,Ġthe,6.26124
498,8,Ġreport,12.819719
498,9,Ġconfirmed,11.072902
498,10,Ġhe,5.670528
498,11,Ġbelieved,5.358265
498,12,Ġthe,5.723841
498,13,Ġterrorist,8.753682
498,14,Ġassassinated,16.121347
498,15,Ġlast,9.371373
498,16,Ġnight,6.923043
498,17,.,1.050809
498,18,<|endoftext|>,5.711395
499,0,<|endoftext|>,0.0
499,1,He,8.582732
499,2,Ġrecalled,12.02077
499,3,Ġwho,10.082223
499,4,Ġthe,5.311934
499,5,Ġpresident,7.036641
499,6,Ġsaid,5.575347
499,7,Ġthe,6.26124
499,8,Ġreport,12.819719
499,9,Ġconfirmed,11.072902
499,10,Ġhe,5.670528
499,11,Ġbelieved,5.358265
499,12,Ġthe,5.723841
499,13,Ġterrorist,8.753682
499,14,Ġassassinated,16.121347
499,15,Ġthe,6.406018
499,16,Ġpolitician,12.86297
499,17,Ġlast,10.696954
499,18,Ġnight,6.733774
499,19,.,0.823752
499,20,<|endoftext|>,5.585702
500,0,<|endoftext|>,0.0
500,1,I,5.770367
500,2,Ġknow,5.545733
500,3,Ġthat,2.74974
500,4,Ġthe,4.424285
500,5,Ġl,12.109287
500,6,ibrarian,3.964717
500,7,Ġgreeted,16.71219
500,8,Ġearly,15.626298
500,9,Ġin,3.717222
500,10,Ġthe,1.405299
500,11,Ġmorning,1.122462
500,12,.,5.073281
500,13,<|endoftext|>,10.954288
501,0,<|endoftext|>,0.0
501,1,I,5.770362
501,2,Ġknow,5.545699
501,3,Ġthat,2.74972
501,4,Ġthe,4.424218
501,5,Ġl,12.109199
501,6,ibrarian,3.9647
501,7,Ġgreeted,16.71218
501,8,Ġthe,4.741406
501,9,Ġman,7.422452
501,10,Ġearly,11.616876
501,11,Ġin,2.554807
501,12,Ġthe,0.431008
501,13,Ġmorning,0.716238
501,14,.,2.951539
501,15,<|endoftext|>,11.348143
502,0,<|endoftext|>,0.0
502,1,I,5.770367
502,2,Ġknow,5.545733
502,3,Ġwho,8.366545
502,4,Ġthe,5.844098
502,5,Ġl,10.225451
502,6,ibrarian,2.572378
502,7,Ġgreeted,18.112016
502,8,Ġearly,11.64517
502,9,Ġin,2.552973
502,10,Ġthe,1.789778
502,11,Ġmorning,0.921447
502,12,.,1.966506
502,13,<|endoftext|>,9.976515
503,0,<|endoftext|>,0.0
503,1,I,5.770362
503,2,Ġknow,5.545699
503,3,Ġwho,8.36647
503,4,Ġthe,5.844158
503,5,Ġl,10.22552
503,6,ibrarian,2.57237
503,7,Ġgreeted,18.111965
503,8,Ġthe,4.94025
503,9,Ġman,7.274998
503,10,Ġearly,12.420595
503,11,Ġin,2.669218
503,12,Ġthe,0.66139
503,13,Ġmorning,0.645308
503,14,.,1.46484
503,15,<|endoftext|>,10.619303
504,0,<|endoftext|>,0.0
504,1,I,5.770357
504,2,Ġknow,5.545684
504,3,Ġthat,2.749692
504,4,Ġthe,4.424222
504,5,Ġmayor,12.880334
504,6,Ġsaid,6.518948
504,7,Ġthe,4.744813
504,8,Ġl,13.154353
504,9,ibrarian,4.682385
504,10,Ġgreeted,16.409528
504,11,Ġearly,14.751903
504,12,Ġin,3.865765
504,13,Ġthe,0.667262
504,14,Ġmorning,0.69696
504,15,.,3.233878
504,16,<|endoftext|>,10.364141
505,0,<|endoftext|>,0.0
505,1,I,5.770357
505,2,Ġknow,5.545684
505,3,Ġthat,2.749692
505,4,Ġthe,4.424222
505,5,Ġmayor,12.880334
505,6,Ġsaid,6.518948
505,7,Ġthe,4.744813
505,8,Ġl,13.154353
505,9,ibrarian,4.682385
505,10,Ġgreeted,16.409528
505,11,Ġthe,3.241932
505,12,Ġman,7.742919
505,13,Ġearly,10.385551
505,14,Ġin,3.181888
505,15,Ġthe,0.30598
505,16,Ġmorning,0.51228
505,17,.,2.378133
505,18,<|endoftext|>,10.402512
506,0,<|endoftext|>,0.0
506,1,I,5.770357
506,2,Ġknow,5.545684
506,3,Ġwho,8.366485
506,4,Ġthe,5.844156
506,5,Ġmayor,10.469356
506,6,Ġsaid,7.041907
506,7,Ġthe,5.508674
506,8,Ġl,13.321151
506,9,ibrarian,3.952975
506,10,Ġgreeted,16.097062
506,11,Ġearly,11.436035
506,12,Ġin,2.866409
506,13,Ġthe,0.927215
506,14,Ġmorning,0.573737
506,15,.,1.418377
506,16,<|endoftext|>,8.500082
507,0,<|endoftext|>,0.0
507,1,I,5.770357
507,2,Ġknow,5.545684
507,3,Ġwho,8.366485
507,4,Ġthe,5.844156
507,5,Ġmayor,10.469356
507,6,Ġsaid,7.041907
507,7,Ġthe,5.508674
507,8,Ġl,13.321151
507,9,ibrarian,3.952975
507,10,Ġgreeted,16.097062
507,11,Ġthe,4.264353
507,12,Ġman,7.951703
507,13,Ġearly,11.446065
507,14,Ġin,2.869069
507,15,Ġthe,0.406167
507,16,Ġmorning,0.457353
507,17,.,1.21996
507,18,<|endoftext|>,8.984887
508,0,<|endoftext|>,0.0
508,1,I,5.770357
508,2,Ġknow,5.545684
508,3,Ġthat,2.749692
508,4,Ġthe,4.424222
508,5,Ġmayor,12.880334
508,6,Ġsaid,6.518948
508,7,Ġthe,4.744813
508,8,Ġclerk,15.360728
508,9,Ġbelieved,10.252618
508,10,Ġthe,2.680923
508,11,Ġl,11.66272
508,12,ibrarian,0.656492
508,13,Ġgreeted,18.356601
508,14,Ġearly,14.544091
508,15,Ġin,3.679291
508,16,Ġthe,0.38071
508,17,Ġmorning,0.646667
508,18,.,2.241308
508,19,<|endoftext|>,10.184923
509,0,<|endoftext|>,0.0
509,1,I,5.770357
509,2,Ġknow,5.545684
509,3,Ġthat,2.749692
509,4,Ġthe,4.424222
509,5,Ġmayor,12.880334
509,6,Ġsaid,6.518948
509,7,Ġthe,4.744813
509,8,Ġclerk,15.360728
509,9,Ġbelieved,10.252618
509,10,Ġthe,2.680923
509,11,Ġl,11.66272
509,12,ibrarian,0.656492
509,13,Ġgreeted,18.356601
509,14,Ġthe,2.997567
509,15,Ġman,6.412304
509,16,Ġearly,10.169873
509,17,Ġin,3.145862
509,18,Ġthe,0.227895
509,19,Ġmorning,0.602008
509,20,.,1.807963
509,21,<|endoftext|>,10.221775
510,0,<|endoftext|>,0.0
510,1,I,5.770357
510,2,Ġknow,5.545684
510,3,Ġwho,8.366485
510,4,Ġthe,5.844156
510,5,Ġmayor,10.469356
510,6,Ġsaid,7.041907
510,7,Ġthe,5.508674
510,8,Ġclerk,15.025811
510,9,Ġbelieved,9.715909
510,10,Ġthe,5.206546
510,11,Ġl,11.999759
510,12,ibrarian,0.678023
510,13,Ġgreeted,16.995299
510,14,Ġearly,13.665477
510,15,Ġin,3.416158
510,16,Ġthe,0.443687
510,17,Ġmorning,0.540504
510,18,.,1.614307
510,19,<|endoftext|>,8.612143
511,0,<|endoftext|>,0.0
511,1,I,5.770357
511,2,Ġknow,5.545684
511,3,Ġwho,8.366485
511,4,Ġthe,5.844156
511,5,Ġmayor,10.469356
511,6,Ġsaid,7.041907
511,7,Ġthe,5.508674
511,8,Ġclerk,15.025811
511,9,Ġbelieved,9.715909
511,10,Ġthe,5.206546
511,11,Ġl,11.999759
511,12,ibrarian,0.678023
511,13,Ġgreeted,16.995299
511,14,Ġthe,3.361961
511,15,Ġman,6.236619
511,16,Ġearly,10.656814
511,17,Ġin,2.975207
511,18,Ġthe,0.257907
511,19,Ġmorning,0.534294
511,20,.,1.34185
511,21,<|endoftext|>,8.852011
512,0,<|endoftext|>,0.0
512,1,I,5.770357
512,2,Ġknow,5.545684
512,3,Ġthat,2.749692
512,4,Ġthe,4.424222
512,5,Ġmayor,12.880334
512,6,Ġsaid,6.518948
512,7,Ġthe,4.744813
512,8,Ġclerk,15.360728
512,9,Ġbelieved,10.252618
512,10,Ġhe,2.968368
512,11,Ġwitnessed,12.90243
512,12,Ġthe,1.782551
512,13,Ġl,11.943456
512,14,ibrarian,2.634204
512,15,Ġgreeted,17.907014
512,16,Ġearly,12.363575
512,17,Ġin,2.990788
512,18,Ġthe,0.431321
512,19,Ġmorning,0.643271
512,20,.,2.07361
512,21,<|endoftext|>,10.033555
513,0,<|endoftext|>,0.0
513,1,I,5.770357
513,2,Ġknow,5.545684
513,3,Ġthat,2.749692
513,4,Ġthe,4.424222
513,5,Ġmayor,12.880334
513,6,Ġsaid,6.518948
513,7,Ġthe,4.744813
513,8,Ġclerk,15.360728
513,9,Ġbelieved,10.252618
513,10,Ġhe,2.968368
513,11,Ġwitnessed,12.90243
513,12,Ġthe,1.782551
513,13,Ġl,11.943456
513,14,ibrarian,2.634204
513,15,Ġgreeted,17.907014
513,16,Ġthe,3.387589
513,17,Ġman,5.472094
513,18,Ġearly,11.652812
513,19,Ġin,2.689352
513,20,Ġthe,0.262665
513,21,Ġmorning,0.644185
513,22,.,1.559066
513,23,<|endoftext|>,10.007343
514,0,<|endoftext|>,0.0
514,1,I,5.770357
514,2,Ġknow,5.545684
514,3,Ġwho,8.366485
514,4,Ġthe,5.844156
514,5,Ġmayor,10.469356
514,6,Ġsaid,7.041907
514,7,Ġthe,5.508674
514,8,Ġclerk,15.025811
514,9,Ġbelieved,9.715909
514,10,Ġhe,4.051483
514,11,Ġwitnessed,12.781332
514,12,Ġthe,3.284662
514,13,Ġl,12.10095
514,14,ibrarian,2.786315
514,15,Ġgreeted,16.320811
514,16,Ġearly,12.34462
514,17,Ġin,2.879853
514,18,Ġthe,0.500811
514,19,Ġmorning,0.5678
514,20,.,1.566502
514,21,<|endoftext|>,8.728039
515,0,<|endoftext|>,0.0
515,1,I,5.770357
515,2,Ġknow,5.545684
515,3,Ġwho,8.366485
515,4,Ġthe,5.844156
515,5,Ġmayor,10.469356
515,6,Ġsaid,7.041907
515,7,Ġthe,5.508674
515,8,Ġclerk,15.025811
515,9,Ġbelieved,9.715909
515,10,Ġhe,4.051483
515,11,Ġwitnessed,12.781332
515,12,Ġthe,3.284662
515,13,Ġl,12.10095
515,14,ibrarian,2.786315
515,15,Ġgreeted,16.320811
515,16,Ġthe,3.68233
515,17,Ġman,5.252283
515,18,Ġearly,12.075004
515,19,Ġin,2.769508
515,20,Ġthe,0.305966
515,21,Ġmorning,0.592013
515,22,.,1.268329
515,23,<|endoftext|>,8.772357
516,0,<|endoftext|>,0.0
516,1,I,5.770357
516,2,Ġknow,5.545684
516,3,Ġthat,2.749692
516,4,Ġthe,4.424222
516,5,Ġmayor,12.880334
516,6,Ġsaid,6.518948
516,7,Ġthe,4.744813
516,8,Ġclerk,15.360728
516,9,Ġbelieved,10.252618
516,10,Ġhe,2.968368
516,11,Ġwitnessed,12.90243
516,12,Ġthe,1.782551
516,13,Ġl,11.943456
516,14,ibrarian,2.634204
516,15,Ġgreeted,17.907014
516,16,Ġearly,12.363575
516,17,Ġin,2.990788
516,18,Ġthe,0.431321
516,19,Ġmorning,0.643271
516,20,.,2.07361
516,21,<|endoftext|>,10.033555
517,0,<|endoftext|>,0.0
517,1,I,5.770357
517,2,Ġknow,5.545684
517,3,Ġthat,2.749692
517,4,Ġthe,4.424222
517,5,Ġmayor,12.880334
517,6,Ġsaid,6.518948
517,7,Ġthe,4.744813
517,8,Ġclerk,15.360728
517,9,Ġbelieved,10.252618
517,10,Ġhe,2.968368
517,11,Ġwitnessed,12.90243
517,12,Ġthe,1.782551
517,13,Ġl,11.943456
517,14,ibrarian,2.634204
517,15,Ġgreeted,17.907014
517,16,Ġthe,3.387589
517,17,Ġman,5.472094
517,18,Ġearly,11.652812
517,19,Ġin,2.689352
517,20,Ġthe,0.262665
517,21,Ġmorning,0.644185
517,22,.,1.559066
517,23,<|endoftext|>,10.007343
518,0,<|endoftext|>,0.0
518,1,I,5.770357
518,2,Ġknow,5.545684
518,3,Ġwho,8.366485
518,4,Ġthe,5.844156
518,5,Ġmayor,10.469356
518,6,Ġsaid,7.041907
518,7,Ġthe,5.508674
518,8,Ġclerk,15.025811
518,9,Ġbelieved,9.715909
518,10,Ġhe,4.051483
518,11,Ġwitnessed,12.781332
518,12,Ġthe,3.284662
518,13,Ġl,12.10095
518,14,ibrarian,2.786315
518,15,Ġgreeted,16.320811
518,16,Ġearly,12.34462
518,17,Ġin,2.879853
518,18,Ġthe,0.500811
518,19,Ġmorning,0.5678
518,20,.,1.566502
518,21,<|endoftext|>,8.728039
519,0,<|endoftext|>,0.0
519,1,I,5.770357
519,2,Ġknow,5.545684
519,3,Ġwho,8.366485
519,4,Ġthe,5.844156
519,5,Ġmayor,10.469356
519,6,Ġsaid,7.041907
519,7,Ġthe,5.508674
519,8,Ġclerk,15.025811
519,9,Ġbelieved,9.715909
519,10,Ġhe,4.051483
519,11,Ġwitnessed,12.781332
519,12,Ġthe,3.284662
519,13,Ġl,12.10095
519,14,ibrarian,2.786315
519,15,Ġgreeted,16.320811
519,16,Ġthe,3.68233
519,17,Ġman,5.252283
519,18,Ġearly,12.075004
519,19,Ġin,2.769508
519,20,Ġthe,0.305966
519,21,Ġmorning,0.592013
519,22,.,1.268329
519,23,<|endoftext|>,8.772357
520,0,<|endoftext|>,0.0
520,1,You,7.682203
520,2,Ġknow,4.524784
520,3,Ġthat,3.787021
520,4,Ġthe,7.61201
520,5,Ġmillionaire,16.367698
520,6,Ġsupported,17.254993
520,7,Ġlast,11.501446
520,8,Ġyear,1.479547
520,9,.,9.837585
520,10,<|endoftext|>,8.230648
521,0,<|endoftext|>,0.0
521,1,You,7.682203
521,2,Ġknow,4.524784
521,3,Ġthat,3.787021
521,4,Ġthe,7.61201
521,5,Ġmillionaire,16.367687
521,6,Ġsupported,17.254993
521,7,Ġthe,4.537528
521,8,Ġcandidate,8.546237
521,9,Ġlast,9.920922
521,10,Ġyear,1.87056
521,11,.,3.672551
521,12,<|endoftext|>,9.051302
522,0,<|endoftext|>,0.0
522,1,You,7.682203
522,2,Ġknow,4.524784
522,3,Ġwho,5.05256
522,4,Ġthe,6.464221
522,5,Ġmillionaire,13.853886
522,6,Ġsupported,15.72049
522,7,Ġlast,4.739379
522,8,Ġyear,1.462945
522,9,.,5.639089
522,10,<|endoftext|>,7.519311
523,0,<|endoftext|>,0.0
523,1,You,7.682203
523,2,Ġknow,4.524784
523,3,Ġwho,5.05256
523,4,Ġthe,6.464221
523,5,Ġmillionaire,13.853886
523,6,Ġsupported,15.72049
523,7,Ġthe,5.793533
523,8,Ġcandidate,8.349295
523,9,Ġlast,8.42509
523,10,Ġyear,2.178246
523,11,.,5.320213
523,12,<|endoftext|>,7.533567
524,0,<|endoftext|>,0.0
524,1,You,7.682203
524,2,Ġknow,4.524784
524,3,Ġthat,3.787021
524,4,Ġthe,7.61201
524,5,Ġlobbyist,17.54615
524,6,Ġbelieved,13.519525
524,7,Ġthe,4.187432
524,8,Ġmillionaire,13.856511
524,9,Ġsupported,14.410144
524,10,Ġlast,12.344565
524,11,Ġyear,1.045406
524,12,.,11.567903
524,13,<|endoftext|>,8.664269
525,0,<|endoftext|>,0.0
525,1,You,7.682215
525,2,Ġknow,4.524781
525,3,Ġthat,3.786978
525,4,Ġthe,7.611987
525,5,Ġlobbyist,17.546174
525,6,Ġbelieved,13.519574
525,7,Ġthe,4.187435
525,8,Ġmillionaire,13.856499
525,9,Ġsupported,14.410249
525,10,Ġthe,2.6668
525,11,Ġcandidate,7.640871
525,12,Ġlast,11.402249
525,13,Ġyear,1.786165
525,14,.,3.305949
525,15,<|endoftext|>,9.319373
526,0,<|endoftext|>,0.0
526,1,You,7.682203
526,2,Ġknow,4.524784
526,3,Ġwho,5.05256
526,4,Ġthe,6.464221
526,5,Ġlobbyist,15.639006
526,6,Ġbelieved,12.101728
526,7,Ġthe,6.62511
526,8,Ġmillionaire,14.224205
526,9,Ġsupported,13.538112
526,10,Ġlast,7.887574
526,11,Ġyear,1.206797
526,12,.,5.078051
526,13,<|endoftext|>,7.147828
527,0,<|endoftext|>,0.0
527,1,You,7.682215
527,2,Ġknow,4.524781
527,3,Ġwho,5.052583
527,4,Ġthe,6.4642
527,5,Ġlobbyist,15.639054
527,6,Ġbelieved,12.101693
527,7,Ġthe,6.62514
527,8,Ġmillionaire,14.224216
527,9,Ġsupported,13.538078
527,10,Ġthe,4.606496
527,11,Ġcandidate,8.488332
527,12,Ġlast,9.910501
527,13,Ġyear,1.796473
527,14,.,4.967771
527,15,<|endoftext|>,7.319385
528,0,<|endoftext|>,0.0
528,1,You,7.68222
528,2,Ġknow,4.524771
528,3,Ġthat,3.786982
528,4,Ġthe,7.611992
528,5,Ġlobbyist,17.546179
528,6,Ġbelieved,13.519574
528,7,Ġthe,4.187434
528,8,Ġsecretary,11.351427
528,9,Ġsaid,10.463953
528,10,Ġthe,3.606738
528,11,Ġmillionaire,15.684236
528,12,Ġsupported,13.423078
528,13,Ġlast,12.29925
528,14,Ġyear,0.981399
528,15,.,10.961889
528,16,<|endoftext|>,9.497388
529,0,<|endoftext|>,0.0
529,1,You,7.68222
529,2,Ġknow,4.524771
529,3,Ġthat,3.786982
529,4,Ġthe,7.611992
529,5,Ġlobbyist,17.546179
529,6,Ġbelieved,13.519574
529,7,Ġthe,4.187434
529,8,Ġsecretary,11.351427
529,9,Ġsaid,10.463953
529,10,Ġthe,3.606738
529,11,Ġmillionaire,15.684236
529,12,Ġsupported,13.423078
529,13,Ġthe,2.634343
529,14,Ġcandidate,8.389671
529,15,Ġlast,10.242917
529,16,Ġyear,1.599589
529,17,.,3.379389
529,18,<|endoftext|>,9.727187
530,0,<|endoftext|>,0.0
530,1,You,7.68222
530,2,Ġknow,4.524771
530,3,Ġwho,5.052576
530,4,Ġthe,6.464205
530,5,Ġlobbyist,15.639065
530,6,Ġbelieved,12.101698
530,7,Ġthe,6.625143
530,8,Ġsecretary,11.165427
530,9,Ġsaid,10.767051
530,10,Ġthe,4.428929
530,11,Ġmillionaire,16.453755
530,12,Ġsupported,12.458749
530,13,Ġlast,8.684709
530,14,Ġyear,1.219551
530,15,.,5.68125
530,16,<|endoftext|>,7.337118
531,0,<|endoftext|>,0.0
531,1,You,7.68222
531,2,Ġknow,4.524771
531,3,Ġwho,5.052576
531,4,Ġthe,6.464205
531,5,Ġlobbyist,15.639065
531,6,Ġbelieved,12.101698
531,7,Ġthe,6.625143
531,8,Ġsecretary,11.165427
531,9,Ġsaid,10.767051
531,10,Ġthe,4.428929
531,11,Ġmillionaire,16.453755
531,12,Ġsupported,12.458749
531,13,Ġthe,4.700325
531,14,Ġcandidate,9.047823
531,15,Ġlast,9.764303
531,16,Ġyear,1.705117
531,17,.,5.153044
531,18,<|endoftext|>,7.61118
532,0,<|endoftext|>,0.0
532,1,You,7.68222
532,2,Ġknow,4.524771
532,3,Ġthat,3.786982
532,4,Ġthe,7.611992
532,5,Ġlobbyist,17.546179
532,6,Ġbelieved,13.519574
532,7,Ġthe,4.187434
532,8,Ġsecretary,11.351427
532,9,Ġsaid,10.463953
532,10,Ġshe,3.358851
532,11,Ġsaw,7.940253
532,12,Ġthe,2.89264
532,13,Ġmillionaire,14.201657
532,14,Ġsupported,17.304561
532,15,Ġlast,12.810535
532,16,Ġyear,1.780896
532,17,.,4.599192
532,18,<|endoftext|>,9.297245
533,0,<|endoftext|>,0.0
533,1,You,7.68222
533,2,Ġknow,4.524771
533,3,Ġthat,3.786982
533,4,Ġthe,7.611992
533,5,Ġlobbyist,17.546179
533,6,Ġbelieved,13.519574
533,7,Ġthe,4.187434
533,8,Ġsecretary,11.351427
533,9,Ġsaid,10.463953
533,10,Ġshe,3.358851
533,11,Ġsaw,7.940253
533,12,Ġthe,2.89264
533,13,Ġmillionaire,14.201657
533,14,Ġsupported,17.304561
533,15,Ġthe,4.456625
533,16,Ġcandidate,7.509411
533,17,Ġlast,10.266122
533,18,Ġyear,1.86715
533,19,.,2.856918
533,20,<|endoftext|>,9.482705
534,0,<|endoftext|>,0.0
534,1,You,7.68222
534,2,Ġknow,4.524771
534,3,Ġwho,5.052576
534,4,Ġthe,6.464205
534,5,Ġlobbyist,15.639065
534,6,Ġbelieved,12.101698
534,7,Ġthe,6.625143
534,8,Ġsecretary,11.165427
534,9,Ġsaid,10.767051
534,10,Ġshe,2.555512
534,11,Ġsaw,8.210442
534,12,Ġthe,5.489537
534,13,Ġmillionaire,15.16988
534,14,Ġsupported,16.490098
534,15,Ġlast,9.472648
534,16,Ġyear,1.902616
534,17,.,4.971463
534,18,<|endoftext|>,7.298765
535,0,<|endoftext|>,0.0
535,1,You,7.68222
535,2,Ġknow,4.524771
535,3,Ġwho,5.052576
535,4,Ġthe,6.464205
535,5,Ġlobbyist,15.639065
535,6,Ġbelieved,12.101698
535,7,Ġthe,6.625143
535,8,Ġsecretary,11.165427
535,9,Ġsaid,10.767051
535,10,Ġshe,2.555512
535,11,Ġsaw,8.210442
535,12,Ġthe,5.489537
535,13,Ġmillionaire,15.16988
535,14,Ġsupported,16.490098
535,15,Ġthe,6.305217
535,16,Ġcandidate,8.217825
535,17,Ġlast,9.864225
535,18,Ġyear,2.026452
535,19,.,4.483865
535,20,<|endoftext|>,7.518145
536,0,<|endoftext|>,0.0
536,1,You,7.68222
536,2,Ġknow,4.524771
536,3,Ġthat,3.786982
536,4,Ġthe,7.611992
536,5,Ġlobbyist,17.546179
536,6,Ġbelieved,13.519574
536,7,Ġthe,4.187434
536,8,Ġsecretary,11.351427
536,9,Ġsaid,10.463953
536,10,Ġshe,3.358851
536,11,Ġsaw,7.940253
536,12,Ġthe,2.89264
536,13,Ġmillionaire,14.201657
536,14,Ġsupported,17.304561
536,15,Ġlast,12.810535
536,16,Ġyear,1.780896
536,17,.,4.599192
536,18,<|endoftext|>,9.297245
537,0,<|endoftext|>,0.0
537,1,You,7.68222
537,2,Ġknow,4.524771
537,3,Ġthat,3.786982
537,4,Ġthe,7.611992
537,5,Ġlobbyist,17.546179
537,6,Ġbelieved,13.519574
537,7,Ġthe,4.187434
537,8,Ġsecretary,11.351427
537,9,Ġsaid,10.463953
537,10,Ġshe,3.358851
537,11,Ġsaw,7.940253
537,12,Ġthe,2.89264
537,13,Ġmillionaire,14.201657
537,14,Ġsupported,17.304561
537,15,Ġthe,4.456625
537,16,Ġcandidate,7.509411
537,17,Ġlast,10.266122
537,18,Ġyear,1.86715
537,19,.,2.856918
537,20,<|endoftext|>,9.482705
538,0,<|endoftext|>,0.0
538,1,You,7.68222
538,2,Ġknow,4.524771
538,3,Ġwho,5.052576
538,4,Ġthe,6.464205
538,5,Ġlobbyist,15.639065
538,6,Ġbelieved,12.101698
538,7,Ġthe,6.625143
538,8,Ġsecretary,11.165427
538,9,Ġsaid,10.767051
538,10,Ġshe,2.555512
538,11,Ġsaw,8.210442
538,12,Ġthe,5.489537
538,13,Ġmillionaire,15.16988
538,14,Ġsupported,16.490098
538,15,Ġlast,9.472648
538,16,Ġyear,1.902616
538,17,.,4.971463
538,18,<|endoftext|>,7.298765
539,0,<|endoftext|>,0.0
539,1,You,7.68222
539,2,Ġknow,4.524771
539,3,Ġwho,5.052576
539,4,Ġthe,6.464205
539,5,Ġlobbyist,15.639065
539,6,Ġbelieved,12.101698
539,7,Ġthe,6.625143
539,8,Ġsecretary,11.165427
539,9,Ġsaid,10.767051
539,10,Ġshe,2.555512
539,11,Ġsaw,8.210442
539,12,Ġthe,5.489537
539,13,Ġmillionaire,15.16988
539,14,Ġsupported,16.490098
539,15,Ġthe,6.305217
539,16,Ġcandidate,8.217825
539,17,Ġlast,9.864225
539,18,Ġyear,2.026452
539,19,.,4.483865
539,20,<|endoftext|>,7.518145
540,0,<|endoftext|>,0.0
540,1,I,5.770367
540,2,Ġknow,5.545733
540,3,Ġthat,2.74974
540,4,Ġthe,4.424285
540,5,Ġpresident,10.494378
540,6,Ġcongratulated,13.538187
540,7,Ġover,13.262382
540,8,Ġlunch,10.921991
540,9,.,5.543795
540,10,<|endoftext|>,9.985045
541,0,<|endoftext|>,0.0
541,1,I,5.770367
541,2,Ġknow,5.545733
541,3,Ġthat,2.74974
541,4,Ġthe,4.424285
541,5,Ġpresident,10.494401
541,6,Ġcongratulated,13.538187
541,7,Ġthe,3.523748
541,8,Ġathletes,11.266588
541,9,Ġover,8.550919
541,10,Ġlunch,9.811892
541,11,.,2.839247
541,12,<|endoftext|>,10.399493
542,0,<|endoftext|>,0.0
542,1,I,5.770367
542,2,Ġknow,5.545733
542,3,Ġwho,8.366545
542,4,Ġthe,5.844098
542,5,Ġpresident,8.491514
542,6,Ġcongratulated,17.126773
542,7,Ġover,9.044806
542,8,Ġlunch,6.677678
542,9,.,2.279915
542,10,<|endoftext|>,8.654567
543,0,<|endoftext|>,0.0
543,1,I,5.770367
543,2,Ġknow,5.545733
543,3,Ġwho,8.366545
543,4,Ġthe,5.844098
543,5,Ġpresident,8.491526
543,6,Ġcongratulated,17.126773
543,7,Ġthe,5.147052
543,8,Ġathletes,11.878115
543,9,Ġover,8.564769
543,10,Ġlunch,9.146958
543,11,.,1.968466
543,12,<|endoftext|>,8.930882
544,0,<|endoftext|>,0.0
544,1,I,5.770367
544,2,Ġknow,5.545733
544,3,Ġthat,2.74974
544,4,Ġthe,4.424285
544,5,Ġcoach,13.538433
544,6,Ġsaid,5.881015
544,7,Ġthe,4.824455
544,8,Ġpresident,12.88412
544,9,Ġcongratulated,13.270479
544,10,Ġover,13.825414
544,11,Ġlunch,9.894075
544,12,.,2.807285
544,13,<|endoftext|>,9.866832
545,0,<|endoftext|>,0.0
545,1,I,5.770362
545,2,Ġknow,5.545699
545,3,Ġthat,2.74972
545,4,Ġthe,4.424218
545,5,Ġcoach,13.538422
545,6,Ġsaid,5.881057
545,7,Ġthe,4.824446
545,8,Ġpresident,12.884156
545,9,Ġcongratulated,13.270546
545,10,Ġthe,3.859615
545,11,Ġathletes,8.897145
545,12,Ġover,8.954509
545,13,Ġlunch,9.354844
545,14,.,2.116216
545,15,<|endoftext|>,10.069819
546,0,<|endoftext|>,0.0
546,1,I,5.770367
546,2,Ġknow,5.545733
546,3,Ġwho,8.366545
546,4,Ġthe,5.844098
546,5,Ġcoach,11.120444
546,6,Ġsaid,8.022257
546,7,Ġthe,5.571562
546,8,Ġpresident,13.120573
546,9,Ġcongratulated,15.099108
546,10,Ġover,10.241608
546,11,Ġlunch,7.706515
546,12,.,1.476835
546,13,<|endoftext|>,8.232049
547,0,<|endoftext|>,0.0
547,1,I,5.770362
547,2,Ġknow,5.545699
547,3,Ġwho,8.36647
547,4,Ġthe,5.844158
547,5,Ġcoach,11.120336
547,6,Ġsaid,8.02223
547,7,Ġthe,5.571578
547,8,Ġpresident,13.120592
547,9,Ġcongratulated,15.099093
547,10,Ġthe,4.919233
547,11,Ġathletes,9.250496
547,12,Ġover,9.127911
547,13,Ġlunch,8.740847
547,14,.,1.387931
547,15,<|endoftext|>,8.452887
548,0,<|endoftext|>,0.0
548,1,I,5.770357
548,2,Ġknow,5.545684
548,3,Ġthat,2.749692
548,4,Ġthe,4.424222
548,5,Ġcoach,13.538425
548,6,Ġsaid,5.88104
548,7,Ġthe,4.824437
548,8,Ġassistant,12.790297
548,9,Ġbelieved,13.752524
548,10,Ġthe,2.987922
548,11,Ġpresident,12.047936
548,12,Ġcongratulated,16.73203
548,13,Ġover,14.259104
548,14,Ġlunch,10.778584
548,15,.,2.10591
548,16,<|endoftext|>,9.784254
549,0,<|endoftext|>,0.0
549,1,I,5.770357
549,2,Ġknow,5.545684
549,3,Ġthat,2.749692
549,4,Ġthe,4.424222
549,5,Ġcoach,13.538425
549,6,Ġsaid,5.88104
549,7,Ġthe,4.824437
549,8,Ġassistant,12.790297
549,9,Ġbelieved,13.752524
549,10,Ġthe,2.987922
549,11,Ġpresident,12.047936
549,12,Ġcongratulated,16.73203
549,13,Ġthe,3.913794
549,14,Ġathletes,9.628974
549,15,Ġover,9.134052
549,16,Ġlunch,9.40767
549,17,.,1.68164
549,18,<|endoftext|>,9.840961
550,0,<|endoftext|>,0.0
550,1,I,5.770357
550,2,Ġknow,5.545684
550,3,Ġwho,8.366485
550,4,Ġthe,5.844156
550,5,Ġcoach,11.120336
550,6,Ġsaid,8.022255
550,7,Ġthe,5.571586
550,8,Ġassistant,13.624998
550,9,Ġbelieved,13.83596
550,10,Ġthe,5.483316
550,11,Ġpresident,11.674656
550,12,Ġcongratulated,16.67651
550,13,Ġover,12.242835
550,14,Ġlunch,9.323349
550,15,.,1.371124
550,16,<|endoftext|>,8.335358
551,0,<|endoftext|>,0.0
551,1,I,5.770357
551,2,Ġknow,5.545684
551,3,Ġwho,8.366485
551,4,Ġthe,5.844156
551,5,Ġcoach,11.120336
551,6,Ġsaid,8.022255
551,7,Ġthe,5.571586
551,8,Ġassistant,13.624998
551,9,Ġbelieved,13.83596
551,10,Ġthe,5.483316
551,11,Ġpresident,11.674656
551,12,Ġcongratulated,16.67651
551,13,Ġthe,4.265207
551,14,Ġathletes,9.627577
551,15,Ġover,9.15767
551,16,Ġlunch,8.506195
551,17,.,1.21578
551,18,<|endoftext|>,8.466696
552,0,<|endoftext|>,0.0
552,1,I,5.770357
552,2,Ġknow,5.545684
552,3,Ġthat,2.749692
552,4,Ġthe,4.424222
552,5,Ġcoach,13.538425
552,6,Ġsaid,5.88104
552,7,Ġthe,4.824437
552,8,Ġassistant,12.790297
552,9,Ġbelieved,13.752524
552,10,Ġhe,2.184012
552,11,Ġremembered,14.363427
552,12,Ġthe,2.483898
552,13,Ġpresident,12.179099
552,14,Ġcongratulated,18.276686
552,15,Ġover,13.428071
552,16,Ġlunch,9.092339
552,17,.,2.038812
552,18,<|endoftext|>,9.911861
553,0,<|endoftext|>,0.0
553,1,I,5.770357
553,2,Ġknow,5.545684
553,3,Ġthat,2.749692
553,4,Ġthe,4.424222
553,5,Ġcoach,13.538425
553,6,Ġsaid,5.88104
553,7,Ġthe,4.824437
553,8,Ġassistant,12.790297
553,9,Ġbelieved,13.752524
553,10,Ġhe,2.184012
553,11,Ġremembered,14.363427
553,12,Ġthe,2.483898
553,13,Ġpresident,12.179099
553,14,Ġcongratulated,18.276686
553,15,Ġthe,3.700612
553,16,Ġathletes,9.107457
553,17,Ġover,9.125771
553,18,Ġlunch,7.770887
553,19,.,1.706006
553,20,<|endoftext|>,9.886713
554,0,<|endoftext|>,0.0
554,1,I,5.770357
554,2,Ġknow,5.545684
554,3,Ġwho,8.366485
554,4,Ġthe,5.844156
554,5,Ġcoach,11.120336
554,6,Ġsaid,8.022255
554,7,Ġthe,5.571586
554,8,Ġassistant,13.624998
554,9,Ġbelieved,13.83596
554,10,Ġhe,3.975427
554,11,Ġremembered,13.502608
554,12,Ġthe,3.815932
554,13,Ġpresident,11.913002
554,14,Ġcongratulated,17.03001
554,15,Ġover,12.016439
554,16,Ġlunch,7.831518
554,17,.,1.574667
554,18,<|endoftext|>,8.431569
555,0,<|endoftext|>,0.0
555,1,I,5.770357
555,2,Ġknow,5.545684
555,3,Ġwho,8.366485
555,4,Ġthe,5.844156
555,5,Ġcoach,11.120336
555,6,Ġsaid,8.022255
555,7,Ġthe,5.571586
555,8,Ġassistant,13.624998
555,9,Ġbelieved,13.83596
555,10,Ġhe,3.975427
555,11,Ġremembered,13.502608
555,12,Ġthe,3.815932
555,13,Ġpresident,11.913002
555,14,Ġcongratulated,17.03001
555,15,Ġthe,3.975058
555,16,Ġathletes,8.98058
555,17,Ġover,9.125139
555,18,Ġlunch,7.160384
555,19,.,1.386443
555,20,<|endoftext|>,8.475307
556,0,<|endoftext|>,0.0
556,1,I,5.770357
556,2,Ġknow,5.545684
556,3,Ġthat,2.749692
556,4,Ġthe,4.424222
556,5,Ġcoach,13.538425
556,6,Ġsaid,5.88104
556,7,Ġthe,4.824437
556,8,Ġassistant,12.790297
556,9,Ġbelieved,13.752524
556,10,Ġhe,2.184012
556,11,Ġremembered,14.363427
556,12,Ġthe,2.483898
556,13,Ġpresident,12.179099
556,14,Ġcongratulated,18.276686
556,15,Ġover,13.428071
556,16,Ġlunch,9.092339
556,17,.,2.038812
556,18,<|endoftext|>,9.911861
557,0,<|endoftext|>,0.0
557,1,I,5.770357
557,2,Ġknow,5.545684
557,3,Ġthat,2.749692
557,4,Ġthe,4.424222
557,5,Ġcoach,13.538425
557,6,Ġsaid,5.88104
557,7,Ġthe,4.824437
557,8,Ġassistant,12.790297
557,9,Ġbelieved,13.752524
557,10,Ġhe,2.184012
557,11,Ġremembered,14.363427
557,12,Ġthe,2.483898
557,13,Ġpresident,12.179099
557,14,Ġcongratulated,18.276686
557,15,Ġthe,3.700612
557,16,Ġathletes,9.107457
557,17,Ġover,9.125771
557,18,Ġlunch,7.770887
557,19,.,1.706006
557,20,<|endoftext|>,9.886713
558,0,<|endoftext|>,0.0
558,1,I,5.770357
558,2,Ġknow,5.545684
558,3,Ġwho,8.366485
558,4,Ġthe,5.844156
558,5,Ġcoach,11.120336
558,6,Ġsaid,8.022255
558,7,Ġthe,5.571586
558,8,Ġassistant,13.624998
558,9,Ġbelieved,13.83596
558,10,Ġhe,3.975427
558,11,Ġremembered,13.502608
558,12,Ġthe,3.815932
558,13,Ġpresident,11.913002
558,14,Ġcongratulated,17.03001
558,15,Ġover,12.016439
558,16,Ġlunch,7.831518
558,17,.,1.574667
558,18,<|endoftext|>,8.431569
559,0,<|endoftext|>,0.0
559,1,I,5.770357
559,2,Ġknow,5.545684
559,3,Ġwho,8.366485
559,4,Ġthe,5.844156
559,5,Ġcoach,11.120336
559,6,Ġsaid,8.022255
559,7,Ġthe,5.571586
559,8,Ġassistant,13.624998
559,9,Ġbelieved,13.83596
559,10,Ġhe,3.975427
559,11,Ġremembered,13.502608
559,12,Ġthe,3.815932
559,13,Ġpresident,11.913002
559,14,Ġcongratulated,17.03001
559,15,Ġthe,3.975058
559,16,Ġathletes,8.98058
559,17,Ġover,9.125139
559,18,Ġlunch,7.160384
559,19,.,1.386443
559,20,<|endoftext|>,8.475307
560,0,<|endoftext|>,0.0
560,1,You,7.682203
560,2,Ġknow,4.524784
560,3,Ġthat,3.787013
560,4,Ġthe,7.61201
560,5,Ġman,8.267882
560,6,Ġintroduced,14.600942
560,7,Ġto,1.7274
560,8,Ġhis,6.290783
560,9,Ġfamily,3.248873
560,10,.,9.069518
560,11,<|endoftext|>,9.076019
561,0,<|endoftext|>,0.0
561,1,You,7.682203
561,2,Ġknow,4.524784
561,3,Ġthat,3.787021
561,4,Ġthe,7.61201
561,5,Ġman,8.267882
561,6,Ġintroduced,14.600925
561,7,Ġhis,6.784054
561,8,Ġfriends,8.317984
561,9,Ġto,1.0231
561,10,Ġhis,4.738018
561,11,Ġfamily,6.394823
561,12,.,5.154476
561,13,<|endoftext|>,10.279138
562,0,<|endoftext|>,0.0
562,1,You,7.682203
562,2,Ġknow,4.524784
562,3,Ġwho,5.052563
562,4,Ġthe,6.464221
562,5,Ġman,6.228357
562,6,Ġintroduced,14.545126
562,7,Ġto,1.068175
562,8,Ġhis,5.617998
562,9,Ġfamily,3.504187
562,10,.,7.719509
562,11,<|endoftext|>,8.466891
563,0,<|endoftext|>,0.0
563,1,You,7.682203
563,2,Ġknow,4.524784
563,3,Ġwho,5.05256
563,4,Ġthe,6.464221
563,5,Ġman,6.228357
563,6,Ġintroduced,14.545137
563,7,Ġhis,7.717448
563,8,Ġfriends,7.692434
563,9,Ġto,0.700715
563,10,Ġhis,6.30368
563,11,Ġfamily,6.790577
563,12,.,5.866191
563,13,<|endoftext|>,8.728591
564,0,<|endoftext|>,0.0
564,1,You,7.682203
564,2,Ġknow,4.524784
564,3,Ġthat,3.787013
564,4,Ġthe,7.61201
564,5,Ġwoman,10.626944
564,6,Ġsaid,8.281144
564,7,Ġthe,5.053758
564,8,Ġman,4.562044
564,9,Ġintroduced,12.4635
564,10,Ġto,5.341958
564,11,Ġhis,9.65998
564,12,Ġfamily,3.414962
564,13,.,7.252341
564,14,<|endoftext|>,10.208435
565,0,<|endoftext|>,0.0
565,1,You,7.68222
565,2,Ġknow,4.524771
565,3,Ġthat,3.786982
565,4,Ġthe,7.611992
565,5,Ġwoman,10.626929
565,6,Ġsaid,8.281168
565,7,Ġthe,5.05371
565,8,Ġman,4.562025
565,9,Ġintroduced,12.463579
565,10,Ġhis,5.804239
565,11,Ġfriends,6.753144
565,12,Ġto,0.862547
565,13,Ġhis,5.211295
565,14,Ġfamily,6.70047
565,15,.,3.476519
565,16,<|endoftext|>,10.608948
566,0,<|endoftext|>,0.0
566,1,You,7.682203
566,2,Ġknow,4.524784
566,3,Ġwho,5.052563
566,4,Ġthe,6.464221
566,5,Ġwoman,9.545085
566,6,Ġsaid,7.244378
566,7,Ġthe,5.531495
566,8,Ġman,5.311611
566,9,Ġintroduced,12.894906
566,10,Ġto,1.448997
566,11,Ġhis,9.430876
566,12,Ġfamily,3.235403
566,13,.,5.591406
566,14,<|endoftext|>,8.508761
567,0,<|endoftext|>,0.0
567,1,You,7.68222
567,2,Ġknow,4.524771
567,3,Ġwho,5.052576
567,4,Ġthe,6.464205
567,5,Ġwoman,9.5451
567,6,Ġsaid,7.24439
567,7,Ġthe,5.531635
567,8,Ġman,5.311658
567,9,Ġintroduced,12.894802
567,10,Ġhis,7.976469
567,11,Ġfriends,6.434892
567,12,Ġto,0.767105
567,13,Ġhis,6.452983
567,14,Ġfamily,6.74627
567,15,.,4.201801
567,16,<|endoftext|>,8.59196
568,0,<|endoftext|>,0.0
568,1,You,7.68222
568,2,Ġknow,4.524771
568,3,Ġthat,3.786982
568,4,Ġthe,7.611992
568,5,Ġwoman,10.626929
568,6,Ġsaid,8.281168
568,7,Ġthe,5.05371
568,8,Ġneighbor,12.547358
568,9,Ġthought,7.712444
568,10,Ġthe,3.071892
568,11,Ġman,2.947593
568,12,Ġintroduced,15.19701
568,13,Ġto,8.108851
568,14,Ġhis,7.088147
568,15,Ġfamily,3.438219
568,16,.,8.115011
568,17,<|endoftext|>,10.238231
569,0,<|endoftext|>,0.0
569,1,You,7.68222
569,2,Ġknow,4.524771
569,3,Ġthat,3.786982
569,4,Ġthe,7.611992
569,5,Ġwoman,10.626929
569,6,Ġsaid,8.281168
569,7,Ġthe,5.05371
569,8,Ġneighbor,12.547358
569,9,Ġthought,7.712444
569,10,Ġthe,3.071892
569,11,Ġman,2.947593
569,12,Ġintroduced,15.19701
569,13,Ġhis,5.278693
569,14,Ġfriends,7.475328
569,15,Ġto,0.817692
569,16,Ġhis,4.824956
569,17,Ġfamily,6.648288
569,18,.,3.595167
569,19,<|endoftext|>,10.243464
570,0,<|endoftext|>,0.0
570,1,You,7.68222
570,2,Ġknow,4.524771
570,3,Ġwho,5.052576
570,4,Ġthe,6.464205
570,5,Ġwoman,9.5451
570,6,Ġsaid,7.24439
570,7,Ġthe,5.531635
570,8,Ġneighbor,13.816451
570,9,Ġthought,6.121238
570,10,Ġthe,4.521999
570,11,Ġman,3.913298
570,12,Ġintroduced,15.730905
570,13,Ġto,3.772683
570,14,Ġhis,6.980942
570,15,Ġfamily,3.33966
570,16,.,6.358958
570,17,<|endoftext|>,8.154202
571,0,<|endoftext|>,0.0
571,1,You,7.68222
571,2,Ġknow,4.524771
571,3,Ġwho,5.052576
571,4,Ġthe,6.464205
571,5,Ġwoman,9.5451
571,6,Ġsaid,7.24439
571,7,Ġthe,5.531635
571,8,Ġneighbor,13.816451
571,9,Ġthought,6.121238
571,10,Ġthe,4.521999
571,11,Ġman,3.913298
571,12,Ġintroduced,15.730905
571,13,Ġhis,5.629853
571,14,Ġfriends,7.246221
571,15,Ġto,0.771794
571,16,Ġhis,4.823084
571,17,Ġfamily,6.750992
571,18,.,4.454917
571,19,<|endoftext|>,8.079987
572,0,<|endoftext|>,0.0
572,1,You,7.68222
572,2,Ġknow,4.524771
572,3,Ġthat,3.786982
572,4,Ġthe,7.611992
572,5,Ġwoman,10.626929
572,6,Ġsaid,8.281168
572,7,Ġthe,5.05371
572,8,Ġneighbor,12.547358
572,9,Ġthought,7.712444
572,10,Ġhe,3.987753
572,11,Ġrecalled,16.276029
572,12,Ġthe,2.832348
572,13,Ġman,4.489975
572,14,Ġintroduced,16.868969
572,15,Ġto,1.919266
572,16,Ġhis,5.858191
572,17,Ġfamily,2.842724
572,18,.,3.370785
572,19,<|endoftext|>,10.038139
573,0,<|endoftext|>,0.0
573,1,You,7.68222
573,2,Ġknow,4.524771
573,3,Ġthat,3.786982
573,4,Ġthe,7.611992
573,5,Ġwoman,10.626929
573,6,Ġsaid,8.281168
573,7,Ġthe,5.05371
573,8,Ġneighbor,12.547358
573,9,Ġthought,7.712444
573,10,Ġhe,3.987753
573,11,Ġrecalled,16.276029
573,12,Ġthe,2.832348
573,13,Ġman,4.489975
573,14,Ġintroduced,16.868969
573,15,Ġhis,6.419356
573,16,Ġfriends,6.570857
573,17,Ġto,1.178396
573,18,Ġhis,4.584844
573,19,Ġfamily,5.327453
573,20,.,2.835703
573,21,<|endoftext|>,9.947038
574,0,<|endoftext|>,0.0
574,1,You,7.68222
574,2,Ġknow,4.524771
574,3,Ġwho,5.052576
574,4,Ġthe,6.464205
574,5,Ġwoman,9.5451
574,6,Ġsaid,7.24439
574,7,Ġthe,5.531635
574,8,Ġneighbor,13.816451
574,9,Ġthought,6.121238
574,10,Ġhe,4.939754
574,11,Ġrecalled,17.246999
574,12,Ġthe,3.608399
574,13,Ġman,4.255782
574,14,Ġintroduced,16.320042
574,15,Ġto,1.481928
574,16,Ġhis,6.082195
574,17,Ġfamily,2.701301
574,18,.,4.905314
574,19,<|endoftext|>,8.077965
575,0,<|endoftext|>,0.0
575,1,You,7.68222
575,2,Ġknow,4.524771
575,3,Ġwho,5.052576
575,4,Ġthe,6.464205
575,5,Ġwoman,9.5451
575,6,Ġsaid,7.24439
575,7,Ġthe,5.531635
575,8,Ġneighbor,13.816451
575,9,Ġthought,6.121238
575,10,Ġhe,4.939754
575,11,Ġrecalled,17.246999
575,12,Ġthe,3.608399
575,13,Ġman,4.255782
575,14,Ġintroduced,16.320042
575,15,Ġhis,7.769636
575,16,Ġfriends,6.296079
575,17,Ġto,1.136928
575,18,Ġhis,5.359581
575,19,Ġfamily,5.28769
575,20,.,4.209595
575,21,<|endoftext|>,7.974893
576,0,<|endoftext|>,0.0
576,1,You,7.68222
576,2,Ġknow,4.524771
576,3,Ġthat,3.786982
576,4,Ġthe,7.611992
576,5,Ġwoman,10.626929
576,6,Ġsaid,8.281168
576,7,Ġthe,5.05371
576,8,Ġneighbor,12.547358
576,9,Ġthought,7.712444
576,10,Ġhe,3.987753
576,11,Ġrecalled,16.276029
576,12,Ġthe,2.832348
576,13,Ġman,4.489975
576,14,Ġintroduced,16.868969
576,15,Ġto,1.919266
576,16,Ġhis,5.858191
576,17,Ġfamily,2.842724
576,18,.,3.370785
576,19,<|endoftext|>,10.038139
577,0,<|endoftext|>,0.0
577,1,You,7.68222
577,2,Ġknow,4.524771
577,3,Ġthat,3.786982
577,4,Ġthe,7.611992
577,5,Ġwoman,10.626929
577,6,Ġsaid,8.281168
577,7,Ġthe,5.05371
577,8,Ġneighbor,12.547358
577,9,Ġthought,7.712444
577,10,Ġhe,3.987753
577,11,Ġrecalled,16.276029
577,12,Ġthe,2.832348
577,13,Ġman,4.489975
577,14,Ġintroduced,16.868969
577,15,Ġhis,6.419356
577,16,Ġfriends,6.570857
577,17,Ġto,1.178396
577,18,Ġhis,4.584844
577,19,Ġfamily,5.327453
577,20,.,2.835703
577,21,<|endoftext|>,9.947038
578,0,<|endoftext|>,0.0
578,1,You,7.68222
578,2,Ġknow,4.524771
578,3,Ġwho,5.052576
578,4,Ġthe,6.464205
578,5,Ġwoman,9.5451
578,6,Ġsaid,7.24439
578,7,Ġthe,5.531635
578,8,Ġneighbor,13.816451
578,9,Ġthought,6.121238
578,10,Ġhe,4.939754
578,11,Ġrecalled,17.246999
578,12,Ġthe,3.608399
578,13,Ġman,4.255782
578,14,Ġintroduced,16.320042
578,15,Ġto,1.481928
578,16,Ġhis,6.082195
578,17,Ġfamily,2.701301
578,18,.,4.905314
578,19,<|endoftext|>,8.077965
579,0,<|endoftext|>,0.0
579,1,You,7.68222
579,2,Ġknow,4.524771
579,3,Ġwho,5.052576
579,4,Ġthe,6.464205
579,5,Ġwoman,9.5451
579,6,Ġsaid,7.24439
579,7,Ġthe,5.531635
579,8,Ġneighbor,13.816451
579,9,Ġthought,6.121238
579,10,Ġhe,4.939754
579,11,Ġrecalled,17.246999
579,12,Ġthe,3.608399
579,13,Ġman,4.255782
579,14,Ġintroduced,16.320042
579,15,Ġhis,7.769636
579,16,Ġfriends,6.296079
579,17,Ġto,1.136928
579,18,Ġhis,5.359581
579,19,Ġfamily,5.28769
579,20,.,4.209595
579,21,<|endoftext|>,7.974893
580,0,<|endoftext|>,0.0
580,1,He,8.582737
580,2,Ġknows,8.734376
580,3,Ġthat,2.922574
580,4,Ġthe,3.683981
580,5,Ġwoman,10.296879
580,6,Ġwaited,14.320376
580,7,Ġfor,2.475886
580,8,Ġat,10.698156
580,9,Ġthe,8.750831
580,10,Ġbus,5.056962
580,11,Ġstop,0.196139
580,12,.,3.032089
580,13,<|endoftext|>,9.242715
581,0,<|endoftext|>,0.0
581,1,He,8.582738
581,2,Ġknows,8.734333
581,3,Ġthat,2.922582
581,4,Ġthe,3.684004
581,5,Ġwoman,10.29688
581,6,Ġwaited,14.320295
581,7,Ġfor,2.475829
581,8,Ġher,3.580673
581,9,Ġfriend,7.258211
581,10,Ġat,5.629036
581,11,Ġthe,0.967401
581,12,Ġbus,4.817927
581,13,Ġstop,0.106091
581,14,.,2.577983
581,15,<|endoftext|>,9.338558
582,0,<|endoftext|>,0.0
582,1,He,8.582737
582,2,Ġknows,8.734376
582,3,Ġwho,6.314424
582,4,Ġthe,4.333661
582,5,Ġwoman,7.321472
582,6,Ġwaited,17.826181
582,7,Ġfor,0.371895
582,8,Ġat,5.712982
582,9,Ġthe,1.055924
582,10,Ġbus,4.919435
582,11,Ġstop,0.143799
582,12,.,1.460505
582,13,<|endoftext|>,8.183643
583,0,<|endoftext|>,0.0
583,1,He,8.582738
583,2,Ġknows,8.734333
583,3,Ġwho,6.31441
583,4,Ġthe,4.333641
583,5,Ġwoman,7.321476
583,6,Ġwaited,17.826203
583,7,Ġfor,0.371884
583,8,Ġher,6.563912
583,9,Ġfriend,8.092419
583,10,Ġat,5.078065
583,11,Ġthe,0.922893
583,12,Ġbus,5.240535
583,13,Ġstop,0.110894
583,14,.,1.388482
583,15,<|endoftext|>,8.152496
584,0,<|endoftext|>,0.0
584,1,He,8.582732
584,2,Ġknows,8.734344
584,3,Ġthat,2.922593
584,4,Ġthe,3.684015
584,5,Ġman,8.232754
584,6,Ġbelieved,11.698791
584,7,Ġthe,9.413474
584,8,Ġwoman,5.70552
584,9,Ġwaited,15.247294
584,10,Ġfor,2.147811
584,11,Ġat,9.662424
584,12,Ġthe,6.102218
584,13,Ġbus,4.712617
584,14,Ġstop,0.205338
584,15,.,3.249975
584,16,<|endoftext|>,8.506818
585,0,<|endoftext|>,0.0
585,1,He,8.582732
585,2,Ġknows,8.734344
585,3,Ġthat,2.922593
585,4,Ġthe,3.684015
585,5,Ġman,8.232754
585,6,Ġbelieved,11.698791
585,7,Ġthe,9.413474
585,8,Ġwoman,5.70552
585,9,Ġwaited,15.247294
585,10,Ġfor,2.147811
585,11,Ġher,3.121867
585,12,Ġfriend,6.960061
585,13,Ġat,4.910793
585,14,Ġthe,1.105027
585,15,Ġbus,4.658321
585,16,Ġstop,0.098463
585,17,.,2.595797
585,18,<|endoftext|>,8.526098
586,0,<|endoftext|>,0.0
586,1,He,8.582732
586,2,Ġknows,8.734344
586,3,Ġwho,6.31441
586,4,Ġthe,4.333633
586,5,Ġman,4.480701
586,6,Ġbelieved,12.311715
586,7,Ġthe,10.199682
586,8,Ġwoman,4.391493
586,9,Ġwaited,16.569037
586,10,Ġfor,0.549305
586,11,Ġat,4.917999
586,12,Ġthe,0.936763
586,13,Ġbus,4.651124
586,14,Ġstop,0.122024
586,15,.,1.570093
586,16,<|endoftext|>,7.664946
587,0,<|endoftext|>,0.0
587,1,He,8.582732
587,2,Ġknows,8.734344
587,3,Ġwho,6.31441
587,4,Ġthe,4.333633
587,5,Ġman,4.480701
587,6,Ġbelieved,12.311715
587,7,Ġthe,10.199682
587,8,Ġwoman,4.391493
587,9,Ġwaited,16.569037
587,10,Ġfor,0.549305
587,11,Ġher,6.110134
587,12,Ġfriend,8.071099
587,13,Ġat,4.499841
587,14,Ġthe,1.001689
587,15,Ġbus,4.961404
587,16,Ġstop,0.092237
587,17,.,1.386189
587,18,<|endoftext|>,7.594654
588,0,<|endoftext|>,0.0
588,1,He,8.582732
588,2,Ġknows,8.734344
588,3,Ġthat,2.922593
588,4,Ġthe,3.684015
588,5,Ġman,8.232754
588,6,Ġbelieved,11.698791
588,7,Ġthe,9.413474
588,8,Ġhe,13.219076
588,9,Ġconcluded,14.890356
588,10,Ġthe,3.509869
588,11,Ġwoman,9.139993
588,12,Ġwaited,14.342975
588,13,Ġfor,2.242066
588,14,Ġat,8.8485
588,15,Ġthe,3.656502
588,16,Ġbus,4.613482
588,17,Ġstop,0.197392
588,18,.,2.896444
588,19,<|endoftext|>,7.631674
589,0,<|endoftext|>,0.0
589,1,He,8.582732
589,2,Ġknows,8.734344
589,3,Ġthat,2.922593
589,4,Ġthe,3.684015
589,5,Ġman,8.232754
589,6,Ġbelieved,11.698791
589,7,Ġthe,9.413474
589,8,Ġhe,13.219076
589,9,Ġconcluded,14.890356
589,10,Ġthe,3.509869
589,11,Ġwoman,9.139993
589,12,Ġwaited,14.342975
589,13,Ġfor,2.242066
589,14,Ġher,3.640953
589,15,Ġfriend,6.684726
589,16,Ġat,4.858451
589,17,Ġthe,1.110049
589,18,Ġbus,4.617551
589,19,Ġstop,0.09655
589,20,.,2.310676
589,21,<|endoftext|>,7.575573
590,0,<|endoftext|>,0.0
590,1,He,8.582732
590,2,Ġknows,8.734344
590,3,Ġwho,6.31441
590,4,Ġthe,4.333633
590,5,Ġman,4.480701
590,6,Ġbelieved,12.311715
590,7,Ġthe,10.199682
590,8,Ġhe,11.091805
590,9,Ġconcluded,16.878392
590,10,Ġthe,3.938013
590,11,Ġwoman,7.683109
590,12,Ġwaited,14.241294
590,13,Ġfor,1.699911
590,14,Ġat,5.982022
590,15,Ġthe,1.324159
590,16,Ġbus,4.568557
590,17,Ġstop,0.131432
590,18,.,1.874967
590,19,<|endoftext|>,6.940211
591,0,<|endoftext|>,0.0
591,1,He,8.582732
591,2,Ġknows,8.734344
591,3,Ġwho,6.31441
591,4,Ġthe,4.333633
591,5,Ġman,4.480701
591,6,Ġbelieved,12.311715
591,7,Ġthe,10.199682
591,8,Ġhe,11.091805
591,9,Ġconcluded,16.878392
591,10,Ġthe,3.938013
591,11,Ġwoman,7.683109
591,12,Ġwaited,14.241294
591,13,Ġfor,1.699911
591,14,Ġher,3.789483
591,15,Ġfriend,6.607815
591,16,Ġat,4.577534
591,17,Ġthe,1.097001
591,18,Ġbus,4.824621
591,19,Ġstop,0.086598
591,20,.,1.578718
591,21,<|endoftext|>,6.838662
592,0,<|endoftext|>,0.0
592,1,He,8.582732
592,2,Ġknows,8.734344
592,3,Ġthat,2.922593
592,4,Ġthe,3.684015
592,5,Ġman,8.232754
592,6,Ġbelieved,11.698791
592,7,Ġthe,9.413474
592,8,Ġhe,13.219076
592,9,Ġconcluded,14.890356
592,10,Ġhis,4.447678
592,11,Ġneighbors,15.759949
592,12,Ġhad,2.995718
592,13,Ġsaid,10.001591
592,14,Ġthe,3.504415
592,15,Ġwoman,5.318799
592,16,Ġwaited,12.950057
592,17,Ġfor,2.070255
592,18,Ġat,10.239655
592,19,Ġthe,7.610352
592,20,Ġbus,5.125677
592,21,Ġstop,0.098453
592,22,.,3.008007
592,23,<|endoftext|>,7.457625
593,0,<|endoftext|>,0.0
593,1,He,8.582732
593,2,Ġknows,8.734344
593,3,Ġthat,2.922593
593,4,Ġthe,3.684015
593,5,Ġman,8.232754
593,6,Ġbelieved,11.698791
593,7,Ġthe,9.413474
593,8,Ġhe,13.219076
593,9,Ġconcluded,14.890356
593,10,Ġhis,4.447678
593,11,Ġneighbors,15.759949
593,12,Ġhad,2.995718
593,13,Ġsaid,10.001591
593,14,Ġthe,3.504415
593,15,Ġwoman,5.318799
593,16,Ġwaited,12.950057
593,17,Ġfor,2.070255
593,18,Ġher,2.925456
593,19,Ġfriend,7.181773
593,20,Ġat,4.965614
593,21,Ġthe,1.258876
593,22,Ġbus,5.135186
593,23,Ġstop,0.063861
593,24,.,2.378274
593,25,<|endoftext|>,7.401107
594,0,<|endoftext|>,0.0
594,1,He,8.582732
594,2,Ġknows,8.734344
594,3,Ġwho,6.31441
594,4,Ġthe,4.333633
594,5,Ġman,4.480701
594,6,Ġbelieved,12.311715
594,7,Ġthe,10.199682
594,8,Ġhe,11.091805
594,9,Ġconcluded,16.878392
594,10,Ġhis,5.138534
594,11,Ġneighbors,14.655079
594,12,Ġhad,2.830285
594,13,Ġsaid,9.236917
594,14,Ġthe,4.490598
594,15,Ġwoman,5.209661
594,16,Ġwaited,13.343073
594,17,Ġfor,1.403467
594,18,Ġat,7.166273
594,19,Ġthe,3.940777
594,20,Ġbus,5.345489
594,21,Ġstop,0.081674
594,22,.,1.990295
594,23,<|endoftext|>,6.865142
595,0,<|endoftext|>,0.0
595,1,He,8.582732
595,2,Ġknows,8.734344
595,3,Ġwho,6.31441
595,4,Ġthe,4.333633
595,5,Ġman,4.480701
595,6,Ġbelieved,12.311715
595,7,Ġthe,10.199682
595,8,Ġhe,11.091805
595,9,Ġconcluded,16.878392
595,10,Ġhis,5.138534
595,11,Ġneighbors,14.655079
595,12,Ġhad,2.830285
595,13,Ġsaid,9.236917
595,14,Ġthe,4.490598
595,15,Ġwoman,5.209661
595,16,Ġwaited,13.343073
595,17,Ġfor,1.403467
595,18,Ġher,2.972494
595,19,Ġfriend,6.97109
595,20,Ġat,4.722327
595,21,Ġthe,1.283382
595,22,Ġbus,5.493506
595,23,Ġstop,0.061829
595,24,.,1.620697
595,25,<|endoftext|>,6.794297
596,0,<|endoftext|>,0.0
596,1,He,8.582732
596,2,Ġknows,8.734344
596,3,Ġthat,2.922593
596,4,Ġthe,3.684015
596,5,Ġman,8.232754
596,6,Ġbelieved,11.698791
596,7,Ġthe,9.413474
596,8,Ġhe,13.219076
596,9,Ġconcluded,14.890356
596,10,Ġhis,4.447678
596,11,Ġneighbors,15.759949
596,12,Ġhad,2.995718
596,13,Ġsaid,10.001591
596,14,Ġthe,3.504415
596,15,Ġwoman,5.318799
596,16,Ġwaited,12.950057
596,17,Ġfor,2.070255
596,18,Ġat,10.239655
596,19,Ġthe,7.610352
596,20,Ġbus,5.125677
596,21,Ġstop,0.098453
596,22,.,3.008007
596,23,<|endoftext|>,7.457625
597,0,<|endoftext|>,0.0
597,1,He,8.582732
597,2,Ġknows,8.734344
597,3,Ġthat,2.922593
597,4,Ġthe,3.684015
597,5,Ġman,8.232754
597,6,Ġbelieved,11.698791
597,7,Ġthe,9.413474
597,8,Ġhe,13.219076
597,9,Ġconcluded,14.890356
597,10,Ġhis,4.447678
597,11,Ġneighbors,15.759949
597,12,Ġhad,2.995718
597,13,Ġsaid,10.001591
597,14,Ġthe,3.504415
597,15,Ġwoman,5.318799
597,16,Ġwaited,12.950057
597,17,Ġfor,2.070255
597,18,Ġher,2.925456
597,19,Ġfriend,7.181773
597,20,Ġat,4.965614
597,21,Ġthe,1.258876
597,22,Ġbus,5.135186
597,23,Ġstop,0.063861
597,24,.,2.378274
597,25,<|endoftext|>,7.401107
598,0,<|endoftext|>,0.0
598,1,He,8.582732
598,2,Ġknows,8.734344
598,3,Ġwho,6.31441
598,4,Ġthe,4.333633
598,5,Ġman,4.480701
598,6,Ġbelieved,12.311715
598,7,Ġthe,10.199682
598,8,Ġhe,11.091805
598,9,Ġconcluded,16.878392
598,10,Ġhis,5.138534
598,11,Ġneighbors,14.655079
598,12,Ġhad,2.830285
598,13,Ġsaid,9.236917
598,14,Ġthe,4.490598
598,15,Ġwoman,5.209661
598,16,Ġwaited,13.343073
598,17,Ġfor,1.403467
598,18,Ġat,7.166273
598,19,Ġthe,3.940777
598,20,Ġbus,5.345489
598,21,Ġstop,0.081674
598,22,.,1.990295
598,23,<|endoftext|>,6.865142
599,0,<|endoftext|>,0.0
599,1,He,8.582732
599,2,Ġknows,8.734344
599,3,Ġwho,6.31441
599,4,Ġthe,4.333633
599,5,Ġman,4.480701
599,6,Ġbelieved,12.311715
599,7,Ġthe,10.199682
599,8,Ġhe,11.091805
599,9,Ġconcluded,16.878392
599,10,Ġhis,5.138534
599,11,Ġneighbors,14.655079
599,12,Ġhad,2.830285
599,13,Ġsaid,9.236917
599,14,Ġthe,4.490598
599,15,Ġwoman,5.209661
599,16,Ġwaited,13.343073
599,17,Ġfor,1.403467
599,18,Ġher,2.972494
599,19,Ġfriend,6.97109
599,20,Ġat,4.722327
599,21,Ġthe,1.283382
599,22,Ġbus,5.493506
599,23,Ġstop,0.061829
599,24,.,1.620697
599,25,<|endoftext|>,6.794297
600,0,<|endoftext|>,0.0
600,1,She,9.588393
600,2,Ġknows,8.547399
600,3,Ġthat,3.373155
600,4,Ġthe,4.09474
600,5,Ġinspectors,16.323667
600,6,Ġinterrogated,14.620011
600,7,Ġlast,11.027869
600,8,Ġnight,3.472521
600,9,.,5.963734
600,10,<|endoftext|>,8.597781
601,0,<|endoftext|>,0.0
601,1,She,9.588393
601,2,Ġknows,8.547399
601,3,Ġthat,3.373155
601,4,Ġthe,4.09474
601,5,Ġinspectors,16.323669
601,6,Ġinterrogated,14.620011
601,7,Ġthe,4.427457
601,8,Ġcriminal,11.618185
601,9,Ġlast,11.615023
601,10,Ġnight,3.235548
601,11,.,2.534826
601,12,<|endoftext|>,8.923272
602,0,<|endoftext|>,0.0
602,1,She,9.588393
602,2,Ġknows,8.547399
602,3,Ġwho,6.179725
602,4,Ġthe,4.654339
602,5,Ġinspectors,16.618857
602,6,Ġinterrogated,15.720567
602,7,Ġlast,7.930115
602,8,Ġnight,2.72651
602,9,.,1.446173
602,10,<|endoftext|>,8.04849
603,0,<|endoftext|>,0.0
603,1,She,9.588393
603,2,Ġknows,8.547399
603,3,Ġwho,6.179725
603,4,Ġthe,4.654339
603,5,Ġinspectors,16.618857
603,6,Ġinterrogated,15.720567
603,7,Ġthe,6.360555
603,8,Ġcriminal,12.250258
603,9,Ġlast,10.740593
603,10,Ġnight,2.132166
603,11,.,1.3878
603,12,<|endoftext|>,8.209166
604,0,<|endoftext|>,0.0
604,1,She,9.588393
604,2,Ġknows,8.547399
604,3,Ġthat,3.373155
604,4,Ġthe,4.09474
604,5,Ġpolice,8.414678
604,6,Ġsaid,9.039778
604,7,Ġthe,3.943016
604,8,Ġinspectors,17.272277
604,9,Ġinterrogated,14.127326
604,10,Ġlast,12.106027
604,11,Ġnight,2.378376
604,12,.,3.994631
604,13,<|endoftext|>,7.846618
605,0,<|endoftext|>,0.0
605,1,She,9.588382
605,2,Ġknows,8.547404
605,3,Ġthat,3.373128
605,4,Ġthe,4.094763
605,5,Ġpolice,8.414744
605,6,Ġsaid,9.039755
605,7,Ġthe,3.943019
605,8,Ġinspectors,17.272306
605,9,Ġinterrogated,14.127238
605,10,Ġthe,3.777122
605,11,Ġcriminal,12.1282
605,12,Ġlast,10.528299
605,13,Ġnight,2.361956
605,14,.,2.05131
605,15,<|endoftext|>,7.782465
606,0,<|endoftext|>,0.0
606,1,She,9.588393
606,2,Ġknows,8.547399
606,3,Ġwho,6.179725
606,4,Ġthe,4.654339
606,5,Ġpolice,10.022416
606,6,Ġsaid,8.621481
606,7,Ġthe,6.553041
606,8,Ġinspectors,18.224832
606,9,Ġinterrogated,13.586949
606,10,Ġlast,8.768397
606,11,Ġnight,2.280797
606,12,.,1.169119
606,13,<|endoftext|>,7.506944
607,0,<|endoftext|>,0.0
607,1,She,9.588382
607,2,Ġknows,8.547404
607,3,Ġwho,6.179819
607,4,Ġthe,4.654308
607,5,Ġpolice,10.022424
607,6,Ġsaid,8.621456
607,7,Ġthe,6.553051
607,8,Ġinspectors,18.224869
607,9,Ġinterrogated,13.586976
607,10,Ġthe,6.143072
607,11,Ġcriminal,12.380899
607,12,Ġlast,10.231707
607,13,Ġnight,2.115678
607,14,.,1.181834
607,15,<|endoftext|>,7.397787
608,0,<|endoftext|>,0.0
608,1,She,9.588377
608,2,Ġknows,8.547394
608,3,Ġthat,3.373129
608,4,Ġthe,4.094771
608,5,Ġpolice,8.414748
608,6,Ġsaid,9.03974
608,7,Ġthe,3.943024
608,8,Ġdetective,12.529445
608,9,Ġbelieved,9.545164
608,10,Ġthe,2.396103
608,11,Ġinspectors,19.346298
608,12,Ġinterrogated,14.687746
608,13,Ġlast,12.076286
608,14,Ġnight,2.238623
608,15,.,2.764275
608,16,<|endoftext|>,7.431595
609,0,<|endoftext|>,0.0
609,1,She,9.588377
609,2,Ġknows,8.547394
609,3,Ġthat,3.373129
609,4,Ġthe,4.094771
609,5,Ġpolice,8.414748
609,6,Ġsaid,9.03974
609,7,Ġthe,3.943024
609,8,Ġdetective,12.529445
609,9,Ġbelieved,9.545164
609,10,Ġthe,2.396103
609,11,Ġinspectors,19.346298
609,12,Ġinterrogated,14.687746
609,13,Ġthe,3.074731
609,14,Ġcriminal,11.61979
609,15,Ġlast,11.152882
609,16,Ġnight,2.315888
609,17,.,1.467581
609,18,<|endoftext|>,7.408237
610,0,<|endoftext|>,0.0
610,1,She,9.588377
610,2,Ġknows,8.547394
610,3,Ġwho,6.17982
610,4,Ġthe,4.654325
610,5,Ġpolice,10.022429
610,6,Ġsaid,8.621427
610,7,Ġthe,6.553037
610,8,Ġdetective,10.8804
610,9,Ġbelieved,9.141372
610,10,Ġthe,7.006187
610,11,Ġinspectors,19.244373
610,12,Ġinterrogated,14.923215
610,13,Ġlast,10.420046
610,14,Ġnight,2.40608
610,15,.,1.017598
610,16,<|endoftext|>,7.170147
611,0,<|endoftext|>,0.0
611,1,She,9.588377
611,2,Ġknows,8.547394
611,3,Ġwho,6.17982
611,4,Ġthe,4.654325
611,5,Ġpolice,10.022429
611,6,Ġsaid,8.621427
611,7,Ġthe,6.553037
611,8,Ġdetective,10.8804
611,9,Ġbelieved,9.141372
611,10,Ġthe,7.006187
611,11,Ġinspectors,19.244373
611,12,Ġinterrogated,14.923215
611,13,Ġthe,5.295371
611,14,Ġcriminal,11.824724
611,15,Ġlast,11.077753
611,16,Ġnight,2.341444
611,17,.,0.950109
611,18,<|endoftext|>,7.050069
612,0,<|endoftext|>,0.0
612,1,She,9.588377
612,2,Ġknows,8.547394
612,3,Ġthat,3.373129
612,4,Ġthe,4.094771
612,5,Ġpolice,8.414748
612,6,Ġsaid,9.03974
612,7,Ġthe,3.943024
612,8,Ġdetective,12.529445
612,9,Ġbelieved,9.545164
612,10,Ġhe,2.649074
612,11,Ġthought,11.293301
612,12,Ġthe,2.70727
612,13,Ġinspectors,20.016821
612,14,Ġinterrogated,15.173508
612,15,Ġlast,12.634056
612,16,Ġnight,2.096573
612,17,.,3.188512
612,18,<|endoftext|>,7.376103
613,0,<|endoftext|>,0.0
613,1,She,9.588377
613,2,Ġknows,8.547394
613,3,Ġthat,3.373129
613,4,Ġthe,4.094771
613,5,Ġpolice,8.414748
613,6,Ġsaid,9.03974
613,7,Ġthe,3.943024
613,8,Ġdetective,12.529445
613,9,Ġbelieved,9.545164
613,10,Ġhe,2.649074
613,11,Ġthought,11.293301
613,12,Ġthe,2.70727
613,13,Ġinspectors,20.016821
613,14,Ġinterrogated,15.173508
613,15,Ġthe,3.08373
613,16,Ġcriminal,11.614616
613,17,Ġlast,11.595326
613,18,Ġnight,1.971148
613,19,.,1.288534
613,20,<|endoftext|>,7.322378
614,0,<|endoftext|>,0.0
614,1,She,9.588377
614,2,Ġknows,8.547394
614,3,Ġwho,6.17982
614,4,Ġthe,4.654325
614,5,Ġpolice,10.022429
614,6,Ġsaid,8.621427
614,7,Ġthe,6.553037
614,8,Ġdetective,10.8804
614,9,Ġbelieved,9.141372
614,10,Ġhe,5.017462
614,11,Ġthought,12.524251
614,12,Ġthe,6.833559
614,13,Ġinspectors,20.034794
614,14,Ġinterrogated,15.709962
614,15,Ġlast,11.322801
614,16,Ġnight,2.424799
614,17,.,0.982784
614,18,<|endoftext|>,7.071103
615,0,<|endoftext|>,0.0
615,1,She,9.588377
615,2,Ġknows,8.547394
615,3,Ġwho,6.17982
615,4,Ġthe,4.654325
615,5,Ġpolice,10.022429
615,6,Ġsaid,8.621427
615,7,Ġthe,6.553037
615,8,Ġdetective,10.8804
615,9,Ġbelieved,9.141372
615,10,Ġhe,5.017462
615,11,Ġthought,12.524251
615,12,Ġthe,6.833559
615,13,Ġinspectors,20.034794
615,14,Ġinterrogated,15.709962
615,15,Ġthe,5.199834
615,16,Ġcriminal,11.737531
615,17,Ġlast,11.675802
615,18,Ġnight,2.193654
615,19,.,0.804142
615,20,<|endoftext|>,6.931811
616,0,<|endoftext|>,0.0
616,1,She,9.588377
616,2,Ġknows,8.547394
616,3,Ġthat,3.373129
616,4,Ġthe,4.094771
616,5,Ġpolice,8.414748
616,6,Ġsaid,9.03974
616,7,Ġthe,3.943024
616,8,Ġdetective,12.529445
616,9,Ġbelieved,9.545164
616,10,Ġhe,2.649074
616,11,Ġthought,11.293301
616,12,Ġthe,2.70727
616,13,Ġinspectors,20.016821
616,14,Ġinterrogated,15.173508
616,15,Ġlast,12.634056
616,16,Ġnight,2.096573
616,17,.,3.188512
616,18,<|endoftext|>,7.376103
617,0,<|endoftext|>,0.0
617,1,She,9.588377
617,2,Ġknows,8.547394
617,3,Ġthat,3.373129
617,4,Ġthe,4.094771
617,5,Ġpolice,8.414748
617,6,Ġsaid,9.03974
617,7,Ġthe,3.943024
617,8,Ġdetective,12.529445
617,9,Ġbelieved,9.545164
617,10,Ġhe,2.649074
617,11,Ġthought,11.293301
617,12,Ġthe,2.70727
617,13,Ġinspectors,20.016821
617,14,Ġinterrogated,15.173508
617,15,Ġthe,3.08373
617,16,Ġcriminal,11.614616
617,17,Ġlast,11.595326
617,18,Ġnight,1.971148
617,19,.,1.288534
617,20,<|endoftext|>,7.322378
618,0,<|endoftext|>,0.0
618,1,She,9.588377
618,2,Ġknows,8.547394
618,3,Ġwho,6.17982
618,4,Ġthe,4.654325
618,5,Ġpolice,10.022429
618,6,Ġsaid,8.621427
618,7,Ġthe,6.553037
618,8,Ġdetective,10.8804
618,9,Ġbelieved,9.141372
618,10,Ġhe,5.017462
618,11,Ġthought,12.524251
618,12,Ġthe,6.833559
618,13,Ġinspectors,20.034794
618,14,Ġinterrogated,15.709962
618,15,Ġlast,11.322801
618,16,Ġnight,2.424799
618,17,.,0.982784
618,18,<|endoftext|>,7.071103
619,0,<|endoftext|>,0.0
619,1,She,9.588377
619,2,Ġknows,8.547394
619,3,Ġwho,6.17982
619,4,Ġthe,4.654325
619,5,Ġpolice,10.022429
619,6,Ġsaid,8.621427
619,7,Ġthe,6.553037
619,8,Ġdetective,10.8804
619,9,Ġbelieved,9.141372
619,10,Ġhe,5.017462
619,11,Ġthought,12.524251
619,12,Ġthe,6.833559
619,13,Ġinspectors,20.034794
619,14,Ġinterrogated,15.709962
619,15,Ġthe,5.199834
619,16,Ġcriminal,11.737531
619,17,Ġlast,11.675802
619,18,Ġnight,2.193654
619,19,.,0.804142
619,20,<|endoftext|>,6.931811
620,0,<|endoftext|>,0.0
620,1,They,9.39695
620,2,Ġknow,7.895996
620,3,Ġthat,2.878176
620,4,Ġthe,3.625604
620,5,Ġold,9.719165
620,6,Ġman,4.618099
620,7,Ġthanked,15.912576
620,8,Ġon,10.817712
620,9,Ġthe,2.10579
620,10,Ġstreet,5.75989
620,11,.,4.275725
620,12,<|endoftext|>,8.162959
621,0,<|endoftext|>,0.0
621,1,They,9.39695
621,2,Ġknow,7.895996
621,3,Ġthat,2.878158
621,4,Ġthe,3.625604
621,5,Ġold,9.719165
621,6,Ġman,4.61811
621,7,Ġthanked,15.912575
621,8,Ġthe,4.05334
621,9,Ġtailor,14.029928
621,10,Ġon,6.414456
621,11,Ġthe,1.159247
621,12,Ġstreet,4.470061
621,13,.,3.165397
621,14,<|endoftext|>,8.39084
622,0,<|endoftext|>,0.0
622,1,They,9.39695
622,2,Ġknow,7.895996
622,3,Ġwho,5.464134
622,4,Ġthe,4.252008
622,5,Ġold,10.069836
622,6,Ġman,2.410005
622,7,Ġthanked,20.924126
622,8,Ġon,6.798419
622,9,Ġthe,2.613295
622,10,Ġstreet,5.471228
622,11,.,1.951742
622,12,<|endoftext|>,7.49588
623,0,<|endoftext|>,0.0
623,1,They,9.39695
623,2,Ġknow,7.895996
623,3,Ġwho,5.464138
623,4,Ġthe,4.252008
623,5,Ġold,10.069836
623,6,Ġman,2.409996
623,7,Ġthanked,20.924116
623,8,Ġthe,4.84332
623,9,Ġtailor,16.34818
623,10,Ġon,6.76713
623,11,Ġthe,1.410561
623,12,Ġstreet,3.892767
623,13,.,2.072813
623,14,<|endoftext|>,7.70858
624,0,<|endoftext|>,0.0
624,1,They,9.396972
624,2,Ġknow,7.895986
624,3,Ġthat,2.878197
624,4,Ġthe,3.62555
624,5,Ġnurse,15.429651
624,6,Ġsaid,6.823719
624,7,Ġthe,4.139499
624,8,Ġold,11.303844
624,9,Ġman,1.897076
624,10,Ġthanked,13.987701
624,11,Ġon,12.701421
624,12,Ġthe,2.447663
624,13,Ġstreet,7.599899
624,14,.,3.123129
624,15,<|endoftext|>,7.832525
625,0,<|endoftext|>,0.0
625,1,They,9.396978
625,2,Ġknow,7.895982
625,3,Ġthat,2.878192
625,4,Ġthe,3.625553
625,5,Ġnurse,15.42964
625,6,Ġsaid,6.823718
625,7,Ġthe,4.139491
625,8,Ġold,11.303836
625,9,Ġman,1.897075
625,10,Ġthanked,13.987696
625,11,Ġthe,4.945936
625,12,Ġtailor,13.888989
625,13,Ġon,6.705393
625,14,Ġthe,1.437775
625,15,Ġstreet,5.385864
625,16,.,2.830282
625,17,<|endoftext|>,7.677008
626,0,<|endoftext|>,0.0
626,1,They,9.396972
626,2,Ġknow,7.895986
626,3,Ġwho,5.464167
626,4,Ġthe,4.252055
626,5,Ġnurse,15.020955
626,6,Ġsaid,6.627214
626,7,Ġthe,6.224733
626,8,Ġold,12.387469
626,9,Ġman,1.446737
626,10,Ġthanked,17.804994
626,11,Ġon,6.700155
626,12,Ġthe,2.477356
626,13,Ġstreet,6.226722
626,14,.,1.467935
626,15,<|endoftext|>,7.121368
627,0,<|endoftext|>,0.0
627,1,They,9.396978
627,2,Ġknow,7.895982
627,3,Ġwho,5.464162
627,4,Ġthe,4.252062
627,5,Ġnurse,15.020937
627,6,Ġsaid,6.627221
627,7,Ġthe,6.224771
627,8,Ġold,12.387467
627,9,Ġman,1.446742
627,10,Ġthanked,17.804996
627,11,Ġthe,6.597964
627,12,Ġtailor,15.904621
627,13,Ġon,6.792548
627,14,Ġthe,1.49469
627,15,Ġstreet,4.125988
627,16,.,1.712792
627,17,<|endoftext|>,6.766802
628,0,<|endoftext|>,0.0
628,1,They,9.396978
628,2,Ġknow,7.895982
628,3,Ġthat,2.878192
628,4,Ġthe,3.625553
628,5,Ġnurse,15.42964
628,6,Ġsaid,6.823718
628,7,Ġthe,4.139491
628,8,Ġassistant,12.107482
628,9,Ġknew,8.442243
628,10,Ġthe,3.25304
628,11,Ġold,11.818681
628,12,Ġman,1.468517
628,13,Ġthanked,17.775596
628,14,Ġon,11.681307
628,15,Ġthe,2.112624
628,16,Ġstreet,8.614548
628,17,.,2.539349
628,18,<|endoftext|>,7.838137
629,0,<|endoftext|>,0.0
629,1,They,9.396978
629,2,Ġknow,7.895982
629,3,Ġthat,2.878192
629,4,Ġthe,3.625553
629,5,Ġnurse,15.42964
629,6,Ġsaid,6.823718
629,7,Ġthe,4.139491
629,8,Ġassistant,12.107482
629,9,Ġknew,8.442243
629,10,Ġthe,3.25304
629,11,Ġold,11.818681
629,12,Ġman,1.468517
629,13,Ġthanked,17.775596
629,14,Ġthe,4.529029
629,15,Ġtailor,13.839194
629,16,Ġon,6.571187
629,17,Ġthe,1.335254
629,18,Ġstreet,5.959683
629,19,.,2.377109
629,20,<|endoftext|>,7.662821
630,0,<|endoftext|>,0.0
630,1,They,9.396978
630,2,Ġknow,7.895982
630,3,Ġwho,5.464162
630,4,Ġthe,4.252062
630,5,Ġnurse,15.020937
630,6,Ġsaid,6.627221
630,7,Ġthe,6.224771
630,8,Ġassistant,12.123434
630,9,Ġknew,9.371527
630,10,Ġthe,6.121145
630,11,Ġold,12.312216
630,12,Ġman,1.483909
630,13,Ġthanked,17.408293
630,14,Ġon,6.524235
630,15,Ġthe,2.370468
630,16,Ġstreet,7.990806
630,17,.,1.620438
630,18,<|endoftext|>,6.834722
631,0,<|endoftext|>,0.0
631,1,They,9.396978
631,2,Ġknow,7.895982
631,3,Ġwho,5.464162
631,4,Ġthe,4.252062
631,5,Ġnurse,15.020937
631,6,Ġsaid,6.627221
631,7,Ġthe,6.224771
631,8,Ġassistant,12.123434
631,9,Ġknew,9.371527
631,10,Ġthe,6.121145
631,11,Ġold,12.312216
631,12,Ġman,1.483909
631,13,Ġthanked,17.408293
631,14,Ġthe,5.688283
631,15,Ġtailor,15.145601
631,16,Ġon,6.316437
631,17,Ġthe,1.448009
631,18,Ġstreet,5.346235
631,19,.,1.660496
631,20,<|endoftext|>,6.420771
632,0,<|endoftext|>,0.0
632,1,They,9.396978
632,2,Ġknow,7.895982
632,3,Ġthat,2.878192
632,4,Ġthe,3.625553
632,5,Ġnurse,15.42964
632,6,Ġsaid,6.823718
632,7,Ġthe,4.139491
632,8,Ġassistant,12.107482
632,9,Ġknew,8.442243
632,10,Ġshe,4.064766
632,11,Ġsaw,9.440219
632,12,Ġthe,2.116785
632,13,Ġold,11.578285
632,14,Ġman,1.715312
632,15,Ġthanked,22.452852
632,16,Ġon,6.086917
632,17,Ġthe,1.682636
632,18,Ġstreet,7.05197
632,19,.,2.173679
632,20,<|endoftext|>,7.578973
633,0,<|endoftext|>,0.0
633,1,They,9.396978
633,2,Ġknow,7.895982
633,3,Ġthat,2.878192
633,4,Ġthe,3.625553
633,5,Ġnurse,15.42964
633,6,Ġsaid,6.823718
633,7,Ġthe,4.139491
633,8,Ġassistant,12.107482
633,9,Ġknew,8.442243
633,10,Ġshe,4.064766
633,11,Ġsaw,9.440219
633,12,Ġthe,2.116785
633,13,Ġold,11.578285
633,14,Ġman,1.715312
633,15,Ġthanked,22.452852
633,16,Ġthe,4.364042
633,17,Ġtailor,15.414871
633,18,Ġon,6.259587
633,19,Ġthe,1.218576
633,20,Ġstreet,4.793063
633,21,.,1.989527
633,22,<|endoftext|>,7.256046
634,0,<|endoftext|>,0.0
634,1,They,9.396978
634,2,Ġknow,7.895982
634,3,Ġwho,5.464162
634,4,Ġthe,4.252062
634,5,Ġnurse,15.020937
634,6,Ġsaid,6.627221
634,7,Ġthe,6.224771
634,8,Ġassistant,12.123434
634,9,Ġknew,9.371527
634,10,Ġshe,6.326995
634,11,Ġsaw,10.91443
634,12,Ġthe,4.955201
634,13,Ġold,11.678544
634,14,Ġman,1.827392
634,15,Ġthanked,20.833288
634,16,Ġon,4.771574
634,17,Ġthe,1.988065
634,18,Ġstreet,6.473702
634,19,.,1.57577
634,20,<|endoftext|>,6.682173
635,0,<|endoftext|>,0.0
635,1,They,9.396978
635,2,Ġknow,7.895982
635,3,Ġwho,5.464162
635,4,Ġthe,4.252062
635,5,Ġnurse,15.020937
635,6,Ġsaid,6.627221
635,7,Ġthe,6.224771
635,8,Ġassistant,12.123434
635,9,Ġknew,9.371527
635,10,Ġshe,6.326995
635,11,Ġsaw,10.91443
635,12,Ġthe,4.955201
635,13,Ġold,11.678544
635,14,Ġman,1.827392
635,15,Ġthanked,20.833288
635,16,Ġthe,4.631214
635,17,Ġtailor,16.70006
635,18,Ġon,5.743196
635,19,Ġthe,1.355145
635,20,Ġstreet,4.460438
635,21,.,1.511401
635,22,<|endoftext|>,6.015536
636,0,<|endoftext|>,0.0
636,1,They,9.396978
636,2,Ġknow,7.895982
636,3,Ġthat,2.878192
636,4,Ġthe,3.625553
636,5,Ġnurse,15.42964
636,6,Ġsaid,6.823718
636,7,Ġthe,4.139491
636,8,Ġassistant,12.107482
636,9,Ġknew,8.442243
636,10,Ġshe,4.064766
636,11,Ġsaw,9.440219
636,12,Ġthe,2.116785
636,13,Ġold,11.578285
636,14,Ġman,1.715312
636,15,Ġthanked,22.452852
636,16,Ġon,6.086917
636,17,Ġthe,1.682636
636,18,Ġstreet,7.05197
636,19,.,2.173679
636,20,<|endoftext|>,7.578973
637,0,<|endoftext|>,0.0
637,1,They,9.396978
637,2,Ġknow,7.895982
637,3,Ġthat,2.878192
637,4,Ġthe,3.625553
637,5,Ġnurse,15.42964
637,6,Ġsaid,6.823718
637,7,Ġthe,4.139491
637,8,Ġassistant,12.107482
637,9,Ġknew,8.442243
637,10,Ġshe,4.064766
637,11,Ġsaw,9.440219
637,12,Ġthe,2.116785
637,13,Ġold,11.578285
637,14,Ġman,1.715312
637,15,Ġthanked,22.452852
637,16,Ġthe,4.364042
637,17,Ġtailor,15.414871
637,18,Ġon,6.259587
637,19,Ġthe,1.218576
637,20,Ġstreet,4.793063
637,21,.,1.989527
637,22,<|endoftext|>,7.256046
638,0,<|endoftext|>,0.0
638,1,They,9.396978
638,2,Ġknow,7.895982
638,3,Ġwho,5.464162
638,4,Ġthe,4.252062
638,5,Ġnurse,15.020937
638,6,Ġsaid,6.627221
638,7,Ġthe,6.224771
638,8,Ġassistant,12.123434
638,9,Ġknew,9.371527
638,10,Ġshe,6.326995
638,11,Ġsaw,10.91443
638,12,Ġthe,4.955201
638,13,Ġold,11.678544
638,14,Ġman,1.827392
638,15,Ġthanked,20.833288
638,16,Ġon,4.771574
638,17,Ġthe,1.988065
638,18,Ġstreet,6.473702
638,19,.,1.57577
638,20,<|endoftext|>,6.682173
639,0,<|endoftext|>,0.0
639,1,They,9.396978
639,2,Ġknow,7.895982
639,3,Ġwho,5.464162
639,4,Ġthe,4.252062
639,5,Ġnurse,15.020937
639,6,Ġsaid,6.627221
639,7,Ġthe,6.224771
639,8,Ġassistant,12.123434
639,9,Ġknew,9.371527
639,10,Ġshe,6.326995
639,11,Ġsaw,10.91443
639,12,Ġthe,4.955201
639,13,Ġold,11.678544
639,14,Ġman,1.827392
639,15,Ġthanked,20.833288
639,16,Ġthe,4.631214
639,17,Ġtailor,16.70006
639,18,Ġon,5.743196
639,19,Ġthe,1.355145
639,20,Ġstreet,4.460438
639,21,.,1.511401
639,22,<|endoftext|>,6.015536
640,0,<|endoftext|>,0.0
640,1,He,8.582737
640,2,Ġreported,12.331583
640,3,Ġthat,2.374091
640,4,Ġthe,2.664716
640,5,Ġdoctor,10.42866
640,6,Ġreassured,12.649009
640,7,Ġbefore,16.276387
640,8,Ġsurgery,6.710731
640,9,.,7.767992
640,10,<|endoftext|>,5.759658
641,0,<|endoftext|>,0.0
641,1,He,8.582737
641,2,Ġreported,12.331583
641,3,Ġthat,2.374091
641,4,Ġthe,2.664716
641,5,Ġdoctor,10.428659
641,6,Ġreassured,12.649009
641,7,Ġthe,4.65538
641,8,Ġpatient,2.547391
641,9,Ġbefore,7.909855
641,10,Ġsurgery,6.489563
641,11,.,4.819973
641,12,<|endoftext|>,5.419122
642,0,<|endoftext|>,0.0
642,1,He,8.582737
642,2,Ġreported,12.331583
642,3,Ġwho,12.870041
642,4,Ġthe,4.073936
642,5,Ġdoctor,10.163121
642,6,Ġreassured,18.606693
642,7,Ġbefore,8.542151
642,8,Ġsurgery,8.052726
642,9,.,1.912665
642,10,<|endoftext|>,5.86922
643,0,<|endoftext|>,0.0
643,1,He,8.582737
643,2,Ġreported,12.331583
643,3,Ġwho,12.870041
643,4,Ġthe,4.073936
643,5,Ġdoctor,10.163121
643,6,Ġreassured,18.606693
643,7,Ġthe,6.468276
643,8,Ġpatient,3.947485
643,9,Ġbefore,7.497088
643,10,Ġsurgery,6.786775
643,11,.,1.674766
643,12,<|endoftext|>,5.713599
644,0,<|endoftext|>,0.0
644,1,He,8.582737
644,2,Ġreported,12.331583
644,3,Ġthat,2.374091
644,4,Ġthe,2.664716
644,5,Ġnurse,12.591865
644,6,Ġbelieved,9.356309
644,7,Ġthe,2.852158
644,8,Ġdoctor,7.174675
644,9,Ġreassured,16.85811
644,10,Ġbefore,17.317461
644,11,Ġsurgery,6.616092
644,12,.,5.54855
644,13,<|endoftext|>,5.650703
645,0,<|endoftext|>,0.0
645,1,He,8.582738
645,2,Ġreported,12.331528
645,3,Ġthat,2.37405
645,4,Ġthe,2.664666
645,5,Ġnurse,12.591829
645,6,Ġbelieved,9.356375
645,7,Ġthe,2.852142
645,8,Ġdoctor,7.174712
645,9,Ġreassured,16.858163
645,10,Ġthe,5.607121
645,11,Ġpatient,1.126009
645,12,Ġbefore,7.23639
645,13,Ġsurgery,8.089629
645,14,.,2.536386
645,15,<|endoftext|>,5.379763
646,0,<|endoftext|>,0.0
646,1,He,8.582737
646,2,Ġreported,12.331583
646,3,Ġwho,12.870041
646,4,Ġthe,4.073936
646,5,Ġnurse,12.710886
646,6,Ġbelieved,7.736498
646,7,Ġthe,6.584951
646,8,Ġdoctor,7.055079
646,9,Ġreassured,21.376209
646,10,Ġbefore,9.366727
646,11,Ġsurgery,8.127196
646,12,.,1.441911
646,13,<|endoftext|>,5.551395
647,0,<|endoftext|>,0.0
647,1,He,8.582738
647,2,Ġreported,12.331528
647,3,Ġwho,12.869989
647,4,Ġthe,4.073953
647,5,Ġnurse,12.710883
647,6,Ġbelieved,7.73643
647,7,Ġthe,6.584958
647,8,Ġdoctor,7.055094
647,9,Ġreassured,21.37616
647,10,Ġthe,6.658629
647,11,Ġpatient,2.41417
647,12,Ġbefore,7.40136
647,13,Ġsurgery,8.187941
647,14,.,1.243611
647,15,<|endoftext|>,5.294354
648,0,<|endoftext|>,0.0
648,1,He,8.582732
648,2,Ġreported,12.331528
648,3,Ġthat,2.374054
648,4,Ġthe,2.664676
648,5,Ġnurse,12.591839
648,6,Ġbelieved,9.356385
648,7,Ġthe,2.852142
648,8,Ġwoman,4.128963
648,9,Ġthought,10.593427
648,10,Ġthe,3.192168
648,11,Ġdoctor,6.833011
648,12,Ġreassured,17.70496
648,13,Ġbefore,17.055818
648,14,Ġsurgery,7.95106
648,15,.,2.473992
648,16,<|endoftext|>,5.324304
649,0,<|endoftext|>,0.0
649,1,He,8.582732
649,2,Ġreported,12.331528
649,3,Ġthat,2.374054
649,4,Ġthe,2.664676
649,5,Ġnurse,12.591839
649,6,Ġbelieved,9.356385
649,7,Ġthe,2.852142
649,8,Ġwoman,4.128963
649,9,Ġthought,10.593427
649,10,Ġthe,3.192168
649,11,Ġdoctor,6.833011
649,12,Ġreassured,17.70496
649,13,Ġthe,6.580253
649,14,Ġpatient,1.573726
649,15,Ġbefore,7.345011
649,16,Ġsurgery,9.225656
649,17,.,1.561588
649,18,<|endoftext|>,5.088672
650,0,<|endoftext|>,0.0
650,1,He,8.582732
650,2,Ġreported,12.331528
650,3,Ġwho,12.869993
650,4,Ġthe,4.073953
650,5,Ġnurse,12.71089
650,6,Ġbelieved,7.736395
650,7,Ġthe,6.584952
650,8,Ġwoman,3.537509
650,9,Ġthought,11.027246
650,10,Ġthe,4.977725
650,11,Ġdoctor,7.218043
650,12,Ġreassured,21.361367
650,13,Ġbefore,9.826184
650,14,Ġsurgery,8.682537
650,15,.,1.040769
650,16,<|endoftext|>,5.064151
651,0,<|endoftext|>,0.0
651,1,He,8.582732
651,2,Ġreported,12.331528
651,3,Ġwho,12.869993
651,4,Ġthe,4.073953
651,5,Ġnurse,12.71089
651,6,Ġbelieved,7.736395
651,7,Ġthe,6.584952
651,8,Ġwoman,3.537509
651,9,Ġthought,11.027246
651,10,Ġthe,4.977725
651,11,Ġdoctor,7.218043
651,12,Ġreassured,21.361367
651,13,Ġthe,6.86095
651,14,Ġpatient,2.558247
651,15,Ġbefore,6.960454
651,16,Ġsurgery,9.058965
651,17,.,0.906513
651,18,<|endoftext|>,4.835442
652,0,<|endoftext|>,0.0
652,1,He,8.582732
652,2,Ġreported,12.331528
652,3,Ġthat,2.374054
652,4,Ġthe,2.664676
652,5,Ġnurse,12.591839
652,6,Ġbelieved,9.356385
652,7,Ġthe,2.852142
652,8,Ġwoman,4.128963
652,9,Ġthought,10.593427
652,10,Ġshe,1.717674
652,11,Ġrecalled,14.74257
652,12,Ġthe,3.489611
652,13,Ġdoctor,8.133345
652,14,Ġreassured,18.057294
652,15,Ġbefore,13.035358
652,16,Ġsurgery,9.478097
652,17,.,1.555069
652,18,<|endoftext|>,5.240362
653,0,<|endoftext|>,0.0
653,1,He,8.582732
653,2,Ġreported,12.331528
653,3,Ġthat,2.374054
653,4,Ġthe,2.664676
653,5,Ġnurse,12.591839
653,6,Ġbelieved,9.356385
653,7,Ġthe,2.852142
653,8,Ġwoman,4.128963
653,9,Ġthought,10.593427
653,10,Ġshe,1.717674
653,11,Ġrecalled,14.74257
653,12,Ġthe,3.489611
653,13,Ġdoctor,8.133345
653,14,Ġreassured,18.057294
653,15,Ġthe,5.812758
653,16,Ġpatient,2.07207
653,17,Ġbefore,7.112709
653,18,Ġsurgery,9.849757
653,19,.,1.345853
653,20,<|endoftext|>,5.019038
654,0,<|endoftext|>,0.0
654,1,He,8.582732
654,2,Ġreported,12.331528
654,3,Ġwho,12.869993
654,4,Ġthe,4.073953
654,5,Ġnurse,12.71089
654,6,Ġbelieved,7.736395
654,7,Ġthe,6.584952
654,8,Ġwoman,3.537509
654,9,Ġthought,11.027246
654,10,Ġshe,2.776688
654,11,Ġrecalled,15.805156
654,12,Ġthe,6.706118
654,13,Ġdoctor,8.385772
654,14,Ġreassured,18.403806
654,15,Ġbefore,11.362853
654,16,Ġsurgery,10.315897
654,17,.,1.049669
654,18,<|endoftext|>,4.98819
655,0,<|endoftext|>,0.0
655,1,He,8.582732
655,2,Ġreported,12.331528
655,3,Ġwho,12.869993
655,4,Ġthe,4.073953
655,5,Ġnurse,12.71089
655,6,Ġbelieved,7.736395
655,7,Ġthe,6.584952
655,8,Ġwoman,3.537509
655,9,Ġthought,11.027246
655,10,Ġshe,2.776688
655,11,Ġrecalled,15.805156
655,12,Ġthe,6.706118
655,13,Ġdoctor,8.385772
655,14,Ġreassured,18.403806
655,15,Ġthe,5.863998
655,16,Ġpatient,3.97579
655,17,Ġbefore,7.420947
655,18,Ġsurgery,10.123039
655,19,.,0.996232
655,20,<|endoftext|>,4.773423
656,0,<|endoftext|>,0.0
656,1,He,8.582732
656,2,Ġreported,12.331528
656,3,Ġthat,2.374054
656,4,Ġthe,2.664676
656,5,Ġnurse,12.591839
656,6,Ġbelieved,9.356385
656,7,Ġthe,2.852142
656,8,Ġwoman,4.128963
656,9,Ġthought,10.593427
656,10,Ġshe,1.717674
656,11,Ġrecalled,14.74257
656,12,Ġthe,3.489611
656,13,Ġdoctor,8.133345
656,14,Ġreassured,18.057294
656,15,Ġbefore,13.035358
656,16,Ġsurgery,9.478097
656,17,.,1.555069
656,18,<|endoftext|>,5.240362
657,0,<|endoftext|>,0.0
657,1,He,8.582732
657,2,Ġreported,12.331528
657,3,Ġthat,2.374054
657,4,Ġthe,2.664676
657,5,Ġnurse,12.591839
657,6,Ġbelieved,9.356385
657,7,Ġthe,2.852142
657,8,Ġwoman,4.128963
657,9,Ġthought,10.593427
657,10,Ġshe,1.717674
657,11,Ġrecalled,14.74257
657,12,Ġthe,3.489611
657,13,Ġdoctor,8.133345
657,14,Ġreassured,18.057294
657,15,Ġthe,5.812758
657,16,Ġpatient,2.07207
657,17,Ġbefore,7.112709
657,18,Ġsurgery,9.849757
657,19,.,1.345853
657,20,<|endoftext|>,5.019038
658,0,<|endoftext|>,0.0
658,1,He,8.582732
658,2,Ġreported,12.331528
658,3,Ġwho,12.869993
658,4,Ġthe,4.073953
658,5,Ġnurse,12.71089
658,6,Ġbelieved,7.736395
658,7,Ġthe,6.584952
658,8,Ġwoman,3.537509
658,9,Ġthought,11.027246
658,10,Ġshe,2.776688
658,11,Ġrecalled,15.805156
658,12,Ġthe,6.706118
658,13,Ġdoctor,8.385772
658,14,Ġreassured,18.403806
658,15,Ġbefore,11.362853
658,16,Ġsurgery,10.315897
658,17,.,1.049669
658,18,<|endoftext|>,4.98819
659,0,<|endoftext|>,0.0
659,1,He,8.582732
659,2,Ġreported,12.331528
659,3,Ġwho,12.869993
659,4,Ġthe,4.073953
659,5,Ġnurse,12.71089
659,6,Ġbelieved,7.736395
659,7,Ġthe,6.584952
659,8,Ġwoman,3.537509
659,9,Ġthought,11.027246
659,10,Ġshe,2.776688
659,11,Ġrecalled,15.805156
659,12,Ġthe,6.706118
659,13,Ġdoctor,8.385772
659,14,Ġreassured,18.403806
659,15,Ġthe,5.863998
659,16,Ġpatient,3.97579
659,17,Ġbefore,7.420947
659,18,Ġsurgery,10.123039
659,19,.,0.996232
659,20,<|endoftext|>,4.773423
660,0,<|endoftext|>,0.0
660,1,We,7.155782
660,2,Ġdiscovered,10.710771
660,3,Ġthat,1.752152
660,4,Ġthe,2.945693
660,5,Ġfunny,14.610688
660,6,Ġactor,15.858068
660,7,Ġtold,9.786685
660,8,Ġabout,7.595046
660,9,Ġthe,3.283106
660,10,Ġwoman,9.224535
660,11,.,8.653985
660,12,<|endoftext|>,7.126457
661,0,<|endoftext|>,0.0
661,1,We,7.155782
661,2,Ġdiscovered,10.710771
661,3,Ġthat,1.752152
661,4,Ġthe,2.945693
661,5,Ġfunny,14.610688
661,6,Ġactor,15.85808
661,7,Ġtold,9.786698
661,8,Ġa,2.503886
661,9,Ġstory,2.105106
661,10,Ġabout,0.972203
661,11,Ġthe,4.126323
661,12,Ġwoman,8.189428
661,13,.,8.722366
661,14,<|endoftext|>,7.838349
662,0,<|endoftext|>,0.0
662,1,We,7.155782
662,2,Ġdiscovered,10.710771
662,3,Ġwhat,7.5792
662,4,Ġthe,4.749895
662,5,Ġfunny,14.071255
662,6,Ġactor,13.944502
662,7,Ġtold,6.832364
662,8,Ġabout,7.567075
662,9,Ġthe,2.734483
662,10,Ġwoman,9.459977
662,11,.,6.246885
662,12,<|endoftext|>,6.481827
663,0,<|endoftext|>,0.0
663,1,We,7.155782
663,2,Ġdiscovered,10.710771
663,3,Ġwhat,7.579211
663,4,Ġthe,4.749895
663,5,Ġfunny,14.071255
663,6,Ġactor,13.944517
663,7,Ġtold,6.832369
663,8,Ġa,4.671272
663,9,Ġstory,5.960251
663,10,Ġabout,0.610237
663,11,Ġthe,3.598336
663,12,Ġwoman,8.787352
663,13,.,7.179388
663,14,<|endoftext|>,6.821479
664,0,<|endoftext|>,0.0
664,1,We,7.155761
664,2,Ġdiscovered,10.710806
664,3,Ġthat,1.752165
664,4,Ġthe,2.945662
664,5,Ġdelivery,13.439272
664,6,Ġboy,12.783779
664,7,Ġremarked,16.914922
664,8,Ġthe,6.927592
664,9,Ġfunny,11.516302
664,10,Ġactor,12.573332
664,11,Ġtold,9.535067
664,12,Ġabout,7.683778
664,13,Ġthe,2.535625
664,14,Ġwoman,8.260105
664,15,.,5.492433
664,16,<|endoftext|>,7.296779
665,0,<|endoftext|>,0.0
665,1,We,7.155761
665,2,Ġdiscovered,10.710806
665,3,Ġthat,1.752165
665,4,Ġthe,2.945662
665,5,Ġdelivery,13.439272
665,6,Ġboy,12.783779
665,7,Ġremarked,16.914922
665,8,Ġthe,6.927592
665,9,Ġfunny,11.516302
665,10,Ġactor,12.573332
665,11,Ġtold,9.535067
665,12,Ġa,5.90862
665,13,Ġstory,3.59812
665,14,Ġabout,0.894216
665,15,Ġthe,3.540463
665,16,Ġwoman,8.288658
665,17,.,5.691501
665,18,<|endoftext|>,7.335359
666,0,<|endoftext|>,0.0
666,1,We,7.155761
666,2,Ġdiscovered,10.710806
666,3,Ġwhat,7.579245
666,4,Ġthe,4.749854
666,5,Ġdelivery,15.954982
666,6,Ġboy,7.861128
666,7,Ġremarked,15.606402
666,8,Ġthe,7.515947
666,9,Ġfunny,14.614791
666,10,Ġactor,13.473563
666,11,Ġtold,6.175757
666,12,Ġabout,7.382767
666,13,Ġthe,2.660196
666,14,Ġwoman,8.665168
666,15,.,3.898431
666,16,<|endoftext|>,6.654692
667,0,<|endoftext|>,0.0
667,1,We,7.155761
667,2,Ġdiscovered,10.710806
667,3,Ġwhat,7.579245
667,4,Ġthe,4.749854
667,5,Ġdelivery,15.954982
667,6,Ġboy,7.861128
667,7,Ġremarked,15.606402
667,8,Ġthe,7.515947
667,9,Ġfunny,14.614791
667,10,Ġactor,13.473563
667,11,Ġtold,6.175757
667,12,Ġa,6.632295
667,13,Ġstory,6.673984
667,14,Ġabout,0.673121
667,15,Ġthe,3.933957
667,16,Ġwoman,8.660088
667,17,.,4.774538
667,18,<|endoftext|>,6.758884
668,0,<|endoftext|>,0.0
668,1,We,7.155761
668,2,Ġdiscovered,10.710806
668,3,Ġthat,1.752165
668,4,Ġthe,2.945662
668,5,Ġdelivery,13.439272
668,6,Ġboy,12.783779
668,7,Ġremarked,16.914922
668,8,Ġthe,6.927592
668,9,Ġworker,13.224164
668,10,Ġsaid,7.931121
668,11,Ġthe,3.249919
668,12,Ġfunny,15.045601
668,13,Ġactor,12.771513
668,14,Ġtold,7.395338
668,15,Ġabout,10.375364
668,16,Ġthe,2.345774
668,17,Ġwoman,7.833202
668,18,.,4.115164
668,19,<|endoftext|>,7.204556
669,0,<|endoftext|>,0.0
669,1,We,7.155761
669,2,Ġdiscovered,10.710806
669,3,Ġthat,1.752165
669,4,Ġthe,2.945662
669,5,Ġdelivery,13.439272
669,6,Ġboy,12.783779
669,7,Ġremarked,16.914922
669,8,Ġthe,6.927592
669,9,Ġworker,13.224164
669,10,Ġsaid,7.931121
669,11,Ġthe,3.249919
669,12,Ġfunny,15.045601
669,13,Ġactor,12.771513
669,14,Ġtold,7.395338
669,15,Ġa,6.514488
669,16,Ġstory,4.250888
669,17,Ġabout,0.994839
669,18,Ġthe,3.315937
669,19,Ġwoman,7.537244
669,20,.,3.746152
669,21,<|endoftext|>,7.082522
670,0,<|endoftext|>,0.0
670,1,We,7.155761
670,2,Ġdiscovered,10.710806
670,3,Ġwhat,7.579245
670,4,Ġthe,4.749854
670,5,Ġdelivery,15.954982
670,6,Ġboy,7.861128
670,7,Ġremarked,15.606402
670,8,Ġthe,7.515947
670,9,Ġworker,13.838684
670,10,Ġsaid,4.043536
670,11,Ġthe,6.521198
670,12,Ġfunny,15.365586
670,13,Ġactor,12.346284
670,14,Ġtold,4.976588
670,15,Ġabout,7.526349
670,16,Ġthe,2.440092
670,17,Ġwoman,7.567369
670,18,.,2.955986
670,19,<|endoftext|>,6.535877
671,0,<|endoftext|>,0.0
671,1,We,7.155761
671,2,Ġdiscovered,10.710806
671,3,Ġwhat,7.579245
671,4,Ġthe,4.749854
671,5,Ġdelivery,15.954982
671,6,Ġboy,7.861128
671,7,Ġremarked,15.606402
671,8,Ġthe,7.515947
671,9,Ġworker,13.838684
671,10,Ġsaid,4.043536
671,11,Ġthe,6.521198
671,12,Ġfunny,15.365586
671,13,Ġactor,12.346284
671,14,Ġtold,4.976588
671,15,Ġa,7.891789
671,16,Ġstory,4.977196
671,17,Ġabout,0.912799
671,18,Ġthe,3.553633
671,19,Ġwoman,7.541838
671,20,.,3.474252
671,21,<|endoftext|>,6.459159
672,0,<|endoftext|>,0.0
672,1,We,7.155761
672,2,Ġdiscovered,10.710806
672,3,Ġthat,1.752165
672,4,Ġthe,2.945662
672,5,Ġdelivery,13.439272
672,6,Ġboy,12.783779
672,7,Ġremarked,16.914922
672,8,Ġthe,6.927592
672,9,Ġworker,13.224164
672,10,Ġsaid,7.931121
672,11,Ġthe,3.249919
672,12,Ġgard,13.982379
672,13,ener,2.231375
672,14,Ġknew,8.407284
672,15,Ġthe,2.48598
672,16,Ġfunny,14.528131
672,17,Ġactor,13.185743
672,18,Ġtold,10.589156
672,19,Ġabout,8.961668
672,20,Ġthe,1.694892
672,21,Ġwoman,8.061328
672,22,.,3.932766
672,23,<|endoftext|>,6.746706
673,0,<|endoftext|>,0.0
673,1,We,7.155761
673,2,Ġdiscovered,10.710806
673,3,Ġthat,1.752165
673,4,Ġthe,2.945662
673,5,Ġdelivery,13.439272
673,6,Ġboy,12.783779
673,7,Ġremarked,16.914922
673,8,Ġthe,6.927592
673,9,Ġworker,13.224164
673,10,Ġsaid,7.931121
673,11,Ġthe,3.249919
673,12,Ġgard,13.982379
673,13,ener,2.231375
673,14,Ġknew,8.407284
673,15,Ġthe,2.48598
673,16,Ġfunny,14.528131
673,17,Ġactor,13.185743
673,18,Ġtold,10.589156
673,19,Ġa,6.525491
673,20,Ġstory,3.567147
673,21,Ġabout,1.158785
673,22,Ġthe,2.675661
673,23,Ġwoman,7.53977
673,24,.,3.826258
673,25,<|endoftext|>,6.568101
674,0,<|endoftext|>,0.0
674,1,We,7.155761
674,2,Ġdiscovered,10.710806
674,3,Ġwhat,7.579245
674,4,Ġthe,4.749854
674,5,Ġdelivery,15.954982
674,6,Ġboy,7.861128
674,7,Ġremarked,15.606402
674,8,Ġthe,7.515947
674,9,Ġworker,13.838684
674,10,Ġsaid,4.043536
674,11,Ġthe,6.521198
674,12,Ġgard,15.331927
674,13,ener,2.76916
674,14,Ġknew,8.408895
674,15,Ġthe,5.00017
674,16,Ġfunny,13.418684
674,17,Ġactor,13.60204
674,18,Ġtold,8.446867
674,19,Ġabout,8.012398
674,20,Ġthe,2.061308
674,21,Ġwoman,7.75871
674,22,.,3.533227
674,23,<|endoftext|>,6.276437
675,0,<|endoftext|>,0.0
675,1,We,7.155761
675,2,Ġdiscovered,10.710806
675,3,Ġwhat,7.579245
675,4,Ġthe,4.749854
675,5,Ġdelivery,15.954982
675,6,Ġboy,7.861128
675,7,Ġremarked,15.606402
675,8,Ġthe,7.515947
675,9,Ġworker,13.838684
675,10,Ġsaid,4.043536
675,11,Ġthe,6.521198
675,12,Ġgard,15.331927
675,13,ener,2.76916
675,14,Ġknew,8.408895
675,15,Ġthe,5.00017
675,16,Ġfunny,13.418684
675,17,Ġactor,13.60204
675,18,Ġtold,8.446867
675,19,Ġa,6.990078
675,20,Ġstory,3.329999
675,21,Ġabout,1.339616
675,22,Ġthe,2.903411
675,23,Ġwoman,7.329968
675,24,.,3.858493
675,25,<|endoftext|>,6.144377
676,0,<|endoftext|>,0.0
676,1,We,7.155761
676,2,Ġdiscovered,10.710806
676,3,Ġthat,1.752165
676,4,Ġthe,2.945662
676,5,Ġdelivery,13.439272
676,6,Ġboy,12.783779
676,7,Ġremarked,16.914922
676,8,Ġthe,6.927592
676,9,Ġworker,13.224164
676,10,Ġsaid,7.931121
676,11,Ġthe,3.249919
676,12,Ġgard,13.982379
676,13,ener,2.231375
676,14,Ġknew,8.407284
676,15,Ġthe,2.48598
676,16,Ġfunny,14.528131
676,17,Ġactor,13.185743
676,18,Ġtold,10.589156
676,19,Ġabout,8.961668
676,20,Ġthe,1.694892
676,21,Ġwoman,8.061328
676,22,.,3.932766
676,23,<|endoftext|>,6.746706
677,0,<|endoftext|>,0.0
677,1,We,7.155761
677,2,Ġdiscovered,10.710806
677,3,Ġthat,1.752165
677,4,Ġthe,2.945662
677,5,Ġdelivery,13.439272
677,6,Ġboy,12.783779
677,7,Ġremarked,16.914922
677,8,Ġthe,6.927592
677,9,Ġworker,13.224164
677,10,Ġsaid,7.931121
677,11,Ġthe,3.249919
677,12,Ġgard,13.982379
677,13,ener,2.231375
677,14,Ġknew,8.407284
677,15,Ġthe,2.48598
677,16,Ġfunny,14.528131
677,17,Ġactor,13.185743
677,18,Ġtold,10.589156
677,19,Ġa,6.525491
677,20,Ġstory,3.567147
677,21,Ġabout,1.158785
677,22,Ġthe,2.675661
677,23,Ġwoman,7.53977
677,24,.,3.826258
677,25,<|endoftext|>,6.568101
678,0,<|endoftext|>,0.0
678,1,We,7.155761
678,2,Ġdiscovered,10.710806
678,3,Ġwhat,7.579245
678,4,Ġthe,4.749854
678,5,Ġdelivery,15.954982
678,6,Ġboy,7.861128
678,7,Ġremarked,15.606402
678,8,Ġthe,7.515947
678,9,Ġworker,13.838684
678,10,Ġsaid,4.043536
678,11,Ġthe,6.521198
678,12,Ġgard,15.331927
678,13,ener,2.76916
678,14,Ġknew,8.408895
678,15,Ġthe,5.00017
678,16,Ġfunny,13.418684
678,17,Ġactor,13.60204
678,18,Ġtold,8.446867
678,19,Ġabout,8.012398
678,20,Ġthe,2.061308
678,21,Ġwoman,7.75871
678,22,.,3.533227
678,23,<|endoftext|>,6.276437
679,0,<|endoftext|>,0.0
679,1,We,7.155761
679,2,Ġdiscovered,10.710806
679,3,Ġwhat,7.579245
679,4,Ġthe,4.749854
679,5,Ġdelivery,15.954982
679,6,Ġboy,7.861128
679,7,Ġremarked,15.606402
679,8,Ġthe,7.515947
679,9,Ġworker,13.838684
679,10,Ġsaid,4.043536
679,11,Ġthe,6.521198
679,12,Ġgard,15.331927
679,13,ener,2.76916
679,14,Ġknew,8.408895
679,15,Ġthe,5.00017
679,16,Ġfunny,13.418684
679,17,Ġactor,13.60204
679,18,Ġtold,8.446867
679,19,Ġa,6.990078
679,20,Ġstory,3.329999
679,21,Ġabout,1.339616
679,22,Ġthe,2.903411
679,23,Ġwoman,7.329968
679,24,.,3.858493
679,25,<|endoftext|>,6.144377
680,0,<|endoftext|>,0.0
680,1,They,9.39695
680,2,Ġreported,10.956506
680,3,Ġthat,2.20851
680,4,Ġthe,2.648978
680,5,Ġwoman,6.707003
680,6,Ġabandoned,13.258811
680,7,Ġon,6.862365
680,8,Ġthe,2.145483
680,9,Ġside,5.207084
680,10,Ġof,0.127402
680,11,Ġthe,0.522251
680,12,Ġroad,0.324072
680,13,.,5.904955
680,14,<|endoftext|>,6.920474
681,0,<|endoftext|>,0.0
681,1,They,9.396978
681,2,Ġreported,10.956426
681,3,Ġthat,2.208518
681,4,Ġthe,2.648968
681,5,Ġwoman,6.706941
681,6,Ġabandoned,13.258875
681,7,Ġthe,2.463641
681,8,Ġchildren,6.613818
681,9,Ġon,4.675082
681,10,Ġthe,1.577041
681,11,Ġside,5.604781
681,12,Ġof,0.107326
681,13,Ġthe,0.367868
681,14,Ġroad,0.134588
681,15,.,3.193446
681,16,<|endoftext|>,6.238498
682,0,<|endoftext|>,0.0
682,1,They,9.39695
682,2,Ġreported,10.956506
682,3,Ġwho,12.973997
682,4,Ġthe,4.219928
682,5,Ġwoman,5.979792
682,6,Ġabandoned,15.185143
682,7,Ġon,4.897628
682,8,Ġthe,2.067795
682,9,Ġside,6.581076
682,10,Ġof,0.172372
682,11,Ġthe,0.48817
682,12,Ġroad,0.312755
682,13,.,2.011852
682,14,<|endoftext|>,6.661268
683,0,<|endoftext|>,0.0
683,1,They,9.396978
683,2,Ġreported,10.956426
683,3,Ġwho,12.973917
683,4,Ġthe,4.219927
683,5,Ġwoman,5.979736
683,6,Ġabandoned,15.185143
683,7,Ġthe,3.890791
683,8,Ġchildren,6.24164
683,9,Ġon,5.831234
683,10,Ġthe,2.297368
683,11,Ġside,6.724339
683,12,Ġof,0.151339
683,13,Ġthe,0.377062
683,14,Ġroad,0.16407
683,15,.,1.91691
683,16,<|endoftext|>,6.128968
684,0,<|endoftext|>,0.0
684,1,They,9.396978
684,2,Ġreported,10.956426
684,3,Ġthat,2.208518
684,4,Ġthe,2.648968
684,5,Ġman,6.28552
684,6,Ġclaimed,9.163833
684,7,Ġthe,4.938829
684,8,Ġwoman,4.524271
684,9,Ġabandoned,11.787648
684,10,Ġon,11.402344
684,11,Ġthe,1.558509
684,12,Ġside,4.903138
684,13,Ġof,0.081126
684,14,Ġthe,0.431894
684,15,Ġroad,0.242227
684,16,.,3.502273
684,17,<|endoftext|>,6.550037
685,0,<|endoftext|>,0.0
685,1,They,9.396978
685,2,Ġreported,10.956426
685,3,Ġthat,2.208518
685,4,Ġthe,2.648968
685,5,Ġman,6.28552
685,6,Ġclaimed,9.163833
685,7,Ġthe,4.938829
685,8,Ġwoman,4.524271
685,9,Ġabandoned,11.787648
685,10,Ġthe,4.990468
685,11,Ġchildren,6.422332
685,12,Ġon,4.89628
685,13,Ġthe,1.34717
685,14,Ġside,5.492663
685,15,Ġof,0.072374
685,16,Ġthe,0.380614
685,17,Ġroad,0.117259
685,18,.,2.654473
685,19,<|endoftext|>,6.116747
686,0,<|endoftext|>,0.0
686,1,They,9.396978
686,2,Ġreported,10.956426
686,3,Ġwho,12.973917
686,4,Ġthe,4.219927
686,5,Ġman,4.470142
686,6,Ġclaimed,10.243755
686,7,Ġthe,7.873047
686,8,Ġwoman,4.49264
686,9,Ġabandoned,13.464209
686,10,Ġon,4.699152
686,11,Ġthe,1.728109
686,12,Ġside,5.708548
686,13,Ġof,0.074938
686,14,Ġthe,0.476183
686,15,Ġroad,0.263444
686,16,.,1.777446
686,17,<|endoftext|>,6.260112
687,0,<|endoftext|>,0.0
687,1,They,9.396978
687,2,Ġreported,10.956426
687,3,Ġwho,12.973917
687,4,Ġthe,4.219927
687,5,Ġman,4.470142
687,6,Ġclaimed,10.243755
687,7,Ġthe,7.873047
687,8,Ġwoman,4.49264
687,9,Ġabandoned,13.464209
687,10,Ġthe,5.344277
687,11,Ġchildren,6.058021
687,12,Ġon,4.951364
687,13,Ġthe,1.780426
687,14,Ġside,5.997599
687,15,Ġof,0.075138
687,16,Ġthe,0.426552
687,17,Ġroad,0.128907
687,18,.,1.679383
687,19,<|endoftext|>,5.87722
688,0,<|endoftext|>,0.0
688,1,They,9.396978
688,2,Ġreported,10.956426
688,3,Ġthat,2.208518
688,4,Ġthe,2.648968
688,5,Ġman,6.28552
688,6,Ġclaimed,9.163833
688,7,Ġhis,5.796255
688,8,Ġfriend,6.769814
688,9,Ġbelieved,10.79864
688,10,Ġthe,3.110857
688,11,Ġwoman,4.168074
688,12,Ġabandoned,13.600509
688,13,Ġon,12.015986
688,14,Ġthe,1.198291
688,15,Ġside,4.953219
688,16,Ġof,0.084697
688,17,Ġthe,0.358869
688,18,Ġroad,0.225879
688,19,.,2.208098
688,20,<|endoftext|>,6.495617
689,0,<|endoftext|>,0.0
689,1,They,9.396978
689,2,Ġreported,10.956426
689,3,Ġthat,2.208518
689,4,Ġthe,2.648968
689,5,Ġman,6.28552
689,6,Ġclaimed,9.163833
689,7,Ġhis,5.796255
689,8,Ġfriend,6.769814
689,9,Ġbelieved,10.79864
689,10,Ġthe,3.110857
689,11,Ġwoman,4.168074
689,12,Ġabandoned,13.600509
689,13,Ġthe,4.932777
689,14,Ġchildren,6.77075
689,15,Ġon,5.354526
689,16,Ġthe,1.191371
689,17,Ġside,5.4377
689,18,Ġof,0.081822
689,19,Ġthe,0.357907
689,20,Ġroad,0.117384
689,21,.,1.891103
689,22,<|endoftext|>,6.164934
690,0,<|endoftext|>,0.0
690,1,They,9.396978
690,2,Ġreported,10.956426
690,3,Ġwho,12.973917
690,4,Ġthe,4.219927
690,5,Ġman,4.470142
690,6,Ġclaimed,10.243755
690,7,Ġhis,9.922178
690,8,Ġfriend,5.785155
690,9,Ġbelieved,11.006887
690,10,Ġthe,8.030646
690,11,Ġwoman,4.633859
690,12,Ġabandoned,14.22434
690,13,Ġon,5.816358
690,14,Ġthe,1.485147
690,15,Ġside,5.31272
690,16,Ġof,0.068863
690,17,Ġthe,0.427921
690,18,Ġroad,0.244843
690,19,.,1.366042
690,20,<|endoftext|>,6.225357
691,0,<|endoftext|>,0.0
691,1,They,9.396978
691,2,Ġreported,10.956426
691,3,Ġwho,12.973917
691,4,Ġthe,4.219927
691,5,Ġman,4.470142
691,6,Ġclaimed,10.243755
691,7,Ġhis,9.922178
691,8,Ġfriend,5.785155
691,9,Ġbelieved,11.006887
691,10,Ġthe,8.030646
691,11,Ġwoman,4.633859
691,12,Ġabandoned,14.22434
691,13,Ġthe,5.930368
691,14,Ġchildren,6.382532
691,15,Ġon,5.089775
691,16,Ġthe,1.567768
691,17,Ġside,5.705986
691,18,Ġof,0.080516
691,19,Ġthe,0.426322
691,20,Ġroad,0.125594
691,21,.,1.37738
691,22,<|endoftext|>,5.982096
692,0,<|endoftext|>,0.0
692,1,They,9.396978
692,2,Ġreported,10.956426
692,3,Ġthat,2.208518
692,4,Ġthe,2.648968
692,5,Ġman,6.28552
692,6,Ġclaimed,9.163833
692,7,Ġhis,5.796255
692,8,Ġfriend,6.769814
692,9,Ġbelieved,10.79864
692,10,Ġhe,1.311693
692,11,Ġknew,7.796767
692,12,Ġthe,2.170891
692,13,Ġwoman,4.319644
692,14,Ġabandoned,16.913558
692,15,Ġon,7.108165
692,16,Ġthe,1.041779
692,17,Ġside,5.265048
692,18,Ġof,0.084662
692,19,Ġthe,0.415613
692,20,Ġroad,0.283517
692,21,.,1.76533
692,22,<|endoftext|>,6.532125
693,0,<|endoftext|>,0.0
693,1,They,9.396978
693,2,Ġreported,10.956426
693,3,Ġthat,2.208518
693,4,Ġthe,2.648968
693,5,Ġman,6.28552
693,6,Ġclaimed,9.163833
693,7,Ġhis,5.796255
693,8,Ġfriend,6.769814
693,9,Ġbelieved,10.79864
693,10,Ġhe,1.311693
693,11,Ġknew,7.796767
693,12,Ġthe,2.170891
693,13,Ġwoman,4.319644
693,14,Ġabandoned,16.913558
693,15,Ġthe,4.276521
693,16,Ġchildren,6.682149
693,17,Ġon,5.472521
693,18,Ġthe,1.234373
693,19,Ġside,5.810512
693,20,Ġof,0.100571
693,21,Ġthe,0.403938
693,22,Ġroad,0.143523
693,23,.,1.738345
693,24,<|endoftext|>,6.225378
694,0,<|endoftext|>,0.0
694,1,They,9.396978
694,2,Ġreported,10.956426
694,3,Ġwho,12.973917
694,4,Ġthe,4.219927
694,5,Ġman,4.470142
694,6,Ġclaimed,10.243755
694,7,Ġhis,9.922178
694,8,Ġfriend,5.785155
694,9,Ġbelieved,11.006887
694,10,Ġhe,5.503029
694,11,Ġknew,7.326017
694,12,Ġthe,6.547501
694,13,Ġwoman,4.838813
694,14,Ġabandoned,16.342949
694,15,Ġon,5.060534
694,16,Ġthe,1.38769
694,17,Ġside,5.442164
694,18,Ġof,0.077226
694,19,Ġthe,0.500386
694,20,Ġroad,0.290037
694,21,.,1.206917
694,22,<|endoftext|>,6.284121
695,0,<|endoftext|>,0.0
695,1,They,9.396978
695,2,Ġreported,10.956426
695,3,Ġwho,12.973917
695,4,Ġthe,4.219927
695,5,Ġman,4.470142
695,6,Ġclaimed,10.243755
695,7,Ġhis,9.922178
695,8,Ġfriend,5.785155
695,9,Ġbelieved,11.006887
695,10,Ġhe,5.503029
695,11,Ġknew,7.326017
695,12,Ġthe,6.547501
695,13,Ġwoman,4.838813
695,14,Ġabandoned,16.342949
695,15,Ġthe,5.717073
695,16,Ġchildren,6.566727
695,17,Ġon,5.132329
695,18,Ġthe,1.600637
695,19,Ġside,5.901193
695,20,Ġof,0.09977
695,21,Ġthe,0.479791
695,22,Ġroad,0.147339
695,23,.,1.37763
695,24,<|endoftext|>,6.039875
696,0,<|endoftext|>,0.0
696,1,They,9.396978
696,2,Ġreported,10.956426
696,3,Ġthat,2.208518
696,4,Ġthe,2.648968
696,5,Ġman,6.28552
696,6,Ġclaimed,9.163833
696,7,Ġhis,5.796255
696,8,Ġfriend,6.769814
696,9,Ġbelieved,10.79864
696,10,Ġhe,1.311693
696,11,Ġknew,7.796767
696,12,Ġthe,2.170891
696,13,Ġwoman,4.319644
696,14,Ġabandoned,16.913558
696,15,Ġon,7.108165
696,16,Ġthe,1.041779
696,17,Ġside,5.265048
696,18,Ġof,0.084662
696,19,Ġthe,0.415613
696,20,Ġroad,0.283517
696,21,.,1.76533
696,22,<|endoftext|>,6.532125
697,0,<|endoftext|>,0.0
697,1,They,9.396978
697,2,Ġreported,10.956426
697,3,Ġthat,2.208518
697,4,Ġthe,2.648968
697,5,Ġman,6.28552
697,6,Ġclaimed,9.163833
697,7,Ġhis,5.796255
697,8,Ġfriend,6.769814
697,9,Ġbelieved,10.79864
697,10,Ġhe,1.311693
697,11,Ġknew,7.796767
697,12,Ġthe,2.170891
697,13,Ġwoman,4.319644
697,14,Ġabandoned,16.913558
697,15,Ġthe,4.276521
697,16,Ġchildren,6.682149
697,17,Ġon,5.472521
697,18,Ġthe,1.234373
697,19,Ġside,5.810512
697,20,Ġof,0.100571
697,21,Ġthe,0.403938
697,22,Ġroad,0.143523
697,23,.,1.738345
697,24,<|endoftext|>,6.225378
698,0,<|endoftext|>,0.0
698,1,They,9.396978
698,2,Ġreported,10.956426
698,3,Ġwho,12.973917
698,4,Ġthe,4.219927
698,5,Ġman,4.470142
698,6,Ġclaimed,10.243755
698,7,Ġhis,9.922178
698,8,Ġfriend,5.785155
698,9,Ġbelieved,11.006887
698,10,Ġhe,5.503029
698,11,Ġknew,7.326017
698,12,Ġthe,6.547501
698,13,Ġwoman,4.838813
698,14,Ġabandoned,16.342949
698,15,Ġon,5.060534
698,16,Ġthe,1.38769
698,17,Ġside,5.442164
698,18,Ġof,0.077226
698,19,Ġthe,0.500386
698,20,Ġroad,0.290037
698,21,.,1.206917
698,22,<|endoftext|>,6.284121
699,0,<|endoftext|>,0.0
699,1,They,9.396978
699,2,Ġreported,10.956426
699,3,Ġwho,12.973917
699,4,Ġthe,4.219927
699,5,Ġman,4.470142
699,6,Ġclaimed,10.243755
699,7,Ġhis,9.922178
699,8,Ġfriend,5.785155
699,9,Ġbelieved,11.006887
699,10,Ġhe,5.503029
699,11,Ġknew,7.326017
699,12,Ġthe,6.547501
699,13,Ġwoman,4.838813
699,14,Ġabandoned,16.342949
699,15,Ġthe,5.717073
699,16,Ġchildren,6.566727
699,17,Ġon,5.132329
699,18,Ġthe,1.600637
699,19,Ġside,5.901193
699,20,Ġof,0.09977
699,21,Ġthe,0.479791
699,22,Ġroad,0.147339
699,23,.,1.37763
699,24,<|endoftext|>,6.039875
700,0,<|endoftext|>,0.0
700,1,They,9.39695
700,2,Ġrecalled,14.566953
700,3,Ġthat,3.308536
700,4,Ġthe,3.388505
700,5,Ġexecutive,13.326449
700,6,Ġpromoted,13.758477
700,7,Ġlast,11.277643
700,8,Ġweek,2.102796
700,9,.,7.918224
700,10,<|endoftext|>,7.033152
701,0,<|endoftext|>,0.0
701,1,They,9.39695
701,2,Ġrecalled,14.566953
701,3,Ġthat,3.308536
701,4,Ġthe,3.388505
701,5,Ġexecutive,13.326427
701,6,Ġpromoted,13.758477
701,7,Ġthe,2.525073
701,8,Ġsecretary,13.147373
701,9,Ġlast,10.617476
701,10,Ġweek,2.005166
701,11,.,3.783697
701,12,<|endoftext|>,6.121712
702,0,<|endoftext|>,0.0
702,1,They,9.39695
702,2,Ġrecalled,14.566953
702,3,Ġwho,9.746003
702,4,Ġthe,4.823408
702,5,Ġexecutive,12.103919
702,6,Ġpromoted,13.99844
702,7,Ġlast,8.30766
702,8,Ġweek,2.064155
702,9,.,2.875475
702,10,<|endoftext|>,7.103628
703,0,<|endoftext|>,0.0
703,1,They,9.39695
703,2,Ġrecalled,14.566953
703,3,Ġwho,9.746003
703,4,Ġthe,4.823408
703,5,Ġexecutive,12.103922
703,6,Ġpromoted,13.99844
703,7,Ġthe,6.131953
703,8,Ġsecretary,10.456564
703,9,Ġlast,11.159251
703,10,Ġweek,2.128282
703,11,.,2.362818
703,12,<|endoftext|>,6.740471
704,0,<|endoftext|>,0.0
704,1,They,9.39695
704,2,Ġrecalled,14.566953
704,3,Ġthat,3.308536
704,4,Ġthe,3.388505
704,5,Ġjournalist,13.259879
704,6,Ġbelieved,10.860907
704,7,Ġthe,3.109096
704,8,Ġexecutive,13.251786
704,9,Ġpromoted,14.046771
704,10,Ġlast,12.819929
704,11,Ġweek,1.888934
704,12,.,8.160908
704,13,<|endoftext|>,6.164852
705,0,<|endoftext|>,0.0
705,1,They,9.396972
705,2,Ġrecalled,14.567064
705,3,Ġthat,3.308589
705,4,Ġthe,3.388525
705,5,Ġjournalist,13.259923
705,6,Ġbelieved,10.860962
705,7,Ġthe,3.109102
705,8,Ġexecutive,13.251829
705,9,Ġpromoted,14.046722
705,10,Ġthe,2.441752
705,11,Ġsecretary,13.237075
705,12,Ġlast,13.254455
705,13,Ġweek,2.171041
705,14,.,2.928194
705,15,<|endoftext|>,5.728904
706,0,<|endoftext|>,0.0
706,1,They,9.39695
706,2,Ġrecalled,14.566953
706,3,Ġwho,9.746003
706,4,Ġthe,4.823408
706,5,Ġjournalist,11.206956
706,6,Ġbelieved,8.86487
706,7,Ġthe,6.385503
706,8,Ġexecutive,13.371917
706,9,Ġpromoted,14.113213
706,10,Ġlast,9.747565
706,11,Ġweek,2.035136
706,12,.,2.078068
706,13,<|endoftext|>,6.684664
707,0,<|endoftext|>,0.0
707,1,They,9.396972
707,2,Ġrecalled,14.567064
707,3,Ġwho,9.746023
707,4,Ġthe,4.82352
707,5,Ġjournalist,11.206933
707,6,Ġbelieved,8.864869
707,7,Ġthe,6.385515
707,8,Ġexecutive,13.371885
707,9,Ġpromoted,14.113205
707,10,Ġthe,6.221695
707,11,Ġsecretary,11.830089
707,12,Ġlast,12.229308
707,13,Ġweek,2.27381
707,14,.,1.656421
707,15,<|endoftext|>,6.203991
708,0,<|endoftext|>,0.0
708,1,They,9.396978
708,2,Ġrecalled,14.567082
708,3,Ġthat,3.308581
708,4,Ġthe,3.38853
708,5,Ġjournalist,13.259922
708,6,Ġbelieved,10.860951
708,7,Ġthe,3.109111
708,8,Ġtranscript,14.083513
708,9,Ġstated,12.040355
708,10,Ġthe,3.777802
708,11,Ġexecutive,12.489161
708,12,Ġpromoted,14.587967
708,13,Ġlast,12.822252
708,14,Ġweek,1.81827
708,15,.,7.456589
708,16,<|endoftext|>,6.142786
709,0,<|endoftext|>,0.0
709,1,They,9.396978
709,2,Ġrecalled,14.567082
709,3,Ġthat,3.308581
709,4,Ġthe,3.38853
709,5,Ġjournalist,13.259922
709,6,Ġbelieved,10.860951
709,7,Ġthe,3.109111
709,8,Ġtranscript,14.083513
709,9,Ġstated,12.040355
709,10,Ġthe,3.777802
709,11,Ġexecutive,12.489161
709,12,Ġpromoted,14.587967
709,13,Ġthe,2.187087
709,14,Ġsecretary,12.874778
709,15,Ġlast,13.542745
709,16,Ġweek,1.851235
709,17,.,2.371258
709,18,<|endoftext|>,5.866385
710,0,<|endoftext|>,0.0
710,1,They,9.396978
710,2,Ġrecalled,14.567082
710,3,Ġwho,9.746037
710,4,Ġthe,4.823518
710,5,Ġjournalist,11.206913
710,6,Ġbelieved,8.864858
710,7,Ġthe,6.385518
710,8,Ġtranscript,14.938397
710,9,Ġstated,11.645178
710,10,Ġthe,4.707476
710,11,Ġexecutive,12.622896
710,12,Ġpromoted,13.69021
710,13,Ġlast,11.026747
710,14,Ġweek,1.929412
710,15,.,1.968523
710,16,<|endoftext|>,6.460039
711,0,<|endoftext|>,0.0
711,1,They,9.396978
711,2,Ġrecalled,14.567082
711,3,Ġwho,9.746037
711,4,Ġthe,4.823518
711,5,Ġjournalist,11.206913
711,6,Ġbelieved,8.864858
711,7,Ġthe,6.385518
711,8,Ġtranscript,14.938397
711,9,Ġstated,11.645178
711,10,Ġthe,4.707476
711,11,Ġexecutive,12.622896
711,12,Ġpromoted,13.69021
711,13,Ġthe,4.626373
711,14,Ġsecretary,12.128804
711,15,Ġlast,13.077189
711,16,Ġweek,2.08886
711,17,.,1.520855
711,18,<|endoftext|>,6.151003
712,0,<|endoftext|>,0.0
712,1,They,9.396978
712,2,Ġrecalled,14.567082
712,3,Ġthat,3.308581
712,4,Ġthe,3.38853
712,5,Ġjournalist,13.259922
712,6,Ġbelieved,10.860951
712,7,Ġthe,3.109111
712,8,Ġtranscript,14.083513
712,9,Ġstated,12.040355
712,10,Ġhe,4.478599
712,11,Ġknew,5.949793
712,12,Ġthe,2.593611
712,13,Ġexecutive,12.590693
712,14,Ġpromoted,15.314902
712,15,Ġlast,12.607013
712,16,Ġweek,1.967564
712,17,.,4.742662
712,18,<|endoftext|>,6.263422
713,0,<|endoftext|>,0.0
713,1,They,9.396978
713,2,Ġrecalled,14.567082
713,3,Ġthat,3.308581
713,4,Ġthe,3.38853
713,5,Ġjournalist,13.259922
713,6,Ġbelieved,10.860951
713,7,Ġthe,3.109111
713,8,Ġtranscript,14.083513
713,9,Ġstated,12.040355
713,10,Ġhe,4.478599
713,11,Ġknew,5.949793
713,12,Ġthe,2.593611
713,13,Ġexecutive,12.590693
713,14,Ġpromoted,15.314902
713,15,Ġthe,2.551801
713,16,Ġsecretary,12.673578
713,17,Ġlast,13.263972
713,18,Ġweek,2.209181
713,19,.,1.789668
713,20,<|endoftext|>,5.945655
714,0,<|endoftext|>,0.0
714,1,They,9.396978
714,2,Ġrecalled,14.567082
714,3,Ġwho,9.746037
714,4,Ġthe,4.823518
714,5,Ġjournalist,11.206913
714,6,Ġbelieved,8.864858
714,7,Ġthe,6.385518
714,8,Ġtranscript,14.938397
714,9,Ġstated,11.645178
714,10,Ġhe,5.890199
714,11,Ġknew,5.739014
714,12,Ġthe,5.02649
714,13,Ġexecutive,12.837872
714,14,Ġpromoted,14.315771
714,15,Ġlast,11.776775
714,16,Ġweek,2.06111
714,17,.,2.096632
714,18,<|endoftext|>,6.56255
715,0,<|endoftext|>,0.0
715,1,They,9.396978
715,2,Ġrecalled,14.567082
715,3,Ġwho,9.746037
715,4,Ġthe,4.823518
715,5,Ġjournalist,11.206913
715,6,Ġbelieved,8.864858
715,7,Ġthe,6.385518
715,8,Ġtranscript,14.938397
715,9,Ġstated,11.645178
715,10,Ġhe,5.890199
715,11,Ġknew,5.739014
715,12,Ġthe,5.02649
715,13,Ġexecutive,12.837872
715,14,Ġpromoted,14.315771
715,15,Ġthe,4.031457
715,16,Ġsecretary,12.520037
715,17,Ġlast,13.060691
715,18,Ġweek,2.307992
715,19,.,1.291792
715,20,<|endoftext|>,6.245727
716,0,<|endoftext|>,0.0
716,1,They,9.396978
716,2,Ġrecalled,14.567082
716,3,Ġthat,3.308581
716,4,Ġthe,3.38853
716,5,Ġjournalist,13.259922
716,6,Ġbelieved,10.860951
716,7,Ġthe,3.109111
716,8,Ġtranscript,14.083513
716,9,Ġstated,12.040355
716,10,Ġhe,4.478599
716,11,Ġknew,5.949793
716,12,Ġthe,2.593611
716,13,Ġexecutive,12.590693
716,14,Ġpromoted,15.314902
716,15,Ġlast,12.607013
716,16,Ġweek,1.967564
716,17,.,4.742662
716,18,<|endoftext|>,6.263422
717,0,<|endoftext|>,0.0
717,1,They,9.396978
717,2,Ġrecalled,14.567082
717,3,Ġthat,3.308581
717,4,Ġthe,3.38853
717,5,Ġjournalist,13.259922
717,6,Ġbelieved,10.860951
717,7,Ġthe,3.109111
717,8,Ġtranscript,14.083513
717,9,Ġstated,12.040355
717,10,Ġhe,4.478599
717,11,Ġknew,5.949793
717,12,Ġthe,2.593611
717,13,Ġexecutive,12.590693
717,14,Ġpromoted,15.314902
717,15,Ġthe,2.551801
717,16,Ġsecretary,12.673578
717,17,Ġlast,13.263972
717,18,Ġweek,2.209181
717,19,.,1.789668
717,20,<|endoftext|>,5.945655
718,0,<|endoftext|>,0.0
718,1,They,9.396978
718,2,Ġrecalled,14.567082
718,3,Ġwho,9.746037
718,4,Ġthe,4.823518
718,5,Ġjournalist,11.206913
718,6,Ġbelieved,8.864858
718,7,Ġthe,6.385518
718,8,Ġtranscript,14.938397
718,9,Ġstated,11.645178
718,10,Ġhe,5.890199
718,11,Ġknew,5.739014
718,12,Ġthe,5.02649
718,13,Ġexecutive,12.837872
718,14,Ġpromoted,14.315771
718,15,Ġlast,11.776775
718,16,Ġweek,2.06111
718,17,.,2.096632
718,18,<|endoftext|>,6.56255
719,0,<|endoftext|>,0.0
719,1,They,9.396978
719,2,Ġrecalled,14.567082
719,3,Ġwho,9.746037
719,4,Ġthe,4.823518
719,5,Ġjournalist,11.206913
719,6,Ġbelieved,8.864858
719,7,Ġthe,6.385518
719,8,Ġtranscript,14.938397
719,9,Ġstated,11.645178
719,10,Ġhe,5.890199
719,11,Ġknew,5.739014
719,12,Ġthe,5.02649
719,13,Ġexecutive,12.837872
719,14,Ġpromoted,14.315771
719,15,Ġthe,4.031457
719,16,Ġsecretary,12.520037
719,17,Ġlast,13.060691
719,18,Ġweek,2.307992
719,19,.,1.291792
719,20,<|endoftext|>,6.245727
720,0,<|endoftext|>,0.0
720,1,We,7.155782
720,2,Ġrecalled,16.653039
720,3,Ġthat,3.559485
720,4,Ġthe,3.282958
720,5,Ġmillionaire,19.450586
720,6,Ġdivorced,15.023642
720,7,Ġlast,10.50675
720,8,Ġweek,2.395156
720,9,.,2.503424
720,10,<|endoftext|>,6.898224
721,0,<|endoftext|>,0.0
721,1,We,7.155782
721,2,Ġrecalled,16.653039
721,3,Ġthat,3.559485
721,4,Ġthe,3.282958
721,5,Ġmillionaire,19.450597
721,6,Ġdivorced,15.023642
721,7,Ġhis,3.229328
721,8,Ġwife,1.21843
721,9,Ġlast,6.606764
721,10,Ġweek,2.995036
721,11,.,2.156747
721,12,<|endoftext|>,7.362676
722,0,<|endoftext|>,0.0
722,1,We,7.155782
722,2,Ġrecalled,16.653039
722,3,Ġwho,12.588437
722,4,Ġthe,5.097225
722,5,Ġmillionaire,14.175147
722,6,Ġdivorced,14.808014
722,7,Ġlast,5.699963
722,8,Ġweek,2.382824
722,9,.,1.539434
722,10,<|endoftext|>,6.75612
723,0,<|endoftext|>,0.0
723,1,We,7.155782
723,2,Ġrecalled,16.653039
723,3,Ġwho,12.588437
723,4,Ġthe,5.097225
723,5,Ġmillionaire,14.175157
723,6,Ġdivorced,14.808014
723,7,Ġhis,4.369163
723,8,Ġwife,1.349488
723,9,Ġlast,6.08167
723,10,Ġweek,2.854836
723,11,.,1.495333
723,12,<|endoftext|>,7.223978
724,0,<|endoftext|>,0.0
724,1,We,7.155782
724,2,Ġrecalled,16.653039
724,3,Ġthat,3.559485
724,4,Ġthe,3.282958
724,5,Ġwoman,11.624709
724,6,Ġsaid,6.384738
724,7,Ġthe,4.259174
724,8,Ġmillionaire,15.184453
724,9,Ġdivorced,12.819155
724,10,Ġlast,12.213659
724,11,Ġweek,2.856591
724,12,.,2.102847
724,13,<|endoftext|>,6.391356
725,0,<|endoftext|>,0.0
725,1,We,7.155761
725,2,Ġrecalled,16.652951
725,3,Ġthat,3.559446
725,4,Ġthe,3.282933
725,5,Ġwoman,11.624742
725,6,Ġsaid,6.384716
725,7,Ġthe,4.259152
725,8,Ġmillionaire,15.184484
725,9,Ġdivorced,12.819038
725,10,Ġhis,3.149878
725,11,Ġwife,1.168463
725,12,Ġlast,6.705984
725,13,Ġweek,3.317125
725,14,.,1.796242
725,15,<|endoftext|>,6.62978
726,0,<|endoftext|>,0.0
726,1,We,7.155782
726,2,Ġrecalled,16.653039
726,3,Ġwho,12.588437
726,4,Ġthe,5.097225
726,5,Ġwoman,7.981009
726,6,Ġsaid,7.012887
726,7,Ġthe,6.270536
726,8,Ġmillionaire,14.887569
726,9,Ġdivorced,12.535694
726,10,Ġlast,8.749062
726,11,Ġweek,2.538927
726,12,.,1.182668
726,13,<|endoftext|>,6.182184
727,0,<|endoftext|>,0.0
727,1,We,7.155761
727,2,Ġrecalled,16.652951
727,3,Ġwho,12.588497
727,4,Ġthe,5.097204
727,5,Ġwoman,7.98094
727,6,Ġsaid,7.012915
727,7,Ġthe,6.270527
727,8,Ġmillionaire,14.88752
727,9,Ġdivorced,12.535712
727,10,Ġhis,5.538435
727,11,Ġwife,1.519187
727,12,Ġlast,7.614398
727,13,Ġweek,3.039271
727,14,.,1.122966
727,15,<|endoftext|>,6.728671
728,0,<|endoftext|>,0.0
728,1,We,7.155761
728,2,Ġrecalled,16.652951
728,3,Ġthat,3.559446
728,4,Ġthe,3.282933
728,5,Ġwoman,11.624742
728,6,Ġsaid,6.384716
728,7,Ġshe,1.509256
728,8,Ġthought,6.407844
728,9,Ġthe,2.690257
728,10,Ġmillionaire,15.571912
728,11,Ġdivorced,13.690687
728,12,Ġlast,12.666203
728,13,Ġweek,2.631176
728,14,.,1.827517
728,15,<|endoftext|>,6.364212
729,0,<|endoftext|>,0.0
729,1,We,7.155761
729,2,Ġrecalled,16.652963
729,3,Ġthat,3.559449
729,4,Ġthe,3.282928
729,5,Ġwoman,11.624759
729,6,Ġsaid,6.38467
729,7,Ġshe,1.509259
729,8,Ġthought,6.407835
729,9,Ġthe,2.69026
729,10,Ġmillionaire,15.57192
729,11,Ġdivorced,13.690665
729,12,Ġhis,2.968933
729,13,Ġwife,0.932076
729,14,Ġlast,7.917836
729,15,Ġweek,3.046115
729,16,.,1.546182
729,17,<|endoftext|>,6.446669
730,0,<|endoftext|>,0.0
730,1,We,7.155761
730,2,Ġrecalled,16.652951
730,3,Ġwho,12.588497
730,4,Ġthe,5.097204
730,5,Ġwoman,7.98094
730,6,Ġsaid,7.012915
730,7,Ġshe,1.303943
730,8,Ġthought,8.721865
730,9,Ġthe,6.654756
730,10,Ġmillionaire,14.373782
730,11,Ġdivorced,13.538344
730,12,Ġlast,10.305853
730,13,Ġweek,2.291847
730,14,.,0.983922
730,15,<|endoftext|>,6.331756
731,0,<|endoftext|>,0.0
731,1,We,7.155761
731,2,Ġrecalled,16.652963
731,3,Ġwho,12.58851
731,4,Ġthe,5.097209
731,5,Ġwoman,7.980943
731,6,Ġsaid,7.012911
731,7,Ġshe,1.303934
731,8,Ġthought,8.721813
731,9,Ġthe,6.654781
731,10,Ġmillionaire,14.373754
731,11,Ġdivorced,13.538338
731,12,Ġhis,5.016027
731,13,Ġwife,1.253874
731,14,Ġlast,8.68101
731,15,Ġweek,2.791857
731,16,.,0.886456
731,17,<|endoftext|>,6.692487
732,0,<|endoftext|>,0.0
732,1,We,7.155761
732,2,Ġrecalled,16.652963
732,3,Ġthat,3.559449
732,4,Ġthe,3.282928
732,5,Ġwoman,11.624759
732,6,Ġsaid,6.38467
732,7,Ġshe,1.509259
732,8,Ġthought,6.407835
732,9,Ġshe,2.111749
732,10,Ġknew,6.35332
732,11,Ġthe,2.965839
732,12,Ġmillionaire,16.06303
732,13,Ġdivorced,15.178977
732,14,Ġlast,10.897313
732,15,Ġweek,2.443163
732,16,.,1.834744
732,17,<|endoftext|>,6.549949
733,0,<|endoftext|>,0.0
733,1,We,7.155761
733,2,Ġrecalled,16.652963
733,3,Ġthat,3.559449
733,4,Ġthe,3.282928
733,5,Ġwoman,11.624759
733,6,Ġsaid,6.38467
733,7,Ġshe,1.509259
733,8,Ġthought,6.407835
733,9,Ġshe,2.111749
733,10,Ġknew,6.35332
733,11,Ġthe,2.965839
733,12,Ġmillionaire,16.06303
733,13,Ġdivorced,15.178977
733,14,Ġhis,2.807998
733,15,Ġwife,1.06731
733,16,Ġlast,8.63157
733,17,Ġweek,2.815592
733,18,.,1.506763
733,19,<|endoftext|>,6.632064
734,0,<|endoftext|>,0.0
734,1,We,7.155761
734,2,Ġrecalled,16.652963
734,3,Ġwho,12.58851
734,4,Ġthe,5.097209
734,5,Ġwoman,7.980943
734,6,Ġsaid,7.012911
734,7,Ġshe,1.303934
734,8,Ġthought,8.721813
734,9,Ġshe,3.409256
734,10,Ġknew,7.148951
734,11,Ġthe,7.52893
734,12,Ġmillionaire,15.798579
734,13,Ġdivorced,15.151352
734,14,Ġlast,8.940782
734,15,Ġweek,2.152877
734,16,.,1.006306
734,17,<|endoftext|>,6.745995
735,0,<|endoftext|>,0.0
735,1,We,7.155761
735,2,Ġrecalled,16.652963
735,3,Ġwho,12.58851
735,4,Ġthe,5.097209
735,5,Ġwoman,7.980943
735,6,Ġsaid,7.012911
735,7,Ġshe,1.303934
735,8,Ġthought,8.721813
735,9,Ġshe,3.409256
735,10,Ġknew,7.148951
735,11,Ġthe,7.52893
735,12,Ġmillionaire,15.798579
735,13,Ġdivorced,15.151352
735,14,Ġhis,4.415354
735,15,Ġwife,1.411355
735,16,Ġlast,8.390603
735,17,Ġweek,2.627348
735,18,.,0.885075
735,19,<|endoftext|>,7.069573
736,0,<|endoftext|>,0.0
736,1,We,7.155761
736,2,Ġrecalled,16.652963
736,3,Ġthat,3.559449
736,4,Ġthe,3.282928
736,5,Ġwoman,11.624759
736,6,Ġsaid,6.38467
736,7,Ġshe,1.509259
736,8,Ġthought,6.407835
736,9,Ġshe,2.111749
736,10,Ġknew,6.35332
736,11,Ġthe,2.965839
736,12,Ġmillionaire,16.06303
736,13,Ġdivorced,15.178977
736,14,Ġlast,10.897313
736,15,Ġweek,2.443163
736,16,.,1.834744
736,17,<|endoftext|>,6.549949
737,0,<|endoftext|>,0.0
737,1,We,7.155761
737,2,Ġrecalled,16.652963
737,3,Ġthat,3.559449
737,4,Ġthe,3.282928
737,5,Ġwoman,11.624759
737,6,Ġsaid,6.38467
737,7,Ġshe,1.509259
737,8,Ġthought,6.407835
737,9,Ġshe,2.111749
737,10,Ġknew,6.35332
737,11,Ġthe,2.965839
737,12,Ġmillionaire,16.06303
737,13,Ġdivorced,15.178977
737,14,Ġhis,2.807998
737,15,Ġwife,1.06731
737,16,Ġlast,8.63157
737,17,Ġweek,2.815592
737,18,.,1.506763
737,19,<|endoftext|>,6.632064
738,0,<|endoftext|>,0.0
738,1,We,7.155761
738,2,Ġrecalled,16.652963
738,3,Ġwho,12.58851
738,4,Ġthe,5.097209
738,5,Ġwoman,7.980943
738,6,Ġsaid,7.012911
738,7,Ġshe,1.303934
738,8,Ġthought,8.721813
738,9,Ġshe,3.409256
738,10,Ġknew,7.148951
738,11,Ġthe,7.52893
738,12,Ġmillionaire,15.798579
738,13,Ġdivorced,15.151352
738,14,Ġlast,8.940782
738,15,Ġweek,2.152877
738,16,.,1.006306
738,17,<|endoftext|>,6.745995
739,0,<|endoftext|>,0.0
739,1,We,7.155761
739,2,Ġrecalled,16.652963
739,3,Ġwho,12.58851
739,4,Ġthe,5.097209
739,5,Ġwoman,7.980943
739,6,Ġsaid,7.012911
739,7,Ġshe,1.303934
739,8,Ġthought,8.721813
739,9,Ġshe,3.409256
739,10,Ġknew,7.148951
739,11,Ġthe,7.52893
739,12,Ġmillionaire,15.798579
739,13,Ġdivorced,15.151352
739,14,Ġhis,4.415354
739,15,Ġwife,1.411355
739,16,Ġlast,8.390603
739,17,Ġweek,2.627348
739,18,.,0.885075
739,19,<|endoftext|>,7.069573
740,0,<|endoftext|>,0.0
740,1,He,8.582737
740,2,Ġrecalled,12.020836
740,3,Ġthat,3.014946
740,4,Ġthe,3.611212
740,5,Ġpolice,7.328737
740,6,Ġfrightened,17.001747
740,7,Ġover,12.221574
740,8,Ġthe,2.300477
740,9,Ġweekend,7.161838
740,10,.,4.335343
740,11,<|endoftext|>,7.202957
741,0,<|endoftext|>,0.0
741,1,He,8.582737
741,2,Ġrecalled,12.020836
741,3,Ġthat,3.014931
741,4,Ġthe,3.611212
741,5,Ġpolice,7.328748
741,6,Ġfrightened,17.001755
741,7,Ġthe,4.637959
741,8,Ġprotesters,7.70616
741,9,Ġover,8.350831
741,10,Ġthe,1.495496
741,11,Ġweekend,4.569067
741,12,.,2.916027
741,13,<|endoftext|>,6.763446
742,0,<|endoftext|>,0.0
742,1,He,8.582737
742,2,Ġrecalled,12.020836
742,3,Ġwho,10.082294
742,4,Ġthe,5.311934
742,5,Ġpolice,8.497258
742,6,Ġfrightened,18.399664
742,7,Ġover,7.74304
742,8,Ġthe,1.748749
742,9,Ġweekend,5.290577
742,10,.,2.592244
742,11,<|endoftext|>,7.410949
743,0,<|endoftext|>,0.0
743,1,He,8.582737
743,2,Ġrecalled,12.020836
743,3,Ġwho,10.082279
743,4,Ġthe,5.311934
743,5,Ġpolice,8.49729
743,6,Ġfrightened,18.399681
743,7,Ġthe,4.996986
743,8,Ġprotesters,9.987124
743,9,Ġover,7.84834
743,10,Ġthe,2.178769
743,11,Ġweekend,2.405048
743,12,.,2.189472
743,13,<|endoftext|>,6.779897
744,0,<|endoftext|>,0.0
744,1,He,8.582737
744,2,Ġrecalled,12.020836
744,3,Ġthat,3.014946
744,4,Ġthe,3.611212
744,5,Ġinspector,14.003061
744,6,Ġbelieved,14.598736
744,7,Ġthe,2.542327
744,8,Ġpolice,7.426468
744,9,Ġfrightened,19.205543
744,10,Ġover,11.144703
744,11,Ġthe,2.00512
744,12,Ġweekend,9.092936
744,13,.,3.062885
744,14,<|endoftext|>,5.959084
745,0,<|endoftext|>,0.0
745,1,He,8.582732
745,2,Ġrecalled,12.02077
745,3,Ġthat,3.014941
745,4,Ġthe,3.611141
745,5,Ġinspector,14.003042
745,6,Ġbelieved,14.598783
745,7,Ġthe,2.542284
745,8,Ġpolice,7.426467
745,9,Ġfrightened,19.20557
745,10,Ġthe,3.100809
745,11,Ġprotesters,9.093153
745,12,Ġover,8.725158
745,13,Ġthe,1.564658
745,14,Ġweekend,5.75025
745,15,.,1.841483
745,16,<|endoftext|>,5.874006
746,0,<|endoftext|>,0.0
746,1,He,8.582737
746,2,Ġrecalled,12.020836
746,3,Ġwho,10.082294
746,4,Ġthe,5.311934
746,5,Ġinspector,13.819761
746,6,Ġbelieved,10.47915
746,7,Ġthe,6.09903
746,8,Ġpolice,6.733913
746,9,Ġfrightened,20.042624
746,10,Ġover,7.703428
746,11,Ġthe,2.255891
746,12,Ġweekend,6.983699
746,13,.,1.622682
746,14,<|endoftext|>,6.297668
747,0,<|endoftext|>,0.0
747,1,He,8.582732
747,2,Ġrecalled,12.02077
747,3,Ġwho,10.082223
747,4,Ġthe,5.311934
747,5,Ġinspector,13.819747
747,6,Ġbelieved,10.479207
747,7,Ġthe,6.099039
747,8,Ġpolice,6.733906
747,9,Ġfrightened,20.042627
747,10,Ġthe,4.76431
747,11,Ġprotesters,10.515318
747,12,Ġover,8.056441
747,13,Ġthe,1.956129
747,14,Ġweekend,3.382621
747,15,.,1.323888
747,16,<|endoftext|>,6.025962
748,0,<|endoftext|>,0.0
748,1,He,8.582732
748,2,Ġrecalled,12.02077
748,3,Ġthat,3.014941
748,4,Ġthe,3.611141
748,5,Ġinspector,14.003042
748,6,Ġbelieved,14.598783
748,7,Ġthe,2.542284
748,8,Ġdetective,11.775916
748,9,Ġconcluded,13.618123
748,10,Ġthe,3.150267
748,11,Ġpolice,6.589602
748,12,Ġfrightened,19.403429
748,13,Ġover,11.46603
748,14,Ġthe,2.20406
748,15,Ġweekend,10.165039
748,16,.,2.83443
748,17,<|endoftext|>,5.602341
749,0,<|endoftext|>,0.0
749,1,He,8.582732
749,2,Ġrecalled,12.02077
749,3,Ġthat,3.014941
749,4,Ġthe,3.611141
749,5,Ġinspector,14.003042
749,6,Ġbelieved,14.598783
749,7,Ġthe,2.542284
749,8,Ġdetective,11.775916
749,9,Ġconcluded,13.618123
749,10,Ġthe,3.150267
749,11,Ġpolice,6.589602
749,12,Ġfrightened,19.403429
749,13,Ġthe,2.695398
749,14,Ġprotesters,12.745279
749,15,Ġover,8.751048
749,16,Ġthe,1.72926
749,17,Ġweekend,6.265229
749,18,.,1.458973
749,19,<|endoftext|>,5.491692
750,0,<|endoftext|>,0.0
750,1,He,8.582732
750,2,Ġrecalled,12.02077
750,3,Ġwho,10.082223
750,4,Ġthe,5.311934
750,5,Ġinspector,13.819747
750,6,Ġbelieved,10.479207
750,7,Ġthe,6.099039
750,8,Ġdetective,10.099527
750,9,Ġconcluded,15.859917
750,10,Ġthe,4.747936
750,11,Ġpolice,6.456923
750,12,Ġfrightened,20.211614
750,13,Ġover,9.749011
750,14,Ġthe,2.520373
750,15,Ġweekend,9.399484
750,16,.,1.777132
750,17,<|endoftext|>,5.731922
751,0,<|endoftext|>,0.0
751,1,He,8.582732
751,2,Ġrecalled,12.02077
751,3,Ġwho,10.082223
751,4,Ġthe,5.311934
751,5,Ġinspector,13.819747
751,6,Ġbelieved,10.479207
751,7,Ġthe,6.099039
751,8,Ġdetective,10.099527
751,9,Ġconcluded,15.859917
751,10,Ġthe,4.747936
751,11,Ġpolice,6.456923
751,12,Ġfrightened,20.211614
751,13,Ġthe,3.243565
751,14,Ġprotesters,13.106349
751,15,Ġover,8.363851
751,16,Ġthe,1.929197
751,17,Ġweekend,5.301941
751,18,.,1.004867
751,19,<|endoftext|>,5.587308
752,0,<|endoftext|>,0.0
752,1,He,8.582732
752,2,Ġrecalled,12.02077
752,3,Ġthat,3.014941
752,4,Ġthe,3.611141
752,5,Ġinspector,14.003042
752,6,Ġbelieved,14.598783
752,7,Ġthe,2.542284
752,8,Ġdetective,11.775916
752,9,Ġconcluded,13.618123
752,10,Ġhe,3.975596
752,11,Ġknew,6.38036
752,12,Ġthe,2.832373
752,13,Ġpolice,7.442079
752,14,Ġfrightened,20.176399
752,15,Ġover,10.918203
752,16,Ġthe,1.884609
752,17,Ġweekend,8.37822
752,18,.,2.202789
752,19,<|endoftext|>,5.426496
753,0,<|endoftext|>,0.0
753,1,He,8.582732
753,2,Ġrecalled,12.02077
753,3,Ġthat,3.014941
753,4,Ġthe,3.611141
753,5,Ġinspector,14.003042
753,6,Ġbelieved,14.598783
753,7,Ġthe,2.542284
753,8,Ġdetective,11.775916
753,9,Ġconcluded,13.618123
753,10,Ġhe,3.975596
753,11,Ġknew,6.38036
753,12,Ġthe,2.832373
753,13,Ġpolice,7.442079
753,14,Ġfrightened,20.176399
753,15,Ġthe,3.236946
753,16,Ġprotesters,12.508326
753,17,Ġover,9.086489
753,18,Ġthe,1.522072
753,19,Ġweekend,4.895403
753,20,.,1.1871
753,21,<|endoftext|>,5.307106
754,0,<|endoftext|>,0.0
754,1,He,8.582732
754,2,Ġrecalled,12.02077
754,3,Ġwho,10.082223
754,4,Ġthe,5.311934
754,5,Ġinspector,13.819747
754,6,Ġbelieved,10.479207
754,7,Ġthe,6.099039
754,8,Ġdetective,10.099527
754,9,Ġconcluded,15.859917
754,10,Ġhe,5.101753
754,11,Ġknew,5.529842
754,12,Ġthe,4.460835
754,13,Ġpolice,7.519452
754,14,Ġfrightened,20.6272
754,15,Ġover,10.045991
754,16,Ġthe,2.198199
754,17,Ġweekend,7.851763
754,18,.,1.40096
754,19,<|endoftext|>,5.55862
755,0,<|endoftext|>,0.0
755,1,He,8.582732
755,2,Ġrecalled,12.02077
755,3,Ġwho,10.082223
755,4,Ġthe,5.311934
755,5,Ġinspector,13.819747
755,6,Ġbelieved,10.479207
755,7,Ġthe,6.099039
755,8,Ġdetective,10.099527
755,9,Ġconcluded,15.859917
755,10,Ġhe,5.101753
755,11,Ġknew,5.529842
755,12,Ġthe,4.460835
755,13,Ġpolice,7.519452
755,14,Ġfrightened,20.6272
755,15,Ġthe,4.159473
755,16,Ġprotesters,13.315365
755,17,Ġover,8.939149
755,18,Ġthe,1.762478
755,19,Ġweekend,4.302675
755,20,.,0.858447
755,21,<|endoftext|>,5.444553
756,0,<|endoftext|>,0.0
756,1,He,8.582732
756,2,Ġrecalled,12.02077
756,3,Ġthat,3.014941
756,4,Ġthe,3.611141
756,5,Ġinspector,14.003042
756,6,Ġbelieved,14.598783
756,7,Ġthe,2.542284
756,8,Ġdetective,11.775916
756,9,Ġconcluded,13.618123
756,10,Ġhe,3.975596
756,11,Ġknew,6.38036
756,12,Ġthe,2.832373
756,13,Ġpolice,7.442079
756,14,Ġfrightened,20.176399
756,15,Ġover,10.918203
756,16,Ġthe,1.884609
756,17,Ġweekend,8.37822
756,18,.,2.202789
756,19,<|endoftext|>,5.426496
757,0,<|endoftext|>,0.0
757,1,He,8.582732
757,2,Ġrecalled,12.02077
757,3,Ġthat,3.014941
757,4,Ġthe,3.611141
757,5,Ġinspector,14.003042
757,6,Ġbelieved,14.598783
757,7,Ġthe,2.542284
757,8,Ġdetective,11.775916
757,9,Ġconcluded,13.618123
757,10,Ġhe,3.975596
757,11,Ġknew,6.38036
757,12,Ġthe,2.832373
757,13,Ġpolice,7.442079
757,14,Ġfrightened,20.176399
757,15,Ġthe,3.236946
757,16,Ġprotesters,12.508326
757,17,Ġover,9.086489
757,18,Ġthe,1.522072
757,19,Ġweekend,4.895403
757,20,.,1.1871
757,21,<|endoftext|>,5.307106
758,0,<|endoftext|>,0.0
758,1,He,8.582732
758,2,Ġrecalled,12.02077
758,3,Ġwho,10.082223
758,4,Ġthe,5.311934
758,5,Ġinspector,13.819747
758,6,Ġbelieved,10.479207
758,7,Ġthe,6.099039
758,8,Ġdetective,10.099527
758,9,Ġconcluded,15.859917
758,10,Ġhe,5.101753
758,11,Ġknew,5.529842
758,12,Ġthe,4.460835
758,13,Ġpolice,7.519452
758,14,Ġfrightened,20.6272
758,15,Ġover,10.045991
758,16,Ġthe,2.198199
758,17,Ġweekend,7.851763
758,18,.,1.40096
758,19,<|endoftext|>,5.55862
759,0,<|endoftext|>,0.0
759,1,He,8.582732
759,2,Ġrecalled,12.02077
759,3,Ġwho,10.082223
759,4,Ġthe,5.311934
759,5,Ġinspector,13.819747
759,6,Ġbelieved,10.479207
759,7,Ġthe,6.099039
759,8,Ġdetective,10.099527
759,9,Ġconcluded,15.859917
759,10,Ġhe,5.101753
759,11,Ġknew,5.529842
759,12,Ġthe,4.460835
759,13,Ġpolice,7.519452
759,14,Ġfrightened,20.6272
759,15,Ġthe,4.159473
759,16,Ġprotesters,13.315365
759,17,Ġover,8.939149
759,18,Ġthe,1.762478
759,19,Ġweekend,4.302675
759,20,.,0.858447
759,21,<|endoftext|>,5.444553
760,0,<|endoftext|>,0.0
760,1,I,5.770367
760,2,Ġknow,5.545733
760,3,Ġthat,2.74974
760,4,Ġthe,4.424285
760,5,Ġspy,15.153309
760,6,Ġassassinated,21.201696
760,7,Ġyesterday,11.24001
760,8,Ġnight,7.20064
760,9,.,3.715543
760,10,<|endoftext|>,8.988296
761,0,<|endoftext|>,0.0
761,1,I,5.770367
761,2,Ġknow,5.545733
761,3,Ġthat,2.74974
761,4,Ġthe,4.424285
761,5,Ġspy,15.153331
761,6,Ġassassinated,21.201696
761,7,Ġthe,3.99927
761,8,Ġpolitician,10.37923
761,9,Ġyesterday,10.520059
761,10,Ġnight,7.269595
761,11,.,1.733868
761,12,<|endoftext|>,9.170156
762,0,<|endoftext|>,0.0
762,1,I,5.770367
762,2,Ġknow,5.545733
762,3,Ġwho,8.366545
762,4,Ġthe,5.844098
762,5,Ġspy,14.1819
762,6,Ġassassinated,18.274876
762,7,Ġyesterday,8.867347
762,8,Ġnight,7.528149
762,9,.,1.276508
762,10,<|endoftext|>,7.70893
763,0,<|endoftext|>,0.0
763,1,I,5.770367
763,2,Ġknow,5.545733
763,3,Ġwho,8.366545
763,4,Ġthe,5.844098
763,5,Ġspy,14.181879
763,6,Ġassassinated,18.274876
763,7,Ġthe,8.358544
763,8,Ġpolitician,10.874627
763,9,Ġyesterday,11.073176
763,10,Ġnight,7.655138
763,11,.,1.143504
763,12,<|endoftext|>,7.834481
764,0,<|endoftext|>,0.0
764,1,I,5.770367
764,2,Ġknow,5.545733
764,3,Ġthat,2.74974
764,4,Ġthe,4.424285
764,5,Ġagent,15.06095
764,6,Ġthought,10.631945
764,7,Ġthe,4.529708
764,8,Ġspy,11.482358
764,9,Ġassassinated,18.832696
764,10,Ġyesterday,13.894723
764,11,Ġnight,6.740044
764,12,.,2.199826
764,13,<|endoftext|>,9.121791
765,0,<|endoftext|>,0.0
765,1,I,5.770362
765,2,Ġknow,5.545699
765,3,Ġthat,2.74972
765,4,Ġthe,4.424218
765,5,Ġagent,15.060961
765,6,Ġthought,10.631951
765,7,Ġthe,4.529767
765,8,Ġspy,11.482338
765,9,Ġassassinated,18.832663
765,10,Ġthe,3.452689
765,11,Ġpolitician,9.913597
765,12,Ġyesterday,11.285863
765,13,Ġnight,7.360713
765,14,.,1.588503
765,15,<|endoftext|>,9.07351
766,0,<|endoftext|>,0.0
766,1,I,5.770367
766,2,Ġknow,5.545733
766,3,Ġwho,8.366545
766,4,Ġthe,5.844098
766,5,Ġagent,12.479596
766,6,Ġthought,10.554254
766,7,Ġthe,5.629532
766,8,Ġspy,10.74629
766,9,Ġassassinated,18.020656
766,10,Ġyesterday,11.217739
766,11,Ġnight,6.620502
766,12,.,1.090019
766,13,<|endoftext|>,7.780896
767,0,<|endoftext|>,0.0
767,1,I,5.770362
767,2,Ġknow,5.545699
767,3,Ġwho,8.36647
767,4,Ġthe,5.844158
767,5,Ġagent,12.47972
767,6,Ġthought,10.554242
767,7,Ġthe,5.629534
767,8,Ġspy,10.746341
767,9,Ġassassinated,18.020657
767,10,Ġthe,5.91616
767,11,Ġpolitician,10.289626
767,12,Ġyesterday,11.1154
767,13,Ġnight,7.144551
767,14,.,1.009617
767,15,<|endoftext|>,7.723049
768,0,<|endoftext|>,0.0
768,1,I,5.770357
768,2,Ġknow,5.545684
768,3,Ġthat,2.749692
768,4,Ġthe,4.424222
768,5,Ġagent,15.060953
768,6,Ġthought,10.631941
768,7,Ġthe,4.529788
768,8,Ġwitness,13.930698
768,9,Ġsaid,8.143248
768,10,Ġthe,3.663145
768,11,Ġspy,13.714857
768,12,Ġassassinated,17.16872
768,13,Ġyesterday,14.463361
768,14,Ġnight,6.304612
768,15,.,1.801355
768,16,<|endoftext|>,9.407686
769,0,<|endoftext|>,0.0
769,1,I,5.770357
769,2,Ġknow,5.545684
769,3,Ġthat,2.749692
769,4,Ġthe,4.424222
769,5,Ġagent,15.060953
769,6,Ġthought,10.631941
769,7,Ġthe,4.529788
769,8,Ġwitness,13.930698
769,9,Ġsaid,8.143248
769,10,Ġthe,3.663145
769,11,Ġspy,13.714857
769,12,Ġassassinated,17.16872
769,13,Ġthe,3.041874
769,14,Ġpolitician,10.107277
769,15,Ġyesterday,11.71178
769,16,Ġnight,6.836256
769,17,.,1.436896
769,18,<|endoftext|>,9.18584
770,0,<|endoftext|>,0.0
770,1,I,5.770357
770,2,Ġknow,5.545684
770,3,Ġwho,8.366485
770,4,Ġthe,5.844156
770,5,Ġagent,12.479731
770,6,Ġthought,10.554214
770,7,Ġthe,5.629528
770,8,Ġwitness,13.974082
770,9,Ġsaid,7.382494
770,10,Ġthe,5.382993
770,11,Ġspy,14.319994
770,12,Ġassassinated,16.899907
770,13,Ġyesterday,12.50724
770,14,Ġnight,6.210355
770,15,.,1.099686
770,16,<|endoftext|>,7.926234
771,0,<|endoftext|>,0.0
771,1,I,5.770357
771,2,Ġknow,5.545684
771,3,Ġwho,8.366485
771,4,Ġthe,5.844156
771,5,Ġagent,12.479731
771,6,Ġthought,10.554214
771,7,Ġthe,5.629528
771,8,Ġwitness,13.974082
771,9,Ġsaid,7.382494
771,10,Ġthe,5.382993
771,11,Ġspy,14.319994
771,12,Ġassassinated,16.899907
771,13,Ġthe,4.542743
771,14,Ġpolitician,10.119161
771,15,Ġyesterday,11.683684
771,16,Ġnight,6.572517
771,17,.,0.991004
771,18,<|endoftext|>,7.755659
772,0,<|endoftext|>,0.0
772,1,I,5.770357
772,2,Ġknow,5.545684
772,3,Ġthat,2.749692
772,4,Ġthe,4.424222
772,5,Ġagent,15.060953
772,6,Ġthought,10.631941
772,7,Ġthe,4.529788
772,8,Ġwitness,13.930698
772,9,Ġsaid,8.143248
772,10,Ġhe,2.903615
772,11,Ġknew,5.547954
772,12,Ġthe,2.961961
772,13,Ġspy,13.208793
772,14,Ġassassinated,16.215988
772,15,Ġyesterday,13.456729
772,16,Ġnight,6.430787
772,17,.,1.751665
772,18,<|endoftext|>,9.397298
773,0,<|endoftext|>,0.0
773,1,I,5.770357
773,2,Ġknow,5.545684
773,3,Ġthat,2.749692
773,4,Ġthe,4.424222
773,5,Ġagent,15.060953
773,6,Ġthought,10.631941
773,7,Ġthe,4.529788
773,8,Ġwitness,13.930698
773,9,Ġsaid,8.143248
773,10,Ġhe,2.903615
773,11,Ġknew,5.547954
773,12,Ġthe,2.961961
773,13,Ġspy,13.208793
773,14,Ġassassinated,16.215988
773,15,Ġthe,3.445731
773,16,Ġpolitician,9.926822
773,17,Ġyesterday,12.442015
773,18,Ġnight,7.010394
773,19,.,1.513195
773,20,<|endoftext|>,9.061498
774,0,<|endoftext|>,0.0
774,1,I,5.770357
774,2,Ġknow,5.545684
774,3,Ġwho,8.366485
774,4,Ġthe,5.844156
774,5,Ġagent,12.479731
774,6,Ġthought,10.554214
774,7,Ġthe,5.629528
774,8,Ġwitness,13.974082
774,9,Ġsaid,7.382494
774,10,Ġhe,2.725127
774,11,Ġknew,5.948332
774,12,Ġthe,5.282003
774,13,Ġspy,13.310326
774,14,Ġassassinated,16.275353
774,15,Ġyesterday,12.388618
774,16,Ġnight,6.446393
774,17,.,1.019907
774,18,<|endoftext|>,7.975561
775,0,<|endoftext|>,0.0
775,1,I,5.770357
775,2,Ġknow,5.545684
775,3,Ġwho,8.366485
775,4,Ġthe,5.844156
775,5,Ġagent,12.479731
775,6,Ġthought,10.554214
775,7,Ġthe,5.629528
775,8,Ġwitness,13.974082
775,9,Ġsaid,7.382494
775,10,Ġhe,2.725127
775,11,Ġknew,5.948332
775,12,Ġthe,5.282003
775,13,Ġspy,13.310326
775,14,Ġassassinated,16.275353
775,15,Ġthe,4.94074
775,16,Ġpolitician,9.95426
775,17,Ġyesterday,12.215709
775,18,Ġnight,6.738777
775,19,.,0.978213
775,20,<|endoftext|>,7.694339
776,0,<|endoftext|>,0.0
776,1,I,5.770357
776,2,Ġknow,5.545684
776,3,Ġthat,2.749692
776,4,Ġthe,4.424222
776,5,Ġagent,15.060953
776,6,Ġthought,10.631941
776,7,Ġthe,4.529788
776,8,Ġwitness,13.930698
776,9,Ġsaid,8.143248
776,10,Ġhe,2.903615
776,11,Ġknew,5.547954
776,12,Ġthe,2.961961
776,13,Ġspy,13.208793
776,14,Ġassassinated,16.215988
776,15,Ġyesterday,13.456729
776,16,Ġnight,6.430787
776,17,.,1.751665
776,18,<|endoftext|>,9.397298
777,0,<|endoftext|>,0.0
777,1,I,5.770357
777,2,Ġknow,5.545684
777,3,Ġthat,2.749692
777,4,Ġthe,4.424222
777,5,Ġagent,15.060953
777,6,Ġthought,10.631941
777,7,Ġthe,4.529788
777,8,Ġwitness,13.930698
777,9,Ġsaid,8.143248
777,10,Ġhe,2.903615
777,11,Ġknew,5.547954
777,12,Ġthe,2.961961
777,13,Ġspy,13.208793
777,14,Ġassassinated,16.215988
777,15,Ġthe,3.445731
777,16,Ġpolitician,9.926822
777,17,Ġyesterday,12.442015
777,18,Ġnight,7.010394
777,19,.,1.513195
777,20,<|endoftext|>,9.061498
778,0,<|endoftext|>,0.0
778,1,I,5.770357
778,2,Ġknow,5.545684
778,3,Ġwho,8.366485
778,4,Ġthe,5.844156
778,5,Ġagent,12.479731
778,6,Ġthought,10.554214
778,7,Ġthe,5.629528
778,8,Ġwitness,13.974082
778,9,Ġsaid,7.382494
778,10,Ġhe,2.725127
778,11,Ġknew,5.948332
778,12,Ġthe,5.282003
778,13,Ġspy,13.310326
778,14,Ġassassinated,16.275353
778,15,Ġyesterday,12.388618
778,16,Ġnight,6.446393
778,17,.,1.019907
778,18,<|endoftext|>,7.975561
779,0,<|endoftext|>,0.0
779,1,I,5.770357
779,2,Ġknow,5.545684
779,3,Ġwho,8.366485
779,4,Ġthe,5.844156
779,5,Ġagent,12.479731
779,6,Ġthought,10.554214
779,7,Ġthe,5.629528
779,8,Ġwitness,13.974082
779,9,Ġsaid,7.382494
779,10,Ġhe,2.725127
779,11,Ġknew,5.948332
779,12,Ġthe,5.282003
779,13,Ġspy,13.310326
779,14,Ġassassinated,16.275353
779,15,Ġthe,4.94074
779,16,Ġpolitician,9.95426
779,17,Ġyesterday,12.215709
779,18,Ġnight,6.738777
779,19,.,0.978213
779,20,<|endoftext|>,7.694339
780,0,<|endoftext|>,0.0
780,1,You,7.682203
780,2,Ġknow,4.524784
780,3,Ġthat,3.787013
780,4,Ġthe,7.61201
780,5,Ġfirefighter,15.975027
780,6,Ġgreeted,18.416645
780,7,Ġon,9.165809
780,8,Ġthe,1.630794
780,9,Ġsidewalk,6.642464
780,10,.,6.223563
780,11,<|endoftext|>,10.159963
781,0,<|endoftext|>,0.0
781,1,You,7.682203
781,2,Ġknow,4.524784
781,3,Ġthat,3.787021
781,4,Ġthe,7.61201
781,5,Ġfirefighter,15.975016
781,6,Ġgreeted,18.416636
781,7,Ġthe,3.125778
781,8,Ġteacher,10.31173
781,9,Ġon,5.638574
781,10,Ġthe,0.779844
781,11,Ġsidewalk,6.175692
781,12,.,4.215695
781,13,<|endoftext|>,10.522525
782,0,<|endoftext|>,0.0
782,1,You,7.682203
782,2,Ġknow,4.524784
782,3,Ġwho,5.052563
782,4,Ġthe,6.464221
782,5,Ġfirefighter,17.491465
782,6,Ġgreeted,18.296761
782,7,Ġon,5.146986
782,8,Ġthe,1.681574
782,9,Ġsidewalk,7.450769
782,10,.,6.212545
782,11,<|endoftext|>,8.759247
783,0,<|endoftext|>,0.0
783,1,You,7.682203
783,2,Ġknow,4.524784
783,3,Ġwho,5.05256
783,4,Ġthe,6.464221
783,5,Ġfirefighter,17.491465
783,6,Ġgreeted,18.296766
783,7,Ġthe,3.779094
783,8,Ġteacher,11.963745
783,9,Ġon,5.90561
783,10,Ġthe,1.336342
783,11,Ġsidewalk,7.102273
783,12,.,5.217517
783,13,<|endoftext|>,9.28343
784,0,<|endoftext|>,0.0
784,1,You,7.682203
784,2,Ġknow,4.524784
784,3,Ġthat,3.787013
784,4,Ġthe,7.61201
784,5,Ġwoman,10.626944
784,6,Ġreported,13.719031
784,7,Ġthe,3.427507
784,8,Ġfirefighter,14.754528
784,9,Ġgreeted,21.059393
784,10,Ġon,8.312316
784,11,Ġthe,1.219626
784,12,Ġsidewalk,5.173851
784,13,.,5.347513
784,14,<|endoftext|>,10.477156
785,0,<|endoftext|>,0.0
785,1,You,7.68222
785,2,Ġknow,4.524771
785,3,Ġthat,3.786982
785,4,Ġthe,7.611992
785,5,Ġwoman,10.626929
785,6,Ġreported,13.719012
785,7,Ġthe,3.427479
785,8,Ġfirefighter,14.754526
785,9,Ġgreeted,21.059354
785,10,Ġthe,3.878382
785,11,Ġteacher,11.49176
785,12,Ġon,5.325228
785,13,Ġthe,0.761207
785,14,Ġsidewalk,5.031305
785,15,.,3.978585
785,16,<|endoftext|>,10.394566
786,0,<|endoftext|>,0.0
786,1,You,7.682203
786,2,Ġknow,4.524784
786,3,Ġwho,5.052563
786,4,Ġthe,6.464221
786,5,Ġwoman,9.545085
786,6,Ġreported,13.568662
786,7,Ġthe,3.10856
786,8,Ġfirefighter,15.506499
786,9,Ġgreeted,20.841819
786,10,Ġon,5.240889
786,11,Ġthe,1.369328
786,12,Ġsidewalk,5.277053
786,13,.,5.245291
786,14,<|endoftext|>,8.370209
787,0,<|endoftext|>,0.0
787,1,You,7.68222
787,2,Ġknow,4.524771
787,3,Ġwho,5.052576
787,4,Ġthe,6.464205
787,5,Ġwoman,9.5451
787,6,Ġreported,13.568663
787,7,Ġthe,3.10847
787,8,Ġfirefighter,15.50649
787,9,Ġgreeted,20.841887
787,10,Ġthe,3.712786
787,11,Ġteacher,11.47422
787,12,Ġon,5.245019
787,13,Ġthe,0.976834
787,14,Ġsidewalk,5.451873
787,15,.,4.409357
787,16,<|endoftext|>,8.517524
788,0,<|endoftext|>,0.0
788,1,You,7.68222
788,2,Ġknow,4.524771
788,3,Ġthat,3.786982
788,4,Ġthe,7.611992
788,5,Ġwoman,10.626929
788,6,Ġreported,13.719012
788,7,Ġthe,3.427479
788,8,Ġneighbors,14.344344
788,9,Ġbelieved,14.206591
788,10,Ġthe,3.019647
788,11,Ġfirefighter,12.584546
788,12,Ġgreeted,21.058312
788,13,Ġon,10.430086
788,14,Ġthe,1.240056
788,15,Ġsidewalk,4.814022
788,16,.,4.018385
788,17,<|endoftext|>,10.486781
789,0,<|endoftext|>,0.0
789,1,You,7.68222
789,2,Ġknow,4.524771
789,3,Ġthat,3.786982
789,4,Ġthe,7.611992
789,5,Ġwoman,10.626929
789,6,Ġreported,13.719012
789,7,Ġthe,3.427479
789,8,Ġneighbors,14.344344
789,9,Ġbelieved,14.206591
789,10,Ġthe,3.019647
789,11,Ġfirefighter,12.584546
789,12,Ġgreeted,21.058312
789,13,Ġthe,3.526598
789,14,Ġteacher,12.443491
789,15,Ġon,5.251359
789,16,Ġthe,0.917923
789,17,Ġsidewalk,4.680686
789,18,.,3.506144
789,19,<|endoftext|>,10.325725
790,0,<|endoftext|>,0.0
790,1,You,7.68222
790,2,Ġknow,4.524771
790,3,Ġwho,5.052576
790,4,Ġthe,6.464205
790,5,Ġwoman,9.5451
790,6,Ġreported,13.568663
790,7,Ġthe,3.10847
790,8,Ġneighbors,14.705562
790,9,Ġbelieved,13.288497
790,10,Ġthe,6.064061
790,11,Ġfirefighter,12.61364
790,12,Ġgreeted,20.273626
790,13,Ġon,6.617341
790,14,Ġthe,1.142278
790,15,Ġsidewalk,4.709477
790,16,.,4.482682
790,17,<|endoftext|>,8.264118
791,0,<|endoftext|>,0.0
791,1,You,7.68222
791,2,Ġknow,4.524771
791,3,Ġwho,5.052576
791,4,Ġthe,6.464205
791,5,Ġwoman,9.5451
791,6,Ġreported,13.568663
791,7,Ġthe,3.10847
791,8,Ġneighbors,14.705562
791,9,Ġbelieved,13.288497
791,10,Ġthe,6.064061
791,11,Ġfirefighter,12.61364
791,12,Ġgreeted,20.273626
791,13,Ġthe,3.745456
791,14,Ġteacher,12.108722
791,15,Ġon,5.245829
791,16,Ġthe,0.943593
791,17,Ġsidewalk,4.687289
791,18,.,4.01336
791,19,<|endoftext|>,8.384579
792,0,<|endoftext|>,0.0
792,1,You,7.68222
792,2,Ġknow,4.524771
792,3,Ġthat,3.786982
792,4,Ġthe,7.611992
792,5,Ġwoman,10.626929
792,6,Ġreported,13.719012
792,7,Ġthe,3.427479
792,8,Ġneighbors,14.344344
792,9,Ġbelieved,14.206591
792,10,Ġthey,3.777295
792,11,Ġknew,6.021991
792,12,Ġthe,2.825706
792,13,Ġfirefighter,14.194038
792,14,Ġgreeted,21.217428
792,15,Ġon,8.457111
792,16,Ġthe,1.253611
792,17,Ġsidewalk,4.941179
792,18,.,3.316685
792,19,<|endoftext|>,10.352989
793,0,<|endoftext|>,0.0
793,1,You,7.68222
793,2,Ġknow,4.524771
793,3,Ġthat,3.786982
793,4,Ġthe,7.611992
793,5,Ġwoman,10.626929
793,6,Ġreported,13.719012
793,7,Ġthe,3.427479
793,8,Ġneighbors,14.344344
793,9,Ġbelieved,14.206591
793,10,Ġthey,3.777295
793,11,Ġknew,6.021991
793,12,Ġthe,2.825706
793,13,Ġfirefighter,14.194038
793,14,Ġgreeted,21.217428
793,15,Ġthe,3.265282
793,16,Ġteacher,11.879011
793,17,Ġon,5.035567
793,18,Ġthe,0.983458
793,19,Ġsidewalk,4.917946
793,20,.,2.986485
793,21,<|endoftext|>,10.172976
794,0,<|endoftext|>,0.0
794,1,You,7.68222
794,2,Ġknow,4.524771
794,3,Ġwho,5.052576
794,4,Ġthe,6.464205
794,5,Ġwoman,9.5451
794,6,Ġreported,13.568663
794,7,Ġthe,3.10847
794,8,Ġneighbors,14.705562
794,9,Ġbelieved,13.288497
794,10,Ġthey,5.533915
794,11,Ġknew,4.882861
794,12,Ġthe,4.842939
794,13,Ġfirefighter,14.416285
794,14,Ġgreeted,19.967505
794,15,Ġon,5.505622
794,16,Ġthe,1.276544
794,17,Ġsidewalk,4.940734
794,18,.,4.224646
794,19,<|endoftext|>,8.187859
795,0,<|endoftext|>,0.0
795,1,You,7.68222
795,2,Ġknow,4.524771
795,3,Ġwho,5.052576
795,4,Ġthe,6.464205
795,5,Ġwoman,9.5451
795,6,Ġreported,13.568663
795,7,Ġthe,3.10847
795,8,Ġneighbors,14.705562
795,9,Ġbelieved,13.288497
795,10,Ġthey,5.533915
795,11,Ġknew,4.882861
795,12,Ġthe,4.842939
795,13,Ġfirefighter,14.416285
795,14,Ġgreeted,19.967505
795,15,Ġthe,3.703409
795,16,Ġteacher,11.661988
795,17,Ġon,5.027311
795,18,Ġthe,1.027469
795,19,Ġsidewalk,5.007735
795,20,.,3.613848
795,21,<|endoftext|>,8.274458
796,0,<|endoftext|>,0.0
796,1,You,7.68222
796,2,Ġknow,4.524771
796,3,Ġthat,3.786982
796,4,Ġthe,7.611992
796,5,Ġwoman,10.626929
796,6,Ġreported,13.719012
796,7,Ġthe,3.427479
796,8,Ġneighbors,14.344344
796,9,Ġbelieved,14.206591
796,10,Ġthey,3.777295
796,11,Ġknew,6.021991
796,12,Ġthe,2.825706
796,13,Ġfirefighter,14.194038
796,14,Ġgreeted,21.217428
796,15,Ġon,8.457111
796,16,Ġthe,1.253611
796,17,Ġsidewalk,4.941179
796,18,.,3.316685
796,19,<|endoftext|>,10.352989
797,0,<|endoftext|>,0.0
797,1,You,7.68222
797,2,Ġknow,4.524771
797,3,Ġthat,3.786982
797,4,Ġthe,7.611992
797,5,Ġwoman,10.626929
797,6,Ġreported,13.719012
797,7,Ġthe,3.427479
797,8,Ġneighbors,14.344344
797,9,Ġbelieved,14.206591
797,10,Ġthey,3.777295
797,11,Ġknew,6.021991
797,12,Ġthe,2.825706
797,13,Ġfirefighter,14.194038
797,14,Ġgreeted,21.217428
797,15,Ġthe,3.265282
797,16,Ġteacher,11.879011
797,17,Ġon,5.035567
797,18,Ġthe,0.983458
797,19,Ġsidewalk,4.917946
797,20,.,2.986485
797,21,<|endoftext|>,10.172976
798,0,<|endoftext|>,0.0
798,1,You,7.68222
798,2,Ġknow,4.524771
798,3,Ġwho,5.052576
798,4,Ġthe,6.464205
798,5,Ġwoman,9.5451
798,6,Ġreported,13.568663
798,7,Ġthe,3.10847
798,8,Ġneighbors,14.705562
798,9,Ġbelieved,13.288497
798,10,Ġthey,5.533915
798,11,Ġknew,4.882861
798,12,Ġthe,4.842939
798,13,Ġfirefighter,14.416285
798,14,Ġgreeted,19.967505
798,15,Ġon,5.505622
798,16,Ġthe,1.276544
798,17,Ġsidewalk,4.940734
798,18,.,4.224646
798,19,<|endoftext|>,8.187859
799,0,<|endoftext|>,0.0
799,1,You,7.68222
799,2,Ġknow,4.524771
799,3,Ġwho,5.052576
799,4,Ġthe,6.464205
799,5,Ġwoman,9.5451
799,6,Ġreported,13.568663
799,7,Ġthe,3.10847
799,8,Ġneighbors,14.705562
799,9,Ġbelieved,13.288497
799,10,Ġthey,5.533915
799,11,Ġknew,4.882861
799,12,Ġthe,4.842939
799,13,Ġfirefighter,14.416285
799,14,Ġgreeted,19.967505
799,15,Ġthe,3.703409
799,16,Ġteacher,11.661988
799,17,Ġon,5.027311
799,18,Ġthe,1.027469
799,19,Ġsidewalk,5.007735
799,20,.,3.613848
799,21,<|endoftext|>,8.274458
800,0,<|endoftext|>,0.0
800,1,He,8.582737
800,2,Ġknows,8.734376
800,3,Ġthat,2.922574
800,4,Ġthe,3.683981
800,5,Ġmayor,11.672091
800,6,Ġsupported,12.746341
800,7,Ġduring,14.290776
800,8,Ġthe,1.128891
800,9,Ġtown,11.471366
800,10,Ġmeeting,5.692197
800,11,.,4.427055
800,12,<|endoftext|>,8.304961
801,0,<|endoftext|>,0.0
801,1,He,8.582737
801,2,Ġknows,8.734376
801,3,Ġthat,2.922586
801,4,Ġthe,3.683981
801,5,Ġmayor,11.672091
801,6,Ġsupported,12.74633
801,7,Ġthe,2.220595
801,8,Ġprincipal,15.275306
801,9,Ġduring,7.958017
801,10,Ġthe,1.523824
801,11,Ġtown,9.652453
801,12,Ġmeeting,4.582881
801,13,.,2.186103
801,14,<|endoftext|>,8.030753
802,0,<|endoftext|>,0.0
802,1,He,8.582737
802,2,Ġknows,8.734376
802,3,Ġwho,6.314424
802,4,Ġthe,4.333661
802,5,Ġmayor,9.760402
802,6,Ġsupported,13.977579
802,7,Ġduring,6.552805
802,8,Ġthe,1.376189
802,9,Ġtown,10.976281
802,10,Ġmeeting,6.277616
802,11,.,1.562723
802,12,<|endoftext|>,7.820683
803,0,<|endoftext|>,0.0
803,1,He,8.582737
803,2,Ġknows,8.734376
803,3,Ġwho,6.314426
803,4,Ġthe,4.333661
803,5,Ġmayor,9.760402
803,6,Ġsupported,13.977564
803,7,Ġthe,7.86068
803,8,Ġprincipal,14.542238
803,9,Ġduring,7.483422
803,10,Ġthe,1.36629
803,11,Ġtown,9.702184
803,12,Ġmeeting,5.014766
803,13,.,1.579444
803,14,<|endoftext|>,7.501205
804,0,<|endoftext|>,0.0
804,1,He,8.582738
804,2,Ġknows,8.734333
804,3,Ġthat,2.922582
804,4,Ġthe,3.684004
804,5,Ġpolitician,13.645483
804,6,Ġbelieved,12.643093
804,7,Ġthe,4.314774
804,8,Ġmayor,10.629578
804,9,Ġsupported,10.512684
804,10,Ġduring,15.615494
804,11,Ġthe,1.044182
804,12,Ġtown,11.181235
804,13,Ġmeeting,5.387841
804,14,.,2.917159
804,15,<|endoftext|>,7.866808
805,0,<|endoftext|>,0.0
805,1,He,8.582732
805,2,Ġknows,8.734344
805,3,Ġthat,2.922593
805,4,Ġthe,3.684015
805,5,Ġpolitician,13.645481
805,6,Ġbelieved,12.643083
805,7,Ġthe,4.314776
805,8,Ġmayor,10.629586
805,9,Ġsupported,10.512674
805,10,Ġthe,2.458263
805,11,Ġprincipal,14.737413
805,12,Ġduring,8.352378
805,13,Ġthe,1.496445
805,14,Ġtown,9.602904
805,15,Ġmeeting,4.476863
805,16,.,1.795079
805,17,<|endoftext|>,7.590915
806,0,<|endoftext|>,0.0
806,1,He,8.582738
806,2,Ġknows,8.734333
806,3,Ġwho,6.31441
806,4,Ġthe,4.333641
806,5,Ġpolitician,11.178929
806,6,Ġbelieved,12.949943
806,7,Ġthe,7.887731
806,8,Ġmayor,8.976131
806,9,Ġsupported,9.419356
806,10,Ġduring,6.791398
806,11,Ġthe,1.303787
806,12,Ġtown,10.428694
806,13,Ġmeeting,6.405228
806,14,.,1.285705
806,15,<|endoftext|>,7.316156
807,0,<|endoftext|>,0.0
807,1,He,8.582732
807,2,Ġknows,8.734344
807,3,Ġwho,6.31441
807,4,Ġthe,4.333633
807,5,Ġpolitician,11.178933
807,6,Ġbelieved,12.949937
807,7,Ġthe,7.887741
807,8,Ġmayor,8.976146
807,9,Ġsupported,9.419348
807,10,Ġthe,7.344731
807,11,Ġprincipal,14.547355
807,12,Ġduring,7.399683
807,13,Ġthe,1.426126
807,14,Ġtown,9.375938
807,15,Ġmeeting,5.301818
807,16,.,1.327435
807,17,<|endoftext|>,6.898761
808,0,<|endoftext|>,0.0
808,1,He,8.582732
808,2,Ġknows,8.734344
808,3,Ġthat,2.922593
808,4,Ġthe,3.684015
808,5,Ġpolitician,13.645481
808,6,Ġbelieved,12.643083
808,7,Ġthe,4.314776
808,8,Ġdonors,15.472738
808,9,Ġsaid,9.868736
808,10,Ġthe,3.47164
808,11,Ġmayor,11.869172
808,12,Ġsupported,8.990955
808,13,Ġduring,14.725902
808,14,Ġthe,1.022089
808,15,Ġtown,11.405025
808,16,Ġmeeting,5.366813
808,17,.,2.140071
808,18,<|endoftext|>,7.149103
809,0,<|endoftext|>,0.0
809,1,He,8.582732
809,2,Ġknows,8.734344
809,3,Ġthat,2.922593
809,4,Ġthe,3.684015
809,5,Ġpolitician,13.645481
809,6,Ġbelieved,12.643083
809,7,Ġthe,4.314776
809,8,Ġdonors,15.472738
809,9,Ġsaid,9.868736
809,10,Ġthe,3.47164
809,11,Ġmayor,11.869172
809,12,Ġsupported,8.990955
809,13,Ġthe,2.60123
809,14,Ġprincipal,14.620482
809,15,Ġduring,8.255046
809,16,Ġthe,1.457321
809,17,Ġtown,9.563286
809,18,Ġmeeting,4.602814
809,19,.,1.398658
809,20,<|endoftext|>,6.815732
810,0,<|endoftext|>,0.0
810,1,He,8.582732
810,2,Ġknows,8.734344
810,3,Ġwho,6.31441
810,4,Ġthe,4.333633
810,5,Ġpolitician,11.178933
810,6,Ġbelieved,12.949937
810,7,Ġthe,7.887741
810,8,Ġdonors,13.582474
810,9,Ġsaid,9.463087
810,10,Ġthe,5.994675
810,11,Ġmayor,10.743037
810,12,Ġsupported,7.397011
810,13,Ġduring,8.742735
810,14,Ġthe,1.218877
810,15,Ġtown,10.936711
810,16,Ġmeeting,6.207265
810,17,.,0.977347
810,18,<|endoftext|>,6.500662
811,0,<|endoftext|>,0.0
811,1,He,8.582732
811,2,Ġknows,8.734344
811,3,Ġwho,6.31441
811,4,Ġthe,4.333633
811,5,Ġpolitician,11.178933
811,6,Ġbelieved,12.949937
811,7,Ġthe,7.887741
811,8,Ġdonors,13.582474
811,9,Ġsaid,9.463087
811,10,Ġthe,5.994675
811,11,Ġmayor,10.743037
811,12,Ġsupported,7.397011
811,13,Ġthe,7.433862
811,14,Ġprincipal,14.800067
811,15,Ġduring,7.70662
811,16,Ġthe,1.462957
811,17,Ġtown,9.232348
811,18,Ġmeeting,5.235565
811,19,.,1.017308
811,20,<|endoftext|>,6.044599
812,0,<|endoftext|>,0.0
812,1,He,8.582732
812,2,Ġknows,8.734344
812,3,Ġthat,2.922593
812,4,Ġthe,3.684015
812,5,Ġpolitician,13.645481
812,6,Ġbelieved,12.643083
812,7,Ġthe,4.314776
812,8,Ġdonors,15.472738
812,9,Ġsaid,9.868736
812,10,Ġthey,2.737029
812,11,Ġknew,5.819049
812,12,Ġthe,3.73553
812,13,Ġmayor,9.903896
812,14,Ġsupported,12.353611
812,15,Ġduring,12.612089
812,16,Ġthe,1.110973
812,17,Ġtown,11.75818
812,18,Ġmeeting,5.403538
812,19,.,1.498664
812,20,<|endoftext|>,7.234606
813,0,<|endoftext|>,0.0
813,1,He,8.582732
813,2,Ġknows,8.734344
813,3,Ġthat,2.922593
813,4,Ġthe,3.684015
813,5,Ġpolitician,13.645481
813,6,Ġbelieved,12.643083
813,7,Ġthe,4.314776
813,8,Ġdonors,15.472738
813,9,Ġsaid,9.868736
813,10,Ġthey,2.737029
813,11,Ġknew,5.819049
813,12,Ġthe,3.73553
813,13,Ġmayor,9.903896
813,14,Ġsupported,12.353611
813,15,Ġthe,2.83828
813,16,Ġprincipal,14.663707
813,17,Ġduring,8.177867
813,18,Ġthe,1.361097
813,19,Ġtown,9.981177
813,20,Ġmeeting,4.665038
813,21,.,1.363085
813,22,<|endoftext|>,6.952533
814,0,<|endoftext|>,0.0
814,1,He,8.582732
814,2,Ġknows,8.734344
814,3,Ġwho,6.31441
814,4,Ġthe,4.333633
814,5,Ġpolitician,11.178933
814,6,Ġbelieved,12.949937
814,7,Ġthe,7.887741
814,8,Ġdonors,13.582474
814,9,Ġsaid,9.463087
814,10,Ġthey,2.039878
814,11,Ġknew,5.36674
814,12,Ġthe,6.940677
814,13,Ġmayor,8.675057
814,14,Ġsupported,9.793959
814,15,Ġduring,9.202125
814,16,Ġthe,1.3566
814,17,Ġtown,11.384631
814,18,Ġmeeting,6.20122
814,19,.,0.95448
814,20,<|endoftext|>,6.586982
815,0,<|endoftext|>,0.0
815,1,He,8.582732
815,2,Ġknows,8.734344
815,3,Ġwho,6.31441
815,4,Ġthe,4.333633
815,5,Ġpolitician,11.178933
815,6,Ġbelieved,12.949937
815,7,Ġthe,7.887741
815,8,Ġdonors,13.582474
815,9,Ġsaid,9.463087
815,10,Ġthey,2.039878
815,11,Ġknew,5.36674
815,12,Ġthe,6.940677
815,13,Ġmayor,8.675057
815,14,Ġsupported,9.793959
815,15,Ġthe,7.056409
815,16,Ġprincipal,14.729469
815,17,Ġduring,7.802179
815,18,Ġthe,1.470116
815,19,Ġtown,9.682798
815,20,Ġmeeting,5.312268
815,21,.,0.9999
815,22,<|endoftext|>,6.221929
816,0,<|endoftext|>,0.0
816,1,He,8.582732
816,2,Ġknows,8.734344
816,3,Ġthat,2.922593
816,4,Ġthe,3.684015
816,5,Ġpolitician,13.645481
816,6,Ġbelieved,12.643083
816,7,Ġthe,4.314776
816,8,Ġdonors,15.472738
816,9,Ġsaid,9.868736
816,10,Ġthey,2.737029
816,11,Ġknew,5.819049
816,12,Ġthe,3.73553
816,13,Ġmayor,9.903896
816,14,Ġsupported,12.353611
816,15,Ġduring,12.612089
816,16,Ġthe,1.110973
816,17,Ġtown,11.75818
816,18,Ġmeeting,5.403538
816,19,.,1.498664
816,20,<|endoftext|>,7.234606
817,0,<|endoftext|>,0.0
817,1,He,8.582732
817,2,Ġknows,8.734344
817,3,Ġthat,2.922593
817,4,Ġthe,3.684015
817,5,Ġpolitician,13.645481
817,6,Ġbelieved,12.643083
817,7,Ġthe,4.314776
817,8,Ġdonors,15.472738
817,9,Ġsaid,9.868736
817,10,Ġthey,2.737029
817,11,Ġknew,5.819049
817,12,Ġthe,3.73553
817,13,Ġmayor,9.903896
817,14,Ġsupported,12.353611
817,15,Ġthe,2.83828
817,16,Ġprincipal,14.663707
817,17,Ġduring,8.177867
817,18,Ġthe,1.361097
817,19,Ġtown,9.981177
817,20,Ġmeeting,4.665038
817,21,.,1.363085
817,22,<|endoftext|>,6.952533
818,0,<|endoftext|>,0.0
818,1,He,8.582732
818,2,Ġknows,8.734344
818,3,Ġwho,6.31441
818,4,Ġthe,4.333633
818,5,Ġpolitician,11.178933
818,6,Ġbelieved,12.949937
818,7,Ġthe,7.887741
818,8,Ġdonors,13.582474
818,9,Ġsaid,9.463087
818,10,Ġthey,2.039878
818,11,Ġknew,5.36674
818,12,Ġthe,6.940677
818,13,Ġmayor,8.675057
818,14,Ġsupported,9.793959
818,15,Ġduring,9.202125
818,16,Ġthe,1.3566
818,17,Ġtown,11.384631
818,18,Ġmeeting,6.20122
818,19,.,0.95448
818,20,<|endoftext|>,6.586982
819,0,<|endoftext|>,0.0
819,1,He,8.582732
819,2,Ġknows,8.734344
819,3,Ġwho,6.31441
819,4,Ġthe,4.333633
819,5,Ġpolitician,11.178933
819,6,Ġbelieved,12.949937
819,7,Ġthe,7.887741
819,8,Ġdonors,13.582474
819,9,Ġsaid,9.463087
819,10,Ġthey,2.039878
819,11,Ġknew,5.36674
819,12,Ġthe,6.940677
819,13,Ġmayor,8.675057
819,14,Ġsupported,9.793959
819,15,Ġthe,7.056409
819,16,Ġprincipal,14.729469
819,17,Ġduring,7.802179
819,18,Ġthe,1.470116
819,19,Ġtown,9.682798
819,20,Ġmeeting,5.312268
819,21,.,0.9999
819,22,<|endoftext|>,6.221929
820,0,<|endoftext|>,0.0
820,1,She,9.588393
820,2,Ġknows,8.547399
820,3,Ġthat,3.373149
820,4,Ġthe,4.09474
820,5,Ġman,7.410179
820,6,Ġcongratulated,18.296001
820,7,Ġafter,11.901237
820,8,Ġthe,3.067454
820,9,Ġceremony,8.031353
820,10,.,4.468357
820,11,<|endoftext|>,7.763359
821,0,<|endoftext|>,0.0
821,1,She,9.588393
821,2,Ġknows,8.547399
821,3,Ġthat,3.373155
821,4,Ġthe,4.09474
821,5,Ġman,7.410189
821,6,Ġcongratulated,18.296008
821,7,Ġthe,5.98051
821,8,Ġwriter,10.526852
821,9,Ġafter,6.960271
821,10,Ġthe,2.859549
821,11,Ġceremony,10.069857
821,12,.,1.984331
821,13,<|endoftext|>,8.006161
822,0,<|endoftext|>,0.0
822,1,She,9.588393
822,2,Ġknows,8.547399
822,3,Ġwho,6.179697
822,4,Ġthe,4.654339
822,5,Ġman,3.863633
822,6,Ġcongratulated,21.360417
822,7,Ġafter,8.176213
822,8,Ġthe,3.172003
822,9,Ġceremony,8.457943
822,10,.,1.510879
822,11,<|endoftext|>,7.405395
823,0,<|endoftext|>,0.0
823,1,She,9.588393
823,2,Ġknows,8.547399
823,3,Ġwho,6.179725
823,4,Ġthe,4.654339
823,5,Ġman,3.863632
823,6,Ġcongratulated,21.360423
823,7,Ġthe,7.044749
823,8,Ġwriter,10.406041
823,9,Ġafter,7.471133
823,10,Ġthe,2.790854
823,11,Ġceremony,9.798639
823,12,.,1.337065
823,13,<|endoftext|>,7.361633
824,0,<|endoftext|>,0.0
824,1,She,9.588393
824,2,Ġknows,8.547399
824,3,Ġthat,3.373149
824,4,Ġthe,4.09474
824,5,Ġwoman,8.806006
824,6,Ġsaid,9.216737
824,7,Ġthe,3.899563
824,8,Ġman,4.905842
824,9,Ġcongratulated,16.766312
824,10,Ġafter,13.416823
824,11,Ġthe,3.097718
824,12,Ġceremony,7.712325
824,13,.,2.032224
824,14,<|endoftext|>,6.817944
825,0,<|endoftext|>,0.0
825,1,She,9.588377
825,2,Ġknows,8.547394
825,3,Ġthat,3.373129
825,4,Ġthe,4.094771
825,5,Ġwoman,8.80601
825,6,Ġsaid,9.216777
825,7,Ġthe,3.899542
825,8,Ġman,4.905837
825,9,Ġcongratulated,16.766186
825,10,Ġthe,6.313894
825,11,Ġwriter,10.937919
825,12,Ġafter,6.802577
825,13,Ġthe,2.957566
825,14,Ġceremony,9.823705
825,15,.,1.437207
825,16,<|endoftext|>,6.650418
826,0,<|endoftext|>,0.0
826,1,She,9.588393
826,2,Ġknows,8.547399
826,3,Ġwho,6.179697
826,4,Ġthe,4.654339
826,5,Ġwoman,6.507543
826,6,Ġsaid,9.394518
826,7,Ġthe,6.652274
826,8,Ġman,2.870984
826,9,Ġcongratulated,19.590047
826,10,Ġafter,8.891259
826,11,Ġthe,3.187529
826,12,Ġceremony,8.146496
826,13,.,1.112826
826,14,<|endoftext|>,6.150982
827,0,<|endoftext|>,0.0
827,1,She,9.588377
827,2,Ġknows,8.547394
827,3,Ġwho,6.17982
827,4,Ġthe,4.654325
827,5,Ġwoman,6.507522
827,6,Ġsaid,9.394554
827,7,Ġthe,6.652292
827,8,Ġman,2.870943
827,9,Ġcongratulated,19.589982
827,10,Ġthe,7.474766
827,11,Ġwriter,11.223854
827,12,Ġafter,7.985605
827,13,Ġthe,2.916824
827,14,Ġceremony,9.775312
827,15,.,0.986431
827,16,<|endoftext|>,5.991996
828,0,<|endoftext|>,0.0
828,1,She,9.588377
828,2,Ġknows,8.547394
828,3,Ġthat,3.373129
828,4,Ġthe,4.094771
828,5,Ġwoman,8.80601
828,6,Ġsaid,9.216777
828,7,Ġher,5.901354
828,8,Ġfriend,7.548801
828,9,Ġbelieved,10.575997
828,10,Ġthe,3.227664
828,11,Ġman,2.616181
828,12,Ġcongratulated,20.965778
828,13,Ġafter,13.655627
828,14,Ġthe,2.976461
828,15,Ġceremony,9.31957
828,16,.,1.39887
828,17,<|endoftext|>,6.74838
829,0,<|endoftext|>,0.0
829,1,She,9.588377
829,2,Ġknows,8.547394
829,3,Ġthat,3.373129
829,4,Ġthe,4.094771
829,5,Ġwoman,8.80601
829,6,Ġsaid,9.216777
829,7,Ġher,5.901354
829,8,Ġfriend,7.548801
829,9,Ġbelieved,10.575997
829,10,Ġthe,3.227664
829,11,Ġman,2.616181
829,12,Ġcongratulated,20.965778
829,13,Ġthe,5.859206
829,14,Ġwriter,10.905577
829,15,Ġafter,6.337994
829,16,Ġthe,2.946612
829,17,Ġceremony,10.625861
829,18,.,1.152484
829,19,<|endoftext|>,6.580495
830,0,<|endoftext|>,0.0
830,1,She,9.588377
830,2,Ġknows,8.547394
830,3,Ġwho,6.17982
830,4,Ġthe,4.654325
830,5,Ġwoman,6.507522
830,6,Ġsaid,9.394554
830,7,Ġher,7.002212
830,8,Ġfriend,6.719364
830,9,Ġbelieved,12.198919
830,10,Ġthe,8.330549
830,11,Ġman,2.692589
830,12,Ġcongratulated,21.662353
830,13,Ġafter,9.795403
830,14,Ġthe,3.068557
830,15,Ġceremony,9.771384
830,16,.,0.963736
830,17,<|endoftext|>,6.400768
831,0,<|endoftext|>,0.0
831,1,She,9.588377
831,2,Ġknows,8.547394
831,3,Ġwho,6.17982
831,4,Ġthe,4.654325
831,5,Ġwoman,6.507522
831,6,Ġsaid,9.394554
831,7,Ġher,7.002212
831,8,Ġfriend,6.719364
831,9,Ġbelieved,12.198919
831,10,Ġthe,8.330549
831,11,Ġman,2.692589
831,12,Ġcongratulated,21.662353
831,13,Ġthe,6.570495
831,14,Ġwriter,11.218633
831,15,Ġafter,7.143619
831,16,Ġthe,2.935424
831,17,Ġceremony,10.744069
831,18,.,0.867369
831,19,<|endoftext|>,6.245334
832,0,<|endoftext|>,0.0
832,1,She,9.588377
832,2,Ġknows,8.547394
832,3,Ġthat,3.373129
832,4,Ġthe,4.094771
832,5,Ġwoman,8.80601
832,6,Ġsaid,9.216777
832,7,Ġher,5.901354
832,8,Ġfriend,7.548801
832,9,Ġbelieved,10.575997
832,10,Ġshe,2.378879
832,11,Ġknew,6.772968
832,12,Ġthe,3.119044
832,13,Ġman,2.208004
832,14,Ġcongratulated,23.070525
832,15,Ġafter,11.837741
832,16,Ġthe,2.859351
832,17,Ġceremony,8.782974
832,18,.,1.235176
832,19,<|endoftext|>,6.785494
833,0,<|endoftext|>,0.0
833,1,She,9.588377
833,2,Ġknows,8.547394
833,3,Ġthat,3.373129
833,4,Ġthe,4.094771
833,5,Ġwoman,8.80601
833,6,Ġsaid,9.216777
833,7,Ġher,5.901354
833,8,Ġfriend,7.548801
833,9,Ġbelieved,10.575997
833,10,Ġshe,2.378879
833,11,Ġknew,6.772968
833,12,Ġthe,3.119044
833,13,Ġman,2.208004
833,14,Ġcongratulated,23.070525
833,15,Ġthe,5.478863
833,16,Ġwriter,10.893937
833,17,Ġafter,6.555479
833,18,Ġthe,2.861819
833,19,Ġceremony,10.035891
833,20,.,1.067396
833,21,<|endoftext|>,6.61909
834,0,<|endoftext|>,0.0
834,1,She,9.588377
834,2,Ġknows,8.547394
834,3,Ġwho,6.17982
834,4,Ġthe,4.654325
834,5,Ġwoman,6.507522
834,6,Ġsaid,9.394554
834,7,Ġher,7.002212
834,8,Ġfriend,6.719364
834,9,Ġbelieved,12.198919
834,10,Ġshe,4.767883
834,11,Ġknew,8.11786
834,12,Ġthe,7.229588
834,13,Ġman,2.199369
834,14,Ġcongratulated,21.70265
834,15,Ġafter,9.423184
834,16,Ġthe,2.896429
834,17,Ġceremony,9.246662
834,18,.,0.911174
834,19,<|endoftext|>,6.384624
835,0,<|endoftext|>,0.0
835,1,She,9.588377
835,2,Ġknows,8.547394
835,3,Ġwho,6.17982
835,4,Ġthe,4.654325
835,5,Ġwoman,6.507522
835,6,Ġsaid,9.394554
835,7,Ġher,7.002212
835,8,Ġfriend,6.719364
835,9,Ġbelieved,12.198919
835,10,Ġshe,4.767883
835,11,Ġknew,8.11786
835,12,Ġthe,7.229588
835,13,Ġman,2.199369
835,14,Ġcongratulated,21.70265
835,15,Ġthe,6.360979
835,16,Ġwriter,11.257912
835,17,Ġafter,7.2076
835,18,Ġthe,2.802997
835,19,Ġceremony,10.166545
835,20,.,0.83816
835,21,<|endoftext|>,6.183418
836,0,<|endoftext|>,0.0
836,1,She,9.588377
836,2,Ġknows,8.547394
836,3,Ġthat,3.373129
836,4,Ġthe,4.094771
836,5,Ġwoman,8.80601
836,6,Ġsaid,9.216777
836,7,Ġher,5.901354
836,8,Ġfriend,7.548801
836,9,Ġbelieved,10.575997
836,10,Ġshe,2.378879
836,11,Ġknew,6.772968
836,12,Ġthe,3.119044
836,13,Ġman,2.208004
836,14,Ġcongratulated,23.070525
836,15,Ġafter,11.837741
836,16,Ġthe,2.859351
836,17,Ġceremony,8.782974
836,18,.,1.235176
836,19,<|endoftext|>,6.785494
837,0,<|endoftext|>,0.0
837,1,She,9.588377
837,2,Ġknows,8.547394
837,3,Ġthat,3.373129
837,4,Ġthe,4.094771
837,5,Ġwoman,8.80601
837,6,Ġsaid,9.216777
837,7,Ġher,5.901354
837,8,Ġfriend,7.548801
837,9,Ġbelieved,10.575997
837,10,Ġshe,2.378879
837,11,Ġknew,6.772968
837,12,Ġthe,3.119044
837,13,Ġman,2.208004
837,14,Ġcongratulated,23.070525
837,15,Ġthe,5.478863
837,16,Ġwriter,10.893937
837,17,Ġafter,6.555479
837,18,Ġthe,2.861819
837,19,Ġceremony,10.035891
837,20,.,1.067396
837,21,<|endoftext|>,6.61909
838,0,<|endoftext|>,0.0
838,1,She,9.588377
838,2,Ġknows,8.547394
838,3,Ġwho,6.17982
838,4,Ġthe,4.654325
838,5,Ġwoman,6.507522
838,6,Ġsaid,9.394554
838,7,Ġher,7.002212
838,8,Ġfriend,6.719364
838,9,Ġbelieved,12.198919
838,10,Ġshe,4.767883
838,11,Ġknew,8.11786
838,12,Ġthe,7.229588
838,13,Ġman,2.199369
838,14,Ġcongratulated,21.70265
838,15,Ġafter,9.423184
838,16,Ġthe,2.896429
838,17,Ġceremony,9.246662
838,18,.,0.911174
838,19,<|endoftext|>,6.384624
839,0,<|endoftext|>,0.0
839,1,She,9.588377
839,2,Ġknows,8.547394
839,3,Ġwho,6.17982
839,4,Ġthe,4.654325
839,5,Ġwoman,6.507522
839,6,Ġsaid,9.394554
839,7,Ġher,7.002212
839,8,Ġfriend,6.719364
839,9,Ġbelieved,12.198919
839,10,Ġshe,4.767883
839,11,Ġknew,8.11786
839,12,Ġthe,7.229588
839,13,Ġman,2.199369
839,14,Ġcongratulated,21.70265
839,15,Ġthe,6.360979
839,16,Ġwriter,11.257912
839,17,Ġafter,7.2076
839,18,Ġthe,2.802997
839,19,Ġceremony,10.166545
839,20,.,0.83816
839,21,<|endoftext|>,6.183418
840,0,<|endoftext|>,0.0
840,1,I,5.770367
840,2,Ġknow,5.545733
840,3,Ġthat,2.74974
840,4,Ġthe,4.424285
840,5,Ġhost,12.140052
840,6,ess,5.282709
840,7,Ġintroduced,12.058136
840,8,Ġto,7.697837
840,9,Ġthe,4.162128
840,10,Ġregular,13.309234
840,11,Ġcustomer,5.691254
840,12,.,5.718871
840,13,<|endoftext|>,9.273474
841,0,<|endoftext|>,0.0
841,1,I,5.770362
841,2,Ġknow,5.545699
841,3,Ġthat,2.74972
841,4,Ġthe,4.424218
841,5,Ġhost,12.14003
841,6,ess,5.282721
841,7,Ġintroduced,12.058264
841,8,Ġher,5.010814
841,9,Ġfriend,6.52914
841,10,Ġto,1.46734
841,11,Ġthe,2.796839
841,12,Ġregular,11.72238
841,13,Ġcustomer,8.292483
841,14,.,3.654279
841,15,<|endoftext|>,10.874648
842,0,<|endoftext|>,0.0
842,1,I,5.770367
842,2,Ġknow,5.545733
842,3,Ġwho,8.366545
842,4,Ġthe,5.844098
842,5,Ġhost,10.261334
842,6,ess,6.002037
842,7,Ġintroduced,15.784485
842,8,Ġto,1.932464
842,9,Ġthe,3.339934
842,10,Ġregular,12.89674
842,11,Ġcustomer,6.410231
842,12,.,2.096157
842,13,<|endoftext|>,9.404207
843,0,<|endoftext|>,0.0
843,1,I,5.770362
843,2,Ġknow,5.545699
843,3,Ġwho,8.36647
843,4,Ġthe,5.844158
843,5,Ġhost,10.261403
843,6,ess,6.002014
843,7,Ġintroduced,15.784503
843,8,Ġher,6.641205
843,9,Ġfriend,7.658091
843,10,Ġto,1.384046
843,11,Ġthe,4.921444
843,12,Ġregular,11.899389
843,13,Ġcustomer,8.568877
843,14,.,2.804314
843,15,<|endoftext|>,10.141362
844,0,<|endoftext|>,0.0
844,1,I,5.770357
844,2,Ġknow,5.545684
844,3,Ġthat,2.749692
844,4,Ġthe,4.424222
844,5,Ġhe,14.635691
844,6,i,4.902154
844,7,ress,0.078768
844,8,Ġbelieved,15.657972
844,9,Ġthe,4.376576
844,10,Ġhost,12.887766
844,11,ess,3.1825
844,12,Ġintroduced,14.789484
844,13,Ġto,7.931173
844,14,Ġthe,2.795292
844,15,Ġregular,14.638874
844,16,Ġcustomer,7.613195
844,17,.,4.050225
844,18,<|endoftext|>,9.85643
845,0,<|endoftext|>,0.0
845,1,I,5.770357
845,2,Ġknow,5.545684
845,3,Ġthat,2.749692
845,4,Ġthe,4.424222
845,5,Ġhe,14.635691
845,6,i,4.902154
845,7,ress,0.078768
845,8,Ġbelieved,15.657972
845,9,Ġthe,4.376576
845,10,Ġhost,12.887766
845,11,ess,3.1825
845,12,Ġintroduced,14.789484
845,13,Ġher,2.159292
845,14,Ġfriend,7.269522
845,15,Ġto,1.065786
845,16,Ġthe,2.272338
845,17,Ġregular,12.78523
845,18,Ġcustomer,9.294665
845,19,.,2.815832
845,20,<|endoftext|>,10.34264
846,0,<|endoftext|>,0.0
846,1,I,5.770357
846,2,Ġknow,5.545684
846,3,Ġwho,8.366485
846,4,Ġthe,5.844156
846,5,Ġhe,13.466433
846,6,i,2.55336
846,7,ress,0.014537
846,8,Ġbelieved,17.873352
846,9,Ġthe,7.64193
846,10,Ġhost,14.042727
846,11,ess,3.365334
846,12,Ġintroduced,14.231291
846,13,Ġto,1.876494
846,14,Ġthe,2.736834
846,15,Ġregular,14.304504
846,16,Ġcustomer,7.651318
846,17,.,1.683628
846,18,<|endoftext|>,9.218419
847,0,<|endoftext|>,0.0
847,1,I,5.770357
847,2,Ġknow,5.545684
847,3,Ġwho,8.366485
847,4,Ġthe,5.844156
847,5,Ġhe,13.466433
847,6,i,2.55336
847,7,ress,0.014537
847,8,Ġbelieved,17.873352
847,9,Ġthe,7.64193
847,10,Ġhost,14.042727
847,11,ess,3.365334
847,12,Ġintroduced,14.231291
847,13,Ġher,3.470017
847,14,Ġfriend,7.946364
847,15,Ġto,1.204006
847,16,Ġthe,3.759088
847,17,Ġregular,12.75484
847,18,Ġcustomer,9.458453
847,19,.,2.097921
847,20,<|endoftext|>,9.470626
848,0,<|endoftext|>,0.0
848,1,I,5.770357
848,2,Ġknow,5.545684
848,3,Ġthat,2.749692
848,4,Ġthe,4.424222
848,5,Ġhe,14.635691
848,6,i,4.902154
848,7,ress,0.078768
848,8,Ġbelieved,15.657972
848,9,Ġher,3.747796
848,10,Ġfriend,8.60229
848,11,Ġsaid,11.46204
848,12,Ġthe,4.437363
848,13,Ġhost,12.908535
848,14,ess,2.424103
848,15,Ġintroduced,13.672146
848,16,Ġto,8.82988
848,17,Ġthe,3.226124
848,18,Ġregular,14.383424
848,19,Ġcustomer,7.767942
848,20,.,3.801264
848,21,<|endoftext|>,9.706764
849,0,<|endoftext|>,0.0
849,1,I,5.770357
849,2,Ġknow,5.545684
849,3,Ġthat,2.749692
849,4,Ġthe,4.424222
849,5,Ġhe,14.635691
849,6,i,4.902154
849,7,ress,0.078768
849,8,Ġbelieved,15.657972
849,9,Ġher,3.747796
849,10,Ġfriend,8.60229
849,11,Ġsaid,11.46204
849,12,Ġthe,4.437363
849,13,Ġhost,12.908535
849,14,ess,2.424103
849,15,Ġintroduced,13.672146
849,16,Ġher,1.496914
849,17,Ġfriend,6.177686
849,18,Ġto,0.935893
849,19,Ġthe,2.384477
849,20,Ġregular,12.840248
849,21,Ġcustomer,8.773347
849,22,.,2.422138
849,23,<|endoftext|>,10.105491
850,0,<|endoftext|>,0.0
850,1,I,5.770357
850,2,Ġknow,5.545684
850,3,Ġwho,8.366485
850,4,Ġthe,5.844156
850,5,Ġhe,13.466433
850,6,i,2.55336
850,7,ress,0.014537
850,8,Ġbelieved,17.873352
850,9,Ġher,6.892691
850,10,Ġfriend,8.298796
850,11,Ġsaid,10.780626
850,12,Ġthe,6.51027
850,13,Ġhost,13.357963
850,14,ess,2.213631
850,15,Ġintroduced,13.536958
850,16,Ġto,4.491012
850,17,Ġthe,3.246146
850,18,Ġregular,14.213369
850,19,Ġcustomer,7.62287
850,20,.,2.251523
850,21,<|endoftext|>,8.557335
851,0,<|endoftext|>,0.0
851,1,I,5.770357
851,2,Ġknow,5.545684
851,3,Ġwho,8.366485
851,4,Ġthe,5.844156
851,5,Ġhe,13.466433
851,6,i,2.55336
851,7,ress,0.014537
851,8,Ġbelieved,17.873352
851,9,Ġher,6.892691
851,10,Ġfriend,8.298796
851,11,Ġsaid,10.780626
851,12,Ġthe,6.51027
851,13,Ġhost,13.357963
851,14,ess,2.213631
851,15,Ġintroduced,13.536958
851,16,Ġher,1.518997
851,17,Ġfriend,6.399637
851,18,Ġto,1.10228
851,19,Ġthe,2.461948
851,20,Ġregular,12.81816
851,21,Ġcustomer,8.936766
851,22,.,2.006524
851,23,<|endoftext|>,8.920157
852,0,<|endoftext|>,0.0
852,1,I,5.770357
852,2,Ġknow,5.545684
852,3,Ġthat,2.749692
852,4,Ġthe,4.424222
852,5,Ġhe,14.635691
852,6,i,4.902154
852,7,ress,0.078768
852,8,Ġbelieved,15.657972
852,9,Ġher,3.747796
852,10,Ġfriend,8.60229
852,11,Ġsaid,11.46204
852,12,Ġshe,2.57251
852,13,Ġknew,6.13562
852,14,Ġthe,3.792256
852,15,Ġhost,11.085933
852,16,ess,2.464084
852,17,Ġintroduced,16.239082
852,18,Ġto,6.630883
852,19,Ġthe,2.607638
852,20,Ġregular,14.501738
852,21,Ġcustomer,7.888203
852,22,.,2.831874
852,23,<|endoftext|>,9.836545
853,0,<|endoftext|>,0.0
853,1,I,5.770357
853,2,Ġknow,5.545684
853,3,Ġthat,2.749692
853,4,Ġthe,4.424222
853,5,Ġhe,14.635691
853,6,i,4.902154
853,7,ress,0.078768
853,8,Ġbelieved,15.657972
853,9,Ġher,3.747796
853,10,Ġfriend,8.60229
853,11,Ġsaid,11.46204
853,12,Ġshe,2.57251
853,13,Ġknew,6.13562
853,14,Ġthe,3.792256
853,15,Ġhost,11.085933
853,16,ess,2.464084
853,17,Ġintroduced,16.239082
853,18,Ġher,1.669912
853,19,Ġfriend,6.059588
853,20,Ġto,1.044193
853,21,Ġthe,2.172351
853,22,Ġregular,12.918347
853,23,Ġcustomer,8.645956
853,24,.,2.222802
853,25,<|endoftext|>,9.998734
854,0,<|endoftext|>,0.0
854,1,I,5.770357
854,2,Ġknow,5.545684
854,3,Ġwho,8.366485
854,4,Ġthe,5.844156
854,5,Ġhe,13.466433
854,6,i,2.55336
854,7,ress,0.014537
854,8,Ġbelieved,17.873352
854,9,Ġher,6.892691
854,10,Ġfriend,8.298796
854,11,Ġsaid,10.780626
854,12,Ġshe,2.622922
854,13,Ġknew,6.185822
854,14,Ġthe,5.377558
854,15,Ġhost,11.683679
854,16,ess,2.180885
854,17,Ġintroduced,15.888492
854,18,Ġto,4.23101
854,19,Ġthe,2.719891
854,20,Ġregular,14.209496
854,21,Ġcustomer,7.791904
854,22,.,2.152986
854,23,<|endoftext|>,8.739642
855,0,<|endoftext|>,0.0
855,1,I,5.770357
855,2,Ġknow,5.545684
855,3,Ġwho,8.366485
855,4,Ġthe,5.844156
855,5,Ġhe,13.466433
855,6,i,2.55336
855,7,ress,0.014537
855,8,Ġbelieved,17.873352
855,9,Ġher,6.892691
855,10,Ġfriend,8.298796
855,11,Ġsaid,10.780626
855,12,Ġshe,2.622922
855,13,Ġknew,6.185822
855,14,Ġthe,5.377558
855,15,Ġhost,11.683679
855,16,ess,2.180885
855,17,Ġintroduced,15.888492
855,18,Ġher,1.772654
855,19,Ġfriend,5.993018
855,20,Ġto,1.110104
855,21,Ġthe,2.360458
855,22,Ġregular,12.794941
855,23,Ġcustomer,8.733235
855,24,.,1.87494
855,25,<|endoftext|>,8.866259
856,0,<|endoftext|>,0.0
856,1,I,5.770357
856,2,Ġknow,5.545684
856,3,Ġthat,2.749692
856,4,Ġthe,4.424222
856,5,Ġhe,14.635691
856,6,i,4.902154
856,7,ress,0.078768
856,8,Ġbelieved,15.657972
856,9,Ġher,3.747796
856,10,Ġfriend,8.60229
856,11,Ġsaid,11.46204
856,12,Ġshe,2.57251
856,13,Ġknew,6.13562
856,14,Ġthe,3.792256
856,15,Ġhost,11.085933
856,16,ess,2.464084
856,17,Ġintroduced,16.239082
856,18,Ġto,6.630883
856,19,Ġthe,2.607638
856,20,Ġregular,14.501738
856,21,Ġcustomer,7.888203
856,22,.,2.831874
856,23,<|endoftext|>,9.836545
857,0,<|endoftext|>,0.0
857,1,I,5.770357
857,2,Ġknow,5.545684
857,3,Ġthat,2.749692
857,4,Ġthe,4.424222
857,5,Ġhe,14.635691
857,6,i,4.902154
857,7,ress,0.078768
857,8,Ġbelieved,15.657972
857,9,Ġher,3.747796
857,10,Ġfriend,8.60229
857,11,Ġsaid,11.46204
857,12,Ġshe,2.57251
857,13,Ġknew,6.13562
857,14,Ġthe,3.792256
857,15,Ġhost,11.085933
857,16,ess,2.464084
857,17,Ġintroduced,16.239082
857,18,Ġher,1.669912
857,19,Ġfriend,6.059588
857,20,Ġto,1.044193
857,21,Ġthe,2.172351
857,22,Ġregular,12.918347
857,23,Ġcustomer,8.645956
857,24,.,2.222802
857,25,<|endoftext|>,9.998734
858,0,<|endoftext|>,0.0
858,1,I,5.770357
858,2,Ġknow,5.545684
858,3,Ġwho,8.366485
858,4,Ġthe,5.844156
858,5,Ġhe,13.466433
858,6,i,2.55336
858,7,ress,0.014537
858,8,Ġbelieved,17.873352
858,9,Ġher,6.892691
858,10,Ġfriend,8.298796
858,11,Ġsaid,10.780626
858,12,Ġshe,2.622922
858,13,Ġknew,6.185822
858,14,Ġthe,5.377558
858,15,Ġhost,11.683679
858,16,ess,2.180885
858,17,Ġintroduced,15.888492
858,18,Ġto,4.23101
858,19,Ġthe,2.719891
858,20,Ġregular,14.209496
858,21,Ġcustomer,7.791904
858,22,.,2.152986
858,23,<|endoftext|>,8.739642
859,0,<|endoftext|>,0.0
859,1,I,5.770357
859,2,Ġknow,5.545684
859,3,Ġwho,8.366485
859,4,Ġthe,5.844156
859,5,Ġhe,13.466433
859,6,i,2.55336
859,7,ress,0.014537
859,8,Ġbelieved,17.873352
859,9,Ġher,6.892691
859,10,Ġfriend,8.298796
859,11,Ġsaid,10.780626
859,12,Ġshe,2.622922
859,13,Ġknew,6.185822
859,14,Ġthe,5.377558
859,15,Ġhost,11.683679
859,16,ess,2.180885
859,17,Ġintroduced,15.888492
859,18,Ġher,1.772654
859,19,Ġfriend,5.993018
859,20,Ġto,1.110104
859,21,Ġthe,2.360458
859,22,Ġregular,12.794941
859,23,Ġcustomer,8.733235
859,24,.,1.87494
859,25,<|endoftext|>,8.866259
860,0,<|endoftext|>,0.0
860,1,You,7.682203
860,2,Ġknow,4.524784
860,3,Ġthat,3.787013
860,4,Ġthe,7.61201
860,5,Ġyoung,10.97441
860,6,Ġwoman,5.293861
860,7,Ġwaited,14.786104
860,8,Ġfor,1.999016
860,9,Ġat,10.472279
860,10,Ġthe,6.893268
860,11,Ġmovie,12.051556
860,12,Ġtheater,0.398636
860,13,.,4.669547
860,14,<|endoftext|>,10.248232
861,0,<|endoftext|>,0.0
861,1,You,7.68222
861,2,Ġknow,4.524771
861,3,Ġthat,3.786982
861,4,Ġthe,7.611992
861,5,Ġyoung,10.974428
861,6,Ġwoman,5.293888
861,7,Ġwaited,14.786196
861,8,Ġfor,1.99906
861,9,Ġher,1.743403
861,10,Ġmother,5.36524
861,11,Ġat,5.149027
861,12,Ġthe,1.020421
861,13,Ġmovie,11.761442
861,14,Ġtheater,0.347981
861,15,.,3.977822
861,16,<|endoftext|>,10.508693
862,0,<|endoftext|>,0.0
862,1,You,7.682203
862,2,Ġknow,4.524784
862,3,Ġwho,5.052563
862,4,Ġthe,6.464221
862,5,Ġyoung,9.923546
862,6,Ġwoman,5.741141
862,7,Ġwaited,15.718361
862,8,Ġfor,0.605467
862,9,Ġat,4.260428
862,10,Ġthe,1.189752
862,11,Ġmovie,11.056886
862,12,Ġtheater,0.354347
862,13,.,5.520393
862,14,<|endoftext|>,8.404311
863,0,<|endoftext|>,0.0
863,1,You,7.68222
863,2,Ġknow,4.524771
863,3,Ġwho,5.052576
863,4,Ġthe,6.464205
863,5,Ġyoung,9.923517
863,6,Ġwoman,5.741151
863,7,Ġwaited,15.718447
863,8,Ġfor,0.605511
863,9,Ġher,6.085837
863,10,Ġmother,5.767911
863,11,Ġat,5.096445
863,12,Ġthe,1.10876
863,13,Ġmovie,11.057176
863,14,Ġtheater,0.408896
863,15,.,5.264433
863,16,<|endoftext|>,8.717843
864,0,<|endoftext|>,0.0
864,1,You,7.68222
864,2,Ġknow,4.524771
864,3,Ġthat,3.786982
864,4,Ġthe,7.611992
864,5,Ġman,8.267877
864,6,Ġsaid,7.985195
864,7,Ġthe,4.900341
864,8,Ġyoung,10.920682
864,9,Ġwoman,2.763765
864,10,Ġwaited,12.186736
864,11,Ġfor,2.094505
864,12,Ġat,10.987817
864,13,Ġthe,7.553219
864,14,Ġmovie,12.014147
864,15,Ġtheater,0.457559
864,16,.,3.931788
864,17,<|endoftext|>,9.527421
865,0,<|endoftext|>,0.0
865,1,You,7.68222
865,2,Ġknow,4.524771
865,3,Ġthat,3.786982
865,4,Ġthe,7.611992
865,5,Ġman,8.267877
865,6,Ġsaid,7.985195
865,7,Ġthe,4.900341
865,8,Ġyoung,10.920682
865,9,Ġwoman,2.763765
865,10,Ġwaited,12.186736
865,11,Ġfor,2.094505
865,12,Ġher,2.55337
865,13,Ġmother,4.846755
865,14,Ġat,5.576256
865,15,Ġthe,0.979102
865,16,Ġmovie,11.705546
865,17,Ġtheater,0.366701
865,18,.,3.363939
865,19,<|endoftext|>,9.758175
866,0,<|endoftext|>,0.0
866,1,You,7.68222
866,2,Ġknow,4.524771
866,3,Ġwho,5.052576
866,4,Ġthe,6.464205
866,5,Ġman,6.228427
866,6,Ġsaid,7.185384
866,7,Ġthe,5.748247
866,8,Ġyoung,11.50037
866,9,Ġwoman,3.429199
866,10,Ġwaited,12.855604
866,11,Ġfor,0.843921
866,12,Ġat,5.754709
866,13,Ġthe,1.70325
866,14,Ġmovie,11.558574
866,15,Ġtheater,0.33282
866,16,.,4.663319
866,17,<|endoftext|>,7.834905
867,0,<|endoftext|>,0.0
867,1,You,7.68222
867,2,Ġknow,4.524771
867,3,Ġwho,5.052576
867,4,Ġthe,6.464205
867,5,Ġman,6.228427
867,6,Ġsaid,7.185384
867,7,Ġthe,5.748247
867,8,Ġyoung,11.50037
867,9,Ġwoman,3.429199
867,10,Ġwaited,12.855604
867,11,Ġfor,0.843921
867,12,Ġher,3.134783
867,13,Ġmother,5.311926
867,14,Ġat,5.117531
867,15,Ġthe,0.956935
867,16,Ġmovie,11.397425
867,17,Ġtheater,0.33115
867,18,.,4.334248
867,19,<|endoftext|>,8.01556
868,0,<|endoftext|>,0.0
868,1,You,7.68222
868,2,Ġknow,4.524771
868,3,Ġthat,3.786982
868,4,Ġthe,7.611992
868,5,Ġman,8.267877
868,6,Ġsaid,7.985195
868,7,Ġthe,4.900341
868,8,Ġattendant,17.874175
868,9,Ġsaw,9.631642
868,10,Ġthe,2.57447
868,11,Ġyoung,8.192101
868,12,Ġwoman,2.005194
868,13,Ġwaited,17.970652
868,14,Ġfor,1.635041
868,15,Ġat,9.659638
868,16,Ġthe,3.906683
868,17,Ġmovie,13.718031
868,18,Ġtheater,0.662686
868,19,.,3.165092
868,20,<|endoftext|>,9.797188
869,0,<|endoftext|>,0.0
869,1,You,7.68222
869,2,Ġknow,4.524771
869,3,Ġthat,3.786982
869,4,Ġthe,7.611992
869,5,Ġman,8.267877
869,6,Ġsaid,7.985195
869,7,Ġthe,4.900341
869,8,Ġattendant,17.874175
869,9,Ġsaw,9.631642
869,10,Ġthe,2.57447
869,11,Ġyoung,8.192101
869,12,Ġwoman,2.005194
869,13,Ġwaited,17.970652
869,14,Ġfor,1.635041
869,15,Ġher,2.252728
869,16,Ġmother,6.492721
869,17,Ġat,4.42893
869,18,Ġthe,0.714719
869,19,Ġmovie,13.310464
869,20,Ġtheater,0.548353
869,21,.,2.932103
869,22,<|endoftext|>,9.905333
870,0,<|endoftext|>,0.0
870,1,You,7.68222
870,2,Ġknow,4.524771
870,3,Ġwho,5.052576
870,4,Ġthe,6.464205
870,5,Ġman,6.228427
870,6,Ġsaid,7.185384
870,7,Ġthe,5.748247
870,8,Ġattendant,20.049663
870,9,Ġsaw,9.476089
870,10,Ġthe,4.046476
870,11,Ġyoung,8.255506
870,12,Ġwoman,2.096245
870,13,Ġwaited,17.318334
870,14,Ġfor,1.453586
870,15,Ġat,7.614758
870,16,Ġthe,1.516725
870,17,Ġmovie,13.527595
870,18,Ġtheater,0.581933
870,19,.,3.744681
870,20,<|endoftext|>,8.246665
871,0,<|endoftext|>,0.0
871,1,You,7.68222
871,2,Ġknow,4.524771
871,3,Ġwho,5.052576
871,4,Ġthe,6.464205
871,5,Ġman,6.228427
871,6,Ġsaid,7.185384
871,7,Ġthe,5.748247
871,8,Ġattendant,20.049663
871,9,Ġsaw,9.476089
871,10,Ġthe,4.046476
871,11,Ġyoung,8.255506
871,12,Ġwoman,2.096245
871,13,Ġwaited,17.318334
871,14,Ġfor,1.453586
871,15,Ġher,2.212345
871,16,Ġmother,6.972981
871,17,Ġat,4.166017
871,18,Ġthe,0.698276
871,19,Ġmovie,13.154346
871,20,Ġtheater,0.526784
871,21,.,3.545388
871,22,<|endoftext|>,8.284771
872,0,<|endoftext|>,0.0
872,1,You,7.68222
872,2,Ġknow,4.524771
872,3,Ġthat,3.786982
872,4,Ġthe,7.611992
872,5,Ġman,8.267877
872,6,Ġsaid,7.985195
872,7,Ġthe,4.900341
872,8,Ġattendant,17.874175
872,9,Ġsaw,9.631642
872,10,Ġher,3.910068
872,11,Ġfriend,8.816246
872,12,Ġknew,17.093847
872,13,Ġthe,3.880248
872,14,Ġyoung,9.775947
872,15,Ġwoman,1.887423
872,16,Ġwaited,15.263014
872,17,Ġfor,1.738263
872,18,Ġat,10.968968
872,19,Ġthe,3.677734
872,20,Ġmovie,13.008953
872,21,Ġtheater,0.797304
872,22,.,2.587251
872,23,<|endoftext|>,9.677009
873,0,<|endoftext|>,0.0
873,1,You,7.68222
873,2,Ġknow,4.524771
873,3,Ġthat,3.786982
873,4,Ġthe,7.611992
873,5,Ġman,8.267877
873,6,Ġsaid,7.985195
873,7,Ġthe,4.900341
873,8,Ġattendant,17.874175
873,9,Ġsaw,9.631642
873,10,Ġher,3.910068
873,11,Ġfriend,8.816246
873,12,Ġknew,17.093847
873,13,Ġthe,3.880248
873,14,Ġyoung,9.775947
873,15,Ġwoman,1.887423
873,16,Ġwaited,15.263014
873,17,Ġfor,1.738263
873,18,Ġher,1.34221
873,19,Ġmother,8.613111
873,20,Ġat,4.778973
873,21,Ġthe,0.877324
873,22,Ġmovie,12.338937
873,23,Ġtheater,0.606429
873,24,.,2.452726
873,25,<|endoftext|>,9.629727
874,0,<|endoftext|>,0.0
874,1,You,7.68222
874,2,Ġknow,4.524771
874,3,Ġwho,5.052576
874,4,Ġthe,6.464205
874,5,Ġman,6.228427
874,6,Ġsaid,7.185384
874,7,Ġthe,5.748247
874,8,Ġattendant,20.049663
874,9,Ġsaw,9.476089
874,10,Ġher,5.735792
874,11,Ġfriend,8.934213
874,12,Ġknew,17.152838
874,13,Ġthe,4.538526
874,14,Ġyoung,10.194283
874,15,Ġwoman,1.865917
874,16,Ġwaited,14.253364
874,17,Ġfor,1.667201
874,18,Ġat,10.297066
874,19,Ġthe,2.771526
874,20,Ġmovie,13.031482
874,21,Ġtheater,0.797713
874,22,.,3.182357
874,23,<|endoftext|>,7.787275
875,0,<|endoftext|>,0.0
875,1,You,7.68222
875,2,Ġknow,4.524771
875,3,Ġwho,5.052576
875,4,Ġthe,6.464205
875,5,Ġman,6.228427
875,6,Ġsaid,7.185384
875,7,Ġthe,5.748247
875,8,Ġattendant,20.049663
875,9,Ġsaw,9.476089
875,10,Ġher,5.735792
875,11,Ġfriend,8.934213
875,12,Ġknew,17.152838
875,13,Ġthe,4.538526
875,14,Ġyoung,10.194283
875,15,Ġwoman,1.865917
875,16,Ġwaited,14.253364
875,17,Ġfor,1.667201
875,18,Ġher,1.301278
875,19,Ġmother,8.819343
875,20,Ġat,4.718939
875,21,Ġthe,0.830586
875,22,Ġmovie,12.428494
875,23,Ġtheater,0.648218
875,24,.,2.930298
875,25,<|endoftext|>,7.764174
876,0,<|endoftext|>,0.0
876,1,You,7.68222
876,2,Ġknow,4.524771
876,3,Ġthat,3.786982
876,4,Ġthe,7.611992
876,5,Ġman,8.267877
876,6,Ġsaid,7.985195
876,7,Ġthe,4.900341
876,8,Ġattendant,17.874175
876,9,Ġsaw,9.631642
876,10,Ġher,3.910068
876,11,Ġfriend,8.816246
876,12,Ġknew,17.093847
876,13,Ġthe,3.880248
876,14,Ġyoung,9.775947
876,15,Ġwoman,1.887423
876,16,Ġwaited,15.263014
876,17,Ġfor,1.738263
876,18,Ġat,10.968968
876,19,Ġthe,3.677734
876,20,Ġmovie,13.008953
876,21,Ġtheater,0.797304
876,22,.,2.587251
876,23,<|endoftext|>,9.677009
877,0,<|endoftext|>,0.0
877,1,You,7.68222
877,2,Ġknow,4.524771
877,3,Ġthat,3.786982
877,4,Ġthe,7.611992
877,5,Ġman,8.267877
877,6,Ġsaid,7.985195
877,7,Ġthe,4.900341
877,8,Ġattendant,17.874175
877,9,Ġsaw,9.631642
877,10,Ġher,3.910068
877,11,Ġfriend,8.816246
877,12,Ġknew,17.093847
877,13,Ġthe,3.880248
877,14,Ġyoung,9.775947
877,15,Ġwoman,1.887423
877,16,Ġwaited,15.263014
877,17,Ġfor,1.738263
877,18,Ġher,1.34221
877,19,Ġmother,8.613111
877,20,Ġat,4.778973
877,21,Ġthe,0.877324
877,22,Ġmovie,12.338937
877,23,Ġtheater,0.606429
877,24,.,2.452726
877,25,<|endoftext|>,9.629727
878,0,<|endoftext|>,0.0
878,1,You,7.68222
878,2,Ġknow,4.524771
878,3,Ġwho,5.052576
878,4,Ġthe,6.464205
878,5,Ġman,6.228427
878,6,Ġsaid,7.185384
878,7,Ġthe,5.748247
878,8,Ġattendant,20.049663
878,9,Ġsaw,9.476089
878,10,Ġher,5.735792
878,11,Ġfriend,8.934213
878,12,Ġknew,17.152838
878,13,Ġthe,4.538526
878,14,Ġyoung,10.194283
878,15,Ġwoman,1.865917
878,16,Ġwaited,14.253364
878,17,Ġfor,1.667201
878,18,Ġat,10.297066
878,19,Ġthe,2.771526
878,20,Ġmovie,13.031482
878,21,Ġtheater,0.797713
878,22,.,3.182357
878,23,<|endoftext|>,7.787275
879,0,<|endoftext|>,0.0
879,1,You,7.68222
879,2,Ġknow,4.524771
879,3,Ġwho,5.052576
879,4,Ġthe,6.464205
879,5,Ġman,6.228427
879,6,Ġsaid,7.185384
879,7,Ġthe,5.748247
879,8,Ġattendant,20.049663
879,9,Ġsaw,9.476089
879,10,Ġher,5.735792
879,11,Ġfriend,8.934213
879,12,Ġknew,17.152838
879,13,Ġthe,4.538526
879,14,Ġyoung,10.194283
879,15,Ġwoman,1.865917
879,16,Ġwaited,14.253364
879,17,Ġfor,1.667201
879,18,Ġher,1.301278
879,19,Ġmother,8.819343
879,20,Ġat,4.718939
879,21,Ġthe,0.830586
879,22,Ġmovie,12.428494
879,23,Ġtheater,0.648218
879,24,.,2.930298
879,25,<|endoftext|>,7.764174
880,0,<|endoftext|>,0.0
880,1,The,4.729313
880,2,Ġneighbors,15.961525
880,3,Ġfound,9.498378
880,4,Ġout,4.967376
880,5,Ġthat,2.611256
880,6,Ġthe,2.653942
880,7,Ġyoung,8.157766
880,8,Ġwoman,2.926721
880,9,Ġbought,11.787881
880,10,Ġfor,10.480448
880,11,Ġher,3.258114
880,12,Ġparents,6.56697
880,13,.,7.637858
880,14,<|endoftext|>,7.085244
881,0,<|endoftext|>,0.0
881,1,The,4.729281
881,2,Ġneighbors,15.961583
881,3,Ġfound,9.498288
881,4,Ġout,4.967343
881,5,Ġthat,2.611273
881,6,Ġthe,2.653965
881,7,Ġyoung,8.157776
881,8,Ġwoman,2.926718
881,9,Ġbought,11.787828
881,10,Ġa,1.615743
881,11,Ġgift,8.603773
881,12,Ġfor,2.238561
881,13,Ġher,1.48026
881,14,Ġparents,6.667908
881,15,.,3.324709
881,16,<|endoftext|>,7.38242
882,0,<|endoftext|>,0.0
882,1,The,4.729313
882,2,Ġneighbors,15.961525
882,3,Ġfound,9.498378
882,4,Ġout,4.967376
882,5,Ġwhat,5.185503
882,6,Ġthe,4.406224
882,7,Ġyoung,8.767868
882,8,Ġwoman,3.48555
882,9,Ġbought,11.885688
882,10,Ġfor,2.419431
882,11,Ġher,2.969664
882,12,Ġparents,6.655269
882,13,.,2.543312
882,14,<|endoftext|>,6.545182
883,0,<|endoftext|>,0.0
883,1,The,4.729281
883,2,Ġneighbors,15.961583
883,3,Ġfound,9.498288
883,4,Ġout,4.967343
883,5,Ġwhat,5.18562
883,6,Ġthe,4.406234
883,7,Ġyoung,8.76787
883,8,Ġwoman,3.485582
883,9,Ġbought,11.885614
883,10,Ġa,5.705148
883,11,Ġgift,8.913138
883,12,Ġfor,0.825465
883,13,Ġher,2.746721
883,14,Ġparents,6.953173
883,15,.,2.434384
883,16,<|endoftext|>,6.562661
884,0,<|endoftext|>,0.0
884,1,The,4.729281
884,2,Ġneighbors,15.961583
884,3,Ġfound,9.498288
884,4,Ġout,4.967343
884,5,Ġthat,2.611273
884,6,Ġher,6.08784
884,7,Ġmother,4.685974
884,8,Ġheard,12.766309
884,9,Ġthe,2.631726
884,10,Ġyoung,8.760134
884,11,Ġwoman,2.026369
884,12,Ġbought,18.72174
884,13,Ġfor,9.738663
884,14,Ġher,1.843629
884,15,Ġparents,9.745956
884,16,.,5.171653
884,17,<|endoftext|>,7.503699
885,0,<|endoftext|>,0.0
885,1,The,4.729281
885,2,Ġneighbors,15.961583
885,3,Ġfound,9.498288
885,4,Ġout,4.967343
885,5,Ġthat,2.611273
885,6,Ġher,6.08784
885,7,Ġmother,4.685974
885,8,Ġheard,12.766309
885,9,Ġthe,2.631726
885,10,Ġyoung,8.760134
885,11,Ġwoman,2.026369
885,12,Ġbought,18.72174
885,13,Ġa,1.870499
885,14,Ġgift,8.847278
885,15,Ġfor,2.256956
885,16,Ġher,1.092479
885,17,Ġparents,9.183457
885,18,.,3.134
885,19,<|endoftext|>,7.410261
886,0,<|endoftext|>,0.0
886,1,The,4.729281
886,2,Ġneighbors,15.961583
886,3,Ġfound,9.498288
886,4,Ġout,4.967343
886,5,Ġwhat,5.18562
886,6,Ġher,8.644129
886,7,Ġmother,5.138842
886,8,Ġheard,11.241158
886,9,Ġthe,6.009526
886,10,Ġyoung,8.840043
886,11,Ġwoman,1.936286
886,12,Ġbought,20.136209
886,13,Ġfor,2.374268
886,14,Ġher,2.129582
886,15,Ġparents,8.406969
886,16,.,1.979739
886,17,<|endoftext|>,6.569264
887,0,<|endoftext|>,0.0
887,1,The,4.729281
887,2,Ġneighbors,15.961583
887,3,Ġfound,9.498288
887,4,Ġout,4.967343
887,5,Ġwhat,5.18562
887,6,Ġher,8.644129
887,7,Ġmother,5.138842
887,8,Ġheard,11.241158
887,9,Ġthe,6.009526
887,10,Ġyoung,8.840043
887,11,Ġwoman,1.936286
887,12,Ġbought,20.136209
887,13,Ġa,5.326514
887,14,Ġgift,9.294037
887,15,Ġfor,1.189802
887,16,Ġher,2.062327
887,17,Ġparents,9.053362
887,18,.,2.054645
887,19,<|endoftext|>,6.722716
888,0,<|endoftext|>,0.0
888,1,The,4.729281
888,2,Ġneighbors,15.961583
888,3,Ġfound,9.498288
888,4,Ġout,4.967343
888,5,Ġthat,2.611273
888,6,Ġher,6.08784
888,7,Ġmother,4.685974
888,8,Ġheard,12.766309
888,9,Ġthe,2.631726
888,10,Ġnewspaper,14.722324
888,11,Ġreported,9.827112
888,12,Ġthe,3.133083
888,13,Ġyoung,9.099211
888,14,Ġwoman,1.650705
888,15,Ġbought,14.043345
888,16,Ġfor,8.631639
888,17,Ġher,2.719557
888,18,Ġparents,8.096532
888,19,.,3.188825
888,20,<|endoftext|>,6.924284
889,0,<|endoftext|>,0.0
889,1,The,4.729281
889,2,Ġneighbors,15.961583
889,3,Ġfound,9.498288
889,4,Ġout,4.967343
889,5,Ġthat,2.611273
889,6,Ġher,6.08784
889,7,Ġmother,4.685974
889,8,Ġheard,12.766309
889,9,Ġthe,2.631726
889,10,Ġnewspaper,14.722324
889,11,Ġreported,9.827112
889,12,Ġthe,3.133083
889,13,Ġyoung,9.099211
889,14,Ġwoman,1.650705
889,15,Ġbought,14.043345
889,16,Ġa,1.812771
889,17,Ġgift,8.242527
889,18,Ġfor,1.899485
889,19,Ġher,1.116908
889,20,Ġparents,8.284701
889,21,.,2.396198
889,22,<|endoftext|>,6.764863
890,0,<|endoftext|>,0.0
890,1,The,4.729281
890,2,Ġneighbors,15.961583
890,3,Ġfound,9.498288
890,4,Ġout,4.967343
890,5,Ġwhat,5.18562
890,6,Ġher,8.644129
890,7,Ġmother,5.138842
890,8,Ġheard,11.241158
890,9,Ġthe,6.009526
890,10,Ġnewspaper,14.22643
890,11,Ġreported,5.256593
890,12,Ġthe,6.954622
890,13,Ġyoung,9.557934
890,14,Ġwoman,1.501389
890,15,Ġbought,13.597726
890,16,Ġfor,2.00985
890,17,Ġher,2.691378
890,18,Ġparents,7.255427
890,19,.,1.605323
890,20,<|endoftext|>,6.587242
891,0,<|endoftext|>,0.0
891,1,The,4.729281
891,2,Ġneighbors,15.961583
891,3,Ġfound,9.498288
891,4,Ġout,4.967343
891,5,Ġwhat,5.18562
891,6,Ġher,8.644129
891,7,Ġmother,5.138842
891,8,Ġheard,11.241158
891,9,Ġthe,6.009526
891,10,Ġnewspaper,14.22643
891,11,Ġreported,5.256593
891,12,Ġthe,6.954622
891,13,Ġyoung,9.557934
891,14,Ġwoman,1.501389
891,15,Ġbought,13.597726
891,16,Ġa,4.259725
891,17,Ġgift,8.648101
891,18,Ġfor,1.736043
891,19,Ġher,1.03628
891,20,Ġparents,7.867285
891,21,.,2.015034
891,22,<|endoftext|>,6.592774
892,0,<|endoftext|>,0.0
892,1,The,4.729281
892,2,Ġneighbors,15.961583
892,3,Ġfound,9.498288
892,4,Ġout,4.967343
892,5,Ġthat,2.611273
892,6,Ġher,6.08784
892,7,Ġmother,4.685974
892,8,Ġheard,12.766309
892,9,Ġthe,2.631726
892,10,Ġnewspaper,14.722324
892,11,Ġreported,9.827112
892,12,Ġthe,3.133083
892,13,Ġmayor,11.328305
892,14,Ġsaid,8.085535
892,15,Ġthe,3.252141
892,16,Ġyoung,9.499897
892,17,Ġwoman,1.606515
892,18,Ġbought,11.835322
892,19,Ġfor,9.369413
892,20,Ġher,2.182649
892,21,Ġparents,8.280983
892,22,.,3.402954
892,23,<|endoftext|>,6.179209
893,0,<|endoftext|>,0.0
893,1,The,4.729281
893,2,Ġneighbors,15.961583
893,3,Ġfound,9.498288
893,4,Ġout,4.967343
893,5,Ġthat,2.611273
893,6,Ġher,6.08784
893,7,Ġmother,4.685974
893,8,Ġheard,12.766309
893,9,Ġthe,2.631726
893,10,Ġnewspaper,14.722324
893,11,Ġreported,9.827112
893,12,Ġthe,3.133083
893,13,Ġmayor,11.328305
893,14,Ġsaid,8.085535
893,15,Ġthe,3.252141
893,16,Ġyoung,9.499897
893,17,Ġwoman,1.606515
893,18,Ġbought,11.835322
893,19,Ġa,2.044262
893,20,Ġgift,8.451794
893,21,Ġfor,1.687546
893,22,Ġher,1.426523
893,23,Ġparents,8.276931
893,24,.,2.131062
893,25,<|endoftext|>,5.983857
894,0,<|endoftext|>,0.0
894,1,The,4.729281
894,2,Ġneighbors,15.961583
894,3,Ġfound,9.498288
894,4,Ġout,4.967343
894,5,Ġwhat,5.18562
894,6,Ġher,8.644129
894,7,Ġmother,5.138842
894,8,Ġheard,11.241158
894,9,Ġthe,6.009526
894,10,Ġnewspaper,14.22643
894,11,Ġreported,5.256593
894,12,Ġthe,6.954622
894,13,Ġmayor,12.758925
894,14,Ġsaid,4.236251
894,15,Ġthe,5.800808
894,16,Ġyoung,8.848701
894,17,Ġwoman,1.436992
894,18,Ġbought,11.668168
894,19,Ġfor,1.904676
894,20,Ġher,2.170319
894,21,Ġparents,7.42809
894,22,.,1.686397
894,23,<|endoftext|>,6.042337
895,0,<|endoftext|>,0.0
895,1,The,4.729281
895,2,Ġneighbors,15.961583
895,3,Ġfound,9.498288
895,4,Ġout,4.967343
895,5,Ġwhat,5.18562
895,6,Ġher,8.644129
895,7,Ġmother,5.138842
895,8,Ġheard,11.241158
895,9,Ġthe,6.009526
895,10,Ġnewspaper,14.22643
895,11,Ġreported,5.256593
895,12,Ġthe,6.954622
895,13,Ġmayor,12.758925
895,14,Ġsaid,4.236251
895,15,Ġthe,5.800808
895,16,Ġyoung,8.848701
895,17,Ġwoman,1.436992
895,18,Ġbought,11.668168
895,19,Ġa,4.177687
895,20,Ġgift,8.547556
895,21,Ġfor,1.564551
895,22,Ġher,1.341577
895,23,Ġparents,7.866081
895,24,.,2.044114
895,25,<|endoftext|>,6.05318
896,0,<|endoftext|>,0.0
896,1,The,4.729281
896,2,Ġneighbors,15.961583
896,3,Ġfound,9.498288
896,4,Ġout,4.967343
896,5,Ġthat,2.611273
896,6,Ġher,6.08784
896,7,Ġmother,4.685974
896,8,Ġheard,12.766309
896,9,Ġthe,2.631726
896,10,Ġnewspaper,14.722324
896,11,Ġreported,9.827112
896,12,Ġthe,3.133083
896,13,Ġmayor,11.328305
896,14,Ġsaid,8.085535
896,15,Ġthe,3.252141
896,16,Ġyoung,9.499897
896,17,Ġwoman,1.606515
896,18,Ġbought,11.835322
896,19,Ġfor,9.369413
896,20,Ġher,2.182649
896,21,Ġparents,8.280983
896,22,.,3.402954
896,23,<|endoftext|>,6.179209
897,0,<|endoftext|>,0.0
897,1,The,4.729281
897,2,Ġneighbors,15.961583
897,3,Ġfound,9.498288
897,4,Ġout,4.967343
897,5,Ġthat,2.611273
897,6,Ġher,6.08784
897,7,Ġmother,4.685974
897,8,Ġheard,12.766309
897,9,Ġthe,2.631726
897,10,Ġnewspaper,14.722324
897,11,Ġreported,9.827112
897,12,Ġthe,3.133083
897,13,Ġmayor,11.328305
897,14,Ġsaid,8.085535
897,15,Ġthe,3.252141
897,16,Ġyoung,9.499897
897,17,Ġwoman,1.606515
897,18,Ġbought,11.835322
897,19,Ġa,2.044262
897,20,Ġgift,8.451794
897,21,Ġfor,1.687546
897,22,Ġher,1.426523
897,23,Ġparents,8.276931
897,24,.,2.131062
897,25,<|endoftext|>,5.983857
898,0,<|endoftext|>,0.0
898,1,The,4.729281
898,2,Ġneighbors,15.961583
898,3,Ġfound,9.498288
898,4,Ġout,4.967343
898,5,Ġwhat,5.18562
898,6,Ġher,8.644129
898,7,Ġmother,5.138842
898,8,Ġheard,11.241158
898,9,Ġthe,6.009526
898,10,Ġnewspaper,14.22643
898,11,Ġreported,5.256593
898,12,Ġthe,6.954622
898,13,Ġmayor,12.758925
898,14,Ġsaid,4.236251
898,15,Ġthe,5.800808
898,16,Ġyoung,8.848701
898,17,Ġwoman,1.436992
898,18,Ġbought,11.668168
898,19,Ġfor,1.904676
898,20,Ġher,2.170319
898,21,Ġparents,7.42809
898,22,.,1.686397
898,23,<|endoftext|>,6.042337
899,0,<|endoftext|>,0.0
899,1,The,4.729281
899,2,Ġneighbors,15.961583
899,3,Ġfound,9.498288
899,4,Ġout,4.967343
899,5,Ġwhat,5.18562
899,6,Ġher,8.644129
899,7,Ġmother,5.138842
899,8,Ġheard,11.241158
899,9,Ġthe,6.009526
899,10,Ġnewspaper,14.22643
899,11,Ġreported,5.256593
899,12,Ġthe,6.954622
899,13,Ġmayor,12.758925
899,14,Ġsaid,4.236251
899,15,Ġthe,5.800808
899,16,Ġyoung,8.848701
899,17,Ġwoman,1.436992
899,18,Ġbought,11.668168
899,19,Ġa,4.177687
899,20,Ġgift,8.547556
899,21,Ġfor,1.564551
899,22,Ġher,1.341577
899,23,Ġparents,7.866081
899,24,.,2.044114
899,25,<|endoftext|>,6.05318
900,0,<|endoftext|>,0.0
900,1,He,8.582737
900,2,Ġknows,8.734376
900,3,Ġthat,2.922586
900,4,Ġthe,3.683981
900,5,Ġpolice,8.714706
900,6,Ġinterrogated,14.636797
900,7,Ġin,9.483769
900,8,Ġthe,2.206248
900,9,Ġbasement,8.342943
900,10,.,6.927369
900,11,<|endoftext|>,9.691643
901,0,<|endoftext|>,0.0
901,1,He,8.582737
901,2,Ġknows,8.734376
901,3,Ġthat,2.922574
901,4,Ġthe,3.683981
901,5,Ġpolice,8.714694
901,6,Ġinterrogated,14.636794
901,7,Ġthe,5.171379
901,8,Ġsuspect,5.2252
901,9,Ġin,3.816709
901,10,Ġthe,1.431207
901,11,Ġbasement,11.153522
901,12,.,3.513916
901,13,<|endoftext|>,9.790056
902,0,<|endoftext|>,0.0
902,1,He,8.582737
902,2,Ġknows,8.734376
902,3,Ġwho,6.314426
902,4,Ġthe,4.333661
902,5,Ġpolice,9.947937
902,6,Ġinterrogated,14.825829
902,7,Ġin,5.054121
902,8,Ġthe,2.021048
902,9,Ġbasement,8.651309
902,10,.,2.484068
902,11,<|endoftext|>,8.651156
903,0,<|endoftext|>,0.0
903,1,He,8.582737
903,2,Ġknows,8.734376
903,3,Ġwho,6.314424
903,4,Ġthe,4.333661
903,5,Ġpolice,9.947936
903,6,Ġinterrogated,14.82584
903,7,Ġthe,6.136582
903,8,Ġsuspect,4.438737
903,9,Ġin,2.254062
903,10,Ġthe,1.141351
903,11,Ġbasement,12.412625
903,12,.,2.539232
903,13,<|endoftext|>,8.652334
904,0,<|endoftext|>,0.0
904,1,He,8.582737
904,2,Ġknows,8.734376
904,3,Ġthat,2.922586
904,4,Ġthe,3.683981
904,5,Ġinspector,15.441081
904,6,Ġbelieved,17.761739
904,7,Ġthe,2.896189
904,8,Ġpolice,7.426874
904,9,Ġinterrogated,13.941907
904,10,Ġin,9.956658
904,11,Ġthe,1.79092
904,12,Ġbasement,9.985584
904,13,.,5.399759
904,14,<|endoftext|>,8.887501
905,0,<|endoftext|>,0.0
905,1,He,8.582732
905,2,Ġknows,8.734344
905,3,Ġthat,2.922593
905,4,Ġthe,3.684015
905,5,Ġinspector,15.4411
905,6,Ġbelieved,17.761638
905,7,Ġthe,2.896212
905,8,Ġpolice,7.426873
905,9,Ġinterrogated,13.94202
905,10,Ġthe,4.424394
905,11,Ġsuspect,4.512068
905,12,Ġin,4.144949
905,13,Ġthe,1.77147
905,14,Ġbasement,9.045993
905,15,.,2.853806
905,16,<|endoftext|>,8.628033
906,0,<|endoftext|>,0.0
906,1,He,8.582737
906,2,Ġknows,8.734376
906,3,Ġwho,6.314426
906,4,Ġthe,4.333661
906,5,Ġinspector,14.238181
906,6,Ġbelieved,15.13482
906,7,Ġthe,7.269143
906,8,Ġpolice,6.731146
906,9,Ġinterrogated,13.152906
906,10,Ġin,5.702955
906,11,Ġthe,1.610011
906,12,Ġbasement,10.426355
906,13,.,2.231541
906,14,<|endoftext|>,8.117
907,0,<|endoftext|>,0.0
907,1,He,8.582732
907,2,Ġknows,8.734344
907,3,Ġwho,6.31441
907,4,Ġthe,4.333633
907,5,Ġinspector,14.238199
907,6,Ġbelieved,15.134806
907,7,Ġthe,7.269158
907,8,Ġpolice,6.731131
907,9,Ġinterrogated,13.152895
907,10,Ġthe,6.170627
907,11,Ġsuspect,3.743672
907,12,Ġin,2.102183
907,13,Ġthe,1.334021
907,14,Ġbasement,10.7397
907,15,.,2.156306
907,16,<|endoftext|>,7.999948
908,0,<|endoftext|>,0.0
908,1,He,8.582732
908,2,Ġknows,8.734344
908,3,Ġthat,2.922593
908,4,Ġthe,3.684015
908,5,Ġinspector,15.4411
908,6,Ġbelieved,17.761638
908,7,Ġthe,2.896212
908,8,Ġman,5.775289
908,9,Ġreported,11.511199
908,10,Ġthe,1.685899
908,11,Ġpolice,9.003147
908,12,Ġinterrogated,17.894167
908,13,Ġin,8.401716
908,14,Ġthe,1.793674
908,15,Ġbasement,7.49279
908,16,.,2.988624
908,17,<|endoftext|>,7.834077
909,0,<|endoftext|>,0.0
909,1,He,8.582732
909,2,Ġknows,8.734344
909,3,Ġthat,2.922593
909,4,Ġthe,3.684015
909,5,Ġinspector,15.4411
909,6,Ġbelieved,17.761638
909,7,Ġthe,2.896212
909,8,Ġman,5.775289
909,9,Ġreported,11.511199
909,10,Ġthe,1.685899
909,11,Ġpolice,9.003147
909,12,Ġinterrogated,17.894167
909,13,Ġthe,4.625846
909,14,Ġsuspect,3.640564
909,15,Ġin,4.30017
909,16,Ġthe,2.07043
909,17,Ġbasement,6.740524
909,18,.,2.664689
909,19,<|endoftext|>,7.667414
910,0,<|endoftext|>,0.0
910,1,He,8.582732
910,2,Ġknows,8.734344
910,3,Ġwho,6.31441
910,4,Ġthe,4.333633
910,5,Ġinspector,14.238199
910,6,Ġbelieved,15.134806
910,7,Ġthe,7.269158
910,8,Ġman,4.107474
910,9,Ġreported,12.728682
910,10,Ġthe,4.019446
910,11,Ġpolice,8.769698
910,12,Ġinterrogated,15.681595
910,13,Ġin,5.846087
910,14,Ġthe,1.761838
910,15,Ġbasement,7.615071
910,16,.,2.131155
910,17,<|endoftext|>,7.260922
911,0,<|endoftext|>,0.0
911,1,He,8.582732
911,2,Ġknows,8.734344
911,3,Ġwho,6.31441
911,4,Ġthe,4.333633
911,5,Ġinspector,14.238199
911,6,Ġbelieved,15.134806
911,7,Ġthe,7.269158
911,8,Ġman,4.107474
911,9,Ġreported,12.728682
911,10,Ġthe,4.019446
911,11,Ġpolice,8.769698
911,12,Ġinterrogated,15.681595
911,13,Ġthe,6.518652
911,14,Ġsuspect,3.307228
911,15,Ġin,3.12394
911,16,Ġthe,2.138213
911,17,Ġbasement,7.496622
911,18,.,2.144457
911,19,<|endoftext|>,7.063307
912,0,<|endoftext|>,0.0
912,1,He,8.582732
912,2,Ġknows,8.734344
912,3,Ġthat,2.922593
912,4,Ġthe,3.684015
912,5,Ġinspector,15.4411
912,6,Ġbelieved,17.761638
912,7,Ġthe,2.896212
912,8,Ġman,5.775289
912,9,Ġreported,11.511199
912,10,Ġhe,7.98676
912,11,Ġknew,7.862259
912,12,Ġthe,2.712449
912,13,Ġpolice,7.849441
912,14,Ġinterrogated,15.099961
912,15,Ġin,9.218975
912,16,Ġthe,1.755035
912,17,Ġbasement,6.441402
912,18,.,2.739739
912,19,<|endoftext|>,7.79547
913,0,<|endoftext|>,0.0
913,1,He,8.582732
913,2,Ġknows,8.734344
913,3,Ġthat,2.922593
913,4,Ġthe,3.684015
913,5,Ġinspector,15.4411
913,6,Ġbelieved,17.761638
913,7,Ġthe,2.896212
913,8,Ġman,5.775289
913,9,Ġreported,11.511199
913,10,Ġhe,7.98676
913,11,Ġknew,7.862259
913,12,Ġthe,2.712449
913,13,Ġpolice,7.849441
913,14,Ġinterrogated,15.099961
913,15,Ġthe,4.047696
913,16,Ġsuspect,3.525594
913,17,Ġin,4.655711
913,18,Ġthe,2.043712
913,19,Ġbasement,6.819537
913,20,.,2.534604
913,21,<|endoftext|>,7.656438
914,0,<|endoftext|>,0.0
914,1,He,8.582732
914,2,Ġknows,8.734344
914,3,Ġwho,6.31441
914,4,Ġthe,4.333633
914,5,Ġinspector,14.238199
914,6,Ġbelieved,15.134806
914,7,Ġthe,7.269158
914,8,Ġman,4.107474
914,9,Ġreported,12.728682
914,10,Ġhe,9.22062
914,11,Ġknew,6.3045
914,12,Ġthe,7.136874
914,13,Ġpolice,7.874311
914,14,Ġinterrogated,13.973114
914,15,Ġin,6.00745
914,16,Ġthe,1.864443
914,17,Ġbasement,6.427758
914,18,.,2.046638
914,19,<|endoftext|>,7.288058
915,0,<|endoftext|>,0.0
915,1,He,8.582732
915,2,Ġknows,8.734344
915,3,Ġwho,6.31441
915,4,Ġthe,4.333633
915,5,Ġinspector,14.238199
915,6,Ġbelieved,15.134806
915,7,Ġthe,7.269158
915,8,Ġman,4.107474
915,9,Ġreported,12.728682
915,10,Ġhe,9.22062
915,11,Ġknew,6.3045
915,12,Ġthe,7.136874
915,13,Ġpolice,7.874311
915,14,Ġinterrogated,13.973114
915,15,Ġthe,5.874432
915,16,Ġsuspect,3.347287
915,17,Ġin,3.740498
915,18,Ġthe,2.044141
915,19,Ġbasement,7.253657
915,20,.,2.149565
915,21,<|endoftext|>,7.131089
916,0,<|endoftext|>,0.0
916,1,He,8.582732
916,2,Ġknows,8.734344
916,3,Ġthat,2.922593
916,4,Ġthe,3.684015
916,5,Ġinspector,15.4411
916,6,Ġbelieved,17.761638
916,7,Ġthe,2.896212
916,8,Ġman,5.775289
916,9,Ġreported,11.511199
916,10,Ġhe,7.98676
916,11,Ġknew,7.862259
916,12,Ġthe,2.712449
916,13,Ġpolice,7.849441
916,14,Ġinterrogated,15.099961
916,15,Ġin,9.218975
916,16,Ġthe,1.755035
916,17,Ġbasement,6.441402
916,18,.,2.739739
916,19,<|endoftext|>,7.79547
917,0,<|endoftext|>,0.0
917,1,He,8.582732
917,2,Ġknows,8.734344
917,3,Ġthat,2.922593
917,4,Ġthe,3.684015
917,5,Ġinspector,15.4411
917,6,Ġbelieved,17.761638
917,7,Ġthe,2.896212
917,8,Ġman,5.775289
917,9,Ġreported,11.511199
917,10,Ġhe,7.98676
917,11,Ġknew,7.862259
917,12,Ġthe,2.712449
917,13,Ġpolice,7.849441
917,14,Ġinterrogated,15.099961
917,15,Ġthe,4.047696
917,16,Ġsuspect,3.525594
917,17,Ġin,4.655711
917,18,Ġthe,2.043712
917,19,Ġbasement,6.819537
917,20,.,2.534604
917,21,<|endoftext|>,7.656438
918,0,<|endoftext|>,0.0
918,1,He,8.582732
918,2,Ġknows,8.734344
918,3,Ġwho,6.31441
918,4,Ġthe,4.333633
918,5,Ġinspector,14.238199
918,6,Ġbelieved,15.134806
918,7,Ġthe,7.269158
918,8,Ġman,4.107474
918,9,Ġreported,12.728682
918,10,Ġhe,9.22062
918,11,Ġknew,6.3045
918,12,Ġthe,7.136874
918,13,Ġpolice,7.874311
918,14,Ġinterrogated,13.973114
918,15,Ġin,6.00745
918,16,Ġthe,1.864443
918,17,Ġbasement,6.427758
918,18,.,2.046638
918,19,<|endoftext|>,7.288058
919,0,<|endoftext|>,0.0
919,1,He,8.582732
919,2,Ġknows,8.734344
919,3,Ġwho,6.31441
919,4,Ġthe,4.333633
919,5,Ġinspector,14.238199
919,6,Ġbelieved,15.134806
919,7,Ġthe,7.269158
919,8,Ġman,4.107474
919,9,Ġreported,12.728682
919,10,Ġhe,9.22062
919,11,Ġknew,6.3045
919,12,Ġthe,7.136874
919,13,Ġpolice,7.874311
919,14,Ġinterrogated,13.973114
919,15,Ġthe,5.874432
919,16,Ġsuspect,3.347287
919,17,Ġin,3.740498
919,18,Ġthe,2.044141
919,19,Ġbasement,7.253657
919,20,.,2.149565
919,21,<|endoftext|>,7.131089
920,0,<|endoftext|>,0.0
920,1,She,9.588393
920,2,Ġknows,8.547399
920,3,Ġthat,3.373155
920,4,Ġthe,4.09474
920,5,Ġsoldier,13.330741
920,6,Ġthanked,14.719051
920,7,Ġin,10.872436
920,8,Ġthe,2.677373
920,9,Ġmess,15.340835
920,10,Ġhall,2.939489
920,11,.,3.74392
920,12,<|endoftext|>,8.092329
921,0,<|endoftext|>,0.0
921,1,She,9.588393
921,2,Ġknows,8.547399
921,3,Ġthat,3.373149
921,4,Ġthe,4.09474
921,5,Ġsoldier,13.330741
921,6,Ġthanked,14.719069
921,7,Ġthe,4.492652
921,8,Ġcook,13.627206
921,9,Ġin,5.052323
921,10,Ġthe,2.169631
921,11,Ġmess,12.491162
921,12,Ġhall,0.796328
921,13,.,3.143424
921,14,<|endoftext|>,8.122301
922,0,<|endoftext|>,0.0
922,1,She,9.588393
922,2,Ġknows,8.547399
922,3,Ġwho,6.179725
922,4,Ġthe,4.654339
922,5,Ġsoldier,11.451276
922,6,Ġthanked,18.822574
922,7,Ġin,5.993212
922,8,Ġthe,2.031922
922,9,Ġmess,14.196671
922,10,Ġhall,2.501399
922,11,.,1.722202
922,12,<|endoftext|>,7.454688
923,0,<|endoftext|>,0.0
923,1,She,9.588393
923,2,Ġknows,8.547399
923,3,Ġwho,6.179697
923,4,Ġthe,4.654339
923,5,Ġsoldier,11.451276
923,6,Ġthanked,18.822566
923,7,Ġthe,6.121544
923,8,Ġcook,15.210801
923,9,Ġin,6.121661
923,10,Ġthe,1.368438
923,11,Ġmess,11.489207
923,12,Ġhall,0.817029
923,13,.,1.980952
923,14,<|endoftext|>,7.463313
924,0,<|endoftext|>,0.0
924,1,She,9.588382
924,2,Ġknows,8.547404
924,3,Ġthat,3.373128
924,4,Ġthe,4.094763
924,5,Ġcaptain,13.727571
924,6,Ġsaid,9.20406
924,7,Ġthe,4.763924
924,8,Ġsoldier,12.733418
924,9,Ġthanked,13.887916
924,10,Ġin,12.752662
924,11,Ġthe,3.037542
924,12,Ġmess,15.399082
924,13,Ġhall,2.818797
924,14,.,3.035797
924,15,<|endoftext|>,7.090655
925,0,<|endoftext|>,0.0
925,1,She,9.588377
925,2,Ġknows,8.547394
925,3,Ġthat,3.373129
925,4,Ġthe,4.094771
925,5,Ġcaptain,13.727564
925,6,Ġsaid,9.204067
925,7,Ġthe,4.763949
925,8,Ġsoldier,12.733432
925,9,Ġthanked,13.887928
925,10,Ġthe,4.561529
925,11,Ġcook,13.120799
925,12,Ġin,5.461425
925,13,Ġthe,2.271081
925,14,Ġmess,12.090938
925,15,Ġhall,1.048968
925,16,.,2.79871
925,17,<|endoftext|>,6.939732
926,0,<|endoftext|>,0.0
926,1,She,9.588382
926,2,Ġknows,8.547404
926,3,Ġwho,6.179819
926,4,Ġthe,4.654308
926,5,Ġcaptain,11.656771
926,6,Ġsaid,12.304489
926,7,Ġthe,6.787536
926,8,Ġsoldier,11.180351
926,9,Ġthanked,16.108999
926,10,Ġin,6.154998
926,11,Ġthe,2.220981
926,12,Ġmess,14.314329
926,13,Ġhall,1.789295
926,14,.,1.359389
926,15,<|endoftext|>,6.16477
927,0,<|endoftext|>,0.0
927,1,She,9.588377
927,2,Ġknows,8.547394
927,3,Ġwho,6.17982
927,4,Ġthe,4.654325
927,5,Ġcaptain,11.656775
927,6,Ġsaid,12.304488
927,7,Ġthe,6.78755
927,8,Ġsoldier,11.180349
927,9,Ġthanked,16.108997
927,10,Ġthe,6.727056
927,11,Ġcook,14.637889
927,12,Ġin,5.930406
927,13,Ġthe,1.56686
927,14,Ġmess,11.21225
927,15,Ġhall,0.953259
927,16,.,1.575516
927,17,<|endoftext|>,5.880194
928,0,<|endoftext|>,0.0
928,1,She,9.588377
928,2,Ġknows,8.547394
928,3,Ġthat,3.373129
928,4,Ġthe,4.094771
928,5,Ġcaptain,13.727564
928,6,Ġsaid,9.204067
928,7,Ġthe,4.763949
928,8,Ġpilot,9.969822
928,9,Ġthought,8.944177
928,10,Ġthe,2.954343
928,11,Ġsoldier,13.304438
928,12,Ġthanked,17.024062
928,13,Ġin,12.673377
928,14,Ġthe,3.025048
928,15,Ġmess,15.300182
928,16,Ġhall,2.915888
928,17,.,2.774611
928,18,<|endoftext|>,6.861457
929,0,<|endoftext|>,0.0
929,1,She,9.588377
929,2,Ġknows,8.547394
929,3,Ġthat,3.373129
929,4,Ġthe,4.094771
929,5,Ġcaptain,13.727564
929,6,Ġsaid,9.204067
929,7,Ġthe,4.763949
929,8,Ġpilot,9.969822
929,9,Ġthought,8.944177
929,10,Ġthe,2.954343
929,11,Ġsoldier,13.304438
929,12,Ġthanked,17.024062
929,13,Ġthe,4.35471
929,14,Ġcook,12.360481
929,15,Ġin,5.390544
929,16,Ġthe,2.140258
929,17,Ġmess,12.211709
929,18,Ġhall,1.360945
929,19,.,2.424494
929,20,<|endoftext|>,6.802626
930,0,<|endoftext|>,0.0
930,1,She,9.588377
930,2,Ġknows,8.547394
930,3,Ġwho,6.17982
930,4,Ġthe,4.654325
930,5,Ġcaptain,11.656775
930,6,Ġsaid,12.304488
930,7,Ġthe,6.78755
930,8,Ġpilot,8.668126
930,9,Ġthought,7.89114
930,10,Ġthe,5.847544
930,11,Ġsoldier,13.146293
930,12,Ġthanked,17.901493
930,13,Ġin,6.914612
930,14,Ġthe,2.508576
930,15,Ġmess,14.059379
930,16,Ġhall,1.954234
930,17,.,1.380808
930,18,<|endoftext|>,5.87133
931,0,<|endoftext|>,0.0
931,1,She,9.588377
931,2,Ġknows,8.547394
931,3,Ġwho,6.17982
931,4,Ġthe,4.654325
931,5,Ġcaptain,11.656775
931,6,Ġsaid,12.304488
931,7,Ġthe,6.78755
931,8,Ġpilot,8.668126
931,9,Ġthought,7.89114
931,10,Ġthe,5.847544
931,11,Ġsoldier,13.146293
931,12,Ġthanked,17.901493
931,13,Ġthe,5.973677
931,14,Ġcook,13.403164
931,15,Ġin,5.618277
931,16,Ġthe,1.627478
931,17,Ġmess,11.594715
931,18,Ġhall,1.275399
931,19,.,1.426071
931,20,<|endoftext|>,5.745474
932,0,<|endoftext|>,0.0
932,1,She,9.588377
932,2,Ġknows,8.547394
932,3,Ġthat,3.373129
932,4,Ġthe,4.094771
932,5,Ġcaptain,13.727564
932,6,Ġsaid,9.204067
932,7,Ġthe,4.763949
932,8,Ġpilot,9.969822
932,9,Ġthought,8.944177
932,10,Ġhe,1.650908
932,11,Ġknew,6.922778
932,12,Ġthe,2.838889
932,13,Ġsoldier,12.656066
932,14,Ġthanked,19.544919
932,15,Ġin,10.776667
932,16,Ġthe,3.060299
932,17,Ġmess,15.01658
932,18,Ġhall,1.931621
932,19,.,2.114245
932,20,<|endoftext|>,6.728651
933,0,<|endoftext|>,0.0
933,1,She,9.588377
933,2,Ġknows,8.547394
933,3,Ġthat,3.373129
933,4,Ġthe,4.094771
933,5,Ġcaptain,13.727564
933,6,Ġsaid,9.204067
933,7,Ġthe,4.763949
933,8,Ġpilot,9.969822
933,9,Ġthought,8.944177
933,10,Ġhe,1.650908
933,11,Ġknew,6.922778
933,12,Ġthe,2.838889
933,13,Ġsoldier,12.656066
933,14,Ġthanked,19.544919
933,15,Ġthe,4.452923
933,16,Ġcook,13.168387
933,17,Ġin,5.598166
933,18,Ġthe,2.01847
933,19,Ġmess,11.7257
933,20,Ġhall,1.03018
933,21,.,2.084731
933,22,<|endoftext|>,6.577715
934,0,<|endoftext|>,0.0
934,1,She,9.588377
934,2,Ġknows,8.547394
934,3,Ġwho,6.17982
934,4,Ġthe,4.654325
934,5,Ġcaptain,11.656775
934,6,Ġsaid,12.304488
934,7,Ġthe,6.78755
934,8,Ġpilot,8.668126
934,9,Ġthought,7.89114
934,10,Ġhe,1.746531
934,11,Ġknew,7.5869
934,12,Ġthe,6.439443
934,13,Ġsoldier,11.654276
934,14,Ġthanked,17.201501
934,15,Ġin,6.88773
934,16,Ġthe,2.898029
934,17,Ġmess,14.162043
934,18,Ġhall,1.548356
934,19,.,1.408709
934,20,<|endoftext|>,5.596043
935,0,<|endoftext|>,0.0
935,1,She,9.588377
935,2,Ġknows,8.547394
935,3,Ġwho,6.17982
935,4,Ġthe,4.654325
935,5,Ġcaptain,11.656775
935,6,Ġsaid,12.304488
935,7,Ġthe,6.78755
935,8,Ġpilot,8.668126
935,9,Ġthought,7.89114
935,10,Ġhe,1.746531
935,11,Ġknew,7.5869
935,12,Ġthe,6.439443
935,13,Ġsoldier,11.654276
935,14,Ġthanked,17.201501
935,15,Ġthe,5.540926
935,16,Ġcook,14.429267
935,17,Ġin,5.29431
935,18,Ġthe,1.770491
935,19,Ġmess,11.230616
935,20,Ġhall,0.870306
935,21,.,1.509878
935,22,<|endoftext|>,5.375263
936,0,<|endoftext|>,0.0
936,1,She,9.588377
936,2,Ġknows,8.547394
936,3,Ġthat,3.373129
936,4,Ġthe,4.094771
936,5,Ġcaptain,13.727564
936,6,Ġsaid,9.204067
936,7,Ġthe,4.763949
936,8,Ġpilot,9.969822
936,9,Ġthought,8.944177
936,10,Ġhe,1.650908
936,11,Ġknew,6.922778
936,12,Ġthe,2.838889
936,13,Ġsoldier,12.656066
936,14,Ġthanked,19.544919
936,15,Ġin,10.776667
936,16,Ġthe,3.060299
936,17,Ġmess,15.01658
936,18,Ġhall,1.931621
936,19,.,2.114245
936,20,<|endoftext|>,6.728651
937,0,<|endoftext|>,0.0
937,1,She,9.588377
937,2,Ġknows,8.547394
937,3,Ġthat,3.373129
937,4,Ġthe,4.094771
937,5,Ġcaptain,13.727564
937,6,Ġsaid,9.204067
937,7,Ġthe,4.763949
937,8,Ġpilot,9.969822
937,9,Ġthought,8.944177
937,10,Ġhe,1.650908
937,11,Ġknew,6.922778
937,12,Ġthe,2.838889
937,13,Ġsoldier,12.656066
937,14,Ġthanked,19.544919
937,15,Ġthe,4.452923
937,16,Ġcook,13.168387
937,17,Ġin,5.598166
937,18,Ġthe,2.01847
937,19,Ġmess,11.7257
937,20,Ġhall,1.03018
937,21,.,2.084731
937,22,<|endoftext|>,6.577715
938,0,<|endoftext|>,0.0
938,1,She,9.588377
938,2,Ġknows,8.547394
938,3,Ġwho,6.17982
938,4,Ġthe,4.654325
938,5,Ġcaptain,11.656775
938,6,Ġsaid,12.304488
938,7,Ġthe,6.78755
938,8,Ġpilot,8.668126
938,9,Ġthought,7.89114
938,10,Ġhe,1.746531
938,11,Ġknew,7.5869
938,12,Ġthe,6.439443
938,13,Ġsoldier,11.654276
938,14,Ġthanked,17.201501
938,15,Ġin,6.88773
938,16,Ġthe,2.898029
938,17,Ġmess,14.162043
938,18,Ġhall,1.548356
938,19,.,1.408709
938,20,<|endoftext|>,5.596043
939,0,<|endoftext|>,0.0
939,1,She,9.588377
939,2,Ġknows,8.547394
939,3,Ġwho,6.17982
939,4,Ġthe,4.654325
939,5,Ġcaptain,11.656775
939,6,Ġsaid,12.304488
939,7,Ġthe,6.78755
939,8,Ġpilot,8.668126
939,9,Ġthought,7.89114
939,10,Ġhe,1.746531
939,11,Ġknew,7.5869
939,12,Ġthe,6.439443
939,13,Ġsoldier,11.654276
939,14,Ġthanked,17.201501
939,15,Ġthe,5.540926
939,16,Ġcook,14.429267
939,17,Ġin,5.29431
939,18,Ġthe,1.770491
939,19,Ġmess,11.230616
939,20,Ġhall,0.870306
939,21,.,1.509878
939,22,<|endoftext|>,5.375263
940,0,<|endoftext|>,0.0
940,1,They,9.39695
940,2,Ġknow,7.895996
940,3,Ġthat,2.878176
940,4,Ġthe,3.625604
940,5,Ġlawyer,14.264164
940,6,Ġreassured,18.838941
940,7,Ġlast,13.488912
940,8,Ġnight,3.129517
940,9,.,7.205985
940,10,<|endoftext|>,7.423996
941,0,<|endoftext|>,0.0
941,1,They,9.39695
941,2,Ġknow,7.895996
941,3,Ġthat,2.878176
941,4,Ġthe,3.625604
941,5,Ġlawyer,14.264153
941,6,Ġreassured,18.838941
941,7,Ġhis,6.179322
941,8,Ġclient,2.5025
941,9,Ġlast,7.494286
941,10,Ġnight,3.699373
941,11,.,5.436095
941,12,<|endoftext|>,7.773784
942,0,<|endoftext|>,0.0
942,1,They,9.39695
942,2,Ġknow,7.895996
942,3,Ġwho,5.464134
942,4,Ġthe,4.252008
942,5,Ġlawyer,11.507491
942,6,Ġreassured,22.752256
942,7,Ġlast,11.16346
942,8,Ġnight,2.743655
942,9,.,2.308752
942,10,<|endoftext|>,6.495837
943,0,<|endoftext|>,0.0
943,1,They,9.39695
943,2,Ġknow,7.895996
943,3,Ġwho,5.464134
943,4,Ġthe,4.252008
943,5,Ġlawyer,11.50749
943,6,Ġreassured,22.752256
943,7,Ġhis,9.445745
943,8,Ġclient,2.963655
943,9,Ġlast,7.318334
943,10,Ġnight,2.919549
943,11,.,1.94907
943,12,<|endoftext|>,7.077436
944,0,<|endoftext|>,0.0
944,1,They,9.39695
944,2,Ġknow,7.895996
944,3,Ġthat,2.878176
944,4,Ġthe,3.625604
944,5,Ġman,8.496851
944,6,Ġsaid,8.80995
944,7,Ġthe,4.002767
944,8,Ġlawyer,13.737403
944,9,Ġreassured,16.831375
944,10,Ġlast,15.314183
944,11,Ġnight,2.606013
944,12,.,5.604152
944,13,<|endoftext|>,6.892141
945,0,<|endoftext|>,0.0
945,1,They,9.396972
945,2,Ġknow,7.895986
945,3,Ġthat,2.878197
945,4,Ġthe,3.62555
945,5,Ġman,8.496807
945,6,Ġsaid,8.809932
945,7,Ġthe,4.002761
945,8,Ġlawyer,13.737493
945,9,Ġreassured,16.831317
945,10,Ġhis,6.610098
945,11,Ġclient,1.878654
945,12,Ġlast,9.019654
945,13,Ġnight,3.106209
945,14,.,3.939553
945,15,<|endoftext|>,7.251232
946,0,<|endoftext|>,0.0
946,1,They,9.39695
946,2,Ġknow,7.895996
946,3,Ġwho,5.464134
946,4,Ġthe,4.252008
946,5,Ġman,5.015672
946,6,Ġsaid,8.965581
946,7,Ġthe,6.594082
946,8,Ġlawyer,12.07734
946,9,Ġreassured,21.089721
946,10,Ġlast,12.567965
946,11,Ġnight,2.321534
946,12,.,1.405772
946,13,<|endoftext|>,6.585262
947,0,<|endoftext|>,0.0
947,1,They,9.396972
947,2,Ġknow,7.895986
947,3,Ġwho,5.464167
947,4,Ġthe,4.252055
947,5,Ġman,5.015715
947,6,Ġsaid,8.965718
947,7,Ġthe,6.594115
947,8,Ġlawyer,12.077304
947,9,Ġreassured,21.089792
947,10,Ġhis,8.560196
947,11,Ġclient,2.358058
947,12,Ġlast,9.244791
947,13,Ġnight,2.642727
947,14,.,1.286084
947,15,<|endoftext|>,7.146606
948,0,<|endoftext|>,0.0
948,1,They,9.396978
948,2,Ġknow,7.895982
948,3,Ġthat,2.878192
948,4,Ġthe,3.625553
948,5,Ġman,8.496807
948,6,Ġsaid,8.809948
948,7,Ġthe,4.002763
948,8,Ġneighbors,14.524199
948,9,Ġthought,7.658643
948,10,Ġthe,3.127394
948,11,Ġlawyer,14.074186
948,12,Ġreassured,18.888328
948,13,Ġlast,15.078968
948,14,Ġnight,2.060565
948,15,.,5.591996
948,16,<|endoftext|>,6.414462
949,0,<|endoftext|>,0.0
949,1,They,9.396978
949,2,Ġknow,7.895982
949,3,Ġthat,2.878192
949,4,Ġthe,3.625553
949,5,Ġman,8.496807
949,6,Ġsaid,8.809948
949,7,Ġthe,4.002763
949,8,Ġneighbors,14.524199
949,9,Ġthought,7.658643
949,10,Ġthe,3.127394
949,11,Ġlawyer,14.074186
949,12,Ġreassured,18.888328
949,13,Ġhis,6.002543
949,14,Ġclient,3.293586
949,15,Ġlast,9.474967
949,16,Ġnight,2.539094
949,17,.,2.48407
949,18,<|endoftext|>,6.750833
950,0,<|endoftext|>,0.0
950,1,They,9.396978
950,2,Ġknow,7.895982
950,3,Ġwho,5.464162
950,4,Ġthe,4.252062
950,5,Ġman,5.015697
950,6,Ġsaid,8.965718
950,7,Ġthe,6.594117
950,8,Ġneighbors,13.954352
950,9,Ġthought,6.775002
950,10,Ġthe,5.744972
950,11,Ġlawyer,14.404745
950,12,Ġreassured,22.30944
950,13,Ġlast,12.651119
950,14,Ġnight,2.019466
950,15,.,1.10051
950,16,<|endoftext|>,6.194536
951,0,<|endoftext|>,0.0
951,1,They,9.396978
951,2,Ġknow,7.895982
951,3,Ġwho,5.464162
951,4,Ġthe,4.252062
951,5,Ġman,5.015697
951,6,Ġsaid,8.965718
951,7,Ġthe,6.594117
951,8,Ġneighbors,13.954352
951,9,Ġthought,6.775002
951,10,Ġthe,5.744972
951,11,Ġlawyer,14.404745
951,12,Ġreassured,22.30944
951,13,Ġhis,7.884432
951,14,Ġclient,3.379363
951,15,Ġlast,9.218583
951,16,Ġnight,2.479622
951,17,.,0.980233
951,18,<|endoftext|>,6.636193
952,0,<|endoftext|>,0.0
952,1,They,9.396978
952,2,Ġknow,7.895982
952,3,Ġthat,2.878192
952,4,Ġthe,3.625553
952,5,Ġman,8.496807
952,6,Ġsaid,8.809948
952,7,Ġthe,4.002763
952,8,Ġneighbors,14.524199
952,9,Ġthought,7.658643
952,10,Ġthey,2.929809
952,11,Ġknew,6.471878
952,12,Ġthe,3.354202
952,13,Ġlawyer,12.928896
952,14,Ġreassured,22.651131
952,15,Ġlast,15.21853
952,16,Ġnight,1.984214
952,17,.,3.191654
952,18,<|endoftext|>,6.370196
953,0,<|endoftext|>,0.0
953,1,They,9.396978
953,2,Ġknow,7.895982
953,3,Ġthat,2.878192
953,4,Ġthe,3.625553
953,5,Ġman,8.496807
953,6,Ġsaid,8.809948
953,7,Ġthe,4.002763
953,8,Ġneighbors,14.524199
953,9,Ġthought,7.658643
953,10,Ġthey,2.929809
953,11,Ġknew,6.471878
953,12,Ġthe,3.354202
953,13,Ġlawyer,12.928896
953,14,Ġreassured,22.651131
953,15,Ġhis,6.864654
953,16,Ġclient,4.149725
953,17,Ġlast,9.539735
953,18,Ġnight,2.74774
953,19,.,1.83129
953,20,<|endoftext|>,6.600017
954,0,<|endoftext|>,0.0
954,1,They,9.396978
954,2,Ġknow,7.895982
954,3,Ġwho,5.464162
954,4,Ġthe,4.252062
954,5,Ġman,5.015697
954,6,Ġsaid,8.965718
954,7,Ġthe,6.594117
954,8,Ġneighbors,13.954352
954,9,Ġthought,6.775002
954,10,Ġthey,2.221535
954,11,Ġknew,6.057045
954,12,Ġthe,7.640128
954,13,Ġlawyer,13.309023
954,14,Ġreassured,23.337118
954,15,Ġlast,12.735596
954,16,Ġnight,2.003748
954,17,.,1.210539
954,18,<|endoftext|>,6.488968
955,0,<|endoftext|>,0.0
955,1,They,9.396978
955,2,Ġknow,7.895982
955,3,Ġwho,5.464162
955,4,Ġthe,4.252062
955,5,Ġman,5.015697
955,6,Ġsaid,8.965718
955,7,Ġthe,6.594117
955,8,Ġneighbors,13.954352
955,9,Ġthought,6.775002
955,10,Ġthey,2.221535
955,11,Ġknew,6.057045
955,12,Ġthe,7.640128
955,13,Ġlawyer,13.309023
955,14,Ġreassured,23.337118
955,15,Ġhis,7.966366
955,16,Ġclient,4.600848
955,17,Ġlast,8.687843
955,18,Ġnight,2.803962
955,19,.,1.111638
955,20,<|endoftext|>,6.763129
956,0,<|endoftext|>,0.0
956,1,They,9.396978
956,2,Ġknow,7.895982
956,3,Ġthat,2.878192
956,4,Ġthe,3.625553
956,5,Ġman,8.496807
956,6,Ġsaid,8.809948
956,7,Ġthe,4.002763
956,8,Ġneighbors,14.524199
956,9,Ġthought,7.658643
956,10,Ġthey,2.929809
956,11,Ġknew,6.471878
956,12,Ġthe,3.354202
956,13,Ġlawyer,12.928896
956,14,Ġreassured,22.651131
956,15,Ġlast,15.21853
956,16,Ġnight,1.984214
956,17,.,3.191654
956,18,<|endoftext|>,6.370196
957,0,<|endoftext|>,0.0
957,1,They,9.396978
957,2,Ġknow,7.895982
957,3,Ġthat,2.878192
957,4,Ġthe,3.625553
957,5,Ġman,8.496807
957,6,Ġsaid,8.809948
957,7,Ġthe,4.002763
957,8,Ġneighbors,14.524199
957,9,Ġthought,7.658643
957,10,Ġthey,2.929809
957,11,Ġknew,6.471878
957,12,Ġthe,3.354202
957,13,Ġlawyer,12.928896
957,14,Ġreassured,22.651131
957,15,Ġhis,6.864654
957,16,Ġclient,4.149725
957,17,Ġlast,9.539735
957,18,Ġnight,2.74774
957,19,.,1.83129
957,20,<|endoftext|>,6.600017
958,0,<|endoftext|>,0.0
958,1,They,9.396978
958,2,Ġknow,7.895982
958,3,Ġwho,5.464162
958,4,Ġthe,4.252062
958,5,Ġman,5.015697
958,6,Ġsaid,8.965718
958,7,Ġthe,6.594117
958,8,Ġneighbors,13.954352
958,9,Ġthought,6.775002
958,10,Ġthey,2.221535
958,11,Ġknew,6.057045
958,12,Ġthe,7.640128
958,13,Ġlawyer,13.309023
958,14,Ġreassured,23.337118
958,15,Ġlast,12.735596
958,16,Ġnight,2.003748
958,17,.,1.210539
958,18,<|endoftext|>,6.488968
959,0,<|endoftext|>,0.0
959,1,They,9.396978
959,2,Ġknow,7.895982
959,3,Ġwho,5.464162
959,4,Ġthe,4.252062
959,5,Ġman,5.015697
959,6,Ġsaid,8.965718
959,7,Ġthe,6.594117
959,8,Ġneighbors,13.954352
959,9,Ġthought,6.775002
959,10,Ġthey,2.221535
959,11,Ġknew,6.057045
959,12,Ġthe,7.640128
959,13,Ġlawyer,13.309023
959,14,Ġreassured,23.337118
959,15,Ġhis,7.966366
959,16,Ġclient,4.600848
959,17,Ġlast,8.687843
959,18,Ġnight,2.803962
959,19,.,1.111638
959,20,<|endoftext|>,6.763129
960,0,<|endoftext|>,0.0
960,1,He,8.582737
960,2,Ġreported,12.331583
960,3,Ġthat,2.374091
960,4,Ġthe,2.664716
960,5,Ġpirate,15.743633
960,6,Ġabandoned,14.51516
960,7,Ġon,7.627787
960,8,Ġthe,1.755082
960,9,Ġsinking,12.277806
960,10,Ġship,1.084907
960,11,.,6.088149
960,12,<|endoftext|>,6.436899
961,0,<|endoftext|>,0.0
961,1,He,8.582737
961,2,Ġreported,12.331583
961,3,Ġthat,2.374096
961,4,Ġthe,2.664716
961,5,Ġpirate,15.743633
961,6,Ġabandoned,14.515146
961,7,Ġhis,1.345679
961,8,Ġcomrades,11.769978
961,9,Ġon,4.361117
961,10,Ġthe,1.164849
961,11,Ġsinking,11.993899
961,12,Ġship,1.281661
961,13,.,3.171123
961,14,<|endoftext|>,7.16205
962,0,<|endoftext|>,0.0
962,1,He,8.582737
962,2,Ġreported,12.331583
962,3,Ġwho,12.870041
962,4,Ġthe,4.073936
962,5,Ġpirate,14.598413
962,6,Ġabandoned,15.642078
962,7,Ġon,5.049248
962,8,Ġthe,1.706348
962,9,Ġsinking,11.723409
962,10,Ġship,1.643555
962,11,.,1.857815
962,12,<|endoftext|>,6.192317
963,0,<|endoftext|>,0.0
963,1,He,8.582737
963,2,Ġreported,12.331583
963,3,Ġwho,12.870045
963,4,Ġthe,4.073936
963,5,Ġpirate,14.598413
963,6,Ġabandoned,15.6421
963,7,Ġhis,4.295669
963,8,Ġcomrades,10.441257
963,9,Ġon,4.585641
963,10,Ġthe,1.456611
963,11,Ġsinking,10.989803
963,12,Ġship,2.229846
963,13,.,1.839074
963,14,<|endoftext|>,6.558997
964,0,<|endoftext|>,0.0
964,1,He,8.582738
964,2,Ġreported,12.331528
964,3,Ġthat,2.37405
964,4,Ġthe,2.664666
964,5,Ġsailor,14.332107
964,6,Ġbelieved,9.702903
964,7,Ġthe,3.152743
964,8,Ġpirate,9.954372
964,9,Ġabandoned,14.155193
964,10,Ġon,8.676867
964,11,Ġthe,1.471047
964,12,Ġsinking,10.668743
964,13,Ġship,1.310184
964,14,.,4.046515
964,15,<|endoftext|>,5.729973
965,0,<|endoftext|>,0.0
965,1,He,8.582732
965,2,Ġreported,12.331528
965,3,Ġthat,2.374054
965,4,Ġthe,2.664676
965,5,Ġsailor,14.332116
965,6,Ġbelieved,9.702875
965,7,Ġthe,3.15275
965,8,Ġpirate,9.954372
965,9,Ġabandoned,14.155197
965,10,Ġhis,1.455589
965,11,Ġcomrades,11.57385
965,12,Ġon,4.437679
965,13,Ġthe,1.051243
965,14,Ġsinking,9.619885
965,15,Ġship,1.584264
965,16,.,2.081581
965,17,<|endoftext|>,6.038153
966,0,<|endoftext|>,0.0
966,1,He,8.582738
966,2,Ġreported,12.331528
966,3,Ġwho,12.869989
966,4,Ġthe,4.073953
966,5,Ġsailor,12.963744
966,6,Ġbelieved,9.052519
966,7,Ġthe,6.695461
966,8,Ġpirate,9.554974
966,9,Ġabandoned,16.197989
966,10,Ġon,4.440895
966,11,Ġthe,1.496847
966,12,Ġsinking,10.27211
966,13,Ġship,2.247759
966,14,.,1.469576
966,15,<|endoftext|>,5.713224
967,0,<|endoftext|>,0.0
967,1,He,8.582732
967,2,Ġreported,12.331528
967,3,Ġwho,12.869993
967,4,Ġthe,4.073953
967,5,Ġsailor,12.963729
967,6,Ġbelieved,9.052538
967,7,Ġthe,6.695465
967,8,Ġpirate,9.554983
967,9,Ġabandoned,16.197971
967,10,Ġhis,4.879862
967,11,Ġcomrades,11.188327
967,12,Ġon,3.886313
967,13,Ġthe,1.419012
967,14,Ġsinking,9.137866
967,15,Ġship,2.607049
967,16,.,1.3155
967,17,<|endoftext|>,5.846252
968,0,<|endoftext|>,0.0
968,1,He,8.582732
968,2,Ġreported,12.331528
968,3,Ġthat,2.374054
968,4,Ġthe,2.664676
968,5,Ġsailor,14.332116
968,6,Ġbelieved,9.702875
968,7,Ġthe,3.15275
968,8,Ġman,4.784316
968,9,Ġbelieved,9.567669
968,10,Ġthe,3.005241
968,11,Ġpirate,9.937253
968,12,Ġabandoned,15.106624
968,13,Ġon,8.351383
968,14,Ġthe,1.305683
968,15,Ġsinking,11.088932
968,16,Ġship,1.482507
968,17,.,1.904679
968,18,<|endoftext|>,5.661008
969,0,<|endoftext|>,0.0
969,1,He,8.582732
969,2,Ġreported,12.331528
969,3,Ġthat,2.374054
969,4,Ġthe,2.664676
969,5,Ġsailor,14.332116
969,6,Ġbelieved,9.702875
969,7,Ġthe,3.15275
969,8,Ġman,4.784316
969,9,Ġbelieved,9.567669
969,10,Ġthe,3.005241
969,11,Ġpirate,9.937253
969,12,Ġabandoned,15.106624
969,13,Ġhis,1.815371
969,14,Ġcomrades,12.224813
969,15,Ġon,4.641882
969,16,Ġthe,1.026197
969,17,Ġsinking,9.669489
969,18,Ġship,1.743013
969,19,.,1.3776
969,20,<|endoftext|>,5.807231
970,0,<|endoftext|>,0.0
970,1,He,8.582732
970,2,Ġreported,12.331528
970,3,Ġwho,12.869993
970,4,Ġthe,4.073953
970,5,Ġsailor,12.963729
970,6,Ġbelieved,9.052538
970,7,Ġthe,6.695465
970,8,Ġman,3.629886
970,9,Ġbelieved,9.078456
970,10,Ġthe,4.806471
970,11,Ġpirate,10.188512
970,12,Ġabandoned,16.087082
970,13,Ġon,4.730748
970,14,Ġthe,1.453686
970,15,Ġsinking,10.837641
970,16,Ġship,2.217698
970,17,.,1.122978
970,18,<|endoftext|>,5.474218
971,0,<|endoftext|>,0.0
971,1,He,8.582732
971,2,Ġreported,12.331528
971,3,Ġwho,12.869993
971,4,Ġthe,4.073953
971,5,Ġsailor,12.963729
971,6,Ġbelieved,9.052538
971,7,Ġthe,6.695465
971,8,Ġman,3.629886
971,9,Ġbelieved,9.078456
971,10,Ġthe,4.806471
971,11,Ġpirate,10.188512
971,12,Ġabandoned,16.087082
971,13,Ġhis,4.780653
971,14,Ġcomrades,11.791414
971,15,Ġon,4.163791
971,16,Ġthe,1.442736
971,17,Ġsinking,9.364373
971,18,Ġship,2.389497
971,19,.,1.071118
971,20,<|endoftext|>,5.515645
972,0,<|endoftext|>,0.0
972,1,He,8.582732
972,2,Ġreported,12.331528
972,3,Ġthat,2.374054
972,4,Ġthe,2.664676
972,5,Ġsailor,14.332116
972,6,Ġbelieved,9.702875
972,7,Ġthe,3.15275
972,8,Ġman,4.784316
972,9,Ġbelieved,9.567669
972,10,Ġhe,2.478671
972,11,Ġknew,6.839522
972,12,Ġthe,4.015225
972,13,Ġpirate,10.341884
972,14,Ġabandoned,16.614157
972,15,Ġon,6.595703
972,16,Ġthe,1.221527
972,17,Ġsinking,11.273973
972,18,Ġship,1.635232
972,19,.,1.59921
972,20,<|endoftext|>,5.777664
973,0,<|endoftext|>,0.0
973,1,He,8.582732
973,2,Ġreported,12.331528
973,3,Ġthat,2.374054
973,4,Ġthe,2.664676
973,5,Ġsailor,14.332116
973,6,Ġbelieved,9.702875
973,7,Ġthe,3.15275
973,8,Ġman,4.784316
973,9,Ġbelieved,9.567669
973,10,Ġhe,2.478671
973,11,Ġknew,6.839522
973,12,Ġthe,4.015225
973,13,Ġpirate,10.341884
973,14,Ġabandoned,16.614157
973,15,Ġhis,1.634953
973,16,Ġcomrades,12.515684
973,17,Ġon,4.58608
973,18,Ġthe,1.005168
973,19,Ġsinking,9.654576
973,20,Ġship,1.667576
973,21,.,1.406051
973,22,<|endoftext|>,5.88754
974,0,<|endoftext|>,0.0
974,1,He,8.582732
974,2,Ġreported,12.331528
974,3,Ġwho,12.869993
974,4,Ġthe,4.073953
974,5,Ġsailor,12.963729
974,6,Ġbelieved,9.052538
974,7,Ġthe,6.695465
974,8,Ġman,3.629886
974,9,Ġbelieved,9.078456
974,10,Ġhe,4.32274
974,11,Ġknew,6.029011
974,12,Ġthe,7.2475
974,13,Ġpirate,11.228533
974,14,Ġabandoned,17.142495
974,15,Ġon,4.519655
974,16,Ġthe,1.375136
974,17,Ġsinking,11.045958
974,18,Ġship,2.29994
974,19,.,1.080468
974,20,<|endoftext|>,5.579282
975,0,<|endoftext|>,0.0
975,1,He,8.582732
975,2,Ġreported,12.331528
975,3,Ġwho,12.869993
975,4,Ġthe,4.073953
975,5,Ġsailor,12.963729
975,6,Ġbelieved,9.052538
975,7,Ġthe,6.695465
975,8,Ġman,3.629886
975,9,Ġbelieved,9.078456
975,10,Ġhe,4.32274
975,11,Ġknew,6.029011
975,12,Ġthe,7.2475
975,13,Ġpirate,11.228533
975,14,Ġabandoned,17.142495
975,15,Ġhis,3.907473
975,16,Ġcomrades,12.30607
975,17,Ġon,4.297628
975,18,Ġthe,1.211138
975,19,Ġsinking,9.378184
975,20,Ġship,2.106498
975,21,.,1.171982
975,22,<|endoftext|>,5.624529
976,0,<|endoftext|>,0.0
976,1,He,8.582732
976,2,Ġreported,12.331528
976,3,Ġthat,2.374054
976,4,Ġthe,2.664676
976,5,Ġsailor,14.332116
976,6,Ġbelieved,9.702875
976,7,Ġthe,3.15275
976,8,Ġman,4.784316
976,9,Ġbelieved,9.567669
976,10,Ġhe,2.478671
976,11,Ġknew,6.839522
976,12,Ġthe,4.015225
976,13,Ġpirate,10.341884
976,14,Ġabandoned,16.614157
976,15,Ġon,6.595703
976,16,Ġthe,1.221527
976,17,Ġsinking,11.273973
976,18,Ġship,1.635232
976,19,.,1.59921
976,20,<|endoftext|>,5.777664
977,0,<|endoftext|>,0.0
977,1,He,8.582732
977,2,Ġreported,12.331528
977,3,Ġthat,2.374054
977,4,Ġthe,2.664676
977,5,Ġsailor,14.332116
977,6,Ġbelieved,9.702875
977,7,Ġthe,3.15275
977,8,Ġman,4.784316
977,9,Ġbelieved,9.567669
977,10,Ġhe,2.478671
977,11,Ġknew,6.839522
977,12,Ġthe,4.015225
977,13,Ġpirate,10.341884
977,14,Ġabandoned,16.614157
977,15,Ġhis,1.634953
977,16,Ġcomrades,12.515684
977,17,Ġon,4.58608
977,18,Ġthe,1.005168
977,19,Ġsinking,9.654576
977,20,Ġship,1.667576
977,21,.,1.406051
977,22,<|endoftext|>,5.88754
978,0,<|endoftext|>,0.0
978,1,He,8.582732
978,2,Ġreported,12.331528
978,3,Ġwho,12.869993
978,4,Ġthe,4.073953
978,5,Ġsailor,12.963729
978,6,Ġbelieved,9.052538
978,7,Ġthe,6.695465
978,8,Ġman,3.629886
978,9,Ġbelieved,9.078456
978,10,Ġhe,4.32274
978,11,Ġknew,6.029011
978,12,Ġthe,7.2475
978,13,Ġpirate,11.228533
978,14,Ġabandoned,17.142495
978,15,Ġon,4.519655
978,16,Ġthe,1.375136
978,17,Ġsinking,11.045958
978,18,Ġship,2.29994
978,19,.,1.080468
978,20,<|endoftext|>,5.579282
979,0,<|endoftext|>,0.0
979,1,He,8.582732
979,2,Ġreported,12.331528
979,3,Ġwho,12.869993
979,4,Ġthe,4.073953
979,5,Ġsailor,12.963729
979,6,Ġbelieved,9.052538
979,7,Ġthe,6.695465
979,8,Ġman,3.629886
979,9,Ġbelieved,9.078456
979,10,Ġhe,4.32274
979,11,Ġknew,6.029011
979,12,Ġthe,7.2475
979,13,Ġpirate,11.228533
979,14,Ġabandoned,17.142495
979,15,Ġhis,3.907473
979,16,Ġcomrades,12.30607
979,17,Ġon,4.297628
979,18,Ġthe,1.211138
979,19,Ġsinking,9.378184
979,20,Ġship,2.106498
979,21,.,1.171982
979,22,<|endoftext|>,5.624529
980,0,<|endoftext|>,0.0
980,1,They,9.39695
980,2,Ġreported,10.956506
980,3,Ġthat,2.208508
980,4,Ġthe,2.648978
980,5,Ġboss,12.477321
980,6,Ġpromoted,12.874873
980,7,Ġlast,11.216924
980,8,Ġquarter,12.885767
980,9,.,5.186025
980,10,<|endoftext|>,6.30862
981,0,<|endoftext|>,0.0
981,1,They,9.39695
981,2,Ġreported,10.956506
981,3,Ġthat,2.208508
981,4,Ġthe,2.648978
981,5,Ġboss,12.477322
981,6,Ġpromoted,12.874873
981,7,Ġthe,2.928723
981,8,Ġaccountant,14.358931
981,9,Ġlast,10.011922
981,10,Ġquarter,12.497355
981,11,.,3.511816
981,12,<|endoftext|>,5.881842
982,0,<|endoftext|>,0.0
982,1,They,9.39695
982,2,Ġreported,10.956506
982,3,Ġwho,12.973994
982,4,Ġthe,4.219928
982,5,Ġboss,10.719073
982,6,Ġpromoted,16.101536
982,7,Ġlast,6.267826
982,8,Ġquarter,13.194816
982,9,.,2.170349
982,10,<|endoftext|>,6.173845
983,0,<|endoftext|>,0.0
983,1,They,9.39695
983,2,Ġreported,10.956506
983,3,Ġwho,12.973994
983,4,Ġthe,4.219928
983,5,Ġboss,10.719062
983,6,Ġpromoted,16.101536
983,7,Ġthe,6.644682
983,8,Ġaccountant,16.973989
983,9,Ġlast,10.402946
983,10,Ġquarter,13.291947
983,11,.,1.870002
983,12,<|endoftext|>,5.994419
984,0,<|endoftext|>,0.0
984,1,They,9.39695
984,2,Ġreported,10.956506
984,3,Ġthat,2.208508
984,4,Ġthe,2.648978
984,5,Ġman,6.285516
984,6,Ġsaid,6.848679
984,7,Ġthe,4.100891
984,8,Ġboss,12.15086
984,9,Ġpromoted,13.177228
984,10,Ġlast,13.236672
984,11,Ġquarter,13.472945
984,12,.,5.067659
984,13,<|endoftext|>,5.812038
985,0,<|endoftext|>,0.0
985,1,They,9.396972
985,2,Ġreported,10.95643
985,3,Ġthat,2.20852
985,4,Ġthe,2.648967
985,5,Ġman,6.285519
985,6,Ġsaid,6.848637
985,7,Ġthe,4.100867
985,8,Ġboss,12.150837
985,9,Ġpromoted,13.177285
985,10,Ġthe,3.449074
985,11,Ġaccountant,14.527934
985,12,Ġlast,11.152244
985,13,Ġquarter,12.783739
985,14,.,3.150765
985,15,<|endoftext|>,5.707591
986,0,<|endoftext|>,0.0
986,1,They,9.39695
986,2,Ġreported,10.956506
986,3,Ġwho,12.973994
986,4,Ġthe,4.219928
986,5,Ġman,4.470175
986,6,Ġsaid,7.069566
986,7,Ġthe,6.632664
986,8,Ġboss,12.805664
986,9,Ġpromoted,14.977611
986,10,Ġlast,8.399699
986,11,Ġquarter,14.001592
986,12,.,1.76987
986,13,<|endoftext|>,5.591988
987,0,<|endoftext|>,0.0
987,1,They,9.396972
987,2,Ġreported,10.95643
987,3,Ġwho,12.973919
987,4,Ġthe,4.219939
987,5,Ġman,4.470151
987,6,Ġsaid,7.069537
987,7,Ġthe,6.632639
987,8,Ġboss,12.805667
987,9,Ġpromoted,14.977631
987,10,Ġthe,6.89276
987,11,Ġaccountant,15.305776
987,12,Ġlast,10.789261
987,13,Ġquarter,13.5201
987,14,.,1.570014
987,15,<|endoftext|>,5.628308
988,0,<|endoftext|>,0.0
988,1,They,9.396978
988,2,Ġreported,10.956426
988,3,Ġthat,2.208518
988,4,Ġthe,2.648968
988,5,Ġman,6.28552
988,6,Ġsaid,6.848633
988,7,Ġthe,4.100878
988,8,Ġold,11.415686
988,9,Ġwoman,3.564213
988,10,Ġtold,5.847822
988,11,Ġhim,0.374575
988,12,Ġthe,4.558587
988,13,Ġboss,11.465623
988,14,Ġpromoted,14.090708
988,15,Ġlast,13.618566
988,16,Ġquarter,13.135888
988,17,.,3.550479
988,18,<|endoftext|>,6.041993
989,0,<|endoftext|>,0.0
989,1,They,9.396978
989,2,Ġreported,10.956426
989,3,Ġthat,2.208518
989,4,Ġthe,2.648968
989,5,Ġman,6.28552
989,6,Ġsaid,6.848633
989,7,Ġthe,4.100878
989,8,Ġold,11.415686
989,9,Ġwoman,3.564213
989,10,Ġtold,5.847822
989,11,Ġhim,0.374575
989,12,Ġthe,4.558587
989,13,Ġboss,11.465623
989,14,Ġpromoted,14.090708
989,15,Ġthe,4.129702
989,16,Ġaccountant,14.160837
989,17,Ġlast,10.565485
989,18,Ġquarter,12.547045
989,19,.,2.12601
989,20,<|endoftext|>,5.827018
990,0,<|endoftext|>,0.0
990,1,They,9.396978
990,2,Ġreported,10.956426
990,3,Ġwho,12.973917
990,4,Ġthe,4.219927
990,5,Ġman,4.470142
990,6,Ġsaid,7.069522
990,7,Ġthe,6.632644
990,8,Ġold,11.736099
990,9,Ġwoman,3.775692
990,10,Ġtold,8.399336
990,11,Ġhim,1.965377
990,12,Ġthe,6.447325
990,13,Ġboss,12.23247
990,14,Ġpromoted,13.828211
990,15,Ġlast,12.070589
990,16,Ġquarter,13.213415
990,17,.,2.447545
990,18,<|endoftext|>,5.816811
991,0,<|endoftext|>,0.0
991,1,They,9.396978
991,2,Ġreported,10.956426
991,3,Ġwho,12.973917
991,4,Ġthe,4.219927
991,5,Ġman,4.470142
991,6,Ġsaid,7.069522
991,7,Ġthe,6.632644
991,8,Ġold,11.736099
991,9,Ġwoman,3.775692
991,10,Ġtold,8.399336
991,11,Ġhim,1.965377
991,12,Ġthe,6.447325
991,13,Ġboss,12.23247
991,14,Ġpromoted,13.828211
991,15,Ġthe,5.017275
991,16,Ġaccountant,14.217723
991,17,Ġlast,10.201564
991,18,Ġquarter,12.549332
991,19,.,1.666683
991,20,<|endoftext|>,5.633986
992,0,<|endoftext|>,0.0
992,1,They,9.396978
992,2,Ġreported,10.956426
992,3,Ġthat,2.208518
992,4,Ġthe,2.648968
992,5,Ġman,6.28552
992,6,Ġsaid,6.848633
992,7,Ġthe,4.100878
992,8,Ġold,11.415686
992,9,Ġwoman,3.564213
992,10,Ġtold,5.847822
992,11,Ġhim,0.374575
992,12,Ġshe,2.029028
992,13,Ġknew,6.954106
992,14,Ġthe,3.174585
992,15,Ġboss,10.954341
992,16,Ġpromoted,15.529844
992,17,Ġlast,12.638298
992,18,Ġquarter,13.367777
992,19,.,2.897698
992,20,<|endoftext|>,6.170801
993,0,<|endoftext|>,0.0
993,1,They,9.396978
993,2,Ġreported,10.956426
993,3,Ġthat,2.208518
993,4,Ġthe,2.648968
993,5,Ġman,6.28552
993,6,Ġsaid,6.848633
993,7,Ġthe,4.100878
993,8,Ġold,11.415686
993,9,Ġwoman,3.564213
993,10,Ġtold,5.847822
993,11,Ġhim,0.374575
993,12,Ġshe,2.029028
993,13,Ġknew,6.954106
993,14,Ġthe,3.174585
993,15,Ġboss,10.954341
993,16,Ġpromoted,15.529844
993,17,Ġthe,3.763398
993,18,Ġaccountant,13.862312
993,19,Ġlast,10.781298
993,20,Ġquarter,12.872406
993,21,.,1.865128
993,22,<|endoftext|>,5.978393
994,0,<|endoftext|>,0.0
994,1,They,9.396978
994,2,Ġreported,10.956426
994,3,Ġwho,12.973917
994,4,Ġthe,4.219927
994,5,Ġman,4.470142
994,6,Ġsaid,7.069522
994,7,Ġthe,6.632644
994,8,Ġold,11.736099
994,9,Ġwoman,3.775692
994,10,Ġtold,8.399336
994,11,Ġhim,1.965377
994,12,Ġshe,3.429522
994,13,Ġknew,5.817153
994,14,Ġthe,4.302233
994,15,Ġboss,11.484482
994,16,Ġpromoted,15.590211
994,17,Ġlast,11.088694
994,18,Ġquarter,13.578118
994,19,.,2.182186
994,20,<|endoftext|>,6.067509
995,0,<|endoftext|>,0.0
995,1,They,9.396978
995,2,Ġreported,10.956426
995,3,Ġwho,12.973917
995,4,Ġthe,4.219927
995,5,Ġman,4.470142
995,6,Ġsaid,7.069522
995,7,Ġthe,6.632644
995,8,Ġold,11.736099
995,9,Ġwoman,3.775692
995,10,Ġtold,8.399336
995,11,Ġhim,1.965377
995,12,Ġshe,3.429522
995,13,Ġknew,5.817153
995,14,Ġthe,4.302233
995,15,Ġboss,11.484482
995,16,Ġpromoted,15.590211
995,17,Ġthe,4.646009
995,18,Ġaccountant,14.053404
995,19,Ġlast,10.31984
995,20,Ġquarter,12.891454
995,21,.,1.526538
995,22,<|endoftext|>,5.866447
996,0,<|endoftext|>,0.0
996,1,They,9.396978
996,2,Ġreported,10.956426
996,3,Ġthat,2.208518
996,4,Ġthe,2.648968
996,5,Ġman,6.28552
996,6,Ġsaid,6.848633
996,7,Ġthe,4.100878
996,8,Ġold,11.415686
996,9,Ġwoman,3.564213
996,10,Ġtold,5.847822
996,11,Ġhim,0.374575
996,12,Ġshe,2.029028
996,13,Ġknew,6.954106
996,14,Ġthe,3.174585
996,15,Ġboss,10.954341
996,16,Ġpromoted,15.529844
996,17,Ġlast,12.638298
996,18,Ġquarter,13.367777
996,19,.,2.897698
996,20,<|endoftext|>,6.170801
997,0,<|endoftext|>,0.0
997,1,They,9.396978
997,2,Ġreported,10.956426
997,3,Ġthat,2.208518
997,4,Ġthe,2.648968
997,5,Ġman,6.28552
997,6,Ġsaid,6.848633
997,7,Ġthe,4.100878
997,8,Ġold,11.415686
997,9,Ġwoman,3.564213
997,10,Ġtold,5.847822
997,11,Ġhim,0.374575
997,12,Ġshe,2.029028
997,13,Ġknew,6.954106
997,14,Ġthe,3.174585
997,15,Ġboss,10.954341
997,16,Ġpromoted,15.529844
997,17,Ġthe,3.763398
997,18,Ġaccountant,13.862312
997,19,Ġlast,10.781298
997,20,Ġquarter,12.872406
997,21,.,1.865128
997,22,<|endoftext|>,5.978393
998,0,<|endoftext|>,0.0
998,1,They,9.396978
998,2,Ġreported,10.956426
998,3,Ġwho,12.973917
998,4,Ġthe,4.219927
998,5,Ġman,4.470142
998,6,Ġsaid,7.069522
998,7,Ġthe,6.632644
998,8,Ġold,11.736099
998,9,Ġwoman,3.775692
998,10,Ġtold,8.399336
998,11,Ġhim,1.965377
998,12,Ġshe,3.429522
998,13,Ġknew,5.817153
998,14,Ġthe,4.302233
998,15,Ġboss,11.484482
998,16,Ġpromoted,15.590211
998,17,Ġlast,11.088694
998,18,Ġquarter,13.578118
998,19,.,2.182186
998,20,<|endoftext|>,6.067509
999,0,<|endoftext|>,0.0
999,1,They,9.396978
999,2,Ġreported,10.956426
999,3,Ġwho,12.973917
999,4,Ġthe,4.219927
999,5,Ġman,4.470142
999,6,Ġsaid,7.069522
999,7,Ġthe,6.632644
999,8,Ġold,11.736099
999,9,Ġwoman,3.775692
999,10,Ġtold,8.399336
999,11,Ġhim,1.965377
999,12,Ġshe,3.429522
999,13,Ġknew,5.817153
999,14,Ġthe,4.302233
999,15,Ġboss,11.484482
999,16,Ġpromoted,15.590211
999,17,Ġthe,4.646009
999,18,Ġaccountant,14.053404
999,19,Ġlast,10.31984
999,20,Ġquarter,12.891454
999,21,.,1.526538
999,22,<|endoftext|>,5.866447
1000,0,<|endoftext|>,0.0
1000,1,My,8.871096
1000,2,Ġfriend,6.116575
1000,3,Ġknows,11.516178
1000,4,Ġthat,3.638095
1000,5,Ġthe,4.230389
1000,6,Ġsuccessful,14.334319
1000,7,Ġarchitect,12.338599
1000,8,Ġhanded,16.554434
1000,9,Ġfor,11.773385
1000,10,Ġher,6.120596
1000,11,Ġmother,9.722965
1000,12,.,5.969981
1000,13,<|endoftext|>,8.224474
1001,0,<|endoftext|>,0.0
1001,1,My,8.871096
1001,2,Ġfriend,6.116595
1001,3,Ġknows,11.51616
1001,4,Ġthat,3.63809
1001,5,Ġthe,4.230297
1001,6,Ġsuccessful,14.334343
1001,7,Ġarchitect,12.338634
1001,8,Ġhanded,16.554446
1001,9,Ġan,9.001187
1001,10,Ġaward,4.979465
1001,11,Ġfor,4.322026
1001,12,Ġher,5.959255
1001,13,Ġmother,11.900759
1001,14,.,5.542536
1001,15,<|endoftext|>,9.028297
1002,0,<|endoftext|>,0.0
1002,1,My,8.871096
1002,2,Ġfriend,6.116575
1002,3,Ġknows,11.516178
1002,4,Ġwhat,4.009599
1002,5,Ġthe,5.467807
1002,6,Ġsuccessful,16.445815
1002,7,Ġarchitect,11.883976
1002,8,Ġhanded,16.495104
1002,9,Ġfor,10.97081
1002,10,Ġher,4.518158
1002,11,Ġmother,9.315365
1002,12,.,2.86147
1002,13,<|endoftext|>,8.727609
1003,0,<|endoftext|>,0.0
1003,1,My,8.871096
1003,2,Ġfriend,6.116595
1003,3,Ġknows,11.51616
1003,4,Ġwhat,4.009661
1003,5,Ġthe,5.4678
1003,6,Ġsuccessful,16.445772
1003,7,Ġarchitect,11.883953
1003,8,Ġhanded,16.495149
1003,9,Ġan,12.63611
1003,10,Ġaward,5.808642
1003,11,Ġfor,3.723382
1003,12,Ġher,6.004172
1003,13,Ġmother,11.587897
1003,14,.,3.729444
1003,15,<|endoftext|>,8.755476
1004,0,<|endoftext|>,0.0
1004,1,My,8.871096
1004,2,Ġfriend,6.116584
1004,3,Ġknows,11.51616
1004,4,Ġthat,3.638092
1004,5,Ġthe,4.230303
1004,6,Ġjudge,12.8845
1004,7,Ġthought,8.963326
1004,8,Ġthe,4.014049
1004,9,Ġsuccessful,16.35101
1004,10,Ġarchitect,15.046455
1004,11,Ġhanded,14.601952
1004,12,Ġfor,11.907524
1004,13,Ġher,4.829963
1004,14,Ġmother,10.595788
1004,15,.,5.607005
1004,16,<|endoftext|>,8.193108
1005,0,<|endoftext|>,0.0
1005,1,My,8.871096
1005,2,Ġfriend,6.116584
1005,3,Ġknows,11.51616
1005,4,Ġthat,3.638092
1005,5,Ġthe,4.230303
1005,6,Ġjudge,12.8845
1005,7,Ġthought,8.963326
1005,8,Ġthe,4.014049
1005,9,Ġsuccessful,16.35101
1005,10,Ġarchitect,15.046455
1005,11,Ġhanded,14.601952
1005,12,Ġan,8.5094
1005,13,Ġaward,4.026933
1005,14,Ġfor,3.598287
1005,15,Ġher,5.535224
1005,16,Ġmother,10.790285
1005,17,.,3.895536
1005,18,<|endoftext|>,8.511259
1006,0,<|endoftext|>,0.0
1006,1,My,8.871096
1006,2,Ġfriend,6.116584
1006,3,Ġknows,11.51616
1006,4,Ġwhat,4.009674
1006,5,Ġthe,5.4678
1006,6,Ġjudge,12.909762
1006,7,Ġthought,4.627949
1006,8,Ġthe,8.055139
1006,9,Ġsuccessful,18.279542
1006,10,Ġarchitect,14.523162
1006,11,Ġhanded,13.907387
1006,12,Ġfor,9.722437
1006,13,Ġher,4.446243
1006,14,Ġmother,10.30927
1006,15,.,2.453528
1006,16,<|endoftext|>,8.312448
1007,0,<|endoftext|>,0.0
1007,1,My,8.871096
1007,2,Ġfriend,6.116584
1007,3,Ġknows,11.51616
1007,4,Ġwhat,4.009674
1007,5,Ġthe,5.4678
1007,6,Ġjudge,12.909762
1007,7,Ġthought,4.627949
1007,8,Ġthe,8.055139
1007,9,Ġsuccessful,18.279542
1007,10,Ġarchitect,14.523162
1007,11,Ġhanded,13.907387
1007,12,Ġan,12.098341
1007,13,Ġaward,4.678126
1007,14,Ġfor,3.30028
1007,15,Ġher,5.616812
1007,16,Ġmother,11.15319
1007,17,.,2.687143
1007,18,<|endoftext|>,8.305405
1008,0,<|endoftext|>,0.0
1008,1,My,8.871096
1008,2,Ġfriend,6.116584
1008,3,Ġknows,11.51616
1008,4,Ġthat,3.638092
1008,5,Ġthe,4.230303
1008,6,Ġjudge,12.8845
1008,7,Ġthought,8.963326
1008,8,Ġthe,4.014049
1008,9,Ġcop,9.874248
1008,10,Ġsaid,9.309993
1008,11,Ġthe,3.393665
1008,12,Ġsuccessful,18.074291
1008,13,Ġarchitect,17.51987
1008,14,Ġhanded,14.468369
1008,15,Ġfor,12.150058
1008,16,Ġher,4.945835
1008,17,Ġmother,10.610892
1008,18,.,4.420687
1008,19,<|endoftext|>,8.398668
1009,0,<|endoftext|>,0.0
1009,1,My,8.871096
1009,2,Ġfriend,6.116584
1009,3,Ġknows,11.51616
1009,4,Ġthat,3.638092
1009,5,Ġthe,4.230303
1009,6,Ġjudge,12.8845
1009,7,Ġthought,8.963326
1009,8,Ġthe,4.014049
1009,9,Ġcop,9.874248
1009,10,Ġsaid,9.309993
1009,11,Ġthe,3.393665
1009,12,Ġsuccessful,18.074291
1009,13,Ġarchitect,17.51987
1009,14,Ġhanded,14.468369
1009,15,Ġan,8.815895
1009,16,Ġaward,5.144415
1009,17,Ġfor,3.579839
1009,18,Ġher,5.819422
1009,19,Ġmother,10.384582
1009,20,.,3.295688
1009,21,<|endoftext|>,8.354906
1010,0,<|endoftext|>,0.0
1010,1,My,8.871096
1010,2,Ġfriend,6.116584
1010,3,Ġknows,11.51616
1010,4,Ġwhat,4.009674
1010,5,Ġthe,5.4678
1010,6,Ġjudge,12.909762
1010,7,Ġthought,4.627949
1010,8,Ġthe,8.055139
1010,9,Ġcop,10.070119
1010,10,Ġsaid,5.077715
1010,11,Ġthe,9.03629
1010,12,Ġsuccessful,19.58597
1010,13,Ġarchitect,17.466841
1010,14,Ġhanded,13.529413
1010,15,Ġfor,9.425465
1010,16,Ġher,4.820025
1010,17,Ġmother,10.195792
1010,18,.,1.899419
1010,19,<|endoftext|>,7.993302
1011,0,<|endoftext|>,0.0
1011,1,My,8.871096
1011,2,Ġfriend,6.116584
1011,3,Ġknows,11.51616
1011,4,Ġwhat,4.009674
1011,5,Ġthe,5.4678
1011,6,Ġjudge,12.909762
1011,7,Ġthought,4.627949
1011,8,Ġthe,8.055139
1011,9,Ġcop,10.070119
1011,10,Ġsaid,5.077715
1011,11,Ġthe,9.03629
1011,12,Ġsuccessful,19.58597
1011,13,Ġarchitect,17.466841
1011,14,Ġhanded,13.529413
1011,15,Ġan,11.095574
1011,16,Ġaward,5.766895
1011,17,Ġfor,3.507834
1011,18,Ġher,6.029312
1011,19,Ġmother,11.034942
1011,20,.,2.461352
1011,21,<|endoftext|>,7.776499
1012,0,<|endoftext|>,0.0
1012,1,My,8.871096
1012,2,Ġfriend,6.116584
1012,3,Ġknows,11.51616
1012,4,Ġthat,3.638092
1012,5,Ġthe,4.230303
1012,6,Ġjudge,12.8845
1012,7,Ġthought,8.963326
1012,8,Ġthe,4.014049
1012,9,Ġcop,9.874248
1012,10,Ġsaid,9.309993
1012,11,Ġthe,3.393665
1012,12,Ġman,6.863092
1012,13,Ġtestified,14.090038
1012,14,Ġthe,5.669937
1012,15,Ġsuccessful,18.747243
1012,16,Ġarchitect,19.287589
1012,17,Ġhanded,12.83271
1012,18,Ġfor,12.295114
1012,19,Ġher,7.199129
1012,20,Ġmother,10.038971
1012,21,.,2.730214
1012,22,<|endoftext|>,8.364502
1013,0,<|endoftext|>,0.0
1013,1,My,8.871096
1013,2,Ġfriend,6.116584
1013,3,Ġknows,11.51616
1013,4,Ġthat,3.638092
1013,5,Ġthe,4.230303
1013,6,Ġjudge,12.8845
1013,7,Ġthought,8.963326
1013,8,Ġthe,4.014049
1013,9,Ġcop,9.874248
1013,10,Ġsaid,9.309993
1013,11,Ġthe,3.393665
1013,12,Ġman,6.863092
1013,13,Ġtestified,14.090038
1013,14,Ġthe,5.669937
1013,15,Ġsuccessful,18.747243
1013,16,Ġarchitect,19.287589
1013,17,Ġhanded,12.83271
1013,18,Ġan,9.33655
1013,19,Ġaward,6.243152
1013,20,Ġfor,3.693109
1013,21,Ġher,8.067032
1013,22,Ġmother,9.410913
1013,23,.,2.672262
1013,24,<|endoftext|>,8.08477
1014,0,<|endoftext|>,0.0
1014,1,My,8.871096
1014,2,Ġfriend,6.116584
1014,3,Ġknows,11.51616
1014,4,Ġwhat,4.009674
1014,5,Ġthe,5.4678
1014,6,Ġjudge,12.909762
1014,7,Ġthought,4.627949
1014,8,Ġthe,8.055139
1014,9,Ġcop,10.070119
1014,10,Ġsaid,5.077715
1014,11,Ġthe,9.03629
1014,12,Ġman,6.735493
1014,13,Ġtestified,12.45467
1014,14,Ġthe,7.084641
1014,15,Ġsuccessful,19.154148
1014,16,Ġarchitect,18.974119
1014,17,Ġhanded,12.276437
1014,18,Ġfor,11.79309
1014,19,Ġher,6.869082
1014,20,Ġmother,9.889905
1014,21,.,2.224525
1014,22,<|endoftext|>,7.768108
1015,0,<|endoftext|>,0.0
1015,1,My,8.871096
1015,2,Ġfriend,6.116584
1015,3,Ġknows,11.51616
1015,4,Ġwhat,4.009674
1015,5,Ġthe,5.4678
1015,6,Ġjudge,12.909762
1015,7,Ġthought,4.627949
1015,8,Ġthe,8.055139
1015,9,Ġcop,10.070119
1015,10,Ġsaid,5.077715
1015,11,Ġthe,9.03629
1015,12,Ġman,6.735493
1015,13,Ġtestified,12.45467
1015,14,Ġthe,7.084641
1015,15,Ġsuccessful,19.154148
1015,16,Ġarchitect,18.974119
1015,17,Ġhanded,12.276437
1015,18,Ġan,9.634957
1015,19,Ġaward,6.863921
1015,20,Ġfor,3.636747
1015,21,Ġher,7.562881
1015,22,Ġmother,9.673508
1015,23,.,2.487816
1015,24,<|endoftext|>,7.415648
1016,0,<|endoftext|>,0.0
1016,1,My,8.871096
1016,2,Ġfriend,6.116584
1016,3,Ġknows,11.51616
1016,4,Ġthat,3.638092
1016,5,Ġthe,4.230303
1016,6,Ġjudge,12.8845
1016,7,Ġthought,8.963326
1016,8,Ġthe,4.014049
1016,9,Ġcop,9.874248
1016,10,Ġsaid,9.309993
1016,11,Ġthe,3.393665
1016,12,Ġman,6.863092
1016,13,Ġtestified,14.090038
1016,14,Ġthe,5.669937
1016,15,Ġsuccessful,18.747243
1016,16,Ġarchitect,19.287589
1016,17,Ġhanded,12.83271
1016,18,Ġfor,12.295114
1016,19,Ġher,7.199129
1016,20,Ġmother,10.038971
1016,21,.,2.730214
1016,22,<|endoftext|>,8.364502
1017,0,<|endoftext|>,0.0
1017,1,My,8.871096
1017,2,Ġfriend,6.116584
1017,3,Ġknows,11.51616
1017,4,Ġthat,3.638092
1017,5,Ġthe,4.230303
1017,6,Ġjudge,12.8845
1017,7,Ġthought,8.963326
1017,8,Ġthe,4.014049
1017,9,Ġcop,9.874248
1017,10,Ġsaid,9.309993
1017,11,Ġthe,3.393665
1017,12,Ġman,6.863092
1017,13,Ġtestified,14.090038
1017,14,Ġthe,5.669937
1017,15,Ġsuccessful,18.747243
1017,16,Ġarchitect,19.287589
1017,17,Ġhanded,12.83271
1017,18,Ġan,9.33655
1017,19,Ġaward,6.243152
1017,20,Ġfor,3.693109
1017,21,Ġher,8.067032
1017,22,Ġmother,9.410913
1017,23,.,2.672262
1017,24,<|endoftext|>,8.08477
1018,0,<|endoftext|>,0.0
1018,1,My,8.871096
1018,2,Ġfriend,6.116584
1018,3,Ġknows,11.51616
1018,4,Ġwhat,4.009674
1018,5,Ġthe,5.4678
1018,6,Ġjudge,12.909762
1018,7,Ġthought,4.627949
1018,8,Ġthe,8.055139
1018,9,Ġcop,10.070119
1018,10,Ġsaid,5.077715
1018,11,Ġthe,9.03629
1018,12,Ġman,6.735493
1018,13,Ġtestified,12.45467
1018,14,Ġthe,7.084641
1018,15,Ġsuccessful,19.154148
1018,16,Ġarchitect,18.974119
1018,17,Ġhanded,12.276437
1018,18,Ġfor,11.79309
1018,19,Ġher,6.869082
1018,20,Ġmother,9.889905
1018,21,.,2.224525
1018,22,<|endoftext|>,7.768108
1019,0,<|endoftext|>,0.0
1019,1,My,8.871096
1019,2,Ġfriend,6.116584
1019,3,Ġknows,11.51616
1019,4,Ġwhat,4.009674
1019,5,Ġthe,5.4678
1019,6,Ġjudge,12.909762
1019,7,Ġthought,4.627949
1019,8,Ġthe,8.055139
1019,9,Ġcop,10.070119
1019,10,Ġsaid,5.077715
1019,11,Ġthe,9.03629
1019,12,Ġman,6.735493
1019,13,Ġtestified,12.45467
1019,14,Ġthe,7.084641
1019,15,Ġsuccessful,19.154148
1019,16,Ġarchitect,18.974119
1019,17,Ġhanded,12.276437
1019,18,Ġan,9.634957
1019,19,Ġaward,6.863921
1019,20,Ġfor,3.636747
1019,21,Ġher,7.562881
1019,22,Ġmother,9.673508
1019,23,.,2.487816
1019,24,<|endoftext|>,7.415648
1020,0,<|endoftext|>,0.0
1020,1,The,4.729313
1020,2,Ġcommissioner,14.424567
1020,3,Ġdiscovered,14.239028
1020,4,Ġthat,1.598439
1020,5,Ġthe,2.569127
1020,6,Ġpolice,7.60562
1020,7,Ġdetective,11.620469
1020,8,Ġlent,17.599935
1020,9,Ġto,7.605282
1020,10,Ġthe,1.631185
1020,11,Ġman,7.886487
1020,12,.,8.520533
1020,13,<|endoftext|>,6.87114
1021,0,<|endoftext|>,0.0
1021,1,The,4.729286
1021,2,Ġcommissioner,14.424611
1021,3,Ġdiscovered,14.239038
1021,4,Ġthat,1.598463
1021,5,Ġthe,2.569118
1021,6,Ġpolice,7.605554
1021,7,Ġdetective,11.620514
1021,8,Ġlent,17.599868
1021,9,Ġsome,7.33835
1021,10,Ġmoney,3.243862
1021,11,Ġto,0.28932
1021,12,Ġthe,2.132291
1021,13,Ġman,5.989604
1021,14,.,4.754482
1021,15,<|endoftext|>,6.928288
1022,0,<|endoftext|>,0.0
1022,1,The,4.729313
1022,2,Ġcommissioner,14.424567
1022,3,Ġdiscovered,14.239028
1022,4,Ġwhat,7.628553
1022,5,Ġthe,4.970796
1022,6,Ġpolice,6.483286
1022,7,Ġdetective,11.105132
1022,8,Ġlent,18.398533
1022,9,Ġto,2.57818
1022,10,Ġthe,2.50576
1022,11,Ġman,6.023822
1022,12,.,4.505523
1022,13,<|endoftext|>,7.003972
1023,0,<|endoftext|>,0.0
1023,1,The,4.729286
1023,2,Ġcommissioner,14.424611
1023,3,Ġdiscovered,14.239038
1023,4,Ġwhat,7.628533
1023,5,Ġthe,4.970782
1023,6,Ġpolice,6.483319
1023,7,Ġdetective,11.105155
1023,8,Ġlent,18.398496
1023,9,Ġsome,10.615897
1023,10,Ġmoney,7.820848
1023,11,Ġto,0.208434
1023,12,Ġthe,5.698172
1023,13,Ġman,5.68336
1023,14,.,4.063376
1023,15,<|endoftext|>,6.486946
1024,0,<|endoftext|>,0.0
1024,1,The,4.729281
1024,2,Ġcommissioner,14.424614
1024,3,Ġdiscovered,14.239028
1024,4,Ġthat,1.598462
1024,5,Ġthe,2.569103
1024,6,Ġreport,8.750939
1024,7,Ġstated,9.29728
1024,8,Ġthe,4.212577
1024,9,Ġpolice,7.775721
1024,10,Ġdetective,12.325804
1024,11,Ġlent,18.705342
1024,12,Ġto,7.183361
1024,13,Ġthe,1.20839
1024,14,Ġman,8.416989
1024,15,.,7.759088
1024,16,<|endoftext|>,6.510805
1025,0,<|endoftext|>,0.0
1025,1,The,4.729281
1025,2,Ġcommissioner,14.424614
1025,3,Ġdiscovered,14.239028
1025,4,Ġthat,1.598462
1025,5,Ġthe,2.569103
1025,6,Ġreport,8.750939
1025,7,Ġstated,9.29728
1025,8,Ġthe,4.212577
1025,9,Ġpolice,7.775721
1025,10,Ġdetective,12.325804
1025,11,Ġlent,18.705342
1025,12,Ġsome,7.485148
1025,13,Ġmoney,3.822533
1025,14,Ġto,0.314731
1025,15,Ġthe,1.861861
1025,16,Ġman,6.226004
1025,17,.,3.661253
1025,18,<|endoftext|>,6.487106
1026,0,<|endoftext|>,0.0
1026,1,The,4.729281
1026,2,Ġcommissioner,14.424614
1026,3,Ġdiscovered,14.239028
1026,4,Ġwhat,7.628531
1026,5,Ġthe,4.970787
1026,6,Ġreport,7.988624
1026,7,Ġstated,7.789581
1026,8,Ġthe,7.755223
1026,9,Ġpolice,7.039368
1026,10,Ġdetective,12.212008
1026,11,Ġlent,18.700185
1026,12,Ġto,1.660008
1026,13,Ġthe,2.195313
1026,14,Ġman,6.488512
1026,15,.,3.933734
1026,16,<|endoftext|>,6.656022
1027,0,<|endoftext|>,0.0
1027,1,The,4.729281
1027,2,Ġcommissioner,14.424614
1027,3,Ġdiscovered,14.239028
1027,4,Ġwhat,7.628531
1027,5,Ġthe,4.970787
1027,6,Ġreport,7.988624
1027,7,Ġstated,7.789581
1027,8,Ġthe,7.755223
1027,9,Ġpolice,7.039368
1027,10,Ġdetective,12.212008
1027,11,Ġlent,18.700185
1027,12,Ġsome,10.044958
1027,13,Ġmoney,6.604775
1027,14,Ġto,0.276219
1027,15,Ġthe,4.372719
1027,16,Ġman,6.159363
1027,17,.,3.40855
1027,18,<|endoftext|>,6.368
1028,0,<|endoftext|>,0.0
1028,1,The,4.729281
1028,2,Ġcommissioner,14.424614
1028,3,Ġdiscovered,14.239028
1028,4,Ġthat,1.598462
1028,5,Ġthe,2.569103
1028,6,Ġreport,8.750939
1028,7,Ġstated,9.29728
1028,8,Ġthe,4.212577
1028,9,Ġtelevision,14.350951
1028,10,Ġhost,7.966922
1028,11,Ġthought,12.055462
1028,12,Ġthe,2.548626
1028,13,Ġpolice,6.917025
1028,14,Ġdetective,12.873333
1028,15,Ġlent,17.391768
1028,16,Ġto,8.399798
1028,17,Ġthe,1.683072
1028,18,Ġman,8.028985
1028,19,.,5.995525
1028,20,<|endoftext|>,6.427817
1029,0,<|endoftext|>,0.0
1029,1,The,4.729281
1029,2,Ġcommissioner,14.424614
1029,3,Ġdiscovered,14.239028
1029,4,Ġthat,1.598462
1029,5,Ġthe,2.569103
1029,6,Ġreport,8.750939
1029,7,Ġstated,9.29728
1029,8,Ġthe,4.212577
1029,9,Ġtelevision,14.350951
1029,10,Ġhost,7.966922
1029,11,Ġthought,12.055462
1029,12,Ġthe,2.548626
1029,13,Ġpolice,6.917025
1029,14,Ġdetective,12.873333
1029,15,Ġlent,17.391768
1029,16,Ġsome,7.80306
1029,17,Ġmoney,4.354631
1029,18,Ġto,0.540877
1029,19,Ġthe,1.827811
1029,20,Ġman,6.408405
1029,21,.,3.029545
1029,22,<|endoftext|>,6.337795
1030,0,<|endoftext|>,0.0
1030,1,The,4.729281
1030,2,Ġcommissioner,14.424614
1030,3,Ġdiscovered,14.239028
1030,4,Ġwhat,7.628531
1030,5,Ġthe,4.970787
1030,6,Ġreport,7.988624
1030,7,Ġstated,7.789581
1030,8,Ġthe,7.755223
1030,9,Ġtelevision,14.228144
1030,10,Ġhost,7.40206
1030,11,Ġthought,8.476033
1030,12,Ġthe,5.289991
1030,13,Ġpolice,6.842754
1030,14,Ġdetective,12.397828
1030,15,Ġlent,17.878049
1030,16,Ġto,3.181548
1030,17,Ġthe,2.190144
1030,18,Ġman,6.964862
1030,19,.,3.086596
1030,20,<|endoftext|>,6.690092
1031,0,<|endoftext|>,0.0
1031,1,The,4.729281
1031,2,Ġcommissioner,14.424614
1031,3,Ġdiscovered,14.239028
1031,4,Ġwhat,7.628531
1031,5,Ġthe,4.970787
1031,6,Ġreport,7.988624
1031,7,Ġstated,7.789581
1031,8,Ġthe,7.755223
1031,9,Ġtelevision,14.228144
1031,10,Ġhost,7.40206
1031,11,Ġthought,8.476033
1031,12,Ġthe,5.289991
1031,13,Ġpolice,6.842754
1031,14,Ġdetective,12.397828
1031,15,Ġlent,17.878049
1031,16,Ġsome,9.527845
1031,17,Ġmoney,6.571185
1031,18,Ġto,0.623333
1031,19,Ġthe,3.501793
1031,20,Ġman,6.159457
1031,21,.,2.813637
1031,22,<|endoftext|>,6.560883
1032,0,<|endoftext|>,0.0
1032,1,The,4.729281
1032,2,Ġcommissioner,14.424614
1032,3,Ġdiscovered,14.239028
1032,4,Ġthat,1.598462
1032,5,Ġthe,2.569103
1032,6,Ġreport,8.750939
1032,7,Ġstated,9.29728
1032,8,Ġthe,4.212577
1032,9,Ġtelevision,14.350951
1032,10,Ġhost,7.966922
1032,11,Ġthought,12.055462
1032,12,Ġthe,2.548626
1032,13,Ġman,7.322419
1032,14,Ġreported,11.42845
1032,15,Ġthe,2.202684
1032,16,Ġpolice,8.169369
1032,17,Ġdetective,12.378565
1032,18,Ġlent,20.654294
1032,19,Ġto,6.194396
1032,20,Ġthe,2.29654
1032,21,Ġman,6.815794
1032,22,.,4.204221
1032,23,<|endoftext|>,6.249543
1033,0,<|endoftext|>,0.0
1033,1,The,4.729281
1033,2,Ġcommissioner,14.424614
1033,3,Ġdiscovered,14.239028
1033,4,Ġthat,1.598462
1033,5,Ġthe,2.569103
1033,6,Ġreport,8.750939
1033,7,Ġstated,9.29728
1033,8,Ġthe,4.212577
1033,9,Ġtelevision,14.350951
1033,10,Ġhost,7.966922
1033,11,Ġthought,12.055462
1033,12,Ġthe,2.548626
1033,13,Ġman,7.322419
1033,14,Ġreported,11.42845
1033,15,Ġthe,2.202684
1033,16,Ġpolice,8.169369
1033,17,Ġdetective,12.378565
1033,18,Ġlent,20.654294
1033,19,Ġsome,8.555341
1033,20,Ġmoney,1.886029
1033,21,Ġto,0.704961
1033,22,Ġthe,2.171829
1033,23,Ġman,4.908082
1033,24,.,2.552886
1033,25,<|endoftext|>,6.112863
1034,0,<|endoftext|>,0.0
1034,1,The,4.729281
1034,2,Ġcommissioner,14.424614
1034,3,Ġdiscovered,14.239028
1034,4,Ġwhat,7.628531
1034,5,Ġthe,4.970787
1034,6,Ġreport,7.988624
1034,7,Ġstated,7.789581
1034,8,Ġthe,7.755223
1034,9,Ġtelevision,14.228144
1034,10,Ġhost,7.40206
1034,11,Ġthought,8.476033
1034,12,Ġthe,5.289991
1034,13,Ġman,7.834255
1034,14,Ġreported,12.028888
1034,15,Ġthe,6.263367
1034,16,Ġpolice,7.485955
1034,17,Ġdetective,11.525399
1034,18,Ġlent,19.909043
1034,19,Ġto,2.997942
1034,20,Ġthe,2.940023
1034,21,Ġman,6.599636
1034,22,.,2.661993
1034,23,<|endoftext|>,6.46279
1035,0,<|endoftext|>,0.0
1035,1,The,4.729281
1035,2,Ġcommissioner,14.424614
1035,3,Ġdiscovered,14.239028
1035,4,Ġwhat,7.628531
1035,5,Ġthe,4.970787
1035,6,Ġreport,7.988624
1035,7,Ġstated,7.789581
1035,8,Ġthe,7.755223
1035,9,Ġtelevision,14.228144
1035,10,Ġhost,7.40206
1035,11,Ġthought,8.476033
1035,12,Ġthe,5.289991
1035,13,Ġman,7.834255
1035,14,Ġreported,12.028888
1035,15,Ġthe,6.263367
1035,16,Ġpolice,7.485955
1035,17,Ġdetective,11.525399
1035,18,Ġlent,19.909043
1035,19,Ġsome,9.487043
1035,20,Ġmoney,3.215044
1035,21,Ġto,0.729586
1035,22,Ġthe,3.941951
1035,23,Ġman,4.794827
1035,24,.,2.281424
1035,25,<|endoftext|>,6.268498
1036,0,<|endoftext|>,0.0
1036,1,The,4.729281
1036,2,Ġcommissioner,14.424614
1036,3,Ġdiscovered,14.239028
1036,4,Ġthat,1.598462
1036,5,Ġthe,2.569103
1036,6,Ġreport,8.750939
1036,7,Ġstated,9.29728
1036,8,Ġthe,4.212577
1036,9,Ġtelevision,14.350951
1036,10,Ġhost,7.966922
1036,11,Ġthought,12.055462
1036,12,Ġthe,2.548626
1036,13,Ġman,7.322419
1036,14,Ġreported,11.42845
1036,15,Ġthe,2.202684
1036,16,Ġpolice,8.169369
1036,17,Ġdetective,12.378565
1036,18,Ġlent,20.654294
1036,19,Ġto,6.194396
1036,20,Ġthe,2.29654
1036,21,Ġman,6.815794
1036,22,.,4.204221
1036,23,<|endoftext|>,6.249543
1037,0,<|endoftext|>,0.0
1037,1,The,4.729281
1037,2,Ġcommissioner,14.424614
1037,3,Ġdiscovered,14.239028
1037,4,Ġthat,1.598462
1037,5,Ġthe,2.569103
1037,6,Ġreport,8.750939
1037,7,Ġstated,9.29728
1037,8,Ġthe,4.212577
1037,9,Ġtelevision,14.350951
1037,10,Ġhost,7.966922
1037,11,Ġthought,12.055462
1037,12,Ġthe,2.548626
1037,13,Ġman,7.322419
1037,14,Ġreported,11.42845
1037,15,Ġthe,2.202684
1037,16,Ġpolice,8.169369
1037,17,Ġdetective,12.378565
1037,18,Ġlent,20.654294
1037,19,Ġsome,8.555341
1037,20,Ġmoney,1.886029
1037,21,Ġto,0.704961
1037,22,Ġthe,2.171829
1037,23,Ġman,4.908082
1037,24,.,2.552886
1037,25,<|endoftext|>,6.112863
1038,0,<|endoftext|>,0.0
1038,1,The,4.729281
1038,2,Ġcommissioner,14.424614
1038,3,Ġdiscovered,14.239028
1038,4,Ġwhat,7.628531
1038,5,Ġthe,4.970787
1038,6,Ġreport,7.988624
1038,7,Ġstated,7.789581
1038,8,Ġthe,7.755223
1038,9,Ġtelevision,14.228144
1038,10,Ġhost,7.40206
1038,11,Ġthought,8.476033
1038,12,Ġthe,5.289991
1038,13,Ġman,7.834255
1038,14,Ġreported,12.028888
1038,15,Ġthe,6.263367
1038,16,Ġpolice,7.485955
1038,17,Ġdetective,11.525399
1038,18,Ġlent,19.909043
1038,19,Ġto,2.997942
1038,20,Ġthe,2.940023
1038,21,Ġman,6.599636
1038,22,.,2.661993
1038,23,<|endoftext|>,6.46279
1039,0,<|endoftext|>,0.0
1039,1,The,4.729281
1039,2,Ġcommissioner,14.424614
1039,3,Ġdiscovered,14.239028
1039,4,Ġwhat,7.628531
1039,5,Ġthe,4.970787
1039,6,Ġreport,7.988624
1039,7,Ġstated,7.789581
1039,8,Ġthe,7.755223
1039,9,Ġtelevision,14.228144
1039,10,Ġhost,7.40206
1039,11,Ġthought,8.476033
1039,12,Ġthe,5.289991
1039,13,Ġman,7.834255
1039,14,Ġreported,12.028888
1039,15,Ġthe,6.263367
1039,16,Ġpolice,7.485955
1039,17,Ġdetective,11.525399
1039,18,Ġlent,19.909043
1039,19,Ġsome,9.487043
1039,20,Ġmoney,3.215044
1039,21,Ġto,0.729586
1039,22,Ġthe,3.941951
1039,23,Ġman,4.794827
1039,24,.,2.281424
1039,25,<|endoftext|>,6.268498
1040,0,<|endoftext|>,0.0
1040,1,We,7.155782
1040,2,Ġall,5.001739
1040,3,Ġknow,0.901091
1040,4,Ġthat,1.582208
1040,5,Ġthe,3.68202
1040,6,Ġinvestor,15.98187
1040,7,Ġrepaid,19.125673
1040,8,Ġto,8.74706
1040,9,Ġthe,1.596988
1040,10,Ġcriminal,14.327352
1040,11,Ġking,7.984383
1040,12,pin,6.670167
1040,13,.,5.969276
1040,14,<|endoftext|>,9.441258
1041,0,<|endoftext|>,0.0
1041,1,We,7.155761
1041,2,Ġall,5.001796
1041,3,Ġknow,0.901057
1041,4,Ġthat,1.582244
1041,5,Ġthe,3.681979
1041,6,Ġinvestor,15.981891
1041,7,Ġrepaid,19.125603
1041,8,Ġhis,2.138459
1041,9,Ġdebt,3.408712
1041,10,Ġto,2.875664
1041,11,Ġthe,1.734001
1041,12,Ġcriminal,14.335696
1041,13,Ġking,6.68773
1041,14,pin,3.835489
1041,15,.,3.579374
1041,16,<|endoftext|>,9.700304
1042,0,<|endoftext|>,0.0
1042,1,We,7.155782
1042,2,Ġall,5.001739
1042,3,Ġknow,0.901091
1042,4,Ġwhat,3.935052
1042,5,Ġthe,4.24262
1042,6,Ġinvestor,16.398364
1042,7,Ġrepaid,20.474873
1042,8,Ġto,5.290024
1042,9,Ġthe,1.93271
1042,10,Ġcriminal,14.193749
1042,11,Ġking,8.412778
1042,12,pin,3.362373
1042,13,Ġ.,10.261897
1042,14,<|endoftext|>,9.450978
1043,0,<|endoftext|>,0.0
1043,1,We,7.155761
1043,2,Ġall,5.001796
1043,3,Ġknow,0.901057
1043,4,Ġwhat,3.935055
1043,5,Ġthe,4.242649
1043,6,Ġinvestor,16.39832
1043,7,Ġrepaid,20.474851
1043,8,Ġhis,5.465551
1043,9,Ġdebt,4.472352
1043,10,Ġto,1.802271
1043,11,Ġthe,2.128492
1043,12,Ġcriminal,14.67538
1043,13,Ġking,6.969659
1043,14,pin,3.585214
1043,15,Ġ.,10.334103
1043,16,<|endoftext|>,9.194098
1044,0,<|endoftext|>,0.0
1044,1,We,7.155761
1044,2,Ġall,5.001796
1044,3,Ġknow,0.901057
1044,4,Ġthat,1.582244
1044,5,Ġthe,3.681979
1044,6,Ġaccountant,18.116765
1044,7,Ġsaid,9.726516
1044,8,Ġthe,4.361756
1044,9,Ġinvestor,10.925186
1044,10,Ġrepaid,16.048154
1044,11,Ġto,9.204392
1044,12,Ġthe,1.314056
1044,13,Ġcriminal,15.917572
1044,14,Ġking,9.173297
1044,15,pin,6.582077
1044,16,.,3.500558
1044,17,<|endoftext|>,9.630608
1045,0,<|endoftext|>,0.0
1045,1,We,7.155761
1045,2,Ġall,5.001796
1045,3,Ġknow,0.901057
1045,4,Ġthat,1.582244
1045,5,Ġthe,3.681979
1045,6,Ġaccountant,18.116765
1045,7,Ġsaid,9.726516
1045,8,Ġthe,4.361756
1045,9,Ġinvestor,10.925186
1045,10,Ġrepaid,16.048154
1045,11,Ġhis,2.566764
1045,12,Ġdebt,4.072217
1045,13,Ġto,4.234227
1045,14,Ġthe,1.294235
1045,15,Ġcriminal,15.618439
1045,16,Ġking,8.020501
1045,17,pin,3.437241
1045,18,.,2.238214
1045,19,<|endoftext|>,9.783651
1046,0,<|endoftext|>,0.0
1046,1,We,7.155761
1046,2,Ġall,5.001796
1046,3,Ġknow,0.901057
1046,4,Ġwhat,3.935055
1046,5,Ġthe,4.242649
1046,6,Ġaccountant,16.800534
1046,7,Ġsaid,5.066623
1046,8,Ġthe,8.397734
1046,9,Ġinvestor,11.461921
1046,10,Ġrepaid,18.756205
1046,11,Ġto,5.593833
1046,12,Ġthe,1.583425
1046,13,Ġcriminal,15.039473
1046,14,Ġking,9.550545
1046,15,pin,2.901302
1046,16,Ġ.,9.532396
1046,17,<|endoftext|>,8.948548
1047,0,<|endoftext|>,0.0
1047,1,We,7.155761
1047,2,Ġall,5.001796
1047,3,Ġknow,0.901057
1047,4,Ġwhat,3.935055
1047,5,Ġthe,4.242649
1047,6,Ġaccountant,16.800534
1047,7,Ġsaid,5.066623
1047,8,Ġthe,8.397734
1047,9,Ġinvestor,11.461921
1047,10,Ġrepaid,18.756205
1047,11,Ġhis,5.776019
1047,12,Ġdebt,4.392095
1047,13,Ġto,2.598444
1047,14,Ġthe,1.812284
1047,15,Ġcriminal,15.371798
1047,16,Ġking,8.174807
1047,17,pin,2.968168
1047,18,Ġ.,9.626038
1047,19,<|endoftext|>,8.782602
1048,0,<|endoftext|>,0.0
1048,1,We,7.155761
1048,2,Ġall,5.001796
1048,3,Ġknow,0.901057
1048,4,Ġthat,1.582244
1048,5,Ġthe,3.681979
1048,6,Ġaccountant,18.116765
1048,7,Ġsaid,9.726516
1048,8,Ġhis,6.918623
1048,9,Ġcolleague,10.857455
1048,10,Ġrecalled,14.33226
1048,11,Ġthe,2.965648
1048,12,Ġinvestor,13.894536
1048,13,Ġrepaid,17.58547
1048,14,Ġto,7.95696
1048,15,Ġthe,2.3692
1048,16,Ġcriminal,14.755425
1048,17,Ġking,8.517743
1048,18,pin,4.93016
1048,19,.,3.37488
1048,20,<|endoftext|>,9.308489
1049,0,<|endoftext|>,0.0
1049,1,We,7.155761
1049,2,Ġall,5.001796
1049,3,Ġknow,0.901057
1049,4,Ġthat,1.582244
1049,5,Ġthe,3.681979
1049,6,Ġaccountant,18.116765
1049,7,Ġsaid,9.726516
1049,8,Ġhis,6.918623
1049,9,Ġcolleague,10.857455
1049,10,Ġrecalled,14.33226
1049,11,Ġthe,2.965648
1049,12,Ġinvestor,13.894536
1049,13,Ġrepaid,17.58547
1049,14,Ġhis,2.256228
1049,15,Ġdebt,4.708265
1049,16,Ġto,3.773684
1049,17,Ġthe,1.670413
1049,18,Ġcriminal,15.414655
1049,19,Ġking,7.590423
1049,20,pin,3.203922
1049,21,.,2.28504
1049,22,<|endoftext|>,9.386316
1050,0,<|endoftext|>,0.0
1050,1,We,7.155761
1050,2,Ġall,5.001796
1050,3,Ġknow,0.901057
1050,4,Ġwhat,3.935055
1050,5,Ġthe,4.242649
1050,6,Ġaccountant,16.800534
1050,7,Ġsaid,5.066623
1050,8,Ġhis,12.58765
1050,9,Ġcolleague,10.045247
1050,10,Ġrecalled,13.780213
1050,11,Ġthe,5.811176
1050,12,Ġinvestor,13.93963
1050,13,Ġrepaid,17.882574
1050,14,Ġto,5.249442
1050,15,Ġthe,2.438043
1050,16,Ġcriminal,14.47129
1050,17,Ġking,8.896796
1050,18,pin,3.243464
1050,19,Ġ.,9.718102
1050,20,<|endoftext|>,7.924548
1051,0,<|endoftext|>,0.0
1051,1,We,7.155761
1051,2,Ġall,5.001796
1051,3,Ġknow,0.901057
1051,4,Ġwhat,3.935055
1051,5,Ġthe,4.242649
1051,6,Ġaccountant,16.800534
1051,7,Ġsaid,5.066623
1051,8,Ġhis,12.58765
1051,9,Ġcolleague,10.045247
1051,10,Ġrecalled,13.780213
1051,11,Ġthe,5.811176
1051,12,Ġinvestor,13.93963
1051,13,Ġrepaid,17.882574
1051,14,Ġhis,4.300736
1051,15,Ġdebt,4.588463
1051,16,Ġto,3.438734
1051,17,Ġthe,1.956826
1051,18,Ġcriminal,15.377814
1051,19,Ġking,7.820615
1051,20,pin,2.936453
1051,21,Ġ.,9.625542
1051,22,<|endoftext|>,7.840901
1052,0,<|endoftext|>,0.0
1052,1,We,7.155761
1052,2,Ġall,5.001796
1052,3,Ġknow,0.901057
1052,4,Ġthat,1.582244
1052,5,Ġthe,3.681979
1052,6,Ġaccountant,18.116765
1052,7,Ġsaid,9.726516
1052,8,Ġhis,6.918623
1052,9,Ġcolleague,10.857455
1052,10,Ġrecalled,14.33226
1052,11,Ġthe,2.965648
1052,12,Ġpartners,16.800399
1052,13,Ġknew,13.411612
1052,14,Ġthe,3.841922
1052,15,Ġinvestor,10.860691
1052,16,Ġrepaid,17.480413
1052,17,Ġto,8.148379
1052,18,Ġthe,1.970236
1052,19,Ġcriminal,14.699782
1052,20,Ġking,9.198048
1052,21,pin,2.800264
1052,22,.,2.15174
1052,23,<|endoftext|>,9.671658
1053,0,<|endoftext|>,0.0
1053,1,We,7.155761
1053,2,Ġall,5.001796
1053,3,Ġknow,0.901057
1053,4,Ġthat,1.582244
1053,5,Ġthe,3.681979
1053,6,Ġaccountant,18.116765
1053,7,Ġsaid,9.726516
1053,8,Ġhis,6.918623
1053,9,Ġcolleague,10.857455
1053,10,Ġrecalled,14.33226
1053,11,Ġthe,2.965648
1053,12,Ġpartners,16.800399
1053,13,Ġknew,13.411612
1053,14,Ġthe,3.841922
1053,15,Ġinvestor,10.860691
1053,16,Ġrepaid,17.480413
1053,17,Ġhis,3.128797
1053,18,Ġdebt,5.021452
1053,19,Ġto,4.31125
1053,20,Ġthe,1.823275
1053,21,Ġcriminal,15.133952
1053,22,Ġking,8.30726
1053,23,pin,2.215669
1053,24,.,1.680392
1053,25,<|endoftext|>,9.653597
1054,0,<|endoftext|>,0.0
1054,1,We,7.155761
1054,2,Ġall,5.001796
1054,3,Ġknow,0.901057
1054,4,Ġwhat,3.935055
1054,5,Ġthe,4.242649
1054,6,Ġaccountant,16.800534
1054,7,Ġsaid,5.066623
1054,8,Ġhis,12.58765
1054,9,Ġcolleague,10.045247
1054,10,Ġrecalled,13.780213
1054,11,Ġthe,5.811176
1054,12,Ġpartners,17.010244
1054,13,Ġknew,9.98006
1054,14,Ġthe,6.185212
1054,15,Ġinvestor,10.330082
1054,16,Ġrepaid,17.928338
1054,17,Ġto,6.05287
1054,18,Ġthe,2.213782
1054,19,Ġcriminal,14.358585
1054,20,Ġking,9.576485
1054,21,pin,2.419095
1054,22,Ġ.,9.298611
1054,23,<|endoftext|>,8.277803
1055,0,<|endoftext|>,0.0
1055,1,We,7.155761
1055,2,Ġall,5.001796
1055,3,Ġknow,0.901057
1055,4,Ġwhat,3.935055
1055,5,Ġthe,4.242649
1055,6,Ġaccountant,16.800534
1055,7,Ġsaid,5.066623
1055,8,Ġhis,12.58765
1055,9,Ġcolleague,10.045247
1055,10,Ġrecalled,13.780213
1055,11,Ġthe,5.811176
1055,12,Ġpartners,17.010244
1055,13,Ġknew,9.98006
1055,14,Ġthe,6.185212
1055,15,Ġinvestor,10.330082
1055,16,Ġrepaid,17.928338
1055,17,Ġhis,4.47019
1055,18,Ġdebt,4.754748
1055,19,Ġto,3.857846
1055,20,Ġthe,2.225662
1055,21,Ġcriminal,14.888872
1055,22,Ġking,8.508057
1055,23,pin,2.230082
1055,24,Ġ.,9.368729
1055,25,<|endoftext|>,8.200656
1056,0,<|endoftext|>,0.0
1056,1,We,7.155761
1056,2,Ġall,5.001796
1056,3,Ġknow,0.901057
1056,4,Ġthat,1.582244
1056,5,Ġthe,3.681979
1056,6,Ġaccountant,18.116765
1056,7,Ġsaid,9.726516
1056,8,Ġhis,6.918623
1056,9,Ġcolleague,10.857455
1056,10,Ġrecalled,14.33226
1056,11,Ġthe,2.965648
1056,12,Ġpartners,16.800399
1056,13,Ġknew,13.411612
1056,14,Ġthe,3.841922
1056,15,Ġinvestor,10.860691
1056,16,Ġrepaid,17.480413
1056,17,Ġto,8.148379
1056,18,Ġthe,1.970236
1056,19,Ġcriminal,14.699782
1056,20,Ġking,9.198048
1056,21,pin,2.800264
1056,22,.,2.15174
1056,23,<|endoftext|>,9.671658
1057,0,<|endoftext|>,0.0
1057,1,We,7.155761
1057,2,Ġall,5.001796
1057,3,Ġknow,0.901057
1057,4,Ġthat,1.582244
1057,5,Ġthe,3.681979
1057,6,Ġaccountant,18.116765
1057,7,Ġsaid,9.726516
1057,8,Ġhis,6.918623
1057,9,Ġcolleague,10.857455
1057,10,Ġrecalled,14.33226
1057,11,Ġthe,2.965648
1057,12,Ġpartners,16.800399
1057,13,Ġknew,13.411612
1057,14,Ġthe,3.841922
1057,15,Ġinvestor,10.860691
1057,16,Ġrepaid,17.480413
1057,17,Ġhis,3.128797
1057,18,Ġdebt,5.021452
1057,19,Ġto,4.31125
1057,20,Ġthe,1.823275
1057,21,Ġcriminal,15.133952
1057,22,Ġking,8.30726
1057,23,pin,2.215669
1057,24,.,1.680392
1057,25,<|endoftext|>,9.653597
1058,0,<|endoftext|>,0.0
1058,1,We,7.155761
1058,2,Ġall,5.001796
1058,3,Ġknow,0.901057
1058,4,Ġwhat,3.935055
1058,5,Ġthe,4.242649
1058,6,Ġaccountant,16.800534
1058,7,Ġsaid,5.066623
1058,8,Ġhis,12.58765
1058,9,Ġcolleague,10.045247
1058,10,Ġrecalled,13.780213
1058,11,Ġthe,5.811176
1058,12,Ġpartners,17.010244
1058,13,Ġknew,9.98006
1058,14,Ġthe,6.185212
1058,15,Ġinvestor,10.330082
1058,16,Ġrepaid,17.928338
1058,17,Ġto,6.05287
1058,18,Ġthe,2.213782
1058,19,Ġcriminal,14.358585
1058,20,Ġking,9.576485
1058,21,pin,2.419095
1058,22,Ġ.,9.298611
1058,23,<|endoftext|>,8.277803
1059,0,<|endoftext|>,0.0
1059,1,We,7.155761
1059,2,Ġall,5.001796
1059,3,Ġknow,0.901057
1059,4,Ġwhat,3.935055
1059,5,Ġthe,4.242649
1059,6,Ġaccountant,16.800534
1059,7,Ġsaid,5.066623
1059,8,Ġhis,12.58765
1059,9,Ġcolleague,10.045247
1059,10,Ġrecalled,13.780213
1059,11,Ġthe,5.811176
1059,12,Ġpartners,17.010244
1059,13,Ġknew,9.98006
1059,14,Ġthe,6.185212
1059,15,Ġinvestor,10.330082
1059,16,Ġrepaid,17.928338
1059,17,Ġhis,4.47019
1059,18,Ġdebt,4.754748
1059,19,Ġto,3.857846
1059,20,Ġthe,2.225662
1059,21,Ġcriminal,14.888872
1059,22,Ġking,8.508057
1059,23,pin,2.230082
1059,24,Ġ.,9.368729
1059,25,<|endoftext|>,8.200656
1060,0,<|endoftext|>,0.0
1060,1,I,5.770367
1060,2,Ġknow,5.545733
1060,3,Ġthat,2.74974
1060,4,Ġthe,4.424285
1060,5,Ġbusiness,11.457195
1060,6,Ġman,9.777829
1060,7,Ġpromised,12.949881
1060,8,Ġto,2.028065
1060,9,Ġthe,9.593926
1060,10,Ġfactory,9.682755
1060,11,Ġworkers,3.3087
1060,12,.,4.296865
1060,13,<|endoftext|>,10.013522
1061,0,<|endoftext|>,0.0
1061,1,I,5.770362
1061,2,Ġknow,5.545699
1061,3,Ġthat,2.74972
1061,4,Ġthe,4.424218
1061,5,Ġbusiness,11.457228
1061,6,Ġman,9.777836
1061,7,Ġpromised,12.949968
1061,8,Ġa,4.662213
1061,9,Ġraise,11.15933
1061,10,Ġto,4.328768
1061,11,Ġthe,3.057713
1061,12,Ġfactory,10.540226
1061,13,Ġworkers,1.563906
1061,14,.,2.639377
1061,15,<|endoftext|>,10.824075
1062,0,<|endoftext|>,0.0
1062,1,I,5.770367
1062,2,Ġknow,5.545733
1062,3,Ġwhat,4.510479
1062,4,Ġthe,6.346878
1062,5,Ġbusiness,11.3348
1062,6,Ġman,8.682457
1062,7,Ġpromised,12.094557
1062,8,Ġto,3.213512
1062,9,Ġthe,6.07004
1062,10,Ġfactory,9.768776
1062,11,Ġworkers,2.734335
1062,12,.,1.99424
1062,13,<|endoftext|>,9.392039
1063,0,<|endoftext|>,0.0
1063,1,I,5.770362
1063,2,Ġknow,5.545699
1063,3,Ġwhat,4.510481
1063,4,Ġthe,6.346903
1063,5,Ġbusiness,11.334717
1063,6,Ġman,8.682453
1063,7,Ġpromised,12.094538
1063,8,Ġa,8.482061
1063,9,Ġraise,14.465203
1063,10,Ġto,4.046384
1063,11,Ġthe,3.639528
1063,12,Ġfactory,10.343923
1063,13,Ġworkers,1.947256
1063,14,.,1.962752
1063,15,<|endoftext|>,9.545643
1064,0,<|endoftext|>,0.0
1064,1,I,5.770357
1064,2,Ġknow,5.545684
1064,3,Ġthat,2.749692
1064,4,Ġthe,4.424222
1064,5,Ġsecretary,14.743811
1064,6,Ġsaid,7.513032
1064,7,Ġthe,4.901655
1064,8,Ġbusiness,10.389487
1064,9,Ġman,10.746961
1064,10,Ġpromised,10.987448
1064,11,Ġto,1.264022
1064,12,Ġthe,9.965855
1064,13,Ġfactory,9.538404
1064,14,Ġworkers,3.192188
1064,15,.,3.703642
1064,16,<|endoftext|>,10.438995
1065,0,<|endoftext|>,0.0
1065,1,I,5.770357
1065,2,Ġknow,5.545684
1065,3,Ġthat,2.749692
1065,4,Ġthe,4.424222
1065,5,Ġsecretary,14.743811
1065,6,Ġsaid,7.513032
1065,7,Ġthe,4.901655
1065,8,Ġbusiness,10.389487
1065,9,Ġman,10.746961
1065,10,Ġpromised,10.987448
1065,11,Ġa,4.957197
1065,12,Ġraise,10.406738
1065,13,Ġto,4.383638
1065,14,Ġthe,2.573751
1065,15,Ġfactory,10.544452
1065,16,Ġworkers,1.791512
1065,17,.,2.199211
1065,18,<|endoftext|>,10.74889
1066,0,<|endoftext|>,0.0
1066,1,I,5.770357
1066,2,Ġknow,5.545684
1066,3,Ġwhat,4.510475
1066,4,Ġthe,6.346905
1066,5,Ġsecretary,14.292014
1066,6,Ġsaid,2.778063
1066,7,Ġthe,8.947851
1066,8,Ġbusiness,13.381127
1066,9,Ġman,8.151773
1066,10,Ġpromised,9.408215
1066,11,Ġto,2.799304
1066,12,Ġthe,6.390373
1066,13,Ġfactory,9.379904
1066,14,Ġworkers,2.691119
1066,15,.,1.64879
1066,16,<|endoftext|>,8.893209
1067,0,<|endoftext|>,0.0
1067,1,I,5.770357
1067,2,Ġknow,5.545684
1067,3,Ġwhat,4.510475
1067,4,Ġthe,6.346905
1067,5,Ġsecretary,14.292014
1067,6,Ġsaid,2.778063
1067,7,Ġthe,8.947851
1067,8,Ġbusiness,13.381127
1067,9,Ġman,8.151773
1067,10,Ġpromised,9.408215
1067,11,Ġa,8.122412
1067,12,Ġraise,12.873742
1067,13,Ġto,4.233601
1067,14,Ġthe,2.908372
1067,15,Ġfactory,10.746358
1067,16,Ġworkers,2.030906
1067,17,.,1.661161
1067,18,<|endoftext|>,9.054051
1068,0,<|endoftext|>,0.0
1068,1,I,5.770357
1068,2,Ġknow,5.545684
1068,3,Ġthat,2.749692
1068,4,Ġthe,4.424222
1068,5,Ġsecretary,14.743811
1068,6,Ġsaid,7.513032
1068,7,Ġthe,4.901655
1068,8,Ġjournalist,13.848754
1068,9,Ġremarked,14.631853
1068,10,Ġthe,6.484504
1068,11,Ġbusiness,11.692509
1068,12,Ġman,6.485975
1068,13,Ġpromised,11.630444
1068,14,Ġto,1.25421
1068,15,Ġthe,9.980511
1068,16,Ġfactory,10.261357
1068,17,Ġworkers,3.781392
1068,18,.,3.253367
1068,19,<|endoftext|>,10.029134
1069,0,<|endoftext|>,0.0
1069,1,I,5.770357
1069,2,Ġknow,5.545684
1069,3,Ġthat,2.749692
1069,4,Ġthe,4.424222
1069,5,Ġsecretary,14.743811
1069,6,Ġsaid,7.513032
1069,7,Ġthe,4.901655
1069,8,Ġjournalist,13.848754
1069,9,Ġremarked,14.631853
1069,10,Ġthe,6.484504
1069,11,Ġbusiness,11.692509
1069,12,Ġman,6.485975
1069,13,Ġpromised,11.630444
1069,14,Ġa,4.490566
1069,15,Ġraise,11.652301
1069,16,Ġto,4.429898
1069,17,Ġthe,2.513113
1069,18,Ġfactory,10.458338
1069,19,Ġworkers,2.557398
1069,20,.,1.734211
1069,21,<|endoftext|>,10.178964
1070,0,<|endoftext|>,0.0
1070,1,I,5.770357
1070,2,Ġknow,5.545684
1070,3,Ġwhat,4.510475
1070,4,Ġthe,6.346905
1070,5,Ġsecretary,14.292014
1070,6,Ġsaid,2.778063
1070,7,Ġthe,8.947851
1070,8,Ġjournalist,15.288687
1070,9,Ġremarked,14.15795
1070,10,Ġthe,6.901805
1070,11,Ġbusiness,12.004624
1070,12,Ġman,4.979079
1070,13,Ġpromised,11.185766
1070,14,Ġto,2.118893
1070,15,Ġthe,9.109089
1070,16,Ġfactory,10.732963
1070,17,Ġworkers,3.649108
1070,18,.,1.981652
1070,19,<|endoftext|>,8.594523
1071,0,<|endoftext|>,0.0
1071,1,I,5.770357
1071,2,Ġknow,5.545684
1071,3,Ġwhat,4.510475
1071,4,Ġthe,6.346905
1071,5,Ġsecretary,14.292014
1071,6,Ġsaid,2.778063
1071,7,Ġthe,8.947851
1071,8,Ġjournalist,15.288687
1071,9,Ġremarked,14.15795
1071,10,Ġthe,6.901805
1071,11,Ġbusiness,12.004624
1071,12,Ġman,4.979079
1071,13,Ġpromised,11.185766
1071,14,Ġa,5.605061
1071,15,Ġraise,12.009937
1071,16,Ġto,4.303541
1071,17,Ġthe,2.672709
1071,18,Ġfactory,10.59305
1071,19,Ġworkers,2.602574
1071,20,.,1.631455
1071,21,<|endoftext|>,8.75577
1072,0,<|endoftext|>,0.0
1072,1,I,5.770357
1072,2,Ġknow,5.545684
1072,3,Ġthat,2.749692
1072,4,Ġthe,4.424222
1072,5,Ġsecretary,14.743811
1072,6,Ġsaid,7.513032
1072,7,Ġthe,4.901655
1072,8,Ġjournalist,13.848754
1072,9,Ġremarked,14.631853
1072,10,Ġthe,6.484504
1072,11,Ġworkers,13.061711
1072,12,Ġsaid,8.196637
1072,13,Ġthe,2.751171
1072,14,Ġbusiness,9.471657
1072,15,Ġman,7.943881
1072,16,Ġpromised,10.494762
1072,17,Ġto,1.321789
1072,18,Ġthe,10.153718
1072,19,Ġfactory,6.918645
1072,20,Ġworkers,3.125814
1072,21,.,3.308655
1072,22,<|endoftext|>,9.350163
1073,0,<|endoftext|>,0.0
1073,1,I,5.770357
1073,2,Ġknow,5.545684
1073,3,Ġthat,2.749692
1073,4,Ġthe,4.424222
1073,5,Ġsecretary,14.743811
1073,6,Ġsaid,7.513032
1073,7,Ġthe,4.901655
1073,8,Ġjournalist,13.848754
1073,9,Ġremarked,14.631853
1073,10,Ġthe,6.484504
1073,11,Ġworkers,13.061711
1073,12,Ġsaid,8.196637
1073,13,Ġthe,2.751171
1073,14,Ġbusiness,9.471657
1073,15,Ġman,7.943881
1073,16,Ġpromised,10.494762
1073,17,Ġa,5.123393
1073,18,Ġraise,9.931953
1073,19,Ġto,4.419105
1073,20,Ġthe,2.580239
1073,21,Ġfactory,8.808424
1073,22,Ġworkers,2.633761
1073,23,.,1.478747
1073,24,<|endoftext|>,9.359757
1074,0,<|endoftext|>,0.0
1074,1,I,5.770357
1074,2,Ġknow,5.545684
1074,3,Ġwhat,4.510475
1074,4,Ġthe,6.346905
1074,5,Ġsecretary,14.292014
1074,6,Ġsaid,2.778063
1074,7,Ġthe,8.947851
1074,8,Ġjournalist,15.288687
1074,9,Ġremarked,14.15795
1074,10,Ġthe,6.901805
1074,11,Ġworkers,13.509178
1074,12,Ġsaid,6.489271
1074,13,Ġthe,2.701834
1074,14,Ġbusiness,9.177748
1074,15,Ġman,6.883601
1074,16,Ġpromised,11.012264
1074,17,Ġto,1.653781
1074,18,Ġthe,9.691682
1074,19,Ġfactory,7.275341
1074,20,Ġworkers,3.230388
1074,21,.,3.052563
1074,22,<|endoftext|>,8.256658
1075,0,<|endoftext|>,0.0
1075,1,I,5.770357
1075,2,Ġknow,5.545684
1075,3,Ġwhat,4.510475
1075,4,Ġthe,6.346905
1075,5,Ġsecretary,14.292014
1075,6,Ġsaid,2.778063
1075,7,Ġthe,8.947851
1075,8,Ġjournalist,15.288687
1075,9,Ġremarked,14.15795
1075,10,Ġthe,6.901805
1075,11,Ġworkers,13.509178
1075,12,Ġsaid,6.489271
1075,13,Ġthe,2.701834
1075,14,Ġbusiness,9.177748
1075,15,Ġman,6.883601
1075,16,Ġpromised,11.012264
1075,17,Ġa,5.305064
1075,18,Ġraise,9.847006
1075,19,Ġto,4.226858
1075,20,Ġthe,2.64377
1075,21,Ġfactory,8.966509
1075,22,Ġworkers,2.787976
1075,23,.,1.676928
1075,24,<|endoftext|>,8.355645
1076,0,<|endoftext|>,0.0
1076,1,I,5.770357
1076,2,Ġknow,5.545684
1076,3,Ġthat,2.749692
1076,4,Ġthe,4.424222
1076,5,Ġsecretary,14.743811
1076,6,Ġsaid,7.513032
1076,7,Ġthe,4.901655
1076,8,Ġjournalist,13.848754
1076,9,Ġremarked,14.631853
1076,10,Ġthe,6.484504
1076,11,Ġworkers,13.061711
1076,12,Ġsaid,8.196637
1076,13,Ġthe,2.751171
1076,14,Ġbusiness,9.471657
1076,15,Ġman,7.943881
1076,16,Ġpromised,10.494762
1076,17,Ġto,1.321789
1076,18,Ġthe,10.153718
1076,19,Ġfactory,6.918645
1076,20,Ġworkers,3.125814
1076,21,.,3.308655
1076,22,<|endoftext|>,9.350163
1077,0,<|endoftext|>,0.0
1077,1,I,5.770357
1077,2,Ġknow,5.545684
1077,3,Ġthat,2.749692
1077,4,Ġthe,4.424222
1077,5,Ġsecretary,14.743811
1077,6,Ġsaid,7.513032
1077,7,Ġthe,4.901655
1077,8,Ġjournalist,13.848754
1077,9,Ġremarked,14.631853
1077,10,Ġthe,6.484504
1077,11,Ġworkers,13.061711
1077,12,Ġsaid,8.196637
1077,13,Ġthe,2.751171
1077,14,Ġbusiness,9.471657
1077,15,Ġman,7.943881
1077,16,Ġpromised,10.494762
1077,17,Ġa,5.123393
1077,18,Ġraise,9.931953
1077,19,Ġto,4.419105
1077,20,Ġthe,2.580239
1077,21,Ġfactory,8.808424
1077,22,Ġworkers,2.633761
1077,23,.,1.478747
1077,24,<|endoftext|>,9.359757
1078,0,<|endoftext|>,0.0
1078,1,I,5.770357
1078,2,Ġknow,5.545684
1078,3,Ġwhat,4.510475
1078,4,Ġthe,6.346905
1078,5,Ġsecretary,14.292014
1078,6,Ġsaid,2.778063
1078,7,Ġthe,8.947851
1078,8,Ġjournalist,15.288687
1078,9,Ġremarked,14.15795
1078,10,Ġthe,6.901805
1078,11,Ġworkers,13.509178
1078,12,Ġsaid,6.489271
1078,13,Ġthe,2.701834
1078,14,Ġbusiness,9.177748
1078,15,Ġman,6.883601
1078,16,Ġpromised,11.012264
1078,17,Ġto,1.653781
1078,18,Ġthe,9.691682
1078,19,Ġfactory,7.275341
1078,20,Ġworkers,3.230388
1078,21,.,3.052563
1078,22,<|endoftext|>,8.256658
1079,0,<|endoftext|>,0.0
1079,1,I,5.770357
1079,2,Ġknow,5.545684
1079,3,Ġwhat,4.510475
1079,4,Ġthe,6.346905
1079,5,Ġsecretary,14.292014
1079,6,Ġsaid,2.778063
1079,7,Ġthe,8.947851
1079,8,Ġjournalist,15.288687
1079,9,Ġremarked,14.15795
1079,10,Ġthe,6.901805
1079,11,Ġworkers,13.509178
1079,12,Ġsaid,6.489271
1079,13,Ġthe,2.701834
1079,14,Ġbusiness,9.177748
1079,15,Ġman,6.883601
1079,16,Ġpromised,11.012264
1079,17,Ġa,5.305064
1079,18,Ġraise,9.847006
1079,19,Ġto,4.226858
1079,20,Ġthe,2.64377
1079,21,Ġfactory,8.966509
1079,22,Ġworkers,2.787976
1079,23,.,1.676928
1079,24,<|endoftext|>,8.355645
