sentence_id	token_id	token	surprisal
1	1	<|endoftext|>	0.0
1	2	I	5.770367
1	3	Ġknow	5.545733
1	4	Ġthat	2.74974
1	5	Ġyour	6.902938
1	6	Ġfriend	7.219469
1	7	Ġthrew	12.316039
1	8	Ġinto	8.807188
1	9	Ġthe	1.752751
1	10	Ġtrash	6.749094
1	11	Ġcan	3.301439
1	12	.	4.482284
1	13	<|endoftext|>	9.94659
2	1	<|endoftext|>	0.0
2	2	I	5.770367
2	3	Ġknow	5.545733
2	4	Ġthat	2.749727
2	5	Ġyour	6.902938
2	6	Ġfriend	7.219469
2	7	Ġthrew	12.316045
2	8	Ġthe	3.978974
2	9	Ġplastic	11.313429
2	10	Ġinto	6.671617
2	11	Ġthe	1.218964
2	12	Ġtrash	3.823729
2	13	Ġcan	2.613783
2	14	.	2.574317
2	15	<|endoftext|>	9.9038
3	1	<|endoftext|>	0.0
3	2	I	5.770367
3	3	Ġknow	5.545733
3	4	Ġwhat	4.510479
3	5	Ġyour	5.887208
3	6	Ġfriend	9.75916
3	7	Ġthrew	14.83393
3	8	Ġinto	5.530588
3	9	Ġthe	1.860435
3	10	Ġtrash	4.90201
3	11	Ġcan	1.703058
3	12	.	1.908352
3	13	<|endoftext|>	9.019782
4	1	<|endoftext|>	0.0
4	2	I	5.770367
4	3	Ġknow	5.545733
4	4	Ġwhat	4.510466
4	5	Ġyour	5.887208
4	6	Ġfriend	9.75916
4	7	Ġthrew	14.833954
4	8	Ġthe	6.894532
4	9	Ġplastic	11.92557
4	10	Ġinto	6.651918
4	11	Ġthe	1.749706
4	12	Ġtrash	3.660315
4	13	Ġcan	2.329419
4	14	.	1.700395
4	15	<|endoftext|>	8.796248
5	1	<|endoftext|>	0.0
5	2	I	5.770362
5	3	Ġknow	5.545699
5	4	Ġthat	2.74972
5	5	Ġour	8.916295
5	6	Ġmother	9.931917
5	7	Ġsaid	6.590502
5	8	Ġyour	10.290993
5	9	Ġfriend	9.176866
5	10	Ġthrew	11.575096
5	11	Ġinto	10.788204
5	12	Ġthe	1.2151
5	13	Ġtrash	5.318927
5	14	Ġcan	3.211241
5	15	.	3.461844
5	16	<|endoftext|>	10.52967
6	1	<|endoftext|>	0.0
6	2	I	5.770357
6	3	Ġknow	5.545684
6	4	Ġthat	2.749692
6	5	Ġour	8.916299
6	6	Ġmother	9.931918
6	7	Ġsaid	6.590503
6	8	Ġyour	10.290977
6	9	Ġfriend	9.176875
6	10	Ġthrew	11.575058
6	11	Ġthe	3.464657
6	12	Ġplastic	9.518383
6	13	Ġinto	6.906036
6	14	Ġthe	1.010771
6	15	Ġtrash	4.246688
6	16	Ġcan	2.89976
6	17	.	2.057055
6	18	<|endoftext|>	10.244484
7	1	<|endoftext|>	0.0
7	2	I	5.770362
7	3	Ġknow	5.545699
7	4	Ġwhat	4.510481
7	5	Ġour	12.808653
7	6	Ġmother	9.021479
7	7	Ġsaid	2.517088
7	8	Ġyour	13.992891
7	9	Ġfriend	7.915233
7	10	Ġthrew	12.569459
7	11	Ġinto	8.931998
7	12	Ġthe	1.196426
7	13	Ġtrash	4.586684
7	14	Ġcan	2.966646
7	15	.	2.154284
7	16	<|endoftext|>	8.691178
8	1	<|endoftext|>	0.0
8	2	I	5.770357
8	3	Ġknow	5.545684
8	4	Ġwhat	4.510475
8	5	Ġour	12.808654
8	6	Ġmother	9.021499
8	7	Ġsaid	2.517112
8	8	Ġyour	13.992892
8	9	Ġfriend	7.915233
8	10	Ġthrew	12.569473
8	11	Ġthe	3.377598
8	12	Ġplastic	9.539864
8	13	Ġinto	6.770061
8	14	Ġthe	0.99338
8	15	Ġtrash	3.882716
8	16	Ġcan	2.962774
8	17	.	1.670056
8	18	<|endoftext|>	8.344637
9	1	<|endoftext|>	0.0
9	2	I	5.770357
9	3	Ġknow	5.545684
9	4	Ġthat	2.749692
9	5	Ġour	8.916299
9	6	Ġmother	9.931918
9	7	Ġsaid	6.590503
9	8	Ġher	7.331433
9	9	Ġfriend	9.653595
9	10	Ġremarked	15.422551
9	11	Ġyour	12.03681
9	12	Ġfriend	4.945186
9	13	Ġthrew	12.127652
9	14	Ġinto	10.531254
9	15	Ġthe	1.102057
9	16	Ġtrash	4.991073
9	17	Ġcan	4.525955
9	18	.	3.136631
9	19	<|endoftext|>	10.685674
10	1	<|endoftext|>	0.0
10	2	I	5.770357
10	3	Ġknow	5.545684
10	4	Ġthat	2.749692
10	5	Ġour	8.916299
10	6	Ġmother	9.931918
10	7	Ġsaid	6.590503
10	8	Ġher	7.331433
10	9	Ġfriend	9.653595
10	10	Ġremarked	15.422551
10	11	Ġyour	12.03681
10	12	Ġfriend	4.945186
10	13	Ġthrew	12.127652
10	14	Ġthe	3.281126
10	15	Ġplastic	9.276717
10	16	Ġinto	7.27692
10	17	Ġthe	0.94254
10	18	Ġtrash	4.167905
10	19	Ġcan	3.224234
10	20	.	1.795994
10	21	<|endoftext|>	10.297295
11	1	<|endoftext|>	0.0
11	2	I	5.770357
11	3	Ġknow	5.545684
11	4	Ġwhat	4.510475
11	5	Ġour	12.808654
11	6	Ġmother	9.021499
11	7	Ġsaid	2.517112
11	8	Ġher	11.796743
11	9	Ġfriend	7.265095
11	10	Ġremarked	14.77128
11	11	Ġyour	11.49959
11	12	Ġfriend	4.394389
11	13	Ġthrew	12.072805
11	14	Ġinto	9.703758
11	15	Ġthe	1.166598
11	16	Ġtrash	4.646685
11	17	Ġcan	3.943959
11	18	.	2.473889
11	19	<|endoftext|>	9.124934
12	1	<|endoftext|>	0.0
12	2	I	5.770357
12	3	Ġknow	5.545684
12	4	Ġwhat	4.510475
12	5	Ġour	12.808654
12	6	Ġmother	9.021499
12	7	Ġsaid	2.517112
12	8	Ġher	11.796743
12	9	Ġfriend	7.265095
12	10	Ġremarked	14.77128
12	11	Ġyour	11.49959
12	12	Ġfriend	4.394389
12	13	Ġthrew	12.072805
12	14	Ġthe	3.235889
12	15	Ġplastic	9.243029
12	16	Ġinto	7.185461
12	17	Ġthe	0.952441
12	18	Ġtrash	3.808581
12	19	Ġcan	3.079724
12	20	.	1.624789
12	21	<|endoftext|>	8.701817
13	1	<|endoftext|>	0.0
13	2	I	5.770357
13	3	Ġknow	5.545684
13	4	Ġthat	2.749692
13	5	Ġour	8.916299
13	6	Ġmother	9.931918
13	7	Ġsaid	6.590503
13	8	Ġher	7.331433
13	9	Ġfriend	9.653595
13	10	Ġremarked	15.422551
13	11	Ġthe	7.058251
13	12	Ġpark	13.377457
13	13	Ġattendant	12.693683
13	14	Ġreported	12.190502
13	15	Ġyour	11.112687
13	16	Ġfriend	4.033353
13	17	Ġthrew	11.493462
13	18	Ġinto	10.922285
13	19	Ġthe	0.538585
13	20	Ġtrash	4.234048
13	21	Ġcan	4.603172
13	22	.	2.035815
13	23	<|endoftext|>	10.386116
14	1	<|endoftext|>	0.0
14	2	I	5.770357
14	3	Ġknow	5.545684
14	4	Ġthat	2.749692
14	5	Ġour	8.916299
14	6	Ġmother	9.931918
14	7	Ġsaid	6.590503
14	8	Ġher	7.331433
14	9	Ġfriend	9.653595
14	10	Ġremarked	15.422551
14	11	Ġthe	7.058251
14	12	Ġpark	13.377457
14	13	Ġattendant	12.693683
14	14	Ġreported	12.190502
14	15	Ġyour	11.112687
14	16	Ġfriend	4.033353
14	17	Ġthrew	11.493462
14	18	Ġthe	3.095572
14	19	Ġplastic	6.850482
14	20	Ġinto	8.142272
14	21	Ġthe	0.57896
14	22	Ġtrash	3.961717
14	23	Ġcan	3.038417
14	24	.	1.351829
14	25	<|endoftext|>	10.091271
15	1	<|endoftext|>	0.0
15	2	I	5.770357
15	3	Ġknow	5.545684
15	4	Ġwhat	4.510475
15	5	Ġour	12.808654
15	6	Ġmother	9.021499
15	7	Ġsaid	2.517112
15	8	Ġher	11.796743
15	9	Ġfriend	7.265095
15	10	Ġremarked	14.77128
15	11	Ġthe	6.961515
15	12	Ġpark	15.366804
15	13	Ġattendant	11.964203
15	14	Ġreported	11.798498
15	15	Ġyour	10.884739
15	16	Ġfriend	4.249016
15	17	Ġthrew	11.180098
15	18	Ġinto	10.57008
15	19	Ġthe	0.581085
15	20	Ġtrash	4.17208
15	21	Ġcan	4.397834
15	22	.	2.023603
15	23	<|endoftext|>	9.049437
16	1	<|endoftext|>	0.0
16	2	I	5.770357
16	3	Ġknow	5.545684
16	4	Ġwhat	4.510475
16	5	Ġour	12.808654
16	6	Ġmother	9.021499
16	7	Ġsaid	2.517112
16	8	Ġher	11.796743
16	9	Ġfriend	7.265095
16	10	Ġremarked	14.77128
16	11	Ġthe	6.961515
16	12	Ġpark	15.366804
16	13	Ġattendant	11.964203
16	14	Ġreported	11.798498
16	15	Ġyour	10.884739
16	16	Ġfriend	4.249016
16	17	Ġthrew	11.180098
16	18	Ġthe	3.023074
16	19	Ġplastic	6.916482
16	20	Ġinto	8.078101
16	21	Ġthe	0.601609
16	22	Ġtrash	3.827382
16	23	Ġcan	2.937573
16	24	.	1.354883
16	25	<|endoftext|>	8.700344
17	1	<|endoftext|>	0.0
17	2	I	5.770357
17	3	Ġknow	5.545684
17	4	Ġthat	2.749692
17	5	Ġour	8.916299
17	6	Ġmother	9.931918
17	7	Ġsaid	6.590503
17	8	Ġher	7.331433
17	9	Ġfriend	9.653595
17	10	Ġremarked	15.422551
17	11	Ġthe	7.058251
17	12	Ġpark	13.377457
17	13	Ġattendant	12.693683
17	14	Ġreported	12.190502
17	15	Ġyour	11.112687
17	16	Ġfriend	4.033353
17	17	Ġthrew	11.493462
17	18	Ġinto	10.922285
17	19	Ġthe	0.538585
17	20	Ġtrash	4.234048
17	21	Ġcan	4.603172
17	22	.	2.035815
17	23	<|endoftext|>	10.386116
18	1	<|endoftext|>	0.0
18	2	I	5.770357
18	3	Ġknow	5.545684
18	4	Ġthat	2.749692
18	5	Ġour	8.916299
18	6	Ġmother	9.931918
18	7	Ġsaid	6.590503
18	8	Ġher	7.331433
18	9	Ġfriend	9.653595
18	10	Ġremarked	15.422551
18	11	Ġthe	7.058251
18	12	Ġpark	13.377457
18	13	Ġattendant	12.693683
18	14	Ġreported	12.190502
18	15	Ġyour	11.112687
18	16	Ġfriend	4.033353
18	17	Ġthrew	11.493462
18	18	Ġthe	3.095572
18	19	Ġplastic	6.850482
18	20	Ġinto	8.142272
18	21	Ġthe	0.57896
18	22	Ġtrash	3.961717
18	23	Ġcan	3.038417
18	24	.	1.351829
18	25	<|endoftext|>	10.091271
19	1	<|endoftext|>	0.0
19	2	I	5.770357
19	3	Ġknow	5.545684
19	4	Ġwhat	4.510475
19	5	Ġour	12.808654
19	6	Ġmother	9.021499
19	7	Ġsaid	2.517112
19	8	Ġher	11.796743
19	9	Ġfriend	7.265095
19	10	Ġremarked	14.77128
19	11	Ġthe	6.961515
19	12	Ġpark	15.366804
19	13	Ġattendant	11.964203
19	14	Ġreported	11.798498
19	15	Ġyour	10.884739
19	16	Ġfriend	4.249016
19	17	Ġthrew	11.180098
19	18	Ġinto	10.57008
19	19	Ġthe	0.581085
19	20	Ġtrash	4.17208
19	21	Ġcan	4.397834
19	22	.	2.023603
19	23	<|endoftext|>	9.049437
20	1	<|endoftext|>	0.0
20	2	I	5.770357
20	3	Ġknow	5.545684
20	4	Ġwhat	4.510475
20	5	Ġour	12.808654
20	6	Ġmother	9.021499
20	7	Ġsaid	2.517112
20	8	Ġher	11.796743
20	9	Ġfriend	7.265095
20	10	Ġremarked	14.77128
20	11	Ġthe	6.961515
20	12	Ġpark	15.366804
20	13	Ġattendant	11.964203
20	14	Ġreported	11.798498
20	15	Ġyour	10.884739
20	16	Ġfriend	4.249016
20	17	Ġthrew	11.180098
20	18	Ġthe	3.023074
20	19	Ġplastic	6.916482
20	20	Ġinto	8.078101
20	21	Ġthe	0.601609
20	22	Ġtrash	3.827382
20	23	Ġcan	2.937573
20	24	.	1.354883
20	25	<|endoftext|>	8.700344
21	1	<|endoftext|>	0.0
21	2	The	4.729313
21	3	Ġnewspaper	13.263054
21	4	Ġreported	3.595349
21	5	Ġthat	0.76549
21	6	Ġthe	2.480994
21	7	Ġboss	11.282581
21	8	Ġsold	14.352079
21	9	Ġto	7.092157
21	10	Ġhis	6.162774
21	11	Ġfriend	6.208858
21	12	.	7.044309
21	13	<|endoftext|>	5.426068
22	1	<|endoftext|>	0.0
22	2	The	4.729313
22	3	Ġnewspaper	13.263054
22	4	Ġreported	3.595349
22	5	Ġthat	0.76549
22	6	Ġthe	2.480994
22	7	Ġboss	11.282601
22	8	Ġsold	14.352068
22	9	Ġa	3.998891
22	10	Ġcar	6.810201
22	11	Ġto	2.161944
22	12	Ġhis	5.407646
22	13	Ġfriend	5.145444
22	14	.	4.795877
22	15	<|endoftext|>	5.74548
23	1	<|endoftext|>	0.0
23	2	The	4.729313
23	3	Ġnewspaper	13.263054
23	4	Ġreported	3.595349
23	5	Ġwhat	10.905774
23	6	Ġthe	3.544712
23	7	Ġboss	10.857845
23	8	Ġsold	16.069564
23	9	Ġto	1.781652
23	10	Ġhis	4.341898
23	11	Ġfriend	6.673659
23	12	.	3.49184
23	13	<|endoftext|>	5.481655
24	1	<|endoftext|>	0.0
24	2	The	4.729313
24	3	Ġnewspaper	13.263054
24	4	Ġreported	3.595349
24	5	Ġwhat	10.905774
24	6	Ġthe	3.544712
24	7	Ġboss	10.857832
24	8	Ġsold	16.069547
24	9	Ġa	7.680442
24	10	Ġcar	7.397984
24	11	Ġto	1.168419
24	12	Ġhis	6.846966
24	13	Ġfriend	5.311182
24	14	.	2.9121
24	15	<|endoftext|>	5.788828
25	1	<|endoftext|>	0.0
25	2	The	4.729286
25	3	Ġnewspaper	13.263032
25	4	Ġreported	3.595366
25	5	Ġthat	0.765484
25	6	Ġthe	2.480973
25	7	Ġinvestigator	12.798558
25	8	Ġthought	11.463146
25	9	Ġthe	2.353279
25	10	Ġboss	12.726532
25	11	Ġsold	13.933994
25	12	Ġto	7.989907
25	13	Ġhis	5.206156
25	14	Ġfriend	5.727319
25	15	.	4.201789
25	16	<|endoftext|>	5.750031
26	1	<|endoftext|>	0.0
26	2	The	4.729281
26	3	Ġnewspaper	13.263024
26	4	Ġreported	3.595351
26	5	Ġthat	0.765479
26	6	Ġthe	2.480964
26	7	Ġinvestigator	12.798575
26	8	Ġthought	11.463144
26	9	Ġthe	2.353284
26	10	Ġboss	12.726528
26	11	Ġsold	13.933986
26	12	Ġa	4.488002
26	13	Ġcar	5.661609
26	14	Ġto	1.868136
26	15	Ġhis	5.060585
26	16	Ġfriend	5.057851
26	17	.	2.958801
26	18	<|endoftext|>	5.967517
27	1	<|endoftext|>	0.0
27	2	The	4.729286
27	3	Ġnewspaper	13.263032
27	4	Ġreported	3.595366
27	5	Ġwhat	10.905768
27	6	Ġthe	3.544714
27	7	Ġinvestigator	11.594991
27	8	Ġthought	8.478196
27	9	Ġthe	6.641341
27	10	Ġboss	12.349862
27	11	Ġsold	15.222195
27	12	Ġto	1.949966
27	13	Ġhis	4.16243
27	14	Ġfriend	5.875654
27	15	.	2.188397
27	16	<|endoftext|>	6.149139
28	1	<|endoftext|>	0.0
28	2	The	4.729281
28	3	Ġnewspaper	13.263024
28	4	Ġreported	3.595351
28	5	Ġwhat	10.905762
28	6	Ġthe	3.544728
28	7	Ġinvestigator	11.594989
28	8	Ġthought	8.478208
28	9	Ġthe	6.641352
28	10	Ġboss	12.349857
28	11	Ġsold	15.222208
28	12	Ġa	6.911505
28	13	Ġcar	5.70378
28	14	Ġto	1.525848
28	15	Ġhis	6.115352
28	16	Ġfriend	5.049455
28	17	.	2.074591
28	18	<|endoftext|>	6.296788
29	1	<|endoftext|>	0.0
29	2	The	4.729281
29	3	Ġnewspaper	13.263024
29	4	Ġreported	3.595351
29	5	Ġthat	0.765479
29	6	Ġthe	2.480964
29	7	Ġinvestigator	12.798575
29	8	Ġthought	11.463144
29	9	Ġthe	2.353284
29	10	Ġbusinessman	11.015749
29	11	Ġbelieved	9.365991
29	12	Ġthe	2.532215
29	13	Ġboss	12.315114
29	14	Ġsold	12.370012
29	15	Ġto	8.087382
29	16	Ġhis	4.679973
29	17	Ġfriend	5.962396
29	18	.	3.891163
29	19	<|endoftext|>	5.486487
30	1	<|endoftext|>	0.0
30	2	The	4.729281
30	3	Ġnewspaper	13.263024
30	4	Ġreported	3.595351
30	5	Ġthat	0.765479
30	6	Ġthe	2.480964
30	7	Ġinvestigator	12.798575
30	8	Ġthought	11.463144
30	9	Ġthe	2.353284
30	10	Ġbusinessman	11.015749
30	11	Ġbelieved	9.365991
30	12	Ġthe	2.532215
30	13	Ġboss	12.315114
30	14	Ġsold	12.370012
30	15	Ġa	4.923584
30	16	Ġcar	5.133059
30	17	Ġto	1.777468
30	18	Ġhis	4.629754
30	19	Ġfriend	5.234417
30	20	.	2.65833
30	21	<|endoftext|>	5.541331
31	1	<|endoftext|>	0.0
31	2	The	4.729281
31	3	Ġnewspaper	13.263024
31	4	Ġreported	3.595351
31	5	Ġwhat	10.905762
31	6	Ġthe	3.544728
31	7	Ġinvestigator	11.594989
31	8	Ġthought	8.478208
31	9	Ġthe	6.641352
31	10	Ġbusinessman	11.505364
31	11	Ġbelieved	7.502801
31	12	Ġthe	6.31932
31	13	Ġboss	12.022044
31	14	Ġsold	13.620328
31	15	Ġto	3.64135
31	16	Ġhis	4.299179
31	17	Ġfriend	5.765914
31	18	.	2.513653
31	19	<|endoftext|>	5.796162
32	1	<|endoftext|>	0.0
32	2	The	4.729281
32	3	Ġnewspaper	13.263024
32	4	Ġreported	3.595351
32	5	Ġwhat	10.905762
32	6	Ġthe	3.544728
32	7	Ġinvestigator	11.594989
32	8	Ġthought	8.478208
32	9	Ġthe	6.641352
32	10	Ġbusinessman	11.505364
32	11	Ġbelieved	7.502801
32	12	Ġthe	6.31932
32	13	Ġboss	12.022044
32	14	Ġsold	13.620328
32	15	Ġa	4.852802
32	16	Ġcar	5.168703
32	17	Ġto	1.704138
32	18	Ġhis	5.322232
32	19	Ġfriend	5.088605
32	20	.	2.171114
32	21	<|endoftext|>	5.788781
33	1	<|endoftext|>	0.0
33	2	The	4.729281
33	3	Ġnewspaper	13.263024
33	4	Ġreported	3.595351
33	5	Ġthat	0.765479
33	6	Ġthe	2.480964
33	7	Ġinvestigator	12.798575
33	8	Ġthought	11.463144
33	9	Ġthe	2.353284
33	10	Ġbusinessman	11.015749
33	11	Ġbelieved	9.365991
33	12	Ġthe	2.532215
33	13	Ġbanker	11.397403
33	14	Ġsaid	9.901857
33	15	Ġthe	3.196729
33	16	Ġboss	11.067811
33	17	Ġsold	10.227065
33	18	Ġto	7.795888
33	19	Ġhis	5.066261
33	20	Ġfriend	5.461616
33	21	.	3.139329
33	22	<|endoftext|>	5.170145
34	1	<|endoftext|>	0.0
34	2	The	4.729281
34	3	Ġnewspaper	13.263024
34	4	Ġreported	3.595351
34	5	Ġthat	0.765479
34	6	Ġthe	2.480964
34	7	Ġinvestigator	12.798575
34	8	Ġthought	11.463144
34	9	Ġthe	2.353284
34	10	Ġbusinessman	11.015749
34	11	Ġbelieved	9.365991
34	12	Ġthe	2.532215
34	13	Ġbanker	11.397403
34	14	Ġsaid	9.901857
34	15	Ġthe	3.196729
34	16	Ġboss	11.067811
34	17	Ġsold	10.227065
34	18	Ġa	4.989318
34	19	Ġcar	5.466889
34	20	Ġto	1.831235
34	21	Ġhis	4.96885
34	22	Ġfriend	4.849724
34	23	.	2.271997
34	24	<|endoftext|>	5.126603
35	1	<|endoftext|>	0.0
35	2	The	4.729281
35	3	Ġnewspaper	13.263024
35	4	Ġreported	3.595351
35	5	Ġwhat	10.905762
35	6	Ġthe	3.544728
35	7	Ġinvestigator	11.594989
35	8	Ġthought	8.478208
35	9	Ġthe	6.641352
35	10	Ġbusinessman	11.505364
35	11	Ġbelieved	7.502801
35	12	Ġthe	6.31932
35	13	Ġbanker	10.830922
35	14	Ġsaid	6.784841
35	15	Ġthe	6.890768
35	16	Ġboss	10.541356
35	17	Ġsold	11.253548
35	18	Ġto	3.988232
35	19	Ġhis	4.920123
35	20	Ġfriend	5.294411
35	21	.	2.30091
35	22	<|endoftext|>	5.335118
36	1	<|endoftext|>	0.0
36	2	The	4.729281
36	3	Ġnewspaper	13.263024
36	4	Ġreported	3.595351
36	5	Ġwhat	10.905762
36	6	Ġthe	3.544728
36	7	Ġinvestigator	11.594989
36	8	Ġthought	8.478208
36	9	Ġthe	6.641352
36	10	Ġbusinessman	11.505364
36	11	Ġbelieved	7.502801
36	12	Ġthe	6.31932
36	13	Ġbanker	10.830922
36	14	Ġsaid	6.784841
36	15	Ġthe	6.890768
36	16	Ġboss	10.541356
36	17	Ġsold	11.253548
36	18	Ġa	4.93642
36	19	Ġcar	5.661419
36	20	Ġto	1.822765
36	21	Ġhis	5.406511
36	22	Ġfriend	4.806567
36	23	.	1.995433
36	24	<|endoftext|>	5.253046
37	1	<|endoftext|>	0.0
37	2	The	4.729281
37	3	Ġnewspaper	13.263024
37	4	Ġreported	3.595351
37	5	Ġthat	0.765479
37	6	Ġthe	2.480964
37	7	Ġinvestigator	12.798575
37	8	Ġthought	11.463144
37	9	Ġthe	2.353284
37	10	Ġbusinessman	11.015749
37	11	Ġbelieved	9.365991
37	12	Ġthe	2.532215
37	13	Ġbanker	11.397403
37	14	Ġsaid	9.901857
37	15	Ġthe	3.196729
37	16	Ġboss	11.067811
37	17	Ġsold	10.227065
37	18	Ġto	7.795888
37	19	Ġhis	5.066261
37	20	Ġfriend	5.461616
37	21	.	3.139329
37	22	<|endoftext|>	5.170145
38	1	<|endoftext|>	0.0
38	2	The	4.729281
38	3	Ġnewspaper	13.263024
38	4	Ġreported	3.595351
38	5	Ġthat	0.765479
38	6	Ġthe	2.480964
38	7	Ġinvestigator	12.798575
38	8	Ġthought	11.463144
38	9	Ġthe	2.353284
38	10	Ġbusinessman	11.015749
38	11	Ġbelieved	9.365991
38	12	Ġthe	2.532215
38	13	Ġbanker	11.397403
38	14	Ġsaid	9.901857
38	15	Ġthe	3.196729
38	16	Ġboss	11.067811
38	17	Ġsold	10.227065
38	18	Ġa	4.989318
38	19	Ġcar	5.466889
38	20	Ġto	1.831235
38	21	Ġhis	4.96885
38	22	Ġfriend	4.849724
38	23	.	2.271997
38	24	<|endoftext|>	5.126603
39	1	<|endoftext|>	0.0
39	2	The	4.729281
39	3	Ġnewspaper	13.263024
39	4	Ġreported	3.595351
39	5	Ġwhat	10.905762
39	6	Ġthe	3.544728
39	7	Ġinvestigator	11.594989
39	8	Ġthought	8.478208
39	9	Ġthe	6.641352
39	10	Ġbusinessman	11.505364
39	11	Ġbelieved	7.502801
39	12	Ġthe	6.31932
39	13	Ġbanker	10.830922
39	14	Ġsaid	6.784841
39	15	Ġthe	6.890768
39	16	Ġboss	10.541356
39	17	Ġsold	11.253548
39	18	Ġto	3.988232
39	19	Ġhis	4.920123
39	20	Ġfriend	5.294411
39	21	.	2.30091
39	22	<|endoftext|>	5.335118
40	1	<|endoftext|>	0.0
40	2	The	4.729281
40	3	Ġnewspaper	13.263024
40	4	Ġreported	3.595351
40	5	Ġwhat	10.905762
40	6	Ġthe	3.544728
40	7	Ġinvestigator	11.594989
40	8	Ġthought	8.478208
40	9	Ġthe	6.641352
40	10	Ġbusinessman	11.505364
40	11	Ġbelieved	7.502801
40	12	Ġthe	6.31932
40	13	Ġbanker	10.830922
40	14	Ġsaid	6.784841
40	15	Ġthe	6.890768
40	16	Ġboss	10.541356
40	17	Ġsold	11.253548
40	18	Ġa	4.93642
40	19	Ġcar	5.661419
40	20	Ġto	1.822765
40	21	Ġhis	5.406511
40	22	Ġfriend	4.806567
40	23	.	1.995433
40	24	<|endoftext|>	5.253046
41	1	<|endoftext|>	0.0
41	2	Her	10.989427
41	3	Ġfriend	10.284696
41	4	Ġfound	9.169954
41	5	Ġout	2.568972
41	6	Ġthat	2.556999
41	7	Ġthe	3.426802
41	8	Ġvisitor	13.911582
41	9	Ġtold	9.992524
41	10	Ġto	9.861511
41	11	Ġthe	4.294519
41	12	Ġguests	10.760198
41	13	.	4.861328
41	14	<|endoftext|>	7.167757
42	1	<|endoftext|>	0.0
42	2	Her	10.989438
42	3	Ġfriend	10.284685
42	4	Ġfound	9.169958
42	5	Ġout	2.568995
42	6	Ġthat	2.557029
42	7	Ġthe	3.426827
42	8	Ġvisitor	13.911652
42	9	Ġtold	9.992678
42	10	Ġa	7.216731
42	11	Ġstory	2.257271
42	12	Ġto	5.094617
42	13	Ġthe	2.653421
42	14	Ġguests	10.900892
42	15	.	1.884751
42	16	<|endoftext|>	7.494389
43	1	<|endoftext|>	0.0
43	2	Her	10.989427
43	3	Ġfriend	10.284696
43	4	Ġfound	9.169954
43	5	Ġout	2.568972
43	6	Ġwhat	5.72826
43	7	Ġthe	4.579024
43	8	Ġvisitor	13.12224
43	9	Ġtold	7.891304
43	10	Ġto	10.604939
43	11	Ġthe	2.724159
43	12	Ġguests	11.113625
43	13	.	1.739629
43	14	<|endoftext|>	6.503675
44	1	<|endoftext|>	0.0
44	2	Her	10.989438
44	3	Ġfriend	10.284685
44	4	Ġfound	9.169958
44	5	Ġout	2.568995
44	6	Ġwhat	5.728224
44	7	Ġthe	4.578995
44	8	Ġvisitor	13.122261
44	9	Ġtold	7.891297
44	10	Ġa	10.208025
44	11	Ġstory	6.104376
44	12	Ġto	4.64859
44	13	Ġthe	2.924589
44	14	Ġguests	11.751054
44	15	.	1.677952
44	16	<|endoftext|>	6.398186
45	1	<|endoftext|>	0.0
45	2	Her	10.989433
45	3	Ġfriend	10.284694
45	4	Ġfound	9.169958
45	5	Ġout	2.568995
45	6	Ġthat	2.557032
45	7	Ġmy	6.78523
45	8	Ġfriend	4.003968
45	9	Ġbelieved	12.519787
45	10	Ġthe	4.20632
45	11	Ġvisitor	16.381925
45	12	Ġtold	9.698869
45	13	Ġto	9.692295
45	14	Ġthe	4.785991
45	15	Ġguests	10.808109
45	16	.	4.111329
45	17	<|endoftext|>	8.544051
46	1	<|endoftext|>	0.0
46	2	Her	10.989433
46	3	Ġfriend	10.284694
46	4	Ġfound	9.169958
46	5	Ġout	2.568995
46	6	Ġthat	2.557032
46	7	Ġmy	6.78523
46	8	Ġfriend	4.003968
46	9	Ġbelieved	12.519787
46	10	Ġthe	4.20632
46	11	Ġvisitor	16.381925
46	12	Ġtold	9.698869
46	13	Ġa	6.292993
46	14	Ġstory	1.677193
46	15	Ġto	5.422627
46	16	Ġthe	3.43554
46	17	Ġguests	10.033403
46	18	.	1.77145
46	19	<|endoftext|>	8.81912
47	1	<|endoftext|>	0.0
47	2	Her	10.989433
47	3	Ġfriend	10.284694
47	4	Ġfound	9.169958
47	5	Ġout	2.568995
47	6	Ġwhat	5.728216
47	7	Ġmy	8.078455
47	8	Ġfriend	4.574508
47	9	Ġbelieved	10.954147
47	10	Ġthe	7.310432
47	11	Ġvisitor	15.180914
47	12	Ġtold	7.915861
47	13	Ġto	9.097926
47	14	Ġthe	3.426772
47	15	Ġguests	10.042268
47	16	.	1.465046
47	17	<|endoftext|>	8.267813
48	1	<|endoftext|>	0.0
48	2	Her	10.989433
48	3	Ġfriend	10.284694
48	4	Ġfound	9.169958
48	5	Ġout	2.568995
48	6	Ġwhat	5.728216
48	7	Ġmy	8.078455
48	8	Ġfriend	4.574508
48	9	Ġbelieved	10.954147
48	10	Ġthe	7.310432
48	11	Ġvisitor	15.180914
48	12	Ġtold	7.915861
48	13	Ġa	10.602293
48	14	Ġstory	5.083135
48	15	Ġto	4.267078
48	16	Ġthe	3.378103
48	17	Ġguests	10.802169
48	18	.	1.495889
48	19	<|endoftext|>	8.316596
49	1	<|endoftext|>	0.0
49	2	Her	10.989433
49	3	Ġfriend	10.284694
49	4	Ġfound	9.169958
49	5	Ġout	2.568995
49	6	Ġthat	2.557032
49	7	Ġmy	6.78523
49	8	Ġfriend	4.003968
49	9	Ġbelieved	12.519787
49	10	Ġthe	4.20632
49	11	Ġprofessor	10.96833
49	12	Ġsaid	8.290244
49	13	Ġthe	3.635411
49	14	Ġvisitor	16.717506
49	15	Ġtold	8.025407
49	16	Ġto	10.060523
49	17	Ġthe	5.316099
49	18	Ġguests	10.731783
49	19	.	4.780841
49	20	<|endoftext|>	8.170692
50	1	<|endoftext|>	0.0
50	2	Her	10.989433
50	3	Ġfriend	10.284694
50	4	Ġfound	9.169958
50	5	Ġout	2.568995
50	6	Ġthat	2.557032
50	7	Ġmy	6.78523
50	8	Ġfriend	4.003968
50	9	Ġbelieved	12.519787
50	10	Ġthe	4.20632
50	11	Ġprofessor	10.96833
50	12	Ġsaid	8.290244
50	13	Ġthe	3.635411
50	14	Ġvisitor	16.717506
50	15	Ġtold	8.025407
50	16	Ġa	6.111064
50	17	Ġstory	1.70924
50	18	Ġto	5.62858
50	19	Ġthe	3.513854
50	20	Ġguests	9.924308
50	21	.	1.72854
50	22	<|endoftext|>	8.179919
51	1	<|endoftext|>	0.0
51	2	Her	10.989433
51	3	Ġfriend	10.284694
51	4	Ġfound	9.169958
51	5	Ġout	2.568995
51	6	Ġwhat	5.728216
51	7	Ġmy	8.078455
51	8	Ġfriend	4.574508
51	9	Ġbelieved	10.954147
51	10	Ġthe	7.310432
51	11	Ġprofessor	10.669168
51	12	Ġsaid	5.1472
51	13	Ġthe	8.529457
51	14	Ġvisitor	16.650522
51	15	Ġtold	5.790683
51	16	Ġto	8.473298
51	17	Ġthe	3.875469
51	18	Ġguests	10.51121
51	19	.	1.393857
51	20	<|endoftext|>	7.939789
52	1	<|endoftext|>	0.0
52	2	Her	10.989433
52	3	Ġfriend	10.284694
52	4	Ġfound	9.169958
52	5	Ġout	2.568995
52	6	Ġwhat	5.728216
52	7	Ġmy	8.078455
52	8	Ġfriend	4.574508
52	9	Ġbelieved	10.954147
52	10	Ġthe	7.310432
52	11	Ġprofessor	10.669168
52	12	Ġsaid	5.1472
52	13	Ġthe	8.529457
52	14	Ġvisitor	16.650522
52	15	Ġtold	5.790683
52	16	Ġa	9.866374
52	17	Ġstory	4.22035
52	18	Ġto	4.444994
52	19	Ġthe	3.547258
52	20	Ġguests	11.257618
52	21	.	1.406875
52	22	<|endoftext|>	7.870937
53	1	<|endoftext|>	0.0
53	2	Her	10.989433
53	3	Ġfriend	10.284694
53	4	Ġfound	9.169958
53	5	Ġout	2.568995
53	6	Ġthat	2.557032
53	7	Ġmy	6.78523
53	8	Ġfriend	4.003968
53	9	Ġbelieved	12.519787
53	10	Ġthe	4.20632
53	11	Ġprofessor	10.96833
53	12	Ġsaid	8.290244
53	13	Ġhis	6.944236
53	14	Ġcolleague	10.011201
53	15	Ġnoticed	15.444547
53	16	Ġthe	3.021495
53	17	Ġvisitor	13.800528
53	18	Ġtold	14.257287
53	19	Ġto	6.361933
53	20	Ġthe	6.39147
53	21	Ġguests	11.850092
53	22	.	4.388581
53	23	<|endoftext|>	7.947781
54	1	<|endoftext|>	0.0
54	2	Her	10.989433
54	3	Ġfriend	10.284694
54	4	Ġfound	9.169958
54	5	Ġout	2.568995
54	6	Ġthat	2.557032
54	7	Ġmy	6.78523
54	8	Ġfriend	4.003968
54	9	Ġbelieved	12.519787
54	10	Ġthe	4.20632
54	11	Ġprofessor	10.96833
54	12	Ġsaid	8.290244
54	13	Ġhis	6.944236
54	14	Ġcolleague	10.011201
54	15	Ġnoticed	15.444547
54	16	Ġthe	3.021495
54	17	Ġvisitor	13.800528
54	18	Ġtold	14.257287
54	19	Ġa	5.958465
54	20	Ġstory	2.596889
54	21	Ġto	5.4417
54	22	Ġthe	2.786717
54	23	Ġguests	10.368737
54	24	.	1.677701
54	25	<|endoftext|>	7.90289
55	1	<|endoftext|>	0.0
55	2	Her	10.989433
55	3	Ġfriend	10.284694
55	4	Ġfound	9.169958
55	5	Ġout	2.568995
55	6	Ġwhat	5.728216
55	7	Ġmy	8.078455
55	8	Ġfriend	4.574508
55	9	Ġbelieved	10.954147
55	10	Ġthe	7.310432
55	11	Ġprofessor	10.669168
55	12	Ġsaid	5.1472
55	13	Ġhis	11.287145
55	14	Ġcolleague	8.539834
55	15	Ġnoticed	14.763434
55	16	Ġthe	6.107249
55	17	Ġvisitor	14.942429
55	18	Ġtold	10.76156
55	19	Ġto	7.788064
55	20	Ġthe	6.098078
55	21	Ġguests	11.726476
55	22	.	2.866647
55	23	<|endoftext|>	7.527771
56	1	<|endoftext|>	0.0
56	2	Her	10.989433
56	3	Ġfriend	10.284694
56	4	Ġfound	9.169958
56	5	Ġout	2.568995
56	6	Ġwhat	5.728216
56	7	Ġmy	8.078455
56	8	Ġfriend	4.574508
56	9	Ġbelieved	10.954147
56	10	Ġthe	7.310432
56	11	Ġprofessor	10.669168
56	12	Ġsaid	5.1472
56	13	Ġhis	11.287145
56	14	Ġcolleague	8.539834
56	15	Ġnoticed	14.763434
56	16	Ġthe	6.107249
56	17	Ġvisitor	14.942429
56	18	Ġtold	10.76156
56	19	Ġa	7.19673
56	20	Ġstory	2.763068
56	21	Ġto	5.337884
56	22	Ġthe	2.948487
56	23	Ġguests	11.14107
56	24	.	1.632042
56	25	<|endoftext|>	7.53623
57	1	<|endoftext|>	0.0
57	2	Her	10.989433
57	3	Ġfriend	10.284694
57	4	Ġfound	9.169958
57	5	Ġout	2.568995
57	6	Ġthat	2.557032
57	7	Ġmy	6.78523
57	8	Ġfriend	4.003968
57	9	Ġbelieved	12.519787
57	10	Ġthe	4.20632
57	11	Ġprofessor	10.96833
57	12	Ġsaid	8.290244
57	13	Ġhis	6.944236
57	14	Ġcolleague	10.011201
57	15	Ġnoticed	15.444547
57	16	Ġthe	3.021495
57	17	Ġvisitor	13.800528
57	18	Ġtold	14.257287
57	19	Ġto	6.361933
57	20	Ġthe	6.39147
57	21	Ġguests	11.850092
57	22	.	4.388581
57	23	<|endoftext|>	7.947781
58	1	<|endoftext|>	0.0
58	2	Her	10.989433
58	3	Ġfriend	10.284694
58	4	Ġfound	9.169958
58	5	Ġout	2.568995
58	6	Ġthat	2.557032
58	7	Ġmy	6.78523
58	8	Ġfriend	4.003968
58	9	Ġbelieved	12.519787
58	10	Ġthe	4.20632
58	11	Ġprofessor	10.96833
58	12	Ġsaid	8.290244
58	13	Ġhis	6.944236
58	14	Ġcolleague	10.011201
58	15	Ġnoticed	15.444547
58	16	Ġthe	3.021495
58	17	Ġvisitor	13.800528
58	18	Ġtold	14.257287
58	19	Ġa	5.958465
58	20	Ġstory	2.596889
58	21	Ġto	5.4417
58	22	Ġthe	2.786717
58	23	Ġguests	10.368737
58	24	.	1.677701
58	25	<|endoftext|>	7.90289
59	1	<|endoftext|>	0.0
59	2	Her	10.989433
59	3	Ġfriend	10.284694
59	4	Ġfound	9.169958
59	5	Ġout	2.568995
59	6	Ġwhat	5.728216
59	7	Ġmy	8.078455
59	8	Ġfriend	4.574508
59	9	Ġbelieved	10.954147
59	10	Ġthe	7.310432
59	11	Ġprofessor	10.669168
59	12	Ġsaid	5.1472
59	13	Ġhis	11.287145
59	14	Ġcolleague	8.539834
59	15	Ġnoticed	14.763434
59	16	Ġthe	6.107249
59	17	Ġvisitor	14.942429
59	18	Ġtold	10.76156
59	19	Ġto	7.788064
59	20	Ġthe	6.098078
59	21	Ġguests	11.726476
59	22	.	2.866647
59	23	<|endoftext|>	7.527771
60	1	<|endoftext|>	0.0
60	2	Her	10.989433
60	3	Ġfriend	10.284694
60	4	Ġfound	9.169958
60	5	Ġout	2.568995
60	6	Ġwhat	5.728216
60	7	Ġmy	8.078455
60	8	Ġfriend	4.574508
60	9	Ġbelieved	10.954147
60	10	Ġthe	7.310432
60	11	Ġprofessor	10.669168
60	12	Ġsaid	5.1472
60	13	Ġhis	11.287145
60	14	Ġcolleague	8.539834
60	15	Ġnoticed	14.763434
60	16	Ġthe	6.107249
60	17	Ġvisitor	14.942429
60	18	Ġtold	10.76156
60	19	Ġa	7.19673
60	20	Ġstory	2.763068
60	21	Ġto	5.337884
60	22	Ġthe	2.948487
60	23	Ġguests	11.14107
60	24	.	1.632042
60	25	<|endoftext|>	7.53623
61	1	<|endoftext|>	0.0
61	2	I	5.770367
61	3	Ġrealized	10.618951
61	4	Ġthat	1.754387
61	5	Ġthe	3.72408
61	6	Ġsuffering	15.058636
61	7	Ġartist	15.05982
61	8	Ġsaw	10.912717
61	9	Ġat	9.488334
61	10	Ġthe	2.550201
61	11	Ġmuseum	11.696061
61	12	.	6.466965
61	13	<|endoftext|>	8.860205
62	1	<|endoftext|>	0.0
62	2	I	5.770367
62	3	Ġrealized	10.618951
62	4	Ġthat	1.754395
62	5	Ġthe	3.72408
62	6	Ġsuffering	15.058636
62	7	Ġartist	15.059816
62	8	Ġsaw	10.912705
62	9	Ġa	3.793127
62	10	Ġpainting	10.752421
62	11	Ġat	7.419695
62	12	Ġthe	1.3969
62	13	Ġmuseum	7.063741
62	14	.	3.710507
62	15	<|endoftext|>	10.141552
63	1	<|endoftext|>	0.0
63	2	I	5.770367
63	3	Ġrealized	10.618951
63	4	Ġwhat	6.202139
63	5	Ġthe	5.334962
63	6	Ġsuffering	13.672379
63	7	Ġartist	13.564649
63	8	Ġsaw	8.157727
63	9	Ġat	5.953536
63	10	Ġthe	0.980554
63	11	Ġmuseum	10.109986
63	12	.	3.438609
63	13	<|endoftext|>	9.14677
64	1	<|endoftext|>	0.0
64	2	I	5.770367
64	3	Ġrealized	10.618951
64	4	Ġwhat	6.202158
64	5	Ġthe	5.334962
64	6	Ġsuffering	13.672379
64	7	Ġartist	13.564628
64	8	Ġsaw	8.15774
64	9	Ġa	8.091625
64	10	Ġpainting	12.774315
64	11	Ġat	7.677062
64	12	Ġthe	1.47018
64	13	Ġmuseum	8.594133
64	14	.	2.527992
64	15	<|endoftext|>	9.574479
65	1	<|endoftext|>	0.0
65	2	I	5.770362
65	3	Ġrealized	10.619028
65	4	Ġthat	1.754409
65	5	Ġthe	3.724112
65	6	Ġpainter	16.409635
65	7	Ġbelieved	13.090341
65	8	Ġthe	4.11178
65	9	Ġsuffering	12.644453
65	10	Ġartist	11.359755
65	11	Ġsaw	8.398683
65	12	Ġat	9.720221
65	13	Ġthe	2.042659
65	14	Ġmuseum	13.571049
65	15	.	3.017318
65	16	<|endoftext|>	9.269426
66	1	<|endoftext|>	0.0
66	2	I	5.770357
66	3	Ġrealized	10.619034
66	4	Ġthat	1.754401
66	5	Ġthe	3.724106
66	6	Ġpainter	16.409624
66	7	Ġbelieved	13.090334
66	8	Ġthe	4.111772
66	9	Ġsuffering	12.644448
66	10	Ġartist	11.359761
66	11	Ġsaw	8.3987
66	12	Ġa	4.951836
66	13	Ġpainting	8.383335
66	14	Ġat	7.850798
66	15	Ġthe	1.619938
66	16	Ġmuseum	10.544776
66	17	.	2.403344
66	18	<|endoftext|>	9.962081
67	1	<|endoftext|>	0.0
67	2	I	5.770362
67	3	Ġrealized	10.619028
67	4	Ġwhat	6.202062
67	5	Ġthe	5.334975
67	6	Ġpainter	16.562414
67	7	Ġbelieved	12.077301
67	8	Ġthe	7.650378
67	9	Ġsuffering	13.664641
67	10	Ġartist	10.310222
67	11	Ġsaw	5.66838
67	12	Ġat	7.138474
67	13	Ġthe	1.06564
67	14	Ġmuseum	11.850173
67	15	.	1.617982
67	16	<|endoftext|>	9.457757
68	1	<|endoftext|>	0.0
68	2	I	5.770357
68	3	Ġrealized	10.619034
68	4	Ġwhat	6.202053
68	5	Ġthe	5.334988
68	6	Ġpainter	16.562423
68	7	Ġbelieved	12.077304
68	8	Ġthe	7.65038
68	9	Ġsuffering	13.664628
68	10	Ġartist	10.310198
68	11	Ġsaw	5.668364
68	12	Ġa	9.431066
68	13	Ġpainting	6.868805
68	14	Ġat	7.598548
68	15	Ġthe	1.569216
68	16	Ġmuseum	10.769512
68	17	.	1.636846
68	18	<|endoftext|>	9.875322
69	1	<|endoftext|>	0.0
69	2	I	5.770357
69	3	Ġrealized	10.619034
69	4	Ġthat	1.754401
69	5	Ġthe	3.724106
69	6	Ġpainter	16.409624
69	7	Ġbelieved	13.090334
69	8	Ġhis	4.710458
69	9	Ġrival	15.420966
69	10	Ġsuspected	17.064919
69	11	Ġthe	4.209423
69	12	Ġsuffering	14.612715
69	13	Ġartist	11.17154
69	14	Ġsaw	12.768756
69	15	Ġat	8.668352
69	16	Ġthe	1.618113
69	17	Ġmuseum	10.724992
69	18	.	1.674677
69	19	<|endoftext|>	9.394599
70	1	<|endoftext|>	0.0
70	2	I	5.770357
70	3	Ġrealized	10.619034
70	4	Ġthat	1.754401
70	5	Ġthe	3.724106
70	6	Ġpainter	16.409624
70	7	Ġbelieved	13.090334
70	8	Ġhis	4.710458
70	9	Ġrival	15.420966
70	10	Ġsuspected	17.064919
70	11	Ġthe	4.209423
70	12	Ġsuffering	14.612715
70	13	Ġartist	11.17154
70	14	Ġsaw	12.768756
70	15	Ġa	5.029849
70	16	Ġpainting	7.868528
70	17	Ġat	7.550087
70	18	Ġthe	1.467768
70	19	Ġmuseum	8.477978
70	20	.	1.922779
70	21	<|endoftext|>	9.980008
71	1	<|endoftext|>	0.0
71	2	I	5.770357
71	3	Ġrealized	10.619034
71	4	Ġwhat	6.202053
71	5	Ġthe	5.334988
71	6	Ġpainter	16.562423
71	7	Ġbelieved	12.077304
71	8	Ġhis	8.847357
71	9	Ġrival	15.855686
71	10	Ġsuspected	15.254861
71	11	Ġthe	8.089972
71	12	Ġsuffering	15.749099
71	13	Ġartist	11.329691
71	14	Ġsaw	9.51762
71	15	Ġat	6.772312
71	16	Ġthe	1.327558
71	17	Ġmuseum	10.345268
71	18	.	1.31367
71	19	<|endoftext|>	9.330694
72	1	<|endoftext|>	0.0
72	2	I	5.770357
72	3	Ġrealized	10.619034
72	4	Ġwhat	6.202053
72	5	Ġthe	5.334988
72	6	Ġpainter	16.562423
72	7	Ġbelieved	12.077304
72	8	Ġhis	8.847357
72	9	Ġrival	15.855686
72	10	Ġsuspected	15.254861
72	11	Ġthe	8.089972
72	12	Ġsuffering	15.749099
72	13	Ġartist	11.329691
72	14	Ġsaw	9.51762
72	15	Ġa	8.546953
72	16	Ġpainting	6.874506
72	17	Ġat	7.702302
72	18	Ġthe	1.420947
72	19	Ġmuseum	9.152755
72	20	.	1.579909
72	21	<|endoftext|>	9.977734
73	1	<|endoftext|>	0.0
73	2	I	5.770357
73	3	Ġrealized	10.619034
73	4	Ġthat	1.754401
73	5	Ġthe	3.724106
73	6	Ġpainter	16.409624
73	7	Ġbelieved	13.090334
73	8	Ġhis	4.710458
73	9	Ġrival	15.420966
73	10	Ġsuspected	17.064919
73	11	Ġthe	4.209423
73	12	Ġman	5.959671
73	13	Ġsaid	12.097917
73	14	Ġthe	3.363509
73	15	Ġsuffering	16.619881
73	16	Ġartist	12.338403
73	17	Ġsaw	9.409674
73	18	Ġat	7.876598
73	19	Ġthe	1.55221
73	20	Ġmuseum	9.703816
73	21	.	1.519541
73	22	<|endoftext|>	8.895222
74	1	<|endoftext|>	0.0
74	2	I	5.770357
74	3	Ġrealized	10.619034
74	4	Ġthat	1.754401
74	5	Ġthe	3.724106
74	6	Ġpainter	16.409624
74	7	Ġbelieved	13.090334
74	8	Ġhis	4.710458
74	9	Ġrival	15.420966
74	10	Ġsuspected	17.064919
74	11	Ġthe	4.209423
74	12	Ġman	5.959671
74	13	Ġsaid	12.097917
74	14	Ġthe	3.363509
74	15	Ġsuffering	16.619881
74	16	Ġartist	12.338403
74	17	Ġsaw	9.409674
74	18	Ġa	5.819697
74	19	Ġpainting	7.589454
74	20	Ġat	7.538394
74	21	Ġthe	1.427442
74	22	Ġmuseum	7.879759
74	23	.	1.624624
74	24	<|endoftext|>	9.340647
75	1	<|endoftext|>	0.0
75	2	I	5.770357
75	3	Ġrealized	10.619034
75	4	Ġwhat	6.202053
75	5	Ġthe	5.334988
75	6	Ġpainter	16.562423
75	7	Ġbelieved	12.077304
75	8	Ġhis	8.847357
75	9	Ġrival	15.855686
75	10	Ġsuspected	15.254861
75	11	Ġthe	8.089972
75	12	Ġman	6.668745
75	13	Ġsaid	9.602918
75	14	Ġthe	7.379485
75	15	Ġsuffering	17.5586
75	16	Ġartist	10.252305
75	17	Ġsaw	7.224854
75	18	Ġat	6.57511
75	19	Ġthe	1.369433
75	20	Ġmuseum	9.31421
75	21	.	1.249019
75	22	<|endoftext|>	8.868301
76	1	<|endoftext|>	0.0
76	2	I	5.770357
76	3	Ġrealized	10.619034
76	4	Ġwhat	6.202053
76	5	Ġthe	5.334988
76	6	Ġpainter	16.562423
76	7	Ġbelieved	12.077304
76	8	Ġhis	8.847357
76	9	Ġrival	15.855686
76	10	Ġsuspected	15.254861
76	11	Ġthe	8.089972
76	12	Ġman	6.668745
76	13	Ġsaid	9.602918
76	14	Ġthe	7.379485
76	15	Ġsuffering	17.5586
76	16	Ġartist	10.252305
76	17	Ġsaw	7.224854
76	18	Ġa	7.330997
76	19	Ġpainting	7.621626
76	20	Ġat	7.364217
76	21	Ġthe	1.401003
76	22	Ġmuseum	8.332261
76	23	.	1.556169
76	24	<|endoftext|>	9.434535
77	1	<|endoftext|>	0.0
77	2	I	5.770357
77	3	Ġrealized	10.619034
77	4	Ġthat	1.754401
77	5	Ġthe	3.724106
77	6	Ġpainter	16.409624
77	7	Ġbelieved	13.090334
77	8	Ġhis	4.710458
77	9	Ġrival	15.420966
77	10	Ġsuspected	17.064919
77	11	Ġthe	4.209423
77	12	Ġman	5.959671
77	13	Ġsaid	12.097917
77	14	Ġthe	3.363509
77	15	Ġsuffering	16.619881
77	16	Ġartist	12.338403
77	17	Ġsaw	9.409674
77	18	Ġat	7.876598
77	19	Ġthe	1.55221
77	20	Ġmuseum	9.703816
77	21	.	1.519541
77	22	<|endoftext|>	8.895222
78	1	<|endoftext|>	0.0
78	2	I	5.770357
78	3	Ġrealized	10.619034
78	4	Ġthat	1.754401
78	5	Ġthe	3.724106
78	6	Ġpainter	16.409624
78	7	Ġbelieved	13.090334
78	8	Ġhis	4.710458
78	9	Ġrival	15.420966
78	10	Ġsuspected	17.064919
78	11	Ġthe	4.209423
78	12	Ġman	5.959671
78	13	Ġsaid	12.097917
78	14	Ġthe	3.363509
78	15	Ġsuffering	16.619881
78	16	Ġartist	12.338403
78	17	Ġsaw	9.409674
78	18	Ġa	5.819697
78	19	Ġpainting	7.589454
78	20	Ġat	7.538394
78	21	Ġthe	1.427442
78	22	Ġmuseum	7.879759
78	23	.	1.624624
78	24	<|endoftext|>	9.340647
79	1	<|endoftext|>	0.0
79	2	I	5.770357
79	3	Ġrealized	10.619034
79	4	Ġwhat	6.202053
79	5	Ġthe	5.334988
79	6	Ġpainter	16.562423
79	7	Ġbelieved	12.077304
79	8	Ġhis	8.847357
79	9	Ġrival	15.855686
79	10	Ġsuspected	15.254861
79	11	Ġthe	8.089972
79	12	Ġman	6.668745
79	13	Ġsaid	9.602918
79	14	Ġthe	7.379485
79	15	Ġsuffering	17.5586
79	16	Ġartist	10.252305
79	17	Ġsaw	7.224854
79	18	Ġat	6.57511
79	19	Ġthe	1.369433
79	20	Ġmuseum	9.31421
79	21	.	1.249019
79	22	<|endoftext|>	8.868301
80	1	<|endoftext|>	0.0
80	2	I	5.770357
80	3	Ġrealized	10.619034
80	4	Ġwhat	6.202053
80	5	Ġthe	5.334988
80	6	Ġpainter	16.562423
80	7	Ġbelieved	12.077304
80	8	Ġhis	8.847357
80	9	Ġrival	15.855686
80	10	Ġsuspected	15.254861
80	11	Ġthe	8.089972
80	12	Ġman	6.668745
80	13	Ġsaid	9.602918
80	14	Ġthe	7.379485
80	15	Ġsuffering	17.5586
80	16	Ġartist	10.252305
80	17	Ġsaw	7.224854
80	18	Ġa	7.330997
80	19	Ġpainting	7.621626
80	20	Ġat	7.364217
80	21	Ġthe	1.401003
80	22	Ġmuseum	8.332261
80	23	.	1.556169
80	24	<|endoftext|>	9.434535
81	1	<|endoftext|>	0.0
81	2	The	4.729313
81	3	Ġnovel	12.980486
81	4	Ġrevealed	12.942359
81	5	Ġthat	1.554278
81	6	Ġthe	2.581787
81	7	Ġyoung	8.530571
81	8	Ġpolitician	12.129023
81	9	Ġsaid	7.898116
81	10	Ġto	6.206609
81	11	Ġhis	2.846346
81	12	Ġdonors	12.167237
81	13	.	8.447279
81	14	<|endoftext|>	6.724094
82	1	<|endoftext|>	0.0
82	2	The	4.729313
82	3	Ġnovel	12.980486
82	4	Ġrevealed	12.94236
82	5	Ġthat	1.554278
82	6	Ġthe	2.581805
82	7	Ġyoung	8.530581
82	8	Ġpolitician	12.129023
82	9	Ġsaid	7.898105
82	10	Ġsomething	8.421831
82	11	Ġto	3.252522
82	12	Ġhis	3.495607
82	13	Ġdonors	13.747049
82	14	.	4.531948
82	15	<|endoftext|>	7.365091
83	1	<|endoftext|>	0.0
83	2	The	4.729313
83	3	Ġnovel	12.980486
83	4	Ġrevealed	12.942359
83	5	Ġwhat	6.624327
83	6	Ġthe	4.121905
83	7	Ġyoung	8.368625
83	8	Ġpolitician	11.035585
83	9	Ġsaid	3.714335
83	10	Ġto	3.401114
83	11	Ġhis	3.647009
83	12	Ġdonors	11.964375
83	13	.	2.8522
83	14	<|endoftext|>	6.06009
84	1	<|endoftext|>	0.0
84	2	The	4.729313
84	3	Ġnovel	12.980486
84	4	Ġrevealed	12.94236
84	5	Ġwhat	6.624327
84	6	Ġthe	4.121884
84	7	Ġyoung	8.368624
84	8	Ġpolitician	11.035585
84	9	Ġsaid	3.714338
84	10	Ġsomething	15.606659
84	11	Ġto	3.501662
84	12	Ġhis	4.077412
84	13	Ġdonors	12.688941
84	14	.	2.696979
84	15	<|endoftext|>	6.44841
85	1	<|endoftext|>	0.0
85	2	The	4.729281
85	3	Ġnovel	12.980488
85	4	Ġrevealed	12.94233
85	5	Ġthat	1.55429
85	6	Ġour	10.157822
85	7	Ġfriend	10.495604
85	8	Ġthought	12.927058
85	9	Ġthe	3.686819
85	10	Ġyoung	9.509936
85	11	Ġpolitician	12.21684
85	12	Ġsaid	10.449325
85	13	Ġto	7.038177
85	14	Ġhis	3.595931
85	15	Ġdonors	13.220196
85	16	.	5.816528
85	17	<|endoftext|>	6.749923
86	1	<|endoftext|>	0.0
86	2	The	4.729281
86	3	Ġnovel	12.980488
86	4	Ġrevealed	12.94233
86	5	Ġthat	1.55429
86	6	Ġour	10.157822
86	7	Ġfriend	10.495604
86	8	Ġthought	12.927058
86	9	Ġthe	3.686819
86	10	Ġyoung	9.509936
86	11	Ġpolitician	12.21684
86	12	Ġsaid	10.449325
86	13	Ġsomething	3.60755
86	14	Ġto	3.757466
86	15	Ġhis	4.202882
86	16	Ġdonors	14.545792
86	17	.	2.863563
86	18	<|endoftext|>	7.182496
87	1	<|endoftext|>	0.0
87	2	The	4.729281
87	3	Ġnovel	12.980488
87	4	Ġrevealed	12.94233
87	5	Ġwhat	6.624372
87	6	Ġour	9.259635
87	7	Ġfriend	10.435178
87	8	Ġthought	10.533428
87	9	Ġthe	6.418806
87	10	Ġyoung	10.367111
87	11	Ġpolitician	11.343544
87	12	Ġsaid	7.148287
87	13	Ġto	3.347086
87	14	Ġhis	3.710664
87	15	Ġdonors	13.2154
87	16	.	1.87453
87	17	<|endoftext|>	6.262056
88	1	<|endoftext|>	0.0
88	2	The	4.729281
88	3	Ġnovel	12.980488
88	4	Ġrevealed	12.94233
88	5	Ġwhat	6.624372
88	6	Ġour	9.259635
88	7	Ġfriend	10.435178
88	8	Ġthought	10.533428
88	9	Ġthe	6.418806
88	10	Ġyoung	10.367111
88	11	Ġpolitician	11.343544
88	12	Ġsaid	7.148287
88	13	Ġsomething	14.358698
88	14	Ġto	3.320731
88	15	Ġhis	4.205526
88	16	Ġdonors	14.316705
88	17	.	1.740539
88	18	<|endoftext|>	6.526843
89	1	<|endoftext|>	0.0
89	2	The	4.729281
89	3	Ġnovel	12.980488
89	4	Ġrevealed	12.94233
89	5	Ġthat	1.55429
89	6	Ġour	10.157822
89	7	Ġfriend	10.495604
89	8	Ġthought	12.927058
89	9	Ġthe	3.686819
89	10	Ġreporter	14.230868
89	11	Ġknows	14.865769
89	12	Ġthe	3.226162
89	13	Ġyoung	11.522714
89	14	Ġpolitician	9.827352
89	15	Ġsaid	11.096201
89	16	Ġto	6.380515
89	17	Ġhis	5.588122
89	18	Ġdonors	14.067402
89	19	.	2.428282
89	20	<|endoftext|>	6.113605
90	1	<|endoftext|>	0.0
90	2	The	4.729281
90	3	Ġnovel	12.980488
90	4	Ġrevealed	12.94233
90	5	Ġthat	1.55429
90	6	Ġour	10.157822
90	7	Ġfriend	10.495604
90	8	Ġthought	12.927058
90	9	Ġthe	3.686819
90	10	Ġreporter	14.230868
90	11	Ġknows	14.865769
90	12	Ġthe	3.226162
90	13	Ġyoung	11.522714
90	14	Ġpolitician	9.827352
90	15	Ġsaid	11.096201
90	16	Ġsomething	3.922478
90	17	Ġto	3.54465
90	18	Ġhis	4.964315
90	19	Ġdonors	15.299849
90	20	.	1.954533
90	21	<|endoftext|>	6.23819
91	1	<|endoftext|>	0.0
91	2	The	4.729281
91	3	Ġnovel	12.980488
91	4	Ġrevealed	12.94233
91	5	Ġwhat	6.624372
91	6	Ġour	9.259635
91	7	Ġfriend	10.435178
91	8	Ġthought	10.533428
91	9	Ġthe	6.418806
91	10	Ġreporter	13.848723
91	11	Ġknows	12.578385
91	12	Ġthe	7.603231
91	13	Ġyoung	13.460221
91	14	Ġpolitician	9.569563
91	15	Ġsaid	6.960611
91	16	Ġto	3.232995
91	17	Ġhis	4.797886
91	18	Ġdonors	14.180564
91	19	.	1.681617
91	20	<|endoftext|>	5.678886
92	1	<|endoftext|>	0.0
92	2	The	4.729281
92	3	Ġnovel	12.980488
92	4	Ġrevealed	12.94233
92	5	Ġwhat	6.624372
92	6	Ġour	9.259635
92	7	Ġfriend	10.435178
92	8	Ġthought	10.533428
92	9	Ġthe	6.418806
92	10	Ġreporter	13.848723
92	11	Ġknows	12.578385
92	12	Ġthe	7.603231
92	13	Ġyoung	13.460221
92	14	Ġpolitician	9.569563
92	15	Ġsaid	6.960611
92	16	Ġsomething	12.872718
92	17	Ġto	2.951231
92	18	Ġhis	5.031598
92	19	Ġdonors	15.187668
92	20	.	1.605646
92	21	<|endoftext|>	5.902614
93	1	<|endoftext|>	0.0
93	2	The	4.729281
93	3	Ġnovel	12.980488
93	4	Ġrevealed	12.94233
93	5	Ġthat	1.55429
93	6	Ġour	10.157822
93	7	Ġfriend	10.495604
93	8	Ġthought	12.927058
93	9	Ġthe	3.686819
93	10	Ġreporter	14.230868
93	11	Ġknows	14.865769
93	12	Ġher	5.525744
93	13	Ġcontact	12.160789
93	14	Ġsaid	14.187575
93	15	Ġthe	4.100259
93	16	Ġyoung	9.930867
93	17	Ġpolitician	9.871055
93	18	Ġsaid	8.066021
93	19	Ġto	5.9884
93	20	Ġhis	6.695093
93	21	Ġdonors	13.09295
93	22	.	2.861842
93	23	<|endoftext|>	5.740658
94	1	<|endoftext|>	0.0
94	2	The	4.729281
94	3	Ġnovel	12.980488
94	4	Ġrevealed	12.94233
94	5	Ġthat	1.55429
94	6	Ġour	10.157822
94	7	Ġfriend	10.495604
94	8	Ġthought	12.927058
94	9	Ġthe	3.686819
94	10	Ġreporter	14.230868
94	11	Ġknows	14.865769
94	12	Ġher	5.525744
94	13	Ġcontact	12.160789
94	14	Ġsaid	14.187575
94	15	Ġthe	4.100259
94	16	Ġyoung	9.930867
94	17	Ġpolitician	9.871055
94	18	Ġsaid	8.066021
94	19	Ġsomething	5.919068
94	20	Ġto	3.21796
94	21	Ġhis	6.342459
94	22	Ġdonors	14.551686
94	23	.	1.883951
94	24	<|endoftext|>	5.909901
95	1	<|endoftext|>	0.0
95	2	The	4.729281
95	3	Ġnovel	12.980488
95	4	Ġrevealed	12.94233
95	5	Ġwhat	6.624372
95	6	Ġour	9.259635
95	7	Ġfriend	10.435178
95	8	Ġthought	10.533428
95	9	Ġthe	6.418806
95	10	Ġreporter	13.848723
95	11	Ġknows	12.578385
95	12	Ġher	11.326136
95	13	Ġcontact	14.249973
95	14	Ġsaid	11.091072
95	15	Ġthe	7.471805
95	16	Ġyoung	10.036027
95	17	Ġpolitician	9.843125
95	18	Ġsaid	6.395085
95	19	Ġto	4.85334
95	20	Ġhis	5.975207
95	21	Ġdonors	13.126579
95	22	.	1.941581
95	23	<|endoftext|>	5.414526
96	1	<|endoftext|>	0.0
96	2	The	4.729281
96	3	Ġnovel	12.980488
96	4	Ġrevealed	12.94233
96	5	Ġwhat	6.624372
96	6	Ġour	9.259635
96	7	Ġfriend	10.435178
96	8	Ġthought	10.533428
96	9	Ġthe	6.418806
96	10	Ġreporter	13.848723
96	11	Ġknows	12.578385
96	12	Ġher	11.326136
96	13	Ġcontact	14.249973
96	14	Ġsaid	11.091072
96	15	Ġthe	7.471805
96	16	Ġyoung	10.036027
96	17	Ġpolitician	9.843125
96	18	Ġsaid	6.395085
96	19	Ġsomething	6.989821
96	20	Ġto	3.194521
96	21	Ġhis	5.850004
96	22	Ġdonors	14.519393
96	23	.	1.76137
96	24	<|endoftext|>	5.701589
97	1	<|endoftext|>	0.0
97	2	The	4.729281
97	3	Ġnovel	12.980488
97	4	Ġrevealed	12.94233
97	5	Ġthat	1.55429
97	6	Ġour	10.157822
97	7	Ġfriend	10.495604
97	8	Ġthought	12.927058
97	9	Ġthe	3.686819
97	10	Ġreporter	14.230868
97	11	Ġknows	14.865769
97	12	Ġher	5.525744
97	13	Ġcontact	12.160789
97	14	Ġsaid	14.187575
97	15	Ġthe	4.100259
97	16	Ġyoung	9.930867
97	17	Ġpolitician	9.871055
97	18	Ġsaid	8.066021
97	19	Ġto	5.9884
97	20	Ġhis	6.695093
97	21	Ġdonors	13.09295
97	22	.	2.861842
97	23	<|endoftext|>	5.740658
98	1	<|endoftext|>	0.0
98	2	The	4.729281
98	3	Ġnovel	12.980488
98	4	Ġrevealed	12.94233
98	5	Ġthat	1.55429
98	6	Ġour	10.157822
98	7	Ġfriend	10.495604
98	8	Ġthought	12.927058
98	9	Ġthe	3.686819
98	10	Ġreporter	14.230868
98	11	Ġknows	14.865769
98	12	Ġher	5.525744
98	13	Ġcontact	12.160789
98	14	Ġsaid	14.187575
98	15	Ġthe	4.100259
98	16	Ġyoung	9.930867
98	17	Ġpolitician	9.871055
98	18	Ġsaid	8.066021
98	19	Ġsomething	5.919068
98	20	Ġto	3.21796
98	21	Ġhis	6.342459
98	22	Ġdonors	14.551686
98	23	.	1.883951
98	24	<|endoftext|>	5.909901
99	1	<|endoftext|>	0.0
99	2	The	4.729281
99	3	Ġnovel	12.980488
99	4	Ġrevealed	12.94233
99	5	Ġwhat	6.624372
99	6	Ġour	9.259635
99	7	Ġfriend	10.435178
99	8	Ġthought	10.533428
99	9	Ġthe	6.418806
99	10	Ġreporter	13.848723
99	11	Ġknows	12.578385
99	12	Ġher	11.326136
99	13	Ġcontact	14.249973
99	14	Ġsaid	11.091072
99	15	Ġthe	7.471805
99	16	Ġyoung	10.036027
99	17	Ġpolitician	9.843125
99	18	Ġsaid	6.395085
99	19	Ġto	4.85334
99	20	Ġhis	5.975207
99	21	Ġdonors	13.126579
99	22	.	1.941581
99	23	<|endoftext|>	5.414526
100	1	<|endoftext|>	0.0
100	2	The	4.729281
100	3	Ġnovel	12.980488
100	4	Ġrevealed	12.94233
100	5	Ġwhat	6.624372
100	6	Ġour	9.259635
100	7	Ġfriend	10.435178
100	8	Ġthought	10.533428
100	9	Ġthe	6.418806
100	10	Ġreporter	13.848723
100	11	Ġknows	12.578385
100	12	Ġher	11.326136
100	13	Ġcontact	14.249973
100	14	Ġsaid	11.091072
100	15	Ġthe	7.471805
100	16	Ġyoung	10.036027
100	17	Ġpolitician	9.843125
100	18	Ġsaid	6.395085
100	19	Ġsomething	6.989821
100	20	Ġto	3.194521
100	21	Ġhis	5.850004
100	22	Ġdonors	14.519393
100	23	.	1.76137
100	24	<|endoftext|>	5.701589
101	1	<|endoftext|>	0.0
101	2	We	7.155782
101	3	Ġall	5.001739
101	4	Ġknow	0.90108
101	5	Ġthat	1.582208
101	6	Ġthe	3.682011
101	7	Ġyoung	10.788236
101	8	Ġprofessional	9.81819
101	9	Ġassembled	19.269341
101	10	Ġfor	5.084738
101	11	Ġhis	6.741939
101	12	Ġparents	11.763611
101	13	.	9.010007
101	14	<|endoftext|>	8.844716
102	1	<|endoftext|>	0.0
102	2	We	7.155761
102	3	Ġall	5.001806
102	4	Ġknow	0.901061
102	5	Ġthat	1.582246
102	6	Ġthe	3.681982
102	7	Ġyoung	10.788246
102	8	Ġprofessional	9.818148
102	9	Ġassembled	19.269342
102	10	Ġthe	5.877527
102	11	Ġbed	14.285966
102	12	Ġfor	4.965628
102	13	Ġhis	4.956232
102	14	Ġparents	8.180102
102	15	.	3.427312
102	16	<|endoftext|>	10.482378
103	1	<|endoftext|>	0.0
103	2	We	7.155782
103	3	Ġall	5.001739
103	4	Ġknow	0.90108
103	5	Ġwhat	3.935052
103	6	Ġthe	4.242618
103	7	Ġyoung	11.859893
103	8	Ġprofessional	10.092498
103	9	Ġassembled	20.527296
103	10	Ġfor	3.72749
103	11	Ġhis	4.880704
103	12	Ġparents	11.76369
103	13	.	6.147751
103	14	<|endoftext|>	10.429246
104	1	<|endoftext|>	0.0
104	2	We	7.155761
104	3	Ġall	5.001806
104	4	Ġknow	0.901061
104	5	Ġwhat	3.935035
104	6	Ġthe	4.242645
104	7	Ġyoung	11.859825
104	8	Ġprofessional	10.092503
104	9	Ġassembled	20.527233
104	10	Ġthe	7.703324
104	11	Ġbed	13.548502
104	12	Ġfor	4.959198
104	13	Ġhis	6.489174
104	14	Ġparents	8.781248
104	15	.	2.921128
104	16	<|endoftext|>	10.82006
105	1	<|endoftext|>	0.0
105	2	We	7.155761
105	3	Ġall	5.001796
105	4	Ġknow	0.901057
105	5	Ġthat	1.582244
105	6	Ġmy	10.262349
105	7	Ġneighbor	11.680375
105	8	Ġsaid	8.448174
105	9	Ġthe	5.349494
105	10	Ġyoung	11.837595
105	11	Ġprofessional	14.301479
105	12	Ġassembled	17.249863
105	13	Ġfor	5.93277
105	14	Ġhis	3.787576
105	15	Ġparents	11.570602
105	16	.	6.899217
105	17	<|endoftext|>	10.65101
106	1	<|endoftext|>	0.0
106	2	We	7.155761
106	3	Ġall	5.001796
106	4	Ġknow	0.901057
106	5	Ġthat	1.582244
106	6	Ġmy	10.262349
106	7	Ġneighbor	11.680375
106	8	Ġsaid	8.448174
106	9	Ġthe	5.349494
106	10	Ġyoung	11.837595
106	11	Ġprofessional	14.301479
106	12	Ġassembled	17.249863
106	13	Ġthe	3.480446
106	14	Ġbed	10.929026
106	15	Ġfor	4.802113
106	16	Ġhis	3.972932
106	17	Ġparents	8.339042
106	18	.	2.484617
106	19	<|endoftext|>	11.017159
107	1	<|endoftext|>	0.0
107	2	We	7.155761
107	3	Ġall	5.001796
107	4	Ġknow	0.901057
107	5	Ġwhat	3.935055
107	6	Ġmy	11.248193
107	7	Ġneighbor	11.385496
107	8	Ġsaid	4.608536
107	9	Ġthe	7.928397
107	10	Ġyoung	13.478015
107	11	Ġprofessional	13.826461
107	12	Ġassembled	17.929546
107	13	Ġfor	5.005122
107	14	Ġhis	3.100644
107	15	Ġparents	11.320256
107	16	.	3.403477
107	17	<|endoftext|>	10.220639
108	1	<|endoftext|>	0.0
108	2	We	7.155761
108	3	Ġall	5.001796
108	4	Ġknow	0.901057
108	5	Ġwhat	3.935055
108	6	Ġmy	11.248193
108	7	Ġneighbor	11.385496
108	8	Ġsaid	4.608536
108	9	Ġthe	7.928397
108	10	Ġyoung	13.478015
108	11	Ġprofessional	13.826461
108	12	Ġassembled	17.929546
108	13	Ġthe	4.063779
108	14	Ġbed	11.012766
108	15	Ġfor	5.054137
108	16	Ġhis	3.809815
108	17	Ġparents	8.561742
108	18	.	2.023259
108	19	<|endoftext|>	10.525012
109	1	<|endoftext|>	0.0
109	2	We	7.155761
109	3	Ġall	5.001796
109	4	Ġknow	0.901057
109	5	Ġthat	1.582244
109	6	Ġmy	10.262349
109	7	Ġneighbor	11.680375
109	8	Ġsaid	8.448174
109	9	Ġher	7.233961
109	10	Ġassociate	15.661043
109	11	Ġknew	8.439414
109	12	Ġthe	4.093441
109	13	Ġyoung	9.763055
109	14	Ġprofessional	13.748461
109	15	Ġassembled	18.218069
109	16	Ġfor	4.632382
109	17	Ġhis	4.246658
109	18	Ġparents	13.120193
109	19	.	5.030518
109	20	<|endoftext|>	11.483315
110	1	<|endoftext|>	0.0
110	2	We	7.155761
110	3	Ġall	5.001796
110	4	Ġknow	0.901057
110	5	Ġthat	1.582244
110	6	Ġmy	10.262349
110	7	Ġneighbor	11.680375
110	8	Ġsaid	8.448174
110	9	Ġher	7.233961
110	10	Ġassociate	15.661043
110	11	Ġknew	8.439414
110	12	Ġthe	4.093441
110	13	Ġyoung	9.763055
110	14	Ġprofessional	13.748461
110	15	Ġassembled	18.218069
110	16	Ġthe	3.702564
110	17	Ġbed	10.804258
110	18	Ġfor	5.187646
110	19	Ġhis	4.419308
110	20	Ġparents	9.940571
110	21	.	2.236661
110	22	<|endoftext|>	11.253045
111	1	<|endoftext|>	0.0
111	2	We	7.155761
111	3	Ġall	5.001796
111	4	Ġknow	0.901057
111	5	Ġwhat	3.935055
111	6	Ġmy	11.248193
111	7	Ġneighbor	11.385496
111	8	Ġsaid	4.608536
111	9	Ġher	13.31299
111	10	Ġassociate	14.321975
111	11	Ġknew	8.938423
111	12	Ġthe	6.469588
111	13	Ġyoung	11.11732
111	14	Ġprofessional	13.348376
111	15	Ġassembled	18.288484
111	16	Ġfor	5.057057
111	17	Ġhis	3.608434
111	18	Ġparents	13.066469
111	19	.	4.049407
111	20	<|endoftext|>	10.814137
112	1	<|endoftext|>	0.0
112	2	We	7.155761
112	3	Ġall	5.001796
112	4	Ġknow	0.901057
112	5	Ġwhat	3.935055
112	6	Ġmy	11.248193
112	7	Ġneighbor	11.385496
112	8	Ġsaid	4.608536
112	9	Ġher	13.31299
112	10	Ġassociate	14.321975
112	11	Ġknew	8.938423
112	12	Ġthe	6.469588
112	13	Ġyoung	11.11732
112	14	Ġprofessional	13.348376
112	15	Ġassembled	18.288484
112	16	Ġthe	3.711201
112	17	Ġbed	10.118282
112	18	Ġfor	5.281316
112	19	Ġhis	4.336676
112	20	Ġparents	9.850105
112	21	.	2.100685
112	22	<|endoftext|>	10.601023
113	1	<|endoftext|>	0.0
113	2	We	7.155761
113	3	Ġall	5.001796
113	4	Ġknow	0.901057
113	5	Ġthat	1.582244
113	6	Ġmy	10.262349
113	7	Ġneighbor	11.680375
113	8	Ġsaid	8.448174
113	9	Ġher	7.233961
113	10	Ġassociate	15.661043
113	11	Ġknew	8.439414
113	12	Ġa	4.623863
113	13	Ġfriend	6.581102
113	14	Ġthinks	18.735303
113	15	Ġthe	4.632981
113	16	Ġyoung	10.225908
113	17	Ġprofessional	14.181837
113	18	Ġassembled	19.565781
113	19	Ġfor	5.586446
113	20	Ġhis	4.094512
113	21	Ġparents	12.963572
113	22	.	4.821155
113	23	<|endoftext|>	11.189066
114	1	<|endoftext|>	0.0
114	2	We	7.155761
114	3	Ġall	5.001796
114	4	Ġknow	0.901057
114	5	Ġthat	1.582244
114	6	Ġmy	10.262349
114	7	Ġneighbor	11.680375
114	8	Ġsaid	8.448174
114	9	Ġher	7.233961
114	10	Ġassociate	15.661043
114	11	Ġknew	8.439414
114	12	Ġa	4.623863
114	13	Ġfriend	6.581102
114	14	Ġthinks	18.735303
114	15	Ġthe	4.632981
114	16	Ġyoung	10.225908
114	17	Ġprofessional	14.181837
114	18	Ġassembled	19.565781
114	19	Ġthe	3.924692
114	20	Ġbed	10.839049
114	21	Ġfor	5.001485
114	22	Ġhis	4.01649
114	23	Ġparents	9.565165
114	24	.	1.926776
114	25	<|endoftext|>	10.988019
115	1	<|endoftext|>	0.0
115	2	We	7.155761
115	3	Ġall	5.001796
115	4	Ġknow	0.901057
115	5	Ġwhat	3.935055
115	6	Ġmy	11.248193
115	7	Ġneighbor	11.385496
115	8	Ġsaid	4.608536
115	9	Ġher	13.31299
115	10	Ġassociate	14.321975
115	11	Ġknew	8.938423
115	12	Ġa	7.685541
115	13	Ġfriend	8.894783
115	14	Ġthinks	15.469458
115	15	Ġthe	6.675655
115	16	Ġyoung	10.230358
115	17	Ġprofessional	13.272787
115	18	Ġassembled	19.682592
115	19	Ġfor	4.816493
115	20	Ġhis	3.886307
115	21	Ġparents	12.706466
115	22	.	3.647546
115	23	<|endoftext|>	10.545429
116	1	<|endoftext|>	0.0
116	2	We	7.155761
116	3	Ġall	5.001796
116	4	Ġknow	0.901057
116	5	Ġwhat	3.935055
116	6	Ġmy	11.248193
116	7	Ġneighbor	11.385496
116	8	Ġsaid	4.608536
116	9	Ġher	13.31299
116	10	Ġassociate	14.321975
116	11	Ġknew	8.938423
116	12	Ġa	7.685541
116	13	Ġfriend	8.894783
116	14	Ġthinks	15.469458
116	15	Ġthe	6.675655
116	16	Ġyoung	10.230358
116	17	Ġprofessional	13.272787
116	18	Ġassembled	19.682592
116	19	Ġthe	4.491174
116	20	Ġbed	10.199015
116	21	Ġfor	4.943986
116	22	Ġhis	4.442721
116	23	Ġparents	9.583534
116	24	.	1.867051
116	25	<|endoftext|>	10.421206
117	1	<|endoftext|>	0.0
117	2	We	7.155761
117	3	Ġall	5.001796
117	4	Ġknow	0.901057
117	5	Ġthat	1.582244
117	6	Ġmy	10.262349
117	7	Ġneighbor	11.680375
117	8	Ġsaid	8.448174
117	9	Ġher	7.233961
117	10	Ġassociate	15.661043
117	11	Ġknew	8.439414
117	12	Ġa	4.623863
117	13	Ġfriend	6.581102
117	14	Ġthinks	18.735303
117	15	Ġthe	4.632981
117	16	Ġyoung	10.225908
117	17	Ġprofessional	14.181837
117	18	Ġassembled	19.565781
117	19	Ġfor	5.586446
117	20	Ġhis	4.094512
117	21	Ġparents	12.963572
117	22	.	4.821155
117	23	<|endoftext|>	11.189066
118	1	<|endoftext|>	0.0
118	2	We	7.155761
118	3	Ġall	5.001796
118	4	Ġknow	0.901057
118	5	Ġthat	1.582244
118	6	Ġmy	10.262349
118	7	Ġneighbor	11.680375
118	8	Ġsaid	8.448174
118	9	Ġher	7.233961
118	10	Ġassociate	15.661043
118	11	Ġknew	8.439414
118	12	Ġa	4.623863
118	13	Ġfriend	6.581102
118	14	Ġthinks	18.735303
118	15	Ġthe	4.632981
118	16	Ġyoung	10.225908
118	17	Ġprofessional	14.181837
118	18	Ġassembled	19.565781
118	19	Ġthe	3.924692
118	20	Ġbed	10.839049
118	21	Ġfor	5.001485
118	22	Ġhis	4.01649
118	23	Ġparents	9.565165
118	24	.	1.926776
118	25	<|endoftext|>	10.988019
119	1	<|endoftext|>	0.0
119	2	We	7.155761
119	3	Ġall	5.001796
119	4	Ġknow	0.901057
119	5	Ġwhat	3.935055
119	6	Ġmy	11.248193
119	7	Ġneighbor	11.385496
119	8	Ġsaid	4.608536
119	9	Ġher	13.31299
119	10	Ġassociate	14.321975
119	11	Ġknew	8.938423
119	12	Ġa	7.685541
119	13	Ġfriend	8.894783
119	14	Ġthinks	15.469458
119	15	Ġthe	6.675655
119	16	Ġyoung	10.230358
119	17	Ġprofessional	13.272787
119	18	Ġassembled	19.682592
119	19	Ġfor	4.816493
119	20	Ġhis	3.886307
119	21	Ġparents	12.706466
119	22	.	3.647546
119	23	<|endoftext|>	10.545429
120	1	<|endoftext|>	0.0
120	2	We	7.155761
120	3	Ġall	5.001796
120	4	Ġknow	0.901057
120	5	Ġwhat	3.935055
120	6	Ġmy	11.248193
120	7	Ġneighbor	11.385496
120	8	Ġsaid	4.608536
120	9	Ġher	13.31299
120	10	Ġassociate	14.321975
120	11	Ġknew	8.938423
120	12	Ġa	7.685541
120	13	Ġfriend	8.894783
120	14	Ġthinks	15.469458
120	15	Ġthe	6.675655
120	16	Ġyoung	10.230358
120	17	Ġprofessional	13.272787
120	18	Ġassembled	19.682592
120	19	Ġthe	4.491174
120	20	Ġbed	10.199015
120	21	Ġfor	4.943986
120	22	Ġhis	4.442721
120	23	Ġparents	9.583534
120	24	.	1.867051
120	25	<|endoftext|>	10.421206
121	1	<|endoftext|>	0.0
121	2	I	5.770367
121	3	Ġknow	5.545733
121	4	Ġthat	2.74974
121	5	Ġthe	4.424285
121	6	Ġelderly	14.086488
121	7	Ġlady	8.164703
121	8	Ġfound	10.235041
121	9	Ġon	6.89646
121	10	Ġthe	1.569098
121	11	Ġbus	7.119313
121	12	.	6.378104
121	13	<|endoftext|>	8.292797
122	1	<|endoftext|>	0.0
122	2	I	5.770367
122	3	Ġknow	5.545733
122	4	Ġthat	2.749727
122	5	Ġthe	4.424285
122	6	Ġelderly	14.086488
122	7	Ġlady	8.164717
122	8	Ġfound	10.235031
122	9	Ġa	2.686578
122	10	Ġquarter	12.764032
122	11	Ġon	6.374944
122	12	Ġthe	1.452545
122	13	Ġbus	10.632514
122	14	.	3.030741
122	15	<|endoftext|>	10.424779
123	1	<|endoftext|>	0.0
123	2	I	5.770367
123	3	Ġknow	5.545733
123	4	Ġwhat	4.510479
123	5	Ġthe	6.346878
123	6	Ġelderly	15.823067
123	7	Ġlady	7.057827
123	8	Ġfound	11.275752
123	9	Ġon	5.049012
123	10	Ġthe	1.539128
123	11	Ġbus	7.576851
123	12	.	2.528075
123	13	<|endoftext|>	9.18942
124	1	<|endoftext|>	0.0
124	2	I	5.770367
124	3	Ġknow	5.545733
124	4	Ġwhat	4.510466
124	5	Ġthe	6.346878
124	6	Ġelderly	15.823067
124	7	Ġlady	7.057817
124	8	Ġfound	11.275777
124	9	Ġa	7.668971
124	10	Ġquarter	10.412556
124	11	Ġon	7.165868
124	12	Ġthe	1.880041
124	13	Ġbus	10.749319
124	14	.	1.919138
124	15	<|endoftext|>	9.543293
125	1	<|endoftext|>	0.0
125	2	I	5.770362
125	3	Ġknow	5.545699
125	4	Ġthat	2.74972
125	5	Ġtheir	10.772442
125	6	Ġfriend	11.31106
125	7	Ġsaid	6.5436
125	8	Ġthe	5.196946
125	9	Ġelderly	14.386563
125	10	Ġlady	5.057242
125	11	Ġfound	9.556483
125	12	Ġon	7.053845
125	13	Ġthe	1.367158
125	14	Ġbus	6.973767
125	15	.	5.945396
125	16	<|endoftext|>	8.971738
126	1	<|endoftext|>	0.0
126	2	I	5.770357
126	3	Ġknow	5.545684
126	4	Ġthat	2.749692
126	5	Ġtheir	10.772435
126	6	Ġfriend	11.31106
126	7	Ġsaid	6.543594
126	8	Ġthe	5.19695
126	9	Ġelderly	14.386548
126	10	Ġlady	5.057256
126	11	Ġfound	9.556472
126	12	Ġa	2.654973
126	13	Ġquarter	12.626639
126	14	Ġon	6.380353
126	15	Ġthe	1.207421
126	16	Ġbus	10.483686
126	17	.	2.713815
126	18	<|endoftext|>	9.758511
127	1	<|endoftext|>	0.0
127	2	I	5.770362
127	3	Ġknow	5.545699
127	4	Ġwhat	4.510481
127	5	Ġtheir	12.275831
127	6	Ġfriend	11.313586
127	7	Ġsaid	2.549465
127	8	Ġthe	9.069841
127	9	Ġelderly	19.225493
127	10	Ġlady	4.38055
127	11	Ġfound	9.953069
127	12	Ġon	4.640401
127	13	Ġthe	1.362839
127	14	Ġbus	7.205226
127	15	.	2.435516
127	16	<|endoftext|>	8.056531
128	1	<|endoftext|>	0.0
128	2	I	5.770357
128	3	Ġknow	5.545684
128	4	Ġwhat	4.510475
128	5	Ġtheir	12.275833
128	6	Ġfriend	11.313569
128	7	Ġsaid	2.549449
128	8	Ġthe	9.069844
128	9	Ġelderly	19.225503
128	10	Ġlady	4.380577
128	11	Ġfound	9.95306
128	12	Ġa	4.288098
128	13	Ġquarter	12.263633
128	14	Ġon	6.30824
128	15	Ġthe	1.238836
128	16	Ġbus	10.900174
128	17	.	2.027544
128	18	<|endoftext|>	8.58356
129	1	<|endoftext|>	0.0
129	2	I	5.770357
129	3	Ġknow	5.545684
129	4	Ġthat	2.749692
129	5	Ġtheir	10.772435
129	6	Ġfriend	11.31106
129	7	Ġsaid	6.543594
129	8	Ġthe	5.19695
129	9	Ġsecretary	15.349211
129	10	Ġbelieved	13.580616
129	11	Ġthe	3.476186
129	12	Ġelderly	13.106078
129	13	Ġlady	5.801986
129	14	Ġfound	10.318037
129	15	Ġon	6.000171
129	16	Ġthe	1.054919
129	17	Ġbus	6.474757
129	18	.	3.949361
129	19	<|endoftext|>	9.336115
130	1	<|endoftext|>	0.0
130	2	I	5.770357
130	3	Ġknow	5.545684
130	4	Ġthat	2.749692
130	5	Ġtheir	10.772435
130	6	Ġfriend	11.31106
130	7	Ġsaid	6.543594
130	8	Ġthe	5.19695
130	9	Ġsecretary	15.349211
130	10	Ġbelieved	13.580616
130	11	Ġthe	3.476186
130	12	Ġelderly	13.106078
130	13	Ġlady	5.801986
130	14	Ġfound	10.318037
130	15	Ġa	3.027022
130	16	Ġquarter	13.160688
130	17	Ġon	6.344556
130	18	Ġthe	1.245308
130	19	Ġbus	9.969776
130	20	.	2.214733
130	21	<|endoftext|>	9.683509
131	1	<|endoftext|>	0.0
131	2	I	5.770357
131	3	Ġknow	5.545684
131	4	Ġwhat	4.510475
131	5	Ġtheir	12.275833
131	6	Ġfriend	11.313569
131	7	Ġsaid	2.549449
131	8	Ġthe	9.069844
131	9	Ġsecretary	19.042194
131	10	Ġbelieved	14.71555
131	11	Ġthe	5.49399
131	12	Ġelderly	13.560348
131	13	Ġlady	4.967544
131	14	Ġfound	10.232912
131	15	Ġon	5.718975
131	16	Ġthe	1.079441
131	17	Ġbus	6.468204
131	18	.	2.375446
131	19	<|endoftext|>	8.01119
132	1	<|endoftext|>	0.0
132	2	I	5.770357
132	3	Ġknow	5.545684
132	4	Ġwhat	4.510475
132	5	Ġtheir	12.275833
132	6	Ġfriend	11.313569
132	7	Ġsaid	2.549449
132	8	Ġthe	9.069844
132	9	Ġsecretary	19.042194
132	10	Ġbelieved	14.71555
132	11	Ġthe	5.49399
132	12	Ġelderly	13.560348
132	13	Ġlady	4.967544
132	14	Ġfound	10.232912
132	15	Ġa	3.507261
132	16	Ġquarter	12.937315
132	17	Ġon	6.497465
132	18	Ġthe	1.254854
132	19	Ġbus	10.233879
132	20	.	2.02935
132	21	<|endoftext|>	8.394844
133	1	<|endoftext|>	0.0
133	2	I	5.770357
133	3	Ġknow	5.545684
133	4	Ġthat	2.749692
133	5	Ġtheir	10.772435
133	6	Ġfriend	11.31106
133	7	Ġsaid	6.543594
133	8	Ġthe	5.19695
133	9	Ġsecretary	15.349211
133	10	Ġbelieved	13.580616
133	11	Ġthe	3.476186
133	12	Ġworker	12.97809
133	13	Ġthinks	14.752388
133	14	Ġthe	3.053745
133	15	Ġelderly	11.722734
133	16	Ġlady	7.551276
133	17	Ġfound	10.85705
133	18	Ġon	5.331723
133	19	Ġthe	0.814655
133	20	Ġbus	6.681784
133	21	.	5.122454
133	22	<|endoftext|>	9.062935
134	1	<|endoftext|>	0.0
134	2	I	5.770357
134	3	Ġknow	5.545684
134	4	Ġthat	2.749692
134	5	Ġtheir	10.772435
134	6	Ġfriend	11.31106
134	7	Ġsaid	6.543594
134	8	Ġthe	5.19695
134	9	Ġsecretary	15.349211
134	10	Ġbelieved	13.580616
134	11	Ġthe	3.476186
134	12	Ġworker	12.97809
134	13	Ġthinks	14.752388
134	14	Ġthe	3.053745
134	15	Ġelderly	11.722734
134	16	Ġlady	7.551276
134	17	Ġfound	10.85705
134	18	Ġa	3.277089
134	19	Ġquarter	13.24784
134	20	Ġon	6.098747
134	21	Ġthe	1.191772
134	22	Ġbus	9.86292
134	23	.	2.085405
134	24	<|endoftext|>	9.259275
135	1	<|endoftext|>	0.0
135	2	I	5.770357
135	3	Ġknow	5.545684
135	4	Ġwhat	4.510475
135	5	Ġtheir	12.275833
135	6	Ġfriend	11.313569
135	7	Ġsaid	2.549449
135	8	Ġthe	9.069844
135	9	Ġsecretary	19.042194
135	10	Ġbelieved	14.71555
135	11	Ġthe	5.49399
135	12	Ġworker	12.61512
135	13	Ġthinks	13.256889
135	14	Ġthe	4.255958
135	15	Ġelderly	12.490406
135	16	Ġlady	6.830712
135	17	Ġfound	10.612377
135	18	Ġon	5.210224
135	19	Ġthe	0.861123
135	20	Ġbus	6.635512
135	21	.	3.191978
135	22	<|endoftext|>	7.753945
136	1	<|endoftext|>	0.0
136	2	I	5.770357
136	3	Ġknow	5.545684
136	4	Ġwhat	4.510475
136	5	Ġtheir	12.275833
136	6	Ġfriend	11.313569
136	7	Ġsaid	2.549449
136	8	Ġthe	9.069844
136	9	Ġsecretary	19.042194
136	10	Ġbelieved	14.71555
136	11	Ġthe	5.49399
136	12	Ġworker	12.61512
136	13	Ġthinks	13.256889
136	14	Ġthe	4.255958
136	15	Ġelderly	12.490406
136	16	Ġlady	6.830712
136	17	Ġfound	10.612377
136	18	Ġa	3.723843
136	19	Ġquarter	13.204884
136	20	Ġon	6.352855
136	21	Ġthe	1.242771
136	22	Ġbus	10.153466
136	23	.	1.9024
136	24	<|endoftext|>	8.027817
137	1	<|endoftext|>	0.0
137	2	I	5.770357
137	3	Ġknow	5.545684
137	4	Ġthat	2.749692
137	5	Ġtheir	10.772435
137	6	Ġfriend	11.31106
137	7	Ġsaid	6.543594
137	8	Ġthe	5.19695
137	9	Ġsecretary	15.349211
137	10	Ġbelieved	13.580616
137	11	Ġthe	3.476186
137	12	Ġworker	12.97809
137	13	Ġthinks	14.752388
137	14	Ġthe	3.053745
137	15	Ġelderly	11.722734
137	16	Ġlady	7.551276
137	17	Ġfound	10.85705
137	18	Ġon	5.331723
137	19	Ġthe	0.814655
137	20	Ġbus	6.681784
137	21	.	5.122454
137	22	<|endoftext|>	9.062935
138	1	<|endoftext|>	0.0
138	2	I	5.770357
138	3	Ġknow	5.545684
138	4	Ġthat	2.749692
138	5	Ġtheir	10.772435
138	6	Ġfriend	11.31106
138	7	Ġsaid	6.543594
138	8	Ġthe	5.19695
138	9	Ġsecretary	15.349211
138	10	Ġbelieved	13.580616
138	11	Ġthe	3.476186
138	12	Ġworker	12.97809
138	13	Ġthinks	14.752388
138	14	Ġthe	3.053745
138	15	Ġelderly	11.722734
138	16	Ġlady	7.551276
138	17	Ġfound	10.85705
138	18	Ġa	3.277089
138	19	Ġquarter	13.24784
138	20	Ġon	6.098747
138	21	Ġthe	1.191772
138	22	Ġbus	9.86292
138	23	.	2.085405
138	24	<|endoftext|>	9.259275
139	1	<|endoftext|>	0.0
139	2	I	5.770357
139	3	Ġknow	5.545684
139	4	Ġwhat	4.510475
139	5	Ġtheir	12.275833
139	6	Ġfriend	11.313569
139	7	Ġsaid	2.549449
139	8	Ġthe	9.069844
139	9	Ġsecretary	19.042194
139	10	Ġbelieved	14.71555
139	11	Ġthe	5.49399
139	12	Ġworker	12.61512
139	13	Ġthinks	13.256889
139	14	Ġthe	4.255958
139	15	Ġelderly	12.490406
139	16	Ġlady	6.830712
139	17	Ġfound	10.612377
139	18	Ġon	5.210224
139	19	Ġthe	0.861123
139	20	Ġbus	6.635512
139	21	.	3.191978
139	22	<|endoftext|>	7.753945
140	1	<|endoftext|>	0.0
140	2	I	5.770357
140	3	Ġknow	5.545684
140	4	Ġwhat	4.510475
140	5	Ġtheir	12.275833
140	6	Ġfriend	11.313569
140	7	Ġsaid	2.549449
140	8	Ġthe	9.069844
140	9	Ġsecretary	19.042194
140	10	Ġbelieved	14.71555
140	11	Ġthe	5.49399
140	12	Ġworker	12.61512
140	13	Ġthinks	13.256889
140	14	Ġthe	4.255958
140	15	Ġelderly	12.490406
140	16	Ġlady	6.830712
140	17	Ġfound	10.612377
140	18	Ġa	3.723843
140	19	Ġquarter	13.204884
140	20	Ġon	6.352855
140	21	Ġthe	1.242771
140	22	Ġbus	10.153466
140	23	.	1.9024
140	24	<|endoftext|>	8.027817
141	1	<|endoftext|>	0.0
141	2	My	8.871096
141	3	Ġfriends	6.757595
141	4	Ġall	8.675823
141	5	Ġknow	4.254077
141	6	Ġthat	2.256623
141	7	Ġthe	4.105514
141	8	Ġsingle	10.779928
141	9	Ġmother	6.227739
141	10	Ġdescribed	13.299297
141	11	Ġto	4.198013
141	12	Ġher	6.893342
141	13	Ġfriends	4.979805
141	14	.	7.145751
141	15	<|endoftext|>	9.434719
142	1	<|endoftext|>	0.0
142	2	My	8.871096
142	3	Ġfriends	6.757614
142	4	Ġall	8.675831
142	5	Ġknow	4.254138
142	6	Ġthat	2.256643
142	7	Ġthe	4.105544
142	8	Ġsingle	10.779872
142	9	Ġmother	6.227759
142	10	Ġdescribed	13.299339
142	11	Ġher	4.024551
142	12	Ġwoes	12.114989
142	13	Ġto	4.069364
142	14	Ġher	3.902091
142	15	Ġfriends	5.019111
142	16	.	2.639559
142	17	<|endoftext|>	10.652072
143	1	<|endoftext|>	0.0
143	2	My	8.871096
143	3	Ġfriends	6.757595
143	4	Ġall	8.675823
143	5	Ġknow	4.254077
143	6	Ġwhat	3.874988
143	7	Ġthe	4.911705
143	8	Ġsingle	11.572809
143	9	Ġmother	6.703437
143	10	Ġdescribed	12.424881
143	11	Ġto	3.188285
143	12	Ġher	6.244488
143	13	Ġfriends	5.808718
143	14	.	2.423841
143	15	<|endoftext|>	10.615163
144	1	<|endoftext|>	0.0
144	2	My	8.871096
144	3	Ġfriends	6.757614
144	4	Ġall	8.675831
144	5	Ġknow	4.254138
144	6	Ġwhat	3.874997
144	7	Ġthe	4.911692
144	8	Ġsingle	11.572864
144	9	Ġmother	6.70341
144	10	Ġdescribed	12.424976
144	11	Ġher	7.030464
144	12	Ġwoes	13.823744
144	13	Ġto	5.825352
144	14	Ġher	6.296483
144	15	Ġfriends	5.231873
144	16	.	1.83292
144	17	<|endoftext|>	10.866691
145	1	<|endoftext|>	0.0
145	2	My	8.871096
145	3	Ġfriends	6.757614
145	4	Ġall	8.675831
145	5	Ġknow	4.254138
145	6	Ġthat	2.256643
145	7	Ġher	11.195093
145	8	Ġfriend	8.768063
145	9	Ġknew	10.973125
145	10	Ġthe	4.313429
145	11	Ġsingle	12.520016
145	12	Ġmother	4.686517
145	13	Ġdescribed	13.362037
145	14	Ġto	5.829298
145	15	Ġher	2.57023
145	16	Ġfriends	8.261395
145	17	.	3.218799
145	18	<|endoftext|>	9.626112
146	1	<|endoftext|>	0.0
146	2	My	8.871096
146	3	Ġfriends	6.757614
146	4	Ġall	8.675831
146	5	Ġknow	4.254138
146	6	Ġthat	2.256643
146	7	Ġher	11.195093
146	8	Ġfriend	8.768063
146	9	Ġknew	10.973125
146	10	Ġthe	4.313429
146	11	Ġsingle	12.520016
146	12	Ġmother	4.686517
146	13	Ġdescribed	13.362037
146	14	Ġher	7.317825
146	15	Ġwoes	14.645857
146	16	Ġto	5.206774
146	17	Ġher	1.962056
146	18	Ġfriends	4.619586
146	19	.	1.93751
146	20	<|endoftext|>	9.667139
147	1	<|endoftext|>	0.0
147	2	My	8.871096
147	3	Ġfriends	6.757614
147	4	Ġall	8.675831
147	5	Ġknow	4.254138
147	6	Ġwhat	3.874997
147	7	Ġher	12.515868
147	8	Ġfriend	9.897403
147	9	Ġknew	10.489791
147	10	Ġthe	8.370937
147	11	Ġsingle	11.870943
147	12	Ġmother	9.027477
147	13	Ġdescribed	10.223782
147	14	Ġto	3.106387
147	15	Ġher	3.254631
147	16	Ġfriends	5.039817
147	17	.	2.057791
147	18	<|endoftext|>	9.645719
148	1	<|endoftext|>	0.0
148	2	My	8.871096
148	3	Ġfriends	6.757614
148	4	Ġall	8.675831
148	5	Ġknow	4.254138
148	6	Ġwhat	3.874997
148	7	Ġher	12.515868
148	8	Ġfriend	9.897403
148	9	Ġknew	10.489791
148	10	Ġthe	8.370937
148	11	Ġsingle	11.870943
148	12	Ġmother	9.027477
148	13	Ġdescribed	10.223782
148	14	Ġher	5.701823
148	15	Ġwoes	16.223239
148	16	Ġto	5.547482
148	17	Ġher	3.225916
148	18	Ġfriends	4.307151
148	19	.	1.724056
148	20	<|endoftext|>	9.757513
149	1	<|endoftext|>	0.0
149	2	My	8.871096
149	3	Ġfriends	6.757614
149	4	Ġall	8.675831
149	5	Ġknow	4.254138
149	6	Ġthat	2.256643
149	7	Ġher	11.195093
149	8	Ġfriend	8.768063
149	9	Ġknew	10.973125
149	10	Ġthe	4.313429
149	11	Ġdelivery	15.361533
149	12	Ġman	3.170939
149	13	Ġbelieved	14.547615
149	14	Ġthe	3.545059
149	15	Ġsingle	13.493218
149	16	Ġmother	3.62002
149	17	Ġdescribed	13.29998
149	18	Ġto	4.604023
149	19	Ġher	1.267402
149	20	Ġfriends	7.859571
149	21	.	1.931056
149	22	<|endoftext|>	9.391133
150	1	<|endoftext|>	0.0
150	2	My	8.871096
150	3	Ġfriends	6.757614
150	4	Ġall	8.675831
150	5	Ġknow	4.254138
150	6	Ġthat	2.256643
150	7	Ġher	11.195093
150	8	Ġfriend	8.768063
150	9	Ġknew	10.973125
150	10	Ġthe	4.313429
150	11	Ġdelivery	15.361533
150	12	Ġman	3.170939
150	13	Ġbelieved	14.547615
150	14	Ġthe	3.545059
150	15	Ġsingle	13.493218
150	16	Ġmother	3.62002
150	17	Ġdescribed	13.29998
150	18	Ġher	4.748345
150	19	Ġwoes	14.565597
150	20	Ġto	3.399425
150	21	Ġher	1.815193
150	22	Ġfriends	5.079223
150	23	.	1.251573
150	24	<|endoftext|>	9.036186
151	1	<|endoftext|>	0.0
151	2	My	8.871096
151	3	Ġfriends	6.757614
151	4	Ġall	8.675831
151	5	Ġknow	4.254138
151	6	Ġwhat	3.874997
151	7	Ġher	12.515868
151	8	Ġfriend	9.897403
151	9	Ġknew	10.489791
151	10	Ġthe	8.370937
151	11	Ġdelivery	17.609814
151	12	Ġman	2.864424
151	13	Ġbelieved	10.48046
151	14	Ġthe	5.730006
151	15	Ġsingle	13.602534
151	16	Ġmother	4.341987
151	17	Ġdescribed	12.189188
151	18	Ġto	3.487084
151	19	Ġher	1.5139
151	20	Ġfriends	6.295655
151	21	.	1.359009
151	22	<|endoftext|>	9.012381
152	1	<|endoftext|>	0.0
152	2	My	8.871096
152	3	Ġfriends	6.757614
152	4	Ġall	8.675831
152	5	Ġknow	4.254138
152	6	Ġwhat	3.874997
152	7	Ġher	12.515868
152	8	Ġfriend	9.897403
152	9	Ġknew	10.489791
152	10	Ġthe	8.370937
152	11	Ġdelivery	17.609814
152	12	Ġman	2.864424
152	13	Ġbelieved	10.48046
152	14	Ġthe	5.730006
152	15	Ġsingle	13.602534
152	16	Ġmother	4.341987
152	17	Ġdescribed	12.189188
152	18	Ġher	5.616642
152	19	Ġwoes	15.649974
152	20	Ġto	3.020359
152	21	Ġher	2.051551
152	22	Ġfriends	4.840949
152	23	.	1.17209
152	24	<|endoftext|>	8.767733
153	1	<|endoftext|>	0.0
153	2	My	8.871096
153	3	Ġfriends	6.757614
153	4	Ġall	8.675831
153	5	Ġknow	4.254138
153	6	Ġthat	2.256643
153	7	Ġher	11.195093
153	8	Ġfriend	8.768063
153	9	Ġknew	10.973125
153	10	Ġthe	4.313429
153	11	Ġdelivery	15.361533
153	12	Ġman	3.170939
153	13	Ġbelieved	14.547615
153	14	Ġthe	3.545059
153	15	Ġcop	10.985827
153	16	Ġsaid	9.061537
153	17	Ġthe	2.65539
153	18	Ġsingle	13.782966
153	19	Ġmother	3.573521
153	20	Ġdescribed	12.961844
153	21	Ġto	3.97527
153	22	Ġher	1.510371
153	23	Ġfriends	6.890617
153	24	.	2.117872
153	25	<|endoftext|>	8.83033
154	1	<|endoftext|>	0.0
154	2	My	8.871096
154	3	Ġfriends	6.757614
154	4	Ġall	8.675831
154	5	Ġknow	4.254138
154	6	Ġthat	2.256643
154	7	Ġher	11.195093
154	8	Ġfriend	8.768063
154	9	Ġknew	10.973125
154	10	Ġthe	4.313429
154	11	Ġdelivery	15.361533
154	12	Ġman	3.170939
154	13	Ġbelieved	14.547615
154	14	Ġthe	3.545059
154	15	Ġcop	10.985827
154	16	Ġsaid	9.061537
154	17	Ġthe	2.65539
154	18	Ġsingle	13.782966
154	19	Ġmother	3.573521
154	20	Ġdescribed	12.961844
154	21	Ġher	4.093881
154	22	Ġwoes	14.709778
154	23	Ġto	3.346701
154	24	Ġher	1.741119
154	25	Ġfriends	4.999467
154	26	.	1.196895
154	27	<|endoftext|>	8.523554
155	1	<|endoftext|>	0.0
155	2	My	8.871096
155	3	Ġfriends	6.757614
155	4	Ġall	8.675831
155	5	Ġknow	4.254138
155	6	Ġwhat	3.874997
155	7	Ġher	12.515868
155	8	Ġfriend	9.897403
155	9	Ġknew	10.489791
155	10	Ġthe	8.370937
155	11	Ġdelivery	17.609814
155	12	Ġman	2.864424
155	13	Ġbelieved	10.48046
155	14	Ġthe	5.730006
155	15	Ġcop	10.708075
155	16	Ġsaid	7.433074
155	17	Ġthe	4.661443
155	18	Ġsingle	13.931977
155	19	Ġmother	3.877633
155	20	Ġdescribed	11.835283
155	21	Ġto	3.442453
155	22	Ġher	1.91517
155	23	Ġfriends	6.331424
155	24	.	1.498838
155	25	<|endoftext|>	8.260132
156	1	<|endoftext|>	0.0
156	2	My	8.871096
156	3	Ġfriends	6.757614
156	4	Ġall	8.675831
156	5	Ġknow	4.254138
156	6	Ġwhat	3.874997
156	7	Ġher	12.515868
156	8	Ġfriend	9.897403
156	9	Ġknew	10.489791
156	10	Ġthe	8.370937
156	11	Ġdelivery	17.609814
156	12	Ġman	2.864424
156	13	Ġbelieved	10.48046
156	14	Ġthe	5.730006
156	15	Ġcop	10.708075
156	16	Ġsaid	7.433074
156	17	Ġthe	4.661443
156	18	Ġsingle	13.931977
156	19	Ġmother	3.877633
156	20	Ġdescribed	11.835283
156	21	Ġher	4.883078
156	22	Ġwoes	15.273287
156	23	Ġto	3.379582
156	24	Ġher	1.943911
156	25	Ġfriends	5.106386
156	26	.	1.154329
156	27	<|endoftext|>	7.978619
157	1	<|endoftext|>	0.0
157	2	My	8.871096
157	3	Ġfriends	6.757614
157	4	Ġall	8.675831
157	5	Ġknow	4.254138
157	6	Ġthat	2.256643
157	7	Ġher	11.195093
157	8	Ġfriend	8.768063
157	9	Ġknew	10.973125
157	10	Ġthe	4.313429
157	11	Ġdelivery	15.361533
157	12	Ġman	3.170939
157	13	Ġbelieved	14.547615
157	14	Ġthe	3.545059
157	15	Ġcop	10.985827
157	16	Ġsaid	9.061537
157	17	Ġthe	2.65539
157	18	Ġsingle	13.782966
157	19	Ġmother	3.573521
157	20	Ġdescribed	12.961844
157	21	Ġto	3.97527
157	22	Ġher	1.510371
157	23	Ġfriends	6.890617
157	24	.	2.117872
157	25	<|endoftext|>	8.83033
158	1	<|endoftext|>	0.0
158	2	My	8.871096
158	3	Ġfriends	6.757614
158	4	Ġall	8.675831
158	5	Ġknow	4.254138
158	6	Ġthat	2.256643
158	7	Ġher	11.195093
158	8	Ġfriend	8.768063
158	9	Ġknew	10.973125
158	10	Ġthe	4.313429
158	11	Ġdelivery	15.361533
158	12	Ġman	3.170939
158	13	Ġbelieved	14.547615
158	14	Ġthe	3.545059
158	15	Ġcop	10.985827
158	16	Ġsaid	9.061537
158	17	Ġthe	2.65539
158	18	Ġsingle	13.782966
158	19	Ġmother	3.573521
158	20	Ġdescribed	12.961844
158	21	Ġher	4.093881
158	22	Ġwoes	14.709778
158	23	Ġto	3.346701
158	24	Ġher	1.741119
158	25	Ġfriends	4.999467
158	26	.	1.196895
158	27	<|endoftext|>	8.523554
159	1	<|endoftext|>	0.0
159	2	My	8.871096
159	3	Ġfriends	6.757614
159	4	Ġall	8.675831
159	5	Ġknow	4.254138
159	6	Ġwhat	3.874997
159	7	Ġher	12.515868
159	8	Ġfriend	9.897403
159	9	Ġknew	10.489791
159	10	Ġthe	8.370937
159	11	Ġdelivery	17.609814
159	12	Ġman	2.864424
159	13	Ġbelieved	10.48046
159	14	Ġthe	5.730006
159	15	Ġcop	10.708075
159	16	Ġsaid	7.433074
159	17	Ġthe	4.661443
159	18	Ġsingle	13.931977
159	19	Ġmother	3.877633
159	20	Ġdescribed	11.835283
159	21	Ġto	3.442453
159	22	Ġher	1.91517
159	23	Ġfriends	6.331424
159	24	.	1.498838
159	25	<|endoftext|>	8.260132
160	1	<|endoftext|>	0.0
160	2	My	8.871096
160	3	Ġfriends	6.757614
160	4	Ġall	8.675831
160	5	Ġknow	4.254138
160	6	Ġwhat	3.874997
160	7	Ġher	12.515868
160	8	Ġfriend	9.897403
160	9	Ġknew	10.489791
160	10	Ġthe	8.370937
160	11	Ġdelivery	17.609814
160	12	Ġman	2.864424
160	13	Ġbelieved	10.48046
160	14	Ġthe	5.730006
160	15	Ġcop	10.708075
160	16	Ġsaid	7.433074
160	17	Ġthe	4.661443
160	18	Ġsingle	13.931977
160	19	Ġmother	3.877633
160	20	Ġdescribed	11.835283
160	21	Ġher	4.883078
160	22	Ġwoes	15.273287
160	23	Ġto	3.379582
160	24	Ġher	1.943911
160	25	Ġfriends	5.106386
160	26	.	1.154329
160	27	<|endoftext|>	7.978619
161	1	<|endoftext|>	0.0
161	2	The	4.729286
161	3	Ġvisitor	16.203446
161	4	Ġsaid	8.43965
161	5	Ġthat	3.431249
161	6	Ġthe	3.086722
161	7	Ġhuman	11.671051
161	8	Ġresources	7.164541
161	9	Ġofficer	5.687449
161	10	Ġtalked	10.495203
161	11	Ġwith	3.666678
161	12	Ġin	12.684576
161	13	Ġher	7.231094
161	14	Ġoffice	2.124588
161	15	.	4.929797
161	16	<|endoftext|>	6.137736
162	1	<|endoftext|>	0.0
162	2	The	4.729281
162	3	Ġvisitor	16.203449
162	4	Ġsaid	8.439651
162	5	Ġthat	3.431256
162	6	Ġthe	3.08671
162	7	Ġhuman	11.671038
162	8	Ġresources	7.164543
162	9	Ġofficer	5.687466
162	10	Ġtalked	10.49519
162	11	Ġwith	3.666685
162	12	Ġthe	2.493733
162	13	Ġnew	9.656663
162	14	Ġmanager	5.354745
162	15	Ġin	5.437973
162	16	Ġher	7.674936
162	17	Ġoffice	0.780938
162	18	.	2.688833
162	19	<|endoftext|>	6.22848
163	1	<|endoftext|>	0.0
163	2	The	4.729286
163	3	Ġvisitor	16.203446
163	4	Ġsaid	8.43965
163	5	Ġwho	13.040132
163	6	Ġthe	4.943769
163	7	Ġhuman	10.481188
163	8	Ġresources	5.972949
163	9	Ġofficer	2.683113
163	10	Ġtalked	11.175357
163	11	Ġwith	4.331395
163	12	Ġin	4.903918
163	13	Ġher	6.119555
163	14	Ġoffice	3.19744
163	15	.	3.675665
163	16	<|endoftext|>	5.610895
164	1	<|endoftext|>	0.0
164	2	The	4.729281
164	3	Ġvisitor	16.203449
164	4	Ġsaid	8.439651
164	5	Ġwho	13.040117
164	6	Ġthe	4.943778
164	7	Ġhuman	10.481198
164	8	Ġresources	5.972931
164	9	Ġofficer	2.683111
164	10	Ġtalked	11.175349
164	11	Ġwith	4.331395
164	12	Ġthe	6.177046
164	13	Ġnew	10.184837
164	14	Ġmanager	5.732495
164	15	Ġin	5.649794
164	16	Ġher	7.103687
164	17	Ġoffice	1.045694
164	18	.	2.372315
164	19	<|endoftext|>	5.498314
165	1	<|endoftext|>	0.0
165	2	The	4.729281
165	3	Ġvisitor	16.203449
165	4	Ġsaid	8.439651
165	5	Ġthat	3.431256
165	6	Ġmy	11.684873
165	7	Ġfriend	5.874244
165	8	Ġsaid	5.905752
165	9	Ġthe	5.758925
165	10	Ġhuman	12.121219
165	11	Ġresources	8.308465
165	12	Ġofficer	5.480116
165	13	Ġtalked	8.911197
165	14	Ġwith	5.117306
165	15	Ġin	12.685483
165	16	Ġher	6.788654
165	17	Ġoffice	1.7253
165	18	.	3.940218
165	19	<|endoftext|>	8.385582
166	1	<|endoftext|>	0.0
166	2	The	4.729281
166	3	Ġvisitor	16.203449
166	4	Ġsaid	8.439651
166	5	Ġthat	3.431256
166	6	Ġmy	11.684873
166	7	Ġfriend	5.874244
166	8	Ġsaid	5.905752
166	9	Ġthe	5.758925
166	10	Ġhuman	12.121219
166	11	Ġresources	8.308465
166	12	Ġofficer	5.480116
166	13	Ġtalked	8.911197
166	14	Ġwith	5.117306
166	15	Ġthe	2.972046
166	16	Ġnew	9.844028
166	17	Ġmanager	4.985232
166	18	Ġin	5.610537
166	19	Ġher	7.546057
166	20	Ġoffice	0.955762
166	21	.	2.57115
166	22	<|endoftext|>	8.414979
167	1	<|endoftext|>	0.0
167	2	The	4.729281
167	3	Ġvisitor	16.203449
167	4	Ġsaid	8.439651
167	5	Ġwho	13.040117
167	6	Ġmy	12.718439
167	7	Ġfriend	3.999325
167	8	Ġsaid	7.103884
167	9	Ġthe	6.44645
167	10	Ġhuman	11.315014
167	11	Ġresources	7.986067
167	12	Ġofficer	3.957215
167	13	Ġtalked	8.978474
167	14	Ġwith	4.475309
167	15	Ġin	5.307175
167	16	Ġher	5.375765
167	17	Ġoffice	2.833518
167	18	.	2.767006
167	19	<|endoftext|>	7.226465
168	1	<|endoftext|>	0.0
168	2	The	4.729281
168	3	Ġvisitor	16.203449
168	4	Ġsaid	8.439651
168	5	Ġwho	13.040117
168	6	Ġmy	12.718439
168	7	Ġfriend	3.999325
168	8	Ġsaid	7.103884
168	9	Ġthe	6.44645
168	10	Ġhuman	11.315014
168	11	Ġresources	7.986067
168	12	Ġofficer	3.957215
168	13	Ġtalked	8.978474
168	14	Ġwith	4.475309
168	15	Ġthe	5.012718
168	16	Ġnew	10.262719
168	17	Ġmanager	5.324308
168	18	Ġin	5.541324
168	19	Ġher	7.036652
168	20	Ġoffice	1.133363
168	21	.	2.049498
168	22	<|endoftext|>	7.248673
169	1	<|endoftext|>	0.0
169	2	The	4.729281
169	3	Ġvisitor	16.203449
169	4	Ġsaid	8.439651
169	5	Ġthat	3.431256
169	6	Ġmy	11.684873
169	7	Ġfriend	5.874244
169	8	Ġsaid	5.905752
169	9	Ġher	8.485838
169	10	Ġmother	5.251657
169	11	Ġknew	8.143345
169	12	Ġthe	4.199614
169	13	Ġhuman	13.147262
169	14	Ġresources	8.173866
169	15	Ġofficer	4.661588
169	16	Ġtalked	14.245525
169	17	Ġwith	4.159669
169	18	Ġin	9.352076
169	19	Ġher	4.732021
169	20	Ġoffice	2.387175
169	21	.	2.280203
169	22	<|endoftext|>	7.74933
170	1	<|endoftext|>	0.0
170	2	The	4.729281
170	3	Ġvisitor	16.203449
170	4	Ġsaid	8.439651
170	5	Ġthat	3.431256
170	6	Ġmy	11.684873
170	7	Ġfriend	5.874244
170	8	Ġsaid	5.905752
170	9	Ġher	8.485838
170	10	Ġmother	5.251657
170	11	Ġknew	8.143345
170	12	Ġthe	4.199614
170	13	Ġhuman	13.147262
170	14	Ġresources	8.173866
170	15	Ġofficer	4.661588
170	16	Ġtalked	14.245525
170	17	Ġwith	4.159669
170	18	Ġthe	2.541497
170	19	Ġnew	10.872779
170	20	Ġmanager	5.912611
170	21	Ġin	5.440994
170	22	Ġher	5.576537
170	23	Ġoffice	1.713533
170	24	.	1.849175
170	25	<|endoftext|>	7.781029
171	1	<|endoftext|>	0.0
171	2	The	4.729281
171	3	Ġvisitor	16.203449
171	4	Ġsaid	8.439651
171	5	Ġwho	13.040117
171	6	Ġmy	12.718439
171	7	Ġfriend	3.999325
171	8	Ġsaid	7.103884
171	9	Ġher	9.601036
171	10	Ġmother	5.945414
171	11	Ġknew	7.344894
171	12	Ġthe	6.406453
171	13	Ġhuman	13.072654
171	14	Ġresources	7.996434
171	15	Ġofficer	4.272651
171	16	Ġtalked	12.32114
171	17	Ġwith	4.353
171	18	Ġin	5.362101
171	19	Ġher	3.834757
171	20	Ġoffice	2.98437
171	21	.	1.6365
171	22	<|endoftext|>	7.018657
172	1	<|endoftext|>	0.0
172	2	The	4.729281
172	3	Ġvisitor	16.203449
172	4	Ġsaid	8.439651
172	5	Ġwho	13.040117
172	6	Ġmy	12.718439
172	7	Ġfriend	3.999325
172	8	Ġsaid	7.103884
172	9	Ġher	9.601036
172	10	Ġmother	5.945414
172	11	Ġknew	7.344894
172	12	Ġthe	6.406453
172	13	Ġhuman	13.072654
172	14	Ġresources	7.996434
172	15	Ġofficer	4.272651
172	16	Ġtalked	12.32114
172	17	Ġwith	4.353
172	18	Ġthe	4.349864
172	19	Ġnew	10.908052
172	20	Ġmanager	5.998233
172	21	Ġin	5.428875
172	22	Ġher	4.977493
172	23	Ġoffice	1.632796
172	24	.	1.360164
172	25	<|endoftext|>	6.992504
173	1	<|endoftext|>	0.0
173	2	The	4.729281
173	3	Ġvisitor	16.203449
173	4	Ġsaid	8.439651
173	5	Ġthat	3.431256
173	6	Ġmy	11.684873
173	7	Ġfriend	5.874244
173	8	Ġsaid	5.905752
173	9	Ġher	8.485838
173	10	Ġmother	5.251657
173	11	Ġknew	8.143345
173	12	Ġthe	4.199614
173	13	Ġclerk	11.490064
173	14	Ġstated	14.930452
173	15	Ġthe	4.80128
173	16	Ġhuman	13.488993
173	17	Ġresources	6.466934
173	18	Ġofficer	4.98944
173	19	Ġtalked	10.81429
173	20	Ġwith	4.157375
173	21	Ġin	11.637433
173	22	Ġher	4.509308
173	23	Ġoffice	2.857883
173	24	.	2.137861
173	25	<|endoftext|>	7.297048
174	1	<|endoftext|>	0.0
174	2	The	4.729281
174	3	Ġvisitor	16.203449
174	4	Ġsaid	8.439651
174	5	Ġthat	3.431256
174	6	Ġmy	11.684873
174	7	Ġfriend	5.874244
174	8	Ġsaid	5.905752
174	9	Ġher	8.485838
174	10	Ġmother	5.251657
174	11	Ġknew	8.143345
174	12	Ġthe	4.199614
174	13	Ġclerk	11.490064
174	14	Ġstated	14.930452
174	15	Ġthe	4.80128
174	16	Ġhuman	13.488993
174	17	Ġresources	6.466934
174	18	Ġofficer	4.98944
174	19	Ġtalked	10.81429
174	20	Ġwith	4.157375
174	21	Ġthe	1.956192
174	22	Ġnew	10.968012
174	23	Ġmanager	4.70417
174	24	Ġin	5.704511
174	25	Ġher	5.696345
174	26	Ġoffice	2.053285
174	27	.	1.687332
174	28	<|endoftext|>	7.195531
175	1	<|endoftext|>	0.0
175	2	The	4.729281
175	3	Ġvisitor	16.203449
175	4	Ġsaid	8.439651
175	5	Ġwho	13.040117
175	6	Ġmy	12.718439
175	7	Ġfriend	3.999325
175	8	Ġsaid	7.103884
175	9	Ġher	9.601036
175	10	Ġmother	5.945414
175	11	Ġknew	7.344894
175	12	Ġthe	6.406453
175	13	Ġclerk	11.40872
175	14	Ġstated	14.249552
175	15	Ġthe	4.7625
175	16	Ġhuman	13.379549
175	17	Ġresources	6.132523
175	18	Ġofficer	4.518663
175	19	Ġtalked	10.361624
175	20	Ġwith	3.974143
175	21	Ġin	11.420975
175	22	Ġher	4.192775
175	23	Ġoffice	3.187701
175	24	.	2.146323
175	25	<|endoftext|>	6.141511
176	1	<|endoftext|>	0.0
176	2	The	4.729281
176	3	Ġvisitor	16.203449
176	4	Ġsaid	8.439651
176	5	Ġwho	13.040117
176	6	Ġmy	12.718439
176	7	Ġfriend	3.999325
176	8	Ġsaid	7.103884
176	9	Ġher	9.601036
176	10	Ġmother	5.945414
176	11	Ġknew	7.344894
176	12	Ġthe	6.406453
176	13	Ġclerk	11.40872
176	14	Ġstated	14.249552
176	15	Ġthe	4.7625
176	16	Ġhuman	13.379549
176	17	Ġresources	6.132523
176	18	Ġofficer	4.518663
176	19	Ġtalked	10.361624
176	20	Ġwith	3.974143
176	21	Ġthe	2.24965
176	22	Ġnew	11.243138
176	23	Ġmanager	4.583467
176	24	Ġin	5.775846
176	25	Ġher	5.351009
176	26	Ġoffice	2.070807
176	27	.	1.754215
176	28	<|endoftext|>	6.07142
177	1	<|endoftext|>	0.0
177	2	The	4.729281
177	3	Ġvisitor	16.203449
177	4	Ġsaid	8.439651
177	5	Ġthat	3.431256
177	6	Ġmy	11.684873
177	7	Ġfriend	5.874244
177	8	Ġsaid	5.905752
177	9	Ġher	8.485838
177	10	Ġmother	5.251657
177	11	Ġknew	8.143345
177	12	Ġthe	4.199614
177	13	Ġclerk	11.490064
177	14	Ġstated	14.930452
177	15	Ġthe	4.80128
177	16	Ġhuman	13.488993
177	17	Ġresources	6.466934
177	18	Ġofficer	4.98944
177	19	Ġtalked	10.81429
177	20	Ġwith	4.157375
177	21	Ġin	11.637433
177	22	Ġher	4.509308
177	23	Ġoffice	2.857883
177	24	.	2.137861
177	25	<|endoftext|>	7.297048
178	1	<|endoftext|>	0.0
178	2	The	4.729281
178	3	Ġvisitor	16.203449
178	4	Ġsaid	8.439651
178	5	Ġthat	3.431256
178	6	Ġmy	11.684873
178	7	Ġfriend	5.874244
178	8	Ġsaid	5.905752
178	9	Ġher	8.485838
178	10	Ġmother	5.251657
178	11	Ġknew	8.143345
178	12	Ġthe	4.199614
178	13	Ġclerk	11.490064
178	14	Ġstated	14.930452
178	15	Ġthe	4.80128
178	16	Ġhuman	13.488993
178	17	Ġresources	6.466934
178	18	Ġofficer	4.98944
178	19	Ġtalked	10.81429
178	20	Ġwith	4.157375
178	21	Ġthe	1.956192
178	22	Ġnew	10.968012
178	23	Ġmanager	4.70417
178	24	Ġin	5.704511
178	25	Ġher	5.696345
178	26	Ġoffice	2.053285
178	27	.	1.687332
178	28	<|endoftext|>	7.195531
179	1	<|endoftext|>	0.0
179	2	The	4.729281
179	3	Ġvisitor	16.203449
179	4	Ġsaid	8.439651
179	5	Ġwho	13.040117
179	6	Ġmy	12.718439
179	7	Ġfriend	3.999325
179	8	Ġsaid	7.103884
179	9	Ġher	9.601036
179	10	Ġmother	5.945414
179	11	Ġknew	7.344894
179	12	Ġthe	6.406453
179	13	Ġclerk	11.40872
179	14	Ġstated	14.249552
179	15	Ġthe	4.7625
179	16	Ġhuman	13.379549
179	17	Ġresources	6.132523
179	18	Ġofficer	4.518663
179	19	Ġtalked	10.361624
179	20	Ġwith	3.974143
179	21	Ġin	11.420975
179	22	Ġher	4.192775
179	23	Ġoffice	3.187701
179	24	.	2.146323
179	25	<|endoftext|>	6.141511
180	1	<|endoftext|>	0.0
180	2	The	4.729281
180	3	Ġvisitor	16.203449
180	4	Ġsaid	8.439651
180	5	Ġwho	13.040117
180	6	Ġmy	12.718439
180	7	Ġfriend	3.999325
180	8	Ġsaid	7.103884
180	9	Ġher	9.601036
180	10	Ġmother	5.945414
180	11	Ġknew	7.344894
180	12	Ġthe	6.406453
180	13	Ġclerk	11.40872
180	14	Ġstated	14.249552
180	15	Ġthe	4.7625
180	16	Ġhuman	13.379549
180	17	Ġresources	6.132523
180	18	Ġofficer	4.518663
180	19	Ġtalked	10.361624
180	20	Ġwith	3.974143
180	21	Ġthe	2.24965
180	22	Ġnew	11.243138
180	23	Ġmanager	4.583467
180	24	Ġin	5.775846
180	25	Ġher	5.351009
180	26	Ġoffice	2.070807
180	27	.	1.754215
180	28	<|endoftext|>	6.07142
181	1	<|endoftext|>	0.0
181	2	I	5.770367
181	3	Ġknow	5.545733
181	4	Ġthat	2.74974
181	5	Ġthe	4.424285
181	6	Ġfive	12.329183
181	7	Ġstar	8.28926
181	8	Ġgeneral	7.698359
181	9	Ġfound	11.465447
181	10	Ġin	4.374046
181	11	Ġthe	1.781357
181	12	Ġoffice	11.121655
181	13	.	8.498084
181	14	<|endoftext|>	9.566558
182	1	<|endoftext|>	0.0
182	2	I	5.770362
182	3	Ġknow	5.545699
182	4	Ġthat	2.74972
182	5	Ġthe	4.424218
182	6	Ġfive	12.329161
182	7	Ġstar	8.289238
182	8	Ġgeneral	7.698365
182	9	Ġfound	11.465499
182	10	Ġa	3.381122
182	11	Ġgun	10.976696
182	12	Ġin	2.619628
182	13	Ġthe	2.180285
182	14	Ġoffice	6.859639
182	15	.	4.15252
182	16	<|endoftext|>	10.279898
183	1	<|endoftext|>	0.0
183	2	I	5.770367
183	3	Ġknow	5.545733
183	4	Ġwhat	4.510479
183	5	Ġthe	6.346878
183	6	Ġfive	12.229418
183	7	Ġstar	8.173291
183	8	Ġgeneral	7.644707
183	9	Ġfound	11.188455
183	10	Ġin	4.219401
183	11	Ġthe	2.494398
183	12	Ġoffice	11.069395
183	13	.	2.894134
183	14	<|endoftext|>	9.965008
184	1	<|endoftext|>	0.0
184	2	I	5.770362
184	3	Ġknow	5.545699
184	4	Ġwhat	4.510481
184	5	Ġthe	6.346903
184	6	Ġfive	12.22939
184	7	Ġstar	8.173309
184	8	Ġgeneral	7.644744
184	9	Ġfound	11.188424
184	10	Ġa	8.335358
184	11	Ġgun	14.127911
184	12	Ġin	4.576277
184	13	Ġthe	2.758439
184	14	Ġoffice	7.716958
184	15	.	2.792306
184	16	<|endoftext|>	9.262608
185	1	<|endoftext|>	0.0
185	2	I	5.770357
185	3	Ġknow	5.545684
185	4	Ġthat	2.749692
185	5	Ġthe	4.424222
185	6	Ġwoman	11.400281
185	7	Ġbelieved	13.858618
185	8	Ġthe	4.316414
185	9	Ġfive	12.654904
185	10	Ġstar	9.210143
185	11	Ġgeneral	6.428302
185	12	Ġfound	11.363207
185	13	Ġin	3.967574
185	14	Ġthe	1.611198
185	15	Ġoffice	10.742742
185	16	.	5.096781
185	17	<|endoftext|>	10.156025
186	1	<|endoftext|>	0.0
186	2	I	5.770357
186	3	Ġknow	5.545684
186	4	Ġthat	2.749692
186	5	Ġthe	4.424222
186	6	Ġwoman	11.400281
186	7	Ġbelieved	13.858618
186	8	Ġthe	4.316414
186	9	Ġfive	12.654904
186	10	Ġstar	9.210143
186	11	Ġgeneral	6.428302
186	12	Ġfound	11.363207
186	13	Ġa	3.51868
186	14	Ġgun	9.516883
186	15	Ġin	2.280317
186	16	Ġthe	2.470983
186	17	Ġoffice	7.30641
186	18	.	3.172497
186	19	<|endoftext|>	10.34472
187	1	<|endoftext|>	0.0
187	2	I	5.770357
187	3	Ġknow	5.545684
187	4	Ġwhat	4.510475
187	5	Ġthe	6.346905
187	6	Ġwoman	10.994295
187	7	Ġbelieved	13.859077
187	8	Ġthe	8.286888
187	9	Ġfive	13.672574
187	10	Ġstar	10.473071
187	11	Ġgeneral	6.060456
187	12	Ġfound	10.62326
187	13	Ġin	4.605889
187	14	Ġthe	2.31926
187	15	Ġoffice	10.163113
187	16	.	2.604342
187	17	<|endoftext|>	9.867242
188	1	<|endoftext|>	0.0
188	2	I	5.770357
188	3	Ġknow	5.545684
188	4	Ġwhat	4.510475
188	5	Ġthe	6.346905
188	6	Ġwoman	10.994295
188	7	Ġbelieved	13.859077
188	8	Ġthe	8.286888
188	9	Ġfive	13.672574
188	10	Ġstar	10.473071
188	11	Ġgeneral	6.060456
188	12	Ġfound	10.62326
188	13	Ġa	7.414782
188	14	Ġgun	10.774942
188	15	Ġin	2.480277
188	16	Ġthe	2.736813
188	17	Ġoffice	7.374203
188	18	.	2.697495
188	19	<|endoftext|>	9.299377
189	1	<|endoftext|>	0.0
189	2	I	5.770357
189	3	Ġknow	5.545684
189	4	Ġthat	2.749692
189	5	Ġthe	4.424222
189	6	Ġwoman	11.400281
189	7	Ġbelieved	13.858618
189	8	Ġthe	4.316414
189	9	Ġsecretary	14.906408
189	10	Ġsaid	7.817749
189	11	Ġthe	4.131567
189	12	Ġfive	11.707631
189	13	Ġstar	9.621397
189	14	Ġgeneral	6.407555
189	15	Ġfound	11.397843
189	16	Ġin	5.92183
189	17	Ġthe	1.709782
189	18	Ġoffice	8.031817
189	19	.	5.721279
189	20	<|endoftext|>	9.930206
190	1	<|endoftext|>	0.0
190	2	I	5.770357
190	3	Ġknow	5.545684
190	4	Ġthat	2.749692
190	5	Ġthe	4.424222
190	6	Ġwoman	11.400281
190	7	Ġbelieved	13.858618
190	8	Ġthe	4.316414
190	9	Ġsecretary	14.906408
190	10	Ġsaid	7.817749
190	11	Ġthe	4.131567
190	12	Ġfive	11.707631
190	13	Ġstar	9.621397
190	14	Ġgeneral	6.407555
190	15	Ġfound	11.397843
190	16	Ġa	3.78088
190	17	Ġgun	9.540975
190	18	Ġin	2.253514
190	19	Ġthe	2.030851
190	20	Ġoffice	5.646652
190	21	.	2.984932
190	22	<|endoftext|>	10.132381
191	1	<|endoftext|>	0.0
191	2	I	5.770357
191	3	Ġknow	5.545684
191	4	Ġwhat	4.510475
191	5	Ġthe	6.346905
191	6	Ġwoman	10.994295
191	7	Ġbelieved	13.859077
191	8	Ġthe	8.286888
191	9	Ġsecretary	14.441471
191	10	Ġsaid	3.615656
191	11	Ġthe	8.479874
191	12	Ġfive	12.528779
191	13	Ġstar	10.424891
191	14	Ġgeneral	5.541757
191	15	Ġfound	10.263892
191	16	Ġin	4.302349
191	17	Ġthe	2.06746
191	18	Ġoffice	7.771979
191	19	.	2.710637
191	20	<|endoftext|>	9.032793
192	1	<|endoftext|>	0.0
192	2	I	5.770357
192	3	Ġknow	5.545684
192	4	Ġwhat	4.510475
192	5	Ġthe	6.346905
192	6	Ġwoman	10.994295
192	7	Ġbelieved	13.859077
192	8	Ġthe	8.286888
192	9	Ġsecretary	14.441471
192	10	Ġsaid	3.615656
192	11	Ġthe	8.479874
192	12	Ġfive	12.528779
192	13	Ġstar	10.424891
192	14	Ġgeneral	5.541757
192	15	Ġfound	10.263892
192	16	Ġa	5.914516
192	17	Ġgun	10.400064
192	18	Ġin	2.103707
192	19	Ġthe	2.306998
192	20	Ġoffice	5.723967
192	21	.	2.802927
192	22	<|endoftext|>	8.906213
193	1	<|endoftext|>	0.0
193	2	I	5.770357
193	3	Ġknow	5.545684
193	4	Ġthat	2.749692
193	5	Ġthe	4.424222
193	6	Ġwoman	11.400281
193	7	Ġbelieved	13.858618
193	8	Ġthe	4.316414
193	9	Ġsecretary	14.906408
193	10	Ġsaid	7.817749
193	11	Ġher	6.658187
193	12	Ġfriend	8.654998
193	13	Ġrecalled	14.273578
193	14	Ġthe	2.860451
193	15	Ġfive	11.637419
193	16	Ġstar	11.68885
193	17	Ġgeneral	7.292456
193	18	Ġfound	12.180985
193	19	Ġin	2.195262
193	20	Ġthe	1.827217
193	21	Ġoffice	7.337804
193	22	.	2.442587
193	23	<|endoftext|>	10.149049
194	1	<|endoftext|>	0.0
194	2	I	5.770357
194	3	Ġknow	5.545684
194	4	Ġthat	2.749692
194	5	Ġthe	4.424222
194	6	Ġwoman	11.400281
194	7	Ġbelieved	13.858618
194	8	Ġthe	4.316414
194	9	Ġsecretary	14.906408
194	10	Ġsaid	7.817749
194	11	Ġher	6.658187
194	12	Ġfriend	8.654998
194	13	Ġrecalled	14.273578
194	14	Ġthe	2.860451
194	15	Ġfive	11.637419
194	16	Ġstar	11.68885
194	17	Ġgeneral	7.292456
194	18	Ġfound	12.180985
194	19	Ġa	7.006979
194	20	Ġgun	6.188506
194	21	Ġin	1.682191
194	22	Ġthe	2.292836
194	23	Ġoffice	6.124449
194	24	.	2.605021
194	25	<|endoftext|>	10.281516
195	1	<|endoftext|>	0.0
195	2	I	5.770357
195	3	Ġknow	5.545684
195	4	Ġwhat	4.510475
195	5	Ġthe	6.346905
195	6	Ġwoman	10.994295
195	7	Ġbelieved	13.859077
195	8	Ġthe	8.286888
195	9	Ġsecretary	14.441471
195	10	Ġsaid	3.615656
195	11	Ġher	10.387621
195	12	Ġfriend	7.644106
195	13	Ġrecalled	14.249069
195	14	Ġthe	4.918251
195	15	Ġfive	11.570873
195	16	Ġstar	11.646627
195	17	Ġgeneral	6.837798
195	18	Ġfound	11.105525
195	19	Ġin	2.074642
195	20	Ġthe	2.012471
195	21	Ġoffice	7.21287
195	22	.	2.265915
195	23	<|endoftext|>	8.971618
196	1	<|endoftext|>	0.0
196	2	I	5.770357
196	3	Ġknow	5.545684
196	4	Ġwhat	4.510475
196	5	Ġthe	6.346905
196	6	Ġwoman	10.994295
196	7	Ġbelieved	13.859077
196	8	Ġthe	8.286888
196	9	Ġsecretary	14.441471
196	10	Ġsaid	3.615656
196	11	Ġher	10.387621
196	12	Ġfriend	7.644106
196	13	Ġrecalled	14.249069
196	14	Ġthe	4.918251
196	15	Ġfive	11.570873
196	16	Ġstar	11.646627
196	17	Ġgeneral	6.837798
196	18	Ġfound	11.105525
196	19	Ġa	6.889926
196	20	Ġgun	6.749899
196	21	Ġin	1.588487
196	22	Ġthe	2.480105
196	23	Ġoffice	6.082345
196	24	.	2.67179
196	25	<|endoftext|>	8.989325
197	1	<|endoftext|>	0.0
197	2	I	5.770357
197	3	Ġknow	5.545684
197	4	Ġthat	2.749692
197	5	Ġthe	4.424222
197	6	Ġwoman	11.400281
197	7	Ġbelieved	13.858618
197	8	Ġthe	4.316414
197	9	Ġsecretary	14.906408
197	10	Ġsaid	7.817749
197	11	Ġher	6.658187
197	12	Ġfriend	8.654998
197	13	Ġrecalled	14.273578
197	14	Ġthe	2.860451
197	15	Ġfive	11.637419
197	16	Ġstar	11.68885
197	17	Ġgeneral	7.292456
197	18	Ġfound	12.180985
197	19	Ġin	2.195262
197	20	Ġthe	1.827217
197	21	Ġoffice	7.337804
197	22	.	2.442587
197	23	<|endoftext|>	10.149049
198	1	<|endoftext|>	0.0
198	2	I	5.770357
198	3	Ġknow	5.545684
198	4	Ġthat	2.749692
198	5	Ġthe	4.424222
198	6	Ġwoman	11.400281
198	7	Ġbelieved	13.858618
198	8	Ġthe	4.316414
198	9	Ġsecretary	14.906408
198	10	Ġsaid	7.817749
198	11	Ġher	6.658187
198	12	Ġfriend	8.654998
198	13	Ġrecalled	14.273578
198	14	Ġthe	2.860451
198	15	Ġfive	11.637419
198	16	Ġstar	11.68885
198	17	Ġgeneral	7.292456
198	18	Ġfound	12.180985
198	19	Ġa	7.006979
198	20	Ġgun	6.188506
198	21	Ġin	1.682191
198	22	Ġthe	2.292836
198	23	Ġoffice	6.124449
198	24	.	2.605021
198	25	<|endoftext|>	10.281516
199	1	<|endoftext|>	0.0
199	2	I	5.770357
199	3	Ġknow	5.545684
199	4	Ġwhat	4.510475
199	5	Ġthe	6.346905
199	6	Ġwoman	10.994295
199	7	Ġbelieved	13.859077
199	8	Ġthe	8.286888
199	9	Ġsecretary	14.441471
199	10	Ġsaid	3.615656
199	11	Ġher	10.387621
199	12	Ġfriend	7.644106
199	13	Ġrecalled	14.249069
199	14	Ġthe	4.918251
199	15	Ġfive	11.570873
199	16	Ġstar	11.646627
199	17	Ġgeneral	6.837798
199	18	Ġfound	11.105525
199	19	Ġin	2.074642
199	20	Ġthe	2.012471
199	21	Ġoffice	7.21287
199	22	.	2.265915
199	23	<|endoftext|>	8.971618
200	1	<|endoftext|>	0.0
200	2	I	5.770357
200	3	Ġknow	5.545684
200	4	Ġwhat	4.510475
200	5	Ġthe	6.346905
200	6	Ġwoman	10.994295
200	7	Ġbelieved	13.859077
200	8	Ġthe	8.286888
200	9	Ġsecretary	14.441471
200	10	Ġsaid	3.615656
200	11	Ġher	10.387621
200	12	Ġfriend	7.644106
200	13	Ġrecalled	14.249069
200	14	Ġthe	4.918251
200	15	Ġfive	11.570873
200	16	Ġstar	11.646627
200	17	Ġgeneral	6.837798
200	18	Ġfound	11.105525
200	19	Ġa	6.889926
200	20	Ġgun	6.749899
200	21	Ġin	1.588487
200	22	Ġthe	2.480105
200	23	Ġoffice	6.082345
200	24	.	2.67179
200	25	<|endoftext|>	8.989325
201	1	<|endoftext|>	0.0
201	2	The	4.729313
201	3	Ġcolleagues	17.642399
201	4	Ġrealized	11.204221
201	5	Ġthat	0.804776
201	6	Ġthe	2.524012
201	7	Ġjournalist	17.244433
201	8	Ġdiscovered	12.046636
201	9	Ġtwo	6.984173
201	10	Ġweeks	9.513134
201	11	Ġago	2.577864
201	12	.	7.567121
201	13	<|endoftext|>	8.364525
202	1	<|endoftext|>	0.0
202	2	The	4.729313
202	3	Ġcolleagues	17.642399
202	4	Ġrealized	11.204233
202	5	Ġthat	0.804776
202	6	Ġthe	2.524012
202	7	Ġjournalist	17.244435
202	8	Ġdiscovered	12.046624
202	9	Ġthe	2.449247
202	10	Ġbribery	15.62853
202	11	Ġtwo	11.502718
202	12	Ġweeks	1.846992
202	13	Ġago	3.165289
202	14	.	2.409842
202	15	<|endoftext|>	7.433969
203	1	<|endoftext|>	0.0
203	2	The	4.729313
203	3	Ġcolleagues	17.642399
203	4	Ġrealized	11.204221
203	5	Ġwhat	7.354524
203	6	Ġthe	4.219663
203	7	Ġjournalist	14.967067
203	8	Ġdiscovered	10.981222
203	9	Ġtwo	9.501532
203	10	Ġweeks	2.232134
203	11	Ġago	2.129462
203	12	.	2.521134
203	13	<|endoftext|>	9.113181
204	1	<|endoftext|>	0.0
204	2	The	4.729313
204	3	Ġcolleagues	17.642399
204	4	Ġrealized	11.204233
204	5	Ġwhat	7.354524
204	6	Ġthe	4.219663
204	7	Ġjournalist	14.967064
204	8	Ġdiscovered	10.981217
204	9	Ġthe	7.682841
204	10	Ġbribery	22.88297
204	11	Ġtwo	13.280386
204	12	Ġweeks	2.537025
204	13	Ġago	1.952781
204	14	.	2.025349
204	15	<|endoftext|>	8.44243
205	1	<|endoftext|>	0.0
205	2	The	4.729286
205	3	Ġcolleagues	17.642399
205	4	Ġrealized	11.204317
205	5	Ġthat	0.804747
205	6	Ġher	10.184078
205	7	Ġmother	7.857604
205	8	Ġstated	15.5877
205	9	Ġthe	5.023876
205	10	Ġjournalist	16.048909
205	11	Ġdiscovered	15.015053
205	12	Ġtwo	7.72103
205	13	Ġweeks	9.120212
205	14	Ġago	2.398054
205	15	.	6.283941
205	16	<|endoftext|>	7.184497
206	1	<|endoftext|>	0.0
206	2	The	4.729281
206	3	Ġcolleagues	17.642412
206	4	Ġrealized	11.204305
206	5	Ġthat	0.804744
206	6	Ġher	10.18407
206	7	Ġmother	7.857597
206	8	Ġstated	15.587679
206	9	Ġthe	5.023906
206	10	Ġjournalist	16.048928
206	11	Ġdiscovered	15.015042
206	12	Ġthe	2.054773
206	13	Ġbribery	15.105323
206	14	Ġtwo	10.653108
206	15	Ġweeks	1.777406
206	16	Ġago	2.768739
206	17	.	1.752392
206	18	<|endoftext|>	6.644905
207	1	<|endoftext|>	0.0
207	2	The	4.729286
207	3	Ġcolleagues	17.642399
207	4	Ġrealized	11.204317
207	5	Ġwhat	7.354617
207	6	Ġher	11.354403
207	7	Ġmother	6.757258
207	8	Ġstated	15.206853
207	9	Ġthe	7.285528
207	10	Ġjournalist	13.187716
207	11	Ġdiscovered	11.923426
207	12	Ġtwo	8.768346
207	13	Ġweeks	1.824126
207	14	Ġago	2.122361
207	15	.	2.111771
207	16	<|endoftext|>	8.514066
208	1	<|endoftext|>	0.0
208	2	The	4.729281
208	3	Ġcolleagues	17.642412
208	4	Ġrealized	11.204305
208	5	Ġwhat	7.354625
208	6	Ġher	11.35443
208	7	Ġmother	6.75726
208	8	Ġstated	15.206863
208	9	Ġthe	7.285528
208	10	Ġjournalist	13.187701
208	11	Ġdiscovered	11.923444
208	12	Ġthe	7.051935
208	13	Ġbribery	22.223965
208	14	Ġtwo	11.871279
208	15	Ġweeks	2.0729
208	16	Ġago	2.014759
208	17	.	1.473609
208	18	<|endoftext|>	7.538462
209	1	<|endoftext|>	0.0
209	2	The	4.729281
209	3	Ġcolleagues	17.642412
209	4	Ġrealized	11.204305
209	5	Ġthat	0.804744
209	6	Ġher	10.18407
209	7	Ġmother	7.857597
209	8	Ġstated	15.587679
209	9	Ġa	6.166036
209	10	Ġfriend	11.207676
209	11	Ġsaid	6.96687
209	12	Ġthe	4.194724
209	13	Ġjournalist	13.080026
209	14	Ġdiscovered	14.550492
209	15	Ġtwo	8.058719
209	16	Ġweeks	9.382551
209	17	Ġago	1.76978
209	18	.	4.515848
209	19	<|endoftext|>	7.283031
210	1	<|endoftext|>	0.0
210	2	The	4.729281
210	3	Ġcolleagues	17.642412
210	4	Ġrealized	11.204305
210	5	Ġthat	0.804744
210	6	Ġher	10.18407
210	7	Ġmother	7.857597
210	8	Ġstated	15.587679
210	9	Ġa	6.166036
210	10	Ġfriend	11.207676
210	11	Ġsaid	6.96687
210	12	Ġthe	4.194724
210	13	Ġjournalist	13.080026
210	14	Ġdiscovered	14.550492
210	15	Ġthe	2.232024
210	16	Ġbribery	15.540355
210	17	Ġtwo	10.859184
210	18	Ġweeks	1.870567
210	19	Ġago	2.025291
210	20	.	1.303329
210	21	<|endoftext|>	6.888257
211	1	<|endoftext|>	0.0
211	2	The	4.729281
211	3	Ġcolleagues	17.642412
211	4	Ġrealized	11.204305
211	5	Ġwhat	7.354625
211	6	Ġher	11.35443
211	7	Ġmother	6.75726
211	8	Ġstated	15.206863
211	9	Ġa	7.692276
211	10	Ġfriend	9.33774
211	11	Ġsaid	3.62609
211	12	Ġthe	6.882232
211	13	Ġjournalist	13.021047
211	14	Ġdiscovered	12.444605
211	15	Ġtwo	7.743154
211	16	Ġweeks	1.888229
211	17	Ġago	1.54131
211	18	.	1.757281
211	19	<|endoftext|>	8.101397
212	1	<|endoftext|>	0.0
212	2	The	4.729281
212	3	Ġcolleagues	17.642412
212	4	Ġrealized	11.204305
212	5	Ġwhat	7.354625
212	6	Ġher	11.35443
212	7	Ġmother	6.75726
212	8	Ġstated	15.206863
212	9	Ġa	7.692276
212	10	Ġfriend	9.33774
212	11	Ġsaid	3.62609
212	12	Ġthe	6.882232
212	13	Ġjournalist	13.021047
212	14	Ġdiscovered	12.444605
212	15	Ġthe	6.30692
212	16	Ġbribery	19.881739
212	17	Ġtwo	11.087605
212	18	Ġweeks	1.926808
212	19	Ġago	1.612515
212	20	.	1.189096
212	21	<|endoftext|>	7.369819
213	1	<|endoftext|>	0.0
213	2	The	4.729281
213	3	Ġcolleagues	17.642412
213	4	Ġrealized	11.204305
213	5	Ġthat	0.804744
213	6	Ġher	10.18407
213	7	Ġmother	7.857597
213	8	Ġstated	15.587679
213	9	Ġa	6.166036
213	10	Ġfriend	11.207676
213	11	Ġsaid	6.96687
213	12	Ġher	4.667976
213	13	Ġhusband	5.283374
213	14	Ġknew	8.479701
213	15	Ġthe	3.928005
213	16	Ġjournalist	11.985732
213	17	Ġdiscovered	16.693331
213	18	Ġtwo	9.059038
213	19	Ġweeks	7.220463
213	20	Ġago	2.067713
213	21	.	1.955423
213	22	<|endoftext|>	7.19301
214	1	<|endoftext|>	0.0
214	2	The	4.729281
214	3	Ġcolleagues	17.642412
214	4	Ġrealized	11.204305
214	5	Ġthat	0.804744
214	6	Ġher	10.18407
214	7	Ġmother	7.857597
214	8	Ġstated	15.587679
214	9	Ġa	6.166036
214	10	Ġfriend	11.207676
214	11	Ġsaid	6.96687
214	12	Ġher	4.667976
214	13	Ġhusband	5.283374
214	14	Ġknew	8.479701
214	15	Ġthe	3.928005
214	16	Ġjournalist	11.985732
214	17	Ġdiscovered	16.693331
214	18	Ġthe	1.798739
214	19	Ġbribery	14.387998
214	20	Ġtwo	11.078284
214	21	Ġweeks	1.828887
214	22	Ġago	2.037624
214	23	.	0.947047
214	24	<|endoftext|>	6.860338
215	1	<|endoftext|>	0.0
215	2	The	4.729281
215	3	Ġcolleagues	17.642412
215	4	Ġrealized	11.204305
215	5	Ġwhat	7.354625
215	6	Ġher	11.35443
215	7	Ġmother	6.75726
215	8	Ġstated	15.206863
215	9	Ġa	7.692276
215	10	Ġfriend	9.33774
215	11	Ġsaid	3.62609
215	12	Ġher	7.716851
215	13	Ġhusband	5.385666
215	14	Ġknew	8.005448
215	15	Ġthe	7.717812
215	16	Ġjournalist	12.834362
215	17	Ġdiscovered	13.980887
215	18	Ġtwo	8.604619
215	19	Ġweeks	2.250714
215	20	Ġago	1.71203
215	21	.	1.239476
215	22	<|endoftext|>	7.780259
216	1	<|endoftext|>	0.0
216	2	The	4.729281
216	3	Ġcolleagues	17.642412
216	4	Ġrealized	11.204305
216	5	Ġwhat	7.354625
216	6	Ġher	11.35443
216	7	Ġmother	6.75726
216	8	Ġstated	15.206863
216	9	Ġa	7.692276
216	10	Ġfriend	9.33774
216	11	Ġsaid	3.62609
216	12	Ġher	7.716851
216	13	Ġhusband	5.385666
216	14	Ġknew	8.005448
216	15	Ġthe	7.717812
216	16	Ġjournalist	12.834362
216	17	Ġdiscovered	13.980887
216	18	Ġthe	5.404124
216	19	Ġbribery	16.130399
216	20	Ġtwo	10.899208
216	21	Ġweeks	1.845499
216	22	Ġago	1.64088
216	23	.	0.948922
216	24	<|endoftext|>	7.238049
217	1	<|endoftext|>	0.0
217	2	The	4.729281
217	3	Ġcolleagues	17.642412
217	4	Ġrealized	11.204305
217	5	Ġthat	0.804744
217	6	Ġher	10.18407
217	7	Ġmother	7.857597
217	8	Ġstated	15.587679
217	9	Ġa	6.166036
217	10	Ġfriend	11.207676
217	11	Ġsaid	6.96687
217	12	Ġher	4.667976
217	13	Ġhusband	5.283374
217	14	Ġknew	8.479701
217	15	Ġthe	3.928005
217	16	Ġjournalist	11.985732
217	17	Ġdiscovered	16.693331
217	18	Ġtwo	9.059038
217	19	Ġweeks	7.220463
217	20	Ġago	2.067713
217	21	.	1.955423
217	22	<|endoftext|>	7.19301
218	1	<|endoftext|>	0.0
218	2	The	4.729281
218	3	Ġcolleagues	17.642412
218	4	Ġrealized	11.204305
218	5	Ġthat	0.804744
218	6	Ġher	10.18407
218	7	Ġmother	7.857597
218	8	Ġstated	15.587679
218	9	Ġa	6.166036
218	10	Ġfriend	11.207676
218	11	Ġsaid	6.96687
218	12	Ġher	4.667976
218	13	Ġhusband	5.283374
218	14	Ġknew	8.479701
218	15	Ġthe	3.928005
218	16	Ġjournalist	11.985732
218	17	Ġdiscovered	16.693331
218	18	Ġthe	1.798739
218	19	Ġbribery	14.387998
218	20	Ġtwo	11.078284
218	21	Ġweeks	1.828887
218	22	Ġago	2.037624
218	23	.	0.947047
218	24	<|endoftext|>	6.860338
219	1	<|endoftext|>	0.0
219	2	The	4.729281
219	3	Ġcolleagues	17.642412
219	4	Ġrealized	11.204305
219	5	Ġwhat	7.354625
219	6	Ġher	11.35443
219	7	Ġmother	6.75726
219	8	Ġstated	15.206863
219	9	Ġa	7.692276
219	10	Ġfriend	9.33774
219	11	Ġsaid	3.62609
219	12	Ġher	7.716851
219	13	Ġhusband	5.385666
219	14	Ġknew	8.005448
219	15	Ġthe	7.717812
219	16	Ġjournalist	12.834362
219	17	Ġdiscovered	13.980887
219	18	Ġtwo	8.604619
219	19	Ġweeks	2.250714
219	20	Ġago	1.71203
219	21	.	1.239476
219	22	<|endoftext|>	7.780259
220	1	<|endoftext|>	0.0
220	2	The	4.729281
220	3	Ġcolleagues	17.642412
220	4	Ġrealized	11.204305
220	5	Ġwhat	7.354625
220	6	Ġher	11.35443
220	7	Ġmother	6.75726
220	8	Ġstated	15.206863
220	9	Ġa	7.692276
220	10	Ġfriend	9.33774
220	11	Ġsaid	3.62609
220	12	Ġher	7.716851
220	13	Ġhusband	5.385666
220	14	Ġknew	8.005448
220	15	Ġthe	7.717812
220	16	Ġjournalist	12.834362
220	17	Ġdiscovered	13.980887
220	18	Ġthe	5.404124
220	19	Ġbribery	16.130399
220	20	Ġtwo	10.899208
220	21	Ġweeks	1.845499
220	22	Ġago	1.64088
220	23	.	0.948922
220	24	<|endoftext|>	7.238049
221	1	<|endoftext|>	0.0
221	2	The	4.729313
221	3	Ġaccountant	17.404727
221	4	Ġknew	11.172439
221	5	Ġthat	3.15952
221	6	Ġthe	3.286567
221	7	Ġsecretary	10.903615
221	8	Ġintroduced	16.756471
221	9	Ġto	7.342553
221	10	Ġher	2.540119
221	11	Ġfriend	10.74471
221	12	.	7.333152
221	13	<|endoftext|>	8.888612
222	1	<|endoftext|>	0.0
222	2	The	4.729286
222	3	Ġaccountant	17.404738
222	4	Ġknew	11.172463
222	5	Ġthat	3.159516
222	6	Ġthe	3.286527
222	7	Ġsecretary	10.903637
222	8	Ġintroduced	16.756457
222	9	Ġthe	2.690834
222	10	Ġnew	4.989621
222	11	Ġwoman	11.868201
222	12	Ġto	2.090579
222	13	Ġher	3.188619
222	14	Ġfriend	7.336238
222	15	.	3.035603
222	16	<|endoftext|>	9.127897
223	1	<|endoftext|>	0.0
223	2	The	4.729313
223	3	Ġaccountant	17.404727
223	4	Ġknew	11.172439
223	5	Ġwho	6.720238
223	6	Ġthe	3.722297
223	7	Ġsecretary	9.646869
223	8	Ġintroduced	17.397442
223	9	Ġto	1.504537
223	10	Ġher	2.372561
223	11	Ġfriend	10.450853
223	12	.	2.842732
223	13	<|endoftext|>	9.003772
224	1	<|endoftext|>	0.0
224	2	The	4.729286
224	3	Ġaccountant	17.404738
224	4	Ġknew	11.172463
224	5	Ġwho	6.720267
224	6	Ġthe	3.722281
224	7	Ġsecretary	9.646893
224	8	Ġintroduced	17.397476
224	9	Ġthe	6.993955
224	10	Ġnew	4.90055
224	11	Ġwoman	8.475256
224	12	Ġto	0.985114
224	13	Ġher	6.198435
224	14	Ġfriend	8.27837
224	15	.	2.243086
224	16	<|endoftext|>	8.568907
225	1	<|endoftext|>	0.0
225	2	The	4.729281
225	3	Ġaccountant	17.404752
225	4	Ġknew	11.172476
225	5	Ġthat	3.159513
225	6	Ġthe	3.286527
225	7	Ġsecurity	9.894432
225	8	Ġguard	5.114324
225	9	Ġbelieved	10.467175
225	10	Ġthe	2.914264
225	11	Ġsecretary	10.962909
225	12	Ġintroduced	16.674114
225	13	Ġto	7.689285
225	14	Ġher	2.675634
225	15	Ġfriend	10.115554
225	16	.	6.278132
225	17	<|endoftext|>	8.689618
226	1	<|endoftext|>	0.0
226	2	The	4.729281
226	3	Ġaccountant	17.404752
226	4	Ġknew	11.172476
226	5	Ġthat	3.159513
226	6	Ġthe	3.286527
226	7	Ġsecurity	9.894432
226	8	Ġguard	5.114324
226	9	Ġbelieved	10.467175
226	10	Ġthe	2.914264
226	11	Ġsecretary	10.962909
226	12	Ġintroduced	16.674114
226	13	Ġthe	2.941595
226	14	Ġnew	6.945719
226	15	Ġwoman	8.260665
226	16	Ġto	1.28804
226	17	Ġher	3.310729
226	18	Ġfriend	6.753163
226	19	.	2.330087
226	20	<|endoftext|>	8.445661
227	1	<|endoftext|>	0.0
227	2	The	4.729281
227	3	Ġaccountant	17.404752
227	4	Ġknew	11.172476
227	5	Ġwho	6.720252
227	6	Ġthe	3.722274
227	7	Ġsecurity	11.106115
227	8	Ġguard	2.785809
227	9	Ġbelieved	10.889756
227	10	Ġthe	7.108552
227	11	Ġsecretary	10.798069
227	12	Ġintroduced	17.594611
227	13	Ġto	1.05419
227	14	Ġher	2.659673
227	15	Ġfriend	10.564044
227	16	.	2.076348
227	17	<|endoftext|>	8.293695
228	1	<|endoftext|>	0.0
228	2	The	4.729281
228	3	Ġaccountant	17.404752
228	4	Ġknew	11.172476
228	5	Ġwho	6.720252
228	6	Ġthe	3.722274
228	7	Ġsecurity	11.106115
228	8	Ġguard	2.785809
228	9	Ġbelieved	10.889756
228	10	Ġthe	7.108552
228	11	Ġsecretary	10.798069
228	12	Ġintroduced	17.594611
228	13	Ġthe	6.953531
228	14	Ġnew	6.889665
228	15	Ġwoman	6.857386
228	16	Ġto	0.842029
228	17	Ġher	6.063828
228	18	Ġfriend	7.81423
228	19	.	1.799527
228	20	<|endoftext|>	7.818357
229	1	<|endoftext|>	0.0
229	2	The	4.729281
229	3	Ġaccountant	17.404752
229	4	Ġknew	11.172476
229	5	Ġthat	3.159513
229	6	Ġthe	3.286527
229	7	Ġsecurity	9.894432
229	8	Ġguard	5.114324
229	9	Ġbelieved	10.467175
229	10	Ġhis	3.799361
229	11	Ġfriend	5.544072
229	12	Ġknew	8.490382
229	13	Ġthe	2.973696
229	14	Ġsecretary	10.429681
229	15	Ġintroduced	18.280782
229	16	Ġto	4.202264
229	17	Ġher	3.002977
229	18	Ġfriend	9.27472
229	19	.	3.24175
229	20	<|endoftext|>	8.367575
230	1	<|endoftext|>	0.0
230	2	The	4.729281
230	3	Ġaccountant	17.404752
230	4	Ġknew	11.172476
230	5	Ġthat	3.159513
230	6	Ġthe	3.286527
230	7	Ġsecurity	9.894432
230	8	Ġguard	5.114324
230	9	Ġbelieved	10.467175
230	10	Ġhis	3.799361
230	11	Ġfriend	5.544072
230	12	Ġknew	8.490382
230	13	Ġthe	2.973696
230	14	Ġsecretary	10.429681
230	15	Ġintroduced	18.280782
230	16	Ġthe	3.577877
230	17	Ġnew	7.448087
230	18	Ġwoman	7.097779
230	19	Ġto	1.0626
230	20	Ġher	3.514077
230	21	Ġfriend	5.604385
230	22	.	1.746448
230	23	<|endoftext|>	7.96169
231	1	<|endoftext|>	0.0
231	2	The	4.729281
231	3	Ġaccountant	17.404752
231	4	Ġknew	11.172476
231	5	Ġwho	6.720252
231	6	Ġthe	3.722274
231	7	Ġsecurity	11.106115
231	8	Ġguard	2.785809
231	9	Ġbelieved	10.889756
231	10	Ġhis	9.152388
231	11	Ġfriend	4.933108
231	12	Ġknew	10.450632
231	13	Ġthe	6.647697
231	14	Ġsecretary	10.63522
231	15	Ġintroduced	17.482438
231	16	Ġto	2.626875
231	17	Ġher	2.903476
231	18	Ġfriend	9.224044
231	19	.	2.430762
231	20	<|endoftext|>	7.709167
232	1	<|endoftext|>	0.0
232	2	The	4.729281
232	3	Ġaccountant	17.404752
232	4	Ġknew	11.172476
232	5	Ġwho	6.720252
232	6	Ġthe	3.722274
232	7	Ġsecurity	11.106115
232	8	Ġguard	2.785809
232	9	Ġbelieved	10.889756
232	10	Ġhis	9.152388
232	11	Ġfriend	4.933108
232	12	Ġknew	10.450632
232	13	Ġthe	6.647697
232	14	Ġsecretary	10.63522
232	15	Ġintroduced	17.482438
232	16	Ġthe	4.873294
232	17	Ġnew	7.470776
232	18	Ġwoman	6.578587
232	19	Ġto	0.916851
232	20	Ġher	3.9162
232	21	Ġfriend	5.834279
232	22	.	1.767486
232	23	<|endoftext|>	7.19108
233	1	<|endoftext|>	0.0
233	2	The	4.729281
233	3	Ġaccountant	17.404752
233	4	Ġknew	11.172476
233	5	Ġthat	3.159513
233	6	Ġthe	3.286527
233	7	Ġsecurity	9.894432
233	8	Ġguard	5.114324
233	9	Ġbelieved	10.467175
233	10	Ġhis	3.799361
233	11	Ġfriend	5.544072
233	12	Ġknew	8.490382
233	13	Ġthe	2.973696
233	14	Ġassistant	13.108494
233	15	Ġreported	13.993773
233	16	Ġthe	2.770692
233	17	Ġsecretary	13.956926
233	18	Ġintroduced	16.928203
233	19	Ġto	5.055069
233	20	Ġher	3.064002
233	21	Ġfriend	7.575523
233	22	.	2.715194
233	23	<|endoftext|>	7.827021
234	1	<|endoftext|>	0.0
234	2	The	4.729281
234	3	Ġaccountant	17.404752
234	4	Ġknew	11.172476
234	5	Ġthat	3.159513
234	6	Ġthe	3.286527
234	7	Ġsecurity	9.894432
234	8	Ġguard	5.114324
234	9	Ġbelieved	10.467175
234	10	Ġhis	3.799361
234	11	Ġfriend	5.544072
234	12	Ġknew	8.490382
234	13	Ġthe	2.973696
234	14	Ġassistant	13.108494
234	15	Ġreported	13.993773
234	16	Ġthe	2.770692
234	17	Ġsecretary	13.956926
234	18	Ġintroduced	16.928203
234	19	Ġthe	3.044947
234	20	Ġnew	7.896387
234	21	Ġwoman	7.014224
234	22	Ġto	1.06275
234	23	Ġher	3.435021
234	24	Ġfriend	5.352714
234	25	.	1.683985
234	26	<|endoftext|>	7.474675
235	1	<|endoftext|>	0.0
235	2	The	4.729281
235	3	Ġaccountant	17.404752
235	4	Ġknew	11.172476
235	5	Ġwho	6.720252
235	6	Ġthe	3.722274
235	7	Ġsecurity	11.106115
235	8	Ġguard	2.785809
235	9	Ġbelieved	10.889756
235	10	Ġhis	9.152388
235	11	Ġfriend	4.933108
235	12	Ġknew	10.450632
235	13	Ġthe	6.647697
235	14	Ġassistant	13.969845
235	15	Ġreported	13.09455
235	16	Ġthe	3.276673
235	17	Ġsecretary	14.027329
235	18	Ġintroduced	16.724157
235	19	Ġto	4.027039
235	20	Ġher	2.817019
235	21	Ġfriend	7.621232
235	22	.	2.534574
235	23	<|endoftext|>	6.979491
236	1	<|endoftext|>	0.0
236	2	The	4.729281
236	3	Ġaccountant	17.404752
236	4	Ġknew	11.172476
236	5	Ġwho	6.720252
236	6	Ġthe	3.722274
236	7	Ġsecurity	11.106115
236	8	Ġguard	2.785809
236	9	Ġbelieved	10.889756
236	10	Ġhis	9.152388
236	11	Ġfriend	4.933108
236	12	Ġknew	10.450632
236	13	Ġthe	6.647697
236	14	Ġassistant	13.969845
236	15	Ġreported	13.09455
236	16	Ġthe	3.276673
236	17	Ġsecretary	14.027329
236	18	Ġintroduced	16.724157
236	19	Ġthe	3.536231
236	20	Ġnew	7.812418
236	21	Ġwoman	6.600358
236	22	Ġto	0.9962
236	23	Ġher	3.564294
236	24	Ġfriend	5.309395
236	25	.	1.798934
236	26	<|endoftext|>	6.59976
237	1	<|endoftext|>	0.0
237	2	The	4.729281
237	3	Ġaccountant	17.404752
237	4	Ġknew	11.172476
237	5	Ġthat	3.159513
237	6	Ġthe	3.286527
237	7	Ġsecurity	9.894432
237	8	Ġguard	5.114324
237	9	Ġbelieved	10.467175
237	10	Ġhis	3.799361
237	11	Ġfriend	5.544072
237	12	Ġknew	8.490382
237	13	Ġthe	2.973696
237	14	Ġassistant	13.108494
237	15	Ġreported	13.993773
237	16	Ġthe	2.770692
237	17	Ġsecretary	13.956926
237	18	Ġintroduced	16.928203
237	19	Ġto	5.055069
237	20	Ġher	3.064002
237	21	Ġfriend	7.575523
237	22	.	2.715194
237	23	<|endoftext|>	7.827021
238	1	<|endoftext|>	0.0
238	2	The	4.729281
238	3	Ġaccountant	17.404752
238	4	Ġknew	11.172476
238	5	Ġthat	3.159513
238	6	Ġthe	3.286527
238	7	Ġsecurity	9.894432
238	8	Ġguard	5.114324
238	9	Ġbelieved	10.467175
238	10	Ġhis	3.799361
238	11	Ġfriend	5.544072
238	12	Ġknew	8.490382
238	13	Ġthe	2.973696
238	14	Ġassistant	13.108494
238	15	Ġreported	13.993773
238	16	Ġthe	2.770692
238	17	Ġsecretary	13.956926
238	18	Ġintroduced	16.928203
238	19	Ġthe	3.044947
238	20	Ġnew	7.896387
238	21	Ġwoman	7.014224
238	22	Ġto	1.06275
238	23	Ġher	3.435021
238	24	Ġfriend	5.352714
238	25	.	1.683985
238	26	<|endoftext|>	7.474675
239	1	<|endoftext|>	0.0
239	2	The	4.729281
239	3	Ġaccountant	17.404752
239	4	Ġknew	11.172476
239	5	Ġwho	6.720252
239	6	Ġthe	3.722274
239	7	Ġsecurity	11.106115
239	8	Ġguard	2.785809
239	9	Ġbelieved	10.889756
239	10	Ġhis	9.152388
239	11	Ġfriend	4.933108
239	12	Ġknew	10.450632
239	13	Ġthe	6.647697
239	14	Ġassistant	13.969845
239	15	Ġreported	13.09455
239	16	Ġthe	3.276673
239	17	Ġsecretary	14.027329
239	18	Ġintroduced	16.724157
239	19	Ġto	4.027039
239	20	Ġher	2.817019
239	21	Ġfriend	7.621232
239	22	.	2.534574
239	23	<|endoftext|>	6.979491
240	1	<|endoftext|>	0.0
240	2	The	4.729281
240	3	Ġaccountant	17.404752
240	4	Ġknew	11.172476
240	5	Ġwho	6.720252
240	6	Ġthe	3.722274
240	7	Ġsecurity	11.106115
240	8	Ġguard	2.785809
240	9	Ġbelieved	10.889756
240	10	Ġhis	9.152388
240	11	Ġfriend	4.933108
240	12	Ġknew	10.450632
240	13	Ġthe	6.647697
240	14	Ġassistant	13.969845
240	15	Ġreported	13.09455
240	16	Ġthe	3.276673
240	17	Ġsecretary	14.027329
240	18	Ġintroduced	16.724157
240	19	Ġthe	3.536231
240	20	Ġnew	7.812418
240	21	Ġwoman	6.600358
240	22	Ġto	0.9962
240	23	Ġher	3.564294
240	24	Ġfriend	5.309395
240	25	.	1.798934
240	26	<|endoftext|>	6.59976
241	1	<|endoftext|>	0.0
241	2	She	9.588393
241	3	Ġsaid	4.521497
241	4	Ġthat	3.621307
241	5	Ġthe	3.436636
241	6	Ġreporter	13.142478
241	7	Ġput	10.298071
241	8	Ġon	4.522805
241	9	Ġthe	2.582456
241	10	Ġtable	12.034233
241	11	.	7.618742
241	12	<|endoftext|>	7.645866
242	1	<|endoftext|>	0.0
242	2	She	9.588393
242	3	Ġsaid	4.521497
242	4	Ġthat	3.621296
242	5	Ġthe	3.436636
242	6	Ġreporter	13.142478
242	7	Ġput	10.298058
242	8	Ġthe	3.267326
242	9	Ġmicrophone	8.640816
242	10	Ġon	2.572446
242	11	Ġthe	2.423405
242	12	Ġtable	3.273823
242	13	.	3.949327
242	14	<|endoftext|>	7.301618
243	1	<|endoftext|>	0.0
243	2	She	9.588393
243	3	Ġsaid	4.521497
243	4	Ġwhat	9.346815
243	5	Ġthe	5.267573
243	6	Ġreporter	10.140089
243	7	Ġput	11.521422
243	8	Ġon	3.582915
243	9	Ġthe	2.342472
243	10	Ġtable	3.696605
243	11	.	6.261203
243	12	<|endoftext|>	7.56971
244	1	<|endoftext|>	0.0
244	2	She	9.588393
244	3	Ġsaid	4.521497
244	4	Ġwhat	9.346815
244	5	Ġthe	5.267573
244	6	Ġreporter	10.140088
244	7	Ġput	11.521418
244	8	Ġthe	7.044086
244	9	Ġmicrophone	9.977293
244	10	Ġon	3.108841
244	11	Ġthe	6.997686
244	12	Ġtable	3.307594
244	13	.	3.487228
244	14	<|endoftext|>	7.202522
245	1	<|endoftext|>	0.0
245	2	She	9.588393
245	3	Ġsaid	4.521497
245	4	Ġthat	3.621307
245	5	Ġthe	3.436636
245	6	Ġpolitician	12.374208
245	7	Ġstated	12.393547
245	8	Ġthe	5.378442
245	9	Ġreporter	12.807476
245	10	Ġput	10.821586
245	11	Ġon	4.790374
245	12	Ġthe	2.545168
245	13	Ġtable	10.769021
245	14	.	6.670382
245	15	<|endoftext|>	5.69605
246	1	<|endoftext|>	0.0
246	2	She	9.588377
246	3	Ġsaid	4.52147
246	4	Ġthat	3.621318
246	5	Ġthe	3.436685
246	6	Ġpolitician	12.374226
246	7	Ġstated	12.393569
246	8	Ġthe	5.378435
246	9	Ġreporter	12.807408
246	10	Ġput	10.821622
246	11	Ġthe	3.046985
246	12	Ġmicrophone	8.369036
246	13	Ġon	2.740907
246	14	Ġthe	2.25688
246	15	Ġtable	3.27091
246	16	.	3.365399
246	17	<|endoftext|>	5.725023
247	1	<|endoftext|>	0.0
247	2	She	9.588393
247	3	Ġsaid	4.521497
247	4	Ġwhat	9.346815
247	5	Ġthe	5.267573
247	6	Ġpolitician	10.942238
247	7	Ġstated	11.693494
247	8	Ġthe	8.72298
247	9	Ġreporter	8.959289
247	10	Ġput	11.494569
247	11	Ġon	4.293404
247	12	Ġthe	2.701962
247	13	Ġtable	5.43933
247	14	.	3.236868
247	15	<|endoftext|>	5.698709
248	1	<|endoftext|>	0.0
248	2	She	9.588377
248	3	Ġsaid	4.52147
248	4	Ġwhat	9.346815
248	5	Ġthe	5.267554
248	6	Ġpolitician	10.94228
248	7	Ġstated	11.693559
248	8	Ġthe	8.722996
248	9	Ġreporter	8.959309
248	10	Ġput	11.494538
248	11	Ġthe	6.138336
248	12	Ġmicrophone	9.576531
248	13	Ġon	3.931481
248	14	Ġthe	5.595751
248	15	Ġtable	2.428385
248	16	.	1.901052
248	17	<|endoftext|>	5.500834
249	1	<|endoftext|>	0.0
249	2	She	9.588377
249	3	Ġsaid	4.52147
249	4	Ġthat	3.621318
249	5	Ġthe	3.436685
249	6	Ġpolitician	12.374226
249	7	Ġstated	12.393569
249	8	Ġhis	5.838821
249	9	Ġpress	14.765171
249	10	Ġsecretary	4.348313
249	11	Ġsaid	4.557756
249	12	Ġthe	3.800537
249	13	Ġreporter	8.30207
249	14	Ġput	10.633447
249	15	Ġon	5.018494
249	16	Ġthe	2.185989
249	17	Ġtable	10.2062
249	18	.	6.677985
249	19	<|endoftext|>	5.440525
250	1	<|endoftext|>	0.0
250	2	She	9.588377
250	3	Ġsaid	4.52147
250	4	Ġthat	3.621318
250	5	Ġthe	3.436685
250	6	Ġpolitician	12.374226
250	7	Ġstated	12.393569
250	8	Ġhis	5.838821
250	9	Ġpress	14.765171
250	10	Ġsecretary	4.348313
250	11	Ġsaid	4.557756
250	12	Ġthe	3.800537
250	13	Ġreporter	8.30207
250	14	Ġput	10.633447
250	15	Ġthe	2.558851
250	16	Ġmicrophone	9.452122
250	17	Ġon	2.702868
250	18	Ġthe	2.165918
250	19	Ġtable	2.996899
250	20	.	2.754646
250	21	<|endoftext|>	5.417327
251	1	<|endoftext|>	0.0
251	2	She	9.588377
251	3	Ġsaid	4.52147
251	4	Ġwhat	9.346815
251	5	Ġthe	5.267554
251	6	Ġpolitician	10.94228
251	7	Ġstated	11.693559
251	8	Ġhis	11.357407
251	9	Ġpress	13.405852
251	10	Ġsecretary	1.899337
251	11	Ġsaid	2.043272
251	12	Ġthe	7.01536
251	13	Ġreporter	6.594021
251	14	Ġput	10.906179
251	15	Ġon	3.384665
251	16	Ġthe	2.501215
251	17	Ġtable	7.997351
251	18	.	2.602252
251	19	<|endoftext|>	5.619172
252	1	<|endoftext|>	0.0
252	2	She	9.588377
252	3	Ġsaid	4.52147
252	4	Ġwhat	9.346815
252	5	Ġthe	5.267554
252	6	Ġpolitician	10.94228
252	7	Ġstated	11.693559
252	8	Ġhis	11.357407
252	9	Ġpress	13.405852
252	10	Ġsecretary	1.899337
252	11	Ġsaid	2.043272
252	12	Ġthe	7.01536
252	13	Ġreporter	6.594021
252	14	Ġput	10.906179
252	15	Ġthe	5.40881
252	16	Ġmicrophone	8.807421
252	17	Ġon	3.434203
252	18	Ġthe	3.627451
252	19	Ġtable	2.759322
252	20	.	2.062842
252	21	<|endoftext|>	5.42214
253	1	<|endoftext|>	0.0
253	2	She	9.588377
253	3	Ġsaid	4.52147
253	4	Ġthat	3.621318
253	5	Ġthe	3.436685
253	6	Ġpolitician	12.374226
253	7	Ġstated	12.393569
253	8	Ġhis	5.838821
253	9	Ġpress	14.765171
253	10	Ġsecretary	4.348313
253	11	Ġsaid	4.557756
253	12	Ġthe	3.800537
253	13	Ġchief	9.965674
253	14	Ġof	3.555527
253	15	Ġstaff	1.342877
253	16	Ġthought	10.339543
253	17	Ġthe	2.409328
253	18	Ġreporter	8.571435
253	19	Ġput	10.679998
253	20	Ġon	4.998162
253	21	Ġthe	1.936427
253	22	Ġtable	11.096253
253	23	.	5.584568
253	24	<|endoftext|>	4.869621
254	1	<|endoftext|>	0.0
254	2	She	9.588377
254	3	Ġsaid	4.52147
254	4	Ġthat	3.621318
254	5	Ġthe	3.436685
254	6	Ġpolitician	12.374226
254	7	Ġstated	12.393569
254	8	Ġhis	5.838821
254	9	Ġpress	14.765171
254	10	Ġsecretary	4.348313
254	11	Ġsaid	4.557756
254	12	Ġthe	3.800537
254	13	Ġchief	9.965674
254	14	Ġof	3.555527
254	15	Ġstaff	1.342877
254	16	Ġthought	10.339543
254	17	Ġthe	2.409328
254	18	Ġreporter	8.571435
254	19	Ġput	10.679998
254	20	Ġthe	2.346547
254	21	Ġmicrophone	10.23292
254	22	Ġon	2.640749
254	23	Ġthe	2.627258
254	24	Ġtable	3.831895
254	25	.	2.219847
254	26	<|endoftext|>	4.892351
255	1	<|endoftext|>	0.0
255	2	She	9.588377
255	3	Ġsaid	4.52147
255	4	Ġwhat	9.346815
255	5	Ġthe	5.267554
255	6	Ġpolitician	10.94228
255	7	Ġstated	11.693559
255	8	Ġhis	11.357407
255	9	Ġpress	13.405852
255	10	Ġsecretary	1.899337
255	11	Ġsaid	2.043272
255	12	Ġthe	7.01536
255	13	Ġchief	9.506047
255	14	Ġof	2.181597
255	15	Ġstaff	1.11671
255	16	Ġthought	8.961204
255	17	Ġthe	4.588614
255	18	Ġreporter	8.379659
255	19	Ġput	10.763785
255	20	Ġon	4.393913
255	21	Ġthe	2.074459
255	22	Ġtable	10.189679
255	23	.	3.043328
255	24	<|endoftext|>	4.822006
256	1	<|endoftext|>	0.0
256	2	She	9.588377
256	3	Ġsaid	4.52147
256	4	Ġwhat	9.346815
256	5	Ġthe	5.267554
256	6	Ġpolitician	10.94228
256	7	Ġstated	11.693559
256	8	Ġhis	11.357407
256	9	Ġpress	13.405852
256	10	Ġsecretary	1.899337
256	11	Ġsaid	2.043272
256	12	Ġthe	7.01536
256	13	Ġchief	9.506047
256	14	Ġof	2.181597
256	15	Ġstaff	1.11671
256	16	Ġthought	8.961204
256	17	Ġthe	4.588614
256	18	Ġreporter	8.379659
256	19	Ġput	10.763785
256	20	Ġthe	2.870659
256	21	Ġmicrophone	9.925075
256	22	Ġon	3.140845
256	23	Ġthe	3.192982
256	24	Ġtable	3.67946
256	25	.	1.84652
256	26	<|endoftext|>	4.783143
257	1	<|endoftext|>	0.0
257	2	She	9.588377
257	3	Ġsaid	4.52147
257	4	Ġthat	3.621318
257	5	Ġthe	3.436685
257	6	Ġpolitician	12.374226
257	7	Ġstated	12.393569
257	8	Ġhis	5.838821
257	9	Ġpress	14.765171
257	10	Ġsecretary	4.348313
257	11	Ġsaid	4.557756
257	12	Ġthe	3.800537
257	13	Ġchief	9.965674
257	14	Ġof	3.555527
257	15	Ġstaff	1.342877
257	16	Ġthought	10.339543
257	17	Ġthe	2.409328
257	18	Ġreporter	8.571435
257	19	Ġput	10.679998
257	20	Ġon	4.998162
257	21	Ġthe	1.936427
257	22	Ġtable	11.096253
257	23	.	5.584568
257	24	<|endoftext|>	4.869621
258	1	<|endoftext|>	0.0
258	2	She	9.588377
258	3	Ġsaid	4.52147
258	4	Ġthat	3.621318
258	5	Ġthe	3.436685
258	6	Ġpolitician	12.374226
258	7	Ġstated	12.393569
258	8	Ġhis	5.838821
258	9	Ġpress	14.765171
258	10	Ġsecretary	4.348313
258	11	Ġsaid	4.557756
258	12	Ġthe	3.800537
258	13	Ġchief	9.965674
258	14	Ġof	3.555527
258	15	Ġstaff	1.342877
258	16	Ġthought	10.339543
258	17	Ġthe	2.409328
258	18	Ġreporter	8.571435
258	19	Ġput	10.679998
258	20	Ġthe	2.346547
258	21	Ġmicrophone	10.23292
258	22	Ġon	2.640749
258	23	Ġthe	2.627258
258	24	Ġtable	3.831895
258	25	.	2.219847
258	26	<|endoftext|>	4.892351
259	1	<|endoftext|>	0.0
259	2	She	9.588377
259	3	Ġsaid	4.52147
259	4	Ġwhat	9.346815
259	5	Ġthe	5.267554
259	6	Ġpolitician	10.94228
259	7	Ġstated	11.693559
259	8	Ġhis	11.357407
259	9	Ġpress	13.405852
259	10	Ġsecretary	1.899337
259	11	Ġsaid	2.043272
259	12	Ġthe	7.01536
259	13	Ġchief	9.506047
259	14	Ġof	2.181597
259	15	Ġstaff	1.11671
259	16	Ġthought	8.961204
259	17	Ġthe	4.588614
259	18	Ġreporter	8.379659
259	19	Ġput	10.763785
259	20	Ġon	4.393913
259	21	Ġthe	2.074459
259	22	Ġtable	10.189679
259	23	.	3.043328
259	24	<|endoftext|>	4.822006
260	1	<|endoftext|>	0.0
260	2	She	9.588377
260	3	Ġsaid	4.52147
260	4	Ġwhat	9.346815
260	5	Ġthe	5.267554
260	6	Ġpolitician	10.94228
260	7	Ġstated	11.693559
260	8	Ġhis	11.357407
260	9	Ġpress	13.405852
260	10	Ġsecretary	1.899337
260	11	Ġsaid	2.043272
260	12	Ġthe	7.01536
260	13	Ġchief	9.506047
260	14	Ġof	2.181597
260	15	Ġstaff	1.11671
260	16	Ġthought	8.961204
260	17	Ġthe	4.588614
260	18	Ġreporter	8.379659
260	19	Ġput	10.763785
260	20	Ġthe	2.870659
260	21	Ġmicrophone	9.925075
260	22	Ġon	3.140845
260	23	Ġthe	3.192982
260	24	Ġtable	3.67946
260	25	.	1.84652
260	26	<|endoftext|>	4.783143
261	1	<|endoftext|>	0.0
261	2	We	7.155782
261	3	Ġall	5.001739
261	4	Ġknow	0.90108
261	5	Ġthat	1.582208
261	6	Ġthe	3.68202
261	7	Ġteacher	14.537095
261	8	Ġgave	10.242605
261	9	Ġto	8.976022
261	10	Ġher	3.368114
261	11	Ġstudents	2.17125
261	12	.	4.227136
261	13	<|endoftext|>	10.40982
262	1	<|endoftext|>	0.0
262	2	We	7.155782
262	3	Ġall	5.001739
262	4	Ġknow	0.901091
262	5	Ġthat	1.582208
262	6	Ġthe	3.68202
262	7	Ġteacher	14.537095
262	8	Ġgave	10.242606
262	9	Ġa	3.022187
262	10	Ġtest	9.322105
262	11	Ġto	2.73119
262	12	Ġher	4.406256
262	13	Ġstudents	1.102421
262	14	.	2.530195
262	15	<|endoftext|>	11.14147
263	1	<|endoftext|>	0.0
263	2	We	7.155782
263	3	Ġall	5.001739
263	4	Ġknow	0.90108
263	5	Ġwhat	3.935052
263	6	Ġthe	4.24262
263	7	Ġteacher	14.011113
263	8	Ġgave	9.887025
263	9	Ġto	3.422432
263	10	Ġher	3.255021
263	11	Ġstudents	2.357464
263	12	.	1.590599
263	13	<|endoftext|>	10.307153
264	1	<|endoftext|>	0.0
264	2	We	7.155782
264	3	Ġall	5.001739
264	4	Ġknow	0.901091
264	5	Ġwhat	3.935052
264	6	Ġthe	4.24262
264	7	Ġteacher	14.01108
264	8	Ġgave	9.887021
264	9	Ġa	7.789151
264	10	Ġtest	8.545706
264	11	Ġto	2.867614
264	12	Ġher	6.219654
264	13	Ġstudents	1.363908
264	14	.	1.539427
264	15	<|endoftext|>	10.573883
265	1	<|endoftext|>	0.0
265	2	We	7.155761
265	3	Ġall	5.001796
265	4	Ġknow	0.901057
265	5	Ġthat	1.582244
265	6	Ġthe	3.681979
265	7	Ġold	9.188593
265	8	Ġman	6.222298
265	9	Ġthinks	9.045807
265	10	Ġthe	3.884146
265	11	Ġteacher	12.595841
265	12	Ġgave	9.13054
265	13	Ġto	9.367563
265	14	Ġher	5.616224
265	15	Ġstudents	8.869554
265	16	.	3.606631
265	17	<|endoftext|>	10.656113
266	1	<|endoftext|>	0.0
266	2	We	7.155761
266	3	Ġall	5.001796
266	4	Ġknow	0.901057
266	5	Ġthat	1.582244
266	6	Ġthe	3.681979
266	7	Ġold	9.188593
266	8	Ġman	6.222298
266	9	Ġthinks	9.045807
266	10	Ġthe	3.884146
266	11	Ġteacher	12.595841
266	12	Ġgave	9.13054
266	13	Ġa	4.039216
266	14	Ġtest	9.966084
266	15	Ġto	3.630684
266	16	Ġher	7.197587
266	17	Ġstudents	5.522115
266	18	.	1.539635
266	19	<|endoftext|>	10.744417
267	1	<|endoftext|>	0.0
267	2	We	7.155761
267	3	Ġall	5.001796
267	4	Ġknow	0.901057
267	5	Ġwhat	3.935055
267	6	Ġthe	4.242649
267	7	Ġold	9.150085
267	8	Ġman	6.466228
267	9	Ġthinks	4.987725
267	10	Ġthe	8.073834
267	11	Ġteacher	12.829512
267	12	Ġgave	9.073335
267	13	Ġto	3.349946
267	14	Ġher	4.189808
267	15	Ġstudents	6.715006
267	16	.	1.186614
267	17	<|endoftext|>	10.441531
268	1	<|endoftext|>	0.0
268	2	We	7.155761
268	3	Ġall	5.001796
268	4	Ġknow	0.901057
268	5	Ġwhat	3.935055
268	6	Ġthe	4.242649
268	7	Ġold	9.150085
268	8	Ġman	6.466228
268	9	Ġthinks	4.987725
268	10	Ġthe	8.073834
268	11	Ġteacher	12.829512
268	12	Ġgave	9.073335
268	13	Ġa	7.608072
268	14	Ġtest	9.323464
268	15	Ġto	3.251194
268	16	Ġher	7.035155
268	17	Ġstudents	4.443533
268	18	.	1.197495
268	19	<|endoftext|>	10.426864
269	1	<|endoftext|>	0.0
269	2	We	7.155761
269	3	Ġall	5.001796
269	4	Ġknow	0.901057
269	5	Ġthat	1.582244
269	6	Ġthe	3.681979
269	7	Ġold	9.188593
269	8	Ġman	6.222298
269	9	Ġthinks	9.045807
269	10	Ġthe	3.884146
269	11	Ġwoman	8.067024
269	12	Ġknows	8.319061
269	13	Ġthe	4.178934
269	14	Ġteacher	13.162722
269	15	Ġgave	14.057079
269	16	Ġto	7.663586
269	17	Ġher	1.776392
269	18	Ġstudents	10.462518
269	19	.	1.566019
269	20	<|endoftext|>	10.800505
270	1	<|endoftext|>	0.0
270	2	We	7.155761
270	3	Ġall	5.001796
270	4	Ġknow	0.901057
270	5	Ġthat	1.582244
270	6	Ġthe	3.681979
270	7	Ġold	9.188593
270	8	Ġman	6.222298
270	9	Ġthinks	9.045807
270	10	Ġthe	3.884146
270	11	Ġwoman	8.067024
270	12	Ġknows	8.319061
270	13	Ġthe	4.178934
270	14	Ġteacher	13.162722
270	15	Ġgave	14.057079
270	16	Ġa	4.858689
270	17	Ġtest	9.955404
270	18	Ġto	4.107057
270	19	Ġher	2.746118
270	20	Ġstudents	7.122365
270	21	.	1.318981
270	22	<|endoftext|>	10.784114
271	1	<|endoftext|>	0.0
271	2	We	7.155761
271	3	Ġall	5.001796
271	4	Ġknow	0.901057
271	5	Ġwhat	3.935055
271	6	Ġthe	4.242649
271	7	Ġold	9.150085
271	8	Ġman	6.466228
271	9	Ġthinks	4.987725
271	10	Ġthe	8.073834
271	11	Ġwoman	9.232328
271	12	Ġknows	9.751128
271	13	Ġthe	6.699828
271	14	Ġteacher	14.056791
271	15	Ġgave	12.060825
271	16	Ġto	4.273658
271	17	Ġher	1.433008
271	18	Ġstudents	9.985333
271	19	.	1.132737
271	20	<|endoftext|>	10.336276
272	1	<|endoftext|>	0.0
272	2	We	7.155761
272	3	Ġall	5.001796
272	4	Ġknow	0.901057
272	5	Ġwhat	3.935055
272	6	Ġthe	4.242649
272	7	Ġold	9.150085
272	8	Ġman	6.466228
272	9	Ġthinks	4.987725
272	10	Ġthe	8.073834
272	11	Ġwoman	9.232328
272	12	Ġknows	9.751128
272	13	Ġthe	6.699828
272	14	Ġteacher	14.056791
272	15	Ġgave	12.060825
272	16	Ġa	5.706766
272	17	Ġtest	10.270559
272	18	Ġto	3.431655
272	19	Ġher	3.499616
272	20	Ġstudents	6.328137
272	21	.	1.258442
272	22	<|endoftext|>	10.222943
273	1	<|endoftext|>	0.0
273	2	We	7.155761
273	3	Ġall	5.001796
273	4	Ġknow	0.901057
273	5	Ġthat	1.582244
273	6	Ġthe	3.681979
273	7	Ġold	9.188593
273	8	Ġman	6.222298
273	9	Ġthinks	9.045807
273	10	Ġthe	3.884146
273	11	Ġwoman	8.067024
273	12	Ġknows	8.319061
273	13	Ġthe	4.178934
273	14	Ġyoung	9.740372
273	15	Ġboy	7.262623
273	16	Ġsaid	13.710509
273	17	Ġthe	2.518457
273	18	Ġteacher	11.705573
273	19	Ġgave	7.465471
273	20	Ġto	8.240944
273	21	Ġher	2.322994
273	22	Ġstudents	11.404053
273	23	.	1.843747
273	24	<|endoftext|>	10.463372
274	1	<|endoftext|>	0.0
274	2	We	7.155761
274	3	Ġall	5.001796
274	4	Ġknow	0.901057
274	5	Ġthat	1.582244
274	6	Ġthe	3.681979
274	7	Ġold	9.188593
274	8	Ġman	6.222298
274	9	Ġthinks	9.045807
274	10	Ġthe	3.884146
274	11	Ġwoman	8.067024
274	12	Ġknows	8.319061
274	13	Ġthe	4.178934
274	14	Ġyoung	9.740372
274	15	Ġboy	7.262623
274	16	Ġsaid	13.710509
274	17	Ġthe	2.518457
274	18	Ġteacher	11.705573
274	19	Ġgave	7.465471
274	20	Ġa	4.358946
274	21	Ġtest	9.647147
274	22	Ġto	3.815605
274	23	Ġher	3.631894
274	24	Ġstudents	8.244438
274	25	.	1.14224
274	26	<|endoftext|>	10.325324
275	1	<|endoftext|>	0.0
275	2	We	7.155761
275	3	Ġall	5.001796
275	4	Ġknow	0.901057
275	5	Ġwhat	3.935055
275	6	Ġthe	4.242649
275	7	Ġold	9.150085
275	8	Ġman	6.466228
275	9	Ġthinks	4.987725
275	10	Ġthe	8.073834
275	11	Ġwoman	9.232328
275	12	Ġknows	9.751128
275	13	Ġthe	6.699828
275	14	Ġyoung	8.562592
275	15	Ġboy	7.412667
275	16	Ġsaid	12.478757
275	17	Ġthe	3.831424
275	18	Ġteacher	12.417032
275	19	Ġgave	7.471591
275	20	Ġto	6.195982
275	21	Ġher	2.146116
275	22	Ġstudents	10.518306
275	23	.	1.272714
275	24	<|endoftext|>	9.973721
276	1	<|endoftext|>	0.0
276	2	We	7.155761
276	3	Ġall	5.001796
276	4	Ġknow	0.901057
276	5	Ġwhat	3.935055
276	6	Ġthe	4.242649
276	7	Ġold	9.150085
276	8	Ġman	6.466228
276	9	Ġthinks	4.987725
276	10	Ġthe	8.073834
276	11	Ġwoman	9.232328
276	12	Ġknows	9.751128
276	13	Ġthe	6.699828
276	14	Ġyoung	8.562592
276	15	Ġboy	7.412667
276	16	Ġsaid	12.478757
276	17	Ġthe	3.831424
276	18	Ġteacher	12.417032
276	19	Ġgave	7.471591
276	20	Ġa	4.656184
276	21	Ġtest	9.549375
276	22	Ġto	3.380809
276	23	Ġher	3.970818
276	24	Ġstudents	7.145791
276	25	.	1.136699
276	26	<|endoftext|>	9.887738
277	1	<|endoftext|>	0.0
277	2	We	7.155761
277	3	Ġall	5.001796
277	4	Ġknow	0.901057
277	5	Ġthat	1.582244
277	6	Ġthe	3.681979
277	7	Ġold	9.188593
277	8	Ġman	6.222298
277	9	Ġthinks	9.045807
277	10	Ġthe	3.884146
277	11	Ġwoman	8.067024
277	12	Ġknows	8.319061
277	13	Ġthe	4.178934
277	14	Ġyoung	9.740372
277	15	Ġboy	7.262623
277	16	Ġsaid	13.710509
277	17	Ġthe	2.518457
277	18	Ġteacher	11.705573
277	19	Ġgave	7.465471
277	20	Ġto	8.240944
277	21	Ġher	2.322994
277	22	Ġstudents	11.404053
277	23	.	1.843747
277	24	<|endoftext|>	10.463372
278	1	<|endoftext|>	0.0
278	2	We	7.155761
278	3	Ġall	5.001796
278	4	Ġknow	0.901057
278	5	Ġthat	1.582244
278	6	Ġthe	3.681979
278	7	Ġold	9.188593
278	8	Ġman	6.222298
278	9	Ġthinks	9.045807
278	10	Ġthe	3.884146
278	11	Ġwoman	8.067024
278	12	Ġknows	8.319061
278	13	Ġthe	4.178934
278	14	Ġyoung	9.740372
278	15	Ġboy	7.262623
278	16	Ġsaid	13.710509
278	17	Ġthe	2.518457
278	18	Ġteacher	11.705573
278	19	Ġgave	7.465471
278	20	Ġa	4.358946
278	21	Ġtest	9.647147
278	22	Ġto	3.815605
278	23	Ġher	3.631894
278	24	Ġstudents	8.244438
278	25	.	1.14224
278	26	<|endoftext|>	10.325324
279	1	<|endoftext|>	0.0
279	2	We	7.155761
279	3	Ġall	5.001796
279	4	Ġknow	0.901057
279	5	Ġwhat	3.935055
279	6	Ġthe	4.242649
279	7	Ġold	9.150085
279	8	Ġman	6.466228
279	9	Ġthinks	4.987725
279	10	Ġthe	8.073834
279	11	Ġwoman	9.232328
279	12	Ġknows	9.751128
279	13	Ġthe	6.699828
279	14	Ġyoung	8.562592
279	15	Ġboy	7.412667
279	16	Ġsaid	12.478757
279	17	Ġthe	3.831424
279	18	Ġteacher	12.417032
279	19	Ġgave	7.471591
279	20	Ġto	6.195982
279	21	Ġher	2.146116
279	22	Ġstudents	10.518306
279	23	.	1.272714
279	24	<|endoftext|>	9.973721
280	1	<|endoftext|>	0.0
280	2	We	7.155761
280	3	Ġall	5.001796
280	4	Ġknow	0.901057
280	5	Ġwhat	3.935055
280	6	Ġthe	4.242649
280	7	Ġold	9.150085
280	8	Ġman	6.466228
280	9	Ġthinks	4.987725
280	10	Ġthe	8.073834
280	11	Ġwoman	9.232328
280	12	Ġknows	9.751128
280	13	Ġthe	6.699828
280	14	Ġyoung	8.562592
280	15	Ġboy	7.412667
280	16	Ġsaid	12.478757
280	17	Ġthe	3.831424
280	18	Ġteacher	12.417032
280	19	Ġgave	7.471591
280	20	Ġa	4.656184
280	21	Ġtest	9.549375
280	22	Ġto	3.380809
280	23	Ġher	3.970818
280	24	Ġstudents	7.145791
280	25	.	1.136699
280	26	<|endoftext|>	9.887738
281	1	<|endoftext|>	0.0
281	2	I	5.770367
281	3	Ġknow	5.545733
281	4	Ġthat	2.749727
281	5	Ġthe	4.424285
281	6	Ġpriest	15.331257
281	7	Ġcongratulated	17.671142
281	8	Ġafter	13.518901
281	9	Ġthe	2.663177
281	10	Ġservice	6.47901
281	11	.	3.30412
281	12	<|endoftext|>	9.337047
282	1	<|endoftext|>	0.0
282	2	I	5.770367
282	3	Ġknow	5.545733
282	4	Ġthat	2.74974
282	5	Ġthe	4.424285
282	6	Ġpriest	15.331268
282	7	Ġcongratulated	17.67114
282	8	Ġthe	3.68724
282	9	Ġcouple	7.123596
282	10	Ġafter	6.269014
282	11	Ġthe	2.887499
282	12	Ġservice	6.885402
282	13	.	2.175427
282	14	<|endoftext|>	9.361753
283	1	<|endoftext|>	0.0
283	2	I	5.770367
283	3	Ġknow	5.545733
283	4	Ġwho	8.366532
283	5	Ġthe	5.844098
283	6	Ġpriest	14.573504
283	7	Ġcongratulated	19.733842
283	8	Ġafter	8.750175
283	9	Ġthe	2.961847
283	10	Ġservice	7.223444
283	11	.	1.541539
283	12	<|endoftext|>	8.464407
284	1	<|endoftext|>	0.0
284	2	I	5.770367
284	3	Ġknow	5.545733
284	4	Ġwho	8.366545
284	5	Ġthe	5.844098
284	6	Ġpriest	14.573503
284	7	Ġcongratulated	19.733826
284	8	Ġthe	5.392645
284	9	Ġcouple	7.535547
284	10	Ġafter	7.228618
284	11	Ġthe	2.906506
284	12	Ġservice	7.312349
284	13	.	1.220047
284	14	<|endoftext|>	8.45691
285	1	<|endoftext|>	0.0
285	2	I	5.770367
285	3	Ġknow	5.545733
285	4	Ġthat	2.749727
285	5	Ġthe	4.424285
285	6	Ġman	9.193518
285	7	Ġthinks	11.691302
285	8	Ġthe	4.863965
285	9	Ġpriest	13.371121
285	10	Ġcongratulated	19.675216
285	11	Ġafter	13.562515
285	12	Ġthe	2.822406
285	13	Ġservice	5.997579
285	14	.	2.604981
285	15	<|endoftext|>	9.411566
286	1	<|endoftext|>	0.0
286	2	I	5.770357
286	3	Ġknow	5.545684
286	4	Ġthat	2.749692
286	5	Ġthe	4.424222
286	6	Ġman	9.193499
286	7	Ġthinks	11.691253
286	8	Ġthe	4.863968
286	9	Ġpriest	13.371159
286	10	Ġcongratulated	19.675224
286	11	Ġthe	4.137815
286	12	Ġcouple	7.816922
286	13	Ġafter	6.488368
286	14	Ġthe	2.997913
286	15	Ġservice	6.422383
286	16	.	1.948196
286	17	<|endoftext|>	9.499525
287	1	<|endoftext|>	0.0
287	2	I	5.770367
287	3	Ġknow	5.545733
287	4	Ġwho	8.366532
287	5	Ġthe	5.844098
287	6	Ġman	5.058048
287	7	Ġthinks	10.160691
287	8	Ġthe	6.498819
287	9	Ġpriest	13.400976
287	10	Ġcongratulated	20.779128
287	11	Ġafter	9.412651
287	12	Ġthe	3.08712
287	13	Ġservice	6.652391
287	14	.	1.475982
287	15	<|endoftext|>	7.917067
288	1	<|endoftext|>	0.0
288	2	I	5.770357
288	3	Ġknow	5.545684
288	4	Ġwho	8.366485
288	5	Ġthe	5.844156
288	6	Ġman	5.058116
288	7	Ġthinks	10.160666
288	8	Ġthe	6.49879
288	9	Ġpriest	13.400931
288	10	Ġcongratulated	20.77912
288	11	Ġthe	5.007119
288	12	Ġcouple	7.574712
288	13	Ġafter	7.212195
288	14	Ġthe	3.057235
288	15	Ġservice	6.826941
288	16	.	1.124286
288	17	<|endoftext|>	8.080129
289	1	<|endoftext|>	0.0
289	2	I	5.770357
289	3	Ġknow	5.545684
289	4	Ġthat	2.749692
289	5	Ġthe	4.424222
289	6	Ġman	9.193499
289	7	Ġthinks	11.691253
289	8	Ġthe	4.863968
289	9	Ġwoman	6.711682
289	10	Ġsaid	9.436267
289	11	Ġthe	4.017633
289	12	Ġpriest	13.438949
289	13	Ġcongratulated	18.432071
289	14	Ġafter	13.607332
289	15	Ġthe	2.826494
289	16	Ġservice	4.954104
289	17	.	1.772097
289	18	<|endoftext|>	9.262792
290	1	<|endoftext|>	0.0
290	2	I	5.770357
290	3	Ġknow	5.545684
290	4	Ġthat	2.749692
290	5	Ġthe	4.424222
290	6	Ġman	9.193499
290	7	Ġthinks	11.691253
290	8	Ġthe	4.863968
290	9	Ġwoman	6.711682
290	10	Ġsaid	9.436267
290	11	Ġthe	4.017633
290	12	Ġpriest	13.438949
290	13	Ġcongratulated	18.432071
290	14	Ġthe	5.023763
290	15	Ġcouple	6.487384
290	16	Ġafter	6.627874
290	17	Ġthe	2.829857
290	18	Ġservice	5.350943
290	19	.	1.48516
290	20	<|endoftext|>	9.201193
291	1	<|endoftext|>	0.0
291	2	I	5.770357
291	3	Ġknow	5.545684
291	4	Ġwho	8.366485
291	5	Ġthe	5.844156
291	6	Ġman	5.058116
291	7	Ġthinks	10.160666
291	8	Ġthe	6.49879
291	9	Ġwoman	6.468726
291	10	Ġsaid	8.9609
291	11	Ġthe	5.748296
291	12	Ġpriest	13.23236
291	13	Ġcongratulated	18.492966
291	14	Ġafter	10.520165
291	15	Ġthe	2.917178
291	16	Ġservice	5.210509
291	17	.	1.116637
291	18	<|endoftext|>	7.712468
292	1	<|endoftext|>	0.0
292	2	I	5.770357
292	3	Ġknow	5.545684
292	4	Ġwho	8.366485
292	5	Ġthe	5.844156
292	6	Ġman	5.058116
292	7	Ġthinks	10.160666
292	8	Ġthe	6.49879
292	9	Ġwoman	6.468726
292	10	Ġsaid	8.9609
292	11	Ġthe	5.748296
292	12	Ġpriest	13.23236
292	13	Ġcongratulated	18.492966
292	14	Ġthe	5.329822
292	15	Ġcouple	5.92785
292	16	Ġafter	6.94641
292	17	Ġthe	2.826299
292	18	Ġservice	5.454665
292	19	.	0.941108
292	20	<|endoftext|>	7.678431
293	1	<|endoftext|>	0.0
293	2	I	5.770357
293	3	Ġknow	5.545684
293	4	Ġthat	2.749692
293	5	Ġthe	4.424222
293	6	Ġman	9.193499
293	7	Ġthinks	11.691253
293	8	Ġthe	4.863968
293	9	Ġwoman	6.711682
293	10	Ġsaid	9.436267
293	11	Ġshe	3.457184
293	12	Ġbelieved	8.588995
293	13	Ġthe	3.852447
293	14	Ġpriest	11.066874
293	15	Ġcongratulated	21.677167
293	16	Ġafter	13.152603
293	17	Ġthe	2.837231
293	18	Ġservice	5.161212
293	19	.	1.56528
293	20	<|endoftext|>	9.293401
294	1	<|endoftext|>	0.0
294	2	I	5.770357
294	3	Ġknow	5.545684
294	4	Ġthat	2.749692
294	5	Ġthe	4.424222
294	6	Ġman	9.193499
294	7	Ġthinks	11.691253
294	8	Ġthe	4.863968
294	9	Ġwoman	6.711682
294	10	Ġsaid	9.436267
294	11	Ġshe	3.457184
294	12	Ġbelieved	8.588995
294	13	Ġthe	3.852447
294	14	Ġpriest	11.066874
294	15	Ġcongratulated	21.677167
294	16	Ġthe	4.474904
294	17	Ġcouple	6.491465
294	18	Ġafter	6.263116
294	19	Ġthe	2.846636
294	20	Ġservice	5.645882
294	21	.	1.328794
294	22	<|endoftext|>	9.164984
295	1	<|endoftext|>	0.0
295	2	I	5.770357
295	3	Ġknow	5.545684
295	4	Ġwho	8.366485
295	5	Ġthe	5.844156
295	6	Ġman	5.058116
295	7	Ġthinks	10.160666
295	8	Ġthe	6.49879
295	9	Ġwoman	6.468726
295	10	Ġsaid	8.9609
295	11	Ġshe	2.385152
295	12	Ġbelieved	8.258471
295	13	Ġthe	6.080223
295	14	Ġpriest	11.411841
295	15	Ġcongratulated	20.912841
295	16	Ġafter	10.626196
295	17	Ġthe	2.87436
295	18	Ġservice	5.428382
295	19	.	1.053519
295	20	<|endoftext|>	7.806523
296	1	<|endoftext|>	0.0
296	2	I	5.770357
296	3	Ġknow	5.545684
296	4	Ġwho	8.366485
296	5	Ġthe	5.844156
296	6	Ġman	5.058116
296	7	Ġthinks	10.160666
296	8	Ġthe	6.49879
296	9	Ġwoman	6.468726
296	10	Ġsaid	8.9609
296	11	Ġshe	2.385152
296	12	Ġbelieved	8.258471
296	13	Ġthe	6.080223
296	14	Ġpriest	11.411841
296	15	Ġcongratulated	20.912841
296	16	Ġthe	4.671568
296	17	Ġcouple	5.910023
296	18	Ġafter	6.355103
296	19	Ġthe	2.846192
296	20	Ġservice	5.774095
296	21	.	0.885356
296	22	<|endoftext|>	7.769652
297	1	<|endoftext|>	0.0
297	2	I	5.770357
297	3	Ġknow	5.545684
297	4	Ġthat	2.749692
297	5	Ġthe	4.424222
297	6	Ġman	9.193499
297	7	Ġthinks	11.691253
297	8	Ġthe	4.863968
297	9	Ġwoman	6.711682
297	10	Ġsaid	9.436267
297	11	Ġshe	3.457184
297	12	Ġbelieved	8.588995
297	13	Ġthe	3.852447
297	14	Ġpriest	11.066874
297	15	Ġcongratulated	21.677167
297	16	Ġafter	13.152603
297	17	Ġthe	2.837231
297	18	Ġservice	5.161212
297	19	.	1.56528
297	20	<|endoftext|>	9.293401
298	1	<|endoftext|>	0.0
298	2	I	5.770357
298	3	Ġknow	5.545684
298	4	Ġthat	2.749692
298	5	Ġthe	4.424222
298	6	Ġman	9.193499
298	7	Ġthinks	11.691253
298	8	Ġthe	4.863968
298	9	Ġwoman	6.711682
298	10	Ġsaid	9.436267
298	11	Ġshe	3.457184
298	12	Ġbelieved	8.588995
298	13	Ġthe	3.852447
298	14	Ġpriest	11.066874
298	15	Ġcongratulated	21.677167
298	16	Ġthe	4.474904
298	17	Ġcouple	6.491465
298	18	Ġafter	6.263116
298	19	Ġthe	2.846636
298	20	Ġservice	5.645882
298	21	.	1.328794
298	22	<|endoftext|>	9.164984
299	1	<|endoftext|>	0.0
299	2	I	5.770357
299	3	Ġknow	5.545684
299	4	Ġwho	8.366485
299	5	Ġthe	5.844156
299	6	Ġman	5.058116
299	7	Ġthinks	10.160666
299	8	Ġthe	6.49879
299	9	Ġwoman	6.468726
299	10	Ġsaid	8.9609
299	11	Ġshe	2.385152
299	12	Ġbelieved	8.258471
299	13	Ġthe	6.080223
299	14	Ġpriest	11.411841
299	15	Ġcongratulated	20.912841
299	16	Ġafter	10.626196
299	17	Ġthe	2.87436
299	18	Ġservice	5.428382
299	19	.	1.053519
299	20	<|endoftext|>	7.806523
300	1	<|endoftext|>	0.0
300	2	I	5.770357
300	3	Ġknow	5.545684
300	4	Ġwho	8.366485
300	5	Ġthe	5.844156
300	6	Ġman	5.058116
300	7	Ġthinks	10.160666
300	8	Ġthe	6.49879
300	9	Ġwoman	6.468726
300	10	Ġsaid	8.9609
300	11	Ġshe	2.385152
300	12	Ġbelieved	8.258471
300	13	Ġthe	6.080223
300	14	Ġpriest	11.411841
300	15	Ġcongratulated	20.912841
300	16	Ġthe	4.671568
300	17	Ġcouple	5.910023
300	18	Ġafter	6.355103
300	19	Ġthe	2.846192
300	20	Ġservice	5.774095
300	21	.	0.885356
300	22	<|endoftext|>	7.769652
301	1	<|endoftext|>	0.0
301	2	You	7.682203
301	3	Ġknow	4.524784
301	4	Ġthat	3.787021
301	5	Ġthe	7.61201
301	6	Ġyoung	10.97441
301	7	Ġwoman	5.293863
301	8	Ġintroduced	13.328471
301	9	Ġto	1.060591
301	10	Ġher	3.956015
301	11	Ġmother	5.772725
301	12	.	8.159983
301	13	<|endoftext|>	9.652041
302	1	<|endoftext|>	0.0
302	2	You	7.682203
302	3	Ġknow	4.524784
302	4	Ġthat	3.787013
302	5	Ġthe	7.61201
302	6	Ġyoung	10.97441
302	7	Ġwoman	5.293861
302	8	Ġintroduced	13.328461
302	9	Ġher	5.828038
302	10	Ġfriend	6.352047
302	11	Ġto	1.120195
302	12	Ġher	4.190816
302	13	Ġmother	5.560527
302	14	.	4.761728
302	15	<|endoftext|>	10.590048
303	1	<|endoftext|>	0.0
303	2	You	7.682203
303	3	Ġknow	4.524784
303	4	Ġwho	5.05256
303	5	Ġthe	6.464221
303	6	Ġyoung	9.923546
303	7	Ġwoman	5.741152
303	8	Ġintroduced	13.469916
303	9	Ġto	0.669476
303	10	Ġher	4.017242
303	11	Ġmother	5.880512
303	12	.	7.524616
303	13	<|endoftext|>	9.034081
304	1	<|endoftext|>	0.0
304	2	You	7.682203
304	3	Ġknow	4.524784
304	4	Ġwho	5.052563
304	5	Ġthe	6.464221
304	6	Ġyoung	9.923546
304	7	Ġwoman	5.741141
304	8	Ġintroduced	13.469929
304	9	Ġher	6.237157
304	10	Ġfriend	8.351985
304	11	Ġto	0.91403
304	12	Ġher	5.230166
304	13	Ġmother	6.389327
304	14	.	5.771926
304	15	<|endoftext|>	9.333498
305	1	<|endoftext|>	0.0
305	2	You	7.682215
305	3	Ġknow	4.524781
305	4	Ġthat	3.786978
305	5	Ġwe	9.920285
305	6	Ġall	3.162407
305	7	Ġbelieve	8.921106
305	8	Ġthe	4.9374
305	9	Ġyoung	11.406345
305	10	Ġwoman	6.543904
305	11	Ġintroduced	14.582357
305	12	Ġto	1.093948
305	13	Ġher	5.59674
305	14	Ġmother	5.923202
305	15	.	7.226137
305	16	<|endoftext|>	10.43472
306	1	<|endoftext|>	0.0
306	2	You	7.68222
306	3	Ġknow	4.524771
306	4	Ġthat	3.786982
306	5	Ġwe	9.920313
306	6	Ġall	3.162415
306	7	Ġbelieve	8.921072
306	8	Ġthe	4.937407
306	9	Ġyoung	11.40635
306	10	Ġwoman	6.543912
306	11	Ġintroduced	14.58238
306	12	Ġher	6.095008
306	13	Ġfriend	8.923252
306	14	Ġto	1.228089
306	15	Ġher	4.264726
306	16	Ġmother	5.588889
306	17	.	3.766094
306	18	<|endoftext|>	10.946639
307	1	<|endoftext|>	0.0
307	2	You	7.682215
307	3	Ġknow	4.524781
307	4	Ġwho	5.052583
307	5	Ġwe	5.397941
307	6	Ġall	5.272967
307	7	Ġbelieve	9.367898
307	8	Ġthe	8.533461
307	9	Ġyoung	10.926055
307	10	Ġwoman	7.269793
307	11	Ġintroduced	14.736772
307	12	Ġto	0.834538
307	13	Ġher	5.693076
307	14	Ġmother	5.668728
307	15	.	6.005506
307	16	<|endoftext|>	8.924358
308	1	<|endoftext|>	0.0
308	2	You	7.68222
308	3	Ġknow	4.524771
308	4	Ġwho	5.052576
308	5	Ġwe	5.397924
308	6	Ġall	5.272978
308	7	Ġbelieve	9.367898
308	8	Ġthe	8.533459
308	9	Ġyoung	10.926037
308	10	Ġwoman	7.269786
308	11	Ġintroduced	14.736754
308	12	Ġher	7.095456
308	13	Ġfriend	9.230613
308	14	Ġto	0.924746
308	15	Ġher	6.739346
308	16	Ġmother	5.99645
308	17	.	4.406848
308	18	<|endoftext|>	9.420603
309	1	<|endoftext|>	0.0
309	2	You	7.68222
309	3	Ġknow	4.524771
309	4	Ġthat	3.786982
309	5	Ġwe	9.920313
309	6	Ġall	3.162415
309	7	Ġbelieve	8.921072
309	8	Ġshe	11.425187
309	9	Ġthought	11.490083
309	10	Ġthe	4.262672
309	11	Ġyoung	10.477599
309	12	Ġwoman	2.831749
309	13	Ġintroduced	15.287263
309	14	Ġto	2.848315
309	15	Ġher	2.832522
309	16	Ġmother	7.746795
309	17	.	8.210121
309	18	<|endoftext|>	9.432307
310	1	<|endoftext|>	0.0
310	2	You	7.68222
310	3	Ġknow	4.524771
310	4	Ġthat	3.786982
310	5	Ġwe	9.920313
310	6	Ġall	3.162415
310	7	Ġbelieve	8.921072
310	8	Ġshe	11.425187
310	9	Ġthought	11.490083
310	10	Ġthe	4.262672
310	11	Ġyoung	10.477599
310	12	Ġwoman	2.831749
310	13	Ġintroduced	15.287263
310	14	Ġher	2.567397
310	15	Ġfriend	8.609805
310	16	Ġto	1.083293
310	17	Ġher	3.781768
310	18	Ġmother	6.330287
310	19	.	3.887309
310	20	<|endoftext|>	9.889487
311	1	<|endoftext|>	0.0
311	2	You	7.68222
311	3	Ġknow	4.524771
311	4	Ġwho	5.052576
311	5	Ġwe	5.397924
311	6	Ġall	5.272978
311	7	Ġbelieve	9.367898
311	8	Ġshe	12.698234
311	9	Ġthought	11.949663
311	10	Ġthe	5.744873
311	11	Ġyoung	10.516134
311	12	Ġwoman	3.076594
311	13	Ġintroduced	15.489645
311	14	Ġto	1.914005
311	15	Ġher	2.562359
311	16	Ġmother	7.22298
311	17	.	6.885218
311	18	<|endoftext|>	8.065278
312	1	<|endoftext|>	0.0
312	2	You	7.68222
312	3	Ġknow	4.524771
312	4	Ġwho	5.052576
312	5	Ġwe	5.397924
312	6	Ġall	5.272978
312	7	Ġbelieve	9.367898
312	8	Ġshe	12.698234
312	9	Ġthought	11.949663
312	10	Ġthe	5.744873
312	11	Ġyoung	10.516134
312	12	Ġwoman	3.076594
312	13	Ġintroduced	15.489645
312	14	Ġher	2.794853
312	15	Ġfriend	8.778669
312	16	Ġto	1.037792
312	17	Ġher	3.592663
312	18	Ġmother	6.604917
312	19	.	4.580942
312	20	<|endoftext|>	8.340735
313	1	<|endoftext|>	0.0
313	2	You	7.68222
313	3	Ġknow	4.524771
313	4	Ġthat	3.786982
313	5	Ġwe	9.920313
313	6	Ġall	3.162415
313	7	Ġbelieve	8.921072
313	8	Ġshe	11.425187
313	9	Ġthought	11.490083
313	10	Ġhe	5.224828
313	11	Ġsaid	9.791858
313	12	Ġthe	3.848337
313	13	Ġyoung	12.984321
313	14	Ġwoman	2.882892
313	15	Ġintroduced	15.2475
313	16	Ġto	3.844231
313	17	Ġher	2.798647
313	18	Ġmother	8.922672
313	19	.	5.134498
313	20	<|endoftext|>	9.250617
314	1	<|endoftext|>	0.0
314	2	You	7.68222
314	3	Ġknow	4.524771
314	4	Ġthat	3.786982
314	5	Ġwe	9.920313
314	6	Ġall	3.162415
314	7	Ġbelieve	8.921072
314	8	Ġshe	11.425187
314	9	Ġthought	11.490083
314	10	Ġhe	5.224828
314	11	Ġsaid	9.791858
314	12	Ġthe	3.848337
314	13	Ġyoung	12.984321
314	14	Ġwoman	2.882892
314	15	Ġintroduced	15.2475
314	16	Ġher	2.837727
314	17	Ġfriend	9.415401
314	18	Ġto	1.182284
314	19	Ġher	3.850016
314	20	Ġmother	6.173447
314	21	.	3.483167
314	22	<|endoftext|>	9.428365
315	1	<|endoftext|>	0.0
315	2	You	7.68222
315	3	Ġknow	4.524771
315	4	Ġwho	5.052576
315	5	Ġwe	5.397924
315	6	Ġall	5.272978
315	7	Ġbelieve	9.367898
315	8	Ġshe	12.698234
315	9	Ġthought	11.949663
315	10	Ġhe	5.439223
315	11	Ġsaid	10.858138
315	12	Ġthe	5.713526
315	13	Ġyoung	11.663021
315	14	Ġwoman	3.304454
315	15	Ġintroduced	15.10136
315	16	Ġto	2.628059
315	17	Ġher	2.77695
315	18	Ġmother	8.593919
315	19	.	4.963958
315	20	<|endoftext|>	7.592436
316	1	<|endoftext|>	0.0
316	2	You	7.68222
316	3	Ġknow	4.524771
316	4	Ġwho	5.052576
316	5	Ġwe	5.397924
316	6	Ġall	5.272978
316	7	Ġbelieve	9.367898
316	8	Ġshe	12.698234
316	9	Ġthought	11.949663
316	10	Ġhe	5.439223
316	11	Ġsaid	10.858138
316	12	Ġthe	5.713526
316	13	Ġyoung	11.663021
316	14	Ġwoman	3.304454
316	15	Ġintroduced	15.10136
316	16	Ġher	2.916484
316	17	Ġfriend	9.784586
316	18	Ġto	1.164757
316	19	Ġher	3.799201
316	20	Ġmother	6.333228
316	21	.	4.152312
316	22	<|endoftext|>	7.838712
317	1	<|endoftext|>	0.0
317	2	You	7.68222
317	3	Ġknow	4.524771
317	4	Ġthat	3.786982
317	5	Ġwe	9.920313
317	6	Ġall	3.162415
317	7	Ġbelieve	8.921072
317	8	Ġshe	11.425187
317	9	Ġthought	11.490083
317	10	Ġhe	5.224828
317	11	Ġsaid	9.791858
317	12	Ġthe	3.848337
317	13	Ġyoung	12.984321
317	14	Ġwoman	2.882892
317	15	Ġintroduced	15.2475
317	16	Ġto	3.844231
317	17	Ġher	2.798647
317	18	Ġmother	8.922672
317	19	.	5.134498
317	20	<|endoftext|>	9.250617
318	1	<|endoftext|>	0.0
318	2	You	7.68222
318	3	Ġknow	4.524771
318	4	Ġthat	3.786982
318	5	Ġwe	9.920313
318	6	Ġall	3.162415
318	7	Ġbelieve	8.921072
318	8	Ġshe	11.425187
318	9	Ġthought	11.490083
318	10	Ġhe	5.224828
318	11	Ġsaid	9.791858
318	12	Ġthe	3.848337
318	13	Ġyoung	12.984321
318	14	Ġwoman	2.882892
318	15	Ġintroduced	15.2475
318	16	Ġher	2.837727
318	17	Ġfriend	9.415401
318	18	Ġto	1.182284
318	19	Ġher	3.850016
318	20	Ġmother	6.173447
318	21	.	3.483167
318	22	<|endoftext|>	9.428365
319	1	<|endoftext|>	0.0
319	2	You	7.68222
319	3	Ġknow	4.524771
319	4	Ġwho	5.052576
319	5	Ġwe	5.397924
319	6	Ġall	5.272978
319	7	Ġbelieve	9.367898
319	8	Ġshe	12.698234
319	9	Ġthought	11.949663
319	10	Ġhe	5.439223
319	11	Ġsaid	10.858138
319	12	Ġthe	5.713526
319	13	Ġyoung	11.663021
319	14	Ġwoman	3.304454
319	15	Ġintroduced	15.10136
319	16	Ġto	2.628059
319	17	Ġher	2.77695
319	18	Ġmother	8.593919
319	19	.	4.963958
319	20	<|endoftext|>	7.592436
320	1	<|endoftext|>	0.0
320	2	You	7.68222
320	3	Ġknow	4.524771
320	4	Ġwho	5.052576
320	5	Ġwe	5.397924
320	6	Ġall	5.272978
320	7	Ġbelieve	9.367898
320	8	Ġshe	12.698234
320	9	Ġthought	11.949663
320	10	Ġhe	5.439223
320	11	Ġsaid	10.858138
320	12	Ġthe	5.713526
320	13	Ġyoung	11.663021
320	14	Ġwoman	3.304454
320	15	Ġintroduced	15.10136
320	16	Ġher	2.916484
320	17	Ġfriend	9.784586
320	18	Ġto	1.164757
320	19	Ġher	3.799201
320	20	Ġmother	6.333228
320	21	.	4.152312
320	22	<|endoftext|>	7.838712
321	1	<|endoftext|>	0.0
321	2	He	8.582737
321	3	Ġknows	8.734376
321	4	Ġthat	2.922586
321	5	Ġthe	3.683981
321	6	Ġpolice	8.714706
321	7	Ġinterrogated	14.636797
321	8	Ġin	9.483769
321	9	Ġthe	2.206248
321	10	Ġprison	8.51377
321	11	.	6.681014
321	12	<|endoftext|>	9.446158
322	1	<|endoftext|>	0.0
322	2	He	8.582737
322	3	Ġknows	8.734376
322	4	Ġthat	2.922574
322	5	Ġthe	3.683981
322	6	Ġpolice	8.714694
322	7	Ġinterrogated	14.636794
322	8	Ġthe	5.171379
322	9	Ġspy	13.562677
322	10	Ġin	5.204974
322	11	Ġthe	2.405496
322	12	Ġprison	8.82164
322	13	.	2.9126
322	14	<|endoftext|>	9.316811
323	1	<|endoftext|>	0.0
323	2	He	8.582737
323	3	Ġknows	8.734376
323	4	Ġwho	6.314426
323	5	Ġthe	4.333661
323	6	Ġpolice	9.947937
323	7	Ġinterrogated	14.825829
323	8	Ġin	5.054121
323	9	Ġthe	2.021048
323	10	Ġprison	9.481889
323	11	.	2.283445
323	12	<|endoftext|>	8.390661
324	1	<|endoftext|>	0.0
324	2	He	8.582737
324	3	Ġknows	8.734376
324	4	Ġwho	6.314424
324	5	Ġthe	4.333661
324	6	Ġpolice	9.947936
324	7	Ġinterrogated	14.82584
324	8	Ġthe	6.136582
324	9	Ġspy	12.590385
324	10	Ġin	5.616895
324	11	Ġthe	2.099538
324	12	Ġprison	9.917933
324	13	.	1.991981
324	14	<|endoftext|>	8.109122
325	1	<|endoftext|>	0.0
325	2	He	8.582737
325	3	Ġknows	8.734376
325	4	Ġthat	2.922586
325	5	Ġthe	3.683981
325	6	Ġinspector	15.441081
325	7	Ġsaid	9.165557
325	8	Ġthe	3.503078
325	9	Ġpolice	7.40649
325	10	Ġinterrogated	14.029256
325	11	Ġin	9.880521
325	12	Ġthe	2.034237
325	13	Ġprison	9.742133
325	14	.	6.641253
325	15	<|endoftext|>	8.230444
326	1	<|endoftext|>	0.0
326	2	He	8.582732
326	3	Ġknows	8.734344
326	4	Ġthat	2.922593
326	5	Ġthe	3.684015
326	6	Ġinspector	15.4411
326	7	Ġsaid	9.165608
326	8	Ġthe	3.503065
326	9	Ġpolice	7.406463
326	10	Ġinterrogated	14.029221
326	11	Ġthe	4.447383
326	12	Ġspy	14.376569
326	13	Ġin	5.591709
326	14	Ġthe	2.581274
326	15	Ġprison	9.539908
326	16	.	2.716544
326	17	<|endoftext|>	8.035987
327	1	<|endoftext|>	0.0
327	2	He	8.582737
327	3	Ġknows	8.734376
327	4	Ġwho	6.314426
327	5	Ġthe	4.333661
327	6	Ġinspector	14.238181
327	7	Ġsaid	6.74014
327	8	Ġthe	6.271008
327	9	Ġpolice	6.815121
327	10	Ġinterrogated	12.449659
327	11	Ġin	5.892547
327	12	Ġthe	1.806172
327	13	Ġprison	10.45298
327	14	.	2.594371
327	15	<|endoftext|>	7.430537
328	1	<|endoftext|>	0.0
328	2	He	8.582732
328	3	Ġknows	8.734344
328	4	Ġwho	6.31441
328	5	Ġthe	4.333633
328	6	Ġinspector	14.238199
328	7	Ġsaid	6.740259
328	8	Ġthe	6.270973
328	9	Ġpolice	6.815134
328	10	Ġinterrogated	12.449751
328	11	Ġthe	6.141117
328	12	Ġspy	13.272296
328	13	Ġin	5.957746
328	14	Ġthe	2.28726
328	15	Ġprison	9.850191
328	16	.	1.700124
328	17	<|endoftext|>	7.197053
329	1	<|endoftext|>	0.0
329	2	He	8.582732
329	3	Ġknows	8.734344
329	4	Ġthat	2.922593
329	5	Ġthe	3.684015
329	6	Ġinspector	15.4411
329	7	Ġsaid	9.165608
329	8	Ġthe	3.503065
329	9	Ġman	6.87472
329	10	Ġreported	11.195637
329	11	Ġthe	1.761763
329	12	Ġpolice	8.918957
329	13	Ġinterrogated	17.54936
329	14	Ġin	9.168713
329	15	Ġthe	1.899532
329	16	Ġprison	10.845334
329	17	.	3.646376
329	18	<|endoftext|>	7.230947
330	1	<|endoftext|>	0.0
330	2	He	8.582732
330	3	Ġknows	8.734344
330	4	Ġthat	2.922593
330	5	Ġthe	3.684015
330	6	Ġinspector	15.4411
330	7	Ġsaid	9.165608
330	8	Ġthe	3.503065
330	9	Ġman	6.87472
330	10	Ġreported	11.195637
330	11	Ġthe	1.761763
330	12	Ġpolice	8.918957
330	13	Ġinterrogated	17.54936
330	14	Ġthe	4.634238
330	15	Ġspy	14.795392
330	16	Ġin	5.452995
330	17	Ġthe	2.465219
330	18	Ġprison	10.23342
330	19	.	2.766631
330	20	<|endoftext|>	7.120229
331	1	<|endoftext|>	0.0
331	2	He	8.582732
331	3	Ġknows	8.734344
331	4	Ġwho	6.31441
331	5	Ġthe	4.333633
331	6	Ġinspector	14.238199
331	7	Ġsaid	6.740259
331	8	Ġthe	6.270973
331	9	Ġman	4.784594
331	10	Ġreported	12.707118
331	11	Ġthe	3.872496
331	12	Ġpolice	8.727494
331	13	Ġinterrogated	15.483236
331	14	Ġin	6.177874
331	15	Ġthe	1.774978
331	16	Ġprison	11.152176
331	17	.	2.182904
331	18	<|endoftext|>	6.560686
332	1	<|endoftext|>	0.0
332	2	He	8.582732
332	3	Ġknows	8.734344
332	4	Ġwho	6.31441
332	5	Ġthe	4.333633
332	6	Ġinspector	14.238199
332	7	Ġsaid	6.740259
332	8	Ġthe	6.270973
332	9	Ġman	4.784594
332	10	Ġreported	12.707118
332	11	Ġthe	3.872496
332	12	Ġpolice	8.727494
332	13	Ġinterrogated	15.483236
332	14	Ġthe	6.120638
332	15	Ġspy	14.098957
332	16	Ġin	5.656358
332	17	Ġthe	2.35871
332	18	Ġprison	10.426491
332	19	.	1.915539
332	20	<|endoftext|>	6.288669
333	1	<|endoftext|>	0.0
333	2	He	8.582732
333	3	Ġknows	8.734344
333	4	Ġthat	2.922593
333	5	Ġthe	3.684015
333	6	Ġinspector	15.4411
333	7	Ġsaid	9.165608
333	8	Ġthe	3.503065
333	9	Ġman	6.87472
333	10	Ġreported	11.195637
333	11	Ġhe	6.985798
333	12	Ġthought	8.829267
333	13	Ġthe	2.627113
333	14	Ġpolice	6.421282
333	15	Ġinterrogated	14.281205
333	16	Ġin	10.338344
333	17	Ġthe	1.63564
333	18	Ġprison	10.646941
333	19	.	5.292722
333	20	<|endoftext|>	6.954857
334	1	<|endoftext|>	0.0
334	2	He	8.582732
334	3	Ġknows	8.734344
334	4	Ġthat	2.922593
334	5	Ġthe	3.684015
334	6	Ġinspector	15.4411
334	7	Ġsaid	9.165608
334	8	Ġthe	3.503065
334	9	Ġman	6.87472
334	10	Ġreported	11.195637
334	11	Ġhe	6.985798
334	12	Ġthought	8.829267
334	13	Ġthe	2.627113
334	14	Ġpolice	6.421282
334	15	Ġinterrogated	14.281205
334	16	Ġthe	4.528136
334	17	Ġspy	15.018037
334	18	Ġin	5.691864
334	19	Ġthe	2.263831
334	20	Ġprison	10.169362
334	21	.	2.422797
334	22	<|endoftext|>	6.850741
335	1	<|endoftext|>	0.0
335	2	He	8.582732
335	3	Ġknows	8.734344
335	4	Ġwho	6.31441
335	5	Ġthe	4.333633
335	6	Ġinspector	14.238199
335	7	Ġsaid	6.740259
335	8	Ġthe	6.270973
335	9	Ġman	4.784594
335	10	Ġreported	12.707118
335	11	Ġhe	9.238113
335	12	Ġthought	9.788148
335	13	Ġthe	6.537883
335	14	Ġpolice	6.203154
335	15	Ġinterrogated	13.970956
335	16	Ġin	6.420899
335	17	Ġthe	1.664234
335	18	Ġprison	10.943663
335	19	.	2.838257
335	20	<|endoftext|>	6.427879
336	1	<|endoftext|>	0.0
336	2	He	8.582732
336	3	Ġknows	8.734344
336	4	Ġwho	6.31441
336	5	Ġthe	4.333633
336	6	Ġinspector	14.238199
336	7	Ġsaid	6.740259
336	8	Ġthe	6.270973
336	9	Ġman	4.784594
336	10	Ġreported	12.707118
336	11	Ġhe	9.238113
336	12	Ġthought	9.788148
336	13	Ġthe	6.537883
336	14	Ġpolice	6.203154
336	15	Ġinterrogated	13.970956
336	16	Ġthe	5.772329
336	17	Ġspy	14.580512
336	18	Ġin	5.835891
336	19	Ġthe	2.219945
336	20	Ġprison	10.312682
336	21	.	1.66371
336	22	<|endoftext|>	6.202206
337	1	<|endoftext|>	0.0
337	2	He	8.582732
337	3	Ġknows	8.734344
337	4	Ġthat	2.922593
337	5	Ġthe	3.684015
337	6	Ġinspector	15.4411
337	7	Ġsaid	9.165608
337	8	Ġthe	3.503065
337	9	Ġman	6.87472
337	10	Ġreported	11.195637
337	11	Ġhe	6.985798
337	12	Ġthought	8.829267
337	13	Ġthe	2.627113
337	14	Ġpolice	6.421282
337	15	Ġinterrogated	14.281205
337	16	Ġin	10.338344
337	17	Ġthe	1.63564
337	18	Ġprison	10.646941
337	19	.	5.292722
337	20	<|endoftext|>	6.954857
338	1	<|endoftext|>	0.0
338	2	He	8.582732
338	3	Ġknows	8.734344
338	4	Ġthat	2.922593
338	5	Ġthe	3.684015
338	6	Ġinspector	15.4411
338	7	Ġsaid	9.165608
338	8	Ġthe	3.503065
338	9	Ġman	6.87472
338	10	Ġreported	11.195637
338	11	Ġhe	6.985798
338	12	Ġthought	8.829267
338	13	Ġthe	2.627113
338	14	Ġpolice	6.421282
338	15	Ġinterrogated	14.281205
338	16	Ġthe	4.528136
338	17	Ġspy	15.018037
338	18	Ġin	5.691864
338	19	Ġthe	2.263831
338	20	Ġprison	10.169362
338	21	.	2.422797
338	22	<|endoftext|>	6.850741
339	1	<|endoftext|>	0.0
339	2	He	8.582732
339	3	Ġknows	8.734344
339	4	Ġwho	6.31441
339	5	Ġthe	4.333633
339	6	Ġinspector	14.238199
339	7	Ġsaid	6.740259
339	8	Ġthe	6.270973
339	9	Ġman	4.784594
339	10	Ġreported	12.707118
339	11	Ġhe	9.238113
339	12	Ġthought	9.788148
339	13	Ġthe	6.537883
339	14	Ġpolice	6.203154
339	15	Ġinterrogated	13.970956
339	16	Ġin	6.420899
339	17	Ġthe	1.664234
339	18	Ġprison	10.943663
339	19	.	2.838257
339	20	<|endoftext|>	6.427879
340	1	<|endoftext|>	0.0
340	2	He	8.582732
340	3	Ġknows	8.734344
340	4	Ġwho	6.31441
340	5	Ġthe	4.333633
340	6	Ġinspector	14.238199
340	7	Ġsaid	6.740259
340	8	Ġthe	6.270973
340	9	Ġman	4.784594
340	10	Ġreported	12.707118
340	11	Ġhe	9.238113
340	12	Ġthought	9.788148
340	13	Ġthe	6.537883
340	14	Ġpolice	6.203154
340	15	Ġinterrogated	13.970956
340	16	Ġthe	5.772329
340	17	Ġspy	14.580512
340	18	Ġin	5.835891
340	19	Ġthe	2.219945
340	20	Ġprison	10.312682
340	21	.	1.66371
340	22	<|endoftext|>	6.202206
341	1	<|endoftext|>	0.0
341	2	She	9.588393
341	3	Ġknows	8.547399
341	4	Ġthat	3.373149
341	5	Ġthe	4.09474
341	6	Ġwoman	8.806006
341	7	Ġthanked	15.394442
341	8	Ġafter	10.953175
341	9	Ġthe	2.578851
341	10	Ġmeal	9.47911
341	11	.	3.197373
341	12	<|endoftext|>	7.216808
342	1	<|endoftext|>	0.0
342	2	She	9.588393
342	3	Ġknows	8.547399
342	4	Ġthat	3.373155
342	5	Ġthe	4.09474
342	6	Ġwoman	8.806017
342	7	Ġthanked	15.394462
342	8	Ġthe	4.265124
342	9	Ġwaitress	11.229109
342	10	Ġafter	6.492056
342	11	Ġthe	2.978488
342	12	Ġmeal	2.792189
342	13	.	2.096559
342	14	<|endoftext|>	7.074617
343	1	<|endoftext|>	0.0
343	2	She	9.588393
343	3	Ġknows	8.547399
343	4	Ġwho	6.179697
343	5	Ġthe	4.654339
343	6	Ġwoman	6.507543
343	7	Ġthanked	18.078646
343	8	Ġafter	7.404766
343	9	Ġthe	2.959471
343	10	Ġmeal	9.587858
343	11	.	1.348868
343	12	<|endoftext|>	6.808225
344	1	<|endoftext|>	0.0
344	2	She	9.588393
344	3	Ġknows	8.547399
344	4	Ġwho	6.179725
344	5	Ġthe	4.654339
344	6	Ġwoman	6.507531
344	7	Ġthanked	18.078636
344	8	Ġthe	6.253908
344	9	Ġwaitress	12.117284
344	10	Ġafter	7.380741
344	11	Ġthe	2.89606
344	12	Ġmeal	3.140781
344	13	.	1.141754
344	14	<|endoftext|>	6.52788
345	1	<|endoftext|>	0.0
345	2	She	9.588393
345	3	Ġknows	8.547399
345	4	Ġthat	3.373149
345	5	Ġthe	4.09474
345	6	Ġwaiter	15.905418
345	7	Ġsaid	6.968897
345	8	Ġthe	4.412511
345	9	Ġwoman	6.914873
345	10	Ġthanked	12.749754
345	11	Ġafter	12.865261
345	12	Ġthe	2.654034
345	13	Ġmeal	2.574168
345	14	.	1.930468
345	15	<|endoftext|>	6.55343
346	1	<|endoftext|>	0.0
346	2	She	9.588377
346	3	Ġknows	8.547394
346	4	Ġthat	3.373129
346	5	Ġthe	4.094771
346	6	Ġwaiter	15.905366
346	7	Ġsaid	6.968802
346	8	Ġthe	4.412481
346	9	Ġwoman	6.914911
346	10	Ġthanked	12.749763
346	11	Ġthe	4.586864
346	12	Ġwaitress	4.243724
346	13	Ġafter	6.305439
346	14	Ġthe	2.88789
346	15	Ġmeal	2.118282
346	16	.	1.785476
346	17	<|endoftext|>	6.174472
347	1	<|endoftext|>	0.0
347	2	She	9.588393
347	3	Ġknows	8.547399
347	4	Ġwho	6.179697
347	5	Ġthe	4.654339
347	6	Ġwaiter	14.596429
347	7	Ġsaid	9.598647
347	8	Ġthe	7.193673
347	9	Ġwoman	5.440259
347	10	Ġthanked	15.459709
347	11	Ġafter	7.580874
347	12	Ġthe	2.976932
347	13	Ġmeal	2.949503
347	14	.	0.958854
347	15	<|endoftext|>	5.744685
348	1	<|endoftext|>	0.0
348	2	She	9.588377
348	3	Ġknows	8.547394
348	4	Ġwho	6.17982
348	5	Ġthe	4.654325
348	6	Ġwaiter	14.59644
348	7	Ġsaid	9.598668
348	8	Ġthe	7.193745
348	9	Ġwoman	5.440242
348	10	Ġthanked	15.459625
348	11	Ġthe	7.16289
348	12	Ġwaitress	4.383345
348	13	Ġafter	7.183596
348	14	Ġthe	2.944465
348	15	Ġmeal	2.381265
348	16	.	0.960454
348	17	<|endoftext|>	5.314944
349	1	<|endoftext|>	0.0
349	2	She	9.588377
349	3	Ġknows	8.547394
349	4	Ġthat	3.373129
349	5	Ġthe	4.094771
349	6	Ġwaiter	15.905366
349	7	Ġsaid	6.968802
349	8	Ġthe	4.412481
349	9	Ġwoman	6.914911
349	10	Ġbelieved	11.053602
349	11	Ġthe	2.700413
349	12	Ġwoman	2.747608
349	13	Ġthanked	16.387072
349	14	Ġafter	13.541692
349	15	Ġthe	2.73678
349	16	Ġmeal	3.220967
349	17	.	1.598314
349	18	<|endoftext|>	6.159862
350	1	<|endoftext|>	0.0
350	2	She	9.588377
350	3	Ġknows	8.547394
350	4	Ġthat	3.373129
350	5	Ġthe	4.094771
350	6	Ġwaiter	15.905366
350	7	Ġsaid	6.968802
350	8	Ġthe	4.412481
350	9	Ġwoman	6.914911
350	10	Ġbelieved	11.053602
350	11	Ġthe	2.700413
350	12	Ġwoman	2.747608
350	13	Ġthanked	16.387072
350	14	Ġthe	4.050473
350	15	Ġwaitress	4.594555
350	16	Ġafter	6.215923
350	17	Ġthe	2.914214
350	18	Ġmeal	2.33621
350	19	.	1.477807
350	20	<|endoftext|>	5.887461
351	1	<|endoftext|>	0.0
351	2	She	9.588377
351	3	Ġknows	8.547394
351	4	Ġwho	6.17982
351	5	Ġthe	4.654325
351	6	Ġwaiter	14.59644
351	7	Ġsaid	9.598668
351	8	Ġthe	7.193745
351	9	Ġwoman	5.440242
351	10	Ġbelieved	11.32972
351	11	Ġthe	7.419981
351	12	Ġwoman	2.849143
351	13	Ġthanked	16.491639
351	14	Ġafter	8.068283
351	15	Ġthe	3.015018
351	16	Ġmeal	3.694386
351	17	.	1.01323
351	18	<|endoftext|>	5.534977
352	1	<|endoftext|>	0.0
352	2	She	9.588377
352	3	Ġknows	8.547394
352	4	Ġwho	6.17982
352	5	Ġthe	4.654325
352	6	Ġwaiter	14.59644
352	7	Ġsaid	9.598668
352	8	Ġthe	7.193745
352	9	Ġwoman	5.440242
352	10	Ġbelieved	11.32972
352	11	Ġthe	7.419981
352	12	Ġwoman	2.849143
352	13	Ġthanked	16.491639
352	14	Ġthe	5.744981
352	15	Ġwaitress	4.332337
352	16	Ġafter	6.593509
352	17	Ġthe	2.98618
352	18	Ġmeal	2.642563
352	19	.	1.006412
352	20	<|endoftext|>	5.243093
353	1	<|endoftext|>	0.0
353	2	She	9.588377
353	3	Ġknows	8.547394
353	4	Ġthat	3.373129
353	5	Ġthe	4.094771
353	6	Ġwaiter	15.905366
353	7	Ġsaid	6.968802
353	8	Ġthe	4.412481
353	9	Ġwoman	6.914911
353	10	Ġbelieved	11.053602
353	11	Ġshe	2.49094
353	12	Ġremembered	13.982258
353	13	Ġthe	2.441083
353	14	Ġwoman	4.042032
353	15	Ġthanked	17.444537
353	16	Ġafter	10.058681
353	17	Ġthe	2.572439
353	18	Ġmeal	3.274423
353	19	.	1.496255
353	20	<|endoftext|>	5.770765
354	1	<|endoftext|>	0.0
354	2	She	9.588377
354	3	Ġknows	8.547394
354	4	Ġthat	3.373129
354	5	Ġthe	4.094771
354	6	Ġwaiter	15.905366
354	7	Ġsaid	6.968802
354	8	Ġthe	4.412481
354	9	Ġwoman	6.914911
354	10	Ġbelieved	11.053602
354	11	Ġshe	2.49094
354	12	Ġremembered	13.982258
354	13	Ġthe	2.441083
354	14	Ġwoman	4.042032
354	15	Ġthanked	17.444537
354	16	Ġthe	4.004803
354	17	Ġwaitress	4.349454
354	18	Ġafter	6.586164
354	19	Ġthe	2.573413
354	20	Ġmeal	2.152962
354	21	.	1.488839
354	22	<|endoftext|>	5.438068
355	1	<|endoftext|>	0.0
355	2	She	9.588377
355	3	Ġknows	8.547394
355	4	Ġwho	6.17982
355	5	Ġthe	4.654325
355	6	Ġwaiter	14.59644
355	7	Ġsaid	9.598668
355	8	Ġthe	7.193745
355	9	Ġwoman	5.440242
355	10	Ġbelieved	11.32972
355	11	Ġshe	4.644297
355	12	Ġremembered	13.058096
355	13	Ġthe	5.739833
355	14	Ġwoman	3.919757
355	15	Ġthanked	14.822926
355	16	Ġafter	8.60852
355	17	Ġthe	2.747168
355	18	Ġmeal	3.936525
355	19	.	1.043137
355	20	<|endoftext|>	5.24183
356	1	<|endoftext|>	0.0
356	2	She	9.588377
356	3	Ġknows	8.547394
356	4	Ġwho	6.17982
356	5	Ġthe	4.654325
356	6	Ġwaiter	14.59644
356	7	Ġsaid	9.598668
356	8	Ġthe	7.193745
356	9	Ġwoman	5.440242
356	10	Ġbelieved	11.32972
356	11	Ġshe	4.644297
356	12	Ġremembered	13.058096
356	13	Ġthe	5.739833
356	14	Ġwoman	3.919757
356	15	Ġthanked	14.822926
356	16	Ġthe	5.219895
356	17	Ġwaitress	4.150608
356	18	Ġafter	7.042568
356	19	Ġthe	2.603819
356	20	Ġmeal	2.459788
356	21	.	1.11922
356	22	<|endoftext|>	4.858516
357	1	<|endoftext|>	0.0
357	2	She	9.588377
357	3	Ġknows	8.547394
357	4	Ġthat	3.373129
357	5	Ġthe	4.094771
357	6	Ġwaiter	15.905366
357	7	Ġsaid	6.968802
357	8	Ġthe	4.412481
357	9	Ġwoman	6.914911
357	10	Ġbelieved	11.053602
357	11	Ġshe	2.49094
357	12	Ġremembered	13.982258
357	13	Ġthe	2.441083
357	14	Ġwoman	4.042032
357	15	Ġthanked	17.444537
357	16	Ġafter	10.058681
357	17	Ġthe	2.572439
357	18	Ġmeal	3.274423
357	19	.	1.496255
357	20	<|endoftext|>	5.770765
358	1	<|endoftext|>	0.0
358	2	She	9.588377
358	3	Ġknows	8.547394
358	4	Ġthat	3.373129
358	5	Ġthe	4.094771
358	6	Ġwaiter	15.905366
358	7	Ġsaid	6.968802
358	8	Ġthe	4.412481
358	9	Ġwoman	6.914911
358	10	Ġbelieved	11.053602
358	11	Ġshe	2.49094
358	12	Ġremembered	13.982258
358	13	Ġthe	2.441083
358	14	Ġwoman	4.042032
358	15	Ġthanked	17.444537
358	16	Ġthe	4.004803
358	17	Ġwaitress	4.349454
358	18	Ġafter	6.586164
358	19	Ġthe	2.573413
358	20	Ġmeal	2.152962
358	21	.	1.488839
358	22	<|endoftext|>	5.438068
359	1	<|endoftext|>	0.0
359	2	She	9.588377
359	3	Ġknows	8.547394
359	4	Ġwho	6.17982
359	5	Ġthe	4.654325
359	6	Ġwaiter	14.59644
359	7	Ġsaid	9.598668
359	8	Ġthe	7.193745
359	9	Ġwoman	5.440242
359	10	Ġbelieved	11.32972
359	11	Ġshe	4.644297
359	12	Ġremembered	13.058096
359	13	Ġthe	5.739833
359	14	Ġwoman	3.919757
359	15	Ġthanked	14.822926
359	16	Ġafter	8.60852
359	17	Ġthe	2.747168
359	18	Ġmeal	3.936525
359	19	.	1.043137
359	20	<|endoftext|>	5.24183
360	1	<|endoftext|>	0.0
360	2	She	9.588377
360	3	Ġknows	8.547394
360	4	Ġwho	6.17982
360	5	Ġthe	4.654325
360	6	Ġwaiter	14.59644
360	7	Ġsaid	9.598668
360	8	Ġthe	7.193745
360	9	Ġwoman	5.440242
360	10	Ġbelieved	11.32972
360	11	Ġshe	4.644297
360	12	Ġremembered	13.058096
360	13	Ġthe	5.739833
360	14	Ġwoman	3.919757
360	15	Ġthanked	14.822926
360	16	Ġthe	5.219895
360	17	Ġwaitress	4.150608
360	18	Ġafter	7.042568
360	19	Ġthe	2.603819
360	20	Ġmeal	2.459788
360	21	.	1.11922
360	22	<|endoftext|>	4.858516
361	1	<|endoftext|>	0.0
361	2	They	9.39695
361	3	Ġknow	7.895996
361	4	Ġthat	2.878158
361	5	Ġthe	3.625604
361	6	Ġnurse	15.429673
361	7	Ġreassured	16.962581
361	8	Ġat	12.409089
361	9	Ġthe	2.240689
361	10	Ġhospital	3.021783
361	11	.	5.805382
361	12	<|endoftext|>	8.24842
362	1	<|endoftext|>	0.0
362	2	They	9.39695
362	3	Ġknow	7.895996
362	4	Ġthat	2.878158
362	5	Ġthe	3.625604
362	6	Ġnurse	15.429673
362	7	Ġreassured	16.962581
362	8	Ġthe	5.126072
362	9	Ġold	11.661639
362	10	Ġwoman	2.895616
362	11	Ġat	6.428387
362	12	Ġthe	0.80323
362	13	Ġhospital	2.677846
362	14	.	4.515805
362	15	<|endoftext|>	8.467508
363	1	<|endoftext|>	0.0
363	2	They	9.39695
363	3	Ġknow	7.895996
363	4	Ġwho	5.464138
363	5	Ġthe	4.252008
363	6	Ġnurse	15.020977
363	7	Ġreassured	21.62833
363	8	Ġat	8.946668
363	9	Ġthe	1.397159
363	10	Ġhospital	2.866959
363	11	.	2.360114
363	12	<|endoftext|>	7.326162
364	1	<|endoftext|>	0.0
364	2	They	9.39695
364	3	Ġknow	7.895996
364	4	Ġwho	5.464138
364	5	Ġthe	4.252008
364	6	Ġnurse	15.020977
364	7	Ġreassured	21.62833
364	8	Ġthe	6.526164
364	9	Ġold	12.297657
364	10	Ġwoman	3.140477
364	11	Ġat	5.974225
364	12	Ġthe	0.742008
364	13	Ġhospital	2.751663
364	14	.	2.369031
364	15	<|endoftext|>	7.805339
365	1	<|endoftext|>	0.0
365	2	They	9.39695
365	3	Ġknow	7.895996
365	4	Ġthat	2.878158
365	5	Ġthe	3.625604
365	6	Ġdoctor	12.401501
365	7	Ġbelieved	11.954499
365	8	Ġthe	3.483276
365	9	Ġnurse	9.575953
365	10	Ġreassured	17.603144
365	11	Ġat	13.333917
365	12	Ġthe	2.249539
365	13	Ġhospital	3.01068
365	14	.	4.43809
365	15	<|endoftext|>	7.938296
366	1	<|endoftext|>	0.0
366	2	They	9.396978
366	3	Ġknow	7.895982
366	4	Ġthat	2.878192
366	5	Ġthe	3.625553
366	6	Ġdoctor	12.401468
366	7	Ġbelieved	11.954482
366	8	Ġthe	3.483282
366	9	Ġnurse	9.575942
366	10	Ġreassured	17.603016
366	11	Ġthe	5.079284
366	12	Ġold	13.375842
366	13	Ġwoman	2.247376
366	14	Ġat	7.290342
366	15	Ġthe	0.898523
366	16	Ġhospital	1.755593
366	17	.	3.010469
366	18	<|endoftext|>	7.81046
367	1	<|endoftext|>	0.0
367	2	They	9.39695
367	3	Ġknow	7.895996
367	4	Ġwho	5.464138
367	5	Ġthe	4.252008
367	6	Ġdoctor	10.969011
367	7	Ġbelieved	11.569816
367	8	Ġthe	7.303362
367	9	Ġnurse	7.175408
367	10	Ġreassured	20.948228
367	11	Ġat	9.745841
367	12	Ġthe	1.110857
367	13	Ġhospital	2.115265
367	14	.	1.646144
367	15	<|endoftext|>	7.221673
368	1	<|endoftext|>	0.0
368	2	They	9.396978
368	3	Ġknow	7.895982
368	4	Ġwho	5.464162
368	5	Ġthe	4.252062
368	6	Ġdoctor	10.969049
368	7	Ġbelieved	11.569874
368	8	Ġthe	7.303398
368	9	Ġnurse	7.1754
368	10	Ġreassured	20.948289
368	11	Ġthe	6.794434
368	12	Ġold	13.687219
368	13	Ġwoman	2.369839
368	14	Ġat	6.748537
368	15	Ġthe	0.763864
368	16	Ġhospital	1.730877
368	17	.	1.552758
368	18	<|endoftext|>	7.211355
369	1	<|endoftext|>	0.0
369	2	They	9.396978
369	3	Ġknow	7.895982
369	4	Ġthat	2.878192
369	5	Ġthe	3.625553
369	6	Ġdoctor	12.401468
369	7	Ġbelieved	11.954482
369	8	Ġthe	3.483282
369	9	Ġman	5.085362
369	10	Ġsaid	9.982735
369	11	Ġthe	3.183594
369	12	Ġnurse	9.582344
369	13	Ġreassured	16.57188
369	14	Ġat	14.436431
369	15	Ġthe	2.076014
369	16	Ġhospital	2.518453
369	17	.	3.832574
369	18	<|endoftext|>	6.932826
370	1	<|endoftext|>	0.0
370	2	They	9.396978
370	3	Ġknow	7.895982
370	4	Ġthat	2.878192
370	5	Ġthe	3.625553
370	6	Ġdoctor	12.401468
370	7	Ġbelieved	11.954482
370	8	Ġthe	3.483282
370	9	Ġman	5.085362
370	10	Ġsaid	9.982735
370	11	Ġthe	3.183594
370	12	Ġnurse	9.582344
370	13	Ġreassured	16.57188
370	14	Ġthe	6.129003
370	15	Ġold	14.142532
370	16	Ġwoman	2.32004
370	17	Ġat	7.339386
370	18	Ġthe	0.903029
370	19	Ġhospital	1.549668
370	20	.	2.572057
370	21	<|endoftext|>	6.638047
371	1	<|endoftext|>	0.0
371	2	They	9.396978
371	3	Ġknow	7.895982
371	4	Ġwho	5.464162
371	5	Ġthe	4.252062
371	6	Ġdoctor	10.969049
371	7	Ġbelieved	11.569874
371	8	Ġthe	7.303398
371	9	Ġman	4.430678
371	10	Ġsaid	9.433232
371	11	Ġthe	6.252935
371	12	Ġnurse	8.082758
371	13	Ġreassured	18.585729
371	14	Ġat	10.534369
371	15	Ġthe	1.284213
371	16	Ġhospital	1.972233
371	17	.	1.471297
371	18	<|endoftext|>	6.367813
372	1	<|endoftext|>	0.0
372	2	They	9.396978
372	3	Ġknow	7.895982
372	4	Ġwho	5.464162
372	5	Ġthe	4.252062
372	6	Ġdoctor	10.969049
372	7	Ġbelieved	11.569874
372	8	Ġthe	7.303398
372	9	Ġman	4.430678
372	10	Ġsaid	9.433232
372	11	Ġthe	6.252935
372	12	Ġnurse	8.082758
372	13	Ġreassured	18.585729
372	14	Ġthe	7.323583
372	15	Ġold	14.213918
372	16	Ġwoman	2.479823
372	17	Ġat	7.026446
372	18	Ġthe	0.758068
372	19	Ġhospital	1.502665
372	20	.	1.222467
372	21	<|endoftext|>	6.027256
373	1	<|endoftext|>	0.0
373	2	They	9.396978
373	3	Ġknow	7.895982
373	4	Ġthat	2.878192
373	5	Ġthe	3.625553
373	6	Ġdoctor	12.401468
373	7	Ġbelieved	11.954482
373	8	Ġthe	3.483282
373	9	Ġman	5.085362
373	10	Ġsaid	9.982735
373	11	Ġhe	1.742011
373	12	Ġthought	8.48096
373	13	Ġthe	3.26422
373	14	Ġnurse	9.731452
373	15	Ġreassured	18.117925
373	16	Ġat	14.022943
373	17	Ġthe	2.067148
373	18	Ġhospital	2.315327
373	19	.	2.881613
373	20	<|endoftext|>	6.789947
374	1	<|endoftext|>	0.0
374	2	They	9.396978
374	3	Ġknow	7.895982
374	4	Ġthat	2.878192
374	5	Ġthe	3.625553
374	6	Ġdoctor	12.401468
374	7	Ġbelieved	11.954482
374	8	Ġthe	3.483282
374	9	Ġman	5.085362
374	10	Ġsaid	9.982735
374	11	Ġhe	1.742011
374	12	Ġthought	8.48096
374	13	Ġthe	3.26422
374	14	Ġnurse	9.731452
374	15	Ġreassured	18.117925
374	16	Ġthe	6.013647
374	17	Ġold	13.824655
374	18	Ġwoman	2.327475
374	19	Ġat	7.246016
374	20	Ġthe	0.941107
374	21	Ġhospital	1.431353
374	22	.	1.988377
374	23	<|endoftext|>	6.585007
375	1	<|endoftext|>	0.0
375	2	They	9.396978
375	3	Ġknow	7.895982
375	4	Ġwho	5.464162
375	5	Ġthe	4.252062
375	6	Ġdoctor	10.969049
375	7	Ġbelieved	11.569874
375	8	Ġthe	7.303398
375	9	Ġman	4.430678
375	10	Ġsaid	9.433232
375	11	Ġhe	0.922309
375	12	Ġthought	10.956916
375	13	Ġthe	6.682707
375	14	Ġnurse	8.496759
375	15	Ġreassured	19.987012
375	16	Ġat	10.535957
375	17	Ġthe	1.43401
375	18	Ġhospital	1.825028
375	19	.	1.240299
375	20	<|endoftext|>	6.504061
376	1	<|endoftext|>	0.0
376	2	They	9.396978
376	3	Ġknow	7.895982
376	4	Ġwho	5.464162
376	5	Ġthe	4.252062
376	6	Ġdoctor	10.969049
376	7	Ġbelieved	11.569874
376	8	Ġthe	7.303398
376	9	Ġman	4.430678
376	10	Ġsaid	9.433232
376	11	Ġhe	0.922309
376	12	Ġthought	10.956916
376	13	Ġthe	6.682707
376	14	Ġnurse	8.496759
376	15	Ġreassured	19.987012
376	16	Ġthe	7.170325
376	17	Ġold	13.845247
376	18	Ġwoman	2.624418
376	19	Ġat	6.822028
376	20	Ġthe	0.889348
376	21	Ġhospital	1.46021
376	22	.	0.99113
376	23	<|endoftext|>	6.260811
377	1	<|endoftext|>	0.0
377	2	They	9.396978
377	3	Ġknow	7.895982
377	4	Ġthat	2.878192
377	5	Ġthe	3.625553
377	6	Ġdoctor	12.401468
377	7	Ġbelieved	11.954482
377	8	Ġthe	3.483282
377	9	Ġman	5.085362
377	10	Ġsaid	9.982735
377	11	Ġhe	1.742011
377	12	Ġthought	8.48096
377	13	Ġthe	3.26422
377	14	Ġnurse	9.731452
377	15	Ġreassured	18.117925
377	16	Ġat	14.022943
377	17	Ġthe	2.067148
377	18	Ġhospital	2.315327
377	19	.	2.881613
377	20	<|endoftext|>	6.789947
378	1	<|endoftext|>	0.0
378	2	They	9.396978
378	3	Ġknow	7.895982
378	4	Ġthat	2.878192
378	5	Ġthe	3.625553
378	6	Ġdoctor	12.401468
378	7	Ġbelieved	11.954482
378	8	Ġthe	3.483282
378	9	Ġman	5.085362
378	10	Ġsaid	9.982735
378	11	Ġhe	1.742011
378	12	Ġthought	8.48096
378	13	Ġthe	3.26422
378	14	Ġnurse	9.731452
378	15	Ġreassured	18.117925
378	16	Ġthe	6.013647
378	17	Ġold	13.824655
378	18	Ġwoman	2.327475
378	19	Ġat	7.246016
378	20	Ġthe	0.941107
378	21	Ġhospital	1.431353
378	22	.	1.988377
378	23	<|endoftext|>	6.585007
379	1	<|endoftext|>	0.0
379	2	They	9.396978
379	3	Ġknow	7.895982
379	4	Ġwho	5.464162
379	5	Ġthe	4.252062
379	6	Ġdoctor	10.969049
379	7	Ġbelieved	11.569874
379	8	Ġthe	7.303398
379	9	Ġman	4.430678
379	10	Ġsaid	9.433232
379	11	Ġhe	0.922309
379	12	Ġthought	10.956916
379	13	Ġthe	6.682707
379	14	Ġnurse	8.496759
379	15	Ġreassured	19.987012
379	16	Ġat	10.535957
379	17	Ġthe	1.43401
379	18	Ġhospital	1.825028
379	19	.	1.240299
379	20	<|endoftext|>	6.504061
380	1	<|endoftext|>	0.0
380	2	They	9.396978
380	3	Ġknow	7.895982
380	4	Ġwho	5.464162
380	5	Ġthe	4.252062
380	6	Ġdoctor	10.969049
380	7	Ġbelieved	11.569874
380	8	Ġthe	7.303398
380	9	Ġman	4.430678
380	10	Ġsaid	9.433232
380	11	Ġhe	0.922309
380	12	Ġthought	10.956916
380	13	Ġthe	6.682707
380	14	Ġnurse	8.496759
380	15	Ġreassured	19.987012
380	16	Ġthe	7.170325
380	17	Ġold	13.845247
380	18	Ġwoman	2.624418
380	19	Ġat	6.822028
380	20	Ġthe	0.889348
380	21	Ġhospital	1.46021
380	22	.	0.99113
380	23	<|endoftext|>	6.260811
381	1	<|endoftext|>	0.0
381	2	He	8.582737
381	3	Ġreported	12.331583
381	4	Ġthat	2.374096
381	5	Ġthe	2.664716
381	6	Ġcowboy	17.893279
381	7	Ġabandoned	13.764477
381	8	Ġin	5.198283
381	9	Ġthe	1.852808
381	10	Ġdesert	5.384341
381	11	.	8.034008
381	12	<|endoftext|>	6.74027
382	1	<|endoftext|>	0.0
382	2	He	8.582737
382	3	Ġreported	12.331583
382	4	Ġthat	2.374091
382	5	Ġthe	2.664716
382	6	Ġcowboy	17.89329
382	7	Ġabandoned	13.764468
382	8	Ġhis	1.374192
382	9	Ġpartner	11.903149
382	10	Ġin	3.071759
382	11	Ġthe	2.266184
382	12	Ġdesert	6.251922
382	13	.	4.538368
382	14	<|endoftext|>	7.338809
383	1	<|endoftext|>	0.0
383	2	He	8.582737
383	3	Ġreported	12.331583
383	4	Ġwho	12.870045
383	5	Ġthe	4.073936
383	6	Ġcowboy	16.720728
383	7	Ġabandoned	14.635286
383	8	Ġin	3.603025
383	9	Ġthe	1.898628
383	10	Ġdesert	4.421743
383	11	.	2.269339
383	12	<|endoftext|>	6.166891
384	1	<|endoftext|>	0.0
384	2	He	8.582737
384	3	Ġreported	12.331583
384	4	Ġwho	12.870041
384	5	Ġthe	4.073936
384	6	Ġcowboy	16.720717
384	7	Ġabandoned	14.635264
384	8	Ġhis	3.862942
384	9	Ġpartner	12.027649
384	10	Ġin	3.026914
384	11	Ġthe	2.321951
384	12	Ġdesert	5.489592
384	13	.	2.508284
384	14	<|endoftext|>	6.808463
385	1	<|endoftext|>	0.0
385	2	He	8.582737
385	3	Ġreported	12.331583
385	4	Ġthat	2.374096
385	5	Ġthe	2.664716
385	6	Ġfarmer	13.198961
385	7	Ġsaid	5.555008
385	8	Ġthe	3.473702
385	9	Ġcowboy	15.727853
385	10	Ġabandoned	13.467683
385	11	Ġin	7.469749
385	12	Ġthe	1.23557
385	13	Ġdesert	6.366073
385	14	.	7.755425
385	15	<|endoftext|>	5.67998
386	1	<|endoftext|>	0.0
386	2	He	8.582732
386	3	Ġreported	12.331528
386	4	Ġthat	2.374054
386	5	Ġthe	2.664676
386	6	Ġfarmer	13.198979
386	7	Ġsaid	5.554958
386	8	Ġthe	3.473709
386	9	Ġcowboy	15.727818
386	10	Ġabandoned	13.467656
386	11	Ġhis	1.097136
386	12	Ġpartner	12.982193
386	13	Ġin	3.395169
386	14	Ġthe	1.916027
386	15	Ġdesert	6.666696
386	16	.	3.810732
386	17	<|endoftext|>	5.782017
387	1	<|endoftext|>	0.0
387	2	He	8.582737
387	3	Ġreported	12.331583
387	4	Ġwho	12.870045
387	5	Ġthe	4.073936
387	6	Ġfarmer	13.261857
387	7	Ġsaid	6.543491
387	8	Ġthe	5.792425
387	9	Ġcowboy	14.061161
387	10	Ġabandoned	14.402375
387	11	Ġin	3.191084
387	12	Ġthe	1.441069
387	13	Ġdesert	5.728622
387	14	.	2.56759
387	15	<|endoftext|>	5.506633
388	1	<|endoftext|>	0.0
388	2	He	8.582732
388	3	Ġreported	12.331528
388	4	Ġwho	12.869993
388	5	Ġthe	4.073953
388	6	Ġfarmer	13.261851
388	7	Ġsaid	6.543627
388	8	Ġthe	5.792466
388	9	Ġcowboy	14.061079
388	10	Ġabandoned	14.402362
388	11	Ġhis	3.99899
388	12	Ġpartner	13.608837
388	13	Ġin	2.950487
388	14	Ġthe	2.103027
388	15	Ġdesert	6.101845
388	16	.	2.018159
388	17	<|endoftext|>	5.753815
389	1	<|endoftext|>	0.0
389	2	He	8.582732
389	3	Ġreported	12.331528
389	4	Ġthat	2.374054
389	5	Ġthe	2.664676
389	6	Ġfarmer	13.198979
389	7	Ġsaid	5.554958
389	8	Ġhis	4.802285
389	9	Ġfriend	9.235653
389	10	Ġreported	10.342931
389	11	Ġthe	2.305999
389	12	Ġcowboy	16.783659
389	13	Ġabandoned	13.955547
389	14	Ġin	3.49638
389	15	Ġthe	1.115668
389	16	Ġdesert	7.479406
389	17	.	2.650191
389	18	<|endoftext|>	5.827902
390	1	<|endoftext|>	0.0
390	2	He	8.582732
390	3	Ġreported	12.331528
390	4	Ġthat	2.374054
390	5	Ġthe	2.664676
390	6	Ġfarmer	13.198979
390	7	Ġsaid	5.554958
390	8	Ġhis	4.802285
390	9	Ġfriend	9.235653
390	10	Ġreported	10.342931
390	11	Ġthe	2.305999
390	12	Ġcowboy	16.783659
390	13	Ġabandoned	13.955547
390	14	Ġhis	2.085627
390	15	Ġpartner	13.793676
390	16	Ġin	3.220246
390	17	Ġthe	1.89384
390	18	Ġdesert	6.949026
390	19	.	2.414103
390	20	<|endoftext|>	5.83866
391	1	<|endoftext|>	0.0
391	2	He	8.582732
391	3	Ġreported	12.331528
391	4	Ġwho	12.869993
391	5	Ġthe	4.073953
391	6	Ġfarmer	13.261851
391	7	Ġsaid	6.543627
391	8	Ġhis	7.442256
391	9	Ġfriend	6.597662
391	10	Ġreported	12.02346
391	11	Ġthe	4.34403
391	12	Ġcowboy	16.396416
391	13	Ġabandoned	13.294091
391	14	Ġin	2.845273
391	15	Ġthe	1.173692
391	16	Ġdesert	7.209783
391	17	.	1.560851
391	18	<|endoftext|>	5.53992
392	1	<|endoftext|>	0.0
392	2	He	8.582732
392	3	Ġreported	12.331528
392	4	Ġwho	12.869993
392	5	Ġthe	4.073953
392	6	Ġfarmer	13.261851
392	7	Ġsaid	6.543627
392	8	Ġhis	7.442256
392	9	Ġfriend	6.597662
392	10	Ġreported	12.02346
392	11	Ġthe	4.34403
392	12	Ġcowboy	16.396416
392	13	Ġabandoned	13.294091
392	14	Ġhis	2.725749
392	15	Ġpartner	13.738413
392	16	Ġin	3.089955
392	17	Ġthe	1.903004
392	18	Ġdesert	6.619414
392	19	.	1.700814
392	20	<|endoftext|>	5.658279
393	1	<|endoftext|>	0.0
393	2	He	8.582732
393	3	Ġreported	12.331528
393	4	Ġthat	2.374054
393	5	Ġthe	2.664676
393	6	Ġfarmer	13.198979
393	7	Ġsaid	5.554958
393	8	Ġhis	4.802285
393	9	Ġfriend	9.235653
393	10	Ġreported	10.342931
393	11	Ġhe	6.291769
393	12	Ġbelieved	9.886071
393	13	Ġthe	1.789076
393	14	Ġcowboy	14.337338
393	15	Ġabandoned	14.327221
393	16	Ġin	6.365673
393	17	Ġthe	1.076815
393	18	Ġdesert	6.479821
393	19	.	3.047075
393	20	<|endoftext|>	5.466623
394	1	<|endoftext|>	0.0
394	2	He	8.582732
394	3	Ġreported	12.331528
394	4	Ġthat	2.374054
394	5	Ġthe	2.664676
394	6	Ġfarmer	13.198979
394	7	Ġsaid	5.554958
394	8	Ġhis	4.802285
394	9	Ġfriend	9.235653
394	10	Ġreported	10.342931
394	11	Ġhe	6.291769
394	12	Ġbelieved	9.886071
394	13	Ġthe	1.789076
394	14	Ġcowboy	14.337338
394	15	Ġabandoned	14.327221
394	16	Ġhis	1.169012
394	17	Ġpartner	12.000718
394	18	Ġin	3.458688
394	19	Ġthe	1.874097
394	20	Ġdesert	6.423841
394	21	.	1.958878
394	22	<|endoftext|>	5.451821
395	1	<|endoftext|>	0.0
395	2	He	8.582732
395	3	Ġreported	12.331528
395	4	Ġwho	12.869993
395	5	Ġthe	4.073953
395	6	Ġfarmer	13.261851
395	7	Ġsaid	6.543627
395	8	Ġhis	7.442256
395	9	Ġfriend	6.597662
395	10	Ġreported	12.02346
395	11	Ġhe	7.249122
395	12	Ġbelieved	9.162644
395	13	Ġthe	3.90282
395	14	Ġcowboy	14.095662
395	15	Ġabandoned	14.241795
395	16	Ġin	4.138258
395	17	Ġthe	1.201608
395	18	Ġdesert	6.376191
395	19	.	1.830881
395	20	<|endoftext|>	5.269077
396	1	<|endoftext|>	0.0
396	2	He	8.582732
396	3	Ġreported	12.331528
396	4	Ġwho	12.869993
396	5	Ġthe	4.073953
396	6	Ġfarmer	13.261851
396	7	Ġsaid	6.543627
396	8	Ġhis	7.442256
396	9	Ġfriend	6.597662
396	10	Ġreported	12.02346
396	11	Ġhe	7.249122
396	12	Ġbelieved	9.162644
396	13	Ġthe	3.90282
396	14	Ġcowboy	14.095662
396	15	Ġabandoned	14.241795
396	16	Ġhis	2.020664
396	17	Ġpartner	12.052503
396	18	Ġin	3.282939
396	19	Ġthe	1.938996
396	20	Ġdesert	6.237756
396	21	.	1.521396
396	22	<|endoftext|>	5.343813
397	1	<|endoftext|>	0.0
397	2	He	8.582732
397	3	Ġreported	12.331528
397	4	Ġthat	2.374054
397	5	Ġthe	2.664676
397	6	Ġfarmer	13.198979
397	7	Ġsaid	5.554958
397	8	Ġhis	4.802285
397	9	Ġfriend	9.235653
397	10	Ġreported	10.342931
397	11	Ġhe	6.291769
397	12	Ġbelieved	9.886071
397	13	Ġthe	1.789076
397	14	Ġcowboy	14.337338
397	15	Ġabandoned	14.327221
397	16	Ġin	6.365673
397	17	Ġthe	1.076815
397	18	Ġdesert	6.479821
397	19	.	3.047075
397	20	<|endoftext|>	5.466623
398	1	<|endoftext|>	0.0
398	2	He	8.582732
398	3	Ġreported	12.331528
398	4	Ġthat	2.374054
398	5	Ġthe	2.664676
398	6	Ġfarmer	13.198979
398	7	Ġsaid	5.554958
398	8	Ġhis	4.802285
398	9	Ġfriend	9.235653
398	10	Ġreported	10.342931
398	11	Ġhe	6.291769
398	12	Ġbelieved	9.886071
398	13	Ġthe	1.789076
398	14	Ġcowboy	14.337338
398	15	Ġabandoned	14.327221
398	16	Ġhis	1.169012
398	17	Ġpartner	12.000718
398	18	Ġin	3.458688
398	19	Ġthe	1.874097
398	20	Ġdesert	6.423841
398	21	.	1.958878
398	22	<|endoftext|>	5.451821
399	1	<|endoftext|>	0.0
399	2	He	8.582732
399	3	Ġreported	12.331528
399	4	Ġwho	12.869993
399	5	Ġthe	4.073953
399	6	Ġfarmer	13.261851
399	7	Ġsaid	6.543627
399	8	Ġhis	7.442256
399	9	Ġfriend	6.597662
399	10	Ġreported	12.02346
399	11	Ġhe	7.249122
399	12	Ġbelieved	9.162644
399	13	Ġthe	3.90282
399	14	Ġcowboy	14.095662
399	15	Ġabandoned	14.241795
399	16	Ġin	4.138258
399	17	Ġthe	1.201608
399	18	Ġdesert	6.376191
399	19	.	1.830881
399	20	<|endoftext|>	5.269077
400	1	<|endoftext|>	0.0
400	2	He	8.582732
400	3	Ġreported	12.331528
400	4	Ġwho	12.869993
400	5	Ġthe	4.073953
400	6	Ġfarmer	13.261851
400	7	Ġsaid	6.543627
400	8	Ġhis	7.442256
400	9	Ġfriend	6.597662
400	10	Ġreported	12.02346
400	11	Ġhe	7.249122
400	12	Ġbelieved	9.162644
400	13	Ġthe	3.90282
400	14	Ġcowboy	14.095662
400	15	Ġabandoned	14.241795
400	16	Ġhis	2.020664
400	17	Ġpartner	12.052503
400	18	Ġin	3.282939
400	19	Ġthe	1.938996
400	20	Ġdesert	6.237756
400	21	.	1.521396
400	22	<|endoftext|>	5.343813
401	1	<|endoftext|>	0.0
401	2	They	9.39695
401	3	Ġreported	10.956506
401	4	Ġthat	2.208508
401	5	Ġthe	2.648978
401	6	Ġmanager	12.089285
401	7	Ġpromoted	13.574021
401	8	Ġyesterday	13.418699
401	9	.	5.818629
401	10	<|endoftext|>	6.483425
402	1	<|endoftext|>	0.0
402	2	They	9.39695
402	3	Ġreported	10.956506
402	4	Ġthat	2.20851
402	5	Ġthe	2.648978
402	6	Ġmanager	12.089285
402	7	Ġpromoted	13.574022
402	8	Ġthe	3.547655
402	9	Ġaccountant	15.648809
402	10	Ġyesterday	12.161562
402	11	.	3.409599
402	12	<|endoftext|>	5.961788
403	1	<|endoftext|>	0.0
403	2	They	9.39695
403	3	Ġreported	10.956506
403	4	Ġwho	12.973994
403	5	Ġthe	4.219928
403	6	Ġmanager	11.921037
403	7	Ġpromoted	15.682691
403	8	Ġyesterday	10.002977
403	9	.	1.966406
403	10	<|endoftext|>	6.202426
404	1	<|endoftext|>	0.0
404	2	They	9.39695
404	3	Ġreported	10.956506
404	4	Ġwho	12.973997
404	5	Ġthe	4.219928
404	6	Ġmanager	11.921037
404	7	Ġpromoted	15.682667
404	8	Ġthe	6.230098
404	9	Ġaccountant	19.80344
404	10	Ġyesterday	13.336175
404	11	.	1.712338
404	12	<|endoftext|>	6.402355
405	1	<|endoftext|>	0.0
405	2	They	9.39695
405	3	Ġreported	10.956506
405	4	Ġthat	2.208508
405	5	Ġthe	2.648978
405	6	Ġexecutive	13.819975
405	7	Ġsaid	7.767033
405	8	Ġthe	3.053833
405	9	Ġmanager	11.976324
405	10	Ġpromoted	13.350741
405	11	Ġyesterday	14.573634
405	12	.	5.671043
405	13	<|endoftext|>	5.446887
406	1	<|endoftext|>	0.0
406	2	They	9.39695
406	3	Ġreported	10.956506
406	4	Ġthat	2.20851
406	5	Ġthe	2.648978
406	6	Ġexecutive	13.819975
406	7	Ġsaid	7.767049
406	8	Ġthe	3.053842
406	9	Ġmanager	11.976324
406	10	Ġpromoted	13.350739
406	11	Ġthe	3.016008
406	12	Ġaccountant	13.736543
406	13	Ġyesterday	13.072941
406	14	.	2.933788
406	15	<|endoftext|>	5.324398
407	1	<|endoftext|>	0.0
407	2	They	9.39695
407	3	Ġreported	10.956506
407	4	Ġwho	12.973994
407	5	Ġthe	4.219928
407	6	Ġexecutive	13.605058
407	7	Ġsaid	5.566529
407	8	Ġthe	5.161882
407	9	Ġmanager	10.404317
407	10	Ġpromoted	13.68501
407	11	Ġyesterday	11.472627
407	12	.	1.408453
407	13	<|endoftext|>	5.661026
408	1	<|endoftext|>	0.0
408	2	They	9.39695
408	3	Ġreported	10.956506
408	4	Ġwho	12.973997
408	5	Ġthe	4.219928
408	6	Ġexecutive	13.605058
408	7	Ġsaid	5.566534
408	8	Ġthe	5.161912
408	9	Ġmanager	10.404317
408	10	Ġpromoted	13.685012
408	11	Ġthe	6.296554
408	12	Ġaccountant	16.741655
408	13	Ġyesterday	13.539237
408	14	.	1.282146
408	15	<|endoftext|>	5.929196
409	1	<|endoftext|>	0.0
409	2	They	9.396972
409	3	Ġreported	10.95643
409	4	Ġthat	2.20852
409	5	Ġthe	2.648967
409	6	Ġexecutive	13.819988
409	7	Ġsaid	7.767069
409	8	Ġa	6.853864
409	9	Ġreporter	9.867524
409	10	Ġbelieved	9.816844
409	11	Ġthe	2.268372
409	12	Ġmanager	11.313842
409	13	Ġpromoted	13.227307
409	14	Ġyesterday	15.3206
409	15	.	4.342471
409	16	<|endoftext|>	5.390609
410	1	<|endoftext|>	0.0
410	2	They	9.396978
410	3	Ġreported	10.956426
410	4	Ġthat	2.208518
410	5	Ġthe	2.648968
410	6	Ġexecutive	13.82
410	7	Ġsaid	7.767044
410	8	Ġa	6.85387
410	9	Ġreporter	9.867538
410	10	Ġbelieved	9.816868
410	11	Ġthe	2.268378
410	12	Ġmanager	11.313848
410	13	Ġpromoted	13.227297
410	14	Ġthe	3.101361
410	15	Ġaccountant	14.627152
410	16	Ġyesterday	14.205816
410	17	.	2.228588
410	18	<|endoftext|>	5.250591
411	1	<|endoftext|>	0.0
411	2	They	9.396972
411	3	Ġreported	10.95643
411	4	Ġwho	12.973919
411	5	Ġthe	4.219939
411	6	Ġexecutive	13.605011
411	7	Ġsaid	5.56654
411	8	Ġa	9.69443
411	9	Ġreporter	7.895323
411	10	Ġbelieved	7.885435
411	11	Ġthe	7.312878
411	12	Ġmanager	11.041175
411	13	Ġpromoted	13.312913
411	14	Ġyesterday	13.289793
411	15	.	1.341634
411	16	<|endoftext|>	5.722103
412	1	<|endoftext|>	0.0
412	2	They	9.396978
412	3	Ġreported	10.956426
412	4	Ġwho	12.973917
412	5	Ġthe	4.219927
412	6	Ġexecutive	13.605001
412	7	Ġsaid	5.566542
412	8	Ġa	9.694404
412	9	Ġreporter	7.89533
412	10	Ġbelieved	7.885438
412	11	Ġthe	7.312851
412	12	Ġmanager	11.041164
412	13	Ġpromoted	13.312914
412	14	Ġthe	6.809615
412	15	Ġaccountant	15.60935
412	16	Ġyesterday	13.641222
412	17	.	1.182499
412	18	<|endoftext|>	5.843433
413	1	<|endoftext|>	0.0
413	2	They	9.396978
413	3	Ġreported	10.956426
413	4	Ġthat	2.208518
413	5	Ġthe	2.648968
413	6	Ġexecutive	13.82
413	7	Ġsaid	7.767044
413	8	Ġa	6.85387
413	9	Ġreporter	9.867538
413	10	Ġbelieved	9.816868
413	11	Ġthe	2.268378
413	12	Ġclient	11.831194
413	13	Ġsaid	8.56215
413	14	Ġthe	2.660772
413	15	Ġmanager	8.73449
413	16	Ġpromoted	12.55874
413	17	Ġyesterday	17.048999
413	18	.	3.773534
413	19	<|endoftext|>	5.291837
414	1	<|endoftext|>	0.0
414	2	They	9.396978
414	3	Ġreported	10.956426
414	4	Ġthat	2.208518
414	5	Ġthe	2.648968
414	6	Ġexecutive	13.82
414	7	Ġsaid	7.767044
414	8	Ġa	6.85387
414	9	Ġreporter	9.867538
414	10	Ġbelieved	9.816868
414	11	Ġthe	2.268378
414	12	Ġclient	11.831194
414	13	Ġsaid	8.56215
414	14	Ġthe	2.660772
414	15	Ġmanager	8.73449
414	16	Ġpromoted	12.55874
414	17	Ġthe	3.180935
414	18	Ġaccountant	12.511453
414	19	Ġyesterday	14.887018
414	20	.	1.985668
414	21	<|endoftext|>	5.143411
415	1	<|endoftext|>	0.0
415	2	They	9.396978
415	3	Ġreported	10.956426
415	4	Ġwho	12.973917
415	5	Ġthe	4.219927
415	6	Ġexecutive	13.605001
415	7	Ġsaid	5.566542
415	8	Ġa	9.694404
415	9	Ġreporter	7.89533
415	10	Ġbelieved	7.885438
415	11	Ġthe	7.312851
415	12	Ġclient	11.514053
415	13	Ġsaid	7.699412
415	14	Ġthe	4.66243
415	15	Ġmanager	8.710987
415	16	Ġpromoted	12.296424
415	17	Ġyesterday	14.855153
415	18	.	1.626931
415	19	<|endoftext|>	5.623409
416	1	<|endoftext|>	0.0
416	2	They	9.396978
416	3	Ġreported	10.956426
416	4	Ġwho	12.973917
416	5	Ġthe	4.219927
416	6	Ġexecutive	13.605001
416	7	Ġsaid	5.566542
416	8	Ġa	9.694404
416	9	Ġreporter	7.89533
416	10	Ġbelieved	7.885438
416	11	Ġthe	7.312851
416	12	Ġclient	11.514053
416	13	Ġsaid	7.699412
416	14	Ġthe	4.66243
416	15	Ġmanager	8.710987
416	16	Ġpromoted	12.296424
416	17	Ġthe	5.263133
416	18	Ġaccountant	12.804115
416	19	Ġyesterday	14.626159
416	20	.	1.241531
416	21	<|endoftext|>	5.66286
417	1	<|endoftext|>	0.0
417	2	They	9.396978
417	3	Ġreported	10.956426
417	4	Ġthat	2.208518
417	5	Ġthe	2.648968
417	6	Ġexecutive	13.82
417	7	Ġsaid	7.767044
417	8	Ġa	6.85387
417	9	Ġreporter	9.867538
417	10	Ġbelieved	9.816868
417	11	Ġthe	2.268378
417	12	Ġclient	11.831194
417	13	Ġsaid	8.56215
417	14	Ġthe	2.660772
417	15	Ġmanager	8.73449
417	16	Ġpromoted	12.55874
417	17	Ġyesterday	17.048999
417	18	.	3.773534
417	19	<|endoftext|>	5.291837
418	1	<|endoftext|>	0.0
418	2	They	9.396978
418	3	Ġreported	10.956426
418	4	Ġthat	2.208518
418	5	Ġthe	2.648968
418	6	Ġexecutive	13.82
418	7	Ġsaid	7.767044
418	8	Ġa	6.85387
418	9	Ġreporter	9.867538
418	10	Ġbelieved	9.816868
418	11	Ġthe	2.268378
418	12	Ġclient	11.831194
418	13	Ġsaid	8.56215
418	14	Ġthe	2.660772
418	15	Ġmanager	8.73449
418	16	Ġpromoted	12.55874
418	17	Ġthe	3.180935
418	18	Ġaccountant	12.511453
418	19	Ġyesterday	14.887018
418	20	.	1.985668
418	21	<|endoftext|>	5.143411
419	1	<|endoftext|>	0.0
419	2	They	9.396978
419	3	Ġreported	10.956426
419	4	Ġwho	12.973917
419	5	Ġthe	4.219927
419	6	Ġexecutive	13.605001
419	7	Ġsaid	5.566542
419	8	Ġa	9.694404
419	9	Ġreporter	7.89533
419	10	Ġbelieved	7.885438
419	11	Ġthe	7.312851
419	12	Ġclient	11.514053
419	13	Ġsaid	7.699412
419	14	Ġthe	4.66243
419	15	Ġmanager	8.710987
419	16	Ġpromoted	12.296424
419	17	Ġyesterday	14.855153
419	18	.	1.626931
419	19	<|endoftext|>	5.623409
420	1	<|endoftext|>	0.0
420	2	They	9.396978
420	3	Ġreported	10.956426
420	4	Ġwho	12.973917
420	5	Ġthe	4.219927
420	6	Ġexecutive	13.605001
420	7	Ġsaid	5.566542
420	8	Ġa	9.694404
420	9	Ġreporter	7.89533
420	10	Ġbelieved	7.885438
420	11	Ġthe	7.312851
420	12	Ġclient	11.514053
420	13	Ġsaid	7.699412
420	14	Ġthe	4.66243
420	15	Ġmanager	8.710987
420	16	Ġpromoted	12.296424
420	17	Ġthe	5.263133
420	18	Ġaccountant	12.804115
420	19	Ġyesterday	14.626159
420	20	.	1.241531
420	21	<|endoftext|>	5.66286
421	1	<|endoftext|>	0.0
421	2	They	9.39695
421	3	Ġrecalled	14.566953
421	4	Ġthat	3.308536
421	5	Ġthe	3.388505
421	6	Ġhe	13.898367
421	7	i	2.668526
421	8	ress	0.054684
421	9	Ġdivorced	13.775652
421	10	Ġlast	10.240688
421	11	Ġyear	1.382506
421	12	.	3.073112
421	13	<|endoftext|>	6.218168
422	1	<|endoftext|>	0.0
422	2	They	9.39695
422	3	Ġrecalled	14.566953
422	4	Ġthat	3.308533
422	5	Ġthe	3.388505
422	6	Ġhe	13.898367
422	7	i	2.668499
422	8	ress	0.054684
422	9	Ġdivorced	13.775652
422	10	Ġthe	4.329485
422	11	Ġcount	14.057722
422	12	Ġlast	10.410703
422	13	Ġyear	1.073682
422	14	.	2.633368
422	15	<|endoftext|>	5.773103
423	1	<|endoftext|>	0.0
423	2	They	9.39695
423	3	Ġrecalled	14.566953
423	4	Ġwho	9.746003
423	5	Ġthe	4.823408
423	6	Ġhe	13.629796
423	7	i	1.142344
423	8	ress	0.043982
423	9	Ġdivorced	17.378166
423	10	Ġlast	7.731752
423	11	Ġyear	1.136066
423	12	.	1.788354
423	13	<|endoftext|>	6.677073
424	1	<|endoftext|>	0.0
424	2	They	9.39695
424	3	Ġrecalled	14.566953
424	4	Ġwho	9.746001
424	5	Ġthe	4.823408
424	6	Ġhe	13.629796
424	7	i	1.142343
424	8	ress	0.043982
424	9	Ġdivorced	17.378166
424	10	Ġthe	6.206116
424	11	Ġcount	16.185066
424	12	Ġlast	10.38807
424	13	Ġyear	1.064616
424	14	.	1.636235
424	15	<|endoftext|>	6.263647
425	1	<|endoftext|>	0.0
425	2	They	9.396972
425	3	Ġrecalled	14.567064
425	4	Ġthat	3.308589
425	5	Ġthe	3.388525
425	6	Ġwriter	13.540819
425	7	Ġthought	9.385904
425	8	Ġthe	3.223052
425	9	Ġhe	13.876997
425	10	i	3.414562
425	11	ress	0.034284
425	12	Ġdivorced	16.657005
425	13	Ġlast	11.795581
425	14	Ġyear	1.217125
425	15	.	2.383966
425	16	<|endoftext|>	6.250471
426	1	<|endoftext|>	0.0
426	2	They	9.396978
426	3	Ġrecalled	14.567082
426	4	Ġthat	3.308581
426	5	Ġthe	3.38853
426	6	Ġwriter	13.540817
426	7	Ġthought	9.385893
426	8	Ġthe	3.223039
426	9	Ġhe	13.876986
426	10	i	3.414573
426	11	ress	0.034284
426	12	Ġdivorced	16.657033
426	13	Ġthe	4.17606
426	14	Ġcount	13.456132
426	15	Ġlast	10.813415
426	16	Ġyear	0.929742
426	17	.	2.035532
426	18	<|endoftext|>	5.914926
427	1	<|endoftext|>	0.0
427	2	They	9.396972
427	3	Ġrecalled	14.567064
427	4	Ġwho	9.746023
427	5	Ġthe	4.82352
427	6	Ġwriter	10.819711
427	7	Ġthought	8.487653
427	8	Ġthe	4.244259
427	9	Ġhe	13.873122
427	10	i	1.334723
427	11	ress	0.028398
427	12	Ġdivorced	20.002145
427	13	Ġlast	9.300938
427	14	Ġyear	1.170704
427	15	.	1.203084
427	16	<|endoftext|>	6.590511
428	1	<|endoftext|>	0.0
428	2	They	9.396978
428	3	Ġrecalled	14.567082
428	4	Ġwho	9.746037
428	5	Ġthe	4.823518
428	6	Ġwriter	10.819691
428	7	Ġthought	8.487623
428	8	Ġthe	4.244259
428	9	Ġhe	13.873107
428	10	i	1.334713
428	11	ress	0.028398
428	12	Ġdivorced	20.002159
428	13	Ġthe	6.044659
428	14	Ġcount	14.73739
428	15	Ġlast	11.400742
428	16	Ġyear	1.049441
428	17	.	1.166793
428	18	<|endoftext|>	6.259176
429	1	<|endoftext|>	0.0
429	2	They	9.396978
429	3	Ġrecalled	14.567082
429	4	Ġthat	3.308581
429	5	Ġthe	3.38853
429	6	Ġwriter	13.540817
429	7	Ġthought	9.385893
429	8	Ġthe	3.223039
429	9	Ġman	7.349701
429	10	Ġsaid	8.746191
429	11	Ġthe	3.577377
429	12	Ġhe	13.763458
429	13	i	5.366421
429	14	ress	0.04451
429	15	Ġdivorced	15.2356
429	16	Ġlast	13.516309
429	17	Ġyear	1.131901
429	18	.	2.093663
429	19	<|endoftext|>	5.742319
430	1	<|endoftext|>	0.0
430	2	They	9.396978
430	3	Ġrecalled	14.567082
430	4	Ġthat	3.308581
430	5	Ġthe	3.38853
430	6	Ġwriter	13.540817
430	7	Ġthought	9.385893
430	8	Ġthe	3.223039
430	9	Ġman	7.349701
430	10	Ġsaid	8.746191
430	11	Ġthe	3.577377
430	12	Ġhe	13.763458
430	13	i	5.366421
430	14	ress	0.04451
430	15	Ġdivorced	15.2356
430	16	Ġthe	5.056392
430	17	Ġcount	14.23107
430	18	Ġlast	10.965509
430	19	Ġyear	0.915607
430	20	.	1.725393
430	21	<|endoftext|>	5.504421
431	1	<|endoftext|>	0.0
431	2	They	9.396978
431	3	Ġrecalled	14.567082
431	4	Ġwho	9.746037
431	5	Ġthe	4.823518
431	6	Ġwriter	10.819691
431	7	Ġthought	8.487623
431	8	Ġthe	4.244259
431	9	Ġman	5.732126
431	10	Ġsaid	10.260243
431	11	Ġthe	5.628472
431	12	Ġhe	11.118264
431	13	i	4.660792
431	14	ress	0.03495
431	15	Ġdivorced	17.413073
431	16	Ġlast	9.936131
431	17	Ġyear	1.101846
431	18	.	1.099142
431	19	<|endoftext|>	5.950639
432	1	<|endoftext|>	0.0
432	2	They	9.396978
432	3	Ġrecalled	14.567082
432	4	Ġwho	9.746037
432	5	Ġthe	4.823518
432	6	Ġwriter	10.819691
432	7	Ġthought	8.487623
432	8	Ġthe	4.244259
432	9	Ġman	5.732126
432	10	Ġsaid	10.260243
432	11	Ġthe	5.628472
432	12	Ġhe	11.118264
432	13	i	4.660792
432	14	ress	0.03495
432	15	Ġdivorced	17.413073
432	16	Ġthe	6.301073
432	17	Ġcount	14.988098
432	18	Ġlast	11.100801
432	19	Ġyear	0.998818
432	20	.	1.023951
432	21	<|endoftext|>	5.676621
433	1	<|endoftext|>	0.0
433	2	They	9.396978
433	3	Ġrecalled	14.567082
433	4	Ġthat	3.308581
433	5	Ġthe	3.38853
433	6	Ġwriter	13.540817
433	7	Ġthought	9.385893
433	8	Ġthe	3.223039
433	9	Ġman	7.349701
433	10	Ġsaid	8.746191
433	11	Ġhis	5.791094
433	12	Ġbrother	8.295026
433	13	Ġbelieved	10.629449
433	14	Ġthe	2.968385
433	15	Ġhe	13.111002
433	16	i	5.650628
433	17	ress	0.031221
433	18	Ġdivorced	15.454664
433	19	Ġlast	15.164559
433	20	Ġyear	1.039601
433	21	.	1.376636
433	22	<|endoftext|>	5.520186
434	1	<|endoftext|>	0.0
434	2	They	9.396978
434	3	Ġrecalled	14.567082
434	4	Ġthat	3.308581
434	5	Ġthe	3.38853
434	6	Ġwriter	13.540817
434	7	Ġthought	9.385893
434	8	Ġthe	3.223039
434	9	Ġman	7.349701
434	10	Ġsaid	8.746191
434	11	Ġhis	5.791094
434	12	Ġbrother	8.295026
434	13	Ġbelieved	10.629449
434	14	Ġthe	2.968385
434	15	Ġhe	13.111002
434	16	i	5.650628
434	17	ress	0.031221
434	18	Ġdivorced	15.454664
434	19	Ġthe	5.140673
434	20	Ġcount	14.794656
434	21	Ġlast	11.91803
434	22	Ġyear	0.860272
434	23	.	1.18106
434	24	<|endoftext|>	5.367162
435	1	<|endoftext|>	0.0
435	2	They	9.396978
435	3	Ġrecalled	14.567082
435	4	Ġwho	9.746037
435	5	Ġthe	4.823518
435	6	Ġwriter	10.819691
435	7	Ġthought	8.487623
435	8	Ġthe	4.244259
435	9	Ġman	5.732126
435	10	Ġsaid	10.260243
435	11	Ġhis	7.717888
435	12	Ġbrother	7.622416
435	13	Ġbelieved	10.568099
435	14	Ġthe	5.551874
435	15	Ġhe	12.041749
435	16	i	4.507029
435	17	ress	0.030138
435	18	Ġdivorced	16.477582
435	19	Ġlast	12.304192
435	20	Ġyear	1.064905
435	21	.	0.979927
435	22	<|endoftext|>	5.784557
436	1	<|endoftext|>	0.0
436	2	They	9.396978
436	3	Ġrecalled	14.567082
436	4	Ġwho	9.746037
436	5	Ġthe	4.823518
436	6	Ġwriter	10.819691
436	7	Ġthought	8.487623
436	8	Ġthe	4.244259
436	9	Ġman	5.732126
436	10	Ġsaid	10.260243
436	11	Ġhis	7.717888
436	12	Ġbrother	7.622416
436	13	Ġbelieved	10.568099
436	14	Ġthe	5.551874
436	15	Ġhe	12.041749
436	16	i	4.507029
436	17	ress	0.030138
436	18	Ġdivorced	16.477582
436	19	Ġthe	6.101083
436	20	Ġcount	15.202111
436	21	Ġlast	11.42758
436	22	Ġyear	0.947438
436	23	.	0.886411
436	24	<|endoftext|>	5.602362
437	1	<|endoftext|>	0.0
437	2	They	9.396978
437	3	Ġrecalled	14.567082
437	4	Ġthat	3.308581
437	5	Ġthe	3.38853
437	6	Ġwriter	13.540817
437	7	Ġthought	9.385893
437	8	Ġthe	3.223039
437	9	Ġman	7.349701
437	10	Ġsaid	8.746191
437	11	Ġhis	5.791094
437	12	Ġbrother	8.295026
437	13	Ġbelieved	10.629449
437	14	Ġthe	2.968385
437	15	Ġhe	13.111002
437	16	i	5.650628
437	17	ress	0.031221
437	18	Ġdivorced	15.454664
437	19	Ġlast	15.164559
437	20	Ġyear	1.039601
437	21	.	1.376636
437	22	<|endoftext|>	5.520186
438	1	<|endoftext|>	0.0
438	2	They	9.396978
438	3	Ġrecalled	14.567082
438	4	Ġthat	3.308581
438	5	Ġthe	3.38853
438	6	Ġwriter	13.540817
438	7	Ġthought	9.385893
438	8	Ġthe	3.223039
438	9	Ġman	7.349701
438	10	Ġsaid	8.746191
438	11	Ġhis	5.791094
438	12	Ġbrother	8.295026
438	13	Ġbelieved	10.629449
438	14	Ġthe	2.968385
438	15	Ġhe	13.111002
438	16	i	5.650628
438	17	ress	0.031221
438	18	Ġdivorced	15.454664
438	19	Ġthe	5.140673
438	20	Ġcount	14.794656
438	21	Ġlast	11.91803
438	22	Ġyear	0.860272
438	23	.	1.18106
438	24	<|endoftext|>	5.367162
439	1	<|endoftext|>	0.0
439	2	They	9.396978
439	3	Ġrecalled	14.567082
439	4	Ġwho	9.746037
439	5	Ġthe	4.823518
439	6	Ġwriter	10.819691
439	7	Ġthought	8.487623
439	8	Ġthe	4.244259
439	9	Ġman	5.732126
439	10	Ġsaid	10.260243
439	11	Ġhis	7.717888
439	12	Ġbrother	7.622416
439	13	Ġbelieved	10.568099
439	14	Ġthe	5.551874
439	15	Ġhe	12.041749
439	16	i	4.507029
439	17	ress	0.030138
439	18	Ġdivorced	16.477582
439	19	Ġlast	12.304192
439	20	Ġyear	1.064905
439	21	.	0.979927
439	22	<|endoftext|>	5.784557
440	1	<|endoftext|>	0.0
440	2	They	9.396978
440	3	Ġrecalled	14.567082
440	4	Ġwho	9.746037
440	5	Ġthe	4.823518
440	6	Ġwriter	10.819691
440	7	Ġthought	8.487623
440	8	Ġthe	4.244259
440	9	Ġman	5.732126
440	10	Ġsaid	10.260243
440	11	Ġhis	7.717888
440	12	Ġbrother	7.622416
440	13	Ġbelieved	10.568099
440	14	Ġthe	5.551874
440	15	Ġhe	12.041749
440	16	i	4.507029
440	17	ress	0.030138
440	18	Ġdivorced	16.477582
440	19	Ġthe	6.101083
440	20	Ġcount	15.202111
440	21	Ġlast	11.42758
440	22	Ġyear	0.947438
440	23	.	0.886411
440	24	<|endoftext|>	5.602362
441	1	<|endoftext|>	0.0
441	2	The	4.729313
441	3	Ġassistant	14.661116
441	4	Ġtold	11.456048
441	5	Ġme	3.659077
441	6	Ġthat	1.497244
441	7	Ġthe	3.206923
441	8	Ġpilot	11.241708
441	9	Ġsent	9.847487
441	10	Ġto	4.804893
441	11	Ġhis	6.953216
441	12	Ġfamily	6.450731
441	13	.	9.130179
441	14	<|endoftext|>	8.075754
442	1	<|endoftext|>	0.0
442	2	The	4.729286
442	3	Ġassistant	14.661105
442	4	Ġtold	11.456074
442	5	Ġme	3.659049
442	6	Ġthat	1.497251
442	7	Ġthe	3.206992
442	8	Ġpilot	11.241709
442	9	Ġsent	9.847513
442	10	Ġthe	3.812972
442	11	Ġpackage	8.34946
442	12	Ġto	1.439903
442	13	Ġhis	3.909128
442	14	Ġfamily	5.783868
442	15	.	3.12856
442	16	<|endoftext|>	8.338741
443	1	<|endoftext|>	0.0
443	2	The	4.729313
443	3	Ġassistant	14.661116
443	4	Ġtold	11.456048
443	5	Ġme	3.659077
443	6	Ġwhat	8.037725
443	7	Ġthe	4.269822
443	8	Ġpilot	11.53207
443	9	Ġsent	10.144038
443	10	Ġto	3.660278
443	11	Ġhis	4.482343
443	12	Ġfamily	6.620462
443	13	.	1.974589
443	14	<|endoftext|>	8.841081
444	1	<|endoftext|>	0.0
444	2	The	4.729286
444	3	Ġassistant	14.661105
444	4	Ġtold	11.456074
444	5	Ġme	3.659049
444	6	Ġwhat	8.037721
444	7	Ġthe	4.269821
444	8	Ġpilot	11.532092
444	9	Ġsent	10.143992
444	10	Ġthe	6.895783
444	11	Ġpackage	10.325887
444	12	Ġto	0.921749
444	13	Ġhis	5.975203
444	14	Ġfamily	5.643191
444	15	.	1.484082
444	16	<|endoftext|>	8.768978
445	1	<|endoftext|>	0.0
445	2	The	4.729281
445	3	Ġassistant	14.661097
445	4	Ġtold	11.45606
445	5	Ġme	3.659039
445	6	Ġthat	1.497253
445	7	Ġthe	3.206986
445	8	Ġman	7.405276
445	9	Ġknew	9.258176
445	10	Ġthe	3.321853
445	11	Ġpilot	12.092385
445	12	Ġsent	12.33948
445	13	Ġto	4.559196
445	14	Ġhis	6.892638
445	15	Ġfamily	7.057217
445	16	.	3.48187
445	17	<|endoftext|>	8.751316
446	1	<|endoftext|>	0.0
446	2	The	4.729281
446	3	Ġassistant	14.661097
446	4	Ġtold	11.45606
446	5	Ġme	3.659039
446	6	Ġthat	1.497253
446	7	Ġthe	3.206986
446	8	Ġman	7.405276
446	9	Ġknew	9.258176
446	10	Ġthe	3.321853
446	11	Ġpilot	12.092385
446	12	Ġsent	12.33948
446	13	Ġthe	2.936549
446	14	Ġpackage	8.090128
446	15	Ġto	1.529119
446	16	Ġhis	3.567874
446	17	Ġfamily	6.024962
446	18	.	2.192364
446	19	<|endoftext|>	8.56603
447	1	<|endoftext|>	0.0
447	2	The	4.729281
447	3	Ġassistant	14.661097
447	4	Ġtold	11.45606
447	5	Ġme	3.659039
447	6	Ġwhat	8.037734
447	7	Ġthe	4.269806
447	8	Ġman	7.960251
447	9	Ġknew	8.63982
447	10	Ġthe	7.931309
447	11	Ġpilot	12.051957
447	12	Ġsent	11.66887
447	13	Ġto	2.313174
447	14	Ġhis	4.505491
447	15	Ġfamily	6.504495
447	16	.	1.852077
447	17	<|endoftext|>	8.590513
448	1	<|endoftext|>	0.0
448	2	The	4.729281
448	3	Ġassistant	14.661097
448	4	Ġtold	11.45606
448	5	Ġme	3.659039
448	6	Ġwhat	8.037734
448	7	Ġthe	4.269806
448	8	Ġman	7.960251
448	9	Ġknew	8.63982
448	10	Ġthe	7.931309
448	11	Ġpilot	12.051957
448	12	Ġsent	11.66887
448	13	Ġthe	6.707136
448	14	Ġpackage	9.277721
448	15	Ġto	1.494657
448	16	Ġhis	4.469337
448	17	Ġfamily	5.853757
448	18	.	1.449497
448	19	<|endoftext|>	8.119613
449	1	<|endoftext|>	0.0
449	2	The	4.729281
449	3	Ġassistant	14.661097
449	4	Ġtold	11.45606
449	5	Ġme	3.659039
449	6	Ġthat	1.497253
449	7	Ġthe	3.206986
449	8	Ġman	7.405276
449	9	Ġknew	9.258176
449	10	Ġhis	4.255589
449	11	Ġfriend	7.502174
449	12	Ġrecalled	16.336565
449	13	Ġthe	3.532873
449	14	Ġpilot	14.492103
449	15	Ġsent	13.215239
449	16	Ġto	2.483376
449	17	Ġhis	6.1848
449	18	Ġfamily	6.832364
449	19	.	2.952819
449	20	<|endoftext|>	8.430241
450	1	<|endoftext|>	0.0
450	2	The	4.729281
450	3	Ġassistant	14.661097
450	4	Ġtold	11.45606
450	5	Ġme	3.659039
450	6	Ġthat	1.497253
450	7	Ġthe	3.206986
450	8	Ġman	7.405276
450	9	Ġknew	9.258176
450	10	Ġhis	4.255589
450	11	Ġfriend	7.502174
450	12	Ġrecalled	16.336565
450	13	Ġthe	3.532873
450	14	Ġpilot	14.492103
450	15	Ġsent	13.215239
450	16	Ġthe	4.865355
450	17	Ġpackage	8.951339
450	18	Ġto	1.454885
450	19	Ġhis	3.479675
450	20	Ġfamily	6.149732
450	21	.	1.983615
450	22	<|endoftext|>	8.331881
451	1	<|endoftext|>	0.0
451	2	The	4.729281
451	3	Ġassistant	14.661097
451	4	Ġtold	11.45606
451	5	Ġme	3.659039
451	6	Ġwhat	8.037734
451	7	Ġthe	4.269806
451	8	Ġman	7.960251
451	9	Ġknew	8.63982
451	10	Ġhis	9.676891
451	11	Ġfriend	7.57263
451	12	Ġrecalled	15.724214
451	13	Ġthe	6.663411
451	14	Ġpilot	13.361814
451	15	Ġsent	11.967673
451	16	Ġto	1.882004
451	17	Ġhis	5.211384
451	18	Ġfamily	6.222566
451	19	.	2.139668
451	20	<|endoftext|>	8.459822
452	1	<|endoftext|>	0.0
452	2	The	4.729281
452	3	Ġassistant	14.661097
452	4	Ġtold	11.45606
452	5	Ġme	3.659039
452	6	Ġwhat	8.037734
452	7	Ġthe	4.269806
452	8	Ġman	7.960251
452	9	Ġknew	8.63982
452	10	Ġhis	9.676891
452	11	Ġfriend	7.57263
452	12	Ġrecalled	15.724214
452	13	Ġthe	6.663411
452	14	Ġpilot	13.361814
452	15	Ġsent	11.967673
452	16	Ġthe	6.361401
452	17	Ġpackage	9.348586
452	18	Ġto	1.464243
452	19	Ġhis	3.760403
452	20	Ġfamily	5.70779
452	21	.	1.563519
452	22	<|endoftext|>	8.260334
453	1	<|endoftext|>	0.0
453	2	The	4.729281
453	3	Ġassistant	14.661097
453	4	Ġtold	11.45606
453	5	Ġme	3.659039
453	6	Ġthat	1.497253
453	7	Ġthe	3.206986
453	8	Ġman	7.405276
453	9	Ġknew	9.258176
453	10	Ġhis	4.255589
453	11	Ġfriend	7.502174
453	12	Ġrecalled	16.336565
453	13	Ġthe	3.532873
453	14	Ġwoman	7.19339
453	15	Ġsaid	9.821543
453	16	Ġthe	7.392332
453	17	Ġpilot	14.957185
453	18	Ġsent	9.54882
453	19	Ġto	2.601872
453	20	Ġhis	6.806809
453	21	Ġfamily	7.61625
453	22	.	2.554942
453	23	<|endoftext|>	7.933585
454	1	<|endoftext|>	0.0
454	2	The	4.729281
454	3	Ġassistant	14.661097
454	4	Ġtold	11.45606
454	5	Ġme	3.659039
454	6	Ġthat	1.497253
454	7	Ġthe	3.206986
454	8	Ġman	7.405276
454	9	Ġknew	9.258176
454	10	Ġhis	4.255589
454	11	Ġfriend	7.502174
454	12	Ġrecalled	16.336565
454	13	Ġthe	3.532873
454	14	Ġwoman	7.19339
454	15	Ġsaid	9.821543
454	16	Ġthe	7.392332
454	17	Ġpilot	14.957185
454	18	Ġsent	9.54882
454	19	Ġthe	4.424756
454	20	Ġpackage	7.891209
454	21	Ġto	1.405499
454	22	Ġhis	4.609458
454	23	Ġfamily	7.039893
454	24	.	1.586907
454	25	<|endoftext|>	7.842278
455	1	<|endoftext|>	0.0
455	2	The	4.729281
455	3	Ġassistant	14.661097
455	4	Ġtold	11.45606
455	5	Ġme	3.659039
455	6	Ġwhat	8.037734
455	7	Ġthe	4.269806
455	8	Ġman	7.960251
455	9	Ġknew	8.63982
455	10	Ġhis	9.676891
455	11	Ġfriend	7.57263
455	12	Ġrecalled	15.724214
455	13	Ġthe	6.663411
455	14	Ġwoman	6.421199
455	15	Ġsaid	3.830597
455	16	Ġthe	7.104273
455	17	Ġpilot	13.873265
455	18	Ġsent	9.447227
455	19	Ġto	2.722574
455	20	Ġhis	6.111514
455	21	Ġfamily	7.163586
455	22	.	2.123336
455	23	<|endoftext|>	7.940176
456	1	<|endoftext|>	0.0
456	2	The	4.729281
456	3	Ġassistant	14.661097
456	4	Ġtold	11.45606
456	5	Ġme	3.659039
456	6	Ġwhat	8.037734
456	7	Ġthe	4.269806
456	8	Ġman	7.960251
456	9	Ġknew	8.63982
456	10	Ġhis	9.676891
456	11	Ġfriend	7.57263
456	12	Ġrecalled	15.724214
456	13	Ġthe	6.663411
456	14	Ġwoman	6.421199
456	15	Ġsaid	3.830597
456	16	Ġthe	7.104273
456	17	Ġpilot	13.873265
456	18	Ġsent	9.447227
456	19	Ġthe	5.532192
456	20	Ġpackage	8.371781
456	21	Ġto	1.427999
456	22	Ġhis	4.802737
456	23	Ġfamily	6.667423
456	24	.	1.482671
456	25	<|endoftext|>	7.832794
457	1	<|endoftext|>	0.0
457	2	The	4.729281
457	3	Ġassistant	14.661097
457	4	Ġtold	11.45606
457	5	Ġme	3.659039
457	6	Ġthat	1.497253
457	7	Ġthe	3.206986
457	8	Ġman	7.405276
457	9	Ġknew	9.258176
457	10	Ġhis	4.255589
457	11	Ġfriend	7.502174
457	12	Ġrecalled	16.336565
457	13	Ġthe	3.532873
457	14	Ġwoman	7.19339
457	15	Ġsaid	9.821543
457	16	Ġthe	7.392332
457	17	Ġpilot	14.957185
457	18	Ġsent	9.54882
457	19	Ġto	2.601872
457	20	Ġhis	6.806809
457	21	Ġfamily	7.61625
457	22	.	2.554942
457	23	<|endoftext|>	7.933585
458	1	<|endoftext|>	0.0
458	2	The	4.729281
458	3	Ġassistant	14.661097
458	4	Ġtold	11.45606
458	5	Ġme	3.659039
458	6	Ġthat	1.497253
458	7	Ġthe	3.206986
458	8	Ġman	7.405276
458	9	Ġknew	9.258176
458	10	Ġhis	4.255589
458	11	Ġfriend	7.502174
458	12	Ġrecalled	16.336565
458	13	Ġthe	3.532873
458	14	Ġwoman	7.19339
458	15	Ġsaid	9.821543
458	16	Ġthe	7.392332
458	17	Ġpilot	14.957185
458	18	Ġsent	9.54882
458	19	Ġthe	4.424756
458	20	Ġpackage	7.891209
458	21	Ġto	1.405499
458	22	Ġhis	4.609458
458	23	Ġfamily	7.039893
458	24	.	1.586907
458	25	<|endoftext|>	7.842278
459	1	<|endoftext|>	0.0
459	2	The	4.729281
459	3	Ġassistant	14.661097
459	4	Ġtold	11.45606
459	5	Ġme	3.659039
459	6	Ġwhat	8.037734
459	7	Ġthe	4.269806
459	8	Ġman	7.960251
459	9	Ġknew	8.63982
459	10	Ġhis	9.676891
459	11	Ġfriend	7.57263
459	12	Ġrecalled	15.724214
459	13	Ġthe	6.663411
459	14	Ġwoman	6.421199
459	15	Ġsaid	3.830597
459	16	Ġthe	7.104273
459	17	Ġpilot	13.873265
459	18	Ġsent	9.447227
459	19	Ġto	2.722574
459	20	Ġhis	6.111514
459	21	Ġfamily	7.163586
459	22	.	2.123336
459	23	<|endoftext|>	7.940176
460	1	<|endoftext|>	0.0
460	2	The	4.729281
460	3	Ġassistant	14.661097
460	4	Ġtold	11.45606
460	5	Ġme	3.659039
460	6	Ġwhat	8.037734
460	7	Ġthe	4.269806
460	8	Ġman	7.960251
460	9	Ġknew	8.63982
460	10	Ġhis	9.676891
460	11	Ġfriend	7.57263
460	12	Ġrecalled	15.724214
460	13	Ġthe	6.663411
460	14	Ġwoman	6.421199
460	15	Ġsaid	3.830597
460	16	Ġthe	7.104273
460	17	Ġpilot	13.873265
460	18	Ġsent	9.447227
460	19	Ġthe	5.532192
460	20	Ġpackage	8.371781
460	21	Ġto	1.427999
460	22	Ġhis	4.802737
460	23	Ġfamily	6.667423
460	24	.	1.482671
460	25	<|endoftext|>	7.832794
461	1	<|endoftext|>	0.0
461	2	We	7.155782
461	3	Ġrecalled	16.653039
461	4	Ġthat	3.559473
461	5	Ġthe	3.282958
461	6	Ġclown	16.1704
461	7	Ġfrightened	16.733389
461	8	Ġat	7.849038
461	9	Ġthe	2.144242
461	10	Ġparty	8.954417
461	11	.	2.991071
461	12	<|endoftext|>	7.092335
462	1	<|endoftext|>	0.0
462	2	We	7.155782
462	3	Ġrecalled	16.653039
462	4	Ġthat	3.559485
462	5	Ġthe	3.282958
462	6	Ġclown	16.1704
462	7	Ġfrightened	16.73339
462	8	Ġthe	2.366045
462	9	Ġchildren	4.207734
462	10	Ġat	4.560989
462	11	Ġthe	1.953992
462	12	Ġparty	5.776138
462	13	.	1.851478
462	14	<|endoftext|>	6.580034
463	1	<|endoftext|>	0.0
463	2	We	7.155782
463	3	Ġrecalled	16.653039
463	4	Ġwho	12.588468
463	5	Ġthe	5.097225
463	6	Ġclown	12.947173
463	7	Ġfrightened	17.808359
463	8	Ġat	5.511062
463	9	Ġthe	1.6687
463	10	Ġparty	6.306393
463	11	.	2.001217
463	12	<|endoftext|>	6.102753
464	1	<|endoftext|>	0.0
464	2	We	7.155782
464	3	Ġrecalled	16.653039
464	4	Ġwho	12.588437
464	5	Ġthe	5.097225
464	6	Ġclown	12.947186
464	7	Ġfrightened	17.808366
464	8	Ġthe	4.359499
464	9	Ġchildren	5.999755
464	10	Ġat	4.867192
464	11	Ġthe	2.140666
464	12	Ġparty	6.262635
464	13	.	1.641362
464	14	<|endoftext|>	5.953944
465	1	<|endoftext|>	0.0
465	2	We	7.155782
465	3	Ġrecalled	16.653039
465	4	Ġthat	3.559473
465	5	Ġthe	3.282958
465	6	Ġactor	12.412868
465	7	Ġsaid	6.494454
465	8	Ġthe	4.650794
465	9	Ġclown	13.629277
465	10	Ġfrightened	15.694665
465	11	Ġat	9.89205
465	12	Ġthe	2.779669
465	13	Ġparty	9.137744
465	14	.	2.490439
465	15	<|endoftext|>	5.934594
466	1	<|endoftext|>	0.0
466	2	We	7.155761
466	3	Ġrecalled	16.652963
466	4	Ġthat	3.559449
466	5	Ġthe	3.282928
466	6	Ġactor	12.41283
466	7	Ġsaid	6.494531
466	8	Ġthe	4.650755
466	9	Ġclown	13.629284
466	10	Ġfrightened	15.694629
466	11	Ġthe	3.021551
466	12	Ġchildren	3.187006
466	13	Ġat	5.067679
466	14	Ġthe	1.798791
466	15	Ġparty	4.840707
466	16	.	1.553822
466	17	<|endoftext|>	5.608749
467	1	<|endoftext|>	0.0
467	2	We	7.155782
467	3	Ġrecalled	16.653039
467	4	Ġwho	12.588468
467	5	Ġthe	5.097225
467	6	Ġactor	10.041828
467	7	Ġsaid	8.182805
467	8	Ġthe	6.496873
467	9	Ġclown	11.488798
467	10	Ġfrightened	16.439186
467	11	Ġat	5.889177
467	12	Ġthe	1.63176
467	13	Ġparty	7.05699
467	14	.	1.33384
467	15	<|endoftext|>	5.7456
468	1	<|endoftext|>	0.0
468	2	We	7.155761
468	3	Ġrecalled	16.652963
468	4	Ġwho	12.58851
468	5	Ġthe	5.097209
468	6	Ġactor	10.041862
468	7	Ġsaid	8.182886
468	8	Ġthe	6.496846
468	9	Ġclown	11.48887
468	10	Ġfrightened	16.439164
468	11	Ġthe	3.766192
468	12	Ġchildren	3.71588
468	13	Ġat	5.08706
468	14	Ġthe	1.965325
468	15	Ġparty	5.111802
468	16	.	0.99739
468	17	<|endoftext|>	5.579594
469	1	<|endoftext|>	0.0
469	2	We	7.155761
469	3	Ġrecalled	16.652963
469	4	Ġthat	3.559449
469	5	Ġthe	3.282928
469	6	Ġactor	12.41283
469	7	Ġsaid	6.494531
469	8	Ġthe	4.650755
469	9	Ġpeople	9.542711
469	10	Ġknew	10.904819
469	11	Ġthe	3.773863
469	12	Ġclown	11.9457
469	13	Ġfrightened	18.638309
469	14	Ġat	10.433059
469	15	Ġthe	2.830031
469	16	Ġparty	8.681212
469	17	.	2.102985
469	18	<|endoftext|>	5.902617
470	1	<|endoftext|>	0.0
470	2	We	7.155761
470	3	Ġrecalled	16.652963
470	4	Ġthat	3.559449
470	5	Ġthe	3.282928
470	6	Ġactor	12.41283
470	7	Ġsaid	6.494531
470	8	Ġthe	4.650755
470	9	Ġpeople	9.542711
470	10	Ġknew	10.904819
470	11	Ġthe	3.773863
470	12	Ġclown	11.9457
470	13	Ġfrightened	18.638309
470	14	Ġthe	3.468846
470	15	Ġchildren	2.67467
470	16	Ġat	6.162224
470	17	Ġthe	1.531704
470	18	Ġparty	4.760947
470	19	.	1.417197
470	20	<|endoftext|>	5.591907
471	1	<|endoftext|>	0.0
471	2	We	7.155761
471	3	Ġrecalled	16.652963
471	4	Ġwho	12.58851
471	5	Ġthe	5.097209
471	6	Ġactor	10.041862
471	7	Ġsaid	8.182886
471	8	Ġthe	6.496846
471	9	Ġpeople	9.049391
471	10	Ġknew	8.967435
471	11	Ġthe	5.658877
471	12	Ġclown	11.613543
471	13	Ġfrightened	18.073329
471	14	Ġat	7.460545
471	15	Ġthe	2.296105
471	16	Ġparty	8.037138
471	17	.	1.19813
471	18	<|endoftext|>	5.780086
472	1	<|endoftext|>	0.0
472	2	We	7.155761
472	3	Ġrecalled	16.652963
472	4	Ġwho	12.58851
472	5	Ġthe	5.097209
472	6	Ġactor	10.041862
472	7	Ġsaid	8.182886
472	8	Ġthe	6.496846
472	9	Ġpeople	9.049391
472	10	Ġknew	8.967435
472	11	Ġthe	5.658877
472	12	Ġclown	11.613543
472	13	Ġfrightened	18.073329
472	14	Ġthe	3.903449
472	15	Ġchildren	3.108865
472	16	Ġat	6.017682
472	17	Ġthe	1.809664
472	18	Ġparty	4.98663
472	19	.	0.899332
472	20	<|endoftext|>	5.56604
473	1	<|endoftext|>	0.0
473	2	We	7.155761
473	3	Ġrecalled	16.652963
473	4	Ġthat	3.559449
473	5	Ġthe	3.282928
473	6	Ġactor	12.41283
473	7	Ġsaid	6.494531
473	8	Ġthe	4.650755
473	9	Ġpeople	9.542711
473	10	Ġknew	10.904819
473	11	Ġhe	3.325211
473	12	Ġthought	10.729255
473	13	Ġthe	3.229573
473	14	Ġclown	10.709938
473	15	Ġfrightened	17.602797
473	16	Ġat	11.112691
473	17	Ġthe	3.279762
473	18	Ġparty	9.035605
473	19	.	1.769705
473	20	<|endoftext|>	5.594592
474	1	<|endoftext|>	0.0
474	2	We	7.155761
474	3	Ġrecalled	16.652963
474	4	Ġthat	3.559449
474	5	Ġthe	3.282928
474	6	Ġactor	12.41283
474	7	Ġsaid	6.494531
474	8	Ġthe	4.650755
474	9	Ġpeople	9.542711
474	10	Ġknew	10.904819
474	11	Ġhe	3.325211
474	12	Ġthought	10.729255
474	13	Ġthe	3.229573
474	14	Ġclown	10.709938
474	15	Ġfrightened	17.602797
474	16	Ġthe	2.956728
474	17	Ġchildren	2.495318
474	18	Ġat	6.356527
474	19	Ġthe	1.704828
474	20	Ġparty	4.731375
474	21	.	1.223003
474	22	<|endoftext|>	5.358449
475	1	<|endoftext|>	0.0
475	2	We	7.155761
475	3	Ġrecalled	16.652963
475	4	Ġwho	12.58851
475	5	Ġthe	5.097209
475	6	Ġactor	10.041862
475	7	Ġsaid	8.182886
475	8	Ġthe	6.496846
475	9	Ġpeople	9.049391
475	10	Ġknew	8.967435
475	11	Ġhe	5.910528
475	12	Ġthought	11.509607
475	13	Ġthe	5.396923
475	14	Ġclown	10.104149
475	15	Ġfrightened	17.621777
475	16	Ġat	9.014532
475	17	Ġthe	3.055685
475	18	Ġparty	8.668865
475	19	.	1.056032
475	20	<|endoftext|>	5.630289
476	1	<|endoftext|>	0.0
476	2	We	7.155761
476	3	Ġrecalled	16.652963
476	4	Ġwho	12.58851
476	5	Ġthe	5.097209
476	6	Ġactor	10.041862
476	7	Ġsaid	8.182886
476	8	Ġthe	6.496846
476	9	Ġpeople	9.049391
476	10	Ġknew	8.967435
476	11	Ġhe	5.910528
476	12	Ġthought	11.509607
476	13	Ġthe	5.396923
476	14	Ġclown	10.104149
476	15	Ġfrightened	17.621777
476	16	Ġthe	3.40202
476	17	Ġchildren	2.796327
476	18	Ġat	6.29174
476	19	Ġthe	2.003494
476	20	Ġparty	4.948923
476	21	.	0.77104
476	22	<|endoftext|>	5.48713
477	1	<|endoftext|>	0.0
477	2	We	7.155761
477	3	Ġrecalled	16.652963
477	4	Ġthat	3.559449
477	5	Ġthe	3.282928
477	6	Ġactor	12.41283
477	7	Ġsaid	6.494531
477	8	Ġthe	4.650755
477	9	Ġpeople	9.542711
477	10	Ġknew	10.904819
477	11	Ġhe	3.325211
477	12	Ġthought	10.729255
477	13	Ġthe	3.229573
477	14	Ġclown	10.709938
477	15	Ġfrightened	17.602797
477	16	Ġat	11.112691
477	17	Ġthe	3.279762
477	18	Ġparty	9.035605
477	19	.	1.769705
477	20	<|endoftext|>	5.594592
478	1	<|endoftext|>	0.0
478	2	We	7.155761
478	3	Ġrecalled	16.652963
478	4	Ġthat	3.559449
478	5	Ġthe	3.282928
478	6	Ġactor	12.41283
478	7	Ġsaid	6.494531
478	8	Ġthe	4.650755
478	9	Ġpeople	9.542711
478	10	Ġknew	10.904819
478	11	Ġhe	3.325211
478	12	Ġthought	10.729255
478	13	Ġthe	3.229573
478	14	Ġclown	10.709938
478	15	Ġfrightened	17.602797
478	16	Ġthe	2.956728
478	17	Ġchildren	2.495318
478	18	Ġat	6.356527
478	19	Ġthe	1.704828
478	20	Ġparty	4.731375
478	21	.	1.223003
478	22	<|endoftext|>	5.358449
479	1	<|endoftext|>	0.0
479	2	We	7.155761
479	3	Ġrecalled	16.652963
479	4	Ġwho	12.58851
479	5	Ġthe	5.097209
479	6	Ġactor	10.041862
479	7	Ġsaid	8.182886
479	8	Ġthe	6.496846
479	9	Ġpeople	9.049391
479	10	Ġknew	8.967435
479	11	Ġhe	5.910528
479	12	Ġthought	11.509607
479	13	Ġthe	5.396923
479	14	Ġclown	10.104149
479	15	Ġfrightened	17.621777
479	16	Ġat	9.014532
479	17	Ġthe	3.055685
479	18	Ġparty	8.668865
479	19	.	1.056032
479	20	<|endoftext|>	5.630289
480	1	<|endoftext|>	0.0
480	2	We	7.155761
480	3	Ġrecalled	16.652963
480	4	Ġwho	12.58851
480	5	Ġthe	5.097209
480	6	Ġactor	10.041862
480	7	Ġsaid	8.182886
480	8	Ġthe	6.496846
480	9	Ġpeople	9.049391
480	10	Ġknew	8.967435
480	11	Ġhe	5.910528
480	12	Ġthought	11.509607
480	13	Ġthe	5.396923
480	14	Ġclown	10.104149
480	15	Ġfrightened	17.621777
480	16	Ġthe	3.40202
480	17	Ġchildren	2.796327
480	18	Ġat	6.29174
480	19	Ġthe	2.003494
480	20	Ġparty	4.948923
480	21	.	0.77104
480	22	<|endoftext|>	5.48713
481	1	<|endoftext|>	0.0
481	2	He	8.582737
481	3	Ġrecalled	12.020836
481	4	Ġthat	3.014931
481	5	Ġthe	3.611212
481	6	Ġterrorist	11.577957
481	7	Ġassassinated	14.462571
481	8	Ġlast	10.705233
481	9	Ġnight	7.107777
481	10	.	4.686659
481	11	<|endoftext|>	6.327519
482	1	<|endoftext|>	0.0
482	2	He	8.582737
482	3	Ġrecalled	12.020836
482	4	Ġthat	3.014931
482	5	Ġthe	3.611212
482	6	Ġterrorist	11.577957
482	7	Ġassassinated	14.462571
482	8	Ġthe	4.005255
482	9	Ġpolitician	9.223417
482	10	Ġlast	9.548547
482	11	Ġnight	7.35664
482	12	.	2.424264
482	13	<|endoftext|>	6.045964
483	1	<|endoftext|>	0.0
483	2	He	8.582737
483	3	Ġrecalled	12.020836
483	4	Ġwho	10.082279
483	5	Ġthe	5.311934
483	6	Ġterrorist	11.92521
483	7	Ġassassinated	12.710054
483	8	Ġlast	7.30876
483	9	Ġnight	5.983983
483	10	.	2.174161
483	11	<|endoftext|>	6.781369
484	1	<|endoftext|>	0.0
484	2	He	8.582737
484	3	Ġrecalled	12.020836
484	4	Ġwho	10.082279
484	5	Ġthe	5.311934
484	6	Ġterrorist	11.925189
484	7	Ġassassinated	12.710054
484	8	Ġthe	7.910975
484	9	Ġpolitician	9.105022
484	10	Ġlast	10.383252
484	11	Ġnight	5.613954
484	12	.	1.778284
484	13	<|endoftext|>	6.316855
485	1	<|endoftext|>	0.0
485	2	He	8.582737
485	3	Ġrecalled	12.020836
485	4	Ġthat	3.014931
485	5	Ġthe	3.611212
485	6	Ġpresident	8.074674
485	7	Ġsaid	5.885526
485	8	Ġthe	4.462629
485	9	Ġterrorist	10.204255
485	10	Ġassassinated	17.009908
485	11	Ġlast	11.153899
485	12	Ġnight	6.49728
485	13	.	4.274488
485	14	<|endoftext|>	5.986438
486	1	<|endoftext|>	0.0
486	2	He	8.582738
486	3	Ġrecalled	12.02077
486	4	Ġthat	3.014933
486	5	Ġthe	3.611147
486	6	Ġpresident	8.07464
486	7	Ġsaid	5.885539
486	8	Ġthe	4.462655
486	9	Ġterrorist	10.204293
486	10	Ġassassinated	17.009988
486	11	Ġthe	3.974359
486	12	Ġpolitician	11.200454
486	13	Ġlast	9.259961
486	14	Ġnight	6.365339
486	15	.	1.874345
486	16	<|endoftext|>	5.70139
487	1	<|endoftext|>	0.0
487	2	He	8.582737
487	3	Ġrecalled	12.020836
487	4	Ġwho	10.082279
487	5	Ġthe	5.311934
487	6	Ġpresident	7.036654
487	7	Ġsaid	5.575259
487	8	Ġthe	6.261149
487	9	Ġterrorist	10.42461
487	10	Ġassassinated	13.422676
487	11	Ġlast	7.122938
487	12	Ġnight	5.812884
487	13	.	1.529713
487	14	<|endoftext|>	5.986527
488	1	<|endoftext|>	0.0
488	2	He	8.582738
488	3	Ġrecalled	12.02077
488	4	Ġwho	10.082226
488	5	Ġthe	5.311935
488	6	Ġpresident	7.036644
488	7	Ġsaid	5.575352
488	8	Ġthe	6.261223
488	9	Ġterrorist	10.42465
488	10	Ġassassinated	13.422536
488	11	Ġthe	7.622033
488	12	Ġpolitician	12.231502
488	13	Ġlast	9.85211
488	14	Ġnight	5.396454
488	15	.	1.262018
488	16	<|endoftext|>	5.68355
489	1	<|endoftext|>	0.0
489	2	He	8.582732
489	3	Ġrecalled	12.02077
489	4	Ġthat	3.014941
489	5	Ġthe	3.611141
489	6	Ġpresident	8.074643
489	7	Ġsaid	5.885518
489	8	Ġthe	4.462654
489	9	Ġreport	10.145352
489	10	Ġconfirmed	10.202122
489	11	Ġthe	2.918387
489	12	Ġterrorist	9.982258
489	13	Ġassassinated	20.067369
489	14	Ġlast	11.002966
489	15	Ġnight	6.995396
489	16	.	2.067817
489	17	<|endoftext|>	5.564026
490	1	<|endoftext|>	0.0
490	2	He	8.582732
490	3	Ġrecalled	12.02077
490	4	Ġthat	3.014941
490	5	Ġthe	3.611141
490	6	Ġpresident	8.074643
490	7	Ġsaid	5.885518
490	8	Ġthe	4.462654
490	9	Ġreport	10.145352
490	10	Ġconfirmed	10.202122
490	11	Ġthe	2.918387
490	12	Ġterrorist	9.982258
490	13	Ġassassinated	20.067369
490	14	Ġthe	4.286463
490	15	Ġpolitician	11.995907
490	16	Ġlast	10.460964
490	17	Ġnight	6.991838
490	18	.	1.238171
490	19	<|endoftext|>	5.287113
491	1	<|endoftext|>	0.0
491	2	He	8.582732
491	3	Ġrecalled	12.02077
491	4	Ġwho	10.082223
491	5	Ġthe	5.311934
491	6	Ġpresident	7.036641
491	7	Ġsaid	5.575347
491	8	Ġthe	6.26124
491	9	Ġreport	12.819719
491	10	Ġconfirmed	11.072902
491	11	Ġthe	6.803126
491	12	Ġterrorist	9.931456
491	13	Ġassassinated	16.621614
491	14	Ġlast	8.423774
491	15	Ġnight	6.685904
491	16	.	1.221227
491	17	<|endoftext|>	5.700459
492	1	<|endoftext|>	0.0
492	2	He	8.582732
492	3	Ġrecalled	12.02077
492	4	Ġwho	10.082223
492	5	Ġthe	5.311934
492	6	Ġpresident	7.036641
492	7	Ġsaid	5.575347
492	8	Ġthe	6.26124
492	9	Ġreport	12.819719
492	10	Ġconfirmed	11.072902
492	11	Ġthe	6.803126
492	12	Ġterrorist	9.931456
492	13	Ġassassinated	16.621614
492	14	Ġthe	6.742284
492	15	Ġpolitician	12.950437
492	16	Ġlast	10.737495
492	17	Ġnight	6.40202
492	18	.	0.961881
492	19	<|endoftext|>	5.509147
493	1	<|endoftext|>	0.0
493	2	He	8.582732
493	3	Ġrecalled	12.02077
493	4	Ġthat	3.014941
493	5	Ġthe	3.611141
493	6	Ġpresident	8.074643
493	7	Ġsaid	5.885518
493	8	Ġthe	4.462654
493	9	Ġreport	10.145352
493	10	Ġconfirmed	10.202122
493	11	Ġhe	4.498833
493	12	Ġbelieved	5.670444
493	13	Ġthe	2.049269
493	14	Ġterrorist	8.664848
493	15	Ġassassinated	18.499059
493	16	Ġlast	11.505213
493	17	Ġnight	6.985404
493	18	.	1.671162
493	19	<|endoftext|>	5.458799
494	1	<|endoftext|>	0.0
494	2	He	8.582732
494	3	Ġrecalled	12.02077
494	4	Ġthat	3.014941
494	5	Ġthe	3.611141
494	6	Ġpresident	8.074643
494	7	Ġsaid	5.885518
494	8	Ġthe	4.462654
494	9	Ġreport	10.145352
494	10	Ġconfirmed	10.202122
494	11	Ġhe	4.498833
494	12	Ġbelieved	5.670444
494	13	Ġthe	2.049269
494	14	Ġterrorist	8.664848
494	15	Ġassassinated	18.499059
494	16	Ġthe	3.874048
494	17	Ġpolitician	12.011793
494	18	Ġlast	10.316597
494	19	Ġnight	6.981688
494	20	.	0.985005
494	21	<|endoftext|>	5.214162
495	1	<|endoftext|>	0.0
495	2	He	8.582732
495	3	Ġrecalled	12.02077
495	4	Ġwho	10.082223
495	5	Ġthe	5.311934
495	6	Ġpresident	7.036641
495	7	Ġsaid	5.575347
495	8	Ġthe	6.26124
495	9	Ġreport	12.819719
495	10	Ġconfirmed	11.072902
495	11	Ġhe	5.670528
495	12	Ġbelieved	5.358265
495	13	Ġthe	5.723841
495	14	Ġterrorist	8.753682
495	15	Ġassassinated	16.121347
495	16	Ġlast	9.371373
495	17	Ġnight	6.923043
495	18	.	1.050809
495	19	<|endoftext|>	5.711395
496	1	<|endoftext|>	0.0
496	2	He	8.582732
496	3	Ġrecalled	12.02077
496	4	Ġwho	10.082223
496	5	Ġthe	5.311934
496	6	Ġpresident	7.036641
496	7	Ġsaid	5.575347
496	8	Ġthe	6.26124
496	9	Ġreport	12.819719
496	10	Ġconfirmed	11.072902
496	11	Ġhe	5.670528
496	12	Ġbelieved	5.358265
496	13	Ġthe	5.723841
496	14	Ġterrorist	8.753682
496	15	Ġassassinated	16.121347
496	16	Ġthe	6.406018
496	17	Ġpolitician	12.86297
496	18	Ġlast	10.696954
496	19	Ġnight	6.733774
496	20	.	0.823752
496	21	<|endoftext|>	5.585702
497	1	<|endoftext|>	0.0
497	2	He	8.582732
497	3	Ġrecalled	12.02077
497	4	Ġthat	3.014941
497	5	Ġthe	3.611141
497	6	Ġpresident	8.074643
497	7	Ġsaid	5.885518
497	8	Ġthe	4.462654
497	9	Ġreport	10.145352
497	10	Ġconfirmed	10.202122
497	11	Ġhe	4.498833
497	12	Ġbelieved	5.670444
497	13	Ġthe	2.049269
497	14	Ġterrorist	8.664848
497	15	Ġassassinated	18.499059
497	16	Ġlast	11.505213
497	17	Ġnight	6.985404
497	18	.	1.671162
497	19	<|endoftext|>	5.458799
498	1	<|endoftext|>	0.0
498	2	He	8.582732
498	3	Ġrecalled	12.02077
498	4	Ġthat	3.014941
498	5	Ġthe	3.611141
498	6	Ġpresident	8.074643
498	7	Ġsaid	5.885518
498	8	Ġthe	4.462654
498	9	Ġreport	10.145352
498	10	Ġconfirmed	10.202122
498	11	Ġhe	4.498833
498	12	Ġbelieved	5.670444
498	13	Ġthe	2.049269
498	14	Ġterrorist	8.664848
498	15	Ġassassinated	18.499059
498	16	Ġthe	3.874048
498	17	Ġpolitician	12.011793
498	18	Ġlast	10.316597
498	19	Ġnight	6.981688
498	20	.	0.985005
498	21	<|endoftext|>	5.214162
499	1	<|endoftext|>	0.0
499	2	He	8.582732
499	3	Ġrecalled	12.02077
499	4	Ġwho	10.082223
499	5	Ġthe	5.311934
499	6	Ġpresident	7.036641
499	7	Ġsaid	5.575347
499	8	Ġthe	6.26124
499	9	Ġreport	12.819719
499	10	Ġconfirmed	11.072902
499	11	Ġhe	5.670528
499	12	Ġbelieved	5.358265
499	13	Ġthe	5.723841
499	14	Ġterrorist	8.753682
499	15	Ġassassinated	16.121347
499	16	Ġlast	9.371373
499	17	Ġnight	6.923043
499	18	.	1.050809
499	19	<|endoftext|>	5.711395
500	1	<|endoftext|>	0.0
500	2	He	8.582732
500	3	Ġrecalled	12.02077
500	4	Ġwho	10.082223
500	5	Ġthe	5.311934
500	6	Ġpresident	7.036641
500	7	Ġsaid	5.575347
500	8	Ġthe	6.26124
500	9	Ġreport	12.819719
500	10	Ġconfirmed	11.072902
500	11	Ġhe	5.670528
500	12	Ġbelieved	5.358265
500	13	Ġthe	5.723841
500	14	Ġterrorist	8.753682
500	15	Ġassassinated	16.121347
500	16	Ġthe	6.406018
500	17	Ġpolitician	12.86297
500	18	Ġlast	10.696954
500	19	Ġnight	6.733774
500	20	.	0.823752
500	21	<|endoftext|>	5.585702
501	1	<|endoftext|>	0.0
501	2	I	5.770367
501	3	Ġknow	5.545733
501	4	Ġthat	2.74974
501	5	Ġthe	4.424285
501	6	Ġl	12.109287
501	7	ibrarian	3.964717
501	8	Ġgreeted	16.71219
501	9	Ġearly	15.626298
501	10	Ġin	3.717222
501	11	Ġthe	1.405299
501	12	Ġmorning	1.122462
501	13	.	5.073281
501	14	<|endoftext|>	10.954288
502	1	<|endoftext|>	0.0
502	2	I	5.770362
502	3	Ġknow	5.545699
502	4	Ġthat	2.74972
502	5	Ġthe	4.424218
502	6	Ġl	12.109199
502	7	ibrarian	3.9647
502	8	Ġgreeted	16.71218
502	9	Ġthe	4.741406
502	10	Ġman	7.422452
502	11	Ġearly	11.616876
502	12	Ġin	2.554807
502	13	Ġthe	0.431008
502	14	Ġmorning	0.716238
502	15	.	2.951539
502	16	<|endoftext|>	11.348143
503	1	<|endoftext|>	0.0
503	2	I	5.770367
503	3	Ġknow	5.545733
503	4	Ġwho	8.366545
503	5	Ġthe	5.844098
503	6	Ġl	10.225451
503	7	ibrarian	2.572378
503	8	Ġgreeted	18.112016
503	9	Ġearly	11.64517
503	10	Ġin	2.552973
503	11	Ġthe	1.789778
503	12	Ġmorning	0.921447
503	13	.	1.966506
503	14	<|endoftext|>	9.976515
504	1	<|endoftext|>	0.0
504	2	I	5.770362
504	3	Ġknow	5.545699
504	4	Ġwho	8.36647
504	5	Ġthe	5.844158
504	6	Ġl	10.22552
504	7	ibrarian	2.57237
504	8	Ġgreeted	18.111965
504	9	Ġthe	4.94025
504	10	Ġman	7.274998
504	11	Ġearly	12.420595
504	12	Ġin	2.669218
504	13	Ġthe	0.66139
504	14	Ġmorning	0.645308
504	15	.	1.46484
504	16	<|endoftext|>	10.619303
505	1	<|endoftext|>	0.0
505	2	I	5.770357
505	3	Ġknow	5.545684
505	4	Ġthat	2.749692
505	5	Ġthe	4.424222
505	6	Ġmayor	12.880334
505	7	Ġsaid	6.518948
505	8	Ġthe	4.744813
505	9	Ġl	13.154353
505	10	ibrarian	4.682385
505	11	Ġgreeted	16.409528
505	12	Ġearly	14.751903
505	13	Ġin	3.865765
505	14	Ġthe	0.667262
505	15	Ġmorning	0.69696
505	16	.	3.233878
505	17	<|endoftext|>	10.364141
506	1	<|endoftext|>	0.0
506	2	I	5.770357
506	3	Ġknow	5.545684
506	4	Ġthat	2.749692
506	5	Ġthe	4.424222
506	6	Ġmayor	12.880334
506	7	Ġsaid	6.518948
506	8	Ġthe	4.744813
506	9	Ġl	13.154353
506	10	ibrarian	4.682385
506	11	Ġgreeted	16.409528
506	12	Ġthe	3.241932
506	13	Ġman	7.742919
506	14	Ġearly	10.385551
506	15	Ġin	3.181888
506	16	Ġthe	0.30598
506	17	Ġmorning	0.51228
506	18	.	2.378133
506	19	<|endoftext|>	10.402512
507	1	<|endoftext|>	0.0
507	2	I	5.770357
507	3	Ġknow	5.545684
507	4	Ġwho	8.366485
507	5	Ġthe	5.844156
507	6	Ġmayor	10.469356
507	7	Ġsaid	7.041907
507	8	Ġthe	5.508674
507	9	Ġl	13.321151
507	10	ibrarian	3.952975
507	11	Ġgreeted	16.097062
507	12	Ġearly	11.436035
507	13	Ġin	2.866409
507	14	Ġthe	0.927215
507	15	Ġmorning	0.573737
507	16	.	1.418377
507	17	<|endoftext|>	8.500082
508	1	<|endoftext|>	0.0
508	2	I	5.770357
508	3	Ġknow	5.545684
508	4	Ġwho	8.366485
508	5	Ġthe	5.844156
508	6	Ġmayor	10.469356
508	7	Ġsaid	7.041907
508	8	Ġthe	5.508674
508	9	Ġl	13.321151
508	10	ibrarian	3.952975
508	11	Ġgreeted	16.097062
508	12	Ġthe	4.264353
508	13	Ġman	7.951703
508	14	Ġearly	11.446065
508	15	Ġin	2.869069
508	16	Ġthe	0.406167
508	17	Ġmorning	0.457353
508	18	.	1.21996
508	19	<|endoftext|>	8.984887
509	1	<|endoftext|>	0.0
509	2	I	5.770357
509	3	Ġknow	5.545684
509	4	Ġthat	2.749692
509	5	Ġthe	4.424222
509	6	Ġmayor	12.880334
509	7	Ġsaid	6.518948
509	8	Ġthe	4.744813
509	9	Ġclerk	15.360728
509	10	Ġbelieved	10.252618
509	11	Ġthe	2.680923
509	12	Ġl	11.66272
509	13	ibrarian	0.656492
509	14	Ġgreeted	18.356601
509	15	Ġearly	14.544091
509	16	Ġin	3.679291
509	17	Ġthe	0.38071
509	18	Ġmorning	0.646667
509	19	.	2.241308
509	20	<|endoftext|>	10.184923
510	1	<|endoftext|>	0.0
510	2	I	5.770357
510	3	Ġknow	5.545684
510	4	Ġthat	2.749692
510	5	Ġthe	4.424222
510	6	Ġmayor	12.880334
510	7	Ġsaid	6.518948
510	8	Ġthe	4.744813
510	9	Ġclerk	15.360728
510	10	Ġbelieved	10.252618
510	11	Ġthe	2.680923
510	12	Ġl	11.66272
510	13	ibrarian	0.656492
510	14	Ġgreeted	18.356601
510	15	Ġthe	2.997567
510	16	Ġman	6.412304
510	17	Ġearly	10.169873
510	18	Ġin	3.145862
510	19	Ġthe	0.227895
510	20	Ġmorning	0.602008
510	21	.	1.807963
510	22	<|endoftext|>	10.221775
511	1	<|endoftext|>	0.0
511	2	I	5.770357
511	3	Ġknow	5.545684
511	4	Ġwho	8.366485
511	5	Ġthe	5.844156
511	6	Ġmayor	10.469356
511	7	Ġsaid	7.041907
511	8	Ġthe	5.508674
511	9	Ġclerk	15.025811
511	10	Ġbelieved	9.715909
511	11	Ġthe	5.206546
511	12	Ġl	11.999759
511	13	ibrarian	0.678023
511	14	Ġgreeted	16.995299
511	15	Ġearly	13.665477
511	16	Ġin	3.416158
511	17	Ġthe	0.443687
511	18	Ġmorning	0.540504
511	19	.	1.614307
511	20	<|endoftext|>	8.612143
512	1	<|endoftext|>	0.0
512	2	I	5.770357
512	3	Ġknow	5.545684
512	4	Ġwho	8.366485
512	5	Ġthe	5.844156
512	6	Ġmayor	10.469356
512	7	Ġsaid	7.041907
512	8	Ġthe	5.508674
512	9	Ġclerk	15.025811
512	10	Ġbelieved	9.715909
512	11	Ġthe	5.206546
512	12	Ġl	11.999759
512	13	ibrarian	0.678023
512	14	Ġgreeted	16.995299
512	15	Ġthe	3.361961
512	16	Ġman	6.236619
512	17	Ġearly	10.656814
512	18	Ġin	2.975207
512	19	Ġthe	0.257907
512	20	Ġmorning	0.534294
512	21	.	1.34185
512	22	<|endoftext|>	8.852011
513	1	<|endoftext|>	0.0
513	2	I	5.770357
513	3	Ġknow	5.545684
513	4	Ġthat	2.749692
513	5	Ġthe	4.424222
513	6	Ġmayor	12.880334
513	7	Ġsaid	6.518948
513	8	Ġthe	4.744813
513	9	Ġclerk	15.360728
513	10	Ġbelieved	10.252618
513	11	Ġhe	2.968368
513	12	Ġwitnessed	12.90243
513	13	Ġthe	1.782551
513	14	Ġl	11.943456
513	15	ibrarian	2.634204
513	16	Ġgreeted	17.907014
513	17	Ġearly	12.363575
513	18	Ġin	2.990788
513	19	Ġthe	0.431321
513	20	Ġmorning	0.643271
513	21	.	2.07361
513	22	<|endoftext|>	10.033555
514	1	<|endoftext|>	0.0
514	2	I	5.770357
514	3	Ġknow	5.545684
514	4	Ġthat	2.749692
514	5	Ġthe	4.424222
514	6	Ġmayor	12.880334
514	7	Ġsaid	6.518948
514	8	Ġthe	4.744813
514	9	Ġclerk	15.360728
514	10	Ġbelieved	10.252618
514	11	Ġhe	2.968368
514	12	Ġwitnessed	12.90243
514	13	Ġthe	1.782551
514	14	Ġl	11.943456
514	15	ibrarian	2.634204
514	16	Ġgreeted	17.907014
514	17	Ġthe	3.387589
514	18	Ġman	5.472094
514	19	Ġearly	11.652812
514	20	Ġin	2.689352
514	21	Ġthe	0.262665
514	22	Ġmorning	0.644185
514	23	.	1.559066
514	24	<|endoftext|>	10.007343
515	1	<|endoftext|>	0.0
515	2	I	5.770357
515	3	Ġknow	5.545684
515	4	Ġwho	8.366485
515	5	Ġthe	5.844156
515	6	Ġmayor	10.469356
515	7	Ġsaid	7.041907
515	8	Ġthe	5.508674
515	9	Ġclerk	15.025811
515	10	Ġbelieved	9.715909
515	11	Ġhe	4.051483
515	12	Ġwitnessed	12.781332
515	13	Ġthe	3.284662
515	14	Ġl	12.10095
515	15	ibrarian	2.786315
515	16	Ġgreeted	16.320811
515	17	Ġearly	12.34462
515	18	Ġin	2.879853
515	19	Ġthe	0.500811
515	20	Ġmorning	0.5678
515	21	.	1.566502
515	22	<|endoftext|>	8.728039
516	1	<|endoftext|>	0.0
516	2	I	5.770357
516	3	Ġknow	5.545684
516	4	Ġwho	8.366485
516	5	Ġthe	5.844156
516	6	Ġmayor	10.469356
516	7	Ġsaid	7.041907
516	8	Ġthe	5.508674
516	9	Ġclerk	15.025811
516	10	Ġbelieved	9.715909
516	11	Ġhe	4.051483
516	12	Ġwitnessed	12.781332
516	13	Ġthe	3.284662
516	14	Ġl	12.10095
516	15	ibrarian	2.786315
516	16	Ġgreeted	16.320811
516	17	Ġthe	3.68233
516	18	Ġman	5.252283
516	19	Ġearly	12.075004
516	20	Ġin	2.769508
516	21	Ġthe	0.305966
516	22	Ġmorning	0.592013
516	23	.	1.268329
516	24	<|endoftext|>	8.772357
517	1	<|endoftext|>	0.0
517	2	I	5.770357
517	3	Ġknow	5.545684
517	4	Ġthat	2.749692
517	5	Ġthe	4.424222
517	6	Ġmayor	12.880334
517	7	Ġsaid	6.518948
517	8	Ġthe	4.744813
517	9	Ġclerk	15.360728
517	10	Ġbelieved	10.252618
517	11	Ġhe	2.968368
517	12	Ġwitnessed	12.90243
517	13	Ġthe	1.782551
517	14	Ġl	11.943456
517	15	ibrarian	2.634204
517	16	Ġgreeted	17.907014
517	17	Ġearly	12.363575
517	18	Ġin	2.990788
517	19	Ġthe	0.431321
517	20	Ġmorning	0.643271
517	21	.	2.07361
517	22	<|endoftext|>	10.033555
518	1	<|endoftext|>	0.0
518	2	I	5.770357
518	3	Ġknow	5.545684
518	4	Ġthat	2.749692
518	5	Ġthe	4.424222
518	6	Ġmayor	12.880334
518	7	Ġsaid	6.518948
518	8	Ġthe	4.744813
518	9	Ġclerk	15.360728
518	10	Ġbelieved	10.252618
518	11	Ġhe	2.968368
518	12	Ġwitnessed	12.90243
518	13	Ġthe	1.782551
518	14	Ġl	11.943456
518	15	ibrarian	2.634204
518	16	Ġgreeted	17.907014
518	17	Ġthe	3.387589
518	18	Ġman	5.472094
518	19	Ġearly	11.652812
518	20	Ġin	2.689352
518	21	Ġthe	0.262665
518	22	Ġmorning	0.644185
518	23	.	1.559066
518	24	<|endoftext|>	10.007343
519	1	<|endoftext|>	0.0
519	2	I	5.770357
519	3	Ġknow	5.545684
519	4	Ġwho	8.366485
519	5	Ġthe	5.844156
519	6	Ġmayor	10.469356
519	7	Ġsaid	7.041907
519	8	Ġthe	5.508674
519	9	Ġclerk	15.025811
519	10	Ġbelieved	9.715909
519	11	Ġhe	4.051483
519	12	Ġwitnessed	12.781332
519	13	Ġthe	3.284662
519	14	Ġl	12.10095
519	15	ibrarian	2.786315
519	16	Ġgreeted	16.320811
519	17	Ġearly	12.34462
519	18	Ġin	2.879853
519	19	Ġthe	0.500811
519	20	Ġmorning	0.5678
519	21	.	1.566502
519	22	<|endoftext|>	8.728039
520	1	<|endoftext|>	0.0
520	2	I	5.770357
520	3	Ġknow	5.545684
520	4	Ġwho	8.366485
520	5	Ġthe	5.844156
520	6	Ġmayor	10.469356
520	7	Ġsaid	7.041907
520	8	Ġthe	5.508674
520	9	Ġclerk	15.025811
520	10	Ġbelieved	9.715909
520	11	Ġhe	4.051483
520	12	Ġwitnessed	12.781332
520	13	Ġthe	3.284662
520	14	Ġl	12.10095
520	15	ibrarian	2.786315
520	16	Ġgreeted	16.320811
520	17	Ġthe	3.68233
520	18	Ġman	5.252283
520	19	Ġearly	12.075004
520	20	Ġin	2.769508
520	21	Ġthe	0.305966
520	22	Ġmorning	0.592013
520	23	.	1.268329
520	24	<|endoftext|>	8.772357
521	1	<|endoftext|>	0.0
521	2	You	7.682203
521	3	Ġknow	4.524784
521	4	Ġthat	3.787021
521	5	Ġthe	7.61201
521	6	Ġmillionaire	16.367698
521	7	Ġsupported	17.254993
521	8	Ġlast	11.501446
521	9	Ġyear	1.479547
521	10	.	9.837585
521	11	<|endoftext|>	8.230648
522	1	<|endoftext|>	0.0
522	2	You	7.682203
522	3	Ġknow	4.524784
522	4	Ġthat	3.787021
522	5	Ġthe	7.61201
522	6	Ġmillionaire	16.367687
522	7	Ġsupported	17.254993
522	8	Ġthe	4.537528
522	9	Ġcandidate	8.546237
522	10	Ġlast	9.920922
522	11	Ġyear	1.87056
522	12	.	3.672551
522	13	<|endoftext|>	9.051302
523	1	<|endoftext|>	0.0
523	2	You	7.682203
523	3	Ġknow	4.524784
523	4	Ġwho	5.05256
523	5	Ġthe	6.464221
523	6	Ġmillionaire	13.853886
523	7	Ġsupported	15.72049
523	8	Ġlast	4.739379
523	9	Ġyear	1.462945
523	10	.	5.639089
523	11	<|endoftext|>	7.519311
524	1	<|endoftext|>	0.0
524	2	You	7.682203
524	3	Ġknow	4.524784
524	4	Ġwho	5.05256
524	5	Ġthe	6.464221
524	6	Ġmillionaire	13.853886
524	7	Ġsupported	15.72049
524	8	Ġthe	5.793533
524	9	Ġcandidate	8.349295
524	10	Ġlast	8.42509
524	11	Ġyear	2.178246
524	12	.	5.320213
524	13	<|endoftext|>	7.533567
525	1	<|endoftext|>	0.0
525	2	You	7.682203
525	3	Ġknow	4.524784
525	4	Ġthat	3.787021
525	5	Ġthe	7.61201
525	6	Ġlobbyist	17.54615
525	7	Ġbelieved	13.519525
525	8	Ġthe	4.187432
525	9	Ġmillionaire	13.856511
525	10	Ġsupported	14.410144
525	11	Ġlast	12.344565
525	12	Ġyear	1.045406
525	13	.	11.567903
525	14	<|endoftext|>	8.664269
526	1	<|endoftext|>	0.0
526	2	You	7.682215
526	3	Ġknow	4.524781
526	4	Ġthat	3.786978
526	5	Ġthe	7.611987
526	6	Ġlobbyist	17.546174
526	7	Ġbelieved	13.519574
526	8	Ġthe	4.187435
526	9	Ġmillionaire	13.856499
526	10	Ġsupported	14.410249
526	11	Ġthe	2.6668
526	12	Ġcandidate	7.640871
526	13	Ġlast	11.402249
526	14	Ġyear	1.786165
526	15	.	3.305949
526	16	<|endoftext|>	9.319373
527	1	<|endoftext|>	0.0
527	2	You	7.682203
527	3	Ġknow	4.524784
527	4	Ġwho	5.05256
527	5	Ġthe	6.464221
527	6	Ġlobbyist	15.639006
527	7	Ġbelieved	12.101728
527	8	Ġthe	6.62511
527	9	Ġmillionaire	14.224205
527	10	Ġsupported	13.538112
527	11	Ġlast	7.887574
527	12	Ġyear	1.206797
527	13	.	5.078051
527	14	<|endoftext|>	7.147828
528	1	<|endoftext|>	0.0
528	2	You	7.682215
528	3	Ġknow	4.524781
528	4	Ġwho	5.052583
528	5	Ġthe	6.4642
528	6	Ġlobbyist	15.639054
528	7	Ġbelieved	12.101693
528	8	Ġthe	6.62514
528	9	Ġmillionaire	14.224216
528	10	Ġsupported	13.538078
528	11	Ġthe	4.606496
528	12	Ġcandidate	8.488332
528	13	Ġlast	9.910501
528	14	Ġyear	1.796473
528	15	.	4.967771
528	16	<|endoftext|>	7.319385
529	1	<|endoftext|>	0.0
529	2	You	7.68222
529	3	Ġknow	4.524771
529	4	Ġthat	3.786982
529	5	Ġthe	7.611992
529	6	Ġlobbyist	17.546179
529	7	Ġbelieved	13.519574
529	8	Ġthe	4.187434
529	9	Ġsecretary	11.351427
529	10	Ġsaid	10.463953
529	11	Ġthe	3.606738
529	12	Ġmillionaire	15.684236
529	13	Ġsupported	13.423078
529	14	Ġlast	12.29925
529	15	Ġyear	0.981399
529	16	.	10.961889
529	17	<|endoftext|>	9.497388
530	1	<|endoftext|>	0.0
530	2	You	7.68222
530	3	Ġknow	4.524771
530	4	Ġthat	3.786982
530	5	Ġthe	7.611992
530	6	Ġlobbyist	17.546179
530	7	Ġbelieved	13.519574
530	8	Ġthe	4.187434
530	9	Ġsecretary	11.351427
530	10	Ġsaid	10.463953
530	11	Ġthe	3.606738
530	12	Ġmillionaire	15.684236
530	13	Ġsupported	13.423078
530	14	Ġthe	2.634343
530	15	Ġcandidate	8.389671
530	16	Ġlast	10.242917
530	17	Ġyear	1.599589
530	18	.	3.379389
530	19	<|endoftext|>	9.727187
531	1	<|endoftext|>	0.0
531	2	You	7.68222
531	3	Ġknow	4.524771
531	4	Ġwho	5.052576
531	5	Ġthe	6.464205
531	6	Ġlobbyist	15.639065
531	7	Ġbelieved	12.101698
531	8	Ġthe	6.625143
531	9	Ġsecretary	11.165427
531	10	Ġsaid	10.767051
531	11	Ġthe	4.428929
531	12	Ġmillionaire	16.453755
531	13	Ġsupported	12.458749
531	14	Ġlast	8.684709
531	15	Ġyear	1.219551
531	16	.	5.68125
531	17	<|endoftext|>	7.337118
532	1	<|endoftext|>	0.0
532	2	You	7.68222
532	3	Ġknow	4.524771
532	4	Ġwho	5.052576
532	5	Ġthe	6.464205
532	6	Ġlobbyist	15.639065
532	7	Ġbelieved	12.101698
532	8	Ġthe	6.625143
532	9	Ġsecretary	11.165427
532	10	Ġsaid	10.767051
532	11	Ġthe	4.428929
532	12	Ġmillionaire	16.453755
532	13	Ġsupported	12.458749
532	14	Ġthe	4.700325
532	15	Ġcandidate	9.047823
532	16	Ġlast	9.764303
532	17	Ġyear	1.705117
532	18	.	5.153044
532	19	<|endoftext|>	7.61118
533	1	<|endoftext|>	0.0
533	2	You	7.68222
533	3	Ġknow	4.524771
533	4	Ġthat	3.786982
533	5	Ġthe	7.611992
533	6	Ġlobbyist	17.546179
533	7	Ġbelieved	13.519574
533	8	Ġthe	4.187434
533	9	Ġsecretary	11.351427
533	10	Ġsaid	10.463953
533	11	Ġshe	3.358851
533	12	Ġsaw	7.940253
533	13	Ġthe	2.89264
533	14	Ġmillionaire	14.201657
533	15	Ġsupported	17.304561
533	16	Ġlast	12.810535
533	17	Ġyear	1.780896
533	18	.	4.599192
533	19	<|endoftext|>	9.297245
534	1	<|endoftext|>	0.0
534	2	You	7.68222
534	3	Ġknow	4.524771
534	4	Ġthat	3.786982
534	5	Ġthe	7.611992
534	6	Ġlobbyist	17.546179
534	7	Ġbelieved	13.519574
534	8	Ġthe	4.187434
534	9	Ġsecretary	11.351427
534	10	Ġsaid	10.463953
534	11	Ġshe	3.358851
534	12	Ġsaw	7.940253
534	13	Ġthe	2.89264
534	14	Ġmillionaire	14.201657
534	15	Ġsupported	17.304561
534	16	Ġthe	4.456625
534	17	Ġcandidate	7.509411
534	18	Ġlast	10.266122
534	19	Ġyear	1.86715
534	20	.	2.856918
534	21	<|endoftext|>	9.482705
535	1	<|endoftext|>	0.0
535	2	You	7.68222
535	3	Ġknow	4.524771
535	4	Ġwho	5.052576
535	5	Ġthe	6.464205
535	6	Ġlobbyist	15.639065
535	7	Ġbelieved	12.101698
535	8	Ġthe	6.625143
535	9	Ġsecretary	11.165427
535	10	Ġsaid	10.767051
535	11	Ġshe	2.555512
535	12	Ġsaw	8.210442
535	13	Ġthe	5.489537
535	14	Ġmillionaire	15.16988
535	15	Ġsupported	16.490098
535	16	Ġlast	9.472648
535	17	Ġyear	1.902616
535	18	.	4.971463
535	19	<|endoftext|>	7.298765
536	1	<|endoftext|>	0.0
536	2	You	7.68222
536	3	Ġknow	4.524771
536	4	Ġwho	5.052576
536	5	Ġthe	6.464205
536	6	Ġlobbyist	15.639065
536	7	Ġbelieved	12.101698
536	8	Ġthe	6.625143
536	9	Ġsecretary	11.165427
536	10	Ġsaid	10.767051
536	11	Ġshe	2.555512
536	12	Ġsaw	8.210442
536	13	Ġthe	5.489537
536	14	Ġmillionaire	15.16988
536	15	Ġsupported	16.490098
536	16	Ġthe	6.305217
536	17	Ġcandidate	8.217825
536	18	Ġlast	9.864225
536	19	Ġyear	2.026452
536	20	.	4.483865
536	21	<|endoftext|>	7.518145
537	1	<|endoftext|>	0.0
537	2	You	7.68222
537	3	Ġknow	4.524771
537	4	Ġthat	3.786982
537	5	Ġthe	7.611992
537	6	Ġlobbyist	17.546179
537	7	Ġbelieved	13.519574
537	8	Ġthe	4.187434
537	9	Ġsecretary	11.351427
537	10	Ġsaid	10.463953
537	11	Ġshe	3.358851
537	12	Ġsaw	7.940253
537	13	Ġthe	2.89264
537	14	Ġmillionaire	14.201657
537	15	Ġsupported	17.304561
537	16	Ġlast	12.810535
537	17	Ġyear	1.780896
537	18	.	4.599192
537	19	<|endoftext|>	9.297245
538	1	<|endoftext|>	0.0
538	2	You	7.68222
538	3	Ġknow	4.524771
538	4	Ġthat	3.786982
538	5	Ġthe	7.611992
538	6	Ġlobbyist	17.546179
538	7	Ġbelieved	13.519574
538	8	Ġthe	4.187434
538	9	Ġsecretary	11.351427
538	10	Ġsaid	10.463953
538	11	Ġshe	3.358851
538	12	Ġsaw	7.940253
538	13	Ġthe	2.89264
538	14	Ġmillionaire	14.201657
538	15	Ġsupported	17.304561
538	16	Ġthe	4.456625
538	17	Ġcandidate	7.509411
538	18	Ġlast	10.266122
538	19	Ġyear	1.86715
538	20	.	2.856918
538	21	<|endoftext|>	9.482705
539	1	<|endoftext|>	0.0
539	2	You	7.68222
539	3	Ġknow	4.524771
539	4	Ġwho	5.052576
539	5	Ġthe	6.464205
539	6	Ġlobbyist	15.639065
539	7	Ġbelieved	12.101698
539	8	Ġthe	6.625143
539	9	Ġsecretary	11.165427
539	10	Ġsaid	10.767051
539	11	Ġshe	2.555512
539	12	Ġsaw	8.210442
539	13	Ġthe	5.489537
539	14	Ġmillionaire	15.16988
539	15	Ġsupported	16.490098
539	16	Ġlast	9.472648
539	17	Ġyear	1.902616
539	18	.	4.971463
539	19	<|endoftext|>	7.298765
540	1	<|endoftext|>	0.0
540	2	You	7.68222
540	3	Ġknow	4.524771
540	4	Ġwho	5.052576
540	5	Ġthe	6.464205
540	6	Ġlobbyist	15.639065
540	7	Ġbelieved	12.101698
540	8	Ġthe	6.625143
540	9	Ġsecretary	11.165427
540	10	Ġsaid	10.767051
540	11	Ġshe	2.555512
540	12	Ġsaw	8.210442
540	13	Ġthe	5.489537
540	14	Ġmillionaire	15.16988
540	15	Ġsupported	16.490098
540	16	Ġthe	6.305217
540	17	Ġcandidate	8.217825
540	18	Ġlast	9.864225
540	19	Ġyear	2.026452
540	20	.	4.483865
540	21	<|endoftext|>	7.518145
541	1	<|endoftext|>	0.0
541	2	I	5.770367
541	3	Ġknow	5.545733
541	4	Ġthat	2.74974
541	5	Ġthe	4.424285
541	6	Ġpresident	10.494378
541	7	Ġcongratulated	13.538187
541	8	Ġover	13.262382
541	9	Ġlunch	10.921991
541	10	.	5.543795
541	11	<|endoftext|>	9.985045
542	1	<|endoftext|>	0.0
542	2	I	5.770367
542	3	Ġknow	5.545733
542	4	Ġthat	2.74974
542	5	Ġthe	4.424285
542	6	Ġpresident	10.494401
542	7	Ġcongratulated	13.538187
542	8	Ġthe	3.523748
542	9	Ġathletes	11.266588
542	10	Ġover	8.550919
542	11	Ġlunch	9.811892
542	12	.	2.839247
542	13	<|endoftext|>	10.399493
543	1	<|endoftext|>	0.0
543	2	I	5.770367
543	3	Ġknow	5.545733
543	4	Ġwho	8.366545
543	5	Ġthe	5.844098
543	6	Ġpresident	8.491514
543	7	Ġcongratulated	17.126773
543	8	Ġover	9.044806
543	9	Ġlunch	6.677678
543	10	.	2.279915
543	11	<|endoftext|>	8.654567
544	1	<|endoftext|>	0.0
544	2	I	5.770367
544	3	Ġknow	5.545733
544	4	Ġwho	8.366545
544	5	Ġthe	5.844098
544	6	Ġpresident	8.491526
544	7	Ġcongratulated	17.126773
544	8	Ġthe	5.147052
544	9	Ġathletes	11.878115
544	10	Ġover	8.564769
544	11	Ġlunch	9.146958
544	12	.	1.968466
544	13	<|endoftext|>	8.930882
545	1	<|endoftext|>	0.0
545	2	I	5.770367
545	3	Ġknow	5.545733
545	4	Ġthat	2.74974
545	5	Ġthe	4.424285
545	6	Ġcoach	13.538433
545	7	Ġsaid	5.881015
545	8	Ġthe	4.824455
545	9	Ġpresident	12.88412
545	10	Ġcongratulated	13.270479
545	11	Ġover	13.825414
545	12	Ġlunch	9.894075
545	13	.	2.807285
545	14	<|endoftext|>	9.866832
546	1	<|endoftext|>	0.0
546	2	I	5.770362
546	3	Ġknow	5.545699
546	4	Ġthat	2.74972
546	5	Ġthe	4.424218
546	6	Ġcoach	13.538422
546	7	Ġsaid	5.881057
546	8	Ġthe	4.824446
546	9	Ġpresident	12.884156
546	10	Ġcongratulated	13.270546
546	11	Ġthe	3.859615
546	12	Ġathletes	8.897145
546	13	Ġover	8.954509
546	14	Ġlunch	9.354844
546	15	.	2.116216
546	16	<|endoftext|>	10.069819
547	1	<|endoftext|>	0.0
547	2	I	5.770367
547	3	Ġknow	5.545733
547	4	Ġwho	8.366545
547	5	Ġthe	5.844098
547	6	Ġcoach	11.120444
547	7	Ġsaid	8.022257
547	8	Ġthe	5.571562
547	9	Ġpresident	13.120573
547	10	Ġcongratulated	15.099108
547	11	Ġover	10.241608
547	12	Ġlunch	7.706515
547	13	.	1.476835
547	14	<|endoftext|>	8.232049
548	1	<|endoftext|>	0.0
548	2	I	5.770362
548	3	Ġknow	5.545699
548	4	Ġwho	8.36647
548	5	Ġthe	5.844158
548	6	Ġcoach	11.120336
548	7	Ġsaid	8.02223
548	8	Ġthe	5.571578
548	9	Ġpresident	13.120592
548	10	Ġcongratulated	15.099093
548	11	Ġthe	4.919233
548	12	Ġathletes	9.250496
548	13	Ġover	9.127911
548	14	Ġlunch	8.740847
548	15	.	1.387931
548	16	<|endoftext|>	8.452887
549	1	<|endoftext|>	0.0
549	2	I	5.770357
549	3	Ġknow	5.545684
549	4	Ġthat	2.749692
549	5	Ġthe	4.424222
549	6	Ġcoach	13.538425
549	7	Ġsaid	5.88104
549	8	Ġthe	4.824437
549	9	Ġassistant	12.790297
549	10	Ġbelieved	13.752524
549	11	Ġthe	2.987922
549	12	Ġpresident	12.047936
549	13	Ġcongratulated	16.73203
549	14	Ġover	14.259104
549	15	Ġlunch	10.778584
549	16	.	2.10591
549	17	<|endoftext|>	9.784254
550	1	<|endoftext|>	0.0
550	2	I	5.770357
550	3	Ġknow	5.545684
550	4	Ġthat	2.749692
550	5	Ġthe	4.424222
550	6	Ġcoach	13.538425
550	7	Ġsaid	5.88104
550	8	Ġthe	4.824437
550	9	Ġassistant	12.790297
550	10	Ġbelieved	13.752524
550	11	Ġthe	2.987922
550	12	Ġpresident	12.047936
550	13	Ġcongratulated	16.73203
550	14	Ġthe	3.913794
550	15	Ġathletes	9.628974
550	16	Ġover	9.134052
550	17	Ġlunch	9.40767
550	18	.	1.68164
550	19	<|endoftext|>	9.840961
551	1	<|endoftext|>	0.0
551	2	I	5.770357
551	3	Ġknow	5.545684
551	4	Ġwho	8.366485
551	5	Ġthe	5.844156
551	6	Ġcoach	11.120336
551	7	Ġsaid	8.022255
551	8	Ġthe	5.571586
551	9	Ġassistant	13.624998
551	10	Ġbelieved	13.83596
551	11	Ġthe	5.483316
551	12	Ġpresident	11.674656
551	13	Ġcongratulated	16.67651
551	14	Ġover	12.242835
551	15	Ġlunch	9.323349
551	16	.	1.371124
551	17	<|endoftext|>	8.335358
552	1	<|endoftext|>	0.0
552	2	I	5.770357
552	3	Ġknow	5.545684
552	4	Ġwho	8.366485
552	5	Ġthe	5.844156
552	6	Ġcoach	11.120336
552	7	Ġsaid	8.022255
552	8	Ġthe	5.571586
552	9	Ġassistant	13.624998
552	10	Ġbelieved	13.83596
552	11	Ġthe	5.483316
552	12	Ġpresident	11.674656
552	13	Ġcongratulated	16.67651
552	14	Ġthe	4.265207
552	15	Ġathletes	9.627577
552	16	Ġover	9.15767
552	17	Ġlunch	8.506195
552	18	.	1.21578
552	19	<|endoftext|>	8.466696
553	1	<|endoftext|>	0.0
553	2	I	5.770357
553	3	Ġknow	5.545684
553	4	Ġthat	2.749692
553	5	Ġthe	4.424222
553	6	Ġcoach	13.538425
553	7	Ġsaid	5.88104
553	8	Ġthe	4.824437
553	9	Ġassistant	12.790297
553	10	Ġbelieved	13.752524
553	11	Ġhe	2.184012
553	12	Ġremembered	14.363427
553	13	Ġthe	2.483898
553	14	Ġpresident	12.179099
553	15	Ġcongratulated	18.276686
553	16	Ġover	13.428071
553	17	Ġlunch	9.092339
553	18	.	2.038812
553	19	<|endoftext|>	9.911861
554	1	<|endoftext|>	0.0
554	2	I	5.770357
554	3	Ġknow	5.545684
554	4	Ġthat	2.749692
554	5	Ġthe	4.424222
554	6	Ġcoach	13.538425
554	7	Ġsaid	5.88104
554	8	Ġthe	4.824437
554	9	Ġassistant	12.790297
554	10	Ġbelieved	13.752524
554	11	Ġhe	2.184012
554	12	Ġremembered	14.363427
554	13	Ġthe	2.483898
554	14	Ġpresident	12.179099
554	15	Ġcongratulated	18.276686
554	16	Ġthe	3.700612
554	17	Ġathletes	9.107457
554	18	Ġover	9.125771
554	19	Ġlunch	7.770887
554	20	.	1.706006
554	21	<|endoftext|>	9.886713
555	1	<|endoftext|>	0.0
555	2	I	5.770357
555	3	Ġknow	5.545684
555	4	Ġwho	8.366485
555	5	Ġthe	5.844156
555	6	Ġcoach	11.120336
555	7	Ġsaid	8.022255
555	8	Ġthe	5.571586
555	9	Ġassistant	13.624998
555	10	Ġbelieved	13.83596
555	11	Ġhe	3.975427
555	12	Ġremembered	13.502608
555	13	Ġthe	3.815932
555	14	Ġpresident	11.913002
555	15	Ġcongratulated	17.03001
555	16	Ġover	12.016439
555	17	Ġlunch	7.831518
555	18	.	1.574667
555	19	<|endoftext|>	8.431569
556	1	<|endoftext|>	0.0
556	2	I	5.770357
556	3	Ġknow	5.545684
556	4	Ġwho	8.366485
556	5	Ġthe	5.844156
556	6	Ġcoach	11.120336
556	7	Ġsaid	8.022255
556	8	Ġthe	5.571586
556	9	Ġassistant	13.624998
556	10	Ġbelieved	13.83596
556	11	Ġhe	3.975427
556	12	Ġremembered	13.502608
556	13	Ġthe	3.815932
556	14	Ġpresident	11.913002
556	15	Ġcongratulated	17.03001
556	16	Ġthe	3.975058
556	17	Ġathletes	8.98058
556	18	Ġover	9.125139
556	19	Ġlunch	7.160384
556	20	.	1.386443
556	21	<|endoftext|>	8.475307
557	1	<|endoftext|>	0.0
557	2	I	5.770357
557	3	Ġknow	5.545684
557	4	Ġthat	2.749692
557	5	Ġthe	4.424222
557	6	Ġcoach	13.538425
557	7	Ġsaid	5.88104
557	8	Ġthe	4.824437
557	9	Ġassistant	12.790297
557	10	Ġbelieved	13.752524
557	11	Ġhe	2.184012
557	12	Ġremembered	14.363427
557	13	Ġthe	2.483898
557	14	Ġpresident	12.179099
557	15	Ġcongratulated	18.276686
557	16	Ġover	13.428071
557	17	Ġlunch	9.092339
557	18	.	2.038812
557	19	<|endoftext|>	9.911861
558	1	<|endoftext|>	0.0
558	2	I	5.770357
558	3	Ġknow	5.545684
558	4	Ġthat	2.749692
558	5	Ġthe	4.424222
558	6	Ġcoach	13.538425
558	7	Ġsaid	5.88104
558	8	Ġthe	4.824437
558	9	Ġassistant	12.790297
558	10	Ġbelieved	13.752524
558	11	Ġhe	2.184012
558	12	Ġremembered	14.363427
558	13	Ġthe	2.483898
558	14	Ġpresident	12.179099
558	15	Ġcongratulated	18.276686
558	16	Ġthe	3.700612
558	17	Ġathletes	9.107457
558	18	Ġover	9.125771
558	19	Ġlunch	7.770887
558	20	.	1.706006
558	21	<|endoftext|>	9.886713
559	1	<|endoftext|>	0.0
559	2	I	5.770357
559	3	Ġknow	5.545684
559	4	Ġwho	8.366485
559	5	Ġthe	5.844156
559	6	Ġcoach	11.120336
559	7	Ġsaid	8.022255
559	8	Ġthe	5.571586
559	9	Ġassistant	13.624998
559	10	Ġbelieved	13.83596
559	11	Ġhe	3.975427
559	12	Ġremembered	13.502608
559	13	Ġthe	3.815932
559	14	Ġpresident	11.913002
559	15	Ġcongratulated	17.03001
559	16	Ġover	12.016439
559	17	Ġlunch	7.831518
559	18	.	1.574667
559	19	<|endoftext|>	8.431569
560	1	<|endoftext|>	0.0
560	2	I	5.770357
560	3	Ġknow	5.545684
560	4	Ġwho	8.366485
560	5	Ġthe	5.844156
560	6	Ġcoach	11.120336
560	7	Ġsaid	8.022255
560	8	Ġthe	5.571586
560	9	Ġassistant	13.624998
560	10	Ġbelieved	13.83596
560	11	Ġhe	3.975427
560	12	Ġremembered	13.502608
560	13	Ġthe	3.815932
560	14	Ġpresident	11.913002
560	15	Ġcongratulated	17.03001
560	16	Ġthe	3.975058
560	17	Ġathletes	8.98058
560	18	Ġover	9.125139
560	19	Ġlunch	7.160384
560	20	.	1.386443
560	21	<|endoftext|>	8.475307
561	1	<|endoftext|>	0.0
561	2	You	7.682203
561	3	Ġknow	4.524784
561	4	Ġthat	3.787013
561	5	Ġthe	7.61201
561	6	Ġman	8.267882
561	7	Ġintroduced	14.600942
561	8	Ġto	1.7274
561	9	Ġhis	6.290783
561	10	Ġfamily	3.248873
561	11	.	9.069518
561	12	<|endoftext|>	9.076019
562	1	<|endoftext|>	0.0
562	2	You	7.682203
562	3	Ġknow	4.524784
562	4	Ġthat	3.787021
562	5	Ġthe	7.61201
562	6	Ġman	8.267882
562	7	Ġintroduced	14.600925
562	8	Ġhis	6.784054
562	9	Ġfriends	8.317984
562	10	Ġto	1.0231
562	11	Ġhis	4.738018
562	12	Ġfamily	6.394823
562	13	.	5.154476
562	14	<|endoftext|>	10.279138
563	1	<|endoftext|>	0.0
563	2	You	7.682203
563	3	Ġknow	4.524784
563	4	Ġwho	5.052563
563	5	Ġthe	6.464221
563	6	Ġman	6.228357
563	7	Ġintroduced	14.545126
563	8	Ġto	1.068175
563	9	Ġhis	5.617998
563	10	Ġfamily	3.504187
563	11	.	7.719509
563	12	<|endoftext|>	8.466891
564	1	<|endoftext|>	0.0
564	2	You	7.682203
564	3	Ġknow	4.524784
564	4	Ġwho	5.05256
564	5	Ġthe	6.464221
564	6	Ġman	6.228357
564	7	Ġintroduced	14.545137
564	8	Ġhis	7.717448
564	9	Ġfriends	7.692434
564	10	Ġto	0.700715
564	11	Ġhis	6.30368
564	12	Ġfamily	6.790577
564	13	.	5.866191
564	14	<|endoftext|>	8.728591
565	1	<|endoftext|>	0.0
565	2	You	7.682203
565	3	Ġknow	4.524784
565	4	Ġthat	3.787013
565	5	Ġthe	7.61201
565	6	Ġwoman	10.626944
565	7	Ġsaid	8.281144
565	8	Ġthe	5.053758
565	9	Ġman	4.562044
565	10	Ġintroduced	12.4635
565	11	Ġto	5.341958
565	12	Ġhis	9.65998
565	13	Ġfamily	3.414962
565	14	.	7.252341
565	15	<|endoftext|>	10.208435
566	1	<|endoftext|>	0.0
566	2	You	7.68222
566	3	Ġknow	4.524771
566	4	Ġthat	3.786982
566	5	Ġthe	7.611992
566	6	Ġwoman	10.626929
566	7	Ġsaid	8.281168
566	8	Ġthe	5.05371
566	9	Ġman	4.562025
566	10	Ġintroduced	12.463579
566	11	Ġhis	5.804239
566	12	Ġfriends	6.753144
566	13	Ġto	0.862547
566	14	Ġhis	5.211295
566	15	Ġfamily	6.70047
566	16	.	3.476519
566	17	<|endoftext|>	10.608948
567	1	<|endoftext|>	0.0
567	2	You	7.682203
567	3	Ġknow	4.524784
567	4	Ġwho	5.052563
567	5	Ġthe	6.464221
567	6	Ġwoman	9.545085
567	7	Ġsaid	7.244378
567	8	Ġthe	5.531495
567	9	Ġman	5.311611
567	10	Ġintroduced	12.894906
567	11	Ġto	1.448997
567	12	Ġhis	9.430876
567	13	Ġfamily	3.235403
567	14	.	5.591406
567	15	<|endoftext|>	8.508761
568	1	<|endoftext|>	0.0
568	2	You	7.68222
568	3	Ġknow	4.524771
568	4	Ġwho	5.052576
568	5	Ġthe	6.464205
568	6	Ġwoman	9.5451
568	7	Ġsaid	7.24439
568	8	Ġthe	5.531635
568	9	Ġman	5.311658
568	10	Ġintroduced	12.894802
568	11	Ġhis	7.976469
568	12	Ġfriends	6.434892
568	13	Ġto	0.767105
568	14	Ġhis	6.452983
568	15	Ġfamily	6.74627
568	16	.	4.201801
568	17	<|endoftext|>	8.59196
569	1	<|endoftext|>	0.0
569	2	You	7.68222
569	3	Ġknow	4.524771
569	4	Ġthat	3.786982
569	5	Ġthe	7.611992
569	6	Ġwoman	10.626929
569	7	Ġsaid	8.281168
569	8	Ġthe	5.05371
569	9	Ġneighbor	12.547358
569	10	Ġthought	7.712444
569	11	Ġthe	3.071892
569	12	Ġman	2.947593
569	13	Ġintroduced	15.19701
569	14	Ġto	8.108851
569	15	Ġhis	7.088147
569	16	Ġfamily	3.438219
569	17	.	8.115011
569	18	<|endoftext|>	10.238231
570	1	<|endoftext|>	0.0
570	2	You	7.68222
570	3	Ġknow	4.524771
570	4	Ġthat	3.786982
570	5	Ġthe	7.611992
570	6	Ġwoman	10.626929
570	7	Ġsaid	8.281168
570	8	Ġthe	5.05371
570	9	Ġneighbor	12.547358
570	10	Ġthought	7.712444
570	11	Ġthe	3.071892
570	12	Ġman	2.947593
570	13	Ġintroduced	15.19701
570	14	Ġhis	5.278693
570	15	Ġfriends	7.475328
570	16	Ġto	0.817692
570	17	Ġhis	4.824956
570	18	Ġfamily	6.648288
570	19	.	3.595167
570	20	<|endoftext|>	10.243464
571	1	<|endoftext|>	0.0
571	2	You	7.68222
571	3	Ġknow	4.524771
571	4	Ġwho	5.052576
571	5	Ġthe	6.464205
571	6	Ġwoman	9.5451
571	7	Ġsaid	7.24439
571	8	Ġthe	5.531635
571	9	Ġneighbor	13.816451
571	10	Ġthought	6.121238
571	11	Ġthe	4.521999
571	12	Ġman	3.913298
571	13	Ġintroduced	15.730905
571	14	Ġto	3.772683
571	15	Ġhis	6.980942
571	16	Ġfamily	3.33966
571	17	.	6.358958
571	18	<|endoftext|>	8.154202
572	1	<|endoftext|>	0.0
572	2	You	7.68222
572	3	Ġknow	4.524771
572	4	Ġwho	5.052576
572	5	Ġthe	6.464205
572	6	Ġwoman	9.5451
572	7	Ġsaid	7.24439
572	8	Ġthe	5.531635
572	9	Ġneighbor	13.816451
572	10	Ġthought	6.121238
572	11	Ġthe	4.521999
572	12	Ġman	3.913298
572	13	Ġintroduced	15.730905
572	14	Ġhis	5.629853
572	15	Ġfriends	7.246221
572	16	Ġto	0.771794
572	17	Ġhis	4.823084
572	18	Ġfamily	6.750992
572	19	.	4.454917
572	20	<|endoftext|>	8.079987
573	1	<|endoftext|>	0.0
573	2	You	7.68222
573	3	Ġknow	4.524771
573	4	Ġthat	3.786982
573	5	Ġthe	7.611992
573	6	Ġwoman	10.626929
573	7	Ġsaid	8.281168
573	8	Ġthe	5.05371
573	9	Ġneighbor	12.547358
573	10	Ġthought	7.712444
573	11	Ġhe	3.987753
573	12	Ġrecalled	16.276029
573	13	Ġthe	2.832348
573	14	Ġman	4.489975
573	15	Ġintroduced	16.868969
573	16	Ġto	1.919266
573	17	Ġhis	5.858191
573	18	Ġfamily	2.842724
573	19	.	3.370785
573	20	<|endoftext|>	10.038139
574	1	<|endoftext|>	0.0
574	2	You	7.68222
574	3	Ġknow	4.524771
574	4	Ġthat	3.786982
574	5	Ġthe	7.611992
574	6	Ġwoman	10.626929
574	7	Ġsaid	8.281168
574	8	Ġthe	5.05371
574	9	Ġneighbor	12.547358
574	10	Ġthought	7.712444
574	11	Ġhe	3.987753
574	12	Ġrecalled	16.276029
574	13	Ġthe	2.832348
574	14	Ġman	4.489975
574	15	Ġintroduced	16.868969
574	16	Ġhis	6.419356
574	17	Ġfriends	6.570857
574	18	Ġto	1.178396
574	19	Ġhis	4.584844
574	20	Ġfamily	5.327453
574	21	.	2.835703
574	22	<|endoftext|>	9.947038
575	1	<|endoftext|>	0.0
575	2	You	7.68222
575	3	Ġknow	4.524771
575	4	Ġwho	5.052576
575	5	Ġthe	6.464205
575	6	Ġwoman	9.5451
575	7	Ġsaid	7.24439
575	8	Ġthe	5.531635
575	9	Ġneighbor	13.816451
575	10	Ġthought	6.121238
575	11	Ġhe	4.939754
575	12	Ġrecalled	17.246999
575	13	Ġthe	3.608399
575	14	Ġman	4.255782
575	15	Ġintroduced	16.320042
575	16	Ġto	1.481928
575	17	Ġhis	6.082195
575	18	Ġfamily	2.701301
575	19	.	4.905314
575	20	<|endoftext|>	8.077965
576	1	<|endoftext|>	0.0
576	2	You	7.68222
576	3	Ġknow	4.524771
576	4	Ġwho	5.052576
576	5	Ġthe	6.464205
576	6	Ġwoman	9.5451
576	7	Ġsaid	7.24439
576	8	Ġthe	5.531635
576	9	Ġneighbor	13.816451
576	10	Ġthought	6.121238
576	11	Ġhe	4.939754
576	12	Ġrecalled	17.246999
576	13	Ġthe	3.608399
576	14	Ġman	4.255782
576	15	Ġintroduced	16.320042
576	16	Ġhis	7.769636
576	17	Ġfriends	6.296079
576	18	Ġto	1.136928
576	19	Ġhis	5.359581
576	20	Ġfamily	5.28769
576	21	.	4.209595
576	22	<|endoftext|>	7.974893
577	1	<|endoftext|>	0.0
577	2	You	7.68222
577	3	Ġknow	4.524771
577	4	Ġthat	3.786982
577	5	Ġthe	7.611992
577	6	Ġwoman	10.626929
577	7	Ġsaid	8.281168
577	8	Ġthe	5.05371
577	9	Ġneighbor	12.547358
577	10	Ġthought	7.712444
577	11	Ġhe	3.987753
577	12	Ġrecalled	16.276029
577	13	Ġthe	2.832348
577	14	Ġman	4.489975
577	15	Ġintroduced	16.868969
577	16	Ġto	1.919266
577	17	Ġhis	5.858191
577	18	Ġfamily	2.842724
577	19	.	3.370785
577	20	<|endoftext|>	10.038139
578	1	<|endoftext|>	0.0
578	2	You	7.68222
578	3	Ġknow	4.524771
578	4	Ġthat	3.786982
578	5	Ġthe	7.611992
578	6	Ġwoman	10.626929
578	7	Ġsaid	8.281168
578	8	Ġthe	5.05371
578	9	Ġneighbor	12.547358
578	10	Ġthought	7.712444
578	11	Ġhe	3.987753
578	12	Ġrecalled	16.276029
578	13	Ġthe	2.832348
578	14	Ġman	4.489975
578	15	Ġintroduced	16.868969
578	16	Ġhis	6.419356
578	17	Ġfriends	6.570857
578	18	Ġto	1.178396
578	19	Ġhis	4.584844
578	20	Ġfamily	5.327453
578	21	.	2.835703
578	22	<|endoftext|>	9.947038
579	1	<|endoftext|>	0.0
579	2	You	7.68222
579	3	Ġknow	4.524771
579	4	Ġwho	5.052576
579	5	Ġthe	6.464205
579	6	Ġwoman	9.5451
579	7	Ġsaid	7.24439
579	8	Ġthe	5.531635
579	9	Ġneighbor	13.816451
579	10	Ġthought	6.121238
579	11	Ġhe	4.939754
579	12	Ġrecalled	17.246999
579	13	Ġthe	3.608399
579	14	Ġman	4.255782
579	15	Ġintroduced	16.320042
579	16	Ġto	1.481928
579	17	Ġhis	6.082195
579	18	Ġfamily	2.701301
579	19	.	4.905314
579	20	<|endoftext|>	8.077965
580	1	<|endoftext|>	0.0
580	2	You	7.68222
580	3	Ġknow	4.524771
580	4	Ġwho	5.052576
580	5	Ġthe	6.464205
580	6	Ġwoman	9.5451
580	7	Ġsaid	7.24439
580	8	Ġthe	5.531635
580	9	Ġneighbor	13.816451
580	10	Ġthought	6.121238
580	11	Ġhe	4.939754
580	12	Ġrecalled	17.246999
580	13	Ġthe	3.608399
580	14	Ġman	4.255782
580	15	Ġintroduced	16.320042
580	16	Ġhis	7.769636
580	17	Ġfriends	6.296079
580	18	Ġto	1.136928
580	19	Ġhis	5.359581
580	20	Ġfamily	5.28769
580	21	.	4.209595
580	22	<|endoftext|>	7.974893
581	1	<|endoftext|>	0.0
581	2	He	8.582737
581	3	Ġknows	8.734376
581	4	Ġthat	2.922574
581	5	Ġthe	3.683981
581	6	Ġwoman	10.296879
581	7	Ġwaited	14.320376
581	8	Ġfor	2.475886
581	9	Ġat	10.698156
581	10	Ġthe	8.750831
581	11	Ġbus	5.056962
581	12	Ġstop	0.196139
581	13	.	3.032089
581	14	<|endoftext|>	9.242715
582	1	<|endoftext|>	0.0
582	2	He	8.582738
582	3	Ġknows	8.734333
582	4	Ġthat	2.922582
582	5	Ġthe	3.684004
582	6	Ġwoman	10.29688
582	7	Ġwaited	14.320295
582	8	Ġfor	2.475829
582	9	Ġher	3.580673
582	10	Ġfriend	7.258211
582	11	Ġat	5.629036
582	12	Ġthe	0.967401
582	13	Ġbus	4.817927
582	14	Ġstop	0.106091
582	15	.	2.577983
582	16	<|endoftext|>	9.338558
583	1	<|endoftext|>	0.0
583	2	He	8.582737
583	3	Ġknows	8.734376
583	4	Ġwho	6.314424
583	5	Ġthe	4.333661
583	6	Ġwoman	7.321472
583	7	Ġwaited	17.826181
583	8	Ġfor	0.371895
583	9	Ġat	5.712982
583	10	Ġthe	1.055924
583	11	Ġbus	4.919435
583	12	Ġstop	0.143799
583	13	.	1.460505
583	14	<|endoftext|>	8.183643
584	1	<|endoftext|>	0.0
584	2	He	8.582738
584	3	Ġknows	8.734333
584	4	Ġwho	6.31441
584	5	Ġthe	4.333641
584	6	Ġwoman	7.321476
584	7	Ġwaited	17.826203
584	8	Ġfor	0.371884
584	9	Ġher	6.563912
584	10	Ġfriend	8.092419
584	11	Ġat	5.078065
584	12	Ġthe	0.922893
584	13	Ġbus	5.240535
584	14	Ġstop	0.110894
584	15	.	1.388482
584	16	<|endoftext|>	8.152496
585	1	<|endoftext|>	0.0
585	2	He	8.582732
585	3	Ġknows	8.734344
585	4	Ġthat	2.922593
585	5	Ġthe	3.684015
585	6	Ġman	8.232754
585	7	Ġbelieved	11.698791
585	8	Ġthe	9.413474
585	9	Ġwoman	5.70552
585	10	Ġwaited	15.247294
585	11	Ġfor	2.147811
585	12	Ġat	9.662424
585	13	Ġthe	6.102218
585	14	Ġbus	4.712617
585	15	Ġstop	0.205338
585	16	.	3.249975
585	17	<|endoftext|>	8.506818
586	1	<|endoftext|>	0.0
586	2	He	8.582732
586	3	Ġknows	8.734344
586	4	Ġthat	2.922593
586	5	Ġthe	3.684015
586	6	Ġman	8.232754
586	7	Ġbelieved	11.698791
586	8	Ġthe	9.413474
586	9	Ġwoman	5.70552
586	10	Ġwaited	15.247294
586	11	Ġfor	2.147811
586	12	Ġher	3.121867
586	13	Ġfriend	6.960061
586	14	Ġat	4.910793
586	15	Ġthe	1.105027
586	16	Ġbus	4.658321
586	17	Ġstop	0.098463
586	18	.	2.595797
586	19	<|endoftext|>	8.526098
587	1	<|endoftext|>	0.0
587	2	He	8.582732
587	3	Ġknows	8.734344
587	4	Ġwho	6.31441
587	5	Ġthe	4.333633
587	6	Ġman	4.480701
587	7	Ġbelieved	12.311715
587	8	Ġthe	10.199682
587	9	Ġwoman	4.391493
587	10	Ġwaited	16.569037
587	11	Ġfor	0.549305
587	12	Ġat	4.917999
587	13	Ġthe	0.936763
587	14	Ġbus	4.651124
587	15	Ġstop	0.122024
587	16	.	1.570093
587	17	<|endoftext|>	7.664946
588	1	<|endoftext|>	0.0
588	2	He	8.582732
588	3	Ġknows	8.734344
588	4	Ġwho	6.31441
588	5	Ġthe	4.333633
588	6	Ġman	4.480701
588	7	Ġbelieved	12.311715
588	8	Ġthe	10.199682
588	9	Ġwoman	4.391493
588	10	Ġwaited	16.569037
588	11	Ġfor	0.549305
588	12	Ġher	6.110134
588	13	Ġfriend	8.071099
588	14	Ġat	4.499841
588	15	Ġthe	1.001689
588	16	Ġbus	4.961404
588	17	Ġstop	0.092237
588	18	.	1.386189
588	19	<|endoftext|>	7.594654
589	1	<|endoftext|>	0.0
589	2	He	8.582732
589	3	Ġknows	8.734344
589	4	Ġthat	2.922593
589	5	Ġthe	3.684015
589	6	Ġman	8.232754
589	7	Ġbelieved	11.698791
589	8	Ġthe	9.413474
589	9	Ġhe	13.219076
589	10	Ġconcluded	14.890356
589	11	Ġthe	3.509869
589	12	Ġwoman	9.139993
589	13	Ġwaited	14.342975
589	14	Ġfor	2.242066
589	15	Ġat	8.8485
589	16	Ġthe	3.656502
589	17	Ġbus	4.613482
589	18	Ġstop	0.197392
589	19	.	2.896444
589	20	<|endoftext|>	7.631674
590	1	<|endoftext|>	0.0
590	2	He	8.582732
590	3	Ġknows	8.734344
590	4	Ġthat	2.922593
590	5	Ġthe	3.684015
590	6	Ġman	8.232754
590	7	Ġbelieved	11.698791
590	8	Ġthe	9.413474
590	9	Ġhe	13.219076
590	10	Ġconcluded	14.890356
590	11	Ġthe	3.509869
590	12	Ġwoman	9.139993
590	13	Ġwaited	14.342975
590	14	Ġfor	2.242066
590	15	Ġher	3.640953
590	16	Ġfriend	6.684726
590	17	Ġat	4.858451
590	18	Ġthe	1.110049
590	19	Ġbus	4.617551
590	20	Ġstop	0.09655
590	21	.	2.310676
590	22	<|endoftext|>	7.575573
591	1	<|endoftext|>	0.0
591	2	He	8.582732
591	3	Ġknows	8.734344
591	4	Ġwho	6.31441
591	5	Ġthe	4.333633
591	6	Ġman	4.480701
591	7	Ġbelieved	12.311715
591	8	Ġthe	10.199682
591	9	Ġhe	11.091805
591	10	Ġconcluded	16.878392
591	11	Ġthe	3.938013
591	12	Ġwoman	7.683109
591	13	Ġwaited	14.241294
591	14	Ġfor	1.699911
591	15	Ġat	5.982022
591	16	Ġthe	1.324159
591	17	Ġbus	4.568557
591	18	Ġstop	0.131432
591	19	.	1.874967
591	20	<|endoftext|>	6.940211
592	1	<|endoftext|>	0.0
592	2	He	8.582732
592	3	Ġknows	8.734344
592	4	Ġwho	6.31441
592	5	Ġthe	4.333633
592	6	Ġman	4.480701
592	7	Ġbelieved	12.311715
592	8	Ġthe	10.199682
592	9	Ġhe	11.091805
592	10	Ġconcluded	16.878392
592	11	Ġthe	3.938013
592	12	Ġwoman	7.683109
592	13	Ġwaited	14.241294
592	14	Ġfor	1.699911
592	15	Ġher	3.789483
592	16	Ġfriend	6.607815
592	17	Ġat	4.577534
592	18	Ġthe	1.097001
592	19	Ġbus	4.824621
592	20	Ġstop	0.086598
592	21	.	1.578718
592	22	<|endoftext|>	6.838662
593	1	<|endoftext|>	0.0
593	2	He	8.582732
593	3	Ġknows	8.734344
593	4	Ġthat	2.922593
593	5	Ġthe	3.684015
593	6	Ġman	8.232754
593	7	Ġbelieved	11.698791
593	8	Ġthe	9.413474
593	9	Ġhe	13.219076
593	10	Ġconcluded	14.890356
593	11	Ġhis	4.447678
593	12	Ġneighbors	15.759949
593	13	Ġhad	2.995718
593	14	Ġsaid	10.001591
593	15	Ġthe	3.504415
593	16	Ġwoman	5.318799
593	17	Ġwaited	12.950057
593	18	Ġfor	2.070255
593	19	Ġat	10.239655
593	20	Ġthe	7.610352
593	21	Ġbus	5.125677
593	22	Ġstop	0.098453
593	23	.	3.008007
593	24	<|endoftext|>	7.457625
594	1	<|endoftext|>	0.0
594	2	He	8.582732
594	3	Ġknows	8.734344
594	4	Ġthat	2.922593
594	5	Ġthe	3.684015
594	6	Ġman	8.232754
594	7	Ġbelieved	11.698791
594	8	Ġthe	9.413474
594	9	Ġhe	13.219076
594	10	Ġconcluded	14.890356
594	11	Ġhis	4.447678
594	12	Ġneighbors	15.759949
594	13	Ġhad	2.995718
594	14	Ġsaid	10.001591
594	15	Ġthe	3.504415
594	16	Ġwoman	5.318799
594	17	Ġwaited	12.950057
594	18	Ġfor	2.070255
594	19	Ġher	2.925456
594	20	Ġfriend	7.181773
594	21	Ġat	4.965614
594	22	Ġthe	1.258876
594	23	Ġbus	5.135186
594	24	Ġstop	0.063861
594	25	.	2.378274
594	26	<|endoftext|>	7.401107
595	1	<|endoftext|>	0.0
595	2	He	8.582732
595	3	Ġknows	8.734344
595	4	Ġwho	6.31441
595	5	Ġthe	4.333633
595	6	Ġman	4.480701
595	7	Ġbelieved	12.311715
595	8	Ġthe	10.199682
595	9	Ġhe	11.091805
595	10	Ġconcluded	16.878392
595	11	Ġhis	5.138534
595	12	Ġneighbors	14.655079
595	13	Ġhad	2.830285
595	14	Ġsaid	9.236917
595	15	Ġthe	4.490598
595	16	Ġwoman	5.209661
595	17	Ġwaited	13.343073
595	18	Ġfor	1.403467
595	19	Ġat	7.166273
595	20	Ġthe	3.940777
595	21	Ġbus	5.345489
595	22	Ġstop	0.081674
595	23	.	1.990295
595	24	<|endoftext|>	6.865142
596	1	<|endoftext|>	0.0
596	2	He	8.582732
596	3	Ġknows	8.734344
596	4	Ġwho	6.31441
596	5	Ġthe	4.333633
596	6	Ġman	4.480701
596	7	Ġbelieved	12.311715
596	8	Ġthe	10.199682
596	9	Ġhe	11.091805
596	10	Ġconcluded	16.878392
596	11	Ġhis	5.138534
596	12	Ġneighbors	14.655079
596	13	Ġhad	2.830285
596	14	Ġsaid	9.236917
596	15	Ġthe	4.490598
596	16	Ġwoman	5.209661
596	17	Ġwaited	13.343073
596	18	Ġfor	1.403467
596	19	Ġher	2.972494
596	20	Ġfriend	6.97109
596	21	Ġat	4.722327
596	22	Ġthe	1.283382
596	23	Ġbus	5.493506
596	24	Ġstop	0.061829
596	25	.	1.620697
596	26	<|endoftext|>	6.794297
597	1	<|endoftext|>	0.0
597	2	He	8.582732
597	3	Ġknows	8.734344
597	4	Ġthat	2.922593
597	5	Ġthe	3.684015
597	6	Ġman	8.232754
597	7	Ġbelieved	11.698791
597	8	Ġthe	9.413474
597	9	Ġhe	13.219076
597	10	Ġconcluded	14.890356
597	11	Ġhis	4.447678
597	12	Ġneighbors	15.759949
597	13	Ġhad	2.995718
597	14	Ġsaid	10.001591
597	15	Ġthe	3.504415
597	16	Ġwoman	5.318799
597	17	Ġwaited	12.950057
597	18	Ġfor	2.070255
597	19	Ġat	10.239655
597	20	Ġthe	7.610352
597	21	Ġbus	5.125677
597	22	Ġstop	0.098453
597	23	.	3.008007
597	24	<|endoftext|>	7.457625
598	1	<|endoftext|>	0.0
598	2	He	8.582732
598	3	Ġknows	8.734344
598	4	Ġthat	2.922593
598	5	Ġthe	3.684015
598	6	Ġman	8.232754
598	7	Ġbelieved	11.698791
598	8	Ġthe	9.413474
598	9	Ġhe	13.219076
598	10	Ġconcluded	14.890356
598	11	Ġhis	4.447678
598	12	Ġneighbors	15.759949
598	13	Ġhad	2.995718
598	14	Ġsaid	10.001591
598	15	Ġthe	3.504415
598	16	Ġwoman	5.318799
598	17	Ġwaited	12.950057
598	18	Ġfor	2.070255
598	19	Ġher	2.925456
598	20	Ġfriend	7.181773
598	21	Ġat	4.965614
598	22	Ġthe	1.258876
598	23	Ġbus	5.135186
598	24	Ġstop	0.063861
598	25	.	2.378274
598	26	<|endoftext|>	7.401107
599	1	<|endoftext|>	0.0
599	2	He	8.582732
599	3	Ġknows	8.734344
599	4	Ġwho	6.31441
599	5	Ġthe	4.333633
599	6	Ġman	4.480701
599	7	Ġbelieved	12.311715
599	8	Ġthe	10.199682
599	9	Ġhe	11.091805
599	10	Ġconcluded	16.878392
599	11	Ġhis	5.138534
599	12	Ġneighbors	14.655079
599	13	Ġhad	2.830285
599	14	Ġsaid	9.236917
599	15	Ġthe	4.490598
599	16	Ġwoman	5.209661
599	17	Ġwaited	13.343073
599	18	Ġfor	1.403467
599	19	Ġat	7.166273
599	20	Ġthe	3.940777
599	21	Ġbus	5.345489
599	22	Ġstop	0.081674
599	23	.	1.990295
599	24	<|endoftext|>	6.865142
600	1	<|endoftext|>	0.0
600	2	He	8.582732
600	3	Ġknows	8.734344
600	4	Ġwho	6.31441
600	5	Ġthe	4.333633
600	6	Ġman	4.480701
600	7	Ġbelieved	12.311715
600	8	Ġthe	10.199682
600	9	Ġhe	11.091805
600	10	Ġconcluded	16.878392
600	11	Ġhis	5.138534
600	12	Ġneighbors	14.655079
600	13	Ġhad	2.830285
600	14	Ġsaid	9.236917
600	15	Ġthe	4.490598
600	16	Ġwoman	5.209661
600	17	Ġwaited	13.343073
600	18	Ġfor	1.403467
600	19	Ġher	2.972494
600	20	Ġfriend	6.97109
600	21	Ġat	4.722327
600	22	Ġthe	1.283382
600	23	Ġbus	5.493506
600	24	Ġstop	0.061829
600	25	.	1.620697
600	26	<|endoftext|>	6.794297
601	1	<|endoftext|>	0.0
601	2	She	9.588393
601	3	Ġknows	8.547399
601	4	Ġthat	3.373155
601	5	Ġthe	4.09474
601	6	Ġinspectors	16.323667
601	7	Ġinterrogated	14.620011
601	8	Ġlast	11.027869
601	9	Ġnight	3.472521
601	10	.	5.963734
601	11	<|endoftext|>	8.597781
602	1	<|endoftext|>	0.0
602	2	She	9.588393
602	3	Ġknows	8.547399
602	4	Ġthat	3.373155
602	5	Ġthe	4.09474
602	6	Ġinspectors	16.323669
602	7	Ġinterrogated	14.620011
602	8	Ġthe	4.427457
602	9	Ġcriminal	11.618185
602	10	Ġlast	11.615023
602	11	Ġnight	3.235548
602	12	.	2.534826
602	13	<|endoftext|>	8.923272
603	1	<|endoftext|>	0.0
603	2	She	9.588393
603	3	Ġknows	8.547399
603	4	Ġwho	6.179725
603	5	Ġthe	4.654339
603	6	Ġinspectors	16.618857
603	7	Ġinterrogated	15.720567
603	8	Ġlast	7.930115
603	9	Ġnight	2.72651
603	10	.	1.446173
603	11	<|endoftext|>	8.04849
604	1	<|endoftext|>	0.0
604	2	She	9.588393
604	3	Ġknows	8.547399
604	4	Ġwho	6.179725
604	5	Ġthe	4.654339
604	6	Ġinspectors	16.618857
604	7	Ġinterrogated	15.720567
604	8	Ġthe	6.360555
604	9	Ġcriminal	12.250258
604	10	Ġlast	10.740593
604	11	Ġnight	2.132166
604	12	.	1.3878
604	13	<|endoftext|>	8.209166
605	1	<|endoftext|>	0.0
605	2	She	9.588393
605	3	Ġknows	8.547399
605	4	Ġthat	3.373155
605	5	Ġthe	4.09474
605	6	Ġpolice	8.414678
605	7	Ġsaid	9.039778
605	8	Ġthe	3.943016
605	9	Ġinspectors	17.272277
605	10	Ġinterrogated	14.127326
605	11	Ġlast	12.106027
605	12	Ġnight	2.378376
605	13	.	3.994631
605	14	<|endoftext|>	7.846618
606	1	<|endoftext|>	0.0
606	2	She	9.588382
606	3	Ġknows	8.547404
606	4	Ġthat	3.373128
606	5	Ġthe	4.094763
606	6	Ġpolice	8.414744
606	7	Ġsaid	9.039755
606	8	Ġthe	3.943019
606	9	Ġinspectors	17.272306
606	10	Ġinterrogated	14.127238
606	11	Ġthe	3.777122
606	12	Ġcriminal	12.1282
606	13	Ġlast	10.528299
606	14	Ġnight	2.361956
606	15	.	2.05131
606	16	<|endoftext|>	7.782465
607	1	<|endoftext|>	0.0
607	2	She	9.588393
607	3	Ġknows	8.547399
607	4	Ġwho	6.179725
607	5	Ġthe	4.654339
607	6	Ġpolice	10.022416
607	7	Ġsaid	8.621481
607	8	Ġthe	6.553041
607	9	Ġinspectors	18.224832
607	10	Ġinterrogated	13.586949
607	11	Ġlast	8.768397
607	12	Ġnight	2.280797
607	13	.	1.169119
607	14	<|endoftext|>	7.506944
608	1	<|endoftext|>	0.0
608	2	She	9.588382
608	3	Ġknows	8.547404
608	4	Ġwho	6.179819
608	5	Ġthe	4.654308
608	6	Ġpolice	10.022424
608	7	Ġsaid	8.621456
608	8	Ġthe	6.553051
608	9	Ġinspectors	18.224869
608	10	Ġinterrogated	13.586976
608	11	Ġthe	6.143072
608	12	Ġcriminal	12.380899
608	13	Ġlast	10.231707
608	14	Ġnight	2.115678
608	15	.	1.181834
608	16	<|endoftext|>	7.397787
609	1	<|endoftext|>	0.0
609	2	She	9.588377
609	3	Ġknows	8.547394
609	4	Ġthat	3.373129
609	5	Ġthe	4.094771
609	6	Ġpolice	8.414748
609	7	Ġsaid	9.03974
609	8	Ġthe	3.943024
609	9	Ġdetective	12.529445
609	10	Ġbelieved	9.545164
609	11	Ġthe	2.396103
609	12	Ġinspectors	19.346298
609	13	Ġinterrogated	14.687746
609	14	Ġlast	12.076286
609	15	Ġnight	2.238623
609	16	.	2.764275
609	17	<|endoftext|>	7.431595
610	1	<|endoftext|>	0.0
610	2	She	9.588377
610	3	Ġknows	8.547394
610	4	Ġthat	3.373129
610	5	Ġthe	4.094771
610	6	Ġpolice	8.414748
610	7	Ġsaid	9.03974
610	8	Ġthe	3.943024
610	9	Ġdetective	12.529445
610	10	Ġbelieved	9.545164
610	11	Ġthe	2.396103
610	12	Ġinspectors	19.346298
610	13	Ġinterrogated	14.687746
610	14	Ġthe	3.074731
610	15	Ġcriminal	11.61979
610	16	Ġlast	11.152882
610	17	Ġnight	2.315888
610	18	.	1.467581
610	19	<|endoftext|>	7.408237
611	1	<|endoftext|>	0.0
611	2	She	9.588377
611	3	Ġknows	8.547394
611	4	Ġwho	6.17982
611	5	Ġthe	4.654325
611	6	Ġpolice	10.022429
611	7	Ġsaid	8.621427
611	8	Ġthe	6.553037
611	9	Ġdetective	10.8804
611	10	Ġbelieved	9.141372
611	11	Ġthe	7.006187
611	12	Ġinspectors	19.244373
611	13	Ġinterrogated	14.923215
611	14	Ġlast	10.420046
611	15	Ġnight	2.40608
611	16	.	1.017598
611	17	<|endoftext|>	7.170147
612	1	<|endoftext|>	0.0
612	2	She	9.588377
612	3	Ġknows	8.547394
612	4	Ġwho	6.17982
612	5	Ġthe	4.654325
612	6	Ġpolice	10.022429
612	7	Ġsaid	8.621427
612	8	Ġthe	6.553037
612	9	Ġdetective	10.8804
612	10	Ġbelieved	9.141372
612	11	Ġthe	7.006187
612	12	Ġinspectors	19.244373
612	13	Ġinterrogated	14.923215
612	14	Ġthe	5.295371
612	15	Ġcriminal	11.824724
612	16	Ġlast	11.077753
612	17	Ġnight	2.341444
612	18	.	0.950109
612	19	<|endoftext|>	7.050069
613	1	<|endoftext|>	0.0
613	2	She	9.588377
613	3	Ġknows	8.547394
613	4	Ġthat	3.373129
613	5	Ġthe	4.094771
613	6	Ġpolice	8.414748
613	7	Ġsaid	9.03974
613	8	Ġthe	3.943024
613	9	Ġdetective	12.529445
613	10	Ġbelieved	9.545164
613	11	Ġhe	2.649074
613	12	Ġthought	11.293301
613	13	Ġthe	2.70727
613	14	Ġinspectors	20.016821
613	15	Ġinterrogated	15.173508
613	16	Ġlast	12.634056
613	17	Ġnight	2.096573
613	18	.	3.188512
613	19	<|endoftext|>	7.376103
614	1	<|endoftext|>	0.0
614	2	She	9.588377
614	3	Ġknows	8.547394
614	4	Ġthat	3.373129
614	5	Ġthe	4.094771
614	6	Ġpolice	8.414748
614	7	Ġsaid	9.03974
614	8	Ġthe	3.943024
614	9	Ġdetective	12.529445
614	10	Ġbelieved	9.545164
614	11	Ġhe	2.649074
614	12	Ġthought	11.293301
614	13	Ġthe	2.70727
614	14	Ġinspectors	20.016821
614	15	Ġinterrogated	15.173508
614	16	Ġthe	3.08373
614	17	Ġcriminal	11.614616
614	18	Ġlast	11.595326
614	19	Ġnight	1.971148
614	20	.	1.288534
614	21	<|endoftext|>	7.322378
615	1	<|endoftext|>	0.0
615	2	She	9.588377
615	3	Ġknows	8.547394
615	4	Ġwho	6.17982
615	5	Ġthe	4.654325
615	6	Ġpolice	10.022429
615	7	Ġsaid	8.621427
615	8	Ġthe	6.553037
615	9	Ġdetective	10.8804
615	10	Ġbelieved	9.141372
615	11	Ġhe	5.017462
615	12	Ġthought	12.524251
615	13	Ġthe	6.833559
615	14	Ġinspectors	20.034794
615	15	Ġinterrogated	15.709962
615	16	Ġlast	11.322801
615	17	Ġnight	2.424799
615	18	.	0.982784
615	19	<|endoftext|>	7.071103
616	1	<|endoftext|>	0.0
616	2	She	9.588377
616	3	Ġknows	8.547394
616	4	Ġwho	6.17982
616	5	Ġthe	4.654325
616	6	Ġpolice	10.022429
616	7	Ġsaid	8.621427
616	8	Ġthe	6.553037
616	9	Ġdetective	10.8804
616	10	Ġbelieved	9.141372
616	11	Ġhe	5.017462
616	12	Ġthought	12.524251
616	13	Ġthe	6.833559
616	14	Ġinspectors	20.034794
616	15	Ġinterrogated	15.709962
616	16	Ġthe	5.199834
616	17	Ġcriminal	11.737531
616	18	Ġlast	11.675802
616	19	Ġnight	2.193654
616	20	.	0.804142
616	21	<|endoftext|>	6.931811
617	1	<|endoftext|>	0.0
617	2	She	9.588377
617	3	Ġknows	8.547394
617	4	Ġthat	3.373129
617	5	Ġthe	4.094771
617	6	Ġpolice	8.414748
617	7	Ġsaid	9.03974
617	8	Ġthe	3.943024
617	9	Ġdetective	12.529445
617	10	Ġbelieved	9.545164
617	11	Ġhe	2.649074
617	12	Ġthought	11.293301
617	13	Ġthe	2.70727
617	14	Ġinspectors	20.016821
617	15	Ġinterrogated	15.173508
617	16	Ġlast	12.634056
617	17	Ġnight	2.096573
617	18	.	3.188512
617	19	<|endoftext|>	7.376103
618	1	<|endoftext|>	0.0
618	2	She	9.588377
618	3	Ġknows	8.547394
618	4	Ġthat	3.373129
618	5	Ġthe	4.094771
618	6	Ġpolice	8.414748
618	7	Ġsaid	9.03974
618	8	Ġthe	3.943024
618	9	Ġdetective	12.529445
618	10	Ġbelieved	9.545164
618	11	Ġhe	2.649074
618	12	Ġthought	11.293301
618	13	Ġthe	2.70727
618	14	Ġinspectors	20.016821
618	15	Ġinterrogated	15.173508
618	16	Ġthe	3.08373
618	17	Ġcriminal	11.614616
618	18	Ġlast	11.595326
618	19	Ġnight	1.971148
618	20	.	1.288534
618	21	<|endoftext|>	7.322378
619	1	<|endoftext|>	0.0
619	2	She	9.588377
619	3	Ġknows	8.547394
619	4	Ġwho	6.17982
619	5	Ġthe	4.654325
619	6	Ġpolice	10.022429
619	7	Ġsaid	8.621427
619	8	Ġthe	6.553037
619	9	Ġdetective	10.8804
619	10	Ġbelieved	9.141372
619	11	Ġhe	5.017462
619	12	Ġthought	12.524251
619	13	Ġthe	6.833559
619	14	Ġinspectors	20.034794
619	15	Ġinterrogated	15.709962
619	16	Ġlast	11.322801
619	17	Ġnight	2.424799
619	18	.	0.982784
619	19	<|endoftext|>	7.071103
620	1	<|endoftext|>	0.0
620	2	She	9.588377
620	3	Ġknows	8.547394
620	4	Ġwho	6.17982
620	5	Ġthe	4.654325
620	6	Ġpolice	10.022429
620	7	Ġsaid	8.621427
620	8	Ġthe	6.553037
620	9	Ġdetective	10.8804
620	10	Ġbelieved	9.141372
620	11	Ġhe	5.017462
620	12	Ġthought	12.524251
620	13	Ġthe	6.833559
620	14	Ġinspectors	20.034794
620	15	Ġinterrogated	15.709962
620	16	Ġthe	5.199834
620	17	Ġcriminal	11.737531
620	18	Ġlast	11.675802
620	19	Ġnight	2.193654
620	20	.	0.804142
620	21	<|endoftext|>	6.931811
621	1	<|endoftext|>	0.0
621	2	They	9.39695
621	3	Ġknow	7.895996
621	4	Ġthat	2.878176
621	5	Ġthe	3.625604
621	6	Ġold	9.719165
621	7	Ġman	4.618099
621	8	Ġthanked	15.912576
621	9	Ġon	10.817712
621	10	Ġthe	2.10579
621	11	Ġstreet	5.75989
621	12	.	4.275725
621	13	<|endoftext|>	8.162959
622	1	<|endoftext|>	0.0
622	2	They	9.39695
622	3	Ġknow	7.895996
622	4	Ġthat	2.878158
622	5	Ġthe	3.625604
622	6	Ġold	9.719165
622	7	Ġman	4.61811
622	8	Ġthanked	15.912575
622	9	Ġthe	4.05334
622	10	Ġtailor	14.029928
622	11	Ġon	6.414456
622	12	Ġthe	1.159247
622	13	Ġstreet	4.470061
622	14	.	3.165397
622	15	<|endoftext|>	8.39084
623	1	<|endoftext|>	0.0
623	2	They	9.39695
623	3	Ġknow	7.895996
623	4	Ġwho	5.464134
623	5	Ġthe	4.252008
623	6	Ġold	10.069836
623	7	Ġman	2.410005
623	8	Ġthanked	20.924126
623	9	Ġon	6.798419
623	10	Ġthe	2.613295
623	11	Ġstreet	5.471228
623	12	.	1.951742
623	13	<|endoftext|>	7.49588
624	1	<|endoftext|>	0.0
624	2	They	9.39695
624	3	Ġknow	7.895996
624	4	Ġwho	5.464138
624	5	Ġthe	4.252008
624	6	Ġold	10.069836
624	7	Ġman	2.409996
624	8	Ġthanked	20.924116
624	9	Ġthe	4.84332
624	10	Ġtailor	16.34818
624	11	Ġon	6.76713
624	12	Ġthe	1.410561
624	13	Ġstreet	3.892767
624	14	.	2.072813
624	15	<|endoftext|>	7.70858
625	1	<|endoftext|>	0.0
625	2	They	9.396972
625	3	Ġknow	7.895986
625	4	Ġthat	2.878197
625	5	Ġthe	3.62555
625	6	Ġnurse	15.429651
625	7	Ġsaid	6.823719
625	8	Ġthe	4.139499
625	9	Ġold	11.303844
625	10	Ġman	1.897076
625	11	Ġthanked	13.987701
625	12	Ġon	12.701421
625	13	Ġthe	2.447663
625	14	Ġstreet	7.599899
625	15	.	3.123129
625	16	<|endoftext|>	7.832525
626	1	<|endoftext|>	0.0
626	2	They	9.396978
626	3	Ġknow	7.895982
626	4	Ġthat	2.878192
626	5	Ġthe	3.625553
626	6	Ġnurse	15.42964
626	7	Ġsaid	6.823718
626	8	Ġthe	4.139491
626	9	Ġold	11.303836
626	10	Ġman	1.897075
626	11	Ġthanked	13.987696
626	12	Ġthe	4.945936
626	13	Ġtailor	13.888989
626	14	Ġon	6.705393
626	15	Ġthe	1.437775
626	16	Ġstreet	5.385864
626	17	.	2.830282
626	18	<|endoftext|>	7.677008
627	1	<|endoftext|>	0.0
627	2	They	9.396972
627	3	Ġknow	7.895986
627	4	Ġwho	5.464167
627	5	Ġthe	4.252055
627	6	Ġnurse	15.020955
627	7	Ġsaid	6.627214
627	8	Ġthe	6.224733
627	9	Ġold	12.387469
627	10	Ġman	1.446737
627	11	Ġthanked	17.804994
627	12	Ġon	6.700155
627	13	Ġthe	2.477356
627	14	Ġstreet	6.226722
627	15	.	1.467935
627	16	<|endoftext|>	7.121368
628	1	<|endoftext|>	0.0
628	2	They	9.396978
628	3	Ġknow	7.895982
628	4	Ġwho	5.464162
628	5	Ġthe	4.252062
628	6	Ġnurse	15.020937
628	7	Ġsaid	6.627221
628	8	Ġthe	6.224771
628	9	Ġold	12.387467
628	10	Ġman	1.446742
628	11	Ġthanked	17.804996
628	12	Ġthe	6.597964
628	13	Ġtailor	15.904621
628	14	Ġon	6.792548
628	15	Ġthe	1.49469
628	16	Ġstreet	4.125988
628	17	.	1.712792
628	18	<|endoftext|>	6.766802
629	1	<|endoftext|>	0.0
629	2	They	9.396978
629	3	Ġknow	7.895982
629	4	Ġthat	2.878192
629	5	Ġthe	3.625553
629	6	Ġnurse	15.42964
629	7	Ġsaid	6.823718
629	8	Ġthe	4.139491
629	9	Ġassistant	12.107482
629	10	Ġknew	8.442243
629	11	Ġthe	3.25304
629	12	Ġold	11.818681
629	13	Ġman	1.468517
629	14	Ġthanked	17.775596
629	15	Ġon	11.681307
629	16	Ġthe	2.112624
629	17	Ġstreet	8.614548
629	18	.	2.539349
629	19	<|endoftext|>	7.838137
630	1	<|endoftext|>	0.0
630	2	They	9.396978
630	3	Ġknow	7.895982
630	4	Ġthat	2.878192
630	5	Ġthe	3.625553
630	6	Ġnurse	15.42964
630	7	Ġsaid	6.823718
630	8	Ġthe	4.139491
630	9	Ġassistant	12.107482
630	10	Ġknew	8.442243
630	11	Ġthe	3.25304
630	12	Ġold	11.818681
630	13	Ġman	1.468517
630	14	Ġthanked	17.775596
630	15	Ġthe	4.529029
630	16	Ġtailor	13.839194
630	17	Ġon	6.571187
630	18	Ġthe	1.335254
630	19	Ġstreet	5.959683
630	20	.	2.377109
630	21	<|endoftext|>	7.662821
631	1	<|endoftext|>	0.0
631	2	They	9.396978
631	3	Ġknow	7.895982
631	4	Ġwho	5.464162
631	5	Ġthe	4.252062
631	6	Ġnurse	15.020937
631	7	Ġsaid	6.627221
631	8	Ġthe	6.224771
631	9	Ġassistant	12.123434
631	10	Ġknew	9.371527
631	11	Ġthe	6.121145
631	12	Ġold	12.312216
631	13	Ġman	1.483909
631	14	Ġthanked	17.408293
631	15	Ġon	6.524235
631	16	Ġthe	2.370468
631	17	Ġstreet	7.990806
631	18	.	1.620438
631	19	<|endoftext|>	6.834722
632	1	<|endoftext|>	0.0
632	2	They	9.396978
632	3	Ġknow	7.895982
632	4	Ġwho	5.464162
632	5	Ġthe	4.252062
632	6	Ġnurse	15.020937
632	7	Ġsaid	6.627221
632	8	Ġthe	6.224771
632	9	Ġassistant	12.123434
632	10	Ġknew	9.371527
632	11	Ġthe	6.121145
632	12	Ġold	12.312216
632	13	Ġman	1.483909
632	14	Ġthanked	17.408293
632	15	Ġthe	5.688283
632	16	Ġtailor	15.145601
632	17	Ġon	6.316437
632	18	Ġthe	1.448009
632	19	Ġstreet	5.346235
632	20	.	1.660496
632	21	<|endoftext|>	6.420771
633	1	<|endoftext|>	0.0
633	2	They	9.396978
633	3	Ġknow	7.895982
633	4	Ġthat	2.878192
633	5	Ġthe	3.625553
633	6	Ġnurse	15.42964
633	7	Ġsaid	6.823718
633	8	Ġthe	4.139491
633	9	Ġassistant	12.107482
633	10	Ġknew	8.442243
633	11	Ġshe	4.064766
633	12	Ġsaw	9.440219
633	13	Ġthe	2.116785
633	14	Ġold	11.578285
633	15	Ġman	1.715312
633	16	Ġthanked	22.452852
633	17	Ġon	6.086917
633	18	Ġthe	1.682636
633	19	Ġstreet	7.05197
633	20	.	2.173679
633	21	<|endoftext|>	7.578973
634	1	<|endoftext|>	0.0
634	2	They	9.396978
634	3	Ġknow	7.895982
634	4	Ġthat	2.878192
634	5	Ġthe	3.625553
634	6	Ġnurse	15.42964
634	7	Ġsaid	6.823718
634	8	Ġthe	4.139491
634	9	Ġassistant	12.107482
634	10	Ġknew	8.442243
634	11	Ġshe	4.064766
634	12	Ġsaw	9.440219
634	13	Ġthe	2.116785
634	14	Ġold	11.578285
634	15	Ġman	1.715312
634	16	Ġthanked	22.452852
634	17	Ġthe	4.364042
634	18	Ġtailor	15.414871
634	19	Ġon	6.259587
634	20	Ġthe	1.218576
634	21	Ġstreet	4.793063
634	22	.	1.989527
634	23	<|endoftext|>	7.256046
635	1	<|endoftext|>	0.0
635	2	They	9.396978
635	3	Ġknow	7.895982
635	4	Ġwho	5.464162
635	5	Ġthe	4.252062
635	6	Ġnurse	15.020937
635	7	Ġsaid	6.627221
635	8	Ġthe	6.224771
635	9	Ġassistant	12.123434
635	10	Ġknew	9.371527
635	11	Ġshe	6.326995
635	12	Ġsaw	10.91443
635	13	Ġthe	4.955201
635	14	Ġold	11.678544
635	15	Ġman	1.827392
635	16	Ġthanked	20.833288
635	17	Ġon	4.771574
635	18	Ġthe	1.988065
635	19	Ġstreet	6.473702
635	20	.	1.57577
635	21	<|endoftext|>	6.682173
636	1	<|endoftext|>	0.0
636	2	They	9.396978
636	3	Ġknow	7.895982
636	4	Ġwho	5.464162
636	5	Ġthe	4.252062
636	6	Ġnurse	15.020937
636	7	Ġsaid	6.627221
636	8	Ġthe	6.224771
636	9	Ġassistant	12.123434
636	10	Ġknew	9.371527
636	11	Ġshe	6.326995
636	12	Ġsaw	10.91443
636	13	Ġthe	4.955201
636	14	Ġold	11.678544
636	15	Ġman	1.827392
636	16	Ġthanked	20.833288
636	17	Ġthe	4.631214
636	18	Ġtailor	16.70006
636	19	Ġon	5.743196
636	20	Ġthe	1.355145
636	21	Ġstreet	4.460438
636	22	.	1.511401
636	23	<|endoftext|>	6.015536
637	1	<|endoftext|>	0.0
637	2	They	9.396978
637	3	Ġknow	7.895982
637	4	Ġthat	2.878192
637	5	Ġthe	3.625553
637	6	Ġnurse	15.42964
637	7	Ġsaid	6.823718
637	8	Ġthe	4.139491
637	9	Ġassistant	12.107482
637	10	Ġknew	8.442243
637	11	Ġshe	4.064766
637	12	Ġsaw	9.440219
637	13	Ġthe	2.116785
637	14	Ġold	11.578285
637	15	Ġman	1.715312
637	16	Ġthanked	22.452852
637	17	Ġon	6.086917
637	18	Ġthe	1.682636
637	19	Ġstreet	7.05197
637	20	.	2.173679
637	21	<|endoftext|>	7.578973
638	1	<|endoftext|>	0.0
638	2	They	9.396978
638	3	Ġknow	7.895982
638	4	Ġthat	2.878192
638	5	Ġthe	3.625553
638	6	Ġnurse	15.42964
638	7	Ġsaid	6.823718
638	8	Ġthe	4.139491
638	9	Ġassistant	12.107482
638	10	Ġknew	8.442243
638	11	Ġshe	4.064766
638	12	Ġsaw	9.440219
638	13	Ġthe	2.116785
638	14	Ġold	11.578285
638	15	Ġman	1.715312
638	16	Ġthanked	22.452852
638	17	Ġthe	4.364042
638	18	Ġtailor	15.414871
638	19	Ġon	6.259587
638	20	Ġthe	1.218576
638	21	Ġstreet	4.793063
638	22	.	1.989527
638	23	<|endoftext|>	7.256046
639	1	<|endoftext|>	0.0
639	2	They	9.396978
639	3	Ġknow	7.895982
639	4	Ġwho	5.464162
639	5	Ġthe	4.252062
639	6	Ġnurse	15.020937
639	7	Ġsaid	6.627221
639	8	Ġthe	6.224771
639	9	Ġassistant	12.123434
639	10	Ġknew	9.371527
639	11	Ġshe	6.326995
639	12	Ġsaw	10.91443
639	13	Ġthe	4.955201
639	14	Ġold	11.678544
639	15	Ġman	1.827392
639	16	Ġthanked	20.833288
639	17	Ġon	4.771574
639	18	Ġthe	1.988065
639	19	Ġstreet	6.473702
639	20	.	1.57577
639	21	<|endoftext|>	6.682173
640	1	<|endoftext|>	0.0
640	2	They	9.396978
640	3	Ġknow	7.895982
640	4	Ġwho	5.464162
640	5	Ġthe	4.252062
640	6	Ġnurse	15.020937
640	7	Ġsaid	6.627221
640	8	Ġthe	6.224771
640	9	Ġassistant	12.123434
640	10	Ġknew	9.371527
640	11	Ġshe	6.326995
640	12	Ġsaw	10.91443
640	13	Ġthe	4.955201
640	14	Ġold	11.678544
640	15	Ġman	1.827392
640	16	Ġthanked	20.833288
640	17	Ġthe	4.631214
640	18	Ġtailor	16.70006
640	19	Ġon	5.743196
640	20	Ġthe	1.355145
640	21	Ġstreet	4.460438
640	22	.	1.511401
640	23	<|endoftext|>	6.015536
641	1	<|endoftext|>	0.0
641	2	He	8.582737
641	3	Ġreported	12.331583
641	4	Ġthat	2.374091
641	5	Ġthe	2.664716
641	6	Ġdoctor	10.42866
641	7	Ġreassured	12.649009
641	8	Ġbefore	16.276387
641	9	Ġsurgery	6.710731
641	10	.	7.767992
641	11	<|endoftext|>	5.759658
642	1	<|endoftext|>	0.0
642	2	He	8.582737
642	3	Ġreported	12.331583
642	4	Ġthat	2.374091
642	5	Ġthe	2.664716
642	6	Ġdoctor	10.428659
642	7	Ġreassured	12.649009
642	8	Ġthe	4.65538
642	9	Ġpatient	2.547391
642	10	Ġbefore	7.909855
642	11	Ġsurgery	6.489563
642	12	.	4.819973
642	13	<|endoftext|>	5.419122
643	1	<|endoftext|>	0.0
643	2	He	8.582737
643	3	Ġreported	12.331583
643	4	Ġwho	12.870041
643	5	Ġthe	4.073936
643	6	Ġdoctor	10.163121
643	7	Ġreassured	18.606693
643	8	Ġbefore	8.542151
643	9	Ġsurgery	8.052726
643	10	.	1.912665
643	11	<|endoftext|>	5.86922
644	1	<|endoftext|>	0.0
644	2	He	8.582737
644	3	Ġreported	12.331583
644	4	Ġwho	12.870041
644	5	Ġthe	4.073936
644	6	Ġdoctor	10.163121
644	7	Ġreassured	18.606693
644	8	Ġthe	6.468276
644	9	Ġpatient	3.947485
644	10	Ġbefore	7.497088
644	11	Ġsurgery	6.786775
644	12	.	1.674766
644	13	<|endoftext|>	5.713599
645	1	<|endoftext|>	0.0
645	2	He	8.582737
645	3	Ġreported	12.331583
645	4	Ġthat	2.374091
645	5	Ġthe	2.664716
645	6	Ġnurse	12.591865
645	7	Ġbelieved	9.356309
645	8	Ġthe	2.852158
645	9	Ġdoctor	7.174675
645	10	Ġreassured	16.85811
645	11	Ġbefore	17.317461
645	12	Ġsurgery	6.616092
645	13	.	5.54855
645	14	<|endoftext|>	5.650703
646	1	<|endoftext|>	0.0
646	2	He	8.582738
646	3	Ġreported	12.331528
646	4	Ġthat	2.37405
646	5	Ġthe	2.664666
646	6	Ġnurse	12.591829
646	7	Ġbelieved	9.356375
646	8	Ġthe	2.852142
646	9	Ġdoctor	7.174712
646	10	Ġreassured	16.858163
646	11	Ġthe	5.607121
646	12	Ġpatient	1.126009
646	13	Ġbefore	7.23639
646	14	Ġsurgery	8.089629
646	15	.	2.536386
646	16	<|endoftext|>	5.379763
647	1	<|endoftext|>	0.0
647	2	He	8.582737
647	3	Ġreported	12.331583
647	4	Ġwho	12.870041
647	5	Ġthe	4.073936
647	6	Ġnurse	12.710886
647	7	Ġbelieved	7.736498
647	8	Ġthe	6.584951
647	9	Ġdoctor	7.055079
647	10	Ġreassured	21.376209
647	11	Ġbefore	9.366727
647	12	Ġsurgery	8.127196
647	13	.	1.441911
647	14	<|endoftext|>	5.551395
648	1	<|endoftext|>	0.0
648	2	He	8.582738
648	3	Ġreported	12.331528
648	4	Ġwho	12.869989
648	5	Ġthe	4.073953
648	6	Ġnurse	12.710883
648	7	Ġbelieved	7.73643
648	8	Ġthe	6.584958
648	9	Ġdoctor	7.055094
648	10	Ġreassured	21.37616
648	11	Ġthe	6.658629
648	12	Ġpatient	2.41417
648	13	Ġbefore	7.40136
648	14	Ġsurgery	8.187941
648	15	.	1.243611
648	16	<|endoftext|>	5.294354
649	1	<|endoftext|>	0.0
649	2	He	8.582732
649	3	Ġreported	12.331528
649	4	Ġthat	2.374054
649	5	Ġthe	2.664676
649	6	Ġnurse	12.591839
649	7	Ġbelieved	9.356385
649	8	Ġthe	2.852142
649	9	Ġwoman	4.128963
649	10	Ġthought	10.593427
649	11	Ġthe	3.192168
649	12	Ġdoctor	6.833011
649	13	Ġreassured	17.70496
649	14	Ġbefore	17.055818
649	15	Ġsurgery	7.95106
649	16	.	2.473992
649	17	<|endoftext|>	5.324304
650	1	<|endoftext|>	0.0
650	2	He	8.582732
650	3	Ġreported	12.331528
650	4	Ġthat	2.374054
650	5	Ġthe	2.664676
650	6	Ġnurse	12.591839
650	7	Ġbelieved	9.356385
650	8	Ġthe	2.852142
650	9	Ġwoman	4.128963
650	10	Ġthought	10.593427
650	11	Ġthe	3.192168
650	12	Ġdoctor	6.833011
650	13	Ġreassured	17.70496
650	14	Ġthe	6.580253
650	15	Ġpatient	1.573726
650	16	Ġbefore	7.345011
650	17	Ġsurgery	9.225656
650	18	.	1.561588
650	19	<|endoftext|>	5.088672
651	1	<|endoftext|>	0.0
651	2	He	8.582732
651	3	Ġreported	12.331528
651	4	Ġwho	12.869993
651	5	Ġthe	4.073953
651	6	Ġnurse	12.71089
651	7	Ġbelieved	7.736395
651	8	Ġthe	6.584952
651	9	Ġwoman	3.537509
651	10	Ġthought	11.027246
651	11	Ġthe	4.977725
651	12	Ġdoctor	7.218043
651	13	Ġreassured	21.361367
651	14	Ġbefore	9.826184
651	15	Ġsurgery	8.682537
651	16	.	1.040769
651	17	<|endoftext|>	5.064151
652	1	<|endoftext|>	0.0
652	2	He	8.582732
652	3	Ġreported	12.331528
652	4	Ġwho	12.869993
652	5	Ġthe	4.073953
652	6	Ġnurse	12.71089
652	7	Ġbelieved	7.736395
652	8	Ġthe	6.584952
652	9	Ġwoman	3.537509
652	10	Ġthought	11.027246
652	11	Ġthe	4.977725
652	12	Ġdoctor	7.218043
652	13	Ġreassured	21.361367
652	14	Ġthe	6.86095
652	15	Ġpatient	2.558247
652	16	Ġbefore	6.960454
652	17	Ġsurgery	9.058965
652	18	.	0.906513
652	19	<|endoftext|>	4.835442
653	1	<|endoftext|>	0.0
653	2	He	8.582732
653	3	Ġreported	12.331528
653	4	Ġthat	2.374054
653	5	Ġthe	2.664676
653	6	Ġnurse	12.591839
653	7	Ġbelieved	9.356385
653	8	Ġthe	2.852142
653	9	Ġwoman	4.128963
653	10	Ġthought	10.593427
653	11	Ġshe	1.717674
653	12	Ġrecalled	14.74257
653	13	Ġthe	3.489611
653	14	Ġdoctor	8.133345
653	15	Ġreassured	18.057294
653	16	Ġbefore	13.035358
653	17	Ġsurgery	9.478097
653	18	.	1.555069
653	19	<|endoftext|>	5.240362
654	1	<|endoftext|>	0.0
654	2	He	8.582732
654	3	Ġreported	12.331528
654	4	Ġthat	2.374054
654	5	Ġthe	2.664676
654	6	Ġnurse	12.591839
654	7	Ġbelieved	9.356385
654	8	Ġthe	2.852142
654	9	Ġwoman	4.128963
654	10	Ġthought	10.593427
654	11	Ġshe	1.717674
654	12	Ġrecalled	14.74257
654	13	Ġthe	3.489611
654	14	Ġdoctor	8.133345
654	15	Ġreassured	18.057294
654	16	Ġthe	5.812758
654	17	Ġpatient	2.07207
654	18	Ġbefore	7.112709
654	19	Ġsurgery	9.849757
654	20	.	1.345853
654	21	<|endoftext|>	5.019038
655	1	<|endoftext|>	0.0
655	2	He	8.582732
655	3	Ġreported	12.331528
655	4	Ġwho	12.869993
655	5	Ġthe	4.073953
655	6	Ġnurse	12.71089
655	7	Ġbelieved	7.736395
655	8	Ġthe	6.584952
655	9	Ġwoman	3.537509
655	10	Ġthought	11.027246
655	11	Ġshe	2.776688
655	12	Ġrecalled	15.805156
655	13	Ġthe	6.706118
655	14	Ġdoctor	8.385772
655	15	Ġreassured	18.403806
655	16	Ġbefore	11.362853
655	17	Ġsurgery	10.315897
655	18	.	1.049669
655	19	<|endoftext|>	4.98819
656	1	<|endoftext|>	0.0
656	2	He	8.582732
656	3	Ġreported	12.331528
656	4	Ġwho	12.869993
656	5	Ġthe	4.073953
656	6	Ġnurse	12.71089
656	7	Ġbelieved	7.736395
656	8	Ġthe	6.584952
656	9	Ġwoman	3.537509
656	10	Ġthought	11.027246
656	11	Ġshe	2.776688
656	12	Ġrecalled	15.805156
656	13	Ġthe	6.706118
656	14	Ġdoctor	8.385772
656	15	Ġreassured	18.403806
656	16	Ġthe	5.863998
656	17	Ġpatient	3.97579
656	18	Ġbefore	7.420947
656	19	Ġsurgery	10.123039
656	20	.	0.996232
656	21	<|endoftext|>	4.773423
657	1	<|endoftext|>	0.0
657	2	He	8.582732
657	3	Ġreported	12.331528
657	4	Ġthat	2.374054
657	5	Ġthe	2.664676
657	6	Ġnurse	12.591839
657	7	Ġbelieved	9.356385
657	8	Ġthe	2.852142
657	9	Ġwoman	4.128963
657	10	Ġthought	10.593427
657	11	Ġshe	1.717674
657	12	Ġrecalled	14.74257
657	13	Ġthe	3.489611
657	14	Ġdoctor	8.133345
657	15	Ġreassured	18.057294
657	16	Ġbefore	13.035358
657	17	Ġsurgery	9.478097
657	18	.	1.555069
657	19	<|endoftext|>	5.240362
658	1	<|endoftext|>	0.0
658	2	He	8.582732
658	3	Ġreported	12.331528
658	4	Ġthat	2.374054
658	5	Ġthe	2.664676
658	6	Ġnurse	12.591839
658	7	Ġbelieved	9.356385
658	8	Ġthe	2.852142
658	9	Ġwoman	4.128963
658	10	Ġthought	10.593427
658	11	Ġshe	1.717674
658	12	Ġrecalled	14.74257
658	13	Ġthe	3.489611
658	14	Ġdoctor	8.133345
658	15	Ġreassured	18.057294
658	16	Ġthe	5.812758
658	17	Ġpatient	2.07207
658	18	Ġbefore	7.112709
658	19	Ġsurgery	9.849757
658	20	.	1.345853
658	21	<|endoftext|>	5.019038
659	1	<|endoftext|>	0.0
659	2	He	8.582732
659	3	Ġreported	12.331528
659	4	Ġwho	12.869993
659	5	Ġthe	4.073953
659	6	Ġnurse	12.71089
659	7	Ġbelieved	7.736395
659	8	Ġthe	6.584952
659	9	Ġwoman	3.537509
659	10	Ġthought	11.027246
659	11	Ġshe	2.776688
659	12	Ġrecalled	15.805156
659	13	Ġthe	6.706118
659	14	Ġdoctor	8.385772
659	15	Ġreassured	18.403806
659	16	Ġbefore	11.362853
659	17	Ġsurgery	10.315897
659	18	.	1.049669
659	19	<|endoftext|>	4.98819
660	1	<|endoftext|>	0.0
660	2	He	8.582732
660	3	Ġreported	12.331528
660	4	Ġwho	12.869993
660	5	Ġthe	4.073953
660	6	Ġnurse	12.71089
660	7	Ġbelieved	7.736395
660	8	Ġthe	6.584952
660	9	Ġwoman	3.537509
660	10	Ġthought	11.027246
660	11	Ġshe	2.776688
660	12	Ġrecalled	15.805156
660	13	Ġthe	6.706118
660	14	Ġdoctor	8.385772
660	15	Ġreassured	18.403806
660	16	Ġthe	5.863998
660	17	Ġpatient	3.97579
660	18	Ġbefore	7.420947
660	19	Ġsurgery	10.123039
660	20	.	0.996232
660	21	<|endoftext|>	4.773423
661	1	<|endoftext|>	0.0
661	2	We	7.155782
661	3	Ġdiscovered	10.710771
661	4	Ġthat	1.752152
661	5	Ġthe	2.945693
661	6	Ġfunny	14.610688
661	7	Ġactor	15.858068
661	8	Ġtold	9.786685
661	9	Ġabout	7.595046
661	10	Ġthe	3.283106
661	11	Ġwoman	9.224535
661	12	.	8.653985
661	13	<|endoftext|>	7.126457
662	1	<|endoftext|>	0.0
662	2	We	7.155782
662	3	Ġdiscovered	10.710771
662	4	Ġthat	1.752152
662	5	Ġthe	2.945693
662	6	Ġfunny	14.610688
662	7	Ġactor	15.85808
662	8	Ġtold	9.786698
662	9	Ġa	2.503886
662	10	Ġstory	2.105106
662	11	Ġabout	0.972203
662	12	Ġthe	4.126323
662	13	Ġwoman	8.189428
662	14	.	8.722366
662	15	<|endoftext|>	7.838349
663	1	<|endoftext|>	0.0
663	2	We	7.155782
663	3	Ġdiscovered	10.710771
663	4	Ġwhat	7.5792
663	5	Ġthe	4.749895
663	6	Ġfunny	14.071255
663	7	Ġactor	13.944502
663	8	Ġtold	6.832364
663	9	Ġabout	7.567075
663	10	Ġthe	2.734483
663	11	Ġwoman	9.459977
663	12	.	6.246885
663	13	<|endoftext|>	6.481827
664	1	<|endoftext|>	0.0
664	2	We	7.155782
664	3	Ġdiscovered	10.710771
664	4	Ġwhat	7.579211
664	5	Ġthe	4.749895
664	6	Ġfunny	14.071255
664	7	Ġactor	13.944517
664	8	Ġtold	6.832369
664	9	Ġa	4.671272
664	10	Ġstory	5.960251
664	11	Ġabout	0.610237
664	12	Ġthe	3.598336
664	13	Ġwoman	8.787352
664	14	.	7.179388
664	15	<|endoftext|>	6.821479
665	1	<|endoftext|>	0.0
665	2	We	7.155761
665	3	Ġdiscovered	10.710806
665	4	Ġthat	1.752165
665	5	Ġthe	2.945662
665	6	Ġdelivery	13.439272
665	7	Ġboy	12.783779
665	8	Ġremarked	16.914922
665	9	Ġthe	6.927592
665	10	Ġfunny	11.516302
665	11	Ġactor	12.573332
665	12	Ġtold	9.535067
665	13	Ġabout	7.683778
665	14	Ġthe	2.535625
665	15	Ġwoman	8.260105
665	16	.	5.492433
665	17	<|endoftext|>	7.296779
666	1	<|endoftext|>	0.0
666	2	We	7.155761
666	3	Ġdiscovered	10.710806
666	4	Ġthat	1.752165
666	5	Ġthe	2.945662
666	6	Ġdelivery	13.439272
666	7	Ġboy	12.783779
666	8	Ġremarked	16.914922
666	9	Ġthe	6.927592
666	10	Ġfunny	11.516302
666	11	Ġactor	12.573332
666	12	Ġtold	9.535067
666	13	Ġa	5.90862
666	14	Ġstory	3.59812
666	15	Ġabout	0.894216
666	16	Ġthe	3.540463
666	17	Ġwoman	8.288658
666	18	.	5.691501
666	19	<|endoftext|>	7.335359
667	1	<|endoftext|>	0.0
667	2	We	7.155761
667	3	Ġdiscovered	10.710806
667	4	Ġwhat	7.579245
667	5	Ġthe	4.749854
667	6	Ġdelivery	15.954982
667	7	Ġboy	7.861128
667	8	Ġremarked	15.606402
667	9	Ġthe	7.515947
667	10	Ġfunny	14.614791
667	11	Ġactor	13.473563
667	12	Ġtold	6.175757
667	13	Ġabout	7.382767
667	14	Ġthe	2.660196
667	15	Ġwoman	8.665168
667	16	.	3.898431
667	17	<|endoftext|>	6.654692
668	1	<|endoftext|>	0.0
668	2	We	7.155761
668	3	Ġdiscovered	10.710806
668	4	Ġwhat	7.579245
668	5	Ġthe	4.749854
668	6	Ġdelivery	15.954982
668	7	Ġboy	7.861128
668	8	Ġremarked	15.606402
668	9	Ġthe	7.515947
668	10	Ġfunny	14.614791
668	11	Ġactor	13.473563
668	12	Ġtold	6.175757
668	13	Ġa	6.632295
668	14	Ġstory	6.673984
668	15	Ġabout	0.673121
668	16	Ġthe	3.933957
668	17	Ġwoman	8.660088
668	18	.	4.774538
668	19	<|endoftext|>	6.758884
669	1	<|endoftext|>	0.0
669	2	We	7.155761
669	3	Ġdiscovered	10.710806
669	4	Ġthat	1.752165
669	5	Ġthe	2.945662
669	6	Ġdelivery	13.439272
669	7	Ġboy	12.783779
669	8	Ġremarked	16.914922
669	9	Ġthe	6.927592
669	10	Ġworker	13.224164
669	11	Ġsaid	7.931121
669	12	Ġthe	3.249919
669	13	Ġfunny	15.045601
669	14	Ġactor	12.771513
669	15	Ġtold	7.395338
669	16	Ġabout	10.375364
669	17	Ġthe	2.345774
669	18	Ġwoman	7.833202
669	19	.	4.115164
669	20	<|endoftext|>	7.204556
670	1	<|endoftext|>	0.0
670	2	We	7.155761
670	3	Ġdiscovered	10.710806
670	4	Ġthat	1.752165
670	5	Ġthe	2.945662
670	6	Ġdelivery	13.439272
670	7	Ġboy	12.783779
670	8	Ġremarked	16.914922
670	9	Ġthe	6.927592
670	10	Ġworker	13.224164
670	11	Ġsaid	7.931121
670	12	Ġthe	3.249919
670	13	Ġfunny	15.045601
670	14	Ġactor	12.771513
670	15	Ġtold	7.395338
670	16	Ġa	6.514488
670	17	Ġstory	4.250888
670	18	Ġabout	0.994839
670	19	Ġthe	3.315937
670	20	Ġwoman	7.537244
670	21	.	3.746152
670	22	<|endoftext|>	7.082522
671	1	<|endoftext|>	0.0
671	2	We	7.155761
671	3	Ġdiscovered	10.710806
671	4	Ġwhat	7.579245
671	5	Ġthe	4.749854
671	6	Ġdelivery	15.954982
671	7	Ġboy	7.861128
671	8	Ġremarked	15.606402
671	9	Ġthe	7.515947
671	10	Ġworker	13.838684
671	11	Ġsaid	4.043536
671	12	Ġthe	6.521198
671	13	Ġfunny	15.365586
671	14	Ġactor	12.346284
671	15	Ġtold	4.976588
671	16	Ġabout	7.526349
671	17	Ġthe	2.440092
671	18	Ġwoman	7.567369
671	19	.	2.955986
671	20	<|endoftext|>	6.535877
672	1	<|endoftext|>	0.0
672	2	We	7.155761
672	3	Ġdiscovered	10.710806
672	4	Ġwhat	7.579245
672	5	Ġthe	4.749854
672	6	Ġdelivery	15.954982
672	7	Ġboy	7.861128
672	8	Ġremarked	15.606402
672	9	Ġthe	7.515947
672	10	Ġworker	13.838684
672	11	Ġsaid	4.043536
672	12	Ġthe	6.521198
672	13	Ġfunny	15.365586
672	14	Ġactor	12.346284
672	15	Ġtold	4.976588
672	16	Ġa	7.891789
672	17	Ġstory	4.977196
672	18	Ġabout	0.912799
672	19	Ġthe	3.553633
672	20	Ġwoman	7.541838
672	21	.	3.474252
672	22	<|endoftext|>	6.459159
673	1	<|endoftext|>	0.0
673	2	We	7.155761
673	3	Ġdiscovered	10.710806
673	4	Ġthat	1.752165
673	5	Ġthe	2.945662
673	6	Ġdelivery	13.439272
673	7	Ġboy	12.783779
673	8	Ġremarked	16.914922
673	9	Ġthe	6.927592
673	10	Ġworker	13.224164
673	11	Ġsaid	7.931121
673	12	Ġthe	3.249919
673	13	Ġgard	13.982379
673	14	ener	2.231375
673	15	Ġknew	8.407284
673	16	Ġthe	2.48598
673	17	Ġfunny	14.528131
673	18	Ġactor	13.185743
673	19	Ġtold	10.589156
673	20	Ġabout	8.961668
673	21	Ġthe	1.694892
673	22	Ġwoman	8.061328
673	23	.	3.932766
673	24	<|endoftext|>	6.746706
674	1	<|endoftext|>	0.0
674	2	We	7.155761
674	3	Ġdiscovered	10.710806
674	4	Ġthat	1.752165
674	5	Ġthe	2.945662
674	6	Ġdelivery	13.439272
674	7	Ġboy	12.783779
674	8	Ġremarked	16.914922
674	9	Ġthe	6.927592
674	10	Ġworker	13.224164
674	11	Ġsaid	7.931121
674	12	Ġthe	3.249919
674	13	Ġgard	13.982379
674	14	ener	2.231375
674	15	Ġknew	8.407284
674	16	Ġthe	2.48598
674	17	Ġfunny	14.528131
674	18	Ġactor	13.185743
674	19	Ġtold	10.589156
674	20	Ġa	6.525491
674	21	Ġstory	3.567147
674	22	Ġabout	1.158785
674	23	Ġthe	2.675661
674	24	Ġwoman	7.53977
674	25	.	3.826258
674	26	<|endoftext|>	6.568101
675	1	<|endoftext|>	0.0
675	2	We	7.155761
675	3	Ġdiscovered	10.710806
675	4	Ġwhat	7.579245
675	5	Ġthe	4.749854
675	6	Ġdelivery	15.954982
675	7	Ġboy	7.861128
675	8	Ġremarked	15.606402
675	9	Ġthe	7.515947
675	10	Ġworker	13.838684
675	11	Ġsaid	4.043536
675	12	Ġthe	6.521198
675	13	Ġgard	15.331927
675	14	ener	2.76916
675	15	Ġknew	8.408895
675	16	Ġthe	5.00017
675	17	Ġfunny	13.418684
675	18	Ġactor	13.60204
675	19	Ġtold	8.446867
675	20	Ġabout	8.012398
675	21	Ġthe	2.061308
675	22	Ġwoman	7.75871
675	23	.	3.533227
675	24	<|endoftext|>	6.276437
676	1	<|endoftext|>	0.0
676	2	We	7.155761
676	3	Ġdiscovered	10.710806
676	4	Ġwhat	7.579245
676	5	Ġthe	4.749854
676	6	Ġdelivery	15.954982
676	7	Ġboy	7.861128
676	8	Ġremarked	15.606402
676	9	Ġthe	7.515947
676	10	Ġworker	13.838684
676	11	Ġsaid	4.043536
676	12	Ġthe	6.521198
676	13	Ġgard	15.331927
676	14	ener	2.76916
676	15	Ġknew	8.408895
676	16	Ġthe	5.00017
676	17	Ġfunny	13.418684
676	18	Ġactor	13.60204
676	19	Ġtold	8.446867
676	20	Ġa	6.990078
676	21	Ġstory	3.329999
676	22	Ġabout	1.339616
676	23	Ġthe	2.903411
676	24	Ġwoman	7.329968
676	25	.	3.858493
676	26	<|endoftext|>	6.144377
677	1	<|endoftext|>	0.0
677	2	We	7.155761
677	3	Ġdiscovered	10.710806
677	4	Ġthat	1.752165
677	5	Ġthe	2.945662
677	6	Ġdelivery	13.439272
677	7	Ġboy	12.783779
677	8	Ġremarked	16.914922
677	9	Ġthe	6.927592
677	10	Ġworker	13.224164
677	11	Ġsaid	7.931121
677	12	Ġthe	3.249919
677	13	Ġgard	13.982379
677	14	ener	2.231375
677	15	Ġknew	8.407284
677	16	Ġthe	2.48598
677	17	Ġfunny	14.528131
677	18	Ġactor	13.185743
677	19	Ġtold	10.589156
677	20	Ġabout	8.961668
677	21	Ġthe	1.694892
677	22	Ġwoman	8.061328
677	23	.	3.932766
677	24	<|endoftext|>	6.746706
678	1	<|endoftext|>	0.0
678	2	We	7.155761
678	3	Ġdiscovered	10.710806
678	4	Ġthat	1.752165
678	5	Ġthe	2.945662
678	6	Ġdelivery	13.439272
678	7	Ġboy	12.783779
678	8	Ġremarked	16.914922
678	9	Ġthe	6.927592
678	10	Ġworker	13.224164
678	11	Ġsaid	7.931121
678	12	Ġthe	3.249919
678	13	Ġgard	13.982379
678	14	ener	2.231375
678	15	Ġknew	8.407284
678	16	Ġthe	2.48598
678	17	Ġfunny	14.528131
678	18	Ġactor	13.185743
678	19	Ġtold	10.589156
678	20	Ġa	6.525491
678	21	Ġstory	3.567147
678	22	Ġabout	1.158785
678	23	Ġthe	2.675661
678	24	Ġwoman	7.53977
678	25	.	3.826258
678	26	<|endoftext|>	6.568101
679	1	<|endoftext|>	0.0
679	2	We	7.155761
679	3	Ġdiscovered	10.710806
679	4	Ġwhat	7.579245
679	5	Ġthe	4.749854
679	6	Ġdelivery	15.954982
679	7	Ġboy	7.861128
679	8	Ġremarked	15.606402
679	9	Ġthe	7.515947
679	10	Ġworker	13.838684
679	11	Ġsaid	4.043536
679	12	Ġthe	6.521198
679	13	Ġgard	15.331927
679	14	ener	2.76916
679	15	Ġknew	8.408895
679	16	Ġthe	5.00017
679	17	Ġfunny	13.418684
679	18	Ġactor	13.60204
679	19	Ġtold	8.446867
679	20	Ġabout	8.012398
679	21	Ġthe	2.061308
679	22	Ġwoman	7.75871
679	23	.	3.533227
679	24	<|endoftext|>	6.276437
680	1	<|endoftext|>	0.0
680	2	We	7.155761
680	3	Ġdiscovered	10.710806
680	4	Ġwhat	7.579245
680	5	Ġthe	4.749854
680	6	Ġdelivery	15.954982
680	7	Ġboy	7.861128
680	8	Ġremarked	15.606402
680	9	Ġthe	7.515947
680	10	Ġworker	13.838684
680	11	Ġsaid	4.043536
680	12	Ġthe	6.521198
680	13	Ġgard	15.331927
680	14	ener	2.76916
680	15	Ġknew	8.408895
680	16	Ġthe	5.00017
680	17	Ġfunny	13.418684
680	18	Ġactor	13.60204
680	19	Ġtold	8.446867
680	20	Ġa	6.990078
680	21	Ġstory	3.329999
680	22	Ġabout	1.339616
680	23	Ġthe	2.903411
680	24	Ġwoman	7.329968
680	25	.	3.858493
680	26	<|endoftext|>	6.144377
681	1	<|endoftext|>	0.0
681	2	They	9.39695
681	3	Ġreported	10.956506
681	4	Ġthat	2.20851
681	5	Ġthe	2.648978
681	6	Ġwoman	6.707003
681	7	Ġabandoned	13.258811
681	8	Ġon	6.862365
681	9	Ġthe	2.145483
681	10	Ġside	5.207084
681	11	Ġof	0.127402
681	12	Ġthe	0.522251
681	13	Ġroad	0.324072
681	14	.	5.904955
681	15	<|endoftext|>	6.920474
682	1	<|endoftext|>	0.0
682	2	They	9.396978
682	3	Ġreported	10.956426
682	4	Ġthat	2.208518
682	5	Ġthe	2.648968
682	6	Ġwoman	6.706941
682	7	Ġabandoned	13.258875
682	8	Ġthe	2.463641
682	9	Ġchildren	6.613818
682	10	Ġon	4.675082
682	11	Ġthe	1.577041
682	12	Ġside	5.604781
682	13	Ġof	0.107326
682	14	Ġthe	0.367868
682	15	Ġroad	0.134588
682	16	.	3.193446
682	17	<|endoftext|>	6.238498
683	1	<|endoftext|>	0.0
683	2	They	9.39695
683	3	Ġreported	10.956506
683	4	Ġwho	12.973997
683	5	Ġthe	4.219928
683	6	Ġwoman	5.979792
683	7	Ġabandoned	15.185143
683	8	Ġon	4.897628
683	9	Ġthe	2.067795
683	10	Ġside	6.581076
683	11	Ġof	0.172372
683	12	Ġthe	0.48817
683	13	Ġroad	0.312755
683	14	.	2.011852
683	15	<|endoftext|>	6.661268
684	1	<|endoftext|>	0.0
684	2	They	9.396978
684	3	Ġreported	10.956426
684	4	Ġwho	12.973917
684	5	Ġthe	4.219927
684	6	Ġwoman	5.979736
684	7	Ġabandoned	15.185143
684	8	Ġthe	3.890791
684	9	Ġchildren	6.24164
684	10	Ġon	5.831234
684	11	Ġthe	2.297368
684	12	Ġside	6.724339
684	13	Ġof	0.151339
684	14	Ġthe	0.377062
684	15	Ġroad	0.16407
684	16	.	1.91691
684	17	<|endoftext|>	6.128968
685	1	<|endoftext|>	0.0
685	2	They	9.396978
685	3	Ġreported	10.956426
685	4	Ġthat	2.208518
685	5	Ġthe	2.648968
685	6	Ġman	6.28552
685	7	Ġclaimed	9.163833
685	8	Ġthe	4.938829
685	9	Ġwoman	4.524271
685	10	Ġabandoned	11.787648
685	11	Ġon	11.402344
685	12	Ġthe	1.558509
685	13	Ġside	4.903138
685	14	Ġof	0.081126
685	15	Ġthe	0.431894
685	16	Ġroad	0.242227
685	17	.	3.502273
685	18	<|endoftext|>	6.550037
686	1	<|endoftext|>	0.0
686	2	They	9.396978
686	3	Ġreported	10.956426
686	4	Ġthat	2.208518
686	5	Ġthe	2.648968
686	6	Ġman	6.28552
686	7	Ġclaimed	9.163833
686	8	Ġthe	4.938829
686	9	Ġwoman	4.524271
686	10	Ġabandoned	11.787648
686	11	Ġthe	4.990468
686	12	Ġchildren	6.422332
686	13	Ġon	4.89628
686	14	Ġthe	1.34717
686	15	Ġside	5.492663
686	16	Ġof	0.072374
686	17	Ġthe	0.380614
686	18	Ġroad	0.117259
686	19	.	2.654473
686	20	<|endoftext|>	6.116747
687	1	<|endoftext|>	0.0
687	2	They	9.396978
687	3	Ġreported	10.956426
687	4	Ġwho	12.973917
687	5	Ġthe	4.219927
687	6	Ġman	4.470142
687	7	Ġclaimed	10.243755
687	8	Ġthe	7.873047
687	9	Ġwoman	4.49264
687	10	Ġabandoned	13.464209
687	11	Ġon	4.699152
687	12	Ġthe	1.728109
687	13	Ġside	5.708548
687	14	Ġof	0.074938
687	15	Ġthe	0.476183
687	16	Ġroad	0.263444
687	17	.	1.777446
687	18	<|endoftext|>	6.260112
688	1	<|endoftext|>	0.0
688	2	They	9.396978
688	3	Ġreported	10.956426
688	4	Ġwho	12.973917
688	5	Ġthe	4.219927
688	6	Ġman	4.470142
688	7	Ġclaimed	10.243755
688	8	Ġthe	7.873047
688	9	Ġwoman	4.49264
688	10	Ġabandoned	13.464209
688	11	Ġthe	5.344277
688	12	Ġchildren	6.058021
688	13	Ġon	4.951364
688	14	Ġthe	1.780426
688	15	Ġside	5.997599
688	16	Ġof	0.075138
688	17	Ġthe	0.426552
688	18	Ġroad	0.128907
688	19	.	1.679383
688	20	<|endoftext|>	5.87722
689	1	<|endoftext|>	0.0
689	2	They	9.396978
689	3	Ġreported	10.956426
689	4	Ġthat	2.208518
689	5	Ġthe	2.648968
689	6	Ġman	6.28552
689	7	Ġclaimed	9.163833
689	8	Ġhis	5.796255
689	9	Ġfriend	6.769814
689	10	Ġbelieved	10.79864
689	11	Ġthe	3.110857
689	12	Ġwoman	4.168074
689	13	Ġabandoned	13.600509
689	14	Ġon	12.015986
689	15	Ġthe	1.198291
689	16	Ġside	4.953219
689	17	Ġof	0.084697
689	18	Ġthe	0.358869
689	19	Ġroad	0.225879
689	20	.	2.208098
689	21	<|endoftext|>	6.495617
690	1	<|endoftext|>	0.0
690	2	They	9.396978
690	3	Ġreported	10.956426
690	4	Ġthat	2.208518
690	5	Ġthe	2.648968
690	6	Ġman	6.28552
690	7	Ġclaimed	9.163833
690	8	Ġhis	5.796255
690	9	Ġfriend	6.769814
690	10	Ġbelieved	10.79864
690	11	Ġthe	3.110857
690	12	Ġwoman	4.168074
690	13	Ġabandoned	13.600509
690	14	Ġthe	4.932777
690	15	Ġchildren	6.77075
690	16	Ġon	5.354526
690	17	Ġthe	1.191371
690	18	Ġside	5.4377
690	19	Ġof	0.081822
690	20	Ġthe	0.357907
690	21	Ġroad	0.117384
690	22	.	1.891103
690	23	<|endoftext|>	6.164934
691	1	<|endoftext|>	0.0
691	2	They	9.396978
691	3	Ġreported	10.956426
691	4	Ġwho	12.973917
691	5	Ġthe	4.219927
691	6	Ġman	4.470142
691	7	Ġclaimed	10.243755
691	8	Ġhis	9.922178
691	9	Ġfriend	5.785155
691	10	Ġbelieved	11.006887
691	11	Ġthe	8.030646
691	12	Ġwoman	4.633859
691	13	Ġabandoned	14.22434
691	14	Ġon	5.816358
691	15	Ġthe	1.485147
691	16	Ġside	5.31272
691	17	Ġof	0.068863
691	18	Ġthe	0.427921
691	19	Ġroad	0.244843
691	20	.	1.366042
691	21	<|endoftext|>	6.225357
692	1	<|endoftext|>	0.0
692	2	They	9.396978
692	3	Ġreported	10.956426
692	4	Ġwho	12.973917
692	5	Ġthe	4.219927
692	6	Ġman	4.470142
692	7	Ġclaimed	10.243755
692	8	Ġhis	9.922178
692	9	Ġfriend	5.785155
692	10	Ġbelieved	11.006887
692	11	Ġthe	8.030646
692	12	Ġwoman	4.633859
692	13	Ġabandoned	14.22434
692	14	Ġthe	5.930368
692	15	Ġchildren	6.382532
692	16	Ġon	5.089775
692	17	Ġthe	1.567768
692	18	Ġside	5.705986
692	19	Ġof	0.080516
692	20	Ġthe	0.426322
692	21	Ġroad	0.125594
692	22	.	1.37738
692	23	<|endoftext|>	5.982096
693	1	<|endoftext|>	0.0
693	2	They	9.396978
693	3	Ġreported	10.956426
693	4	Ġthat	2.208518
693	5	Ġthe	2.648968
693	6	Ġman	6.28552
693	7	Ġclaimed	9.163833
693	8	Ġhis	5.796255
693	9	Ġfriend	6.769814
693	10	Ġbelieved	10.79864
693	11	Ġhe	1.311693
693	12	Ġknew	7.796767
693	13	Ġthe	2.170891
693	14	Ġwoman	4.319644
693	15	Ġabandoned	16.913558
693	16	Ġon	7.108165
693	17	Ġthe	1.041779
693	18	Ġside	5.265048
693	19	Ġof	0.084662
693	20	Ġthe	0.415613
693	21	Ġroad	0.283517
693	22	.	1.76533
693	23	<|endoftext|>	6.532125
694	1	<|endoftext|>	0.0
694	2	They	9.396978
694	3	Ġreported	10.956426
694	4	Ġthat	2.208518
694	5	Ġthe	2.648968
694	6	Ġman	6.28552
694	7	Ġclaimed	9.163833
694	8	Ġhis	5.796255
694	9	Ġfriend	6.769814
694	10	Ġbelieved	10.79864
694	11	Ġhe	1.311693
694	12	Ġknew	7.796767
694	13	Ġthe	2.170891
694	14	Ġwoman	4.319644
694	15	Ġabandoned	16.913558
694	16	Ġthe	4.276521
694	17	Ġchildren	6.682149
694	18	Ġon	5.472521
694	19	Ġthe	1.234373
694	20	Ġside	5.810512
694	21	Ġof	0.100571
694	22	Ġthe	0.403938
694	23	Ġroad	0.143523
694	24	.	1.738345
694	25	<|endoftext|>	6.225378
695	1	<|endoftext|>	0.0
695	2	They	9.396978
695	3	Ġreported	10.956426
695	4	Ġwho	12.973917
695	5	Ġthe	4.219927
695	6	Ġman	4.470142
695	7	Ġclaimed	10.243755
695	8	Ġhis	9.922178
695	9	Ġfriend	5.785155
695	10	Ġbelieved	11.006887
695	11	Ġhe	5.503029
695	12	Ġknew	7.326017
695	13	Ġthe	6.547501
695	14	Ġwoman	4.838813
695	15	Ġabandoned	16.342949
695	16	Ġon	5.060534
695	17	Ġthe	1.38769
695	18	Ġside	5.442164
695	19	Ġof	0.077226
695	20	Ġthe	0.500386
695	21	Ġroad	0.290037
695	22	.	1.206917
695	23	<|endoftext|>	6.284121
696	1	<|endoftext|>	0.0
696	2	They	9.396978
696	3	Ġreported	10.956426
696	4	Ġwho	12.973917
696	5	Ġthe	4.219927
696	6	Ġman	4.470142
696	7	Ġclaimed	10.243755
696	8	Ġhis	9.922178
696	9	Ġfriend	5.785155
696	10	Ġbelieved	11.006887
696	11	Ġhe	5.503029
696	12	Ġknew	7.326017
696	13	Ġthe	6.547501
696	14	Ġwoman	4.838813
696	15	Ġabandoned	16.342949
696	16	Ġthe	5.717073
696	17	Ġchildren	6.566727
696	18	Ġon	5.132329
696	19	Ġthe	1.600637
696	20	Ġside	5.901193
696	21	Ġof	0.09977
696	22	Ġthe	0.479791
696	23	Ġroad	0.147339
696	24	.	1.37763
696	25	<|endoftext|>	6.039875
697	1	<|endoftext|>	0.0
697	2	They	9.396978
697	3	Ġreported	10.956426
697	4	Ġthat	2.208518
697	5	Ġthe	2.648968
697	6	Ġman	6.28552
697	7	Ġclaimed	9.163833
697	8	Ġhis	5.796255
697	9	Ġfriend	6.769814
697	10	Ġbelieved	10.79864
697	11	Ġhe	1.311693
697	12	Ġknew	7.796767
697	13	Ġthe	2.170891
697	14	Ġwoman	4.319644
697	15	Ġabandoned	16.913558
697	16	Ġon	7.108165
697	17	Ġthe	1.041779
697	18	Ġside	5.265048
697	19	Ġof	0.084662
697	20	Ġthe	0.415613
697	21	Ġroad	0.283517
697	22	.	1.76533
697	23	<|endoftext|>	6.532125
698	1	<|endoftext|>	0.0
698	2	They	9.396978
698	3	Ġreported	10.956426
698	4	Ġthat	2.208518
698	5	Ġthe	2.648968
698	6	Ġman	6.28552
698	7	Ġclaimed	9.163833
698	8	Ġhis	5.796255
698	9	Ġfriend	6.769814
698	10	Ġbelieved	10.79864
698	11	Ġhe	1.311693
698	12	Ġknew	7.796767
698	13	Ġthe	2.170891
698	14	Ġwoman	4.319644
698	15	Ġabandoned	16.913558
698	16	Ġthe	4.276521
698	17	Ġchildren	6.682149
698	18	Ġon	5.472521
698	19	Ġthe	1.234373
698	20	Ġside	5.810512
698	21	Ġof	0.100571
698	22	Ġthe	0.403938
698	23	Ġroad	0.143523
698	24	.	1.738345
698	25	<|endoftext|>	6.225378
699	1	<|endoftext|>	0.0
699	2	They	9.396978
699	3	Ġreported	10.956426
699	4	Ġwho	12.973917
699	5	Ġthe	4.219927
699	6	Ġman	4.470142
699	7	Ġclaimed	10.243755
699	8	Ġhis	9.922178
699	9	Ġfriend	5.785155
699	10	Ġbelieved	11.006887
699	11	Ġhe	5.503029
699	12	Ġknew	7.326017
699	13	Ġthe	6.547501
699	14	Ġwoman	4.838813
699	15	Ġabandoned	16.342949
699	16	Ġon	5.060534
699	17	Ġthe	1.38769
699	18	Ġside	5.442164
699	19	Ġof	0.077226
699	20	Ġthe	0.500386
699	21	Ġroad	0.290037
699	22	.	1.206917
699	23	<|endoftext|>	6.284121
700	1	<|endoftext|>	0.0
700	2	They	9.396978
700	3	Ġreported	10.956426
700	4	Ġwho	12.973917
700	5	Ġthe	4.219927
700	6	Ġman	4.470142
700	7	Ġclaimed	10.243755
700	8	Ġhis	9.922178
700	9	Ġfriend	5.785155
700	10	Ġbelieved	11.006887
700	11	Ġhe	5.503029
700	12	Ġknew	7.326017
700	13	Ġthe	6.547501
700	14	Ġwoman	4.838813
700	15	Ġabandoned	16.342949
700	16	Ġthe	5.717073
700	17	Ġchildren	6.566727
700	18	Ġon	5.132329
700	19	Ġthe	1.600637
700	20	Ġside	5.901193
700	21	Ġof	0.09977
700	22	Ġthe	0.479791
700	23	Ġroad	0.147339
700	24	.	1.37763
700	25	<|endoftext|>	6.039875
701	1	<|endoftext|>	0.0
701	2	They	9.39695
701	3	Ġrecalled	14.566953
701	4	Ġthat	3.308536
701	5	Ġthe	3.388505
701	6	Ġexecutive	13.326449
701	7	Ġpromoted	13.758477
701	8	Ġlast	11.277643
701	9	Ġweek	2.102796
701	10	.	7.918224
701	11	<|endoftext|>	7.033152
702	1	<|endoftext|>	0.0
702	2	They	9.39695
702	3	Ġrecalled	14.566953
702	4	Ġthat	3.308536
702	5	Ġthe	3.388505
702	6	Ġexecutive	13.326427
702	7	Ġpromoted	13.758477
702	8	Ġthe	2.525073
702	9	Ġsecretary	13.147373
702	10	Ġlast	10.617476
702	11	Ġweek	2.005166
702	12	.	3.783697
702	13	<|endoftext|>	6.121712
703	1	<|endoftext|>	0.0
703	2	They	9.39695
703	3	Ġrecalled	14.566953
703	4	Ġwho	9.746003
703	5	Ġthe	4.823408
703	6	Ġexecutive	12.103919
703	7	Ġpromoted	13.99844
703	8	Ġlast	8.30766
703	9	Ġweek	2.064155
703	10	.	2.875475
703	11	<|endoftext|>	7.103628
704	1	<|endoftext|>	0.0
704	2	They	9.39695
704	3	Ġrecalled	14.566953
704	4	Ġwho	9.746003
704	5	Ġthe	4.823408
704	6	Ġexecutive	12.103922
704	7	Ġpromoted	13.99844
704	8	Ġthe	6.131953
704	9	Ġsecretary	10.456564
704	10	Ġlast	11.159251
704	11	Ġweek	2.128282
704	12	.	2.362818
704	13	<|endoftext|>	6.740471
705	1	<|endoftext|>	0.0
705	2	They	9.39695
705	3	Ġrecalled	14.566953
705	4	Ġthat	3.308536
705	5	Ġthe	3.388505
705	6	Ġjournalist	13.259879
705	7	Ġbelieved	10.860907
705	8	Ġthe	3.109096
705	9	Ġexecutive	13.251786
705	10	Ġpromoted	14.046771
705	11	Ġlast	12.819929
705	12	Ġweek	1.888934
705	13	.	8.160908
705	14	<|endoftext|>	6.164852
706	1	<|endoftext|>	0.0
706	2	They	9.396972
706	3	Ġrecalled	14.567064
706	4	Ġthat	3.308589
706	5	Ġthe	3.388525
706	6	Ġjournalist	13.259923
706	7	Ġbelieved	10.860962
706	8	Ġthe	3.109102
706	9	Ġexecutive	13.251829
706	10	Ġpromoted	14.046722
706	11	Ġthe	2.441752
706	12	Ġsecretary	13.237075
706	13	Ġlast	13.254455
706	14	Ġweek	2.171041
706	15	.	2.928194
706	16	<|endoftext|>	5.728904
707	1	<|endoftext|>	0.0
707	2	They	9.39695
707	3	Ġrecalled	14.566953
707	4	Ġwho	9.746003
707	5	Ġthe	4.823408
707	6	Ġjournalist	11.206956
707	7	Ġbelieved	8.86487
707	8	Ġthe	6.385503
707	9	Ġexecutive	13.371917
707	10	Ġpromoted	14.113213
707	11	Ġlast	9.747565
707	12	Ġweek	2.035136
707	13	.	2.078068
707	14	<|endoftext|>	6.684664
708	1	<|endoftext|>	0.0
708	2	They	9.396972
708	3	Ġrecalled	14.567064
708	4	Ġwho	9.746023
708	5	Ġthe	4.82352
708	6	Ġjournalist	11.206933
708	7	Ġbelieved	8.864869
708	8	Ġthe	6.385515
708	9	Ġexecutive	13.371885
708	10	Ġpromoted	14.113205
708	11	Ġthe	6.221695
708	12	Ġsecretary	11.830089
708	13	Ġlast	12.229308
708	14	Ġweek	2.27381
708	15	.	1.656421
708	16	<|endoftext|>	6.203991
709	1	<|endoftext|>	0.0
709	2	They	9.396978
709	3	Ġrecalled	14.567082
709	4	Ġthat	3.308581
709	5	Ġthe	3.38853
709	6	Ġjournalist	13.259922
709	7	Ġbelieved	10.860951
709	8	Ġthe	3.109111
709	9	Ġtranscript	14.083513
709	10	Ġstated	12.040355
709	11	Ġthe	3.777802
709	12	Ġexecutive	12.489161
709	13	Ġpromoted	14.587967
709	14	Ġlast	12.822252
709	15	Ġweek	1.81827
709	16	.	7.456589
709	17	<|endoftext|>	6.142786
710	1	<|endoftext|>	0.0
710	2	They	9.396978
710	3	Ġrecalled	14.567082
710	4	Ġthat	3.308581
710	5	Ġthe	3.38853
710	6	Ġjournalist	13.259922
710	7	Ġbelieved	10.860951
710	8	Ġthe	3.109111
710	9	Ġtranscript	14.083513
710	10	Ġstated	12.040355
710	11	Ġthe	3.777802
710	12	Ġexecutive	12.489161
710	13	Ġpromoted	14.587967
710	14	Ġthe	2.187087
710	15	Ġsecretary	12.874778
710	16	Ġlast	13.542745
710	17	Ġweek	1.851235
710	18	.	2.371258
710	19	<|endoftext|>	5.866385
711	1	<|endoftext|>	0.0
711	2	They	9.396978
711	3	Ġrecalled	14.567082
711	4	Ġwho	9.746037
711	5	Ġthe	4.823518
711	6	Ġjournalist	11.206913
711	7	Ġbelieved	8.864858
711	8	Ġthe	6.385518
711	9	Ġtranscript	14.938397
711	10	Ġstated	11.645178
711	11	Ġthe	4.707476
711	12	Ġexecutive	12.622896
711	13	Ġpromoted	13.69021
711	14	Ġlast	11.026747
711	15	Ġweek	1.929412
711	16	.	1.968523
711	17	<|endoftext|>	6.460039
712	1	<|endoftext|>	0.0
712	2	They	9.396978
712	3	Ġrecalled	14.567082
712	4	Ġwho	9.746037
712	5	Ġthe	4.823518
712	6	Ġjournalist	11.206913
712	7	Ġbelieved	8.864858
712	8	Ġthe	6.385518
712	9	Ġtranscript	14.938397
712	10	Ġstated	11.645178
712	11	Ġthe	4.707476
712	12	Ġexecutive	12.622896
712	13	Ġpromoted	13.69021
712	14	Ġthe	4.626373
712	15	Ġsecretary	12.128804
712	16	Ġlast	13.077189
712	17	Ġweek	2.08886
712	18	.	1.520855
712	19	<|endoftext|>	6.151003
713	1	<|endoftext|>	0.0
713	2	They	9.396978
713	3	Ġrecalled	14.567082
713	4	Ġthat	3.308581
713	5	Ġthe	3.38853
713	6	Ġjournalist	13.259922
713	7	Ġbelieved	10.860951
713	8	Ġthe	3.109111
713	9	Ġtranscript	14.083513
713	10	Ġstated	12.040355
713	11	Ġhe	4.478599
713	12	Ġknew	5.949793
713	13	Ġthe	2.593611
713	14	Ġexecutive	12.590693
713	15	Ġpromoted	15.314902
713	16	Ġlast	12.607013
713	17	Ġweek	1.967564
713	18	.	4.742662
713	19	<|endoftext|>	6.263422
714	1	<|endoftext|>	0.0
714	2	They	9.396978
714	3	Ġrecalled	14.567082
714	4	Ġthat	3.308581
714	5	Ġthe	3.38853
714	6	Ġjournalist	13.259922
714	7	Ġbelieved	10.860951
714	8	Ġthe	3.109111
714	9	Ġtranscript	14.083513
714	10	Ġstated	12.040355
714	11	Ġhe	4.478599
714	12	Ġknew	5.949793
714	13	Ġthe	2.593611
714	14	Ġexecutive	12.590693
714	15	Ġpromoted	15.314902
714	16	Ġthe	2.551801
714	17	Ġsecretary	12.673578
714	18	Ġlast	13.263972
714	19	Ġweek	2.209181
714	20	.	1.789668
714	21	<|endoftext|>	5.945655
715	1	<|endoftext|>	0.0
715	2	They	9.396978
715	3	Ġrecalled	14.567082
715	4	Ġwho	9.746037
715	5	Ġthe	4.823518
715	6	Ġjournalist	11.206913
715	7	Ġbelieved	8.864858
715	8	Ġthe	6.385518
715	9	Ġtranscript	14.938397
715	10	Ġstated	11.645178
715	11	Ġhe	5.890199
715	12	Ġknew	5.739014
715	13	Ġthe	5.02649
715	14	Ġexecutive	12.837872
715	15	Ġpromoted	14.315771
715	16	Ġlast	11.776775
715	17	Ġweek	2.06111
715	18	.	2.096632
715	19	<|endoftext|>	6.56255
716	1	<|endoftext|>	0.0
716	2	They	9.396978
716	3	Ġrecalled	14.567082
716	4	Ġwho	9.746037
716	5	Ġthe	4.823518
716	6	Ġjournalist	11.206913
716	7	Ġbelieved	8.864858
716	8	Ġthe	6.385518
716	9	Ġtranscript	14.938397
716	10	Ġstated	11.645178
716	11	Ġhe	5.890199
716	12	Ġknew	5.739014
716	13	Ġthe	5.02649
716	14	Ġexecutive	12.837872
716	15	Ġpromoted	14.315771
716	16	Ġthe	4.031457
716	17	Ġsecretary	12.520037
716	18	Ġlast	13.060691
716	19	Ġweek	2.307992
716	20	.	1.291792
716	21	<|endoftext|>	6.245727
717	1	<|endoftext|>	0.0
717	2	They	9.396978
717	3	Ġrecalled	14.567082
717	4	Ġthat	3.308581
717	5	Ġthe	3.38853
717	6	Ġjournalist	13.259922
717	7	Ġbelieved	10.860951
717	8	Ġthe	3.109111
717	9	Ġtranscript	14.083513
717	10	Ġstated	12.040355
717	11	Ġhe	4.478599
717	12	Ġknew	5.949793
717	13	Ġthe	2.593611
717	14	Ġexecutive	12.590693
717	15	Ġpromoted	15.314902
717	16	Ġlast	12.607013
717	17	Ġweek	1.967564
717	18	.	4.742662
717	19	<|endoftext|>	6.263422
718	1	<|endoftext|>	0.0
718	2	They	9.396978
718	3	Ġrecalled	14.567082
718	4	Ġthat	3.308581
718	5	Ġthe	3.38853
718	6	Ġjournalist	13.259922
718	7	Ġbelieved	10.860951
718	8	Ġthe	3.109111
718	9	Ġtranscript	14.083513
718	10	Ġstated	12.040355
718	11	Ġhe	4.478599
718	12	Ġknew	5.949793
718	13	Ġthe	2.593611
718	14	Ġexecutive	12.590693
718	15	Ġpromoted	15.314902
718	16	Ġthe	2.551801
718	17	Ġsecretary	12.673578
718	18	Ġlast	13.263972
718	19	Ġweek	2.209181
718	20	.	1.789668
718	21	<|endoftext|>	5.945655
719	1	<|endoftext|>	0.0
719	2	They	9.396978
719	3	Ġrecalled	14.567082
719	4	Ġwho	9.746037
719	5	Ġthe	4.823518
719	6	Ġjournalist	11.206913
719	7	Ġbelieved	8.864858
719	8	Ġthe	6.385518
719	9	Ġtranscript	14.938397
719	10	Ġstated	11.645178
719	11	Ġhe	5.890199
719	12	Ġknew	5.739014
719	13	Ġthe	5.02649
719	14	Ġexecutive	12.837872
719	15	Ġpromoted	14.315771
719	16	Ġlast	11.776775
719	17	Ġweek	2.06111
719	18	.	2.096632
719	19	<|endoftext|>	6.56255
720	1	<|endoftext|>	0.0
720	2	They	9.396978
720	3	Ġrecalled	14.567082
720	4	Ġwho	9.746037
720	5	Ġthe	4.823518
720	6	Ġjournalist	11.206913
720	7	Ġbelieved	8.864858
720	8	Ġthe	6.385518
720	9	Ġtranscript	14.938397
720	10	Ġstated	11.645178
720	11	Ġhe	5.890199
720	12	Ġknew	5.739014
720	13	Ġthe	5.02649
720	14	Ġexecutive	12.837872
720	15	Ġpromoted	14.315771
720	16	Ġthe	4.031457
720	17	Ġsecretary	12.520037
720	18	Ġlast	13.060691
720	19	Ġweek	2.307992
720	20	.	1.291792
720	21	<|endoftext|>	6.245727
721	1	<|endoftext|>	0.0
721	2	We	7.155782
721	3	Ġrecalled	16.653039
721	4	Ġthat	3.559485
721	5	Ġthe	3.282958
721	6	Ġmillionaire	19.450586
721	7	Ġdivorced	15.023642
721	8	Ġlast	10.50675
721	9	Ġweek	2.395156
721	10	.	2.503424
721	11	<|endoftext|>	6.898224
722	1	<|endoftext|>	0.0
722	2	We	7.155782
722	3	Ġrecalled	16.653039
722	4	Ġthat	3.559485
722	5	Ġthe	3.282958
722	6	Ġmillionaire	19.450597
722	7	Ġdivorced	15.023642
722	8	Ġhis	3.229328
722	9	Ġwife	1.21843
722	10	Ġlast	6.606764
722	11	Ġweek	2.995036
722	12	.	2.156747
722	13	<|endoftext|>	7.362676
723	1	<|endoftext|>	0.0
723	2	We	7.155782
723	3	Ġrecalled	16.653039
723	4	Ġwho	12.588437
723	5	Ġthe	5.097225
723	6	Ġmillionaire	14.175147
723	7	Ġdivorced	14.808014
723	8	Ġlast	5.699963
723	9	Ġweek	2.382824
723	10	.	1.539434
723	11	<|endoftext|>	6.75612
724	1	<|endoftext|>	0.0
724	2	We	7.155782
724	3	Ġrecalled	16.653039
724	4	Ġwho	12.588437
724	5	Ġthe	5.097225
724	6	Ġmillionaire	14.175157
724	7	Ġdivorced	14.808014
724	8	Ġhis	4.369163
724	9	Ġwife	1.349488
724	10	Ġlast	6.08167
724	11	Ġweek	2.854836
724	12	.	1.495333
724	13	<|endoftext|>	7.223978
725	1	<|endoftext|>	0.0
725	2	We	7.155782
725	3	Ġrecalled	16.653039
725	4	Ġthat	3.559485
725	5	Ġthe	3.282958
725	6	Ġwoman	11.624709
725	7	Ġsaid	6.384738
725	8	Ġthe	4.259174
725	9	Ġmillionaire	15.184453
725	10	Ġdivorced	12.819155
725	11	Ġlast	12.213659
725	12	Ġweek	2.856591
725	13	.	2.102847
725	14	<|endoftext|>	6.391356
726	1	<|endoftext|>	0.0
726	2	We	7.155761
726	3	Ġrecalled	16.652951
726	4	Ġthat	3.559446
726	5	Ġthe	3.282933
726	6	Ġwoman	11.624742
726	7	Ġsaid	6.384716
726	8	Ġthe	4.259152
726	9	Ġmillionaire	15.184484
726	10	Ġdivorced	12.819038
726	11	Ġhis	3.149878
726	12	Ġwife	1.168463
726	13	Ġlast	6.705984
726	14	Ġweek	3.317125
726	15	.	1.796242
726	16	<|endoftext|>	6.62978
727	1	<|endoftext|>	0.0
727	2	We	7.155782
727	3	Ġrecalled	16.653039
727	4	Ġwho	12.588437
727	5	Ġthe	5.097225
727	6	Ġwoman	7.981009
727	7	Ġsaid	7.012887
727	8	Ġthe	6.270536
727	9	Ġmillionaire	14.887569
727	10	Ġdivorced	12.535694
727	11	Ġlast	8.749062
727	12	Ġweek	2.538927
727	13	.	1.182668
727	14	<|endoftext|>	6.182184
728	1	<|endoftext|>	0.0
728	2	We	7.155761
728	3	Ġrecalled	16.652951
728	4	Ġwho	12.588497
728	5	Ġthe	5.097204
728	6	Ġwoman	7.98094
728	7	Ġsaid	7.012915
728	8	Ġthe	6.270527
728	9	Ġmillionaire	14.88752
728	10	Ġdivorced	12.535712
728	11	Ġhis	5.538435
728	12	Ġwife	1.519187
728	13	Ġlast	7.614398
728	14	Ġweek	3.039271
728	15	.	1.122966
728	16	<|endoftext|>	6.728671
729	1	<|endoftext|>	0.0
729	2	We	7.155761
729	3	Ġrecalled	16.652951
729	4	Ġthat	3.559446
729	5	Ġthe	3.282933
729	6	Ġwoman	11.624742
729	7	Ġsaid	6.384716
729	8	Ġshe	1.509256
729	9	Ġthought	6.407844
729	10	Ġthe	2.690257
729	11	Ġmillionaire	15.571912
729	12	Ġdivorced	13.690687
729	13	Ġlast	12.666203
729	14	Ġweek	2.631176
729	15	.	1.827517
729	16	<|endoftext|>	6.364212
730	1	<|endoftext|>	0.0
730	2	We	7.155761
730	3	Ġrecalled	16.652963
730	4	Ġthat	3.559449
730	5	Ġthe	3.282928
730	6	Ġwoman	11.624759
730	7	Ġsaid	6.38467
730	8	Ġshe	1.509259
730	9	Ġthought	6.407835
730	10	Ġthe	2.69026
730	11	Ġmillionaire	15.57192
730	12	Ġdivorced	13.690665
730	13	Ġhis	2.968933
730	14	Ġwife	0.932076
730	15	Ġlast	7.917836
730	16	Ġweek	3.046115
730	17	.	1.546182
730	18	<|endoftext|>	6.446669
731	1	<|endoftext|>	0.0
731	2	We	7.155761
731	3	Ġrecalled	16.652951
731	4	Ġwho	12.588497
731	5	Ġthe	5.097204
731	6	Ġwoman	7.98094
731	7	Ġsaid	7.012915
731	8	Ġshe	1.303943
731	9	Ġthought	8.721865
731	10	Ġthe	6.654756
731	11	Ġmillionaire	14.373782
731	12	Ġdivorced	13.538344
731	13	Ġlast	10.305853
731	14	Ġweek	2.291847
731	15	.	0.983922
731	16	<|endoftext|>	6.331756
732	1	<|endoftext|>	0.0
732	2	We	7.155761
732	3	Ġrecalled	16.652963
732	4	Ġwho	12.58851
732	5	Ġthe	5.097209
732	6	Ġwoman	7.980943
732	7	Ġsaid	7.012911
732	8	Ġshe	1.303934
732	9	Ġthought	8.721813
732	10	Ġthe	6.654781
732	11	Ġmillionaire	14.373754
732	12	Ġdivorced	13.538338
732	13	Ġhis	5.016027
732	14	Ġwife	1.253874
732	15	Ġlast	8.68101
732	16	Ġweek	2.791857
732	17	.	0.886456
732	18	<|endoftext|>	6.692487
733	1	<|endoftext|>	0.0
733	2	We	7.155761
733	3	Ġrecalled	16.652963
733	4	Ġthat	3.559449
733	5	Ġthe	3.282928
733	6	Ġwoman	11.624759
733	7	Ġsaid	6.38467
733	8	Ġshe	1.509259
733	9	Ġthought	6.407835
733	10	Ġshe	2.111749
733	11	Ġknew	6.35332
733	12	Ġthe	2.965839
733	13	Ġmillionaire	16.06303
733	14	Ġdivorced	15.178977
733	15	Ġlast	10.897313
733	16	Ġweek	2.443163
733	17	.	1.834744
733	18	<|endoftext|>	6.549949
734	1	<|endoftext|>	0.0
734	2	We	7.155761
734	3	Ġrecalled	16.652963
734	4	Ġthat	3.559449
734	5	Ġthe	3.282928
734	6	Ġwoman	11.624759
734	7	Ġsaid	6.38467
734	8	Ġshe	1.509259
734	9	Ġthought	6.407835
734	10	Ġshe	2.111749
734	11	Ġknew	6.35332
734	12	Ġthe	2.965839
734	13	Ġmillionaire	16.06303
734	14	Ġdivorced	15.178977
734	15	Ġhis	2.807998
734	16	Ġwife	1.06731
734	17	Ġlast	8.63157
734	18	Ġweek	2.815592
734	19	.	1.506763
734	20	<|endoftext|>	6.632064
735	1	<|endoftext|>	0.0
735	2	We	7.155761
735	3	Ġrecalled	16.652963
735	4	Ġwho	12.58851
735	5	Ġthe	5.097209
735	6	Ġwoman	7.980943
735	7	Ġsaid	7.012911
735	8	Ġshe	1.303934
735	9	Ġthought	8.721813
735	10	Ġshe	3.409256
735	11	Ġknew	7.148951
735	12	Ġthe	7.52893
735	13	Ġmillionaire	15.798579
735	14	Ġdivorced	15.151352
735	15	Ġlast	8.940782
735	16	Ġweek	2.152877
735	17	.	1.006306
735	18	<|endoftext|>	6.745995
736	1	<|endoftext|>	0.0
736	2	We	7.155761
736	3	Ġrecalled	16.652963
736	4	Ġwho	12.58851
736	5	Ġthe	5.097209
736	6	Ġwoman	7.980943
736	7	Ġsaid	7.012911
736	8	Ġshe	1.303934
736	9	Ġthought	8.721813
736	10	Ġshe	3.409256
736	11	Ġknew	7.148951
736	12	Ġthe	7.52893
736	13	Ġmillionaire	15.798579
736	14	Ġdivorced	15.151352
736	15	Ġhis	4.415354
736	16	Ġwife	1.411355
736	17	Ġlast	8.390603
736	18	Ġweek	2.627348
736	19	.	0.885075
736	20	<|endoftext|>	7.069573
737	1	<|endoftext|>	0.0
737	2	We	7.155761
737	3	Ġrecalled	16.652963
737	4	Ġthat	3.559449
737	5	Ġthe	3.282928
737	6	Ġwoman	11.624759
737	7	Ġsaid	6.38467
737	8	Ġshe	1.509259
737	9	Ġthought	6.407835
737	10	Ġshe	2.111749
737	11	Ġknew	6.35332
737	12	Ġthe	2.965839
737	13	Ġmillionaire	16.06303
737	14	Ġdivorced	15.178977
737	15	Ġlast	10.897313
737	16	Ġweek	2.443163
737	17	.	1.834744
737	18	<|endoftext|>	6.549949
738	1	<|endoftext|>	0.0
738	2	We	7.155761
738	3	Ġrecalled	16.652963
738	4	Ġthat	3.559449
738	5	Ġthe	3.282928
738	6	Ġwoman	11.624759
738	7	Ġsaid	6.38467
738	8	Ġshe	1.509259
738	9	Ġthought	6.407835
738	10	Ġshe	2.111749
738	11	Ġknew	6.35332
738	12	Ġthe	2.965839
738	13	Ġmillionaire	16.06303
738	14	Ġdivorced	15.178977
738	15	Ġhis	2.807998
738	16	Ġwife	1.06731
738	17	Ġlast	8.63157
738	18	Ġweek	2.815592
738	19	.	1.506763
738	20	<|endoftext|>	6.632064
739	1	<|endoftext|>	0.0
739	2	We	7.155761
739	3	Ġrecalled	16.652963
739	4	Ġwho	12.58851
739	5	Ġthe	5.097209
739	6	Ġwoman	7.980943
739	7	Ġsaid	7.012911
739	8	Ġshe	1.303934
739	9	Ġthought	8.721813
739	10	Ġshe	3.409256
739	11	Ġknew	7.148951
739	12	Ġthe	7.52893
739	13	Ġmillionaire	15.798579
739	14	Ġdivorced	15.151352
739	15	Ġlast	8.940782
739	16	Ġweek	2.152877
739	17	.	1.006306
739	18	<|endoftext|>	6.745995
740	1	<|endoftext|>	0.0
740	2	We	7.155761
740	3	Ġrecalled	16.652963
740	4	Ġwho	12.58851
740	5	Ġthe	5.097209
740	6	Ġwoman	7.980943
740	7	Ġsaid	7.012911
740	8	Ġshe	1.303934
740	9	Ġthought	8.721813
740	10	Ġshe	3.409256
740	11	Ġknew	7.148951
740	12	Ġthe	7.52893
740	13	Ġmillionaire	15.798579
740	14	Ġdivorced	15.151352
740	15	Ġhis	4.415354
740	16	Ġwife	1.411355
740	17	Ġlast	8.390603
740	18	Ġweek	2.627348
740	19	.	0.885075
740	20	<|endoftext|>	7.069573
741	1	<|endoftext|>	0.0
741	2	He	8.582737
741	3	Ġrecalled	12.020836
741	4	Ġthat	3.014946
741	5	Ġthe	3.611212
741	6	Ġpolice	7.328737
741	7	Ġfrightened	17.001747
741	8	Ġover	12.221574
741	9	Ġthe	2.300477
741	10	Ġweekend	7.161838
741	11	.	4.335343
741	12	<|endoftext|>	7.202957
742	1	<|endoftext|>	0.0
742	2	He	8.582737
742	3	Ġrecalled	12.020836
742	4	Ġthat	3.014931
742	5	Ġthe	3.611212
742	6	Ġpolice	7.328748
742	7	Ġfrightened	17.001755
742	8	Ġthe	4.637959
742	9	Ġprotesters	7.70616
742	10	Ġover	8.350831
742	11	Ġthe	1.495496
742	12	Ġweekend	4.569067
742	13	.	2.916027
742	14	<|endoftext|>	6.763446
743	1	<|endoftext|>	0.0
743	2	He	8.582737
743	3	Ġrecalled	12.020836
743	4	Ġwho	10.082294
743	5	Ġthe	5.311934
743	6	Ġpolice	8.497258
743	7	Ġfrightened	18.399664
743	8	Ġover	7.74304
743	9	Ġthe	1.748749
743	10	Ġweekend	5.290577
743	11	.	2.592244
743	12	<|endoftext|>	7.410949
744	1	<|endoftext|>	0.0
744	2	He	8.582737
744	3	Ġrecalled	12.020836
744	4	Ġwho	10.082279
744	5	Ġthe	5.311934
744	6	Ġpolice	8.49729
744	7	Ġfrightened	18.399681
744	8	Ġthe	4.996986
744	9	Ġprotesters	9.987124
744	10	Ġover	7.84834
744	11	Ġthe	2.178769
744	12	Ġweekend	2.405048
744	13	.	2.189472
744	14	<|endoftext|>	6.779897
745	1	<|endoftext|>	0.0
745	2	He	8.582737
745	3	Ġrecalled	12.020836
745	4	Ġthat	3.014946
745	5	Ġthe	3.611212
745	6	Ġinspector	14.003061
745	7	Ġbelieved	14.598736
745	8	Ġthe	2.542327
745	9	Ġpolice	7.426468
745	10	Ġfrightened	19.205543
745	11	Ġover	11.144703
745	12	Ġthe	2.00512
745	13	Ġweekend	9.092936
745	14	.	3.062885
745	15	<|endoftext|>	5.959084
746	1	<|endoftext|>	0.0
746	2	He	8.582732
746	3	Ġrecalled	12.02077
746	4	Ġthat	3.014941
746	5	Ġthe	3.611141
746	6	Ġinspector	14.003042
746	7	Ġbelieved	14.598783
746	8	Ġthe	2.542284
746	9	Ġpolice	7.426467
746	10	Ġfrightened	19.20557
746	11	Ġthe	3.100809
746	12	Ġprotesters	9.093153
746	13	Ġover	8.725158
746	14	Ġthe	1.564658
746	15	Ġweekend	5.75025
746	16	.	1.841483
746	17	<|endoftext|>	5.874006
747	1	<|endoftext|>	0.0
747	2	He	8.582737
747	3	Ġrecalled	12.020836
747	4	Ġwho	10.082294
747	5	Ġthe	5.311934
747	6	Ġinspector	13.819761
747	7	Ġbelieved	10.47915
747	8	Ġthe	6.09903
747	9	Ġpolice	6.733913
747	10	Ġfrightened	20.042624
747	11	Ġover	7.703428
747	12	Ġthe	2.255891
747	13	Ġweekend	6.983699
747	14	.	1.622682
747	15	<|endoftext|>	6.297668
748	1	<|endoftext|>	0.0
748	2	He	8.582732
748	3	Ġrecalled	12.02077
748	4	Ġwho	10.082223
748	5	Ġthe	5.311934
748	6	Ġinspector	13.819747
748	7	Ġbelieved	10.479207
748	8	Ġthe	6.099039
748	9	Ġpolice	6.733906
748	10	Ġfrightened	20.042627
748	11	Ġthe	4.76431
748	12	Ġprotesters	10.515318
748	13	Ġover	8.056441
748	14	Ġthe	1.956129
748	15	Ġweekend	3.382621
748	16	.	1.323888
748	17	<|endoftext|>	6.025962
749	1	<|endoftext|>	0.0
749	2	He	8.582732
749	3	Ġrecalled	12.02077
749	4	Ġthat	3.014941
749	5	Ġthe	3.611141
749	6	Ġinspector	14.003042
749	7	Ġbelieved	14.598783
749	8	Ġthe	2.542284
749	9	Ġdetective	11.775916
749	10	Ġconcluded	13.618123
749	11	Ġthe	3.150267
749	12	Ġpolice	6.589602
749	13	Ġfrightened	19.403429
749	14	Ġover	11.46603
749	15	Ġthe	2.20406
749	16	Ġweekend	10.165039
749	17	.	2.83443
749	18	<|endoftext|>	5.602341
750	1	<|endoftext|>	0.0
750	2	He	8.582732
750	3	Ġrecalled	12.02077
750	4	Ġthat	3.014941
750	5	Ġthe	3.611141
750	6	Ġinspector	14.003042
750	7	Ġbelieved	14.598783
750	8	Ġthe	2.542284
750	9	Ġdetective	11.775916
750	10	Ġconcluded	13.618123
750	11	Ġthe	3.150267
750	12	Ġpolice	6.589602
750	13	Ġfrightened	19.403429
750	14	Ġthe	2.695398
750	15	Ġprotesters	12.745279
750	16	Ġover	8.751048
750	17	Ġthe	1.72926
750	18	Ġweekend	6.265229
750	19	.	1.458973
750	20	<|endoftext|>	5.491692
751	1	<|endoftext|>	0.0
751	2	He	8.582732
751	3	Ġrecalled	12.02077
751	4	Ġwho	10.082223
751	5	Ġthe	5.311934
751	6	Ġinspector	13.819747
751	7	Ġbelieved	10.479207
751	8	Ġthe	6.099039
751	9	Ġdetective	10.099527
751	10	Ġconcluded	15.859917
751	11	Ġthe	4.747936
751	12	Ġpolice	6.456923
751	13	Ġfrightened	20.211614
751	14	Ġover	9.749011
751	15	Ġthe	2.520373
751	16	Ġweekend	9.399484
751	17	.	1.777132
751	18	<|endoftext|>	5.731922
752	1	<|endoftext|>	0.0
752	2	He	8.582732
752	3	Ġrecalled	12.02077
752	4	Ġwho	10.082223
752	5	Ġthe	5.311934
752	6	Ġinspector	13.819747
752	7	Ġbelieved	10.479207
752	8	Ġthe	6.099039
752	9	Ġdetective	10.099527
752	10	Ġconcluded	15.859917
752	11	Ġthe	4.747936
752	12	Ġpolice	6.456923
752	13	Ġfrightened	20.211614
752	14	Ġthe	3.243565
752	15	Ġprotesters	13.106349
752	16	Ġover	8.363851
752	17	Ġthe	1.929197
752	18	Ġweekend	5.301941
752	19	.	1.004867
752	20	<|endoftext|>	5.587308
753	1	<|endoftext|>	0.0
753	2	He	8.582732
753	3	Ġrecalled	12.02077
753	4	Ġthat	3.014941
753	5	Ġthe	3.611141
753	6	Ġinspector	14.003042
753	7	Ġbelieved	14.598783
753	8	Ġthe	2.542284
753	9	Ġdetective	11.775916
753	10	Ġconcluded	13.618123
753	11	Ġhe	3.975596
753	12	Ġknew	6.38036
753	13	Ġthe	2.832373
753	14	Ġpolice	7.442079
753	15	Ġfrightened	20.176399
753	16	Ġover	10.918203
753	17	Ġthe	1.884609
753	18	Ġweekend	8.37822
753	19	.	2.202789
753	20	<|endoftext|>	5.426496
754	1	<|endoftext|>	0.0
754	2	He	8.582732
754	3	Ġrecalled	12.02077
754	4	Ġthat	3.014941
754	5	Ġthe	3.611141
754	6	Ġinspector	14.003042
754	7	Ġbelieved	14.598783
754	8	Ġthe	2.542284
754	9	Ġdetective	11.775916
754	10	Ġconcluded	13.618123
754	11	Ġhe	3.975596
754	12	Ġknew	6.38036
754	13	Ġthe	2.832373
754	14	Ġpolice	7.442079
754	15	Ġfrightened	20.176399
754	16	Ġthe	3.236946
754	17	Ġprotesters	12.508326
754	18	Ġover	9.086489
754	19	Ġthe	1.522072
754	20	Ġweekend	4.895403
754	21	.	1.1871
754	22	<|endoftext|>	5.307106
755	1	<|endoftext|>	0.0
755	2	He	8.582732
755	3	Ġrecalled	12.02077
755	4	Ġwho	10.082223
755	5	Ġthe	5.311934
755	6	Ġinspector	13.819747
755	7	Ġbelieved	10.479207
755	8	Ġthe	6.099039
755	9	Ġdetective	10.099527
755	10	Ġconcluded	15.859917
755	11	Ġhe	5.101753
755	12	Ġknew	5.529842
755	13	Ġthe	4.460835
755	14	Ġpolice	7.519452
755	15	Ġfrightened	20.6272
755	16	Ġover	10.045991
755	17	Ġthe	2.198199
755	18	Ġweekend	7.851763
755	19	.	1.40096
755	20	<|endoftext|>	5.55862
756	1	<|endoftext|>	0.0
756	2	He	8.582732
756	3	Ġrecalled	12.02077
756	4	Ġwho	10.082223
756	5	Ġthe	5.311934
756	6	Ġinspector	13.819747
756	7	Ġbelieved	10.479207
756	8	Ġthe	6.099039
756	9	Ġdetective	10.099527
756	10	Ġconcluded	15.859917
756	11	Ġhe	5.101753
756	12	Ġknew	5.529842
756	13	Ġthe	4.460835
756	14	Ġpolice	7.519452
756	15	Ġfrightened	20.6272
756	16	Ġthe	4.159473
756	17	Ġprotesters	13.315365
756	18	Ġover	8.939149
756	19	Ġthe	1.762478
756	20	Ġweekend	4.302675
756	21	.	0.858447
756	22	<|endoftext|>	5.444553
757	1	<|endoftext|>	0.0
757	2	He	8.582732
757	3	Ġrecalled	12.02077
757	4	Ġthat	3.014941
757	5	Ġthe	3.611141
757	6	Ġinspector	14.003042
757	7	Ġbelieved	14.598783
757	8	Ġthe	2.542284
757	9	Ġdetective	11.775916
757	10	Ġconcluded	13.618123
757	11	Ġhe	3.975596
757	12	Ġknew	6.38036
757	13	Ġthe	2.832373
757	14	Ġpolice	7.442079
757	15	Ġfrightened	20.176399
757	16	Ġover	10.918203
757	17	Ġthe	1.884609
757	18	Ġweekend	8.37822
757	19	.	2.202789
757	20	<|endoftext|>	5.426496
758	1	<|endoftext|>	0.0
758	2	He	8.582732
758	3	Ġrecalled	12.02077
758	4	Ġthat	3.014941
758	5	Ġthe	3.611141
758	6	Ġinspector	14.003042
758	7	Ġbelieved	14.598783
758	8	Ġthe	2.542284
758	9	Ġdetective	11.775916
758	10	Ġconcluded	13.618123
758	11	Ġhe	3.975596
758	12	Ġknew	6.38036
758	13	Ġthe	2.832373
758	14	Ġpolice	7.442079
758	15	Ġfrightened	20.176399
758	16	Ġthe	3.236946
758	17	Ġprotesters	12.508326
758	18	Ġover	9.086489
758	19	Ġthe	1.522072
758	20	Ġweekend	4.895403
758	21	.	1.1871
758	22	<|endoftext|>	5.307106
759	1	<|endoftext|>	0.0
759	2	He	8.582732
759	3	Ġrecalled	12.02077
759	4	Ġwho	10.082223
759	5	Ġthe	5.311934
759	6	Ġinspector	13.819747
759	7	Ġbelieved	10.479207
759	8	Ġthe	6.099039
759	9	Ġdetective	10.099527
759	10	Ġconcluded	15.859917
759	11	Ġhe	5.101753
759	12	Ġknew	5.529842
759	13	Ġthe	4.460835
759	14	Ġpolice	7.519452
759	15	Ġfrightened	20.6272
759	16	Ġover	10.045991
759	17	Ġthe	2.198199
759	18	Ġweekend	7.851763
759	19	.	1.40096
759	20	<|endoftext|>	5.55862
760	1	<|endoftext|>	0.0
760	2	He	8.582732
760	3	Ġrecalled	12.02077
760	4	Ġwho	10.082223
760	5	Ġthe	5.311934
760	6	Ġinspector	13.819747
760	7	Ġbelieved	10.479207
760	8	Ġthe	6.099039
760	9	Ġdetective	10.099527
760	10	Ġconcluded	15.859917
760	11	Ġhe	5.101753
760	12	Ġknew	5.529842
760	13	Ġthe	4.460835
760	14	Ġpolice	7.519452
760	15	Ġfrightened	20.6272
760	16	Ġthe	4.159473
760	17	Ġprotesters	13.315365
760	18	Ġover	8.939149
760	19	Ġthe	1.762478
760	20	Ġweekend	4.302675
760	21	.	0.858447
760	22	<|endoftext|>	5.444553
761	1	<|endoftext|>	0.0
761	2	I	5.770367
761	3	Ġknow	5.545733
761	4	Ġthat	2.74974
761	5	Ġthe	4.424285
761	6	Ġspy	15.153309
761	7	Ġassassinated	21.201696
761	8	Ġyesterday	11.24001
761	9	Ġnight	7.20064
761	10	.	3.715543
761	11	<|endoftext|>	8.988296
762	1	<|endoftext|>	0.0
762	2	I	5.770367
762	3	Ġknow	5.545733
762	4	Ġthat	2.74974
762	5	Ġthe	4.424285
762	6	Ġspy	15.153331
762	7	Ġassassinated	21.201696
762	8	Ġthe	3.99927
762	9	Ġpolitician	10.37923
762	10	Ġyesterday	10.520059
762	11	Ġnight	7.269595
762	12	.	1.733868
762	13	<|endoftext|>	9.170156
763	1	<|endoftext|>	0.0
763	2	I	5.770367
763	3	Ġknow	5.545733
763	4	Ġwho	8.366545
763	5	Ġthe	5.844098
763	6	Ġspy	14.1819
763	7	Ġassassinated	18.274876
763	8	Ġyesterday	8.867347
763	9	Ġnight	7.528149
763	10	.	1.276508
763	11	<|endoftext|>	7.70893
764	1	<|endoftext|>	0.0
764	2	I	5.770367
764	3	Ġknow	5.545733
764	4	Ġwho	8.366545
764	5	Ġthe	5.844098
764	6	Ġspy	14.181879
764	7	Ġassassinated	18.274876
764	8	Ġthe	8.358544
764	9	Ġpolitician	10.874627
764	10	Ġyesterday	11.073176
764	11	Ġnight	7.655138
764	12	.	1.143504
764	13	<|endoftext|>	7.834481
765	1	<|endoftext|>	0.0
765	2	I	5.770367
765	3	Ġknow	5.545733
765	4	Ġthat	2.74974
765	5	Ġthe	4.424285
765	6	Ġagent	15.06095
765	7	Ġthought	10.631945
765	8	Ġthe	4.529708
765	9	Ġspy	11.482358
765	10	Ġassassinated	18.832696
765	11	Ġyesterday	13.894723
765	12	Ġnight	6.740044
765	13	.	2.199826
765	14	<|endoftext|>	9.121791
766	1	<|endoftext|>	0.0
766	2	I	5.770362
766	3	Ġknow	5.545699
766	4	Ġthat	2.74972
766	5	Ġthe	4.424218
766	6	Ġagent	15.060961
766	7	Ġthought	10.631951
766	8	Ġthe	4.529767
766	9	Ġspy	11.482338
766	10	Ġassassinated	18.832663
766	11	Ġthe	3.452689
766	12	Ġpolitician	9.913597
766	13	Ġyesterday	11.285863
766	14	Ġnight	7.360713
766	15	.	1.588503
766	16	<|endoftext|>	9.07351
767	1	<|endoftext|>	0.0
767	2	I	5.770367
767	3	Ġknow	5.545733
767	4	Ġwho	8.366545
767	5	Ġthe	5.844098
767	6	Ġagent	12.479596
767	7	Ġthought	10.554254
767	8	Ġthe	5.629532
767	9	Ġspy	10.74629
767	10	Ġassassinated	18.020656
767	11	Ġyesterday	11.217739
767	12	Ġnight	6.620502
767	13	.	1.090019
767	14	<|endoftext|>	7.780896
768	1	<|endoftext|>	0.0
768	2	I	5.770362
768	3	Ġknow	5.545699
768	4	Ġwho	8.36647
768	5	Ġthe	5.844158
768	6	Ġagent	12.47972
768	7	Ġthought	10.554242
768	8	Ġthe	5.629534
768	9	Ġspy	10.746341
768	10	Ġassassinated	18.020657
768	11	Ġthe	5.91616
768	12	Ġpolitician	10.289626
768	13	Ġyesterday	11.1154
768	14	Ġnight	7.144551
768	15	.	1.009617
768	16	<|endoftext|>	7.723049
769	1	<|endoftext|>	0.0
769	2	I	5.770357
769	3	Ġknow	5.545684
769	4	Ġthat	2.749692
769	5	Ġthe	4.424222
769	6	Ġagent	15.060953
769	7	Ġthought	10.631941
769	8	Ġthe	4.529788
769	9	Ġwitness	13.930698
769	10	Ġsaid	8.143248
769	11	Ġthe	3.663145
769	12	Ġspy	13.714857
769	13	Ġassassinated	17.16872
769	14	Ġyesterday	14.463361
769	15	Ġnight	6.304612
769	16	.	1.801355
769	17	<|endoftext|>	9.407686
770	1	<|endoftext|>	0.0
770	2	I	5.770357
770	3	Ġknow	5.545684
770	4	Ġthat	2.749692
770	5	Ġthe	4.424222
770	6	Ġagent	15.060953
770	7	Ġthought	10.631941
770	8	Ġthe	4.529788
770	9	Ġwitness	13.930698
770	10	Ġsaid	8.143248
770	11	Ġthe	3.663145
770	12	Ġspy	13.714857
770	13	Ġassassinated	17.16872
770	14	Ġthe	3.041874
770	15	Ġpolitician	10.107277
770	16	Ġyesterday	11.71178
770	17	Ġnight	6.836256
770	18	.	1.436896
770	19	<|endoftext|>	9.18584
771	1	<|endoftext|>	0.0
771	2	I	5.770357
771	3	Ġknow	5.545684
771	4	Ġwho	8.366485
771	5	Ġthe	5.844156
771	6	Ġagent	12.479731
771	7	Ġthought	10.554214
771	8	Ġthe	5.629528
771	9	Ġwitness	13.974082
771	10	Ġsaid	7.382494
771	11	Ġthe	5.382993
771	12	Ġspy	14.319994
771	13	Ġassassinated	16.899907
771	14	Ġyesterday	12.50724
771	15	Ġnight	6.210355
771	16	.	1.099686
771	17	<|endoftext|>	7.926234
772	1	<|endoftext|>	0.0
772	2	I	5.770357
772	3	Ġknow	5.545684
772	4	Ġwho	8.366485
772	5	Ġthe	5.844156
772	6	Ġagent	12.479731
772	7	Ġthought	10.554214
772	8	Ġthe	5.629528
772	9	Ġwitness	13.974082
772	10	Ġsaid	7.382494
772	11	Ġthe	5.382993
772	12	Ġspy	14.319994
772	13	Ġassassinated	16.899907
772	14	Ġthe	4.542743
772	15	Ġpolitician	10.119161
772	16	Ġyesterday	11.683684
772	17	Ġnight	6.572517
772	18	.	0.991004
772	19	<|endoftext|>	7.755659
773	1	<|endoftext|>	0.0
773	2	I	5.770357
773	3	Ġknow	5.545684
773	4	Ġthat	2.749692
773	5	Ġthe	4.424222
773	6	Ġagent	15.060953
773	7	Ġthought	10.631941
773	8	Ġthe	4.529788
773	9	Ġwitness	13.930698
773	10	Ġsaid	8.143248
773	11	Ġhe	2.903615
773	12	Ġknew	5.547954
773	13	Ġthe	2.961961
773	14	Ġspy	13.208793
773	15	Ġassassinated	16.215988
773	16	Ġyesterday	13.456729
773	17	Ġnight	6.430787
773	18	.	1.751665
773	19	<|endoftext|>	9.397298
774	1	<|endoftext|>	0.0
774	2	I	5.770357
774	3	Ġknow	5.545684
774	4	Ġthat	2.749692
774	5	Ġthe	4.424222
774	6	Ġagent	15.060953
774	7	Ġthought	10.631941
774	8	Ġthe	4.529788
774	9	Ġwitness	13.930698
774	10	Ġsaid	8.143248
774	11	Ġhe	2.903615
774	12	Ġknew	5.547954
774	13	Ġthe	2.961961
774	14	Ġspy	13.208793
774	15	Ġassassinated	16.215988
774	16	Ġthe	3.445731
774	17	Ġpolitician	9.926822
774	18	Ġyesterday	12.442015
774	19	Ġnight	7.010394
774	20	.	1.513195
774	21	<|endoftext|>	9.061498
775	1	<|endoftext|>	0.0
775	2	I	5.770357
775	3	Ġknow	5.545684
775	4	Ġwho	8.366485
775	5	Ġthe	5.844156
775	6	Ġagent	12.479731
775	7	Ġthought	10.554214
775	8	Ġthe	5.629528
775	9	Ġwitness	13.974082
775	10	Ġsaid	7.382494
775	11	Ġhe	2.725127
775	12	Ġknew	5.948332
775	13	Ġthe	5.282003
775	14	Ġspy	13.310326
775	15	Ġassassinated	16.275353
775	16	Ġyesterday	12.388618
775	17	Ġnight	6.446393
775	18	.	1.019907
775	19	<|endoftext|>	7.975561
776	1	<|endoftext|>	0.0
776	2	I	5.770357
776	3	Ġknow	5.545684
776	4	Ġwho	8.366485
776	5	Ġthe	5.844156
776	6	Ġagent	12.479731
776	7	Ġthought	10.554214
776	8	Ġthe	5.629528
776	9	Ġwitness	13.974082
776	10	Ġsaid	7.382494
776	11	Ġhe	2.725127
776	12	Ġknew	5.948332
776	13	Ġthe	5.282003
776	14	Ġspy	13.310326
776	15	Ġassassinated	16.275353
776	16	Ġthe	4.94074
776	17	Ġpolitician	9.95426
776	18	Ġyesterday	12.215709
776	19	Ġnight	6.738777
776	20	.	0.978213
776	21	<|endoftext|>	7.694339
777	1	<|endoftext|>	0.0
777	2	I	5.770357
777	3	Ġknow	5.545684
777	4	Ġthat	2.749692
777	5	Ġthe	4.424222
777	6	Ġagent	15.060953
777	7	Ġthought	10.631941
777	8	Ġthe	4.529788
777	9	Ġwitness	13.930698
777	10	Ġsaid	8.143248
777	11	Ġhe	2.903615
777	12	Ġknew	5.547954
777	13	Ġthe	2.961961
777	14	Ġspy	13.208793
777	15	Ġassassinated	16.215988
777	16	Ġyesterday	13.456729
777	17	Ġnight	6.430787
777	18	.	1.751665
777	19	<|endoftext|>	9.397298
778	1	<|endoftext|>	0.0
778	2	I	5.770357
778	3	Ġknow	5.545684
778	4	Ġthat	2.749692
778	5	Ġthe	4.424222
778	6	Ġagent	15.060953
778	7	Ġthought	10.631941
778	8	Ġthe	4.529788
778	9	Ġwitness	13.930698
778	10	Ġsaid	8.143248
778	11	Ġhe	2.903615
778	12	Ġknew	5.547954
778	13	Ġthe	2.961961
778	14	Ġspy	13.208793
778	15	Ġassassinated	16.215988
778	16	Ġthe	3.445731
778	17	Ġpolitician	9.926822
778	18	Ġyesterday	12.442015
778	19	Ġnight	7.010394
778	20	.	1.513195
778	21	<|endoftext|>	9.061498
779	1	<|endoftext|>	0.0
779	2	I	5.770357
779	3	Ġknow	5.545684
779	4	Ġwho	8.366485
779	5	Ġthe	5.844156
779	6	Ġagent	12.479731
779	7	Ġthought	10.554214
779	8	Ġthe	5.629528
779	9	Ġwitness	13.974082
779	10	Ġsaid	7.382494
779	11	Ġhe	2.725127
779	12	Ġknew	5.948332
779	13	Ġthe	5.282003
779	14	Ġspy	13.310326
779	15	Ġassassinated	16.275353
779	16	Ġyesterday	12.388618
779	17	Ġnight	6.446393
779	18	.	1.019907
779	19	<|endoftext|>	7.975561
780	1	<|endoftext|>	0.0
780	2	I	5.770357
780	3	Ġknow	5.545684
780	4	Ġwho	8.366485
780	5	Ġthe	5.844156
780	6	Ġagent	12.479731
780	7	Ġthought	10.554214
780	8	Ġthe	5.629528
780	9	Ġwitness	13.974082
780	10	Ġsaid	7.382494
780	11	Ġhe	2.725127
780	12	Ġknew	5.948332
780	13	Ġthe	5.282003
780	14	Ġspy	13.310326
780	15	Ġassassinated	16.275353
780	16	Ġthe	4.94074
780	17	Ġpolitician	9.95426
780	18	Ġyesterday	12.215709
780	19	Ġnight	6.738777
780	20	.	0.978213
780	21	<|endoftext|>	7.694339
781	1	<|endoftext|>	0.0
781	2	You	7.682203
781	3	Ġknow	4.524784
781	4	Ġthat	3.787013
781	5	Ġthe	7.61201
781	6	Ġfirefighter	15.975027
781	7	Ġgreeted	18.416645
781	8	Ġon	9.165809
781	9	Ġthe	1.630794
781	10	Ġsidewalk	6.642464
781	11	.	6.223563
781	12	<|endoftext|>	10.159963
782	1	<|endoftext|>	0.0
782	2	You	7.682203
782	3	Ġknow	4.524784
782	4	Ġthat	3.787021
782	5	Ġthe	7.61201
782	6	Ġfirefighter	15.975016
782	7	Ġgreeted	18.416636
782	8	Ġthe	3.125778
782	9	Ġteacher	10.31173
782	10	Ġon	5.638574
782	11	Ġthe	0.779844
782	12	Ġsidewalk	6.175692
782	13	.	4.215695
782	14	<|endoftext|>	10.522525
783	1	<|endoftext|>	0.0
783	2	You	7.682203
783	3	Ġknow	4.524784
783	4	Ġwho	5.052563
783	5	Ġthe	6.464221
783	6	Ġfirefighter	17.491465
783	7	Ġgreeted	18.296761
783	8	Ġon	5.146986
783	9	Ġthe	1.681574
783	10	Ġsidewalk	7.450769
783	11	.	6.212545
783	12	<|endoftext|>	8.759247
784	1	<|endoftext|>	0.0
784	2	You	7.682203
784	3	Ġknow	4.524784
784	4	Ġwho	5.05256
784	5	Ġthe	6.464221
784	6	Ġfirefighter	17.491465
784	7	Ġgreeted	18.296766
784	8	Ġthe	3.779094
784	9	Ġteacher	11.963745
784	10	Ġon	5.90561
784	11	Ġthe	1.336342
784	12	Ġsidewalk	7.102273
784	13	.	5.217517
784	14	<|endoftext|>	9.28343
785	1	<|endoftext|>	0.0
785	2	You	7.682203
785	3	Ġknow	4.524784
785	4	Ġthat	3.787013
785	5	Ġthe	7.61201
785	6	Ġwoman	10.626944
785	7	Ġreported	13.719031
785	8	Ġthe	3.427507
785	9	Ġfirefighter	14.754528
785	10	Ġgreeted	21.059393
785	11	Ġon	8.312316
785	12	Ġthe	1.219626
785	13	Ġsidewalk	5.173851
785	14	.	5.347513
785	15	<|endoftext|>	10.477156
786	1	<|endoftext|>	0.0
786	2	You	7.68222
786	3	Ġknow	4.524771
786	4	Ġthat	3.786982
786	5	Ġthe	7.611992
786	6	Ġwoman	10.626929
786	7	Ġreported	13.719012
786	8	Ġthe	3.427479
786	9	Ġfirefighter	14.754526
786	10	Ġgreeted	21.059354
786	11	Ġthe	3.878382
786	12	Ġteacher	11.49176
786	13	Ġon	5.325228
786	14	Ġthe	0.761207
786	15	Ġsidewalk	5.031305
786	16	.	3.978585
786	17	<|endoftext|>	10.394566
787	1	<|endoftext|>	0.0
787	2	You	7.682203
787	3	Ġknow	4.524784
787	4	Ġwho	5.052563
787	5	Ġthe	6.464221
787	6	Ġwoman	9.545085
787	7	Ġreported	13.568662
787	8	Ġthe	3.10856
787	9	Ġfirefighter	15.506499
787	10	Ġgreeted	20.841819
787	11	Ġon	5.240889
787	12	Ġthe	1.369328
787	13	Ġsidewalk	5.277053
787	14	.	5.245291
787	15	<|endoftext|>	8.370209
788	1	<|endoftext|>	0.0
788	2	You	7.68222
788	3	Ġknow	4.524771
788	4	Ġwho	5.052576
788	5	Ġthe	6.464205
788	6	Ġwoman	9.5451
788	7	Ġreported	13.568663
788	8	Ġthe	3.10847
788	9	Ġfirefighter	15.50649
788	10	Ġgreeted	20.841887
788	11	Ġthe	3.712786
788	12	Ġteacher	11.47422
788	13	Ġon	5.245019
788	14	Ġthe	0.976834
788	15	Ġsidewalk	5.451873
788	16	.	4.409357
788	17	<|endoftext|>	8.517524
789	1	<|endoftext|>	0.0
789	2	You	7.68222
789	3	Ġknow	4.524771
789	4	Ġthat	3.786982
789	5	Ġthe	7.611992
789	6	Ġwoman	10.626929
789	7	Ġreported	13.719012
789	8	Ġthe	3.427479
789	9	Ġneighbors	14.344344
789	10	Ġbelieved	14.206591
789	11	Ġthe	3.019647
789	12	Ġfirefighter	12.584546
789	13	Ġgreeted	21.058312
789	14	Ġon	10.430086
789	15	Ġthe	1.240056
789	16	Ġsidewalk	4.814022
789	17	.	4.018385
789	18	<|endoftext|>	10.486781
790	1	<|endoftext|>	0.0
790	2	You	7.68222
790	3	Ġknow	4.524771
790	4	Ġthat	3.786982
790	5	Ġthe	7.611992
790	6	Ġwoman	10.626929
790	7	Ġreported	13.719012
790	8	Ġthe	3.427479
790	9	Ġneighbors	14.344344
790	10	Ġbelieved	14.206591
790	11	Ġthe	3.019647
790	12	Ġfirefighter	12.584546
790	13	Ġgreeted	21.058312
790	14	Ġthe	3.526598
790	15	Ġteacher	12.443491
790	16	Ġon	5.251359
790	17	Ġthe	0.917923
790	18	Ġsidewalk	4.680686
790	19	.	3.506144
790	20	<|endoftext|>	10.325725
791	1	<|endoftext|>	0.0
791	2	You	7.68222
791	3	Ġknow	4.524771
791	4	Ġwho	5.052576
791	5	Ġthe	6.464205
791	6	Ġwoman	9.5451
791	7	Ġreported	13.568663
791	8	Ġthe	3.10847
791	9	Ġneighbors	14.705562
791	10	Ġbelieved	13.288497
791	11	Ġthe	6.064061
791	12	Ġfirefighter	12.61364
791	13	Ġgreeted	20.273626
791	14	Ġon	6.617341
791	15	Ġthe	1.142278
791	16	Ġsidewalk	4.709477
791	17	.	4.482682
791	18	<|endoftext|>	8.264118
792	1	<|endoftext|>	0.0
792	2	You	7.68222
792	3	Ġknow	4.524771
792	4	Ġwho	5.052576
792	5	Ġthe	6.464205
792	6	Ġwoman	9.5451
792	7	Ġreported	13.568663
792	8	Ġthe	3.10847
792	9	Ġneighbors	14.705562
792	10	Ġbelieved	13.288497
792	11	Ġthe	6.064061
792	12	Ġfirefighter	12.61364
792	13	Ġgreeted	20.273626
792	14	Ġthe	3.745456
792	15	Ġteacher	12.108722
792	16	Ġon	5.245829
792	17	Ġthe	0.943593
792	18	Ġsidewalk	4.687289
792	19	.	4.01336
792	20	<|endoftext|>	8.384579
793	1	<|endoftext|>	0.0
793	2	You	7.68222
793	3	Ġknow	4.524771
793	4	Ġthat	3.786982
793	5	Ġthe	7.611992
793	6	Ġwoman	10.626929
793	7	Ġreported	13.719012
793	8	Ġthe	3.427479
793	9	Ġneighbors	14.344344
793	10	Ġbelieved	14.206591
793	11	Ġthey	3.777295
793	12	Ġknew	6.021991
793	13	Ġthe	2.825706
793	14	Ġfirefighter	14.194038
793	15	Ġgreeted	21.217428
793	16	Ġon	8.457111
793	17	Ġthe	1.253611
793	18	Ġsidewalk	4.941179
793	19	.	3.316685
793	20	<|endoftext|>	10.352989
794	1	<|endoftext|>	0.0
794	2	You	7.68222
794	3	Ġknow	4.524771
794	4	Ġthat	3.786982
794	5	Ġthe	7.611992
794	6	Ġwoman	10.626929
794	7	Ġreported	13.719012
794	8	Ġthe	3.427479
794	9	Ġneighbors	14.344344
794	10	Ġbelieved	14.206591
794	11	Ġthey	3.777295
794	12	Ġknew	6.021991
794	13	Ġthe	2.825706
794	14	Ġfirefighter	14.194038
794	15	Ġgreeted	21.217428
794	16	Ġthe	3.265282
794	17	Ġteacher	11.879011
794	18	Ġon	5.035567
794	19	Ġthe	0.983458
794	20	Ġsidewalk	4.917946
794	21	.	2.986485
794	22	<|endoftext|>	10.172976
795	1	<|endoftext|>	0.0
795	2	You	7.68222
795	3	Ġknow	4.524771
795	4	Ġwho	5.052576
795	5	Ġthe	6.464205
795	6	Ġwoman	9.5451
795	7	Ġreported	13.568663
795	8	Ġthe	3.10847
795	9	Ġneighbors	14.705562
795	10	Ġbelieved	13.288497
795	11	Ġthey	5.533915
795	12	Ġknew	4.882861
795	13	Ġthe	4.842939
795	14	Ġfirefighter	14.416285
795	15	Ġgreeted	19.967505
795	16	Ġon	5.505622
795	17	Ġthe	1.276544
795	18	Ġsidewalk	4.940734
795	19	.	4.224646
795	20	<|endoftext|>	8.187859
796	1	<|endoftext|>	0.0
796	2	You	7.68222
796	3	Ġknow	4.524771
796	4	Ġwho	5.052576
796	5	Ġthe	6.464205
796	6	Ġwoman	9.5451
796	7	Ġreported	13.568663
796	8	Ġthe	3.10847
796	9	Ġneighbors	14.705562
796	10	Ġbelieved	13.288497
796	11	Ġthey	5.533915
796	12	Ġknew	4.882861
796	13	Ġthe	4.842939
796	14	Ġfirefighter	14.416285
796	15	Ġgreeted	19.967505
796	16	Ġthe	3.703409
796	17	Ġteacher	11.661988
796	18	Ġon	5.027311
796	19	Ġthe	1.027469
796	20	Ġsidewalk	5.007735
796	21	.	3.613848
796	22	<|endoftext|>	8.274458
797	1	<|endoftext|>	0.0
797	2	You	7.68222
797	3	Ġknow	4.524771
797	4	Ġthat	3.786982
797	5	Ġthe	7.611992
797	6	Ġwoman	10.626929
797	7	Ġreported	13.719012
797	8	Ġthe	3.427479
797	9	Ġneighbors	14.344344
797	10	Ġbelieved	14.206591
797	11	Ġthey	3.777295
797	12	Ġknew	6.021991
797	13	Ġthe	2.825706
797	14	Ġfirefighter	14.194038
797	15	Ġgreeted	21.217428
797	16	Ġon	8.457111
797	17	Ġthe	1.253611
797	18	Ġsidewalk	4.941179
797	19	.	3.316685
797	20	<|endoftext|>	10.352989
798	1	<|endoftext|>	0.0
798	2	You	7.68222
798	3	Ġknow	4.524771
798	4	Ġthat	3.786982
798	5	Ġthe	7.611992
798	6	Ġwoman	10.626929
798	7	Ġreported	13.719012
798	8	Ġthe	3.427479
798	9	Ġneighbors	14.344344
798	10	Ġbelieved	14.206591
798	11	Ġthey	3.777295
798	12	Ġknew	6.021991
798	13	Ġthe	2.825706
798	14	Ġfirefighter	14.194038
798	15	Ġgreeted	21.217428
798	16	Ġthe	3.265282
798	17	Ġteacher	11.879011
798	18	Ġon	5.035567
798	19	Ġthe	0.983458
798	20	Ġsidewalk	4.917946
798	21	.	2.986485
798	22	<|endoftext|>	10.172976
799	1	<|endoftext|>	0.0
799	2	You	7.68222
799	3	Ġknow	4.524771
799	4	Ġwho	5.052576
799	5	Ġthe	6.464205
799	6	Ġwoman	9.5451
799	7	Ġreported	13.568663
799	8	Ġthe	3.10847
799	9	Ġneighbors	14.705562
799	10	Ġbelieved	13.288497
799	11	Ġthey	5.533915
799	12	Ġknew	4.882861
799	13	Ġthe	4.842939
799	14	Ġfirefighter	14.416285
799	15	Ġgreeted	19.967505
799	16	Ġon	5.505622
799	17	Ġthe	1.276544
799	18	Ġsidewalk	4.940734
799	19	.	4.224646
799	20	<|endoftext|>	8.187859
800	1	<|endoftext|>	0.0
800	2	You	7.68222
800	3	Ġknow	4.524771
800	4	Ġwho	5.052576
800	5	Ġthe	6.464205
800	6	Ġwoman	9.5451
800	7	Ġreported	13.568663
800	8	Ġthe	3.10847
800	9	Ġneighbors	14.705562
800	10	Ġbelieved	13.288497
800	11	Ġthey	5.533915
800	12	Ġknew	4.882861
800	13	Ġthe	4.842939
800	14	Ġfirefighter	14.416285
800	15	Ġgreeted	19.967505
800	16	Ġthe	3.703409
800	17	Ġteacher	11.661988
800	18	Ġon	5.027311
800	19	Ġthe	1.027469
800	20	Ġsidewalk	5.007735
800	21	.	3.613848
800	22	<|endoftext|>	8.274458
801	1	<|endoftext|>	0.0
801	2	He	8.582737
801	3	Ġknows	8.734376
801	4	Ġthat	2.922574
801	5	Ġthe	3.683981
801	6	Ġmayor	11.672091
801	7	Ġsupported	12.746341
801	8	Ġduring	14.290776
801	9	Ġthe	1.128891
801	10	Ġtown	11.471366
801	11	Ġmeeting	5.692197
801	12	.	4.427055
801	13	<|endoftext|>	8.304961
802	1	<|endoftext|>	0.0
802	2	He	8.582737
802	3	Ġknows	8.734376
802	4	Ġthat	2.922586
802	5	Ġthe	3.683981
802	6	Ġmayor	11.672091
802	7	Ġsupported	12.74633
802	8	Ġthe	2.220595
802	9	Ġprincipal	15.275306
802	10	Ġduring	7.958017
802	11	Ġthe	1.523824
802	12	Ġtown	9.652453
802	13	Ġmeeting	4.582881
802	14	.	2.186103
802	15	<|endoftext|>	8.030753
803	1	<|endoftext|>	0.0
803	2	He	8.582737
803	3	Ġknows	8.734376
803	4	Ġwho	6.314424
803	5	Ġthe	4.333661
803	6	Ġmayor	9.760402
803	7	Ġsupported	13.977579
803	8	Ġduring	6.552805
803	9	Ġthe	1.376189
803	10	Ġtown	10.976281
803	11	Ġmeeting	6.277616
803	12	.	1.562723
803	13	<|endoftext|>	7.820683
804	1	<|endoftext|>	0.0
804	2	He	8.582737
804	3	Ġknows	8.734376
804	4	Ġwho	6.314426
804	5	Ġthe	4.333661
804	6	Ġmayor	9.760402
804	7	Ġsupported	13.977564
804	8	Ġthe	7.86068
804	9	Ġprincipal	14.542238
804	10	Ġduring	7.483422
804	11	Ġthe	1.36629
804	12	Ġtown	9.702184
804	13	Ġmeeting	5.014766
804	14	.	1.579444
804	15	<|endoftext|>	7.501205
805	1	<|endoftext|>	0.0
805	2	He	8.582738
805	3	Ġknows	8.734333
805	4	Ġthat	2.922582
805	5	Ġthe	3.684004
805	6	Ġpolitician	13.645483
805	7	Ġbelieved	12.643093
805	8	Ġthe	4.314774
805	9	Ġmayor	10.629578
805	10	Ġsupported	10.512684
805	11	Ġduring	15.615494
805	12	Ġthe	1.044182
805	13	Ġtown	11.181235
805	14	Ġmeeting	5.387841
805	15	.	2.917159
805	16	<|endoftext|>	7.866808
806	1	<|endoftext|>	0.0
806	2	He	8.582732
806	3	Ġknows	8.734344
806	4	Ġthat	2.922593
806	5	Ġthe	3.684015
806	6	Ġpolitician	13.645481
806	7	Ġbelieved	12.643083
806	8	Ġthe	4.314776
806	9	Ġmayor	10.629586
806	10	Ġsupported	10.512674
806	11	Ġthe	2.458263
806	12	Ġprincipal	14.737413
806	13	Ġduring	8.352378
806	14	Ġthe	1.496445
806	15	Ġtown	9.602904
806	16	Ġmeeting	4.476863
806	17	.	1.795079
806	18	<|endoftext|>	7.590915
807	1	<|endoftext|>	0.0
807	2	He	8.582738
807	3	Ġknows	8.734333
807	4	Ġwho	6.31441
807	5	Ġthe	4.333641
807	6	Ġpolitician	11.178929
807	7	Ġbelieved	12.949943
807	8	Ġthe	7.887731
807	9	Ġmayor	8.976131
807	10	Ġsupported	9.419356
807	11	Ġduring	6.791398
807	12	Ġthe	1.303787
807	13	Ġtown	10.428694
807	14	Ġmeeting	6.405228
807	15	.	1.285705
807	16	<|endoftext|>	7.316156
808	1	<|endoftext|>	0.0
808	2	He	8.582732
808	3	Ġknows	8.734344
808	4	Ġwho	6.31441
808	5	Ġthe	4.333633
808	6	Ġpolitician	11.178933
808	7	Ġbelieved	12.949937
808	8	Ġthe	7.887741
808	9	Ġmayor	8.976146
808	10	Ġsupported	9.419348
808	11	Ġthe	7.344731
808	12	Ġprincipal	14.547355
808	13	Ġduring	7.399683
808	14	Ġthe	1.426126
808	15	Ġtown	9.375938
808	16	Ġmeeting	5.301818
808	17	.	1.327435
808	18	<|endoftext|>	6.898761
809	1	<|endoftext|>	0.0
809	2	He	8.582732
809	3	Ġknows	8.734344
809	4	Ġthat	2.922593
809	5	Ġthe	3.684015
809	6	Ġpolitician	13.645481
809	7	Ġbelieved	12.643083
809	8	Ġthe	4.314776
809	9	Ġdonors	15.472738
809	10	Ġsaid	9.868736
809	11	Ġthe	3.47164
809	12	Ġmayor	11.869172
809	13	Ġsupported	8.990955
809	14	Ġduring	14.725902
809	15	Ġthe	1.022089
809	16	Ġtown	11.405025
809	17	Ġmeeting	5.366813
809	18	.	2.140071
809	19	<|endoftext|>	7.149103
810	1	<|endoftext|>	0.0
810	2	He	8.582732
810	3	Ġknows	8.734344
810	4	Ġthat	2.922593
810	5	Ġthe	3.684015
810	6	Ġpolitician	13.645481
810	7	Ġbelieved	12.643083
810	8	Ġthe	4.314776
810	9	Ġdonors	15.472738
810	10	Ġsaid	9.868736
810	11	Ġthe	3.47164
810	12	Ġmayor	11.869172
810	13	Ġsupported	8.990955
810	14	Ġthe	2.60123
810	15	Ġprincipal	14.620482
810	16	Ġduring	8.255046
810	17	Ġthe	1.457321
810	18	Ġtown	9.563286
810	19	Ġmeeting	4.602814
810	20	.	1.398658
810	21	<|endoftext|>	6.815732
811	1	<|endoftext|>	0.0
811	2	He	8.582732
811	3	Ġknows	8.734344
811	4	Ġwho	6.31441
811	5	Ġthe	4.333633
811	6	Ġpolitician	11.178933
811	7	Ġbelieved	12.949937
811	8	Ġthe	7.887741
811	9	Ġdonors	13.582474
811	10	Ġsaid	9.463087
811	11	Ġthe	5.994675
811	12	Ġmayor	10.743037
811	13	Ġsupported	7.397011
811	14	Ġduring	8.742735
811	15	Ġthe	1.218877
811	16	Ġtown	10.936711
811	17	Ġmeeting	6.207265
811	18	.	0.977347
811	19	<|endoftext|>	6.500662
812	1	<|endoftext|>	0.0
812	2	He	8.582732
812	3	Ġknows	8.734344
812	4	Ġwho	6.31441
812	5	Ġthe	4.333633
812	6	Ġpolitician	11.178933
812	7	Ġbelieved	12.949937
812	8	Ġthe	7.887741
812	9	Ġdonors	13.582474
812	10	Ġsaid	9.463087
812	11	Ġthe	5.994675
812	12	Ġmayor	10.743037
812	13	Ġsupported	7.397011
812	14	Ġthe	7.433862
812	15	Ġprincipal	14.800067
812	16	Ġduring	7.70662
812	17	Ġthe	1.462957
812	18	Ġtown	9.232348
812	19	Ġmeeting	5.235565
812	20	.	1.017308
812	21	<|endoftext|>	6.044599
813	1	<|endoftext|>	0.0
813	2	He	8.582732
813	3	Ġknows	8.734344
813	4	Ġthat	2.922593
813	5	Ġthe	3.684015
813	6	Ġpolitician	13.645481
813	7	Ġbelieved	12.643083
813	8	Ġthe	4.314776
813	9	Ġdonors	15.472738
813	10	Ġsaid	9.868736
813	11	Ġthey	2.737029
813	12	Ġknew	5.819049
813	13	Ġthe	3.73553
813	14	Ġmayor	9.903896
813	15	Ġsupported	12.353611
813	16	Ġduring	12.612089
813	17	Ġthe	1.110973
813	18	Ġtown	11.75818
813	19	Ġmeeting	5.403538
813	20	.	1.498664
813	21	<|endoftext|>	7.234606
814	1	<|endoftext|>	0.0
814	2	He	8.582732
814	3	Ġknows	8.734344
814	4	Ġthat	2.922593
814	5	Ġthe	3.684015
814	6	Ġpolitician	13.645481
814	7	Ġbelieved	12.643083
814	8	Ġthe	4.314776
814	9	Ġdonors	15.472738
814	10	Ġsaid	9.868736
814	11	Ġthey	2.737029
814	12	Ġknew	5.819049
814	13	Ġthe	3.73553
814	14	Ġmayor	9.903896
814	15	Ġsupported	12.353611
814	16	Ġthe	2.83828
814	17	Ġprincipal	14.663707
814	18	Ġduring	8.177867
814	19	Ġthe	1.361097
814	20	Ġtown	9.981177
814	21	Ġmeeting	4.665038
814	22	.	1.363085
814	23	<|endoftext|>	6.952533
815	1	<|endoftext|>	0.0
815	2	He	8.582732
815	3	Ġknows	8.734344
815	4	Ġwho	6.31441
815	5	Ġthe	4.333633
815	6	Ġpolitician	11.178933
815	7	Ġbelieved	12.949937
815	8	Ġthe	7.887741
815	9	Ġdonors	13.582474
815	10	Ġsaid	9.463087
815	11	Ġthey	2.039878
815	12	Ġknew	5.36674
815	13	Ġthe	6.940677
815	14	Ġmayor	8.675057
815	15	Ġsupported	9.793959
815	16	Ġduring	9.202125
815	17	Ġthe	1.3566
815	18	Ġtown	11.384631
815	19	Ġmeeting	6.20122
815	20	.	0.95448
815	21	<|endoftext|>	6.586982
816	1	<|endoftext|>	0.0
816	2	He	8.582732
816	3	Ġknows	8.734344
816	4	Ġwho	6.31441
816	5	Ġthe	4.333633
816	6	Ġpolitician	11.178933
816	7	Ġbelieved	12.949937
816	8	Ġthe	7.887741
816	9	Ġdonors	13.582474
816	10	Ġsaid	9.463087
816	11	Ġthey	2.039878
816	12	Ġknew	5.36674
816	13	Ġthe	6.940677
816	14	Ġmayor	8.675057
816	15	Ġsupported	9.793959
816	16	Ġthe	7.056409
816	17	Ġprincipal	14.729469
816	18	Ġduring	7.802179
816	19	Ġthe	1.470116
816	20	Ġtown	9.682798
816	21	Ġmeeting	5.312268
816	22	.	0.9999
816	23	<|endoftext|>	6.221929
817	1	<|endoftext|>	0.0
817	2	He	8.582732
817	3	Ġknows	8.734344
817	4	Ġthat	2.922593
817	5	Ġthe	3.684015
817	6	Ġpolitician	13.645481
817	7	Ġbelieved	12.643083
817	8	Ġthe	4.314776
817	9	Ġdonors	15.472738
817	10	Ġsaid	9.868736
817	11	Ġthey	2.737029
817	12	Ġknew	5.819049
817	13	Ġthe	3.73553
817	14	Ġmayor	9.903896
817	15	Ġsupported	12.353611
817	16	Ġduring	12.612089
817	17	Ġthe	1.110973
817	18	Ġtown	11.75818
817	19	Ġmeeting	5.403538
817	20	.	1.498664
817	21	<|endoftext|>	7.234606
818	1	<|endoftext|>	0.0
818	2	He	8.582732
818	3	Ġknows	8.734344
818	4	Ġthat	2.922593
818	5	Ġthe	3.684015
818	6	Ġpolitician	13.645481
818	7	Ġbelieved	12.643083
818	8	Ġthe	4.314776
818	9	Ġdonors	15.472738
818	10	Ġsaid	9.868736
818	11	Ġthey	2.737029
818	12	Ġknew	5.819049
818	13	Ġthe	3.73553
818	14	Ġmayor	9.903896
818	15	Ġsupported	12.353611
818	16	Ġthe	2.83828
818	17	Ġprincipal	14.663707
818	18	Ġduring	8.177867
818	19	Ġthe	1.361097
818	20	Ġtown	9.981177
818	21	Ġmeeting	4.665038
818	22	.	1.363085
818	23	<|endoftext|>	6.952533
819	1	<|endoftext|>	0.0
819	2	He	8.582732
819	3	Ġknows	8.734344
819	4	Ġwho	6.31441
819	5	Ġthe	4.333633
819	6	Ġpolitician	11.178933
819	7	Ġbelieved	12.949937
819	8	Ġthe	7.887741
819	9	Ġdonors	13.582474
819	10	Ġsaid	9.463087
819	11	Ġthey	2.039878
819	12	Ġknew	5.36674
819	13	Ġthe	6.940677
819	14	Ġmayor	8.675057
819	15	Ġsupported	9.793959
819	16	Ġduring	9.202125
819	17	Ġthe	1.3566
819	18	Ġtown	11.384631
819	19	Ġmeeting	6.20122
819	20	.	0.95448
819	21	<|endoftext|>	6.586982
820	1	<|endoftext|>	0.0
820	2	He	8.582732
820	3	Ġknows	8.734344
820	4	Ġwho	6.31441
820	5	Ġthe	4.333633
820	6	Ġpolitician	11.178933
820	7	Ġbelieved	12.949937
820	8	Ġthe	7.887741
820	9	Ġdonors	13.582474
820	10	Ġsaid	9.463087
820	11	Ġthey	2.039878
820	12	Ġknew	5.36674
820	13	Ġthe	6.940677
820	14	Ġmayor	8.675057
820	15	Ġsupported	9.793959
820	16	Ġthe	7.056409
820	17	Ġprincipal	14.729469
820	18	Ġduring	7.802179
820	19	Ġthe	1.470116
820	20	Ġtown	9.682798
820	21	Ġmeeting	5.312268
820	22	.	0.9999
820	23	<|endoftext|>	6.221929
821	1	<|endoftext|>	0.0
821	2	She	9.588393
821	3	Ġknows	8.547399
821	4	Ġthat	3.373149
821	5	Ġthe	4.09474
821	6	Ġman	7.410179
821	7	Ġcongratulated	18.296001
821	8	Ġafter	11.901237
821	9	Ġthe	3.067454
821	10	Ġceremony	8.031353
821	11	.	4.468357
821	12	<|endoftext|>	7.763359
822	1	<|endoftext|>	0.0
822	2	She	9.588393
822	3	Ġknows	8.547399
822	4	Ġthat	3.373155
822	5	Ġthe	4.09474
822	6	Ġman	7.410189
822	7	Ġcongratulated	18.296008
822	8	Ġthe	5.98051
822	9	Ġwriter	10.526852
822	10	Ġafter	6.960271
822	11	Ġthe	2.859549
822	12	Ġceremony	10.069857
822	13	.	1.984331
822	14	<|endoftext|>	8.006161
823	1	<|endoftext|>	0.0
823	2	She	9.588393
823	3	Ġknows	8.547399
823	4	Ġwho	6.179697
823	5	Ġthe	4.654339
823	6	Ġman	3.863633
823	7	Ġcongratulated	21.360417
823	8	Ġafter	8.176213
823	9	Ġthe	3.172003
823	10	Ġceremony	8.457943
823	11	.	1.510879
823	12	<|endoftext|>	7.405395
824	1	<|endoftext|>	0.0
824	2	She	9.588393
824	3	Ġknows	8.547399
824	4	Ġwho	6.179725
824	5	Ġthe	4.654339
824	6	Ġman	3.863632
824	7	Ġcongratulated	21.360423
824	8	Ġthe	7.044749
824	9	Ġwriter	10.406041
824	10	Ġafter	7.471133
824	11	Ġthe	2.790854
824	12	Ġceremony	9.798639
824	13	.	1.337065
824	14	<|endoftext|>	7.361633
825	1	<|endoftext|>	0.0
825	2	She	9.588393
825	3	Ġknows	8.547399
825	4	Ġthat	3.373149
825	5	Ġthe	4.09474
825	6	Ġwoman	8.806006
825	7	Ġsaid	9.216737
825	8	Ġthe	3.899563
825	9	Ġman	4.905842
825	10	Ġcongratulated	16.766312
825	11	Ġafter	13.416823
825	12	Ġthe	3.097718
825	13	Ġceremony	7.712325
825	14	.	2.032224
825	15	<|endoftext|>	6.817944
826	1	<|endoftext|>	0.0
826	2	She	9.588377
826	3	Ġknows	8.547394
826	4	Ġthat	3.373129
826	5	Ġthe	4.094771
826	6	Ġwoman	8.80601
826	7	Ġsaid	9.216777
826	8	Ġthe	3.899542
826	9	Ġman	4.905837
826	10	Ġcongratulated	16.766186
826	11	Ġthe	6.313894
826	12	Ġwriter	10.937919
826	13	Ġafter	6.802577
826	14	Ġthe	2.957566
826	15	Ġceremony	9.823705
826	16	.	1.437207
826	17	<|endoftext|>	6.650418
827	1	<|endoftext|>	0.0
827	2	She	9.588393
827	3	Ġknows	8.547399
827	4	Ġwho	6.179697
827	5	Ġthe	4.654339
827	6	Ġwoman	6.507543
827	7	Ġsaid	9.394518
827	8	Ġthe	6.652274
827	9	Ġman	2.870984
827	10	Ġcongratulated	19.590047
827	11	Ġafter	8.891259
827	12	Ġthe	3.187529
827	13	Ġceremony	8.146496
827	14	.	1.112826
827	15	<|endoftext|>	6.150982
828	1	<|endoftext|>	0.0
828	2	She	9.588377
828	3	Ġknows	8.547394
828	4	Ġwho	6.17982
828	5	Ġthe	4.654325
828	6	Ġwoman	6.507522
828	7	Ġsaid	9.394554
828	8	Ġthe	6.652292
828	9	Ġman	2.870943
828	10	Ġcongratulated	19.589982
828	11	Ġthe	7.474766
828	12	Ġwriter	11.223854
828	13	Ġafter	7.985605
828	14	Ġthe	2.916824
828	15	Ġceremony	9.775312
828	16	.	0.986431
828	17	<|endoftext|>	5.991996
829	1	<|endoftext|>	0.0
829	2	She	9.588377
829	3	Ġknows	8.547394
829	4	Ġthat	3.373129
829	5	Ġthe	4.094771
829	6	Ġwoman	8.80601
829	7	Ġsaid	9.216777
829	8	Ġher	5.901354
829	9	Ġfriend	7.548801
829	10	Ġbelieved	10.575997
829	11	Ġthe	3.227664
829	12	Ġman	2.616181
829	13	Ġcongratulated	20.965778
829	14	Ġafter	13.655627
829	15	Ġthe	2.976461
829	16	Ġceremony	9.31957
829	17	.	1.39887
829	18	<|endoftext|>	6.74838
830	1	<|endoftext|>	0.0
830	2	She	9.588377
830	3	Ġknows	8.547394
830	4	Ġthat	3.373129
830	5	Ġthe	4.094771
830	6	Ġwoman	8.80601
830	7	Ġsaid	9.216777
830	8	Ġher	5.901354
830	9	Ġfriend	7.548801
830	10	Ġbelieved	10.575997
830	11	Ġthe	3.227664
830	12	Ġman	2.616181
830	13	Ġcongratulated	20.965778
830	14	Ġthe	5.859206
830	15	Ġwriter	10.905577
830	16	Ġafter	6.337994
830	17	Ġthe	2.946612
830	18	Ġceremony	10.625861
830	19	.	1.152484
830	20	<|endoftext|>	6.580495
831	1	<|endoftext|>	0.0
831	2	She	9.588377
831	3	Ġknows	8.547394
831	4	Ġwho	6.17982
831	5	Ġthe	4.654325
831	6	Ġwoman	6.507522
831	7	Ġsaid	9.394554
831	8	Ġher	7.002212
831	9	Ġfriend	6.719364
831	10	Ġbelieved	12.198919
831	11	Ġthe	8.330549
831	12	Ġman	2.692589
831	13	Ġcongratulated	21.662353
831	14	Ġafter	9.795403
831	15	Ġthe	3.068557
831	16	Ġceremony	9.771384
831	17	.	0.963736
831	18	<|endoftext|>	6.400768
832	1	<|endoftext|>	0.0
832	2	She	9.588377
832	3	Ġknows	8.547394
832	4	Ġwho	6.17982
832	5	Ġthe	4.654325
832	6	Ġwoman	6.507522
832	7	Ġsaid	9.394554
832	8	Ġher	7.002212
832	9	Ġfriend	6.719364
832	10	Ġbelieved	12.198919
832	11	Ġthe	8.330549
832	12	Ġman	2.692589
832	13	Ġcongratulated	21.662353
832	14	Ġthe	6.570495
832	15	Ġwriter	11.218633
832	16	Ġafter	7.143619
832	17	Ġthe	2.935424
832	18	Ġceremony	10.744069
832	19	.	0.867369
832	20	<|endoftext|>	6.245334
833	1	<|endoftext|>	0.0
833	2	She	9.588377
833	3	Ġknows	8.547394
833	4	Ġthat	3.373129
833	5	Ġthe	4.094771
833	6	Ġwoman	8.80601
833	7	Ġsaid	9.216777
833	8	Ġher	5.901354
833	9	Ġfriend	7.548801
833	10	Ġbelieved	10.575997
833	11	Ġshe	2.378879
833	12	Ġknew	6.772968
833	13	Ġthe	3.119044
833	14	Ġman	2.208004
833	15	Ġcongratulated	23.070525
833	16	Ġafter	11.837741
833	17	Ġthe	2.859351
833	18	Ġceremony	8.782974
833	19	.	1.235176
833	20	<|endoftext|>	6.785494
834	1	<|endoftext|>	0.0
834	2	She	9.588377
834	3	Ġknows	8.547394
834	4	Ġthat	3.373129
834	5	Ġthe	4.094771
834	6	Ġwoman	8.80601
834	7	Ġsaid	9.216777
834	8	Ġher	5.901354
834	9	Ġfriend	7.548801
834	10	Ġbelieved	10.575997
834	11	Ġshe	2.378879
834	12	Ġknew	6.772968
834	13	Ġthe	3.119044
834	14	Ġman	2.208004
834	15	Ġcongratulated	23.070525
834	16	Ġthe	5.478863
834	17	Ġwriter	10.893937
834	18	Ġafter	6.555479
834	19	Ġthe	2.861819
834	20	Ġceremony	10.035891
834	21	.	1.067396
834	22	<|endoftext|>	6.61909
835	1	<|endoftext|>	0.0
835	2	She	9.588377
835	3	Ġknows	8.547394
835	4	Ġwho	6.17982
835	5	Ġthe	4.654325
835	6	Ġwoman	6.507522
835	7	Ġsaid	9.394554
835	8	Ġher	7.002212
835	9	Ġfriend	6.719364
835	10	Ġbelieved	12.198919
835	11	Ġshe	4.767883
835	12	Ġknew	8.11786
835	13	Ġthe	7.229588
835	14	Ġman	2.199369
835	15	Ġcongratulated	21.70265
835	16	Ġafter	9.423184
835	17	Ġthe	2.896429
835	18	Ġceremony	9.246662
835	19	.	0.911174
835	20	<|endoftext|>	6.384624
836	1	<|endoftext|>	0.0
836	2	She	9.588377
836	3	Ġknows	8.547394
836	4	Ġwho	6.17982
836	5	Ġthe	4.654325
836	6	Ġwoman	6.507522
836	7	Ġsaid	9.394554
836	8	Ġher	7.002212
836	9	Ġfriend	6.719364
836	10	Ġbelieved	12.198919
836	11	Ġshe	4.767883
836	12	Ġknew	8.11786
836	13	Ġthe	7.229588
836	14	Ġman	2.199369
836	15	Ġcongratulated	21.70265
836	16	Ġthe	6.360979
836	17	Ġwriter	11.257912
836	18	Ġafter	7.2076
836	19	Ġthe	2.802997
836	20	Ġceremony	10.166545
836	21	.	0.83816
836	22	<|endoftext|>	6.183418
837	1	<|endoftext|>	0.0
837	2	She	9.588377
837	3	Ġknows	8.547394
837	4	Ġthat	3.373129
837	5	Ġthe	4.094771
837	6	Ġwoman	8.80601
837	7	Ġsaid	9.216777
837	8	Ġher	5.901354
837	9	Ġfriend	7.548801
837	10	Ġbelieved	10.575997
837	11	Ġshe	2.378879
837	12	Ġknew	6.772968
837	13	Ġthe	3.119044
837	14	Ġman	2.208004
837	15	Ġcongratulated	23.070525
837	16	Ġafter	11.837741
837	17	Ġthe	2.859351
837	18	Ġceremony	8.782974
837	19	.	1.235176
837	20	<|endoftext|>	6.785494
838	1	<|endoftext|>	0.0
838	2	She	9.588377
838	3	Ġknows	8.547394
838	4	Ġthat	3.373129
838	5	Ġthe	4.094771
838	6	Ġwoman	8.80601
838	7	Ġsaid	9.216777
838	8	Ġher	5.901354
838	9	Ġfriend	7.548801
838	10	Ġbelieved	10.575997
838	11	Ġshe	2.378879
838	12	Ġknew	6.772968
838	13	Ġthe	3.119044
838	14	Ġman	2.208004
838	15	Ġcongratulated	23.070525
838	16	Ġthe	5.478863
838	17	Ġwriter	10.893937
838	18	Ġafter	6.555479
838	19	Ġthe	2.861819
838	20	Ġceremony	10.035891
838	21	.	1.067396
838	22	<|endoftext|>	6.61909
839	1	<|endoftext|>	0.0
839	2	She	9.588377
839	3	Ġknows	8.547394
839	4	Ġwho	6.17982
839	5	Ġthe	4.654325
839	6	Ġwoman	6.507522
839	7	Ġsaid	9.394554
839	8	Ġher	7.002212
839	9	Ġfriend	6.719364
839	10	Ġbelieved	12.198919
839	11	Ġshe	4.767883
839	12	Ġknew	8.11786
839	13	Ġthe	7.229588
839	14	Ġman	2.199369
839	15	Ġcongratulated	21.70265
839	16	Ġafter	9.423184
839	17	Ġthe	2.896429
839	18	Ġceremony	9.246662
839	19	.	0.911174
839	20	<|endoftext|>	6.384624
840	1	<|endoftext|>	0.0
840	2	She	9.588377
840	3	Ġknows	8.547394
840	4	Ġwho	6.17982
840	5	Ġthe	4.654325
840	6	Ġwoman	6.507522
840	7	Ġsaid	9.394554
840	8	Ġher	7.002212
840	9	Ġfriend	6.719364
840	10	Ġbelieved	12.198919
840	11	Ġshe	4.767883
840	12	Ġknew	8.11786
840	13	Ġthe	7.229588
840	14	Ġman	2.199369
840	15	Ġcongratulated	21.70265
840	16	Ġthe	6.360979
840	17	Ġwriter	11.257912
840	18	Ġafter	7.2076
840	19	Ġthe	2.802997
840	20	Ġceremony	10.166545
840	21	.	0.83816
840	22	<|endoftext|>	6.183418
841	1	<|endoftext|>	0.0
841	2	I	5.770367
841	3	Ġknow	5.545733
841	4	Ġthat	2.74974
841	5	Ġthe	4.424285
841	6	Ġhost	12.140052
841	7	ess	5.282709
841	8	Ġintroduced	12.058136
841	9	Ġto	7.697837
841	10	Ġthe	4.162128
841	11	Ġregular	13.309234
841	12	Ġcustomer	5.691254
841	13	.	5.718871
841	14	<|endoftext|>	9.273474
842	1	<|endoftext|>	0.0
842	2	I	5.770362
842	3	Ġknow	5.545699
842	4	Ġthat	2.74972
842	5	Ġthe	4.424218
842	6	Ġhost	12.14003
842	7	ess	5.282721
842	8	Ġintroduced	12.058264
842	9	Ġher	5.010814
842	10	Ġfriend	6.52914
842	11	Ġto	1.46734
842	12	Ġthe	2.796839
842	13	Ġregular	11.72238
842	14	Ġcustomer	8.292483
842	15	.	3.654279
842	16	<|endoftext|>	10.874648
843	1	<|endoftext|>	0.0
843	2	I	5.770367
843	3	Ġknow	5.545733
843	4	Ġwho	8.366545
843	5	Ġthe	5.844098
843	6	Ġhost	10.261334
843	7	ess	6.002037
843	8	Ġintroduced	15.784485
843	9	Ġto	1.932464
843	10	Ġthe	3.339934
843	11	Ġregular	12.89674
843	12	Ġcustomer	6.410231
843	13	.	2.096157
843	14	<|endoftext|>	9.404207
844	1	<|endoftext|>	0.0
844	2	I	5.770362
844	3	Ġknow	5.545699
844	4	Ġwho	8.36647
844	5	Ġthe	5.844158
844	6	Ġhost	10.261403
844	7	ess	6.002014
844	8	Ġintroduced	15.784503
844	9	Ġher	6.641205
844	10	Ġfriend	7.658091
844	11	Ġto	1.384046
844	12	Ġthe	4.921444
844	13	Ġregular	11.899389
844	14	Ġcustomer	8.568877
844	15	.	2.804314
844	16	<|endoftext|>	10.141362
845	1	<|endoftext|>	0.0
845	2	I	5.770357
845	3	Ġknow	5.545684
845	4	Ġthat	2.749692
845	5	Ġthe	4.424222
845	6	Ġhe	14.635691
845	7	i	4.902154
845	8	ress	0.078768
845	9	Ġbelieved	15.657972
845	10	Ġthe	4.376576
845	11	Ġhost	12.887766
845	12	ess	3.1825
845	13	Ġintroduced	14.789484
845	14	Ġto	7.931173
845	15	Ġthe	2.795292
845	16	Ġregular	14.638874
845	17	Ġcustomer	7.613195
845	18	.	4.050225
845	19	<|endoftext|>	9.85643
846	1	<|endoftext|>	0.0
846	2	I	5.770357
846	3	Ġknow	5.545684
846	4	Ġthat	2.749692
846	5	Ġthe	4.424222
846	6	Ġhe	14.635691
846	7	i	4.902154
846	8	ress	0.078768
846	9	Ġbelieved	15.657972
846	10	Ġthe	4.376576
846	11	Ġhost	12.887766
846	12	ess	3.1825
846	13	Ġintroduced	14.789484
846	14	Ġher	2.159292
846	15	Ġfriend	7.269522
846	16	Ġto	1.065786
846	17	Ġthe	2.272338
846	18	Ġregular	12.78523
846	19	Ġcustomer	9.294665
846	20	.	2.815832
846	21	<|endoftext|>	10.34264
847	1	<|endoftext|>	0.0
847	2	I	5.770357
847	3	Ġknow	5.545684
847	4	Ġwho	8.366485
847	5	Ġthe	5.844156
847	6	Ġhe	13.466433
847	7	i	2.55336
847	8	ress	0.014537
847	9	Ġbelieved	17.873352
847	10	Ġthe	7.64193
847	11	Ġhost	14.042727
847	12	ess	3.365334
847	13	Ġintroduced	14.231291
847	14	Ġto	1.876494
847	15	Ġthe	2.736834
847	16	Ġregular	14.304504
847	17	Ġcustomer	7.651318
847	18	.	1.683628
847	19	<|endoftext|>	9.218419
848	1	<|endoftext|>	0.0
848	2	I	5.770357
848	3	Ġknow	5.545684
848	4	Ġwho	8.366485
848	5	Ġthe	5.844156
848	6	Ġhe	13.466433
848	7	i	2.55336
848	8	ress	0.014537
848	9	Ġbelieved	17.873352
848	10	Ġthe	7.64193
848	11	Ġhost	14.042727
848	12	ess	3.365334
848	13	Ġintroduced	14.231291
848	14	Ġher	3.470017
848	15	Ġfriend	7.946364
848	16	Ġto	1.204006
848	17	Ġthe	3.759088
848	18	Ġregular	12.75484
848	19	Ġcustomer	9.458453
848	20	.	2.097921
848	21	<|endoftext|>	9.470626
849	1	<|endoftext|>	0.0
849	2	I	5.770357
849	3	Ġknow	5.545684
849	4	Ġthat	2.749692
849	5	Ġthe	4.424222
849	6	Ġhe	14.635691
849	7	i	4.902154
849	8	ress	0.078768
849	9	Ġbelieved	15.657972
849	10	Ġher	3.747796
849	11	Ġfriend	8.60229
849	12	Ġsaid	11.46204
849	13	Ġthe	4.437363
849	14	Ġhost	12.908535
849	15	ess	2.424103
849	16	Ġintroduced	13.672146
849	17	Ġto	8.82988
849	18	Ġthe	3.226124
849	19	Ġregular	14.383424
849	20	Ġcustomer	7.767942
849	21	.	3.801264
849	22	<|endoftext|>	9.706764
850	1	<|endoftext|>	0.0
850	2	I	5.770357
850	3	Ġknow	5.545684
850	4	Ġthat	2.749692
850	5	Ġthe	4.424222
850	6	Ġhe	14.635691
850	7	i	4.902154
850	8	ress	0.078768
850	9	Ġbelieved	15.657972
850	10	Ġher	3.747796
850	11	Ġfriend	8.60229
850	12	Ġsaid	11.46204
850	13	Ġthe	4.437363
850	14	Ġhost	12.908535
850	15	ess	2.424103
850	16	Ġintroduced	13.672146
850	17	Ġher	1.496914
850	18	Ġfriend	6.177686
850	19	Ġto	0.935893
850	20	Ġthe	2.384477
850	21	Ġregular	12.840248
850	22	Ġcustomer	8.773347
850	23	.	2.422138
850	24	<|endoftext|>	10.105491
851	1	<|endoftext|>	0.0
851	2	I	5.770357
851	3	Ġknow	5.545684
851	4	Ġwho	8.366485
851	5	Ġthe	5.844156
851	6	Ġhe	13.466433
851	7	i	2.55336
851	8	ress	0.014537
851	9	Ġbelieved	17.873352
851	10	Ġher	6.892691
851	11	Ġfriend	8.298796
851	12	Ġsaid	10.780626
851	13	Ġthe	6.51027
851	14	Ġhost	13.357963
851	15	ess	2.213631
851	16	Ġintroduced	13.536958
851	17	Ġto	4.491012
851	18	Ġthe	3.246146
851	19	Ġregular	14.213369
851	20	Ġcustomer	7.62287
851	21	.	2.251523
851	22	<|endoftext|>	8.557335
852	1	<|endoftext|>	0.0
852	2	I	5.770357
852	3	Ġknow	5.545684
852	4	Ġwho	8.366485
852	5	Ġthe	5.844156
852	6	Ġhe	13.466433
852	7	i	2.55336
852	8	ress	0.014537
852	9	Ġbelieved	17.873352
852	10	Ġher	6.892691
852	11	Ġfriend	8.298796
852	12	Ġsaid	10.780626
852	13	Ġthe	6.51027
852	14	Ġhost	13.357963
852	15	ess	2.213631
852	16	Ġintroduced	13.536958
852	17	Ġher	1.518997
852	18	Ġfriend	6.399637
852	19	Ġto	1.10228
852	20	Ġthe	2.461948
852	21	Ġregular	12.81816
852	22	Ġcustomer	8.936766
852	23	.	2.006524
852	24	<|endoftext|>	8.920157
853	1	<|endoftext|>	0.0
853	2	I	5.770357
853	3	Ġknow	5.545684
853	4	Ġthat	2.749692
853	5	Ġthe	4.424222
853	6	Ġhe	14.635691
853	7	i	4.902154
853	8	ress	0.078768
853	9	Ġbelieved	15.657972
853	10	Ġher	3.747796
853	11	Ġfriend	8.60229
853	12	Ġsaid	11.46204
853	13	Ġshe	2.57251
853	14	Ġknew	6.13562
853	15	Ġthe	3.792256
853	16	Ġhost	11.085933
853	17	ess	2.464084
853	18	Ġintroduced	16.239082
853	19	Ġto	6.630883
853	20	Ġthe	2.607638
853	21	Ġregular	14.501738
853	22	Ġcustomer	7.888203
853	23	.	2.831874
853	24	<|endoftext|>	9.836545
854	1	<|endoftext|>	0.0
854	2	I	5.770357
854	3	Ġknow	5.545684
854	4	Ġthat	2.749692
854	5	Ġthe	4.424222
854	6	Ġhe	14.635691
854	7	i	4.902154
854	8	ress	0.078768
854	9	Ġbelieved	15.657972
854	10	Ġher	3.747796
854	11	Ġfriend	8.60229
854	12	Ġsaid	11.46204
854	13	Ġshe	2.57251
854	14	Ġknew	6.13562
854	15	Ġthe	3.792256
854	16	Ġhost	11.085933
854	17	ess	2.464084
854	18	Ġintroduced	16.239082
854	19	Ġher	1.669912
854	20	Ġfriend	6.059588
854	21	Ġto	1.044193
854	22	Ġthe	2.172351
854	23	Ġregular	12.918347
854	24	Ġcustomer	8.645956
854	25	.	2.222802
854	26	<|endoftext|>	9.998734
855	1	<|endoftext|>	0.0
855	2	I	5.770357
855	3	Ġknow	5.545684
855	4	Ġwho	8.366485
855	5	Ġthe	5.844156
855	6	Ġhe	13.466433
855	7	i	2.55336
855	8	ress	0.014537
855	9	Ġbelieved	17.873352
855	10	Ġher	6.892691
855	11	Ġfriend	8.298796
855	12	Ġsaid	10.780626
855	13	Ġshe	2.622922
855	14	Ġknew	6.185822
855	15	Ġthe	5.377558
855	16	Ġhost	11.683679
855	17	ess	2.180885
855	18	Ġintroduced	15.888492
855	19	Ġto	4.23101
855	20	Ġthe	2.719891
855	21	Ġregular	14.209496
855	22	Ġcustomer	7.791904
855	23	.	2.152986
855	24	<|endoftext|>	8.739642
856	1	<|endoftext|>	0.0
856	2	I	5.770357
856	3	Ġknow	5.545684
856	4	Ġwho	8.366485
856	5	Ġthe	5.844156
856	6	Ġhe	13.466433
856	7	i	2.55336
856	8	ress	0.014537
856	9	Ġbelieved	17.873352
856	10	Ġher	6.892691
856	11	Ġfriend	8.298796
856	12	Ġsaid	10.780626
856	13	Ġshe	2.622922
856	14	Ġknew	6.185822
856	15	Ġthe	5.377558
856	16	Ġhost	11.683679
856	17	ess	2.180885
856	18	Ġintroduced	15.888492
856	19	Ġher	1.772654
856	20	Ġfriend	5.993018
856	21	Ġto	1.110104
856	22	Ġthe	2.360458
856	23	Ġregular	12.794941
856	24	Ġcustomer	8.733235
856	25	.	1.87494
856	26	<|endoftext|>	8.866259
857	1	<|endoftext|>	0.0
857	2	I	5.770357
857	3	Ġknow	5.545684
857	4	Ġthat	2.749692
857	5	Ġthe	4.424222
857	6	Ġhe	14.635691
857	7	i	4.902154
857	8	ress	0.078768
857	9	Ġbelieved	15.657972
857	10	Ġher	3.747796
857	11	Ġfriend	8.60229
857	12	Ġsaid	11.46204
857	13	Ġshe	2.57251
857	14	Ġknew	6.13562
857	15	Ġthe	3.792256
857	16	Ġhost	11.085933
857	17	ess	2.464084
857	18	Ġintroduced	16.239082
857	19	Ġto	6.630883
857	20	Ġthe	2.607638
857	21	Ġregular	14.501738
857	22	Ġcustomer	7.888203
857	23	.	2.831874
857	24	<|endoftext|>	9.836545
858	1	<|endoftext|>	0.0
858	2	I	5.770357
858	3	Ġknow	5.545684
858	4	Ġthat	2.749692
858	5	Ġthe	4.424222
858	6	Ġhe	14.635691
858	7	i	4.902154
858	8	ress	0.078768
858	9	Ġbelieved	15.657972
858	10	Ġher	3.747796
858	11	Ġfriend	8.60229
858	12	Ġsaid	11.46204
858	13	Ġshe	2.57251
858	14	Ġknew	6.13562
858	15	Ġthe	3.792256
858	16	Ġhost	11.085933
858	17	ess	2.464084
858	18	Ġintroduced	16.239082
858	19	Ġher	1.669912
858	20	Ġfriend	6.059588
858	21	Ġto	1.044193
858	22	Ġthe	2.172351
858	23	Ġregular	12.918347
858	24	Ġcustomer	8.645956
858	25	.	2.222802
858	26	<|endoftext|>	9.998734
859	1	<|endoftext|>	0.0
859	2	I	5.770357
859	3	Ġknow	5.545684
859	4	Ġwho	8.366485
859	5	Ġthe	5.844156
859	6	Ġhe	13.466433
859	7	i	2.55336
859	8	ress	0.014537
859	9	Ġbelieved	17.873352
859	10	Ġher	6.892691
859	11	Ġfriend	8.298796
859	12	Ġsaid	10.780626
859	13	Ġshe	2.622922
859	14	Ġknew	6.185822
859	15	Ġthe	5.377558
859	16	Ġhost	11.683679
859	17	ess	2.180885
859	18	Ġintroduced	15.888492
859	19	Ġto	4.23101
859	20	Ġthe	2.719891
859	21	Ġregular	14.209496
859	22	Ġcustomer	7.791904
859	23	.	2.152986
859	24	<|endoftext|>	8.739642
860	1	<|endoftext|>	0.0
860	2	I	5.770357
860	3	Ġknow	5.545684
860	4	Ġwho	8.366485
860	5	Ġthe	5.844156
860	6	Ġhe	13.466433
860	7	i	2.55336
860	8	ress	0.014537
860	9	Ġbelieved	17.873352
860	10	Ġher	6.892691
860	11	Ġfriend	8.298796
860	12	Ġsaid	10.780626
860	13	Ġshe	2.622922
860	14	Ġknew	6.185822
860	15	Ġthe	5.377558
860	16	Ġhost	11.683679
860	17	ess	2.180885
860	18	Ġintroduced	15.888492
860	19	Ġher	1.772654
860	20	Ġfriend	5.993018
860	21	Ġto	1.110104
860	22	Ġthe	2.360458
860	23	Ġregular	12.794941
860	24	Ġcustomer	8.733235
860	25	.	1.87494
860	26	<|endoftext|>	8.866259
861	1	<|endoftext|>	0.0
861	2	You	7.682203
861	3	Ġknow	4.524784
861	4	Ġthat	3.787013
861	5	Ġthe	7.61201
861	6	Ġyoung	10.97441
861	7	Ġwoman	5.293861
861	8	Ġwaited	14.786104
861	9	Ġfor	1.999016
861	10	Ġat	10.472279
861	11	Ġthe	6.893268
861	12	Ġmovie	12.051556
861	13	Ġtheater	0.398636
861	14	.	4.669547
861	15	<|endoftext|>	10.248232
862	1	<|endoftext|>	0.0
862	2	You	7.68222
862	3	Ġknow	4.524771
862	4	Ġthat	3.786982
862	5	Ġthe	7.611992
862	6	Ġyoung	10.974428
862	7	Ġwoman	5.293888
862	8	Ġwaited	14.786196
862	9	Ġfor	1.99906
862	10	Ġher	1.743403
862	11	Ġmother	5.36524
862	12	Ġat	5.149027
862	13	Ġthe	1.020421
862	14	Ġmovie	11.761442
862	15	Ġtheater	0.347981
862	16	.	3.977822
862	17	<|endoftext|>	10.508693
863	1	<|endoftext|>	0.0
863	2	You	7.682203
863	3	Ġknow	4.524784
863	4	Ġwho	5.052563
863	5	Ġthe	6.464221
863	6	Ġyoung	9.923546
863	7	Ġwoman	5.741141
863	8	Ġwaited	15.718361
863	9	Ġfor	0.605467
863	10	Ġat	4.260428
863	11	Ġthe	1.189752
863	12	Ġmovie	11.056886
863	13	Ġtheater	0.354347
863	14	.	5.520393
863	15	<|endoftext|>	8.404311
864	1	<|endoftext|>	0.0
864	2	You	7.68222
864	3	Ġknow	4.524771
864	4	Ġwho	5.052576
864	5	Ġthe	6.464205
864	6	Ġyoung	9.923517
864	7	Ġwoman	5.741151
864	8	Ġwaited	15.718447
864	9	Ġfor	0.605511
864	10	Ġher	6.085837
864	11	Ġmother	5.767911
864	12	Ġat	5.096445
864	13	Ġthe	1.10876
864	14	Ġmovie	11.057176
864	15	Ġtheater	0.408896
864	16	.	5.264433
864	17	<|endoftext|>	8.717843
865	1	<|endoftext|>	0.0
865	2	You	7.68222
865	3	Ġknow	4.524771
865	4	Ġthat	3.786982
865	5	Ġthe	7.611992
865	6	Ġman	8.267877
865	7	Ġsaid	7.985195
865	8	Ġthe	4.900341
865	9	Ġyoung	10.920682
865	10	Ġwoman	2.763765
865	11	Ġwaited	12.186736
865	12	Ġfor	2.094505
865	13	Ġat	10.987817
865	14	Ġthe	7.553219
865	15	Ġmovie	12.014147
865	16	Ġtheater	0.457559
865	17	.	3.931788
865	18	<|endoftext|>	9.527421
866	1	<|endoftext|>	0.0
866	2	You	7.68222
866	3	Ġknow	4.524771
866	4	Ġthat	3.786982
866	5	Ġthe	7.611992
866	6	Ġman	8.267877
866	7	Ġsaid	7.985195
866	8	Ġthe	4.900341
866	9	Ġyoung	10.920682
866	10	Ġwoman	2.763765
866	11	Ġwaited	12.186736
866	12	Ġfor	2.094505
866	13	Ġher	2.55337
866	14	Ġmother	4.846755
866	15	Ġat	5.576256
866	16	Ġthe	0.979102
866	17	Ġmovie	11.705546
866	18	Ġtheater	0.366701
866	19	.	3.363939
866	20	<|endoftext|>	9.758175
867	1	<|endoftext|>	0.0
867	2	You	7.68222
867	3	Ġknow	4.524771
867	4	Ġwho	5.052576
867	5	Ġthe	6.464205
867	6	Ġman	6.228427
867	7	Ġsaid	7.185384
867	8	Ġthe	5.748247
867	9	Ġyoung	11.50037
867	10	Ġwoman	3.429199
867	11	Ġwaited	12.855604
867	12	Ġfor	0.843921
867	13	Ġat	5.754709
867	14	Ġthe	1.70325
867	15	Ġmovie	11.558574
867	16	Ġtheater	0.33282
867	17	.	4.663319
867	18	<|endoftext|>	7.834905
868	1	<|endoftext|>	0.0
868	2	You	7.68222
868	3	Ġknow	4.524771
868	4	Ġwho	5.052576
868	5	Ġthe	6.464205
868	6	Ġman	6.228427
868	7	Ġsaid	7.185384
868	8	Ġthe	5.748247
868	9	Ġyoung	11.50037
868	10	Ġwoman	3.429199
868	11	Ġwaited	12.855604
868	12	Ġfor	0.843921
868	13	Ġher	3.134783
868	14	Ġmother	5.311926
868	15	Ġat	5.117531
868	16	Ġthe	0.956935
868	17	Ġmovie	11.397425
868	18	Ġtheater	0.33115
868	19	.	4.334248
868	20	<|endoftext|>	8.01556
869	1	<|endoftext|>	0.0
869	2	You	7.68222
869	3	Ġknow	4.524771
869	4	Ġthat	3.786982
869	5	Ġthe	7.611992
869	6	Ġman	8.267877
869	7	Ġsaid	7.985195
869	8	Ġthe	4.900341
869	9	Ġattendant	17.874175
869	10	Ġsaw	9.631642
869	11	Ġthe	2.57447
869	12	Ġyoung	8.192101
869	13	Ġwoman	2.005194
869	14	Ġwaited	17.970652
869	15	Ġfor	1.635041
869	16	Ġat	9.659638
869	17	Ġthe	3.906683
869	18	Ġmovie	13.718031
869	19	Ġtheater	0.662686
869	20	.	3.165092
869	21	<|endoftext|>	9.797188
870	1	<|endoftext|>	0.0
870	2	You	7.68222
870	3	Ġknow	4.524771
870	4	Ġthat	3.786982
870	5	Ġthe	7.611992
870	6	Ġman	8.267877
870	7	Ġsaid	7.985195
870	8	Ġthe	4.900341
870	9	Ġattendant	17.874175
870	10	Ġsaw	9.631642
870	11	Ġthe	2.57447
870	12	Ġyoung	8.192101
870	13	Ġwoman	2.005194
870	14	Ġwaited	17.970652
870	15	Ġfor	1.635041
870	16	Ġher	2.252728
870	17	Ġmother	6.492721
870	18	Ġat	4.42893
870	19	Ġthe	0.714719
870	20	Ġmovie	13.310464
870	21	Ġtheater	0.548353
870	22	.	2.932103
870	23	<|endoftext|>	9.905333
871	1	<|endoftext|>	0.0
871	2	You	7.68222
871	3	Ġknow	4.524771
871	4	Ġwho	5.052576
871	5	Ġthe	6.464205
871	6	Ġman	6.228427
871	7	Ġsaid	7.185384
871	8	Ġthe	5.748247
871	9	Ġattendant	20.049663
871	10	Ġsaw	9.476089
871	11	Ġthe	4.046476
871	12	Ġyoung	8.255506
871	13	Ġwoman	2.096245
871	14	Ġwaited	17.318334
871	15	Ġfor	1.453586
871	16	Ġat	7.614758
871	17	Ġthe	1.516725
871	18	Ġmovie	13.527595
871	19	Ġtheater	0.581933
871	20	.	3.744681
871	21	<|endoftext|>	8.246665
872	1	<|endoftext|>	0.0
872	2	You	7.68222
872	3	Ġknow	4.524771
872	4	Ġwho	5.052576
872	5	Ġthe	6.464205
872	6	Ġman	6.228427
872	7	Ġsaid	7.185384
872	8	Ġthe	5.748247
872	9	Ġattendant	20.049663
872	10	Ġsaw	9.476089
872	11	Ġthe	4.046476
872	12	Ġyoung	8.255506
872	13	Ġwoman	2.096245
872	14	Ġwaited	17.318334
872	15	Ġfor	1.453586
872	16	Ġher	2.212345
872	17	Ġmother	6.972981
872	18	Ġat	4.166017
872	19	Ġthe	0.698276
872	20	Ġmovie	13.154346
872	21	Ġtheater	0.526784
872	22	.	3.545388
872	23	<|endoftext|>	8.284771
873	1	<|endoftext|>	0.0
873	2	You	7.68222
873	3	Ġknow	4.524771
873	4	Ġthat	3.786982
873	5	Ġthe	7.611992
873	6	Ġman	8.267877
873	7	Ġsaid	7.985195
873	8	Ġthe	4.900341
873	9	Ġattendant	17.874175
873	10	Ġsaw	9.631642
873	11	Ġher	3.910068
873	12	Ġfriend	8.816246
873	13	Ġknew	17.093847
873	14	Ġthe	3.880248
873	15	Ġyoung	9.775947
873	16	Ġwoman	1.887423
873	17	Ġwaited	15.263014
873	18	Ġfor	1.738263
873	19	Ġat	10.968968
873	20	Ġthe	3.677734
873	21	Ġmovie	13.008953
873	22	Ġtheater	0.797304
873	23	.	2.587251
873	24	<|endoftext|>	9.677009
874	1	<|endoftext|>	0.0
874	2	You	7.68222
874	3	Ġknow	4.524771
874	4	Ġthat	3.786982
874	5	Ġthe	7.611992
874	6	Ġman	8.267877
874	7	Ġsaid	7.985195
874	8	Ġthe	4.900341
874	9	Ġattendant	17.874175
874	10	Ġsaw	9.631642
874	11	Ġher	3.910068
874	12	Ġfriend	8.816246
874	13	Ġknew	17.093847
874	14	Ġthe	3.880248
874	15	Ġyoung	9.775947
874	16	Ġwoman	1.887423
874	17	Ġwaited	15.263014
874	18	Ġfor	1.738263
874	19	Ġher	1.34221
874	20	Ġmother	8.613111
874	21	Ġat	4.778973
874	22	Ġthe	0.877324
874	23	Ġmovie	12.338937
874	24	Ġtheater	0.606429
874	25	.	2.452726
874	26	<|endoftext|>	9.629727
875	1	<|endoftext|>	0.0
875	2	You	7.68222
875	3	Ġknow	4.524771
875	4	Ġwho	5.052576
875	5	Ġthe	6.464205
875	6	Ġman	6.228427
875	7	Ġsaid	7.185384
875	8	Ġthe	5.748247
875	9	Ġattendant	20.049663
875	10	Ġsaw	9.476089
875	11	Ġher	5.735792
875	12	Ġfriend	8.934213
875	13	Ġknew	17.152838
875	14	Ġthe	4.538526
875	15	Ġyoung	10.194283
875	16	Ġwoman	1.865917
875	17	Ġwaited	14.253364
875	18	Ġfor	1.667201
875	19	Ġat	10.297066
875	20	Ġthe	2.771526
875	21	Ġmovie	13.031482
875	22	Ġtheater	0.797713
875	23	.	3.182357
875	24	<|endoftext|>	7.787275
876	1	<|endoftext|>	0.0
876	2	You	7.68222
876	3	Ġknow	4.524771
876	4	Ġwho	5.052576
876	5	Ġthe	6.464205
876	6	Ġman	6.228427
876	7	Ġsaid	7.185384
876	8	Ġthe	5.748247
876	9	Ġattendant	20.049663
876	10	Ġsaw	9.476089
876	11	Ġher	5.735792
876	12	Ġfriend	8.934213
876	13	Ġknew	17.152838
876	14	Ġthe	4.538526
876	15	Ġyoung	10.194283
876	16	Ġwoman	1.865917
876	17	Ġwaited	14.253364
876	18	Ġfor	1.667201
876	19	Ġher	1.301278
876	20	Ġmother	8.819343
876	21	Ġat	4.718939
876	22	Ġthe	0.830586
876	23	Ġmovie	12.428494
876	24	Ġtheater	0.648218
876	25	.	2.930298
876	26	<|endoftext|>	7.764174
877	1	<|endoftext|>	0.0
877	2	You	7.68222
877	3	Ġknow	4.524771
877	4	Ġthat	3.786982
877	5	Ġthe	7.611992
877	6	Ġman	8.267877
877	7	Ġsaid	7.985195
877	8	Ġthe	4.900341
877	9	Ġattendant	17.874175
877	10	Ġsaw	9.631642
877	11	Ġher	3.910068
877	12	Ġfriend	8.816246
877	13	Ġknew	17.093847
877	14	Ġthe	3.880248
877	15	Ġyoung	9.775947
877	16	Ġwoman	1.887423
877	17	Ġwaited	15.263014
877	18	Ġfor	1.738263
877	19	Ġat	10.968968
877	20	Ġthe	3.677734
877	21	Ġmovie	13.008953
877	22	Ġtheater	0.797304
877	23	.	2.587251
877	24	<|endoftext|>	9.677009
878	1	<|endoftext|>	0.0
878	2	You	7.68222
878	3	Ġknow	4.524771
878	4	Ġthat	3.786982
878	5	Ġthe	7.611992
878	6	Ġman	8.267877
878	7	Ġsaid	7.985195
878	8	Ġthe	4.900341
878	9	Ġattendant	17.874175
878	10	Ġsaw	9.631642
878	11	Ġher	3.910068
878	12	Ġfriend	8.816246
878	13	Ġknew	17.093847
878	14	Ġthe	3.880248
878	15	Ġyoung	9.775947
878	16	Ġwoman	1.887423
878	17	Ġwaited	15.263014
878	18	Ġfor	1.738263
878	19	Ġher	1.34221
878	20	Ġmother	8.613111
878	21	Ġat	4.778973
878	22	Ġthe	0.877324
878	23	Ġmovie	12.338937
878	24	Ġtheater	0.606429
878	25	.	2.452726
878	26	<|endoftext|>	9.629727
879	1	<|endoftext|>	0.0
879	2	You	7.68222
879	3	Ġknow	4.524771
879	4	Ġwho	5.052576
879	5	Ġthe	6.464205
879	6	Ġman	6.228427
879	7	Ġsaid	7.185384
879	8	Ġthe	5.748247
879	9	Ġattendant	20.049663
879	10	Ġsaw	9.476089
879	11	Ġher	5.735792
879	12	Ġfriend	8.934213
879	13	Ġknew	17.152838
879	14	Ġthe	4.538526
879	15	Ġyoung	10.194283
879	16	Ġwoman	1.865917
879	17	Ġwaited	14.253364
879	18	Ġfor	1.667201
879	19	Ġat	10.297066
879	20	Ġthe	2.771526
879	21	Ġmovie	13.031482
879	22	Ġtheater	0.797713
879	23	.	3.182357
879	24	<|endoftext|>	7.787275
880	1	<|endoftext|>	0.0
880	2	You	7.68222
880	3	Ġknow	4.524771
880	4	Ġwho	5.052576
880	5	Ġthe	6.464205
880	6	Ġman	6.228427
880	7	Ġsaid	7.185384
880	8	Ġthe	5.748247
880	9	Ġattendant	20.049663
880	10	Ġsaw	9.476089
880	11	Ġher	5.735792
880	12	Ġfriend	8.934213
880	13	Ġknew	17.152838
880	14	Ġthe	4.538526
880	15	Ġyoung	10.194283
880	16	Ġwoman	1.865917
880	17	Ġwaited	14.253364
880	18	Ġfor	1.667201
880	19	Ġher	1.301278
880	20	Ġmother	8.819343
880	21	Ġat	4.718939
880	22	Ġthe	0.830586
880	23	Ġmovie	12.428494
880	24	Ġtheater	0.648218
880	25	.	2.930298
880	26	<|endoftext|>	7.764174
881	1	<|endoftext|>	0.0
881	2	The	4.729313
881	3	Ġneighbors	15.961525
881	4	Ġfound	9.498378
881	5	Ġout	4.967376
881	6	Ġthat	2.611256
881	7	Ġthe	2.653942
881	8	Ġyoung	8.157766
881	9	Ġwoman	2.926721
881	10	Ġbought	11.787881
881	11	Ġfor	10.480448
881	12	Ġher	3.258114
881	13	Ġparents	6.56697
881	14	.	7.637858
881	15	<|endoftext|>	7.085244
882	1	<|endoftext|>	0.0
882	2	The	4.729281
882	3	Ġneighbors	15.961583
882	4	Ġfound	9.498288
882	5	Ġout	4.967343
882	6	Ġthat	2.611273
882	7	Ġthe	2.653965
882	8	Ġyoung	8.157776
882	9	Ġwoman	2.926718
882	10	Ġbought	11.787828
882	11	Ġa	1.615743
882	12	Ġgift	8.603773
882	13	Ġfor	2.238561
882	14	Ġher	1.48026
882	15	Ġparents	6.667908
882	16	.	3.324709
882	17	<|endoftext|>	7.38242
883	1	<|endoftext|>	0.0
883	2	The	4.729313
883	3	Ġneighbors	15.961525
883	4	Ġfound	9.498378
883	5	Ġout	4.967376
883	6	Ġwhat	5.185503
883	7	Ġthe	4.406224
883	8	Ġyoung	8.767868
883	9	Ġwoman	3.48555
883	10	Ġbought	11.885688
883	11	Ġfor	2.419431
883	12	Ġher	2.969664
883	13	Ġparents	6.655269
883	14	.	2.543312
883	15	<|endoftext|>	6.545182
884	1	<|endoftext|>	0.0
884	2	The	4.729281
884	3	Ġneighbors	15.961583
884	4	Ġfound	9.498288
884	5	Ġout	4.967343
884	6	Ġwhat	5.18562
884	7	Ġthe	4.406234
884	8	Ġyoung	8.76787
884	9	Ġwoman	3.485582
884	10	Ġbought	11.885614
884	11	Ġa	5.705148
884	12	Ġgift	8.913138
884	13	Ġfor	0.825465
884	14	Ġher	2.746721
884	15	Ġparents	6.953173
884	16	.	2.434384
884	17	<|endoftext|>	6.562661
885	1	<|endoftext|>	0.0
885	2	The	4.729281
885	3	Ġneighbors	15.961583
885	4	Ġfound	9.498288
885	5	Ġout	4.967343
885	6	Ġthat	2.611273
885	7	Ġher	6.08784
885	8	Ġmother	4.685974
885	9	Ġheard	12.766309
885	10	Ġthe	2.631726
885	11	Ġyoung	8.760134
885	12	Ġwoman	2.026369
885	13	Ġbought	18.72174
885	14	Ġfor	9.738663
885	15	Ġher	1.843629
885	16	Ġparents	9.745956
885	17	.	5.171653
885	18	<|endoftext|>	7.503699
886	1	<|endoftext|>	0.0
886	2	The	4.729281
886	3	Ġneighbors	15.961583
886	4	Ġfound	9.498288
886	5	Ġout	4.967343
886	6	Ġthat	2.611273
886	7	Ġher	6.08784
886	8	Ġmother	4.685974
886	9	Ġheard	12.766309
886	10	Ġthe	2.631726
886	11	Ġyoung	8.760134
886	12	Ġwoman	2.026369
886	13	Ġbought	18.72174
886	14	Ġa	1.870499
886	15	Ġgift	8.847278
886	16	Ġfor	2.256956
886	17	Ġher	1.092479
886	18	Ġparents	9.183457
886	19	.	3.134
886	20	<|endoftext|>	7.410261
887	1	<|endoftext|>	0.0
887	2	The	4.729281
887	3	Ġneighbors	15.961583
887	4	Ġfound	9.498288
887	5	Ġout	4.967343
887	6	Ġwhat	5.18562
887	7	Ġher	8.644129
887	8	Ġmother	5.138842
887	9	Ġheard	11.241158
887	10	Ġthe	6.009526
887	11	Ġyoung	8.840043
887	12	Ġwoman	1.936286
887	13	Ġbought	20.136209
887	14	Ġfor	2.374268
887	15	Ġher	2.129582
887	16	Ġparents	8.406969
887	17	.	1.979739
887	18	<|endoftext|>	6.569264
888	1	<|endoftext|>	0.0
888	2	The	4.729281
888	3	Ġneighbors	15.961583
888	4	Ġfound	9.498288
888	5	Ġout	4.967343
888	6	Ġwhat	5.18562
888	7	Ġher	8.644129
888	8	Ġmother	5.138842
888	9	Ġheard	11.241158
888	10	Ġthe	6.009526
888	11	Ġyoung	8.840043
888	12	Ġwoman	1.936286
888	13	Ġbought	20.136209
888	14	Ġa	5.326514
888	15	Ġgift	9.294037
888	16	Ġfor	1.189802
888	17	Ġher	2.062327
888	18	Ġparents	9.053362
888	19	.	2.054645
888	20	<|endoftext|>	6.722716
889	1	<|endoftext|>	0.0
889	2	The	4.729281
889	3	Ġneighbors	15.961583
889	4	Ġfound	9.498288
889	5	Ġout	4.967343
889	6	Ġthat	2.611273
889	7	Ġher	6.08784
889	8	Ġmother	4.685974
889	9	Ġheard	12.766309
889	10	Ġthe	2.631726
889	11	Ġnewspaper	14.722324
889	12	Ġreported	9.827112
889	13	Ġthe	3.133083
889	14	Ġyoung	9.099211
889	15	Ġwoman	1.650705
889	16	Ġbought	14.043345
889	17	Ġfor	8.631639
889	18	Ġher	2.719557
889	19	Ġparents	8.096532
889	20	.	3.188825
889	21	<|endoftext|>	6.924284
890	1	<|endoftext|>	0.0
890	2	The	4.729281
890	3	Ġneighbors	15.961583
890	4	Ġfound	9.498288
890	5	Ġout	4.967343
890	6	Ġthat	2.611273
890	7	Ġher	6.08784
890	8	Ġmother	4.685974
890	9	Ġheard	12.766309
890	10	Ġthe	2.631726
890	11	Ġnewspaper	14.722324
890	12	Ġreported	9.827112
890	13	Ġthe	3.133083
890	14	Ġyoung	9.099211
890	15	Ġwoman	1.650705
890	16	Ġbought	14.043345
890	17	Ġa	1.812771
890	18	Ġgift	8.242527
890	19	Ġfor	1.899485
890	20	Ġher	1.116908
890	21	Ġparents	8.284701
890	22	.	2.396198
890	23	<|endoftext|>	6.764863
891	1	<|endoftext|>	0.0
891	2	The	4.729281
891	3	Ġneighbors	15.961583
891	4	Ġfound	9.498288
891	5	Ġout	4.967343
891	6	Ġwhat	5.18562
891	7	Ġher	8.644129
891	8	Ġmother	5.138842
891	9	Ġheard	11.241158
891	10	Ġthe	6.009526
891	11	Ġnewspaper	14.22643
891	12	Ġreported	5.256593
891	13	Ġthe	6.954622
891	14	Ġyoung	9.557934
891	15	Ġwoman	1.501389
891	16	Ġbought	13.597726
891	17	Ġfor	2.00985
891	18	Ġher	2.691378
891	19	Ġparents	7.255427
891	20	.	1.605323
891	21	<|endoftext|>	6.587242
892	1	<|endoftext|>	0.0
892	2	The	4.729281
892	3	Ġneighbors	15.961583
892	4	Ġfound	9.498288
892	5	Ġout	4.967343
892	6	Ġwhat	5.18562
892	7	Ġher	8.644129
892	8	Ġmother	5.138842
892	9	Ġheard	11.241158
892	10	Ġthe	6.009526
892	11	Ġnewspaper	14.22643
892	12	Ġreported	5.256593
892	13	Ġthe	6.954622
892	14	Ġyoung	9.557934
892	15	Ġwoman	1.501389
892	16	Ġbought	13.597726
892	17	Ġa	4.259725
892	18	Ġgift	8.648101
892	19	Ġfor	1.736043
892	20	Ġher	1.03628
892	21	Ġparents	7.867285
892	22	.	2.015034
892	23	<|endoftext|>	6.592774
893	1	<|endoftext|>	0.0
893	2	The	4.729281
893	3	Ġneighbors	15.961583
893	4	Ġfound	9.498288
893	5	Ġout	4.967343
893	6	Ġthat	2.611273
893	7	Ġher	6.08784
893	8	Ġmother	4.685974
893	9	Ġheard	12.766309
893	10	Ġthe	2.631726
893	11	Ġnewspaper	14.722324
893	12	Ġreported	9.827112
893	13	Ġthe	3.133083
893	14	Ġmayor	11.328305
893	15	Ġsaid	8.085535
893	16	Ġthe	3.252141
893	17	Ġyoung	9.499897
893	18	Ġwoman	1.606515
893	19	Ġbought	11.835322
893	20	Ġfor	9.369413
893	21	Ġher	2.182649
893	22	Ġparents	8.280983
893	23	.	3.402954
893	24	<|endoftext|>	6.179209
894	1	<|endoftext|>	0.0
894	2	The	4.729281
894	3	Ġneighbors	15.961583
894	4	Ġfound	9.498288
894	5	Ġout	4.967343
894	6	Ġthat	2.611273
894	7	Ġher	6.08784
894	8	Ġmother	4.685974
894	9	Ġheard	12.766309
894	10	Ġthe	2.631726
894	11	Ġnewspaper	14.722324
894	12	Ġreported	9.827112
894	13	Ġthe	3.133083
894	14	Ġmayor	11.328305
894	15	Ġsaid	8.085535
894	16	Ġthe	3.252141
894	17	Ġyoung	9.499897
894	18	Ġwoman	1.606515
894	19	Ġbought	11.835322
894	20	Ġa	2.044262
894	21	Ġgift	8.451794
894	22	Ġfor	1.687546
894	23	Ġher	1.426523
894	24	Ġparents	8.276931
894	25	.	2.131062
894	26	<|endoftext|>	5.983857
895	1	<|endoftext|>	0.0
895	2	The	4.729281
895	3	Ġneighbors	15.961583
895	4	Ġfound	9.498288
895	5	Ġout	4.967343
895	6	Ġwhat	5.18562
895	7	Ġher	8.644129
895	8	Ġmother	5.138842
895	9	Ġheard	11.241158
895	10	Ġthe	6.009526
895	11	Ġnewspaper	14.22643
895	12	Ġreported	5.256593
895	13	Ġthe	6.954622
895	14	Ġmayor	12.758925
895	15	Ġsaid	4.236251
895	16	Ġthe	5.800808
895	17	Ġyoung	8.848701
895	18	Ġwoman	1.436992
895	19	Ġbought	11.668168
895	20	Ġfor	1.904676
895	21	Ġher	2.170319
895	22	Ġparents	7.42809
895	23	.	1.686397
895	24	<|endoftext|>	6.042337
896	1	<|endoftext|>	0.0
896	2	The	4.729281
896	3	Ġneighbors	15.961583
896	4	Ġfound	9.498288
896	5	Ġout	4.967343
896	6	Ġwhat	5.18562
896	7	Ġher	8.644129
896	8	Ġmother	5.138842
896	9	Ġheard	11.241158
896	10	Ġthe	6.009526
896	11	Ġnewspaper	14.22643
896	12	Ġreported	5.256593
896	13	Ġthe	6.954622
896	14	Ġmayor	12.758925
896	15	Ġsaid	4.236251
896	16	Ġthe	5.800808
896	17	Ġyoung	8.848701
896	18	Ġwoman	1.436992
896	19	Ġbought	11.668168
896	20	Ġa	4.177687
896	21	Ġgift	8.547556
896	22	Ġfor	1.564551
896	23	Ġher	1.341577
896	24	Ġparents	7.866081
896	25	.	2.044114
896	26	<|endoftext|>	6.05318
897	1	<|endoftext|>	0.0
897	2	The	4.729281
897	3	Ġneighbors	15.961583
897	4	Ġfound	9.498288
897	5	Ġout	4.967343
897	6	Ġthat	2.611273
897	7	Ġher	6.08784
897	8	Ġmother	4.685974
897	9	Ġheard	12.766309
897	10	Ġthe	2.631726
897	11	Ġnewspaper	14.722324
897	12	Ġreported	9.827112
897	13	Ġthe	3.133083
897	14	Ġmayor	11.328305
897	15	Ġsaid	8.085535
897	16	Ġthe	3.252141
897	17	Ġyoung	9.499897
897	18	Ġwoman	1.606515
897	19	Ġbought	11.835322
897	20	Ġfor	9.369413
897	21	Ġher	2.182649
897	22	Ġparents	8.280983
897	23	.	3.402954
897	24	<|endoftext|>	6.179209
898	1	<|endoftext|>	0.0
898	2	The	4.729281
898	3	Ġneighbors	15.961583
898	4	Ġfound	9.498288
898	5	Ġout	4.967343
898	6	Ġthat	2.611273
898	7	Ġher	6.08784
898	8	Ġmother	4.685974
898	9	Ġheard	12.766309
898	10	Ġthe	2.631726
898	11	Ġnewspaper	14.722324
898	12	Ġreported	9.827112
898	13	Ġthe	3.133083
898	14	Ġmayor	11.328305
898	15	Ġsaid	8.085535
898	16	Ġthe	3.252141
898	17	Ġyoung	9.499897
898	18	Ġwoman	1.606515
898	19	Ġbought	11.835322
898	20	Ġa	2.044262
898	21	Ġgift	8.451794
898	22	Ġfor	1.687546
898	23	Ġher	1.426523
898	24	Ġparents	8.276931
898	25	.	2.131062
898	26	<|endoftext|>	5.983857
899	1	<|endoftext|>	0.0
899	2	The	4.729281
899	3	Ġneighbors	15.961583
899	4	Ġfound	9.498288
899	5	Ġout	4.967343
899	6	Ġwhat	5.18562
899	7	Ġher	8.644129
899	8	Ġmother	5.138842
899	9	Ġheard	11.241158
899	10	Ġthe	6.009526
899	11	Ġnewspaper	14.22643
899	12	Ġreported	5.256593
899	13	Ġthe	6.954622
899	14	Ġmayor	12.758925
899	15	Ġsaid	4.236251
899	16	Ġthe	5.800808
899	17	Ġyoung	8.848701
899	18	Ġwoman	1.436992
899	19	Ġbought	11.668168
899	20	Ġfor	1.904676
899	21	Ġher	2.170319
899	22	Ġparents	7.42809
899	23	.	1.686397
899	24	<|endoftext|>	6.042337
900	1	<|endoftext|>	0.0
900	2	The	4.729281
900	3	Ġneighbors	15.961583
900	4	Ġfound	9.498288
900	5	Ġout	4.967343
900	6	Ġwhat	5.18562
900	7	Ġher	8.644129
900	8	Ġmother	5.138842
900	9	Ġheard	11.241158
900	10	Ġthe	6.009526
900	11	Ġnewspaper	14.22643
900	12	Ġreported	5.256593
900	13	Ġthe	6.954622
900	14	Ġmayor	12.758925
900	15	Ġsaid	4.236251
900	16	Ġthe	5.800808
900	17	Ġyoung	8.848701
900	18	Ġwoman	1.436992
900	19	Ġbought	11.668168
900	20	Ġa	4.177687
900	21	Ġgift	8.547556
900	22	Ġfor	1.564551
900	23	Ġher	1.341577
900	24	Ġparents	7.866081
900	25	.	2.044114
900	26	<|endoftext|>	6.05318
901	1	<|endoftext|>	0.0
901	2	He	8.582737
901	3	Ġknows	8.734376
901	4	Ġthat	2.922586
901	5	Ġthe	3.683981
901	6	Ġpolice	8.714706
901	7	Ġinterrogated	14.636797
901	8	Ġin	9.483769
901	9	Ġthe	2.206248
901	10	Ġbasement	8.342943
901	11	.	6.927369
901	12	<|endoftext|>	9.691643
902	1	<|endoftext|>	0.0
902	2	He	8.582737
902	3	Ġknows	8.734376
902	4	Ġthat	2.922574
902	5	Ġthe	3.683981
902	6	Ġpolice	8.714694
902	7	Ġinterrogated	14.636794
902	8	Ġthe	5.171379
902	9	Ġsuspect	5.2252
902	10	Ġin	3.816709
902	11	Ġthe	1.431207
902	12	Ġbasement	11.153522
902	13	.	3.513916
902	14	<|endoftext|>	9.790056
903	1	<|endoftext|>	0.0
903	2	He	8.582737
903	3	Ġknows	8.734376
903	4	Ġwho	6.314426
903	5	Ġthe	4.333661
903	6	Ġpolice	9.947937
903	7	Ġinterrogated	14.825829
903	8	Ġin	5.054121
903	9	Ġthe	2.021048
903	10	Ġbasement	8.651309
903	11	.	2.484068
903	12	<|endoftext|>	8.651156
904	1	<|endoftext|>	0.0
904	2	He	8.582737
904	3	Ġknows	8.734376
904	4	Ġwho	6.314424
904	5	Ġthe	4.333661
904	6	Ġpolice	9.947936
904	7	Ġinterrogated	14.82584
904	8	Ġthe	6.136582
904	9	Ġsuspect	4.438737
904	10	Ġin	2.254062
904	11	Ġthe	1.141351
904	12	Ġbasement	12.412625
904	13	.	2.539232
904	14	<|endoftext|>	8.652334
905	1	<|endoftext|>	0.0
905	2	He	8.582737
905	3	Ġknows	8.734376
905	4	Ġthat	2.922586
905	5	Ġthe	3.683981
905	6	Ġinspector	15.441081
905	7	Ġbelieved	17.761739
905	8	Ġthe	2.896189
905	9	Ġpolice	7.426874
905	10	Ġinterrogated	13.941907
905	11	Ġin	9.956658
905	12	Ġthe	1.79092
905	13	Ġbasement	9.985584
905	14	.	5.399759
905	15	<|endoftext|>	8.887501
906	1	<|endoftext|>	0.0
906	2	He	8.582732
906	3	Ġknows	8.734344
906	4	Ġthat	2.922593
906	5	Ġthe	3.684015
906	6	Ġinspector	15.4411
906	7	Ġbelieved	17.761638
906	8	Ġthe	2.896212
906	9	Ġpolice	7.426873
906	10	Ġinterrogated	13.94202
906	11	Ġthe	4.424394
906	12	Ġsuspect	4.512068
906	13	Ġin	4.144949
906	14	Ġthe	1.77147
906	15	Ġbasement	9.045993
906	16	.	2.853806
906	17	<|endoftext|>	8.628033
907	1	<|endoftext|>	0.0
907	2	He	8.582737
907	3	Ġknows	8.734376
907	4	Ġwho	6.314426
907	5	Ġthe	4.333661
907	6	Ġinspector	14.238181
907	7	Ġbelieved	15.13482
907	8	Ġthe	7.269143
907	9	Ġpolice	6.731146
907	10	Ġinterrogated	13.152906
907	11	Ġin	5.702955
907	12	Ġthe	1.610011
907	13	Ġbasement	10.426355
907	14	.	2.231541
907	15	<|endoftext|>	8.117
908	1	<|endoftext|>	0.0
908	2	He	8.582732
908	3	Ġknows	8.734344
908	4	Ġwho	6.31441
908	5	Ġthe	4.333633
908	6	Ġinspector	14.238199
908	7	Ġbelieved	15.134806
908	8	Ġthe	7.269158
908	9	Ġpolice	6.731131
908	10	Ġinterrogated	13.152895
908	11	Ġthe	6.170627
908	12	Ġsuspect	3.743672
908	13	Ġin	2.102183
908	14	Ġthe	1.334021
908	15	Ġbasement	10.7397
908	16	.	2.156306
908	17	<|endoftext|>	7.999948
909	1	<|endoftext|>	0.0
909	2	He	8.582732
909	3	Ġknows	8.734344
909	4	Ġthat	2.922593
909	5	Ġthe	3.684015
909	6	Ġinspector	15.4411
909	7	Ġbelieved	17.761638
909	8	Ġthe	2.896212
909	9	Ġman	5.775289
909	10	Ġreported	11.511199
909	11	Ġthe	1.685899
909	12	Ġpolice	9.003147
909	13	Ġinterrogated	17.894167
909	14	Ġin	8.401716
909	15	Ġthe	1.793674
909	16	Ġbasement	7.49279
909	17	.	2.988624
909	18	<|endoftext|>	7.834077
910	1	<|endoftext|>	0.0
910	2	He	8.582732
910	3	Ġknows	8.734344
910	4	Ġthat	2.922593
910	5	Ġthe	3.684015
910	6	Ġinspector	15.4411
910	7	Ġbelieved	17.761638
910	8	Ġthe	2.896212
910	9	Ġman	5.775289
910	10	Ġreported	11.511199
910	11	Ġthe	1.685899
910	12	Ġpolice	9.003147
910	13	Ġinterrogated	17.894167
910	14	Ġthe	4.625846
910	15	Ġsuspect	3.640564
910	16	Ġin	4.30017
910	17	Ġthe	2.07043
910	18	Ġbasement	6.740524
910	19	.	2.664689
910	20	<|endoftext|>	7.667414
911	1	<|endoftext|>	0.0
911	2	He	8.582732
911	3	Ġknows	8.734344
911	4	Ġwho	6.31441
911	5	Ġthe	4.333633
911	6	Ġinspector	14.238199
911	7	Ġbelieved	15.134806
911	8	Ġthe	7.269158
911	9	Ġman	4.107474
911	10	Ġreported	12.728682
911	11	Ġthe	4.019446
911	12	Ġpolice	8.769698
911	13	Ġinterrogated	15.681595
911	14	Ġin	5.846087
911	15	Ġthe	1.761838
911	16	Ġbasement	7.615071
911	17	.	2.131155
911	18	<|endoftext|>	7.260922
912	1	<|endoftext|>	0.0
912	2	He	8.582732
912	3	Ġknows	8.734344
912	4	Ġwho	6.31441
912	5	Ġthe	4.333633
912	6	Ġinspector	14.238199
912	7	Ġbelieved	15.134806
912	8	Ġthe	7.269158
912	9	Ġman	4.107474
912	10	Ġreported	12.728682
912	11	Ġthe	4.019446
912	12	Ġpolice	8.769698
912	13	Ġinterrogated	15.681595
912	14	Ġthe	6.518652
912	15	Ġsuspect	3.307228
912	16	Ġin	3.12394
912	17	Ġthe	2.138213
912	18	Ġbasement	7.496622
912	19	.	2.144457
912	20	<|endoftext|>	7.063307
913	1	<|endoftext|>	0.0
913	2	He	8.582732
913	3	Ġknows	8.734344
913	4	Ġthat	2.922593
913	5	Ġthe	3.684015
913	6	Ġinspector	15.4411
913	7	Ġbelieved	17.761638
913	8	Ġthe	2.896212
913	9	Ġman	5.775289
913	10	Ġreported	11.511199
913	11	Ġhe	7.98676
913	12	Ġknew	7.862259
913	13	Ġthe	2.712449
913	14	Ġpolice	7.849441
913	15	Ġinterrogated	15.099961
913	16	Ġin	9.218975
913	17	Ġthe	1.755035
913	18	Ġbasement	6.441402
913	19	.	2.739739
913	20	<|endoftext|>	7.79547
914	1	<|endoftext|>	0.0
914	2	He	8.582732
914	3	Ġknows	8.734344
914	4	Ġthat	2.922593
914	5	Ġthe	3.684015
914	6	Ġinspector	15.4411
914	7	Ġbelieved	17.761638
914	8	Ġthe	2.896212
914	9	Ġman	5.775289
914	10	Ġreported	11.511199
914	11	Ġhe	7.98676
914	12	Ġknew	7.862259
914	13	Ġthe	2.712449
914	14	Ġpolice	7.849441
914	15	Ġinterrogated	15.099961
914	16	Ġthe	4.047696
914	17	Ġsuspect	3.525594
914	18	Ġin	4.655711
914	19	Ġthe	2.043712
914	20	Ġbasement	6.819537
914	21	.	2.534604
914	22	<|endoftext|>	7.656438
915	1	<|endoftext|>	0.0
915	2	He	8.582732
915	3	Ġknows	8.734344
915	4	Ġwho	6.31441
915	5	Ġthe	4.333633
915	6	Ġinspector	14.238199
915	7	Ġbelieved	15.134806
915	8	Ġthe	7.269158
915	9	Ġman	4.107474
915	10	Ġreported	12.728682
915	11	Ġhe	9.22062
915	12	Ġknew	6.3045
915	13	Ġthe	7.136874
915	14	Ġpolice	7.874311
915	15	Ġinterrogated	13.973114
915	16	Ġin	6.00745
915	17	Ġthe	1.864443
915	18	Ġbasement	6.427758
915	19	.	2.046638
915	20	<|endoftext|>	7.288058
916	1	<|endoftext|>	0.0
916	2	He	8.582732
916	3	Ġknows	8.734344
916	4	Ġwho	6.31441
916	5	Ġthe	4.333633
916	6	Ġinspector	14.238199
916	7	Ġbelieved	15.134806
916	8	Ġthe	7.269158
916	9	Ġman	4.107474
916	10	Ġreported	12.728682
916	11	Ġhe	9.22062
916	12	Ġknew	6.3045
916	13	Ġthe	7.136874
916	14	Ġpolice	7.874311
916	15	Ġinterrogated	13.973114
916	16	Ġthe	5.874432
916	17	Ġsuspect	3.347287
916	18	Ġin	3.740498
916	19	Ġthe	2.044141
916	20	Ġbasement	7.253657
916	21	.	2.149565
916	22	<|endoftext|>	7.131089
917	1	<|endoftext|>	0.0
917	2	He	8.582732
917	3	Ġknows	8.734344
917	4	Ġthat	2.922593
917	5	Ġthe	3.684015
917	6	Ġinspector	15.4411
917	7	Ġbelieved	17.761638
917	8	Ġthe	2.896212
917	9	Ġman	5.775289
917	10	Ġreported	11.511199
917	11	Ġhe	7.98676
917	12	Ġknew	7.862259
917	13	Ġthe	2.712449
917	14	Ġpolice	7.849441
917	15	Ġinterrogated	15.099961
917	16	Ġin	9.218975
917	17	Ġthe	1.755035
917	18	Ġbasement	6.441402
917	19	.	2.739739
917	20	<|endoftext|>	7.79547
918	1	<|endoftext|>	0.0
918	2	He	8.582732
918	3	Ġknows	8.734344
918	4	Ġthat	2.922593
918	5	Ġthe	3.684015
918	6	Ġinspector	15.4411
918	7	Ġbelieved	17.761638
918	8	Ġthe	2.896212
918	9	Ġman	5.775289
918	10	Ġreported	11.511199
918	11	Ġhe	7.98676
918	12	Ġknew	7.862259
918	13	Ġthe	2.712449
918	14	Ġpolice	7.849441
918	15	Ġinterrogated	15.099961
918	16	Ġthe	4.047696
918	17	Ġsuspect	3.525594
918	18	Ġin	4.655711
918	19	Ġthe	2.043712
918	20	Ġbasement	6.819537
918	21	.	2.534604
918	22	<|endoftext|>	7.656438
919	1	<|endoftext|>	0.0
919	2	He	8.582732
919	3	Ġknows	8.734344
919	4	Ġwho	6.31441
919	5	Ġthe	4.333633
919	6	Ġinspector	14.238199
919	7	Ġbelieved	15.134806
919	8	Ġthe	7.269158
919	9	Ġman	4.107474
919	10	Ġreported	12.728682
919	11	Ġhe	9.22062
919	12	Ġknew	6.3045
919	13	Ġthe	7.136874
919	14	Ġpolice	7.874311
919	15	Ġinterrogated	13.973114
919	16	Ġin	6.00745
919	17	Ġthe	1.864443
919	18	Ġbasement	6.427758
919	19	.	2.046638
919	20	<|endoftext|>	7.288058
920	1	<|endoftext|>	0.0
920	2	He	8.582732
920	3	Ġknows	8.734344
920	4	Ġwho	6.31441
920	5	Ġthe	4.333633
920	6	Ġinspector	14.238199
920	7	Ġbelieved	15.134806
920	8	Ġthe	7.269158
920	9	Ġman	4.107474
920	10	Ġreported	12.728682
920	11	Ġhe	9.22062
920	12	Ġknew	6.3045
920	13	Ġthe	7.136874
920	14	Ġpolice	7.874311
920	15	Ġinterrogated	13.973114
920	16	Ġthe	5.874432
920	17	Ġsuspect	3.347287
920	18	Ġin	3.740498
920	19	Ġthe	2.044141
920	20	Ġbasement	7.253657
920	21	.	2.149565
920	22	<|endoftext|>	7.131089
921	1	<|endoftext|>	0.0
921	2	She	9.588393
921	3	Ġknows	8.547399
921	4	Ġthat	3.373155
921	5	Ġthe	4.09474
921	6	Ġsoldier	13.330741
921	7	Ġthanked	14.719051
921	8	Ġin	10.872436
921	9	Ġthe	2.677373
921	10	Ġmess	15.340835
921	11	Ġhall	2.939489
921	12	.	3.74392
921	13	<|endoftext|>	8.092329
922	1	<|endoftext|>	0.0
922	2	She	9.588393
922	3	Ġknows	8.547399
922	4	Ġthat	3.373149
922	5	Ġthe	4.09474
922	6	Ġsoldier	13.330741
922	7	Ġthanked	14.719069
922	8	Ġthe	4.492652
922	9	Ġcook	13.627206
922	10	Ġin	5.052323
922	11	Ġthe	2.169631
922	12	Ġmess	12.491162
922	13	Ġhall	0.796328
922	14	.	3.143424
922	15	<|endoftext|>	8.122301
923	1	<|endoftext|>	0.0
923	2	She	9.588393
923	3	Ġknows	8.547399
923	4	Ġwho	6.179725
923	5	Ġthe	4.654339
923	6	Ġsoldier	11.451276
923	7	Ġthanked	18.822574
923	8	Ġin	5.993212
923	9	Ġthe	2.031922
923	10	Ġmess	14.196671
923	11	Ġhall	2.501399
923	12	.	1.722202
923	13	<|endoftext|>	7.454688
924	1	<|endoftext|>	0.0
924	2	She	9.588393
924	3	Ġknows	8.547399
924	4	Ġwho	6.179697
924	5	Ġthe	4.654339
924	6	Ġsoldier	11.451276
924	7	Ġthanked	18.822566
924	8	Ġthe	6.121544
924	9	Ġcook	15.210801
924	10	Ġin	6.121661
924	11	Ġthe	1.368438
924	12	Ġmess	11.489207
924	13	Ġhall	0.817029
924	14	.	1.980952
924	15	<|endoftext|>	7.463313
925	1	<|endoftext|>	0.0
925	2	She	9.588382
925	3	Ġknows	8.547404
925	4	Ġthat	3.373128
925	5	Ġthe	4.094763
925	6	Ġcaptain	13.727571
925	7	Ġsaid	9.20406
925	8	Ġthe	4.763924
925	9	Ġsoldier	12.733418
925	10	Ġthanked	13.887916
925	11	Ġin	12.752662
925	12	Ġthe	3.037542
925	13	Ġmess	15.399082
925	14	Ġhall	2.818797
925	15	.	3.035797
925	16	<|endoftext|>	7.090655
926	1	<|endoftext|>	0.0
926	2	She	9.588377
926	3	Ġknows	8.547394
926	4	Ġthat	3.373129
926	5	Ġthe	4.094771
926	6	Ġcaptain	13.727564
926	7	Ġsaid	9.204067
926	8	Ġthe	4.763949
926	9	Ġsoldier	12.733432
926	10	Ġthanked	13.887928
926	11	Ġthe	4.561529
926	12	Ġcook	13.120799
926	13	Ġin	5.461425
926	14	Ġthe	2.271081
926	15	Ġmess	12.090938
926	16	Ġhall	1.048968
926	17	.	2.79871
926	18	<|endoftext|>	6.939732
927	1	<|endoftext|>	0.0
927	2	She	9.588382
927	3	Ġknows	8.547404
927	4	Ġwho	6.179819
927	5	Ġthe	4.654308
927	6	Ġcaptain	11.656771
927	7	Ġsaid	12.304489
927	8	Ġthe	6.787536
927	9	Ġsoldier	11.180351
927	10	Ġthanked	16.108999
927	11	Ġin	6.154998
927	12	Ġthe	2.220981
927	13	Ġmess	14.314329
927	14	Ġhall	1.789295
927	15	.	1.359389
927	16	<|endoftext|>	6.16477
928	1	<|endoftext|>	0.0
928	2	She	9.588377
928	3	Ġknows	8.547394
928	4	Ġwho	6.17982
928	5	Ġthe	4.654325
928	6	Ġcaptain	11.656775
928	7	Ġsaid	12.304488
928	8	Ġthe	6.78755
928	9	Ġsoldier	11.180349
928	10	Ġthanked	16.108997
928	11	Ġthe	6.727056
928	12	Ġcook	14.637889
928	13	Ġin	5.930406
928	14	Ġthe	1.56686
928	15	Ġmess	11.21225
928	16	Ġhall	0.953259
928	17	.	1.575516
928	18	<|endoftext|>	5.880194
929	1	<|endoftext|>	0.0
929	2	She	9.588377
929	3	Ġknows	8.547394
929	4	Ġthat	3.373129
929	5	Ġthe	4.094771
929	6	Ġcaptain	13.727564
929	7	Ġsaid	9.204067
929	8	Ġthe	4.763949
929	9	Ġpilot	9.969822
929	10	Ġthought	8.944177
929	11	Ġthe	2.954343
929	12	Ġsoldier	13.304438
929	13	Ġthanked	17.024062
929	14	Ġin	12.673377
929	15	Ġthe	3.025048
929	16	Ġmess	15.300182
929	17	Ġhall	2.915888
929	18	.	2.774611
929	19	<|endoftext|>	6.861457
930	1	<|endoftext|>	0.0
930	2	She	9.588377
930	3	Ġknows	8.547394
930	4	Ġthat	3.373129
930	5	Ġthe	4.094771
930	6	Ġcaptain	13.727564
930	7	Ġsaid	9.204067
930	8	Ġthe	4.763949
930	9	Ġpilot	9.969822
930	10	Ġthought	8.944177
930	11	Ġthe	2.954343
930	12	Ġsoldier	13.304438
930	13	Ġthanked	17.024062
930	14	Ġthe	4.35471
930	15	Ġcook	12.360481
930	16	Ġin	5.390544
930	17	Ġthe	2.140258
930	18	Ġmess	12.211709
930	19	Ġhall	1.360945
930	20	.	2.424494
930	21	<|endoftext|>	6.802626
931	1	<|endoftext|>	0.0
931	2	She	9.588377
931	3	Ġknows	8.547394
931	4	Ġwho	6.17982
931	5	Ġthe	4.654325
931	6	Ġcaptain	11.656775
931	7	Ġsaid	12.304488
931	8	Ġthe	6.78755
931	9	Ġpilot	8.668126
931	10	Ġthought	7.89114
931	11	Ġthe	5.847544
931	12	Ġsoldier	13.146293
931	13	Ġthanked	17.901493
931	14	Ġin	6.914612
931	15	Ġthe	2.508576
931	16	Ġmess	14.059379
931	17	Ġhall	1.954234
931	18	.	1.380808
931	19	<|endoftext|>	5.87133
932	1	<|endoftext|>	0.0
932	2	She	9.588377
932	3	Ġknows	8.547394
932	4	Ġwho	6.17982
932	5	Ġthe	4.654325
932	6	Ġcaptain	11.656775
932	7	Ġsaid	12.304488
932	8	Ġthe	6.78755
932	9	Ġpilot	8.668126
932	10	Ġthought	7.89114
932	11	Ġthe	5.847544
932	12	Ġsoldier	13.146293
932	13	Ġthanked	17.901493
932	14	Ġthe	5.973677
932	15	Ġcook	13.403164
932	16	Ġin	5.618277
932	17	Ġthe	1.627478
932	18	Ġmess	11.594715
932	19	Ġhall	1.275399
932	20	.	1.426071
932	21	<|endoftext|>	5.745474
933	1	<|endoftext|>	0.0
933	2	She	9.588377
933	3	Ġknows	8.547394
933	4	Ġthat	3.373129
933	5	Ġthe	4.094771
933	6	Ġcaptain	13.727564
933	7	Ġsaid	9.204067
933	8	Ġthe	4.763949
933	9	Ġpilot	9.969822
933	10	Ġthought	8.944177
933	11	Ġhe	1.650908
933	12	Ġknew	6.922778
933	13	Ġthe	2.838889
933	14	Ġsoldier	12.656066
933	15	Ġthanked	19.544919
933	16	Ġin	10.776667
933	17	Ġthe	3.060299
933	18	Ġmess	15.01658
933	19	Ġhall	1.931621
933	20	.	2.114245
933	21	<|endoftext|>	6.728651
934	1	<|endoftext|>	0.0
934	2	She	9.588377
934	3	Ġknows	8.547394
934	4	Ġthat	3.373129
934	5	Ġthe	4.094771
934	6	Ġcaptain	13.727564
934	7	Ġsaid	9.204067
934	8	Ġthe	4.763949
934	9	Ġpilot	9.969822
934	10	Ġthought	8.944177
934	11	Ġhe	1.650908
934	12	Ġknew	6.922778
934	13	Ġthe	2.838889
934	14	Ġsoldier	12.656066
934	15	Ġthanked	19.544919
934	16	Ġthe	4.452923
934	17	Ġcook	13.168387
934	18	Ġin	5.598166
934	19	Ġthe	2.01847
934	20	Ġmess	11.7257
934	21	Ġhall	1.03018
934	22	.	2.084731
934	23	<|endoftext|>	6.577715
935	1	<|endoftext|>	0.0
935	2	She	9.588377
935	3	Ġknows	8.547394
935	4	Ġwho	6.17982
935	5	Ġthe	4.654325
935	6	Ġcaptain	11.656775
935	7	Ġsaid	12.304488
935	8	Ġthe	6.78755
935	9	Ġpilot	8.668126
935	10	Ġthought	7.89114
935	11	Ġhe	1.746531
935	12	Ġknew	7.5869
935	13	Ġthe	6.439443
935	14	Ġsoldier	11.654276
935	15	Ġthanked	17.201501
935	16	Ġin	6.88773
935	17	Ġthe	2.898029
935	18	Ġmess	14.162043
935	19	Ġhall	1.548356
935	20	.	1.408709
935	21	<|endoftext|>	5.596043
936	1	<|endoftext|>	0.0
936	2	She	9.588377
936	3	Ġknows	8.547394
936	4	Ġwho	6.17982
936	5	Ġthe	4.654325
936	6	Ġcaptain	11.656775
936	7	Ġsaid	12.304488
936	8	Ġthe	6.78755
936	9	Ġpilot	8.668126
936	10	Ġthought	7.89114
936	11	Ġhe	1.746531
936	12	Ġknew	7.5869
936	13	Ġthe	6.439443
936	14	Ġsoldier	11.654276
936	15	Ġthanked	17.201501
936	16	Ġthe	5.540926
936	17	Ġcook	14.429267
936	18	Ġin	5.29431
936	19	Ġthe	1.770491
936	20	Ġmess	11.230616
936	21	Ġhall	0.870306
936	22	.	1.509878
936	23	<|endoftext|>	5.375263
937	1	<|endoftext|>	0.0
937	2	She	9.588377
937	3	Ġknows	8.547394
937	4	Ġthat	3.373129
937	5	Ġthe	4.094771
937	6	Ġcaptain	13.727564
937	7	Ġsaid	9.204067
937	8	Ġthe	4.763949
937	9	Ġpilot	9.969822
937	10	Ġthought	8.944177
937	11	Ġhe	1.650908
937	12	Ġknew	6.922778
937	13	Ġthe	2.838889
937	14	Ġsoldier	12.656066
937	15	Ġthanked	19.544919
937	16	Ġin	10.776667
937	17	Ġthe	3.060299
937	18	Ġmess	15.01658
937	19	Ġhall	1.931621
937	20	.	2.114245
937	21	<|endoftext|>	6.728651
938	1	<|endoftext|>	0.0
938	2	She	9.588377
938	3	Ġknows	8.547394
938	4	Ġthat	3.373129
938	5	Ġthe	4.094771
938	6	Ġcaptain	13.727564
938	7	Ġsaid	9.204067
938	8	Ġthe	4.763949
938	9	Ġpilot	9.969822
938	10	Ġthought	8.944177
938	11	Ġhe	1.650908
938	12	Ġknew	6.922778
938	13	Ġthe	2.838889
938	14	Ġsoldier	12.656066
938	15	Ġthanked	19.544919
938	16	Ġthe	4.452923
938	17	Ġcook	13.168387
938	18	Ġin	5.598166
938	19	Ġthe	2.01847
938	20	Ġmess	11.7257
938	21	Ġhall	1.03018
938	22	.	2.084731
938	23	<|endoftext|>	6.577715
939	1	<|endoftext|>	0.0
939	2	She	9.588377
939	3	Ġknows	8.547394
939	4	Ġwho	6.17982
939	5	Ġthe	4.654325
939	6	Ġcaptain	11.656775
939	7	Ġsaid	12.304488
939	8	Ġthe	6.78755
939	9	Ġpilot	8.668126
939	10	Ġthought	7.89114
939	11	Ġhe	1.746531
939	12	Ġknew	7.5869
939	13	Ġthe	6.439443
939	14	Ġsoldier	11.654276
939	15	Ġthanked	17.201501
939	16	Ġin	6.88773
939	17	Ġthe	2.898029
939	18	Ġmess	14.162043
939	19	Ġhall	1.548356
939	20	.	1.408709
939	21	<|endoftext|>	5.596043
940	1	<|endoftext|>	0.0
940	2	She	9.588377
940	3	Ġknows	8.547394
940	4	Ġwho	6.17982
940	5	Ġthe	4.654325
940	6	Ġcaptain	11.656775
940	7	Ġsaid	12.304488
940	8	Ġthe	6.78755
940	9	Ġpilot	8.668126
940	10	Ġthought	7.89114
940	11	Ġhe	1.746531
940	12	Ġknew	7.5869
940	13	Ġthe	6.439443
940	14	Ġsoldier	11.654276
940	15	Ġthanked	17.201501
940	16	Ġthe	5.540926
940	17	Ġcook	14.429267
940	18	Ġin	5.29431
940	19	Ġthe	1.770491
940	20	Ġmess	11.230616
940	21	Ġhall	0.870306
940	22	.	1.509878
940	23	<|endoftext|>	5.375263
941	1	<|endoftext|>	0.0
941	2	They	9.39695
941	3	Ġknow	7.895996
941	4	Ġthat	2.878176
941	5	Ġthe	3.625604
941	6	Ġlawyer	14.264164
941	7	Ġreassured	18.838941
941	8	Ġlast	13.488912
941	9	Ġnight	3.129517
941	10	.	7.205985
941	11	<|endoftext|>	7.423996
942	1	<|endoftext|>	0.0
942	2	They	9.39695
942	3	Ġknow	7.895996
942	4	Ġthat	2.878176
942	5	Ġthe	3.625604
942	6	Ġlawyer	14.264153
942	7	Ġreassured	18.838941
942	8	Ġhis	6.179322
942	9	Ġclient	2.5025
942	10	Ġlast	7.494286
942	11	Ġnight	3.699373
942	12	.	5.436095
942	13	<|endoftext|>	7.773784
943	1	<|endoftext|>	0.0
943	2	They	9.39695
943	3	Ġknow	7.895996
943	4	Ġwho	5.464134
943	5	Ġthe	4.252008
943	6	Ġlawyer	11.507491
943	7	Ġreassured	22.752256
943	8	Ġlast	11.16346
943	9	Ġnight	2.743655
943	10	.	2.308752
943	11	<|endoftext|>	6.495837
944	1	<|endoftext|>	0.0
944	2	They	9.39695
944	3	Ġknow	7.895996
944	4	Ġwho	5.464134
944	5	Ġthe	4.252008
944	6	Ġlawyer	11.50749
944	7	Ġreassured	22.752256
944	8	Ġhis	9.445745
944	9	Ġclient	2.963655
944	10	Ġlast	7.318334
944	11	Ġnight	2.919549
944	12	.	1.94907
944	13	<|endoftext|>	7.077436
945	1	<|endoftext|>	0.0
945	2	They	9.39695
945	3	Ġknow	7.895996
945	4	Ġthat	2.878176
945	5	Ġthe	3.625604
945	6	Ġman	8.496851
945	7	Ġsaid	8.80995
945	8	Ġthe	4.002767
945	9	Ġlawyer	13.737403
945	10	Ġreassured	16.831375
945	11	Ġlast	15.314183
945	12	Ġnight	2.606013
945	13	.	5.604152
945	14	<|endoftext|>	6.892141
946	1	<|endoftext|>	0.0
946	2	They	9.396972
946	3	Ġknow	7.895986
946	4	Ġthat	2.878197
946	5	Ġthe	3.62555
946	6	Ġman	8.496807
946	7	Ġsaid	8.809932
946	8	Ġthe	4.002761
946	9	Ġlawyer	13.737493
946	10	Ġreassured	16.831317
946	11	Ġhis	6.610098
946	12	Ġclient	1.878654
946	13	Ġlast	9.019654
946	14	Ġnight	3.106209
946	15	.	3.939553
946	16	<|endoftext|>	7.251232
947	1	<|endoftext|>	0.0
947	2	They	9.39695
947	3	Ġknow	7.895996
947	4	Ġwho	5.464134
947	5	Ġthe	4.252008
947	6	Ġman	5.015672
947	7	Ġsaid	8.965581
947	8	Ġthe	6.594082
947	9	Ġlawyer	12.07734
947	10	Ġreassured	21.089721
947	11	Ġlast	12.567965
947	12	Ġnight	2.321534
947	13	.	1.405772
947	14	<|endoftext|>	6.585262
948	1	<|endoftext|>	0.0
948	2	They	9.396972
948	3	Ġknow	7.895986
948	4	Ġwho	5.464167
948	5	Ġthe	4.252055
948	6	Ġman	5.015715
948	7	Ġsaid	8.965718
948	8	Ġthe	6.594115
948	9	Ġlawyer	12.077304
948	10	Ġreassured	21.089792
948	11	Ġhis	8.560196
948	12	Ġclient	2.358058
948	13	Ġlast	9.244791
948	14	Ġnight	2.642727
948	15	.	1.286084
948	16	<|endoftext|>	7.146606
949	1	<|endoftext|>	0.0
949	2	They	9.396978
949	3	Ġknow	7.895982
949	4	Ġthat	2.878192
949	5	Ġthe	3.625553
949	6	Ġman	8.496807
949	7	Ġsaid	8.809948
949	8	Ġthe	4.002763
949	9	Ġneighbors	14.524199
949	10	Ġthought	7.658643
949	11	Ġthe	3.127394
949	12	Ġlawyer	14.074186
949	13	Ġreassured	18.888328
949	14	Ġlast	15.078968
949	15	Ġnight	2.060565
949	16	.	5.591996
949	17	<|endoftext|>	6.414462
950	1	<|endoftext|>	0.0
950	2	They	9.396978
950	3	Ġknow	7.895982
950	4	Ġthat	2.878192
950	5	Ġthe	3.625553
950	6	Ġman	8.496807
950	7	Ġsaid	8.809948
950	8	Ġthe	4.002763
950	9	Ġneighbors	14.524199
950	10	Ġthought	7.658643
950	11	Ġthe	3.127394
950	12	Ġlawyer	14.074186
950	13	Ġreassured	18.888328
950	14	Ġhis	6.002543
950	15	Ġclient	3.293586
950	16	Ġlast	9.474967
950	17	Ġnight	2.539094
950	18	.	2.48407
950	19	<|endoftext|>	6.750833
951	1	<|endoftext|>	0.0
951	2	They	9.396978
951	3	Ġknow	7.895982
951	4	Ġwho	5.464162
951	5	Ġthe	4.252062
951	6	Ġman	5.015697
951	7	Ġsaid	8.965718
951	8	Ġthe	6.594117
951	9	Ġneighbors	13.954352
951	10	Ġthought	6.775002
951	11	Ġthe	5.744972
951	12	Ġlawyer	14.404745
951	13	Ġreassured	22.30944
951	14	Ġlast	12.651119
951	15	Ġnight	2.019466
951	16	.	1.10051
951	17	<|endoftext|>	6.194536
952	1	<|endoftext|>	0.0
952	2	They	9.396978
952	3	Ġknow	7.895982
952	4	Ġwho	5.464162
952	5	Ġthe	4.252062
952	6	Ġman	5.015697
952	7	Ġsaid	8.965718
952	8	Ġthe	6.594117
952	9	Ġneighbors	13.954352
952	10	Ġthought	6.775002
952	11	Ġthe	5.744972
952	12	Ġlawyer	14.404745
952	13	Ġreassured	22.30944
952	14	Ġhis	7.884432
952	15	Ġclient	3.379363
952	16	Ġlast	9.218583
952	17	Ġnight	2.479622
952	18	.	0.980233
952	19	<|endoftext|>	6.636193
953	1	<|endoftext|>	0.0
953	2	They	9.396978
953	3	Ġknow	7.895982
953	4	Ġthat	2.878192
953	5	Ġthe	3.625553
953	6	Ġman	8.496807
953	7	Ġsaid	8.809948
953	8	Ġthe	4.002763
953	9	Ġneighbors	14.524199
953	10	Ġthought	7.658643
953	11	Ġthey	2.929809
953	12	Ġknew	6.471878
953	13	Ġthe	3.354202
953	14	Ġlawyer	12.928896
953	15	Ġreassured	22.651131
953	16	Ġlast	15.21853
953	17	Ġnight	1.984214
953	18	.	3.191654
953	19	<|endoftext|>	6.370196
954	1	<|endoftext|>	0.0
954	2	They	9.396978
954	3	Ġknow	7.895982
954	4	Ġthat	2.878192
954	5	Ġthe	3.625553
954	6	Ġman	8.496807
954	7	Ġsaid	8.809948
954	8	Ġthe	4.002763
954	9	Ġneighbors	14.524199
954	10	Ġthought	7.658643
954	11	Ġthey	2.929809
954	12	Ġknew	6.471878
954	13	Ġthe	3.354202
954	14	Ġlawyer	12.928896
954	15	Ġreassured	22.651131
954	16	Ġhis	6.864654
954	17	Ġclient	4.149725
954	18	Ġlast	9.539735
954	19	Ġnight	2.74774
954	20	.	1.83129
954	21	<|endoftext|>	6.600017
955	1	<|endoftext|>	0.0
955	2	They	9.396978
955	3	Ġknow	7.895982
955	4	Ġwho	5.464162
955	5	Ġthe	4.252062
955	6	Ġman	5.015697
955	7	Ġsaid	8.965718
955	8	Ġthe	6.594117
955	9	Ġneighbors	13.954352
955	10	Ġthought	6.775002
955	11	Ġthey	2.221535
955	12	Ġknew	6.057045
955	13	Ġthe	7.640128
955	14	Ġlawyer	13.309023
955	15	Ġreassured	23.337118
955	16	Ġlast	12.735596
955	17	Ġnight	2.003748
955	18	.	1.210539
955	19	<|endoftext|>	6.488968
956	1	<|endoftext|>	0.0
956	2	They	9.396978
956	3	Ġknow	7.895982
956	4	Ġwho	5.464162
956	5	Ġthe	4.252062
956	6	Ġman	5.015697
956	7	Ġsaid	8.965718
956	8	Ġthe	6.594117
956	9	Ġneighbors	13.954352
956	10	Ġthought	6.775002
956	11	Ġthey	2.221535
956	12	Ġknew	6.057045
956	13	Ġthe	7.640128
956	14	Ġlawyer	13.309023
956	15	Ġreassured	23.337118
956	16	Ġhis	7.966366
956	17	Ġclient	4.600848
956	18	Ġlast	8.687843
956	19	Ġnight	2.803962
956	20	.	1.111638
956	21	<|endoftext|>	6.763129
957	1	<|endoftext|>	0.0
957	2	They	9.396978
957	3	Ġknow	7.895982
957	4	Ġthat	2.878192
957	5	Ġthe	3.625553
957	6	Ġman	8.496807
957	7	Ġsaid	8.809948
957	8	Ġthe	4.002763
957	9	Ġneighbors	14.524199
957	10	Ġthought	7.658643
957	11	Ġthey	2.929809
957	12	Ġknew	6.471878
957	13	Ġthe	3.354202
957	14	Ġlawyer	12.928896
957	15	Ġreassured	22.651131
957	16	Ġlast	15.21853
957	17	Ġnight	1.984214
957	18	.	3.191654
957	19	<|endoftext|>	6.370196
958	1	<|endoftext|>	0.0
958	2	They	9.396978
958	3	Ġknow	7.895982
958	4	Ġthat	2.878192
958	5	Ġthe	3.625553
958	6	Ġman	8.496807
958	7	Ġsaid	8.809948
958	8	Ġthe	4.002763
958	9	Ġneighbors	14.524199
958	10	Ġthought	7.658643
958	11	Ġthey	2.929809
958	12	Ġknew	6.471878
958	13	Ġthe	3.354202
958	14	Ġlawyer	12.928896
958	15	Ġreassured	22.651131
958	16	Ġhis	6.864654
958	17	Ġclient	4.149725
958	18	Ġlast	9.539735
958	19	Ġnight	2.74774
958	20	.	1.83129
958	21	<|endoftext|>	6.600017
959	1	<|endoftext|>	0.0
959	2	They	9.396978
959	3	Ġknow	7.895982
959	4	Ġwho	5.464162
959	5	Ġthe	4.252062
959	6	Ġman	5.015697
959	7	Ġsaid	8.965718
959	8	Ġthe	6.594117
959	9	Ġneighbors	13.954352
959	10	Ġthought	6.775002
959	11	Ġthey	2.221535
959	12	Ġknew	6.057045
959	13	Ġthe	7.640128
959	14	Ġlawyer	13.309023
959	15	Ġreassured	23.337118
959	16	Ġlast	12.735596
959	17	Ġnight	2.003748
959	18	.	1.210539
959	19	<|endoftext|>	6.488968
960	1	<|endoftext|>	0.0
960	2	They	9.396978
960	3	Ġknow	7.895982
960	4	Ġwho	5.464162
960	5	Ġthe	4.252062
960	6	Ġman	5.015697
960	7	Ġsaid	8.965718
960	8	Ġthe	6.594117
960	9	Ġneighbors	13.954352
960	10	Ġthought	6.775002
960	11	Ġthey	2.221535
960	12	Ġknew	6.057045
960	13	Ġthe	7.640128
960	14	Ġlawyer	13.309023
960	15	Ġreassured	23.337118
960	16	Ġhis	7.966366
960	17	Ġclient	4.600848
960	18	Ġlast	8.687843
960	19	Ġnight	2.803962
960	20	.	1.111638
960	21	<|endoftext|>	6.763129
961	1	<|endoftext|>	0.0
961	2	He	8.582737
961	3	Ġreported	12.331583
961	4	Ġthat	2.374091
961	5	Ġthe	2.664716
961	6	Ġpirate	15.743633
961	7	Ġabandoned	14.51516
961	8	Ġon	7.627787
961	9	Ġthe	1.755082
961	10	Ġsinking	12.277806
961	11	Ġship	1.084907
961	12	.	6.088149
961	13	<|endoftext|>	6.436899
962	1	<|endoftext|>	0.0
962	2	He	8.582737
962	3	Ġreported	12.331583
962	4	Ġthat	2.374096
962	5	Ġthe	2.664716
962	6	Ġpirate	15.743633
962	7	Ġabandoned	14.515146
962	8	Ġhis	1.345679
962	9	Ġcomrades	11.769978
962	10	Ġon	4.361117
962	11	Ġthe	1.164849
962	12	Ġsinking	11.993899
962	13	Ġship	1.281661
962	14	.	3.171123
962	15	<|endoftext|>	7.16205
963	1	<|endoftext|>	0.0
963	2	He	8.582737
963	3	Ġreported	12.331583
963	4	Ġwho	12.870041
963	5	Ġthe	4.073936
963	6	Ġpirate	14.598413
963	7	Ġabandoned	15.642078
963	8	Ġon	5.049248
963	9	Ġthe	1.706348
963	10	Ġsinking	11.723409
963	11	Ġship	1.643555
963	12	.	1.857815
963	13	<|endoftext|>	6.192317
964	1	<|endoftext|>	0.0
964	2	He	8.582737
964	3	Ġreported	12.331583
964	4	Ġwho	12.870045
964	5	Ġthe	4.073936
964	6	Ġpirate	14.598413
964	7	Ġabandoned	15.6421
964	8	Ġhis	4.295669
964	9	Ġcomrades	10.441257
964	10	Ġon	4.585641
964	11	Ġthe	1.456611
964	12	Ġsinking	10.989803
964	13	Ġship	2.229846
964	14	.	1.839074
964	15	<|endoftext|>	6.558997
965	1	<|endoftext|>	0.0
965	2	He	8.582738
965	3	Ġreported	12.331528
965	4	Ġthat	2.37405
965	5	Ġthe	2.664666
965	6	Ġsailor	14.332107
965	7	Ġbelieved	9.702903
965	8	Ġthe	3.152743
965	9	Ġpirate	9.954372
965	10	Ġabandoned	14.155193
965	11	Ġon	8.676867
965	12	Ġthe	1.471047
965	13	Ġsinking	10.668743
965	14	Ġship	1.310184
965	15	.	4.046515
965	16	<|endoftext|>	5.729973
966	1	<|endoftext|>	0.0
966	2	He	8.582732
966	3	Ġreported	12.331528
966	4	Ġthat	2.374054
966	5	Ġthe	2.664676
966	6	Ġsailor	14.332116
966	7	Ġbelieved	9.702875
966	8	Ġthe	3.15275
966	9	Ġpirate	9.954372
966	10	Ġabandoned	14.155197
966	11	Ġhis	1.455589
966	12	Ġcomrades	11.57385
966	13	Ġon	4.437679
966	14	Ġthe	1.051243
966	15	Ġsinking	9.619885
966	16	Ġship	1.584264
966	17	.	2.081581
966	18	<|endoftext|>	6.038153
967	1	<|endoftext|>	0.0
967	2	He	8.582738
967	3	Ġreported	12.331528
967	4	Ġwho	12.869989
967	5	Ġthe	4.073953
967	6	Ġsailor	12.963744
967	7	Ġbelieved	9.052519
967	8	Ġthe	6.695461
967	9	Ġpirate	9.554974
967	10	Ġabandoned	16.197989
967	11	Ġon	4.440895
967	12	Ġthe	1.496847
967	13	Ġsinking	10.27211
967	14	Ġship	2.247759
967	15	.	1.469576
967	16	<|endoftext|>	5.713224
968	1	<|endoftext|>	0.0
968	2	He	8.582732
968	3	Ġreported	12.331528
968	4	Ġwho	12.869993
968	5	Ġthe	4.073953
968	6	Ġsailor	12.963729
968	7	Ġbelieved	9.052538
968	8	Ġthe	6.695465
968	9	Ġpirate	9.554983
968	10	Ġabandoned	16.197971
968	11	Ġhis	4.879862
968	12	Ġcomrades	11.188327
968	13	Ġon	3.886313
968	14	Ġthe	1.419012
968	15	Ġsinking	9.137866
968	16	Ġship	2.607049
968	17	.	1.3155
968	18	<|endoftext|>	5.846252
969	1	<|endoftext|>	0.0
969	2	He	8.582732
969	3	Ġreported	12.331528
969	4	Ġthat	2.374054
969	5	Ġthe	2.664676
969	6	Ġsailor	14.332116
969	7	Ġbelieved	9.702875
969	8	Ġthe	3.15275
969	9	Ġman	4.784316
969	10	Ġbelieved	9.567669
969	11	Ġthe	3.005241
969	12	Ġpirate	9.937253
969	13	Ġabandoned	15.106624
969	14	Ġon	8.351383
969	15	Ġthe	1.305683
969	16	Ġsinking	11.088932
969	17	Ġship	1.482507
969	18	.	1.904679
969	19	<|endoftext|>	5.661008
970	1	<|endoftext|>	0.0
970	2	He	8.582732
970	3	Ġreported	12.331528
970	4	Ġthat	2.374054
970	5	Ġthe	2.664676
970	6	Ġsailor	14.332116
970	7	Ġbelieved	9.702875
970	8	Ġthe	3.15275
970	9	Ġman	4.784316
970	10	Ġbelieved	9.567669
970	11	Ġthe	3.005241
970	12	Ġpirate	9.937253
970	13	Ġabandoned	15.106624
970	14	Ġhis	1.815371
970	15	Ġcomrades	12.224813
970	16	Ġon	4.641882
970	17	Ġthe	1.026197
970	18	Ġsinking	9.669489
970	19	Ġship	1.743013
970	20	.	1.3776
970	21	<|endoftext|>	5.807231
971	1	<|endoftext|>	0.0
971	2	He	8.582732
971	3	Ġreported	12.331528
971	4	Ġwho	12.869993
971	5	Ġthe	4.073953
971	6	Ġsailor	12.963729
971	7	Ġbelieved	9.052538
971	8	Ġthe	6.695465
971	9	Ġman	3.629886
971	10	Ġbelieved	9.078456
971	11	Ġthe	4.806471
971	12	Ġpirate	10.188512
971	13	Ġabandoned	16.087082
971	14	Ġon	4.730748
971	15	Ġthe	1.453686
971	16	Ġsinking	10.837641
971	17	Ġship	2.217698
971	18	.	1.122978
971	19	<|endoftext|>	5.474218
972	1	<|endoftext|>	0.0
972	2	He	8.582732
972	3	Ġreported	12.331528
972	4	Ġwho	12.869993
972	5	Ġthe	4.073953
972	6	Ġsailor	12.963729
972	7	Ġbelieved	9.052538
972	8	Ġthe	6.695465
972	9	Ġman	3.629886
972	10	Ġbelieved	9.078456
972	11	Ġthe	4.806471
972	12	Ġpirate	10.188512
972	13	Ġabandoned	16.087082
972	14	Ġhis	4.780653
972	15	Ġcomrades	11.791414
972	16	Ġon	4.163791
972	17	Ġthe	1.442736
972	18	Ġsinking	9.364373
972	19	Ġship	2.389497
972	20	.	1.071118
972	21	<|endoftext|>	5.515645
973	1	<|endoftext|>	0.0
973	2	He	8.582732
973	3	Ġreported	12.331528
973	4	Ġthat	2.374054
973	5	Ġthe	2.664676
973	6	Ġsailor	14.332116
973	7	Ġbelieved	9.702875
973	8	Ġthe	3.15275
973	9	Ġman	4.784316
973	10	Ġbelieved	9.567669
973	11	Ġhe	2.478671
973	12	Ġknew	6.839522
973	13	Ġthe	4.015225
973	14	Ġpirate	10.341884
973	15	Ġabandoned	16.614157
973	16	Ġon	6.595703
973	17	Ġthe	1.221527
973	18	Ġsinking	11.273973
973	19	Ġship	1.635232
973	20	.	1.59921
973	21	<|endoftext|>	5.777664
974	1	<|endoftext|>	0.0
974	2	He	8.582732
974	3	Ġreported	12.331528
974	4	Ġthat	2.374054
974	5	Ġthe	2.664676
974	6	Ġsailor	14.332116
974	7	Ġbelieved	9.702875
974	8	Ġthe	3.15275
974	9	Ġman	4.784316
974	10	Ġbelieved	9.567669
974	11	Ġhe	2.478671
974	12	Ġknew	6.839522
974	13	Ġthe	4.015225
974	14	Ġpirate	10.341884
974	15	Ġabandoned	16.614157
974	16	Ġhis	1.634953
974	17	Ġcomrades	12.515684
974	18	Ġon	4.58608
974	19	Ġthe	1.005168
974	20	Ġsinking	9.654576
974	21	Ġship	1.667576
974	22	.	1.406051
974	23	<|endoftext|>	5.88754
975	1	<|endoftext|>	0.0
975	2	He	8.582732
975	3	Ġreported	12.331528
975	4	Ġwho	12.869993
975	5	Ġthe	4.073953
975	6	Ġsailor	12.963729
975	7	Ġbelieved	9.052538
975	8	Ġthe	6.695465
975	9	Ġman	3.629886
975	10	Ġbelieved	9.078456
975	11	Ġhe	4.32274
975	12	Ġknew	6.029011
975	13	Ġthe	7.2475
975	14	Ġpirate	11.228533
975	15	Ġabandoned	17.142495
975	16	Ġon	4.519655
975	17	Ġthe	1.375136
975	18	Ġsinking	11.045958
975	19	Ġship	2.29994
975	20	.	1.080468
975	21	<|endoftext|>	5.579282
976	1	<|endoftext|>	0.0
976	2	He	8.582732
976	3	Ġreported	12.331528
976	4	Ġwho	12.869993
976	5	Ġthe	4.073953
976	6	Ġsailor	12.963729
976	7	Ġbelieved	9.052538
976	8	Ġthe	6.695465
976	9	Ġman	3.629886
976	10	Ġbelieved	9.078456
976	11	Ġhe	4.32274
976	12	Ġknew	6.029011
976	13	Ġthe	7.2475
976	14	Ġpirate	11.228533
976	15	Ġabandoned	17.142495
976	16	Ġhis	3.907473
976	17	Ġcomrades	12.30607
976	18	Ġon	4.297628
976	19	Ġthe	1.211138
976	20	Ġsinking	9.378184
976	21	Ġship	2.106498
976	22	.	1.171982
976	23	<|endoftext|>	5.624529
977	1	<|endoftext|>	0.0
977	2	He	8.582732
977	3	Ġreported	12.331528
977	4	Ġthat	2.374054
977	5	Ġthe	2.664676
977	6	Ġsailor	14.332116
977	7	Ġbelieved	9.702875
977	8	Ġthe	3.15275
977	9	Ġman	4.784316
977	10	Ġbelieved	9.567669
977	11	Ġhe	2.478671
977	12	Ġknew	6.839522
977	13	Ġthe	4.015225
977	14	Ġpirate	10.341884
977	15	Ġabandoned	16.614157
977	16	Ġon	6.595703
977	17	Ġthe	1.221527
977	18	Ġsinking	11.273973
977	19	Ġship	1.635232
977	20	.	1.59921
977	21	<|endoftext|>	5.777664
978	1	<|endoftext|>	0.0
978	2	He	8.582732
978	3	Ġreported	12.331528
978	4	Ġthat	2.374054
978	5	Ġthe	2.664676
978	6	Ġsailor	14.332116
978	7	Ġbelieved	9.702875
978	8	Ġthe	3.15275
978	9	Ġman	4.784316
978	10	Ġbelieved	9.567669
978	11	Ġhe	2.478671
978	12	Ġknew	6.839522
978	13	Ġthe	4.015225
978	14	Ġpirate	10.341884
978	15	Ġabandoned	16.614157
978	16	Ġhis	1.634953
978	17	Ġcomrades	12.515684
978	18	Ġon	4.58608
978	19	Ġthe	1.005168
978	20	Ġsinking	9.654576
978	21	Ġship	1.667576
978	22	.	1.406051
978	23	<|endoftext|>	5.88754
979	1	<|endoftext|>	0.0
979	2	He	8.582732
979	3	Ġreported	12.331528
979	4	Ġwho	12.869993
979	5	Ġthe	4.073953
979	6	Ġsailor	12.963729
979	7	Ġbelieved	9.052538
979	8	Ġthe	6.695465
979	9	Ġman	3.629886
979	10	Ġbelieved	9.078456
979	11	Ġhe	4.32274
979	12	Ġknew	6.029011
979	13	Ġthe	7.2475
979	14	Ġpirate	11.228533
979	15	Ġabandoned	17.142495
979	16	Ġon	4.519655
979	17	Ġthe	1.375136
979	18	Ġsinking	11.045958
979	19	Ġship	2.29994
979	20	.	1.080468
979	21	<|endoftext|>	5.579282
980	1	<|endoftext|>	0.0
980	2	He	8.582732
980	3	Ġreported	12.331528
980	4	Ġwho	12.869993
980	5	Ġthe	4.073953
980	6	Ġsailor	12.963729
980	7	Ġbelieved	9.052538
980	8	Ġthe	6.695465
980	9	Ġman	3.629886
980	10	Ġbelieved	9.078456
980	11	Ġhe	4.32274
980	12	Ġknew	6.029011
980	13	Ġthe	7.2475
980	14	Ġpirate	11.228533
980	15	Ġabandoned	17.142495
980	16	Ġhis	3.907473
980	17	Ġcomrades	12.30607
980	18	Ġon	4.297628
980	19	Ġthe	1.211138
980	20	Ġsinking	9.378184
980	21	Ġship	2.106498
980	22	.	1.171982
980	23	<|endoftext|>	5.624529
981	1	<|endoftext|>	0.0
981	2	They	9.39695
981	3	Ġreported	10.956506
981	4	Ġthat	2.208508
981	5	Ġthe	2.648978
981	6	Ġboss	12.477321
981	7	Ġpromoted	12.874873
981	8	Ġlast	11.216924
981	9	Ġquarter	12.885767
981	10	.	5.186025
981	11	<|endoftext|>	6.30862
982	1	<|endoftext|>	0.0
982	2	They	9.39695
982	3	Ġreported	10.956506
982	4	Ġthat	2.208508
982	5	Ġthe	2.648978
982	6	Ġboss	12.477322
982	7	Ġpromoted	12.874873
982	8	Ġthe	2.928723
982	9	Ġaccountant	14.358931
982	10	Ġlast	10.011922
982	11	Ġquarter	12.497355
982	12	.	3.511816
982	13	<|endoftext|>	5.881842
983	1	<|endoftext|>	0.0
983	2	They	9.39695
983	3	Ġreported	10.956506
983	4	Ġwho	12.973994
983	5	Ġthe	4.219928
983	6	Ġboss	10.719073
983	7	Ġpromoted	16.101536
983	8	Ġlast	6.267826
983	9	Ġquarter	13.194816
983	10	.	2.170349
983	11	<|endoftext|>	6.173845
984	1	<|endoftext|>	0.0
984	2	They	9.39695
984	3	Ġreported	10.956506
984	4	Ġwho	12.973994
984	5	Ġthe	4.219928
984	6	Ġboss	10.719062
984	7	Ġpromoted	16.101536
984	8	Ġthe	6.644682
984	9	Ġaccountant	16.973989
984	10	Ġlast	10.402946
984	11	Ġquarter	13.291947
984	12	.	1.870002
984	13	<|endoftext|>	5.994419
985	1	<|endoftext|>	0.0
985	2	They	9.39695
985	3	Ġreported	10.956506
985	4	Ġthat	2.208508
985	5	Ġthe	2.648978
985	6	Ġman	6.285516
985	7	Ġsaid	6.848679
985	8	Ġthe	4.100891
985	9	Ġboss	12.15086
985	10	Ġpromoted	13.177228
985	11	Ġlast	13.236672
985	12	Ġquarter	13.472945
985	13	.	5.067659
985	14	<|endoftext|>	5.812038
986	1	<|endoftext|>	0.0
986	2	They	9.396972
986	3	Ġreported	10.95643
986	4	Ġthat	2.20852
986	5	Ġthe	2.648967
986	6	Ġman	6.285519
986	7	Ġsaid	6.848637
986	8	Ġthe	4.100867
986	9	Ġboss	12.150837
986	10	Ġpromoted	13.177285
986	11	Ġthe	3.449074
986	12	Ġaccountant	14.527934
986	13	Ġlast	11.152244
986	14	Ġquarter	12.783739
986	15	.	3.150765
986	16	<|endoftext|>	5.707591
987	1	<|endoftext|>	0.0
987	2	They	9.39695
987	3	Ġreported	10.956506
987	4	Ġwho	12.973994
987	5	Ġthe	4.219928
987	6	Ġman	4.470175
987	7	Ġsaid	7.069566
987	8	Ġthe	6.632664
987	9	Ġboss	12.805664
987	10	Ġpromoted	14.977611
987	11	Ġlast	8.399699
987	12	Ġquarter	14.001592
987	13	.	1.76987
987	14	<|endoftext|>	5.591988
988	1	<|endoftext|>	0.0
988	2	They	9.396972
988	3	Ġreported	10.95643
988	4	Ġwho	12.973919
988	5	Ġthe	4.219939
988	6	Ġman	4.470151
988	7	Ġsaid	7.069537
988	8	Ġthe	6.632639
988	9	Ġboss	12.805667
988	10	Ġpromoted	14.977631
988	11	Ġthe	6.89276
988	12	Ġaccountant	15.305776
988	13	Ġlast	10.789261
988	14	Ġquarter	13.5201
988	15	.	1.570014
988	16	<|endoftext|>	5.628308
989	1	<|endoftext|>	0.0
989	2	They	9.396978
989	3	Ġreported	10.956426
989	4	Ġthat	2.208518
989	5	Ġthe	2.648968
989	6	Ġman	6.28552
989	7	Ġsaid	6.848633
989	8	Ġthe	4.100878
989	9	Ġold	11.415686
989	10	Ġwoman	3.564213
989	11	Ġtold	5.847822
989	12	Ġhim	0.374575
989	13	Ġthe	4.558587
989	14	Ġboss	11.465623
989	15	Ġpromoted	14.090708
989	16	Ġlast	13.618566
989	17	Ġquarter	13.135888
989	18	.	3.550479
989	19	<|endoftext|>	6.041993
990	1	<|endoftext|>	0.0
990	2	They	9.396978
990	3	Ġreported	10.956426
990	4	Ġthat	2.208518
990	5	Ġthe	2.648968
990	6	Ġman	6.28552
990	7	Ġsaid	6.848633
990	8	Ġthe	4.100878
990	9	Ġold	11.415686
990	10	Ġwoman	3.564213
990	11	Ġtold	5.847822
990	12	Ġhim	0.374575
990	13	Ġthe	4.558587
990	14	Ġboss	11.465623
990	15	Ġpromoted	14.090708
990	16	Ġthe	4.129702
990	17	Ġaccountant	14.160837
990	18	Ġlast	10.565485
990	19	Ġquarter	12.547045
990	20	.	2.12601
990	21	<|endoftext|>	5.827018
991	1	<|endoftext|>	0.0
991	2	They	9.396978
991	3	Ġreported	10.956426
991	4	Ġwho	12.973917
991	5	Ġthe	4.219927
991	6	Ġman	4.470142
991	7	Ġsaid	7.069522
991	8	Ġthe	6.632644
991	9	Ġold	11.736099
991	10	Ġwoman	3.775692
991	11	Ġtold	8.399336
991	12	Ġhim	1.965377
991	13	Ġthe	6.447325
991	14	Ġboss	12.23247
991	15	Ġpromoted	13.828211
991	16	Ġlast	12.070589
991	17	Ġquarter	13.213415
991	18	.	2.447545
991	19	<|endoftext|>	5.816811
992	1	<|endoftext|>	0.0
992	2	They	9.396978
992	3	Ġreported	10.956426
992	4	Ġwho	12.973917
992	5	Ġthe	4.219927
992	6	Ġman	4.470142
992	7	Ġsaid	7.069522
992	8	Ġthe	6.632644
992	9	Ġold	11.736099
992	10	Ġwoman	3.775692
992	11	Ġtold	8.399336
992	12	Ġhim	1.965377
992	13	Ġthe	6.447325
992	14	Ġboss	12.23247
992	15	Ġpromoted	13.828211
992	16	Ġthe	5.017275
992	17	Ġaccountant	14.217723
992	18	Ġlast	10.201564
992	19	Ġquarter	12.549332
992	20	.	1.666683
992	21	<|endoftext|>	5.633986
993	1	<|endoftext|>	0.0
993	2	They	9.396978
993	3	Ġreported	10.956426
993	4	Ġthat	2.208518
993	5	Ġthe	2.648968
993	6	Ġman	6.28552
993	7	Ġsaid	6.848633
993	8	Ġthe	4.100878
993	9	Ġold	11.415686
993	10	Ġwoman	3.564213
993	11	Ġtold	5.847822
993	12	Ġhim	0.374575
993	13	Ġshe	2.029028
993	14	Ġknew	6.954106
993	15	Ġthe	3.174585
993	16	Ġboss	10.954341
993	17	Ġpromoted	15.529844
993	18	Ġlast	12.638298
993	19	Ġquarter	13.367777
993	20	.	2.897698
993	21	<|endoftext|>	6.170801
994	1	<|endoftext|>	0.0
994	2	They	9.396978
994	3	Ġreported	10.956426
994	4	Ġthat	2.208518
994	5	Ġthe	2.648968
994	6	Ġman	6.28552
994	7	Ġsaid	6.848633
994	8	Ġthe	4.100878
994	9	Ġold	11.415686
994	10	Ġwoman	3.564213
994	11	Ġtold	5.847822
994	12	Ġhim	0.374575
994	13	Ġshe	2.029028
994	14	Ġknew	6.954106
994	15	Ġthe	3.174585
994	16	Ġboss	10.954341
994	17	Ġpromoted	15.529844
994	18	Ġthe	3.763398
994	19	Ġaccountant	13.862312
994	20	Ġlast	10.781298
994	21	Ġquarter	12.872406
994	22	.	1.865128
994	23	<|endoftext|>	5.978393
995	1	<|endoftext|>	0.0
995	2	They	9.396978
995	3	Ġreported	10.956426
995	4	Ġwho	12.973917
995	5	Ġthe	4.219927
995	6	Ġman	4.470142
995	7	Ġsaid	7.069522
995	8	Ġthe	6.632644
995	9	Ġold	11.736099
995	10	Ġwoman	3.775692
995	11	Ġtold	8.399336
995	12	Ġhim	1.965377
995	13	Ġshe	3.429522
995	14	Ġknew	5.817153
995	15	Ġthe	4.302233
995	16	Ġboss	11.484482
995	17	Ġpromoted	15.590211
995	18	Ġlast	11.088694
995	19	Ġquarter	13.578118
995	20	.	2.182186
995	21	<|endoftext|>	6.067509
996	1	<|endoftext|>	0.0
996	2	They	9.396978
996	3	Ġreported	10.956426
996	4	Ġwho	12.973917
996	5	Ġthe	4.219927
996	6	Ġman	4.470142
996	7	Ġsaid	7.069522
996	8	Ġthe	6.632644
996	9	Ġold	11.736099
996	10	Ġwoman	3.775692
996	11	Ġtold	8.399336
996	12	Ġhim	1.965377
996	13	Ġshe	3.429522
996	14	Ġknew	5.817153
996	15	Ġthe	4.302233
996	16	Ġboss	11.484482
996	17	Ġpromoted	15.590211
996	18	Ġthe	4.646009
996	19	Ġaccountant	14.053404
996	20	Ġlast	10.31984
996	21	Ġquarter	12.891454
996	22	.	1.526538
996	23	<|endoftext|>	5.866447
997	1	<|endoftext|>	0.0
997	2	They	9.396978
997	3	Ġreported	10.956426
997	4	Ġthat	2.208518
997	5	Ġthe	2.648968
997	6	Ġman	6.28552
997	7	Ġsaid	6.848633
997	8	Ġthe	4.100878
997	9	Ġold	11.415686
997	10	Ġwoman	3.564213
997	11	Ġtold	5.847822
997	12	Ġhim	0.374575
997	13	Ġshe	2.029028
997	14	Ġknew	6.954106
997	15	Ġthe	3.174585
997	16	Ġboss	10.954341
997	17	Ġpromoted	15.529844
997	18	Ġlast	12.638298
997	19	Ġquarter	13.367777
997	20	.	2.897698
997	21	<|endoftext|>	6.170801
998	1	<|endoftext|>	0.0
998	2	They	9.396978
998	3	Ġreported	10.956426
998	4	Ġthat	2.208518
998	5	Ġthe	2.648968
998	6	Ġman	6.28552
998	7	Ġsaid	6.848633
998	8	Ġthe	4.100878
998	9	Ġold	11.415686
998	10	Ġwoman	3.564213
998	11	Ġtold	5.847822
998	12	Ġhim	0.374575
998	13	Ġshe	2.029028
998	14	Ġknew	6.954106
998	15	Ġthe	3.174585
998	16	Ġboss	10.954341
998	17	Ġpromoted	15.529844
998	18	Ġthe	3.763398
998	19	Ġaccountant	13.862312
998	20	Ġlast	10.781298
998	21	Ġquarter	12.872406
998	22	.	1.865128
998	23	<|endoftext|>	5.978393
999	1	<|endoftext|>	0.0
999	2	They	9.396978
999	3	Ġreported	10.956426
999	4	Ġwho	12.973917
999	5	Ġthe	4.219927
999	6	Ġman	4.470142
999	7	Ġsaid	7.069522
999	8	Ġthe	6.632644
999	9	Ġold	11.736099
999	10	Ġwoman	3.775692
999	11	Ġtold	8.399336
999	12	Ġhim	1.965377
999	13	Ġshe	3.429522
999	14	Ġknew	5.817153
999	15	Ġthe	4.302233
999	16	Ġboss	11.484482
999	17	Ġpromoted	15.590211
999	18	Ġlast	11.088694
999	19	Ġquarter	13.578118
999	20	.	2.182186
999	21	<|endoftext|>	6.067509
1000	1	<|endoftext|>	0.0
1000	2	They	9.396978
1000	3	Ġreported	10.956426
1000	4	Ġwho	12.973917
1000	5	Ġthe	4.219927
1000	6	Ġman	4.470142
1000	7	Ġsaid	7.069522
1000	8	Ġthe	6.632644
1000	9	Ġold	11.736099
1000	10	Ġwoman	3.775692
1000	11	Ġtold	8.399336
1000	12	Ġhim	1.965377
1000	13	Ġshe	3.429522
1000	14	Ġknew	5.817153
1000	15	Ġthe	4.302233
1000	16	Ġboss	11.484482
1000	17	Ġpromoted	15.590211
1000	18	Ġthe	4.646009
1000	19	Ġaccountant	14.053404
1000	20	Ġlast	10.31984
1000	21	Ġquarter	12.891454
1000	22	.	1.526538
1000	23	<|endoftext|>	5.866447
1001	1	<|endoftext|>	0.0
1001	2	My	8.871096
1001	3	Ġfriend	6.116575
1001	4	Ġknows	11.516178
1001	5	Ġthat	3.638095
1001	6	Ġthe	4.230389
1001	7	Ġsuccessful	14.334319
1001	8	Ġarchitect	12.338599
1001	9	Ġhanded	16.554434
1001	10	Ġfor	11.773385
1001	11	Ġher	6.120596
1001	12	Ġmother	9.722965
1001	13	.	5.969981
1001	14	<|endoftext|>	8.224474
1002	1	<|endoftext|>	0.0
1002	2	My	8.871096
1002	3	Ġfriend	6.116595
1002	4	Ġknows	11.51616
1002	5	Ġthat	3.63809
1002	6	Ġthe	4.230297
1002	7	Ġsuccessful	14.334343
1002	8	Ġarchitect	12.338634
1002	9	Ġhanded	16.554446
1002	10	Ġan	9.001187
1002	11	Ġaward	4.979465
1002	12	Ġfor	4.322026
1002	13	Ġher	5.959255
1002	14	Ġmother	11.900759
1002	15	.	5.542536
1002	16	<|endoftext|>	9.028297
1003	1	<|endoftext|>	0.0
1003	2	My	8.871096
1003	3	Ġfriend	6.116575
1003	4	Ġknows	11.516178
1003	5	Ġwhat	4.009599
1003	6	Ġthe	5.467807
1003	7	Ġsuccessful	16.445815
1003	8	Ġarchitect	11.883976
1003	9	Ġhanded	16.495104
1003	10	Ġfor	10.97081
1003	11	Ġher	4.518158
1003	12	Ġmother	9.315365
1003	13	.	2.86147
1003	14	<|endoftext|>	8.727609
1004	1	<|endoftext|>	0.0
1004	2	My	8.871096
1004	3	Ġfriend	6.116595
1004	4	Ġknows	11.51616
1004	5	Ġwhat	4.009661
1004	6	Ġthe	5.4678
1004	7	Ġsuccessful	16.445772
1004	8	Ġarchitect	11.883953
1004	9	Ġhanded	16.495149
1004	10	Ġan	12.63611
1004	11	Ġaward	5.808642
1004	12	Ġfor	3.723382
1004	13	Ġher	6.004172
1004	14	Ġmother	11.587897
1004	15	.	3.729444
1004	16	<|endoftext|>	8.755476
1005	1	<|endoftext|>	0.0
1005	2	My	8.871096
1005	3	Ġfriend	6.116584
1005	4	Ġknows	11.51616
1005	5	Ġthat	3.638092
1005	6	Ġthe	4.230303
1005	7	Ġjudge	12.8845
1005	8	Ġthought	8.963326
1005	9	Ġthe	4.014049
1005	10	Ġsuccessful	16.35101
1005	11	Ġarchitect	15.046455
1005	12	Ġhanded	14.601952
1005	13	Ġfor	11.907524
1005	14	Ġher	4.829963
1005	15	Ġmother	10.595788
1005	16	.	5.607005
1005	17	<|endoftext|>	8.193108
1006	1	<|endoftext|>	0.0
1006	2	My	8.871096
1006	3	Ġfriend	6.116584
1006	4	Ġknows	11.51616
1006	5	Ġthat	3.638092
1006	6	Ġthe	4.230303
1006	7	Ġjudge	12.8845
1006	8	Ġthought	8.963326
1006	9	Ġthe	4.014049
1006	10	Ġsuccessful	16.35101
1006	11	Ġarchitect	15.046455
1006	12	Ġhanded	14.601952
1006	13	Ġan	8.5094
1006	14	Ġaward	4.026933
1006	15	Ġfor	3.598287
1006	16	Ġher	5.535224
1006	17	Ġmother	10.790285
1006	18	.	3.895536
1006	19	<|endoftext|>	8.511259
1007	1	<|endoftext|>	0.0
1007	2	My	8.871096
1007	3	Ġfriend	6.116584
1007	4	Ġknows	11.51616
1007	5	Ġwhat	4.009674
1007	6	Ġthe	5.4678
1007	7	Ġjudge	12.909762
1007	8	Ġthought	4.627949
1007	9	Ġthe	8.055139
1007	10	Ġsuccessful	18.279542
1007	11	Ġarchitect	14.523162
1007	12	Ġhanded	13.907387
1007	13	Ġfor	9.722437
1007	14	Ġher	4.446243
1007	15	Ġmother	10.30927
1007	16	.	2.453528
1007	17	<|endoftext|>	8.312448
1008	1	<|endoftext|>	0.0
1008	2	My	8.871096
1008	3	Ġfriend	6.116584
1008	4	Ġknows	11.51616
1008	5	Ġwhat	4.009674
1008	6	Ġthe	5.4678
1008	7	Ġjudge	12.909762
1008	8	Ġthought	4.627949
1008	9	Ġthe	8.055139
1008	10	Ġsuccessful	18.279542
1008	11	Ġarchitect	14.523162
1008	12	Ġhanded	13.907387
1008	13	Ġan	12.098341
1008	14	Ġaward	4.678126
1008	15	Ġfor	3.30028
1008	16	Ġher	5.616812
1008	17	Ġmother	11.15319
1008	18	.	2.687143
1008	19	<|endoftext|>	8.305405
1009	1	<|endoftext|>	0.0
1009	2	My	8.871096
1009	3	Ġfriend	6.116584
1009	4	Ġknows	11.51616
1009	5	Ġthat	3.638092
1009	6	Ġthe	4.230303
1009	7	Ġjudge	12.8845
1009	8	Ġthought	8.963326
1009	9	Ġthe	4.014049
1009	10	Ġcop	9.874248
1009	11	Ġsaid	9.309993
1009	12	Ġthe	3.393665
1009	13	Ġsuccessful	18.074291
1009	14	Ġarchitect	17.51987
1009	15	Ġhanded	14.468369
1009	16	Ġfor	12.150058
1009	17	Ġher	4.945835
1009	18	Ġmother	10.610892
1009	19	.	4.420687
1009	20	<|endoftext|>	8.398668
1010	1	<|endoftext|>	0.0
1010	2	My	8.871096
1010	3	Ġfriend	6.116584
1010	4	Ġknows	11.51616
1010	5	Ġthat	3.638092
1010	6	Ġthe	4.230303
1010	7	Ġjudge	12.8845
1010	8	Ġthought	8.963326
1010	9	Ġthe	4.014049
1010	10	Ġcop	9.874248
1010	11	Ġsaid	9.309993
1010	12	Ġthe	3.393665
1010	13	Ġsuccessful	18.074291
1010	14	Ġarchitect	17.51987
1010	15	Ġhanded	14.468369
1010	16	Ġan	8.815895
1010	17	Ġaward	5.144415
1010	18	Ġfor	3.579839
1010	19	Ġher	5.819422
1010	20	Ġmother	10.384582
1010	21	.	3.295688
1010	22	<|endoftext|>	8.354906
1011	1	<|endoftext|>	0.0
1011	2	My	8.871096
1011	3	Ġfriend	6.116584
1011	4	Ġknows	11.51616
1011	5	Ġwhat	4.009674
1011	6	Ġthe	5.4678
1011	7	Ġjudge	12.909762
1011	8	Ġthought	4.627949
1011	9	Ġthe	8.055139
1011	10	Ġcop	10.070119
1011	11	Ġsaid	5.077715
1011	12	Ġthe	9.03629
1011	13	Ġsuccessful	19.58597
1011	14	Ġarchitect	17.466841
1011	15	Ġhanded	13.529413
1011	16	Ġfor	9.425465
1011	17	Ġher	4.820025
1011	18	Ġmother	10.195792
1011	19	.	1.899419
1011	20	<|endoftext|>	7.993302
1012	1	<|endoftext|>	0.0
1012	2	My	8.871096
1012	3	Ġfriend	6.116584
1012	4	Ġknows	11.51616
1012	5	Ġwhat	4.009674
1012	6	Ġthe	5.4678
1012	7	Ġjudge	12.909762
1012	8	Ġthought	4.627949
1012	9	Ġthe	8.055139
1012	10	Ġcop	10.070119
1012	11	Ġsaid	5.077715
1012	12	Ġthe	9.03629
1012	13	Ġsuccessful	19.58597
1012	14	Ġarchitect	17.466841
1012	15	Ġhanded	13.529413
1012	16	Ġan	11.095574
1012	17	Ġaward	5.766895
1012	18	Ġfor	3.507834
1012	19	Ġher	6.029312
1012	20	Ġmother	11.034942
1012	21	.	2.461352
1012	22	<|endoftext|>	7.776499
1013	1	<|endoftext|>	0.0
1013	2	My	8.871096
1013	3	Ġfriend	6.116584
1013	4	Ġknows	11.51616
1013	5	Ġthat	3.638092
1013	6	Ġthe	4.230303
1013	7	Ġjudge	12.8845
1013	8	Ġthought	8.963326
1013	9	Ġthe	4.014049
1013	10	Ġcop	9.874248
1013	11	Ġsaid	9.309993
1013	12	Ġthe	3.393665
1013	13	Ġman	6.863092
1013	14	Ġtestified	14.090038
1013	15	Ġthe	5.669937
1013	16	Ġsuccessful	18.747243
1013	17	Ġarchitect	19.287589
1013	18	Ġhanded	12.83271
1013	19	Ġfor	12.295114
1013	20	Ġher	7.199129
1013	21	Ġmother	10.038971
1013	22	.	2.730214
1013	23	<|endoftext|>	8.364502
1014	1	<|endoftext|>	0.0
1014	2	My	8.871096
1014	3	Ġfriend	6.116584
1014	4	Ġknows	11.51616
1014	5	Ġthat	3.638092
1014	6	Ġthe	4.230303
1014	7	Ġjudge	12.8845
1014	8	Ġthought	8.963326
1014	9	Ġthe	4.014049
1014	10	Ġcop	9.874248
1014	11	Ġsaid	9.309993
1014	12	Ġthe	3.393665
1014	13	Ġman	6.863092
1014	14	Ġtestified	14.090038
1014	15	Ġthe	5.669937
1014	16	Ġsuccessful	18.747243
1014	17	Ġarchitect	19.287589
1014	18	Ġhanded	12.83271
1014	19	Ġan	9.33655
1014	20	Ġaward	6.243152
1014	21	Ġfor	3.693109
1014	22	Ġher	8.067032
1014	23	Ġmother	9.410913
1014	24	.	2.672262
1014	25	<|endoftext|>	8.08477
1015	1	<|endoftext|>	0.0
1015	2	My	8.871096
1015	3	Ġfriend	6.116584
1015	4	Ġknows	11.51616
1015	5	Ġwhat	4.009674
1015	6	Ġthe	5.4678
1015	7	Ġjudge	12.909762
1015	8	Ġthought	4.627949
1015	9	Ġthe	8.055139
1015	10	Ġcop	10.070119
1015	11	Ġsaid	5.077715
1015	12	Ġthe	9.03629
1015	13	Ġman	6.735493
1015	14	Ġtestified	12.45467
1015	15	Ġthe	7.084641
1015	16	Ġsuccessful	19.154148
1015	17	Ġarchitect	18.974119
1015	18	Ġhanded	12.276437
1015	19	Ġfor	11.79309
1015	20	Ġher	6.869082
1015	21	Ġmother	9.889905
1015	22	.	2.224525
1015	23	<|endoftext|>	7.768108
1016	1	<|endoftext|>	0.0
1016	2	My	8.871096
1016	3	Ġfriend	6.116584
1016	4	Ġknows	11.51616
1016	5	Ġwhat	4.009674
1016	6	Ġthe	5.4678
1016	7	Ġjudge	12.909762
1016	8	Ġthought	4.627949
1016	9	Ġthe	8.055139
1016	10	Ġcop	10.070119
1016	11	Ġsaid	5.077715
1016	12	Ġthe	9.03629
1016	13	Ġman	6.735493
1016	14	Ġtestified	12.45467
1016	15	Ġthe	7.084641
1016	16	Ġsuccessful	19.154148
1016	17	Ġarchitect	18.974119
1016	18	Ġhanded	12.276437
1016	19	Ġan	9.634957
1016	20	Ġaward	6.863921
1016	21	Ġfor	3.636747
1016	22	Ġher	7.562881
1016	23	Ġmother	9.673508
1016	24	.	2.487816
1016	25	<|endoftext|>	7.415648
1017	1	<|endoftext|>	0.0
1017	2	My	8.871096
1017	3	Ġfriend	6.116584
1017	4	Ġknows	11.51616
1017	5	Ġthat	3.638092
1017	6	Ġthe	4.230303
1017	7	Ġjudge	12.8845
1017	8	Ġthought	8.963326
1017	9	Ġthe	4.014049
1017	10	Ġcop	9.874248
1017	11	Ġsaid	9.309993
1017	12	Ġthe	3.393665
1017	13	Ġman	6.863092
1017	14	Ġtestified	14.090038
1017	15	Ġthe	5.669937
1017	16	Ġsuccessful	18.747243
1017	17	Ġarchitect	19.287589
1017	18	Ġhanded	12.83271
1017	19	Ġfor	12.295114
1017	20	Ġher	7.199129
1017	21	Ġmother	10.038971
1017	22	.	2.730214
1017	23	<|endoftext|>	8.364502
1018	1	<|endoftext|>	0.0
1018	2	My	8.871096
1018	3	Ġfriend	6.116584
1018	4	Ġknows	11.51616
1018	5	Ġthat	3.638092
1018	6	Ġthe	4.230303
1018	7	Ġjudge	12.8845
1018	8	Ġthought	8.963326
1018	9	Ġthe	4.014049
1018	10	Ġcop	9.874248
1018	11	Ġsaid	9.309993
1018	12	Ġthe	3.393665
1018	13	Ġman	6.863092
1018	14	Ġtestified	14.090038
1018	15	Ġthe	5.669937
1018	16	Ġsuccessful	18.747243
1018	17	Ġarchitect	19.287589
1018	18	Ġhanded	12.83271
1018	19	Ġan	9.33655
1018	20	Ġaward	6.243152
1018	21	Ġfor	3.693109
1018	22	Ġher	8.067032
1018	23	Ġmother	9.410913
1018	24	.	2.672262
1018	25	<|endoftext|>	8.08477
1019	1	<|endoftext|>	0.0
1019	2	My	8.871096
1019	3	Ġfriend	6.116584
1019	4	Ġknows	11.51616
1019	5	Ġwhat	4.009674
1019	6	Ġthe	5.4678
1019	7	Ġjudge	12.909762
1019	8	Ġthought	4.627949
1019	9	Ġthe	8.055139
1019	10	Ġcop	10.070119
1019	11	Ġsaid	5.077715
1019	12	Ġthe	9.03629
1019	13	Ġman	6.735493
1019	14	Ġtestified	12.45467
1019	15	Ġthe	7.084641
1019	16	Ġsuccessful	19.154148
1019	17	Ġarchitect	18.974119
1019	18	Ġhanded	12.276437
1019	19	Ġfor	11.79309
1019	20	Ġher	6.869082
1019	21	Ġmother	9.889905
1019	22	.	2.224525
1019	23	<|endoftext|>	7.768108
1020	1	<|endoftext|>	0.0
1020	2	My	8.871096
1020	3	Ġfriend	6.116584
1020	4	Ġknows	11.51616
1020	5	Ġwhat	4.009674
1020	6	Ġthe	5.4678
1020	7	Ġjudge	12.909762
1020	8	Ġthought	4.627949
1020	9	Ġthe	8.055139
1020	10	Ġcop	10.070119
1020	11	Ġsaid	5.077715
1020	12	Ġthe	9.03629
1020	13	Ġman	6.735493
1020	14	Ġtestified	12.45467
1020	15	Ġthe	7.084641
1020	16	Ġsuccessful	19.154148
1020	17	Ġarchitect	18.974119
1020	18	Ġhanded	12.276437
1020	19	Ġan	9.634957
1020	20	Ġaward	6.863921
1020	21	Ġfor	3.636747
1020	22	Ġher	7.562881
1020	23	Ġmother	9.673508
1020	24	.	2.487816
1020	25	<|endoftext|>	7.415648
1021	1	<|endoftext|>	0.0
1021	2	The	4.729313
1021	3	Ġcommissioner	14.424567
1021	4	Ġdiscovered	14.239028
1021	5	Ġthat	1.598439
1021	6	Ġthe	2.569127
1021	7	Ġpolice	7.60562
1021	8	Ġdetective	11.620469
1021	9	Ġlent	17.599935
1021	10	Ġto	7.605282
1021	11	Ġthe	1.631185
1021	12	Ġman	7.886487
1021	13	.	8.520533
1021	14	<|endoftext|>	6.87114
1022	1	<|endoftext|>	0.0
1022	2	The	4.729286
1022	3	Ġcommissioner	14.424611
1022	4	Ġdiscovered	14.239038
1022	5	Ġthat	1.598463
1022	6	Ġthe	2.569118
1022	7	Ġpolice	7.605554
1022	8	Ġdetective	11.620514
1022	9	Ġlent	17.599868
1022	10	Ġsome	7.33835
1022	11	Ġmoney	3.243862
1022	12	Ġto	0.28932
1022	13	Ġthe	2.132291
1022	14	Ġman	5.989604
1022	15	.	4.754482
1022	16	<|endoftext|>	6.928288
1023	1	<|endoftext|>	0.0
1023	2	The	4.729313
1023	3	Ġcommissioner	14.424567
1023	4	Ġdiscovered	14.239028
1023	5	Ġwhat	7.628553
1023	6	Ġthe	4.970796
1023	7	Ġpolice	6.483286
1023	8	Ġdetective	11.105132
1023	9	Ġlent	18.398533
1023	10	Ġto	2.57818
1023	11	Ġthe	2.50576
1023	12	Ġman	6.023822
1023	13	.	4.505523
1023	14	<|endoftext|>	7.003972
1024	1	<|endoftext|>	0.0
1024	2	The	4.729286
1024	3	Ġcommissioner	14.424611
1024	4	Ġdiscovered	14.239038
1024	5	Ġwhat	7.628533
1024	6	Ġthe	4.970782
1024	7	Ġpolice	6.483319
1024	8	Ġdetective	11.105155
1024	9	Ġlent	18.398496
1024	10	Ġsome	10.615897
1024	11	Ġmoney	7.820848
1024	12	Ġto	0.208434
1024	13	Ġthe	5.698172
1024	14	Ġman	5.68336
1024	15	.	4.063376
1024	16	<|endoftext|>	6.486946
1025	1	<|endoftext|>	0.0
1025	2	The	4.729281
1025	3	Ġcommissioner	14.424614
1025	4	Ġdiscovered	14.239028
1025	5	Ġthat	1.598462
1025	6	Ġthe	2.569103
1025	7	Ġreport	8.750939
1025	8	Ġstated	9.29728
1025	9	Ġthe	4.212577
1025	10	Ġpolice	7.775721
1025	11	Ġdetective	12.325804
1025	12	Ġlent	18.705342
1025	13	Ġto	7.183361
1025	14	Ġthe	1.20839
1025	15	Ġman	8.416989
1025	16	.	7.759088
1025	17	<|endoftext|>	6.510805
1026	1	<|endoftext|>	0.0
1026	2	The	4.729281
1026	3	Ġcommissioner	14.424614
1026	4	Ġdiscovered	14.239028
1026	5	Ġthat	1.598462
1026	6	Ġthe	2.569103
1026	7	Ġreport	8.750939
1026	8	Ġstated	9.29728
1026	9	Ġthe	4.212577
1026	10	Ġpolice	7.775721
1026	11	Ġdetective	12.325804
1026	12	Ġlent	18.705342
1026	13	Ġsome	7.485148
1026	14	Ġmoney	3.822533
1026	15	Ġto	0.314731
1026	16	Ġthe	1.861861
1026	17	Ġman	6.226004
1026	18	.	3.661253
1026	19	<|endoftext|>	6.487106
1027	1	<|endoftext|>	0.0
1027	2	The	4.729281
1027	3	Ġcommissioner	14.424614
1027	4	Ġdiscovered	14.239028
1027	5	Ġwhat	7.628531
1027	6	Ġthe	4.970787
1027	7	Ġreport	7.988624
1027	8	Ġstated	7.789581
1027	9	Ġthe	7.755223
1027	10	Ġpolice	7.039368
1027	11	Ġdetective	12.212008
1027	12	Ġlent	18.700185
1027	13	Ġto	1.660008
1027	14	Ġthe	2.195313
1027	15	Ġman	6.488512
1027	16	.	3.933734
1027	17	<|endoftext|>	6.656022
1028	1	<|endoftext|>	0.0
1028	2	The	4.729281
1028	3	Ġcommissioner	14.424614
1028	4	Ġdiscovered	14.239028
1028	5	Ġwhat	7.628531
1028	6	Ġthe	4.970787
1028	7	Ġreport	7.988624
1028	8	Ġstated	7.789581
1028	9	Ġthe	7.755223
1028	10	Ġpolice	7.039368
1028	11	Ġdetective	12.212008
1028	12	Ġlent	18.700185
1028	13	Ġsome	10.044958
1028	14	Ġmoney	6.604775
1028	15	Ġto	0.276219
1028	16	Ġthe	4.372719
1028	17	Ġman	6.159363
1028	18	.	3.40855
1028	19	<|endoftext|>	6.368
1029	1	<|endoftext|>	0.0
1029	2	The	4.729281
1029	3	Ġcommissioner	14.424614
1029	4	Ġdiscovered	14.239028
1029	5	Ġthat	1.598462
1029	6	Ġthe	2.569103
1029	7	Ġreport	8.750939
1029	8	Ġstated	9.29728
1029	9	Ġthe	4.212577
1029	10	Ġtelevision	14.350951
1029	11	Ġhost	7.966922
1029	12	Ġthought	12.055462
1029	13	Ġthe	2.548626
1029	14	Ġpolice	6.917025
1029	15	Ġdetective	12.873333
1029	16	Ġlent	17.391768
1029	17	Ġto	8.399798
1029	18	Ġthe	1.683072
1029	19	Ġman	8.028985
1029	20	.	5.995525
1029	21	<|endoftext|>	6.427817
1030	1	<|endoftext|>	0.0
1030	2	The	4.729281
1030	3	Ġcommissioner	14.424614
1030	4	Ġdiscovered	14.239028
1030	5	Ġthat	1.598462
1030	6	Ġthe	2.569103
1030	7	Ġreport	8.750939
1030	8	Ġstated	9.29728
1030	9	Ġthe	4.212577
1030	10	Ġtelevision	14.350951
1030	11	Ġhost	7.966922
1030	12	Ġthought	12.055462
1030	13	Ġthe	2.548626
1030	14	Ġpolice	6.917025
1030	15	Ġdetective	12.873333
1030	16	Ġlent	17.391768
1030	17	Ġsome	7.80306
1030	18	Ġmoney	4.354631
1030	19	Ġto	0.540877
1030	20	Ġthe	1.827811
1030	21	Ġman	6.408405
1030	22	.	3.029545
1030	23	<|endoftext|>	6.337795
1031	1	<|endoftext|>	0.0
1031	2	The	4.729281
1031	3	Ġcommissioner	14.424614
1031	4	Ġdiscovered	14.239028
1031	5	Ġwhat	7.628531
1031	6	Ġthe	4.970787
1031	7	Ġreport	7.988624
1031	8	Ġstated	7.789581
1031	9	Ġthe	7.755223
1031	10	Ġtelevision	14.228144
1031	11	Ġhost	7.40206
1031	12	Ġthought	8.476033
1031	13	Ġthe	5.289991
1031	14	Ġpolice	6.842754
1031	15	Ġdetective	12.397828
1031	16	Ġlent	17.878049
1031	17	Ġto	3.181548
1031	18	Ġthe	2.190144
1031	19	Ġman	6.964862
1031	20	.	3.086596
1031	21	<|endoftext|>	6.690092
1032	1	<|endoftext|>	0.0
1032	2	The	4.729281
1032	3	Ġcommissioner	14.424614
1032	4	Ġdiscovered	14.239028
1032	5	Ġwhat	7.628531
1032	6	Ġthe	4.970787
1032	7	Ġreport	7.988624
1032	8	Ġstated	7.789581
1032	9	Ġthe	7.755223
1032	10	Ġtelevision	14.228144
1032	11	Ġhost	7.40206
1032	12	Ġthought	8.476033
1032	13	Ġthe	5.289991
1032	14	Ġpolice	6.842754
1032	15	Ġdetective	12.397828
1032	16	Ġlent	17.878049
1032	17	Ġsome	9.527845
1032	18	Ġmoney	6.571185
1032	19	Ġto	0.623333
1032	20	Ġthe	3.501793
1032	21	Ġman	6.159457
1032	22	.	2.813637
1032	23	<|endoftext|>	6.560883
1033	1	<|endoftext|>	0.0
1033	2	The	4.729281
1033	3	Ġcommissioner	14.424614
1033	4	Ġdiscovered	14.239028
1033	5	Ġthat	1.598462
1033	6	Ġthe	2.569103
1033	7	Ġreport	8.750939
1033	8	Ġstated	9.29728
1033	9	Ġthe	4.212577
1033	10	Ġtelevision	14.350951
1033	11	Ġhost	7.966922
1033	12	Ġthought	12.055462
1033	13	Ġthe	2.548626
1033	14	Ġman	7.322419
1033	15	Ġreported	11.42845
1033	16	Ġthe	2.202684
1033	17	Ġpolice	8.169369
1033	18	Ġdetective	12.378565
1033	19	Ġlent	20.654294
1033	20	Ġto	6.194396
1033	21	Ġthe	2.29654
1033	22	Ġman	6.815794
1033	23	.	4.204221
1033	24	<|endoftext|>	6.249543
1034	1	<|endoftext|>	0.0
1034	2	The	4.729281
1034	3	Ġcommissioner	14.424614
1034	4	Ġdiscovered	14.239028
1034	5	Ġthat	1.598462
1034	6	Ġthe	2.569103
1034	7	Ġreport	8.750939
1034	8	Ġstated	9.29728
1034	9	Ġthe	4.212577
1034	10	Ġtelevision	14.350951
1034	11	Ġhost	7.966922
1034	12	Ġthought	12.055462
1034	13	Ġthe	2.548626
1034	14	Ġman	7.322419
1034	15	Ġreported	11.42845
1034	16	Ġthe	2.202684
1034	17	Ġpolice	8.169369
1034	18	Ġdetective	12.378565
1034	19	Ġlent	20.654294
1034	20	Ġsome	8.555341
1034	21	Ġmoney	1.886029
1034	22	Ġto	0.704961
1034	23	Ġthe	2.171829
1034	24	Ġman	4.908082
1034	25	.	2.552886
1034	26	<|endoftext|>	6.112863
1035	1	<|endoftext|>	0.0
1035	2	The	4.729281
1035	3	Ġcommissioner	14.424614
1035	4	Ġdiscovered	14.239028
1035	5	Ġwhat	7.628531
1035	6	Ġthe	4.970787
1035	7	Ġreport	7.988624
1035	8	Ġstated	7.789581
1035	9	Ġthe	7.755223
1035	10	Ġtelevision	14.228144
1035	11	Ġhost	7.40206
1035	12	Ġthought	8.476033
1035	13	Ġthe	5.289991
1035	14	Ġman	7.834255
1035	15	Ġreported	12.028888
1035	16	Ġthe	6.263367
1035	17	Ġpolice	7.485955
1035	18	Ġdetective	11.525399
1035	19	Ġlent	19.909043
1035	20	Ġto	2.997942
1035	21	Ġthe	2.940023
1035	22	Ġman	6.599636
1035	23	.	2.661993
1035	24	<|endoftext|>	6.46279
1036	1	<|endoftext|>	0.0
1036	2	The	4.729281
1036	3	Ġcommissioner	14.424614
1036	4	Ġdiscovered	14.239028
1036	5	Ġwhat	7.628531
1036	6	Ġthe	4.970787
1036	7	Ġreport	7.988624
1036	8	Ġstated	7.789581
1036	9	Ġthe	7.755223
1036	10	Ġtelevision	14.228144
1036	11	Ġhost	7.40206
1036	12	Ġthought	8.476033
1036	13	Ġthe	5.289991
1036	14	Ġman	7.834255
1036	15	Ġreported	12.028888
1036	16	Ġthe	6.263367
1036	17	Ġpolice	7.485955
1036	18	Ġdetective	11.525399
1036	19	Ġlent	19.909043
1036	20	Ġsome	9.487043
1036	21	Ġmoney	3.215044
1036	22	Ġto	0.729586
1036	23	Ġthe	3.941951
1036	24	Ġman	4.794827
1036	25	.	2.281424
1036	26	<|endoftext|>	6.268498
1037	1	<|endoftext|>	0.0
1037	2	The	4.729281
1037	3	Ġcommissioner	14.424614
1037	4	Ġdiscovered	14.239028
1037	5	Ġthat	1.598462
1037	6	Ġthe	2.569103
1037	7	Ġreport	8.750939
1037	8	Ġstated	9.29728
1037	9	Ġthe	4.212577
1037	10	Ġtelevision	14.350951
1037	11	Ġhost	7.966922
1037	12	Ġthought	12.055462
1037	13	Ġthe	2.548626
1037	14	Ġman	7.322419
1037	15	Ġreported	11.42845
1037	16	Ġthe	2.202684
1037	17	Ġpolice	8.169369
1037	18	Ġdetective	12.378565
1037	19	Ġlent	20.654294
1037	20	Ġto	6.194396
1037	21	Ġthe	2.29654
1037	22	Ġman	6.815794
1037	23	.	4.204221
1037	24	<|endoftext|>	6.249543
1038	1	<|endoftext|>	0.0
1038	2	The	4.729281
1038	3	Ġcommissioner	14.424614
1038	4	Ġdiscovered	14.239028
1038	5	Ġthat	1.598462
1038	6	Ġthe	2.569103
1038	7	Ġreport	8.750939
1038	8	Ġstated	9.29728
1038	9	Ġthe	4.212577
1038	10	Ġtelevision	14.350951
1038	11	Ġhost	7.966922
1038	12	Ġthought	12.055462
1038	13	Ġthe	2.548626
1038	14	Ġman	7.322419
1038	15	Ġreported	11.42845
1038	16	Ġthe	2.202684
1038	17	Ġpolice	8.169369
1038	18	Ġdetective	12.378565
1038	19	Ġlent	20.654294
1038	20	Ġsome	8.555341
1038	21	Ġmoney	1.886029
1038	22	Ġto	0.704961
1038	23	Ġthe	2.171829
1038	24	Ġman	4.908082
1038	25	.	2.552886
1038	26	<|endoftext|>	6.112863
1039	1	<|endoftext|>	0.0
1039	2	The	4.729281
1039	3	Ġcommissioner	14.424614
1039	4	Ġdiscovered	14.239028
1039	5	Ġwhat	7.628531
1039	6	Ġthe	4.970787
1039	7	Ġreport	7.988624
1039	8	Ġstated	7.789581
1039	9	Ġthe	7.755223
1039	10	Ġtelevision	14.228144
1039	11	Ġhost	7.40206
1039	12	Ġthought	8.476033
1039	13	Ġthe	5.289991
1039	14	Ġman	7.834255
1039	15	Ġreported	12.028888
1039	16	Ġthe	6.263367
1039	17	Ġpolice	7.485955
1039	18	Ġdetective	11.525399
1039	19	Ġlent	19.909043
1039	20	Ġto	2.997942
1039	21	Ġthe	2.940023
1039	22	Ġman	6.599636
1039	23	.	2.661993
1039	24	<|endoftext|>	6.46279
1040	1	<|endoftext|>	0.0
1040	2	The	4.729281
1040	3	Ġcommissioner	14.424614
1040	4	Ġdiscovered	14.239028
1040	5	Ġwhat	7.628531
1040	6	Ġthe	4.970787
1040	7	Ġreport	7.988624
1040	8	Ġstated	7.789581
1040	9	Ġthe	7.755223
1040	10	Ġtelevision	14.228144
1040	11	Ġhost	7.40206
1040	12	Ġthought	8.476033
1040	13	Ġthe	5.289991
1040	14	Ġman	7.834255
1040	15	Ġreported	12.028888
1040	16	Ġthe	6.263367
1040	17	Ġpolice	7.485955
1040	18	Ġdetective	11.525399
1040	19	Ġlent	19.909043
1040	20	Ġsome	9.487043
1040	21	Ġmoney	3.215044
1040	22	Ġto	0.729586
1040	23	Ġthe	3.941951
1040	24	Ġman	4.794827
1040	25	.	2.281424
1040	26	<|endoftext|>	6.268498
1041	1	<|endoftext|>	0.0
1041	2	We	7.155782
1041	3	Ġall	5.001739
1041	4	Ġknow	0.901091
1041	5	Ġthat	1.582208
1041	6	Ġthe	3.68202
1041	7	Ġinvestor	15.98187
1041	8	Ġrepaid	19.125673
1041	9	Ġto	8.74706
1041	10	Ġthe	1.596988
1041	11	Ġcriminal	14.327352
1041	12	Ġking	7.984383
1041	13	pin	6.670167
1041	14	.	5.969276
1041	15	<|endoftext|>	9.441258
1042	1	<|endoftext|>	0.0
1042	2	We	7.155761
1042	3	Ġall	5.001796
1042	4	Ġknow	0.901057
1042	5	Ġthat	1.582244
1042	6	Ġthe	3.681979
1042	7	Ġinvestor	15.981891
1042	8	Ġrepaid	19.125603
1042	9	Ġhis	2.138459
1042	10	Ġdebt	3.408712
1042	11	Ġto	2.875664
1042	12	Ġthe	1.734001
1042	13	Ġcriminal	14.335696
1042	14	Ġking	6.68773
1042	15	pin	3.835489
1042	16	.	3.579374
1042	17	<|endoftext|>	9.700304
1043	1	<|endoftext|>	0.0
1043	2	We	7.155782
1043	3	Ġall	5.001739
1043	4	Ġknow	0.901091
1043	5	Ġwhat	3.935052
1043	6	Ġthe	4.24262
1043	7	Ġinvestor	16.398364
1043	8	Ġrepaid	20.474873
1043	9	Ġto	5.290024
1043	10	Ġthe	1.93271
1043	11	Ġcriminal	14.193749
1043	12	Ġking	8.412778
1043	13	pin	3.362373
1043	14	Ġ.	10.261897
1043	15	<|endoftext|>	9.450978
1044	1	<|endoftext|>	0.0
1044	2	We	7.155761
1044	3	Ġall	5.001796
1044	4	Ġknow	0.901057
1044	5	Ġwhat	3.935055
1044	6	Ġthe	4.242649
1044	7	Ġinvestor	16.39832
1044	8	Ġrepaid	20.474851
1044	9	Ġhis	5.465551
1044	10	Ġdebt	4.472352
1044	11	Ġto	1.802271
1044	12	Ġthe	2.128492
1044	13	Ġcriminal	14.67538
1044	14	Ġking	6.969659
1044	15	pin	3.585214
1044	16	Ġ.	10.334103
1044	17	<|endoftext|>	9.194098
1045	1	<|endoftext|>	0.0
1045	2	We	7.155761
1045	3	Ġall	5.001796
1045	4	Ġknow	0.901057
1045	5	Ġthat	1.582244
1045	6	Ġthe	3.681979
1045	7	Ġaccountant	18.116765
1045	8	Ġsaid	9.726516
1045	9	Ġthe	4.361756
1045	10	Ġinvestor	10.925186
1045	11	Ġrepaid	16.048154
1045	12	Ġto	9.204392
1045	13	Ġthe	1.314056
1045	14	Ġcriminal	15.917572
1045	15	Ġking	9.173297
1045	16	pin	6.582077
1045	17	.	3.500558
1045	18	<|endoftext|>	9.630608
1046	1	<|endoftext|>	0.0
1046	2	We	7.155761
1046	3	Ġall	5.001796
1046	4	Ġknow	0.901057
1046	5	Ġthat	1.582244
1046	6	Ġthe	3.681979
1046	7	Ġaccountant	18.116765
1046	8	Ġsaid	9.726516
1046	9	Ġthe	4.361756
1046	10	Ġinvestor	10.925186
1046	11	Ġrepaid	16.048154
1046	12	Ġhis	2.566764
1046	13	Ġdebt	4.072217
1046	14	Ġto	4.234227
1046	15	Ġthe	1.294235
1046	16	Ġcriminal	15.618439
1046	17	Ġking	8.020501
1046	18	pin	3.437241
1046	19	.	2.238214
1046	20	<|endoftext|>	9.783651
1047	1	<|endoftext|>	0.0
1047	2	We	7.155761
1047	3	Ġall	5.001796
1047	4	Ġknow	0.901057
1047	5	Ġwhat	3.935055
1047	6	Ġthe	4.242649
1047	7	Ġaccountant	16.800534
1047	8	Ġsaid	5.066623
1047	9	Ġthe	8.397734
1047	10	Ġinvestor	11.461921
1047	11	Ġrepaid	18.756205
1047	12	Ġto	5.593833
1047	13	Ġthe	1.583425
1047	14	Ġcriminal	15.039473
1047	15	Ġking	9.550545
1047	16	pin	2.901302
1047	17	Ġ.	9.532396
1047	18	<|endoftext|>	8.948548
1048	1	<|endoftext|>	0.0
1048	2	We	7.155761
1048	3	Ġall	5.001796
1048	4	Ġknow	0.901057
1048	5	Ġwhat	3.935055
1048	6	Ġthe	4.242649
1048	7	Ġaccountant	16.800534
1048	8	Ġsaid	5.066623
1048	9	Ġthe	8.397734
1048	10	Ġinvestor	11.461921
1048	11	Ġrepaid	18.756205
1048	12	Ġhis	5.776019
1048	13	Ġdebt	4.392095
1048	14	Ġto	2.598444
1048	15	Ġthe	1.812284
1048	16	Ġcriminal	15.371798
1048	17	Ġking	8.174807
1048	18	pin	2.968168
1048	19	Ġ.	9.626038
1048	20	<|endoftext|>	8.782602
1049	1	<|endoftext|>	0.0
1049	2	We	7.155761
1049	3	Ġall	5.001796
1049	4	Ġknow	0.901057
1049	5	Ġthat	1.582244
1049	6	Ġthe	3.681979
1049	7	Ġaccountant	18.116765
1049	8	Ġsaid	9.726516
1049	9	Ġhis	6.918623
1049	10	Ġcolleague	10.857455
1049	11	Ġrecalled	14.33226
1049	12	Ġthe	2.965648
1049	13	Ġinvestor	13.894536
1049	14	Ġrepaid	17.58547
1049	15	Ġto	7.95696
1049	16	Ġthe	2.3692
1049	17	Ġcriminal	14.755425
1049	18	Ġking	8.517743
1049	19	pin	4.93016
1049	20	.	3.37488
1049	21	<|endoftext|>	9.308489
1050	1	<|endoftext|>	0.0
1050	2	We	7.155761
1050	3	Ġall	5.001796
1050	4	Ġknow	0.901057
1050	5	Ġthat	1.582244
1050	6	Ġthe	3.681979
1050	7	Ġaccountant	18.116765
1050	8	Ġsaid	9.726516
1050	9	Ġhis	6.918623
1050	10	Ġcolleague	10.857455
1050	11	Ġrecalled	14.33226
1050	12	Ġthe	2.965648
1050	13	Ġinvestor	13.894536
1050	14	Ġrepaid	17.58547
1050	15	Ġhis	2.256228
1050	16	Ġdebt	4.708265
1050	17	Ġto	3.773684
1050	18	Ġthe	1.670413
1050	19	Ġcriminal	15.414655
1050	20	Ġking	7.590423
1050	21	pin	3.203922
1050	22	.	2.28504
1050	23	<|endoftext|>	9.386316
1051	1	<|endoftext|>	0.0
1051	2	We	7.155761
1051	3	Ġall	5.001796
1051	4	Ġknow	0.901057
1051	5	Ġwhat	3.935055
1051	6	Ġthe	4.242649
1051	7	Ġaccountant	16.800534
1051	8	Ġsaid	5.066623
1051	9	Ġhis	12.58765
1051	10	Ġcolleague	10.045247
1051	11	Ġrecalled	13.780213
1051	12	Ġthe	5.811176
1051	13	Ġinvestor	13.93963
1051	14	Ġrepaid	17.882574
1051	15	Ġto	5.249442
1051	16	Ġthe	2.438043
1051	17	Ġcriminal	14.47129
1051	18	Ġking	8.896796
1051	19	pin	3.243464
1051	20	Ġ.	9.718102
1051	21	<|endoftext|>	7.924548
1052	1	<|endoftext|>	0.0
1052	2	We	7.155761
1052	3	Ġall	5.001796
1052	4	Ġknow	0.901057
1052	5	Ġwhat	3.935055
1052	6	Ġthe	4.242649
1052	7	Ġaccountant	16.800534
1052	8	Ġsaid	5.066623
1052	9	Ġhis	12.58765
1052	10	Ġcolleague	10.045247
1052	11	Ġrecalled	13.780213
1052	12	Ġthe	5.811176
1052	13	Ġinvestor	13.93963
1052	14	Ġrepaid	17.882574
1052	15	Ġhis	4.300736
1052	16	Ġdebt	4.588463
1052	17	Ġto	3.438734
1052	18	Ġthe	1.956826
1052	19	Ġcriminal	15.377814
1052	20	Ġking	7.820615
1052	21	pin	2.936453
1052	22	Ġ.	9.625542
1052	23	<|endoftext|>	7.840901
1053	1	<|endoftext|>	0.0
1053	2	We	7.155761
1053	3	Ġall	5.001796
1053	4	Ġknow	0.901057
1053	5	Ġthat	1.582244
1053	6	Ġthe	3.681979
1053	7	Ġaccountant	18.116765
1053	8	Ġsaid	9.726516
1053	9	Ġhis	6.918623
1053	10	Ġcolleague	10.857455
1053	11	Ġrecalled	14.33226
1053	12	Ġthe	2.965648
1053	13	Ġpartners	16.800399
1053	14	Ġknew	13.411612
1053	15	Ġthe	3.841922
1053	16	Ġinvestor	10.860691
1053	17	Ġrepaid	17.480413
1053	18	Ġto	8.148379
1053	19	Ġthe	1.970236
1053	20	Ġcriminal	14.699782
1053	21	Ġking	9.198048
1053	22	pin	2.800264
1053	23	.	2.15174
1053	24	<|endoftext|>	9.671658
1054	1	<|endoftext|>	0.0
1054	2	We	7.155761
1054	3	Ġall	5.001796
1054	4	Ġknow	0.901057
1054	5	Ġthat	1.582244
1054	6	Ġthe	3.681979
1054	7	Ġaccountant	18.116765
1054	8	Ġsaid	9.726516
1054	9	Ġhis	6.918623
1054	10	Ġcolleague	10.857455
1054	11	Ġrecalled	14.33226
1054	12	Ġthe	2.965648
1054	13	Ġpartners	16.800399
1054	14	Ġknew	13.411612
1054	15	Ġthe	3.841922
1054	16	Ġinvestor	10.860691
1054	17	Ġrepaid	17.480413
1054	18	Ġhis	3.128797
1054	19	Ġdebt	5.021452
1054	20	Ġto	4.31125
1054	21	Ġthe	1.823275
1054	22	Ġcriminal	15.133952
1054	23	Ġking	8.30726
1054	24	pin	2.215669
1054	25	.	1.680392
1054	26	<|endoftext|>	9.653597
1055	1	<|endoftext|>	0.0
1055	2	We	7.155761
1055	3	Ġall	5.001796
1055	4	Ġknow	0.901057
1055	5	Ġwhat	3.935055
1055	6	Ġthe	4.242649
1055	7	Ġaccountant	16.800534
1055	8	Ġsaid	5.066623
1055	9	Ġhis	12.58765
1055	10	Ġcolleague	10.045247
1055	11	Ġrecalled	13.780213
1055	12	Ġthe	5.811176
1055	13	Ġpartners	17.010244
1055	14	Ġknew	9.98006
1055	15	Ġthe	6.185212
1055	16	Ġinvestor	10.330082
1055	17	Ġrepaid	17.928338
1055	18	Ġto	6.05287
1055	19	Ġthe	2.213782
1055	20	Ġcriminal	14.358585
1055	21	Ġking	9.576485
1055	22	pin	2.419095
1055	23	Ġ.	9.298611
1055	24	<|endoftext|>	8.277803
1056	1	<|endoftext|>	0.0
1056	2	We	7.155761
1056	3	Ġall	5.001796
1056	4	Ġknow	0.901057
1056	5	Ġwhat	3.935055
1056	6	Ġthe	4.242649
1056	7	Ġaccountant	16.800534
1056	8	Ġsaid	5.066623
1056	9	Ġhis	12.58765
1056	10	Ġcolleague	10.045247
1056	11	Ġrecalled	13.780213
1056	12	Ġthe	5.811176
1056	13	Ġpartners	17.010244
1056	14	Ġknew	9.98006
1056	15	Ġthe	6.185212
1056	16	Ġinvestor	10.330082
1056	17	Ġrepaid	17.928338
1056	18	Ġhis	4.47019
1056	19	Ġdebt	4.754748
1056	20	Ġto	3.857846
1056	21	Ġthe	2.225662
1056	22	Ġcriminal	14.888872
1056	23	Ġking	8.508057
1056	24	pin	2.230082
1056	25	Ġ.	9.368729
1056	26	<|endoftext|>	8.200656
1057	1	<|endoftext|>	0.0
1057	2	We	7.155761
1057	3	Ġall	5.001796
1057	4	Ġknow	0.901057
1057	5	Ġthat	1.582244
1057	6	Ġthe	3.681979
1057	7	Ġaccountant	18.116765
1057	8	Ġsaid	9.726516
1057	9	Ġhis	6.918623
1057	10	Ġcolleague	10.857455
1057	11	Ġrecalled	14.33226
1057	12	Ġthe	2.965648
1057	13	Ġpartners	16.800399
1057	14	Ġknew	13.411612
1057	15	Ġthe	3.841922
1057	16	Ġinvestor	10.860691
1057	17	Ġrepaid	17.480413
1057	18	Ġto	8.148379
1057	19	Ġthe	1.970236
1057	20	Ġcriminal	14.699782
1057	21	Ġking	9.198048
1057	22	pin	2.800264
1057	23	.	2.15174
1057	24	<|endoftext|>	9.671658
1058	1	<|endoftext|>	0.0
1058	2	We	7.155761
1058	3	Ġall	5.001796
1058	4	Ġknow	0.901057
1058	5	Ġthat	1.582244
1058	6	Ġthe	3.681979
1058	7	Ġaccountant	18.116765
1058	8	Ġsaid	9.726516
1058	9	Ġhis	6.918623
1058	10	Ġcolleague	10.857455
1058	11	Ġrecalled	14.33226
1058	12	Ġthe	2.965648
1058	13	Ġpartners	16.800399
1058	14	Ġknew	13.411612
1058	15	Ġthe	3.841922
1058	16	Ġinvestor	10.860691
1058	17	Ġrepaid	17.480413
1058	18	Ġhis	3.128797
1058	19	Ġdebt	5.021452
1058	20	Ġto	4.31125
1058	21	Ġthe	1.823275
1058	22	Ġcriminal	15.133952
1058	23	Ġking	8.30726
1058	24	pin	2.215669
1058	25	.	1.680392
1058	26	<|endoftext|>	9.653597
1059	1	<|endoftext|>	0.0
1059	2	We	7.155761
1059	3	Ġall	5.001796
1059	4	Ġknow	0.901057
1059	5	Ġwhat	3.935055
1059	6	Ġthe	4.242649
1059	7	Ġaccountant	16.800534
1059	8	Ġsaid	5.066623
1059	9	Ġhis	12.58765
1059	10	Ġcolleague	10.045247
1059	11	Ġrecalled	13.780213
1059	12	Ġthe	5.811176
1059	13	Ġpartners	17.010244
1059	14	Ġknew	9.98006
1059	15	Ġthe	6.185212
1059	16	Ġinvestor	10.330082
1059	17	Ġrepaid	17.928338
1059	18	Ġto	6.05287
1059	19	Ġthe	2.213782
1059	20	Ġcriminal	14.358585
1059	21	Ġking	9.576485
1059	22	pin	2.419095
1059	23	Ġ.	9.298611
1059	24	<|endoftext|>	8.277803
1060	1	<|endoftext|>	0.0
1060	2	We	7.155761
1060	3	Ġall	5.001796
1060	4	Ġknow	0.901057
1060	5	Ġwhat	3.935055
1060	6	Ġthe	4.242649
1060	7	Ġaccountant	16.800534
1060	8	Ġsaid	5.066623
1060	9	Ġhis	12.58765
1060	10	Ġcolleague	10.045247
1060	11	Ġrecalled	13.780213
1060	12	Ġthe	5.811176
1060	13	Ġpartners	17.010244
1060	14	Ġknew	9.98006
1060	15	Ġthe	6.185212
1060	16	Ġinvestor	10.330082
1060	17	Ġrepaid	17.928338
1060	18	Ġhis	4.47019
1060	19	Ġdebt	4.754748
1060	20	Ġto	3.857846
1060	21	Ġthe	2.225662
1060	22	Ġcriminal	14.888872
1060	23	Ġking	8.508057
1060	24	pin	2.230082
1060	25	Ġ.	9.368729
1060	26	<|endoftext|>	8.200656
1061	1	<|endoftext|>	0.0
1061	2	I	5.770367
1061	3	Ġknow	5.545733
1061	4	Ġthat	2.74974
1061	5	Ġthe	4.424285
1061	6	Ġbusiness	11.457195
1061	7	Ġman	9.777829
1061	8	Ġpromised	12.949881
1061	9	Ġto	2.028065
1061	10	Ġthe	9.593926
1061	11	Ġfactory	9.682755
1061	12	Ġworkers	3.3087
1061	13	.	4.296865
1061	14	<|endoftext|>	10.013522
1062	1	<|endoftext|>	0.0
1062	2	I	5.770362
1062	3	Ġknow	5.545699
1062	4	Ġthat	2.74972
1062	5	Ġthe	4.424218
1062	6	Ġbusiness	11.457228
1062	7	Ġman	9.777836
1062	8	Ġpromised	12.949968
1062	9	Ġa	4.662213
1062	10	Ġraise	11.15933
1062	11	Ġto	4.328768
1062	12	Ġthe	3.057713
1062	13	Ġfactory	10.540226
1062	14	Ġworkers	1.563906
1062	15	.	2.639377
1062	16	<|endoftext|>	10.824075
1063	1	<|endoftext|>	0.0
1063	2	I	5.770367
1063	3	Ġknow	5.545733
1063	4	Ġwhat	4.510479
1063	5	Ġthe	6.346878
1063	6	Ġbusiness	11.3348
1063	7	Ġman	8.682457
1063	8	Ġpromised	12.094557
1063	9	Ġto	3.213512
1063	10	Ġthe	6.07004
1063	11	Ġfactory	9.768776
1063	12	Ġworkers	2.734335
1063	13	.	1.99424
1063	14	<|endoftext|>	9.392039
1064	1	<|endoftext|>	0.0
1064	2	I	5.770362
1064	3	Ġknow	5.545699
1064	4	Ġwhat	4.510481
1064	5	Ġthe	6.346903
1064	6	Ġbusiness	11.334717
1064	7	Ġman	8.682453
1064	8	Ġpromised	12.094538
1064	9	Ġa	8.482061
1064	10	Ġraise	14.465203
1064	11	Ġto	4.046384
1064	12	Ġthe	3.639528
1064	13	Ġfactory	10.343923
1064	14	Ġworkers	1.947256
1064	15	.	1.962752
1064	16	<|endoftext|>	9.545643
1065	1	<|endoftext|>	0.0
1065	2	I	5.770357
1065	3	Ġknow	5.545684
1065	4	Ġthat	2.749692
1065	5	Ġthe	4.424222
1065	6	Ġsecretary	14.743811
1065	7	Ġsaid	7.513032
1065	8	Ġthe	4.901655
1065	9	Ġbusiness	10.389487
1065	10	Ġman	10.746961
1065	11	Ġpromised	10.987448
1065	12	Ġto	1.264022
1065	13	Ġthe	9.965855
1065	14	Ġfactory	9.538404
1065	15	Ġworkers	3.192188
1065	16	.	3.703642
1065	17	<|endoftext|>	10.438995
1066	1	<|endoftext|>	0.0
1066	2	I	5.770357
1066	3	Ġknow	5.545684
1066	4	Ġthat	2.749692
1066	5	Ġthe	4.424222
1066	6	Ġsecretary	14.743811
1066	7	Ġsaid	7.513032
1066	8	Ġthe	4.901655
1066	9	Ġbusiness	10.389487
1066	10	Ġman	10.746961
1066	11	Ġpromised	10.987448
1066	12	Ġa	4.957197
1066	13	Ġraise	10.406738
1066	14	Ġto	4.383638
1066	15	Ġthe	2.573751
1066	16	Ġfactory	10.544452
1066	17	Ġworkers	1.791512
1066	18	.	2.199211
1066	19	<|endoftext|>	10.74889
1067	1	<|endoftext|>	0.0
1067	2	I	5.770357
1067	3	Ġknow	5.545684
1067	4	Ġwhat	4.510475
1067	5	Ġthe	6.346905
1067	6	Ġsecretary	14.292014
1067	7	Ġsaid	2.778063
1067	8	Ġthe	8.947851
1067	9	Ġbusiness	13.381127
1067	10	Ġman	8.151773
1067	11	Ġpromised	9.408215
1067	12	Ġto	2.799304
1067	13	Ġthe	6.390373
1067	14	Ġfactory	9.379904
1067	15	Ġworkers	2.691119
1067	16	.	1.64879
1067	17	<|endoftext|>	8.893209
1068	1	<|endoftext|>	0.0
1068	2	I	5.770357
1068	3	Ġknow	5.545684
1068	4	Ġwhat	4.510475
1068	5	Ġthe	6.346905
1068	6	Ġsecretary	14.292014
1068	7	Ġsaid	2.778063
1068	8	Ġthe	8.947851
1068	9	Ġbusiness	13.381127
1068	10	Ġman	8.151773
1068	11	Ġpromised	9.408215
1068	12	Ġa	8.122412
1068	13	Ġraise	12.873742
1068	14	Ġto	4.233601
1068	15	Ġthe	2.908372
1068	16	Ġfactory	10.746358
1068	17	Ġworkers	2.030906
1068	18	.	1.661161
1068	19	<|endoftext|>	9.054051
1069	1	<|endoftext|>	0.0
1069	2	I	5.770357
1069	3	Ġknow	5.545684
1069	4	Ġthat	2.749692
1069	5	Ġthe	4.424222
1069	6	Ġsecretary	14.743811
1069	7	Ġsaid	7.513032
1069	8	Ġthe	4.901655
1069	9	Ġjournalist	13.848754
1069	10	Ġremarked	14.631853
1069	11	Ġthe	6.484504
1069	12	Ġbusiness	11.692509
1069	13	Ġman	6.485975
1069	14	Ġpromised	11.630444
1069	15	Ġto	1.25421
1069	16	Ġthe	9.980511
1069	17	Ġfactory	10.261357
1069	18	Ġworkers	3.781392
1069	19	.	3.253367
1069	20	<|endoftext|>	10.029134
1070	1	<|endoftext|>	0.0
1070	2	I	5.770357
1070	3	Ġknow	5.545684
1070	4	Ġthat	2.749692
1070	5	Ġthe	4.424222
1070	6	Ġsecretary	14.743811
1070	7	Ġsaid	7.513032
1070	8	Ġthe	4.901655
1070	9	Ġjournalist	13.848754
1070	10	Ġremarked	14.631853
1070	11	Ġthe	6.484504
1070	12	Ġbusiness	11.692509
1070	13	Ġman	6.485975
1070	14	Ġpromised	11.630444
1070	15	Ġa	4.490566
1070	16	Ġraise	11.652301
1070	17	Ġto	4.429898
1070	18	Ġthe	2.513113
1070	19	Ġfactory	10.458338
1070	20	Ġworkers	2.557398
1070	21	.	1.734211
1070	22	<|endoftext|>	10.178964
1071	1	<|endoftext|>	0.0
1071	2	I	5.770357
1071	3	Ġknow	5.545684
1071	4	Ġwhat	4.510475
1071	5	Ġthe	6.346905
1071	6	Ġsecretary	14.292014
1071	7	Ġsaid	2.778063
1071	8	Ġthe	8.947851
1071	9	Ġjournalist	15.288687
1071	10	Ġremarked	14.15795
1071	11	Ġthe	6.901805
1071	12	Ġbusiness	12.004624
1071	13	Ġman	4.979079
1071	14	Ġpromised	11.185766
1071	15	Ġto	2.118893
1071	16	Ġthe	9.109089
1071	17	Ġfactory	10.732963
1071	18	Ġworkers	3.649108
1071	19	.	1.981652
1071	20	<|endoftext|>	8.594523
1072	1	<|endoftext|>	0.0
1072	2	I	5.770357
1072	3	Ġknow	5.545684
1072	4	Ġwhat	4.510475
1072	5	Ġthe	6.346905
1072	6	Ġsecretary	14.292014
1072	7	Ġsaid	2.778063
1072	8	Ġthe	8.947851
1072	9	Ġjournalist	15.288687
1072	10	Ġremarked	14.15795
1072	11	Ġthe	6.901805
1072	12	Ġbusiness	12.004624
1072	13	Ġman	4.979079
1072	14	Ġpromised	11.185766
1072	15	Ġa	5.605061
1072	16	Ġraise	12.009937
1072	17	Ġto	4.303541
1072	18	Ġthe	2.672709
1072	19	Ġfactory	10.59305
1072	20	Ġworkers	2.602574
1072	21	.	1.631455
1072	22	<|endoftext|>	8.75577
1073	1	<|endoftext|>	0.0
1073	2	I	5.770357
1073	3	Ġknow	5.545684
1073	4	Ġthat	2.749692
1073	5	Ġthe	4.424222
1073	6	Ġsecretary	14.743811
1073	7	Ġsaid	7.513032
1073	8	Ġthe	4.901655
1073	9	Ġjournalist	13.848754
1073	10	Ġremarked	14.631853
1073	11	Ġthe	6.484504
1073	12	Ġworkers	13.061711
1073	13	Ġsaid	8.196637
1073	14	Ġthe	2.751171
1073	15	Ġbusiness	9.471657
1073	16	Ġman	7.943881
1073	17	Ġpromised	10.494762
1073	18	Ġto	1.321789
1073	19	Ġthe	10.153718
1073	20	Ġfactory	6.918645
1073	21	Ġworkers	3.125814
1073	22	.	3.308655
1073	23	<|endoftext|>	9.350163
1074	1	<|endoftext|>	0.0
1074	2	I	5.770357
1074	3	Ġknow	5.545684
1074	4	Ġthat	2.749692
1074	5	Ġthe	4.424222
1074	6	Ġsecretary	14.743811
1074	7	Ġsaid	7.513032
1074	8	Ġthe	4.901655
1074	9	Ġjournalist	13.848754
1074	10	Ġremarked	14.631853
1074	11	Ġthe	6.484504
1074	12	Ġworkers	13.061711
1074	13	Ġsaid	8.196637
1074	14	Ġthe	2.751171
1074	15	Ġbusiness	9.471657
1074	16	Ġman	7.943881
1074	17	Ġpromised	10.494762
1074	18	Ġa	5.123393
1074	19	Ġraise	9.931953
1074	20	Ġto	4.419105
1074	21	Ġthe	2.580239
1074	22	Ġfactory	8.808424
1074	23	Ġworkers	2.633761
1074	24	.	1.478747
1074	25	<|endoftext|>	9.359757
1075	1	<|endoftext|>	0.0
1075	2	I	5.770357
1075	3	Ġknow	5.545684
1075	4	Ġwhat	4.510475
1075	5	Ġthe	6.346905
1075	6	Ġsecretary	14.292014
1075	7	Ġsaid	2.778063
1075	8	Ġthe	8.947851
1075	9	Ġjournalist	15.288687
1075	10	Ġremarked	14.15795
1075	11	Ġthe	6.901805
1075	12	Ġworkers	13.509178
1075	13	Ġsaid	6.489271
1075	14	Ġthe	2.701834
1075	15	Ġbusiness	9.177748
1075	16	Ġman	6.883601
1075	17	Ġpromised	11.012264
1075	18	Ġto	1.653781
1075	19	Ġthe	9.691682
1075	20	Ġfactory	7.275341
1075	21	Ġworkers	3.230388
1075	22	.	3.052563
1075	23	<|endoftext|>	8.256658
1076	1	<|endoftext|>	0.0
1076	2	I	5.770357
1076	3	Ġknow	5.545684
1076	4	Ġwhat	4.510475
1076	5	Ġthe	6.346905
1076	6	Ġsecretary	14.292014
1076	7	Ġsaid	2.778063
1076	8	Ġthe	8.947851
1076	9	Ġjournalist	15.288687
1076	10	Ġremarked	14.15795
1076	11	Ġthe	6.901805
1076	12	Ġworkers	13.509178
1076	13	Ġsaid	6.489271
1076	14	Ġthe	2.701834
1076	15	Ġbusiness	9.177748
1076	16	Ġman	6.883601
1076	17	Ġpromised	11.012264
1076	18	Ġa	5.305064
1076	19	Ġraise	9.847006
1076	20	Ġto	4.226858
1076	21	Ġthe	2.64377
1076	22	Ġfactory	8.966509
1076	23	Ġworkers	2.787976
1076	24	.	1.676928
1076	25	<|endoftext|>	8.355645
1077	1	<|endoftext|>	0.0
1077	2	I	5.770357
1077	3	Ġknow	5.545684
1077	4	Ġthat	2.749692
1077	5	Ġthe	4.424222
1077	6	Ġsecretary	14.743811
1077	7	Ġsaid	7.513032
1077	8	Ġthe	4.901655
1077	9	Ġjournalist	13.848754
1077	10	Ġremarked	14.631853
1077	11	Ġthe	6.484504
1077	12	Ġworkers	13.061711
1077	13	Ġsaid	8.196637
1077	14	Ġthe	2.751171
1077	15	Ġbusiness	9.471657
1077	16	Ġman	7.943881
1077	17	Ġpromised	10.494762
1077	18	Ġto	1.321789
1077	19	Ġthe	10.153718
1077	20	Ġfactory	6.918645
1077	21	Ġworkers	3.125814
1077	22	.	3.308655
1077	23	<|endoftext|>	9.350163
1078	1	<|endoftext|>	0.0
1078	2	I	5.770357
1078	3	Ġknow	5.545684
1078	4	Ġthat	2.749692
1078	5	Ġthe	4.424222
1078	6	Ġsecretary	14.743811
1078	7	Ġsaid	7.513032
1078	8	Ġthe	4.901655
1078	9	Ġjournalist	13.848754
1078	10	Ġremarked	14.631853
1078	11	Ġthe	6.484504
1078	12	Ġworkers	13.061711
1078	13	Ġsaid	8.196637
1078	14	Ġthe	2.751171
1078	15	Ġbusiness	9.471657
1078	16	Ġman	7.943881
1078	17	Ġpromised	10.494762
1078	18	Ġa	5.123393
1078	19	Ġraise	9.931953
1078	20	Ġto	4.419105
1078	21	Ġthe	2.580239
1078	22	Ġfactory	8.808424
1078	23	Ġworkers	2.633761
1078	24	.	1.478747
1078	25	<|endoftext|>	9.359757
1079	1	<|endoftext|>	0.0
1079	2	I	5.770357
1079	3	Ġknow	5.545684
1079	4	Ġwhat	4.510475
1079	5	Ġthe	6.346905
1079	6	Ġsecretary	14.292014
1079	7	Ġsaid	2.778063
1079	8	Ġthe	8.947851
1079	9	Ġjournalist	15.288687
1079	10	Ġremarked	14.15795
1079	11	Ġthe	6.901805
1079	12	Ġworkers	13.509178
1079	13	Ġsaid	6.489271
1079	14	Ġthe	2.701834
1079	15	Ġbusiness	9.177748
1079	16	Ġman	6.883601
1079	17	Ġpromised	11.012264
1079	18	Ġto	1.653781
1079	19	Ġthe	9.691682
1079	20	Ġfactory	7.275341
1079	21	Ġworkers	3.230388
1079	22	.	3.052563
1079	23	<|endoftext|>	8.256658
1080	1	<|endoftext|>	0.0
1080	2	I	5.770357
1080	3	Ġknow	5.545684
1080	4	Ġwhat	4.510475
1080	5	Ġthe	6.346905
1080	6	Ġsecretary	14.292014
1080	7	Ġsaid	2.778063
1080	8	Ġthe	8.947851
1080	9	Ġjournalist	15.288687
1080	10	Ġremarked	14.15795
1080	11	Ġthe	6.901805
1080	12	Ġworkers	13.509178
1080	13	Ġsaid	6.489271
1080	14	Ġthe	2.701834
1080	15	Ġbusiness	9.177748
1080	16	Ġman	6.883601
1080	17	Ġpromised	11.012264
1080	18	Ġa	5.305064
1080	19	Ġraise	9.847006
1080	20	Ġto	4.226858
1080	21	Ġthe	2.64377
1080	22	Ġfactory	8.966509
1080	23	Ġworkers	2.787976
1080	24	.	1.676928
1080	25	<|endoftext|>	8.355645
