sentence_group,wh,gap,levels_of_embedding,condition,main_clause,complementiser,embedding_1,embedding_2,embedding_3,embedding_4,subject,verb,object,continuation,main_clause_surprisal,main_clause_surprisal_mean,complementiser_surprisal,complementiser_surprisal_mean,embedding_1_surprisal,embedding_1_surprisal_mean,embedding_2_surprisal,embedding_2_surprisal_mean,embedding_3_surprisal,embedding_3_surprisal_mean,subject_surprisal,subject_surprisal_mean,verb_surprisal,verb_surprisal_mean,object_surprisal,object_surprisal_mean,continuation_surprisal,continuation_surprisal_mean,semi_local_surprisal_mean,global_surprisal_mean
54,no,yes,0,-wh_gap,They reported,that,,,,,,could have promoted,the accountant,last quarter.,9.39695,10.176728,2.208508,2.208508,,,,,,,,,14.70096,11.321244333333334,2.724253,11.2013435,12.331204,12.0429745,11.493195571428572,10.3014333
54,no,no,0,-wh_no_gap,They reported,that,,,,,the boss,could have promoted,the accountant,last quarter.,9.39695,10.176728,2.20851,2.20851,,,,,,,2.648978,7.563149999999999,8.011897,8.153969666666667,3.052271,8.2885455,10.01921,11.141309499999998,8.716435444444445,8.417490416666668
54,yes,yes,0,+wh_gap,They reported,who,,,,,,could have promoted,the accountant,last quarter.,9.39695,10.176728,12.973994,12.973994,,,,,,,,,8.262186,8.379314666666666,1.972487,10.387327,10.256871,11.5398615,9.856045857142858,10.2319771
54,yes,no,0,+wh_no_gap,They reported,who,,,,,the boss,could have promoted,the accountant,last quarter.,9.39695,10.176728,12.973997,12.973997,,,,,,,4.219928,7.469495,8.689499,8.615822666666666,6.060905,10.8568115,9.372092,11.258907,9.44643277777778,9.862112333333334
54,no,yes,1,-wh_gap,They reported,that,the man said,,,,,could have promoted,the accountant,last quarter.,9.396972,10.176701,2.20852,2.20852,2.648967,5.261041,,,,,,,15.235668,11.86383,2.770593,11.564115999999999,12.917899,13.2522365,12.174885,9.505326153846154
54,no,no,1,-wh_no_gap,They reported,that,the man said,,,,the boss,could have promoted,the accountant,last quarter.,9.396978,10.176702,2.208518,2.208518,2.648968,5.261040333333334,,,,,4.100878,8.1258625,7.375689,8.307947333333333,3.196167,8.18743,11.284,11.94031,9.047894111111113,7.985072666666667
54,yes,yes,1,+wh_gap,They reported,who,the man said,,,,,could have promoted,the accountant,last quarter.,9.396972,10.176701,12.973919,12.973919,4.219939,5.253209000000001,,,,,,,9.347312,9.394843666666667,1.923019,10.762424,11.524661,12.913253000000001,10.790840714285716,9.586371769230768
54,yes,no,1,+wh_no_gap,They reported,who,the man said,,,,the boss,could have promoted,the accountant,last quarter.,9.396978,10.176702,12.973917,12.973917,4.219927,5.253197,,,,,6.632644,9.7191685,9.799373,9.394399,6.600084,10.4970935,10.817945,12.051622,10.302107222222222,9.453725133333334
54,no,yes,2,-wh_gap,They reported,that,the man said,the old woman told him,,,,could have promoted,the accountant,last quarter.,9.396978,10.176702,2.208518,2.208518,2.648968,5.261040333333334,4.100878,5.060634800000001,,,,,13.88085,11.49967,3.16631,10.553265,12.242134,12.660046000000001,11.560804571428573,8.0318805
54,no,no,2,-wh_no_gap,They reported,that,the man said,the old woman told him,,,the boss,could have promoted,the accountant,last quarter.,9.396978,10.176702,2.208518,2.208518,2.648968,5.261040333333334,4.100878,5.060634800000001,,,4.558587,8.012105,6.836596,8.296091666666667,4.144182,8.793898,10.841263,11.7482425,9.110751777777777,7.282249150000001
54,yes,yes,2,+wh_gap,They reported,who,the man said,the old woman told him,,,,could have promoted,the accountant,last quarter.,9.396978,10.176702,12.973917,12.973917,4.219927,5.253197,6.632644,6.501829599999999,,,,,10.303357,10.201301333333333,3.534539,10.683392999999999,11.89335,12.668868,11.044060857142856,8.828026999999999
54,yes,no,2,+wh_no_gap,They reported,who,the man said,the old woman told him,,,the boss,could have promoted,the accountant,last quarter.,9.396978,10.176702,12.973917,12.973917,4.219927,5.253197,6.632644,6.501829599999999,,,6.447325,9.3398975,8.174655,8.685008,4.947648,9.345015,10.53533,11.5766635,9.619797333333333,8.408711799999997
54,no,yes,3,-wh_gap,They reported,that,the man said,the old woman told him,she knew,,,could have promoted,the accountant,last quarter.,9.396978,10.176702,2.208518,2.208518,2.648968,5.261040333333334,4.100878,5.060634800000001,2.029028,4.491567,,,14.76276,11.929380333333334,3.088566,10.448643,12.157721,12.6424255,11.710039714285713,7.73008145
54,no,no,3,-wh_no_gap,They reported,that,the man said,the old woman told him,she knew,,the boss,could have promoted,the accountant,last quarter.,9.396978,10.176702,2.208518,2.208518,2.648968,5.261040333333334,4.100878,5.060634800000001,2.029028,4.491567,3.174585,7.064463,6.800291,8.262808333333332,4.221392,8.839542,11.162835,11.915941,8.936479666666665,6.957257636363636
54,yes,yes,3,+wh_gap,They reported,who,the man said,the old woman told him,she knew,,,could have promoted,the accountant,last quarter.,9.396978,10.176702,12.973917,12.973917,4.219927,5.253197,6.632644,6.501829599999999,3.429522,4.6233375,,,10.985518,10.660400666666666,3.372609,10.517454,11.848614,12.6149895,11.178012714285714,8.4544412
54,yes,no,3,+wh_no_gap,They reported,who,the man said,the old woman told him,she knew,,the boss,could have promoted,the accountant,last quarter.,9.396978,10.176702,12.973917,12.973917,4.219927,5.253197,6.632644,6.501829599999999,3.429522,4.6233375,4.302233,7.8933575000000005,8.431473,8.806021666666666,4.777521,9.286444,10.849056,11.7327485,9.360351666666666,7.95845
54,no,yes,4,-wh_gap,They reported,that,the man said,the old woman told him,she knew,he noticed,,could have promoted,the accountant,last quarter.,9.396978,10.176702,2.208518,2.208518,2.648968,5.261040333333334,4.100878,5.060634800000001,2.029028,4.491567,,,14.76276,11.929380333333334,3.088566,10.448643,12.157721,12.6424255,11.710039714285713,7.73008145
54,no,no,4,-wh_no_gap,They reported,that,the man said,the old woman told him,she knew,he noticed,the boss,could have promoted,the accountant,last quarter.,9.396978,10.176702,2.208518,2.208518,2.648968,5.261040333333334,4.100878,5.060634800000001,2.029028,4.491567,3.174585,7.064463,6.800291,8.262808333333332,4.221392,8.839542,11.162835,11.915941,8.936479666666665,6.957257636363636
54,yes,yes,4,+wh_gap,They reported,who,the man said,the old woman told him,she knew,he noticed,,could have promoted,the accountant,last quarter.,9.396978,10.176702,12.973917,12.973917,4.219927,5.253197,6.632644,6.501829599999999,3.429522,4.6233375,,,10.985518,10.660400666666666,3.372609,10.517454,11.848614,12.6149895,11.178012714285714,8.4544412
54,yes,no,4,+wh_no_gap,They reported,who,the man said,the old woman told him,she knew,he noticed,the boss,could have promoted,the accountant,last quarter.,9.396978,10.176702,12.973917,12.973917,4.219927,5.253197,6.632644,6.501829599999999,3.429522,4.6233375,4.302233,7.8933575000000005,8.431473,8.806021666666666,4.777521,9.286444,10.849056,11.7327485,9.360351666666666,7.95845
53,no,yes,0,-wh_gap,He reported,that,,,,,,could abandon,his comrades,on the sinking ship.,8.582737,10.45716,2.374091,2.374091,,,,,,,,,14.49929,15.278065999999999,3.153446,8.7006605,5.273273,5.49198975,8.7406765,8.47398390909091
53,no,no,0,-wh_no_gap,He reported,that,,,,,the pirate,could abandon,his comrades,on the sinking ship.,8.582738,10.457133,2.37405,2.37405,,,,,,,2.664666,9.2041535,8.79563,11.4523715,1.690628,5.821747,5.036173,4.6672685000000005,7.162561800000001,7.301071846153846
53,yes,yes,0,+wh_gap,He reported,who,,,,,,could abandon,his comrades,on the sinking ship.,8.582737,10.45716,12.870041,12.870041,,,,,,,,,8.158725,11.5277335,3.013278,7.295255,5.28236,5.188110999999999,7.299802625,8.380252909090908
53,yes,no,0,+wh_no_gap,He reported,who,,,,,the pirate,could abandon,his comrades,on the sinking ship.,8.582738,10.457133,12.869989,12.869989,,,,,,,4.073953,9.3361705,9.528356,13.918661,4.654813,6.5961585,4.835819,4.66810725,7.8374409,8.627589538461539
53,no,yes,1,-wh_gap,He reported,that,the sailor believed,,,,,could abandon,his comrades,on the sinking ship.,8.582732,10.45713,2.374054,2.374054,2.664676,8.899889,,,,,,,15.021545,14.884074,2.324252,6.70172,4.886232,4.0964915,7.4446942499999995,7.8246810714285715
53,no,no,1,-wh_no_gap,He reported,that,the sailor believed,,,,the pirate,could abandon,his comrades,on the sinking ship.,8.582732,10.45713,2.374054,2.374054,2.664676,8.899889,,,,,3.15275,6.553561,7.588828,10.442988,1.808048,6.4290815,4.958538,4.15210675,6.3459688,7.090479312499999
53,yes,yes,1,+wh_gap,He reported,who,the sailor believed,,,,,could abandon,his comrades,on the sinking ship.,8.582732,10.45713,12.869993,12.869993,4.073953,8.69674,,,,,,,8.313302,12.129964000000001,3.405967,6.9786265,4.565635,4.1365415,6.845418375,8.188415714285714
53,yes,no,1,+wh_no_gap,He reported,who,the sailor believed,,,,the pirate,could abandon,his comrades,on the sinking ship.,8.582732,10.45713,12.869993,12.869993,4.073953,8.69674,,,,,6.695465,8.125224,9.479608,14.158755,4.718362,7.4052454999999995,4.470062,4.2747512500000004,7.6477454,8.5219954375
53,no,yes,2,-wh_gap,He reported,that,the sailor believed,the man believed,,,,could abandon,his comrades,on the sinking ship.,8.582732,10.45713,2.374054,2.374054,2.664676,8.899889,3.15275,5.834911666666667,,,,,12.64545,13.75252,2.298902,6.850204,4.893313,4.096330750000001,7.1988463750000005,7.357852176470589
53,no,no,2,-wh_no_gap,He reported,that,the sailor believed,the man believed,,,the pirate,could abandon,his comrades,on the sinking ship.,8.582732,10.45713,2.374054,2.374054,2.664676,8.899889,3.15275,5.834911666666667,,,3.005241,6.471247,7.857267,10.578146499999999,2.111577,6.898866,5.063547,4.18863625,6.465106400000001,6.954935789473685
53,yes,yes,2,+wh_gap,He reported,who,the sailor believed,the man believed,,,,could abandon,his comrades,on the sinking ship.,8.582732,10.45713,12.869993,12.869993,4.073953,8.69674,6.695465,6.4679356666666665,,,,,9.178286,12.766460499999999,2.880612,6.955009500000001,4.550544,4.1202975,6.99051625,7.953082941176471
53,yes,no,2,+wh_no_gap,He reported,who,the sailor believed,the man believed,,,the pirate,could abandon,his comrades,on the sinking ship.,8.582732,10.45713,12.869993,12.869993,4.073953,8.69674,6.695465,6.4679356666666665,,,4.806471,7.4974915,8.706732,13.145423000000001,4.59574,7.919071499999999,4.669649,4.258114,7.4156428000000005,8.075510947368421
53,no,yes,3,-wh_gap,He reported,that,the sailor believed,the man believed,he knew,,,could abandon,his comrades,on the sinking ship.,8.582732,10.45713,2.374054,2.374054,2.664676,8.899889,3.15275,5.834911666666667,2.478671,4.6590964999999995,,,7.663546,10.9983425,2.205765,6.7415389999999995,5.007141,4.124162,6.497051375,6.77828
53,no,no,3,-wh_no_gap,He reported,that,the sailor believed,the man believed,he knew,,the pirate,could abandon,his comrades,on the sinking ship.,8.582732,10.45713,2.374054,2.374054,2.664676,8.899889,3.15275,5.834911666666667,2.478671,4.6590964999999995,4.015225,7.178554500000001,8.354059,10.938825999999999,2.082901,6.706847499999999,5.199812,4.195547,6.6430644,6.821026333333332
53,yes,yes,3,+wh_gap,He reported,who,the sailor believed,the man believed,he knew,,,could abandon,his comrades,on the sinking ship.,8.582732,10.45713,12.869993,12.869993,4.073953,8.69674,6.695465,6.4679356666666665,4.32274,5.1758755,,,10.351674,12.748137499999999,2.663177,6.9296735,4.705105,4.1030282499999995,6.970966874999999,7.652513999999999
53,yes,no,3,+wh_no_gap,He reported,who,the sailor believed,the man believed,he knew,,the pirate,could abandon,his comrades,on the sinking ship.,8.582732,10.45713,12.869993,12.869993,4.073953,8.69674,6.695465,6.4679356666666665,4.32274,5.1758755,7.2475,9.2380165,8.894746,13.033569,4.263076,7.6744595,4.969123,4.207026,7.672019400000001,7.9214392857142855
53,no,yes,4,-wh_gap,He reported,that,the sailor believed,the man believed,he knew,the man saw,,could abandon,his comrades,on the sinking ship.,8.582732,10.45713,2.374054,2.374054,2.664676,8.899889,3.15275,5.834911666666667,2.478671,4.6590964999999995,,,7.663546,10.9983425,2.205765,6.7415389999999995,5.007141,4.124162,6.497051375,6.77828
53,no,no,4,-wh_no_gap,He reported,that,the sailor believed,the man believed,he knew,the man saw,the pirate,could abandon,his comrades,on the sinking ship.,8.582732,10.45713,2.374054,2.374054,2.664676,8.899889,3.15275,5.834911666666667,2.478671,4.6590964999999995,4.015225,7.178554500000001,8.354059,10.938825999999999,2.082901,6.706847499999999,5.199812,4.195547,6.6430644,6.821026333333332
53,yes,yes,4,+wh_gap,He reported,who,the sailor believed,the man believed,he knew,the man saw,,could abandon,his comrades,on the sinking ship.,8.582732,10.45713,12.869993,12.869993,4.073953,8.69674,6.695465,6.4679356666666665,4.32274,5.1758755,,,10.351674,12.748137499999999,2.663177,6.9296735,4.705105,4.1030282499999995,6.970966874999999,7.652513999999999
53,yes,no,4,+wh_no_gap,He reported,who,the sailor believed,the man believed,he knew,the man saw,the pirate,could abandon,his comrades,on the sinking ship.,8.582732,10.45713,12.869993,12.869993,4.073953,8.69674,6.695465,6.4679356666666665,4.32274,5.1758755,7.2475,9.2380165,8.894746,13.033569,4.263076,7.6744595,4.969123,4.207026,7.672019400000001,7.9214392857142855
52,no,yes,0,-wh_gap,They know,that,,,,,,might have reassured,his client,last night.,9.39695,8.646473,2.878176,2.878176,,,,,,,,,12.731097,11.394515333333333,8.120263,9.0014195,8.791054,5.935608,9.151085857142858,8.4228723
52,no,no,0,-wh_no_gap,They know,that,,,,,the lawyer,might have reassured,his client,last night.,9.39695,8.646473,2.878158,2.878158,,,,,,,3.625604,8.9448785,7.985379,8.648434,6.700314,4.073503,8.572955,5.6772645,7.037399333333333,6.958974833333336
52,yes,yes,0,+wh_gap,They know,who,,,,,,might have reassured,his client,last night.,9.39695,8.646473,5.464134,5.464134,,,,,,,,,9.862176,10.381599666666666,8.978375,9.3088745,6.615141,4.7446495,8.464549571428572,8.2008927
52,yes,no,0,+wh_no_gap,They know,who,,,,,the lawyer,might have reassured,his client,last night.,9.39695,8.646473,5.464138,5.464138,,,,,,,4.252008,7.879749,8.294922,10.872306,10.44289,6.4524065,7.69098,5.150611,7.953605666666667,7.8616279166666665
52,no,yes,1,-wh_gap,They know,that,the man said,,,,,might have reassured,his client,last night.,9.396972,8.646479,2.878197,2.878197,3.62555,6.977429666666667,,,,,,,13.351771,11.127499333333333,5.163999,6.3553035,9.057156,5.945501,8.283443857142856,7.622119307692308
52,no,no,1,-wh_no_gap,They know,that,the man said,,,,the lawyer,might have reassured,his client,last night.,9.396978,8.64648,2.878192,2.878192,3.625553,6.977436,,,,,4.002763,8.870128000000001,7.70777,8.647274666666666,5.637732,3.604514,9.334457,5.9949520000000005,6.986779111111112,6.932298133333334
52,yes,yes,1,+wh_gap,They know,who,the man said,,,,,might have reassured,his client,last night.,9.396972,8.646479,5.464167,5.464167,4.252055,6.077829333333334,,,,,,,12.419522,11.337593333333333,7.088829,7.5963235000000005,8.390095,5.4607545,8.589562285714285,7.778273
52,yes,no,1,+wh_no_gap,They know,who,the man said,,,,the lawyer,might have reassured,his client,last night.,9.396978,8.64648,5.464162,5.464162,4.252062,6.077825666666667,,,,,6.594117,9.3357045,9.372295,10.560059,8.297971,5.0185455,9.397618,5.9263295,8.02681511111111,7.548795666666666
52,no,yes,2,-wh_gap,They know,that,the man said,the neighbors thought,,,,might have reassured,his client,last night.,9.396978,8.64648,2.878192,2.878192,3.625553,6.977436,4.002763,8.728534999999999,,,,,14.130584,11.532195333333334,5.937393,7.468329,10.250015,6.2699074999999995,8.867579857142857,8.08513275
52,no,no,2,-wh_no_gap,They know,that,the man said,the neighbors thought,,,the lawyer,might have reassured,his client,last night.,9.396978,8.64648,2.878192,2.878192,3.625553,6.977436,4.002763,8.728534999999999,,,3.127394,8.60079,6.782663,8.535092333333333,5.936375,4.4302915,9.792034,6.1762615,7.113329222222223,7.2949459999999995
52,yes,yes,2,+wh_gap,They know,who,the man said,the neighbors thought,,,,might have reassured,his client,last night.,9.396978,8.64648,5.464162,5.464162,4.252062,6.077825666666667,6.594117,9.107823666666667,,,,,7.035739,10.097293666666667,7.388428,8.4785355,9.000182,5.630161,8.358467714285714,7.9264589999999995
52,yes,no,2,+wh_no_gap,They know,who,the man said,the neighbors thought,,,the lawyer,might have reassured,his client,last night.,9.396978,8.64648,5.464162,5.464162,4.252062,6.077825666666667,6.594117,9.107823666666667,,,5.744972,10.0748585,6.457912,9.868482,8.358901,5.580054499999999,9.394457,5.9473775,8.090003000000001,7.84022761111111
52,no,yes,3,-wh_gap,They know,that,the man said,the neighbors thought,they knew,,,might have reassured,his client,last night.,9.396978,8.64648,2.878192,2.878192,3.625553,6.977436,4.002763,8.728534999999999,2.929809,4.7008435,,,15.526907,12.317387666666667,5.802909,7.480994,10.828898,6.332751,9.225664714285713,7.848355833333334
52,no,no,3,-wh_no_gap,They know,that,the man said,the neighbors thought,they knew,,the lawyer,might have reassured,his client,last night.,9.396978,8.64648,2.878192,2.878192,3.625553,6.977436,4.002763,8.728534999999999,2.929809,4.7008435,3.354202,8.141549,11.106181,10.136055,5.923079,4.5478890000000005,10.001768,6.178635,7.571590111111111,7.241753149999999
52,yes,yes,3,+wh_gap,They know,who,the man said,the neighbors thought,they knew,,,might have reassured,his client,last night.,9.396978,8.64648,5.464162,5.464162,4.252062,6.077825666666667,6.594117,9.107823666666667,2.221535,4.13929,,,12.928972,12.063569333333334,7.019303,8.2451785,9.777467,5.927689,9.219491857142858,7.840505166666666
52,yes,no,3,+wh_no_gap,They know,who,the man said,the neighbors thought,they knew,,the lawyer,might have reassured,his client,last night.,9.396978,8.64648,5.464162,5.464162,4.252062,6.077825666666667,6.594117,9.107823666666667,2.221535,4.13929,7.640128,10.4745755,10.555279,10.751526666666669,7.739029,5.4968005,9.439452,5.956504,8.456704444444446,7.635149499999999
52,no,yes,4,-wh_gap,They know,that,the man said,the neighbors thought,they knew,the woman noticed,,might have reassured,his client,last night.,9.396978,8.64648,2.878192,2.878192,3.625553,6.977436,4.002763,8.728534999999999,2.929809,4.7008435,,,15.526907,12.317387666666667,5.802909,7.480994,10.828898,6.332751,9.225664714285713,7.848355833333334
52,no,no,4,-wh_no_gap,They know,that,the man said,the neighbors thought,they knew,the woman noticed,the lawyer,might have reassured,his client,last night.,9.396978,8.64648,2.878192,2.878192,3.625553,6.977436,4.002763,8.728534999999999,2.929809,4.7008435,3.354202,8.141549,11.106181,10.136055,5.923079,4.5478890000000005,10.001768,6.178635,7.571590111111111,7.241753149999999
52,yes,yes,4,+wh_gap,They know,who,the man said,the neighbors thought,they knew,the woman noticed,,might have reassured,his client,last night.,9.396978,8.64648,5.464162,5.464162,4.252062,6.077825666666667,6.594117,9.107823666666667,2.221535,4.13929,,,12.928972,12.063569333333334,7.019303,8.2451785,9.777467,5.927689,9.219491857142858,7.840505166666666
52,yes,no,4,+wh_no_gap,They know,who,the man said,the neighbors thought,they knew,the woman noticed,the lawyer,might have reassured,his client,last night.,9.396978,8.64648,5.464162,5.464162,4.252062,6.077825666666667,6.594117,9.107823666666667,2.221535,4.13929,7.640128,10.4745755,10.555279,10.751526666666669,7.739029,5.4968005,9.439452,5.956504,8.456704444444446,7.635149499999999
51,no,yes,0,-wh_gap,She knows,that,,,,,,should thank,the cook,in the mess hall.,9.588393,9.067896000000001,3.373155,3.373155,,,,,,,,,12.184221,14.169635000000001,3.961218,9.41356,5.425634,5.4134665,8.602532,8.211745727272726
51,no,no,0,-wh_no_gap,She knows,that,,,,,the soldier,should thank,the cook,in the mess hall.,9.588382,9.067893,3.373128,3.373128,,,,,,,4.094763,8.7127515,7.951305,9.4785775,2.951034,8.173347,5.379856,4.647711999999999,7.132019999999999,7.140701076923076
51,yes,yes,0,+wh_gap,She knows,who,,,,,,should thank,the cook,in the mess hall.,9.588393,9.067896000000001,6.179725,6.179725,,,,,,,,,9.757485,10.93892,3.397042,9.385704,5.641672,5.366643,7.7644775,7.857394272727273
51,yes,no,0,+wh_no_gap,She knows,who,,,,,the soldier,should thank,the cook,in the mess hall.,9.588382,9.067893,6.179819,6.179819,,,,,,,4.654308,8.052768,9.468611,10.267328,5.833314,10.6825705,5.443234,4.427609500000001,7.571577100000001,7.694721230769231
51,no,yes,1,-wh_gap,She knows,that,the captain said,,,,,should thank,the cook,in the mess hall.,9.588377,9.0678855,3.373129,3.373129,4.094771,9.008800666666666,,,,,,,13.77824,14.650798,3.908333,8.6258755,5.601079,5.25854,8.448438375,8.294486357142857
51,no,no,1,-wh_no_gap,She knows,that,the captain said,,,,the soldier,should thank,the cook,in the mess hall.,9.588377,9.0678855,3.373129,3.373129,4.094771,9.008800666666666,,,,,4.763949,8.7486905,4.616176,7.779472500000001,2.588522,7.794646,5.406912,4.5149815,6.6705544,7.202552875
51,yes,yes,1,+wh_gap,She knows,who,the captain said,,,,,should thank,the cook,in the mess hall.,9.588377,9.0678855,6.17982,6.17982,4.654325,9.538529333333333,,,,,,,10.198794,11.5772565,3.995434,8.984513,5.694323,5.0214609999999995,7.651172875,8.152897285714285
51,yes,no,1,+wh_no_gap,She knows,who,the captain said,,,,the soldier,should thank,the cook,in the mess hall.,9.588377,9.0678855,6.17982,6.17982,4.654325,9.538529333333333,,,,,6.78755,8.9839495,7.154321,8.9761905,6.218507,10.378165,5.749685,4.390185000000001,7.423735000000001,7.9480330625
51,no,yes,2,-wh_gap,She knows,that,the captain said,the pilot thought,,,,should thank,the cook,in the mess hall.,9.588377,9.0678855,3.373129,3.373129,4.094771,9.008800666666666,4.763949,7.892649333333334,,,,,15.144275,14.9004615,2.840707,8.183988,5.748391,5.038592749999999,8.29040875,8.14920705882353
51,no,no,2,-wh_no_gap,She knows,that,the captain said,the pilot thought,,,the soldier,should thank,the cook,in the mess hall.,9.588377,9.0678855,3.373129,3.373129,4.094771,9.008800666666666,4.763949,7.892649333333334,,,2.954343,8.1293905,5.66647,8.687081500000001,2.838786,7.579369999999999,5.429771,4.58980475,6.715090299999998,7.334955421052633
51,yes,yes,2,+wh_gap,She knows,who,the captain said,the pilot thought,,,,should thank,the cook,in the mess hall.,9.588377,9.0678855,6.17982,6.17982,4.654325,9.538529333333333,6.78755,7.782272,,,,,8.178616,10.9821165,3.287398,8.863276,5.654668,4.67091875,7.296807500000001,7.9207326470588235
51,yes,no,2,+wh_no_gap,She knows,who,the captain said,the pilot thought,,,the soldier,should thank,the cook,in the mess hall.,9.588377,9.0678855,6.17982,6.17982,4.654325,9.538529333333333,6.78755,7.782272,,,5.847544,9.4969185,5.156053,8.497677,4.948909,9.176478,5.606489,4.3783695,7.1855625000000005,7.7965063157894745
51,no,yes,3,-wh_gap,She knows,that,the captain said,the pilot thought,he knew,,,should thank,the cook,in the mess hall.,9.588377,9.0678855,3.373129,3.373129,4.094771,9.008800666666666,4.763949,7.892649333333334,1.650908,4.286843,,,15.076228,14.561034,2.648365,8.045733,5.687787,4.93879325,8.121088375,7.6713496315789484
51,no,no,3,-wh_no_gap,She knows,that,the captain said,the pilot thought,he knew,,the soldier,should thank,the cook,in the mess hall.,9.588377,9.0678855,3.373129,3.373129,4.094771,9.008800666666666,4.763949,7.892649333333334,1.650908,4.286843,2.838889,7.7474775,10.303203,11.096958,2.504713,7.537100000000001,5.385459,4.5776605,7.1073713,7.231459476190475
51,yes,yes,3,+wh_gap,She knows,who,the captain said,the pilot thought,he knew,,,should thank,the cook,in the mess hall.,9.588377,9.0678855,6.17982,6.17982,4.654325,9.538529333333333,6.78755,7.782272,1.746531,4.6667155000000005,,,12.862051,12.8774655,2.993914,8.701536,5.2373,4.5934437500000005,7.69147225,7.744379157894737
51,yes,no,3,+wh_no_gap,She knows,who,the captain said,the pilot thought,he knew,,the soldier,should thank,the cook,in the mess hall.,9.588377,9.0678855,6.17982,6.17982,4.654325,9.538529333333333,6.78755,7.782272,1.746531,4.6667155000000005,6.439443,9.0468595,9.407236,10.225394999999999,3.824095,8.752521999999999,5.210918,4.3190955,7.3325935,7.568445761904761
51,no,yes,4,-wh_gap,She knows,that,the captain said,the pilot thought,he knew,the man saw,,should thank,the cook,in the mess hall.,9.588377,9.0678855,3.373129,3.373129,4.094771,9.008800666666666,4.763949,7.892649333333334,1.650908,4.286843,,,15.076228,14.561034,2.648365,8.045733,5.687787,4.93879325,8.121088375,7.6713496315789484
51,no,no,4,-wh_no_gap,She knows,that,the captain said,the pilot thought,he knew,the man saw,the soldier,should thank,the cook,in the mess hall.,9.588377,9.0678855,3.373129,3.373129,4.094771,9.008800666666666,4.763949,7.892649333333334,1.650908,4.286843,2.838889,7.7474775,10.303203,11.096958,2.504713,7.537100000000001,5.385459,4.5776605,7.1073713,7.231459476190475
51,yes,yes,4,+wh_gap,She knows,who,the captain said,the pilot thought,he knew,the man saw,,should thank,the cook,in the mess hall.,9.588377,9.0678855,6.17982,6.17982,4.654325,9.538529333333333,6.78755,7.782272,1.746531,4.6667155000000005,,,12.862051,12.8774655,2.993914,8.701536,5.2373,4.5934437500000005,7.69147225,7.744379157894737
51,yes,no,4,+wh_no_gap,She knows,who,the captain said,the pilot thought,he knew,the man saw,the soldier,should thank,the cook,in the mess hall.,9.588377,9.0678855,6.17982,6.17982,4.654325,9.538529333333333,6.78755,7.782272,1.746531,4.6667155000000005,6.439443,9.0468595,9.407236,10.225394999999999,3.824095,8.752521999999999,5.210918,4.3190955,7.3325935,7.568445761904761
50,no,yes,0,-wh_gap,He knows,that,,,,,,might interrogate,the suspect,in the basement.,8.582737,8.6585565,2.922574,2.922574,,,,,,,,,11.787209,11.467243666666668,4.683798,6.344245000000001,4.395778,5.922008333333333,8.10703075,7.735993909090909
50,no,no,0,-wh_no_gap,He knows,that,,,,,the police,might interrogate,the suspect,in the basement.,8.582738,8.6585355,2.922582,2.922582,,,,,,,3.684004,6.1993605,7.183436,6.561971333333333,5.070469,4.2424315,4.033448,5.542798666666667,5.719789400000001,5.956734384615386
50,yes,yes,0,+wh_gap,He knows,who,,,,,,might interrogate,the suspect,in the basement.,8.582737,8.6585565,6.314424,6.314424,,,,,,,,,9.827519,8.777313333333334,5.804369,6.104577000000001,4.505917,5.802669333333334,6.9936377499999995,7.234603545454546
50,yes,no,0,+wh_no_gap,He knows,who,,,,,the police,might interrogate,the suspect,in the basement.,8.582738,8.6585355,6.31441,6.31441,,,,,,,4.333641,7.1407795,8.67143,6.785882000000001,7.531088,5.339423999999999,2.664327,5.376985666666666,6.144901,6.544653153846155
50,no,yes,1,-wh_gap,He knows,that,the inspector believed,,,,,might interrogate,the suspect,in the basement.,8.582732,8.658538,2.922593,2.922593,3.684015,12.295584333333332,,,,,,,15.449107,11.934707333333334,4.315963,4.657992999999999,4.620835,5.500089666666667,7.702547124999999,8.481914214285712
50,no,no,1,-wh_no_gap,He knows,that,the inspector believed,,,,the police,might interrogate,the suspect,in the basement.,8.582732,8.658538,2.922593,2.922593,3.684015,12.295584333333332,,,,,2.896212,5.1615424999999995,7.814131,7.177054000000001,4.0001,3.801687,4.38013,5.174606,5.4981439,7.0067413125
50,yes,yes,1,+wh_gap,He knows,who,the inspector believed,,,,,might interrogate,the suspect,in the basement.,8.582732,8.658538,6.31441,6.31441,4.333633,11.235546,,,,,,,8.915866,8.497307333333334,5.042256,4.818416,4.738131,5.530234,6.464931999999999,7.789827142857142
50,yes,no,1,+wh_no_gap,He knows,who,the inspector believed,,,,the police,might interrogate,the suspect,in the basement.,8.582732,8.658538,6.31441,6.31441,4.333633,11.235546,,,,,7.269158,7.0001445,7.583574,6.980732666666666,6.802112,4.9517335,2.237009,4.779201333333334,5.9183558000000005,7.282605125
50,no,yes,2,-wh_gap,He knows,that,the inspector believed,the man reported,,,,might interrogate,the suspect,in the basement.,8.582732,8.658538,2.922593,2.922593,3.684015,12.295584333333332,2.896212,6.727566666666665,,,,,16.354627,11.888062999999997,3.758747,4.1853905000000005,4.457656,4.532262666666667,7.203969749999999,7.937698823529411
50,no,no,2,-wh_no_gap,He knows,that,the inspector believed,the man reported,,,the police,might interrogate,the suspect,in the basement.,8.582732,8.658538,2.922593,2.922593,3.684015,12.295584333333332,2.896212,6.727566666666665,,,1.685899,5.344523000000001,11.089202,8.524535666666667,4.362025,3.7562420000000003,4.546729,4.703518333333333,5.7885692,7.11551652631579
50,yes,yes,2,+wh_gap,He knows,who,the inspector believed,the man reported,,,,might interrogate,the suspect,in the basement.,8.582732,8.658538,6.31441,6.31441,4.333633,11.235546,7.269158,8.035104666666667,,,,,14.454957,11.158979666666667,4.603055,4.509042,4.275204,4.646779666666666,7.05442025,8.110517647058822
50,yes,no,2,+wh_no_gap,He knows,who,the inspector believed,the man reported,,,the police,might interrogate,the suspect,in the basement.,8.582732,8.658538,6.31441,6.31441,4.333633,11.235546,7.269158,8.035104666666667,,,4.019446,6.394572,10.311509,8.717713999999999,6.579132,4.820505000000001,3.601542,4.624381666666667,6.2456441,7.573677842105263
50,no,yes,3,-wh_gap,He knows,that,the inspector believed,the man reported,he knew,,,might interrogate,the suspect,in the basement.,8.582732,8.658538,2.922593,2.922593,3.684015,12.295584333333332,2.896212,6.727566666666665,7.98676,7.9245095,,,11.324328,9.652761,3.194011,3.7840805,4.90479,4.674309,6.318671375,7.5635532631578934
50,no,no,3,-wh_no_gap,He knows,that,the inspector believed,the man reported,he knew,,the police,might interrogate,the suspect,in the basement.,8.582732,8.658538,2.922593,2.922593,3.684015,12.295584333333332,2.896212,6.727566666666665,7.98676,7.9245095,2.712449,5.280945,9.283194,7.197139333333333,4.048127,3.4679745,4.882868,4.982725,5.403743199999999,7.009313
50,yes,yes,3,+wh_gap,He knows,who,the inspector believed,the man reported,he knew,,,might interrogate,the suspect,in the basement.,8.582732,8.658538,6.31441,6.31441,4.333633,11.235546,7.269158,8.035104666666667,9.22062,7.762560000000001,,,11.871378,9.774210666666667,4.004368,4.112510500000001,4.516161,4.690753,6.452489,7.820445789473686
50,yes,no,3,+wh_no_gap,He knows,who,the inspector believed,the man reported,he knew,,the police,might interrogate,the suspect,in the basement.,8.582732,8.658538,6.31441,6.31441,4.333633,11.235546,7.269158,8.035104666666667,9.22062,7.762560000000001,7.136874,7.5055925,9.517624,7.2485333333333335,6.182769,4.490814,4.009137,4.865412666666667,6.033465099999999,7.490629
50,no,yes,4,-wh_gap,He knows,that,the inspector believed,the man reported,he knew,he noticed,,might interrogate,the suspect,in the basement.,8.582732,8.658538,2.922593,2.922593,3.684015,12.295584333333332,2.896212,6.727566666666665,7.98676,7.9245095,,,11.324328,9.652761,3.194011,3.7840805,4.90479,4.674309,6.318671375,7.5635532631578934
50,no,no,4,-wh_no_gap,He knows,that,the inspector believed,the man reported,he knew,he noticed,the police,might interrogate,the suspect,in the basement.,8.582732,8.658538,2.922593,2.922593,3.684015,12.295584333333332,2.896212,6.727566666666665,7.98676,7.9245095,2.712449,5.280945,9.283194,7.197139333333333,4.048127,3.4679745,4.882868,4.982725,5.403743199999999,7.009313
50,yes,yes,4,+wh_gap,He knows,who,the inspector believed,the man reported,he knew,he noticed,,might interrogate,the suspect,in the basement.,8.582732,8.658538,6.31441,6.31441,4.333633,11.235546,7.269158,8.035104666666667,9.22062,7.762560000000001,,,11.871378,9.774210666666667,4.004368,4.112510500000001,4.516161,4.690753,6.452489,7.820445789473686
50,yes,no,4,+wh_no_gap,He knows,who,the inspector believed,the man reported,he knew,he noticed,the police,might interrogate,the suspect,in the basement.,8.582732,8.658538,6.31441,6.31441,4.333633,11.235546,7.269158,8.035104666666667,9.22062,7.762560000000001,7.136874,7.5055925,9.517624,7.2485333333333335,6.182769,4.490814,4.009137,4.865412666666667,6.033465099999999,7.490629
49,no,yes,0,-wh_gap,You know,that,,,,,,was waiting for,her mother,at the movie theater.,7.682203,6.103493500000001,3.787013,3.787013,,,,,,,,,10.643946,8.619413333333334,7.851468,9.0667145,6.729147,4.51761,6.895789888888888,6.5046757500000005
49,no,no,0,-wh_no_gap,You know,that,,,,,the young woman,was waiting for,her mother,at the movie theater.,7.68222,6.1034955,3.786982,3.786982,,,,,,,7.611992,7.960102666666667,6.208086,4.911689666666667,1.519884,3.454416,4.529411,4.3627744999999996,5.2479422499999995,5.264618666666666
49,yes,yes,0,+wh_gap,You know,who,,,,,,was waiting for,her mother,at the movie theater.,7.682203,6.103493500000001,5.052563,5.052563,,,,,,,,,6.396143,5.6507033333333325,6.271881,8.130084,5.207691,4.22983375,5.570179222222222,5.615930249999999
49,yes,no,0,+wh_no_gap,You know,who,,,,,the young woman,was waiting for,her mother,at the movie theater.,7.68222,6.1034955,5.052576,5.052576,,,,,,,6.464205,7.376290999999999,4.231778,4.364688666666667,6.661798,6.1579055,4.635692,4.272190999999999,5.385626166666667,5.459138733333334
49,no,yes,1,-wh_gap,You know,that,the man said,,,,,was waiting for,her mother,at the movie theater.,7.68222,6.1034955,3.786982,3.786982,7.611992,7.955021333333334,,,,,,,11.927162,7.203153333333333,5.099106,7.313420000000001,4.983573,4.2623852499999995,5.920649,6.209658533333331
49,no,no,1,-wh_no_gap,You know,that,the man said,,,,the young woman,was waiting for,her mother,at the movie theater.,7.68222,6.1034955,3.786982,3.786982,7.611992,7.955021333333334,,,,,4.900341,6.1949293333333335,2.720305,3.888581,2.600207,3.714167,4.348654,4.218356,4.546024083333333,5.245073666666666
49,yes,yes,1,+wh_gap,You know,who,the man said,,,,,was waiting for,her mother,at the movie theater.,7.68222,6.1034955,5.052576,5.052576,6.464205,6.626005333333333,,,,,,,4.281535,5.065685333333334,4.44146,7.626969000000001,4.127341,3.9641877500000002,5.145305,5.563021866666667
49,yes,no,1,+wh_no_gap,You know,who,the man said,,,,the young woman,was waiting for,her mother,at the movie theater.,7.68222,6.1034955,5.052576,5.052576,6.464205,6.626005333333333,,,,,5.748247,6.892605333333333,2.26822,3.3226359999999997,4.410599,4.8810165,4.346579,4.1146382500000005,4.738859166666667,5.222438499999999
49,no,yes,2,-wh_gap,You know,that,the man said,the attendant saw,,,,was waiting for,her mother,at the movie theater.,7.68222,6.1034955,3.786982,3.786982,7.611992,7.955021333333334,4.900341,10.802052666666668,,,,,13.682458,7.906881333333334,2.940317,6.9516995,4.146921,4.4831925,6.172979222222222,7.101222666666668
49,no,no,2,-wh_no_gap,You know,that,the man said,the attendant saw,,,the young woman,was waiting for,her mother,at the movie theater.,7.68222,6.1034955,3.786982,3.786982,7.611992,7.955021333333334,4.900341,10.802052666666668,,,2.57447,4.257255,9.165107,6.045451666666668,1.780935,4.2549715,3.924761,4.4807645,4.77842675,6.171729333333333
49,yes,yes,2,+wh_gap,You know,who,the man said,the attendant saw,,,,was waiting for,her mother,at the movie theater.,7.68222,6.1034955,5.052576,5.052576,6.464205,6.626005333333333,5.748247,11.757999666666665,,,,,9.060775,6.191156666666667,2.422169,6.86264,3.551411,4.17859125,5.445901666666666,6.7458165
49,yes,no,2,+wh_no_gap,You know,who,the man said,the attendant saw,,,the young woman,was waiting for,her mother,at the movie theater.,7.68222,6.1034955,5.052576,5.052576,6.464205,6.626005333333333,5.748247,11.757999666666665,,,4.046476,4.799409,7.46808,5.425641666666667,1.955856,4.777794,3.817491,4.40106,4.819581666666666,6.202217238095239
49,no,yes,3,-wh_gap,You know,that,the man said,the attendant saw,her friend knew,,,was waiting for,her mother,at the movie theater.,7.68222,6.1034955,3.786982,3.786982,7.611992,7.955021333333334,4.900341,10.802052666666668,3.910068,9.940053666666666,,,12.428926,7.171574666666667,0.34878,6.06811,4.261292,4.38215525,5.6866183333333336,7.298329571428571
49,no,no,3,-wh_no_gap,You know,that,the man said,the attendant saw,her friend knew,,the young woman,was waiting for,her mother,at the movie theater.,7.68222,6.1034955,3.786982,3.786982,7.611992,7.955021333333334,4.900341,10.802052666666668,3.910068,9.940053666666666,3.880248,5.181206,4.371234,4.306368333333333,1.212151,5.3136790000000005,3.827433,4.29610825,4.689542833333333,6.598327916666666
49,yes,yes,3,+wh_gap,You know,who,the man said,the attendant saw,her friend knew,,,was waiting for,her mother,at the movie theater.,7.68222,6.1034955,5.052576,5.052576,6.464205,6.626005333333333,5.748247,11.757999666666665,5.735792,10.607614333333332,,,8.413017,5.768617666666667,0.339883,6.469794,4.068492,4.267432,5.257241,7.216647333333334
49,yes,no,3,+wh_no_gap,You know,who,the man said,the attendant saw,her friend knew,,the young woman,was waiting for,her mother,at the movie theater.,7.68222,6.1034955,5.052576,5.052576,6.464205,6.626005333333333,5.748247,11.757999666666665,5.735792,10.607614333333332,4.538526,5.532908666666667,3.159608,3.8417223333333332,1.122018,5.32817,3.721233,4.279532,4.658196749999999,6.672199416666667
49,no,yes,4,-wh_gap,You know,that,the man said,the attendant saw,her friend knew,his father saw,,was waiting for,her mother,at the movie theater.,7.68222,6.1034955,3.786982,3.786982,7.611992,7.955021333333334,4.900341,10.802052666666668,3.910068,9.940053666666666,,,12.428926,7.171574666666667,0.34878,6.06811,4.261292,4.38215525,5.6866183333333336,7.298329571428571
49,no,no,4,-wh_no_gap,You know,that,the man said,the attendant saw,her friend knew,his father saw,the young woman,was waiting for,her mother,at the movie theater.,7.68222,6.1034955,3.786982,3.786982,7.611992,7.955021333333334,4.900341,10.802052666666668,3.910068,9.940053666666666,3.880248,5.181206,4.371234,4.306368333333333,1.212151,5.3136790000000005,3.827433,4.29610825,4.689542833333333,6.598327916666666
49,yes,yes,4,+wh_gap,You know,who,the man said,the attendant saw,her friend knew,his father saw,,was waiting for,her mother,at the movie theater.,7.68222,6.1034955,5.052576,5.052576,6.464205,6.626005333333333,5.748247,11.757999666666665,5.735792,10.607614333333332,,,8.413017,5.768617666666667,0.339883,6.469794,4.068492,4.267432,5.257241,7.216647333333334
49,yes,no,4,+wh_no_gap,You know,who,the man said,the attendant saw,her friend knew,his father saw,the young woman,was waiting for,her mother,at the movie theater.,7.68222,6.1034955,5.052576,5.052576,6.464205,6.626005333333333,5.748247,11.757999666666665,5.735792,10.607614333333332,4.538526,5.532908666666667,3.159608,3.8417223333333332,1.122018,5.32817,3.721233,4.279532,4.658196749999999,6.672199416666667
48,no,yes,0,-wh_gap,I know,that,,,,,,could introduce,her friend,to the regular customer.,5.770367,5.65805,2.74974,2.74974,,,,,,,,,11.83332,12.8549115,9.697302,10.3796885,1.937295,7.181159000000001,9.3992295,8.114516
48,no,no,0,-wh_no_gap,I know,that,,,,,the hostess,could introduce,her friend,to the regular customer.,5.770357,5.658020499999999,2.749692,2.749692,,,,,,,4.424222,7.282322000000001,9.029836,10.7536065,4.145315,5.6654995,1.385345,5.98013175,7.1459731818181815,6.619388428571428
48,yes,yes,0,+wh_gap,I know,who,,,,,,could introduce,her friend,to the regular customer.,5.770367,5.65805,8.366545,8.366545,,,,,,,,,10.46763,11.551908000000001,6.955971,8.6397525,1.997811,7.0234955,8.559662875,8.014540727272728
48,yes,no,0,+wh_no_gap,I know,who,,,,,the hostess,could introduce,her friend,to the regular customer.,5.770357,5.658020499999999,8.366485,8.366485,,,,,,,5.844156,7.369185999999999,12.035358,13.321578,6.254131,6.8218675,1.511759,6.748109500000001,8.126080636363637,7.790672357142858
48,no,yes,1,-wh_gap,I know,that,the heiress believed,,,,,could introduce,her friend,to the regular customer.,5.770357,5.658020499999999,2.749692,2.749692,4.424222,7.9397614,,,,,,,16.372567,15.0488295,3.373032,6.1422680000000005,1.282964,6.95180425,8.7736765,7.747121999999999
48,no,no,1,-wh_no_gap,I know,that,the heiress believed,,,,the hostess,could introduce,her friend,to the regular customer.,5.770357,5.658020499999999,2.749692,2.749692,4.424222,7.9397614,,,,,4.376576,6.815614,7.029054,9.3123585,2.601608,5.151667,1.057512,6.2692765,6.768363545454545,6.748238894736843
48,yes,yes,1,+wh_gap,I know,who,the heiress believed,,,,,could introduce,her friend,to the regular customer.,5.770357,5.658020499999999,8.366485,8.366485,5.844156,7.950367600000002,,,,,,,9.909691,11.580176,2.890884,6.0921755,1.241084,6.9799315,7.908053624999999,7.668674562500001
48,yes,no,1,+wh_no_gap,I know,who,the heiress believed,,,,the hostess,could introduce,her friend,to the regular customer.,5.770357,5.658020499999999,8.366485,8.366485,5.844156,7.950367600000002,,,,,7.64193,8.349997,8.333589,10.6364475,4.046568,5.9798919999999995,1.183259,6.612725,7.703051818181819,7.587786
48,no,yes,2,-wh_gap,I know,that,the heiress believed,her friend said,,,,could introduce,her friend,to the regular customer.,5.770357,5.658020499999999,2.749692,2.749692,4.424222,7.9397614,3.747796,7.937375333333333,,,,,14.999805,14.089439,2.32974,4.3470390000000005,0.897902,6.577527249999999,7.897883125,7.408406894736843
48,no,no,2,-wh_no_gap,I know,that,the heiress believed,her friend said,,,the hostess,could introduce,her friend,to the regular customer.,5.770357,5.658020499999999,2.749692,2.749692,4.424222,7.9397614,3.747796,7.937375333333333,,,4.437363,6.590000333333333,6.604205,9.3074245,2.433068,4.5236755,0.9764,6.189642,6.5627971818181825,6.807610681818182
48,yes,yes,2,+wh_gap,I know,who,the heiress believed,her friend said,,,,could introduce,her friend,to the regular customer.,5.770357,5.658020499999999,8.366485,8.366485,5.844156,7.950367600000002,6.892691,8.657371,,,,,11.286577,12.339226499999999,2.185378,4.831923,0.85899,6.6173555,7.601465124999999,7.695694631578948
48,yes,no,2,+wh_no_gap,I know,who,the heiress believed,her friend said,,,the hostess,could introduce,her friend,to the regular customer.,5.770357,5.658020499999999,8.366485,8.366485,5.844156,7.950367600000002,6.892691,8.657371,,,6.51027,7.3606213333333335,7.678805,9.996095,2.531779,4.6257315,0.930434,6.228911500000001,6.931014818181817,7.34762
48,no,yes,3,-wh_gap,I know,that,the heiress believed,her friend said,she knew,,,could introduce,her friend,to the regular customer.,5.770357,5.658020499999999,2.749692,2.749692,4.424222,7.9397614,3.747796,7.937375333333333,2.57251,4.354065,,,14.369294,14.091326500000001,3.102022,4.0825115,1.047929,6.70653325,7.896726125,7.117076428571429
48,no,no,3,-wh_no_gap,I know,that,the heiress believed,her friend said,she knew,,the hostess,could introduce,her friend,to the regular customer.,5.770357,5.658020499999999,2.749692,2.749692,4.424222,7.9397614,3.747796,7.937375333333333,2.57251,4.354065,3.792256,5.780757666666667,8.965245,10.661368,2.642485,4.3029020000000004,1.009263,6.17957425,6.544464545454545,6.594746083333334
48,yes,yes,3,+wh_gap,I know,who,the heiress believed,her friend said,she knew,,,could introduce,her friend,to the regular customer.,5.770357,5.658020499999999,8.366485,8.366485,5.844156,7.950367600000002,6.892691,8.657371,2.622922,4.404372,,,13.217149,13.900410999999998,3.122461,4.306096,0.935528,6.742551499999999,7.922902499999999,7.504687666666667
48,yes,no,3,+wh_no_gap,I know,who,the heiress believed,her friend said,she knew,,the hostess,could introduce,her friend,to the regular customer.,5.770357,5.658020499999999,8.366485,8.366485,5.844156,7.950367600000002,6.892691,8.657371,2.622922,4.404372,5.377558,6.414040666666666,9.901085,11.279083,2.746816,4.4175695,0.965835,6.19616425,6.856371272727273,7.0681377083333325
48,no,yes,4,-wh_gap,I know,that,the heiress believed,her friend said,she knew,the man noticed,,could introduce,her friend,to the regular customer.,5.770357,5.658020499999999,2.749692,2.749692,4.424222,7.9397614,3.747796,7.937375333333333,2.57251,4.354065,,,14.369294,14.091326500000001,3.102022,4.0825115,1.047929,6.70653325,7.896726125,7.117076428571429
48,no,no,4,-wh_no_gap,I know,that,the heiress believed,her friend said,she knew,the man noticed,the hostess,could introduce,her friend,to the regular customer.,5.770357,5.658020499999999,2.749692,2.749692,4.424222,7.9397614,3.747796,7.937375333333333,2.57251,4.354065,3.792256,5.780757666666667,8.965245,10.661368,2.642485,4.3029020000000004,1.009263,6.17957425,6.544464545454545,6.594746083333334
48,yes,yes,4,+wh_gap,I know,who,the heiress believed,her friend said,she knew,the man noticed,,could introduce,her friend,to the regular customer.,5.770357,5.658020499999999,8.366485,8.366485,5.844156,7.950367600000002,6.892691,8.657371,2.622922,4.404372,,,13.217149,13.900410999999998,3.122461,4.306096,0.935528,6.742551499999999,7.922902499999999,7.504687666666667
48,yes,no,4,+wh_no_gap,I know,who,the heiress believed,her friend said,she knew,the man noticed,the hostess,could introduce,her friend,to the regular customer.,5.770357,5.658020499999999,8.366485,8.366485,5.844156,7.950367600000002,6.892691,8.657371,2.622922,4.404372,5.377558,6.414040666666666,9.901085,11.279083,2.746816,4.4175695,0.965835,6.19616425,6.856371272727273,7.0681377083333325
47,no,yes,0,-wh_gap,She knows,that,,,,,,could congratulate,the writer,after the ceremony.,9.588393,9.067896000000001,3.373155,3.373155,,,,,,,,,11.987143,18.056497999999998,4.632686,7.569014999999999,8.070827,7.653144,10.601494,9.5719405
47,no,no,0,-wh_no_gap,She knows,that,,,,,the man,could congratulate,the writer,after the ceremony.,9.588393,9.067896000000001,3.373149,3.373149,,,,,,,4.09474,5.7524595000000005,8.15192,13.787881500000001,5.437981,8.1860605,7.38984,6.707652,8.397306555555556,8.090391666666667
47,yes,yes,0,+wh_gap,She knows,who,,,,,,could congratulate,the writer,after the ceremony.,9.588393,9.067896000000001,6.179725,6.179725,,,,,,,,,10.608516,14.434587,5.29028,7.791786,7.332819,7.270517333333333,9.466328285714287,9.057981499999999
47,yes,no,0,+wh_no_gap,She knows,who,,,,,the man,could congratulate,the writer,after the ceremony.,9.588393,9.067896000000001,6.179697,6.179697,,,,,,,4.654339,4.258986,10.347287,15.862043499999999,7.112887,9.11818,7.886399,6.969566,8.820790777777777,8.641883833333333
47,no,yes,1,-wh_gap,She knows,that,the woman said,,,,,could congratulate,the writer,after the ceremony.,9.588382,9.067893,3.373128,3.373128,4.094763,7.372513666666666,,,,,,,13.144051,16.208506,4.427249,7.6707184999999996,7.251482,6.702513666666666,9.695141428571429,8.576341923076921
47,no,no,1,-wh_no_gap,She knows,that,the woman said,,,,the man,could congratulate,the writer,after the ceremony.,9.588377,9.0678855,3.373129,3.373129,4.094771,7.372519333333334,,,,,3.899542,4.4026895,7.082654,13.083693,5.573694,8.5740315,6.928806,6.243703333333333,7.872437555555556,7.631893066666667
47,yes,yes,1,+wh_gap,She knows,who,the woman said,,,,,could congratulate,the writer,after the ceremony.,9.588382,9.067893,6.179819,6.179819,4.654308,6.85213,,,,,,,10.748142,14.603858500000001,4.939583,8.0192685,7.459424,6.681770333333333,9.327366428571427,8.474120000000001
47,yes,no,1,+wh_no_gap,She knows,who,the woman said,,,,the man,could congratulate,the writer,after the ceremony.,9.588377,9.0678855,6.17982,6.17982,4.654325,6.852133666666667,,,,,6.652292,4.7616175,9.873441,14.6645265,7.162894,9.45787,8.105434,6.6791529999999995,8.645054111111111,8.178498600000001
47,no,yes,2,-wh_gap,She knows,that,the woman said,her friend believed,,,,could congratulate,the writer,after the ceremony.,9.588377,9.0678855,3.373129,3.373129,4.094771,7.372519333333334,5.901354,8.008717333333333,,,,,15.068381,17.420129,4.613645,7.6705595,6.599098,6.714288666666666,10.046320428571429,8.6235533125
47,no,no,2,-wh_no_gap,She knows,that,the woman said,her friend believed,,,the man,could congratulate,the writer,after the ceremony.,9.588377,9.0678855,3.373129,3.373129,4.094771,7.372519333333334,5.901354,8.008717333333333,,,3.227664,2.9219225,7.013477,13.406967999999999,5.422441,8.5288075,6.42134,6.432615333333334,7.668138000000001,7.592547333333333
47,yes,yes,2,+wh_gap,She knows,who,the woman said,her friend believed,,,,could congratulate,the writer,after the ceremony.,9.588377,9.0678855,6.17982,6.17982,4.654325,6.852133666666667,7.002212,8.640165,,,,,8.690431,14.787169,4.940666,8.0494445,7.138253,6.9197076666666675,9.490335714285715,8.5765523125
47,yes,no,2,+wh_no_gap,She knows,who,the woman said,her friend believed,,,the man,could congratulate,the writer,after the ceremony.,9.588377,9.0678855,6.17982,6.17982,4.654325,6.852133666666667,7.002212,8.640165,,,8.330549,5.511569,8.353329,15.059945500000001,6.027561,8.95834,7.157143,6.740107666666667,8.808892444444446,8.337362166666667
47,no,yes,3,-wh_gap,She knows,that,the woman said,her friend believed,she knew,,,could congratulate,the writer,after the ceremony.,9.588377,9.0678855,3.373129,3.373129,4.094771,7.372519333333334,5.901354,8.008717333333333,2.378879,4.5759235,,,13.976626,17.4872815,4.376886,7.465133,6.466944,6.792839000000001,10.040478000000002,8.17154461111111
47,no,no,3,-wh_no_gap,She knows,that,the woman said,her friend believed,she knew,,the man,could congratulate,the writer,after the ceremony.,9.588377,9.0678855,3.373129,3.373129,4.094771,7.372519333333334,5.901354,8.008717333333333,2.378879,4.5759235,3.119044,2.663524,11.103151,16.027083,5.224364,8.338893500000001,6.606793,6.467686333333333,8.16245111111111,7.513325849999999
47,yes,yes,3,+wh_gap,She knows,who,the woman said,her friend believed,she knew,,,could congratulate,the writer,after the ceremony.,9.588377,9.0678855,6.17982,6.17982,4.654325,6.852133666666667,7.002212,8.640165,4.767883,6.442871500000001,,,12.884466,17.082955,4.590802,7.7250825,6.995912,7.076112666666667,10.12063042857143,8.584591277777777
47,yes,no,3,+wh_no_gap,She knows,who,the woman said,her friend believed,she knew,,the man,could congratulate,the writer,after the ceremony.,9.588377,9.0678855,6.17982,6.17982,4.654325,6.852133666666667,7.002212,8.640165,4.767883,6.442871500000001,7.229588,4.7144785,10.263377,16.009321,5.726745,8.671007,7.150289,6.7760956666666665,8.790877777777778,8.139806499999999
47,no,yes,4,-wh_gap,She knows,that,the woman said,her friend believed,she knew,the man saw,,could congratulate,the writer,after the ceremony.,9.588377,9.0678855,3.373129,3.373129,4.094771,7.372519333333334,5.901354,8.008717333333333,2.378879,4.5759235,,,13.976626,17.4872815,4.376886,7.465133,6.466944,6.792839000000001,10.040478000000002,8.17154461111111
47,no,no,4,-wh_no_gap,She knows,that,the woman said,her friend believed,she knew,the man saw,the man,could congratulate,the writer,after the ceremony.,9.588377,9.0678855,3.373129,3.373129,4.094771,7.372519333333334,5.901354,8.008717333333333,2.378879,4.5759235,3.119044,2.663524,11.103151,16.027083,5.224364,8.338893500000001,6.606793,6.467686333333333,8.16245111111111,7.513325849999999
47,yes,yes,4,+wh_gap,She knows,who,the woman said,her friend believed,she knew,the man saw,,could congratulate,the writer,after the ceremony.,9.588377,9.0678855,6.17982,6.17982,4.654325,6.852133666666667,7.002212,8.640165,4.767883,6.442871500000001,,,12.884466,17.082955,4.590802,7.7250825,6.995912,7.076112666666667,10.12063042857143,8.584591277777777
47,yes,no,4,+wh_no_gap,She knows,who,the woman said,her friend believed,she knew,the man saw,the man,could congratulate,the writer,after the ceremony.,9.588377,9.0678855,6.17982,6.17982,4.654325,6.852133666666667,7.002212,8.640165,4.767883,6.442871500000001,7.229588,4.7144785,10.263377,16.009321,5.726745,8.671007,7.150289,6.7760956666666665,8.790877777777778,8.139806499999999
46,no,yes,0,-wh_gap,He knows,that,,,,,,should support,the principal,during the town meeting.,8.582737,8.6585565,2.922574,2.922574,,,,,,,,,12.249785,12.353072999999998,3.435079,8.881761000000001,10.584194,7.864211999999999,9.240814499999999,8.56056390909091
46,no,no,0,-wh_no_gap,He knows,that,,,,,the mayor,should support,the principal,during the town meeting.,8.582738,8.6585355,2.922582,2.922582,,,,,,,3.684004,7.678053,7.437648,7.636172500000001,2.178837,8.351721,9.059541,6.351929749999999,7.2739612000000005,7.152251153846152
46,yes,yes,0,+wh_gap,He knows,who,,,,,,should support,the principal,during the town meeting.,8.582737,8.6585565,6.314424,6.314424,,,,,,,,,9.615439,9.88462,4.165671,9.337352,8.564115,6.978853750000001,8.294919875,8.180990545454547
46,yes,no,0,+wh_no_gap,He knows,who,,,,,the mayor,should support,the principal,during the town meeting.,8.582738,8.6585355,6.31441,6.31441,,,,,,,4.333641,7.047001,7.499336,8.570779,7.737011,10.5880825,8.780801,6.27921175,7.752857199999999,7.7815425384615375
46,no,yes,1,-wh_gap,He knows,that,the politician believed,,,,,should support,the principal,during the town meeting.,8.582732,8.658538,2.922593,2.922593,3.684015,9.990859666666667,,,,,,,13.671424,12.225709,2.447173,8.652952,9.511844,7.44238225,8.940856375000001,8.695649928571429
46,no,no,1,-wh_no_gap,He knows,that,the politician believed,,,,the mayor,should support,the principal,during the town meeting.,8.582732,8.658538,2.922593,2.922593,3.684015,9.990859666666667,,,,,4.314776,7.472181,5.120256,6.8568765,2.045846,8.35682,8.677947,6.1732854999999995,7.0064897,7.5173215625
46,yes,yes,1,+wh_gap,He knows,who,the politician believed,,,,,should support,the principal,during the town meeting.,8.582732,8.658538,6.31441,6.31441,4.333633,9.487501,,,,,,,10.178649,10.1770335,3.54618,9.5420085,8.257325,7.097673749999999,8.478597375,8.565911999999999
46,yes,no,1,+wh_no_gap,He knows,who,the politician believed,,,,the mayor,should support,the principal,during the town meeting.,8.582732,8.658538,6.31441,6.31441,4.333633,9.487501,,,,,7.887741,8.4319435,5.701199,7.304036,7.698289,11.1217455,8.20311,6.1578625,7.83469,8.152555562500002
46,no,yes,2,-wh_gap,He knows,that,the politician believed,the donors said,,,,should support,the principal,during the town meeting.,8.582732,8.658538,2.922593,2.922593,3.684015,9.990859666666667,4.314776,9.885416666666666,,,,,13.470265,10.979413999999998,2.603178,8.7985425,9.14899,7.423647750000001,8.656312999999999,8.771706
46,no,no,2,-wh_no_gap,He knows,that,the politician believed,the donors said,,,the mayor,should support,the principal,during the town meeting.,8.582732,8.658538,2.922593,2.922593,3.684015,9.990859666666667,4.314776,9.885416666666666,,,3.47164,7.670406,4.250387,5.8300535,2.091584,8.1612625,8.442117,6.180496499999999,6.804543,7.78494357894737
46,yes,yes,2,+wh_gap,He knows,who,the politician believed,the donors said,,,,should support,the principal,during the town meeting.,8.582732,8.658538,6.31441,6.31441,4.333633,9.487501,7.887741,10.311100666666666,,,,,8.790943,8.059684,3.341238,9.356204,8.671886,7.338467,8.023205500000001,8.659584411764707
46,yes,no,2,+wh_no_gap,He knows,who,the politician believed,the donors said,,,the mayor,should support,the principal,during the town meeting.,8.582732,8.658538,6.31441,6.31441,4.333633,9.487501,7.887741,10.311100666666666,,,5.994675,8.368856,4.215106,4.6973745000000005,7.125012,10.881356499999999,8.217791,6.1903915000000005,7.265674,8.193896368421052
46,no,yes,3,-wh_gap,He knows,that,the politician believed,the donors said,they knew,,,should support,the principal,during the town meeting.,8.582732,8.658538,2.922593,2.922593,3.684015,9.990859666666667,4.314776,9.885416666666666,2.737029,4.278039,,,13.837412,10.919184000000001,2.435037,8.598976,8.671812,7.2045200000000005,8.4818,8.225209263157893
46,no,no,3,-wh_no_gap,He knows,that,the politician believed,the donors said,they knew,,the mayor,should support,the principal,during the town meeting.,8.582732,8.658538,2.922593,2.922593,3.684015,9.990859666666667,4.314776,9.885416666666666,2.737029,4.278039,3.73553,6.819713,9.903874,8.479441,2.373147,8.324543,8.358263,6.1595935,7.1885768,7.633825904761903
46,yes,yes,3,+wh_gap,He knows,who,the politician believed,the donors said,they knew,,,should support,the principal,during the town meeting.,8.582732,8.658538,6.31441,6.31441,4.333633,9.487501,7.887741,10.311100666666666,2.039878,3.703309,,,12.030614,9.9812945,3.26506,9.1428715,8.347067,7.18254325,8.372313125,8.284863894736844
46,yes,no,3,+wh_no_gap,He knows,who,the politician believed,the donors said,they knew,,the mayor,should support,the principal,during the town meeting.,8.582732,8.658538,6.31441,6.31441,4.333633,9.487501,7.887741,10.311100666666666,2.039878,3.703309,6.940677,7.807867,8.148737,6.7999225,6.188666,10.407179,8.184293,6.2064405,7.485569899999999,7.870933714285715
46,no,yes,4,-wh_gap,He knows,that,the politician believed,the donors said,they knew,he noticed,,should support,the principal,during the town meeting.,8.582732,8.658538,2.922593,2.922593,3.684015,9.990859666666667,4.314776,9.885416666666666,2.737029,4.278039,,,13.837412,10.919184000000001,2.435037,8.598976,8.671812,7.2045200000000005,8.4818,8.225209263157893
46,no,no,4,-wh_no_gap,He knows,that,the politician believed,the donors said,they knew,he noticed,the mayor,should support,the principal,during the town meeting.,8.582732,8.658538,2.922593,2.922593,3.684015,9.990859666666667,4.314776,9.885416666666666,2.737029,4.278039,3.73553,6.819713,9.903874,8.479441,2.373147,8.324543,8.358263,6.1595935,7.1885768,7.633825904761903
46,yes,yes,4,+wh_gap,He knows,who,the politician believed,the donors said,they knew,he noticed,,should support,the principal,during the town meeting.,8.582732,8.658538,6.31441,6.31441,4.333633,9.487501,7.887741,10.311100666666666,2.039878,3.703309,,,12.030614,9.9812945,3.26506,9.1428715,8.347067,7.18254325,8.372313125,8.284863894736844
46,yes,no,4,+wh_no_gap,He knows,who,the politician believed,the donors said,they knew,he noticed,the mayor,should support,the principal,during the town meeting.,8.582732,8.658538,6.31441,6.31441,4.333633,9.487501,7.887741,10.311100666666666,2.039878,3.703309,6.940677,7.807867,8.148737,6.7999225,6.188666,10.407179,8.184293,6.2064405,7.485569899999999,7.870933714285715
45,no,yes,0,-wh_gap,You know,that,,,,,,did greet,the teacher,on the sidewalk.,7.682203,6.103493500000001,3.787021,3.787021,,,,,,,,,14.531095,18.694345,4.951807,8.1337195,5.839756,5.014288333333334,9.814142,8.4693002
45,no,no,0,-wh_no_gap,You know,that,,,,,the firefighter,did greet,the teacher,on the sidewalk.,7.682203,6.103493500000001,3.787013,3.787013,,,,,,,7.61201,11.793518500000001,9.69843,14.095579,2.383306,6.187333499999999,5.326793,4.476962666666666,8.620416666666666,7.798145833333333
45,yes,yes,0,+wh_gap,You know,who,,,,,,did greet,the teacher,on the sidewalk.,7.682203,6.103493500000001,5.05256,5.05256,,,,,,,,,8.243078,14.036189,3.242216,7.756209999999999,5.189052,4.606739,8.200716428571427,7.466456200000001
45,yes,no,0,+wh_no_gap,You know,who,,,,,the firefighter,did greet,the teacher,on the sidewalk.,7.682203,6.103493500000001,5.052563,5.052563,,,,,,,6.464221,11.977843,9.920265,14.301457000000001,2.87483,6.7412925,5.331647,4.635938333333333,8.883222222222223,8.1007125
45,no,yes,1,-wh_gap,You know,that,the woman reported,,,,,did greet,the teacher,on the sidewalk.,7.682215,6.103498,3.786978,3.786978,7.611987,10.652649333333335,,,,,,,13.483024,16.4626705,3.11277,6.7566725,5.535317,4.368991,8.506522714285715,8.269044692307693
45,no,no,1,-wh_no_gap,You know,that,the woman reported,,,,the firefighter,did greet,the teacher,on the sidewalk.,7.68222,6.1034955,3.786982,3.786982,7.611992,10.652644333333333,,,,,3.427479,9.0910025,9.436629,15.2817945,3.663614,7.5746625000000005,5.088835,3.9684360000000005,8.422247444444444,8.250142199999999
45,yes,yes,1,+wh_gap,You know,who,the woman reported,,,,,did greet,the teacher,on the sidewalk.,7.682215,6.103498,5.052583,5.052583,6.4642,9.85933,,,,,,,12.148798,15.920617,3.206384,6.9303894999999995,5.289202,4.256084,8.352895,8.100602615384615
45,yes,no,1,+wh_no_gap,You know,who,the woman reported,,,,the firefighter,did greet,the teacher,on the sidewalk.,7.68222,6.1034955,5.052576,5.052576,6.464205,9.859322666666666,,,,,3.10847,9.30748,8.734903,14.9270285,3.586116,7.320229,5.029988,3.965524666666667,8.334005444444445,8.122905600000001
45,no,yes,2,-wh_gap,You know,that,the woman reported,the neighbors believed,,,,did greet,the teacher,on the sidewalk.,7.68222,6.1034955,3.786982,3.786982,7.611992,10.652644333333333,3.427479,10.659471333333332,,,,,13.258883,16.369822499999998,3.748499,8.0045055,5.415202,4.026023333333334,8.689532285714284,8.797315375
45,no,no,2,-wh_no_gap,You know,that,the woman reported,the neighbors believed,,,the firefighter,did greet,the teacher,on the sidewalk.,7.68222,6.1034955,3.786982,3.786982,7.611992,10.652644333333333,3.427479,10.659471333333332,,,3.019647,7.802096499999999,7.363805,14.5550125,3.330522,8.0719445,5.062724,3.805134666666666,8.03039011111111,8.455768388888888
45,yes,yes,2,+wh_gap,You know,who,the woman reported,the neighbors believed,,,,did greet,the teacher,on the sidewalk.,7.68222,6.1034955,5.052576,5.052576,6.464205,9.859322666666666,3.10847,10.367509666666667,,,,,8.607556,13.553537500000001,3.571578,7.715539000000001,5.206655,3.9136319999999998,7.754149857142856,8.2636945625
45,yes,no,2,+wh_no_gap,You know,who,the woman reported,the neighbors believed,,,the firefighter,did greet,the teacher,on the sidewalk.,7.68222,6.1034955,5.052576,5.052576,6.464205,9.859322666666666,3.10847,10.367509666666667,,,6.064061,9.3388505,7.143782,14.2261575,3.568744,8.0197235,5.000521,3.755383,8.270623555555556,8.465315333333333
45,no,yes,3,-wh_gap,You know,that,the woman reported,the neighbors believed,they knew,,,did greet,the teacher,on the sidewalk.,7.68222,6.1034955,3.786982,3.786982,7.611992,10.652644333333333,3.427479,10.659471333333332,3.777295,4.899643,,,12.845124,16.5913175,3.408164,7.6250175,5.654414,4.056977666666667,8.65765757142857,8.351844944444444
45,no,no,3,-wh_no_gap,You know,that,the woman reported,the neighbors believed,they knew,,the firefighter,did greet,the teacher,on the sidewalk.,7.68222,6.1034955,3.786982,3.786982,7.611992,10.652644333333333,3.427479,10.659471333333332,3.777295,4.899643,2.825706,8.509872,9.309151,14.897051,3.26295,7.6853055,4.921579,3.873365666666667,8.200505999999999,8.176708000000001
45,yes,yes,3,+wh_gap,You know,who,the woman reported,the neighbors believed,they knew,,,did greet,the teacher,on the sidewalk.,7.68222,6.1034955,5.052576,5.052576,6.464205,9.859322666666666,3.10847,10.367509666666667,5.533915,5.208388,,,10.580192,14.9265025,3.329925,7.460207,5.248481,3.873170333333333,8.056132857142856,8.04165388888889
45,yes,no,3,+wh_no_gap,You know,who,the woman reported,the neighbors believed,they knew,,the firefighter,did greet,the teacher,on the sidewalk.,7.68222,6.1034955,5.052576,5.052576,6.464205,9.859322666666666,3.10847,10.367509666666667,5.533915,5.208388,4.842939,9.629612,8.921619,14.549336499999999,3.503853,7.687848499999999,4.715807,3.797299,8.347276777777777,8.17411655
45,no,yes,4,-wh_gap,You know,that,the woman reported,the neighbors believed,they knew,they saw,,did greet,the teacher,on the sidewalk.,7.68222,6.1034955,3.786982,3.786982,7.611992,10.652644333333333,3.427479,10.659471333333332,3.777295,4.899643,,,12.845124,16.5913175,3.408164,7.6250175,5.654414,4.056977666666667,8.65765757142857,8.351844944444444
45,no,no,4,-wh_no_gap,You know,that,the woman reported,the neighbors believed,they knew,they saw,the firefighter,did greet,the teacher,on the sidewalk.,7.68222,6.1034955,3.786982,3.786982,7.611992,10.652644333333333,3.427479,10.659471333333332,3.777295,4.899643,2.825706,8.509872,9.309151,14.897051,3.26295,7.6853055,4.921579,3.873365666666667,8.200505999999999,8.176708000000001
45,yes,yes,4,+wh_gap,You know,who,the woman reported,the neighbors believed,they knew,they saw,,did greet,the teacher,on the sidewalk.,7.68222,6.1034955,5.052576,5.052576,6.464205,9.859322666666666,3.10847,10.367509666666667,5.533915,5.208388,,,10.580192,14.9265025,3.329925,7.460207,5.248481,3.873170333333333,8.056132857142856,8.04165388888889
45,yes,no,4,+wh_no_gap,You know,who,the woman reported,the neighbors believed,they knew,they saw,the firefighter,did greet,the teacher,on the sidewalk.,7.68222,6.1034955,5.052576,5.052576,6.464205,9.859322666666666,3.10847,10.367509666666667,5.533915,5.208388,4.842939,9.629612,8.921619,14.549336499999999,3.503853,7.687848499999999,4.715807,3.797299,8.347276777777777,8.17411655
44,no,yes,0,-wh_gap,I know,that,,,,,,might have assassinated,the politician,yesterday night.,5.770367,5.65805,2.74974,2.74974,,,,,,,,,11.058787,13.310852666666667,3.834542,7.656594500000001,10.799986,9.632013,10.644253285714285,8.8575613
44,no,no,0,-wh_no_gap,I know,that,,,,,the spy,might have assassinated,the politician,yesterday night.,5.770367,5.65805,2.749727,2.749727,,,,,,,4.424285,9.788808,10.298337,9.155525333333333,3.286065,6.611843,11.275193,9.5217925,8.812384777777778,7.781440833333332
44,yes,yes,0,+wh_gap,I know,who,,,,,,might have assassinated,the politician,yesterday night.,5.770367,5.65805,8.366545,8.366545,,,,,,,,,10.54907,9.659235666666667,3.769742,7.591001,10.535512,9.386553500000002,8.990402285714286,8.2615461
44,yes,no,0,+wh_no_gap,I know,who,,,,,the spy,might have assassinated,the politician,yesterday night.,5.770367,5.65805,8.366532,8.366532,,,,,,,5.844098,10.0129885,8.973829,9.899992666666668,8.23404,9.3673495,11.580244,9.4067285,9.697123444444445,8.913061916666669
44,no,yes,1,-wh_gap,I know,that,the agent thought,,,,,might have assassinated,the politician,yesterday night.,5.770362,5.658030500000001,2.74972,2.74972,4.424218,10.039043333333334,,,,,,,13.546237,10.483017,3.429054,6.9181585000000005,10.980836,9.324823,9.13357342857143,8.316763461538459
44,no,no,1,-wh_no_gap,I know,that,the agent thought,,,,the spy,might have assassinated,the politician,yesterday night.,5.770357,5.658020499999999,2.749692,2.749692,4.424222,10.039038666666665,,,,,4.529788,8.006062,6.589881,7.248733333333334,3.301897,6.448651,11.657713,9.5409515,7.748614333333332,7.594691866666666
44,yes,yes,1,+wh_gap,I know,who,the agent thought,,,,,might have assassinated,the politician,yesterday night.,5.770362,5.658030500000001,8.36647,8.36647,5.844158,9.626040000000001,,,,,,,8.434661,7.979305666666666,3.689213,7.053993500000001,10.8401,9.23785,8.074514857142857,8.083250384615384
44,yes,no,1,+wh_no_gap,I know,who,the agent thought,,,,the spy,might have assassinated,the politician,yesterday night.,5.770357,5.658020499999999,8.366485,8.366485,5.844156,9.626033666666666,,,,,5.629528,8.187925,6.256507,8.231999666666667,6.391754,8.133507999999999,11.499931,9.218162,8.419465444444445,8.289054400000001
44,no,yes,2,-wh_gap,I know,that,the agent thought,the witness said,,,,might have assassinated,the politician,yesterday night.,5.770357,5.658020499999999,2.749692,2.749692,4.424222,10.039038666666665,4.529788,8.867911333333334,,,,,14.572261,10.892841333333335,3.093967,7.154196499999999,11.517527,9.320688,9.37547042857143,8.52592975
44,no,no,2,-wh_no_gap,I know,that,the agent thought,the witness said,,,the spy,might have assassinated,the politician,yesterday night.,5.770357,5.658020499999999,2.749692,2.749692,4.424222,10.039038666666665,4.529788,8.867911333333334,,,3.663145,8.689001000000001,7.718601,7.304288333333332,2.9761,6.4934895,11.9076,9.419116500000001,7.901786555555556,7.883481222222222
44,yes,yes,2,+wh_gap,I know,who,the agent thought,the witness said,,,,might have assassinated,the politician,yesterday night.,5.770357,5.658020499999999,8.366485,8.366485,5.844156,9.626033666666666,5.629528,8.995368000000001,,,,,10.024334,8.597914000000001,3.509263,7.2078145,11.205791,9.084098000000001,8.339652428571428,8.370268625
44,yes,no,2,+wh_no_gap,I know,who,the agent thought,the witness said,,,the spy,might have assassinated,the politician,yesterday night.,5.770357,5.658020499999999,8.366485,8.366485,5.844156,9.626033666666666,5.629528,8.995368000000001,,,5.382993,9.8514935,7.641517,7.371987333333333,4.322112,7.111045000000001,11.80475,9.1880275,8.268566,8.331323611111111
44,no,yes,3,-wh_gap,I know,that,the agent thought,the witness said,he knew,,,might have assassinated,the politician,yesterday night.,5.770357,5.658020499999999,2.749692,2.749692,4.424222,10.039038666666665,4.529788,8.867911333333334,2.903615,4.2257845,,,15.163836,10.682018333333334,2.937353,6.679594,12.537783,9.7824865,9.281459428571429,8.011576
44,no,no,3,-wh_no_gap,I know,that,the agent thought,the witness said,he knew,,the spy,might have assassinated,the politician,yesterday night.,5.770357,5.658020499999999,2.749692,2.749692,4.424222,10.039038666666665,4.529788,8.867911333333334,2.903615,4.2257845,2.961961,8.085377,9.635849,7.898377666666666,2.924804,6.289401,12.659276,9.744168,7.992558333333333,7.558558849999999
44,yes,yes,3,+wh_gap,I know,who,the agent thought,the witness said,he knew,,,might have assassinated,the politician,yesterday night.,5.770357,5.658020499999999,8.366485,8.366485,5.844156,9.626033666666666,5.629528,8.995368000000001,2.725127,4.3367295,,,12.776286,9.442424,3.478015,6.8597515,11.994359,9.3759275,8.685518571428572,8.056601111111112
44,yes,no,3,+wh_no_gap,I know,who,the agent thought,the witness said,he knew,,the spy,might have assassinated,the politician,yesterday night.,5.770357,5.658020499999999,8.366485,8.366485,5.844156,9.626033666666666,5.629528,8.995368000000001,2.725127,4.3367295,5.282003,9.2961645,9.515306,7.863073666666668,3.847684,6.7315825,12.351096,9.4148545,8.274936,7.9347307
44,no,yes,4,-wh_gap,I know,that,the agent thought,the witness said,he knew,the man noticed,,might have assassinated,the politician,yesterday night.,5.770357,5.658020499999999,2.749692,2.749692,4.424222,10.039038666666665,4.529788,8.867911333333334,2.903615,4.2257845,,,15.163836,10.682018333333334,2.937353,6.679594,12.537783,9.7824865,9.281459428571429,8.011576
44,no,no,4,-wh_no_gap,I know,that,the agent thought,the witness said,he knew,the man noticed,the spy,might have assassinated,the politician,yesterday night.,5.770357,5.658020499999999,2.749692,2.749692,4.424222,10.039038666666665,4.529788,8.867911333333334,2.903615,4.2257845,2.961961,8.085377,9.635849,7.898377666666666,2.924804,6.289401,12.659276,9.744168,7.992558333333333,7.558558849999999
44,yes,yes,4,+wh_gap,I know,who,the agent thought,the witness said,he knew,the man noticed,,might have assassinated,the politician,yesterday night.,5.770357,5.658020499999999,8.366485,8.366485,5.844156,9.626033666666666,5.629528,8.995368000000001,2.725127,4.3367295,,,12.776286,9.442424,3.478015,6.8597515,11.994359,9.3759275,8.685518571428572,8.056601111111112
44,yes,no,4,+wh_no_gap,I know,who,the agent thought,the witness said,he knew,the man noticed,the spy,might have assassinated,the politician,yesterday night.,5.770357,5.658020499999999,8.366485,8.366485,5.844156,9.626033666666666,5.629528,8.995368000000001,2.725127,4.3367295,5.282003,9.2961645,9.515306,7.863073666666668,3.847684,6.7315825,12.351096,9.4148545,8.274936,7.9347307
43,no,yes,0,-wh_gap,He recalled,that,,,,,,did frighten,the protesters,over the weekend.,8.582737,10.301786499999999,3.014931,3.014931,,,,,,,,,15.015615,11.022238333333334,5.396917,8.164525000000001,9.62093,5.539812333333333,8.25190025,8.148518727272728
43,no,no,0,-wh_no_gap,He recalled,that,,,,,the police,did frighten,the protesters,over the weekend.,8.582738,10.301754,3.014933,3.014933,,,,,,,3.611147,5.4699255,6.67476,8.148354666666666,4.21255,6.0813385,8.61844,4.868206333333333,6.215221100000001,6.59774246153846
43,yes,yes,0,+wh_gap,He recalled,who,,,,,,did frighten,the protesters,over the weekend.,8.582737,10.301786499999999,10.082279,10.082279,,,,,,,,,8.335153,9.361062666666667,5.116378,7.4942055,8.911526,4.974817000000001,7.24950625,8.06199109090909
43,yes,no,0,+wh_no_gap,He recalled,who,,,,,the police,did frighten,the protesters,over the weekend.,8.582738,10.301754,10.082226,10.082226,,,,,,,5.311935,6.904624,8.647376,9.909817666666667,4.933657,6.783164,8.181971,4.244298666666667,6.983792500000002,7.732589153846154
43,no,yes,1,-wh_gap,He recalled,that,the inspector believed,,,,,did frighten,the protesters,over the weekend.,8.582732,10.301751,3.014941,3.014941,3.611141,10.737655333333334,,,,,,,15.912947,11.500138333333334,3.491036,7.287393499999999,9.055299,5.627741333333333,8.24480325,8.699273928571428
43,no,no,1,-wh_no_gap,He recalled,that,the inspector believed,,,,the police,did frighten,the protesters,over the weekend.,8.582732,10.301751,3.014941,3.014941,3.611141,10.737655333333334,,,,,2.542284,4.9843755,6.351614,8.912161,2.661945,5.917666,8.915332,5.212970666666666,6.4179477999999985,7.5006804375
43,yes,yes,1,+wh_gap,He recalled,who,the inspector believed,,,,,did frighten,the protesters,over the weekend.,8.582732,10.301751,10.082223,10.082223,5.311934,9.870296000000002,,,,,,,8.462086,9.028827333333332,3.733009,7.257846000000001,9.186496,5.080897,7.105608125,8.367248428571429
43,yes,no,1,+wh_no_gap,He recalled,who,the inspector believed,,,,the police,did frighten,the protesters,over the weekend.,8.582732,10.301751,10.082223,10.082223,5.311934,9.870296000000002,,,,,6.099039,6.4164725,8.40086,9.895590333333333,3.827816,6.72654,8.419274,4.538421666666667,6.958806100000001,8.117792125000001
43,no,yes,2,-wh_gap,He recalled,that,the inspector believed,the detective concluded,,,,did frighten,the protesters,over the weekend.,8.582732,10.301751,3.014941,3.014941,3.611141,10.737655333333334,2.542284,9.312107666666668,,,,,15.73189,12.119409,2.898244,8.654175500000001,9.287792,5.653311333333334,8.828314,9.082014352941176
43,no,no,2,-wh_no_gap,He recalled,that,the inspector believed,the detective concluded,,,the police,did frighten,the protesters,over the weekend.,8.582732,10.301751,3.014941,3.014941,3.611141,10.737655333333334,2.542284,9.312107666666668,,,3.150267,4.8699345,5.122474,8.555184666666667,2.310718,7.40077,9.064845,5.3191516666666665,6.616441800000001,7.891165789473685
43,yes,yes,2,+wh_gap,He recalled,who,the inspector believed,the detective concluded,,,,did frighten,the protesters,over the weekend.,8.582732,10.301751,10.082223,10.082223,5.311934,9.870296000000002,6.099039,10.686160999999998,,,,,7.879759,9.115886333333334,3.357267,8.595787999999999,9.304602,5.0899416666666655,7.4761325,8.950832705882352
43,yes,no,2,+wh_no_gap,He recalled,who,the inspector believed,the detective concluded,,,the police,did frighten,the protesters,over the weekend.,8.582732,10.301751,10.082223,10.082223,5.311934,9.870296000000002,6.099039,10.686160999999998,,,4.747936,5.6024294999999995,6.465693,9.442030333333333,3.242858,7.849073,8.725141,4.924233,7.0001795,8.54509952631579
43,no,yes,3,-wh_gap,He recalled,that,the inspector believed,the detective concluded,he knew,,,did frighten,the protesters,over the weekend.,8.582732,10.301751,3.014941,3.014941,3.611141,10.737655333333334,2.542284,9.312107666666668,3.975596,5.1779779999999995,,,13.67494,11.787563333333333,2.785508,8.500563,9.770084,5.429132666666667,8.58140175,8.567100105263158
43,no,no,3,-wh_no_gap,He recalled,that,the inspector believed,the detective concluded,he knew,,the police,did frighten,the protesters,over the weekend.,8.582732,10.301751,3.014941,3.014941,3.611141,10.737655333333334,2.542284,9.312107666666668,3.975596,5.1779779999999995,2.832373,5.137226,6.16081,9.665912333333335,2.400949,6.9757675,9.330641,4.940105333333333,6.804404,7.722272761904761
43,yes,yes,3,+wh_gap,He recalled,who,the inspector believed,the detective concluded,he knew,,,did frighten,the protesters,over the weekend.,8.582732,10.301751,10.082223,10.082223,5.311934,9.870296000000002,6.099039,10.686160999999998,5.101753,5.3157975,,,10.910487,10.316682333333334,3.472828,8.695306500000001,9.711376,5.097734,7.954232749999999,8.769502789473686
43,yes,no,3,+wh_no_gap,He recalled,who,the inspector believed,the detective concluded,he knew,,the police,did frighten,the protesters,over the weekend.,8.582732,10.301751,10.082223,10.082223,5.311934,9.870296000000002,6.099039,10.686160999999998,5.101753,5.3157975,4.460835,5.9901435,7.528639,10.174106666666667,3.340374,7.567115,9.221962,4.76827,7.194164700000002,8.329920857142858
43,no,yes,4,-wh_gap,He recalled,that,the inspector believed,the detective concluded,he knew,the witness saw,,did frighten,the protesters,over the weekend.,8.582732,10.301751,3.014941,3.014941,3.611141,10.737655333333334,2.542284,9.312107666666668,3.975596,5.1779779999999995,,,13.67494,11.787563333333333,2.785508,8.500563,9.770084,5.429132666666667,8.58140175,8.567100105263158
43,no,no,4,-wh_no_gap,He recalled,that,the inspector believed,the detective concluded,he knew,the witness saw,the police,did frighten,the protesters,over the weekend.,8.582732,10.301751,3.014941,3.014941,3.611141,10.737655333333334,2.542284,9.312107666666668,3.975596,5.1779779999999995,2.832373,5.137226,6.16081,9.665912333333335,2.400949,6.9757675,9.330641,4.940105333333333,6.804404,7.722272761904761
43,yes,yes,4,+wh_gap,He recalled,who,the inspector believed,the detective concluded,he knew,the witness saw,,did frighten,the protesters,over the weekend.,8.582732,10.301751,10.082223,10.082223,5.311934,9.870296000000002,6.099039,10.686160999999998,5.101753,5.3157975,,,10.910487,10.316682333333334,3.472828,8.695306500000001,9.711376,5.097734,7.954232749999999,8.769502789473686
43,yes,no,4,+wh_no_gap,He recalled,who,the inspector believed,the detective concluded,he knew,the witness saw,the police,did frighten,the protesters,over the weekend.,8.582732,10.301751,10.082223,10.082223,5.311934,9.870296000000002,6.099039,10.686160999999998,5.101753,5.3157975,4.460835,5.9901435,7.528639,10.174106666666667,3.340374,7.567115,9.221962,4.76827,7.194164700000002,8.329920857142858
42,no,yes,0,-wh_gap,We recalled,that,,,,,,might have divorced,his wife,last week.,7.155782,11.904410500000001,3.559485,3.559485,,,,,,,,,14.82115,12.490788,7.931402,5.441872,8.763899,5.627879500000001,8.515981,8.6980173
42,no,no,0,-wh_no_gap,We recalled,that,,,,,the millionaire,might have divorced,his wife,last week.,7.155782,11.904410500000001,3.559473,3.559473,,,,,,,3.282958,11.3667775,11.512784,9.381514333333334,2.205325,1.547034,8.280864,5.7938735,7.284434777777777,7.74401725
42,yes,yes,0,+wh_gap,We recalled,who,,,,,,might have divorced,his wife,last week.,7.155782,11.904410500000001,12.588437,12.588437,,,,,,,,,9.162708,9.350889,7.625404,4.512499,7.104424,4.8174779999999995,6.673231571428572,8.310987899999999
42,yes,no,0,+wh_no_gap,We recalled,who,,,,,the millionaire,might have divorced,his wife,last week.,7.155782,11.904410500000001,12.588468,12.588468,,,,,,,5.097225,9.636191,10.436221,10.286812,5.970098,3.668246,7.791707,5.221284,7.545764222222224,8.692430583333335
42,no,yes,1,-wh_gap,We recalled,that,the woman said,,,,,might have divorced,his wife,last week.,7.155761,11.904356,3.559446,3.559446,3.282933,7.097463666666666,,,,,,,16.161166,11.259651666666668,7.43666,4.6681585,8.377031,5.5966395,7.758364428571428,7.920700000000002
42,no,no,1,-wh_no_gap,We recalled,that,the woman said,,,,the millionaire,might have divorced,his wife,last week.,7.155761,11.904361999999999,3.559449,3.559449,3.282928,7.097452333333333,,,,,4.259154,9.7218135,10.620548,8.533561666666666,5.294124,3.1375960000000003,9.705368,6.4703475,7.1400221111111115,7.528048599999999
42,yes,yes,1,+wh_gap,We recalled,who,the woman said,,,,,might have divorced,his wife,last week.,7.155761,11.904356,12.588497,12.588497,5.097204,6.697019666666667,,,,,,,11.096102,9.664826666666666,8.742495,5.482794,7.907384,5.1174005000000005,7.170695571428571,8.206395153846152
42,yes,no,1,+wh_no_gap,We recalled,who,the woman said,,,,the millionaire,might have divorced,his wife,last week.,7.155761,11.904361999999999,12.58851,12.58851,5.097209,6.6970209999999994,,,,,6.270518,10.579039,10.561574,9.327516000000001,7.703506,4.5926845,9.456142,6.167614,7.851247000000001,8.476634666666667
42,no,yes,2,-wh_gap,We recalled,that,the woman said,she thought,,,,might have divorced,his wife,last week.,7.155761,11.904361999999999,3.559449,3.559449,3.282928,7.097452333333333,1.509259,3.9585470000000003,,,,,12.932523,10.234884333333333,7.683305,4.8161635,8.445438,5.553452,7.349126285714284,7.201433866666666
42,no,no,2,-wh_no_gap,We recalled,that,the woman said,she thought,,,the millionaire,might have divorced,his wife,last week.,7.155761,11.904361999999999,3.559449,3.559449,3.282928,7.097452333333333,1.509259,3.9585470000000003,,,2.69026,9.13109,8.185097,7.469417666666668,5.652881,3.2713735,8.977571,6.0326755,6.586503444444444,6.81506794117647
42,yes,yes,2,+wh_gap,We recalled,who,the woman said,she thought,,,,might have divorced,his wife,last week.,7.155761,11.904361999999999,12.58851,12.58851,5.097209,6.6970209999999994,1.303934,5.0128734999999995,,,,,6.549103,8.502212333333333,9.622802,5.999113,8.042527,5.1787415,6.837478,7.625092666666665
42,yes,no,2,+wh_no_gap,We recalled,who,the woman said,she thought,,,the millionaire,might have divorced,his wife,last week.,7.155761,11.904361999999999,12.58851,12.58851,5.097209,6.6970209999999994,1.303934,5.0128734999999995,,,6.654781,10.514267499999999,8.307633,9.173186666666666,7.717493,4.5059975,8.765578,5.7628284999999995,7.676194111111111,7.976458294117646
42,no,yes,3,-wh_gap,We recalled,that,the woman said,she thought,she knew,,,might have divorced,his wife,last week.,7.155761,11.904361999999999,3.559449,3.559449,3.282928,7.097452333333333,1.509259,3.9585470000000003,2.111749,4.2325345,,,14.745149,11.329321,8.045026,4.991129,9.858198,6.2230745,8.059481428571429,7.144650764705883
42,no,no,3,-wh_no_gap,We recalled,that,the woman said,she thought,she knew,,the millionaire,might have divorced,his wife,last week.,7.155761,11.904361999999999,3.559449,3.559449,3.282928,7.097452333333333,1.509259,3.9585470000000003,2.111749,4.2325345,2.965839,9.5144345,11.241305,8.855568,5.161495,3.0642925,9.558695,6.310172,7.149389111111112,6.809852368421052
42,yes,yes,3,+wh_gap,We recalled,who,the woman said,she thought,she knew,,,might have divorced,his wife,last week.,7.155761,11.904361999999999,12.58851,12.58851,5.097209,6.6970209999999994,1.303934,5.0128734999999995,3.409256,5.2791035,,,11.697305,10.446497,9.381372,5.878503500000001,8.660367,5.455572,7.715377428571429,7.71058194117647
42,yes,no,3,+wh_no_gap,We recalled,who,the woman said,she thought,she knew,,the millionaire,might have divorced,his wife,last week.,7.155761,11.904361999999999,12.58851,12.58851,5.097209,6.6970209999999994,1.303934,5.0128734999999995,3.409256,5.2791035,7.52893,11.6637545,10.482627,10.153009666666668,6.895383,4.1216875,8.90267,5.8153765,8.184518444444443,7.933311421052631
42,no,yes,4,-wh_gap,We recalled,that,the woman said,she thought,she knew,he saw,,might have divorced,his wife,last week.,7.155761,11.904361999999999,3.559449,3.559449,3.282928,7.097452333333333,1.509259,3.9585470000000003,2.111749,4.2325345,,,14.745149,11.329321,8.045026,4.991129,9.858198,6.2230745,8.059481428571429,7.144650764705883
42,no,no,4,-wh_no_gap,We recalled,that,the woman said,she thought,she knew,he saw,the millionaire,might have divorced,his wife,last week.,7.155761,11.904361999999999,3.559449,3.559449,3.282928,7.097452333333333,1.509259,3.9585470000000003,2.111749,4.2325345,2.965839,9.5144345,11.241305,8.855568,5.161495,3.0642925,9.558695,6.310172,7.149389111111112,6.809852368421052
42,yes,yes,4,+wh_gap,We recalled,who,the woman said,she thought,she knew,he saw,,might have divorced,his wife,last week.,7.155761,11.904361999999999,12.58851,12.58851,5.097209,6.6970209999999994,1.303934,5.0128734999999995,3.409256,5.2791035,,,11.697305,10.446497,9.381372,5.878503500000001,8.660367,5.455572,7.715377428571429,7.71058194117647
42,yes,no,4,+wh_no_gap,We recalled,who,the woman said,she thought,she knew,he saw,the millionaire,might have divorced,his wife,last week.,7.155761,11.904361999999999,12.58851,12.58851,5.097209,6.6970209999999994,1.303934,5.0128734999999995,3.409256,5.2791035,7.52893,11.6637545,10.482627,10.153009666666668,6.895383,4.1216875,8.90267,5.8153765,8.184518444444443,7.933311421052631
41,no,yes,0,-wh_gap,They recalled,that,,,,,,did promote,the secretary,last week.,9.39695,11.981951500000001,3.308533,3.308533,,,,,,,,,14.478254,15.1391045,2.770469,9.059038,12.825375,7.4122965,10.536813,10.054812666666667
41,no,no,0,-wh_no_gap,They recalled,that,,,,,the executive,did promote,the secretary,last week.,9.39695,11.981951500000001,3.308536,3.308536,,,,,,,3.388505,8.357477,8.147408,10.7737885,2.171757,8.0029305,11.014367,6.4812095,8.403851374999999,8.591204545454545
41,yes,yes,0,+wh_gap,They recalled,who,,,,,,did promote,the secretary,last week.,9.39695,11.981951500000001,9.746001,9.746001,,,,,,,,,7.363028,12.489838,1.727021,8.885184500000001,10.106269,6.083857,9.152959833333332,9.84751811111111
41,yes,no,0,+wh_no_gap,They recalled,who,,,,,the executive,did promote,the secretary,last week.,9.39695,11.981951500000001,9.746003,9.746003,,,,,,,4.823408,8.4636635,8.336265,11.4639975,4.419612,8.605758,10.142608,6.095789,8.657302,9.360756545454546
41,no,yes,1,-wh_gap,They recalled,that,the journalist believed,,,,,did promote,the secretary,last week.,9.39695,11.981951500000001,3.308533,3.308533,3.388505,9.169759999999998,,,,,,,15.632923,14.468375,2.155553,8.865806000000001,13.90618,8.061066,10.465082333333333,9.797684166666668
41,no,no,1,-wh_no_gap,They recalled,that,the journalist believed,,,,the executive,did promote,the secretary,last week.,9.396978,11.98203,3.308581,3.308581,3.38853,9.169801,,,,,3.109111,8.180461,8.12669,11.445946,2.04448,8.107266,13.162804,7.611984,8.83641425,8.962382714285715
41,yes,yes,1,+wh_gap,They recalled,who,the journalist believed,,,,,did promote,the secretary,last week.,9.39695,11.981951500000001,9.746001,9.746001,4.823408,8.29841,,,,,,,10.042013,12.090183,1.621282,8.8920935,12.649645,7.3663495,9.449542,9.608532166666668
41,yes,no,1,+wh_no_gap,They recalled,who,the journalist believed,,,,the executive,did promote,the secretary,last week.,9.396978,11.98203,9.746037,9.746037,4.823518,8.298429666666665,,,,,6.385518,9.8787015,8.957776,11.8443225,3.580495,8.7728475,12.130919,7.135478,9.407837375,9.56200607142857
41,no,yes,2,-wh_gap,They recalled,that,the journalist believed,the transcript stated,,,,did promote,the secretary,last week.,9.396978,11.98203,3.308581,3.308581,3.38853,9.169801,3.109111,9.744326333333333,,,,,15.575954,16.046583,2.49921,8.417895,15.743911,8.843076,11.102517999999998,10.042008733333335
41,no,no,2,-wh_no_gap,They recalled,that,the journalist believed,the transcript stated,,,the executive,did promote,the secretary,last week.,9.396978,11.98203,3.308581,3.308581,3.38853,9.169801,3.109111,9.744326333333333,,,3.777802,8.1334815,7.848867,11.7729575,2.032514,7.6878720000000005,13.599879,7.740242,8.83363825,9.099066411764705
41,yes,yes,2,+wh_gap,They recalled,who,the journalist believed,the transcript stated,,,,did promote,the secretary,last week.,9.396978,11.98203,9.746037,9.746037,4.823518,8.298429666666665,6.385518,10.989697666666666,,,,,9.528747,12.163878,2.606723,8.7228025,15.493925,8.7401005,9.875593666666665,10.055202733333333
41,yes,no,2,+wh_no_gap,They recalled,who,the journalist believed,the transcript stated,,,the executive,did promote,the secretary,last week.,9.396978,11.98203,9.746037,9.746037,4.823518,8.298429666666665,6.385518,10.989697666666666,,,4.707476,8.665186,7.894619,11.533815,3.18934,8.3328355,13.288936,7.6584375,9.0475685,9.644413352941177
41,no,yes,3,-wh_gap,They recalled,that,the journalist believed,the transcript stated,he knew,,,did promote,the secretary,last week.,9.396978,11.98203,3.308581,3.308581,3.38853,9.169801,3.109111,9.744326333333333,4.478599,5.214195999999999,,,14.158935,15.772123,2.616719,8.70557,15.706003,8.877667500000001,11.118453500000001,9.479655058823528
41,no,no,3,-wh_no_gap,They recalled,that,the journalist believed,the transcript stated,he knew,,the executive,did promote,the secretary,last week.,9.396978,11.98203,3.308581,3.308581,3.38853,9.169801,3.109111,9.744326333333333,4.478599,5.214195999999999,2.593611,7.5921520000000005,8.458556,11.871034,2.438016,7.92637,13.540553,7.80343,8.798246500000001,8.67523089473684
41,yes,yes,3,+wh_gap,They recalled,who,the journalist believed,the transcript stated,he knew,,,did promote,the secretary,last week.,9.396978,11.98203,9.746037,9.746037,4.823518,8.298429666666665,6.385518,10.989697666666666,5.890199,5.8146065,,,11.682367,13.8114145,2.661205,8.9958295,15.215928,8.634647,10.480630333333332,9.769851411764707
41,yes,no,3,+wh_no_gap,They recalled,who,the journalist believed,the transcript stated,he knew,,the executive,did promote,the secretary,last week.,9.396978,11.98203,9.746037,9.746037,4.823518,8.298429666666665,6.385518,10.989697666666666,5.890199,5.8146065,5.02649,8.932181,8.649623,12.0347085,3.123261,8.3950365,13.213878,7.680431499999999,9.260589375,9.330968789473685
41,no,yes,4,-wh_gap,They recalled,that,the journalist believed,the transcript stated,he knew,the man noticed,,did promote,the secretary,last week.,9.396978,11.98203,3.308581,3.308581,3.38853,9.169801,3.109111,9.744326333333333,4.478599,5.214195999999999,,,14.158935,15.772123,2.616719,8.70557,15.706003,8.877667500000001,11.118453500000001,9.479655058823528
41,no,no,4,-wh_no_gap,They recalled,that,the journalist believed,the transcript stated,he knew,the man noticed,the executive,did promote,the secretary,last week.,9.396978,11.98203,3.308581,3.308581,3.38853,9.169801,3.109111,9.744326333333333,4.478599,5.214195999999999,2.593611,7.5921520000000005,8.458556,11.871034,2.438016,7.92637,13.540553,7.80343,8.798246500000001,8.67523089473684
41,yes,yes,4,+wh_gap,They recalled,who,the journalist believed,the transcript stated,he knew,the man noticed,,did promote,the secretary,last week.,9.396978,11.98203,9.746037,9.746037,4.823518,8.298429666666665,6.385518,10.989697666666666,5.890199,5.8146065,,,11.682367,13.8114145,2.661205,8.9958295,15.215928,8.634647,10.480630333333332,9.769851411764707
41,yes,no,4,+wh_no_gap,They recalled,who,the journalist believed,the transcript stated,he knew,the man noticed,the executive,did promote,the secretary,last week.,9.396978,11.98203,9.746037,9.746037,4.823518,8.298429666666665,6.385518,10.989697666666666,5.890199,5.8146065,5.02649,8.932181,8.649623,12.0347085,3.123261,8.3950365,13.213878,7.680431499999999,9.260589375,9.330968789473685
40,no,yes,0,-wh_gap,They reported,that,,,,,,could have abandoned,the children,on the side of the road.,9.396978,10.176702,2.208518,2.208518,,,,,,,,,14.70095,11.878781333333334,2.131539,5.465791,6.015738,2.4731235000000003,5.582424272727272,5.997756357142857
40,no,no,0,-wh_no_gap,They reported,that,,,,,the woman,could have abandoned,the children,on the side of the road.,9.396978,10.176702,2.208518,2.208518,,,,,,,2.648968,4.6779545,8.775625,8.632177333333333,1.972836,4.1316755,5.689696,2.2536628333333333,4.387520692307692,4.9749806874999996
40,yes,yes,0,+wh_gap,They reported,who,,,,,,could have abandoned,the children,on the side of the road.,9.396978,10.176702,12.973917,12.973917,,,,,,,,,8.26223,7.877077,1.77972,4.8923784999999995,5.751376,2.5134739999999995,4.408802909090909,5.844582357142856
40,yes,no,0,+wh_no_gap,They reported,who,,,,,the woman,could have abandoned,the children,on the side of the road.,9.396978,10.176702,12.973917,12.973917,,,,,,,4.219927,5.0998315000000005,9.78655,9.097644666666667,3.679308,4.9336405,6.043797,2.561438666666666,4.825270000000001,6.0034894375
40,no,yes,1,-wh_gap,They reported,that,the man claimed,,,,,could have abandoned,the children,on the side of the road.,9.396978,10.176702,2.208518,2.208518,2.648968,6.0327736666666665,,,,,,,16.516328,11.192351666666667,1.728592,4.5216125,5.643943,2.343602833333333,5.152899727272728,5.726008235294118
40,no,no,1,-wh_no_gap,They reported,that,the man claimed,,,,the woman,could have abandoned,the children,on the side of the road.,9.396978,10.176702,2.208518,2.208518,2.648968,6.0327736666666665,,,,,4.938829,4.73155,8.199116,8.254957666666668,3.699533,4.6960690000000005,5.818402,2.242928333333333,4.390590846153846,5.1441012631578955
40,yes,yes,1,+wh_gap,They reported,who,the man claimed,,,,,could have abandoned,the children,on the side of the road.,9.396978,10.176702,12.973917,12.973917,4.219927,6.311274666666667,,,,,,,10.586774,9.065438666666667,2.416708,4.499897499999999,5.560553,2.4663340000000002,4.6358286363636365,6.073838823529412
40,yes,no,1,+wh_no_gap,They reported,who,the man claimed,,,,the woman,could have abandoned,the children,on the side of the road.,9.396978,10.176702,12.973917,12.973917,4.219927,6.311274666666667,,,,,7.873047,6.1828435,10.402137,9.478213333333334,4.821717,5.1684795,5.669055,2.3668841666666673,5.026045461538462,6.189459789473685
40,no,yes,2,-wh_gap,They reported,that,the man claimed,his friend believed,,,,could have abandoned,the children,on the side of the road.,9.396978,10.176702,2.208518,2.208518,2.648968,6.0327736666666665,5.796255,7.788236333333334,,,,,15.982964,10.742320333333334,2.850943,4.8972525000000005,6.413691,2.452822,5.158036181818182,6.038167499999999
40,no,no,2,-wh_no_gap,They reported,that,the man claimed,his friend believed,,,the woman,could have abandoned,the children,on the side of the road.,9.396978,10.176702,2.208518,2.208518,2.648968,6.0327736666666665,5.796255,7.788236333333334,,,3.110857,3.6394655,7.78655,7.493165,4.354239,5.4205705,6.170885,2.307056333333333,4.187838846153846,5.384857136363636
40,yes,yes,2,+wh_gap,They reported,who,the man claimed,his friend believed,,,,could have abandoned,the children,on the side of the road.,9.396978,10.176702,12.973917,12.973917,4.219927,6.311274666666667,9.922178,8.90474,,,,,8.566285,8.518488666666668,3.302405,4.924189,5.952245,2.5211975,4.59372990909091,6.4753197
40,yes,no,2,+wh_no_gap,They reported,who,the man claimed,his friend believed,,,the woman,could have abandoned,the children,on the side of the road.,9.396978,10.176702,12.973917,12.973917,4.219927,6.311274666666667,9.922178,8.90474,,,8.030646,6.332252500000001,8.848927,8.265734666666667,4.908875,5.6027005,5.927989,2.3683501666666666,4.836708538461539,6.447844363636364
40,no,yes,3,-wh_gap,They reported,that,the man claimed,his friend believed,he knew,,,could have abandoned,the children,on the side of the road.,9.396978,10.176702,2.208518,2.208518,2.648968,6.0327736666666665,5.796255,7.788236333333334,1.311693,4.5542300000000004,,,13.68521,10.598435666666667,2.243229,4.46808,7.025111,2.5839491666666663,5.112287454545455,5.8803897272727275
40,no,no,3,-wh_no_gap,They reported,that,the man claimed,his friend believed,he knew,,the woman,could have abandoned,the children,on the side of the road.,9.396978,10.176702,2.208518,2.208518,2.648968,6.0327736666666665,5.796255,7.788236333333334,1.311693,4.5542300000000004,2.170891,3.2452675,11.582569,9.363130333333332,4.046218,5.326597,6.735061,2.4516325,4.610993461538461,5.544846958333334
40,yes,yes,3,+wh_gap,They reported,who,the man claimed,his friend believed,he knew,,,could have abandoned,the children,on the side of the road.,9.396978,10.176702,12.973917,12.973917,4.219927,6.311274666666667,9.922178,8.90474,5.503029,6.414523,,,10.317229,9.319396333333332,2.680204,4.625080499999999,6.597212,2.625040333333333,4.814417454545455,6.580136500000001
40,yes,no,3,+wh_no_gap,They reported,who,the man claimed,his friend believed,he knew,,the woman,could have abandoned,the children,on the side of the road.,9.396978,10.176702,12.973917,12.973917,4.219927,6.311274666666667,9.922178,8.90474,5.503029,6.414523,6.547501,5.693156999999999,9.908255,8.936856666666666,4.189908,5.4041815,6.344529,2.441081833333333,4.896287538461538,6.477339541666666
40,no,yes,4,-wh_gap,They reported,that,the man claimed,his friend believed,he knew,the man saw,,could have abandoned,the children,on the side of the road.,9.396978,10.176702,2.208518,2.208518,2.648968,6.0327736666666665,5.796255,7.788236333333334,1.311693,4.5542300000000004,,,13.68521,10.598435666666667,2.243229,4.46808,7.025111,2.5839491666666663,5.112287454545455,5.8803897272727275
40,no,no,4,-wh_no_gap,They reported,that,the man claimed,his friend believed,he knew,the man saw,the woman,could have abandoned,the children,on the side of the road.,9.396978,10.176702,2.208518,2.208518,2.648968,6.0327736666666665,5.796255,7.788236333333334,1.311693,4.5542300000000004,2.170891,3.2452675,11.582569,9.363130333333332,4.046218,5.326597,6.735061,2.4516325,4.610993461538461,5.544846958333334
40,yes,yes,4,+wh_gap,They reported,who,the man claimed,his friend believed,he knew,the man saw,,could have abandoned,the children,on the side of the road.,9.396978,10.176702,12.973917,12.973917,4.219927,6.311274666666667,9.922178,8.90474,5.503029,6.414523,,,10.317229,9.319396333333332,2.680204,4.625080499999999,6.597212,2.625040333333333,4.814417454545455,6.580136500000001
40,yes,no,4,+wh_no_gap,They reported,who,the man claimed,his friend believed,he knew,the man saw,the woman,could have abandoned,the children,on the side of the road.,9.396978,10.176702,12.973917,12.973917,4.219927,6.311274666666667,9.922178,8.90474,5.503029,6.414523,6.547501,5.693156999999999,9.908255,8.936856666666666,4.189908,5.4041815,6.344529,2.441081833333333,4.896287538461538,6.477339541666666
39,no,yes,0,-wh_gap,He reported,that,,,,,,might have reassured,the patient,before surgery.,8.582737,10.45716,2.374091,2.374091,,,,,,,,,16.063634,10.980378666666667,3.163066,6.8487975,8.048499,7.4894425,8.802516571428571,8.4906027
39,no,no,0,-wh_no_gap,He reported,that,,,,,the doctor,might have reassured,the patient,before surgery.,8.582737,10.45716,2.374096,2.374096,,,,,,,2.664716,6.5466875,10.522677,8.567104,3.648654,2.645165,7.775889,6.979103500000001,6.449247111111111,6.777636666666666
39,yes,yes,0,+wh_gap,He reported,who,,,,,,might have reassured,the patient,before surgery.,8.582737,10.45716,12.870041,12.870041,,,,,,,,,8.175609,9.406259666666665,4.468397,7.4449985000000005,7.411499,6.9788745,8.152360714285715,9.0850886
39,yes,no,0,+wh_no_gap,He reported,who,,,,,the doctor,might have reassured,the patient,before surgery.,8.582737,10.45716,12.870045,12.870045,,,,,,,4.073936,7.1185285,8.105807,9.698678000000001,6.163293,4.543634,6.844353,6.816933000000001,7.339358333333333,8.3198825
39,no,yes,1,-wh_gap,He reported,that,the nurse believed,,,,,might have reassured,the patient,before surgery.,8.582738,10.457133,2.37405,2.37405,2.664666,8.20429,,,,,,,15.904685,11.298456333333334,3.972193,3.0681529999999997,7.776949,7.737089,7.929407571428571,7.954387615384618
39,no,no,1,-wh_no_gap,He reported,that,the nurse believed,,,,the doctor,might have reassured,the patient,before surgery.,8.582732,10.45713,2.374054,2.374054,2.664676,8.2043,,,,,2.852142,5.013427,7.428326,7.987915666666666,4.461546,2.6731605000000003,7.602389,7.607666,6.061361555555556,6.8302312
39,yes,yes,1,+wh_gap,He reported,who,the nurse believed,,,,,might have reassured,the patient,before surgery.,8.582738,10.457133,12.869989,12.869989,4.073953,8.173755333333334,,,,,,,8.59475,9.924085666666665,4.695495,4.0518125000000005,7.132145,7.620734000000001,7.588192857142857,8.570990076923078
39,yes,no,1,+wh_no_gap,He reported,who,the nurse believed,,,,the doctor,might have reassured,the patient,before surgery.,8.582732,10.45713,12.869993,12.869993,4.073953,8.173746,,,,,6.584952,6.8200275,6.315927,9.045197666666667,6.279623,4.0292745,6.7935,7.4294234999999995,7.077004888888889,8.133235666666666
39,no,yes,2,-wh_gap,He reported,that,the nurse believed,the woman thought,,,,might have reassured,the patient,before surgery.,8.582732,10.45713,2.374054,2.374054,2.664676,8.2043,2.852142,5.858177333333333,,,,,14.235909,11.713250666666667,4.472517,3.744771,7.803064,8.83038,8.612864857142856,7.860362499999999
39,no,no,2,-wh_no_gap,He reported,that,the nurse believed,the woman thought,,,the doctor,might have reassured,the patient,before surgery.,8.582732,10.45713,2.374054,2.374054,2.664676,8.2043,2.852142,5.858177333333333,,,3.192168,5.0125895,6.05791,8.279783333333333,5.644464,3.5376745,7.726878,8.1697285,6.475481666666667,6.875282277777778
39,yes,yes,2,+wh_gap,He reported,who,the nurse believed,the woman thought,,,,might have reassured,the patient,before surgery.,8.582732,10.45713,12.869993,12.869993,4.073953,8.173746,6.584952,7.049902333333333,,,,,6.531469,9.632509333333333,5.176841,4.724695,7.289292,8.555286500000001,7.922498714285715,8.4320430625
39,yes,no,2,+wh_no_gap,He reported,who,the nurse believed,the woman thought,,,the doctor,might have reassured,the patient,before surgery.,8.582732,10.45713,12.869993,12.869993,4.073953,8.173746,6.584952,7.049902333333333,,,4.977725,6.0978840000000005,4.711839,8.514489,6.761144,4.395893,6.878278,7.7736665,6.897594888888889,7.86297511111111
39,no,yes,3,-wh_gap,He reported,that,the nurse believed,the woman thought,she recalled,,,might have reassured,the patient,before surgery.,8.582732,10.45713,2.374054,2.374054,2.664676,8.2043,2.852142,5.858177333333333,1.717674,8.230122,,,15.661425,11.212836666666666,3.809767,3.3626135,7.683029,8.899707,8.309021571428572,7.783285611111111
39,no,no,3,-wh_no_gap,He reported,that,the nurse believed,the woman thought,she recalled,,the doctor,might have reassured,the patient,before surgery.,8.582732,10.45713,2.374054,2.374054,2.664676,8.2043,2.852142,5.858177333333333,1.717674,8.230122,3.489611,5.811478,14.887089,10.327373,5.32424,3.4428194999999997,7.280841,8.213419,7.324172444444443,7.3926771
39,yes,yes,3,+wh_gap,He reported,who,the nurse believed,the woman thought,she recalled,,,might have reassured,the patient,before surgery.,8.582732,10.45713,12.869993,12.869993,4.073953,8.173746,6.584952,7.049902333333333,2.776688,9.290922,,,13.207756,11.128258,4.599585,4.4278845,7.494637,8.785504,8.544507285714285,8.769366277777777
39,yes,no,3,+wh_no_gap,He reported,who,the nurse believed,the woman thought,she recalled,,the doctor,might have reassured,the patient,before surgery.,8.582732,10.45713,12.869993,12.869993,4.073953,8.173746,6.584952,7.049902333333333,2.776688,9.290922,6.706118,7.545945,13.03623,10.102139666666666,5.708359,4.028059,6.921749,8.0890105,7.736938666666666,8.3834745
39,no,yes,4,-wh_gap,He reported,that,the nurse believed,the woman thought,she recalled,she noticed,,might have reassured,the patient,before surgery.,8.582732,10.45713,2.374054,2.374054,2.664676,8.2043,2.852142,5.858177333333333,1.717674,8.230122,,,15.661425,11.212836666666666,3.809767,3.3626135,7.683029,8.899707,8.309021571428572,7.783285611111111
39,no,no,4,-wh_no_gap,He reported,that,the nurse believed,the woman thought,she recalled,she noticed,the doctor,might have reassured,the patient,before surgery.,8.582732,10.45713,2.374054,2.374054,2.664676,8.2043,2.852142,5.858177333333333,1.717674,8.230122,3.489611,5.811478,14.887089,10.327373,5.32424,3.4428194999999997,7.280841,8.213419,7.324172444444443,7.3926771
39,yes,yes,4,+wh_gap,He reported,who,the nurse believed,the woman thought,she recalled,she noticed,,might have reassured,the patient,before surgery.,8.582732,10.45713,12.869993,12.869993,4.073953,8.173746,6.584952,7.049902333333333,2.776688,9.290922,,,13.207756,11.128258,4.599585,4.4278845,7.494637,8.785504,8.544507285714285,8.769366277777777
39,yes,no,4,+wh_no_gap,He reported,who,the nurse believed,the woman thought,she recalled,she noticed,the doctor,might have reassured,the patient,before surgery.,8.582732,10.45713,12.869993,12.869993,4.073953,8.173746,6.584952,7.049902333333333,2.776688,9.290922,6.706118,7.545945,13.03623,10.102139666666666,5.708359,4.028059,6.921749,8.0890105,7.736938666666666,8.3834745
38,no,yes,0,-wh_gap,They know,that,,,,,,should thank,the tailor,on the street.,9.39695,8.646473,2.878176,2.878176,,,,,,,,,12.638353,14.459332,3.783779,10.175137999999999,7.723896,4.734212,9.067368,8.3642698
38,no,no,0,-wh_no_gap,They know,that,,,,,the old man,should thank,the tailor,on the street.,9.396972,8.646479,2.878197,2.878197,,,,,,,3.62555,5.987602,8.260586,9.6267005,2.71705,8.773121999999999,7.897561,4.342371,6.7789564,6.7662091538461535
38,yes,yes,0,+wh_gap,They know,who,,,,,,should thank,the tailor,on the street.,9.39695,8.646473,5.464134,5.464134,,,,,,,,,9.316829,11.317396500000001,2.713529,10.144798,7.633602,4.799543,8.18900257142857,8.0080098
38,yes,no,0,+wh_no_gap,They know,who,,,,,the old man,should thank,the tailor,on the street.,9.396972,8.646479,5.464167,5.464167,,,,,,,4.252055,5.577292,11.025083,11.069488,4.851287,11.266492,7.837764,4.295273,7.428965500000001,7.4651369230769244
38,no,yes,1,-wh_gap,They know,that,the nurse said,,,,,should thank,the tailor,on the street.,9.396972,8.646479,2.878197,2.878197,3.62555,8.626306666666666,,,,,,,13.295592,14.0876105,4.031255,9.4340345,7.724978,5.028683,8.875619857142857,8.321493384615383
38,no,no,1,-wh_no_gap,They know,that,the nurse said,,,,the old man,should thank,the tailor,on the street.,9.396978,8.64648,2.878192,2.878192,3.625553,8.626303666666667,,,,,4.139491,5.780134,6.814308,8.9423695,3.057618,8.428424,7.886806,4.533073,6.5681208,6.9832044375
38,yes,yes,1,+wh_gap,They know,who,the nurse said,,,,,should thank,the tailor,on the street.,9.396972,8.646479,5.464167,5.464167,4.252055,8.633408000000001,,,,,,,10.597132,11.8435445,3.816818,9.930154,7.682984,4.962459333333334,8.347825,8.237855692307694
38,yes,no,1,+wh_no_gap,They know,who,the nurse said,,,,the old man,should thank,the tailor,on the street.,9.396978,8.64648,5.464162,5.464162,4.252062,8.633406666666666,,,,,6.224771,6.686326666666666,10.293576,10.4308275,6.506999,11.4672525,8.055936,4.3447363333333335,7.688934900000001,7.846668187500001
38,no,yes,2,-wh_gap,They know,that,the nurse said,the assistant knew,,,,should thank,the tailor,on the street.,9.396978,8.64648,2.878192,2.878192,3.625553,8.626303666666667,4.139491,8.229738666666664,,,,,14.122146,14.867781,3.444019,8.951947,7.45477,5.169969666666667,9.021337857142855,8.36804025
38,no,no,2,-wh_no_gap,They know,that,the nurse said,the assistant knew,,,the old man,should thank,the tailor,on the street.,9.396978,8.64648,2.878192,2.878192,3.625553,8.626303666666667,4.139491,8.229738666666664,,,3.25304,5.5134126666666665,10.088428,11.277197000000001,3.052597,8.3366645,7.354341,4.627248333333333,6.964970600000001,7.388893947368422
38,yes,yes,2,+wh_gap,They know,who,the nurse said,the assistant knew,,,,should thank,the tailor,on the street.,9.396978,8.64648,5.464162,5.464162,4.252062,8.633406666666666,6.224771,9.239910666666667,,,,,11.499034,13.0610885,3.322483,9.557329,7.257799,4.9579336666666665,8.587233714285714,8.530481875
38,yes,no,2,+wh_no_gap,They know,who,the nurse said,the assistant knew,,,the old man,should thank,the tailor,on the street.,9.396978,8.64648,5.464162,5.464162,4.252062,8.633406666666666,6.224771,9.239910666666667,,,6.121145,6.6390899999999995,10.887636,11.476131,4.355289,9.7103685,7.314797,4.485709,7.574739599999999,8.006551052631577
38,no,yes,3,-wh_gap,They know,that,the nurse said,the assistant knew,she saw,,,should thank,the tailor,on the street.,9.396978,8.64648,2.878192,2.878192,3.625553,8.626303666666667,4.139491,8.229738666666664,4.064766,6.752492500000001,,,17.032266,17.012147499999998,2.973137,8.6806895,6.637809,4.749916,9.376488857142856,8.32664922222222
38,no,no,3,-wh_no_gap,They know,that,the nurse said,the assistant knew,she saw,,the old man,should thank,the tailor,on the street.,9.396978,8.64648,2.878192,2.878192,3.625553,8.626303666666667,4.139491,8.229738666666664,4.064766,6.752492500000001,2.116785,5.136793999999999,14.054585,13.5044375,3.320896,8.744421,6.956521,4.466557333333333,7.330777100000001,7.502477857142858
38,yes,yes,3,+wh_gap,They know,who,the nurse said,the assistant knew,she saw,,,should thank,the tailor,on the street.,9.396978,8.64648,5.464162,5.464162,4.252062,8.633406666666666,6.224771,9.239910666666667,6.326995,8.6207125,,,13.137921,14.2531805,2.862735,9.426876,6.539444,4.624459666666667,8.747641714285715,8.60288838888889
38,yes,no,3,+wh_no_gap,They know,who,the nurse said,the assistant knew,she saw,,the old man,should thank,the tailor,on the street.,9.396978,8.64648,5.464162,5.464162,4.252062,8.633406666666666,6.224771,9.239910666666667,6.326995,8.6207125,4.955201,6.153712333333334,13.861017,13.279455,3.315671,9.4781245,6.77912,4.382999666666667,7.7125295,8.130656857142858
38,no,yes,4,-wh_gap,They know,that,the nurse said,the assistant knew,she saw,he noticed,,should thank,the tailor,on the street.,9.396978,8.64648,2.878192,2.878192,3.625553,8.626303666666667,4.139491,8.229738666666664,4.064766,6.752492500000001,,,17.032266,17.012147499999998,2.973137,8.6806895,6.637809,4.749916,9.376488857142856,8.32664922222222
38,no,no,4,-wh_no_gap,They know,that,the nurse said,the assistant knew,she saw,he noticed,the old man,should thank,the tailor,on the street.,9.396978,8.64648,2.878192,2.878192,3.625553,8.626303666666667,4.139491,8.229738666666664,4.064766,6.752492500000001,2.116785,5.136793999999999,14.054585,13.5044375,3.320896,8.744421,6.956521,4.466557333333333,7.330777100000001,7.502477857142858
38,yes,yes,4,+wh_gap,They know,who,the nurse said,the assistant knew,she saw,he noticed,,should thank,the tailor,on the street.,9.396978,8.64648,5.464162,5.464162,4.252062,8.633406666666666,6.224771,9.239910666666667,6.326995,8.6207125,,,13.137921,14.2531805,2.862735,9.426876,6.539444,4.624459666666667,8.747641714285715,8.60288838888889
38,yes,no,4,+wh_no_gap,They know,who,the nurse said,the assistant knew,she saw,he noticed,the old man,should thank,the tailor,on the street.,9.396978,8.64648,5.464162,5.464162,4.252062,8.633406666666666,6.224771,9.239910666666667,6.326995,8.6207125,4.955201,6.153712333333334,13.861017,13.279455,3.315671,9.4781245,6.77912,4.382999666666667,7.7125295,8.130656857142858
37,no,yes,0,-wh_gap,She knows,that,,,,,,did interrogate,the criminal,last night.,9.588393,9.067896000000001,3.373155,3.373155,,,,,,,,,13.532609,13.039059333333332,4.220192,7.575810000000001,12.009917,7.2207845,9.815766714285713,9.021931400000001
37,no,no,0,-wh_no_gap,She knows,that,,,,,the inspectors,did interrogate,the criminal,last night.,9.588393,9.067896000000001,3.373149,3.373149,,,,,,,4.09474,10.209204499999998,6.880434,7.289976333333333,3.611684,7.7191860000000005,11.855997,7.4448385,8.068487444444445,7.8437773333333345
37,yes,yes,0,+wh_gap,She knows,who,,,,,,did interrogate,the criminal,last night.,9.588393,9.067896000000001,6.179725,6.179725,,,,,,,,,8.354107,10.437034,4.546721,8.024583,11.227377,6.6693655000000005,8.671285571428573,8.501451600000001
37,yes,no,0,+wh_no_gap,She knows,who,,,,,the inspectors,did interrogate,the criminal,last night.,9.588393,9.067896000000001,6.179697,6.179697,,,,,,,4.654339,10.636598,10.085824,7.935058333333333,6.394133,9.185047,11.722999,6.9050839999999996,8.584292555555557,8.464510166666667
37,no,yes,1,-wh_gap,She knows,that,the police said,,,,,did interrogate,the criminal,last night.,9.588382,9.067893,3.373128,3.373128,4.094763,7.183087333333333,,,,,,,13.949582,10.910682,4.400374,8.445052500000001,10.445153,6.0591875,8.820075142857142,8.061438615384615
37,no,no,1,-wh_no_gap,She knows,that,the police said,,,,the inspectors,did interrogate,the criminal,last night.,9.588377,9.0678855,3.373129,3.373129,4.094771,7.183086333333333,,,,,3.943024,10.607669000000001,4.661116,7.203019333333334,3.122318,7.728735,11.074848,6.6573649999999995,7.955177333333334,7.643650333333331
37,yes,yes,1,+wh_gap,She knows,who,the police said,,,,,did interrogate,the criminal,last night.,9.588382,9.067893,6.179819,6.179819,4.654308,7.7660626666666674,,,,,,,9.247339,9.596714666666667,4.764176,8.680705,10.367501,5.907822,8.281028285714287,8.121614692307693
37,yes,no,1,+wh_no_gap,She knows,who,the police said,,,,the inspectors,did interrogate,the criminal,last night.,9.588377,9.0678855,6.17982,6.17982,4.654325,7.766060333333333,,,,,6.553037,12.3889415,7.832488,6.896907666666666,6.211572,9.277587,11.070939,6.498282499999999,8.55781611111111,8.308941133333333
37,no,yes,2,-wh_gap,She knows,that,the police said,the detective believed,,,,did interrogate,the criminal,last night.,9.588377,9.0678855,3.373129,3.373129,4.094771,7.183086333333333,3.943024,8.672544333333333,,,,,15.13202,10.76634,3.430455,7.719176,11.072356,6.4358604999999995,8.658441857142858,8.1053053125
37,no,no,2,-wh_no_gap,She knows,that,the police said,the detective believed,,,the inspectors,did interrogate,the criminal,last night.,9.588377,9.0678855,3.373129,3.373129,4.094771,7.183086333333333,3.943024,8.672544333333333,,,2.396103,10.8712005,5.837855,7.687764333333333,2.586808,7.1997415,11.917962,7.0505695,8.145146222222223,7.910117111111109
37,yes,yes,2,+wh_gap,She knows,who,the police said,the detective believed,,,,did interrogate,the criminal,last night.,9.588377,9.0678855,6.17982,6.17982,4.654325,7.766060333333333,6.553037,8.858269666666667,,,,,9.762456,9.004691666666666,4.175995,8.192925500000001,10.75225,6.2317595,7.980492142857143,8.128251625
37,yes,no,2,+wh_no_gap,She knows,who,the police said,the detective believed,,,the inspectors,did interrogate,the criminal,last night.,9.588377,9.0678855,6.17982,6.17982,4.654325,7.766060333333333,6.553037,8.858269666666667,,,7.006187,13.12528,8.329197,7.482086000000002,5.23527,8.628378999999999,11.680275,6.917428,8.865381333333334,8.5542785
37,no,yes,3,-wh_gap,She knows,that,the police said,the detective believed,he thought,,,did interrogate,the criminal,last night.,9.588377,9.0678855,3.373129,3.373129,4.094771,7.183086333333333,3.943024,8.672544333333333,2.649074,6.9711875,,,14.313584,11.024777333333335,2.801993,7.4880534999999995,11.629486,6.5904125,8.74732342857143,8.013857277777781
37,no,no,3,-wh_no_gap,She knows,that,the police said,the detective believed,he thought,,the inspectors,did interrogate,the criminal,last night.,9.588377,9.0678855,3.373129,3.373129,4.094771,7.183086333333333,3.943024,8.672544333333333,2.649074,6.9711875,2.70727,11.3620455,7.325552,8.130149000000001,2.782922,7.348837,12.27233,7.1097335,8.447964333333333,7.952492300000001
37,yes,yes,3,+wh_gap,She knows,who,the police said,the detective believed,he thought,,,did interrogate,the criminal,last night.,9.588377,9.0678855,6.17982,6.17982,4.654325,7.766060333333333,6.553037,8.858269666666667,5.017462,8.7708565,,,10.315566,9.539821000000002,3.994378,8.071912,11.447918,6.5710925,8.272210285714285,8.31309811111111
37,yes,no,3,+wh_no_gap,She knows,who,the police said,the detective believed,he thought,,the inspectors,did interrogate,the criminal,last night.,9.588377,9.0678855,6.17982,6.17982,4.654325,7.766060333333333,6.553037,8.858269666666667,5.017462,8.7708565,6.833559,13.434176500000001,8.878745,8.100522,5.164581,8.593441,12.160901,7.127123,9.179005222222223,8.71706705
37,no,yes,4,-wh_gap,She knows,that,the police said,the detective believed,he thought,he saw,,did interrogate,the criminal,last night.,9.588377,9.0678855,3.373129,3.373129,4.094771,7.183086333333333,3.943024,8.672544333333333,2.649074,6.9711875,,,14.313584,11.024777333333335,2.801993,7.4880534999999995,11.629486,6.5904125,8.74732342857143,8.013857277777781
37,no,no,4,-wh_no_gap,She knows,that,the police said,the detective believed,he thought,he saw,the inspectors,did interrogate,the criminal,last night.,9.588377,9.0678855,3.373129,3.373129,4.094771,7.183086333333333,3.943024,8.672544333333333,2.649074,6.9711875,2.70727,11.3620455,7.325552,8.130149000000001,2.782922,7.348837,12.27233,7.1097335,8.447964333333333,7.952492300000001
37,yes,yes,4,+wh_gap,She knows,who,the police said,the detective believed,he thought,he saw,,did interrogate,the criminal,last night.,9.588377,9.0678855,6.17982,6.17982,4.654325,7.766060333333333,6.553037,8.858269666666667,5.017462,8.7708565,,,10.315566,9.539821000000002,3.994378,8.071912,11.447918,6.5710925,8.272210285714285,8.31309811111111
37,yes,no,4,+wh_no_gap,She knows,who,the police said,the detective believed,he thought,he saw,the inspectors,did interrogate,the criminal,last night.,9.588377,9.0678855,6.17982,6.17982,4.654325,7.766060333333333,6.553037,8.858269666666667,5.017462,8.7708565,6.833559,13.434176500000001,8.878745,8.100522,5.164581,8.593441,12.160901,7.127123,9.179005222222223,8.71706705
36,no,yes,0,-wh_gap,He knows,that,,,,,,will wait for,her friend,at the bus stop.,8.582737,8.6585565,2.922586,2.922586,,,,,,,,,10.330998,7.902833666666666,6.335505,9.2197595,6.347802,3.9922394999999997,6.457442,6.529723083333334
36,no,no,0,-wh_no_gap,He knows,that,,,,,the woman,will wait for,her friend,at the bus stop.,8.582732,8.658538,2.922593,2.922593,,,,,,,3.684015,6.9904565000000005,6.34311,5.844855333333332,3.022598,5.53364,5.847596,3.0637049999999997,4.985234454545455,5.362660571428573
36,yes,yes,0,+wh_gap,He knows,who,,,,,,will wait for,her friend,at the bus stop.,8.582737,8.6585565,6.314426,6.314426,,,,,,,,,7.101762,6.7472563333333335,5.957335,9.216070499999999,5.986078,3.51438625,5.859050555555556,6.363582833333333
36,yes,no,0,+wh_no_gap,He knows,who,,,,,the woman,will wait for,her friend,at the bus stop.,8.582732,8.658538,6.31441,6.31441,,,,,,,4.333633,5.827562,7.878266,7.710855333333334,4.669193,6.6998065,5.18099,3.0139067500000003,5.47663,5.991029714285713
36,no,yes,1,-wh_gap,He knows,that,the man believed,,,,,will wait for,her friend,at the bus stop.,8.582732,8.658538,2.922593,2.922593,3.684015,7.871853333333334,,,,,,,13.253784,9.286387,5.282285,8.6673195,5.377613,3.23978725,6.461438777777777,6.8005452
36,no,no,1,-wh_no_gap,He knows,that,the man believed,,,,the woman,will wait for,her friend,at the bus stop.,8.582732,8.658538,2.922593,2.922593,3.684015,7.871853333333334,,,,,9.413474,7.559497,8.923924,7.147743333333332,2.854224,5.70296,5.105308,2.90367525,5.416622272727273,6.084592588235294
36,yes,yes,1,+wh_gap,He knows,who,the man believed,,,,,will wait for,her friend,at the bus stop.,8.582732,8.658538,6.31441,6.31441,4.333633,7.042016333333333,,,,,,,11.320563,8.850575666666668,5.956909,9.0429885,4.860971,3.0299725,6.306399333333333,6.767675266666668
36,yes,no,1,+wh_no_gap,He knows,who,the man believed,,,,the woman,will wait for,her friend,at the bus stop.,8.582732,8.658538,6.31441,6.31441,4.333633,7.042016333333333,,,,,10.199682,7.2955875,9.57472,8.783243,4.316063,6.6064535,4.897277,2.8832014999999998,5.971510636363635,6.496714823529412
36,no,yes,2,-wh_gap,He knows,that,the man believed,the he concluded,,,,will wait for,her friend,at the bus stop.,8.582732,8.658538,2.922593,2.922593,3.684015,7.871853333333334,9.413474,12.507635333333335,,,,,9.007525,7.5721783333333335,5.644854,8.7657895,5.664339,3.35088825,5.961296333333333,7.501655666666666
36,no,no,2,-wh_no_gap,He knows,that,the man believed,the he concluded,,,the woman,will wait for,her friend,at the bus stop.,8.582732,8.658538,2.922593,2.922593,3.684015,7.871853333333334,9.413474,12.507635333333335,,,3.509869,6.324931,8.74115,7.029936666666667,3.201851,5.6626045,5.147966,2.9100475,5.155006454545455,6.904160299999999
36,yes,yes,2,+wh_gap,He knows,who,the man believed,the he concluded,,,,will wait for,her friend,at the bus stop.,8.582732,8.658538,6.31441,6.31441,4.333633,7.042016333333333,10.199682,12.723293,,,,,9.749485,8.012160666666666,5.611746,8.8035455,5.180848,3.2004345,6.049479000000001,7.6318180555555575
36,yes,no,2,+wh_no_gap,He knows,who,the man believed,the he concluded,,,the woman,will wait for,her friend,at the bus stop.,8.582732,8.658538,6.31441,6.31441,4.333633,7.042016333333333,10.199682,12.723293,,,3.938013,5.810561,9.188659,7.455255333333334,3.056421,5.5176875,4.919324,2.87558675,5.138600909090909,6.9726012
36,no,yes,3,-wh_gap,He knows,that,the man believed,the he concluded,his neighbors had said,,,will wait for,her friend,at the bus stop.,8.582732,8.658538,2.922593,2.922593,3.684015,7.871853333333334,9.413474,12.507635333333335,4.447678,8.301234000000001,,,11.414561,7.810275333333334,6.406629,8.9661015,5.251429,3.1493610000000003,5.995608111111111,7.6610701818181814
36,no,no,3,-wh_no_gap,He knows,that,the man believed,the he concluded,his neighbors had said,,the woman,will wait for,her friend,at the bus stop.,8.582732,8.658538,2.922593,2.922593,3.684015,7.871853333333334,9.413474,12.507635333333335,4.447678,8.301234000000001,3.504415,4.411607,10.08197,7.4697233333333335,2.716698,5.5712235,5.045129,3.0400989999999997,4.95774790909091,7.046595749999999
36,yes,yes,3,+wh_gap,He knows,who,the man believed,the he concluded,his neighbors had said,,,will wait for,her friend,at the bus stop.,8.582732,8.658538,6.31441,6.31441,4.333633,7.042016333333333,10.199682,12.723293,5.138534,7.965203750000001,,,10.643966,7.797424333333333,6.890488,9.2200995,4.919628,3.1133800000000003,6.031776888888889,7.685191863636362
36,yes,no,3,+wh_no_gap,He knows,who,the man believed,the he concluded,his neighbors had said,,the woman,will wait for,her friend,at the bus stop.,8.582732,8.658538,6.31441,6.31441,4.333633,7.042016333333333,10.199682,12.723293,5.138534,7.965203750000001,4.490598,4.8501294999999995,10.371411,7.6632446666666665,2.718345,5.519507,4.949979,3.09898175,5.102266727272727,7.121381791666667
36,no,yes,4,-wh_gap,He knows,that,the man believed,the he concluded,his neighbors had said,they saw,,will wait for,her friend,at the bus stop.,8.582732,8.658538,2.922593,2.922593,3.684015,7.871853333333334,9.413474,12.507635333333335,4.447678,8.301234000000001,,,11.414561,7.810275333333334,6.406629,8.9661015,5.251429,3.1493610000000003,5.995608111111111,7.6610701818181814
36,no,no,4,-wh_no_gap,He knows,that,the man believed,the he concluded,his neighbors had said,they saw,the woman,will wait for,her friend,at the bus stop.,8.582732,8.658538,2.922593,2.922593,3.684015,7.871853333333334,9.413474,12.507635333333335,4.447678,8.301234000000001,3.504415,4.411607,10.08197,7.4697233333333335,2.716698,5.5712235,5.045129,3.0400989999999997,4.95774790909091,7.046595749999999
36,yes,yes,4,+wh_gap,He knows,who,the man believed,the he concluded,his neighbors had said,they saw,,will wait for,her friend,at the bus stop.,8.582732,8.658538,6.31441,6.31441,4.333633,7.042016333333333,10.199682,12.723293,5.138534,7.965203750000001,,,10.643966,7.797424333333333,6.890488,9.2200995,4.919628,3.1133800000000003,6.031776888888889,7.685191863636362
36,yes,no,4,+wh_no_gap,He knows,who,the man believed,the he concluded,his neighbors had said,they saw,the woman,will wait for,her friend,at the bus stop.,8.582732,8.658538,6.31441,6.31441,4.333633,7.042016333333333,10.199682,12.723293,5.138534,7.965203750000001,4.490598,4.8501294999999995,10.371411,7.6632446666666665,2.718345,5.519507,4.949979,3.09898175,5.102266727272727,7.121381791666667
35,no,yes,0,-wh_gap,You know,that,,,,,,should introduce,his friends,to his family.,7.682203,6.103493500000001,3.787021,3.787021,,,,,,,,,15.978556,14.948303,10.420003,9.07134,1.565142,3.971415,8.564790142857143,7.594753900000001
35,no,no,0,-wh_no_gap,You know,that,,,,,the man,should introduce,his friends,to his family.,7.682203,6.103493500000001,3.787013,3.787013,,,,,,,7.61201,7.939946,11.605879,12.338828,4.057502,5.3147395,1.292879,3.305279666666667,6.789207333333334,6.4247388333333335
35,yes,yes,0,+wh_gap,You know,who,,,,,,should introduce,his friends,to his family.,7.682203,6.103493500000001,5.05256,5.05256,,,,,,,,,7.44149,9.7110165,6.378416,7.518339,1.372304,3.8520583333333334,6.573555142857143,6.3274433
35,yes,no,0,+wh_no_gap,You know,who,,,,,the man,should introduce,his friends,to his family.,7.682203,6.103493500000001,5.052563,5.052563,,,,,,,6.464221,6.3462890000000005,10.102678,11.576697,5.730947,6.42726,1.020264,4.463394999999999,6.898964111111112,6.612518916666665
35,no,yes,1,-wh_gap,You know,that,the woman said,,,,,should introduce,his friends,to his family.,7.682215,6.103498,3.786978,3.786978,7.611987,8.840031000000002,,,,,,,14.958547,14.524025,6.963236,7.207582,1.446684,3.927489333333334,7.892240285714285,7.519980692307692
35,no,no,1,-wh_no_gap,You know,that,the woman said,,,,the man,should introduce,his friends,to his family.,7.68222,6.1034955,3.786982,3.786982,7.611992,8.840029666666666,,,,,5.05371,4.8078675,6.096203,9.4443745,4.674488,5.917539,1.170157,3.8907616666666662,5.77909411111111,6.301727266666668
35,yes,yes,1,+wh_gap,You know,who,the woman said,,,,,should introduce,his friends,to his family.,7.682215,6.103498,5.052583,5.052583,6.4642,7.751232000000001,,,,,,,10.515709,11.713742499999999,7.125025,7.396910999999999,1.284618,3.911334,7.1364727142857145,6.959121846153845
35,yes,no,1,+wh_no_gap,You know,who,the woman said,,,,the man,should introduce,his friends,to his family.,7.68222,6.1034955,5.052576,5.052576,6.464205,7.751231666666666,,,,,5.531635,5.4216465,6.560414,9.907537,5.512617,6.166911,1.039553,4.153058333333333,6.1612626666666666,6.397641733333333
35,no,yes,2,-wh_gap,You know,that,the woman said,the neighbor thought,,,,should introduce,his friends,to his family.,7.68222,6.1034955,3.786982,3.786982,7.611992,8.840029666666666,5.05371,8.437837333333333,,,,,15.393434,14.939962999999999,6.325447,6.973857499999999,1.32559,4.031516,7.988884142857141,7.7343601875
35,no,no,2,-wh_no_gap,You know,that,the woman said,the neighbor thought,,,the man,should introduce,his friends,to his family.,7.68222,6.1034955,3.786982,3.786982,7.611992,8.840029666666666,5.05371,8.437837333333333,,,3.071892,3.0097424999999998,6.871861,10.3190945,4.694643,6.21832,1.078882,3.866997,5.632811666666666,6.584604388888889
35,yes,yes,2,+wh_gap,You know,who,the woman said,the neighbor thought,,,,should introduce,his friends,to his family.,7.68222,6.1034955,5.052576,5.052576,6.464205,7.751231666666666,5.531635,8.489774666666667,,,,,6.586825,10.1620455,6.321838,6.863666,1.095195,3.9600766666666662,6.561664714285714,6.9946399375
35,yes,no,2,+wh_no_gap,You know,who,the woman said,the neighbor thought,,,the man,should introduce,his friends,to his family.,7.68222,6.1034955,5.052576,5.052576,6.464205,7.751231666666666,5.531635,8.489774666666667,,,4.521999,4.2176485,5.468763,9.656961,4.876204,6.1905995,0.998967,3.926413333333334,5.767739777777779,6.5495691111111105
35,no,yes,3,-wh_gap,You know,that,the woman said,the neighbor thought,he recalled,,,should introduce,his friends,to his family.,7.68222,6.1034955,3.786982,3.786982,7.611992,8.840029666666666,5.05371,8.437837333333333,3.987753,10.131891000000001,,,16.93334,14.647787000000001,4.705141,5.9686875,1.246431,3.823294,7.528975857142856,7.821899277777779
35,no,no,3,-wh_no_gap,You know,that,the woman said,the neighbor thought,he recalled,,the man,should introduce,his friends,to his family.,7.68222,6.1034955,3.786982,3.786982,7.611992,8.840029666666666,5.05371,8.437837333333333,3.987753,10.131891000000001,2.832348,3.6611615000000004,15.140634,13.7299295,4.810322,5.984851,1.22814,3.663748,6.4159031111111124,7.2917242
35,yes,yes,3,+wh_gap,You know,who,the woman said,the neighbor thought,he recalled,,,should introduce,his friends,to his family.,7.68222,6.1034955,5.052576,5.052576,6.464205,7.751231666666666,5.531635,8.489774666666667,4.939754,11.0933765,,,13.277279,12.723209,4.813681,5.9061885,1.117753,3.7707813333333333,6.938734142857143,7.596693222222224
35,yes,no,3,+wh_no_gap,You know,who,the woman said,the neighbor thought,he recalled,,the man,should introduce,his friends,to his family.,7.68222,6.1034955,5.052576,5.052576,6.464205,7.751231666666666,5.531635,8.489774666666667,4.939754,11.0933765,3.608399,3.9320905,13.796118,13.315017000000001,5.114334,5.9874355,1.227118,3.8253513333333333,6.43834888888889,7.305723949999998
35,no,yes,4,-wh_gap,You know,that,the woman said,the neighbor thought,he recalled,he knew,,should introduce,his friends,to his family.,7.68222,6.1034955,3.786982,3.786982,7.611992,8.840029666666666,5.05371,8.437837333333333,3.987753,10.131891000000001,,,16.93334,14.647787000000001,4.705141,5.9686875,1.246431,3.823294,7.528975857142856,7.821899277777779
35,no,no,4,-wh_no_gap,You know,that,the woman said,the neighbor thought,he recalled,he knew,the man,should introduce,his friends,to his family.,7.68222,6.1034955,3.786982,3.786982,7.611992,8.840029666666666,5.05371,8.437837333333333,3.987753,10.131891000000001,2.832348,3.6611615000000004,15.140634,13.7299295,4.810322,5.984851,1.22814,3.663748,6.4159031111111124,7.2917242
35,yes,yes,4,+wh_gap,You know,who,the woman said,the neighbor thought,he recalled,he knew,,should introduce,his friends,to his family.,7.68222,6.1034955,5.052576,5.052576,6.464205,7.751231666666666,5.531635,8.489774666666667,4.939754,11.0933765,,,13.277279,12.723209,4.813681,5.9061885,1.117753,3.7707813333333333,6.938734142857143,7.596693222222224
35,yes,no,4,+wh_no_gap,You know,who,the woman said,the neighbor thought,he recalled,he knew,the man,should introduce,his friends,to his family.,7.68222,6.1034955,5.052576,5.052576,6.464205,7.751231666666666,5.531635,8.489774666666667,4.939754,11.0933765,3.608399,3.9320905,13.796118,13.315017000000001,5.114334,5.9874355,1.227118,3.8253513333333333,6.43834888888889,7.305723949999998
34,no,yes,0,-wh_gap,I know,that,,,,,,might congratulate,the athletes,over lunch.,5.770367,5.65805,2.749727,2.749727,,,,,,,,,11.058787,16.296878,5.103965,8.896003499999999,8.206379,9.928550999999999,11.707144166666666,9.367632444444446
34,no,no,0,-wh_no_gap,I know,that,,,,,the president,might congratulate,the athletes,over lunch.,5.770367,5.65805,2.74974,2.74974,,,,,,,4.424285,7.459331499999999,7.243941,10.264731,3.783354,7.714881,8.435251,9.2531845,8.673032,7.586372363636363
34,yes,yes,0,+wh_gap,I know,who,,,,,,might congratulate,the athletes,over lunch.,5.770367,5.65805,8.366532,8.366532,,,,,,,,,10.54907,13.1637185,5.112235,8.880713499999999,8.060241,9.3327245,10.459052166666666,9.159660555555556
34,yes,no,0,+wh_no_gap,I know,who,,,,,the president,might congratulate,the athletes,over lunch.,5.770367,5.65805,8.366545,8.366545,,,,,,,5.844098,7.167806000000001,7.728254,11.314791,5.708385,9.3041915,8.504799,9.231361,9.254537375,8.519904
34,no,yes,1,-wh_gap,I know,that,the coach said,,,,,might congratulate,the athletes,over lunch.,5.770367,5.65805,2.749727,2.749727,4.424285,7.947896,,,,,,,14.722235,16.98452,3.673451,7.4977175,8.574743,9.55241,11.344882499999999,8.8315675
34,no,no,1,-wh_no_gap,I know,that,the coach said,,,,the president,might congratulate,the athletes,over lunch.,5.770357,5.658020499999999,2.749692,2.749692,4.424222,7.947895666666667,,,,,4.824437,8.8543005,7.143052,10.2952365,3.447578,6.315201,8.876067,8.7951895,8.564981875,7.60209107142857
34,yes,yes,1,+wh_gap,I know,who,the coach said,,,,,might congratulate,the athletes,over lunch.,5.770367,5.65805,8.366532,8.366532,5.844098,8.328928,,,,,,,10.566114,13.552867500000001,4.0381,8.125696,8.746578,9.5446055,10.407723,8.926312833333332
34,yes,no,1,+wh_no_gap,I know,who,the coach said,,,,the president,might congratulate,the athletes,over lunch.,5.770357,5.658020499999999,8.366485,8.366485,5.844156,8.328915666666667,,,,,5.571586,9.3460965,7.790247,10.4820055,4.056636,6.75798,9.164302,8.895436499999999,8.870379625,8.259450714285714
34,no,yes,2,-wh_gap,I know,that,the coach said,the assistant believed,,,,might congratulate,the athletes,over lunch.,5.770357,5.658020499999999,2.749692,2.749692,4.424222,7.947895666666667,4.824437,10.455752666666667,,,,,14.791325,16.6892955,3.102915,7.3500274999999995,8.665326,9.753302000000001,11.264208333333334,9.124128533333332
34,no,no,2,-wh_no_gap,I know,that,the coach said,the assistant believed,,,the president,might congratulate,the athletes,over lunch.,5.770357,5.658020499999999,2.749692,2.749692,4.424222,7.947895666666667,4.824437,10.455752666666667,,,2.987922,7.5179290000000005,7.488553,11.1848095,3.394778,6.552722,9.053811,8.9860495,8.560377500000001,8.103511647058824
34,yes,yes,2,+wh_gap,I know,who,the coach said,the assistant believed,,,,might congratulate,the athletes,over lunch.,5.770357,5.658020499999999,8.366485,8.366485,5.844156,8.328915666666667,5.571586,11.010848000000001,,,,,9.996273,14.115541499999999,3.330974,7.704610499999999,8.742715,9.469716,10.429956,9.352103533333333
34,yes,no,2,+wh_no_gap,I know,who,the coach said,the assistant believed,,,the president,might congratulate,the athletes,over lunch.,5.770357,5.658020499999999,8.366485,8.366485,5.844156,8.328915666666667,5.571586,11.010848000000001,,,5.483316,8.578986,7.671224,11.109131,3.612185,6.705048,9.141949,8.774179,8.791836,8.708029705882351
34,no,yes,3,-wh_gap,I know,that,the coach said,the assistant believed,he remembered,,,might congratulate,the athletes,over lunch.,5.770357,5.658020499999999,2.749692,2.749692,4.424222,7.947895666666667,4.824437,10.455752666666667,2.184012,8.2737195,,,16.189962,16.667736,3.074301,7.305305,8.769717,9.645854,11.206298333333335,9.003641588235295
34,no,no,3,-wh_no_gap,I know,that,the coach said,the assistant believed,he remembered,,the president,might congratulate,the athletes,over lunch.,5.770357,5.658020499999999,2.749692,2.749692,4.424222,7.947895666666667,4.824437,10.455752666666667,2.184012,8.2737195,2.483898,7.3314985,13.954786,13.073492,3.734016,6.4510315,9.033344,8.5732025,8.857306125000001,8.246450842105261
34,yes,yes,3,+wh_gap,I know,who,the coach said,the assistant believed,he remembered,,,might congratulate,the athletes,over lunch.,5.770357,5.658020499999999,8.366485,8.366485,5.844156,8.328915666666667,5.571586,11.010848000000001,3.975427,8.7390175,,,13.504823,15.1037365,3.374088,7.5892795,8.69791,9.2840565,10.659024166666667,9.360823352941178
34,yes,no,3,+wh_no_gap,I know,who,the coach said,the assistant believed,he remembered,,the president,might congratulate,the athletes,over lunch.,5.770357,5.658020499999999,8.366485,8.366485,5.844156,8.328915666666667,5.571586,11.010848000000001,3.975427,8.7390175,3.815932,7.864467,12.876109,12.65382,3.919653,6.516106,9.065647,8.3491535,8.845886625,8.734049736842104
34,no,yes,4,-wh_gap,I know,that,the coach said,the assistant believed,he remembered,he noticed,,might congratulate,the athletes,over lunch.,5.770357,5.658020499999999,2.749692,2.749692,4.424222,7.947895666666667,4.824437,10.455752666666667,2.184012,8.2737195,,,16.189962,16.667736,3.074301,7.305305,8.769717,9.645854,11.206298333333335,9.003641588235295
34,no,no,4,-wh_no_gap,I know,that,the coach said,the assistant believed,he remembered,he noticed,the president,might congratulate,the athletes,over lunch.,5.770357,5.658020499999999,2.749692,2.749692,4.424222,7.947895666666667,4.824437,10.455752666666667,2.184012,8.2737195,2.483898,7.3314985,13.954786,13.073492,3.734016,6.4510315,9.033344,8.5732025,8.857306125000001,8.246450842105261
34,yes,yes,4,+wh_gap,I know,who,the coach said,the assistant believed,he remembered,he noticed,,might congratulate,the athletes,over lunch.,5.770357,5.658020499999999,8.366485,8.366485,5.844156,8.328915666666667,5.571586,11.010848000000001,3.975427,8.7390175,,,13.504823,15.1037365,3.374088,7.5892795,8.69791,9.2840565,10.659024166666667,9.360823352941178
34,yes,no,4,+wh_no_gap,I know,who,the coach said,the assistant believed,he remembered,he noticed,the president,might congratulate,the athletes,over lunch.,5.770357,5.658020499999999,8.366485,8.366485,5.844156,8.328915666666667,5.571586,11.010848000000001,3.975427,8.7390175,3.815932,7.864467,12.876109,12.65382,3.919653,6.516106,9.065647,8.3491535,8.845886625,8.734049736842104
33,no,yes,0,-wh_gap,You know,that,,,,,,did support,the candidate,last year.,7.682203,6.103493500000001,3.787013,3.787013,,,,,,,,,14.531095,15.970459,3.504562,7.94107,8.994251,5.647727,9.853085333333334,8.345834666666669
33,no,no,0,-wh_no_gap,You know,that,,,,,the millionaire,did support,the candidate,last year.,7.682203,6.103493500000001,3.787021,3.787021,,,,,,,7.61201,11.989854000000001,11.025721,12.5011465,2.927757,6.163529,9.031174,5.3619865,9.004129,8.00245818181818
33,yes,yes,0,+wh_gap,You know,who,,,,,,did support,the candidate,last year.,7.682203,6.103493500000001,5.052563,5.052563,,,,,,,,,8.243078,11.2619355,2.80786,6.0968555,7.366106,4.7271675,7.361986166666667,6.8257185555555555
33,yes,no,0,+wh_no_gap,You know,who,,,,,the millionaire,did support,the candidate,last year.,7.682203,6.103493500000001,5.05256,5.05256,,,,,,,6.464221,10.159053499999999,9.716374,11.082385,4.232849,6.786435,8.32779,5.1385875,8.29161525,7.5993153636363635
33,no,yes,1,-wh_gap,You know,that,the lobbyist believed,,,,,did support,the candidate,last year.,7.682203,6.103493500000001,3.787013,3.787013,7.61201,12.892554333333335,,,,,,,15.206198,14.057261,2.402192,5.719227999999999,9.857223,5.8139525,8.530147166666666,8.8210455
33,no,no,1,-wh_no_gap,You know,that,the lobbyist believed,,,,the millionaire,did support,the candidate,last year.,7.68222,6.1034955,3.786982,3.786982,7.611992,12.892581666666667,,,,,4.187434,9.0219705,8.81547,11.2495355,2.50006,5.4756944999999995,11.399998,6.5092455000000005,8.064111500000001,8.513186428571428
33,yes,yes,1,+wh_gap,You know,who,the lobbyist believed,,,,,did support,the candidate,last year.,7.682203,6.103493500000001,5.052563,5.052563,6.464221,11.401646,,,,,,,9.207547,10.310913,2.092542,6.170908,8.801294,5.252131,7.244650666666666,7.911032666666666
33,yes,no,1,+wh_no_gap,You know,who,the lobbyist believed,,,,the millionaire,did support,the candidate,last year.,7.68222,6.1034955,5.052576,5.052576,6.464205,11.401656000000001,,,,,6.625143,10.4246815,9.002522,10.7148675,4.261304,6.866607,9.941104,5.785568,8.447931,8.503427357142856
33,no,yes,2,-wh_gap,You know,that,the lobbyist believed,the secretary said,,,,did support,the candidate,last year.,7.68222,6.1034955,3.786982,3.786982,7.611992,12.892581666666667,4.187434,8.667604666666668,,,,,12.477223,13.010608000000001,2.277442,6.6409365000000005,9.941706,5.897836,8.516460166666667,8.784886199999999
33,no,no,2,-wh_no_gap,You know,that,the lobbyist believed,the secretary said,,,the millionaire,did support,the candidate,last year.,7.68222,6.1034955,3.786982,3.786982,7.611992,12.892581666666667,4.187434,8.667604666666668,,,3.606738,9.645487,7.672661,10.528095,2.545809,5.8570675,10.210177,5.835615,7.966566125,8.494533
33,yes,yes,2,+wh_gap,You know,who,the lobbyist believed,the secretary said,,,,did support,the candidate,last year.,7.68222,6.1034955,5.052576,5.052576,6.464205,11.401656000000001,6.625143,9.519207,,,,,9.55049,10.5986725,2.327068,7.029623,8.785333,5.283033,7.6371095,8.389654199999999
33,yes,no,2,+wh_no_gap,You know,who,the lobbyist believed,the secretary said,,,the millionaire,did support,the candidate,last year.,7.68222,6.1034955,5.052576,5.052576,6.464205,11.401656000000001,6.625143,9.519207,,,4.428929,10.441342,7.865134,9.6303825,4.378365,7.230701999999999,9.685166,5.624017,8.231610875000001,8.580884882352942
33,no,yes,3,-wh_gap,You know,that,the lobbyist believed,the secretary said,she saw,,,did support,the candidate,last year.,7.68222,6.1034955,3.786982,3.786982,7.611992,12.892581666666667,4.187434,8.667604666666668,3.358851,5.649552,,,15.186346,13.685939000000001,4.178962,6.727309,9.15051,5.601299,8.671515666666666,8.470748823529412
33,no,no,3,-wh_no_gap,You know,that,the lobbyist believed,the secretary said,she saw,,the millionaire,did support,the candidate,last year.,7.68222,6.1034955,3.786982,3.786982,7.611992,12.892581666666667,4.187434,8.667604666666668,3.358851,5.649552,2.89264,8.5471485,12.928398,12.939599,2.845793,5.9122035,9.735273,5.748856999999999,8.286952,8.329960631578947
33,yes,yes,3,+wh_gap,You know,who,the lobbyist believed,the secretary said,she saw,,,did support,the candidate,last year.,7.68222,6.1034955,5.052576,5.052576,6.464205,11.401656000000001,6.625143,9.519207,2.555512,5.382977,,,15.15909,12.738892,3.477978,6.9348305,8.729378,5.405957000000001,8.359893166666668,8.291027588235295
33,yes,no,3,+wh_no_gap,You know,who,the lobbyist believed,the secretary said,she saw,,the millionaire,did support,the candidate,last year.,7.68222,6.1034955,5.052576,5.052576,6.464205,11.401656000000001,6.625143,9.519207,2.555512,5.382977,5.489537,10.329708499999999,11.670853,11.977302,4.140214,6.9842675000000005,9.292329,5.5849470000000005,8.71905625,8.449503157894737
33,no,yes,4,-wh_gap,You know,that,the lobbyist believed,the secretary said,she saw,he noticed,,did support,the candidate,last year.,7.68222,6.1034955,3.786982,3.786982,7.611992,12.892581666666667,4.187434,8.667604666666668,3.358851,5.649552,,,15.186346,13.685939000000001,4.178962,6.727309,9.15051,5.601299,8.671515666666666,8.470748823529412
33,no,no,4,-wh_no_gap,You know,that,the lobbyist believed,the secretary said,she saw,he noticed,the millionaire,did support,the candidate,last year.,7.68222,6.1034955,3.786982,3.786982,7.611992,12.892581666666667,4.187434,8.667604666666668,3.358851,5.649552,2.89264,8.5471485,12.928398,12.939599,2.845793,5.9122035,9.735273,5.748856999999999,8.286952,8.329960631578947
33,yes,yes,4,+wh_gap,You know,who,the lobbyist believed,the secretary said,she saw,he noticed,,did support,the candidate,last year.,7.68222,6.1034955,5.052576,5.052576,6.464205,11.401656000000001,6.625143,9.519207,2.555512,5.382977,,,15.15909,12.738892,3.477978,6.9348305,8.729378,5.405957000000001,8.359893166666668,8.291027588235295
33,yes,no,4,+wh_no_gap,You know,who,the lobbyist believed,the secretary said,she saw,he noticed,the millionaire,did support,the candidate,last year.,7.68222,6.1034955,5.052576,5.052576,6.464205,11.401656000000001,6.625143,9.519207,2.555512,5.382977,5.489537,10.329708499999999,11.670853,11.977302,4.140214,6.9842675000000005,9.292329,5.5849470000000005,8.71905625,8.449503157894737
32,no,yes,0,-wh_gap,I know,that,,,,,,could greet,the man,early in the morning.,5.770367,5.65805,2.74974,2.74974,,,,,,,,,11.83332,15.8822025,6.014493,6.74374,13.709733,4.5168565,7.914913875,7.035013727272728
32,no,no,0,-wh_no_gap,I know,that,,,,,the librarian,could greet,the man,early in the morning.,5.770357,5.658020499999999,2.749692,2.749692,,,,,,,4.424222,6.832723999999999,8.600142,12.091765500000001,4.473227,5.907721499999999,12.731255,4.1308455,6.638229818181818,6.220447214285714
32,yes,yes,0,+wh_gap,I know,who,,,,,,could greet,the man,early in the morning.,5.770367,5.65805,8.366545,8.366545,,,,,,,,,10.46763,12.521835,4.287978,5.698700499999999,12.979176,4.316225750000001,6.71324675,6.671692636363636
32,yes,no,0,+wh_no_gap,I know,who,,,,,the librarian,could greet,the man,early in the morning.,5.770357,5.658020499999999,8.366485,8.366485,,,,,,,5.844156,6.214008666666667,10.850723,12.545253500000001,5.853844,6.366001499999999,13.720415,4.313246,6.701592727272726,6.671431857142857
32,no,yes,1,-wh_gap,I know,that,the mayor said,,,,,could greet,the man,early in the morning.,5.770357,5.658020499999999,2.749692,2.749692,4.424222,7.941168,,,,,,,15.838261,16.2809085,3.355179,6.63812,11.398026,3.98760625,7.72356025,7.119837071428571
32,no,no,1,-wh_no_gap,I know,that,the mayor said,,,,the librarian,could greet,the man,early in the morning.,5.770357,5.658020499999999,2.749692,2.749692,4.424222,7.941168,,,,,4.744813,7.527183666666667,5.783312,10.394643499999999,3.202091,5.8224965,11.552504,3.95411125,6.439297818181819,6.39538311764706
32,yes,yes,1,+wh_gap,I know,who,the mayor said,,,,,could greet,the man,early in the morning.,5.770357,5.658020499999999,8.366485,8.366485,5.844156,7.785139666666666,,,,,,,10.000751,12.0551645,3.398381,6.1819005,12.232823,4.11331125,6.615921875,6.854665714285715
32,yes,no,1,+wh_no_gap,I know,who,the mayor said,,,,the librarian,could greet,the man,early in the morning.,5.770357,5.658020499999999,8.366485,8.366485,5.844156,7.785139666666666,,,,,5.508674,7.594266666666666,7.794004,10.647844,4.534997,6.541909499999999,12.810179,4.13958325,6.701876363636362,6.8681520588235285
32,no,yes,2,-wh_gap,I know,that,the mayor said,the clerk believed,,,,could greet,the man,early in the morning.,5.770357,5.658020499999999,2.749692,2.749692,4.424222,7.941168,4.744813,10.119386333333333,,,,,15.528044,15.585020499999999,2.755348,5.0370405,11.041994,3.789016,7.05002325,7.332210705882353
32,no,no,2,-wh_no_gap,I know,that,the mayor said,the clerk believed,,,the librarian,could greet,the man,early in the morning.,5.770357,5.658020499999999,2.749692,2.749692,4.424222,7.941168,4.744813,10.119386333333333,,,2.680923,5.000045,5.856561,10.0289035,2.586393,4.879906500000001,11.398752,3.8991535,5.4922153636363635,6.43308825
32,yes,yes,2,+wh_gap,I know,who,the mayor said,the clerk believed,,,,could greet,the man,early in the morning.,5.770357,5.658020499999999,8.366485,8.366485,5.844156,7.785139666666666,5.508674,10.083464666666666,,,,,10.059648,12.22506,2.773966,4.941334,11.439712,3.7917297500000005,6.187463375,7.222826235294117
32,yes,no,2,+wh_no_gap,I know,who,the mayor said,the clerk believed,,,the librarian,could greet,the man,early in the morning.,5.770357,5.658020499999999,8.366485,8.366485,5.844156,7.785139666666666,5.508674,10.083464666666666,,,5.206546,5.961442666666667,6.960594,10.1738845,3.032493,5.086506,11.917524,3.9360375000000003,5.831750818181818,6.871879900000001
32,no,yes,3,-wh_gap,I know,that,the mayor said,the clerk believed,he witnessed,,,could greet,the man,early in the morning.,5.770357,5.658020499999999,2.749692,2.749692,4.424222,7.941168,4.744813,10.119386333333333,2.968368,7.935399,,,15.931258,16.004218,2.462617,4.519391,11.674821,3.76207675,7.011940625,7.379669421052633
32,no,no,3,-wh_no_gap,I know,that,the mayor said,the clerk believed,he witnessed,,the librarian,could greet,the man,early in the morning.,5.770357,5.658020499999999,2.749692,2.749692,4.424222,7.941168,4.744813,10.119386333333333,2.968368,7.935399,1.782551,5.4534036666666665,12.700689,13.2990985,2.406123,4.2705075,11.893218,3.864989,6.0872162727272725,6.867162409090908
32,yes,yes,3,+wh_gap,I know,who,the mayor said,the clerk believed,he witnessed,,,could greet,the man,early in the morning.,5.770357,5.658020499999999,8.366485,8.366485,5.844156,7.785139666666666,5.508674,10.083464666666666,4.051483,8.4164075,,,12.612902,13.63593,2.470003,4.401936,12.073203,3.8423617499999994,6.430647375,7.450859631578948
32,yes,no,3,+wh_no_gap,I know,who,the mayor said,the clerk believed,he witnessed,,the librarian,could greet,the man,early in the morning.,5.770357,5.658020499999999,8.366485,8.366485,5.844156,7.785139666666666,5.508674,10.083464666666666,4.051483,8.4164075,3.284662,6.057308999999999,12.731816,12.9991765,2.635454,4.281806,12.341958,3.93979225,6.22664190909091,7.209737045454545
32,no,yes,4,-wh_gap,I know,that,the mayor said,the clerk believed,he witnessed,he noticed,,could greet,the man,early in the morning.,5.770357,5.658020499999999,2.749692,2.749692,4.424222,7.941168,4.744813,10.119386333333333,2.968368,7.935399,,,15.931258,16.004218,2.462617,4.519391,11.674821,3.76207675,7.011940625,7.379669421052633
32,no,no,4,-wh_no_gap,I know,that,the mayor said,the clerk believed,he witnessed,he noticed,the librarian,could greet,the man,early in the morning.,5.770357,5.658020499999999,2.749692,2.749692,4.424222,7.941168,4.744813,10.119386333333333,2.968368,7.935399,1.782551,5.4534036666666665,12.700689,13.2990985,2.406123,4.2705075,11.893218,3.864989,6.0872162727272725,6.867162409090908
32,yes,yes,4,+wh_gap,I know,who,the mayor said,the clerk believed,he witnessed,he noticed,,could greet,the man,early in the morning.,5.770357,5.658020499999999,8.366485,8.366485,5.844156,7.785139666666666,5.508674,10.083464666666666,4.051483,8.4164075,,,12.612902,13.63593,2.470003,4.401936,12.073203,3.8423617499999994,6.430647375,7.450859631578948
32,yes,no,4,+wh_no_gap,I know,who,the mayor said,the clerk believed,he witnessed,he noticed,the librarian,could greet,the man,early in the morning.,5.770357,5.658020499999999,8.366485,8.366485,5.844156,7.785139666666666,5.508674,10.083464666666666,4.051483,8.4164075,3.284662,6.057308999999999,12.731816,12.9991765,2.635454,4.281806,12.341958,3.93979225,6.22664190909091,7.209737045454545
31,no,yes,0,-wh_gap,He recalled,that,,,,,,did assassinate,the politician,last night.,8.582737,10.301786499999999,3.014946,3.014946,,,,,,,,,15.015615,17.852214500000002,3.192211,6.6234995,9.35886,7.5016324999999995,10.6591155,9.73035688888889
31,no,no,0,-wh_no_gap,He recalled,that,,,,,the terrorist,did assassinate,the politician,last night.,8.582737,10.301786499999999,3.014931,3.014931,,,,,,,3.611212,7.5945845,8.939644,12.082466,2.98096,6.3806424999999996,9.109155,7.883834,8.48538175,8.318323454545455
31,yes,yes,0,+wh_gap,He recalled,who,,,,,,did assassinate,the politician,last night.,8.582737,10.301786499999999,10.082294,10.082294,,,,,,,,,8.335153,12.950225499999998,3.275159,6.5505700000000004,9.126315,7.500653,9.000482833333333,9.409862666666665
31,yes,no,0,+wh_no_gap,He recalled,who,,,,,the terrorist,did assassinate,the politician,last night.,8.582737,10.301786499999999,10.082279,10.082279,,,,,,,5.311934,8.618572,9.634344,11.858100499999999,4.955874,7.282773,9.892093,7.394655,8.788525125,9.181277545454545
31,no,yes,1,-wh_gap,He recalled,that,the president said,,,,,did assassinate,the politician,last night.,8.582737,10.301786499999999,3.014946,3.014946,3.611212,5.8571323333333325,,,,,,,14.536199,16.718694,3.201904,7.3114455,9.30691,7.390326,10.4734885,8.66923725
31,no,no,1,-wh_no_gap,He recalled,that,the president said,,,,the terrorist,did assassinate,the politician,last night.,8.582732,10.301751,3.014941,3.014941,3.611141,5.857100666666667,,,,,4.462654,7.333468,8.594612,12.547432,2.914863,7.24145,9.202385,7.4733075,8.648914375,7.884361428571429
31,yes,yes,1,+wh_gap,He recalled,who,the president said,,,,,did assassinate,the politician,last night.,8.582737,10.301786499999999,10.082294,10.082294,5.311934,5.9746049999999995,,,,,,,9.143127,13.5463755,3.742253,7.8765849999999995,8.972021,6.9531475,9.458702666666666,8.780158166666666
31,yes,no,1,+wh_no_gap,He recalled,who,the president said,,,,the terrorist,did assassinate,the politician,last night.,8.582732,10.301751,10.082223,10.082223,5.311934,5.974640666666667,,,,,6.26124,8.342941,8.016072,11.743196999999999,5.807986,9.0733335,9.663221,7.2037015,9.09079325,8.666856642857141
31,no,yes,2,-wh_gap,He recalled,that,the president said,the report confirmed,,,,did assassinate,the politician,last night.,8.582732,10.301751,3.014941,3.014941,3.611141,5.857100666666667,4.462654,8.270042666666667,,,,,15.725652,17.933263,3.357368,7.577786,11.33043,8.567014499999999,11.3593545,8.943733333333332
31,no,no,2,-wh_no_gap,He recalled,that,the president said,the report confirmed,,,the terrorist,did assassinate,the politician,last night.,8.582732,10.301751,3.014941,3.014941,3.611141,5.857100666666667,4.462654,8.270042666666667,,,2.918387,6.4503225,11.131492,13.397945499999999,3.018886,7.5456575,10.092505,8.347873,8.935449625,8.08726294117647
31,yes,yes,2,+wh_gap,He recalled,who,the president said,the report confirmed,,,,did assassinate,the politician,last night.,8.582732,10.301751,10.082223,10.082223,5.311934,5.974640666666667,6.26124,10.051287,,,,,10.596221,14.0865795,4.543445,8.511518500000001,10.862283,7.994529,10.197542333333333,9.329917466666668
31,yes,no,2,+wh_no_gap,He recalled,who,the president said,the report confirmed,,,the terrorist,did assassinate,the politician,last night.,8.582732,10.301751,10.082223,10.082223,5.311934,5.974640666666667,6.26124,10.051287,,,6.803126,8.367291,8.637745,12.464088499999999,5.132586,9.0919125,10.397778,8.1971295,9.530105375,9.117902999999998
31,no,yes,3,-wh_gap,He recalled,that,the president said,the report confirmed,he believed,,,did assassinate,the politician,last night.,8.582732,10.301751,3.014941,3.014941,3.611141,5.857100666666667,4.462654,8.270042666666667,4.498833,5.0846385000000005,,,13.718608,16.4542945,2.992098,7.399454,10.881507,8.597165,10.816971166666667,8.298292764705883
31,no,no,3,-wh_no_gap,He recalled,that,the president said,the report confirmed,he believed,,the terrorist,did assassinate,the politician,last night.,8.582732,10.301751,3.014941,3.014941,3.611141,5.857100666666667,4.462654,8.270042666666667,4.498833,5.0846385000000005,2.049269,5.357058499999999,9.704895,12.4286375,2.967942,7.5917595,10.015794,8.3186365,8.424023,7.5558596842105255
31,yes,yes,3,+wh_gap,He recalled,who,the president said,the report confirmed,he believed,,,did assassinate,the politician,last night.,8.582732,10.301751,10.082223,10.082223,5.311934,5.974640666666667,6.26124,10.051287,5.670528,5.5143965,,,8.871845,12.5605015,3.705353,8.062216,10.66311,8.2965865,9.639768,8.68417111764706
31,yes,no,3,+wh_no_gap,He recalled,who,the president said,the report confirmed,he believed,,the terrorist,did assassinate,the politician,last night.,8.582732,10.301751,10.082223,10.082223,5.311934,5.974640666666667,6.26124,10.051287,5.670528,5.5143965,5.723841,7.2387615,8.769009,12.3695655,4.414301,8.754493499999999,10.339954,8.30375,9.166642625,8.58554957894737
31,no,yes,4,-wh_gap,He recalled,that,the president said,the report confirmed,he believed,he remembered,,did assassinate,the politician,last night.,8.582732,10.301751,3.014941,3.014941,3.611141,5.857100666666667,4.462654,8.270042666666667,4.498833,5.0846385000000005,,,13.718608,16.4542945,2.992098,7.399454,10.881507,8.597165,10.816971166666667,8.298292764705883
31,no,no,4,-wh_no_gap,He recalled,that,the president said,the report confirmed,he believed,he remembered,the terrorist,did assassinate,the politician,last night.,8.582732,10.301751,3.014941,3.014941,3.611141,5.857100666666667,4.462654,8.270042666666667,4.498833,5.0846385000000005,2.049269,5.357058499999999,9.704895,12.4286375,2.967942,7.5917595,10.015794,8.3186365,8.424023,7.5558596842105255
31,yes,yes,4,+wh_gap,He recalled,who,the president said,the report confirmed,he believed,he remembered,,did assassinate,the politician,last night.,8.582732,10.301751,10.082223,10.082223,5.311934,5.974640666666667,6.26124,10.051287,5.670528,5.5143965,,,8.871845,12.5605015,3.705353,8.062216,10.66311,8.2965865,9.639768,8.68417111764706
31,yes,no,4,+wh_no_gap,He recalled,who,the president said,the report confirmed,he believed,he remembered,the terrorist,did assassinate,the politician,last night.,8.582732,10.301751,10.082223,10.082223,5.311934,5.974640666666667,6.26124,10.051287,5.670528,5.5143965,5.723841,7.2387615,8.769009,12.3695655,4.414301,8.754493499999999,10.339954,8.30375,9.166642625,8.58554957894737
30,no,yes,0,-wh_gap,We recalled,that,,,,,,might frighten,the children,at the party.,7.155782,11.904410500000001,3.559485,3.559485,,,,,,,,,14.82115,10.172428333333334,3.419716,5.354017000000001,6.38113,4.963537333333334,7.014491375,7.58947609090909
30,no,no,0,-wh_no_gap,We recalled,that,,,,,the clown,might frighten,the children,at the party.,7.155761,11.904356,3.559446,3.559446,,,,,,,3.282933,9.7266555,10.356748,8.001777333333331,3.211603,3.9875315000000002,5.867523,4.403306333333333,6.4643625,7.07782946153846
30,yes,yes,0,+wh_gap,We recalled,who,,,,,,might frighten,the children,at the party.,7.155782,11.904410500000001,12.588437,12.588437,,,,,,,,,9.162708,8.795312666666666,4.226021,5.4987275,5.268902,4.629318666666666,6.408918625,7.969873363636364
30,yes,no,0,+wh_no_gap,We recalled,who,,,,,the clown,might frighten,the children,at the party.,7.155761,11.904356,12.588497,12.588497,,,,,,,5.097204,9.0221825,9.224117,8.865514666666666,5.263208,5.238336,5.195504,4.4934563333333335,6.859795,8.076550692307693
30,no,yes,1,-wh_gap,We recalled,that,the actor said,,,,,might frighten,the children,at the party.,7.155761,11.904361999999999,3.559449,3.559449,3.282928,7.396763,,,,,,,16.031692,10.976724666666668,3.392492,4.592832,6.096008,4.302901,6.878067625,7.470214499999999
30,no,no,1,-wh_no_gap,We recalled,that,the actor said,,,,the clown,might frighten,the children,at the party.,7.155761,11.904361999999999,3.559449,3.559449,3.282928,7.396763,,,,,4.650755,9.140019500000001,9.012291,7.043300666666667,3.346714,3.5055895,5.738638,4.071264333333333,5.863491300000001,6.7620859375
30,yes,yes,1,+wh_gap,We recalled,who,the actor said,,,,,might frighten,the children,at the party.,7.155761,11.904361999999999,12.58851,12.58851,5.097209,7.773985666666667,,,,,,,10.011499,9.138216666666667,4.05689,5.095626,5.396509,3.916641666666667,6.169478375000001,7.791072714285712
30,yes,no,1,+wh_no_gap,We recalled,who,the actor said,,,,the clown,might frighten,the children,at the party.,7.155761,11.904361999999999,12.58851,12.58851,5.097209,7.773985666666667,,,,,6.496846,8.992858,8.875637,8.306689333333333,4.934104,4.5400694999999995,5.550069,4.165883333333333,6.4483573000000005,7.76267275
30,no,yes,2,-wh_gap,We recalled,that,the actor said,the people knew,,,,might frighten,the children,at the party.,7.155761,11.904361999999999,3.559449,3.559449,3.282928,7.396763,4.650755,8.366095,,,,,16.090683,10.718639666666666,4.007899,4.732845,6.9316,4.389351666666667,6.848708,7.614494764705881
30,no,no,2,-wh_no_gap,We recalled,that,the actor said,the people knew,,,the clown,might frighten,the children,at the party.,7.155761,11.904361999999999,3.559449,3.559449,3.282928,7.396763,4.650755,8.366095,,,3.773863,7.8597815,9.705139,7.6540143333333335,4.342458,3.807334,6.267855,4.1534873333333335,5.875673600000001,7.0217622631578935
30,yes,yes,2,+wh_gap,We recalled,who,the actor said,the people knew,,,,might frighten,the children,at the party.,7.155761,11.904361999999999,12.58851,12.58851,5.097209,7.773985666666667,6.496846,8.171224,,,,,11.69478,9.621838333333333,4.494023,5.0861615,6.761553,4.256661666666666,6.475977875,8.002393294117647
30,yes,no,2,+wh_no_gap,We recalled,who,the actor said,the people knew,,,the clown,might frighten,the children,at the party.,7.155761,11.904361999999999,12.58851,12.58851,5.097209,7.773985666666667,6.496846,8.171224,,,5.658877,8.63621,9.0022,7.78831,5.486297,4.4890455000000005,6.082612,4.260070666666667,6.239565300000001,7.717290315789475
30,no,yes,3,-wh_gap,We recalled,that,the actor said,the people knew,he thought,,,might frighten,the children,at the party.,7.155761,11.904361999999999,3.559449,3.559449,3.282928,7.396763,4.650755,8.366095,3.325211,7.027233,,,10.479647,8.760553999999999,3.475881,4.132465,6.582573,4.267046666666666,5.9184665,7.160997105263157
30,no,no,3,-wh_no_gap,We recalled,that,the actor said,the people knew,he thought,,the clown,might frighten,the children,at the party.,7.155761,11.904361999999999,3.559449,3.559449,3.282928,7.396763,4.650755,8.366095,3.325211,7.027233,3.229573,6.9697555,7.312896,6.7803830000000005,3.762367,3.325521,6.361396,4.267939999999999,5.3735522,6.7831778571428565
30,yes,yes,3,+wh_gap,We recalled,who,the actor said,the people knew,he thought,,,might frighten,the children,at the party.,7.155761,11.904361999999999,12.58851,12.58851,5.097209,7.773985666666667,6.496846,8.171224,5.910528,8.710067500000001,,,7.436643,8.362103,3.946073,4.4433555,6.53787,4.298827999999999,5.858688,7.816973789473683
30,yes,no,3,+wh_no_gap,We recalled,who,the actor said,the people knew,he thought,,the clown,might frighten,the children,at the party.,7.155761,11.904361999999999,12.58851,12.58851,5.097209,7.773985666666667,6.496846,8.171224,5.910528,8.710067500000001,5.396923,7.750536,7.004982,7.148715,4.860642,3.9902555,6.217893,4.3809070000000006,5.8070449,7.60587842857143
30,no,yes,4,-wh_gap,We recalled,that,the actor said,the people knew,he thought,he noticed,,might frighten,the children,at the party.,7.155761,11.904361999999999,3.559449,3.559449,3.282928,7.396763,4.650755,8.366095,3.325211,7.027233,,,10.479647,8.760553999999999,3.475881,4.132465,6.582573,4.267046666666666,5.9184665,7.160997105263157
30,no,no,4,-wh_no_gap,We recalled,that,the actor said,the people knew,he thought,he noticed,the clown,might frighten,the children,at the party.,7.155761,11.904361999999999,3.559449,3.559449,3.282928,7.396763,4.650755,8.366095,3.325211,7.027233,3.229573,6.9697555,7.312896,6.7803830000000005,3.762367,3.325521,6.361396,4.267939999999999,5.3735522,6.7831778571428565
30,yes,yes,4,+wh_gap,We recalled,who,the actor said,the people knew,he thought,he noticed,,might frighten,the children,at the party.,7.155761,11.904361999999999,12.58851,12.58851,5.097209,7.773985666666667,6.496846,8.171224,5.910528,8.710067500000001,,,7.436643,8.362103,3.946073,4.4433555,6.53787,4.298827999999999,5.858688,7.816973789473683
30,yes,no,4,+wh_no_gap,We recalled,who,the actor said,the people knew,he thought,he noticed,the clown,might frighten,the children,at the party.,7.155761,11.904361999999999,12.58851,12.58851,5.097209,7.773985666666667,6.496846,8.171224,5.910528,8.710067500000001,5.396923,7.750536,7.004982,7.148715,4.860642,3.9902555,6.217893,4.3809070000000006,5.8070449,7.60587842857143
29,no,yes,0,-wh_gap,They recalled,that,,,,,,might have divorced,the count,last year.,9.39695,11.981951500000001,3.308536,3.308536,,,,,,,,,14.915799,12.022444666666667,3.411167,9.364233,10.85974,6.0080290000000005,9.544551142857143,9.408429700000001
29,no,no,0,-wh_no_gap,They recalled,that,,,,,the heiress,might have divorced,the count,last year.,9.396978,11.98203,3.308581,3.308581,,,,,,,3.38853,5.002522000000001,10.19091,8.286235,4.115317,8.913627,10.923224,5.881037,6.7689200909090905,7.266483
29,yes,yes,0,+wh_gap,They recalled,who,,,,,,might have divorced,the count,last year.,9.39695,11.981951500000001,9.746003,9.746003,,,,,,,,,8.530562,8.678306,3.807505,10.172816,10.310797,5.6831385,8.249546714285716,9.1456733
29,yes,no,0,+wh_no_gap,They recalled,who,,,,,the heiress,might have divorced,the count,last year.,9.396978,11.98203,9.746037,9.746037,,,,,,,4.823518,4.90990875,8.004395,8.857600333333334,6.19633,10.641914499999999,11.051715,6.078442,7.241195363636364,8.097374714285715
29,no,yes,1,-wh_gap,They recalled,that,the writer thought,,,,,might have divorced,the count,last year.,9.396972,11.982018,3.308589,3.308589,3.388525,8.771749333333334,,,,,,,13.412096,10.778739333333334,3.248868,9.156284,11.590392,6.3473245,9.049062142857142,8.994715999999999
29,no,no,1,-wh_no_gap,They recalled,that,the writer thought,,,,the heiress,might have divorced,the count,last year.,9.396978,11.98203,3.308581,3.308581,3.38853,8.771746666666667,,,,,3.223039,5.137220500000001,5.818648,7.067013,4.346206,8.975956,11.426525,6.141227,6.544026090909091,7.386598117647059
29,yes,yes,1,+wh_gap,They recalled,who,the writer thought,,,,,might have divorced,the count,last year.,9.396972,11.982018,9.746023,9.746023,4.82352,8.043628,,,,,,,6.483731,8.457618333333334,3.873878,9.971895,10.799164,5.9970905,8.187260857142856,8.857828384615384
29,yes,no,1,+wh_no_gap,They recalled,who,the writer thought,,,,the heiress,might have divorced,the count,last year.,9.396978,11.98203,9.746037,9.746037,4.823518,8.043610666666666,,,,,4.244259,4.870119249999999,4.655505,8.533370666666668,6.066537,10.225784,11.905187,6.479893,7.135631181818181,8.019580705882353
29,no,yes,2,-wh_gap,They recalled,that,the writer thought,the man said,,,,might have divorced,the count,last year.,9.396978,11.98203,3.308581,3.308581,3.38853,8.771746666666667,3.223039,6.439643666666666,,,,,11.181762,9.917245666666668,3.991827,10.0035525,11.334692,6.219613,8.885438285714287,8.444054999999999
29,no,no,2,-wh_no_gap,They recalled,that,the writer thought,the man said,,,the heiress,might have divorced,the count,last year.,9.396978,11.98203,3.308581,3.308581,3.38853,8.771746666666667,3.223039,6.439643666666666,,,3.577377,5.687941499999999,6.928788,7.3992873333333335,5.317345,9.8665955,11.633308,6.242642,7.01528209090909,7.50374575
29,yes,yes,2,+wh_gap,They recalled,who,the writer thought,the man said,,,,might have divorced,the count,last year.,9.396978,11.98203,9.746037,9.746037,4.823518,8.043610666666666,4.244259,6.745542666666666,,,,,9.064361,9.457480666666667,4.287976,10.4593795,11.366308,6.2788565,8.835559142857145,8.7454044375
29,yes,no,2,+wh_no_gap,They recalled,who,the writer thought,the man said,,,the heiress,might have divorced,the count,last year.,9.396978,11.98203,9.746037,9.746037,4.823518,8.043610666666666,4.244259,6.745542666666666,,,5.628472,5.360619499999999,6.474647,8.069509000000002,6.54793,10.5922285,11.994029,6.488599,7.255696363636363,7.8945108500000005
29,no,yes,3,-wh_gap,They recalled,that,the writer thought,the man said,his brother believed,,,might have divorced,the count,last year.,9.396978,11.98203,3.308581,3.308581,3.38853,8.771746666666667,3.223039,6.439643666666666,5.791094,8.238523,,,14.2507,10.693002,3.828998,10.1425225,11.568596,6.2736645,9.273054285714286,8.55440847368421
29,no,no,3,-wh_no_gap,They recalled,that,the writer thought,the man said,his brother believed,,the heiress,might have divorced,the count,last year.,9.396978,11.98203,3.308581,3.308581,3.38853,8.771746666666667,3.223039,6.439643666666666,5.791094,8.238523,2.968385,5.440309,7.476627,7.322772333333333,5.36211,10.157041,12.174243,6.4810805,7.000526909090909,7.592529434782607
29,yes,yes,3,+wh_gap,They recalled,who,the writer thought,the man said,his brother believed,,,might have divorced,the count,last year.,9.396978,11.98203,9.746037,9.746037,4.823518,8.043610666666666,4.244259,6.745542666666666,7.717888,8.636134333333333,,,8.652129,9.200780333333334,4.202571,10.6549625,11.299617,6.2004885,8.759034714285715,8.699958052631578
29,yes,no,3,+wh_no_gap,They recalled,who,the writer thought,the man said,his brother believed,,the heiress,might have divorced,the count,last year.,9.396978,11.98203,9.746037,9.746037,4.823518,8.043610666666666,4.244259,6.745542666666666,7.717888,8.636134333333333,5.551874,5.5326975,7.009302,7.315787666666666,5.955086,10.6195405,11.785086,6.3358229999999995,7.089898181818182,7.91194956521739
29,no,yes,4,-wh_gap,They recalled,that,the writer thought,the man said,his brother believed,he saw,,might have divorced,the count,last year.,9.396978,11.98203,3.308581,3.308581,3.38853,8.771746666666667,3.223039,6.439643666666666,5.791094,8.238523,,,14.2507,10.693002,3.828998,10.1425225,11.568596,6.2736645,9.273054285714286,8.55440847368421
29,no,no,4,-wh_no_gap,They recalled,that,the writer thought,the man said,his brother believed,he saw,the heiress,might have divorced,the count,last year.,9.396978,11.98203,3.308581,3.308581,3.38853,8.771746666666667,3.223039,6.439643666666666,5.791094,8.238523,2.968385,5.440309,7.476627,7.322772333333333,5.36211,10.157041,12.174243,6.4810805,7.000526909090909,7.592529434782607
29,yes,yes,4,+wh_gap,They recalled,who,the writer thought,the man said,his brother believed,he saw,,might have divorced,the count,last year.,9.396978,11.98203,9.746037,9.746037,4.823518,8.043610666666666,4.244259,6.745542666666666,7.717888,8.636134333333333,,,8.652129,9.200780333333334,4.202571,10.6549625,11.299617,6.2004885,8.759034714285715,8.699958052631578
29,yes,no,4,+wh_no_gap,They recalled,who,the writer thought,the man said,his brother believed,he saw,the heiress,might have divorced,the count,last year.,9.396978,11.98203,9.746037,9.746037,4.823518,8.043610666666666,4.244259,6.745542666666666,7.717888,8.636134333333333,5.551874,5.5326975,7.009302,7.315787666666666,5.955086,10.6195405,11.785086,6.3358229999999995,7.089898181818182,7.91194956521739
28,no,yes,0,-wh_gap,They reported,that,,,,,,did promote,the accountant,yesterday.,9.39695,10.176728,2.208508,2.208508,,,,,,,,,14.964531,14.956057999999999,2.928495,12.287434333333332,13.568681,13.568681,13.3548838,11.167047875
28,no,no,0,-wh_no_gap,They reported,that,,,,,the manager,did promote,the accountant,yesterday.,9.39695,10.176728,2.208508,2.208508,,,,,,,2.648978,7.3691315,6.859829,11.145143000000001,2.23725,10.637808999999999,12.480482,12.480482,9.848853714285713,9.150394
28,yes,yes,0,+wh_gap,They reported,who,,,,,,did promote,the accountant,yesterday.,9.39695,10.176728,12.973994,12.973994,,,,,,,,,6.739383,11.9629025,1.688441,11.389814666666666,11.638812,11.638812,11.6190498,11.427837375000001
28,yes,no,0,+wh_no_gap,They reported,who,,,,,the manager,did promote,the accountant,yesterday.,9.39695,10.176728,12.973994,12.973994,,,,,,,4.219928,8.0704825,10.181733,13.0392835,5.133639,11.521555999999999,11.859952,11.859952,10.969171428571428,11.011165
28,no,yes,1,-wh_gap,They reported,that,the executive said,,,,,did promote,the accountant,yesterday.,9.39695,10.176728,2.208508,2.208508,2.648978,8.078661666666667,,,,,,,14.489538,14.7039495,2.587782,12.101160333333333,14.458608,14.458608,13.142276,10.22812081818182
28,no,no,1,-wh_no_gap,They reported,that,the executive said,,,,the manager,did promote,the accountant,yesterday.,9.396972,10.176701,2.20852,2.20852,2.648967,8.078674666666666,,,,,3.053823,7.515096499999999,5.693845,10.902547,2.020896,10.493754000000001,13.375885,13.375885,9.759507,8.854961153846151
28,yes,yes,1,+wh_gap,They reported,who,the executive said,,,,,did promote,the accountant,yesterday.,9.39695,10.176728,12.973994,12.973994,4.219928,7.797175333333333,,,,,,,8.106563,11.7849185,2.043915,11.650583666666668,13.463865,13.463865,11.7043176,10.47641490909091
28,yes,no,1,+wh_no_gap,They reported,who,the executive said,,,,the manager,did promote,the accountant,yesterday.,9.396972,10.176701,12.973919,12.973919,4.219939,7.797163333333334,,,,,5.162002,7.783172,8.593767,12.3939815,4.866351,11.372408666666667,12.775131,12.775131,10.63879042857143,10.091564923076922
28,no,yes,2,-wh_gap,They reported,that,the executive said,a reporter believed,,,,did promote,the accountant,yesterday.,9.396978,10.176702,2.208518,2.208518,2.648968,8.078670666666667,6.85387,8.846092,,,,,16.284893,15.718914999999999,1.989267,11.756000666666667,14.410977,14.410977,13.3411664,10.003002999999998
28,no,no,2,-wh_no_gap,They reported,that,the executive said,a reporter believed,,,the manager,did promote,the accountant,yesterday.,9.396978,10.176702,2.208518,2.208518,2.648968,8.078670666666667,6.85387,8.846092,,,2.268378,6.791113,6.843742,11.366779,2.176573,10.888385,14.142036,14.142036,9.854419857142858,8.894821812500002
28,yes,yes,2,+wh_gap,They reported,who,the executive said,a reporter believed,,,,did promote,the accountant,yesterday.,9.396978,10.176702,12.973917,12.973917,4.219927,7.797156666666666,9.694404,8.491724,,,,,10.257623,12.554514000000001,2.035844,11.985079333333333,14.216777,14.216777,12.212853200000001,10.232730642857144
28,yes,no,2,+wh_no_gap,They reported,who,the executive said,a reporter believed,,,the manager,did promote,the accountant,yesterday.,9.396978,10.176702,12.973917,12.973917,4.219927,7.797156666666666,9.694404,8.491724,,,7.312851,9.1770075,8.480427,12.491302000000001,3.541805,11.327626,13.500536,13.500536,11.045642428571428,9.96959125
28,no,yes,3,-wh_gap,They reported,that,the executive said,a reporter believed,the client said,,,did promote,the accountant,yesterday.,9.396978,10.176702,2.208518,2.208518,2.648968,8.078670666666667,6.85387,8.846092,2.268378,7.553907333333334,,,14.375174,15.036688,2.630327,11.441949000000001,14.786678,14.786678,12.879844599999998,9.435126764705883
28,no,no,3,-wh_no_gap,They reported,that,the executive said,a reporter believed,the client said,,the manager,did promote,the accountant,yesterday.,9.396978,10.176702,2.208518,2.208518,2.648968,8.078670666666667,6.85387,8.846092,2.268378,7.553907333333334,2.660772,5.6976309999999994,5.951745,11.0182015,2.396079,10.528891999999999,14.811645,14.811645,9.288334428571428,8.474540684210526
28,yes,yes,3,+wh_gap,They reported,who,the executive said,a reporter believed,the client said,,,did promote,the accountant,yesterday.,9.396978,10.176702,12.973917,12.973917,4.219927,7.797156666666666,9.694404,8.491724,7.312851,8.842105333333333,,,8.684116,12.030808,2.666389,11.594055333333332,14.834051,14.834051,11.768756400000001,9.856709470588234
28,yes,no,3,+wh_no_gap,They reported,who,the executive said,a reporter believed,the client said,,the manager,did promote,the accountant,yesterday.,9.396978,10.176702,12.973917,12.973917,4.219927,7.797156666666666,9.694404,8.491724,7.312851,8.842105333333333,4.66243,6.6867085,6.736304,11.4805975,3.135403,10.787911,14.643023,14.643023,9.814049285714287,9.337822315789474
28,no,yes,4,-wh_gap,They reported,that,the executive said,a reporter believed,the client said,he saw,,did promote,the accountant,yesterday.,9.396978,10.176702,2.208518,2.208518,2.648968,8.078670666666667,6.85387,8.846092,2.268378,7.553907333333334,,,14.375174,15.036688,2.630327,11.441949000000001,14.786678,14.786678,12.879844599999998,9.435126764705883
28,no,no,4,-wh_no_gap,They reported,that,the executive said,a reporter believed,the client said,he saw,the manager,did promote,the accountant,yesterday.,9.396978,10.176702,2.208518,2.208518,2.648968,8.078670666666667,6.85387,8.846092,2.268378,7.553907333333334,2.660772,5.6976309999999994,5.951745,11.0182015,2.396079,10.528891999999999,14.811645,14.811645,9.288334428571428,8.474540684210526
28,yes,yes,4,+wh_gap,They reported,who,the executive said,a reporter believed,the client said,he saw,,did promote,the accountant,yesterday.,9.396978,10.176702,12.973917,12.973917,4.219927,7.797156666666666,9.694404,8.491724,7.312851,8.842105333333333,,,8.684116,12.030808,2.666389,11.594055333333332,14.834051,14.834051,11.768756400000001,9.856709470588234
28,yes,no,4,+wh_no_gap,They reported,who,the executive said,a reporter believed,the client said,he saw,the manager,did promote,the accountant,yesterday.,9.396978,10.176702,12.973917,12.973917,4.219927,7.797156666666666,9.694404,8.491724,7.312851,8.842105333333333,4.66243,6.6867085,6.736304,11.4805975,3.135403,10.787911,14.643023,14.643023,9.814049285714287,9.337822315789474
27,no,yes,0,-wh_gap,He reported,that,,,,,,will abandon,his partner,in the desert.,8.582737,10.45716,2.374091,2.374091,,,,,,,,,14.430696,14.143042999999999,3.112859,6.9030915,3.404795,5.918592333333333,8.549720857142857,8.313645699999999
27,no,no,0,-wh_no_gap,He reported,that,,,,,the cowboy,will abandon,his partner,in the desert.,8.582737,10.45716,2.374096,2.374096,,,,,,,2.664716,10.2789975,8.177006,10.9675455,1.206695,6.323172,3.395826,4.112651666666667,7.497487222222222,7.56381675
27,yes,yes,0,+wh_gap,He reported,who,,,,,,will abandon,his partner,in the desert.,8.582737,10.45716,12.870041,12.870041,,,,,,,,,8.088567,11.964877999999999,2.74506,6.3658235,3.441122,5.475750000000001,7.584093285714284,8.6873014
27,yes,no,0,+wh_no_gap,He reported,who,,,,,the cowboy,will abandon,his partner,in the desert.,8.582737,10.45716,12.870045,12.870045,,,,,,,4.073936,10.397332,9.438449,13.906960000000002,4.4017,7.822194,3.504808,3.617554333333333,8.345070555555557,9.074166666666665
27,no,yes,1,-wh_gap,He reported,that,the farmer said,,,,,will abandon,his partner,in the desert.,8.582738,10.457133,2.37405,2.37405,2.664666,7.139529666666667,,,,,,,15.520485,13.872960500000001,2.312458,7.89982,3.718508,5.229871333333333,8.462167857142859,7.995544615384617
27,no,no,1,-wh_no_gap,He reported,that,the farmer said,,,,the cowboy,will abandon,his partner,in the desert.,8.582732,10.45713,2.374054,2.374054,2.664676,7.139537666666667,,,,,3.473709,9.6007635,8.271985,10.388212500000002,1.224532,7.1006715,3.794115,4.1425279999999995,7.400764333333334,7.420920400000001
27,yes,yes,1,+wh_gap,He reported,who,the farmer said,,,,,will abandon,his partner,in the desert.,8.582738,10.457133,12.869989,12.869989,4.073953,7.959813333333333,,,,,,,9.455817,11.672982000000001,2.381389,7.8425095,3.317275,4.819118333333333,7.641191142857144,8.550156384615384
27,yes,no,1,+wh_no_gap,He reported,who,the farmer said,,,,the cowboy,will abandon,his partner,in the desert.,8.582732,10.45713,12.869993,12.869993,4.073953,7.959810333333333,,,,,5.792466,9.9267725,9.640837,12.8571305,5.207386,9.048957999999999,3.542175,3.7505089999999996,8.32413877777778,8.838728866666667
27,no,yes,2,-wh_gap,He reported,that,the farmer said,his friend reported,,,,will abandon,his partner,in the desert.,8.582732,10.45713,2.374054,2.374054,2.664676,7.139537666666667,4.802285,8.126956333333334,,,,,18.117682,15.272101,1.746199,6.825704,3.755289,5.0270893333333335,8.468125428571428,8.022792124999999
27,no,no,2,-wh_no_gap,He reported,that,the farmer said,his friend reported,,,the cowboy,will abandon,his partner,in the desert.,8.582732,10.45713,2.374054,2.374054,2.664676,7.139537666666667,4.802285,8.126956333333334,,,2.305999,9.544829,13.961931,13.0016385,1.145241,6.7989440000000005,3.803352,4.084443,7.882683555555555,7.779552666666667
27,yes,yes,2,+wh_gap,He reported,who,the farmer said,his friend reported,,,,will abandon,his partner,in the desert.,8.582732,10.45713,12.869993,12.869993,4.073953,7.959810333333333,7.442256,8.687792666666667,,,,,14.20726,14.230377,2.065075,6.9455100000000005,3.658081,4.854003,8.13054042857143,8.7900528125
27,yes,no,2,+wh_no_gap,He reported,who,the farmer said,his friend reported,,,the cowboy,will abandon,his partner,in the desert.,8.582732,10.45713,12.869993,12.869993,4.073953,7.959810333333333,7.442256,8.687792666666667,,,4.34403,10.370223,12.12495,12.659343,1.701988,7.1527965,3.796079,3.916101,8.012558666666667,8.657782777777777
27,no,yes,3,-wh_gap,He reported,that,the farmer said,his friend reported,he believed,,,will abandon,his partner,in the desert.,8.582732,10.45713,2.374054,2.374054,2.664676,7.139537666666667,4.802285,8.126956333333334,6.291769,8.08892,,,15.043738,13.838307499999999,1.643832,6.5141925,3.640479,4.827434333333334,7.883900428571429,7.802941055555556
27,no,no,3,-wh_no_gap,He reported,that,the farmer said,his friend reported,he believed,,the cowboy,will abandon,his partner,in the desert.,8.582732,10.45713,2.374054,2.374054,2.664676,7.139537666666667,4.802285,8.126956333333334,6.291769,8.08892,1.789076,8.063207,9.40811,10.406460500000001,1.158948,6.524500000000001,3.624538,3.8821983333333336,6.848325555555555,7.3450283
27,yes,yes,3,+wh_gap,He reported,who,the farmer said,his friend reported,he believed,,,will abandon,his partner,in the desert.,8.582732,10.45713,12.869993,12.869993,4.073953,7.959810333333333,7.442256,8.687792666666667,7.249122,8.205883,,,11.863487,12.77651,1.707848,6.6082005,3.512523,4.701021,7.553211999999999,8.500628444444445
27,yes,no,3,+wh_no_gap,He reported,who,the farmer said,his friend reported,he believed,,the cowboy,will abandon,his partner,in the desert.,8.582732,10.45713,12.869993,12.869993,4.073953,7.959810333333333,7.442256,8.687792666666667,7.249122,8.205883,3.90282,8.999241000000001,10.195553,11.223870999999999,1.547008,6.7692375,3.584053,3.7816073333333335,7.258835666666666,8.273417450000002
27,no,yes,4,-wh_gap,He reported,that,the farmer said,his friend reported,he believed,he noticed,,will abandon,his partner,in the desert.,8.582732,10.45713,2.374054,2.374054,2.664676,7.139537666666667,4.802285,8.126956333333334,6.291769,8.08892,,,15.043738,13.838307499999999,1.643832,6.5141925,3.640479,4.827434333333334,7.883900428571429,7.802941055555556
27,no,no,4,-wh_no_gap,He reported,that,the farmer said,his friend reported,he believed,he noticed,the cowboy,will abandon,his partner,in the desert.,8.582732,10.45713,2.374054,2.374054,2.664676,7.139537666666667,4.802285,8.126956333333334,6.291769,8.08892,1.789076,8.063207,9.40811,10.406460500000001,1.158948,6.524500000000001,3.624538,3.8821983333333336,6.848325555555555,7.3450283
27,yes,yes,4,+wh_gap,He reported,who,the farmer said,his friend reported,he believed,he noticed,,will abandon,his partner,in the desert.,8.582732,10.45713,12.869993,12.869993,4.073953,7.959810333333333,7.442256,8.687792666666667,7.249122,8.205883,,,11.863487,12.77651,1.707848,6.6082005,3.512523,4.701021,7.553211999999999,8.500628444444445
27,yes,no,4,+wh_no_gap,He reported,who,the farmer said,his friend reported,he believed,he noticed,the cowboy,will abandon,his partner,in the desert.,8.582732,10.45713,12.869993,12.869993,4.073953,7.959810333333333,7.442256,8.687792666666667,7.249122,8.205883,3.90282,8.999241000000001,10.195553,11.223870999999999,1.547008,6.7692375,3.584053,3.7816073333333335,7.258835666666666,8.273417450000002
26,no,yes,0,-wh_gap,They know,that,,,,,,should reassure,the old woman,at the hospital.,9.39695,8.646473,2.878176,2.878176,,,,,,,,,12.638353,14.116146,3.613241,7.034979333333333,6.568409,4.633969,7.904892125,7.582750818181819
26,no,no,0,-wh_no_gap,They know,that,,,,,the nurse,should reassure,the old woman,at the hospital.,9.396972,8.646479,2.878197,2.878197,,,,,,,3.62555,9.5276005,9.05945,11.215613000000001,2.548718,6.068867666666667,6.826616,3.652298333333333,7.064992500000001,6.986236923076924
26,yes,yes,0,+wh_gap,They know,who,,,,,,should reassure,the old woman,at the hospital.,9.39695,8.646473,5.464134,5.464134,,,,,,,,,9.316829,13.804792500000001,3.368,7.165909666666667,5.953257,4.502186333333333,7.826734125000001,7.760995727272728
26,yes,no,0,+wh_no_gap,They know,who,,,,,the nurse,should reassure,the old woman,at the hospital.,9.396972,8.646479,5.464167,5.464167,,,,,,,4.252055,9.636505,9.484272,12.5438415,4.351652,6.853719000000001,6.068229,3.432370333333333,7.521896099999999,7.5366219999999995
26,no,yes,1,-wh_gap,They know,that,the doctor believed,,,,,should reassure,the old woman,at the hospital.,9.396978,8.64648,2.878192,2.878192,3.625553,9.327167666666666,,,,,,,15.108969,15.29337,3.576315,6.423295666666667,7.324023,3.5306203333333337,7.556061000000001,7.7572245
26,no,no,1,-wh_no_gap,They know,that,the doctor believed,,,,the nurse,should reassure,the old woman,at the hospital.,9.396978,8.64648,2.878192,2.878192,3.625553,9.327167666666666,,,,,3.483282,6.529612,6.502866,11.561431,2.878548,6.463764,7.149418,3.2531996666666667,6.5332977,7.092852000000001
26,yes,yes,1,+wh_gap,They know,who,the doctor believed,,,,,should reassure,the old woman,at the hospital.,9.396978,8.64648,5.464162,5.464162,4.252062,8.930328333333334,,,,,,,10.192817,14.9207565,4.126688,6.8974313333333335,6.598932,3.331595,7.566074,7.862621357142858
26,yes,no,1,+wh_no_gap,They know,who,the doctor believed,,,,the nurse,should reassure,the old woman,at the hospital.,9.396978,8.64648,5.464162,5.464162,4.252062,8.930328333333334,,,,,7.303398,7.239399,8.017868,12.7935025,4.515399,6.962154333333333,6.498059,3.0998223333333335,7.025173300000001,7.487489999999999
26,no,yes,2,-wh_gap,They know,that,the doctor believed,the man said,,,,should reassure,the old woman,at the hospital.,9.396978,8.64648,2.878192,2.878192,3.625553,9.327167666666666,3.483282,6.183792999999999,,,,,12.585426,16.5849815,3.229298,6.452279,7.42572,3.496824,7.877159,7.63066505882353
26,no,no,2,-wh_no_gap,They know,that,the doctor believed,the man said,,,the nurse,should reassure,the old woman,at the hospital.,9.396978,8.64648,2.878192,2.878192,3.625553,9.327167666666666,3.483282,6.183792999999999,,,3.183594,6.382969,5.434272,11.515565,3.66575,6.853789666666667,7.137153,3.155454666666666,6.582480100000001,6.975201842105262
26,yes,yes,2,+wh_gap,They know,who,the doctor believed,the man said,,,,should reassure,the old woman,at the hospital.,9.396978,8.64648,5.464162,5.464162,4.252062,8.930328333333334,7.303398,7.055769333333333,,,,,10.935717,16.2249635,3.922225,7.016755,6.824588,3.3495966666666668,7.943622749999999,7.897905705882355
26,yes,no,2,+wh_no_gap,They know,who,the doctor believed,the man said,,,the nurse,should reassure,the old woman,at the hospital.,9.396978,8.64648,5.464162,5.464162,4.252062,8.930328333333334,7.303398,7.055769333333333,,,6.252935,7.1678465,6.835137,12.4328775,4.793767,7.200852666666666,6.853718,3.069953333333333,7.001386599999999,7.406804263157896
26,no,yes,3,-wh_gap,They know,that,the doctor believed,the man said,he thought,,,should reassure,the old woman,at the hospital.,9.396978,8.64648,2.878192,2.878192,3.625553,9.327167666666666,3.483282,6.183792999999999,1.742011,5.1114855,,,9.831338,15.364422000000001,2.895309,6.273495333333334,6.765301,3.3239533333333333,7.4401487500000005,7.181483947368421
26,no,no,3,-wh_no_gap,They know,that,the doctor believed,the man said,he thought,,the nurse,should reassure,the old woman,at the hospital.,9.396978,8.64648,2.878192,2.878192,3.625553,9.327167666666666,3.483282,6.183792999999999,1.742011,5.1114855,3.26422,6.497836,5.572701,11.6796455,3.759559,6.773727999999999,6.96575,3.101065,6.5979342,6.805064142857145
26,yes,yes,3,+wh_gap,They know,who,the doctor believed,the man said,he thought,,,should reassure,the old woman,at the hospital.,9.396978,8.64648,5.464162,5.464162,4.252062,8.930328333333334,7.303398,7.055769333333333,0.922309,5.9396125,,,7.958978,14.7414615,3.487758,6.761876333333333,6.191132,3.2527543333333333,7.440851875,7.480076578947369
26,yes,no,3,+wh_no_gap,They know,who,the doctor believed,the man said,he thought,,the nurse,should reassure,the old woman,at the hospital.,9.396978,8.64648,5.464162,5.464162,4.252062,8.930328333333334,7.303398,7.055769333333333,0.922309,5.9396125,6.682707,7.589733000000001,6.148786,12.377450000000001,4.953221,7.167144999999999,6.540463,3.0023966666666664,7.044299100000001,7.287506238095238
26,no,yes,4,-wh_gap,They know,that,the doctor believed,the man said,he thought,he noticed,,should reassure,the old woman,at the hospital.,9.396978,8.64648,2.878192,2.878192,3.625553,9.327167666666666,3.483282,6.183792999999999,1.742011,5.1114855,,,9.831338,15.364422000000001,2.895309,6.273495333333334,6.765301,3.3239533333333333,7.4401487500000005,7.181483947368421
26,no,no,4,-wh_no_gap,They know,that,the doctor believed,the man said,he thought,he noticed,the nurse,should reassure,the old woman,at the hospital.,9.396978,8.64648,2.878192,2.878192,3.625553,9.327167666666666,3.483282,6.183792999999999,1.742011,5.1114855,3.26422,6.497836,5.572701,11.6796455,3.759559,6.773727999999999,6.96575,3.101065,6.5979342,6.805064142857145
26,yes,yes,4,+wh_gap,They know,who,the doctor believed,the man said,he thought,he noticed,,should reassure,the old woman,at the hospital.,9.396978,8.64648,5.464162,5.464162,4.252062,8.930328333333334,7.303398,7.055769333333333,0.922309,5.9396125,,,7.958978,14.7414615,3.487758,6.761876333333333,6.191132,3.2527543333333333,7.440851875,7.480076578947369
26,yes,no,4,+wh_no_gap,They know,who,the doctor believed,the man said,he thought,he noticed,the nurse,should reassure,the old woman,at the hospital.,9.396978,8.64648,5.464162,5.464162,4.252062,8.930328333333334,7.303398,7.055769333333333,0.922309,5.9396125,6.682707,7.589733000000001,6.148786,12.377450000000001,4.953221,7.167144999999999,6.540463,3.0023966666666664,7.044299100000001,7.287506238095238
25,no,yes,0,-wh_gap,She knows,that,,,,,,did thank,the waitress,after the meal.,9.588393,9.067896000000001,3.373155,3.373155,,,,,,,,,13.532609,15.591959000000001,4.274633,8.490708,7.913183,4.985895333333333,9.017574285714286,8.463196700000001
25,no,no,0,-wh_no_gap,She knows,that,,,,,the woman,did thank,the waitress,after the meal.,9.588393,9.067896000000001,3.373149,3.373149,,,,,,,4.09474,6.450373,9.680964,12.5240705,3.948868,7.7736795,7.103822,4.279455333333334,7.370512444444445,7.320296083333333
25,yes,yes,0,+wh_gap,She knows,who,,,,,,did thank,the waitress,after the meal.,9.588393,9.067896000000001,6.179725,6.179725,,,,,,,,,8.354107,12.8550495,4.380539,8.231410499999999,7.367902,4.862726333333334,8.108728428571428,8.107661599999998
25,yes,no,0,+wh_no_gap,She knows,who,,,,,the woman,did thank,the waitress,after the meal.,9.588393,9.067896000000001,6.179697,6.179697,,,,,,,4.654339,5.580941,12.892772,14.093325,5.358626,8.5381125,7.559879,4.721454333333333,7.843235555555556,7.908717416666668
25,no,yes,1,-wh_gap,She knows,that,the waiter said,,,,,did thank,the waitress,after the meal.,9.588382,9.067893,3.373128,3.373128,4.094763,8.989646,,,,,,,13.75438,15.0306465,5.366934,4.999415,7.419406,4.199779333333334,7.522780142857142,7.779793307692307
25,no,no,1,-wh_no_gap,She knows,that,the waiter said,,,,the woman,did thank,the waitress,after the meal.,9.588377,9.0678855,3.373129,3.373129,4.094771,8.989646333333335,,,,,4.412481,5.663696,5.859946,11.093195,4.433067,4.299502,6.823555,3.8807946666666666,5.9727966666666665,6.815533933333332
25,yes,yes,1,+wh_gap,She knows,who,the waiter said,,,,,did thank,the waitress,after the meal.,9.588382,9.067893,6.179819,6.179819,4.654308,9.616473999999998,,,,,,,11.564617,13.922515,5.377635,4.714162,7.756559,4.359831000000001,7.193263857142858,7.962913384615384
25,yes,no,1,+wh_no_gap,She knows,who,the waiter said,,,,the woman,did thank,the waitress,after the meal.,9.588377,9.0678855,6.17982,6.17982,4.654325,9.616477666666666,,,,,7.193745,6.3169935,10.945821,12.473491,6.400967,5.151637,7.553045,4.312583,6.75799911111111,7.599134399999998
25,no,yes,2,-wh_gap,She knows,that,the waiter said,the woman believed,,,,did thank,the waitress,after the meal.,9.588377,9.0678855,3.373129,3.373129,4.094771,8.989646333333335,4.412481,7.460331333333333,,,,,14.889321,16.451117,3.977754,4.285246,7.112608,4.387317666666666,7.8049541428571425,7.843344500000001
25,no,no,2,-wh_no_gap,She knows,that,the waiter said,the woman believed,,,the woman,did thank,the waitress,after the meal.,9.588377,9.0678855,3.373129,3.373129,4.094771,8.989646333333335,4.412481,7.460331333333333,,,2.700413,2.7240105000000003,6.400312,12.2237715,4.063604,4.2299865,6.686172,4.047754333333334,5.610977777777778,6.742090722222223
25,yes,yes,2,+wh_gap,She knows,who,the waiter said,the woman believed,,,,did thank,the waitress,after the meal.,9.588377,9.0678855,6.17982,6.17982,4.654325,9.616477666666666,7.193745,7.987902333333333,,,,,10.819074,14.0550815,4.512819,4.258927,7.580631,4.675129666666667,7.236200857142857,7.9863835625
25,yes,no,2,+wh_no_gap,She knows,who,the waiter said,the woman believed,,,the woman,did thank,the waitress,after the meal.,9.588377,9.0678855,6.17982,6.17982,4.654325,9.616477666666666,7.193745,7.987902333333333,,,7.419981,5.134562,8.398416,12.298941499999998,4.844479,4.380547,6.959202,4.3104450000000005,6.284381777777778,7.42712038888889
25,no,yes,3,-wh_gap,She knows,that,the waiter said,the woman believed,she remembered,,,did thank,the waitress,after the meal.,9.588377,9.0678855,3.373129,3.373129,4.094771,8.989646333333335,4.412481,7.460331333333333,2.49094,8.236599,,,15.829335,16.247686,3.565119,3.8432625000000002,6.745974,4.0820126666666665,7.489705000000002,7.764442555555557
25,no,no,3,-wh_no_gap,She knows,that,the waiter said,the woman believed,she remembered,,the woman,did thank,the waitress,after the meal.,9.588377,9.0678855,3.373129,3.373129,4.094771,8.989646333333335,4.412481,7.460331333333333,2.49094,8.236599,2.441083,3.2415575,12.113515,13.947032,4.040151,4.1690375,6.745894,3.947297333333333,6.061905111111112,7.094458849999998
25,yes,yes,3,+wh_gap,She knows,who,the waiter said,the woman believed,she remembered,,,did thank,the waitress,after the meal.,9.588377,9.0678855,6.17982,6.17982,4.654325,9.616477666666666,7.193745,7.987902333333333,4.644297,8.8511965,,,14.564695,14.9612985,4.144687,3.928985,7.16386,4.429614,7.295629857142857,8.105585166666666
25,yes,no,3,+wh_no_gap,She knows,who,the waiter said,the woman believed,she remembered,,the woman,did thank,the waitress,after the meal.,9.588377,9.0678855,6.17982,6.17982,4.654325,9.616477666666666,7.193745,7.987902333333333,4.644297,8.8511965,5.739833,4.829795,9.288398,12.046249,4.686498,4.2678785,7.104875,4.251489333333333,6.115812555555555,7.49367185
25,no,yes,4,-wh_gap,She knows,that,the waiter said,the woman believed,she remembered,she knew,,did thank,the waitress,after the meal.,9.588377,9.0678855,3.373129,3.373129,4.094771,8.989646333333335,4.412481,7.460331333333333,2.49094,8.236599,,,15.829335,16.247686,3.565119,3.8432625000000002,6.745974,4.0820126666666665,7.489705000000002,7.764442555555557
25,no,no,4,-wh_no_gap,She knows,that,the waiter said,the woman believed,she remembered,she knew,the woman,did thank,the waitress,after the meal.,9.588377,9.0678855,3.373129,3.373129,4.094771,8.989646333333335,4.412481,7.460331333333333,2.49094,8.236599,2.441083,3.2415575,12.113515,13.947032,4.040151,4.1690375,6.745894,3.947297333333333,6.061905111111112,7.094458849999998
25,yes,yes,4,+wh_gap,She knows,who,the waiter said,the woman believed,she remembered,she knew,,did thank,the waitress,after the meal.,9.588377,9.0678855,6.17982,6.17982,4.654325,9.616477666666666,7.193745,7.987902333333333,4.644297,8.8511965,,,14.564695,14.9612985,4.144687,3.928985,7.16386,4.429614,7.295629857142857,8.105585166666666
25,yes,no,4,+wh_no_gap,She knows,who,the waiter said,the woman believed,she remembered,she knew,the woman,did thank,the waitress,after the meal.,9.588377,9.0678855,6.17982,6.17982,4.654325,9.616477666666666,7.193745,7.987902333333333,4.644297,8.8511965,5.739833,4.829795,9.288398,12.046249,4.686498,4.2678785,7.104875,4.251489333333333,6.115812555555555,7.49367185
24,no,yes,0,-wh_gap,He knows,that,,,,,,might interrogate,the spy,in the prison.,8.582737,8.6585565,2.922574,2.922574,,,,,,,,,11.787209,11.467243666666668,4.683798,7.882595500000001,5.981325,5.772815666666666,8.435671125,7.975005090909092
24,no,no,0,-wh_no_gap,He knows,that,,,,,the police,might interrogate,the spy,in the prison.,8.582738,8.6585355,2.922582,2.922582,,,,,,,3.684004,6.1993605,7.183436,6.561971333333333,5.070469,9.243538000000001,5.500657,5.773596333333334,6.78925,6.779396384615385
24,yes,yes,0,+wh_gap,He knows,who,,,,,,might interrogate,the spy,in the prison.,8.582737,8.6585565,6.314424,6.314424,,,,,,,,,9.827519,8.777313333333334,5.804369,7.9273065,5.690359,5.531231666666667,7.347531,7.491980454545455
24,yes,no,0,+wh_no_gap,He knows,who,,,,,the police,might interrogate,the spy,in the prison.,8.582738,8.6585355,6.31441,6.31441,,,,,,,4.333641,7.1407795,8.67143,6.785882000000001,7.531088,10.1525055,5.983041,6.238658,7.366019,7.483974692307692
24,no,yes,1,-wh_gap,He knows,that,the inspector said,,,,,might interrogate,the spy,in the prison.,8.582732,8.658538,2.922593,2.922593,3.684015,9.430241,,,,,,,14.879478,11.668154333333334,4.379862,8.10503,6.071625,5.800600333333333,8.5770405,8.367622571428571
24,no,no,1,-wh_no_gap,He knows,that,the inspector said,,,,the police,might interrogate,the spy,in the prison.,8.582732,8.658538,2.922593,2.922593,3.684015,9.430241,,,,,3.503065,5.454764,8.207633,7.371177666666667,3.812919,8.934894,5.69281,5.926824666666666,6.867332299999999,7.3252321875
24,yes,yes,1,+wh_gap,He knows,who,the inspector said,,,,,might interrogate,the spy,in the prison.,8.582732,8.658538,6.31441,6.31441,4.333633,8.437363666666668,,,,,,,8.782294,7.940503666666667,5.47409,8.338284,6.402239,6.036794333333333,7.32605775,7.682288499999999
24,yes,no,1,+wh_no_gap,He knows,who,the inspector said,,,,the police,might interrogate,the spy,in the prison.,8.582732,8.658538,6.31441,6.31441,4.333633,8.437363666666668,,,,,6.270973,6.543053499999999,8.733825,6.775873,6.85502,9.871172999999999,6.143507,6.243786666666666,7.188743199999999,7.5519380625
24,no,yes,2,-wh_gap,He knows,that,the inspector said,the man reported,,,,might interrogate,the spy,in the prison.,8.582732,8.658538,2.922593,2.922593,3.684015,9.430241,3.503065,7.191140666666667,,,,,15.838573,12.084811,3.546259,7.422454500000001,5.592862,5.624497000000001,8.496604125,8.122155705882353
24,no,no,2,-wh_no_gap,He knows,that,the inspector said,the man reported,,,the police,might interrogate,the spy,in the prison.,8.582732,8.658538,2.922593,2.922593,3.684015,9.430241,3.503065,7.191140666666667,,,1.761763,5.34036,10.174128,8.141377,4.330264,9.149624,5.391443,5.773620333333334,7.072495999999999,7.412040736842106
24,yes,yes,2,+wh_gap,He knows,who,the inspector said,the man reported,,,,might interrogate,the spy,in the prison.,8.582732,8.658538,6.31441,6.31441,4.333633,8.437363666666668,6.270973,7.920894999999999,,,,,13.067068,10.578230666666666,4.495221,7.851967,5.900001,5.8561966666666665,8.125902,8.10079282352941
24,yes,no,2,+wh_no_gap,He knows,who,the inspector said,the man reported,,,the police,might interrogate,the spy,in the prison.,8.582732,8.658538,6.31441,6.31441,4.333633,8.437363666666668,6.270973,7.920894999999999,,,3.872496,6.299995,10.051633,8.220726,5.846548,9.646497,5.71737,6.018014333333333,7.4609205,7.753445631578945
24,no,yes,3,-wh_gap,He knows,that,the inspector said,the man reported,he thought,,,might interrogate,the spy,in the prison.,8.582732,8.658538,2.922593,2.922593,3.684015,9.430241,3.503065,7.191140666666667,6.985798,7.9075325,,,9.302626,9.615997333333333,3.157062,7.1574025,5.91904,5.662320666666666,7.518719875,7.687823052631579
24,no,no,3,-wh_no_gap,He knows,that,the inspector said,the man reported,he thought,,the police,might interrogate,the spy,in the prison.,8.582732,8.658538,2.922593,2.922593,3.684015,9.430241,3.503065,7.191140666666667,6.985798,7.9075325,2.627113,4.5241975,6.455549,6.587859666666667,4.578204,9.444608,5.810871,5.844741666666667,6.5235415,7.197823523809523
24,yes,yes,3,+wh_gap,He knows,who,the inspector said,the man reported,he thought,,,might interrogate,the spy,in the prison.,8.582732,8.658538,6.31441,6.31441,4.333633,8.437363666666668,6.270973,7.920894999999999,9.238113,9.513130499999999,,,6.644144,8.507431333333335,4.355605,7.7930905,6.131233,5.832794,7.325857125,7.912598947368421
24,yes,no,3,+wh_no_gap,He knows,who,the inspector said,the man reported,he thought,,the police,might interrogate,the spy,in the prison.,8.582732,8.658538,6.31441,6.31441,4.333633,8.437363666666668,6.270973,7.920894999999999,9.238113,9.513130499999999,6.537883,6.370518499999999,7.066289,6.774257333333334,6.372325,10.167636,6.021249,6.042519666666667,7.152664,7.774245857142857
24,no,yes,4,-wh_gap,He knows,that,the inspector said,the man reported,he thought,he noticed,,might interrogate,the spy,in the prison.,8.582732,8.658538,2.922593,2.922593,3.684015,9.430241,3.503065,7.191140666666667,6.985798,7.9075325,,,9.302626,9.615997333333333,3.157062,7.1574025,5.91904,5.662320666666666,7.518719875,7.687823052631579
24,no,no,4,-wh_no_gap,He knows,that,the inspector said,the man reported,he thought,he noticed,the police,might interrogate,the spy,in the prison.,8.582732,8.658538,2.922593,2.922593,3.684015,9.430241,3.503065,7.191140666666667,6.985798,7.9075325,2.627113,4.5241975,6.455549,6.587859666666667,4.578204,9.444608,5.810871,5.844741666666667,6.5235415,7.197823523809523
24,yes,yes,4,+wh_gap,He knows,who,the inspector said,the man reported,he thought,he noticed,,might interrogate,the spy,in the prison.,8.582732,8.658538,6.31441,6.31441,4.333633,8.437363666666668,6.270973,7.920894999999999,9.238113,9.513130499999999,,,6.644144,8.507431333333335,4.355605,7.7930905,6.131233,5.832794,7.325857125,7.912598947368421
24,yes,no,4,+wh_no_gap,He knows,who,the inspector said,the man reported,he thought,he noticed,the police,might interrogate,the spy,in the prison.,8.582732,8.658538,6.31441,6.31441,4.333633,8.437363666666668,6.270973,7.920894999999999,9.238113,9.513130499999999,6.537883,6.370518499999999,7.066289,6.774257333333334,6.372325,10.167636,6.021249,6.042519666666667,7.152664,7.774245857142857
23,no,yes,0,-wh_gap,You know,that,,,,,,will introduce,her friend,to her mother.,7.682203,6.103493500000001,3.787021,3.787021,,,,,,,,,15.017533,13.903526,8.413319,9.060821,2.267546,4.329120666666667,8.416579428571428,7.491006399999999
23,no,no,0,-wh_no_gap,You know,that,,,,,the young woman,will introduce,her friend,to her mother.,7.682215,6.103498,3.786978,3.786978,,,,,,,7.611987,7.960102,9.29176,10.6484755,3.214536,4.5467045,0.973393,3.3672033333333338,6.4372276,6.18201923076923
23,yes,yes,0,+wh_gap,You know,who,,,,,,will introduce,her friend,to her mother.,7.682203,6.103493500000001,5.05256,5.05256,,,,,,,,,7.433257,9.9061815,7.940298,8.8781075,1.926046,4.126449999999999,7.1354182857142865,6.7207475
23,yes,no,0,+wh_no_gap,You know,who,,,,,the young woman,will introduce,her friend,to her mother.,7.682215,6.103498,5.052583,5.052583,,,,,,,6.4642,7.3762946666666664,9.429644,10.938061000000001,5.590609,6.4854389999999995,1.049642,4.522493333333333,7.0543363999999995,6.754072538461538
23,no,yes,1,-wh_gap,You know,that,we all believe,,,,,will introduce,her friend,to her mother.,7.682215,6.103498,3.786978,3.786978,9.920285,7.334599333333333,,,,,,,14.755964,14.5256675,10.224689,11.16609,2.413656,4.65402,9.335082142857143,7.949488230769232
23,no,no,1,-wh_no_gap,You know,that,we all believe,,,,the young woman,will introduce,her friend,to her mother.,7.68222,6.1034955,3.786982,3.786982,9.920313,7.334599999999999,,,,,4.937407,7.629223,5.967838,10.018369,2.850868,6.0233615,0.910567,3.456459,6.5340507,6.4586425
23,yes,yes,1,+wh_gap,You know,who,we all believe,,,,,will introduce,her friend,to her mother.,7.682215,6.103498,5.052583,5.052583,5.397941,6.679602,,,,,,,6.233494,9.952047499999999,8.721594,10.6430025,1.918287,4.481606666666667,7.804988571428572,7.071792692307692
23,yes,no,1,+wh_no_gap,You know,who,we all believe,,,,the young woman,will introduce,her friend,to her mother.,7.68222,6.1034955,5.052576,5.052576,5.397924,6.679600000000001,,,,,8.533459,8.909760666666667,6.130677,9.638010000000001,5.46603,7.1758595,0.924635,4.036240333333334,7.2465742,6.860256812499999
23,no,yes,2,-wh_gap,You know,that,we all believe,she thought,,,,will introduce,her friend,to her mother.,7.68222,6.1034955,3.786982,3.786982,9.920313,7.334599999999999,11.425187,11.457635,,,,,14.583404,14.143989,3.29747,6.0659625,1.929058,4.226070333333333,7.585444857142856,7.6007438
23,no,no,2,-wh_no_gap,You know,that,we all believe,she thought,,,the young woman,will introduce,her friend,to her mother.,7.68222,6.1034955,3.786982,3.786982,9.920313,7.334599999999999,11.425187,11.457635,,,4.262672,5.85734,9.779029,11.618479,2.409683,5.549123499999999,0.995767,3.551736333333333,6.2562434,6.859748722222222
23,yes,yes,2,+wh_gap,You know,who,we all believe,she thought,,,,will introduce,her friend,to her mother.,7.68222,6.1034955,5.052576,5.052576,5.397924,6.679600000000001,12.698234,12.3239485,,,,,9.88102,11.786342,2.678242,5.8071365,1.537786,4.095052666666667,6.781730714285715,7.294558599999999
23,yes,no,2,+wh_no_gap,You know,who,we all believe,she thought,,,the young woman,will introduce,her friend,to her mother.,7.68222,6.1034955,5.052576,5.052576,5.397924,6.679600000000001,12.698234,12.3239485,,,5.744873,6.445867,9.678249,11.4126875,2.475591,5.5363105,1.062575,3.651721333333333,6.419076100000001,7.0076125
23,no,yes,3,-wh_gap,You know,that,we all believe,she thought,he said,,,will introduce,her friend,to her mother.,7.68222,6.1034955,3.786982,3.786982,9.920313,7.334599999999999,11.425187,11.457635,5.224828,7.508343,,,13.810717,12.9900405,2.66032,6.546062,2.0058,4.078247666666667,7.3295639999999995,7.484510411764706
23,no,no,3,-wh_no_gap,You know,that,we all believe,she thought,he said,,the young woman,will introduce,her friend,to her mother.,7.68222,6.1034955,3.786982,3.786982,9.920313,7.334599999999999,11.425187,11.457635,5.224828,7.508343,3.848337,6.57185,8.725126,11.314337,2.55792,5.9117584999999995,1.051417,3.479889333333334,6.460740899999999,7.0268568999999985
23,yes,yes,3,+wh_gap,You know,who,we all believe,she thought,he said,,,will introduce,her friend,to her mother.,7.68222,6.1034955,5.052576,5.052576,5.397924,6.679600000000001,12.698234,12.3239485,5.439223,8.148680500000001,,,11.216949,12.074580000000001,2.164682,6.299892,1.739308,4.004176666666667,6.965924857142857,7.470888176470588
23,yes,no,3,+wh_no_gap,You know,who,we all believe,she thought,he said,,the young woman,will introduce,her friend,to her mother.,7.68222,6.1034955,5.052576,5.052576,5.397924,6.679600000000001,12.698234,12.3239485,5.439223,8.148680500000001,5.713526,6.893667000000001,8.852089,11.212413999999999,2.51848,5.904414,1.131537,3.5576396666666668,6.5587576,7.19156005
23,no,yes,4,-wh_gap,You know,that,we all believe,she thought,he said,he noticed,,will introduce,her friend,to her mother.,7.68222,6.1034955,3.786982,3.786982,9.920313,7.334599999999999,11.425187,11.457635,5.224828,7.508343,,,13.810717,12.9900405,2.66032,6.546062,2.0058,4.078247666666667,7.3295639999999995,7.484510411764706
23,no,no,4,-wh_no_gap,You know,that,we all believe,she thought,he said,he noticed,the young woman,will introduce,her friend,to her mother.,7.68222,6.1034955,3.786982,3.786982,9.920313,7.334599999999999,11.425187,11.457635,5.224828,7.508343,3.848337,6.57185,8.725126,11.314337,2.55792,5.9117584999999995,1.051417,3.479889333333334,6.460740899999999,7.0268568999999985
23,yes,yes,4,+wh_gap,You know,who,we all believe,she thought,he said,he noticed,,will introduce,her friend,to her mother.,7.68222,6.1034955,5.052576,5.052576,5.397924,6.679600000000001,12.698234,12.3239485,5.439223,8.148680500000001,,,11.216949,12.074580000000001,2.164682,6.299892,1.739308,4.004176666666667,6.965924857142857,7.470888176470588
23,yes,no,4,+wh_no_gap,You know,who,we all believe,she thought,he said,he noticed,the young woman,will introduce,her friend,to her mother.,7.68222,6.1034955,5.052576,5.052576,5.397924,6.679600000000001,12.698234,12.3239485,5.439223,8.148680500000001,5.713526,6.893667000000001,8.852089,11.212413999999999,2.51848,5.904414,1.131537,3.5576396666666668,6.5587576,7.19156005
22,no,yes,0,-wh_gap,I know,that,,,,,,should congratulate,the couple,after the service.,5.770367,5.65805,2.74974,2.74974,,,,,,,,,12.294222,14.603845499999998,4.966627,7.466474999999999,8.528755,7.981215333333334,9.726326714285715,8.215012699999999
22,no,no,0,-wh_no_gap,I know,that,,,,,the priest,should congratulate,the couple,after the service.,5.770367,5.65805,2.749727,2.749727,,,,,,,4.424285,9.877771000000001,8.193461,11.461652999999998,2.690097,5.7639695,6.349136,5.6001389999999995,7.889689333333333,7.08941925
22,yes,yes,0,+wh_gap,I know,who,,,,,,should congratulate,the couple,after the service.,5.770367,5.65805,8.366545,8.366545,,,,,,,,,9.663389,12.340324500000001,4.031569,7.504734000000001,7.046223,7.334421333333334,8.813340142857143,8.137602600000001
22,yes,no,0,+wh_no_gap,I know,who,,,,,the priest,should congratulate,the couple,after the service.,5.770367,5.65805,8.366532,8.366532,,,,,,,5.844098,10.208801,9.170123,11.962239499999999,5.154654,7.267749500000001,7.13604,6.224734333333333,8.616864777777778,8.102867916666666
22,no,yes,1,-wh_gap,I know,that,the man thinks,,,,,should congratulate,the couple,after the service.,5.770362,5.658030500000001,2.74972,2.74972,4.424218,8.436323666666667,,,,,,,16.079331,16.0992115,3.759442,7.0280135,6.249906,6.611800666666667,9.441407428571427,8.112661846153845
22,no,no,1,-wh_no_gap,I know,that,the man thinks,,,,the priest,should congratulate,the couple,after the service.,5.770357,5.658020499999999,2.749692,2.749692,4.424222,8.436324666666666,,,,,4.863968,9.1175635,4.507829,9.9405895,3.17225,6.0801195,6.034266,5.342515666666666,7.367121333333333,7.045253266666667
22,yes,yes,1,+wh_gap,I know,who,the man thinks,,,,,should congratulate,the couple,after the service.,5.770362,5.658030500000001,8.36647,8.36647,5.844158,7.020970666666667,,,,,,,8.229764,12.978625,3.911191,7.427879,6.062313,6.7892909999999995,8.740125857142857,7.840486461538461
22,yes,no,1,+wh_no_gap,I know,who,the man thinks,,,,the priest,should congratulate,the couple,after the service.,5.770357,5.658020499999999,8.366485,8.366485,5.844156,7.020979333333334,,,,,6.49879,9.9498605,4.322268,10.7190545,4.71576,6.907686,6.848231,5.934294,8.106231555555555,7.580103200000001
22,no,yes,2,-wh_gap,I know,that,the man thinks,the woman said,,,,should congratulate,the couple,after the service.,5.770357,5.658020499999999,2.749692,2.749692,4.424222,8.436324666666666,4.863968,7.0039723333333335,,,,,14.071238,14.750495,4.771943,6.997974,6.254921,6.187206666666667,8.865508285714286,7.652823875
22,no,no,2,-wh_no_gap,I know,that,the man thinks,the woman said,,,the priest,should congratulate,the couple,after the service.,5.770357,5.658020499999999,2.749692,2.749692,4.424222,8.436324666666666,4.863968,7.0039723333333335,,,4.017633,8.728290999999999,4.615101,9.9636505,4.139856,5.9297585,6.096607,4.973091,7.129185888888888,6.9194053888888885
22,yes,yes,2,+wh_gap,I know,who,the man thinks,the woman said,,,,should congratulate,the couple,after the service.,5.770357,5.658020499999999,8.366485,8.366485,5.844156,7.020979333333334,6.49879,7.3094719999999995,,,,,9.869209,12.878365500000001,4.760417,6.9486365,6.187839,6.310697666666667,8.369442428571428,7.5787485624999995
22,yes,no,2,+wh_no_gap,I know,who,the man thinks,the woman said,,,the priest,should congratulate,the couple,after the service.,5.770357,5.658020499999999,8.366485,8.366485,5.844156,7.020979333333334,6.49879,7.3094719999999995,,,5.748296,9.490328,4.123196,9.846767,4.162812,5.7843925,6.265937,5.120073666666666,7.289244,7.1265042222222235
22,no,yes,3,-wh_gap,I know,that,the man thinks,the woman said,she believed,,,should congratulate,the couple,after the service.,5.770357,5.658020499999999,2.749692,2.749692,4.424222,8.436324666666666,4.863968,7.0039723333333335,3.457184,6.0230895,,,13.794299,15.203179500000001,4.37594,6.465538,5.853341,6.185114666666666,8.841825571428572,7.462532333333333
22,no,no,3,-wh_no_gap,I know,that,the man thinks,the woman said,she believed,,the priest,should congratulate,the couple,after the service.,5.770357,5.658020499999999,2.749692,2.749692,4.424222,8.436324666666666,4.863968,7.0039723333333335,3.457184,6.0230895,3.852447,7.4596605,6.276998,11.646550999999999,3.81004,5.538974,5.755143,4.980684666666667,7.136936111111112,6.8332614000000005
22,yes,yes,3,+wh_gap,I know,who,the man thinks,the woman said,she believed,,,should congratulate,the couple,after the service.,5.770357,5.658020499999999,8.366485,8.366485,5.844156,7.020979333333334,6.49879,7.3094719999999995,2.385152,5.3218115,,,9.569033,13.430444999999999,4.31577,6.374553499999999,5.642596,6.227398666666666,8.327456142857143,7.311649777777778
22,yes,no,3,+wh_no_gap,I know,who,the man thinks,the woman said,she believed,,the priest,should congratulate,the couple,after the service.,5.770357,5.658020499999999,8.366485,8.366485,5.844156,7.020979333333334,6.49879,7.3094719999999995,2.385152,5.3218115,6.080223,8.746032,5.739338,11.406921,3.764368,5.3057739999999995,5.684494,5.042479,7.338321222222223,6.9681197
22,no,yes,4,-wh_gap,I know,that,the man thinks,the woman said,she believed,she noticed,,should congratulate,the couple,after the service.,5.770357,5.658020499999999,2.749692,2.749692,4.424222,8.436324666666666,4.863968,7.0039723333333335,3.457184,6.0230895,,,13.794299,15.203179500000001,4.37594,6.465538,5.853341,6.185114666666666,8.841825571428572,7.462532333333333
22,no,no,4,-wh_no_gap,I know,that,the man thinks,the woman said,she believed,she noticed,the priest,should congratulate,the couple,after the service.,5.770357,5.658020499999999,2.749692,2.749692,4.424222,8.436324666666666,4.863968,7.0039723333333335,3.457184,6.0230895,3.852447,7.4596605,6.276998,11.646550999999999,3.81004,5.538974,5.755143,4.980684666666667,7.136936111111112,6.8332614000000005
22,yes,yes,4,+wh_gap,I know,who,the man thinks,the woman said,she believed,she noticed,,should congratulate,the couple,after the service.,5.770357,5.658020499999999,8.366485,8.366485,5.844156,7.020979333333334,6.49879,7.3094719999999995,2.385152,5.3218115,,,9.569033,13.430444999999999,4.31577,6.374553499999999,5.642596,6.227398666666666,8.327456142857143,7.311649777777778
22,yes,no,4,+wh_no_gap,I know,who,the man thinks,the woman said,she believed,she noticed,the priest,should congratulate,the couple,after the service.,5.770357,5.658020499999999,8.366485,8.366485,5.844156,7.020979333333334,6.49879,7.3094719999999995,2.385152,5.3218115,6.080223,8.746032,5.739338,11.406921,3.764368,5.3057739999999995,5.684494,5.042479,7.338321222222223,6.9681197
21,no,yes,0,-wh_gap,We all know,that,,,,,,will give,a test,to her students.,7.155782,4.352867,1.582208,1.582208,,,,,,,,,14.249869,10.886034,4.663334,9.225937,3.483033,7.745388666666666,9.065729714285714,7.100083363636363
21,no,no,0,-wh_no_gap,We all know,that,,,,,the teacher,will give,a test,to her students.,7.155761,4.352876,1.582246,1.582246,,,,,,,3.681982,9.1095655,6.589299,6.2388905,4.323257,6.3031285,3.392541,3.475033,5.969807555555556,5.25916476923077
21,yes,yes,0,+wh_gap,We all know,who,,,,,,will give,a test,to her students.,7.155782,4.352867,7.268268,7.268268,,,,,,,,,7.061753,7.9282474999999994,4.465055,8.580288,4.619832,7.749576333333334,8.037971428571428,6.96296990909091
21,yes,no,0,+wh_no_gap,We all know,who,,,,,the teacher,will give,a test,to her students.,7.155761,4.352876,7.268273,7.268273,,,,,,,4.041315,8.8038805,8.873995,9.615308,6.213508,7.06027,3.457523,4.913103333333334,7.299803000000001,6.617317538461538
21,no,yes,1,-wh_gap,We all know,that,the old man thinks,,,,,will give,a test,to her students.,7.155761,4.352871333333334,1.582244,1.582244,3.681979,7.034669249999999,,,,,,,13.596185,10.7342505,4.59061,8.683383,3.990592,8.549177,9.211828285714287,7.150822200000001
21,no,no,1,-wh_no_gap,We all know,that,the old man thinks,,,,the teacher,will give,a test,to her students.,7.155761,4.352871333333334,1.582244,1.582244,3.681979,7.034669249999999,,,,,3.884146,8.2399935,5.063957,5.2112625,4.598931,6.7786285,4.245497,5.651342333333333,6.379310666666667,5.893725352941177
21,yes,yes,1,+wh_gap,We all know,who,the old man thinks,,,,,will give,a test,to her students.,7.155761,4.352871333333334,7.268249,7.268249,4.041303,7.324277,,,,,,,7.309394,8.2904995,4.916417,9.142822,4.985348,8.396581,8.579483714285713,7.3120237999999995
21,yes,no,1,+wh_no_gap,We all know,who,the old man thinks,,,,the teacher,will give,a test,to her students.,7.155761,4.352871333333334,7.268249,7.268249,4.041303,7.324277,,,,,5.702421,8.975486,6.357789,7.7239005,6.855511,7.4474145,3.909261,5.633333666666668,7.2437336666666665,6.7539749411764705
21,no,yes,2,-wh_gap,We all know,that,the old man thinks,the woman knows,,,,will give,a test,to her students.,7.155761,4.352871333333334,1.582244,1.582244,3.681979,7.034669249999999,3.884146,6.756743666666666,,,,,15.181365,11.0178035,5.36052,8.670329,3.86767,6.526610333333333,8.42229942857143,6.778103444444444
21,no,no,2,-wh_no_gap,We all know,that,the old man thinks,the woman knows,,,the teacher,will give,a test,to her students.,7.155761,4.352871333333334,1.582244,1.582244,3.681979,7.034669249999999,3.884146,6.756743666666666,,,4.178934,8.670828,7.920187,6.724617,4.676911,6.8760580000000004,4.456519,4.701903333333333,6.516524,6.0849241
21,yes,yes,2,+wh_gap,We all know,who,the old man thinks,the woman knows,,,,will give,a test,to her students.,7.155761,4.352871333333334,7.268249,7.268249,4.041303,7.324277,5.702421,8.614381,,,,,13.034206,10.346654,5.181634,8.9096165,4.000273,6.343848666666666,8.220583857142858,7.389511166666667
21,yes,no,2,+wh_no_gap,We all know,who,the old man thinks,the woman knows,,,the teacher,will give,a test,to her students.,7.155761,4.352871333333334,7.268249,7.268249,4.041303,7.324277,5.702421,8.614381,,,5.097842,9.3520995,7.629005,7.036034000000001,4.51813,7.011457999999999,3.840279,4.237049666666667,6.612259111111111,6.7488722999999995
21,no,yes,3,-wh_gap,We all know,that,the old man thinks,the woman knows,the young boy said,,,will give,a test,to her students.,7.155761,4.352871333333334,1.582244,1.582244,3.681979,7.034669249999999,3.884146,6.756743666666666,4.178934,8.7231095,,,12.035818,9.2478525,5.515319,8.026914999999999,4.208324,7.125405333333333,7.989392999999999,6.993997954545455
21,no,no,3,-wh_no_gap,We all know,that,the old man thinks,the woman knows,the young boy said,,the teacher,will give,a test,to her students.,7.155761,4.352871333333334,1.582244,1.582244,3.681979,7.034669249999999,3.884146,6.756743666666666,4.178934,8.7231095,2.518457,7.1120149999999995,6.230707,5.868117,5.029389,6.36331,4.027537,5.366248,6.087292000000001,6.363659666666666
21,yes,yes,3,+wh_gap,We all know,who,the old man thinks,the woman knows,the young boy said,,,will give,a test,to her students.,7.155761,4.352871333333334,7.268249,7.268249,4.041303,7.324277,5.702421,8.614381,5.097842,8.214172999999999,,,10.912221,8.881659500000001,5.451971,8.282571,3.839791,6.549937,7.711181714285715,7.377367181818183
21,yes,no,3,+wh_no_gap,We all know,who,the old man thinks,the woman knows,the young boy said,,the teacher,will give,a test,to her students.,7.155761,4.352871333333334,7.268249,7.268249,4.041303,7.324277,5.702421,8.614381,5.097842,8.214172999999999,3.479753,7.5342075,6.895534,6.349845999999999,4.995678,6.3725705,3.523846,4.6891989999999995,6.064538333333333,6.787693791666666
21,no,yes,4,-wh_gap,We all know,that,the old man thinks,the woman knows,the young boy said,his friend saw,,will give,a test,to her students.,7.155761,4.352871333333334,1.582244,1.582244,3.681979,7.034669249999999,3.884146,6.756743666666666,4.178934,8.7231095,,,12.035818,9.2478525,5.515319,8.026914999999999,4.208324,7.125405333333333,7.989392999999999,6.993997954545455
21,no,no,4,-wh_no_gap,We all know,that,the old man thinks,the woman knows,the young boy said,his friend saw,the teacher,will give,a test,to her students.,7.155761,4.352871333333334,1.582244,1.582244,3.681979,7.034669249999999,3.884146,6.756743666666666,4.178934,8.7231095,2.518457,7.1120149999999995,6.230707,5.868117,5.029389,6.36331,4.027537,5.366248,6.087292000000001,6.363659666666666
21,yes,yes,4,+wh_gap,We all know,who,the old man thinks,the woman knows,the young boy said,his friend saw,,will give,a test,to her students.,7.155761,4.352871333333334,7.268249,7.268249,4.041303,7.324277,5.702421,8.614381,5.097842,8.214172999999999,,,10.912221,8.881659500000001,5.451971,8.282571,3.839791,6.549937,7.711181714285715,7.377367181818183
21,yes,no,4,+wh_no_gap,We all know,who,the old man thinks,the woman knows,the young boy said,his friend saw,the teacher,will give,a test,to her students.,7.155761,4.352871333333334,7.268249,7.268249,4.041303,7.324277,5.702421,8.614381,5.097842,8.214172999999999,3.479753,7.5342075,6.895534,6.349845999999999,4.995678,6.3725705,3.523846,4.6891989999999995,6.064538333333333,6.787693791666666
20,no,yes,0,-wh_gap,She said,that,,,,,,might put,the microphone,on the table.,9.588393,7.054945,3.621296,3.621296,,,,,,,,,13.053951,10.8655875,3.525067,9.406711,2.521319,3.2607776666666664,7.1895614285714275,6.8058116
20,no,no,0,-wh_no_gap,She said,that,,,,,the reporter,might put,the microphone,on the table.,9.588393,7.054945,3.621307,3.621307,,,,,,,3.436636,8.289557,9.358005,9.4951395,3.545116,6.686843,2.201122,3.181847666666666,6.498735777777778,6.351651583333333
20,yes,yes,0,+wh_gap,She said,who,,,,,,might put,the microphone,on the table.,9.588393,7.054945,13.287612,13.287612,,,,,,,,,8.807129,8.949669499999999,2.658727,7.7899855,2.204005,3.5523743333333333,6.305204714285715,7.153393499999998
20,yes,no,0,+wh_no_gap,She said,who,,,,,the reporter,might put,the microphone,on the table.,9.588393,7.054945,13.287634,13.287634,,,,,,,5.769855,7.8932905,9.023812,10.079760499999999,3.697838,6.9456869999999995,2.470905,4.854219666666667,7.155570555555554,7.649804916666665
20,no,yes,1,-wh_gap,She said,that,the politician stated,,,,,might put,the microphone,on the table.,9.588382,7.054919999999999,3.621319,3.621319,3.436683,9.401485333333333,,,,,,,16.662267,13.563325500000001,3.321882,9.045181,2.341716,3.1066789999999997,7.791007142857143,7.728666538461539
20,no,no,1,-wh_no_gap,She said,that,the politician stated,,,,the reporter,might put,the microphone,on the table.,9.588377,7.054923499999999,3.621318,3.621318,3.436685,9.401493333333333,,,,,5.378435,9.0929215,9.498307,9.332423,3.50186,6.4823725,2.431232,3.2474683333333334,6.617537666666667,7.032898933333333
20,yes,yes,1,+wh_gap,She said,who,the politician stated,,,,,might put,the microphone,on the table.,9.588382,7.054919999999999,13.28758,13.28758,5.769795,10.742217666666667,,,,,,,9.560037,9.615606,2.742793,8.253247,2.619781,3.3707620000000005,6.549998857142858,8.113389615384616
20,yes,no,1,+wh_no_gap,She said,who,the politician stated,,,,the reporter,might put,the microphone,on the table.,9.588377,7.054923499999999,13.287568,13.287568,5.769795,10.742213000000001,,,,,4.60662,7.533219000000001,8.430225,9.2835415,4.27363,6.7099475,2.58532,4.235638000000001,6.640036666666667,7.958958933333333
20,no,yes,2,-wh_gap,She said,that,the politician stated,his press secretary said,,,,might put,the microphone,on the table.,9.588377,7.054923499999999,3.621318,3.621318,3.436685,9.401493333333333,5.838821,7.377515250000001,,,,,15.916546,12.748502,2.913436,7.870030999999999,2.247724,3.019807333333333,7.185212571428571,7.3965996470588244
20,no,no,2,-wh_no_gap,She said,that,the politician stated,his press secretary said,,,the reporter,might put,the microphone,on the table.,9.588377,7.054923499999999,3.621318,3.621318,3.436685,9.401493333333333,5.838821,7.377515250000001,,,3.800537,6.0513035,9.438098,9.3479065,3.055489,6.2506315,2.276009,3.054610666666667,5.8292794444444445,6.732064263157895
20,yes,yes,2,+wh_gap,She said,who,the politician stated,his press secretary said,,,,might put,the microphone,on the table.,9.588377,7.054923499999999,13.287568,13.287568,5.769795,10.742213000000001,5.713153,7.50628375,,,,,9.396266,9.6810215,2.937267,7.562543,2.56406,3.1927149999999997,6.295039142857142,7.865556647058825
20,yes,no,2,+wh_no_gap,She said,who,the politician stated,his press secretary said,,,the reporter,might put,the microphone,on the table.,9.588377,7.054923499999999,13.287568,13.287568,5.769795,10.742213000000001,5.713153,7.50628375,,,5.251754,5.880749,8.457191,9.277199,3.783544,6.528066000000001,2.624227,3.4908439999999996,5.982728888888889,7.552302578947369
20,no,yes,3,-wh_gap,She said,that,the politician stated,his press secretary said,the chief of staff thought,,,might put,the microphone,on the table.,9.588377,7.054923499999999,3.621318,3.621318,3.436685,9.401493333333333,5.838821,7.377515250000001,3.800537,5.8008316,,,14.790505,12.1999095,2.692539,7.5680825,1.904839,3.174717,7.008590714285715,6.977727227272728
20,no,no,3,-wh_no_gap,She said,that,the politician stated,his press secretary said,the chief of staff thought,,the reporter,might put,the microphone,on the table.,9.588377,7.054923499999999,3.621318,3.621318,3.436685,9.401493333333333,5.838821,7.377515250000001,3.800537,5.8008316,2.409328,5.4903815,7.512512,8.423986,2.93425,6.4638235,2.129718,3.302599333333333,5.629353333333333,6.463085166666666
20,yes,yes,3,+wh_gap,She said,who,the politician stated,his press secretary said,the chief of staff thought,,,might put,the microphone,on the table.,9.588377,7.054923499999999,13.287568,13.287568,5.769795,10.742213000000001,5.713153,7.50628375,5.251754,5.2780562,,,7.245251,8.476600999999999,2.619803,7.2260385,2.069048,3.3381936666666667,5.917122857142857,7.157242272727274
20,yes,no,3,+wh_no_gap,She said,who,the politician stated,his press secretary said,the chief of staff thought,,the reporter,might put,the microphone,on the table.,9.588377,7.054923499999999,13.287568,13.287568,5.769795,10.742213000000001,5.713153,7.50628375,5.251754,5.2780562,3.785631,6.087674,7.054195,8.496776,2.976423,6.4449365,2.345244,3.4744886666666672,5.831359888888889,7.0217378749999995
20,no,yes,4,-wh_gap,She said,that,the politician stated,his press secretary said,the chief of staff thought,his assistant suspects,,might put,the microphone,on the table.,9.588377,7.054923499999999,3.621318,3.621318,3.436685,9.401493333333333,5.838821,7.377515250000001,3.800537,5.8008316,,,14.790505,12.1999095,2.692539,7.5680825,1.904839,3.174717,7.008590714285715,6.977727227272728
20,no,no,4,-wh_no_gap,She said,that,the politician stated,his press secretary said,the chief of staff thought,his assistant suspects,the reporter,might put,the microphone,on the table.,9.588377,7.054923499999999,3.621318,3.621318,3.436685,9.401493333333333,5.838821,7.377515250000001,3.800537,5.8008316,2.409328,5.4903815,7.512512,8.423986,2.93425,6.4638235,2.129718,3.302599333333333,5.629353333333333,6.463085166666666
20,yes,yes,4,+wh_gap,She said,who,the politician stated,his press secretary said,the chief of staff thought,his assistant suspects,,might put,the microphone,on the table.,9.588377,7.054923499999999,13.287568,13.287568,5.769795,10.742213000000001,5.713153,7.50628375,5.251754,5.2780562,,,7.245251,8.476600999999999,2.619803,7.2260385,2.069048,3.3381936666666667,5.917122857142857,7.157242272727274
20,yes,no,4,+wh_no_gap,She said,who,the politician stated,his press secretary said,the chief of staff thought,his assistant suspects,the reporter,might put,the microphone,on the table.,9.588377,7.054923499999999,13.287568,13.287568,5.769795,10.742213000000001,5.713153,7.50628375,5.251754,5.2780562,3.785631,6.087674,7.054195,8.496776,2.976423,6.4449365,2.345244,3.4744886666666672,5.831359888888889,7.0217378749999995
19,no,yes,0,-wh_gap,The colleagues realized,that,,,,,,might have discovered,the bribery,two weeks ago.,4.729313,11.191981666666669,0.804776,0.804776,,,,,,,,,13.8937,10.920843333333332,2.219741,10.417553,13.15405,6.200263333333333,9.02480325,8.881595583333333
19,no,no,0,-wh_no_gap,The colleagues realized,that,,,,,the journalist,might have discovered,the bribery,two weeks ago.,4.729281,11.191999333333333,0.804744,0.804744,,,,,,,2.523979,9.8842055,6.992048,6.158671333333333,2.823976,9.508724,12.323234,5.9185289999999995,7.501746,7.814157285714287
19,yes,yes,0,+wh_gap,The colleagues realized,who,,,,,,might have discovered,the bribery,two weeks ago.,4.729313,11.191981666666669,11.708982,11.708982,,,,,,,,,7.576039,6.025199000000001,1.272698,9.265986000000002,12.515714,5.631301000000001,6.687684,8.232199916666668
19,yes,no,0,+wh_no_gap,The colleagues realized,who,,,,,the journalist,might have discovered,the bribery,two weeks ago.,4.729281,11.191999333333333,11.709005,11.709005,,,,,,,3.106254,7.852461,7.308389,7.614454333333334,6.168028,11.0352,12.288397,5.575725666666666,7.7345862,8.7593475
19,no,yes,1,-wh_gap,The colleagues realized,that,her mother stated,,,,,might have discovered,the bribery,two weeks ago.,4.729281,11.191999333333333,0.804744,0.804744,10.18407,11.209781999999999,,,,,,,15.541033,10.155077,1.927092,9.2482075,11.022686,5.344074666666667,8.124233750000002,8.866930533333333
19,no,no,1,-wh_no_gap,The colleagues realized,that,her mother stated,,,,the journalist,might have discovered,the bribery,two weeks ago.,4.729281,11.191999333333333,0.804744,0.804744,10.18407,11.209781999999999,,,,,5.023906,10.536417,8.63853,6.961527333333333,2.302179,8.555337,11.726806,5.5120336666666665,7.560419099999999,8.447898764705883
19,yes,yes,1,+wh_gap,The colleagues realized,who,her mother stated,,,,,might have discovered,the bribery,two weeks ago.,4.729281,11.191999333333333,11.709005,11.709005,9.759798,12.670528333333332,,,,,,,10.053339,7.872848666666667,1.416869,8.408768,11.961541,5.54879,7.1353065,9.358602666666668
19,yes,no,1,+wh_no_gap,The colleagues realized,who,her mother stated,,,,the journalist,might have discovered,the bribery,two weeks ago.,4.729281,11.191999333333333,11.709005,11.709005,9.759798,12.670528333333332,,,,,6.348332,9.7901915,8.121622,8.093330333333334,6.886169,11.324095,12.375559,5.576556,8.323823199999998,9.796165882352943
19,no,yes,2,-wh_gap,The colleagues realized,that,her mother stated,a friend said,,,,might have discovered,the bribery,two weeks ago.,4.729281,11.191999333333333,0.804744,0.804744,10.18407,11.209781999999999,6.166036,8.113527333333332,,,,,13.798335,8.909521,1.589253,8.50603,11.475229,5.204798,7.4193771250000005,8.428093722222222
19,no,no,2,-wh_no_gap,The colleagues realized,that,her mother stated,a friend said,,,the journalist,might have discovered,the bribery,two weeks ago.,4.729281,11.191999333333333,0.804744,0.804744,10.18407,11.209781999999999,6.166036,8.113527333333332,,,4.194724,8.637375,8.105055,6.819831000000001,2.117618,8.2378995,11.888265,5.330078666666666,7.020027800000001,8.1275474
19,yes,yes,2,+wh_gap,The colleagues realized,who,her mother stated,a friend said,,,,might have discovered,the bribery,two weeks ago.,4.729281,11.191999333333333,11.709005,11.709005,9.759798,12.670528333333332,10.358615,7.952046666666667,,,,,9.393457,7.803858333333333,1.845828,8.3236385,11.732711,5.281481333333333,6.987912,9.058668
19,yes,no,2,+wh_no_gap,The colleagues realized,who,her mother stated,a friend said,,,the journalist,might have discovered,the bribery,two weeks ago.,4.729281,11.191999333333333,11.709005,11.709005,9.759798,12.670528333333332,10.358615,7.952046666666667,,,7.33267,9.5913485,7.623501,7.360282333333333,6.37079,10.741044,11.88075,5.196864000000001,7.8336224,9.2744476
19,no,yes,3,-wh_gap,The colleagues realized,that,her mother stated,a friend said,her husband knew,,,might have discovered,the bribery,two weeks ago.,4.729281,11.191999333333333,0.804744,0.804744,10.18407,11.209781999999999,6.166036,8.113527333333332,4.667976,6.143683666666668,,,15.020628,9.570446333333333,1.578979,8.2297355,11.565993,5.449308666666667,7.6898420000000005,8.204783666666668
19,no,no,3,-wh_no_gap,The colleagues realized,that,her mother stated,a friend said,her husband knew,,the journalist,might have discovered,the bribery,two weeks ago.,4.729281,11.191999333333333,0.804744,0.804744,10.18407,11.209781999999999,6.166036,8.113527333333332,4.667976,6.143683666666668,3.928005,7.956868500000001,10.557463,7.699709666666666,1.782444,7.7213994999999995,12.209629,5.608129666666667,7.128005400000001,7.915729347826088
19,yes,yes,3,+wh_gap,The colleagues realized,who,her mother stated,a friend said,her husband knew,,,might have discovered,the bribery,two weeks ago.,4.729281,11.191999333333333,11.709005,11.709005,9.759798,12.670528333333332,10.358615,7.952046666666667,6.517478,6.999292999999999,,,11.360741,8.725709333333333,1.927599,8.155426,11.484821,5.354684333333334,7.319004125,8.890601904761906
19,yes,no,3,+wh_no_gap,The colleagues realized,who,her mother stated,a friend said,her husband knew,,the journalist,might have discovered,the bribery,two weeks ago.,4.729281,11.191999333333333,11.709005,11.709005,9.759798,12.670528333333332,10.358615,7.952046666666667,6.517478,6.999292999999999,6.526977,9.1249415,9.724484,7.667268,2.757571,8.2758175,12.109989,5.485146666666668,7.4258762,8.800407347826086
19,no,yes,4,-wh_gap,The colleagues realized,that,her mother stated,a friend said,her husband knew,his brother said,,might have discovered,the bribery,two weeks ago.,4.729281,11.191999333333333,0.804744,0.804744,10.18407,11.209781999999999,6.166036,8.113527333333332,4.667976,6.143683666666668,,,15.020628,9.570446333333333,1.578979,8.2297355,11.565993,5.449308666666667,7.6898420000000005,8.204783666666668
19,no,no,4,-wh_no_gap,The colleagues realized,that,her mother stated,a friend said,her husband knew,his brother said,the journalist,might have discovered,the bribery,two weeks ago.,4.729281,11.191999333333333,0.804744,0.804744,10.18407,11.209781999999999,6.166036,8.113527333333332,4.667976,6.143683666666668,3.928005,7.956868500000001,10.557463,7.699709666666666,1.782444,7.7213994999999995,12.209629,5.608129666666667,7.128005400000001,7.915729347826088
19,yes,yes,4,+wh_gap,The colleagues realized,who,her mother stated,a friend said,her husband knew,his brother said,,might have discovered,the bribery,two weeks ago.,4.729281,11.191999333333333,11.709005,11.709005,9.759798,12.670528333333332,10.358615,7.952046666666667,6.517478,6.999292999999999,,,11.360741,8.725709333333333,1.927599,8.155426,11.484821,5.354684333333334,7.319004125,8.890601904761906
19,yes,no,4,+wh_no_gap,The colleagues realized,who,her mother stated,a friend said,her husband knew,his brother said,the journalist,might have discovered,the bribery,two weeks ago.,4.729281,11.191999333333333,11.709005,11.709005,9.759798,12.670528333333332,10.358615,7.952046666666667,6.517478,6.999292999999999,6.526977,9.1249415,9.724484,7.667268,2.757571,8.2758175,12.109989,5.485146666666668,7.4258762,8.800407347826086
18,no,yes,0,-wh_gap,I know,that,,,,,,will find,a gun,in the office.,5.770367,5.65805,2.74974,2.74974,,,,,,,,,10.104314,10.752911000000001,3.768179,9.292384,4.000859,4.9485236666666665,7.848023,6.900200099999999
18,no,no,0,-wh_no_gap,I know,that,,,,,the five star general,will find,a gun,in the office.,5.770357,5.658020499999999,2.749692,2.749692,,,,,,,4.424222,8.1852455,6.09769,7.263979,3.217433,8.571045,3.634195,4.351284666666667,7.0422621818181845,6.537901214285715
18,yes,yes,0,+wh_gap,I know,who,,,,,,will find,a gun,in the office.,5.770367,5.65805,8.366545,8.366545,,,,,,,,,7.595085,8.0196645,4.326062,7.9744275,3.055545,4.973116333333333,6.701076142857143,6.659017800000001
18,yes,no,0,+wh_no_gap,I know,who,,,,,the five star general,will find,a gun,in the office.,5.770357,5.658020499999999,8.366485,8.366485,,,,,,,5.844156,8.138921,6.407643,8.572034,6.271628,9.243724,4.445445,4.788790666666666,7.504870181818183,7.30257842857143
18,no,yes,1,-wh_gap,I know,that,the woman believed,,,,,will find,a gun,in the office.,5.770362,5.658030500000001,2.74972,2.74972,4.424218,9.894370666666667,,,,,,,13.705926,10.4920505,3.269729,7.32842,3.137045,4.919607333333333,7.199966142857143,7.242204307692306
18,no,no,1,-wh_no_gap,I know,that,the woman believed,,,,the five star general,will find,a gun,in the office.,5.770357,5.658020499999999,2.749692,2.749692,4.424222,9.894373666666667,,,,,4.316414,8.15244075,7.734995,7.657087,2.610676,7.8546325,3.428481,4.439284,6.995550363636365,7.099994588235294
18,yes,yes,1,+wh_gap,I know,who,the woman believed,,,,,will find,a gun,in the office.,5.770362,5.658030500000001,8.36647,8.36647,5.844158,8.987555,,,,,,,10.031119,8.780464,3.731289,7.204064,2.931796,4.984039,6.703024714285713,7.197413000000001
18,yes,no,1,+wh_no_gap,I know,who,the woman believed,,,,the five star general,will find,a gun,in the office.,5.770357,5.658020499999999,8.366485,8.366485,5.844156,8.987557,,,,,7.570031,9.120288500000001,7.170114,7.5323395,5.182446,8.2527655,3.579258,4.585159333333333,7.436985636363636,7.556002294117648
18,no,yes,2,-wh_gap,I know,that,the woman believed,the secretary said,,,,will find,a gun,in the office.,5.770357,5.658020499999999,2.749692,2.749692,4.424222,9.894373666666667,4.316414,9.013523666666666,,,,,13.635301,11.120438499999999,3.179634,6.951697,3.221876,3.590096333333333,6.70208,7.3564990625
18,no,no,2,-wh_no_gap,I know,that,the woman believed,the secretary said,,,the five star general,will find,a gun,in the office.,5.770357,5.658020499999999,2.749692,2.749692,4.424222,9.894373666666667,4.316414,9.013523666666666,,,4.131567,7.9670375,6.956056,7.4415545000000005,2.59334,8.0729855,3.46733,3.9217196666666667,6.787489909090909,7.272590699999999
18,yes,yes,2,+wh_gap,I know,who,the woman believed,the secretary said,,,,will find,a gun,in the office.,5.770357,5.658020499999999,8.366485,8.366485,5.844156,8.987557,7.570031,9.642801,,,,,9.771336,8.799143,3.427922,6.700413500000001,2.963905,3.707266666666667,6.017273285714286,7.3559070625
18,yes,no,2,+wh_no_gap,I know,who,the woman believed,the secretary said,,,the five star general,will find,a gun,in the office.,5.770357,5.658020499999999,8.366485,8.366485,5.844156,8.987557,7.570031,9.642801,,,5.60503,8.243970000000001,6.735579,7.2151095000000005,3.189737,7.956837,3.337351,4.008755333333333,6.84963990909091,7.545981950000001
18,no,yes,3,-wh_gap,I know,that,the woman believed,the secretary said,her friend recalled,,,will find,a gun,in the office.,5.770357,5.658020499999999,2.749692,2.749692,4.424222,9.894373666666667,4.316414,9.013523666666666,6.658187,9.862254333333334,,,15.925134,11.870182,3.247289,5.8652370000000005,2.700083,3.477786,6.557742285714285,7.69896757894737
18,no,no,3,-wh_no_gap,I know,that,the woman believed,the secretary said,her friend recalled,,the five star general,will find,a gun,in the office.,5.770357,5.658020499999999,2.749692,2.749692,4.424222,9.894373666666667,4.316414,9.013523666666666,6.658187,9.862254333333334,2.860451,8.369794,10.980871,9.6339635,3.269909,6.7144165000000005,2.647044,3.6085933333333333,7.000155999999999,7.712082782608698
18,yes,yes,3,+wh_gap,I know,who,the woman believed,the secretary said,her friend recalled,,,will find,a gun,in the office.,5.770357,5.658020499999999,8.366485,8.366485,5.844156,8.987557,7.570031,9.642801,7.318583,10.297045333333335,,,13.89286,10.6962475,3.361255,6.067309,2.546231,3.475434,6.279059285714285,7.916744789473685
18,yes,no,3,+wh_no_gap,I know,who,the woman believed,the secretary said,her friend recalled,,the five star general,will find,a gun,in the office.,5.770357,5.658020499999999,8.366485,8.366485,5.844156,8.987557,7.570031,9.642801,7.318583,10.297045333333335,3.729363,8.49123225,10.507682,9.3842095,3.613154,7.034721,2.482392,3.602577333333333,7.055502000000001,8.003272086956521
18,no,yes,4,-wh_gap,I know,that,the woman believed,the secretary said,her friend recalled,a colleague thinks,,will find,a gun,in the office.,5.770357,5.658020499999999,2.749692,2.749692,4.424222,9.894373666666667,4.316414,9.013523666666666,6.658187,9.862254333333334,,,15.925134,11.870182,3.247289,5.8652370000000005,2.700083,3.477786,6.557742285714285,7.69896757894737
18,no,no,4,-wh_no_gap,I know,that,the woman believed,the secretary said,her friend recalled,a colleague thinks,the five star general,will find,a gun,in the office.,5.770357,5.658020499999999,2.749692,2.749692,4.424222,9.894373666666667,4.316414,9.013523666666666,6.658187,9.862254333333334,2.860451,8.369794,10.980871,9.6339635,3.269909,6.7144165000000005,2.647044,3.6085933333333333,7.000155999999999,7.712082782608698
18,yes,yes,4,+wh_gap,I know,who,the woman believed,the secretary said,her friend recalled,a colleague thinks,,will find,a gun,in the office.,5.770357,5.658020499999999,8.366485,8.366485,5.844156,8.987557,7.570031,9.642801,7.318583,10.297045333333335,,,13.89286,10.6962475,3.361255,6.067309,2.546231,3.475434,6.279059285714285,7.916744789473685
18,yes,no,4,+wh_no_gap,I know,who,the woman believed,the secretary said,her friend recalled,a colleague thinks,the five star general,will find,a gun,in the office.,5.770357,5.658020499999999,8.366485,8.366485,5.844156,8.987557,7.570031,9.642801,7.318583,10.297045333333335,3.729363,8.49123225,10.507682,9.3842095,3.613154,7.034721,2.482392,3.602577333333333,7.055502000000001,8.003272086956521
17,no,yes,0,-wh_gap,The visitor said,that,,,,,,should talk with,the new manager,in her office.,4.729286,9.790794,3.431249,3.431249,,,,,,,,,12.998581,10.764796666666667,2.289954,5.733059,5.602695,5.611315333333334,7.369723666666666,7.6254726153846155
17,no,no,0,-wh_no_gap,The visitor said,that,,,,,the human resources officer,should talk with,the new manager,in her office.,4.729281,9.790793666666666,3.431256,3.431256,,,,,,,3.08671,6.9024392500000005,8.145747,7.011157999999999,1.576468,5.331664333333333,5.541057,5.467730333333333,6.233955,6.696767764705883
17,yes,yes,0,+wh_gap,The visitor said,who,,,,,,should talk with,the new manager,in her office.,4.729286,9.790794,13.040132,13.040132,,,,,,,,,6.209584,6.958161333333334,2.806128,5.755529333333333,5.955442,5.805408666666666,6.173033111111112,7.536139384615386
17,yes,no,0,+wh_no_gap,The visitor said,who,,,,,the human resources officer,should talk with,the new manager,in her office.,4.729281,9.790793666666666,13.040117,13.040117,,,,,,,4.943778,6.0202545,6.575669,6.220785333333333,5.741999,6.6065819999999995,5.763068,5.386309,6.055542076923077,7.125561470588235
17,no,yes,1,-wh_gap,The visitor said,that,my friend said,,,,,should talk with,the new manager,in her office.,4.729281,9.790793666666666,3.431256,3.431256,11.684873,7.821623,,,,,,,15.227843,10.785414666666668,3.40423,6.015552333333333,6.082585,5.819438666666667,7.540135222222222,7.7581076875
17,no,no,1,-wh_no_gap,The visitor said,that,my friend said,,,,the human resources officer,should talk with,the new manager,in her office.,4.729281,9.790793666666666,3.431256,3.431256,11.684873,7.821623,,,,,5.758925,7.91718125,6.712197,6.4586749999999995,2.120909,5.450442333333334,5.967343,5.561207,6.467669076923078,7.017410199999999
17,yes,yes,1,+wh_gap,The visitor said,who,my friend said,,,,,should talk with,the new manager,in her office.,4.729281,9.790793666666666,13.040117,13.040117,12.718439,7.940549333333333,,,,,,,9.415669,7.739757333333333,4.41194,6.056417666666667,6.153535,5.921685666666666,6.5726202222222225,7.836733000000001
17,yes,no,1,+wh_no_gap,The visitor said,who,my friend said,,,,the human resources officer,should talk with,the new manager,in her office.,4.729281,9.790793666666666,13.040117,13.040117,12.718439,7.940549333333333,,,,,6.44645,7.426186500000001,6.109154,6.040228666666667,5.067117,6.253140666666667,6.087159,5.517092333333333,6.395087,7.468513849999999
17,no,yes,2,-wh_gap,The visitor said,that,my friend said,her mother knew,,,,should talk with,the new manager,in her office.,4.729281,9.790793666666666,3.431256,3.431256,11.684873,7.821623,8.485838,7.293613333333333,,,,,15.732787,10.238624666666666,3.041431,6.701015333333334,6.311518,5.397609666666667,7.445749888888888,7.640057631578948
17,no,no,2,-wh_no_gap,The visitor said,that,my friend said,her mother knew,,,the human resources officer,should talk with,the new manager,in her office.,4.729281,9.790793666666666,3.431256,3.431256,11.684873,7.821623,8.485838,7.293613333333333,,,4.199614,7.5455825,11.370107,8.040397,2.273406,5.931601333333333,6.121412,5.038699,6.708801692307693,7.189729043478259
17,yes,yes,2,+wh_gap,The visitor said,who,my friend said,her mother knew,,,,should talk with,the new manager,in her office.,4.729281,9.790793666666666,13.040117,13.040117,12.718439,7.940549333333333,9.601036,7.630448,,,,,9.930023,7.750192666666667,3.541672,6.795519333333334,6.325159,5.272306666666666,6.606006222222224,7.819976105263159
17,yes,no,2,+wh_no_gap,The visitor said,who,my friend said,her mother knew,,,the human resources officer,should talk with,the new manager,in her office.,4.729281,9.790793666666666,13.040117,13.040117,12.718439,7.940549333333333,9.601036,7.630448,,,6.406453,7.937048,9.827441,7.396164666666667,2.905294,6.205400999999999,6.270509,4.892332000000001,6.709991153846155,7.667625
17,no,yes,3,-wh_gap,The visitor said,that,my friend said,her mother knew,the clerk stated,,,should talk with,the new manager,in her office.,4.729281,9.790793666666666,3.431256,3.431256,11.684873,7.821623,8.485838,7.293613333333333,4.199614,10.206710000000001,,,12.289179,9.450347666666667,2.117414,5.602285333333334,6.5086,5.253113333333334,6.768582111111111,7.7130325
17,no,no,3,-wh_no_gap,The visitor said,that,my friend said,her mother knew,the clerk stated,,the human resources officer,should talk with,the new manager,in her office.,4.729281,9.790793666666666,3.431256,3.431256,11.684873,7.821623,8.485838,7.293613333333333,4.199614,10.206710000000001,4.80128,7.436661750000001,6.909464,6.876578666666666,1.655797,5.319660333333333,6.331449,5.202793333333333,6.3033649230769235,7.335123846153845
17,yes,yes,3,+wh_gap,The visitor said,who,my friend said,her mother knew,the clerk stated,,,should talk with,the new manager,in her office.,4.729281,9.790793666666666,13.040117,13.040117,12.718439,7.940549333333333,9.601036,7.630448,6.406453,10.688241666666668,,,11.765952,8.992785666666668,2.442255,5.716887666666666,6.673533,5.298623,6.669432111111111,8.23705018181818
17,yes,no,3,+wh_no_gap,The visitor said,who,my friend said,her mother knew,the clerk stated,,the human resources officer,should talk with,the new manager,in her office.,4.729281,9.790793666666666,13.040117,13.040117,12.718439,7.940549333333333,9.601036,7.630448,6.406453,10.688241666666668,4.7625,7.19830875,7.210858,6.991736333333333,1.838665,5.417574666666667,6.441064,5.152754333333333,6.267648538461537,7.794986384615385
17,no,yes,4,-wh_gap,The visitor said,that,my friend said,her mother knew,the clerk stated,his friend saw,,should talk with,the new manager,in her office.,4.729281,9.790793666666666,3.431256,3.431256,11.684873,7.821623,8.485838,7.293613333333333,4.199614,10.206710000000001,,,12.289179,9.450347666666667,2.117414,5.602285333333334,6.5086,5.253113333333334,6.768582111111111,7.7130325
17,no,no,4,-wh_no_gap,The visitor said,that,my friend said,her mother knew,the clerk stated,his friend saw,the human resources officer,should talk with,the new manager,in her office.,4.729281,9.790793666666666,3.431256,3.431256,11.684873,7.821623,8.485838,7.293613333333333,4.199614,10.206710000000001,4.80128,7.436661750000001,6.909464,6.876578666666666,1.655797,5.319660333333333,6.331449,5.202793333333333,6.3033649230769235,7.335123846153845
17,yes,yes,4,+wh_gap,The visitor said,who,my friend said,her mother knew,the clerk stated,his friend saw,,should talk with,the new manager,in her office.,4.729281,9.790793666666666,13.040117,13.040117,12.718439,7.940549333333333,9.601036,7.630448,6.406453,10.688241666666668,,,11.765952,8.992785666666668,2.442255,5.716887666666666,6.673533,5.298623,6.669432111111111,8.23705018181818
17,yes,no,4,+wh_no_gap,The visitor said,who,my friend said,her mother knew,the clerk stated,his friend saw,the human resources officer,should talk with,the new manager,in her office.,4.729281,9.790793666666666,13.040117,13.040117,12.718439,7.940549333333333,9.601036,7.630448,6.406453,10.688241666666668,4.7625,7.19830875,7.210858,6.991736333333333,1.838665,5.417574666666667,6.441064,5.152754333333333,6.267648538461537,7.794986384615385
16,no,yes,0,-wh_gap,My friends all know,that,,,,,,will describe,her woes,to her friends.,8.871096,7.139647749999999,2.256623,2.256623,,,,,,,,,14.215198,14.0529325,6.943329,11.147162999999999,7.067489,5.47601,9.546888714285714,8.136952916666667
16,no,no,0,-wh_no_gap,My friends all know,that,,,,,the single mother,will describe,her woes,to her friends.,8.871096,7.13966975,2.256643,2.256643,,,,,,,4.105544,7.037724999999999,8.086983,10.6935295,2.316299,7.6203865,3.849865,3.610526333333334,6.8572586,6.625860533333333
16,yes,yes,0,+wh_gap,My friends all know,who,,,,,,will describe,her woes,to her friends.,8.871096,7.139647749999999,5.817858,5.817858,,,,,,,,,9.470104,11.5481665,7.351101,11.929243,4.751918,5.442228,9.040214714285716,8.138162666666666
16,yes,no,0,+wh_no_gap,My friends all know,who,,,,,the single mother,will describe,her woes,to her friends.,8.871096,7.13966975,5.817846,5.817846,,,,,,,6.178809,7.668818333333334,9.495143,12.5545325,6.056585,9.990673000000001,6.061703,4.780435333333333,8.243817199999999,7.787646466666667
16,no,yes,1,-wh_gap,My friends all know,that,her friend knew,,,,,will describe,her woes,to her friends.,8.871096,7.13966975,2.256643,2.256643,11.195093,10.312093666666666,,,,,,,15.147962,13.614092,2.17952,8.834985,5.103644,3.6467616666666665,7.976919857142858,7.839336133333332
16,no,no,1,-wh_no_gap,My friends all know,that,her friend knew,,,,the single mother,will describe,her woes,to her friends.,8.871096,7.13966975,2.256643,2.256643,11.195093,10.312093666666666,,,,,4.313429,7.173320666666666,13.297558,13.4088225,2.186863,8.17327,4.140598,3.1817360000000003,7.4229354999999995,7.554497666666666
16,yes,yes,1,+wh_gap,My friends all know,who,her friend knew,,,,,will describe,her woes,to her friends.,8.871096,7.13966975,5.817846,5.817846,12.157288,10.457414,,,,,,,14.136143,13.507895000000001,1.200161,8.497608,5.635059,4.315355333333334,8.136724571428571,8.180389266666667
16,yes,no,1,+wh_no_gap,My friends all know,who,her friend knew,,,,the single mother,will describe,her woes,to her friends.,8.871096,7.13966975,5.817846,5.817846,12.157288,10.457414,,,,,7.742373,8.845200666666667,12.363665,13.307046,5.508681,9.9687265,5.537705,4.017317666666667,8.51391,8.382659277777778
16,no,yes,2,-wh_gap,My friends all know,that,her friend knew,the delivery man believed,,,,will describe,her woes,to her friends.,8.871096,7.13966975,2.256643,2.256643,11.195093,10.312093666666666,4.313429,9.348379000000001,,,,,14.180907,14.0271385,2.103215,8.268461,5.604535,4.038915333333334,8.101135,8.20279284210526
16,no,no,2,-wh_no_gap,My friends all know,that,her friend knew,the delivery man believed,,,the single mother,will describe,her woes,to her friends.,8.871096,7.13966975,2.256643,2.256643,11.195093,10.312093666666666,4.313429,9.348379000000001,,,3.545059,6.886099000000001,10.046244,12.335217499999999,2.922739,8.0719065,3.514829,3.1565430000000005,7.0942174,7.731240590909089
16,yes,yes,2,+wh_gap,My friends all know,who,her friend knew,the delivery man believed,,,,will describe,her woes,to her friends.,8.871096,7.13966975,5.817846,5.817846,12.157288,10.457414,7.742373,9.997665,,,,,11.5012,12.515535,1.781602,8.005526,5.747752,4.124402,7.630761142857142,8.376566052631578
16,yes,no,2,+wh_no_gap,My friends all know,who,her friend knew,the delivery man believed,,,the single mother,will describe,her woes,to her friends.,8.871096,7.13966975,5.817846,5.817846,12.157288,10.457414,7.742373,9.997665,,,6.123377,7.821886666666668,9.765746,11.919655500000001,3.681356,8.586463,4.178805,3.342014666666666,7.4503941,8.192880363636364
16,no,yes,3,-wh_gap,My friends all know,that,her friend knew,the delivery man believed,the cop said,,,will describe,her woes,to her friends.,8.871096,7.13966975,2.256643,2.256643,11.195093,10.312093666666666,4.313429,9.348379000000001,3.545059,7.864141,,,12.031884,12.945540000000001,2.841355,8.804937500000001,4.45824,3.8249809999999997,7.853699714285716,8.077883636363635
16,no,no,3,-wh_no_gap,My friends all know,that,her friend knew,the delivery man believed,the cop said,,the single mother,will describe,her woes,to her friends.,8.871096,7.13966975,2.256643,2.256643,11.195093,10.312093666666666,4.313429,9.348379000000001,3.545059,7.864141,2.65539,6.670625666666666,8.491286,11.849349,3.056421,8.179553499999999,3.307519,3.3142696666666667,7.0012491,7.71000132
16,yes,yes,3,+wh_gap,My friends all know,who,her friend knew,the delivery man believed,the cop said,,,will describe,her woes,to her friends.,8.871096,7.13966975,5.817846,5.817846,12.157288,10.457414,7.742373,9.997665,6.123377,8.254877333333335,,,10.548833,12.036484,2.557615,8.6644355,4.692134,4.058517666666667,7.653913142857143,8.367338681818183
16,yes,no,3,+wh_no_gap,My friends all know,who,her friend knew,the delivery man believed,the cop said,,the single mother,will describe,her woes,to her friends.,8.871096,7.13966975,5.817846,5.817846,12.157288,10.457414,7.742373,9.997665,6.123377,8.254877333333335,3.879164,7.052178666666666,8.483022,11.645937,3.082251,8.2716135,3.639529,3.4452040000000004,7.132724900000001,8.07325232
16,no,yes,4,-wh_gap,My friends all know,that,her friend knew,the delivery man believed,the cop said,his partner recalled,,will describe,her woes,to her friends.,8.871096,7.13966975,2.256643,2.256643,11.195093,10.312093666666666,4.313429,9.348379000000001,3.545059,7.864141,,,12.031884,12.945540000000001,2.841355,8.804937500000001,4.45824,3.8249809999999997,7.853699714285716,8.077883636363635
16,no,no,4,-wh_no_gap,My friends all know,that,her friend knew,the delivery man believed,the cop said,his partner recalled,the single mother,will describe,her woes,to her friends.,8.871096,7.13966975,2.256643,2.256643,11.195093,10.312093666666666,4.313429,9.348379000000001,3.545059,7.864141,2.65539,6.670625666666666,8.491286,11.849349,3.056421,8.179553499999999,3.307519,3.3142696666666667,7.0012491,7.71000132
16,yes,yes,4,+wh_gap,My friends all know,who,her friend knew,the delivery man believed,the cop said,his partner recalled,,will describe,her woes,to her friends.,8.871096,7.13966975,5.817846,5.817846,12.157288,10.457414,7.742373,9.997665,6.123377,8.254877333333335,,,10.548833,12.036484,2.557615,8.6644355,4.692134,4.058517666666667,7.653913142857143,8.367338681818183
16,yes,no,4,+wh_no_gap,My friends all know,who,her friend knew,the delivery man believed,the cop said,his partner recalled,the single mother,will describe,her woes,to her friends.,8.871096,7.13966975,5.817846,5.817846,12.157288,10.457414,7.742373,9.997665,6.123377,8.254877333333335,3.879164,7.052178666666666,8.483022,11.645937,3.082251,8.2716135,3.639529,3.4452040000000004,7.132724900000001,8.07325232
15,no,yes,0,-wh_gap,I know,that,,,,,,might find,a quarter,on the bus.,5.770367,5.65805,2.74974,2.74974,,,,,,,,,11.058787,12.0442175,3.760275,9.38309,6.528729,6.825579333333333,9.047336142857143,7.7397193
15,no,no,0,-wh_no_gap,I know,that,,,,,the elderly lady,might find,a quarter,on the bus.,5.770362,5.658030500000001,2.74972,2.74972,,,,,,,4.424218,8.891806,8.531508,7.713686000000001,4.750652,9.0455505,6.583701,6.330159999999999,7.9184371,7.173088615384615
15,yes,yes,0,+wh_gap,I know,who,,,,,,might find,a quarter,on the bus.,5.770367,5.65805,8.366545,8.366545,,,,,,,,,10.54907,8.702835,5.256915,9.5946535,6.061405,6.227974666666667,7.896985857142858,7.4961546
15,yes,no,0,+wh_no_gap,I know,who,,,,,the elderly lady,might find,a quarter,on the bus.,5.770362,5.658030500000001,8.36647,8.36647,,,,,,,5.844158,8.935093666666667,9.736904,9.038727999999999,6.094355,9.989599,7.664886,6.681140999999999,8.4905358,8.04522223076923
15,no,yes,1,-wh_gap,I know,that,their friend said,,,,,might find,a quarter,on the bus.,5.770362,5.658030500000001,2.74972,2.74972,10.772442,9.542367333333333,,,,,,,14.745633,12.7867485,3.580283,8.8177875,5.762751,6.236485666666667,8.845504142857143,8.04703169230769
15,no,no,1,-wh_no_gap,I know,that,their friend said,,,,the elderly lady,might find,a quarter,on the bus.,5.770357,5.658020499999999,2.749692,2.749692,10.772435,9.542363,,,,,5.19695,8.213584666666666,8.43269,8.1252515,3.501545,8.9265685,6.15985,5.987294666666666,7.670627799999998,7.462443749999999
15,yes,yes,1,+wh_gap,I know,who,their friend said,,,,,might find,a quarter,on the bus.,5.770362,5.658030500000001,8.36647,8.36647,13.359574,10.034626333333334,,,,,,,11.334399,10.270313,3.962865,9.076299,5.793017,6.1113349999999995,8.146747,8.21643376923077
15,yes,no,1,+wh_no_gap,I know,who,their friend said,,,,the elderly lady,might find,a quarter,on the bus.,5.770357,5.658020499999999,8.366485,8.366485,13.359561,10.034619333333334,,,,,6.313734,8.711063333333334,9.643392,8.896359,3.581556,9.0449415,6.383874,6.020856666666667,8.0078361,8.1165465625
15,no,yes,2,-wh_gap,I know,that,their friend said,the secretary believed,,,,might find,a quarter,on the bus.,5.770357,5.658020499999999,2.749692,2.749692,10.772435,9.542363,5.19695,11.375592333333335,,,,,15.420852,13.2037095,3.605284,8.9953645,6.317894,6.119874666666667,8.965396000000002,8.7235856875
15,no,no,2,-wh_no_gap,I know,that,their friend said,the secretary believed,,,the elderly lady,might find,a quarter,on the bus.,5.770357,5.658020499999999,2.749692,2.749692,10.772435,9.542363,5.19695,11.375592333333335,,,3.476186,7.4614166666666675,8.0419,8.2341915,3.297289,9.1627625,6.249277,5.773501,7.4498660999999995,7.96411894736842
15,yes,yes,2,+wh_gap,I know,who,their friend said,the secretary believed,,,,might find,a quarter,on the bus.,5.770357,5.658020499999999,8.366485,8.366485,13.359561,10.034619333333334,6.313734,11.887475,,,,,12.558527,11.3074555,3.698408,9.127743,6.355082,6.028916666666667,8.42244957142857,9.02537225
15,yes,no,2,+wh_no_gap,I know,who,their friend said,the secretary believed,,,the elderly lady,might find,a quarter,on the bus.,5.770357,5.658020499999999,8.366485,8.366485,13.359561,10.034619333333334,6.313734,11.887475,,,3.894684,7.504132666666666,8.568471,8.5679625,3.345113,9.1310865,6.429269,5.7743123333333335,7.523343299999999,8.456960105263159
15,no,yes,3,-wh_gap,I know,that,their friend said,the secretary believed,the worker thinks,,,might find,a quarter,on the bus.,5.770357,5.658020499999999,2.749692,2.749692,10.772435,9.542363,5.19695,11.375592333333335,3.476186,10.402221333333333,,,14.602944,12.404916,3.0149,8.961603,5.889589,5.663935333333332,8.532120571428571,8.829005631578946
15,no,no,3,-wh_no_gap,I know,that,their friend said,the secretary believed,the worker thinks,,the elderly lady,might find,a quarter,on the bus.,5.770357,5.658020499999999,2.749692,2.749692,10.772435,9.542363,5.19695,11.375592333333335,3.476186,10.402221333333333,3.053745,7.442585000000001,7.478144,8.0420435,3.111596,9.070058,6.067709,5.640021,7.347202100000001,8.249922
15,yes,yes,3,+wh_gap,I know,who,their friend said,the secretary believed,the worker thinks,,,might find,a quarter,on the bus.,5.770357,5.658020499999999,8.366485,8.366485,13.359561,10.034619333333334,6.313734,11.887475,3.894684,10.819488999999999,,,10.634997,10.327842,3.097901,9.0092695,5.981597,5.635653666666667,7.940169142857142,9.130971578947369
15,yes,no,3,+wh_no_gap,I know,who,their friend said,the secretary believed,the worker thinks,,the elderly lady,might find,a quarter,on the bus.,5.770357,5.658020499999999,8.366485,8.366485,13.359561,10.034619333333334,6.313734,11.887475,3.894684,10.819488999999999,3.179601,7.338298333333333,7.944521,8.228545,3.120541,9.006075000000001,6.237685,5.662914000000001,7.347287700000001,8.699097863636363
15,no,yes,4,-wh_gap,I know,that,their friend said,the secretary believed,the worker thinks,his boss reported,,might find,a quarter,on the bus.,5.770357,5.658020499999999,2.749692,2.749692,10.772435,9.542363,5.19695,11.375592333333335,3.476186,10.402221333333333,,,14.602944,12.404916,3.0149,8.961603,5.889589,5.663935333333332,8.532120571428571,8.829005631578946
15,no,no,4,-wh_no_gap,I know,that,their friend said,the secretary believed,the worker thinks,his boss reported,the elderly lady,might find,a quarter,on the bus.,5.770357,5.658020499999999,2.749692,2.749692,10.772435,9.542363,5.19695,11.375592333333335,3.476186,10.402221333333333,3.053745,7.442585000000001,7.478144,8.0420435,3.111596,9.070058,6.067709,5.640021,7.347202100000001,8.249922
15,yes,yes,4,+wh_gap,I know,who,their friend said,the secretary believed,the worker thinks,his boss reported,,might find,a quarter,on the bus.,5.770357,5.658020499999999,8.366485,8.366485,13.359561,10.034619333333334,6.313734,11.887475,3.894684,10.819488999999999,,,10.634997,10.327842,3.097901,9.0092695,5.981597,5.635653666666667,7.940169142857142,9.130971578947369
15,yes,no,4,+wh_no_gap,I know,who,their friend said,the secretary believed,the worker thinks,his boss reported,the elderly lady,might find,a quarter,on the bus.,5.770357,5.658020499999999,8.366485,8.366485,13.359561,10.034619333333334,6.313734,11.887475,3.894684,10.819488999999999,3.179601,7.338298333333333,7.944521,8.228545,3.120541,9.006075000000001,6.237685,5.662914000000001,7.347287700000001,8.699097863636363
14,no,yes,0,-wh_gap,We all know,that,,,,,,will assemble,the bed,for his parents.,7.155782,4.352867,1.582208,1.582208,,,,,,,,,14.249869,17.282011,4.19101,8.587717999999999,4.979535,7.997550666666666,10.818872857142859,8.21571990909091
14,no,no,0,-wh_no_gap,We all know,that,,,,,the young professional,will assemble,the bed,for his parents.,7.155761,4.352871333333334,1.582244,1.582244,,,,,,,3.681979,8.096122666666666,9.298572,12.291540000000001,3.507716,8.697246999999999,4.666187,5.572033,8.2982041,6.9730642142857135
14,yes,yes,0,+wh_gap,We all know,who,,,,,,will assemble,the bed,for his parents.,7.155782,4.352867,7.268268,7.268268,,,,,,,,,7.061753,11.88354,1.243036,7.265249,4.404082,7.190785000000001,8.552847571428572,7.290618363636364
14,yes,no,0,+wh_no_gap,We all know,who,,,,,the young professional,will assemble,the bed,for his parents.,7.155761,4.352871333333334,7.268249,7.268249,,,,,,,4.041303,7.996775,10.031692,13.134362,4.764768,8.715444,4.077963,5.896076333333333,8.5378166,7.550359214285715
14,no,yes,1,-wh_gap,We all know,that,my neighbor said,,,,,will assemble,the bed,for his parents.,7.155761,4.352871333333334,1.582244,1.582244,10.262349,10.130299333333333,,,,,,,16.466453,16.7614525,2.716356,7.195327000000001,4.385527,6.22867,9.514224142857143,7.973666071428573
14,no,no,1,-wh_no_gap,We all know,that,my neighbor said,,,,the young professional,will assemble,the bed,for his parents.,7.155761,4.352871333333334,1.582244,1.582244,10.262349,10.130299333333333,,,,,5.349494,10.496189333333334,9.515234,12.666301,2.954841,7.2432475,4.323756,5.198424666666667,8.690293899999999,7.7608644117647065
14,yes,yes,1,+wh_gap,We all know,who,my neighbor said,,,,,will assemble,the bed,for his parents.,7.155761,4.352871333333334,7.268249,7.268249,10.343463,10.684020333333335,,,,,,,10.460418,13.88846,2.147308,7.103023,4.433614,6.351383333333334,8.719588,8.101145714285716
14,yes,no,1,+wh_no_gap,We all know,who,my neighbor said,,,,the young professional,will assemble,the bed,for his parents.,7.155761,4.352871333333334,7.268249,7.268249,10.343463,10.684020333333335,,,,,5.34413,10.408744,9.663943,13.375561,4.167505,7.8483455,4.324116,5.354415333333333,8.9737291,8.359777352941176
14,no,yes,2,-wh_gap,We all know,that,my neighbor said,her associate knew,,,,will assemble,the bed,for his parents.,7.155761,4.352871333333334,1.582244,1.582244,10.262349,10.130299333333333,7.233961,10.444806,,,,,15.349252,15.558023,3.076303,7.021144,4.377617,6.936698333333333,9.424061285714286,8.372623705882352
14,no,no,2,-wh_no_gap,We all know,that,my neighbor said,her associate knew,,,the young professional,will assemble,the bed,for his parents.,7.155761,4.352871333333334,1.582244,1.582244,10.262349,10.130299333333333,7.233961,10.444806,,,4.093441,9.201652333333334,12.771232,14.154318499999999,2.967309,6.886589,4.336349,6.078043999999999,8.792090400000001,8.2143539
14,yes,yes,2,+wh_gap,We all know,who,my neighbor said,her associate knew,,,,will assemble,the bed,for his parents.,7.155761,4.352871333333334,7.268249,7.268249,10.343463,10.684020333333335,9.306027,11.010581666666667,,,,,13.186585,14.592815,3.027884,7.056617,4.576936,6.981338999999999,9.177554428571428,8.80315
14,yes,no,2,+wh_no_gap,We all know,who,my neighbor said,her associate knew,,,the young professional,will assemble,the bed,for his parents.,7.155761,4.352871333333334,7.268249,7.268249,10.343463,10.684020333333335,9.306027,11.010581666666667,,,4.190412,9.200750666666666,13.289409,14.422253999999999,3.129332,6.897888,4.538886,6.241256333333332,8.896630499999999,8.718848699999999
14,no,yes,3,-wh_gap,We all know,that,my neighbor said,her associate knew,a friend thinks,,,will assemble,the bed,for his parents.,7.155761,4.352871333333334,1.582244,1.582244,10.262349,10.130299333333333,7.233961,10.444806,4.623863,9.980089333333332,,,15.026369,16.0628175,3.414711,7.789153000000001,4.711609,6.478923333333334,9.591530142857144,8.67235765
14,no,no,3,-wh_no_gap,We all know,that,my neighbor said,her associate knew,a friend thinks,,the young professional,will assemble,the bed,for his parents.,7.155761,4.352871333333334,1.582244,1.582244,10.262349,10.130299333333333,7.233961,10.444806,4.623863,9.980089333333332,4.632981,9.680242,7.367604,12.1678575,3.342904,7.6220110000000005,4.490883,5.914816666666667,8.636491300000001,8.377015434782608
14,yes,yes,3,+wh_gap,We all know,who,my neighbor said,her associate knew,a friend thinks,,,will assemble,the bed,for his parents.,7.155761,4.352871333333334,7.268249,7.268249,10.343463,10.684020333333335,9.306027,11.010581666666667,5.995894,10.717259,,,8.939895,13.285466,3.421499,7.864573999999999,4.893002,6.6178903333333325,8.879107285714285,8.985809849999999
14,yes,no,3,+wh_no_gap,We all know,who,my neighbor said,her associate knew,a friend thinks,,the young professional,will assemble,the bed,for his parents.,7.155761,4.352871333333334,7.268249,7.268249,10.343463,10.684020333333335,9.306027,11.010581666666667,5.995894,10.717259,5.462466,9.696116000000002,7.769713,12.300841499999999,3.469961,7.6608335,4.671418,6.101517333333334,8.731625000000001,8.907769391304347
14,no,yes,4,-wh_gap,We all know,that,my neighbor said,her associate knew,a friend thinks,her sister believes,,will assemble,the bed,for his parents.,7.155761,4.352871333333334,1.582244,1.582244,10.262349,10.130299333333333,7.233961,10.444806,4.623863,9.980089333333332,,,15.026369,16.0628175,3.414711,7.789153000000001,4.711609,6.478923333333334,9.591530142857144,8.67235765
14,no,no,4,-wh_no_gap,We all know,that,my neighbor said,her associate knew,a friend thinks,her sister believes,the young professional,will assemble,the bed,for his parents.,7.155761,4.352871333333334,1.582244,1.582244,10.262349,10.130299333333333,7.233961,10.444806,4.623863,9.980089333333332,4.632981,9.680242,7.367604,12.1678575,3.342904,7.6220110000000005,4.490883,5.914816666666667,8.636491300000001,8.377015434782608
14,yes,yes,4,+wh_gap,We all know,who,my neighbor said,her associate knew,a friend thinks,her sister believes,,will assemble,the bed,for his parents.,7.155761,4.352871333333334,7.268249,7.268249,10.343463,10.684020333333335,9.306027,11.010581666666667,5.995894,10.717259,,,8.939895,13.285466,3.421499,7.864573999999999,4.893002,6.6178903333333325,8.879107285714285,8.985809849999999
14,yes,no,4,+wh_no_gap,We all know,who,my neighbor said,her associate knew,a friend thinks,her sister believes,the young professional,will assemble,the bed,for his parents.,7.155761,4.352871333333334,7.268249,7.268249,10.343463,10.684020333333335,9.306027,11.010581666666667,5.995894,10.717259,5.462466,9.696116000000002,7.769713,12.300841499999999,3.469961,7.6608335,4.671418,6.101517333333334,8.731625000000001,8.907769391304347
13,no,yes,0,-wh_gap,The novel revealed,that,,,,,,could say,something,to his donors.,4.729313,10.217386,1.554278,1.554278,,,,,,,,,13.895853,12.541101000000001,2.072099,2.072099,3.722644,8.508990333333333,8.780212,8.488770800000001
13,no,no,0,-wh_no_gap,The novel revealed,that,,,,,the young politician,could say,something,to his donors.,4.729286,10.217363666666666,1.554285,1.554285,,,,,,,2.581798,7.747136666666667,6.620987,7.994858499999999,5.303296,5.303296,3.360141,6.271407,7.038738222222222,7.350386153846153
13,yes,yes,0,+wh_gap,The novel revealed,who,,,,,,could say,something,to his donors.,4.729313,10.217386,9.659708,9.659708,,,,,,,,,7.253079,8.2488365,9.447457,9.447457,4.130087,8.448128333333333,8.5482525,9.1601381
13,yes,no,0,+wh_no_gap,The novel revealed,who,,,,,the young politician,could say,something,to his donors.,4.729286,10.217363666666666,9.659692,9.659692,,,,,,,3.561572,7.886912,6.617503,8.541136,12.349118,12.349118,2.378105,7.243930333333334,8.313768555555555,8.856592307692308
13,no,yes,1,-wh_gap,The novel revealed,that,our friend thought,,,,,could say,something,to his donors.,4.729286,10.217363666666666,1.554285,1.554285,10.157829,11.193492999999998,,,,,,,15.41311,13.3390095,3.750465,3.750465,3.22626,7.440979333333334,8.791903666666665,9.118329
13,no,no,1,-wh_no_gap,The novel revealed,that,our friend thought,,,,the young politician,could say,something,to his donors.,4.729281,10.217366333333333,1.55429,1.55429,10.157822,11.193494666666666,,,,,3.686819,8.471198333333334,6.209075,8.200887,3.87181,3.87181,3.532715,6.572114333333334,7.267058,8.1993996875
13,yes,yes,1,+wh_gap,The novel revealed,who,our friend thought,,,,,could say,something,to his donors.,4.729286,10.217363666666666,9.659692,9.659692,9.123662,10.329554666666667,,,,,,,7.700805,10.084521,7.387344,7.387344,3.552841,8.038021,8.611741499999999,9.459299692307692
13,yes,no,1,+wh_no_gap,The novel revealed,who,our friend thought,,,,the young politician,could say,something,to his donors.,4.729281,10.217366333333333,9.659687,9.659687,9.123669,10.329555666666666,,,,,5.006094,8.463431,7.104173,10.217550000000001,10.363452,10.363452,2.874077,6.683348666666667,8.47098788888889,9.221209000000002
13,no,yes,2,-wh_gap,The novel revealed,that,our friend thought,the reporter knows,,,,could say,something,to his donors.,4.729281,10.217366333333333,1.55429,1.55429,10.157822,11.193494666666666,3.686819,10.927818666666667,,,,,15.140195,12.588788000000001,2.699558,2.699558,3.099086,7.146407333333333,8.219392666666666,9.2429178125
13,no,no,2,-wh_no_gap,The novel revealed,that,our friend thought,the reporter knows,,,the young politician,could say,something,to his donors.,4.729281,10.217366333333333,1.55429,1.55429,10.157822,11.193494666666666,3.686819,10.927818666666667,,,3.226162,8.192076,8.613839,9.0708615,3.248977,3.248977,3.237403,6.802194,7.374834444444444,8.681254684210527
13,yes,yes,2,+wh_gap,The novel revealed,who,our friend thought,the reporter knows,,,,could say,something,to his donors.,4.729281,10.217366333333333,9.659687,9.659687,9.123669,10.329555666666666,5.006094,11.526085333333333,,,,,12.972303,11.6641475,4.813363,4.813363,3.073474,7.157978333333333,8.269265500000001,9.718393875
13,yes,no,2,+wh_no_gap,The novel revealed,who,our friend thought,the reporter knows,,,the young politician,could say,something,to his donors.,4.729281,10.217366333333333,9.659687,9.659687,9.123669,10.329555666666666,5.006094,11.526085333333333,,,4.683476,8.529963,8.271258,9.635297999999999,8.173907,8.173907,3.126772,7.0409,8.239676888888889,9.47556847368421
13,no,yes,3,-wh_gap,The novel revealed,that,our friend thought,the reporter knows,her contact said,,,could say,something,to his donors.,4.729281,10.217366333333333,1.55429,1.55429,10.157822,11.193494666666666,3.686819,10.927818666666667,5.525744,10.624702666666666,,,10.881714,10.7194515,2.684866,2.684866,2.749302,8.222749,8.132002666666667,9.433497526315792
13,no,no,3,-wh_no_gap,The novel revealed,that,our friend thought,the reporter knows,her contact said,,the young politician,could say,something,to his donors.,4.729281,10.217366333333333,1.55429,1.55429,10.157822,11.193494666666666,3.686819,10.927818666666667,5.525744,10.624702666666666,4.100259,7.967393666666666,6.237259,7.434086,3.869461,3.869461,2.937892,6.962178333333334,7.058483222222222,8.81685390909091
13,yes,yes,3,+wh_gap,The novel revealed,who,our friend thought,the reporter knows,her contact said,,,could say,something,to his donors.,4.729281,10.217366333333333,9.659687,9.659687,9.123669,10.329555666666666,5.006094,11.526085333333333,8.838093,11.132823,,,8.089174,9.4044405,3.46795,3.46795,2.670027,8.230262333333334,7.827936333333334,9.802357684210527
13,yes,no,3,+wh_no_gap,The novel revealed,who,our friend thought,the reporter knows,her contact said,,the young politician,could say,something,to his donors.,4.729281,10.217366333333333,9.659687,9.659687,9.123669,10.329555666666666,5.006094,11.526085333333333,8.838093,11.132823,5.527123,8.029116666666667,6.477965,7.844312500000001,4.728759,4.728759,2.836985,7.0480573333333325,7.294322888888889,9.314822
13,no,yes,4,-wh_gap,The novel revealed,that,our friend thought,the reporter knows,her contact said,his friend saw,,could say,something,to his donors.,4.729281,10.217366333333333,1.55429,1.55429,10.157822,11.193494666666666,3.686819,10.927818666666667,5.525744,10.624702666666666,,,10.881714,10.7194515,2.684866,2.684866,2.749302,8.222749,8.132002666666667,9.433497526315792
13,no,no,4,-wh_no_gap,The novel revealed,that,our friend thought,the reporter knows,her contact said,his friend saw,the young politician,could say,something,to his donors.,4.729281,10.217366333333333,1.55429,1.55429,10.157822,11.193494666666666,3.686819,10.927818666666667,5.525744,10.624702666666666,4.100259,7.967393666666666,6.237259,7.434086,3.869461,3.869461,2.937892,6.962178333333334,7.058483222222222,8.81685390909091
13,yes,yes,4,+wh_gap,The novel revealed,who,our friend thought,the reporter knows,her contact said,his friend saw,,could say,something,to his donors.,4.729281,10.217366333333333,9.659687,9.659687,9.123669,10.329555666666666,5.006094,11.526085333333333,8.838093,11.132823,,,8.089174,9.4044405,3.46795,3.46795,2.670027,8.230262333333334,7.827936333333334,9.802357684210527
13,yes,no,4,+wh_no_gap,The novel revealed,who,our friend thought,the reporter knows,her contact said,his friend saw,the young politician,could say,something,to his donors.,4.729281,10.217366333333333,9.659687,9.659687,9.123669,10.329555666666666,5.006094,11.526085333333333,8.838093,11.132823,5.527123,8.029116666666667,6.477965,7.844312500000001,4.728759,4.728759,2.836985,7.0480573333333325,7.294322888888889,9.314822
12,no,yes,0,-wh_gap,I realized,that,,,,,,should see,a painting,at the museum.,5.770367,8.194659,1.754387,1.754387,,,,,,,,,12.951441,11.951731,3.626338,8.8647335,6.868943,4.521616333333333,7.885396857142858,7.334148300000001
12,no,no,0,-wh_no_gap,I realized,that,,,,,the suffering artist,should see,a painting,at the museum.,5.770362,8.194695,1.754409,1.754409,,,,,,,3.724112,11.280859999999999,8.51348,8.52099,4.291816,7.146763999999999,7.493575,5.186171333333333,8.073660199999999,7.606184692307692
12,yes,yes,0,+wh_gap,I realized,who,,,,,,should see,a painting,at the museum.,5.770367,8.194659,10.345,10.345,,,,,,,,,11.005772,10.206882499999999,5.577555,8.297175,5.760496,4.055521,7.024953999999999,7.5908996
12,yes,no,0,+wh_no_gap,I realized,who,,,,,the suffering artist,should see,a painting,at the museum.,5.770362,8.194695,10.345045,10.345045,,,,,,,4.941557,9.856557666666667,9.404271,10.517696,8.90828,8.9045555,6.201326,4.847965333333334,8.2958072,8.437885153846155
12,no,yes,1,-wh_gap,I realized,that,the painter believed,,,,,should see,a painting,at the museum.,5.770362,8.194695,1.754409,1.754409,3.724112,11.074696000000001,,,,,,,15.830343,12.457749499999998,4.021781,5.2438775,7.169296,5.691335666666667,7.496751571428571,7.988088307692309
12,no,no,1,-wh_no_gap,I realized,that,the painter believed,,,,the suffering artist,should see,a painting,at the museum.,5.770357,8.1946955,1.754401,1.754401,3.724106,11.074688,,,,,4.111772,9.371993666666667,5.508642,6.3240605,5.071363,6.1688775,7.698243,6.328795333333333,7.208824299999999,7.7160061875
12,yes,yes,1,+wh_gap,I realized,who,the painter believed,,,,,should see,a painting,at the museum.,5.770362,8.194695,10.345045,10.345045,4.941557,11.100829,,,,,,,9.892788,9.374703499999999,4.920811,4.829585,6.410149,4.554101,6.010125714285714,7.854446307692308
12,yes,no,1,+wh_no_gap,I realized,who,the painter believed,,,,the suffering artist,should see,a painting,at the museum.,5.770357,8.1946955,10.345058,10.345058,4.941559,11.100815000000003,,,,,6.950875,10.166169,7.261022,8.657411,8.952982,7.298249500000001,6.890565,5.545490999999999,7.9046301,8.692699687500001
12,no,yes,2,-wh_gap,I realized,that,the painter believed,his rival suspected,,,,should see,a painting,at the museum.,5.770357,8.1946955,1.754401,1.754401,3.724106,11.074688,4.710458,12.398781,,,,,16.305829,12.2067775,4.129771,5.8432005,7.332214,5.241741333333333,7.4035971428571425,8.7743361875
12,no,no,2,-wh_no_gap,I realized,that,the painter believed,his rival suspected,,,the suffering artist,should see,a painting,at the museum.,5.770357,8.1946955,1.754401,1.754401,3.724106,11.074688,4.710458,12.398781,,,4.209423,9.997892666666667,9.980005,8.9300315,4.430353,5.8237115,7.640326,5.520747,7.606340499999999,8.664610736842105
12,yes,yes,2,+wh_gap,I realized,who,the painter believed,his rival suspected,,,,should see,a painting,at the museum.,5.770357,8.1946955,10.345058,10.345058,4.941559,11.100815000000003,7.891986,12.845481666666666,,,,,12.054751,10.338598000000001,4.615493,5.0022865,6.494966,4.636513333333333,6.3701870000000005,8.9477905
12,yes,no,2,+wh_no_gap,I realized,who,the painter believed,his rival suspected,,,the suffering artist,should see,a painting,at the museum.,5.770357,8.1946955,10.345058,10.345058,4.941559,11.100815000000003,7.891986,12.845481666666666,,,7.684862,11.395396999999997,10.042766,8.8849005,7.842645,6.949175,7.029278,5.228783666666666,8.1540693,9.479685894736843
12,no,yes,3,-wh_gap,I realized,that,the painter believed,his rival suspected,the man said,,,should see,a painting,at the museum.,5.770357,8.1946955,1.754401,1.754401,3.724106,11.074688,4.710458,12.398781,4.209423,7.4223370000000015,,,11.946219,9.6711365,4.263374,5.770156,7.539492,5.060451333333333,6.580562714285715,8.257639421052632
12,no,no,3,-wh_no_gap,I realized,that,the painter believed,his rival suspected,the man said,,the suffering artist,should see,a painting,at the museum.,5.770357,8.1946955,1.754401,1.754401,3.724106,11.074688,4.710458,12.398781,4.209423,7.4223370000000015,3.363509,10.773931,8.459549,7.967525,3.898826,5.7123695,7.799946,5.238833666666667,7.5398083,8.464967863636364
12,yes,yes,3,+wh_gap,I realized,who,the painter believed,his rival suspected,the man said,,,should see,a painting,at the museum.,5.770357,8.1946955,10.345058,10.345058,4.941559,11.100815000000003,7.891986,12.845481666666666,7.684862,8.354190333333333,,,11.886379,9.917707,4.148491,5.5274795,7.052376,4.658853333333333,6.409561857142856,8.868570684210527
12,yes,no,3,+wh_no_gap,I realized,who,the painter believed,his rival suspected,the man said,,the suffering artist,should see,a painting,at the museum.,5.770357,8.1946955,10.345058,10.345058,4.941559,11.100815000000003,7.891986,12.845481666666666,7.684862,8.354190333333333,5.98608,10.943825666666667,8.351102,7.7074359999999995,6.393747,6.9127765,7.552882,5.015889666666667,7.711957100000001,9.125249136363637
12,no,yes,4,-wh_gap,I realized,that,the painter believed,his rival suspected,the man said,his friend recalls,,should see,a painting,at the museum.,5.770357,8.1946955,1.754401,1.754401,3.724106,11.074688,4.710458,12.398781,4.209423,7.4223370000000015,,,11.946219,9.6711365,4.263374,5.770156,7.539492,5.060451333333333,6.580562714285715,8.257639421052632
12,no,no,4,-wh_no_gap,I realized,that,the painter believed,his rival suspected,the man said,his friend recalls,the suffering artist,should see,a painting,at the museum.,5.770357,8.1946955,1.754401,1.754401,3.724106,11.074688,4.710458,12.398781,4.209423,7.4223370000000015,3.363509,10.773931,8.459549,7.967525,3.898826,5.7123695,7.799946,5.238833666666667,7.5398083,8.464967863636364
12,yes,yes,4,+wh_gap,I realized,who,the painter believed,his rival suspected,the man said,his friend recalls,,should see,a painting,at the museum.,5.770357,8.1946955,10.345058,10.345058,4.941559,11.100815000000003,7.891986,12.845481666666666,7.684862,8.354190333333333,,,11.886379,9.917707,4.148491,5.5274795,7.052376,4.658853333333333,6.409561857142856,8.868570684210527
12,yes,no,4,+wh_no_gap,I realized,who,the painter believed,his rival suspected,the man said,his friend recalls,the suffering artist,should see,a painting,at the museum.,5.770357,8.1946955,10.345058,10.345058,4.941559,11.100815000000003,7.891986,12.845481666666666,7.684862,8.354190333333333,5.98608,10.943825666666667,8.351102,7.7074359999999995,6.393747,6.9127765,7.552882,5.015889666666667,7.711957100000001,9.125249136363637
11,no,yes,0,-wh_gap,Her friend found out,that,,,,,,could tell,a story,to the guests.,10.989427,8.253259,2.556999,2.556999,,,,,,,,,14.010113,11.9312305,3.504093,3.6438565,7.417398,7.596431,7.7056381428571425,7.4591251666666665
11,no,no,0,-wh_no_gap,Her friend found out,that,,,,,the visitor,could tell,a story,to the guests.,10.989433,8.25327,2.557032,2.557032,,,,,,,3.42683,8.669238,8.541616,8.5234795,5.725248,4.6010215,5.714472,5.131530333333333,6.553563222222222,6.753727214285712
11,yes,yes,0,+wh_gap,Her friend found out,who,,,,,,could tell,a story,to the guests.,10.989427,8.253259,7.261619,7.261619,,,,,,,,,9.870119,8.4608055,6.207933,4.3022415,5.924827,6.8746426666666665,6.592860285714286,7.202056416666665
11,yes,no,0,+wh_no_gap,Her friend found out,who,,,,,the visitor,could tell,a story,to the guests.,10.989433,8.25327,7.261553,7.261553,,,,,,,3.437658,8.532691999999999,11.475233,9.773486,8.356374,5.962441500000001,2.671849,5.197408333333334,7.125496,7.457435500000001
11,no,yes,1,-wh_gap,Her friend found out,that,my friend believed,,,,,could tell,a story,to the guests.,10.989433,8.25327,2.557032,2.557032,6.78523,7.769661666666667,,,,,,,16.536095,12.5116385,4.144983,3.759731,5.916696,7.312661666666667,7.78296057142857,7.5573214
11,no,no,1,-wh_no_gap,Her friend found out,that,my friend believed,,,,the visitor,could tell,a story,to the guests.,10.989433,8.25327,2.557032,2.557032,6.78523,7.769661666666667,,,,,4.20632,10.2941225,7.91485,7.5137605,5.558852,4.1581399999999995,5.399564,5.4547773333333325,6.699597555555556,7.010322058823529
11,yes,yes,1,+wh_gap,Her friend found out,who,my friend believed,,,,,could tell,a story,to the guests.,10.989433,8.25327,7.261553,7.261553,7.276036,8.409035333333334,,,,,,,9.871898,8.9669405,5.211345,3.833207,5.275914,7.188777333333333,6.7380895714285725,7.5112244
11,yes,no,1,+wh_no_gap,Her friend found out,who,my friend believed,,,,the visitor,could tell,a story,to the guests.,10.989433,8.25327,7.261553,7.261553,7.276036,8.409035333333334,,,,,7.455864,11.533854999999999,10.165787,9.782623000000001,7.892085,5.6803275,3.379962,5.319254,7.772374777777778,7.967830117647059
11,no,yes,2,-wh_gap,Her friend found out,that,my friend believed,the professor said,,,,could tell,a story,to the guests.,10.989433,8.25327,2.557032,2.557032,6.78523,7.769661666666667,4.20632,7.821631333333333,,,,,15.389493,11.742663499999999,3.967364,3.905865,6.16347,7.478507666666666,7.676082857142857,7.5598095
11,no,no,2,-wh_no_gap,Her friend found out,that,my friend believed,the professor said,,,the visitor,could tell,a story,to the guests.,10.989433,8.25327,2.557032,2.557032,6.78523,7.769661666666667,4.20632,7.821631333333333,,,3.635411,10.1764585,5.802665,6.387395,5.076711,3.9870315000000005,5.653694,5.6499880000000005,6.450192666666667,7.019786249999998
11,yes,yes,2,+wh_gap,Her friend found out,who,my friend believed,the professor said,,,,could tell,a story,to the guests.,10.989433,8.25327,7.261553,7.261553,7.276036,8.409035333333334,7.455864,9.339802,,,,,9.921581,8.708064,4.780836,3.9564465,5.164554,7.301905333333333,6.747819571428572,7.819771222222221
11,yes,no,2,+wh_no_gap,Her friend found out,who,my friend believed,the professor said,,,the visitor,could tell,a story,to the guests.,10.989433,8.25327,7.261553,7.261553,7.276036,8.409035333333334,7.455864,9.339802,,,6.130578,10.798444,8.345758,7.9892945,6.681968,4.941136500000001,4.801905,5.749495333333333,7.189581777777779,7.911369050000002
11,no,yes,3,-wh_gap,Her friend found out,that,my friend believed,the professor said,his colleague noticed,,,could tell,a story,to the guests.,10.989433,8.25327,2.557032,2.557032,6.78523,7.769661666666667,4.20632,7.821631333333333,6.944236,10.799994666666668,,,16.580553,12.196814,4.255444,4.846728499999999,6.119099,7.097629333333333,7.911424714285714,8.101140380952383
11,no,no,3,-wh_no_gap,Her friend found out,that,my friend believed,the professor said,his colleague noticed,,the visitor,could tell,a story,to the guests.,10.989433,8.25327,2.557032,2.557032,6.78523,7.769661666666667,4.20632,7.821631333333333,6.944236,10.799994666666668,3.021495,8.4110115,10.887088,8.967402,4.9196,4.9080200000000005,5.926025,5.923852666666666,6.927158333333334,7.699495652173915
11,yes,yes,3,+wh_gap,Her friend found out,who,my friend believed,the professor said,his colleague noticed,,,could tell,a story,to the guests.,10.989433,8.25327,7.261553,7.261553,7.276036,8.409035333333334,7.455864,9.339802,8.706883,12.738583999999998,,,12.918771,10.586248999999999,4.433237,4.1342475,5.94607,7.318269333333333,7.342257285714284,8.720604666666667
11,yes,no,3,+wh_no_gap,Her friend found out,who,my friend believed,the professor said,his colleague noticed,,the visitor,could tell,a story,to the guests.,10.989433,8.25327,7.261553,7.261553,7.276036,8.409035333333334,7.455864,9.339802,8.706883,12.738583999999998,4.78556,9.265678000000001,11.304863,9.103375999999999,5.249639,4.8666465,5.853582,6.1723343333333345,7.220933777777778,8.55327395652174
11,no,yes,4,-wh_gap,Her friend found out,that,my friend believed,the professor said,his colleague noticed,their students recalled,,could tell,a story,to the guests.,10.989433,8.25327,2.557032,2.557032,6.78523,7.769661666666667,4.20632,7.821631333333333,6.944236,10.799994666666668,,,16.580553,12.196814,4.255444,4.846728499999999,6.119099,7.097629333333333,7.911424714285714,8.101140380952383
11,no,no,4,-wh_no_gap,Her friend found out,that,my friend believed,the professor said,his colleague noticed,their students recalled,the visitor,could tell,a story,to the guests.,10.989433,8.25327,2.557032,2.557032,6.78523,7.769661666666667,4.20632,7.821631333333333,6.944236,10.799994666666668,3.021495,8.4110115,10.887088,8.967402,4.9196,4.9080200000000005,5.926025,5.923852666666666,6.927158333333334,7.699495652173915
11,yes,yes,4,+wh_gap,Her friend found out,who,my friend believed,the professor said,his colleague noticed,their students recalled,,could tell,a story,to the guests.,10.989433,8.25327,7.261553,7.261553,7.276036,8.409035333333334,7.455864,9.339802,8.706883,12.738583999999998,,,12.918771,10.586248999999999,4.433237,4.1342475,5.94607,7.318269333333333,7.342257285714284,8.720604666666667
11,yes,no,4,+wh_no_gap,Her friend found out,who,my friend believed,the professor said,his colleague noticed,their students recalled,the visitor,could tell,a story,to the guests.,10.989433,8.25327,7.261553,7.261553,7.276036,8.409035333333334,7.455864,9.339802,8.706883,12.738583999999998,4.78556,9.265678000000001,11.304863,9.103375999999999,5.249639,4.8666465,5.853582,6.1723343333333345,7.220933777777778,8.55327395652174
10,no,yes,0,-wh_gap,The newspaper reported,that,,,,,,might sell,a car,to his friend.,4.729313,7.195905333333333,0.76549,0.76549,,,,,,,,,17.042315,14.821257499999998,4.785232,6.045659,2.430264,5.252393333333333,8.213001857142858,7.258565363636364
10,no,no,0,-wh_no_gap,The newspaper reported,that,,,,,the boss,might sell,a car,to his friend.,4.729286,7.195894666666667,0.765484,0.765484,,,,,,,2.480973,6.881776,12.460127,11.4347915,5.216063,6.350137,2.111759,4.538364333333333,6.9942779999999996,6.561666923076923
10,yes,yes,0,+wh_gap,The newspaper reported,who,,,,,,might sell,a car,to his friend.,4.729313,7.195905333333333,14.544697,14.544697,,,,,,,,,7.44349,9.840266,5.049845,5.240599,1.998691,4.939464,6.425731714285715,7.373866818181816
10,yes,no,0,+wh_no_gap,The newspaper reported,who,,,,,the boss,might sell,a car,to his friend.,4.729286,7.195894666666667,14.544712,14.544712,,,,,,,4.618148,7.4735205,8.043106,11.144314,6.80285,6.70731,0.838102,5.8164283333333335,7.566619333333334,8.017843846153848
10,no,yes,1,-wh_gap,The newspaper reported,that,the investigator thought,,,,,might sell,a car,to his friend.,4.729281,7.195885333333334,0.765479,0.765479,2.480964,8.914227666666667,,,,,,,14.186824,13.247377,4.360334,5.1600195,1.828474,4.256155333333333,7.083322714285715,7.048505499999999
10,no,no,1,-wh_no_gap,The newspaper reported,that,the investigator thought,,,,the boss,might sell,a car,to his friend.,4.729281,7.195885333333334,0.765479,0.765479,2.480964,8.914227666666667,,,,,2.353284,7.539906,5.467101,8.4879055,4.619979,5.102157999999999,1.889784,4.121507,6.069384444444444,6.4825173750000005
10,yes,yes,1,+wh_gap,The newspaper reported,who,the investigator thought,,,,,might sell,a car,to his friend.,4.729281,7.195885333333334,14.544717,14.544717,4.618145,8.152975,,,,,,,5.148271,8.744802,5.067213,5.179918,1.530617,4.398849333333334,5.863712571428571,7.259806142857144
10,yes,no,1,+wh_no_gap,The newspaper reported,who,the investigator thought,,,,the boss,might sell,a car,to his friend.,4.729281,7.195885333333334,14.544717,14.544717,4.618145,8.152975,,,,,4.598378,8.523899,4.623354,9.767091,5.889697,5.4985219999999995,1.095481,5.089303999999999,6.982992888888889,7.714889625
10,no,yes,2,-wh_gap,The newspaper reported,that,the investigator thought,the businessman believed,,,,might sell,a car,to his friend.,4.729281,7.195885333333334,0.765479,0.765479,2.480964,8.914227666666667,2.353284,7.578341333333333,,,,,15.129479,12.3709925,4.751959,4.889704,1.629535,3.92235,6.612634714285713,6.948193235294117
10,no,no,2,-wh_no_gap,The newspaper reported,that,the investigator thought,the businessman believed,,,the boss,might sell,a car,to his friend.,4.729281,7.195885333333334,0.765479,0.765479,2.480964,8.914227666666667,2.353284,7.578341333333333,,,2.532215,7.423664499999999,6.804862,7.8813575,4.924091,4.941459,1.838194,4.068461333333333,5.855371777777777,6.554167789473684
10,yes,yes,2,+wh_gap,The newspaper reported,who,the investigator thought,the businessman believed,,,,might sell,a car,to his friend.,4.729281,7.195885333333334,14.544717,14.544717,4.618145,8.152975,4.598378,8.205981666666666,,,,,7.516003,9.089823,5.032824,5.1543885,1.418784,3.982707333333334,5.776649285714286,7.390928705882352
10,yes,no,2,+wh_no_gap,The newspaper reported,who,the investigator thought,the businessman believed,,,the boss,might sell,a car,to his friend.,4.729281,7.195885333333334,14.544717,14.544717,4.618145,8.152975,4.598378,8.205981666666666,,,5.965925,8.77863,5.863649,9.08911,5.580646,5.280253,1.387321,4.588762666666667,6.673585999999999,7.645869315789471
10,no,yes,3,-wh_gap,The newspaper reported,that,the investigator thought,the businessman believed,the banker said,,,might sell,a car,to his friend.,4.729281,7.195885333333334,0.765479,0.765479,2.480964,8.914227666666667,2.353284,7.578341333333333,2.532215,7.943825,,,13.430759,10.534012,4.965823,5.2845295,1.767776,3.9068183333333337,6.193934,6.950992749999999
10,no,no,3,-wh_no_gap,The newspaper reported,that,the investigator thought,the businessman believed,the banker said,,the boss,might sell,a car,to his friend.,4.729281,7.195885333333334,0.765479,0.765479,2.480964,8.914227666666667,2.353284,7.578341333333333,2.532215,7.943825,3.196729,7.13227,7.8682,7.8747245,5.124728,5.2730325,2.068606,4.126506,5.882174666666668,6.754631318181817
10,yes,yes,3,+wh_gap,The newspaper reported,who,the investigator thought,the businessman believed,the banker said,,,might sell,a car,to his friend.,4.729281,7.195885333333334,14.544717,14.544717,4.618145,8.152975,4.598378,8.205981666666666,5.965925,8.553129666666667,,,8.410871,8.878880500000001,5.115241,5.5751915,1.635845,3.796873,5.756966142857143,7.55836975
10,yes,no,3,+wh_no_gap,The newspaper reported,who,the investigator thought,the businessman believed,the banker said,,the boss,might sell,a car,to his friend.,4.729281,7.195885333333334,14.544717,14.544717,4.618145,8.152975,4.598378,8.205981666666666,5.965925,8.553129666666667,5.607449,7.9769805,7.306463,8.3256995,5.377569,5.5239095,1.860296,4.263001,6.271353555555556,7.605036999999999
10,no,yes,4,-wh_gap,The newspaper reported,that,the investigator thought,the businessman believed,the banker said,his friend believes,,might sell,a car,to his friend.,4.729281,7.195885333333334,0.765479,0.765479,2.480964,8.914227666666667,2.353284,7.578341333333333,2.532215,7.943825,,,13.430759,10.534012,4.965823,5.2845295,1.767776,3.9068183333333337,6.193934,6.950992749999999
10,no,no,4,-wh_no_gap,The newspaper reported,that,the investigator thought,the businessman believed,the banker said,his friend believes,the boss,might sell,a car,to his friend.,4.729281,7.195885333333334,0.765479,0.765479,2.480964,8.914227666666667,2.353284,7.578341333333333,2.532215,7.943825,3.196729,7.13227,7.8682,7.8747245,5.124728,5.2730325,2.068606,4.126506,5.882174666666668,6.754631318181817
10,yes,yes,4,+wh_gap,The newspaper reported,who,the investigator thought,the businessman believed,the banker said,his friend believes,,might sell,a car,to his friend.,4.729281,7.195885333333334,14.544717,14.544717,4.618145,8.152975,4.598378,8.205981666666666,5.965925,8.553129666666667,,,8.410871,8.878880500000001,5.115241,5.5751915,1.635845,3.796873,5.756966142857143,7.55836975
10,yes,no,4,+wh_no_gap,The newspaper reported,who,the investigator thought,the businessman believed,the banker said,his friend believes,the boss,might sell,a car,to his friend.,4.729281,7.195885333333334,14.544717,14.544717,4.618145,8.152975,4.598378,8.205981666666666,5.965925,8.553129666666667,5.607449,7.9769805,7.306463,8.3256995,5.377569,5.5239095,1.860296,4.263001,6.271353555555556,7.605036999999999
9,no,yes,0,-wh_gap,I know,that,,,,,,will promise,a raise,to the factory workers.,5.770367,5.65805,2.74974,2.74974,,,,,,,,,10.104314,13.5317975,3.712603,8.817456,5.266078,6.29936,8.736993375,7.632889727272729
9,no,no,0,-wh_no_gap,I know,that,,,,,the business man,will promise,a raise,to the factory workers.,5.770357,5.658020499999999,2.749692,2.749692,,,,,,,4.424222,8.55309,4.989956,8.837379,4.942095,7.9443525,4.214039,5.17849525,7.266973999999999,6.7144605
9,yes,yes,0,+wh_gap,I know,who,,,,,,will promise,a raise,to the factory workers.,5.770367,5.65805,8.366545,8.366545,,,,,,,,,7.595085,10.985723,5.117687,8.437249000000001,3.312593,5.37944975,7.545467875,7.276944363636363
9,yes,no,0,+wh_no_gap,I know,who,,,,,the business man,will promise,a raise,to the factory workers.,5.770357,5.658020499999999,8.366485,8.366485,,,,,,,5.844156,7.7494629999999995,8.804101,13.521222999999999,7.011319,9.1369495,3.296532,5.048498499999999,8.068975272727274,7.7458038571428585
9,no,yes,1,-wh_gap,I know,that,the secretary said,,,,,will promise,a raise,to the factory workers.,5.770357,5.658020499999999,2.749692,2.749692,4.424222,8.893688333333333,,,,,,,14.162697,15.207033,4.743696,8.226785,3.456849,5.48316175,8.600035375000001,7.824791499999999
9,no,no,1,-wh_no_gap,I know,that,the secretary said,,,,the business man,will promise,a raise,to the factory workers.,5.770357,5.658020499999999,2.749692,2.749692,4.424222,8.893688333333333,,,,,4.901655,8.679367666666666,5.303523,9.6243735,4.701929,7.4470995,4.019049,4.85143875,7.235163999999998,7.078447176470587
9,yes,yes,1,+wh_gap,I know,who,the secretary said,,,,,will promise,a raise,to the factory workers.,5.770357,5.658020499999999,8.366485,8.366485,5.844156,8.270882,,,,,,,8.771602,12.710981,4.742809,7.8745025,3.224088,5.46152825,7.877135000000001,7.679446571428572
9,yes,no,1,+wh_no_gap,I know,who,the secretary said,,,,the business man,will promise,a raise,to the factory workers.,5.770357,5.658020499999999,8.366485,8.366485,5.844156,8.270882,,,,,6.082597,8.216895333333333,7.585481,12.420461499999998,5.987743,8.1456385,3.543646,4.92964175,7.772859363636365,7.646860294117647
9,no,yes,2,-wh_gap,I know,that,the secretary said,the journalist remarked,,,,will promise,a raise,to the factory workers.,5.770357,5.658020499999999,2.749692,2.749692,4.424222,8.893688333333333,4.901655,11.127420666666666,,,,,16.659944,17.2132935,4.250032,8.7919,3.779899,5.72038375,9.36149025,8.765940117647059
9,no,no,2,-wh_no_gap,I know,that,the secretary said,the journalist remarked,,,the business man,will promise,a raise,to the factory workers.,5.770357,5.658020499999999,2.749692,2.749692,4.424222,8.893688333333333,4.901655,11.127420666666666,,,6.484504,8.220996,8.225319,11.492288,4.223999,7.5837915,4.310432,5.18305875,7.595216545454545,7.883822100000001
9,yes,yes,2,+wh_gap,I know,who,the secretary said,the journalist remarked,,,,will promise,a raise,to the factory workers.,5.770357,5.658020499999999,8.366485,8.366485,5.844156,8.270882,6.082597,12.269360666666666,,,,,12.873871,15.094003999999998,4.409617,8.950462,3.65017,5.80811625,8.915174624999999,8.977920647058822
9,yes,no,2,+wh_no_gap,I know,who,the secretary said,the journalist remarked,,,the business man,will promise,a raise,to the factory workers.,5.770357,5.658020499999999,8.366485,8.366485,5.844156,8.270882,6.082597,12.269360666666666,,,6.234933,8.020445,8.12672,11.4913345,4.315291,7.6980685,4.167697,5.2709850000000005,7.593098272727274,8.241366750000001
9,no,yes,3,-wh_gap,I know,that,the secretary said,the journalist remarked,the workers said,,,will promise,a raise,to the factory workers.,5.770357,5.658020499999999,2.749692,2.749692,4.424222,8.893688333333333,4.901655,11.127420666666666,6.484504,9.247617333333332,,,12.541062,14.58383,4.294924,6.7901345,4.01332,5.4924652499999995,8.089723750000001,8.329485100000001
9,no,no,3,-wh_no_gap,I know,that,the secretary said,the journalist remarked,the workers said,,the business man,will promise,a raise,to the factory workers.,5.770357,5.658020499999999,2.749692,2.749692,4.424222,8.893688333333333,4.901655,11.127420666666666,6.484504,9.247617333333332,2.751171,6.722236333333334,8.211063,11.0001535,4.479435,6.8511074999999995,4.278623,4.76329775,6.811129272727272,7.686710173913045
9,yes,yes,3,+wh_gap,I know,who,the secretary said,the journalist remarked,the workers said,,,will promise,a raise,to the factory workers.,5.770357,5.658020499999999,8.366485,8.366485,5.844156,8.270882,6.082597,12.269360666666666,6.234933,9.461421666666666,,,10.935016,13.733501999999998,4.260375,6.821226,3.779765,5.46776325,7.872563625,8.6334014
9,yes,no,3,+wh_no_gap,I know,who,the secretary said,the journalist remarked,the workers said,,the business man,will promise,a raise,to the factory workers.,5.770357,5.658020499999999,8.366485,8.366485,5.844156,8.270882,6.082597,12.269360666666666,6.234933,9.461421666666666,2.675347,6.508546333333332,8.223688,10.97308,4.499384,6.832891500000001,4.09915,4.786443,6.753032181818182,7.998733608695653
9,no,yes,4,-wh_gap,I know,that,the secretary said,the journalist remarked,the workers said,their representatives think,,will promise,a raise,to the factory workers.,5.770357,5.658020499999999,2.749692,2.749692,4.424222,8.893688333333333,4.901655,11.127420666666666,6.484504,9.247617333333332,,,12.541062,14.58383,4.294924,6.7901345,4.01332,5.4924652499999995,8.089723750000001,8.329485100000001
9,no,no,4,-wh_no_gap,I know,that,the secretary said,the journalist remarked,the workers said,their representatives think,the business man,will promise,a raise,to the factory workers.,5.770357,5.658020499999999,2.749692,2.749692,4.424222,8.893688333333333,4.901655,11.127420666666666,6.484504,9.247617333333332,2.751171,6.722236333333334,8.211063,11.0001535,4.479435,6.8511074999999995,4.278623,4.76329775,6.811129272727272,7.686710173913045
9,yes,yes,4,+wh_gap,I know,who,the secretary said,the journalist remarked,the workers said,their representatives think,,will promise,a raise,to the factory workers.,5.770357,5.658020499999999,8.366485,8.366485,5.844156,8.270882,6.082597,12.269360666666666,6.234933,9.461421666666666,,,10.935016,13.733501999999998,4.260375,6.821226,3.779765,5.46776325,7.872563625,8.6334014
9,yes,no,4,+wh_no_gap,I know,who,the secretary said,the journalist remarked,the workers said,their representatives think,the business man,will promise,a raise,to the factory workers.,5.770357,5.658020499999999,8.366485,8.366485,5.844156,8.270882,6.082597,12.269360666666666,6.234933,9.461421666666666,2.675347,6.508546333333332,8.223688,10.97308,4.499384,6.832891500000001,4.09915,4.786443,6.753032181818182,7.998733608695653
8,no,yes,0,-wh_gap,We all know,that,,,,,,might repay,his debt,to the criminal kingpin.,7.155761,4.352876,1.582246,1.582246,,,,,,,,,15.801591,17.935616500000002,9.246454,5.995026,1.71113,5.4778418,8.361166,6.914720615384615
8,no,no,0,-wh_no_gap,We all know,that,,,,,the investor,might repay,his debt,to the criminal kingpin.,7.155761,4.352871333333334,1.582244,1.582244,,,,,,,3.681979,9.831935,9.603488,12.7840895,3.352334,3.1998065,3.74361,6.2601288,7.539300545454546,6.504877600000001
8,yes,yes,0,+wh_gap,We all know,who,,,,,,might repay,his debt,to the criminal kingpin.,7.155761,4.352876,7.268273,7.268273,,,,,,,,,9.268971,13.350692,6.822351,3.8903895,2.304628,5.441736799999999,6.854538555555555,6.3090575384615395
8,yes,no,0,+wh_no_gap,We all know,who,,,,,the investor,might repay,his debt,to the criminal kingpin.,7.155761,4.352871333333334,7.268249,7.268249,,,,,,,4.041303,9.9292215,8.189635,14.286896500000001,4.130993,3.489013,1.714447,5.8216694,7.683509909090909,6.9896981333333335
8,no,yes,1,-wh_gap,We all know,that,the accountant said,,,,,might repay,his debt,to the criminal kingpin.,7.155761,4.352871333333334,1.582244,1.582244,3.681979,10.50842,,,,,,,15.19882,15.764902499999998,3.376782,3.0753655,4.162158,5.911433000000001,7.470855666666665,7.087738687499999
8,no,no,1,-wh_no_gap,We all know,that,the accountant said,,,,the investor,might repay,his debt,to the criminal kingpin.,7.155761,4.352871333333334,1.582244,1.582244,3.681979,10.50842,,,,,4.361756,7.643471,7.031926,9.854308,3.452256,3.4625465,4.962492,6.7480975999999995,6.878285363636365,6.7681809444444445
8,yes,yes,1,+wh_gap,We all know,who,the accountant said,,,,,might repay,his debt,to the criminal kingpin.,7.155761,4.352871333333334,7.268249,7.268249,4.041303,9.878346,,,,,,,9.924908,12.3689645,2.725452,2.611046,3.983025,5.693829,6.492129555555556,6.7744416874999995
8,yes,no,1,+wh_no_gap,We all know,who,the accountant said,,,,the investor,might repay,his debt,to the criminal kingpin.,7.155761,4.352871333333334,7.268249,7.268249,4.041303,9.878346,,,,,5.12367,8.2808455,7.38351,10.6312895,5.260728,4.315897,2.770607,6.295397400000001,7.084822818181817,7.105275111111111
8,no,yes,2,-wh_gap,We all know,that,the accountant said,his colleague recalled,,,,might repay,his debt,to the criminal kingpin.,7.155761,4.352871333333334,1.582244,1.582244,3.681979,10.50842,6.918623,10.702779333333332,,,,,17.179053,15.803314499999999,3.097152,3.1799014999999997,3.922472,5.9665707999999995,7.5332539999999995,7.6880916842105265
8,no,no,2,-wh_no_gap,We all know,that,the accountant said,his colleague recalled,,,the investor,might repay,his debt,to the criminal kingpin.,7.155761,4.352871333333334,1.582244,1.582244,3.681979,10.50842,6.918623,10.702779333333332,,,2.965648,8.430092,13.145092,12.3519065,2.979603,3.2468445,4.700105,6.5745588,7.357316363636363,7.58118742857143
8,yes,yes,2,+wh_gap,We all know,who,the accountant said,his colleague recalled,,,,might repay,his debt,to the criminal kingpin.,7.155761,4.352871333333334,7.268249,7.268249,4.041303,9.878346,7.682409,11.947271666666666,,,,,14.175596,14.712814,2.7512,2.748627,3.484119,5.7961638,7.100411222222222,7.879337736842105
8,yes,no,2,+wh_no_gap,We all know,who,the accountant said,his colleague recalled,,,the investor,might repay,his debt,to the criminal kingpin.,7.155761,4.352871333333334,7.268249,7.268249,4.041303,9.878346,7.682409,11.947271666666666,,,5.166874,9.8869065,11.342269,11.778819,4.095118,3.7129010000000005,4.012486,6.462595,7.551838909090909,8.04161638095238
8,no,yes,3,-wh_gap,We all know,that,the accountant said,his colleague recalled,the partners knew,,,might repay,his debt,to the criminal kingpin.,7.155761,4.352871333333334,1.582244,1.582244,3.681979,10.50842,6.918623,10.702779333333332,2.965648,11.059219666666666,,,16.714138,15.119910999999998,4.999546,4.604971,4.623251,6.0788314,7.760435666666664,8.240728909090912
8,no,no,3,-wh_no_gap,We all know,that,the accountant said,his colleague recalled,the partners knew,,the investor,might repay,his debt,to the criminal kingpin.,7.155761,4.352871333333334,1.582244,1.582244,3.681979,10.50842,6.918623,10.702779333333332,2.965648,11.059219666666666,3.841922,7.3513065,9.544028,10.4499775,4.073573,4.052019,5.271596,6.5747564,6.961853454545454,7.834687625000001
8,yes,yes,3,+wh_gap,We all know,who,the accountant said,his colleague recalled,the partners knew,,,might repay,his debt,to the criminal kingpin.,7.155761,4.352871333333334,7.268249,7.268249,4.041303,9.878346,7.682409,11.947271666666666,5.166874,11.108915333333334,,,13.800131,13.8140185,4.771991,4.343948,4.354324,5.996775399999999,7.366645555555555,8.428648727272726
8,yes,no,3,+wh_no_gap,We all know,who,the accountant said,his colleague recalled,the partners knew,,the investor,might repay,his debt,to the criminal kingpin.,7.155761,4.352871333333334,7.268249,7.268249,4.041303,9.878346,7.682409,11.947271666666666,5.166874,11.108915333333334,4.762099,7.981569,9.490208,10.479868,4.4082,4.149203,4.965299,6.5152648,7.072509454545455,8.205336083333334
8,no,yes,4,-wh_gap,We all know,that,the accountant said,his colleague recalled,the partners knew,their accountant suspects,,might repay,his debt,to the criminal kingpin.,7.155761,4.352871333333334,1.582244,1.582244,3.681979,10.50842,6.918623,10.702779333333332,2.965648,11.059219666666666,,,16.714138,15.119910999999998,4.999546,4.604971,4.623251,6.0788314,7.760435666666664,8.240728909090912
8,no,no,4,-wh_no_gap,We all know,that,the accountant said,his colleague recalled,the partners knew,their accountant suspects,the investor,might repay,his debt,to the criminal kingpin.,7.155761,4.352871333333334,1.582244,1.582244,3.681979,10.50842,6.918623,10.702779333333332,2.965648,11.059219666666666,3.841922,7.3513065,9.544028,10.4499775,4.073573,4.052019,5.271596,6.5747564,6.961853454545454,7.834687625000001
8,yes,yes,4,+wh_gap,We all know,who,the accountant said,his colleague recalled,the partners knew,their accountant suspects,,might repay,his debt,to the criminal kingpin.,7.155761,4.352871333333334,7.268249,7.268249,4.041303,9.878346,7.682409,11.947271666666666,5.166874,11.108915333333334,,,13.800131,13.8140185,4.771991,4.343948,4.354324,5.996775399999999,7.366645555555555,8.428648727272726
8,yes,no,4,+wh_no_gap,We all know,who,the accountant said,his colleague recalled,the partners knew,their accountant suspects,the investor,might repay,his debt,to the criminal kingpin.,7.155761,4.352871333333334,7.268249,7.268249,4.041303,9.878346,7.682409,11.947271666666666,5.166874,11.108915333333334,4.762099,7.981569,9.490208,10.479868,4.4082,4.149203,4.965299,6.5152648,7.072509454545455,8.205336083333334
7,no,yes,0,-wh_gap,The commissioner discovered,that,,,,,,will lend,some money,to the man.,4.729313,11.130969333333333,1.598439,1.598439,,,,,,,,,14.516336,14.537329,5.360343,7.7075415000000005,0.266463,4.1517116666666665,8.134982285714287,8.357838454545455
7,no,no,0,-wh_no_gap,The commissioner discovered,that,,,,,the police detective,will lend,some money,to the man.,4.729281,11.130974333333333,1.598462,1.598462,,,,,,,2.569103,7.265045333333333,10.663365,13.2561525,7.165588,6.296561,0.468186,3.112963666666667,7.0239454,7.5164884999999995
7,yes,yes,0,+wh_gap,The commissioner discovered,who,,,,,,will lend,some money,to the man.,4.729313,11.130969333333333,10.995054,10.995054,,,,,,,,,7.987129,11.236023,8.997041,6.043658,0.551528,3.857481,6.590257857142857,8.229069727272728
7,yes,no,0,+wh_no_gap,The commissioner discovered,who,,,,,the police detective,will lend,some money,to the man.,4.729281,11.130974333333333,10.995054,10.995054,,,,,,,3.775712,7.824421666666666,9.290912,13.755250499999999,8.983651,6.479426,0.212746,4.755151000000001,7.820807100000001,8.75686057142857
7,no,yes,1,-wh_gap,The commissioner discovered,that,the report stated,,,,,will lend,some money,to the man.,4.729281,11.130974333333333,1.598462,1.598462,2.569103,6.872440666666667,,,,,,,16.625014,15.832597,5.72551,9.558250000000001,0.159457,4.3744819999999995,9.129305714285715,8.536703357142857
7,no,no,1,-wh_no_gap,The commissioner discovered,that,the report stated,,,,the police detective,will lend,some money,to the man.,4.729281,11.130974333333333,1.598462,1.598462,2.569103,6.872440666666667,,,,,4.212577,8.104700666666666,10.365081,13.580039,7.293894,6.448518,0.477091,3.1923470000000003,7.394825700000001,7.620997882352941
7,yes,yes,1,+wh_gap,The commissioner discovered,who,the report stated,,,,,will lend,some money,to the man.,4.729281,11.130974333333333,10.995054,10.995054,3.775712,8.4634,,,,,,,9.67863,12.683939500000001,7.618,7.794345,0.500214,4.110276333333334,7.612485428571429,8.790398214285714
7,yes,no,1,+wh_no_gap,The commissioner discovered,who,the report stated,,,,the police detective,will lend,some money,to the man.,4.729281,11.130974333333333,10.995054,10.995054,3.775712,8.4634,,,,,4.491237,7.897049,9.731325,14.185979499999998,8.754755,7.0632985,0.329781,3.8942856666666668,7.787256000000001,8.685337470588236
7,no,yes,2,-wh_gap,The commissioner discovered,that,the report stated,the television host thought,,,,will lend,some money,to the man.,4.729281,11.130974333333333,1.598462,1.598462,2.569103,6.872440666666667,4.212577,9.646478,,,,,15.38463,14.8870435,6.94274,8.048921,0.437427,4.316176666666666,8.402922714285713,8.500837666666664
7,no,no,2,-wh_no_gap,The commissioner discovered,that,the report stated,the television host thought,,,the police detective,will lend,some money,to the man.,4.729281,11.130974333333333,1.598462,1.598462,2.569103,6.872440666666667,4.212577,9.646478,,,2.548626,7.446328,11.35625,13.106667999999999,6.555399,6.636212,0.670526,3.218459333333333,7.148012199999999,7.88927338095238
7,yes,yes,2,+wh_gap,The commissioner discovered,who,the report stated,the television host thought,,,,will lend,some money,to the man.,4.729281,11.130974333333333,10.995054,10.995054,3.775712,8.4634,4.491237,8.922614249999999,,,,,9.841714,12.100065,7.838962,8.084117500000001,0.471964,4.097004666666666,7.522768428571429,8.784889611111112
7,yes,no,2,+wh_no_gap,The commissioner discovered,who,the report stated,the television host thought,,,the police detective,will lend,some money,to the man.,4.729281,11.130974333333333,10.995054,10.995054,3.775712,8.4634,4.491237,8.922614249999999,,,4.543668,7.802974666666667,10.175188,13.489685999999999,7.87349,7.369168,0.556051,3.437293,7.5438511,8.614625952380951
7,no,yes,3,-wh_gap,The commissioner discovered,that,the report stated,the television host thought,the man reported,,,will lend,some money,to the man.,4.729281,11.130974333333333,1.598462,1.598462,2.569103,6.872440666666667,4.212577,9.646478,2.548626,7.099831666666667,,,14.37397,15.005536,6.705616,6.560373,0.42954,3.6522296666666665,7.72692957142857,8.075362904761906
7,no,no,3,-wh_no_gap,The commissioner discovered,that,the report stated,the television host thought,the man reported,,the police detective,will lend,some money,to the man.,4.729281,11.130974333333333,1.598462,1.598462,2.569103,6.872440666666667,4.212577,9.646478,2.548626,7.099831666666667,2.202684,7.583539333333333,12.866721,14.205566000000001,6.613261,6.6176075,0.734558,2.702954,7.2505827,7.833330875000001
7,yes,yes,3,+wh_gap,The commissioner discovered,who,the report stated,the television host thought,the man reported,,,will lend,some money,to the man.,4.729281,11.130974333333333,10.995054,10.995054,3.775712,8.4634,4.491237,8.922614249999999,4.543668,7.439159666666666,,,12.342054,14.251171499999998,7.190094,7.411903000000001,0.502027,3.481978,7.681726142857142,8.64562838095238
7,yes,no,3,+wh_no_gap,The commissioner discovered,who,the report stated,the television host thought,the man reported,,the police detective,will lend,some money,to the man.,4.729281,11.130974333333333,10.995054,10.995054,3.775712,8.4634,4.491237,8.922614249999999,4.543668,7.439159666666666,4.324108,8.161855666666668,12.456042,14.59671,6.520349,7.6277185,0.733076,2.652263666666667,7.689121499999999,8.528222
7,no,yes,4,-wh_gap,The commissioner discovered,that,the report stated,the television host thought,the man reported,the lawyer said,,will lend,some money,to the man.,4.729281,11.130974333333333,1.598462,1.598462,2.569103,6.872440666666667,4.212577,9.646478,2.548626,7.099831666666667,,,14.37397,15.005536,6.705616,6.560373,0.42954,3.6522296666666665,7.72692957142857,8.075362904761906
7,no,no,4,-wh_no_gap,The commissioner discovered,that,the report stated,the television host thought,the man reported,the lawyer said,the police detective,will lend,some money,to the man.,4.729281,11.130974333333333,1.598462,1.598462,2.569103,6.872440666666667,4.212577,9.646478,2.548626,7.099831666666667,2.202684,7.583539333333333,12.866721,14.205566000000001,6.613261,6.6176075,0.734558,2.702954,7.2505827,7.833330875000001
7,yes,yes,4,+wh_gap,The commissioner discovered,who,the report stated,the television host thought,the man reported,the lawyer said,,will lend,some money,to the man.,4.729281,11.130974333333333,10.995054,10.995054,3.775712,8.4634,4.491237,8.922614249999999,4.543668,7.439159666666666,,,12.342054,14.251171499999998,7.190094,7.411903000000001,0.502027,3.481978,7.681726142857142,8.64562838095238
7,yes,no,4,+wh_no_gap,The commissioner discovered,who,the report stated,the television host thought,the man reported,the lawyer said,the police detective,will lend,some money,to the man.,4.729281,11.130974333333333,10.995054,10.995054,3.775712,8.4634,4.491237,8.922614249999999,4.543668,7.439159666666666,4.324108,8.161855666666668,12.456042,14.59671,6.520349,7.6277185,0.733076,2.652263666666667,7.689121499999999,8.528222
6,no,yes,0,-wh_gap,My friend knows,that,,,,,,should hand,an award,for her mother.,8.871096,8.834616333333333,3.638095,3.638095,,,,,,,,,13.170757,13.879262,10.320781,8.1413415,4.088909,7.123954,9.344724142857144,8.686819363636362
6,no,no,0,-wh_no_gap,My friend knows,that,,,,,the successful architect,should hand,an award,for her mother.,8.871096,8.834613333333332,3.638092,3.638092,,,,,,,4.230303,10.301096666666666,8.56543,10.559688999999999,9.926563,7.549329,5.412826,8.636267666666667,9.3030129,8.798004357142856
6,yes,yes,0,+wh_gap,My friend knows,who,,,,,,should hand,an award,for her mother.,8.871096,8.834616333333333,5.951974,5.951974,,,,,,,,,11.262553,11.543941,11.182835,7.8815165,4.561847,7.297218666666667,8.677510142857145,8.472581272727272
6,yes,no,0,+wh_no_gap,My friend knows,who,,,,,the successful architect,should hand,an award,for her mother.,8.871096,8.834613333333332,5.951905,5.951905,,,,,,,5.290214,9.997356666666667,10.32469,11.874438999999999,11.069689,7.118562,4.522288,8.138305666666666,9.2392989,8.917766714285714
6,no,yes,1,-wh_gap,My friend knows,that,the judge thought,,,,,should hand,an award,for her mother.,8.871096,8.834613333333332,3.638092,3.638092,4.230303,8.692709666666666,,,,,,,14.812083,13.917271,8.549643,6.222887,5.031269,6.863361333333334,8.69577142857143,8.363604357142856
6,no,no,1,-wh_no_gap,My friend knows,that,the judge thought,,,,the successful architect,should hand,an award,for her mother.,8.871096,8.834613333333332,3.638092,3.638092,4.230303,8.692709666666666,,,,,4.014049,11.803837999999999,4.815759,7.7848715,9.586081,6.1582095,5.09288,7.445898666666667,8.5635372,8.344437235294118
6,yes,yes,1,+wh_gap,My friend knows,who,the judge thought,,,,,should hand,an award,for her mother.,8.871096,8.834613333333332,5.951905,5.951905,5.290214,7.929667666666666,,,,,,,7.263389,9.5262245,10.055545,7.0793885,4.691349,6.767498333333333,7.644817285714287,7.839890642857143
6,yes,no,1,+wh_no_gap,My friend knows,who,the judge thought,,,,the successful architect,should hand,an award,for her mother.,8.871096,8.834613333333332,5.951905,5.951905,5.290214,7.929667666666666,,,,,5.170451,11.716669999999999,4.901818,8.774905,10.734275,6.6999905,4.658394,7.292702000000001,8.7977907,8.483685588235293
6,no,yes,2,-wh_gap,My friend knows,that,the judge thought,the cop said,,,,should hand,an award,for her mother.,8.871096,8.834613333333332,3.638092,3.638092,4.230303,8.692709666666666,4.014049,7.732763333333334,,,,,13.610502,13.8416315,10.192028,8.507374,5.125568,6.903940666666667,9.344261857142858,8.51930494117647
6,no,no,2,-wh_no_gap,My friend knows,that,the judge thought,the cop said,,,the successful architect,should hand,an award,for her mother.,8.871096,8.834613333333332,3.638092,3.638092,4.230303,8.692709666666666,4.014049,7.732763333333334,,,3.393665,12.995942,4.249122,7.5575725,10.32874,6.8391575,4.860343,7.211538,8.94159,8.44171255
6,yes,yes,2,+wh_gap,My friend knows,who,the judge thought,the cop said,,,,should hand,an award,for her mother.,8.871096,8.834613333333332,5.951905,5.951905,5.290214,7.929667666666666,5.170451,8.096485,,,,,8.561466,10.393688000000001,11.107159,9.222222499999999,5.00144,6.883755000000001,8.554726571428573,8.259840529411765
6,yes,no,2,+wh_no_gap,My friend knows,who,the judge thought,the cop said,,,the successful architect,should hand,an award,for her mother.,8.871096,8.834613333333332,5.951905,5.951905,5.290214,7.929667666666666,5.170451,8.096485,,,5.200667,13.040690666666668,4.299047,7.925692,11.063239,7.4455965,4.708512,7.204625,9.147852400000001,8.60063635
6,no,yes,3,-wh_gap,My friend knows,that,the judge thought,the cop said,the man testified,,,should hand,an award,for her mother.,8.871096,8.834613333333332,3.638092,3.638092,4.230303,8.692709666666666,4.014049,7.732763333333334,3.393665,8.115598333333333,,,14.489405,13.774193,11.784038,9.505591500000001,5.411901,7.727817333333333,9.963288714285714,8.675408350000001
6,no,no,3,-wh_no_gap,My friend knows,that,the judge thought,the cop said,the man testified,,the successful architect,should hand,an award,for her mother.,8.871096,8.834613333333332,3.638092,3.638092,4.230303,8.692709666666666,4.014049,7.732763333333334,3.393665,8.115598333333333,5.669937,14.568256333333332,7.593496,9.317795499999999,10.897581,7.5500430000000005,5.026644,7.62939,10.0328616,8.873641826086956
6,yes,yes,3,+wh_gap,My friend knows,who,the judge thought,the cop said,the man testified,,,should hand,an award,for her mother.,8.871096,8.834613333333332,5.951905,5.951905,5.290214,7.929667666666666,5.170451,8.096485,5.200667,8.599216,,,11.701019,12.2725235,12.097975,9.918177,5.297377,7.545912666666666,9.574162714285714,8.667549500000002
6,yes,no,3,+wh_no_gap,My friend knows,who,the judge thought,the cop said,the man testified,,the successful architect,should hand,an award,for her mother.,8.871096,8.834613333333332,5.951905,5.951905,5.290214,7.929667666666666,5.170451,8.096485,5.200667,8.599216,6.334378,14.400993,7.753583,9.5167625,11.100513,7.899528,4.920508,7.49093,10.050835,8.993052217391305
6,no,yes,4,-wh_gap,My friend knows,that,the judge thought,the cop said,the man testified,his friend reported,,should hand,an award,for her mother.,8.871096,8.834613333333332,3.638092,3.638092,4.230303,8.692709666666666,4.014049,7.732763333333334,3.393665,8.115598333333333,,,14.489405,13.774193,11.784038,9.505591500000001,5.411901,7.727817333333333,9.963288714285714,8.675408350000001
6,no,no,4,-wh_no_gap,My friend knows,that,the judge thought,the cop said,the man testified,his friend reported,the successful architect,should hand,an award,for her mother.,8.871096,8.834613333333332,3.638092,3.638092,4.230303,8.692709666666666,4.014049,7.732763333333334,3.393665,8.115598333333333,5.669937,14.568256333333332,7.593496,9.317795499999999,10.897581,7.5500430000000005,5.026644,7.62939,10.0328616,8.873641826086956
6,yes,yes,4,+wh_gap,My friend knows,who,the judge thought,the cop said,the man testified,his friend reported,,should hand,an award,for her mother.,8.871096,8.834613333333332,5.951905,5.951905,5.290214,7.929667666666666,5.170451,8.096485,5.200667,8.599216,,,11.701019,12.2725235,12.097975,9.918177,5.297377,7.545912666666666,9.574162714285714,8.667549500000002
6,yes,no,4,+wh_no_gap,My friend knows,who,the judge thought,the cop said,the man testified,his friend reported,the successful architect,should hand,an award,for her mother.,8.871096,8.834613333333332,5.951905,5.951905,5.290214,7.929667666666666,5.170451,8.096485,5.200667,8.599216,6.334378,14.400993,7.753583,9.5167625,11.100513,7.899528,4.920508,7.49093,10.050835,8.993052217391305
5,no,yes,0,-wh_gap,The neighbors found out,that,,,,,,did buy,a gift,for her parents.,4.729313,8.789148,2.611256,2.611256,,,,,,,,,14.512667,14.260073,2.572781,6.167061500000001,3.16814,4.680049666666666,7.842059714285715,7.721855499999999
5,no,no,0,-wh_no_gap,The neighbors found out,that,,,,,the young woman,did buy,a gift,for her parents.,4.729281,8.78912375,2.611273,2.611273,,,,,,,2.653965,4.579486333333333,8.714187,10.555543,1.751552,5.4328395,2.406378,3.474978333333333,5.6140159,6.260528466666667
5,yes,yes,0,+wh_gap,The neighbors found out,who,,,,,,did buy,a gift,for her parents.,4.729313,8.789148,6.983303,6.983303,,,,,,,,,5.829884,10.194189999999999,5.007338,7.8428819999999995,3.182462,5.144253333333333,7.358129142857143,7.8038999166666665
5,yes,no,0,+wh_no_gap,The neighbors found out,who,,,,,the young woman,did buy,a gift,for her parents.,4.729281,8.78912375,6.983309,6.983309,,,,,,,3.196739,5.1489036666666665,12.50862,12.040977999999999,3.472115,6.3424225000000005,2.173298,4.159101,6.469081499999999,7.122041266666668
5,no,yes,1,-wh_gap,The neighbors found out,that,her mother heard,,,,,did buy,a gift,for her parents.,4.729281,8.78912375,2.611273,2.611273,6.08784,7.846707666666667,,,,,,,18.256908,15.0426225,2.527829,5.8116725,2.636581,4.480566333333333,7.8786127142857145,7.763878666666667
5,no,no,1,-wh_no_gap,The neighbors found out,that,her mother heard,,,,the young woman,did buy,a gift,for her parents.,4.729281,8.78912375,2.611273,2.611273,6.08784,7.846707666666667,,,,,2.631726,4.472743,13.818435,13.3221285,2.463611,5.802363,2.332572,4.1152386666666665,6.4012928,6.962267722222221
5,yes,yes,1,+wh_gap,The neighbors found out,who,her mother heard,,,,,did buy,a gift,for her parents.,4.729281,8.78912375,6.983309,6.983309,7.998044,9.115250333333334,,,,,,,15.447589,14.920096000000001,3.543524,6.57291,2.820625,4.583153666666667,8.105067571428572,8.4147352
5,yes,no,1,+wh_no_gap,The neighbors found out,who,her mother heard,,,,the young woman,did buy,a gift,for her parents.,4.729281,8.78912375,6.983309,6.983309,7.998044,9.115250333333334,,,,,6.018119,5.822086,13.068426,12.8788925,2.9583,6.1496664999999995,2.295697,4.516831333333333,6.907387,7.697745833333333
5,no,yes,2,-wh_gap,The neighbors found out,that,her mother heard,the newspaper reported,,,,did buy,a gift,for her parents.,4.729281,8.78912375,2.611273,2.611273,6.08784,7.846707666666667,2.631726,9.060387333333333,,,,,14.134118,12.8766995,2.348812,5.511507,2.238977,4.212646333333334,7.059193142857142,7.6613002777777774
5,no,no,2,-wh_no_gap,The neighbors found out,that,her mother heard,the newspaper reported,,,the young woman,did buy,a gift,for her parents.,4.729281,8.78912375,2.611273,2.611273,6.08784,7.846707666666667,2.631726,9.060387333333333,,,3.133083,4.627666333333333,9.851218,10.705096999999999,2.199798,5.512777,1.993574,3.6766303333333332,5.734863799999999,6.944651952380953
5,yes,yes,2,+wh_gap,The neighbors found out,who,her mother heard,the newspaper reported,,,,did buy,a gift,for her parents.,4.729281,8.78912375,6.983309,6.983309,7.998044,9.115250333333334,6.018119,9.137718,,,,,12.293872,12.688946000000001,2.576575,5.9614365000000005,2.522074,4.365262333333333,7.199507428571429,8.183070055555554
5,yes,no,2,+wh_no_gap,The neighbors found out,who,her mother heard,the newspaper reported,,,the young woman,did buy,a gift,for her parents.,4.729281,8.78912375,6.983309,6.983309,7.998044,9.115250333333334,6.018119,9.137718,,,4.93264,5.092738,9.968527,10.3442405,2.374482,5.5871385,1.957949,3.588844,5.790750399999999,7.371724428571428
5,no,yes,3,-wh_gap,The neighbors found out,that,her mother heard,the newspaper reported,the mayor said,,,did buy,a gift,for her parents.,4.729281,8.78912375,2.611273,2.611273,6.08784,7.846707666666667,2.631726,9.060387333333333,3.133083,7.515641,,,12.869818,12.647854500000001,2.664686,5.893464499999999,1.851112,4.147709333333334,7.075109428571429,7.645797238095237
5,no,no,3,-wh_no_gap,The neighbors found out,that,her mother heard,the newspaper reported,the mayor said,,the young woman,did buy,a gift,for her parents.,4.729281,8.78912375,2.611273,2.611273,6.08784,7.846707666666667,2.631726,9.060387333333333,3.133083,7.515641,3.252141,4.786184333333334,7.606167,10.229209,2.351533,5.6542585,1.836661,3.7316836666666666,5.7320538999999995,7.014854791666667
5,yes,yes,3,+wh_gap,The neighbors found out,who,her mother heard,the newspaper reported,the mayor said,,,did buy,a gift,for her parents.,4.729281,8.78912375,6.983309,6.983309,7.998044,9.115250333333334,6.018119,9.137718,4.93264,7.717417,,,9.944462,10.783294999999999,2.90874,6.027812,2.205768,4.1454423333333335,6.579791571428571,7.909976238095238
5,yes,no,3,+wh_no_gap,The neighbors found out,who,her mother heard,the newspaper reported,the mayor said,,the young woman,did buy,a gift,for her parents.,4.729281,8.78912375,6.983309,6.983309,7.998044,9.115250333333334,6.018119,9.137718,4.93264,7.717417,4.440027,4.789765999999999,8.330024,9.662368,2.421012,5.5403655,1.953067,3.6146776666666667,5.561879800000001,7.31957325
5,no,yes,4,-wh_gap,The neighbors found out,that,her mother heard,the newspaper reported,the mayor said,his assistant saw,,did buy,a gift,for her parents.,4.729281,8.78912375,2.611273,2.611273,6.08784,7.846707666666667,2.631726,9.060387333333333,3.133083,7.515641,,,12.869818,12.647854500000001,2.664686,5.893464499999999,1.851112,4.147709333333334,7.075109428571429,7.645797238095237
5,no,no,4,-wh_no_gap,The neighbors found out,that,her mother heard,the newspaper reported,the mayor said,his assistant saw,the young woman,did buy,a gift,for her parents.,4.729281,8.78912375,2.611273,2.611273,6.08784,7.846707666666667,2.631726,9.060387333333333,3.133083,7.515641,3.252141,4.786184333333334,7.606167,10.229209,2.351533,5.6542585,1.836661,3.7316836666666666,5.7320538999999995,7.014854791666667
5,yes,yes,4,+wh_gap,The neighbors found out,who,her mother heard,the newspaper reported,the mayor said,his assistant saw,,did buy,a gift,for her parents.,4.729281,8.78912375,6.983309,6.983309,7.998044,9.115250333333334,6.018119,9.137718,4.93264,7.717417,,,9.944462,10.783294999999999,2.90874,6.027812,2.205768,4.1454423333333335,6.579791571428571,7.909976238095238
5,yes,no,4,+wh_no_gap,The neighbors found out,who,her mother heard,the newspaper reported,the mayor said,his assistant saw,the young woman,did buy,a gift,for her parents.,4.729281,8.78912375,6.983309,6.983309,7.998044,9.115250333333334,6.018119,9.137718,4.93264,7.717417,4.440027,4.789765999999999,8.330024,9.662368,2.421012,5.5403655,1.953067,3.6146776666666667,5.561879800000001,7.31957325
4,no,yes,0,-wh_gap,We discovered,that,,,,,,did tell,a story,about the woman.,7.155782,8.9332765,1.752152,1.752152,,,,,,,,,14.794038,14.769751,4.834372,3.5476775,2.159318,4.931594666666666,7.347091571428572,7.104834599999999
4,no,no,0,-wh_no_gap,We discovered,that,,,,,the funny actor,did tell,a story,about the woman.,7.155761,8.933277,1.752161,1.752161,,,,,,,2.945664,11.138129,8.434026,10.108406500000001,3.068389,2.4179715,1.163687,4.408156666666667,7.169161300000001,7.023871384615385
4,yes,yes,0,+wh_gap,We discovered,who,,,,,,did tell,a story,about the woman.,7.155782,8.9332765,11.864204,11.864204,,,,,,,,,6.157071,10.200979,7.145857,4.2035585,1.475801,4.322480333333334,5.9680737142857145,7.1507273
4,yes,no,0,+wh_no_gap,We discovered,who,,,,,the funny actor,did tell,a story,about the woman.,7.155761,8.933277,11.864201,11.864201,,,,,,,3.666755,9.366805,11.13176,11.3209105,5.124121,3.1934365,1.20387,4.5587219999999995,7.0805275,7.733540769230769
4,no,yes,1,-wh_gap,We discovered,that,the delivery boy remarked,,,,,did tell,a story,about the woman.,7.155761,8.9332835,1.752165,1.752165,2.945662,11.52090875,,,,,,,16.620215,15.156293000000002,4.35439,2.8970450000000003,1.714838,4.186615333333333,6.9523602857142865,8.169206357142857
4,no,no,1,-wh_no_gap,We discovered,that,the delivery boy remarked,,,,the funny actor,did tell,a story,about the woman.,7.155761,8.9332835,1.752165,1.752165,2.945662,11.52090875,,,,,6.927592,10.339075333333334,7.306942,10.0968245,4.573552,3.8250140000000004,1.450847,4.343297,7.1890794,8.093715352941176
4,yes,yes,1,+wh_gap,We discovered,who,the delivery boy remarked,,,,,did tell,a story,about the woman.,7.155761,8.9332835,11.864205,11.864205,3.666737,11.85134175,,,,,,,10.9296,11.623528499999999,5.886427,3.2845255,1.587578,4.1455763333333335,6.036119571428571,8.527784
4,yes,no,1,+wh_no_gap,We discovered,who,the delivery boy remarked,,,,the funny actor,did tell,a story,about the woman.,7.155761,8.9332835,11.864205,11.864205,3.666737,11.85134175,,,,,4.75599,10.436558,8.655182,11.8573235,5.672119,4.175525,1.080827,4.428884,7.666202299999999,9.046950705882354
4,no,yes,2,-wh_gap,We discovered,that,the delivery boy remarked,the worker said,,,,did tell,a story,about the woman.,7.155761,8.9332835,1.752165,1.752165,2.945662,11.52090875,6.927592,9.360959,,,,,12.746718,13.4708895,6.006392,4.4088175,1.611155,3.8247559999999994,6.747668857142856,8.295230941176472
4,no,no,2,-wh_no_gap,We discovered,that,the delivery boy remarked,the worker said,,,the funny actor,did tell,a story,about the woman.,7.155761,8.9332835,1.752165,1.752165,2.945662,11.52090875,6.927592,9.360959,,,3.249919,10.355677666666667,6.454524,10.117807,5.143301,4.4864654999999996,1.769467,4.176974333333333,7.2806501,8.32958725
4,yes,yes,2,+wh_gap,We discovered,who,the delivery boy remarked,the worker said,,,,did tell,a story,about the woman.,7.155761,8.9332835,11.864205,11.864205,3.666737,11.85134175,4.75599,9.048609666666666,,,,,9.726886,12.151648999999999,6.76533,4.408673,1.61721,3.782697333333333,6.352676571428572,8.750041411764705
4,yes,no,2,+wh_no_gap,We discovered,who,the delivery boy remarked,the worker said,,,the funny actor,did tell,a story,about the woman.,7.155761,8.9332835,11.864205,11.864205,3.666737,11.85134175,4.75599,9.048609666666666,,,5.243505,10.647987666666666,7.198615,11.262346,5.721382,4.6059415,1.5938,4.186968666666666,7.624144399999999,9.026170599999999
4,no,yes,3,-wh_gap,We discovered,that,the delivery boy remarked,the worker said,the gardener knew,,,did tell,a story,about the woman.,7.155761,8.9332835,1.752165,1.752165,2.945662,11.52090875,6.927592,9.360959,3.249919,6.96773925,,,14.422974,14.038348,6.160053,4.368320499999999,2.675474,3.7736343333333333,6.87632,8.085259095238095
4,no,no,3,-wh_no_gap,We discovered,that,the delivery boy remarked,the worker said,the gardener knew,,the funny actor,did tell,a story,about the woman.,7.155761,8.9332835,1.752165,1.752165,2.945662,11.52090875,6.927592,9.360959,3.249919,6.96773925,2.48598,10.066618,8.882219,11.106327499999999,4.852015,4.178436,2.272432,4.2241523333333335,7.344183800000001,8.129084958333333
4,yes,yes,3,+wh_gap,We discovered,who,the delivery boy remarked,the worker said,the gardener knew,,,did tell,a story,about the woman.,7.155761,8.9332835,11.864205,11.864205,3.666737,11.85134175,4.75599,9.048609666666666,5.243505,7.87842,,,11.001367,12.218804,6.490506,4.2663455,2.682665,3.719833,6.304256857142856,8.56787838095238
4,yes,no,3,+wh_no_gap,We discovered,who,the delivery boy remarked,the worker said,the gardener knew,,the funny actor,did tell,a story,about the woman.,7.155761,8.9332835,11.864205,11.864205,3.666737,11.85134175,4.75599,9.048609666666666,5.243505,7.87842,3.105673,9.973051666666667,9.485414,11.649956,5.233413,4.158194,2.305183,4.216484333333334,7.418490799999999,8.749189833333332
4,no,yes,4,-wh_gap,We discovered,that,the delivery boy remarked,the worker said,the gardener knew,the maid remembers,,did tell,a story,about the woman.,7.155761,8.9332835,1.752165,1.752165,2.945662,11.52090875,6.927592,9.360959,3.249919,6.96773925,,,14.422974,14.038348,6.160053,4.368320499999999,2.675474,3.7736343333333333,6.87632,8.085259095238095
4,no,no,4,-wh_no_gap,We discovered,that,the delivery boy remarked,the worker said,the gardener knew,the maid remembers,the funny actor,did tell,a story,about the woman.,7.155761,8.9332835,1.752165,1.752165,2.945662,11.52090875,6.927592,9.360959,3.249919,6.96773925,2.48598,10.066618,8.882219,11.106327499999999,4.852015,4.178436,2.272432,4.2241523333333335,7.344183800000001,8.129084958333333
4,yes,yes,4,+wh_gap,We discovered,who,the delivery boy remarked,the worker said,the gardener knew,the maid remembers,,did tell,a story,about the woman.,7.155761,8.9332835,11.864205,11.864205,3.666737,11.85134175,4.75599,9.048609666666666,5.243505,7.87842,,,11.001367,12.218804,6.490506,4.2663455,2.682665,3.719833,6.304256857142856,8.56787838095238
4,yes,no,4,+wh_no_gap,We discovered,who,the delivery boy remarked,the worker said,the gardener knew,the maid remembers,the funny actor,did tell,a story,about the woman.,7.155761,8.9332835,11.864205,11.864205,3.666737,11.85134175,4.75599,9.048609666666666,5.243505,7.87842,3.105673,9.973051666666667,9.485414,11.649956,5.233413,4.158194,2.305183,4.216484333333334,7.418490799999999,8.749189833333332
3,no,yes,0,-wh_gap,The assistant told me,that,,,,,,will send,the package,to his family.,4.729313,8.626389249999999,1.497251,1.497251,,,,,,,,,13.534728,11.531694,3.414122,5.467923,1.932893,4.1199889999999995,6.622743,6.863500749999999
3,no,no,0,-wh_no_gap,The assistant told me,that,,,,,the pilot,will send,the package,to his family.,4.729281,8.62636925,1.497253,1.497253,,,,,,,3.206986,7.2243515,6.286381,7.1244865,3.186515,5.9167425,1.455033,3.7068763333333337,5.739087777777779,6.261037142857143
3,yes,yes,0,+wh_gap,The assistant told me,who,,,,,,will send,the package,to his family.,4.729313,8.626389249999999,11.622973,11.622973,,,,,,,,,7.684959,8.0973335,2.205888,4.3405065,2.509512,4.295633333333334,5.394654285714284,6.990925833333335
3,yes,no,0,+wh_no_gap,The assistant told me,who,,,,,the pilot,will send,the package,to his family.,4.729281,8.62636925,11.622965,11.622965,,,,,,,4.30137,7.5001015,8.204408,9.965588,4.750442,7.5567329999999995,0.67804,5.253989333333333,7.31186811111111,7.995375357142856
3,no,yes,1,-wh_gap,The assistant told me,that,the man knew,,,,,will send,the package,to his family.,4.729281,8.62636925,1.497253,1.497253,3.206986,6.623479333333333,,,,,,,14.854861,12.106963499999999,3.24578,4.982359,2.128498,3.2131026666666664,6.259707571428571,6.646074733333331
3,no,no,1,-wh_no_gap,The assistant told me,that,the man knew,,,,the pilot,will send,the package,to his family.,4.729281,8.62636925,1.497253,1.497253,3.206986,6.623479333333333,,,,,3.321853,7.7071190000000005,10.712783,10.038447999999999,3.002483,5.673236,1.718689,3.344057,6.318864111111111,6.631937941176471
3,yes,yes,1,+wh_gap,The assistant told me,who,the man knew,,,,,will send,the package,to his family.,4.729281,8.62636925,11.622965,11.622965,4.30137,6.372855666666666,,,,,,,9.760702,9.715205000000001,3.062365,4.97016,2.098305,3.426197666666667,5.664189,6.993088799999999
3,yes,no,1,+wh_no_gap,The assistant told me,who,the man knew,,,,the pilot,will send,the package,to his family.,4.729281,8.62636925,11.622965,11.622965,4.30137,6.372855666666666,,,,,7.526931,9.914685500000001,10.337502,10.482902500000002,4.466249,6.5551525,1.376686,3.961024333333333,7.309839333333334,7.707974294117649
3,no,yes,2,-wh_gap,The assistant told me,that,the man knew,his friend recalled,,,,will send,the package,to his family.,4.729281,8.62636925,1.497253,1.497253,3.206986,6.623479333333333,4.255589,9.364776,,,,,16.355019,12.8545205,3.378144,5.156948,1.851909,3.079962333333333,6.466117714285715,7.179462222222223
3,no,no,2,-wh_no_gap,The assistant told me,that,the man knew,his friend recalled,,,the pilot,will send,the package,to his family.,4.729281,8.62636925,1.497253,1.497253,3.206986,6.623479333333333,4.255589,9.364776,,,3.532873,9.012488,13.358912,11.0200455,3.126379,5.7871925,1.57781,3.2689206666666664,6.827357111111111,7.270685500000001
3,yes,yes,2,+wh_gap,The assistant told me,who,the man knew,his friend recalled,,,,will send,the package,to his family.,4.729281,8.62636925,11.622965,11.622965,4.30137,6.372855666666666,10.48741,11.353787666666667,,,,,13.301547,11.469978999999999,3.627638,5.581571,1.747939,3.0697550000000002,6.187480714285714,7.9233742777777785
3,yes,no,2,+wh_no_gap,The assistant told me,who,the man knew,his friend recalled,,,the pilot,will send,the package,to his family.,4.729281,8.62636925,11.622965,11.622965,4.30137,6.372855666666666,10.48741,11.353787666666667,,,4.471402,9.174275,12.399214,10.461527,3.376033,6.0024795,1.42713,3.2590686666666664,6.78375211111111,8.018107050000001
3,no,yes,3,-wh_gap,The assistant told me,that,the man knew,his friend recalled,the woman said,,,will send,the package,to his family.,4.729281,8.62636925,1.497253,1.497253,3.206986,6.623479333333333,4.255589,9.364776,3.532873,6.849268666666667,,,13.548969,12.1232745,3.865404,4.983014,1.930674,3.356600333333333,6.326054,7.085603809523811
3,no,no,3,-wh_no_gap,The assistant told me,that,the man knew,his friend recalled,the woman said,,the pilot,will send,the package,to his family.,4.729281,8.62636925,1.497253,1.497253,3.206986,6.623479333333333,4.255589,9.364776,3.532873,6.849268666666667,7.392332,11.1747585,12.185729,10.658339999999999,3.613111,6.010418,1.596138,3.5719626666666664,7.378102333333333,7.431227086956523
3,yes,yes,3,+wh_gap,The assistant told me,who,the man knew,his friend recalled,the woman said,,,will send,the package,to his family.,4.729281,8.62636925,11.622965,11.622965,4.30137,6.372855666666666,10.48741,11.353787666666667,4.471402,5.755710333333333,,,13.20436,11.888126499999998,4.060035,5.4046959999999995,1.880266,3.2194800000000003,6.320583571428571,7.65807561904762
3,yes,no,3,+wh_no_gap,The assistant told me,who,the man knew,his friend recalled,the woman said,,the pilot,will send,the package,to his family.,4.729281,8.62636925,11.622965,11.622965,4.30137,6.372855666666666,10.48741,11.353787666666667,4.471402,5.755710333333333,7.231691,10.680643,12.034163,10.436861,3.638773,6.0873405,1.475898,3.3964356666666666,7.177666222222222,7.877152130434784
3,no,yes,4,-wh_gap,The assistant told me,that,the man knew,his friend recalled,the woman said,her colleague saw,,will send,the package,to his family.,4.729281,8.62636925,1.497253,1.497253,3.206986,6.623479333333333,4.255589,9.364776,3.532873,6.849268666666667,,,13.548969,12.1232745,3.865404,4.983014,1.930674,3.356600333333333,6.326054,7.085603809523811
3,no,no,4,-wh_no_gap,The assistant told me,that,the man knew,his friend recalled,the woman said,her colleague saw,the pilot,will send,the package,to his family.,4.729281,8.62636925,1.497253,1.497253,3.206986,6.623479333333333,4.255589,9.364776,3.532873,6.849268666666667,7.392332,11.1747585,12.185729,10.658339999999999,3.613111,6.010418,1.596138,3.5719626666666664,7.378102333333333,7.431227086956523
3,yes,yes,4,+wh_gap,The assistant told me,who,the man knew,his friend recalled,the woman said,her colleague saw,,will send,the package,to his family.,4.729281,8.62636925,11.622965,11.622965,4.30137,6.372855666666666,10.48741,11.353787666666667,4.471402,5.755710333333333,,,13.20436,11.888126499999998,4.060035,5.4046959999999995,1.880266,3.2194800000000003,6.320583571428571,7.65807561904762
3,yes,no,4,+wh_no_gap,The assistant told me,who,the man knew,his friend recalled,the woman said,her colleague saw,the pilot,will send,the package,to his family.,4.729281,8.62636925,11.622965,11.622965,4.30137,6.372855666666666,10.48741,11.353787666666667,4.471402,5.755710333333333,7.231691,10.680643,12.034163,10.436861,3.638773,6.0873405,1.475898,3.3964356666666666,7.177666222222222,7.877152130434784
2,no,yes,0,-wh_gap,The accountant knew,that,,,,,,could introduce,the new woman,to her friend.,4.729313,11.102160333333336,3.15952,3.15952,,,,,,,,,10.889093,12.314655,4.68318,8.126701333333333,1.309135,4.830484,7.937608249999999,8.33057225
2,no,no,0,-wh_no_gap,The accountant knew,that,,,,,the secretary,could introduce,the new woman,to her friend.,4.729281,11.102169666666667,3.159513,3.159513,,,,,,,3.286527,7.0950735,5.940121,8.5368825,3.242246,6.691186999999999,2.726613,4.636777,6.5247804,7.265273285714286
2,yes,yes,0,+wh_gap,The accountant knew,who,,,,,,could introduce,the new woman,to her friend.,4.729313,11.102160333333336,6.720238,6.720238,,,,,,,,,9.566338,11.0566415,2.272712,6.066291666666667,1.551793,4.1846939999999995,6.608280000000001,7.741079916666667
2,yes,no,0,+wh_no_gap,The accountant knew,who,,,,,the secretary,could introduce,the new woman,to her friend.,4.729281,11.102169666666667,6.720252,6.720252,,,,,,,3.722274,6.6845865,9.708455,10.943441,5.303148,6.094069,1.467514,5.464482,6.9931708000000015,7.854176357142856
2,no,yes,1,-wh_gap,The accountant knew,that,the security guard believed,,,,,could introduce,the new woman,to her friend.,4.729281,11.102169666666667,3.159513,3.159513,3.286527,7.190614499999999,,,,,,,14.720628,13.8891605,3.746926,7.163437666666667,1.175704,4.1849023333333335,7.727917625,7.940738812499999
2,no,no,1,-wh_no_gap,The accountant knew,that,the security guard believed,,,,the secretary,could introduce,the new woman,to her friend.,4.729281,11.102169666666667,3.159513,3.159513,3.286527,7.190614499999999,,,,,2.914264,6.9385864999999995,6.153223,9.19932,3.187293,6.104868666666667,1.984857,4.164236,6.3083127,7.1284226111111115
2,yes,yes,1,+wh_gap,The accountant knew,who,the security guard believed,,,,,could introduce,the new woman,to her friend.,4.729281,11.102169666666667,6.720252,6.720252,3.722274,7.1259885,,,,,,,8.203341,10.7288485,2.3623,6.101263,1.248687,4.104023000000001,6.509194375,7.537766875
2,yes,no,1,+wh_no_gap,The accountant knew,who,the security guard believed,,,,the secretary,could introduce,the new woman,to her friend.,4.729281,11.102169666666667,6.720252,6.720252,3.722274,7.1259885,,,,,7.108552,8.9533105,8.685965,11.502034,5.4613,6.16984,1.294074,4.973203333333333,7.433981900000001,7.9372518888888886
2,no,yes,2,-wh_gap,The accountant knew,that,the security guard believed,his friend knew,,,,could introduce,the new woman,to her friend.,4.729281,11.102169666666667,3.159513,3.159513,3.286527,7.190614499999999,3.799361,5.944605,,,,,14.041696,13.672297499999999,3.659744,6.867603666666667,1.05321,3.681399666666666,7.373950625,7.47652105263158
2,no,no,2,-wh_no_gap,The accountant knew,that,the security guard believed,his friend knew,,,the secretary,could introduce,the new woman,to her friend.,4.729281,11.102169666666667,3.159513,3.159513,3.286527,7.190614499999999,3.799361,5.944605,,,2.973696,6.7016885,9.494191,11.209089,3.801647,6.070260666666666,1.14882,3.584051,6.478449,7.040323095238095
2,yes,yes,2,+wh_gap,The accountant knew,who,the security guard believed,his friend knew,,,,could introduce,the new woman,to her friend.,4.729281,11.102169666666667,6.720252,6.720252,3.722274,7.1259885,9.152388,8.178709333333332,,,,,11.018808,12.249423499999999,3.532575,6.652667999999999,0.806205,3.7651763333333332,6.969047499999999,7.832590684210527
2,yes,no,2,+wh_no_gap,The accountant knew,who,the security guard believed,his friend knew,,,the secretary,could introduce,the new woman,to her friend.,4.729281,11.102169666666667,6.720252,6.720252,3.722274,7.1259885,9.152388,8.178709333333332,,,6.647697,8.6414585,9.301986,10.992619999999999,4.352536,6.159882,0.969069,3.771444666666667,6.9062137,7.720427619047619
2,no,yes,3,-wh_gap,The accountant knew,that,the security guard believed,his friend knew,the assistant reported,,,could introduce,the new woman,to her friend.,4.729281,11.102169666666667,3.159513,3.159513,3.286527,7.190614499999999,3.799361,5.944605,2.973696,10.025321,,,14.498468,13.978215,3.939344,6.888394333333333,0.987374,3.6380243333333335,7.44196075,7.8488156363636365
2,no,no,3,-wh_no_gap,The accountant knew,that,the security guard believed,his friend knew,the assistant reported,,the secretary,could introduce,the new woman,to her friend.,4.729281,11.102169666666667,3.159513,3.159513,3.286527,7.190614499999999,3.799361,5.944605,2.973696,10.025321,2.770692,8.363809,9.360162,11.1619545,3.801593,6.228494333333333,1.255119,3.5367603333333335,6.8347291,7.561897875
2,yes,yes,3,+wh_gap,The accountant knew,who,the security guard believed,his friend knew,the assistant reported,,,could introduce,the new woman,to her friend.,4.729281,11.102169666666667,6.720252,6.720252,3.722274,7.1259885,9.152388,8.178709333333332,6.647697,11.237364,,,14.504714,14.031689,3.908054,6.734011333333332,0.880694,3.689682,7.41680725,8.459699681818181
2,yes,no,3,+wh_no_gap,The accountant knew,who,the security guard believed,his friend knew,the assistant reported,,the secretary,could introduce,the new woman,to her friend.,4.729281,11.102169666666667,6.720252,6.720252,3.722274,7.1259885,9.152388,8.178709333333332,6.647697,11.237364,3.276673,8.652001,9.806041,11.353663000000001,4.06541,6.167257333333333,1.164807,3.565999,6.921109700000001,8.166251333333333
2,no,yes,4,-wh_gap,The accountant knew,that,the security guard believed,his friend knew,the assistant reported,her colleague suspected,,could introduce,the new woman,to her friend.,4.729281,11.102169666666667,3.159513,3.159513,3.286527,7.190614499999999,3.799361,5.944605,2.973696,10.025321,,,14.498468,13.978215,3.939344,6.888394333333333,0.987374,3.6380243333333335,7.44196075,7.8488156363636365
2,no,no,4,-wh_no_gap,The accountant knew,that,the security guard believed,his friend knew,the assistant reported,her colleague suspected,the secretary,could introduce,the new woman,to her friend.,4.729281,11.102169666666667,3.159513,3.159513,3.286527,7.190614499999999,3.799361,5.944605,2.973696,10.025321,2.770692,8.363809,9.360162,11.1619545,3.801593,6.228494333333333,1.255119,3.5367603333333335,6.8347291,7.561897875
2,yes,yes,4,+wh_gap,The accountant knew,who,the security guard believed,his friend knew,the assistant reported,her colleague suspected,,could introduce,the new woman,to her friend.,4.729281,11.102169666666667,6.720252,6.720252,3.722274,7.1259885,9.152388,8.178709333333332,6.647697,11.237364,,,14.504714,14.031689,3.908054,6.734011333333332,0.880694,3.689682,7.41680725,8.459699681818181
2,yes,no,4,+wh_no_gap,The accountant knew,who,the security guard believed,his friend knew,the assistant reported,her colleague suspected,the secretary,could introduce,the new woman,to her friend.,4.729281,11.102169666666667,6.720252,6.720252,3.722274,7.1259885,9.152388,8.178709333333332,6.647697,11.237364,3.276673,8.652001,9.806041,11.353663000000001,4.06541,6.167257333333333,1.164807,3.565999,6.921109700000001,8.166251333333333
1,no,yes,0,-wh_gap,I know,that,,,,,,will throw,the plastic,into the trash can.,5.770367,5.65805,2.74974,2.74974,,,,,,,,,10.104314,10.1286705,5.215926,9.984265,4.765422,3.2723165,6.664392125,6.125543363636364
1,no,no,0,-wh_no_gap,I know,that,,,,,your friend,will throw,the plastic,into the trash can.,5.770362,5.658030500000001,2.74972,2.74972,,,,,,,6.902881,7.061192,6.386511,8.514683999999999,5.02165,8.459468,6.045196,3.3958695,6.1654166,5.824611307692307
1,yes,yes,0,+wh_gap,I know,who,,,,,,will throw,the plastic,into the trash can.,5.770367,5.65805,8.366545,8.366545,,,,,,,,,7.595085,9.0092825,2.83392,7.991804999999999,6.865823,3.72960025,6.115072,6.236656454545454
1,yes,no,0,+wh_no_gap,I know,who,,,,,your friend,will throw,the plastic,into the trash can.,5.770362,5.658030500000001,8.36647,8.36647,,,,,,,7.610951,6.3530615,9.236358,11.360322499999999,3.909316,8.502361,6.575397,3.63271825,6.6962363,6.664991846153844
1,no,yes,1,-wh_gap,I know,that,our mother said,,,,,will throw,the plastic,into the trash can.,5.770357,5.658020499999999,2.749692,2.749692,8.916299,8.479573333333333,,,,,,,15.145995,13.396476,3.661139,7.7041260000000005,5.697849,3.39632525,6.973313125000001,6.806497
1,no,no,1,-wh_no_gap,I know,that,our mother said,,,,your friend,will throw,the plastic,into the trash can.,5.770357,5.658020499999999,2.749692,2.749692,8.916299,8.479573333333333,,,,,10.290977,9.733926,5.656323,8.295745,4.338946,7.6602695,6.410487,3.6896269999999998,6.613838899999999,6.602677625
1,yes,yes,1,+wh_gap,I know,who,our mother said,,,,,will throw,the plastic,into the trash can.,5.770357,5.658020499999999,8.366485,8.366485,12.066758,10.680984,,,,,,,9.560183,10.267459500000001,3.348729,7.8131585,6.145477,3.678579,6.359444,7.328645000000001
1,yes,no,1,+wh_no_gap,I know,who,our mother said,,,,your friend,will throw,the plastic,into the trash can.,5.770357,5.658020499999999,8.366485,8.366485,12.066758,10.680984,,,,,11.834459,10.2027265,6.783706,9.1561455,4.165283,7.688912499999999,6.753313,3.7498692499999997,6.9095046,7.55128275
1,no,yes,2,-wh_gap,I know,that,our mother said,her friend remarked,,,,will throw,the plastic,into the trash can.,5.770357,5.658020499999999,2.749692,2.749692,8.916299,8.479573333333333,7.331433,10.802526333333333,,,,,17.017218,14.539497,3.42423,7.267884,6.463034,3.7701802499999997,7.3369353749999995,7.682794999999999
1,no,no,2,-wh_no_gap,I know,that,our mother said,her friend remarked,,,your friend,will throw,the plastic,into the trash can.,5.770357,5.658020499999999,2.749692,2.749692,8.916299,8.479573333333333,7.331433,10.802526333333333,,,12.03681,8.490998,8.314734,9.3439675,4.056925,7.444747,6.765927,3.939781,6.631854899999999,7.275293736842105
1,yes,yes,2,+wh_gap,I know,who,our mother said,her friend remarked,,,,will throw,the plastic,into the trash can.,5.770357,5.658020499999999,8.366485,8.366485,12.066758,10.680984,7.209122,11.259515666666667,,,,,16.074255,13.9246005,3.452896,7.362427,6.771697,3.8394060000000003,7.241459875,8.437394352941176
1,yes,no,2,+wh_no_gap,I know,who,our mother said,her friend remarked,,,your friend,will throw,the plastic,into the trash can.,5.770357,5.658020499999999,8.366485,8.366485,12.066758,10.680984,7.209122,11.259515666666667,,,12.326552,8.8334365,8.835553,9.682924,4.025475,7.4309455,7.00203,3.93342325,6.762830499999998,8.059596315789474
1,no,yes,3,-wh_gap,I know,that,our mother said,her friend remarked,the park attendant reported,,,will throw,the plastic,into the trash can.,5.770357,5.658020499999999,2.749692,2.749692,8.916299,8.479573333333333,7.331433,10.802526333333333,7.058251,11.32997325,,,16.63077,13.545908999999998,2.852962,5.7061589999999995,7.492827,3.934599,6.7803165,8.165450333333334
1,no,no,3,-wh_no_gap,I know,that,our mother said,her friend remarked,the park attendant reported,,your friend,will throw,the plastic,into the trash can.,5.770357,5.658020499999999,2.749692,2.749692,8.916299,8.479573333333333,7.331433,10.802526333333333,7.058251,11.32997325,11.112687,7.57302,12.041572,10.7448435,3.595264,5.774787,7.558514,3.82022775,6.3466211999999995,7.856440739130433
1,yes,yes,3,+wh_gap,I know,who,our mother said,her friend remarked,the park attendant reported,,,will throw,the plastic,into the trash can.,5.770357,5.658020499999999,8.366485,8.366485,12.066758,10.680984,7.209122,11.259515666666667,6.888885,11.207383,,,16.573858,13.417395500000001,2.94887,5.7570115,7.675992,3.9976520000000004,6.792427750000001,8.793951380952382
1,yes,no,3,+wh_no_gap,I know,who,our mother said,her friend remarked,the park attendant reported,,your friend,will throw,the plastic,into the trash can.,5.770357,5.658020499999999,8.366485,8.366485,12.066758,10.680984,7.209122,11.259515666666667,6.888885,11.207383,11.555586,7.9857145,12.302962,10.8857405,3.622784,5.7398549999999995,7.73538,3.8503985,6.462421399999999,8.476424826086955
1,no,yes,4,-wh_gap,I know,that,our mother said,her friend remarked,the park attendant reported,the cop thinks,,will throw,the plastic,into the trash can.,5.770357,5.658020499999999,2.749692,2.749692,8.916299,8.479573333333333,7.331433,10.802526333333333,7.058251,11.32997325,,,16.63077,13.545908999999998,2.852962,5.7061589999999995,7.492827,3.934599,6.7803165,8.165450333333334
1,no,no,4,-wh_no_gap,I know,that,our mother said,her friend remarked,the park attendant reported,the cop thinks,your friend,will throw,the plastic,into the trash can.,5.770357,5.658020499999999,2.749692,2.749692,8.916299,8.479573333333333,7.331433,10.802526333333333,7.058251,11.32997325,11.112687,7.57302,12.041572,10.7448435,3.595264,5.774787,7.558514,3.82022775,6.3466211999999995,7.856440739130433
1,yes,yes,4,+wh_gap,I know,who,our mother said,her friend remarked,the park attendant reported,the cop thinks,,will throw,the plastic,into the trash can.,5.770357,5.658020499999999,8.366485,8.366485,12.066758,10.680984,7.209122,11.259515666666667,6.888885,11.207383,,,16.573858,13.417395500000001,2.94887,5.7570115,7.675992,3.9976520000000004,6.792427750000001,8.793951380952382
1,yes,no,4,+wh_no_gap,I know,who,our mother said,her friend remarked,the park attendant reported,the cop thinks,your friend,will throw,the plastic,into the trash can.,5.770357,5.658020499999999,8.366485,8.366485,12.066758,10.680984,7.209122,11.259515666666667,6.888885,11.207383,11.555586,7.9857145,12.302962,10.8857405,3.622784,5.7398549999999995,7.73538,3.8503985,6.462421399999999,8.476424826086955
