sentence_id	token_id	token	surprisal
1	1	<|endoftext|>	0.0
1	2	I	5.770367
1	3	Ġknow	5.545733
1	4	Ġthat	2.74974
1	5	Ġthrew	17.574404
1	6	Ġthe	4.957513
1	7	Ġplastic	13.298136
1	8	Ġinto	5.23078
1	9	Ġthe	1.366296
1	10	Ġtrash	4.088259
1	11	Ġcan	2.953301
1	12	.	2.313083
1	13	<|endoftext|>	8.937812
2	1	<|endoftext|>	0.0
2	2	I	5.770367
2	3	Ġknow	5.545733
2	4	Ġthat	2.749727
2	5	Ġyour	6.902938
2	6	Ġfriend	7.219469
2	7	Ġthrew	12.316045
2	8	Ġthe	3.978974
2	9	Ġplastic	11.313429
2	10	Ġinto	6.671617
2	11	Ġthe	1.218964
2	12	Ġtrash	3.823729
2	13	Ġcan	2.613783
2	14	.	2.574317
2	15	<|endoftext|>	9.9038
3	1	<|endoftext|>	0.0
3	2	I	5.770367
3	3	Ġknow	5.545733
3	4	Ġwho	8.366545
3	5	Ġthrew	12.386086
3	6	Ġthe	2.010778
3	7	Ġplastic	12.377396
3	8	Ġinto	8.245393
3	9	Ġthe	0.883798
3	10	Ġtrash	4.403804
3	11	Ġcan	3.070561
3	12	.	1.777388
3	13	<|endoftext|>	7.618767
4	1	<|endoftext|>	0.0
4	2	I	5.770367
4	3	Ġknow	5.545733
4	4	Ġwho	8.366532
4	5	Ġyour	7.611001
4	6	Ġfriend	5.095162
4	7	Ġthrew	16.041265
4	8	Ġthe	2.342645
4	9	Ġplastic	11.484862
4	10	Ġinto	7.688571
4	11	Ġthe	1.395304
4	12	Ġtrash	3.439478
4	13	Ġcan	3.031291
4	14	.	1.610101
4	15	<|endoftext|>	7.799303
5	1	<|endoftext|>	0.0
5	2	I	5.770362
5	3	Ġknow	5.545699
5	4	Ġthat	2.74972
5	5	Ġour	8.916295
5	6	Ġmother	9.931917
5	7	Ġsaid	6.590502
5	8	Ġthrew	21.612141
5	9	Ġthe	3.534725
5	10	Ġplastic	10.06967
5	11	Ġinto	5.963251
5	12	Ġthe	0.908165
5	13	Ġtrash	4.329552
5	14	Ġcan	2.736078
5	15	.	2.177429
5	16	<|endoftext|>	10.20869
6	1	<|endoftext|>	0.0
6	2	I	5.770357
6	3	Ġknow	5.545684
6	4	Ġthat	2.749692
6	5	Ġour	8.916299
6	6	Ġmother	9.931918
6	7	Ġsaid	6.590503
6	8	Ġyour	10.290977
6	9	Ġfriend	9.176875
6	10	Ġthrew	11.575058
6	11	Ġthe	3.464657
6	12	Ġplastic	9.518383
6	13	Ġinto	6.906036
6	14	Ġthe	1.010771
6	15	Ġtrash	4.246688
6	16	Ġcan	2.89976
6	17	.	2.057055
6	18	<|endoftext|>	10.244484
7	1	<|endoftext|>	0.0
7	2	I	5.770362
7	3	Ġknow	5.545699
7	4	Ġwho	8.36647
7	5	Ġour	12.066749
7	6	Ġmother	9.776573
7	7	Ġsaid	10.199624
7	8	Ġthrew	16.902114
7	9	Ġthe	2.718287
7	10	Ġplastic	10.134979
7	11	Ġinto	6.762082
7	12	Ġthe	0.819016
7	13	Ġtrash	4.394486
7	14	Ġcan	3.620739
7	15	.	1.432094
7	16	<|endoftext|>	8.198453
8	1	<|endoftext|>	0.0
8	2	I	5.770357
8	3	Ġknow	5.545684
8	4	Ġwho	8.366485
8	5	Ġour	12.066758
8	6	Ġmother	9.776581
8	7	Ġsaid	10.199613
8	8	Ġyour	11.834459
8	9	Ġfriend	8.570994
8	10	Ġthrew	12.421721
8	11	Ġthe	2.977427
8	12	Ġplastic	9.659476
8	13	Ġinto	7.243194
8	14	Ġthe	0.981841
8	15	Ġtrash	4.026863
8	16	Ġcan	3.261645
8	17	.	1.42733
8	18	<|endoftext|>	8.294271
9	1	<|endoftext|>	0.0
9	2	I	5.770357
9	3	Ġknow	5.545684
9	4	Ġthat	2.749692
9	5	Ġour	8.916299
9	6	Ġmother	9.931918
9	7	Ġsaid	6.590503
9	8	Ġher	7.331433
9	9	Ġfriend	9.653595
9	10	Ġremarked	15.422551
9	11	Ġthrew	21.437046
9	12	Ġthe	3.174367
9	13	Ġplastic	9.289281
9	14	Ġinto	6.623873
9	15	Ġthe	0.943998
9	16	Ġtrash	4.003387
9	17	Ġcan	3.006856
9	18	.	2.019718
9	19	<|endoftext|>	10.472092
10	1	<|endoftext|>	0.0
10	2	I	5.770357
10	3	Ġknow	5.545684
10	4	Ġthat	2.749692
10	5	Ġour	8.916299
10	6	Ġmother	9.931918
10	7	Ġsaid	6.590503
10	8	Ġher	7.331433
10	9	Ġfriend	9.653595
10	10	Ġremarked	15.422551
10	11	Ġyour	12.03681
10	12	Ġfriend	4.945186
10	13	Ġthrew	12.127652
10	14	Ġthe	3.281126
10	15	Ġplastic	9.276717
10	16	Ġinto	7.27692
10	17	Ġthe	0.94254
10	18	Ġtrash	4.167905
10	19	Ġcan	3.224234
10	20	.	1.795994
10	21	<|endoftext|>	10.297295
11	1	<|endoftext|>	0.0
11	2	I	5.770357
11	3	Ġknow	5.545684
11	4	Ġwho	8.366485
11	5	Ġour	12.066758
11	6	Ġmother	9.776581
11	7	Ġsaid	10.199613
11	8	Ġher	7.209122
11	9	Ġfriend	9.245782
11	10	Ġremarked	17.323643
11	11	Ġthrew	20.655708
11	12	Ġthe	3.002243
11	13	Ġplastic	9.140211
11	14	Ġinto	7.112111
11	15	Ġthe	0.920114
11	16	Ġtrash	3.870284
11	17	Ġcan	3.396088
11	18	.	1.602391
11	19	<|endoftext|>	8.977987
12	1	<|endoftext|>	0.0
12	2	I	5.770357
12	3	Ġknow	5.545684
12	4	Ġwho	8.366485
12	5	Ġour	12.066758
12	6	Ġmother	9.776581
12	7	Ġsaid	10.199613
12	8	Ġher	7.209122
12	9	Ġfriend	9.245782
12	10	Ġremarked	17.323643
12	11	Ġyour	12.326552
12	12	Ġfriend	5.340321
12	13	Ġthrew	12.268876
12	14	Ġthe	3.210685
12	15	Ġplastic	9.272227
12	16	Ġinto	7.505422
12	17	Ġthe	0.951092
12	18	Ġtrash	3.908616
12	19	Ġcan	3.360713
12	20	.	1.542869
12	21	<|endoftext|>	8.783148
13	1	<|endoftext|>	0.0
13	2	I	5.770357
13	3	Ġknow	5.545684
13	4	Ġthat	2.749692
13	5	Ġour	8.916299
13	6	Ġmother	9.931918
13	7	Ġsaid	6.590503
13	8	Ġher	7.331433
13	9	Ġfriend	9.653595
13	10	Ġremarked	15.422551
13	11	Ġthe	7.058251
13	12	Ġpark	13.377457
13	13	Ġattendant	12.693683
13	14	Ġreported	12.190502
13	15	Ġthrew	19.325873
13	16	Ġthe	2.894332
13	17	Ġplastic	7.261102
13	18	Ġinto	8.159458
13	19	Ġthe	0.675224
13	20	Ġtrash	4.475
13	21	Ġcan	2.878959
13	22	.	1.607062
13	23	<|endoftext|>	10.236516
14	1	<|endoftext|>	0.0
14	2	I	5.770357
14	3	Ġknow	5.545684
14	4	Ġthat	2.749692
14	5	Ġour	8.916299
14	6	Ġmother	9.931918
14	7	Ġsaid	6.590503
14	8	Ġher	7.331433
14	9	Ġfriend	9.653595
14	10	Ġremarked	15.422551
14	11	Ġthe	7.058251
14	12	Ġpark	13.377457
14	13	Ġattendant	12.693683
14	14	Ġreported	12.190502
14	15	Ġyour	11.112687
14	16	Ġfriend	4.033353
14	17	Ġthrew	11.493462
14	18	Ġthe	3.095572
14	19	Ġplastic	6.850482
14	20	Ġinto	8.142272
14	21	Ġthe	0.57896
14	22	Ġtrash	3.961717
14	23	Ġcan	3.038417
14	24	.	1.351829
14	25	<|endoftext|>	10.091271
15	1	<|endoftext|>	0.0
15	2	I	5.770357
15	3	Ġknow	5.545684
15	4	Ġwho	8.366485
15	5	Ġour	12.066758
15	6	Ġmother	9.776581
15	7	Ġsaid	10.199613
15	8	Ġher	7.209122
15	9	Ġfriend	9.245782
15	10	Ġremarked	17.323643
15	11	Ġthe	6.888885
15	12	Ġpark	12.959003
15	13	Ġattendant	12.618315
15	14	Ġreported	12.363329
15	15	Ġthrew	18.818174
15	16	Ġthe	2.848033
15	17	Ġplastic	7.250453
15	18	Ġinto	8.447569
15	19	Ġthe	0.683749
15	20	Ġtrash	4.441474
15	21	Ġcan	3.003363
15	22	.	1.447114
15	23	<|endoftext|>	8.949352
16	1	<|endoftext|>	0.0
16	2	I	5.770357
16	3	Ġknow	5.545684
16	4	Ġwho	8.366485
16	5	Ġour	12.066758
16	6	Ġmother	9.776581
16	7	Ġsaid	10.199613
16	8	Ġher	7.209122
16	9	Ġfriend	9.245782
16	10	Ġremarked	17.323643
16	11	Ġthe	6.888885
16	12	Ġpark	12.959003
16	13	Ġattendant	12.618315
16	14	Ġreported	12.363329
16	15	Ġyour	11.555586
16	16	Ġfriend	4.415843
16	17	Ġthrew	11.554416
16	18	Ġthe	3.142438
16	19	Ġplastic	6.784558
16	20	Ġinto	8.298073
16	21	Ġthe	0.599516
16	22	Ġtrash	3.853683
16	23	Ġcan	3.09167
16	24	.	1.281078
16	25	<|endoftext|>	8.761876
17	1	<|endoftext|>	0.0
17	2	I	5.770357
17	3	Ġknow	5.545684
17	4	Ġthat	2.749692
17	5	Ġour	8.916299
17	6	Ġmother	9.931918
17	7	Ġsaid	6.590503
17	8	Ġher	7.331433
17	9	Ġfriend	9.653595
17	10	Ġremarked	15.422551
17	11	Ġthe	7.058251
17	12	Ġpark	13.377457
17	13	Ġattendant	12.693683
17	14	Ġreported	12.190502
17	15	Ġthrew	19.325873
17	16	Ġthe	2.894332
17	17	Ġplastic	7.261102
17	18	Ġinto	8.159458
17	19	Ġthe	0.675224
17	20	Ġtrash	4.475
17	21	Ġcan	2.878959
17	22	.	1.607062
17	23	<|endoftext|>	10.236516
18	1	<|endoftext|>	0.0
18	2	I	5.770357
18	3	Ġknow	5.545684
18	4	Ġthat	2.749692
18	5	Ġour	8.916299
18	6	Ġmother	9.931918
18	7	Ġsaid	6.590503
18	8	Ġher	7.331433
18	9	Ġfriend	9.653595
18	10	Ġremarked	15.422551
18	11	Ġthe	7.058251
18	12	Ġpark	13.377457
18	13	Ġattendant	12.693683
18	14	Ġreported	12.190502
18	15	Ġyour	11.112687
18	16	Ġfriend	4.033353
18	17	Ġthrew	11.493462
18	18	Ġthe	3.095572
18	19	Ġplastic	6.850482
18	20	Ġinto	8.142272
18	21	Ġthe	0.57896
18	22	Ġtrash	3.961717
18	23	Ġcan	3.038417
18	24	.	1.351829
18	25	<|endoftext|>	10.091271
19	1	<|endoftext|>	0.0
19	2	I	5.770357
19	3	Ġknow	5.545684
19	4	Ġwho	8.366485
19	5	Ġour	12.066758
19	6	Ġmother	9.776581
19	7	Ġsaid	10.199613
19	8	Ġher	7.209122
19	9	Ġfriend	9.245782
19	10	Ġremarked	17.323643
19	11	Ġthe	6.888885
19	12	Ġpark	12.959003
19	13	Ġattendant	12.618315
19	14	Ġreported	12.363329
19	15	Ġthrew	18.818174
19	16	Ġthe	2.848033
19	17	Ġplastic	7.250453
19	18	Ġinto	8.447569
19	19	Ġthe	0.683749
19	20	Ġtrash	4.441474
19	21	Ġcan	3.003363
19	22	.	1.447114
19	23	<|endoftext|>	8.949352
20	1	<|endoftext|>	0.0
20	2	I	5.770357
20	3	Ġknow	5.545684
20	4	Ġwho	8.366485
20	5	Ġour	12.066758
20	6	Ġmother	9.776581
20	7	Ġsaid	10.199613
20	8	Ġher	7.209122
20	9	Ġfriend	9.245782
20	10	Ġremarked	17.323643
20	11	Ġthe	6.888885
20	12	Ġpark	12.959003
20	13	Ġattendant	12.618315
20	14	Ġreported	12.363329
20	15	Ġyour	11.555586
20	16	Ġfriend	4.415843
20	17	Ġthrew	11.554416
20	18	Ġthe	3.142438
20	19	Ġplastic	6.784558
20	20	Ġinto	8.298073
20	21	Ġthe	0.599516
20	22	Ġtrash	3.853683
20	23	Ġcan	3.09167
20	24	.	1.281078
20	25	<|endoftext|>	8.761876
21	1	<|endoftext|>	0.0
21	2	The	4.729313
21	3	Ġnewspaper	13.263054
21	4	Ġreported	3.595349
21	5	Ġthat	0.76549
21	6	Ġsold	18.031605
21	7	Ġa	9.694991
21	8	Ġcar	6.877519
21	9	Ġto	2.239343
21	10	Ġhis	6.859212
21	11	Ġfriend	4.505763
21	12	.	5.175377
21	13	<|endoftext|>	6.080076
22	1	<|endoftext|>	0.0
22	2	The	4.729313
22	3	Ġnewspaper	13.263054
22	4	Ġreported	3.595349
22	5	Ġthat	0.76549
22	6	Ġthe	2.480994
22	7	Ġboss	11.282601
22	8	Ġsold	14.352068
22	9	Ġa	3.998891
22	10	Ġcar	6.810201
22	11	Ġto	2.161944
22	12	Ġhis	5.407646
22	13	Ġfriend	5.145444
22	14	.	4.795877
22	15	<|endoftext|>	5.74548
23	1	<|endoftext|>	0.0
23	2	The	4.729313
23	3	Ġnewspaper	13.263054
23	4	Ġreported	3.595349
23	5	Ġwho	14.544697
23	6	Ġsold	9.439526
23	7	Ġa	6.08188
23	8	Ġcar	5.325093
23	9	Ġto	1.654796
23	10	Ġhis	7.171668
23	11	Ġfriend	4.499324
23	12	.	3.581409
23	13	<|endoftext|>	6.056771
24	1	<|endoftext|>	0.0
24	2	The	4.729313
24	3	Ġnewspaper	13.263054
24	4	Ġreported	3.595349
24	5	Ġwho	14.544697
24	6	Ġthe	4.618234
24	7	Ġboss	10.328859
24	8	Ġsold	15.069193
24	9	Ġa	7.140533
24	10	Ġcar	5.947252
24	11	Ġto	0.718119
24	12	Ġhis	10.672675
24	13	Ġfriend	5.45939
24	14	.	2.891466
24	15	<|endoftext|>	5.724973
25	1	<|endoftext|>	0.0
25	2	The	4.729286
25	3	Ġnewspaper	13.263032
25	4	Ġreported	3.595366
25	5	Ġthat	0.765484
25	6	Ġthe	2.480973
25	7	Ġinvestigator	12.798558
25	8	Ġthought	11.463146
25	9	Ġsold	18.860839
25	10	Ġa	6.821388
25	11	Ġcar	6.087898
25	12	Ġto	2.086037
25	13	Ġhis	6.139377
25	14	Ġfriend	4.169153
25	15	.	3.821237
25	16	<|endoftext|>	6.176541
26	1	<|endoftext|>	0.0
26	2	The	4.729281
26	3	Ġnewspaper	13.263024
26	4	Ġreported	3.595351
26	5	Ġthat	0.765479
26	6	Ġthe	2.480964
26	7	Ġinvestigator	12.798575
26	8	Ġthought	11.463144
26	9	Ġthe	2.353284
26	10	Ġboss	12.726528
26	11	Ġsold	13.933986
26	12	Ġa	4.488002
26	13	Ġcar	5.661609
26	14	Ġto	1.868136
26	15	Ġhis	5.060585
26	16	Ġfriend	5.057851
26	17	.	2.958801
26	18	<|endoftext|>	5.967517
27	1	<|endoftext|>	0.0
27	2	The	4.729286
27	3	Ġnewspaper	13.263032
27	4	Ġreported	3.595366
27	5	Ġwho	14.544712
27	6	Ġthe	4.618148
27	7	Ġinvestigator	11.042513
27	8	Ġthought	8.798303
27	9	Ġsold	13.975603
27	10	Ġa	5.538009
27	11	Ġcar	5.213552
27	12	Ġto	1.264183
27	13	Ġhis	7.806024
27	14	Ġfriend	4.223968
27	15	.	2.082994
27	16	<|endoftext|>	6.033037
28	1	<|endoftext|>	0.0
28	2	The	4.729281
28	3	Ġnewspaper	13.263024
28	4	Ġreported	3.595351
28	5	Ġwho	14.544717
28	6	Ġthe	4.618145
28	7	Ġinvestigator	11.042498
28	8	Ġthought	8.798282
28	9	Ġthe	4.598378
28	10	Ġboss	12.44942
28	11	Ġsold	15.520559
28	12	Ġa	6.37089
28	13	Ġcar	4.966361
28	14	Ġto	0.977213
28	15	Ġhis	8.9135
28	16	Ġfriend	5.169497
28	17	.	1.98223
28	18	<|endoftext|>	5.734332
29	1	<|endoftext|>	0.0
29	2	The	4.729281
29	3	Ġnewspaper	13.263024
29	4	Ġreported	3.595351
29	5	Ġthat	0.765479
29	6	Ġthe	2.480964
29	7	Ġinvestigator	12.798575
29	8	Ġthought	11.463144
29	9	Ġthe	2.353284
29	10	Ġbusinessman	11.015749
29	11	Ġbelieved	9.365991
29	12	Ġsold	16.80913
29	13	Ġa	4.712178
29	14	Ġcar	5.019209
29	15	Ġto	1.664193
29	16	Ġhis	4.928608
29	17	Ġfriend	4.681331
29	18	.	3.269011
29	19	<|endoftext|>	5.778185
30	1	<|endoftext|>	0.0
30	2	The	4.729281
30	3	Ġnewspaper	13.263024
30	4	Ġreported	3.595351
30	5	Ġthat	0.765479
30	6	Ġthe	2.480964
30	7	Ġinvestigator	12.798575
30	8	Ġthought	11.463144
30	9	Ġthe	2.353284
30	10	Ġbusinessman	11.015749
30	11	Ġbelieved	9.365991
30	12	Ġthe	2.532215
30	13	Ġboss	12.315114
30	14	Ġsold	12.370012
30	15	Ġa	4.923584
30	16	Ġcar	5.133059
30	17	Ġto	1.777468
30	18	Ġhis	4.629754
30	19	Ġfriend	5.234417
30	20	.	2.65833
30	21	<|endoftext|>	5.541331
31	1	<|endoftext|>	0.0
31	2	The	4.729281
31	3	Ġnewspaper	13.263024
31	4	Ġreported	3.595351
31	5	Ġwho	14.544717
31	6	Ġthe	4.618145
31	7	Ġinvestigator	11.042498
31	8	Ġthought	8.798282
31	9	Ġthe	4.598378
31	10	Ġbusinessman	11.081616
31	11	Ġbelieved	8.937951
31	12	Ġsold	12.717583
31	13	Ġa	5.155941
31	14	Ġcar	5.130652
31	15	Ġto	1.430246
31	16	Ġhis	5.785906
31	17	Ġfriend	4.825098
31	18	.	2.228799
31	19	<|endoftext|>	5.76641
32	1	<|endoftext|>	0.0
32	2	The	4.729281
32	3	Ġnewspaper	13.263024
32	4	Ġreported	3.595351
32	5	Ġwho	14.544717
32	6	Ġthe	4.618145
32	7	Ġinvestigator	11.042498
32	8	Ġthought	8.798282
32	9	Ġthe	4.598378
32	10	Ġbusinessman	11.081616
32	11	Ġbelieved	8.937951
32	12	Ġthe	5.965925
32	13	Ġboss	11.591335
32	14	Ġsold	13.712837
32	15	Ġa	5.564374
32	16	Ġcar	5.04544
32	17	Ġto	1.345803
32	18	Ġhis	6.759892
32	19	Ġfriend	5.293712
32	20	.	1.996502
32	21	<|endoftext|>	5.407054
33	1	<|endoftext|>	0.0
33	2	The	4.729281
33	3	Ġnewspaper	13.263024
33	4	Ġreported	3.595351
33	5	Ġthat	0.765479
33	6	Ġthe	2.480964
33	7	Ġinvestigator	12.798575
33	8	Ġthought	11.463144
33	9	Ġthe	2.353284
33	10	Ġbusinessman	11.015749
33	11	Ġbelieved	9.365991
33	12	Ġthe	2.532215
33	13	Ġbanker	11.397403
33	14	Ġsaid	9.901857
33	15	Ġsold	15.238542
33	16	Ġa	4.945141
33	17	Ġcar	5.678479
33	18	Ġto	1.729485
33	19	Ġhis	4.827877
33	20	Ġfriend	4.409548
33	21	.	2.538292
33	22	<|endoftext|>	5.36391
34	1	<|endoftext|>	0.0
34	2	The	4.729281
34	3	Ġnewspaper	13.263024
34	4	Ġreported	3.595351
34	5	Ġthat	0.765479
34	6	Ġthe	2.480964
34	7	Ġinvestigator	12.798575
34	8	Ġthought	11.463144
34	9	Ġthe	2.353284
34	10	Ġbusinessman	11.015749
34	11	Ġbelieved	9.365991
34	12	Ġthe	2.532215
34	13	Ġbanker	11.397403
34	14	Ġsaid	9.901857
34	15	Ġthe	3.196729
34	16	Ġboss	11.067811
34	17	Ġsold	10.227065
34	18	Ġa	4.989318
34	19	Ġcar	5.466889
34	20	Ġto	1.831235
34	21	Ġhis	4.96885
34	22	Ġfriend	4.849724
34	23	.	2.271997
34	24	<|endoftext|>	5.126603
35	1	<|endoftext|>	0.0
35	2	The	4.729281
35	3	Ġnewspaper	13.263024
35	4	Ġreported	3.595351
35	5	Ġwho	14.544717
35	6	Ġthe	4.618145
35	7	Ġinvestigator	11.042498
35	8	Ġthought	8.798282
35	9	Ġthe	4.598378
35	10	Ġbusinessman	11.081616
35	11	Ġbelieved	8.937951
35	12	Ġthe	5.965925
35	13	Ġbanker	10.196806
35	14	Ġsaid	9.496658
35	15	Ġsold	11.2288
35	16	Ġa	5.039336
35	17	Ġcar	5.73565
35	18	Ġto	1.641052
35	19	Ġhis	5.22256
35	20	Ġfriend	4.291293
35	21	.	1.94575
35	22	<|endoftext|>	5.211202
36	1	<|endoftext|>	0.0
36	2	The	4.729281
36	3	Ġnewspaper	13.263024
36	4	Ġreported	3.595351
36	5	Ġwho	14.544717
36	6	Ġthe	4.618145
36	7	Ġinvestigator	11.042498
36	8	Ġthought	8.798282
36	9	Ġthe	4.598378
36	10	Ġbusinessman	11.081616
36	11	Ġbelieved	8.937951
36	12	Ġthe	5.965925
36	13	Ġbanker	10.196806
36	14	Ġsaid	9.496658
36	15	Ġthe	5.607449
36	16	Ġboss	10.346512
36	17	Ġsold	10.622267
36	18	Ġa	5.14247
36	19	Ġcar	5.567661
36	20	Ġto	1.716172
36	21	Ġhis	5.953021
36	22	Ġfriend	4.604112
36	23	.	1.874784
36	24	<|endoftext|>	4.917985
37	1	<|endoftext|>	0.0
37	2	The	4.729281
37	3	Ġnewspaper	13.263024
37	4	Ġreported	3.595351
37	5	Ġthat	0.765479
37	6	Ġthe	2.480964
37	7	Ġinvestigator	12.798575
37	8	Ġthought	11.463144
37	9	Ġthe	2.353284
37	10	Ġbusinessman	11.015749
37	11	Ġbelieved	9.365991
37	12	Ġthe	2.532215
37	13	Ġbanker	11.397403
37	14	Ġsaid	9.901857
37	15	Ġsold	15.238542
37	16	Ġa	4.945141
37	17	Ġcar	5.678479
37	18	Ġto	1.729485
37	19	Ġhis	4.827877
37	20	Ġfriend	4.409548
37	21	.	2.538292
37	22	<|endoftext|>	5.36391
38	1	<|endoftext|>	0.0
38	2	The	4.729281
38	3	Ġnewspaper	13.263024
38	4	Ġreported	3.595351
38	5	Ġthat	0.765479
38	6	Ġthe	2.480964
38	7	Ġinvestigator	12.798575
38	8	Ġthought	11.463144
38	9	Ġthe	2.353284
38	10	Ġbusinessman	11.015749
38	11	Ġbelieved	9.365991
38	12	Ġthe	2.532215
38	13	Ġbanker	11.397403
38	14	Ġsaid	9.901857
38	15	Ġthe	3.196729
38	16	Ġboss	11.067811
38	17	Ġsold	10.227065
38	18	Ġa	4.989318
38	19	Ġcar	5.466889
38	20	Ġto	1.831235
38	21	Ġhis	4.96885
38	22	Ġfriend	4.849724
38	23	.	2.271997
38	24	<|endoftext|>	5.126603
39	1	<|endoftext|>	0.0
39	2	The	4.729281
39	3	Ġnewspaper	13.263024
39	4	Ġreported	3.595351
39	5	Ġwho	14.544717
39	6	Ġthe	4.618145
39	7	Ġinvestigator	11.042498
39	8	Ġthought	8.798282
39	9	Ġthe	4.598378
39	10	Ġbusinessman	11.081616
39	11	Ġbelieved	8.937951
39	12	Ġthe	5.965925
39	13	Ġbanker	10.196806
39	14	Ġsaid	9.496658
39	15	Ġsold	11.2288
39	16	Ġa	5.039336
39	17	Ġcar	5.73565
39	18	Ġto	1.641052
39	19	Ġhis	5.22256
39	20	Ġfriend	4.291293
39	21	.	1.94575
39	22	<|endoftext|>	5.211202
40	1	<|endoftext|>	0.0
40	2	The	4.729281
40	3	Ġnewspaper	13.263024
40	4	Ġreported	3.595351
40	5	Ġwho	14.544717
40	6	Ġthe	4.618145
40	7	Ġinvestigator	11.042498
40	8	Ġthought	8.798282
40	9	Ġthe	4.598378
40	10	Ġbusinessman	11.081616
40	11	Ġbelieved	8.937951
40	12	Ġthe	5.965925
40	13	Ġbanker	10.196806
40	14	Ġsaid	9.496658
40	15	Ġthe	5.607449
40	16	Ġboss	10.346512
40	17	Ġsold	10.622267
40	18	Ġa	5.14247
40	19	Ġcar	5.567661
40	20	Ġto	1.716172
40	21	Ġhis	5.953021
40	22	Ġfriend	4.604112
40	23	.	1.874784
40	24	<|endoftext|>	4.917985
41	1	<|endoftext|>	0.0
41	2	Her	10.989427
41	3	Ġfriend	10.284696
41	4	Ġfound	9.169954
41	5	Ġout	2.568972
41	6	Ġthat	2.556999
41	7	Ġtold	15.357952
41	8	Ġa	7.147342
41	9	Ġstory	1.871644
41	10	Ġto	4.753886
41	11	Ġthe	3.163557
41	12	Ġguests	13.655984
41	13	.	2.190419
41	14	<|endoftext|>	6.768551
42	1	<|endoftext|>	0.0
42	2	Her	10.989438
42	3	Ġfriend	10.284685
42	4	Ġfound	9.169958
42	5	Ġout	2.568995
42	6	Ġthat	2.557029
42	7	Ġthe	3.426827
42	8	Ġvisitor	13.911652
42	9	Ġtold	9.992678
42	10	Ġa	7.216731
42	11	Ġstory	2.257271
42	12	Ġto	5.094617
42	13	Ġthe	2.653421
42	14	Ġguests	10.900892
42	15	.	1.884751
42	16	<|endoftext|>	7.494389
43	1	<|endoftext|>	0.0
43	2	Her	10.989427
43	3	Ġfriend	10.284696
43	4	Ġfound	9.169954
43	5	Ġout	2.568972
43	6	Ġwho	7.261619
43	7	Ġtold	9.588656
43	8	Ġa	10.389559
43	9	Ġstory	2.190526
43	10	Ġto	4.348874
43	11	Ġthe	3.142207
43	12	Ġguests	14.898984
43	13	.	1.696316
43	14	<|endoftext|>	6.466834
44	1	<|endoftext|>	0.0
44	2	Her	10.989438
44	3	Ġfriend	10.284685
44	4	Ġfound	9.169958
44	5	Ġout	2.568995
44	6	Ġwho	7.261562
44	7	Ġthe	3.437651
44	8	Ġvisitor	13.627746
44	9	Ġtold	13.406308
44	10	Ġa	11.222654
44	11	Ġstory	2.275625
44	12	Ġto	3.269876
44	13	Ġthe	3.307517
44	14	Ġguests	12.353003
44	15	.	1.554077
44	16	<|endoftext|>	6.440598
45	1	<|endoftext|>	0.0
45	2	Her	10.989433
45	3	Ġfriend	10.284694
45	4	Ġfound	9.169958
45	5	Ġout	2.568995
45	6	Ġthat	2.557032
45	7	Ġmy	6.78523
45	8	Ġfriend	4.003968
45	9	Ġbelieved	12.519787
45	10	Ġtold	15.461041
45	11	Ġa	6.508505
45	12	Ġstory	1.561076
45	13	Ġto	4.816062
45	14	Ġthe	3.896597
45	15	Ġguests	13.889063
45	16	.	2.101836
45	17	<|endoftext|>	8.572409
46	1	<|endoftext|>	0.0
46	2	Her	10.989433
46	3	Ġfriend	10.284694
46	4	Ġfound	9.169958
46	5	Ġout	2.568995
46	6	Ġthat	2.557032
46	7	Ġmy	6.78523
46	8	Ġfriend	4.003968
46	9	Ġbelieved	12.519787
46	10	Ġthe	4.20632
46	11	Ġvisitor	16.381925
46	12	Ġtold	9.698869
46	13	Ġa	6.292993
46	14	Ġstory	1.677193
46	15	Ġto	5.422627
46	16	Ġthe	3.43554
46	17	Ġguests	10.033403
46	18	.	1.77145
46	19	<|endoftext|>	8.81912
47	1	<|endoftext|>	0.0
47	2	Her	10.989433
47	3	Ġfriend	10.284694
47	4	Ġfound	9.169958
47	5	Ġout	2.568995
47	6	Ġwho	7.261553
47	7	Ġmy	7.276036
47	8	Ġfriend	3.028605
47	9	Ġbelieved	14.922465
47	10	Ġtold	11.124548
47	11	Ġa	8.003102
47	12	Ġstory	1.569001
47	13	Ġto	4.149796
47	14	Ġthe	3.409894
47	15	Ġguests	15.175806
47	16	.	1.687701
47	17	<|endoftext|>	7.706929
48	1	<|endoftext|>	0.0
48	2	Her	10.989433
48	3	Ġfriend	10.284694
48	4	Ġfound	9.169958
48	5	Ġout	2.568995
48	6	Ġwho	7.261553
48	7	Ġmy	7.276036
48	8	Ġfriend	3.028605
48	9	Ġbelieved	14.922465
48	10	Ġthe	7.455864
48	11	Ġvisitor	15.611846
48	12	Ġtold	11.319254
48	13	Ġa	10.004773
48	14	Ġstory	1.708779
48	15	Ġto	3.121684
48	16	Ġthe	3.680175
48	17	Ġguests	11.528631
48	18	.	1.397468
48	19	<|endoftext|>	7.876492
49	1	<|endoftext|>	0.0
49	2	Her	10.989433
49	3	Ġfriend	10.284694
49	4	Ġfound	9.169958
49	5	Ġout	2.568995
49	6	Ġthat	2.557032
49	7	Ġmy	6.78523
49	8	Ġfriend	4.003968
49	9	Ġbelieved	12.519787
49	10	Ġthe	4.20632
49	11	Ġprofessor	10.96833
49	12	Ġsaid	8.290244
49	13	Ġtold	17.00777
49	14	Ġa	5.666711
49	15	Ġstory	1.953368
49	16	Ġto	5.277447
49	17	Ġthe	4.016718
49	18	Ġguests	13.094225
49	19	.	2.019801
49	20	<|endoftext|>	8.104753
50	1	<|endoftext|>	0.0
50	2	Her	10.989433
50	3	Ġfriend	10.284694
50	4	Ġfound	9.169958
50	5	Ġout	2.568995
50	6	Ġthat	2.557032
50	7	Ġmy	6.78523
50	8	Ġfriend	4.003968
50	9	Ġbelieved	12.519787
50	10	Ġthe	4.20632
50	11	Ġprofessor	10.96833
50	12	Ġsaid	8.290244
50	13	Ġthe	3.635411
50	14	Ġvisitor	16.717506
50	15	Ġtold	8.025407
50	16	Ġa	6.111064
50	17	Ġstory	1.70924
50	18	Ġto	5.62858
50	19	Ġthe	3.513854
50	20	Ġguests	9.924308
50	21	.	1.72854
50	22	<|endoftext|>	8.179919
51	1	<|endoftext|>	0.0
51	2	Her	10.989433
51	3	Ġfriend	10.284694
51	4	Ġfound	9.169958
51	5	Ġout	2.568995
51	6	Ġwho	7.261553
51	7	Ġmy	7.276036
51	8	Ġfriend	3.028605
51	9	Ġbelieved	14.922465
51	10	Ġthe	7.455864
51	11	Ġprofessor	11.220637
51	12	Ġsaid	9.342905
51	13	Ġtold	11.840809
51	14	Ġa	8.164161
51	15	Ġstory	1.710474
51	16	Ġto	4.024604
51	17	Ġthe	3.707808
51	18	Ġguests	14.308321
51	19	.	1.433388
51	20	<|endoftext|>	7.296502
52	1	<|endoftext|>	0.0
52	2	Her	10.989433
52	3	Ġfriend	10.284694
52	4	Ġfound	9.169958
52	5	Ġout	2.568995
52	6	Ġwho	7.261553
52	7	Ġmy	7.276036
52	8	Ġfriend	3.028605
52	9	Ġbelieved	14.922465
52	10	Ġthe	7.455864
52	11	Ġprofessor	11.220637
52	12	Ġsaid	9.342905
52	13	Ġthe	6.130578
52	14	Ġvisitor	15.46631
52	15	Ġtold	7.786432
52	16	Ġa	9.249216
52	17	Ġstory	2.147738
52	18	Ġto	4.279075
52	19	Ġthe	3.5842
52	20	Ġguests	11.32068
52	21	.	1.358621
52	22	<|endoftext|>	7.379758
53	1	<|endoftext|>	0.0
53	2	Her	10.989433
53	3	Ġfriend	10.284694
53	4	Ġfound	9.169958
53	5	Ġout	2.568995
53	6	Ġthat	2.557032
53	7	Ġmy	6.78523
53	8	Ġfriend	4.003968
53	9	Ġbelieved	12.519787
53	10	Ġthe	4.20632
53	11	Ġprofessor	10.96833
53	12	Ġsaid	8.290244
53	13	Ġhis	6.944236
53	14	Ġcolleague	10.011201
53	15	Ġnoticed	15.444547
53	16	Ġtold	17.710498
53	17	Ġa	5.841527
53	18	Ġstory	3.326943
53	19	Ġto	5.59728
53	20	Ġthe	3.115069
53	21	Ġguests	12.725629
53	22	.	1.803323
53	23	<|endoftext|>	7.946428
54	1	<|endoftext|>	0.0
54	2	Her	10.989433
54	3	Ġfriend	10.284694
54	4	Ġfound	9.169958
54	5	Ġout	2.568995
54	6	Ġthat	2.557032
54	7	Ġmy	6.78523
54	8	Ġfriend	4.003968
54	9	Ġbelieved	12.519787
54	10	Ġthe	4.20632
54	11	Ġprofessor	10.96833
54	12	Ġsaid	8.290244
54	13	Ġhis	6.944236
54	14	Ġcolleague	10.011201
54	15	Ġnoticed	15.444547
54	16	Ġthe	3.021495
54	17	Ġvisitor	13.800528
54	18	Ġtold	14.257287
54	19	Ġa	5.958465
54	20	Ġstory	2.596889
54	21	Ġto	5.4417
54	22	Ġthe	2.786717
54	23	Ġguests	10.368737
54	24	.	1.677701
54	25	<|endoftext|>	7.90289
55	1	<|endoftext|>	0.0
55	2	Her	10.989433
55	3	Ġfriend	10.284694
55	4	Ġfound	9.169958
55	5	Ġout	2.568995
55	6	Ġwho	7.261553
55	7	Ġmy	7.276036
55	8	Ġfriend	3.028605
55	9	Ġbelieved	14.922465
55	10	Ġthe	7.455864
55	11	Ġprofessor	11.220637
55	12	Ġsaid	9.342905
55	13	Ġhis	8.706883
55	14	Ġcolleague	11.267009
55	15	Ġnoticed	18.24186
55	16	Ġtold	14.593117
55	17	Ġa	7.797604
55	18	Ġstory	2.55785
55	19	Ġto	5.080245
55	20	Ġthe	2.978942
55	21	Ġguests	14.339249
55	22	.	1.629491
55	23	<|endoftext|>	7.234964
56	1	<|endoftext|>	0.0
56	2	Her	10.989433
56	3	Ġfriend	10.284694
56	4	Ġfound	9.169958
56	5	Ġout	2.568995
56	6	Ġwho	7.261553
56	7	Ġmy	7.276036
56	8	Ġfriend	3.028605
56	9	Ġbelieved	14.922465
56	10	Ġthe	7.455864
56	11	Ġprofessor	11.220637
56	12	Ġsaid	9.342905
56	13	Ġhis	8.706883
56	14	Ġcolleague	11.267009
56	15	Ġnoticed	18.24186
56	16	Ġthe	4.78556
56	17	Ġvisitor	13.745796
56	18	Ġtold	12.87504
56	19	Ġa	6.927859
56	20	Ġstory	2.415421
56	21	Ġto	5.138463
56	22	Ġthe	2.807894
56	23	Ġguests	11.511275
56	24	.	1.556859
56	25	<|endoftext|>	7.1702
57	1	<|endoftext|>	0.0
57	2	Her	10.989433
57	3	Ġfriend	10.284694
57	4	Ġfound	9.169958
57	5	Ġout	2.568995
57	6	Ġthat	2.557032
57	7	Ġmy	6.78523
57	8	Ġfriend	4.003968
57	9	Ġbelieved	12.519787
57	10	Ġthe	4.20632
57	11	Ġprofessor	10.96833
57	12	Ġsaid	8.290244
57	13	Ġhis	6.944236
57	14	Ġcolleague	10.011201
57	15	Ġnoticed	15.444547
57	16	Ġtold	17.710498
57	17	Ġa	5.841527
57	18	Ġstory	3.326943
57	19	Ġto	5.59728
57	20	Ġthe	3.115069
57	21	Ġguests	12.725629
57	22	.	1.803323
57	23	<|endoftext|>	7.946428
58	1	<|endoftext|>	0.0
58	2	Her	10.989433
58	3	Ġfriend	10.284694
58	4	Ġfound	9.169958
58	5	Ġout	2.568995
58	6	Ġthat	2.557032
58	7	Ġmy	6.78523
58	8	Ġfriend	4.003968
58	9	Ġbelieved	12.519787
58	10	Ġthe	4.20632
58	11	Ġprofessor	10.96833
58	12	Ġsaid	8.290244
58	13	Ġhis	6.944236
58	14	Ġcolleague	10.011201
58	15	Ġnoticed	15.444547
58	16	Ġthe	3.021495
58	17	Ġvisitor	13.800528
58	18	Ġtold	14.257287
58	19	Ġa	5.958465
58	20	Ġstory	2.596889
58	21	Ġto	5.4417
58	22	Ġthe	2.786717
58	23	Ġguests	10.368737
58	24	.	1.677701
58	25	<|endoftext|>	7.90289
59	1	<|endoftext|>	0.0
59	2	Her	10.989433
59	3	Ġfriend	10.284694
59	4	Ġfound	9.169958
59	5	Ġout	2.568995
59	6	Ġwho	7.261553
59	7	Ġmy	7.276036
59	8	Ġfriend	3.028605
59	9	Ġbelieved	14.922465
59	10	Ġthe	7.455864
59	11	Ġprofessor	11.220637
59	12	Ġsaid	9.342905
59	13	Ġhis	8.706883
59	14	Ġcolleague	11.267009
59	15	Ġnoticed	18.24186
59	16	Ġtold	14.593117
59	17	Ġa	7.797604
59	18	Ġstory	2.55785
59	19	Ġto	5.080245
59	20	Ġthe	2.978942
59	21	Ġguests	14.339249
59	22	.	1.629491
59	23	<|endoftext|>	7.234964
60	1	<|endoftext|>	0.0
60	2	Her	10.989433
60	3	Ġfriend	10.284694
60	4	Ġfound	9.169958
60	5	Ġout	2.568995
60	6	Ġwho	7.261553
60	7	Ġmy	7.276036
60	8	Ġfriend	3.028605
60	9	Ġbelieved	14.922465
60	10	Ġthe	7.455864
60	11	Ġprofessor	11.220637
60	12	Ġsaid	9.342905
60	13	Ġhis	8.706883
60	14	Ġcolleague	11.267009
60	15	Ġnoticed	18.24186
60	16	Ġthe	4.78556
60	17	Ġvisitor	13.745796
60	18	Ġtold	12.87504
60	19	Ġa	6.927859
60	20	Ġstory	2.415421
60	21	Ġto	5.138463
60	22	Ġthe	2.807894
60	23	Ġguests	11.511275
60	24	.	1.556859
60	25	<|endoftext|>	7.1702
61	1	<|endoftext|>	0.0
61	2	I	5.770367
61	3	Ġrealized	10.618951
61	4	Ġthat	1.754395
61	5	Ġsaw	16.655017
61	6	Ġa	5.144166
61	7	Ġpainting	11.79561
61	8	Ġat	6.043501
61	9	Ġthe	1.477793
61	10	Ġmuseum	5.723882
61	11	.	3.576812
61	12	<|endoftext|>	9.320151
62	1	<|endoftext|>	0.0
62	2	I	5.770367
62	3	Ġrealized	10.618951
62	4	Ġthat	1.754395
62	5	Ġthe	3.72408
62	6	Ġsuffering	15.058636
62	7	Ġartist	15.059816
62	8	Ġsaw	10.912705
62	9	Ġa	3.793127
62	10	Ġpainting	10.752421
62	11	Ġat	7.419695
62	12	Ġthe	1.3969
62	13	Ġmuseum	7.063741
62	14	.	3.710507
62	15	<|endoftext|>	10.141552
63	1	<|endoftext|>	0.0
63	2	I	5.770367
63	3	Ġrealized	10.618951
63	4	Ġwho	10.345019
63	5	Ġsaw	13.836811
63	6	Ġa	7.339188
63	7	Ġpainting	11.607514
63	8	Ġat	5.98463
63	9	Ġthe	1.390998
63	10	Ġmuseum	5.702779
63	11	.	2.892191
63	12	<|endoftext|>	9.12608
64	1	<|endoftext|>	0.0
64	2	I	5.770367
64	3	Ġrealized	10.618951
64	4	Ġwho	10.345019
64	5	Ġthe	4.94157
64	6	Ġsuffering	16.256531
64	7	Ġartist	8.371688
64	8	Ġsaw	15.329178
64	9	Ġa	8.963829
64	10	Ġpainting	10.562836
64	11	Ġat	6.548806
64	12	Ġthe	1.395085
64	13	Ġmuseum	7.205137
64	14	.	2.064858
64	15	<|endoftext|>	9.349086
65	1	<|endoftext|>	0.0
65	2	I	5.770367
65	3	Ġrealized	10.618951
65	4	Ġthat	1.754395
65	5	Ġthe	3.72408
65	6	Ġpainter	16.409665
65	7	Ġbelieved	13.090219
65	8	Ġsaw	18.204691
65	9	Ġa	7.421731
65	10	Ġpainting	8.108744
65	11	Ġat	7.28734
65	12	Ġthe	1.636128
65	13	Ġmuseum	8.475138
65	14	.	3.043451
65	15	<|endoftext|>	10.170324
66	1	<|endoftext|>	0.0
66	2	I	5.770357
66	3	Ġrealized	10.619034
66	4	Ġthat	1.754401
66	5	Ġthe	3.724106
66	6	Ġpainter	16.409624
66	7	Ġbelieved	13.090334
66	8	Ġthe	4.111772
66	9	Ġsuffering	12.644448
66	10	Ġartist	11.359761
66	11	Ġsaw	8.3987
66	12	Ġa	4.951836
66	13	Ġpainting	8.383335
66	14	Ġat	7.850798
66	15	Ġthe	1.619938
66	16	Ġmuseum	10.544776
66	17	.	2.403344
66	18	<|endoftext|>	9.962081
67	1	<|endoftext|>	0.0
67	2	I	5.770367
67	3	Ġrealized	10.618951
67	4	Ġwho	10.345019
67	5	Ġthe	4.94157
67	6	Ġpainter	13.652047
67	7	Ġbelieved	14.708877
67	8	Ġsaw	15.690321
67	9	Ġa	5.259228
67	10	Ġpainting	8.393905
67	11	Ġat	6.638818
67	12	Ġthe	1.369876
67	13	Ġmuseum	7.550683
67	14	.	2.157254
67	15	<|endoftext|>	9.431009
68	1	<|endoftext|>	0.0
68	2	I	5.770357
68	3	Ġrealized	10.619034
68	4	Ġwho	10.345058
68	5	Ġthe	4.941559
68	6	Ġpainter	13.652024
68	7	Ġbelieved	14.708862
68	8	Ġthe	6.950875
68	9	Ġsuffering	14.488736
68	10	Ġartist	9.058896
68	11	Ġsaw	10.452217
68	12	Ġa	9.137346
68	13	Ġpainting	7.690555
68	14	Ġat	7.139722
68	15	Ġthe	1.371433
68	16	Ġmuseum	9.55539
68	17	.	1.350372
68	18	<|endoftext|>	9.300165
69	1	<|endoftext|>	0.0
69	2	I	5.770357
69	3	Ġrealized	10.619034
69	4	Ġthat	1.754401
69	5	Ġthe	3.724106
69	6	Ġpainter	16.409624
69	7	Ġbelieved	13.090334
69	8	Ġhis	4.710458
69	9	Ġrival	15.420966
69	10	Ġsuspected	17.064919
69	11	Ġsaw	18.388377
69	12	Ġa	4.76887
69	13	Ġpainting	8.301851
69	14	Ġat	7.354899
69	15	Ġthe	1.281193
69	16	Ġmuseum	7.321362
69	17	.	2.366074
69	18	<|endoftext|>	10.399026
70	1	<|endoftext|>	0.0
70	2	I	5.770357
70	3	Ġrealized	10.619034
70	4	Ġthat	1.754401
70	5	Ġthe	3.724106
70	6	Ġpainter	16.409624
70	7	Ġbelieved	13.090334
70	8	Ġhis	4.710458
70	9	Ġrival	15.420966
70	10	Ġsuspected	17.064919
70	11	Ġthe	4.209423
70	12	Ġsuffering	14.612715
70	13	Ġartist	11.17154
70	14	Ġsaw	12.768756
70	15	Ġa	5.029849
70	16	Ġpainting	7.868528
70	17	Ġat	7.550087
70	18	Ġthe	1.467768
70	19	Ġmuseum	8.477978
70	20	.	1.922779
70	21	<|endoftext|>	9.980008
71	1	<|endoftext|>	0.0
71	2	I	5.770357
71	3	Ġrealized	10.619034
71	4	Ġwho	10.345058
71	5	Ġthe	4.941559
71	6	Ġpainter	13.652024
71	7	Ġbelieved	14.708862
71	8	Ġhis	7.891986
71	9	Ġrival	13.757355
71	10	Ġsuspected	16.887104
71	11	Ġsaw	17.383164
71	12	Ġa	4.99048
71	13	Ġpainting	8.829182
71	14	Ġat	6.733831
71	15	Ġthe	1.229892
71	16	Ġmuseum	7.276255
71	17	.	1.877324
71	18	<|endoftext|>	9.745344
72	1	<|endoftext|>	0.0
72	2	I	5.770357
72	3	Ġrealized	10.619034
72	4	Ġwho	10.345058
72	5	Ġthe	4.941559
72	6	Ġpainter	13.652024
72	7	Ġbelieved	14.708862
72	8	Ġhis	7.891986
72	9	Ġrival	13.757355
72	10	Ġsuspected	16.887104
72	11	Ġthe	7.684862
72	12	Ġsuffering	16.03035
72	13	Ġartist	10.470979
72	14	Ġsaw	10.756695
72	15	Ġa	7.818683
72	16	Ġpainting	7.871739
72	17	Ġat	7.038397
72	18	Ġthe	1.372585
72	19	Ġmuseum	8.27069
72	20	.	1.488934
72	21	<|endoftext|>	9.419169
73	1	<|endoftext|>	0.0
73	2	I	5.770357
73	3	Ġrealized	10.619034
73	4	Ġthat	1.754401
73	5	Ġthe	3.724106
73	6	Ġpainter	16.409624
73	7	Ġbelieved	13.090334
73	8	Ġhis	4.710458
73	9	Ġrival	15.420966
73	10	Ġsuspected	17.064919
73	11	Ġthe	4.209423
73	12	Ġman	5.959671
73	13	Ġsaid	12.097917
73	14	Ġsaw	13.059104
73	15	Ġa	4.673379
73	16	Ġpainting	7.213954
73	17	Ġat	6.924022
73	18	Ġthe	1.152064
73	19	Ġmuseum	6.99585
73	20	.	1.805717
73	21	<|endoftext|>	9.691202
74	1	<|endoftext|>	0.0
74	2	I	5.770357
74	3	Ġrealized	10.619034
74	4	Ġthat	1.754401
74	5	Ġthe	3.724106
74	6	Ġpainter	16.409624
74	7	Ġbelieved	13.090334
74	8	Ġhis	4.710458
74	9	Ġrival	15.420966
74	10	Ġsuspected	17.064919
74	11	Ġthe	4.209423
74	12	Ġman	5.959671
74	13	Ġsaid	12.097917
74	14	Ġthe	3.363509
74	15	Ġsuffering	16.619881
74	16	Ġartist	12.338403
74	17	Ġsaw	9.409674
74	18	Ġa	5.819697
74	19	Ġpainting	7.589454
74	20	Ġat	7.538394
74	21	Ġthe	1.427442
74	22	Ġmuseum	7.879759
74	23	.	1.624624
74	24	<|endoftext|>	9.340647
75	1	<|endoftext|>	0.0
75	2	I	5.770357
75	3	Ġrealized	10.619034
75	4	Ġwho	10.345058
75	5	Ġthe	4.941559
75	6	Ġpainter	13.652024
75	7	Ġbelieved	14.708862
75	8	Ġhis	7.891986
75	9	Ġrival	13.757355
75	10	Ġsuspected	16.887104
75	11	Ġthe	7.684862
75	12	Ġman	6.445209
75	13	Ġsaid	10.9325
75	14	Ġsaw	13.690925
75	15	Ġa	5.468375
75	16	Ġpainting	6.809
75	17	Ġat	6.256023
75	18	Ġthe	1.118503
75	19	Ġmuseum	6.880757
75	20	.	1.620666
75	21	<|endoftext|>	9.310207
76	1	<|endoftext|>	0.0
76	2	I	5.770357
76	3	Ġrealized	10.619034
76	4	Ġwho	10.345058
76	5	Ġthe	4.941559
76	6	Ġpainter	13.652024
76	7	Ġbelieved	14.708862
76	8	Ġhis	7.891986
76	9	Ġrival	13.757355
76	10	Ġsuspected	16.887104
76	11	Ġthe	7.684862
76	12	Ġman	6.445209
76	13	Ġsaid	10.9325
76	14	Ġthe	5.98608
76	15	Ġsuffering	15.864783
76	16	Ġartist	10.980614
76	17	Ġsaw	8.85525
76	18	Ġa	7.375951
76	19	Ġpainting	7.820859
76	20	Ġat	7.166333
76	21	Ġthe	1.409702
76	22	Ġmuseum	7.724024
76	23	.	1.524873
76	24	<|endoftext|>	8.80944
77	1	<|endoftext|>	0.0
77	2	I	5.770357
77	3	Ġrealized	10.619034
77	4	Ġthat	1.754401
77	5	Ġthe	3.724106
77	6	Ġpainter	16.409624
77	7	Ġbelieved	13.090334
77	8	Ġhis	4.710458
77	9	Ġrival	15.420966
77	10	Ġsuspected	17.064919
77	11	Ġthe	4.209423
77	12	Ġman	5.959671
77	13	Ġsaid	12.097917
77	14	Ġsaw	13.059104
77	15	Ġa	4.673379
77	16	Ġpainting	7.213954
77	17	Ġat	6.924022
77	18	Ġthe	1.152064
77	19	Ġmuseum	6.99585
77	20	.	1.805717
77	21	<|endoftext|>	9.691202
78	1	<|endoftext|>	0.0
78	2	I	5.770357
78	3	Ġrealized	10.619034
78	4	Ġthat	1.754401
78	5	Ġthe	3.724106
78	6	Ġpainter	16.409624
78	7	Ġbelieved	13.090334
78	8	Ġhis	4.710458
78	9	Ġrival	15.420966
78	10	Ġsuspected	17.064919
78	11	Ġthe	4.209423
78	12	Ġman	5.959671
78	13	Ġsaid	12.097917
78	14	Ġthe	3.363509
78	15	Ġsuffering	16.619881
78	16	Ġartist	12.338403
78	17	Ġsaw	9.409674
78	18	Ġa	5.819697
78	19	Ġpainting	7.589454
78	20	Ġat	7.538394
78	21	Ġthe	1.427442
78	22	Ġmuseum	7.879759
78	23	.	1.624624
78	24	<|endoftext|>	9.340647
79	1	<|endoftext|>	0.0
79	2	I	5.770357
79	3	Ġrealized	10.619034
79	4	Ġwho	10.345058
79	5	Ġthe	4.941559
79	6	Ġpainter	13.652024
79	7	Ġbelieved	14.708862
79	8	Ġhis	7.891986
79	9	Ġrival	13.757355
79	10	Ġsuspected	16.887104
79	11	Ġthe	7.684862
79	12	Ġman	6.445209
79	13	Ġsaid	10.9325
79	14	Ġsaw	13.690925
79	15	Ġa	5.468375
79	16	Ġpainting	6.809
79	17	Ġat	6.256023
79	18	Ġthe	1.118503
79	19	Ġmuseum	6.880757
79	20	.	1.620666
79	21	<|endoftext|>	9.310207
80	1	<|endoftext|>	0.0
80	2	I	5.770357
80	3	Ġrealized	10.619034
80	4	Ġwho	10.345058
80	5	Ġthe	4.941559
80	6	Ġpainter	13.652024
80	7	Ġbelieved	14.708862
80	8	Ġhis	7.891986
80	9	Ġrival	13.757355
80	10	Ġsuspected	16.887104
80	11	Ġthe	7.684862
80	12	Ġman	6.445209
80	13	Ġsaid	10.9325
80	14	Ġthe	5.98608
80	15	Ġsuffering	15.864783
80	16	Ġartist	10.980614
80	17	Ġsaw	8.85525
80	18	Ġa	7.375951
80	19	Ġpainting	7.820859
80	20	Ġat	7.166333
80	21	Ġthe	1.409702
80	22	Ġmuseum	7.724024
80	23	.	1.524873
80	24	<|endoftext|>	8.80944
81	1	<|endoftext|>	0.0
81	2	The	4.729313
81	3	Ġnovel	12.980486
81	4	Ġrevealed	12.94236
81	5	Ġthat	1.554278
81	6	Ġsaid	12.91821
81	7	Ġsomething	12.511493
81	8	Ġto	4.19967
81	9	Ġhis	5.118091
81	10	Ġdonors	16.476501
81	11	.	3.013424
81	12	<|endoftext|>	6.987575
82	1	<|endoftext|>	0.0
82	2	The	4.729313
82	3	Ġnovel	12.980486
82	4	Ġrevealed	12.94236
82	5	Ġthat	1.554278
82	6	Ġthe	2.581805
82	7	Ġyoung	8.530581
82	8	Ġpolitician	12.129023
82	9	Ġsaid	7.898105
82	10	Ġsomething	8.421831
82	11	Ġto	3.252522
82	12	Ġhis	3.495607
82	13	Ġdonors	13.747049
82	14	.	4.531948
82	15	<|endoftext|>	7.365091
83	1	<|endoftext|>	0.0
83	2	The	4.729313
83	3	Ġnovel	12.980486
83	4	Ġrevealed	12.94236
83	5	Ġwho	9.659708
83	6	Ġsaid	8.579894
83	7	Ġsomething	9.374212
83	8	Ġto	3.491746
83	9	Ġhis	6.794827
83	10	Ġdonors	15.607708
83	11	.	2.728416
83	12	<|endoftext|>	6.720931
84	1	<|endoftext|>	0.0
84	2	The	4.729313
84	3	Ġnovel	12.980486
84	4	Ġrevealed	12.94236
84	5	Ġwho	9.659708
84	6	Ġthe	3.561567
84	7	Ġyoung	9.191157
84	8	Ġpolitician	10.908078
84	9	Ġsaid	9.305356
84	10	Ġsomething	15.108819
84	11	Ġto	1.682831
84	12	Ġhis	5.786659
84	13	Ġdonors	13.135592
84	14	.	2.137425
84	15	<|endoftext|>	6.406957
85	1	<|endoftext|>	0.0
85	2	The	4.729313
85	3	Ġnovel	12.980486
85	4	Ġrevealed	12.94236
85	5	Ġthat	1.554278
85	6	Ġour	10.15788
85	7	Ġfriend	10.495536
85	8	Ġthought	12.927064
85	9	Ġsaid	14.770949
85	10	Ġsomething	7.306639
85	11	Ġto	3.534607
85	12	Ġhis	3.992177
85	13	Ġdonors	18.186226
85	14	.	3.030611
85	15	<|endoftext|>	7.554396
86	1	<|endoftext|>	0.0
86	2	The	4.729281
86	3	Ġnovel	12.980488
86	4	Ġrevealed	12.94233
86	5	Ġthat	1.55429
86	6	Ġour	10.157822
86	7	Ġfriend	10.495604
86	8	Ġthought	12.927058
86	9	Ġthe	3.686819
86	10	Ġyoung	9.509936
86	11	Ġpolitician	12.21684
86	12	Ġsaid	10.449325
86	13	Ġsomething	3.60755
86	14	Ġto	3.757466
86	15	Ġhis	4.202882
86	16	Ġdonors	14.545792
86	17	.	2.863563
86	18	<|endoftext|>	7.182496
87	1	<|endoftext|>	0.0
87	2	The	4.729313
87	3	Ġnovel	12.980486
87	4	Ġrevealed	12.94236
87	5	Ġwho	9.659708
87	6	Ġour	9.123601
87	7	Ġfriend	9.0386
87	8	Ġthought	12.826487
87	9	Ġsaid	12.341665
87	10	Ġsomething	6.298653
87	11	Ġto	3.163994
87	12	Ġhis	4.718469
87	13	Ġdonors	17.551787
87	14	.	1.910701
87	15	<|endoftext|>	6.134604
88	1	<|endoftext|>	0.0
88	2	The	4.729281
88	3	Ġnovel	12.980488
88	4	Ġrevealed	12.94233
88	5	Ġwho	9.659687
88	6	Ġour	9.123669
88	7	Ġfriend	9.038547
88	8	Ġthought	12.826451
88	9	Ġthe	5.006094
88	10	Ġyoung	9.512742
88	11	Ġpolitician	10.871457
88	12	Ġsaid	10.871744
88	13	Ġsomething	11.717859
88	14	Ġto	2.697071
88	15	Ġhis	4.859205
88	16	Ġdonors	14.326978
88	17	.	1.350833
88	18	<|endoftext|>	5.965308
89	1	<|endoftext|>	0.0
89	2	The	4.729281
89	3	Ġnovel	12.980488
89	4	Ġrevealed	12.94233
89	5	Ġthat	1.55429
89	6	Ġour	10.157822
89	7	Ġfriend	10.495604
89	8	Ġthought	12.927058
89	9	Ġthe	3.686819
89	10	Ġreporter	14.230868
89	11	Ġknows	14.865769
89	12	Ġsaid	15.588187
89	13	Ġsomething	8.643556
89	14	Ġto	3.762258
89	15	Ġhis	4.788247
89	16	Ġdonors	16.030262
89	17	.	1.997724
89	18	<|endoftext|>	6.737083
90	1	<|endoftext|>	0.0
90	2	The	4.729281
90	3	Ġnovel	12.980488
90	4	Ġrevealed	12.94233
90	5	Ġthat	1.55429
90	6	Ġour	10.157822
90	7	Ġfriend	10.495604
90	8	Ġthought	12.927058
90	9	Ġthe	3.686819
90	10	Ġreporter	14.230868
90	11	Ġknows	14.865769
90	12	Ġthe	3.226162
90	13	Ġyoung	11.522714
90	14	Ġpolitician	9.827352
90	15	Ġsaid	11.096201
90	16	Ġsomething	3.922478
90	17	Ġto	3.54465
90	18	Ġhis	4.964315
90	19	Ġdonors	15.299849
90	20	.	1.954533
90	21	<|endoftext|>	6.23819
91	1	<|endoftext|>	0.0
91	2	The	4.729281
91	3	Ġnovel	12.980488
91	4	Ġrevealed	12.94233
91	5	Ġwho	9.659687
91	6	Ġour	9.123669
91	7	Ġfriend	9.038547
91	8	Ġthought	12.826451
91	9	Ġthe	5.006094
91	10	Ġreporter	13.234534
91	11	Ġknows	16.337628
91	12	Ġsaid	14.857816
91	13	Ġsomething	8.071372
91	14	Ġto	3.358259
91	15	Ġhis	5.189881
91	16	Ġdonors	16.435533
91	17	.	1.609552
91	18	<|endoftext|>	5.6096
92	1	<|endoftext|>	0.0
92	2	The	4.729281
92	3	Ġnovel	12.980488
92	4	Ġrevealed	12.94233
92	5	Ġwho	9.659687
92	6	Ġour	9.123669
92	7	Ġfriend	9.038547
92	8	Ġthought	12.826451
92	9	Ġthe	5.006094
92	10	Ġreporter	13.234534
92	11	Ġknows	16.337628
92	12	Ġthe	4.683476
92	13	Ġyoung	11.480183
92	14	Ġpolitician	9.42623
92	15	Ġsaid	9.279225
92	16	Ġsomething	9.944447
92	17	Ġto	3.318886
92	18	Ġhis	5.254662
92	19	Ġdonors	15.760608
92	20	.	1.716965
92	21	<|endoftext|>	5.375802
93	1	<|endoftext|>	0.0
93	2	The	4.729281
93	3	Ġnovel	12.980488
93	4	Ġrevealed	12.94233
93	5	Ġthat	1.55429
93	6	Ġour	10.157822
93	7	Ġfriend	10.495604
93	8	Ġthought	12.927058
93	9	Ġthe	3.686819
93	10	Ġreporter	14.230868
93	11	Ġknows	14.865769
93	12	Ġher	5.525744
93	13	Ġcontact	12.160789
93	14	Ġsaid	14.187575
93	15	Ġsaid	12.928808
93	16	Ġsomething	6.480692
93	17	Ġto	3.223215
93	18	Ġhis	7.09191
93	19	Ġdonors	17.633206
93	20	.	1.876058
93	21	<|endoftext|>	6.314942
94	1	<|endoftext|>	0.0
94	2	The	4.729281
94	3	Ġnovel	12.980488
94	4	Ġrevealed	12.94233
94	5	Ġthat	1.55429
94	6	Ġour	10.157822
94	7	Ġfriend	10.495604
94	8	Ġthought	12.927058
94	9	Ġthe	3.686819
94	10	Ġreporter	14.230868
94	11	Ġknows	14.865769
94	12	Ġher	5.525744
94	13	Ġcontact	12.160789
94	14	Ġsaid	14.187575
94	15	Ġthe	4.100259
94	16	Ġyoung	9.930867
94	17	Ġpolitician	9.871055
94	18	Ġsaid	8.066021
94	19	Ġsomething	5.919068
94	20	Ġto	3.21796
94	21	Ġhis	6.342459
94	22	Ġdonors	14.551686
94	23	.	1.883951
94	24	<|endoftext|>	5.909901
95	1	<|endoftext|>	0.0
95	2	The	4.729281
95	3	Ġnovel	12.980488
95	4	Ġrevealed	12.94233
95	5	Ġwho	9.659687
95	6	Ġour	9.123669
95	7	Ġfriend	9.038547
95	8	Ġthought	12.826451
95	9	Ġthe	5.006094
95	10	Ġreporter	13.234534
95	11	Ġknows	16.337628
95	12	Ġher	8.838093
95	13	Ġcontact	11.54351
95	14	Ġsaid	13.016866
95	15	Ġsaid	10.627869
95	16	Ġsomething	10.416842
95	17	Ġto	3.317817
95	18	Ġhis	6.863621
95	19	Ġdonors	17.783503
95	20	.	1.575971
95	21	<|endoftext|>	5.54697
96	1	<|endoftext|>	0.0
96	2	The	4.729281
96	3	Ġnovel	12.980488
96	4	Ġrevealed	12.94233
96	5	Ġwho	9.659687
96	6	Ġour	9.123669
96	7	Ġfriend	9.038547
96	8	Ġthought	12.826451
96	9	Ġthe	5.006094
96	10	Ġreporter	13.234534
96	11	Ġknows	16.337628
96	12	Ġher	8.838093
96	13	Ġcontact	11.54351
96	14	Ġsaid	13.016866
96	15	Ġthe	5.527123
96	16	Ġyoung	9.005465
96	17	Ġpolitician	9.554762
96	18	Ġsaid	7.464402
96	19	Ġsomething	8.455572
96	20	Ġto	3.072505
96	21	Ġhis	6.161642
96	22	Ġdonors	15.054106
96	23	.	1.937698
96	24	<|endoftext|>	5.147775
97	1	<|endoftext|>	0.0
97	2	The	4.729281
97	3	Ġnovel	12.980488
97	4	Ġrevealed	12.94233
97	5	Ġthat	1.55429
97	6	Ġour	10.157822
97	7	Ġfriend	10.495604
97	8	Ġthought	12.927058
97	9	Ġthe	3.686819
97	10	Ġreporter	14.230868
97	11	Ġknows	14.865769
97	12	Ġher	5.525744
97	13	Ġcontact	12.160789
97	14	Ġsaid	14.187575
97	15	Ġsaid	12.928808
97	16	Ġsomething	6.480692
97	17	Ġto	3.223215
97	18	Ġhis	7.09191
97	19	Ġdonors	17.633206
97	20	.	1.876058
97	21	<|endoftext|>	6.314942
98	1	<|endoftext|>	0.0
98	2	The	4.729281
98	3	Ġnovel	12.980488
98	4	Ġrevealed	12.94233
98	5	Ġthat	1.55429
98	6	Ġour	10.157822
98	7	Ġfriend	10.495604
98	8	Ġthought	12.927058
98	9	Ġthe	3.686819
98	10	Ġreporter	14.230868
98	11	Ġknows	14.865769
98	12	Ġher	5.525744
98	13	Ġcontact	12.160789
98	14	Ġsaid	14.187575
98	15	Ġthe	4.100259
98	16	Ġyoung	9.930867
98	17	Ġpolitician	9.871055
98	18	Ġsaid	8.066021
98	19	Ġsomething	5.919068
98	20	Ġto	3.21796
98	21	Ġhis	6.342459
98	22	Ġdonors	14.551686
98	23	.	1.883951
98	24	<|endoftext|>	5.909901
99	1	<|endoftext|>	0.0
99	2	The	4.729281
99	3	Ġnovel	12.980488
99	4	Ġrevealed	12.94233
99	5	Ġwho	9.659687
99	6	Ġour	9.123669
99	7	Ġfriend	9.038547
99	8	Ġthought	12.826451
99	9	Ġthe	5.006094
99	10	Ġreporter	13.234534
99	11	Ġknows	16.337628
99	12	Ġher	8.838093
99	13	Ġcontact	11.54351
99	14	Ġsaid	13.016866
99	15	Ġsaid	10.627869
99	16	Ġsomething	10.416842
99	17	Ġto	3.317817
99	18	Ġhis	6.863621
99	19	Ġdonors	17.783503
99	20	.	1.575971
99	21	<|endoftext|>	5.54697
100	1	<|endoftext|>	0.0
100	2	The	4.729281
100	3	Ġnovel	12.980488
100	4	Ġrevealed	12.94233
100	5	Ġwho	9.659687
100	6	Ġour	9.123669
100	7	Ġfriend	9.038547
100	8	Ġthought	12.826451
100	9	Ġthe	5.006094
100	10	Ġreporter	13.234534
100	11	Ġknows	16.337628
100	12	Ġher	8.838093
100	13	Ġcontact	11.54351
100	14	Ġsaid	13.016866
100	15	Ġthe	5.527123
100	16	Ġyoung	9.005465
100	17	Ġpolitician	9.554762
100	18	Ġsaid	7.464402
100	19	Ġsomething	8.455572
100	20	Ġto	3.072505
100	21	Ġhis	6.161642
100	22	Ġdonors	15.054106
100	23	.	1.937698
100	24	<|endoftext|>	5.147775
101	1	<|endoftext|>	0.0
101	2	We	7.155782
101	3	Ġall	5.001739
101	4	Ġknow	0.90108
101	5	Ġthat	1.582208
101	6	Ġassembled	22.788164
101	7	Ġthe	8.129473
101	8	Ġbed	14.3336
101	9	Ġfor	5.826051
101	10	Ġhis	8.202847
101	11	Ġparents	9.870282
101	12	.	2.895422
101	13	<|endoftext|>	9.150602
102	1	<|endoftext|>	0.0
102	2	We	7.155761
102	3	Ġall	5.001806
102	4	Ġknow	0.901061
102	5	Ġthat	1.582246
102	6	Ġthe	3.681982
102	7	Ġyoung	10.788246
102	8	Ġprofessional	9.818148
102	9	Ġassembled	19.269342
102	10	Ġthe	5.877527
102	11	Ġbed	14.285966
102	12	Ġfor	4.965628
102	13	Ġhis	4.956232
102	14	Ġparents	8.180102
102	15	.	3.427312
102	16	<|endoftext|>	10.482378
103	1	<|endoftext|>	0.0
103	2	We	7.155782
103	3	Ġall	5.001739
103	4	Ġknow	0.90108
103	5	Ġwho	7.268268
103	6	Ġassembled	18.746324
103	7	Ġthe	1.254459
103	8	Ġbed	14.037997
103	9	Ġfor	5.892306
103	10	Ġhis	7.470804
103	11	Ġparents	10.086583
103	12	.	2.493681
103	13	<|endoftext|>	9.175087
104	1	<|endoftext|>	0.0
104	2	We	7.155761
104	3	Ġall	5.001806
104	4	Ġknow	0.901061
104	5	Ġwho	7.268273
104	6	Ġthe	4.041315
104	7	Ġyoung	9.56576
104	8	Ġprofessional	10.383265
104	9	Ġassembled	19.477028
104	10	Ġthe	5.741415
104	11	Ġbed	14.1548
104	12	Ġfor	5.294727
104	13	Ġhis	4.73999
104	14	Ġparents	8.888198
104	15	.	2.682439
104	16	<|endoftext|>	9.853818
105	1	<|endoftext|>	0.0
105	2	We	7.155761
105	3	Ġall	5.001806
105	4	Ġknow	0.901061
105	5	Ġthat	1.582246
105	6	Ġmy	10.262352
105	7	Ġneighbor	11.680374
105	8	Ġsaid	8.448156
105	9	Ġassembled	24.449788
105	10	Ġthe	7.046393
105	11	Ġbed	11.882137
105	12	Ġfor	5.58446
105	13	Ġhis	4.246286
105	14	Ġparents	9.706679
105	15	.	2.199954
105	16	<|endoftext|>	10.581671
106	1	<|endoftext|>	0.0
106	2	We	7.155761
106	3	Ġall	5.001796
106	4	Ġknow	0.901057
106	5	Ġthat	1.582244
106	6	Ġmy	10.262349
106	7	Ġneighbor	11.680375
106	8	Ġsaid	8.448174
106	9	Ġthe	5.349494
106	10	Ġyoung	11.837595
106	11	Ġprofessional	14.301479
106	12	Ġassembled	17.249863
106	13	Ġthe	3.480446
106	14	Ġbed	10.929026
106	15	Ġfor	4.802113
106	16	Ġhis	3.972932
106	17	Ġparents	8.339042
106	18	.	2.484617
106	19	<|endoftext|>	11.017159
107	1	<|endoftext|>	0.0
107	2	We	7.155761
107	3	Ġall	5.001806
107	4	Ġknow	0.901061
107	5	Ġwho	7.268273
107	6	Ġmy	10.343463
107	7	Ġneighbor	9.840386
107	8	Ġsaid	11.868263
107	9	Ġassembled	24.055516
107	10	Ġthe	2.002054
107	11	Ġbed	11.423108
107	12	Ġfor	5.655038
107	13	Ġhis	4.051571
107	14	Ġparents	9.050074
107	15	.	1.648633
107	16	<|endoftext|>	9.632316
108	1	<|endoftext|>	0.0
108	2	We	7.155761
108	3	Ġall	5.001796
108	4	Ġknow	0.901057
108	5	Ġwho	7.268249
108	6	Ġmy	10.343463
108	7	Ġneighbor	9.840335
108	8	Ġsaid	11.868263
108	9	Ġthe	5.34413
108	10	Ġyoung	12.186784
108	11	Ġprofessional	13.695318
108	12	Ġassembled	17.711873
108	13	Ġthe	3.196332
108	14	Ġbed	10.710645
108	15	Ġfor	4.795419
108	16	Ġhis	3.670408
108	17	Ġparents	8.14487
108	18	.	1.789555
108	19	<|endoftext|>	9.944637
109	1	<|endoftext|>	0.0
109	2	We	7.155761
109	3	Ġall	5.001796
109	4	Ġknow	0.901057
109	5	Ġthat	1.582244
109	6	Ġmy	10.262349
109	7	Ġneighbor	11.680375
109	8	Ġsaid	8.448174
109	9	Ġher	7.233961
109	10	Ġassociate	15.661043
109	11	Ġknew	8.439414
109	12	Ġassembled	23.999565
109	13	Ġthe	5.706482
109	14	Ġbed	11.234651
109	15	Ġfor	6.158795
109	16	Ġhis	6.082995
109	17	Ġparents	9.931018
109	18	.	2.268896
109	19	<|endoftext|>	11.154926
110	1	<|endoftext|>	0.0
110	2	We	7.155761
110	3	Ġall	5.001796
110	4	Ġknow	0.901057
110	5	Ġthat	1.582244
110	6	Ġmy	10.262349
110	7	Ġneighbor	11.680375
110	8	Ġsaid	8.448174
110	9	Ġher	7.233961
110	10	Ġassociate	15.661043
110	11	Ġknew	8.439414
110	12	Ġthe	4.093441
110	13	Ġyoung	9.763055
110	14	Ġprofessional	13.748461
110	15	Ġassembled	18.218069
110	16	Ġthe	3.702564
110	17	Ġbed	10.804258
110	18	Ġfor	5.187646
110	19	Ġhis	4.419308
110	20	Ġparents	9.940571
110	21	.	2.236661
110	22	<|endoftext|>	11.253045
111	1	<|endoftext|>	0.0
111	2	We	7.155761
111	3	Ġall	5.001796
111	4	Ġknow	0.901057
111	5	Ġwho	7.268249
111	6	Ġmy	10.343463
111	7	Ġneighbor	9.840335
111	8	Ġsaid	11.868263
111	9	Ġher	9.306027
111	10	Ġassociate	14.99484
111	11	Ġknew	8.730878
111	12	Ġassembled	22.342006
111	13	Ġthe	3.992524
111	14	Ġbed	11.072649
111	15	Ġfor	6.237306
111	16	Ġhis	5.971877
111	17	Ġparents	9.890678
111	18	.	1.78139
111	19	<|endoftext|>	9.851761
112	1	<|endoftext|>	0.0
112	2	We	7.155761
112	3	Ġall	5.001796
112	4	Ġknow	0.901057
112	5	Ġwho	7.268249
112	6	Ġmy	10.343463
112	7	Ġneighbor	9.840335
112	8	Ġsaid	11.868263
112	9	Ġher	9.306027
112	10	Ġassociate	14.99484
112	11	Ġknew	8.730878
112	12	Ġthe	4.190412
112	13	Ġyoung	9.920232
112	14	Ġprofessional	13.491608
112	15	Ġassembled	18.368582
112	16	Ġthe	3.8748
112	17	Ġbed	10.127075
112	18	Ġfor	5.454934
112	19	Ġhis	4.631834
112	20	Ġparents	10.024915
112	21	.	1.957397
112	22	<|endoftext|>	10.018634
113	1	<|endoftext|>	0.0
113	2	We	7.155761
113	3	Ġall	5.001796
113	4	Ġknow	0.901057
113	5	Ġthat	1.582244
113	6	Ġmy	10.262349
113	7	Ġneighbor	11.680375
113	8	Ġsaid	8.448174
113	9	Ġher	7.233961
113	10	Ġassociate	15.661043
113	11	Ġknew	8.439414
113	12	Ġa	4.623863
113	13	Ġfriend	6.581102
113	14	Ġthinks	18.735303
113	15	Ġassembled	25.006734
113	16	Ġthe	7.134323
113	17	Ġbed	11.553225
113	18	Ġfor	5.971745
113	19	Ġhis	4.718397
113	20	Ġparents	9.991005
113	21	.	1.856427
113	22	<|endoftext|>	11.058963
114	1	<|endoftext|>	0.0
114	2	We	7.155761
114	3	Ġall	5.001796
114	4	Ġknow	0.901057
114	5	Ġthat	1.582244
114	6	Ġmy	10.262349
114	7	Ġneighbor	11.680375
114	8	Ġsaid	8.448174
114	9	Ġher	7.233961
114	10	Ġassociate	15.661043
114	11	Ġknew	8.439414
114	12	Ġa	4.623863
114	13	Ġfriend	6.581102
114	14	Ġthinks	18.735303
114	15	Ġthe	4.632981
114	16	Ġyoung	10.225908
114	17	Ġprofessional	14.181837
114	18	Ġassembled	19.565781
114	19	Ġthe	3.924692
114	20	Ġbed	10.839049
114	21	Ġfor	5.001485
114	22	Ġhis	4.01649
114	23	Ġparents	9.565165
114	24	.	1.926776
114	25	<|endoftext|>	10.988019
115	1	<|endoftext|>	0.0
115	2	We	7.155761
115	3	Ġall	5.001796
115	4	Ġknow	0.901057
115	5	Ġwho	7.268249
115	6	Ġmy	10.343463
115	7	Ġneighbor	9.840335
115	8	Ġsaid	11.868263
115	9	Ġher	9.306027
115	10	Ġassociate	14.99484
115	11	Ġknew	8.730878
115	12	Ġa	5.995894
115	13	Ġfriend	7.003969
115	14	Ġthinks	19.151914
115	15	Ġassembled	22.896257
115	16	Ġthe	5.450803
115	17	Ġbed	11.253646
115	18	Ġfor	6.020878
115	19	Ġhis	4.898331
115	20	Ġparents	9.942083
115	21	.	1.57392
115	22	<|endoftext|>	9.745517
116	1	<|endoftext|>	0.0
116	2	We	7.155761
116	3	Ġall	5.001796
116	4	Ġknow	0.901057
116	5	Ġwho	7.268249
116	6	Ġmy	10.343463
116	7	Ġneighbor	9.840335
116	8	Ġsaid	11.868263
116	9	Ġher	9.306027
116	10	Ġassociate	14.99484
116	11	Ġknew	8.730878
116	12	Ġa	5.995894
116	13	Ġfriend	7.003969
116	14	Ġthinks	19.151914
116	15	Ġthe	5.462466
116	16	Ġyoung	9.924663
116	17	Ġprofessional	13.701219
116	18	Ġassembled	19.439657
116	19	Ġthe	4.153523
116	20	Ġbed	10.308935
116	21	Ġfor	5.109913
116	22	Ġhis	4.54569
116	23	Ġparents	9.594849
116	24	.	1.756939
116	25	<|endoftext|>	9.806358
117	1	<|endoftext|>	0.0
117	2	We	7.155761
117	3	Ġall	5.001796
117	4	Ġknow	0.901057
117	5	Ġthat	1.582244
117	6	Ġmy	10.262349
117	7	Ġneighbor	11.680375
117	8	Ġsaid	8.448174
117	9	Ġher	7.233961
117	10	Ġassociate	15.661043
117	11	Ġknew	8.439414
117	12	Ġa	4.623863
117	13	Ġfriend	6.581102
117	14	Ġthinks	18.735303
117	15	Ġassembled	25.006734
117	16	Ġthe	7.134323
117	17	Ġbed	11.553225
117	18	Ġfor	5.971745
117	19	Ġhis	4.718397
117	20	Ġparents	9.991005
117	21	.	1.856427
117	22	<|endoftext|>	11.058963
118	1	<|endoftext|>	0.0
118	2	We	7.155761
118	3	Ġall	5.001796
118	4	Ġknow	0.901057
118	5	Ġthat	1.582244
118	6	Ġmy	10.262349
118	7	Ġneighbor	11.680375
118	8	Ġsaid	8.448174
118	9	Ġher	7.233961
118	10	Ġassociate	15.661043
118	11	Ġknew	8.439414
118	12	Ġa	4.623863
118	13	Ġfriend	6.581102
118	14	Ġthinks	18.735303
118	15	Ġthe	4.632981
118	16	Ġyoung	10.225908
118	17	Ġprofessional	14.181837
118	18	Ġassembled	19.565781
118	19	Ġthe	3.924692
118	20	Ġbed	10.839049
118	21	Ġfor	5.001485
118	22	Ġhis	4.01649
118	23	Ġparents	9.565165
118	24	.	1.926776
118	25	<|endoftext|>	10.988019
119	1	<|endoftext|>	0.0
119	2	We	7.155761
119	3	Ġall	5.001796
119	4	Ġknow	0.901057
119	5	Ġwho	7.268249
119	6	Ġmy	10.343463
119	7	Ġneighbor	9.840335
119	8	Ġsaid	11.868263
119	9	Ġher	9.306027
119	10	Ġassociate	14.99484
119	11	Ġknew	8.730878
119	12	Ġa	5.995894
119	13	Ġfriend	7.003969
119	14	Ġthinks	19.151914
119	15	Ġassembled	22.896257
119	16	Ġthe	5.450803
119	17	Ġbed	11.253646
119	18	Ġfor	6.020878
119	19	Ġhis	4.898331
119	20	Ġparents	9.942083
119	21	.	1.57392
119	22	<|endoftext|>	9.745517
120	1	<|endoftext|>	0.0
120	2	We	7.155761
120	3	Ġall	5.001796
120	4	Ġknow	0.901057
120	5	Ġwho	7.268249
120	6	Ġmy	10.343463
120	7	Ġneighbor	9.840335
120	8	Ġsaid	11.868263
120	9	Ġher	9.306027
120	10	Ġassociate	14.99484
120	11	Ġknew	8.730878
120	12	Ġa	5.995894
120	13	Ġfriend	7.003969
120	14	Ġthinks	19.151914
120	15	Ġthe	5.462466
120	16	Ġyoung	9.924663
120	17	Ġprofessional	13.701219
120	18	Ġassembled	19.439657
120	19	Ġthe	4.153523
120	20	Ġbed	10.308935
120	21	Ġfor	5.109913
120	22	Ġhis	4.54569
120	23	Ġparents	9.594849
120	24	.	1.756939
120	25	<|endoftext|>	9.806358
121	1	<|endoftext|>	0.0
121	2	I	5.770367
121	3	Ġknow	5.545733
121	4	Ġthat	2.749727
121	5	Ġfound	15.961982
121	6	Ġa	3.256102
121	7	Ġquarter	13.787224
121	8	Ġon	5.902859
121	9	Ġthe	2.230451
121	10	Ġbus	11.874874
121	11	.	2.67112
121	12	<|endoftext|>	8.665799
122	1	<|endoftext|>	0.0
122	2	I	5.770367
122	3	Ġknow	5.545733
122	4	Ġthat	2.749727
122	5	Ġthe	4.424285
122	6	Ġelderly	14.086488
122	7	Ġlady	8.164717
122	8	Ġfound	10.235031
122	9	Ġa	2.686578
122	10	Ġquarter	12.764032
122	11	Ġon	6.374944
122	12	Ġthe	1.452545
122	13	Ġbus	10.632514
122	14	.	3.030741
122	15	<|endoftext|>	10.424779
123	1	<|endoftext|>	0.0
123	2	I	5.770367
123	3	Ġknow	5.545733
123	4	Ġwho	8.366532
123	5	Ġfound	11.278816
123	6	Ġa	6.3393
123	7	Ġquarter	13.435293
123	8	Ġon	6.331874
123	9	Ġthe	1.864852
123	10	Ġbus	10.34922
123	11	.	1.960063
123	12	<|endoftext|>	8.187989
124	1	<|endoftext|>	0.0
124	2	I	5.770367
124	3	Ġknow	5.545733
124	4	Ġwho	8.366532
124	5	Ġthe	5.844098
124	6	Ġelderly	14.913507
124	7	Ġlady	6.047748
124	8	Ġfound	10.840554
124	9	Ġa	5.838133
124	10	Ġquarter	12.214932
124	11	Ġon	6.422013
124	12	Ġthe	1.683514
124	13	Ġbus	10.214175
124	14	.	1.892071
124	15	<|endoftext|>	9.482666
125	1	<|endoftext|>	0.0
125	2	I	5.770367
125	3	Ġknow	5.545733
125	4	Ġthat	2.749727
125	5	Ġtheir	10.772542
125	6	Ġfriend	11.311113
125	7	Ġsaid	6.543685
125	8	Ġfound	16.287065
125	9	Ġa	2.994251
125	10	Ġquarter	13.612578
125	11	Ġon	5.959192
125	12	Ġthe	1.892287
125	13	Ġbus	10.747763
125	14	.	2.560152
125	15	<|endoftext|>	9.426665
126	1	<|endoftext|>	0.0
126	2	I	5.770357
126	3	Ġknow	5.545684
126	4	Ġthat	2.749692
126	5	Ġtheir	10.772435
126	6	Ġfriend	11.31106
126	7	Ġsaid	6.543594
126	8	Ġthe	5.19695
126	9	Ġelderly	14.386548
126	10	Ġlady	5.057256
126	11	Ġfound	9.556472
126	12	Ġa	2.654973
126	13	Ġquarter	12.626639
126	14	Ġon	6.380353
126	15	Ġthe	1.207421
126	16	Ġbus	10.483686
126	17	.	2.713815
126	18	<|endoftext|>	9.758511
127	1	<|endoftext|>	0.0
127	2	I	5.770367
127	3	Ġknow	5.545733
127	4	Ġwho	8.366532
127	5	Ġtheir	13.359524
127	6	Ġfriend	7.075115
127	7	Ġsaid	9.669189
127	8	Ġfound	15.018909
127	9	Ġa	3.839317
127	10	Ġquarter	13.624179
127	11	Ġon	6.198768
127	12	Ġthe	1.827094
127	13	Ġbus	10.298159
127	14	.	1.76934
127	15	<|endoftext|>	8.107663
128	1	<|endoftext|>	0.0
128	2	I	5.770357
128	3	Ġknow	5.545684
128	4	Ġwho	8.366485
128	5	Ġtheir	13.359561
128	6	Ġfriend	7.075155
128	7	Ġsaid	9.669142
128	8	Ġthe	6.313734
128	9	Ġelderly	15.157967
128	10	Ġlady	4.661489
128	11	Ġfound	9.431806
128	12	Ġa	3.588196
128	13	Ġquarter	12.564144
128	14	Ġon	6.461313
128	15	Ġthe	1.324032
128	16	Ġbus	10.24213
128	17	.	2.013179
128	18	<|endoftext|>	8.702144
129	1	<|endoftext|>	0.0
129	2	I	5.770357
129	3	Ġknow	5.545684
129	4	Ġthat	2.749692
129	5	Ġtheir	10.772435
129	6	Ġfriend	11.31106
129	7	Ġsaid	6.543594
129	8	Ġthe	5.19695
129	9	Ġsecretary	15.349211
129	10	Ġbelieved	13.580616
129	11	Ġfound	17.825758
129	12	Ġa	3.366817
129	13	Ġquarter	13.448825
129	14	Ġon	6.502061
129	15	Ġthe	1.611271
129	16	Ġbus	9.889991
129	17	.	2.369816
129	18	<|endoftext|>	9.775517
130	1	<|endoftext|>	0.0
130	2	I	5.770357
130	3	Ġknow	5.545684
130	4	Ġthat	2.749692
130	5	Ġtheir	10.772435
130	6	Ġfriend	11.31106
130	7	Ġsaid	6.543594
130	8	Ġthe	5.19695
130	9	Ġsecretary	15.349211
130	10	Ġbelieved	13.580616
130	11	Ġthe	3.476186
130	12	Ġelderly	13.106078
130	13	Ġlady	5.801986
130	14	Ġfound	10.318037
130	15	Ġa	3.027022
130	16	Ġquarter	13.160688
130	17	Ġon	6.344556
130	18	Ġthe	1.245308
130	19	Ġbus	9.969776
130	20	.	2.214733
130	21	<|endoftext|>	9.683509
131	1	<|endoftext|>	0.0
131	2	I	5.770357
131	3	Ġknow	5.545684
131	4	Ġwho	8.366485
131	5	Ġtheir	13.359561
131	6	Ġfriend	7.075155
131	7	Ġsaid	9.669142
131	8	Ġthe	6.313734
131	9	Ġsecretary	15.591947
131	10	Ġbelieved	13.756744
131	11	Ġfound	16.327418
131	12	Ġa	3.509776
131	13	Ġquarter	13.385195
131	14	Ġon	6.733925
131	15	Ġthe	1.730151
131	16	Ġbus	9.58873
131	17	.	1.966076
131	18	<|endoftext|>	8.684574
132	1	<|endoftext|>	0.0
132	2	I	5.770357
132	3	Ġknow	5.545684
132	4	Ġwho	8.366485
132	5	Ġtheir	13.359561
132	6	Ġfriend	7.075155
132	7	Ġsaid	9.669142
132	8	Ġthe	6.313734
132	9	Ġsecretary	15.591947
132	10	Ġbelieved	13.756744
132	11	Ġthe	3.894684
132	12	Ġelderly	12.788165
132	13	Ġlady	5.829549
132	14	Ġfound	10.206891
132	15	Ġa	3.271489
132	16	Ġquarter	12.990562
132	17	Ġon	6.480012
132	18	Ġthe	1.379321
132	19	Ġbus	9.701431
132	20	.	1.995812
132	21	<|endoftext|>	8.586578
133	1	<|endoftext|>	0.0
133	2	I	5.770357
133	3	Ġknow	5.545684
133	4	Ġthat	2.749692
133	5	Ġtheir	10.772435
133	6	Ġfriend	11.31106
133	7	Ġsaid	6.543594
133	8	Ġthe	5.19695
133	9	Ġsecretary	15.349211
133	10	Ġbelieved	13.580616
133	11	Ġthe	3.476186
133	12	Ġworker	12.97809
133	13	Ġthinks	14.752388
133	14	Ġfound	19.4187
133	15	Ġa	3.124467
133	16	Ġquarter	13.948006
133	17	Ġon	6.072787
133	18	Ġthe	1.464118
133	19	Ġbus	9.632177
133	20	.	2.011814
133	21	<|endoftext|>	9.414699
134	1	<|endoftext|>	0.0
134	2	I	5.770357
134	3	Ġknow	5.545684
134	4	Ġthat	2.749692
134	5	Ġtheir	10.772435
134	6	Ġfriend	11.31106
134	7	Ġsaid	6.543594
134	8	Ġthe	5.19695
134	9	Ġsecretary	15.349211
134	10	Ġbelieved	13.580616
134	11	Ġthe	3.476186
134	12	Ġworker	12.97809
134	13	Ġthinks	14.752388
134	14	Ġthe	3.053745
134	15	Ġelderly	11.722734
134	16	Ġlady	7.551276
134	17	Ġfound	10.85705
134	18	Ġa	3.277089
134	19	Ġquarter	13.24784
134	20	Ġon	6.098747
134	21	Ġthe	1.191772
134	22	Ġbus	9.86292
134	23	.	2.085405
134	24	<|endoftext|>	9.259275
135	1	<|endoftext|>	0.0
135	2	I	5.770357
135	3	Ġknow	5.545684
135	4	Ġwho	8.366485
135	5	Ġtheir	13.359561
135	6	Ġfriend	7.075155
135	7	Ġsaid	9.669142
135	8	Ġthe	6.313734
135	9	Ġsecretary	15.591947
135	10	Ġbelieved	13.756744
135	11	Ġthe	3.894684
135	12	Ġworker	13.358476
135	13	Ġthinks	15.205307
135	14	Ġfound	17.503615
135	15	Ġa	3.228475
135	16	Ġquarter	13.788635
135	17	Ġon	6.20469
135	18	Ġthe	1.588889
135	19	Ġbus	9.472813
135	20	.	1.77501
135	21	<|endoftext|>	8.371827
136	1	<|endoftext|>	0.0
136	2	I	5.770357
136	3	Ġknow	5.545684
136	4	Ġwho	8.366485
136	5	Ġtheir	13.359561
136	6	Ġfriend	7.075155
136	7	Ġsaid	9.669142
136	8	Ġthe	6.313734
136	9	Ġsecretary	15.591947
136	10	Ġbelieved	13.756744
136	11	Ġthe	3.894684
136	12	Ġworker	13.358476
136	13	Ġthinks	15.205307
136	14	Ġthe	3.179601
136	15	Ġelderly	11.30119
136	16	Ġlady	7.534104
136	17	Ġfound	10.456525
136	18	Ġa	3.627093
136	19	Ġquarter	13.101388
136	20	Ġon	6.216607
136	21	Ġthe	1.344034
136	22	Ġbus	9.696132
136	23	.	1.916169
136	24	<|endoftext|>	8.190807
137	1	<|endoftext|>	0.0
137	2	I	5.770357
137	3	Ġknow	5.545684
137	4	Ġthat	2.749692
137	5	Ġtheir	10.772435
137	6	Ġfriend	11.31106
137	7	Ġsaid	6.543594
137	8	Ġthe	5.19695
137	9	Ġsecretary	15.349211
137	10	Ġbelieved	13.580616
137	11	Ġthe	3.476186
137	12	Ġworker	12.97809
137	13	Ġthinks	14.752388
137	14	Ġfound	19.4187
137	15	Ġa	3.124467
137	16	Ġquarter	13.948006
137	17	Ġon	6.072787
137	18	Ġthe	1.464118
137	19	Ġbus	9.632177
137	20	.	2.011814
137	21	<|endoftext|>	9.414699
138	1	<|endoftext|>	0.0
138	2	I	5.770357
138	3	Ġknow	5.545684
138	4	Ġthat	2.749692
138	5	Ġtheir	10.772435
138	6	Ġfriend	11.31106
138	7	Ġsaid	6.543594
138	8	Ġthe	5.19695
138	9	Ġsecretary	15.349211
138	10	Ġbelieved	13.580616
138	11	Ġthe	3.476186
138	12	Ġworker	12.97809
138	13	Ġthinks	14.752388
138	14	Ġthe	3.053745
138	15	Ġelderly	11.722734
138	16	Ġlady	7.551276
138	17	Ġfound	10.85705
138	18	Ġa	3.277089
138	19	Ġquarter	13.24784
138	20	Ġon	6.098747
138	21	Ġthe	1.191772
138	22	Ġbus	9.86292
138	23	.	2.085405
138	24	<|endoftext|>	9.259275
139	1	<|endoftext|>	0.0
139	2	I	5.770357
139	3	Ġknow	5.545684
139	4	Ġwho	8.366485
139	5	Ġtheir	13.359561
139	6	Ġfriend	7.075155
139	7	Ġsaid	9.669142
139	8	Ġthe	6.313734
139	9	Ġsecretary	15.591947
139	10	Ġbelieved	13.756744
139	11	Ġthe	3.894684
139	12	Ġworker	13.358476
139	13	Ġthinks	15.205307
139	14	Ġfound	17.503615
139	15	Ġa	3.228475
139	16	Ġquarter	13.788635
139	17	Ġon	6.20469
139	18	Ġthe	1.588889
139	19	Ġbus	9.472813
139	20	.	1.77501
139	21	<|endoftext|>	8.371827
140	1	<|endoftext|>	0.0
140	2	I	5.770357
140	3	Ġknow	5.545684
140	4	Ġwho	8.366485
140	5	Ġtheir	13.359561
140	6	Ġfriend	7.075155
140	7	Ġsaid	9.669142
140	8	Ġthe	6.313734
140	9	Ġsecretary	15.591947
140	10	Ġbelieved	13.756744
140	11	Ġthe	3.894684
140	12	Ġworker	13.358476
140	13	Ġthinks	15.205307
140	14	Ġthe	3.179601
140	15	Ġelderly	11.30119
140	16	Ġlady	7.534104
140	17	Ġfound	10.456525
140	18	Ġa	3.627093
140	19	Ġquarter	13.101388
140	20	Ġon	6.216607
140	21	Ġthe	1.344034
140	22	Ġbus	9.696132
140	23	.	1.916169
140	24	<|endoftext|>	8.190807
141	1	<|endoftext|>	0.0
141	2	My	8.871096
141	3	Ġfriends	6.757595
141	4	Ġall	8.675844
141	5	Ġknow	4.254077
141	6	Ġthat	2.256623
141	7	Ġdescribed	18.049863
141	8	Ġher	6.413013
141	9	Ġwoes	15.874512
141	10	Ġto	6.843357
141	11	Ġher	7.112778
141	12	Ġfriends	4.275161
141	13	.	2.356179
141	14	<|endoftext|>	9.743751
142	1	<|endoftext|>	0.0
142	2	My	8.871096
142	3	Ġfriends	6.757614
142	4	Ġall	8.675831
142	5	Ġknow	4.254138
142	6	Ġthat	2.256643
142	7	Ġthe	4.105544
142	8	Ġsingle	10.779872
142	9	Ġmother	6.227759
142	10	Ġdescribed	13.299339
142	11	Ġher	4.024551
142	12	Ġwoes	12.114989
142	13	Ġto	4.069364
142	14	Ġher	3.902091
142	15	Ġfriends	5.019111
142	16	.	2.639559
142	17	<|endoftext|>	10.652072
143	1	<|endoftext|>	0.0
143	2	My	8.871096
143	3	Ġfriends	6.757595
143	4	Ġall	8.675844
143	5	Ġknow	4.254077
143	6	Ġwho	5.817836
143	7	Ġdescribed	15.015727
143	8	Ġher	6.738878
143	9	Ġwoes	16.273136
143	10	Ġto	4.070391
143	11	Ġher	8.445448
143	12	Ġfriends	5.280961
143	13	.	2.229556
143	14	<|endoftext|>	9.598386
144	1	<|endoftext|>	0.0
144	2	My	8.871096
144	3	Ġfriends	6.757614
144	4	Ġall	8.675831
144	5	Ġknow	4.254138
144	6	Ġwho	5.817846
144	7	Ġthe	6.178809
144	8	Ġsingle	12.359932
144	9	Ġmother	4.467714
144	10	Ġdescribed	14.029904
144	11	Ġher	6.078722
144	12	Ġwoes	13.585644
144	13	Ġto	5.247182
144	14	Ġher	6.134701
144	15	Ġfriends	4.597711
144	16	.	1.756824
144	17	<|endoftext|>	10.154577
145	1	<|endoftext|>	0.0
145	2	My	8.871096
145	3	Ġfriends	6.757614
145	4	Ġall	8.675831
145	5	Ġknow	4.254138
145	6	Ġthat	2.256643
145	7	Ġher	11.195093
145	8	Ġfriend	8.768063
145	9	Ġknew	10.973125
145	10	Ġdescribed	19.098027
145	11	Ġher	2.262404
145	12	Ġwoes	16.48188
145	13	Ġto	4.962692
145	14	Ġher	2.326365
145	15	Ġfriends	4.740442
145	16	.	2.629408
145	17	<|endoftext|>	9.605397
146	1	<|endoftext|>	0.0
146	2	My	8.871096
146	3	Ġfriends	6.757614
146	4	Ġall	8.675831
146	5	Ġknow	4.254138
146	6	Ġthat	2.256643
146	7	Ġher	11.195093
146	8	Ġfriend	8.768063
146	9	Ġknew	10.973125
146	10	Ġthe	4.313429
146	11	Ġsingle	12.520016
146	12	Ġmother	4.686517
146	13	Ġdescribed	13.362037
146	14	Ġher	7.317825
146	15	Ġwoes	14.645857
146	16	Ġto	5.206774
146	17	Ġher	1.962056
146	18	Ġfriends	4.619586
146	19	.	1.93751
146	20	<|endoftext|>	9.667139
147	1	<|endoftext|>	0.0
147	2	My	8.871096
147	3	Ġfriends	6.757614
147	4	Ġall	8.675831
147	5	Ġknow	4.254138
147	6	Ġwho	5.817846
147	7	Ġher	12.157288
147	8	Ġfriend	6.286995
147	9	Ġknew	12.927959
147	10	Ġdescribed	17.167341
147	11	Ġher	1.008158
147	12	Ġwoes	17.776241
147	13	Ġto	5.547076
147	14	Ġher	4.80566
147	15	Ġfriends	4.370127
147	16	.	2.342697
147	17	<|endoftext|>	9.75901
148	1	<|endoftext|>	0.0
148	2	My	8.871096
148	3	Ġfriends	6.757614
148	4	Ġall	8.675831
148	5	Ġknow	4.254138
148	6	Ġwho	5.817846
148	7	Ġher	12.157288
148	8	Ġfriend	6.286995
148	9	Ġknew	12.927959
148	10	Ġthe	7.742373
148	11	Ġsingle	12.638658
148	12	Ġmother	6.154571
148	13	Ġdescribed	11.946185
148	14	Ġher	8.050324
148	15	Ġwoes	15.929819
148	16	Ġto	5.434273
148	17	Ġher	3.46149
148	18	Ġfriends	4.17321
148	19	.	1.727745
148	20	<|endoftext|>	9.370555
149	1	<|endoftext|>	0.0
149	2	My	8.871096
149	3	Ġfriends	6.757614
149	4	Ġall	8.675831
149	5	Ġknow	4.254138
149	6	Ġthat	2.256643
149	7	Ġher	11.195093
149	8	Ġfriend	8.768063
149	9	Ġknew	10.973125
149	10	Ġthe	4.313429
149	11	Ġdelivery	15.361533
149	12	Ġman	3.170939
149	13	Ġbelieved	14.547615
149	14	Ġdescribed	18.077929
149	15	Ġher	2.038265
149	16	Ġwoes	16.483408
149	17	Ġto	4.860521
149	18	Ġher	2.372909
149	19	Ġfriends	5.88602
149	20	.	1.653557
149	21	<|endoftext|>	9.283628
150	1	<|endoftext|>	0.0
150	2	My	8.871096
150	3	Ġfriends	6.757614
150	4	Ġall	8.675831
150	5	Ġknow	4.254138
150	6	Ġthat	2.256643
150	7	Ġher	11.195093
150	8	Ġfriend	8.768063
150	9	Ġknew	10.973125
150	10	Ġthe	4.313429
150	11	Ġdelivery	15.361533
150	12	Ġman	3.170939
150	13	Ġbelieved	14.547615
150	14	Ġthe	3.545059
150	15	Ġsingle	13.493218
150	16	Ġmother	3.62002
150	17	Ġdescribed	13.29998
150	18	Ġher	4.748345
150	19	Ġwoes	14.565597
150	20	Ġto	3.399425
150	21	Ġher	1.815193
150	22	Ġfriends	5.079223
150	23	.	1.251573
150	24	<|endoftext|>	9.036186
151	1	<|endoftext|>	0.0
151	2	My	8.871096
151	3	Ġfriends	6.757614
151	4	Ġall	8.675831
151	5	Ġknow	4.254138
151	6	Ġwho	5.817846
151	7	Ġher	12.157288
151	8	Ġfriend	6.286995
151	9	Ġknew	12.927959
151	10	Ġthe	7.742373
151	11	Ġdelivery	16.28786
151	12	Ġman	2.726667
151	13	Ġbelieved	13.23376
151	14	Ġdescribed	15.17704
151	15	Ġher	1.68291
151	16	Ġwoes	16.382879
151	17	Ġto	5.179392
151	18	Ġher	2.019411
151	19	Ġfriends	5.449144
151	20	.	1.729542
151	21	<|endoftext|>	9.055582
152	1	<|endoftext|>	0.0
152	2	My	8.871096
152	3	Ġfriends	6.757614
152	4	Ġall	8.675831
152	5	Ġknow	4.254138
152	6	Ġwho	5.817846
152	7	Ġher	12.157288
152	8	Ġfriend	6.286995
152	9	Ġknew	12.927959
152	10	Ġthe	7.742373
152	11	Ġdelivery	16.28786
152	12	Ġman	2.726667
152	13	Ġbelieved	13.23376
152	14	Ġthe	6.123377
152	15	Ġsingle	13.461009
152	16	Ġmother	3.881274
152	17	Ġdescribed	11.793545
152	18	Ġher	5.615106
152	19	Ġwoes	15.008557
152	20	Ġto	3.490642
152	21	Ġher	1.816612
152	22	Ġfriends	4.342012
152	23	.	1.228663
152	24	<|endoftext|>	8.516836
153	1	<|endoftext|>	0.0
153	2	My	8.871096
153	3	Ġfriends	6.757614
153	4	Ġall	8.675831
153	5	Ġknow	4.254138
153	6	Ġthat	2.256643
153	7	Ġher	11.195093
153	8	Ġfriend	8.768063
153	9	Ġknew	10.973125
153	10	Ġthe	4.313429
153	11	Ġdelivery	15.361533
153	12	Ġman	3.170939
153	13	Ġbelieved	14.547615
153	14	Ġthe	3.545059
153	15	Ġcop	10.985827
153	16	Ġsaid	9.061537
153	17	Ġdescribed	17.172982
153	18	Ġher	2.644724
153	19	Ġwoes	16.624495
153	20	Ġto	3.984439
153	21	Ġher	1.449631
153	22	Ġfriends	6.137095
153	23	.	1.249701
153	24	<|endoftext|>	8.823915
154	1	<|endoftext|>	0.0
154	2	My	8.871096
154	3	Ġfriends	6.757614
154	4	Ġall	8.675831
154	5	Ġknow	4.254138
154	6	Ġthat	2.256643
154	7	Ġher	11.195093
154	8	Ġfriend	8.768063
154	9	Ġknew	10.973125
154	10	Ġthe	4.313429
154	11	Ġdelivery	15.361533
154	12	Ġman	3.170939
154	13	Ġbelieved	14.547615
154	14	Ġthe	3.545059
154	15	Ġcop	10.985827
154	16	Ġsaid	9.061537
154	17	Ġthe	2.65539
154	18	Ġsingle	13.782966
154	19	Ġmother	3.573521
154	20	Ġdescribed	12.961844
154	21	Ġher	4.093881
154	22	Ġwoes	14.709778
154	23	Ġto	3.346701
154	24	Ġher	1.741119
154	25	Ġfriends	4.999467
154	26	.	1.196895
154	27	<|endoftext|>	8.523554
155	1	<|endoftext|>	0.0
155	2	My	8.871096
155	3	Ġfriends	6.757614
155	4	Ġall	8.675831
155	5	Ġknow	4.254138
155	6	Ġwho	5.817846
155	7	Ġher	12.157288
155	8	Ġfriend	6.286995
155	9	Ġknew	12.927959
155	10	Ġthe	7.742373
155	11	Ġdelivery	16.28786
155	12	Ġman	2.726667
155	13	Ġbelieved	13.23376
155	14	Ġthe	6.123377
155	15	Ġcop	10.820038
155	16	Ġsaid	7.821217
155	17	Ġdescribed	16.003946
155	18	Ġher	2.537937
155	19	Ġwoes	16.746622
155	20	Ġto	4.080731
155	21	Ġher	1.714548
155	22	Ġfriends	5.964215
155	23	.	1.231977
155	24	<|endoftext|>	8.125571
156	1	<|endoftext|>	0.0
156	2	My	8.871096
156	3	Ġfriends	6.757614
156	4	Ġall	8.675831
156	5	Ġknow	4.254138
156	6	Ġwho	5.817846
156	7	Ġher	12.157288
156	8	Ġfriend	6.286995
156	9	Ġknew	12.927959
156	10	Ġthe	7.742373
156	11	Ġdelivery	16.28786
156	12	Ġman	2.726667
156	13	Ġbelieved	13.23376
156	14	Ġthe	6.123377
156	15	Ġcop	10.820038
156	16	Ġsaid	7.821217
156	17	Ġthe	3.879164
156	18	Ġsingle	13.845474
156	19	Ġmother	3.431898
156	20	Ġdescribed	11.951303
156	21	Ġher	4.460907
156	22	Ġwoes	15.113333
156	23	Ġto	3.542454
156	24	Ġher	1.887947
156	25	Ġfriends	4.770213
156	26	.	1.192924
156	27	<|endoftext|>	7.678735
157	1	<|endoftext|>	0.0
157	2	My	8.871096
157	3	Ġfriends	6.757614
157	4	Ġall	8.675831
157	5	Ġknow	4.254138
157	6	Ġthat	2.256643
157	7	Ġher	11.195093
157	8	Ġfriend	8.768063
157	9	Ġknew	10.973125
157	10	Ġthe	4.313429
157	11	Ġdelivery	15.361533
157	12	Ġman	3.170939
157	13	Ġbelieved	14.547615
157	14	Ġthe	3.545059
157	15	Ġcop	10.985827
157	16	Ġsaid	9.061537
157	17	Ġdescribed	17.172982
157	18	Ġher	2.644724
157	19	Ġwoes	16.624495
157	20	Ġto	3.984439
157	21	Ġher	1.449631
157	22	Ġfriends	6.137095
157	23	.	1.249701
157	24	<|endoftext|>	8.823915
158	1	<|endoftext|>	0.0
158	2	My	8.871096
158	3	Ġfriends	6.757614
158	4	Ġall	8.675831
158	5	Ġknow	4.254138
158	6	Ġthat	2.256643
158	7	Ġher	11.195093
158	8	Ġfriend	8.768063
158	9	Ġknew	10.973125
158	10	Ġthe	4.313429
158	11	Ġdelivery	15.361533
158	12	Ġman	3.170939
158	13	Ġbelieved	14.547615
158	14	Ġthe	3.545059
158	15	Ġcop	10.985827
158	16	Ġsaid	9.061537
158	17	Ġthe	2.65539
158	18	Ġsingle	13.782966
158	19	Ġmother	3.573521
158	20	Ġdescribed	12.961844
158	21	Ġher	4.093881
158	22	Ġwoes	14.709778
158	23	Ġto	3.346701
158	24	Ġher	1.741119
158	25	Ġfriends	4.999467
158	26	.	1.196895
158	27	<|endoftext|>	8.523554
159	1	<|endoftext|>	0.0
159	2	My	8.871096
159	3	Ġfriends	6.757614
159	4	Ġall	8.675831
159	5	Ġknow	4.254138
159	6	Ġwho	5.817846
159	7	Ġher	12.157288
159	8	Ġfriend	6.286995
159	9	Ġknew	12.927959
159	10	Ġthe	7.742373
159	11	Ġdelivery	16.28786
159	12	Ġman	2.726667
159	13	Ġbelieved	13.23376
159	14	Ġthe	6.123377
159	15	Ġcop	10.820038
159	16	Ġsaid	7.821217
159	17	Ġdescribed	16.003946
159	18	Ġher	2.537937
159	19	Ġwoes	16.746622
159	20	Ġto	4.080731
159	21	Ġher	1.714548
159	22	Ġfriends	5.964215
159	23	.	1.231977
159	24	<|endoftext|>	8.125571
160	1	<|endoftext|>	0.0
160	2	My	8.871096
160	3	Ġfriends	6.757614
160	4	Ġall	8.675831
160	5	Ġknow	4.254138
160	6	Ġwho	5.817846
160	7	Ġher	12.157288
160	8	Ġfriend	6.286995
160	9	Ġknew	12.927959
160	10	Ġthe	7.742373
160	11	Ġdelivery	16.28786
160	12	Ġman	2.726667
160	13	Ġbelieved	13.23376
160	14	Ġthe	6.123377
160	15	Ġcop	10.820038
160	16	Ġsaid	7.821217
160	17	Ġthe	3.879164
160	18	Ġsingle	13.845474
160	19	Ġmother	3.431898
160	20	Ġdescribed	11.951303
160	21	Ġher	4.460907
160	22	Ġwoes	15.113333
160	23	Ġto	3.542454
160	24	Ġher	1.887947
160	25	Ġfriends	4.770213
160	26	.	1.192924
160	27	<|endoftext|>	7.678735
161	1	<|endoftext|>	0.0
161	2	The	4.729313
161	3	Ġvisitor	16.203512
161	4	Ġsaid	8.439678
161	5	Ġthat	3.431271
161	6	Ġtalked	20.402276
161	7	Ġwith	5.137224
161	8	Ġthe	2.636343
161	9	Ġnew	9.136676
161	10	Ġmanager	5.784392
161	11	Ġin	5.601846
161	12	Ġher	7.757855
161	13	Ġoffice	1.716044
161	14	.	3.136135
161	15	<|endoftext|>	6.343425
162	1	<|endoftext|>	0.0
162	2	The	4.729281
162	3	Ġvisitor	16.203449
162	4	Ġsaid	8.439651
162	5	Ġthat	3.431256
162	6	Ġthe	3.08671
162	7	Ġhuman	11.671038
162	8	Ġresources	7.164543
162	9	Ġofficer	5.687466
162	10	Ġtalked	10.49519
162	11	Ġwith	3.666685
162	12	Ġthe	2.493733
162	13	Ġnew	9.656663
162	14	Ġmanager	5.354745
162	15	Ġin	5.437973
162	16	Ġher	7.674936
162	17	Ġoffice	0.780938
162	18	.	2.688833
162	19	<|endoftext|>	6.22848
163	1	<|endoftext|>	0.0
163	2	The	4.729313
163	3	Ġvisitor	16.203512
163	4	Ġsaid	8.439678
163	5	Ġwho	13.040132
163	6	Ġtalked	12.913487
163	7	Ġwith	4.267798
163	8	Ġthe	3.459723
163	9	Ġnew	9.116257
163	10	Ġmanager	5.977276
163	11	Ġin	5.651804
163	12	Ġher	7.93245
163	13	Ġoffice	1.687414
163	14	.	4.547799
163	15	<|endoftext|>	6.305141
164	1	<|endoftext|>	0.0
164	2	The	4.729281
164	3	Ġvisitor	16.203449
164	4	Ġsaid	8.439651
164	5	Ġwho	13.040117
164	6	Ġthe	4.943778
164	7	Ġhuman	10.481198
164	8	Ġresources	5.972931
164	9	Ġofficer	2.683111
164	10	Ġtalked	11.175349
164	11	Ġwith	4.331395
164	12	Ġthe	6.177046
164	13	Ġnew	10.184837
164	14	Ġmanager	5.732495
164	15	Ġin	5.649794
164	16	Ġher	7.103687
164	17	Ġoffice	1.045694
164	18	.	2.372315
164	19	<|endoftext|>	5.498314
165	1	<|endoftext|>	0.0
165	2	The	4.729281
165	3	Ġvisitor	16.203449
165	4	Ġsaid	8.439651
165	5	Ġthat	3.431256
165	6	Ġmy	11.684873
165	7	Ġfriend	5.874244
165	8	Ġsaid	5.905752
165	9	Ġtalked	19.499034
165	10	Ġwith	6.198203
165	11	Ġthe	3.622462
165	12	Ġnew	9.762021
165	13	Ġmanager	6.115424
165	14	Ġin	5.50724
165	15	Ġher	7.441493
165	16	Ġoffice	1.726352
165	17	.	3.22216
165	18	<|endoftext|>	8.535142
166	1	<|endoftext|>	0.0
166	2	The	4.729281
166	3	Ġvisitor	16.203449
166	4	Ġsaid	8.439651
166	5	Ġthat	3.431256
166	6	Ġmy	11.684873
166	7	Ġfriend	5.874244
166	8	Ġsaid	5.905752
166	9	Ġthe	5.758925
166	10	Ġhuman	12.121219
166	11	Ġresources	8.308465
166	12	Ġofficer	5.480116
166	13	Ġtalked	8.911197
166	14	Ġwith	5.117306
166	15	Ġthe	2.972046
166	16	Ġnew	9.844028
166	17	Ġmanager	4.985232
166	18	Ġin	5.610537
166	19	Ġher	7.546057
166	20	Ġoffice	0.955762
166	21	.	2.57115
166	22	<|endoftext|>	8.414979
167	1	<|endoftext|>	0.0
167	2	The	4.729281
167	3	Ġvisitor	16.203449
167	4	Ġsaid	8.439651
167	5	Ġwho	13.040117
167	6	Ġmy	12.718439
167	7	Ġfriend	3.999325
167	8	Ġsaid	7.103884
167	9	Ġtalked	13.633036
167	10	Ġwith	5.288744
167	11	Ġthe	4.780787
167	12	Ġnew	9.327556
167	13	Ġmanager	6.506292
167	14	Ġin	5.823884
167	15	Ġher	7.447542
167	16	Ġoffice	1.905592
167	17	.	2.231368
167	18	<|endoftext|>	7.477173
168	1	<|endoftext|>	0.0
168	2	The	4.729281
168	3	Ġvisitor	16.203449
168	4	Ġsaid	8.439651
168	5	Ġwho	13.040117
168	6	Ġmy	12.718439
168	7	Ġfriend	3.999325
168	8	Ġsaid	7.103884
168	9	Ġthe	6.44645
168	10	Ġhuman	11.315014
168	11	Ġresources	7.986067
168	12	Ġofficer	3.957215
168	13	Ġtalked	8.978474
168	14	Ġwith	4.475309
168	15	Ġthe	5.012718
168	16	Ġnew	10.262719
168	17	Ġmanager	5.324308
168	18	Ġin	5.541324
168	19	Ġher	7.036652
168	20	Ġoffice	1.133363
168	21	.	2.049498
168	22	<|endoftext|>	7.248673
169	1	<|endoftext|>	0.0
169	2	The	4.729281
169	3	Ġvisitor	16.203449
169	4	Ġsaid	8.439651
169	5	Ġthat	3.431256
169	6	Ġmy	11.684873
169	7	Ġfriend	5.874244
169	8	Ġsaid	5.905752
169	9	Ġher	8.485838
169	10	Ġmother	5.251657
169	11	Ġknew	8.143345
169	12	Ġtalked	19.71847
169	13	Ġwith	5.106105
169	14	Ġthe	3.348731
169	15	Ġnew	10.810047
169	16	Ġmanager	7.857248
169	17	Ġin	5.709111
169	18	Ġher	5.316323
169	19	Ġoffice	3.356356
169	20	.	2.568164
169	21	<|endoftext|>	7.810953
170	1	<|endoftext|>	0.0
170	2	The	4.729281
170	3	Ġvisitor	16.203449
170	4	Ġsaid	8.439651
170	5	Ġthat	3.431256
170	6	Ġmy	11.684873
170	7	Ġfriend	5.874244
170	8	Ġsaid	5.905752
170	9	Ġher	8.485838
170	10	Ġmother	5.251657
170	11	Ġknew	8.143345
170	12	Ġthe	4.199614
170	13	Ġhuman	13.147262
170	14	Ġresources	8.173866
170	15	Ġofficer	4.661588
170	16	Ġtalked	14.245525
170	17	Ġwith	4.159669
170	18	Ġthe	2.541497
170	19	Ġnew	10.872779
170	20	Ġmanager	5.912611
170	21	Ġin	5.440994
170	22	Ġher	5.576537
170	23	Ġoffice	1.713533
170	24	.	1.849175
170	25	<|endoftext|>	7.781029
171	1	<|endoftext|>	0.0
171	2	The	4.729281
171	3	Ġvisitor	16.203449
171	4	Ġsaid	8.439651
171	5	Ġwho	13.040117
171	6	Ġmy	12.718439
171	7	Ġfriend	3.999325
171	8	Ġsaid	7.103884
171	9	Ġher	9.601036
171	10	Ġmother	5.945414
171	11	Ġknew	7.344894
171	12	Ġtalked	14.475275
171	13	Ġwith	5.052482
171	14	Ġthe	4.101966
171	15	Ġnew	10.705884
171	16	Ġmanager	7.799098
171	17	Ġin	5.648677
171	18	Ġher	4.869186
171	19	Ġoffice	3.093505
171	20	.	1.580078
171	21	<|endoftext|>	6.987025
172	1	<|endoftext|>	0.0
172	2	The	4.729281
172	3	Ġvisitor	16.203449
172	4	Ġsaid	8.439651
172	5	Ġwho	13.040117
172	6	Ġmy	12.718439
172	7	Ġfriend	3.999325
172	8	Ġsaid	7.103884
172	9	Ġher	9.601036
172	10	Ġmother	5.945414
172	11	Ġknew	7.344894
172	12	Ġthe	6.406453
172	13	Ġhuman	13.072654
172	14	Ġresources	7.996434
172	15	Ġofficer	4.272651
172	16	Ġtalked	12.32114
172	17	Ġwith	4.353
172	18	Ġthe	4.349864
172	19	Ġnew	10.908052
172	20	Ġmanager	5.998233
172	21	Ġin	5.428875
172	22	Ġher	4.977493
172	23	Ġoffice	1.632796
172	24	.	1.360164
172	25	<|endoftext|>	6.992504
173	1	<|endoftext|>	0.0
173	2	The	4.729281
173	3	Ġvisitor	16.203449
173	4	Ġsaid	8.439651
173	5	Ġthat	3.431256
173	6	Ġmy	11.684873
173	7	Ġfriend	5.874244
173	8	Ġsaid	5.905752
173	9	Ġher	8.485838
173	10	Ġmother	5.251657
173	11	Ġknew	8.143345
173	12	Ġthe	4.199614
173	13	Ġclerk	11.490064
173	14	Ġstated	14.930452
173	15	Ġtalked	18.886631
173	16	Ġwith	4.937113
173	17	Ġthe	2.538941
173	18	Ġnew	10.939882
173	19	Ġmanager	5.178537
173	20	Ġin	5.617535
173	21	Ġher	5.159334
173	22	Ġoffice	3.017285
173	23	.	2.030405
173	24	<|endoftext|>	7.39829
174	1	<|endoftext|>	0.0
174	2	The	4.729281
174	3	Ġvisitor	16.203449
174	4	Ġsaid	8.439651
174	5	Ġthat	3.431256
174	6	Ġmy	11.684873
174	7	Ġfriend	5.874244
174	8	Ġsaid	5.905752
174	9	Ġher	8.485838
174	10	Ġmother	5.251657
174	11	Ġknew	8.143345
174	12	Ġthe	4.199614
174	13	Ġclerk	11.490064
174	14	Ġstated	14.930452
174	15	Ġthe	4.80128
174	16	Ġhuman	13.488993
174	17	Ġresources	6.466934
174	18	Ġofficer	4.98944
174	19	Ġtalked	10.81429
174	20	Ġwith	4.157375
174	21	Ġthe	1.956192
174	22	Ġnew	10.968012
174	23	Ġmanager	4.70417
174	24	Ġin	5.704511
174	25	Ġher	5.696345
174	26	Ġoffice	2.053285
174	27	.	1.687332
174	28	<|endoftext|>	7.195531
175	1	<|endoftext|>	0.0
175	2	The	4.729281
175	3	Ġvisitor	16.203449
175	4	Ġsaid	8.439651
175	5	Ġwho	13.040117
175	6	Ġmy	12.718439
175	7	Ġfriend	3.999325
175	8	Ġsaid	7.103884
175	9	Ġher	9.601036
175	10	Ġmother	5.945414
175	11	Ġknew	7.344894
175	12	Ġthe	6.406453
175	13	Ġclerk	11.40872
175	14	Ġstated	14.249552
175	15	Ġtalked	18.559691
175	16	Ġwith	4.58567
175	17	Ġthe	2.885642
175	18	Ġnew	11.36397
175	19	Ġmanager	4.819882
175	20	Ġin	5.72418
175	21	Ġher	4.733736
175	22	Ġoffice	3.28177
175	23	.	1.924352
175	24	<|endoftext|>	6.200726
176	1	<|endoftext|>	0.0
176	2	The	4.729281
176	3	Ġvisitor	16.203449
176	4	Ġsaid	8.439651
176	5	Ġwho	13.040117
176	6	Ġmy	12.718439
176	7	Ġfriend	3.999325
176	8	Ġsaid	7.103884
176	9	Ġher	9.601036
176	10	Ġmother	5.945414
176	11	Ġknew	7.344894
176	12	Ġthe	6.406453
176	13	Ġclerk	11.40872
176	14	Ġstated	14.249552
176	15	Ġthe	4.7625
176	16	Ġhuman	13.379549
176	17	Ġresources	6.132523
176	18	Ġofficer	4.518663
176	19	Ġtalked	10.361624
176	20	Ġwith	3.974143
176	21	Ġthe	2.24965
176	22	Ġnew	11.243138
176	23	Ġmanager	4.583467
176	24	Ġin	5.775846
176	25	Ġher	5.351009
176	26	Ġoffice	2.070807
176	27	.	1.754215
176	28	<|endoftext|>	6.07142
177	1	<|endoftext|>	0.0
177	2	The	4.729281
177	3	Ġvisitor	16.203449
177	4	Ġsaid	8.439651
177	5	Ġthat	3.431256
177	6	Ġmy	11.684873
177	7	Ġfriend	5.874244
177	8	Ġsaid	5.905752
177	9	Ġher	8.485838
177	10	Ġmother	5.251657
177	11	Ġknew	8.143345
177	12	Ġthe	4.199614
177	13	Ġclerk	11.490064
177	14	Ġstated	14.930452
177	15	Ġtalked	18.886631
177	16	Ġwith	4.937113
177	17	Ġthe	2.538941
177	18	Ġnew	10.939882
177	19	Ġmanager	5.178537
177	20	Ġin	5.617535
177	21	Ġher	5.159334
177	22	Ġoffice	3.017285
177	23	.	2.030405
177	24	<|endoftext|>	7.39829
178	1	<|endoftext|>	0.0
178	2	The	4.729281
178	3	Ġvisitor	16.203449
178	4	Ġsaid	8.439651
178	5	Ġthat	3.431256
178	6	Ġmy	11.684873
178	7	Ġfriend	5.874244
178	8	Ġsaid	5.905752
178	9	Ġher	8.485838
178	10	Ġmother	5.251657
178	11	Ġknew	8.143345
178	12	Ġthe	4.199614
178	13	Ġclerk	11.490064
178	14	Ġstated	14.930452
178	15	Ġthe	4.80128
178	16	Ġhuman	13.488993
178	17	Ġresources	6.466934
178	18	Ġofficer	4.98944
178	19	Ġtalked	10.81429
178	20	Ġwith	4.157375
178	21	Ġthe	1.956192
178	22	Ġnew	10.968012
178	23	Ġmanager	4.70417
178	24	Ġin	5.704511
178	25	Ġher	5.696345
178	26	Ġoffice	2.053285
178	27	.	1.687332
178	28	<|endoftext|>	7.195531
179	1	<|endoftext|>	0.0
179	2	The	4.729281
179	3	Ġvisitor	16.203449
179	4	Ġsaid	8.439651
179	5	Ġwho	13.040117
179	6	Ġmy	12.718439
179	7	Ġfriend	3.999325
179	8	Ġsaid	7.103884
179	9	Ġher	9.601036
179	10	Ġmother	5.945414
179	11	Ġknew	7.344894
179	12	Ġthe	6.406453
179	13	Ġclerk	11.40872
179	14	Ġstated	14.249552
179	15	Ġtalked	18.559691
179	16	Ġwith	4.58567
179	17	Ġthe	2.885642
179	18	Ġnew	11.36397
179	19	Ġmanager	4.819882
179	20	Ġin	5.72418
179	21	Ġher	4.733736
179	22	Ġoffice	3.28177
179	23	.	1.924352
179	24	<|endoftext|>	6.200726
180	1	<|endoftext|>	0.0
180	2	The	4.729281
180	3	Ġvisitor	16.203449
180	4	Ġsaid	8.439651
180	5	Ġwho	13.040117
180	6	Ġmy	12.718439
180	7	Ġfriend	3.999325
180	8	Ġsaid	7.103884
180	9	Ġher	9.601036
180	10	Ġmother	5.945414
180	11	Ġknew	7.344894
180	12	Ġthe	6.406453
180	13	Ġclerk	11.40872
180	14	Ġstated	14.249552
180	15	Ġthe	4.7625
180	16	Ġhuman	13.379549
180	17	Ġresources	6.132523
180	18	Ġofficer	4.518663
180	19	Ġtalked	10.361624
180	20	Ġwith	3.974143
180	21	Ġthe	2.24965
180	22	Ġnew	11.243138
180	23	Ġmanager	4.583467
180	24	Ġin	5.775846
180	25	Ġher	5.351009
180	26	Ġoffice	2.070807
180	27	.	1.754215
180	28	<|endoftext|>	6.07142
181	1	<|endoftext|>	0.0
181	2	I	5.770367
181	3	Ġknow	5.545733
181	4	Ġthat	2.749727
181	5	Ġfound	15.961982
181	6	Ġa	3.256102
181	7	Ġgun	11.769783
181	8	Ġin	2.65126
181	9	Ġthe	2.550689
181	10	Ġoffice	8.092236
181	11	.	3.176669
181	12	<|endoftext|>	8.273942
182	1	<|endoftext|>	0.0
182	2	I	5.770362
182	3	Ġknow	5.545699
182	4	Ġthat	2.74972
182	5	Ġthe	4.424218
182	6	Ġfive	12.329161
182	7	Ġstar	8.289238
182	8	Ġgeneral	7.698365
182	9	Ġfound	11.465499
182	10	Ġa	3.381122
182	11	Ġgun	10.976696
182	12	Ġin	2.619628
182	13	Ġthe	2.180285
182	14	Ġoffice	6.859639
182	15	.	4.15252
182	16	<|endoftext|>	10.279898
183	1	<|endoftext|>	0.0
183	2	I	5.770367
183	3	Ġknow	5.545733
183	4	Ġwho	8.366532
183	5	Ġfound	11.278816
183	6	Ġa	6.3393
183	7	Ġgun	9.673699
183	8	Ġin	2.460731
183	9	Ġthe	2.385945
183	10	Ġoffice	8.965018
183	11	.	2.665905
183	12	<|endoftext|>	7.672999
184	1	<|endoftext|>	0.0
184	2	I	5.770362
184	3	Ġknow	5.545699
184	4	Ġwho	8.36647
184	5	Ġthe	5.844158
184	6	Ġfive	12.082922
184	7	Ġstar	8.998401
184	8	Ġgeneral	5.630186
184	9	Ġfound	13.108055
184	10	Ġa	7.082798
184	11	Ġgun	11.099177
184	12	Ġin	2.967919
184	13	Ġthe	2.447341
184	14	Ġoffice	7.196567
184	15	.	2.737265
184	16	<|endoftext|>	8.486888
185	1	<|endoftext|>	0.0
185	2	I	5.770367
185	3	Ġknow	5.545733
185	4	Ġthat	2.749727
185	5	Ġthe	4.424285
185	6	Ġwoman	11.40029
185	7	Ġbelieved	13.858731
185	8	Ġfound	17.148951
185	9	Ġa	3.329649
185	10	Ġgun	6.997963
185	11	Ġin	2.014659
185	12	Ġthe	2.474291
185	13	Ġoffice	9.598257
185	14	.	3.030673
185	15	<|endoftext|>	9.835011
186	1	<|endoftext|>	0.0
186	2	I	5.770357
186	3	Ġknow	5.545684
186	4	Ġthat	2.749692
186	5	Ġthe	4.424222
186	6	Ġwoman	11.400281
186	7	Ġbelieved	13.858618
186	8	Ġthe	4.316414
186	9	Ġfive	12.654904
186	10	Ġstar	9.210143
186	11	Ġgeneral	6.428302
186	12	Ġfound	11.363207
186	13	Ġa	3.51868
186	14	Ġgun	9.516883
186	15	Ġin	2.280317
186	16	Ġthe	2.470983
186	17	Ġoffice	7.30641
186	18	.	3.172497
186	19	<|endoftext|>	10.34472
187	1	<|endoftext|>	0.0
187	2	I	5.770367
187	3	Ġknow	5.545733
187	4	Ġwho	8.366532
187	5	Ġthe	5.844098
187	6	Ġwoman	8.011879
187	7	Ġbelieved	13.106586
187	8	Ġfound	13.874916
187	9	Ġa	3.705518
187	10	Ġgun	6.713526
187	11	Ġin	1.88517
187	12	Ġthe	2.723145
187	13	Ġoffice	9.38679
187	14	.	2.223814
187	15	<|endoftext|>	8.270441
188	1	<|endoftext|>	0.0
188	2	I	5.770357
188	3	Ġknow	5.545684
188	4	Ġwho	8.366485
188	5	Ġthe	5.844156
188	6	Ġwoman	8.011881
188	7	Ġbelieved	13.106634
188	8	Ġthe	7.570031
188	9	Ġfive	13.61123
188	10	Ġstar	9.72435
188	11	Ġgeneral	5.575543
188	12	Ġfound	12.462249
188	13	Ġa	6.010036
188	14	Ġgun	9.459805
188	15	Ġin	2.459002
188	16	Ġthe	2.584005
188	17	Ġoffice	7.336479
188	18	.	2.696578
188	19	<|endoftext|>	8.68468
189	1	<|endoftext|>	0.0
189	2	I	5.770357
189	3	Ġknow	5.545684
189	4	Ġthat	2.749692
189	5	Ġthe	4.424222
189	6	Ġwoman	11.400281
189	7	Ġbelieved	13.858618
189	8	Ġthe	4.316414
189	9	Ġsecretary	14.906408
189	10	Ġsaid	7.817749
189	11	Ġfound	16.365615
189	12	Ġa	3.413154
189	13	Ġgun	6.534195
189	14	Ġin	2.179635
189	15	Ġthe	1.930334
189	16	Ġoffice	6.139968
189	17	.	2.601472
189	18	<|endoftext|>	9.834106
190	1	<|endoftext|>	0.0
190	2	I	5.770357
190	3	Ġknow	5.545684
190	4	Ġthat	2.749692
190	5	Ġthe	4.424222
190	6	Ġwoman	11.400281
190	7	Ġbelieved	13.858618
190	8	Ġthe	4.316414
190	9	Ġsecretary	14.906408
190	10	Ġsaid	7.817749
190	11	Ġthe	4.131567
190	12	Ġfive	11.707631
190	13	Ġstar	9.621397
190	14	Ġgeneral	6.407555
190	15	Ġfound	11.397843
190	16	Ġa	3.78088
190	17	Ġgun	9.540975
190	18	Ġin	2.253514
190	19	Ġthe	2.030851
190	20	Ġoffice	5.646652
190	21	.	2.984932
190	22	<|endoftext|>	10.132381
191	1	<|endoftext|>	0.0
191	2	I	5.770357
191	3	Ġknow	5.545684
191	4	Ġwho	8.366485
191	5	Ġthe	5.844156
191	6	Ġwoman	8.011881
191	7	Ġbelieved	13.106634
191	8	Ġthe	7.570031
191	9	Ġsecretary	14.144503
191	10	Ġsaid	7.213869
191	11	Ġfound	14.371952
191	12	Ġa	4.162112
191	13	Ġgun	6.42582
191	14	Ġin	2.007561
191	15	Ġthe	2.13581
191	16	Ġoffice	6.180041
191	17	.	1.98804
191	18	<|endoftext|>	7.982973
192	1	<|endoftext|>	0.0
192	2	I	5.770357
192	3	Ġknow	5.545684
192	4	Ġwho	8.366485
192	5	Ġthe	5.844156
192	6	Ġwoman	8.011881
192	7	Ġbelieved	13.106634
192	8	Ġthe	7.570031
192	9	Ġsecretary	14.144503
192	10	Ġsaid	7.213869
192	11	Ġthe	5.60503
192	12	Ġfive	11.907794
192	13	Ġstar	9.46238
192	14	Ġgeneral	6.000676
192	15	Ġfound	11.559833
192	16	Ġa	5.010892
192	17	Ġgun	9.559154
192	18	Ġin	2.335822
192	19	Ġthe	2.195718
192	20	Ġoffice	5.650603
192	21	.	2.686609
192	22	<|endoftext|>	8.51329
193	1	<|endoftext|>	0.0
193	2	I	5.770357
193	3	Ġknow	5.545684
193	4	Ġthat	2.749692
193	5	Ġthe	4.424222
193	6	Ġwoman	11.400281
193	7	Ġbelieved	13.858618
193	8	Ġthe	4.316414
193	9	Ġsecretary	14.906408
193	10	Ġsaid	7.817749
193	11	Ġher	6.658187
193	12	Ġfriend	8.654998
193	13	Ġrecalled	14.273578
193	14	Ġfound	16.157115
193	15	Ġa	2.535521
193	16	Ġgun	5.661418
193	17	Ġin	1.988098
193	18	Ġthe	1.721867
193	19	Ġoffice	6.858207
193	20	.	2.360064
193	21	<|endoftext|>	10.247764
194	1	<|endoftext|>	0.0
194	2	I	5.770357
194	3	Ġknow	5.545684
194	4	Ġthat	2.749692
194	5	Ġthe	4.424222
194	6	Ġwoman	11.400281
194	7	Ġbelieved	13.858618
194	8	Ġthe	4.316414
194	9	Ġsecretary	14.906408
194	10	Ġsaid	7.817749
194	11	Ġher	6.658187
194	12	Ġfriend	8.654998
194	13	Ġrecalled	14.273578
194	14	Ġthe	2.860451
194	15	Ġfive	11.637419
194	16	Ġstar	11.68885
194	17	Ġgeneral	7.292456
194	18	Ġfound	12.180985
194	19	Ġa	7.006979
194	20	Ġgun	6.188506
194	21	Ġin	1.682191
194	22	Ġthe	2.292836
194	23	Ġoffice	6.124449
194	24	.	2.605021
194	25	<|endoftext|>	10.281516
195	1	<|endoftext|>	0.0
195	2	I	5.770357
195	3	Ġknow	5.545684
195	4	Ġwho	8.366485
195	5	Ġthe	5.844156
195	6	Ġwoman	8.011881
195	7	Ġbelieved	13.106634
195	8	Ġthe	7.570031
195	9	Ġsecretary	14.144503
195	10	Ġsaid	7.213869
195	11	Ġher	7.318583
195	12	Ġfriend	8.843616
195	13	Ġrecalled	14.728937
195	14	Ġfound	15.271803
195	15	Ġa	2.977295
195	16	Ġgun	5.87062
195	17	Ġin	1.853853
195	18	Ġthe	1.904398
195	19	Ġoffice	6.821911
195	20	.	2.114363
195	21	<|endoftext|>	8.647173
196	1	<|endoftext|>	0.0
196	2	I	5.770357
196	3	Ġknow	5.545684
196	4	Ġwho	8.366485
196	5	Ġthe	5.844156
196	6	Ġwoman	8.011881
196	7	Ġbelieved	13.106634
196	8	Ġthe	7.570031
196	9	Ġsecretary	14.144503
196	10	Ġsaid	7.213869
196	11	Ġher	7.318583
196	12	Ġfriend	8.843616
196	13	Ġrecalled	14.728937
196	14	Ġthe	3.729363
196	15	Ġfive	11.50678
196	16	Ġstar	11.769414
196	17	Ġgeneral	6.959372
196	18	Ġfound	11.736491
196	19	Ġa	7.204198
196	20	Ġgun	6.405161
196	21	Ġin	1.643021
196	22	Ġthe	2.407147
196	23	Ġoffice	6.051622
196	24	.	2.628005
196	25	<|endoftext|>	8.78221
197	1	<|endoftext|>	0.0
197	2	I	5.770357
197	3	Ġknow	5.545684
197	4	Ġthat	2.749692
197	5	Ġthe	4.424222
197	6	Ġwoman	11.400281
197	7	Ġbelieved	13.858618
197	8	Ġthe	4.316414
197	9	Ġsecretary	14.906408
197	10	Ġsaid	7.817749
197	11	Ġher	6.658187
197	12	Ġfriend	8.654998
197	13	Ġrecalled	14.273578
197	14	Ġfound	16.157115
197	15	Ġa	2.535521
197	16	Ġgun	5.661418
197	17	Ġin	1.988098
197	18	Ġthe	1.721867
197	19	Ġoffice	6.858207
197	20	.	2.360064
197	21	<|endoftext|>	10.247764
198	1	<|endoftext|>	0.0
198	2	I	5.770357
198	3	Ġknow	5.545684
198	4	Ġthat	2.749692
198	5	Ġthe	4.424222
198	6	Ġwoman	11.400281
198	7	Ġbelieved	13.858618
198	8	Ġthe	4.316414
198	9	Ġsecretary	14.906408
198	10	Ġsaid	7.817749
198	11	Ġher	6.658187
198	12	Ġfriend	8.654998
198	13	Ġrecalled	14.273578
198	14	Ġthe	2.860451
198	15	Ġfive	11.637419
198	16	Ġstar	11.68885
198	17	Ġgeneral	7.292456
198	18	Ġfound	12.180985
198	19	Ġa	7.006979
198	20	Ġgun	6.188506
198	21	Ġin	1.682191
198	22	Ġthe	2.292836
198	23	Ġoffice	6.124449
198	24	.	2.605021
198	25	<|endoftext|>	10.281516
199	1	<|endoftext|>	0.0
199	2	I	5.770357
199	3	Ġknow	5.545684
199	4	Ġwho	8.366485
199	5	Ġthe	5.844156
199	6	Ġwoman	8.011881
199	7	Ġbelieved	13.106634
199	8	Ġthe	7.570031
199	9	Ġsecretary	14.144503
199	10	Ġsaid	7.213869
199	11	Ġher	7.318583
199	12	Ġfriend	8.843616
199	13	Ġrecalled	14.728937
199	14	Ġfound	15.271803
199	15	Ġa	2.977295
199	16	Ġgun	5.87062
199	17	Ġin	1.853853
199	18	Ġthe	1.904398
199	19	Ġoffice	6.821911
199	20	.	2.114363
199	21	<|endoftext|>	8.647173
200	1	<|endoftext|>	0.0
200	2	I	5.770357
200	3	Ġknow	5.545684
200	4	Ġwho	8.366485
200	5	Ġthe	5.844156
200	6	Ġwoman	8.011881
200	7	Ġbelieved	13.106634
200	8	Ġthe	7.570031
200	9	Ġsecretary	14.144503
200	10	Ġsaid	7.213869
200	11	Ġher	7.318583
200	12	Ġfriend	8.843616
200	13	Ġrecalled	14.728937
200	14	Ġthe	3.729363
200	15	Ġfive	11.50678
200	16	Ġstar	11.769414
200	17	Ġgeneral	6.959372
200	18	Ġfound	11.736491
200	19	Ġa	7.204198
200	20	Ġgun	6.405161
200	21	Ġin	1.643021
200	22	Ġthe	2.407147
200	23	Ġoffice	6.051622
200	24	.	2.628005
200	25	<|endoftext|>	8.78221
201	1	<|endoftext|>	0.0
201	2	The	4.729313
201	3	Ġcolleagues	17.642399
201	4	Ġrealized	11.204221
201	5	Ġthat	0.804776
201	6	Ġdiscovered	18.356069
201	7	Ġthe	4.142394
201	8	Ġbribery	18.369687
201	9	Ġtwo	12.816885
201	10	Ġweeks	2.74315
201	11	Ġago	2.111036
201	12	.	3.606054
201	13	<|endoftext|>	7.3261
202	1	<|endoftext|>	0.0
202	2	The	4.729313
202	3	Ġcolleagues	17.642399
202	4	Ġrealized	11.204233
202	5	Ġthat	0.804776
202	6	Ġthe	2.524012
202	7	Ġjournalist	17.244435
202	8	Ġdiscovered	12.046624
202	9	Ġthe	2.449247
202	10	Ġbribery	15.62853
202	11	Ġtwo	11.502718
202	12	Ġweeks	1.846992
202	13	Ġago	3.165289
202	14	.	2.409842
202	15	<|endoftext|>	7.433969
203	1	<|endoftext|>	0.0
203	2	The	4.729313
203	3	Ġcolleagues	17.642399
203	4	Ġrealized	11.204221
203	5	Ġwho	11.708982
203	6	Ġdiscovered	12.986586
203	7	Ġthe	1.281572
203	8	Ġbribery	17.08209
203	9	Ġtwo	12.211654
203	10	Ġweeks	2.80747
203	11	Ġago	1.293269
203	12	.	1.797758
203	13	<|endoftext|>	7.686635
204	1	<|endoftext|>	0.0
204	2	The	4.729313
204	3	Ġcolleagues	17.642399
204	4	Ġrealized	11.204233
204	5	Ġwho	11.708982
204	6	Ġthe	3.106241
204	7	Ġjournalist	12.59863
204	8	Ġdiscovered	16.731711
204	9	Ġthe	5.227709
204	10	Ġbribery	15.280163
204	11	Ġtwo	11.994999
204	12	Ġweeks	2.214184
204	13	Ġago	1.587201
204	14	.	1.558019
204	15	<|endoftext|>	7.657841
205	1	<|endoftext|>	0.0
205	2	The	4.729286
205	3	Ġcolleagues	17.642399
205	4	Ġrealized	11.204317
205	5	Ġthat	0.804747
205	6	Ġher	10.184078
205	7	Ġmother	7.857604
205	8	Ġstated	15.5877
205	9	Ġdiscovered	21.801293
205	10	Ġthe	2.219191
205	11	Ġbribery	16.430363
205	12	Ġtwo	10.339556
205	13	Ġweeks	1.964765
205	14	Ġago	2.39642
205	15	.	2.314855
205	16	<|endoftext|>	6.811765
206	1	<|endoftext|>	0.0
206	2	The	4.729281
206	3	Ġcolleagues	17.642412
206	4	Ġrealized	11.204305
206	5	Ġthat	0.804744
206	6	Ġher	10.18407
206	7	Ġmother	7.857597
206	8	Ġstated	15.587679
206	9	Ġthe	5.023906
206	10	Ġjournalist	16.048928
206	11	Ġdiscovered	15.015042
206	12	Ġthe	2.054773
206	13	Ġbribery	15.105323
206	14	Ġtwo	10.653108
206	15	Ġweeks	1.777406
206	16	Ġago	2.768739
206	17	.	1.752392
206	18	<|endoftext|>	6.644905
207	1	<|endoftext|>	0.0
207	2	The	4.729286
207	3	Ġcolleagues	17.642399
207	4	Ġrealized	11.204317
207	5	Ġwho	11.709008
207	6	Ġher	9.759806
207	7	Ġmother	6.817165
207	8	Ġstated	21.434613
207	9	Ġdiscovered	19.52475
207	10	Ġthe	1.691449
207	11	Ġbribery	14.995343
207	12	Ġtwo	11.52712
207	13	Ġweeks	2.419086
207	14	Ġago	1.667335
207	15	.	1.122502
207	16	<|endoftext|>	7.05941
208	1	<|endoftext|>	0.0
208	2	The	4.729281
208	3	Ġcolleagues	17.642412
208	4	Ġrealized	11.204305
208	5	Ġwho	11.709005
208	6	Ġher	9.759798
208	7	Ġmother	6.817172
208	8	Ġstated	21.434615
208	9	Ġthe	6.348332
208	10	Ġjournalist	13.232051
208	11	Ġdiscovered	15.785389
208	12	Ġthe	6.117478
208	13	Ġbribery	16.798019
208	14	Ġtwo	11.774009
208	15	Ġweeks	1.976739
208	16	Ġago	1.773563
208	17	.	1.035621
208	18	<|endoftext|>	6.937974
209	1	<|endoftext|>	0.0
209	2	The	4.729281
209	3	Ġcolleagues	17.642412
209	4	Ġrealized	11.204305
209	5	Ġthat	0.804744
209	6	Ġher	10.18407
209	7	Ġmother	7.857597
209	8	Ġstated	15.587679
209	9	Ġa	6.166036
209	10	Ġfriend	11.207676
209	11	Ġsaid	6.96687
209	12	Ġdiscovered	21.130508
209	13	Ġthe	2.480174
209	14	Ġbribery	16.92667
209	15	Ġtwo	10.881579
209	16	Ġweeks	2.196779
209	17	Ġago	1.92142
209	18	.	1.531593
209	19	<|endoftext|>	7.000727
210	1	<|endoftext|>	0.0
210	2	The	4.729281
210	3	Ġcolleagues	17.642412
210	4	Ġrealized	11.204305
210	5	Ġthat	0.804744
210	6	Ġher	10.18407
210	7	Ġmother	7.857597
210	8	Ġstated	15.587679
210	9	Ġa	6.166036
210	10	Ġfriend	11.207676
210	11	Ġsaid	6.96687
210	12	Ġthe	4.194724
210	13	Ġjournalist	13.080026
210	14	Ġdiscovered	14.550492
210	15	Ġthe	2.232024
210	16	Ġbribery	15.540355
210	17	Ġtwo	10.859184
210	18	Ġweeks	1.870567
210	19	Ġago	2.025291
210	20	.	1.303329
210	21	<|endoftext|>	6.888257
211	1	<|endoftext|>	0.0
211	2	The	4.729281
211	3	Ġcolleagues	17.642412
211	4	Ġrealized	11.204305
211	5	Ġwho	11.709005
211	6	Ġher	9.759798
211	7	Ġmother	6.817172
211	8	Ġstated	21.434615
211	9	Ġa	10.358615
211	10	Ġfriend	6.226781
211	11	Ġsaid	7.270744
211	12	Ġdiscovered	17.740697
211	13	Ġthe	2.220101
211	14	Ġbribery	16.029006
211	15	Ġtwo	10.979627
211	16	Ġweeks	2.317632
211	17	Ġago	1.502777
211	18	.	0.969428
211	19	<|endoftext|>	7.003376
212	1	<|endoftext|>	0.0
212	2	The	4.729281
212	3	Ġcolleagues	17.642412
212	4	Ġrealized	11.204305
212	5	Ġwho	11.709005
212	6	Ġher	9.759798
212	7	Ġmother	6.817172
212	8	Ġstated	21.434615
212	9	Ġa	10.358615
212	10	Ġfriend	6.226781
212	11	Ġsaid	7.270744
212	12	Ġthe	7.33267
212	13	Ġjournalist	11.850027
212	14	Ġdiscovered	15.45334
212	15	Ġthe	6.156918
212	16	Ġbribery	16.614495
212	17	Ġtwo	10.953825
212	18	Ġweeks	1.823431
212	19	Ġago	1.419985
212	20	.	0.883808
212	21	<|endoftext|>	7.010203
213	1	<|endoftext|>	0.0
213	2	The	4.729281
213	3	Ġcolleagues	17.642412
213	4	Ġrealized	11.204305
213	5	Ġthat	0.804744
213	6	Ġher	10.18407
213	7	Ġmother	7.857597
213	8	Ġstated	15.587679
213	9	Ġa	6.166036
213	10	Ġfriend	11.207676
213	11	Ġsaid	6.96687
213	12	Ġher	4.667976
213	13	Ġhusband	5.283374
213	14	Ġknew	8.479701
213	15	Ġdiscovered	21.48045
213	16	Ġthe	1.969754
213	17	Ġbribery	15.408783
213	18	Ġtwo	10.902747
213	19	Ġweeks	2.312297
213	20	Ġago	2.075458
213	21	.	1.094522
213	22	<|endoftext|>	7.086787
214	1	<|endoftext|>	0.0
214	2	The	4.729281
214	3	Ġcolleagues	17.642412
214	4	Ġrealized	11.204305
214	5	Ġthat	0.804744
214	6	Ġher	10.18407
214	7	Ġmother	7.857597
214	8	Ġstated	15.587679
214	9	Ġa	6.166036
214	10	Ġfriend	11.207676
214	11	Ġsaid	6.96687
214	12	Ġher	4.667976
214	13	Ġhusband	5.283374
214	14	Ġknew	8.479701
214	15	Ġthe	3.928005
214	16	Ġjournalist	11.985732
214	17	Ġdiscovered	16.693331
214	18	Ġthe	1.798739
214	19	Ġbribery	14.387998
214	20	Ġtwo	11.078284
214	21	Ġweeks	1.828887
214	22	Ġago	2.037624
214	23	.	0.947047
214	24	<|endoftext|>	6.860338
215	1	<|endoftext|>	0.0
215	2	The	4.729281
215	3	Ġcolleagues	17.642412
215	4	Ġrealized	11.204305
215	5	Ġwho	11.709005
215	6	Ġher	9.759798
215	7	Ġmother	6.817172
215	8	Ġstated	21.434615
215	9	Ġa	10.358615
215	10	Ġfriend	6.226781
215	11	Ġsaid	7.270744
215	12	Ġher	6.517478
215	13	Ġhusband	5.658664
215	14	Ġknew	8.821737
215	15	Ġdiscovered	21.50283
215	16	Ġthe	2.329252
215	17	Ġbribery	14.884049
215	18	Ġtwo	10.496205
215	19	Ġweeks	2.373549
215	20	Ġago	1.586907
215	21	.	0.804065
215	22	<|endoftext|>	7.130492
216	1	<|endoftext|>	0.0
216	2	The	4.729281
216	3	Ġcolleagues	17.642412
216	4	Ġrealized	11.204305
216	5	Ġwho	11.709005
216	6	Ġher	9.759798
216	7	Ġmother	6.817172
216	8	Ġstated	21.434615
216	9	Ġa	10.358615
216	10	Ġfriend	6.226781
216	11	Ġsaid	7.270744
216	12	Ġher	6.517478
216	13	Ġhusband	5.658664
216	14	Ġknew	8.821737
216	15	Ġthe	6.526977
216	16	Ġjournalist	11.722906
216	17	Ġdiscovered	16.320561
216	18	Ġthe	3.232934
216	19	Ġbribery	14.720375
216	20	Ġtwo	10.782433
216	21	Ġweeks	1.82316
216	22	Ġago	1.522883
216	23	.	0.770826
216	24	<|endoftext|>	6.88816
217	1	<|endoftext|>	0.0
217	2	The	4.729281
217	3	Ġcolleagues	17.642412
217	4	Ġrealized	11.204305
217	5	Ġthat	0.804744
217	6	Ġher	10.18407
217	7	Ġmother	7.857597
217	8	Ġstated	15.587679
217	9	Ġa	6.166036
217	10	Ġfriend	11.207676
217	11	Ġsaid	6.96687
217	12	Ġher	4.667976
217	13	Ġhusband	5.283374
217	14	Ġknew	8.479701
217	15	Ġdiscovered	21.48045
217	16	Ġthe	1.969754
217	17	Ġbribery	15.408783
217	18	Ġtwo	10.902747
217	19	Ġweeks	2.312297
217	20	Ġago	2.075458
217	21	.	1.094522
217	22	<|endoftext|>	7.086787
218	1	<|endoftext|>	0.0
218	2	The	4.729281
218	3	Ġcolleagues	17.642412
218	4	Ġrealized	11.204305
218	5	Ġthat	0.804744
218	6	Ġher	10.18407
218	7	Ġmother	7.857597
218	8	Ġstated	15.587679
218	9	Ġa	6.166036
218	10	Ġfriend	11.207676
218	11	Ġsaid	6.96687
218	12	Ġher	4.667976
218	13	Ġhusband	5.283374
218	14	Ġknew	8.479701
218	15	Ġthe	3.928005
218	16	Ġjournalist	11.985732
218	17	Ġdiscovered	16.693331
218	18	Ġthe	1.798739
218	19	Ġbribery	14.387998
218	20	Ġtwo	11.078284
218	21	Ġweeks	1.828887
218	22	Ġago	2.037624
218	23	.	0.947047
218	24	<|endoftext|>	6.860338
219	1	<|endoftext|>	0.0
219	2	The	4.729281
219	3	Ġcolleagues	17.642412
219	4	Ġrealized	11.204305
219	5	Ġwho	11.709005
219	6	Ġher	9.759798
219	7	Ġmother	6.817172
219	8	Ġstated	21.434615
219	9	Ġa	10.358615
219	10	Ġfriend	6.226781
219	11	Ġsaid	7.270744
219	12	Ġher	6.517478
219	13	Ġhusband	5.658664
219	14	Ġknew	8.821737
219	15	Ġdiscovered	21.50283
219	16	Ġthe	2.329252
219	17	Ġbribery	14.884049
219	18	Ġtwo	10.496205
219	19	Ġweeks	2.373549
219	20	Ġago	1.586907
219	21	.	0.804065
219	22	<|endoftext|>	7.130492
220	1	<|endoftext|>	0.0
220	2	The	4.729281
220	3	Ġcolleagues	17.642412
220	4	Ġrealized	11.204305
220	5	Ġwho	11.709005
220	6	Ġher	9.759798
220	7	Ġmother	6.817172
220	8	Ġstated	21.434615
220	9	Ġa	10.358615
220	10	Ġfriend	6.226781
220	11	Ġsaid	7.270744
220	12	Ġher	6.517478
220	13	Ġhusband	5.658664
220	14	Ġknew	8.821737
220	15	Ġthe	6.526977
220	16	Ġjournalist	11.722906
220	17	Ġdiscovered	16.320561
220	18	Ġthe	3.232934
220	19	Ġbribery	14.720375
220	20	Ġtwo	10.782433
220	21	Ġweeks	1.82316
220	22	Ġago	1.522883
220	23	.	0.770826
220	24	<|endoftext|>	6.88816
221	1	<|endoftext|>	0.0
221	2	The	4.729313
221	3	Ġaccountant	17.404727
221	4	Ġknew	11.172439
221	5	Ġthat	3.15952
221	6	Ġintroduced	19.264588
221	7	Ġthe	3.117222
221	8	Ġnew	6.41721
221	9	Ġwoman	11.773434
221	10	Ġto	1.683724
221	11	Ġher	3.866863
221	12	Ġfriend	8.73164
221	13	.	2.540554
221	14	<|endoftext|>	8.253491
222	1	<|endoftext|>	0.0
222	2	The	4.729286
222	3	Ġaccountant	17.404738
222	4	Ġknew	11.172463
222	5	Ġthat	3.159516
222	6	Ġthe	3.286527
222	7	Ġsecretary	10.903637
222	8	Ġintroduced	16.756457
222	9	Ġthe	2.690834
222	10	Ġnew	4.989621
222	11	Ġwoman	11.868201
222	12	Ġto	2.090579
222	13	Ġher	3.188619
222	14	Ġfriend	7.336238
222	15	.	3.035603
222	16	<|endoftext|>	9.127897
223	1	<|endoftext|>	0.0
223	2	The	4.729313
223	3	Ġaccountant	17.404727
223	4	Ġknew	11.172439
223	5	Ġwho	6.720238
223	6	Ġintroduced	14.839025
223	7	Ġthe	2.412478
223	8	Ġnew	5.754829
223	9	Ġwoman	11.235275
223	10	Ġto	1.297731
223	11	Ġher	3.063019
223	12	Ġfriend	8.065388
223	13	.	2.28389
223	14	<|endoftext|>	8.496508
224	1	<|endoftext|>	0.0
224	2	The	4.729286
224	3	Ġaccountant	17.404738
224	4	Ġknew	11.172463
224	5	Ġwho	6.720267
224	6	Ġthe	3.722281
224	7	Ġsecretary	9.646893
224	8	Ġintroduced	17.397476
224	9	Ġthe	6.993955
224	10	Ġnew	4.90055
224	11	Ġwoman	8.475256
224	12	Ġto	0.985114
224	13	Ġher	6.198435
224	14	Ġfriend	8.27837
224	15	.	2.243086
224	16	<|endoftext|>	8.568907
225	1	<|endoftext|>	0.0
225	2	The	4.729281
225	3	Ġaccountant	17.404752
225	4	Ġknew	11.172476
225	5	Ġthat	3.159513
225	6	Ġthe	3.286527
225	7	Ġsecurity	9.894432
225	8	Ġguard	5.114324
225	9	Ġbelieved	10.467175
225	10	Ġintroduced	20.960654
225	11	Ġthe	2.432141
225	12	Ġnew	7.939957
225	13	Ġwoman	9.575395
225	14	Ġto	1.403918
225	15	Ġher	3.667906
225	16	Ġfriend	6.86955
225	17	.	2.182166
225	18	<|endoftext|>	8.238543
226	1	<|endoftext|>	0.0
226	2	The	4.729281
226	3	Ġaccountant	17.404752
226	4	Ġknew	11.172476
226	5	Ġthat	3.159513
226	6	Ġthe	3.286527
226	7	Ġsecurity	9.894432
226	8	Ġguard	5.114324
226	9	Ġbelieved	10.467175
226	10	Ġthe	2.914264
226	11	Ġsecretary	10.962909
226	12	Ġintroduced	16.674114
226	13	Ġthe	2.941595
226	14	Ġnew	6.945719
226	15	Ġwoman	8.260665
226	16	Ġto	1.28804
226	17	Ġher	3.310729
226	18	Ġfriend	6.753163
226	19	.	2.330087
226	20	<|endoftext|>	8.445661
227	1	<|endoftext|>	0.0
227	2	The	4.729281
227	3	Ġaccountant	17.404752
227	4	Ġknew	11.172476
227	5	Ġwho	6.720252
227	6	Ġthe	3.722274
227	7	Ġsecurity	11.106115
227	8	Ġguard	2.785809
227	9	Ġbelieved	10.889756
227	10	Ġintroduced	19.457897
227	11	Ġthe	1.653568
227	12	Ġnew	8.135196
227	13	Ġwoman	7.769768
227	14	Ġto	1.01928
227	15	Ġher	3.227473
227	16	Ġfriend	7.124301
227	17	.	1.704704
227	18	<|endoftext|>	7.868334
228	1	<|endoftext|>	0.0
228	2	The	4.729281
228	3	Ġaccountant	17.404752
228	4	Ġknew	11.172476
228	5	Ġwho	6.720252
228	6	Ġthe	3.722274
228	7	Ġsecurity	11.106115
228	8	Ġguard	2.785809
228	9	Ġbelieved	10.889756
228	10	Ġthe	7.108552
228	11	Ġsecretary	10.798069
228	12	Ġintroduced	17.594611
228	13	Ġthe	6.953531
228	14	Ġnew	6.889665
228	15	Ġwoman	6.857386
228	16	Ġto	0.842029
228	17	Ġher	6.063828
228	18	Ġfriend	7.81423
228	19	.	1.799527
228	20	<|endoftext|>	7.818357
229	1	<|endoftext|>	0.0
229	2	The	4.729281
229	3	Ġaccountant	17.404752
229	4	Ġknew	11.172476
229	5	Ġthat	3.159513
229	6	Ġthe	3.286527
229	7	Ġsecurity	9.894432
229	8	Ġguard	5.114324
229	9	Ġbelieved	10.467175
229	10	Ġhis	3.799361
229	11	Ġfriend	5.544072
229	12	Ġknew	8.490382
229	13	Ġintroduced	21.806561
229	14	Ġthe	3.084165
229	15	Ġnew	8.036941
229	16	Ġwoman	7.355266
229	17	Ġto	1.009055
229	18	Ġher	3.877516
229	19	Ġfriend	4.843481
229	20	.	1.922653
229	21	<|endoftext|>	7.997409
230	1	<|endoftext|>	0.0
230	2	The	4.729281
230	3	Ġaccountant	17.404752
230	4	Ġknew	11.172476
230	5	Ġthat	3.159513
230	6	Ġthe	3.286527
230	7	Ġsecurity	9.894432
230	8	Ġguard	5.114324
230	9	Ġbelieved	10.467175
230	10	Ġhis	3.799361
230	11	Ġfriend	5.544072
230	12	Ġknew	8.490382
230	13	Ġthe	2.973696
230	14	Ġsecretary	10.429681
230	15	Ġintroduced	18.280782
230	16	Ġthe	3.577877
230	17	Ġnew	7.448087
230	18	Ġwoman	7.097779
230	19	Ġto	1.0626
230	20	Ġher	3.514077
230	21	Ġfriend	5.604385
230	22	.	1.746448
230	23	<|endoftext|>	7.96169
231	1	<|endoftext|>	0.0
231	2	The	4.729281
231	3	Ġaccountant	17.404752
231	4	Ġknew	11.172476
231	5	Ġwho	6.720252
231	6	Ġthe	3.722274
231	7	Ġsecurity	11.106115
231	8	Ġguard	2.785809
231	9	Ġbelieved	10.889756
231	10	Ġhis	9.152388
231	11	Ġfriend	4.933108
231	12	Ġknew	10.450632
231	13	Ġintroduced	21.31648
231	14	Ġthe	3.793522
231	15	Ġnew	7.814418
231	16	Ġwoman	7.039596
231	17	Ġto	0.723307
231	18	Ġher	3.733178
231	19	Ġfriend	5.309103
231	20	.	1.922203
231	21	<|endoftext|>	7.291751
232	1	<|endoftext|>	0.0
232	2	The	4.729281
232	3	Ġaccountant	17.404752
232	4	Ġknew	11.172476
232	5	Ġwho	6.720252
232	6	Ġthe	3.722274
232	7	Ġsecurity	11.106115
232	8	Ġguard	2.785809
232	9	Ġbelieved	10.889756
232	10	Ġhis	9.152388
232	11	Ġfriend	4.933108
232	12	Ġknew	10.450632
232	13	Ġthe	6.647697
232	14	Ġsecretary	10.63522
232	15	Ġintroduced	17.482438
232	16	Ġthe	4.873294
232	17	Ġnew	7.470776
232	18	Ġwoman	6.578587
232	19	Ġto	0.916851
232	20	Ġher	3.9162
232	21	Ġfriend	5.834279
232	22	.	1.767486
232	23	<|endoftext|>	7.19108
233	1	<|endoftext|>	0.0
233	2	The	4.729281
233	3	Ġaccountant	17.404752
233	4	Ġknew	11.172476
233	5	Ġthat	3.159513
233	6	Ġthe	3.286527
233	7	Ġsecurity	9.894432
233	8	Ġguard	5.114324
233	9	Ġbelieved	10.467175
233	10	Ġhis	3.799361
233	11	Ġfriend	5.544072
233	12	Ġknew	8.490382
233	13	Ġthe	2.973696
233	14	Ġassistant	13.108494
233	15	Ġreported	13.993773
233	16	Ġintroduced	20.154479
233	17	Ġthe	2.873321
233	18	Ġnew	8.011391
233	19	Ġwoman	6.69359
233	20	Ġto	1.163459
233	21	Ġher	3.690408
233	22	Ġfriend	4.686361
233	23	.	1.828999
233	24	<|endoftext|>	7.682951
234	1	<|endoftext|>	0.0
234	2	The	4.729281
234	3	Ġaccountant	17.404752
234	4	Ġknew	11.172476
234	5	Ġthat	3.159513
234	6	Ġthe	3.286527
234	7	Ġsecurity	9.894432
234	8	Ġguard	5.114324
234	9	Ġbelieved	10.467175
234	10	Ġhis	3.799361
234	11	Ġfriend	5.544072
234	12	Ġknew	8.490382
234	13	Ġthe	2.973696
234	14	Ġassistant	13.108494
234	15	Ġreported	13.993773
234	16	Ġthe	2.770692
234	17	Ġsecretary	13.956926
234	18	Ġintroduced	16.928203
234	19	Ġthe	3.044947
234	20	Ġnew	7.896387
234	21	Ġwoman	7.014224
234	22	Ġto	1.06275
234	23	Ġher	3.435021
234	24	Ġfriend	5.352714
234	25	.	1.683985
234	26	<|endoftext|>	7.474675
235	1	<|endoftext|>	0.0
235	2	The	4.729281
235	3	Ġaccountant	17.404752
235	4	Ġknew	11.172476
235	5	Ġwho	6.720252
235	6	Ġthe	3.722274
235	7	Ġsecurity	11.106115
235	8	Ġguard	2.785809
235	9	Ġbelieved	10.889756
235	10	Ġhis	9.152388
235	11	Ġfriend	4.933108
235	12	Ġknew	10.450632
235	13	Ġthe	6.647697
235	14	Ġassistant	13.969845
235	15	Ġreported	13.09455
235	16	Ġintroduced	20.580517
235	17	Ġthe	3.644352
235	18	Ġnew	7.955077
235	19	Ġwoman	6.418077
235	20	Ġto	1.035352
235	21	Ġher	3.737597
235	22	Ġfriend	4.739566
235	23	.	1.950996
235	24	<|endoftext|>	6.852894
236	1	<|endoftext|>	0.0
236	2	The	4.729281
236	3	Ġaccountant	17.404752
236	4	Ġknew	11.172476
236	5	Ġwho	6.720252
236	6	Ġthe	3.722274
236	7	Ġsecurity	11.106115
236	8	Ġguard	2.785809
236	9	Ġbelieved	10.889756
236	10	Ġhis	9.152388
236	11	Ġfriend	4.933108
236	12	Ġknew	10.450632
236	13	Ġthe	6.647697
236	14	Ġassistant	13.969845
236	15	Ġreported	13.09455
236	16	Ġthe	3.276673
236	17	Ġsecretary	14.027329
236	18	Ġintroduced	16.724157
236	19	Ġthe	3.536231
236	20	Ġnew	7.812418
236	21	Ġwoman	6.600358
236	22	Ġto	0.9962
236	23	Ġher	3.564294
236	24	Ġfriend	5.309395
236	25	.	1.798934
236	26	<|endoftext|>	6.59976
237	1	<|endoftext|>	0.0
237	2	The	4.729281
237	3	Ġaccountant	17.404752
237	4	Ġknew	11.172476
237	5	Ġthat	3.159513
237	6	Ġthe	3.286527
237	7	Ġsecurity	9.894432
237	8	Ġguard	5.114324
237	9	Ġbelieved	10.467175
237	10	Ġhis	3.799361
237	11	Ġfriend	5.544072
237	12	Ġknew	8.490382
237	13	Ġthe	2.973696
237	14	Ġassistant	13.108494
237	15	Ġreported	13.993773
237	16	Ġintroduced	20.154479
237	17	Ġthe	2.873321
237	18	Ġnew	8.011391
237	19	Ġwoman	6.69359
237	20	Ġto	1.163459
237	21	Ġher	3.690408
237	22	Ġfriend	4.686361
237	23	.	1.828999
237	24	<|endoftext|>	7.682951
238	1	<|endoftext|>	0.0
238	2	The	4.729281
238	3	Ġaccountant	17.404752
238	4	Ġknew	11.172476
238	5	Ġthat	3.159513
238	6	Ġthe	3.286527
238	7	Ġsecurity	9.894432
238	8	Ġguard	5.114324
238	9	Ġbelieved	10.467175
238	10	Ġhis	3.799361
238	11	Ġfriend	5.544072
238	12	Ġknew	8.490382
238	13	Ġthe	2.973696
238	14	Ġassistant	13.108494
238	15	Ġreported	13.993773
238	16	Ġthe	2.770692
238	17	Ġsecretary	13.956926
238	18	Ġintroduced	16.928203
238	19	Ġthe	3.044947
238	20	Ġnew	7.896387
238	21	Ġwoman	7.014224
238	22	Ġto	1.06275
238	23	Ġher	3.435021
238	24	Ġfriend	5.352714
238	25	.	1.683985
238	26	<|endoftext|>	7.474675
239	1	<|endoftext|>	0.0
239	2	The	4.729281
239	3	Ġaccountant	17.404752
239	4	Ġknew	11.172476
239	5	Ġwho	6.720252
239	6	Ġthe	3.722274
239	7	Ġsecurity	11.106115
239	8	Ġguard	2.785809
239	9	Ġbelieved	10.889756
239	10	Ġhis	9.152388
239	11	Ġfriend	4.933108
239	12	Ġknew	10.450632
239	13	Ġthe	6.647697
239	14	Ġassistant	13.969845
239	15	Ġreported	13.09455
239	16	Ġintroduced	20.580517
239	17	Ġthe	3.644352
239	18	Ġnew	7.955077
239	19	Ġwoman	6.418077
239	20	Ġto	1.035352
239	21	Ġher	3.737597
239	22	Ġfriend	4.739566
239	23	.	1.950996
239	24	<|endoftext|>	6.852894
240	1	<|endoftext|>	0.0
240	2	The	4.729281
240	3	Ġaccountant	17.404752
240	4	Ġknew	11.172476
240	5	Ġwho	6.720252
240	6	Ġthe	3.722274
240	7	Ġsecurity	11.106115
240	8	Ġguard	2.785809
240	9	Ġbelieved	10.889756
240	10	Ġhis	9.152388
240	11	Ġfriend	4.933108
240	12	Ġknew	10.450632
240	13	Ġthe	6.647697
240	14	Ġassistant	13.969845
240	15	Ġreported	13.09455
240	16	Ġthe	3.276673
240	17	Ġsecretary	14.027329
240	18	Ġintroduced	16.724157
240	19	Ġthe	3.536231
240	20	Ġnew	7.812418
240	21	Ġwoman	6.600358
240	22	Ġto	0.9962
240	23	Ġher	3.564294
240	24	Ġfriend	5.309395
240	25	.	1.798934
240	26	<|endoftext|>	6.59976
241	1	<|endoftext|>	0.0
241	2	She	9.588393
241	3	Ġsaid	4.521497
241	4	Ġthat	3.621307
241	5	Ġput	15.178281
241	6	Ġthe	3.595939
241	7	Ġmicrophone	14.278198
241	8	Ġon	2.439907
241	9	Ġthe	2.846432
241	10	Ġtable	3.937622
241	11	.	3.426459
241	12	<|endoftext|>	7.292517
242	1	<|endoftext|>	0.0
242	2	She	9.588393
242	3	Ġsaid	4.521497
242	4	Ġthat	3.621296
242	5	Ġthe	3.436636
242	6	Ġreporter	13.142478
242	7	Ġput	10.298058
242	8	Ġthe	3.267326
242	9	Ġmicrophone	8.640816
242	10	Ġon	2.572446
242	11	Ġthe	2.423405
242	12	Ġtable	3.273823
242	13	.	3.949327
242	14	<|endoftext|>	7.301618
243	1	<|endoftext|>	0.0
243	2	She	9.588393
243	3	Ġsaid	4.521497
243	4	Ġwho	13.287634
243	5	Ġput	9.194439
243	6	Ġthe	2.314079
243	7	Ġmicrophone	11.135831
243	8	Ġon	2.311324
243	9	Ġthe	3.250117
243	10	Ġtable	4.62158
243	11	.	4.707956
243	12	<|endoftext|>	7.429489
244	1	<|endoftext|>	0.0
244	2	She	9.588393
244	3	Ġsaid	4.521497
244	4	Ġwho	13.287612
244	5	Ġthe	5.769855
244	6	Ġreporter	10.016693
244	7	Ġput	13.836345
244	8	Ġthe	4.052722
244	9	Ġmicrophone	8.229331
244	10	Ġon	3.115534
244	11	Ġthe	8.005228
244	12	Ġtable	3.875468
244	13	.	3.256649
244	14	<|endoftext|>	6.652388
245	1	<|endoftext|>	0.0
245	2	She	9.588393
245	3	Ġsaid	4.521497
245	4	Ġthat	3.621307
245	5	Ġthe	3.436636
245	6	Ġpolitician	12.374208
245	7	Ġstated	12.393547
245	8	Ġput	16.441698
245	9	Ġthe	3.333284
245	10	Ġmicrophone	13.367204
245	11	Ġon	2.370917
245	12	Ġthe	2.446524
245	13	Ġtable	3.1492
245	14	.	3.522819
245	15	<|endoftext|>	5.741966
246	1	<|endoftext|>	0.0
246	2	She	9.588377
246	3	Ġsaid	4.52147
246	4	Ġthat	3.621318
246	5	Ġthe	3.436685
246	6	Ġpolitician	12.374226
246	7	Ġstated	12.393569
246	8	Ġthe	5.378435
246	9	Ġreporter	12.807408
246	10	Ġput	10.821622
246	11	Ġthe	3.046985
246	12	Ġmicrophone	8.369036
246	13	Ġon	2.740907
246	14	Ġthe	2.25688
246	15	Ġtable	3.27091
246	16	.	3.365399
246	17	<|endoftext|>	5.725023
247	1	<|endoftext|>	0.0
247	2	She	9.588393
247	3	Ġsaid	4.521497
247	4	Ġwho	13.287634
247	5	Ġthe	5.769855
247	6	Ġpolitician	10.582524
247	7	Ġstated	15.874446
247	8	Ġput	14.802141
247	9	Ġthe	2.979994
247	10	Ġmicrophone	12.173923
247	11	Ġon	2.645324
247	12	Ġthe	3.268701
247	13	Ġtable	2.906504
247	14	.	2.1538
247	15	<|endoftext|>	5.094798
248	1	<|endoftext|>	0.0
248	2	She	9.588377
248	3	Ġsaid	4.52147
248	4	Ġwho	13.287568
248	5	Ġthe	5.769795
248	6	Ġpolitician	10.582563
248	7	Ġstated	15.874281
248	8	Ġthe	4.60662
248	9	Ġreporter	10.459818
248	10	Ġput	12.779983
248	11	Ġthe	4.266954
248	12	Ġmicrophone	7.515164
248	13	Ġon	3.116269
248	14	Ġthe	6.42568
248	15	Ġtable	2.802276
248	16	.	2.360835
248	17	<|endoftext|>	5.048521
249	1	<|endoftext|>	0.0
249	2	She	9.588377
249	3	Ġsaid	4.52147
249	4	Ġthat	3.621318
249	5	Ġthe	3.436685
249	6	Ġpolitician	12.374226
249	7	Ġstated	12.393569
249	8	Ġhis	5.838821
249	9	Ġpress	14.765171
249	10	Ġsecretary	4.348313
249	11	Ġsaid	4.557756
249	12	Ġput	15.722659
249	13	Ġthe	3.049275
249	14	Ġmicrophone	12.004553
249	15	Ġon	2.277788
249	16	Ġthe	2.407197
249	17	Ġtable	3.169122
249	18	.	2.566603
249	19	<|endoftext|>	5.378967
250	1	<|endoftext|>	0.0
250	2	She	9.588377
250	3	Ġsaid	4.52147
250	4	Ġthat	3.621318
250	5	Ġthe	3.436685
250	6	Ġpolitician	12.374226
250	7	Ġstated	12.393569
250	8	Ġhis	5.838821
250	9	Ġpress	14.765171
250	10	Ġsecretary	4.348313
250	11	Ġsaid	4.557756
250	12	Ġthe	3.800537
250	13	Ġreporter	8.30207
250	14	Ġput	10.633447
250	15	Ġthe	2.558851
250	16	Ġmicrophone	9.452122
250	17	Ġon	2.702868
250	18	Ġthe	2.165918
250	19	Ġtable	2.996899
250	20	.	2.754646
250	21	<|endoftext|>	5.417327
251	1	<|endoftext|>	0.0
251	2	She	9.588377
251	3	Ġsaid	4.52147
251	4	Ġwho	13.287568
251	5	Ġthe	5.769795
251	6	Ġpolitician	10.582563
251	7	Ġstated	15.874281
251	8	Ġhis	5.713153
251	9	Ġpress	15.840359
251	10	Ġsecretary	2.696411
251	11	Ġsaid	5.775212
251	12	Ġput	13.660687
251	13	Ġthe	3.192605
251	14	Ġmicrophone	10.996633
251	15	Ġon	2.596647
251	16	Ġthe	2.823759
251	17	Ġtable	2.591147
251	18	.	1.703717
251	19	<|endoftext|>	4.969465
252	1	<|endoftext|>	0.0
252	2	She	9.588377
252	3	Ġsaid	4.52147
252	4	Ġwho	13.287568
252	5	Ġthe	5.769795
252	6	Ġpolitician	10.582563
252	7	Ġstated	15.874281
252	8	Ġhis	5.713153
252	9	Ġpress	15.840359
252	10	Ġsecretary	2.696411
252	11	Ġsaid	5.775212
252	12	Ġthe	5.251754
252	13	Ġreporter	6.509744
252	14	Ġput	12.094727
252	15	Ġthe	3.802608
252	16	Ġmicrophone	8.858565
252	17	Ġon	2.96019
252	18	Ġthe	3.989216
252	19	Ġtable	2.555265
252	20	.	1.916315
252	21	<|endoftext|>	4.941665
253	1	<|endoftext|>	0.0
253	2	She	9.588377
253	3	Ġsaid	4.52147
253	4	Ġthat	3.621318
253	5	Ġthe	3.436685
253	6	Ġpolitician	12.374226
253	7	Ġstated	12.393569
253	8	Ġhis	5.838821
253	9	Ġpress	14.765171
253	10	Ġsecretary	4.348313
253	11	Ġsaid	4.557756
253	12	Ġthe	3.800537
253	13	Ġchief	9.965674
253	14	Ġof	3.555527
253	15	Ġstaff	1.342877
253	16	Ġthought	10.339543
253	17	Ġput	16.110672
253	18	Ġthe	2.82015
253	19	Ġmicrophone	11.963625
253	20	Ġon	2.093449
253	21	Ġthe	2.846043
253	22	Ġtable	4.030397
253	23	.	2.200271
253	24	<|endoftext|>	4.781908
254	1	<|endoftext|>	0.0
254	2	She	9.588377
254	3	Ġsaid	4.52147
254	4	Ġthat	3.621318
254	5	Ġthe	3.436685
254	6	Ġpolitician	12.374226
254	7	Ġstated	12.393569
254	8	Ġhis	5.838821
254	9	Ġpress	14.765171
254	10	Ġsecretary	4.348313
254	11	Ġsaid	4.557756
254	12	Ġthe	3.800537
254	13	Ġchief	9.965674
254	14	Ġof	3.555527
254	15	Ġstaff	1.342877
254	16	Ġthought	10.339543
254	17	Ġthe	2.409328
254	18	Ġreporter	8.571435
254	19	Ġput	10.679998
254	20	Ġthe	2.346547
254	21	Ġmicrophone	10.23292
254	22	Ġon	2.640749
254	23	Ġthe	2.627258
254	24	Ġtable	3.831895
254	25	.	2.219847
254	26	<|endoftext|>	4.892351
255	1	<|endoftext|>	0.0
255	2	She	9.588377
255	3	Ġsaid	4.52147
255	4	Ġwho	13.287568
255	5	Ġthe	5.769795
255	6	Ġpolitician	10.582563
255	7	Ġstated	15.874281
255	8	Ġhis	5.713153
255	9	Ġpress	15.840359
255	10	Ġsecretary	2.696411
255	11	Ġsaid	5.775212
255	12	Ġthe	5.251754
255	13	Ġchief	8.776756
255	14	Ġof	2.015019
255	15	Ġstaff	0.944521
255	16	Ġthought	9.402231
255	17	Ġput	13.250863
255	18	Ġthe	2.862791
255	19	Ġmicrophone	11.391023
255	20	Ġon	2.334478
255	21	Ġthe	3.311638
255	22	Ġtable	3.699574
255	23	.	1.866739
255	24	<|endoftext|>	4.23622
256	1	<|endoftext|>	0.0
256	2	She	9.588377
256	3	Ġsaid	4.52147
256	4	Ġwho	13.287568
256	5	Ġthe	5.769795
256	6	Ġpolitician	10.582563
256	7	Ġstated	15.874281
256	8	Ġhis	5.713153
256	9	Ġpress	15.840359
256	10	Ġsecretary	2.696411
256	11	Ġsaid	5.775212
256	12	Ġthe	5.251754
256	13	Ġchief	8.776756
256	14	Ġof	2.015019
256	15	Ġstaff	0.944521
256	16	Ġthought	9.402231
256	17	Ġthe	3.785631
256	18	Ġreporter	8.389717
256	19	Ġput	11.750241
256	20	Ġthe	2.594269
256	21	Ġmicrophone	9.997833
256	22	Ġon	2.85019
256	23	Ġthe	3.588676
256	24	Ġtable	3.409664
256	25	.	1.805619
256	26	<|endoftext|>	4.374925
257	1	<|endoftext|>	0.0
257	2	She	9.588377
257	3	Ġsaid	4.52147
257	4	Ġthat	3.621318
257	5	Ġthe	3.436685
257	6	Ġpolitician	12.374226
257	7	Ġstated	12.393569
257	8	Ġhis	5.838821
257	9	Ġpress	14.765171
257	10	Ġsecretary	4.348313
257	11	Ġsaid	4.557756
257	12	Ġthe	3.800537
257	13	Ġchief	9.965674
257	14	Ġof	3.555527
257	15	Ġstaff	1.342877
257	16	Ġthought	10.339543
257	17	Ġput	16.110672
257	18	Ġthe	2.82015
257	19	Ġmicrophone	11.963625
257	20	Ġon	2.093449
257	21	Ġthe	2.846043
257	22	Ġtable	4.030397
257	23	.	2.200271
257	24	<|endoftext|>	4.781908
258	1	<|endoftext|>	0.0
258	2	She	9.588377
258	3	Ġsaid	4.52147
258	4	Ġthat	3.621318
258	5	Ġthe	3.436685
258	6	Ġpolitician	12.374226
258	7	Ġstated	12.393569
258	8	Ġhis	5.838821
258	9	Ġpress	14.765171
258	10	Ġsecretary	4.348313
258	11	Ġsaid	4.557756
258	12	Ġthe	3.800537
258	13	Ġchief	9.965674
258	14	Ġof	3.555527
258	15	Ġstaff	1.342877
258	16	Ġthought	10.339543
258	17	Ġthe	2.409328
258	18	Ġreporter	8.571435
258	19	Ġput	10.679998
258	20	Ġthe	2.346547
258	21	Ġmicrophone	10.23292
258	22	Ġon	2.640749
258	23	Ġthe	2.627258
258	24	Ġtable	3.831895
258	25	.	2.219847
258	26	<|endoftext|>	4.892351
259	1	<|endoftext|>	0.0
259	2	She	9.588377
259	3	Ġsaid	4.52147
259	4	Ġwho	13.287568
259	5	Ġthe	5.769795
259	6	Ġpolitician	10.582563
259	7	Ġstated	15.874281
259	8	Ġhis	5.713153
259	9	Ġpress	15.840359
259	10	Ġsecretary	2.696411
259	11	Ġsaid	5.775212
259	12	Ġthe	5.251754
259	13	Ġchief	8.776756
259	14	Ġof	2.015019
259	15	Ġstaff	0.944521
259	16	Ġthought	9.402231
259	17	Ġput	13.250863
259	18	Ġthe	2.862791
259	19	Ġmicrophone	11.391023
259	20	Ġon	2.334478
259	21	Ġthe	3.311638
259	22	Ġtable	3.699574
259	23	.	1.866739
259	24	<|endoftext|>	4.23622
260	1	<|endoftext|>	0.0
260	2	She	9.588377
260	3	Ġsaid	4.52147
260	4	Ġwho	13.287568
260	5	Ġthe	5.769795
260	6	Ġpolitician	10.582563
260	7	Ġstated	15.874281
260	8	Ġhis	5.713153
260	9	Ġpress	15.840359
260	10	Ġsecretary	2.696411
260	11	Ġsaid	5.775212
260	12	Ġthe	5.251754
260	13	Ġchief	8.776756
260	14	Ġof	2.015019
260	15	Ġstaff	0.944521
260	16	Ġthought	9.402231
260	17	Ġthe	3.785631
260	18	Ġreporter	8.389717
260	19	Ġput	11.750241
260	20	Ġthe	2.594269
260	21	Ġmicrophone	9.997833
260	22	Ġon	2.85019
260	23	Ġthe	3.588676
260	24	Ġtable	3.409664
260	25	.	1.805619
260	26	<|endoftext|>	4.374925
261	1	<|endoftext|>	0.0
261	2	We	7.155782
261	3	Ġall	5.001739
261	4	Ġknow	0.90108
261	5	Ġthat	1.582208
261	6	Ġgave	18.324055
261	7	Ġa	4.530682
261	8	Ġtest	13.132001
261	9	Ġto	3.106898
261	10	Ġher	7.788415
261	11	Ġstudents	10.500807
261	12	.	2.26776
261	13	<|endoftext|>	8.355479
262	1	<|endoftext|>	0.0
262	2	We	7.155782
262	3	Ġall	5.001739
262	4	Ġknow	0.901091
262	5	Ġthat	1.582208
262	6	Ġthe	3.68202
262	7	Ġteacher	14.537095
262	8	Ġgave	10.242606
262	9	Ġa	3.022187
262	10	Ġtest	9.322105
262	11	Ġto	2.73119
262	12	Ġher	4.406256
262	13	Ġstudents	1.102421
262	14	.	2.530195
262	15	<|endoftext|>	11.14147
263	1	<|endoftext|>	0.0
263	2	We	7.155782
263	3	Ġall	5.001739
263	4	Ġknow	0.90108
263	5	Ġwho	7.268268
263	6	Ġgave	10.827878
263	7	Ġa	6.29429
263	8	Ġtest	12.9672
263	9	Ġto	3.506782
263	10	Ġher	7.671475
263	11	Ġstudents	10.166374
263	12	.	1.741777
263	13	<|endoftext|>	8.825747
264	1	<|endoftext|>	0.0
264	2	We	7.155782
264	3	Ġall	5.001739
264	4	Ġknow	0.901091
264	5	Ġwho	7.268268
264	6	Ġthe	4.041294
264	7	Ġteacher	13.566417
264	8	Ġgave	12.37919
264	9	Ġa	6.357023
264	10	Ġtest	9.176709
264	11	Ġto	2.644014
264	12	Ġher	7.452783
264	13	Ġstudents	1.65484
264	14	.	1.440357
264	15	<|endoftext|>	9.922051
265	1	<|endoftext|>	0.0
265	2	We	7.155761
265	3	Ġall	5.001796
265	4	Ġknow	0.901057
265	5	Ġthat	1.582244
265	6	Ġthe	3.681979
265	7	Ġold	9.188593
265	8	Ġman	6.222298
265	9	Ġthinks	9.045807
265	10	Ġgave	20.163137
265	11	Ġa	3.942743
265	12	Ġtest	12.636761
265	13	Ġto	3.056943
265	14	Ġher	8.087913
265	15	Ġstudents	12.618263
265	16	.	1.878699
265	17	<|endoftext|>	9.242317
266	1	<|endoftext|>	0.0
266	2	We	7.155761
266	3	Ġall	5.001796
266	4	Ġknow	0.901057
266	5	Ġthat	1.582244
266	6	Ġthe	3.681979
266	7	Ġold	9.188593
266	8	Ġman	6.222298
266	9	Ġthinks	9.045807
266	10	Ġthe	3.884146
266	11	Ġteacher	12.595841
266	12	Ġgave	9.13054
266	13	Ġa	4.039216
266	14	Ġtest	9.966084
266	15	Ġto	3.630684
266	16	Ġher	7.197587
266	17	Ġstudents	5.522115
266	18	.	1.539635
266	19	<|endoftext|>	10.744417
267	1	<|endoftext|>	0.0
267	2	We	7.155761
267	3	Ġall	5.001796
267	4	Ġknow	0.901057
267	5	Ġwho	7.268249
267	6	Ġthe	4.041303
267	7	Ġold	10.289369
267	8	Ġman	4.494691
267	9	Ġthinks	10.471745
267	10	Ġgave	16.575666
267	11	Ġa	6.038191
267	12	Ġtest	13.470227
267	13	Ġto	3.138117
267	14	Ġher	7.608202
267	15	Ġstudents	11.671168
267	16	.	1.247749
267	17	<|endoftext|>	8.781675
268	1	<|endoftext|>	0.0
268	2	We	7.155761
268	3	Ġall	5.001796
268	4	Ġknow	0.901057
268	5	Ġwho	7.268249
268	6	Ġthe	4.041303
268	7	Ġold	10.289369
268	8	Ġman	4.494691
268	9	Ġthinks	10.471745
268	10	Ġthe	5.702421
268	11	Ġteacher	12.248551
268	12	Ġgave	11.175175
268	13	Ġa	6.952364
268	14	Ġtest	9.676098
268	15	Ġto	3.05084
268	16	Ġher	7.511608
268	17	Ġstudents	4.844549
268	18	.	1.035798
268	19	<|endoftext|>	9.730916
269	1	<|endoftext|>	0.0
269	2	We	7.155761
269	3	Ġall	5.001796
269	4	Ġknow	0.901057
269	5	Ġthat	1.582244
269	6	Ġthe	3.681979
269	7	Ġold	9.188593
269	8	Ġman	6.222298
269	9	Ġthinks	9.045807
269	10	Ġthe	3.884146
269	11	Ġwoman	8.067024
269	12	Ġknows	8.319061
269	13	Ġgave	20.234749
269	14	Ġa	5.111847
269	15	Ġtest	11.96513
269	16	Ġto	3.00305
269	17	Ġher	3.168575
269	18	Ġstudents	12.878064
269	19	.	1.3515
269	20	<|endoftext|>	10.009791
270	1	<|endoftext|>	0.0
270	2	We	7.155761
270	3	Ġall	5.001796
270	4	Ġknow	0.901057
270	5	Ġthat	1.582244
270	6	Ġthe	3.681979
270	7	Ġold	9.188593
270	8	Ġman	6.222298
270	9	Ġthinks	9.045807
270	10	Ġthe	3.884146
270	11	Ġwoman	8.067024
270	12	Ġknows	8.319061
270	13	Ġthe	4.178934
270	14	Ġteacher	13.162722
270	15	Ġgave	14.057079
270	16	Ġa	4.858689
270	17	Ġtest	9.955404
270	18	Ġto	4.107057
270	19	Ġher	2.746118
270	20	Ġstudents	7.122365
270	21	.	1.318981
270	22	<|endoftext|>	10.784114
271	1	<|endoftext|>	0.0
271	2	We	7.155761
271	3	Ġall	5.001796
271	4	Ġknow	0.901057
271	5	Ġwho	7.268249
271	6	Ġthe	4.041303
271	7	Ġold	10.289369
271	8	Ġman	4.494691
271	9	Ġthinks	10.471745
271	10	Ġthe	5.702421
271	11	Ġwoman	8.376404
271	12	Ġknows	11.764318
271	13	Ġgave	20.107156
271	14	Ġa	6.066872
271	15	Ġtest	12.375365
271	16	Ġto	2.682695
271	17	Ġher	3.30972
271	18	Ġstudents	11.28557
271	19	.	1.241078
271	20	<|endoftext|>	8.873404
272	1	<|endoftext|>	0.0
272	2	We	7.155761
272	3	Ġall	5.001796
272	4	Ġknow	0.901057
272	5	Ġwho	7.268249
272	6	Ġthe	4.041303
272	7	Ġold	10.289369
272	8	Ġman	4.494691
272	9	Ġthinks	10.471745
272	10	Ġthe	5.702421
272	11	Ġwoman	8.376404
272	12	Ġknows	11.764318
272	13	Ġthe	5.097842
272	14	Ġteacher	13.606357
272	15	Ġgave	13.046111
272	16	Ġa	5.408942
272	17	Ġtest	10.340633
272	18	Ġto	3.371638
272	19	Ġher	3.487248
272	20	Ġstudents	6.120387
272	21	.	1.116058
272	22	<|endoftext|>	9.687286
273	1	<|endoftext|>	0.0
273	2	We	7.155761
273	3	Ġall	5.001796
273	4	Ġknow	0.901057
273	5	Ġthat	1.582244
273	6	Ġthe	3.681979
273	7	Ġold	9.188593
273	8	Ġman	6.222298
273	9	Ġthinks	9.045807
273	10	Ġthe	3.884146
273	11	Ġwoman	8.067024
273	12	Ġknows	8.319061
273	13	Ġthe	4.178934
273	14	Ġyoung	9.740372
273	15	Ġboy	7.262623
273	16	Ġsaid	13.710509
273	17	Ġgave	16.460598
273	18	Ġa	4.463337
273	19	Ġtest	11.625323
273	20	Ġto	3.961519
273	21	Ġher	3.305866
273	22	Ġstudents	13.105631
273	23	.	0.979818
273	24	<|endoftext|>	10.039559
274	1	<|endoftext|>	0.0
274	2	We	7.155761
274	3	Ġall	5.001796
274	4	Ġknow	0.901057
274	5	Ġthat	1.582244
274	6	Ġthe	3.681979
274	7	Ġold	9.188593
274	8	Ġman	6.222298
274	9	Ġthinks	9.045807
274	10	Ġthe	3.884146
274	11	Ġwoman	8.067024
274	12	Ġknows	8.319061
274	13	Ġthe	4.178934
274	14	Ġyoung	9.740372
274	15	Ġboy	7.262623
274	16	Ġsaid	13.710509
274	17	Ġthe	2.518457
274	18	Ġteacher	11.705573
274	19	Ġgave	7.465471
274	20	Ġa	4.358946
274	21	Ġtest	9.647147
274	22	Ġto	3.815605
274	23	Ġher	3.631894
274	24	Ġstudents	8.244438
274	25	.	1.14224
274	26	<|endoftext|>	10.325324
275	1	<|endoftext|>	0.0
275	2	We	7.155761
275	3	Ġall	5.001796
275	4	Ġknow	0.901057
275	5	Ġwho	7.268249
275	6	Ġthe	4.041303
275	7	Ġold	10.289369
275	8	Ġman	4.494691
275	9	Ġthinks	10.471745
275	10	Ġthe	5.702421
275	11	Ġwoman	8.376404
275	12	Ġknows	11.764318
275	13	Ġthe	5.097842
275	14	Ġyoung	9.514546
275	15	Ġboy	7.211266
275	16	Ġsaid	11.033038
275	17	Ġgave	15.721958
275	18	Ġa	4.916712
275	19	Ġtest	12.164817
275	20	Ġto	3.431858
275	21	Ġher	3.04766
275	22	Ġstudents	11.732293
275	23	.	1.072549
275	24	<|endoftext|>	8.694249
276	1	<|endoftext|>	0.0
276	2	We	7.155761
276	3	Ġall	5.001796
276	4	Ġknow	0.901057
276	5	Ġwho	7.268249
276	6	Ġthe	4.041303
276	7	Ġold	10.289369
276	8	Ġman	4.494691
276	9	Ġthinks	10.471745
276	10	Ġthe	5.702421
276	11	Ġwoman	8.376404
276	12	Ġknows	11.764318
276	13	Ġthe	5.097842
276	14	Ġyoung	9.514546
276	15	Ġboy	7.211266
276	16	Ġsaid	11.033038
276	17	Ġthe	3.479753
276	18	Ġteacher	11.588662
276	19	Ġgave	7.568968
276	20	Ġa	4.598831
276	21	Ġtest	9.767587
276	22	Ġto	3.217043
276	23	Ġher	3.470428
276	24	Ġstudents	6.924178
276	25	.	1.196406
276	26	<|endoftext|>	9.167344
277	1	<|endoftext|>	0.0
277	2	We	7.155761
277	3	Ġall	5.001796
277	4	Ġknow	0.901057
277	5	Ġthat	1.582244
277	6	Ġthe	3.681979
277	7	Ġold	9.188593
277	8	Ġman	6.222298
277	9	Ġthinks	9.045807
277	10	Ġthe	3.884146
277	11	Ġwoman	8.067024
277	12	Ġknows	8.319061
277	13	Ġthe	4.178934
277	14	Ġyoung	9.740372
277	15	Ġboy	7.262623
277	16	Ġsaid	13.710509
277	17	Ġgave	16.460598
277	18	Ġa	4.463337
277	19	Ġtest	11.625323
277	20	Ġto	3.961519
277	21	Ġher	3.305866
277	22	Ġstudents	13.105631
277	23	.	0.979818
277	24	<|endoftext|>	10.039559
278	1	<|endoftext|>	0.0
278	2	We	7.155761
278	3	Ġall	5.001796
278	4	Ġknow	0.901057
278	5	Ġthat	1.582244
278	6	Ġthe	3.681979
278	7	Ġold	9.188593
278	8	Ġman	6.222298
278	9	Ġthinks	9.045807
278	10	Ġthe	3.884146
278	11	Ġwoman	8.067024
278	12	Ġknows	8.319061
278	13	Ġthe	4.178934
278	14	Ġyoung	9.740372
278	15	Ġboy	7.262623
278	16	Ġsaid	13.710509
278	17	Ġthe	2.518457
278	18	Ġteacher	11.705573
278	19	Ġgave	7.465471
278	20	Ġa	4.358946
278	21	Ġtest	9.647147
278	22	Ġto	3.815605
278	23	Ġher	3.631894
278	24	Ġstudents	8.244438
278	25	.	1.14224
278	26	<|endoftext|>	10.325324
279	1	<|endoftext|>	0.0
279	2	We	7.155761
279	3	Ġall	5.001796
279	4	Ġknow	0.901057
279	5	Ġwho	7.268249
279	6	Ġthe	4.041303
279	7	Ġold	10.289369
279	8	Ġman	4.494691
279	9	Ġthinks	10.471745
279	10	Ġthe	5.702421
279	11	Ġwoman	8.376404
279	12	Ġknows	11.764318
279	13	Ġthe	5.097842
279	14	Ġyoung	9.514546
279	15	Ġboy	7.211266
279	16	Ġsaid	11.033038
279	17	Ġgave	15.721958
279	18	Ġa	4.916712
279	19	Ġtest	12.164817
279	20	Ġto	3.431858
279	21	Ġher	3.04766
279	22	Ġstudents	11.732293
279	23	.	1.072549
279	24	<|endoftext|>	8.694249
280	1	<|endoftext|>	0.0
280	2	We	7.155761
280	3	Ġall	5.001796
280	4	Ġknow	0.901057
280	5	Ġwho	7.268249
280	6	Ġthe	4.041303
280	7	Ġold	10.289369
280	8	Ġman	4.494691
280	9	Ġthinks	10.471745
280	10	Ġthe	5.702421
280	11	Ġwoman	8.376404
280	12	Ġknows	11.764318
280	13	Ġthe	5.097842
280	14	Ġyoung	9.514546
280	15	Ġboy	7.211266
280	16	Ġsaid	11.033038
280	17	Ġthe	3.479753
280	18	Ġteacher	11.588662
280	19	Ġgave	7.568968
280	20	Ġa	4.598831
280	21	Ġtest	9.767587
280	22	Ġto	3.217043
280	23	Ġher	3.470428
280	24	Ġstudents	6.924178
280	25	.	1.196406
280	26	<|endoftext|>	9.167344
281	1	<|endoftext|>	0.0
281	2	I	5.770367
281	3	Ġknow	5.545733
281	4	Ġthat	2.749727
281	5	Ġcongratulated	22.373143
281	6	Ġthe	4.467782
281	7	Ġcouple	9.314015
281	8	Ġafter	6.827896
281	9	Ġthe	2.981931
281	10	Ġservice	10.914577
281	11	.	2.574802
281	12	<|endoftext|>	7.519941
282	1	<|endoftext|>	0.0
282	2	I	5.770367
282	3	Ġknow	5.545733
282	4	Ġthat	2.74974
282	5	Ġthe	4.424285
282	6	Ġpriest	15.331268
282	7	Ġcongratulated	17.67114
282	8	Ġthe	3.68724
282	9	Ġcouple	7.123596
282	10	Ġafter	6.269014
282	11	Ġthe	2.887499
282	12	Ġservice	6.885402
282	13	.	2.175427
282	14	<|endoftext|>	9.361753
283	1	<|endoftext|>	0.0
283	2	I	5.770367
283	3	Ġknow	5.545733
283	4	Ġwho	8.366532
283	5	Ġcongratulated	17.035407
283	6	Ġthe	4.863634
283	7	Ġcouple	9.92148
283	8	Ġafter	6.453039
283	9	Ġthe	2.80496
283	10	Ġservice	10.608976
283	11	.	1.867722
283	12	<|endoftext|>	7.249305
284	1	<|endoftext|>	0.0
284	2	I	5.770367
284	3	Ġknow	5.545733
284	4	Ġwho	8.366545
284	5	Ġthe	5.844098
284	6	Ġpriest	14.573503
284	7	Ġcongratulated	19.733826
284	8	Ġthe	5.392645
284	9	Ġcouple	7.535547
284	10	Ġafter	7.228618
284	11	Ġthe	2.906506
284	12	Ġservice	7.312349
284	13	.	1.220047
284	14	<|endoftext|>	8.45691
285	1	<|endoftext|>	0.0
285	2	I	5.770367
285	3	Ġknow	5.545733
285	4	Ġthat	2.749727
285	5	Ġthe	4.424285
285	6	Ġman	9.193518
285	7	Ġthinks	11.691302
285	8	Ġcongratulated	23.083086
285	9	Ġthe	4.38826
285	10	Ġcouple	9.347563
285	11	Ġafter	5.715354
285	12	Ġthe	2.9383
285	13	Ġservice	10.054732
285	14	.	2.289748
285	15	<|endoftext|>	8.347047
286	1	<|endoftext|>	0.0
286	2	I	5.770357
286	3	Ġknow	5.545684
286	4	Ġthat	2.749692
286	5	Ġthe	4.424222
286	6	Ġman	9.193499
286	7	Ġthinks	11.691253
286	8	Ġthe	4.863968
286	9	Ġpriest	13.371159
286	10	Ġcongratulated	19.675224
286	11	Ġthe	4.137815
286	12	Ġcouple	7.816922
286	13	Ġafter	6.488368
286	14	Ġthe	2.997913
286	15	Ġservice	6.422383
286	16	.	1.948196
286	17	<|endoftext|>	9.499525
287	1	<|endoftext|>	0.0
287	2	I	5.770367
287	3	Ġknow	5.545733
287	4	Ġwho	8.366532
287	5	Ġthe	5.844098
287	6	Ġman	5.058048
287	7	Ġthinks	10.160691
287	8	Ġcongratulated	21.460792
287	9	Ġthe	4.727461
287	10	Ġcouple	9.54451
287	11	Ġafter	5.870485
287	12	Ġthe	2.798367
287	13	Ġservice	10.37468
287	14	.	1.506008
287	15	<|endoftext|>	7.148645
288	1	<|endoftext|>	0.0
288	2	I	5.770357
288	3	Ġknow	5.545684
288	4	Ġwho	8.366485
288	5	Ġthe	5.844156
288	6	Ġman	5.058116
288	7	Ġthinks	10.160666
288	8	Ġthe	6.49879
288	9	Ġpriest	13.400931
288	10	Ġcongratulated	20.77912
288	11	Ġthe	5.007119
288	12	Ġcouple	7.574712
288	13	Ġafter	7.212195
288	14	Ġthe	3.057235
288	15	Ġservice	6.826941
288	16	.	1.124286
288	17	<|endoftext|>	8.080129
289	1	<|endoftext|>	0.0
289	2	I	5.770357
289	3	Ġknow	5.545684
289	4	Ġthat	2.749692
289	5	Ġthe	4.424222
289	6	Ġman	9.193499
289	7	Ġthinks	11.691253
289	8	Ġthe	4.863968
289	9	Ġwoman	6.711682
289	10	Ġsaid	9.436267
289	11	Ġcongratulated	23.751027
289	12	Ġthe	5.955159
289	13	Ġcouple	8.332979
289	14	Ġafter	6.188199
289	15	Ġthe	2.731907
289	16	Ġservice	9.142283
289	17	.	1.804026
289	18	<|endoftext|>	8.665064
290	1	<|endoftext|>	0.0
290	2	I	5.770357
290	3	Ġknow	5.545684
290	4	Ġthat	2.749692
290	5	Ġthe	4.424222
290	6	Ġman	9.193499
290	7	Ġthinks	11.691253
290	8	Ġthe	4.863968
290	9	Ġwoman	6.711682
290	10	Ġsaid	9.436267
290	11	Ġthe	4.017633
290	12	Ġpriest	13.438949
290	13	Ġcongratulated	18.432071
290	14	Ġthe	5.023763
290	15	Ġcouple	6.487384
290	16	Ġafter	6.627874
290	17	Ġthe	2.829857
290	18	Ġservice	5.350943
290	19	.	1.48516
290	20	<|endoftext|>	9.201193
291	1	<|endoftext|>	0.0
291	2	I	5.770357
291	3	Ġknow	5.545684
291	4	Ġwho	8.366485
291	5	Ġthe	5.844156
291	6	Ġman	5.058116
291	7	Ġthinks	10.160666
291	8	Ġthe	6.49879
291	9	Ġwoman	6.468726
291	10	Ġsaid	8.9609
291	11	Ġcongratulated	21.994135
291	12	Ġthe	5.899998
291	13	Ġcouple	7.853983
291	14	Ġafter	6.550627
291	15	Ġthe	2.663671
291	16	Ġservice	9.438938
291	17	.	1.161061
291	18	<|endoftext|>	7.20016
292	1	<|endoftext|>	0.0
292	2	I	5.770357
292	3	Ġknow	5.545684
292	4	Ġwho	8.366485
292	5	Ġthe	5.844156
292	6	Ġman	5.058116
292	7	Ġthinks	10.160666
292	8	Ġthe	6.49879
292	9	Ġwoman	6.468726
292	10	Ġsaid	8.9609
292	11	Ġthe	5.748296
292	12	Ġpriest	13.23236
292	13	Ġcongratulated	18.492966
292	14	Ġthe	5.329822
292	15	Ġcouple	5.92785
292	16	Ġafter	6.94641
292	17	Ġthe	2.826299
292	18	Ġservice	5.454665
292	19	.	0.941108
292	20	<|endoftext|>	7.678431
293	1	<|endoftext|>	0.0
293	2	I	5.770357
293	3	Ġknow	5.545684
293	4	Ġthat	2.749692
293	5	Ġthe	4.424222
293	6	Ġman	9.193499
293	7	Ġthinks	11.691253
293	8	Ġthe	4.863968
293	9	Ġwoman	6.711682
293	10	Ġsaid	9.436267
293	11	Ġshe	3.457184
293	12	Ġbelieved	8.588995
293	13	Ġcongratulated	27.207097
293	14	Ġthe	4.89919
293	15	Ġcouple	8.358475
293	16	Ġafter	5.874142
293	17	Ġthe	2.818007
293	18	Ġservice	9.387698
293	19	.	1.654875
293	20	<|endoftext|>	8.646842
294	1	<|endoftext|>	0.0
294	2	I	5.770357
294	3	Ġknow	5.545684
294	4	Ġthat	2.749692
294	5	Ġthe	4.424222
294	6	Ġman	9.193499
294	7	Ġthinks	11.691253
294	8	Ġthe	4.863968
294	9	Ġwoman	6.711682
294	10	Ġsaid	9.436267
294	11	Ġshe	3.457184
294	12	Ġbelieved	8.588995
294	13	Ġthe	3.852447
294	14	Ġpriest	11.066874
294	15	Ġcongratulated	21.677167
294	16	Ġthe	4.474904
294	17	Ġcouple	6.491465
294	18	Ġafter	6.263116
294	19	Ġthe	2.846636
294	20	Ġservice	5.645882
294	21	.	1.328794
294	22	<|endoftext|>	9.164984
295	1	<|endoftext|>	0.0
295	2	I	5.770357
295	3	Ġknow	5.545684
295	4	Ġwho	8.366485
295	5	Ġthe	5.844156
295	6	Ġman	5.058116
295	7	Ġthinks	10.160666
295	8	Ġthe	6.49879
295	9	Ġwoman	6.468726
295	10	Ġsaid	8.9609
295	11	Ġshe	2.385152
295	12	Ġbelieved	8.258471
295	13	Ġcongratulated	24.764098
295	14	Ġthe	4.922223
295	15	Ġcouple	7.965368
295	16	Ġafter	5.878444
295	17	Ġthe	2.778961
295	18	Ġservice	9.667921
295	19	.	1.168536
295	20	<|endoftext|>	7.300933
296	1	<|endoftext|>	0.0
296	2	I	5.770357
296	3	Ġknow	5.545684
296	4	Ġwho	8.366485
296	5	Ġthe	5.844156
296	6	Ġman	5.058116
296	7	Ġthinks	10.160666
296	8	Ġthe	6.49879
296	9	Ġwoman	6.468726
296	10	Ġsaid	8.9609
296	11	Ġshe	2.385152
296	12	Ġbelieved	8.258471
296	13	Ġthe	6.080223
296	14	Ġpriest	11.411841
296	15	Ġcongratulated	20.912841
296	16	Ġthe	4.671568
296	17	Ġcouple	5.910023
296	18	Ġafter	6.355103
296	19	Ġthe	2.846192
296	20	Ġservice	5.774095
296	21	.	0.885356
296	22	<|endoftext|>	7.769652
297	1	<|endoftext|>	0.0
297	2	I	5.770357
297	3	Ġknow	5.545684
297	4	Ġthat	2.749692
297	5	Ġthe	4.424222
297	6	Ġman	9.193499
297	7	Ġthinks	11.691253
297	8	Ġthe	4.863968
297	9	Ġwoman	6.711682
297	10	Ġsaid	9.436267
297	11	Ġshe	3.457184
297	12	Ġbelieved	8.588995
297	13	Ġcongratulated	27.207097
297	14	Ġthe	4.89919
297	15	Ġcouple	8.358475
297	16	Ġafter	5.874142
297	17	Ġthe	2.818007
297	18	Ġservice	9.387698
297	19	.	1.654875
297	20	<|endoftext|>	8.646842
298	1	<|endoftext|>	0.0
298	2	I	5.770357
298	3	Ġknow	5.545684
298	4	Ġthat	2.749692
298	5	Ġthe	4.424222
298	6	Ġman	9.193499
298	7	Ġthinks	11.691253
298	8	Ġthe	4.863968
298	9	Ġwoman	6.711682
298	10	Ġsaid	9.436267
298	11	Ġshe	3.457184
298	12	Ġbelieved	8.588995
298	13	Ġthe	3.852447
298	14	Ġpriest	11.066874
298	15	Ġcongratulated	21.677167
298	16	Ġthe	4.474904
298	17	Ġcouple	6.491465
298	18	Ġafter	6.263116
298	19	Ġthe	2.846636
298	20	Ġservice	5.645882
298	21	.	1.328794
298	22	<|endoftext|>	9.164984
299	1	<|endoftext|>	0.0
299	2	I	5.770357
299	3	Ġknow	5.545684
299	4	Ġwho	8.366485
299	5	Ġthe	5.844156
299	6	Ġman	5.058116
299	7	Ġthinks	10.160666
299	8	Ġthe	6.49879
299	9	Ġwoman	6.468726
299	10	Ġsaid	8.9609
299	11	Ġshe	2.385152
299	12	Ġbelieved	8.258471
299	13	Ġcongratulated	24.764098
299	14	Ġthe	4.922223
299	15	Ġcouple	7.965368
299	16	Ġafter	5.878444
299	17	Ġthe	2.778961
299	18	Ġservice	9.667921
299	19	.	1.168536
299	20	<|endoftext|>	7.300933
300	1	<|endoftext|>	0.0
300	2	I	5.770357
300	3	Ġknow	5.545684
300	4	Ġwho	8.366485
300	5	Ġthe	5.844156
300	6	Ġman	5.058116
300	7	Ġthinks	10.160666
300	8	Ġthe	6.49879
300	9	Ġwoman	6.468726
300	10	Ġsaid	8.9609
300	11	Ġshe	2.385152
300	12	Ġbelieved	8.258471
300	13	Ġthe	6.080223
300	14	Ġpriest	11.411841
300	15	Ġcongratulated	20.912841
300	16	Ġthe	4.671568
300	17	Ġcouple	5.910023
300	18	Ġafter	6.355103
300	19	Ġthe	2.846192
300	20	Ġservice	5.774095
300	21	.	0.885356
300	22	<|endoftext|>	7.769652
301	1	<|endoftext|>	0.0
301	2	You	7.682203
301	3	Ġknow	4.524784
301	4	Ġthat	3.787013
301	5	Ġintroduced	19.71512
301	6	Ġher	9.500729
301	7	Ġfriend	9.958964
301	8	Ġto	2.877425
301	9	Ġher	4.889889
301	10	Ġmother	6.272957
301	11	.	4.541069
301	12	<|endoftext|>	9.426479
302	1	<|endoftext|>	0.0
302	2	You	7.682203
302	3	Ġknow	4.524784
302	4	Ġthat	3.787013
302	5	Ġthe	7.61201
302	6	Ġyoung	10.97441
302	7	Ġwoman	5.293861
302	8	Ġintroduced	13.328461
302	9	Ġher	5.828038
302	10	Ġfriend	6.352047
302	11	Ġto	1.120195
302	12	Ġher	4.190816
302	13	Ġmother	5.560527
302	14	.	4.761728
302	15	<|endoftext|>	10.590048
303	1	<|endoftext|>	0.0
303	2	You	7.682203
303	3	Ġknow	4.524784
303	4	Ġwho	5.052563
303	5	Ġintroduced	12.918749
303	6	Ġher	7.782425
303	7	Ġfriend	11.157667
303	8	Ġto	2.24216
303	9	Ġher	4.917424
303	10	Ġmother	6.671729
303	11	.	6.542754
303	12	<|endoftext|>	8.354431
304	1	<|endoftext|>	0.0
304	2	You	7.682203
304	3	Ġknow	4.524784
304	4	Ġwho	5.052563
304	5	Ġthe	6.464221
304	6	Ġyoung	9.923546
304	7	Ġwoman	5.741141
304	8	Ġintroduced	13.469929
304	9	Ġher	6.237157
304	10	Ġfriend	8.351985
304	11	Ġto	0.91403
304	12	Ġher	5.230166
304	13	Ġmother	6.389327
304	14	.	5.771926
304	15	<|endoftext|>	9.333498
305	1	<|endoftext|>	0.0
305	2	You	7.682203
305	3	Ġknow	4.524784
305	4	Ġthat	3.787013
305	5	Ġwe	9.920287
305	6	Ġall	3.162389
305	7	Ġbelieve	8.92103
305	8	Ġintroduced	19.967989
305	9	Ġher	9.100963
305	10	Ġfriend	12.324835
305	11	Ġto	3.031643
305	12	Ġher	5.360279
305	13	Ġmother	5.941625
305	14	.	3.646059
305	15	<|endoftext|>	10.095328
306	1	<|endoftext|>	0.0
306	2	You	7.68222
306	3	Ġknow	4.524771
306	4	Ġthat	3.786982
306	5	Ġwe	9.920313
306	6	Ġall	3.162415
306	7	Ġbelieve	8.921072
306	8	Ġthe	4.937407
306	9	Ġyoung	11.40635
306	10	Ġwoman	6.543912
306	11	Ġintroduced	14.58238
306	12	Ġher	6.095008
306	13	Ġfriend	8.923252
306	14	Ġto	1.228089
306	15	Ġher	4.264726
306	16	Ġmother	5.588889
306	17	.	3.766094
306	18	<|endoftext|>	10.946639
307	1	<|endoftext|>	0.0
307	2	You	7.682203
307	3	Ġknow	4.524784
307	4	Ġwho	5.052563
307	5	Ġwe	5.397962
307	6	Ġall	5.272864
307	7	Ġbelieve	9.367998
307	8	Ġintroduced	18.364101
307	9	Ġher	8.336524
307	10	Ġfriend	12.197677
307	11	Ġto	2.444931
307	12	Ġher	5.615361
307	13	Ġmother	6.196774
307	14	.	4.794974
307	15	<|endoftext|>	8.735471
308	1	<|endoftext|>	0.0
308	2	You	7.68222
308	3	Ġknow	4.524771
308	4	Ġwho	5.052576
308	5	Ġwe	5.397924
308	6	Ġall	5.272978
308	7	Ġbelieve	9.367898
308	8	Ġthe	8.533459
308	9	Ġyoung	10.926037
308	10	Ġwoman	7.269786
308	11	Ġintroduced	14.736754
308	12	Ġher	7.095456
308	13	Ġfriend	9.230613
308	14	Ġto	0.924746
308	15	Ġher	6.739346
308	16	Ġmother	5.99645
308	17	.	4.406848
308	18	<|endoftext|>	9.420603
309	1	<|endoftext|>	0.0
309	2	You	7.68222
309	3	Ġknow	4.524771
309	4	Ġthat	3.786982
309	5	Ġwe	9.920313
309	6	Ġall	3.162415
309	7	Ġbelieve	8.921072
309	8	Ġshe	11.425187
309	9	Ġthought	11.490083
309	10	Ġintroduced	20.548334
309	11	Ġher	3.534273
309	12	Ġfriend	8.173539
309	13	Ġto	1.883083
309	14	Ġher	4.618353
309	15	Ġmother	6.444469
309	16	.	3.598352
309	17	<|endoftext|>	9.68775
310	1	<|endoftext|>	0.0
310	2	You	7.68222
310	3	Ġknow	4.524771
310	4	Ġthat	3.786982
310	5	Ġwe	9.920313
310	6	Ġall	3.162415
310	7	Ġbelieve	8.921072
310	8	Ġshe	11.425187
310	9	Ġthought	11.490083
310	10	Ġthe	4.262672
310	11	Ġyoung	10.477599
310	12	Ġwoman	2.831749
310	13	Ġintroduced	15.287263
310	14	Ġher	2.567397
310	15	Ġfriend	8.609805
310	16	Ġto	1.083293
310	17	Ġher	3.781768
310	18	Ġmother	6.330287
310	19	.	3.887309
310	20	<|endoftext|>	9.889487
311	1	<|endoftext|>	0.0
311	2	You	7.68222
311	3	Ġknow	4.524771
311	4	Ġwho	5.052576
311	5	Ġwe	5.397924
311	6	Ġall	5.272978
311	7	Ġbelieve	9.367898
311	8	Ġshe	12.698234
311	9	Ġthought	11.949663
311	10	Ġintroduced	17.683363
311	11	Ġher	2.683157
311	12	Ġfriend	8.277469
311	13	Ġto	1.690403
311	14	Ġher	4.34247
311	15	Ġmother	6.632527
311	16	.	4.810199
311	17	<|endoftext|>	8.326083
312	1	<|endoftext|>	0.0
312	2	You	7.68222
312	3	Ġknow	4.524771
312	4	Ġwho	5.052576
312	5	Ġwe	5.397924
312	6	Ġall	5.272978
312	7	Ġbelieve	9.367898
312	8	Ġshe	12.698234
312	9	Ġthought	11.949663
312	10	Ġthe	5.744873
312	11	Ġyoung	10.516134
312	12	Ġwoman	3.076594
312	13	Ġintroduced	15.489645
312	14	Ġher	2.794853
312	15	Ġfriend	8.778669
312	16	Ġto	1.037792
312	17	Ġher	3.592663
312	18	Ġmother	6.604917
312	19	.	4.580942
312	20	<|endoftext|>	8.340735
313	1	<|endoftext|>	0.0
313	2	You	7.68222
313	3	Ġknow	4.524771
313	4	Ġthat	3.786982
313	5	Ġwe	9.920313
313	6	Ġall	3.162415
313	7	Ġbelieve	8.921072
313	8	Ġshe	11.425187
313	9	Ġthought	11.490083
313	10	Ġhe	5.224828
313	11	Ġsaid	9.791858
313	12	Ġintroduced	20.125821
313	13	Ġher	2.558344
313	14	Ġfriend	10.823685
313	15	Ġto	1.734538
313	16	Ġher	4.565271
313	17	Ġmother	6.233727
313	18	.	3.568715
313	19	<|endoftext|>	9.316214
314	1	<|endoftext|>	0.0
314	2	You	7.68222
314	3	Ġknow	4.524771
314	4	Ġthat	3.786982
314	5	Ġwe	9.920313
314	6	Ġall	3.162415
314	7	Ġbelieve	8.921072
314	8	Ġshe	11.425187
314	9	Ġthought	11.490083
314	10	Ġhe	5.224828
314	11	Ġsaid	9.791858
314	12	Ġthe	3.848337
314	13	Ġyoung	12.984321
314	14	Ġwoman	2.882892
314	15	Ġintroduced	15.2475
314	16	Ġher	2.837727
314	17	Ġfriend	9.415401
314	18	Ġto	1.182284
314	19	Ġher	3.850016
314	20	Ġmother	6.173447
314	21	.	3.483167
314	22	<|endoftext|>	9.428365
315	1	<|endoftext|>	0.0
315	2	You	7.68222
315	3	Ġknow	4.524771
315	4	Ġwho	5.052576
315	5	Ġwe	5.397924
315	6	Ġall	5.272978
315	7	Ġbelieve	9.367898
315	8	Ġshe	12.698234
315	9	Ġthought	11.949663
315	10	Ġhe	5.439223
315	11	Ġsaid	10.858138
315	12	Ġintroduced	18.895134
315	13	Ġher	1.957015
315	14	Ġfriend	11.043853
315	15	Ġto	1.625487
315	16	Ġher	4.303717
315	17	Ġmother	6.500928
315	18	.	4.468746
315	19	<|endoftext|>	7.76471
316	1	<|endoftext|>	0.0
316	2	You	7.68222
316	3	Ġknow	4.524771
316	4	Ġwho	5.052576
316	5	Ġwe	5.397924
316	6	Ġall	5.272978
316	7	Ġbelieve	9.367898
316	8	Ġshe	12.698234
316	9	Ġthought	11.949663
316	10	Ġhe	5.439223
316	11	Ġsaid	10.858138
316	12	Ġthe	5.713526
316	13	Ġyoung	11.663021
316	14	Ġwoman	3.304454
316	15	Ġintroduced	15.10136
316	16	Ġher	2.916484
316	17	Ġfriend	9.784586
316	18	Ġto	1.164757
316	19	Ġher	3.799201
316	20	Ġmother	6.333228
316	21	.	4.152312
316	22	<|endoftext|>	7.838712
317	1	<|endoftext|>	0.0
317	2	You	7.68222
317	3	Ġknow	4.524771
317	4	Ġthat	3.786982
317	5	Ġwe	9.920313
317	6	Ġall	3.162415
317	7	Ġbelieve	8.921072
317	8	Ġshe	11.425187
317	9	Ġthought	11.490083
317	10	Ġhe	5.224828
317	11	Ġsaid	9.791858
317	12	Ġintroduced	20.125821
317	13	Ġher	2.558344
317	14	Ġfriend	10.823685
317	15	Ġto	1.734538
317	16	Ġher	4.565271
317	17	Ġmother	6.233727
317	18	.	3.568715
317	19	<|endoftext|>	9.316214
318	1	<|endoftext|>	0.0
318	2	You	7.68222
318	3	Ġknow	4.524771
318	4	Ġthat	3.786982
318	5	Ġwe	9.920313
318	6	Ġall	3.162415
318	7	Ġbelieve	8.921072
318	8	Ġshe	11.425187
318	9	Ġthought	11.490083
318	10	Ġhe	5.224828
318	11	Ġsaid	9.791858
318	12	Ġthe	3.848337
318	13	Ġyoung	12.984321
318	14	Ġwoman	2.882892
318	15	Ġintroduced	15.2475
318	16	Ġher	2.837727
318	17	Ġfriend	9.415401
318	18	Ġto	1.182284
318	19	Ġher	3.850016
318	20	Ġmother	6.173447
318	21	.	3.483167
318	22	<|endoftext|>	9.428365
319	1	<|endoftext|>	0.0
319	2	You	7.68222
319	3	Ġknow	4.524771
319	4	Ġwho	5.052576
319	5	Ġwe	5.397924
319	6	Ġall	5.272978
319	7	Ġbelieve	9.367898
319	8	Ġshe	12.698234
319	9	Ġthought	11.949663
319	10	Ġhe	5.439223
319	11	Ġsaid	10.858138
319	12	Ġintroduced	18.895134
319	13	Ġher	1.957015
319	14	Ġfriend	11.043853
319	15	Ġto	1.625487
319	16	Ġher	4.303717
319	17	Ġmother	6.500928
319	18	.	4.468746
319	19	<|endoftext|>	7.76471
320	1	<|endoftext|>	0.0
320	2	You	7.68222
320	3	Ġknow	4.524771
320	4	Ġwho	5.052576
320	5	Ġwe	5.397924
320	6	Ġall	5.272978
320	7	Ġbelieve	9.367898
320	8	Ġshe	12.698234
320	9	Ġthought	11.949663
320	10	Ġhe	5.439223
320	11	Ġsaid	10.858138
320	12	Ġthe	5.713526
320	13	Ġyoung	11.663021
320	14	Ġwoman	3.304454
320	15	Ġintroduced	15.10136
320	16	Ġher	2.916484
320	17	Ġfriend	9.784586
320	18	Ġto	1.164757
320	19	Ġher	3.799201
320	20	Ġmother	6.333228
320	21	.	4.152312
320	22	<|endoftext|>	7.838712
321	1	<|endoftext|>	0.0
321	2	He	8.582737
321	3	Ġknows	8.734376
321	4	Ġthat	2.922586
321	5	Ġinterrogated	21.859504
321	6	Ġthe	7.773389
321	7	Ġspy	11.09633
321	8	Ġin	6.141104
321	9	Ġthe	2.189069
321	10	Ġprison	8.247619
321	11	.	3.727721
321	12	<|endoftext|>	8.598361
322	1	<|endoftext|>	0.0
322	2	He	8.582737
322	3	Ġknows	8.734376
322	4	Ġthat	2.922574
322	5	Ġthe	3.683981
322	6	Ġpolice	8.714694
322	7	Ġinterrogated	14.636794
322	8	Ġthe	5.171379
322	9	Ġspy	13.562677
322	10	Ġin	5.204974
322	11	Ġthe	2.405496
322	12	Ġprison	8.82164
322	13	.	2.9126
322	14	<|endoftext|>	9.316811
323	1	<|endoftext|>	0.0
323	2	He	8.582737
323	3	Ġknows	8.734376
323	4	Ġwho	6.314426
323	5	Ġinterrogated	19.238916
323	6	Ġthe	5.082927
323	7	Ġspy	10.129362
323	8	Ġin	5.410646
323	9	Ġthe	2.139251
323	10	Ġprison	8.897053
323	11	.	2.155456
323	12	<|endoftext|>	7.862466
324	1	<|endoftext|>	0.0
324	2	He	8.582737
324	3	Ġknows	8.734376
324	4	Ġwho	6.314424
324	5	Ġthe	4.333661
324	6	Ġpolice	9.947936
324	7	Ġinterrogated	14.82584
324	8	Ġthe	6.136582
324	9	Ġspy	12.590385
324	10	Ġin	5.616895
324	11	Ġthe	2.099538
324	12	Ġprison	9.917933
324	13	.	1.991981
324	14	<|endoftext|>	8.109122
325	1	<|endoftext|>	0.0
325	2	He	8.582737
325	3	Ġknows	8.734376
325	4	Ġthat	2.922586
325	5	Ġthe	3.683981
325	6	Ġinspector	15.441081
325	7	Ġsaid	9.165557
325	8	Ġinterrogated	20.3585
325	9	Ġthe	4.357873
325	10	Ġspy	12.011282
325	11	Ġin	5.821728
325	12	Ġthe	2.668057
325	13	Ġprison	8.717987
325	14	.	2.967692
325	15	<|endoftext|>	8.175028
326	1	<|endoftext|>	0.0
326	2	He	8.582732
326	3	Ġknows	8.734344
326	4	Ġthat	2.922593
326	5	Ġthe	3.684015
326	6	Ġinspector	15.4411
326	7	Ġsaid	9.165608
326	8	Ġthe	3.503065
326	9	Ġpolice	7.406463
326	10	Ġinterrogated	14.029221
326	11	Ġthe	4.447383
326	12	Ġspy	14.376569
326	13	Ġin	5.591709
326	14	Ġthe	2.581274
326	15	Ġprison	9.539908
326	16	.	2.716544
326	17	<|endoftext|>	8.035987
327	1	<|endoftext|>	0.0
327	2	He	8.582737
327	3	Ġknows	8.734376
327	4	Ġwho	6.314426
327	5	Ġthe	4.333661
327	6	Ġinspector	14.238181
327	7	Ġsaid	6.74014
327	8	Ġinterrogated	13.760293
327	9	Ġthe	5.349256
327	10	Ġspy	11.54346
327	11	Ġin	5.951624
327	12	Ġthe	2.346146
327	13	Ġprison	9.206006
327	14	.	1.691227
327	15	<|endoftext|>	7.382494
328	1	<|endoftext|>	0.0
328	2	He	8.582732
328	3	Ġknows	8.734344
328	4	Ġwho	6.31441
328	5	Ġthe	4.333633
328	6	Ġinspector	14.238199
328	7	Ġsaid	6.740259
328	8	Ġthe	6.270973
328	9	Ġpolice	6.815134
328	10	Ġinterrogated	12.449751
328	11	Ġthe	6.141117
328	12	Ġspy	13.272296
328	13	Ġin	5.957746
328	14	Ġthe	2.28726
328	15	Ġprison	9.850191
328	16	.	1.700124
328	17	<|endoftext|>	7.197053
329	1	<|endoftext|>	0.0
329	2	He	8.582732
329	3	Ġknows	8.734344
329	4	Ġthat	2.922593
329	5	Ġthe	3.684015
329	6	Ġinspector	15.4411
329	7	Ġsaid	9.165608
329	8	Ġthe	3.503065
329	9	Ġman	6.87472
329	10	Ġreported	11.195637
329	11	Ġinterrogated	20.253062
329	12	Ġthe	4.150964
329	13	Ġspy	12.652271
329	14	Ġin	5.367039
329	15	Ġthe	2.692351
329	16	Ġprison	9.434969
329	17	.	3.179853
329	18	<|endoftext|>	7.413267
330	1	<|endoftext|>	0.0
330	2	He	8.582732
330	3	Ġknows	8.734344
330	4	Ġthat	2.922593
330	5	Ġthe	3.684015
330	6	Ġinspector	15.4411
330	7	Ġsaid	9.165608
330	8	Ġthe	3.503065
330	9	Ġman	6.87472
330	10	Ġreported	11.195637
330	11	Ġthe	1.761763
330	12	Ġpolice	8.918957
330	13	Ġinterrogated	17.54936
330	14	Ġthe	4.634238
330	15	Ġspy	14.795392
330	16	Ġin	5.452995
330	17	Ġthe	2.465219
330	18	Ġprison	10.23342
330	19	.	2.766631
330	20	<|endoftext|>	7.120229
331	1	<|endoftext|>	0.0
331	2	He	8.582732
331	3	Ġknows	8.734344
331	4	Ġwho	6.31441
331	5	Ġthe	4.333633
331	6	Ġinspector	14.238199
331	7	Ġsaid	6.740259
331	8	Ġthe	6.270973
331	9	Ġman	4.784594
331	10	Ġreported	12.707118
331	11	Ġinterrogated	17.404344
331	12	Ġthe	5.904665
331	13	Ġspy	11.886893
331	14	Ġin	5.642105
331	15	Ġthe	2.460412
331	16	Ġprison	9.60072
331	17	.	1.952499
331	18	<|endoftext|>	6.658114
332	1	<|endoftext|>	0.0
332	2	He	8.582732
332	3	Ġknows	8.734344
332	4	Ġwho	6.31441
332	5	Ġthe	4.333633
332	6	Ġinspector	14.238199
332	7	Ġsaid	6.740259
332	8	Ġthe	6.270973
332	9	Ġman	4.784594
332	10	Ġreported	12.707118
332	11	Ġthe	3.872496
332	12	Ġpolice	8.727494
332	13	Ġinterrogated	15.483236
332	14	Ġthe	6.120638
332	15	Ġspy	14.098957
332	16	Ġin	5.656358
332	17	Ġthe	2.35871
332	18	Ġprison	10.426491
332	19	.	1.915539
332	20	<|endoftext|>	6.288669
333	1	<|endoftext|>	0.0
333	2	He	8.582732
333	3	Ġknows	8.734344
333	4	Ġthat	2.922593
333	5	Ġthe	3.684015
333	6	Ġinspector	15.4411
333	7	Ġsaid	9.165608
333	8	Ġthe	3.503065
333	9	Ġman	6.87472
333	10	Ġreported	11.195637
333	11	Ġhe	6.985798
333	12	Ġthought	8.829267
333	13	Ġinterrogated	19.635651
333	14	Ġthe	3.159275
333	15	Ġspy	12.408442
333	16	Ġin	5.756851
333	17	Ġthe	2.419127
333	18	Ġprison	9.342649
333	19	.	2.919087
333	20	<|endoftext|>	7.032599
334	1	<|endoftext|>	0.0
334	2	He	8.582732
334	3	Ġknows	8.734344
334	4	Ġthat	2.922593
334	5	Ġthe	3.684015
334	6	Ġinspector	15.4411
334	7	Ġsaid	9.165608
334	8	Ġthe	3.503065
334	9	Ġman	6.87472
334	10	Ġreported	11.195637
334	11	Ġhe	6.985798
334	12	Ġthought	8.829267
334	13	Ġthe	2.627113
334	14	Ġpolice	6.421282
334	15	Ġinterrogated	14.281205
334	16	Ġthe	4.528136
334	17	Ġspy	15.018037
334	18	Ġin	5.691864
334	19	Ġthe	2.263831
334	20	Ġprison	10.169362
334	21	.	2.422797
334	22	<|endoftext|>	6.850741
335	1	<|endoftext|>	0.0
335	2	He	8.582732
335	3	Ġknows	8.734344
335	4	Ġwho	6.31441
335	5	Ġthe	4.333633
335	6	Ġinspector	14.238199
335	7	Ġsaid	6.740259
335	8	Ġthe	6.270973
335	9	Ġman	4.784594
335	10	Ġreported	12.707118
335	11	Ġhe	9.238113
335	12	Ġthought	9.788148
335	13	Ġinterrogated	17.735875
335	14	Ġthe	4.435317
335	15	Ġspy	12.233597
335	16	Ġin	5.857385
335	17	Ġthe	2.243413
335	18	Ġprison	9.587643
335	19	.	1.797085
335	20	<|endoftext|>	6.437195
336	1	<|endoftext|>	0.0
336	2	He	8.582732
336	3	Ġknows	8.734344
336	4	Ġwho	6.31441
336	5	Ġthe	4.333633
336	6	Ġinspector	14.238199
336	7	Ġsaid	6.740259
336	8	Ġthe	6.270973
336	9	Ġman	4.784594
336	10	Ġreported	12.707118
336	11	Ġhe	9.238113
336	12	Ġthought	9.788148
336	13	Ġthe	6.537883
336	14	Ġpolice	6.203154
336	15	Ġinterrogated	13.970956
336	16	Ġthe	5.772329
336	17	Ġspy	14.580512
336	18	Ġin	5.835891
336	19	Ġthe	2.219945
336	20	Ġprison	10.312682
336	21	.	1.66371
336	22	<|endoftext|>	6.202206
337	1	<|endoftext|>	0.0
337	2	He	8.582732
337	3	Ġknows	8.734344
337	4	Ġthat	2.922593
337	5	Ġthe	3.684015
337	6	Ġinspector	15.4411
337	7	Ġsaid	9.165608
337	8	Ġthe	3.503065
337	9	Ġman	6.87472
337	10	Ġreported	11.195637
337	11	Ġhe	6.985798
337	12	Ġthought	8.829267
337	13	Ġinterrogated	19.635651
337	14	Ġthe	3.159275
337	15	Ġspy	12.408442
337	16	Ġin	5.756851
337	17	Ġthe	2.419127
337	18	Ġprison	9.342649
337	19	.	2.919087
337	20	<|endoftext|>	7.032599
338	1	<|endoftext|>	0.0
338	2	He	8.582732
338	3	Ġknows	8.734344
338	4	Ġthat	2.922593
338	5	Ġthe	3.684015
338	6	Ġinspector	15.4411
338	7	Ġsaid	9.165608
338	8	Ġthe	3.503065
338	9	Ġman	6.87472
338	10	Ġreported	11.195637
338	11	Ġhe	6.985798
338	12	Ġthought	8.829267
338	13	Ġthe	2.627113
338	14	Ġpolice	6.421282
338	15	Ġinterrogated	14.281205
338	16	Ġthe	4.528136
338	17	Ġspy	15.018037
338	18	Ġin	5.691864
338	19	Ġthe	2.263831
338	20	Ġprison	10.169362
338	21	.	2.422797
338	22	<|endoftext|>	6.850741
339	1	<|endoftext|>	0.0
339	2	He	8.582732
339	3	Ġknows	8.734344
339	4	Ġwho	6.31441
339	5	Ġthe	4.333633
339	6	Ġinspector	14.238199
339	7	Ġsaid	6.740259
339	8	Ġthe	6.270973
339	9	Ġman	4.784594
339	10	Ġreported	12.707118
339	11	Ġhe	9.238113
339	12	Ġthought	9.788148
339	13	Ġinterrogated	17.735875
339	14	Ġthe	4.435317
339	15	Ġspy	12.233597
339	16	Ġin	5.857385
339	17	Ġthe	2.243413
339	18	Ġprison	9.587643
339	19	.	1.797085
339	20	<|endoftext|>	6.437195
340	1	<|endoftext|>	0.0
340	2	He	8.582732
340	3	Ġknows	8.734344
340	4	Ġwho	6.31441
340	5	Ġthe	4.333633
340	6	Ġinspector	14.238199
340	7	Ġsaid	6.740259
340	8	Ġthe	6.270973
340	9	Ġman	4.784594
340	10	Ġreported	12.707118
340	11	Ġhe	9.238113
340	12	Ġthought	9.788148
340	13	Ġthe	6.537883
340	14	Ġpolice	6.203154
340	15	Ġinterrogated	13.970956
340	16	Ġthe	5.772329
340	17	Ġspy	14.580512
340	18	Ġin	5.835891
340	19	Ġthe	2.219945
340	20	Ġprison	10.312682
340	21	.	1.66371
340	22	<|endoftext|>	6.202206
341	1	<|endoftext|>	0.0
341	2	She	9.588393
341	3	Ġknows	8.547399
341	4	Ġthat	3.373149
341	5	Ġthanked	20.170677
341	6	Ġthe	5.643034
341	7	Ġwaitress	12.369799
341	8	Ġafter	7.426064
341	9	Ġthe	3.061649
341	10	Ġmeal	2.880064
341	11	.	1.979698
341	12	<|endoftext|>	7.037757
342	1	<|endoftext|>	0.0
342	2	She	9.588393
342	3	Ġknows	8.547399
342	4	Ġthat	3.373155
342	5	Ġthe	4.09474
342	6	Ġwoman	8.806017
342	7	Ġthanked	15.394462
342	8	Ġthe	4.265124
342	9	Ġwaitress	11.229109
342	10	Ġafter	6.492056
342	11	Ġthe	2.978488
342	12	Ġmeal	2.792189
342	13	.	2.096559
342	14	<|endoftext|>	7.074617
343	1	<|endoftext|>	0.0
343	2	She	9.588393
343	3	Ġknows	8.547399
343	4	Ġwho	6.179697
343	5	Ġthanked	16.573898
343	6	Ġthe	5.157085
343	7	Ġwaitress	11.960798
343	8	Ġafter	6.505157
343	9	Ġthe	2.84341
343	10	Ġmeal	3.758738
343	11	.	1.489762
343	12	<|endoftext|>	6.279519
344	1	<|endoftext|>	0.0
344	2	She	9.588393
344	3	Ġknows	8.547399
344	4	Ġwho	6.179725
344	5	Ġthe	4.654339
344	6	Ġwoman	6.507531
344	7	Ġthanked	18.078636
344	8	Ġthe	6.253908
344	9	Ġwaitress	12.117284
344	10	Ġafter	7.380741
344	11	Ġthe	2.89606
344	12	Ġmeal	3.140781
344	13	.	1.141754
344	14	<|endoftext|>	6.52788
345	1	<|endoftext|>	0.0
345	2	She	9.588393
345	3	Ġknows	8.547399
345	4	Ġthat	3.373149
345	5	Ġthe	4.09474
345	6	Ġwaiter	15.905418
345	7	Ġsaid	6.968897
345	8	Ġthanked	20.592948
345	9	Ġthe	5.621578
345	10	Ġwaitress	4.712962
345	11	Ġafter	6.469092
345	12	Ġthe	2.688396
345	13	Ġmeal	2.212477
345	14	.	1.747003
345	15	<|endoftext|>	6.216577
346	1	<|endoftext|>	0.0
346	2	She	9.588377
346	3	Ġknows	8.547394
346	4	Ġthat	3.373129
346	5	Ġthe	4.094771
346	6	Ġwaiter	15.905366
346	7	Ġsaid	6.968802
346	8	Ġthe	4.412481
346	9	Ġwoman	6.914911
346	10	Ġthanked	12.749763
346	11	Ġthe	4.586864
346	12	Ġwaitress	4.243724
346	13	Ġafter	6.305439
346	14	Ġthe	2.88789
346	15	Ġmeal	2.118282
346	16	.	1.785476
346	17	<|endoftext|>	6.174472
347	1	<|endoftext|>	0.0
347	2	She	9.588393
347	3	Ġknows	8.547399
347	4	Ġwho	6.179697
347	5	Ġthe	4.654339
347	6	Ġwaiter	14.596429
347	7	Ġsaid	9.598647
347	8	Ġthanked	18.024474
347	9	Ġthe	6.325104
347	10	Ġwaitress	4.630729
347	11	Ġafter	7.031692
347	12	Ġthe	2.721177
347	13	Ġmeal	2.542494
347	14	.	1.029108
347	15	<|endoftext|>	5.49787
348	1	<|endoftext|>	0.0
348	2	She	9.588377
348	3	Ġknows	8.547394
348	4	Ġwho	6.17982
348	5	Ġthe	4.654325
348	6	Ġwaiter	14.59644
348	7	Ġsaid	9.598668
348	8	Ġthe	7.193745
348	9	Ġwoman	5.440242
348	10	Ġthanked	15.459625
348	11	Ġthe	7.16289
348	12	Ġwaitress	4.383345
348	13	Ġafter	7.183596
348	14	Ġthe	2.944465
348	15	Ġmeal	2.381265
348	16	.	0.960454
348	17	<|endoftext|>	5.314944
349	1	<|endoftext|>	0.0
349	2	She	9.588377
349	3	Ġknows	8.547394
349	4	Ġthat	3.373129
349	5	Ġthe	4.094771
349	6	Ġwaiter	15.905366
349	7	Ġsaid	6.968802
349	8	Ġthe	4.412481
349	9	Ġwoman	6.914911
349	10	Ġbelieved	11.053602
349	11	Ġthanked	22.655815
349	12	Ġthe	4.062776
349	13	Ġwaitress	4.932444
349	14	Ġafter	6.508432
349	15	Ġthe	2.784239
349	16	Ġmeal	2.670695
349	17	.	1.657054
349	18	<|endoftext|>	5.959698
350	1	<|endoftext|>	0.0
350	2	She	9.588377
350	3	Ġknows	8.547394
350	4	Ġthat	3.373129
350	5	Ġthe	4.094771
350	6	Ġwaiter	15.905366
350	7	Ġsaid	6.968802
350	8	Ġthe	4.412481
350	9	Ġwoman	6.914911
350	10	Ġbelieved	11.053602
350	11	Ġthe	2.700413
350	12	Ġwoman	2.747608
350	13	Ġthanked	16.387072
350	14	Ġthe	4.050473
350	15	Ġwaitress	4.594555
350	16	Ġafter	6.215923
350	17	Ġthe	2.914214
350	18	Ġmeal	2.33621
350	19	.	1.477807
350	20	<|endoftext|>	5.887461
351	1	<|endoftext|>	0.0
351	2	She	9.588377
351	3	Ġknows	8.547394
351	4	Ġwho	6.17982
351	5	Ġthe	4.654325
351	6	Ġwaiter	14.59644
351	7	Ġsaid	9.598668
351	8	Ġthe	7.193745
351	9	Ġwoman	5.440242
351	10	Ġbelieved	11.32972
351	11	Ġthanked	19.66782
351	12	Ġthe	4.775942
351	13	Ġwaitress	4.373382
351	14	Ġafter	6.833868
351	15	Ġthe	2.845632
351	16	Ġmeal	3.009711
351	17	.	1.070863
351	18	<|endoftext|>	5.30059
352	1	<|endoftext|>	0.0
352	2	She	9.588377
352	3	Ġknows	8.547394
352	4	Ġwho	6.17982
352	5	Ġthe	4.654325
352	6	Ġwaiter	14.59644
352	7	Ġsaid	9.598668
352	8	Ġthe	7.193745
352	9	Ġwoman	5.440242
352	10	Ġbelieved	11.32972
352	11	Ġthe	7.419981
352	12	Ġwoman	2.849143
352	13	Ġthanked	16.491639
352	14	Ġthe	5.744981
352	15	Ġwaitress	4.332337
352	16	Ġafter	6.593509
352	17	Ġthe	2.98618
352	18	Ġmeal	2.642563
352	19	.	1.006412
352	20	<|endoftext|>	5.243093
353	1	<|endoftext|>	0.0
353	2	She	9.588377
353	3	Ġknows	8.547394
353	4	Ġthat	3.373129
353	5	Ġthe	4.094771
353	6	Ġwaiter	15.905366
353	7	Ġsaid	6.968802
353	8	Ġthe	4.412481
353	9	Ġwoman	6.914911
353	10	Ġbelieved	11.053602
353	11	Ġshe	2.49094
353	12	Ġremembered	13.982258
353	13	Ġthanked	19.782515
353	14	Ġthe	3.853305
353	15	Ġwaitress	4.414449
353	16	Ġafter	6.578767
353	17	Ġthe	2.653816
353	18	Ġmeal	2.493715
353	19	.	1.477589
353	20	<|endoftext|>	5.705136
354	1	<|endoftext|>	0.0
354	2	She	9.588377
354	3	Ġknows	8.547394
354	4	Ġthat	3.373129
354	5	Ġthe	4.094771
354	6	Ġwaiter	15.905366
354	7	Ġsaid	6.968802
354	8	Ġthe	4.412481
354	9	Ġwoman	6.914911
354	10	Ġbelieved	11.053602
354	11	Ġshe	2.49094
354	12	Ġremembered	13.982258
354	13	Ġthe	2.441083
354	14	Ġwoman	4.042032
354	15	Ġthanked	17.444537
354	16	Ġthe	4.004803
354	17	Ġwaitress	4.349454
354	18	Ġafter	6.586164
354	19	Ġthe	2.573413
354	20	Ġmeal	2.152962
354	21	.	1.488839
354	22	<|endoftext|>	5.438068
355	1	<|endoftext|>	0.0
355	2	She	9.588377
355	3	Ġknows	8.547394
355	4	Ġwho	6.17982
355	5	Ġthe	4.654325
355	6	Ġwaiter	14.59644
355	7	Ġsaid	9.598668
355	8	Ġthe	7.193745
355	9	Ġwoman	5.440242
355	10	Ġbelieved	11.32972
355	11	Ġshe	4.644297
355	12	Ġremembered	13.058096
355	13	Ġthanked	19.673939
355	14	Ġthe	4.078304
355	15	Ġwaitress	4.159852
355	16	Ġafter	7.055635
355	17	Ġthe	2.682968
355	18	Ġmeal	2.972122
355	19	.	1.138572
355	20	<|endoftext|>	5.074815
356	1	<|endoftext|>	0.0
356	2	She	9.588377
356	3	Ġknows	8.547394
356	4	Ġwho	6.17982
356	5	Ġthe	4.654325
356	6	Ġwaiter	14.59644
356	7	Ġsaid	9.598668
356	8	Ġthe	7.193745
356	9	Ġwoman	5.440242
356	10	Ġbelieved	11.32972
356	11	Ġshe	4.644297
356	12	Ġremembered	13.058096
356	13	Ġthe	5.739833
356	14	Ġwoman	3.919757
356	15	Ġthanked	14.822926
356	16	Ġthe	5.219895
356	17	Ġwaitress	4.150608
356	18	Ġafter	7.042568
356	19	Ġthe	2.603819
356	20	Ġmeal	2.459788
356	21	.	1.11922
356	22	<|endoftext|>	4.858516
357	1	<|endoftext|>	0.0
357	2	She	9.588377
357	3	Ġknows	8.547394
357	4	Ġthat	3.373129
357	5	Ġthe	4.094771
357	6	Ġwaiter	15.905366
357	7	Ġsaid	6.968802
357	8	Ġthe	4.412481
357	9	Ġwoman	6.914911
357	10	Ġbelieved	11.053602
357	11	Ġshe	2.49094
357	12	Ġremembered	13.982258
357	13	Ġthanked	19.782515
357	14	Ġthe	3.853305
357	15	Ġwaitress	4.414449
357	16	Ġafter	6.578767
357	17	Ġthe	2.653816
357	18	Ġmeal	2.493715
357	19	.	1.477589
357	20	<|endoftext|>	5.705136
358	1	<|endoftext|>	0.0
358	2	She	9.588377
358	3	Ġknows	8.547394
358	4	Ġthat	3.373129
358	5	Ġthe	4.094771
358	6	Ġwaiter	15.905366
358	7	Ġsaid	6.968802
358	8	Ġthe	4.412481
358	9	Ġwoman	6.914911
358	10	Ġbelieved	11.053602
358	11	Ġshe	2.49094
358	12	Ġremembered	13.982258
358	13	Ġthe	2.441083
358	14	Ġwoman	4.042032
358	15	Ġthanked	17.444537
358	16	Ġthe	4.004803
358	17	Ġwaitress	4.349454
358	18	Ġafter	6.586164
358	19	Ġthe	2.573413
358	20	Ġmeal	2.152962
358	21	.	1.488839
358	22	<|endoftext|>	5.438068
359	1	<|endoftext|>	0.0
359	2	She	9.588377
359	3	Ġknows	8.547394
359	4	Ġwho	6.17982
359	5	Ġthe	4.654325
359	6	Ġwaiter	14.59644
359	7	Ġsaid	9.598668
359	8	Ġthe	7.193745
359	9	Ġwoman	5.440242
359	10	Ġbelieved	11.32972
359	11	Ġshe	4.644297
359	12	Ġremembered	13.058096
359	13	Ġthanked	19.673939
359	14	Ġthe	4.078304
359	15	Ġwaitress	4.159852
359	16	Ġafter	7.055635
359	17	Ġthe	2.682968
359	18	Ġmeal	2.972122
359	19	.	1.138572
359	20	<|endoftext|>	5.074815
360	1	<|endoftext|>	0.0
360	2	She	9.588377
360	3	Ġknows	8.547394
360	4	Ġwho	6.17982
360	5	Ġthe	4.654325
360	6	Ġwaiter	14.59644
360	7	Ġsaid	9.598668
360	8	Ġthe	7.193745
360	9	Ġwoman	5.440242
360	10	Ġbelieved	11.32972
360	11	Ġshe	4.644297
360	12	Ġremembered	13.058096
360	13	Ġthe	5.739833
360	14	Ġwoman	3.919757
360	15	Ġthanked	14.822926
360	16	Ġthe	5.219895
360	17	Ġwaitress	4.150608
360	18	Ġafter	7.042568
360	19	Ġthe	2.603819
360	20	Ġmeal	2.459788
360	21	.	1.11922
360	22	<|endoftext|>	4.858516
361	1	<|endoftext|>	0.0
361	2	They	9.39695
361	3	Ġknow	7.895996
361	4	Ġthat	2.878176
361	5	Ġreassured	20.903867
361	6	Ġthe	4.91904
361	7	Ġold	9.43034
361	8	Ġwoman	5.887539
361	9	Ġat	6.591399
361	10	Ġthe	0.889712
361	11	Ġhospital	6.177573
361	12	.	2.710431
361	13	<|endoftext|>	7.382119
362	1	<|endoftext|>	0.0
362	2	They	9.39695
362	3	Ġknow	7.895996
362	4	Ġthat	2.878158
362	5	Ġthe	3.625604
362	6	Ġnurse	15.429673
362	7	Ġreassured	16.962581
362	8	Ġthe	5.126072
362	9	Ġold	11.661639
362	10	Ġwoman	2.895616
362	11	Ġat	6.428387
362	12	Ġthe	0.80323
362	13	Ġhospital	2.677846
362	14	.	4.515805
362	15	<|endoftext|>	8.467508
363	1	<|endoftext|>	0.0
363	2	They	9.39695
363	3	Ġknow	7.895996
363	4	Ġwho	5.464134
363	5	Ġreassured	20.865664
363	6	Ġthe	5.366761
363	7	Ġold	10.632943
363	8	Ġwoman	5.019054
363	9	Ġat	5.260038
363	10	Ġthe	0.818447
363	11	Ġhospital	5.991659
363	12	.	3.323836
363	13	<|endoftext|>	7.461095
364	1	<|endoftext|>	0.0
364	2	They	9.39695
364	3	Ġknow	7.895996
364	4	Ġwho	5.464138
364	5	Ġthe	4.252008
364	6	Ġnurse	15.020977
364	7	Ġreassured	21.62833
364	8	Ġthe	6.526164
364	9	Ġold	12.297657
364	10	Ġwoman	3.140477
364	11	Ġat	5.974225
364	12	Ġthe	0.742008
364	13	Ġhospital	2.751663
364	14	.	2.369031
364	15	<|endoftext|>	7.805339
365	1	<|endoftext|>	0.0
365	2	They	9.396972
365	3	Ġknow	7.895986
365	4	Ġthat	2.878197
365	5	Ġthe	3.62555
365	6	Ġdoctor	12.401457
365	7	Ġbelieved	11.954496
365	8	Ġreassured	21.496455
365	9	Ġthe	4.475108
365	10	Ġold	11.589
365	11	Ġwoman	2.72955
365	12	Ġat	7.369935
365	13	Ġthe	0.993256
365	14	Ġhospital	2.368498
365	15	.	2.56969
365	16	<|endoftext|>	7.510021
366	1	<|endoftext|>	0.0
366	2	They	9.396978
366	3	Ġknow	7.895982
366	4	Ġthat	2.878192
366	5	Ġthe	3.625553
366	6	Ġdoctor	12.401468
366	7	Ġbelieved	11.954482
366	8	Ġthe	3.483282
366	9	Ġnurse	9.575942
366	10	Ġreassured	17.603016
366	11	Ġthe	5.079284
366	12	Ġold	13.375842
366	13	Ġwoman	2.247376
366	14	Ġat	7.290342
366	15	Ġthe	0.898523
366	16	Ġhospital	1.755593
366	17	.	3.010469
366	18	<|endoftext|>	7.81046
367	1	<|endoftext|>	0.0
367	2	They	9.396972
367	3	Ġknow	7.895986
367	4	Ġwho	5.464167
367	5	Ġthe	4.252055
367	6	Ġdoctor	10.969044
367	7	Ġbelieved	11.569899
367	8	Ġreassured	22.266616
367	9	Ġthe	5.872304
367	10	Ġold	11.713081
367	11	Ġwoman	2.925785
367	12	Ġat	6.363903
367	13	Ġthe	0.760783
367	14	Ġhospital	2.575933
367	15	.	1.920056
367	16	<|endoftext|>	7.387579
368	1	<|endoftext|>	0.0
368	2	They	9.396978
368	3	Ġknow	7.895982
368	4	Ġwho	5.464162
368	5	Ġthe	4.252062
368	6	Ġdoctor	10.969049
368	7	Ġbelieved	11.569874
368	8	Ġthe	7.303398
368	9	Ġnurse	7.1754
368	10	Ġreassured	20.948289
368	11	Ġthe	6.794434
368	12	Ġold	13.687219
368	13	Ġwoman	2.369839
368	14	Ġat	6.748537
368	15	Ġthe	0.763864
368	16	Ġhospital	1.730877
368	17	.	1.552758
368	18	<|endoftext|>	7.211355
369	1	<|endoftext|>	0.0
369	2	They	9.396978
369	3	Ġknow	7.895982
369	4	Ġthat	2.878192
369	5	Ġthe	3.625553
369	6	Ġdoctor	12.401468
369	7	Ġbelieved	11.954482
369	8	Ġthe	3.483282
369	9	Ġman	5.085362
369	10	Ġsaid	9.982735
369	11	Ġreassured	22.977933
369	12	Ġthe	4.364197
369	13	Ġold	13.471089
369	14	Ġwoman	2.259645
369	15	Ġat	7.245537
369	16	Ġthe	0.988631
369	17	Ġhospital	2.474242
369	18	.	2.399537
369	19	<|endoftext|>	6.43355
370	1	<|endoftext|>	0.0
370	2	They	9.396978
370	3	Ġknow	7.895982
370	4	Ġthat	2.878192
370	5	Ġthe	3.625553
370	6	Ġdoctor	12.401468
370	7	Ġbelieved	11.954482
370	8	Ġthe	3.483282
370	9	Ġman	5.085362
370	10	Ġsaid	9.982735
370	11	Ġthe	3.183594
370	12	Ġnurse	9.582344
370	13	Ġreassured	16.57188
370	14	Ġthe	6.129003
370	15	Ġold	14.142532
370	16	Ġwoman	2.32004
370	17	Ġat	7.339386
370	18	Ġthe	0.903029
370	19	Ġhospital	1.549668
370	20	.	2.572057
370	21	<|endoftext|>	6.638047
371	1	<|endoftext|>	0.0
371	2	They	9.396978
371	3	Ġknow	7.895982
371	4	Ġwho	5.464162
371	5	Ġthe	4.252062
371	6	Ġdoctor	10.969049
371	7	Ġbelieved	11.569874
371	8	Ġthe	7.303398
371	9	Ġman	4.430678
371	10	Ġsaid	9.433232
371	11	Ġreassured	23.686846
371	12	Ġthe	5.983629
371	13	Ġold	13.739001
371	14	Ġwoman	2.748604
371	15	Ġat	6.838908
371	16	Ġthe	0.797191
371	17	Ġhospital	2.489278
371	18	.	1.398686
371	19	<|endoftext|>	6.169735
372	1	<|endoftext|>	0.0
372	2	They	9.396978
372	3	Ġknow	7.895982
372	4	Ġwho	5.464162
372	5	Ġthe	4.252062
372	6	Ġdoctor	10.969049
372	7	Ġbelieved	11.569874
372	8	Ġthe	7.303398
372	9	Ġman	4.430678
372	10	Ġsaid	9.433232
372	11	Ġthe	6.252935
372	12	Ġnurse	8.082758
372	13	Ġreassured	18.585729
372	14	Ġthe	7.323583
372	15	Ġold	14.213918
372	16	Ġwoman	2.479823
372	17	Ġat	7.026446
372	18	Ġthe	0.758068
372	19	Ġhospital	1.502665
372	20	.	1.222467
372	21	<|endoftext|>	6.027256
373	1	<|endoftext|>	0.0
373	2	They	9.396978
373	3	Ġknow	7.895982
373	4	Ġthat	2.878192
373	5	Ġthe	3.625553
373	6	Ġdoctor	12.401468
373	7	Ġbelieved	11.954482
373	8	Ġthe	3.483282
373	9	Ġman	5.085362
373	10	Ġsaid	9.982735
373	11	Ġhe	1.742011
373	12	Ġthought	8.48096
373	13	Ġreassured	21.959554
373	14	Ġthe	3.46432
373	15	Ġold	12.888577
373	16	Ġwoman	2.439103
373	17	Ġat	6.943233
373	18	Ġthe	1.000536
373	19	Ġhospital	2.458454
373	20	.	1.849467
373	21	<|endoftext|>	6.471265
374	1	<|endoftext|>	0.0
374	2	They	9.396978
374	3	Ġknow	7.895982
374	4	Ġthat	2.878192
374	5	Ġthe	3.625553
374	6	Ġdoctor	12.401468
374	7	Ġbelieved	11.954482
374	8	Ġthe	3.483282
374	9	Ġman	5.085362
374	10	Ġsaid	9.982735
374	11	Ġhe	1.742011
374	12	Ġthought	8.48096
374	13	Ġthe	3.26422
374	14	Ġnurse	9.731452
374	15	Ġreassured	18.117925
374	16	Ġthe	6.013647
374	17	Ġold	13.824655
374	18	Ġwoman	2.327475
374	19	Ġat	7.246016
374	20	Ġthe	0.941107
374	21	Ġhospital	1.431353
374	22	.	1.988377
374	23	<|endoftext|>	6.585007
375	1	<|endoftext|>	0.0
375	2	They	9.396978
375	3	Ġknow	7.895982
375	4	Ġwho	5.464162
375	5	Ġthe	4.252062
375	6	Ġdoctor	10.969049
375	7	Ġbelieved	11.569874
375	8	Ġthe	7.303398
375	9	Ġman	4.430678
375	10	Ġsaid	9.433232
375	11	Ġhe	0.922309
375	12	Ġthought	10.956916
375	13	Ġreassured	22.173913
375	14	Ġthe	4.520732
375	15	Ġold	13.079309
375	16	Ġwoman	3.009675
375	17	Ġat	6.466142
375	18	Ġthe	0.938999
375	19	Ġhospital	2.660881
375	20	.	1.094027
375	21	<|endoftext|>	6.377525
376	1	<|endoftext|>	0.0
376	2	They	9.396978
376	3	Ġknow	7.895982
376	4	Ġwho	5.464162
376	5	Ġthe	4.252062
376	6	Ġdoctor	10.969049
376	7	Ġbelieved	11.569874
376	8	Ġthe	7.303398
376	9	Ġman	4.430678
376	10	Ġsaid	9.433232
376	11	Ġhe	0.922309
376	12	Ġthought	10.956916
376	13	Ġthe	6.682707
376	14	Ġnurse	8.496759
376	15	Ġreassured	19.987012
376	16	Ġthe	7.170325
376	17	Ġold	13.845247
376	18	Ġwoman	2.624418
376	19	Ġat	6.822028
376	20	Ġthe	0.889348
376	21	Ġhospital	1.46021
376	22	.	0.99113
376	23	<|endoftext|>	6.260811
377	1	<|endoftext|>	0.0
377	2	They	9.396978
377	3	Ġknow	7.895982
377	4	Ġthat	2.878192
377	5	Ġthe	3.625553
377	6	Ġdoctor	12.401468
377	7	Ġbelieved	11.954482
377	8	Ġthe	3.483282
377	9	Ġman	5.085362
377	10	Ġsaid	9.982735
377	11	Ġhe	1.742011
377	12	Ġthought	8.48096
377	13	Ġreassured	21.959554
377	14	Ġthe	3.46432
377	15	Ġold	12.888577
377	16	Ġwoman	2.439103
377	17	Ġat	6.943233
377	18	Ġthe	1.000536
377	19	Ġhospital	2.458454
377	20	.	1.849467
377	21	<|endoftext|>	6.471265
378	1	<|endoftext|>	0.0
378	2	They	9.396978
378	3	Ġknow	7.895982
378	4	Ġthat	2.878192
378	5	Ġthe	3.625553
378	6	Ġdoctor	12.401468
378	7	Ġbelieved	11.954482
378	8	Ġthe	3.483282
378	9	Ġman	5.085362
378	10	Ġsaid	9.982735
378	11	Ġhe	1.742011
378	12	Ġthought	8.48096
378	13	Ġthe	3.26422
378	14	Ġnurse	9.731452
378	15	Ġreassured	18.117925
378	16	Ġthe	6.013647
378	17	Ġold	13.824655
378	18	Ġwoman	2.327475
378	19	Ġat	7.246016
378	20	Ġthe	0.941107
378	21	Ġhospital	1.431353
378	22	.	1.988377
378	23	<|endoftext|>	6.585007
379	1	<|endoftext|>	0.0
379	2	They	9.396978
379	3	Ġknow	7.895982
379	4	Ġwho	5.464162
379	5	Ġthe	4.252062
379	6	Ġdoctor	10.969049
379	7	Ġbelieved	11.569874
379	8	Ġthe	7.303398
379	9	Ġman	4.430678
379	10	Ġsaid	9.433232
379	11	Ġhe	0.922309
379	12	Ġthought	10.956916
379	13	Ġreassured	22.173913
379	14	Ġthe	4.520732
379	15	Ġold	13.079309
379	16	Ġwoman	3.009675
379	17	Ġat	6.466142
379	18	Ġthe	0.938999
379	19	Ġhospital	2.660881
379	20	.	1.094027
379	21	<|endoftext|>	6.377525
380	1	<|endoftext|>	0.0
380	2	They	9.396978
380	3	Ġknow	7.895982
380	4	Ġwho	5.464162
380	5	Ġthe	4.252062
380	6	Ġdoctor	10.969049
380	7	Ġbelieved	11.569874
380	8	Ġthe	7.303398
380	9	Ġman	4.430678
380	10	Ġsaid	9.433232
380	11	Ġhe	0.922309
380	12	Ġthought	10.956916
380	13	Ġthe	6.682707
380	14	Ġnurse	8.496759
380	15	Ġreassured	19.987012
380	16	Ġthe	7.170325
380	17	Ġold	13.845247
380	18	Ġwoman	2.624418
380	19	Ġat	6.822028
380	20	Ġthe	0.889348
380	21	Ġhospital	1.46021
380	22	.	0.99113
380	23	<|endoftext|>	6.260811
381	1	<|endoftext|>	0.0
381	2	He	8.582737
381	3	Ġreported	12.331583
381	4	Ġthat	2.374096
381	5	Ġabandoned	18.105125
381	6	Ġhis	11.123572
381	7	Ġpartner	11.031423
381	8	Ġin	3.145824
381	9	Ġthe	2.864944
381	10	Ġdesert	9.601723
381	11	.	4.081747
381	12	<|endoftext|>	7.500171
382	1	<|endoftext|>	0.0
382	2	He	8.582737
382	3	Ġreported	12.331583
382	4	Ġthat	2.374091
382	5	Ġthe	2.664716
382	6	Ġcowboy	17.89329
382	7	Ġabandoned	13.764468
382	8	Ġhis	1.374192
382	9	Ġpartner	11.903149
382	10	Ġin	3.071759
382	11	Ġthe	2.266184
382	12	Ġdesert	6.251922
382	13	.	4.538368
382	14	<|endoftext|>	7.338809
383	1	<|endoftext|>	0.0
383	2	He	8.582737
383	3	Ġreported	12.331583
383	4	Ġwho	12.870045
383	5	Ġabandoned	13.803806
383	6	Ġhis	2.970966
383	7	Ġpartner	9.266784
383	8	Ġin	3.301202
383	9	Ġthe	2.603783
383	10	Ġdesert	9.211361
383	11	.	3.050449
383	12	<|endoftext|>	7.678609
384	1	<|endoftext|>	0.0
384	2	He	8.582737
384	3	Ġreported	12.331583
384	4	Ġwho	12.870041
384	5	Ġthe	4.073936
384	6	Ġcowboy	16.720717
384	7	Ġabandoned	14.635264
384	8	Ġhis	3.862942
384	9	Ġpartner	12.027649
384	10	Ġin	3.026914
384	11	Ġthe	2.321951
384	12	Ġdesert	5.489592
384	13	.	2.508284
384	14	<|endoftext|>	6.808463
385	1	<|endoftext|>	0.0
385	2	He	8.582737
385	3	Ġreported	12.331583
385	4	Ġthat	2.374096
385	5	Ġthe	2.664716
385	6	Ġfarmer	13.198961
385	7	Ġsaid	5.555008
385	8	Ġabandoned	18.222142
385	9	Ġhis	11.618071
385	10	Ġpartner	13.945622
385	11	Ġin	3.787858
385	12	Ġthe	2.130577
385	13	Ġdesert	9.189168
385	14	.	3.442954
385	15	<|endoftext|>	5.934194
386	1	<|endoftext|>	0.0
386	2	He	8.582732
386	3	Ġreported	12.331528
386	4	Ġthat	2.374054
386	5	Ġthe	2.664676
386	6	Ġfarmer	13.198979
386	7	Ġsaid	5.554958
386	8	Ġthe	3.473709
386	9	Ġcowboy	15.727818
386	10	Ġabandoned	13.467656
386	11	Ġhis	1.097136
386	12	Ġpartner	12.982193
386	13	Ġin	3.395169
386	14	Ġthe	1.916027
386	15	Ġdesert	6.666696
386	16	.	3.810732
386	17	<|endoftext|>	5.782017
387	1	<|endoftext|>	0.0
387	2	He	8.582737
387	3	Ġreported	12.331583
387	4	Ġwho	12.870045
387	5	Ġthe	4.073936
387	6	Ġfarmer	13.261857
387	7	Ġsaid	6.543491
387	8	Ġabandoned	14.729117
387	9	Ġhis	2.093873
387	10	Ġpartner	12.811688
387	11	Ġin	3.024402
387	12	Ġthe	2.099124
387	13	Ġdesert	8.795623
387	14	.	2.17209
387	15	<|endoftext|>	6.02483
388	1	<|endoftext|>	0.0
388	2	He	8.582732
388	3	Ġreported	12.331528
388	4	Ġwho	12.869993
388	5	Ġthe	4.073953
388	6	Ġfarmer	13.261851
388	7	Ġsaid	6.543627
388	8	Ġthe	5.792466
388	9	Ġcowboy	14.061079
388	10	Ġabandoned	14.402362
388	11	Ġhis	3.99899
388	12	Ġpartner	13.608837
388	13	Ġin	2.950487
388	14	Ġthe	2.103027
388	15	Ġdesert	6.101845
388	16	.	2.018159
388	17	<|endoftext|>	5.753815
389	1	<|endoftext|>	0.0
389	2	He	8.582732
389	3	Ġreported	12.331528
389	4	Ġthat	2.374054
389	5	Ġthe	2.664676
389	6	Ġfarmer	13.198979
389	7	Ġsaid	5.554958
389	8	Ġhis	4.802285
389	9	Ġfriend	9.235653
389	10	Ġreported	10.342931
389	11	Ġabandoned	15.812035
389	12	Ġhis	9.36955
389	13	Ġpartner	12.557458
389	14	Ġin	3.515072
389	15	Ġthe	2.168088
389	16	Ġdesert	8.657153
389	17	.	2.801267
389	18	<|endoftext|>	6.019155
390	1	<|endoftext|>	0.0
390	2	He	8.582732
390	3	Ġreported	12.331528
390	4	Ġthat	2.374054
390	5	Ġthe	2.664676
390	6	Ġfarmer	13.198979
390	7	Ġsaid	5.554958
390	8	Ġhis	4.802285
390	9	Ġfriend	9.235653
390	10	Ġreported	10.342931
390	11	Ġthe	2.305999
390	12	Ġcowboy	16.783659
390	13	Ġabandoned	13.955547
390	14	Ġhis	2.085627
390	15	Ġpartner	13.793676
390	16	Ġin	3.220246
390	17	Ġthe	1.89384
390	18	Ġdesert	6.949026
390	19	.	2.414103
390	20	<|endoftext|>	5.83866
391	1	<|endoftext|>	0.0
391	2	He	8.582732
391	3	Ġreported	12.331528
391	4	Ġwho	12.869993
391	5	Ġthe	4.073953
391	6	Ġfarmer	13.261851
391	7	Ġsaid	6.543627
391	8	Ġhis	7.442256
391	9	Ġfriend	6.597662
391	10	Ġreported	12.02346
391	11	Ġabandoned	12.996139
391	12	Ġhis	3.868891
391	13	Ġpartner	12.1927
391	14	Ġin	3.195461
391	15	Ġthe	2.117348
391	16	Ġdesert	8.488392
391	17	.	1.780854
391	18	<|endoftext|>	5.883371
392	1	<|endoftext|>	0.0
392	2	He	8.582732
392	3	Ġreported	12.331528
392	4	Ġwho	12.869993
392	5	Ġthe	4.073953
392	6	Ġfarmer	13.261851
392	7	Ġsaid	6.543627
392	8	Ġhis	7.442256
392	9	Ġfriend	6.597662
392	10	Ġreported	12.02346
392	11	Ġthe	4.34403
392	12	Ġcowboy	16.396416
392	13	Ġabandoned	13.294091
392	14	Ġhis	2.725749
392	15	Ġpartner	13.738413
392	16	Ġin	3.089955
392	17	Ġthe	1.903004
392	18	Ġdesert	6.619414
392	19	.	1.700814
392	20	<|endoftext|>	5.658279
393	1	<|endoftext|>	0.0
393	2	He	8.582732
393	3	Ġreported	12.331528
393	4	Ġthat	2.374054
393	5	Ġthe	2.664676
393	6	Ġfarmer	13.198979
393	7	Ġsaid	5.554958
393	8	Ġhis	4.802285
393	9	Ġfriend	9.235653
393	10	Ġreported	10.342931
393	11	Ġhe	6.291769
393	12	Ġbelieved	9.886071
393	13	Ġabandoned	15.76339
393	14	Ġhis	9.403413
393	15	Ġpartner	10.450284
393	16	Ġin	3.50014
393	17	Ġthe	1.879604
393	18	Ġdesert	8.369895
393	19	.	2.14452
393	20	<|endoftext|>	5.642772
394	1	<|endoftext|>	0.0
394	2	He	8.582732
394	3	Ġreported	12.331528
394	4	Ġthat	2.374054
394	5	Ġthe	2.664676
394	6	Ġfarmer	13.198979
394	7	Ġsaid	5.554958
394	8	Ġhis	4.802285
394	9	Ġfriend	9.235653
394	10	Ġreported	10.342931
394	11	Ġhe	6.291769
394	12	Ġbelieved	9.886071
394	13	Ġthe	1.789076
394	14	Ġcowboy	14.337338
394	15	Ġabandoned	14.327221
394	16	Ġhis	1.169012
394	17	Ġpartner	12.000718
394	18	Ġin	3.458688
394	19	Ġthe	1.874097
394	20	Ġdesert	6.423841
394	21	.	1.958878
394	22	<|endoftext|>	5.451821
395	1	<|endoftext|>	0.0
395	2	He	8.582732
395	3	Ġreported	12.331528
395	4	Ġwho	12.869993
395	5	Ġthe	4.073953
395	6	Ġfarmer	13.261851
395	7	Ġsaid	6.543627
395	8	Ġhis	7.442256
395	9	Ġfriend	6.597662
395	10	Ġreported	12.02346
395	11	Ġhe	7.249122
395	12	Ġbelieved	9.162644
395	13	Ġabandoned	12.951034
395	14	Ġhis	4.062792
395	15	Ġpartner	10.196682
395	16	Ġin	3.407902
395	17	Ġthe	1.888508
395	18	Ġdesert	8.287038
395	19	.	1.481174
395	20	<|endoftext|>	5.551385
396	1	<|endoftext|>	0.0
396	2	He	8.582732
396	3	Ġreported	12.331528
396	4	Ġwho	12.869993
396	5	Ġthe	4.073953
396	6	Ġfarmer	13.261851
396	7	Ġsaid	6.543627
396	8	Ġhis	7.442256
396	9	Ġfriend	6.597662
396	10	Ġreported	12.02346
396	11	Ġhe	7.249122
396	12	Ġbelieved	9.162644
396	13	Ġthe	3.90282
396	14	Ġcowboy	14.095662
396	15	Ġabandoned	14.241795
396	16	Ġhis	2.020664
396	17	Ġpartner	12.052503
396	18	Ġin	3.282939
396	19	Ġthe	1.938996
396	20	Ġdesert	6.237756
396	21	.	1.521396
396	22	<|endoftext|>	5.343813
397	1	<|endoftext|>	0.0
397	2	He	8.582732
397	3	Ġreported	12.331528
397	4	Ġthat	2.374054
397	5	Ġthe	2.664676
397	6	Ġfarmer	13.198979
397	7	Ġsaid	5.554958
397	8	Ġhis	4.802285
397	9	Ġfriend	9.235653
397	10	Ġreported	10.342931
397	11	Ġhe	6.291769
397	12	Ġbelieved	9.886071
397	13	Ġabandoned	15.76339
397	14	Ġhis	9.403413
397	15	Ġpartner	10.450284
397	16	Ġin	3.50014
397	17	Ġthe	1.879604
397	18	Ġdesert	8.369895
397	19	.	2.14452
397	20	<|endoftext|>	5.642772
398	1	<|endoftext|>	0.0
398	2	He	8.582732
398	3	Ġreported	12.331528
398	4	Ġthat	2.374054
398	5	Ġthe	2.664676
398	6	Ġfarmer	13.198979
398	7	Ġsaid	5.554958
398	8	Ġhis	4.802285
398	9	Ġfriend	9.235653
398	10	Ġreported	10.342931
398	11	Ġhe	6.291769
398	12	Ġbelieved	9.886071
398	13	Ġthe	1.789076
398	14	Ġcowboy	14.337338
398	15	Ġabandoned	14.327221
398	16	Ġhis	1.169012
398	17	Ġpartner	12.000718
398	18	Ġin	3.458688
398	19	Ġthe	1.874097
398	20	Ġdesert	6.423841
398	21	.	1.958878
398	22	<|endoftext|>	5.451821
399	1	<|endoftext|>	0.0
399	2	He	8.582732
399	3	Ġreported	12.331528
399	4	Ġwho	12.869993
399	5	Ġthe	4.073953
399	6	Ġfarmer	13.261851
399	7	Ġsaid	6.543627
399	8	Ġhis	7.442256
399	9	Ġfriend	6.597662
399	10	Ġreported	12.02346
399	11	Ġhe	7.249122
399	12	Ġbelieved	9.162644
399	13	Ġabandoned	12.951034
399	14	Ġhis	4.062792
399	15	Ġpartner	10.196682
399	16	Ġin	3.407902
399	17	Ġthe	1.888508
399	18	Ġdesert	8.287038
399	19	.	1.481174
399	20	<|endoftext|>	5.551385
400	1	<|endoftext|>	0.0
400	2	He	8.582732
400	3	Ġreported	12.331528
400	4	Ġwho	12.869993
400	5	Ġthe	4.073953
400	6	Ġfarmer	13.261851
400	7	Ġsaid	6.543627
400	8	Ġhis	7.442256
400	9	Ġfriend	6.597662
400	10	Ġreported	12.02346
400	11	Ġhe	7.249122
400	12	Ġbelieved	9.162644
400	13	Ġthe	3.90282
400	14	Ġcowboy	14.095662
400	15	Ġabandoned	14.241795
400	16	Ġhis	2.020664
400	17	Ġpartner	12.052503
400	18	Ġin	3.282939
400	19	Ġthe	1.938996
400	20	Ġdesert	6.237756
400	21	.	1.521396
400	22	<|endoftext|>	5.343813
401	1	<|endoftext|>	0.0
401	2	They	9.39695
401	3	Ġreported	10.956506
401	4	Ġthat	2.208508
401	5	Ġpromoted	20.522394
401	6	Ġthe	7.050991
401	7	Ġaccountant	19.515248
401	8	Ġyesterday	12.860878
401	9	.	3.7866
401	10	<|endoftext|>	5.969321
402	1	<|endoftext|>	0.0
402	2	They	9.39695
402	3	Ġreported	10.956506
402	4	Ġthat	2.20851
402	5	Ġthe	2.648978
402	6	Ġmanager	12.089285
402	7	Ġpromoted	13.574022
402	8	Ġthe	3.547655
402	9	Ġaccountant	15.648809
402	10	Ġyesterday	12.161562
402	11	.	3.409599
402	12	<|endoftext|>	5.961788
403	1	<|endoftext|>	0.0
403	2	They	9.39695
403	3	Ġreported	10.956506
403	4	Ġwho	12.973994
403	5	Ġpromoted	15.447198
403	6	Ġthe	1.592808
403	7	Ġaccountant	19.977304
403	8	Ġyesterday	12.647244
403	9	.	2.364895
403	10	<|endoftext|>	6.55856
404	1	<|endoftext|>	0.0
404	2	They	9.39695
404	3	Ġreported	10.956506
404	4	Ġwho	12.973997
404	5	Ġthe	4.219928
404	6	Ġmanager	11.921037
404	7	Ġpromoted	15.682667
404	8	Ġthe	6.230098
404	9	Ġaccountant	19.80344
404	10	Ġyesterday	13.336175
404	11	.	1.712338
404	12	<|endoftext|>	6.402355
405	1	<|endoftext|>	0.0
405	2	They	9.39695
405	3	Ġreported	10.956506
405	4	Ġthat	2.208508
405	5	Ġthe	2.648978
405	6	Ġexecutive	13.819975
405	7	Ġsaid	7.767033
405	8	Ġpromoted	20.294221
405	9	Ġthe	4.088576
405	10	Ġaccountant	17.144304
405	11	Ġyesterday	13.341224
405	12	.	2.855056
405	13	<|endoftext|>	5.40633
406	1	<|endoftext|>	0.0
406	2	They	9.39695
406	3	Ġreported	10.956506
406	4	Ġthat	2.20851
406	5	Ġthe	2.648978
406	6	Ġexecutive	13.819975
406	7	Ġsaid	7.767049
406	8	Ġthe	3.053842
406	9	Ġmanager	11.976324
406	10	Ġpromoted	13.350739
406	11	Ġthe	3.016008
406	12	Ġaccountant	13.736543
406	13	Ġyesterday	13.072941
406	14	.	2.933788
406	15	<|endoftext|>	5.324398
407	1	<|endoftext|>	0.0
407	2	They	9.39695
407	3	Ġreported	10.956506
407	4	Ġwho	12.973994
407	5	Ġthe	4.219928
407	6	Ġexecutive	13.605058
407	7	Ġsaid	5.566529
407	8	Ġpromoted	14.040468
407	9	Ġthe	2.147378
407	10	Ġaccountant	17.540874
407	11	Ġyesterday	14.119084
407	12	.	1.737932
407	13	<|endoftext|>	6.164801
408	1	<|endoftext|>	0.0
408	2	They	9.39695
408	3	Ġreported	10.956506
408	4	Ġwho	12.973997
408	5	Ġthe	4.219928
408	6	Ġexecutive	13.605058
408	7	Ġsaid	5.566534
408	8	Ġthe	5.161912
408	9	Ġmanager	10.404317
408	10	Ġpromoted	13.685012
408	11	Ġthe	6.296554
408	12	Ġaccountant	16.741655
408	13	Ġyesterday	13.539237
408	14	.	1.282146
408	15	<|endoftext|>	5.929196
409	1	<|endoftext|>	0.0
409	2	They	9.396972
409	3	Ġreported	10.95643
409	4	Ġthat	2.20852
409	5	Ġthe	2.648967
409	6	Ġexecutive	13.819988
409	7	Ġsaid	7.767069
409	8	Ġa	6.853864
409	9	Ġreporter	9.867524
409	10	Ġbelieved	9.816844
409	11	Ġpromoted	20.77431
409	12	Ġthe	2.722241
409	13	Ġaccountant	16.730802
409	14	Ġyesterday	14.573248
409	15	.	2.199276
409	16	<|endoftext|>	5.304323
410	1	<|endoftext|>	0.0
410	2	They	9.396978
410	3	Ġreported	10.956426
410	4	Ġthat	2.208518
410	5	Ġthe	2.648968
410	6	Ġexecutive	13.82
410	7	Ġsaid	7.767044
410	8	Ġa	6.85387
410	9	Ġreporter	9.867538
410	10	Ġbelieved	9.816868
410	11	Ġthe	2.268378
410	12	Ġmanager	11.313848
410	13	Ġpromoted	13.227297
410	14	Ġthe	3.101361
410	15	Ġaccountant	14.627152
410	16	Ġyesterday	14.205816
410	17	.	2.228588
410	18	<|endoftext|>	5.250591
411	1	<|endoftext|>	0.0
411	2	They	9.396972
411	3	Ġreported	10.95643
411	4	Ġwho	12.973919
411	5	Ġthe	4.219939
411	6	Ġexecutive	13.605011
411	7	Ġsaid	5.56654
411	8	Ġa	9.69443
411	9	Ġreporter	7.895323
411	10	Ġbelieved	7.885435
411	11	Ġpromoted	16.589243
411	12	Ġthe	2.378591
411	13	Ġaccountant	17.638975
411	14	Ġyesterday	15.082263
411	15	.	1.462907
411	16	<|endoftext|>	5.936175
412	1	<|endoftext|>	0.0
412	2	They	9.396978
412	3	Ġreported	10.956426
412	4	Ġwho	12.973917
412	5	Ġthe	4.219927
412	6	Ġexecutive	13.605001
412	7	Ġsaid	5.566542
412	8	Ġa	9.694404
412	9	Ġreporter	7.89533
412	10	Ġbelieved	7.885438
412	11	Ġthe	7.312851
412	12	Ġmanager	11.041164
412	13	Ġpromoted	13.312914
412	14	Ġthe	6.809615
412	15	Ġaccountant	15.60935
412	16	Ġyesterday	13.641222
412	17	.	1.182499
412	18	<|endoftext|>	5.843433
413	1	<|endoftext|>	0.0
413	2	They	9.396978
413	3	Ġreported	10.956426
413	4	Ġthat	2.208518
413	5	Ġthe	2.648968
413	6	Ġexecutive	13.82
413	7	Ġsaid	7.767044
413	8	Ġa	6.85387
413	9	Ġreporter	9.867538
413	10	Ġbelieved	9.816868
413	11	Ġthe	2.268378
413	12	Ġclient	11.831194
413	13	Ġsaid	8.56215
413	14	Ġpromoted	21.032097
413	15	Ġthe	3.211187
413	16	Ġaccountant	14.07212
413	17	Ġyesterday	14.710559
413	18	.	1.842509
413	19	<|endoftext|>	5.187656
414	1	<|endoftext|>	0.0
414	2	They	9.396978
414	3	Ġreported	10.956426
414	4	Ġthat	2.208518
414	5	Ġthe	2.648968
414	6	Ġexecutive	13.82
414	7	Ġsaid	7.767044
414	8	Ġa	6.85387
414	9	Ġreporter	9.867538
414	10	Ġbelieved	9.816868
414	11	Ġthe	2.268378
414	12	Ġclient	11.831194
414	13	Ġsaid	8.56215
414	14	Ġthe	2.660772
414	15	Ġmanager	8.73449
414	16	Ġpromoted	12.55874
414	17	Ġthe	3.180935
414	18	Ġaccountant	12.511453
414	19	Ġyesterday	14.887018
414	20	.	1.985668
414	21	<|endoftext|>	5.143411
415	1	<|endoftext|>	0.0
415	2	They	9.396978
415	3	Ġreported	10.956426
415	4	Ġwho	12.973917
415	5	Ġthe	4.219927
415	6	Ġexecutive	13.605001
415	7	Ġsaid	5.566542
415	8	Ġa	9.694404
415	9	Ġreporter	7.89533
415	10	Ġbelieved	7.885438
415	11	Ġthe	7.312851
415	12	Ġclient	11.514053
415	13	Ġsaid	7.699412
415	14	Ġpromoted	15.073957
415	15	Ġthe	3.353105
415	16	Ġaccountant	14.543612
415	17	Ġyesterday	15.325294
415	18	.	1.370947
415	19	<|endoftext|>	5.732646
416	1	<|endoftext|>	0.0
416	2	They	9.396978
416	3	Ġreported	10.956426
416	4	Ġwho	12.973917
416	5	Ġthe	4.219927
416	6	Ġexecutive	13.605001
416	7	Ġsaid	5.566542
416	8	Ġa	9.694404
416	9	Ġreporter	7.89533
416	10	Ġbelieved	7.885438
416	11	Ġthe	7.312851
416	12	Ġclient	11.514053
416	13	Ġsaid	7.699412
416	14	Ġthe	4.66243
416	15	Ġmanager	8.710987
416	16	Ġpromoted	12.296424
416	17	Ġthe	5.263133
416	18	Ġaccountant	12.804115
416	19	Ġyesterday	14.626159
416	20	.	1.241531
416	21	<|endoftext|>	5.66286
417	1	<|endoftext|>	0.0
417	2	They	9.396978
417	3	Ġreported	10.956426
417	4	Ġthat	2.208518
417	5	Ġthe	2.648968
417	6	Ġexecutive	13.82
417	7	Ġsaid	7.767044
417	8	Ġa	6.85387
417	9	Ġreporter	9.867538
417	10	Ġbelieved	9.816868
417	11	Ġthe	2.268378
417	12	Ġclient	11.831194
417	13	Ġsaid	8.56215
417	14	Ġpromoted	21.032097
417	15	Ġthe	3.211187
417	16	Ġaccountant	14.07212
417	17	Ġyesterday	14.710559
417	18	.	1.842509
417	19	<|endoftext|>	5.187656
418	1	<|endoftext|>	0.0
418	2	They	9.396978
418	3	Ġreported	10.956426
418	4	Ġthat	2.208518
418	5	Ġthe	2.648968
418	6	Ġexecutive	13.82
418	7	Ġsaid	7.767044
418	8	Ġa	6.85387
418	9	Ġreporter	9.867538
418	10	Ġbelieved	9.816868
418	11	Ġthe	2.268378
418	12	Ġclient	11.831194
418	13	Ġsaid	8.56215
418	14	Ġthe	2.660772
418	15	Ġmanager	8.73449
418	16	Ġpromoted	12.55874
418	17	Ġthe	3.180935
418	18	Ġaccountant	12.511453
418	19	Ġyesterday	14.887018
418	20	.	1.985668
418	21	<|endoftext|>	5.143411
419	1	<|endoftext|>	0.0
419	2	They	9.396978
419	3	Ġreported	10.956426
419	4	Ġwho	12.973917
419	5	Ġthe	4.219927
419	6	Ġexecutive	13.605001
419	7	Ġsaid	5.566542
419	8	Ġa	9.694404
419	9	Ġreporter	7.89533
419	10	Ġbelieved	7.885438
419	11	Ġthe	7.312851
419	12	Ġclient	11.514053
419	13	Ġsaid	7.699412
419	14	Ġpromoted	15.073957
419	15	Ġthe	3.353105
419	16	Ġaccountant	14.543612
419	17	Ġyesterday	15.325294
419	18	.	1.370947
419	19	<|endoftext|>	5.732646
420	1	<|endoftext|>	0.0
420	2	They	9.396978
420	3	Ġreported	10.956426
420	4	Ġwho	12.973917
420	5	Ġthe	4.219927
420	6	Ġexecutive	13.605001
420	7	Ġsaid	5.566542
420	8	Ġa	9.694404
420	9	Ġreporter	7.89533
420	10	Ġbelieved	7.885438
420	11	Ġthe	7.312851
420	12	Ġclient	11.514053
420	13	Ġsaid	7.699412
420	14	Ġthe	4.66243
420	15	Ġmanager	8.710987
420	16	Ġpromoted	12.296424
420	17	Ġthe	5.263133
420	18	Ġaccountant	12.804115
420	19	Ġyesterday	14.626159
420	20	.	1.241531
420	21	<|endoftext|>	5.66286
421	1	<|endoftext|>	0.0
421	2	They	9.39695
421	3	Ġrecalled	14.566953
421	4	Ġthat	3.308536
421	5	Ġdivorced	19.129347
421	6	Ġthe	10.271069
421	7	Ġcount	16.158689
421	8	Ġlast	11.180585
421	9	Ġyear	1.20184
421	10	.	2.498731
421	11	<|endoftext|>	5.69349
422	1	<|endoftext|>	0.0
422	2	They	9.39695
422	3	Ġrecalled	14.566953
422	4	Ġthat	3.308533
422	5	Ġthe	3.388505
422	6	Ġhe	13.898367
422	7	i	2.668499
422	8	ress	0.054684
422	9	Ġdivorced	13.775652
422	10	Ġthe	4.329485
422	11	Ġcount	14.057722
422	12	Ġlast	10.410703
422	13	Ġyear	1.073682
422	14	.	2.633368
422	15	<|endoftext|>	5.773103
423	1	<|endoftext|>	0.0
423	2	They	9.39695
423	3	Ġrecalled	14.566953
423	4	Ġwho	9.746003
423	5	Ġdivorced	16.013134
423	6	Ġthe	3.970133
423	7	Ġcount	16.693642
423	8	Ġlast	11.178746
423	9	Ġyear	1.089554
423	10	.	1.851116
423	11	<|endoftext|>	6.207205
424	1	<|endoftext|>	0.0
424	2	They	9.39695
424	3	Ġrecalled	14.566953
424	4	Ġwho	9.746001
424	5	Ġthe	4.823408
424	6	Ġhe	13.629796
424	7	i	1.142343
424	8	ress	0.043982
424	9	Ġdivorced	17.378166
424	10	Ġthe	6.206116
424	11	Ġcount	16.185066
424	12	Ġlast	10.38807
424	13	Ġyear	1.064616
424	14	.	1.636235
424	15	<|endoftext|>	6.263647
425	1	<|endoftext|>	0.0
425	2	They	9.39695
425	3	Ġrecalled	14.566953
425	4	Ġthat	3.308536
425	5	Ġthe	3.388505
425	6	Ġwriter	13.540852
425	7	Ġthought	9.385935
425	8	Ġdivorced	19.160342
425	9	Ġthe	8.653128
425	10	Ġcount	15.473234
425	11	Ġlast	12.753122
425	12	Ġyear	1.283825
425	13	.	2.407404
425	14	<|endoftext|>	5.618015
426	1	<|endoftext|>	0.0
426	2	They	9.396978
426	3	Ġrecalled	14.567082
426	4	Ġthat	3.308581
426	5	Ġthe	3.38853
426	6	Ġwriter	13.540817
426	7	Ġthought	9.385893
426	8	Ġthe	3.223039
426	9	Ġhe	13.876986
426	10	i	3.414573
426	11	ress	0.034284
426	12	Ġdivorced	16.657033
426	13	Ġthe	4.17606
426	14	Ġcount	13.456132
426	15	Ġlast	10.813415
426	16	Ġyear	0.929742
426	17	.	2.035532
426	18	<|endoftext|>	5.914926
427	1	<|endoftext|>	0.0
427	2	They	9.39695
427	3	Ġrecalled	14.566953
427	4	Ġwho	9.746003
427	5	Ġthe	4.823408
427	6	Ġwriter	10.819701
427	7	Ġthought	8.487592
427	8	Ġdivorced	18.520344
427	9	Ġthe	4.869107
427	10	Ġcount	15.702335
427	11	Ġlast	12.100815
427	12	Ġyear	1.278232
427	13	.	1.511707
427	14	<|endoftext|>	6.157114
428	1	<|endoftext|>	0.0
428	2	They	9.396978
428	3	Ġrecalled	14.567082
428	4	Ġwho	9.746037
428	5	Ġthe	4.823518
428	6	Ġwriter	10.819691
428	7	Ġthought	8.487623
428	8	Ġthe	4.244259
428	9	Ġhe	13.873107
428	10	i	1.334713
428	11	ress	0.028398
428	12	Ġdivorced	20.002159
428	13	Ġthe	6.044659
428	14	Ġcount	14.73739
428	15	Ġlast	11.400742
428	16	Ġyear	1.049441
428	17	.	1.166793
428	18	<|endoftext|>	6.259176
429	1	<|endoftext|>	0.0
429	2	They	9.396978
429	3	Ġrecalled	14.567082
429	4	Ġthat	3.308581
429	5	Ġthe	3.38853
429	6	Ġwriter	13.540817
429	7	Ġthought	9.385893
429	8	Ġthe	3.223039
429	9	Ġman	7.349701
429	10	Ġsaid	8.746191
429	11	Ġdivorced	17.459871
429	12	Ġthe	4.697307
429	13	Ġcount	15.063894
429	14	Ġlast	12.104234
429	15	Ġyear	1.30808
429	16	.	1.80337
429	17	<|endoftext|>	5.484716
430	1	<|endoftext|>	0.0
430	2	They	9.396978
430	3	Ġrecalled	14.567082
430	4	Ġthat	3.308581
430	5	Ġthe	3.38853
430	6	Ġwriter	13.540817
430	7	Ġthought	9.385893
430	8	Ġthe	3.223039
430	9	Ġman	7.349701
430	10	Ġsaid	8.746191
430	11	Ġthe	3.577377
430	12	Ġhe	13.763458
430	13	i	5.366421
430	14	ress	0.04451
430	15	Ġdivorced	15.2356
430	16	Ġthe	5.056392
430	17	Ġcount	14.23107
430	18	Ġlast	10.965509
430	19	Ġyear	0.915607
430	20	.	1.725393
430	21	<|endoftext|>	5.504421
431	1	<|endoftext|>	0.0
431	2	They	9.396978
431	3	Ġrecalled	14.567082
431	4	Ġwho	9.746037
431	5	Ġthe	4.823518
431	6	Ġwriter	10.819691
431	7	Ġthought	8.487623
431	8	Ġthe	4.244259
431	9	Ġman	5.732126
431	10	Ġsaid	10.260243
431	11	Ġdivorced	18.199727
431	12	Ġthe	5.012237
431	13	Ġcount	15.615473
431	14	Ġlast	11.703858
431	15	Ġyear	1.29438
431	16	.	1.270585
431	17	<|endoftext|>	5.865307
432	1	<|endoftext|>	0.0
432	2	They	9.396978
432	3	Ġrecalled	14.567082
432	4	Ġwho	9.746037
432	5	Ġthe	4.823518
432	6	Ġwriter	10.819691
432	7	Ġthought	8.487623
432	8	Ġthe	4.244259
432	9	Ġman	5.732126
432	10	Ġsaid	10.260243
432	11	Ġthe	5.628472
432	12	Ġhe	11.118264
432	13	i	4.660792
432	14	ress	0.03495
432	15	Ġdivorced	17.413073
432	16	Ġthe	6.301073
432	17	Ġcount	14.988098
432	18	Ġlast	11.100801
432	19	Ġyear	0.998818
432	20	.	1.023951
432	21	<|endoftext|>	5.676621
433	1	<|endoftext|>	0.0
433	2	They	9.396978
433	3	Ġrecalled	14.567082
433	4	Ġthat	3.308581
433	5	Ġthe	3.38853
433	6	Ġwriter	13.540817
433	7	Ġthought	9.385893
433	8	Ġthe	3.223039
433	9	Ġman	7.349701
433	10	Ġsaid	8.746191
433	11	Ġhis	5.791094
433	12	Ġbrother	8.295026
433	13	Ġbelieved	10.629449
433	14	Ġdivorced	18.486734
433	15	Ġthe	5.734507
433	16	Ġcount	15.555022
433	17	Ġlast	13.260055
433	18	Ġyear	1.148117
433	19	.	1.341098
433	20	<|endoftext|>	5.536174
434	1	<|endoftext|>	0.0
434	2	They	9.396978
434	3	Ġrecalled	14.567082
434	4	Ġthat	3.308581
434	5	Ġthe	3.38853
434	6	Ġwriter	13.540817
434	7	Ġthought	9.385893
434	8	Ġthe	3.223039
434	9	Ġman	7.349701
434	10	Ġsaid	8.746191
434	11	Ġhis	5.791094
434	12	Ġbrother	8.295026
434	13	Ġbelieved	10.629449
434	14	Ġthe	2.968385
434	15	Ġhe	13.111002
434	16	i	5.650628
434	17	ress	0.031221
434	18	Ġdivorced	15.454664
434	19	Ġthe	5.140673
434	20	Ġcount	14.794656
434	21	Ġlast	11.91803
434	22	Ġyear	0.860272
434	23	.	1.18106
434	24	<|endoftext|>	5.367162
435	1	<|endoftext|>	0.0
435	2	They	9.396978
435	3	Ġrecalled	14.567082
435	4	Ġwho	9.746037
435	5	Ġthe	4.823518
435	6	Ġwriter	10.819691
435	7	Ġthought	8.487623
435	8	Ġthe	4.244259
435	9	Ġman	5.732126
435	10	Ġsaid	10.260243
435	11	Ġhis	7.717888
435	12	Ġbrother	7.622416
435	13	Ġbelieved	10.568099
435	14	Ġdivorced	18.830068
435	15	Ġthe	4.825846
435	16	Ġcount	16.283061
435	17	Ġlast	12.795358
435	18	Ġyear	1.247102
435	19	.	1.006115
435	20	<|endoftext|>	5.877035
436	1	<|endoftext|>	0.0
436	2	They	9.396978
436	3	Ġrecalled	14.567082
436	4	Ġwho	9.746037
436	5	Ġthe	4.823518
436	6	Ġwriter	10.819691
436	7	Ġthought	8.487623
436	8	Ġthe	4.244259
436	9	Ġman	5.732126
436	10	Ġsaid	10.260243
436	11	Ġhis	7.717888
436	12	Ġbrother	7.622416
436	13	Ġbelieved	10.568099
436	14	Ġthe	5.551874
436	15	Ġhe	12.041749
436	16	i	4.507029
436	17	ress	0.030138
436	18	Ġdivorced	16.477582
436	19	Ġthe	6.101083
436	20	Ġcount	15.202111
436	21	Ġlast	11.42758
436	22	Ġyear	0.947438
436	23	.	0.886411
436	24	<|endoftext|>	5.602362
437	1	<|endoftext|>	0.0
437	2	They	9.396978
437	3	Ġrecalled	14.567082
437	4	Ġthat	3.308581
437	5	Ġthe	3.38853
437	6	Ġwriter	13.540817
437	7	Ġthought	9.385893
437	8	Ġthe	3.223039
437	9	Ġman	7.349701
437	10	Ġsaid	8.746191
437	11	Ġhis	5.791094
437	12	Ġbrother	8.295026
437	13	Ġbelieved	10.629449
437	14	Ġdivorced	18.486734
437	15	Ġthe	5.734507
437	16	Ġcount	15.555022
437	17	Ġlast	13.260055
437	18	Ġyear	1.148117
437	19	.	1.341098
437	20	<|endoftext|>	5.536174
438	1	<|endoftext|>	0.0
438	2	They	9.396978
438	3	Ġrecalled	14.567082
438	4	Ġthat	3.308581
438	5	Ġthe	3.38853
438	6	Ġwriter	13.540817
438	7	Ġthought	9.385893
438	8	Ġthe	3.223039
438	9	Ġman	7.349701
438	10	Ġsaid	8.746191
438	11	Ġhis	5.791094
438	12	Ġbrother	8.295026
438	13	Ġbelieved	10.629449
438	14	Ġthe	2.968385
438	15	Ġhe	13.111002
438	16	i	5.650628
438	17	ress	0.031221
438	18	Ġdivorced	15.454664
438	19	Ġthe	5.140673
438	20	Ġcount	14.794656
438	21	Ġlast	11.91803
438	22	Ġyear	0.860272
438	23	.	1.18106
438	24	<|endoftext|>	5.367162
439	1	<|endoftext|>	0.0
439	2	They	9.396978
439	3	Ġrecalled	14.567082
439	4	Ġwho	9.746037
439	5	Ġthe	4.823518
439	6	Ġwriter	10.819691
439	7	Ġthought	8.487623
439	8	Ġthe	4.244259
439	9	Ġman	5.732126
439	10	Ġsaid	10.260243
439	11	Ġhis	7.717888
439	12	Ġbrother	7.622416
439	13	Ġbelieved	10.568099
439	14	Ġdivorced	18.830068
439	15	Ġthe	4.825846
439	16	Ġcount	16.283061
439	17	Ġlast	12.795358
439	18	Ġyear	1.247102
439	19	.	1.006115
439	20	<|endoftext|>	5.877035
440	1	<|endoftext|>	0.0
440	2	They	9.396978
440	3	Ġrecalled	14.567082
440	4	Ġwho	9.746037
440	5	Ġthe	4.823518
440	6	Ġwriter	10.819691
440	7	Ġthought	8.487623
440	8	Ġthe	4.244259
440	9	Ġman	5.732126
440	10	Ġsaid	10.260243
440	11	Ġhis	7.717888
440	12	Ġbrother	7.622416
440	13	Ġbelieved	10.568099
440	14	Ġthe	5.551874
440	15	Ġhe	12.041749
440	16	i	4.507029
440	17	ress	0.030138
440	18	Ġdivorced	16.477582
440	19	Ġthe	6.101083
440	20	Ġcount	15.202111
440	21	Ġlast	11.42758
440	22	Ġyear	0.947438
440	23	.	0.886411
440	24	<|endoftext|>	5.602362
441	1	<|endoftext|>	0.0
441	2	The	4.729313
441	3	Ġassistant	14.661116
441	4	Ġtold	11.456048
441	5	Ġme	3.659077
441	6	Ġthat	1.497244
441	7	Ġsent	16.141207
441	8	Ġthe	3.740339
441	9	Ġpackage	8.227258
441	10	Ġto	1.775014
441	11	Ġhis	4.286835
441	12	Ġfamily	6.115418
441	13	.	2.263229
441	14	<|endoftext|>	7.838821
442	1	<|endoftext|>	0.0
442	2	The	4.729286
442	3	Ġassistant	14.661105
442	4	Ġtold	11.456074
442	5	Ġme	3.659049
442	6	Ġthat	1.497251
442	7	Ġthe	3.206992
442	8	Ġpilot	11.241709
442	9	Ġsent	9.847513
442	10	Ġthe	3.812972
442	11	Ġpackage	8.34946
442	12	Ġto	1.439903
442	13	Ġhis	3.909128
442	14	Ġfamily	5.783868
442	15	.	3.12856
442	16	<|endoftext|>	8.338741
443	1	<|endoftext|>	0.0
443	2	The	4.729313
443	3	Ġassistant	14.661116
443	4	Ġtold	11.456048
443	5	Ġme	3.659077
443	6	Ġwho	11.622966
443	7	Ġsent	8.034297
443	8	Ġthe	2.569461
443	9	Ġpackage	6.823454
443	10	Ġto	2.725795
443	11	Ġhis	6.295382
443	12	Ġfamily	5.093304
443	13	.	2.308592
443	14	<|endoftext|>	8.531102
444	1	<|endoftext|>	0.0
444	2	The	4.729286
444	3	Ġassistant	14.661105
444	4	Ġtold	11.456074
444	5	Ġme	3.659049
444	6	Ġwho	11.622962
444	7	Ġthe	4.301357
444	8	Ġpilot	10.698847
444	9	Ġsent	10.965432
444	10	Ġthe	4.852528
444	11	Ġpackage	9.353696
444	12	Ġto	0.65482
444	13	Ġhis	11.125633
444	14	Ġfamily	5.470462
444	15	.	1.883168
444	16	<|endoftext|>	8.572631
445	1	<|endoftext|>	0.0
445	2	The	4.729281
445	3	Ġassistant	14.661097
445	4	Ġtold	11.45606
445	5	Ġme	3.659039
445	6	Ġthat	1.497253
445	7	Ġthe	3.206986
445	8	Ġman	7.405276
445	9	Ġknew	9.258176
445	10	Ġsent	16.810796
445	11	Ġthe	3.702564
445	12	Ġpackage	6.867749
445	13	Ġto	1.69313
445	14	Ġhis	2.732965
445	15	Ġfamily	5.839971
445	16	.	2.365093
445	17	<|endoftext|>	8.289269
446	1	<|endoftext|>	0.0
446	2	The	4.729281
446	3	Ġassistant	14.661097
446	4	Ġtold	11.45606
446	5	Ġme	3.659039
446	6	Ġthat	1.497253
446	7	Ġthe	3.206986
446	8	Ġman	7.405276
446	9	Ġknew	9.258176
446	10	Ġthe	3.321853
446	11	Ġpilot	12.092385
446	12	Ġsent	12.33948
446	13	Ġthe	2.936549
446	14	Ġpackage	8.090128
446	15	Ġto	1.529119
446	16	Ġhis	3.567874
446	17	Ġfamily	6.024962
446	18	.	2.192364
446	19	<|endoftext|>	8.56603
447	1	<|endoftext|>	0.0
447	2	The	4.729281
447	3	Ġassistant	14.661097
447	4	Ġtold	11.45606
447	5	Ġme	3.659039
447	6	Ġwho	11.622965
447	7	Ġthe	4.30137
447	8	Ġman	4.767286
447	9	Ġknew	10.049911
447	10	Ġsent	12.947846
447	11	Ġthe	3.902157
447	12	Ġpackage	8.053831
447	13	Ġto	1.58715
447	14	Ġhis	3.976566
447	15	Ġfamily	5.867836
447	16	.	1.575144
447	17	<|endoftext|>	8.066815
448	1	<|endoftext|>	0.0
448	2	The	4.729281
448	3	Ġassistant	14.661097
448	4	Ġtold	11.45606
448	5	Ġme	3.659039
448	6	Ġwho	11.622965
448	7	Ġthe	4.30137
448	8	Ġman	4.767286
448	9	Ġknew	10.049911
448	10	Ġthe	7.526931
448	11	Ġpilot	12.30244
448	12	Ġsent	11.953511
448	13	Ġthe	3.704422
448	14	Ġpackage	8.853212
448	15	Ġto	1.234153
448	16	Ġhis	5.739852
448	17	Ġfamily	5.98852
448	18	.	1.494732
448	19	<|endoftext|>	8.215897
449	1	<|endoftext|>	0.0
449	2	The	4.729281
449	3	Ġassistant	14.661097
449	4	Ġtold	11.45606
449	5	Ġme	3.659039
449	6	Ġthat	1.497253
449	7	Ġthe	3.206986
449	8	Ġman	7.405276
449	9	Ġknew	9.258176
449	10	Ġhis	4.255589
449	11	Ġfriend	7.502174
449	12	Ġrecalled	16.336565
449	13	Ġsent	16.736606
449	14	Ġthe	3.462849
449	15	Ġpackage	7.641074
449	16	Ġto	1.607166
449	17	Ġhis	3.148938
449	18	Ġfamily	5.710005
449	19	.	2.250411
449	20	<|endoftext|>	8.369875
450	1	<|endoftext|>	0.0
450	2	The	4.729281
450	3	Ġassistant	14.661097
450	4	Ġtold	11.45606
450	5	Ġme	3.659039
450	6	Ġthat	1.497253
450	7	Ġthe	3.206986
450	8	Ġman	7.405276
450	9	Ġknew	9.258176
450	10	Ġhis	4.255589
450	11	Ġfriend	7.502174
450	12	Ġrecalled	16.336565
450	13	Ġthe	3.532873
450	14	Ġpilot	14.492103
450	15	Ġsent	13.215239
450	16	Ġthe	4.865355
450	17	Ġpackage	8.951339
450	18	Ġto	1.454885
450	19	Ġhis	3.479675
450	20	Ġfamily	6.149732
450	21	.	1.983615
450	22	<|endoftext|>	8.331881
451	1	<|endoftext|>	0.0
451	2	The	4.729281
451	3	Ġassistant	14.661097
451	4	Ġtold	11.45606
451	5	Ġme	3.659039
451	6	Ġwho	11.622965
451	7	Ġthe	4.30137
451	8	Ġman	4.767286
451	9	Ġknew	10.049911
451	10	Ġhis	10.48741
451	11	Ġfriend	7.913335
451	12	Ġrecalled	15.660618
451	13	Ġsent	15.240135
451	14	Ġthe	4.131777
451	15	Ġpackage	8.600621
451	16	Ġto	1.406252
451	17	Ġhis	3.298075
451	18	Ġfamily	5.74986
451	19	.	1.803249
451	20	<|endoftext|>	8.125887
452	1	<|endoftext|>	0.0
452	2	The	4.729281
452	3	Ġassistant	14.661097
452	4	Ġtold	11.45606
452	5	Ġme	3.659039
452	6	Ġwho	11.622965
452	7	Ġthe	4.30137
452	8	Ġman	4.767286
452	9	Ġknew	10.049911
452	10	Ġhis	10.48741
452	11	Ġfriend	7.913335
452	12	Ġrecalled	15.660618
452	13	Ġthe	4.471402
452	14	Ġpilot	13.877148
452	15	Ġsent	11.229447
452	16	Ġthe	4.445209
452	17	Ġpackage	9.146526
452	18	Ġto	1.322618
452	19	Ġhis	3.752328
452	20	Ġfamily	6.003608
452	21	.	1.785149
452	22	<|endoftext|>	8.256095
453	1	<|endoftext|>	0.0
453	2	The	4.729281
453	3	Ġassistant	14.661097
453	4	Ġtold	11.45606
453	5	Ġme	3.659039
453	6	Ġthat	1.497253
453	7	Ġthe	3.206986
453	8	Ġman	7.405276
453	9	Ġknew	9.258176
453	10	Ġhis	4.255589
453	11	Ġfriend	7.502174
453	12	Ġrecalled	16.336565
453	13	Ġthe	3.532873
453	14	Ġwoman	7.19339
453	15	Ġsaid	9.821543
453	16	Ġsent	14.434947
453	17	Ġthe	3.000462
453	18	Ġpackage	6.670434
453	19	Ġto	1.897348
453	20	Ġhis	4.153572
453	21	Ġfamily	6.519494
453	22	.	1.35136
453	23	<|endoftext|>	7.871568
454	1	<|endoftext|>	0.0
454	2	The	4.729281
454	3	Ġassistant	14.661097
454	4	Ġtold	11.45606
454	5	Ġme	3.659039
454	6	Ġthat	1.497253
454	7	Ġthe	3.206986
454	8	Ġman	7.405276
454	9	Ġknew	9.258176
454	10	Ġhis	4.255589
454	11	Ġfriend	7.502174
454	12	Ġrecalled	16.336565
454	13	Ġthe	3.532873
454	14	Ġwoman	7.19339
454	15	Ġsaid	9.821543
454	16	Ġthe	7.392332
454	17	Ġpilot	14.957185
454	18	Ġsent	9.54882
454	19	Ġthe	4.424756
454	20	Ġpackage	7.891209
454	21	Ġto	1.405499
454	22	Ġhis	4.609458
454	23	Ġfamily	7.039893
454	24	.	1.586907
454	25	<|endoftext|>	7.842278
455	1	<|endoftext|>	0.0
455	2	The	4.729281
455	3	Ġassistant	14.661097
455	4	Ġtold	11.45606
455	5	Ġme	3.659039
455	6	Ġwho	11.622965
455	7	Ġthe	4.30137
455	8	Ġman	4.767286
455	9	Ġknew	10.049911
455	10	Ġhis	10.48741
455	11	Ġfriend	7.913335
455	12	Ġrecalled	15.660618
455	13	Ġthe	4.471402
455	14	Ġwoman	6.735747
455	15	Ġsaid	6.059982
455	16	Ġsent	13.406865
455	17	Ġthe	3.419507
455	18	Ġpackage	7.214779
455	19	Ġto	1.63582
455	20	Ġhis	4.122985
455	21	Ġfamily	6.328347
455	22	.	1.289246
455	23	<|endoftext|>	7.556486
456	1	<|endoftext|>	0.0
456	2	The	4.729281
456	3	Ġassistant	14.661097
456	4	Ġtold	11.45606
456	5	Ġme	3.659039
456	6	Ġwho	11.622965
456	7	Ġthe	4.30137
456	8	Ġman	4.767286
456	9	Ġknew	10.049911
456	10	Ġhis	10.48741
456	11	Ġfriend	7.913335
456	12	Ġrecalled	15.660618
456	13	Ġthe	4.471402
456	14	Ġwoman	6.735747
456	15	Ġsaid	6.059982
456	16	Ġthe	7.231691
456	17	Ġpilot	14.129595
456	18	Ġsent	9.191567
456	19	Ġthe	4.39432
456	20	Ġpackage	8.43176
456	21	Ġto	1.356608
456	22	Ġhis	4.391804
456	23	Ġfamily	6.713277
456	24	.	1.699941
456	25	<|endoftext|>	7.611585
457	1	<|endoftext|>	0.0
457	2	The	4.729281
457	3	Ġassistant	14.661097
457	4	Ġtold	11.45606
457	5	Ġme	3.659039
457	6	Ġthat	1.497253
457	7	Ġthe	3.206986
457	8	Ġman	7.405276
457	9	Ġknew	9.258176
457	10	Ġhis	4.255589
457	11	Ġfriend	7.502174
457	12	Ġrecalled	16.336565
457	13	Ġthe	3.532873
457	14	Ġwoman	7.19339
457	15	Ġsaid	9.821543
457	16	Ġsent	14.434947
457	17	Ġthe	3.000462
457	18	Ġpackage	6.670434
457	19	Ġto	1.897348
457	20	Ġhis	4.153572
457	21	Ġfamily	6.519494
457	22	.	1.35136
457	23	<|endoftext|>	7.871568
458	1	<|endoftext|>	0.0
458	2	The	4.729281
458	3	Ġassistant	14.661097
458	4	Ġtold	11.45606
458	5	Ġme	3.659039
458	6	Ġthat	1.497253
458	7	Ġthe	3.206986
458	8	Ġman	7.405276
458	9	Ġknew	9.258176
458	10	Ġhis	4.255589
458	11	Ġfriend	7.502174
458	12	Ġrecalled	16.336565
458	13	Ġthe	3.532873
458	14	Ġwoman	7.19339
458	15	Ġsaid	9.821543
458	16	Ġthe	7.392332
458	17	Ġpilot	14.957185
458	18	Ġsent	9.54882
458	19	Ġthe	4.424756
458	20	Ġpackage	7.891209
458	21	Ġto	1.405499
458	22	Ġhis	4.609458
458	23	Ġfamily	7.039893
458	24	.	1.586907
458	25	<|endoftext|>	7.842278
459	1	<|endoftext|>	0.0
459	2	The	4.729281
459	3	Ġassistant	14.661097
459	4	Ġtold	11.45606
459	5	Ġme	3.659039
459	6	Ġwho	11.622965
459	7	Ġthe	4.30137
459	8	Ġman	4.767286
459	9	Ġknew	10.049911
459	10	Ġhis	10.48741
459	11	Ġfriend	7.913335
459	12	Ġrecalled	15.660618
459	13	Ġthe	4.471402
459	14	Ġwoman	6.735747
459	15	Ġsaid	6.059982
459	16	Ġsent	13.406865
459	17	Ġthe	3.419507
459	18	Ġpackage	7.214779
459	19	Ġto	1.63582
459	20	Ġhis	4.122985
459	21	Ġfamily	6.328347
459	22	.	1.289246
459	23	<|endoftext|>	7.556486
460	1	<|endoftext|>	0.0
460	2	The	4.729281
460	3	Ġassistant	14.661097
460	4	Ġtold	11.45606
460	5	Ġme	3.659039
460	6	Ġwho	11.622965
460	7	Ġthe	4.30137
460	8	Ġman	4.767286
460	9	Ġknew	10.049911
460	10	Ġhis	10.48741
460	11	Ġfriend	7.913335
460	12	Ġrecalled	15.660618
460	13	Ġthe	4.471402
460	14	Ġwoman	6.735747
460	15	Ġsaid	6.059982
460	16	Ġthe	7.231691
460	17	Ġpilot	14.129595
460	18	Ġsent	9.191567
460	19	Ġthe	4.39432
460	20	Ġpackage	8.43176
460	21	Ġto	1.356608
460	22	Ġhis	4.391804
460	23	Ġfamily	6.713277
460	24	.	1.699941
460	25	<|endoftext|>	7.611585
461	1	<|endoftext|>	0.0
461	2	We	7.155782
461	3	Ġrecalled	16.653039
461	4	Ġthat	3.559473
461	5	Ġfrightened	19.958527
461	6	Ġthe	8.048159
461	7	Ġchildren	6.086725
461	8	Ġat	5.309985
461	9	Ġthe	1.824091
461	10	Ġparty	7.027576
461	11	.	2.245934
461	12	<|endoftext|>	7.575819
462	1	<|endoftext|>	0.0
462	2	We	7.155782
462	3	Ġrecalled	16.653039
462	4	Ġthat	3.559485
462	5	Ġthe	3.282958
462	6	Ġclown	16.1704
462	7	Ġfrightened	16.73339
462	8	Ġthe	2.366045
462	9	Ġchildren	4.207734
462	10	Ġat	4.560989
462	11	Ġthe	1.953992
462	12	Ġparty	5.776138
462	13	.	1.851478
462	14	<|endoftext|>	6.580034
463	1	<|endoftext|>	0.0
463	2	We	7.155782
463	3	Ġrecalled	16.653039
463	4	Ġwho	12.588468
463	5	Ġfrightened	19.488997
463	6	Ġthe	2.979542
463	7	Ġchildren	7.191865
463	8	Ġat	5.080408
463	9	Ġthe	1.843742
463	10	Ġparty	6.991926
463	11	.	2.432255
463	12	<|endoftext|>	6.837633
464	1	<|endoftext|>	0.0
464	2	We	7.155782
464	3	Ġrecalled	16.653039
464	4	Ġwho	12.588437
464	5	Ġthe	5.097225
464	6	Ġclown	12.947186
464	7	Ġfrightened	17.808366
464	8	Ġthe	4.359499
464	9	Ġchildren	5.999755
464	10	Ġat	4.867192
464	11	Ġthe	2.140666
464	12	Ġparty	6.262635
464	13	.	1.641362
464	14	<|endoftext|>	5.953944
465	1	<|endoftext|>	0.0
465	2	We	7.155782
465	3	Ġrecalled	16.653039
465	4	Ġthat	3.559473
465	5	Ġthe	3.282958
465	6	Ġactor	12.412868
465	7	Ġsaid	6.494454
465	8	Ġfrightened	21.577992
465	9	Ġthe	5.281894
465	10	Ġchildren	5.049726
465	11	Ġat	5.390268
465	12	Ġthe	1.288807
465	13	Ġparty	5.126082
465	14	.	1.874838
465	15	<|endoftext|>	5.788587
466	1	<|endoftext|>	0.0
466	2	We	7.155761
466	3	Ġrecalled	16.652963
466	4	Ġthat	3.559449
466	5	Ġthe	3.282928
466	6	Ġactor	12.41283
466	7	Ġsaid	6.494531
466	8	Ġthe	4.650755
466	9	Ġclown	13.629284
466	10	Ġfrightened	15.694629
466	11	Ġthe	3.021551
466	12	Ġchildren	3.187006
466	13	Ġat	5.067679
466	14	Ġthe	1.798791
466	15	Ġparty	4.840707
466	16	.	1.553822
466	17	<|endoftext|>	5.608749
467	1	<|endoftext|>	0.0
467	2	We	7.155782
467	3	Ġrecalled	16.653039
467	4	Ġwho	12.588468
467	5	Ġthe	5.097225
467	6	Ġactor	10.041828
467	7	Ġsaid	8.182805
467	8	Ġfrightened	18.76229
467	9	Ġthe	4.812194
467	10	Ġchildren	5.118711
467	11	Ġat	5.514431
467	12	Ġthe	1.400378
467	13	Ġparty	4.963287
467	14	.	1.265073
467	15	<|endoftext|>	5.682065
468	1	<|endoftext|>	0.0
468	2	We	7.155761
468	3	Ġrecalled	16.652963
468	4	Ġwho	12.58851
468	5	Ġthe	5.097209
468	6	Ġactor	10.041862
468	7	Ġsaid	8.182886
468	8	Ġthe	6.496846
468	9	Ġclown	11.48887
468	10	Ġfrightened	16.439164
468	11	Ġthe	3.766192
468	12	Ġchildren	3.71588
468	13	Ġat	5.08706
468	14	Ġthe	1.965325
468	15	Ġparty	5.111802
468	16	.	0.99739
468	17	<|endoftext|>	5.579594
469	1	<|endoftext|>	0.0
469	2	We	7.155761
469	3	Ġrecalled	16.652963
469	4	Ġthat	3.559449
469	5	Ġthe	3.282928
469	6	Ġactor	12.41283
469	7	Ġsaid	6.494531
469	8	Ġthe	4.650755
469	9	Ġpeople	9.542711
469	10	Ġknew	10.904819
469	11	Ġfrightened	21.636218
469	12	Ġthe	4.991947
469	13	Ġchildren	4.899948
469	14	Ġat	6.62457
469	15	Ġthe	0.873093
469	16	Ġparty	5.481221
469	17	.	1.768389
469	18	<|endoftext|>	5.788697
470	1	<|endoftext|>	0.0
470	2	We	7.155761
470	3	Ġrecalled	16.652963
470	4	Ġthat	3.559449
470	5	Ġthe	3.282928
470	6	Ġactor	12.41283
470	7	Ġsaid	6.494531
470	8	Ġthe	4.650755
470	9	Ġpeople	9.542711
470	10	Ġknew	10.904819
470	11	Ġthe	3.773863
470	12	Ġclown	11.9457
470	13	Ġfrightened	18.638309
470	14	Ġthe	3.468846
470	15	Ġchildren	2.67467
470	16	Ġat	6.162224
470	17	Ġthe	1.531704
470	18	Ġparty	4.760947
470	19	.	1.417197
470	20	<|endoftext|>	5.591907
471	1	<|endoftext|>	0.0
471	2	We	7.155761
471	3	Ġrecalled	16.652963
471	4	Ġwho	12.58851
471	5	Ġthe	5.097209
471	6	Ġactor	10.041862
471	7	Ġsaid	8.182886
471	8	Ġthe	6.496846
471	9	Ġpeople	9.049391
471	10	Ġknew	8.967435
471	11	Ġfrightened	21.695838
471	12	Ġthe	4.415448
471	13	Ġchildren	5.134527
471	14	Ġat	6.514165
471	15	Ġthe	1.101694
471	16	Ġparty	5.484183
471	17	.	1.078155
471	18	<|endoftext|>	5.827205
472	1	<|endoftext|>	0.0
472	2	We	7.155761
472	3	Ġrecalled	16.652963
472	4	Ġwho	12.58851
472	5	Ġthe	5.097209
472	6	Ġactor	10.041862
472	7	Ġsaid	8.182886
472	8	Ġthe	6.496846
472	9	Ġpeople	9.049391
472	10	Ġknew	8.967435
472	11	Ġthe	5.658877
472	12	Ġclown	11.613543
472	13	Ġfrightened	18.073329
472	14	Ġthe	3.903449
472	15	Ġchildren	3.108865
472	16	Ġat	6.017682
472	17	Ġthe	1.809664
472	18	Ġparty	4.98663
472	19	.	0.899332
472	20	<|endoftext|>	5.56604
473	1	<|endoftext|>	0.0
473	2	We	7.155761
473	3	Ġrecalled	16.652963
473	4	Ġthat	3.559449
473	5	Ġthe	3.282928
473	6	Ġactor	12.41283
473	7	Ġsaid	6.494531
473	8	Ġthe	4.650755
473	9	Ġpeople	9.542711
473	10	Ġknew	10.904819
473	11	Ġhe	3.325211
473	12	Ġthought	10.729255
473	13	Ġfrightened	19.660096
473	14	Ġthe	4.50703
473	15	Ġchildren	3.597584
473	16	Ġat	6.749778
473	17	Ġthe	1.09194
473	18	Ġparty	4.884388
473	19	.	1.532985
473	20	<|endoftext|>	5.497976
474	1	<|endoftext|>	0.0
474	2	We	7.155761
474	3	Ġrecalled	16.652963
474	4	Ġthat	3.559449
474	5	Ġthe	3.282928
474	6	Ġactor	12.41283
474	7	Ġsaid	6.494531
474	8	Ġthe	4.650755
474	9	Ġpeople	9.542711
474	10	Ġknew	10.904819
474	11	Ġhe	3.325211
474	12	Ġthought	10.729255
474	13	Ġthe	3.229573
474	14	Ġclown	10.709938
474	15	Ġfrightened	17.602797
474	16	Ġthe	2.956728
474	17	Ġchildren	2.495318
474	18	Ġat	6.356527
474	19	Ġthe	1.704828
474	20	Ġparty	4.731375
474	21	.	1.223003
474	22	<|endoftext|>	5.358449
475	1	<|endoftext|>	0.0
475	2	We	7.155761
475	3	Ġrecalled	16.652963
475	4	Ġwho	12.58851
475	5	Ġthe	5.097209
475	6	Ġactor	10.041862
475	7	Ġsaid	8.182886
475	8	Ġthe	6.496846
475	9	Ġpeople	9.049391
475	10	Ġknew	8.967435
475	11	Ġhe	5.910528
475	12	Ġthought	11.509607
475	13	Ġfrightened	18.713256
475	14	Ġthe	4.497085
475	15	Ġchildren	3.940546
475	16	Ġat	6.856899
475	17	Ġthe	1.371936
475	18	Ġparty	4.971943
475	19	.	0.923108
475	20	<|endoftext|>	5.638119
476	1	<|endoftext|>	0.0
476	2	We	7.155761
476	3	Ġrecalled	16.652963
476	4	Ġwho	12.58851
476	5	Ġthe	5.097209
476	6	Ġactor	10.041862
476	7	Ġsaid	8.182886
476	8	Ġthe	6.496846
476	9	Ġpeople	9.049391
476	10	Ġknew	8.967435
476	11	Ġhe	5.910528
476	12	Ġthought	11.509607
476	13	Ġthe	5.396923
476	14	Ġclown	10.104149
476	15	Ġfrightened	17.621777
476	16	Ġthe	3.40202
476	17	Ġchildren	2.796327
476	18	Ġat	6.29174
476	19	Ġthe	2.003494
476	20	Ġparty	4.948923
476	21	.	0.77104
476	22	<|endoftext|>	5.48713
477	1	<|endoftext|>	0.0
477	2	We	7.155761
477	3	Ġrecalled	16.652963
477	4	Ġthat	3.559449
477	5	Ġthe	3.282928
477	6	Ġactor	12.41283
477	7	Ġsaid	6.494531
477	8	Ġthe	4.650755
477	9	Ġpeople	9.542711
477	10	Ġknew	10.904819
477	11	Ġhe	3.325211
477	12	Ġthought	10.729255
477	13	Ġfrightened	19.660096
477	14	Ġthe	4.50703
477	15	Ġchildren	3.597584
477	16	Ġat	6.749778
477	17	Ġthe	1.09194
477	18	Ġparty	4.884388
477	19	.	1.532985
477	20	<|endoftext|>	5.497976
478	1	<|endoftext|>	0.0
478	2	We	7.155761
478	3	Ġrecalled	16.652963
478	4	Ġthat	3.559449
478	5	Ġthe	3.282928
478	6	Ġactor	12.41283
478	7	Ġsaid	6.494531
478	8	Ġthe	4.650755
478	9	Ġpeople	9.542711
478	10	Ġknew	10.904819
478	11	Ġhe	3.325211
478	12	Ġthought	10.729255
478	13	Ġthe	3.229573
478	14	Ġclown	10.709938
478	15	Ġfrightened	17.602797
478	16	Ġthe	2.956728
478	17	Ġchildren	2.495318
478	18	Ġat	6.356527
478	19	Ġthe	1.704828
478	20	Ġparty	4.731375
478	21	.	1.223003
478	22	<|endoftext|>	5.358449
479	1	<|endoftext|>	0.0
479	2	We	7.155761
479	3	Ġrecalled	16.652963
479	4	Ġwho	12.58851
479	5	Ġthe	5.097209
479	6	Ġactor	10.041862
479	7	Ġsaid	8.182886
479	8	Ġthe	6.496846
479	9	Ġpeople	9.049391
479	10	Ġknew	8.967435
479	11	Ġhe	5.910528
479	12	Ġthought	11.509607
479	13	Ġfrightened	18.713256
479	14	Ġthe	4.497085
479	15	Ġchildren	3.940546
479	16	Ġat	6.856899
479	17	Ġthe	1.371936
479	18	Ġparty	4.971943
479	19	.	0.923108
479	20	<|endoftext|>	5.638119
480	1	<|endoftext|>	0.0
480	2	We	7.155761
480	3	Ġrecalled	16.652963
480	4	Ġwho	12.58851
480	5	Ġthe	5.097209
480	6	Ġactor	10.041862
480	7	Ġsaid	8.182886
480	8	Ġthe	6.496846
480	9	Ġpeople	9.049391
480	10	Ġknew	8.967435
480	11	Ġhe	5.910528
480	12	Ġthought	11.509607
480	13	Ġthe	5.396923
480	14	Ġclown	10.104149
480	15	Ġfrightened	17.621777
480	16	Ġthe	3.40202
480	17	Ġchildren	2.796327
480	18	Ġat	6.29174
480	19	Ġthe	2.003494
480	20	Ġparty	4.948923
480	21	.	0.77104
480	22	<|endoftext|>	5.48713
481	1	<|endoftext|>	0.0
481	2	He	8.582737
481	3	Ġrecalled	12.020836
481	4	Ġthat	3.014931
481	5	Ġassassinated	21.259241
481	6	Ġthe	10.591257
481	7	Ġpolitician	9.920382
481	8	Ġlast	10.156009
481	9	Ġnight	7.215416
481	10	.	2.633693
481	11	<|endoftext|>	5.948517
482	1	<|endoftext|>	0.0
482	2	He	8.582737
482	3	Ġrecalled	12.020836
482	4	Ġthat	3.014931
482	5	Ġthe	3.611212
482	6	Ġterrorist	11.577957
482	7	Ġassassinated	14.462571
482	8	Ġthe	4.005255
482	9	Ġpolitician	9.223417
482	10	Ġlast	9.548547
482	11	Ġnight	7.35664
482	12	.	2.424264
482	13	<|endoftext|>	6.045964
483	1	<|endoftext|>	0.0
483	2	He	8.582737
483	3	Ġrecalled	12.020836
483	4	Ġwho	10.082279
483	5	Ġassassinated	14.838871
483	6	Ġthe	3.683613
483	7	Ġpolitician	9.494538
483	8	Ġlast	9.269079
483	9	Ġnight	6.847852
483	10	.	2.042209
483	11	<|endoftext|>	6.385053
484	1	<|endoftext|>	0.0
484	2	He	8.582737
484	3	Ġrecalled	12.020836
484	4	Ġwho	10.082279
484	5	Ġthe	5.311934
484	6	Ġterrorist	11.925189
484	7	Ġassassinated	12.710054
484	8	Ġthe	7.910975
484	9	Ġpolitician	9.105022
484	10	Ġlast	10.383252
484	11	Ġnight	5.613954
484	12	.	1.778284
484	13	<|endoftext|>	6.316855
485	1	<|endoftext|>	0.0
485	2	He	8.582737
485	3	Ġrecalled	12.020836
485	4	Ġthat	3.014931
485	5	Ġthe	3.611212
485	6	Ġpresident	8.074674
485	7	Ġsaid	5.885526
485	8	Ġassassinated	21.092079
485	9	Ġthe	5.359872
485	10	Ġpolitician	11.80542
485	11	Ġlast	9.375853
485	12	Ġnight	6.357922
485	13	.	2.051869
485	14	<|endoftext|>	5.76004
486	1	<|endoftext|>	0.0
486	2	He	8.582738
486	3	Ġrecalled	12.02077
486	4	Ġthat	3.014933
486	5	Ġthe	3.611147
486	6	Ġpresident	8.07464
486	7	Ġsaid	5.885539
486	8	Ġthe	4.462655
486	9	Ġterrorist	10.204293
486	10	Ġassassinated	17.009988
486	11	Ġthe	3.974359
486	12	Ġpolitician	11.200454
486	13	Ġlast	9.259961
486	14	Ġnight	6.365339
486	15	.	1.874345
486	16	<|endoftext|>	5.70139
487	1	<|endoftext|>	0.0
487	2	He	8.582737
487	3	Ġrecalled	12.020836
487	4	Ġwho	10.082279
487	5	Ġthe	5.311934
487	6	Ġpresident	7.036654
487	7	Ġsaid	5.575259
487	8	Ġassassinated	14.784753
487	9	Ġthe	4.760581
487	10	Ġpolitician	11.905364
487	11	Ġlast	9.273269
487	12	Ġnight	5.551025
487	13	.	1.28415
487	14	<|endoftext|>	5.960056
488	1	<|endoftext|>	0.0
488	2	He	8.582738
488	3	Ġrecalled	12.02077
488	4	Ġwho	10.082226
488	5	Ġthe	5.311935
488	6	Ġpresident	7.036644
488	7	Ġsaid	5.575352
488	8	Ġthe	6.261223
488	9	Ġterrorist	10.42465
488	10	Ġassassinated	13.422536
488	11	Ġthe	7.622033
488	12	Ġpolitician	12.231502
488	13	Ġlast	9.85211
488	14	Ġnight	5.396454
488	15	.	1.262018
488	16	<|endoftext|>	5.68355
489	1	<|endoftext|>	0.0
489	2	He	8.582732
489	3	Ġrecalled	12.02077
489	4	Ġthat	3.014941
489	5	Ġthe	3.611141
489	6	Ġpresident	8.074643
489	7	Ġsaid	5.885518
489	8	Ġthe	4.462654
489	9	Ġreport	10.145352
489	10	Ġconfirmed	10.202122
489	11	Ġassassinated	22.456475
489	12	Ġthe	8.167814
489	13	Ġpolitician	13.120025
489	14	Ġlast	11.825246
489	15	Ġnight	6.378975
489	16	.	1.446217
489	17	<|endoftext|>	5.317349
490	1	<|endoftext|>	0.0
490	2	He	8.582732
490	3	Ġrecalled	12.02077
490	4	Ġthat	3.014941
490	5	Ġthe	3.611141
490	6	Ġpresident	8.074643
490	7	Ġsaid	5.885518
490	8	Ġthe	4.462654
490	9	Ġreport	10.145352
490	10	Ġconfirmed	10.202122
490	11	Ġthe	2.918387
490	12	Ġterrorist	9.982258
490	13	Ġassassinated	20.067369
490	14	Ġthe	4.286463
490	15	Ġpolitician	11.995907
490	16	Ġlast	10.460964
490	17	Ġnight	6.991838
490	18	.	1.238171
490	19	<|endoftext|>	5.287113
491	1	<|endoftext|>	0.0
491	2	He	8.582732
491	3	Ġrecalled	12.02077
491	4	Ġwho	10.082223
491	5	Ġthe	5.311934
491	6	Ġpresident	7.036641
491	7	Ġsaid	5.575347
491	8	Ġthe	6.26124
491	9	Ġreport	12.819719
491	10	Ġconfirmed	11.072902
491	11	Ġassassinated	19.420059
491	12	Ġthe	5.011875
491	13	Ġpolitician	13.167955
491	14	Ġlast	11.175653
491	15	Ġnight	5.595453
491	16	.	1.025176
491	17	<|endoftext|>	5.551573
492	1	<|endoftext|>	0.0
492	2	He	8.582732
492	3	Ġrecalled	12.02077
492	4	Ġwho	10.082223
492	5	Ġthe	5.311934
492	6	Ġpresident	7.036641
492	7	Ġsaid	5.575347
492	8	Ġthe	6.26124
492	9	Ġreport	12.819719
492	10	Ġconfirmed	11.072902
492	11	Ġthe	6.803126
492	12	Ġterrorist	9.931456
492	13	Ġassassinated	16.621614
492	14	Ġthe	6.742284
492	15	Ġpolitician	12.950437
492	16	Ġlast	10.737495
492	17	Ġnight	6.40202
492	18	.	0.961881
492	19	<|endoftext|>	5.509147
493	1	<|endoftext|>	0.0
493	2	He	8.582732
493	3	Ġrecalled	12.02077
493	4	Ġthat	3.014941
493	5	Ġthe	3.611141
493	6	Ġpresident	8.074643
493	7	Ġsaid	5.885518
493	8	Ġthe	4.462654
493	9	Ġreport	10.145352
493	10	Ġconfirmed	10.202122
493	11	Ġhe	4.498833
493	12	Ġbelieved	5.670444
493	13	Ġassassinated	18.263693
493	14	Ġthe	3.713416
493	15	Ġpolitician	12.323208
493	16	Ġlast	11.124174
493	17	Ġnight	6.693719
493	18	.	1.04122
493	19	<|endoftext|>	5.197685
494	1	<|endoftext|>	0.0
494	2	He	8.582732
494	3	Ġrecalled	12.02077
494	4	Ġthat	3.014941
494	5	Ġthe	3.611141
494	6	Ġpresident	8.074643
494	7	Ġsaid	5.885518
494	8	Ġthe	4.462654
494	9	Ġreport	10.145352
494	10	Ġconfirmed	10.202122
494	11	Ġhe	4.498833
494	12	Ġbelieved	5.670444
494	13	Ġthe	2.049269
494	14	Ġterrorist	8.664848
494	15	Ġassassinated	18.499059
494	16	Ġthe	3.874048
494	17	Ġpolitician	12.011793
494	18	Ġlast	10.316597
494	19	Ġnight	6.981688
494	20	.	0.985005
494	21	<|endoftext|>	5.214162
495	1	<|endoftext|>	0.0
495	2	He	8.582732
495	3	Ġrecalled	12.02077
495	4	Ġwho	10.082223
495	5	Ġthe	5.311934
495	6	Ġpresident	7.036641
495	7	Ġsaid	5.575347
495	8	Ġthe	6.26124
495	9	Ġreport	12.819719
495	10	Ġconfirmed	11.072902
495	11	Ġhe	5.670528
495	12	Ġbelieved	5.358265
495	13	Ġassassinated	14.807134
495	14	Ġthe	4.56721
495	15	Ġpolitician	12.584705
495	16	Ġlast	11.093779
495	17	Ġnight	6.293831
495	18	.	0.807994
495	19	<|endoftext|>	5.602941
496	1	<|endoftext|>	0.0
496	2	He	8.582732
496	3	Ġrecalled	12.02077
496	4	Ġwho	10.082223
496	5	Ġthe	5.311934
496	6	Ġpresident	7.036641
496	7	Ġsaid	5.575347
496	8	Ġthe	6.26124
496	9	Ġreport	12.819719
496	10	Ġconfirmed	11.072902
496	11	Ġhe	5.670528
496	12	Ġbelieved	5.358265
496	13	Ġthe	5.723841
496	14	Ġterrorist	8.753682
496	15	Ġassassinated	16.121347
496	16	Ġthe	6.406018
496	17	Ġpolitician	12.86297
496	18	Ġlast	10.696954
496	19	Ġnight	6.733774
496	20	.	0.823752
496	21	<|endoftext|>	5.585702
497	1	<|endoftext|>	0.0
497	2	He	8.582732
497	3	Ġrecalled	12.02077
497	4	Ġthat	3.014941
497	5	Ġthe	3.611141
497	6	Ġpresident	8.074643
497	7	Ġsaid	5.885518
497	8	Ġthe	4.462654
497	9	Ġreport	10.145352
497	10	Ġconfirmed	10.202122
497	11	Ġhe	4.498833
497	12	Ġbelieved	5.670444
497	13	Ġassassinated	18.263693
497	14	Ġthe	3.713416
497	15	Ġpolitician	12.323208
497	16	Ġlast	11.124174
497	17	Ġnight	6.693719
497	18	.	1.04122
497	19	<|endoftext|>	5.197685
498	1	<|endoftext|>	0.0
498	2	He	8.582732
498	3	Ġrecalled	12.02077
498	4	Ġthat	3.014941
498	5	Ġthe	3.611141
498	6	Ġpresident	8.074643
498	7	Ġsaid	5.885518
498	8	Ġthe	4.462654
498	9	Ġreport	10.145352
498	10	Ġconfirmed	10.202122
498	11	Ġhe	4.498833
498	12	Ġbelieved	5.670444
498	13	Ġthe	2.049269
498	14	Ġterrorist	8.664848
498	15	Ġassassinated	18.499059
498	16	Ġthe	3.874048
498	17	Ġpolitician	12.011793
498	18	Ġlast	10.316597
498	19	Ġnight	6.981688
498	20	.	0.985005
498	21	<|endoftext|>	5.214162
499	1	<|endoftext|>	0.0
499	2	He	8.582732
499	3	Ġrecalled	12.02077
499	4	Ġwho	10.082223
499	5	Ġthe	5.311934
499	6	Ġpresident	7.036641
499	7	Ġsaid	5.575347
499	8	Ġthe	6.26124
499	9	Ġreport	12.819719
499	10	Ġconfirmed	11.072902
499	11	Ġhe	5.670528
499	12	Ġbelieved	5.358265
499	13	Ġassassinated	14.807134
499	14	Ġthe	4.56721
499	15	Ġpolitician	12.584705
499	16	Ġlast	11.093779
499	17	Ġnight	6.293831
499	18	.	0.807994
499	19	<|endoftext|>	5.602941
500	1	<|endoftext|>	0.0
500	2	He	8.582732
500	3	Ġrecalled	12.02077
500	4	Ġwho	10.082223
500	5	Ġthe	5.311934
500	6	Ġpresident	7.036641
500	7	Ġsaid	5.575347
500	8	Ġthe	6.26124
500	9	Ġreport	12.819719
500	10	Ġconfirmed	11.072902
500	11	Ġhe	5.670528
500	12	Ġbelieved	5.358265
500	13	Ġthe	5.723841
500	14	Ġterrorist	8.753682
500	15	Ġassassinated	16.121347
500	16	Ġthe	6.406018
500	17	Ġpolitician	12.86297
500	18	Ġlast	10.696954
500	19	Ġnight	6.733774
500	20	.	0.823752
500	21	<|endoftext|>	5.585702
501	1	<|endoftext|>	0.0
501	2	I	5.770367
501	3	Ġknow	5.545733
501	4	Ġthat	2.74974
501	5	Ġgreeted	19.535875
501	6	Ġthe	4.562403
501	7	Ġman	8.389942
501	8	Ġearly	12.168928
501	9	Ġin	2.941478
501	10	Ġthe	0.782002
501	11	Ġmorning	0.810691
501	12	.	2.362107
501	13	<|endoftext|>	10.713277
502	1	<|endoftext|>	0.0
502	2	I	5.770362
502	3	Ġknow	5.545699
502	4	Ġthat	2.74972
502	5	Ġthe	4.424218
502	6	Ġl	12.109199
502	7	ibrarian	3.9647
502	8	Ġgreeted	16.71218
502	9	Ġthe	4.741406
502	10	Ġman	7.422452
502	11	Ġearly	11.616876
502	12	Ġin	2.554807
502	13	Ġthe	0.431008
502	14	Ġmorning	0.716238
502	15	.	2.951539
502	16	<|endoftext|>	11.348143
503	1	<|endoftext|>	0.0
503	2	I	5.770367
503	3	Ġknow	5.545733
503	4	Ġwho	8.366545
503	5	Ġgreeted	17.930223
503	6	Ġthe	4.505908
503	7	Ġman	6.490135
503	8	Ġearly	11.015709
503	9	Ġin	3.329406
503	10	Ġthe	0.696336
503	11	Ġmorning	0.529814
503	12	.	1.95005
503	13	<|endoftext|>	10.090177
504	1	<|endoftext|>	0.0
504	2	I	5.770362
504	3	Ġknow	5.545699
504	4	Ġwho	8.36647
504	5	Ġthe	5.844158
504	6	Ġl	10.22552
504	7	ibrarian	2.57237
504	8	Ġgreeted	18.111965
504	9	Ġthe	4.94025
504	10	Ġman	7.274998
504	11	Ġearly	12.420595
504	12	Ġin	2.669218
504	13	Ġthe	0.66139
504	14	Ġmorning	0.645308
504	15	.	1.46484
504	16	<|endoftext|>	10.619303
505	1	<|endoftext|>	0.0
505	2	I	5.770362
505	3	Ġknow	5.545699
505	4	Ġthat	2.74972
505	5	Ġthe	4.424218
505	6	Ġmayor	12.880353
505	7	Ġsaid	6.51895
505	8	Ġgreeted	22.366414
505	9	Ġthe	3.887988
505	10	Ġman	9.290709
505	11	Ġearly	10.697917
505	12	Ġin	3.484788
505	13	Ġthe	0.398892
505	14	Ġmorning	0.534222
505	15	.	2.446913
505	16	<|endoftext|>	9.956389
506	1	<|endoftext|>	0.0
506	2	I	5.770357
506	3	Ġknow	5.545684
506	4	Ġthat	2.749692
506	5	Ġthe	4.424222
506	6	Ġmayor	12.880334
506	7	Ġsaid	6.518948
506	8	Ġthe	4.744813
506	9	Ġl	13.154353
506	10	ibrarian	4.682385
506	11	Ġgreeted	16.409528
506	12	Ġthe	3.241932
506	13	Ġman	7.742919
506	14	Ġearly	10.385551
506	15	Ġin	3.181888
506	16	Ġthe	0.30598
506	17	Ġmorning	0.51228
506	18	.	2.378133
506	19	<|endoftext|>	10.402512
507	1	<|endoftext|>	0.0
507	2	I	5.770362
507	3	Ġknow	5.545699
507	4	Ġwho	8.36647
507	5	Ġthe	5.844158
507	6	Ġmayor	10.469323
507	7	Ġsaid	7.041925
507	8	Ġgreeted	19.553269
507	9	Ġthe	4.025397
507	10	Ġman	7.297196
507	11	Ġearly	10.806616
507	12	Ġin	3.487069
507	13	Ġthe	0.421901
507	14	Ġmorning	0.442164
507	15	.	1.418982
507	16	<|endoftext|>	8.704558
508	1	<|endoftext|>	0.0
508	2	I	5.770357
508	3	Ġknow	5.545684
508	4	Ġwho	8.366485
508	5	Ġthe	5.844156
508	6	Ġmayor	10.469356
508	7	Ġsaid	7.041907
508	8	Ġthe	5.508674
508	9	Ġl	13.321151
508	10	ibrarian	3.952975
508	11	Ġgreeted	16.097062
508	12	Ġthe	4.264353
508	13	Ġman	7.951703
508	14	Ġearly	11.446065
508	15	Ġin	2.869069
508	16	Ġthe	0.406167
508	17	Ġmorning	0.457353
508	18	.	1.21996
508	19	<|endoftext|>	8.984887
509	1	<|endoftext|>	0.0
509	2	I	5.770357
509	3	Ġknow	5.545684
509	4	Ġthat	2.749692
509	5	Ġthe	4.424222
509	6	Ġmayor	12.880334
509	7	Ġsaid	6.518948
509	8	Ġthe	4.744813
509	9	Ġclerk	15.360728
509	10	Ġbelieved	10.252618
509	11	Ġgreeted	24.17367
509	12	Ġthe	3.161833
509	13	Ġman	6.416081
509	14	Ġearly	10.330474
509	15	Ġin	3.500892
509	16	Ġthe	0.205009
509	17	Ġmorning	0.563141
509	18	.	1.841996
509	19	<|endoftext|>	9.881753
510	1	<|endoftext|>	0.0
510	2	I	5.770357
510	3	Ġknow	5.545684
510	4	Ġthat	2.749692
510	5	Ġthe	4.424222
510	6	Ġmayor	12.880334
510	7	Ġsaid	6.518948
510	8	Ġthe	4.744813
510	9	Ġclerk	15.360728
510	10	Ġbelieved	10.252618
510	11	Ġthe	2.680923
510	12	Ġl	11.66272
510	13	ibrarian	0.656492
510	14	Ġgreeted	18.356601
510	15	Ġthe	2.997567
510	16	Ġman	6.412304
510	17	Ġearly	10.169873
510	18	Ġin	3.145862
510	19	Ġthe	0.227895
510	20	Ġmorning	0.602008
510	21	.	1.807963
510	22	<|endoftext|>	10.221775
511	1	<|endoftext|>	0.0
511	2	I	5.770357
511	3	Ġknow	5.545684
511	4	Ġwho	8.366485
511	5	Ġthe	5.844156
511	6	Ġmayor	10.469356
511	7	Ġsaid	7.041907
511	8	Ġthe	5.508674
511	9	Ġclerk	15.025811
511	10	Ġbelieved	9.715909
511	11	Ġgreeted	20.148012
511	12	Ġthe	3.239135
511	13	Ġman	5.613622
511	14	Ġearly	10.367887
511	15	Ġin	3.297238
511	16	Ġthe	0.220073
511	17	Ġmorning	0.506257
511	18	.	1.236521
511	19	<|endoftext|>	8.70213
512	1	<|endoftext|>	0.0
512	2	I	5.770357
512	3	Ġknow	5.545684
512	4	Ġwho	8.366485
512	5	Ġthe	5.844156
512	6	Ġmayor	10.469356
512	7	Ġsaid	7.041907
512	8	Ġthe	5.508674
512	9	Ġclerk	15.025811
512	10	Ġbelieved	9.715909
512	11	Ġthe	5.206546
512	12	Ġl	11.999759
512	13	ibrarian	0.678023
512	14	Ġgreeted	16.995299
512	15	Ġthe	3.361961
512	16	Ġman	6.236619
512	17	Ġearly	10.656814
512	18	Ġin	2.975207
512	19	Ġthe	0.257907
512	20	Ġmorning	0.534294
512	21	.	1.34185
512	22	<|endoftext|>	8.852011
513	1	<|endoftext|>	0.0
513	2	I	5.770357
513	3	Ġknow	5.545684
513	4	Ġthat	2.749692
513	5	Ġthe	4.424222
513	6	Ġmayor	12.880334
513	7	Ġsaid	6.518948
513	8	Ġthe	4.744813
513	9	Ġclerk	15.360728
513	10	Ġbelieved	10.252618
513	11	Ġhe	2.968368
513	12	Ġwitnessed	12.90243
513	13	Ġgreeted	22.750466
513	14	Ġthe	3.936485
513	15	Ġman	5.149882
513	16	Ġearly	11.028261
513	17	Ġin	3.321749
513	18	Ġthe	0.16597
513	19	Ġmorning	0.586707
513	20	.	1.721063
513	21	<|endoftext|>	9.835488
514	1	<|endoftext|>	0.0
514	2	I	5.770357
514	3	Ġknow	5.545684
514	4	Ġthat	2.749692
514	5	Ġthe	4.424222
514	6	Ġmayor	12.880334
514	7	Ġsaid	6.518948
514	8	Ġthe	4.744813
514	9	Ġclerk	15.360728
514	10	Ġbelieved	10.252618
514	11	Ġhe	2.968368
514	12	Ġwitnessed	12.90243
514	13	Ġthe	1.782551
514	14	Ġl	11.943456
514	15	ibrarian	2.634204
514	16	Ġgreeted	17.907014
514	17	Ġthe	3.387589
514	18	Ġman	5.472094
514	19	Ġearly	11.652812
514	20	Ġin	2.689352
514	21	Ġthe	0.262665
514	22	Ġmorning	0.644185
514	23	.	1.559066
514	24	<|endoftext|>	10.007343
515	1	<|endoftext|>	0.0
515	2	I	5.770357
515	3	Ġknow	5.545684
515	4	Ġwho	8.366485
515	5	Ġthe	5.844156
515	6	Ġmayor	10.469356
515	7	Ġsaid	7.041907
515	8	Ġthe	5.508674
515	9	Ġclerk	15.025811
515	10	Ġbelieved	9.715909
515	11	Ġhe	4.051483
515	12	Ġwitnessed	12.781332
515	13	Ġgreeted	19.353356
515	14	Ġthe	2.878368
515	15	Ġman	4.810666
515	16	Ġearly	11.440473
515	17	Ġin	3.493177
515	18	Ġthe	0.198821
515	19	Ġmorning	0.511769
515	20	.	1.468243
515	21	<|endoftext|>	8.801249
516	1	<|endoftext|>	0.0
516	2	I	5.770357
516	3	Ġknow	5.545684
516	4	Ġwho	8.366485
516	5	Ġthe	5.844156
516	6	Ġmayor	10.469356
516	7	Ġsaid	7.041907
516	8	Ġthe	5.508674
516	9	Ġclerk	15.025811
516	10	Ġbelieved	9.715909
516	11	Ġhe	4.051483
516	12	Ġwitnessed	12.781332
516	13	Ġthe	3.284662
516	14	Ġl	12.10095
516	15	ibrarian	2.786315
516	16	Ġgreeted	16.320811
516	17	Ġthe	3.68233
516	18	Ġman	5.252283
516	19	Ġearly	12.075004
516	20	Ġin	2.769508
516	21	Ġthe	0.305966
516	22	Ġmorning	0.592013
516	23	.	1.268329
516	24	<|endoftext|>	8.772357
517	1	<|endoftext|>	0.0
517	2	I	5.770357
517	3	Ġknow	5.545684
517	4	Ġthat	2.749692
517	5	Ġthe	4.424222
517	6	Ġmayor	12.880334
517	7	Ġsaid	6.518948
517	8	Ġthe	4.744813
517	9	Ġclerk	15.360728
517	10	Ġbelieved	10.252618
517	11	Ġhe	2.968368
517	12	Ġwitnessed	12.90243
517	13	Ġgreeted	22.750466
517	14	Ġthe	3.936485
517	15	Ġman	5.149882
517	16	Ġearly	11.028261
517	17	Ġin	3.321749
517	18	Ġthe	0.16597
517	19	Ġmorning	0.586707
517	20	.	1.721063
517	21	<|endoftext|>	9.835488
518	1	<|endoftext|>	0.0
518	2	I	5.770357
518	3	Ġknow	5.545684
518	4	Ġthat	2.749692
518	5	Ġthe	4.424222
518	6	Ġmayor	12.880334
518	7	Ġsaid	6.518948
518	8	Ġthe	4.744813
518	9	Ġclerk	15.360728
518	10	Ġbelieved	10.252618
518	11	Ġhe	2.968368
518	12	Ġwitnessed	12.90243
518	13	Ġthe	1.782551
518	14	Ġl	11.943456
518	15	ibrarian	2.634204
518	16	Ġgreeted	17.907014
518	17	Ġthe	3.387589
518	18	Ġman	5.472094
518	19	Ġearly	11.652812
518	20	Ġin	2.689352
518	21	Ġthe	0.262665
518	22	Ġmorning	0.644185
518	23	.	1.559066
518	24	<|endoftext|>	10.007343
519	1	<|endoftext|>	0.0
519	2	I	5.770357
519	3	Ġknow	5.545684
519	4	Ġwho	8.366485
519	5	Ġthe	5.844156
519	6	Ġmayor	10.469356
519	7	Ġsaid	7.041907
519	8	Ġthe	5.508674
519	9	Ġclerk	15.025811
519	10	Ġbelieved	9.715909
519	11	Ġhe	4.051483
519	12	Ġwitnessed	12.781332
519	13	Ġgreeted	19.353356
519	14	Ġthe	2.878368
519	15	Ġman	4.810666
519	16	Ġearly	11.440473
519	17	Ġin	3.493177
519	18	Ġthe	0.198821
519	19	Ġmorning	0.511769
519	20	.	1.468243
519	21	<|endoftext|>	8.801249
520	1	<|endoftext|>	0.0
520	2	I	5.770357
520	3	Ġknow	5.545684
520	4	Ġwho	8.366485
520	5	Ġthe	5.844156
520	6	Ġmayor	10.469356
520	7	Ġsaid	7.041907
520	8	Ġthe	5.508674
520	9	Ġclerk	15.025811
520	10	Ġbelieved	9.715909
520	11	Ġhe	4.051483
520	12	Ġwitnessed	12.781332
520	13	Ġthe	3.284662
520	14	Ġl	12.10095
520	15	ibrarian	2.786315
520	16	Ġgreeted	16.320811
520	17	Ġthe	3.68233
520	18	Ġman	5.252283
520	19	Ġearly	12.075004
520	20	Ġin	2.769508
520	21	Ġthe	0.305966
520	22	Ġmorning	0.592013
520	23	.	1.268329
520	24	<|endoftext|>	8.772357
521	1	<|endoftext|>	0.0
521	2	You	7.682203
521	3	Ġknow	4.524784
521	4	Ġthat	3.787021
521	5	Ġsupported	21.511356
521	6	Ġthe	9.738475
521	7	Ġcandidate	12.495838
521	8	Ġlast	9.24498
521	9	Ġyear	2.216034
521	10	.	4.04726
521	11	<|endoftext|>	8.929005
522	1	<|endoftext|>	0.0
522	2	You	7.682203
522	3	Ġknow	4.524784
522	4	Ġthat	3.787021
522	5	Ġthe	7.61201
522	6	Ġmillionaire	16.367687
522	7	Ġsupported	17.254993
522	8	Ġthe	4.537528
522	9	Ġcandidate	8.546237
522	10	Ġlast	9.920922
522	11	Ġyear	1.87056
522	12	.	3.672551
522	13	<|endoftext|>	9.051302
523	1	<|endoftext|>	0.0
523	2	You	7.682203
523	3	Ġknow	4.524784
523	4	Ġwho	5.05256
523	5	Ġsupported	12.956855
523	6	Ġthe	3.107658
523	7	Ġcandidate	8.600998
523	8	Ġlast	6.830126
523	9	Ġyear	1.941022
523	10	.	5.890317
523	11	<|endoftext|>	7.628634
524	1	<|endoftext|>	0.0
524	2	You	7.682203
524	3	Ġknow	4.524784
524	4	Ġwho	5.05256
524	5	Ġthe	6.464221
524	6	Ġmillionaire	13.853886
524	7	Ġsupported	15.72049
524	8	Ġthe	5.793533
524	9	Ġcandidate	8.349295
524	10	Ġlast	8.42509
524	11	Ġyear	2.178246
524	12	.	5.320213
524	13	<|endoftext|>	7.533567
525	1	<|endoftext|>	0.0
525	2	You	7.682203
525	3	Ġknow	4.524784
525	4	Ġthat	3.787021
525	5	Ġthe	7.61201
525	6	Ġlobbyist	17.54615
525	7	Ġbelieved	13.519525
525	8	Ġsupported	18.846221
525	9	Ġthe	2.528775
525	10	Ġcandidate	7.776535
525	11	Ġlast	10.364731
525	12	Ġyear	1.880752
525	13	.	3.638516
525	14	<|endoftext|>	9.097296
526	1	<|endoftext|>	0.0
526	2	You	7.682215
526	3	Ġknow	4.524781
526	4	Ġthat	3.786978
526	5	Ġthe	7.611987
526	6	Ġlobbyist	17.546174
526	7	Ġbelieved	13.519574
526	8	Ġthe	4.187435
526	9	Ġmillionaire	13.856499
526	10	Ġsupported	14.410249
526	11	Ġthe	2.6668
526	12	Ġcandidate	7.640871
526	13	Ġlast	11.402249
526	14	Ġyear	1.786165
526	15	.	3.305949
526	16	<|endoftext|>	9.319373
527	1	<|endoftext|>	0.0
527	2	You	7.682203
527	3	Ġknow	4.524784
527	4	Ġwho	5.05256
527	5	Ġthe	6.464221
527	6	Ġlobbyist	15.639006
527	7	Ġbelieved	12.101728
527	8	Ġsupported	12.406006
527	9	Ġthe	2.111988
527	10	Ġcandidate	9.331739
527	11	Ġlast	8.997078
527	12	Ġyear	1.805911
527	13	.	5.160384
527	14	<|endoftext|>	7.427924
528	1	<|endoftext|>	0.0
528	2	You	7.682215
528	3	Ġknow	4.524781
528	4	Ġwho	5.052583
528	5	Ġthe	6.4642
528	6	Ġlobbyist	15.639054
528	7	Ġbelieved	12.101693
528	8	Ġthe	6.62514
528	9	Ġmillionaire	14.224216
528	10	Ġsupported	13.538078
528	11	Ġthe	4.606496
528	12	Ġcandidate	8.488332
528	13	Ġlast	9.910501
528	14	Ġyear	1.796473
528	15	.	4.967771
528	16	<|endoftext|>	7.319385
529	1	<|endoftext|>	0.0
529	2	You	7.68222
529	3	Ġknow	4.524771
529	4	Ġthat	3.786982
529	5	Ġthe	7.611992
529	6	Ġlobbyist	17.546179
529	7	Ġbelieved	13.519574
529	8	Ġthe	4.187434
529	9	Ġsecretary	11.351427
529	10	Ġsaid	10.463953
529	11	Ġsupported	17.464445
529	12	Ġthe	2.157997
529	13	Ġcandidate	9.77869
529	14	Ġlast	9.87432
529	15	Ġyear	1.952122
529	16	.	3.61611
529	17	<|endoftext|>	9.765751
530	1	<|endoftext|>	0.0
530	2	You	7.68222
530	3	Ġknow	4.524771
530	4	Ġthat	3.786982
530	5	Ġthe	7.611992
530	6	Ġlobbyist	17.546179
530	7	Ġbelieved	13.519574
530	8	Ġthe	4.187434
530	9	Ġsecretary	11.351427
530	10	Ġsaid	10.463953
530	11	Ġthe	3.606738
530	12	Ġmillionaire	15.684236
530	13	Ġsupported	13.423078
530	14	Ġthe	2.634343
530	15	Ġcandidate	8.389671
530	16	Ġlast	10.242917
530	17	Ġyear	1.599589
530	18	.	3.379389
530	19	<|endoftext|>	9.727187
531	1	<|endoftext|>	0.0
531	2	You	7.68222
531	3	Ġknow	4.524771
531	4	Ġwho	5.052576
531	5	Ġthe	6.464205
531	6	Ġlobbyist	15.639065
531	7	Ġbelieved	12.101698
531	8	Ġthe	6.625143
531	9	Ġsecretary	11.165427
531	10	Ġsaid	10.767051
531	11	Ġsupported	12.981656
531	12	Ġthe	2.802632
531	13	Ġcandidate	10.636005
531	14	Ġlast	8.82157
531	15	Ġyear	1.923994
531	16	.	5.400473
531	17	<|endoftext|>	7.576178
532	1	<|endoftext|>	0.0
532	2	You	7.68222
532	3	Ġknow	4.524771
532	4	Ġwho	5.052576
532	5	Ġthe	6.464205
532	6	Ġlobbyist	15.639065
532	7	Ġbelieved	12.101698
532	8	Ġthe	6.625143
532	9	Ġsecretary	11.165427
532	10	Ġsaid	10.767051
532	11	Ġthe	4.428929
532	12	Ġmillionaire	16.453755
532	13	Ġsupported	12.458749
532	14	Ġthe	4.700325
532	15	Ġcandidate	9.047823
532	16	Ġlast	9.764303
532	17	Ġyear	1.705117
532	18	.	5.153044
532	19	<|endoftext|>	7.61118
533	1	<|endoftext|>	0.0
533	2	You	7.68222
533	3	Ġknow	4.524771
533	4	Ġthat	3.786982
533	5	Ġthe	7.611992
533	6	Ġlobbyist	17.546179
533	7	Ġbelieved	13.519574
533	8	Ġthe	4.187434
533	9	Ġsecretary	11.351427
533	10	Ġsaid	10.463953
533	11	Ġshe	3.358851
533	12	Ġsaw	7.940253
533	13	Ġsupported	18.969667
533	14	Ġthe	3.97495
533	15	Ġcandidate	7.919115
533	16	Ġlast	9.000581
533	17	Ġyear	2.192944
533	18	.	2.884078
533	19	<|endoftext|>	9.903305
534	1	<|endoftext|>	0.0
534	2	You	7.68222
534	3	Ġknow	4.524771
534	4	Ġthat	3.786982
534	5	Ġthe	7.611992
534	6	Ġlobbyist	17.546179
534	7	Ġbelieved	13.519574
534	8	Ġthe	4.187434
534	9	Ġsecretary	11.351427
534	10	Ġsaid	10.463953
534	11	Ġshe	3.358851
534	12	Ġsaw	7.940253
534	13	Ġthe	2.89264
534	14	Ġmillionaire	14.201657
534	15	Ġsupported	17.304561
534	16	Ġthe	4.456625
534	17	Ġcandidate	7.509411
534	18	Ġlast	10.266122
534	19	Ġyear	1.86715
534	20	.	2.856918
534	21	<|endoftext|>	9.482705
535	1	<|endoftext|>	0.0
535	2	You	7.68222
535	3	Ġknow	4.524771
535	4	Ġwho	5.052576
535	5	Ġthe	6.464205
535	6	Ġlobbyist	15.639065
535	7	Ġbelieved	12.101698
535	8	Ġthe	6.625143
535	9	Ġsecretary	11.165427
535	10	Ġsaid	10.767051
535	11	Ġshe	2.555512
535	12	Ġsaw	8.210442
535	13	Ġsupported	17.981356
535	14	Ġthe	3.932518
535	15	Ġcandidate	8.805546
535	16	Ġlast	8.528459
535	17	Ġyear	2.287133
535	18	.	4.721316
535	19	<|endoftext|>	7.795463
536	1	<|endoftext|>	0.0
536	2	You	7.68222
536	3	Ġknow	4.524771
536	4	Ġwho	5.052576
536	5	Ġthe	6.464205
536	6	Ġlobbyist	15.639065
536	7	Ġbelieved	12.101698
536	8	Ġthe	6.625143
536	9	Ġsecretary	11.165427
536	10	Ġsaid	10.767051
536	11	Ġshe	2.555512
536	12	Ġsaw	8.210442
536	13	Ġthe	5.489537
536	14	Ġmillionaire	15.16988
536	15	Ġsupported	16.490098
536	16	Ġthe	6.305217
536	17	Ġcandidate	8.217825
536	18	Ġlast	9.864225
536	19	Ġyear	2.026452
536	20	.	4.483865
536	21	<|endoftext|>	7.518145
537	1	<|endoftext|>	0.0
537	2	You	7.68222
537	3	Ġknow	4.524771
537	4	Ġthat	3.786982
537	5	Ġthe	7.611992
537	6	Ġlobbyist	17.546179
537	7	Ġbelieved	13.519574
537	8	Ġthe	4.187434
537	9	Ġsecretary	11.351427
537	10	Ġsaid	10.463953
537	11	Ġshe	3.358851
537	12	Ġsaw	7.940253
537	13	Ġsupported	18.969667
537	14	Ġthe	3.97495
537	15	Ġcandidate	7.919115
537	16	Ġlast	9.000581
537	17	Ġyear	2.192944
537	18	.	2.884078
537	19	<|endoftext|>	9.903305
538	1	<|endoftext|>	0.0
538	2	You	7.68222
538	3	Ġknow	4.524771
538	4	Ġthat	3.786982
538	5	Ġthe	7.611992
538	6	Ġlobbyist	17.546179
538	7	Ġbelieved	13.519574
538	8	Ġthe	4.187434
538	9	Ġsecretary	11.351427
538	10	Ġsaid	10.463953
538	11	Ġshe	3.358851
538	12	Ġsaw	7.940253
538	13	Ġthe	2.89264
538	14	Ġmillionaire	14.201657
538	15	Ġsupported	17.304561
538	16	Ġthe	4.456625
538	17	Ġcandidate	7.509411
538	18	Ġlast	10.266122
538	19	Ġyear	1.86715
538	20	.	2.856918
538	21	<|endoftext|>	9.482705
539	1	<|endoftext|>	0.0
539	2	You	7.68222
539	3	Ġknow	4.524771
539	4	Ġwho	5.052576
539	5	Ġthe	6.464205
539	6	Ġlobbyist	15.639065
539	7	Ġbelieved	12.101698
539	8	Ġthe	6.625143
539	9	Ġsecretary	11.165427
539	10	Ġsaid	10.767051
539	11	Ġshe	2.555512
539	12	Ġsaw	8.210442
539	13	Ġsupported	17.981356
539	14	Ġthe	3.932518
539	15	Ġcandidate	8.805546
539	16	Ġlast	8.528459
539	17	Ġyear	2.287133
539	18	.	4.721316
539	19	<|endoftext|>	7.795463
540	1	<|endoftext|>	0.0
540	2	You	7.68222
540	3	Ġknow	4.524771
540	4	Ġwho	5.052576
540	5	Ġthe	6.464205
540	6	Ġlobbyist	15.639065
540	7	Ġbelieved	12.101698
540	8	Ġthe	6.625143
540	9	Ġsecretary	11.165427
540	10	Ġsaid	10.767051
540	11	Ġshe	2.555512
540	12	Ġsaw	8.210442
540	13	Ġthe	5.489537
540	14	Ġmillionaire	15.16988
540	15	Ġsupported	16.490098
540	16	Ġthe	6.305217
540	17	Ġcandidate	8.217825
540	18	Ġlast	9.864225
540	19	Ġyear	2.026452
540	20	.	4.483865
540	21	<|endoftext|>	7.518145
541	1	<|endoftext|>	0.0
541	2	I	5.770367
541	3	Ġknow	5.545733
541	4	Ġthat	2.74974
541	5	Ġcongratulated	22.373143
541	6	Ġthe	4.467776
541	7	Ġathletes	12.080815
541	8	Ġover	8.07083
541	9	Ġlunch	10.947306
541	10	.	2.656182
541	11	<|endoftext|>	9.511792
542	1	<|endoftext|>	0.0
542	2	I	5.770367
542	3	Ġknow	5.545733
542	4	Ġthat	2.74974
542	5	Ġthe	4.424285
542	6	Ġpresident	10.494401
542	7	Ġcongratulated	13.538187
542	8	Ġthe	3.523748
542	9	Ġathletes	11.266588
542	10	Ġover	8.550919
542	11	Ġlunch	9.811892
542	12	.	2.839247
542	13	<|endoftext|>	10.399493
543	1	<|endoftext|>	0.0
543	2	I	5.770367
543	3	Ġknow	5.545733
543	4	Ġwho	8.366545
543	5	Ġcongratulated	17.035407
543	6	Ġthe	4.863634
543	7	Ġathletes	11.746346
543	8	Ġover	8.144789
543	9	Ġlunch	9.806209
543	10	.	2.278557
543	11	<|endoftext|>	8.589781
544	1	<|endoftext|>	0.0
544	2	I	5.770367
544	3	Ġknow	5.545733
544	4	Ġwho	8.366545
544	5	Ġthe	5.844098
544	6	Ġpresident	8.491526
544	7	Ġcongratulated	17.126773
544	8	Ġthe	5.147052
544	9	Ġathletes	11.878115
544	10	Ġover	8.564769
544	11	Ġlunch	9.146958
544	12	.	1.968466
544	13	<|endoftext|>	8.930882
545	1	<|endoftext|>	0.0
545	2	I	5.770367
545	3	Ġknow	5.545733
545	4	Ġthat	2.74974
545	5	Ġthe	4.424285
545	6	Ġcoach	13.538433
545	7	Ġsaid	5.881015
545	8	Ġcongratulated	22.570742
545	9	Ġthe	3.892567
545	10	Ġathletes	11.007132
545	11	Ġover	8.569499
545	12	Ġlunch	9.546239
545	13	.	2.434904
545	14	<|endoftext|>	9.879257
546	1	<|endoftext|>	0.0
546	2	I	5.770362
546	3	Ġknow	5.545699
546	4	Ġthat	2.74972
546	5	Ġthe	4.424218
546	6	Ġcoach	13.538422
546	7	Ġsaid	5.881057
546	8	Ġthe	4.824446
546	9	Ġpresident	12.884156
546	10	Ġcongratulated	13.270546
546	11	Ġthe	3.859615
546	12	Ġathletes	8.897145
546	13	Ġover	8.954509
546	14	Ġlunch	9.354844
546	15	.	2.116216
546	16	<|endoftext|>	10.069819
547	1	<|endoftext|>	0.0
547	2	I	5.770367
547	3	Ġknow	5.545733
547	4	Ġwho	8.366545
547	5	Ġthe	5.844098
547	6	Ġcoach	11.120444
547	7	Ġsaid	8.022257
547	8	Ġcongratulated	19.562044
547	9	Ġthe	4.855924
547	10	Ġathletes	11.575299
547	11	Ġover	8.73145
547	12	Ġlunch	9.113641
547	13	.	1.547279
547	14	<|endoftext|>	8.454685
548	1	<|endoftext|>	0.0
548	2	I	5.770362
548	3	Ġknow	5.545699
548	4	Ġwho	8.36647
548	5	Ġthe	5.844158
548	6	Ġcoach	11.120336
548	7	Ġsaid	8.02223
548	8	Ġthe	5.571578
548	9	Ġpresident	13.120592
548	10	Ġcongratulated	15.099093
548	11	Ġthe	4.919233
548	12	Ġathletes	9.250496
548	13	Ġover	9.127911
548	14	Ġlunch	8.740847
548	15	.	1.387931
548	16	<|endoftext|>	8.452887
549	1	<|endoftext|>	0.0
549	2	I	5.770357
549	3	Ġknow	5.545684
549	4	Ġthat	2.749692
549	5	Ġthe	4.424222
549	6	Ġcoach	13.538425
549	7	Ġsaid	5.88104
549	8	Ġthe	4.824437
549	9	Ġassistant	12.790297
549	10	Ġbelieved	13.752524
549	11	Ġcongratulated	25.243798
549	12	Ġthe	3.116861
549	13	Ġathletes	11.434593
549	14	Ġover	8.745904
549	15	Ġlunch	10.101898
549	16	.	1.898455
549	17	<|endoftext|>	9.813635
550	1	<|endoftext|>	0.0
550	2	I	5.770357
550	3	Ġknow	5.545684
550	4	Ġthat	2.749692
550	5	Ġthe	4.424222
550	6	Ġcoach	13.538425
550	7	Ġsaid	5.88104
550	8	Ġthe	4.824437
550	9	Ġassistant	12.790297
550	10	Ġbelieved	13.752524
550	11	Ġthe	2.987922
550	12	Ġpresident	12.047936
550	13	Ġcongratulated	16.73203
550	14	Ġthe	3.913794
550	15	Ġathletes	9.628974
550	16	Ġover	9.134052
550	17	Ġlunch	9.40767
550	18	.	1.68164
550	19	<|endoftext|>	9.840961
551	1	<|endoftext|>	0.0
551	2	I	5.770357
551	3	Ġknow	5.545684
551	4	Ġwho	8.366485
551	5	Ġthe	5.844156
551	6	Ġcoach	11.120336
551	7	Ġsaid	8.022255
551	8	Ġthe	5.571586
551	9	Ġassistant	13.624998
551	10	Ġbelieved	13.83596
551	11	Ġcongratulated	21.816847
551	12	Ġthe	3.582775
551	13	Ġathletes	11.542303
551	14	Ġover	8.762736
551	15	Ġlunch	9.22859
551	16	.	1.315835
551	17	<|endoftext|>	8.548879
552	1	<|endoftext|>	0.0
552	2	I	5.770357
552	3	Ġknow	5.545684
552	4	Ġwho	8.366485
552	5	Ġthe	5.844156
552	6	Ġcoach	11.120336
552	7	Ġsaid	8.022255
552	8	Ġthe	5.571586
552	9	Ġassistant	13.624998
552	10	Ġbelieved	13.83596
552	11	Ġthe	5.483316
552	12	Ġpresident	11.674656
552	13	Ġcongratulated	16.67651
552	14	Ġthe	4.265207
552	15	Ġathletes	9.627577
552	16	Ġover	9.15767
552	17	Ġlunch	8.506195
552	18	.	1.21578
552	19	<|endoftext|>	8.466696
553	1	<|endoftext|>	0.0
553	2	I	5.770357
553	3	Ġknow	5.545684
553	4	Ġthat	2.749692
553	5	Ġthe	4.424222
553	6	Ġcoach	13.538425
553	7	Ġsaid	5.88104
553	8	Ġthe	4.824437
553	9	Ġassistant	12.790297
553	10	Ġbelieved	13.752524
553	11	Ġhe	2.184012
553	12	Ġremembered	14.363427
553	13	Ġcongratulated	22.952562
553	14	Ġthe	2.792121
553	15	Ġathletes	11.356927
553	16	Ġover	8.698024
553	17	Ġlunch	8.730727
553	18	.	1.865924
553	19	<|endoftext|>	9.954497
554	1	<|endoftext|>	0.0
554	2	I	5.770357
554	3	Ġknow	5.545684
554	4	Ġthat	2.749692
554	5	Ġthe	4.424222
554	6	Ġcoach	13.538425
554	7	Ġsaid	5.88104
554	8	Ġthe	4.824437
554	9	Ġassistant	12.790297
554	10	Ġbelieved	13.752524
554	11	Ġhe	2.184012
554	12	Ġremembered	14.363427
554	13	Ġthe	2.483898
554	14	Ġpresident	12.179099
554	15	Ġcongratulated	18.276686
554	16	Ġthe	3.700612
554	17	Ġathletes	9.107457
554	18	Ġover	9.125771
554	19	Ġlunch	7.770887
554	20	.	1.706006
554	21	<|endoftext|>	9.886713
555	1	<|endoftext|>	0.0
555	2	I	5.770357
555	3	Ġknow	5.545684
555	4	Ġwho	8.366485
555	5	Ġthe	5.844156
555	6	Ġcoach	11.120336
555	7	Ġsaid	8.022255
555	8	Ġthe	5.571586
555	9	Ġassistant	13.624998
555	10	Ġbelieved	13.83596
555	11	Ġhe	3.975427
555	12	Ġremembered	13.502608
555	13	Ġcongratulated	22.26273
555	14	Ġthe	3.167705
555	15	Ġathletes	11.440308
555	16	Ġover	8.597523
555	17	Ġlunch	8.110593
555	18	.	1.434005
555	19	<|endoftext|>	8.63972
556	1	<|endoftext|>	0.0
556	2	I	5.770357
556	3	Ġknow	5.545684
556	4	Ġwho	8.366485
556	5	Ġthe	5.844156
556	6	Ġcoach	11.120336
556	7	Ġsaid	8.022255
556	8	Ġthe	5.571586
556	9	Ġassistant	13.624998
556	10	Ġbelieved	13.83596
556	11	Ġhe	3.975427
556	12	Ġremembered	13.502608
556	13	Ġthe	3.815932
556	14	Ġpresident	11.913002
556	15	Ġcongratulated	17.03001
556	16	Ġthe	3.975058
556	17	Ġathletes	8.98058
556	18	Ġover	9.125139
556	19	Ġlunch	7.160384
556	20	.	1.386443
556	21	<|endoftext|>	8.475307
557	1	<|endoftext|>	0.0
557	2	I	5.770357
557	3	Ġknow	5.545684
557	4	Ġthat	2.749692
557	5	Ġthe	4.424222
557	6	Ġcoach	13.538425
557	7	Ġsaid	5.88104
557	8	Ġthe	4.824437
557	9	Ġassistant	12.790297
557	10	Ġbelieved	13.752524
557	11	Ġhe	2.184012
557	12	Ġremembered	14.363427
557	13	Ġcongratulated	22.952562
557	14	Ġthe	2.792121
557	15	Ġathletes	11.356927
557	16	Ġover	8.698024
557	17	Ġlunch	8.730727
557	18	.	1.865924
557	19	<|endoftext|>	9.954497
558	1	<|endoftext|>	0.0
558	2	I	5.770357
558	3	Ġknow	5.545684
558	4	Ġthat	2.749692
558	5	Ġthe	4.424222
558	6	Ġcoach	13.538425
558	7	Ġsaid	5.88104
558	8	Ġthe	4.824437
558	9	Ġassistant	12.790297
558	10	Ġbelieved	13.752524
558	11	Ġhe	2.184012
558	12	Ġremembered	14.363427
558	13	Ġthe	2.483898
558	14	Ġpresident	12.179099
558	15	Ġcongratulated	18.276686
558	16	Ġthe	3.700612
558	17	Ġathletes	9.107457
558	18	Ġover	9.125771
558	19	Ġlunch	7.770887
558	20	.	1.706006
558	21	<|endoftext|>	9.886713
559	1	<|endoftext|>	0.0
559	2	I	5.770357
559	3	Ġknow	5.545684
559	4	Ġwho	8.366485
559	5	Ġthe	5.844156
559	6	Ġcoach	11.120336
559	7	Ġsaid	8.022255
559	8	Ġthe	5.571586
559	9	Ġassistant	13.624998
559	10	Ġbelieved	13.83596
559	11	Ġhe	3.975427
559	12	Ġremembered	13.502608
559	13	Ġcongratulated	22.26273
559	14	Ġthe	3.167705
559	15	Ġathletes	11.440308
559	16	Ġover	8.597523
559	17	Ġlunch	8.110593
559	18	.	1.434005
559	19	<|endoftext|>	8.63972
560	1	<|endoftext|>	0.0
560	2	I	5.770357
560	3	Ġknow	5.545684
560	4	Ġwho	8.366485
560	5	Ġthe	5.844156
560	6	Ġcoach	11.120336
560	7	Ġsaid	8.022255
560	8	Ġthe	5.571586
560	9	Ġassistant	13.624998
560	10	Ġbelieved	13.83596
560	11	Ġhe	3.975427
560	12	Ġremembered	13.502608
560	13	Ġthe	3.815932
560	14	Ġpresident	11.913002
560	15	Ġcongratulated	17.03001
560	16	Ġthe	3.975058
560	17	Ġathletes	8.98058
560	18	Ġover	9.125139
560	19	Ġlunch	7.160384
560	20	.	1.386443
560	21	<|endoftext|>	8.475307
561	1	<|endoftext|>	0.0
561	2	You	7.682203
561	3	Ġknow	4.524784
561	4	Ġthat	3.787013
561	5	Ġintroduced	19.71512
561	6	Ġhis	11.138356
561	7	Ġfriends	8.667723
561	8	Ġto	1.608645
561	9	Ġhis	5.066124
561	10	Ġfamily	6.744882
561	11	.	4.269356
561	12	<|endoftext|>	9.691846
562	1	<|endoftext|>	0.0
562	2	You	7.682203
562	3	Ġknow	4.524784
562	4	Ġthat	3.787021
562	5	Ġthe	7.61201
562	6	Ġman	8.267882
562	7	Ġintroduced	14.600925
562	8	Ġhis	6.784054
562	9	Ġfriends	8.317984
562	10	Ġto	1.0231
562	11	Ġhis	4.738018
562	12	Ġfamily	6.394823
562	13	.	5.154476
562	14	<|endoftext|>	10.279138
563	1	<|endoftext|>	0.0
563	2	You	7.682203
563	3	Ġknow	4.524784
563	4	Ġwho	5.052563
563	5	Ġintroduced	12.918749
563	6	Ġhis	8.200246
563	7	Ġfriends	10.525395
563	8	Ġto	0.948258
563	9	Ġhis	5.68855
563	10	Ġfamily	7.473648
563	11	.	6.469376
563	12	<|endoftext|>	8.668484
564	1	<|endoftext|>	0.0
564	2	You	7.682203
564	3	Ġknow	4.524784
564	4	Ġwho	5.05256
564	5	Ġthe	6.464221
564	6	Ġman	6.228357
564	7	Ġintroduced	14.545137
564	8	Ġhis	7.717448
564	9	Ġfriends	7.692434
564	10	Ġto	0.700715
564	11	Ġhis	6.30368
564	12	Ġfamily	6.790577
564	13	.	5.866191
564	14	<|endoftext|>	8.728591
565	1	<|endoftext|>	0.0
565	2	You	7.682203
565	3	Ġknow	4.524784
565	4	Ġthat	3.787013
565	5	Ġthe	7.61201
565	6	Ġwoman	10.626944
565	7	Ġsaid	8.281144
565	8	Ġintroduced	19.662179
565	9	Ġhis	8.597354
565	10	Ġfriends	6.754086
565	11	Ġto	1.15639
565	12	Ġhis	4.400033
565	13	Ġfamily	6.358474
565	14	.	3.611347
565	15	<|endoftext|>	9.98742
566	1	<|endoftext|>	0.0
566	2	You	7.68222
566	3	Ġknow	4.524771
566	4	Ġthat	3.786982
566	5	Ġthe	7.611992
566	6	Ġwoman	10.626929
566	7	Ġsaid	8.281168
566	8	Ġthe	5.05371
566	9	Ġman	4.562025
566	10	Ġintroduced	12.463579
566	11	Ġhis	5.804239
566	12	Ġfriends	6.753144
566	13	Ġto	0.862547
566	14	Ġhis	5.211295
566	15	Ġfamily	6.70047
566	16	.	3.476519
566	17	<|endoftext|>	10.608948
567	1	<|endoftext|>	0.0
567	2	You	7.682203
567	3	Ġknow	4.524784
567	4	Ġwho	5.052563
567	5	Ġthe	6.464221
567	6	Ġwoman	9.545085
567	7	Ġsaid	7.244378
567	8	Ġintroduced	16.881667
567	9	Ġhis	9.215629
567	10	Ġfriends	7.045582
567	11	Ġto	0.964826
567	12	Ġhis	4.645668
567	13	Ġfamily	6.596348
567	14	.	4.527395
567	15	<|endoftext|>	8.643423
568	1	<|endoftext|>	0.0
568	2	You	7.68222
568	3	Ġknow	4.524771
568	4	Ġwho	5.052576
568	5	Ġthe	6.464205
568	6	Ġwoman	9.5451
568	7	Ġsaid	7.24439
568	8	Ġthe	5.531635
568	9	Ġman	5.311658
568	10	Ġintroduced	12.894802
568	11	Ġhis	7.976469
568	12	Ġfriends	6.434892
568	13	Ġto	0.767105
568	14	Ġhis	6.452983
568	15	Ġfamily	6.74627
568	16	.	4.201801
568	17	<|endoftext|>	8.59196
569	1	<|endoftext|>	0.0
569	2	You	7.68222
569	3	Ġknow	4.524771
569	4	Ġthat	3.786982
569	5	Ġthe	7.611992
569	6	Ġwoman	10.626929
569	7	Ġsaid	8.281168
569	8	Ġthe	5.05371
569	9	Ġneighbor	12.547358
569	10	Ġthought	7.712444
569	11	Ġintroduced	21.380719
569	12	Ġhis	6.972028
569	13	Ġfriends	7.079862
569	14	Ġto	1.120205
569	15	Ġhis	4.769474
569	16	Ġfamily	6.467747
569	17	.	3.389164
569	18	<|endoftext|>	9.870765
570	1	<|endoftext|>	0.0
570	2	You	7.68222
570	3	Ġknow	4.524771
570	4	Ġthat	3.786982
570	5	Ġthe	7.611992
570	6	Ġwoman	10.626929
570	7	Ġsaid	8.281168
570	8	Ġthe	5.05371
570	9	Ġneighbor	12.547358
570	10	Ġthought	7.712444
570	11	Ġthe	3.071892
570	12	Ġman	2.947593
570	13	Ġintroduced	15.19701
570	14	Ġhis	5.278693
570	15	Ġfriends	7.475328
570	16	Ġto	0.817692
570	17	Ġhis	4.824956
570	18	Ġfamily	6.648288
570	19	.	3.595167
570	20	<|endoftext|>	10.243464
571	1	<|endoftext|>	0.0
571	2	You	7.68222
571	3	Ġknow	4.524771
571	4	Ġwho	5.052576
571	5	Ġthe	6.464205
571	6	Ġwoman	9.5451
571	7	Ġsaid	7.24439
571	8	Ġthe	5.531635
571	9	Ġneighbor	13.816451
571	10	Ġthought	6.121238
571	11	Ġintroduced	16.683577
571	12	Ġhis	7.063775
571	13	Ġfriends	6.726917
571	14	Ġto	0.89328
571	15	Ġhis	4.851939
571	16	Ġfamily	6.592109
571	17	.	4.433917
571	18	<|endoftext|>	7.97364
572	1	<|endoftext|>	0.0
572	2	You	7.68222
572	3	Ġknow	4.524771
572	4	Ġwho	5.052576
572	5	Ġthe	6.464205
572	6	Ġwoman	9.5451
572	7	Ġsaid	7.24439
572	8	Ġthe	5.531635
572	9	Ġneighbor	13.816451
572	10	Ġthought	6.121238
572	11	Ġthe	4.521999
572	12	Ġman	3.913298
572	13	Ġintroduced	15.730905
572	14	Ġhis	5.629853
572	15	Ġfriends	7.246221
572	16	Ġto	0.771794
572	17	Ġhis	4.823084
572	18	Ġfamily	6.750992
572	19	.	4.454917
572	20	<|endoftext|>	8.079987
573	1	<|endoftext|>	0.0
573	2	You	7.68222
573	3	Ġknow	4.524771
573	4	Ġthat	3.786982
573	5	Ġthe	7.611992
573	6	Ġwoman	10.626929
573	7	Ġsaid	8.281168
573	8	Ġthe	5.05371
573	9	Ġneighbor	12.547358
573	10	Ġthought	7.712444
573	11	Ġhe	3.987753
573	12	Ġrecalled	16.276029
573	13	Ġintroduced	19.46979
573	14	Ġhis	5.318004
573	15	Ġfriends	6.66713
573	16	Ġto	0.994218
573	17	Ġhis	4.599476
573	18	Ġfamily	5.929583
573	19	.	2.844924
573	20	<|endoftext|>	10.020932
574	1	<|endoftext|>	0.0
574	2	You	7.68222
574	3	Ġknow	4.524771
574	4	Ġthat	3.786982
574	5	Ġthe	7.611992
574	6	Ġwoman	10.626929
574	7	Ġsaid	8.281168
574	8	Ġthe	5.05371
574	9	Ġneighbor	12.547358
574	10	Ġthought	7.712444
574	11	Ġhe	3.987753
574	12	Ġrecalled	16.276029
574	13	Ġthe	2.832348
574	14	Ġman	4.489975
574	15	Ġintroduced	16.868969
574	16	Ġhis	6.419356
574	17	Ġfriends	6.570857
574	18	Ġto	1.178396
574	19	Ġhis	4.584844
574	20	Ġfamily	5.327453
574	21	.	2.835703
574	22	<|endoftext|>	9.947038
575	1	<|endoftext|>	0.0
575	2	You	7.68222
575	3	Ġknow	4.524771
575	4	Ġwho	5.052576
575	5	Ġthe	6.464205
575	6	Ġwoman	9.5451
575	7	Ġsaid	7.24439
575	8	Ġthe	5.531635
575	9	Ġneighbor	13.816451
575	10	Ġthought	6.121238
575	11	Ġhe	4.939754
575	12	Ġrecalled	17.246999
575	13	Ġintroduced	17.567633
575	14	Ġhis	5.573308
575	15	Ġfriends	6.508507
575	16	Ġto	0.893057
575	17	Ġhis	4.729636
575	18	Ġfamily	5.984215
575	19	.	4.327692
575	20	<|endoftext|>	8.181321
576	1	<|endoftext|>	0.0
576	2	You	7.68222
576	3	Ġknow	4.524771
576	4	Ġwho	5.052576
576	5	Ġthe	6.464205
576	6	Ġwoman	9.5451
576	7	Ġsaid	7.24439
576	8	Ġthe	5.531635
576	9	Ġneighbor	13.816451
576	10	Ġthought	6.121238
576	11	Ġhe	4.939754
576	12	Ġrecalled	17.246999
576	13	Ġthe	3.608399
576	14	Ġman	4.255782
576	15	Ġintroduced	16.320042
576	16	Ġhis	7.769636
576	17	Ġfriends	6.296079
576	18	Ġto	1.136928
576	19	Ġhis	5.359581
576	20	Ġfamily	5.28769
576	21	.	4.209595
576	22	<|endoftext|>	7.974893
577	1	<|endoftext|>	0.0
577	2	You	7.68222
577	3	Ġknow	4.524771
577	4	Ġthat	3.786982
577	5	Ġthe	7.611992
577	6	Ġwoman	10.626929
577	7	Ġsaid	8.281168
577	8	Ġthe	5.05371
577	9	Ġneighbor	12.547358
577	10	Ġthought	7.712444
577	11	Ġhe	3.987753
577	12	Ġrecalled	16.276029
577	13	Ġintroduced	19.46979
577	14	Ġhis	5.318004
577	15	Ġfriends	6.66713
577	16	Ġto	0.994218
577	17	Ġhis	4.599476
577	18	Ġfamily	5.929583
577	19	.	2.844924
577	20	<|endoftext|>	10.020932
578	1	<|endoftext|>	0.0
578	2	You	7.68222
578	3	Ġknow	4.524771
578	4	Ġthat	3.786982
578	5	Ġthe	7.611992
578	6	Ġwoman	10.626929
578	7	Ġsaid	8.281168
578	8	Ġthe	5.05371
578	9	Ġneighbor	12.547358
578	10	Ġthought	7.712444
578	11	Ġhe	3.987753
578	12	Ġrecalled	16.276029
578	13	Ġthe	2.832348
578	14	Ġman	4.489975
578	15	Ġintroduced	16.868969
578	16	Ġhis	6.419356
578	17	Ġfriends	6.570857
578	18	Ġto	1.178396
578	19	Ġhis	4.584844
578	20	Ġfamily	5.327453
578	21	.	2.835703
578	22	<|endoftext|>	9.947038
579	1	<|endoftext|>	0.0
579	2	You	7.68222
579	3	Ġknow	4.524771
579	4	Ġwho	5.052576
579	5	Ġthe	6.464205
579	6	Ġwoman	9.5451
579	7	Ġsaid	7.24439
579	8	Ġthe	5.531635
579	9	Ġneighbor	13.816451
579	10	Ġthought	6.121238
579	11	Ġhe	4.939754
579	12	Ġrecalled	17.246999
579	13	Ġintroduced	17.567633
579	14	Ġhis	5.573308
579	15	Ġfriends	6.508507
579	16	Ġto	0.893057
579	17	Ġhis	4.729636
579	18	Ġfamily	5.984215
579	19	.	4.327692
579	20	<|endoftext|>	8.181321
580	1	<|endoftext|>	0.0
580	2	You	7.68222
580	3	Ġknow	4.524771
580	4	Ġwho	5.052576
580	5	Ġthe	6.464205
580	6	Ġwoman	9.5451
580	7	Ġsaid	7.24439
580	8	Ġthe	5.531635
580	9	Ġneighbor	13.816451
580	10	Ġthought	6.121238
580	11	Ġhe	4.939754
580	12	Ġrecalled	17.246999
580	13	Ġthe	3.608399
580	14	Ġman	4.255782
580	15	Ġintroduced	16.320042
580	16	Ġhis	7.769636
580	17	Ġfriends	6.296079
580	18	Ġto	1.136928
580	19	Ġhis	5.359581
580	20	Ġfamily	5.28769
580	21	.	4.209595
580	22	<|endoftext|>	7.974893
581	1	<|endoftext|>	0.0
581	2	He	8.582737
581	3	Ġknows	8.734376
581	4	Ġthat	2.922574
581	5	Ġwaited	19.656233
581	6	Ġfor	2.709832
581	7	Ġher	5.426205
581	8	Ġfriend	10.658143
581	9	Ġat	6.635864
581	10	Ġthe	1.295249
581	11	Ġbus	6.37642
581	12	Ġstop	0.217511
581	13	.	2.314432
581	14	<|endoftext|>	7.827867
582	1	<|endoftext|>	0.0
582	2	He	8.582738
582	3	Ġknows	8.734333
582	4	Ġthat	2.922582
582	5	Ġthe	3.684004
582	6	Ġwoman	10.29688
582	7	Ġwaited	14.320295
582	8	Ġfor	2.475829
582	9	Ġher	3.580673
582	10	Ġfriend	7.258211
582	11	Ġat	5.629036
582	12	Ġthe	0.967401
582	13	Ġbus	4.817927
582	14	Ġstop	0.106091
582	15	.	2.577983
582	16	<|endoftext|>	9.338558
583	1	<|endoftext|>	0.0
583	2	He	8.582737
583	3	Ġknows	8.734376
583	4	Ġwho	6.314424
583	5	Ġwaited	16.197118
583	6	Ġfor	2.257292
583	7	Ġher	5.014101
583	8	Ġfriend	11.552128
583	9	Ġat	6.428017
583	10	Ġthe	1.177303
583	11	Ġbus	5.891246
583	12	Ġstop	0.157609
583	13	.	1.756227
583	14	<|endoftext|>	7.650205
584	1	<|endoftext|>	0.0
584	2	He	8.582738
584	3	Ġknows	8.734333
584	4	Ġwho	6.31441
584	5	Ġthe	4.333641
584	6	Ġwoman	7.321476
584	7	Ġwaited	17.826203
584	8	Ġfor	0.371884
584	9	Ġher	6.563912
584	10	Ġfriend	8.092419
584	11	Ġat	5.078065
584	12	Ġthe	0.922893
584	13	Ġbus	5.240535
584	14	Ġstop	0.110894
584	15	.	1.388482
584	16	<|endoftext|>	8.152496
585	1	<|endoftext|>	0.0
585	2	He	8.582732
585	3	Ġknows	8.734344
585	4	Ġthat	2.922593
585	5	Ġthe	3.684015
585	6	Ġman	8.232754
585	7	Ġbelieved	11.698791
585	8	Ġwaited	21.748621
585	9	Ġfor	2.452522
585	10	Ġher	4.444719
585	11	Ġfriend	10.438623
585	12	Ġat	5.485218
585	13	Ġthe	1.090548
585	14	Ġbus	5.325422
585	15	Ġstop	0.140224
585	16	.	3.204511
585	17	<|endoftext|>	8.22836
586	1	<|endoftext|>	0.0
586	2	He	8.582732
586	3	Ġknows	8.734344
586	4	Ġthat	2.922593
586	5	Ġthe	3.684015
586	6	Ġman	8.232754
586	7	Ġbelieved	11.698791
586	8	Ġthe	9.413474
586	9	Ġwoman	5.70552
586	10	Ġwaited	15.247294
586	11	Ġfor	2.147811
586	12	Ġher	3.121867
586	13	Ġfriend	6.960061
586	14	Ġat	4.910793
586	15	Ġthe	1.105027
586	16	Ġbus	4.658321
586	17	Ġstop	0.098463
586	18	.	2.595797
586	19	<|endoftext|>	8.526098
587	1	<|endoftext|>	0.0
587	2	He	8.582732
587	3	Ġknows	8.734344
587	4	Ġwho	6.31441
587	5	Ġthe	4.333633
587	6	Ġman	4.480701
587	7	Ġbelieved	12.311715
587	8	Ġwaited	20.507938
587	9	Ġfor	2.430667
587	10	Ġher	4.63255
587	11	Ġfriend	11.360293
587	12	Ġat	4.608828
587	13	Ġthe	0.930482
587	14	Ġbus	5.437479
587	15	Ġstop	0.122914
587	16	.	1.689136
587	17	<|endoftext|>	7.564985
588	1	<|endoftext|>	0.0
588	2	He	8.582732
588	3	Ġknows	8.734344
588	4	Ġwho	6.31441
588	5	Ġthe	4.333633
588	6	Ġman	4.480701
588	7	Ġbelieved	12.311715
588	8	Ġthe	10.199682
588	9	Ġwoman	4.391493
588	10	Ġwaited	16.569037
588	11	Ġfor	0.549305
588	12	Ġher	6.110134
588	13	Ġfriend	8.071099
588	14	Ġat	4.499841
588	15	Ġthe	1.001689
588	16	Ġbus	4.961404
588	17	Ġstop	0.092237
588	18	.	1.386189
588	19	<|endoftext|>	7.594654
589	1	<|endoftext|>	0.0
589	2	He	8.582732
589	3	Ġknows	8.734344
589	4	Ġthat	2.922593
589	5	Ġthe	3.684015
589	6	Ġman	8.232754
589	7	Ġbelieved	11.698791
589	8	Ġthe	9.413474
589	9	Ġhe	13.219076
589	10	Ġconcluded	14.890356
589	11	Ġwaited	19.17646
589	12	Ġfor	2.503862
589	13	Ġher	4.37727
589	14	Ġfriend	10.946071
589	15	Ġat	6.045237
589	16	Ġthe	1.136973
589	17	Ġbus	5.782655
589	18	Ġstop	0.131749
589	19	.	2.559785
589	20	<|endoftext|>	7.404549
590	1	<|endoftext|>	0.0
590	2	He	8.582732
590	3	Ġknows	8.734344
590	4	Ġthat	2.922593
590	5	Ġthe	3.684015
590	6	Ġman	8.232754
590	7	Ġbelieved	11.698791
590	8	Ġthe	9.413474
590	9	Ġhe	13.219076
590	10	Ġconcluded	14.890356
590	11	Ġthe	3.509869
590	12	Ġwoman	9.139993
590	13	Ġwaited	14.342975
590	14	Ġfor	2.242066
590	15	Ġher	3.640953
590	16	Ġfriend	6.684726
590	17	Ġat	4.858451
590	18	Ġthe	1.110049
590	19	Ġbus	4.617551
590	20	Ġstop	0.09655
590	21	.	2.310676
590	22	<|endoftext|>	7.575573
591	1	<|endoftext|>	0.0
591	2	He	8.582732
591	3	Ġknows	8.734344
591	4	Ġwho	6.31441
591	5	Ġthe	4.333633
591	6	Ġman	4.480701
591	7	Ġbelieved	12.311715
591	8	Ġthe	10.199682
591	9	Ġhe	11.091805
591	10	Ġconcluded	16.878392
591	11	Ġwaited	19.509932
591	12	Ġfor	2.407886
591	13	Ġher	4.0178
591	14	Ġfriend	11.118815
591	15	Ġat	5.378093
591	16	Ġthe	1.054641
591	17	Ġbus	5.956034
591	18	Ġstop	0.12313
591	19	.	1.760223
591	20	<|endoftext|>	6.829974
592	1	<|endoftext|>	0.0
592	2	He	8.582732
592	3	Ġknows	8.734344
592	4	Ġwho	6.31441
592	5	Ġthe	4.333633
592	6	Ġman	4.480701
592	7	Ġbelieved	12.311715
592	8	Ġthe	10.199682
592	9	Ġhe	11.091805
592	10	Ġconcluded	16.878392
592	11	Ġthe	3.938013
592	12	Ġwoman	7.683109
592	13	Ġwaited	14.241294
592	14	Ġfor	1.699911
592	15	Ġher	3.789483
592	16	Ġfriend	6.607815
592	17	Ġat	4.577534
592	18	Ġthe	1.097001
592	19	Ġbus	4.824621
592	20	Ġstop	0.086598
592	21	.	1.578718
592	22	<|endoftext|>	6.838662
593	1	<|endoftext|>	0.0
593	2	He	8.582732
593	3	Ġknows	8.734344
593	4	Ġthat	2.922593
593	5	Ġthe	3.684015
593	6	Ġman	8.232754
593	7	Ġbelieved	11.698791
593	8	Ġthe	9.413474
593	9	Ġhe	13.219076
593	10	Ġconcluded	14.890356
593	11	Ġhis	4.447678
593	12	Ġneighbors	15.759949
593	13	Ġhad	2.995718
593	14	Ġsaid	10.001591
593	15	Ġwaited	18.304807
593	16	Ġfor	2.391061
593	17	Ġher	5.740345
593	18	Ġfriend	10.518559
593	19	Ġat	5.426712
593	20	Ġthe	1.267382
593	21	Ġbus	5.581744
593	22	Ġstop	0.073405
593	23	.	2.479641
593	24	<|endoftext|>	7.258277
594	1	<|endoftext|>	0.0
594	2	He	8.582732
594	3	Ġknows	8.734344
594	4	Ġthat	2.922593
594	5	Ġthe	3.684015
594	6	Ġman	8.232754
594	7	Ġbelieved	11.698791
594	8	Ġthe	9.413474
594	9	Ġhe	13.219076
594	10	Ġconcluded	14.890356
594	11	Ġhis	4.447678
594	12	Ġneighbors	15.759949
594	13	Ġhad	2.995718
594	14	Ġsaid	10.001591
594	15	Ġthe	3.504415
594	16	Ġwoman	5.318799
594	17	Ġwaited	12.950057
594	18	Ġfor	2.070255
594	19	Ġher	2.925456
594	20	Ġfriend	7.181773
594	21	Ġat	4.965614
594	22	Ġthe	1.258876
594	23	Ġbus	5.135186
594	24	Ġstop	0.063861
594	25	.	2.378274
594	26	<|endoftext|>	7.401107
595	1	<|endoftext|>	0.0
595	2	He	8.582732
595	3	Ġknows	8.734344
595	4	Ġwho	6.31441
595	5	Ġthe	4.333633
595	6	Ġman	4.480701
595	7	Ġbelieved	12.311715
595	8	Ġthe	10.199682
595	9	Ġhe	11.091805
595	10	Ġconcluded	16.878392
595	11	Ġhis	5.138534
595	12	Ġneighbors	14.655079
595	13	Ġhad	2.830285
595	14	Ġsaid	9.236917
595	15	Ġwaited	15.910697
595	16	Ġfor	2.21026
595	17	Ġher	6.046338
595	18	Ġfriend	10.371635
595	19	Ġat	5.129821
595	20	Ġthe	1.243839
595	21	Ġbus	5.961717
595	22	Ġstop	0.068685
595	23	.	1.717533
595	24	<|endoftext|>	6.772417
596	1	<|endoftext|>	0.0
596	2	He	8.582732
596	3	Ġknows	8.734344
596	4	Ġwho	6.31441
596	5	Ġthe	4.333633
596	6	Ġman	4.480701
596	7	Ġbelieved	12.311715
596	8	Ġthe	10.199682
596	9	Ġhe	11.091805
596	10	Ġconcluded	16.878392
596	11	Ġhis	5.138534
596	12	Ġneighbors	14.655079
596	13	Ġhad	2.830285
596	14	Ġsaid	9.236917
596	15	Ġthe	4.490598
596	16	Ġwoman	5.209661
596	17	Ġwaited	13.343073
596	18	Ġfor	1.403467
596	19	Ġher	2.972494
596	20	Ġfriend	6.97109
596	21	Ġat	4.722327
596	22	Ġthe	1.283382
596	23	Ġbus	5.493506
596	24	Ġstop	0.061829
596	25	.	1.620697
596	26	<|endoftext|>	6.794297
597	1	<|endoftext|>	0.0
597	2	He	8.582732
597	3	Ġknows	8.734344
597	4	Ġthat	2.922593
597	5	Ġthe	3.684015
597	6	Ġman	8.232754
597	7	Ġbelieved	11.698791
597	8	Ġthe	9.413474
597	9	Ġhe	13.219076
597	10	Ġconcluded	14.890356
597	11	Ġhis	4.447678
597	12	Ġneighbors	15.759949
597	13	Ġhad	2.995718
597	14	Ġsaid	10.001591
597	15	Ġwaited	18.304807
597	16	Ġfor	2.391061
597	17	Ġher	5.740345
597	18	Ġfriend	10.518559
597	19	Ġat	5.426712
597	20	Ġthe	1.267382
597	21	Ġbus	5.581744
597	22	Ġstop	0.073405
597	23	.	2.479641
597	24	<|endoftext|>	7.258277
598	1	<|endoftext|>	0.0
598	2	He	8.582732
598	3	Ġknows	8.734344
598	4	Ġthat	2.922593
598	5	Ġthe	3.684015
598	6	Ġman	8.232754
598	7	Ġbelieved	11.698791
598	8	Ġthe	9.413474
598	9	Ġhe	13.219076
598	10	Ġconcluded	14.890356
598	11	Ġhis	4.447678
598	12	Ġneighbors	15.759949
598	13	Ġhad	2.995718
598	14	Ġsaid	10.001591
598	15	Ġthe	3.504415
598	16	Ġwoman	5.318799
598	17	Ġwaited	12.950057
598	18	Ġfor	2.070255
598	19	Ġher	2.925456
598	20	Ġfriend	7.181773
598	21	Ġat	4.965614
598	22	Ġthe	1.258876
598	23	Ġbus	5.135186
598	24	Ġstop	0.063861
598	25	.	2.378274
598	26	<|endoftext|>	7.401107
599	1	<|endoftext|>	0.0
599	2	He	8.582732
599	3	Ġknows	8.734344
599	4	Ġwho	6.31441
599	5	Ġthe	4.333633
599	6	Ġman	4.480701
599	7	Ġbelieved	12.311715
599	8	Ġthe	10.199682
599	9	Ġhe	11.091805
599	10	Ġconcluded	16.878392
599	11	Ġhis	5.138534
599	12	Ġneighbors	14.655079
599	13	Ġhad	2.830285
599	14	Ġsaid	9.236917
599	15	Ġwaited	15.910697
599	16	Ġfor	2.21026
599	17	Ġher	6.046338
599	18	Ġfriend	10.371635
599	19	Ġat	5.129821
599	20	Ġthe	1.243839
599	21	Ġbus	5.961717
599	22	Ġstop	0.068685
599	23	.	1.717533
599	24	<|endoftext|>	6.772417
600	1	<|endoftext|>	0.0
600	2	He	8.582732
600	3	Ġknows	8.734344
600	4	Ġwho	6.31441
600	5	Ġthe	4.333633
600	6	Ġman	4.480701
600	7	Ġbelieved	12.311715
600	8	Ġthe	10.199682
600	9	Ġhe	11.091805
600	10	Ġconcluded	16.878392
600	11	Ġhis	5.138534
600	12	Ġneighbors	14.655079
600	13	Ġhad	2.830285
600	14	Ġsaid	9.236917
600	15	Ġthe	4.490598
600	16	Ġwoman	5.209661
600	17	Ġwaited	13.343073
600	18	Ġfor	1.403467
600	19	Ġher	2.972494
600	20	Ġfriend	6.97109
600	21	Ġat	4.722327
600	22	Ġthe	1.283382
600	23	Ġbus	5.493506
600	24	Ġstop	0.061829
600	25	.	1.620697
600	26	<|endoftext|>	6.794297
601	1	<|endoftext|>	0.0
601	2	She	9.588393
601	3	Ġknows	8.547399
601	4	Ġthat	3.373155
601	5	Ġinterrogated	22.005911
601	6	Ġthe	7.782396
601	7	Ġcriminal	10.212399
601	8	Ġlast	13.163127
601	9	Ġnight	2.913972
601	10	.	2.886878
601	11	<|endoftext|>	8.348279
602	1	<|endoftext|>	0.0
602	2	She	9.588393
602	3	Ġknows	8.547399
602	4	Ġthat	3.373155
602	5	Ġthe	4.09474
602	6	Ġinspectors	16.323669
602	7	Ġinterrogated	14.620011
602	8	Ġthe	4.427457
602	9	Ġcriminal	11.618185
602	10	Ġlast	11.615023
602	11	Ġnight	3.235548
602	12	.	2.534826
602	13	<|endoftext|>	8.923272
603	1	<|endoftext|>	0.0
603	2	She	9.588393
603	3	Ġknows	8.547399
603	4	Ġwho	6.179725
603	5	Ġinterrogated	19.748373
603	6	Ġthe	4.556307
603	7	Ġcriminal	11.217546
603	8	Ġlast	10.72458
603	9	Ġnight	2.424575
603	10	.	1.56963
603	11	<|endoftext|>	7.645731
604	1	<|endoftext|>	0.0
604	2	She	9.588393
604	3	Ġknows	8.547399
604	4	Ġwho	6.179725
604	5	Ġthe	4.654339
604	6	Ġinspectors	16.618857
604	7	Ġinterrogated	15.720567
604	8	Ġthe	6.360555
604	9	Ġcriminal	12.250258
604	10	Ġlast	10.740593
604	11	Ġnight	2.132166
604	12	.	1.3878
604	13	<|endoftext|>	8.209166
605	1	<|endoftext|>	0.0
605	2	She	9.588393
605	3	Ġknows	8.547399
605	4	Ġthat	3.373155
605	5	Ġthe	4.09474
605	6	Ġpolice	8.414678
605	7	Ġsaid	9.039778
605	8	Ġinterrogated	20.695799
605	9	Ġthe	3.749441
605	10	Ġcriminal	12.386984
605	11	Ġlast	9.639482
605	12	Ġnight	2.226934
605	13	.	2.29492
605	14	<|endoftext|>	7.764865
606	1	<|endoftext|>	0.0
606	2	She	9.588382
606	3	Ġknows	8.547404
606	4	Ġthat	3.373128
606	5	Ġthe	4.094763
606	6	Ġpolice	8.414744
606	7	Ġsaid	9.039755
606	8	Ġthe	3.943019
606	9	Ġinspectors	17.272306
606	10	Ġinterrogated	14.127238
606	11	Ġthe	3.777122
606	12	Ġcriminal	12.1282
606	13	Ġlast	10.528299
606	14	Ġnight	2.361956
606	15	.	2.05131
606	16	<|endoftext|>	7.782465
607	1	<|endoftext|>	0.0
607	2	She	9.588393
607	3	Ġknows	8.547399
607	4	Ġwho	6.179725
607	5	Ġthe	4.654339
607	6	Ġpolice	10.022416
607	7	Ġsaid	8.621481
607	8	Ġinterrogated	16.261822
607	9	Ġthe	4.977136
607	10	Ġcriminal	12.316916
607	11	Ġlast	9.147237
607	12	Ġnight	1.821816
607	13	.	1.282
607	14	<|endoftext|>	7.419956
608	1	<|endoftext|>	0.0
608	2	She	9.588382
608	3	Ġknows	8.547404
608	4	Ġwho	6.179819
608	5	Ġthe	4.654308
608	6	Ġpolice	10.022424
608	7	Ġsaid	8.621456
608	8	Ġthe	6.553051
608	9	Ġinspectors	18.224869
608	10	Ġinterrogated	13.586976
608	11	Ġthe	6.143072
608	12	Ġcriminal	12.380899
608	13	Ġlast	10.231707
608	14	Ġnight	2.115678
608	15	.	1.181834
608	16	<|endoftext|>	7.397787
609	1	<|endoftext|>	0.0
609	2	She	9.588377
609	3	Ġknows	8.547394
609	4	Ġthat	3.373129
609	5	Ġthe	4.094771
609	6	Ġpolice	8.414748
609	7	Ġsaid	9.03974
609	8	Ġthe	3.943024
609	9	Ġdetective	12.529445
609	10	Ġbelieved	9.545164
609	11	Ġinterrogated	21.87341
609	12	Ġthe	2.888473
609	13	Ġcriminal	11.987094
609	14	Ġlast	10.419021
609	15	Ġnight	2.06148
609	16	.	1.812168
609	17	<|endoftext|>	7.503075
610	1	<|endoftext|>	0.0
610	2	She	9.588377
610	3	Ġknows	8.547394
610	4	Ġthat	3.373129
610	5	Ġthe	4.094771
610	6	Ġpolice	8.414748
610	7	Ġsaid	9.03974
610	8	Ġthe	3.943024
610	9	Ġdetective	12.529445
610	10	Ġbelieved	9.545164
610	11	Ġthe	2.396103
610	12	Ġinspectors	19.346298
610	13	Ġinterrogated	14.687746
610	14	Ġthe	3.074731
610	15	Ġcriminal	11.61979
610	16	Ġlast	11.152882
610	17	Ġnight	2.315888
610	18	.	1.467581
610	19	<|endoftext|>	7.408237
611	1	<|endoftext|>	0.0
611	2	She	9.588377
611	3	Ġknows	8.547394
611	4	Ġwho	6.17982
611	5	Ġthe	4.654325
611	6	Ġpolice	10.022429
611	7	Ġsaid	8.621427
611	8	Ġthe	6.553037
611	9	Ġdetective	10.8804
611	10	Ġbelieved	9.141372
611	11	Ġinterrogated	17.140077
611	12	Ġthe	4.302196
611	13	Ġcriminal	12.020273
611	14	Ġlast	10.031351
611	15	Ġnight	2.044837
611	16	.	1.037673
611	17	<|endoftext|>	7.275198
612	1	<|endoftext|>	0.0
612	2	She	9.588377
612	3	Ġknows	8.547394
612	4	Ġwho	6.17982
612	5	Ġthe	4.654325
612	6	Ġpolice	10.022429
612	7	Ġsaid	8.621427
612	8	Ġthe	6.553037
612	9	Ġdetective	10.8804
612	10	Ġbelieved	9.141372
612	11	Ġthe	7.006187
612	12	Ġinspectors	19.244373
612	13	Ġinterrogated	14.923215
612	14	Ġthe	5.295371
612	15	Ġcriminal	11.824724
612	16	Ġlast	11.077753
612	17	Ġnight	2.341444
612	18	.	0.950109
612	19	<|endoftext|>	7.050069
613	1	<|endoftext|>	0.0
613	2	She	9.588377
613	3	Ġknows	8.547394
613	4	Ġthat	3.373129
613	5	Ġthe	4.094771
613	6	Ġpolice	8.414748
613	7	Ġsaid	9.03974
613	8	Ġthe	3.943024
613	9	Ġdetective	12.529445
613	10	Ġbelieved	9.545164
613	11	Ġhe	2.649074
613	12	Ġthought	11.293301
613	13	Ġinterrogated	21.912333
613	14	Ġthe	2.718918
613	15	Ġcriminal	12.038351
613	16	Ġlast	10.714839
613	17	Ġnight	1.763056
613	18	.	1.508546
613	19	<|endoftext|>	7.436453
614	1	<|endoftext|>	0.0
614	2	She	9.588377
614	3	Ġknows	8.547394
614	4	Ġthat	3.373129
614	5	Ġthe	4.094771
614	6	Ġpolice	8.414748
614	7	Ġsaid	9.03974
614	8	Ġthe	3.943024
614	9	Ġdetective	12.529445
614	10	Ġbelieved	9.545164
614	11	Ġhe	2.649074
614	12	Ġthought	11.293301
614	13	Ġthe	2.70727
614	14	Ġinspectors	20.016821
614	15	Ġinterrogated	15.173508
614	16	Ġthe	3.08373
614	17	Ġcriminal	11.614616
614	18	Ġlast	11.595326
614	19	Ġnight	1.971148
614	20	.	1.288534
614	21	<|endoftext|>	7.322378
615	1	<|endoftext|>	0.0
615	2	She	9.588377
615	3	Ġknows	8.547394
615	4	Ġwho	6.17982
615	5	Ġthe	4.654325
615	6	Ġpolice	10.022429
615	7	Ġsaid	8.621427
615	8	Ġthe	6.553037
615	9	Ġdetective	10.8804
615	10	Ġbelieved	9.141372
615	11	Ġhe	5.017462
615	12	Ġthought	12.524251
615	13	Ġinterrogated	18.797431
615	14	Ġthe	4.269477
615	15	Ġcriminal	11.950186
615	16	Ġlast	10.539921
615	17	Ġnight	2.00061
615	18	.	0.918603
615	19	<|endoftext|>	7.152082
616	1	<|endoftext|>	0.0
616	2	She	9.588377
616	3	Ġknows	8.547394
616	4	Ġwho	6.17982
616	5	Ġthe	4.654325
616	6	Ġpolice	10.022429
616	7	Ġsaid	8.621427
616	8	Ġthe	6.553037
616	9	Ġdetective	10.8804
616	10	Ġbelieved	9.141372
616	11	Ġhe	5.017462
616	12	Ġthought	12.524251
616	13	Ġthe	6.833559
616	14	Ġinspectors	20.034794
616	15	Ġinterrogated	15.709962
616	16	Ġthe	5.199834
616	17	Ġcriminal	11.737531
616	18	Ġlast	11.675802
616	19	Ġnight	2.193654
616	20	.	0.804142
616	21	<|endoftext|>	6.931811
617	1	<|endoftext|>	0.0
617	2	She	9.588377
617	3	Ġknows	8.547394
617	4	Ġthat	3.373129
617	5	Ġthe	4.094771
617	6	Ġpolice	8.414748
617	7	Ġsaid	9.03974
617	8	Ġthe	3.943024
617	9	Ġdetective	12.529445
617	10	Ġbelieved	9.545164
617	11	Ġhe	2.649074
617	12	Ġthought	11.293301
617	13	Ġinterrogated	21.912333
617	14	Ġthe	2.718918
617	15	Ġcriminal	12.038351
617	16	Ġlast	10.714839
617	17	Ġnight	1.763056
617	18	.	1.508546
617	19	<|endoftext|>	7.436453
618	1	<|endoftext|>	0.0
618	2	She	9.588377
618	3	Ġknows	8.547394
618	4	Ġthat	3.373129
618	5	Ġthe	4.094771
618	6	Ġpolice	8.414748
618	7	Ġsaid	9.03974
618	8	Ġthe	3.943024
618	9	Ġdetective	12.529445
618	10	Ġbelieved	9.545164
618	11	Ġhe	2.649074
618	12	Ġthought	11.293301
618	13	Ġthe	2.70727
618	14	Ġinspectors	20.016821
618	15	Ġinterrogated	15.173508
618	16	Ġthe	3.08373
618	17	Ġcriminal	11.614616
618	18	Ġlast	11.595326
618	19	Ġnight	1.971148
618	20	.	1.288534
618	21	<|endoftext|>	7.322378
619	1	<|endoftext|>	0.0
619	2	She	9.588377
619	3	Ġknows	8.547394
619	4	Ġwho	6.17982
619	5	Ġthe	4.654325
619	6	Ġpolice	10.022429
619	7	Ġsaid	8.621427
619	8	Ġthe	6.553037
619	9	Ġdetective	10.8804
619	10	Ġbelieved	9.141372
619	11	Ġhe	5.017462
619	12	Ġthought	12.524251
619	13	Ġinterrogated	18.797431
619	14	Ġthe	4.269477
619	15	Ġcriminal	11.950186
619	16	Ġlast	10.539921
619	17	Ġnight	2.00061
619	18	.	0.918603
619	19	<|endoftext|>	7.152082
620	1	<|endoftext|>	0.0
620	2	She	9.588377
620	3	Ġknows	8.547394
620	4	Ġwho	6.17982
620	5	Ġthe	4.654325
620	6	Ġpolice	10.022429
620	7	Ġsaid	8.621427
620	8	Ġthe	6.553037
620	9	Ġdetective	10.8804
620	10	Ġbelieved	9.141372
620	11	Ġhe	5.017462
620	12	Ġthought	12.524251
620	13	Ġthe	6.833559
620	14	Ġinspectors	20.034794
620	15	Ġinterrogated	15.709962
620	16	Ġthe	5.199834
620	17	Ġcriminal	11.737531
620	18	Ġlast	11.675802
620	19	Ġnight	2.193654
620	20	.	0.804142
620	21	<|endoftext|>	6.931811
621	1	<|endoftext|>	0.0
621	2	They	9.39695
621	3	Ġknow	7.895996
621	4	Ġthat	2.878158
621	5	Ġthanked	20.740877
621	6	Ġthe	5.572933
621	7	Ġtailor	16.355996
621	8	Ġon	7.244257
621	9	Ġthe	1.627627
621	10	Ġstreet	4.618974
621	11	.	3.100913
621	12	<|endoftext|>	7.409775
622	1	<|endoftext|>	0.0
622	2	They	9.39695
622	3	Ġknow	7.895996
622	4	Ġthat	2.878158
622	5	Ġthe	3.625604
622	6	Ġold	9.719165
622	7	Ġman	4.61811
622	8	Ġthanked	15.912575
622	9	Ġthe	4.05334
622	10	Ġtailor	14.029928
622	11	Ġon	6.414456
622	12	Ġthe	1.159247
622	13	Ġstreet	4.470061
622	14	.	3.165397
622	15	<|endoftext|>	8.39084
623	1	<|endoftext|>	0.0
623	2	They	9.39695
623	3	Ġknow	7.895996
623	4	Ġwho	5.464138
623	5	Ġthanked	16.682727
623	6	Ġthe	4.296012
623	7	Ġtailor	15.900701
623	8	Ġon	6.660528
623	9	Ġthe	1.883974
623	10	Ġstreet	5.62053
623	11	.	2.277655
623	12	<|endoftext|>	7.086533
624	1	<|endoftext|>	0.0
624	2	They	9.39695
624	3	Ġknow	7.895996
624	4	Ġwho	5.464138
624	5	Ġthe	4.252008
624	6	Ġold	10.069836
624	7	Ġman	2.409996
624	8	Ġthanked	20.924116
624	9	Ġthe	4.84332
624	10	Ġtailor	16.34818
624	11	Ġon	6.76713
624	12	Ġthe	1.410561
624	13	Ġstreet	3.892767
624	14	.	2.072813
624	15	<|endoftext|>	7.70858
625	1	<|endoftext|>	0.0
625	2	They	9.39695
625	3	Ġknow	7.895996
625	4	Ġthat	2.878158
625	5	Ġthe	3.625604
625	6	Ġnurse	15.429673
625	7	Ġsaid	6.823728
625	8	Ġthanked	20.303482
625	9	Ġthe	4.748429
625	10	Ġtailor	15.122977
625	11	Ġon	6.719973
625	12	Ġthe	1.757118
625	13	Ġstreet	6.408624
625	14	.	2.683303
625	15	<|endoftext|>	7.28367
626	1	<|endoftext|>	0.0
626	2	They	9.396978
626	3	Ġknow	7.895982
626	4	Ġthat	2.878192
626	5	Ġthe	3.625553
626	6	Ġnurse	15.42964
626	7	Ġsaid	6.823718
626	8	Ġthe	4.139491
626	9	Ġold	11.303836
626	10	Ġman	1.897075
626	11	Ġthanked	13.987696
626	12	Ġthe	4.945936
626	13	Ġtailor	13.888989
626	14	Ġon	6.705393
626	15	Ġthe	1.437775
626	16	Ġstreet	5.385864
626	17	.	2.830282
626	18	<|endoftext|>	7.677008
627	1	<|endoftext|>	0.0
627	2	They	9.39695
627	3	Ġknow	7.895996
627	4	Ġwho	5.464138
627	5	Ġthe	4.252008
627	6	Ġnurse	15.020977
627	7	Ġsaid	6.627195
627	8	Ġthanked	18.060755
627	9	Ġthe	5.961741
627	10	Ġtailor	16.203279
627	11	Ġon	6.709525
627	12	Ġthe	1.706836
627	13	Ġstreet	5.531379
627	14	.	1.584744
627	15	<|endoftext|>	6.674729
628	1	<|endoftext|>	0.0
628	2	They	9.396978
628	3	Ġknow	7.895982
628	4	Ġwho	5.464162
628	5	Ġthe	4.252062
628	6	Ġnurse	15.020937
628	7	Ġsaid	6.627221
628	8	Ġthe	6.224771
628	9	Ġold	12.387467
628	10	Ġman	1.446742
628	11	Ġthanked	17.804996
628	12	Ġthe	6.597964
628	13	Ġtailor	15.904621
628	14	Ġon	6.792548
628	15	Ġthe	1.49469
628	16	Ġstreet	4.125988
628	17	.	1.712792
628	18	<|endoftext|>	6.766802
629	1	<|endoftext|>	0.0
629	2	They	9.396978
629	3	Ġknow	7.895982
629	4	Ġthat	2.878192
629	5	Ġthe	3.625553
629	6	Ġnurse	15.42964
629	7	Ġsaid	6.823718
629	8	Ġthe	4.139491
629	9	Ġassistant	12.107482
629	10	Ġknew	8.442243
629	11	Ġthanked	23.028085
629	12	Ġthe	4.180034
629	13	Ġtailor	14.860219
629	14	Ġon	7.409948
629	15	Ġthe	1.49077
629	16	Ġstreet	6.313778
629	17	.	2.368997
629	18	<|endoftext|>	7.408839
630	1	<|endoftext|>	0.0
630	2	They	9.396978
630	3	Ġknow	7.895982
630	4	Ġthat	2.878192
630	5	Ġthe	3.625553
630	6	Ġnurse	15.42964
630	7	Ġsaid	6.823718
630	8	Ġthe	4.139491
630	9	Ġassistant	12.107482
630	10	Ġknew	8.442243
630	11	Ġthe	3.25304
630	12	Ġold	11.818681
630	13	Ġman	1.468517
630	14	Ġthanked	17.775596
630	15	Ġthe	4.529029
630	16	Ġtailor	13.839194
630	17	Ġon	6.571187
630	18	Ġthe	1.335254
630	19	Ġstreet	5.959683
630	20	.	2.377109
630	21	<|endoftext|>	7.662821
631	1	<|endoftext|>	0.0
631	2	They	9.396978
631	3	Ġknow	7.895982
631	4	Ġwho	5.464162
631	5	Ġthe	4.252062
631	6	Ġnurse	15.020937
631	7	Ġsaid	6.627221
631	8	Ġthe	6.224771
631	9	Ġassistant	12.123434
631	10	Ġknew	9.371527
631	11	Ġthanked	22.055312
631	12	Ġthe	3.832001
631	13	Ġtailor	16.220337
631	14	Ġon	6.952341
631	15	Ġthe	1.641602
631	16	Ġstreet	5.736655
631	17	.	1.637408
631	18	<|endoftext|>	6.238149
632	1	<|endoftext|>	0.0
632	2	They	9.396978
632	3	Ġknow	7.895982
632	4	Ġwho	5.464162
632	5	Ġthe	4.252062
632	6	Ġnurse	15.020937
632	7	Ġsaid	6.627221
632	8	Ġthe	6.224771
632	9	Ġassistant	12.123434
632	10	Ġknew	9.371527
632	11	Ġthe	6.121145
632	12	Ġold	12.312216
632	13	Ġman	1.483909
632	14	Ġthanked	17.408293
632	15	Ġthe	5.688283
632	16	Ġtailor	15.145601
632	17	Ġon	6.316437
632	18	Ġthe	1.448009
632	19	Ġstreet	5.346235
632	20	.	1.660496
632	21	<|endoftext|>	6.420771
633	1	<|endoftext|>	0.0
633	2	They	9.396978
633	3	Ġknow	7.895982
633	4	Ġthat	2.878192
633	5	Ġthe	3.625553
633	6	Ġnurse	15.42964
633	7	Ġsaid	6.823718
633	8	Ġthe	4.139491
633	9	Ġassistant	12.107482
633	10	Ġknew	8.442243
633	11	Ġshe	4.064766
633	12	Ġsaw	9.440219
633	13	Ġthanked	25.03544
633	14	Ġthe	4.427772
633	15	Ġtailor	15.658544
633	16	Ġon	6.360616
633	17	Ġthe	1.351399
633	18	Ġstreet	4.998371
633	19	.	1.907237
633	20	<|endoftext|>	7.505452
634	1	<|endoftext|>	0.0
634	2	They	9.396978
634	3	Ġknow	7.895982
634	4	Ġthat	2.878192
634	5	Ġthe	3.625553
634	6	Ġnurse	15.42964
634	7	Ġsaid	6.823718
634	8	Ġthe	4.139491
634	9	Ġassistant	12.107482
634	10	Ġknew	8.442243
634	11	Ġshe	4.064766
634	12	Ġsaw	9.440219
634	13	Ġthe	2.116785
634	14	Ġold	11.578285
634	15	Ġman	1.715312
634	16	Ġthanked	22.452852
634	17	Ġthe	4.364042
634	18	Ġtailor	15.414871
634	19	Ġon	6.259587
634	20	Ġthe	1.218576
634	21	Ġstreet	4.793063
634	22	.	1.989527
634	23	<|endoftext|>	7.256046
635	1	<|endoftext|>	0.0
635	2	They	9.396978
635	3	Ġknow	7.895982
635	4	Ġwho	5.464162
635	5	Ġthe	4.252062
635	6	Ġnurse	15.020937
635	7	Ġsaid	6.627221
635	8	Ġthe	6.224771
635	9	Ġassistant	12.123434
635	10	Ġknew	9.371527
635	11	Ġshe	6.326995
635	12	Ġsaw	10.91443
635	13	Ġthanked	23.464928
635	14	Ġthe	3.830229
635	15	Ġtailor	17.11417
635	16	Ġon	6.116593
635	17	Ġthe	1.467861
635	18	Ġstreet	4.428417
635	19	.	1.353813
635	20	<|endoftext|>	6.415304
636	1	<|endoftext|>	0.0
636	2	They	9.396978
636	3	Ġknow	7.895982
636	4	Ġwho	5.464162
636	5	Ġthe	4.252062
636	6	Ġnurse	15.020937
636	7	Ġsaid	6.627221
636	8	Ġthe	6.224771
636	9	Ġassistant	12.123434
636	10	Ġknew	9.371527
636	11	Ġshe	6.326995
636	12	Ġsaw	10.91443
636	13	Ġthe	4.955201
636	14	Ġold	11.678544
636	15	Ġman	1.827392
636	16	Ġthanked	20.833288
636	17	Ġthe	4.631214
636	18	Ġtailor	16.70006
636	19	Ġon	5.743196
636	20	Ġthe	1.355145
636	21	Ġstreet	4.460438
636	22	.	1.511401
636	23	<|endoftext|>	6.015536
637	1	<|endoftext|>	0.0
637	2	They	9.396978
637	3	Ġknow	7.895982
637	4	Ġthat	2.878192
637	5	Ġthe	3.625553
637	6	Ġnurse	15.42964
637	7	Ġsaid	6.823718
637	8	Ġthe	4.139491
637	9	Ġassistant	12.107482
637	10	Ġknew	8.442243
637	11	Ġshe	4.064766
637	12	Ġsaw	9.440219
637	13	Ġthanked	25.03544
637	14	Ġthe	4.427772
637	15	Ġtailor	15.658544
637	16	Ġon	6.360616
637	17	Ġthe	1.351399
637	18	Ġstreet	4.998371
637	19	.	1.907237
637	20	<|endoftext|>	7.505452
638	1	<|endoftext|>	0.0
638	2	They	9.396978
638	3	Ġknow	7.895982
638	4	Ġthat	2.878192
638	5	Ġthe	3.625553
638	6	Ġnurse	15.42964
638	7	Ġsaid	6.823718
638	8	Ġthe	4.139491
638	9	Ġassistant	12.107482
638	10	Ġknew	8.442243
638	11	Ġshe	4.064766
638	12	Ġsaw	9.440219
638	13	Ġthe	2.116785
638	14	Ġold	11.578285
638	15	Ġman	1.715312
638	16	Ġthanked	22.452852
638	17	Ġthe	4.364042
638	18	Ġtailor	15.414871
638	19	Ġon	6.259587
638	20	Ġthe	1.218576
638	21	Ġstreet	4.793063
638	22	.	1.989527
638	23	<|endoftext|>	7.256046
639	1	<|endoftext|>	0.0
639	2	They	9.396978
639	3	Ġknow	7.895982
639	4	Ġwho	5.464162
639	5	Ġthe	4.252062
639	6	Ġnurse	15.020937
639	7	Ġsaid	6.627221
639	8	Ġthe	6.224771
639	9	Ġassistant	12.123434
639	10	Ġknew	9.371527
639	11	Ġshe	6.326995
639	12	Ġsaw	10.91443
639	13	Ġthanked	23.464928
639	14	Ġthe	3.830229
639	15	Ġtailor	17.11417
639	16	Ġon	6.116593
639	17	Ġthe	1.467861
639	18	Ġstreet	4.428417
639	19	.	1.353813
639	20	<|endoftext|>	6.415304
640	1	<|endoftext|>	0.0
640	2	They	9.396978
640	3	Ġknow	7.895982
640	4	Ġwho	5.464162
640	5	Ġthe	4.252062
640	6	Ġnurse	15.020937
640	7	Ġsaid	6.627221
640	8	Ġthe	6.224771
640	9	Ġassistant	12.123434
640	10	Ġknew	9.371527
640	11	Ġshe	6.326995
640	12	Ġsaw	10.91443
640	13	Ġthe	4.955201
640	14	Ġold	11.678544
640	15	Ġman	1.827392
640	16	Ġthanked	20.833288
640	17	Ġthe	4.631214
640	18	Ġtailor	16.70006
640	19	Ġon	5.743196
640	20	Ġthe	1.355145
640	21	Ġstreet	4.460438
640	22	.	1.511401
640	23	<|endoftext|>	6.015536
641	1	<|endoftext|>	0.0
641	2	He	8.582737
641	3	Ġreported	12.331583
641	4	Ġthat	2.374091
641	5	Ġreassured	20.577603
641	6	Ġthe	3.362891
641	7	Ġpatient	10.999715
641	8	Ġbefore	7.956292
641	9	Ġsurgery	6.864238
641	10	.	2.702901
641	11	<|endoftext|>	5.263604
642	1	<|endoftext|>	0.0
642	2	He	8.582737
642	3	Ġreported	12.331583
642	4	Ġthat	2.374091
642	5	Ġthe	2.664716
642	6	Ġdoctor	10.428659
642	7	Ġreassured	12.649009
642	8	Ġthe	4.65538
642	9	Ġpatient	2.547391
642	10	Ġbefore	7.909855
642	11	Ġsurgery	6.489563
642	12	.	4.819973
642	13	<|endoftext|>	5.419122
643	1	<|endoftext|>	0.0
643	2	He	8.582737
643	3	Ġreported	12.331583
643	4	Ġwho	12.870041
643	5	Ġreassured	21.121979
643	6	Ġthe	6.259833
643	7	Ġpatient	10.659069
643	8	Ġbefore	7.604421
643	9	Ġsurgery	6.25815
643	10	.	2.314914
643	11	<|endoftext|>	5.799071
644	1	<|endoftext|>	0.0
644	2	He	8.582737
644	3	Ġreported	12.331583
644	4	Ġwho	12.870041
644	5	Ġthe	4.073936
644	6	Ġdoctor	10.163121
644	7	Ġreassured	18.606693
644	8	Ġthe	6.468276
644	9	Ġpatient	3.947485
644	10	Ġbefore	7.497088
644	11	Ġsurgery	6.786775
644	12	.	1.674766
644	13	<|endoftext|>	5.713599
645	1	<|endoftext|>	0.0
645	2	He	8.582737
645	3	Ġreported	12.331583
645	4	Ġthat	2.374091
645	5	Ġthe	2.664716
645	6	Ġnurse	12.591865
645	7	Ġbelieved	9.356309
645	8	Ġreassured	21.407363
645	9	Ġthe	4.162518
645	10	Ġpatient	2.200463
645	11	Ġbefore	7.638199
645	12	Ġsurgery	8.262562
645	13	.	2.605997
645	14	<|endoftext|>	5.426022
646	1	<|endoftext|>	0.0
646	2	He	8.582738
646	3	Ġreported	12.331528
646	4	Ġthat	2.37405
646	5	Ġthe	2.664666
646	6	Ġnurse	12.591829
646	7	Ġbelieved	9.356375
646	8	Ġthe	2.852142
646	9	Ġdoctor	7.174712
646	10	Ġreassured	16.858163
646	11	Ġthe	5.607121
646	12	Ġpatient	1.126009
646	13	Ġbefore	7.23639
646	14	Ġsurgery	8.089629
646	15	.	2.536386
646	16	<|endoftext|>	5.379763
647	1	<|endoftext|>	0.0
647	2	He	8.582737
647	3	Ġreported	12.331583
647	4	Ġwho	12.870041
647	5	Ġthe	4.073936
647	6	Ġnurse	12.710886
647	7	Ġbelieved	7.736498
647	8	Ġreassured	22.344989
647	9	Ġthe	5.8187
647	10	Ġpatient	4.231426
647	11	Ġbefore	7.270789
647	12	Ġsurgery	8.21586
647	13	.	1.48426
647	14	<|endoftext|>	5.600595
648	1	<|endoftext|>	0.0
648	2	He	8.582738
648	3	Ġreported	12.331528
648	4	Ġwho	12.869989
648	5	Ġthe	4.073953
648	6	Ġnurse	12.710883
648	7	Ġbelieved	7.73643
648	8	Ġthe	6.584958
648	9	Ġdoctor	7.055094
648	10	Ġreassured	21.37616
648	11	Ġthe	6.658629
648	12	Ġpatient	2.41417
648	13	Ġbefore	7.40136
648	14	Ġsurgery	8.187941
648	15	.	1.243611
648	16	<|endoftext|>	5.294354
649	1	<|endoftext|>	0.0
649	2	He	8.582732
649	3	Ġreported	12.331528
649	4	Ġthat	2.374054
649	5	Ġthe	2.664676
649	6	Ġnurse	12.591839
649	7	Ġbelieved	9.356385
649	8	Ġthe	2.852142
649	9	Ġwoman	4.128963
649	10	Ġthought	10.593427
649	11	Ġreassured	22.140903
649	12	Ġthe	4.169261
649	13	Ġpatient	3.083575
649	14	Ġbefore	7.707815
649	15	Ġsurgery	10.31517
649	16	.	1.594756
649	17	<|endoftext|>	5.151226
650	1	<|endoftext|>	0.0
650	2	He	8.582732
650	3	Ġreported	12.331528
650	4	Ġthat	2.374054
650	5	Ġthe	2.664676
650	6	Ġnurse	12.591839
650	7	Ġbelieved	9.356385
650	8	Ġthe	2.852142
650	9	Ġwoman	4.128963
650	10	Ġthought	10.593427
650	11	Ġthe	3.192168
650	12	Ġdoctor	6.833011
650	13	Ġreassured	17.70496
650	14	Ġthe	6.580253
650	15	Ġpatient	1.573726
650	16	Ġbefore	7.345011
650	17	Ġsurgery	9.225656
650	18	.	1.561588
650	19	<|endoftext|>	5.088672
651	1	<|endoftext|>	0.0
651	2	He	8.582732
651	3	Ġreported	12.331528
651	4	Ġwho	12.869993
651	5	Ġthe	4.073953
651	6	Ġnurse	12.71089
651	7	Ġbelieved	7.736395
651	8	Ġthe	6.584952
651	9	Ġwoman	3.537509
651	10	Ġthought	11.027246
651	11	Ġreassured	21.667032
651	12	Ġthe	5.547562
651	13	Ġpatient	4.96614
651	14	Ġbefore	7.570065
651	15	Ġsurgery	10.286218
651	16	.	1.023392
651	17	<|endoftext|>	5.03655
652	1	<|endoftext|>	0.0
652	2	He	8.582732
652	3	Ġreported	12.331528
652	4	Ġwho	12.869993
652	5	Ġthe	4.073953
652	6	Ġnurse	12.71089
652	7	Ġbelieved	7.736395
652	8	Ġthe	6.584952
652	9	Ġwoman	3.537509
652	10	Ġthought	11.027246
652	11	Ġthe	4.977725
652	12	Ġdoctor	7.218043
652	13	Ġreassured	21.361367
652	14	Ġthe	6.86095
652	15	Ġpatient	2.558247
652	16	Ġbefore	6.960454
652	17	Ġsurgery	9.058965
652	18	.	0.906513
652	19	<|endoftext|>	4.835442
653	1	<|endoftext|>	0.0
653	2	He	8.582732
653	3	Ġreported	12.331528
653	4	Ġthat	2.374054
653	5	Ġthe	2.664676
653	6	Ġnurse	12.591839
653	7	Ġbelieved	9.356385
653	8	Ġthe	2.852142
653	9	Ġwoman	4.128963
653	10	Ġthought	10.593427
653	11	Ġshe	1.717674
653	12	Ġrecalled	14.74257
653	13	Ġreassured	21.573292
653	14	Ġthe	4.301667
653	15	Ġpatient	3.257045
653	16	Ġbefore	7.986788
653	17	Ġsurgery	10.915728
653	18	.	1.545375
653	19	<|endoftext|>	5.110934
654	1	<|endoftext|>	0.0
654	2	He	8.582732
654	3	Ġreported	12.331528
654	4	Ġthat	2.374054
654	5	Ġthe	2.664676
654	6	Ġnurse	12.591839
654	7	Ġbelieved	9.356385
654	8	Ġthe	2.852142
654	9	Ġwoman	4.128963
654	10	Ġthought	10.593427
654	11	Ġshe	1.717674
654	12	Ġrecalled	14.74257
654	13	Ġthe	3.489611
654	14	Ġdoctor	8.133345
654	15	Ġreassured	18.057294
654	16	Ġthe	5.812758
654	17	Ġpatient	2.07207
654	18	Ġbefore	7.112709
654	19	Ġsurgery	9.849757
654	20	.	1.345853
654	21	<|endoftext|>	5.019038
655	1	<|endoftext|>	0.0
655	2	He	8.582732
655	3	Ġreported	12.331528
655	4	Ġwho	12.869993
655	5	Ġthe	4.073953
655	6	Ġnurse	12.71089
655	7	Ġbelieved	7.736395
655	8	Ġthe	6.584952
655	9	Ġwoman	3.537509
655	10	Ġthought	11.027246
655	11	Ġshe	2.776688
655	12	Ġrecalled	15.805156
655	13	Ġreassured	21.810697
655	14	Ġthe	5.505457
655	15	Ġpatient	6.34556
655	16	Ġbefore	8.406352
655	17	Ġsurgery	11.026705
655	18	.	1.17326
655	19	<|endoftext|>	4.967833
656	1	<|endoftext|>	0.0
656	2	He	8.582732
656	3	Ġreported	12.331528
656	4	Ġwho	12.869993
656	5	Ġthe	4.073953
656	6	Ġnurse	12.71089
656	7	Ġbelieved	7.736395
656	8	Ġthe	6.584952
656	9	Ġwoman	3.537509
656	10	Ġthought	11.027246
656	11	Ġshe	2.776688
656	12	Ġrecalled	15.805156
656	13	Ġthe	6.706118
656	14	Ġdoctor	8.385772
656	15	Ġreassured	18.403806
656	16	Ġthe	5.863998
656	17	Ġpatient	3.97579
656	18	Ġbefore	7.420947
656	19	Ġsurgery	10.123039
656	20	.	0.996232
656	21	<|endoftext|>	4.773423
657	1	<|endoftext|>	0.0
657	2	He	8.582732
657	3	Ġreported	12.331528
657	4	Ġthat	2.374054
657	5	Ġthe	2.664676
657	6	Ġnurse	12.591839
657	7	Ġbelieved	9.356385
657	8	Ġthe	2.852142
657	9	Ġwoman	4.128963
657	10	Ġthought	10.593427
657	11	Ġshe	1.717674
657	12	Ġrecalled	14.74257
657	13	Ġreassured	21.573292
657	14	Ġthe	4.301667
657	15	Ġpatient	3.257045
657	16	Ġbefore	7.986788
657	17	Ġsurgery	10.915728
657	18	.	1.545375
657	19	<|endoftext|>	5.110934
658	1	<|endoftext|>	0.0
658	2	He	8.582732
658	3	Ġreported	12.331528
658	4	Ġthat	2.374054
658	5	Ġthe	2.664676
658	6	Ġnurse	12.591839
658	7	Ġbelieved	9.356385
658	8	Ġthe	2.852142
658	9	Ġwoman	4.128963
658	10	Ġthought	10.593427
658	11	Ġshe	1.717674
658	12	Ġrecalled	14.74257
658	13	Ġthe	3.489611
658	14	Ġdoctor	8.133345
658	15	Ġreassured	18.057294
658	16	Ġthe	5.812758
658	17	Ġpatient	2.07207
658	18	Ġbefore	7.112709
658	19	Ġsurgery	9.849757
658	20	.	1.345853
658	21	<|endoftext|>	5.019038
659	1	<|endoftext|>	0.0
659	2	He	8.582732
659	3	Ġreported	12.331528
659	4	Ġwho	12.869993
659	5	Ġthe	4.073953
659	6	Ġnurse	12.71089
659	7	Ġbelieved	7.736395
659	8	Ġthe	6.584952
659	9	Ġwoman	3.537509
659	10	Ġthought	11.027246
659	11	Ġshe	2.776688
659	12	Ġrecalled	15.805156
659	13	Ġreassured	21.810697
659	14	Ġthe	5.505457
659	15	Ġpatient	6.34556
659	16	Ġbefore	8.406352
659	17	Ġsurgery	11.026705
659	18	.	1.17326
659	19	<|endoftext|>	4.967833
660	1	<|endoftext|>	0.0
660	2	He	8.582732
660	3	Ġreported	12.331528
660	4	Ġwho	12.869993
660	5	Ġthe	4.073953
660	6	Ġnurse	12.71089
660	7	Ġbelieved	7.736395
660	8	Ġthe	6.584952
660	9	Ġwoman	3.537509
660	10	Ġthought	11.027246
660	11	Ġshe	2.776688
660	12	Ġrecalled	15.805156
660	13	Ġthe	6.706118
660	14	Ġdoctor	8.385772
660	15	Ġreassured	18.403806
660	16	Ġthe	5.863998
660	17	Ġpatient	3.97579
660	18	Ġbefore	7.420947
660	19	Ġsurgery	10.123039
660	20	.	0.996232
660	21	<|endoftext|>	4.773423
661	1	<|endoftext|>	0.0
661	2	We	7.155782
661	3	Ġdiscovered	10.710771
661	4	Ġthat	1.752152
661	5	Ġtold	16.21166
661	6	Ġa	5.332173
661	7	Ġstory	2.779077
661	8	Ġabout	1.852977
661	9	Ġthe	3.359355
661	10	Ġwoman	8.365277
661	11	.	6.718627
661	12	<|endoftext|>	8.543504
662	1	<|endoftext|>	0.0
662	2	We	7.155782
662	3	Ġdiscovered	10.710771
662	4	Ġthat	1.752152
662	5	Ġthe	2.945693
662	6	Ġfunny	14.610688
662	7	Ġactor	15.85808
662	8	Ġtold	9.786698
662	9	Ġa	2.503886
662	10	Ġstory	2.105106
662	11	Ġabout	0.972203
662	12	Ġthe	4.126323
662	13	Ġwoman	8.189428
662	14	.	8.722366
662	15	<|endoftext|>	7.838349
663	1	<|endoftext|>	0.0
663	2	We	7.155782
663	3	Ġdiscovered	10.710771
663	4	Ġwho	11.864204
663	5	Ġtold	9.953766
663	6	Ġa	7.798781
663	7	Ġstory	1.97515
663	8	Ġabout	0.970283
663	9	Ġthe	3.390295
663	10	Ġwoman	7.916722
663	11	.	6.053221
663	12	<|endoftext|>	7.304839
664	1	<|endoftext|>	0.0
664	2	We	7.155782
664	3	Ġdiscovered	10.710771
664	4	Ġwho	11.864204
664	5	Ġthe	3.666729
664	6	Ġfunny	13.074724
664	7	Ġactor	11.358888
664	8	Ġtold	12.570332
664	9	Ġa	7.259831
664	10	Ġstory	2.343508
664	11	Ġabout	0.670519
664	12	Ġthe	4.102958
664	13	Ġwoman	8.562473
664	14	.	6.335321
664	15	<|endoftext|>	6.792608
665	1	<|endoftext|>	0.0
665	2	We	7.155761
665	3	Ġdiscovered	10.710793
665	4	Ġthat	1.752161
665	5	Ġthe	2.945664
665	6	Ġdelivery	13.439268
665	7	Ġboy	12.783776
665	8	Ġremarked	16.914919
665	9	Ġtold	18.329528
665	10	Ġa	5.749278
665	11	Ġstory	3.004951
665	12	Ġabout	0.922474
665	13	Ġthe	3.734797
665	14	Ġwoman	7.545968
665	15	.	5.915196
665	16	<|endoftext|>	8.660504
666	1	<|endoftext|>	0.0
666	2	We	7.155761
666	3	Ġdiscovered	10.710806
666	4	Ġthat	1.752165
666	5	Ġthe	2.945662
666	6	Ġdelivery	13.439272
666	7	Ġboy	12.783779
666	8	Ġremarked	16.914922
666	9	Ġthe	6.927592
666	10	Ġfunny	11.516302
666	11	Ġactor	12.573332
666	12	Ġtold	9.535067
666	13	Ġa	5.90862
666	14	Ġstory	3.59812
666	15	Ġabout	0.894216
666	16	Ġthe	3.540463
666	17	Ġwoman	8.288658
666	18	.	5.691501
666	19	<|endoftext|>	7.335359
667	1	<|endoftext|>	0.0
667	2	We	7.155761
667	3	Ġdiscovered	10.710793
667	4	Ġwho	11.864201
667	5	Ġthe	3.666755
667	6	Ġdelivery	15.892687
667	7	Ġboy	5.617696
667	8	Ġremarked	22.228243
667	9	Ġtold	14.261408
667	10	Ġa	8.369407
667	11	Ġstory	3.42049
667	12	Ġabout	0.997094
667	13	Ġthe	3.672746
667	14	Ġwoman	7.335396
667	15	.	4.630916
667	16	<|endoftext|>	7.602541
668	1	<|endoftext|>	0.0
668	2	We	7.155761
668	3	Ġdiscovered	10.710806
668	4	Ġwho	11.864205
668	5	Ġthe	3.666737
668	6	Ġdelivery	15.892686
668	7	Ġboy	5.617702
668	8	Ġremarked	22.228242
668	9	Ġthe	4.75599
668	10	Ġfunny	14.01174
668	11	Ġactor	12.541944
668	12	Ġtold	10.350078
668	13	Ġa	6.978786
668	14	Ġstory	3.617241
668	15	Ġabout	0.8873
668	16	Ġthe	3.853643
668	17	Ġwoman	8.376055
668	18	.	5.07113
668	19	<|endoftext|>	5.964484
669	1	<|endoftext|>	0.0
669	2	We	7.155761
669	3	Ġdiscovered	10.710806
669	4	Ġthat	1.752165
669	5	Ġthe	2.945662
669	6	Ġdelivery	13.439272
669	7	Ġboy	12.783779
669	8	Ġremarked	16.914922
669	9	Ġthe	6.927592
669	10	Ġworker	13.224164
669	11	Ġsaid	7.931121
669	12	Ġtold	16.898704
669	13	Ġa	7.321245
669	14	Ġstory	4.427487
669	15	Ġabout	0.907154
669	16	Ġthe	3.245946
669	17	Ġwoman	6.681132
669	18	.	4.173167
669	19	<|endoftext|>	7.840661
670	1	<|endoftext|>	0.0
670	2	We	7.155761
670	3	Ġdiscovered	10.710806
670	4	Ġthat	1.752165
670	5	Ġthe	2.945662
670	6	Ġdelivery	13.439272
670	7	Ġboy	12.783779
670	8	Ġremarked	16.914922
670	9	Ġthe	6.927592
670	10	Ġworker	13.224164
670	11	Ġsaid	7.931121
670	12	Ġthe	3.249919
670	13	Ġfunny	15.045601
670	14	Ġactor	12.771513
670	15	Ġtold	7.395338
670	16	Ġa	6.514488
670	17	Ġstory	4.250888
670	18	Ġabout	0.994839
670	19	Ġthe	3.315937
670	20	Ġwoman	7.537244
670	21	.	3.746152
670	22	<|endoftext|>	7.082522
671	1	<|endoftext|>	0.0
671	2	We	7.155761
671	3	Ġdiscovered	10.710806
671	4	Ġwho	11.864205
671	5	Ġthe	3.666737
671	6	Ġdelivery	15.892686
671	7	Ġboy	5.617702
671	8	Ġremarked	22.228242
671	9	Ġthe	4.75599
671	10	Ġworker	14.120499
671	11	Ġsaid	8.26934
671	12	Ġtold	13.112616
671	13	Ġa	8.25984
671	14	Ġstory	4.537808
671	15	Ġabout	0.933185
671	16	Ġthe	3.567529
671	17	Ġwoman	6.081494
671	18	.	3.957116
671	19	<|endoftext|>	6.802516
672	1	<|endoftext|>	0.0
672	2	We	7.155761
672	3	Ġdiscovered	10.710806
672	4	Ġwho	11.864205
672	5	Ġthe	3.666737
672	6	Ġdelivery	15.892686
672	7	Ġboy	5.617702
672	8	Ġremarked	22.228242
672	9	Ġthe	4.75599
672	10	Ġworker	14.120499
672	11	Ġsaid	8.26934
672	12	Ġthe	5.243505
672	13	Ġfunny	14.891433
672	14	Ġactor	11.809025
672	15	Ġtold	7.663843
672	16	Ġa	7.209976
672	17	Ġstory	3.921114
672	18	Ġabout	0.958637
672	19	Ġthe	3.625117
672	20	Ġwoman	7.45803
672	21	.	3.781181
672	22	<|endoftext|>	5.933781
673	1	<|endoftext|>	0.0
673	2	We	7.155761
673	3	Ġdiscovered	10.710806
673	4	Ġthat	1.752165
673	5	Ġthe	2.945662
673	6	Ġdelivery	13.439272
673	7	Ġboy	12.783779
673	8	Ġremarked	16.914922
673	9	Ġthe	6.927592
673	10	Ġworker	13.224164
673	11	Ġsaid	7.931121
673	12	Ġthe	3.249919
673	13	Ġgard	13.982379
673	14	ener	2.231375
673	15	Ġknew	8.407284
673	16	Ġtold	15.773101
673	17	Ġa	7.1689
673	18	Ġstory	3.305042
673	19	Ġabout	1.364397
673	20	Ġthe	2.062287
673	21	Ġwoman	6.54422
673	22	.	3.388997
673	23	<|endoftext|>	7.519274
674	1	<|endoftext|>	0.0
674	2	We	7.155761
674	3	Ġdiscovered	10.710806
674	4	Ġthat	1.752165
674	5	Ġthe	2.945662
674	6	Ġdelivery	13.439272
674	7	Ġboy	12.783779
674	8	Ġremarked	16.914922
674	9	Ġthe	6.927592
674	10	Ġworker	13.224164
674	11	Ġsaid	7.931121
674	12	Ġthe	3.249919
674	13	Ġgard	13.982379
674	14	ener	2.231375
674	15	Ġknew	8.407284
674	16	Ġthe	2.48598
674	17	Ġfunny	14.528131
674	18	Ġactor	13.185743
674	19	Ġtold	10.589156
674	20	Ġa	6.525491
674	21	Ġstory	3.567147
674	22	Ġabout	1.158785
674	23	Ġthe	2.675661
674	24	Ġwoman	7.53977
674	25	.	3.826258
674	26	<|endoftext|>	6.568101
675	1	<|endoftext|>	0.0
675	2	We	7.155761
675	3	Ġdiscovered	10.710806
675	4	Ġwho	11.864205
675	5	Ġthe	3.666737
675	6	Ġdelivery	15.892686
675	7	Ġboy	5.617702
675	8	Ġremarked	22.228242
675	9	Ġthe	4.75599
675	10	Ġworker	14.120499
675	11	Ġsaid	8.26934
675	12	Ġthe	5.243505
675	13	Ġgard	14.497364
675	14	ener	3.409932
675	15	Ġknew	8.362879
675	16	Ġtold	13.01489
675	17	Ġa	7.772296
675	18	Ġstory	2.721444
675	19	Ġabout	1.496013
675	20	Ġthe	2.309744
675	21	Ġwoman	6.041357
675	22	.	3.412265
675	23	<|endoftext|>	6.622527
676	1	<|endoftext|>	0.0
676	2	We	7.155761
676	3	Ġdiscovered	10.710806
676	4	Ġwho	11.864205
676	5	Ġthe	3.666737
676	6	Ġdelivery	15.892686
676	7	Ġboy	5.617702
676	8	Ġremarked	22.228242
676	9	Ġthe	4.75599
676	10	Ġworker	14.120499
676	11	Ġsaid	8.26934
676	12	Ġthe	5.243505
676	13	Ġgard	14.497364
676	14	ener	3.409932
676	15	Ġknew	8.362879
676	16	Ġthe	3.105673
676	17	Ġfunny	14.379947
676	18	Ġactor	12.433535
676	19	Ġtold	10.361431
676	20	Ġa	6.900796
676	21	Ġstory	2.902056
676	22	Ġabout	1.203344
676	23	Ġthe	2.876519
676	24	Ġwoman	7.309568
676	25	.	4.06265
676	26	<|endoftext|>	5.645228
677	1	<|endoftext|>	0.0
677	2	We	7.155761
677	3	Ġdiscovered	10.710806
677	4	Ġthat	1.752165
677	5	Ġthe	2.945662
677	6	Ġdelivery	13.439272
677	7	Ġboy	12.783779
677	8	Ġremarked	16.914922
677	9	Ġthe	6.927592
677	10	Ġworker	13.224164
677	11	Ġsaid	7.931121
677	12	Ġthe	3.249919
677	13	Ġgard	13.982379
677	14	ener	2.231375
677	15	Ġknew	8.407284
677	16	Ġtold	15.773101
677	17	Ġa	7.1689
677	18	Ġstory	3.305042
677	19	Ġabout	1.364397
677	20	Ġthe	2.062287
677	21	Ġwoman	6.54422
677	22	.	3.388997
677	23	<|endoftext|>	7.519274
678	1	<|endoftext|>	0.0
678	2	We	7.155761
678	3	Ġdiscovered	10.710806
678	4	Ġthat	1.752165
678	5	Ġthe	2.945662
678	6	Ġdelivery	13.439272
678	7	Ġboy	12.783779
678	8	Ġremarked	16.914922
678	9	Ġthe	6.927592
678	10	Ġworker	13.224164
678	11	Ġsaid	7.931121
678	12	Ġthe	3.249919
678	13	Ġgard	13.982379
678	14	ener	2.231375
678	15	Ġknew	8.407284
678	16	Ġthe	2.48598
678	17	Ġfunny	14.528131
678	18	Ġactor	13.185743
678	19	Ġtold	10.589156
678	20	Ġa	6.525491
678	21	Ġstory	3.567147
678	22	Ġabout	1.158785
678	23	Ġthe	2.675661
678	24	Ġwoman	7.53977
678	25	.	3.826258
678	26	<|endoftext|>	6.568101
679	1	<|endoftext|>	0.0
679	2	We	7.155761
679	3	Ġdiscovered	10.710806
679	4	Ġwho	11.864205
679	5	Ġthe	3.666737
679	6	Ġdelivery	15.892686
679	7	Ġboy	5.617702
679	8	Ġremarked	22.228242
679	9	Ġthe	4.75599
679	10	Ġworker	14.120499
679	11	Ġsaid	8.26934
679	12	Ġthe	5.243505
679	13	Ġgard	14.497364
679	14	ener	3.409932
679	15	Ġknew	8.362879
679	16	Ġtold	13.01489
679	17	Ġa	7.772296
679	18	Ġstory	2.721444
679	19	Ġabout	1.496013
679	20	Ġthe	2.309744
679	21	Ġwoman	6.041357
679	22	.	3.412265
679	23	<|endoftext|>	6.622527
680	1	<|endoftext|>	0.0
680	2	We	7.155761
680	3	Ġdiscovered	10.710806
680	4	Ġwho	11.864205
680	5	Ġthe	3.666737
680	6	Ġdelivery	15.892686
680	7	Ġboy	5.617702
680	8	Ġremarked	22.228242
680	9	Ġthe	4.75599
680	10	Ġworker	14.120499
680	11	Ġsaid	8.26934
680	12	Ġthe	5.243505
680	13	Ġgard	14.497364
680	14	ener	3.409932
680	15	Ġknew	8.362879
680	16	Ġthe	3.105673
680	17	Ġfunny	14.379947
680	18	Ġactor	12.433535
680	19	Ġtold	10.361431
680	20	Ġa	6.900796
680	21	Ġstory	2.902056
680	22	Ġabout	1.203344
680	23	Ġthe	2.876519
680	24	Ġwoman	7.309568
680	25	.	4.06265
680	26	<|endoftext|>	5.645228
681	1	<|endoftext|>	0.0
681	2	They	9.39695
681	3	Ġreported	10.956506
681	4	Ġthat	2.20851
681	5	Ġabandoned	16.938408
681	6	Ġthe	10.50937
681	7	Ġchildren	9.59886
681	8	Ġon	4.97002
681	9	Ġthe	1.688127
681	10	Ġside	6.425522
681	11	Ġof	0.18186
681	12	Ġthe	0.375599
681	13	Ġroad	0.150516
681	14	.	2.823951
681	15	<|endoftext|>	6.387396
682	1	<|endoftext|>	0.0
682	2	They	9.396978
682	3	Ġreported	10.956426
682	4	Ġthat	2.208518
682	5	Ġthe	2.648968
682	6	Ġwoman	6.706941
682	7	Ġabandoned	13.258875
682	8	Ġthe	2.463641
682	9	Ġchildren	6.613818
682	10	Ġon	4.675082
682	11	Ġthe	1.577041
682	12	Ġside	5.604781
682	13	Ġof	0.107326
682	14	Ġthe	0.367868
682	15	Ġroad	0.134588
682	16	.	3.193446
682	17	<|endoftext|>	6.238498
683	1	<|endoftext|>	0.0
683	2	They	9.39695
683	3	Ġreported	10.956506
683	4	Ġwho	12.973997
683	5	Ġabandoned	13.385146
683	6	Ġthe	1.799815
683	7	Ġchildren	7.55103
683	8	Ġon	5.242374
683	9	Ġthe	1.736606
683	10	Ġside	6.768875
683	11	Ġof	0.166547
683	12	Ġthe	0.322264
683	13	Ġroad	0.146321
683	14	.	2.238892
683	15	<|endoftext|>	6.31681
684	1	<|endoftext|>	0.0
684	2	They	9.396978
684	3	Ġreported	10.956426
684	4	Ġwho	12.973917
684	5	Ġthe	4.219927
684	6	Ġwoman	5.979736
684	7	Ġabandoned	15.185143
684	8	Ġthe	3.890791
684	9	Ġchildren	6.24164
684	10	Ġon	5.831234
684	11	Ġthe	2.297368
684	12	Ġside	6.724339
684	13	Ġof	0.151339
684	14	Ġthe	0.377062
684	15	Ġroad	0.16407
684	16	.	1.91691
684	17	<|endoftext|>	6.128968
685	1	<|endoftext|>	0.0
685	2	They	9.396978
685	3	Ġreported	10.956426
685	4	Ġthat	2.208518
685	5	Ġthe	2.648968
685	6	Ġman	6.28552
685	7	Ġclaimed	9.163833
685	8	Ġabandoned	19.303074
685	9	Ġthe	6.954368
685	10	Ġchildren	8.704401
685	11	Ġon	4.916502
685	12	Ġthe	1.489776
685	13	Ġside	5.941889
685	14	Ġof	0.097791
685	15	Ġthe	0.419994
685	16	Ġroad	0.136067
685	17	.	2.741465
685	18	<|endoftext|>	6.02491
686	1	<|endoftext|>	0.0
686	2	They	9.396978
686	3	Ġreported	10.956426
686	4	Ġthat	2.208518
686	5	Ġthe	2.648968
686	6	Ġman	6.28552
686	7	Ġclaimed	9.163833
686	8	Ġthe	4.938829
686	9	Ġwoman	4.524271
686	10	Ġabandoned	11.787648
686	11	Ġthe	4.990468
686	12	Ġchildren	6.422332
686	13	Ġon	4.89628
686	14	Ġthe	1.34717
686	15	Ġside	5.492663
686	16	Ġof	0.072374
686	17	Ġthe	0.380614
686	18	Ġroad	0.117259
686	19	.	2.654473
686	20	<|endoftext|>	6.116747
687	1	<|endoftext|>	0.0
687	2	They	9.396978
687	3	Ġreported	10.956426
687	4	Ġwho	12.973917
687	5	Ġthe	4.219927
687	6	Ġman	4.470142
687	7	Ġclaimed	10.243755
687	8	Ġabandoned	16.131879
687	9	Ġthe	2.555015
687	10	Ġchildren	7.437075
687	11	Ġon	4.911213
687	12	Ġthe	1.696129
687	13	Ġside	6.67556
687	14	Ġof	0.099156
687	15	Ġthe	0.451468
687	16	Ġroad	0.148655
687	17	.	1.951975
687	18	<|endoftext|>	5.913213
688	1	<|endoftext|>	0.0
688	2	They	9.396978
688	3	Ġreported	10.956426
688	4	Ġwho	12.973917
688	5	Ġthe	4.219927
688	6	Ġman	4.470142
688	7	Ġclaimed	10.243755
688	8	Ġthe	7.873047
688	9	Ġwoman	4.49264
688	10	Ġabandoned	13.464209
688	11	Ġthe	5.344277
688	12	Ġchildren	6.058021
688	13	Ġon	4.951364
688	14	Ġthe	1.780426
688	15	Ġside	5.997599
688	16	Ġof	0.075138
688	17	Ġthe	0.426552
688	18	Ġroad	0.128907
688	19	.	1.679383
688	20	<|endoftext|>	5.87722
689	1	<|endoftext|>	0.0
689	2	They	9.396978
689	3	Ġreported	10.956426
689	4	Ġthat	2.208518
689	5	Ġthe	2.648968
689	6	Ġman	6.28552
689	7	Ġclaimed	9.163833
689	8	Ġhis	5.796255
689	9	Ġfriend	6.769814
689	10	Ġbelieved	10.79864
689	11	Ġabandoned	18.383149
689	12	Ġthe	6.218994
689	13	Ġchildren	7.666473
689	14	Ġon	5.640743
689	15	Ġthe	1.189257
689	16	Ġside	5.946674
689	17	Ġof	0.087067
689	18	Ġthe	0.372673
689	19	Ġroad	0.135178
689	20	.	1.976475
689	21	<|endoftext|>	6.211981
690	1	<|endoftext|>	0.0
690	2	They	9.396978
690	3	Ġreported	10.956426
690	4	Ġthat	2.208518
690	5	Ġthe	2.648968
690	6	Ġman	6.28552
690	7	Ġclaimed	9.163833
690	8	Ġhis	5.796255
690	9	Ġfriend	6.769814
690	10	Ġbelieved	10.79864
690	11	Ġthe	3.110857
690	12	Ġwoman	4.168074
690	13	Ġabandoned	13.600509
690	14	Ġthe	4.932777
690	15	Ġchildren	6.77075
690	16	Ġon	5.354526
690	17	Ġthe	1.191371
690	18	Ġside	5.4377
690	19	Ġof	0.081822
690	20	Ġthe	0.357907
690	21	Ġroad	0.117384
690	22	.	1.891103
690	23	<|endoftext|>	6.164934
691	1	<|endoftext|>	0.0
691	2	They	9.396978
691	3	Ġreported	10.956426
691	4	Ġwho	12.973917
691	5	Ġthe	4.219927
691	6	Ġman	4.470142
691	7	Ġclaimed	10.243755
691	8	Ġhis	9.922178
691	9	Ġfriend	5.785155
691	10	Ġbelieved	11.006887
691	11	Ġabandoned	14.731839
691	12	Ġthe	3.342307
691	13	Ġchildren	7.186814
691	14	Ġon	5.015424
691	15	Ġthe	1.495999
691	16	Ġside	6.406256
691	17	Ġof	0.07754
691	18	Ġthe	0.481311
691	19	Ġroad	0.151785
691	20	.	1.424984
691	21	<|endoftext|>	6.081146
692	1	<|endoftext|>	0.0
692	2	They	9.396978
692	3	Ġreported	10.956426
692	4	Ġwho	12.973917
692	5	Ġthe	4.219927
692	6	Ġman	4.470142
692	7	Ġclaimed	10.243755
692	8	Ġhis	9.922178
692	9	Ġfriend	5.785155
692	10	Ġbelieved	11.006887
692	11	Ġthe	8.030646
692	12	Ġwoman	4.633859
692	13	Ġabandoned	14.22434
692	14	Ġthe	5.930368
692	15	Ġchildren	6.382532
692	16	Ġon	5.089775
692	17	Ġthe	1.567768
692	18	Ġside	5.705986
692	19	Ġof	0.080516
692	20	Ġthe	0.426322
692	21	Ġroad	0.125594
692	22	.	1.37738
692	23	<|endoftext|>	5.982096
693	1	<|endoftext|>	0.0
693	2	They	9.396978
693	3	Ġreported	10.956426
693	4	Ġthat	2.208518
693	5	Ġthe	2.648968
693	6	Ġman	6.28552
693	7	Ġclaimed	9.163833
693	8	Ġhis	5.796255
693	9	Ġfriend	6.769814
693	10	Ġbelieved	10.79864
693	11	Ġhe	1.311693
693	12	Ġknew	7.796767
693	13	Ġabandoned	18.847441
693	14	Ġthe	7.488622
693	15	Ġchildren	7.281318
693	16	Ġon	6.819854
693	17	Ġthe	1.17686
693	18	Ġside	6.50892
693	19	Ġof	0.101753
693	20	Ġthe	0.3669
693	21	Ġroad	0.143827
693	22	.	1.816528
693	23	<|endoftext|>	6.157306
694	1	<|endoftext|>	0.0
694	2	They	9.396978
694	3	Ġreported	10.956426
694	4	Ġthat	2.208518
694	5	Ġthe	2.648968
694	6	Ġman	6.28552
694	7	Ġclaimed	9.163833
694	8	Ġhis	5.796255
694	9	Ġfriend	6.769814
694	10	Ġbelieved	10.79864
694	11	Ġhe	1.311693
694	12	Ġknew	7.796767
694	13	Ġthe	2.170891
694	14	Ġwoman	4.319644
694	15	Ġabandoned	16.913558
694	16	Ġthe	4.276521
694	17	Ġchildren	6.682149
694	18	Ġon	5.472521
694	19	Ġthe	1.234373
694	20	Ġside	5.810512
694	21	Ġof	0.100571
694	22	Ġthe	0.403938
694	23	Ġroad	0.143523
694	24	.	1.738345
694	25	<|endoftext|>	6.225378
695	1	<|endoftext|>	0.0
695	2	They	9.396978
695	3	Ġreported	10.956426
695	4	Ġwho	12.973917
695	5	Ġthe	4.219927
695	6	Ġman	4.470142
695	7	Ġclaimed	10.243755
695	8	Ġhis	9.922178
695	9	Ġfriend	5.785155
695	10	Ġbelieved	11.006887
695	11	Ġhe	5.503029
695	12	Ġknew	7.326017
695	13	Ġabandoned	19.676717
695	14	Ġthe	3.438254
695	15	Ġchildren	7.111971
695	16	Ġon	5.79708
695	17	Ġthe	1.541421
695	18	Ġside	6.742365
695	19	Ġof	0.096244
695	20	Ġthe	0.466405
695	21	Ġroad	0.156467
695	22	.	1.326543
695	23	<|endoftext|>	6.015753
696	1	<|endoftext|>	0.0
696	2	They	9.396978
696	3	Ġreported	10.956426
696	4	Ġwho	12.973917
696	5	Ġthe	4.219927
696	6	Ġman	4.470142
696	7	Ġclaimed	10.243755
696	8	Ġhis	9.922178
696	9	Ġfriend	5.785155
696	10	Ġbelieved	11.006887
696	11	Ġhe	5.503029
696	12	Ġknew	7.326017
696	13	Ġthe	6.547501
696	14	Ġwoman	4.838813
696	15	Ġabandoned	16.342949
696	16	Ġthe	5.717073
696	17	Ġchildren	6.566727
696	18	Ġon	5.132329
696	19	Ġthe	1.600637
696	20	Ġside	5.901193
696	21	Ġof	0.09977
696	22	Ġthe	0.479791
696	23	Ġroad	0.147339
696	24	.	1.37763
696	25	<|endoftext|>	6.039875
697	1	<|endoftext|>	0.0
697	2	They	9.396978
697	3	Ġreported	10.956426
697	4	Ġthat	2.208518
697	5	Ġthe	2.648968
697	6	Ġman	6.28552
697	7	Ġclaimed	9.163833
697	8	Ġhis	5.796255
697	9	Ġfriend	6.769814
697	10	Ġbelieved	10.79864
697	11	Ġhe	1.311693
697	12	Ġknew	7.796767
697	13	Ġabandoned	18.847441
697	14	Ġthe	7.488622
697	15	Ġchildren	7.281318
697	16	Ġon	6.819854
697	17	Ġthe	1.17686
697	18	Ġside	6.50892
697	19	Ġof	0.101753
697	20	Ġthe	0.3669
697	21	Ġroad	0.143827
697	22	.	1.816528
697	23	<|endoftext|>	6.157306
698	1	<|endoftext|>	0.0
698	2	They	9.396978
698	3	Ġreported	10.956426
698	4	Ġthat	2.208518
698	5	Ġthe	2.648968
698	6	Ġman	6.28552
698	7	Ġclaimed	9.163833
698	8	Ġhis	5.796255
698	9	Ġfriend	6.769814
698	10	Ġbelieved	10.79864
698	11	Ġhe	1.311693
698	12	Ġknew	7.796767
698	13	Ġthe	2.170891
698	14	Ġwoman	4.319644
698	15	Ġabandoned	16.913558
698	16	Ġthe	4.276521
698	17	Ġchildren	6.682149
698	18	Ġon	5.472521
698	19	Ġthe	1.234373
698	20	Ġside	5.810512
698	21	Ġof	0.100571
698	22	Ġthe	0.403938
698	23	Ġroad	0.143523
698	24	.	1.738345
698	25	<|endoftext|>	6.225378
699	1	<|endoftext|>	0.0
699	2	They	9.396978
699	3	Ġreported	10.956426
699	4	Ġwho	12.973917
699	5	Ġthe	4.219927
699	6	Ġman	4.470142
699	7	Ġclaimed	10.243755
699	8	Ġhis	9.922178
699	9	Ġfriend	5.785155
699	10	Ġbelieved	11.006887
699	11	Ġhe	5.503029
699	12	Ġknew	7.326017
699	13	Ġabandoned	19.676717
699	14	Ġthe	3.438254
699	15	Ġchildren	7.111971
699	16	Ġon	5.79708
699	17	Ġthe	1.541421
699	18	Ġside	6.742365
699	19	Ġof	0.096244
699	20	Ġthe	0.466405
699	21	Ġroad	0.156467
699	22	.	1.326543
699	23	<|endoftext|>	6.015753
700	1	<|endoftext|>	0.0
700	2	They	9.396978
700	3	Ġreported	10.956426
700	4	Ġwho	12.973917
700	5	Ġthe	4.219927
700	6	Ġman	4.470142
700	7	Ġclaimed	10.243755
700	8	Ġhis	9.922178
700	9	Ġfriend	5.785155
700	10	Ġbelieved	11.006887
700	11	Ġhe	5.503029
700	12	Ġknew	7.326017
700	13	Ġthe	6.547501
700	14	Ġwoman	4.838813
700	15	Ġabandoned	16.342949
700	16	Ġthe	5.717073
700	17	Ġchildren	6.566727
700	18	Ġon	5.132329
700	19	Ġthe	1.600637
700	20	Ġside	5.901193
700	21	Ġof	0.09977
700	22	Ġthe	0.479791
700	23	Ġroad	0.147339
700	24	.	1.37763
700	25	<|endoftext|>	6.039875
701	1	<|endoftext|>	0.0
701	2	They	9.39695
701	3	Ġrecalled	14.566953
701	4	Ġthat	3.308536
701	5	Ġpromoted	20.519253
701	6	Ġthe	6.523011
701	7	Ġsecretary	14.256736
701	8	Ġlast	11.188872
701	9	Ġweek	2.065947
701	10	.	3.518674
701	11	<|endoftext|>	5.911985
702	1	<|endoftext|>	0.0
702	2	They	9.39695
702	3	Ġrecalled	14.566953
702	4	Ġthat	3.308536
702	5	Ġthe	3.388505
702	6	Ġexecutive	13.326427
702	7	Ġpromoted	13.758477
702	8	Ġthe	2.525073
702	9	Ġsecretary	13.147373
702	10	Ġlast	10.617476
702	11	Ġweek	2.005166
702	12	.	3.783697
702	13	<|endoftext|>	6.121712
703	1	<|endoftext|>	0.0
703	2	They	9.39695
703	3	Ġrecalled	14.566953
703	4	Ġwho	9.746003
703	5	Ġpromoted	14.776653
703	6	Ġthe	1.952936
703	7	Ġsecretary	14.719567
703	8	Ġlast	10.069297
703	9	Ġweek	2.252067
703	10	.	2.924445
703	11	<|endoftext|>	6.664081
704	1	<|endoftext|>	0.0
704	2	They	9.39695
704	3	Ġrecalled	14.566953
704	4	Ġwho	9.746003
704	5	Ġthe	4.823408
704	6	Ġexecutive	12.103922
704	7	Ġpromoted	13.99844
704	8	Ġthe	6.131953
704	9	Ġsecretary	10.456564
704	10	Ġlast	11.159251
704	11	Ġweek	2.128282
704	12	.	2.362818
704	13	<|endoftext|>	6.740471
705	1	<|endoftext|>	0.0
705	2	They	9.39695
705	3	Ġrecalled	14.566953
705	4	Ġthat	3.308536
705	5	Ġthe	3.388505
705	6	Ġjournalist	13.259879
705	7	Ġbelieved	10.860907
705	8	Ġpromoted	20.29236
705	9	Ġthe	2.972071
705	10	Ġsecretary	14.958539
705	11	Ġlast	13.235903
705	12	Ġweek	2.123617
705	13	.	3.248203
705	14	<|endoftext|>	5.739978
706	1	<|endoftext|>	0.0
706	2	They	9.396972
706	3	Ġrecalled	14.567064
706	4	Ġthat	3.308589
706	5	Ġthe	3.388525
706	6	Ġjournalist	13.259923
706	7	Ġbelieved	10.860962
706	8	Ġthe	3.109102
706	9	Ġexecutive	13.251829
706	10	Ġpromoted	14.046722
706	11	Ġthe	2.441752
706	12	Ġsecretary	13.237075
706	13	Ġlast	13.254455
706	14	Ġweek	2.171041
706	15	.	2.928194
706	16	<|endoftext|>	5.728904
707	1	<|endoftext|>	0.0
707	2	They	9.39695
707	3	Ġrecalled	14.566953
707	4	Ġwho	9.746003
707	5	Ġthe	4.823408
707	6	Ġjournalist	11.206956
707	7	Ġbelieved	8.86487
707	8	Ġpromoted	15.607251
707	9	Ġthe	1.674974
707	10	Ġsecretary	15.23137
707	11	Ġlast	12.432172
707	12	Ġweek	2.227248
707	13	.	2.336465
707	14	<|endoftext|>	6.399314
708	1	<|endoftext|>	0.0
708	2	They	9.396972
708	3	Ġrecalled	14.567064
708	4	Ġwho	9.746023
708	5	Ġthe	4.82352
708	6	Ġjournalist	11.206933
708	7	Ġbelieved	8.864869
708	8	Ġthe	6.385515
708	9	Ġexecutive	13.371885
708	10	Ġpromoted	14.113205
708	11	Ġthe	6.221695
708	12	Ġsecretary	11.830089
708	13	Ġlast	12.229308
708	14	Ġweek	2.27381
708	15	.	1.656421
708	16	<|endoftext|>	6.203991
709	1	<|endoftext|>	0.0
709	2	They	9.396978
709	3	Ġrecalled	14.567082
709	4	Ġthat	3.308581
709	5	Ġthe	3.38853
709	6	Ġjournalist	13.259922
709	7	Ġbelieved	10.860951
709	8	Ġthe	3.109111
709	9	Ġtranscript	14.083513
709	10	Ġstated	12.040355
709	11	Ġpromoted	22.120309
709	12	Ġthe	2.457261
709	13	Ġsecretary	15.191943
709	14	Ġlast	15.407878
709	15	Ġweek	1.793712
709	16	.	3.735744
709	17	<|endoftext|>	5.824442
710	1	<|endoftext|>	0.0
710	2	They	9.396978
710	3	Ġrecalled	14.567082
710	4	Ġthat	3.308581
710	5	Ġthe	3.38853
710	6	Ġjournalist	13.259922
710	7	Ġbelieved	10.860951
710	8	Ġthe	3.109111
710	9	Ġtranscript	14.083513
710	10	Ġstated	12.040355
710	11	Ġthe	3.777802
710	12	Ġexecutive	12.489161
710	13	Ġpromoted	14.587967
710	14	Ġthe	2.187087
710	15	Ġsecretary	12.874778
710	16	Ġlast	13.542745
710	17	Ġweek	1.851235
710	18	.	2.371258
710	19	<|endoftext|>	5.866385
711	1	<|endoftext|>	0.0
711	2	They	9.396978
711	3	Ġrecalled	14.567082
711	4	Ġwho	9.746037
711	5	Ġthe	4.823518
711	6	Ġjournalist	11.206913
711	7	Ġbelieved	8.864858
711	8	Ġthe	6.385518
711	9	Ġtranscript	14.938397
711	10	Ġstated	11.645178
711	11	Ġpromoted	17.885288
711	12	Ġthe	2.577054
711	13	Ġsecretary	15.293135
711	14	Ġlast	15.142925
711	15	Ġweek	1.959271
711	16	.	1.726517
711	17	<|endoftext|>	6.145363
712	1	<|endoftext|>	0.0
712	2	They	9.396978
712	3	Ġrecalled	14.567082
712	4	Ġwho	9.746037
712	5	Ġthe	4.823518
712	6	Ġjournalist	11.206913
712	7	Ġbelieved	8.864858
712	8	Ġthe	6.385518
712	9	Ġtranscript	14.938397
712	10	Ġstated	11.645178
712	11	Ġthe	4.707476
712	12	Ġexecutive	12.622896
712	13	Ġpromoted	13.69021
712	14	Ġthe	4.626373
712	15	Ġsecretary	12.128804
712	16	Ġlast	13.077189
712	17	Ġweek	2.08886
712	18	.	1.520855
712	19	<|endoftext|>	6.151003
713	1	<|endoftext|>	0.0
713	2	They	9.396978
713	3	Ġrecalled	14.567082
713	4	Ġthat	3.308581
713	5	Ġthe	3.38853
713	6	Ġjournalist	13.259922
713	7	Ġbelieved	10.860951
713	8	Ġthe	3.109111
713	9	Ġtranscript	14.083513
713	10	Ġstated	12.040355
713	11	Ġhe	4.478599
713	12	Ġknew	5.949793
713	13	Ġpromoted	21.614914
713	14	Ġthe	2.192353
713	15	Ġsecretary	14.696645
713	16	Ġlast	14.8315
713	17	Ġweek	2.113138
713	18	.	1.826002
713	19	<|endoftext|>	5.792199
714	1	<|endoftext|>	0.0
714	2	They	9.396978
714	3	Ġrecalled	14.567082
714	4	Ġthat	3.308581
714	5	Ġthe	3.38853
714	6	Ġjournalist	13.259922
714	7	Ġbelieved	10.860951
714	8	Ġthe	3.109111
714	9	Ġtranscript	14.083513
714	10	Ġstated	12.040355
714	11	Ġhe	4.478599
714	12	Ġknew	5.949793
714	13	Ġthe	2.593611
714	14	Ġexecutive	12.590693
714	15	Ġpromoted	15.314902
714	16	Ġthe	2.551801
714	17	Ġsecretary	12.673578
714	18	Ġlast	13.263972
714	19	Ġweek	2.209181
714	20	.	1.789668
714	21	<|endoftext|>	5.945655
715	1	<|endoftext|>	0.0
715	2	They	9.396978
715	3	Ġrecalled	14.567082
715	4	Ġwho	9.746037
715	5	Ġthe	4.823518
715	6	Ġjournalist	11.206913
715	7	Ġbelieved	8.864858
715	8	Ġthe	6.385518
715	9	Ġtranscript	14.938397
715	10	Ġstated	11.645178
715	11	Ġhe	5.890199
715	12	Ġknew	5.739014
715	13	Ġpromoted	20.309578
715	14	Ġthe	2.281548
715	15	Ġsecretary	14.823187
715	16	Ġlast	14.542593
715	17	Ġweek	2.157953
715	18	.	1.343869
715	19	<|endoftext|>	6.082508
716	1	<|endoftext|>	0.0
716	2	They	9.396978
716	3	Ġrecalled	14.567082
716	4	Ġwho	9.746037
716	5	Ġthe	4.823518
716	6	Ġjournalist	11.206913
716	7	Ġbelieved	8.864858
716	8	Ġthe	6.385518
716	9	Ġtranscript	14.938397
716	10	Ġstated	11.645178
716	11	Ġhe	5.890199
716	12	Ġknew	5.739014
716	13	Ġthe	5.02649
716	14	Ġexecutive	12.837872
716	15	Ġpromoted	14.315771
716	16	Ġthe	4.031457
716	17	Ġsecretary	12.520037
716	18	Ġlast	13.060691
716	19	Ġweek	2.307992
716	20	.	1.291792
716	21	<|endoftext|>	6.245727
717	1	<|endoftext|>	0.0
717	2	They	9.396978
717	3	Ġrecalled	14.567082
717	4	Ġthat	3.308581
717	5	Ġthe	3.38853
717	6	Ġjournalist	13.259922
717	7	Ġbelieved	10.860951
717	8	Ġthe	3.109111
717	9	Ġtranscript	14.083513
717	10	Ġstated	12.040355
717	11	Ġhe	4.478599
717	12	Ġknew	5.949793
717	13	Ġpromoted	21.614914
717	14	Ġthe	2.192353
717	15	Ġsecretary	14.696645
717	16	Ġlast	14.8315
717	17	Ġweek	2.113138
717	18	.	1.826002
717	19	<|endoftext|>	5.792199
718	1	<|endoftext|>	0.0
718	2	They	9.396978
718	3	Ġrecalled	14.567082
718	4	Ġthat	3.308581
718	5	Ġthe	3.38853
718	6	Ġjournalist	13.259922
718	7	Ġbelieved	10.860951
718	8	Ġthe	3.109111
718	9	Ġtranscript	14.083513
718	10	Ġstated	12.040355
718	11	Ġhe	4.478599
718	12	Ġknew	5.949793
718	13	Ġthe	2.593611
718	14	Ġexecutive	12.590693
718	15	Ġpromoted	15.314902
718	16	Ġthe	2.551801
718	17	Ġsecretary	12.673578
718	18	Ġlast	13.263972
718	19	Ġweek	2.209181
718	20	.	1.789668
718	21	<|endoftext|>	5.945655
719	1	<|endoftext|>	0.0
719	2	They	9.396978
719	3	Ġrecalled	14.567082
719	4	Ġwho	9.746037
719	5	Ġthe	4.823518
719	6	Ġjournalist	11.206913
719	7	Ġbelieved	8.864858
719	8	Ġthe	6.385518
719	9	Ġtranscript	14.938397
719	10	Ġstated	11.645178
719	11	Ġhe	5.890199
719	12	Ġknew	5.739014
719	13	Ġpromoted	20.309578
719	14	Ġthe	2.281548
719	15	Ġsecretary	14.823187
719	16	Ġlast	14.542593
719	17	Ġweek	2.157953
719	18	.	1.343869
719	19	<|endoftext|>	6.082508
720	1	<|endoftext|>	0.0
720	2	They	9.396978
720	3	Ġrecalled	14.567082
720	4	Ġwho	9.746037
720	5	Ġthe	4.823518
720	6	Ġjournalist	11.206913
720	7	Ġbelieved	8.864858
720	8	Ġthe	6.385518
720	9	Ġtranscript	14.938397
720	10	Ġstated	11.645178
720	11	Ġhe	5.890199
720	12	Ġknew	5.739014
720	13	Ġthe	5.02649
720	14	Ġexecutive	12.837872
720	15	Ġpromoted	14.315771
720	16	Ġthe	4.031457
720	17	Ġsecretary	12.520037
720	18	Ġlast	13.060691
720	19	Ġweek	2.307992
720	20	.	1.291792
720	21	<|endoftext|>	6.245727
721	1	<|endoftext|>	0.0
721	2	We	7.155782
721	3	Ġrecalled	16.653039
721	4	Ġthat	3.559485
721	5	Ġdivorced	20.767072
721	6	Ġhis	12.298483
721	7	Ġwife	1.726227
721	8	Ġlast	7.008179
721	9	Ġweek	2.938918
721	10	.	1.956995
721	11	<|endoftext|>	6.881746
722	1	<|endoftext|>	0.0
722	2	We	7.155782
722	3	Ġrecalled	16.653039
722	4	Ġthat	3.559485
722	5	Ġthe	3.282958
722	6	Ġmillionaire	19.450597
722	7	Ġdivorced	15.023642
722	8	Ġhis	3.229328
722	9	Ġwife	1.21843
722	10	Ġlast	6.606764
722	11	Ġweek	2.995036
722	12	.	2.156747
722	13	<|endoftext|>	7.362676
723	1	<|endoftext|>	0.0
723	2	We	7.155782
723	3	Ġrecalled	16.653039
723	4	Ġwho	12.588437
723	5	Ġdivorced	18.800219
723	6	Ġhis	6.897428
723	7	Ġwife	1.605412
723	8	Ġlast	5.460476
723	9	Ġweek	2.983977
723	10	.	1.459823
723	11	<|endoftext|>	7.136779
724	1	<|endoftext|>	0.0
724	2	We	7.155782
724	3	Ġrecalled	16.653039
724	4	Ġwho	12.588437
724	5	Ġthe	5.097225
724	6	Ġmillionaire	14.175157
724	7	Ġdivorced	14.808014
724	8	Ġhis	4.369163
724	9	Ġwife	1.349488
724	10	Ġlast	6.08167
724	11	Ġweek	2.854836
724	12	.	1.495333
724	13	<|endoftext|>	7.223978
725	1	<|endoftext|>	0.0
725	2	We	7.155782
725	3	Ġrecalled	16.653039
725	4	Ġthat	3.559485
725	5	Ġthe	3.282958
725	6	Ġwoman	11.624709
725	7	Ġsaid	6.384738
725	8	Ġdivorced	19.01195
725	9	Ġhis	8.467551
725	10	Ġwife	2.203753
725	11	Ġlast	7.84375
725	12	Ġweek	2.622689
725	13	.	1.671622
725	14	<|endoftext|>	6.485438
726	1	<|endoftext|>	0.0
726	2	We	7.155761
726	3	Ġrecalled	16.652951
726	4	Ġthat	3.559446
726	5	Ġthe	3.282933
726	6	Ġwoman	11.624742
726	7	Ġsaid	6.384716
726	8	Ġthe	4.259152
726	9	Ġmillionaire	15.184484
726	10	Ġdivorced	12.819038
726	11	Ġhis	3.149878
726	12	Ġwife	1.168463
726	13	Ġlast	6.705984
726	14	Ġweek	3.317125
726	15	.	1.796242
726	16	<|endoftext|>	6.62978
727	1	<|endoftext|>	0.0
727	2	We	7.155782
727	3	Ġrecalled	16.653039
727	4	Ġwho	12.588437
727	5	Ġthe	5.097225
727	6	Ġwoman	7.981009
727	7	Ġsaid	7.012887
727	8	Ġdivorced	15.844075
727	9	Ġhis	7.157146
727	10	Ġwife	2.609436
727	11	Ġlast	7.733295
727	12	Ġweek	2.450682
727	13	.	1.203296
727	14	<|endoftext|>	6.719871
728	1	<|endoftext|>	0.0
728	2	We	7.155761
728	3	Ġrecalled	16.652951
728	4	Ġwho	12.588497
728	5	Ġthe	5.097204
728	6	Ġwoman	7.98094
728	7	Ġsaid	7.012915
728	8	Ġthe	6.270527
728	9	Ġmillionaire	14.88752
728	10	Ġdivorced	12.535712
728	11	Ġhis	5.538435
728	12	Ġwife	1.519187
728	13	Ġlast	7.614398
728	14	Ġweek	3.039271
728	15	.	1.122966
728	16	<|endoftext|>	6.728671
729	1	<|endoftext|>	0.0
729	2	We	7.155761
729	3	Ġrecalled	16.652951
729	4	Ġthat	3.559446
729	5	Ġthe	3.282933
729	6	Ġwoman	11.624742
729	7	Ġsaid	6.384716
729	8	Ġshe	1.509256
729	9	Ġthought	6.407844
729	10	Ġdivorced	19.317969
729	11	Ġhis	10.026592
729	12	Ġwife	2.141971
729	13	Ġlast	9.093221
729	14	Ġweek	2.546531
729	15	.	1.622954
729	16	<|endoftext|>	6.414582
730	1	<|endoftext|>	0.0
730	2	We	7.155761
730	3	Ġrecalled	16.652963
730	4	Ġthat	3.559449
730	5	Ġthe	3.282928
730	6	Ġwoman	11.624759
730	7	Ġsaid	6.38467
730	8	Ġshe	1.509259
730	9	Ġthought	6.407835
730	10	Ġthe	2.69026
730	11	Ġmillionaire	15.57192
730	12	Ġdivorced	13.690665
730	13	Ġhis	2.968933
730	14	Ġwife	0.932076
730	15	Ġlast	7.917836
730	16	Ġweek	3.046115
730	17	.	1.546182
730	18	<|endoftext|>	6.446669
731	1	<|endoftext|>	0.0
731	2	We	7.155761
731	3	Ġrecalled	16.652951
731	4	Ġwho	12.588497
731	5	Ġthe	5.097204
731	6	Ġwoman	7.98094
731	7	Ġsaid	7.012915
731	8	Ġshe	1.303943
731	9	Ġthought	8.721865
731	10	Ġdivorced	18.851534
731	11	Ġhis	8.762341
731	12	Ġwife	2.673611
731	13	Ġlast	9.40952
731	14	Ġweek	2.252125
731	15	.	0.912145
731	16	<|endoftext|>	6.63525
732	1	<|endoftext|>	0.0
732	2	We	7.155761
732	3	Ġrecalled	16.652963
732	4	Ġwho	12.58851
732	5	Ġthe	5.097209
732	6	Ġwoman	7.980943
732	7	Ġsaid	7.012911
732	8	Ġshe	1.303934
732	9	Ġthought	8.721813
732	10	Ġthe	6.654781
732	11	Ġmillionaire	14.373754
732	12	Ġdivorced	13.538338
732	13	Ġhis	5.016027
732	14	Ġwife	1.253874
732	15	Ġlast	8.68101
732	16	Ġweek	2.791857
732	17	.	0.886456
732	18	<|endoftext|>	6.692487
733	1	<|endoftext|>	0.0
733	2	We	7.155761
733	3	Ġrecalled	16.652963
733	4	Ġthat	3.559449
733	5	Ġthe	3.282928
733	6	Ġwoman	11.624759
733	7	Ġsaid	6.38467
733	8	Ġshe	1.509259
733	9	Ġthought	6.407835
733	10	Ġshe	2.111749
733	11	Ġknew	6.35332
733	12	Ġdivorced	20.018659
733	13	Ġhis	10.279377
733	14	Ġwife	1.935153
733	15	Ġlast	10.64494
733	16	Ġweek	2.282249
733	17	.	1.574719
733	18	<|endoftext|>	6.545896
734	1	<|endoftext|>	0.0
734	2	We	7.155761
734	3	Ġrecalled	16.652963
734	4	Ġthat	3.559449
734	5	Ġthe	3.282928
734	6	Ġwoman	11.624759
734	7	Ġsaid	6.38467
734	8	Ġshe	1.509259
734	9	Ġthought	6.407835
734	10	Ġshe	2.111749
734	11	Ġknew	6.35332
734	12	Ġthe	2.965839
734	13	Ġmillionaire	16.06303
734	14	Ġdivorced	15.178977
734	15	Ġhis	2.807998
734	16	Ġwife	1.06731
734	17	Ġlast	8.63157
734	18	Ġweek	2.815592
734	19	.	1.506763
734	20	<|endoftext|>	6.632064
735	1	<|endoftext|>	0.0
735	2	We	7.155761
735	3	Ġrecalled	16.652963
735	4	Ġwho	12.58851
735	5	Ġthe	5.097209
735	6	Ġwoman	7.980943
735	7	Ġsaid	7.012911
735	8	Ġshe	1.303934
735	9	Ġthought	8.721813
735	10	Ġshe	3.409256
735	11	Ġknew	7.148951
735	12	Ġdivorced	22.082834
735	13	Ġhis	7.964867
735	14	Ġwife	2.44793
735	15	Ġlast	9.575299
735	16	Ġweek	2.00938
735	17	.	0.890847
735	18	<|endoftext|>	6.875495
736	1	<|endoftext|>	0.0
736	2	We	7.155761
736	3	Ġrecalled	16.652963
736	4	Ġwho	12.58851
736	5	Ġthe	5.097209
736	6	Ġwoman	7.980943
736	7	Ġsaid	7.012911
736	8	Ġshe	1.303934
736	9	Ġthought	8.721813
736	10	Ġshe	3.409256
736	11	Ġknew	7.148951
736	12	Ġthe	7.52893
736	13	Ġmillionaire	15.798579
736	14	Ġdivorced	15.151352
736	15	Ġhis	4.415354
736	16	Ġwife	1.411355
736	17	Ġlast	8.390603
736	18	Ġweek	2.627348
736	19	.	0.885075
736	20	<|endoftext|>	7.069573
737	1	<|endoftext|>	0.0
737	2	We	7.155761
737	3	Ġrecalled	16.652963
737	4	Ġthat	3.559449
737	5	Ġthe	3.282928
737	6	Ġwoman	11.624759
737	7	Ġsaid	6.38467
737	8	Ġshe	1.509259
737	9	Ġthought	6.407835
737	10	Ġshe	2.111749
737	11	Ġknew	6.35332
737	12	Ġdivorced	20.018659
737	13	Ġhis	10.279377
737	14	Ġwife	1.935153
737	15	Ġlast	10.64494
737	16	Ġweek	2.282249
737	17	.	1.574719
737	18	<|endoftext|>	6.545896
738	1	<|endoftext|>	0.0
738	2	We	7.155761
738	3	Ġrecalled	16.652963
738	4	Ġthat	3.559449
738	5	Ġthe	3.282928
738	6	Ġwoman	11.624759
738	7	Ġsaid	6.38467
738	8	Ġshe	1.509259
738	9	Ġthought	6.407835
738	10	Ġshe	2.111749
738	11	Ġknew	6.35332
738	12	Ġthe	2.965839
738	13	Ġmillionaire	16.06303
738	14	Ġdivorced	15.178977
738	15	Ġhis	2.807998
738	16	Ġwife	1.06731
738	17	Ġlast	8.63157
738	18	Ġweek	2.815592
738	19	.	1.506763
738	20	<|endoftext|>	6.632064
739	1	<|endoftext|>	0.0
739	2	We	7.155761
739	3	Ġrecalled	16.652963
739	4	Ġwho	12.58851
739	5	Ġthe	5.097209
739	6	Ġwoman	7.980943
739	7	Ġsaid	7.012911
739	8	Ġshe	1.303934
739	9	Ġthought	8.721813
739	10	Ġshe	3.409256
739	11	Ġknew	7.148951
739	12	Ġdivorced	22.082834
739	13	Ġhis	7.964867
739	14	Ġwife	2.44793
739	15	Ġlast	9.575299
739	16	Ġweek	2.00938
739	17	.	0.890847
739	18	<|endoftext|>	6.875495
740	1	<|endoftext|>	0.0
740	2	We	7.155761
740	3	Ġrecalled	16.652963
740	4	Ġwho	12.58851
740	5	Ġthe	5.097209
740	6	Ġwoman	7.980943
740	7	Ġsaid	7.012911
740	8	Ġshe	1.303934
740	9	Ġthought	8.721813
740	10	Ġshe	3.409256
740	11	Ġknew	7.148951
740	12	Ġthe	7.52893
740	13	Ġmillionaire	15.798579
740	14	Ġdivorced	15.151352
740	15	Ġhis	4.415354
740	16	Ġwife	1.411355
740	17	Ġlast	8.390603
740	18	Ġweek	2.627348
740	19	.	0.885075
740	20	<|endoftext|>	7.069573
741	1	<|endoftext|>	0.0
741	2	He	8.582737
741	3	Ġrecalled	12.020836
741	4	Ġthat	3.014946
741	5	Ġfrightened	17.723013
741	6	Ġthe	7.114471
741	7	Ġprotesters	10.99669
741	8	Ġover	9.140797
741	9	Ġthe	1.541487
741	10	Ġweekend	4.019231
741	11	.	2.401621
741	12	<|endoftext|>	6.776343
742	1	<|endoftext|>	0.0
742	2	He	8.582737
742	3	Ġrecalled	12.020836
742	4	Ġthat	3.014931
742	5	Ġthe	3.611212
742	6	Ġpolice	7.328748
742	7	Ġfrightened	17.001755
742	8	Ġthe	4.637959
742	9	Ġprotesters	7.70616
742	10	Ġover	8.350831
742	11	Ġthe	1.495496
742	12	Ġweekend	4.569067
742	13	.	2.916027
742	14	<|endoftext|>	6.763446
743	1	<|endoftext|>	0.0
743	2	He	8.582737
743	3	Ġrecalled	12.020836
743	4	Ġwho	10.082294
743	5	Ġfrightened	16.836941
743	6	Ġthe	5.16233
743	7	Ġprotesters	10.640375
743	8	Ġover	9.053706
743	9	Ġthe	1.595649
743	10	Ġweekend	4.280079
743	11	.	2.691778
743	12	<|endoftext|>	6.914352
744	1	<|endoftext|>	0.0
744	2	He	8.582737
744	3	Ġrecalled	12.020836
744	4	Ġwho	10.082279
744	5	Ġthe	5.311934
744	6	Ġpolice	8.49729
744	7	Ġfrightened	18.399681
744	8	Ġthe	4.996986
744	9	Ġprotesters	9.987124
744	10	Ġover	7.84834
744	11	Ġthe	2.178769
744	12	Ġweekend	2.405048
744	13	.	2.189472
744	14	<|endoftext|>	6.779897
745	1	<|endoftext|>	0.0
745	2	He	8.582737
745	3	Ġrecalled	12.020836
745	4	Ġthat	3.014946
745	5	Ġthe	3.611212
745	6	Ġinspector	14.003061
745	7	Ġbelieved	14.598736
745	8	Ġfrightened	20.05168
745	9	Ġthe	7.746418
745	10	Ġprotesters	11.052042
745	11	Ġover	8.776292
745	12	Ġthe	1.639441
745	13	Ġweekend	6.150708
745	14	.	1.958856
745	15	<|endoftext|>	6.023223
746	1	<|endoftext|>	0.0
746	2	He	8.582732
746	3	Ġrecalled	12.02077
746	4	Ġthat	3.014941
746	5	Ġthe	3.611141
746	6	Ġinspector	14.003042
746	7	Ġbelieved	14.598783
746	8	Ġthe	2.542284
746	9	Ġpolice	7.426467
746	10	Ġfrightened	19.20557
746	11	Ġthe	3.100809
746	12	Ġprotesters	9.093153
746	13	Ġover	8.725158
746	14	Ġthe	1.564658
746	15	Ġweekend	5.75025
746	16	.	1.841483
746	17	<|endoftext|>	5.874006
747	1	<|endoftext|>	0.0
747	2	He	8.582737
747	3	Ġrecalled	12.020836
747	4	Ġwho	10.082294
747	5	Ġthe	5.311934
747	6	Ġinspector	13.819761
747	7	Ġbelieved	10.47915
747	8	Ġfrightened	17.069223
747	9	Ġthe	3.268631
747	10	Ġprotesters	11.061615
747	11	Ġover	9.018016
747	12	Ġthe	1.743933
747	13	Ġweekend	4.958475
747	14	.	1.554399
747	15	<|endoftext|>	6.21202
748	1	<|endoftext|>	0.0
748	2	He	8.582732
748	3	Ġrecalled	12.02077
748	4	Ġwho	10.082223
748	5	Ġthe	5.311934
748	6	Ġinspector	13.819747
748	7	Ġbelieved	10.479207
748	8	Ġthe	6.099039
748	9	Ġpolice	6.733906
748	10	Ġfrightened	20.042627
748	11	Ġthe	4.76431
748	12	Ġprotesters	10.515318
748	13	Ġover	8.056441
748	14	Ġthe	1.956129
748	15	Ġweekend	3.382621
748	16	.	1.323888
748	17	<|endoftext|>	6.025962
749	1	<|endoftext|>	0.0
749	2	He	8.582732
749	3	Ġrecalled	12.02077
749	4	Ġthat	3.014941
749	5	Ġthe	3.611141
749	6	Ġinspector	14.003042
749	7	Ġbelieved	14.598783
749	8	Ġthe	2.542284
749	9	Ġdetective	11.775916
749	10	Ġconcluded	13.618123
749	11	Ġfrightened	22.27793
749	12	Ġthe	7.152934
749	13	Ġprotesters	14.631183
749	14	Ġover	8.820685
749	15	Ġthe	1.713728
749	16	Ġweekend	7.011768
749	17	.	1.536527
749	18	<|endoftext|>	5.500353
750	1	<|endoftext|>	0.0
750	2	He	8.582732
750	3	Ġrecalled	12.02077
750	4	Ġthat	3.014941
750	5	Ġthe	3.611141
750	6	Ġinspector	14.003042
750	7	Ġbelieved	14.598783
750	8	Ġthe	2.542284
750	9	Ġdetective	11.775916
750	10	Ġconcluded	13.618123
750	11	Ġthe	3.150267
750	12	Ġpolice	6.589602
750	13	Ġfrightened	19.403429
750	14	Ġthe	2.695398
750	15	Ġprotesters	12.745279
750	16	Ġover	8.751048
750	17	Ġthe	1.72926
750	18	Ġweekend	6.265229
750	19	.	1.458973
750	20	<|endoftext|>	5.491692
751	1	<|endoftext|>	0.0
751	2	He	8.582732
751	3	Ġrecalled	12.02077
751	4	Ġwho	10.082223
751	5	Ġthe	5.311934
751	6	Ġinspector	13.819747
751	7	Ġbelieved	10.479207
751	8	Ġthe	6.099039
751	9	Ġdetective	10.099527
751	10	Ġconcluded	15.859917
751	11	Ġfrightened	18.399759
751	12	Ġthe	3.135812
751	13	Ġprotesters	14.09841
751	14	Ġover	9.012843
751	15	Ġthe	1.943112
751	16	Ġweekend	5.558114
751	17	.	1.001994
751	18	<|endoftext|>	5.627281
752	1	<|endoftext|>	0.0
752	2	He	8.582732
752	3	Ġrecalled	12.02077
752	4	Ġwho	10.082223
752	5	Ġthe	5.311934
752	6	Ġinspector	13.819747
752	7	Ġbelieved	10.479207
752	8	Ġthe	6.099039
752	9	Ġdetective	10.099527
752	10	Ġconcluded	15.859917
752	11	Ġthe	4.747936
752	12	Ġpolice	6.456923
752	13	Ġfrightened	20.211614
752	14	Ġthe	3.243565
752	15	Ġprotesters	13.106349
752	16	Ġover	8.363851
752	17	Ġthe	1.929197
752	18	Ġweekend	5.301941
752	19	.	1.004867
752	20	<|endoftext|>	5.587308
753	1	<|endoftext|>	0.0
753	2	He	8.582732
753	3	Ġrecalled	12.02077
753	4	Ġthat	3.014941
753	5	Ġthe	3.611141
753	6	Ġinspector	14.003042
753	7	Ġbelieved	14.598783
753	8	Ġthe	2.542284
753	9	Ġdetective	11.775916
753	10	Ġconcluded	13.618123
753	11	Ġhe	3.975596
753	12	Ġknew	6.38036
753	13	Ġfrightened	21.370484
753	14	Ġthe	8.096338
753	15	Ġprotesters	14.610521
753	16	Ġover	9.404756
753	17	Ġthe	1.618831
753	18	Ġweekend	5.095306
753	19	.	1.354646
753	20	<|endoftext|>	5.446741
754	1	<|endoftext|>	0.0
754	2	He	8.582732
754	3	Ġrecalled	12.02077
754	4	Ġthat	3.014941
754	5	Ġthe	3.611141
754	6	Ġinspector	14.003042
754	7	Ġbelieved	14.598783
754	8	Ġthe	2.542284
754	9	Ġdetective	11.775916
754	10	Ġconcluded	13.618123
754	11	Ġhe	3.975596
754	12	Ġknew	6.38036
754	13	Ġthe	2.832373
754	14	Ġpolice	7.442079
754	15	Ġfrightened	20.176399
754	16	Ġthe	3.236946
754	17	Ġprotesters	12.508326
754	18	Ġover	9.086489
754	19	Ġthe	1.522072
754	20	Ġweekend	4.895403
754	21	.	1.1871
754	22	<|endoftext|>	5.307106
755	1	<|endoftext|>	0.0
755	2	He	8.582732
755	3	Ġrecalled	12.02077
755	4	Ġwho	10.082223
755	5	Ġthe	5.311934
755	6	Ġinspector	13.819747
755	7	Ġbelieved	10.479207
755	8	Ġthe	6.099039
755	9	Ġdetective	10.099527
755	10	Ġconcluded	15.859917
755	11	Ġhe	5.101753
755	12	Ġknew	5.529842
755	13	Ġfrightened	21.893954
755	14	Ġthe	5.067311
755	15	Ġprotesters	14.537801
755	16	Ġover	9.553876
755	17	Ġthe	1.783691
755	18	Ġweekend	4.141934
755	19	.	0.902923
755	20	<|endoftext|>	5.576174
756	1	<|endoftext|>	0.0
756	2	He	8.582732
756	3	Ġrecalled	12.02077
756	4	Ġwho	10.082223
756	5	Ġthe	5.311934
756	6	Ġinspector	13.819747
756	7	Ġbelieved	10.479207
756	8	Ġthe	6.099039
756	9	Ġdetective	10.099527
756	10	Ġconcluded	15.859917
756	11	Ġhe	5.101753
756	12	Ġknew	5.529842
756	13	Ġthe	4.460835
756	14	Ġpolice	7.519452
756	15	Ġfrightened	20.6272
756	16	Ġthe	4.159473
756	17	Ġprotesters	13.315365
756	18	Ġover	8.939149
756	19	Ġthe	1.762478
756	20	Ġweekend	4.302675
756	21	.	0.858447
756	22	<|endoftext|>	5.444553
757	1	<|endoftext|>	0.0
757	2	He	8.582732
757	3	Ġrecalled	12.02077
757	4	Ġthat	3.014941
757	5	Ġthe	3.611141
757	6	Ġinspector	14.003042
757	7	Ġbelieved	14.598783
757	8	Ġthe	2.542284
757	9	Ġdetective	11.775916
757	10	Ġconcluded	13.618123
757	11	Ġhe	3.975596
757	12	Ġknew	6.38036
757	13	Ġfrightened	21.370484
757	14	Ġthe	8.096338
757	15	Ġprotesters	14.610521
757	16	Ġover	9.404756
757	17	Ġthe	1.618831
757	18	Ġweekend	5.095306
757	19	.	1.354646
757	20	<|endoftext|>	5.446741
758	1	<|endoftext|>	0.0
758	2	He	8.582732
758	3	Ġrecalled	12.02077
758	4	Ġthat	3.014941
758	5	Ġthe	3.611141
758	6	Ġinspector	14.003042
758	7	Ġbelieved	14.598783
758	8	Ġthe	2.542284
758	9	Ġdetective	11.775916
758	10	Ġconcluded	13.618123
758	11	Ġhe	3.975596
758	12	Ġknew	6.38036
758	13	Ġthe	2.832373
758	14	Ġpolice	7.442079
758	15	Ġfrightened	20.176399
758	16	Ġthe	3.236946
758	17	Ġprotesters	12.508326
758	18	Ġover	9.086489
758	19	Ġthe	1.522072
758	20	Ġweekend	4.895403
758	21	.	1.1871
758	22	<|endoftext|>	5.307106
759	1	<|endoftext|>	0.0
759	2	He	8.582732
759	3	Ġrecalled	12.02077
759	4	Ġwho	10.082223
759	5	Ġthe	5.311934
759	6	Ġinspector	13.819747
759	7	Ġbelieved	10.479207
759	8	Ġthe	6.099039
759	9	Ġdetective	10.099527
759	10	Ġconcluded	15.859917
759	11	Ġhe	5.101753
759	12	Ġknew	5.529842
759	13	Ġfrightened	21.893954
759	14	Ġthe	5.067311
759	15	Ġprotesters	14.537801
759	16	Ġover	9.553876
759	17	Ġthe	1.783691
759	18	Ġweekend	4.141934
759	19	.	0.902923
759	20	<|endoftext|>	5.576174
760	1	<|endoftext|>	0.0
760	2	He	8.582732
760	3	Ġrecalled	12.02077
760	4	Ġwho	10.082223
760	5	Ġthe	5.311934
760	6	Ġinspector	13.819747
760	7	Ġbelieved	10.479207
760	8	Ġthe	6.099039
760	9	Ġdetective	10.099527
760	10	Ġconcluded	15.859917
760	11	Ġhe	5.101753
760	12	Ġknew	5.529842
760	13	Ġthe	4.460835
760	14	Ġpolice	7.519452
760	15	Ġfrightened	20.6272
760	16	Ġthe	4.159473
760	17	Ġprotesters	13.315365
760	18	Ġover	8.939149
760	19	Ġthe	1.762478
760	20	Ġweekend	4.302675
760	21	.	0.858447
760	22	<|endoftext|>	5.444553
761	1	<|endoftext|>	0.0
761	2	I	5.770367
761	3	Ġknow	5.545733
761	4	Ġthat	2.74974
761	5	Ġassassinated	23.261377
761	6	Ġthe	9.638801
761	7	Ġpolitician	10.975587
761	8	Ġyesterday	11.087847
761	9	Ġnight	7.856982
761	10	.	2.39131
761	11	<|endoftext|>	8.78735
762	1	<|endoftext|>	0.0
762	2	I	5.770367
762	3	Ġknow	5.545733
762	4	Ġthat	2.74974
762	5	Ġthe	4.424285
762	6	Ġspy	15.153331
762	7	Ġassassinated	21.201696
762	8	Ġthe	3.99927
762	9	Ġpolitician	10.37923
762	10	Ġyesterday	10.520059
762	11	Ġnight	7.269595
762	12	.	1.733868
762	13	<|endoftext|>	9.170156
763	1	<|endoftext|>	0.0
763	2	I	5.770367
763	3	Ġknow	5.545733
763	4	Ġwho	8.366545
763	5	Ġassassinated	17.024907
763	6	Ġthe	3.802025
763	7	Ġpolitician	11.63532
763	8	Ġyesterday	10.845324
763	9	Ġnight	8.583408
763	10	.	1.315111
763	11	<|endoftext|>	7.656696
764	1	<|endoftext|>	0.0
764	2	I	5.770367
764	3	Ġknow	5.545733
764	4	Ġwho	8.366545
764	5	Ġthe	5.844098
764	6	Ġspy	14.181879
764	7	Ġassassinated	18.274876
764	8	Ġthe	8.358544
764	9	Ġpolitician	10.874627
764	10	Ġyesterday	11.073176
764	11	Ġnight	7.655138
764	12	.	1.143504
764	13	<|endoftext|>	7.834481
765	1	<|endoftext|>	0.0
765	2	I	5.770367
765	3	Ġknow	5.545733
765	4	Ġthat	2.74974
765	5	Ġthe	4.424285
765	6	Ġagent	15.06095
765	7	Ġthought	10.631945
765	8	Ġassassinated	20.934707
765	9	Ġthe	4.137458
765	10	Ġpolitician	10.50755
765	11	Ġyesterday	10.97795
765	12	Ġnight	7.355637
765	13	.	1.775916
765	14	<|endoftext|>	8.997108
766	1	<|endoftext|>	0.0
766	2	I	5.770362
766	3	Ġknow	5.545699
766	4	Ġthat	2.74972
766	5	Ġthe	4.424218
766	6	Ġagent	15.060961
766	7	Ġthought	10.631951
766	8	Ġthe	4.529767
766	9	Ġspy	11.482338
766	10	Ġassassinated	18.832663
766	11	Ġthe	3.452689
766	12	Ġpolitician	9.913597
766	13	Ġyesterday	11.285863
766	14	Ġnight	7.360713
766	15	.	1.588503
766	16	<|endoftext|>	9.07351
767	1	<|endoftext|>	0.0
767	2	I	5.770367
767	3	Ġknow	5.545733
767	4	Ġwho	8.366545
767	5	Ġthe	5.844098
767	6	Ġagent	12.479596
767	7	Ġthought	10.554254
767	8	Ġassassinated	17.048299
767	9	Ġthe	3.876741
767	10	Ġpolitician	10.720866
767	11	Ġyesterday	11.044674
767	12	Ġnight	7.35366
767	13	.	1.085966
767	14	<|endoftext|>	7.817132
768	1	<|endoftext|>	0.0
768	2	I	5.770362
768	3	Ġknow	5.545699
768	4	Ġwho	8.36647
768	5	Ġthe	5.844158
768	6	Ġagent	12.47972
768	7	Ġthought	10.554242
768	8	Ġthe	5.629534
768	9	Ġspy	10.746341
768	10	Ġassassinated	18.020657
768	11	Ġthe	5.91616
768	12	Ġpolitician	10.289626
768	13	Ġyesterday	11.1154
768	14	Ġnight	7.144551
768	15	.	1.009617
768	16	<|endoftext|>	7.723049
769	1	<|endoftext|>	0.0
769	2	I	5.770357
769	3	Ġknow	5.545684
769	4	Ġthat	2.749692
769	5	Ġthe	4.424222
769	6	Ġagent	15.060953
769	7	Ġthought	10.631941
769	8	Ġthe	4.529788
769	9	Ġwitness	13.930698
769	10	Ġsaid	8.143248
769	11	Ġassassinated	21.341883
769	12	Ġthe	3.667074
769	13	Ġpolitician	10.799865
769	14	Ġyesterday	11.609758
769	15	Ġnight	7.014923
769	16	.	1.602421
769	17	<|endoftext|>	9.242773
770	1	<|endoftext|>	0.0
770	2	I	5.770357
770	3	Ġknow	5.545684
770	4	Ġthat	2.749692
770	5	Ġthe	4.424222
770	6	Ġagent	15.060953
770	7	Ġthought	10.631941
770	8	Ġthe	4.529788
770	9	Ġwitness	13.930698
770	10	Ġsaid	8.143248
770	11	Ġthe	3.663145
770	12	Ġspy	13.714857
770	13	Ġassassinated	17.16872
770	14	Ġthe	3.041874
770	15	Ġpolitician	10.107277
770	16	Ġyesterday	11.71178
770	17	Ġnight	6.836256
770	18	.	1.436896
770	19	<|endoftext|>	9.18584
771	1	<|endoftext|>	0.0
771	2	I	5.770357
771	3	Ġknow	5.545684
771	4	Ġwho	8.366485
771	5	Ġthe	5.844156
771	6	Ġagent	12.479731
771	7	Ġthought	10.554214
771	8	Ġthe	5.629528
771	9	Ġwitness	13.974082
771	10	Ġsaid	7.382494
771	11	Ġassassinated	19.138337
771	12	Ġthe	3.916531
771	13	Ġpolitician	10.756883
771	14	Ġyesterday	11.551965
771	15	Ġnight	6.735485
771	16	.	1.00587
771	17	<|endoftext|>	7.903112
772	1	<|endoftext|>	0.0
772	2	I	5.770357
772	3	Ġknow	5.545684
772	4	Ġwho	8.366485
772	5	Ġthe	5.844156
772	6	Ġagent	12.479731
772	7	Ġthought	10.554214
772	8	Ġthe	5.629528
772	9	Ġwitness	13.974082
772	10	Ġsaid	7.382494
772	11	Ġthe	5.382993
772	12	Ġspy	14.319994
772	13	Ġassassinated	16.899907
772	14	Ġthe	4.542743
772	15	Ġpolitician	10.119161
772	16	Ġyesterday	11.683684
772	17	Ġnight	6.572517
772	18	.	0.991004
772	19	<|endoftext|>	7.755659
773	1	<|endoftext|>	0.0
773	2	I	5.770357
773	3	Ġknow	5.545684
773	4	Ġthat	2.749692
773	5	Ġthe	4.424222
773	6	Ġagent	15.060953
773	7	Ġthought	10.631941
773	8	Ġthe	4.529788
773	9	Ġwitness	13.930698
773	10	Ġsaid	8.143248
773	11	Ġhe	2.903615
773	12	Ġknew	5.547954
773	13	Ġassassinated	20.313244
773	14	Ġthe	4.567058
773	15	Ġpolitician	10.288646
773	16	Ġyesterday	12.827436
773	17	Ġnight	7.233633
773	18	.	1.702612
773	19	<|endoftext|>	9.1723
774	1	<|endoftext|>	0.0
774	2	I	5.770357
774	3	Ġknow	5.545684
774	4	Ġthat	2.749692
774	5	Ġthe	4.424222
774	6	Ġagent	15.060953
774	7	Ġthought	10.631941
774	8	Ġthe	4.529788
774	9	Ġwitness	13.930698
774	10	Ġsaid	8.143248
774	11	Ġhe	2.903615
774	12	Ġknew	5.547954
774	13	Ġthe	2.961961
774	14	Ġspy	13.208793
774	15	Ġassassinated	16.215988
774	16	Ġthe	3.445731
774	17	Ġpolitician	9.926822
774	18	Ġyesterday	12.442015
774	19	Ġnight	7.010394
774	20	.	1.513195
774	21	<|endoftext|>	9.061498
775	1	<|endoftext|>	0.0
775	2	I	5.770357
775	3	Ġknow	5.545684
775	4	Ġwho	8.366485
775	5	Ġthe	5.844156
775	6	Ġagent	12.479731
775	7	Ġthought	10.554214
775	8	Ġthe	5.629528
775	9	Ġwitness	13.974082
775	10	Ġsaid	7.382494
775	11	Ġhe	2.725127
775	12	Ġknew	5.948332
775	13	Ġassassinated	19.618983
775	14	Ġthe	4.262196
775	15	Ġpolitician	10.163653
775	16	Ġyesterday	12.217855
775	17	Ġnight	6.948843
775	18	.	1.046776
775	19	<|endoftext|>	7.806381
776	1	<|endoftext|>	0.0
776	2	I	5.770357
776	3	Ġknow	5.545684
776	4	Ġwho	8.366485
776	5	Ġthe	5.844156
776	6	Ġagent	12.479731
776	7	Ġthought	10.554214
776	8	Ġthe	5.629528
776	9	Ġwitness	13.974082
776	10	Ġsaid	7.382494
776	11	Ġhe	2.725127
776	12	Ġknew	5.948332
776	13	Ġthe	5.282003
776	14	Ġspy	13.310326
776	15	Ġassassinated	16.275353
776	16	Ġthe	4.94074
776	17	Ġpolitician	9.95426
776	18	Ġyesterday	12.215709
776	19	Ġnight	6.738777
776	20	.	0.978213
776	21	<|endoftext|>	7.694339
777	1	<|endoftext|>	0.0
777	2	I	5.770357
777	3	Ġknow	5.545684
777	4	Ġthat	2.749692
777	5	Ġthe	4.424222
777	6	Ġagent	15.060953
777	7	Ġthought	10.631941
777	8	Ġthe	4.529788
777	9	Ġwitness	13.930698
777	10	Ġsaid	8.143248
777	11	Ġhe	2.903615
777	12	Ġknew	5.547954
777	13	Ġassassinated	20.313244
777	14	Ġthe	4.567058
777	15	Ġpolitician	10.288646
777	16	Ġyesterday	12.827436
777	17	Ġnight	7.233633
777	18	.	1.702612
777	19	<|endoftext|>	9.1723
778	1	<|endoftext|>	0.0
778	2	I	5.770357
778	3	Ġknow	5.545684
778	4	Ġthat	2.749692
778	5	Ġthe	4.424222
778	6	Ġagent	15.060953
778	7	Ġthought	10.631941
778	8	Ġthe	4.529788
778	9	Ġwitness	13.930698
778	10	Ġsaid	8.143248
778	11	Ġhe	2.903615
778	12	Ġknew	5.547954
778	13	Ġthe	2.961961
778	14	Ġspy	13.208793
778	15	Ġassassinated	16.215988
778	16	Ġthe	3.445731
778	17	Ġpolitician	9.926822
778	18	Ġyesterday	12.442015
778	19	Ġnight	7.010394
778	20	.	1.513195
778	21	<|endoftext|>	9.061498
779	1	<|endoftext|>	0.0
779	2	I	5.770357
779	3	Ġknow	5.545684
779	4	Ġwho	8.366485
779	5	Ġthe	5.844156
779	6	Ġagent	12.479731
779	7	Ġthought	10.554214
779	8	Ġthe	5.629528
779	9	Ġwitness	13.974082
779	10	Ġsaid	7.382494
779	11	Ġhe	2.725127
779	12	Ġknew	5.948332
779	13	Ġassassinated	19.618983
779	14	Ġthe	4.262196
779	15	Ġpolitician	10.163653
779	16	Ġyesterday	12.217855
779	17	Ġnight	6.948843
779	18	.	1.046776
779	19	<|endoftext|>	7.806381
780	1	<|endoftext|>	0.0
780	2	I	5.770357
780	3	Ġknow	5.545684
780	4	Ġwho	8.366485
780	5	Ġthe	5.844156
780	6	Ġagent	12.479731
780	7	Ġthought	10.554214
780	8	Ġthe	5.629528
780	9	Ġwitness	13.974082
780	10	Ġsaid	7.382494
780	11	Ġhe	2.725127
780	12	Ġknew	5.948332
780	13	Ġthe	5.282003
780	14	Ġspy	13.310326
780	15	Ġassassinated	16.275353
780	16	Ġthe	4.94074
780	17	Ġpolitician	9.95426
780	18	Ġyesterday	12.215709
780	19	Ġnight	6.738777
780	20	.	0.978213
780	21	<|endoftext|>	7.694339
781	1	<|endoftext|>	0.0
781	2	You	7.682203
781	3	Ġknow	4.524784
781	4	Ġthat	3.787013
781	5	Ġgreeted	20.738034
781	6	Ġthe	7.004207
781	7	Ġteacher	11.91402
781	8	Ġon	5.761315
781	9	Ġthe	1.289873
781	10	Ġsidewalk	7.365508
781	11	.	4.114956
781	12	<|endoftext|>	10.351682
782	1	<|endoftext|>	0.0
782	2	You	7.682203
782	3	Ġknow	4.524784
782	4	Ġthat	3.787021
782	5	Ġthe	7.61201
782	6	Ġfirefighter	15.975016
782	7	Ġgreeted	18.416636
782	8	Ġthe	3.125778
782	9	Ġteacher	10.31173
782	10	Ġon	5.638574
782	11	Ġthe	0.779844
782	12	Ġsidewalk	6.175692
782	13	.	4.215695
782	14	<|endoftext|>	10.522525
783	1	<|endoftext|>	0.0
783	2	You	7.682203
783	3	Ġknow	4.524784
783	4	Ġwho	5.052563
783	5	Ġgreeted	16.461966
783	6	Ġthe	3.471786
783	7	Ġteacher	12.495929
783	8	Ġon	5.491039
783	9	Ġthe	1.434423
783	10	Ġsidewalk	6.567074
783	11	.	6.457962
783	12	<|endoftext|>	9.358789
784	1	<|endoftext|>	0.0
784	2	You	7.682203
784	3	Ġknow	4.524784
784	4	Ġwho	5.05256
784	5	Ġthe	6.464221
784	6	Ġfirefighter	17.491465
784	7	Ġgreeted	18.296766
784	8	Ġthe	3.779094
784	9	Ġteacher	11.963745
784	10	Ġon	5.90561
784	11	Ġthe	1.336342
784	12	Ġsidewalk	7.102273
784	13	.	5.217517
784	14	<|endoftext|>	9.28343
785	1	<|endoftext|>	0.0
785	2	You	7.682203
785	3	Ġknow	4.524784
785	4	Ġthat	3.787013
785	5	Ġthe	7.61201
785	6	Ġwoman	10.626944
785	7	Ġreported	13.719031
785	8	Ġgreeted	21.613695
785	9	Ġthe	3.337959
785	10	Ġteacher	10.738346
785	11	Ġon	5.338196
785	12	Ġthe	0.950789
785	13	Ġsidewalk	5.183593
785	14	.	4.008655
785	15	<|endoftext|>	10.385668
786	1	<|endoftext|>	0.0
786	2	You	7.68222
786	3	Ġknow	4.524771
786	4	Ġthat	3.786982
786	5	Ġthe	7.611992
786	6	Ġwoman	10.626929
786	7	Ġreported	13.719012
786	8	Ġthe	3.427479
786	9	Ġfirefighter	14.754526
786	10	Ġgreeted	21.059354
786	11	Ġthe	3.878382
786	12	Ġteacher	11.49176
786	13	Ġon	5.325228
786	14	Ġthe	0.761207
786	15	Ġsidewalk	5.031305
786	16	.	3.978585
786	17	<|endoftext|>	10.394566
787	1	<|endoftext|>	0.0
787	2	You	7.682203
787	3	Ġknow	4.524784
787	4	Ġwho	5.052563
787	5	Ġthe	6.464221
787	6	Ġwoman	9.545085
787	7	Ġreported	13.568662
787	8	Ġgreeted	20.406284
787	9	Ġthe	3.323763
787	10	Ġteacher	10.815115
787	11	Ġon	5.165024
787	12	Ġthe	1.071637
787	13	Ġsidewalk	5.08961
787	14	.	5.280658
787	15	<|endoftext|>	9.010141
788	1	<|endoftext|>	0.0
788	2	You	7.68222
788	3	Ġknow	4.524771
788	4	Ġwho	5.052576
788	5	Ġthe	6.464205
788	6	Ġwoman	9.5451
788	7	Ġreported	13.568663
788	8	Ġthe	3.10847
788	9	Ġfirefighter	15.50649
788	10	Ġgreeted	20.841887
788	11	Ġthe	3.712786
788	12	Ġteacher	11.47422
788	13	Ġon	5.245019
788	14	Ġthe	0.976834
788	15	Ġsidewalk	5.451873
788	16	.	4.409357
788	17	<|endoftext|>	8.517524
789	1	<|endoftext|>	0.0
789	2	You	7.68222
789	3	Ġknow	4.524771
789	4	Ġthat	3.786982
789	5	Ġthe	7.611992
789	6	Ġwoman	10.626929
789	7	Ġreported	13.719012
789	8	Ġthe	3.427479
789	9	Ġneighbors	14.344344
789	10	Ġbelieved	14.206591
789	11	Ġgreeted	23.242209
789	12	Ġthe	4.266829
789	13	Ġteacher	12.442209
789	14	Ġon	5.354334
789	15	Ġthe	1.15794
789	16	Ġsidewalk	4.170974
789	17	.	3.632289
789	18	<|endoftext|>	10.505469
790	1	<|endoftext|>	0.0
790	2	You	7.68222
790	3	Ġknow	4.524771
790	4	Ġthat	3.786982
790	5	Ġthe	7.611992
790	6	Ġwoman	10.626929
790	7	Ġreported	13.719012
790	8	Ġthe	3.427479
790	9	Ġneighbors	14.344344
790	10	Ġbelieved	14.206591
790	11	Ġthe	3.019647
790	12	Ġfirefighter	12.584546
790	13	Ġgreeted	21.058312
790	14	Ġthe	3.526598
790	15	Ġteacher	12.443491
790	16	Ġon	5.251359
790	17	Ġthe	0.917923
790	18	Ġsidewalk	4.680686
790	19	.	3.506144
790	20	<|endoftext|>	10.325725
791	1	<|endoftext|>	0.0
791	2	You	7.68222
791	3	Ġknow	4.524771
791	4	Ġwho	5.052576
791	5	Ġthe	6.464205
791	6	Ġwoman	9.5451
791	7	Ġreported	13.568663
791	8	Ġthe	3.10847
791	9	Ġneighbors	14.705562
791	10	Ġbelieved	13.288497
791	11	Ġgreeted	18.664529
791	12	Ġthe	4.151835
791	13	Ġteacher	11.893218
791	14	Ġon	5.268173
791	15	Ġthe	1.081611
791	16	Ġsidewalk	4.20771
791	17	.	4.829528
791	18	<|endoftext|>	8.727645
792	1	<|endoftext|>	0.0
792	2	You	7.68222
792	3	Ġknow	4.524771
792	4	Ġwho	5.052576
792	5	Ġthe	6.464205
792	6	Ġwoman	9.5451
792	7	Ġreported	13.568663
792	8	Ġthe	3.10847
792	9	Ġneighbors	14.705562
792	10	Ġbelieved	13.288497
792	11	Ġthe	6.064061
792	12	Ġfirefighter	12.61364
792	13	Ġgreeted	20.273626
792	14	Ġthe	3.745456
792	15	Ġteacher	12.108722
792	16	Ġon	5.245829
792	17	Ġthe	0.943593
792	18	Ġsidewalk	4.687289
792	19	.	4.01336
792	20	<|endoftext|>	8.384579
793	1	<|endoftext|>	0.0
793	2	You	7.68222
793	3	Ġknow	4.524771
793	4	Ġthat	3.786982
793	5	Ġthe	7.611992
793	6	Ġwoman	10.626929
793	7	Ġreported	13.719012
793	8	Ġthe	3.427479
793	9	Ġneighbors	14.344344
793	10	Ġbelieved	14.206591
793	11	Ġthey	3.777295
793	12	Ġknew	6.021991
793	13	Ġgreeted	22.276135
793	14	Ġthe	3.563992
793	15	Ġteacher	11.984101
793	16	Ġon	5.498042
793	17	Ġthe	1.037438
793	18	Ġsidewalk	4.359246
793	19	.	3.099667
793	20	<|endoftext|>	10.34374
794	1	<|endoftext|>	0.0
794	2	You	7.68222
794	3	Ġknow	4.524771
794	4	Ġthat	3.786982
794	5	Ġthe	7.611992
794	6	Ġwoman	10.626929
794	7	Ġreported	13.719012
794	8	Ġthe	3.427479
794	9	Ġneighbors	14.344344
794	10	Ġbelieved	14.206591
794	11	Ġthey	3.777295
794	12	Ġknew	6.021991
794	13	Ġthe	2.825706
794	14	Ġfirefighter	14.194038
794	15	Ġgreeted	21.217428
794	16	Ġthe	3.265282
794	17	Ġteacher	11.879011
794	18	Ġon	5.035567
794	19	Ġthe	0.983458
794	20	Ġsidewalk	4.917946
794	21	.	2.986485
794	22	<|endoftext|>	10.172976
795	1	<|endoftext|>	0.0
795	2	You	7.68222
795	3	Ġknow	4.524771
795	4	Ġwho	5.052576
795	5	Ġthe	6.464205
795	6	Ġwoman	9.5451
795	7	Ġreported	13.568663
795	8	Ġthe	3.10847
795	9	Ġneighbors	14.705562
795	10	Ġbelieved	13.288497
795	11	Ġthey	5.533915
795	12	Ġknew	4.882861
795	13	Ġgreeted	20.678264
795	14	Ġthe	3.717172
795	15	Ġteacher	11.573684
795	16	Ġon	5.284369
795	17	Ġthe	1.044249
795	18	Ġsidewalk	4.286024
795	19	.	4.404131
795	20	<|endoftext|>	8.501605
796	1	<|endoftext|>	0.0
796	2	You	7.68222
796	3	Ġknow	4.524771
796	4	Ġwho	5.052576
796	5	Ġthe	6.464205
796	6	Ġwoman	9.5451
796	7	Ġreported	13.568663
796	8	Ġthe	3.10847
796	9	Ġneighbors	14.705562
796	10	Ġbelieved	13.288497
796	11	Ġthey	5.533915
796	12	Ġknew	4.882861
796	13	Ġthe	4.842939
796	14	Ġfirefighter	14.416285
796	15	Ġgreeted	19.967505
796	16	Ġthe	3.703409
796	17	Ġteacher	11.661988
796	18	Ġon	5.027311
796	19	Ġthe	1.027469
796	20	Ġsidewalk	5.007735
796	21	.	3.613848
796	22	<|endoftext|>	8.274458
797	1	<|endoftext|>	0.0
797	2	You	7.68222
797	3	Ġknow	4.524771
797	4	Ġthat	3.786982
797	5	Ġthe	7.611992
797	6	Ġwoman	10.626929
797	7	Ġreported	13.719012
797	8	Ġthe	3.427479
797	9	Ġneighbors	14.344344
797	10	Ġbelieved	14.206591
797	11	Ġthey	3.777295
797	12	Ġknew	6.021991
797	13	Ġgreeted	22.276135
797	14	Ġthe	3.563992
797	15	Ġteacher	11.984101
797	16	Ġon	5.498042
797	17	Ġthe	1.037438
797	18	Ġsidewalk	4.359246
797	19	.	3.099667
797	20	<|endoftext|>	10.34374
798	1	<|endoftext|>	0.0
798	2	You	7.68222
798	3	Ġknow	4.524771
798	4	Ġthat	3.786982
798	5	Ġthe	7.611992
798	6	Ġwoman	10.626929
798	7	Ġreported	13.719012
798	8	Ġthe	3.427479
798	9	Ġneighbors	14.344344
798	10	Ġbelieved	14.206591
798	11	Ġthey	3.777295
798	12	Ġknew	6.021991
798	13	Ġthe	2.825706
798	14	Ġfirefighter	14.194038
798	15	Ġgreeted	21.217428
798	16	Ġthe	3.265282
798	17	Ġteacher	11.879011
798	18	Ġon	5.035567
798	19	Ġthe	0.983458
798	20	Ġsidewalk	4.917946
798	21	.	2.986485
798	22	<|endoftext|>	10.172976
799	1	<|endoftext|>	0.0
799	2	You	7.68222
799	3	Ġknow	4.524771
799	4	Ġwho	5.052576
799	5	Ġthe	6.464205
799	6	Ġwoman	9.5451
799	7	Ġreported	13.568663
799	8	Ġthe	3.10847
799	9	Ġneighbors	14.705562
799	10	Ġbelieved	13.288497
799	11	Ġthey	5.533915
799	12	Ġknew	4.882861
799	13	Ġgreeted	20.678264
799	14	Ġthe	3.717172
799	15	Ġteacher	11.573684
799	16	Ġon	5.284369
799	17	Ġthe	1.044249
799	18	Ġsidewalk	4.286024
799	19	.	4.404131
799	20	<|endoftext|>	8.501605
800	1	<|endoftext|>	0.0
800	2	You	7.68222
800	3	Ġknow	4.524771
800	4	Ġwho	5.052576
800	5	Ġthe	6.464205
800	6	Ġwoman	9.5451
800	7	Ġreported	13.568663
800	8	Ġthe	3.10847
800	9	Ġneighbors	14.705562
800	10	Ġbelieved	13.288497
800	11	Ġthey	5.533915
800	12	Ġknew	4.882861
800	13	Ġthe	4.842939
800	14	Ġfirefighter	14.416285
800	15	Ġgreeted	19.967505
800	16	Ġthe	3.703409
800	17	Ġteacher	11.661988
800	18	Ġon	5.027311
800	19	Ġthe	1.027469
800	20	Ġsidewalk	5.007735
800	21	.	3.613848
800	22	<|endoftext|>	8.274458
801	1	<|endoftext|>	0.0
801	2	He	8.582737
801	3	Ġknows	8.734376
801	4	Ġthat	2.922574
801	5	Ġsupported	18.342935
801	6	Ġthe	7.749337
801	7	Ġprincipal	14.663563
801	8	Ġduring	9.180182
801	9	Ġthe	1.495665
801	10	Ġtown	13.426893
801	11	Ġmeeting	4.830262
801	12	.	2.13705
801	13	<|endoftext|>	8.220972
802	1	<|endoftext|>	0.0
802	2	He	8.582737
802	3	Ġknows	8.734376
802	4	Ġthat	2.922586
802	5	Ġthe	3.683981
802	6	Ġmayor	11.672091
802	7	Ġsupported	12.74633
802	8	Ġthe	2.220595
802	9	Ġprincipal	15.275306
802	10	Ġduring	7.958017
802	11	Ġthe	1.523824
802	12	Ġtown	9.652453
802	13	Ġmeeting	4.582881
802	14	.	2.186103
802	15	<|endoftext|>	8.030753
803	1	<|endoftext|>	0.0
803	2	He	8.582737
803	3	Ġknows	8.734376
803	4	Ġwho	6.314424
803	5	Ġsupported	14.098567
803	6	Ġthe	4.474032
803	7	Ġprincipal	15.33968
803	8	Ġduring	7.712664
803	9	Ġthe	1.153477
803	10	Ġtown	12.210424
803	11	Ġmeeting	5.349506
803	12	.	1.651922
803	13	<|endoftext|>	7.770741
804	1	<|endoftext|>	0.0
804	2	He	8.582737
804	3	Ġknows	8.734376
804	4	Ġwho	6.314426
804	5	Ġthe	4.333661
804	6	Ġmayor	9.760402
804	7	Ġsupported	13.977564
804	8	Ġthe	7.86068
804	9	Ġprincipal	14.542238
804	10	Ġduring	7.483422
804	11	Ġthe	1.36629
804	12	Ġtown	9.702184
804	13	Ġmeeting	5.014766
804	14	.	1.579444
804	15	<|endoftext|>	7.501205
805	1	<|endoftext|>	0.0
805	2	He	8.582738
805	3	Ġknows	8.734333
805	4	Ġthat	2.922582
805	5	Ġthe	3.684004
805	6	Ġpolitician	13.645483
805	7	Ġbelieved	12.643093
805	8	Ġsupported	19.018615
805	9	Ġthe	2.821081
805	10	Ġprincipal	14.273788
805	11	Ġduring	8.532823
805	12	Ġthe	1.185412
805	13	Ġtown	13.265913
805	14	Ġmeeting	4.639331
805	15	.	1.931309
805	16	<|endoftext|>	7.378434
806	1	<|endoftext|>	0.0
806	2	He	8.582732
806	3	Ġknows	8.734344
806	4	Ġthat	2.922593
806	5	Ġthe	3.684015
806	6	Ġpolitician	13.645481
806	7	Ġbelieved	12.643083
806	8	Ġthe	4.314776
806	9	Ġmayor	10.629586
806	10	Ġsupported	10.512674
806	11	Ġthe	2.458263
806	12	Ġprincipal	14.737413
806	13	Ġduring	8.352378
806	14	Ġthe	1.496445
806	15	Ġtown	9.602904
806	16	Ġmeeting	4.476863
806	17	.	1.795079
806	18	<|endoftext|>	7.590915
807	1	<|endoftext|>	0.0
807	2	He	8.582738
807	3	Ġknows	8.734333
807	4	Ġwho	6.31441
807	5	Ġthe	4.333641
807	6	Ġpolitician	11.178929
807	7	Ġbelieved	12.949943
807	8	Ġsupported	14.389479
807	9	Ġthe	3.266113
807	10	Ġprincipal	15.218225
807	11	Ġduring	7.8741
807	12	Ġthe	1.038654
807	13	Ġtown	12.610592
807	14	Ġmeeting	5.653205
807	15	.	1.396878
807	16	<|endoftext|>	6.948225
808	1	<|endoftext|>	0.0
808	2	He	8.582732
808	3	Ġknows	8.734344
808	4	Ġwho	6.31441
808	5	Ġthe	4.333633
808	6	Ġpolitician	11.178933
808	7	Ġbelieved	12.949937
808	8	Ġthe	7.887741
808	9	Ġmayor	8.976146
808	10	Ġsupported	9.419348
808	11	Ġthe	7.344731
808	12	Ġprincipal	14.547355
808	13	Ġduring	7.399683
808	14	Ġthe	1.426126
808	15	Ġtown	9.375938
808	16	Ġmeeting	5.301818
808	17	.	1.327435
808	18	<|endoftext|>	6.898761
809	1	<|endoftext|>	0.0
809	2	He	8.582732
809	3	Ġknows	8.734344
809	4	Ġthat	2.922593
809	5	Ġthe	3.684015
809	6	Ġpolitician	13.645481
809	7	Ġbelieved	12.643083
809	8	Ġthe	4.314776
809	9	Ġdonors	15.472738
809	10	Ġsaid	9.868736
809	11	Ġsupported	17.940273
809	12	Ġthe	2.989367
809	13	Ġprincipal	15.217963
809	14	Ġduring	8.283986
809	15	Ġthe	1.047557
809	16	Ġtown	12.335952
809	17	Ġmeeting	5.385746
809	18	.	1.32703
809	19	<|endoftext|>	6.609911
810	1	<|endoftext|>	0.0
810	2	He	8.582732
810	3	Ġknows	8.734344
810	4	Ġthat	2.922593
810	5	Ġthe	3.684015
810	6	Ġpolitician	13.645481
810	7	Ġbelieved	12.643083
810	8	Ġthe	4.314776
810	9	Ġdonors	15.472738
810	10	Ġsaid	9.868736
810	11	Ġthe	3.47164
810	12	Ġmayor	11.869172
810	13	Ġsupported	8.990955
810	14	Ġthe	2.60123
810	15	Ġprincipal	14.620482
810	16	Ġduring	8.255046
810	17	Ġthe	1.457321
810	18	Ġtown	9.563286
810	19	Ġmeeting	4.602814
810	20	.	1.398658
810	21	<|endoftext|>	6.815732
811	1	<|endoftext|>	0.0
811	2	He	8.582732
811	3	Ġknows	8.734344
811	4	Ġwho	6.31441
811	5	Ġthe	4.333633
811	6	Ġpolitician	11.178933
811	7	Ġbelieved	12.949937
811	8	Ġthe	7.887741
811	9	Ġdonors	13.582474
811	10	Ġsaid	9.463087
811	11	Ġsupported	13.171674
811	12	Ġthe	4.215502
811	13	Ġprincipal	15.497057
811	14	Ġduring	7.932073
811	15	Ġthe	1.02333
811	16	Ġtown	11.800261
811	17	Ġmeeting	6.086395
811	18	.	0.97189
811	19	<|endoftext|>	5.980099
812	1	<|endoftext|>	0.0
812	2	He	8.582732
812	3	Ġknows	8.734344
812	4	Ġwho	6.31441
812	5	Ġthe	4.333633
812	6	Ġpolitician	11.178933
812	7	Ġbelieved	12.949937
812	8	Ġthe	7.887741
812	9	Ġdonors	13.582474
812	10	Ġsaid	9.463087
812	11	Ġthe	5.994675
812	12	Ġmayor	10.743037
812	13	Ġsupported	7.397011
812	14	Ġthe	7.433862
812	15	Ġprincipal	14.800067
812	16	Ġduring	7.70662
812	17	Ġthe	1.462957
812	18	Ġtown	9.232348
812	19	Ġmeeting	5.235565
812	20	.	1.017308
812	21	<|endoftext|>	6.044599
813	1	<|endoftext|>	0.0
813	2	He	8.582732
813	3	Ġknows	8.734344
813	4	Ġthat	2.922593
813	5	Ġthe	3.684015
813	6	Ġpolitician	13.645481
813	7	Ġbelieved	12.643083
813	8	Ġthe	4.314776
813	9	Ġdonors	15.472738
813	10	Ġsaid	9.868736
813	11	Ġthey	2.737029
813	12	Ġknew	5.819049
813	13	Ġsupported	16.97246
813	14	Ġthe	2.967164
813	15	Ġprincipal	14.767267
813	16	Ġduring	8.263735
813	17	Ġthe	1.040018
813	18	Ġtown	13.090605
813	19	Ġmeeting	4.931587
813	20	.	1.351658
813	21	<|endoftext|>	6.810697
814	1	<|endoftext|>	0.0
814	2	He	8.582732
814	3	Ġknows	8.734344
814	4	Ġthat	2.922593
814	5	Ġthe	3.684015
814	6	Ġpolitician	13.645481
814	7	Ġbelieved	12.643083
814	8	Ġthe	4.314776
814	9	Ġdonors	15.472738
814	10	Ġsaid	9.868736
814	11	Ġthey	2.737029
814	12	Ġknew	5.819049
814	13	Ġthe	3.73553
814	14	Ġmayor	9.903896
814	15	Ġsupported	12.353611
814	16	Ġthe	2.83828
814	17	Ġprincipal	14.663707
814	18	Ġduring	8.177867
814	19	Ġthe	1.361097
814	20	Ġtown	9.981177
814	21	Ġmeeting	4.665038
814	22	.	1.363085
814	23	<|endoftext|>	6.952533
815	1	<|endoftext|>	0.0
815	2	He	8.582732
815	3	Ġknows	8.734344
815	4	Ġwho	6.31441
815	5	Ġthe	4.333633
815	6	Ġpolitician	11.178933
815	7	Ġbelieved	12.949937
815	8	Ġthe	7.887741
815	9	Ġdonors	13.582474
815	10	Ġsaid	9.463087
815	11	Ġthey	2.039878
815	12	Ġknew	5.36674
815	13	Ġsupported	16.586146
815	14	Ġthe	3.995213
815	15	Ġprincipal	14.886331
815	16	Ġduring	7.781243
815	17	Ġthe	1.091796
815	18	Ġtown	12.635381
815	19	Ġmeeting	5.736729
815	20	.	0.980212
815	21	<|endoftext|>	6.086975
816	1	<|endoftext|>	0.0
816	2	He	8.582732
816	3	Ġknows	8.734344
816	4	Ġwho	6.31441
816	5	Ġthe	4.333633
816	6	Ġpolitician	11.178933
816	7	Ġbelieved	12.949937
816	8	Ġthe	7.887741
816	9	Ġdonors	13.582474
816	10	Ġsaid	9.463087
816	11	Ġthey	2.039878
816	12	Ġknew	5.36674
816	13	Ġthe	6.940677
816	14	Ġmayor	8.675057
816	15	Ġsupported	9.793959
816	16	Ġthe	7.056409
816	17	Ġprincipal	14.729469
816	18	Ġduring	7.802179
816	19	Ġthe	1.470116
816	20	Ġtown	9.682798
816	21	Ġmeeting	5.312268
816	22	.	0.9999
816	23	<|endoftext|>	6.221929
817	1	<|endoftext|>	0.0
817	2	He	8.582732
817	3	Ġknows	8.734344
817	4	Ġthat	2.922593
817	5	Ġthe	3.684015
817	6	Ġpolitician	13.645481
817	7	Ġbelieved	12.643083
817	8	Ġthe	4.314776
817	9	Ġdonors	15.472738
817	10	Ġsaid	9.868736
817	11	Ġthey	2.737029
817	12	Ġknew	5.819049
817	13	Ġsupported	16.97246
817	14	Ġthe	2.967164
817	15	Ġprincipal	14.767267
817	16	Ġduring	8.263735
817	17	Ġthe	1.040018
817	18	Ġtown	13.090605
817	19	Ġmeeting	4.931587
817	20	.	1.351658
817	21	<|endoftext|>	6.810697
818	1	<|endoftext|>	0.0
818	2	He	8.582732
818	3	Ġknows	8.734344
818	4	Ġthat	2.922593
818	5	Ġthe	3.684015
818	6	Ġpolitician	13.645481
818	7	Ġbelieved	12.643083
818	8	Ġthe	4.314776
818	9	Ġdonors	15.472738
818	10	Ġsaid	9.868736
818	11	Ġthey	2.737029
818	12	Ġknew	5.819049
818	13	Ġthe	3.73553
818	14	Ġmayor	9.903896
818	15	Ġsupported	12.353611
818	16	Ġthe	2.83828
818	17	Ġprincipal	14.663707
818	18	Ġduring	8.177867
818	19	Ġthe	1.361097
818	20	Ġtown	9.981177
818	21	Ġmeeting	4.665038
818	22	.	1.363085
818	23	<|endoftext|>	6.952533
819	1	<|endoftext|>	0.0
819	2	He	8.582732
819	3	Ġknows	8.734344
819	4	Ġwho	6.31441
819	5	Ġthe	4.333633
819	6	Ġpolitician	11.178933
819	7	Ġbelieved	12.949937
819	8	Ġthe	7.887741
819	9	Ġdonors	13.582474
819	10	Ġsaid	9.463087
819	11	Ġthey	2.039878
819	12	Ġknew	5.36674
819	13	Ġsupported	16.586146
819	14	Ġthe	3.995213
819	15	Ġprincipal	14.886331
819	16	Ġduring	7.781243
819	17	Ġthe	1.091796
819	18	Ġtown	12.635381
819	19	Ġmeeting	5.736729
819	20	.	0.980212
819	21	<|endoftext|>	6.086975
820	1	<|endoftext|>	0.0
820	2	He	8.582732
820	3	Ġknows	8.734344
820	4	Ġwho	6.31441
820	5	Ġthe	4.333633
820	6	Ġpolitician	11.178933
820	7	Ġbelieved	12.949937
820	8	Ġthe	7.887741
820	9	Ġdonors	13.582474
820	10	Ġsaid	9.463087
820	11	Ġthey	2.039878
820	12	Ġknew	5.36674
820	13	Ġthe	6.940677
820	14	Ġmayor	8.675057
820	15	Ġsupported	9.793959
820	16	Ġthe	7.056409
820	17	Ġprincipal	14.729469
820	18	Ġduring	7.802179
820	19	Ġthe	1.470116
820	20	Ġtown	9.682798
820	21	Ġmeeting	5.312268
820	22	.	0.9999
820	23	<|endoftext|>	6.221929
821	1	<|endoftext|>	0.0
821	2	She	9.588393
821	3	Ġknows	8.547399
821	4	Ġthat	3.373149
821	5	Ġcongratulated	21.166107
821	6	Ġthe	4.711595
821	7	Ġwriter	10.169568
821	8	Ġafter	6.978327
821	9	Ġthe	2.862467
821	10	Ġceremony	10.767509
821	11	.	2.065515
821	12	<|endoftext|>	7.41191
822	1	<|endoftext|>	0.0
822	2	She	9.588393
822	3	Ġknows	8.547399
822	4	Ġthat	3.373155
822	5	Ġthe	4.09474
822	6	Ġman	7.410189
822	7	Ġcongratulated	18.296008
822	8	Ġthe	5.98051
822	9	Ġwriter	10.526852
822	10	Ġafter	6.960271
822	11	Ġthe	2.859549
822	12	Ġceremony	10.069857
822	13	.	1.984331
822	14	<|endoftext|>	8.006161
823	1	<|endoftext|>	0.0
823	2	She	9.588393
823	3	Ġknows	8.547399
823	4	Ġwho	6.179697
823	5	Ġcongratulated	17.286704
823	6	Ġthe	5.817162
823	7	Ġwriter	10.0728
823	8	Ġafter	6.721591
823	9	Ġthe	2.638433
823	10	Ġceremony	10.459033
823	11	.	1.582711
823	12	<|endoftext|>	7.077375
824	1	<|endoftext|>	0.0
824	2	She	9.588393
824	3	Ġknows	8.547399
824	4	Ġwho	6.179725
824	5	Ġthe	4.654339
824	6	Ġman	3.863632
824	7	Ġcongratulated	21.360423
824	8	Ġthe	7.044749
824	9	Ġwriter	10.406041
824	10	Ġafter	7.471133
824	11	Ġthe	2.790854
824	12	Ġceremony	9.798639
824	13	.	1.337065
824	14	<|endoftext|>	7.361633
825	1	<|endoftext|>	0.0
825	2	She	9.588393
825	3	Ġknows	8.547399
825	4	Ġthat	3.373149
825	5	Ġthe	4.09474
825	6	Ġwoman	8.806006
825	7	Ġsaid	9.216737
825	8	Ġcongratulated	22.701289
825	9	Ġthe	5.03727
825	10	Ġwriter	10.256935
825	11	Ġafter	6.461094
825	12	Ġthe	2.620516
825	13	Ġceremony	9.760047
825	14	.	1.614901
825	15	<|endoftext|>	6.534887
826	1	<|endoftext|>	0.0
826	2	She	9.588377
826	3	Ġknows	8.547394
826	4	Ġthat	3.373129
826	5	Ġthe	4.094771
826	6	Ġwoman	8.80601
826	7	Ġsaid	9.216777
826	8	Ġthe	3.899542
826	9	Ġman	4.905837
826	10	Ġcongratulated	16.766186
826	11	Ġthe	6.313894
826	12	Ġwriter	10.937919
826	13	Ġafter	6.802577
826	14	Ġthe	2.957566
826	15	Ġceremony	9.823705
826	16	.	1.437207
826	17	<|endoftext|>	6.650418
827	1	<|endoftext|>	0.0
827	2	She	9.588393
827	3	Ġknows	8.547399
827	4	Ġwho	6.179697
827	5	Ġthe	4.654339
827	6	Ġwoman	6.507543
827	7	Ġsaid	9.394518
827	8	Ġcongratulated	20.444545
827	9	Ġthe	6.228911
827	10	Ġwriter	10.084961
827	11	Ġafter	7.058024
827	12	Ġthe	2.508429
827	13	Ġceremony	9.74136
827	14	.	1.106957
827	15	<|endoftext|>	6.101899
828	1	<|endoftext|>	0.0
828	2	She	9.588377
828	3	Ġknows	8.547394
828	4	Ġwho	6.17982
828	5	Ġthe	4.654325
828	6	Ġwoman	6.507522
828	7	Ġsaid	9.394554
828	8	Ġthe	6.652292
828	9	Ġman	2.870943
828	10	Ġcongratulated	19.589982
828	11	Ġthe	7.474766
828	12	Ġwriter	11.223854
828	13	Ġafter	7.985605
828	14	Ġthe	2.916824
828	15	Ġceremony	9.775312
828	16	.	0.986431
828	17	<|endoftext|>	5.991996
829	1	<|endoftext|>	0.0
829	2	She	9.588377
829	3	Ġknows	8.547394
829	4	Ġthat	3.373129
829	5	Ġthe	4.094771
829	6	Ġwoman	8.80601
829	7	Ġsaid	9.216777
829	8	Ġher	5.901354
829	9	Ġfriend	7.548801
829	10	Ġbelieved	10.575997
829	11	Ġcongratulated	27.271729
829	12	Ġthe	5.174172
829	13	Ġwriter	9.849843
829	14	Ġafter	5.810896
829	15	Ġthe	2.803898
829	16	Ġceremony	10.790394
829	17	.	1.339839
829	18	<|endoftext|>	6.585879
830	1	<|endoftext|>	0.0
830	2	She	9.588377
830	3	Ġknows	8.547394
830	4	Ġthat	3.373129
830	5	Ġthe	4.094771
830	6	Ġwoman	8.80601
830	7	Ġsaid	9.216777
830	8	Ġher	5.901354
830	9	Ġfriend	7.548801
830	10	Ġbelieved	10.575997
830	11	Ġthe	3.227664
830	12	Ġman	2.616181
830	13	Ġcongratulated	20.965778
830	14	Ġthe	5.859206
830	15	Ġwriter	10.905577
830	16	Ġafter	6.337994
830	17	Ġthe	2.946612
830	18	Ġceremony	10.625861
830	19	.	1.152484
830	20	<|endoftext|>	6.580495
831	1	<|endoftext|>	0.0
831	2	She	9.588377
831	3	Ġknows	8.547394
831	4	Ġwho	6.17982
831	5	Ġthe	4.654325
831	6	Ġwoman	6.507522
831	7	Ġsaid	9.394554
831	8	Ġher	7.002212
831	9	Ġfriend	6.719364
831	10	Ġbelieved	12.198919
831	11	Ġcongratulated	23.557952
831	12	Ġthe	5.817939
831	13	Ġwriter	9.920834
831	14	Ġafter	6.539223
831	15	Ġthe	2.740222
831	16	Ġceremony	11.030981
831	17	.	0.966962
831	18	<|endoftext|>	6.283897
832	1	<|endoftext|>	0.0
832	2	She	9.588377
832	3	Ġknows	8.547394
832	4	Ġwho	6.17982
832	5	Ġthe	4.654325
832	6	Ġwoman	6.507522
832	7	Ġsaid	9.394554
832	8	Ġher	7.002212
832	9	Ġfriend	6.719364
832	10	Ġbelieved	12.198919
832	11	Ġthe	8.330549
832	12	Ġman	2.692589
832	13	Ġcongratulated	21.662353
832	14	Ġthe	6.570495
832	15	Ġwriter	11.218633
832	16	Ġafter	7.143619
832	17	Ġthe	2.935424
832	18	Ġceremony	10.744069
832	19	.	0.867369
832	20	<|endoftext|>	6.245334
833	1	<|endoftext|>	0.0
833	2	She	9.588377
833	3	Ġknows	8.547394
833	4	Ġthat	3.373129
833	5	Ġthe	4.094771
833	6	Ġwoman	8.80601
833	7	Ġsaid	9.216777
833	8	Ġher	5.901354
833	9	Ġfriend	7.548801
833	10	Ġbelieved	10.575997
833	11	Ġshe	2.378879
833	12	Ġknew	6.772968
833	13	Ġcongratulated	24.823255
833	14	Ġthe	4.550171
833	15	Ġwriter	10.018521
833	16	Ġafter	6.097302
833	17	Ġthe	2.756538
833	18	Ġceremony	10.905954
833	19	.	1.206857
833	20	<|endoftext|>	6.681836
834	1	<|endoftext|>	0.0
834	2	She	9.588377
834	3	Ġknows	8.547394
834	4	Ġthat	3.373129
834	5	Ġthe	4.094771
834	6	Ġwoman	8.80601
834	7	Ġsaid	9.216777
834	8	Ġher	5.901354
834	9	Ġfriend	7.548801
834	10	Ġbelieved	10.575997
834	11	Ġshe	2.378879
834	12	Ġknew	6.772968
834	13	Ġthe	3.119044
834	14	Ġman	2.208004
834	15	Ġcongratulated	23.070525
834	16	Ġthe	5.478863
834	17	Ġwriter	10.893937
834	18	Ġafter	6.555479
834	19	Ġthe	2.861819
834	20	Ġceremony	10.035891
834	21	.	1.067396
834	22	<|endoftext|>	6.61909
835	1	<|endoftext|>	0.0
835	2	She	9.588377
835	3	Ġknows	8.547394
835	4	Ġwho	6.17982
835	5	Ġthe	4.654325
835	6	Ġwoman	6.507522
835	7	Ġsaid	9.394554
835	8	Ġher	7.002212
835	9	Ġfriend	6.719364
835	10	Ġbelieved	12.198919
835	11	Ġshe	4.767883
835	12	Ġknew	8.11786
835	13	Ġcongratulated	24.460014
835	14	Ġthe	5.134462
835	15	Ġwriter	10.18944
835	16	Ġafter	6.638415
835	17	Ġthe	2.677739
835	18	Ġceremony	11.244835
835	19	.	0.945417
835	20	<|endoftext|>	6.249929
836	1	<|endoftext|>	0.0
836	2	She	9.588377
836	3	Ġknows	8.547394
836	4	Ġwho	6.17982
836	5	Ġthe	4.654325
836	6	Ġwoman	6.507522
836	7	Ġsaid	9.394554
836	8	Ġher	7.002212
836	9	Ġfriend	6.719364
836	10	Ġbelieved	12.198919
836	11	Ġshe	4.767883
836	12	Ġknew	8.11786
836	13	Ġthe	7.229588
836	14	Ġman	2.199369
836	15	Ġcongratulated	21.70265
836	16	Ġthe	6.360979
836	17	Ġwriter	11.257912
836	18	Ġafter	7.2076
836	19	Ġthe	2.802997
836	20	Ġceremony	10.166545
836	21	.	0.83816
836	22	<|endoftext|>	6.183418
837	1	<|endoftext|>	0.0
837	2	She	9.588377
837	3	Ġknows	8.547394
837	4	Ġthat	3.373129
837	5	Ġthe	4.094771
837	6	Ġwoman	8.80601
837	7	Ġsaid	9.216777
837	8	Ġher	5.901354
837	9	Ġfriend	7.548801
837	10	Ġbelieved	10.575997
837	11	Ġshe	2.378879
837	12	Ġknew	6.772968
837	13	Ġcongratulated	24.823255
837	14	Ġthe	4.550171
837	15	Ġwriter	10.018521
837	16	Ġafter	6.097302
837	17	Ġthe	2.756538
837	18	Ġceremony	10.905954
837	19	.	1.206857
837	20	<|endoftext|>	6.681836
838	1	<|endoftext|>	0.0
838	2	She	9.588377
838	3	Ġknows	8.547394
838	4	Ġthat	3.373129
838	5	Ġthe	4.094771
838	6	Ġwoman	8.80601
838	7	Ġsaid	9.216777
838	8	Ġher	5.901354
838	9	Ġfriend	7.548801
838	10	Ġbelieved	10.575997
838	11	Ġshe	2.378879
838	12	Ġknew	6.772968
838	13	Ġthe	3.119044
838	14	Ġman	2.208004
838	15	Ġcongratulated	23.070525
838	16	Ġthe	5.478863
838	17	Ġwriter	10.893937
838	18	Ġafter	6.555479
838	19	Ġthe	2.861819
838	20	Ġceremony	10.035891
838	21	.	1.067396
838	22	<|endoftext|>	6.61909
839	1	<|endoftext|>	0.0
839	2	She	9.588377
839	3	Ġknows	8.547394
839	4	Ġwho	6.17982
839	5	Ġthe	4.654325
839	6	Ġwoman	6.507522
839	7	Ġsaid	9.394554
839	8	Ġher	7.002212
839	9	Ġfriend	6.719364
839	10	Ġbelieved	12.198919
839	11	Ġshe	4.767883
839	12	Ġknew	8.11786
839	13	Ġcongratulated	24.460014
839	14	Ġthe	5.134462
839	15	Ġwriter	10.18944
839	16	Ġafter	6.638415
839	17	Ġthe	2.677739
839	18	Ġceremony	11.244835
839	19	.	0.945417
839	20	<|endoftext|>	6.249929
840	1	<|endoftext|>	0.0
840	2	She	9.588377
840	3	Ġknows	8.547394
840	4	Ġwho	6.17982
840	5	Ġthe	4.654325
840	6	Ġwoman	6.507522
840	7	Ġsaid	9.394554
840	8	Ġher	7.002212
840	9	Ġfriend	6.719364
840	10	Ġbelieved	12.198919
840	11	Ġshe	4.767883
840	12	Ġknew	8.11786
840	13	Ġthe	7.229588
840	14	Ġman	2.199369
840	15	Ġcongratulated	21.70265
840	16	Ġthe	6.360979
840	17	Ġwriter	11.257912
840	18	Ġafter	7.2076
840	19	Ġthe	2.802997
840	20	Ġceremony	10.166545
840	21	.	0.83816
840	22	<|endoftext|>	6.183418
841	1	<|endoftext|>	0.0
841	2	I	5.770367
841	3	Ġknow	5.545733
841	4	Ġthat	2.74974
841	5	Ġintroduced	17.692871
841	6	Ġher	8.250273
841	7	Ġfriend	10.763492
841	8	Ġto	2.064315
841	9	Ġthe	2.828584
841	10	Ġregular	12.840875
841	11	Ġcustomer	11.562348
841	12	.	4.180351
841	13	<|endoftext|>	9.249698
842	1	<|endoftext|>	0.0
842	2	I	5.770362
842	3	Ġknow	5.545699
842	4	Ġthat	2.74972
842	5	Ġthe	4.424218
842	6	Ġhost	12.14003
842	7	ess	5.282721
842	8	Ġintroduced	12.058264
842	9	Ġher	5.010814
842	10	Ġfriend	6.52914
842	11	Ġto	1.46734
842	12	Ġthe	2.796839
842	13	Ġregular	11.72238
842	14	Ġcustomer	8.292483
842	15	.	3.654279
842	16	<|endoftext|>	10.874648
843	1	<|endoftext|>	0.0
843	2	I	5.770367
843	3	Ġknow	5.545733
843	4	Ġwho	8.366545
843	5	Ġintroduced	11.4213
843	6	Ġher	7.226316
843	7	Ġfriend	11.600019
843	8	Ġto	2.156966
843	9	Ġthe	3.204244
843	10	Ġregular	13.058401
843	11	Ġcustomer	9.93997
843	12	.	3.667682
843	13	<|endoftext|>	8.864035
844	1	<|endoftext|>	0.0
844	2	I	5.770362
844	3	Ġknow	5.545699
844	4	Ġwho	8.36647
844	5	Ġthe	5.844158
844	6	Ġhost	10.261403
844	7	ess	6.002014
844	8	Ġintroduced	15.784503
844	9	Ġher	6.641205
844	10	Ġfriend	7.658091
844	11	Ġto	1.384046
844	12	Ġthe	4.921444
844	13	Ġregular	11.899389
844	14	Ġcustomer	8.568877
844	15	.	2.804314
844	16	<|endoftext|>	10.141362
845	1	<|endoftext|>	0.0
845	2	I	5.770357
845	3	Ġknow	5.545684
845	4	Ġthat	2.749692
845	5	Ġthe	4.424222
845	6	Ġhe	14.635691
845	7	i	4.902154
845	8	ress	0.078768
845	9	Ġbelieved	15.657972
845	10	Ġintroduced	20.08846
845	11	Ġher	2.650896
845	12	Ġfriend	8.439355
845	13	Ġto	1.53292
845	14	Ġthe	2.364196
845	15	Ġregular	13.243159
845	16	Ġcustomer	10.945304
845	17	.	3.120056
845	18	<|endoftext|>	10.044039
846	1	<|endoftext|>	0.0
846	2	I	5.770357
846	3	Ġknow	5.545684
846	4	Ġthat	2.749692
846	5	Ġthe	4.424222
846	6	Ġhe	14.635691
846	7	i	4.902154
846	8	ress	0.078768
846	9	Ġbelieved	15.657972
846	10	Ġthe	4.376576
846	11	Ġhost	12.887766
846	12	ess	3.1825
846	13	Ġintroduced	14.789484
846	14	Ġher	2.159292
846	15	Ġfriend	7.269522
846	16	Ġto	1.065786
846	17	Ġthe	2.272338
846	18	Ġregular	12.78523
846	19	Ġcustomer	9.294665
846	20	.	2.815832
846	21	<|endoftext|>	10.34264
847	1	<|endoftext|>	0.0
847	2	I	5.770357
847	3	Ġknow	5.545684
847	4	Ġwho	8.366485
847	5	Ġthe	5.844156
847	6	Ġhe	13.466433
847	7	i	2.55336
847	8	ress	0.014537
847	9	Ġbelieved	17.873352
847	10	Ġintroduced	18.558839
847	11	Ġher	2.125645
847	12	Ġfriend	9.425316
847	13	Ġto	1.437975
847	14	Ġthe	2.537437
847	15	Ġregular	13.384031
847	16	Ġcustomer	10.742477
847	17	.	2.33216
847	18	<|endoftext|>	9.189868
848	1	<|endoftext|>	0.0
848	2	I	5.770357
848	3	Ġknow	5.545684
848	4	Ġwho	8.366485
848	5	Ġthe	5.844156
848	6	Ġhe	13.466433
848	7	i	2.55336
848	8	ress	0.014537
848	9	Ġbelieved	17.873352
848	10	Ġthe	7.64193
848	11	Ġhost	14.042727
848	12	ess	3.365334
848	13	Ġintroduced	14.231291
848	14	Ġher	3.470017
848	15	Ġfriend	7.946364
848	16	Ġto	1.204006
848	17	Ġthe	3.759088
848	18	Ġregular	12.75484
848	19	Ġcustomer	9.458453
848	20	.	2.097921
848	21	<|endoftext|>	9.470626
849	1	<|endoftext|>	0.0
849	2	I	5.770357
849	3	Ġknow	5.545684
849	4	Ġthat	2.749692
849	5	Ġthe	4.424222
849	6	Ġhe	14.635691
849	7	i	4.902154
849	8	ress	0.078768
849	9	Ġbelieved	15.657972
849	10	Ġher	3.747796
849	11	Ġfriend	8.60229
849	12	Ġsaid	11.46204
849	13	Ġintroduced	20.078935
849	14	Ġher	1.469868
849	15	Ġfriend	6.747344
849	16	Ġto	1.001927
849	17	Ġthe	2.542988
849	18	Ġregular	13.309933
849	19	Ġcustomer	9.650439
849	20	.	2.546182
849	21	<|endoftext|>	10.036559
850	1	<|endoftext|>	0.0
850	2	I	5.770357
850	3	Ġknow	5.545684
850	4	Ġthat	2.749692
850	5	Ġthe	4.424222
850	6	Ġhe	14.635691
850	7	i	4.902154
850	8	ress	0.078768
850	9	Ġbelieved	15.657972
850	10	Ġher	3.747796
850	11	Ġfriend	8.60229
850	12	Ġsaid	11.46204
850	13	Ġthe	4.437363
850	14	Ġhost	12.908535
850	15	ess	2.424103
850	16	Ġintroduced	13.672146
850	17	Ġher	1.496914
850	18	Ġfriend	6.177686
850	19	Ġto	0.935893
850	20	Ġthe	2.384477
850	21	Ġregular	12.840248
850	22	Ġcustomer	8.773347
850	23	.	2.422138
850	24	<|endoftext|>	10.105491
851	1	<|endoftext|>	0.0
851	2	I	5.770357
851	3	Ġknow	5.545684
851	4	Ġwho	8.366485
851	5	Ġthe	5.844156
851	6	Ġhe	13.466433
851	7	i	2.55336
851	8	ress	0.014537
851	9	Ġbelieved	17.873352
851	10	Ġher	6.892691
851	11	Ġfriend	8.298796
851	12	Ġsaid	10.780626
851	13	Ġintroduced	19.205914
851	14	Ġher	1.277011
851	15	Ġfriend	7.540129
851	16	Ġto	1.051677
851	17	Ġthe	2.686953
851	18	Ġregular	13.269526
851	19	Ġcustomer	9.82481
851	20	.	2.067942
851	21	<|endoftext|>	8.817382
852	1	<|endoftext|>	0.0
852	2	I	5.770357
852	3	Ġknow	5.545684
852	4	Ġwho	8.366485
852	5	Ġthe	5.844156
852	6	Ġhe	13.466433
852	7	i	2.55336
852	8	ress	0.014537
852	9	Ġbelieved	17.873352
852	10	Ġher	6.892691
852	11	Ġfriend	8.298796
852	12	Ġsaid	10.780626
852	13	Ġthe	6.51027
852	14	Ġhost	13.357963
852	15	ess	2.213631
852	16	Ġintroduced	13.536958
852	17	Ġher	1.518997
852	18	Ġfriend	6.399637
852	19	Ġto	1.10228
852	20	Ġthe	2.461948
852	21	Ġregular	12.81816
852	22	Ġcustomer	8.936766
852	23	.	2.006524
852	24	<|endoftext|>	8.920157
853	1	<|endoftext|>	0.0
853	2	I	5.770357
853	3	Ġknow	5.545684
853	4	Ġthat	2.749692
853	5	Ġthe	4.424222
853	6	Ġhe	14.635691
853	7	i	4.902154
853	8	ress	0.078768
853	9	Ġbelieved	15.657972
853	10	Ġher	3.747796
853	11	Ġfriend	8.60229
853	12	Ġsaid	11.46204
853	13	Ġshe	2.57251
853	14	Ġknew	6.13562
853	15	Ġintroduced	20.849193
853	16	Ġher	2.171618
853	17	Ġfriend	5.498597
853	18	Ġto	0.950049
853	19	Ġthe	2.678256
853	20	Ġregular	13.376332
853	21	Ġcustomer	9.491772
853	22	.	2.314839
853	23	<|endoftext|>	9.874817
854	1	<|endoftext|>	0.0
854	2	I	5.770357
854	3	Ġknow	5.545684
854	4	Ġthat	2.749692
854	5	Ġthe	4.424222
854	6	Ġhe	14.635691
854	7	i	4.902154
854	8	ress	0.078768
854	9	Ġbelieved	15.657972
854	10	Ġher	3.747796
854	11	Ġfriend	8.60229
854	12	Ġsaid	11.46204
854	13	Ġshe	2.57251
854	14	Ġknew	6.13562
854	15	Ġthe	3.792256
854	16	Ġhost	11.085933
854	17	ess	2.464084
854	18	Ġintroduced	16.239082
854	19	Ġher	1.669912
854	20	Ġfriend	6.059588
854	21	Ġto	1.044193
854	22	Ġthe	2.172351
854	23	Ġregular	12.918347
854	24	Ġcustomer	8.645956
854	25	.	2.222802
854	26	<|endoftext|>	9.998734
855	1	<|endoftext|>	0.0
855	2	I	5.770357
855	3	Ġknow	5.545684
855	4	Ġwho	8.366485
855	5	Ġthe	5.844156
855	6	Ġhe	13.466433
855	7	i	2.55336
855	8	ress	0.014537
855	9	Ġbelieved	17.873352
855	10	Ġher	6.892691
855	11	Ġfriend	8.298796
855	12	Ġsaid	10.780626
855	13	Ġshe	2.622922
855	14	Ġknew	6.185822
855	15	Ġintroduced	20.134792
855	16	Ġher	1.997263
855	17	Ġfriend	5.483783
855	18	Ġto	0.912716
855	19	Ġthe	2.735037
855	20	Ġregular	13.290752
855	21	Ġcustomer	9.669028
855	22	.	1.969127
855	23	<|endoftext|>	8.695805
856	1	<|endoftext|>	0.0
856	2	I	5.770357
856	3	Ġknow	5.545684
856	4	Ġwho	8.366485
856	5	Ġthe	5.844156
856	6	Ġhe	13.466433
856	7	i	2.55336
856	8	ress	0.014537
856	9	Ġbelieved	17.873352
856	10	Ġher	6.892691
856	11	Ġfriend	8.298796
856	12	Ġsaid	10.780626
856	13	Ġshe	2.622922
856	14	Ġknew	6.185822
856	15	Ġthe	5.377558
856	16	Ġhost	11.683679
856	17	ess	2.180885
856	18	Ġintroduced	15.888492
856	19	Ġher	1.772654
856	20	Ġfriend	5.993018
856	21	Ġto	1.110104
856	22	Ġthe	2.360458
856	23	Ġregular	12.794941
856	24	Ġcustomer	8.733235
856	25	.	1.87494
856	26	<|endoftext|>	8.866259
857	1	<|endoftext|>	0.0
857	2	I	5.770357
857	3	Ġknow	5.545684
857	4	Ġthat	2.749692
857	5	Ġthe	4.424222
857	6	Ġhe	14.635691
857	7	i	4.902154
857	8	ress	0.078768
857	9	Ġbelieved	15.657972
857	10	Ġher	3.747796
857	11	Ġfriend	8.60229
857	12	Ġsaid	11.46204
857	13	Ġshe	2.57251
857	14	Ġknew	6.13562
857	15	Ġintroduced	20.849193
857	16	Ġher	2.171618
857	17	Ġfriend	5.498597
857	18	Ġto	0.950049
857	19	Ġthe	2.678256
857	20	Ġregular	13.376332
857	21	Ġcustomer	9.491772
857	22	.	2.314839
857	23	<|endoftext|>	9.874817
858	1	<|endoftext|>	0.0
858	2	I	5.770357
858	3	Ġknow	5.545684
858	4	Ġthat	2.749692
858	5	Ġthe	4.424222
858	6	Ġhe	14.635691
858	7	i	4.902154
858	8	ress	0.078768
858	9	Ġbelieved	15.657972
858	10	Ġher	3.747796
858	11	Ġfriend	8.60229
858	12	Ġsaid	11.46204
858	13	Ġshe	2.57251
858	14	Ġknew	6.13562
858	15	Ġthe	3.792256
858	16	Ġhost	11.085933
858	17	ess	2.464084
858	18	Ġintroduced	16.239082
858	19	Ġher	1.669912
858	20	Ġfriend	6.059588
858	21	Ġto	1.044193
858	22	Ġthe	2.172351
858	23	Ġregular	12.918347
858	24	Ġcustomer	8.645956
858	25	.	2.222802
858	26	<|endoftext|>	9.998734
859	1	<|endoftext|>	0.0
859	2	I	5.770357
859	3	Ġknow	5.545684
859	4	Ġwho	8.366485
859	5	Ġthe	5.844156
859	6	Ġhe	13.466433
859	7	i	2.55336
859	8	ress	0.014537
859	9	Ġbelieved	17.873352
859	10	Ġher	6.892691
859	11	Ġfriend	8.298796
859	12	Ġsaid	10.780626
859	13	Ġshe	2.622922
859	14	Ġknew	6.185822
859	15	Ġintroduced	20.134792
859	16	Ġher	1.997263
859	17	Ġfriend	5.483783
859	18	Ġto	0.912716
859	19	Ġthe	2.735037
859	20	Ġregular	13.290752
859	21	Ġcustomer	9.669028
859	22	.	1.969127
859	23	<|endoftext|>	8.695805
860	1	<|endoftext|>	0.0
860	2	I	5.770357
860	3	Ġknow	5.545684
860	4	Ġwho	8.366485
860	5	Ġthe	5.844156
860	6	Ġhe	13.466433
860	7	i	2.55336
860	8	ress	0.014537
860	9	Ġbelieved	17.873352
860	10	Ġher	6.892691
860	11	Ġfriend	8.298796
860	12	Ġsaid	10.780626
860	13	Ġshe	2.622922
860	14	Ġknew	6.185822
860	15	Ġthe	5.377558
860	16	Ġhost	11.683679
860	17	ess	2.180885
860	18	Ġintroduced	15.888492
860	19	Ġher	1.772654
860	20	Ġfriend	5.993018
860	21	Ġto	1.110104
860	22	Ġthe	2.360458
860	23	Ġregular	12.794941
860	24	Ġcustomer	8.733235
860	25	.	1.87494
860	26	<|endoftext|>	8.866259
861	1	<|endoftext|>	0.0
861	2	You	7.682203
861	3	Ġknow	4.524784
861	4	Ġthat	3.787021
861	5	Ġwaited	20.500461
861	6	Ġfor	2.718415
861	7	Ġher	7.075152
861	8	Ġmother	9.115847
861	9	Ġat	6.717132
861	10	Ġthe	1.444212
861	11	Ġmovie	9.315651
861	12	Ġtheater	0.66533
861	13	.	4.501723
861	14	<|endoftext|>	8.552671
862	1	<|endoftext|>	0.0
862	2	You	7.68222
862	3	Ġknow	4.524771
862	4	Ġthat	3.786982
862	5	Ġthe	7.611992
862	6	Ġyoung	10.974428
862	7	Ġwoman	5.293888
862	8	Ġwaited	14.786196
862	9	Ġfor	1.99906
862	10	Ġher	1.743403
862	11	Ġmother	5.36524
862	12	Ġat	5.149027
862	13	Ġthe	1.020421
862	14	Ġmovie	11.761442
862	15	Ġtheater	0.347981
862	16	.	3.977822
862	17	<|endoftext|>	10.508693
863	1	<|endoftext|>	0.0
863	2	You	7.682203
863	3	Ġknow	4.524784
863	4	Ġwho	5.05256
863	5	Ġwaited	15.040008
863	6	Ġfor	2.533334
863	7	Ġher	7.485373
863	8	Ġmother	9.101576
863	9	Ġat	6.745072
863	10	Ġthe	1.528907
863	11	Ġmovie	10.011771
863	12	Ġtheater	0.525549
863	13	.	6.205903
863	14	<|endoftext|>	7.636605
864	1	<|endoftext|>	0.0
864	2	You	7.68222
864	3	Ġknow	4.524771
864	4	Ġwho	5.052576
864	5	Ġthe	6.464205
864	6	Ġyoung	9.923517
864	7	Ġwoman	5.741151
864	8	Ġwaited	15.718447
864	9	Ġfor	0.605511
864	10	Ġher	6.085837
864	11	Ġmother	5.767911
864	12	Ġat	5.096445
864	13	Ġthe	1.10876
864	14	Ġmovie	11.057176
864	15	Ġtheater	0.408896
864	16	.	5.264433
864	17	<|endoftext|>	8.717843
865	1	<|endoftext|>	0.0
865	2	You	7.68222
865	3	Ġknow	4.524771
865	4	Ġthat	3.786982
865	5	Ġthe	7.611992
865	6	Ġman	8.267877
865	7	Ġsaid	7.985195
865	8	Ġwaited	20.944622
865	9	Ġfor	2.278129
865	10	Ġher	4.9682
865	11	Ġmother	8.668712
865	12	Ġat	6.650594
865	13	Ġthe	1.166812
865	14	Ġmovie	11.007955
865	15	Ġtheater	0.419006
865	16	.	3.965778
865	17	<|endoftext|>	8.946335
866	1	<|endoftext|>	0.0
866	2	You	7.68222
866	3	Ġknow	4.524771
866	4	Ġthat	3.786982
866	5	Ġthe	7.611992
866	6	Ġman	8.267877
866	7	Ġsaid	7.985195
866	8	Ġthe	4.900341
866	9	Ġyoung	10.920682
866	10	Ġwoman	2.763765
866	11	Ġwaited	12.186736
866	12	Ġfor	2.094505
866	13	Ġher	2.55337
866	14	Ġmother	4.846755
866	15	Ġat	5.576256
866	16	Ġthe	0.979102
866	17	Ġmovie	11.705546
866	18	Ġtheater	0.366701
866	19	.	3.363939
866	20	<|endoftext|>	9.758175
867	1	<|endoftext|>	0.0
867	2	You	7.68222
867	3	Ġknow	4.524771
867	4	Ġwho	5.052576
867	5	Ġthe	6.464205
867	6	Ġman	6.228427
867	7	Ġsaid	7.185384
867	8	Ġwaited	17.310412
867	9	Ġfor	2.43865
867	10	Ġher	4.31436
867	11	Ġmother	9.441821
867	12	Ġat	5.728273
867	13	Ġthe	1.116333
867	14	Ġmovie	10.811356
867	15	Ġtheater	0.348111
867	16	.	5.357889
867	17	<|endoftext|>	7.508153
868	1	<|endoftext|>	0.0
868	2	You	7.68222
868	3	Ġknow	4.524771
868	4	Ġwho	5.052576
868	5	Ġthe	6.464205
868	6	Ġman	6.228427
868	7	Ġsaid	7.185384
868	8	Ġthe	5.748247
868	9	Ġyoung	11.50037
868	10	Ġwoman	3.429199
868	11	Ġwaited	12.855604
868	12	Ġfor	0.843921
868	13	Ġher	3.134783
868	14	Ġmother	5.311926
868	15	Ġat	5.117531
868	16	Ġthe	0.956935
868	17	Ġmovie	11.397425
868	18	Ġtheater	0.33115
868	19	.	4.334248
868	20	<|endoftext|>	8.01556
869	1	<|endoftext|>	0.0
869	2	You	7.68222
869	3	Ġknow	4.524771
869	4	Ġthat	3.786982
869	5	Ġthe	7.611992
869	6	Ġman	8.267877
869	7	Ġsaid	7.985195
869	8	Ġthe	4.900341
869	9	Ġattendant	17.874175
869	10	Ġsaw	9.631642
869	11	Ġwaited	22.786257
869	12	Ġfor	1.788139
869	13	Ġher	4.014878
869	14	Ġmother	10.690406
869	15	Ġat	4.223355
869	16	Ġthe	0.814073
869	17	Ġmovie	12.938384
869	18	Ġtheater	0.538988
869	19	.	3.460234
869	20	<|endoftext|>	9.843646
870	1	<|endoftext|>	0.0
870	2	You	7.68222
870	3	Ġknow	4.524771
870	4	Ġthat	3.786982
870	5	Ġthe	7.611992
870	6	Ġman	8.267877
870	7	Ġsaid	7.985195
870	8	Ġthe	4.900341
870	9	Ġattendant	17.874175
870	10	Ġsaw	9.631642
870	11	Ġthe	2.57447
870	12	Ġyoung	8.192101
870	13	Ġwoman	2.005194
870	14	Ġwaited	17.970652
870	15	Ġfor	1.635041
870	16	Ġher	2.252728
870	17	Ġmother	6.492721
870	18	Ġat	4.42893
870	19	Ġthe	0.714719
870	20	Ġmovie	13.310464
870	21	Ġtheater	0.548353
870	22	.	2.932103
870	23	<|endoftext|>	9.905333
871	1	<|endoftext|>	0.0
871	2	You	7.68222
871	3	Ġknow	4.524771
871	4	Ġwho	5.052576
871	5	Ġthe	6.464205
871	6	Ġman	6.228427
871	7	Ġsaid	7.185384
871	8	Ġthe	5.748247
871	9	Ġattendant	20.049663
871	10	Ġsaw	9.476089
871	11	Ġwaited	20.959685
871	12	Ġfor	1.659832
871	13	Ġher	3.235783
871	14	Ġmother	11.415183
871	15	Ġat	3.750663
871	16	Ġthe	0.76393
871	17	Ġmovie	12.455597
871	18	Ġtheater	0.471796
871	19	.	4.219707
871	20	<|endoftext|>	8.196594
872	1	<|endoftext|>	0.0
872	2	You	7.68222
872	3	Ġknow	4.524771
872	4	Ġwho	5.052576
872	5	Ġthe	6.464205
872	6	Ġman	6.228427
872	7	Ġsaid	7.185384
872	8	Ġthe	5.748247
872	9	Ġattendant	20.049663
872	10	Ġsaw	9.476089
872	11	Ġthe	4.046476
872	12	Ġyoung	8.255506
872	13	Ġwoman	2.096245
872	14	Ġwaited	17.318334
872	15	Ġfor	1.453586
872	16	Ġher	2.212345
872	17	Ġmother	6.972981
872	18	Ġat	4.166017
872	19	Ġthe	0.698276
872	20	Ġmovie	13.154346
872	21	Ġtheater	0.526784
872	22	.	3.545388
872	23	<|endoftext|>	8.284771
873	1	<|endoftext|>	0.0
873	2	You	7.68222
873	3	Ġknow	4.524771
873	4	Ġthat	3.786982
873	5	Ġthe	7.611992
873	6	Ġman	8.267877
873	7	Ġsaid	7.985195
873	8	Ġthe	4.900341
873	9	Ġattendant	17.874175
873	10	Ġsaw	9.631642
873	11	Ġher	3.910068
873	12	Ġfriend	8.816246
873	13	Ġknew	17.093847
873	14	Ġwaited	21.505978
873	15	Ġfor	1.925651
873	16	Ġher	0.818262
873	17	Ġmother	10.824843
873	18	Ġat	5.460825
873	19	Ġthe	0.945294
873	20	Ġmovie	12.089483
873	21	Ġtheater	0.863893
873	22	.	2.854887
873	23	<|endoftext|>	9.425004
874	1	<|endoftext|>	0.0
874	2	You	7.68222
874	3	Ġknow	4.524771
874	4	Ġthat	3.786982
874	5	Ġthe	7.611992
874	6	Ġman	8.267877
874	7	Ġsaid	7.985195
874	8	Ġthe	4.900341
874	9	Ġattendant	17.874175
874	10	Ġsaw	9.631642
874	11	Ġher	3.910068
874	12	Ġfriend	8.816246
874	13	Ġknew	17.093847
874	14	Ġthe	3.880248
874	15	Ġyoung	9.775947
874	16	Ġwoman	1.887423
874	17	Ġwaited	15.263014
874	18	Ġfor	1.738263
874	19	Ġher	1.34221
874	20	Ġmother	8.613111
874	21	Ġat	4.778973
874	22	Ġthe	0.877324
874	23	Ġmovie	12.338937
874	24	Ġtheater	0.606429
874	25	.	2.452726
874	26	<|endoftext|>	9.629727
875	1	<|endoftext|>	0.0
875	2	You	7.68222
875	3	Ġknow	4.524771
875	4	Ġwho	5.052576
875	5	Ġthe	6.464205
875	6	Ġman	6.228427
875	7	Ġsaid	7.185384
875	8	Ġthe	5.748247
875	9	Ġattendant	20.049663
875	10	Ġsaw	9.476089
875	11	Ġher	5.735792
875	12	Ġfriend	8.934213
875	13	Ġknew	17.152838
875	14	Ġwaited	19.806491
875	15	Ġfor	1.998466
875	16	Ġher	0.783768
875	17	Ġmother	11.513194
875	18	Ġat	5.270507
875	19	Ġthe	0.906102
875	20	Ġmovie	11.937806
875	21	Ġtheater	0.891601
875	22	.	3.563061
875	23	<|endoftext|>	7.681423
876	1	<|endoftext|>	0.0
876	2	You	7.68222
876	3	Ġknow	4.524771
876	4	Ġwho	5.052576
876	5	Ġthe	6.464205
876	6	Ġman	6.228427
876	7	Ġsaid	7.185384
876	8	Ġthe	5.748247
876	9	Ġattendant	20.049663
876	10	Ġsaw	9.476089
876	11	Ġher	5.735792
876	12	Ġfriend	8.934213
876	13	Ġknew	17.152838
876	14	Ġthe	4.538526
876	15	Ġyoung	10.194283
876	16	Ġwoman	1.865917
876	17	Ġwaited	14.253364
876	18	Ġfor	1.667201
876	19	Ġher	1.301278
876	20	Ġmother	8.819343
876	21	Ġat	4.718939
876	22	Ġthe	0.830586
876	23	Ġmovie	12.428494
876	24	Ġtheater	0.648218
876	25	.	2.930298
876	26	<|endoftext|>	7.764174
877	1	<|endoftext|>	0.0
877	2	You	7.68222
877	3	Ġknow	4.524771
877	4	Ġthat	3.786982
877	5	Ġthe	7.611992
877	6	Ġman	8.267877
877	7	Ġsaid	7.985195
877	8	Ġthe	4.900341
877	9	Ġattendant	17.874175
877	10	Ġsaw	9.631642
877	11	Ġher	3.910068
877	12	Ġfriend	8.816246
877	13	Ġknew	17.093847
877	14	Ġwaited	21.505978
877	15	Ġfor	1.925651
877	16	Ġher	0.818262
877	17	Ġmother	10.824843
877	18	Ġat	5.460825
877	19	Ġthe	0.945294
877	20	Ġmovie	12.089483
877	21	Ġtheater	0.863893
877	22	.	2.854887
877	23	<|endoftext|>	9.425004
878	1	<|endoftext|>	0.0
878	2	You	7.68222
878	3	Ġknow	4.524771
878	4	Ġthat	3.786982
878	5	Ġthe	7.611992
878	6	Ġman	8.267877
878	7	Ġsaid	7.985195
878	8	Ġthe	4.900341
878	9	Ġattendant	17.874175
878	10	Ġsaw	9.631642
878	11	Ġher	3.910068
878	12	Ġfriend	8.816246
878	13	Ġknew	17.093847
878	14	Ġthe	3.880248
878	15	Ġyoung	9.775947
878	16	Ġwoman	1.887423
878	17	Ġwaited	15.263014
878	18	Ġfor	1.738263
878	19	Ġher	1.34221
878	20	Ġmother	8.613111
878	21	Ġat	4.778973
878	22	Ġthe	0.877324
878	23	Ġmovie	12.338937
878	24	Ġtheater	0.606429
878	25	.	2.452726
878	26	<|endoftext|>	9.629727
879	1	<|endoftext|>	0.0
879	2	You	7.68222
879	3	Ġknow	4.524771
879	4	Ġwho	5.052576
879	5	Ġthe	6.464205
879	6	Ġman	6.228427
879	7	Ġsaid	7.185384
879	8	Ġthe	5.748247
879	9	Ġattendant	20.049663
879	10	Ġsaw	9.476089
879	11	Ġher	5.735792
879	12	Ġfriend	8.934213
879	13	Ġknew	17.152838
879	14	Ġwaited	19.806491
879	15	Ġfor	1.998466
879	16	Ġher	0.783768
879	17	Ġmother	11.513194
879	18	Ġat	5.270507
879	19	Ġthe	0.906102
879	20	Ġmovie	11.937806
879	21	Ġtheater	0.891601
879	22	.	3.563061
879	23	<|endoftext|>	7.681423
880	1	<|endoftext|>	0.0
880	2	You	7.68222
880	3	Ġknow	4.524771
880	4	Ġwho	5.052576
880	5	Ġthe	6.464205
880	6	Ġman	6.228427
880	7	Ġsaid	7.185384
880	8	Ġthe	5.748247
880	9	Ġattendant	20.049663
880	10	Ġsaw	9.476089
880	11	Ġher	5.735792
880	12	Ġfriend	8.934213
880	13	Ġknew	17.152838
880	14	Ġthe	4.538526
880	15	Ġyoung	10.194283
880	16	Ġwoman	1.865917
880	17	Ġwaited	14.253364
880	18	Ġfor	1.667201
880	19	Ġher	1.301278
880	20	Ġmother	8.819343
880	21	Ġat	4.718939
880	22	Ġthe	0.830586
880	23	Ġmovie	12.428494
880	24	Ġtheater	0.648218
880	25	.	2.930298
880	26	<|endoftext|>	7.764174
881	1	<|endoftext|>	0.0
881	2	The	4.729313
881	3	Ġneighbors	15.961525
881	4	Ġfound	9.498368
881	5	Ġout	4.967376
881	6	Ġthat	2.611243
881	7	Ġbought	17.697551
881	8	Ġa	2.656178
881	9	Ġgift	10.11299
881	10	Ġfor	3.067915
881	11	Ġher	3.41446
881	12	Ġparents	7.705425
881	13	.	3.812553
881	14	<|endoftext|>	6.922049
882	1	<|endoftext|>	0.0
882	2	The	4.729281
882	3	Ġneighbors	15.961583
882	4	Ġfound	9.498288
882	5	Ġout	4.967343
882	6	Ġthat	2.611273
882	7	Ġthe	2.653965
882	8	Ġyoung	8.157776
882	9	Ġwoman	2.926718
882	10	Ġbought	11.787828
882	11	Ġa	1.615743
882	12	Ġgift	8.603773
882	13	Ġfor	2.238561
882	14	Ġher	1.48026
882	15	Ġparents	6.667908
882	16	.	3.324709
882	17	<|endoftext|>	7.38242
883	1	<|endoftext|>	0.0
883	2	The	4.729313
883	3	Ġneighbors	15.961525
883	4	Ġfound	9.498368
883	5	Ġout	4.967376
883	6	Ġwho	6.983323
883	7	Ġbought	8.337726
883	8	Ġa	5.652931
883	9	Ġgift	10.912339
883	10	Ġfor	2.956563
883	11	Ġher	3.742366
883	12	Ġparents	8.3572
883	13	.	2.806258
883	14	<|endoftext|>	6.939649
884	1	<|endoftext|>	0.0
884	2	The	4.729281
884	3	Ġneighbors	15.961583
884	4	Ġfound	9.498288
884	5	Ġout	4.967343
884	6	Ġwho	6.983309
884	7	Ġthe	3.196739
884	8	Ġyoung	8.586343
884	9	Ġwoman	3.663629
884	10	Ġbought	14.82097
884	11	Ġa	4.338629
884	12	Ġgift	9.462502
884	13	Ġfor	1.460881
884	14	Ġher	3.641451
884	15	Ġparents	7.136911
884	16	.	2.43802
884	17	<|endoftext|>	6.806769
885	1	<|endoftext|>	0.0
885	2	The	4.729281
885	3	Ġneighbors	15.961583
885	4	Ġfound	9.498288
885	5	Ġout	4.967343
885	6	Ġthat	2.611273
885	7	Ġher	6.08784
885	8	Ġmother	4.685974
885	9	Ġheard	12.766309
885	10	Ġbought	21.455048
885	11	Ġa	3.068098
885	12	Ġgift	9.081342
885	13	Ġfor	2.526172
885	14	Ġher	1.219186
885	15	Ġparents	9.978528
885	16	.	3.905901
885	17	<|endoftext|>	7.700813
886	1	<|endoftext|>	0.0
886	2	The	4.729281
886	3	Ġneighbors	15.961583
886	4	Ġfound	9.498288
886	5	Ġout	4.967343
886	6	Ġthat	2.611273
886	7	Ġher	6.08784
886	8	Ġmother	4.685974
886	9	Ġheard	12.766309
886	10	Ġthe	2.631726
886	11	Ġyoung	8.760134
886	12	Ġwoman	2.026369
886	13	Ġbought	18.72174
886	14	Ġa	1.870499
886	15	Ġgift	8.847278
886	16	Ġfor	2.256956
886	17	Ġher	1.092479
886	18	Ġparents	9.183457
886	19	.	3.134
886	20	<|endoftext|>	7.410261
887	1	<|endoftext|>	0.0
887	2	The	4.729281
887	3	Ġneighbors	15.961583
887	4	Ġfound	9.498288
887	5	Ġout	4.967343
887	6	Ġwho	6.983309
887	7	Ġher	7.998044
887	8	Ġmother	5.239479
887	9	Ġheard	14.108228
887	10	Ġbought	18.941913
887	11	Ġa	4.826795
887	12	Ġgift	9.469892
887	13	Ġfor	2.493564
887	14	Ġher	1.526159
887	15	Ġparents	9.93821
887	16	.	2.518474
887	17	<|endoftext|>	7.130499
888	1	<|endoftext|>	0.0
888	2	The	4.729281
888	3	Ġneighbors	15.961583
888	4	Ġfound	9.498288
888	5	Ġout	4.967343
888	6	Ġwho	6.983309
888	7	Ġher	7.998044
888	8	Ġmother	5.239479
888	9	Ġheard	14.108228
888	10	Ġthe	6.018119
888	11	Ġyoung	9.863254
888	12	Ġwoman	1.584885
888	13	Ġbought	17.393595
888	14	Ġa	3.746663
888	15	Ġgift	9.065956
888	16	Ġfor	1.64191
888	17	Ġher	2.805111
888	18	Ġparents	9.39455
888	19	.	2.125321
888	20	<|endoftext|>	6.875366
889	1	<|endoftext|>	0.0
889	2	The	4.729281
889	3	Ġneighbors	15.961583
889	4	Ġfound	9.498288
889	5	Ġout	4.967343
889	6	Ġthat	2.611273
889	7	Ġher	6.08784
889	8	Ġmother	4.685974
889	9	Ġheard	12.766309
889	10	Ġthe	2.631726
889	11	Ġnewspaper	14.722324
889	12	Ġreported	9.827112
889	13	Ġbought	16.844619
889	14	Ġa	3.092974
889	15	Ġgift	8.712589
889	16	Ġfor	2.329504
889	17	Ġher	1.160195
889	18	Ġparents	9.845912
889	19	.	2.576561
889	20	<|endoftext|>	6.91967
890	1	<|endoftext|>	0.0
890	2	The	4.729281
890	3	Ġneighbors	15.961583
890	4	Ġfound	9.498288
890	5	Ġout	4.967343
890	6	Ġthat	2.611273
890	7	Ġher	6.08784
890	8	Ġmother	4.685974
890	9	Ġheard	12.766309
890	10	Ġthe	2.631726
890	11	Ġnewspaper	14.722324
890	12	Ġreported	9.827112
890	13	Ġthe	3.133083
890	14	Ġyoung	9.099211
890	15	Ġwoman	1.650705
890	16	Ġbought	14.043345
890	17	Ġa	1.812771
890	18	Ġgift	8.242527
890	19	Ġfor	1.899485
890	20	Ġher	1.116908
890	21	Ġparents	8.284701
890	22	.	2.396198
890	23	<|endoftext|>	6.764863
891	1	<|endoftext|>	0.0
891	2	The	4.729281
891	3	Ġneighbors	15.961583
891	4	Ġfound	9.498288
891	5	Ġout	4.967343
891	6	Ġwho	6.983309
891	7	Ġher	7.998044
891	8	Ġmother	5.239479
891	9	Ġheard	14.108228
891	10	Ġthe	6.018119
891	11	Ġnewspaper	14.700386
891	12	Ġreported	6.694649
891	13	Ġbought	15.385388
891	14	Ġa	2.973202
891	15	Ġgift	9.055883
891	16	Ġfor	2.268438
891	17	Ġher	1.340947
891	18	Ġparents	9.700735
891	19	.	2.203829
891	20	<|endoftext|>	6.600149
892	1	<|endoftext|>	0.0
892	2	The	4.729281
892	3	Ġneighbors	15.961583
892	4	Ġfound	9.498288
892	5	Ġout	4.967343
892	6	Ġwho	6.983309
892	7	Ġher	7.998044
892	8	Ġmother	5.239479
892	9	Ġheard	14.108228
892	10	Ġthe	6.018119
892	11	Ġnewspaper	14.700386
892	12	Ġreported	6.694649
892	13	Ġthe	4.93264
892	14	Ġyoung	9.17585
892	15	Ġwoman	1.169724
892	16	Ġbought	12.858892
892	17	Ġa	3.155268
892	18	Ġgift	8.398368
892	19	Ġfor	1.808916
892	20	Ġher	1.167256
892	21	Ġparents	8.001763
892	22	.	2.078751
892	23	<|endoftext|>	6.36079
893	1	<|endoftext|>	0.0
893	2	The	4.729281
893	3	Ġneighbors	15.961583
893	4	Ġfound	9.498288
893	5	Ġout	4.967343
893	6	Ġthat	2.611273
893	7	Ġher	6.08784
893	8	Ġmother	4.685974
893	9	Ġheard	12.766309
893	10	Ġthe	2.631726
893	11	Ġnewspaper	14.722324
893	12	Ġreported	9.827112
893	13	Ġthe	3.133083
893	14	Ġmayor	11.328305
893	15	Ġsaid	8.085535
893	16	Ġbought	17.77549
893	17	Ġa	2.695348
893	18	Ġgift	8.98782
893	19	Ġfor	1.867725
893	20	Ġher	1.440496
893	21	Ġparents	9.488992
893	22	.	2.172027
893	23	<|endoftext|>	6.032923
894	1	<|endoftext|>	0.0
894	2	The	4.729281
894	3	Ġneighbors	15.961583
894	4	Ġfound	9.498288
894	5	Ġout	4.967343
894	6	Ġthat	2.611273
894	7	Ġher	6.08784
894	8	Ġmother	4.685974
894	9	Ġheard	12.766309
894	10	Ġthe	2.631726
894	11	Ġnewspaper	14.722324
894	12	Ġreported	9.827112
894	13	Ġthe	3.133083
894	14	Ġmayor	11.328305
894	15	Ġsaid	8.085535
894	16	Ġthe	3.252141
894	17	Ġyoung	9.499897
894	18	Ġwoman	1.606515
894	19	Ġbought	11.835322
894	20	Ġa	2.044262
894	21	Ġgift	8.451794
894	22	Ġfor	1.687546
894	23	Ġher	1.426523
894	24	Ġparents	8.276931
894	25	.	2.131062
894	26	<|endoftext|>	5.983857
895	1	<|endoftext|>	0.0
895	2	The	4.729281
895	3	Ġneighbors	15.961583
895	4	Ġfound	9.498288
895	5	Ġout	4.967343
895	6	Ġwho	6.983309
895	7	Ġher	7.998044
895	8	Ġmother	5.239479
895	9	Ġheard	14.108228
895	10	Ġthe	6.018119
895	11	Ġnewspaper	14.700386
895	12	Ġreported	6.694649
895	13	Ġthe	4.93264
895	14	Ġmayor	11.755061
895	15	Ġsaid	6.46455
895	16	Ġbought	14.134829
895	17	Ġa	3.396617
895	18	Ġgift	8.974346
895	19	Ġfor	2.120897
895	20	Ġher	1.381795
895	21	Ġparents	9.260505
895	22	.	2.047268
895	23	<|endoftext|>	5.658543
896	1	<|endoftext|>	0.0
896	2	The	4.729281
896	3	Ġneighbors	15.961583
896	4	Ġfound	9.498288
896	5	Ġout	4.967343
896	6	Ġwho	6.983309
896	7	Ġher	7.998044
896	8	Ġmother	5.239479
896	9	Ġheard	14.108228
896	10	Ġthe	6.018119
896	11	Ġnewspaper	14.700386
896	12	Ġreported	6.694649
896	13	Ġthe	4.93264
896	14	Ġmayor	11.755061
896	15	Ġsaid	6.46455
896	16	Ġthe	4.440027
896	17	Ġyoung	8.772491
896	18	Ġwoman	1.15678
896	19	Ġbought	10.787114
896	20	Ġa	2.655811
896	21	Ġgift	8.305535
896	22	Ġfor	1.783484
896	23	Ġher	1.201253
896	24	Ġparents	7.871717
896	25	.	2.132595
896	26	<|endoftext|>	5.518813
897	1	<|endoftext|>	0.0
897	2	The	4.729281
897	3	Ġneighbors	15.961583
897	4	Ġfound	9.498288
897	5	Ġout	4.967343
897	6	Ġthat	2.611273
897	7	Ġher	6.08784
897	8	Ġmother	4.685974
897	9	Ġheard	12.766309
897	10	Ġthe	2.631726
897	11	Ġnewspaper	14.722324
897	12	Ġreported	9.827112
897	13	Ġthe	3.133083
897	14	Ġmayor	11.328305
897	15	Ġsaid	8.085535
897	16	Ġbought	17.77549
897	17	Ġa	2.695348
897	18	Ġgift	8.98782
897	19	Ġfor	1.867725
897	20	Ġher	1.440496
897	21	Ġparents	9.488992
897	22	.	2.172027
897	23	<|endoftext|>	6.032923
898	1	<|endoftext|>	0.0
898	2	The	4.729281
898	3	Ġneighbors	15.961583
898	4	Ġfound	9.498288
898	5	Ġout	4.967343
898	6	Ġthat	2.611273
898	7	Ġher	6.08784
898	8	Ġmother	4.685974
898	9	Ġheard	12.766309
898	10	Ġthe	2.631726
898	11	Ġnewspaper	14.722324
898	12	Ġreported	9.827112
898	13	Ġthe	3.133083
898	14	Ġmayor	11.328305
898	15	Ġsaid	8.085535
898	16	Ġthe	3.252141
898	17	Ġyoung	9.499897
898	18	Ġwoman	1.606515
898	19	Ġbought	11.835322
898	20	Ġa	2.044262
898	21	Ġgift	8.451794
898	22	Ġfor	1.687546
898	23	Ġher	1.426523
898	24	Ġparents	8.276931
898	25	.	2.131062
898	26	<|endoftext|>	5.983857
899	1	<|endoftext|>	0.0
899	2	The	4.729281
899	3	Ġneighbors	15.961583
899	4	Ġfound	9.498288
899	5	Ġout	4.967343
899	6	Ġwho	6.983309
899	7	Ġher	7.998044
899	8	Ġmother	5.239479
899	9	Ġheard	14.108228
899	10	Ġthe	6.018119
899	11	Ġnewspaper	14.700386
899	12	Ġreported	6.694649
899	13	Ġthe	4.93264
899	14	Ġmayor	11.755061
899	15	Ġsaid	6.46455
899	16	Ġbought	14.134829
899	17	Ġa	3.396617
899	18	Ġgift	8.974346
899	19	Ġfor	2.120897
899	20	Ġher	1.381795
899	21	Ġparents	9.260505
899	22	.	2.047268
899	23	<|endoftext|>	5.658543
900	1	<|endoftext|>	0.0
900	2	The	4.729281
900	3	Ġneighbors	15.961583
900	4	Ġfound	9.498288
900	5	Ġout	4.967343
900	6	Ġwho	6.983309
900	7	Ġher	7.998044
900	8	Ġmother	5.239479
900	9	Ġheard	14.108228
900	10	Ġthe	6.018119
900	11	Ġnewspaper	14.700386
900	12	Ġreported	6.694649
900	13	Ġthe	4.93264
900	14	Ġmayor	11.755061
900	15	Ġsaid	6.46455
900	16	Ġthe	4.440027
900	17	Ġyoung	8.772491
900	18	Ġwoman	1.15678
900	19	Ġbought	10.787114
900	20	Ġa	2.655811
900	21	Ġgift	8.305535
900	22	Ġfor	1.783484
900	23	Ġher	1.201253
900	24	Ġparents	7.871717
900	25	.	2.132595
900	26	<|endoftext|>	5.518813
901	1	<|endoftext|>	0.0
901	2	He	8.582737
901	3	Ġknows	8.734376
901	4	Ġthat	2.922586
901	5	Ġinterrogated	21.859504
901	6	Ġthe	7.773389
901	7	Ġsuspect	8.375404
901	8	Ġin	3.882438
901	9	Ġthe	1.222269
901	10	Ġbasement	13.387535
901	11	.	4.290145
901	12	<|endoftext|>	9.088965
902	1	<|endoftext|>	0.0
902	2	He	8.582737
902	3	Ġknows	8.734376
902	4	Ġthat	2.922574
902	5	Ġthe	3.683981
902	6	Ġpolice	8.714694
902	7	Ġinterrogated	14.636794
902	8	Ġthe	5.171379
902	9	Ġsuspect	5.2252
902	10	Ġin	3.816709
902	11	Ġthe	1.431207
902	12	Ġbasement	11.153522
902	13	.	3.513916
902	14	<|endoftext|>	9.790056
903	1	<|endoftext|>	0.0
903	2	He	8.582737
903	3	Ġknows	8.734376
903	4	Ġwho	6.314426
903	5	Ġinterrogated	19.238916
903	6	Ġthe	5.082927
903	7	Ġsuspect	7.188123
903	8	Ġin	3.922754
903	9	Ġthe	1.013819
903	10	Ġbasement	12.87433
903	11	.	2.526374
903	12	<|endoftext|>	8.355708
904	1	<|endoftext|>	0.0
904	2	He	8.582737
904	3	Ġknows	8.734376
904	4	Ġwho	6.314424
904	5	Ġthe	4.333661
904	6	Ġpolice	9.947936
904	7	Ġinterrogated	14.82584
904	8	Ġthe	6.136582
904	9	Ġsuspect	4.438737
904	10	Ġin	2.254062
904	11	Ġthe	1.141351
904	12	Ġbasement	12.412625
904	13	.	2.539232
904	14	<|endoftext|>	8.652334
905	1	<|endoftext|>	0.0
905	2	He	8.582737
905	3	Ġknows	8.734376
905	4	Ġthat	2.922586
905	5	Ġthe	3.683981
905	6	Ġinspector	15.441081
905	7	Ġbelieved	17.761739
905	8	Ġinterrogated	20.75293
905	9	Ġthe	3.937686
905	10	Ġsuspect	5.323394
905	11	Ġin	3.971107
905	12	Ġthe	1.683791
905	13	Ġbasement	10.755796
905	14	.	2.958681
905	15	<|endoftext|>	8.734874
906	1	<|endoftext|>	0.0
906	2	He	8.582732
906	3	Ġknows	8.734344
906	4	Ġthat	2.922593
906	5	Ġthe	3.684015
906	6	Ġinspector	15.4411
906	7	Ġbelieved	17.761638
906	8	Ġthe	2.896212
906	9	Ġpolice	7.426873
906	10	Ġinterrogated	13.94202
906	11	Ġthe	4.424394
906	12	Ġsuspect	4.512068
906	13	Ġin	4.144949
906	14	Ġthe	1.77147
906	15	Ġbasement	9.045993
906	16	.	2.853806
906	17	<|endoftext|>	8.628033
907	1	<|endoftext|>	0.0
907	2	He	8.582737
907	3	Ġknows	8.734376
907	4	Ġwho	6.314426
907	5	Ġthe	4.333661
907	6	Ġinspector	14.238181
907	7	Ġbelieved	15.13482
907	8	Ġinterrogated	16.528723
907	9	Ġthe	5.331459
907	10	Ġsuspect	4.944427
907	11	Ġin	3.893423
907	12	Ġthe	1.202103
907	13	Ġbasement	11.279832
907	14	.	2.136545
907	15	<|endoftext|>	8.185882
908	1	<|endoftext|>	0.0
908	2	He	8.582732
908	3	Ġknows	8.734344
908	4	Ġwho	6.31441
908	5	Ġthe	4.333633
908	6	Ġinspector	14.238199
908	7	Ġbelieved	15.134806
908	8	Ġthe	7.269158
908	9	Ġpolice	6.731131
908	10	Ġinterrogated	13.152895
908	11	Ġthe	6.170627
908	12	Ġsuspect	3.743672
908	13	Ġin	2.102183
908	14	Ġthe	1.334021
908	15	Ġbasement	10.7397
908	16	.	2.156306
908	17	<|endoftext|>	7.999948
909	1	<|endoftext|>	0.0
909	2	He	8.582732
909	3	Ġknows	8.734344
909	4	Ġthat	2.922593
909	5	Ġthe	3.684015
909	6	Ġinspector	15.4411
909	7	Ġbelieved	17.761638
909	8	Ġthe	2.896212
909	9	Ġman	5.775289
909	10	Ġreported	11.511199
909	11	Ġinterrogated	19.930193
909	12	Ġthe	3.986219
909	13	Ġsuspect	4.320417
909	14	Ġin	4.019471
909	15	Ġthe	2.286163
909	16	Ġbasement	6.592099
909	17	.	2.954599
909	18	<|endoftext|>	7.873576
910	1	<|endoftext|>	0.0
910	2	He	8.582732
910	3	Ġknows	8.734344
910	4	Ġthat	2.922593
910	5	Ġthe	3.684015
910	6	Ġinspector	15.4411
910	7	Ġbelieved	17.761638
910	8	Ġthe	2.896212
910	9	Ġman	5.775289
910	10	Ġreported	11.511199
910	11	Ġthe	1.685899
910	12	Ġpolice	9.003147
910	13	Ġinterrogated	17.894167
910	14	Ġthe	4.625846
910	15	Ġsuspect	3.640564
910	16	Ġin	4.30017
910	17	Ġthe	2.07043
910	18	Ġbasement	6.740524
910	19	.	2.664689
910	20	<|endoftext|>	7.667414
911	1	<|endoftext|>	0.0
911	2	He	8.582732
911	3	Ġknows	8.734344
911	4	Ġwho	6.31441
911	5	Ġthe	4.333633
911	6	Ġinspector	14.238199
911	7	Ġbelieved	15.134806
911	8	Ġthe	7.269158
911	9	Ġman	4.107474
911	10	Ġreported	12.728682
911	11	Ġinterrogated	17.841051
911	12	Ġthe	6.068037
911	13	Ġsuspect	3.887985
911	14	Ġin	3.129372
911	15	Ġthe	2.250562
911	16	Ġbasement	7.479854
911	17	.	2.203584
911	18	<|endoftext|>	7.417972
912	1	<|endoftext|>	0.0
912	2	He	8.582732
912	3	Ġknows	8.734344
912	4	Ġwho	6.31441
912	5	Ġthe	4.333633
912	6	Ġinspector	14.238199
912	7	Ġbelieved	15.134806
912	8	Ġthe	7.269158
912	9	Ġman	4.107474
912	10	Ġreported	12.728682
912	11	Ġthe	4.019446
912	12	Ġpolice	8.769698
912	13	Ġinterrogated	15.681595
912	14	Ġthe	6.518652
912	15	Ġsuspect	3.307228
912	16	Ġin	3.12394
912	17	Ġthe	2.138213
912	18	Ġbasement	7.496622
912	19	.	2.144457
912	20	<|endoftext|>	7.063307
913	1	<|endoftext|>	0.0
913	2	He	8.582732
913	3	Ġknows	8.734344
913	4	Ġthat	2.922593
913	5	Ġthe	3.684015
913	6	Ġinspector	15.4411
913	7	Ġbelieved	17.761638
913	8	Ġthe	2.896212
913	9	Ġman	5.775289
913	10	Ġreported	11.511199
913	11	Ġhe	7.98676
913	12	Ġknew	7.862259
913	13	Ġinterrogated	20.988168
913	14	Ġthe	2.945369
913	15	Ġsuspect	4.479378
913	16	Ġin	4.570477
913	17	Ġthe	2.224582
913	18	Ġbasement	6.018232
913	19	.	2.629149
913	20	<|endoftext|>	7.701684
914	1	<|endoftext|>	0.0
914	2	He	8.582732
914	3	Ġknows	8.734344
914	4	Ġthat	2.922593
914	5	Ġthe	3.684015
914	6	Ġinspector	15.4411
914	7	Ġbelieved	17.761638
914	8	Ġthe	2.896212
914	9	Ġman	5.775289
914	10	Ġreported	11.511199
914	11	Ġhe	7.98676
914	12	Ġknew	7.862259
914	13	Ġthe	2.712449
914	14	Ġpolice	7.849441
914	15	Ġinterrogated	15.099961
914	16	Ġthe	4.047696
914	17	Ġsuspect	3.525594
914	18	Ġin	4.655711
914	19	Ġthe	2.043712
914	20	Ġbasement	6.819537
914	21	.	2.534604
914	22	<|endoftext|>	7.656438
915	1	<|endoftext|>	0.0
915	2	He	8.582732
915	3	Ġknows	8.734344
915	4	Ġwho	6.31441
915	5	Ġthe	4.333633
915	6	Ġinspector	14.238199
915	7	Ġbelieved	15.134806
915	8	Ġthe	7.269158
915	9	Ġman	4.107474
915	10	Ġreported	12.728682
915	11	Ġhe	9.22062
915	12	Ġknew	6.3045
915	13	Ġinterrogated	22.137724
915	14	Ġthe	3.987226
915	15	Ġsuspect	4.213263
915	16	Ġin	4.150104
915	17	Ġthe	2.114636
915	18	Ġbasement	6.221622
915	19	.	2.198984
915	20	<|endoftext|>	7.307573
916	1	<|endoftext|>	0.0
916	2	He	8.582732
916	3	Ġknows	8.734344
916	4	Ġwho	6.31441
916	5	Ġthe	4.333633
916	6	Ġinspector	14.238199
916	7	Ġbelieved	15.134806
916	8	Ġthe	7.269158
916	9	Ġman	4.107474
916	10	Ġreported	12.728682
916	11	Ġhe	9.22062
916	12	Ġknew	6.3045
916	13	Ġthe	7.136874
916	14	Ġpolice	7.874311
916	15	Ġinterrogated	13.973114
916	16	Ġthe	5.874432
916	17	Ġsuspect	3.347287
916	18	Ġin	3.740498
916	19	Ġthe	2.044141
916	20	Ġbasement	7.253657
916	21	.	2.149565
916	22	<|endoftext|>	7.131089
917	1	<|endoftext|>	0.0
917	2	He	8.582732
917	3	Ġknows	8.734344
917	4	Ġthat	2.922593
917	5	Ġthe	3.684015
917	6	Ġinspector	15.4411
917	7	Ġbelieved	17.761638
917	8	Ġthe	2.896212
917	9	Ġman	5.775289
917	10	Ġreported	11.511199
917	11	Ġhe	7.98676
917	12	Ġknew	7.862259
917	13	Ġinterrogated	20.988168
917	14	Ġthe	2.945369
917	15	Ġsuspect	4.479378
917	16	Ġin	4.570477
917	17	Ġthe	2.224582
917	18	Ġbasement	6.018232
917	19	.	2.629149
917	20	<|endoftext|>	7.701684
918	1	<|endoftext|>	0.0
918	2	He	8.582732
918	3	Ġknows	8.734344
918	4	Ġthat	2.922593
918	5	Ġthe	3.684015
918	6	Ġinspector	15.4411
918	7	Ġbelieved	17.761638
918	8	Ġthe	2.896212
918	9	Ġman	5.775289
918	10	Ġreported	11.511199
918	11	Ġhe	7.98676
918	12	Ġknew	7.862259
918	13	Ġthe	2.712449
918	14	Ġpolice	7.849441
918	15	Ġinterrogated	15.099961
918	16	Ġthe	4.047696
918	17	Ġsuspect	3.525594
918	18	Ġin	4.655711
918	19	Ġthe	2.043712
918	20	Ġbasement	6.819537
918	21	.	2.534604
918	22	<|endoftext|>	7.656438
919	1	<|endoftext|>	0.0
919	2	He	8.582732
919	3	Ġknows	8.734344
919	4	Ġwho	6.31441
919	5	Ġthe	4.333633
919	6	Ġinspector	14.238199
919	7	Ġbelieved	15.134806
919	8	Ġthe	7.269158
919	9	Ġman	4.107474
919	10	Ġreported	12.728682
919	11	Ġhe	9.22062
919	12	Ġknew	6.3045
919	13	Ġinterrogated	22.137724
919	14	Ġthe	3.987226
919	15	Ġsuspect	4.213263
919	16	Ġin	4.150104
919	17	Ġthe	2.114636
919	18	Ġbasement	6.221622
919	19	.	2.198984
919	20	<|endoftext|>	7.307573
920	1	<|endoftext|>	0.0
920	2	He	8.582732
920	3	Ġknows	8.734344
920	4	Ġwho	6.31441
920	5	Ġthe	4.333633
920	6	Ġinspector	14.238199
920	7	Ġbelieved	15.134806
920	8	Ġthe	7.269158
920	9	Ġman	4.107474
920	10	Ġreported	12.728682
920	11	Ġhe	9.22062
920	12	Ġknew	6.3045
920	13	Ġthe	7.136874
920	14	Ġpolice	7.874311
920	15	Ġinterrogated	13.973114
920	16	Ġthe	5.874432
920	17	Ġsuspect	3.347287
920	18	Ġin	3.740498
920	19	Ġthe	2.044141
920	20	Ġbasement	7.253657
920	21	.	2.149565
920	22	<|endoftext|>	7.131089
921	1	<|endoftext|>	0.0
921	2	She	9.588393
921	3	Ġknows	8.547399
921	4	Ġthat	3.373155
921	5	Ġthanked	20.170677
921	6	Ġthe	5.643034
921	7	Ġcook	14.733561
921	8	Ġin	5.580834
921	9	Ġthe	2.097503
921	10	Ġmess	13.036559
921	11	Ġhall	1.758832
921	12	.	2.698128
921	13	<|endoftext|>	7.841364
922	1	<|endoftext|>	0.0
922	2	She	9.588393
922	3	Ġknows	8.547399
922	4	Ġthat	3.373149
922	5	Ġthe	4.09474
922	6	Ġsoldier	13.330741
922	7	Ġthanked	14.719069
922	8	Ġthe	4.492652
922	9	Ġcook	13.627206
922	10	Ġin	5.052323
922	11	Ġthe	2.169631
922	12	Ġmess	12.491162
922	13	Ġhall	0.796328
922	14	.	3.143424
922	15	<|endoftext|>	8.122301
923	1	<|endoftext|>	0.0
923	2	She	9.588393
923	3	Ġknows	8.547399
923	4	Ġwho	6.179725
923	5	Ġthanked	16.573898
923	6	Ġthe	5.157085
923	7	Ġcook	14.780134
923	8	Ġin	5.305725
923	9	Ġthe	1.853737
923	10	Ġmess	13.500329
923	11	Ġhall	1.702487
923	12	.	2.208906
923	13	<|endoftext|>	7.377992
924	1	<|endoftext|>	0.0
924	2	She	9.588393
924	3	Ġknows	8.547399
924	4	Ġwho	6.179697
924	5	Ġthe	4.654339
924	6	Ġsoldier	11.451276
924	7	Ġthanked	18.822566
924	8	Ġthe	6.121544
924	9	Ġcook	15.210801
924	10	Ġin	6.121661
924	11	Ġthe	1.368438
924	12	Ġmess	11.489207
924	13	Ġhall	0.817029
924	14	.	1.980952
924	15	<|endoftext|>	7.463313
925	1	<|endoftext|>	0.0
925	2	She	9.588382
925	3	Ġknows	8.547404
925	4	Ġthat	3.373128
925	5	Ġthe	4.094763
925	6	Ġcaptain	13.727571
925	7	Ġsaid	9.20406
925	8	Ġthanked	21.295215
925	9	Ġthe	4.902119
925	10	Ġcook	14.023793
925	11	Ġin	5.267581
925	12	Ġthe	2.047951
925	13	Ġmess	13.393741
925	14	Ġhall	1.954468
925	15	.	2.590009
925	16	<|endoftext|>	6.977838
926	1	<|endoftext|>	0.0
926	2	She	9.588377
926	3	Ġknows	8.547394
926	4	Ġthat	3.373129
926	5	Ġthe	4.094771
926	6	Ġcaptain	13.727564
926	7	Ġsaid	9.204067
926	8	Ġthe	4.763949
926	9	Ġsoldier	12.733432
926	10	Ġthanked	13.887928
926	11	Ġthe	4.561529
926	12	Ġcook	13.120799
926	13	Ġin	5.461425
926	14	Ġthe	2.271081
926	15	Ġmess	12.090938
926	16	Ġhall	1.048968
926	17	.	2.79871
926	18	<|endoftext|>	6.939732
927	1	<|endoftext|>	0.0
927	2	She	9.588382
927	3	Ġknows	8.547404
927	4	Ġwho	6.179819
927	5	Ġthe	4.654308
927	6	Ġcaptain	11.656771
927	7	Ġsaid	12.304489
927	8	Ġthanked	18.510831
927	9	Ġthe	6.111726
927	10	Ġcook	14.459022
927	11	Ġin	5.626219
927	12	Ġthe	1.622934
927	13	Ġmess	12.576695
927	14	Ġhall	1.726567
927	15	.	1.535098
927	16	<|endoftext|>	6.218319
928	1	<|endoftext|>	0.0
928	2	She	9.588377
928	3	Ġknows	8.547394
928	4	Ġwho	6.17982
928	5	Ġthe	4.654325
928	6	Ġcaptain	11.656775
928	7	Ġsaid	12.304488
928	8	Ġthe	6.78755
928	9	Ġsoldier	11.180349
928	10	Ġthanked	16.108997
928	11	Ġthe	6.727056
928	12	Ġcook	14.637889
928	13	Ġin	5.930406
928	14	Ġthe	1.56686
928	15	Ġmess	11.21225
928	16	Ġhall	0.953259
928	17	.	1.575516
928	18	<|endoftext|>	5.880194
929	1	<|endoftext|>	0.0
929	2	She	9.588377
929	3	Ġknows	8.547394
929	4	Ġthat	3.373129
929	5	Ġthe	4.094771
929	6	Ġcaptain	13.727564
929	7	Ġsaid	9.204067
929	8	Ġthe	4.763949
929	9	Ġpilot	9.969822
929	10	Ġthought	8.944177
929	11	Ġthanked	23.600802
929	12	Ġthe	3.910663
929	13	Ġcook	13.646141
929	14	Ġin	6.010603
929	15	Ġthe	1.797405
929	16	Ġmess	12.749945
929	17	Ġhall	2.548071
929	18	.	2.314914
929	19	<|endoftext|>	6.790598
930	1	<|endoftext|>	0.0
930	2	She	9.588377
930	3	Ġknows	8.547394
930	4	Ġthat	3.373129
930	5	Ġthe	4.094771
930	6	Ġcaptain	13.727564
930	7	Ġsaid	9.204067
930	8	Ġthe	4.763949
930	9	Ġpilot	9.969822
930	10	Ġthought	8.944177
930	11	Ġthe	2.954343
930	12	Ġsoldier	13.304438
930	13	Ġthanked	17.024062
930	14	Ġthe	4.35471
930	15	Ġcook	12.360481
930	16	Ġin	5.390544
930	17	Ġthe	2.140258
930	18	Ġmess	12.211709
930	19	Ġhall	1.360945
930	20	.	2.424494
930	21	<|endoftext|>	6.802626
931	1	<|endoftext|>	0.0
931	2	She	9.588377
931	3	Ġknows	8.547394
931	4	Ġwho	6.17982
931	5	Ġthe	4.654325
931	6	Ġcaptain	11.656775
931	7	Ġsaid	12.304488
931	8	Ġthe	6.78755
931	9	Ġpilot	8.668126
931	10	Ġthought	7.89114
931	11	Ġthanked	19.507567
931	12	Ġthe	4.489732
931	13	Ġcook	14.38577
931	14	Ġin	5.914129
931	15	Ġthe	1.465765
931	16	Ġmess	11.808937
931	17	Ġhall	2.429566
931	18	.	1.520246
931	19	<|endoftext|>	5.849281
932	1	<|endoftext|>	0.0
932	2	She	9.588377
932	3	Ġknows	8.547394
932	4	Ġwho	6.17982
932	5	Ġthe	4.654325
932	6	Ġcaptain	11.656775
932	7	Ġsaid	12.304488
932	8	Ġthe	6.78755
932	9	Ġpilot	8.668126
932	10	Ġthought	7.89114
932	11	Ġthe	5.847544
932	12	Ġsoldier	13.146293
932	13	Ġthanked	17.901493
932	14	Ġthe	5.973677
932	15	Ġcook	13.403164
932	16	Ġin	5.618277
932	17	Ġthe	1.627478
932	18	Ġmess	11.594715
932	19	Ġhall	1.275399
932	20	.	1.426071
932	21	<|endoftext|>	5.745474
933	1	<|endoftext|>	0.0
933	2	She	9.588377
933	3	Ġknows	8.547394
933	4	Ġthat	3.373129
933	5	Ġthe	4.094771
933	6	Ġcaptain	13.727564
933	7	Ġsaid	9.204067
933	8	Ġthe	4.763949
933	9	Ġpilot	9.969822
933	10	Ġthought	8.944177
933	11	Ġhe	1.650908
933	12	Ġknew	6.922778
933	13	Ġthanked	24.002947
933	14	Ġthe	3.703617
933	15	Ġcook	13.648703
933	16	Ġin	6.11064
933	17	Ġthe	1.850336
933	18	Ġmess	11.962293
933	19	Ġhall	1.669392
933	20	.	2.000047
933	21	<|endoftext|>	6.739746
934	1	<|endoftext|>	0.0
934	2	She	9.588377
934	3	Ġknows	8.547394
934	4	Ġthat	3.373129
934	5	Ġthe	4.094771
934	6	Ġcaptain	13.727564
934	7	Ġsaid	9.204067
934	8	Ġthe	4.763949
934	9	Ġpilot	9.969822
934	10	Ġthought	8.944177
934	11	Ġhe	1.650908
934	12	Ġknew	6.922778
934	13	Ġthe	2.838889
934	14	Ġsoldier	12.656066
934	15	Ġthanked	19.544919
934	16	Ġthe	4.452923
934	17	Ġcook	13.168387
934	18	Ġin	5.598166
934	19	Ġthe	2.01847
934	20	Ġmess	11.7257
934	21	Ġhall	1.03018
934	22	.	2.084731
934	23	<|endoftext|>	6.577715
935	1	<|endoftext|>	0.0
935	2	She	9.588377
935	3	Ġknows	8.547394
935	4	Ġwho	6.17982
935	5	Ġthe	4.654325
935	6	Ġcaptain	11.656775
935	7	Ġsaid	12.304488
935	8	Ġthe	6.78755
935	9	Ġpilot	8.668126
935	10	Ġthought	7.89114
935	11	Ġhe	1.746531
935	12	Ġknew	7.5869
935	13	Ġthanked	22.336991
935	14	Ġthe	3.981335
935	15	Ġcook	14.535454
935	16	Ġin	5.468616
935	17	Ġthe	1.550424
935	18	Ġmess	11.37967
935	19	Ġhall	1.324826
935	20	.	1.512299
935	21	<|endoftext|>	5.699662
936	1	<|endoftext|>	0.0
936	2	She	9.588377
936	3	Ġknows	8.547394
936	4	Ġwho	6.17982
936	5	Ġthe	4.654325
936	6	Ġcaptain	11.656775
936	7	Ġsaid	12.304488
936	8	Ġthe	6.78755
936	9	Ġpilot	8.668126
936	10	Ġthought	7.89114
936	11	Ġhe	1.746531
936	12	Ġknew	7.5869
936	13	Ġthe	6.439443
936	14	Ġsoldier	11.654276
936	15	Ġthanked	17.201501
936	16	Ġthe	5.540926
936	17	Ġcook	14.429267
936	18	Ġin	5.29431
936	19	Ġthe	1.770491
936	20	Ġmess	11.230616
936	21	Ġhall	0.870306
936	22	.	1.509878
936	23	<|endoftext|>	5.375263
937	1	<|endoftext|>	0.0
937	2	She	9.588377
937	3	Ġknows	8.547394
937	4	Ġthat	3.373129
937	5	Ġthe	4.094771
937	6	Ġcaptain	13.727564
937	7	Ġsaid	9.204067
937	8	Ġthe	4.763949
937	9	Ġpilot	9.969822
937	10	Ġthought	8.944177
937	11	Ġhe	1.650908
937	12	Ġknew	6.922778
937	13	Ġthanked	24.002947
937	14	Ġthe	3.703617
937	15	Ġcook	13.648703
937	16	Ġin	6.11064
937	17	Ġthe	1.850336
937	18	Ġmess	11.962293
937	19	Ġhall	1.669392
937	20	.	2.000047
937	21	<|endoftext|>	6.739746
938	1	<|endoftext|>	0.0
938	2	She	9.588377
938	3	Ġknows	8.547394
938	4	Ġthat	3.373129
938	5	Ġthe	4.094771
938	6	Ġcaptain	13.727564
938	7	Ġsaid	9.204067
938	8	Ġthe	4.763949
938	9	Ġpilot	9.969822
938	10	Ġthought	8.944177
938	11	Ġhe	1.650908
938	12	Ġknew	6.922778
938	13	Ġthe	2.838889
938	14	Ġsoldier	12.656066
938	15	Ġthanked	19.544919
938	16	Ġthe	4.452923
938	17	Ġcook	13.168387
938	18	Ġin	5.598166
938	19	Ġthe	2.01847
938	20	Ġmess	11.7257
938	21	Ġhall	1.03018
938	22	.	2.084731
938	23	<|endoftext|>	6.577715
939	1	<|endoftext|>	0.0
939	2	She	9.588377
939	3	Ġknows	8.547394
939	4	Ġwho	6.17982
939	5	Ġthe	4.654325
939	6	Ġcaptain	11.656775
939	7	Ġsaid	12.304488
939	8	Ġthe	6.78755
939	9	Ġpilot	8.668126
939	10	Ġthought	7.89114
939	11	Ġhe	1.746531
939	12	Ġknew	7.5869
939	13	Ġthanked	22.336991
939	14	Ġthe	3.981335
939	15	Ġcook	14.535454
939	16	Ġin	5.468616
939	17	Ġthe	1.550424
939	18	Ġmess	11.37967
939	19	Ġhall	1.324826
939	20	.	1.512299
939	21	<|endoftext|>	5.699662
940	1	<|endoftext|>	0.0
940	2	She	9.588377
940	3	Ġknows	8.547394
940	4	Ġwho	6.17982
940	5	Ġthe	4.654325
940	6	Ġcaptain	11.656775
940	7	Ġsaid	12.304488
940	8	Ġthe	6.78755
940	9	Ġpilot	8.668126
940	10	Ġthought	7.89114
940	11	Ġhe	1.746531
940	12	Ġknew	7.5869
940	13	Ġthe	6.439443
940	14	Ġsoldier	11.654276
940	15	Ġthanked	17.201501
940	16	Ġthe	5.540926
940	17	Ġcook	14.429267
940	18	Ġin	5.29431
940	19	Ġthe	1.770491
940	20	Ġmess	11.230616
940	21	Ġhall	0.870306
940	22	.	1.509878
940	23	<|endoftext|>	5.375263
941	1	<|endoftext|>	0.0
941	2	They	9.39695
941	3	Ġknow	7.895996
941	4	Ġthat	2.878176
941	5	Ġreassured	20.903867
941	6	Ġhis	8.764803
941	7	Ġclient	10.126637
941	8	Ġlast	8.79235
941	9	Ġnight	3.447417
941	10	.	2.979639
941	11	<|endoftext|>	7.083647
942	1	<|endoftext|>	0.0
942	2	They	9.39695
942	3	Ġknow	7.895996
942	4	Ġthat	2.878176
942	5	Ġthe	3.625604
942	6	Ġlawyer	14.264153
942	7	Ġreassured	18.838941
942	8	Ġhis	6.179322
942	9	Ġclient	2.5025
942	10	Ġlast	7.494286
942	11	Ġnight	3.699373
942	12	.	5.436095
942	13	<|endoftext|>	7.773784
943	1	<|endoftext|>	0.0
943	2	They	9.39695
943	3	Ġknow	7.895996
943	4	Ġwho	5.464134
943	5	Ġreassured	20.865664
943	6	Ġhis	9.612743
943	7	Ġclient	9.487159
943	8	Ġlast	5.765498
943	9	Ġnight	3.414149
943	10	.	3.353642
943	11	<|endoftext|>	7.013918
944	1	<|endoftext|>	0.0
944	2	They	9.39695
944	3	Ġknow	7.895996
944	4	Ġwho	5.464134
944	5	Ġthe	4.252008
944	6	Ġlawyer	11.50749
944	7	Ġreassured	22.752256
944	8	Ġhis	9.445745
944	9	Ġclient	2.963655
944	10	Ġlast	7.318334
944	11	Ġnight	2.919549
944	12	.	1.94907
944	13	<|endoftext|>	7.077436
945	1	<|endoftext|>	0.0
945	2	They	9.39695
945	3	Ġknow	7.895996
945	4	Ġthat	2.878176
945	5	Ġthe	3.625604
945	6	Ġman	8.496851
945	7	Ġsaid	8.80995
945	8	Ġreassured	23.515031
945	9	Ġhis	4.790225
945	10	Ġclient	7.565942
945	11	Ġlast	8.543491
945	12	Ġnight	2.974523
945	13	.	3.970916
945	14	<|endoftext|>	7.548258
946	1	<|endoftext|>	0.0
946	2	They	9.396972
946	3	Ġknow	7.895986
946	4	Ġthat	2.878197
946	5	Ġthe	3.62555
946	6	Ġman	8.496807
946	7	Ġsaid	8.809932
946	8	Ġthe	4.002761
946	9	Ġlawyer	13.737493
946	10	Ġreassured	16.831317
946	11	Ġhis	6.610098
946	12	Ġclient	1.878654
946	13	Ġlast	9.019654
946	14	Ġnight	3.106209
946	15	.	3.939553
946	16	<|endoftext|>	7.251232
947	1	<|endoftext|>	0.0
947	2	They	9.39695
947	3	Ġknow	7.895996
947	4	Ġwho	5.464134
947	5	Ġthe	4.252008
947	6	Ġman	5.015672
947	7	Ġsaid	8.965581
947	8	Ġreassured	25.331231
947	9	Ġhis	7.15431
947	10	Ġclient	7.884084
947	11	Ġlast	7.801921
947	12	Ġnight	2.450778
947	13	.	2.132351
947	14	<|endoftext|>	7.276473
948	1	<|endoftext|>	0.0
948	2	They	9.396972
948	3	Ġknow	7.895986
948	4	Ġwho	5.464167
948	5	Ġthe	4.252055
948	6	Ġman	5.015715
948	7	Ġsaid	8.965718
948	8	Ġthe	6.594115
948	9	Ġlawyer	12.077304
948	10	Ġreassured	21.089792
948	11	Ġhis	8.560196
948	12	Ġclient	2.358058
948	13	Ġlast	9.244791
948	14	Ġnight	2.642727
948	15	.	1.286084
948	16	<|endoftext|>	7.146606
949	1	<|endoftext|>	0.0
949	2	They	9.396978
949	3	Ġknow	7.895982
949	4	Ġthat	2.878192
949	5	Ġthe	3.625553
949	6	Ġman	8.496807
949	7	Ġsaid	8.809948
949	8	Ġthe	4.002763
949	9	Ġneighbors	14.524199
949	10	Ġthought	7.658643
949	11	Ġreassured	23.691587
949	12	Ġhis	6.287083
949	13	Ġclient	9.956937
949	14	Ġlast	10.60762
949	15	Ġnight	1.941217
949	16	.	1.990188
949	17	<|endoftext|>	6.635919
950	1	<|endoftext|>	0.0
950	2	They	9.396978
950	3	Ġknow	7.895982
950	4	Ġthat	2.878192
950	5	Ġthe	3.625553
950	6	Ġman	8.496807
950	7	Ġsaid	8.809948
950	8	Ġthe	4.002763
950	9	Ġneighbors	14.524199
950	10	Ġthought	7.658643
950	11	Ġthe	3.127394
950	12	Ġlawyer	14.074186
950	13	Ġreassured	18.888328
950	14	Ġhis	6.002543
950	15	Ġclient	3.293586
950	16	Ġlast	9.474967
950	17	Ġnight	2.539094
950	18	.	2.48407
950	19	<|endoftext|>	6.750833
951	1	<|endoftext|>	0.0
951	2	They	9.396978
951	3	Ġknow	7.895982
951	4	Ġwho	5.464162
951	5	Ġthe	4.252062
951	6	Ġman	5.015697
951	7	Ġsaid	8.965718
951	8	Ġthe	6.594117
951	9	Ġneighbors	13.954352
951	10	Ġthought	6.775002
951	11	Ġreassured	22.529158
951	12	Ġhis	7.69944
951	13	Ġclient	9.862117
951	14	Ġlast	9.439537
951	15	Ġnight	1.964994
951	16	.	1.067245
951	17	<|endoftext|>	6.474662
952	1	<|endoftext|>	0.0
952	2	They	9.396978
952	3	Ġknow	7.895982
952	4	Ġwho	5.464162
952	5	Ġthe	4.252062
952	6	Ġman	5.015697
952	7	Ġsaid	8.965718
952	8	Ġthe	6.594117
952	9	Ġneighbors	13.954352
952	10	Ġthought	6.775002
952	11	Ġthe	5.744972
952	12	Ġlawyer	14.404745
952	13	Ġreassured	22.30944
952	14	Ġhis	7.884432
952	15	Ġclient	3.379363
952	16	Ġlast	9.218583
952	17	Ġnight	2.479622
952	18	.	0.980233
952	19	<|endoftext|>	6.636193
953	1	<|endoftext|>	0.0
953	2	They	9.396978
953	3	Ġknow	7.895982
953	4	Ġthat	2.878192
953	5	Ġthe	3.625553
953	6	Ġman	8.496807
953	7	Ġsaid	8.809948
953	8	Ġthe	4.002763
953	9	Ġneighbors	14.524199
953	10	Ġthought	7.658643
953	11	Ġthey	2.929809
953	12	Ġknew	6.471878
953	13	Ġreassured	24.570267
953	14	Ġhis	6.754791
953	15	Ġclient	9.109232
953	16	Ġlast	10.464692
953	17	Ġnight	2.08675
953	18	.	1.740269
953	19	<|endoftext|>	6.695881
954	1	<|endoftext|>	0.0
954	2	They	9.396978
954	3	Ġknow	7.895982
954	4	Ġthat	2.878192
954	5	Ġthe	3.625553
954	6	Ġman	8.496807
954	7	Ġsaid	8.809948
954	8	Ġthe	4.002763
954	9	Ġneighbors	14.524199
954	10	Ġthought	7.658643
954	11	Ġthey	2.929809
954	12	Ġknew	6.471878
954	13	Ġthe	3.354202
954	14	Ġlawyer	12.928896
954	15	Ġreassured	22.651131
954	16	Ġhis	6.864654
954	17	Ġclient	4.149725
954	18	Ġlast	9.539735
954	19	Ġnight	2.74774
954	20	.	1.83129
954	21	<|endoftext|>	6.600017
955	1	<|endoftext|>	0.0
955	2	They	9.396978
955	3	Ġknow	7.895982
955	4	Ġwho	5.464162
955	5	Ġthe	4.252062
955	6	Ġman	5.015697
955	7	Ġsaid	8.965718
955	8	Ġthe	6.594117
955	9	Ġneighbors	13.954352
955	10	Ġthought	6.775002
955	11	Ġthey	2.221535
955	12	Ġknew	6.057045
955	13	Ġreassured	26.678262
955	14	Ġhis	7.822485
955	15	Ġclient	8.928741
955	16	Ġlast	9.339884
955	17	Ġnight	2.286551
955	18	.	1.348047
955	19	<|endoftext|>	6.771604
956	1	<|endoftext|>	0.0
956	2	They	9.396978
956	3	Ġknow	7.895982
956	4	Ġwho	5.464162
956	5	Ġthe	4.252062
956	6	Ġman	5.015697
956	7	Ġsaid	8.965718
956	8	Ġthe	6.594117
956	9	Ġneighbors	13.954352
956	10	Ġthought	6.775002
956	11	Ġthey	2.221535
956	12	Ġknew	6.057045
956	13	Ġthe	7.640128
956	14	Ġlawyer	13.309023
956	15	Ġreassured	23.337118
956	16	Ġhis	7.966366
956	17	Ġclient	4.600848
956	18	Ġlast	8.687843
956	19	Ġnight	2.803962
956	20	.	1.111638
956	21	<|endoftext|>	6.763129
957	1	<|endoftext|>	0.0
957	2	They	9.396978
957	3	Ġknow	7.895982
957	4	Ġthat	2.878192
957	5	Ġthe	3.625553
957	6	Ġman	8.496807
957	7	Ġsaid	8.809948
957	8	Ġthe	4.002763
957	9	Ġneighbors	14.524199
957	10	Ġthought	7.658643
957	11	Ġthey	2.929809
957	12	Ġknew	6.471878
957	13	Ġreassured	24.570267
957	14	Ġhis	6.754791
957	15	Ġclient	9.109232
957	16	Ġlast	10.464692
957	17	Ġnight	2.08675
957	18	.	1.740269
957	19	<|endoftext|>	6.695881
958	1	<|endoftext|>	0.0
958	2	They	9.396978
958	3	Ġknow	7.895982
958	4	Ġthat	2.878192
958	5	Ġthe	3.625553
958	6	Ġman	8.496807
958	7	Ġsaid	8.809948
958	8	Ġthe	4.002763
958	9	Ġneighbors	14.524199
958	10	Ġthought	7.658643
958	11	Ġthey	2.929809
958	12	Ġknew	6.471878
958	13	Ġthe	3.354202
958	14	Ġlawyer	12.928896
958	15	Ġreassured	22.651131
958	16	Ġhis	6.864654
958	17	Ġclient	4.149725
958	18	Ġlast	9.539735
958	19	Ġnight	2.74774
958	20	.	1.83129
958	21	<|endoftext|>	6.600017
959	1	<|endoftext|>	0.0
959	2	They	9.396978
959	3	Ġknow	7.895982
959	4	Ġwho	5.464162
959	5	Ġthe	4.252062
959	6	Ġman	5.015697
959	7	Ġsaid	8.965718
959	8	Ġthe	6.594117
959	9	Ġneighbors	13.954352
959	10	Ġthought	6.775002
959	11	Ġthey	2.221535
959	12	Ġknew	6.057045
959	13	Ġreassured	26.678262
959	14	Ġhis	7.822485
959	15	Ġclient	8.928741
959	16	Ġlast	9.339884
959	17	Ġnight	2.286551
959	18	.	1.348047
959	19	<|endoftext|>	6.771604
960	1	<|endoftext|>	0.0
960	2	They	9.396978
960	3	Ġknow	7.895982
960	4	Ġwho	5.464162
960	5	Ġthe	4.252062
960	6	Ġman	5.015697
960	7	Ġsaid	8.965718
960	8	Ġthe	6.594117
960	9	Ġneighbors	13.954352
960	10	Ġthought	6.775002
960	11	Ġthey	2.221535
960	12	Ġknew	6.057045
960	13	Ġthe	7.640128
960	14	Ġlawyer	13.309023
960	15	Ġreassured	23.337118
960	16	Ġhis	7.966366
960	17	Ġclient	4.600848
960	18	Ġlast	8.687843
960	19	Ġnight	2.803962
960	20	.	1.111638
960	21	<|endoftext|>	6.763129
961	1	<|endoftext|>	0.0
961	2	He	8.582737
961	3	Ġreported	12.331583
961	4	Ġthat	2.374091
961	5	Ġabandoned	18.105125
961	6	Ġhis	11.123572
961	7	Ġcomrades	13.918212
961	8	Ġon	4.31173
961	9	Ġthe	1.233592
961	10	Ġsinking	14.043272
961	11	Ġship	1.683061
961	12	.	2.98266
961	13	<|endoftext|>	6.891844
962	1	<|endoftext|>	0.0
962	2	He	8.582737
962	3	Ġreported	12.331583
962	4	Ġthat	2.374096
962	5	Ġthe	2.664716
962	6	Ġpirate	15.743633
962	7	Ġabandoned	14.515146
962	8	Ġhis	1.345679
962	9	Ġcomrades	11.769978
962	10	Ġon	4.361117
962	11	Ġthe	1.164849
962	12	Ġsinking	11.993899
962	13	Ġship	1.281661
962	14	.	3.171123
962	15	<|endoftext|>	7.16205
963	1	<|endoftext|>	0.0
963	2	He	8.582737
963	3	Ġreported	12.331583
963	4	Ġwho	12.870041
963	5	Ġabandoned	13.803806
963	6	Ġhis	2.970966
963	7	Ġcomrades	12.311421
963	8	Ġon	4.825788
963	9	Ġthe	1.171032
963	10	Ġsinking	13.317785
963	11	Ġship	1.802059
963	12	.	2.189127
963	13	<|endoftext|>	6.69185
964	1	<|endoftext|>	0.0
964	2	He	8.582737
964	3	Ġreported	12.331583
964	4	Ġwho	12.870045
964	5	Ġthe	4.073936
964	6	Ġpirate	14.598413
964	7	Ġabandoned	15.6421
964	8	Ġhis	4.295669
964	9	Ġcomrades	10.441257
964	10	Ġon	4.585641
964	11	Ġthe	1.456611
964	12	Ġsinking	10.989803
964	13	Ġship	2.229846
964	14	.	1.839074
964	15	<|endoftext|>	6.558997
965	1	<|endoftext|>	0.0
965	2	He	8.582738
965	3	Ġreported	12.331528
965	4	Ġthat	2.37405
965	5	Ġthe	2.664666
965	6	Ġsailor	14.332107
965	7	Ġbelieved	9.702903
965	8	Ġabandoned	17.374955
965	9	Ġhis	8.570603
965	10	Ġcomrades	11.134093
965	11	Ġon	4.292427
965	12	Ġthe	1.053681
965	13	Ġsinking	9.624861
965	14	Ġship	2.257827
965	15	.	2.093374
965	16	<|endoftext|>	5.855785
966	1	<|endoftext|>	0.0
966	2	He	8.582732
966	3	Ġreported	12.331528
966	4	Ġthat	2.374054
966	5	Ġthe	2.664676
966	6	Ġsailor	14.332116
966	7	Ġbelieved	9.702875
966	8	Ġthe	3.15275
966	9	Ġpirate	9.954372
966	10	Ġabandoned	14.155197
966	11	Ġhis	1.455589
966	12	Ġcomrades	11.57385
966	13	Ġon	4.437679
966	14	Ġthe	1.051243
966	15	Ġsinking	9.619885
966	16	Ġship	1.584264
966	17	.	2.081581
966	18	<|endoftext|>	6.038153
967	1	<|endoftext|>	0.0
967	2	He	8.582738
967	3	Ġreported	12.331528
967	4	Ġwho	12.869989
967	5	Ġthe	4.073953
967	6	Ġsailor	12.963744
967	7	Ġbelieved	9.052519
967	8	Ġabandoned	14.321441
967	9	Ġhis	2.685958
967	10	Ġcomrades	11.443449
967	11	Ġon	4.054624
967	12	Ġthe	1.243247
967	13	Ġsinking	8.958047
967	14	Ġship	2.834279
967	15	.	1.486312
967	16	<|endoftext|>	5.995438
968	1	<|endoftext|>	0.0
968	2	He	8.582732
968	3	Ġreported	12.331528
968	4	Ġwho	12.869993
968	5	Ġthe	4.073953
968	6	Ġsailor	12.963729
968	7	Ġbelieved	9.052538
968	8	Ġthe	6.695465
968	9	Ġpirate	9.554983
968	10	Ġabandoned	16.197971
968	11	Ġhis	4.879862
968	12	Ġcomrades	11.188327
968	13	Ġon	3.886313
968	14	Ġthe	1.419012
968	15	Ġsinking	9.137866
968	16	Ġship	2.607049
968	17	.	1.3155
968	18	<|endoftext|>	5.846252
969	1	<|endoftext|>	0.0
969	2	He	8.582732
969	3	Ġreported	12.331528
969	4	Ġthat	2.374054
969	5	Ġthe	2.664676
969	6	Ġsailor	14.332116
969	7	Ġbelieved	9.702875
969	8	Ġthe	3.15275
969	9	Ġman	4.784316
969	10	Ġbelieved	9.567669
969	11	Ġabandoned	17.626695
969	12	Ġhis	2.086211
969	13	Ġcomrades	11.520021
969	14	Ġon	4.532925
969	15	Ġthe	0.912511
969	16	Ġsinking	9.823477
969	17	Ġship	2.201768
969	18	.	1.547204
969	19	<|endoftext|>	5.709141
970	1	<|endoftext|>	0.0
970	2	He	8.582732
970	3	Ġreported	12.331528
970	4	Ġthat	2.374054
970	5	Ġthe	2.664676
970	6	Ġsailor	14.332116
970	7	Ġbelieved	9.702875
970	8	Ġthe	3.15275
970	9	Ġman	4.784316
970	10	Ġbelieved	9.567669
970	11	Ġthe	3.005241
970	12	Ġpirate	9.937253
970	13	Ġabandoned	15.106624
970	14	Ġhis	1.815371
970	15	Ġcomrades	12.224813
970	16	Ġon	4.641882
970	17	Ġthe	1.026197
970	18	Ġsinking	9.669489
970	19	Ġship	1.743013
970	20	.	1.3776
970	21	<|endoftext|>	5.807231
971	1	<|endoftext|>	0.0
971	2	He	8.582732
971	3	Ġreported	12.331528
971	4	Ġwho	12.869993
971	5	Ġthe	4.073953
971	6	Ġsailor	12.963729
971	7	Ġbelieved	9.052538
971	8	Ġthe	6.695465
971	9	Ġman	3.629886
971	10	Ġbelieved	9.078456
971	11	Ġabandoned	15.427492
971	12	Ġhis	2.142321
971	13	Ġcomrades	12.017428
971	14	Ġon	4.206567
971	15	Ġthe	1.141402
971	16	Ġsinking	9.585544
971	17	Ġship	2.778175
971	18	.	1.169092
971	19	<|endoftext|>	5.66752
972	1	<|endoftext|>	0.0
972	2	He	8.582732
972	3	Ġreported	12.331528
972	4	Ġwho	12.869993
972	5	Ġthe	4.073953
972	6	Ġsailor	12.963729
972	7	Ġbelieved	9.052538
972	8	Ġthe	6.695465
972	9	Ġman	3.629886
972	10	Ġbelieved	9.078456
972	11	Ġthe	4.806471
972	12	Ġpirate	10.188512
972	13	Ġabandoned	16.087082
972	14	Ġhis	4.780653
972	15	Ġcomrades	11.791414
972	16	Ġon	4.163791
972	17	Ġthe	1.442736
972	18	Ġsinking	9.364373
972	19	Ġship	2.389497
972	20	.	1.071118
972	21	<|endoftext|>	5.515645
973	1	<|endoftext|>	0.0
973	2	He	8.582732
973	3	Ġreported	12.331528
973	4	Ġthat	2.374054
973	5	Ġthe	2.664676
973	6	Ġsailor	14.332116
973	7	Ġbelieved	9.702875
973	8	Ġthe	3.15275
973	9	Ġman	4.784316
973	10	Ġbelieved	9.567669
973	11	Ġhe	2.478671
973	12	Ġknew	6.839522
973	13	Ġabandoned	16.804747
973	14	Ġhis	1.105042
973	15	Ġcomrades	11.851794
973	16	Ġon	4.650858
973	17	Ġthe	0.887512
973	18	Ġsinking	9.6793
973	19	Ġship	1.829893
973	20	.	1.442115
973	21	<|endoftext|>	5.690147
974	1	<|endoftext|>	0.0
974	2	He	8.582732
974	3	Ġreported	12.331528
974	4	Ġthat	2.374054
974	5	Ġthe	2.664676
974	6	Ġsailor	14.332116
974	7	Ġbelieved	9.702875
974	8	Ġthe	3.15275
974	9	Ġman	4.784316
974	10	Ġbelieved	9.567669
974	11	Ġhe	2.478671
974	12	Ġknew	6.839522
974	13	Ġthe	4.015225
974	14	Ġpirate	10.341884
974	15	Ġabandoned	16.614157
974	16	Ġhis	1.634953
974	17	Ġcomrades	12.515684
974	18	Ġon	4.58608
974	19	Ġthe	1.005168
974	20	Ġsinking	9.654576
974	21	Ġship	1.667576
974	22	.	1.406051
974	23	<|endoftext|>	5.88754
975	1	<|endoftext|>	0.0
975	2	He	8.582732
975	3	Ġreported	12.331528
975	4	Ġwho	12.869993
975	5	Ġthe	4.073953
975	6	Ġsailor	12.963729
975	7	Ġbelieved	9.052538
975	8	Ġthe	6.695465
975	9	Ġman	3.629886
975	10	Ġbelieved	9.078456
975	11	Ġhe	4.32274
975	12	Ġknew	6.029011
975	13	Ġabandoned	19.240706
975	14	Ġhis	1.671829
975	15	Ġcomrades	12.504988
975	16	Ġon	4.381894
975	17	Ġthe	1.07407
975	18	Ġsinking	9.509442
975	19	Ġship	2.222803
975	20	.	1.182922
975	21	<|endoftext|>	5.663526
976	1	<|endoftext|>	0.0
976	2	He	8.582732
976	3	Ġreported	12.331528
976	4	Ġwho	12.869993
976	5	Ġthe	4.073953
976	6	Ġsailor	12.963729
976	7	Ġbelieved	9.052538
976	8	Ġthe	6.695465
976	9	Ġman	3.629886
976	10	Ġbelieved	9.078456
976	11	Ġhe	4.32274
976	12	Ġknew	6.029011
976	13	Ġthe	7.2475
976	14	Ġpirate	11.228533
976	15	Ġabandoned	17.142495
976	16	Ġhis	3.907473
976	17	Ġcomrades	12.30607
976	18	Ġon	4.297628
976	19	Ġthe	1.211138
976	20	Ġsinking	9.378184
976	21	Ġship	2.106498
976	22	.	1.171982
976	23	<|endoftext|>	5.624529
977	1	<|endoftext|>	0.0
977	2	He	8.582732
977	3	Ġreported	12.331528
977	4	Ġthat	2.374054
977	5	Ġthe	2.664676
977	6	Ġsailor	14.332116
977	7	Ġbelieved	9.702875
977	8	Ġthe	3.15275
977	9	Ġman	4.784316
977	10	Ġbelieved	9.567669
977	11	Ġhe	2.478671
977	12	Ġknew	6.839522
977	13	Ġabandoned	16.804747
977	14	Ġhis	1.105042
977	15	Ġcomrades	11.851794
977	16	Ġon	4.650858
977	17	Ġthe	0.887512
977	18	Ġsinking	9.6793
977	19	Ġship	1.829893
977	20	.	1.442115
977	21	<|endoftext|>	5.690147
978	1	<|endoftext|>	0.0
978	2	He	8.582732
978	3	Ġreported	12.331528
978	4	Ġthat	2.374054
978	5	Ġthe	2.664676
978	6	Ġsailor	14.332116
978	7	Ġbelieved	9.702875
978	8	Ġthe	3.15275
978	9	Ġman	4.784316
978	10	Ġbelieved	9.567669
978	11	Ġhe	2.478671
978	12	Ġknew	6.839522
978	13	Ġthe	4.015225
978	14	Ġpirate	10.341884
978	15	Ġabandoned	16.614157
978	16	Ġhis	1.634953
978	17	Ġcomrades	12.515684
978	18	Ġon	4.58608
978	19	Ġthe	1.005168
978	20	Ġsinking	9.654576
978	21	Ġship	1.667576
978	22	.	1.406051
978	23	<|endoftext|>	5.88754
979	1	<|endoftext|>	0.0
979	2	He	8.582732
979	3	Ġreported	12.331528
979	4	Ġwho	12.869993
979	5	Ġthe	4.073953
979	6	Ġsailor	12.963729
979	7	Ġbelieved	9.052538
979	8	Ġthe	6.695465
979	9	Ġman	3.629886
979	10	Ġbelieved	9.078456
979	11	Ġhe	4.32274
979	12	Ġknew	6.029011
979	13	Ġabandoned	19.240706
979	14	Ġhis	1.671829
979	15	Ġcomrades	12.504988
979	16	Ġon	4.381894
979	17	Ġthe	1.07407
979	18	Ġsinking	9.509442
979	19	Ġship	2.222803
979	20	.	1.182922
979	21	<|endoftext|>	5.663526
980	1	<|endoftext|>	0.0
980	2	He	8.582732
980	3	Ġreported	12.331528
980	4	Ġwho	12.869993
980	5	Ġthe	4.073953
980	6	Ġsailor	12.963729
980	7	Ġbelieved	9.052538
980	8	Ġthe	6.695465
980	9	Ġman	3.629886
980	10	Ġbelieved	9.078456
980	11	Ġhe	4.32274
980	12	Ġknew	6.029011
980	13	Ġthe	7.2475
980	14	Ġpirate	11.228533
980	15	Ġabandoned	17.142495
980	16	Ġhis	3.907473
980	17	Ġcomrades	12.30607
980	18	Ġon	4.297628
980	19	Ġthe	1.211138
980	20	Ġsinking	9.378184
980	21	Ġship	2.106498
980	22	.	1.171982
980	23	<|endoftext|>	5.624529
981	1	<|endoftext|>	0.0
981	2	They	9.39695
981	3	Ġreported	10.956506
981	4	Ġthat	2.208508
981	5	Ġpromoted	20.522394
981	6	Ġthe	7.050991
981	7	Ġaccountant	19.515248
981	8	Ġlast	10.867181
981	9	Ġquarter	12.803376
981	10	.	3.47605
981	11	<|endoftext|>	5.536183
982	1	<|endoftext|>	0.0
982	2	They	9.39695
982	3	Ġreported	10.956506
982	4	Ġthat	2.208508
982	5	Ġthe	2.648978
982	6	Ġboss	12.477322
982	7	Ġpromoted	12.874873
982	8	Ġthe	2.928723
982	9	Ġaccountant	14.358931
982	10	Ġlast	10.011922
982	11	Ġquarter	12.497355
982	12	.	3.511816
982	13	<|endoftext|>	5.881842
983	1	<|endoftext|>	0.0
983	2	They	9.39695
983	3	Ġreported	10.956506
983	4	Ġwho	12.973994
983	5	Ġpromoted	15.447198
983	6	Ġthe	1.592817
983	7	Ġaccountant	19.977304
983	8	Ġlast	9.811529
983	9	Ġquarter	13.221157
983	10	.	2.292024
983	11	<|endoftext|>	6.016215
984	1	<|endoftext|>	0.0
984	2	They	9.39695
984	3	Ġreported	10.956506
984	4	Ġwho	12.973994
984	5	Ġthe	4.219928
984	6	Ġboss	10.719062
984	7	Ġpromoted	16.101536
984	8	Ġthe	6.644682
984	9	Ġaccountant	16.973989
984	10	Ġlast	10.402946
984	11	Ġquarter	13.291947
984	12	.	1.870002
984	13	<|endoftext|>	5.994419
985	1	<|endoftext|>	0.0
985	2	They	9.39695
985	3	Ġreported	10.956506
985	4	Ġthat	2.208508
985	5	Ġthe	2.648978
985	6	Ġman	6.285516
985	7	Ġsaid	6.848679
985	8	Ġpromoted	22.238682
985	9	Ġthe	3.50587
985	10	Ġaccountant	19.148273
985	11	Ġlast	11.775637
985	12	Ġquarter	13.621946
985	13	.	3.056959
985	14	<|endoftext|>	5.589399
986	1	<|endoftext|>	0.0
986	2	They	9.396972
986	3	Ġreported	10.95643
986	4	Ġthat	2.20852
986	5	Ġthe	2.648967
986	6	Ġman	6.285519
986	7	Ġsaid	6.848637
986	8	Ġthe	4.100867
986	9	Ġboss	12.150837
986	10	Ġpromoted	13.177285
986	11	Ġthe	3.449074
986	12	Ġaccountant	14.527934
986	13	Ġlast	11.152244
986	14	Ġquarter	12.783739
986	15	.	3.150765
986	16	<|endoftext|>	5.707591
987	1	<|endoftext|>	0.0
987	2	They	9.39695
987	3	Ġreported	10.956506
987	4	Ġwho	12.973994
987	5	Ġthe	4.219928
987	6	Ġman	4.470175
987	7	Ġsaid	7.069566
987	8	Ġpromoted	17.558467
987	9	Ġthe	2.176022
987	10	Ġaccountant	19.429111
987	11	Ġlast	11.371115
987	12	Ġquarter	14.244316
987	13	.	1.941194
987	14	<|endoftext|>	5.765931
988	1	<|endoftext|>	0.0
988	2	They	9.396972
988	3	Ġreported	10.95643
988	4	Ġwho	12.973919
988	5	Ġthe	4.219939
988	6	Ġman	4.470151
988	7	Ġsaid	7.069537
988	8	Ġthe	6.632639
988	9	Ġboss	12.805667
988	10	Ġpromoted	14.977631
988	11	Ġthe	6.89276
988	12	Ġaccountant	15.305776
988	13	Ġlast	10.789261
988	14	Ġquarter	13.5201
988	15	.	1.570014
988	16	<|endoftext|>	5.628308
989	1	<|endoftext|>	0.0
989	2	They	9.396978
989	3	Ġreported	10.956426
989	4	Ġthat	2.208518
989	5	Ġthe	2.648968
989	6	Ġman	6.28552
989	7	Ġsaid	6.848633
989	8	Ġthe	4.100878
989	9	Ġold	11.415686
989	10	Ġwoman	3.564213
989	11	Ġtold	5.847822
989	12	Ġhim	0.374575
989	13	Ġpromoted	23.737981
989	14	Ġthe	3.348549
989	15	Ġaccountant	17.802836
989	16	Ġlast	11.844929
989	17	Ġquarter	12.831209
989	18	.	2.26796
989	19	<|endoftext|>	5.919098
990	1	<|endoftext|>	0.0
990	2	They	9.396978
990	3	Ġreported	10.956426
990	4	Ġthat	2.208518
990	5	Ġthe	2.648968
990	6	Ġman	6.28552
990	7	Ġsaid	6.848633
990	8	Ġthe	4.100878
990	9	Ġold	11.415686
990	10	Ġwoman	3.564213
990	11	Ġtold	5.847822
990	12	Ġhim	0.374575
990	13	Ġthe	4.558587
990	14	Ġboss	11.465623
990	15	Ġpromoted	14.090708
990	16	Ġthe	4.129702
990	17	Ġaccountant	14.160837
990	18	Ġlast	10.565485
990	19	Ġquarter	12.547045
990	20	.	2.12601
990	21	<|endoftext|>	5.827018
991	1	<|endoftext|>	0.0
991	2	They	9.396978
991	3	Ġreported	10.956426
991	4	Ġwho	12.973917
991	5	Ġthe	4.219927
991	6	Ġman	4.470142
991	7	Ġsaid	7.069522
991	8	Ġthe	6.632644
991	9	Ġold	11.736099
991	10	Ġwoman	3.775692
991	11	Ġtold	8.399336
991	12	Ġhim	1.965377
991	13	Ġpromoted	18.974344
991	14	Ġthe	3.858473
991	15	Ġaccountant	17.841182
991	16	Ġlast	11.812564
991	17	Ġquarter	13.175079
991	18	.	1.783078
991	19	<|endoftext|>	5.815081
992	1	<|endoftext|>	0.0
992	2	They	9.396978
992	3	Ġreported	10.956426
992	4	Ġwho	12.973917
992	5	Ġthe	4.219927
992	6	Ġman	4.470142
992	7	Ġsaid	7.069522
992	8	Ġthe	6.632644
992	9	Ġold	11.736099
992	10	Ġwoman	3.775692
992	11	Ġtold	8.399336
992	12	Ġhim	1.965377
992	13	Ġthe	6.447325
992	14	Ġboss	12.23247
992	15	Ġpromoted	13.828211
992	16	Ġthe	5.017275
992	17	Ġaccountant	14.217723
992	18	Ġlast	10.201564
992	19	Ġquarter	12.549332
992	20	.	1.666683
992	21	<|endoftext|>	5.633986
993	1	<|endoftext|>	0.0
993	2	They	9.396978
993	3	Ġreported	10.956426
993	4	Ġthat	2.208518
993	5	Ġthe	2.648968
993	6	Ġman	6.28552
993	7	Ġsaid	6.848633
993	8	Ġthe	4.100878
993	9	Ġold	11.415686
993	10	Ġwoman	3.564213
993	11	Ġtold	5.847822
993	12	Ġhim	0.374575
993	13	Ġshe	2.029028
993	14	Ġknew	6.954106
993	15	Ġpromoted	22.675811
993	16	Ġthe	3.70142
993	17	Ġaccountant	16.718051
993	18	Ġlast	11.779821
993	19	Ġquarter	13.251887
993	20	.	1.937241
993	21	<|endoftext|>	6.115352
994	1	<|endoftext|>	0.0
994	2	They	9.396978
994	3	Ġreported	10.956426
994	4	Ġthat	2.208518
994	5	Ġthe	2.648968
994	6	Ġman	6.28552
994	7	Ġsaid	6.848633
994	8	Ġthe	4.100878
994	9	Ġold	11.415686
994	10	Ġwoman	3.564213
994	11	Ġtold	5.847822
994	12	Ġhim	0.374575
994	13	Ġshe	2.029028
994	14	Ġknew	6.954106
994	15	Ġthe	3.174585
994	16	Ġboss	10.954341
994	17	Ġpromoted	15.529844
994	18	Ġthe	3.763398
994	19	Ġaccountant	13.862312
994	20	Ġlast	10.781298
994	21	Ġquarter	12.872406
994	22	.	1.865128
994	23	<|endoftext|>	5.978393
995	1	<|endoftext|>	0.0
995	2	They	9.396978
995	3	Ġreported	10.956426
995	4	Ġwho	12.973917
995	5	Ġthe	4.219927
995	6	Ġman	4.470142
995	7	Ġsaid	7.069522
995	8	Ġthe	6.632644
995	9	Ġold	11.736099
995	10	Ġwoman	3.775692
995	11	Ġtold	8.399336
995	12	Ġhim	1.965377
995	13	Ġshe	3.429522
995	14	Ġknew	5.817153
995	15	Ġpromoted	21.038001
995	16	Ġthe	3.867779
995	17	Ġaccountant	16.66989
995	18	Ġlast	11.42581
995	19	Ġquarter	13.378713
995	20	.	1.559679
995	21	<|endoftext|>	6.04999
996	1	<|endoftext|>	0.0
996	2	They	9.396978
996	3	Ġreported	10.956426
996	4	Ġwho	12.973917
996	5	Ġthe	4.219927
996	6	Ġman	4.470142
996	7	Ġsaid	7.069522
996	8	Ġthe	6.632644
996	9	Ġold	11.736099
996	10	Ġwoman	3.775692
996	11	Ġtold	8.399336
996	12	Ġhim	1.965377
996	13	Ġshe	3.429522
996	14	Ġknew	5.817153
996	15	Ġthe	4.302233
996	16	Ġboss	11.484482
996	17	Ġpromoted	15.590211
996	18	Ġthe	4.646009
996	19	Ġaccountant	14.053404
996	20	Ġlast	10.31984
996	21	Ġquarter	12.891454
996	22	.	1.526538
996	23	<|endoftext|>	5.866447
997	1	<|endoftext|>	0.0
997	2	They	9.396978
997	3	Ġreported	10.956426
997	4	Ġthat	2.208518
997	5	Ġthe	2.648968
997	6	Ġman	6.28552
997	7	Ġsaid	6.848633
997	8	Ġthe	4.100878
997	9	Ġold	11.415686
997	10	Ġwoman	3.564213
997	11	Ġtold	5.847822
997	12	Ġhim	0.374575
997	13	Ġshe	2.029028
997	14	Ġknew	6.954106
997	15	Ġpromoted	22.675811
997	16	Ġthe	3.70142
997	17	Ġaccountant	16.718051
997	18	Ġlast	11.779821
997	19	Ġquarter	13.251887
997	20	.	1.937241
997	21	<|endoftext|>	6.115352
998	1	<|endoftext|>	0.0
998	2	They	9.396978
998	3	Ġreported	10.956426
998	4	Ġthat	2.208518
998	5	Ġthe	2.648968
998	6	Ġman	6.28552
998	7	Ġsaid	6.848633
998	8	Ġthe	4.100878
998	9	Ġold	11.415686
998	10	Ġwoman	3.564213
998	11	Ġtold	5.847822
998	12	Ġhim	0.374575
998	13	Ġshe	2.029028
998	14	Ġknew	6.954106
998	15	Ġthe	3.174585
998	16	Ġboss	10.954341
998	17	Ġpromoted	15.529844
998	18	Ġthe	3.763398
998	19	Ġaccountant	13.862312
998	20	Ġlast	10.781298
998	21	Ġquarter	12.872406
998	22	.	1.865128
998	23	<|endoftext|>	5.978393
999	1	<|endoftext|>	0.0
999	2	They	9.396978
999	3	Ġreported	10.956426
999	4	Ġwho	12.973917
999	5	Ġthe	4.219927
999	6	Ġman	4.470142
999	7	Ġsaid	7.069522
999	8	Ġthe	6.632644
999	9	Ġold	11.736099
999	10	Ġwoman	3.775692
999	11	Ġtold	8.399336
999	12	Ġhim	1.965377
999	13	Ġshe	3.429522
999	14	Ġknew	5.817153
999	15	Ġpromoted	21.038001
999	16	Ġthe	3.867779
999	17	Ġaccountant	16.66989
999	18	Ġlast	11.42581
999	19	Ġquarter	13.378713
999	20	.	1.559679
999	21	<|endoftext|>	6.04999
1000	1	<|endoftext|>	0.0
1000	2	They	9.396978
1000	3	Ġreported	10.956426
1000	4	Ġwho	12.973917
1000	5	Ġthe	4.219927
1000	6	Ġman	4.470142
1000	7	Ġsaid	7.069522
1000	8	Ġthe	6.632644
1000	9	Ġold	11.736099
1000	10	Ġwoman	3.775692
1000	11	Ġtold	8.399336
1000	12	Ġhim	1.965377
1000	13	Ġshe	3.429522
1000	14	Ġknew	5.817153
1000	15	Ġthe	4.302233
1000	16	Ġboss	11.484482
1000	17	Ġpromoted	15.590211
1000	18	Ġthe	4.646009
1000	19	Ġaccountant	14.053404
1000	20	Ġlast	10.31984
1000	21	Ġquarter	12.891454
1000	22	.	1.526538
1000	23	<|endoftext|>	5.866447
1001	1	<|endoftext|>	0.0
1001	2	My	8.871096
1001	3	Ġfriend	6.116575
1001	4	Ġknows	11.516178
1001	5	Ġthat	3.638095
1001	6	Ġhanded	19.468109
1001	7	Ġan	11.466122
1001	8	Ġaward	7.587178
1001	9	Ġfor	3.106664
1001	10	Ġher	5.395662
1001	11	Ġmother	10.551372
1001	12	.	4.900638
1001	13	<|endoftext|>	8.093286
1002	1	<|endoftext|>	0.0
1002	2	My	8.871096
1002	3	Ġfriend	6.116595
1002	4	Ġknows	11.51616
1002	5	Ġthat	3.63809
1002	6	Ġthe	4.230297
1002	7	Ġsuccessful	14.334343
1002	8	Ġarchitect	12.338634
1002	9	Ġhanded	16.554446
1002	10	Ġan	9.001187
1002	11	Ġaward	4.979465
1002	12	Ġfor	4.322026
1002	13	Ġher	5.959255
1002	14	Ġmother	11.900759
1002	15	.	5.542536
1002	16	<|endoftext|>	9.028297
1003	1	<|endoftext|>	0.0
1003	2	My	8.871096
1003	3	Ġfriend	6.116575
1003	4	Ġknows	11.516178
1003	5	Ġwho	5.951974
1003	6	Ġhanded	14.407731
1003	7	Ġan	11.881417
1003	8	Ġaward	5.895985
1003	9	Ġfor	3.84556
1003	10	Ġher	5.965807
1003	11	Ġmother	10.492241
1003	12	.	4.073547
1003	13	<|endoftext|>	7.90543
1004	1	<|endoftext|>	0.0
1004	2	My	8.871096
1004	3	Ġfriend	6.116595
1004	4	Ġknows	11.51616
1004	5	Ġwho	5.951914
1004	6	Ġthe	5.290213
1004	7	Ġsuccessful	14.54013
1004	8	Ġarchitect	10.161724
1004	9	Ġhanded	15.916214
1004	10	Ġan	11.038686
1004	11	Ġaward	3.715555
1004	12	Ġfor	3.735033
1004	13	Ġher	5.88857
1004	14	Ġmother	11.916542
1004	15	.	3.793973
1004	16	<|endoftext|>	8.263662
1005	1	<|endoftext|>	0.0
1005	2	My	8.871096
1005	3	Ġfriend	6.116595
1005	4	Ġknows	11.51616
1005	5	Ġthat	3.63809
1005	6	Ġthe	4.230297
1005	7	Ġjudge	12.884504
1005	8	Ġthought	8.963349
1005	9	Ġhanded	20.159372
1005	10	Ġan	10.950762
1005	11	Ġaward	4.977901
1005	12	Ġfor	4.076333
1005	13	Ġher	5.229849
1005	14	Ġmother	9.895593
1005	15	.	4.203127
1005	16	<|endoftext|>	8.061787
1006	1	<|endoftext|>	0.0
1006	2	My	8.871096
1006	3	Ġfriend	6.116584
1006	4	Ġknows	11.51616
1006	5	Ġthat	3.638092
1006	6	Ġthe	4.230303
1006	7	Ġjudge	12.8845
1006	8	Ġthought	8.963326
1006	9	Ġthe	4.014049
1006	10	Ġsuccessful	16.35101
1006	11	Ġarchitect	15.046455
1006	12	Ġhanded	14.601952
1006	13	Ġan	8.5094
1006	14	Ġaward	4.026933
1006	15	Ġfor	3.598287
1006	16	Ġher	5.535224
1006	17	Ġmother	10.790285
1006	18	.	3.895536
1006	19	<|endoftext|>	8.511259
1007	1	<|endoftext|>	0.0
1007	2	My	8.871096
1007	3	Ġfriend	6.116595
1007	4	Ġknows	11.51616
1007	5	Ġwho	5.951914
1007	6	Ġthe	5.290213
1007	7	Ġjudge	10.018775
1007	8	Ġthought	8.480012
1007	9	Ġhanded	16.260733
1007	10	Ġan	9.714618
1007	11	Ġaward	4.986875
1007	12	Ġfor	4.124004
1007	13	Ġher	5.222618
1007	14	Ġmother	10.1141
1007	15	.	2.836158
1007	16	<|endoftext|>	7.413781
1008	1	<|endoftext|>	0.0
1008	2	My	8.871096
1008	3	Ġfriend	6.116584
1008	4	Ġknows	11.51616
1008	5	Ġwho	5.951905
1008	6	Ġthe	5.290214
1008	7	Ġjudge	10.018759
1008	8	Ġthought	8.48003
1008	9	Ġthe	5.170451
1008	10	Ġsuccessful	16.89963
1008	11	Ġarchitect	13.079929
1008	12	Ġhanded	14.938758
1008	13	Ġan	10.47159
1008	14	Ġaward	3.914203
1008	15	Ġfor	3.270946
1008	16	Ġher	5.442214
1008	17	Ġmother	10.934601
1008	18	.	2.765112
1008	19	<|endoftext|>	7.832359
1009	1	<|endoftext|>	0.0
1009	2	My	8.871096
1009	3	Ġfriend	6.116584
1009	4	Ġknows	11.51616
1009	5	Ġthat	3.638092
1009	6	Ġthe	4.230303
1009	7	Ġjudge	12.8845
1009	8	Ġthought	8.963326
1009	9	Ġthe	4.014049
1009	10	Ġcop	9.874248
1009	11	Ġsaid	9.309993
1009	12	Ġhanded	20.262769
1009	13	Ġan	9.981804
1009	14	Ġaward	8.516258
1009	15	Ġfor	3.994951
1009	16	Ġher	6.062632
1009	17	Ġmother	9.508469
1009	18	.	3.785424
1009	19	<|endoftext|>	8.477541
1010	1	<|endoftext|>	0.0
1010	2	My	8.871096
1010	3	Ġfriend	6.116584
1010	4	Ġknows	11.51616
1010	5	Ġthat	3.638092
1010	6	Ġthe	4.230303
1010	7	Ġjudge	12.8845
1010	8	Ġthought	8.963326
1010	9	Ġthe	4.014049
1010	10	Ġcop	9.874248
1010	11	Ġsaid	9.309993
1010	12	Ġthe	3.393665
1010	13	Ġsuccessful	18.074291
1010	14	Ġarchitect	17.51987
1010	15	Ġhanded	14.468369
1010	16	Ġan	8.815895
1010	17	Ġaward	5.144415
1010	18	Ġfor	3.579839
1010	19	Ġher	5.819422
1010	20	Ġmother	10.384582
1010	21	.	3.295688
1010	22	<|endoftext|>	8.354906
1011	1	<|endoftext|>	0.0
1011	2	My	8.871096
1011	3	Ġfriend	6.116584
1011	4	Ġknows	11.51616
1011	5	Ġwho	5.951905
1011	6	Ġthe	5.290214
1011	7	Ġjudge	10.018759
1011	8	Ġthought	8.48003
1011	9	Ġthe	5.170451
1011	10	Ġcop	9.380175
1011	11	Ġsaid	9.738829
1011	12	Ġhanded	18.416442
1011	13	Ġan	10.304306
1011	14	Ġaward	8.495955
1011	15	Ġfor	4.140481
1011	16	Ġher	5.952746
1011	17	Ġmother	9.573617
1011	18	.	2.546648
1011	19	<|endoftext|>	7.647006
1012	1	<|endoftext|>	0.0
1012	2	My	8.871096
1012	3	Ġfriend	6.116584
1012	4	Ġknows	11.51616
1012	5	Ġwho	5.951905
1012	6	Ġthe	5.290214
1012	7	Ġjudge	10.018759
1012	8	Ġthought	8.48003
1012	9	Ġthe	5.170451
1012	10	Ġcop	9.380175
1012	11	Ġsaid	9.738829
1012	12	Ġthe	5.200667
1012	13	Ġsuccessful	18.119086
1012	14	Ġarchitect	15.802319
1012	15	Ġhanded	14.151061
1012	16	Ġan	10.050852
1012	17	Ġaward	5.443602
1012	18	Ġfor	3.444774
1012	19	Ġher	5.783269
1012	20	Ġmother	10.608484
1012	21	.	2.527663
1012	22	<|endoftext|>	7.529752
1013	1	<|endoftext|>	0.0
1013	2	My	8.871096
1013	3	Ġfriend	6.116584
1013	4	Ġknows	11.51616
1013	5	Ġthat	3.638092
1013	6	Ġthe	4.230303
1013	7	Ġjudge	12.8845
1013	8	Ġthought	8.963326
1013	9	Ġthe	4.014049
1013	10	Ġcop	9.874248
1013	11	Ġsaid	9.309993
1013	12	Ġthe	3.393665
1013	13	Ġman	6.863092
1013	14	Ġtestified	14.090038
1013	15	Ġhanded	19.316454
1013	16	Ġan	9.704246
1013	17	Ġaward	8.905873
1013	18	Ġfor	4.111851
1013	19	Ġher	8.646989
1013	20	Ġmother	9.052633
1013	21	.	3.106035
1013	22	<|endoftext|>	8.365074
1014	1	<|endoftext|>	0.0
1014	2	My	8.871096
1014	3	Ġfriend	6.116584
1014	4	Ġknows	11.51616
1014	5	Ġthat	3.638092
1014	6	Ġthe	4.230303
1014	7	Ġjudge	12.8845
1014	8	Ġthought	8.963326
1014	9	Ġthe	4.014049
1014	10	Ġcop	9.874248
1014	11	Ġsaid	9.309993
1014	12	Ġthe	3.393665
1014	13	Ġman	6.863092
1014	14	Ġtestified	14.090038
1014	15	Ġthe	5.669937
1014	16	Ġsuccessful	18.747243
1014	17	Ġarchitect	19.287589
1014	18	Ġhanded	12.83271
1014	19	Ġan	9.33655
1014	20	Ġaward	6.243152
1014	21	Ġfor	3.693109
1014	22	Ġher	8.067032
1014	23	Ġmother	9.410913
1014	24	.	2.672262
1014	25	<|endoftext|>	8.08477
1015	1	<|endoftext|>	0.0
1015	2	My	8.871096
1015	3	Ġfriend	6.116584
1015	4	Ġknows	11.51616
1015	5	Ġwho	5.951905
1015	6	Ġthe	5.290214
1015	7	Ġjudge	10.018759
1015	8	Ġthought	8.48003
1015	9	Ġthe	5.170451
1015	10	Ġcop	9.380175
1015	11	Ġsaid	9.738829
1015	12	Ġthe	5.200667
1015	13	Ġman	5.722489
1015	14	Ġtestified	14.874492
1015	15	Ġhanded	18.720365
1015	16	Ġan	10.186906
1015	17	Ġaward	8.803484
1015	18	Ġfor	4.036687
1015	19	Ġher	8.125119
1015	20	Ġmother	9.189731
1015	21	.	2.707685
1015	22	<|endoftext|>	7.546557
1016	1	<|endoftext|>	0.0
1016	2	My	8.871096
1016	3	Ġfriend	6.116584
1016	4	Ġknows	11.51616
1016	5	Ġwho	5.951905
1016	6	Ġthe	5.290214
1016	7	Ġjudge	10.018759
1016	8	Ġthought	8.48003
1016	9	Ġthe	5.170451
1016	10	Ġcop	9.380175
1016	11	Ġsaid	9.738829
1016	12	Ġthe	5.200667
1016	13	Ġman	5.722489
1016	14	Ġtestified	14.874492
1016	15	Ġthe	6.334378
1016	16	Ġsuccessful	18.783315
1016	17	Ġarchitect	18.085286
1016	18	Ġhanded	12.482914
1016	19	Ġan	9.554269
1016	20	Ġaward	6.578419
1016	21	Ġfor	3.630774
1016	22	Ġher	7.543531
1016	23	Ġmother	9.556226
1016	24	.	2.467783
1016	25	<|endoftext|>	7.265996
1017	1	<|endoftext|>	0.0
1017	2	My	8.871096
1017	3	Ġfriend	6.116584
1017	4	Ġknows	11.51616
1017	5	Ġthat	3.638092
1017	6	Ġthe	4.230303
1017	7	Ġjudge	12.8845
1017	8	Ġthought	8.963326
1017	9	Ġthe	4.014049
1017	10	Ġcop	9.874248
1017	11	Ġsaid	9.309993
1017	12	Ġthe	3.393665
1017	13	Ġman	6.863092
1017	14	Ġtestified	14.090038
1017	15	Ġhanded	19.316454
1017	16	Ġan	9.704246
1017	17	Ġaward	8.905873
1017	18	Ġfor	4.111851
1017	19	Ġher	8.646989
1017	20	Ġmother	9.052633
1017	21	.	3.106035
1017	22	<|endoftext|>	8.365074
1018	1	<|endoftext|>	0.0
1018	2	My	8.871096
1018	3	Ġfriend	6.116584
1018	4	Ġknows	11.51616
1018	5	Ġthat	3.638092
1018	6	Ġthe	4.230303
1018	7	Ġjudge	12.8845
1018	8	Ġthought	8.963326
1018	9	Ġthe	4.014049
1018	10	Ġcop	9.874248
1018	11	Ġsaid	9.309993
1018	12	Ġthe	3.393665
1018	13	Ġman	6.863092
1018	14	Ġtestified	14.090038
1018	15	Ġthe	5.669937
1018	16	Ġsuccessful	18.747243
1018	17	Ġarchitect	19.287589
1018	18	Ġhanded	12.83271
1018	19	Ġan	9.33655
1018	20	Ġaward	6.243152
1018	21	Ġfor	3.693109
1018	22	Ġher	8.067032
1018	23	Ġmother	9.410913
1018	24	.	2.672262
1018	25	<|endoftext|>	8.08477
1019	1	<|endoftext|>	0.0
1019	2	My	8.871096
1019	3	Ġfriend	6.116584
1019	4	Ġknows	11.51616
1019	5	Ġwho	5.951905
1019	6	Ġthe	5.290214
1019	7	Ġjudge	10.018759
1019	8	Ġthought	8.48003
1019	9	Ġthe	5.170451
1019	10	Ġcop	9.380175
1019	11	Ġsaid	9.738829
1019	12	Ġthe	5.200667
1019	13	Ġman	5.722489
1019	14	Ġtestified	14.874492
1019	15	Ġhanded	18.720365
1019	16	Ġan	10.186906
1019	17	Ġaward	8.803484
1019	18	Ġfor	4.036687
1019	19	Ġher	8.125119
1019	20	Ġmother	9.189731
1019	21	.	2.707685
1019	22	<|endoftext|>	7.546557
1020	1	<|endoftext|>	0.0
1020	2	My	8.871096
1020	3	Ġfriend	6.116584
1020	4	Ġknows	11.51616
1020	5	Ġwho	5.951905
1020	6	Ġthe	5.290214
1020	7	Ġjudge	10.018759
1020	8	Ġthought	8.48003
1020	9	Ġthe	5.170451
1020	10	Ġcop	9.380175
1020	11	Ġsaid	9.738829
1020	12	Ġthe	5.200667
1020	13	Ġman	5.722489
1020	14	Ġtestified	14.874492
1020	15	Ġthe	6.334378
1020	16	Ġsuccessful	18.783315
1020	17	Ġarchitect	18.085286
1020	18	Ġhanded	12.482914
1020	19	Ġan	9.554269
1020	20	Ġaward	6.578419
1020	21	Ġfor	3.630774
1020	22	Ġher	7.543531
1020	23	Ġmother	9.556226
1020	24	.	2.467783
1020	25	<|endoftext|>	7.265996
1021	1	<|endoftext|>	0.0
1021	2	The	4.729313
1021	3	Ġcommissioner	14.424567
1021	4	Ġdiscovered	14.239028
1021	5	Ġthat	1.598439
1021	6	Ġlent	20.055863
1021	7	Ġsome	12.646673
1021	8	Ġmoney	4.030211
1021	9	Ġto	0.407555
1021	10	Ġthe	2.21374
1021	11	Ġman	9.151403
1021	12	.	5.675851
1021	13	<|endoftext|>	6.864181
1022	1	<|endoftext|>	0.0
1022	2	The	4.729286
1022	3	Ġcommissioner	14.424611
1022	4	Ġdiscovered	14.239038
1022	5	Ġthat	1.598463
1022	6	Ġthe	2.569118
1022	7	Ġpolice	7.605554
1022	8	Ġdetective	11.620514
1022	9	Ġlent	17.599868
1022	10	Ġsome	7.33835
1022	11	Ġmoney	3.243862
1022	12	Ġto	0.28932
1022	13	Ġthe	2.132291
1022	14	Ġman	5.989604
1022	15	.	4.754482
1022	16	<|endoftext|>	6.928288
1023	1	<|endoftext|>	0.0
1023	2	The	4.729313
1023	3	Ġcommissioner	14.424567
1023	4	Ġdiscovered	14.239028
1023	5	Ġwho	10.995054
1023	6	Ġlent	15.244531
1023	7	Ġsome	10.060494
1023	8	Ġmoney	2.806569
1023	9	Ġto	0.304381
1023	10	Ġthe	1.654084
1023	11	Ġman	7.885812
1023	12	.	4.470376
1023	13	<|endoftext|>	6.840357
1024	1	<|endoftext|>	0.0
1024	2	The	4.729286
1024	3	Ġcommissioner	14.424611
1024	4	Ġdiscovered	14.239038
1024	5	Ġwho	10.995045
1024	6	Ġthe	3.775721
1024	7	Ġpolice	8.814195
1024	8	Ġdetective	10.883306
1024	9	Ġlent	19.802014
1024	10	Ġsome	10.518251
1024	11	Ġmoney	2.959817
1024	12	Ġto	0.16291
1024	13	Ġthe	7.464253
1024	14	Ġman	6.486151
1024	15	.	4.54911
1024	16	<|endoftext|>	6.678168
1025	1	<|endoftext|>	0.0
1025	2	The	4.729286
1025	3	Ġcommissioner	14.424611
1025	4	Ġdiscovered	14.239038
1025	5	Ġthat	1.598463
1025	6	Ġthe	2.569118
1025	7	Ġreport	8.750964
1025	8	Ġstated	9.29728
1025	9	Ġlent	23.225437
1025	10	Ġsome	6.144134
1025	11	Ġmoney	12.42613
1025	12	Ġto	0.181953
1025	13	Ġthe	1.803567
1025	14	Ġman	10.352501
1025	15	.	5.265524
1025	16	<|endoftext|>	6.446654
1026	1	<|endoftext|>	0.0
1026	2	The	4.729281
1026	3	Ġcommissioner	14.424614
1026	4	Ġdiscovered	14.239028
1026	5	Ġthat	1.598462
1026	6	Ġthe	2.569103
1026	7	Ġreport	8.750939
1026	8	Ġstated	9.29728
1026	9	Ġthe	4.212577
1026	10	Ġpolice	7.775721
1026	11	Ġdetective	12.325804
1026	12	Ġlent	18.705342
1026	13	Ġsome	7.485148
1026	14	Ġmoney	3.822533
1026	15	Ġto	0.314731
1026	16	Ġthe	1.861861
1026	17	Ġman	6.226004
1026	18	.	3.661253
1026	19	<|endoftext|>	6.487106
1027	1	<|endoftext|>	0.0
1027	2	The	4.729286
1027	3	Ġcommissioner	14.424611
1027	4	Ġdiscovered	14.239038
1027	5	Ġwho	10.995045
1027	6	Ġthe	3.775721
1027	7	Ġreport	11.349896
1027	8	Ġstated	10.264593
1027	9	Ġlent	18.720588
1027	10	Ġsome	8.868322
1027	11	Ġmoney	6.853447
1027	12	Ġto	0.29823
1027	13	Ġthe	2.056249
1027	14	Ġman	9.292673
1027	15	.	3.480306
1027	16	<|endoftext|>	6.665924
1028	1	<|endoftext|>	0.0
1028	2	The	4.729281
1028	3	Ġcommissioner	14.424614
1028	4	Ġdiscovered	14.239028
1028	5	Ġwho	10.995054
1028	6	Ġthe	3.775712
1028	7	Ġreport	11.349906
1028	8	Ġstated	10.264582
1028	9	Ġthe	4.491237
1028	10	Ġpolice	8.181138
1028	11	Ġdetective	11.018772
1028	12	Ġlent	19.332557
1028	13	Ġsome	10.345825
1028	14	Ġmoney	3.237116
1028	15	Ġto	0.236642
1028	16	Ġthe	5.880873
1028	17	Ġman	6.017406
1028	18	.	3.084962
1028	19	<|endoftext|>	6.34687
1029	1	<|endoftext|>	0.0
1029	2	The	4.729281
1029	3	Ġcommissioner	14.424614
1029	4	Ġdiscovered	14.239028
1029	5	Ġthat	1.598462
1029	6	Ġthe	2.569103
1029	7	Ġreport	8.750939
1029	8	Ġstated	9.29728
1029	9	Ġthe	4.212577
1029	10	Ġtelevision	14.350951
1029	11	Ġhost	7.966922
1029	12	Ġthought	12.055462
1029	13	Ġlent	21.500157
1029	14	Ġsome	9.447555
1029	15	Ġmoney	3.378925
1029	16	Ġto	0.390904
1029	17	Ġthe	1.8128
1029	18	Ġman	9.490475
1029	19	.	3.706678
1029	20	<|endoftext|>	6.483932
1030	1	<|endoftext|>	0.0
1030	2	The	4.729281
1030	3	Ġcommissioner	14.424614
1030	4	Ġdiscovered	14.239028
1030	5	Ġthat	1.598462
1030	6	Ġthe	2.569103
1030	7	Ġreport	8.750939
1030	8	Ġstated	9.29728
1030	9	Ġthe	4.212577
1030	10	Ġtelevision	14.350951
1030	11	Ġhost	7.966922
1030	12	Ġthought	12.055462
1030	13	Ġthe	2.548626
1030	14	Ġpolice	6.917025
1030	15	Ġdetective	12.873333
1030	16	Ġlent	17.391768
1030	17	Ġsome	7.80306
1030	18	Ġmoney	4.354631
1030	19	Ġto	0.540877
1030	20	Ġthe	1.827811
1030	21	Ġman	6.408405
1030	22	.	3.029545
1030	23	<|endoftext|>	6.337795
1031	1	<|endoftext|>	0.0
1031	2	The	4.729281
1031	3	Ġcommissioner	14.424614
1031	4	Ġdiscovered	14.239028
1031	5	Ġwho	10.995054
1031	6	Ġthe	3.775712
1031	7	Ġreport	11.349906
1031	8	Ġstated	10.264582
1031	9	Ġthe	4.491237
1031	10	Ġtelevision	15.899202
1031	11	Ġhost	5.199135
1031	12	Ġthought	10.100883
1031	13	Ġlent	17.95902
1031	14	Ġsome	8.910592
1031	15	Ġmoney	4.736136
1031	16	Ġto	0.326463
1031	17	Ġthe	1.978751
1031	18	Ġman	9.08693
1031	19	.	3.056661
1031	20	<|endoftext|>	6.434783
1032	1	<|endoftext|>	0.0
1032	2	The	4.729281
1032	3	Ġcommissioner	14.424614
1032	4	Ġdiscovered	14.239028
1032	5	Ġwho	10.995054
1032	6	Ġthe	3.775712
1032	7	Ġreport	11.349906
1032	8	Ġstated	10.264582
1032	9	Ġthe	4.491237
1032	10	Ġtelevision	15.899202
1032	11	Ġhost	5.199135
1032	12	Ġthought	10.100883
1032	13	Ġthe	4.543668
1032	14	Ġpolice	6.85451
1032	15	Ġdetective	12.010746
1032	16	Ġlent	18.15219
1032	17	Ġsome	9.604898
1032	18	Ġmoney	4.425484
1032	19	Ġto	0.4575
1032	20	Ġthe	3.741187
1032	21	Ġman	6.127578
1032	22	.	2.582155
1032	23	<|endoftext|>	6.227881
1033	1	<|endoftext|>	0.0
1033	2	The	4.729281
1033	3	Ġcommissioner	14.424614
1033	4	Ġdiscovered	14.239028
1033	5	Ġthat	1.598462
1033	6	Ġthe	2.569103
1033	7	Ġreport	8.750939
1033	8	Ġstated	9.29728
1033	9	Ġthe	4.212577
1033	10	Ġtelevision	14.350951
1033	11	Ġhost	7.966922
1033	12	Ġthought	12.055462
1033	13	Ġthe	2.548626
1033	14	Ġman	7.322419
1033	15	Ġreported	11.42845
1033	16	Ġlent	19.188802
1033	17	Ġsome	7.517846
1033	18	Ġmoney	1.685731
1033	19	Ġto	0.589146
1033	20	Ġthe	2.136695
1033	21	Ġman	6.652925
1033	22	.	3.425805
1033	23	<|endoftext|>	6.369794
1034	1	<|endoftext|>	0.0
1034	2	The	4.729281
1034	3	Ġcommissioner	14.424614
1034	4	Ġdiscovered	14.239028
1034	5	Ġthat	1.598462
1034	6	Ġthe	2.569103
1034	7	Ġreport	8.750939
1034	8	Ġstated	9.29728
1034	9	Ġthe	4.212577
1034	10	Ġtelevision	14.350951
1034	11	Ġhost	7.966922
1034	12	Ġthought	12.055462
1034	13	Ġthe	2.548626
1034	14	Ġman	7.322419
1034	15	Ġreported	11.42845
1034	16	Ġthe	2.202684
1034	17	Ġpolice	8.169369
1034	18	Ġdetective	12.378565
1034	19	Ġlent	20.654294
1034	20	Ġsome	8.555341
1034	21	Ġmoney	1.886029
1034	22	Ġto	0.704961
1034	23	Ġthe	2.171829
1034	24	Ġman	4.908082
1034	25	.	2.552886
1034	26	<|endoftext|>	6.112863
1035	1	<|endoftext|>	0.0
1035	2	The	4.729281
1035	3	Ġcommissioner	14.424614
1035	4	Ġdiscovered	14.239028
1035	5	Ġwho	10.995054
1035	6	Ġthe	3.775712
1035	7	Ġreport	11.349906
1035	8	Ġstated	10.264582
1035	9	Ġthe	4.491237
1035	10	Ġtelevision	15.899202
1035	11	Ġhost	5.199135
1035	12	Ġthought	10.100883
1035	13	Ġthe	4.543668
1035	14	Ġman	5.800622
1035	15	Ġreported	11.973189
1035	16	Ġlent	18.674098
1035	17	Ġsome	8.274814
1035	18	Ġmoney	1.850184
1035	19	Ġto	0.48527
1035	20	Ġthe	2.821192
1035	21	Ġman	6.317759
1035	22	.	2.488039
1035	23	<|endoftext|>	6.318428
1036	1	<|endoftext|>	0.0
1036	2	The	4.729281
1036	3	Ġcommissioner	14.424614
1036	4	Ġdiscovered	14.239028
1036	5	Ġwho	10.995054
1036	6	Ġthe	3.775712
1036	7	Ġreport	11.349906
1036	8	Ġstated	10.264582
1036	9	Ġthe	4.491237
1036	10	Ġtelevision	15.899202
1036	11	Ġhost	5.199135
1036	12	Ġthought	10.100883
1036	13	Ġthe	4.543668
1036	14	Ġman	5.800622
1036	15	Ġreported	11.973189
1036	16	Ġthe	4.324108
1036	17	Ġpolice	8.488604
1036	18	Ġdetective	11.672855
1036	19	Ġlent	20.082947
1036	20	Ġsome	9.425286
1036	21	Ġmoney	2.728485
1036	22	Ġto	0.670602
1036	23	Ġthe	3.49828
1036	24	Ġman	4.51458
1036	25	.	2.148773
1036	26	<|endoftext|>	5.983085
1037	1	<|endoftext|>	0.0
1037	2	The	4.729281
1037	3	Ġcommissioner	14.424614
1037	4	Ġdiscovered	14.239028
1037	5	Ġthat	1.598462
1037	6	Ġthe	2.569103
1037	7	Ġreport	8.750939
1037	8	Ġstated	9.29728
1037	9	Ġthe	4.212577
1037	10	Ġtelevision	14.350951
1037	11	Ġhost	7.966922
1037	12	Ġthought	12.055462
1037	13	Ġthe	2.548626
1037	14	Ġman	7.322419
1037	15	Ġreported	11.42845
1037	16	Ġlent	19.188802
1037	17	Ġsome	7.517846
1037	18	Ġmoney	1.685731
1037	19	Ġto	0.589146
1037	20	Ġthe	2.136695
1037	21	Ġman	6.652925
1037	22	.	3.425805
1037	23	<|endoftext|>	6.369794
1038	1	<|endoftext|>	0.0
1038	2	The	4.729281
1038	3	Ġcommissioner	14.424614
1038	4	Ġdiscovered	14.239028
1038	5	Ġthat	1.598462
1038	6	Ġthe	2.569103
1038	7	Ġreport	8.750939
1038	8	Ġstated	9.29728
1038	9	Ġthe	4.212577
1038	10	Ġtelevision	14.350951
1038	11	Ġhost	7.966922
1038	12	Ġthought	12.055462
1038	13	Ġthe	2.548626
1038	14	Ġman	7.322419
1038	15	Ġreported	11.42845
1038	16	Ġthe	2.202684
1038	17	Ġpolice	8.169369
1038	18	Ġdetective	12.378565
1038	19	Ġlent	20.654294
1038	20	Ġsome	8.555341
1038	21	Ġmoney	1.886029
1038	22	Ġto	0.704961
1038	23	Ġthe	2.171829
1038	24	Ġman	4.908082
1038	25	.	2.552886
1038	26	<|endoftext|>	6.112863
1039	1	<|endoftext|>	0.0
1039	2	The	4.729281
1039	3	Ġcommissioner	14.424614
1039	4	Ġdiscovered	14.239028
1039	5	Ġwho	10.995054
1039	6	Ġthe	3.775712
1039	7	Ġreport	11.349906
1039	8	Ġstated	10.264582
1039	9	Ġthe	4.491237
1039	10	Ġtelevision	15.899202
1039	11	Ġhost	5.199135
1039	12	Ġthought	10.100883
1039	13	Ġthe	4.543668
1039	14	Ġman	5.800622
1039	15	Ġreported	11.973189
1039	16	Ġlent	18.674098
1039	17	Ġsome	8.274814
1039	18	Ġmoney	1.850184
1039	19	Ġto	0.48527
1039	20	Ġthe	2.821192
1039	21	Ġman	6.317759
1039	22	.	2.488039
1039	23	<|endoftext|>	6.318428
1040	1	<|endoftext|>	0.0
1040	2	The	4.729281
1040	3	Ġcommissioner	14.424614
1040	4	Ġdiscovered	14.239028
1040	5	Ġwho	10.995054
1040	6	Ġthe	3.775712
1040	7	Ġreport	11.349906
1040	8	Ġstated	10.264582
1040	9	Ġthe	4.491237
1040	10	Ġtelevision	15.899202
1040	11	Ġhost	5.199135
1040	12	Ġthought	10.100883
1040	13	Ġthe	4.543668
1040	14	Ġman	5.800622
1040	15	Ġreported	11.973189
1040	16	Ġthe	4.324108
1040	17	Ġpolice	8.488604
1040	18	Ġdetective	11.672855
1040	19	Ġlent	20.082947
1040	20	Ġsome	9.425286
1040	21	Ġmoney	2.728485
1040	22	Ġto	0.670602
1040	23	Ġthe	3.49828
1040	24	Ġman	4.51458
1040	25	.	2.148773
1040	26	<|endoftext|>	5.983085
1041	1	<|endoftext|>	0.0
1041	2	We	7.155782
1041	3	Ġall	5.001739
1041	4	Ġknow	0.901091
1041	5	Ġthat	1.582208
1041	6	Ġrepaid	22.505595
1041	7	Ġhis	13.584395
1041	8	Ġdebt	2.215655
1041	9	Ġto	2.041305
1041	10	Ġthe	1.908599
1041	11	Ġcriminal	12.913013
1041	12	Ġking	7.130896
1041	13	pin	4.162272
1041	14	.	4.810996
1041	15	<|endoftext|>	9.026029
1042	1	<|endoftext|>	0.0
1042	2	We	7.155761
1042	3	Ġall	5.001796
1042	4	Ġknow	0.901057
1042	5	Ġthat	1.582244
1042	6	Ġthe	3.681979
1042	7	Ġinvestor	15.981891
1042	8	Ġrepaid	19.125603
1042	9	Ġhis	2.138459
1042	10	Ġdebt	3.408712
1042	11	Ġto	2.875664
1042	12	Ġthe	1.734001
1042	13	Ġcriminal	14.335696
1042	14	Ġking	6.68773
1042	15	pin	3.835489
1042	16	.	3.579374
1042	17	<|endoftext|>	9.700304
1043	1	<|endoftext|>	0.0
1043	2	We	7.155782
1043	3	Ġall	5.001739
1043	4	Ġknow	0.901091
1043	5	Ġwho	7.268268
1043	6	Ġrepaid	19.902399
1043	7	Ġhis	6.347401
1043	8	Ġdebt	1.893303
1043	9	Ġto	1.784005
1043	10	Ġthe	1.958982
1043	11	Ġcriminal	13.157465
1043	12	Ġking	6.327429
1043	13	pin	3.763453
1043	14	Ġ.	10.935269
1043	15	<|endoftext|>	8.377033
1044	1	<|endoftext|>	0.0
1044	2	We	7.155761
1044	3	Ġall	5.001796
1044	4	Ġknow	0.901057
1044	5	Ġwho	7.268249
1044	6	Ġthe	4.041303
1044	7	Ġinvestor	15.81714
1044	8	Ġrepaid	20.119849
1044	9	Ġhis	3.542056
1044	10	Ġdebt	3.427445
1044	11	Ġto	1.410752
1044	12	Ġthe	2.323851
1044	13	Ġcriminal	14.291251
1044	14	Ġking	6.889449
1044	15	pin	3.169955
1044	16	Ġ.	10.462152
1044	17	<|endoftext|>	8.613088
1045	1	<|endoftext|>	0.0
1045	2	We	7.155761
1045	3	Ġall	5.001796
1045	4	Ġknow	0.901057
1045	5	Ġthat	1.582244
1045	6	Ġthe	3.681979
1045	7	Ġaccountant	18.116765
1045	8	Ġsaid	9.726516
1045	9	Ġrepaid	21.837361
1045	10	Ġhis	5.74295
1045	11	Ġdebt	3.640179
1045	12	Ġto	3.341921
1045	13	Ġthe	1.717948
1045	14	Ġcriminal	13.990951
1045	15	Ġking	6.400871
1045	16	pin	3.4667
1045	17	.	2.407485
1045	18	<|endoftext|>	9.581404
1046	1	<|endoftext|>	0.0
1046	2	We	7.155761
1046	3	Ġall	5.001796
1046	4	Ġknow	0.901057
1046	5	Ġthat	1.582244
1046	6	Ġthe	3.681979
1046	7	Ġaccountant	18.116765
1046	8	Ġsaid	9.726516
1046	9	Ġthe	4.361756
1046	10	Ġinvestor	10.925186
1046	11	Ġrepaid	16.048154
1046	12	Ġhis	2.566764
1046	13	Ġdebt	4.072217
1046	14	Ġto	4.234227
1046	15	Ġthe	1.294235
1046	16	Ġcriminal	15.618439
1046	17	Ġking	8.020501
1046	18	pin	3.437241
1046	19	.	2.238214
1046	20	<|endoftext|>	9.783651
1047	1	<|endoftext|>	0.0
1047	2	We	7.155761
1047	3	Ġall	5.001796
1047	4	Ġknow	0.901057
1047	5	Ġwho	7.268249
1047	6	Ġthe	4.041303
1047	7	Ġaccountant	16.446096
1047	8	Ġsaid	9.147639
1047	9	Ġrepaid	19.994286
1047	10	Ġhis	2.699803
1047	11	Ġdebt	3.215047
1047	12	Ġto	2.681305
1047	13	Ġthe	1.969135
1047	14	Ġcriminal	13.637743
1047	15	Ġking	6.298215
1047	16	pin	2.942151
1047	17	Ġ.	9.7679
1047	18	<|endoftext|>	8.148118
1048	1	<|endoftext|>	0.0
1048	2	We	7.155761
1048	3	Ġall	5.001796
1048	4	Ġknow	0.901057
1048	5	Ġwho	7.268249
1048	6	Ġthe	4.041303
1048	7	Ġaccountant	16.446096
1048	8	Ġsaid	9.147639
1048	9	Ġthe	5.12367
1048	10	Ġinvestor	11.438021
1048	11	Ġrepaid	17.389719
1048	12	Ġhis	4.599007
1048	13	Ġdebt	3.975394
1048	14	Ġto	2.590402
1048	15	Ġthe	1.991451
1048	16	Ġcriminal	14.998655
1048	17	Ġking	7.886286
1048	18	pin	2.956077
1048	19	Ġ.	9.786729
1048	20	<|endoftext|>	8.328056
1049	1	<|endoftext|>	0.0
1049	2	We	7.155761
1049	3	Ġall	5.001796
1049	4	Ġknow	0.901057
1049	5	Ġthat	1.582244
1049	6	Ġthe	3.681979
1049	7	Ġaccountant	18.116765
1049	8	Ġsaid	9.726516
1049	9	Ġhis	6.918623
1049	10	Ġcolleague	10.857455
1049	11	Ġrecalled	14.33226
1049	12	Ġrepaid	22.706063
1049	13	Ġhis	2.727596
1049	14	Ġdebt	4.861985
1049	15	Ġto	3.076325
1049	16	Ġthe	1.785968
1049	17	Ġcriminal	14.34997
1049	18	Ġking	6.609219
1049	19	pin	3.219415
1049	20	.	2.459947
1049	21	<|endoftext|>	9.583579
1050	1	<|endoftext|>	0.0
1050	2	We	7.155761
1050	3	Ġall	5.001796
1050	4	Ġknow	0.901057
1050	5	Ġthat	1.582244
1050	6	Ġthe	3.681979
1050	7	Ġaccountant	18.116765
1050	8	Ġsaid	9.726516
1050	9	Ġhis	6.918623
1050	10	Ġcolleague	10.857455
1050	11	Ġrecalled	14.33226
1050	12	Ġthe	2.965648
1050	13	Ġinvestor	13.894536
1050	14	Ġrepaid	17.58547
1050	15	Ġhis	2.256228
1050	16	Ġdebt	4.708265
1050	17	Ġto	3.773684
1050	18	Ġthe	1.670413
1050	19	Ġcriminal	15.414655
1050	20	Ġking	7.590423
1050	21	pin	3.203922
1050	22	.	2.28504
1050	23	<|endoftext|>	9.386316
1051	1	<|endoftext|>	0.0
1051	2	We	7.155761
1051	3	Ġall	5.001796
1051	4	Ġknow	0.901057
1051	5	Ġwho	7.268249
1051	6	Ġthe	4.041303
1051	7	Ġaccountant	16.446096
1051	8	Ġsaid	9.147639
1051	9	Ġhis	7.682409
1051	10	Ġcolleague	11.330661
1051	11	Ġrecalled	16.828745
1051	12	Ġrepaid	22.263205
1051	13	Ġhis	2.841087
1051	14	Ġdebt	4.471526
1051	15	Ġto	2.583075
1051	16	Ġthe	2.090096
1051	17	Ġcriminal	14.035486
1051	18	Ġking	6.887532
1051	19	pin	2.820293
1051	20	Ġ.	9.970478
1051	21	<|endoftext|>	7.942375
1052	1	<|endoftext|>	0.0
1052	2	We	7.155761
1052	3	Ġall	5.001796
1052	4	Ġknow	0.901057
1052	5	Ġwho	7.268249
1052	6	Ġthe	4.041303
1052	7	Ġaccountant	16.446096
1052	8	Ġsaid	9.147639
1052	9	Ġhis	7.682409
1052	10	Ġcolleague	11.330661
1052	11	Ġrecalled	16.828745
1052	12	Ġthe	5.166874
1052	13	Ġinvestor	14.606939
1052	14	Ġrepaid	16.698222
1052	15	Ġhis	3.585899
1052	16	Ġdebt	4.31393
1052	17	Ġto	3.365082
1052	18	Ġthe	2.104416
1052	19	Ġcriminal	15.146423
1052	20	Ġking	7.653183
1052	21	pin	2.901616
1052	22	Ġ.	9.821432
1052	23	<|endoftext|>	7.511364
1053	1	<|endoftext|>	0.0
1053	2	We	7.155761
1053	3	Ġall	5.001796
1053	4	Ġknow	0.901057
1053	5	Ġthat	1.582244
1053	6	Ġthe	3.681979
1053	7	Ġaccountant	18.116765
1053	8	Ġsaid	9.726516
1053	9	Ġhis	6.918623
1053	10	Ġcolleague	10.857455
1053	11	Ġrecalled	14.33226
1053	12	Ġthe	2.965648
1053	13	Ġpartners	16.800399
1053	14	Ġknew	13.411612
1053	15	Ġrepaid	24.303421
1053	16	Ġhis	4.422034
1053	17	Ġdebt	5.497118
1053	18	Ġto	3.599212
1053	19	Ġthe	1.962837
1053	20	Ġcriminal	14.636584
1053	21	Ġking	7.307917
1053	22	pin	2.224997
1053	23	.	1.772049
1053	24	<|endoftext|>	9.642746
1054	1	<|endoftext|>	0.0
1054	2	We	7.155761
1054	3	Ġall	5.001796
1054	4	Ġknow	0.901057
1054	5	Ġthat	1.582244
1054	6	Ġthe	3.681979
1054	7	Ġaccountant	18.116765
1054	8	Ġsaid	9.726516
1054	9	Ġhis	6.918623
1054	10	Ġcolleague	10.857455
1054	11	Ġrecalled	14.33226
1054	12	Ġthe	2.965648
1054	13	Ġpartners	16.800399
1054	14	Ġknew	13.411612
1054	15	Ġthe	3.841922
1054	16	Ġinvestor	10.860691
1054	17	Ġrepaid	17.480413
1054	18	Ġhis	3.128797
1054	19	Ġdebt	5.021452
1054	20	Ġto	4.31125
1054	21	Ġthe	1.823275
1054	22	Ġcriminal	15.133952
1054	23	Ġking	8.30726
1054	24	pin	2.215669
1054	25	.	1.680392
1054	26	<|endoftext|>	9.653597
1055	1	<|endoftext|>	0.0
1055	2	We	7.155761
1055	3	Ġall	5.001796
1055	4	Ġknow	0.901057
1055	5	Ġwho	7.268249
1055	6	Ġthe	4.041303
1055	7	Ġaccountant	16.446096
1055	8	Ġsaid	9.147639
1055	9	Ġhis	7.682409
1055	10	Ġcolleague	11.330661
1055	11	Ġrecalled	16.828745
1055	12	Ġthe	5.166874
1055	13	Ġpartners	16.954015
1055	14	Ġknew	11.205857
1055	15	Ġrepaid	25.081311
1055	16	Ġhis	4.324779
1055	17	Ġdebt	5.090226
1055	18	Ġto	3.278982
1055	19	Ġthe	2.202729
1055	20	Ġcriminal	14.16375
1055	21	Ġking	7.412386
1055	22	pin	2.218442
1055	23	Ġ.	9.469469
1055	24	<|endoftext|>	8.027588
1056	1	<|endoftext|>	0.0
1056	2	We	7.155761
1056	3	Ġall	5.001796
1056	4	Ġknow	0.901057
1056	5	Ġwho	7.268249
1056	6	Ġthe	4.041303
1056	7	Ġaccountant	16.446096
1056	8	Ġsaid	9.147639
1056	9	Ġhis	7.682409
1056	10	Ġcolleague	11.330661
1056	11	Ġrecalled	16.828745
1056	12	Ġthe	5.166874
1056	13	Ġpartners	16.954015
1056	14	Ġknew	11.205857
1056	15	Ġthe	4.762099
1056	16	Ġinvestor	11.201039
1056	17	Ġrepaid	18.018931
1056	18	Ġhis	3.398536
1056	19	Ġdebt	4.671033
1056	20	Ġto	4.052435
1056	21	Ġthe	2.054051
1056	22	Ġcriminal	14.845608
1056	23	Ġking	8.331965
1056	24	pin	2.185891
1056	25	Ġ.	9.490291
1056	26	<|endoftext|>	7.874526
1057	1	<|endoftext|>	0.0
1057	2	We	7.155761
1057	3	Ġall	5.001796
1057	4	Ġknow	0.901057
1057	5	Ġthat	1.582244
1057	6	Ġthe	3.681979
1057	7	Ġaccountant	18.116765
1057	8	Ġsaid	9.726516
1057	9	Ġhis	6.918623
1057	10	Ġcolleague	10.857455
1057	11	Ġrecalled	14.33226
1057	12	Ġthe	2.965648
1057	13	Ġpartners	16.800399
1057	14	Ġknew	13.411612
1057	15	Ġrepaid	24.303421
1057	16	Ġhis	4.422034
1057	17	Ġdebt	5.497118
1057	18	Ġto	3.599212
1057	19	Ġthe	1.962837
1057	20	Ġcriminal	14.636584
1057	21	Ġking	7.307917
1057	22	pin	2.224997
1057	23	.	1.772049
1057	24	<|endoftext|>	9.642746
1058	1	<|endoftext|>	0.0
1058	2	We	7.155761
1058	3	Ġall	5.001796
1058	4	Ġknow	0.901057
1058	5	Ġthat	1.582244
1058	6	Ġthe	3.681979
1058	7	Ġaccountant	18.116765
1058	8	Ġsaid	9.726516
1058	9	Ġhis	6.918623
1058	10	Ġcolleague	10.857455
1058	11	Ġrecalled	14.33226
1058	12	Ġthe	2.965648
1058	13	Ġpartners	16.800399
1058	14	Ġknew	13.411612
1058	15	Ġthe	3.841922
1058	16	Ġinvestor	10.860691
1058	17	Ġrepaid	17.480413
1058	18	Ġhis	3.128797
1058	19	Ġdebt	5.021452
1058	20	Ġto	4.31125
1058	21	Ġthe	1.823275
1058	22	Ġcriminal	15.133952
1058	23	Ġking	8.30726
1058	24	pin	2.215669
1058	25	.	1.680392
1058	26	<|endoftext|>	9.653597
1059	1	<|endoftext|>	0.0
1059	2	We	7.155761
1059	3	Ġall	5.001796
1059	4	Ġknow	0.901057
1059	5	Ġwho	7.268249
1059	6	Ġthe	4.041303
1059	7	Ġaccountant	16.446096
1059	8	Ġsaid	9.147639
1059	9	Ġhis	7.682409
1059	10	Ġcolleague	11.330661
1059	11	Ġrecalled	16.828745
1059	12	Ġthe	5.166874
1059	13	Ġpartners	16.954015
1059	14	Ġknew	11.205857
1059	15	Ġrepaid	25.081311
1059	16	Ġhis	4.324779
1059	17	Ġdebt	5.090226
1059	18	Ġto	3.278982
1059	19	Ġthe	2.202729
1059	20	Ġcriminal	14.16375
1059	21	Ġking	7.412386
1059	22	pin	2.218442
1059	23	Ġ.	9.469469
1059	24	<|endoftext|>	8.027588
1060	1	<|endoftext|>	0.0
1060	2	We	7.155761
1060	3	Ġall	5.001796
1060	4	Ġknow	0.901057
1060	5	Ġwho	7.268249
1060	6	Ġthe	4.041303
1060	7	Ġaccountant	16.446096
1060	8	Ġsaid	9.147639
1060	9	Ġhis	7.682409
1060	10	Ġcolleague	11.330661
1060	11	Ġrecalled	16.828745
1060	12	Ġthe	5.166874
1060	13	Ġpartners	16.954015
1060	14	Ġknew	11.205857
1060	15	Ġthe	4.762099
1060	16	Ġinvestor	11.201039
1060	17	Ġrepaid	18.018931
1060	18	Ġhis	3.398536
1060	19	Ġdebt	4.671033
1060	20	Ġto	4.052435
1060	21	Ġthe	2.054051
1060	22	Ġcriminal	14.845608
1060	23	Ġking	8.331965
1060	24	pin	2.185891
1060	25	Ġ.	9.490291
1060	26	<|endoftext|>	7.874526
1061	1	<|endoftext|>	0.0
1061	2	I	5.770367
1061	3	Ġknow	5.545733
1061	4	Ġthat	2.74974
1061	5	Ġpromised	16.612511
1061	6	Ġa	5.766547
1061	7	Ġraise	14.215032
1061	8	Ġto	4.945475
1061	9	Ġthe	3.480354
1061	10	Ġfactory	13.023401
1061	11	Ġworkers	2.767083
1061	12	.	2.945891
1061	13	<|endoftext|>	9.479619
1062	1	<|endoftext|>	0.0
1062	2	I	5.770362
1062	3	Ġknow	5.545699
1062	4	Ġthat	2.74972
1062	5	Ġthe	4.424218
1062	6	Ġbusiness	11.457228
1062	7	Ġman	9.777836
1062	8	Ġpromised	12.949968
1062	9	Ġa	4.662213
1062	10	Ġraise	11.15933
1062	11	Ġto	4.328768
1062	12	Ġthe	3.057713
1062	13	Ġfactory	10.540226
1062	14	Ġworkers	1.563906
1062	15	.	2.639377
1062	16	<|endoftext|>	10.824075
1063	1	<|endoftext|>	0.0
1063	2	I	5.770367
1063	3	Ġknow	5.545733
1063	4	Ġwho	8.366545
1063	5	Ġpromised	13.08728
1063	6	Ġa	5.684672
1063	7	Ġraise	13.494451
1063	8	Ġto	3.510739
1063	9	Ġthe	3.362282
1063	10	Ġfactory	11.739376
1063	11	Ġworkers	1.498955
1063	12	.	2.192255
1063	13	<|endoftext|>	8.203384
1064	1	<|endoftext|>	0.0
1064	2	I	5.770362
1064	3	Ġknow	5.545699
1064	4	Ġwho	8.36647
1064	5	Ġthe	5.844158
1064	6	Ġbusiness	12.274695
1064	7	Ġman	5.129517
1064	8	Ġpromised	14.777934
1064	9	Ġa	7.39995
1064	10	Ġraise	12.440216
1064	11	Ġto	3.416292
1064	12	Ġthe	3.819424
1064	13	Ġfactory	10.576365
1064	14	Ġworkers	1.707385
1064	15	.	1.79547
1064	16	<|endoftext|>	8.883281
1065	1	<|endoftext|>	0.0
1065	2	I	5.770362
1065	3	Ġknow	5.545699
1065	4	Ġthat	2.74972
1065	5	Ġthe	4.424218
1065	6	Ġsecretary	14.743808
1065	7	Ġsaid	7.513022
1065	8	Ġpromised	17.789387
1065	9	Ġa	5.458184
1065	10	Ġraise	12.154158
1065	11	Ġto	4.122227
1065	12	Ġthe	2.761562
1065	13	Ġfactory	13.967574
1065	14	Ġworkers	2.290889
1065	15	.	2.540646
1065	16	<|endoftext|>	10.592264
1066	1	<|endoftext|>	0.0
1066	2	I	5.770357
1066	3	Ġknow	5.545684
1066	4	Ġthat	2.749692
1066	5	Ġthe	4.424222
1066	6	Ġsecretary	14.743811
1066	7	Ġsaid	7.513032
1066	8	Ġthe	4.901655
1066	9	Ġbusiness	10.389487
1066	10	Ġman	10.746961
1066	11	Ġpromised	10.987448
1066	12	Ġa	4.957197
1066	13	Ġraise	10.406738
1066	14	Ġto	4.383638
1066	15	Ġthe	2.573751
1066	16	Ġfactory	10.544452
1066	17	Ġworkers	1.791512
1066	18	.	2.199211
1066	19	<|endoftext|>	10.74889
1067	1	<|endoftext|>	0.0
1067	2	I	5.770362
1067	3	Ġknow	5.545699
1067	4	Ġwho	8.36647
1067	5	Ġthe	5.844158
1067	6	Ġsecretary	12.362134
1067	7	Ġsaid	6.606389
1067	8	Ġpromised	17.284756
1067	9	Ġa	5.014208
1067	10	Ġraise	12.170156
1067	11	Ġto	3.759121
1067	12	Ġthe	2.69921
1067	13	Ġfactory	13.80834
1067	14	Ġworkers	1.848079
1067	15	.	1.742258
1067	16	<|endoftext|>	8.650573
1068	1	<|endoftext|>	0.0
1068	2	I	5.770357
1068	3	Ġknow	5.545684
1068	4	Ġwho	8.366485
1068	5	Ġthe	5.844156
1068	6	Ġsecretary	12.362134
1068	7	Ġsaid	6.606356
1068	8	Ġthe	6.082597
1068	9	Ġbusiness	10.930927
1068	10	Ġman	7.637162
1068	11	Ġpromised	12.238181
1068	12	Ġa	7.048194
1068	13	Ġraise	11.200887
1068	14	Ġto	3.862701
1068	15	Ġthe	3.057662
1068	16	Ġfactory	10.715884
1068	17	Ġworkers	1.938798
1068	18	.	1.536959
1068	19	<|endoftext|>	8.906438
1069	1	<|endoftext|>	0.0
1069	2	I	5.770357
1069	3	Ġknow	5.545684
1069	4	Ġthat	2.749692
1069	5	Ġthe	4.424222
1069	6	Ġsecretary	14.743811
1069	7	Ġsaid	7.513032
1069	8	Ġthe	4.901655
1069	9	Ġjournalist	13.848754
1069	10	Ġremarked	14.631853
1069	11	Ġpromised	20.994942
1069	12	Ġa	5.703953
1069	13	Ġraise	13.476843
1069	14	Ġto	3.911384
1069	15	Ġthe	2.447534
1069	16	Ġfactory	13.78884
1069	17	Ġworkers	2.569026
1069	18	.	2.080859
1069	19	<|endoftext|>	10.265598
1070	1	<|endoftext|>	0.0
1070	2	I	5.770357
1070	3	Ġknow	5.545684
1070	4	Ġthat	2.749692
1070	5	Ġthe	4.424222
1070	6	Ġsecretary	14.743811
1070	7	Ġsaid	7.513032
1070	8	Ġthe	4.901655
1070	9	Ġjournalist	13.848754
1070	10	Ġremarked	14.631853
1070	11	Ġthe	6.484504
1070	12	Ġbusiness	11.692509
1070	13	Ġman	6.485975
1070	14	Ġpromised	11.630444
1070	15	Ġa	4.490566
1070	16	Ġraise	11.652301
1070	17	Ġto	4.429898
1070	18	Ġthe	2.513113
1070	19	Ġfactory	10.458338
1070	20	Ġworkers	2.557398
1070	21	.	1.734211
1070	22	<|endoftext|>	10.178964
1071	1	<|endoftext|>	0.0
1071	2	I	5.770357
1071	3	Ġknow	5.545684
1071	4	Ġwho	8.366485
1071	5	Ġthe	5.844156
1071	6	Ġsecretary	12.362134
1071	7	Ġsaid	6.606356
1071	8	Ġthe	6.082597
1071	9	Ġjournalist	13.400983
1071	10	Ġremarked	17.324502
1071	11	Ġpromised	19.365108
1071	12	Ġa	4.635521
1071	13	Ġraise	14.095448
1071	14	Ġto	3.681163
1071	15	Ġthe	2.585275
1071	16	Ġfactory	13.949532
1071	17	Ġworkers	2.404075
1071	18	.	1.755981
1071	19	<|endoftext|>	8.889038
1072	1	<|endoftext|>	0.0
1072	2	I	5.770357
1072	3	Ġknow	5.545684
1072	4	Ġwho	8.366485
1072	5	Ġthe	5.844156
1072	6	Ġsecretary	12.362134
1072	7	Ġsaid	6.606356
1072	8	Ġthe	6.082597
1072	9	Ġjournalist	13.400983
1072	10	Ġremarked	17.324502
1072	11	Ġthe	6.234933
1072	12	Ġbusiness	12.085873
1072	13	Ġman	5.740529
1072	14	Ġpromised	11.638755
1072	15	Ġa	4.919797
1072	16	Ġraise	11.977238
1072	17	Ġto	4.235365
1072	18	Ġthe	2.711645
1072	19	Ġfactory	10.647291
1072	20	Ġworkers	2.531998
1072	21	.	1.619055
1072	22	<|endoftext|>	8.80294
1073	1	<|endoftext|>	0.0
1073	2	I	5.770357
1073	3	Ġknow	5.545684
1073	4	Ġthat	2.749692
1073	5	Ġthe	4.424222
1073	6	Ġsecretary	14.743811
1073	7	Ġsaid	7.513032
1073	8	Ġthe	4.901655
1073	9	Ġjournalist	13.848754
1073	10	Ġremarked	14.631853
1073	11	Ġthe	6.484504
1073	12	Ġworkers	13.061711
1073	13	Ġsaid	8.196637
1073	14	Ġpromised	17.655336
1073	15	Ġa	5.434264
1073	16	Ġraise	9.552193
1073	17	Ġto	4.48827
1073	18	Ġthe	3.247868
1073	19	Ġfactory	11.455503
1073	20	Ġworkers	3.334489
1073	21	.	1.761984
1073	22	<|endoftext|>	9.424115
1074	1	<|endoftext|>	0.0
1074	2	I	5.770357
1074	3	Ġknow	5.545684
1074	4	Ġthat	2.749692
1074	5	Ġthe	4.424222
1074	6	Ġsecretary	14.743811
1074	7	Ġsaid	7.513032
1074	8	Ġthe	4.901655
1074	9	Ġjournalist	13.848754
1074	10	Ġremarked	14.631853
1074	11	Ġthe	6.484504
1074	12	Ġworkers	13.061711
1074	13	Ġsaid	8.196637
1074	14	Ġthe	2.751171
1074	15	Ġbusiness	9.471657
1074	16	Ġman	7.943881
1074	17	Ġpromised	10.494762
1074	18	Ġa	5.123393
1074	19	Ġraise	9.931953
1074	20	Ġto	4.419105
1074	21	Ġthe	2.580239
1074	22	Ġfactory	8.808424
1074	23	Ġworkers	2.633761
1074	24	.	1.478747
1074	25	<|endoftext|>	9.359757
1075	1	<|endoftext|>	0.0
1075	2	I	5.770357
1075	3	Ġknow	5.545684
1075	4	Ġwho	8.366485
1075	5	Ġthe	5.844156
1075	6	Ġsecretary	12.362134
1075	7	Ġsaid	6.606356
1075	8	Ġthe	6.082597
1075	9	Ġjournalist	13.400983
1075	10	Ġremarked	17.324502
1075	11	Ġthe	6.234933
1075	12	Ġworkers	13.746857
1075	13	Ġsaid	8.402475
1075	14	Ġpromised	16.963137
1075	15	Ġa	5.252016
1075	16	Ġraise	9.605718
1075	17	Ġto	4.263789
1075	18	Ġthe	3.265622
1075	19	Ġfactory	11.438693
1075	20	Ġworkers	3.237509
1075	21	.	1.707991
1075	22	<|endoftext|>	8.277824
1076	1	<|endoftext|>	0.0
1076	2	I	5.770357
1076	3	Ġknow	5.545684
1076	4	Ġwho	8.366485
1076	5	Ġthe	5.844156
1076	6	Ġsecretary	12.362134
1076	7	Ġsaid	6.606356
1076	8	Ġthe	6.082597
1076	9	Ġjournalist	13.400983
1076	10	Ġremarked	17.324502
1076	11	Ġthe	6.234933
1076	12	Ġworkers	13.746857
1076	13	Ġsaid	8.402475
1076	14	Ġthe	2.675347
1076	15	Ġbusiness	9.388485
1076	16	Ġman	7.461807
1076	17	Ġpromised	10.466319
1076	18	Ġa	5.16487
1076	19	Ġraise	9.900012
1076	20	Ġto	4.211747
1076	21	Ġthe	2.648353
1076	22	Ġfactory	8.841082
1076	23	Ġworkers	2.668996
1076	24	.	1.545116
1076	25	<|endoftext|>	8.187278
1077	1	<|endoftext|>	0.0
1077	2	I	5.770357
1077	3	Ġknow	5.545684
1077	4	Ġthat	2.749692
1077	5	Ġthe	4.424222
1077	6	Ġsecretary	14.743811
1077	7	Ġsaid	7.513032
1077	8	Ġthe	4.901655
1077	9	Ġjournalist	13.848754
1077	10	Ġremarked	14.631853
1077	11	Ġthe	6.484504
1077	12	Ġworkers	13.061711
1077	13	Ġsaid	8.196637
1077	14	Ġpromised	17.655336
1077	15	Ġa	5.434264
1077	16	Ġraise	9.552193
1077	17	Ġto	4.48827
1077	18	Ġthe	3.247868
1077	19	Ġfactory	11.455503
1077	20	Ġworkers	3.334489
1077	21	.	1.761984
1077	22	<|endoftext|>	9.424115
1078	1	<|endoftext|>	0.0
1078	2	I	5.770357
1078	3	Ġknow	5.545684
1078	4	Ġthat	2.749692
1078	5	Ġthe	4.424222
1078	6	Ġsecretary	14.743811
1078	7	Ġsaid	7.513032
1078	8	Ġthe	4.901655
1078	9	Ġjournalist	13.848754
1078	10	Ġremarked	14.631853
1078	11	Ġthe	6.484504
1078	12	Ġworkers	13.061711
1078	13	Ġsaid	8.196637
1078	14	Ġthe	2.751171
1078	15	Ġbusiness	9.471657
1078	16	Ġman	7.943881
1078	17	Ġpromised	10.494762
1078	18	Ġa	5.123393
1078	19	Ġraise	9.931953
1078	20	Ġto	4.419105
1078	21	Ġthe	2.580239
1078	22	Ġfactory	8.808424
1078	23	Ġworkers	2.633761
1078	24	.	1.478747
1078	25	<|endoftext|>	9.359757
1079	1	<|endoftext|>	0.0
1079	2	I	5.770357
1079	3	Ġknow	5.545684
1079	4	Ġwho	8.366485
1079	5	Ġthe	5.844156
1079	6	Ġsecretary	12.362134
1079	7	Ġsaid	6.606356
1079	8	Ġthe	6.082597
1079	9	Ġjournalist	13.400983
1079	10	Ġremarked	17.324502
1079	11	Ġthe	6.234933
1079	12	Ġworkers	13.746857
1079	13	Ġsaid	8.402475
1079	14	Ġpromised	16.963137
1079	15	Ġa	5.252016
1079	16	Ġraise	9.605718
1079	17	Ġto	4.263789
1079	18	Ġthe	3.265622
1079	19	Ġfactory	11.438693
1079	20	Ġworkers	3.237509
1079	21	.	1.707991
1079	22	<|endoftext|>	8.277824
1080	1	<|endoftext|>	0.0
1080	2	I	5.770357
1080	3	Ġknow	5.545684
1080	4	Ġwho	8.366485
1080	5	Ġthe	5.844156
1080	6	Ġsecretary	12.362134
1080	7	Ġsaid	6.606356
1080	8	Ġthe	6.082597
1080	9	Ġjournalist	13.400983
1080	10	Ġremarked	17.324502
1080	11	Ġthe	6.234933
1080	12	Ġworkers	13.746857
1080	13	Ġsaid	8.402475
1080	14	Ġthe	2.675347
1080	15	Ġbusiness	9.388485
1080	16	Ġman	7.461807
1080	17	Ġpromised	10.466319
1080	18	Ġa	5.16487
1080	19	Ġraise	9.900012
1080	20	Ġto	4.211747
1080	21	Ġthe	2.648353
1080	22	Ġfactory	8.841082
1080	23	Ġworkers	2.668996
1080	24	.	1.545116
1080	25	<|endoftext|>	8.187278
