sentence_id	token_id	token	surprisal
1	1	<|endoftext|>	0.0
1	2	They	9.39695
1	3	Ġreported	10.956506
1	4	Ġthat	2.208508
1	5	Ġcould	14.70096
1	6	Ġhave	4.051415
1	7	Ġpromoted	15.211358
1	8	Ġthe	2.724253
1	9	Ġaccountant	19.678434
1	10	Ġlast	12.331204
1	11	Ġquarter	11.754745
1	12	.	2.418298
1	13	<|endoftext|>	4.939675
2	1	<|endoftext|>	0.0
2	2	They	9.39695
2	3	Ġreported	10.956506
2	4	Ġthat	2.20851
2	5	Ġthe	2.648978
2	6	Ġboss	12.477322
2	7	Ġcould	8.011897
2	8	Ġhave	3.32413
2	9	Ġpromoted	13.125882
2	10	Ġthe	3.052271
2	11	Ġaccountant	13.52482
2	12	Ġlast	10.01921
2	13	Ġquarter	12.263409
2	14	.	2.829696
2	15	<|endoftext|>	5.084847
3	1	<|endoftext|>	0.0
3	2	They	9.39695
3	3	Ġreported	10.956506
3	4	Ġwho	12.973994
3	5	Ġcould	8.262186
3	6	Ġhave	2.442637
3	7	Ġpromoted	14.433121
3	8	Ġthe	1.972487
3	9	Ġaccountant	18.802167
3	10	Ġlast	10.256871
3	11	Ġquarter	12.822852
3	12	.	2.259204
3	13	<|endoftext|>	5.939996
4	1	<|endoftext|>	0.0
4	2	They	9.39695
4	3	Ġreported	10.956506
4	4	Ġwho	12.973997
4	5	Ġthe	4.219928
4	6	Ġboss	10.719062
4	7	Ġcould	8.689499
4	8	Ġhave	3.191133
4	9	Ġpromoted	13.966836
4	10	Ġthe	6.060905
4	11	Ġaccountant	15.652718
4	12	Ġlast	9.372092
4	13	Ġquarter	13.145722
4	14	.	1.642701
4	15	<|endoftext|>	5.578699
5	1	<|endoftext|>	0.0
5	2	They	9.396972
5	3	Ġreported	10.95643
5	4	Ġthat	2.20852
5	5	Ġthe	2.648967
5	6	Ġman	6.285519
5	7	Ġsaid	6.848637
5	8	Ġcould	15.235668
5	9	Ġhave	2.979538
5	10	Ġpromoted	17.376284
5	11	Ġthe	2.770593
5	12	Ġaccountant	20.357639
5	13	Ġlast	12.917899
5	14	Ġquarter	13.586574
5	15	.	2.617441
5	16	<|endoftext|>	5.032374
6	1	<|endoftext|>	0.0
6	2	They	9.396978
6	3	Ġreported	10.956426
6	4	Ġthat	2.208518
6	5	Ġthe	2.648968
6	6	Ġman	6.28552
6	7	Ġsaid	6.848633
6	8	Ġthe	4.100878
6	9	Ġboss	12.150847
6	10	Ġcould	7.375689
6	11	Ġhave	3.513481
6	12	Ġpromoted	14.034672
6	13	Ġthe	3.196167
6	14	Ġaccountant	13.178693
6	15	Ġlast	11.284
6	16	Ġquarter	12.59662
6	17	.	2.483731
6	18	<|endoftext|>	5.132623
7	1	<|endoftext|>	0.0
7	2	They	9.396972
7	3	Ġreported	10.95643
7	4	Ġwho	12.973919
7	5	Ġthe	4.219939
7	6	Ġman	4.470151
7	7	Ġsaid	7.069537
7	8	Ġcould	9.347312
7	9	Ġhave	2.695622
7	10	Ġpromoted	16.141597
7	11	Ġthe	1.923019
7	12	Ġaccountant	19.601829
7	13	Ġlast	11.524661
7	14	Ġquarter	14.301845
7	15	.	1.722267
7	16	<|endoftext|>	5.43165
8	1	<|endoftext|>	0.0
8	2	They	9.396978
8	3	Ġreported	10.956426
8	4	Ġwho	12.973917
8	5	Ġthe	4.219927
8	6	Ġman	4.470142
8	7	Ġsaid	7.069522
8	8	Ġthe	6.632644
8	9	Ġboss	12.805693
8	10	Ġcould	9.799373
8	11	Ġhave	2.554409
8	12	Ġpromoted	15.829415
8	13	Ġthe	6.600084
8	14	Ġaccountant	14.394103
8	15	Ġlast	10.817945
8	16	Ġquarter	13.285299
8	17	.	1.404235
8	18	<|endoftext|>	5.234344
9	1	<|endoftext|>	0.0
9	2	They	9.396978
9	3	Ġreported	10.956426
9	4	Ġthat	2.208518
9	5	Ġthe	2.648968
9	6	Ġman	6.28552
9	7	Ġsaid	6.848633
9	8	Ġthe	4.100878
9	9	Ġold	11.415686
9	10	Ġwoman	3.564213
9	11	Ġtold	5.847822
9	12	Ġhim	0.374575
9	13	Ġcould	13.88085
9	14	Ġhave	4.082246
9	15	Ġpromoted	16.535914
9	16	Ġthe	3.16631
9	17	Ġaccountant	17.94022
9	18	Ġlast	12.242134
9	19	Ġquarter	13.077958
9	20	.	2.079824
9	21	<|endoftext|>	5.414758
10	1	<|endoftext|>	0.0
10	2	They	9.396978
10	3	Ġreported	10.956426
10	4	Ġthat	2.208518
10	5	Ġthe	2.648968
10	6	Ġman	6.28552
10	7	Ġsaid	6.848633
10	8	Ġthe	4.100878
10	9	Ġold	11.415686
10	10	Ġwoman	3.564213
10	11	Ġtold	5.847822
10	12	Ġhim	0.374575
10	13	Ġthe	4.558587
10	14	Ġboss	11.465623
10	15	Ġcould	6.836596
10	16	Ġhave	4.09393
10	17	Ġpromoted	13.957749
10	18	Ġthe	4.144182
10	19	Ġaccountant	13.443614
10	20	Ġlast	10.841263
10	21	Ġquarter	12.655222
10	22	.	1.868822
10	23	<|endoftext|>	5.317069
11	1	<|endoftext|>	0.0
11	2	They	9.396978
11	3	Ġreported	10.956426
11	4	Ġwho	12.973917
11	5	Ġthe	4.219927
11	6	Ġman	4.470142
11	7	Ġsaid	7.069522
11	8	Ġthe	6.632644
11	9	Ġold	11.736099
11	10	Ġwoman	3.775692
11	11	Ġtold	8.399336
11	12	Ġhim	1.965377
11	13	Ġcould	10.303357
11	14	Ġhave	3.132226
11	15	Ġpromoted	17.168321
11	16	Ġthe	3.534539
11	17	Ġaccountant	17.832247
11	18	Ġlast	11.89335
11	19	Ġquarter	13.444386
11	20	.	1.569707
11	21	<|endoftext|>	5.380701
12	1	<|endoftext|>	0.0
12	2	They	9.396978
12	3	Ġreported	10.956426
12	4	Ġwho	12.973917
12	5	Ġthe	4.219927
12	6	Ġman	4.470142
12	7	Ġsaid	7.069522
12	8	Ġthe	6.632644
12	9	Ġold	11.736099
12	10	Ġwoman	3.775692
12	11	Ġtold	8.399336
12	12	Ġhim	1.965377
12	13	Ġthe	6.447325
12	14	Ġboss	12.23247
12	15	Ġcould	8.174655
12	16	Ġhave	3.379364
12	17	Ġpromoted	14.501005
12	18	Ġthe	4.947648
12	19	Ġaccountant	13.742382
12	20	Ġlast	10.53533
12	21	Ġquarter	12.617997
12	22	.	1.492094
12	23	<|endoftext|>	5.109109
13	1	<|endoftext|>	0.0
13	2	They	9.396978
13	3	Ġreported	10.956426
13	4	Ġthat	2.208518
13	5	Ġthe	2.648968
13	6	Ġman	6.28552
13	7	Ġsaid	6.848633
13	8	Ġthe	4.100878
13	9	Ġold	11.415686
13	10	Ġwoman	3.564213
13	11	Ġtold	5.847822
13	12	Ġhim	0.374575
13	13	Ġshe	2.029028
13	14	Ġknew	6.954106
13	15	Ġcould	14.76276
13	16	Ġhave	4.594315
13	17	Ġpromoted	16.431066
13	18	Ġthe	3.088566
13	19	Ġaccountant	17.80872
13	20	Ġlast	12.157721
13	21	Ġquarter	13.12713
13	22	.	1.930217
13	23	<|endoftext|>	5.548854
14	1	<|endoftext|>	0.0
14	2	They	9.396978
14	3	Ġreported	10.956426
14	4	Ġthat	2.208518
14	5	Ġthe	2.648968
14	6	Ġman	6.28552
14	7	Ġsaid	6.848633
14	8	Ġthe	4.100878
14	9	Ġold	11.415686
14	10	Ġwoman	3.564213
14	11	Ġtold	5.847822
14	12	Ġhim	0.374575
14	13	Ġshe	2.029028
14	14	Ġknew	6.954106
14	15	Ġthe	3.174585
14	16	Ġboss	10.954341
14	17	Ġcould	6.800291
14	18	Ġhave	4.258861
14	19	Ġpromoted	13.729273
14	20	Ġthe	4.221392
14	21	Ġaccountant	13.457692
14	22	Ġlast	11.162835
14	23	Ġquarter	12.669047
14	24	.	1.738145
14	25	<|endoftext|>	5.478641
15	1	<|endoftext|>	0.0
15	2	They	9.396978
15	3	Ġreported	10.956426
15	4	Ġwho	12.973917
15	5	Ġthe	4.219927
15	6	Ġman	4.470142
15	7	Ġsaid	7.069522
15	8	Ġthe	6.632644
15	9	Ġold	11.736099
15	10	Ġwoman	3.775692
15	11	Ġtold	8.399336
15	12	Ġhim	1.965377
15	13	Ġshe	3.429522
15	14	Ġknew	5.817153
15	15	Ġcould	10.985518
15	16	Ġhave	4.293421
15	17	Ġpromoted	16.702263
15	18	Ġthe	3.372609
15	19	Ġaccountant	17.662299
15	20	Ġlast	11.848614
15	21	Ġquarter	13.381365
15	22	.	1.549443
15	23	<|endoftext|>	5.457743
16	1	<|endoftext|>	0.0
16	2	They	9.396978
16	3	Ġreported	10.956426
16	4	Ġwho	12.973917
16	5	Ġthe	4.219927
16	6	Ġman	4.470142
16	7	Ġsaid	7.069522
16	8	Ġthe	6.632644
16	9	Ġold	11.736099
16	10	Ġwoman	3.775692
16	11	Ġtold	8.399336
16	12	Ġhim	1.965377
16	13	Ġshe	3.429522
16	14	Ġknew	5.817153
16	15	Ġthe	4.302233
16	16	Ġboss	11.484482
16	17	Ġcould	8.431473
16	18	Ġhave	3.786996
16	19	Ġpromoted	14.199596
16	20	Ġthe	4.777521
16	21	Ġaccountant	13.795367
16	22	Ġlast	10.849056
16	23	Ġquarter	12.616441
16	24	.	1.433189
16	25	<|endoftext|>	5.343701
17	1	<|endoftext|>	0.0
17	2	They	9.396978
17	3	Ġreported	10.956426
17	4	Ġthat	2.208518
17	5	Ġthe	2.648968
17	6	Ġman	6.28552
17	7	Ġsaid	6.848633
17	8	Ġthe	4.100878
17	9	Ġold	11.415686
17	10	Ġwoman	3.564213
17	11	Ġtold	5.847822
17	12	Ġhim	0.374575
17	13	Ġshe	2.029028
17	14	Ġknew	6.954106
17	15	Ġcould	14.76276
17	16	Ġhave	4.594315
17	17	Ġpromoted	16.431066
17	18	Ġthe	3.088566
17	19	Ġaccountant	17.80872
17	20	Ġlast	12.157721
17	21	Ġquarter	13.12713
17	22	.	1.930217
17	23	<|endoftext|>	5.548854
18	1	<|endoftext|>	0.0
18	2	They	9.396978
18	3	Ġreported	10.956426
18	4	Ġthat	2.208518
18	5	Ġthe	2.648968
18	6	Ġman	6.28552
18	7	Ġsaid	6.848633
18	8	Ġthe	4.100878
18	9	Ġold	11.415686
18	10	Ġwoman	3.564213
18	11	Ġtold	5.847822
18	12	Ġhim	0.374575
18	13	Ġshe	2.029028
18	14	Ġknew	6.954106
18	15	Ġthe	3.174585
18	16	Ġboss	10.954341
18	17	Ġcould	6.800291
18	18	Ġhave	4.258861
18	19	Ġpromoted	13.729273
18	20	Ġthe	4.221392
18	21	Ġaccountant	13.457692
18	22	Ġlast	11.162835
18	23	Ġquarter	12.669047
18	24	.	1.738145
18	25	<|endoftext|>	5.478641
19	1	<|endoftext|>	0.0
19	2	They	9.396978
19	3	Ġreported	10.956426
19	4	Ġwho	12.973917
19	5	Ġthe	4.219927
19	6	Ġman	4.470142
19	7	Ġsaid	7.069522
19	8	Ġthe	6.632644
19	9	Ġold	11.736099
19	10	Ġwoman	3.775692
19	11	Ġtold	8.399336
19	12	Ġhim	1.965377
19	13	Ġshe	3.429522
19	14	Ġknew	5.817153
19	15	Ġcould	10.985518
19	16	Ġhave	4.293421
19	17	Ġpromoted	16.702263
19	18	Ġthe	3.372609
19	19	Ġaccountant	17.662299
19	20	Ġlast	11.848614
19	21	Ġquarter	13.381365
19	22	.	1.549443
19	23	<|endoftext|>	5.457743
20	1	<|endoftext|>	0.0
20	2	They	9.396978
20	3	Ġreported	10.956426
20	4	Ġwho	12.973917
20	5	Ġthe	4.219927
20	6	Ġman	4.470142
20	7	Ġsaid	7.069522
20	8	Ġthe	6.632644
20	9	Ġold	11.736099
20	10	Ġwoman	3.775692
20	11	Ġtold	8.399336
20	12	Ġhim	1.965377
20	13	Ġshe	3.429522
20	14	Ġknew	5.817153
20	15	Ġthe	4.302233
20	16	Ġboss	11.484482
20	17	Ġcould	8.431473
20	18	Ġhave	3.786996
20	19	Ġpromoted	14.199596
20	20	Ġthe	4.777521
20	21	Ġaccountant	13.795367
20	22	Ġlast	10.849056
20	23	Ġquarter	12.616441
20	24	.	1.433189
20	25	<|endoftext|>	5.343701
21	1	<|endoftext|>	0.0
21	2	He	8.582737
21	3	Ġreported	12.331583
21	4	Ġthat	2.374091
21	5	Ġcould	14.49929
21	6	Ġabandon	16.056842
21	7	Ġhis	3.153446
21	8	Ġcomrades	14.247875
21	9	Ġon	5.273273
21	10	Ġthe	1.29779
21	11	Ġsinking	13.372621
21	12	Ġship	2.024275
21	13	.	2.492089
21	14	<|endoftext|>	5.792765
22	1	<|endoftext|>	0.0
22	2	He	8.582738
22	3	Ġreported	12.331528
22	4	Ġthat	2.37405
22	5	Ġthe	2.664666
22	6	Ġpirate	15.743641
22	7	Ġcould	8.79563
22	8	Ġabandon	14.109113
22	9	Ġhis	1.690628
22	10	Ġcomrades	9.952866
22	11	Ġon	5.036173
22	12	Ġthe	1.203206
22	13	Ġsinking	11.381396
22	14	Ġship	1.048299
22	15	.	3.202784
22	16	<|endoftext|>	6.686628
23	1	<|endoftext|>	0.0
23	2	He	8.582737
23	3	Ġreported	12.331583
23	4	Ġwho	12.870041
23	5	Ġcould	8.158725
23	6	Ġabandon	14.896742
23	7	Ġhis	3.013278
23	8	Ġcomrades	11.577232
23	9	Ġon	5.28236
23	10	Ġthe	1.271847
23	11	Ġsinking	12.466352
23	12	Ġship	1.731885
23	13	.	2.135581
23	14	<|endoftext|>	6.786931
24	1	<|endoftext|>	0.0
24	2	He	8.582738
24	3	Ġreported	12.331528
24	4	Ġwho	12.869989
24	5	Ġthe	4.073953
24	6	Ġpirate	14.598388
24	7	Ġcould	9.528356
24	8	Ġabandon	18.308966
24	9	Ġhis	4.654813
24	10	Ġcomrades	8.537504
24	11	Ġon	4.835819
24	12	Ġthe	1.347246
24	13	Ġsinking	10.621691
24	14	Ġship	1.867673
24	15	.	1.649627
24	16	<|endoftext|>	6.39964
25	1	<|endoftext|>	0.0
25	2	He	8.582732
25	3	Ġreported	12.331528
25	4	Ġthat	2.374054
25	5	Ġthe	2.664676
25	6	Ġsailor	14.332116
25	7	Ġbelieved	9.702875
25	8	Ġcould	15.021545
25	9	Ġabandon	14.746603
25	10	Ġhis	2.324252
25	11	Ġcomrades	11.079188
25	12	Ġon	4.886232
25	13	Ġthe	1.195308
25	14	Ġsinking	8.395343
25	15	Ġship	1.909083
25	16	.	2.655404
25	17	<|endoftext|>	5.606591
26	1	<|endoftext|>	0.0
26	2	He	8.582732
26	3	Ġreported	12.331528
26	4	Ġthat	2.374054
26	5	Ġthe	2.664676
26	6	Ġsailor	14.332116
26	7	Ġbelieved	9.702875
26	8	Ġthe	3.15275
26	9	Ġpirate	9.954372
26	10	Ġcould	7.588828
26	11	Ġabandon	13.297148
26	12	Ġhis	1.808048
26	13	Ġcomrades	11.050115
26	14	Ġon	4.958538
26	15	Ġthe	1.222565
26	16	Ġsinking	8.979661
26	17	Ġship	1.447663
26	18	.	2.352081
26	19	<|endoftext|>	6.004627
27	1	<|endoftext|>	0.0
27	2	He	8.582732
27	3	Ġreported	12.331528
27	4	Ġwho	12.869993
27	5	Ġthe	4.073953
27	6	Ġsailor	12.963729
27	7	Ġbelieved	9.052538
27	8	Ġcould	8.313302
27	9	Ġabandon	15.946626
27	10	Ġhis	3.405967
27	11	Ġcomrades	10.551286
27	12	Ġon	4.565635
27	13	Ġthe	1.302266
27	14	Ġsinking	7.73697
27	15	Ġship	2.941295
27	16	.	1.445088
27	17	<|endoftext|>	5.770932
28	1	<|endoftext|>	0.0
28	2	He	8.582732
28	3	Ġreported	12.331528
28	4	Ġwho	12.869993
28	5	Ġthe	4.073953
28	6	Ġsailor	12.963729
28	7	Ġbelieved	9.052538
28	8	Ġthe	6.695465
28	9	Ġpirate	9.554983
28	10	Ġcould	9.479608
28	11	Ġabandon	18.837902
28	12	Ġhis	4.718362
28	13	Ġcomrades	10.092129
28	14	Ġon	4.470062
28	15	Ġthe	1.497199
28	16	Ġsinking	8.477228
28	17	Ġship	2.654516
28	18	.	1.237968
28	19	<|endoftext|>	5.815933
29	1	<|endoftext|>	0.0
29	2	He	8.582732
29	3	Ġreported	12.331528
29	4	Ġthat	2.374054
29	5	Ġthe	2.664676
29	6	Ġsailor	14.332116
29	7	Ġbelieved	9.702875
29	8	Ġthe	3.15275
29	9	Ġman	4.784316
29	10	Ġbelieved	9.567669
29	11	Ġcould	12.64545
29	12	Ġabandon	14.85959
29	13	Ġhis	2.298902
29	14	Ġcomrades	11.401506
29	15	Ġon	4.893313
29	16	Ġthe	1.104177
29	17	Ġsinking	8.662629
29	18	Ġship	1.725204
29	19	.	1.681294
29	20	<|endoftext|>	5.533032
30	1	<|endoftext|>	0.0
30	2	He	8.582732
30	3	Ġreported	12.331528
30	4	Ġthat	2.374054
30	5	Ġthe	2.664676
30	6	Ġsailor	14.332116
30	7	Ġbelieved	9.702875
30	8	Ġthe	3.15275
30	9	Ġman	4.784316
30	10	Ġbelieved	9.567669
30	11	Ġthe	3.005241
30	12	Ġpirate	9.937253
30	13	Ġcould	7.857267
30	14	Ġabandon	13.299026
30	15	Ġhis	2.111577
30	16	Ġcomrades	11.686155
30	17	Ġon	5.063547
30	18	Ġthe	1.265202
30	19	Ġsinking	8.857115
30	20	Ġship	1.568681
30	21	.	1.4985
30	22	<|endoftext|>	5.751879
31	1	<|endoftext|>	0.0
31	2	He	8.582732
31	3	Ġreported	12.331528
31	4	Ġwho	12.869993
31	5	Ġthe	4.073953
31	6	Ġsailor	12.963729
31	7	Ġbelieved	9.052538
31	8	Ġthe	6.695465
31	9	Ġman	3.629886
31	10	Ġbelieved	9.078456
31	11	Ġcould	9.178286
31	12	Ġabandon	16.354635
31	13	Ġhis	2.880612
31	14	Ġcomrades	11.029407
31	15	Ġon	4.550544
31	16	Ġthe	1.246997
31	17	Ġsinking	8.093743
31	18	Ġship	2.589906
31	19	.	1.14636
31	20	<|endoftext|>	5.458667
32	1	<|endoftext|>	0.0
32	2	He	8.582732
32	3	Ġreported	12.331528
32	4	Ġwho	12.869993
32	5	Ġthe	4.073953
32	6	Ġsailor	12.963729
32	7	Ġbelieved	9.052538
32	8	Ġthe	6.695465
32	9	Ġman	3.629886
32	10	Ġbelieved	9.078456
32	11	Ġthe	4.806471
32	12	Ġpirate	10.188512
32	13	Ġcould	8.706732
32	14	Ġabandon	17.584114
32	15	Ġhis	4.59574
32	16	Ġcomrades	11.242403
32	17	Ġon	4.669649
32	18	Ġthe	1.603499
32	19	Ġsinking	8.413245
32	20	Ġship	2.346063
32	21	.	1.016515
32	22	<|endoftext|>	5.42449
33	1	<|endoftext|>	0.0
33	2	He	8.582732
33	3	Ġreported	12.331528
33	4	Ġthat	2.374054
33	5	Ġthe	2.664676
33	6	Ġsailor	14.332116
33	7	Ġbelieved	9.702875
33	8	Ġthe	3.15275
33	9	Ġman	4.784316
33	10	Ġbelieved	9.567669
33	11	Ġhe	2.478671
33	12	Ġknew	6.839522
33	13	Ġcould	7.663546
33	14	Ġabandon	14.333139
33	15	Ġhis	2.205765
33	16	Ġcomrades	11.277313
33	17	Ġon	5.007141
33	18	Ġthe	1.102049
33	19	Ġsinking	8.648094
33	20	Ġship	1.739364
33	21	.	1.415675
33	22	<|endoftext|>	5.621026
34	1	<|endoftext|>	0.0
34	2	He	8.582732
34	3	Ġreported	12.331528
34	4	Ġthat	2.374054
34	5	Ġthe	2.664676
34	6	Ġsailor	14.332116
34	7	Ġbelieved	9.702875
34	8	Ġthe	3.15275
34	9	Ġman	4.784316
34	10	Ġbelieved	9.567669
34	11	Ġhe	2.478671
34	12	Ġknew	6.839522
34	13	Ġthe	4.015225
34	14	Ġpirate	10.341884
34	15	Ġcould	8.354059
34	16	Ġabandon	13.523593
34	17	Ġhis	2.082901
34	18	Ġcomrades	11.330794
34	19	Ġon	5.199812
34	20	Ġthe	1.273026
34	21	Ġsinking	8.866713
34	22	Ġship	1.442637
34	23	.	1.490664
34	24	<|endoftext|>	5.837077
35	1	<|endoftext|>	0.0
35	2	He	8.582732
35	3	Ġreported	12.331528
35	4	Ġwho	12.869993
35	5	Ġthe	4.073953
35	6	Ġsailor	12.963729
35	7	Ġbelieved	9.052538
35	8	Ġthe	6.695465
35	9	Ġman	3.629886
35	10	Ġbelieved	9.078456
35	11	Ġhe	4.32274
35	12	Ġknew	6.029011
35	13	Ġcould	10.351674
35	14	Ġabandon	15.144601
35	15	Ġhis	2.663177
35	16	Ġcomrades	11.19617
35	17	Ġon	4.705105
35	18	Ġthe	1.213971
35	19	Ġsinking	8.110185
35	20	Ġship	2.382852
35	21	.	1.069117
35	22	<|endoftext|>	5.517196
36	1	<|endoftext|>	0.0
36	2	He	8.582732
36	3	Ġreported	12.331528
36	4	Ġwho	12.869993
36	5	Ġthe	4.073953
36	6	Ġsailor	12.963729
36	7	Ġbelieved	9.052538
36	8	Ġthe	6.695465
36	9	Ġman	3.629886
36	10	Ġbelieved	9.078456
36	11	Ġhe	4.32274
36	12	Ġknew	6.029011
36	13	Ġthe	7.2475
36	14	Ġpirate	11.228533
36	15	Ġcould	8.894746
36	16	Ġabandon	17.172392
36	17	Ġhis	4.263076
36	18	Ġcomrades	11.085843
36	19	Ġon	4.969123
36	20	Ġthe	1.482204
36	21	Ġsinking	8.507808
36	22	Ġship	1.868969
36	23	.	1.110092
36	24	<|endoftext|>	5.509892
37	1	<|endoftext|>	0.0
37	2	He	8.582732
37	3	Ġreported	12.331528
37	4	Ġthat	2.374054
37	5	Ġthe	2.664676
37	6	Ġsailor	14.332116
37	7	Ġbelieved	9.702875
37	8	Ġthe	3.15275
37	9	Ġman	4.784316
37	10	Ġbelieved	9.567669
37	11	Ġhe	2.478671
37	12	Ġknew	6.839522
37	13	Ġcould	7.663546
37	14	Ġabandon	14.333139
37	15	Ġhis	2.205765
37	16	Ġcomrades	11.277313
37	17	Ġon	5.007141
37	18	Ġthe	1.102049
37	19	Ġsinking	8.648094
37	20	Ġship	1.739364
37	21	.	1.415675
37	22	<|endoftext|>	5.621026
38	1	<|endoftext|>	0.0
38	2	He	8.582732
38	3	Ġreported	12.331528
38	4	Ġthat	2.374054
38	5	Ġthe	2.664676
38	6	Ġsailor	14.332116
38	7	Ġbelieved	9.702875
38	8	Ġthe	3.15275
38	9	Ġman	4.784316
38	10	Ġbelieved	9.567669
38	11	Ġhe	2.478671
38	12	Ġknew	6.839522
38	13	Ġthe	4.015225
38	14	Ġpirate	10.341884
38	15	Ġcould	8.354059
38	16	Ġabandon	13.523593
38	17	Ġhis	2.082901
38	18	Ġcomrades	11.330794
38	19	Ġon	5.199812
38	20	Ġthe	1.273026
38	21	Ġsinking	8.866713
38	22	Ġship	1.442637
38	23	.	1.490664
38	24	<|endoftext|>	5.837077
39	1	<|endoftext|>	0.0
39	2	He	8.582732
39	3	Ġreported	12.331528
39	4	Ġwho	12.869993
39	5	Ġthe	4.073953
39	6	Ġsailor	12.963729
39	7	Ġbelieved	9.052538
39	8	Ġthe	6.695465
39	9	Ġman	3.629886
39	10	Ġbelieved	9.078456
39	11	Ġhe	4.32274
39	12	Ġknew	6.029011
39	13	Ġcould	10.351674
39	14	Ġabandon	15.144601
39	15	Ġhis	2.663177
39	16	Ġcomrades	11.19617
39	17	Ġon	4.705105
39	18	Ġthe	1.213971
39	19	Ġsinking	8.110185
39	20	Ġship	2.382852
39	21	.	1.069117
39	22	<|endoftext|>	5.517196
40	1	<|endoftext|>	0.0
40	2	He	8.582732
40	3	Ġreported	12.331528
40	4	Ġwho	12.869993
40	5	Ġthe	4.073953
40	6	Ġsailor	12.963729
40	7	Ġbelieved	9.052538
40	8	Ġthe	6.695465
40	9	Ġman	3.629886
40	10	Ġbelieved	9.078456
40	11	Ġhe	4.32274
40	12	Ġknew	6.029011
40	13	Ġthe	7.2475
40	14	Ġpirate	11.228533
40	15	Ġcould	8.894746
40	16	Ġabandon	17.172392
40	17	Ġhis	4.263076
40	18	Ġcomrades	11.085843
40	19	Ġon	4.969123
40	20	Ġthe	1.482204
40	21	Ġsinking	8.507808
40	22	Ġship	1.868969
40	23	.	1.110092
40	24	<|endoftext|>	5.509892
41	1	<|endoftext|>	0.0
41	2	They	9.39695
41	3	Ġknow	7.895996
41	4	Ġthat	2.878176
41	5	Ġmight	12.731097
41	6	Ġhave	5.405221
41	7	Ġreassured	16.047228
41	8	Ġhis	8.120263
41	9	Ġclient	9.882576
41	10	Ġlast	8.791054
41	11	Ġnight	3.080162
41	12	.	1.828541
41	13	<|endoftext|>	6.926304
42	1	<|endoftext|>	0.0
42	2	They	9.39695
42	3	Ġknow	7.895996
42	4	Ġthat	2.878158
42	5	Ġthe	3.625604
42	6	Ġlawyer	14.264153
42	7	Ġmight	7.985379
42	8	Ġhave	3.038627
42	9	Ġreassured	14.921296
42	10	Ġhis	6.700314
42	11	Ġclient	1.446692
42	12	Ġlast	8.572955
42	13	Ġnight	2.781574
42	14	.	3.01647
42	15	<|endoftext|>	7.295925
43	1	<|endoftext|>	0.0
43	2	They	9.39695
43	3	Ġknow	7.895996
43	4	Ġwho	5.464134
43	5	Ġmight	9.862176
43	6	Ġhave	3.172349
43	7	Ġreassured	18.110274
43	8	Ġhis	8.978375
43	9	Ġclient	9.639374
43	10	Ġlast	6.615141
43	11	Ġnight	2.874158
43	12	.	2.215075
43	13	<|endoftext|>	7.029966
44	1	<|endoftext|>	0.0
44	2	They	9.39695
44	3	Ġknow	7.895996
44	4	Ġwho	5.464138
44	5	Ġthe	4.252008
44	6	Ġlawyer	11.50749
44	7	Ġmight	8.294922
44	8	Ġhave	5.283193
44	9	Ġreassured	19.038803
44	10	Ġhis	10.44289
44	11	Ġclient	2.461923
44	12	Ġlast	7.69098
44	13	Ġnight	2.610242
44	14	.	1.556686
44	15	<|endoftext|>	6.801526
45	1	<|endoftext|>	0.0
45	2	They	9.396972
45	3	Ġknow	7.895986
45	4	Ġthat	2.878197
45	5	Ġthe	3.62555
45	6	Ġman	8.496807
45	7	Ġsaid	8.809932
45	8	Ġmight	13.351771
45	9	Ġhave	3.241518
45	10	Ġreassured	16.789209
45	11	Ġhis	5.163999
45	12	Ġclient	7.546608
45	13	Ġlast	9.057156
45	14	Ġnight	2.833846
45	15	.	2.396189
45	16	<|endoftext|>	7.135785
46	1	<|endoftext|>	0.0
46	2	They	9.396978
46	3	Ġknow	7.895982
46	4	Ġthat	2.878192
46	5	Ġthe	3.625553
46	6	Ġman	8.496807
46	7	Ġsaid	8.809948
46	8	Ġthe	4.002763
46	9	Ġlawyer	13.737493
46	10	Ġmight	7.70777
46	11	Ġhave	2.475464
46	12	Ġreassured	15.75859
46	13	Ġhis	5.637732
46	14	Ġclient	1.571296
46	15	Ġlast	9.334457
46	16	Ġnight	2.655447
46	17	.	2.150334
46	18	<|endoftext|>	6.9438
47	1	<|endoftext|>	0.0
47	2	They	9.396972
47	3	Ġknow	7.895986
47	4	Ġwho	5.464167
47	5	Ġthe	4.252055
47	6	Ġman	5.015715
47	7	Ġsaid	8.965718
47	8	Ġmight	12.419522
47	9	Ġhave	3.106982
47	10	Ġreassured	18.486276
47	11	Ġhis	7.088829
47	12	Ġclient	8.103818
47	13	Ġlast	8.390095
47	14	Ġnight	2.531414
47	15	.	1.372774
47	16	<|endoftext|>	7.068241
48	1	<|endoftext|>	0.0
48	2	They	9.396978
48	3	Ġknow	7.895982
48	4	Ġwho	5.464162
48	5	Ġthe	4.252062
48	6	Ġman	5.015697
48	7	Ġsaid	8.965718
48	8	Ġthe	6.594117
48	9	Ġlawyer	12.077292
48	10	Ġmight	9.372295
48	11	Ġhave	4.043729
48	12	Ġreassured	18.264153
48	13	Ġhis	8.297971
48	14	Ġclient	1.73912
48	15	Ġlast	9.397618
48	16	Ġnight	2.455041
48	17	.	1.019961
48	18	<|endoftext|>	6.842775
49	1	<|endoftext|>	0.0
49	2	They	9.396978
49	3	Ġknow	7.895982
49	4	Ġthat	2.878192
49	5	Ġthe	3.625553
49	6	Ġman	8.496807
49	7	Ġsaid	8.809948
49	8	Ġthe	4.002763
49	9	Ġneighbors	14.524199
49	10	Ġthought	7.658643
49	11	Ġmight	14.130584
49	12	Ġhave	3.132918
49	13	Ġreassured	17.333084
49	14	Ġhis	5.937393
49	15	Ġclient	8.999265
49	16	Ġlast	10.250015
49	17	Ġnight	2.2898
49	18	.	1.673011
49	19	<|endoftext|>	6.579873
50	1	<|endoftext|>	0.0
50	2	They	9.396978
50	3	Ġknow	7.895982
50	4	Ġthat	2.878192
50	5	Ġthe	3.625553
50	6	Ġman	8.496807
50	7	Ġsaid	8.809948
50	8	Ġthe	4.002763
50	9	Ġneighbors	14.524199
50	10	Ġthought	7.658643
50	11	Ġthe	3.127394
50	12	Ġlawyer	14.074186
50	13	Ġmight	6.782663
50	14	Ġhave	2.19559
50	15	Ġreassured	16.627024
50	16	Ġhis	5.936375
50	17	Ġclient	2.924208
50	18	Ġlast	9.792034
50	19	Ġnight	2.560489
50	20	.	1.572732
50	21	<|endoftext|>	6.722627
51	1	<|endoftext|>	0.0
51	2	They	9.396978
51	3	Ġknow	7.895982
51	4	Ġwho	5.464162
51	5	Ġthe	4.252062
51	6	Ġman	5.015697
51	7	Ġsaid	8.965718
51	8	Ġthe	6.594117
51	9	Ġneighbors	13.954352
51	10	Ġthought	6.775002
51	11	Ġmight	7.035739
51	12	Ġhave	3.960498
51	13	Ġreassured	19.295644
51	14	Ġhis	7.388428
51	15	Ġclient	9.568643
51	16	Ġlast	9.000182
51	17	Ġnight	2.26014
51	18	.	0.939072
51	19	<|endoftext|>	6.567061
52	1	<|endoftext|>	0.0
52	2	They	9.396978
52	3	Ġknow	7.895982
52	4	Ġwho	5.464162
52	5	Ġthe	4.252062
52	6	Ġman	5.015697
52	7	Ġsaid	8.965718
52	8	Ġthe	6.594117
52	9	Ġneighbors	13.954352
52	10	Ġthought	6.775002
52	11	Ġthe	5.744972
52	12	Ġlawyer	14.404745
52	13	Ġmight	6.457912
52	14	Ġhave	4.751513
52	15	Ġreassured	18.396021
52	16	Ġhis	8.358901
52	17	Ġclient	2.801208
52	18	Ġlast	9.394457
52	19	Ġnight	2.500298
52	20	.	0.7787
52	21	<|endoftext|>	6.598495
53	1	<|endoftext|>	0.0
53	2	They	9.396978
53	3	Ġknow	7.895982
53	4	Ġthat	2.878192
53	5	Ġthe	3.625553
53	6	Ġman	8.496807
53	7	Ġsaid	8.809948
53	8	Ġthe	4.002763
53	9	Ġneighbors	14.524199
53	10	Ġthought	7.658643
53	11	Ġthey	2.929809
53	12	Ġknew	6.471878
53	13	Ġmight	15.526907
53	14	Ġhave	3.188005
53	15	Ġreassured	18.237251
53	16	Ġhis	5.802909
53	17	Ġclient	9.159079
53	18	Ġlast	10.828898
53	19	Ġnight	1.836604
53	20	.	1.202085
53	21	<|endoftext|>	6.663519
54	1	<|endoftext|>	0.0
54	2	They	9.396978
54	3	Ġknow	7.895982
54	4	Ġthat	2.878192
54	5	Ġthe	3.625553
54	6	Ġman	8.496807
54	7	Ġsaid	8.809948
54	8	Ġthe	4.002763
54	9	Ġneighbors	14.524199
54	10	Ġthought	7.658643
54	11	Ġthey	2.929809
54	12	Ġknew	6.471878
54	13	Ġthe	3.354202
54	14	Ġlawyer	12.928896
54	15	Ġmight	11.106181
54	16	Ġhave	2.51614
54	17	Ġreassured	16.785844
54	18	Ġhis	5.923079
54	19	Ġclient	3.172699
54	20	Ġlast	10.001768
54	21	Ġnight	2.355502
54	22	.	1.234526
54	23	<|endoftext|>	6.700205
55	1	<|endoftext|>	0.0
55	2	They	9.396978
55	3	Ġknow	7.895982
55	4	Ġwho	5.464162
55	5	Ġthe	4.252062
55	6	Ġman	5.015697
55	7	Ġsaid	8.965718
55	8	Ġthe	6.594117
55	9	Ġneighbors	13.954352
55	10	Ġthought	6.775002
55	11	Ġthey	2.221535
55	12	Ġknew	6.057045
55	13	Ġmight	12.928972
55	14	Ġhave	3.68301
55	15	Ġreassured	19.578726
55	16	Ġhis	7.019303
55	17	Ġclient	9.471054
55	18	Ġlast	9.777467
55	19	Ġnight	2.077911
55	20	.	0.83182
55	21	<|endoftext|>	6.699147
56	1	<|endoftext|>	0.0
56	2	They	9.396978
56	3	Ġknow	7.895982
56	4	Ġwho	5.464162
56	5	Ġthe	4.252062
56	6	Ġman	5.015697
56	7	Ġsaid	8.965718
56	8	Ġthe	6.594117
56	9	Ġneighbors	13.954352
56	10	Ġthought	6.775002
56	11	Ġthey	2.221535
56	12	Ġknew	6.057045
56	13	Ġthe	7.640128
56	14	Ġlawyer	13.309023
56	15	Ġmight	10.555279
56	16	Ġhave	3.884156
56	17	Ġreassured	17.815145
56	18	Ġhis	7.739029
56	19	Ġclient	3.254572
56	20	Ġlast	9.439452
56	21	Ġnight	2.473556
56	22	.	0.858503
56	23	<|endoftext|>	6.640469
57	1	<|endoftext|>	0.0
57	2	They	9.396978
57	3	Ġknow	7.895982
57	4	Ġthat	2.878192
57	5	Ġthe	3.625553
57	6	Ġman	8.496807
57	7	Ġsaid	8.809948
57	8	Ġthe	4.002763
57	9	Ġneighbors	14.524199
57	10	Ġthought	7.658643
57	11	Ġthey	2.929809
57	12	Ġknew	6.471878
57	13	Ġmight	15.526907
57	14	Ġhave	3.188005
57	15	Ġreassured	18.237251
57	16	Ġhis	5.802909
57	17	Ġclient	9.159079
57	18	Ġlast	10.828898
57	19	Ġnight	1.836604
57	20	.	1.202085
57	21	<|endoftext|>	6.663519
58	1	<|endoftext|>	0.0
58	2	They	9.396978
58	3	Ġknow	7.895982
58	4	Ġthat	2.878192
58	5	Ġthe	3.625553
58	6	Ġman	8.496807
58	7	Ġsaid	8.809948
58	8	Ġthe	4.002763
58	9	Ġneighbors	14.524199
58	10	Ġthought	7.658643
58	11	Ġthey	2.929809
58	12	Ġknew	6.471878
58	13	Ġthe	3.354202
58	14	Ġlawyer	12.928896
58	15	Ġmight	11.106181
58	16	Ġhave	2.51614
58	17	Ġreassured	16.785844
58	18	Ġhis	5.923079
58	19	Ġclient	3.172699
58	20	Ġlast	10.001768
58	21	Ġnight	2.355502
58	22	.	1.234526
58	23	<|endoftext|>	6.700205
59	1	<|endoftext|>	0.0
59	2	They	9.396978
59	3	Ġknow	7.895982
59	4	Ġwho	5.464162
59	5	Ġthe	4.252062
59	6	Ġman	5.015697
59	7	Ġsaid	8.965718
59	8	Ġthe	6.594117
59	9	Ġneighbors	13.954352
59	10	Ġthought	6.775002
59	11	Ġthey	2.221535
59	12	Ġknew	6.057045
59	13	Ġmight	12.928972
59	14	Ġhave	3.68301
59	15	Ġreassured	19.578726
59	16	Ġhis	7.019303
59	17	Ġclient	9.471054
59	18	Ġlast	9.777467
59	19	Ġnight	2.077911
59	20	.	0.83182
59	21	<|endoftext|>	6.699147
60	1	<|endoftext|>	0.0
60	2	They	9.396978
60	3	Ġknow	7.895982
60	4	Ġwho	5.464162
60	5	Ġthe	4.252062
60	6	Ġman	5.015697
60	7	Ġsaid	8.965718
60	8	Ġthe	6.594117
60	9	Ġneighbors	13.954352
60	10	Ġthought	6.775002
60	11	Ġthey	2.221535
60	12	Ġknew	6.057045
60	13	Ġthe	7.640128
60	14	Ġlawyer	13.309023
60	15	Ġmight	10.555279
60	16	Ġhave	3.884156
60	17	Ġreassured	17.815145
60	18	Ġhis	7.739029
60	19	Ġclient	3.254572
60	20	Ġlast	9.439452
60	21	Ġnight	2.473556
60	22	.	0.858503
60	23	<|endoftext|>	6.640469
61	1	<|endoftext|>	0.0
61	2	She	9.588393
61	3	Ġknows	8.547399
61	4	Ġthat	3.373155
61	5	Ġshould	12.184221
61	6	Ġthank	16.155049
61	7	Ġthe	3.961218
61	8	Ġcook	14.865902
61	9	Ġin	5.425634
61	10	Ġthe	2.149197
61	11	Ġmess	12.734067
61	12	Ġhall	1.344968
61	13	.	1.843361
61	14	<|endoftext|>	6.476748
62	1	<|endoftext|>	0.0
62	2	She	9.588382
62	3	Ġknows	8.547404
62	4	Ġthat	3.373128
62	5	Ġthe	4.094763
62	6	Ġsoldier	13.33074
62	7	Ġshould	7.951305
62	8	Ġthank	11.00585
62	9	Ġthe	2.951034
62	10	Ġcook	13.39566
62	11	Ġin	5.379856
62	12	Ġthe	1.488503
62	13	Ġmess	11.013694
62	14	Ġhall	0.708795
62	15	.	2.532832
62	16	<|endoftext|>	7.315044
63	1	<|endoftext|>	0.0
63	2	She	9.588393
63	3	Ġknows	8.547399
63	4	Ġwho	6.179725
63	5	Ġshould	9.757485
63	6	Ġthank	12.120355
63	7	Ġthe	3.397042
63	8	Ġcook	15.374366
63	9	Ġin	5.641672
63	10	Ġthe	1.765597
63	11	Ġmess	12.571786
63	12	Ġhall	1.487517
63	13	.	1.777419
63	14	<|endoftext|>	7.194094
64	1	<|endoftext|>	0.0
64	2	She	9.588382
64	3	Ġknows	8.547404
64	4	Ġwho	6.179819
64	5	Ġthe	4.654308
64	6	Ġsoldier	11.451228
64	7	Ġshould	9.468611
64	8	Ġthank	11.066045
64	9	Ġthe	5.833314
64	10	Ġcook	15.531827
64	11	Ġin	5.443234
64	12	Ġthe	1.237623
64	13	Ġmess	10.418677
64	14	Ġhall	0.610904
64	15	.	1.783448
64	16	<|endoftext|>	6.903968
65	1	<|endoftext|>	0.0
65	2	She	9.588377
65	3	Ġknows	8.547394
65	4	Ġthat	3.373129
65	5	Ġthe	4.094771
65	6	Ġcaptain	13.727564
65	7	Ġsaid	9.204067
65	8	Ġshould	13.77824
65	9	Ġthank	15.523356
65	10	Ġthe	3.908333
65	11	Ġcook	13.343418
65	12	Ġin	5.601079
65	13	Ġthe	1.608186
65	14	Ġmess	11.507398
65	15	Ġhall	2.317497
65	16	.	2.068846
65	17	<|endoftext|>	6.391582
66	1	<|endoftext|>	0.0
66	2	She	9.588377
66	3	Ġknows	8.547394
66	4	Ġthat	3.373129
66	5	Ġthe	4.094771
66	6	Ġcaptain	13.727564
66	7	Ġsaid	9.204067
66	8	Ġthe	4.763949
66	9	Ġsoldier	12.733432
66	10	Ġshould	4.616176
66	11	Ġthank	10.942769
66	12	Ġthe	2.588522
66	13	Ġcook	13.00077
66	14	Ġin	5.406912
66	15	Ġthe	1.356931
66	16	Ġmess	10.381967
66	17	Ġhall	0.914116
66	18	.	2.322407
66	19	<|endoftext|>	6.702568
67	1	<|endoftext|>	0.0
67	2	She	9.588377
67	3	Ġknows	8.547394
67	4	Ġwho	6.17982
67	5	Ġthe	4.654325
67	6	Ġcaptain	11.656775
67	7	Ġsaid	12.304488
67	8	Ġshould	10.198794
67	9	Ġthank	12.955719
67	10	Ġthe	3.995434
67	11	Ġcook	13.973592
67	12	Ġin	5.694323
67	13	Ġthe	1.427017
67	14	Ġmess	10.885457
67	15	Ġhall	2.079047
67	16	.	1.363433
67	17	<|endoftext|>	5.661457
68	1	<|endoftext|>	0.0
68	2	She	9.588377
68	3	Ġknows	8.547394
68	4	Ġwho	6.17982
68	5	Ġthe	4.654325
68	6	Ġcaptain	11.656775
68	7	Ġsaid	12.304488
68	8	Ġthe	6.78755
68	9	Ġsoldier	11.180349
68	10	Ġshould	7.154321
68	11	Ġthank	10.79806
68	12	Ġthe	6.218507
68	13	Ġcook	14.537823
68	14	Ġin	5.749685
68	15	Ġthe	1.17478
68	16	Ġmess	9.764018
68	17	Ġhall	0.872257
68	18	.	1.45063
68	19	<|endoftext|>	5.61275
69	1	<|endoftext|>	0.0
69	2	She	9.588377
69	3	Ġknows	8.547394
69	4	Ġthat	3.373129
69	5	Ġthe	4.094771
69	6	Ġcaptain	13.727564
69	7	Ġsaid	9.204067
69	8	Ġthe	4.763949
69	9	Ġpilot	9.969822
69	10	Ġthought	8.944177
69	11	Ġshould	15.144275
69	12	Ġthank	14.656648
69	13	Ġthe	2.840707
69	14	Ġcook	13.527269
69	15	Ġin	5.748391
69	16	Ġthe	1.344494
69	17	Ġmess	10.617994
69	18	Ġhall	2.443492
69	19	.	2.038698
69	20	<|endoftext|>	6.699588
70	1	<|endoftext|>	0.0
70	2	She	9.588377
70	3	Ġknows	8.547394
70	4	Ġthat	3.373129
70	5	Ġthe	4.094771
70	6	Ġcaptain	13.727564
70	7	Ġsaid	9.204067
70	8	Ġthe	4.763949
70	9	Ġpilot	9.969822
70	10	Ġthought	8.944177
70	11	Ġthe	2.954343
70	12	Ġsoldier	13.304438
70	13	Ġshould	5.66647
70	14	Ġthank	11.707693
70	15	Ġthe	2.838786
70	16	Ġcook	12.319954
70	17	Ġin	5.429771
70	18	Ġthe	1.278563
70	19	Ġmess	10.300986
70	20	Ġhall	1.349899
70	21	.	2.236963
70	22	<|endoftext|>	6.703505
71	1	<|endoftext|>	0.0
71	2	She	9.588377
71	3	Ġknows	8.547394
71	4	Ġwho	6.17982
71	5	Ġthe	4.654325
71	6	Ġcaptain	11.656775
71	7	Ġsaid	12.304488
71	8	Ġthe	6.78755
71	9	Ġpilot	8.668126
71	10	Ġthought	7.89114
71	11	Ġshould	8.178616
71	12	Ġthank	13.785617
71	13	Ġthe	3.287398
71	14	Ġcook	14.439154
71	15	Ġin	5.654668
71	16	Ġthe	0.964413
71	17	Ġmess	10.044972
71	18	Ġhall	2.019622
71	19	.	1.388887
71	20	<|endoftext|>	5.694969
72	1	<|endoftext|>	0.0
72	2	She	9.588377
72	3	Ġknows	8.547394
72	4	Ġwho	6.17982
72	5	Ġthe	4.654325
72	6	Ġcaptain	11.656775
72	7	Ġsaid	12.304488
72	8	Ġthe	6.78755
72	9	Ġpilot	8.668126
72	10	Ġthought	7.89114
72	11	Ġthe	5.847544
72	12	Ġsoldier	13.146293
72	13	Ġshould	5.156053
72	14	Ġthank	11.839301
72	15	Ġthe	4.948909
72	16	Ġcook	13.404047
72	17	Ġin	5.606489
72	18	Ġthe	1.002217
72	19	Ġmess	9.72092
72	20	Ġhall	1.183852
72	21	.	1.419856
72	22	<|endoftext|>	5.575435
73	1	<|endoftext|>	0.0
73	2	She	9.588377
73	3	Ġknows	8.547394
73	4	Ġthat	3.373129
73	5	Ġthe	4.094771
73	6	Ġcaptain	13.727564
73	7	Ġsaid	9.204067
73	8	Ġthe	4.763949
73	9	Ġpilot	9.969822
73	10	Ġthought	8.944177
73	11	Ġhe	1.650908
73	12	Ġknew	6.922778
73	13	Ġshould	15.076228
73	14	Ġthank	14.04584
73	15	Ġthe	2.648365
73	16	Ġcook	13.443101
73	17	Ġin	5.687787
73	18	Ġthe	1.396344
73	19	Ġmess	10.983943
73	20	Ġhall	1.687099
73	21	.	1.769894
73	22	<|endoftext|>	6.809758
74	1	<|endoftext|>	0.0
74	2	She	9.588377
74	3	Ġknows	8.547394
74	4	Ġthat	3.373129
74	5	Ġthe	4.094771
74	6	Ġcaptain	13.727564
74	7	Ġsaid	9.204067
74	8	Ġthe	4.763949
74	9	Ġpilot	9.969822
74	10	Ġthought	8.944177
74	11	Ġhe	1.650908
74	12	Ġknew	6.922778
74	13	Ġthe	2.838889
74	14	Ġsoldier	12.656066
74	15	Ġshould	10.303203
74	16	Ġthank	11.890713
74	17	Ġthe	2.504713
74	18	Ġcook	12.569487
74	19	Ġin	5.385459
74	20	Ġthe	1.358757
74	21	Ġmess	10.575429
74	22	Ġhall	0.990997
74	23	.	1.857732
74	24	<|endoftext|>	6.768362
75	1	<|endoftext|>	0.0
75	2	She	9.588377
75	3	Ġknows	8.547394
75	4	Ġwho	6.17982
75	5	Ġthe	4.654325
75	6	Ġcaptain	11.656775
75	7	Ġsaid	12.304488
75	8	Ġthe	6.78755
75	9	Ġpilot	8.668126
75	10	Ġthought	7.89114
75	11	Ġhe	1.746531
75	12	Ġknew	7.5869
75	13	Ġshould	12.862051
75	14	Ġthank	12.89288
75	15	Ġthe	2.993914
75	16	Ġcook	14.409158
75	17	Ġin	5.2373
75	18	Ġthe	1.172038
75	19	Ġmess	10.62284
75	20	Ġhall	1.341597
75	21	.	1.351272
75	22	<|endoftext|>	5.767529
76	1	<|endoftext|>	0.0
76	2	She	9.588377
76	3	Ġknows	8.547394
76	4	Ġwho	6.17982
76	5	Ġthe	4.654325
76	6	Ġcaptain	11.656775
76	7	Ġsaid	12.304488
76	8	Ġthe	6.78755
76	9	Ġpilot	8.668126
76	10	Ġthought	7.89114
76	11	Ġhe	1.746531
76	12	Ġknew	7.5869
76	13	Ġthe	6.439443
76	14	Ġsoldier	11.654276
76	15	Ġshould	9.407236
76	16	Ġthank	11.043554
76	17	Ġthe	3.824095
76	18	Ġcook	13.680949
76	19	Ġin	5.210918
76	20	Ġthe	1.165686
76	21	Ġmess	10.078161
76	22	Ġhall	0.821617
76	23	.	1.442637
76	24	<|endoftext|>	5.627724
77	1	<|endoftext|>	0.0
77	2	She	9.588377
77	3	Ġknows	8.547394
77	4	Ġthat	3.373129
77	5	Ġthe	4.094771
77	6	Ġcaptain	13.727564
77	7	Ġsaid	9.204067
77	8	Ġthe	4.763949
77	9	Ġpilot	9.969822
77	10	Ġthought	8.944177
77	11	Ġhe	1.650908
77	12	Ġknew	6.922778
77	13	Ġshould	15.076228
77	14	Ġthank	14.04584
77	15	Ġthe	2.648365
77	16	Ġcook	13.443101
77	17	Ġin	5.687787
77	18	Ġthe	1.396344
77	19	Ġmess	10.983943
77	20	Ġhall	1.687099
77	21	.	1.769894
77	22	<|endoftext|>	6.809758
78	1	<|endoftext|>	0.0
78	2	She	9.588377
78	3	Ġknows	8.547394
78	4	Ġthat	3.373129
78	5	Ġthe	4.094771
78	6	Ġcaptain	13.727564
78	7	Ġsaid	9.204067
78	8	Ġthe	4.763949
78	9	Ġpilot	9.969822
78	10	Ġthought	8.944177
78	11	Ġhe	1.650908
78	12	Ġknew	6.922778
78	13	Ġthe	2.838889
78	14	Ġsoldier	12.656066
78	15	Ġshould	10.303203
78	16	Ġthank	11.890713
78	17	Ġthe	2.504713
78	18	Ġcook	12.569487
78	19	Ġin	5.385459
78	20	Ġthe	1.358757
78	21	Ġmess	10.575429
78	22	Ġhall	0.990997
78	23	.	1.857732
78	24	<|endoftext|>	6.768362
79	1	<|endoftext|>	0.0
79	2	She	9.588377
79	3	Ġknows	8.547394
79	4	Ġwho	6.17982
79	5	Ġthe	4.654325
79	6	Ġcaptain	11.656775
79	7	Ġsaid	12.304488
79	8	Ġthe	6.78755
79	9	Ġpilot	8.668126
79	10	Ġthought	7.89114
79	11	Ġhe	1.746531
79	12	Ġknew	7.5869
79	13	Ġshould	12.862051
79	14	Ġthank	12.89288
79	15	Ġthe	2.993914
79	16	Ġcook	14.409158
79	17	Ġin	5.2373
79	18	Ġthe	1.172038
79	19	Ġmess	10.62284
79	20	Ġhall	1.341597
79	21	.	1.351272
79	22	<|endoftext|>	5.767529
80	1	<|endoftext|>	0.0
80	2	She	9.588377
80	3	Ġknows	8.547394
80	4	Ġwho	6.17982
80	5	Ġthe	4.654325
80	6	Ġcaptain	11.656775
80	7	Ġsaid	12.304488
80	8	Ġthe	6.78755
80	9	Ġpilot	8.668126
80	10	Ġthought	7.89114
80	11	Ġhe	1.746531
80	12	Ġknew	7.5869
80	13	Ġthe	6.439443
80	14	Ġsoldier	11.654276
80	15	Ġshould	9.407236
80	16	Ġthank	11.043554
80	17	Ġthe	3.824095
80	18	Ġcook	13.680949
80	19	Ġin	5.210918
80	20	Ġthe	1.165686
80	21	Ġmess	10.078161
80	22	Ġhall	0.821617
80	23	.	1.442637
80	24	<|endoftext|>	5.627724
81	1	<|endoftext|>	0.0
81	2	He	8.582737
81	3	Ġknows	8.734376
81	4	Ġthat	2.922574
81	5	Ġmight	11.787209
81	6	Ġinterrog	22.40011
81	7	ate	0.214412
81	8	Ġthe	4.683798
81	9	Ġsuspect	8.004692
81	10	Ġin	4.395778
81	11	Ġthe	1.967483
81	12	Ġbasement	11.402764
81	13	.	2.12489
81	14	<|endoftext|>	7.57222
82	1	<|endoftext|>	0.0
82	2	He	8.582738
82	3	Ġknows	8.734333
82	4	Ġthat	2.922582
82	5	Ġthe	3.684004
82	6	Ġpolice	8.714717
82	7	Ġmight	7.183436
82	8	Ġinterrog	12.501993
82	9	ate	0.000485
82	10	Ġthe	5.070469
82	11	Ġsuspect	3.414394
82	12	Ġin	4.033448
82	13	Ġthe	1.533237
82	14	Ġbasement	11.061711
82	15	.	2.631395
82	16	<|endoftext|>	8.648281
83	1	<|endoftext|>	0.0
83	2	He	8.582737
83	3	Ġknows	8.734376
83	4	Ġwho	6.314424
83	5	Ġmight	9.827519
83	6	Ġinterrog	16.503384
83	7	ate	0.001037
83	8	Ġthe	5.804369
83	9	Ġsuspect	6.404785
83	10	Ġin	4.505917
83	11	Ġthe	1.369002
83	12	Ġbasement	11.533089
83	13	.	1.842855
83	14	<|endoftext|>	7.537112
84	1	<|endoftext|>	0.0
84	2	He	8.582738
84	3	Ġknows	8.734333
84	4	Ġwho	6.31441
84	5	Ġthe	4.333641
84	6	Ġpolice	9.947918
84	7	Ġmight	8.67143
84	8	Ġinterrog	11.68551
84	9	ate	0.000706
84	10	Ġthe	7.531088
84	11	Ġsuspect	3.14776
84	12	Ġin	2.664327
84	13	Ġthe	1.282948
84	14	Ġbasement	12.183682
84	15	.	1.967375
84	16	<|endoftext|>	7.934016
85	1	<|endoftext|>	0.0
85	2	He	8.582732
85	3	Ġknows	8.734344
85	4	Ġthat	2.922593
85	5	Ġthe	3.684015
85	6	Ġinspector	15.4411
85	7	Ġbelieved	17.761638
85	8	Ġmight	15.449107
85	9	Ġinterrog	20.350085
85	10	ate	0.00493
85	11	Ġthe	4.315963
85	12	Ġsuspect	5.000023
85	13	Ġin	4.620835
85	14	Ġthe	1.536217
85	15	Ġbasement	10.343217
85	16	.	2.15262
85	17	<|endoftext|>	7.919999
86	1	<|endoftext|>	0.0
86	2	He	8.582732
86	3	Ġknows	8.734344
86	4	Ġthat	2.922593
86	5	Ġthe	3.684015
86	6	Ġinspector	15.4411
86	7	Ġbelieved	17.761638
86	8	Ġthe	2.896212
86	9	Ġpolice	7.426873
86	10	Ġmight	7.814131
86	11	Ġinterrog	13.716491
86	12	ate	0.00054
86	13	Ġthe	4.0001
86	14	Ġsuspect	3.603274
86	15	Ġin	4.38013
86	16	Ġthe	1.519604
86	17	Ġbasement	9.624084
86	18	.	2.172746
86	19	<|endoftext|>	8.068589
87	1	<|endoftext|>	0.0
87	2	He	8.582732
87	3	Ġknows	8.734344
87	4	Ġwho	6.31441
87	5	Ġthe	4.333633
87	6	Ġinspector	14.238199
87	7	Ġbelieved	15.134806
87	8	Ġmight	8.915866
87	9	Ġinterrog	16.575219
87	10	ate	0.000837
87	11	Ġthe	5.042256
87	12	Ġsuspect	4.594576
87	13	Ġin	4.738131
87	14	Ġthe	1.136952
87	15	Ġbasement	10.715619
87	16	.	1.687159
87	17	<|endoftext|>	7.829338
88	1	<|endoftext|>	0.0
88	2	He	8.582732
88	3	Ġknows	8.734344
88	4	Ġwho	6.31441
88	5	Ġthe	4.333633
88	6	Ġinspector	14.238199
88	7	Ġbelieved	15.134806
88	8	Ġthe	7.269158
88	9	Ġpolice	6.731131
88	10	Ġmight	7.583574
88	11	Ġinterrog	13.357916
88	12	ate	0.000708
88	13	Ġthe	6.802112
88	14	Ġsuspect	3.101355
88	15	Ġin	2.237009
88	16	Ġthe	1.197892
88	17	Ġbasement	10.902703
88	18	.	1.736861
88	19	<|endoftext|>	7.722068
89	1	<|endoftext|>	0.0
89	2	He	8.582732
89	3	Ġknows	8.734344
89	4	Ġthat	2.922593
89	5	Ġthe	3.684015
89	6	Ġinspector	15.4411
89	7	Ġbelieved	17.761638
89	8	Ġthe	2.896212
89	9	Ġman	5.775289
89	10	Ġreported	11.511199
89	11	Ġmight	16.354627
89	12	Ġinterrog	19.306955
89	13	ate	0.002607
89	14	Ġthe	3.758747
89	15	Ġsuspect	4.612034
89	16	Ġin	4.457656
89	17	Ġthe	1.949284
89	18	Ġbasement	7.189848
89	19	.	2.012823
89	20	<|endoftext|>	7.353711
90	1	<|endoftext|>	0.0
90	2	He	8.582732
90	3	Ġknows	8.734344
90	4	Ġthat	2.922593
90	5	Ġthe	3.684015
90	6	Ġinspector	15.4411
90	7	Ġbelieved	17.761638
90	8	Ġthe	2.896212
90	9	Ġman	5.775289
90	10	Ġreported	11.511199
90	11	Ġthe	1.685899
90	12	Ġpolice	9.003147
90	13	Ġmight	11.089202
90	14	Ġinterrog	14.483688
90	15	ate	0.000717
90	16	Ġthe	4.362025
90	17	Ġsuspect	3.150459
90	18	Ġin	4.546729
90	19	Ġthe	1.81679
90	20	Ġbasement	7.747036
90	21	.	1.997789
90	22	<|endoftext|>	7.256198
91	1	<|endoftext|>	0.0
91	2	He	8.582732
91	3	Ġknows	8.734344
91	4	Ġwho	6.31441
91	5	Ġthe	4.333633
91	6	Ġinspector	14.238199
91	7	Ġbelieved	15.134806
91	8	Ġthe	7.269158
91	9	Ġman	4.107474
91	10	Ġreported	12.728682
91	11	Ġmight	14.454957
91	12	Ġinterrog	19.020732
91	13	ate	0.00125
91	14	Ġthe	4.603055
91	15	Ġsuspect	4.415029
91	16	Ġin	4.275204
91	17	Ġthe	1.613229
91	18	Ġbasement	8.051906
91	19	.	1.566704
91	20	<|endoftext|>	7.176978
92	1	<|endoftext|>	0.0
92	2	He	8.582732
92	3	Ġknows	8.734344
92	4	Ġwho	6.31441
92	5	Ġthe	4.333633
92	6	Ġinspector	14.238199
92	7	Ġbelieved	15.134806
92	8	Ġthe	7.269158
92	9	Ġman	4.107474
92	10	Ġreported	12.728682
92	11	Ġthe	4.019446
92	12	Ġpolice	8.769698
92	13	Ġmight	10.311509
92	14	Ġinterrog	15.840955
92	15	ate	0.000678
92	16	Ġthe	6.579132
92	17	Ġsuspect	3.061878
92	18	Ġin	3.601542
92	19	Ġthe	1.777504
92	20	Ġbasement	8.494099
92	21	.	1.624182
92	22	<|endoftext|>	6.870203
93	1	<|endoftext|>	0.0
93	2	He	8.582732
93	3	Ġknows	8.734344
93	4	Ġthat	2.922593
93	5	Ġthe	3.684015
93	6	Ġinspector	15.4411
93	7	Ġbelieved	17.761638
93	8	Ġthe	2.896212
93	9	Ġman	5.775289
93	10	Ġreported	11.511199
93	11	Ġhe	7.98676
93	12	Ġknew	7.862259
93	13	Ġmight	11.324328
93	14	Ġinterrog	17.632586
93	15	ate	0.001369
93	16	Ġthe	3.194011
93	17	Ġsuspect	4.37415
93	18	Ġin	4.90479
93	19	Ġthe	1.952283
93	20	Ġbasement	7.165854
93	21	.	2.034188
93	22	<|endoftext|>	7.392852
94	1	<|endoftext|>	0.0
94	2	He	8.582732
94	3	Ġknows	8.734344
94	4	Ġthat	2.922593
94	5	Ġthe	3.684015
94	6	Ġinspector	15.4411
94	7	Ġbelieved	17.761638
94	8	Ġthe	2.896212
94	9	Ġman	5.775289
94	10	Ġreported	11.511199
94	11	Ġhe	7.98676
94	12	Ġknew	7.862259
94	13	Ġthe	2.712449
94	14	Ġpolice	7.849441
94	15	Ġmight	9.283194
94	16	Ġinterrog	12.307747
94	17	ate	0.000477
94	18	Ġthe	4.048127
94	19	Ġsuspect	2.887822
94	20	Ġin	4.882868
94	21	Ġthe	1.758212
94	22	Ġbasement	8.307095
94	23	.	1.980362
94	24	<|endoftext|>	7.349243
95	1	<|endoftext|>	0.0
95	2	He	8.582732
95	3	Ġknows	8.734344
95	4	Ġwho	6.31441
95	5	Ġthe	4.333633
95	6	Ġinspector	14.238199
95	7	Ġbelieved	15.134806
95	8	Ġthe	7.269158
95	9	Ġman	4.107474
95	10	Ġreported	12.728682
95	11	Ġhe	9.22062
95	12	Ġknew	6.3045
95	13	Ġmight	11.871378
95	14	Ġinterrog	17.450382
95	15	ate	0.000872
95	16	Ġthe	4.004368
95	17	Ġsuspect	4.220653
95	18	Ġin	4.516161
95	19	Ġthe	1.780886
95	20	Ġbasement	7.775212
95	21	.	1.567066
95	22	<|endoftext|>	7.18273
96	1	<|endoftext|>	0.0
96	2	He	8.582732
96	3	Ġknows	8.734344
96	4	Ġwho	6.31441
96	5	Ġthe	4.333633
96	6	Ġinspector	14.238199
96	7	Ġbelieved	15.134806
96	8	Ġthe	7.269158
96	9	Ġman	4.107474
96	10	Ġreported	12.728682
96	11	Ġhe	9.22062
96	12	Ġknew	6.3045
96	13	Ġthe	7.136874
96	14	Ġpolice	7.874311
96	15	Ġmight	9.517624
96	16	Ġinterrog	12.227522
96	17	ate	0.000454
96	18	Ġthe	6.182769
96	19	Ġsuspect	2.798859
96	20	Ġin	4.009137
96	21	Ġthe	1.784147
96	22	Ġbasement	8.802954
96	23	.	1.607325
96	24	<|endoftext|>	6.96856
97	1	<|endoftext|>	0.0
97	2	He	8.582732
97	3	Ġknows	8.734344
97	4	Ġthat	2.922593
97	5	Ġthe	3.684015
97	6	Ġinspector	15.4411
97	7	Ġbelieved	17.761638
97	8	Ġthe	2.896212
97	9	Ġman	5.775289
97	10	Ġreported	11.511199
97	11	Ġhe	7.98676
97	12	Ġknew	7.862259
97	13	Ġmight	11.324328
97	14	Ġinterrog	17.632586
97	15	ate	0.001369
97	16	Ġthe	3.194011
97	17	Ġsuspect	4.37415
97	18	Ġin	4.90479
97	19	Ġthe	1.952283
97	20	Ġbasement	7.165854
97	21	.	2.034188
97	22	<|endoftext|>	7.392852
98	1	<|endoftext|>	0.0
98	2	He	8.582732
98	3	Ġknows	8.734344
98	4	Ġthat	2.922593
98	5	Ġthe	3.684015
98	6	Ġinspector	15.4411
98	7	Ġbelieved	17.761638
98	8	Ġthe	2.896212
98	9	Ġman	5.775289
98	10	Ġreported	11.511199
98	11	Ġhe	7.98676
98	12	Ġknew	7.862259
98	13	Ġthe	2.712449
98	14	Ġpolice	7.849441
98	15	Ġmight	9.283194
98	16	Ġinterrog	12.307747
98	17	ate	0.000477
98	18	Ġthe	4.048127
98	19	Ġsuspect	2.887822
98	20	Ġin	4.882868
98	21	Ġthe	1.758212
98	22	Ġbasement	8.307095
98	23	.	1.980362
98	24	<|endoftext|>	7.349243
99	1	<|endoftext|>	0.0
99	2	He	8.582732
99	3	Ġknows	8.734344
99	4	Ġwho	6.31441
99	5	Ġthe	4.333633
99	6	Ġinspector	14.238199
99	7	Ġbelieved	15.134806
99	8	Ġthe	7.269158
99	9	Ġman	4.107474
99	10	Ġreported	12.728682
99	11	Ġhe	9.22062
99	12	Ġknew	6.3045
99	13	Ġmight	11.871378
99	14	Ġinterrog	17.450382
99	15	ate	0.000872
99	16	Ġthe	4.004368
99	17	Ġsuspect	4.220653
99	18	Ġin	4.516161
99	19	Ġthe	1.780886
99	20	Ġbasement	7.775212
99	21	.	1.567066
99	22	<|endoftext|>	7.18273
100	1	<|endoftext|>	0.0
100	2	He	8.582732
100	3	Ġknows	8.734344
100	4	Ġwho	6.31441
100	5	Ġthe	4.333633
100	6	Ġinspector	14.238199
100	7	Ġbelieved	15.134806
100	8	Ġthe	7.269158
100	9	Ġman	4.107474
100	10	Ġreported	12.728682
100	11	Ġhe	9.22062
100	12	Ġknew	6.3045
100	13	Ġthe	7.136874
100	14	Ġpolice	7.874311
100	15	Ġmight	9.517624
100	16	Ġinterrog	12.227522
100	17	ate	0.000454
100	18	Ġthe	6.182769
100	19	Ġsuspect	2.798859
100	20	Ġin	4.009137
100	21	Ġthe	1.784147
100	22	Ġbasement	8.802954
100	23	.	1.607325
100	24	<|endoftext|>	6.96856
101	1	<|endoftext|>	0.0
101	2	You	7.682203
101	3	Ġknow	4.524784
101	4	Ġthat	3.787013
101	5	Ġwas	10.643946
101	6	Ġwaiting	14.653815
101	7	Ġfor	0.560479
101	8	Ġher	7.851468
101	9	Ġmother	10.281961
101	10	Ġat	6.729147
101	11	Ġthe	1.222047
101	12	Ġmovie	9.568769
101	13	Ġtheater	0.550477
101	14	.	3.334648
101	15	<|endoftext|>	7.768971
102	1	<|endoftext|>	0.0
102	2	You	7.68222
102	3	Ġknow	4.524771
102	4	Ġthat	3.786982
102	5	Ġthe	7.611992
102	6	Ġyoung	10.974428
102	7	Ġwoman	5.293888
102	8	Ġwas	6.208086
102	9	Ġwaiting	7.701713
102	10	Ġfor	0.82527
102	11	Ġher	1.519884
102	12	Ġmother	5.388948
102	13	Ġat	4.529411
102	14	Ġthe	0.859818
102	15	Ġmovie	11.663358
102	16	Ġtheater	0.398511
102	17	.	3.495026
102	18	<|endoftext|>	10.551059
103	1	<|endoftext|>	0.0
103	2	You	7.682203
103	3	Ġknow	4.524784
103	4	Ġwho	5.052563
103	5	Ġwas	6.396143
103	6	Ġwaiting	9.682067
103	7	Ġfor	0.8739
103	8	Ġher	6.271881
103	9	Ġmother	9.988287
103	10	Ġat	5.207691
103	11	Ġthe	1.053028
103	12	Ġmovie	10.185201
103	13	Ġtheater	0.473415
103	14	.	5.884174
103	15	<|endoftext|>	7.979543
104	1	<|endoftext|>	0.0
104	2	You	7.68222
104	3	Ġknow	4.524771
104	4	Ġwho	5.052576
104	5	Ġthe	6.464205
104	6	Ġyoung	9.923517
104	7	Ġwoman	5.741151
104	8	Ġwas	4.231778
104	9	Ġwaiting	8.611562
104	10	Ġfor	0.250726
104	11	Ġher	6.661798
104	12	Ġmother	5.654013
104	13	Ġat	4.635692
104	14	Ġthe	0.865889
104	15	Ġmovie	11.17453
104	16	Ġtheater	0.412653
104	17	.	4.417763
104	18	<|endoftext|>	8.921618
105	1	<|endoftext|>	0.0
105	2	You	7.68222
105	3	Ġknow	4.524771
105	4	Ġthat	3.786982
105	5	Ġthe	7.611992
105	6	Ġman	8.267877
105	7	Ġsaid	7.985195
105	8	Ġwas	11.927162
105	9	Ġwaiting	9.067354
105	10	Ġfor	0.614944
105	11	Ġher	5.099106
105	12	Ġmother	9.527734
105	13	Ġat	4.983573
105	14	Ġthe	0.922229
105	15	Ġmovie	10.79042
105	16	Ġtheater	0.353319
105	17	.	3.956123
105	18	<|endoftext|>	9.0728
106	1	<|endoftext|>	0.0
106	2	You	7.68222
106	3	Ġknow	4.524771
106	4	Ġthat	3.786982
106	5	Ġthe	7.611992
106	6	Ġman	8.267877
106	7	Ġsaid	7.985195
106	8	Ġthe	4.900341
106	9	Ġyoung	10.920682
106	10	Ġwoman	2.763765
106	11	Ġwas	2.720305
106	12	Ġwaiting	8.365114
106	13	Ġfor	0.580324
106	14	Ġher	2.600207
106	15	Ġmother	4.828127
106	16	Ġat	4.348654
106	17	Ġthe	0.917258
106	18	Ġmovie	11.206384
106	19	Ġtheater	0.401128
106	20	.	3.018947
106	21	<|endoftext|>	9.647235
107	1	<|endoftext|>	0.0
107	2	You	7.68222
107	3	Ġknow	4.524771
107	4	Ġwho	5.052576
107	5	Ġthe	6.464205
107	6	Ġman	6.228427
107	7	Ġsaid	7.185384
107	8	Ġwas	4.281535
107	9	Ġwaiting	10.01114
107	10	Ġfor	0.904381
107	11	Ġher	4.44146
107	12	Ġmother	10.812478
107	13	Ġat	4.127341
107	14	Ġthe	0.880522
107	15	Ġmovie	10.518131
107	16	Ġtheater	0.330757
107	17	.	5.144158
107	18	<|endoftext|>	7.715488
108	1	<|endoftext|>	0.0
108	2	You	7.68222
108	3	Ġknow	4.524771
108	4	Ġwho	5.052576
108	5	Ġthe	6.464205
108	6	Ġman	6.228427
108	7	Ġsaid	7.185384
108	8	Ġthe	5.748247
108	9	Ġyoung	11.50037
108	10	Ġwoman	3.429199
108	11	Ġwas	2.26822
108	12	Ġwaiting	7.47212
108	13	Ġfor	0.227568
108	14	Ġher	4.410599
108	15	Ġmother	5.351434
108	16	Ġat	4.346579
108	17	Ġthe	0.901257
108	18	Ġmovie	10.830452
108	19	Ġtheater	0.380265
108	20	.	3.915311
108	21	<|endoftext|>	7.931144
109	1	<|endoftext|>	0.0
109	2	You	7.68222
109	3	Ġknow	4.524771
109	4	Ġthat	3.786982
109	5	Ġthe	7.611992
109	6	Ġman	8.267877
109	7	Ġsaid	7.985195
109	8	Ġthe	4.900341
109	9	Ġattendant	17.874175
109	10	Ġsaw	9.631642
109	11	Ġwas	13.682458
109	12	Ġwaiting	9.460858
109	13	Ġfor	0.577328
109	14	Ġher	2.940317
109	15	Ġmother	10.963082
109	16	Ġat	4.146921
109	17	Ġthe	0.731917
109	18	Ġmovie	12.521399
109	19	Ġtheater	0.532533
109	20	.	3.097588
109	21	<|endoftext|>	9.865859
110	1	<|endoftext|>	0.0
110	2	You	7.68222
110	3	Ġknow	4.524771
110	4	Ġthat	3.786982
110	5	Ġthe	7.611992
110	6	Ġman	8.267877
110	7	Ġsaid	7.985195
110	8	Ġthe	4.900341
110	9	Ġattendant	17.874175
110	10	Ġsaw	9.631642
110	11	Ġthe	2.57447
110	12	Ġyoung	8.192101
110	13	Ġwoman	2.005194
110	14	Ġwas	9.165107
110	15	Ġwaiting	8.369936
110	16	Ġfor	0.601312
110	17	Ġher	1.780935
110	18	Ġmother	6.729008
110	19	Ġat	3.924761
110	20	Ġthe	0.768733
110	21	Ġmovie	12.62848
110	22	Ġtheater	0.601084
110	23	.	2.69306
110	24	<|endoftext|>	9.782547
111	1	<|endoftext|>	0.0
111	2	You	7.68222
111	3	Ġknow	4.524771
111	4	Ġwho	5.052576
111	5	Ġthe	6.464205
111	6	Ġman	6.228427
111	7	Ġsaid	7.185384
111	8	Ġthe	5.748247
111	9	Ġattendant	20.049663
111	10	Ġsaw	9.476089
111	11	Ġwas	9.060775
111	12	Ġwaiting	8.53958
111	13	Ġfor	0.973115
111	14	Ġher	2.422169
111	15	Ġmother	11.303111
111	16	Ġat	3.551411
111	17	Ġthe	0.717313
111	18	Ġmovie	11.945682
111	19	Ġtheater	0.499959
111	20	.	4.042172
111	21	<|endoftext|>	8.368319
112	1	<|endoftext|>	0.0
112	2	You	7.68222
112	3	Ġknow	4.524771
112	4	Ġwho	5.052576
112	5	Ġthe	6.464205
112	6	Ġman	6.228427
112	7	Ġsaid	7.185384
112	8	Ġthe	5.748247
112	9	Ġattendant	20.049663
112	10	Ġsaw	9.476089
112	11	Ġthe	4.046476
112	12	Ġyoung	8.255506
112	13	Ġwoman	2.096245
112	14	Ġwas	7.46808
112	15	Ġwaiting	8.222908
112	16	Ġfor	0.585937
112	17	Ġher	1.955856
112	18	Ġmother	7.599732
112	19	Ġat	3.817491
112	20	Ġthe	0.724093
112	21	Ġmovie	12.484457
112	22	Ġtheater	0.578199
112	23	.	3.189587
112	24	<|endoftext|>	8.24157
113	1	<|endoftext|>	0.0
113	2	You	7.68222
113	3	Ġknow	4.524771
113	4	Ġthat	3.786982
113	5	Ġthe	7.611992
113	6	Ġman	8.267877
113	7	Ġsaid	7.985195
113	8	Ġthe	4.900341
113	9	Ġattendant	17.874175
113	10	Ġsaw	9.631642
113	11	Ġher	3.910068
113	12	Ġfriend	8.816246
113	13	Ġknew	17.093847
113	14	Ġwas	12.428926
113	15	Ġwaiting	8.24129
113	16	Ġfor	0.844508
113	17	Ġher	0.34878
113	18	Ġmother	11.78744
113	19	Ġat	4.261292
113	20	Ġthe	0.867793
113	21	Ġmovie	11.748853
113	22	Ġtheater	0.650683
113	23	.	2.856341
113	24	<|endoftext|>	9.731768
114	1	<|endoftext|>	0.0
114	2	You	7.68222
114	3	Ġknow	4.524771
114	4	Ġthat	3.786982
114	5	Ġthe	7.611992
114	6	Ġman	8.267877
114	7	Ġsaid	7.985195
114	8	Ġthe	4.900341
114	9	Ġattendant	17.874175
114	10	Ġsaw	9.631642
114	11	Ġher	3.910068
114	12	Ġfriend	8.816246
114	13	Ġknew	17.093847
114	14	Ġthe	3.880248
114	15	Ġyoung	9.775947
114	16	Ġwoman	1.887423
114	17	Ġwas	4.371234
114	18	Ġwaiting	7.820761
114	19	Ġfor	0.72711
114	20	Ġher	1.212151
114	21	Ġmother	9.415207
114	22	Ġat	3.827433
114	23	Ġthe	0.867515
114	24	Ġmovie	11.885328
114	25	Ġtheater	0.604157
114	26	.	2.386284
114	27	<|endoftext|>	9.605969
115	1	<|endoftext|>	0.0
115	2	You	7.68222
115	3	Ġknow	4.524771
115	4	Ġwho	5.052576
115	5	Ġthe	6.464205
115	6	Ġman	6.228427
115	7	Ġsaid	7.185384
115	8	Ġthe	5.748247
115	9	Ġattendant	20.049663
115	10	Ġsaw	9.476089
115	11	Ġher	5.735792
115	12	Ġfriend	8.934213
115	13	Ġknew	17.152838
115	14	Ġwas	8.413017
115	15	Ġwaiting	7.885376
115	16	Ġfor	1.00746
115	17	Ġher	0.339883
115	18	Ġmother	12.599705
115	19	Ġat	4.068492
115	20	Ġthe	0.812384
115	21	Ġmovie	11.498822
115	22	Ġtheater	0.69003
115	23	.	3.554768
115	24	<|endoftext|>	8.040669
116	1	<|endoftext|>	0.0
116	2	You	7.68222
116	3	Ġknow	4.524771
116	4	Ġwho	5.052576
116	5	Ġthe	6.464205
116	6	Ġman	6.228427
116	7	Ġsaid	7.185384
116	8	Ġthe	5.748247
116	9	Ġattendant	20.049663
116	10	Ġsaw	9.476089
116	11	Ġher	5.735792
116	12	Ġfriend	8.934213
116	13	Ġknew	17.152838
116	14	Ġthe	4.538526
116	15	Ġyoung	10.194283
116	16	Ġwoman	1.865917
116	17	Ġwas	3.159608
116	18	Ġwaiting	7.639692
116	19	Ġfor	0.725867
116	20	Ġher	1.122018
116	21	Ġmother	9.534322
116	22	Ġat	3.721233
116	23	Ġthe	0.82318
116	24	Ġmovie	11.900787
116	25	Ġtheater	0.672928
116	26	.	2.810008
116	27	<|endoftext|>	7.867465
117	1	<|endoftext|>	0.0
117	2	You	7.68222
117	3	Ġknow	4.524771
117	4	Ġthat	3.786982
117	5	Ġthe	7.611992
117	6	Ġman	8.267877
117	7	Ġsaid	7.985195
117	8	Ġthe	4.900341
117	9	Ġattendant	17.874175
117	10	Ġsaw	9.631642
117	11	Ġher	3.910068
117	12	Ġfriend	8.816246
117	13	Ġknew	17.093847
117	14	Ġwas	12.428926
117	15	Ġwaiting	8.24129
117	16	Ġfor	0.844508
117	17	Ġher	0.34878
117	18	Ġmother	11.78744
117	19	Ġat	4.261292
117	20	Ġthe	0.867793
117	21	Ġmovie	11.748853
117	22	Ġtheater	0.650683
117	23	.	2.856341
117	24	<|endoftext|>	9.731768
118	1	<|endoftext|>	0.0
118	2	You	7.68222
118	3	Ġknow	4.524771
118	4	Ġthat	3.786982
118	5	Ġthe	7.611992
118	6	Ġman	8.267877
118	7	Ġsaid	7.985195
118	8	Ġthe	4.900341
118	9	Ġattendant	17.874175
118	10	Ġsaw	9.631642
118	11	Ġher	3.910068
118	12	Ġfriend	8.816246
118	13	Ġknew	17.093847
118	14	Ġthe	3.880248
118	15	Ġyoung	9.775947
118	16	Ġwoman	1.887423
118	17	Ġwas	4.371234
118	18	Ġwaiting	7.820761
118	19	Ġfor	0.72711
118	20	Ġher	1.212151
118	21	Ġmother	9.415207
118	22	Ġat	3.827433
118	23	Ġthe	0.867515
118	24	Ġmovie	11.885328
118	25	Ġtheater	0.604157
118	26	.	2.386284
118	27	<|endoftext|>	9.605969
119	1	<|endoftext|>	0.0
119	2	You	7.68222
119	3	Ġknow	4.524771
119	4	Ġwho	5.052576
119	5	Ġthe	6.464205
119	6	Ġman	6.228427
119	7	Ġsaid	7.185384
119	8	Ġthe	5.748247
119	9	Ġattendant	20.049663
119	10	Ġsaw	9.476089
119	11	Ġher	5.735792
119	12	Ġfriend	8.934213
119	13	Ġknew	17.152838
119	14	Ġwas	8.413017
119	15	Ġwaiting	7.885376
119	16	Ġfor	1.00746
119	17	Ġher	0.339883
119	18	Ġmother	12.599705
119	19	Ġat	4.068492
119	20	Ġthe	0.812384
119	21	Ġmovie	11.498822
119	22	Ġtheater	0.69003
119	23	.	3.554768
119	24	<|endoftext|>	8.040669
120	1	<|endoftext|>	0.0
120	2	You	7.68222
120	3	Ġknow	4.524771
120	4	Ġwho	5.052576
120	5	Ġthe	6.464205
120	6	Ġman	6.228427
120	7	Ġsaid	7.185384
120	8	Ġthe	5.748247
120	9	Ġattendant	20.049663
120	10	Ġsaw	9.476089
120	11	Ġher	5.735792
120	12	Ġfriend	8.934213
120	13	Ġknew	17.152838
120	14	Ġthe	4.538526
120	15	Ġyoung	10.194283
120	16	Ġwoman	1.865917
120	17	Ġwas	3.159608
120	18	Ġwaiting	7.639692
120	19	Ġfor	0.725867
120	20	Ġher	1.122018
120	21	Ġmother	9.534322
120	22	Ġat	3.721233
120	23	Ġthe	0.82318
120	24	Ġmovie	11.900787
120	25	Ġtheater	0.672928
120	26	.	2.810008
120	27	<|endoftext|>	7.867465
121	1	<|endoftext|>	0.0
121	2	I	5.770367
121	3	Ġknow	5.545733
121	4	Ġthat	2.74974
121	5	Ġcould	11.83332
121	6	Ġintroduce	13.876503
121	7	Ġher	9.697302
121	8	Ġfriend	11.062075
121	9	Ġto	1.937295
121	10	Ġthe	3.228107
121	11	Ġregular	12.206687
121	12	Ġcustomer	11.352547
121	13	.	3.013552
121	14	<|endoftext|>	8.122353
122	1	<|endoftext|>	0.0
122	2	I	5.770357
122	3	Ġknow	5.545684
122	4	Ġthat	2.749692
122	5	Ġthe	4.424222
122	6	Ġhost	12.14001
122	7	ess	5.282734
122	8	Ġcould	9.029836
122	9	Ġintroduce	12.477377
122	10	Ġher	4.145315
122	11	Ġfriend	7.185684
122	12	Ġto	1.385345
122	13	Ġthe	2.623723
122	14	Ġregular	11.880475
122	15	Ġcustomer	8.030984
122	16	.	3.255803
122	17	<|endoftext|>	10.335795
123	1	<|endoftext|>	0.0
123	2	I	5.770367
123	3	Ġknow	5.545733
123	4	Ġwho	8.366545
123	5	Ġcould	10.46763
123	6	Ġintroduce	12.636186
123	7	Ġher	6.955971
123	8	Ġfriend	10.323534
123	9	Ġto	1.997811
123	10	Ġthe	2.78817
123	11	Ġregular	13.17685
123	12	Ġcustomer	10.131151
123	13	.	2.58624
123	14	<|endoftext|>	7.949916
124	1	<|endoftext|>	0.0
124	2	I	5.770357
124	3	Ġknow	5.545684
124	4	Ġwho	8.366485
124	5	Ġthe	5.844156
124	6	Ġhost	10.261392
124	7	ess	6.00201
124	8	Ġcould	12.035358
124	9	Ġintroduce	14.607798
124	10	Ġher	6.254131
124	11	Ġfriend	7.389604
124	12	Ġto	1.511759
124	13	Ġthe	5.006462
124	14	Ġregular	12.078604
124	15	Ġcustomer	8.395613
124	16	.	2.219502
124	17	<|endoftext|>	9.600603
125	1	<|endoftext|>	0.0
125	2	I	5.770357
125	3	Ġknow	5.545684
125	4	Ġthat	2.749692
125	5	Ġthe	4.424222
125	6	Ġhe	14.635691
125	7	i	4.902154
125	8	ress	0.078768
125	9	Ġbelieved	15.657972
125	10	Ġcould	16.372567
125	11	Ġintroduce	13.725092
125	12	Ġher	3.373032
125	13	Ġfriend	8.911504
125	14	Ġto	1.282964
125	15	Ġthe	2.442
125	16	Ġregular	13.411664
125	17	Ġcustomer	10.670589
125	18	.	2.46514
125	19	<|endoftext|>	9.686295
126	1	<|endoftext|>	0.0
126	2	I	5.770357
126	3	Ġknow	5.545684
126	4	Ġthat	2.749692
126	5	Ġthe	4.424222
126	6	Ġhe	14.635691
126	7	i	4.902154
126	8	ress	0.078768
126	9	Ġbelieved	15.657972
126	10	Ġthe	4.376576
126	11	Ġhost	12.887766
126	12	ess	3.1825
126	13	Ġcould	7.029054
126	14	Ġintroduce	11.595663
126	15	Ġher	2.601608
126	16	Ġfriend	7.701726
126	17	Ġto	1.057512
126	18	Ġthe	2.197883
126	19	Ġregular	12.971394
126	20	Ġcustomer	8.850317
126	21	.	2.431866
126	22	<|endoftext|>	10.257981
127	1	<|endoftext|>	0.0
127	2	I	5.770357
127	3	Ġknow	5.545684
127	4	Ġwho	8.366485
127	5	Ġthe	5.844156
127	6	Ġhe	13.466433
127	7	i	2.55336
127	8	ress	0.014537
127	9	Ġbelieved	17.873352
127	10	Ġcould	9.909691
127	11	Ġintroduce	13.250661
127	12	Ġher	2.890884
127	13	Ġfriend	9.293467
127	14	Ġto	1.241084
127	15	Ġthe	2.300181
127	16	Ġregular	13.854428
127	17	Ġcustomer	10.524033
127	18	.	1.93477
127	19	<|endoftext|>	9.067543
128	1	<|endoftext|>	0.0
128	2	I	5.770357
128	3	Ġknow	5.545684
128	4	Ġwho	8.366485
128	5	Ġthe	5.844156
128	6	Ġhe	13.466433
128	7	i	2.55336
128	8	ress	0.014537
128	9	Ġbelieved	17.873352
128	10	Ġthe	7.64193
128	11	Ġhost	14.042727
128	12	ess	3.365334
128	13	Ġcould	8.333589
128	14	Ġintroduce	12.939306
128	15	Ġher	4.046568
128	16	Ġfriend	7.913216
128	17	Ġto	1.183259
128	18	Ġthe	3.308741
128	19	Ġregular	12.926202
128	20	Ġcustomer	9.032698
128	21	.	1.690086
128	22	<|endoftext|>	9.491017
129	1	<|endoftext|>	0.0
129	2	I	5.770357
129	3	Ġknow	5.545684
129	4	Ġthat	2.749692
129	5	Ġthe	4.424222
129	6	Ġhe	14.635691
129	7	i	4.902154
129	8	ress	0.078768
129	9	Ġbelieved	15.657972
129	10	Ġher	3.747796
129	11	Ġfriend	8.60229
129	12	Ġsaid	11.46204
129	13	Ġcould	14.999805
129	14	Ġintroduce	13.179073
129	15	Ġher	2.32974
129	16	Ġfriend	6.364338
129	17	Ġto	0.897902
129	18	Ġthe	2.645758
129	19	Ġregular	13.38909
129	20	Ġcustomer	9.377359
129	21	.	1.998645
129	22	<|endoftext|>	9.503272
130	1	<|endoftext|>	0.0
130	2	I	5.770357
130	3	Ġknow	5.545684
130	4	Ġthat	2.749692
130	5	Ġthe	4.424222
130	6	Ġhe	14.635691
130	7	i	4.902154
130	8	ress	0.078768
130	9	Ġbelieved	15.657972
130	10	Ġher	3.747796
130	11	Ġfriend	8.60229
130	12	Ġsaid	11.46204
130	13	Ġthe	4.437363
130	14	Ġhost	12.908535
130	15	ess	2.424103
130	16	Ġcould	6.604205
130	17	Ġintroduce	12.010644
130	18	Ġher	2.433068
130	19	Ġfriend	6.614283
130	20	Ġto	0.9764
130	21	Ġthe	2.343487
130	22	Ġregular	13.056582
130	23	Ġcustomer	8.382099
130	24	.	2.088433
130	25	<|endoftext|>	9.912082
131	1	<|endoftext|>	0.0
131	2	I	5.770357
131	3	Ġknow	5.545684
131	4	Ġwho	8.366485
131	5	Ġthe	5.844156
131	6	Ġhe	13.466433
131	7	i	2.55336
131	8	ress	0.014537
131	9	Ġbelieved	17.873352
131	10	Ġher	6.892691
131	11	Ġfriend	8.298796
131	12	Ġsaid	10.780626
131	13	Ġcould	11.286577
131	14	Ġintroduce	13.391876
131	15	Ġher	2.185378
131	16	Ġfriend	7.478468
131	17	Ġto	0.85899
131	18	Ġthe	2.550475
131	19	Ġregular	13.557706
131	20	Ġcustomer	9.502251
131	21	.	1.556148
131	22	<|endoftext|>	8.476936
132	1	<|endoftext|>	0.0
132	2	I	5.770357
132	3	Ġknow	5.545684
132	4	Ġwho	8.366485
132	5	Ġthe	5.844156
132	6	Ġhe	13.466433
132	7	i	2.55336
132	8	ress	0.014537
132	9	Ġbelieved	17.873352
132	10	Ġher	6.892691
132	11	Ġfriend	8.298796
132	12	Ġsaid	10.780626
132	13	Ġthe	6.51027
132	14	Ġhost	13.357963
132	15	ess	2.213631
132	16	Ġcould	7.678805
132	17	Ġintroduce	12.313385
132	18	Ġher	2.531779
132	19	Ġfriend	6.719684
132	20	Ġto	0.930434
132	21	Ġthe	2.465095
132	22	Ġregular	12.993728
132	23	Ġcustomer	8.526389
132	24	.	1.742486
132	25	<|endoftext|>	8.646715
133	1	<|endoftext|>	0.0
133	2	I	5.770357
133	3	Ġknow	5.545684
133	4	Ġthat	2.749692
133	5	Ġthe	4.424222
133	6	Ġhe	14.635691
133	7	i	4.902154
133	8	ress	0.078768
133	9	Ġbelieved	15.657972
133	10	Ġher	3.747796
133	11	Ġfriend	8.60229
133	12	Ġsaid	11.46204
133	13	Ġshe	2.57251
133	14	Ġknew	6.13562
133	15	Ġcould	14.369294
133	16	Ġintroduce	13.813359
133	17	Ġher	3.102022
133	18	Ġfriend	5.063001
133	19	Ġto	1.047929
133	20	Ġthe	2.842961
133	21	Ġregular	13.632337
133	22	Ġcustomer	9.302906
133	23	.	1.894408
133	24	<|endoftext|>	9.554382
134	1	<|endoftext|>	0.0
134	2	I	5.770357
134	3	Ġknow	5.545684
134	4	Ġthat	2.749692
134	5	Ġthe	4.424222
134	6	Ġhe	14.635691
134	7	i	4.902154
134	8	ress	0.078768
134	9	Ġbelieved	15.657972
134	10	Ġher	3.747796
134	11	Ġfriend	8.60229
134	12	Ġsaid	11.46204
134	13	Ġshe	2.57251
134	14	Ġknew	6.13562
134	15	Ġthe	3.792256
134	16	Ġhost	11.085933
134	17	ess	2.464084
134	18	Ġcould	8.965245
134	19	Ġintroduce	12.357491
134	20	Ġher	2.642485
134	21	Ġfriend	5.963319
134	22	Ġto	1.009263
134	23	Ġthe	2.27433
134	24	Ġregular	13.124703
134	25	Ġcustomer	8.310001
134	26	.	1.930508
134	27	<|endoftext|>	9.841345
135	1	<|endoftext|>	0.0
135	2	I	5.770357
135	3	Ġknow	5.545684
135	4	Ġwho	8.366485
135	5	Ġthe	5.844156
135	6	Ġhe	13.466433
135	7	i	2.55336
135	8	ress	0.014537
135	9	Ġbelieved	17.873352
135	10	Ġher	6.892691
135	11	Ġfriend	8.298796
135	12	Ġsaid	10.780626
135	13	Ġshe	2.622922
135	14	Ġknew	6.185822
135	15	Ġcould	13.217149
135	16	Ġintroduce	14.583673
135	17	Ġher	3.122461
135	18	Ġfriend	5.489731
135	19	Ġto	0.935528
135	20	Ġthe	2.822898
135	21	Ġregular	13.746405
135	22	Ġcustomer	9.465375
135	23	.	1.510788
135	24	<|endoftext|>	8.445243
136	1	<|endoftext|>	0.0
136	2	I	5.770357
136	3	Ġknow	5.545684
136	4	Ġwho	8.366485
136	5	Ġthe	5.844156
136	6	Ġhe	13.466433
136	7	i	2.55336
136	8	ress	0.014537
136	9	Ġbelieved	17.873352
136	10	Ġher	6.892691
136	11	Ġfriend	8.298796
136	12	Ġsaid	10.780626
136	13	Ġshe	2.622922
136	14	Ġknew	6.185822
136	15	Ġthe	5.377558
136	16	Ġhost	11.683679
136	17	ess	2.180885
136	18	Ġcould	9.901085
136	19	Ġintroduce	12.657081
136	20	Ġher	2.746816
136	21	Ġfriend	6.088323
136	22	Ġto	0.965835
136	23	Ġthe	2.470878
136	24	Ġregular	12.989149
136	25	Ġcustomer	8.358795
136	26	.	1.65799
136	27	<|endoftext|>	8.641644
137	1	<|endoftext|>	0.0
137	2	I	5.770357
137	3	Ġknow	5.545684
137	4	Ġthat	2.749692
137	5	Ġthe	4.424222
137	6	Ġhe	14.635691
137	7	i	4.902154
137	8	ress	0.078768
137	9	Ġbelieved	15.657972
137	10	Ġher	3.747796
137	11	Ġfriend	8.60229
137	12	Ġsaid	11.46204
137	13	Ġshe	2.57251
137	14	Ġknew	6.13562
137	15	Ġcould	14.369294
137	16	Ġintroduce	13.813359
137	17	Ġher	3.102022
137	18	Ġfriend	5.063001
137	19	Ġto	1.047929
137	20	Ġthe	2.842961
137	21	Ġregular	13.632337
137	22	Ġcustomer	9.302906
137	23	.	1.894408
137	24	<|endoftext|>	9.554382
138	1	<|endoftext|>	0.0
138	2	I	5.770357
138	3	Ġknow	5.545684
138	4	Ġthat	2.749692
138	5	Ġthe	4.424222
138	6	Ġhe	14.635691
138	7	i	4.902154
138	8	ress	0.078768
138	9	Ġbelieved	15.657972
138	10	Ġher	3.747796
138	11	Ġfriend	8.60229
138	12	Ġsaid	11.46204
138	13	Ġshe	2.57251
138	14	Ġknew	6.13562
138	15	Ġthe	3.792256
138	16	Ġhost	11.085933
138	17	ess	2.464084
138	18	Ġcould	8.965245
138	19	Ġintroduce	12.357491
138	20	Ġher	2.642485
138	21	Ġfriend	5.963319
138	22	Ġto	1.009263
138	23	Ġthe	2.27433
138	24	Ġregular	13.124703
138	25	Ġcustomer	8.310001
138	26	.	1.930508
138	27	<|endoftext|>	9.841345
139	1	<|endoftext|>	0.0
139	2	I	5.770357
139	3	Ġknow	5.545684
139	4	Ġwho	8.366485
139	5	Ġthe	5.844156
139	6	Ġhe	13.466433
139	7	i	2.55336
139	8	ress	0.014537
139	9	Ġbelieved	17.873352
139	10	Ġher	6.892691
139	11	Ġfriend	8.298796
139	12	Ġsaid	10.780626
139	13	Ġshe	2.622922
139	14	Ġknew	6.185822
139	15	Ġcould	13.217149
139	16	Ġintroduce	14.583673
139	17	Ġher	3.122461
139	18	Ġfriend	5.489731
139	19	Ġto	0.935528
139	20	Ġthe	2.822898
139	21	Ġregular	13.746405
139	22	Ġcustomer	9.465375
139	23	.	1.510788
139	24	<|endoftext|>	8.445243
140	1	<|endoftext|>	0.0
140	2	I	5.770357
140	3	Ġknow	5.545684
140	4	Ġwho	8.366485
140	5	Ġthe	5.844156
140	6	Ġhe	13.466433
140	7	i	2.55336
140	8	ress	0.014537
140	9	Ġbelieved	17.873352
140	10	Ġher	6.892691
140	11	Ġfriend	8.298796
140	12	Ġsaid	10.780626
140	13	Ġshe	2.622922
140	14	Ġknew	6.185822
140	15	Ġthe	5.377558
140	16	Ġhost	11.683679
140	17	ess	2.180885
140	18	Ġcould	9.901085
140	19	Ġintroduce	12.657081
140	20	Ġher	2.746816
140	21	Ġfriend	6.088323
140	22	Ġto	0.965835
140	23	Ġthe	2.470878
140	24	Ġregular	12.989149
140	25	Ġcustomer	8.358795
140	26	.	1.65799
140	27	<|endoftext|>	8.641644
141	1	<|endoftext|>	0.0
141	2	She	9.588393
141	3	Ġknows	8.547399
141	4	Ġthat	3.373155
141	5	Ġcould	11.987143
141	6	Ġcongratulate	24.125853
141	7	Ġthe	4.632686
141	8	Ġwriter	10.505344
141	9	Ġafter	8.070827
141	10	Ġthe	3.332115
141	11	Ġceremony	11.55649
141	12	.	1.706501
141	13	<|endoftext|>	6.292408
142	1	<|endoftext|>	0.0
142	2	She	9.588393
142	3	Ġknows	8.547399
142	4	Ġthat	3.373149
142	5	Ġthe	4.09474
142	6	Ġman	7.410179
142	7	Ġcould	8.15192
142	8	Ġcongratulate	19.423843
142	9	Ġthe	5.437981
142	10	Ġwriter	10.93414
142	11	Ġafter	7.38984
142	12	Ġthe	2.877353
142	13	Ġceremony	9.855763
142	14	.	1.936558
142	15	<|endoftext|>	7.258731
143	1	<|endoftext|>	0.0
143	2	She	9.588393
143	3	Ġknows	8.547399
143	4	Ġwho	6.179725
143	5	Ġcould	10.608516
143	6	Ġcongratulate	18.260658
143	7	Ġthe	5.29028
143	8	Ġwriter	10.293292
143	9	Ġafter	7.332819
143	10	Ġthe	3.272033
143	11	Ġceremony	11.2067
143	12	.	1.581841
143	13	<|endoftext|>	6.897714
144	1	<|endoftext|>	0.0
144	2	She	9.588393
144	3	Ġknows	8.547399
144	4	Ġwho	6.179697
144	5	Ġthe	4.654339
144	6	Ġman	3.863633
144	7	Ġcould	10.347287
144	8	Ġcongratulate	21.3768
144	9	Ġthe	7.112887
144	10	Ġwriter	11.123473
144	11	Ġafter	7.886399
144	12	Ġthe	3.15839
144	13	Ġceremony	9.863909
144	14	.	1.302606
144	15	<|endoftext|>	6.880685
145	1	<|endoftext|>	0.0
145	2	She	9.588382
145	3	Ġknows	8.547404
145	4	Ġthat	3.373128
145	5	Ġthe	4.094763
145	6	Ġwoman	8.805995
145	7	Ġsaid	9.216783
145	8	Ġcould	13.144051
145	9	Ġcongratulate	19.272961
145	10	Ġthe	4.427249
145	11	Ġwriter	10.914188
145	12	Ġafter	7.251482
145	13	Ġthe	2.842959
145	14	Ġceremony	10.0131
145	15	.	1.394928
145	16	<|endoftext|>	6.041076
146	1	<|endoftext|>	0.0
146	2	She	9.588377
146	3	Ġknows	8.547394
146	4	Ġthat	3.373129
146	5	Ġthe	4.094771
146	6	Ġwoman	8.80601
146	7	Ġsaid	9.216777
146	8	Ġthe	3.899542
146	9	Ġman	4.905837
146	10	Ġcould	7.082654
146	11	Ġcongratulate	19.084732
146	12	Ġthe	5.573694
146	13	Ġwriter	11.574369
146	14	Ġafter	6.928806
146	15	Ġthe	2.769073
146	16	Ġceremony	9.033231
146	17	.	1.393559
146	18	<|endoftext|>	6.51357
147	1	<|endoftext|>	0.0
147	2	She	9.588382
147	3	Ġknows	8.547404
147	4	Ġwho	6.179819
147	5	Ġthe	4.654308
147	6	Ġwoman	6.507506
147	7	Ġsaid	9.394576
147	8	Ġcould	10.748142
147	9	Ġcongratulate	18.459575
147	10	Ġthe	4.939583
147	11	Ġwriter	11.098954
147	12	Ġafter	7.459424
147	13	Ġthe	2.721326
147	14	Ġceremony	9.864561
147	15	.	1.049821
147	16	<|endoftext|>	5.921308
148	1	<|endoftext|>	0.0
148	2	She	9.588377
148	3	Ġknows	8.547394
148	4	Ġwho	6.17982
148	5	Ġthe	4.654325
148	6	Ġwoman	6.507522
148	7	Ġsaid	9.394554
148	8	Ġthe	6.652292
148	9	Ġman	2.870943
148	10	Ġcould	9.873441
148	11	Ġcongratulate	19.455612
148	12	Ġthe	7.162894
148	13	Ġwriter	11.752846
148	14	Ġafter	8.105434
148	15	Ġthe	2.910667
148	16	Ġceremony	9.021358
148	17	.	0.976372
148	18	<|endoftext|>	5.837987
149	1	<|endoftext|>	0.0
149	2	She	9.588377
149	3	Ġknows	8.547394
149	4	Ġthat	3.373129
149	5	Ġthe	4.094771
149	6	Ġwoman	8.80601
149	7	Ġsaid	9.216777
149	8	Ġher	5.901354
149	9	Ġfriend	7.548801
149	10	Ġbelieved	10.575997
149	11	Ġcould	15.068381
149	12	Ġcongratulate	19.771877
149	13	Ġthe	4.613645
149	14	Ġwriter	10.727474
149	15	Ġafter	6.599098
149	16	Ġthe	2.749255
149	17	Ġceremony	10.794513
149	18	.	1.169747
149	19	<|endoftext|>	6.300902
150	1	<|endoftext|>	0.0
150	2	She	9.588377
150	3	Ġknows	8.547394
150	4	Ġthat	3.373129
150	5	Ġthe	4.094771
150	6	Ġwoman	8.80601
150	7	Ġsaid	9.216777
150	8	Ġher	5.901354
150	9	Ġfriend	7.548801
150	10	Ġbelieved	10.575997
150	11	Ġthe	3.227664
150	12	Ġman	2.616181
150	13	Ġcould	7.013477
150	14	Ġcongratulate	19.800459
150	15	Ġthe	5.422441
150	16	Ġwriter	11.635174
150	17	Ġafter	6.42134
150	18	Ġthe	2.766654
150	19	Ġceremony	10.109852
150	20	.	1.092629
150	21	<|endoftext|>	6.478924
151	1	<|endoftext|>	0.0
151	2	She	9.588377
151	3	Ġknows	8.547394
151	4	Ġwho	6.17982
151	5	Ġthe	4.654325
151	6	Ġwoman	6.507522
151	7	Ġsaid	9.394554
151	8	Ġher	7.002212
151	9	Ġfriend	6.719364
151	10	Ġbelieved	12.198919
151	11	Ġcould	8.690431
151	12	Ġcongratulate	20.883907
151	13	Ġthe	4.940666
151	14	Ġwriter	11.158223
151	15	Ġafter	7.138253
151	16	Ġthe	2.698716
151	17	Ġceremony	10.922154
151	18	.	0.894704
151	19	<|endoftext|>	6.21106
152	1	<|endoftext|>	0.0
152	2	She	9.588377
152	3	Ġknows	8.547394
152	4	Ġwho	6.17982
152	5	Ġthe	4.654325
152	6	Ġwoman	6.507522
152	7	Ġsaid	9.394554
152	8	Ġher	7.002212
152	9	Ġfriend	6.719364
152	10	Ġbelieved	12.198919
152	11	Ġthe	8.330549
152	12	Ġman	2.692589
152	13	Ġcould	8.353329
152	14	Ġcongratulate	21.766562
152	15	Ġthe	6.027561
152	16	Ġwriter	11.889119
152	17	Ġafter	7.157143
152	18	Ġthe	2.843397
152	19	Ġceremony	10.219783
152	20	.	0.846303
152	21	<|endoftext|>	6.165145
153	1	<|endoftext|>	0.0
153	2	She	9.588377
153	3	Ġknows	8.547394
153	4	Ġthat	3.373129
153	5	Ġthe	4.094771
153	6	Ġwoman	8.80601
153	7	Ġsaid	9.216777
153	8	Ġher	5.901354
153	9	Ġfriend	7.548801
153	10	Ġbelieved	10.575997
153	11	Ġshe	2.378879
153	12	Ġknew	6.772968
153	13	Ġcould	13.976626
153	14	Ġcongratulate	20.997937
153	15	Ġthe	4.376886
153	16	Ġwriter	10.55338
153	17	Ġafter	6.466944
153	18	Ġthe	2.805531
153	19	Ġceremony	11.106042
153	20	.	1.129286
153	21	<|endoftext|>	6.527715
154	1	<|endoftext|>	0.0
154	2	She	9.588377
154	3	Ġknows	8.547394
154	4	Ġthat	3.373129
154	5	Ġthe	4.094771
154	6	Ġwoman	8.80601
154	7	Ġsaid	9.216777
154	8	Ġher	5.901354
154	9	Ġfriend	7.548801
154	10	Ġbelieved	10.575997
154	11	Ġshe	2.378879
154	12	Ġknew	6.772968
154	13	Ġthe	3.119044
154	14	Ġman	2.208004
154	15	Ġcould	11.103151
154	16	Ġcongratulate	20.951015
154	17	Ġthe	5.224364
154	18	Ġwriter	11.453423
154	19	Ġafter	6.606793
154	20	Ġthe	2.815024
154	21	Ġceremony	9.981242
154	22	.	1.036975
154	23	<|endoftext|>	6.575667
155	1	<|endoftext|>	0.0
155	2	She	9.588377
155	3	Ġknows	8.547394
155	4	Ġwho	6.17982
155	5	Ġthe	4.654325
155	6	Ġwoman	6.507522
155	7	Ġsaid	9.394554
155	8	Ġher	7.002212
155	9	Ġfriend	6.719364
155	10	Ġbelieved	12.198919
155	11	Ġshe	4.767883
155	12	Ġknew	8.11786
155	13	Ġcould	12.884466
155	14	Ġcongratulate	21.281444
155	15	Ġthe	4.590802
155	16	Ġwriter	10.859363
155	17	Ġafter	6.995912
155	18	Ġthe	2.811038
155	19	Ġceremony	11.421388
155	20	.	0.89863
155	21	<|endoftext|>	6.271111
156	1	<|endoftext|>	0.0
156	2	She	9.588377
156	3	Ġknows	8.547394
156	4	Ġwho	6.17982
156	5	Ġthe	4.654325
156	6	Ġwoman	6.507522
156	7	Ġsaid	9.394554
156	8	Ġher	7.002212
156	9	Ġfriend	6.719364
156	10	Ġbelieved	12.198919
156	11	Ġshe	4.767883
156	12	Ġknew	8.11786
156	13	Ġthe	7.229588
156	14	Ġman	2.199369
156	15	Ġcould	10.263377
156	16	Ġcongratulate	21.755265
156	17	Ġthe	5.726745
156	18	Ġwriter	11.615269
156	19	Ġafter	7.150289
156	20	Ġthe	2.879103
156	21	Ġceremony	10.298895
156	22	.	0.847948
156	23	<|endoftext|>	6.167967
157	1	<|endoftext|>	0.0
157	2	She	9.588377
157	3	Ġknows	8.547394
157	4	Ġthat	3.373129
157	5	Ġthe	4.094771
157	6	Ġwoman	8.80601
157	7	Ġsaid	9.216777
157	8	Ġher	5.901354
157	9	Ġfriend	7.548801
157	10	Ġbelieved	10.575997
157	11	Ġshe	2.378879
157	12	Ġknew	6.772968
157	13	Ġcould	13.976626
157	14	Ġcongratulate	20.997937
157	15	Ġthe	4.376886
157	16	Ġwriter	10.55338
157	17	Ġafter	6.466944
157	18	Ġthe	2.805531
157	19	Ġceremony	11.106042
157	20	.	1.129286
157	21	<|endoftext|>	6.527715
158	1	<|endoftext|>	0.0
158	2	She	9.588377
158	3	Ġknows	8.547394
158	4	Ġthat	3.373129
158	5	Ġthe	4.094771
158	6	Ġwoman	8.80601
158	7	Ġsaid	9.216777
158	8	Ġher	5.901354
158	9	Ġfriend	7.548801
158	10	Ġbelieved	10.575997
158	11	Ġshe	2.378879
158	12	Ġknew	6.772968
158	13	Ġthe	3.119044
158	14	Ġman	2.208004
158	15	Ġcould	11.103151
158	16	Ġcongratulate	20.951015
158	17	Ġthe	5.224364
158	18	Ġwriter	11.453423
158	19	Ġafter	6.606793
158	20	Ġthe	2.815024
158	21	Ġceremony	9.981242
158	22	.	1.036975
158	23	<|endoftext|>	6.575667
159	1	<|endoftext|>	0.0
159	2	She	9.588377
159	3	Ġknows	8.547394
159	4	Ġwho	6.17982
159	5	Ġthe	4.654325
159	6	Ġwoman	6.507522
159	7	Ġsaid	9.394554
159	8	Ġher	7.002212
159	9	Ġfriend	6.719364
159	10	Ġbelieved	12.198919
159	11	Ġshe	4.767883
159	12	Ġknew	8.11786
159	13	Ġcould	12.884466
159	14	Ġcongratulate	21.281444
159	15	Ġthe	4.590802
159	16	Ġwriter	10.859363
159	17	Ġafter	6.995912
159	18	Ġthe	2.811038
159	19	Ġceremony	11.421388
159	20	.	0.89863
159	21	<|endoftext|>	6.271111
160	1	<|endoftext|>	0.0
160	2	She	9.588377
160	3	Ġknows	8.547394
160	4	Ġwho	6.17982
160	5	Ġthe	4.654325
160	6	Ġwoman	6.507522
160	7	Ġsaid	9.394554
160	8	Ġher	7.002212
160	9	Ġfriend	6.719364
160	10	Ġbelieved	12.198919
160	11	Ġshe	4.767883
160	12	Ġknew	8.11786
160	13	Ġthe	7.229588
160	14	Ġman	2.199369
160	15	Ġcould	10.263377
160	16	Ġcongratulate	21.755265
160	17	Ġthe	5.726745
160	18	Ġwriter	11.615269
160	19	Ġafter	7.150289
160	20	Ġthe	2.879103
160	21	Ġceremony	10.298895
160	22	.	0.847948
160	23	<|endoftext|>	6.167967
161	1	<|endoftext|>	0.0
161	2	He	8.582737
161	3	Ġknows	8.734376
161	4	Ġthat	2.922574
161	5	Ġshould	12.249785
161	6	Ġsupport	12.456361
161	7	Ġthe	3.435079
161	8	Ġprincipal	14.328443
161	9	Ġduring	10.584194
161	10	Ġthe	1.712889
161	11	Ġtown	14.931242
161	12	Ġmeeting	4.228523
161	13	.	1.883116
161	14	<|endoftext|>	6.173803
162	1	<|endoftext|>	0.0
162	2	He	8.582738
162	3	Ġknows	8.734333
162	4	Ġthat	2.922582
162	5	Ġthe	3.684004
162	6	Ġmayor	11.672102
162	7	Ġshould	7.437648
162	8	Ġsupport	7.834697
162	9	Ġthe	2.178837
162	10	Ġprincipal	14.524605
162	11	Ġduring	9.059541
162	12	Ġthe	1.587468
162	13	Ġtown	10.416052
162	14	Ġmeeting	4.344658
162	15	.	1.704176
162	16	<|endoftext|>	6.596384
163	1	<|endoftext|>	0.0
163	2	He	8.582737
163	3	Ġknows	8.734376
163	4	Ġwho	6.314424
163	5	Ġshould	9.615439
163	6	Ġsupport	10.153801
163	7	Ġthe	4.165671
163	8	Ġprincipal	14.509033
163	9	Ġduring	8.564115
163	10	Ġthe	1.440582
163	11	Ġtown	13.429864
163	12	Ġmeeting	4.480854
163	13	.	1.355636
163	14	<|endoftext|>	7.029776
164	1	<|endoftext|>	0.0
164	2	He	8.582738
164	3	Ġknows	8.734333
164	4	Ġwho	6.31441
164	5	Ġthe	4.333641
164	6	Ġmayor	9.760361
164	7	Ġshould	7.499336
164	8	Ġsupport	9.642222
164	9	Ġthe	7.737011
164	10	Ġprincipal	13.439154
164	11	Ġduring	8.780801
164	12	Ġthe	1.647098
164	13	Ġtown	10.013508
164	14	Ġmeeting	4.67544
164	15	.	1.39477
164	16	<|endoftext|>	6.445892
165	1	<|endoftext|>	0.0
165	2	He	8.582732
165	3	Ġknows	8.734344
165	4	Ġthat	2.922593
165	5	Ġthe	3.684015
165	6	Ġpolitician	13.645481
165	7	Ġbelieved	12.643083
165	8	Ġshould	13.671424
165	9	Ġsupport	10.779994
165	10	Ġthe	2.447173
165	11	Ġprincipal	14.858731
165	12	Ġduring	9.511844
165	13	Ġthe	1.257635
165	14	Ġtown	14.356875
165	15	Ġmeeting	4.643175
165	16	.	1.81922
165	17	<|endoftext|>	7.143174
166	1	<|endoftext|>	0.0
166	2	He	8.582732
166	3	Ġknows	8.734344
166	4	Ġthat	2.922593
166	5	Ġthe	3.684015
166	6	Ġpolitician	13.645481
166	7	Ġbelieved	12.643083
166	8	Ġthe	4.314776
166	9	Ġmayor	10.629586
166	10	Ġshould	5.120256
166	11	Ġsupport	8.593497
166	12	Ġthe	2.045846
166	13	Ġprincipal	14.667794
166	14	Ġduring	8.677947
166	15	Ġthe	1.485571
166	16	Ġtown	10.087831
166	17	Ġmeeting	4.441793
166	18	.	1.527158
166	19	<|endoftext|>	7.348471
167	1	<|endoftext|>	0.0
167	2	He	8.582732
167	3	Ġknows	8.734344
167	4	Ġwho	6.31441
167	5	Ġthe	4.333633
167	6	Ġpolitician	11.178933
167	7	Ġbelieved	12.949937
167	8	Ġshould	10.178649
167	9	Ġsupport	10.175418
167	10	Ġthe	3.54618
167	11	Ġprincipal	15.537837
167	12	Ġduring	8.257325
167	13	Ġthe	1.177821
167	14	Ġtown	13.460506
167	15	Ġmeeting	5.495043
167	16	.	1.215579
167	17	<|endoftext|>	6.692593
168	1	<|endoftext|>	0.0
168	2	He	8.582732
168	3	Ġknows	8.734344
168	4	Ġwho	6.31441
168	5	Ġthe	4.333633
168	6	Ġpolitician	11.178933
168	7	Ġbelieved	12.949937
168	8	Ġthe	7.887741
168	9	Ġmayor	8.976146
168	10	Ġshould	5.701199
168	11	Ġsupport	8.906873
168	12	Ġthe	7.698289
168	13	Ġprincipal	14.545202
168	14	Ġduring	8.20311
168	15	Ġthe	1.500823
168	16	Ġtown	9.647636
168	17	Ġmeeting	5.279881
168	18	.	1.18219
168	19	<|endoftext|>	6.759938
169	1	<|endoftext|>	0.0
169	2	He	8.582732
169	3	Ġknows	8.734344
169	4	Ġthat	2.922593
169	5	Ġthe	3.684015
169	6	Ġpolitician	13.645481
169	7	Ġbelieved	12.643083
169	8	Ġthe	4.314776
169	9	Ġdonors	15.472738
169	10	Ġsaid	9.868736
169	11	Ġshould	13.470265
169	12	Ġsupport	8.488563
169	13	Ġthe	2.603178
169	14	Ġprincipal	14.993907
169	15	Ġduring	9.14899
169	16	Ġthe	0.981274
169	17	Ġtown	14.147579
169	18	Ġmeeting	5.416748
169	19	.	1.183848
169	20	<|endoftext|>	6.262583
170	1	<|endoftext|>	0.0
170	2	He	8.582732
170	3	Ġknows	8.734344
170	4	Ġthat	2.922593
170	5	Ġthe	3.684015
170	6	Ġpolitician	13.645481
170	7	Ġbelieved	12.643083
170	8	Ġthe	4.314776
170	9	Ġdonors	15.472738
170	10	Ġsaid	9.868736
170	11	Ġthe	3.47164
170	12	Ġmayor	11.869172
170	13	Ġshould	4.250387
170	14	Ġsupport	7.40972
170	15	Ġthe	2.091584
170	16	Ġprincipal	14.230941
170	17	Ġduring	8.442117
170	18	Ġthe	1.320131
170	19	Ġtown	10.27135
170	20	Ġmeeting	4.688388
170	21	.	1.219434
170	22	<|endoftext|>	6.491022
171	1	<|endoftext|>	0.0
171	2	He	8.582732
171	3	Ġknows	8.734344
171	4	Ġwho	6.31441
171	5	Ġthe	4.333633
171	6	Ġpolitician	11.178933
171	7	Ġbelieved	12.949937
171	8	Ġthe	7.887741
171	9	Ġdonors	13.582474
171	10	Ġsaid	9.463087
171	11	Ġshould	8.790943
171	12	Ġsupport	7.328425
171	13	Ġthe	3.341238
171	14	Ġprincipal	15.37117
171	15	Ġduring	8.671886
171	16	Ġthe	1.000097
171	17	Ġtown	13.51402
171	18	Ġmeeting	6.167865
171	19	.	0.884701
171	20	<|endoftext|>	5.592605
172	1	<|endoftext|>	0.0
172	2	He	8.582732
172	3	Ġknows	8.734344
172	4	Ġwho	6.31441
172	5	Ġthe	4.333633
172	6	Ġpolitician	11.178933
172	7	Ġbelieved	12.949937
172	8	Ġthe	7.887741
172	9	Ġdonors	13.582474
172	10	Ġsaid	9.463087
172	11	Ġthe	5.994675
172	12	Ġmayor	10.743037
172	13	Ġshould	4.215106
172	14	Ġsupport	5.179643
172	15	Ġthe	7.125012
172	16	Ġprincipal	14.637701
172	17	Ġduring	8.217791
172	18	Ġthe	1.402568
172	19	Ġtown	9.848657
172	20	Ġmeeting	5.29255
172	21	.	0.89162
172	22	<|endoftext|>	5.608359
173	1	<|endoftext|>	0.0
173	2	He	8.582732
173	3	Ġknows	8.734344
173	4	Ġthat	2.922593
173	5	Ġthe	3.684015
173	6	Ġpolitician	13.645481
173	7	Ġbelieved	12.643083
173	8	Ġthe	4.314776
173	9	Ġdonors	15.472738
173	10	Ġsaid	9.868736
173	11	Ġthey	2.737029
173	12	Ġknew	5.819049
173	13	Ġshould	13.837412
173	14	Ġsupport	8.000956
173	15	Ġthe	2.435037
173	16	Ġprincipal	14.762915
173	17	Ġduring	8.671812
173	18	Ġthe	0.941688
173	19	Ġtown	14.276852
173	20	Ġmeeting	4.927728
173	21	.	1.180233
173	22	<|endoftext|>	6.457477
174	1	<|endoftext|>	0.0
174	2	He	8.582732
174	3	Ġknows	8.734344
174	4	Ġthat	2.922593
174	5	Ġthe	3.684015
174	6	Ġpolitician	13.645481
174	7	Ġbelieved	12.643083
174	8	Ġthe	4.314776
174	9	Ġdonors	15.472738
174	10	Ġsaid	9.868736
174	11	Ġthey	2.737029
174	12	Ġknew	5.819049
174	13	Ġthe	3.73553
174	14	Ġmayor	9.903896
174	15	Ġshould	9.903874
174	16	Ġsupport	7.055008
174	17	Ġthe	2.373147
174	18	Ġprincipal	14.275939
174	19	Ġduring	8.358263
174	20	Ġthe	1.3021
174	21	Ġtown	10.413491
174	22	Ġmeeting	4.56452
174	23	.	1.235465
174	24	<|endoftext|>	6.76807
175	1	<|endoftext|>	0.0
175	2	He	8.582732
175	3	Ġknows	8.734344
175	4	Ġwho	6.31441
175	5	Ġthe	4.333633
175	6	Ġpolitician	11.178933
175	7	Ġbelieved	12.949937
175	8	Ġthe	7.887741
175	9	Ġdonors	13.582474
175	10	Ġsaid	9.463087
175	11	Ġthey	2.039878
175	12	Ġknew	5.36674
175	13	Ġshould	12.030614
175	14	Ġsupport	7.931975
175	15	Ġthe	3.26506
175	16	Ġprincipal	15.020683
175	17	Ġduring	8.347067
175	18	Ġthe	1.023041
175	19	Ġtown	13.632393
175	20	Ġmeeting	5.727672
175	21	.	0.890541
175	22	<|endoftext|>	5.671734
176	1	<|endoftext|>	0.0
176	2	He	8.582732
176	3	Ġknows	8.734344
176	4	Ġwho	6.31441
176	5	Ġthe	4.333633
176	6	Ġpolitician	11.178933
176	7	Ġbelieved	12.949937
176	8	Ġthe	7.887741
176	9	Ġdonors	13.582474
176	10	Ġsaid	9.463087
176	11	Ġthey	2.039878
176	12	Ġknew	5.36674
176	13	Ġthe	6.940677
176	14	Ġmayor	8.675057
176	15	Ġshould	8.148737
176	16	Ġsupport	5.451108
176	17	Ġthe	6.188666
176	18	Ġprincipal	14.625692
176	19	Ġduring	8.184293
176	20	Ġthe	1.438558
176	21	Ġtown	10.01238
176	22	Ġmeeting	5.190531
176	23	.	0.915845
176	24	<|endoftext|>	5.957902
177	1	<|endoftext|>	0.0
177	2	He	8.582732
177	3	Ġknows	8.734344
177	4	Ġthat	2.922593
177	5	Ġthe	3.684015
177	6	Ġpolitician	13.645481
177	7	Ġbelieved	12.643083
177	8	Ġthe	4.314776
177	9	Ġdonors	15.472738
177	10	Ġsaid	9.868736
177	11	Ġthey	2.737029
177	12	Ġknew	5.819049
177	13	Ġshould	13.837412
177	14	Ġsupport	8.000956
177	15	Ġthe	2.435037
177	16	Ġprincipal	14.762915
177	17	Ġduring	8.671812
177	18	Ġthe	0.941688
177	19	Ġtown	14.276852
177	20	Ġmeeting	4.927728
177	21	.	1.180233
177	22	<|endoftext|>	6.457477
178	1	<|endoftext|>	0.0
178	2	He	8.582732
178	3	Ġknows	8.734344
178	4	Ġthat	2.922593
178	5	Ġthe	3.684015
178	6	Ġpolitician	13.645481
178	7	Ġbelieved	12.643083
178	8	Ġthe	4.314776
178	9	Ġdonors	15.472738
178	10	Ġsaid	9.868736
178	11	Ġthey	2.737029
178	12	Ġknew	5.819049
178	13	Ġthe	3.73553
178	14	Ġmayor	9.903896
178	15	Ġshould	9.903874
178	16	Ġsupport	7.055008
178	17	Ġthe	2.373147
178	18	Ġprincipal	14.275939
178	19	Ġduring	8.358263
178	20	Ġthe	1.3021
178	21	Ġtown	10.413491
178	22	Ġmeeting	4.56452
178	23	.	1.235465
178	24	<|endoftext|>	6.76807
179	1	<|endoftext|>	0.0
179	2	He	8.582732
179	3	Ġknows	8.734344
179	4	Ġwho	6.31441
179	5	Ġthe	4.333633
179	6	Ġpolitician	11.178933
179	7	Ġbelieved	12.949937
179	8	Ġthe	7.887741
179	9	Ġdonors	13.582474
179	10	Ġsaid	9.463087
179	11	Ġthey	2.039878
179	12	Ġknew	5.36674
179	13	Ġshould	12.030614
179	14	Ġsupport	7.931975
179	15	Ġthe	3.26506
179	16	Ġprincipal	15.020683
179	17	Ġduring	8.347067
179	18	Ġthe	1.023041
179	19	Ġtown	13.632393
179	20	Ġmeeting	5.727672
179	21	.	0.890541
179	22	<|endoftext|>	5.671734
180	1	<|endoftext|>	0.0
180	2	He	8.582732
180	3	Ġknows	8.734344
180	4	Ġwho	6.31441
180	5	Ġthe	4.333633
180	6	Ġpolitician	11.178933
180	7	Ġbelieved	12.949937
180	8	Ġthe	7.887741
180	9	Ġdonors	13.582474
180	10	Ġsaid	9.463087
180	11	Ġthey	2.039878
180	12	Ġknew	5.36674
180	13	Ġthe	6.940677
180	14	Ġmayor	8.675057
180	15	Ġshould	8.148737
180	16	Ġsupport	5.451108
180	17	Ġthe	6.188666
180	18	Ġprincipal	14.625692
180	19	Ġduring	8.184293
180	20	Ġthe	1.438558
180	21	Ġtown	10.01238
180	22	Ġmeeting	5.190531
180	23	.	0.915845
180	24	<|endoftext|>	5.957902
181	1	<|endoftext|>	0.0
181	2	You	7.682203
181	3	Ġknow	4.524784
181	4	Ġthat	3.787021
181	5	Ġdid	14.531095
181	6	Ġgreet	22.857595
181	7	Ġthe	4.951807
181	8	Ġteacher	11.315632
181	9	Ġon	5.839756
181	10	Ġthe	1.493417
181	11	Ġsidewalk	7.709692
181	12	.	4.027292
181	13	<|endoftext|>	9.307658
182	1	<|endoftext|>	0.0
182	2	You	7.682203
182	3	Ġknow	4.524784
182	4	Ġthat	3.787013
182	5	Ġthe	7.61201
182	6	Ġfirefighter	15.975027
182	7	Ġdid	9.69843
182	8	Ġgreet	18.492728
182	9	Ġthe	2.383306
182	10	Ġteacher	9.991361
182	11	Ġon	5.326793
182	12	Ġthe	0.936526
182	13	Ġsidewalk	7.167569
182	14	.	4.16608
182	15	<|endoftext|>	10.068919
183	1	<|endoftext|>	0.0
183	2	You	7.682203
183	3	Ġknow	4.524784
183	4	Ġwho	5.05256
183	5	Ġdid	8.243078
183	6	Ġgreet	19.8293
183	7	Ġthe	3.242216
183	8	Ġteacher	12.270204
183	9	Ġon	5.189052
183	10	Ġthe	1.468804
183	11	Ġsidewalk	7.162361
183	12	.	6.559043
183	13	<|endoftext|>	8.678097
184	1	<|endoftext|>	0.0
184	2	You	7.682203
184	3	Ġknow	4.524784
184	4	Ġwho	5.052563
184	5	Ġthe	6.464221
184	6	Ġfirefighter	17.491465
184	7	Ġdid	9.920265
184	8	Ġgreet	18.682649
184	9	Ġthe	2.87483
184	10	Ġteacher	10.607755
184	11	Ġon	5.331647
184	12	Ġthe	1.17027
184	13	Ġsidewalk	7.405898
184	14	.	5.350296
184	15	<|endoftext|>	8.540749
185	1	<|endoftext|>	0.0
185	2	You	7.682215
185	3	Ġknow	4.524781
185	4	Ġthat	3.786978
185	5	Ġthe	7.611987
185	6	Ġwoman	10.626934
185	7	Ġreported	13.719027
185	8	Ġdid	13.483024
185	9	Ġgreet	19.442317
185	10	Ġthe	3.11277
185	11	Ġteacher	10.400575
185	12	Ġon	5.535317
185	13	Ġthe	1.136543
185	14	Ġsidewalk	6.435113
185	15	.	3.967668
185	16	<|endoftext|>	10.190369
186	1	<|endoftext|>	0.0
186	2	You	7.68222
186	3	Ġknow	4.524771
186	4	Ġthat	3.786982
186	5	Ġthe	7.611992
186	6	Ġwoman	10.626929
186	7	Ġreported	13.719012
186	8	Ġthe	3.427479
186	9	Ġfirefighter	14.754526
186	10	Ġdid	9.436629
186	11	Ġgreet	21.12696
186	12	Ġthe	3.663614
186	13	Ġteacher	11.485711
186	14	Ġon	5.088835
186	15	Ġthe	0.991683
186	16	Ġsidewalk	5.82479
186	17	.	4.163672
186	18	<|endoftext|>	10.350612
187	1	<|endoftext|>	0.0
187	2	You	7.682215
187	3	Ġknow	4.524781
187	4	Ġwho	5.052583
187	5	Ġthe	6.4642
187	6	Ġwoman	9.545111
187	7	Ġreported	13.568679
187	8	Ġdid	12.148798
187	9	Ġgreet	19.692436
187	10	Ġthe	3.206384
187	11	Ġteacher	10.654395
187	12	Ġon	5.289202
187	13	Ġthe	1.258424
187	14	Ġsidewalk	6.220626
187	15	.	5.155218
187	16	<|endoftext|>	8.442866
188	1	<|endoftext|>	0.0
188	2	You	7.68222
188	3	Ġknow	4.524771
188	4	Ġwho	5.052576
188	5	Ġthe	6.464205
188	6	Ġwoman	9.5451
188	7	Ġreported	13.568663
188	8	Ġthe	3.10847
188	9	Ġfirefighter	15.50649
188	10	Ġdid	8.734903
188	11	Ġgreet	21.119154
188	12	Ġthe	3.586116
188	13	Ġteacher	11.054342
188	14	Ġon	5.029988
188	15	Ġthe	1.010445
188	16	Ġsidewalk	5.856141
188	17	.	4.771434
188	18	<|endoftext|>	8.15601
189	1	<|endoftext|>	0.0
189	2	You	7.68222
189	3	Ġknow	4.524771
189	4	Ġthat	3.786982
189	5	Ġthe	7.611992
189	6	Ġwoman	10.626929
189	7	Ġreported	13.719012
189	8	Ġthe	3.427479
189	9	Ġneighbors	14.344344
189	10	Ġbelieved	14.206591
189	11	Ġdid	13.258883
189	12	Ġgreet	19.480762
189	13	Ġthe	3.748499
189	14	Ġteacher	12.260512
189	15	Ġon	5.415202
189	16	Ġthe	1.467665
189	17	Ġsidewalk	5.195203
189	18	.	3.729893
189	19	<|endoftext|>	10.225977
190	1	<|endoftext|>	0.0
190	2	You	7.68222
190	3	Ġknow	4.524771
190	4	Ġthat	3.786982
190	5	Ġthe	7.611992
190	6	Ġwoman	10.626929
190	7	Ġreported	13.719012
190	8	Ġthe	3.427479
190	9	Ġneighbors	14.344344
190	10	Ġbelieved	14.206591
190	11	Ġthe	3.019647
190	12	Ġfirefighter	12.584546
190	13	Ġdid	7.363805
190	14	Ġgreet	21.74622
190	15	Ġthe	3.330522
190	16	Ġteacher	12.813367
190	17	Ġon	5.062724
190	18	Ġthe	1.132376
190	19	Ġsidewalk	5.220304
190	20	.	3.456633
190	21	<|endoftext|>	10.262304
191	1	<|endoftext|>	0.0
191	2	You	7.68222
191	3	Ġknow	4.524771
191	4	Ġwho	5.052576
191	5	Ġthe	6.464205
191	6	Ġwoman	9.5451
191	7	Ġreported	13.568663
191	8	Ġthe	3.10847
191	9	Ġneighbors	14.705562
191	10	Ġbelieved	13.288497
191	11	Ġdid	8.607556
191	12	Ġgreet	18.499519
191	13	Ġthe	3.571578
191	14	Ġteacher	11.8595
191	15	Ġon	5.206655
191	16	Ġthe	1.448024
191	17	Ġsidewalk	5.086217
191	18	.	4.918691
191	19	<|endoftext|>	8.222588
192	1	<|endoftext|>	0.0
192	2	You	7.68222
192	3	Ġknow	4.524771
192	4	Ġwho	5.052576
192	5	Ġthe	6.464205
192	6	Ġwoman	9.5451
192	7	Ġreported	13.568663
192	8	Ġthe	3.10847
192	9	Ġneighbors	14.705562
192	10	Ġbelieved	13.288497
192	11	Ġthe	6.064061
192	12	Ġfirefighter	12.61364
192	13	Ġdid	7.143782
192	14	Ġgreet	21.308533
192	15	Ġthe	3.568744
192	16	Ġteacher	12.470703
192	17	Ġon	5.000521
192	18	Ġthe	1.106859
192	19	Ġsidewalk	5.158769
192	20	.	4.304282
192	21	<|endoftext|>	8.123808
193	1	<|endoftext|>	0.0
193	2	You	7.68222
193	3	Ġknow	4.524771
193	4	Ġthat	3.786982
193	5	Ġthe	7.611992
193	6	Ġwoman	10.626929
193	7	Ġreported	13.719012
193	8	Ġthe	3.427479
193	9	Ġneighbors	14.344344
193	10	Ġbelieved	14.206591
193	11	Ġthey	3.777295
193	12	Ġknew	6.021991
193	13	Ġdid	12.845124
193	14	Ġgreet	20.337511
193	15	Ġthe	3.408164
193	16	Ġteacher	11.841871
193	17	Ġon	5.654414
193	18	Ġthe	1.456091
193	19	Ġsidewalk	5.060428
193	20	.	3.256245
193	21	<|endoftext|>	10.126577
194	1	<|endoftext|>	0.0
194	2	You	7.68222
194	3	Ġknow	4.524771
194	4	Ġthat	3.786982
194	5	Ġthe	7.611992
194	6	Ġwoman	10.626929
194	7	Ġreported	13.719012
194	8	Ġthe	3.427479
194	9	Ġneighbors	14.344344
194	10	Ġbelieved	14.206591
194	11	Ġthey	3.777295
194	12	Ġknew	6.021991
194	13	Ġthe	2.825706
194	14	Ġfirefighter	14.194038
194	15	Ġdid	9.309151
194	16	Ġgreet	20.484951
194	17	Ġthe	3.26295
194	18	Ġteacher	12.107661
194	19	Ġon	4.921579
194	20	Ġthe	1.189759
194	21	Ġsidewalk	5.508759
194	22	.	3.016767
194	23	<|endoftext|>	10.120163
195	1	<|endoftext|>	0.0
195	2	You	7.68222
195	3	Ġknow	4.524771
195	4	Ġwho	5.052576
195	5	Ġthe	6.464205
195	6	Ġwoman	9.5451
195	7	Ġreported	13.568663
195	8	Ġthe	3.10847
195	9	Ġneighbors	14.705562
195	10	Ġbelieved	13.288497
195	11	Ġthey	5.533915
195	12	Ġknew	4.882861
195	13	Ġdid	10.580192
195	14	Ġgreet	19.272813
195	15	Ġthe	3.329925
195	16	Ġteacher	11.590489
195	17	Ġon	5.248481
195	18	Ġthe	1.43646
195	19	Ġsidewalk	4.93457
195	20	.	4.527616
195	21	<|endoftext|>	8.160191
196	1	<|endoftext|>	0.0
196	2	You	7.68222
196	3	Ġknow	4.524771
196	4	Ġwho	5.052576
196	5	Ġthe	6.464205
196	6	Ġwoman	9.5451
196	7	Ġreported	13.568663
196	8	Ġthe	3.10847
196	9	Ġneighbors	14.705562
196	10	Ġbelieved	13.288497
196	11	Ġthey	5.533915
196	12	Ġknew	4.882861
196	13	Ġthe	4.842939
196	14	Ġfirefighter	14.416285
196	15	Ġdid	8.921619
196	16	Ġgreet	20.177054
196	17	Ġthe	3.503853
196	18	Ġteacher	11.871844
196	19	Ġon	4.715807
196	20	Ġthe	1.17227
196	21	Ġsidewalk	5.50382
196	22	.	4.062702
196	23	<|endoftext|>	8.058657
197	1	<|endoftext|>	0.0
197	2	You	7.68222
197	3	Ġknow	4.524771
197	4	Ġthat	3.786982
197	5	Ġthe	7.611992
197	6	Ġwoman	10.626929
197	7	Ġreported	13.719012
197	8	Ġthe	3.427479
197	9	Ġneighbors	14.344344
197	10	Ġbelieved	14.206591
197	11	Ġthey	3.777295
197	12	Ġknew	6.021991
197	13	Ġdid	12.845124
197	14	Ġgreet	20.337511
197	15	Ġthe	3.408164
197	16	Ġteacher	11.841871
197	17	Ġon	5.654414
197	18	Ġthe	1.456091
197	19	Ġsidewalk	5.060428
197	20	.	3.256245
197	21	<|endoftext|>	10.126577
198	1	<|endoftext|>	0.0
198	2	You	7.68222
198	3	Ġknow	4.524771
198	4	Ġthat	3.786982
198	5	Ġthe	7.611992
198	6	Ġwoman	10.626929
198	7	Ġreported	13.719012
198	8	Ġthe	3.427479
198	9	Ġneighbors	14.344344
198	10	Ġbelieved	14.206591
198	11	Ġthey	3.777295
198	12	Ġknew	6.021991
198	13	Ġthe	2.825706
198	14	Ġfirefighter	14.194038
198	15	Ġdid	9.309151
198	16	Ġgreet	20.484951
198	17	Ġthe	3.26295
198	18	Ġteacher	12.107661
198	19	Ġon	4.921579
198	20	Ġthe	1.189759
198	21	Ġsidewalk	5.508759
198	22	.	3.016767
198	23	<|endoftext|>	10.120163
199	1	<|endoftext|>	0.0
199	2	You	7.68222
199	3	Ġknow	4.524771
199	4	Ġwho	5.052576
199	5	Ġthe	6.464205
199	6	Ġwoman	9.5451
199	7	Ġreported	13.568663
199	8	Ġthe	3.10847
199	9	Ġneighbors	14.705562
199	10	Ġbelieved	13.288497
199	11	Ġthey	5.533915
199	12	Ġknew	4.882861
199	13	Ġdid	10.580192
199	14	Ġgreet	19.272813
199	15	Ġthe	3.329925
199	16	Ġteacher	11.590489
199	17	Ġon	5.248481
199	18	Ġthe	1.43646
199	19	Ġsidewalk	4.93457
199	20	.	4.527616
199	21	<|endoftext|>	8.160191
200	1	<|endoftext|>	0.0
200	2	You	7.68222
200	3	Ġknow	4.524771
200	4	Ġwho	5.052576
200	5	Ġthe	6.464205
200	6	Ġwoman	9.5451
200	7	Ġreported	13.568663
200	8	Ġthe	3.10847
200	9	Ġneighbors	14.705562
200	10	Ġbelieved	13.288497
200	11	Ġthey	5.533915
200	12	Ġknew	4.882861
200	13	Ġthe	4.842939
200	14	Ġfirefighter	14.416285
200	15	Ġdid	8.921619
200	16	Ġgreet	20.177054
200	17	Ġthe	3.503853
200	18	Ġteacher	11.871844
200	19	Ġon	4.715807
200	20	Ġthe	1.17227
200	21	Ġsidewalk	5.50382
200	22	.	4.062702
200	23	<|endoftext|>	8.058657
201	1	<|endoftext|>	0.0
201	2	I	5.770367
201	3	Ġknow	5.545733
201	4	Ġthat	2.74974
201	5	Ġmight	11.058787
201	6	Ġhave	6.530916
201	7	Ġassassinated	22.342855
201	8	Ġthe	3.834542
201	9	Ġpolitician	11.478647
201	10	Ġyesterday	10.799986
201	11	Ġnight	8.46404
201	12	.	1.78807
201	13	<|endoftext|>	8.15118
202	1	<|endoftext|>	0.0
202	2	I	5.770367
202	3	Ġknow	5.545733
202	4	Ġthat	2.749727
202	5	Ġthe	4.424285
202	6	Ġspy	15.153331
202	7	Ġmight	10.298337
202	8	Ġhave	2.921712
202	9	Ġassassinated	14.246527
202	10	Ġthe	3.286065
202	11	Ġpolitician	9.937621
202	12	Ġyesterday	11.275193
202	13	Ġnight	7.768392
202	14	.	2.124238
202	15	<|endoftext|>	9.385313
203	1	<|endoftext|>	0.0
203	2	I	5.770367
203	3	Ġknow	5.545733
203	4	Ġwho	8.366545
203	5	Ġmight	10.54907
203	6	Ġhave	2.976803
203	7	Ġassassinated	15.451834
203	8	Ġthe	3.769742
203	9	Ġpolitician	11.41226
203	10	Ġyesterday	10.535512
203	11	Ġnight	8.237595
203	12	.	1.267985
203	13	<|endoftext|>	7.600195
204	1	<|endoftext|>	0.0
204	2	I	5.770367
204	3	Ġknow	5.545733
204	4	Ġwho	8.366532
204	5	Ġthe	5.844098
204	6	Ġspy	14.181879
204	7	Ġmight	8.973829
204	8	Ġhave	4.824029
204	9	Ġassassinated	15.90212
204	10	Ġthe	8.23404
204	11	Ġpolitician	10.500659
204	12	Ġyesterday	11.580244
204	13	Ġnight	7.233213
204	14	.	1.172995
204	15	<|endoftext|>	7.932183
205	1	<|endoftext|>	0.0
205	2	I	5.770362
205	3	Ġknow	5.545699
205	4	Ġthat	2.74972
205	5	Ġthe	4.424218
205	6	Ġagent	15.060961
205	7	Ġthought	10.631951
205	8	Ġmight	13.546237
205	9	Ġhave	3.966769
205	10	Ġassassinated	13.936045
205	11	Ġthe	3.429054
205	12	Ġpolitician	10.407263
205	13	Ġyesterday	10.980836
205	14	Ġnight	7.66881
205	15	.	1.662223
205	16	<|endoftext|>	8.674815
206	1	<|endoftext|>	0.0
206	2	I	5.770357
206	3	Ġknow	5.545684
206	4	Ġthat	2.749692
206	5	Ġthe	4.424222
206	6	Ġagent	15.060953
206	7	Ġthought	10.631941
206	8	Ġthe	4.529788
206	9	Ġspy	11.482336
206	10	Ġmight	6.589881
206	11	Ġhave	2.761853
206	12	Ġassassinated	12.394466
206	13	Ġthe	3.301897
206	14	Ġpolitician	9.595405
206	15	Ġyesterday	11.657713
206	16	Ġnight	7.42419
206	17	.	1.601396
206	18	<|endoftext|>	9.30026
207	1	<|endoftext|>	0.0
207	2	I	5.770362
207	3	Ġknow	5.545699
207	4	Ġwho	8.36647
207	5	Ġthe	5.844158
207	6	Ġagent	12.47972
207	7	Ġthought	10.554242
207	8	Ġmight	8.434661
207	9	Ġhave	3.857513
207	10	Ġassassinated	11.645743
207	11	Ġthe	3.689213
207	12	Ġpolitician	10.418774
207	13	Ġyesterday	10.8401
207	14	Ġnight	7.6356
207	15	.	1.038822
207	16	<|endoftext|>	7.795568
208	1	<|endoftext|>	0.0
208	2	I	5.770357
208	3	Ġknow	5.545684
208	4	Ġwho	8.366485
208	5	Ġthe	5.844156
208	6	Ġagent	12.479731
208	7	Ġthought	10.554214
208	8	Ġthe	5.629528
208	9	Ġspy	10.746322
208	10	Ġmight	6.256507
208	11	Ġhave	4.847059
208	12	Ġassassinated	13.592433
208	13	Ġthe	6.391754
208	14	Ġpolitician	9.875262
208	15	Ġyesterday	11.499931
208	16	Ġnight	6.936393
208	17	.	0.942596
208	18	<|endoftext|>	8.090094
209	1	<|endoftext|>	0.0
209	2	I	5.770357
209	3	Ġknow	5.545684
209	4	Ġthat	2.749692
209	5	Ġthe	4.424222
209	6	Ġagent	15.060953
209	7	Ġthought	10.631941
209	8	Ġthe	4.529788
209	9	Ġwitness	13.930698
209	10	Ġsaid	8.143248
209	11	Ġmight	14.572261
209	12	Ġhave	3.257859
209	13	Ġassassinated	14.848404
209	14	Ġthe	3.093967
209	15	Ġpolitician	11.214426
209	16	Ġyesterday	11.517527
209	17	Ġnight	7.123849
209	18	.	1.476859
209	19	<|endoftext|>	9.0416
210	1	<|endoftext|>	0.0
210	2	I	5.770357
210	3	Ġknow	5.545684
210	4	Ġthat	2.749692
210	5	Ġthe	4.424222
210	6	Ġagent	15.060953
210	7	Ġthought	10.631941
210	8	Ġthe	4.529788
210	9	Ġwitness	13.930698
210	10	Ġsaid	8.143248
210	11	Ġthe	3.663145
210	12	Ġspy	13.714857
210	13	Ġmight	7.718601
210	14	Ġhave	2.169752
210	15	Ġassassinated	12.024512
210	16	Ġthe	2.9761
210	17	Ġpolitician	10.010879
210	18	Ġyesterday	11.9076
210	19	Ġnight	6.930633
210	20	.	1.36487
210	21	<|endoftext|>	9.251214
211	1	<|endoftext|>	0.0
211	2	I	5.770357
211	3	Ġknow	5.545684
211	4	Ġwho	8.366485
211	5	Ġthe	5.844156
211	6	Ġagent	12.479731
211	7	Ġthought	10.554214
211	8	Ġthe	5.629528
211	9	Ġwitness	13.974082
211	10	Ġsaid	7.382494
211	11	Ġmight	10.024334
211	12	Ġhave	2.692121
211	13	Ġassassinated	13.077287
211	14	Ġthe	3.509263
211	15	Ġpolitician	10.906366
211	16	Ġyesterday	11.205791
211	17	Ġnight	6.962405
211	18	.	0.872391
211	19	<|endoftext|>	7.787969
212	1	<|endoftext|>	0.0
212	2	I	5.770357
212	3	Ġknow	5.545684
212	4	Ġwho	8.366485
212	5	Ġthe	5.844156
212	6	Ġagent	12.479731
212	7	Ġthought	10.554214
212	8	Ġthe	5.629528
212	9	Ġwitness	13.974082
212	10	Ġsaid	7.382494
212	11	Ġthe	5.382993
212	12	Ġspy	14.319994
212	13	Ġmight	7.641517
212	14	Ġhave	2.0719
212	15	Ġassassinated	12.402545
212	16	Ġthe	4.322112
212	17	Ġpolitician	9.899978
212	18	Ġyesterday	11.80475
212	19	Ġnight	6.571305
212	20	.	0.913515
212	21	<|endoftext|>	7.854477
213	1	<|endoftext|>	0.0
213	2	I	5.770357
213	3	Ġknow	5.545684
213	4	Ġthat	2.749692
213	5	Ġthe	4.424222
213	6	Ġagent	15.060953
213	7	Ġthought	10.631941
213	8	Ġthe	4.529788
213	9	Ġwitness	13.930698
213	10	Ġsaid	8.143248
213	11	Ġhe	2.903615
213	12	Ġknew	5.547954
213	13	Ġmight	15.163836
213	14	Ġhave	3.172439
213	15	Ġassassinated	13.70978
213	16	Ġthe	2.937353
213	17	Ġpolitician	10.421835
213	18	Ġyesterday	12.537783
213	19	Ġnight	7.02719
213	20	.	1.521305
213	21	<|endoftext|>	9.010629
214	1	<|endoftext|>	0.0
214	2	I	5.770357
214	3	Ġknow	5.545684
214	4	Ġthat	2.749692
214	5	Ġthe	4.424222
214	6	Ġagent	15.060953
214	7	Ġthought	10.631941
214	8	Ġthe	4.529788
214	9	Ġwitness	13.930698
214	10	Ġsaid	8.143248
214	11	Ġhe	2.903615
214	12	Ġknew	5.547954
214	13	Ġthe	2.961961
214	14	Ġspy	13.208793
214	15	Ġmight	9.635849
214	16	Ġhave	2.555329
214	17	Ġassassinated	11.503955
214	18	Ġthe	2.924804
214	19	Ġpolitician	9.653998
214	20	Ġyesterday	12.659276
214	21	Ġnight	6.82906
214	22	.	1.420789
214	23	<|endoftext|>	9.110973
215	1	<|endoftext|>	0.0
215	2	I	5.770357
215	3	Ġknow	5.545684
215	4	Ġwho	8.366485
215	5	Ġthe	5.844156
215	6	Ġagent	12.479731
215	7	Ġthought	10.554214
215	8	Ġthe	5.629528
215	9	Ġwitness	13.974082
215	10	Ġsaid	7.382494
215	11	Ġhe	2.725127
215	12	Ġknew	5.948332
215	13	Ġmight	12.776286
215	14	Ġhave	2.71584
215	15	Ġassassinated	12.835146
215	16	Ġthe	3.478015
215	17	Ġpolitician	10.241488
215	18	Ġyesterday	11.994359
215	19	Ġnight	6.757496
215	20	.	0.933985
215	21	<|endoftext|>	7.706205
216	1	<|endoftext|>	0.0
216	2	I	5.770357
216	3	Ġknow	5.545684
216	4	Ġwho	8.366485
216	5	Ġthe	5.844156
216	6	Ġagent	12.479731
216	7	Ġthought	10.554214
216	8	Ġthe	5.629528
216	9	Ġwitness	13.974082
216	10	Ġsaid	7.382494
216	11	Ġhe	2.725127
216	12	Ġknew	5.948332
216	13	Ġthe	5.282003
216	14	Ġspy	13.310326
216	15	Ġmight	9.515306
216	16	Ġhave	2.34129
216	17	Ġassassinated	11.732625
216	18	Ġthe	3.847684
216	19	Ġpolitician	9.615481
216	20	Ġyesterday	12.351096
216	21	Ġnight	6.478613
216	22	.	0.940857
216	23	<|endoftext|>	7.750497
217	1	<|endoftext|>	0.0
217	2	I	5.770357
217	3	Ġknow	5.545684
217	4	Ġthat	2.749692
217	5	Ġthe	4.424222
217	6	Ġagent	15.060953
217	7	Ġthought	10.631941
217	8	Ġthe	4.529788
217	9	Ġwitness	13.930698
217	10	Ġsaid	8.143248
217	11	Ġhe	2.903615
217	12	Ġknew	5.547954
217	13	Ġmight	15.163836
217	14	Ġhave	3.172439
217	15	Ġassassinated	13.70978
217	16	Ġthe	2.937353
217	17	Ġpolitician	10.421835
217	18	Ġyesterday	12.537783
217	19	Ġnight	7.02719
217	20	.	1.521305
217	21	<|endoftext|>	9.010629
218	1	<|endoftext|>	0.0
218	2	I	5.770357
218	3	Ġknow	5.545684
218	4	Ġthat	2.749692
218	5	Ġthe	4.424222
218	6	Ġagent	15.060953
218	7	Ġthought	10.631941
218	8	Ġthe	4.529788
218	9	Ġwitness	13.930698
218	10	Ġsaid	8.143248
218	11	Ġhe	2.903615
218	12	Ġknew	5.547954
218	13	Ġthe	2.961961
218	14	Ġspy	13.208793
218	15	Ġmight	9.635849
218	16	Ġhave	2.555329
218	17	Ġassassinated	11.503955
218	18	Ġthe	2.924804
218	19	Ġpolitician	9.653998
218	20	Ġyesterday	12.659276
218	21	Ġnight	6.82906
218	22	.	1.420789
218	23	<|endoftext|>	9.110973
219	1	<|endoftext|>	0.0
219	2	I	5.770357
219	3	Ġknow	5.545684
219	4	Ġwho	8.366485
219	5	Ġthe	5.844156
219	6	Ġagent	12.479731
219	7	Ġthought	10.554214
219	8	Ġthe	5.629528
219	9	Ġwitness	13.974082
219	10	Ġsaid	7.382494
219	11	Ġhe	2.725127
219	12	Ġknew	5.948332
219	13	Ġmight	12.776286
219	14	Ġhave	2.71584
219	15	Ġassassinated	12.835146
219	16	Ġthe	3.478015
219	17	Ġpolitician	10.241488
219	18	Ġyesterday	11.994359
219	19	Ġnight	6.757496
219	20	.	0.933985
219	21	<|endoftext|>	7.706205
220	1	<|endoftext|>	0.0
220	2	I	5.770357
220	3	Ġknow	5.545684
220	4	Ġwho	8.366485
220	5	Ġthe	5.844156
220	6	Ġagent	12.479731
220	7	Ġthought	10.554214
220	8	Ġthe	5.629528
220	9	Ġwitness	13.974082
220	10	Ġsaid	7.382494
220	11	Ġhe	2.725127
220	12	Ġknew	5.948332
220	13	Ġthe	5.282003
220	14	Ġspy	13.310326
220	15	Ġmight	9.515306
220	16	Ġhave	2.34129
220	17	Ġassassinated	11.732625
220	18	Ġthe	3.847684
220	19	Ġpolitician	9.615481
220	20	Ġyesterday	12.351096
220	21	Ġnight	6.478613
220	22	.	0.940857
220	23	<|endoftext|>	7.750497
221	1	<|endoftext|>	0.0
221	2	He	8.582737
221	3	Ġrecalled	12.020836
221	4	Ġthat	3.014931
221	5	Ġdid	15.015615
221	6	Ġfright	18.036692
221	7	en	0.014408
221	8	Ġthe	5.396917
221	9	Ġprotesters	10.932133
221	10	Ġover	9.62093
221	11	Ġthe	1.549132
221	12	Ġweekend	5.449375
221	13	.	1.868901
221	14	<|endoftext|>	6.88006
222	1	<|endoftext|>	0.0
222	2	He	8.582738
222	3	Ġrecalled	12.02077
222	4	Ġthat	3.014933
222	5	Ġthe	3.611147
222	6	Ġpolice	7.328704
222	7	Ġdid	6.67476
222	8	Ġfright	17.7477
222	9	en	0.022604
222	10	Ġthe	4.21255
222	11	Ġprotesters	7.950127
222	12	Ġover	8.61844
222	13	Ġthe	1.242431
222	14	Ġweekend	4.743748
222	15	.	2.464969
222	16	<|endoftext|>	6.831569
223	1	<|endoftext|>	0.0
223	2	He	8.582737
223	3	Ġrecalled	12.020836
223	4	Ġwho	10.082279
223	5	Ġdid	8.335153
223	6	Ġfright	19.629694
223	7	en	0.118341
223	8	Ġthe	5.116378
223	9	Ġprotesters	9.872033
223	10	Ġover	8.911526
223	11	Ġthe	1.326486
223	12	Ġweekend	4.686439
223	13	.	2.142997
223	14	<|endoftext|>	7.15912
224	1	<|endoftext|>	0.0
224	2	He	8.582738
224	3	Ġrecalled	12.02077
224	4	Ġwho	10.082226
224	5	Ġthe	5.311935
224	6	Ġpolice	8.497313
224	7	Ġdid	8.647376
224	8	Ġfright	21.05435
224	9	en	0.027727
224	10	Ġthe	4.933657
224	11	Ġprotesters	8.632671
224	12	Ġover	8.181971
224	13	Ġthe	1.992698
224	14	Ġweekend	2.558227
224	15	.	1.740468
224	16	<|endoftext|>	6.97836
225	1	<|endoftext|>	0.0
225	2	He	8.582732
225	3	Ġrecalled	12.02077
225	4	Ġthat	3.014941
225	5	Ġthe	3.611141
225	6	Ġinspector	14.003042
225	7	Ġbelieved	14.598783
225	8	Ġdid	15.912947
225	9	Ġfright	18.573803
225	10	en	0.013665
225	11	Ġthe	3.491036
225	12	Ġprotesters	11.083751
225	13	Ġover	9.055299
225	14	Ġthe	1.522166
225	15	Ġweekend	6.305759
225	16	.	1.528385
225	17	<|endoftext|>	5.967132
226	1	<|endoftext|>	0.0
226	2	He	8.582732
226	3	Ġrecalled	12.02077
226	4	Ġthat	3.014941
226	5	Ġthe	3.611141
226	6	Ġinspector	14.003042
226	7	Ġbelieved	14.598783
226	8	Ġthe	2.542284
226	9	Ġpolice	7.426467
226	10	Ġdid	6.351614
226	11	Ġfright	20.37538
226	12	en	0.009489
226	13	Ġthe	2.661945
226	14	Ġprotesters	9.173387
226	15	Ġover	8.915332
226	16	Ġthe	1.363515
226	17	Ġweekend	5.360065
226	18	.	1.612116
226	19	<|endoftext|>	5.940231
227	1	<|endoftext|>	0.0
227	2	He	8.582732
227	3	Ġrecalled	12.02077
227	4	Ġwho	10.082223
227	5	Ġthe	5.311934
227	6	Ġinspector	13.819747
227	7	Ġbelieved	10.479207
227	8	Ġdid	8.462086
227	9	Ġfright	18.609816
227	10	en	0.01458
227	11	Ġthe	3.733009
227	12	Ġprotesters	10.782683
227	13	Ġover	9.186496
227	14	Ġthe	1.385373
227	15	Ġweekend	4.670822
227	16	.	1.291314
227	17	<|endoftext|>	6.537853
228	1	<|endoftext|>	0.0
228	2	He	8.582732
228	3	Ġrecalled	12.02077
228	4	Ġwho	10.082223
228	5	Ġthe	5.311934
228	6	Ġinspector	13.819747
228	7	Ġbelieved	10.479207
228	8	Ġthe	6.099039
228	9	Ġpolice	6.733906
228	10	Ġdid	8.40086
228	11	Ġfright	21.273958
228	12	en	0.011953
228	13	Ġthe	3.827816
228	14	Ġprotesters	9.625264
228	15	Ġover	8.419274
228	16	Ġthe	1.800273
228	17	Ġweekend	3.395718
228	18	.	1.163242
228	19	<|endoftext|>	6.249943
229	1	<|endoftext|>	0.0
229	2	He	8.582732
229	3	Ġrecalled	12.02077
229	4	Ġthat	3.014941
229	5	Ġthe	3.611141
229	6	Ġinspector	14.003042
229	7	Ġbelieved	14.598783
229	8	Ġthe	2.542284
229	9	Ġdetective	11.775916
229	10	Ġconcluded	13.618123
229	11	Ġdid	15.73189
229	12	Ġfright	20.601289
229	13	en	0.025048
229	14	Ġthe	2.898244
229	15	Ġprotesters	14.410107
229	16	Ġover	9.287792
229	17	Ġthe	1.608729
229	18	Ġweekend	6.063413
229	19	.	1.272241
229	20	<|endoftext|>	5.540403
230	1	<|endoftext|>	0.0
230	2	He	8.582732
230	3	Ġrecalled	12.02077
230	4	Ġthat	3.014941
230	5	Ġthe	3.611141
230	6	Ġinspector	14.003042
230	7	Ġbelieved	14.598783
230	8	Ġthe	2.542284
230	9	Ġdetective	11.775916
230	10	Ġconcluded	13.618123
230	11	Ġthe	3.150267
230	12	Ġpolice	6.589602
230	13	Ġdid	5.122474
230	14	Ġfright	20.531227
230	15	en	0.011853
230	16	Ġthe	2.310718
230	17	Ġprotesters	12.490822
230	18	Ġover	9.064845
230	19	Ġthe	1.532843
230	20	Ġweekend	5.359767
230	21	.	1.265453
230	22	<|endoftext|>	5.556841
231	1	<|endoftext|>	0.0
231	2	He	8.582732
231	3	Ġrecalled	12.02077
231	4	Ġwho	10.082223
231	5	Ġthe	5.311934
231	6	Ġinspector	13.819747
231	7	Ġbelieved	10.479207
231	8	Ġthe	6.099039
231	9	Ġdetective	10.099527
231	10	Ġconcluded	15.859917
231	11	Ġdid	7.879759
231	12	Ġfright	19.460101
231	13	en	0.007799
231	14	Ġthe	3.357267
231	15	Ġprotesters	13.834309
231	16	Ġover	9.304602
231	17	Ġthe	1.634991
231	18	Ġweekend	4.330232
231	19	.	0.905964
231	20	<|endoftext|>	5.901692
232	1	<|endoftext|>	0.0
232	2	He	8.582732
232	3	Ġrecalled	12.02077
232	4	Ġwho	10.082223
232	5	Ġthe	5.311934
232	6	Ġinspector	13.819747
232	7	Ġbelieved	10.479207
232	8	Ġthe	6.099039
232	9	Ġdetective	10.099527
232	10	Ġconcluded	15.859917
232	11	Ġthe	4.747936
232	12	Ġpolice	6.456923
232	13	Ġdid	6.465693
232	14	Ġfright	21.84372
232	15	en	0.016678
232	16	Ġthe	3.242858
232	17	Ġprotesters	12.455288
232	18	Ġover	8.725141
232	19	Ġthe	1.797518
232	20	Ġweekend	4.25004
232	21	.	0.888433
232	22	<|endoftext|>	5.770142
233	1	<|endoftext|>	0.0
233	2	He	8.582732
233	3	Ġrecalled	12.02077
233	4	Ġthat	3.014941
233	5	Ġthe	3.611141
233	6	Ġinspector	14.003042
233	7	Ġbelieved	14.598783
233	8	Ġthe	2.542284
233	9	Ġdetective	11.775916
233	10	Ġconcluded	13.618123
233	11	Ġhe	3.975596
233	12	Ġknew	6.38036
233	13	Ġdid	13.67494
233	14	Ġfright	21.663636
233	15	en	0.024114
233	16	Ġthe	2.785508
233	17	Ġprotesters	14.215618
233	18	Ġover	9.770084
233	19	Ġthe	1.595184
233	20	Ġweekend	4.92213
233	21	.	1.145779
233	22	<|endoftext|>	5.470895
234	1	<|endoftext|>	0.0
234	2	He	8.582732
234	3	Ġrecalled	12.02077
234	4	Ġthat	3.014941
234	5	Ġthe	3.611141
234	6	Ġinspector	14.003042
234	7	Ġbelieved	14.598783
234	8	Ġthe	2.542284
234	9	Ġdetective	11.775916
234	10	Ġconcluded	13.618123
234	11	Ġhe	3.975596
234	12	Ġknew	6.38036
234	13	Ġthe	2.832373
234	14	Ġpolice	7.442079
234	15	Ġdid	6.16081
234	16	Ġfright	22.818895
234	17	en	0.018032
234	18	Ġthe	2.400949
234	19	Ġprotesters	11.550586
234	20	Ġover	9.330641
234	21	Ġthe	1.391555
234	22	Ġweekend	4.09812
234	23	.	1.099104
234	24	<|endoftext|>	5.443719
235	1	<|endoftext|>	0.0
235	2	He	8.582732
235	3	Ġrecalled	12.02077
235	4	Ġwho	10.082223
235	5	Ġthe	5.311934
235	6	Ġinspector	13.819747
235	7	Ġbelieved	10.479207
235	8	Ġthe	6.099039
235	9	Ġdetective	10.099527
235	10	Ġconcluded	15.859917
235	11	Ġhe	5.101753
235	12	Ġknew	5.529842
235	13	Ġdid	10.910487
235	14	Ġfright	20.024104
235	15	en	0.015456
235	16	Ġthe	3.472828
235	17	Ġprotesters	13.917785
235	18	Ġover	9.711376
235	19	Ġthe	1.785474
235	20	Ġweekend	3.796352
235	21	.	0.831464
235	22	<|endoftext|>	5.724006
236	1	<|endoftext|>	0.0
236	2	He	8.582732
236	3	Ġrecalled	12.02077
236	4	Ġwho	10.082223
236	5	Ġthe	5.311934
236	6	Ġinspector	13.819747
236	7	Ġbelieved	10.479207
236	8	Ġthe	6.099039
236	9	Ġdetective	10.099527
236	10	Ġconcluded	15.859917
236	11	Ġhe	5.101753
236	12	Ġknew	5.529842
236	13	Ġthe	4.460835
236	14	Ġpolice	7.519452
236	15	Ġdid	7.528639
236	16	Ġfright	22.968726
236	17	en	0.024955
236	18	Ġthe	3.340374
236	19	Ġprotesters	11.793856
236	20	Ġover	9.221962
236	21	Ġthe	1.714053
236	22	Ġweekend	3.368795
236	23	.	0.803564
236	24	<|endoftext|>	5.647525
237	1	<|endoftext|>	0.0
237	2	He	8.582732
237	3	Ġrecalled	12.02077
237	4	Ġthat	3.014941
237	5	Ġthe	3.611141
237	6	Ġinspector	14.003042
237	7	Ġbelieved	14.598783
237	8	Ġthe	2.542284
237	9	Ġdetective	11.775916
237	10	Ġconcluded	13.618123
237	11	Ġhe	3.975596
237	12	Ġknew	6.38036
237	13	Ġdid	13.67494
237	14	Ġfright	21.663636
237	15	en	0.024114
237	16	Ġthe	2.785508
237	17	Ġprotesters	14.215618
237	18	Ġover	9.770084
237	19	Ġthe	1.595184
237	20	Ġweekend	4.92213
237	21	.	1.145779
237	22	<|endoftext|>	5.470895
238	1	<|endoftext|>	0.0
238	2	He	8.582732
238	3	Ġrecalled	12.02077
238	4	Ġthat	3.014941
238	5	Ġthe	3.611141
238	6	Ġinspector	14.003042
238	7	Ġbelieved	14.598783
238	8	Ġthe	2.542284
238	9	Ġdetective	11.775916
238	10	Ġconcluded	13.618123
238	11	Ġhe	3.975596
238	12	Ġknew	6.38036
238	13	Ġthe	2.832373
238	14	Ġpolice	7.442079
238	15	Ġdid	6.16081
238	16	Ġfright	22.818895
238	17	en	0.018032
238	18	Ġthe	2.400949
238	19	Ġprotesters	11.550586
238	20	Ġover	9.330641
238	21	Ġthe	1.391555
238	22	Ġweekend	4.09812
238	23	.	1.099104
238	24	<|endoftext|>	5.443719
239	1	<|endoftext|>	0.0
239	2	He	8.582732
239	3	Ġrecalled	12.02077
239	4	Ġwho	10.082223
239	5	Ġthe	5.311934
239	6	Ġinspector	13.819747
239	7	Ġbelieved	10.479207
239	8	Ġthe	6.099039
239	9	Ġdetective	10.099527
239	10	Ġconcluded	15.859917
239	11	Ġhe	5.101753
239	12	Ġknew	5.529842
239	13	Ġdid	10.910487
239	14	Ġfright	20.024104
239	15	en	0.015456
239	16	Ġthe	3.472828
239	17	Ġprotesters	13.917785
239	18	Ġover	9.711376
239	19	Ġthe	1.785474
239	20	Ġweekend	3.796352
239	21	.	0.831464
239	22	<|endoftext|>	5.724006
240	1	<|endoftext|>	0.0
240	2	He	8.582732
240	3	Ġrecalled	12.02077
240	4	Ġwho	10.082223
240	5	Ġthe	5.311934
240	6	Ġinspector	13.819747
240	7	Ġbelieved	10.479207
240	8	Ġthe	6.099039
240	9	Ġdetective	10.099527
240	10	Ġconcluded	15.859917
240	11	Ġhe	5.101753
240	12	Ġknew	5.529842
240	13	Ġthe	4.460835
240	14	Ġpolice	7.519452
240	15	Ġdid	7.528639
240	16	Ġfright	22.968726
240	17	en	0.024955
240	18	Ġthe	3.340374
240	19	Ġprotesters	11.793856
240	20	Ġover	9.221962
240	21	Ġthe	1.714053
240	22	Ġweekend	3.368795
240	23	.	0.803564
240	24	<|endoftext|>	5.647525
241	1	<|endoftext|>	0.0
241	2	We	7.155782
241	3	Ġrecalled	16.653039
241	4	Ġthat	3.559485
241	5	Ġmight	14.82115
241	6	Ġhave	2.740074
241	7	Ġdivorced	19.91114
241	8	Ġhis	7.931402
241	9	Ġwife	2.952342
241	10	Ġlast	8.763899
241	11	Ġweek	2.49186
241	12	.	1.399055
241	13	<|endoftext|>	5.790075
242	1	<|endoftext|>	0.0
242	2	We	7.155782
242	3	Ġrecalled	16.653039
242	4	Ġthat	3.559473
242	5	Ġthe	3.282958
242	6	Ġmillionaire	19.450597
242	7	Ġmight	11.512784
242	8	Ġhave	1.844465
242	9	Ġdivorced	14.787294
242	10	Ġhis	2.205325
242	11	Ġwife	0.888743
242	12	Ġlast	8.280864
242	13	Ġweek	3.306883
242	14	.	1.716239
242	15	<|endoftext|>	6.522814
243	1	<|endoftext|>	0.0
243	2	We	7.155782
243	3	Ġrecalled	16.653039
243	4	Ġwho	12.588437
243	5	Ġmight	9.162708
243	6	Ġhave	1.538422
243	7	Ġdivorced	17.351537
243	8	Ġhis	7.625404
243	9	Ġwife	1.399594
243	10	Ġlast	7.104424
243	11	Ġweek	2.530532
243	12	.	1.411875
243	13	<|endoftext|>	7.192436
244	1	<|endoftext|>	0.0
244	2	We	7.155782
244	3	Ġrecalled	16.653039
244	4	Ġwho	12.588468
244	5	Ġthe	5.097225
244	6	Ġmillionaire	14.175157
244	7	Ġmight	10.436221
244	8	Ġhave	3.565482
244	9	Ġdivorced	16.858733
244	10	Ġhis	5.970098
244	11	Ġwife	1.366394
244	12	Ġlast	7.791707
244	13	Ġweek	2.650861
244	14	.	1.22884
244	15	<|endoftext|>	6.814444
245	1	<|endoftext|>	0.0
245	2	We	7.155761
245	3	Ġrecalled	16.652951
245	4	Ġthat	3.559446
245	5	Ġthe	3.282933
245	6	Ġwoman	11.624742
245	7	Ġsaid	6.384716
245	8	Ġmight	16.161166
245	9	Ġhave	2.463988
245	10	Ġdivorced	15.153801
245	11	Ġhis	7.43666
245	12	Ġwife	1.899657
245	13	Ġlast	8.377031
245	14	Ġweek	2.816248
245	15	.	1.225109
245	16	<|endoftext|>	6.098162
246	1	<|endoftext|>	0.0
246	2	We	7.155761
246	3	Ġrecalled	16.652963
246	4	Ġthat	3.559449
246	5	Ġthe	3.282928
246	6	Ġwoman	11.624759
246	7	Ġsaid	6.38467
246	8	Ġthe	4.259154
246	9	Ġmillionaire	15.184473
246	10	Ġmight	10.620548
246	11	Ġhave	2.016619
246	12	Ġdivorced	12.963518
246	13	Ġhis	5.294124
246	14	Ġwife	0.981068
246	15	Ġlast	9.705368
246	16	Ġweek	3.235327
246	17	.	1.378732
246	18	<|endoftext|>	5.998827
247	1	<|endoftext|>	0.0
247	2	We	7.155761
247	3	Ġrecalled	16.652951
247	4	Ġwho	12.588497
247	5	Ġthe	5.097204
247	6	Ġwoman	7.98094
247	7	Ġsaid	7.012915
247	8	Ġmight	11.096102
247	9	Ġhave	1.792028
247	10	Ġdivorced	16.10635
247	11	Ġhis	8.742495
247	12	Ġwife	2.223093
247	13	Ġlast	7.907384
247	14	Ġweek	2.327417
247	15	.	0.989072
247	16	<|endoftext|>	6.646212
248	1	<|endoftext|>	0.0
248	2	We	7.155761
248	3	Ġrecalled	16.652963
248	4	Ġwho	12.58851
248	5	Ġthe	5.097209
248	6	Ġwoman	7.980943
248	7	Ġsaid	7.012911
248	8	Ġthe	6.270518
248	9	Ġmillionaire	14.88756
248	10	Ġmight	10.561574
248	11	Ġhave	2.786304
248	12	Ġdivorced	14.63467
248	13	Ġhis	7.703506
248	14	Ġwife	1.481863
248	15	Ġlast	9.456142
248	16	Ġweek	2.879086
248	17	.	0.877587
248	18	<|endoftext|>	6.389898
249	1	<|endoftext|>	0.0
249	2	We	7.155761
249	3	Ġrecalled	16.652963
249	4	Ġthat	3.559449
249	5	Ġthe	3.282928
249	6	Ġwoman	11.624759
249	7	Ġsaid	6.38467
249	8	Ġshe	1.509259
249	9	Ġthought	6.407835
249	10	Ġmight	12.932523
249	11	Ġhave	2.237808
249	12	Ġdivorced	15.534322
249	13	Ġhis	7.683305
249	14	Ġwife	1.949022
249	15	Ġlast	8.445438
249	16	Ġweek	2.661466
249	17	.	1.238108
249	18	<|endoftext|>	6.325334
250	1	<|endoftext|>	0.0
250	2	We	7.155761
250	3	Ġrecalled	16.652963
250	4	Ġthat	3.559449
250	5	Ġthe	3.282928
250	6	Ġwoman	11.624759
250	7	Ġsaid	6.38467
250	8	Ġshe	1.509259
250	9	Ġthought	6.407835
250	10	Ġthe	2.69026
250	11	Ġmillionaire	15.57192
250	12	Ġmight	8.185097
250	13	Ġhave	2.017327
250	14	Ġdivorced	12.205829
250	15	Ġhis	5.652881
250	16	Ġwife	0.889866
250	17	Ġlast	8.977571
250	18	Ġweek	3.08778
250	19	.	1.149831
250	20	<|endoftext|>	6.098062
251	1	<|endoftext|>	0.0
251	2	We	7.155761
251	3	Ġrecalled	16.652963
251	4	Ġwho	12.58851
251	5	Ġthe	5.097209
251	6	Ġwoman	7.980943
251	7	Ġsaid	7.012911
251	8	Ġshe	1.303934
251	9	Ġthought	8.721813
251	10	Ġmight	6.549103
251	11	Ġhave	2.671118
251	12	Ġdivorced	16.286416
251	13	Ġhis	9.622802
251	14	Ġwife	2.375424
251	15	Ġlast	8.042527
251	16	Ġweek	2.314956
251	17	.	0.846292
251	18	<|endoftext|>	6.759325
252	1	<|endoftext|>	0.0
252	2	We	7.155761
252	3	Ġrecalled	16.652963
252	4	Ġwho	12.58851
252	5	Ġthe	5.097209
252	6	Ġwoman	7.980943
252	7	Ġsaid	7.012911
252	8	Ġshe	1.303934
252	9	Ġthought	8.721813
252	10	Ġthe	6.654781
252	11	Ġmillionaire	14.373754
252	12	Ġmight	8.307633
252	13	Ġhave	4.323111
252	14	Ġdivorced	14.888816
252	15	Ġhis	7.717493
252	16	Ġwife	1.294502
252	17	Ġlast	8.765578
252	18	Ġweek	2.760079
252	19	.	0.7448
252	20	<|endoftext|>	6.687233
253	1	<|endoftext|>	0.0
253	2	We	7.155761
253	3	Ġrecalled	16.652963
253	4	Ġthat	3.559449
253	5	Ġthe	3.282928
253	6	Ġwoman	11.624759
253	7	Ġsaid	6.38467
253	8	Ġshe	1.509259
253	9	Ġthought	6.407835
253	10	Ġshe	2.111749
253	11	Ġknew	6.35332
253	12	Ġmight	14.745149
253	13	Ġhave	2.772276
253	14	Ġdivorced	16.470538
253	15	Ġhis	8.045026
253	16	Ġwife	1.937232
253	17	Ġlast	9.858198
253	18	Ġweek	2.587951
253	19	.	1.26113
253	20	<|endoftext|>	6.268275
254	1	<|endoftext|>	0.0
254	2	We	7.155761
254	3	Ġrecalled	16.652963
254	4	Ġthat	3.559449
254	5	Ġthe	3.282928
254	6	Ġwoman	11.624759
254	7	Ġsaid	6.38467
254	8	Ġshe	1.509259
254	9	Ġthought	6.407835
254	10	Ġshe	2.111749
254	11	Ġknew	6.35332
254	12	Ġthe	2.965839
254	13	Ġmillionaire	16.06303
254	14	Ġmight	11.241305
254	15	Ġhave	2.400634
254	16	Ġdivorced	12.924765
254	17	Ġhis	5.161495
254	18	Ġwife	0.96709
254	19	Ġlast	9.558695
254	20	Ġweek	3.061649
254	21	.	1.202346
254	22	<|endoftext|>	6.201445
255	1	<|endoftext|>	0.0
255	2	We	7.155761
255	3	Ġrecalled	16.652963
255	4	Ġwho	12.58851
255	5	Ġthe	5.097209
255	6	Ġwoman	7.980943
255	7	Ġsaid	7.012911
255	8	Ġshe	1.303934
255	9	Ġthought	8.721813
255	10	Ġshe	3.409256
255	11	Ġknew	7.148951
255	12	Ġmight	11.697305
255	13	Ġhave	2.794444
255	14	Ġdivorced	16.847742
255	15	Ġhis	9.381372
255	16	Ġwife	2.375635
255	17	Ġlast	8.660367
255	18	Ġweek	2.250777
255	19	.	0.833356
255	20	<|endoftext|>	6.862511
256	1	<|endoftext|>	0.0
256	2	We	7.155761
256	3	Ġrecalled	16.652963
256	4	Ġwho	12.58851
256	5	Ġthe	5.097209
256	6	Ġwoman	7.980943
256	7	Ġsaid	7.012911
256	8	Ġshe	1.303934
256	9	Ġthought	8.721813
256	10	Ġshe	3.409256
256	11	Ġknew	7.148951
256	12	Ġthe	7.52893
256	13	Ġmillionaire	15.798579
256	14	Ġmight	10.482627
256	15	Ġhave	3.998343
256	16	Ġdivorced	15.978059
256	17	Ġhis	6.895383
256	18	Ġwife	1.347992
256	19	Ġlast	8.90267
256	20	Ġweek	2.728083
256	21	.	0.769468
256	22	<|endoftext|>	6.915242
257	1	<|endoftext|>	0.0
257	2	We	7.155761
257	3	Ġrecalled	16.652963
257	4	Ġthat	3.559449
257	5	Ġthe	3.282928
257	6	Ġwoman	11.624759
257	7	Ġsaid	6.38467
257	8	Ġshe	1.509259
257	9	Ġthought	6.407835
257	10	Ġshe	2.111749
257	11	Ġknew	6.35332
257	12	Ġmight	14.745149
257	13	Ġhave	2.772276
257	14	Ġdivorced	16.470538
257	15	Ġhis	8.045026
257	16	Ġwife	1.937232
257	17	Ġlast	9.858198
257	18	Ġweek	2.587951
257	19	.	1.26113
257	20	<|endoftext|>	6.268275
258	1	<|endoftext|>	0.0
258	2	We	7.155761
258	3	Ġrecalled	16.652963
258	4	Ġthat	3.559449
258	5	Ġthe	3.282928
258	6	Ġwoman	11.624759
258	7	Ġsaid	6.38467
258	8	Ġshe	1.509259
258	9	Ġthought	6.407835
258	10	Ġshe	2.111749
258	11	Ġknew	6.35332
258	12	Ġthe	2.965839
258	13	Ġmillionaire	16.06303
258	14	Ġmight	11.241305
258	15	Ġhave	2.400634
258	16	Ġdivorced	12.924765
258	17	Ġhis	5.161495
258	18	Ġwife	0.96709
258	19	Ġlast	9.558695
258	20	Ġweek	3.061649
258	21	.	1.202346
258	22	<|endoftext|>	6.201445
259	1	<|endoftext|>	0.0
259	2	We	7.155761
259	3	Ġrecalled	16.652963
259	4	Ġwho	12.58851
259	5	Ġthe	5.097209
259	6	Ġwoman	7.980943
259	7	Ġsaid	7.012911
259	8	Ġshe	1.303934
259	9	Ġthought	8.721813
259	10	Ġshe	3.409256
259	11	Ġknew	7.148951
259	12	Ġmight	11.697305
259	13	Ġhave	2.794444
259	14	Ġdivorced	16.847742
259	15	Ġhis	9.381372
259	16	Ġwife	2.375635
259	17	Ġlast	8.660367
259	18	Ġweek	2.250777
259	19	.	0.833356
259	20	<|endoftext|>	6.862511
260	1	<|endoftext|>	0.0
260	2	We	7.155761
260	3	Ġrecalled	16.652963
260	4	Ġwho	12.58851
260	5	Ġthe	5.097209
260	6	Ġwoman	7.980943
260	7	Ġsaid	7.012911
260	8	Ġshe	1.303934
260	9	Ġthought	8.721813
260	10	Ġshe	3.409256
260	11	Ġknew	7.148951
260	12	Ġthe	7.52893
260	13	Ġmillionaire	15.798579
260	14	Ġmight	10.482627
260	15	Ġhave	3.998343
260	16	Ġdivorced	15.978059
260	17	Ġhis	6.895383
260	18	Ġwife	1.347992
260	19	Ġlast	8.90267
260	20	Ġweek	2.728083
260	21	.	0.769468
260	22	<|endoftext|>	6.915242
261	1	<|endoftext|>	0.0
261	2	They	9.39695
261	3	Ġrecalled	14.566953
261	4	Ġthat	3.308533
261	5	Ġdid	14.478254
261	6	Ġpromote	15.799955
261	7	Ġthe	2.770469
261	8	Ġsecretary	15.347607
261	9	Ġlast	12.825375
261	10	Ġweek	1.999218
261	11	.	2.809226
261	12	<|endoftext|>	5.44715
262	1	<|endoftext|>	0.0
262	2	They	9.39695
262	3	Ġrecalled	14.566953
262	4	Ġthat	3.308536
262	5	Ġthe	3.388505
262	6	Ġexecutive	13.326449
262	7	Ġdid	8.147408
262	8	Ġpromote	13.400169
262	9	Ġthe	2.171757
262	10	Ġsecretary	13.834104
262	11	Ġlast	11.014367
262	12	Ġweek	1.948052
262	13	.	3.046512
262	14	<|endoftext|>	5.756968
263	1	<|endoftext|>	0.0
263	2	They	9.39695
263	3	Ġrecalled	14.566953
263	4	Ġwho	9.746001
263	5	Ġdid	7.363028
263	6	Ġpromote	17.616648
263	7	Ġthe	1.727021
263	8	Ġsecretary	16.043348
263	9	Ġlast	10.106269
263	10	Ġweek	2.061445
263	11	.	2.478595
263	12	<|endoftext|>	6.440304
264	1	<|endoftext|>	0.0
264	2	They	9.39695
264	3	Ġrecalled	14.566953
264	4	Ġwho	9.746003
264	5	Ġthe	4.823408
264	6	Ġexecutive	12.103919
264	7	Ġdid	8.336265
264	8	Ġpromote	14.59173
264	9	Ġthe	4.419612
264	10	Ġsecretary	12.791904
264	11	Ġlast	10.142608
264	12	Ġweek	2.04897
264	13	.	1.994952
264	14	<|endoftext|>	6.405462
265	1	<|endoftext|>	0.0
265	2	They	9.39695
265	3	Ġrecalled	14.566953
265	4	Ġthat	3.308533
265	5	Ġthe	3.388505
265	6	Ġjournalist	13.259857
265	7	Ġbelieved	10.860918
265	8	Ġdid	15.632923
265	9	Ġpromote	13.303827
265	10	Ġthe	2.155553
265	11	Ġsecretary	15.576059
265	12	Ġlast	13.90618
265	13	Ġweek	2.215952
265	14	.	2.633037
265	15	<|endoftext|>	5.448913
266	1	<|endoftext|>	0.0
266	2	They	9.396978
266	3	Ġrecalled	14.567082
266	4	Ġthat	3.308581
266	5	Ġthe	3.38853
266	6	Ġjournalist	13.259922
266	7	Ġbelieved	10.860951
266	8	Ġthe	3.109111
266	9	Ġexecutive	13.251811
266	10	Ġdid	8.12669
266	11	Ġpromote	14.765202
266	12	Ġthe	2.04448
266	13	Ġsecretary	14.170052
266	14	Ġlast	13.162804
266	15	Ġweek	2.061164
266	16	.	2.418216
266	17	<|endoftext|>	5.449446
267	1	<|endoftext|>	0.0
267	2	They	9.39695
267	3	Ġrecalled	14.566953
267	4	Ġwho	9.746001
267	5	Ġthe	4.823408
267	6	Ġjournalist	11.206958
267	7	Ġbelieved	8.864864
267	8	Ġdid	10.042013
267	9	Ġpromote	14.138353
267	10	Ġthe	1.621282
267	11	Ġsecretary	16.162905
267	12	Ġlast	12.649645
267	13	Ġweek	2.083054
267	14	.	1.965395
267	15	<|endoftext|>	6.288898
268	1	<|endoftext|>	0.0
268	2	They	9.396978
268	3	Ġrecalled	14.567082
268	4	Ġwho	9.746037
268	5	Ġthe	4.823518
268	6	Ġjournalist	11.206913
268	7	Ġbelieved	8.864858
268	8	Ġthe	6.385518
268	9	Ġexecutive	13.371885
268	10	Ġdid	8.957776
268	11	Ġpromote	14.730869
268	12	Ġthe	3.580495
268	13	Ġsecretary	13.9652
268	14	Ġlast	12.130919
268	15	Ġweek	2.140037
268	16	.	1.63548
268	17	<|endoftext|>	6.06252
269	1	<|endoftext|>	0.0
269	2	They	9.396978
269	3	Ġrecalled	14.567082
269	4	Ġthat	3.308581
269	5	Ġthe	3.38853
269	6	Ġjournalist	13.259922
269	7	Ġbelieved	10.860951
269	8	Ġthe	3.109111
269	9	Ġtranscript	14.083513
269	10	Ġstated	12.040355
269	11	Ġdid	15.575954
269	12	Ġpromote	16.517212
269	13	Ġthe	2.49921
269	14	Ġsecretary	14.33658
269	15	Ġlast	15.743911
269	16	Ġweek	1.942241
269	17	.	3.184451
269	18	<|endoftext|>	5.558272
270	1	<|endoftext|>	0.0
270	2	They	9.396978
270	3	Ġrecalled	14.567082
270	4	Ġthat	3.308581
270	5	Ġthe	3.38853
270	6	Ġjournalist	13.259922
270	7	Ġbelieved	10.860951
270	8	Ġthe	3.109111
270	9	Ġtranscript	14.083513
270	10	Ġstated	12.040355
270	11	Ġthe	3.777802
270	12	Ġexecutive	12.489161
270	13	Ġdid	7.848867
270	14	Ġpromote	15.697048
270	15	Ġthe	2.032514
270	16	Ġsecretary	13.34323
270	17	Ġlast	13.599879
270	18	Ġweek	1.880605
270	19	.	1.812988
270	20	<|endoftext|>	5.563362
271	1	<|endoftext|>	0.0
271	2	They	9.396978
271	3	Ġrecalled	14.567082
271	4	Ġwho	9.746037
271	5	Ġthe	4.823518
271	6	Ġjournalist	11.206913
271	7	Ġbelieved	8.864858
271	8	Ġthe	6.385518
271	9	Ġtranscript	14.938397
271	10	Ġstated	11.645178
271	11	Ġdid	9.528747
271	12	Ġpromote	14.799009
271	13	Ġthe	2.606723
271	14	Ġsecretary	14.838882
271	15	Ġlast	15.493925
271	16	Ġweek	1.986276
271	17	.	1.749448
271	18	<|endoftext|>	5.956424
272	1	<|endoftext|>	0.0
272	2	They	9.396978
272	3	Ġrecalled	14.567082
272	4	Ġwho	9.746037
272	5	Ġthe	4.823518
272	6	Ġjournalist	11.206913
272	7	Ġbelieved	8.864858
272	8	Ġthe	6.385518
272	9	Ġtranscript	14.938397
272	10	Ġstated	11.645178
272	11	Ġthe	4.707476
272	12	Ġexecutive	12.622896
272	13	Ġdid	7.894619
272	14	Ġpromote	15.173011
272	15	Ġthe	3.18934
272	16	Ġsecretary	13.476331
272	17	Ġlast	13.288936
272	18	Ġweek	2.027939
272	19	.	1.319894
272	20	<|endoftext|>	5.919577
273	1	<|endoftext|>	0.0
273	2	They	9.396978
273	3	Ġrecalled	14.567082
273	4	Ġthat	3.308581
273	5	Ġthe	3.38853
273	6	Ġjournalist	13.259922
273	7	Ġbelieved	10.860951
273	8	Ġthe	3.109111
273	9	Ġtranscript	14.083513
273	10	Ġstated	12.040355
273	11	Ġhe	4.478599
273	12	Ġknew	5.949793
273	13	Ġdid	14.158935
273	14	Ġpromote	17.385311
273	15	Ġthe	2.616719
273	16	Ġsecretary	14.794421
273	17	Ġlast	15.706003
273	18	Ġweek	2.049332
273	19	.	1.681595
273	20	<|endoftext|>	5.553049
274	1	<|endoftext|>	0.0
274	2	They	9.396978
274	3	Ġrecalled	14.567082
274	4	Ġthat	3.308581
274	5	Ġthe	3.38853
274	6	Ġjournalist	13.259922
274	7	Ġbelieved	10.860951
274	8	Ġthe	3.109111
274	9	Ġtranscript	14.083513
274	10	Ġstated	12.040355
274	11	Ġhe	4.478599
274	12	Ġknew	5.949793
274	13	Ġthe	2.593611
274	14	Ġexecutive	12.590693
274	15	Ġdid	8.458556
274	16	Ġpromote	15.283512
274	17	Ġthe	2.438016
274	18	Ġsecretary	13.414724
274	19	Ġlast	13.540553
274	20	Ġweek	2.066307
274	21	.	1.494608
274	22	<|endoftext|>	5.633874
275	1	<|endoftext|>	0.0
275	2	They	9.396978
275	3	Ġrecalled	14.567082
275	4	Ġwho	9.746037
275	5	Ġthe	4.823518
275	6	Ġjournalist	11.206913
275	7	Ġbelieved	8.864858
275	8	Ġthe	6.385518
275	9	Ġtranscript	14.938397
275	10	Ġstated	11.645178
275	11	Ġhe	5.890199
275	12	Ġknew	5.739014
275	13	Ġdid	11.682367
275	14	Ġpromote	15.940462
275	15	Ġthe	2.661205
275	16	Ġsecretary	15.330454
275	17	Ġlast	15.215928
275	18	Ġweek	2.053366
275	19	.	1.252422
275	20	<|endoftext|>	5.93818
276	1	<|endoftext|>	0.0
276	2	They	9.396978
276	3	Ġrecalled	14.567082
276	4	Ġwho	9.746037
276	5	Ġthe	4.823518
276	6	Ġjournalist	11.206913
276	7	Ġbelieved	8.864858
276	8	Ġthe	6.385518
276	9	Ġtranscript	14.938397
276	10	Ġstated	11.645178
276	11	Ġhe	5.890199
276	12	Ġknew	5.739014
276	13	Ġthe	5.02649
276	14	Ġexecutive	12.837872
276	15	Ġdid	8.649623
276	16	Ġpromote	15.419794
276	17	Ġthe	3.123261
276	18	Ġsecretary	13.666812
276	19	Ġlast	13.213878
276	20	Ġweek	2.146985
276	21	.	1.150639
276	22	<|endoftext|>	5.975224
277	1	<|endoftext|>	0.0
277	2	They	9.396978
277	3	Ġrecalled	14.567082
277	4	Ġthat	3.308581
277	5	Ġthe	3.38853
277	6	Ġjournalist	13.259922
277	7	Ġbelieved	10.860951
277	8	Ġthe	3.109111
277	9	Ġtranscript	14.083513
277	10	Ġstated	12.040355
277	11	Ġhe	4.478599
277	12	Ġknew	5.949793
277	13	Ġdid	14.158935
277	14	Ġpromote	17.385311
277	15	Ġthe	2.616719
277	16	Ġsecretary	14.794421
277	17	Ġlast	15.706003
277	18	Ġweek	2.049332
277	19	.	1.681595
277	20	<|endoftext|>	5.553049
278	1	<|endoftext|>	0.0
278	2	They	9.396978
278	3	Ġrecalled	14.567082
278	4	Ġthat	3.308581
278	5	Ġthe	3.38853
278	6	Ġjournalist	13.259922
278	7	Ġbelieved	10.860951
278	8	Ġthe	3.109111
278	9	Ġtranscript	14.083513
278	10	Ġstated	12.040355
278	11	Ġhe	4.478599
278	12	Ġknew	5.949793
278	13	Ġthe	2.593611
278	14	Ġexecutive	12.590693
278	15	Ġdid	8.458556
278	16	Ġpromote	15.283512
278	17	Ġthe	2.438016
278	18	Ġsecretary	13.414724
278	19	Ġlast	13.540553
278	20	Ġweek	2.066307
278	21	.	1.494608
278	22	<|endoftext|>	5.633874
279	1	<|endoftext|>	0.0
279	2	They	9.396978
279	3	Ġrecalled	14.567082
279	4	Ġwho	9.746037
279	5	Ġthe	4.823518
279	6	Ġjournalist	11.206913
279	7	Ġbelieved	8.864858
279	8	Ġthe	6.385518
279	9	Ġtranscript	14.938397
279	10	Ġstated	11.645178
279	11	Ġhe	5.890199
279	12	Ġknew	5.739014
279	13	Ġdid	11.682367
279	14	Ġpromote	15.940462
279	15	Ġthe	2.661205
279	16	Ġsecretary	15.330454
279	17	Ġlast	15.215928
279	18	Ġweek	2.053366
279	19	.	1.252422
279	20	<|endoftext|>	5.93818
280	1	<|endoftext|>	0.0
280	2	They	9.396978
280	3	Ġrecalled	14.567082
280	4	Ġwho	9.746037
280	5	Ġthe	4.823518
280	6	Ġjournalist	11.206913
280	7	Ġbelieved	8.864858
280	8	Ġthe	6.385518
280	9	Ġtranscript	14.938397
280	10	Ġstated	11.645178
280	11	Ġhe	5.890199
280	12	Ġknew	5.739014
280	13	Ġthe	5.02649
280	14	Ġexecutive	12.837872
280	15	Ġdid	8.649623
280	16	Ġpromote	15.419794
280	17	Ġthe	3.123261
280	18	Ġsecretary	13.666812
280	19	Ġlast	13.213878
280	20	Ġweek	2.146985
280	21	.	1.150639
280	22	<|endoftext|>	5.975224
281	1	<|endoftext|>	0.0
281	2	They	9.396978
281	3	Ġreported	10.956426
281	4	Ġthat	2.208518
281	5	Ġcould	14.70095
281	6	Ġhave	4.051338
281	7	Ġabandoned	16.884056
281	8	Ġthe	2.131539
281	9	Ġchildren	8.800043
281	10	Ġon	6.015738
281	11	Ġthe	1.296394
281	12	Ġside	6.850479
281	13	Ġof	0.213177
281	14	Ġthe	0.298418
281	15	Ġroad	0.164535
281	16	.	2.281001
281	17	<|endoftext|>	5.313168
282	1	<|endoftext|>	0.0
282	2	They	9.396978
282	3	Ġreported	10.956426
282	4	Ġthat	2.208518
282	5	Ġthe	2.648968
282	6	Ġwoman	6.706941
282	7	Ġcould	8.775625
282	8	Ġhave	3.24954
282	9	Ġabandoned	13.871367
282	10	Ġthe	1.972836
282	11	Ġchildren	6.290515
282	12	Ġon	5.689696
282	13	Ġthe	1.178795
282	14	Ġside	6.139255
282	15	Ġof	0.174173
282	16	Ġthe	0.221793
282	17	Ġroad	0.118265
282	18	.	2.789366
282	19	<|endoftext|>	5.493832
283	1	<|endoftext|>	0.0
283	2	They	9.396978
283	3	Ġreported	10.956426
283	4	Ġwho	12.973917
283	5	Ġcould	8.26223
283	6	Ġhave	2.442658
283	7	Ġabandoned	12.926343
283	8	Ġthe	1.77972
283	9	Ġchildren	8.005037
283	10	Ġon	5.751376
283	11	Ġthe	1.370372
283	12	Ġside	7.309657
283	13	Ġof	0.19143
283	14	Ġthe	0.281595
283	15	Ġroad	0.176414
283	16	.	2.125616
283	17	<|endoftext|>	5.997579
284	1	<|endoftext|>	0.0
284	2	They	9.396978
284	3	Ġreported	10.956426
284	4	Ġwho	12.973917
284	5	Ġthe	4.219927
284	6	Ġwoman	5.979736
284	7	Ġcould	9.78655
284	8	Ġhave	2.418462
284	9	Ġabandoned	15.087922
284	10	Ġthe	3.679308
284	11	Ġchildren	6.187973
284	12	Ġon	6.043797
284	13	Ġthe	1.614438
284	14	Ġside	7.136637
284	15	Ġof	0.160542
284	16	Ġthe	0.273791
284	17	Ġroad	0.139427
284	18	.	1.713473
284	19	<|endoftext|>	5.700376
285	1	<|endoftext|>	0.0
285	2	They	9.396978
285	3	Ġreported	10.956426
285	4	Ġthat	2.208518
285	5	Ġthe	2.648968
285	6	Ġman	6.28552
285	7	Ġclaimed	9.163833
285	8	Ġcould	16.516328
285	9	Ġhave	2.549473
285	10	Ġabandoned	14.511254
285	11	Ġthe	1.728592
285	12	Ġchildren	7.314633
285	13	Ġon	5.643943
285	14	Ġthe	1.095904
285	15	Ġside	6.792646
285	16	Ġof	0.107602
285	17	Ġthe	0.293331
285	18	Ġroad	0.128191
285	19	.	2.341248
285	20	<|endoftext|>	5.574546
286	1	<|endoftext|>	0.0
286	2	They	9.396978
286	3	Ġreported	10.956426
286	4	Ġthat	2.208518
286	5	Ġthe	2.648968
286	6	Ġman	6.28552
286	7	Ġclaimed	9.163833
286	8	Ġthe	4.938829
286	9	Ġwoman	4.524271
286	10	Ġcould	8.199116
286	11	Ġhave	3.471083
286	12	Ġabandoned	13.094674
286	13	Ġthe	3.699533
286	14	Ġchildren	5.692605
286	15	Ġon	5.818402
286	16	Ġthe	1.127081
286	17	Ġside	6.048875
286	18	Ġof	0.12546
286	19	Ġthe	0.231879
286	20	Ġroad	0.105873
286	21	.	2.195047
286	22	<|endoftext|>	5.66772
287	1	<|endoftext|>	0.0
287	2	They	9.396978
287	3	Ġreported	10.956426
287	4	Ġwho	12.973917
287	5	Ġthe	4.219927
287	6	Ġman	4.470142
287	7	Ġclaimed	10.243755
287	8	Ġcould	10.586774
287	9	Ġhave	2.448277
287	10	Ġabandoned	14.161265
287	11	Ġthe	2.416708
287	12	Ġchildren	6.583087
287	13	Ġon	5.560553
287	14	Ġthe	1.203989
287	15	Ġside	7.480167
287	16	Ġof	0.114495
287	17	Ġthe	0.301322
287	18	Ġroad	0.137478
287	19	.	1.527949
287	20	<|endoftext|>	5.724446
288	1	<|endoftext|>	0.0
288	2	They	9.396978
288	3	Ġreported	10.956426
288	4	Ġwho	12.973917
288	5	Ġthe	4.219927
288	6	Ġman	4.470142
288	7	Ġclaimed	10.243755
288	8	Ġthe	7.873047
288	9	Ġwoman	4.49264
288	10	Ġcould	10.402137
288	11	Ġhave	2.519836
288	12	Ġabandoned	15.512667
288	13	Ġthe	4.821717
288	14	Ġchildren	5.515242
288	15	Ġon	5.669055
288	16	Ġthe	1.408191
288	17	Ġside	6.603043
288	18	Ġof	0.107139
288	19	Ġthe	0.295564
288	20	Ġroad	0.118313
288	21	.	1.325932
288	22	<|endoftext|>	5.524814
289	1	<|endoftext|>	0.0
289	2	They	9.396978
289	3	Ġreported	10.956426
289	4	Ġthat	2.208518
289	5	Ġthe	2.648968
289	6	Ġman	6.28552
289	7	Ġclaimed	9.163833
289	8	Ġhis	5.796255
289	9	Ġfriend	6.769814
289	10	Ġbelieved	10.79864
289	11	Ġcould	15.982964
289	12	Ġhave	2.164807
289	13	Ġabandoned	14.07919
289	14	Ġthe	2.850943
289	15	Ġchildren	6.943562
289	16	Ġon	6.413691
289	17	Ġthe	1.023514
289	18	Ġside	6.780145
289	19	Ġof	0.094653
289	20	Ġthe	0.281555
289	21	Ġroad	0.123374
289	22	.	1.620338
289	23	<|endoftext|>	5.827954
290	1	<|endoftext|>	0.0
290	2	They	9.396978
290	3	Ġreported	10.956426
290	4	Ġthat	2.208518
290	5	Ġthe	2.648968
290	6	Ġman	6.28552
290	7	Ġclaimed	9.163833
290	8	Ġhis	5.796255
290	9	Ġfriend	6.769814
290	10	Ġbelieved	10.79864
290	11	Ġthe	3.110857
290	12	Ġwoman	4.168074
290	13	Ġcould	7.78655
290	14	Ġhave	2.332922
290	15	Ġabandoned	12.360023
290	16	Ġthe	4.354239
290	17	Ġchildren	6.486902
290	18	Ġon	6.170885
290	19	Ġthe	1.031915
290	20	Ġside	6.193677
290	21	Ġof	0.111847
290	22	Ġthe	0.235317
290	23	Ġroad	0.098697
290	24	.	1.535093
290	25	<|endoftext|>	5.807514
291	1	<|endoftext|>	0.0
291	2	They	9.396978
291	3	Ġreported	10.956426
291	4	Ġwho	12.973917
291	5	Ġthe	4.219927
291	6	Ġman	4.470142
291	7	Ġclaimed	10.243755
291	8	Ġhis	9.922178
291	9	Ġfriend	5.785155
291	10	Ġbelieved	11.006887
291	11	Ġcould	8.566285
291	12	Ġhave	3.028397
291	13	Ġabandoned	13.960784
291	14	Ġthe	3.302405
291	15	Ġchildren	6.545973
291	16	Ġon	5.952245
291	17	Ġthe	1.288952
291	18	Ġside	7.323431
291	19	Ġof	0.090009
291	20	Ġthe	0.334768
291	21	Ġroad	0.13778
291	22	.	1.159388
291	23	<|endoftext|>	5.846668
292	1	<|endoftext|>	0.0
292	2	They	9.396978
292	3	Ġreported	10.956426
292	4	Ġwho	12.973917
292	5	Ġthe	4.219927
292	6	Ġman	4.470142
292	7	Ġclaimed	10.243755
292	8	Ġhis	9.922178
292	9	Ġfriend	5.785155
292	10	Ġbelieved	11.006887
292	11	Ġthe	8.030646
292	12	Ġwoman	4.633859
292	13	Ġcould	8.848927
292	14	Ġhave	2.611882
292	15	Ġabandoned	13.336395
292	16	Ġthe	4.908875
292	17	Ġchildren	6.296526
292	18	Ġon	5.927989
292	19	Ġthe	1.279762
292	20	Ġside	6.489958
292	21	Ġof	0.102929
292	22	Ġthe	0.299545
292	23	Ġroad	0.109918
292	24	.	1.090012
292	25	<|endoftext|>	5.6926
293	1	<|endoftext|>	0.0
293	2	They	9.396978
293	3	Ġreported	10.956426
293	4	Ġthat	2.208518
293	5	Ġthe	2.648968
293	6	Ġman	6.28552
293	7	Ġclaimed	9.163833
293	8	Ġhis	5.796255
293	9	Ġfriend	6.769814
293	10	Ġbelieved	10.79864
293	11	Ġhe	1.311693
293	12	Ġknew	7.796767
293	13	Ġcould	13.68521
293	14	Ġhave	3.922075
293	15	Ġabandoned	14.188022
293	16	Ġthe	2.243229
293	17	Ġchildren	6.692931
293	18	Ġon	7.025111
293	19	Ġthe	1.032003
293	20	Ġside	6.951848
293	21	Ġof	0.113617
293	22	Ġthe	0.264605
293	23	Ġroad	0.116511
293	24	.	1.498249
293	25	<|endoftext|>	5.827257
294	1	<|endoftext|>	0.0
294	2	They	9.396978
294	3	Ġreported	10.956426
294	4	Ġthat	2.208518
294	5	Ġthe	2.648968
294	6	Ġman	6.28552
294	7	Ġclaimed	9.163833
294	8	Ġhis	5.796255
294	9	Ġfriend	6.769814
294	10	Ġbelieved	10.79864
294	11	Ġhe	1.311693
294	12	Ġknew	7.796767
294	13	Ġthe	2.170891
294	14	Ġwoman	4.319644
294	15	Ġcould	11.582569
294	16	Ġhave	3.329026
294	17	Ġabandoned	13.177796
294	18	Ġthe	4.046218
294	19	Ġchildren	6.606976
294	20	Ġon	6.735061
294	21	Ġthe	1.055974
294	22	Ġside	6.431996
294	23	Ġof	0.138251
294	24	Ġthe	0.241813
294	25	Ġroad	0.1067
294	26	.	1.352512
294	27	<|endoftext|>	5.813689
295	1	<|endoftext|>	0.0
295	2	They	9.396978
295	3	Ġreported	10.956426
295	4	Ġwho	12.973917
295	5	Ġthe	4.219927
295	6	Ġman	4.470142
295	7	Ġclaimed	10.243755
295	8	Ġhis	9.922178
295	9	Ġfriend	5.785155
295	10	Ġbelieved	11.006887
295	11	Ġhe	5.503029
295	12	Ġknew	7.326017
295	13	Ġcould	10.317229
295	14	Ġhave	3.843412
295	15	Ġabandoned	13.797548
295	16	Ġthe	2.680204
295	17	Ġchildren	6.569957
295	18	Ġon	6.597212
295	19	Ġthe	1.272663
295	20	Ġside	7.329381
295	21	Ġof	0.098344
295	22	Ġthe	0.326016
295	23	Ġroad	0.126626
295	24	.	1.107467
295	25	<|endoftext|>	5.776683
296	1	<|endoftext|>	0.0
296	2	They	9.396978
296	3	Ġreported	10.956426
296	4	Ġwho	12.973917
296	5	Ġthe	4.219927
296	6	Ġman	4.470142
296	7	Ġclaimed	10.243755
296	8	Ġhis	9.922178
296	9	Ġfriend	5.785155
296	10	Ġbelieved	11.006887
296	11	Ġhe	5.503029
296	12	Ġknew	7.326017
296	13	Ġthe	6.547501
296	14	Ġwoman	4.838813
296	15	Ġcould	9.908255
296	16	Ġhave	3.584018
296	17	Ġabandoned	13.318297
296	18	Ġthe	4.189908
296	19	Ġchildren	6.618455
296	20	Ġon	6.344529
296	21	Ġthe	1.223371
296	22	Ġside	6.534541
296	23	Ġof	0.135192
296	24	Ġthe	0.297363
296	25	Ġroad	0.111495
296	26	.	1.069513
296	27	<|endoftext|>	5.656545
297	1	<|endoftext|>	0.0
297	2	They	9.396978
297	3	Ġreported	10.956426
297	4	Ġthat	2.208518
297	5	Ġthe	2.648968
297	6	Ġman	6.28552
297	7	Ġclaimed	9.163833
297	8	Ġhis	5.796255
297	9	Ġfriend	6.769814
297	10	Ġbelieved	10.79864
297	11	Ġhe	1.311693
297	12	Ġknew	7.796767
297	13	Ġcould	13.68521
297	14	Ġhave	3.922075
297	15	Ġabandoned	14.188022
297	16	Ġthe	2.243229
297	17	Ġchildren	6.692931
297	18	Ġon	7.025111
297	19	Ġthe	1.032003
297	20	Ġside	6.951848
297	21	Ġof	0.113617
297	22	Ġthe	0.264605
297	23	Ġroad	0.116511
297	24	.	1.498249
297	25	<|endoftext|>	5.827257
298	1	<|endoftext|>	0.0
298	2	They	9.396978
298	3	Ġreported	10.956426
298	4	Ġthat	2.208518
298	5	Ġthe	2.648968
298	6	Ġman	6.28552
298	7	Ġclaimed	9.163833
298	8	Ġhis	5.796255
298	9	Ġfriend	6.769814
298	10	Ġbelieved	10.79864
298	11	Ġhe	1.311693
298	12	Ġknew	7.796767
298	13	Ġthe	2.170891
298	14	Ġwoman	4.319644
298	15	Ġcould	11.582569
298	16	Ġhave	3.329026
298	17	Ġabandoned	13.177796
298	18	Ġthe	4.046218
298	19	Ġchildren	6.606976
298	20	Ġon	6.735061
298	21	Ġthe	1.055974
298	22	Ġside	6.431996
298	23	Ġof	0.138251
298	24	Ġthe	0.241813
298	25	Ġroad	0.1067
298	26	.	1.352512
298	27	<|endoftext|>	5.813689
299	1	<|endoftext|>	0.0
299	2	They	9.396978
299	3	Ġreported	10.956426
299	4	Ġwho	12.973917
299	5	Ġthe	4.219927
299	6	Ġman	4.470142
299	7	Ġclaimed	10.243755
299	8	Ġhis	9.922178
299	9	Ġfriend	5.785155
299	10	Ġbelieved	11.006887
299	11	Ġhe	5.503029
299	12	Ġknew	7.326017
299	13	Ġcould	10.317229
299	14	Ġhave	3.843412
299	15	Ġabandoned	13.797548
299	16	Ġthe	2.680204
299	17	Ġchildren	6.569957
299	18	Ġon	6.597212
299	19	Ġthe	1.272663
299	20	Ġside	7.329381
299	21	Ġof	0.098344
299	22	Ġthe	0.326016
299	23	Ġroad	0.126626
299	24	.	1.107467
299	25	<|endoftext|>	5.776683
300	1	<|endoftext|>	0.0
300	2	They	9.396978
300	3	Ġreported	10.956426
300	4	Ġwho	12.973917
300	5	Ġthe	4.219927
300	6	Ġman	4.470142
300	7	Ġclaimed	10.243755
300	8	Ġhis	9.922178
300	9	Ġfriend	5.785155
300	10	Ġbelieved	11.006887
300	11	Ġhe	5.503029
300	12	Ġknew	7.326017
300	13	Ġthe	6.547501
300	14	Ġwoman	4.838813
300	15	Ġcould	9.908255
300	16	Ġhave	3.584018
300	17	Ġabandoned	13.318297
300	18	Ġthe	4.189908
300	19	Ġchildren	6.618455
300	20	Ġon	6.344529
300	21	Ġthe	1.223371
300	22	Ġside	6.534541
300	23	Ġof	0.135192
300	24	Ġthe	0.297363
300	25	Ġroad	0.111495
300	26	.	1.069513
300	27	<|endoftext|>	5.656545
301	1	<|endoftext|>	0.0
301	2	He	8.582737
301	3	Ġreported	12.331583
301	4	Ġthat	2.374091
301	5	Ġmight	16.063634
301	6	Ġhave	2.435245
301	7	Ġreassured	14.442257
301	8	Ġthe	3.163066
301	9	Ġpatient	10.534529
301	10	Ġbefore	8.048499
301	11	Ġsurgery	6.930386
301	12	.	1.808289
301	13	<|endoftext|>	4.935345
302	1	<|endoftext|>	0.0
302	2	He	8.582737
302	3	Ġreported	12.331583
302	4	Ġthat	2.374096
302	5	Ġthe	2.664716
302	6	Ġdoctor	10.428659
302	7	Ġmight	10.522677
302	8	Ġhave	1.125806
302	9	Ġreassured	14.052829
302	10	Ġthe	3.648654
302	11	Ġpatient	1.641676
302	12	Ġbefore	7.775889
302	13	Ġsurgery	6.182318
302	14	.	2.311801
302	15	<|endoftext|>	5.004536
303	1	<|endoftext|>	0.0
303	2	He	8.582737
303	3	Ġreported	12.331583
303	4	Ġwho	12.870041
303	5	Ġmight	8.175609
303	6	Ġhave	1.809604
303	7	Ġreassured	18.233566
303	8	Ġthe	4.468397
303	9	Ġpatient	10.4216
303	10	Ġbefore	7.411499
303	11	Ġsurgery	6.54625
303	12	.	1.667918
303	13	<|endoftext|>	5.51461
304	1	<|endoftext|>	0.0
304	2	He	8.582737
304	3	Ġreported	12.331583
304	4	Ġwho	12.870045
304	5	Ġthe	4.073936
304	6	Ġdoctor	10.163121
304	7	Ġmight	8.105807
304	8	Ġhave	2.826217
304	9	Ġreassured	18.16401
304	10	Ġthe	6.163293
304	11	Ġpatient	2.923975
304	12	Ġbefore	6.844353
304	13	Ġsurgery	6.789513
304	14	.	1.348594
304	15	<|endoftext|>	5.423369
305	1	<|endoftext|>	0.0
305	2	He	8.582738
305	3	Ġreported	12.331528
305	4	Ġthat	2.37405
305	5	Ġthe	2.664666
305	6	Ġnurse	12.591829
305	7	Ġbelieved	9.356375
305	8	Ġmight	15.904685
305	9	Ġhave	1.119579
305	10	Ġreassured	16.871105
305	11	Ġthe	3.972193
305	12	Ġpatient	2.164113
305	13	Ġbefore	7.776949
305	14	Ġsurgery	7.697229
305	15	.	1.924249
305	16	<|endoftext|>	4.993652
306	1	<|endoftext|>	0.0
306	2	He	8.582732
306	3	Ġreported	12.331528
306	4	Ġthat	2.374054
306	5	Ġthe	2.664676
306	6	Ġnurse	12.591839
306	7	Ġbelieved	9.356385
306	8	Ġthe	2.852142
306	9	Ġdoctor	7.174712
306	10	Ġmight	7.428326
306	11	Ġhave	0.860952
306	12	Ġreassured	15.674469
306	13	Ġthe	4.461546
306	14	Ġpatient	0.884775
306	15	Ġbefore	7.602389
306	16	Ġsurgery	7.612943
306	17	.	1.642139
306	18	<|endoftext|>	4.954129
307	1	<|endoftext|>	0.0
307	2	He	8.582738
307	3	Ġreported	12.331528
307	4	Ġwho	12.869989
307	5	Ġthe	4.073953
307	6	Ġnurse	12.710883
307	7	Ġbelieved	7.73643
307	8	Ġmight	8.59475
307	9	Ġhave	1.883968
307	10	Ġreassured	19.293539
307	11	Ġthe	4.695495
307	12	Ġpatient	3.40813
307	13	Ġbefore	7.132145
307	14	Ġsurgery	8.109323
307	15	.	1.168776
307	16	<|endoftext|>	5.114036
308	1	<|endoftext|>	0.0
308	2	He	8.582732
308	3	Ġreported	12.331528
308	4	Ġwho	12.869993
308	5	Ġthe	4.073953
308	6	Ġnurse	12.71089
308	7	Ġbelieved	7.736395
308	8	Ġthe	6.584952
308	9	Ġdoctor	7.055103
308	10	Ġmight	6.315927
308	11	Ġhave	2.346115
308	12	Ġreassured	18.473551
308	13	Ġthe	6.279623
308	14	Ġpatient	1.778926
308	15	Ġbefore	6.7935
308	16	Ġsurgery	8.065347
308	17	.	1.033863
308	18	<|endoftext|>	4.948898
309	1	<|endoftext|>	0.0
309	2	He	8.582732
309	3	Ġreported	12.331528
309	4	Ġthat	2.374054
309	5	Ġthe	2.664676
309	6	Ġnurse	12.591839
309	7	Ġbelieved	9.356385
309	8	Ġthe	2.852142
309	9	Ġwoman	4.128963
309	10	Ġthought	10.593427
309	11	Ġmight	14.235909
309	12	Ġhave	1.830367
309	13	Ġreassured	19.073476
309	14	Ġthe	4.472517
309	15	Ġpatient	3.017025
309	16	Ġbefore	7.803064
309	17	Ġsurgery	9.857696
309	18	.	1.373687
309	19	<|endoftext|>	4.907997
310	1	<|endoftext|>	0.0
310	2	He	8.582732
310	3	Ġreported	12.331528
310	4	Ġthat	2.374054
310	5	Ġthe	2.664676
310	6	Ġnurse	12.591839
310	7	Ġbelieved	9.356385
310	8	Ġthe	2.852142
310	9	Ġwoman	4.128963
310	10	Ġthought	10.593427
310	11	Ġthe	3.192168
310	12	Ġdoctor	6.833011
310	13	Ġmight	6.05791
310	14	Ġhave	1.475279
310	15	Ġreassured	17.306161
310	16	Ġthe	5.644464
310	17	Ġpatient	1.430885
310	18	Ġbefore	7.726878
310	19	Ġsurgery	8.612579
310	20	.	1.214597
310	21	<|endoftext|>	4.782258
311	1	<|endoftext|>	0.0
311	2	He	8.582732
311	3	Ġreported	12.331528
311	4	Ġwho	12.869993
311	5	Ġthe	4.073953
311	6	Ġnurse	12.71089
311	7	Ġbelieved	7.736395
311	8	Ġthe	6.584952
311	9	Ġwoman	3.537509
311	10	Ġthought	11.027246
311	11	Ġmight	6.531469
311	12	Ġhave	2.505465
311	13	Ġreassured	19.860594
311	14	Ġthe	5.176841
311	15	Ġpatient	4.272549
311	16	Ġbefore	7.289292
311	17	Ġsurgery	9.821281
311	18	.	0.9236
311	19	<|endoftext|>	4.769028
312	1	<|endoftext|>	0.0
312	2	He	8.582732
312	3	Ġreported	12.331528
312	4	Ġwho	12.869993
312	5	Ġthe	4.073953
312	6	Ġnurse	12.71089
312	7	Ġbelieved	7.736395
312	8	Ġthe	6.584952
312	9	Ġwoman	3.537509
312	10	Ġthought	11.027246
312	11	Ġthe	4.977725
312	12	Ġdoctor	7.218043
312	13	Ġmight	4.711839
312	14	Ġhave	2.595538
312	15	Ġreassured	18.23609
312	16	Ġthe	6.761144
312	17	Ġpatient	2.030642
312	18	Ġbefore	6.878278
312	19	Ġsurgery	8.669055
312	20	.	0.815738
312	21	<|endoftext|>	4.577563
313	1	<|endoftext|>	0.0
313	2	He	8.582732
313	3	Ġreported	12.331528
313	4	Ġthat	2.374054
313	5	Ġthe	2.664676
313	6	Ġnurse	12.591839
313	7	Ġbelieved	9.356385
313	8	Ġthe	2.852142
313	9	Ġwoman	4.128963
313	10	Ġthought	10.593427
313	11	Ġshe	1.717674
313	12	Ġrecalled	14.74257
313	13	Ġmight	15.661425
313	14	Ġhave	1.415833
313	15	Ġreassured	16.561252
313	16	Ġthe	3.809767
313	17	Ġpatient	2.91546
313	18	Ġbefore	7.683029
313	19	Ġsurgery	10.116385
313	20	.	1.23187
313	21	<|endoftext|>	4.781718
314	1	<|endoftext|>	0.0
314	2	He	8.582732
314	3	Ġreported	12.331528
314	4	Ġthat	2.374054
314	5	Ġthe	2.664676
314	6	Ġnurse	12.591839
314	7	Ġbelieved	9.356385
314	8	Ġthe	2.852142
314	9	Ġwoman	4.128963
314	10	Ġthought	10.593427
314	11	Ġshe	1.717674
314	12	Ġrecalled	14.74257
314	13	Ġthe	3.489611
314	14	Ġdoctor	8.133345
314	15	Ġmight	14.887089
314	16	Ġhave	1.374969
314	17	Ġreassured	14.720061
314	18	Ġthe	5.32424
314	19	Ġpatient	1.561399
314	20	Ġbefore	7.280841
314	21	Ġsurgery	9.145997
314	22	.	1.127948
314	23	<|endoftext|>	4.774436
315	1	<|endoftext|>	0.0
315	2	He	8.582732
315	3	Ġreported	12.331528
315	4	Ġwho	12.869993
315	5	Ġthe	4.073953
315	6	Ġnurse	12.71089
315	7	Ġbelieved	7.736395
315	8	Ġthe	6.584952
315	9	Ġwoman	3.537509
315	10	Ġthought	11.027246
315	11	Ġshe	2.776688
315	12	Ġrecalled	15.805156
315	13	Ġmight	13.207756
315	14	Ġhave	2.234695
315	15	Ġreassured	17.942323
315	16	Ġthe	4.599585
315	17	Ġpatient	4.256184
315	18	Ġbefore	7.494637
315	19	Ġsurgery	10.076371
315	20	.	0.932009
315	21	<|endoftext|>	4.682619
316	1	<|endoftext|>	0.0
316	2	He	8.582732
316	3	Ġreported	12.331528
316	4	Ġwho	12.869993
316	5	Ġthe	4.073953
316	6	Ġnurse	12.71089
316	7	Ġbelieved	7.736395
316	8	Ġthe	6.584952
316	9	Ġwoman	3.537509
316	10	Ġthought	11.027246
316	11	Ġshe	2.776688
316	12	Ġrecalled	15.805156
316	13	Ġthe	6.706118
316	14	Ġdoctor	8.385772
316	15	Ġmight	13.03623
316	16	Ġhave	1.914282
316	17	Ġreassured	15.355907
316	18	Ġthe	5.708359
316	19	Ġpatient	2.347759
316	20	Ġbefore	6.921749
316	21	Ġsurgery	9.256272
316	22	.	0.852127
316	23	<|endoftext|>	4.532387
317	1	<|endoftext|>	0.0
317	2	He	8.582732
317	3	Ġreported	12.331528
317	4	Ġthat	2.374054
317	5	Ġthe	2.664676
317	6	Ġnurse	12.591839
317	7	Ġbelieved	9.356385
317	8	Ġthe	2.852142
317	9	Ġwoman	4.128963
317	10	Ġthought	10.593427
317	11	Ġshe	1.717674
317	12	Ġrecalled	14.74257
317	13	Ġmight	15.661425
317	14	Ġhave	1.415833
317	15	Ġreassured	16.561252
317	16	Ġthe	3.809767
317	17	Ġpatient	2.91546
317	18	Ġbefore	7.683029
317	19	Ġsurgery	10.116385
317	20	.	1.23187
317	21	<|endoftext|>	4.781718
318	1	<|endoftext|>	0.0
318	2	He	8.582732
318	3	Ġreported	12.331528
318	4	Ġthat	2.374054
318	5	Ġthe	2.664676
318	6	Ġnurse	12.591839
318	7	Ġbelieved	9.356385
318	8	Ġthe	2.852142
318	9	Ġwoman	4.128963
318	10	Ġthought	10.593427
318	11	Ġshe	1.717674
318	12	Ġrecalled	14.74257
318	13	Ġthe	3.489611
318	14	Ġdoctor	8.133345
318	15	Ġmight	14.887089
318	16	Ġhave	1.374969
318	17	Ġreassured	14.720061
318	18	Ġthe	5.32424
318	19	Ġpatient	1.561399
318	20	Ġbefore	7.280841
318	21	Ġsurgery	9.145997
318	22	.	1.127948
318	23	<|endoftext|>	4.774436
319	1	<|endoftext|>	0.0
319	2	He	8.582732
319	3	Ġreported	12.331528
319	4	Ġwho	12.869993
319	5	Ġthe	4.073953
319	6	Ġnurse	12.71089
319	7	Ġbelieved	7.736395
319	8	Ġthe	6.584952
319	9	Ġwoman	3.537509
319	10	Ġthought	11.027246
319	11	Ġshe	2.776688
319	12	Ġrecalled	15.805156
319	13	Ġmight	13.207756
319	14	Ġhave	2.234695
319	15	Ġreassured	17.942323
319	16	Ġthe	4.599585
319	17	Ġpatient	4.256184
319	18	Ġbefore	7.494637
319	19	Ġsurgery	10.076371
319	20	.	0.932009
319	21	<|endoftext|>	4.682619
320	1	<|endoftext|>	0.0
320	2	He	8.582732
320	3	Ġreported	12.331528
320	4	Ġwho	12.869993
320	5	Ġthe	4.073953
320	6	Ġnurse	12.71089
320	7	Ġbelieved	7.736395
320	8	Ġthe	6.584952
320	9	Ġwoman	3.537509
320	10	Ġthought	11.027246
320	11	Ġshe	2.776688
320	12	Ġrecalled	15.805156
320	13	Ġthe	6.706118
320	14	Ġdoctor	8.385772
320	15	Ġmight	13.03623
320	16	Ġhave	1.914282
320	17	Ġreassured	15.355907
320	18	Ġthe	5.708359
320	19	Ġpatient	2.347759
320	20	Ġbefore	6.921749
320	21	Ġsurgery	9.256272
320	22	.	0.852127
320	23	<|endoftext|>	4.532387
321	1	<|endoftext|>	0.0
321	2	They	9.39695
321	3	Ġknow	7.895996
321	4	Ġthat	2.878176
321	5	Ġshould	12.638353
321	6	Ġthank	16.280311
321	7	Ġthe	3.783779
321	8	Ġtailor	16.566497
321	9	Ġon	7.723896
321	10	Ġthe	1.249584
321	11	Ġstreet	5.229156
321	12	.	1.743702
321	13	<|endoftext|>	5.320552
322	1	<|endoftext|>	0.0
322	2	They	9.396972
322	3	Ġknow	7.895986
322	4	Ġthat	2.878197
322	5	Ġthe	3.62555
322	6	Ġold	9.719177
322	7	Ġman	4.618079
322	8	Ġshould	8.260586
322	9	Ġthank	10.992815
322	10	Ġthe	2.71705
322	11	Ġtailor	14.829194
322	12	Ġon	7.897561
322	13	Ġthe	0.962738
322	14	Ġstreet	4.166814
322	15	.	2.507655
322	16	<|endoftext|>	6.882968
323	1	<|endoftext|>	0.0
323	2	They	9.39695
323	3	Ġknow	7.895996
323	4	Ġwho	5.464134
323	5	Ġshould	9.316829
323	6	Ġthank	13.317964
323	7	Ġthe	2.713529
323	8	Ġtailor	17.576067
323	9	Ġon	7.633602
323	10	Ġthe	1.407151
323	11	Ġstreet	5.357876
323	12	.	2.031636
323	13	<|endoftext|>	6.16299
324	1	<|endoftext|>	0.0
324	2	They	9.396972
324	3	Ġknow	7.895986
324	4	Ġwho	5.464167
324	5	Ġthe	4.252055
324	6	Ġold	10.069825
324	7	Ġman	2.409996
324	8	Ġshould	11.025083
324	9	Ġthank	11.113893
324	10	Ġthe	4.851287
324	11	Ġtailor	17.681697
324	12	Ġon	7.837764
324	13	Ġthe	1.174324
324	14	Ġstreet	3.873731
324	15	.	2.094918
324	16	<|endoftext|>	6.191295
325	1	<|endoftext|>	0.0
325	2	They	9.396972
325	3	Ġknow	7.895986
325	4	Ġthat	2.878197
325	5	Ġthe	3.62555
325	6	Ġnurse	15.429651
325	7	Ġsaid	6.823719
325	8	Ġshould	13.295592
325	9	Ġthank	14.879629
325	10	Ġthe	4.031255
325	11	Ġtailor	14.836814
325	12	Ġon	7.724978
325	13	Ġthe	1.196874
325	14	Ġstreet	6.164197
325	15	.	1.96121
325	16	<|endoftext|>	6.125712
326	1	<|endoftext|>	0.0
326	2	They	9.396978
326	3	Ġknow	7.895982
326	4	Ġthat	2.878192
326	5	Ġthe	3.625553
326	6	Ġnurse	15.42964
326	7	Ġsaid	6.823718
326	8	Ġthe	4.139491
326	9	Ġold	11.303836
326	10	Ġman	1.897075
326	11	Ġshould	6.814308
326	12	Ġthank	11.070431
326	13	Ġthe	3.057618
326	14	Ġtailor	13.79923
326	15	Ġon	7.886806
326	16	Ġthe	1.169779
326	17	Ġstreet	4.542634
326	18	.	2.352866
326	19	<|endoftext|>	7.185199
327	1	<|endoftext|>	0.0
327	2	They	9.396972
327	3	Ġknow	7.895986
327	4	Ġwho	5.464167
327	5	Ġthe	4.252055
327	6	Ġnurse	15.020955
327	7	Ġsaid	6.627214
327	8	Ġshould	10.597132
327	9	Ġthank	13.089957
327	10	Ġthe	3.816818
327	11	Ġtailor	16.04349
327	12	Ġon	7.682984
327	13	Ġthe	1.262815
327	14	Ġstreet	5.941579
327	15	.	1.346534
327	16	<|endoftext|>	5.463003
328	1	<|endoftext|>	0.0
328	2	They	9.396978
328	3	Ġknow	7.895982
328	4	Ġwho	5.464162
328	5	Ġthe	4.252062
328	6	Ġnurse	15.020937
328	7	Ġsaid	6.627221
328	8	Ġthe	6.224771
328	9	Ġold	12.387467
328	10	Ġman	1.446742
328	11	Ġshould	10.293576
328	12	Ġthank	10.568079
328	13	Ġthe	6.506999
328	14	Ġtailor	16.427506
328	15	Ġon	8.055936
328	16	Ġthe	1.080811
328	17	Ġstreet	3.897462
328	18	.	1.634111
328	19	<|endoftext|>	6.090415
329	1	<|endoftext|>	0.0
329	2	They	9.396978
329	3	Ġknow	7.895982
329	4	Ġthat	2.878192
329	5	Ġthe	3.625553
329	6	Ġnurse	15.42964
329	7	Ġsaid	6.823718
329	8	Ġthe	4.139491
329	9	Ġassistant	12.107482
329	10	Ġknew	8.442243
329	11	Ġshould	14.122146
329	12	Ġthank	15.613416
329	13	Ġthe	3.444019
329	14	Ġtailor	14.459875
329	15	Ġon	7.45477
329	16	Ġthe	1.203708
329	17	Ġstreet	6.851431
329	18	.	1.697771
329	19	<|endoftext|>	7.012259
330	1	<|endoftext|>	0.0
330	2	They	9.396978
330	3	Ġknow	7.895982
330	4	Ġthat	2.878192
330	5	Ġthe	3.625553
330	6	Ġnurse	15.42964
330	7	Ġsaid	6.823718
330	8	Ġthe	4.139491
330	9	Ġassistant	12.107482
330	10	Ġknew	8.442243
330	11	Ġthe	3.25304
330	12	Ġold	11.818681
330	13	Ġman	1.468517
330	14	Ġshould	10.088428
330	15	Ġthank	12.465966
330	16	Ġthe	3.052597
330	17	Ġtailor	13.620732
330	18	Ġon	7.354341
330	19	Ġthe	1.15779
330	20	Ġstreet	5.369614
330	21	.	1.881917
330	22	<|endoftext|>	7.509269
331	1	<|endoftext|>	0.0
331	2	They	9.396978
331	3	Ġknow	7.895982
331	4	Ġwho	5.464162
331	5	Ġthe	4.252062
331	6	Ġnurse	15.020937
331	7	Ġsaid	6.627221
331	8	Ġthe	6.224771
331	9	Ġassistant	12.123434
331	10	Ġknew	9.371527
331	11	Ġshould	11.499034
331	12	Ġthank	14.623143
331	13	Ġthe	3.322483
331	14	Ġtailor	15.792175
331	15	Ġon	7.257799
331	16	Ġthe	1.313125
331	17	Ġstreet	6.302877
331	18	.	1.177753
331	19	<|endoftext|>	5.776771
332	1	<|endoftext|>	0.0
332	2	They	9.396978
332	3	Ġknow	7.895982
332	4	Ġwho	5.464162
332	5	Ġthe	4.252062
332	6	Ġnurse	15.020937
332	7	Ġsaid	6.627221
332	8	Ġthe	6.224771
332	9	Ġassistant	12.123434
332	10	Ġknew	9.371527
332	11	Ġthe	6.121145
332	12	Ġold	12.312216
332	13	Ġman	1.483909
332	14	Ġshould	10.887636
332	15	Ġthank	12.064626
332	16	Ġthe	4.355289
332	17	Ġtailor	15.065448
332	18	Ġon	7.314797
332	19	Ġthe	1.228918
332	20	Ġstreet	4.913412
332	21	.	1.39581
332	22	<|endoftext|>	6.164182
333	1	<|endoftext|>	0.0
333	2	They	9.396978
333	3	Ġknow	7.895982
333	4	Ġthat	2.878192
333	5	Ġthe	3.625553
333	6	Ġnurse	15.42964
333	7	Ġsaid	6.823718
333	8	Ġthe	4.139491
333	9	Ġassistant	12.107482
333	10	Ġknew	8.442243
333	11	Ġshe	4.064766
333	12	Ġsaw	9.440219
333	13	Ġshould	17.032266
333	14	Ġthank	16.992029
333	15	Ġthe	2.973137
333	16	Ġtailor	14.388242
333	17	Ġon	6.637809
333	18	Ġthe	1.16078
333	19	Ġstreet	6.451159
333	20	.	1.641945
333	21	<|endoftext|>	7.141511
334	1	<|endoftext|>	0.0
334	2	They	9.396978
334	3	Ġknow	7.895982
334	4	Ġthat	2.878192
334	5	Ġthe	3.625553
334	6	Ġnurse	15.42964
334	7	Ġsaid	6.823718
334	8	Ġthe	4.139491
334	9	Ġassistant	12.107482
334	10	Ġknew	8.442243
334	11	Ġshe	4.064766
334	12	Ġsaw	9.440219
334	13	Ġthe	2.116785
334	14	Ġold	11.578285
334	15	Ġman	1.715312
334	16	Ġshould	14.054585
334	17	Ġthank	12.95429
334	18	Ġthe	3.320896
334	19	Ġtailor	14.167946
334	20	Ġon	6.956521
334	21	Ġthe	1.075536
334	22	Ġstreet	5.367615
334	23	.	1.727415
334	24	<|endoftext|>	7.209813
335	1	<|endoftext|>	0.0
335	2	They	9.396978
335	3	Ġknow	7.895982
335	4	Ġwho	5.464162
335	5	Ġthe	4.252062
335	6	Ġnurse	15.020937
335	7	Ġsaid	6.627221
335	8	Ġthe	6.224771
335	9	Ġassistant	12.123434
335	10	Ġknew	9.371527
335	11	Ġshe	6.326995
335	12	Ġsaw	10.91443
335	13	Ġshould	13.137921
335	14	Ġthank	15.36844
335	15	Ġthe	2.862735
335	16	Ġtailor	15.991017
335	17	Ġon	6.539444
335	18	Ġthe	1.376079
335	19	Ġstreet	5.957856
335	20	.	1.13793
335	21	<|endoftext|>	5.926378
336	1	<|endoftext|>	0.0
336	2	They	9.396978
336	3	Ġknow	7.895982
336	4	Ġwho	5.464162
336	5	Ġthe	4.252062
336	6	Ġnurse	15.020937
336	7	Ġsaid	6.627221
336	8	Ġthe	6.224771
336	9	Ġassistant	12.123434
336	10	Ġknew	9.371527
336	11	Ġshe	6.326995
336	12	Ġsaw	10.91443
336	13	Ġthe	4.955201
336	14	Ġold	11.678544
336	15	Ġman	1.827392
336	16	Ġshould	13.861017
336	17	Ġthank	12.697893
336	18	Ġthe	3.315671
336	19	Ġtailor	15.640578
336	20	Ġon	6.77912
336	21	Ġthe	1.205704
336	22	Ġstreet	5.164175
336	23	.	1.344086
336	24	<|endoftext|>	5.744391
337	1	<|endoftext|>	0.0
337	2	They	9.396978
337	3	Ġknow	7.895982
337	4	Ġthat	2.878192
337	5	Ġthe	3.625553
337	6	Ġnurse	15.42964
337	7	Ġsaid	6.823718
337	8	Ġthe	4.139491
337	9	Ġassistant	12.107482
337	10	Ġknew	8.442243
337	11	Ġshe	4.064766
337	12	Ġsaw	9.440219
337	13	Ġshould	17.032266
337	14	Ġthank	16.992029
337	15	Ġthe	2.973137
337	16	Ġtailor	14.388242
337	17	Ġon	6.637809
337	18	Ġthe	1.16078
337	19	Ġstreet	6.451159
337	20	.	1.641945
337	21	<|endoftext|>	7.141511
338	1	<|endoftext|>	0.0
338	2	They	9.396978
338	3	Ġknow	7.895982
338	4	Ġthat	2.878192
338	5	Ġthe	3.625553
338	6	Ġnurse	15.42964
338	7	Ġsaid	6.823718
338	8	Ġthe	4.139491
338	9	Ġassistant	12.107482
338	10	Ġknew	8.442243
338	11	Ġshe	4.064766
338	12	Ġsaw	9.440219
338	13	Ġthe	2.116785
338	14	Ġold	11.578285
338	15	Ġman	1.715312
338	16	Ġshould	14.054585
338	17	Ġthank	12.95429
338	18	Ġthe	3.320896
338	19	Ġtailor	14.167946
338	20	Ġon	6.956521
338	21	Ġthe	1.075536
338	22	Ġstreet	5.367615
338	23	.	1.727415
338	24	<|endoftext|>	7.209813
339	1	<|endoftext|>	0.0
339	2	They	9.396978
339	3	Ġknow	7.895982
339	4	Ġwho	5.464162
339	5	Ġthe	4.252062
339	6	Ġnurse	15.020937
339	7	Ġsaid	6.627221
339	8	Ġthe	6.224771
339	9	Ġassistant	12.123434
339	10	Ġknew	9.371527
339	11	Ġshe	6.326995
339	12	Ġsaw	10.91443
339	13	Ġshould	13.137921
339	14	Ġthank	15.36844
339	15	Ġthe	2.862735
339	16	Ġtailor	15.991017
339	17	Ġon	6.539444
339	18	Ġthe	1.376079
339	19	Ġstreet	5.957856
339	20	.	1.13793
339	21	<|endoftext|>	5.926378
340	1	<|endoftext|>	0.0
340	2	They	9.396978
340	3	Ġknow	7.895982
340	4	Ġwho	5.464162
340	5	Ġthe	4.252062
340	6	Ġnurse	15.020937
340	7	Ġsaid	6.627221
340	8	Ġthe	6.224771
340	9	Ġassistant	12.123434
340	10	Ġknew	9.371527
340	11	Ġshe	6.326995
340	12	Ġsaw	10.91443
340	13	Ġthe	4.955201
340	14	Ġold	11.678544
340	15	Ġman	1.827392
340	16	Ġshould	13.861017
340	17	Ġthank	12.697893
340	18	Ġthe	3.315671
340	19	Ġtailor	15.640578
340	20	Ġon	6.77912
340	21	Ġthe	1.205704
340	22	Ġstreet	5.164175
340	23	.	1.344086
340	24	<|endoftext|>	5.744391
341	1	<|endoftext|>	0.0
341	2	She	9.588393
341	3	Ġknows	8.547399
341	4	Ġthat	3.373155
341	5	Ġdid	13.532609
341	6	Ġinterrog	23.010541
341	7	ate	2.574028
341	8	Ġthe	4.220192
341	9	Ġcriminal	10.931428
341	10	Ġlast	12.009917
341	11	Ġnight	2.431652
341	12	.	1.682178
341	13	<|endoftext|>	7.633854
342	1	<|endoftext|>	0.0
342	2	She	9.588393
342	3	Ġknows	8.547399
342	4	Ġthat	3.373149
342	5	Ġthe	4.09474
342	6	Ġinspectors	16.323669
342	7	Ġdid	6.880434
342	8	Ġinterrog	14.94721
342	9	ate	0.042285
342	10	Ġthe	3.611684
342	11	Ġcriminal	11.826688
342	12	Ġlast	11.855997
342	13	Ġnight	3.03368
342	14	.	2.011457
342	15	<|endoftext|>	8.539469
343	1	<|endoftext|>	0.0
343	2	She	9.588393
343	3	Ġknows	8.547399
343	4	Ġwho	6.179725
343	5	Ġdid	8.354107
343	6	Ġinterrog	22.240003
343	7	ate	0.716992
343	8	Ġthe	4.546721
343	9	Ġcriminal	11.502445
343	10	Ġlast	11.227377
343	11	Ġnight	2.111354
343	12	.	1.433358
343	13	<|endoftext|>	7.551991
344	1	<|endoftext|>	0.0
344	2	She	9.588393
344	3	Ġknows	8.547399
344	4	Ġwho	6.179697
344	5	Ġthe	4.654339
344	6	Ġinspectors	16.618857
344	7	Ġdid	10.085824
344	8	Ġinterrog	13.676388
344	9	ate	0.042963
344	10	Ġthe	6.394133
344	11	Ġcriminal	11.975961
344	12	Ġlast	11.722999
344	13	Ġnight	2.087169
344	14	.	1.301968
344	15	<|endoftext|>	8.0538
345	1	<|endoftext|>	0.0
345	2	She	9.588382
345	3	Ġknows	8.547404
345	4	Ġthat	3.373128
345	5	Ġthe	4.094763
345	6	Ġpolice	8.414744
345	7	Ġsaid	9.039755
345	8	Ġdid	13.949582
345	9	Ġinterrog	17.617245
345	10	ate	1.165219
345	11	Ġthe	4.400374
345	12	Ġcriminal	12.489731
345	13	Ġlast	10.445153
345	14	Ġnight	1.673222
345	15	.	1.633876
345	16	<|endoftext|>	7.60686
346	1	<|endoftext|>	0.0
346	2	She	9.588377
346	3	Ġknows	8.547394
346	4	Ġthat	3.373129
346	5	Ġthe	4.094771
346	6	Ġpolice	8.414748
346	7	Ġsaid	9.03974
346	8	Ġthe	3.943024
346	9	Ġinspectors	17.272314
346	10	Ġdid	4.661116
346	11	Ġinterrog	16.900566
346	12	ate	0.047376
346	13	Ġthe	3.122318
346	14	Ġcriminal	12.335152
346	15	Ġlast	11.074848
346	16	Ġnight	2.239882
346	17	.	1.759073
346	18	<|endoftext|>	7.666001
347	1	<|endoftext|>	0.0
347	2	She	9.588382
347	3	Ġknows	8.547404
347	4	Ġwho	6.179819
347	5	Ġthe	4.654308
347	6	Ġpolice	10.022424
347	7	Ġsaid	8.621456
347	8	Ġdid	9.247339
347	9	Ġinterrog	19.331612
347	10	ate	0.211193
347	11	Ġthe	4.764176
347	12	Ġcriminal	12.597234
347	13	Ġlast	10.367501
347	14	Ġnight	1.448143
347	15	.	1.11353
347	16	<|endoftext|>	7.181076
348	1	<|endoftext|>	0.0
348	2	She	9.588377
348	3	Ġknows	8.547394
348	4	Ġwho	6.17982
348	5	Ġthe	4.654325
348	6	Ġpolice	10.022429
348	7	Ġsaid	8.621427
348	8	Ġthe	6.553037
348	9	Ġinspectors	18.224846
348	10	Ġdid	7.832488
348	11	Ġinterrog	12.839787
348	12	ate	0.018448
348	13	Ġthe	6.211572
348	14	Ġcriminal	12.343602
348	15	Ġlast	11.070939
348	16	Ġnight	1.925626
348	17	.	1.114626
348	18	<|endoftext|>	7.248652
349	1	<|endoftext|>	0.0
349	2	She	9.588377
349	3	Ġknows	8.547394
349	4	Ġthat	3.373129
349	5	Ġthe	4.094771
349	6	Ġpolice	8.414748
349	7	Ġsaid	9.03974
349	8	Ġthe	3.943024
349	9	Ġdetective	12.529445
349	10	Ġbelieved	9.545164
349	11	Ġdid	15.13202
349	12	Ġinterrog	17.04392
349	13	ate	0.12308
349	14	Ġthe	3.430455
349	15	Ġcriminal	12.007897
349	16	Ġlast	11.072356
349	17	Ġnight	1.799365
349	18	.	1.410955
349	19	<|endoftext|>	7.371021
350	1	<|endoftext|>	0.0
350	2	She	9.588377
350	3	Ġknows	8.547394
350	4	Ġthat	3.373129
350	5	Ġthe	4.094771
350	6	Ġpolice	8.414748
350	7	Ġsaid	9.03974
350	8	Ġthe	3.943024
350	9	Ġdetective	12.529445
350	10	Ġbelieved	9.545164
350	11	Ġthe	2.396103
350	12	Ġinspectors	19.346298
350	13	Ġdid	5.837855
350	14	Ġinterrog	17.204886
350	15	ate	0.020552
350	16	Ġthe	2.586808
350	17	Ġcriminal	11.812675
350	18	Ġlast	11.917962
350	19	Ġnight	2.183177
350	20	.	1.256129
350	21	<|endoftext|>	7.320975
351	1	<|endoftext|>	0.0
351	2	She	9.588377
351	3	Ġknows	8.547394
351	4	Ġwho	6.17982
351	5	Ġthe	4.654325
351	6	Ġpolice	10.022429
351	7	Ġsaid	8.621427
351	8	Ġthe	6.553037
351	9	Ġdetective	10.8804
351	10	Ġbelieved	9.141372
351	11	Ġdid	9.762456
351	12	Ġinterrog	17.194619
351	13	ate	0.057
351	14	Ġthe	4.175995
351	15	Ġcriminal	12.209856
351	16	Ġlast	10.75225
351	17	Ġnight	1.711269
351	18	.	0.90792
351	19	<|endoftext|>	7.070691
352	1	<|endoftext|>	0.0
352	2	She	9.588377
352	3	Ġknows	8.547394
352	4	Ġwho	6.17982
352	5	Ġthe	4.654325
352	6	Ġpolice	10.022429
352	7	Ġsaid	8.621427
352	8	Ġthe	6.553037
352	9	Ġdetective	10.8804
352	10	Ġbelieved	9.141372
352	11	Ġthe	7.006187
352	12	Ġinspectors	19.244373
352	13	Ġdid	8.329197
352	14	Ġinterrog	14.109135
352	15	ate	0.007926
352	16	Ġthe	5.23527
352	17	Ġcriminal	12.021488
352	18	Ġlast	11.680275
352	19	Ġnight	2.154581
352	20	.	0.895438
352	21	<|endoftext|>	6.942343
353	1	<|endoftext|>	0.0
353	2	She	9.588377
353	3	Ġknows	8.547394
353	4	Ġthat	3.373129
353	5	Ġthe	4.094771
353	6	Ġpolice	8.414748
353	7	Ġsaid	9.03974
353	8	Ġthe	3.943024
353	9	Ġdetective	12.529445
353	10	Ġbelieved	9.545164
353	11	Ġhe	2.649074
353	12	Ġthought	11.293301
353	13	Ġdid	14.313584
353	14	Ġinterrog	18.561243
353	15	ate	0.199505
353	16	Ġthe	2.801993
353	17	Ġcriminal	12.174114
353	18	Ġlast	11.629486
353	19	Ġnight	1.551339
353	20	.	1.207157
353	21	<|endoftext|>	7.419545
354	1	<|endoftext|>	0.0
354	2	She	9.588377
354	3	Ġknows	8.547394
354	4	Ġthat	3.373129
354	5	Ġthe	4.094771
354	6	Ġpolice	8.414748
354	7	Ġsaid	9.03974
354	8	Ġthe	3.943024
354	9	Ġdetective	12.529445
354	10	Ġbelieved	9.545164
354	11	Ġhe	2.649074
354	12	Ġthought	11.293301
354	13	Ġthe	2.70727
354	14	Ġinspectors	20.016821
354	15	Ġdid	7.325552
354	16	Ġinterrog	17.019838
354	17	ate	0.045057
354	18	Ġthe	2.782922
354	19	Ġcriminal	11.914752
354	20	Ġlast	12.27233
354	21	Ġnight	1.947137
354	22	.	1.108361
354	23	<|endoftext|>	7.259272
355	1	<|endoftext|>	0.0
355	2	She	9.588377
355	3	Ġknows	8.547394
355	4	Ġwho	6.17982
355	5	Ġthe	4.654325
355	6	Ġpolice	10.022429
355	7	Ġsaid	8.621427
355	8	Ġthe	6.553037
355	9	Ġdetective	10.8804
355	10	Ġbelieved	9.141372
355	11	Ġhe	5.017462
355	12	Ġthought	12.524251
355	13	Ġdid	10.315566
355	14	Ġinterrog	18.105053
355	15	ate	0.198844
355	16	Ġthe	3.994378
355	17	Ġcriminal	12.149446
355	18	Ġlast	11.447918
355	19	Ġnight	1.694267
355	20	.	0.801809
355	21	<|endoftext|>	7.090909
356	1	<|endoftext|>	0.0
356	2	She	9.588377
356	3	Ġknows	8.547394
356	4	Ġwho	6.17982
356	5	Ġthe	4.654325
356	6	Ġpolice	10.022429
356	7	Ġsaid	8.621427
356	8	Ġthe	6.553037
356	9	Ġdetective	10.8804
356	10	Ġbelieved	9.141372
356	11	Ġhe	5.017462
356	12	Ġthought	12.524251
356	13	Ġthe	6.833559
356	14	Ġinspectors	20.034794
356	15	Ġdid	8.878745
356	16	Ġinterrog	15.406477
356	17	ate	0.016344
356	18	Ġthe	5.164581
356	19	Ġcriminal	12.022301
356	20	Ġlast	12.160901
356	21	Ġnight	2.093345
356	22	.	0.766163
356	23	<|endoftext|>	6.862401
357	1	<|endoftext|>	0.0
357	2	She	9.588377
357	3	Ġknows	8.547394
357	4	Ġthat	3.373129
357	5	Ġthe	4.094771
357	6	Ġpolice	8.414748
357	7	Ġsaid	9.03974
357	8	Ġthe	3.943024
357	9	Ġdetective	12.529445
357	10	Ġbelieved	9.545164
357	11	Ġhe	2.649074
357	12	Ġthought	11.293301
357	13	Ġdid	14.313584
357	14	Ġinterrog	18.561243
357	15	ate	0.199505
357	16	Ġthe	2.801993
357	17	Ġcriminal	12.174114
357	18	Ġlast	11.629486
357	19	Ġnight	1.551339
357	20	.	1.207157
357	21	<|endoftext|>	7.419545
358	1	<|endoftext|>	0.0
358	2	She	9.588377
358	3	Ġknows	8.547394
358	4	Ġthat	3.373129
358	5	Ġthe	4.094771
358	6	Ġpolice	8.414748
358	7	Ġsaid	9.03974
358	8	Ġthe	3.943024
358	9	Ġdetective	12.529445
358	10	Ġbelieved	9.545164
358	11	Ġhe	2.649074
358	12	Ġthought	11.293301
358	13	Ġthe	2.70727
358	14	Ġinspectors	20.016821
358	15	Ġdid	7.325552
358	16	Ġinterrog	17.019838
358	17	ate	0.045057
358	18	Ġthe	2.782922
358	19	Ġcriminal	11.914752
358	20	Ġlast	12.27233
358	21	Ġnight	1.947137
358	22	.	1.108361
358	23	<|endoftext|>	7.259272
359	1	<|endoftext|>	0.0
359	2	She	9.588377
359	3	Ġknows	8.547394
359	4	Ġwho	6.17982
359	5	Ġthe	4.654325
359	6	Ġpolice	10.022429
359	7	Ġsaid	8.621427
359	8	Ġthe	6.553037
359	9	Ġdetective	10.8804
359	10	Ġbelieved	9.141372
359	11	Ġhe	5.017462
359	12	Ġthought	12.524251
359	13	Ġdid	10.315566
359	14	Ġinterrog	18.105053
359	15	ate	0.198844
359	16	Ġthe	3.994378
359	17	Ġcriminal	12.149446
359	18	Ġlast	11.447918
359	19	Ġnight	1.694267
359	20	.	0.801809
359	21	<|endoftext|>	7.090909
360	1	<|endoftext|>	0.0
360	2	She	9.588377
360	3	Ġknows	8.547394
360	4	Ġwho	6.17982
360	5	Ġthe	4.654325
360	6	Ġpolice	10.022429
360	7	Ġsaid	8.621427
360	8	Ġthe	6.553037
360	9	Ġdetective	10.8804
360	10	Ġbelieved	9.141372
360	11	Ġhe	5.017462
360	12	Ġthought	12.524251
360	13	Ġthe	6.833559
360	14	Ġinspectors	20.034794
360	15	Ġdid	8.878745
360	16	Ġinterrog	15.406477
360	17	ate	0.016344
360	18	Ġthe	5.164581
360	19	Ġcriminal	12.022301
360	20	Ġlast	12.160901
360	21	Ġnight	2.093345
360	22	.	0.766163
360	23	<|endoftext|>	6.862401
361	1	<|endoftext|>	0.0
361	2	He	8.582737
361	3	Ġknows	8.734376
361	4	Ġthat	2.922586
361	5	Ġwill	10.330998
361	6	Ġwait	10.806475
361	7	Ġfor	2.571028
361	8	Ġher	6.335505
361	9	Ġfriend	12.104014
361	10	Ġat	6.347802
361	11	Ġthe	1.53885
361	12	Ġbus	7.820384
361	13	Ġstop	0.261922
361	14	.	1.14397
361	15	<|endoftext|>	5.278825
362	1	<|endoftext|>	0.0
362	2	He	8.582732
362	3	Ġknows	8.734344
362	4	Ġthat	2.922593
362	5	Ġthe	3.684015
362	6	Ġwoman	10.296898
362	7	Ġwill	6.34311
362	8	Ġwait	9.387833
362	9	Ġfor	1.803623
362	10	Ġher	3.022598
362	11	Ġfriend	8.044682
362	12	Ġat	5.847596
362	13	Ġthe	1.049841
362	14	Ġbus	5.229228
362	15	Ġstop	0.128155
362	16	.	1.94847
362	17	<|endoftext|>	7.753615
363	1	<|endoftext|>	0.0
363	2	He	8.582737
363	3	Ġknows	8.734376
363	4	Ġwho	6.314426
363	5	Ġwill	7.101762
363	6	Ġwait	11.489109
363	7	Ġfor	1.650898
363	8	Ġher	5.957335
363	9	Ġfriend	12.474806
363	10	Ġat	5.986078
363	11	Ġthe	1.060631
363	12	Ġbus	6.810315
363	13	Ġstop	0.200521
363	14	.	1.443909
363	15	<|endoftext|>	5.909074
364	1	<|endoftext|>	0.0
364	2	He	8.582732
364	3	Ġknows	8.734344
364	4	Ġwho	6.31441
364	5	Ġthe	4.333633
364	6	Ġwoman	7.321491
364	7	Ġwill	7.878266
364	8	Ġwait	14.865582
364	9	Ġfor	0.388718
364	10	Ġher	4.669193
364	11	Ġfriend	8.73042
364	12	Ġat	5.18099
364	13	Ġthe	0.965784
364	14	Ġbus	5.788415
364	15	Ġstop	0.120438
364	16	.	1.228056
364	17	<|endoftext|>	7.086922
365	1	<|endoftext|>	0.0
365	2	He	8.582732
365	3	Ġknows	8.734344
365	4	Ġthat	2.922593
365	5	Ġthe	3.684015
365	6	Ġman	8.232754
365	7	Ġbelieved	11.698791
365	8	Ġwill	13.253784
365	9	Ġwait	12.721663
365	10	Ġfor	1.883714
365	11	Ġher	5.282285
365	12	Ġfriend	12.052354
365	13	Ġat	5.377613
365	14	Ġthe	1.138463
365	15	Ġbus	6.185552
365	16	Ġstop	0.257521
365	17	.	4.073828
365	18	<|endoftext|>	6.998033
366	1	<|endoftext|>	0.0
366	2	He	8.582732
366	3	Ġknows	8.734344
366	4	Ġthat	2.922593
366	5	Ġthe	3.684015
366	6	Ġman	8.232754
366	7	Ġbelieved	11.698791
366	8	Ġthe	9.413474
366	9	Ġwoman	5.70552
366	10	Ġwill	8.923924
366	11	Ġwait	11.003589
366	12	Ġfor	1.515717
366	13	Ġher	2.854224
366	14	Ġfriend	8.551696
366	15	Ġat	5.105308
366	16	Ġthe	1.145321
366	17	Ġbus	5.228508
366	18	Ġstop	0.135564
366	19	.	2.059798
366	20	<|endoftext|>	7.631326
367	1	<|endoftext|>	0.0
367	2	He	8.582732
367	3	Ġknows	8.734344
367	4	Ġwho	6.31441
367	5	Ġthe	4.333633
367	6	Ġman	4.480701
367	7	Ġbelieved	12.311715
367	8	Ġwill	11.320563
367	9	Ġwait	13.604981
367	10	Ġfor	1.626183
367	11	Ġher	5.956909
367	12	Ġfriend	12.129068
367	13	Ġat	4.860971
367	14	Ġthe	0.971494
367	15	Ġbus	6.097478
367	16	Ġstop	0.189947
367	17	.	1.428709
367	18	<|endoftext|>	6.425838
368	1	<|endoftext|>	0.0
368	2	He	8.582732
368	3	Ġknows	8.734344
368	4	Ġwho	6.31441
368	5	Ġthe	4.333633
368	6	Ġman	4.480701
368	7	Ġbelieved	12.311715
368	8	Ġthe	10.199682
368	9	Ġwoman	4.391493
368	10	Ġwill	9.57472
368	11	Ġwait	16.366663
368	12	Ġfor	0.408346
368	13	Ġher	4.316063
368	14	Ġfriend	8.896844
368	15	Ġat	4.897277
368	16	Ġthe	1.040197
368	17	Ġbus	5.485506
368	18	Ġstop	0.109826
368	19	.	1.154827
368	20	<|endoftext|>	7.016219
369	1	<|endoftext|>	0.0
369	2	He	8.582732
369	3	Ġknows	8.734344
369	4	Ġthat	2.922593
369	5	Ġthe	3.684015
369	6	Ġman	8.232754
369	7	Ġbelieved	11.698791
369	8	Ġthe	9.413474
369	9	Ġhe	13.219076
369	10	Ġconcluded	14.890356
369	11	Ġwill	9.007525
369	12	Ġwait	11.729843
369	13	Ġfor	1.979167
369	14	Ġher	5.644854
369	15	Ġfriend	11.886725
369	16	Ġat	5.664339
369	17	Ġthe	1.222727
369	18	Ġbus	6.298541
369	19	Ġstop	0.217946
369	20	.	2.064611
369	21	<|endoftext|>	6.629742
370	1	<|endoftext|>	0.0
370	2	He	8.582732
370	3	Ġknows	8.734344
370	4	Ġthat	2.922593
370	5	Ġthe	3.684015
370	6	Ġman	8.232754
370	7	Ġbelieved	11.698791
370	8	Ġthe	9.413474
370	9	Ġhe	13.219076
370	10	Ġconcluded	14.890356
370	11	Ġthe	3.509869
370	12	Ġwoman	9.139993
370	13	Ġwill	8.74115
370	14	Ġwait	10.723321
370	15	Ġfor	1.625339
370	16	Ġher	3.201851
370	17	Ġfriend	8.123358
370	18	Ġat	5.147966
370	19	Ġthe	1.166847
370	20	Ġbus	5.18133
370	21	Ġstop	0.144047
370	22	.	1.974598
370	23	<|endoftext|>	6.856732
371	1	<|endoftext|>	0.0
371	2	He	8.582732
371	3	Ġknows	8.734344
371	4	Ġwho	6.31441
371	5	Ġthe	4.333633
371	6	Ġman	4.480701
371	7	Ġbelieved	12.311715
371	8	Ġthe	10.199682
371	9	Ġhe	11.091805
371	10	Ġconcluded	16.878392
371	11	Ġwill	9.749485
371	12	Ġwait	12.699817
371	13	Ġfor	1.58718
371	14	Ġher	5.611746
371	15	Ġfriend	11.995345
371	16	Ġat	5.180848
371	17	Ġthe	1.05546
371	18	Ġbus	6.363537
371	19	Ġstop	0.201893
371	20	.	1.47957
371	21	<|endoftext|>	6.099033
372	1	<|endoftext|>	0.0
372	2	He	8.582732
372	3	Ġknows	8.734344
372	4	Ġwho	6.31441
372	5	Ġthe	4.333633
372	6	Ġman	4.480701
372	7	Ġbelieved	12.311715
372	8	Ġthe	10.199682
372	9	Ġhe	11.091805
372	10	Ġconcluded	16.878392
372	11	Ġthe	3.938013
372	12	Ġwoman	7.683109
372	13	Ġwill	9.188659
372	14	Ġwait	11.990406
372	15	Ġfor	1.186701
372	16	Ġher	3.056421
372	17	Ġfriend	7.978954
372	18	Ġat	4.919324
372	19	Ġthe	1.111495
372	20	Ġbus	5.347844
372	21	Ġstop	0.123684
372	22	.	1.431689
372	23	<|endoftext|>	6.178071
373	1	<|endoftext|>	0.0
373	2	He	8.582732
373	3	Ġknows	8.734344
373	4	Ġthat	2.922593
373	5	Ġthe	3.684015
373	6	Ġman	8.232754
373	7	Ġbelieved	11.698791
373	8	Ġthe	9.413474
373	9	Ġhe	13.219076
373	10	Ġconcluded	14.890356
373	11	Ġhis	4.447678
373	12	Ġneighbors	15.759949
373	13	Ġhad	2.995718
373	14	Ġsaid	10.001591
373	15	Ġwill	11.414561
373	16	Ġwait	10.515376
373	17	Ġfor	1.500889
373	18	Ġher	6.406629
373	19	Ġfriend	11.525574
373	20	Ġat	5.251429
373	21	Ġthe	1.262226
373	22	Ġbus	5.982309
373	23	Ġstop	0.10148
373	24	.	1.987654
373	25	<|endoftext|>	6.839806
374	1	<|endoftext|>	0.0
374	2	He	8.582732
374	3	Ġknows	8.734344
374	4	Ġthat	2.922593
374	5	Ġthe	3.684015
374	6	Ġman	8.232754
374	7	Ġbelieved	11.698791
374	8	Ġthe	9.413474
374	9	Ġhe	13.219076
374	10	Ġconcluded	14.890356
374	11	Ġhis	4.447678
374	12	Ġneighbors	15.759949
374	13	Ġhad	2.995718
374	14	Ġsaid	10.001591
374	15	Ġthe	3.504415
374	16	Ġwoman	5.318799
374	17	Ġwill	10.08197
374	18	Ġwait	10.831012
374	19	Ġfor	1.496188
374	20	Ġher	2.716698
374	21	Ġfriend	8.425749
374	22	Ġat	5.045129
374	23	Ġthe	1.246822
374	24	Ġbus	5.775307
374	25	Ġstop	0.093138
374	26	.	1.918361
374	27	<|endoftext|>	6.645894
375	1	<|endoftext|>	0.0
375	2	He	8.582732
375	3	Ġknows	8.734344
375	4	Ġwho	6.31441
375	5	Ġthe	4.333633
375	6	Ġman	4.480701
375	7	Ġbelieved	12.311715
375	8	Ġthe	10.199682
375	9	Ġhe	11.091805
375	10	Ġconcluded	16.878392
375	11	Ġhis	5.138534
375	12	Ġneighbors	14.655079
375	13	Ġhad	2.830285
375	14	Ġsaid	9.236917
375	15	Ġwill	10.643966
375	16	Ġwait	11.463357
375	17	Ġfor	1.28495
375	18	Ġher	6.890488
375	19	Ġfriend	11.549711
375	20	Ġat	4.919628
375	21	Ġthe	1.239735
375	22	Ġbus	6.201472
375	23	Ġstop	0.092685
375	24	.	1.366864
375	25	<|endoftext|>	6.315439
376	1	<|endoftext|>	0.0
376	2	He	8.582732
376	3	Ġknows	8.734344
376	4	Ġwho	6.31441
376	5	Ġthe	4.333633
376	6	Ġman	4.480701
376	7	Ġbelieved	12.311715
376	8	Ġthe	10.199682
376	9	Ġhe	11.091805
376	10	Ġconcluded	16.878392
376	11	Ġhis	5.138534
376	12	Ġneighbors	14.655079
376	13	Ġhad	2.830285
376	14	Ġsaid	9.236917
376	15	Ġthe	4.490598
376	16	Ġwoman	5.209661
376	17	Ġwill	10.371411
376	18	Ġwait	11.492578
376	19	Ġfor	1.125745
376	20	Ġher	2.718345
376	21	Ġfriend	8.320669
376	22	Ġat	4.949979
376	23	Ġthe	1.260351
376	24	Ġbus	6.096585
376	25	Ġstop	0.089012
376	26	.	1.399378
376	27	<|endoftext|>	5.984736
377	1	<|endoftext|>	0.0
377	2	He	8.582732
377	3	Ġknows	8.734344
377	4	Ġthat	2.922593
377	5	Ġthe	3.684015
377	6	Ġman	8.232754
377	7	Ġbelieved	11.698791
377	8	Ġthe	9.413474
377	9	Ġhe	13.219076
377	10	Ġconcluded	14.890356
377	11	Ġhis	4.447678
377	12	Ġneighbors	15.759949
377	13	Ġhad	2.995718
377	14	Ġsaid	10.001591
377	15	Ġwill	11.414561
377	16	Ġwait	10.515376
377	17	Ġfor	1.500889
377	18	Ġher	6.406629
377	19	Ġfriend	11.525574
377	20	Ġat	5.251429
377	21	Ġthe	1.262226
377	22	Ġbus	5.982309
377	23	Ġstop	0.10148
377	24	.	1.987654
377	25	<|endoftext|>	6.839806
378	1	<|endoftext|>	0.0
378	2	He	8.582732
378	3	Ġknows	8.734344
378	4	Ġthat	2.922593
378	5	Ġthe	3.684015
378	6	Ġman	8.232754
378	7	Ġbelieved	11.698791
378	8	Ġthe	9.413474
378	9	Ġhe	13.219076
378	10	Ġconcluded	14.890356
378	11	Ġhis	4.447678
378	12	Ġneighbors	15.759949
378	13	Ġhad	2.995718
378	14	Ġsaid	10.001591
378	15	Ġthe	3.504415
378	16	Ġwoman	5.318799
378	17	Ġwill	10.08197
378	18	Ġwait	10.831012
378	19	Ġfor	1.496188
378	20	Ġher	2.716698
378	21	Ġfriend	8.425749
378	22	Ġat	5.045129
378	23	Ġthe	1.246822
378	24	Ġbus	5.775307
378	25	Ġstop	0.093138
378	26	.	1.918361
378	27	<|endoftext|>	6.645894
379	1	<|endoftext|>	0.0
379	2	He	8.582732
379	3	Ġknows	8.734344
379	4	Ġwho	6.31441
379	5	Ġthe	4.333633
379	6	Ġman	4.480701
379	7	Ġbelieved	12.311715
379	8	Ġthe	10.199682
379	9	Ġhe	11.091805
379	10	Ġconcluded	16.878392
379	11	Ġhis	5.138534
379	12	Ġneighbors	14.655079
379	13	Ġhad	2.830285
379	14	Ġsaid	9.236917
379	15	Ġwill	10.643966
379	16	Ġwait	11.463357
379	17	Ġfor	1.28495
379	18	Ġher	6.890488
379	19	Ġfriend	11.549711
379	20	Ġat	4.919628
379	21	Ġthe	1.239735
379	22	Ġbus	6.201472
379	23	Ġstop	0.092685
379	24	.	1.366864
379	25	<|endoftext|>	6.315439
380	1	<|endoftext|>	0.0
380	2	He	8.582732
380	3	Ġknows	8.734344
380	4	Ġwho	6.31441
380	5	Ġthe	4.333633
380	6	Ġman	4.480701
380	7	Ġbelieved	12.311715
380	8	Ġthe	10.199682
380	9	Ġhe	11.091805
380	10	Ġconcluded	16.878392
380	11	Ġhis	5.138534
380	12	Ġneighbors	14.655079
380	13	Ġhad	2.830285
380	14	Ġsaid	9.236917
380	15	Ġthe	4.490598
380	16	Ġwoman	5.209661
380	17	Ġwill	10.371411
380	18	Ġwait	11.492578
380	19	Ġfor	1.125745
380	20	Ġher	2.718345
380	21	Ġfriend	8.320669
380	22	Ġat	4.949979
380	23	Ġthe	1.260351
380	24	Ġbus	6.096585
380	25	Ġstop	0.089012
380	26	.	1.399378
380	27	<|endoftext|>	5.984736
381	1	<|endoftext|>	0.0
381	2	You	7.682203
381	3	Ġknow	4.524784
381	4	Ġthat	3.787021
381	5	Ġshould	15.978556
381	6	Ġintroduce	13.91805
381	7	Ġhis	10.420003
381	8	Ġfriends	7.722677
381	9	Ġto	1.565142
381	10	Ġhis	4.332267
381	11	Ġfamily	6.016836
381	12	.	3.000927
381	13	<|endoftext|>	8.353461
382	1	<|endoftext|>	0.0
382	2	You	7.682203
382	3	Ġknow	4.524784
382	4	Ġthat	3.787013
382	5	Ġthe	7.61201
382	6	Ġman	8.267882
382	7	Ġshould	11.605879
382	8	Ġintroduce	13.071777
382	9	Ġhis	4.057502
382	10	Ġfriends	6.571977
382	11	Ġto	1.292879
382	12	Ġhis	3.348191
382	13	Ġfamily	5.274769
382	14	.	2.440024
382	15	<|endoftext|>	9.460867
383	1	<|endoftext|>	0.0
383	2	You	7.682203
383	3	Ġknow	4.524784
383	4	Ġwho	5.05256
383	5	Ġshould	7.44149
383	6	Ġintroduce	11.980543
383	7	Ġhis	6.378416
383	8	Ġfriends	8.658262
383	9	Ġto	1.372304
383	10	Ġhis	4.423725
383	11	Ġfamily	5.760146
383	12	.	5.171014
383	13	<|endoftext|>	7.74283
384	1	<|endoftext|>	0.0
384	2	You	7.682203
384	3	Ġknow	4.524784
384	4	Ġwho	5.052563
384	5	Ġthe	6.464221
384	6	Ġman	6.228357
384	7	Ġshould	10.102678
384	8	Ġintroduce	13.050716
384	9	Ġhis	5.730947
384	10	Ġfriends	7.123573
384	11	Ġto	1.020264
384	12	Ġhis	6.402931
384	13	Ġfamily	5.96699
384	14	.	4.523028
384	15	<|endoftext|>	8.018087
385	1	<|endoftext|>	0.0
385	2	You	7.682215
385	3	Ġknow	4.524781
385	4	Ġthat	3.786978
385	5	Ġthe	7.611987
385	6	Ġwoman	10.626934
385	7	Ġsaid	8.281172
385	8	Ġshould	14.958547
385	9	Ġintroduce	14.089503
385	10	Ġhis	6.963236
385	11	Ġfriends	7.451928
385	12	Ġto	1.446684
385	13	Ġhis	4.41211
385	14	Ġfamily	5.923674
385	15	.	3.503135
385	16	<|endoftext|>	9.626911
386	1	<|endoftext|>	0.0
386	2	You	7.68222
386	3	Ġknow	4.524771
386	4	Ġthat	3.786982
386	5	Ġthe	7.611992
386	6	Ġwoman	10.626929
386	7	Ġsaid	8.281168
386	8	Ġthe	5.05371
386	9	Ġman	4.562025
386	10	Ġshould	6.096203
386	11	Ġintroduce	12.792546
386	12	Ġhis	4.674488
386	13	Ġfriends	7.16059
386	14	Ġto	1.170157
386	15	Ġhis	4.548848
386	16	Ġfamily	5.95328
386	17	.	2.353506
386	18	<|endoftext|>	10.138081
387	1	<|endoftext|>	0.0
387	2	You	7.682215
387	3	Ġknow	4.524781
387	4	Ġwho	5.052583
387	5	Ġthe	6.4642
387	6	Ġwoman	9.545111
387	7	Ġsaid	7.244385
387	8	Ġshould	10.515709
387	9	Ġintroduce	12.911776
387	10	Ġhis	7.125025
387	11	Ġfriends	7.668797
387	12	Ġto	1.284618
387	13	Ġhis	4.415912
387	14	Ġfamily	6.033472
387	15	.	4.537713
387	16	<|endoftext|>	7.81188
388	1	<|endoftext|>	0.0
388	2	You	7.68222
388	3	Ġknow	4.524771
388	4	Ġwho	5.052576
388	5	Ġthe	6.464205
388	6	Ġwoman	9.5451
388	7	Ġsaid	7.24439
388	8	Ġthe	5.531635
388	9	Ġman	5.311658
388	10	Ġshould	6.560414
388	11	Ġintroduce	13.25466
388	12	Ġhis	5.512617
388	13	Ġfriends	6.821205
388	14	Ġto	1.039553
388	15	Ġhis	5.102476
388	16	Ġfamily	6.317146
388	17	.	3.639671
388	18	<|endoftext|>	7.849737
389	1	<|endoftext|>	0.0
389	2	You	7.68222
389	3	Ġknow	4.524771
389	4	Ġthat	3.786982
389	5	Ġthe	7.611992
389	6	Ġwoman	10.626929
389	7	Ġsaid	8.281168
389	8	Ġthe	5.05371
389	9	Ġneighbor	12.547358
389	10	Ġthought	7.712444
389	11	Ġshould	15.393434
389	12	Ġintroduce	14.486492
389	13	Ġhis	6.325447
389	14	Ġfriends	7.622268
389	15	Ġto	1.32559
389	16	Ġhis	4.775903
389	17	Ġfamily	5.993055
389	18	.	3.085387
389	19	<|endoftext|>	9.839011
390	1	<|endoftext|>	0.0
390	2	You	7.68222
390	3	Ġknow	4.524771
390	4	Ġthat	3.786982
390	5	Ġthe	7.611992
390	6	Ġwoman	10.626929
390	7	Ġsaid	8.281168
390	8	Ġthe	5.05371
390	9	Ġneighbor	12.547358
390	10	Ġthought	7.712444
390	11	Ġthe	3.071892
390	12	Ġman	2.947593
390	13	Ġshould	6.871861
390	14	Ġintroduce	13.766328
390	15	Ġhis	4.694643
390	16	Ġfriends	7.741997
390	17	Ġto	1.078882
390	18	Ġhis	4.520769
390	19	Ġfamily	6.00134
390	20	.	2.741142
390	21	<|endoftext|>	10.052287
391	1	<|endoftext|>	0.0
391	2	You	7.68222
391	3	Ġknow	4.524771
391	4	Ġwho	5.052576
391	5	Ġthe	6.464205
391	6	Ġwoman	9.5451
391	7	Ġsaid	7.24439
391	8	Ġthe	5.531635
391	9	Ġneighbor	13.816451
391	10	Ġthought	6.121238
391	11	Ġshould	6.586825
391	12	Ġintroduce	13.737266
391	13	Ġhis	6.321838
391	14	Ġfriends	7.405494
391	15	Ġto	1.095195
391	16	Ġhis	4.742957
391	17	Ġfamily	6.042078
391	18	.	4.441608
391	19	<|endoftext|>	7.845866
392	1	<|endoftext|>	0.0
392	2	You	7.68222
392	3	Ġknow	4.524771
392	4	Ġwho	5.052576
392	5	Ġthe	6.464205
392	6	Ġwoman	9.5451
392	7	Ġsaid	7.24439
392	8	Ġthe	5.531635
392	9	Ġneighbor	13.816451
392	10	Ġthought	6.121238
392	11	Ġthe	4.521999
392	12	Ġman	3.913298
392	13	Ġshould	5.468763
392	14	Ġintroduce	13.845159
392	15	Ġhis	4.876204
392	16	Ġfriends	7.504995
392	17	Ġto	0.998967
392	18	Ġhis	4.633349
392	19	Ġfamily	6.146924
392	20	.	3.98913
392	21	<|endoftext|>	7.853937
393	1	<|endoftext|>	0.0
393	2	You	7.68222
393	3	Ġknow	4.524771
393	4	Ġthat	3.786982
393	5	Ġthe	7.611992
393	6	Ġwoman	10.626929
393	7	Ġsaid	8.281168
393	8	Ġthe	5.05371
393	9	Ġneighbor	12.547358
393	10	Ġthought	7.712444
393	11	Ġhe	3.987753
393	12	Ġrecalled	16.276029
393	13	Ġshould	16.93334
393	14	Ġintroduce	12.362234
393	15	Ġhis	4.705141
393	16	Ġfriends	7.232234
393	17	Ġto	1.246431
393	18	Ġhis	4.504197
393	19	Ġfamily	5.719254
393	20	.	2.411586
393	21	<|endoftext|>	9.750717
394	1	<|endoftext|>	0.0
394	2	You	7.68222
394	3	Ġknow	4.524771
394	4	Ġthat	3.786982
394	5	Ġthe	7.611992
394	6	Ġwoman	10.626929
394	7	Ġsaid	8.281168
394	8	Ġthe	5.05371
394	9	Ġneighbor	12.547358
394	10	Ġthought	7.712444
394	11	Ġhe	3.987753
394	12	Ġrecalled	16.276029
394	13	Ġthe	2.832348
394	14	Ġman	4.489975
394	15	Ġshould	15.140634
394	16	Ġintroduce	12.319225
394	17	Ġhis	4.810322
394	18	Ġfriends	7.15938
394	19	Ġto	1.22814
394	20	Ġhis	4.251066
394	21	Ġfamily	5.512038
394	22	.	1.971659
394	23	<|endoftext|>	9.724133
395	1	<|endoftext|>	0.0
395	2	You	7.68222
395	3	Ġknow	4.524771
395	4	Ġwho	5.052576
395	5	Ġthe	6.464205
395	6	Ġwoman	9.5451
395	7	Ġsaid	7.24439
395	8	Ġthe	5.531635
395	9	Ġneighbor	13.816451
395	10	Ġthought	6.121238
395	11	Ġhe	4.939754
395	12	Ġrecalled	17.246999
395	13	Ġshould	13.277279
395	14	Ġintroduce	12.169139
395	15	Ġhis	4.813681
395	16	Ġfriends	6.998696
395	17	Ġto	1.117753
395	18	Ġhis	4.503976
395	19	Ġfamily	5.690615
395	20	.	3.910427
395	21	<|endoftext|>	7.792387
396	1	<|endoftext|>	0.0
396	2	You	7.68222
396	3	Ġknow	4.524771
396	4	Ġwho	5.052576
396	5	Ġthe	6.464205
396	6	Ġwoman	9.5451
396	7	Ġsaid	7.24439
396	8	Ġthe	5.531635
396	9	Ġneighbor	13.816451
396	10	Ġthought	6.121238
396	11	Ġhe	4.939754
396	12	Ġrecalled	17.246999
396	13	Ġthe	3.608399
396	14	Ġman	4.255782
396	15	Ġshould	13.796118
396	16	Ġintroduce	12.833916
396	17	Ġhis	5.114334
396	18	Ġfriends	6.860537
396	19	Ġto	1.227118
396	20	Ġhis	4.64541
396	21	Ġfamily	5.603526
396	22	.	3.285556
396	23	<|endoftext|>	7.691767
397	1	<|endoftext|>	0.0
397	2	You	7.68222
397	3	Ġknow	4.524771
397	4	Ġthat	3.786982
397	5	Ġthe	7.611992
397	6	Ġwoman	10.626929
397	7	Ġsaid	8.281168
397	8	Ġthe	5.05371
397	9	Ġneighbor	12.547358
397	10	Ġthought	7.712444
397	11	Ġhe	3.987753
397	12	Ġrecalled	16.276029
397	13	Ġshould	16.93334
397	14	Ġintroduce	12.362234
397	15	Ġhis	4.705141
397	16	Ġfriends	7.232234
397	17	Ġto	1.246431
397	18	Ġhis	4.504197
397	19	Ġfamily	5.719254
397	20	.	2.411586
397	21	<|endoftext|>	9.750717
398	1	<|endoftext|>	0.0
398	2	You	7.68222
398	3	Ġknow	4.524771
398	4	Ġthat	3.786982
398	5	Ġthe	7.611992
398	6	Ġwoman	10.626929
398	7	Ġsaid	8.281168
398	8	Ġthe	5.05371
398	9	Ġneighbor	12.547358
398	10	Ġthought	7.712444
398	11	Ġhe	3.987753
398	12	Ġrecalled	16.276029
398	13	Ġthe	2.832348
398	14	Ġman	4.489975
398	15	Ġshould	15.140634
398	16	Ġintroduce	12.319225
398	17	Ġhis	4.810322
398	18	Ġfriends	7.15938
398	19	Ġto	1.22814
398	20	Ġhis	4.251066
398	21	Ġfamily	5.512038
398	22	.	1.971659
398	23	<|endoftext|>	9.724133
399	1	<|endoftext|>	0.0
399	2	You	7.68222
399	3	Ġknow	4.524771
399	4	Ġwho	5.052576
399	5	Ġthe	6.464205
399	6	Ġwoman	9.5451
399	7	Ġsaid	7.24439
399	8	Ġthe	5.531635
399	9	Ġneighbor	13.816451
399	10	Ġthought	6.121238
399	11	Ġhe	4.939754
399	12	Ġrecalled	17.246999
399	13	Ġshould	13.277279
399	14	Ġintroduce	12.169139
399	15	Ġhis	4.813681
399	16	Ġfriends	6.998696
399	17	Ġto	1.117753
399	18	Ġhis	4.503976
399	19	Ġfamily	5.690615
399	20	.	3.910427
399	21	<|endoftext|>	7.792387
400	1	<|endoftext|>	0.0
400	2	You	7.68222
400	3	Ġknow	4.524771
400	4	Ġwho	5.052576
400	5	Ġthe	6.464205
400	6	Ġwoman	9.5451
400	7	Ġsaid	7.24439
400	8	Ġthe	5.531635
400	9	Ġneighbor	13.816451
400	10	Ġthought	6.121238
400	11	Ġhe	4.939754
400	12	Ġrecalled	17.246999
400	13	Ġthe	3.608399
400	14	Ġman	4.255782
400	15	Ġshould	13.796118
400	16	Ġintroduce	12.833916
400	17	Ġhis	5.114334
400	18	Ġfriends	6.860537
400	19	Ġto	1.227118
400	20	Ġhis	4.64541
400	21	Ġfamily	5.603526
400	22	.	3.285556
400	23	<|endoftext|>	7.691767
401	1	<|endoftext|>	0.0
401	2	I	5.770367
401	3	Ġknow	5.545733
401	4	Ġthat	2.749727
401	5	Ġmight	11.058787
401	6	Ġcongratulate	21.534969
401	7	Ġthe	5.103965
401	8	Ġathletes	12.688042
401	9	Ġover	8.206379
401	10	Ġlunch	11.650723
401	11	.	2.660576
401	12	<|endoftext|>	9.452702
402	1	<|endoftext|>	0.0
402	2	I	5.770367
402	3	Ġknow	5.545733
402	4	Ġthat	2.74974
402	5	Ġthe	4.424285
402	6	Ġpresident	10.494378
402	7	Ġmight	7.243941
402	8	Ġcongratulate	13.285521
402	9	Ġthe	3.783354
402	10	Ġathletes	11.646408
402	11	Ġover	8.435251
402	12	Ġlunch	10.071118
402	13	.	2.639831
402	14	<|endoftext|>	10.071466
403	1	<|endoftext|>	0.0
403	2	I	5.770367
403	3	Ġknow	5.545733
403	4	Ġwho	8.366532
403	5	Ġmight	10.54907
403	6	Ġcongratulate	15.778367
403	7	Ġthe	5.112235
403	8	Ġathletes	12.649192
403	9	Ġover	8.060241
403	10	Ġlunch	10.605208
403	11	.	2.113439
403	12	<|endoftext|>	8.144334
404	1	<|endoftext|>	0.0
404	2	I	5.770367
404	3	Ġknow	5.545733
404	4	Ġwho	8.366545
404	5	Ġthe	5.844098
404	6	Ġpresident	8.491514
404	7	Ġmight	7.728254
404	8	Ġcongratulate	14.901328
404	9	Ġthe	5.708385
404	10	Ġathletes	12.899998
404	11	Ġover	8.504799
404	12	Ġlunch	9.957923
404	13	.	1.754558
404	14	<|endoftext|>	8.074256
405	1	<|endoftext|>	0.0
405	2	I	5.770367
405	3	Ġknow	5.545733
405	4	Ġthat	2.749727
405	5	Ġthe	4.424285
405	6	Ġcoach	13.538422
405	7	Ġsaid	5.880981
405	8	Ġmight	14.722235
405	9	Ġcongratulate	19.246805
405	10	Ġthe	3.673451
405	11	Ġathletes	11.321984
405	12	Ġover	8.574743
405	13	Ġlunch	10.530077
405	14	.	2.288707
405	15	<|endoftext|>	9.29069
406	1	<|endoftext|>	0.0
406	2	I	5.770357
406	3	Ġknow	5.545684
406	4	Ġthat	2.749692
406	5	Ġthe	4.424222
406	6	Ġcoach	13.538425
406	7	Ġsaid	5.88104
406	8	Ġthe	4.824437
406	9	Ġpresident	12.884164
406	10	Ġmight	7.143052
406	11	Ġcongratulate	13.447421
406	12	Ġthe	3.447578
406	13	Ġathletes	9.182824
406	14	Ġover	8.876067
406	15	Ġlunch	8.714312
406	16	.	1.953392
406	17	<|endoftext|>	10.022387
407	1	<|endoftext|>	0.0
407	2	I	5.770367
407	3	Ġknow	5.545733
407	4	Ġwho	8.366532
407	5	Ġthe	5.844098
407	6	Ġcoach	11.120422
407	7	Ġsaid	8.022264
407	8	Ġmight	10.566114
407	9	Ġcongratulate	16.539621
407	10	Ġthe	4.0381
407	11	Ġathletes	12.213292
407	12	Ġover	8.746578
407	13	Ġlunch	10.342633
407	14	.	1.494479
407	15	<|endoftext|>	7.874579
408	1	<|endoftext|>	0.0
408	2	I	5.770357
408	3	Ġknow	5.545684
408	4	Ġwho	8.366485
408	5	Ġthe	5.844156
408	6	Ġcoach	11.120336
408	7	Ġsaid	8.022255
408	8	Ġthe	5.571586
408	9	Ġpresident	13.120607
408	10	Ġmight	7.790247
408	11	Ġcongratulate	13.173764
408	12	Ġthe	4.056636
408	13	Ġathletes	9.459324
408	14	Ġover	9.164302
408	15	Ġlunch	8.626571
408	16	.	1.335291
408	17	<|endoftext|>	8.157242
409	1	<|endoftext|>	0.0
409	2	I	5.770357
409	3	Ġknow	5.545684
409	4	Ġthat	2.749692
409	5	Ġthe	4.424222
409	6	Ġcoach	13.538425
409	7	Ġsaid	5.88104
409	8	Ġthe	4.824437
409	9	Ġassistant	12.790297
409	10	Ġbelieved	13.752524
409	11	Ġmight	14.791325
409	12	Ġcongratulate	18.587266
409	13	Ġthe	3.102915
409	14	Ġathletes	11.59714
409	15	Ġover	8.665326
409	16	Ġlunch	10.841278
409	17	.	1.702165
409	18	<|endoftext|>	9.555098
410	1	<|endoftext|>	0.0
410	2	I	5.770357
410	3	Ġknow	5.545684
410	4	Ġthat	2.749692
410	5	Ġthe	4.424222
410	6	Ġcoach	13.538425
410	7	Ġsaid	5.88104
410	8	Ġthe	4.824437
410	9	Ġassistant	12.790297
410	10	Ġbelieved	13.752524
410	11	Ġthe	2.987922
410	12	Ġpresident	12.047936
410	13	Ġmight	7.488553
410	14	Ġcongratulate	14.881066
410	15	Ġthe	3.394778
410	16	Ġathletes	9.710666
410	17	Ġover	9.053811
410	18	Ġlunch	8.918288
410	19	.	1.490429
410	20	<|endoftext|>	9.888936
411	1	<|endoftext|>	0.0
411	2	I	5.770357
411	3	Ġknow	5.545684
411	4	Ġwho	8.366485
411	5	Ġthe	5.844156
411	6	Ġcoach	11.120336
411	7	Ġsaid	8.022255
411	8	Ġthe	5.571586
411	9	Ġassistant	13.624998
411	10	Ġbelieved	13.83596
411	11	Ġmight	9.996273
411	12	Ġcongratulate	18.23481
411	13	Ġthe	3.330974
411	14	Ġathletes	12.078247
411	15	Ġover	8.742715
411	16	Ġlunch	10.196717
411	17	.	1.231983
411	18	<|endoftext|>	8.227109
412	1	<|endoftext|>	0.0
412	2	I	5.770357
412	3	Ġknow	5.545684
412	4	Ġwho	8.366485
412	5	Ġthe	5.844156
412	6	Ġcoach	11.120336
412	7	Ġsaid	8.022255
412	8	Ġthe	5.571586
412	9	Ġassistant	13.624998
412	10	Ġbelieved	13.83596
412	11	Ġthe	5.483316
412	12	Ġpresident	11.674656
412	13	Ġmight	7.671224
412	14	Ġcongratulate	14.547038
412	15	Ġthe	3.612185
412	16	Ġathletes	9.797911
412	17	Ġover	9.141949
412	18	Ġlunch	8.406409
412	19	.	1.124988
412	20	<|endoftext|>	8.365732
413	1	<|endoftext|>	0.0
413	2	I	5.770357
413	3	Ġknow	5.545684
413	4	Ġthat	2.749692
413	5	Ġthe	4.424222
413	6	Ġcoach	13.538425
413	7	Ġsaid	5.88104
413	8	Ġthe	4.824437
413	9	Ġassistant	12.790297
413	10	Ġbelieved	13.752524
413	11	Ġhe	2.184012
413	12	Ġremembered	14.363427
413	13	Ġmight	16.189962
413	14	Ġcongratulate	17.14551
413	15	Ġthe	3.074301
413	16	Ġathletes	11.536309
413	17	Ġover	8.769717
413	18	Ġlunch	10.521991
413	19	.	1.585393
413	20	<|endoftext|>	9.620911
414	1	<|endoftext|>	0.0
414	2	I	5.770357
414	3	Ġknow	5.545684
414	4	Ġthat	2.749692
414	5	Ġthe	4.424222
414	6	Ġcoach	13.538425
414	7	Ġsaid	5.88104
414	8	Ġthe	4.824437
414	9	Ġassistant	12.790297
414	10	Ġbelieved	13.752524
414	11	Ġhe	2.184012
414	12	Ġremembered	14.363427
414	13	Ġthe	2.483898
414	14	Ġpresident	12.179099
414	15	Ġmight	13.954786
414	16	Ġcongratulate	12.192198
414	17	Ġthe	3.734016
414	18	Ġathletes	9.168047
414	19	Ġover	9.033344
414	20	Ġlunch	8.113061
414	21	.	1.477384
414	22	<|endoftext|>	9.820677
415	1	<|endoftext|>	0.0
415	2	I	5.770357
415	3	Ġknow	5.545684
415	4	Ġwho	8.366485
415	5	Ġthe	5.844156
415	6	Ġcoach	11.120336
415	7	Ġsaid	8.022255
415	8	Ġthe	5.571586
415	9	Ġassistant	13.624998
415	10	Ġbelieved	13.83596
415	11	Ġhe	3.975427
415	12	Ġremembered	13.502608
415	13	Ġmight	13.504823
415	14	Ġcongratulate	16.70265
415	15	Ġthe	3.374088
415	16	Ġathletes	11.804471
415	17	Ġover	8.69791
415	18	Ġlunch	9.870203
415	19	.	1.257141
415	20	<|endoftext|>	8.17754
416	1	<|endoftext|>	0.0
416	2	I	5.770357
416	3	Ġknow	5.545684
416	4	Ġwho	8.366485
416	5	Ġthe	5.844156
416	6	Ġcoach	11.120336
416	7	Ġsaid	8.022255
416	8	Ġthe	5.571586
416	9	Ġassistant	13.624998
416	10	Ġbelieved	13.83596
416	11	Ġhe	3.975427
416	12	Ġremembered	13.502608
416	13	Ġthe	3.815932
416	14	Ġpresident	11.913002
416	15	Ġmight	12.876109
416	16	Ġcongratulate	12.431531
416	17	Ġthe	3.919653
416	18	Ġathletes	9.112559
416	19	Ġover	9.065647
416	20	Ġlunch	7.63266
416	21	.	1.189878
416	22	<|endoftext|>	8.248581
417	1	<|endoftext|>	0.0
417	2	I	5.770357
417	3	Ġknow	5.545684
417	4	Ġthat	2.749692
417	5	Ġthe	4.424222
417	6	Ġcoach	13.538425
417	7	Ġsaid	5.88104
417	8	Ġthe	4.824437
417	9	Ġassistant	12.790297
417	10	Ġbelieved	13.752524
417	11	Ġhe	2.184012
417	12	Ġremembered	14.363427
417	13	Ġmight	16.189962
417	14	Ġcongratulate	17.14551
417	15	Ġthe	3.074301
417	16	Ġathletes	11.536309
417	17	Ġover	8.769717
417	18	Ġlunch	10.521991
417	19	.	1.585393
417	20	<|endoftext|>	9.620911
418	1	<|endoftext|>	0.0
418	2	I	5.770357
418	3	Ġknow	5.545684
418	4	Ġthat	2.749692
418	5	Ġthe	4.424222
418	6	Ġcoach	13.538425
418	7	Ġsaid	5.88104
418	8	Ġthe	4.824437
418	9	Ġassistant	12.790297
418	10	Ġbelieved	13.752524
418	11	Ġhe	2.184012
418	12	Ġremembered	14.363427
418	13	Ġthe	2.483898
418	14	Ġpresident	12.179099
418	15	Ġmight	13.954786
418	16	Ġcongratulate	12.192198
418	17	Ġthe	3.734016
418	18	Ġathletes	9.168047
418	19	Ġover	9.033344
418	20	Ġlunch	8.113061
418	21	.	1.477384
418	22	<|endoftext|>	9.820677
419	1	<|endoftext|>	0.0
419	2	I	5.770357
419	3	Ġknow	5.545684
419	4	Ġwho	8.366485
419	5	Ġthe	5.844156
419	6	Ġcoach	11.120336
419	7	Ġsaid	8.022255
419	8	Ġthe	5.571586
419	9	Ġassistant	13.624998
419	10	Ġbelieved	13.83596
419	11	Ġhe	3.975427
419	12	Ġremembered	13.502608
419	13	Ġmight	13.504823
419	14	Ġcongratulate	16.70265
419	15	Ġthe	3.374088
419	16	Ġathletes	11.804471
419	17	Ġover	8.69791
419	18	Ġlunch	9.870203
419	19	.	1.257141
419	20	<|endoftext|>	8.17754
420	1	<|endoftext|>	0.0
420	2	I	5.770357
420	3	Ġknow	5.545684
420	4	Ġwho	8.366485
420	5	Ġthe	5.844156
420	6	Ġcoach	11.120336
420	7	Ġsaid	8.022255
420	8	Ġthe	5.571586
420	9	Ġassistant	13.624998
420	10	Ġbelieved	13.83596
420	11	Ġhe	3.975427
420	12	Ġremembered	13.502608
420	13	Ġthe	3.815932
420	14	Ġpresident	11.913002
420	15	Ġmight	12.876109
420	16	Ġcongratulate	12.431531
420	17	Ġthe	3.919653
420	18	Ġathletes	9.112559
420	19	Ġover	9.065647
420	20	Ġlunch	7.63266
420	21	.	1.189878
420	22	<|endoftext|>	8.248581
421	1	<|endoftext|>	0.0
421	2	You	7.682203
421	3	Ġknow	4.524784
421	4	Ġthat	3.787013
421	5	Ġdid	14.531095
421	6	Ġsupport	17.409823
421	7	Ġthe	3.504562
421	8	Ġcandidate	12.377578
421	9	Ġlast	8.994251
421	10	Ġyear	2.301203
421	11	.	3.916163
421	12	<|endoftext|>	7.96811
422	1	<|endoftext|>	0.0
422	2	You	7.682203
422	3	Ġknow	4.524784
422	4	Ġthat	3.787021
422	5	Ġthe	7.61201
422	6	Ġmillionaire	16.367698
422	7	Ġdid	11.025721
422	8	Ġsupport	13.976572
422	9	Ġthe	2.927757
422	10	Ġcandidate	9.399301
422	11	Ġlast	9.031174
422	12	Ġyear	1.692799
422	13	.	3.465079
422	14	<|endoftext|>	8.881161
423	1	<|endoftext|>	0.0
423	2	You	7.682203
423	3	Ġknow	4.524784
423	4	Ġwho	5.052563
423	5	Ġdid	8.243078
423	6	Ġsupport	14.280793
423	7	Ġthe	2.80786
423	8	Ġcandidate	9.385851
423	9	Ġlast	7.366106
423	10	Ġyear	2.088229
423	11	.	6.113251
423	12	<|endoftext|>	7.553749
424	1	<|endoftext|>	0.0
424	2	You	7.682203
424	3	Ġknow	4.524784
424	4	Ġwho	5.05256
424	5	Ġthe	6.464221
424	6	Ġmillionaire	13.853886
424	7	Ġdid	9.716374
424	8	Ġsupport	12.448396
424	9	Ġthe	4.232849
424	10	Ġcandidate	9.340021
424	11	Ġlast	8.32779
424	12	Ġyear	1.949385
424	13	.	5.230097
424	14	<|endoftext|>	7.545648
425	1	<|endoftext|>	0.0
425	2	You	7.682203
425	3	Ġknow	4.524784
425	4	Ġthat	3.787013
425	5	Ġthe	7.61201
425	6	Ġlobbyist	17.546139
425	7	Ġbelieved	13.519514
425	8	Ġdid	15.206198
425	9	Ġsupport	12.908324
425	10	Ġthe	2.402192
425	11	Ġcandidate	9.036264
425	12	Ġlast	9.857223
425	13	Ġyear	1.770682
425	14	.	3.784039
425	15	<|endoftext|>	8.999933
426	1	<|endoftext|>	0.0
426	2	You	7.68222
426	3	Ġknow	4.524771
426	4	Ġthat	3.786982
426	5	Ġthe	7.611992
426	6	Ġlobbyist	17.546179
426	7	Ġbelieved	13.519574
426	8	Ġthe	4.187434
426	9	Ġmillionaire	13.856507
426	10	Ġdid	8.81547
426	11	Ġsupport	13.683601
426	12	Ġthe	2.50006
426	13	Ġcandidate	8.451329
426	14	Ġlast	11.399998
426	15	Ġyear	1.618493
426	16	.	3.309174
426	17	<|endoftext|>	9.355609
427	1	<|endoftext|>	0.0
427	2	You	7.682203
427	3	Ġknow	4.524784
427	4	Ġwho	5.052563
427	5	Ġthe	6.464221
427	6	Ġlobbyist	15.639006
427	7	Ġbelieved	12.101711
427	8	Ġdid	9.207547
427	9	Ġsupport	11.414279
427	10	Ġthe	2.092542
427	11	Ġcandidate	10.249274
427	12	Ġlast	8.801294
427	13	Ġyear	1.702968
427	14	.	5.292182
427	15	<|endoftext|>	7.388378
428	1	<|endoftext|>	0.0
428	2	You	7.68222
428	3	Ġknow	4.524771
428	4	Ġwho	5.052576
428	5	Ġthe	6.464205
428	6	Ġlobbyist	15.639065
428	7	Ġbelieved	12.101698
428	8	Ġthe	6.625143
428	9	Ġmillionaire	14.22422
428	10	Ġdid	9.002522
428	11	Ġsupport	12.427213
428	12	Ġthe	4.261304
428	13	Ġcandidate	9.47191
428	14	Ġlast	9.941104
428	15	Ġyear	1.630032
428	16	.	5.0151
428	17	<|endoftext|>	7.378281
429	1	<|endoftext|>	0.0
429	2	You	7.68222
429	3	Ġknow	4.524771
429	4	Ġthat	3.786982
429	5	Ġthe	7.611992
429	6	Ġlobbyist	17.546179
429	7	Ġbelieved	13.519574
429	8	Ġthe	4.187434
429	9	Ġsecretary	11.351427
429	10	Ġsaid	10.463953
429	11	Ġdid	12.477223
429	12	Ġsupport	13.543993
429	13	Ġthe	2.277442
429	14	Ġcandidate	11.004431
429	15	Ġlast	9.941706
429	16	Ġyear	1.853966
429	17	.	3.659346
429	18	<|endoftext|>	9.728228
430	1	<|endoftext|>	0.0
430	2	You	7.68222
430	3	Ġknow	4.524771
430	4	Ġthat	3.786982
430	5	Ġthe	7.611992
430	6	Ġlobbyist	17.546179
430	7	Ġbelieved	13.519574
430	8	Ġthe	4.187434
430	9	Ġsecretary	11.351427
430	10	Ġsaid	10.463953
430	11	Ġthe	3.606738
430	12	Ġmillionaire	15.684236
430	13	Ġdid	7.672661
430	14	Ġsupport	13.383529
430	15	Ġthe	2.545809
430	16	Ġcandidate	9.168326
430	17	Ġlast	10.210177
430	18	Ġyear	1.461053
430	19	.	3.295421
430	20	<|endoftext|>	9.652852
431	1	<|endoftext|>	0.0
431	2	You	7.68222
431	3	Ġknow	4.524771
431	4	Ġwho	5.052576
431	5	Ġthe	6.464205
431	6	Ġlobbyist	15.639065
431	7	Ġbelieved	12.101698
431	8	Ġthe	6.625143
431	9	Ġsecretary	11.165427
431	10	Ġsaid	10.767051
431	11	Ġdid	9.55049
431	12	Ġsupport	11.646855
431	13	Ġthe	2.327068
431	14	Ġcandidate	11.732178
431	15	Ġlast	8.785333
431	16	Ġyear	1.780733
431	17	.	5.420151
431	18	<|endoftext|>	7.557377
432	1	<|endoftext|>	0.0
432	2	You	7.68222
432	3	Ġknow	4.524771
432	4	Ġwho	5.052576
432	5	Ġthe	6.464205
432	6	Ġlobbyist	15.639065
432	7	Ġbelieved	12.101698
432	8	Ġthe	6.625143
432	9	Ġsecretary	11.165427
432	10	Ġsaid	10.767051
432	11	Ġthe	4.428929
432	12	Ġmillionaire	16.453755
432	13	Ġdid	7.865134
432	14	Ġsupport	11.395631
432	15	Ġthe	4.378365
432	16	Ġcandidate	10.083039
432	17	Ġlast	9.685166
432	18	Ġyear	1.562868
432	19	.	5.118099
432	20	<|endoftext|>	7.526674
433	1	<|endoftext|>	0.0
433	2	You	7.68222
433	3	Ġknow	4.524771
433	4	Ġthat	3.786982
433	5	Ġthe	7.611992
433	6	Ġlobbyist	17.546179
433	7	Ġbelieved	13.519574
433	8	Ġthe	4.187434
433	9	Ġsecretary	11.351427
433	10	Ġsaid	10.463953
433	11	Ġshe	3.358851
433	12	Ġsaw	7.940253
433	13	Ġdid	15.186346
433	14	Ġsupport	12.185532
433	15	Ġthe	4.178962
433	16	Ġcandidate	9.275656
433	17	Ġlast	9.15051
433	18	Ġyear	2.052088
433	19	.	2.745031
433	20	<|endoftext|>	9.648186
434	1	<|endoftext|>	0.0
434	2	You	7.68222
434	3	Ġknow	4.524771
434	4	Ġthat	3.786982
434	5	Ġthe	7.611992
434	6	Ġlobbyist	17.546179
434	7	Ġbelieved	13.519574
434	8	Ġthe	4.187434
434	9	Ġsecretary	11.351427
434	10	Ġsaid	10.463953
434	11	Ġshe	3.358851
434	12	Ġsaw	7.940253
434	13	Ġthe	2.89264
434	14	Ġmillionaire	14.201657
434	15	Ġdid	12.928398
434	16	Ġsupport	12.9508
434	17	Ġthe	2.845793
434	18	Ġcandidate	8.978614
434	19	Ġlast	9.735273
434	20	Ġyear	1.762441
434	21	.	2.99353
434	22	<|endoftext|>	9.409749
435	1	<|endoftext|>	0.0
435	2	You	7.68222
435	3	Ġknow	4.524771
435	4	Ġwho	5.052576
435	5	Ġthe	6.464205
435	6	Ġlobbyist	15.639065
435	7	Ġbelieved	12.101698
435	8	Ġthe	6.625143
435	9	Ġsecretary	11.165427
435	10	Ġsaid	10.767051
435	11	Ġshe	2.555512
435	12	Ġsaw	8.210442
435	13	Ġdid	15.15909
435	14	Ġsupport	10.318694
435	15	Ġthe	3.477978
435	16	Ġcandidate	10.391683
435	17	Ġlast	8.729378
435	18	Ġyear	2.082536
435	19	.	4.600783
435	20	<|endoftext|>	7.675444
436	1	<|endoftext|>	0.0
436	2	You	7.68222
436	3	Ġknow	4.524771
436	4	Ġwho	5.052576
436	5	Ġthe	6.464205
436	6	Ġlobbyist	15.639065
436	7	Ġbelieved	12.101698
436	8	Ġthe	6.625143
436	9	Ġsecretary	11.165427
436	10	Ġsaid	10.767051
436	11	Ġshe	2.555512
436	12	Ġsaw	8.210442
436	13	Ġthe	5.489537
436	14	Ġmillionaire	15.16988
436	15	Ġdid	11.670853
436	16	Ġsupport	12.283751
436	17	Ġthe	4.140214
436	18	Ġcandidate	9.828321
436	19	Ġlast	9.292329
436	20	Ġyear	1.877565
436	21	.	4.444561
436	22	<|endoftext|>	7.468636
437	1	<|endoftext|>	0.0
437	2	You	7.68222
437	3	Ġknow	4.524771
437	4	Ġthat	3.786982
437	5	Ġthe	7.611992
437	6	Ġlobbyist	17.546179
437	7	Ġbelieved	13.519574
437	8	Ġthe	4.187434
437	9	Ġsecretary	11.351427
437	10	Ġsaid	10.463953
437	11	Ġshe	3.358851
437	12	Ġsaw	7.940253
437	13	Ġdid	15.186346
437	14	Ġsupport	12.185532
437	15	Ġthe	4.178962
437	16	Ġcandidate	9.275656
437	17	Ġlast	9.15051
437	18	Ġyear	2.052088
437	19	.	2.745031
437	20	<|endoftext|>	9.648186
438	1	<|endoftext|>	0.0
438	2	You	7.68222
438	3	Ġknow	4.524771
438	4	Ġthat	3.786982
438	5	Ġthe	7.611992
438	6	Ġlobbyist	17.546179
438	7	Ġbelieved	13.519574
438	8	Ġthe	4.187434
438	9	Ġsecretary	11.351427
438	10	Ġsaid	10.463953
438	11	Ġshe	3.358851
438	12	Ġsaw	7.940253
438	13	Ġthe	2.89264
438	14	Ġmillionaire	14.201657
438	15	Ġdid	12.928398
438	16	Ġsupport	12.9508
438	17	Ġthe	2.845793
438	18	Ġcandidate	8.978614
438	19	Ġlast	9.735273
438	20	Ġyear	1.762441
438	21	.	2.99353
438	22	<|endoftext|>	9.409749
439	1	<|endoftext|>	0.0
439	2	You	7.68222
439	3	Ġknow	4.524771
439	4	Ġwho	5.052576
439	5	Ġthe	6.464205
439	6	Ġlobbyist	15.639065
439	7	Ġbelieved	12.101698
439	8	Ġthe	6.625143
439	9	Ġsecretary	11.165427
439	10	Ġsaid	10.767051
439	11	Ġshe	2.555512
439	12	Ġsaw	8.210442
439	13	Ġdid	15.15909
439	14	Ġsupport	10.318694
439	15	Ġthe	3.477978
439	16	Ġcandidate	10.391683
439	17	Ġlast	8.729378
439	18	Ġyear	2.082536
439	19	.	4.600783
439	20	<|endoftext|>	7.675444
440	1	<|endoftext|>	0.0
440	2	You	7.68222
440	3	Ġknow	4.524771
440	4	Ġwho	5.052576
440	5	Ġthe	6.464205
440	6	Ġlobbyist	15.639065
440	7	Ġbelieved	12.101698
440	8	Ġthe	6.625143
440	9	Ġsecretary	11.165427
440	10	Ġsaid	10.767051
440	11	Ġshe	2.555512
440	12	Ġsaw	8.210442
440	13	Ġthe	5.489537
440	14	Ġmillionaire	15.16988
440	15	Ġdid	11.670853
440	16	Ġsupport	12.283751
440	17	Ġthe	4.140214
440	18	Ġcandidate	9.828321
440	19	Ġlast	9.292329
440	20	Ġyear	1.877565
440	21	.	4.444561
440	22	<|endoftext|>	7.468636
441	1	<|endoftext|>	0.0
441	2	I	5.770367
441	3	Ġknow	5.545733
441	4	Ġthat	2.74974
441	5	Ġcould	11.83332
441	6	Ġgreet	19.931085
441	7	Ġthe	6.014493
441	8	Ġman	7.472987
441	9	Ġearly	13.709733
441	10	Ġin	3.125015
441	11	Ġthe	0.633386
441	12	Ġmorning	0.599292
441	13	.	2.117205
441	14	<|endoftext|>	9.413818
442	1	<|endoftext|>	0.0
442	2	I	5.770357
442	3	Ġknow	5.545684
442	4	Ġthat	2.749692
442	5	Ġthe	4.424222
442	6	Ġl	12.109224
442	7	ibrarian	3.964726
442	8	Ġcould	8.600142
442	9	Ġgreet	15.583389
442	10	Ġthe	4.473227
442	11	Ġman	7.342216
442	12	Ġearly	12.731255
442	13	Ġin	2.82803
442	14	Ġthe	0.408345
442	15	Ġmorning	0.555752
442	16	.	3.551308
442	17	<|endoftext|>	10.685096
443	1	<|endoftext|>	0.0
443	2	I	5.770367
443	3	Ġknow	5.545733
443	4	Ġwho	8.366545
443	5	Ġcould	10.46763
443	6	Ġgreet	14.57604
443	7	Ġthe	4.287978
443	8	Ġman	7.109423
443	9	Ġearly	12.979176
443	10	Ġin	3.035337
443	11	Ġthe	0.816887
443	12	Ġmorning	0.433503
443	13	.	2.801766
443	14	<|endoftext|>	9.04328
444	1	<|endoftext|>	0.0
444	2	I	5.770357
444	3	Ġknow	5.545684
444	4	Ġwho	8.366485
444	5	Ġthe	5.844156
444	6	Ġl	10.225498
444	7	ibrarian	2.572372
444	8	Ġcould	10.850723
444	9	Ġgreet	14.239784
444	10	Ġthe	5.853844
444	11	Ġman	6.878159
444	12	Ġearly	13.720415
444	13	Ġin	2.411671
444	14	Ġthe	0.660493
444	15	Ġmorning	0.460405
444	16	.	1.674719
444	17	<|endoftext|>	9.680672
445	1	<|endoftext|>	0.0
445	2	I	5.770357
445	3	Ġknow	5.545684
445	4	Ġthat	2.749692
445	5	Ġthe	4.424222
445	6	Ġmayor	12.880334
445	7	Ġsaid	6.518948
445	8	Ġcould	15.838261
445	9	Ġgreet	16.723556
445	10	Ġthe	3.355179
445	11	Ġman	9.921061
445	12	Ġearly	11.398026
445	13	Ġin	3.838038
445	14	Ġthe	0.368309
445	15	Ġmorning	0.346052
445	16	.	2.091722
445	17	<|endoftext|>	9.361484
446	1	<|endoftext|>	0.0
446	2	I	5.770357
446	3	Ġknow	5.545684
446	4	Ġthat	2.749692
446	5	Ġthe	4.424222
446	6	Ġmayor	12.880334
446	7	Ġsaid	6.518948
446	8	Ġthe	4.744813
446	9	Ġl	13.154353
446	10	ibrarian	4.682385
446	11	Ġcould	5.783312
446	12	Ġgreet	15.005975
446	13	Ġthe	3.202091
446	14	Ġman	8.442902
446	15	Ġearly	11.552504
446	16	Ġin	3.545252
446	17	Ġthe	0.273738
446	18	Ġmorning	0.444951
446	19	.	2.299427
446	20	<|endoftext|>	10.230243
447	1	<|endoftext|>	0.0
447	2	I	5.770357
447	3	Ġknow	5.545684
447	4	Ġwho	8.366485
447	5	Ġthe	5.844156
447	6	Ġmayor	10.469356
447	7	Ġsaid	7.041907
447	8	Ġcould	10.000751
447	9	Ġgreet	14.109578
447	10	Ġthe	3.398381
447	11	Ġman	8.96542
447	12	Ġearly	12.232823
447	13	Ġin	3.424328
447	14	Ġthe	0.479757
447	15	Ġmorning	0.316337
447	16	.	1.286013
447	17	<|endoftext|>	8.079892
448	1	<|endoftext|>	0.0
448	2	I	5.770357
448	3	Ġknow	5.545684
448	4	Ġwho	8.366485
448	5	Ġthe	5.844156
448	6	Ġmayor	10.469356
448	7	Ġsaid	7.041907
448	8	Ġthe	5.508674
448	9	Ġl	13.321151
448	10	ibrarian	3.952975
448	11	Ġcould	7.794004
448	12	Ġgreet	13.501684
448	13	Ġthe	4.534997
448	14	Ġman	8.548822
448	15	Ġearly	12.810179
448	16	Ġin	2.975772
448	17	Ġthe	0.428331
448	18	Ġmorning	0.344051
448	19	.	1.305472
448	20	<|endoftext|>	8.531143
449	1	<|endoftext|>	0.0
449	2	I	5.770357
449	3	Ġknow	5.545684
449	4	Ġthat	2.749692
449	5	Ġthe	4.424222
449	6	Ġmayor	12.880334
449	7	Ġsaid	6.518948
449	8	Ġthe	4.744813
449	9	Ġclerk	15.360728
449	10	Ġbelieved	10.252618
449	11	Ġcould	15.528044
449	12	Ġgreet	15.641997
449	13	Ġthe	2.755348
449	14	Ġman	7.318733
449	15	Ġearly	11.041994
449	16	Ġin	3.506845
449	17	Ġthe	0.219979
449	18	Ġmorning	0.387246
449	19	.	1.566717
449	20	<|endoftext|>	9.490561
450	1	<|endoftext|>	0.0
450	2	I	5.770357
450	3	Ġknow	5.545684
450	4	Ġthat	2.749692
450	5	Ġthe	4.424222
450	6	Ġmayor	12.880334
450	7	Ġsaid	6.518948
450	8	Ġthe	4.744813
450	9	Ġclerk	15.360728
450	10	Ġbelieved	10.252618
450	11	Ġthe	2.680923
450	12	Ġl	11.66272
450	13	ibrarian	0.656492
450	14	Ġcould	5.856561
450	15	Ġgreet	14.201246
450	16	Ġthe	2.586393
450	17	Ġman	7.17342
450	18	Ġearly	11.398752
450	19	Ġin	3.423136
450	20	Ġthe	0.238908
450	21	Ġmorning	0.535818
450	22	.	1.78123
450	23	<|endoftext|>	10.189051
451	1	<|endoftext|>	0.0
451	2	I	5.770357
451	3	Ġknow	5.545684
451	4	Ġwho	8.366485
451	5	Ġthe	5.844156
451	6	Ġmayor	10.469356
451	7	Ġsaid	7.041907
451	8	Ġthe	5.508674
451	9	Ġclerk	15.025811
451	10	Ġbelieved	9.715909
451	11	Ġcould	10.059648
451	12	Ġgreet	14.390472
451	13	Ġthe	2.773966
451	14	Ġman	7.108702
451	15	Ġearly	11.439712
451	16	Ġin	3.125562
451	17	Ġthe	0.272246
451	18	Ġmorning	0.329399
451	19	.	1.12069
451	20	<|endoftext|>	8.316729
452	1	<|endoftext|>	0.0
452	2	I	5.770357
452	3	Ġknow	5.545684
452	4	Ġwho	8.366485
452	5	Ġthe	5.844156
452	6	Ġmayor	10.469356
452	7	Ġsaid	7.041907
452	8	Ġthe	5.508674
452	9	Ġclerk	15.025811
452	10	Ġbelieved	9.715909
452	11	Ġthe	5.206546
452	12	Ġl	11.999759
452	13	ibrarian	0.678023
452	14	Ġcould	6.960594
452	15	Ġgreet	13.387175
452	16	Ġthe	3.032493
452	17	Ġman	7.140519
452	18	Ġearly	11.917524
452	19	Ġin	3.066105
452	20	Ġthe	0.311251
452	21	Ġmorning	0.44927
452	22	.	1.315183
452	23	<|endoftext|>	8.680551
453	1	<|endoftext|>	0.0
453	2	I	5.770357
453	3	Ġknow	5.545684
453	4	Ġthat	2.749692
453	5	Ġthe	4.424222
453	6	Ġmayor	12.880334
453	7	Ġsaid	6.518948
453	8	Ġthe	4.744813
453	9	Ġclerk	15.360728
453	10	Ġbelieved	10.252618
453	11	Ġhe	2.968368
453	12	Ġwitnessed	12.90243
453	13	Ġcould	15.931258
453	14	Ġgreet	16.077178
453	15	Ġthe	2.462617
453	16	Ġman	6.576165
453	17	Ġearly	11.674821
453	18	Ġin	2.733604
453	19	Ġthe	0.172006
453	20	Ġmorning	0.467876
453	21	.	1.533917
453	22	<|endoftext|>	9.725677
454	1	<|endoftext|>	0.0
454	2	I	5.770357
454	3	Ġknow	5.545684
454	4	Ġthat	2.749692
454	5	Ġthe	4.424222
454	6	Ġmayor	12.880334
454	7	Ġsaid	6.518948
454	8	Ġthe	4.744813
454	9	Ġclerk	15.360728
454	10	Ġbelieved	10.252618
454	11	Ġhe	2.968368
454	12	Ġwitnessed	12.90243
454	13	Ġthe	1.782551
454	14	Ġl	11.943456
454	15	ibrarian	2.634204
454	16	Ġcould	12.700689
454	17	Ġgreet	13.897508
454	18	Ġthe	2.406123
454	19	Ġman	6.134892
454	20	Ġearly	11.893218
454	21	Ġin	2.707354
454	22	Ġthe	0.233738
454	23	Ġmorning	0.625646
454	24	.	1.573703
454	25	<|endoftext|>	9.872331
455	1	<|endoftext|>	0.0
455	2	I	5.770357
455	3	Ġknow	5.545684
455	4	Ġwho	8.366485
455	5	Ġthe	5.844156
455	6	Ġmayor	10.469356
455	7	Ġsaid	7.041907
455	8	Ġthe	5.508674
455	9	Ġclerk	15.025811
455	10	Ġbelieved	9.715909
455	11	Ġhe	4.051483
455	12	Ġwitnessed	12.781332
455	13	Ġcould	12.612902
455	14	Ġgreet	14.658958
455	15	Ġthe	2.470003
455	16	Ġman	6.333869
455	17	Ġearly	12.073203
455	18	Ġin	2.684693
455	19	Ġthe	0.212345
455	20	Ġmorning	0.399206
455	21	.	1.312549
455	22	<|endoftext|>	8.570852
456	1	<|endoftext|>	0.0
456	2	I	5.770357
456	3	Ġknow	5.545684
456	4	Ġwho	8.366485
456	5	Ġthe	5.844156
456	6	Ġmayor	10.469356
456	7	Ġsaid	7.041907
456	8	Ġthe	5.508674
456	9	Ġclerk	15.025811
456	10	Ġbelieved	9.715909
456	11	Ġhe	4.051483
456	12	Ġwitnessed	12.781332
456	13	Ġthe	3.284662
456	14	Ġl	12.10095
456	15	ibrarian	2.786315
456	16	Ġcould	12.731816
456	17	Ġgreet	13.266537
456	18	Ġthe	2.635454
456	19	Ġman	5.928158
456	20	Ġearly	12.341958
456	21	Ġin	2.563005
456	22	Ġthe	0.292141
456	23	Ġmorning	0.562065
456	24	.	1.395499
456	25	<|endoftext|>	8.522014
457	1	<|endoftext|>	0.0
457	2	I	5.770357
457	3	Ġknow	5.545684
457	4	Ġthat	2.749692
457	5	Ġthe	4.424222
457	6	Ġmayor	12.880334
457	7	Ġsaid	6.518948
457	8	Ġthe	4.744813
457	9	Ġclerk	15.360728
457	10	Ġbelieved	10.252618
457	11	Ġhe	2.968368
457	12	Ġwitnessed	12.90243
457	13	Ġcould	15.931258
457	14	Ġgreet	16.077178
457	15	Ġthe	2.462617
457	16	Ġman	6.576165
457	17	Ġearly	11.674821
457	18	Ġin	2.733604
457	19	Ġthe	0.172006
457	20	Ġmorning	0.467876
457	21	.	1.533917
457	22	<|endoftext|>	9.725677
458	1	<|endoftext|>	0.0
458	2	I	5.770357
458	3	Ġknow	5.545684
458	4	Ġthat	2.749692
458	5	Ġthe	4.424222
458	6	Ġmayor	12.880334
458	7	Ġsaid	6.518948
458	8	Ġthe	4.744813
458	9	Ġclerk	15.360728
458	10	Ġbelieved	10.252618
458	11	Ġhe	2.968368
458	12	Ġwitnessed	12.90243
458	13	Ġthe	1.782551
458	14	Ġl	11.943456
458	15	ibrarian	2.634204
458	16	Ġcould	12.700689
458	17	Ġgreet	13.897508
458	18	Ġthe	2.406123
458	19	Ġman	6.134892
458	20	Ġearly	11.893218
458	21	Ġin	2.707354
458	22	Ġthe	0.233738
458	23	Ġmorning	0.625646
458	24	.	1.573703
458	25	<|endoftext|>	9.872331
459	1	<|endoftext|>	0.0
459	2	I	5.770357
459	3	Ġknow	5.545684
459	4	Ġwho	8.366485
459	5	Ġthe	5.844156
459	6	Ġmayor	10.469356
459	7	Ġsaid	7.041907
459	8	Ġthe	5.508674
459	9	Ġclerk	15.025811
459	10	Ġbelieved	9.715909
459	11	Ġhe	4.051483
459	12	Ġwitnessed	12.781332
459	13	Ġcould	12.612902
459	14	Ġgreet	14.658958
459	15	Ġthe	2.470003
459	16	Ġman	6.333869
459	17	Ġearly	12.073203
459	18	Ġin	2.684693
459	19	Ġthe	0.212345
459	20	Ġmorning	0.399206
459	21	.	1.312549
459	22	<|endoftext|>	8.570852
460	1	<|endoftext|>	0.0
460	2	I	5.770357
460	3	Ġknow	5.545684
460	4	Ġwho	8.366485
460	5	Ġthe	5.844156
460	6	Ġmayor	10.469356
460	7	Ġsaid	7.041907
460	8	Ġthe	5.508674
460	9	Ġclerk	15.025811
460	10	Ġbelieved	9.715909
460	11	Ġhe	4.051483
460	12	Ġwitnessed	12.781332
460	13	Ġthe	3.284662
460	14	Ġl	12.10095
460	15	ibrarian	2.786315
460	16	Ġcould	12.731816
460	17	Ġgreet	13.266537
460	18	Ġthe	2.635454
460	19	Ġman	5.928158
460	20	Ġearly	12.341958
460	21	Ġin	2.563005
460	22	Ġthe	0.292141
460	23	Ġmorning	0.562065
460	24	.	1.395499
460	25	<|endoftext|>	8.522014
461	1	<|endoftext|>	0.0
461	2	He	8.582737
461	3	Ġrecalled	12.020836
461	4	Ġthat	3.014946
461	5	Ġdid	15.015615
461	6	Ġassassinate	20.688814
461	7	Ġthe	3.192211
461	8	Ġpolitician	10.054788
461	9	Ġlast	9.35886
461	10	Ġnight	5.644405
461	11	.	1.821769
461	12	<|endoftext|>	5.424051
462	1	<|endoftext|>	0.0
462	2	He	8.582737
462	3	Ġrecalled	12.020836
462	4	Ġthat	3.014931
462	5	Ġthe	3.611212
462	6	Ġterrorist	11.577957
462	7	Ġdid	8.939644
462	8	Ġassassinate	15.225288
462	9	Ġthe	2.98096
462	10	Ġpolitician	9.780325
462	11	Ġlast	9.109155
462	12	Ġnight	6.658513
462	13	.	2.021639
462	14	<|endoftext|>	5.708663
463	1	<|endoftext|>	0.0
463	2	He	8.582737
463	3	Ġrecalled	12.020836
463	4	Ġwho	10.082294
463	5	Ġdid	8.335153
463	6	Ġassassinate	17.565298
463	7	Ġthe	3.275159
463	8	Ġpolitician	9.825981
463	9	Ġlast	9.126315
463	10	Ġnight	5.874991
463	11	.	1.825607
463	12	<|endoftext|>	6.418587
464	1	<|endoftext|>	0.0
464	2	He	8.582737
464	3	Ġrecalled	12.020836
464	4	Ġwho	10.082279
464	5	Ġthe	5.311934
464	6	Ġterrorist	11.92521
464	7	Ġdid	9.634344
464	8	Ġassassinate	14.081857
464	9	Ġthe	4.955874
464	10	Ġpolitician	9.609672
464	11	Ġlast	9.892093
464	12	Ġnight	4.897217
464	13	.	1.652775
464	14	<|endoftext|>	6.188774
465	1	<|endoftext|>	0.0
465	2	He	8.582737
465	3	Ġrecalled	12.020836
465	4	Ġthat	3.014946
465	5	Ġthe	3.611212
465	6	Ġpresident	8.074663
465	7	Ġsaid	5.885522
465	8	Ġdid	14.536199
465	9	Ġassassinate	18.901189
465	10	Ġthe	3.201904
465	11	Ġpolitician	11.420987
465	12	Ġlast	9.30691
465	13	Ġnight	5.473742
465	14	.	1.549817
465	15	<|endoftext|>	5.571462
466	1	<|endoftext|>	0.0
466	2	He	8.582732
466	3	Ġrecalled	12.02077
466	4	Ġthat	3.014941
466	5	Ġthe	3.611141
466	6	Ġpresident	8.074643
466	7	Ġsaid	5.885518
466	8	Ġthe	4.462654
466	9	Ġterrorist	10.204282
466	10	Ġdid	8.594612
466	11	Ġassassinate	16.500252
466	12	Ġthe	2.914863
466	13	Ġpolitician	11.568037
466	14	Ġlast	9.202385
466	15	Ġnight	5.74423
466	16	.	1.528148
466	17	<|endoftext|>	5.488163
467	1	<|endoftext|>	0.0
467	2	He	8.582737
467	3	Ġrecalled	12.020836
467	4	Ġwho	10.082294
467	5	Ġthe	5.311934
467	6	Ġpresident	7.036633
467	7	Ġsaid	5.575248
467	8	Ġdid	9.143127
467	9	Ġassassinate	17.949624
467	10	Ġthe	3.742253
467	11	Ġpolitician	12.010917
467	12	Ġlast	8.972021
467	13	Ġnight	4.934274
467	14	.	1.199925
467	15	<|endoftext|>	5.953631
468	1	<|endoftext|>	0.0
468	2	He	8.582732
468	3	Ġrecalled	12.02077
468	4	Ġwho	10.082223
468	5	Ġthe	5.311934
468	6	Ġpresident	7.036641
468	7	Ġsaid	5.575347
468	8	Ġthe	6.26124
468	9	Ġterrorist	10.424642
468	10	Ġdid	8.016072
468	11	Ġassassinate	15.470322
468	12	Ġthe	5.807986
468	13	Ġpolitician	12.338681
468	14	Ġlast	9.663221
468	15	Ġnight	4.744182
468	16	.	1.218931
468	17	<|endoftext|>	5.597264
469	1	<|endoftext|>	0.0
469	2	He	8.582732
469	3	Ġrecalled	12.02077
469	4	Ġthat	3.014941
469	5	Ġthe	3.611141
469	6	Ġpresident	8.074643
469	7	Ġsaid	5.885518
469	8	Ġthe	4.462654
469	9	Ġreport	10.145352
469	10	Ġconfirmed	10.202122
469	11	Ġdid	15.725652
469	12	Ġassassinate	20.140874
469	13	Ġthe	3.357368
469	14	Ġpolitician	11.798204
469	15	Ġlast	11.33043
469	16	Ġnight	5.803599
469	17	.	1.13821
469	18	<|endoftext|>	5.22651
470	1	<|endoftext|>	0.0
470	2	He	8.582732
470	3	Ġrecalled	12.02077
470	4	Ġthat	3.014941
470	5	Ġthe	3.611141
470	6	Ġpresident	8.074643
470	7	Ġsaid	5.885518
470	8	Ġthe	4.462654
470	9	Ġreport	10.145352
470	10	Ġconfirmed	10.202122
470	11	Ġthe	2.918387
470	12	Ġterrorist	9.982258
470	13	Ġdid	11.131492
470	14	Ġassassinate	15.664399
470	15	Ġthe	3.018886
470	16	Ġpolitician	12.072429
470	17	Ġlast	10.092505
470	18	Ġnight	6.603241
470	19	.	1.029448
470	20	<|endoftext|>	5.1268
471	1	<|endoftext|>	0.0
471	2	He	8.582732
471	3	Ġrecalled	12.02077
471	4	Ġwho	10.082223
471	5	Ġthe	5.311934
471	6	Ġpresident	7.036641
471	7	Ġsaid	5.575347
471	8	Ġthe	6.26124
471	9	Ġreport	12.819719
471	10	Ġconfirmed	11.072902
471	11	Ġdid	10.596221
471	12	Ġassassinate	17.576938
471	13	Ġthe	4.543445
471	14	Ġpolitician	12.479592
471	15	Ġlast	10.862283
471	16	Ġnight	5.126775
471	17	.	0.926973
471	18	<|endoftext|>	5.487005
472	1	<|endoftext|>	0.0
472	2	He	8.582732
472	3	Ġrecalled	12.02077
472	4	Ġwho	10.082223
472	5	Ġthe	5.311934
472	6	Ġpresident	7.036641
472	7	Ġsaid	5.575347
472	8	Ġthe	6.26124
472	9	Ġreport	12.819719
472	10	Ġconfirmed	11.072902
472	11	Ġthe	6.803126
472	12	Ġterrorist	9.931456
472	13	Ġdid	8.637745
472	14	Ġassassinate	16.290432
472	15	Ġthe	5.132586
472	16	Ġpolitician	13.051239
472	17	Ġlast	10.397778
472	18	Ġnight	5.996481
472	19	.	0.840246
472	20	<|endoftext|>	5.386058
473	1	<|endoftext|>	0.0
473	2	He	8.582732
473	3	Ġrecalled	12.02077
473	4	Ġthat	3.014941
473	5	Ġthe	3.611141
473	6	Ġpresident	8.074643
473	7	Ġsaid	5.885518
473	8	Ġthe	4.462654
473	9	Ġreport	10.145352
473	10	Ġconfirmed	10.202122
473	11	Ġhe	4.498833
473	12	Ġbelieved	5.670444
473	13	Ġdid	13.718608
473	14	Ġassassinate	19.189981
473	15	Ġthe	2.992098
473	16	Ġpolitician	11.80681
473	17	Ġlast	10.881507
473	18	Ġnight	6.312823
473	19	.	0.880229
473	20	<|endoftext|>	5.209657
474	1	<|endoftext|>	0.0
474	2	He	8.582732
474	3	Ġrecalled	12.02077
474	4	Ġthat	3.014941
474	5	Ġthe	3.611141
474	6	Ġpresident	8.074643
474	7	Ġsaid	5.885518
474	8	Ġthe	4.462654
474	9	Ġreport	10.145352
474	10	Ġconfirmed	10.202122
474	11	Ġhe	4.498833
474	12	Ġbelieved	5.670444
474	13	Ġthe	2.049269
474	14	Ġterrorist	8.664848
474	15	Ġdid	9.704895
474	16	Ġassassinate	15.15238
474	17	Ġthe	2.967942
474	18	Ġpolitician	12.215577
474	19	Ġlast	10.015794
474	20	Ġnight	6.621479
474	21	.	0.859473
474	22	<|endoftext|>	5.053348
475	1	<|endoftext|>	0.0
475	2	He	8.582732
475	3	Ġrecalled	12.02077
475	4	Ġwho	10.082223
475	5	Ġthe	5.311934
475	6	Ġpresident	7.036641
475	7	Ġsaid	5.575347
475	8	Ġthe	6.26124
475	9	Ġreport	12.819719
475	10	Ġconfirmed	11.072902
475	11	Ġhe	5.670528
475	12	Ġbelieved	5.358265
475	13	Ġdid	8.871845
475	14	Ġassassinate	16.249158
475	15	Ġthe	3.705353
475	16	Ġpolitician	12.419079
475	17	Ġlast	10.66311
475	18	Ġnight	5.930063
475	19	.	0.761001
475	20	<|endoftext|>	5.596124
476	1	<|endoftext|>	0.0
476	2	He	8.582732
476	3	Ġrecalled	12.02077
476	4	Ġwho	10.082223
476	5	Ġthe	5.311934
476	6	Ġpresident	7.036641
476	7	Ġsaid	5.575347
476	8	Ġthe	6.26124
476	9	Ġreport	12.819719
476	10	Ġconfirmed	11.072902
476	11	Ġhe	5.670528
476	12	Ġbelieved	5.358265
476	13	Ġthe	5.723841
476	14	Ġterrorist	8.753682
476	15	Ġdid	8.769009
476	16	Ġassassinate	15.970122
476	17	Ġthe	4.414301
476	18	Ġpolitician	13.094686
476	19	Ġlast	10.339954
476	20	Ġnight	6.267546
476	21	.	0.741383
476	22	<|endoftext|>	5.447308
477	1	<|endoftext|>	0.0
477	2	He	8.582732
477	3	Ġrecalled	12.02077
477	4	Ġthat	3.014941
477	5	Ġthe	3.611141
477	6	Ġpresident	8.074643
477	7	Ġsaid	5.885518
477	8	Ġthe	4.462654
477	9	Ġreport	10.145352
477	10	Ġconfirmed	10.202122
477	11	Ġhe	4.498833
477	12	Ġbelieved	5.670444
477	13	Ġdid	13.718608
477	14	Ġassassinate	19.189981
477	15	Ġthe	2.992098
477	16	Ġpolitician	11.80681
477	17	Ġlast	10.881507
477	18	Ġnight	6.312823
477	19	.	0.880229
477	20	<|endoftext|>	5.209657
478	1	<|endoftext|>	0.0
478	2	He	8.582732
478	3	Ġrecalled	12.02077
478	4	Ġthat	3.014941
478	5	Ġthe	3.611141
478	6	Ġpresident	8.074643
478	7	Ġsaid	5.885518
478	8	Ġthe	4.462654
478	9	Ġreport	10.145352
478	10	Ġconfirmed	10.202122
478	11	Ġhe	4.498833
478	12	Ġbelieved	5.670444
478	13	Ġthe	2.049269
478	14	Ġterrorist	8.664848
478	15	Ġdid	9.704895
478	16	Ġassassinate	15.15238
478	17	Ġthe	2.967942
478	18	Ġpolitician	12.215577
478	19	Ġlast	10.015794
478	20	Ġnight	6.621479
478	21	.	0.859473
478	22	<|endoftext|>	5.053348
479	1	<|endoftext|>	0.0
479	2	He	8.582732
479	3	Ġrecalled	12.02077
479	4	Ġwho	10.082223
479	5	Ġthe	5.311934
479	6	Ġpresident	7.036641
479	7	Ġsaid	5.575347
479	8	Ġthe	6.26124
479	9	Ġreport	12.819719
479	10	Ġconfirmed	11.072902
479	11	Ġhe	5.670528
479	12	Ġbelieved	5.358265
479	13	Ġdid	8.871845
479	14	Ġassassinate	16.249158
479	15	Ġthe	3.705353
479	16	Ġpolitician	12.419079
479	17	Ġlast	10.66311
479	18	Ġnight	5.930063
479	19	.	0.761001
479	20	<|endoftext|>	5.596124
480	1	<|endoftext|>	0.0
480	2	He	8.582732
480	3	Ġrecalled	12.02077
480	4	Ġwho	10.082223
480	5	Ġthe	5.311934
480	6	Ġpresident	7.036641
480	7	Ġsaid	5.575347
480	8	Ġthe	6.26124
480	9	Ġreport	12.819719
480	10	Ġconfirmed	11.072902
480	11	Ġhe	5.670528
480	12	Ġbelieved	5.358265
480	13	Ġthe	5.723841
480	14	Ġterrorist	8.753682
480	15	Ġdid	8.769009
480	16	Ġassassinate	15.970122
480	17	Ġthe	4.414301
480	18	Ġpolitician	13.094686
480	19	Ġlast	10.339954
480	20	Ġnight	6.267546
480	21	.	0.741383
480	22	<|endoftext|>	5.447308
481	1	<|endoftext|>	0.0
481	2	We	7.155782
481	3	Ġrecalled	16.653039
481	4	Ġthat	3.559485
481	5	Ġmight	14.82115
481	6	Ġfright	15.683198
481	7	en	0.012937
481	8	Ġthe	3.419716
481	9	Ġchildren	7.288318
481	10	Ġat	6.38113
481	11	Ġthe	2.002602
481	12	Ġparty	6.50688
481	13	.	1.717718
481	14	<|endoftext|>	7.242749
482	1	<|endoftext|>	0.0
482	2	We	7.155761
482	3	Ġrecalled	16.652951
482	4	Ġthat	3.559446
482	5	Ġthe	3.282933
482	6	Ġclown	16.170378
482	7	Ġmight	10.356748
482	8	Ġfright	13.646225
482	9	en	0.002359
482	10	Ġthe	3.211603
482	11	Ġchildren	4.76346
482	12	Ġat	5.867523
482	13	Ġthe	2.09687
482	14	Ġparty	5.245526
482	15	.	1.808694
482	16	<|endoftext|>	6.748674
483	1	<|endoftext|>	0.0
483	2	We	7.155782
483	3	Ġrecalled	16.653039
483	4	Ġwho	12.588437
483	5	Ġmight	9.162708
483	6	Ġfright	17.219481
483	7	en	0.003749
483	8	Ġthe	4.226021
483	9	Ġchildren	6.771434
483	10	Ġat	5.268902
483	11	Ġthe	2.081067
483	12	Ġparty	6.537987
483	13	.	2.103594
483	14	<|endoftext|>	7.336263
484	1	<|endoftext|>	0.0
484	2	We	7.155761
484	3	Ġrecalled	16.652951
484	4	Ġwho	12.588497
484	5	Ġthe	5.097204
484	6	Ġclown	12.947161
484	7	Ġmight	9.224117
484	8	Ġfright	17.367928
484	9	en	0.004499
484	10	Ġthe	5.263208
484	11	Ġchildren	5.213464
484	12	Ġat	5.195504
484	13	Ġthe	2.390466
484	14	Ġparty	5.894399
484	15	.	1.449468
484	16	<|endoftext|>	6.047626
485	1	<|endoftext|>	0.0
485	2	We	7.155761
485	3	Ġrecalled	16.652963
485	4	Ġthat	3.559449
485	5	Ġthe	3.282928
485	6	Ġactor	12.41283
485	7	Ġsaid	6.494531
485	8	Ġmight	16.031692
485	9	Ġfright	16.888325
485	10	en	0.010157
485	11	Ġthe	3.392492
485	12	Ġchildren	5.793172
485	13	Ġat	6.096008
485	14	Ġthe	1.653793
485	15	Ġparty	5.158902
485	16	.	1.459758
485	17	<|endoftext|>	5.158235
486	1	<|endoftext|>	0.0
486	2	We	7.155761
486	3	Ġrecalled	16.652963
486	4	Ġthat	3.559449
486	5	Ġthe	3.282928
486	6	Ġactor	12.41283
486	7	Ġsaid	6.494531
486	8	Ġthe	4.650755
486	9	Ġclown	13.629284
486	10	Ġmight	9.012291
486	11	Ġfright	12.117006
486	12	en	0.000605
486	13	Ġthe	3.346714
486	14	Ġchildren	3.664465
486	15	Ġat	5.738638
486	16	Ġthe	1.901078
486	17	Ġparty	4.574077
486	18	.	1.300809
486	19	<|endoftext|>	5.20579
487	1	<|endoftext|>	0.0
487	2	We	7.155761
487	3	Ġrecalled	16.652963
487	4	Ġwho	12.58851
487	5	Ġthe	5.097209
487	6	Ġactor	10.041862
487	7	Ġsaid	8.182886
487	8	Ġmight	10.011499
487	9	Ġfright	17.400931
487	10	en	0.00222
487	11	Ġthe	4.05689
487	12	Ġchildren	6.134362
487	13	Ġat	5.396509
487	14	Ġthe	1.517513
487	15	Ġparty	4.835903
487	16	.	1.003494
487	17	<|endoftext|>	5.705049
488	1	<|endoftext|>	0.0
488	2	We	7.155761
488	3	Ġrecalled	16.652963
488	4	Ġwho	12.58851
488	5	Ġthe	5.097209
488	6	Ġactor	10.041862
488	7	Ġsaid	8.182886
488	8	Ġthe	6.496846
488	9	Ġclown	11.48887
488	10	Ġmight	8.875637
488	11	Ġfright	16.043349
488	12	en	0.001082
488	13	Ġthe	4.934104
488	14	Ġchildren	4.146035
488	15	Ġat	5.550069
488	16	Ġthe	2.209408
488	17	Ġparty	4.738173
488	18	.	0.81416
488	19	<|endoftext|>	5.316637
489	1	<|endoftext|>	0.0
489	2	We	7.155761
489	3	Ġrecalled	16.652963
489	4	Ġthat	3.559449
489	5	Ġthe	3.282928
489	6	Ġactor	12.41283
489	7	Ġsaid	6.494531
489	8	Ġthe	4.650755
489	9	Ġpeople	9.542711
489	10	Ġknew	10.904819
489	11	Ġmight	16.090683
489	12	Ġfright	16.057913
489	13	en	0.007323
489	14	Ġthe	4.007899
489	15	Ġchildren	5.457791
489	16	Ġat	6.9316
489	17	Ġthe	1.157706
489	18	Ġparty	5.078749
489	19	.	1.402875
489	20	<|endoftext|>	5.316453
490	1	<|endoftext|>	0.0
490	2	We	7.155761
490	3	Ġrecalled	16.652963
490	4	Ġthat	3.559449
490	5	Ġthe	3.282928
490	6	Ġactor	12.41283
490	7	Ġsaid	6.494531
490	8	Ġthe	4.650755
490	9	Ġpeople	9.542711
490	10	Ġknew	10.904819
490	11	Ġthe	3.773863
490	12	Ġclown	11.9457
490	13	Ġmight	9.705139
490	14	Ġfright	13.256375
490	15	en	0.000529
490	16	Ġthe	4.342458
490	17	Ġchildren	3.27221
490	18	Ġat	6.267855
490	19	Ġthe	1.674559
490	20	Ġparty	4.518048
490	21	.	1.324438
490	22	<|endoftext|>	5.430477
491	1	<|endoftext|>	0.0
491	2	We	7.155761
491	3	Ġrecalled	16.652963
491	4	Ġwho	12.58851
491	5	Ġthe	5.097209
491	6	Ġactor	10.041862
491	7	Ġsaid	8.182886
491	8	Ġthe	6.496846
491	9	Ġpeople	9.049391
491	10	Ġknew	8.967435
491	11	Ġmight	11.69478
491	12	Ġfright	17.168513
491	13	en	0.002222
491	14	Ġthe	4.494023
491	15	Ġchildren	5.6783
491	16	Ġat	6.761553
491	17	Ġthe	1.268302
491	18	Ġparty	4.74013
491	19	.	0.84188
491	20	<|endoftext|>	5.543062
492	1	<|endoftext|>	0.0
492	2	We	7.155761
492	3	Ġrecalled	16.652963
492	4	Ġwho	12.58851
492	5	Ġthe	5.097209
492	6	Ġactor	10.041862
492	7	Ġsaid	8.182886
492	8	Ġthe	6.496846
492	9	Ġpeople	9.049391
492	10	Ġknew	8.967435
492	11	Ġthe	5.658877
492	12	Ġclown	11.613543
492	13	Ġmight	9.0022
492	14	Ġfright	14.361944
492	15	en	0.000786
492	16	Ġthe	5.486297
492	17	Ġchildren	3.491794
492	18	Ġat	6.082612
492	19	Ġthe	2.096887
492	20	Ġparty	4.600713
492	21	.	0.803503
492	22	<|endoftext|>	5.47198
493	1	<|endoftext|>	0.0
493	2	We	7.155761
493	3	Ġrecalled	16.652963
493	4	Ġthat	3.559449
493	5	Ġthe	3.282928
493	6	Ġactor	12.41283
493	7	Ġsaid	6.494531
493	8	Ġthe	4.650755
493	9	Ġpeople	9.542711
493	10	Ġknew	10.904819
493	11	Ġhe	3.325211
493	12	Ġthought	10.729255
493	13	Ġmight	10.479647
493	14	Ġfright	15.798269
493	15	en	0.003746
493	16	Ġthe	3.475881
493	17	Ġchildren	4.789049
493	18	Ġat	6.582573
493	19	Ġthe	1.32786
493	20	Ġparty	4.890707
493	21	.	1.36062
493	22	<|endoftext|>	5.475524
494	1	<|endoftext|>	0.0
494	2	We	7.155761
494	3	Ġrecalled	16.652963
494	4	Ġthat	3.559449
494	5	Ġthe	3.282928
494	6	Ġactor	12.41283
494	7	Ġsaid	6.494531
494	8	Ġthe	4.650755
494	9	Ġpeople	9.542711
494	10	Ġknew	10.904819
494	11	Ġhe	3.325211
494	12	Ġthought	10.729255
494	13	Ġthe	3.229573
494	14	Ġclown	10.709938
494	15	Ġmight	7.312896
494	16	Ġfright	13.027612
494	17	en	0.000641
494	18	Ġthe	3.762367
494	19	Ġchildren	2.888675
494	20	Ġat	6.361396
494	21	Ġthe	1.812623
494	22	Ġparty	4.629801
494	23	.	1.144539
494	24	<|endoftext|>	5.339649
495	1	<|endoftext|>	0.0
495	2	We	7.155761
495	3	Ġrecalled	16.652963
495	4	Ġwho	12.58851
495	5	Ġthe	5.097209
495	6	Ġactor	10.041862
495	7	Ġsaid	8.182886
495	8	Ġthe	6.496846
495	9	Ġpeople	9.049391
495	10	Ġknew	8.967435
495	11	Ġhe	5.910528
495	12	Ġthought	11.509607
495	13	Ġmight	7.436643
495	14	Ġfright	17.646713
495	15	en	0.002953
495	16	Ġthe	3.946073
495	17	Ġchildren	4.940638
495	18	Ġat	6.53787
495	19	Ġthe	1.522362
495	20	Ġparty	4.836252
495	21	.	0.798024
495	22	<|endoftext|>	5.698658
496	1	<|endoftext|>	0.0
496	2	We	7.155761
496	3	Ġrecalled	16.652963
496	4	Ġwho	12.58851
496	5	Ġthe	5.097209
496	6	Ġactor	10.041862
496	7	Ġsaid	8.182886
496	8	Ġthe	6.496846
496	9	Ġpeople	9.049391
496	10	Ġknew	8.967435
496	11	Ġhe	5.910528
496	12	Ġthought	11.509607
496	13	Ġthe	5.396923
496	14	Ġclown	10.104149
496	15	Ġmight	7.004982
496	16	Ġfright	14.440313
496	17	en	0.00085
496	18	Ġthe	4.860642
496	19	Ġchildren	3.119869
496	20	Ġat	6.217893
496	21	Ġthe	2.156247
496	22	Ġparty	4.768581
496	23	.	0.702348
496	24	<|endoftext|>	5.542657
497	1	<|endoftext|>	0.0
497	2	We	7.155761
497	3	Ġrecalled	16.652963
497	4	Ġthat	3.559449
497	5	Ġthe	3.282928
497	6	Ġactor	12.41283
497	7	Ġsaid	6.494531
497	8	Ġthe	4.650755
497	9	Ġpeople	9.542711
497	10	Ġknew	10.904819
497	11	Ġhe	3.325211
497	12	Ġthought	10.729255
497	13	Ġmight	10.479647
497	14	Ġfright	15.798269
497	15	en	0.003746
497	16	Ġthe	3.475881
497	17	Ġchildren	4.789049
497	18	Ġat	6.582573
497	19	Ġthe	1.32786
497	20	Ġparty	4.890707
497	21	.	1.36062
497	22	<|endoftext|>	5.475524
498	1	<|endoftext|>	0.0
498	2	We	7.155761
498	3	Ġrecalled	16.652963
498	4	Ġthat	3.559449
498	5	Ġthe	3.282928
498	6	Ġactor	12.41283
498	7	Ġsaid	6.494531
498	8	Ġthe	4.650755
498	9	Ġpeople	9.542711
498	10	Ġknew	10.904819
498	11	Ġhe	3.325211
498	12	Ġthought	10.729255
498	13	Ġthe	3.229573
498	14	Ġclown	10.709938
498	15	Ġmight	7.312896
498	16	Ġfright	13.027612
498	17	en	0.000641
498	18	Ġthe	3.762367
498	19	Ġchildren	2.888675
498	20	Ġat	6.361396
498	21	Ġthe	1.812623
498	22	Ġparty	4.629801
498	23	.	1.144539
498	24	<|endoftext|>	5.339649
499	1	<|endoftext|>	0.0
499	2	We	7.155761
499	3	Ġrecalled	16.652963
499	4	Ġwho	12.58851
499	5	Ġthe	5.097209
499	6	Ġactor	10.041862
499	7	Ġsaid	8.182886
499	8	Ġthe	6.496846
499	9	Ġpeople	9.049391
499	10	Ġknew	8.967435
499	11	Ġhe	5.910528
499	12	Ġthought	11.509607
499	13	Ġmight	7.436643
499	14	Ġfright	17.646713
499	15	en	0.002953
499	16	Ġthe	3.946073
499	17	Ġchildren	4.940638
499	18	Ġat	6.53787
499	19	Ġthe	1.522362
499	20	Ġparty	4.836252
499	21	.	0.798024
499	22	<|endoftext|>	5.698658
500	1	<|endoftext|>	0.0
500	2	We	7.155761
500	3	Ġrecalled	16.652963
500	4	Ġwho	12.58851
500	5	Ġthe	5.097209
500	6	Ġactor	10.041862
500	7	Ġsaid	8.182886
500	8	Ġthe	6.496846
500	9	Ġpeople	9.049391
500	10	Ġknew	8.967435
500	11	Ġhe	5.910528
500	12	Ġthought	11.509607
500	13	Ġthe	5.396923
500	14	Ġclown	10.104149
500	15	Ġmight	7.004982
500	16	Ġfright	14.440313
500	17	en	0.00085
500	18	Ġthe	4.860642
500	19	Ġchildren	3.119869
500	20	Ġat	6.217893
500	21	Ġthe	2.156247
500	22	Ġparty	4.768581
500	23	.	0.702348
500	24	<|endoftext|>	5.542657
501	1	<|endoftext|>	0.0
501	2	They	9.39695
501	3	Ġrecalled	14.566953
501	4	Ġthat	3.308536
501	5	Ġmight	14.915799
501	6	Ġhave	2.061246
501	7	Ġdivorced	19.090289
501	8	Ġthe	3.411167
501	9	Ġcount	15.317299
501	10	Ġlast	10.85974
501	11	Ġyear	1.156318
501	12	.	1.963303
501	13	<|endoftext|>	5.289503
502	1	<|endoftext|>	0.0
502	2	They	9.396978
502	3	Ġrecalled	14.567082
502	4	Ġthat	3.308581
502	5	Ġthe	3.38853
502	6	Ġhe	13.898365
502	7	i	2.668509
502	8	ress	0.054684
502	9	Ġmight	10.19091
502	10	Ġhave	0.799243
502	11	Ġdivorced	13.868552
502	12	Ġthe	4.115317
502	13	Ġcount	13.711937
502	14	Ġlast	10.923224
502	15	Ġyear	0.83885
502	16	.	2.015796
502	17	<|endoftext|>	5.640241
503	1	<|endoftext|>	0.0
503	2	They	9.39695
503	3	Ġrecalled	14.566953
503	4	Ġwho	9.746003
503	5	Ġmight	8.530562
503	6	Ġhave	0.827969
503	7	Ġdivorced	16.676387
503	8	Ġthe	3.807505
503	9	Ġcount	16.538127
503	10	Ġlast	10.310797
503	11	Ġyear	1.05548
503	12	.	1.845023
503	13	<|endoftext|>	6.298052
504	1	<|endoftext|>	0.0
504	2	They	9.396978
504	3	Ġrecalled	14.567082
504	4	Ġwho	9.746037
504	5	Ġthe	4.823518
504	6	Ġhe	13.629793
504	7	i	1.14234
504	8	ress	0.043984
504	9	Ġmight	8.004395
504	10	Ġhave	1.840607
504	11	Ġdivorced	16.727799
504	12	Ġthe	6.19633
504	13	Ġcount	15.087499
504	14	Ġlast	11.051715
504	15	Ġyear	1.105169
504	16	.	1.42887
504	17	<|endoftext|>	6.153613
505	1	<|endoftext|>	0.0
505	2	They	9.396972
505	3	Ġrecalled	14.567064
505	4	Ġthat	3.308589
505	5	Ġthe	3.388525
505	6	Ġwriter	13.540819
505	7	Ġthought	9.385904
505	8	Ġmight	13.412096
505	9	Ġhave	2.388553
505	10	Ġdivorced	16.535569
505	11	Ġthe	3.248868
505	12	Ġcount	15.0637
505	13	Ġlast	11.590392
505	14	Ġyear	1.104257
505	15	.	1.849769
505	16	<|endoftext|>	5.645628
506	1	<|endoftext|>	0.0
506	2	They	9.396978
506	3	Ġrecalled	14.567082
506	4	Ġthat	3.308581
506	5	Ġthe	3.38853
506	6	Ġwriter	13.540817
506	7	Ġthought	9.385893
506	8	Ġthe	3.223039
506	9	Ġhe	13.876986
506	10	i	3.414573
506	11	ress	0.034284
506	12	Ġmight	5.818648
506	13	Ġhave	1.974479
506	14	Ġdivorced	13.407912
506	15	Ġthe	4.346206
506	16	Ġcount	13.605706
506	17	Ġlast	11.426525
506	18	Ġyear	0.855929
506	19	.	1.545033
506	20	<|endoftext|>	6.00645
507	1	<|endoftext|>	0.0
507	2	They	9.396972
507	3	Ġrecalled	14.567064
507	4	Ġwho	9.746023
507	5	Ġthe	4.82352
507	6	Ġwriter	10.819711
507	7	Ġthought	8.487653
507	8	Ġmight	6.483731
507	9	Ġhave	2.514103
507	10	Ġdivorced	16.375021
507	11	Ġthe	3.873878
507	12	Ġcount	16.069912
507	13	Ġlast	10.799164
507	14	Ġyear	1.195017
507	15	.	1.302744
507	16	<|endoftext|>	6.379747
508	1	<|endoftext|>	0.0
508	2	They	9.396978
508	3	Ġrecalled	14.567082
508	4	Ġwho	9.746037
508	5	Ġthe	4.823518
508	6	Ġwriter	10.819691
508	7	Ġthought	8.487623
508	8	Ġthe	4.244259
508	9	Ġhe	13.873107
508	10	i	1.334713
508	11	ress	0.028398
508	12	Ġmight	4.655505
508	13	Ġhave	3.71772
508	14	Ġdivorced	17.226887
508	15	Ġthe	6.066537
508	16	Ġcount	14.385031
508	17	Ġlast	11.905187
508	18	Ġyear	1.054599
508	19	.	0.995859
508	20	<|endoftext|>	6.39628
509	1	<|endoftext|>	0.0
509	2	They	9.396978
509	3	Ġrecalled	14.567082
509	4	Ġthat	3.308581
509	5	Ġthe	3.38853
509	6	Ġwriter	13.540817
509	7	Ġthought	9.385893
509	8	Ġthe	3.223039
509	9	Ġman	7.349701
509	10	Ġsaid	8.746191
509	11	Ġmight	11.181762
509	12	Ġhave	2.429667
509	13	Ġdivorced	16.140308
509	14	Ġthe	3.991827
509	15	Ġcount	16.015278
509	16	Ġlast	11.334692
509	17	Ġyear	1.104534
509	18	.	1.395248
509	19	<|endoftext|>	5.548605
510	1	<|endoftext|>	0.0
510	2	They	9.396978
510	3	Ġrecalled	14.567082
510	4	Ġthat	3.308581
510	5	Ġthe	3.38853
510	6	Ġwriter	13.540817
510	7	Ġthought	9.385893
510	8	Ġthe	3.223039
510	9	Ġman	7.349701
510	10	Ġsaid	8.746191
510	11	Ġthe	3.577377
510	12	Ġhe	13.763458
510	13	i	5.366421
510	14	ress	0.04451
510	15	Ġmight	6.928788
510	16	Ġhave	2.196087
510	17	Ġdivorced	13.072987
510	18	Ġthe	5.317345
510	19	Ġcount	14.415846
510	20	Ġlast	11.633308
510	21	Ġyear	0.851976
510	22	.	1.242227
510	23	<|endoftext|>	5.391804
511	1	<|endoftext|>	0.0
511	2	They	9.396978
511	3	Ġrecalled	14.567082
511	4	Ġwho	9.746037
511	5	Ġthe	4.823518
511	6	Ġwriter	10.819691
511	7	Ġthought	8.487623
511	8	Ġthe	4.244259
511	9	Ġman	5.732126
511	10	Ġsaid	10.260243
511	11	Ġmight	9.064361
511	12	Ġhave	2.518026
511	13	Ġdivorced	16.790055
511	14	Ġthe	4.287976
511	15	Ġcount	16.630783
511	16	Ġlast	11.366308
511	17	Ġyear	1.191405
511	18	.	0.944303
511	19	<|endoftext|>	5.973232
512	1	<|endoftext|>	0.0
512	2	They	9.396978
512	3	Ġrecalled	14.567082
512	4	Ġwho	9.746037
512	5	Ġthe	4.823518
512	6	Ġwriter	10.819691
512	7	Ġthought	8.487623
512	8	Ġthe	4.244259
512	9	Ġman	5.732126
512	10	Ġsaid	10.260243
512	11	Ġthe	5.628472
512	12	Ġhe	11.118264
512	13	i	4.660792
512	14	ress	0.03495
512	15	Ġmight	6.474647
512	16	Ġhave	2.551534
512	17	Ġdivorced	15.182346
512	18	Ġthe	6.54793
512	19	Ġcount	14.636527
512	20	Ġlast	11.994029
512	21	Ġyear	0.983169
512	22	.	0.820131
512	23	<|endoftext|>	5.586746
513	1	<|endoftext|>	0.0
513	2	They	9.396978
513	3	Ġrecalled	14.567082
513	4	Ġthat	3.308581
513	5	Ġthe	3.38853
513	6	Ġwriter	13.540817
513	7	Ġthought	9.385893
513	8	Ġthe	3.223039
513	9	Ġman	7.349701
513	10	Ġsaid	8.746191
513	11	Ġhis	5.791094
513	12	Ġbrother	8.295026
513	13	Ġbelieved	10.629449
513	14	Ġmight	14.2507
513	15	Ġhave	2.07315
513	16	Ġdivorced	15.755156
513	17	Ġthe	3.828998
513	18	Ġcount	16.456047
513	19	Ġlast	11.568596
513	20	Ġyear	0.978733
513	21	.	1.079368
513	22	<|endoftext|>	5.531968
514	1	<|endoftext|>	0.0
514	2	They	9.396978
514	3	Ġrecalled	14.567082
514	4	Ġthat	3.308581
514	5	Ġthe	3.38853
514	6	Ġwriter	13.540817
514	7	Ġthought	9.385893
514	8	Ġthe	3.223039
514	9	Ġman	7.349701
514	10	Ġsaid	8.746191
514	11	Ġhis	5.791094
514	12	Ġbrother	8.295026
514	13	Ġbelieved	10.629449
514	14	Ġthe	2.968385
514	15	Ġhe	13.111002
514	16	i	5.650628
514	17	ress	0.031221
514	18	Ġmight	7.476627
514	19	Ġhave	2.02652
514	20	Ġdivorced	12.46517
514	21	Ġthe	5.36211
514	22	Ġcount	14.951972
514	23	Ġlast	12.174243
514	24	Ġyear	0.787918
514	25	.	0.903868
514	26	<|endoftext|>	5.292723
515	1	<|endoftext|>	0.0
515	2	They	9.396978
515	3	Ġrecalled	14.567082
515	4	Ġwho	9.746037
515	5	Ġthe	4.823518
515	6	Ġwriter	10.819691
515	7	Ġthought	8.487623
515	8	Ġthe	4.244259
515	9	Ġman	5.732126
515	10	Ġsaid	10.260243
515	11	Ġhis	7.717888
515	12	Ġbrother	7.622416
515	13	Ġbelieved	10.568099
515	14	Ġmight	8.652129
515	15	Ġhave	2.401086
515	16	Ġdivorced	16.549126
515	17	Ġthe	4.202571
515	18	Ġcount	17.107354
515	19	Ġlast	11.299617
515	20	Ġyear	1.10136
515	21	.	0.77791
515	22	<|endoftext|>	5.834095
516	1	<|endoftext|>	0.0
516	2	They	9.396978
516	3	Ġrecalled	14.567082
516	4	Ġwho	9.746037
516	5	Ġthe	4.823518
516	6	Ġwriter	10.819691
516	7	Ġthought	8.487623
516	8	Ġthe	4.244259
516	9	Ġman	5.732126
516	10	Ġsaid	10.260243
516	11	Ġhis	7.717888
516	12	Ġbrother	7.622416
516	13	Ġbelieved	10.568099
516	14	Ġthe	5.551874
516	15	Ġhe	12.041749
516	16	i	4.507029
516	17	ress	0.030138
516	18	Ġmight	7.009302
516	19	Ġhave	1.891677
516	20	Ġdivorced	13.046384
516	21	Ġthe	5.955086
516	22	Ġcount	15.283995
516	23	Ġlast	11.785086
516	24	Ġyear	0.88656
516	25	.	0.722838
516	26	<|endoftext|>	5.539667
517	1	<|endoftext|>	0.0
517	2	They	9.396978
517	3	Ġrecalled	14.567082
517	4	Ġthat	3.308581
517	5	Ġthe	3.38853
517	6	Ġwriter	13.540817
517	7	Ġthought	9.385893
517	8	Ġthe	3.223039
517	9	Ġman	7.349701
517	10	Ġsaid	8.746191
517	11	Ġhis	5.791094
517	12	Ġbrother	8.295026
517	13	Ġbelieved	10.629449
517	14	Ġmight	14.2507
517	15	Ġhave	2.07315
517	16	Ġdivorced	15.755156
517	17	Ġthe	3.828998
517	18	Ġcount	16.456047
517	19	Ġlast	11.568596
517	20	Ġyear	0.978733
517	21	.	1.079368
517	22	<|endoftext|>	5.531968
518	1	<|endoftext|>	0.0
518	2	They	9.396978
518	3	Ġrecalled	14.567082
518	4	Ġthat	3.308581
518	5	Ġthe	3.38853
518	6	Ġwriter	13.540817
518	7	Ġthought	9.385893
518	8	Ġthe	3.223039
518	9	Ġman	7.349701
518	10	Ġsaid	8.746191
518	11	Ġhis	5.791094
518	12	Ġbrother	8.295026
518	13	Ġbelieved	10.629449
518	14	Ġthe	2.968385
518	15	Ġhe	13.111002
518	16	i	5.650628
518	17	ress	0.031221
518	18	Ġmight	7.476627
518	19	Ġhave	2.02652
518	20	Ġdivorced	12.46517
518	21	Ġthe	5.36211
518	22	Ġcount	14.951972
518	23	Ġlast	12.174243
518	24	Ġyear	0.787918
518	25	.	0.903868
518	26	<|endoftext|>	5.292723
519	1	<|endoftext|>	0.0
519	2	They	9.396978
519	3	Ġrecalled	14.567082
519	4	Ġwho	9.746037
519	5	Ġthe	4.823518
519	6	Ġwriter	10.819691
519	7	Ġthought	8.487623
519	8	Ġthe	4.244259
519	9	Ġman	5.732126
519	10	Ġsaid	10.260243
519	11	Ġhis	7.717888
519	12	Ġbrother	7.622416
519	13	Ġbelieved	10.568099
519	14	Ġmight	8.652129
519	15	Ġhave	2.401086
519	16	Ġdivorced	16.549126
519	17	Ġthe	4.202571
519	18	Ġcount	17.107354
519	19	Ġlast	11.299617
519	20	Ġyear	1.10136
519	21	.	0.77791
519	22	<|endoftext|>	5.834095
520	1	<|endoftext|>	0.0
520	2	They	9.396978
520	3	Ġrecalled	14.567082
520	4	Ġwho	9.746037
520	5	Ġthe	4.823518
520	6	Ġwriter	10.819691
520	7	Ġthought	8.487623
520	8	Ġthe	4.244259
520	9	Ġman	5.732126
520	10	Ġsaid	10.260243
520	11	Ġhis	7.717888
520	12	Ġbrother	7.622416
520	13	Ġbelieved	10.568099
520	14	Ġthe	5.551874
520	15	Ġhe	12.041749
520	16	i	4.507029
520	17	ress	0.030138
520	18	Ġmight	7.009302
520	19	Ġhave	1.891677
520	20	Ġdivorced	13.046384
520	21	Ġthe	5.955086
520	22	Ġcount	15.283995
520	23	Ġlast	11.785086
520	24	Ġyear	0.88656
520	25	.	0.722838
520	26	<|endoftext|>	5.539667
521	1	<|endoftext|>	0.0
521	2	They	9.39695
521	3	Ġreported	10.956506
521	4	Ġthat	2.208508
521	5	Ġdid	14.964531
521	6	Ġpromote	14.947585
521	7	Ġthe	2.928495
521	8	Ġaccountant	20.365127
521	9	Ġyesterday	13.568681
521	10	.	2.605808
521	11	<|endoftext|>	5.146579
522	1	<|endoftext|>	0.0
522	2	They	9.39695
522	3	Ġreported	10.956506
522	4	Ġthat	2.208508
522	5	Ġthe	2.648978
522	6	Ġmanager	12.089285
522	7	Ġdid	6.859829
522	8	Ġpromote	15.430457
522	9	Ġthe	2.23725
522	10	Ġaccountant	17.195695
522	11	Ġyesterday	12.480482
522	12	.	3.019926
522	13	<|endoftext|>	5.520597
523	1	<|endoftext|>	0.0
523	2	They	9.39695
523	3	Ġreported	10.956506
523	4	Ġwho	12.973994
523	5	Ġdid	6.739383
523	6	Ġpromote	17.186422
523	7	Ġthe	1.688441
523	8	Ġaccountant	20.842191
523	9	Ġyesterday	11.638812
523	10	.	2.125598
523	11	<|endoftext|>	6.337659
524	1	<|endoftext|>	0.0
524	2	They	9.39695
524	3	Ġreported	10.956506
524	4	Ġwho	12.973994
524	5	Ġthe	4.219928
524	6	Ġmanager	11.921037
524	7	Ġdid	10.181733
524	8	Ġpromote	15.896834
524	9	Ġthe	5.133639
524	10	Ġaccountant	17.571077
524	11	Ġyesterday	11.859952
524	12	.	1.73258
524	13	<|endoftext|>	6.022314
525	1	<|endoftext|>	0.0
525	2	They	9.39695
525	3	Ġreported	10.956506
525	4	Ġthat	2.208508
525	5	Ġthe	2.648978
525	6	Ġexecutive	13.819974
525	7	Ġsaid	7.767033
525	8	Ġdid	14.489538
525	9	Ġpromote	14.918361
525	10	Ġthe	2.587782
525	11	Ġaccountant	19.257091
525	12	Ġyesterday	14.458608
525	13	.	2.234741
525	14	<|endoftext|>	4.814274
526	1	<|endoftext|>	0.0
526	2	They	9.396972
526	3	Ġreported	10.95643
526	4	Ġthat	2.20852
526	5	Ġthe	2.648967
526	6	Ġexecutive	13.819988
526	7	Ġsaid	7.767069
526	8	Ġthe	3.053823
526	9	Ġmanager	11.97637
526	10	Ġdid	5.693845
526	11	Ġpromote	16.111249
526	12	Ġthe	2.020896
526	13	Ġaccountant	16.084481
526	14	Ġyesterday	13.375885
526	15	.	2.511036
526	16	<|endoftext|>	4.949893
527	1	<|endoftext|>	0.0
527	2	They	9.39695
527	3	Ġreported	10.956506
527	4	Ġwho	12.973994
527	5	Ġthe	4.219928
527	6	Ġexecutive	13.605069
527	7	Ġsaid	5.566529
527	8	Ġdid	8.106563
527	9	Ġpromote	15.463274
527	10	Ġthe	2.043915
527	11	Ġaccountant	19.443971
527	12	Ġyesterday	13.463865
527	13	.	1.478521
527	14	<|endoftext|>	5.885806
528	1	<|endoftext|>	0.0
528	2	They	9.396972
528	3	Ġreported	10.95643
528	4	Ġwho	12.973919
528	5	Ġthe	4.219939
528	6	Ġexecutive	13.605011
528	7	Ġsaid	5.56654
528	8	Ġthe	5.162002
528	9	Ġmanager	10.404342
528	10	Ġdid	8.593767
528	11	Ġpromote	16.194196
528	12	Ġthe	4.866351
528	13	Ġaccountant	16.475744
528	14	Ġyesterday	12.775131
528	15	.	1.392162
528	16	<|endoftext|>	5.636656
529	1	<|endoftext|>	0.0
529	2	They	9.396978
529	3	Ġreported	10.956426
529	4	Ġthat	2.208518
529	5	Ġthe	2.648968
529	6	Ġexecutive	13.82
529	7	Ġsaid	7.767044
529	8	Ġa	6.85387
529	9	Ġreporter	9.867538
529	10	Ġbelieved	9.816868
529	11	Ġdid	16.284893
529	12	Ġpromote	15.152937
529	13	Ġthe	1.989267
529	14	Ġaccountant	18.867758
529	15	Ġyesterday	14.410977
529	16	.	1.831743
529	17	<|endoftext|>	4.962841
530	1	<|endoftext|>	0.0
530	2	They	9.396978
530	3	Ġreported	10.956426
530	4	Ġthat	2.208518
530	5	Ġthe	2.648968
530	6	Ġexecutive	13.82
530	7	Ġsaid	7.767044
530	8	Ġa	6.85387
530	9	Ġreporter	9.867538
530	10	Ġbelieved	9.816868
530	11	Ġthe	2.268378
530	12	Ġmanager	11.313848
530	13	Ġdid	6.843742
530	14	Ġpromote	15.889816
530	15	Ġthe	2.176573
530	16	Ġaccountant	16.346546
530	17	Ġyesterday	14.142036
530	18	.	1.814905
530	19	<|endoftext|>	5.001948
531	1	<|endoftext|>	0.0
531	2	They	9.396978
531	3	Ġreported	10.956426
531	4	Ġwho	12.973917
531	5	Ġthe	4.219927
531	6	Ġexecutive	13.605001
531	7	Ġsaid	5.566542
531	8	Ġa	9.694404
531	9	Ġreporter	7.89533
531	10	Ġbelieved	7.885438
531	11	Ġdid	10.257623
531	12	Ġpromote	14.851405
531	13	Ġthe	2.035844
531	14	Ġaccountant	19.702617
531	15	Ġyesterday	14.216777
531	16	.	1.22398
531	17	<|endoftext|>	5.764313
532	1	<|endoftext|>	0.0
532	2	They	9.396978
532	3	Ġreported	10.956426
532	4	Ġwho	12.973917
532	5	Ġthe	4.219927
532	6	Ġexecutive	13.605001
532	7	Ġsaid	5.566542
532	8	Ġa	9.694404
532	9	Ġreporter	7.89533
532	10	Ġbelieved	7.885438
532	11	Ġthe	7.312851
532	12	Ġmanager	11.041164
532	13	Ġdid	8.480427
532	14	Ġpromote	16.502177
532	15	Ġthe	3.541805
532	16	Ġaccountant	16.940537
532	17	Ġyesterday	13.500536
532	18	.	1.237613
532	19	<|endoftext|>	5.68687
533	1	<|endoftext|>	0.0
533	2	They	9.396978
533	3	Ġreported	10.956426
533	4	Ġthat	2.208518
533	5	Ġthe	2.648968
533	6	Ġexecutive	13.82
533	7	Ġsaid	7.767044
533	8	Ġa	6.85387
533	9	Ġreporter	9.867538
533	10	Ġbelieved	9.816868
533	11	Ġthe	2.268378
533	12	Ġclient	11.831194
533	13	Ġsaid	8.56215
533	14	Ġdid	14.375174
533	15	Ġpromote	15.698202
533	16	Ġthe	2.630327
533	17	Ġaccountant	16.908842
533	18	Ġyesterday	14.786678
533	19	.	1.443743
533	20	<|endoftext|>	4.961804
534	1	<|endoftext|>	0.0
534	2	They	9.396978
534	3	Ġreported	10.956426
534	4	Ġthat	2.208518
534	5	Ġthe	2.648968
534	6	Ġexecutive	13.82
534	7	Ġsaid	7.767044
534	8	Ġa	6.85387
534	9	Ġreporter	9.867538
534	10	Ġbelieved	9.816868
534	11	Ġthe	2.268378
534	12	Ġclient	11.831194
534	13	Ġsaid	8.56215
534	14	Ġthe	2.660772
534	15	Ġmanager	8.73449
534	16	Ġdid	5.951745
534	17	Ġpromote	16.084658
534	18	Ġthe	2.396079
534	19	Ġaccountant	14.378952
534	20	Ġyesterday	14.811645
534	21	.	1.511128
534	22	<|endoftext|>	4.955589
535	1	<|endoftext|>	0.0
535	2	They	9.396978
535	3	Ġreported	10.956426
535	4	Ġwho	12.973917
535	5	Ġthe	4.219927
535	6	Ġexecutive	13.605001
535	7	Ġsaid	5.566542
535	8	Ġa	9.694404
535	9	Ġreporter	7.89533
535	10	Ġbelieved	7.885438
535	11	Ġthe	7.312851
535	12	Ġclient	11.514053
535	13	Ġsaid	7.699412
535	14	Ġdid	8.684116
535	15	Ġpromote	15.3775
535	16	Ġthe	2.666389
535	17	Ġaccountant	17.281726
535	18	Ġyesterday	14.834051
535	19	.	1.093639
535	20	<|endoftext|>	5.598281
536	1	<|endoftext|>	0.0
536	2	They	9.396978
536	3	Ġreported	10.956426
536	4	Ġwho	12.973917
536	5	Ġthe	4.219927
536	6	Ġexecutive	13.605001
536	7	Ġsaid	5.566542
536	8	Ġa	9.694404
536	9	Ġreporter	7.89533
536	10	Ġbelieved	7.885438
536	11	Ġthe	7.312851
536	12	Ġclient	11.514053
536	13	Ġsaid	7.699412
536	14	Ġthe	4.66243
536	15	Ġmanager	8.710987
536	16	Ġdid	6.736304
536	17	Ġpromote	16.224891
536	18	Ġthe	3.135403
536	19	Ġaccountant	14.585307
536	20	Ġyesterday	14.643023
536	21	.	1.108227
536	22	<|endoftext|>	5.506922
537	1	<|endoftext|>	0.0
537	2	They	9.396978
537	3	Ġreported	10.956426
537	4	Ġthat	2.208518
537	5	Ġthe	2.648968
537	6	Ġexecutive	13.82
537	7	Ġsaid	7.767044
537	8	Ġa	6.85387
537	9	Ġreporter	9.867538
537	10	Ġbelieved	9.816868
537	11	Ġthe	2.268378
537	12	Ġclient	11.831194
537	13	Ġsaid	8.56215
537	14	Ġdid	14.375174
537	15	Ġpromote	15.698202
537	16	Ġthe	2.630327
537	17	Ġaccountant	16.908842
537	18	Ġyesterday	14.786678
537	19	.	1.443743
537	20	<|endoftext|>	4.961804
538	1	<|endoftext|>	0.0
538	2	They	9.396978
538	3	Ġreported	10.956426
538	4	Ġthat	2.208518
538	5	Ġthe	2.648968
538	6	Ġexecutive	13.82
538	7	Ġsaid	7.767044
538	8	Ġa	6.85387
538	9	Ġreporter	9.867538
538	10	Ġbelieved	9.816868
538	11	Ġthe	2.268378
538	12	Ġclient	11.831194
538	13	Ġsaid	8.56215
538	14	Ġthe	2.660772
538	15	Ġmanager	8.73449
538	16	Ġdid	5.951745
538	17	Ġpromote	16.084658
538	18	Ġthe	2.396079
538	19	Ġaccountant	14.378952
538	20	Ġyesterday	14.811645
538	21	.	1.511128
538	22	<|endoftext|>	4.955589
539	1	<|endoftext|>	0.0
539	2	They	9.396978
539	3	Ġreported	10.956426
539	4	Ġwho	12.973917
539	5	Ġthe	4.219927
539	6	Ġexecutive	13.605001
539	7	Ġsaid	5.566542
539	8	Ġa	9.694404
539	9	Ġreporter	7.89533
539	10	Ġbelieved	7.885438
539	11	Ġthe	7.312851
539	12	Ġclient	11.514053
539	13	Ġsaid	7.699412
539	14	Ġdid	8.684116
539	15	Ġpromote	15.3775
539	16	Ġthe	2.666389
539	17	Ġaccountant	17.281726
539	18	Ġyesterday	14.834051
539	19	.	1.093639
539	20	<|endoftext|>	5.598281
540	1	<|endoftext|>	0.0
540	2	They	9.396978
540	3	Ġreported	10.956426
540	4	Ġwho	12.973917
540	5	Ġthe	4.219927
540	6	Ġexecutive	13.605001
540	7	Ġsaid	5.566542
540	8	Ġa	9.694404
540	9	Ġreporter	7.89533
540	10	Ġbelieved	7.885438
540	11	Ġthe	7.312851
540	12	Ġclient	11.514053
540	13	Ġsaid	7.699412
540	14	Ġthe	4.66243
540	15	Ġmanager	8.710987
540	16	Ġdid	6.736304
540	17	Ġpromote	16.224891
540	18	Ġthe	3.135403
540	19	Ġaccountant	14.585307
540	20	Ġyesterday	14.643023
540	21	.	1.108227
540	22	<|endoftext|>	5.506922
541	1	<|endoftext|>	0.0
541	2	He	8.582737
541	3	Ġreported	12.331583
541	4	Ġthat	2.374091
541	5	Ġwill	14.430696
541	6	Ġabandon	13.85539
541	7	Ġhis	3.112859
541	8	Ġpartner	10.693324
541	9	Ġin	3.404795
541	10	Ġthe	3.132174
541	11	Ġdesert	11.218808
541	12	.	3.793314
541	13	<|endoftext|>	6.081293
542	1	<|endoftext|>	0.0
542	2	He	8.582737
542	3	Ġreported	12.331583
542	4	Ġthat	2.374096
542	5	Ġthe	2.664716
542	6	Ġcowboy	17.893279
542	7	Ġwill	8.177006
542	8	Ġabandon	13.758085
542	9	Ġhis	1.206695
542	10	Ġpartner	11.439649
542	11	Ġin	3.395826
542	12	Ġthe	2.610908
542	13	Ġdesert	6.331221
542	14	.	4.295924
542	15	<|endoftext|>	5.585495
543	1	<|endoftext|>	0.0
543	2	He	8.582737
543	3	Ġreported	12.331583
543	4	Ġwho	12.870041
543	5	Ġwill	8.088567
543	6	Ġabandon	15.841189
543	7	Ġhis	2.74506
543	8	Ġpartner	9.986587
543	9	Ġin	3.441122
543	10	Ġthe	2.675216
543	11	Ġdesert	10.310912
543	12	.	3.076555
543	13	<|endoftext|>	6.41163
544	1	<|endoftext|>	0.0
544	2	He	8.582737
544	3	Ġreported	12.331583
544	4	Ġwho	12.870045
544	5	Ġthe	4.073936
544	6	Ġcowboy	16.720728
544	7	Ġwill	9.438449
544	8	Ġabandon	18.375471
544	9	Ġhis	4.4017
544	10	Ġpartner	11.242688
544	11	Ġin	3.504808
544	12	Ġthe	2.266493
544	13	Ġdesert	5.081362
544	14	.	2.381994
544	15	<|endoftext|>	5.58819
545	1	<|endoftext|>	0.0
545	2	He	8.582738
545	3	Ġreported	12.331528
545	4	Ġthat	2.37405
545	5	Ġthe	2.664666
545	6	Ġfarmer	13.19897
545	7	Ġsaid	5.554953
545	8	Ġwill	15.520485
545	9	Ġabandon	12.225436
545	10	Ġhis	2.312458
545	11	Ġpartner	13.487182
545	12	Ġin	3.718508
545	13	Ġthe	2.484025
545	14	Ġdesert	9.487081
545	15	.	3.592922
545	16	<|endoftext|>	5.062474
546	1	<|endoftext|>	0.0
546	2	He	8.582732
546	3	Ġreported	12.331528
546	4	Ġthat	2.374054
546	5	Ġthe	2.664676
546	6	Ġfarmer	13.198979
546	7	Ġsaid	5.554958
546	8	Ġthe	3.473709
546	9	Ġcowboy	15.727818
546	10	Ġwill	8.271985
546	11	Ġabandon	12.50444
546	12	Ġhis	1.224532
546	13	Ġpartner	12.976811
546	14	Ġin	3.794115
546	15	Ġthe	2.271135
546	16	Ġdesert	6.362334
546	17	.	3.669312
546	18	<|endoftext|>	4.766426
547	1	<|endoftext|>	0.0
547	2	He	8.582738
547	3	Ġreported	12.331528
547	4	Ġwho	12.869989
547	5	Ġthe	4.073953
547	6	Ġfarmer	13.261855
547	7	Ġsaid	6.543632
547	8	Ġwill	9.455817
547	9	Ġabandon	13.890147
547	10	Ġhis	2.381389
547	11	Ġpartner	13.30363
547	12	Ġin	3.317275
547	13	Ġthe	2.112253
547	14	Ġdesert	9.027827
547	15	.	2.352573
547	16	<|endoftext|>	5.213236
548	1	<|endoftext|>	0.0
548	2	He	8.582732
548	3	Ġreported	12.331528
548	4	Ġwho	12.869993
548	5	Ġthe	4.073953
548	6	Ġfarmer	13.261851
548	7	Ġsaid	6.543627
548	8	Ġthe	5.792466
548	9	Ġcowboy	14.061079
548	10	Ġwill	9.640837
548	11	Ġabandon	16.073424
548	12	Ġhis	5.207386
548	13	Ġpartner	12.89053
548	14	Ġin	3.542175
548	15	Ġthe	1.993447
548	16	Ġdesert	5.715905
548	17	.	1.906251
548	18	<|endoftext|>	4.800014
549	1	<|endoftext|>	0.0
549	2	He	8.582732
549	3	Ġreported	12.331528
549	4	Ġthat	2.374054
549	5	Ġthe	2.664676
549	6	Ġfarmer	13.198979
549	7	Ġsaid	5.554958
549	8	Ġhis	4.802285
549	9	Ġfriend	9.235653
549	10	Ġreported	10.342931
549	11	Ġwill	18.117682
549	12	Ġabandon	12.42652
549	13	Ġhis	1.746199
549	14	Ġpartner	11.905209
549	15	Ġin	3.755289
549	16	Ġthe	2.555638
549	17	Ġdesert	8.770341
549	18	.	3.012727
549	19	<|endoftext|>	5.233622
550	1	<|endoftext|>	0.0
550	2	He	8.582732
550	3	Ġreported	12.331528
550	4	Ġthat	2.374054
550	5	Ġthe	2.664676
550	6	Ġfarmer	13.198979
550	7	Ġsaid	5.554958
550	8	Ġhis	4.802285
550	9	Ġfriend	9.235653
550	10	Ġreported	10.342931
550	11	Ġthe	2.305999
550	12	Ġcowboy	16.783659
550	13	Ġwill	13.961931
550	14	Ġabandon	12.041346
550	15	Ġhis	1.145241
550	16	Ġpartner	12.452647
550	17	Ġin	3.803352
550	18	Ġthe	2.386486
550	19	Ġdesert	6.063491
550	20	.	2.821281
550	21	<|endoftext|>	5.105815
551	1	<|endoftext|>	0.0
551	2	He	8.582732
551	3	Ġreported	12.331528
551	4	Ġwho	12.869993
551	5	Ġthe	4.073953
551	6	Ġfarmer	13.261851
551	7	Ġsaid	6.543627
551	8	Ġhis	7.442256
551	9	Ġfriend	6.597662
551	10	Ġreported	12.02346
551	11	Ġwill	14.20726
551	12	Ġabandon	14.253494
551	13	Ġhis	2.065075
551	14	Ġpartner	11.825945
551	15	Ġin	3.658081
551	16	Ġthe	2.408776
551	17	Ġdesert	8.495152
551	18	.	2.015687
551	19	<|endoftext|>	4.979803
552	1	<|endoftext|>	0.0
552	2	He	8.582732
552	3	Ġreported	12.331528
552	4	Ġwho	12.869993
552	5	Ġthe	4.073953
552	6	Ġfarmer	13.261851
552	7	Ġsaid	6.543627
552	8	Ġhis	7.442256
552	9	Ġfriend	6.597662
552	10	Ġreported	12.02346
552	11	Ġthe	4.34403
552	12	Ġcowboy	16.396416
552	13	Ġwill	12.12495
552	14	Ġabandon	13.193736
552	15	Ġhis	1.701988
552	16	Ġpartner	12.603605
552	17	Ġin	3.796079
552	18	Ġthe	2.268784
552	19	Ġdesert	5.68344
552	20	.	2.029586
552	21	<|endoftext|>	4.829481
553	1	<|endoftext|>	0.0
553	2	He	8.582732
553	3	Ġreported	12.331528
553	4	Ġthat	2.374054
553	5	Ġthe	2.664676
553	6	Ġfarmer	13.198979
553	7	Ġsaid	5.554958
553	8	Ġhis	4.802285
553	9	Ġfriend	9.235653
553	10	Ġreported	10.342931
553	11	Ġhe	6.291769
553	12	Ġbelieved	9.886071
553	13	Ġwill	15.043738
553	14	Ġabandon	12.632877
553	15	Ġhis	1.643832
553	16	Ġpartner	11.384553
553	17	Ġin	3.640479
553	18	Ġthe	2.415519
553	19	Ġdesert	8.426305
553	20	.	2.408474
553	21	<|endoftext|>	5.002224
554	1	<|endoftext|>	0.0
554	2	He	8.582732
554	3	Ġreported	12.331528
554	4	Ġthat	2.374054
554	5	Ġthe	2.664676
554	6	Ġfarmer	13.198979
554	7	Ġsaid	5.554958
554	8	Ġhis	4.802285
554	9	Ġfriend	9.235653
554	10	Ġreported	10.342931
554	11	Ġhe	6.291769
554	12	Ġbelieved	9.886071
554	13	Ġthe	1.789076
554	14	Ġcowboy	14.337338
554	15	Ġwill	9.40811
554	16	Ġabandon	11.404811
554	17	Ġhis	1.158948
554	18	Ġpartner	11.890052
554	19	Ġin	3.624538
554	20	Ġthe	2.308473
554	21	Ġdesert	5.713584
554	22	.	2.189407
554	23	<|endoftext|>	4.843076
555	1	<|endoftext|>	0.0
555	2	He	8.582732
555	3	Ġreported	12.331528
555	4	Ġwho	12.869993
555	5	Ġthe	4.073953
555	6	Ġfarmer	13.261851
555	7	Ġsaid	6.543627
555	8	Ġhis	7.442256
555	9	Ġfriend	6.597662
555	10	Ġreported	12.02346
555	11	Ġhe	7.249122
555	12	Ġbelieved	9.162644
555	13	Ġwill	11.863487
555	14	Ġabandon	13.689533
555	15	Ġhis	1.707848
555	16	Ġpartner	11.508553
555	17	Ġin	3.512523
555	18	Ġthe	2.324884
555	19	Ġdesert	8.265656
555	20	.	1.764123
555	21	<|endoftext|>	4.837015
556	1	<|endoftext|>	0.0
556	2	He	8.582732
556	3	Ġreported	12.331528
556	4	Ġwho	12.869993
556	5	Ġthe	4.073953
556	6	Ġfarmer	13.261851
556	7	Ġsaid	6.543627
556	8	Ġhis	7.442256
556	9	Ġfriend	6.597662
556	10	Ġreported	12.02346
556	11	Ġhe	7.249122
556	12	Ġbelieved	9.162644
556	13	Ġthe	3.90282
556	14	Ġcowboy	14.095662
556	15	Ġwill	10.195553
556	16	Ġabandon	12.252189
556	17	Ġhis	1.547008
556	18	Ġpartner	11.991467
556	19	Ġin	3.584053
556	20	Ġthe	2.257474
556	21	Ġdesert	5.503295
556	22	.	1.760708
556	23	<|endoftext|>	4.689653
557	1	<|endoftext|>	0.0
557	2	He	8.582732
557	3	Ġreported	12.331528
557	4	Ġthat	2.374054
557	5	Ġthe	2.664676
557	6	Ġfarmer	13.198979
557	7	Ġsaid	5.554958
557	8	Ġhis	4.802285
557	9	Ġfriend	9.235653
557	10	Ġreported	10.342931
557	11	Ġhe	6.291769
557	12	Ġbelieved	9.886071
557	13	Ġwill	15.043738
557	14	Ġabandon	12.632877
557	15	Ġhis	1.643832
557	16	Ġpartner	11.384553
557	17	Ġin	3.640479
557	18	Ġthe	2.415519
557	19	Ġdesert	8.426305
557	20	.	2.408474
557	21	<|endoftext|>	5.002224
558	1	<|endoftext|>	0.0
558	2	He	8.582732
558	3	Ġreported	12.331528
558	4	Ġthat	2.374054
558	5	Ġthe	2.664676
558	6	Ġfarmer	13.198979
558	7	Ġsaid	5.554958
558	8	Ġhis	4.802285
558	9	Ġfriend	9.235653
558	10	Ġreported	10.342931
558	11	Ġhe	6.291769
558	12	Ġbelieved	9.886071
558	13	Ġthe	1.789076
558	14	Ġcowboy	14.337338
558	15	Ġwill	9.40811
558	16	Ġabandon	11.404811
558	17	Ġhis	1.158948
558	18	Ġpartner	11.890052
558	19	Ġin	3.624538
558	20	Ġthe	2.308473
558	21	Ġdesert	5.713584
558	22	.	2.189407
558	23	<|endoftext|>	4.843076
559	1	<|endoftext|>	0.0
559	2	He	8.582732
559	3	Ġreported	12.331528
559	4	Ġwho	12.869993
559	5	Ġthe	4.073953
559	6	Ġfarmer	13.261851
559	7	Ġsaid	6.543627
559	8	Ġhis	7.442256
559	9	Ġfriend	6.597662
559	10	Ġreported	12.02346
559	11	Ġhe	7.249122
559	12	Ġbelieved	9.162644
559	13	Ġwill	11.863487
559	14	Ġabandon	13.689533
559	15	Ġhis	1.707848
559	16	Ġpartner	11.508553
559	17	Ġin	3.512523
559	18	Ġthe	2.324884
559	19	Ġdesert	8.265656
559	20	.	1.764123
559	21	<|endoftext|>	4.837015
560	1	<|endoftext|>	0.0
560	2	He	8.582732
560	3	Ġreported	12.331528
560	4	Ġwho	12.869993
560	5	Ġthe	4.073953
560	6	Ġfarmer	13.261851
560	7	Ġsaid	6.543627
560	8	Ġhis	7.442256
560	9	Ġfriend	6.597662
560	10	Ġreported	12.02346
560	11	Ġhe	7.249122
560	12	Ġbelieved	9.162644
560	13	Ġthe	3.90282
560	14	Ġcowboy	14.095662
560	15	Ġwill	10.195553
560	16	Ġabandon	12.252189
560	17	Ġhis	1.547008
560	18	Ġpartner	11.991467
560	19	Ġin	3.584053
560	20	Ġthe	2.257474
560	21	Ġdesert	5.503295
560	22	.	1.760708
560	23	<|endoftext|>	4.689653
561	1	<|endoftext|>	0.0
561	2	They	9.39695
561	3	Ġknow	7.895996
561	4	Ġthat	2.878176
561	5	Ġshould	12.638353
561	6	Ġreassure	15.593939
561	7	Ġthe	3.613241
561	8	Ġold	10.400601
561	9	Ġwoman	7.091096
561	10	Ġat	6.568409
561	11	Ġthe	0.906591
561	12	Ġhospital	6.426907
561	13	.	2.226915
561	14	<|endoftext|>	6.746327
562	1	<|endoftext|>	0.0
562	2	They	9.396972
562	3	Ġknow	7.895986
562	4	Ġthat	2.878197
562	5	Ġthe	3.62555
562	6	Ġnurse	15.429651
562	7	Ġshould	9.05945
562	8	Ġreassure	13.371776
562	9	Ġthe	2.548718
562	10	Ġold	12.481509
562	11	Ġwoman	3.176376
562	12	Ġat	6.826616
562	13	Ġthe	0.756772
562	14	Ġhospital	3.373507
562	15	.	3.378996
562	16	<|endoftext|>	7.992602
563	1	<|endoftext|>	0.0
563	2	They	9.39695
563	3	Ġknow	7.895996
563	4	Ġwho	5.464134
563	5	Ġshould	9.316829
563	6	Ġreassure	18.292756
563	7	Ġthe	3.368
563	8	Ġold	11.439529
563	9	Ġwoman	6.6902
563	10	Ġat	5.953257
563	11	Ġthe	0.816007
563	12	Ġhospital	6.737295
563	13	.	2.385582
563	14	<|endoftext|>	7.569742
564	1	<|endoftext|>	0.0
564	2	They	9.396972
564	3	Ġknow	7.895986
564	4	Ġwho	5.464167
564	5	Ġthe	4.252055
564	6	Ġnurse	15.020955
564	7	Ġshould	9.484272
564	8	Ġreassure	15.603411
564	9	Ġthe	4.351652
564	10	Ġold	12.335344
564	11	Ġwoman	3.874161
564	12	Ġat	6.068229
564	13	Ġthe	0.871921
564	14	Ġhospital	3.356961
564	15	.	2.008712
564	16	<|endoftext|>	7.607125
565	1	<|endoftext|>	0.0
565	2	They	9.396978
565	3	Ġknow	7.895982
565	4	Ġthat	2.878192
565	5	Ġthe	3.625553
565	6	Ġdoctor	12.401468
565	7	Ġbelieved	11.954482
565	8	Ġshould	15.108969
565	9	Ġreassure	15.477771
565	10	Ġthe	3.576315
565	11	Ġold	12.086257
565	12	Ġwoman	3.607315
565	13	Ġat	7.324023
565	14	Ġthe	0.932449
565	15	Ġhospital	2.335389
565	16	.	2.444669
565	17	<|endoftext|>	7.450266
566	1	<|endoftext|>	0.0
566	2	They	9.396978
566	3	Ġknow	7.895982
566	4	Ġthat	2.878192
566	5	Ġthe	3.625553
566	6	Ġdoctor	12.401468
566	7	Ġbelieved	11.954482
566	8	Ġthe	3.483282
566	9	Ġnurse	9.575942
566	10	Ġshould	6.502866
566	11	Ġreassure	16.619996
566	12	Ġthe	2.878548
566	13	Ġold	14.037576
566	14	Ġwoman	2.475168
566	15	Ġat	7.149418
566	16	Ġthe	0.780074
566	17	Ġhospital	1.830107
566	18	.	2.517612
566	19	<|endoftext|>	7.771629
567	1	<|endoftext|>	0.0
567	2	They	9.396978
567	3	Ġknow	7.895982
567	4	Ġwho	5.464162
567	5	Ġthe	4.252062
567	6	Ġdoctor	10.969049
567	7	Ġbelieved	11.569874
567	8	Ġshould	10.192817
567	9	Ġreassure	19.648696
567	10	Ġthe	4.126688
567	11	Ġold	12.625317
567	12	Ġwoman	3.940289
567	13	Ġat	6.598932
567	14	Ġthe	0.805751
567	15	Ġhospital	2.590102
567	16	.	1.602194
567	17	<|endoftext|>	7.339534
568	1	<|endoftext|>	0.0
568	2	They	9.396978
568	3	Ġknow	7.895982
568	4	Ġwho	5.464162
568	5	Ġthe	4.252062
568	6	Ġdoctor	10.969049
568	7	Ġbelieved	11.569874
568	8	Ġthe	7.303398
568	9	Ġnurse	7.1754
568	10	Ġshould	8.017868
568	11	Ġreassure	17.569137
568	12	Ġthe	4.515399
568	13	Ġold	13.451572
568	14	Ġwoman	2.919492
568	15	Ġat	6.498059
568	16	Ġthe	0.802789
568	17	Ġhospital	1.998619
568	18	.	1.401314
568	19	<|endoftext|>	7.351287
569	1	<|endoftext|>	0.0
569	2	They	9.396978
569	3	Ġknow	7.895982
569	4	Ġthat	2.878192
569	5	Ġthe	3.625553
569	6	Ġdoctor	12.401468
569	7	Ġbelieved	11.954482
569	8	Ġthe	3.483282
569	9	Ġman	5.085362
569	10	Ġsaid	9.982735
569	11	Ġshould	12.585426
569	12	Ġreassure	20.584537
569	13	Ġthe	3.229298
569	14	Ġold	13.544512
569	15	Ġwoman	2.583027
569	16	Ġat	7.42572
569	17	Ġthe	0.801803
569	18	Ġhospital	2.262949
569	19	.	1.832028
569	20	<|endoftext|>	6.490916
570	1	<|endoftext|>	0.0
570	2	They	9.396978
570	3	Ġknow	7.895982
570	4	Ġthat	2.878192
570	5	Ġthe	3.625553
570	6	Ġdoctor	12.401468
570	7	Ġbelieved	11.954482
570	8	Ġthe	3.483282
570	9	Ġman	5.085362
570	10	Ġsaid	9.982735
570	11	Ġthe	3.183594
570	12	Ġnurse	9.582344
570	13	Ġshould	5.434272
570	14	Ġreassure	17.596858
570	15	Ġthe	3.66575
570	16	Ġold	14.514092
570	17	Ġwoman	2.381527
570	18	Ġat	7.137153
570	19	Ġthe	0.811995
570	20	Ġhospital	1.517216
570	21	.	1.907353
570	22	<|endoftext|>	6.705606
571	1	<|endoftext|>	0.0
571	2	They	9.396978
571	3	Ġknow	7.895982
571	4	Ġwho	5.464162
571	5	Ġthe	4.252062
571	6	Ġdoctor	10.969049
571	7	Ġbelieved	11.569874
571	8	Ġthe	7.303398
571	9	Ġman	4.430678
571	10	Ġsaid	9.433232
571	11	Ġshould	10.935717
571	12	Ġreassure	21.51421
571	13	Ġthe	3.922225
571	14	Ġold	13.803405
571	15	Ġwoman	3.324635
571	16	Ġat	6.824588
571	17	Ġthe	0.781753
571	18	Ġhospital	2.442449
571	19	.	1.124774
571	20	<|endoftext|>	6.372281
572	1	<|endoftext|>	0.0
572	2	They	9.396978
572	3	Ġknow	7.895982
572	4	Ġwho	5.464162
572	5	Ġthe	4.252062
572	6	Ġdoctor	10.969049
572	7	Ġbelieved	11.569874
572	8	Ġthe	7.303398
572	9	Ġman	4.430678
572	10	Ġsaid	9.433232
572	11	Ġthe	6.252935
572	12	Ġnurse	8.082758
572	13	Ġshould	6.835137
572	14	Ġreassure	18.030618
572	15	Ġthe	4.793767
572	16	Ġold	14.083707
572	17	Ġwoman	2.725084
572	18	Ġat	6.853718
572	19	Ġthe	0.795103
572	20	Ġhospital	1.561039
572	21	.	1.086828
572	22	<|endoftext|>	6.175945
573	1	<|endoftext|>	0.0
573	2	They	9.396978
573	3	Ġknow	7.895982
573	4	Ġthat	2.878192
573	5	Ġthe	3.625553
573	6	Ġdoctor	12.401468
573	7	Ġbelieved	11.954482
573	8	Ġthe	3.483282
573	9	Ġman	5.085362
573	10	Ġsaid	9.982735
573	11	Ġhe	1.742011
573	12	Ġthought	8.48096
573	13	Ġshould	9.831338
573	14	Ġreassure	20.897506
573	15	Ġthe	2.895309
573	16	Ġold	13.532747
573	17	Ġwoman	2.39243
573	18	Ġat	6.765301
573	19	Ġthe	0.916138
573	20	Ġhospital	2.290421
573	21	.	1.55881
573	22	<|endoftext|>	6.590452
574	1	<|endoftext|>	0.0
574	2	They	9.396978
574	3	Ġknow	7.895982
574	4	Ġthat	2.878192
574	5	Ġthe	3.625553
574	6	Ġdoctor	12.401468
574	7	Ġbelieved	11.954482
574	8	Ġthe	3.483282
574	9	Ġman	5.085362
574	10	Ġsaid	9.982735
574	11	Ġhe	1.742011
574	12	Ġthought	8.48096
574	13	Ġthe	3.26422
574	14	Ġnurse	9.731452
574	15	Ġshould	5.572701
574	16	Ġreassure	17.78659
574	17	Ġthe	3.759559
574	18	Ġold	14.169598
574	19	Ġwoman	2.392027
574	20	Ġat	6.96575
574	21	Ġthe	0.890739
574	22	Ġhospital	1.446706
574	23	.	1.633767
574	24	<|endoftext|>	6.609046
575	1	<|endoftext|>	0.0
575	2	They	9.396978
575	3	Ġknow	7.895982
575	4	Ġwho	5.464162
575	5	Ġthe	4.252062
575	6	Ġdoctor	10.969049
575	7	Ġbelieved	11.569874
575	8	Ġthe	7.303398
575	9	Ġman	4.430678
575	10	Ġsaid	9.433232
575	11	Ġhe	0.922309
575	12	Ġthought	10.956916
575	13	Ġshould	7.958978
575	14	Ġreassure	21.523945
575	15	Ġthe	3.487758
575	16	Ġold	13.698122
575	17	Ġwoman	3.099749
575	18	Ġat	6.191132
575	19	Ġthe	0.943683
575	20	Ġhospital	2.623448
575	21	.	0.988222
575	22	<|endoftext|>	6.605379
576	1	<|endoftext|>	0.0
576	2	They	9.396978
576	3	Ġknow	7.895982
576	4	Ġwho	5.464162
576	5	Ġthe	4.252062
576	6	Ġdoctor	10.969049
576	7	Ġbelieved	11.569874
576	8	Ġthe	7.303398
576	9	Ġman	4.430678
576	10	Ġsaid	9.433232
576	11	Ġhe	0.922309
576	12	Ġthought	10.956916
576	13	Ġthe	6.682707
576	14	Ġnurse	8.496759
576	15	Ġshould	6.148786
576	16	Ġreassure	18.606114
576	17	Ġthe	4.953221
576	18	Ġold	13.796425
576	19	Ġwoman	2.751789
576	20	Ġat	6.540463
576	21	Ġthe	0.930749
576	22	Ġhospital	1.535978
576	23	.	0.901893
576	24	<|endoftext|>	6.421926
577	1	<|endoftext|>	0.0
577	2	They	9.396978
577	3	Ġknow	7.895982
577	4	Ġthat	2.878192
577	5	Ġthe	3.625553
577	6	Ġdoctor	12.401468
577	7	Ġbelieved	11.954482
577	8	Ġthe	3.483282
577	9	Ġman	5.085362
577	10	Ġsaid	9.982735
577	11	Ġhe	1.742011
577	12	Ġthought	8.48096
577	13	Ġshould	9.831338
577	14	Ġreassure	20.897506
577	15	Ġthe	2.895309
577	16	Ġold	13.532747
577	17	Ġwoman	2.39243
577	18	Ġat	6.765301
577	19	Ġthe	0.916138
577	20	Ġhospital	2.290421
577	21	.	1.55881
577	22	<|endoftext|>	6.590452
578	1	<|endoftext|>	0.0
578	2	They	9.396978
578	3	Ġknow	7.895982
578	4	Ġthat	2.878192
578	5	Ġthe	3.625553
578	6	Ġdoctor	12.401468
578	7	Ġbelieved	11.954482
578	8	Ġthe	3.483282
578	9	Ġman	5.085362
578	10	Ġsaid	9.982735
578	11	Ġhe	1.742011
578	12	Ġthought	8.48096
578	13	Ġthe	3.26422
578	14	Ġnurse	9.731452
578	15	Ġshould	5.572701
578	16	Ġreassure	17.78659
578	17	Ġthe	3.759559
578	18	Ġold	14.169598
578	19	Ġwoman	2.392027
578	20	Ġat	6.96575
578	21	Ġthe	0.890739
578	22	Ġhospital	1.446706
578	23	.	1.633767
578	24	<|endoftext|>	6.609046
579	1	<|endoftext|>	0.0
579	2	They	9.396978
579	3	Ġknow	7.895982
579	4	Ġwho	5.464162
579	5	Ġthe	4.252062
579	6	Ġdoctor	10.969049
579	7	Ġbelieved	11.569874
579	8	Ġthe	7.303398
579	9	Ġman	4.430678
579	10	Ġsaid	9.433232
579	11	Ġhe	0.922309
579	12	Ġthought	10.956916
579	13	Ġshould	7.958978
579	14	Ġreassure	21.523945
579	15	Ġthe	3.487758
579	16	Ġold	13.698122
579	17	Ġwoman	3.099749
579	18	Ġat	6.191132
579	19	Ġthe	0.943683
579	20	Ġhospital	2.623448
579	21	.	0.988222
579	22	<|endoftext|>	6.605379
580	1	<|endoftext|>	0.0
580	2	They	9.396978
580	3	Ġknow	7.895982
580	4	Ġwho	5.464162
580	5	Ġthe	4.252062
580	6	Ġdoctor	10.969049
580	7	Ġbelieved	11.569874
580	8	Ġthe	7.303398
580	9	Ġman	4.430678
580	10	Ġsaid	9.433232
580	11	Ġhe	0.922309
580	12	Ġthought	10.956916
580	13	Ġthe	6.682707
580	14	Ġnurse	8.496759
580	15	Ġshould	6.148786
580	16	Ġreassure	18.606114
580	17	Ġthe	4.953221
580	18	Ġold	13.796425
580	19	Ġwoman	2.751789
580	20	Ġat	6.540463
580	21	Ġthe	0.930749
580	22	Ġhospital	1.535978
580	23	.	0.901893
580	24	<|endoftext|>	6.421926
581	1	<|endoftext|>	0.0
581	2	She	9.588393
581	3	Ġknows	8.547399
581	4	Ġthat	3.373155
581	5	Ġdid	13.532609
581	6	Ġthank	17.651309
581	7	Ġthe	4.274633
581	8	Ġwaitress	12.706783
581	9	Ġafter	7.913183
581	10	Ġthe	3.126368
581	11	Ġmeal	3.918135
581	12	.	1.28197
581	13	<|endoftext|>	5.378962
582	1	<|endoftext|>	0.0
582	2	She	9.588393
582	3	Ġknows	8.547399
582	4	Ġthat	3.373149
582	5	Ġthe	4.09474
582	6	Ġwoman	8.806006
582	7	Ġdid	9.680964
582	8	Ġthank	15.367177
582	9	Ġthe	3.948868
582	10	Ġwaitress	11.598491
582	11	Ġafter	7.103822
582	12	Ġthe	2.899833
582	13	Ġmeal	2.834711
582	14	.	1.739102
582	15	<|endoftext|>	6.23959
583	1	<|endoftext|>	0.0
583	2	She	9.588393
583	3	Ġknows	8.547399
583	4	Ġwho	6.179725
583	5	Ġdid	8.354107
583	6	Ġthank	17.355992
583	7	Ġthe	4.380539
583	8	Ġwaitress	12.082282
583	9	Ġafter	7.367902
583	10	Ġthe	2.754773
583	11	Ġmeal	4.465504
583	12	.	1.357789
583	13	<|endoftext|>	5.727337
584	1	<|endoftext|>	0.0
584	2	She	9.588393
584	3	Ġknows	8.547399
584	4	Ġwho	6.179697
584	5	Ġthe	4.654339
584	6	Ġwoman	6.507543
584	7	Ġdid	12.892772
584	8	Ġthank	15.293878
584	9	Ġthe	5.358626
584	10	Ġwaitress	11.717599
584	11	Ġafter	7.559879
584	12	Ġthe	2.799876
584	13	Ġmeal	3.804608
584	14	.	1.209732
584	15	<|endoftext|>	5.824694
585	1	<|endoftext|>	0.0
585	2	She	9.588382
585	3	Ġknows	8.547404
585	4	Ġthat	3.373128
585	5	Ġthe	4.094763
585	6	Ġwaiter	15.905372
585	7	Ġsaid	6.968803
585	8	Ġdid	13.75438
585	9	Ġthank	16.306913
585	10	Ġthe	5.366934
585	11	Ġwaitress	4.631896
585	12	Ġafter	7.419406
585	13	Ġthe	2.680913
585	14	Ġmeal	2.499019
585	15	.	1.445849
585	16	<|endoftext|>	5.844729
586	1	<|endoftext|>	0.0
586	2	She	9.588377
586	3	Ġknows	8.547394
586	4	Ġthat	3.373129
586	5	Ġthe	4.094771
586	6	Ġwaiter	15.905366
586	7	Ġsaid	6.968802
586	8	Ġthe	4.412481
586	9	Ġwoman	6.914911
586	10	Ġdid	5.859946
586	11	Ġthank	16.326444
586	12	Ġthe	4.433067
586	13	Ġwaitress	4.165937
586	14	Ġafter	6.823555
586	15	Ġthe	2.717277
586	16	Ġmeal	2.101552
586	17	.	1.522079
586	18	<|endoftext|>	6.129989
587	1	<|endoftext|>	0.0
587	2	She	9.588382
587	3	Ġknows	8.547404
587	4	Ġwho	6.179819
587	5	Ġthe	4.654308
587	6	Ġwaiter	14.596447
587	7	Ġsaid	9.598667
587	8	Ġdid	11.564617
587	9	Ġthank	16.280413
587	10	Ġthe	5.377635
587	11	Ġwaitress	4.050689
587	12	Ġafter	7.756559
587	13	Ġthe	2.557141
587	14	Ġmeal	2.765793
587	15	.	0.967544
587	16	<|endoftext|>	5.128396
588	1	<|endoftext|>	0.0
588	2	She	9.588377
588	3	Ġknows	8.547394
588	4	Ġwho	6.17982
588	5	Ġthe	4.654325
588	6	Ġwaiter	14.59644
588	7	Ġsaid	9.598668
588	8	Ġthe	7.193745
588	9	Ġwoman	5.440242
588	10	Ġdid	10.945821
588	11	Ġthank	14.001161
588	12	Ġthe	6.400967
588	13	Ġwaitress	3.902307
588	14	Ġafter	7.553045
588	15	Ġthe	2.823864
588	16	Ġmeal	2.56084
588	17	.	0.981389
588	18	<|endoftext|>	5.111881
589	1	<|endoftext|>	0.0
589	2	She	9.588377
589	3	Ġknows	8.547394
589	4	Ġthat	3.373129
589	5	Ġthe	4.094771
589	6	Ġwaiter	15.905366
589	7	Ġsaid	6.968802
589	8	Ġthe	4.412481
589	9	Ġwoman	6.914911
589	10	Ġbelieved	11.053602
589	11	Ġdid	14.889321
589	12	Ġthank	18.012913
589	13	Ġthe	3.977754
589	14	Ġwaitress	4.592738
589	15	Ġafter	7.112608
589	16	Ġthe	2.833393
589	17	Ġmeal	3.215952
589	18	.	1.29831
589	19	<|endoftext|>	5.781506
590	1	<|endoftext|>	0.0
590	2	She	9.588377
590	3	Ġknows	8.547394
590	4	Ġthat	3.373129
590	5	Ġthe	4.094771
590	6	Ġwaiter	15.905366
590	7	Ġsaid	6.968802
590	8	Ġthe	4.412481
590	9	Ġwoman	6.914911
590	10	Ġbelieved	11.053602
590	11	Ġthe	2.700413
590	12	Ġwoman	2.747608
590	13	Ġdid	6.400312
590	14	Ġthank	18.047231
590	15	Ġthe	4.063604
590	16	Ġwaitress	4.396369
590	17	Ġafter	6.686172
590	18	Ġthe	2.796028
590	19	Ġmeal	2.661063
590	20	.	1.299313
590	21	<|endoftext|>	5.890564
591	1	<|endoftext|>	0.0
591	2	She	9.588377
591	3	Ġknows	8.547394
591	4	Ġwho	6.17982
591	5	Ġthe	4.654325
591	6	Ġwaiter	14.59644
591	7	Ġsaid	9.598668
591	8	Ġthe	7.193745
591	9	Ġwoman	5.440242
591	10	Ġbelieved	11.32972
591	11	Ġdid	10.819074
591	12	Ġthank	17.291089
591	13	Ġthe	4.512819
591	14	Ġwaitress	4.005035
591	15	Ġafter	7.580631
591	16	Ġthe	2.777635
591	17	Ġmeal	3.667123
591	18	.	0.902475
591	19	<|endoftext|>	5.138426
592	1	<|endoftext|>	0.0
592	2	She	9.588377
592	3	Ġknows	8.547394
592	4	Ġwho	6.17982
592	5	Ġthe	4.654325
592	6	Ġwaiter	14.59644
592	7	Ġsaid	9.598668
592	8	Ġthe	7.193745
592	9	Ġwoman	5.440242
592	10	Ġbelieved	11.32972
592	11	Ġthe	7.419981
592	12	Ġwoman	2.849143
592	13	Ġdid	8.398416
592	14	Ġthank	16.199467
592	15	Ġthe	4.844479
592	16	Ġwaitress	3.916615
592	17	Ġafter	6.959202
592	18	Ġthe	2.853877
592	19	Ġmeal	3.118256
592	20	.	0.96766
592	21	<|endoftext|>	5.162006
593	1	<|endoftext|>	0.0
593	2	She	9.588377
593	3	Ġknows	8.547394
593	4	Ġthat	3.373129
593	5	Ġthe	4.094771
593	6	Ġwaiter	15.905366
593	7	Ġsaid	6.968802
593	8	Ġthe	4.412481
593	9	Ġwoman	6.914911
593	10	Ġbelieved	11.053602
593	11	Ġshe	2.49094
593	12	Ġremembered	13.982258
593	13	Ġdid	15.829335
593	14	Ġthank	16.666037
593	15	Ġthe	3.565119
593	16	Ġwaitress	4.121406
593	17	Ġafter	6.745974
593	18	Ġthe	2.815258
593	19	Ġmeal	2.684806
593	20	.	1.244446
593	21	<|endoftext|>	5.644398
594	1	<|endoftext|>	0.0
594	2	She	9.588377
594	3	Ġknows	8.547394
594	4	Ġthat	3.373129
594	5	Ġthe	4.094771
594	6	Ġwaiter	15.905366
594	7	Ġsaid	6.968802
594	8	Ġthe	4.412481
594	9	Ġwoman	6.914911
594	10	Ġbelieved	11.053602
594	11	Ġshe	2.49094
594	12	Ġremembered	13.982258
594	13	Ġthe	2.441083
594	14	Ġwoman	4.042032
594	15	Ġdid	12.113515
594	16	Ġthank	15.780549
594	17	Ġthe	4.040151
594	18	Ġwaitress	4.297924
594	19	Ġafter	6.745894
594	20	Ġthe	2.629517
594	21	Ġmeal	2.466481
594	22	.	1.208931
594	23	<|endoftext|>	5.396765
595	1	<|endoftext|>	0.0
595	2	She	9.588377
595	3	Ġknows	8.547394
595	4	Ġwho	6.17982
595	5	Ġthe	4.654325
595	6	Ġwaiter	14.59644
595	7	Ġsaid	9.598668
595	8	Ġthe	7.193745
595	9	Ġwoman	5.440242
595	10	Ġbelieved	11.32972
595	11	Ġshe	4.644297
595	12	Ġremembered	13.058096
595	13	Ġdid	14.564695
595	14	Ġthank	15.357902
595	15	Ġthe	4.144687
595	16	Ġwaitress	3.713283
595	17	Ġafter	7.16386
595	18	Ġthe	2.880732
595	19	Ġmeal	3.24425
595	20	.	0.984658
595	21	<|endoftext|>	5.044993
596	1	<|endoftext|>	0.0
596	2	She	9.588377
596	3	Ġknows	8.547394
596	4	Ġwho	6.17982
596	5	Ġthe	4.654325
596	6	Ġwaiter	14.59644
596	7	Ġsaid	9.598668
596	8	Ġthe	7.193745
596	9	Ġwoman	5.440242
596	10	Ġbelieved	11.32972
596	11	Ġshe	4.644297
596	12	Ġremembered	13.058096
596	13	Ġthe	5.739833
596	14	Ġwoman	3.919757
596	15	Ġdid	9.288398
596	16	Ġthank	14.8041
596	17	Ġthe	4.686498
596	18	Ġwaitress	3.849259
596	19	Ġafter	7.104875
596	20	Ġthe	2.740293
596	21	Ġmeal	2.9093
596	22	.	1.003949
596	23	<|endoftext|>	4.793095
597	1	<|endoftext|>	0.0
597	2	She	9.588377
597	3	Ġknows	8.547394
597	4	Ġthat	3.373129
597	5	Ġthe	4.094771
597	6	Ġwaiter	15.905366
597	7	Ġsaid	6.968802
597	8	Ġthe	4.412481
597	9	Ġwoman	6.914911
597	10	Ġbelieved	11.053602
597	11	Ġshe	2.49094
597	12	Ġremembered	13.982258
597	13	Ġdid	15.829335
597	14	Ġthank	16.666037
597	15	Ġthe	3.565119
597	16	Ġwaitress	4.121406
597	17	Ġafter	6.745974
597	18	Ġthe	2.815258
597	19	Ġmeal	2.684806
597	20	.	1.244446
597	21	<|endoftext|>	5.644398
598	1	<|endoftext|>	0.0
598	2	She	9.588377
598	3	Ġknows	8.547394
598	4	Ġthat	3.373129
598	5	Ġthe	4.094771
598	6	Ġwaiter	15.905366
598	7	Ġsaid	6.968802
598	8	Ġthe	4.412481
598	9	Ġwoman	6.914911
598	10	Ġbelieved	11.053602
598	11	Ġshe	2.49094
598	12	Ġremembered	13.982258
598	13	Ġthe	2.441083
598	14	Ġwoman	4.042032
598	15	Ġdid	12.113515
598	16	Ġthank	15.780549
598	17	Ġthe	4.040151
598	18	Ġwaitress	4.297924
598	19	Ġafter	6.745894
598	20	Ġthe	2.629517
598	21	Ġmeal	2.466481
598	22	.	1.208931
598	23	<|endoftext|>	5.396765
599	1	<|endoftext|>	0.0
599	2	She	9.588377
599	3	Ġknows	8.547394
599	4	Ġwho	6.17982
599	5	Ġthe	4.654325
599	6	Ġwaiter	14.59644
599	7	Ġsaid	9.598668
599	8	Ġthe	7.193745
599	9	Ġwoman	5.440242
599	10	Ġbelieved	11.32972
599	11	Ġshe	4.644297
599	12	Ġremembered	13.058096
599	13	Ġdid	14.564695
599	14	Ġthank	15.357902
599	15	Ġthe	4.144687
599	16	Ġwaitress	3.713283
599	17	Ġafter	7.16386
599	18	Ġthe	2.880732
599	19	Ġmeal	3.24425
599	20	.	0.984658
599	21	<|endoftext|>	5.044993
600	1	<|endoftext|>	0.0
600	2	She	9.588377
600	3	Ġknows	8.547394
600	4	Ġwho	6.17982
600	5	Ġthe	4.654325
600	6	Ġwaiter	14.59644
600	7	Ġsaid	9.598668
600	8	Ġthe	7.193745
600	9	Ġwoman	5.440242
600	10	Ġbelieved	11.32972
600	11	Ġshe	4.644297
600	12	Ġremembered	13.058096
600	13	Ġthe	5.739833
600	14	Ġwoman	3.919757
600	15	Ġdid	9.288398
600	16	Ġthank	14.8041
600	17	Ġthe	4.686498
600	18	Ġwaitress	3.849259
600	19	Ġafter	7.104875
600	20	Ġthe	2.740293
600	21	Ġmeal	2.9093
600	22	.	1.003949
600	23	<|endoftext|>	4.793095
601	1	<|endoftext|>	0.0
601	2	He	8.582737
601	3	Ġknows	8.734376
601	4	Ġthat	2.922574
601	5	Ġmight	11.787209
601	6	Ġinterrog	22.40011
601	7	ate	0.214412
601	8	Ġthe	4.683798
601	9	Ġspy	11.081393
601	10	Ġin	5.981325
601	11	Ġthe	2.604115
601	12	Ġprison	8.733007
601	13	.	2.23717
601	14	<|endoftext|>	7.12369
602	1	<|endoftext|>	0.0
602	2	He	8.582738
602	3	Ġknows	8.734333
602	4	Ġthat	2.922582
602	5	Ġthe	3.684004
602	6	Ġpolice	8.714717
602	7	Ġmight	7.183436
602	8	Ġinterrog	12.501993
602	9	ate	0.000485
602	10	Ġthe	5.070469
602	11	Ġspy	13.416607
602	12	Ġin	5.500657
602	13	Ġthe	2.143358
602	14	Ġprison	9.676774
602	15	.	2.396132
602	16	<|endoftext|>	8.160859
603	1	<|endoftext|>	0.0
603	2	He	8.582737
603	3	Ġknows	8.734376
603	4	Ġwho	6.314424
603	5	Ġmight	9.827519
603	6	Ġinterrog	16.503384
603	7	ate	0.001037
603	8	Ġthe	5.804369
603	9	Ġspy	10.050244
603	10	Ġin	5.690359
603	11	Ġthe	1.980291
603	12	Ġprison	8.923045
603	13	.	1.797676
603	14	<|endoftext|>	6.902505
604	1	<|endoftext|>	0.0
604	2	He	8.582738
604	3	Ġknows	8.734333
604	4	Ġwho	6.31441
604	5	Ġthe	4.333641
604	6	Ġpolice	9.947918
604	7	Ġmight	8.67143
604	8	Ġinterrog	11.68551
604	9	ate	0.000706
604	10	Ġthe	7.531088
604	11	Ġspy	12.773923
604	12	Ġin	5.983041
604	13	Ġthe	1.882553
604	14	Ġprison	10.85038
604	15	.	1.655438
604	16	<|endoftext|>	7.236031
605	1	<|endoftext|>	0.0
605	2	He	8.582732
605	3	Ġknows	8.734344
605	4	Ġthat	2.922593
605	5	Ġthe	3.684015
605	6	Ġinspector	15.4411
605	7	Ġsaid	9.165608
605	8	Ġmight	14.879478
605	9	Ġinterrog	20.090738
605	10	ate	0.034247
605	11	Ġthe	4.379862
605	12	Ġspy	11.830198
605	13	Ġin	6.071625
605	14	Ġthe	2.623164
605	15	Ġprison	8.707012
605	16	.	2.013597
605	17	<|endoftext|>	7.090906
606	1	<|endoftext|>	0.0
606	2	He	8.582732
606	3	Ġknows	8.734344
606	4	Ġthat	2.922593
606	5	Ġthe	3.684015
606	6	Ġinspector	15.4411
606	7	Ġsaid	9.165608
606	8	Ġthe	3.503065
606	9	Ġpolice	7.406463
606	10	Ġmight	8.207633
606	11	Ġinterrog	13.905174
606	12	ate	0.000726
606	13	Ġthe	3.812919
606	14	Ġspy	14.056869
606	15	Ġin	5.69281
606	16	Ġthe	2.134212
606	17	Ġprison	9.953452
606	18	.	2.097074
606	19	<|endoftext|>	7.405969
607	1	<|endoftext|>	0.0
607	2	He	8.582732
607	3	Ġknows	8.734344
607	4	Ġwho	6.31441
607	5	Ġthe	4.333633
607	6	Ġinspector	14.238199
607	7	Ġsaid	6.740259
607	8	Ġmight	8.782294
607	9	Ġinterrog	15.038091
607	10	ate	0.001126
607	11	Ġthe	5.47409
607	12	Ġspy	11.202478
607	13	Ġin	6.402239
607	14	Ġthe	2.485689
607	15	Ġprison	9.222455
607	16	.	1.33463
607	17	<|endoftext|>	6.776659
608	1	<|endoftext|>	0.0
608	2	He	8.582732
608	3	Ġknows	8.734344
608	4	Ġwho	6.31441
608	5	Ġthe	4.333633
608	6	Ġinspector	14.238199
608	7	Ġsaid	6.740259
608	8	Ġthe	6.270973
608	9	Ġpolice	6.815134
608	10	Ġmight	8.733825
608	11	Ġinterrog	11.593147
608	12	ate	0.000647
608	13	Ġthe	6.85502
608	14	Ġspy	12.887326
608	15	Ġin	6.143507
608	16	Ġthe	2.057485
608	17	Ġprison	10.530368
608	18	.	1.376853
608	19	<|endoftext|>	6.701134
609	1	<|endoftext|>	0.0
609	2	He	8.582732
609	3	Ġknows	8.734344
609	4	Ġthat	2.922593
609	5	Ġthe	3.684015
609	6	Ġinspector	15.4411
609	7	Ġsaid	9.165608
609	8	Ġthe	3.503065
609	9	Ġman	6.87472
609	10	Ġreported	11.195637
609	11	Ġmight	15.838573
609	12	Ġinterrog	20.410146
609	13	ate	0.005714
609	14	Ġthe	3.546259
609	15	Ġspy	11.29865
609	16	Ġin	5.592862
609	17	Ġthe	2.382379
609	18	Ġprison	8.89825
609	19	.	2.152251
609	20	<|endoftext|>	7.020138
610	1	<|endoftext|>	0.0
610	2	He	8.582732
610	3	Ġknows	8.734344
610	4	Ġthat	2.922593
610	5	Ġthe	3.684015
610	6	Ġinspector	15.4411
610	7	Ġsaid	9.165608
610	8	Ġthe	3.503065
610	9	Ġman	6.87472
610	10	Ġreported	11.195637
610	11	Ġthe	1.761763
610	12	Ġpolice	8.918957
610	13	Ġmight	10.174128
610	14	Ġinterrog	14.249135
610	15	ate	0.000868
610	16	Ġthe	4.330264
610	17	Ġspy	13.968984
610	18	Ġin	5.391443
610	19	Ġthe	2.077401
610	20	Ġprison	9.852017
610	21	.	2.089492
610	22	<|endoftext|>	6.923435
611	1	<|endoftext|>	0.0
611	2	He	8.582732
611	3	Ġknows	8.734344
611	4	Ġwho	6.31441
611	5	Ġthe	4.333633
611	6	Ġinspector	14.238199
611	7	Ġsaid	6.740259
611	8	Ġthe	6.270973
611	9	Ġman	4.784594
611	10	Ġreported	12.707118
611	11	Ġmight	13.067068
611	12	Ġinterrog	18.666429
611	13	ate	0.001195
611	14	Ġthe	4.495221
611	15	Ġspy	11.208713
611	16	Ġin	5.900001
611	17	Ġthe	2.245577
611	18	Ġprison	9.423012
611	19	.	1.449723
611	20	<|endoftext|>	6.432902
612	1	<|endoftext|>	0.0
612	2	He	8.582732
612	3	Ġknows	8.734344
612	4	Ġwho	6.31441
612	5	Ġthe	4.333633
612	6	Ġinspector	14.238199
612	7	Ġsaid	6.740259
612	8	Ġthe	6.270973
612	9	Ġman	4.784594
612	10	Ġreported	12.707118
612	11	Ġthe	3.872496
612	12	Ġpolice	8.727494
612	13	Ġmight	10.051633
612	14	Ġinterrog	14.609863
612	15	ate	0.000682
612	16	Ġthe	5.846548
612	17	Ġspy	13.446446
612	18	Ġin	5.71737
612	19	Ġthe	2.104674
612	20	Ġprison	10.231999
612	21	.	1.483299
612	22	<|endoftext|>	6.219488
613	1	<|endoftext|>	0.0
613	2	He	8.582732
613	3	Ġknows	8.734344
613	4	Ġthat	2.922593
613	5	Ġthe	3.684015
613	6	Ġinspector	15.4411
613	7	Ġsaid	9.165608
613	8	Ġthe	3.503065
613	9	Ġman	6.87472
613	10	Ġreported	11.195637
613	11	Ġhe	6.985798
613	12	Ġthought	8.829267
613	13	Ġmight	9.302626
613	14	Ġinterrog	19.543587
613	15	ate	0.001779
613	16	Ġthe	3.157062
613	17	Ġspy	11.157743
613	18	Ġin	5.91904
613	19	Ġthe	2.268688
613	20	Ġprison	8.799234
613	21	.	2.476538
613	22	<|endoftext|>	6.998594
614	1	<|endoftext|>	0.0
614	2	He	8.582732
614	3	Ġknows	8.734344
614	4	Ġthat	2.922593
614	5	Ġthe	3.684015
614	6	Ġinspector	15.4411
614	7	Ġsaid	9.165608
614	8	Ġthe	3.503065
614	9	Ġman	6.87472
614	10	Ġreported	11.195637
614	11	Ġhe	6.985798
614	12	Ġthought	8.829267
614	13	Ġthe	2.627113
614	14	Ġpolice	6.421282
614	15	Ġmight	6.455549
614	16	Ġinterrog	13.307431
614	17	ate	0.000599
614	18	Ġthe	4.578204
614	19	Ġspy	14.311012
614	20	Ġin	5.810871
614	21	Ġthe	2.116636
614	22	Ġprison	9.606718
614	23	.	2.036005
614	24	<|endoftext|>	6.787537
615	1	<|endoftext|>	0.0
615	2	He	8.582732
615	3	Ġknows	8.734344
615	4	Ġwho	6.31441
615	5	Ġthe	4.333633
615	6	Ġinspector	14.238199
615	7	Ġsaid	6.740259
615	8	Ġthe	6.270973
615	9	Ġman	4.784594
615	10	Ġreported	12.707118
615	11	Ġhe	9.238113
615	12	Ġthought	9.788148
615	13	Ġmight	6.644144
615	14	Ġinterrog	18.877019
615	15	ate	0.001131
615	16	Ġthe	4.355605
615	17	Ġspy	11.230576
615	18	Ġin	6.131233
615	19	Ġthe	2.154349
615	20	Ġprison	9.2128
615	21	.	1.641142
615	22	<|endoftext|>	6.553808
616	1	<|endoftext|>	0.0
616	2	He	8.582732
616	3	Ġknows	8.734344
616	4	Ġwho	6.31441
616	5	Ġthe	4.333633
616	6	Ġinspector	14.238199
616	7	Ġsaid	6.740259
616	8	Ġthe	6.270973
616	9	Ġman	4.784594
616	10	Ġreported	12.707118
616	11	Ġhe	9.238113
616	12	Ġthought	9.788148
616	13	Ġthe	6.537883
616	14	Ġpolice	6.203154
616	15	Ġmight	7.066289
616	16	Ġinterrog	13.255948
616	17	ate	0.000535
616	18	Ġthe	6.372325
616	19	Ġspy	13.962947
616	20	Ġin	6.021249
616	21	Ġthe	2.141928
616	22	Ġprison	9.964382
616	23	.	1.497759
616	24	<|endoftext|>	6.263392
617	1	<|endoftext|>	0.0
617	2	He	8.582732
617	3	Ġknows	8.734344
617	4	Ġthat	2.922593
617	5	Ġthe	3.684015
617	6	Ġinspector	15.4411
617	7	Ġsaid	9.165608
617	8	Ġthe	3.503065
617	9	Ġman	6.87472
617	10	Ġreported	11.195637
617	11	Ġhe	6.985798
617	12	Ġthought	8.829267
617	13	Ġmight	9.302626
617	14	Ġinterrog	19.543587
617	15	ate	0.001779
617	16	Ġthe	3.157062
617	17	Ġspy	11.157743
617	18	Ġin	5.91904
617	19	Ġthe	2.268688
617	20	Ġprison	8.799234
617	21	.	2.476538
617	22	<|endoftext|>	6.998594
618	1	<|endoftext|>	0.0
618	2	He	8.582732
618	3	Ġknows	8.734344
618	4	Ġthat	2.922593
618	5	Ġthe	3.684015
618	6	Ġinspector	15.4411
618	7	Ġsaid	9.165608
618	8	Ġthe	3.503065
618	9	Ġman	6.87472
618	10	Ġreported	11.195637
618	11	Ġhe	6.985798
618	12	Ġthought	8.829267
618	13	Ġthe	2.627113
618	14	Ġpolice	6.421282
618	15	Ġmight	6.455549
618	16	Ġinterrog	13.307431
618	17	ate	0.000599
618	18	Ġthe	4.578204
618	19	Ġspy	14.311012
618	20	Ġin	5.810871
618	21	Ġthe	2.116636
618	22	Ġprison	9.606718
618	23	.	2.036005
618	24	<|endoftext|>	6.787537
619	1	<|endoftext|>	0.0
619	2	He	8.582732
619	3	Ġknows	8.734344
619	4	Ġwho	6.31441
619	5	Ġthe	4.333633
619	6	Ġinspector	14.238199
619	7	Ġsaid	6.740259
619	8	Ġthe	6.270973
619	9	Ġman	4.784594
619	10	Ġreported	12.707118
619	11	Ġhe	9.238113
619	12	Ġthought	9.788148
619	13	Ġmight	6.644144
619	14	Ġinterrog	18.877019
619	15	ate	0.001131
619	16	Ġthe	4.355605
619	17	Ġspy	11.230576
619	18	Ġin	6.131233
619	19	Ġthe	2.154349
619	20	Ġprison	9.2128
619	21	.	1.641142
619	22	<|endoftext|>	6.553808
620	1	<|endoftext|>	0.0
620	2	He	8.582732
620	3	Ġknows	8.734344
620	4	Ġwho	6.31441
620	5	Ġthe	4.333633
620	6	Ġinspector	14.238199
620	7	Ġsaid	6.740259
620	8	Ġthe	6.270973
620	9	Ġman	4.784594
620	10	Ġreported	12.707118
620	11	Ġhe	9.238113
620	12	Ġthought	9.788148
620	13	Ġthe	6.537883
620	14	Ġpolice	6.203154
620	15	Ġmight	7.066289
620	16	Ġinterrog	13.255948
620	17	ate	0.000535
620	18	Ġthe	6.372325
620	19	Ġspy	13.962947
620	20	Ġin	6.021249
620	21	Ġthe	2.141928
620	22	Ġprison	9.964382
620	23	.	1.497759
620	24	<|endoftext|>	6.263392
621	1	<|endoftext|>	0.0
621	2	You	7.682203
621	3	Ġknow	4.524784
621	4	Ġthat	3.787021
621	5	Ġwill	15.017533
621	6	Ġintroduce	12.789519
621	7	Ġher	8.413319
621	8	Ġfriend	9.708323
621	9	Ġto	2.267546
621	10	Ġher	4.16072
621	11	Ġmother	6.559096
621	12	.	3.887814
621	13	<|endoftext|>	8.817608
622	1	<|endoftext|>	0.0
622	2	You	7.682215
622	3	Ġknow	4.524781
622	4	Ġthat	3.786978
622	5	Ġthe	7.611987
622	6	Ġyoung	10.974443
622	7	Ġwoman	5.293876
622	8	Ġwill	9.29176
622	9	Ġintroduce	12.005191
622	10	Ġher	3.214536
622	11	Ġfriend	5.878873
622	12	Ġto	0.973393
622	13	Ġher	3.27972
622	14	Ġmother	5.848497
622	15	.	4.179666
622	16	<|endoftext|>	10.321837
623	1	<|endoftext|>	0.0
623	2	You	7.682203
623	3	Ġknow	4.524784
623	4	Ġwho	5.05256
623	5	Ġwill	7.433257
623	6	Ġintroduce	12.379106
623	7	Ġher	7.940298
623	8	Ġfriend	9.815917
623	9	Ġto	1.926046
623	10	Ġher	3.57647
623	11	Ġmother	6.876834
623	12	.	5.910386
623	13	<|endoftext|>	8.054568
624	1	<|endoftext|>	0.0
624	2	You	7.682215
624	3	Ġknow	4.524781
624	4	Ġwho	5.052583
624	5	Ġthe	6.4642
624	6	Ġyoung	9.923528
624	7	Ġwoman	5.741156
624	8	Ġwill	9.429644
624	9	Ġintroduce	12.446478
624	10	Ġher	5.590609
624	11	Ġfriend	7.380269
624	12	Ġto	1.049642
624	13	Ġher	5.883343
624	14	Ġmother	6.634495
624	15	.	4.705861
624	16	<|endoftext|>	9.059551
625	1	<|endoftext|>	0.0
625	2	You	7.682215
625	3	Ġknow	4.524781
625	4	Ġthat	3.786978
625	5	Ġwe	9.920285
625	6	Ġall	3.162407
625	7	Ġbelieve	8.921106
625	8	Ġwill	14.755964
625	9	Ġintroduce	14.295371
625	10	Ġher	10.224689
625	11	Ġfriend	12.107491
625	12	Ġto	2.413656
625	13	Ġher	4.885034
625	14	Ġmother	6.66337
625	15	.	3.62625
625	16	<|endoftext|>	9.878373
626	1	<|endoftext|>	0.0
626	2	You	7.68222
626	3	Ġknow	4.524771
626	4	Ġthat	3.786982
626	5	Ġwe	9.920313
626	6	Ġall	3.162415
626	7	Ġbelieve	8.921072
626	8	Ġthe	4.937407
626	9	Ġyoung	11.40635
626	10	Ġwoman	6.543912
626	11	Ġwill	5.967838
626	12	Ġintroduce	14.0689
626	13	Ġher	2.850868
626	14	Ġfriend	9.195855
626	15	Ġto	0.910567
626	16	Ġher	3.352009
626	17	Ġmother	6.106801
626	18	.	2.929838
626	19	<|endoftext|>	10.781331
627	1	<|endoftext|>	0.0
627	2	You	7.682215
627	3	Ġknow	4.524781
627	4	Ġwho	5.052583
627	5	Ġwe	5.397941
627	6	Ġall	5.272967
627	7	Ġbelieve	9.367898
627	8	Ġwill	6.233494
627	9	Ġintroduce	13.670601
627	10	Ġher	8.721594
627	11	Ġfriend	12.564411
627	12	Ġto	1.918287
627	13	Ġher	4.634189
627	14	Ġmother	6.892344
627	15	.	4.817013
627	16	<|endoftext|>	8.060206
628	1	<|endoftext|>	0.0
628	2	You	7.68222
628	3	Ġknow	4.524771
628	4	Ġwho	5.052576
628	5	Ġwe	5.397924
628	6	Ġall	5.272978
628	7	Ġbelieve	9.367898
628	8	Ġthe	8.533459
628	9	Ġyoung	10.926037
628	10	Ġwoman	7.269786
628	11	Ġwill	6.130677
628	12	Ġintroduce	13.145343
628	13	Ġher	5.46603
628	14	Ġfriend	8.885689
628	15	Ġto	0.924635
628	16	Ġher	4.589133
628	17	Ġmother	6.594953
628	18	.	3.721903
628	19	<|endoftext|>	9.300558
629	1	<|endoftext|>	0.0
629	2	You	7.68222
629	3	Ġknow	4.524771
629	4	Ġthat	3.786982
629	5	Ġwe	9.920313
629	6	Ġall	3.162415
629	7	Ġbelieve	8.921072
629	8	Ġshe	11.425187
629	9	Ġthought	11.490083
629	10	Ġwill	14.583404
629	11	Ġintroduce	13.704574
629	12	Ġher	3.29747
629	13	Ġfriend	8.834455
629	14	Ġto	1.929058
629	15	Ġher	3.976806
629	16	Ġmother	6.772347
629	17	.	3.504115
629	18	<|endoftext|>	9.726874
630	1	<|endoftext|>	0.0
630	2	You	7.68222
630	3	Ġknow	4.524771
630	4	Ġthat	3.786982
630	5	Ġwe	9.920313
630	6	Ġall	3.162415
630	7	Ġbelieve	8.921072
630	8	Ġshe	11.425187
630	9	Ġthought	11.490083
630	10	Ġthe	4.262672
630	11	Ġyoung	10.477599
630	12	Ġwoman	2.831749
630	13	Ġwill	9.779029
630	14	Ġintroduce	13.457929
630	15	Ġher	2.409683
630	16	Ġfriend	8.688564
630	17	Ġto	0.995767
630	18	Ġher	3.374293
630	19	Ġmother	6.285149
630	20	.	3.307107
630	21	<|endoftext|>	10.003216
631	1	<|endoftext|>	0.0
631	2	You	7.68222
631	3	Ġknow	4.524771
631	4	Ġwho	5.052576
631	5	Ġwe	5.397924
631	6	Ġall	5.272978
631	7	Ġbelieve	9.367898
631	8	Ġshe	12.698234
631	9	Ġthought	11.949663
631	10	Ġwill	9.88102
631	11	Ġintroduce	13.691664
631	12	Ġher	2.678242
631	13	Ġfriend	8.936031
631	14	Ġto	1.537786
631	15	Ġher	3.7486
631	16	Ġmother	6.998772
631	17	.	4.890861
631	18	<|endoftext|>	8.299352
632	1	<|endoftext|>	0.0
632	2	You	7.68222
632	3	Ġknow	4.524771
632	4	Ġwho	5.052576
632	5	Ġwe	5.397924
632	6	Ġall	5.272978
632	7	Ġbelieve	9.367898
632	8	Ġshe	12.698234
632	9	Ġthought	11.949663
632	10	Ġthe	5.744873
632	11	Ġyoung	10.516134
632	12	Ġwoman	3.076594
632	13	Ġwill	9.678249
632	14	Ġintroduce	13.147126
632	15	Ġher	2.475591
632	16	Ġfriend	8.59703
632	17	Ġto	1.062575
632	18	Ġher	3.313749
632	19	Ġmother	6.57884
632	20	.	4.197469
632	21	<|endoftext|>	8.514728
633	1	<|endoftext|>	0.0
633	2	You	7.68222
633	3	Ġknow	4.524771
633	4	Ġthat	3.786982
633	5	Ġwe	9.920313
633	6	Ġall	3.162415
633	7	Ġbelieve	8.921072
633	8	Ġshe	11.425187
633	9	Ġthought	11.490083
633	10	Ġhe	5.224828
633	11	Ġsaid	9.791858
633	12	Ġwill	13.810717
633	13	Ġintroduce	12.169364
633	14	Ġher	2.66032
633	15	Ġfriend	10.431804
633	16	Ġto	2.0058
633	17	Ġher	3.919172
633	18	Ġmother	6.309771
633	19	.	3.611804
633	20	<|endoftext|>	9.335365
634	1	<|endoftext|>	0.0
634	2	You	7.68222
634	3	Ġknow	4.524771
634	4	Ġthat	3.786982
634	5	Ġwe	9.920313
634	6	Ġall	3.162415
634	7	Ġbelieve	8.921072
634	8	Ġshe	11.425187
634	9	Ġthought	11.490083
634	10	Ġhe	5.224828
634	11	Ġsaid	9.791858
634	12	Ġthe	3.848337
634	13	Ġyoung	12.984321
634	14	Ġwoman	2.882892
634	15	Ġwill	8.725126
634	16	Ġintroduce	13.903548
634	17	Ġher	2.55792
634	18	Ġfriend	9.265597
634	19	Ġto	1.051417
634	20	Ġher	3.469396
634	21	Ġmother	5.918855
634	22	.	3.267178
634	23	<|endoftext|>	9.35562
635	1	<|endoftext|>	0.0
635	2	You	7.68222
635	3	Ġknow	4.524771
635	4	Ġwho	5.052576
635	5	Ġwe	5.397924
635	6	Ġall	5.272978
635	7	Ġbelieve	9.367898
635	8	Ġshe	12.698234
635	9	Ġthought	11.949663
635	10	Ġhe	5.439223
635	11	Ġsaid	10.858138
635	12	Ġwill	11.216949
635	13	Ġintroduce	12.932211
635	14	Ġher	2.164682
635	15	Ġfriend	10.435102
635	16	Ġto	1.739308
635	17	Ġher	3.637336
635	18	Ġmother	6.635886
635	19	.	4.61833
635	20	<|endoftext|>	7.821305
636	1	<|endoftext|>	0.0
636	2	You	7.68222
636	3	Ġknow	4.524771
636	4	Ġwho	5.052576
636	5	Ġwe	5.397924
636	6	Ġall	5.272978
636	7	Ġbelieve	9.367898
636	8	Ġshe	12.698234
636	9	Ġthought	11.949663
636	10	Ġhe	5.439223
636	11	Ġsaid	10.858138
636	12	Ġthe	5.713526
636	13	Ġyoung	11.663021
636	14	Ġwoman	3.304454
636	15	Ġwill	8.852089
636	16	Ġintroduce	13.572739
636	17	Ġher	2.51848
636	18	Ġfriend	9.290348
636	19	Ġto	1.131537
636	20	Ġher	3.405937
636	21	Ġmother	6.135445
636	22	.	3.855215
636	23	<|endoftext|>	7.796433
637	1	<|endoftext|>	0.0
637	2	You	7.68222
637	3	Ġknow	4.524771
637	4	Ġthat	3.786982
637	5	Ġwe	9.920313
637	6	Ġall	3.162415
637	7	Ġbelieve	8.921072
637	8	Ġshe	11.425187
637	9	Ġthought	11.490083
637	10	Ġhe	5.224828
637	11	Ġsaid	9.791858
637	12	Ġwill	13.810717
637	13	Ġintroduce	12.169364
637	14	Ġher	2.66032
637	15	Ġfriend	10.431804
637	16	Ġto	2.0058
637	17	Ġher	3.919172
637	18	Ġmother	6.309771
637	19	.	3.611804
637	20	<|endoftext|>	9.335365
638	1	<|endoftext|>	0.0
638	2	You	7.68222
638	3	Ġknow	4.524771
638	4	Ġthat	3.786982
638	5	Ġwe	9.920313
638	6	Ġall	3.162415
638	7	Ġbelieve	8.921072
638	8	Ġshe	11.425187
638	9	Ġthought	11.490083
638	10	Ġhe	5.224828
638	11	Ġsaid	9.791858
638	12	Ġthe	3.848337
638	13	Ġyoung	12.984321
638	14	Ġwoman	2.882892
638	15	Ġwill	8.725126
638	16	Ġintroduce	13.903548
638	17	Ġher	2.55792
638	18	Ġfriend	9.265597
638	19	Ġto	1.051417
638	20	Ġher	3.469396
638	21	Ġmother	5.918855
638	22	.	3.267178
638	23	<|endoftext|>	9.35562
639	1	<|endoftext|>	0.0
639	2	You	7.68222
639	3	Ġknow	4.524771
639	4	Ġwho	5.052576
639	5	Ġwe	5.397924
639	6	Ġall	5.272978
639	7	Ġbelieve	9.367898
639	8	Ġshe	12.698234
639	9	Ġthought	11.949663
639	10	Ġhe	5.439223
639	11	Ġsaid	10.858138
639	12	Ġwill	11.216949
639	13	Ġintroduce	12.932211
639	14	Ġher	2.164682
639	15	Ġfriend	10.435102
639	16	Ġto	1.739308
639	17	Ġher	3.637336
639	18	Ġmother	6.635886
639	19	.	4.61833
639	20	<|endoftext|>	7.821305
640	1	<|endoftext|>	0.0
640	2	You	7.68222
640	3	Ġknow	4.524771
640	4	Ġwho	5.052576
640	5	Ġwe	5.397924
640	6	Ġall	5.272978
640	7	Ġbelieve	9.367898
640	8	Ġshe	12.698234
640	9	Ġthought	11.949663
640	10	Ġhe	5.439223
640	11	Ġsaid	10.858138
640	12	Ġthe	5.713526
640	13	Ġyoung	11.663021
640	14	Ġwoman	3.304454
640	15	Ġwill	8.852089
640	16	Ġintroduce	13.572739
640	17	Ġher	2.51848
640	18	Ġfriend	9.290348
640	19	Ġto	1.131537
640	20	Ġher	3.405937
640	21	Ġmother	6.135445
640	22	.	3.855215
640	23	<|endoftext|>	7.796433
641	1	<|endoftext|>	0.0
641	2	I	5.770367
641	3	Ġknow	5.545733
641	4	Ġthat	2.74974
641	5	Ġshould	12.294222
641	6	Ġcongratulate	16.913469
641	7	Ġthe	4.966627
641	8	Ġcouple	9.966323
641	9	Ġafter	8.528755
641	10	Ġthe	3.584515
641	11	Ġservice	11.830376
641	12	.	2.348701
641	13	<|endoftext|>	6.59958
642	1	<|endoftext|>	0.0
642	2	I	5.770367
642	3	Ġknow	5.545733
642	4	Ġthat	2.749727
642	5	Ġthe	4.424285
642	6	Ġpriest	15.331257
642	7	Ġshould	8.193461
642	8	Ġcongratulate	14.729845
642	9	Ġthe	2.690097
642	10	Ġcouple	8.837842
642	11	Ġafter	6.349136
642	12	Ġthe	3.10281
642	13	Ġservice	7.348471
642	14	.	1.756895
642	15	<|endoftext|>	8.383941
643	1	<|endoftext|>	0.0
643	2	I	5.770367
643	3	Ġknow	5.545733
643	4	Ġwho	8.366545
643	5	Ġshould	9.663389
643	6	Ġcongratulate	15.01726
643	7	Ġthe	4.031569
643	8	Ġcouple	10.977899
643	9	Ġafter	7.046223
643	10	Ġthe	3.184092
643	11	Ġservice	11.772949
643	12	.	1.927137
643	13	<|endoftext|>	6.835338
644	1	<|endoftext|>	0.0
644	2	I	5.770367
644	3	Ġknow	5.545733
644	4	Ġwho	8.366532
644	5	Ġthe	5.844098
644	6	Ġpriest	14.573504
644	7	Ġshould	9.170123
644	8	Ġcongratulate	14.754356
644	9	Ġthe	5.154654
644	10	Ġcouple	9.380845
644	11	Ġafter	7.13604
644	12	Ġthe	3.290371
644	13	Ġservice	8.247792
644	14	.	1.13561
644	15	<|endoftext|>	7.620551
645	1	<|endoftext|>	0.0
645	2	I	5.770362
645	3	Ġknow	5.545699
645	4	Ġthat	2.74972
645	5	Ġthe	4.424218
645	6	Ġman	9.193507
645	7	Ġthinks	11.691246
645	8	Ġshould	16.079331
645	9	Ġcongratulate	16.119092
645	10	Ġthe	3.759442
645	11	Ġcouple	10.296585
645	12	Ġafter	6.249906
645	13	Ġthe	3.089929
645	14	Ġservice	10.495567
645	15	.	2.22639
645	16	<|endoftext|>	7.705215
646	1	<|endoftext|>	0.0
646	2	I	5.770357
646	3	Ġknow	5.545684
646	4	Ġthat	2.749692
646	5	Ġthe	4.424222
646	6	Ġman	9.193499
646	7	Ġthinks	11.691253
646	8	Ġthe	4.863968
646	9	Ġpriest	13.371159
646	10	Ġshould	4.507829
646	11	Ġcongratulate	15.37335
646	12	Ġthe	3.17225
646	13	Ġcouple	8.987989
646	14	Ġafter	6.034266
646	15	Ġthe	3.03933
646	16	Ġservice	6.953951
646	17	.	1.678376
646	18	<|endoftext|>	9.244788
647	1	<|endoftext|>	0.0
647	2	I	5.770362
647	3	Ġknow	5.545699
647	4	Ġwho	8.36647
647	5	Ġthe	5.844158
647	6	Ġman	5.058116
647	7	Ġthinks	10.160638
647	8	Ġshould	8.229764
647	9	Ġcongratulate	17.727486
647	10	Ġthe	3.911191
647	11	Ġcouple	10.944567
647	12	Ġafter	6.062313
647	13	Ġthe	3.12283
647	14	Ġservice	11.18273
647	15	.	1.651275
647	16	<|endoftext|>	6.689703
648	1	<|endoftext|>	0.0
648	2	I	5.770357
648	3	Ġknow	5.545684
648	4	Ġwho	8.366485
648	5	Ġthe	5.844156
648	6	Ġman	5.058116
648	7	Ġthinks	10.160666
648	8	Ġthe	6.49879
648	9	Ġpriest	13.400931
648	10	Ġshould	4.322268
648	11	Ġcongratulate	17.115841
648	12	Ġthe	4.71576
648	13	Ġcouple	9.099612
648	14	Ġafter	6.848231
648	15	Ġthe	3.359193
648	16	Ġservice	7.595458
648	17	.	1.047054
648	18	<|endoftext|>	7.744852
649	1	<|endoftext|>	0.0
649	2	I	5.770357
649	3	Ġknow	5.545684
649	4	Ġthat	2.749692
649	5	Ġthe	4.424222
649	6	Ġman	9.193499
649	7	Ġthinks	11.691253
649	8	Ġthe	4.863968
649	9	Ġwoman	6.711682
649	10	Ġsaid	9.436267
649	11	Ġshould	14.071238
649	12	Ġcongratulate	15.429752
649	13	Ġthe	4.771943
649	14	Ġcouple	9.224005
649	15	Ġafter	6.254921
649	16	Ġthe	2.85168
649	17	Ġservice	9.455019
649	18	.	1.757292
649	19	<|endoftext|>	8.453617
650	1	<|endoftext|>	0.0
650	2	I	5.770357
650	3	Ġknow	5.545684
650	4	Ġthat	2.749692
650	5	Ġthe	4.424222
650	6	Ġman	9.193499
650	7	Ġthinks	11.691253
650	8	Ġthe	4.863968
650	9	Ġwoman	6.711682
650	10	Ġsaid	9.436267
650	11	Ġthe	4.017633
650	12	Ġpriest	13.438949
650	13	Ġshould	4.615101
650	14	Ġcongratulate	15.3122
650	15	Ġthe	4.139856
650	16	Ġcouple	7.719661
650	17	Ġafter	6.096607
650	18	Ġthe	2.857137
650	19	Ġservice	5.965529
650	20	.	1.409158
650	21	<|endoftext|>	9.053225
651	1	<|endoftext|>	0.0
651	2	I	5.770357
651	3	Ġknow	5.545684
651	4	Ġwho	8.366485
651	5	Ġthe	5.844156
651	6	Ġman	5.058116
651	7	Ġthinks	10.160666
651	8	Ġthe	6.49879
651	9	Ġwoman	6.468726
651	10	Ġsaid	8.9609
651	11	Ġshould	9.869209
651	12	Ġcongratulate	15.887522
651	13	Ġthe	4.760417
651	14	Ġcouple	9.136856
651	15	Ġafter	6.187839
651	16	Ġthe	2.865895
651	17	Ġservice	9.878359
651	18	.	1.252163
651	19	<|endoftext|>	6.825916
652	1	<|endoftext|>	0.0
652	2	I	5.770357
652	3	Ġknow	5.545684
652	4	Ġwho	8.366485
652	5	Ġthe	5.844156
652	6	Ġman	5.058116
652	7	Ġthinks	10.160666
652	8	Ġthe	6.49879
652	9	Ġwoman	6.468726
652	10	Ġsaid	8.9609
652	11	Ġthe	5.748296
652	12	Ġpriest	13.23236
652	13	Ġshould	4.123196
652	14	Ġcongratulate	15.570338
652	15	Ġthe	4.162812
652	16	Ġcouple	7.405973
652	17	Ġafter	6.265937
652	18	Ġthe	2.939406
652	19	Ġservice	6.154878
652	20	.	0.953745
652	21	<|endoftext|>	7.380345
653	1	<|endoftext|>	0.0
653	2	I	5.770357
653	3	Ġknow	5.545684
653	4	Ġthat	2.749692
653	5	Ġthe	4.424222
653	6	Ġman	9.193499
653	7	Ġthinks	11.691253
653	8	Ġthe	4.863968
653	9	Ġwoman	6.711682
653	10	Ġsaid	9.436267
653	11	Ġshe	3.457184
653	12	Ġbelieved	8.588995
653	13	Ġshould	13.794299
653	14	Ġcongratulate	16.61206
653	15	Ġthe	4.37594
653	16	Ġcouple	8.555136
653	17	Ġafter	5.853341
653	18	Ġthe	2.864122
653	19	Ġservice	9.837881
653	20	.	1.624415
653	21	<|endoftext|>	8.563417
654	1	<|endoftext|>	0.0
654	2	I	5.770357
654	3	Ġknow	5.545684
654	4	Ġthat	2.749692
654	5	Ġthe	4.424222
654	6	Ġman	9.193499
654	7	Ġthinks	11.691253
654	8	Ġthe	4.863968
654	9	Ġwoman	6.711682
654	10	Ġsaid	9.436267
654	11	Ġshe	3.457184
654	12	Ġbelieved	8.588995
654	13	Ġthe	3.852447
654	14	Ġpriest	11.066874
654	15	Ġshould	6.276998
654	16	Ġcongratulate	17.016104
654	17	Ġthe	3.81004
654	18	Ġcouple	7.267908
654	19	Ġafter	5.755143
654	20	Ġthe	2.909843
654	21	Ġservice	6.277068
654	22	.	1.329495
654	23	<|endoftext|>	9.111968
655	1	<|endoftext|>	0.0
655	2	I	5.770357
655	3	Ġknow	5.545684
655	4	Ġwho	8.366485
655	5	Ġthe	5.844156
655	6	Ġman	5.058116
655	7	Ġthinks	10.160666
655	8	Ġthe	6.49879
655	9	Ġwoman	6.468726
655	10	Ġsaid	8.9609
655	11	Ġshe	2.385152
655	12	Ġbelieved	8.258471
655	13	Ġshould	9.569033
655	14	Ġcongratulate	17.291857
655	15	Ġthe	4.31577
655	16	Ġcouple	8.433337
655	17	Ġafter	5.642596
655	18	Ġthe	2.865086
655	19	Ġservice	10.174514
655	20	.	1.185428
655	21	<|endoftext|>	7.10316
656	1	<|endoftext|>	0.0
656	2	I	5.770357
656	3	Ġknow	5.545684
656	4	Ġwho	8.366485
656	5	Ġthe	5.844156
656	6	Ġman	5.058116
656	7	Ġthinks	10.160666
656	8	Ġthe	6.49879
656	9	Ġwoman	6.468726
656	10	Ġsaid	8.9609
656	11	Ġshe	2.385152
656	12	Ġbelieved	8.258471
656	13	Ġthe	6.080223
656	14	Ġpriest	11.411841
656	15	Ġshould	5.739338
656	16	Ġcongratulate	17.074504
656	17	Ġthe	3.764368
656	18	Ġcouple	6.84718
656	19	Ġafter	5.684494
656	20	Ġthe	2.954858
656	21	Ġservice	6.488085
656	22	.	0.917826
656	23	<|endoftext|>	7.657252
657	1	<|endoftext|>	0.0
657	2	I	5.770357
657	3	Ġknow	5.545684
657	4	Ġthat	2.749692
657	5	Ġthe	4.424222
657	6	Ġman	9.193499
657	7	Ġthinks	11.691253
657	8	Ġthe	4.863968
657	9	Ġwoman	6.711682
657	10	Ġsaid	9.436267
657	11	Ġshe	3.457184
657	12	Ġbelieved	8.588995
657	13	Ġshould	13.794299
657	14	Ġcongratulate	16.61206
657	15	Ġthe	4.37594
657	16	Ġcouple	8.555136
657	17	Ġafter	5.853341
657	18	Ġthe	2.864122
657	19	Ġservice	9.837881
657	20	.	1.624415
657	21	<|endoftext|>	8.563417
658	1	<|endoftext|>	0.0
658	2	I	5.770357
658	3	Ġknow	5.545684
658	4	Ġthat	2.749692
658	5	Ġthe	4.424222
658	6	Ġman	9.193499
658	7	Ġthinks	11.691253
658	8	Ġthe	4.863968
658	9	Ġwoman	6.711682
658	10	Ġsaid	9.436267
658	11	Ġshe	3.457184
658	12	Ġbelieved	8.588995
658	13	Ġthe	3.852447
658	14	Ġpriest	11.066874
658	15	Ġshould	6.276998
658	16	Ġcongratulate	17.016104
658	17	Ġthe	3.81004
658	18	Ġcouple	7.267908
658	19	Ġafter	5.755143
658	20	Ġthe	2.909843
658	21	Ġservice	6.277068
658	22	.	1.329495
658	23	<|endoftext|>	9.111968
659	1	<|endoftext|>	0.0
659	2	I	5.770357
659	3	Ġknow	5.545684
659	4	Ġwho	8.366485
659	5	Ġthe	5.844156
659	6	Ġman	5.058116
659	7	Ġthinks	10.160666
659	8	Ġthe	6.49879
659	9	Ġwoman	6.468726
659	10	Ġsaid	8.9609
659	11	Ġshe	2.385152
659	12	Ġbelieved	8.258471
659	13	Ġshould	9.569033
659	14	Ġcongratulate	17.291857
659	15	Ġthe	4.31577
659	16	Ġcouple	8.433337
659	17	Ġafter	5.642596
659	18	Ġthe	2.865086
659	19	Ġservice	10.174514
659	20	.	1.185428
659	21	<|endoftext|>	7.10316
660	1	<|endoftext|>	0.0
660	2	I	5.770357
660	3	Ġknow	5.545684
660	4	Ġwho	8.366485
660	5	Ġthe	5.844156
660	6	Ġman	5.058116
660	7	Ġthinks	10.160666
660	8	Ġthe	6.49879
660	9	Ġwoman	6.468726
660	10	Ġsaid	8.9609
660	11	Ġshe	2.385152
660	12	Ġbelieved	8.258471
660	13	Ġthe	6.080223
660	14	Ġpriest	11.411841
660	15	Ġshould	5.739338
660	16	Ġcongratulate	17.074504
660	17	Ġthe	3.764368
660	18	Ġcouple	6.84718
660	19	Ġafter	5.684494
660	20	Ġthe	2.954858
660	21	Ġservice	6.488085
660	22	.	0.917826
660	23	<|endoftext|>	7.657252
661	1	<|endoftext|>	0.0
661	2	We	7.155782
661	3	Ġall	5.001739
661	4	Ġknow	0.90108
661	5	Ġthat	1.582208
661	6	Ġwill	14.249869
661	7	Ġgive	7.522199
661	8	Ġa	4.663334
661	9	Ġtest	13.78854
661	10	Ġto	3.483033
661	11	Ġher	8.877467
661	12	Ġstudents	10.875666
661	13	.	1.566693
661	14	<|endoftext|>	8.396014
662	1	<|endoftext|>	0.0
662	2	We	7.155761
662	3	Ġall	5.001806
662	4	Ġknow	0.901061
662	5	Ġthat	1.582246
662	6	Ġthe	3.681982
662	7	Ġteacher	14.537149
662	8	Ġwill	6.589299
662	9	Ġgive	5.888482
662	10	Ġa	4.323257
662	11	Ġtest	8.283
662	12	Ġto	3.392541
662	13	Ġher	6.291835
662	14	Ġstudents	0.740723
662	15	.	2.308653
662	16	<|endoftext|>	11.599417
663	1	<|endoftext|>	0.0
663	2	We	7.155782
663	3	Ġall	5.001739
663	4	Ġknow	0.90108
663	5	Ġwho	7.268268
663	6	Ġwill	7.061753
663	7	Ġgive	8.794742
663	8	Ġa	4.465055
663	9	Ġtest	12.695521
663	10	Ġto	4.619832
663	11	Ġher	7.572123
663	12	Ġstudents	11.056774
663	13	.	1.676017
663	14	<|endoftext|>	9.131715
664	1	<|endoftext|>	0.0
664	2	We	7.155761
664	3	Ġall	5.001806
664	4	Ġknow	0.901061
664	5	Ġwho	7.268273
664	6	Ġthe	4.041315
664	7	Ġteacher	13.566446
664	8	Ġwill	8.873995
664	9	Ġgive	10.356621
664	10	Ġa	6.213508
664	11	Ġtest	7.907032
664	12	Ġto	3.457523
664	13	Ġher	10.040615
664	14	Ġstudents	1.241172
664	15	.	1.114693
664	16	<|endoftext|>	10.555629
665	1	<|endoftext|>	0.0
665	2	We	7.155761
665	3	Ġall	5.001796
665	4	Ġknow	0.901057
665	5	Ġthat	1.582244
665	6	Ġthe	3.681979
665	7	Ġold	9.188593
665	8	Ġman	6.222298
665	9	Ġthinks	9.045807
665	10	Ġwill	13.596185
665	11	Ġgive	7.872316
665	12	Ġa	4.59061
665	13	Ġtest	12.776156
665	14	Ġto	3.990592
665	15	Ġher	8.930186
665	16	Ġstudents	12.726753
665	17	.	1.372973
665	18	<|endoftext|>	9.307074
666	1	<|endoftext|>	0.0
666	2	We	7.155761
666	3	Ġall	5.001796
666	4	Ġknow	0.901057
666	5	Ġthat	1.582244
666	6	Ġthe	3.681979
666	7	Ġold	9.188593
666	8	Ġman	6.222298
666	9	Ġthinks	9.045807
666	10	Ġthe	3.884146
666	11	Ġteacher	12.595841
666	12	Ġwill	5.063957
666	13	Ġgive	5.358568
666	14	Ġa	4.598931
666	15	Ġtest	8.958326
666	16	Ġto	4.245497
666	17	Ġher	7.392789
666	18	Ġstudents	5.315741
666	19	.	1.585885
666	20	<|endoftext|>	10.701938
667	1	<|endoftext|>	0.0
667	2	We	7.155761
667	3	Ġall	5.001796
667	4	Ġknow	0.901057
667	5	Ġwho	7.268249
667	6	Ġthe	4.041303
667	7	Ġold	10.289369
667	8	Ġman	4.494691
667	9	Ġthinks	10.471745
667	10	Ġwill	7.309394
667	11	Ġgive	9.271605
667	12	Ġa	4.916417
667	13	Ġtest	13.369227
667	14	Ġto	4.985348
667	15	Ġher	8.026152
667	16	Ġstudents	12.178243
667	17	.	1.080076
667	18	<|endoftext|>	8.852805
668	1	<|endoftext|>	0.0
668	2	We	7.155761
668	3	Ġall	5.001796
668	4	Ġknow	0.901057
668	5	Ġwho	7.268249
668	6	Ġthe	4.041303
668	7	Ġold	10.289369
668	8	Ġman	4.494691
668	9	Ġthinks	10.471745
668	10	Ġthe	5.702421
668	11	Ġteacher	12.248551
668	12	Ġwill	6.357789
668	13	Ġgive	9.090012
668	14	Ġa	6.855511
668	15	Ġtest	8.039318
668	16	Ġto	3.909261
668	17	Ġher	8.691786
668	18	Ġstudents	4.298954
668	19	.	0.919682
668	20	<|endoftext|>	9.830652
669	1	<|endoftext|>	0.0
669	2	We	7.155761
669	3	Ġall	5.001796
669	4	Ġknow	0.901057
669	5	Ġthat	1.582244
669	6	Ġthe	3.681979
669	7	Ġold	9.188593
669	8	Ġman	6.222298
669	9	Ġthinks	9.045807
669	10	Ġthe	3.884146
669	11	Ġwoman	8.067024
669	12	Ġknows	8.319061
669	13	Ġwill	15.181365
669	14	Ġgive	6.854242
669	15	Ġa	5.36052
669	16	Ġtest	11.980138
669	17	Ġto	3.86767
669	18	Ġher	3.095225
669	19	Ġstudents	12.616936
669	20	.	1.205744
669	21	<|endoftext|>	10.4167
670	1	<|endoftext|>	0.0
670	2	We	7.155761
670	3	Ġall	5.001796
670	4	Ġknow	0.901057
670	5	Ġthat	1.582244
670	6	Ġthe	3.681979
670	7	Ġold	9.188593
670	8	Ġman	6.222298
670	9	Ġthinks	9.045807
670	10	Ġthe	3.884146
670	11	Ġwoman	8.067024
670	12	Ġknows	8.319061
670	13	Ġthe	4.178934
670	14	Ġteacher	13.162722
670	15	Ġwill	7.920187
670	16	Ġgive	5.529047
670	17	Ġa	4.676911
670	18	Ġtest	9.075205
670	19	Ġto	4.456519
670	20	Ġher	2.493654
670	21	Ġstudents	7.155537
670	22	.	1.380687
670	23	<|endoftext|>	10.673928
671	1	<|endoftext|>	0.0
671	2	We	7.155761
671	3	Ġall	5.001796
671	4	Ġknow	0.901057
671	5	Ġwho	7.268249
671	6	Ġthe	4.041303
671	7	Ġold	10.289369
671	8	Ġman	4.494691
671	9	Ġthinks	10.471745
671	10	Ġthe	5.702421
671	11	Ġwoman	8.376404
671	12	Ġknows	11.764318
671	13	Ġwill	13.034206
671	14	Ġgive	7.659102
671	15	Ġa	5.181634
671	16	Ġtest	12.637599
671	17	Ġto	4.000273
671	18	Ġher	2.845057
671	19	Ġstudents	12.186216
671	20	.	1.024943
671	21	<|endoftext|>	9.358846
672	1	<|endoftext|>	0.0
672	2	We	7.155761
672	3	Ġall	5.001796
672	4	Ġknow	0.901057
672	5	Ġwho	7.268249
672	6	Ġthe	4.041303
672	7	Ġold	10.289369
672	8	Ġman	4.494691
672	9	Ġthinks	10.471745
672	10	Ġthe	5.702421
672	11	Ġwoman	8.376404
672	12	Ġknows	11.764318
672	13	Ġthe	5.097842
672	14	Ġteacher	13.606357
672	15	Ġwill	7.629005
672	16	Ġgive	6.443063
672	17	Ġa	4.51813
672	18	Ġtest	9.504786
672	19	Ġto	3.840279
672	20	Ġher	2.642377
672	21	Ġstudents	6.228493
672	22	.	1.199544
672	23	<|endoftext|>	9.630697
673	1	<|endoftext|>	0.0
673	2	We	7.155761
673	3	Ġall	5.001796
673	4	Ġknow	0.901057
673	5	Ġthat	1.582244
673	6	Ġthe	3.681979
673	7	Ġold	9.188593
673	8	Ġman	6.222298
673	9	Ġthinks	9.045807
673	10	Ġthe	3.884146
673	11	Ġwoman	8.067024
673	12	Ġknows	8.319061
673	13	Ġthe	4.178934
673	14	Ġyoung	9.740372
673	15	Ġboy	7.262623
673	16	Ġsaid	13.710509
673	17	Ġwill	12.035818
673	18	Ġgive	6.459887
673	19	Ġa	5.515319
673	20	Ġtest	10.538511
673	21	Ġto	4.208324
673	22	Ġher	4.207117
673	23	Ġstudents	12.960775
673	24	.	0.818196
673	25	<|endoftext|>	9.954349
674	1	<|endoftext|>	0.0
674	2	We	7.155761
674	3	Ġall	5.001796
674	4	Ġknow	0.901057
674	5	Ġthat	1.582244
674	6	Ġthe	3.681979
674	7	Ġold	9.188593
674	8	Ġman	6.222298
674	9	Ġthinks	9.045807
674	10	Ġthe	3.884146
674	11	Ġwoman	8.067024
674	12	Ġknows	8.319061
674	13	Ġthe	4.178934
674	14	Ġyoung	9.740372
674	15	Ġboy	7.262623
674	16	Ġsaid	13.710509
674	17	Ġthe	2.518457
674	18	Ġteacher	11.705573
674	19	Ġwill	6.230707
674	20	Ġgive	5.505527
674	21	Ġa	5.029389
674	22	Ġtest	7.697231
674	23	Ġto	4.027537
674	24	Ġher	4.113209
674	25	Ġstudents	7.957998
674	26	.	1.035144
674	27	<|endoftext|>	10.132059
675	1	<|endoftext|>	0.0
675	2	We	7.155761
675	3	Ġall	5.001796
675	4	Ġknow	0.901057
675	5	Ġwho	7.268249
675	6	Ġthe	4.041303
675	7	Ġold	10.289369
675	8	Ġman	4.494691
675	9	Ġthinks	10.471745
675	10	Ġthe	5.702421
675	11	Ġwoman	8.376404
675	12	Ġknows	11.764318
675	13	Ġthe	5.097842
675	14	Ġyoung	9.514546
675	15	Ġboy	7.211266
675	16	Ġsaid	11.033038
675	17	Ġwill	10.912221
675	18	Ġgive	6.851098
675	19	Ġa	5.451971
675	20	Ġtest	11.113171
675	21	Ġto	3.839791
675	22	Ġher	3.888359
675	23	Ġstudents	11.921661
675	24	.	0.820096
675	25	<|endoftext|>	8.836308
676	1	<|endoftext|>	0.0
676	2	We	7.155761
676	3	Ġall	5.001796
676	4	Ġknow	0.901057
676	5	Ġwho	7.268249
676	6	Ġthe	4.041303
676	7	Ġold	10.289369
676	8	Ġman	4.494691
676	9	Ġthinks	10.471745
676	10	Ġthe	5.702421
676	11	Ġwoman	8.376404
676	12	Ġknows	11.764318
676	13	Ġthe	5.097842
676	14	Ġyoung	9.514546
676	15	Ġboy	7.211266
676	16	Ġsaid	11.033038
676	17	Ġthe	3.479753
676	18	Ġteacher	11.588662
676	19	Ġwill	6.895534
676	20	Ġgive	5.804158
676	21	Ġa	4.995678
676	22	Ġtest	7.749463
676	23	Ġto	3.523846
676	24	Ġher	3.843926
676	25	Ġstudents	6.699825
676	26	.	1.096419
676	27	<|endoftext|>	9.05158
677	1	<|endoftext|>	0.0
677	2	We	7.155761
677	3	Ġall	5.001796
677	4	Ġknow	0.901057
677	5	Ġthat	1.582244
677	6	Ġthe	3.681979
677	7	Ġold	9.188593
677	8	Ġman	6.222298
677	9	Ġthinks	9.045807
677	10	Ġthe	3.884146
677	11	Ġwoman	8.067024
677	12	Ġknows	8.319061
677	13	Ġthe	4.178934
677	14	Ġyoung	9.740372
677	15	Ġboy	7.262623
677	16	Ġsaid	13.710509
677	17	Ġwill	12.035818
677	18	Ġgive	6.459887
677	19	Ġa	5.515319
677	20	Ġtest	10.538511
677	21	Ġto	4.208324
677	22	Ġher	4.207117
677	23	Ġstudents	12.960775
677	24	.	0.818196
677	25	<|endoftext|>	9.954349
678	1	<|endoftext|>	0.0
678	2	We	7.155761
678	3	Ġall	5.001796
678	4	Ġknow	0.901057
678	5	Ġthat	1.582244
678	6	Ġthe	3.681979
678	7	Ġold	9.188593
678	8	Ġman	6.222298
678	9	Ġthinks	9.045807
678	10	Ġthe	3.884146
678	11	Ġwoman	8.067024
678	12	Ġknows	8.319061
678	13	Ġthe	4.178934
678	14	Ġyoung	9.740372
678	15	Ġboy	7.262623
678	16	Ġsaid	13.710509
678	17	Ġthe	2.518457
678	18	Ġteacher	11.705573
678	19	Ġwill	6.230707
678	20	Ġgive	5.505527
678	21	Ġa	5.029389
678	22	Ġtest	7.697231
678	23	Ġto	4.027537
678	24	Ġher	4.113209
678	25	Ġstudents	7.957998
678	26	.	1.035144
678	27	<|endoftext|>	10.132059
679	1	<|endoftext|>	0.0
679	2	We	7.155761
679	3	Ġall	5.001796
679	4	Ġknow	0.901057
679	5	Ġwho	7.268249
679	6	Ġthe	4.041303
679	7	Ġold	10.289369
679	8	Ġman	4.494691
679	9	Ġthinks	10.471745
679	10	Ġthe	5.702421
679	11	Ġwoman	8.376404
679	12	Ġknows	11.764318
679	13	Ġthe	5.097842
679	14	Ġyoung	9.514546
679	15	Ġboy	7.211266
679	16	Ġsaid	11.033038
679	17	Ġwill	10.912221
679	18	Ġgive	6.851098
679	19	Ġa	5.451971
679	20	Ġtest	11.113171
679	21	Ġto	3.839791
679	22	Ġher	3.888359
679	23	Ġstudents	11.921661
679	24	.	0.820096
679	25	<|endoftext|>	8.836308
680	1	<|endoftext|>	0.0
680	2	We	7.155761
680	3	Ġall	5.001796
680	4	Ġknow	0.901057
680	5	Ġwho	7.268249
680	6	Ġthe	4.041303
680	7	Ġold	10.289369
680	8	Ġman	4.494691
680	9	Ġthinks	10.471745
680	10	Ġthe	5.702421
680	11	Ġwoman	8.376404
680	12	Ġknows	11.764318
680	13	Ġthe	5.097842
680	14	Ġyoung	9.514546
680	15	Ġboy	7.211266
680	16	Ġsaid	11.033038
680	17	Ġthe	3.479753
680	18	Ġteacher	11.588662
680	19	Ġwill	6.895534
680	20	Ġgive	5.804158
680	21	Ġa	4.995678
680	22	Ġtest	7.749463
680	23	Ġto	3.523846
680	24	Ġher	3.843926
680	25	Ġstudents	6.699825
680	26	.	1.096419
680	27	<|endoftext|>	9.05158
681	1	<|endoftext|>	0.0
681	2	She	9.588393
681	3	Ġsaid	4.521497
681	4	Ġthat	3.621296
681	5	Ġmight	13.053951
681	6	Ġput	8.677224
681	7	Ġthe	3.525067
681	8	Ġmicrophone	15.288355
681	9	Ġon	2.521319
681	10	Ġthe	2.437073
681	11	Ġtable	4.823941
681	12	.	2.157351
681	13	<|endoftext|>	5.913328
682	1	<|endoftext|>	0.0
682	2	She	9.588393
682	3	Ġsaid	4.521497
682	4	Ġthat	3.621307
682	5	Ġthe	3.436636
682	6	Ġreporter	13.142478
682	7	Ġmight	9.358005
682	8	Ġput	9.632274
682	9	Ġthe	3.545116
682	10	Ġmicrophone	9.82857
682	11	Ġon	2.201122
682	12	Ġthe	2.897345
682	13	Ġtable	4.447076
682	14	.	3.528716
682	15	<|endoftext|>	5.860612
683	1	<|endoftext|>	0.0
683	2	She	9.588393
683	3	Ġsaid	4.521497
683	4	Ġwho	13.287612
683	5	Ġmight	8.807129
683	6	Ġput	9.09221
683	7	Ġthe	2.658727
683	8	Ġmicrophone	12.921244
683	9	Ġon	2.204005
683	10	Ġthe	3.321367
683	11	Ġtable	5.131751
683	12	.	4.877641
683	13	<|endoftext|>	6.301854
684	1	<|endoftext|>	0.0
684	2	She	9.588393
684	3	Ġsaid	4.521497
684	4	Ġwho	13.287634
684	5	Ġthe	5.769855
684	6	Ġreporter	10.016726
684	7	Ġmight	9.023812
684	8	Ġput	11.135709
684	9	Ġthe	3.697838
684	10	Ġmicrophone	10.193536
684	11	Ġon	2.470905
684	12	Ġthe	7.369805
684	13	Ġtable	4.721949
684	14	.	2.510435
684	15	<|endoftext|>	5.469306
685	1	<|endoftext|>	0.0
685	2	She	9.588382
685	3	Ġsaid	4.521458
685	4	Ġthat	3.621319
685	5	Ġthe	3.436683
685	6	Ġpolitician	12.374208
685	7	Ġstated	12.393565
685	8	Ġmight	16.662267
685	9	Ġput	10.464384
685	10	Ġthe	3.321882
685	11	Ġmicrophone	14.76848
685	12	Ġon	2.341716
685	13	Ġthe	2.659311
685	14	Ġtable	4.31901
685	15	.	2.769116
685	16	<|endoftext|>	4.736986
686	1	<|endoftext|>	0.0
686	2	She	9.588377
686	3	Ġsaid	4.52147
686	4	Ġthat	3.621318
686	5	Ġthe	3.436685
686	6	Ġpolitician	12.374226
686	7	Ġstated	12.393569
686	8	Ġthe	5.378435
686	9	Ġreporter	12.807408
686	10	Ġmight	9.498307
686	11	Ġput	9.166539
686	12	Ġthe	3.50186
686	13	Ġmicrophone	9.462885
686	14	Ġon	2.431232
686	15	Ġthe	2.769489
686	16	Ġtable	4.541684
686	17	.	2.818647
686	18	<|endoftext|>	4.873996
687	1	<|endoftext|>	0.0
687	2	She	9.588382
687	3	Ġsaid	4.521458
687	4	Ġwho	13.28758
687	5	Ġthe	5.769795
687	6	Ġpolitician	10.582575
687	7	Ġstated	15.874283
687	8	Ġmight	9.560037
687	9	Ġput	9.671175
687	10	Ġthe	2.742793
687	11	Ġmicrophone	13.763701
687	12	Ġon	2.619781
687	13	Ġthe	3.442521
687	14	Ġtable	4.049984
687	15	.	2.095746
687	16	<|endoftext|>	4.296591
688	1	<|endoftext|>	0.0
688	2	She	9.588377
688	3	Ġsaid	4.52147
688	4	Ġwho	13.287568
688	5	Ġthe	5.769795
688	6	Ġpolitician	10.582563
688	7	Ġstated	15.874281
688	8	Ġthe	4.60662
688	9	Ġreporter	10.459818
688	10	Ġmight	8.430225
688	11	Ġput	10.136858
688	12	Ġthe	4.27363
688	13	Ġmicrophone	9.146265
688	14	Ġon	2.58532
688	15	Ġthe	6.133783
688	16	Ġtable	3.987811
688	17	.	2.075929
688	18	<|endoftext|>	4.241873
689	1	<|endoftext|>	0.0
689	2	She	9.588377
689	3	Ġsaid	4.52147
689	4	Ġthat	3.621318
689	5	Ġthe	3.436685
689	6	Ġpolitician	12.374226
689	7	Ġstated	12.393569
689	8	Ġhis	5.838821
689	9	Ġpress	14.765171
689	10	Ġsecretary	4.348313
689	11	Ġsaid	4.557756
689	12	Ġmight	15.916546
689	13	Ġput	9.580458
689	14	Ġthe	2.913436
689	15	Ġmicrophone	12.826626
689	16	Ġon	2.247724
689	17	Ġthe	2.45722
689	18	Ġtable	4.354478
689	19	.	1.90788
689	20	<|endoftext|>	4.631152
690	1	<|endoftext|>	0.0
690	2	She	9.588377
690	3	Ġsaid	4.52147
690	4	Ġthat	3.621318
690	5	Ġthe	3.436685
690	6	Ġpolitician	12.374226
690	7	Ġstated	12.393569
690	8	Ġhis	5.838821
690	9	Ġpress	14.765171
690	10	Ġsecretary	4.348313
690	11	Ġsaid	4.557756
690	12	Ġthe	3.800537
690	13	Ġreporter	8.30207
690	14	Ġmight	9.438098
690	15	Ġput	9.257715
690	16	Ġthe	3.055489
690	17	Ġmicrophone	9.445774
690	18	Ġon	2.276009
690	19	Ġthe	2.644963
690	20	Ġtable	4.24286
690	21	.	2.255589
690	22	<|endoftext|>	4.789292
691	1	<|endoftext|>	0.0
691	2	She	9.588377
691	3	Ġsaid	4.52147
691	4	Ġwho	13.287568
691	5	Ġthe	5.769795
691	6	Ġpolitician	10.582563
691	7	Ġstated	15.874281
691	8	Ġhis	5.713153
691	9	Ġpress	15.840359
691	10	Ġsecretary	2.696411
691	11	Ġsaid	5.775212
691	12	Ġmight	9.396266
691	13	Ġput	9.965777
691	14	Ġthe	2.937267
691	15	Ġmicrophone	12.187819
691	16	Ġon	2.56406
691	17	Ġthe	3.093431
691	18	Ġtable	3.920654
691	19	.	1.551541
691	20	<|endoftext|>	4.176081
692	1	<|endoftext|>	0.0
692	2	She	9.588377
692	3	Ġsaid	4.52147
692	4	Ġwho	13.287568
692	5	Ġthe	5.769795
692	6	Ġpolitician	10.582563
692	7	Ġstated	15.874281
692	8	Ġhis	5.713153
692	9	Ġpress	15.840359
692	10	Ġsecretary	2.696411
692	11	Ġsaid	5.775212
692	12	Ġthe	5.251754
692	13	Ġreporter	6.509744
692	14	Ġmight	8.457191
692	15	Ġput	10.097207
692	16	Ġthe	3.783544
692	17	Ġmicrophone	9.272588
692	18	Ġon	2.624227
692	19	Ġthe	4.146518
692	20	Ġtable	3.701787
692	21	.	1.693463
692	22	<|endoftext|>	4.203183
693	1	<|endoftext|>	0.0
693	2	She	9.588377
693	3	Ġsaid	4.52147
693	4	Ġthat	3.621318
693	5	Ġthe	3.436685
693	6	Ġpolitician	12.374226
693	7	Ġstated	12.393569
693	8	Ġhis	5.838821
693	9	Ġpress	14.765171
693	10	Ġsecretary	4.348313
693	11	Ġsaid	4.557756
693	12	Ġthe	3.800537
693	13	Ġchief	9.965674
693	14	Ġof	3.555527
693	15	Ġstaff	1.342877
693	16	Ġthought	10.339543
693	17	Ġmight	14.790505
693	18	Ġput	9.609314
693	19	Ġthe	2.692539
693	20	Ġmicrophone	12.443626
693	21	Ġon	1.904839
693	22	Ġthe	2.91818
693	23	Ġtable	4.701132
693	24	.	1.771011
693	25	<|endoftext|>	4.435534
694	1	<|endoftext|>	0.0
694	2	She	9.588377
694	3	Ġsaid	4.52147
694	4	Ġthat	3.621318
694	5	Ġthe	3.436685
694	6	Ġpolitician	12.374226
694	7	Ġstated	12.393569
694	8	Ġhis	5.838821
694	9	Ġpress	14.765171
694	10	Ġsecretary	4.348313
694	11	Ġsaid	4.557756
694	12	Ġthe	3.800537
694	13	Ġchief	9.965674
694	14	Ġof	3.555527
694	15	Ġstaff	1.342877
694	16	Ġthought	10.339543
694	17	Ġthe	2.409328
694	18	Ġreporter	8.571435
694	19	Ġmight	7.512512
694	20	Ġput	9.33546
694	21	Ġthe	2.93425
694	22	Ġmicrophone	9.993397
694	23	Ġon	2.129718
694	24	Ġthe	3.008087
694	25	Ġtable	4.769993
694	26	.	1.764447
694	27	<|endoftext|>	4.55514
695	1	<|endoftext|>	0.0
695	2	She	9.588377
695	3	Ġsaid	4.52147
695	4	Ġwho	13.287568
695	5	Ġthe	5.769795
695	6	Ġpolitician	10.582563
695	7	Ġstated	15.874281
695	8	Ġhis	5.713153
695	9	Ġpress	15.840359
695	10	Ġsecretary	2.696411
695	11	Ġsaid	5.775212
695	12	Ġthe	5.251754
695	13	Ġchief	8.776756
695	14	Ġof	2.015019
695	15	Ġstaff	0.944521
695	16	Ġthought	9.402231
695	17	Ġmight	7.245251
695	18	Ġput	9.707951
695	19	Ġthe	2.619803
695	20	Ġmicrophone	11.832274
695	21	Ġon	2.069048
695	22	Ġthe	3.446704
695	23	Ġtable	4.498829
695	24	.	1.72396
695	25	<|endoftext|>	3.824973
696	1	<|endoftext|>	0.0
696	2	She	9.588377
696	3	Ġsaid	4.52147
696	4	Ġwho	13.287568
696	5	Ġthe	5.769795
696	6	Ġpolitician	10.582563
696	7	Ġstated	15.874281
696	8	Ġhis	5.713153
696	9	Ġpress	15.840359
696	10	Ġsecretary	2.696411
696	11	Ġsaid	5.775212
696	12	Ġthe	5.251754
696	13	Ġchief	8.776756
696	14	Ġof	2.015019
696	15	Ġstaff	0.944521
696	16	Ġthought	9.402231
696	17	Ġthe	3.785631
696	18	Ġreporter	8.389717
696	19	Ġmight	7.054195
696	20	Ġput	9.939357
696	21	Ġthe	2.976423
696	22	Ġmicrophone	9.91345
696	23	Ġon	2.345244
696	24	Ġthe	3.749925
696	25	Ġtable	4.328297
696	26	.	1.570837
696	27	<|endoftext|>	3.975616
697	1	<|endoftext|>	0.0
697	2	She	9.588377
697	3	Ġsaid	4.52147
697	4	Ġthat	3.621318
697	5	Ġthe	3.436685
697	6	Ġpolitician	12.374226
697	7	Ġstated	12.393569
697	8	Ġhis	5.838821
697	9	Ġpress	14.765171
697	10	Ġsecretary	4.348313
697	11	Ġsaid	4.557756
697	12	Ġthe	3.800537
697	13	Ġchief	9.965674
697	14	Ġof	3.555527
697	15	Ġstaff	1.342877
697	16	Ġthought	10.339543
697	17	Ġmight	14.790505
697	18	Ġput	9.609314
697	19	Ġthe	2.692539
697	20	Ġmicrophone	12.443626
697	21	Ġon	1.904839
697	22	Ġthe	2.91818
697	23	Ġtable	4.701132
697	24	.	1.771011
697	25	<|endoftext|>	4.435534
698	1	<|endoftext|>	0.0
698	2	She	9.588377
698	3	Ġsaid	4.52147
698	4	Ġthat	3.621318
698	5	Ġthe	3.436685
698	6	Ġpolitician	12.374226
698	7	Ġstated	12.393569
698	8	Ġhis	5.838821
698	9	Ġpress	14.765171
698	10	Ġsecretary	4.348313
698	11	Ġsaid	4.557756
698	12	Ġthe	3.800537
698	13	Ġchief	9.965674
698	14	Ġof	3.555527
698	15	Ġstaff	1.342877
698	16	Ġthought	10.339543
698	17	Ġthe	2.409328
698	18	Ġreporter	8.571435
698	19	Ġmight	7.512512
698	20	Ġput	9.33546
698	21	Ġthe	2.93425
698	22	Ġmicrophone	9.993397
698	23	Ġon	2.129718
698	24	Ġthe	3.008087
698	25	Ġtable	4.769993
698	26	.	1.764447
698	27	<|endoftext|>	4.55514
699	1	<|endoftext|>	0.0
699	2	She	9.588377
699	3	Ġsaid	4.52147
699	4	Ġwho	13.287568
699	5	Ġthe	5.769795
699	6	Ġpolitician	10.582563
699	7	Ġstated	15.874281
699	8	Ġhis	5.713153
699	9	Ġpress	15.840359
699	10	Ġsecretary	2.696411
699	11	Ġsaid	5.775212
699	12	Ġthe	5.251754
699	13	Ġchief	8.776756
699	14	Ġof	2.015019
699	15	Ġstaff	0.944521
699	16	Ġthought	9.402231
699	17	Ġmight	7.245251
699	18	Ġput	9.707951
699	19	Ġthe	2.619803
699	20	Ġmicrophone	11.832274
699	21	Ġon	2.069048
699	22	Ġthe	3.446704
699	23	Ġtable	4.498829
699	24	.	1.72396
699	25	<|endoftext|>	3.824973
700	1	<|endoftext|>	0.0
700	2	She	9.588377
700	3	Ġsaid	4.52147
700	4	Ġwho	13.287568
700	5	Ġthe	5.769795
700	6	Ġpolitician	10.582563
700	7	Ġstated	15.874281
700	8	Ġhis	5.713153
700	9	Ġpress	15.840359
700	10	Ġsecretary	2.696411
700	11	Ġsaid	5.775212
700	12	Ġthe	5.251754
700	13	Ġchief	8.776756
700	14	Ġof	2.015019
700	15	Ġstaff	0.944521
700	16	Ġthought	9.402231
700	17	Ġthe	3.785631
700	18	Ġreporter	8.389717
700	19	Ġmight	7.054195
700	20	Ġput	9.939357
700	21	Ġthe	2.976423
700	22	Ġmicrophone	9.91345
700	23	Ġon	2.345244
700	24	Ġthe	3.749925
700	25	Ġtable	4.328297
700	26	.	1.570837
700	27	<|endoftext|>	3.975616
701	1	<|endoftext|>	0.0
701	2	The	4.729313
701	3	Ġcolleagues	17.642399
701	4	Ġrealized	11.204233
701	5	Ġthat	0.804776
701	6	Ġmight	13.8937
701	7	Ġhave	3.824258
701	8	Ġdiscovered	15.044572
701	9	Ġthe	2.219741
701	10	Ġbribery	18.615365
701	11	Ġtwo	13.15405
701	12	Ġweeks	3.108035
701	13	Ġago	2.338705
701	14	.	1.56797
701	15	<|endoftext|>	6.807202
702	1	<|endoftext|>	0.0
702	2	The	4.729281
702	3	Ġcolleagues	17.642412
702	4	Ġrealized	11.204305
702	5	Ġthat	0.804744
702	6	Ġthe	2.523979
702	7	Ġjournalist	17.244432
702	8	Ġmight	6.992048
702	9	Ġhave	2.291121
702	10	Ġdiscovered	9.192845
702	11	Ġthe	2.823976
702	12	Ġbribery	16.193472
702	13	Ġtwo	12.323234
702	14	Ġweeks	2.0687
702	15	Ġago	3.363653
702	16	.	1.694776
702	17	<|endoftext|>	7.070971
703	1	<|endoftext|>	0.0
703	2	The	4.729313
703	3	Ġcolleagues	17.642399
703	4	Ġrealized	11.204233
703	5	Ġwho	11.708982
703	6	Ġmight	7.576039
703	7	Ġhave	1.967423
703	8	Ġdiscovered	8.532135
703	9	Ġthe	1.272698
703	10	Ġbribery	17.259274
703	11	Ġtwo	12.515714
703	12	Ġweeks	2.865469
703	13	Ġago	1.51272
703	14	.	1.38691
703	15	<|endoftext|>	7.566202
704	1	<|endoftext|>	0.0
704	2	The	4.729281
704	3	Ġcolleagues	17.642412
704	4	Ġrealized	11.204305
704	5	Ġwho	11.709005
704	6	Ġthe	3.106254
704	7	Ġjournalist	12.598668
704	8	Ġmight	7.308389
704	9	Ġhave	4.021969
704	10	Ġdiscovered	11.513005
704	11	Ġthe	6.168028
704	12	Ġbribery	15.902372
704	13	Ġtwo	12.288397
704	14	Ġweeks	2.431669
704	15	Ġago	2.007111
704	16	.	1.216172
704	17	<|endoftext|>	7.395059
705	1	<|endoftext|>	0.0
705	2	The	4.729281
705	3	Ġcolleagues	17.642412
705	4	Ġrealized	11.204305
705	5	Ġthat	0.804744
705	6	Ġher	10.18407
705	7	Ġmother	7.857597
705	8	Ġstated	15.587679
705	9	Ġmight	15.541033
705	10	Ġhave	3.084857
705	11	Ġdiscovered	11.839341
705	12	Ġthe	1.927092
705	13	Ġbribery	16.569323
705	14	Ġtwo	11.022686
705	15	Ġweeks	2.222267
705	16	Ġago	2.787271
705	17	.	1.647773
705	18	<|endoftext|>	6.40439
706	1	<|endoftext|>	0.0
706	2	The	4.729281
706	3	Ġcolleagues	17.642412
706	4	Ġrealized	11.204305
706	5	Ġthat	0.804744
706	6	Ġher	10.18407
706	7	Ġmother	7.857597
706	8	Ġstated	15.587679
706	9	Ġthe	5.023906
706	10	Ġjournalist	16.048928
706	11	Ġmight	8.63853
706	12	Ġhave	1.888029
706	13	Ġdiscovered	10.358023
706	14	Ġthe	2.302179
706	15	Ġbribery	14.808495
706	16	Ġtwo	11.726806
706	17	Ġweeks	1.942646
706	18	Ġago	2.866649
706	19	.	1.231794
706	20	<|endoftext|>	6.440087
707	1	<|endoftext|>	0.0
707	2	The	4.729281
707	3	Ġcolleagues	17.642412
707	4	Ġrealized	11.204305
707	5	Ġwho	11.709005
707	6	Ġher	9.759798
707	7	Ġmother	6.817172
707	8	Ġstated	21.434615
707	9	Ġmight	10.053339
707	10	Ġhave	2.264903
707	11	Ġdiscovered	11.300304
707	12	Ġthe	1.416869
707	13	Ġbribery	15.400667
707	14	Ġtwo	11.961541
707	15	Ġweeks	2.758354
707	16	Ġago	1.926475
707	17	.	0.897761
707	18	<|endoftext|>	6.762997
708	1	<|endoftext|>	0.0
708	2	The	4.729281
708	3	Ġcolleagues	17.642412
708	4	Ġrealized	11.204305
708	5	Ġwho	11.709005
708	6	Ġher	9.759798
708	7	Ġmother	6.817172
708	8	Ġstated	21.434615
708	9	Ġthe	6.348332
708	10	Ġjournalist	13.232051
708	11	Ġmight	8.121622
708	12	Ġhave	3.148992
708	13	Ġdiscovered	13.009377
708	14	Ġthe	6.886169
708	15	Ġbribery	15.762021
708	16	Ġtwo	12.375559
708	17	Ġweeks	2.30438
708	18	Ġago	2.049729
708	19	.	0.792645
708	20	<|endoftext|>	6.716959
709	1	<|endoftext|>	0.0
709	2	The	4.729281
709	3	Ġcolleagues	17.642412
709	4	Ġrealized	11.204305
709	5	Ġthat	0.804744
709	6	Ġher	10.18407
709	7	Ġmother	7.857597
709	8	Ġstated	15.587679
709	9	Ġa	6.166036
709	10	Ġfriend	11.207676
709	11	Ġsaid	6.96687
709	12	Ġmight	13.798335
709	13	Ġhave	2.653529
709	14	Ġdiscovered	10.276699
709	15	Ġthe	1.589253
709	16	Ġbribery	15.422807
709	17	Ġtwo	11.475229
709	18	Ġweeks	2.209977
709	19	Ġago	1.929188
709	20	.	1.024437
709	21	<|endoftext|>	6.706348
710	1	<|endoftext|>	0.0
710	2	The	4.729281
710	3	Ġcolleagues	17.642412
710	4	Ġrealized	11.204305
710	5	Ġthat	0.804744
710	6	Ġher	10.18407
710	7	Ġmother	7.857597
710	8	Ġstated	15.587679
710	9	Ġa	6.166036
710	10	Ġfriend	11.207676
710	11	Ġsaid	6.96687
710	12	Ġthe	4.194724
710	13	Ġjournalist	13.080026
710	14	Ġmight	8.105055
710	15	Ġhave	1.96006
710	16	Ġdiscovered	10.394378
710	17	Ġthe	2.117618
710	18	Ġbribery	14.358181
710	19	Ġtwo	11.888265
710	20	Ġweeks	1.997117
710	21	Ġago	2.104854
710	22	.	0.865869
710	23	<|endoftext|>	6.599243
711	1	<|endoftext|>	0.0
711	2	The	4.729281
711	3	Ġcolleagues	17.642412
711	4	Ġrealized	11.204305
711	5	Ġwho	11.709005
711	6	Ġher	9.759798
711	7	Ġmother	6.817172
711	8	Ġstated	21.434615
711	9	Ġa	10.358615
711	10	Ġfriend	6.226781
711	11	Ġsaid	7.270744
711	12	Ġmight	9.393457
711	13	Ġhave	2.804908
711	14	Ġdiscovered	11.21321
711	15	Ġthe	1.845828
711	16	Ġbribery	14.801449
711	17	Ġtwo	11.732711
711	18	Ġweeks	2.657392
711	19	Ġago	1.454341
711	20	.	0.674645
711	21	<|endoftext|>	6.69111
712	1	<|endoftext|>	0.0
712	2	The	4.729281
712	3	Ġcolleagues	17.642412
712	4	Ġrealized	11.204305
712	5	Ġwho	11.709005
712	6	Ġher	9.759798
712	7	Ġmother	6.817172
712	8	Ġstated	21.434615
712	9	Ġa	10.358615
712	10	Ġfriend	6.226781
712	11	Ġsaid	7.270744
712	12	Ġthe	7.33267
712	13	Ġjournalist	11.850027
712	14	Ġmight	7.623501
712	15	Ġhave	2.487172
712	16	Ġdiscovered	11.970174
712	17	Ġthe	6.37079
712	18	Ġbribery	15.111298
712	19	Ġtwo	11.88075
712	20	Ġweeks	2.174945
712	21	Ġago	1.534897
712	22	.	0.633431
712	23	<|endoftext|>	6.624426
713	1	<|endoftext|>	0.0
713	2	The	4.729281
713	3	Ġcolleagues	17.642412
713	4	Ġrealized	11.204305
713	5	Ġthat	0.804744
713	6	Ġher	10.18407
713	7	Ġmother	7.857597
713	8	Ġstated	15.587679
713	9	Ġa	6.166036
713	10	Ġfriend	11.207676
713	11	Ġsaid	6.96687
713	12	Ġher	4.667976
713	13	Ġhusband	5.283374
713	14	Ġknew	8.479701
713	15	Ġmight	15.020628
713	16	Ġhave	2.715371
713	17	Ġdiscovered	10.97534
713	18	Ġthe	1.578979
713	19	Ġbribery	14.880492
713	20	Ġtwo	11.565993
713	21	Ġweeks	2.408441
713	22	Ġago	2.373492
713	23	.	0.838837
713	24	<|endoftext|>	6.689687
714	1	<|endoftext|>	0.0
714	2	The	4.729281
714	3	Ġcolleagues	17.642412
714	4	Ġrealized	11.204305
714	5	Ġthat	0.804744
714	6	Ġher	10.18407
714	7	Ġmother	7.857597
714	8	Ġstated	15.587679
714	9	Ġa	6.166036
714	10	Ġfriend	11.207676
714	11	Ġsaid	6.96687
714	12	Ġher	4.667976
714	13	Ġhusband	5.283374
714	14	Ġknew	8.479701
714	15	Ġthe	3.928005
714	16	Ġjournalist	11.985732
714	17	Ġmight	10.557463
714	18	Ġhave	2.321611
714	19	Ġdiscovered	10.220055
714	20	Ġthe	1.782444
714	21	Ġbribery	13.660355
714	22	Ġtwo	12.209629
714	23	Ġweeks	2.091567
714	24	Ġago	2.523193
714	25	.	0.691053
714	26	<|endoftext|>	6.6903
715	1	<|endoftext|>	0.0
715	2	The	4.729281
715	3	Ġcolleagues	17.642412
715	4	Ġrealized	11.204305
715	5	Ġwho	11.709005
715	6	Ġher	9.759798
715	7	Ġmother	6.817172
715	8	Ġstated	21.434615
715	9	Ġa	10.358615
715	10	Ġfriend	6.226781
715	11	Ġsaid	7.270744
715	12	Ġher	6.517478
715	13	Ġhusband	5.658664
715	14	Ġknew	8.821737
715	15	Ġmight	11.360741
715	16	Ġhave	2.856972
715	17	Ġdiscovered	11.959415
715	18	Ġthe	1.927599
715	19	Ġbribery	14.383253
715	20	Ġtwo	11.484821
715	21	Ġweeks	2.665341
715	22	Ġago	1.913891
715	23	.	0.633969
715	24	<|endoftext|>	6.652228
716	1	<|endoftext|>	0.0
716	2	The	4.729281
716	3	Ġcolleagues	17.642412
716	4	Ġrealized	11.204305
716	5	Ġwho	11.709005
716	6	Ġher	9.759798
716	7	Ġmother	6.817172
716	8	Ġstated	21.434615
716	9	Ġa	10.358615
716	10	Ġfriend	6.226781
716	11	Ġsaid	7.270744
716	12	Ġher	6.517478
716	13	Ġhusband	5.658664
716	14	Ġknew	8.821737
716	15	Ġthe	6.526977
716	16	Ġjournalist	11.722906
716	17	Ġmight	9.724484
716	18	Ġhave	2.224091
716	19	Ġdiscovered	11.053229
716	20	Ġthe	2.757571
716	21	Ġbribery	13.794064
716	22	Ġtwo	12.109989
716	23	Ġweeks	2.291085
716	24	Ġago	2.054366
716	25	.	0.563347
716	26	<|endoftext|>	6.672078
717	1	<|endoftext|>	0.0
717	2	The	4.729281
717	3	Ġcolleagues	17.642412
717	4	Ġrealized	11.204305
717	5	Ġthat	0.804744
717	6	Ġher	10.18407
717	7	Ġmother	7.857597
717	8	Ġstated	15.587679
717	9	Ġa	6.166036
717	10	Ġfriend	11.207676
717	11	Ġsaid	6.96687
717	12	Ġher	4.667976
717	13	Ġhusband	5.283374
717	14	Ġknew	8.479701
717	15	Ġmight	15.020628
717	16	Ġhave	2.715371
717	17	Ġdiscovered	10.97534
717	18	Ġthe	1.578979
717	19	Ġbribery	14.880492
717	20	Ġtwo	11.565993
717	21	Ġweeks	2.408441
717	22	Ġago	2.373492
717	23	.	0.838837
717	24	<|endoftext|>	6.689687
718	1	<|endoftext|>	0.0
718	2	The	4.729281
718	3	Ġcolleagues	17.642412
718	4	Ġrealized	11.204305
718	5	Ġthat	0.804744
718	6	Ġher	10.18407
718	7	Ġmother	7.857597
718	8	Ġstated	15.587679
718	9	Ġa	6.166036
718	10	Ġfriend	11.207676
718	11	Ġsaid	6.96687
718	12	Ġher	4.667976
718	13	Ġhusband	5.283374
718	14	Ġknew	8.479701
718	15	Ġthe	3.928005
718	16	Ġjournalist	11.985732
718	17	Ġmight	10.557463
718	18	Ġhave	2.321611
718	19	Ġdiscovered	10.220055
718	20	Ġthe	1.782444
718	21	Ġbribery	13.660355
718	22	Ġtwo	12.209629
718	23	Ġweeks	2.091567
718	24	Ġago	2.523193
718	25	.	0.691053
718	26	<|endoftext|>	6.6903
719	1	<|endoftext|>	0.0
719	2	The	4.729281
719	3	Ġcolleagues	17.642412
719	4	Ġrealized	11.204305
719	5	Ġwho	11.709005
719	6	Ġher	9.759798
719	7	Ġmother	6.817172
719	8	Ġstated	21.434615
719	9	Ġa	10.358615
719	10	Ġfriend	6.226781
719	11	Ġsaid	7.270744
719	12	Ġher	6.517478
719	13	Ġhusband	5.658664
719	14	Ġknew	8.821737
719	15	Ġmight	11.360741
719	16	Ġhave	2.856972
719	17	Ġdiscovered	11.959415
719	18	Ġthe	1.927599
719	19	Ġbribery	14.383253
719	20	Ġtwo	11.484821
719	21	Ġweeks	2.665341
719	22	Ġago	1.913891
719	23	.	0.633969
719	24	<|endoftext|>	6.652228
720	1	<|endoftext|>	0.0
720	2	The	4.729281
720	3	Ġcolleagues	17.642412
720	4	Ġrealized	11.204305
720	5	Ġwho	11.709005
720	6	Ġher	9.759798
720	7	Ġmother	6.817172
720	8	Ġstated	21.434615
720	9	Ġa	10.358615
720	10	Ġfriend	6.226781
720	11	Ġsaid	7.270744
720	12	Ġher	6.517478
720	13	Ġhusband	5.658664
720	14	Ġknew	8.821737
720	15	Ġthe	6.526977
720	16	Ġjournalist	11.722906
720	17	Ġmight	9.724484
720	18	Ġhave	2.224091
720	19	Ġdiscovered	11.053229
720	20	Ġthe	2.757571
720	21	Ġbribery	13.794064
720	22	Ġtwo	12.109989
720	23	Ġweeks	2.291085
720	24	Ġago	2.054366
720	25	.	0.563347
720	26	<|endoftext|>	6.672078
721	1	<|endoftext|>	0.0
721	2	I	5.770367
721	3	Ġknow	5.545733
721	4	Ġthat	2.74974
721	5	Ġwill	10.104314
721	6	Ġfind	11.401508
721	7	Ġa	3.768179
721	8	Ġgun	14.816589
721	9	Ġin	4.000859
721	10	Ġthe	2.594088
721	11	Ġoffice	8.250624
721	12	.	2.754137
721	13	<|endoftext|>	6.553589
722	1	<|endoftext|>	0.0
722	2	I	5.770357
722	3	Ġknow	5.545684
722	4	Ġthat	2.749692
722	5	Ġthe	4.424222
722	6	Ġfive	12.329153
722	7	Ġstar	8.289227
722	8	Ġgeneral	7.69838
722	9	Ġwill	6.09769
722	10	Ġfind	8.430268
722	11	Ġa	3.217433
722	12	Ġgun	13.924657
722	13	Ġin	3.634195
722	14	Ġthe	2.224011
722	15	Ġoffice	7.195648
722	16	.	3.539036
722	17	<|endoftext|>	8.828805
723	1	<|endoftext|>	0.0
723	2	I	5.770367
723	3	Ġknow	5.545733
723	4	Ġwho	8.366545
723	5	Ġwill	7.595085
723	6	Ġfind	8.444244
723	7	Ġa	4.326062
723	8	Ġgun	11.622793
723	9	Ġin	3.055545
723	10	Ġthe	2.815181
723	11	Ġoffice	9.048623
723	12	.	2.486801
723	13	<|endoftext|>	6.404406
724	1	<|endoftext|>	0.0
724	2	I	5.770357
724	3	Ġknow	5.545684
724	4	Ġwho	8.366485
724	5	Ġthe	5.844156
724	6	Ġfive	12.082933
724	7	Ġstar	8.998417
724	8	Ġgeneral	5.630178
724	9	Ġwill	6.407643
724	10	Ġfind	10.736425
724	11	Ġa	6.271628
724	12	Ġgun	12.21582
724	13	Ġin	4.445445
724	14	Ġthe	2.356543
724	15	Ġoffice	7.564384
724	16	.	1.993363
724	17	<|endoftext|>	7.296187
725	1	<|endoftext|>	0.0
725	2	I	5.770362
725	3	Ġknow	5.545699
725	4	Ġthat	2.74972
725	5	Ġthe	4.424218
725	6	Ġwoman	11.400279
725	7	Ġbelieved	13.858615
725	8	Ġwill	13.705926
725	9	Ġfind	7.278175
725	10	Ġa	3.269729
725	11	Ġgun	11.387111
725	12	Ġin	3.137045
725	13	Ġthe	2.218133
725	14	Ġoffice	9.403644
725	15	.	2.69815
725	16	<|endoftext|>	8.436771
726	1	<|endoftext|>	0.0
726	2	I	5.770357
726	3	Ġknow	5.545684
726	4	Ġthat	2.749692
726	5	Ġthe	4.424222
726	6	Ġwoman	11.400281
726	7	Ġbelieved	13.858618
726	8	Ġthe	4.316414
726	9	Ġfive	12.654904
726	10	Ġstar	9.210143
726	11	Ġgeneral	6.428302
726	12	Ġwill	7.734995
726	13	Ġfind	7.579179
726	14	Ġa	2.610676
726	15	Ġgun	13.098589
726	16	Ġin	3.428481
726	17	Ġthe	2.279233
726	18	Ġoffice	7.610138
726	19	.	3.003904
726	20	<|endoftext|>	9.504955
727	1	<|endoftext|>	0.0
727	2	I	5.770362
727	3	Ġknow	5.545699
727	4	Ġwho	8.36647
727	5	Ġthe	5.844158
727	6	Ġwoman	8.011881
727	7	Ġbelieved	13.106626
727	8	Ġwill	10.031119
727	9	Ġfind	7.529809
727	10	Ġa	3.731289
727	11	Ġgun	10.676839
727	12	Ġin	2.931796
727	13	Ġthe	2.542192
727	14	Ġoffice	9.478129
727	15	.	1.970464
727	16	<|endoftext|>	6.929453
728	1	<|endoftext|>	0.0
728	2	I	5.770357
728	3	Ġknow	5.545684
728	4	Ġwho	8.366485
728	5	Ġthe	5.844156
728	6	Ġwoman	8.011881
728	7	Ġbelieved	13.106634
728	8	Ġthe	7.570031
728	9	Ġfive	13.61123
728	10	Ġstar	9.72435
728	11	Ġgeneral	5.575543
728	12	Ġwill	7.170114
728	13	Ġfind	7.894565
728	14	Ġa	5.182446
728	15	Ġgun	11.323085
728	16	Ġin	3.579258
728	17	Ġthe	2.446352
728	18	Ġoffice	7.729868
728	19	.	2.084981
728	20	<|endoftext|>	7.90314
729	1	<|endoftext|>	0.0
729	2	I	5.770357
729	3	Ġknow	5.545684
729	4	Ġthat	2.749692
729	5	Ġthe	4.424222
729	6	Ġwoman	11.400281
729	7	Ġbelieved	13.858618
729	8	Ġthe	4.316414
729	9	Ġsecretary	14.906408
729	10	Ġsaid	7.817749
729	11	Ġwill	13.635301
729	12	Ġfind	8.605576
729	13	Ġa	3.179634
729	14	Ġgun	10.72376
729	15	Ġin	3.221876
729	16	Ġthe	1.82199
729	17	Ġoffice	5.726423
729	18	.	2.365043
729	19	<|endoftext|>	9.011242
730	1	<|endoftext|>	0.0
730	2	I	5.770357
730	3	Ġknow	5.545684
730	4	Ġthat	2.749692
730	5	Ġthe	4.424222
730	6	Ġwoman	11.400281
730	7	Ġbelieved	13.858618
730	8	Ġthe	4.316414
730	9	Ġsecretary	14.906408
730	10	Ġsaid	7.817749
730	11	Ġthe	4.131567
730	12	Ġfive	11.707631
730	13	Ġstar	9.621397
730	14	Ġgeneral	6.407555
730	15	Ġwill	6.956056
730	16	Ġfind	7.927053
730	17	Ġa	2.59334
730	18	Ġgun	13.552631
730	19	Ġin	3.46733
730	20	Ġthe	2.049794
730	21	Ġoffice	6.248035
730	22	.	2.810791
730	23	<|endoftext|>	9.501193
731	1	<|endoftext|>	0.0
731	2	I	5.770357
731	3	Ġknow	5.545684
731	4	Ġwho	8.366485
731	5	Ġthe	5.844156
731	6	Ġwoman	8.011881
731	7	Ġbelieved	13.106634
731	8	Ġthe	7.570031
731	9	Ġsecretary	14.144503
731	10	Ġsaid	7.213869
731	11	Ġwill	9.771336
731	12	Ġfind	7.82695
731	13	Ġa	3.427922
731	14	Ġgun	9.972905
731	15	Ġin	2.963905
731	16	Ġthe	2.134926
731	17	Ġoffice	6.022969
731	18	.	1.795496
731	19	<|endoftext|>	7.039558
732	1	<|endoftext|>	0.0
732	2	I	5.770357
732	3	Ġknow	5.545684
732	4	Ġwho	8.366485
732	5	Ġthe	5.844156
732	6	Ġwoman	8.011881
732	7	Ġbelieved	13.106634
732	8	Ġthe	7.570031
732	9	Ġsecretary	14.144503
732	10	Ġsaid	7.213869
732	11	Ġthe	5.60503
732	12	Ġfive	11.907794
732	13	Ġstar	9.46238
732	14	Ġgeneral	6.000676
732	15	Ġwill	6.735579
732	16	Ġfind	7.69464
732	17	Ġa	3.189737
732	18	Ġgun	12.723937
732	19	Ġin	3.337351
732	20	Ġthe	2.24033
732	21	Ġoffice	6.448585
732	22	.	2.431534
732	23	<|endoftext|>	7.656976
733	1	<|endoftext|>	0.0
733	2	I	5.770357
733	3	Ġknow	5.545684
733	4	Ġthat	2.749692
733	5	Ġthe	4.424222
733	6	Ġwoman	11.400281
733	7	Ġbelieved	13.858618
733	8	Ġthe	4.316414
733	9	Ġsecretary	14.906408
733	10	Ġsaid	7.817749
733	11	Ġher	6.658187
733	12	Ġfriend	8.654998
733	13	Ġrecalled	14.273578
733	14	Ġwill	15.925134
733	15	Ġfind	7.81523
733	16	Ġa	3.247289
733	17	Ġgun	8.483185
733	18	Ġin	2.700083
733	19	Ġthe	1.496617
733	20	Ġoffice	6.236658
733	21	.	2.256365
733	22	<|endoftext|>	9.349781
734	1	<|endoftext|>	0.0
734	2	I	5.770357
734	3	Ġknow	5.545684
734	4	Ġthat	2.749692
734	5	Ġthe	4.424222
734	6	Ġwoman	11.400281
734	7	Ġbelieved	13.858618
734	8	Ġthe	4.316414
734	9	Ġsecretary	14.906408
734	10	Ġsaid	7.817749
734	11	Ġher	6.658187
734	12	Ġfriend	8.654998
734	13	Ġrecalled	14.273578
734	14	Ġthe	2.860451
734	15	Ġfive	11.637419
734	16	Ġstar	11.68885
734	17	Ġgeneral	7.292456
734	18	Ġwill	10.980871
734	19	Ġfind	8.287056
734	20	Ġa	3.269909
734	21	Ġgun	10.158924
734	22	Ġin	2.647044
734	23	Ġthe	2.057294
734	24	Ġoffice	6.121442
734	25	.	2.400246
734	26	<|endoftext|>	9.459616
735	1	<|endoftext|>	0.0
735	2	I	5.770357
735	3	Ġknow	5.545684
735	4	Ġwho	8.366485
735	5	Ġthe	5.844156
735	6	Ġwoman	8.011881
735	7	Ġbelieved	13.106634
735	8	Ġthe	7.570031
735	9	Ġsecretary	14.144503
735	10	Ġsaid	7.213869
735	11	Ġher	7.318583
735	12	Ġfriend	8.843616
735	13	Ġrecalled	14.728937
735	14	Ġwill	13.89286
735	15	Ġfind	7.499635
735	16	Ġa	3.361255
735	17	Ġgun	8.773363
735	18	Ġin	2.546231
735	19	Ġthe	1.712148
735	20	Ġoffice	6.167923
735	21	.	2.007864
735	22	<|endoftext|>	7.428575
736	1	<|endoftext|>	0.0
736	2	I	5.770357
736	3	Ġknow	5.545684
736	4	Ġwho	8.366485
736	5	Ġthe	5.844156
736	6	Ġwoman	8.011881
736	7	Ġbelieved	13.106634
736	8	Ġthe	7.570031
736	9	Ġsecretary	14.144503
736	10	Ġsaid	7.213869
736	11	Ġher	7.318583
736	12	Ġfriend	8.843616
736	13	Ġrecalled	14.728937
736	14	Ġthe	3.729363
736	15	Ġfive	11.50678
736	16	Ġstar	11.769414
736	17	Ġgeneral	6.959372
736	18	Ġwill	10.507682
736	19	Ġfind	8.260737
736	20	Ġa	3.613154
736	21	Ġgun	10.456288
736	22	Ġin	2.482392
736	23	Ġthe	2.267046
736	24	Ġoffice	6.058294
736	25	.	2.30893
736	26	<|endoftext|>	7.786572
737	1	<|endoftext|>	0.0
737	2	I	5.770357
737	3	Ġknow	5.545684
737	4	Ġthat	2.749692
737	5	Ġthe	4.424222
737	6	Ġwoman	11.400281
737	7	Ġbelieved	13.858618
737	8	Ġthe	4.316414
737	9	Ġsecretary	14.906408
737	10	Ġsaid	7.817749
737	11	Ġher	6.658187
737	12	Ġfriend	8.654998
737	13	Ġrecalled	14.273578
737	14	Ġwill	15.925134
737	15	Ġfind	7.81523
737	16	Ġa	3.247289
737	17	Ġgun	8.483185
737	18	Ġin	2.700083
737	19	Ġthe	1.496617
737	20	Ġoffice	6.236658
737	21	.	2.256365
737	22	<|endoftext|>	9.349781
738	1	<|endoftext|>	0.0
738	2	I	5.770357
738	3	Ġknow	5.545684
738	4	Ġthat	2.749692
738	5	Ġthe	4.424222
738	6	Ġwoman	11.400281
738	7	Ġbelieved	13.858618
738	8	Ġthe	4.316414
738	9	Ġsecretary	14.906408
738	10	Ġsaid	7.817749
738	11	Ġher	6.658187
738	12	Ġfriend	8.654998
738	13	Ġrecalled	14.273578
738	14	Ġthe	2.860451
738	15	Ġfive	11.637419
738	16	Ġstar	11.68885
738	17	Ġgeneral	7.292456
738	18	Ġwill	10.980871
738	19	Ġfind	8.287056
738	20	Ġa	3.269909
738	21	Ġgun	10.158924
738	22	Ġin	2.647044
738	23	Ġthe	2.057294
738	24	Ġoffice	6.121442
738	25	.	2.400246
738	26	<|endoftext|>	9.459616
739	1	<|endoftext|>	0.0
739	2	I	5.770357
739	3	Ġknow	5.545684
739	4	Ġwho	8.366485
739	5	Ġthe	5.844156
739	6	Ġwoman	8.011881
739	7	Ġbelieved	13.106634
739	8	Ġthe	7.570031
739	9	Ġsecretary	14.144503
739	10	Ġsaid	7.213869
739	11	Ġher	7.318583
739	12	Ġfriend	8.843616
739	13	Ġrecalled	14.728937
739	14	Ġwill	13.89286
739	15	Ġfind	7.499635
739	16	Ġa	3.361255
739	17	Ġgun	8.773363
739	18	Ġin	2.546231
739	19	Ġthe	1.712148
739	20	Ġoffice	6.167923
739	21	.	2.007864
739	22	<|endoftext|>	7.428575
740	1	<|endoftext|>	0.0
740	2	I	5.770357
740	3	Ġknow	5.545684
740	4	Ġwho	8.366485
740	5	Ġthe	5.844156
740	6	Ġwoman	8.011881
740	7	Ġbelieved	13.106634
740	8	Ġthe	7.570031
740	9	Ġsecretary	14.144503
740	10	Ġsaid	7.213869
740	11	Ġher	7.318583
740	12	Ġfriend	8.843616
740	13	Ġrecalled	14.728937
740	14	Ġthe	3.729363
740	15	Ġfive	11.50678
740	16	Ġstar	11.769414
740	17	Ġgeneral	6.959372
740	18	Ġwill	10.507682
740	19	Ġfind	8.260737
740	20	Ġa	3.613154
740	21	Ġgun	10.456288
740	22	Ġin	2.482392
740	23	Ġthe	2.267046
740	24	Ġoffice	6.058294
740	25	.	2.30893
740	26	<|endoftext|>	7.786572
741	1	<|endoftext|>	0.0
741	2	The	4.729286
741	3	Ġvisitor	16.203446
741	4	Ġsaid	8.43965
741	5	Ġthat	3.431249
741	6	Ġshould	12.998581
741	7	Ġtalk	15.210386
741	8	Ġwith	4.085423
741	9	Ġthe	2.289954
741	10	Ġnew	8.868883
741	11	Ġmanager	6.04034
741	12	Ġin	5.602695
741	13	Ġher	9.627599
741	14	Ġoffice	1.603652
741	15	.	2.326149
741	16	<|endoftext|>	4.969599
742	1	<|endoftext|>	0.0
742	2	The	4.729281
742	3	Ġvisitor	16.203449
742	4	Ġsaid	8.439651
742	5	Ġthat	3.431256
742	6	Ġthe	3.08671
742	7	Ġhuman	11.671038
742	8	Ġresources	7.164543
742	9	Ġofficer	5.687466
742	10	Ġshould	8.145747
742	11	Ġtalk	8.938297
742	12	Ġwith	3.94943
742	13	Ġthe	1.576468
742	14	Ġnew	9.163062
742	15	Ġmanager	5.255463
742	16	Ġin	5.541057
742	17	Ġher	9.324469
742	18	Ġoffice	1.537665
742	19	.	1.822767
742	20	<|endoftext|>	4.796696
743	1	<|endoftext|>	0.0
743	2	The	4.729286
743	3	Ġvisitor	16.203446
743	4	Ġsaid	8.43965
743	5	Ġwho	13.040132
743	6	Ġshould	6.209584
743	7	Ġtalk	9.501699
743	8	Ġwith	5.163201
743	9	Ġthe	2.806128
743	10	Ġnew	8.339137
743	11	Ġmanager	6.121323
743	12	Ġin	5.955442
743	13	Ġher	9.201443
743	14	Ġoffice	2.259341
743	15	.	3.617635
743	16	<|endoftext|>	5.834787
744	1	<|endoftext|>	0.0
744	2	The	4.729281
744	3	Ġvisitor	16.203449
744	4	Ġsaid	8.439651
744	5	Ġwho	13.040117
744	6	Ġthe	4.943778
744	7	Ġhuman	10.481198
744	8	Ġresources	5.972931
744	9	Ġofficer	2.683111
744	10	Ġshould	6.575669
744	11	Ġtalk	6.496306
744	12	Ġwith	5.590381
744	13	Ġthe	5.741999
744	14	Ġnew	9.120078
744	15	Ġmanager	4.957669
744	16	Ġin	5.763068
744	17	Ġher	8.61403
744	18	Ġoffice	1.781829
744	19	.	1.617552
744	20	<|endoftext|>	4.794409
745	1	<|endoftext|>	0.0
745	2	The	4.729281
745	3	Ġvisitor	16.203449
745	4	Ġsaid	8.439651
745	5	Ġthat	3.431256
745	6	Ġmy	11.684873
745	7	Ġfriend	5.874244
745	8	Ġsaid	5.905752
745	9	Ġshould	15.227843
745	10	Ġtalk	12.614366
745	11	Ġwith	4.514035
745	12	Ġthe	3.40423
745	13	Ġnew	9.098164
745	14	Ġmanager	5.544263
745	15	Ġin	6.082585
745	16	Ġher	9.072817
745	17	Ġoffice	2.302914
745	18	.	2.075424
745	19	<|endoftext|>	7.965241
746	1	<|endoftext|>	0.0
746	2	The	4.729281
746	3	Ġvisitor	16.203449
746	4	Ġsaid	8.439651
746	5	Ġthat	3.431256
746	6	Ġmy	11.684873
746	7	Ġfriend	5.874244
746	8	Ġsaid	5.905752
746	9	Ġthe	5.758925
746	10	Ġhuman	12.121219
746	11	Ġresources	8.308465
746	12	Ġofficer	5.480116
746	13	Ġshould	6.712197
746	14	Ġtalk	8.338407
746	15	Ġwith	4.325421
746	16	Ġthe	2.120909
746	17	Ġnew	9.672694
746	18	Ġmanager	4.557724
746	19	Ġin	5.967343
746	20	Ġher	9.148914
746	21	Ġoffice	1.567364
746	22	.	1.498262
746	23	<|endoftext|>	7.541317
747	1	<|endoftext|>	0.0
747	2	The	4.729281
747	3	Ġvisitor	16.203449
747	4	Ġsaid	8.439651
747	5	Ġwho	13.040117
747	6	Ġmy	12.718439
747	7	Ġfriend	3.999325
747	8	Ġsaid	7.103884
747	9	Ġshould	9.415669
747	10	Ġtalk	9.258656
747	11	Ġwith	4.544947
747	12	Ġthe	4.41194
747	13	Ġnew	8.433957
747	14	Ġmanager	5.323356
747	15	Ġin	6.153535
747	16	Ġher	9.007483
747	17	Ġoffice	2.604039
747	18	.	2.0431
747	19	<|endoftext|>	7.142316
748	1	<|endoftext|>	0.0
748	2	The	4.729281
748	3	Ġvisitor	16.203449
748	4	Ġsaid	8.439651
748	5	Ġwho	13.040117
748	6	Ġmy	12.718439
748	7	Ġfriend	3.999325
748	8	Ġsaid	7.103884
748	9	Ġthe	6.44645
748	10	Ġhuman	11.315014
748	11	Ġresources	7.986067
748	12	Ġofficer	3.957215
748	13	Ġshould	6.109154
748	14	Ġtalk	6.41877
748	15	Ġwith	5.592762
748	16	Ġthe	5.067117
748	17	Ġnew	9.231615
748	18	Ġmanager	4.46069
748	19	Ġin	6.087159
748	20	Ġher	8.646843
748	21	Ġoffice	1.817275
748	22	.	1.797924
748	23	<|endoftext|>	6.811175
749	1	<|endoftext|>	0.0
749	2	The	4.729281
749	3	Ġvisitor	16.203449
749	4	Ġsaid	8.439651
749	5	Ġthat	3.431256
749	6	Ġmy	11.684873
749	7	Ġfriend	5.874244
749	8	Ġsaid	5.905752
749	9	Ġher	8.485838
749	10	Ġmother	5.251657
749	11	Ġknew	8.143345
749	12	Ġshould	15.732787
749	13	Ġtalk	10.369862
749	14	Ġwith	4.613225
749	15	Ġthe	3.041431
749	16	Ġnew	10.249152
749	17	Ġmanager	6.812463
749	18	Ġin	6.311518
749	19	Ġher	5.998499
749	20	Ġoffice	3.882812
749	21	.	1.653148
749	22	<|endoftext|>	7.791594
750	1	<|endoftext|>	0.0
750	2	The	4.729281
750	3	Ġvisitor	16.203449
750	4	Ġsaid	8.439651
750	5	Ġthat	3.431256
750	6	Ġmy	11.684873
750	7	Ġfriend	5.874244
750	8	Ġsaid	5.905752
750	9	Ġher	8.485838
750	10	Ġmother	5.251657
750	11	Ġknew	8.143345
750	12	Ġthe	4.199614
750	13	Ġhuman	13.147262
750	14	Ġresources	8.173866
750	15	Ġofficer	4.661588
750	16	Ġshould	11.370107
750	17	Ġtalk	8.299542
750	18	Ġwith	4.451542
750	19	Ġthe	2.273406
750	20	Ġnew	10.493728
750	21	Ġmanager	5.02767
750	22	Ġin	6.121412
750	23	Ġher	6.789788
750	24	Ġoffice	2.204897
750	25	.	1.304373
750	26	<|endoftext|>	7.368025
751	1	<|endoftext|>	0.0
751	2	The	4.729281
751	3	Ġvisitor	16.203449
751	4	Ġsaid	8.439651
751	5	Ġwho	13.040117
751	6	Ġmy	12.718439
751	7	Ġfriend	3.999325
751	8	Ġsaid	7.103884
751	9	Ġher	9.601036
751	10	Ġmother	5.945414
751	11	Ġknew	7.344894
751	12	Ġshould	9.930023
751	13	Ġtalk	8.661531
751	14	Ġwith	4.659024
751	15	Ġthe	3.541672
751	16	Ġnew	10.247314
751	17	Ġmanager	6.597572
751	18	Ġin	6.325159
751	19	Ġher	5.964413
751	20	Ġoffice	3.527348
751	21	.	1.167542
751	22	<|endoftext|>	6.764902
752	1	<|endoftext|>	0.0
752	2	The	4.729281
752	3	Ġvisitor	16.203449
752	4	Ġsaid	8.439651
752	5	Ġwho	13.040117
752	6	Ġmy	12.718439
752	7	Ġfriend	3.999325
752	8	Ġsaid	7.103884
752	9	Ġher	9.601036
752	10	Ġmother	5.945414
752	11	Ġknew	7.344894
752	12	Ġthe	6.406453
752	13	Ġhuman	13.072654
752	14	Ġresources	7.996434
752	15	Ġofficer	4.272651
752	16	Ġshould	9.827441
752	17	Ġtalk	7.633341
752	18	Ġwith	4.727712
752	19	Ġthe	2.905294
752	20	Ġnew	10.450459
752	21	Ġmanager	5.26045
752	22	Ġin	6.270509
752	23	Ġher	6.260797
752	24	Ġoffice	2.14569
752	25	.	1.084275
752	26	<|endoftext|>	6.521154
753	1	<|endoftext|>	0.0
753	2	The	4.729281
753	3	Ġvisitor	16.203449
753	4	Ġsaid	8.439651
753	5	Ġthat	3.431256
753	6	Ġmy	11.684873
753	7	Ġfriend	5.874244
753	8	Ġsaid	5.905752
753	9	Ġher	8.485838
753	10	Ġmother	5.251657
753	11	Ġknew	8.143345
753	12	Ġthe	4.199614
753	13	Ġclerk	11.490064
753	14	Ġstated	14.930452
753	15	Ġshould	12.289179
753	16	Ġtalk	11.832193
753	17	Ġwith	4.229671
753	18	Ġthe	2.117414
753	19	Ġnew	10.16895
753	20	Ġmanager	4.520492
753	21	Ġin	6.5086
753	22	Ġher	6.09414
753	23	Ġoffice	3.1566
753	24	.	1.439471
753	25	<|endoftext|>	7.547482
754	1	<|endoftext|>	0.0
754	2	The	4.729281
754	3	Ġvisitor	16.203449
754	4	Ġsaid	8.439651
754	5	Ġthat	3.431256
754	6	Ġmy	11.684873
754	7	Ġfriend	5.874244
754	8	Ġsaid	5.905752
754	9	Ġher	8.485838
754	10	Ġmother	5.251657
754	11	Ġknew	8.143345
754	12	Ġthe	4.199614
754	13	Ġclerk	11.490064
754	14	Ġstated	14.930452
754	15	Ġthe	4.80128
754	16	Ġhuman	13.488993
754	17	Ġresources	6.466934
754	18	Ġofficer	4.98944
754	19	Ġshould	6.909464
754	20	Ġtalk	9.50577
754	21	Ġwith	4.214502
754	22	Ġthe	1.655797
754	23	Ġnew	10.425931
754	24	Ġmanager	3.877253
754	25	Ġin	6.331449
754	26	Ġher	7.02378
754	27	Ġoffice	2.253151
754	28	.	1.133673
754	29	<|endoftext|>	6.958
755	1	<|endoftext|>	0.0
755	2	The	4.729281
755	3	Ġvisitor	16.203449
755	4	Ġsaid	8.439651
755	5	Ġwho	13.040117
755	6	Ġmy	12.718439
755	7	Ġfriend	3.999325
755	8	Ġsaid	7.103884
755	9	Ġher	9.601036
755	10	Ġmother	5.945414
755	11	Ġknew	7.344894
755	12	Ġthe	6.406453
755	13	Ġclerk	11.40872
755	14	Ġstated	14.249552
755	15	Ġshould	11.765952
755	16	Ġtalk	11.063238
755	17	Ġwith	4.149167
755	18	Ġthe	2.442255
755	19	Ġnew	10.490001
755	20	Ġmanager	4.218407
755	21	Ġin	6.673533
755	22	Ġher	5.879493
755	23	Ġoffice	3.342843
755	24	.	1.325903
755	25	<|endoftext|>	6.106237
756	1	<|endoftext|>	0.0
756	2	The	4.729281
756	3	Ġvisitor	16.203449
756	4	Ġsaid	8.439651
756	5	Ġwho	13.040117
756	6	Ġmy	12.718439
756	7	Ġfriend	3.999325
756	8	Ġsaid	7.103884
756	9	Ġher	9.601036
756	10	Ġmother	5.945414
756	11	Ġknew	7.344894
756	12	Ġthe	6.406453
756	13	Ġclerk	11.40872
756	14	Ġstated	14.249552
756	15	Ġthe	4.7625
756	16	Ġhuman	13.379549
756	17	Ġresources	6.132523
756	18	Ġofficer	4.518663
756	19	Ġshould	7.210858
756	20	Ġtalk	9.621097
756	21	Ġwith	4.143254
756	22	Ġthe	1.838665
756	23	Ġnew	10.58461
756	24	Ġmanager	3.829449
756	25	Ġin	6.441064
756	26	Ġher	6.763015
756	27	Ġoffice	2.254184
756	28	.	1.196579
756	29	<|endoftext|>	5.688232
757	1	<|endoftext|>	0.0
757	2	The	4.729281
757	3	Ġvisitor	16.203449
757	4	Ġsaid	8.439651
757	5	Ġthat	3.431256
757	6	Ġmy	11.684873
757	7	Ġfriend	5.874244
757	8	Ġsaid	5.905752
757	9	Ġher	8.485838
757	10	Ġmother	5.251657
757	11	Ġknew	8.143345
757	12	Ġthe	4.199614
757	13	Ġclerk	11.490064
757	14	Ġstated	14.930452
757	15	Ġshould	12.289179
757	16	Ġtalk	11.832193
757	17	Ġwith	4.229671
757	18	Ġthe	2.117414
757	19	Ġnew	10.16895
757	20	Ġmanager	4.520492
757	21	Ġin	6.5086
757	22	Ġher	6.09414
757	23	Ġoffice	3.1566
757	24	.	1.439471
757	25	<|endoftext|>	7.547482
758	1	<|endoftext|>	0.0
758	2	The	4.729281
758	3	Ġvisitor	16.203449
758	4	Ġsaid	8.439651
758	5	Ġthat	3.431256
758	6	Ġmy	11.684873
758	7	Ġfriend	5.874244
758	8	Ġsaid	5.905752
758	9	Ġher	8.485838
758	10	Ġmother	5.251657
758	11	Ġknew	8.143345
758	12	Ġthe	4.199614
758	13	Ġclerk	11.490064
758	14	Ġstated	14.930452
758	15	Ġthe	4.80128
758	16	Ġhuman	13.488993
758	17	Ġresources	6.466934
758	18	Ġofficer	4.98944
758	19	Ġshould	6.909464
758	20	Ġtalk	9.50577
758	21	Ġwith	4.214502
758	22	Ġthe	1.655797
758	23	Ġnew	10.425931
758	24	Ġmanager	3.877253
758	25	Ġin	6.331449
758	26	Ġher	7.02378
758	27	Ġoffice	2.253151
758	28	.	1.133673
758	29	<|endoftext|>	6.958
759	1	<|endoftext|>	0.0
759	2	The	4.729281
759	3	Ġvisitor	16.203449
759	4	Ġsaid	8.439651
759	5	Ġwho	13.040117
759	6	Ġmy	12.718439
759	7	Ġfriend	3.999325
759	8	Ġsaid	7.103884
759	9	Ġher	9.601036
759	10	Ġmother	5.945414
759	11	Ġknew	7.344894
759	12	Ġthe	6.406453
759	13	Ġclerk	11.40872
759	14	Ġstated	14.249552
759	15	Ġshould	11.765952
759	16	Ġtalk	11.063238
759	17	Ġwith	4.149167
759	18	Ġthe	2.442255
759	19	Ġnew	10.490001
759	20	Ġmanager	4.218407
759	21	Ġin	6.673533
759	22	Ġher	5.879493
759	23	Ġoffice	3.342843
759	24	.	1.325903
759	25	<|endoftext|>	6.106237
760	1	<|endoftext|>	0.0
760	2	The	4.729281
760	3	Ġvisitor	16.203449
760	4	Ġsaid	8.439651
760	5	Ġwho	13.040117
760	6	Ġmy	12.718439
760	7	Ġfriend	3.999325
760	8	Ġsaid	7.103884
760	9	Ġher	9.601036
760	10	Ġmother	5.945414
760	11	Ġknew	7.344894
760	12	Ġthe	6.406453
760	13	Ġclerk	11.40872
760	14	Ġstated	14.249552
760	15	Ġthe	4.7625
760	16	Ġhuman	13.379549
760	17	Ġresources	6.132523
760	18	Ġofficer	4.518663
760	19	Ġshould	7.210858
760	20	Ġtalk	9.621097
760	21	Ġwith	4.143254
760	22	Ġthe	1.838665
760	23	Ġnew	10.58461
760	24	Ġmanager	3.829449
760	25	Ġin	6.441064
760	26	Ġher	6.763015
760	27	Ġoffice	2.254184
760	28	.	1.196579
760	29	<|endoftext|>	5.688232
761	1	<|endoftext|>	0.0
761	2	My	8.871096
761	3	Ġfriends	6.757595
761	4	Ġall	8.675823
761	5	Ġknow	4.254077
761	6	Ġthat	2.256623
761	7	Ġwill	14.215198
761	8	Ġdescribe	13.890667
761	9	Ġher	6.943329
761	10	Ġwoes	15.350997
761	11	Ġto	7.067489
761	12	Ġher	5.563062
761	13	Ġfriends	3.797479
761	14	.	1.572215
761	15	<|endoftext|>	8.924259
762	1	<|endoftext|>	0.0
762	2	My	8.871096
762	3	Ġfriends	6.757614
762	4	Ġall	8.675831
762	5	Ġknow	4.254138
762	6	Ġthat	2.256643
762	7	Ġthe	4.105544
762	8	Ġsingle	10.779872
762	9	Ġmother	6.227759
762	10	Ġwill	8.086983
762	11	Ġdescribe	13.300076
762	12	Ġher	2.316299
762	13	Ġwoes	12.924474
762	14	Ġto	3.849865
762	15	Ġher	2.054163
762	16	Ġfriends	4.927551
762	17	.	2.273959
762	18	<|endoftext|>	10.778715
763	1	<|endoftext|>	0.0
763	2	My	8.871096
763	3	Ġfriends	6.757595
763	4	Ġall	8.675823
763	5	Ġknow	4.254077
763	6	Ġwho	5.817858
763	7	Ġwill	9.470104
763	8	Ġdescribe	13.626229
763	9	Ġher	7.351101
763	10	Ġwoes	16.507385
763	11	Ġto	4.751918
763	12	Ġher	7.47415
763	13	Ġfriends	4.100616
763	14	.	1.776498
763	15	<|endoftext|>	9.171954
764	1	<|endoftext|>	0.0
764	2	My	8.871096
764	3	Ġfriends	6.757614
764	4	Ġall	8.675831
764	5	Ġknow	4.254138
764	6	Ġwho	5.817846
764	7	Ġthe	6.178809
764	8	Ġsingle	12.359932
764	9	Ġmother	4.467714
764	10	Ġwill	9.495143
764	11	Ġdescribe	15.613922
764	12	Ġher	6.056585
764	13	Ġwoes	13.924761
764	14	Ġto	6.061703
764	15	Ġher	3.288643
764	16	Ġfriends	4.99096
764	17	.	1.421943
764	18	<|endoftext|>	10.345587
765	1	<|endoftext|>	0.0
765	2	My	8.871096
765	3	Ġfriends	6.757614
765	4	Ġall	8.675831
765	5	Ġknow	4.254138
765	6	Ġthat	2.256643
765	7	Ġher	11.195093
765	8	Ġfriend	8.768063
765	9	Ġknew	10.973125
765	10	Ġwill	15.147962
765	11	Ġdescribe	12.080222
765	12	Ġher	2.17952
765	13	Ġwoes	15.49045
765	14	Ġto	5.103644
765	15	Ġher	2.308128
765	16	Ġfriends	3.528513
765	17	.	1.852599
765	18	<|endoftext|>	9.452221
766	1	<|endoftext|>	0.0
766	2	My	8.871096
766	3	Ġfriends	6.757614
766	4	Ġall	8.675831
766	5	Ġknow	4.254138
766	6	Ġthat	2.256643
766	7	Ġher	11.195093
766	8	Ġfriend	8.768063
766	9	Ġknew	10.973125
766	10	Ġthe	4.313429
766	11	Ġsingle	12.520016
766	12	Ġmother	4.686517
766	13	Ġwill	13.297558
766	14	Ġdescribe	13.520087
766	15	Ġher	2.186863
766	16	Ġwoes	14.159677
766	17	Ġto	4.140598
766	18	Ġher	1.611639
766	19	Ġfriends	3.792971
766	20	.	1.977699
766	21	<|endoftext|>	9.528523
767	1	<|endoftext|>	0.0
767	2	My	8.871096
767	3	Ġfriends	6.757614
767	4	Ġall	8.675831
767	5	Ġknow	4.254138
767	6	Ġwho	5.817846
767	7	Ġher	12.157288
767	8	Ġfriend	6.286995
767	9	Ġknew	12.927959
767	10	Ġwill	14.136143
767	11	Ġdescribe	12.879647
767	12	Ġher	1.200161
767	13	Ġwoes	15.795055
767	14	Ġto	5.635059
767	15	Ġher	3.818164
767	16	Ġfriends	3.492843
767	17	.	1.632832
767	18	<|endoftext|>	9.199032
768	1	<|endoftext|>	0.0
768	2	My	8.871096
768	3	Ġfriends	6.757614
768	4	Ġall	8.675831
768	5	Ġknow	4.254138
768	6	Ġwho	5.817846
768	7	Ġher	12.157288
768	8	Ġfriend	6.286995
768	9	Ġknew	12.927959
768	10	Ġthe	7.742373
768	11	Ġsingle	12.638658
768	12	Ġmother	6.154571
768	13	Ġwill	12.363665
768	14	Ġdescribe	14.250427
768	15	Ġher	5.508681
768	16	Ġwoes	14.428772
768	17	Ġto	5.537705
768	18	Ġher	2.98597
768	19	Ġfriends	3.528278
768	20	.	1.544519
768	21	<|endoftext|>	9.289663
769	1	<|endoftext|>	0.0
769	2	My	8.871096
769	3	Ġfriends	6.757614
769	4	Ġall	8.675831
769	5	Ġknow	4.254138
769	6	Ġthat	2.256643
769	7	Ġher	11.195093
769	8	Ġfriend	8.768063
769	9	Ġknew	10.973125
769	10	Ġthe	4.313429
769	11	Ġdelivery	15.361533
769	12	Ġman	3.170939
769	13	Ġbelieved	14.547615
769	14	Ġwill	14.180907
769	15	Ġdescribe	13.87337
769	16	Ġher	2.103215
769	17	Ġwoes	14.433707
769	18	Ġto	5.604535
769	19	Ġher	1.236181
769	20	Ġfriends	5.27603
769	21	.	1.351965
769	22	<|endoftext|>	9.039685
770	1	<|endoftext|>	0.0
770	2	My	8.871096
770	3	Ġfriends	6.757614
770	4	Ġall	8.675831
770	5	Ġknow	4.254138
770	6	Ġthat	2.256643
770	7	Ġher	11.195093
770	8	Ġfriend	8.768063
770	9	Ġknew	10.973125
770	10	Ġthe	4.313429
770	11	Ġdelivery	15.361533
770	12	Ġman	3.170939
770	13	Ġbelieved	14.547615
770	14	Ġthe	3.545059
770	15	Ġsingle	13.493218
770	16	Ġmother	3.62002
770	17	Ġwill	10.046244
770	18	Ġdescribe	14.624191
770	19	Ġher	2.922739
770	20	Ġwoes	13.221074
770	21	Ġto	3.514829
770	22	Ġher	1.490572
770	23	Ġfriends	4.464228
770	24	.	1.457772
770	25	<|endoftext|>	8.878365
771	1	<|endoftext|>	0.0
771	2	My	8.871096
771	3	Ġfriends	6.757614
771	4	Ġall	8.675831
771	5	Ġknow	4.254138
771	6	Ġwho	5.817846
771	7	Ġher	12.157288
771	8	Ġfriend	6.286995
771	9	Ġknew	12.927959
771	10	Ġthe	7.742373
771	11	Ġdelivery	16.28786
771	12	Ġman	2.726667
771	13	Ġbelieved	13.23376
771	14	Ġwill	11.5012
771	15	Ġdescribe	13.52987
771	16	Ġher	1.781602
771	17	Ġwoes	14.22945
771	18	Ġto	5.747752
771	19	Ġher	1.519608
771	20	Ġfriends	5.105846
771	21	.	1.314507
771	22	<|endoftext|>	8.584416
772	1	<|endoftext|>	0.0
772	2	My	8.871096
772	3	Ġfriends	6.757614
772	4	Ġall	8.675831
772	5	Ġknow	4.254138
772	6	Ġwho	5.817846
772	7	Ġher	12.157288
772	8	Ġfriend	6.286995
772	9	Ġknew	12.927959
772	10	Ġthe	7.742373
772	11	Ġdelivery	16.28786
772	12	Ġman	2.726667
772	13	Ġbelieved	13.23376
772	14	Ġthe	6.123377
772	15	Ġsingle	13.461009
772	16	Ġmother	3.881274
772	17	Ġwill	9.765746
772	18	Ġdescribe	14.073565
772	19	Ġher	3.681356
772	20	Ġwoes	13.49157
772	21	Ġto	4.178805
772	22	Ġher	1.706728
772	23	Ġfriends	4.140511
772	24	.	1.372244
772	25	<|endoftext|>	8.397975
773	1	<|endoftext|>	0.0
773	2	My	8.871096
773	3	Ġfriends	6.757614
773	4	Ġall	8.675831
773	5	Ġknow	4.254138
773	6	Ġthat	2.256643
773	7	Ġher	11.195093
773	8	Ġfriend	8.768063
773	9	Ġknew	10.973125
773	10	Ġthe	4.313429
773	11	Ġdelivery	15.361533
773	12	Ġman	3.170939
773	13	Ġbelieved	14.547615
773	14	Ġthe	3.545059
773	15	Ġcop	10.985827
773	16	Ġsaid	9.061537
773	17	Ġwill	12.031884
773	18	Ġdescribe	13.859196
773	19	Ġher	2.841355
773	20	Ġwoes	14.76852
773	21	Ġto	4.45824
773	22	Ġher	1.584706
773	23	Ġfriends	5.431997
773	24	.	1.104778
773	25	<|endoftext|>	8.641718
774	1	<|endoftext|>	0.0
774	2	My	8.871096
774	3	Ġfriends	6.757614
774	4	Ġall	8.675831
774	5	Ġknow	4.254138
774	6	Ġthat	2.256643
774	7	Ġher	11.195093
774	8	Ġfriend	8.768063
774	9	Ġknew	10.973125
774	10	Ġthe	4.313429
774	11	Ġdelivery	15.361533
774	12	Ġman	3.170939
774	13	Ġbelieved	14.547615
774	14	Ġthe	3.545059
774	15	Ġcop	10.985827
774	16	Ġsaid	9.061537
774	17	Ġthe	2.65539
774	18	Ġsingle	13.782966
774	19	Ġmother	3.573521
774	20	Ġwill	8.491286
774	21	Ġdescribe	15.207412
774	22	Ġher	3.056421
774	23	Ġwoes	13.302686
774	24	Ġto	3.307519
774	25	Ġher	1.964719
774	26	Ġfriends	4.670571
774	27	.	1.243069
774	28	<|endoftext|>	8.250977
775	1	<|endoftext|>	0.0
775	2	My	8.871096
775	3	Ġfriends	6.757614
775	4	Ġall	8.675831
775	5	Ġknow	4.254138
775	6	Ġwho	5.817846
775	7	Ġher	12.157288
775	8	Ġfriend	6.286995
775	9	Ġknew	12.927959
775	10	Ġthe	7.742373
775	11	Ġdelivery	16.28786
775	12	Ġman	2.726667
775	13	Ġbelieved	13.23376
775	14	Ġthe	6.123377
775	15	Ġcop	10.820038
775	16	Ġsaid	7.821217
775	17	Ġwill	10.548833
775	18	Ġdescribe	13.524135
775	19	Ġher	2.557615
775	20	Ġwoes	14.771256
775	21	Ġto	4.692134
775	22	Ġher	1.946546
775	23	Ġfriends	5.536873
775	24	.	1.084187
775	25	<|endoftext|>	7.851599
776	1	<|endoftext|>	0.0
776	2	My	8.871096
776	3	Ġfriends	6.757614
776	4	Ġall	8.675831
776	5	Ġknow	4.254138
776	6	Ġwho	5.817846
776	7	Ġher	12.157288
776	8	Ġfriend	6.286995
776	9	Ġknew	12.927959
776	10	Ġthe	7.742373
776	11	Ġdelivery	16.28786
776	12	Ġman	2.726667
776	13	Ġbelieved	13.23376
776	14	Ġthe	6.123377
776	15	Ġcop	10.820038
776	16	Ġsaid	7.821217
776	17	Ġthe	3.879164
776	18	Ġsingle	13.845474
776	19	Ġmother	3.431898
776	20	Ġwill	8.483022
776	21	Ġdescribe	14.808852
776	22	Ġher	3.082251
776	23	Ġwoes	13.460976
776	24	Ġto	3.639529
776	25	Ġher	2.160706
776	26	Ġfriends	4.535377
776	27	.	1.249912
776	28	<|endoftext|>	7.31229
777	1	<|endoftext|>	0.0
777	2	My	8.871096
777	3	Ġfriends	6.757614
777	4	Ġall	8.675831
777	5	Ġknow	4.254138
777	6	Ġthat	2.256643
777	7	Ġher	11.195093
777	8	Ġfriend	8.768063
777	9	Ġknew	10.973125
777	10	Ġthe	4.313429
777	11	Ġdelivery	15.361533
777	12	Ġman	3.170939
777	13	Ġbelieved	14.547615
777	14	Ġthe	3.545059
777	15	Ġcop	10.985827
777	16	Ġsaid	9.061537
777	17	Ġwill	12.031884
777	18	Ġdescribe	13.859196
777	19	Ġher	2.841355
777	20	Ġwoes	14.76852
777	21	Ġto	4.45824
777	22	Ġher	1.584706
777	23	Ġfriends	5.431997
777	24	.	1.104778
777	25	<|endoftext|>	8.641718
778	1	<|endoftext|>	0.0
778	2	My	8.871096
778	3	Ġfriends	6.757614
778	4	Ġall	8.675831
778	5	Ġknow	4.254138
778	6	Ġthat	2.256643
778	7	Ġher	11.195093
778	8	Ġfriend	8.768063
778	9	Ġknew	10.973125
778	10	Ġthe	4.313429
778	11	Ġdelivery	15.361533
778	12	Ġman	3.170939
778	13	Ġbelieved	14.547615
778	14	Ġthe	3.545059
778	15	Ġcop	10.985827
778	16	Ġsaid	9.061537
778	17	Ġthe	2.65539
778	18	Ġsingle	13.782966
778	19	Ġmother	3.573521
778	20	Ġwill	8.491286
778	21	Ġdescribe	15.207412
778	22	Ġher	3.056421
778	23	Ġwoes	13.302686
778	24	Ġto	3.307519
778	25	Ġher	1.964719
778	26	Ġfriends	4.670571
778	27	.	1.243069
778	28	<|endoftext|>	8.250977
779	1	<|endoftext|>	0.0
779	2	My	8.871096
779	3	Ġfriends	6.757614
779	4	Ġall	8.675831
779	5	Ġknow	4.254138
779	6	Ġwho	5.817846
779	7	Ġher	12.157288
779	8	Ġfriend	6.286995
779	9	Ġknew	12.927959
779	10	Ġthe	7.742373
779	11	Ġdelivery	16.28786
779	12	Ġman	2.726667
779	13	Ġbelieved	13.23376
779	14	Ġthe	6.123377
779	15	Ġcop	10.820038
779	16	Ġsaid	7.821217
779	17	Ġwill	10.548833
779	18	Ġdescribe	13.524135
779	19	Ġher	2.557615
779	20	Ġwoes	14.771256
779	21	Ġto	4.692134
779	22	Ġher	1.946546
779	23	Ġfriends	5.536873
779	24	.	1.084187
779	25	<|endoftext|>	7.851599
780	1	<|endoftext|>	0.0
780	2	My	8.871096
780	3	Ġfriends	6.757614
780	4	Ġall	8.675831
780	5	Ġknow	4.254138
780	6	Ġwho	5.817846
780	7	Ġher	12.157288
780	8	Ġfriend	6.286995
780	9	Ġknew	12.927959
780	10	Ġthe	7.742373
780	11	Ġdelivery	16.28786
780	12	Ġman	2.726667
780	13	Ġbelieved	13.23376
780	14	Ġthe	6.123377
780	15	Ġcop	10.820038
780	16	Ġsaid	7.821217
780	17	Ġthe	3.879164
780	18	Ġsingle	13.845474
780	19	Ġmother	3.431898
780	20	Ġwill	8.483022
780	21	Ġdescribe	14.808852
780	22	Ġher	3.082251
780	23	Ġwoes	13.460976
780	24	Ġto	3.639529
780	25	Ġher	2.160706
780	26	Ġfriends	4.535377
780	27	.	1.249912
780	28	<|endoftext|>	7.31229
781	1	<|endoftext|>	0.0
781	2	I	5.770367
781	3	Ġknow	5.545733
781	4	Ġthat	2.74974
781	5	Ġmight	11.058787
781	6	Ġfind	13.029648
781	7	Ġa	3.760275
781	8	Ġquarter	15.005905
781	9	Ġon	6.528729
781	10	Ġthe	1.821252
781	11	Ġbus	12.126757
781	12	.	2.638653
781	13	<|endoftext|>	7.930502
782	1	<|endoftext|>	0.0
782	2	I	5.770362
782	3	Ġknow	5.545699
782	4	Ġthat	2.74972
782	5	Ġthe	4.424218
782	6	Ġelderly	14.086532
782	7	Ġlady	8.164668
782	8	Ġmight	8.531508
782	9	Ġfind	6.895864
782	10	Ġa	4.750652
782	11	Ġquarter	13.340449
782	12	Ġon	6.583701
782	13	Ġthe	1.954441
782	14	Ġbus	10.452338
782	15	.	3.314345
782	16	<|endoftext|>	9.266559
783	1	<|endoftext|>	0.0
783	2	I	5.770367
783	3	Ġknow	5.545733
783	4	Ġwho	8.366545
783	5	Ġmight	10.54907
783	6	Ġfind	6.8566
783	7	Ġa	5.256915
783	8	Ġquarter	13.932392
783	9	Ġon	6.061405
783	10	Ġthe	2.051233
783	11	Ġbus	10.571286
783	12	.	2.23742
783	13	<|endoftext|>	7.163052
784	1	<|endoftext|>	0.0
784	2	I	5.770362
784	3	Ġknow	5.545699
784	4	Ġwho	8.36647
784	5	Ġthe	5.844158
784	6	Ġelderly	14.913454
784	7	Ġlady	6.047669
784	8	Ġmight	9.736904
784	9	Ġfind	8.340552
784	10	Ġa	6.094355
784	11	Ġquarter	13.884843
784	12	Ġon	7.664886
784	13	Ġthe	2.070477
784	14	Ġbus	10.30806
784	15	.	1.827667
784	16	<|endoftext|>	8.683929
785	1	<|endoftext|>	0.0
785	2	I	5.770362
785	3	Ġknow	5.545699
785	4	Ġthat	2.74972
785	5	Ġtheir	10.772442
785	6	Ġfriend	11.31106
785	7	Ġsaid	6.5436
785	8	Ġmight	14.745633
785	9	Ġfind	10.827864
785	10	Ġa	3.580283
785	11	Ġquarter	14.055292
785	12	Ġon	5.762751
785	13	Ġthe	2.023254
785	14	Ġbus	10.923452
785	15	.	2.656453
785	16	<|endoftext|>	8.427978
786	1	<|endoftext|>	0.0
786	2	I	5.770357
786	3	Ġknow	5.545684
786	4	Ġthat	2.749692
786	5	Ġtheir	10.772435
786	6	Ġfriend	11.31106
786	7	Ġsaid	6.543594
786	8	Ġthe	5.19695
786	9	Ġelderly	14.386548
786	10	Ġlady	5.057256
786	11	Ġmight	8.43269
786	12	Ġfind	7.817813
786	13	Ġa	3.501545
786	14	Ġquarter	14.351592
786	15	Ġon	6.15985
786	16	Ġthe	1.830428
786	17	Ġbus	9.971606
786	18	.	2.306439
786	19	<|endoftext|>	9.143215
787	1	<|endoftext|>	0.0
787	2	I	5.770362
787	3	Ġknow	5.545699
787	4	Ġwho	8.36647
787	5	Ġtheir	13.359574
787	6	Ġfriend	7.075165
787	7	Ġsaid	9.66914
787	8	Ġmight	11.334399
787	9	Ġfind	9.206227
787	10	Ġa	3.962865
787	11	Ġquarter	14.189733
787	12	Ġon	5.793017
787	13	Ġthe	2.102619
787	14	Ġbus	10.438369
787	15	.	1.873364
787	16	<|endoftext|>	7.215359
788	1	<|endoftext|>	0.0
788	2	I	5.770357
788	3	Ġknow	5.545684
788	4	Ġwho	8.366485
788	5	Ġtheir	13.359561
788	6	Ġfriend	7.075155
788	7	Ġsaid	9.669142
788	8	Ġthe	6.313734
788	9	Ġelderly	15.157967
788	10	Ġlady	4.661489
788	11	Ġmight	9.643392
788	12	Ġfind	8.149326
788	13	Ġa	3.581556
788	14	Ġquarter	14.508327
788	15	Ġon	6.383874
788	16	Ġthe	1.987919
788	17	Ġbus	9.690777
788	18	.	1.844419
788	19	<|endoftext|>	7.93796
789	1	<|endoftext|>	0.0
789	2	I	5.770357
789	3	Ġknow	5.545684
789	4	Ġthat	2.749692
789	5	Ġtheir	10.772435
789	6	Ġfriend	11.31106
789	7	Ġsaid	6.543594
789	8	Ġthe	5.19695
789	9	Ġsecretary	15.349211
789	10	Ġbelieved	13.580616
789	11	Ġmight	15.420852
789	12	Ġfind	10.986567
789	13	Ġa	3.605284
789	14	Ġquarter	14.385445
789	15	Ġon	6.317894
789	16	Ġthe	1.807084
789	17	Ġbus	10.234646
789	18	.	2.25951
789	19	<|endoftext|>	9.211579
790	1	<|endoftext|>	0.0
790	2	I	5.770357
790	3	Ġknow	5.545684
790	4	Ġthat	2.749692
790	5	Ġtheir	10.772435
790	6	Ġfriend	11.31106
790	7	Ġsaid	6.543594
790	8	Ġthe	5.19695
790	9	Ġsecretary	15.349211
790	10	Ġbelieved	13.580616
790	11	Ġthe	3.476186
790	12	Ġelderly	13.106078
790	13	Ġlady	5.801986
790	14	Ġmight	8.0419
790	15	Ġfind	8.426483
790	16	Ġa	3.297289
790	17	Ġquarter	15.028236
790	18	Ġon	6.249277
790	19	Ġthe	1.804889
790	20	Ġbus	9.266337
790	21	.	1.914981
790	22	<|endoftext|>	9.469711
791	1	<|endoftext|>	0.0
791	2	I	5.770357
791	3	Ġknow	5.545684
791	4	Ġwho	8.366485
791	5	Ġtheir	13.359561
791	6	Ġfriend	7.075155
791	7	Ġsaid	9.669142
791	8	Ġthe	6.313734
791	9	Ġsecretary	15.591947
791	10	Ġbelieved	13.756744
791	11	Ġmight	12.558527
791	12	Ġfind	10.056384
791	13	Ġa	3.698408
791	14	Ġquarter	14.557078
791	15	Ġon	6.355082
791	16	Ġthe	1.88455
791	17	Ġbus	9.847118
791	18	.	1.842866
791	19	<|endoftext|>	8.086282
792	1	<|endoftext|>	0.0
792	2	I	5.770357
792	3	Ġknow	5.545684
792	4	Ġwho	8.366485
792	5	Ġtheir	13.359561
792	6	Ġfriend	7.075155
792	7	Ġsaid	9.669142
792	8	Ġthe	6.313734
792	9	Ġsecretary	15.591947
792	10	Ġbelieved	13.756744
792	11	Ġthe	3.894684
792	12	Ġelderly	12.788165
792	13	Ġlady	5.829549
792	14	Ġmight	8.568471
792	15	Ġfind	8.567454
792	16	Ġa	3.345113
792	17	Ġquarter	14.91706
792	18	Ġon	6.429269
792	19	Ġthe	1.932312
792	20	Ġbus	8.961356
792	21	.	1.77395
792	22	<|endoftext|>	8.28593
793	1	<|endoftext|>	0.0
793	2	I	5.770357
793	3	Ġknow	5.545684
793	4	Ġthat	2.749692
793	5	Ġtheir	10.772435
793	6	Ġfriend	11.31106
793	7	Ġsaid	6.543594
793	8	Ġthe	5.19695
793	9	Ġsecretary	15.349211
793	10	Ġbelieved	13.580616
793	11	Ġthe	3.476186
793	12	Ġworker	12.97809
793	13	Ġthinks	14.752388
793	14	Ġmight	14.602944
793	15	Ġfind	10.206888
793	16	Ġa	3.0149
793	17	Ġquarter	14.908306
793	18	Ġon	5.889589
793	19	Ġthe	1.608183
793	20	Ġbus	9.494034
793	21	.	1.869807
793	22	<|endoftext|>	9.186687
794	1	<|endoftext|>	0.0
794	2	I	5.770357
794	3	Ġknow	5.545684
794	4	Ġthat	2.749692
794	5	Ġtheir	10.772435
794	6	Ġfriend	11.31106
794	7	Ġsaid	6.543594
794	8	Ġthe	5.19695
794	9	Ġsecretary	15.349211
794	10	Ġbelieved	13.580616
794	11	Ġthe	3.476186
794	12	Ġworker	12.97809
794	13	Ġthinks	14.752388
794	14	Ġthe	3.053745
794	15	Ġelderly	11.722734
794	16	Ġlady	7.551276
794	17	Ġmight	7.478144
794	18	Ġfind	8.605943
794	19	Ġa	3.111596
794	20	Ġquarter	15.02852
794	21	Ġon	6.067709
794	22	Ġthe	1.672357
794	23	Ġbus	9.179997
794	24	.	1.674824
794	25	<|endoftext|>	9.140504
795	1	<|endoftext|>	0.0
795	2	I	5.770357
795	3	Ġknow	5.545684
795	4	Ġwho	8.366485
795	5	Ġtheir	13.359561
795	6	Ġfriend	7.075155
795	7	Ġsaid	9.669142
795	8	Ġthe	6.313734
795	9	Ġsecretary	15.591947
795	10	Ġbelieved	13.756744
795	11	Ġthe	3.894684
795	12	Ġworker	13.358476
795	13	Ġthinks	15.205307
795	14	Ġmight	10.634997
795	15	Ġfind	10.020687
795	16	Ġa	3.097901
795	17	Ġquarter	14.920638
795	18	Ġon	5.981597
795	19	Ġthe	1.69056
795	20	Ġbus	9.234804
795	21	.	1.619419
795	22	<|endoftext|>	8.078571
796	1	<|endoftext|>	0.0
796	2	I	5.770357
796	3	Ġknow	5.545684
796	4	Ġwho	8.366485
796	5	Ġtheir	13.359561
796	6	Ġfriend	7.075155
796	7	Ġsaid	9.669142
796	8	Ġthe	6.313734
796	9	Ġsecretary	15.591947
796	10	Ġbelieved	13.756744
796	11	Ġthe	3.894684
796	12	Ġworker	13.358476
796	13	Ġthinks	15.205307
796	14	Ġthe	3.179601
796	15	Ġelderly	11.30119
796	16	Ġlady	7.534104
796	17	Ġmight	7.944521
796	18	Ġfind	8.512569
796	19	Ġa	3.120541
796	20	Ġquarter	14.891609
796	21	Ġon	6.237685
796	22	Ġthe	1.819104
796	23	Ġbus	8.931953
796	24	.	1.569858
796	25	<|endoftext|>	8.008949
797	1	<|endoftext|>	0.0
797	2	I	5.770357
797	3	Ġknow	5.545684
797	4	Ġthat	2.749692
797	5	Ġtheir	10.772435
797	6	Ġfriend	11.31106
797	7	Ġsaid	6.543594
797	8	Ġthe	5.19695
797	9	Ġsecretary	15.349211
797	10	Ġbelieved	13.580616
797	11	Ġthe	3.476186
797	12	Ġworker	12.97809
797	13	Ġthinks	14.752388
797	14	Ġmight	14.602944
797	15	Ġfind	10.206888
797	16	Ġa	3.0149
797	17	Ġquarter	14.908306
797	18	Ġon	5.889589
797	19	Ġthe	1.608183
797	20	Ġbus	9.494034
797	21	.	1.869807
797	22	<|endoftext|>	9.186687
798	1	<|endoftext|>	0.0
798	2	I	5.770357
798	3	Ġknow	5.545684
798	4	Ġthat	2.749692
798	5	Ġtheir	10.772435
798	6	Ġfriend	11.31106
798	7	Ġsaid	6.543594
798	8	Ġthe	5.19695
798	9	Ġsecretary	15.349211
798	10	Ġbelieved	13.580616
798	11	Ġthe	3.476186
798	12	Ġworker	12.97809
798	13	Ġthinks	14.752388
798	14	Ġthe	3.053745
798	15	Ġelderly	11.722734
798	16	Ġlady	7.551276
798	17	Ġmight	7.478144
798	18	Ġfind	8.605943
798	19	Ġa	3.111596
798	20	Ġquarter	15.02852
798	21	Ġon	6.067709
798	22	Ġthe	1.672357
798	23	Ġbus	9.179997
798	24	.	1.674824
798	25	<|endoftext|>	9.140504
799	1	<|endoftext|>	0.0
799	2	I	5.770357
799	3	Ġknow	5.545684
799	4	Ġwho	8.366485
799	5	Ġtheir	13.359561
799	6	Ġfriend	7.075155
799	7	Ġsaid	9.669142
799	8	Ġthe	6.313734
799	9	Ġsecretary	15.591947
799	10	Ġbelieved	13.756744
799	11	Ġthe	3.894684
799	12	Ġworker	13.358476
799	13	Ġthinks	15.205307
799	14	Ġmight	10.634997
799	15	Ġfind	10.020687
799	16	Ġa	3.097901
799	17	Ġquarter	14.920638
799	18	Ġon	5.981597
799	19	Ġthe	1.69056
799	20	Ġbus	9.234804
799	21	.	1.619419
799	22	<|endoftext|>	8.078571
800	1	<|endoftext|>	0.0
800	2	I	5.770357
800	3	Ġknow	5.545684
800	4	Ġwho	8.366485
800	5	Ġtheir	13.359561
800	6	Ġfriend	7.075155
800	7	Ġsaid	9.669142
800	8	Ġthe	6.313734
800	9	Ġsecretary	15.591947
800	10	Ġbelieved	13.756744
800	11	Ġthe	3.894684
800	12	Ġworker	13.358476
800	13	Ġthinks	15.205307
800	14	Ġthe	3.179601
800	15	Ġelderly	11.30119
800	16	Ġlady	7.534104
800	17	Ġmight	7.944521
800	18	Ġfind	8.512569
800	19	Ġa	3.120541
800	20	Ġquarter	14.891609
800	21	Ġon	6.237685
800	22	Ġthe	1.819104
800	23	Ġbus	8.931953
800	24	.	1.569858
800	25	<|endoftext|>	8.008949
801	1	<|endoftext|>	0.0
801	2	We	7.155782
801	3	Ġall	5.001739
801	4	Ġknow	0.90108
801	5	Ġthat	1.582208
801	6	Ġwill	14.249869
801	7	Ġassemble	20.314153
801	8	Ġthe	4.19101
801	9	Ġbed	12.984426
801	10	Ġfor	4.979535
801	11	Ġhis	8.971326
801	12	Ġparents	10.041791
801	13	.	2.687159
801	14	<|endoftext|>	8.357088
802	1	<|endoftext|>	0.0
802	2	We	7.155761
802	3	Ġall	5.001796
802	4	Ġknow	0.901057
802	5	Ġthat	1.582244
802	6	Ġthe	3.681979
802	7	Ġyoung	10.788246
802	8	Ġprofessional	9.818143
802	9	Ġwill	9.298572
802	10	Ġassemble	15.284508
802	11	Ġthe	3.507716
802	12	Ġbed	13.886778
802	13	Ġfor	4.666187
802	14	Ġhis	2.985778
802	15	Ġparents	9.064134
802	16	.	3.73428
802	17	<|endoftext|>	10.721897
803	1	<|endoftext|>	0.0
803	2	We	7.155782
803	3	Ġall	5.001739
803	4	Ġknow	0.90108
803	5	Ġwho	7.268268
803	6	Ġwill	7.061753
803	7	Ġassemble	16.705327
803	8	Ġthe	1.243036
803	9	Ġbed	13.287462
803	10	Ġfor	4.404082
803	11	Ġhis	7.086701
803	12	Ġparents	10.081572
803	13	.	2.402759
803	14	<|endoftext|>	8.468771
804	1	<|endoftext|>	0.0
804	2	We	7.155761
804	3	Ġall	5.001796
804	4	Ġknow	0.901057
804	5	Ġwho	7.268249
804	6	Ġthe	4.041303
804	7	Ġyoung	9.565765
804	8	Ġprofessional	10.383257
804	9	Ġwill	10.031692
804	10	Ġassemble	16.237032
804	11	Ġthe	4.764768
804	12	Ġbed	12.66612
804	13	Ġfor	4.077963
804	14	Ġhis	3.909207
804	15	Ġparents	9.701059
804	16	.	2.342625
804	17	<|endoftext|>	9.974823
805	1	<|endoftext|>	0.0
805	2	We	7.155761
805	3	Ġall	5.001796
805	4	Ġknow	0.901057
805	5	Ġthat	1.582244
805	6	Ġmy	10.262349
805	7	Ġneighbor	11.680375
805	8	Ġsaid	8.448174
805	9	Ġwill	16.466453
805	10	Ġassemble	17.056452
805	11	Ġthe	2.716356
805	12	Ġbed	11.674298
805	13	Ġfor	4.385527
805	14	Ġhis	5.017849
805	15	Ġparents	9.282634
805	16	.	2.366344
805	17	<|endoftext|>	10.14502
806	1	<|endoftext|>	0.0
806	2	We	7.155761
806	3	Ġall	5.001796
806	4	Ġknow	0.901057
806	5	Ġthat	1.582244
806	6	Ġmy	10.262349
806	7	Ġneighbor	11.680375
806	8	Ġsaid	8.448174
806	9	Ġthe	5.349494
806	10	Ġyoung	11.837595
806	11	Ġprofessional	14.301479
806	12	Ġwill	9.515234
806	13	Ġassemble	15.817368
806	14	Ġthe	2.954841
806	15	Ġbed	11.531654
806	16	Ġfor	4.323756
806	17	Ġhis	3.556625
806	18	Ġparents	7.714893
806	19	.	2.763801
806	20	<|endoftext|>	10.819781
807	1	<|endoftext|>	0.0
807	2	We	7.155761
807	3	Ġall	5.001796
807	4	Ġknow	0.901057
807	5	Ġwho	7.268249
807	6	Ġmy	10.343463
807	7	Ġneighbor	9.840335
807	8	Ġsaid	11.868263
807	9	Ġwill	10.460418
807	10	Ġassemble	17.316502
807	11	Ġthe	2.147308
807	12	Ġbed	12.058738
807	13	Ġfor	4.433614
807	14	Ġhis	5.100359
807	15	Ġparents	9.520177
807	16	.	1.677809
807	17	<|endoftext|>	9.243049
808	1	<|endoftext|>	0.0
808	2	We	7.155761
808	3	Ġall	5.001796
808	4	Ġknow	0.901057
808	5	Ġwho	7.268249
808	6	Ġmy	10.343463
808	7	Ġneighbor	9.840335
808	8	Ġsaid	11.868263
808	9	Ġthe	5.34413
808	10	Ġyoung	12.186784
808	11	Ġprofessional	13.695318
808	12	Ġwill	9.663943
808	13	Ġassemble	17.087179
808	14	Ġthe	4.167505
808	15	Ġbed	11.529186
808	16	Ġfor	4.324116
808	17	Ġhis	3.310329
808	18	Ġparents	8.428801
808	19	.	1.679386
808	20	<|endoftext|>	9.770713
809	1	<|endoftext|>	0.0
809	2	We	7.155761
809	3	Ġall	5.001796
809	4	Ġknow	0.901057
809	5	Ġthat	1.582244
809	6	Ġmy	10.262349
809	7	Ġneighbor	11.680375
809	8	Ġsaid	8.448174
809	9	Ġher	7.233961
809	10	Ġassociate	15.661043
809	11	Ġknew	8.439414
809	12	Ġwill	15.349252
809	13	Ġassemble	15.766794
809	14	Ġthe	3.076303
809	15	Ġbed	10.965985
809	16	Ġfor	4.377617
809	17	Ġhis	6.930556
809	18	Ġparents	9.501922
809	19	.	2.343261
809	20	<|endoftext|>	10.857353
810	1	<|endoftext|>	0.0
810	2	We	7.155761
810	3	Ġall	5.001796
810	4	Ġknow	0.901057
810	5	Ġthat	1.582244
810	6	Ġmy	10.262349
810	7	Ġneighbor	11.680375
810	8	Ġsaid	8.448174
810	9	Ġher	7.233961
810	10	Ġassociate	15.661043
810	11	Ġknew	8.439414
810	12	Ġthe	4.093441
810	13	Ġyoung	9.763055
810	14	Ġprofessional	13.748461
810	15	Ġwill	12.771232
810	16	Ġassemble	15.537405
810	17	Ġthe	2.967309
810	18	Ġbed	10.805869
810	19	Ġfor	4.336349
810	20	Ġhis	4.642471
810	21	Ġparents	9.255312
810	22	.	2.612917
810	23	<|endoftext|>	11.083846
811	1	<|endoftext|>	0.0
811	2	We	7.155761
811	3	Ġall	5.001796
811	4	Ġknow	0.901057
811	5	Ġwho	7.268249
811	6	Ġmy	10.343463
811	7	Ġneighbor	9.840335
811	8	Ġsaid	11.868263
811	9	Ġher	9.306027
811	10	Ġassociate	14.99484
811	11	Ġknew	8.730878
811	12	Ġwill	13.186585
811	13	Ġassemble	15.999045
811	14	Ġthe	3.027884
811	15	Ġbed	11.08535
811	16	Ġfor	4.576936
811	17	Ġhis	6.524444
811	18	Ġparents	9.842637
811	19	.	1.881232
811	20	<|endoftext|>	9.606622
812	1	<|endoftext|>	0.0
812	2	We	7.155761
812	3	Ġall	5.001796
812	4	Ġknow	0.901057
812	5	Ġwho	7.268249
812	6	Ġmy	10.343463
812	7	Ġneighbor	9.840335
812	8	Ġsaid	11.868263
812	9	Ġher	9.306027
812	10	Ġassociate	14.99484
812	11	Ġknew	8.730878
812	12	Ġthe	4.190412
812	13	Ġyoung	9.920232
812	14	Ġprofessional	13.491608
812	15	Ġwill	13.289409
812	16	Ġassemble	15.555099
812	17	Ġthe	3.129332
812	18	Ġbed	10.666444
812	19	Ġfor	4.538886
812	20	Ġhis	4.725079
812	21	Ġparents	9.459804
812	22	.	2.168797
812	23	<|endoftext|>	9.852535
813	1	<|endoftext|>	0.0
813	2	We	7.155761
813	3	Ġall	5.001796
813	4	Ġknow	0.901057
813	5	Ġthat	1.582244
813	6	Ġmy	10.262349
813	7	Ġneighbor	11.680375
813	8	Ġsaid	8.448174
813	9	Ġher	7.233961
813	10	Ġassociate	15.661043
813	11	Ġknew	8.439414
813	12	Ġa	4.623863
813	13	Ġfriend	6.581102
813	14	Ġthinks	18.735303
813	15	Ġwill	15.026369
813	16	Ġassemble	17.099266
813	17	Ġthe	3.414711
813	18	Ġbed	12.163595
813	19	Ġfor	4.711609
813	20	Ġhis	5.114654
813	21	Ġparents	9.610507
813	22	.	2.021498
813	23	<|endoftext|>	10.858799
814	1	<|endoftext|>	0.0
814	2	We	7.155761
814	3	Ġall	5.001796
814	4	Ġknow	0.901057
814	5	Ġthat	1.582244
814	6	Ġmy	10.262349
814	7	Ġneighbor	11.680375
814	8	Ġsaid	8.448174
814	9	Ġher	7.233961
814	10	Ġassociate	15.661043
814	11	Ġknew	8.439414
814	12	Ġa	4.623863
814	13	Ġfriend	6.581102
814	14	Ġthinks	18.735303
814	15	Ġthe	4.632981
814	16	Ġyoung	10.225908
814	17	Ġprofessional	14.181837
814	18	Ġwill	7.367604
814	19	Ġassemble	16.968111
814	20	Ġthe	3.342904
814	21	Ġbed	11.901118
814	22	Ġfor	4.490883
814	23	Ġhis	3.94226
814	24	Ġparents	9.311307
814	25	.	2.048405
814	26	<|endoftext|>	10.82725
815	1	<|endoftext|>	0.0
815	2	We	7.155761
815	3	Ġall	5.001796
815	4	Ġknow	0.901057
815	5	Ġwho	7.268249
815	6	Ġmy	10.343463
815	7	Ġneighbor	9.840335
815	8	Ġsaid	11.868263
815	9	Ġher	9.306027
815	10	Ġassociate	14.99484
815	11	Ġknew	8.730878
815	12	Ġa	5.995894
815	13	Ġfriend	7.003969
815	14	Ġthinks	19.151914
815	15	Ġwill	8.939895
815	16	Ġassemble	17.631037
815	17	Ġthe	3.421499
815	18	Ġbed	12.307649
815	19	Ġfor	4.893002
815	20	Ġhis	5.093753
815	21	Ġparents	9.866916
815	22	.	1.732961
815	23	<|endoftext|>	9.678921
816	1	<|endoftext|>	0.0
816	2	We	7.155761
816	3	Ġall	5.001796
816	4	Ġknow	0.901057
816	5	Ġwho	7.268249
816	6	Ġmy	10.343463
816	7	Ġneighbor	9.840335
816	8	Ġsaid	11.868263
816	9	Ġher	9.306027
816	10	Ġassociate	14.99484
816	11	Ġknew	8.730878
816	12	Ġa	5.995894
816	13	Ġfriend	7.003969
816	14	Ġthinks	19.151914
816	15	Ġthe	5.462466
816	16	Ġyoung	9.924663
816	17	Ġprofessional	13.701219
816	18	Ġwill	7.769713
816	19	Ġassemble	16.83197
816	20	Ġthe	3.469961
816	21	Ġbed	11.851706
816	22	Ġfor	4.671418
816	23	Ġhis	4.178675
816	24	Ġparents	9.454459
816	25	.	1.793414
816	26	<|endoftext|>	9.770707
817	1	<|endoftext|>	0.0
817	2	We	7.155761
817	3	Ġall	5.001796
817	4	Ġknow	0.901057
817	5	Ġthat	1.582244
817	6	Ġmy	10.262349
817	7	Ġneighbor	11.680375
817	8	Ġsaid	8.448174
817	9	Ġher	7.233961
817	10	Ġassociate	15.661043
817	11	Ġknew	8.439414
817	12	Ġa	4.623863
817	13	Ġfriend	6.581102
817	14	Ġthinks	18.735303
817	15	Ġwill	15.026369
817	16	Ġassemble	17.099266
817	17	Ġthe	3.414711
817	18	Ġbed	12.163595
817	19	Ġfor	4.711609
817	20	Ġhis	5.114654
817	21	Ġparents	9.610507
817	22	.	2.021498
817	23	<|endoftext|>	10.858799
818	1	<|endoftext|>	0.0
818	2	We	7.155761
818	3	Ġall	5.001796
818	4	Ġknow	0.901057
818	5	Ġthat	1.582244
818	6	Ġmy	10.262349
818	7	Ġneighbor	11.680375
818	8	Ġsaid	8.448174
818	9	Ġher	7.233961
818	10	Ġassociate	15.661043
818	11	Ġknew	8.439414
818	12	Ġa	4.623863
818	13	Ġfriend	6.581102
818	14	Ġthinks	18.735303
818	15	Ġthe	4.632981
818	16	Ġyoung	10.225908
818	17	Ġprofessional	14.181837
818	18	Ġwill	7.367604
818	19	Ġassemble	16.968111
818	20	Ġthe	3.342904
818	21	Ġbed	11.901118
818	22	Ġfor	4.490883
818	23	Ġhis	3.94226
818	24	Ġparents	9.311307
818	25	.	2.048405
818	26	<|endoftext|>	10.82725
819	1	<|endoftext|>	0.0
819	2	We	7.155761
819	3	Ġall	5.001796
819	4	Ġknow	0.901057
819	5	Ġwho	7.268249
819	6	Ġmy	10.343463
819	7	Ġneighbor	9.840335
819	8	Ġsaid	11.868263
819	9	Ġher	9.306027
819	10	Ġassociate	14.99484
819	11	Ġknew	8.730878
819	12	Ġa	5.995894
819	13	Ġfriend	7.003969
819	14	Ġthinks	19.151914
819	15	Ġwill	8.939895
819	16	Ġassemble	17.631037
819	17	Ġthe	3.421499
819	18	Ġbed	12.307649
819	19	Ġfor	4.893002
819	20	Ġhis	5.093753
819	21	Ġparents	9.866916
819	22	.	1.732961
819	23	<|endoftext|>	9.678921
820	1	<|endoftext|>	0.0
820	2	We	7.155761
820	3	Ġall	5.001796
820	4	Ġknow	0.901057
820	5	Ġwho	7.268249
820	6	Ġmy	10.343463
820	7	Ġneighbor	9.840335
820	8	Ġsaid	11.868263
820	9	Ġher	9.306027
820	10	Ġassociate	14.99484
820	11	Ġknew	8.730878
820	12	Ġa	5.995894
820	13	Ġfriend	7.003969
820	14	Ġthinks	19.151914
820	15	Ġthe	5.462466
820	16	Ġyoung	9.924663
820	17	Ġprofessional	13.701219
820	18	Ġwill	7.769713
820	19	Ġassemble	16.83197
820	20	Ġthe	3.469961
820	21	Ġbed	11.851706
820	22	Ġfor	4.671418
820	23	Ġhis	4.178675
820	24	Ġparents	9.454459
820	25	.	1.793414
820	26	<|endoftext|>	9.770707
821	1	<|endoftext|>	0.0
821	2	The	4.729313
821	3	Ġnovel	12.980486
821	4	Ġrevealed	12.942359
821	5	Ġthat	1.554278
821	6	Ġcould	13.895853
821	7	Ġsay	11.186349
821	8	Ġsomething	2.072099
821	9	Ġto	3.722644
821	10	Ġhis	6.800313
821	11	Ġdonors	15.004014
821	12	.	2.351821
821	13	<|endoftext|>	6.460474
822	1	<|endoftext|>	0.0
822	2	The	4.729286
822	3	Ġnovel	12.980475
822	4	Ġrevealed	12.94233
822	5	Ġthat	1.554285
822	6	Ġthe	2.581798
822	7	Ġyoung	8.530592
822	8	Ġpolitician	12.12902
822	9	Ġcould	6.620987
822	10	Ġsay	9.36873
822	11	Ġsomething	5.303296
822	12	Ġto	3.360141
822	13	Ġhis	3.629116
822	14	Ġdonors	11.824964
822	15	.	3.377357
822	16	<|endoftext|>	6.891533
823	1	<|endoftext|>	0.0
823	2	The	4.729313
823	3	Ġnovel	12.980486
823	4	Ġrevealed	12.942359
823	5	Ġwho	9.659708
823	6	Ġcould	7.253079
823	7	Ġsay	9.244594
823	8	Ġsomething	9.447457
823	9	Ġto	4.130087
823	10	Ġhis	6.015074
823	11	Ġdonors	15.199224
823	12	.	2.757208
823	13	<|endoftext|>	6.689921
824	1	<|endoftext|>	0.0
824	2	The	4.729286
824	3	Ġnovel	12.980475
824	4	Ġrevealed	12.94233
824	5	Ġwho	9.659692
824	6	Ġthe	3.561572
824	7	Ġyoung	9.191155
824	8	Ġpolitician	10.908009
824	9	Ġcould	6.617503
824	10	Ġsay	10.464769
824	11	Ġsomething	12.349118
824	12	Ġto	2.378105
824	13	Ġhis	7.100256
824	14	Ġdonors	12.25343
824	15	.	1.970733
824	16	<|endoftext|>	6.039969
825	1	<|endoftext|>	0.0
825	2	The	4.729286
825	3	Ġnovel	12.980475
825	4	Ġrevealed	12.94233
825	5	Ġthat	1.554285
825	6	Ġour	10.157829
825	7	Ġfriend	10.495602
825	8	Ġthought	12.927048
825	9	Ġcould	15.41311
825	10	Ġsay	11.264909
825	11	Ġsomething	3.750465
825	12	Ġto	3.22626
825	13	Ġhis	4.107501
825	14	Ġdonors	14.989177
825	15	.	2.308898
825	16	<|endoftext|>	7.008521
826	1	<|endoftext|>	0.0
826	2	The	4.729281
826	3	Ġnovel	12.980488
826	4	Ġrevealed	12.94233
826	5	Ġthat	1.55429
826	6	Ġour	10.157822
826	7	Ġfriend	10.495604
826	8	Ġthought	12.927058
826	9	Ġthe	3.686819
826	10	Ġyoung	9.509936
826	11	Ġpolitician	12.21684
826	12	Ġcould	6.209075
826	13	Ġsay	10.192699
826	14	Ġsomething	3.87181
826	15	Ġto	3.532715
826	16	Ġhis	4.138113
826	17	Ġdonors	12.045515
826	18	.	2.153038
826	19	<|endoftext|>	6.94767
827	1	<|endoftext|>	0.0
827	2	The	4.729286
827	3	Ġnovel	12.980475
827	4	Ġrevealed	12.94233
827	5	Ġwho	9.659692
827	6	Ġour	9.123662
827	7	Ġfriend	9.038583
827	8	Ġthought	12.826419
827	9	Ġcould	7.700805
827	10	Ġsay	12.468237
827	11	Ġsomething	7.387344
827	12	Ġto	3.552841
827	13	Ġhis	4.930286
827	14	Ġdonors	15.630936
827	15	.	1.734484
827	16	<|endoftext|>	6.208052
828	1	<|endoftext|>	0.0
828	2	The	4.729281
828	3	Ġnovel	12.980488
828	4	Ġrevealed	12.94233
828	5	Ġwho	9.659687
828	6	Ġour	9.123669
828	7	Ġfriend	9.038547
828	8	Ġthought	12.826451
828	9	Ġthe	5.006094
828	10	Ġyoung	9.512742
828	11	Ġpolitician	10.871457
828	12	Ġcould	7.104173
828	13	Ġsay	13.330927
828	14	Ġsomething	10.363452
828	15	Ġto	2.874077
828	16	Ġhis	4.709297
828	17	Ġdonors	12.466672
828	18	.	1.156095
828	19	<|endoftext|>	5.891813
829	1	<|endoftext|>	0.0
829	2	The	4.729281
829	3	Ġnovel	12.980488
829	4	Ġrevealed	12.94233
829	5	Ġthat	1.55429
829	6	Ġour	10.157822
829	7	Ġfriend	10.495604
829	8	Ġthought	12.927058
829	9	Ġthe	3.686819
829	10	Ġreporter	14.230868
829	11	Ġknows	14.865769
829	12	Ġcould	15.140195
829	13	Ġsay	10.037381
829	14	Ġsomething	2.699558
829	15	Ġto	3.099086
829	16	Ġhis	4.415947
829	17	Ġdonors	13.924189
829	18	.	1.732113
829	19	<|endoftext|>	6.434414
830	1	<|endoftext|>	0.0
830	2	The	4.729281
830	3	Ġnovel	12.980488
830	4	Ġrevealed	12.94233
830	5	Ġthat	1.55429
830	6	Ġour	10.157822
830	7	Ġfriend	10.495604
830	8	Ġthought	12.927058
830	9	Ġthe	3.686819
830	10	Ġreporter	14.230868
830	11	Ġknows	14.865769
830	12	Ġthe	3.226162
830	13	Ġyoung	11.522714
830	14	Ġpolitician	9.827352
830	15	Ġcould	8.613839
830	16	Ġsay	9.527884
830	17	Ġsomething	3.248977
830	18	Ġto	3.237403
830	19	Ġhis	4.444827
830	20	Ġdonors	12.724352
830	21	.	1.623442
830	22	<|endoftext|>	6.184065
831	1	<|endoftext|>	0.0
831	2	The	4.729281
831	3	Ġnovel	12.980488
831	4	Ġrevealed	12.94233
831	5	Ġwho	9.659687
831	6	Ġour	9.123669
831	7	Ġfriend	9.038547
831	8	Ġthought	12.826451
831	9	Ġthe	5.006094
831	10	Ġreporter	13.234534
831	11	Ġknows	16.337628
831	12	Ġcould	12.972303
831	13	Ġsay	10.355992
831	14	Ġsomething	4.813363
831	15	Ġto	3.073474
831	16	Ġhis	4.545178
831	17	Ġdonors	13.855283
831	18	.	1.259767
831	19	<|endoftext|>	5.776346
832	1	<|endoftext|>	0.0
832	2	The	4.729281
832	3	Ġnovel	12.980488
832	4	Ġrevealed	12.94233
832	5	Ġwho	9.659687
832	6	Ġour	9.123669
832	7	Ġfriend	9.038547
832	8	Ġthought	12.826451
832	9	Ġthe	5.006094
832	10	Ġreporter	13.234534
832	11	Ġknows	16.337628
832	12	Ġthe	4.683476
832	13	Ġyoung	11.480183
832	14	Ġpolitician	9.42623
832	15	Ġcould	8.271258
832	16	Ġsay	10.999338
832	17	Ġsomething	8.173907
832	18	Ġto	3.126772
832	19	Ġhis	4.795558
832	20	Ġdonors	13.20037
832	21	.	1.186537
832	22	<|endoftext|>	5.444626
833	1	<|endoftext|>	0.0
833	2	The	4.729281
833	3	Ġnovel	12.980488
833	4	Ġrevealed	12.94233
833	5	Ġthat	1.55429
833	6	Ġour	10.157822
833	7	Ġfriend	10.495604
833	8	Ġthought	12.927058
833	9	Ġthe	3.686819
833	10	Ġreporter	14.230868
833	11	Ġknows	14.865769
833	12	Ġher	5.525744
833	13	Ġcontact	12.160789
833	14	Ġsaid	14.187575
833	15	Ġcould	10.881714
833	16	Ġsay	10.557189
833	17	Ġsomething	2.684866
833	18	Ġto	2.749302
833	19	Ġhis	7.190674
833	20	Ġdonors	14.728271
833	21	.	1.314582
833	22	<|endoftext|>	6.076729
834	1	<|endoftext|>	0.0
834	2	The	4.729281
834	3	Ġnovel	12.980488
834	4	Ġrevealed	12.94233
834	5	Ġthat	1.55429
834	6	Ġour	10.157822
834	7	Ġfriend	10.495604
834	8	Ġthought	12.927058
834	9	Ġthe	3.686819
834	10	Ġreporter	14.230868
834	11	Ġknows	14.865769
834	12	Ġher	5.525744
834	13	Ġcontact	12.160789
834	14	Ġsaid	14.187575
834	15	Ġthe	4.100259
834	16	Ġyoung	9.930867
834	17	Ġpolitician	9.871055
834	18	Ġcould	6.237259
834	19	Ġsay	8.630913
834	20	Ġsomething	3.869461
834	21	Ġto	2.937892
834	22	Ġhis	6.227131
834	23	Ġdonors	11.721512
834	24	.	1.601078
834	25	<|endoftext|>	5.68593
835	1	<|endoftext|>	0.0
835	2	The	4.729281
835	3	Ġnovel	12.980488
835	4	Ġrevealed	12.94233
835	5	Ġwho	9.659687
835	6	Ġour	9.123669
835	7	Ġfriend	9.038547
835	8	Ġthought	12.826451
835	9	Ġthe	5.006094
835	10	Ġreporter	13.234534
835	11	Ġknows	16.337628
835	12	Ġher	8.838093
835	13	Ġcontact	11.54351
835	14	Ġsaid	13.016866
835	15	Ġcould	8.089174
835	16	Ġsay	10.719707
835	17	Ġsomething	3.46795
835	18	Ġto	2.670027
835	19	Ġhis	7.101455
835	20	Ġdonors	14.919305
835	21	.	1.119773
835	22	<|endoftext|>	5.295115
836	1	<|endoftext|>	0.0
836	2	The	4.729281
836	3	Ġnovel	12.980488
836	4	Ġrevealed	12.94233
836	5	Ġwho	9.659687
836	6	Ġour	9.123669
836	7	Ġfriend	9.038547
836	8	Ġthought	12.826451
836	9	Ġthe	5.006094
836	10	Ġreporter	13.234534
836	11	Ġknows	16.337628
836	12	Ġher	8.838093
836	13	Ġcontact	11.54351
836	14	Ġsaid	13.016866
836	15	Ġthe	5.527123
836	16	Ġyoung	9.005465
836	17	Ġpolitician	9.554762
836	18	Ġcould	6.477965
836	19	Ġsay	9.21066
836	20	Ġsomething	4.728759
836	21	Ġto	2.836985
836	22	Ġhis	6.228063
836	23	Ġdonors	12.079124
836	24	.	1.522628
836	25	<|endoftext|>	4.999829
837	1	<|endoftext|>	0.0
837	2	The	4.729281
837	3	Ġnovel	12.980488
837	4	Ġrevealed	12.94233
837	5	Ġthat	1.55429
837	6	Ġour	10.157822
837	7	Ġfriend	10.495604
837	8	Ġthought	12.927058
837	9	Ġthe	3.686819
837	10	Ġreporter	14.230868
837	11	Ġknows	14.865769
837	12	Ġher	5.525744
837	13	Ġcontact	12.160789
837	14	Ġsaid	14.187575
837	15	Ġcould	10.881714
837	16	Ġsay	10.557189
837	17	Ġsomething	2.684866
837	18	Ġto	2.749302
837	19	Ġhis	7.190674
837	20	Ġdonors	14.728271
837	21	.	1.314582
837	22	<|endoftext|>	6.076729
838	1	<|endoftext|>	0.0
838	2	The	4.729281
838	3	Ġnovel	12.980488
838	4	Ġrevealed	12.94233
838	5	Ġthat	1.55429
838	6	Ġour	10.157822
838	7	Ġfriend	10.495604
838	8	Ġthought	12.927058
838	9	Ġthe	3.686819
838	10	Ġreporter	14.230868
838	11	Ġknows	14.865769
838	12	Ġher	5.525744
838	13	Ġcontact	12.160789
838	14	Ġsaid	14.187575
838	15	Ġthe	4.100259
838	16	Ġyoung	9.930867
838	17	Ġpolitician	9.871055
838	18	Ġcould	6.237259
838	19	Ġsay	8.630913
838	20	Ġsomething	3.869461
838	21	Ġto	2.937892
838	22	Ġhis	6.227131
838	23	Ġdonors	11.721512
838	24	.	1.601078
838	25	<|endoftext|>	5.68593
839	1	<|endoftext|>	0.0
839	2	The	4.729281
839	3	Ġnovel	12.980488
839	4	Ġrevealed	12.94233
839	5	Ġwho	9.659687
839	6	Ġour	9.123669
839	7	Ġfriend	9.038547
839	8	Ġthought	12.826451
839	9	Ġthe	5.006094
839	10	Ġreporter	13.234534
839	11	Ġknows	16.337628
839	12	Ġher	8.838093
839	13	Ġcontact	11.54351
839	14	Ġsaid	13.016866
839	15	Ġcould	8.089174
839	16	Ġsay	10.719707
839	17	Ġsomething	3.46795
839	18	Ġto	2.670027
839	19	Ġhis	7.101455
839	20	Ġdonors	14.919305
839	21	.	1.119773
839	22	<|endoftext|>	5.295115
840	1	<|endoftext|>	0.0
840	2	The	4.729281
840	3	Ġnovel	12.980488
840	4	Ġrevealed	12.94233
840	5	Ġwho	9.659687
840	6	Ġour	9.123669
840	7	Ġfriend	9.038547
840	8	Ġthought	12.826451
840	9	Ġthe	5.006094
840	10	Ġreporter	13.234534
840	11	Ġknows	16.337628
840	12	Ġher	8.838093
840	13	Ġcontact	11.54351
840	14	Ġsaid	13.016866
840	15	Ġthe	5.527123
840	16	Ġyoung	9.005465
840	17	Ġpolitician	9.554762
840	18	Ġcould	6.477965
840	19	Ġsay	9.21066
840	20	Ġsomething	4.728759
840	21	Ġto	2.836985
840	22	Ġhis	6.228063
840	23	Ġdonors	12.079124
840	24	.	1.522628
840	25	<|endoftext|>	4.999829
841	1	<|endoftext|>	0.0
841	2	I	5.770367
841	3	Ġrealized	10.618951
841	4	Ġthat	1.754387
841	5	Ġshould	12.951441
841	6	Ġsee	10.952021
841	7	Ġa	3.626338
841	8	Ġpainting	14.103129
841	9	Ġat	6.868943
841	10	Ġthe	1.967618
841	11	Ġmuseum	4.728288
841	12	.	2.924052
841	13	<|endoftext|>	6.471182
842	1	<|endoftext|>	0.0
842	2	I	5.770362
842	3	Ġrealized	10.619028
842	4	Ġthat	1.754409
842	5	Ġthe	3.724112
842	6	Ġsuffering	15.058683
842	7	Ġartist	15.059785
842	8	Ġshould	8.51348
842	9	Ġsee	8.5285
842	10	Ġa	4.291816
842	11	Ġpainting	10.001712
842	12	Ġat	7.493575
842	13	Ġthe	1.928776
842	14	Ġmuseum	6.136163
842	15	.	2.296626
842	16	<|endoftext|>	7.989056
843	1	<|endoftext|>	0.0
843	2	I	5.770367
843	3	Ġrealized	10.618951
843	4	Ġwho	10.345
843	5	Ġshould	11.005772
843	6	Ġsee	9.407993
843	7	Ġa	5.577555
843	8	Ġpainting	11.016795
843	9	Ġat	5.760496
843	10	Ġthe	1.619979
843	11	Ġmuseum	4.786088
843	12	.	1.903142
843	13	<|endoftext|>	8.4782
844	1	<|endoftext|>	0.0
844	2	I	5.770362
844	3	Ġrealized	10.619028
844	4	Ġwho	10.345045
844	5	Ġthe	4.941557
844	6	Ġsuffering	16.256447
844	7	Ġartist	8.371669
844	8	Ġshould	9.404271
844	9	Ġsee	11.631121
844	10	Ġa	8.90828
844	11	Ġpainting	8.900831
844	12	Ġat	6.201326
844	13	Ġthe	1.968444
844	14	Ġmuseum	6.374126
844	15	.	1.437616
844	16	<|endoftext|>	8.332859
845	1	<|endoftext|>	0.0
845	2	I	5.770362
845	3	Ġrealized	10.619028
845	4	Ġthat	1.754409
845	5	Ġthe	3.724112
845	6	Ġpainter	16.409635
845	7	Ġbelieved	13.090341
845	8	Ġshould	15.830343
845	9	Ġsee	9.085156
845	10	Ġa	4.021781
845	11	Ġpainting	6.465974
845	12	Ġat	7.169296
845	13	Ġthe	2.335999
845	14	Ġmuseum	7.568712
845	15	.	2.469589
845	16	<|endoftext|>	9.355989
846	1	<|endoftext|>	0.0
846	2	I	5.770357
846	3	Ġrealized	10.619034
846	4	Ġthat	1.754401
846	5	Ġthe	3.724106
846	6	Ġpainter	16.409624
846	7	Ġbelieved	13.090334
846	8	Ġthe	4.111772
846	9	Ġsuffering	12.644448
846	10	Ġartist	11.359761
846	11	Ġshould	5.508642
846	12	Ġsee	7.139479
846	13	Ġa	5.071363
846	14	Ġpainting	7.266392
846	15	Ġat	7.698243
846	16	Ġthe	2.063599
846	17	Ġmuseum	9.224544
846	18	.	1.981784
846	19	<|endoftext|>	9.647859
847	1	<|endoftext|>	0.0
847	2	I	5.770362
847	3	Ġrealized	10.619028
847	4	Ġwho	10.345045
847	5	Ġthe	4.941557
847	6	Ġpainter	13.652052
847	7	Ġbelieved	14.708878
847	8	Ġshould	9.892788
847	9	Ġsee	8.856619
847	10	Ġa	4.920811
847	11	Ġpainting	4.738359
847	12	Ġat	6.410149
847	13	Ġthe	1.672759
847	14	Ġmuseum	5.579395
847	15	.	1.344983
847	16	<|endoftext|>	8.97265
848	1	<|endoftext|>	0.0
848	2	I	5.770357
848	3	Ġrealized	10.619034
848	4	Ġwho	10.345058
848	5	Ġthe	4.941559
848	6	Ġpainter	13.652024
848	7	Ġbelieved	14.708862
848	8	Ġthe	6.950875
848	9	Ġsuffering	14.488736
848	10	Ġartist	9.058896
848	11	Ġshould	7.261022
848	12	Ġsee	10.0538
848	13	Ġa	8.952982
848	14	Ġpainting	5.643517
848	15	Ġat	6.890565
848	16	Ġthe	1.82858
848	17	Ġmuseum	7.917328
848	18	.	1.010972
848	19	<|endoftext|>	9.147274
849	1	<|endoftext|>	0.0
849	2	I	5.770357
849	3	Ġrealized	10.619034
849	4	Ġthat	1.754401
849	5	Ġthe	3.724106
849	6	Ġpainter	16.409624
849	7	Ġbelieved	13.090334
849	8	Ġhis	4.710458
849	9	Ġrival	15.420966
849	10	Ġsuspected	17.064919
849	11	Ġshould	16.305829
849	12	Ġsee	8.107726
849	13	Ġa	4.129771
849	14	Ġpainting	7.55663
849	15	Ġat	7.332214
849	16	Ġthe	1.755596
849	17	Ġmuseum	6.637414
849	18	.	1.580383
849	19	<|endoftext|>	10.03237
850	1	<|endoftext|>	0.0
850	2	I	5.770357
850	3	Ġrealized	10.619034
850	4	Ġthat	1.754401
850	5	Ġthe	3.724106
850	6	Ġpainter	16.409624
850	7	Ġbelieved	13.090334
850	8	Ġhis	4.710458
850	9	Ġrival	15.420966
850	10	Ġsuspected	17.064919
850	11	Ġthe	4.209423
850	12	Ġsuffering	14.612715
850	13	Ġartist	11.17154
850	14	Ġshould	9.980005
850	15	Ġsee	7.880058
850	16	Ġa	4.430353
850	17	Ġpainting	7.21707
850	18	Ġat	7.640326
850	19	Ġthe	1.768738
850	20	Ġmuseum	7.153177
850	21	.	1.524105
850	22	<|endoftext|>	9.805681
851	1	<|endoftext|>	0.0
851	2	I	5.770357
851	3	Ġrealized	10.619034
851	4	Ġwho	10.345058
851	5	Ġthe	4.941559
851	6	Ġpainter	13.652024
851	7	Ġbelieved	14.708862
851	8	Ġhis	7.891986
851	9	Ġrival	13.757355
851	10	Ġsuspected	16.887104
851	11	Ġshould	12.054751
851	12	Ġsee	8.622445
851	13	Ġa	4.615493
851	14	Ġpainting	5.38908
851	15	Ġat	6.494966
851	16	Ġthe	1.493696
851	17	Ġmuseum	5.920878
851	18	.	1.259694
851	19	<|endoftext|>	9.631613
852	1	<|endoftext|>	0.0
852	2	I	5.770357
852	3	Ġrealized	10.619034
852	4	Ġwho	10.345058
852	5	Ġthe	4.941559
852	6	Ġpainter	13.652024
852	7	Ġbelieved	14.708862
852	8	Ġhis	7.891986
852	9	Ġrival	13.757355
852	10	Ġsuspected	16.887104
852	11	Ġthe	7.684862
852	12	Ġsuffering	16.03035
852	13	Ġartist	10.470979
852	14	Ġshould	10.042766
852	15	Ġsee	7.727035
852	16	Ġa	7.842645
852	17	Ġpainting	6.055705
852	18	Ġat	7.029278
852	19	Ġthe	1.706926
852	20	Ġmuseum	6.950147
852	21	.	1.115318
852	22	<|endoftext|>	9.37154
853	1	<|endoftext|>	0.0
853	2	I	5.770357
853	3	Ġrealized	10.619034
853	4	Ġthat	1.754401
853	5	Ġthe	3.724106
853	6	Ġpainter	16.409624
853	7	Ġbelieved	13.090334
853	8	Ġhis	4.710458
853	9	Ġrival	15.420966
853	10	Ġsuspected	17.064919
853	11	Ġthe	4.209423
853	12	Ġman	5.959671
853	13	Ġsaid	12.097917
853	14	Ġshould	11.946219
853	15	Ġsee	7.396054
853	16	Ġa	4.263374
853	17	Ġpainting	7.276938
853	18	Ġat	7.539492
853	19	Ġthe	1.629244
853	20	Ġmuseum	6.012618
853	21	.	1.514146
853	22	<|endoftext|>	9.358154
854	1	<|endoftext|>	0.0
854	2	I	5.770357
854	3	Ġrealized	10.619034
854	4	Ġthat	1.754401
854	5	Ġthe	3.724106
854	6	Ġpainter	16.409624
854	7	Ġbelieved	13.090334
854	8	Ġhis	4.710458
854	9	Ġrival	15.420966
854	10	Ġsuspected	17.064919
854	11	Ġthe	4.209423
854	12	Ġman	5.959671
854	13	Ġsaid	12.097917
854	14	Ġthe	3.363509
854	15	Ġsuffering	16.619881
854	16	Ġartist	12.338403
854	17	Ġshould	8.459549
854	18	Ġsee	7.475501
854	19	Ġa	3.898826
854	20	Ġpainting	7.525913
854	21	Ġat	7.799946
854	22	Ġthe	1.658018
854	23	Ġmuseum	6.258537
854	24	.	1.146728
854	25	<|endoftext|>	9.048602
855	1	<|endoftext|>	0.0
855	2	I	5.770357
855	3	Ġrealized	10.619034
855	4	Ġwho	10.345058
855	5	Ġthe	4.941559
855	6	Ġpainter	13.652024
855	7	Ġbelieved	14.708862
855	8	Ġhis	7.891986
855	9	Ġrival	13.757355
855	10	Ġsuspected	16.887104
855	11	Ġthe	7.684862
855	12	Ġman	6.445209
855	13	Ġsaid	10.9325
855	14	Ġshould	11.886379
855	15	Ġsee	7.949035
855	16	Ġa	4.148491
855	17	Ġpainting	6.906468
855	18	Ġat	7.052376
855	19	Ġthe	1.53536
855	20	Ġmuseum	5.388824
855	21	.	1.221852
855	22	<|endoftext|>	8.825955
856	1	<|endoftext|>	0.0
856	2	I	5.770357
856	3	Ġrealized	10.619034
856	4	Ġwho	10.345058
856	5	Ġthe	4.941559
856	6	Ġpainter	13.652024
856	7	Ġbelieved	14.708862
856	8	Ġhis	7.891986
856	9	Ġrival	13.757355
856	10	Ġsuspected	16.887104
856	11	Ġthe	7.684862
856	12	Ġman	6.445209
856	13	Ġsaid	10.9325
856	14	Ġthe	5.98608
856	15	Ġsuffering	15.864783
856	16	Ġartist	10.980614
856	17	Ġshould	8.351102
856	18	Ġsee	7.06377
856	19	Ġa	6.393747
856	20	Ġpainting	7.431806
856	21	Ġat	7.552882
856	22	Ġthe	1.711793
856	23	Ġmuseum	5.782994
856	24	.	1.016094
856	25	<|endoftext|>	8.420233
857	1	<|endoftext|>	0.0
857	2	I	5.770357
857	3	Ġrealized	10.619034
857	4	Ġthat	1.754401
857	5	Ġthe	3.724106
857	6	Ġpainter	16.409624
857	7	Ġbelieved	13.090334
857	8	Ġhis	4.710458
857	9	Ġrival	15.420966
857	10	Ġsuspected	17.064919
857	11	Ġthe	4.209423
857	12	Ġman	5.959671
857	13	Ġsaid	12.097917
857	14	Ġshould	11.946219
857	15	Ġsee	7.396054
857	16	Ġa	4.263374
857	17	Ġpainting	7.276938
857	18	Ġat	7.539492
857	19	Ġthe	1.629244
857	20	Ġmuseum	6.012618
857	21	.	1.514146
857	22	<|endoftext|>	9.358154
858	1	<|endoftext|>	0.0
858	2	I	5.770357
858	3	Ġrealized	10.619034
858	4	Ġthat	1.754401
858	5	Ġthe	3.724106
858	6	Ġpainter	16.409624
858	7	Ġbelieved	13.090334
858	8	Ġhis	4.710458
858	9	Ġrival	15.420966
858	10	Ġsuspected	17.064919
858	11	Ġthe	4.209423
858	12	Ġman	5.959671
858	13	Ġsaid	12.097917
858	14	Ġthe	3.363509
858	15	Ġsuffering	16.619881
858	16	Ġartist	12.338403
858	17	Ġshould	8.459549
858	18	Ġsee	7.475501
858	19	Ġa	3.898826
858	20	Ġpainting	7.525913
858	21	Ġat	7.799946
858	22	Ġthe	1.658018
858	23	Ġmuseum	6.258537
858	24	.	1.146728
858	25	<|endoftext|>	9.048602
859	1	<|endoftext|>	0.0
859	2	I	5.770357
859	3	Ġrealized	10.619034
859	4	Ġwho	10.345058
859	5	Ġthe	4.941559
859	6	Ġpainter	13.652024
859	7	Ġbelieved	14.708862
859	8	Ġhis	7.891986
859	9	Ġrival	13.757355
859	10	Ġsuspected	16.887104
859	11	Ġthe	7.684862
859	12	Ġman	6.445209
859	13	Ġsaid	10.9325
859	14	Ġshould	11.886379
859	15	Ġsee	7.949035
859	16	Ġa	4.148491
859	17	Ġpainting	6.906468
859	18	Ġat	7.052376
859	19	Ġthe	1.53536
859	20	Ġmuseum	5.388824
859	21	.	1.221852
859	22	<|endoftext|>	8.825955
860	1	<|endoftext|>	0.0
860	2	I	5.770357
860	3	Ġrealized	10.619034
860	4	Ġwho	10.345058
860	5	Ġthe	4.941559
860	6	Ġpainter	13.652024
860	7	Ġbelieved	14.708862
860	8	Ġhis	7.891986
860	9	Ġrival	13.757355
860	10	Ġsuspected	16.887104
860	11	Ġthe	7.684862
860	12	Ġman	6.445209
860	13	Ġsaid	10.9325
860	14	Ġthe	5.98608
860	15	Ġsuffering	15.864783
860	16	Ġartist	10.980614
860	17	Ġshould	8.351102
860	18	Ġsee	7.06377
860	19	Ġa	6.393747
860	20	Ġpainting	7.431806
860	21	Ġat	7.552882
860	22	Ġthe	1.711793
860	23	Ġmuseum	5.782994
860	24	.	1.016094
860	25	<|endoftext|>	8.420233
861	1	<|endoftext|>	0.0
861	2	Her	10.989427
861	3	Ġfriend	10.284696
861	4	Ġfound	9.169941
861	5	Ġout	2.568972
861	6	Ġthat	2.556999
861	7	Ġcould	14.010113
861	8	Ġtell	9.852348
861	9	Ġa	3.504093
861	10	Ġstory	3.78362
861	11	Ġto	7.417398
861	12	Ġthe	3.208084
861	13	Ġguests	12.163811
861	14	.	1.503478
861	15	<|endoftext|>	5.838307
862	1	<|endoftext|>	0.0
862	2	Her	10.989433
862	3	Ġfriend	10.284694
862	4	Ġfound	9.169958
862	5	Ġout	2.568995
862	6	Ġthat	2.557032
862	7	Ġthe	3.42683
862	8	Ġvisitor	13.911646
862	9	Ġcould	8.541616
862	10	Ġtell	8.505343
862	11	Ġa	5.725248
862	12	Ġstory	3.476795
862	13	Ġto	5.714472
862	14	Ġthe	2.441346
862	15	Ġguests	7.238773
862	16	.	1.815579
862	17	<|endoftext|>	6.604594
863	1	<|endoftext|>	0.0
863	2	Her	10.989427
863	3	Ġfriend	10.284696
863	4	Ġfound	9.169941
863	5	Ġout	2.568972
863	6	Ġwho	7.261619
863	7	Ġcould	9.870119
863	8	Ġtell	7.051492
863	9	Ġa	6.207933
863	10	Ġstory	2.39655
863	11	Ġto	5.924827
863	12	Ġthe	2.917718
863	13	Ġguests	11.781383
863	14	.	1.681189
863	15	<|endoftext|>	6.306108
864	1	<|endoftext|>	0.0
864	2	Her	10.989433
864	3	Ġfriend	10.284694
864	4	Ġfound	9.169958
864	5	Ġout	2.568995
864	6	Ġwho	7.261553
864	7	Ġthe	3.437658
864	8	Ġvisitor	13.627726
864	9	Ġcould	11.475233
864	10	Ġtell	8.071739
864	11	Ġa	8.356374
864	12	Ġstory	3.568509
864	13	Ġto	2.671849
864	14	Ġthe	4.039557
864	15	Ġguests	8.880819
864	16	.	1.418448
864	17	<|endoftext|>	6.122954
865	1	<|endoftext|>	0.0
865	2	Her	10.989433
865	3	Ġfriend	10.284694
865	4	Ġfound	9.169958
865	5	Ġout	2.568995
865	6	Ġthat	2.557032
865	7	Ġmy	6.78523
865	8	Ġfriend	4.003968
865	9	Ġbelieved	12.519787
865	10	Ġcould	16.536095
865	11	Ġtell	8.487182
865	12	Ġa	4.144983
865	13	Ġstory	3.374479
865	14	Ġto	5.916696
865	15	Ġthe	3.656577
865	16	Ġguests	12.364712
865	17	.	1.677515
865	18	<|endoftext|>	7.892604
866	1	<|endoftext|>	0.0
866	2	Her	10.989433
866	3	Ġfriend	10.284694
866	4	Ġfound	9.169958
866	5	Ġout	2.568995
866	6	Ġthat	2.557032
866	7	Ġmy	6.78523
866	8	Ġfriend	4.003968
866	9	Ġbelieved	12.519787
866	10	Ġthe	4.20632
866	11	Ġvisitor	16.381925
866	12	Ġcould	7.91485
866	13	Ġtell	7.112671
866	14	Ġa	5.558852
866	15	Ġstory	2.757428
866	16	Ġto	5.399564
866	17	Ġthe	2.995906
866	18	Ġguests	7.968862
866	19	.	1.50836
866	20	<|endoftext|>	8.365588
867	1	<|endoftext|>	0.0
867	2	Her	10.989433
867	3	Ġfriend	10.284694
867	4	Ġfound	9.169958
867	5	Ġout	2.568995
867	6	Ġwho	7.261553
867	7	Ġmy	7.276036
867	8	Ġfriend	3.028605
867	9	Ġbelieved	14.922465
867	10	Ġcould	9.871898
867	11	Ġtell	8.061983
867	12	Ġa	5.211345
867	13	Ġstory	2.455069
867	14	Ġto	5.275914
867	15	Ġthe	3.161653
867	16	Ġguests	13.128765
867	17	.	1.571687
867	18	<|endoftext|>	7.574456
868	1	<|endoftext|>	0.0
868	2	Her	10.989433
868	3	Ġfriend	10.284694
868	4	Ġfound	9.169958
868	5	Ġout	2.568995
868	6	Ġwho	7.261553
868	7	Ġmy	7.276036
868	8	Ġfriend	3.028605
868	9	Ġbelieved	14.922465
868	10	Ġthe	7.455864
868	11	Ġvisitor	15.611846
868	12	Ġcould	10.165787
868	13	Ġtell	9.399459
868	14	Ġa	7.892085
868	15	Ġstory	3.46857
868	16	Ġto	3.379962
868	17	Ġthe	3.595472
868	18	Ġguests	8.982328
868	19	.	1.271276
868	20	<|endoftext|>	7.635724
869	1	<|endoftext|>	0.0
869	2	Her	10.989433
869	3	Ġfriend	10.284694
869	4	Ġfound	9.169958
869	5	Ġout	2.568995
869	6	Ġthat	2.557032
869	7	Ġmy	6.78523
869	8	Ġfriend	4.003968
869	9	Ġbelieved	12.519787
869	10	Ġthe	4.20632
869	11	Ġprofessor	10.96833
869	12	Ġsaid	8.290244
869	13	Ġcould	15.389493
869	14	Ġtell	8.095834
869	15	Ġa	3.967364
869	16	Ġstory	3.844366
869	17	Ġto	6.16347
869	18	Ġthe	3.226474
869	19	Ġguests	13.045579
869	20	.	1.546789
869	21	<|endoftext|>	7.854344
870	1	<|endoftext|>	0.0
870	2	Her	10.989433
870	3	Ġfriend	10.284694
870	4	Ġfound	9.169958
870	5	Ġout	2.568995
870	6	Ġthat	2.557032
870	7	Ġmy	6.78523
870	8	Ġfriend	4.003968
870	9	Ġbelieved	12.519787
870	10	Ġthe	4.20632
870	11	Ġprofessor	10.96833
870	12	Ġsaid	8.290244
870	13	Ġthe	3.635411
870	14	Ġvisitor	16.717506
870	15	Ġcould	5.802665
870	16	Ġtell	6.972125
870	17	Ġa	5.076711
870	18	Ġstory	2.897352
870	19	Ġto	5.653694
870	20	Ġthe	2.650971
870	21	Ġguests	8.645299
870	22	.	1.44323
870	23	<|endoftext|>	7.859664
871	1	<|endoftext|>	0.0
871	2	Her	10.989433
871	3	Ġfriend	10.284694
871	4	Ġfound	9.169958
871	5	Ġout	2.568995
871	6	Ġwho	7.261553
871	7	Ġmy	7.276036
871	8	Ġfriend	3.028605
871	9	Ġbelieved	14.922465
871	10	Ġthe	7.455864
871	11	Ġprofessor	11.220637
871	12	Ġsaid	9.342905
871	13	Ġcould	9.921581
871	14	Ġtell	7.494547
871	15	Ġa	4.780836
871	16	Ġstory	3.132057
871	17	Ġto	5.164554
871	18	Ġthe	2.829517
871	19	Ġguests	13.911645
871	20	.	1.31511
871	21	<|endoftext|>	7.088399
872	1	<|endoftext|>	0.0
872	2	Her	10.989433
872	3	Ġfriend	10.284694
872	4	Ġfound	9.169958
872	5	Ġout	2.568995
872	6	Ġwho	7.261553
872	7	Ġmy	7.276036
872	8	Ġfriend	3.028605
872	9	Ġbelieved	14.922465
872	10	Ġthe	7.455864
872	11	Ġprofessor	11.220637
872	12	Ġsaid	9.342905
872	13	Ġthe	6.130578
872	14	Ġvisitor	15.46631
872	15	Ġcould	8.345758
872	16	Ġtell	7.632831
872	17	Ġa	6.681968
872	18	Ġstory	3.200305
872	19	Ġto	4.801905
872	20	Ġthe	2.930808
872	21	Ġguests	9.515773
872	22	.	1.164391
872	23	<|endoftext|>	7.098387
873	1	<|endoftext|>	0.0
873	2	Her	10.989433
873	3	Ġfriend	10.284694
873	4	Ġfound	9.169958
873	5	Ġout	2.568995
873	6	Ġthat	2.557032
873	7	Ġmy	6.78523
873	8	Ġfriend	4.003968
873	9	Ġbelieved	12.519787
873	10	Ġthe	4.20632
873	11	Ġprofessor	10.96833
873	12	Ġsaid	8.290244
873	13	Ġhis	6.944236
873	14	Ġcolleague	10.011201
873	15	Ġnoticed	15.444547
873	16	Ġcould	16.580553
873	17	Ġtell	7.813075
873	18	Ġa	4.255444
873	19	Ġstory	5.438013
873	20	Ġto	6.119099
873	21	Ġthe	2.960001
873	22	Ġguests	12.213788
873	23	.	1.485427
873	24	<|endoftext|>	7.981452
874	1	<|endoftext|>	0.0
874	2	Her	10.989433
874	3	Ġfriend	10.284694
874	4	Ġfound	9.169958
874	5	Ġout	2.568995
874	6	Ġthat	2.557032
874	7	Ġmy	6.78523
874	8	Ġfriend	4.003968
874	9	Ġbelieved	12.519787
874	10	Ġthe	4.20632
874	11	Ġprofessor	10.96833
874	12	Ġsaid	8.290244
874	13	Ġhis	6.944236
874	14	Ġcolleague	10.011201
874	15	Ġnoticed	15.444547
874	16	Ġthe	3.021495
874	17	Ġvisitor	13.800528
874	18	Ġcould	10.887088
874	19	Ġtell	7.047716
874	20	Ġa	4.9196
874	21	Ġstory	4.89644
874	22	Ġto	5.926025
874	23	Ġthe	2.606278
874	24	Ġguests	9.239255
874	25	.	1.266017
874	26	<|endoftext|>	7.826498
875	1	<|endoftext|>	0.0
875	2	Her	10.989433
875	3	Ġfriend	10.284694
875	4	Ġfound	9.169958
875	5	Ġout	2.568995
875	6	Ġwho	7.261553
875	7	Ġmy	7.276036
875	8	Ġfriend	3.028605
875	9	Ġbelieved	14.922465
875	10	Ġthe	7.455864
875	11	Ġprofessor	11.220637
875	12	Ġsaid	9.342905
875	13	Ġhis	8.706883
875	14	Ġcolleague	11.267009
875	15	Ġnoticed	18.24186
875	16	Ġcould	12.918771
875	17	Ġtell	8.253727
875	18	Ġa	4.433237
875	19	Ġstory	3.835258
875	20	Ġto	5.94607
875	21	Ġthe	2.831323
875	22	Ġguests	13.177415
875	23	.	1.302533
875	24	<|endoftext|>	7.285918
876	1	<|endoftext|>	0.0
876	2	Her	10.989433
876	3	Ġfriend	10.284694
876	4	Ġfound	9.169958
876	5	Ġout	2.568995
876	6	Ġwho	7.261553
876	7	Ġmy	7.276036
876	8	Ġfriend	3.028605
876	9	Ġbelieved	14.922465
876	10	Ġthe	7.455864
876	11	Ġprofessor	11.220637
876	12	Ġsaid	9.342905
876	13	Ġhis	8.706883
876	14	Ġcolleague	11.267009
876	15	Ġnoticed	18.24186
876	16	Ġthe	4.78556
876	17	Ġvisitor	13.745796
876	18	Ġcould	11.304863
876	19	Ġtell	6.901889
876	20	Ġa	5.249639
876	21	Ġstory	4.483654
876	22	Ġto	5.853582
876	23	Ġthe	2.661397
876	24	Ġguests	10.002024
876	25	.	1.218133
876	26	<|endoftext|>	7.13141
877	1	<|endoftext|>	0.0
877	2	Her	10.989433
877	3	Ġfriend	10.284694
877	4	Ġfound	9.169958
877	5	Ġout	2.568995
877	6	Ġthat	2.557032
877	7	Ġmy	6.78523
877	8	Ġfriend	4.003968
877	9	Ġbelieved	12.519787
877	10	Ġthe	4.20632
877	11	Ġprofessor	10.96833
877	12	Ġsaid	8.290244
877	13	Ġhis	6.944236
877	14	Ġcolleague	10.011201
877	15	Ġnoticed	15.444547
877	16	Ġcould	16.580553
877	17	Ġtell	7.813075
877	18	Ġa	4.255444
877	19	Ġstory	5.438013
877	20	Ġto	6.119099
877	21	Ġthe	2.960001
877	22	Ġguests	12.213788
877	23	.	1.485427
877	24	<|endoftext|>	7.981452
878	1	<|endoftext|>	0.0
878	2	Her	10.989433
878	3	Ġfriend	10.284694
878	4	Ġfound	9.169958
878	5	Ġout	2.568995
878	6	Ġthat	2.557032
878	7	Ġmy	6.78523
878	8	Ġfriend	4.003968
878	9	Ġbelieved	12.519787
878	10	Ġthe	4.20632
878	11	Ġprofessor	10.96833
878	12	Ġsaid	8.290244
878	13	Ġhis	6.944236
878	14	Ġcolleague	10.011201
878	15	Ġnoticed	15.444547
878	16	Ġthe	3.021495
878	17	Ġvisitor	13.800528
878	18	Ġcould	10.887088
878	19	Ġtell	7.047716
878	20	Ġa	4.9196
878	21	Ġstory	4.89644
878	22	Ġto	5.926025
878	23	Ġthe	2.606278
878	24	Ġguests	9.239255
878	25	.	1.266017
878	26	<|endoftext|>	7.826498
879	1	<|endoftext|>	0.0
879	2	Her	10.989433
879	3	Ġfriend	10.284694
879	4	Ġfound	9.169958
879	5	Ġout	2.568995
879	6	Ġwho	7.261553
879	7	Ġmy	7.276036
879	8	Ġfriend	3.028605
879	9	Ġbelieved	14.922465
879	10	Ġthe	7.455864
879	11	Ġprofessor	11.220637
879	12	Ġsaid	9.342905
879	13	Ġhis	8.706883
879	14	Ġcolleague	11.267009
879	15	Ġnoticed	18.24186
879	16	Ġcould	12.918771
879	17	Ġtell	8.253727
879	18	Ġa	4.433237
879	19	Ġstory	3.835258
879	20	Ġto	5.94607
879	21	Ġthe	2.831323
879	22	Ġguests	13.177415
879	23	.	1.302533
879	24	<|endoftext|>	7.285918
880	1	<|endoftext|>	0.0
880	2	Her	10.989433
880	3	Ġfriend	10.284694
880	4	Ġfound	9.169958
880	5	Ġout	2.568995
880	6	Ġwho	7.261553
880	7	Ġmy	7.276036
880	8	Ġfriend	3.028605
880	9	Ġbelieved	14.922465
880	10	Ġthe	7.455864
880	11	Ġprofessor	11.220637
880	12	Ġsaid	9.342905
880	13	Ġhis	8.706883
880	14	Ġcolleague	11.267009
880	15	Ġnoticed	18.24186
880	16	Ġthe	4.78556
880	17	Ġvisitor	13.745796
880	18	Ġcould	11.304863
880	19	Ġtell	6.901889
880	20	Ġa	5.249639
880	21	Ġstory	4.483654
880	22	Ġto	5.853582
880	23	Ġthe	2.661397
880	24	Ġguests	10.002024
880	25	.	1.218133
880	26	<|endoftext|>	7.13141
881	1	<|endoftext|>	0.0
881	2	The	4.729313
881	3	Ġnewspaper	13.263054
881	4	Ġreported	3.595349
881	5	Ġthat	0.76549
881	6	Ġmight	17.042315
881	7	Ġsell	12.6002
881	8	Ġa	4.785232
881	9	Ġcar	7.306086
881	10	Ġto	2.430264
881	11	Ġhis	8.331856
881	12	Ġfriend	4.99506
881	13	.	3.04761
881	14	<|endoftext|>	5.260107
882	1	<|endoftext|>	0.0
882	2	The	4.729286
882	3	Ġnewspaper	13.263032
882	4	Ġreported	3.595366
882	5	Ġthat	0.765484
882	6	Ġthe	2.480973
882	7	Ġboss	11.282579
882	8	Ġmight	12.460127
882	9	Ġsell	10.409456
882	10	Ġa	5.216063
882	11	Ġcar	7.484211
882	12	Ġto	2.111759
882	13	Ġhis	5.552677
882	14	Ġfriend	5.950657
882	15	.	3.295245
882	16	<|endoftext|>	4.939331
883	1	<|endoftext|>	0.0
883	2	The	4.729313
883	3	Ġnewspaper	13.263054
883	4	Ġreported	3.595349
883	5	Ġwho	14.544697
883	6	Ġmight	7.44349
883	7	Ġsell	12.237042
883	8	Ġa	5.049845
883	9	Ġcar	5.431353
883	10	Ġto	1.998691
883	11	Ġhis	7.847034
883	12	Ġfriend	4.972667
883	13	.	2.576028
883	14	<|endoftext|>	5.652741
884	1	<|endoftext|>	0.0
884	2	The	4.729286
884	3	Ġnewspaper	13.263032
884	4	Ġreported	3.595366
884	5	Ġwho	14.544712
884	6	Ġthe	4.618148
884	7	Ġboss	10.328893
884	8	Ġmight	8.043106
884	9	Ġsell	14.245522
884	10	Ġa	6.80285
884	11	Ġcar	6.61177
884	12	Ġto	0.838102
884	13	Ġhis	10.46599
884	14	Ġfriend	6.145193
884	15	.	2.281337
884	16	<|endoftext|>	5.075278
885	1	<|endoftext|>	0.0
885	2	The	4.729281
885	3	Ġnewspaper	13.263024
885	4	Ġreported	3.595351
885	5	Ġthat	0.765479
885	6	Ġthe	2.480964
885	7	Ġinvestigator	12.798575
885	8	Ġthought	11.463144
885	9	Ġmight	14.186824
885	10	Ġsell	12.30793
885	11	Ġa	4.360334
885	12	Ġcar	5.959705
885	13	Ġto	1.828474
885	14	Ġhis	6.548791
885	15	Ġfriend	4.391201
885	16	.	3.06284
885	17	<|endoftext|>	5.765712
886	1	<|endoftext|>	0.0
886	2	The	4.729281
886	3	Ġnewspaper	13.263024
886	4	Ġreported	3.595351
886	5	Ġthat	0.765479
886	6	Ġthe	2.480964
886	7	Ġinvestigator	12.798575
886	8	Ġthought	11.463144
886	9	Ġthe	2.353284
886	10	Ġboss	12.726528
886	11	Ġmight	5.467101
886	12	Ġsell	11.50871
886	13	Ġa	4.619979
886	14	Ġcar	5.584337
886	15	Ġto	1.889784
886	16	Ġhis	5.049275
886	17	Ġfriend	5.425462
886	18	.	2.344012
886	19	<|endoftext|>	5.517997
887	1	<|endoftext|>	0.0
887	2	The	4.729281
887	3	Ġnewspaper	13.263024
887	4	Ġreported	3.595351
887	5	Ġwho	14.544717
887	6	Ġthe	4.618145
887	7	Ġinvestigator	11.042498
887	8	Ġthought	8.798282
887	9	Ġmight	5.148271
887	10	Ġsell	12.341333
887	11	Ġa	5.067213
887	12	Ġcar	5.292623
887	13	Ġto	1.530617
887	14	Ġhis	7.068123
887	15	Ġfriend	4.597808
887	16	.	1.831648
887	17	<|endoftext|>	5.733946
888	1	<|endoftext|>	0.0
888	2	The	4.729281
888	3	Ġnewspaper	13.263024
888	4	Ġreported	3.595351
888	5	Ġwho	14.544717
888	6	Ġthe	4.618145
888	7	Ġinvestigator	11.042498
888	8	Ġthought	8.798282
888	9	Ġthe	4.598378
888	10	Ġboss	12.44942
888	11	Ġmight	4.623354
888	12	Ġsell	14.910828
888	13	Ġa	5.889697
888	14	Ġcar	5.107347
888	15	Ġto	1.095481
888	16	Ġhis	8.716887
888	17	Ġfriend	5.455544
888	18	.	1.646437
888	19	<|endoftext|>	5.350599
889	1	<|endoftext|>	0.0
889	2	The	4.729281
889	3	Ġnewspaper	13.263024
889	4	Ġreported	3.595351
889	5	Ġthat	0.765479
889	6	Ġthe	2.480964
889	7	Ġinvestigator	12.798575
889	8	Ġthought	11.463144
889	9	Ġthe	2.353284
889	10	Ġbusinessman	11.015749
889	11	Ġbelieved	9.365991
889	12	Ġmight	15.129479
889	13	Ġsell	9.612506
889	14	Ġa	4.751959
889	15	Ġcar	5.027449
889	16	Ġto	1.629535
889	17	Ġhis	5.172478
889	18	Ġfriend	4.965037
889	19	.	2.914497
889	20	<|endoftext|>	5.504244
890	1	<|endoftext|>	0.0
890	2	The	4.729281
890	3	Ġnewspaper	13.263024
890	4	Ġreported	3.595351
890	5	Ġthat	0.765479
890	6	Ġthe	2.480964
890	7	Ġinvestigator	12.798575
890	8	Ġthought	11.463144
890	9	Ġthe	2.353284
890	10	Ġbusinessman	11.015749
890	11	Ġbelieved	9.365991
890	12	Ġthe	2.532215
890	13	Ġboss	12.315114
890	14	Ġmight	6.804862
890	15	Ġsell	8.957853
890	16	Ġa	4.924091
890	17	Ġcar	4.958827
890	18	Ġto	1.838194
890	19	Ġhis	4.724181
890	20	Ġfriend	5.643009
890	21	.	2.18419
890	22	<|endoftext|>	5.22121
891	1	<|endoftext|>	0.0
891	2	The	4.729281
891	3	Ġnewspaper	13.263024
891	4	Ġreported	3.595351
891	5	Ġwho	14.544717
891	6	Ġthe	4.618145
891	7	Ġinvestigator	11.042498
891	8	Ġthought	8.798282
891	9	Ġthe	4.598378
891	10	Ġbusinessman	11.081616
891	11	Ġbelieved	8.937951
891	12	Ġmight	7.516003
891	13	Ġsell	10.663643
891	14	Ġa	5.032824
891	15	Ġcar	5.275953
891	16	Ġto	1.418784
891	17	Ġhis	5.354495
891	18	Ġfriend	5.174843
891	19	.	1.995494
891	20	<|endoftext|>	5.53003
892	1	<|endoftext|>	0.0
892	2	The	4.729281
892	3	Ġnewspaper	13.263024
892	4	Ġreported	3.595351
892	5	Ġwho	14.544717
892	6	Ġthe	4.618145
892	7	Ġinvestigator	11.042498
892	8	Ġthought	8.798282
892	9	Ġthe	4.598378
892	10	Ġbusinessman	11.081616
892	11	Ġbelieved	8.937951
892	12	Ġthe	5.965925
892	13	Ġboss	11.591335
892	14	Ġmight	5.863649
892	15	Ġsell	12.314571
892	16	Ġa	5.580646
892	17	Ġcar	4.97986
892	18	Ġto	1.387321
892	19	Ġhis	6.842257
892	20	Ġfriend	5.53671
892	21	.	1.727405
892	22	<|endoftext|>	5.129658
893	1	<|endoftext|>	0.0
893	2	The	4.729281
893	3	Ġnewspaper	13.263024
893	4	Ġreported	3.595351
893	5	Ġthat	0.765479
893	6	Ġthe	2.480964
893	7	Ġinvestigator	12.798575
893	8	Ġthought	11.463144
893	9	Ġthe	2.353284
893	10	Ġbusinessman	11.015749
893	11	Ġbelieved	9.365991
893	12	Ġthe	2.532215
893	13	Ġbanker	11.397403
893	14	Ġsaid	9.901857
893	15	Ġmight	13.430759
893	16	Ġsell	7.637265
893	17	Ġa	4.965823
893	18	Ġcar	5.603236
893	19	Ġto	1.767776
893	20	Ġhis	4.935666
893	21	Ġfriend	5.017013
893	22	.	1.796833
893	23	<|endoftext|>	5.04327
894	1	<|endoftext|>	0.0
894	2	The	4.729281
894	3	Ġnewspaper	13.263024
894	4	Ġreported	3.595351
894	5	Ġthat	0.765479
894	6	Ġthe	2.480964
894	7	Ġinvestigator	12.798575
894	8	Ġthought	11.463144
894	9	Ġthe	2.353284
894	10	Ġbusinessman	11.015749
894	11	Ġbelieved	9.365991
894	12	Ġthe	2.532215
894	13	Ġbanker	11.397403
894	14	Ġsaid	9.901857
894	15	Ġthe	3.196729
894	16	Ġboss	11.067811
894	17	Ġmight	7.8682
894	18	Ġsell	7.881249
894	19	Ġa	5.124728
894	20	Ġcar	5.421337
894	21	Ġto	2.068606
894	22	Ġhis	4.924224
894	23	Ġfriend	5.386688
894	24	.	1.689249
894	25	<|endoftext|>	4.793657
895	1	<|endoftext|>	0.0
895	2	The	4.729281
895	3	Ġnewspaper	13.263024
895	4	Ġreported	3.595351
895	5	Ġwho	14.544717
895	6	Ġthe	4.618145
895	7	Ġinvestigator	11.042498
895	8	Ġthought	8.798282
895	9	Ġthe	4.598378
895	10	Ġbusinessman	11.081616
895	11	Ġbelieved	8.937951
895	12	Ġthe	5.965925
895	13	Ġbanker	10.196806
895	14	Ġsaid	9.496658
895	15	Ġmight	8.410871
895	16	Ġsell	9.34689
895	17	Ġa	5.115241
895	18	Ġcar	6.035142
895	19	Ġto	1.635845
895	20	Ġhis	4.835058
895	21	Ġfriend	4.919716
895	22	.	1.568359
895	23	<|endoftext|>	4.962106
896	1	<|endoftext|>	0.0
896	2	The	4.729281
896	3	Ġnewspaper	13.263024
896	4	Ġreported	3.595351
896	5	Ġwho	14.544717
896	6	Ġthe	4.618145
896	7	Ġinvestigator	11.042498
896	8	Ġthought	8.798282
896	9	Ġthe	4.598378
896	10	Ġbusinessman	11.081616
896	11	Ġbelieved	8.937951
896	12	Ġthe	5.965925
896	13	Ġbanker	10.196806
896	14	Ġsaid	9.496658
896	15	Ġthe	5.607449
896	16	Ġboss	10.346512
896	17	Ġmight	7.306463
896	18	Ġsell	9.344936
896	19	Ġa	5.377569
896	20	Ġcar	5.67025
896	21	Ġto	1.860296
896	22	Ġhis	5.912206
896	23	Ġfriend	5.016501
896	24	.	1.449641
896	25	<|endoftext|>	4.59483
897	1	<|endoftext|>	0.0
897	2	The	4.729281
897	3	Ġnewspaper	13.263024
897	4	Ġreported	3.595351
897	5	Ġthat	0.765479
897	6	Ġthe	2.480964
897	7	Ġinvestigator	12.798575
897	8	Ġthought	11.463144
897	9	Ġthe	2.353284
897	10	Ġbusinessman	11.015749
897	11	Ġbelieved	9.365991
897	12	Ġthe	2.532215
897	13	Ġbanker	11.397403
897	14	Ġsaid	9.901857
897	15	Ġmight	13.430759
897	16	Ġsell	7.637265
897	17	Ġa	4.965823
897	18	Ġcar	5.603236
897	19	Ġto	1.767776
897	20	Ġhis	4.935666
897	21	Ġfriend	5.017013
897	22	.	1.796833
897	23	<|endoftext|>	5.04327
898	1	<|endoftext|>	0.0
898	2	The	4.729281
898	3	Ġnewspaper	13.263024
898	4	Ġreported	3.595351
898	5	Ġthat	0.765479
898	6	Ġthe	2.480964
898	7	Ġinvestigator	12.798575
898	8	Ġthought	11.463144
898	9	Ġthe	2.353284
898	10	Ġbusinessman	11.015749
898	11	Ġbelieved	9.365991
898	12	Ġthe	2.532215
898	13	Ġbanker	11.397403
898	14	Ġsaid	9.901857
898	15	Ġthe	3.196729
898	16	Ġboss	11.067811
898	17	Ġmight	7.8682
898	18	Ġsell	7.881249
898	19	Ġa	5.124728
898	20	Ġcar	5.421337
898	21	Ġto	2.068606
898	22	Ġhis	4.924224
898	23	Ġfriend	5.386688
898	24	.	1.689249
898	25	<|endoftext|>	4.793657
899	1	<|endoftext|>	0.0
899	2	The	4.729281
899	3	Ġnewspaper	13.263024
899	4	Ġreported	3.595351
899	5	Ġwho	14.544717
899	6	Ġthe	4.618145
899	7	Ġinvestigator	11.042498
899	8	Ġthought	8.798282
899	9	Ġthe	4.598378
899	10	Ġbusinessman	11.081616
899	11	Ġbelieved	8.937951
899	12	Ġthe	5.965925
899	13	Ġbanker	10.196806
899	14	Ġsaid	9.496658
899	15	Ġmight	8.410871
899	16	Ġsell	9.34689
899	17	Ġa	5.115241
899	18	Ġcar	6.035142
899	19	Ġto	1.635845
899	20	Ġhis	4.835058
899	21	Ġfriend	4.919716
899	22	.	1.568359
899	23	<|endoftext|>	4.962106
900	1	<|endoftext|>	0.0
900	2	The	4.729281
900	3	Ġnewspaper	13.263024
900	4	Ġreported	3.595351
900	5	Ġwho	14.544717
900	6	Ġthe	4.618145
900	7	Ġinvestigator	11.042498
900	8	Ġthought	8.798282
900	9	Ġthe	4.598378
900	10	Ġbusinessman	11.081616
900	11	Ġbelieved	8.937951
900	12	Ġthe	5.965925
900	13	Ġbanker	10.196806
900	14	Ġsaid	9.496658
900	15	Ġthe	5.607449
900	16	Ġboss	10.346512
900	17	Ġmight	7.306463
900	18	Ġsell	9.344936
900	19	Ġa	5.377569
900	20	Ġcar	5.67025
900	21	Ġto	1.860296
900	22	Ġhis	5.912206
900	23	Ġfriend	5.016501
900	24	.	1.449641
900	25	<|endoftext|>	4.59483
901	1	<|endoftext|>	0.0
901	2	I	5.770367
901	3	Ġknow	5.545733
901	4	Ġthat	2.74974
901	5	Ġwill	10.104314
901	6	Ġpromise	16.959281
901	7	Ġa	3.712603
901	8	Ġraise	13.922309
901	9	Ġto	5.266078
901	10	Ġthe	3.435879
901	11	Ġfactory	13.592554
901	12	Ġworkers	2.902929
901	13	.	2.248397
901	14	<|endoftext|>	8.029268
902	1	<|endoftext|>	0.0
902	2	I	5.770357
902	3	Ġknow	5.545684
902	4	Ġthat	2.749692
902	5	Ġthe	4.424222
902	6	Ġbusiness	11.45722
902	7	Ġman	9.777828
902	8	Ġwill	4.989956
902	9	Ġpromise	12.684802
902	10	Ġa	4.942095
902	11	Ġraise	10.94661
902	12	Ġto	4.214039
902	13	Ġthe	3.104341
902	14	Ġfactory	11.153193
902	15	Ġworkers	2.242408
902	16	.	2.829329
902	17	<|endoftext|>	10.446481
903	1	<|endoftext|>	0.0
903	2	I	5.770367
903	3	Ġknow	5.545733
903	4	Ġwho	8.366545
903	5	Ġwill	7.595085
903	6	Ġpromise	14.376361
903	7	Ġa	5.117687
903	8	Ġraise	11.756811
903	9	Ġto	3.312593
903	10	Ġthe	3.167052
903	11	Ġfactory	13.04202
903	12	Ġworkers	1.996134
903	13	.	2.321324
903	14	<|endoftext|>	7.452676
904	1	<|endoftext|>	0.0
904	2	I	5.770357
904	3	Ġknow	5.545684
904	4	Ġwho	8.366485
904	5	Ġthe	5.844156
904	6	Ġbusiness	12.274717
904	7	Ġman	5.129516
904	8	Ġwill	8.804101
904	9	Ġpromise	18.238345
904	10	Ġa	7.011319
904	11	Ġraise	11.26258
904	12	Ġto	3.296532
904	13	Ġthe	3.632736
904	14	Ġfactory	11.272428
904	15	Ġworkers	1.992298
904	16	.	1.909758
904	17	<|endoftext|>	8.488793
905	1	<|endoftext|>	0.0
905	2	I	5.770357
905	3	Ġknow	5.545684
905	4	Ġthat	2.749692
905	5	Ġthe	4.424222
905	6	Ġsecretary	14.743811
905	7	Ġsaid	7.513032
905	8	Ġwill	14.162697
905	9	Ġpromise	16.251369
905	10	Ġa	4.743696
905	11	Ġraise	11.709874
905	12	Ġto	3.456849
905	13	Ġthe	2.840937
905	14	Ġfactory	13.858819
905	15	Ġworkers	1.776042
905	16	.	2.376673
905	17	<|endoftext|>	9.8117
906	1	<|endoftext|>	0.0
906	2	I	5.770357
906	3	Ġknow	5.545684
906	4	Ġthat	2.749692
906	5	Ġthe	4.424222
906	6	Ġsecretary	14.743811
906	7	Ġsaid	7.513032
906	8	Ġthe	4.901655
906	9	Ġbusiness	10.389487
906	10	Ġman	10.746961
906	11	Ġwill	5.303523
906	12	Ġpromise	13.945224
906	13	Ġa	4.701929
906	14	Ġraise	10.19227
906	15	Ġto	4.019049
906	16	Ġthe	2.502252
906	17	Ġfactory	11.077085
906	18	Ġworkers	1.807369
906	19	.	2.157079
906	20	<|endoftext|>	10.237789
907	1	<|endoftext|>	0.0
907	2	I	5.770357
907	3	Ġknow	5.545684
907	4	Ġwho	8.366485
907	5	Ġthe	5.844156
907	6	Ġsecretary	12.362134
907	7	Ġsaid	6.606356
907	8	Ġwill	8.771602
907	9	Ġpromise	16.65036
907	10	Ġa	4.742809
907	11	Ġraise	11.006196
907	12	Ġto	3.224088
907	13	Ġthe	2.753352
907	14	Ġfactory	14.155578
907	15	Ġworkers	1.713095
907	16	.	1.678035
907	17	<|endoftext|>	8.165953
908	1	<|endoftext|>	0.0
908	2	I	5.770357
908	3	Ġknow	5.545684
908	4	Ġwho	8.366485
908	5	Ġthe	5.844156
908	6	Ġsecretary	12.362134
908	7	Ġsaid	6.606356
908	8	Ġthe	6.082597
908	9	Ġbusiness	10.930927
908	10	Ġman	7.637162
908	11	Ġwill	7.585481
908	12	Ġpromise	17.255442
908	13	Ġa	5.987743
908	14	Ġraise	10.303534
908	15	Ġto	3.543646
908	16	Ġthe	2.834934
908	17	Ġfactory	11.395048
908	18	Ġworkers	1.944939
908	19	.	1.631776
908	20	<|endoftext|>	8.572517
909	1	<|endoftext|>	0.0
909	2	I	5.770357
909	3	Ġknow	5.545684
909	4	Ġthat	2.749692
909	5	Ġthe	4.424222
909	6	Ġsecretary	14.743811
909	7	Ġsaid	7.513032
909	8	Ġthe	4.901655
909	9	Ġjournalist	13.848754
909	10	Ġremarked	14.631853
909	11	Ġwill	16.659944
909	12	Ġpromise	17.766643
909	13	Ġa	4.250032
909	14	Ġraise	13.333768
909	15	Ġto	3.779899
909	16	Ġthe	2.64812
909	17	Ġfactory	14.208781
909	18	Ġworkers	2.244735
909	19	.	1.818389
909	20	<|endoftext|>	9.423577
910	1	<|endoftext|>	0.0
910	2	I	5.770357
910	3	Ġknow	5.545684
910	4	Ġthat	2.749692
910	5	Ġthe	4.424222
910	6	Ġsecretary	14.743811
910	7	Ġsaid	7.513032
910	8	Ġthe	4.901655
910	9	Ġjournalist	13.848754
910	10	Ġremarked	14.631853
910	11	Ġthe	6.484504
910	12	Ġbusiness	11.692509
910	13	Ġman	6.485975
910	14	Ġwill	8.225319
910	15	Ġpromise	14.759257
910	16	Ġa	4.223999
910	17	Ġraise	10.943584
910	18	Ġto	4.310432
910	19	Ġthe	2.564451
910	20	Ġfactory	11.295239
910	21	Ġworkers	2.562113
910	22	.	1.732632
910	23	<|endoftext|>	9.661686
911	1	<|endoftext|>	0.0
911	2	I	5.770357
911	3	Ġknow	5.545684
911	4	Ġwho	8.366485
911	5	Ġthe	5.844156
911	6	Ġsecretary	12.362134
911	7	Ġsaid	6.606356
911	8	Ġthe	6.082597
911	9	Ġjournalist	13.400983
911	10	Ġremarked	17.324502
911	11	Ġwill	12.873871
911	12	Ġpromise	17.314137
911	13	Ġa	4.409617
911	14	Ġraise	13.491307
911	15	Ġto	3.65017
911	16	Ġthe	2.703134
911	17	Ġfactory	14.551797
911	18	Ġworkers	2.327364
911	19	.	1.579637
911	20	<|endoftext|>	8.11955
912	1	<|endoftext|>	0.0
912	2	I	5.770357
912	3	Ġknow	5.545684
912	4	Ġwho	8.366485
912	5	Ġthe	5.844156
912	6	Ġsecretary	12.362134
912	7	Ġsaid	6.606356
912	8	Ġthe	6.082597
912	9	Ġjournalist	13.400983
912	10	Ġremarked	17.324502
912	11	Ġthe	6.234933
912	12	Ġbusiness	12.085873
912	13	Ġman	5.740529
912	14	Ġwill	8.12672
912	15	Ġpromise	14.855949
912	16	Ġa	4.315291
912	17	Ġraise	11.080846
912	18	Ġto	4.167697
912	19	Ġthe	2.680837
912	20	Ġfactory	11.566443
912	21	Ġworkers	2.668963
912	22	.	1.744177
912	23	<|endoftext|>	8.277191
913	1	<|endoftext|>	0.0
913	2	I	5.770357
913	3	Ġknow	5.545684
913	4	Ġthat	2.749692
913	5	Ġthe	4.424222
913	6	Ġsecretary	14.743811
913	7	Ġsaid	7.513032
913	8	Ġthe	4.901655
913	9	Ġjournalist	13.848754
913	10	Ġremarked	14.631853
913	11	Ġthe	6.484504
913	12	Ġworkers	13.061711
913	13	Ġsaid	8.196637
913	14	Ġwill	12.541062
913	15	Ġpromise	16.626598
913	16	Ġa	4.294924
913	17	Ġraise	9.285345
913	18	Ġto	4.01332
913	19	Ġthe	3.309595
913	20	Ġfactory	11.64032
913	21	Ġworkers	3.006626
913	22	.	1.624923
913	23	<|endoftext|>	8.931338
914	1	<|endoftext|>	0.0
914	2	I	5.770357
914	3	Ġknow	5.545684
914	4	Ġthat	2.749692
914	5	Ġthe	4.424222
914	6	Ġsecretary	14.743811
914	7	Ġsaid	7.513032
914	8	Ġthe	4.901655
914	9	Ġjournalist	13.848754
914	10	Ġremarked	14.631853
914	11	Ġthe	6.484504
914	12	Ġworkers	13.061711
914	13	Ġsaid	8.196637
914	14	Ġthe	2.751171
914	15	Ġbusiness	9.471657
914	16	Ġman	7.943881
914	17	Ġwill	8.211063
914	18	Ġpromise	13.789244
914	19	Ġa	4.479435
914	20	Ġraise	9.22278
914	21	Ġto	4.278623
914	22	Ġthe	2.630124
914	23	Ġfactory	9.450566
914	24	Ġworkers	2.693878
914	25	.	1.497674
914	26	<|endoftext|>	8.989885
915	1	<|endoftext|>	0.0
915	2	I	5.770357
915	3	Ġknow	5.545684
915	4	Ġwho	8.366485
915	5	Ġthe	5.844156
915	6	Ġsecretary	12.362134
915	7	Ġsaid	6.606356
915	8	Ġthe	6.082597
915	9	Ġjournalist	13.400983
915	10	Ġremarked	17.324502
915	11	Ġthe	6.234933
915	12	Ġworkers	13.746857
915	13	Ġsaid	8.402475
915	14	Ġwill	10.935016
915	15	Ġpromise	16.531988
915	16	Ġa	4.260375
915	17	Ġraise	9.382077
915	18	Ġto	3.779765
915	19	Ġthe	3.318406
915	20	Ġfactory	11.715739
915	21	Ġworkers	3.057143
915	22	.	1.590248
915	23	<|endoftext|>	7.770084
916	1	<|endoftext|>	0.0
916	2	I	5.770357
916	3	Ġknow	5.545684
916	4	Ġwho	8.366485
916	5	Ġthe	5.844156
916	6	Ġsecretary	12.362134
916	7	Ġsaid	6.606356
916	8	Ġthe	6.082597
916	9	Ġjournalist	13.400983
916	10	Ġremarked	17.324502
916	11	Ġthe	6.234933
916	12	Ġworkers	13.746857
916	13	Ġsaid	8.402475
916	14	Ġthe	2.675347
916	15	Ġbusiness	9.388485
916	16	Ġman	7.461807
916	17	Ġwill	8.223688
916	18	Ġpromise	13.722472
916	19	Ġa	4.499384
916	20	Ġraise	9.166399
916	21	Ġto	4.09915
916	22	Ġthe	2.70773
916	23	Ġfactory	9.509705
916	24	Ġworkers	2.829187
916	25	.	1.606187
916	26	<|endoftext|>	7.768842
917	1	<|endoftext|>	0.0
917	2	I	5.770357
917	3	Ġknow	5.545684
917	4	Ġthat	2.749692
917	5	Ġthe	4.424222
917	6	Ġsecretary	14.743811
917	7	Ġsaid	7.513032
917	8	Ġthe	4.901655
917	9	Ġjournalist	13.848754
917	10	Ġremarked	14.631853
917	11	Ġthe	6.484504
917	12	Ġworkers	13.061711
917	13	Ġsaid	8.196637
917	14	Ġwill	12.541062
917	15	Ġpromise	16.626598
917	16	Ġa	4.294924
917	17	Ġraise	9.285345
917	18	Ġto	4.01332
917	19	Ġthe	3.309595
917	20	Ġfactory	11.64032
917	21	Ġworkers	3.006626
917	22	.	1.624923
917	23	<|endoftext|>	8.931338
918	1	<|endoftext|>	0.0
918	2	I	5.770357
918	3	Ġknow	5.545684
918	4	Ġthat	2.749692
918	5	Ġthe	4.424222
918	6	Ġsecretary	14.743811
918	7	Ġsaid	7.513032
918	8	Ġthe	4.901655
918	9	Ġjournalist	13.848754
918	10	Ġremarked	14.631853
918	11	Ġthe	6.484504
918	12	Ġworkers	13.061711
918	13	Ġsaid	8.196637
918	14	Ġthe	2.751171
918	15	Ġbusiness	9.471657
918	16	Ġman	7.943881
918	17	Ġwill	8.211063
918	18	Ġpromise	13.789244
918	19	Ġa	4.479435
918	20	Ġraise	9.22278
918	21	Ġto	4.278623
918	22	Ġthe	2.630124
918	23	Ġfactory	9.450566
918	24	Ġworkers	2.693878
918	25	.	1.497674
918	26	<|endoftext|>	8.989885
919	1	<|endoftext|>	0.0
919	2	I	5.770357
919	3	Ġknow	5.545684
919	4	Ġwho	8.366485
919	5	Ġthe	5.844156
919	6	Ġsecretary	12.362134
919	7	Ġsaid	6.606356
919	8	Ġthe	6.082597
919	9	Ġjournalist	13.400983
919	10	Ġremarked	17.324502
919	11	Ġthe	6.234933
919	12	Ġworkers	13.746857
919	13	Ġsaid	8.402475
919	14	Ġwill	10.935016
919	15	Ġpromise	16.531988
919	16	Ġa	4.260375
919	17	Ġraise	9.382077
919	18	Ġto	3.779765
919	19	Ġthe	3.318406
919	20	Ġfactory	11.715739
919	21	Ġworkers	3.057143
919	22	.	1.590248
919	23	<|endoftext|>	7.770084
920	1	<|endoftext|>	0.0
920	2	I	5.770357
920	3	Ġknow	5.545684
920	4	Ġwho	8.366485
920	5	Ġthe	5.844156
920	6	Ġsecretary	12.362134
920	7	Ġsaid	6.606356
920	8	Ġthe	6.082597
920	9	Ġjournalist	13.400983
920	10	Ġremarked	17.324502
920	11	Ġthe	6.234933
920	12	Ġworkers	13.746857
920	13	Ġsaid	8.402475
920	14	Ġthe	2.675347
920	15	Ġbusiness	9.388485
920	16	Ġman	7.461807
920	17	Ġwill	8.223688
920	18	Ġpromise	13.722472
920	19	Ġa	4.499384
920	20	Ġraise	9.166399
920	21	Ġto	4.09915
920	22	Ġthe	2.70773
920	23	Ġfactory	9.509705
920	24	Ġworkers	2.829187
920	25	.	1.606187
920	26	<|endoftext|>	7.768842
921	1	<|endoftext|>	0.0
921	2	We	7.155761
921	3	Ġall	5.001806
921	4	Ġknow	0.901061
921	5	Ġthat	1.582246
921	6	Ġmight	15.801591
921	7	Ġrepay	20.069642
921	8	Ġhis	9.246454
921	9	Ġdebt	2.743598
921	10	Ġto	1.71113
921	11	Ġthe	2.385144
921	12	Ġcriminal	13.029554
921	13	Ġking	7.809
921	14	pin	2.454381
921	15	.	3.44289
921	16	<|endoftext|>	7.769412
922	1	<|endoftext|>	0.0
922	2	We	7.155761
922	3	Ġall	5.001796
922	4	Ġknow	0.901057
922	5	Ġthat	1.582244
922	6	Ġthe	3.681979
922	7	Ġinvestor	15.981891
922	8	Ġmight	9.603488
922	9	Ġrepay	15.964691
922	10	Ġhis	3.352334
922	11	Ġdebt	3.047279
922	12	Ġto	3.74361
922	13	Ġthe	1.666987
922	14	Ġcriminal	14.540154
922	15	Ġking	7.220217
922	16	pin	4.129676
922	17	.	3.375567
922	18	<|endoftext|>	9.884026
923	1	<|endoftext|>	0.0
923	2	We	7.155761
923	3	Ġall	5.001806
923	4	Ġknow	0.901061
923	5	Ġwho	7.268273
923	6	Ġmight	9.268971
923	7	Ġrepay	17.432413
923	8	Ġhis	6.822351
923	9	Ġdebt	0.958428
923	10	Ġto	2.304628
923	11	Ġthe	1.992281
923	12	Ġcriminal	12.87216
923	13	Ġking	6.535492
923	14	pin	3.504123
923	15	.	3.442873
923	16	<|endoftext|>	8.119108
924	1	<|endoftext|>	0.0
924	2	We	7.155761
924	3	Ġall	5.001796
924	4	Ġknow	0.901057
924	5	Ġwho	7.268249
924	6	Ġthe	4.041303
924	7	Ġinvestor	15.81714
924	8	Ġmight	8.189635
924	9	Ġrepay	20.384158
924	10	Ġhis	4.130993
924	11	Ġdebt	2.847033
924	12	Ġto	1.714447
924	13	Ġthe	2.734583
924	14	Ġcriminal	14.296821
924	15	Ġking	7.427909
924	16	pin	2.934587
924	17	.	2.899698
924	18	<|endoftext|>	9.200698
925	1	<|endoftext|>	0.0
925	2	We	7.155761
925	3	Ġall	5.001796
925	4	Ġknow	0.901057
925	5	Ġthat	1.582244
925	6	Ġthe	3.681979
925	7	Ġaccountant	18.116765
925	8	Ġsaid	9.726516
925	9	Ġmight	15.19882
925	10	Ġrepay	16.330985
925	11	Ġhis	3.376782
925	12	Ġdebt	2.773949
925	13	Ġto	4.162158
925	14	Ġthe	1.869538
925	15	Ġcriminal	14.166874
925	16	Ġking	6.501317
925	17	pin	2.857278
925	18	.	2.506943
925	19	<|endoftext|>	9.268962
926	1	<|endoftext|>	0.0
926	2	We	7.155761
926	3	Ġall	5.001796
926	4	Ġknow	0.901057
926	5	Ġthat	1.582244
926	6	Ġthe	3.681979
926	7	Ġaccountant	18.116765
926	8	Ġsaid	9.726516
926	9	Ġthe	4.361756
926	10	Ġinvestor	10.925186
926	11	Ġmight	7.031926
926	12	Ġrepay	12.67669
926	13	Ġhis	3.452256
926	14	Ġdebt	3.472837
926	15	Ġto	4.962492
926	16	Ġthe	1.343894
926	17	Ġcriminal	16.072683
926	18	Ġking	8.100904
926	19	pin	3.260515
926	20	.	2.206446
926	21	<|endoftext|>	9.679542
927	1	<|endoftext|>	0.0
927	2	We	7.155761
927	3	Ġall	5.001796
927	4	Ġknow	0.901057
927	5	Ġwho	7.268249
927	6	Ġthe	4.041303
927	7	Ġaccountant	16.446096
927	8	Ġsaid	9.147639
927	9	Ġmight	9.924908
927	10	Ġrepay	14.813021
927	11	Ġhis	2.725452
927	12	Ġdebt	2.49664
927	13	Ġto	3.983025
927	14	Ġthe	1.769351
927	15	Ġcriminal	13.922064
927	16	Ġking	6.48957
927	17	pin	2.305135
927	18	.	2.323847
927	19	<|endoftext|>	8.48986
928	1	<|endoftext|>	0.0
928	2	We	7.155761
928	3	Ġall	5.001796
928	4	Ġknow	0.901057
928	5	Ġwho	7.268249
928	6	Ġthe	4.041303
928	7	Ġaccountant	16.446096
928	8	Ġsaid	9.147639
928	9	Ġthe	5.12367
928	10	Ġinvestor	11.438021
928	11	Ġmight	7.38351
928	12	Ġrepay	13.879069
928	13	Ġhis	5.260728
928	14	Ġdebt	3.371066
928	15	Ġto	2.770607
928	16	Ġthe	2.379044
928	17	Ġcriminal	15.543807
928	18	Ġking	8.015922
928	19	pin	2.767607
928	20	.	1.974086
928	21	<|endoftext|>	8.820059
929	1	<|endoftext|>	0.0
929	2	We	7.155761
929	3	Ġall	5.001796
929	4	Ġknow	0.901057
929	5	Ġthat	1.582244
929	6	Ġthe	3.681979
929	7	Ġaccountant	18.116765
929	8	Ġsaid	9.726516
929	9	Ġhis	6.918623
929	10	Ġcolleague	10.857455
929	11	Ġrecalled	14.33226
929	12	Ġmight	17.179053
929	13	Ġrepay	14.427576
929	14	Ġhis	3.097152
929	15	Ġdebt	3.262651
929	16	Ġto	3.922472
929	17	Ġthe	1.787074
929	18	Ġcriminal	14.483245
929	19	Ġking	6.949302
929	20	pin	2.690761
929	21	.	2.113272
929	22	<|endoftext|>	9.203833
930	1	<|endoftext|>	0.0
930	2	We	7.155761
930	3	Ġall	5.001796
930	4	Ġknow	0.901057
930	5	Ġthat	1.582244
930	6	Ġthe	3.681979
930	7	Ġaccountant	18.116765
930	8	Ġsaid	9.726516
930	9	Ġhis	6.918623
930	10	Ġcolleague	10.857455
930	11	Ġrecalled	14.33226
930	12	Ġthe	2.965648
930	13	Ġinvestor	13.894536
930	14	Ġmight	13.145092
930	15	Ġrepay	11.558721
930	16	Ġhis	2.979603
930	17	Ġdebt	3.514086
930	18	Ġto	4.700105
930	19	Ġthe	1.623526
930	20	Ġcriminal	15.853833
930	21	Ġking	7.691167
930	22	pin	3.004163
930	23	.	1.959193
930	24	<|endoftext|>	9.230896
931	1	<|endoftext|>	0.0
931	2	We	7.155761
931	3	Ġall	5.001796
931	4	Ġknow	0.901057
931	5	Ġwho	7.268249
931	6	Ġthe	4.041303
931	7	Ġaccountant	16.446096
931	8	Ġsaid	9.147639
931	9	Ġhis	7.682409
931	10	Ġcolleague	11.330661
931	11	Ġrecalled	16.828745
931	12	Ġmight	14.175596
931	13	Ġrepay	15.250032
931	14	Ġhis	2.7512
931	15	Ġdebt	2.746054
931	16	Ġto	3.484119
931	17	Ġthe	1.700714
931	18	Ġcriminal	14.136864
931	19	Ġking	7.441978
931	20	pin	2.217144
931	21	.	1.974738
931	22	<|endoftext|>	8.302879
932	1	<|endoftext|>	0.0
932	2	We	7.155761
932	3	Ġall	5.001796
932	4	Ġknow	0.901057
932	5	Ġwho	7.268249
932	6	Ġthe	4.041303
932	7	Ġaccountant	16.446096
932	8	Ġsaid	9.147639
932	9	Ġhis	7.682409
932	10	Ġcolleague	11.330661
932	11	Ġrecalled	16.828745
932	12	Ġthe	5.166874
932	13	Ġinvestor	14.606939
932	14	Ġmight	11.342269
932	15	Ġrepay	12.215369
932	16	Ġhis	4.095118
932	17	Ġdebt	3.330684
932	18	Ġto	4.012486
932	19	Ġthe	2.184642
932	20	Ġcriminal	15.561729
932	21	Ġking	7.811625
932	22	pin	2.742493
932	23	.	1.734755
932	24	<|endoftext|>	8.346789
933	1	<|endoftext|>	0.0
933	2	We	7.155761
933	3	Ġall	5.001796
933	4	Ġknow	0.901057
933	5	Ġthat	1.582244
933	6	Ġthe	3.681979
933	7	Ġaccountant	18.116765
933	8	Ġsaid	9.726516
933	9	Ġhis	6.918623
933	10	Ġcolleague	10.857455
933	11	Ġrecalled	14.33226
933	12	Ġthe	2.965648
933	13	Ġpartners	16.800399
933	14	Ġknew	13.411612
933	15	Ġmight	16.714138
933	16	Ġrepay	13.525684
933	17	Ġhis	4.999546
933	18	Ġdebt	4.210396
933	19	Ġto	4.623251
933	20	Ġthe	1.924811
933	21	Ġcriminal	14.574095
933	22	Ġking	7.554211
933	23	pin	1.717789
933	24	.	1.601811
933	25	<|endoftext|>	9.53078
934	1	<|endoftext|>	0.0
934	2	We	7.155761
934	3	Ġall	5.001796
934	4	Ġknow	0.901057
934	5	Ġthat	1.582244
934	6	Ġthe	3.681979
934	7	Ġaccountant	18.116765
934	8	Ġsaid	9.726516
934	9	Ġhis	6.918623
934	10	Ġcolleague	10.857455
934	11	Ġrecalled	14.33226
934	12	Ġthe	2.965648
934	13	Ġpartners	16.800399
934	14	Ġknew	13.411612
934	15	Ġthe	3.841922
934	16	Ġinvestor	10.860691
934	17	Ġmight	9.544028
934	18	Ġrepay	11.355927
934	19	Ġhis	4.073573
934	20	Ġdebt	4.030465
934	21	Ġto	5.271596
934	22	Ġthe	1.788434
934	23	Ġcriminal	15.56614
934	24	Ġking	8.527226
934	25	pin	1.720386
934	26	.	1.555097
934	27	<|endoftext|>	9.61903
935	1	<|endoftext|>	0.0
935	2	We	7.155761
935	3	Ġall	5.001796
935	4	Ġknow	0.901057
935	5	Ġwho	7.268249
935	6	Ġthe	4.041303
935	7	Ġaccountant	16.446096
935	8	Ġsaid	9.147639
935	9	Ġhis	7.682409
935	10	Ġcolleague	11.330661
935	11	Ġrecalled	16.828745
935	12	Ġthe	5.166874
935	13	Ġpartners	16.954015
935	14	Ġknew	11.205857
935	15	Ġmight	13.800131
935	16	Ġrepay	13.827906
935	17	Ġhis	4.771991
935	18	Ġdebt	3.915905
935	19	Ġto	4.354324
935	20	Ġthe	2.030277
935	21	Ġcriminal	14.149928
935	22	Ġking	7.746784
935	23	pin	1.702564
935	24	.	1.430871
935	25	<|endoftext|>	8.721176
936	1	<|endoftext|>	0.0
936	2	We	7.155761
936	3	Ġall	5.001796
936	4	Ġknow	0.901057
936	5	Ġwho	7.268249
936	6	Ġthe	4.041303
936	7	Ġaccountant	16.446096
936	8	Ġsaid	9.147639
936	9	Ġhis	7.682409
936	10	Ġcolleague	11.330661
936	11	Ġrecalled	16.828745
936	12	Ġthe	5.166874
936	13	Ġpartners	16.954015
936	14	Ġknew	11.205857
936	15	Ġthe	4.762099
936	16	Ġinvestor	11.201039
936	17	Ġmight	9.490208
936	18	Ġrepay	11.469528
936	19	Ġhis	4.4082
936	20	Ġdebt	3.890206
936	21	Ġto	4.965299
936	22	Ġthe	2.0362
936	23	Ġcriminal	15.247228
936	24	Ġking	8.613356
936	25	pin	1.714241
936	26	.	1.411565
936	27	<|endoftext|>	8.851437
937	1	<|endoftext|>	0.0
937	2	We	7.155761
937	3	Ġall	5.001796
937	4	Ġknow	0.901057
937	5	Ġthat	1.582244
937	6	Ġthe	3.681979
937	7	Ġaccountant	18.116765
937	8	Ġsaid	9.726516
937	9	Ġhis	6.918623
937	10	Ġcolleague	10.857455
937	11	Ġrecalled	14.33226
937	12	Ġthe	2.965648
937	13	Ġpartners	16.800399
937	14	Ġknew	13.411612
937	15	Ġmight	16.714138
937	16	Ġrepay	13.525684
937	17	Ġhis	4.999546
937	18	Ġdebt	4.210396
937	19	Ġto	4.623251
937	20	Ġthe	1.924811
937	21	Ġcriminal	14.574095
937	22	Ġking	7.554211
937	23	pin	1.717789
937	24	.	1.601811
937	25	<|endoftext|>	9.53078
938	1	<|endoftext|>	0.0
938	2	We	7.155761
938	3	Ġall	5.001796
938	4	Ġknow	0.901057
938	5	Ġthat	1.582244
938	6	Ġthe	3.681979
938	7	Ġaccountant	18.116765
938	8	Ġsaid	9.726516
938	9	Ġhis	6.918623
938	10	Ġcolleague	10.857455
938	11	Ġrecalled	14.33226
938	12	Ġthe	2.965648
938	13	Ġpartners	16.800399
938	14	Ġknew	13.411612
938	15	Ġthe	3.841922
938	16	Ġinvestor	10.860691
938	17	Ġmight	9.544028
938	18	Ġrepay	11.355927
938	19	Ġhis	4.073573
938	20	Ġdebt	4.030465
938	21	Ġto	5.271596
938	22	Ġthe	1.788434
938	23	Ġcriminal	15.56614
938	24	Ġking	8.527226
938	25	pin	1.720386
938	26	.	1.555097
938	27	<|endoftext|>	9.61903
939	1	<|endoftext|>	0.0
939	2	We	7.155761
939	3	Ġall	5.001796
939	4	Ġknow	0.901057
939	5	Ġwho	7.268249
939	6	Ġthe	4.041303
939	7	Ġaccountant	16.446096
939	8	Ġsaid	9.147639
939	9	Ġhis	7.682409
939	10	Ġcolleague	11.330661
939	11	Ġrecalled	16.828745
939	12	Ġthe	5.166874
939	13	Ġpartners	16.954015
939	14	Ġknew	11.205857
939	15	Ġmight	13.800131
939	16	Ġrepay	13.827906
939	17	Ġhis	4.771991
939	18	Ġdebt	3.915905
939	19	Ġto	4.354324
939	20	Ġthe	2.030277
939	21	Ġcriminal	14.149928
939	22	Ġking	7.746784
939	23	pin	1.702564
939	24	.	1.430871
939	25	<|endoftext|>	8.721176
940	1	<|endoftext|>	0.0
940	2	We	7.155761
940	3	Ġall	5.001796
940	4	Ġknow	0.901057
940	5	Ġwho	7.268249
940	6	Ġthe	4.041303
940	7	Ġaccountant	16.446096
940	8	Ġsaid	9.147639
940	9	Ġhis	7.682409
940	10	Ġcolleague	11.330661
940	11	Ġrecalled	16.828745
940	12	Ġthe	5.166874
940	13	Ġpartners	16.954015
940	14	Ġknew	11.205857
940	15	Ġthe	4.762099
940	16	Ġinvestor	11.201039
940	17	Ġmight	9.490208
940	18	Ġrepay	11.469528
940	19	Ġhis	4.4082
940	20	Ġdebt	3.890206
940	21	Ġto	4.965299
940	22	Ġthe	2.0362
940	23	Ġcriminal	15.247228
940	24	Ġking	8.613356
940	25	pin	1.714241
940	26	.	1.411565
940	27	<|endoftext|>	8.851437
941	1	<|endoftext|>	0.0
941	2	The	4.729313
941	3	Ġcommissioner	14.424567
941	4	Ġdiscovered	14.239028
941	5	Ġthat	1.598439
941	6	Ġwill	14.516336
941	7	Ġlend	14.558322
941	8	Ġsome	5.360343
941	9	Ġmoney	10.05474
941	10	Ġto	0.266463
941	11	Ġthe	1.86111
941	12	Ġman	10.327562
941	13	.	5.908507
941	14	<|endoftext|>	5.526473
942	1	<|endoftext|>	0.0
942	2	The	4.729281
942	3	Ġcommissioner	14.424614
942	4	Ġdiscovered	14.239028
942	5	Ġthat	1.598462
942	6	Ġthe	2.569103
942	7	Ġpolice	7.60554
942	8	Ġdetective	11.620493
942	9	Ġwill	10.663365
942	10	Ġlend	15.84894
942	11	Ġsome	7.165588
942	12	Ġmoney	5.427534
942	13	Ġto	0.468186
942	14	Ġthe	1.681657
942	15	Ġman	7.189048
942	16	.	5.116202
942	17	<|endoftext|>	5.571471
943	1	<|endoftext|>	0.0
943	2	The	4.729313
943	3	Ġcommissioner	14.424567
943	4	Ġdiscovered	14.239028
943	5	Ġwho	10.995054
943	6	Ġwill	7.987129
943	7	Ġlend	14.484917
943	8	Ġsome	8.997041
943	9	Ġmoney	3.090275
943	10	Ġto	0.551528
943	11	Ġthe	1.489171
943	12	Ġman	9.531744
943	13	.	4.987996
943	14	<|endoftext|>	5.985849
944	1	<|endoftext|>	0.0
944	2	The	4.729281
944	3	Ġcommissioner	14.424614
944	4	Ġdiscovered	14.239028
944	5	Ġwho	10.995054
944	6	Ġthe	3.775712
944	7	Ġpolice	8.814205
944	8	Ġdetective	10.883348
944	9	Ġwill	9.290912
944	10	Ġlend	18.219589
944	11	Ġsome	8.983651
944	12	Ġmoney	3.975201
944	13	Ġto	0.212746
944	14	Ġthe	6.67844
944	15	Ġman	7.374267
944	16	.	5.184297
944	17	<|endoftext|>	5.740883
945	1	<|endoftext|>	0.0
945	2	The	4.729281
945	3	Ġcommissioner	14.424614
945	4	Ġdiscovered	14.239028
945	5	Ġthat	1.598462
945	6	Ġthe	2.569103
945	7	Ġreport	8.750939
945	8	Ġstated	9.29728
945	9	Ġwill	16.625014
945	10	Ġlend	15.04018
945	11	Ġsome	5.72551
945	12	Ġmoney	13.39099
945	13	Ġto	0.159457
945	14	Ġthe	1.693343
945	15	Ġman	11.270646
945	16	.	5.707523
945	17	<|endoftext|>	5.464286
946	1	<|endoftext|>	0.0
946	2	The	4.729281
946	3	Ġcommissioner	14.424614
946	4	Ġdiscovered	14.239028
946	5	Ġthat	1.598462
946	6	Ġthe	2.569103
946	7	Ġreport	8.750939
946	8	Ġstated	9.29728
946	9	Ġthe	4.212577
946	10	Ġpolice	7.775721
946	11	Ġdetective	12.325804
946	12	Ġwill	10.365081
946	13	Ġlend	16.794997
946	14	Ġsome	7.293894
946	15	Ġmoney	5.603142
946	16	Ġto	0.477091
946	17	Ġthe	1.510613
946	18	Ġman	7.589337
946	19	.	4.01919
946	20	<|endoftext|>	5.265391
947	1	<|endoftext|>	0.0
947	2	The	4.729281
947	3	Ġcommissioner	14.424614
947	4	Ġdiscovered	14.239028
947	5	Ġwho	10.995054
947	6	Ġthe	3.775712
947	7	Ġreport	11.349906
947	8	Ġstated	10.264582
947	9	Ġwill	9.67863
947	10	Ġlend	15.689249
947	11	Ġsome	7.618
947	12	Ġmoney	7.97069
947	13	Ġto	0.500214
947	14	Ġthe	1.381934
947	15	Ġman	10.448681
947	16	.	4.472575
947	17	<|endoftext|>	6.011801
948	1	<|endoftext|>	0.0
948	2	The	4.729281
948	3	Ġcommissioner	14.424614
948	4	Ġdiscovered	14.239028
948	5	Ġwho	10.995054
948	6	Ġthe	3.775712
948	7	Ġreport	11.349906
948	8	Ġstated	10.264582
948	9	Ġthe	4.491237
948	10	Ġpolice	8.181138
948	11	Ġdetective	11.018772
948	12	Ġwill	9.731325
948	13	Ġlend	18.640634
948	14	Ġsome	8.754755
948	15	Ġmoney	5.371842
948	16	Ġto	0.329781
948	17	Ġthe	4.178993
948	18	Ġman	7.174083
948	19	.	3.724787
948	20	<|endoftext|>	5.409059
949	1	<|endoftext|>	0.0
949	2	The	4.729281
949	3	Ġcommissioner	14.424614
949	4	Ġdiscovered	14.239028
949	5	Ġthat	1.598462
949	6	Ġthe	2.569103
949	7	Ġreport	8.750939
949	8	Ġstated	9.29728
949	9	Ġthe	4.212577
949	10	Ġtelevision	14.350951
949	11	Ġhost	7.966922
949	12	Ġthought	12.055462
949	13	Ġwill	15.38463
949	14	Ġlend	14.389457
949	15	Ġsome	6.94274
949	16	Ġmoney	9.155102
949	17	Ġto	0.437427
949	18	Ġthe	1.60313
949	19	Ġman	10.907973
949	20	.	5.10761
949	21	<|endoftext|>	5.720758
950	1	<|endoftext|>	0.0
950	2	The	4.729281
950	3	Ġcommissioner	14.424614
950	4	Ġdiscovered	14.239028
950	5	Ġthat	1.598462
950	6	Ġthe	2.569103
950	7	Ġreport	8.750939
950	8	Ġstated	9.29728
950	9	Ġthe	4.212577
950	10	Ġtelevision	14.350951
950	11	Ġhost	7.966922
950	12	Ġthought	12.055462
950	13	Ġthe	2.548626
950	14	Ġpolice	6.917025
950	15	Ġdetective	12.873333
950	16	Ġwill	11.35625
950	17	Ġlend	14.857086
950	18	Ġsome	6.555399
950	19	Ġmoney	6.717025
950	20	Ġto	0.670526
950	21	Ġthe	1.583218
950	22	Ġman	7.401634
950	23	.	3.35503
950	24	<|endoftext|>	5.544329
951	1	<|endoftext|>	0.0
951	2	The	4.729281
951	3	Ġcommissioner	14.424614
951	4	Ġdiscovered	14.239028
951	5	Ġwho	10.995054
951	6	Ġthe	3.775712
951	7	Ġreport	11.349906
951	8	Ġstated	10.264582
951	9	Ġthe	4.491237
951	10	Ġtelevision	15.899202
951	11	Ġhost	5.199135
951	12	Ġthought	10.100883
951	13	Ġwill	9.841714
951	14	Ġlend	14.358416
951	15	Ġsome	7.838962
951	16	Ġmoney	8.329273
951	17	Ġto	0.471964
951	18	Ġthe	1.491254
951	19	Ġman	10.327796
951	20	.	4.407443
951	21	<|endoftext|>	6.021751
952	1	<|endoftext|>	0.0
952	2	The	4.729281
952	3	Ġcommissioner	14.424614
952	4	Ġdiscovered	14.239028
952	5	Ġwho	10.995054
952	6	Ġthe	3.775712
952	7	Ġreport	11.349906
952	8	Ġstated	10.264582
952	9	Ġthe	4.491237
952	10	Ġtelevision	15.899202
952	11	Ġhost	5.199135
952	12	Ġthought	10.100883
952	13	Ġthe	4.543668
952	14	Ġpolice	6.85451
952	15	Ġdetective	12.010746
952	16	Ġwill	10.175188
952	17	Ġlend	16.804184
952	18	Ġsome	7.87349
952	19	Ġmoney	6.864846
952	20	Ġto	0.556051
952	21	Ġthe	2.762927
952	22	Ġman	6.992901
952	23	.	3.149741
952	24	<|endoftext|>	5.616488
953	1	<|endoftext|>	0.0
953	2	The	4.729281
953	3	Ġcommissioner	14.424614
953	4	Ġdiscovered	14.239028
953	5	Ġthat	1.598462
953	6	Ġthe	2.569103
953	7	Ġreport	8.750939
953	8	Ġstated	9.29728
953	9	Ġthe	4.212577
953	10	Ġtelevision	14.350951
953	11	Ġhost	7.966922
953	12	Ġthought	12.055462
953	13	Ġthe	2.548626
953	14	Ġman	7.322419
953	15	Ġreported	11.42845
953	16	Ġwill	14.37397
953	17	Ġlend	15.637102
953	18	Ġsome	6.705616
953	19	Ġmoney	6.41513
953	20	Ġto	0.42954
953	21	Ġthe	1.831058
953	22	Ġman	8.696091
953	23	.	4.371619
953	24	<|endoftext|>	5.628138
954	1	<|endoftext|>	0.0
954	2	The	4.729281
954	3	Ġcommissioner	14.424614
954	4	Ġdiscovered	14.239028
954	5	Ġthat	1.598462
954	6	Ġthe	2.569103
954	7	Ġreport	8.750939
954	8	Ġstated	9.29728
954	9	Ġthe	4.212577
954	10	Ġtelevision	14.350951
954	11	Ġhost	7.966922
954	12	Ġthought	12.055462
954	13	Ġthe	2.548626
954	14	Ġman	7.322419
954	15	Ġreported	11.42845
954	16	Ġthe	2.202684
954	17	Ġpolice	8.169369
954	18	Ġdetective	12.378565
954	19	Ġwill	12.866721
954	20	Ġlend	15.544411
954	21	Ġsome	6.613261
954	22	Ġmoney	6.621954
954	23	Ġto	0.734558
954	24	Ġthe	1.598203
954	25	Ġman	5.776101
954	26	.	3.189338
954	27	<|endoftext|>	5.253236
955	1	<|endoftext|>	0.0
955	2	The	4.729281
955	3	Ġcommissioner	14.424614
955	4	Ġdiscovered	14.239028
955	5	Ġwho	10.995054
955	6	Ġthe	3.775712
955	7	Ġreport	11.349906
955	8	Ġstated	10.264582
955	9	Ġthe	4.491237
955	10	Ġtelevision	15.899202
955	11	Ġhost	5.199135
955	12	Ġthought	10.100883
955	13	Ġthe	4.543668
955	14	Ġman	5.800622
955	15	Ġreported	11.973189
955	16	Ġwill	12.342054
955	17	Ġlend	16.160289
955	18	Ġsome	7.190094
955	19	Ġmoney	7.633712
955	20	Ġto	0.502027
955	21	Ġthe	1.828889
955	22	Ġman	8.115018
955	23	.	3.749789
955	24	<|endoftext|>	5.685164
956	1	<|endoftext|>	0.0
956	2	The	4.729281
956	3	Ġcommissioner	14.424614
956	4	Ġdiscovered	14.239028
956	5	Ġwho	10.995054
956	6	Ġthe	3.775712
956	7	Ġreport	11.349906
956	8	Ġstated	10.264582
956	9	Ġthe	4.491237
956	10	Ġtelevision	15.899202
956	11	Ġhost	5.199135
956	12	Ġthought	10.100883
956	13	Ġthe	4.543668
956	14	Ġman	5.800622
956	15	Ġreported	11.973189
956	16	Ġthe	4.324108
956	17	Ġpolice	8.488604
956	18	Ġdetective	11.672855
956	19	Ġwill	12.456042
956	20	Ġlend	16.737378
956	21	Ġsome	6.520349
956	22	Ġmoney	8.735088
956	23	Ġto	0.733076
956	24	Ġthe	1.930174
956	25	Ġman	5.293541
956	26	.	2.956198
956	27	<|endoftext|>	5.112729
957	1	<|endoftext|>	0.0
957	2	The	4.729281
957	3	Ġcommissioner	14.424614
957	4	Ġdiscovered	14.239028
957	5	Ġthat	1.598462
957	6	Ġthe	2.569103
957	7	Ġreport	8.750939
957	8	Ġstated	9.29728
957	9	Ġthe	4.212577
957	10	Ġtelevision	14.350951
957	11	Ġhost	7.966922
957	12	Ġthought	12.055462
957	13	Ġthe	2.548626
957	14	Ġman	7.322419
957	15	Ġreported	11.42845
957	16	Ġwill	14.37397
957	17	Ġlend	15.637102
957	18	Ġsome	6.705616
957	19	Ġmoney	6.41513
957	20	Ġto	0.42954
957	21	Ġthe	1.831058
957	22	Ġman	8.696091
957	23	.	4.371619
957	24	<|endoftext|>	5.628138
958	1	<|endoftext|>	0.0
958	2	The	4.729281
958	3	Ġcommissioner	14.424614
958	4	Ġdiscovered	14.239028
958	5	Ġthat	1.598462
958	6	Ġthe	2.569103
958	7	Ġreport	8.750939
958	8	Ġstated	9.29728
958	9	Ġthe	4.212577
958	10	Ġtelevision	14.350951
958	11	Ġhost	7.966922
958	12	Ġthought	12.055462
958	13	Ġthe	2.548626
958	14	Ġman	7.322419
958	15	Ġreported	11.42845
958	16	Ġthe	2.202684
958	17	Ġpolice	8.169369
958	18	Ġdetective	12.378565
958	19	Ġwill	12.866721
958	20	Ġlend	15.544411
958	21	Ġsome	6.613261
958	22	Ġmoney	6.621954
958	23	Ġto	0.734558
958	24	Ġthe	1.598203
958	25	Ġman	5.776101
958	26	.	3.189338
958	27	<|endoftext|>	5.253236
959	1	<|endoftext|>	0.0
959	2	The	4.729281
959	3	Ġcommissioner	14.424614
959	4	Ġdiscovered	14.239028
959	5	Ġwho	10.995054
959	6	Ġthe	3.775712
959	7	Ġreport	11.349906
959	8	Ġstated	10.264582
959	9	Ġthe	4.491237
959	10	Ġtelevision	15.899202
959	11	Ġhost	5.199135
959	12	Ġthought	10.100883
959	13	Ġthe	4.543668
959	14	Ġman	5.800622
959	15	Ġreported	11.973189
959	16	Ġwill	12.342054
959	17	Ġlend	16.160289
959	18	Ġsome	7.190094
959	19	Ġmoney	7.633712
959	20	Ġto	0.502027
959	21	Ġthe	1.828889
959	22	Ġman	8.115018
959	23	.	3.749789
959	24	<|endoftext|>	5.685164
960	1	<|endoftext|>	0.0
960	2	The	4.729281
960	3	Ġcommissioner	14.424614
960	4	Ġdiscovered	14.239028
960	5	Ġwho	10.995054
960	6	Ġthe	3.775712
960	7	Ġreport	11.349906
960	8	Ġstated	10.264582
960	9	Ġthe	4.491237
960	10	Ġtelevision	15.899202
960	11	Ġhost	5.199135
960	12	Ġthought	10.100883
960	13	Ġthe	4.543668
960	14	Ġman	5.800622
960	15	Ġreported	11.973189
960	16	Ġthe	4.324108
960	17	Ġpolice	8.488604
960	18	Ġdetective	11.672855
960	19	Ġwill	12.456042
960	20	Ġlend	16.737378
960	21	Ġsome	6.520349
960	22	Ġmoney	8.735088
960	23	Ġto	0.733076
960	24	Ġthe	1.930174
960	25	Ġman	5.293541
960	26	.	2.956198
960	27	<|endoftext|>	5.112729
961	1	<|endoftext|>	0.0
961	2	My	8.871096
961	3	Ġfriend	6.116575
961	4	Ġknows	11.516178
961	5	Ġthat	3.638095
961	6	Ġshould	13.170757
961	7	Ġhand	14.587767
961	8	Ġan	10.320781
961	9	Ġaward	5.961902
961	10	Ġfor	4.088909
961	11	Ġher	7.063942
961	12	Ġmother	10.219011
961	13	.	4.641449
961	14	<|endoftext|>	6.957092
962	1	<|endoftext|>	0.0
962	2	My	8.871096
962	3	Ġfriend	6.116584
962	4	Ġknows	11.51616
962	5	Ġthat	3.638092
962	6	Ġthe	4.230303
962	7	Ġsuccessful	14.334349
962	8	Ġarchitect	12.338638
962	9	Ġshould	8.56543
962	10	Ġhand	12.553948
962	11	Ġan	9.926563
962	12	Ġaward	5.172095
962	13	Ġfor	5.412826
962	14	Ġher	7.767617
962	15	Ġmother	12.72836
962	16	.	4.136913
962	17	<|endoftext|>	8.49834
963	1	<|endoftext|>	0.0
963	2	My	8.871096
963	3	Ġfriend	6.116575
963	4	Ġknows	11.516178
963	5	Ġwho	5.951974
963	6	Ġshould	11.262553
963	7	Ġhand	11.825329
963	8	Ġan	11.182835
963	9	Ġaward	4.580198
963	10	Ġfor	4.561847
963	11	Ġher	7.012508
963	12	Ġmother	10.317301
963	13	.	3.055537
963	14	<|endoftext|>	7.4956
964	1	<|endoftext|>	0.0
964	2	My	8.871096
964	3	Ġfriend	6.116584
964	4	Ġknows	11.51616
964	5	Ġwho	5.951905
964	6	Ġthe	5.290214
964	7	Ġsuccessful	14.540125
964	8	Ġarchitect	10.161731
964	9	Ġshould	10.32469
964	10	Ġhand	13.424188
964	11	Ġan	11.069689
964	12	Ġaward	3.167435
964	13	Ġfor	4.522288
964	14	Ġher	7.608862
964	15	Ġmother	12.283767
964	16	.	2.992889
964	17	<|endoftext|>	7.744291
965	1	<|endoftext|>	0.0
965	2	My	8.871096
965	3	Ġfriend	6.116584
965	4	Ġknows	11.51616
965	5	Ġthat	3.638092
965	6	Ġthe	4.230303
965	7	Ġjudge	12.8845
965	8	Ġthought	8.963326
965	9	Ġshould	14.812083
965	10	Ġhand	13.022459
965	11	Ġan	8.549643
965	12	Ġaward	3.896131
965	13	Ġfor	5.031269
965	14	Ġher	5.915698
965	15	Ġmother	9.643117
965	16	.	5.074266
965	17	<|endoftext|>	8.05732
966	1	<|endoftext|>	0.0
966	2	My	8.871096
966	3	Ġfriend	6.116584
966	4	Ġknows	11.51616
966	5	Ġthat	3.638092
966	6	Ġthe	4.230303
966	7	Ġjudge	12.8845
966	8	Ġthought	8.963326
966	9	Ġthe	4.014049
966	10	Ġsuccessful	16.35101
966	11	Ġarchitect	15.046455
966	12	Ġshould	4.815759
966	13	Ġhand	10.753984
966	14	Ġan	9.586081
966	15	Ġaward	2.730338
966	16	Ġfor	5.09288
966	17	Ġher	6.364417
966	18	Ġmother	10.880399
966	19	.	3.683557
966	20	<|endoftext|>	8.524001
967	1	<|endoftext|>	0.0
967	2	My	8.871096
967	3	Ġfriend	6.116584
967	4	Ġknows	11.51616
967	5	Ġwho	5.951905
967	6	Ġthe	5.290214
967	7	Ġjudge	10.018759
967	8	Ġthought	8.48003
967	9	Ġshould	7.263389
967	10	Ġhand	11.78906
967	11	Ġan	10.055545
967	12	Ġaward	4.103232
967	13	Ġfor	4.691349
967	14	Ġher	5.798765
967	15	Ġmother	9.812381
967	16	.	2.874039
967	17	<|endoftext|>	7.768136
968	1	<|endoftext|>	0.0
968	2	My	8.871096
968	3	Ġfriend	6.116584
968	4	Ġknows	11.51616
968	5	Ġwho	5.951905
968	6	Ġthe	5.290214
968	7	Ġjudge	10.018759
968	8	Ġthought	8.48003
968	9	Ġthe	5.170451
968	10	Ġsuccessful	16.89963
968	11	Ġarchitect	13.079929
968	12	Ġshould	4.901818
968	13	Ġhand	12.647992
968	14	Ġan	10.734275
968	15	Ġaward	2.665706
968	16	Ġfor	4.658394
968	17	Ġher	6.046245
968	18	Ġmother	11.173467
968	19	.	2.623206
968	20	<|endoftext|>	8.025287
969	1	<|endoftext|>	0.0
969	2	My	8.871096
969	3	Ġfriend	6.116584
969	4	Ġknows	11.51616
969	5	Ġthat	3.638092
969	6	Ġthe	4.230303
969	7	Ġjudge	12.8845
969	8	Ġthought	8.963326
969	9	Ġthe	4.014049
969	10	Ġcop	9.874248
969	11	Ġsaid	9.309993
969	12	Ġshould	13.610502
969	13	Ġhand	14.072761
969	14	Ġan	10.192028
969	15	Ġaward	6.82272
969	16	Ġfor	5.125568
969	17	Ġher	6.47653
969	18	Ġmother	9.109724
969	19	.	3.530337
969	20	<|endoftext|>	8.606027
970	1	<|endoftext|>	0.0
970	2	My	8.871096
970	3	Ġfriend	6.116584
970	4	Ġknows	11.51616
970	5	Ġthat	3.638092
970	6	Ġthe	4.230303
970	7	Ġjudge	12.8845
970	8	Ġthought	8.963326
970	9	Ġthe	4.014049
970	10	Ġcop	9.874248
970	11	Ġsaid	9.309993
970	12	Ġthe	3.393665
970	13	Ġsuccessful	18.074291
970	14	Ġarchitect	17.51987
970	15	Ġshould	4.249122
970	16	Ġhand	10.866023
970	17	Ġan	10.32874
970	18	Ġaward	3.349575
970	19	Ġfor	4.860343
970	20	Ġher	6.553177
970	21	Ġmother	10.221094
970	22	.	3.067736
970	23	<|endoftext|>	8.378613
971	1	<|endoftext|>	0.0
971	2	My	8.871096
971	3	Ġfriend	6.116584
971	4	Ġknows	11.51616
971	5	Ġwho	5.951905
971	6	Ġthe	5.290214
971	7	Ġjudge	10.018759
971	8	Ġthought	8.48003
971	9	Ġthe	5.170451
971	10	Ġcop	9.380175
971	11	Ġsaid	9.738829
971	12	Ġshould	8.561466
971	13	Ġhand	12.22591
971	14	Ġan	11.107159
971	15	Ġaward	7.337286
971	16	Ġfor	5.00144
971	17	Ġher	6.437933
971	18	Ġmother	9.211892
971	19	.	2.369198
971	20	<|endoftext|>	7.875386
972	1	<|endoftext|>	0.0
972	2	My	8.871096
972	3	Ġfriend	6.116584
972	4	Ġknows	11.51616
972	5	Ġwho	5.951905
972	6	Ġthe	5.290214
972	7	Ġjudge	10.018759
972	8	Ġthought	8.48003
972	9	Ġthe	5.170451
972	10	Ġcop	9.380175
972	11	Ġsaid	9.738829
972	12	Ġthe	5.200667
972	13	Ġsuccessful	18.119086
972	14	Ġarchitect	15.802319
972	15	Ġshould	4.299047
972	16	Ġhand	11.552337
972	17	Ġan	11.063239
972	18	Ġaward	3.827954
972	19	Ġfor	4.708512
972	20	Ġher	6.409688
972	21	Ġmother	10.495675
972	22	.	2.468803
972	23	<|endoftext|>	7.649292
973	1	<|endoftext|>	0.0
973	2	My	8.871096
973	3	Ġfriend	6.116584
973	4	Ġknows	11.51616
973	5	Ġthat	3.638092
973	6	Ġthe	4.230303
973	7	Ġjudge	12.8845
973	8	Ġthought	8.963326
973	9	Ġthe	4.014049
973	10	Ġcop	9.874248
973	11	Ġsaid	9.309993
973	12	Ġthe	3.393665
973	13	Ġman	6.863092
973	14	Ġtestified	14.090038
973	15	Ġshould	14.489405
973	16	Ġhand	13.058981
973	17	Ġan	11.784038
973	18	Ġaward	7.227145
973	19	Ġfor	5.411901
973	20	Ġher	9.255522
973	21	Ġmother	8.516029
973	22	.	2.759104
973	23	<|endoftext|>	8.614625
974	1	<|endoftext|>	0.0
974	2	My	8.871096
974	3	Ġfriend	6.116584
974	4	Ġknows	11.51616
974	5	Ġthat	3.638092
974	6	Ġthe	4.230303
974	7	Ġjudge	12.8845
974	8	Ġthought	8.963326
974	9	Ġthe	4.014049
974	10	Ġcop	9.874248
974	11	Ġsaid	9.309993
974	12	Ġthe	3.393665
974	13	Ġman	6.863092
974	14	Ġtestified	14.090038
974	15	Ġthe	5.669937
974	16	Ġsuccessful	18.747243
974	17	Ġarchitect	19.287589
974	18	Ġshould	7.593496
974	19	Ġhand	11.042095
974	20	Ġan	10.897581
974	21	Ġaward	4.202505
974	22	Ġfor	5.026644
974	23	Ġher	8.727437
974	24	Ġmother	9.134089
974	25	.	2.65427
974	26	<|endoftext|>	8.208279
975	1	<|endoftext|>	0.0
975	2	My	8.871096
975	3	Ġfriend	6.116584
975	4	Ġknows	11.51616
975	5	Ġwho	5.951905
975	6	Ġthe	5.290214
975	7	Ġjudge	10.018759
975	8	Ġthought	8.48003
975	9	Ġthe	5.170451
975	10	Ġcop	9.380175
975	11	Ġsaid	9.738829
975	12	Ġthe	5.200667
975	13	Ġman	5.722489
975	14	Ġtestified	14.874492
975	15	Ġshould	11.701019
975	16	Ġhand	12.844028
975	17	Ġan	12.097975
975	18	Ġaward	7.738379
975	19	Ġfor	5.297377
975	20	Ġher	8.78854
975	21	Ġmother	8.551821
975	22	.	2.362833
975	23	<|endoftext|>	7.885257
976	1	<|endoftext|>	0.0
976	2	My	8.871096
976	3	Ġfriend	6.116584
976	4	Ġknows	11.51616
976	5	Ġwho	5.951905
976	6	Ġthe	5.290214
976	7	Ġjudge	10.018759
976	8	Ġthought	8.48003
976	9	Ġthe	5.170451
976	10	Ġcop	9.380175
976	11	Ġsaid	9.738829
976	12	Ġthe	5.200667
976	13	Ġman	5.722489
976	14	Ġtestified	14.874492
976	15	Ġthe	6.334378
976	16	Ġsuccessful	18.783315
976	17	Ġarchitect	18.085286
976	18	Ġshould	7.753583
976	19	Ġhand	11.279942
976	20	Ġan	11.100513
976	21	Ġaward	4.698543
976	22	Ġfor	4.920508
976	23	Ġher	8.282833
976	24	Ġmother	9.269449
976	25	.	2.452481
976	26	<|endoftext|>	7.471293
977	1	<|endoftext|>	0.0
977	2	My	8.871096
977	3	Ġfriend	6.116584
977	4	Ġknows	11.51616
977	5	Ġthat	3.638092
977	6	Ġthe	4.230303
977	7	Ġjudge	12.8845
977	8	Ġthought	8.963326
977	9	Ġthe	4.014049
977	10	Ġcop	9.874248
977	11	Ġsaid	9.309993
977	12	Ġthe	3.393665
977	13	Ġman	6.863092
977	14	Ġtestified	14.090038
977	15	Ġshould	14.489405
977	16	Ġhand	13.058981
977	17	Ġan	11.784038
977	18	Ġaward	7.227145
977	19	Ġfor	5.411901
977	20	Ġher	9.255522
977	21	Ġmother	8.516029
977	22	.	2.759104
977	23	<|endoftext|>	8.614625
978	1	<|endoftext|>	0.0
978	2	My	8.871096
978	3	Ġfriend	6.116584
978	4	Ġknows	11.51616
978	5	Ġthat	3.638092
978	6	Ġthe	4.230303
978	7	Ġjudge	12.8845
978	8	Ġthought	8.963326
978	9	Ġthe	4.014049
978	10	Ġcop	9.874248
978	11	Ġsaid	9.309993
978	12	Ġthe	3.393665
978	13	Ġman	6.863092
978	14	Ġtestified	14.090038
978	15	Ġthe	5.669937
978	16	Ġsuccessful	18.747243
978	17	Ġarchitect	19.287589
978	18	Ġshould	7.593496
978	19	Ġhand	11.042095
978	20	Ġan	10.897581
978	21	Ġaward	4.202505
978	22	Ġfor	5.026644
978	23	Ġher	8.727437
978	24	Ġmother	9.134089
978	25	.	2.65427
978	26	<|endoftext|>	8.208279
979	1	<|endoftext|>	0.0
979	2	My	8.871096
979	3	Ġfriend	6.116584
979	4	Ġknows	11.51616
979	5	Ġwho	5.951905
979	6	Ġthe	5.290214
979	7	Ġjudge	10.018759
979	8	Ġthought	8.48003
979	9	Ġthe	5.170451
979	10	Ġcop	9.380175
979	11	Ġsaid	9.738829
979	12	Ġthe	5.200667
979	13	Ġman	5.722489
979	14	Ġtestified	14.874492
979	15	Ġshould	11.701019
979	16	Ġhand	12.844028
979	17	Ġan	12.097975
979	18	Ġaward	7.738379
979	19	Ġfor	5.297377
979	20	Ġher	8.78854
979	21	Ġmother	8.551821
979	22	.	2.362833
979	23	<|endoftext|>	7.885257
980	1	<|endoftext|>	0.0
980	2	My	8.871096
980	3	Ġfriend	6.116584
980	4	Ġknows	11.51616
980	5	Ġwho	5.951905
980	6	Ġthe	5.290214
980	7	Ġjudge	10.018759
980	8	Ġthought	8.48003
980	9	Ġthe	5.170451
980	10	Ġcop	9.380175
980	11	Ġsaid	9.738829
980	12	Ġthe	5.200667
980	13	Ġman	5.722489
980	14	Ġtestified	14.874492
980	15	Ġthe	6.334378
980	16	Ġsuccessful	18.783315
980	17	Ġarchitect	18.085286
980	18	Ġshould	7.753583
980	19	Ġhand	11.279942
980	20	Ġan	11.100513
980	21	Ġaward	4.698543
980	22	Ġfor	4.920508
980	23	Ġher	8.282833
980	24	Ġmother	9.269449
980	25	.	2.452481
980	26	<|endoftext|>	7.471293
981	1	<|endoftext|>	0.0
981	2	The	4.729313
981	3	Ġneighbors	15.961525
981	4	Ġfound	9.498378
981	5	Ġout	4.967376
981	6	Ġthat	2.611256
981	7	Ġdid	14.512667
981	8	Ġbuy	14.007479
981	9	Ġa	2.572781
981	10	Ġgift	9.761342
981	11	Ġfor	3.16814
981	12	Ġher	3.429161
981	13	Ġparents	7.442848
981	14	.	2.52275
981	15	<|endoftext|>	6.407516
982	1	<|endoftext|>	0.0
982	2	The	4.729281
982	3	Ġneighbors	15.961583
982	4	Ġfound	9.498288
982	5	Ġout	4.967343
982	6	Ġthat	2.611273
982	7	Ġthe	2.653965
982	8	Ġyoung	8.157776
982	9	Ġwoman	2.926718
982	10	Ġdid	8.714187
982	11	Ġbuy	12.396899
982	12	Ġa	1.751552
982	13	Ġgift	9.114127
982	14	Ġfor	2.406378
982	15	Ġher	1.611191
982	16	Ġparents	6.407366
982	17	.	2.607897
982	18	<|endoftext|>	6.965923
983	1	<|endoftext|>	0.0
983	2	The	4.729313
983	3	Ġneighbors	15.961525
983	4	Ġfound	9.498378
983	5	Ġout	4.967376
983	6	Ġwho	6.983303
983	7	Ġdid	5.829884
983	8	Ġbuy	14.558496
983	9	Ġa	5.007338
983	10	Ġgift	10.678426
983	11	Ġfor	3.182462
983	12	Ġher	3.960729
983	13	Ġparents	8.289569
983	14	.	2.526044
983	15	<|endoftext|>	6.796231
984	1	<|endoftext|>	0.0
984	2	The	4.729281
984	3	Ġneighbors	15.961583
984	4	Ġfound	9.498288
984	5	Ġout	4.967343
984	6	Ġwho	6.983309
984	7	Ġthe	3.196739
984	8	Ġyoung	8.586343
984	9	Ġwoman	3.663629
984	10	Ġdid	12.50862
984	11	Ġbuy	11.573336
984	12	Ġa	3.472115
984	13	Ġgift	9.21273
984	14	Ġfor	2.173298
984	15	Ġher	3.359593
984	16	Ġparents	6.944412
984	17	.	2.271238
984	18	<|endoftext|>	6.676547
985	1	<|endoftext|>	0.0
985	2	The	4.729281
985	3	Ġneighbors	15.961583
985	4	Ġfound	9.498288
985	5	Ġout	4.967343
985	6	Ġthat	2.611273
985	7	Ġher	6.08784
985	8	Ġmother	4.685974
985	9	Ġheard	12.766309
985	10	Ġdid	18.256908
985	11	Ġbuy	11.828337
985	12	Ġa	2.527829
985	13	Ġgift	9.095516
985	14	Ġfor	2.636581
985	15	Ġher	1.369828
985	16	Ġparents	9.43529
985	17	.	2.904037
985	18	<|endoftext|>	7.215159
986	1	<|endoftext|>	0.0
986	2	The	4.729281
986	3	Ġneighbors	15.961583
986	4	Ġfound	9.498288
986	5	Ġout	4.967343
986	6	Ġthat	2.611273
986	7	Ġher	6.08784
986	8	Ġmother	4.685974
986	9	Ġheard	12.766309
986	10	Ġthe	2.631726
986	11	Ġyoung	8.760134
986	12	Ġwoman	2.026369
986	13	Ġdid	13.818435
986	14	Ġbuy	12.825822
986	15	Ġa	2.463611
986	16	Ġgift	9.141115
986	17	Ġfor	2.332572
986	18	Ġher	1.26176
986	19	Ġparents	8.751384
986	20	.	2.480088
986	21	<|endoftext|>	7.122249
987	1	<|endoftext|>	0.0
987	2	The	4.729281
987	3	Ġneighbors	15.961583
987	4	Ġfound	9.498288
987	5	Ġout	4.967343
987	6	Ġwho	6.983309
987	7	Ġher	7.998044
987	8	Ġmother	5.239479
987	9	Ġheard	14.108228
987	10	Ġdid	15.447589
987	11	Ġbuy	14.392603
987	12	Ġa	3.543524
987	13	Ġgift	9.602296
987	14	Ġfor	2.820625
987	15	Ġher	1.402946
987	16	Ġparents	9.52589
987	17	.	2.165979
987	18	<|endoftext|>	6.869057
988	1	<|endoftext|>	0.0
988	2	The	4.729281
988	3	Ġneighbors	15.961583
988	4	Ġfound	9.498288
988	5	Ġout	4.967343
988	6	Ġwho	6.983309
988	7	Ġher	7.998044
988	8	Ġmother	5.239479
988	9	Ġheard	14.108228
988	10	Ġthe	6.018119
988	11	Ġyoung	9.863254
988	12	Ġwoman	1.584885
988	13	Ġdid	13.068426
988	14	Ġbuy	12.689359
988	15	Ġa	2.9583
988	16	Ġgift	9.341033
988	17	Ġfor	2.295697
988	18	Ġher	2.245958
988	19	Ġparents	9.008839
988	20	.	1.912619
988	21	<|endoftext|>	6.781092
989	1	<|endoftext|>	0.0
989	2	The	4.729281
989	3	Ġneighbors	15.961583
989	4	Ġfound	9.498288
989	5	Ġout	4.967343
989	6	Ġthat	2.611273
989	7	Ġher	6.08784
989	8	Ġmother	4.685974
989	9	Ġheard	12.766309
989	10	Ġthe	2.631726
989	11	Ġnewspaper	14.722324
989	12	Ġreported	9.827112
989	13	Ġdid	14.134118
989	14	Ġbuy	11.619281
989	15	Ġa	2.348812
989	16	Ġgift	8.674202
989	17	Ġfor	2.238977
989	18	Ġher	1.144783
989	19	Ġparents	9.254179
989	20	.	1.929686
989	21	<|endoftext|>	6.408888
990	1	<|endoftext|>	0.0
990	2	The	4.729281
990	3	Ġneighbors	15.961583
990	4	Ġfound	9.498288
990	5	Ġout	4.967343
990	6	Ġthat	2.611273
990	7	Ġher	6.08784
990	8	Ġmother	4.685974
990	9	Ġheard	12.766309
990	10	Ġthe	2.631726
990	11	Ġnewspaper	14.722324
990	12	Ġreported	9.827112
990	13	Ġthe	3.133083
990	14	Ġyoung	9.099211
990	15	Ġwoman	1.650705
990	16	Ġdid	9.851218
990	17	Ġbuy	11.558976
990	18	Ġa	2.199798
990	19	Ġgift	8.825756
990	20	Ġfor	1.993574
990	21	Ġher	1.22607
990	22	Ġparents	7.810247
990	23	.	1.847166
990	24	<|endoftext|>	6.507254
991	1	<|endoftext|>	0.0
991	2	The	4.729281
991	3	Ġneighbors	15.961583
991	4	Ġfound	9.498288
991	5	Ġout	4.967343
991	6	Ġwho	6.983309
991	7	Ġher	7.998044
991	8	Ġmother	5.239479
991	9	Ġheard	14.108228
991	10	Ġthe	6.018119
991	11	Ġnewspaper	14.700386
991	12	Ġreported	6.694649
991	13	Ġdid	12.293872
991	14	Ġbuy	13.08402
991	15	Ġa	2.576575
991	16	Ġgift	9.346298
991	17	Ġfor	2.522074
991	18	Ġher	1.305282
991	19	Ġparents	9.268431
991	20	.	1.72866
991	21	<|endoftext|>	6.316868
992	1	<|endoftext|>	0.0
992	2	The	4.729281
992	3	Ġneighbors	15.961583
992	4	Ġfound	9.498288
992	5	Ġout	4.967343
992	6	Ġwho	6.983309
992	7	Ġher	7.998044
992	8	Ġmother	5.239479
992	9	Ġheard	14.108228
992	10	Ġthe	6.018119
992	11	Ġnewspaper	14.700386
992	12	Ġreported	6.694649
992	13	Ġthe	4.93264
992	14	Ġyoung	9.17585
992	15	Ġwoman	1.169724
992	16	Ġdid	9.968527
992	17	Ġbuy	10.719954
992	18	Ġa	2.374482
992	19	Ġgift	8.799795
992	20	Ġfor	1.957949
992	21	Ġher	1.154224
992	22	Ġparents	7.654359
992	23	.	1.667676
992	24	<|endoftext|>	6.137112
993	1	<|endoftext|>	0.0
993	2	The	4.729281
993	3	Ġneighbors	15.961583
993	4	Ġfound	9.498288
993	5	Ġout	4.967343
993	6	Ġthat	2.611273
993	7	Ġher	6.08784
993	8	Ġmother	4.685974
993	9	Ġheard	12.766309
993	10	Ġthe	2.631726
993	11	Ġnewspaper	14.722324
993	12	Ġreported	9.827112
993	13	Ġthe	3.133083
993	14	Ġmayor	11.328305
993	15	Ġsaid	8.085535
993	16	Ġdid	12.869818
993	17	Ġbuy	12.425891
993	18	Ġa	2.664686
993	19	Ġgift	9.122243
993	20	Ġfor	1.851112
993	21	Ġher	1.637522
993	22	Ġparents	8.954494
993	23	.	1.561597
993	24	<|endoftext|>	5.8631
994	1	<|endoftext|>	0.0
994	2	The	4.729281
994	3	Ġneighbors	15.961583
994	4	Ġfound	9.498288
994	5	Ġout	4.967343
994	6	Ġthat	2.611273
994	7	Ġher	6.08784
994	8	Ġmother	4.685974
994	9	Ġheard	12.766309
994	10	Ġthe	2.631726
994	11	Ġnewspaper	14.722324
994	12	Ġreported	9.827112
994	13	Ġthe	3.133083
994	14	Ġmayor	11.328305
994	15	Ġsaid	8.085535
994	16	Ġthe	3.252141
994	17	Ġyoung	9.499897
994	18	Ġwoman	1.606515
994	19	Ġdid	7.606167
994	20	Ġbuy	12.852251
994	21	Ġa	2.351533
994	22	Ġgift	8.956984
994	23	Ġfor	1.836661
994	24	Ġher	1.619672
994	25	Ġparents	7.738718
994	26	.	1.613221
994	27	<|endoftext|>	5.801271
995	1	<|endoftext|>	0.0
995	2	The	4.729281
995	3	Ġneighbors	15.961583
995	4	Ġfound	9.498288
995	5	Ġout	4.967343
995	6	Ġwho	6.983309
995	7	Ġher	7.998044
995	8	Ġmother	5.239479
995	9	Ġheard	14.108228
995	10	Ġthe	6.018119
995	11	Ġnewspaper	14.700386
995	12	Ġreported	6.694649
995	13	Ġthe	4.93264
995	14	Ġmayor	11.755061
995	15	Ġsaid	6.46455
995	16	Ġdid	9.944462
995	17	Ġbuy	11.622128
995	18	Ġa	2.90874
995	19	Ġgift	9.146884
995	20	Ġfor	2.205768
995	21	Ġher	1.474269
995	22	Ġparents	8.75629
995	23	.	1.416103
995	24	<|endoftext|>	5.480227
996	1	<|endoftext|>	0.0
996	2	The	4.729281
996	3	Ġneighbors	15.961583
996	4	Ġfound	9.498288
996	5	Ġout	4.967343
996	6	Ġwho	6.983309
996	7	Ġher	7.998044
996	8	Ġmother	5.239479
996	9	Ġheard	14.108228
996	10	Ġthe	6.018119
996	11	Ġnewspaper	14.700386
996	12	Ġreported	6.694649
996	13	Ġthe	4.93264
996	14	Ġmayor	11.755061
996	15	Ġsaid	6.46455
996	16	Ġthe	4.440027
996	17	Ġyoung	8.772491
996	18	Ġwoman	1.15678
996	19	Ġdid	8.330024
996	20	Ġbuy	10.994712
996	21	Ġa	2.421012
996	22	Ġgift	8.659719
996	23	Ġfor	1.953067
996	24	Ġher	1.35967
996	25	Ġparents	7.531296
996	26	.	1.611035
996	27	<|endoftext|>	5.318862
997	1	<|endoftext|>	0.0
997	2	The	4.729281
997	3	Ġneighbors	15.961583
997	4	Ġfound	9.498288
997	5	Ġout	4.967343
997	6	Ġthat	2.611273
997	7	Ġher	6.08784
997	8	Ġmother	4.685974
997	9	Ġheard	12.766309
997	10	Ġthe	2.631726
997	11	Ġnewspaper	14.722324
997	12	Ġreported	9.827112
997	13	Ġthe	3.133083
997	14	Ġmayor	11.328305
997	15	Ġsaid	8.085535
997	16	Ġdid	12.869818
997	17	Ġbuy	12.425891
997	18	Ġa	2.664686
997	19	Ġgift	9.122243
997	20	Ġfor	1.851112
997	21	Ġher	1.637522
997	22	Ġparents	8.954494
997	23	.	1.561597
997	24	<|endoftext|>	5.8631
998	1	<|endoftext|>	0.0
998	2	The	4.729281
998	3	Ġneighbors	15.961583
998	4	Ġfound	9.498288
998	5	Ġout	4.967343
998	6	Ġthat	2.611273
998	7	Ġher	6.08784
998	8	Ġmother	4.685974
998	9	Ġheard	12.766309
998	10	Ġthe	2.631726
998	11	Ġnewspaper	14.722324
998	12	Ġreported	9.827112
998	13	Ġthe	3.133083
998	14	Ġmayor	11.328305
998	15	Ġsaid	8.085535
998	16	Ġthe	3.252141
998	17	Ġyoung	9.499897
998	18	Ġwoman	1.606515
998	19	Ġdid	7.606167
998	20	Ġbuy	12.852251
998	21	Ġa	2.351533
998	22	Ġgift	8.956984
998	23	Ġfor	1.836661
998	24	Ġher	1.619672
998	25	Ġparents	7.738718
998	26	.	1.613221
998	27	<|endoftext|>	5.801271
999	1	<|endoftext|>	0.0
999	2	The	4.729281
999	3	Ġneighbors	15.961583
999	4	Ġfound	9.498288
999	5	Ġout	4.967343
999	6	Ġwho	6.983309
999	7	Ġher	7.998044
999	8	Ġmother	5.239479
999	9	Ġheard	14.108228
999	10	Ġthe	6.018119
999	11	Ġnewspaper	14.700386
999	12	Ġreported	6.694649
999	13	Ġthe	4.93264
999	14	Ġmayor	11.755061
999	15	Ġsaid	6.46455
999	16	Ġdid	9.944462
999	17	Ġbuy	11.622128
999	18	Ġa	2.90874
999	19	Ġgift	9.146884
999	20	Ġfor	2.205768
999	21	Ġher	1.474269
999	22	Ġparents	8.75629
999	23	.	1.416103
999	24	<|endoftext|>	5.480227
1000	1	<|endoftext|>	0.0
1000	2	The	4.729281
1000	3	Ġneighbors	15.961583
1000	4	Ġfound	9.498288
1000	5	Ġout	4.967343
1000	6	Ġwho	6.983309
1000	7	Ġher	7.998044
1000	8	Ġmother	5.239479
1000	9	Ġheard	14.108228
1000	10	Ġthe	6.018119
1000	11	Ġnewspaper	14.700386
1000	12	Ġreported	6.694649
1000	13	Ġthe	4.93264
1000	14	Ġmayor	11.755061
1000	15	Ġsaid	6.46455
1000	16	Ġthe	4.440027
1000	17	Ġyoung	8.772491
1000	18	Ġwoman	1.15678
1000	19	Ġdid	8.330024
1000	20	Ġbuy	10.994712
1000	21	Ġa	2.421012
1000	22	Ġgift	8.659719
1000	23	Ġfor	1.953067
1000	24	Ġher	1.35967
1000	25	Ġparents	7.531296
1000	26	.	1.611035
1000	27	<|endoftext|>	5.318862
1001	1	<|endoftext|>	0.0
1001	2	We	7.155782
1001	3	Ġdiscovered	10.710771
1001	4	Ġthat	1.752152
1001	5	Ġdid	14.794038
1001	6	Ġtell	14.745464
1001	7	Ġa	4.834372
1001	8	Ġstory	2.260983
1001	9	Ġabout	2.159318
1001	10	Ġthe	2.959832
1001	11	Ġwoman	9.675634
1001	12	.	5.112967
1001	13	<|endoftext|>	7.515114
1002	1	<|endoftext|>	0.0
1002	2	We	7.155761
1002	3	Ġdiscovered	10.710793
1002	4	Ġthat	1.752161
1002	5	Ġthe	2.945664
1002	6	Ġfunny	14.610687
1002	7	Ġactor	15.858036
1002	8	Ġdid	8.434026
1002	9	Ġtell	11.782787
1002	10	Ġa	3.068389
1002	11	Ġstory	1.767554
1002	12	Ġabout	1.163687
1002	13	Ġthe	3.704965
1002	14	Ġwoman	8.355818
1002	15	.	6.865851
1002	16	<|endoftext|>	7.709079
1003	1	<|endoftext|>	0.0
1003	2	We	7.155782
1003	3	Ġdiscovered	10.710771
1003	4	Ġwho	11.864204
1003	5	Ġdid	6.157071
1003	6	Ġtell	14.244887
1003	7	Ġa	7.145857
1003	8	Ġstory	1.26126
1003	9	Ġabout	1.475801
1003	10	Ġthe	3.088689
1003	11	Ġwoman	8.402951
1003	12	.	5.098217
1003	13	<|endoftext|>	7.305006
1004	1	<|endoftext|>	0.0
1004	2	We	7.155761
1004	3	Ġdiscovered	10.710793
1004	4	Ġwho	11.864201
1004	5	Ġthe	3.666755
1004	6	Ġfunny	13.074747
1004	7	Ġactor	11.358913
1004	8	Ġdid	11.13176
1004	9	Ġtell	11.510061
1004	10	Ġa	5.124121
1004	11	Ġstory	1.262752
1004	12	Ġabout	1.20387
1004	13	Ġthe	3.598145
1004	14	Ġwoman	8.874151
1004	15	.	5.66378
1004	16	<|endoftext|>	6.978359
1005	1	<|endoftext|>	0.0
1005	2	We	7.155761
1005	3	Ġdiscovered	10.710806
1005	4	Ġthat	1.752165
1005	5	Ġthe	2.945662
1005	6	Ġdelivery	13.439272
1005	7	Ġboy	12.783779
1005	8	Ġremarked	16.914922
1005	9	Ġdid	16.620215
1005	10	Ġtell	13.692371
1005	11	Ġa	4.35439
1005	12	Ġstory	1.4397
1005	13	Ġabout	1.714838
1005	14	Ġthe	3.211901
1005	15	Ġwoman	7.633107
1005	16	.	4.758004
1005	17	<|endoftext|>	8.525254
1006	1	<|endoftext|>	0.0
1006	2	We	7.155761
1006	3	Ġdiscovered	10.710806
1006	4	Ġthat	1.752165
1006	5	Ġthe	2.945662
1006	6	Ġdelivery	13.439272
1006	7	Ġboy	12.783779
1006	8	Ġremarked	16.914922
1006	9	Ġthe	6.927592
1006	10	Ġfunny	11.516302
1006	11	Ġactor	12.573332
1006	12	Ġdid	7.306942
1006	13	Ġtell	12.886707
1006	14	Ġa	4.573552
1006	15	Ġstory	3.076476
1006	16	Ġabout	1.450847
1006	17	Ġthe	3.352912
1006	18	Ġwoman	8.226132
1006	19	.	4.549156
1006	20	<|endoftext|>	7.578212
1007	1	<|endoftext|>	0.0
1007	2	We	7.155761
1007	3	Ġdiscovered	10.710806
1007	4	Ġwho	11.864205
1007	5	Ġthe	3.666737
1007	6	Ġdelivery	15.892686
1007	7	Ġboy	5.617702
1007	8	Ġremarked	22.228242
1007	9	Ġdid	10.9296
1007	10	Ġtell	12.317457
1007	11	Ġa	5.886427
1007	12	Ġstory	0.682624
1007	13	Ġabout	1.587578
1007	14	Ġthe	3.311072
1007	15	Ġwoman	7.538079
1007	16	.	4.113636
1007	17	<|endoftext|>	7.66817
1008	1	<|endoftext|>	0.0
1008	2	We	7.155761
1008	3	Ġdiscovered	10.710806
1008	4	Ġwho	11.864205
1008	5	Ġthe	3.666737
1008	6	Ġdelivery	15.892686
1008	7	Ġboy	5.617702
1008	8	Ġremarked	22.228242
1008	9	Ġthe	4.75599
1008	10	Ġfunny	14.01174
1008	11	Ġactor	12.541944
1008	12	Ġdid	8.655182
1008	13	Ġtell	15.059465
1008	14	Ġa	5.672119
1008	15	Ġstory	2.678931
1008	16	Ġabout	1.080827
1008	17	Ġthe	3.909855
1008	18	Ġwoman	8.29597
1008	19	.	4.115134
1008	20	<|endoftext|>	6.521096
1009	1	<|endoftext|>	0.0
1009	2	We	7.155761
1009	3	Ġdiscovered	10.710806
1009	4	Ġthat	1.752165
1009	5	Ġthe	2.945662
1009	6	Ġdelivery	13.439272
1009	7	Ġboy	12.783779
1009	8	Ġremarked	16.914922
1009	9	Ġthe	6.927592
1009	10	Ġworker	13.224164
1009	11	Ġsaid	7.931121
1009	12	Ġdid	12.746718
1009	13	Ġtell	14.195061
1009	14	Ġa	6.006392
1009	15	Ġstory	2.811243
1009	16	Ġabout	1.611155
1009	17	Ġthe	2.880047
1009	18	Ġwoman	6.983066
1009	19	.	3.398769
1009	20	<|endoftext|>	7.935482
1010	1	<|endoftext|>	0.0
1010	2	We	7.155761
1010	3	Ġdiscovered	10.710806
1010	4	Ġthat	1.752165
1010	5	Ġthe	2.945662
1010	6	Ġdelivery	13.439272
1010	7	Ġboy	12.783779
1010	8	Ġremarked	16.914922
1010	9	Ġthe	6.927592
1010	10	Ġworker	13.224164
1010	11	Ġsaid	7.931121
1010	12	Ġthe	3.249919
1010	13	Ġfunny	15.045601
1010	14	Ġactor	12.771513
1010	15	Ġdid	6.454524
1010	16	Ġtell	13.78109
1010	17	Ġa	5.143301
1010	18	Ġstory	3.82963
1010	19	Ġabout	1.769467
1010	20	Ġthe	3.104186
1010	21	Ġwoman	7.65727
1010	22	.	3.134114
1010	23	<|endoftext|>	7.205838
1011	1	<|endoftext|>	0.0
1011	2	We	7.155761
1011	3	Ġdiscovered	10.710806
1011	4	Ġwho	11.864205
1011	5	Ġthe	3.666737
1011	6	Ġdelivery	15.892686
1011	7	Ġboy	5.617702
1011	8	Ġremarked	22.228242
1011	9	Ġthe	4.75599
1011	10	Ġworker	14.120499
1011	11	Ġsaid	8.26934
1011	12	Ġdid	9.726886
1011	13	Ġtell	14.576412
1011	14	Ġa	6.76533
1011	15	Ġstory	2.052016
1011	16	Ġabout	1.61721
1011	17	Ġthe	3.142358
1011	18	Ġwoman	6.588524
1011	19	.	3.114166
1011	20	<|endoftext|>	6.977292
1012	1	<|endoftext|>	0.0
1012	2	We	7.155761
1012	3	Ġdiscovered	10.710806
1012	4	Ġwho	11.864205
1012	5	Ġthe	3.666737
1012	6	Ġdelivery	15.892686
1012	7	Ġboy	5.617702
1012	8	Ġremarked	22.228242
1012	9	Ġthe	4.75599
1012	10	Ġworker	14.120499
1012	11	Ġsaid	8.26934
1012	12	Ġthe	5.243505
1012	13	Ġfunny	14.891433
1012	14	Ġactor	11.809025
1012	15	Ġdid	7.198615
1012	16	Ġtell	15.326077
1012	17	Ġa	5.721382
1012	18	Ġstory	3.490501
1012	19	Ġabout	1.5938
1012	20	Ġthe	3.450696
1012	21	Ġwoman	7.51641
1012	22	.	3.144676
1012	23	<|endoftext|>	6.129185
1013	1	<|endoftext|>	0.0
1013	2	We	7.155761
1013	3	Ġdiscovered	10.710806
1013	4	Ġthat	1.752165
1013	5	Ġthe	2.945662
1013	6	Ġdelivery	13.439272
1013	7	Ġboy	12.783779
1013	8	Ġremarked	16.914922
1013	9	Ġthe	6.927592
1013	10	Ġworker	13.224164
1013	11	Ġsaid	7.931121
1013	12	Ġthe	3.249919
1013	13	Ġgard	13.982379
1013	14	ener	2.231375
1013	15	Ġknew	8.407284
1013	16	Ġdid	14.422974
1013	17	Ġtell	13.653722
1013	18	Ġa	6.160053
1013	19	Ġstory	2.576588
1013	20	Ġabout	2.675474
1013	21	Ġthe	1.865122
1013	22	Ġwoman	6.780307
1013	23	.	2.795055
1013	24	<|endoftext|>	7.523334
1014	1	<|endoftext|>	0.0
1014	2	We	7.155761
1014	3	Ġdiscovered	10.710806
1014	4	Ġthat	1.752165
1014	5	Ġthe	2.945662
1014	6	Ġdelivery	13.439272
1014	7	Ġboy	12.783779
1014	8	Ġremarked	16.914922
1014	9	Ġthe	6.927592
1014	10	Ġworker	13.224164
1014	11	Ġsaid	7.931121
1014	12	Ġthe	3.249919
1014	13	Ġgard	13.982379
1014	14	ener	2.231375
1014	15	Ġknew	8.407284
1014	16	Ġthe	2.48598
1014	17	Ġfunny	14.528131
1014	18	Ġactor	13.185743
1014	19	Ġdid	8.882219
1014	20	Ġtell	13.330436
1014	21	Ġa	4.852015
1014	22	Ġstory	3.504857
1014	23	Ġabout	2.272432
1014	24	Ġthe	2.779184
1014	25	Ġwoman	7.620841
1014	26	.	2.916274
1014	27	<|endoftext|>	6.857542
1015	1	<|endoftext|>	0.0
1015	2	We	7.155761
1015	3	Ġdiscovered	10.710806
1015	4	Ġwho	11.864205
1015	5	Ġthe	3.666737
1015	6	Ġdelivery	15.892686
1015	7	Ġboy	5.617702
1015	8	Ġremarked	22.228242
1015	9	Ġthe	4.75599
1015	10	Ġworker	14.120499
1015	11	Ġsaid	8.26934
1015	12	Ġthe	5.243505
1015	13	Ġgard	14.497364
1015	14	ener	3.409932
1015	15	Ġknew	8.362879
1015	16	Ġdid	11.001367
1015	17	Ġtell	13.436241
1015	18	Ġa	6.490506
1015	19	Ġstory	2.042185
1015	20	Ġabout	2.682665
1015	21	Ġthe	2.146817
1015	22	Ġwoman	6.330017
1015	23	.	2.636002
1015	24	<|endoftext|>	6.690759
1016	1	<|endoftext|>	0.0
1016	2	We	7.155761
1016	3	Ġdiscovered	10.710806
1016	4	Ġwho	11.864205
1016	5	Ġthe	3.666737
1016	6	Ġdelivery	15.892686
1016	7	Ġboy	5.617702
1016	8	Ġremarked	22.228242
1016	9	Ġthe	4.75599
1016	10	Ġworker	14.120499
1016	11	Ġsaid	8.26934
1016	12	Ġthe	5.243505
1016	13	Ġgard	14.497364
1016	14	ener	3.409932
1016	15	Ġknew	8.362879
1016	16	Ġthe	3.105673
1016	17	Ġfunny	14.379947
1016	18	Ġactor	12.433535
1016	19	Ġdid	9.485414
1016	20	Ġtell	13.814498
1016	21	Ġa	5.233413
1016	22	Ġstory	3.082975
1016	23	Ġabout	2.305183
1016	24	Ġthe	2.964918
1016	25	Ġwoman	7.379352
1016	26	.	2.928736
1016	27	<|endoftext|>	5.996315
1017	1	<|endoftext|>	0.0
1017	2	We	7.155761
1017	3	Ġdiscovered	10.710806
1017	4	Ġthat	1.752165
1017	5	Ġthe	2.945662
1017	6	Ġdelivery	13.439272
1017	7	Ġboy	12.783779
1017	8	Ġremarked	16.914922
1017	9	Ġthe	6.927592
1017	10	Ġworker	13.224164
1017	11	Ġsaid	7.931121
1017	12	Ġthe	3.249919
1017	13	Ġgard	13.982379
1017	14	ener	2.231375
1017	15	Ġknew	8.407284
1017	16	Ġdid	14.422974
1017	17	Ġtell	13.653722
1017	18	Ġa	6.160053
1017	19	Ġstory	2.576588
1017	20	Ġabout	2.675474
1017	21	Ġthe	1.865122
1017	22	Ġwoman	6.780307
1017	23	.	2.795055
1017	24	<|endoftext|>	7.523334
1018	1	<|endoftext|>	0.0
1018	2	We	7.155761
1018	3	Ġdiscovered	10.710806
1018	4	Ġthat	1.752165
1018	5	Ġthe	2.945662
1018	6	Ġdelivery	13.439272
1018	7	Ġboy	12.783779
1018	8	Ġremarked	16.914922
1018	9	Ġthe	6.927592
1018	10	Ġworker	13.224164
1018	11	Ġsaid	7.931121
1018	12	Ġthe	3.249919
1018	13	Ġgard	13.982379
1018	14	ener	2.231375
1018	15	Ġknew	8.407284
1018	16	Ġthe	2.48598
1018	17	Ġfunny	14.528131
1018	18	Ġactor	13.185743
1018	19	Ġdid	8.882219
1018	20	Ġtell	13.330436
1018	21	Ġa	4.852015
1018	22	Ġstory	3.504857
1018	23	Ġabout	2.272432
1018	24	Ġthe	2.779184
1018	25	Ġwoman	7.620841
1018	26	.	2.916274
1018	27	<|endoftext|>	6.857542
1019	1	<|endoftext|>	0.0
1019	2	We	7.155761
1019	3	Ġdiscovered	10.710806
1019	4	Ġwho	11.864205
1019	5	Ġthe	3.666737
1019	6	Ġdelivery	15.892686
1019	7	Ġboy	5.617702
1019	8	Ġremarked	22.228242
1019	9	Ġthe	4.75599
1019	10	Ġworker	14.120499
1019	11	Ġsaid	8.26934
1019	12	Ġthe	5.243505
1019	13	Ġgard	14.497364
1019	14	ener	3.409932
1019	15	Ġknew	8.362879
1019	16	Ġdid	11.001367
1019	17	Ġtell	13.436241
1019	18	Ġa	6.490506
1019	19	Ġstory	2.042185
1019	20	Ġabout	2.682665
1019	21	Ġthe	2.146817
1019	22	Ġwoman	6.330017
1019	23	.	2.636002
1019	24	<|endoftext|>	6.690759
1020	1	<|endoftext|>	0.0
1020	2	We	7.155761
1020	3	Ġdiscovered	10.710806
1020	4	Ġwho	11.864205
1020	5	Ġthe	3.666737
1020	6	Ġdelivery	15.892686
1020	7	Ġboy	5.617702
1020	8	Ġremarked	22.228242
1020	9	Ġthe	4.75599
1020	10	Ġworker	14.120499
1020	11	Ġsaid	8.26934
1020	12	Ġthe	5.243505
1020	13	Ġgard	14.497364
1020	14	ener	3.409932
1020	15	Ġknew	8.362879
1020	16	Ġthe	3.105673
1020	17	Ġfunny	14.379947
1020	18	Ġactor	12.433535
1020	19	Ġdid	9.485414
1020	20	Ġtell	13.814498
1020	21	Ġa	5.233413
1020	22	Ġstory	3.082975
1020	23	Ġabout	2.305183
1020	24	Ġthe	2.964918
1020	25	Ġwoman	7.379352
1020	26	.	2.928736
1020	27	<|endoftext|>	5.996315
1021	1	<|endoftext|>	0.0
1021	2	The	4.729313
1021	3	Ġassistant	14.661116
1021	4	Ġtold	11.456051
1021	5	Ġme	3.659077
1021	6	Ġthat	1.497251
1021	7	Ġwill	13.534728
1021	8	Ġsend	9.52866
1021	9	Ġthe	3.414122
1021	10	Ġpackage	7.521724
1021	11	Ġto	1.932893
1021	12	Ġhis	4.90539
1021	13	Ġfamily	5.521684
1021	14	.	2.015326
1021	15	<|endoftext|>	5.808008
1022	1	<|endoftext|>	0.0
1022	2	The	4.729281
1022	3	Ġassistant	14.661097
1022	4	Ġtold	11.45606
1022	5	Ġme	3.659039
1022	6	Ġthat	1.497253
1022	7	Ġthe	3.206986
1022	8	Ġpilot	11.241717
1022	9	Ġwill	6.286381
1022	10	Ġsend	7.962592
1022	11	Ġthe	3.186515
1022	12	Ġpackage	8.64697
1022	13	Ġto	1.455033
1022	14	Ġhis	4.566651
1022	15	Ġfamily	5.098945
1022	16	.	3.228209
1022	17	<|endoftext|>	6.49772
1023	1	<|endoftext|>	0.0
1023	2	The	4.729313
1023	3	Ġassistant	14.661116
1023	4	Ġtold	11.456051
1023	5	Ġme	3.659077
1023	6	Ġwho	11.622973
1023	7	Ġwill	7.684959
1023	8	Ġsend	8.509708
1023	9	Ġthe	2.205888
1023	10	Ġpackage	6.475125
1023	11	Ġto	2.509512
1023	12	Ġhis	5.670896
1023	13	Ġfamily	4.706492
1023	14	.	2.01324
1023	15	<|endoftext|>	6.755817
1024	1	<|endoftext|>	0.0
1024	2	The	4.729281
1024	3	Ġassistant	14.661097
1024	4	Ġtold	11.45606
1024	5	Ġme	3.659039
1024	6	Ġwho	11.622965
1024	7	Ġthe	4.30137
1024	8	Ġpilot	10.698833
1024	9	Ġwill	8.204408
1024	10	Ġsend	11.726768
1024	11	Ġthe	4.750442
1024	12	Ġpackage	10.363024
1024	13	Ġto	0.67804
1024	14	Ġhis	10.294672
1024	15	Ġfamily	4.789256
1024	16	.	1.669886
1024	17	<|endoftext|>	7.087371
1025	1	<|endoftext|>	0.0
1025	2	The	4.729281
1025	3	Ġassistant	14.661097
1025	4	Ġtold	11.45606
1025	5	Ġme	3.659039
1025	6	Ġthat	1.497253
1025	7	Ġthe	3.206986
1025	8	Ġman	7.405276
1025	9	Ġknew	9.258176
1025	10	Ġwill	14.854861
1025	11	Ġsend	9.359066
1025	12	Ġthe	3.24578
1025	13	Ġpackage	6.718938
1025	14	Ġto	2.128498
1025	15	Ġhis	2.489712
1025	16	Ġfamily	5.021098
1025	17	.	2.133838
1025	18	<|endoftext|>	6.930435
1026	1	<|endoftext|>	0.0
1026	2	The	4.729281
1026	3	Ġassistant	14.661097
1026	4	Ġtold	11.45606
1026	5	Ġme	3.659039
1026	6	Ġthat	1.497253
1026	7	Ġthe	3.206986
1026	8	Ġman	7.405276
1026	9	Ġknew	9.258176
1026	10	Ġthe	3.321853
1026	11	Ġpilot	12.092385
1026	12	Ġwill	10.712783
1026	13	Ġsend	9.364113
1026	14	Ġthe	3.002483
1026	15	Ġpackage	8.343989
1026	16	Ġto	1.718689
1026	17	Ġhis	3.329957
1026	18	Ġfamily	4.983525
1026	19	.	2.359091
1026	20	<|endoftext|>	7.179505
1027	1	<|endoftext|>	0.0
1027	2	The	4.729281
1027	3	Ġassistant	14.661097
1027	4	Ġtold	11.45606
1027	5	Ġme	3.659039
1027	6	Ġwho	11.622965
1027	7	Ġthe	4.30137
1027	8	Ġman	4.767286
1027	9	Ġknew	10.049911
1027	10	Ġwill	9.760702
1027	11	Ġsend	9.669708
1027	12	Ġthe	3.062365
1027	13	Ġpackage	6.877955
1027	14	Ġto	2.098305
1027	15	Ġhis	3.53203
1027	16	Ġfamily	4.648258
1027	17	.	1.457352
1027	18	<|endoftext|>	6.74096
1028	1	<|endoftext|>	0.0
1028	2	The	4.729281
1028	3	Ġassistant	14.661097
1028	4	Ġtold	11.45606
1028	5	Ġme	3.659039
1028	6	Ġwho	11.622965
1028	7	Ġthe	4.30137
1028	8	Ġman	4.767286
1028	9	Ġknew	10.049911
1028	10	Ġthe	7.526931
1028	11	Ġpilot	12.30244
1028	12	Ġwill	10.337502
1028	13	Ġsend	10.628303
1028	14	Ġthe	4.466249
1028	15	Ġpackage	8.644056
1028	16	Ġto	1.376686
1028	17	Ġhis	5.864762
1028	18	Ġfamily	4.641625
1028	19	.	1.549437
1028	20	<|endoftext|>	7.000257
1029	1	<|endoftext|>	0.0
1029	2	The	4.729281
1029	3	Ġassistant	14.661097
1029	4	Ġtold	11.45606
1029	5	Ġme	3.659039
1029	6	Ġthat	1.497253
1029	7	Ġthe	3.206986
1029	8	Ġman	7.405276
1029	9	Ġknew	9.258176
1029	10	Ġhis	4.255589
1029	11	Ġfriend	7.502174
1029	12	Ġrecalled	16.336565
1029	13	Ġwill	16.355019
1029	14	Ġsend	9.354022
1029	15	Ġthe	3.378144
1029	16	Ġpackage	6.935752
1029	17	Ġto	1.851909
1029	18	Ġhis	2.518785
1029	19	Ġfamily	4.869193
1029	20	.	2.023862
1029	21	<|endoftext|>	7.034245
1030	1	<|endoftext|>	0.0
1030	2	The	4.729281
1030	3	Ġassistant	14.661097
1030	4	Ġtold	11.45606
1030	5	Ġme	3.659039
1030	6	Ġthat	1.497253
1030	7	Ġthe	3.206986
1030	8	Ġman	7.405276
1030	9	Ġknew	9.258176
1030	10	Ġhis	4.255589
1030	11	Ġfriend	7.502174
1030	12	Ġrecalled	16.336565
1030	13	Ġthe	3.532873
1030	14	Ġpilot	14.492103
1030	15	Ġwill	13.358912
1030	16	Ġsend	8.681179
1030	17	Ġthe	3.126379
1030	18	Ġpackage	8.448006
1030	19	Ġto	1.57781
1030	20	Ġhis	3.267916
1030	21	Ġfamily	4.961036
1030	22	.	2.00914
1030	23	<|endoftext|>	6.98397
1031	1	<|endoftext|>	0.0
1031	2	The	4.729281
1031	3	Ġassistant	14.661097
1031	4	Ġtold	11.45606
1031	5	Ġme	3.659039
1031	6	Ġwho	11.622965
1031	7	Ġthe	4.30137
1031	8	Ġman	4.767286
1031	9	Ġknew	10.049911
1031	10	Ġhis	10.48741
1031	11	Ġfriend	7.913335
1031	12	Ġrecalled	15.660618
1031	13	Ġwill	13.301547
1031	14	Ġsend	9.638411
1031	15	Ġthe	3.627638
1031	16	Ġpackage	7.535504
1031	17	Ġto	1.747939
1031	18	Ġhis	2.762514
1031	19	Ġfamily	4.698812
1031	20	.	1.701213
1031	21	<|endoftext|>	6.723459
1032	1	<|endoftext|>	0.0
1032	2	The	4.729281
1032	3	Ġassistant	14.661097
1032	4	Ġtold	11.45606
1032	5	Ġme	3.659039
1032	6	Ġwho	11.622965
1032	7	Ġthe	4.30137
1032	8	Ġman	4.767286
1032	9	Ġknew	10.049911
1032	10	Ġhis	10.48741
1032	11	Ġfriend	7.913335
1032	12	Ġrecalled	15.660618
1032	13	Ġthe	4.471402
1032	14	Ġpilot	13.877148
1032	15	Ġwill	12.399214
1032	16	Ġsend	8.52384
1032	17	Ġthe	3.376033
1032	18	Ġpackage	8.628926
1032	19	Ġto	1.42713
1032	20	Ġhis	3.448214
1032	21	Ġfamily	4.901862
1032	22	.	1.893295
1032	23	<|endoftext|>	6.861981
1033	1	<|endoftext|>	0.0
1033	2	The	4.729281
1033	3	Ġassistant	14.661097
1033	4	Ġtold	11.45606
1033	5	Ġme	3.659039
1033	6	Ġthat	1.497253
1033	7	Ġthe	3.206986
1033	8	Ġman	7.405276
1033	9	Ġknew	9.258176
1033	10	Ġhis	4.255589
1033	11	Ġfriend	7.502174
1033	12	Ġrecalled	16.336565
1033	13	Ġthe	3.532873
1033	14	Ġwoman	7.19339
1033	15	Ġsaid	9.821543
1033	16	Ġwill	13.548969
1033	17	Ġsend	10.69758
1033	18	Ġthe	3.865404
1033	19	Ġpackage	6.100624
1033	20	Ġto	1.930674
1033	21	Ġhis	3.072636
1033	22	Ġfamily	5.066491
1033	23	.	1.14525
1033	24	<|endoftext|>	6.935471
1034	1	<|endoftext|>	0.0
1034	2	The	4.729281
1034	3	Ġassistant	14.661097
1034	4	Ġtold	11.45606
1034	5	Ġme	3.659039
1034	6	Ġthat	1.497253
1034	7	Ġthe	3.206986
1034	8	Ġman	7.405276
1034	9	Ġknew	9.258176
1034	10	Ġhis	4.255589
1034	11	Ġfriend	7.502174
1034	12	Ġrecalled	16.336565
1034	13	Ġthe	3.532873
1034	14	Ġwoman	7.19339
1034	15	Ġsaid	9.821543
1034	16	Ġthe	7.392332
1034	17	Ġpilot	14.957185
1034	18	Ġwill	12.185729
1034	19	Ġsend	9.130951
1034	20	Ġthe	3.613111
1034	21	Ġpackage	8.407725
1034	22	Ġto	1.596138
1034	23	Ġhis	3.771555
1034	24	Ġfamily	5.348195
1034	25	.	1.378673
1034	26	<|endoftext|>	6.483035
1035	1	<|endoftext|>	0.0
1035	2	The	4.729281
1035	3	Ġassistant	14.661097
1035	4	Ġtold	11.45606
1035	5	Ġme	3.659039
1035	6	Ġwho	11.622965
1035	7	Ġthe	4.30137
1035	8	Ġman	4.767286
1035	9	Ġknew	10.049911
1035	10	Ġhis	10.48741
1035	11	Ġfriend	7.913335
1035	12	Ġrecalled	15.660618
1035	13	Ġthe	4.471402
1035	14	Ġwoman	6.735747
1035	15	Ġsaid	6.059982
1035	16	Ġwill	13.20436
1035	17	Ġsend	10.571893
1035	18	Ġthe	4.060035
1035	19	Ġpackage	6.749357
1035	20	Ġto	1.880266
1035	21	Ġhis	3.026126
1035	22	Ġfamily	4.752048
1035	23	.	1.11866
1035	24	<|endoftext|>	6.510377
1036	1	<|endoftext|>	0.0
1036	2	The	4.729281
1036	3	Ġassistant	14.661097
1036	4	Ġtold	11.45606
1036	5	Ġme	3.659039
1036	6	Ġwho	11.622965
1036	7	Ġthe	4.30137
1036	8	Ġman	4.767286
1036	9	Ġknew	10.049911
1036	10	Ġhis	10.48741
1036	11	Ġfriend	7.913335
1036	12	Ġrecalled	15.660618
1036	13	Ġthe	4.471402
1036	14	Ġwoman	6.735747
1036	15	Ġsaid	6.059982
1036	16	Ġthe	7.231691
1036	17	Ġpilot	14.129595
1036	18	Ġwill	12.034163
1036	19	Ġsend	8.839559
1036	20	Ġthe	3.638773
1036	21	Ġpackage	8.535908
1036	22	Ġto	1.475898
1036	23	Ġhis	3.617137
1036	24	Ġfamily	5.096272
1036	25	.	1.469164
1036	26	<|endoftext|>	6.124676
1037	1	<|endoftext|>	0.0
1037	2	The	4.729281
1037	3	Ġassistant	14.661097
1037	4	Ġtold	11.45606
1037	5	Ġme	3.659039
1037	6	Ġthat	1.497253
1037	7	Ġthe	3.206986
1037	8	Ġman	7.405276
1037	9	Ġknew	9.258176
1037	10	Ġhis	4.255589
1037	11	Ġfriend	7.502174
1037	12	Ġrecalled	16.336565
1037	13	Ġthe	3.532873
1037	14	Ġwoman	7.19339
1037	15	Ġsaid	9.821543
1037	16	Ġwill	13.548969
1037	17	Ġsend	10.69758
1037	18	Ġthe	3.865404
1037	19	Ġpackage	6.100624
1037	20	Ġto	1.930674
1037	21	Ġhis	3.072636
1037	22	Ġfamily	5.066491
1037	23	.	1.14525
1037	24	<|endoftext|>	6.935471
1038	1	<|endoftext|>	0.0
1038	2	The	4.729281
1038	3	Ġassistant	14.661097
1038	4	Ġtold	11.45606
1038	5	Ġme	3.659039
1038	6	Ġthat	1.497253
1038	7	Ġthe	3.206986
1038	8	Ġman	7.405276
1038	9	Ġknew	9.258176
1038	10	Ġhis	4.255589
1038	11	Ġfriend	7.502174
1038	12	Ġrecalled	16.336565
1038	13	Ġthe	3.532873
1038	14	Ġwoman	7.19339
1038	15	Ġsaid	9.821543
1038	16	Ġthe	7.392332
1038	17	Ġpilot	14.957185
1038	18	Ġwill	12.185729
1038	19	Ġsend	9.130951
1038	20	Ġthe	3.613111
1038	21	Ġpackage	8.407725
1038	22	Ġto	1.596138
1038	23	Ġhis	3.771555
1038	24	Ġfamily	5.348195
1038	25	.	1.378673
1038	26	<|endoftext|>	6.483035
1039	1	<|endoftext|>	0.0
1039	2	The	4.729281
1039	3	Ġassistant	14.661097
1039	4	Ġtold	11.45606
1039	5	Ġme	3.659039
1039	6	Ġwho	11.622965
1039	7	Ġthe	4.30137
1039	8	Ġman	4.767286
1039	9	Ġknew	10.049911
1039	10	Ġhis	10.48741
1039	11	Ġfriend	7.913335
1039	12	Ġrecalled	15.660618
1039	13	Ġthe	4.471402
1039	14	Ġwoman	6.735747
1039	15	Ġsaid	6.059982
1039	16	Ġwill	13.20436
1039	17	Ġsend	10.571893
1039	18	Ġthe	4.060035
1039	19	Ġpackage	6.749357
1039	20	Ġto	1.880266
1039	21	Ġhis	3.026126
1039	22	Ġfamily	4.752048
1039	23	.	1.11866
1039	24	<|endoftext|>	6.510377
1040	1	<|endoftext|>	0.0
1040	2	The	4.729281
1040	3	Ġassistant	14.661097
1040	4	Ġtold	11.45606
1040	5	Ġme	3.659039
1040	6	Ġwho	11.622965
1040	7	Ġthe	4.30137
1040	8	Ġman	4.767286
1040	9	Ġknew	10.049911
1040	10	Ġhis	10.48741
1040	11	Ġfriend	7.913335
1040	12	Ġrecalled	15.660618
1040	13	Ġthe	4.471402
1040	14	Ġwoman	6.735747
1040	15	Ġsaid	6.059982
1040	16	Ġthe	7.231691
1040	17	Ġpilot	14.129595
1040	18	Ġwill	12.034163
1040	19	Ġsend	8.839559
1040	20	Ġthe	3.638773
1040	21	Ġpackage	8.535908
1040	22	Ġto	1.475898
1040	23	Ġhis	3.617137
1040	24	Ġfamily	5.096272
1040	25	.	1.469164
1040	26	<|endoftext|>	6.124676
1041	1	<|endoftext|>	0.0
1041	2	The	4.729313
1041	3	Ġaccountant	17.404727
1041	4	Ġknew	11.172441
1041	5	Ġthat	3.15952
1041	6	Ġcould	10.889093
1041	7	Ġintroduce	13.740217
1041	8	Ġthe	4.68318
1041	9	Ġnew	7.526072
1041	10	Ġwoman	12.170852
1041	11	Ġto	1.309135
1041	12	Ġher	3.77542
1041	13	Ġfriend	9.406897
1041	14	.	2.12587
1041	15	<|endoftext|>	7.945689
1042	1	<|endoftext|>	0.0
1042	2	The	4.729281
1042	3	Ġaccountant	17.404752
1042	4	Ġknew	11.172476
1042	5	Ġthat	3.159513
1042	6	Ġthe	3.286527
1042	7	Ġsecretary	10.90362
1042	8	Ġcould	5.940121
1042	9	Ġintroduce	11.133644
1042	10	Ġthe	3.242246
1042	11	Ġnew	4.452118
1042	12	Ġwoman	12.379197
1042	13	Ġto	2.726613
1042	14	Ġher	2.980646
1042	15	Ġfriend	8.203072
1042	16	.	2.769216
1042	17	<|endoftext|>	8.79333
1043	1	<|endoftext|>	0.0
1043	2	The	4.729313
1043	3	Ġaccountant	17.404727
1043	4	Ġknew	11.172441
1043	5	Ġwho	6.720238
1043	6	Ġcould	9.566338
1043	7	Ġintroduce	12.546945
1043	8	Ġthe	2.272712
1043	9	Ġnew	5.325217
1043	10	Ġwoman	10.600946
1043	11	Ġto	1.551793
1043	12	Ġher	2.697353
1043	13	Ġfriend	8.304936
1043	14	.	1.964942
1043	15	<|endoftext|>	8.390288
1044	1	<|endoftext|>	0.0
1044	2	The	4.729281
1044	3	Ġaccountant	17.404752
1044	4	Ġknew	11.172476
1044	5	Ġwho	6.720252
1044	6	Ġthe	3.722274
1044	7	Ġsecretary	9.646899
1044	8	Ġcould	9.708455
1044	9	Ġintroduce	12.178427
1044	10	Ġthe	5.303148
1044	11	Ġnew	4.031722
1044	12	Ġwoman	8.947337
1044	13	Ġto	1.467514
1044	14	Ġher	6.263094
1044	15	Ġfriend	8.662838
1044	16	.	1.973214
1044	17	<|endoftext|>	8.338714
1045	1	<|endoftext|>	0.0
1045	2	The	4.729281
1045	3	Ġaccountant	17.404752
1045	4	Ġknew	11.172476
1045	5	Ġthat	3.159513
1045	6	Ġthe	3.286527
1045	7	Ġsecurity	9.894432
1045	8	Ġguard	5.114324
1045	9	Ġbelieved	10.467175
1045	10	Ġcould	14.720628
1045	11	Ġintroduce	13.057693
1045	12	Ġthe	3.746926
1045	13	Ġnew	7.731258
1045	14	Ġwoman	10.012129
1045	15	Ġto	1.175704
1045	16	Ġher	3.569165
1045	17	Ġfriend	7.809838
1045	18	.	1.755958
1045	19	<|endoftext|>	7.831088
1046	1	<|endoftext|>	0.0
1046	2	The	4.729281
1046	3	Ġaccountant	17.404752
1046	4	Ġknew	11.172476
1046	5	Ġthat	3.159513
1046	6	Ġthe	3.286527
1046	7	Ġsecurity	9.894432
1046	8	Ġguard	5.114324
1046	9	Ġbelieved	10.467175
1046	10	Ġthe	2.914264
1046	11	Ġsecretary	10.962909
1046	12	Ġcould	6.153223
1046	13	Ġintroduce	12.245417
1046	14	Ġthe	3.187293
1046	15	Ġnew	5.929164
1046	16	Ġwoman	9.198149
1046	17	Ġto	1.984857
1046	18	Ġher	3.061591
1046	19	Ġfriend	7.44626
1046	20	.	2.020434
1046	21	<|endoftext|>	8.304705
1047	1	<|endoftext|>	0.0
1047	2	The	4.729281
1047	3	Ġaccountant	17.404752
1047	4	Ġknew	11.172476
1047	5	Ġwho	6.720252
1047	6	Ġthe	3.722274
1047	7	Ġsecurity	11.106115
1047	8	Ġguard	2.785809
1047	9	Ġbelieved	10.889756
1047	10	Ġcould	8.203341
1047	11	Ġintroduce	13.254356
1047	12	Ġthe	2.3623
1047	13	Ġnew	7.476946
1047	14	Ġwoman	8.464543
1047	15	Ġto	1.248687
1047	16	Ġher	3.078147
1047	17	Ġfriend	7.985235
1047	18	.	1.613859
1047	19	<|endoftext|>	7.643494
1048	1	<|endoftext|>	0.0
1048	2	The	4.729281
1048	3	Ġaccountant	17.404752
1048	4	Ġknew	11.172476
1048	5	Ġwho	6.720252
1048	6	Ġthe	3.722274
1048	7	Ġsecurity	11.106115
1048	8	Ġguard	2.785809
1048	9	Ġbelieved	10.889756
1048	10	Ġthe	7.108552
1048	11	Ġsecretary	10.798069
1048	12	Ġcould	8.685965
1048	13	Ġintroduce	14.318103
1048	14	Ġthe	5.4613
1048	15	Ġnew	5.394621
1048	16	Ġwoman	7.653599
1048	17	Ġto	1.294074
1048	18	Ġher	5.530003
1048	19	Ġfriend	8.095533
1048	20	.	1.542898
1048	21	<|endoftext|>	7.715117
1049	1	<|endoftext|>	0.0
1049	2	The	4.729281
1049	3	Ġaccountant	17.404752
1049	4	Ġknew	11.172476
1049	5	Ġthat	3.159513
1049	6	Ġthe	3.286527
1049	7	Ġsecurity	9.894432
1049	8	Ġguard	5.114324
1049	9	Ġbelieved	10.467175
1049	10	Ġhis	3.799361
1049	11	Ġfriend	5.544072
1049	12	Ġknew	8.490382
1049	13	Ġcould	14.041696
1049	14	Ġintroduce	13.302899
1049	15	Ġthe	3.659744
1049	16	Ġnew	8.115266
1049	17	Ġwoman	8.827801
1049	18	Ġto	1.05321
1049	19	Ġher	3.785257
1049	20	Ġfriend	6.205732
1049	21	.	1.505183
1049	22	<|endoftext|>	7.614935
1050	1	<|endoftext|>	0.0
1050	2	The	4.729281
1050	3	Ġaccountant	17.404752
1050	4	Ġknew	11.172476
1050	5	Ġthat	3.159513
1050	6	Ġthe	3.286527
1050	7	Ġsecurity	9.894432
1050	8	Ġguard	5.114324
1050	9	Ġbelieved	10.467175
1050	10	Ġhis	3.799361
1050	11	Ġfriend	5.544072
1050	12	Ġknew	8.490382
1050	13	Ġthe	2.973696
1050	14	Ġsecretary	10.429681
1050	15	Ġcould	9.494191
1050	16	Ġintroduce	12.923987
1050	17	Ġthe	3.801647
1050	18	Ġnew	6.543744
1050	19	Ġwoman	7.865391
1050	20	Ġto	1.14882
1050	21	Ġher	3.094633
1050	22	Ġfriend	6.5087
1050	23	.	1.541777
1050	24	<|endoftext|>	7.72383
1051	1	<|endoftext|>	0.0
1051	2	The	4.729281
1051	3	Ġaccountant	17.404752
1051	4	Ġknew	11.172476
1051	5	Ġwho	6.720252
1051	6	Ġthe	3.722274
1051	7	Ġsecurity	11.106115
1051	8	Ġguard	2.785809
1051	9	Ġbelieved	10.889756
1051	10	Ġhis	9.152388
1051	11	Ġfriend	4.933108
1051	12	Ġknew	10.450632
1051	13	Ġcould	11.018808
1051	14	Ġintroduce	13.480039
1051	15	Ġthe	3.532575
1051	16	Ġnew	7.938117
1051	17	Ġwoman	8.487312
1051	18	Ġto	0.806205
1051	19	Ġher	3.643876
1051	20	Ġfriend	6.845448
1051	21	.	1.508315
1051	22	<|endoftext|>	7.049654
1052	1	<|endoftext|>	0.0
1052	2	The	4.729281
1052	3	Ġaccountant	17.404752
1052	4	Ġknew	11.172476
1052	5	Ġwho	6.720252
1052	6	Ġthe	3.722274
1052	7	Ġsecurity	11.106115
1052	8	Ġguard	2.785809
1052	9	Ġbelieved	10.889756
1052	10	Ġhis	9.152388
1052	11	Ġfriend	4.933108
1052	12	Ġknew	10.450632
1052	13	Ġthe	6.647697
1052	14	Ġsecretary	10.63522
1052	15	Ġcould	9.301986
1052	16	Ġintroduce	12.683254
1052	17	Ġthe	4.352536
1052	18	Ġnew	6.547698
1052	19	Ġwoman	7.579412
1052	20	Ġto	0.969069
1052	21	Ġher	3.561224
1052	22	Ġfriend	6.784041
1052	23	.	1.55689
1052	24	<|endoftext|>	6.940601
1053	1	<|endoftext|>	0.0
1053	2	The	4.729281
1053	3	Ġaccountant	17.404752
1053	4	Ġknew	11.172476
1053	5	Ġthat	3.159513
1053	6	Ġthe	3.286527
1053	7	Ġsecurity	9.894432
1053	8	Ġguard	5.114324
1053	9	Ġbelieved	10.467175
1053	10	Ġhis	3.799361
1053	11	Ġfriend	5.544072
1053	12	Ġknew	8.490382
1053	13	Ġthe	2.973696
1053	14	Ġassistant	13.108494
1053	15	Ġreported	13.993773
1053	16	Ġcould	14.498468
1053	17	Ġintroduce	13.457962
1053	18	Ġthe	3.939344
1053	19	Ġnew	8.307889
1053	20	Ġwoman	8.41795
1053	21	Ġto	0.987374
1053	22	Ġher	3.857457
1053	23	Ġfriend	6.069242
1053	24	.	1.380607
1053	25	<|endoftext|>	7.140148
1054	1	<|endoftext|>	0.0
1054	2	The	4.729281
1054	3	Ġaccountant	17.404752
1054	4	Ġknew	11.172476
1054	5	Ġthat	3.159513
1054	6	Ġthe	3.286527
1054	7	Ġsecurity	9.894432
1054	8	Ġguard	5.114324
1054	9	Ġbelieved	10.467175
1054	10	Ġhis	3.799361
1054	11	Ġfriend	5.544072
1054	12	Ġknew	8.490382
1054	13	Ġthe	2.973696
1054	14	Ġassistant	13.108494
1054	15	Ġreported	13.993773
1054	16	Ġthe	2.770692
1054	17	Ġsecretary	13.956926
1054	18	Ġcould	9.360162
1054	19	Ġintroduce	12.963747
1054	20	Ġthe	3.801593
1054	21	Ġnew	7.050496
1054	22	Ġwoman	7.833394
1054	23	Ġto	1.255119
1054	24	Ġher	3.138113
1054	25	Ġfriend	6.217049
1054	26	.	1.496214
1054	27	<|endoftext|>	7.069241
1055	1	<|endoftext|>	0.0
1055	2	The	4.729281
1055	3	Ġaccountant	17.404752
1055	4	Ġknew	11.172476
1055	5	Ġwho	6.720252
1055	6	Ġthe	3.722274
1055	7	Ġsecurity	11.106115
1055	8	Ġguard	2.785809
1055	9	Ġbelieved	10.889756
1055	10	Ġhis	9.152388
1055	11	Ġfriend	4.933108
1055	12	Ġknew	10.450632
1055	13	Ġthe	6.647697
1055	14	Ġassistant	13.969845
1055	15	Ġreported	13.09455
1055	16	Ġcould	14.504714
1055	17	Ġintroduce	13.558664
1055	18	Ġthe	3.908054
1055	19	Ġnew	8.188241
1055	20	Ġwoman	8.105739
1055	21	Ġto	0.880694
1055	22	Ġher	3.755831
1055	23	Ġfriend	6.432521
1055	24	.	1.541292
1055	25	<|endoftext|>	6.257625
1056	1	<|endoftext|>	0.0
1056	2	The	4.729281
1056	3	Ġaccountant	17.404752
1056	4	Ġknew	11.172476
1056	5	Ġwho	6.720252
1056	6	Ġthe	3.722274
1056	7	Ġsecurity	11.106115
1056	8	Ġguard	2.785809
1056	9	Ġbelieved	10.889756
1056	10	Ġhis	9.152388
1056	11	Ġfriend	4.933108
1056	12	Ġknew	10.450632
1056	13	Ġthe	6.647697
1056	14	Ġassistant	13.969845
1056	15	Ġreported	13.09455
1056	16	Ġthe	3.276673
1056	17	Ġsecretary	14.027329
1056	18	Ġcould	9.806041
1056	19	Ġintroduce	12.901285
1056	20	Ġthe	4.06541
1056	21	Ġnew	7.002461
1056	22	Ġwoman	7.433901
1056	23	Ġto	1.164807
1056	24	Ġher	3.261974
1056	25	Ġfriend	6.271216
1056	26	.	1.651568
1056	27	<|endoftext|>	6.15163
1057	1	<|endoftext|>	0.0
1057	2	The	4.729281
1057	3	Ġaccountant	17.404752
1057	4	Ġknew	11.172476
1057	5	Ġthat	3.159513
1057	6	Ġthe	3.286527
1057	7	Ġsecurity	9.894432
1057	8	Ġguard	5.114324
1057	9	Ġbelieved	10.467175
1057	10	Ġhis	3.799361
1057	11	Ġfriend	5.544072
1057	12	Ġknew	8.490382
1057	13	Ġthe	2.973696
1057	14	Ġassistant	13.108494
1057	15	Ġreported	13.993773
1057	16	Ġcould	14.498468
1057	17	Ġintroduce	13.457962
1057	18	Ġthe	3.939344
1057	19	Ġnew	8.307889
1057	20	Ġwoman	8.41795
1057	21	Ġto	0.987374
1057	22	Ġher	3.857457
1057	23	Ġfriend	6.069242
1057	24	.	1.380607
1057	25	<|endoftext|>	7.140148
1058	1	<|endoftext|>	0.0
1058	2	The	4.729281
1058	3	Ġaccountant	17.404752
1058	4	Ġknew	11.172476
1058	5	Ġthat	3.159513
1058	6	Ġthe	3.286527
1058	7	Ġsecurity	9.894432
1058	8	Ġguard	5.114324
1058	9	Ġbelieved	10.467175
1058	10	Ġhis	3.799361
1058	11	Ġfriend	5.544072
1058	12	Ġknew	8.490382
1058	13	Ġthe	2.973696
1058	14	Ġassistant	13.108494
1058	15	Ġreported	13.993773
1058	16	Ġthe	2.770692
1058	17	Ġsecretary	13.956926
1058	18	Ġcould	9.360162
1058	19	Ġintroduce	12.963747
1058	20	Ġthe	3.801593
1058	21	Ġnew	7.050496
1058	22	Ġwoman	7.833394
1058	23	Ġto	1.255119
1058	24	Ġher	3.138113
1058	25	Ġfriend	6.217049
1058	26	.	1.496214
1058	27	<|endoftext|>	7.069241
1059	1	<|endoftext|>	0.0
1059	2	The	4.729281
1059	3	Ġaccountant	17.404752
1059	4	Ġknew	11.172476
1059	5	Ġwho	6.720252
1059	6	Ġthe	3.722274
1059	7	Ġsecurity	11.106115
1059	8	Ġguard	2.785809
1059	9	Ġbelieved	10.889756
1059	10	Ġhis	9.152388
1059	11	Ġfriend	4.933108
1059	12	Ġknew	10.450632
1059	13	Ġthe	6.647697
1059	14	Ġassistant	13.969845
1059	15	Ġreported	13.09455
1059	16	Ġcould	14.504714
1059	17	Ġintroduce	13.558664
1059	18	Ġthe	3.908054
1059	19	Ġnew	8.188241
1059	20	Ġwoman	8.105739
1059	21	Ġto	0.880694
1059	22	Ġher	3.755831
1059	23	Ġfriend	6.432521
1059	24	.	1.541292
1059	25	<|endoftext|>	6.257625
1060	1	<|endoftext|>	0.0
1060	2	The	4.729281
1060	3	Ġaccountant	17.404752
1060	4	Ġknew	11.172476
1060	5	Ġwho	6.720252
1060	6	Ġthe	3.722274
1060	7	Ġsecurity	11.106115
1060	8	Ġguard	2.785809
1060	9	Ġbelieved	10.889756
1060	10	Ġhis	9.152388
1060	11	Ġfriend	4.933108
1060	12	Ġknew	10.450632
1060	13	Ġthe	6.647697
1060	14	Ġassistant	13.969845
1060	15	Ġreported	13.09455
1060	16	Ġthe	3.276673
1060	17	Ġsecretary	14.027329
1060	18	Ġcould	9.806041
1060	19	Ġintroduce	12.901285
1060	20	Ġthe	4.06541
1060	21	Ġnew	7.002461
1060	22	Ġwoman	7.433901
1060	23	Ġto	1.164807
1060	24	Ġher	3.261974
1060	25	Ġfriend	6.271216
1060	26	.	1.651568
1060	27	<|endoftext|>	6.15163
1061	1	<|endoftext|>	0.0
1061	2	I	5.770367
1061	3	Ġknow	5.545733
1061	4	Ġthat	2.74974
1061	5	Ġwill	10.104314
1061	6	Ġthrow	10.153027
1061	7	Ġthe	5.215926
1061	8	Ġplastic	14.752604
1061	9	Ġinto	4.765422
1061	10	Ġthe	1.648441
1061	11	Ġtrash	3.521574
1061	12	Ġcan	3.153829
1061	13	.	2.138192
1061	14	<|endoftext|>	7.790729
1062	1	<|endoftext|>	0.0
1062	2	I	5.770362
1062	3	Ġknow	5.545699
1062	4	Ġthat	2.74972
1062	5	Ġyour	6.902881
1062	6	Ġfriend	7.219503
1062	7	Ġwill	6.386511
1062	8	Ġthrow	10.642857
1062	9	Ġthe	5.02165
1062	10	Ġplastic	11.897286
1062	11	Ġinto	6.045196
1062	12	Ġthe	1.294892
1062	13	Ġtrash	3.626961
1062	14	Ġcan	2.616429
1062	15	.	2.754046
1062	16	<|endoftext|>	9.222781
1063	1	<|endoftext|>	0.0
1063	2	I	5.770367
1063	3	Ġknow	5.545733
1063	4	Ġwho	8.366545
1063	5	Ġwill	7.595085
1063	6	Ġthrow	10.42348
1063	7	Ġthe	2.83392
1063	8	Ġplastic	13.14969
1063	9	Ġinto	6.865823
1063	10	Ġthe	0.875199
1063	11	Ġtrash	3.963084
1063	12	Ġcan	3.214295
1063	13	.	2.071874
1063	14	<|endoftext|>	6.676825
1064	1	<|endoftext|>	0.0
1064	2	I	5.770362
1064	3	Ġknow	5.545699
1064	4	Ġwho	8.36647
1064	5	Ġyour	7.610951
1064	6	Ġfriend	5.095172
1064	7	Ġwill	9.236358
1064	8	Ġthrow	13.484287
1064	9	Ġthe	3.909316
1064	10	Ġplastic	13.095406
1064	11	Ġinto	6.575397
1064	12	Ġthe	1.907495
1064	13	Ġtrash	3.1625
1064	14	Ġcan	2.885481
1064	15	.	1.734867
1064	16	<|endoftext|>	7.404955
1065	1	<|endoftext|>	0.0
1065	2	I	5.770357
1065	3	Ġknow	5.545684
1065	4	Ġthat	2.749692
1065	5	Ġour	8.916299
1065	6	Ġmother	9.931918
1065	7	Ġsaid	6.590503
1065	8	Ġwill	15.145995
1065	9	Ġthrow	11.646957
1065	10	Ġthe	3.661139
1065	11	Ġplastic	11.747113
1065	12	Ġinto	5.697849
1065	13	Ġthe	0.779539
1065	14	Ġtrash	4.457932
1065	15	Ġcan	2.649981
1065	16	.	2.33378
1065	17	<|endoftext|>	9.888874
1066	1	<|endoftext|>	0.0
1066	2	I	5.770357
1066	3	Ġknow	5.545684
1066	4	Ġthat	2.749692
1066	5	Ġour	8.916299
1066	6	Ġmother	9.931918
1066	7	Ġsaid	6.590503
1066	8	Ġyour	10.290977
1066	9	Ġfriend	9.176875
1066	10	Ġwill	5.656323
1066	11	Ġthrow	10.935167
1066	12	Ġthe	4.338946
1066	13	Ġplastic	10.981593
1066	14	Ġinto	6.410487
1066	15	Ġthe	0.998538
1066	16	Ġtrash	4.033801
1066	17	Ġcan	3.315682
1066	18	.	2.184505
1066	19	<|endoftext|>	9.709089
1067	1	<|endoftext|>	0.0
1067	2	I	5.770357
1067	3	Ġknow	5.545684
1067	4	Ġwho	8.366485
1067	5	Ġour	12.066758
1067	6	Ġmother	9.776581
1067	7	Ġsaid	10.199613
1067	8	Ġwill	9.560183
1067	9	Ġthrow	10.974736
1067	10	Ġthe	3.348729
1067	11	Ġplastic	12.277588
1067	12	Ġinto	6.145477
1067	13	Ġthe	0.795005
1067	14	Ġtrash	4.328839
1067	15	Ġcan	3.444995
1067	16	.	1.544733
1067	17	<|endoftext|>	7.561287
1068	1	<|endoftext|>	0.0
1068	2	I	5.770357
1068	3	Ġknow	5.545684
1068	4	Ġwho	8.366485
1068	5	Ġour	12.066758
1068	6	Ġmother	9.776581
1068	7	Ġsaid	10.199613
1068	8	Ġyour	11.834459
1068	9	Ġfriend	8.570994
1068	10	Ġwill	6.783706
1068	11	Ġthrow	11.528585
1068	12	Ġthe	4.165283
1068	13	Ġplastic	11.212542
1068	14	Ġinto	6.753313
1068	15	Ġthe	1.015483
1068	16	Ġtrash	3.769155
1068	17	Ġcan	3.461526
1068	18	.	1.658279
1068	19	<|endoftext|>	7.688498
1069	1	<|endoftext|>	0.0
1069	2	I	5.770357
1069	3	Ġknow	5.545684
1069	4	Ġthat	2.749692
1069	5	Ġour	8.916299
1069	6	Ġmother	9.931918
1069	7	Ġsaid	6.590503
1069	8	Ġher	7.331433
1069	9	Ġfriend	9.653595
1069	10	Ġremarked	15.422551
1069	11	Ġwill	17.017218
1069	12	Ġthrow	12.061776
1069	13	Ġthe	3.42423
1069	14	Ġplastic	11.111538
1069	15	Ġinto	6.463034
1069	16	Ġthe	0.886035
1069	17	Ġtrash	4.543435
1069	18	Ġcan	3.188217
1069	19	.	2.231254
1069	20	<|endoftext|>	10.013247
1070	1	<|endoftext|>	0.0
1070	2	I	5.770357
1070	3	Ġknow	5.545684
1070	4	Ġthat	2.749692
1070	5	Ġour	8.916299
1070	6	Ġmother	9.931918
1070	7	Ġsaid	6.590503
1070	8	Ġher	7.331433
1070	9	Ġfriend	9.653595
1070	10	Ġremarked	15.422551
1070	11	Ġyour	12.03681
1070	12	Ġfriend	4.945186
1070	13	Ġwill	8.314734
1070	14	Ġthrow	10.373201
1070	15	Ġthe	4.056925
1070	16	Ġplastic	10.832569
1070	17	Ġinto	6.765927
1070	18	Ġthe	1.008668
1070	19	Ġtrash	4.244772
1070	20	Ġcan	3.739757
1070	21	.	1.959028
1070	22	<|endoftext|>	9.722745
1071	1	<|endoftext|>	0.0
1071	2	I	5.770357
1071	3	Ġknow	5.545684
1071	4	Ġwho	8.366485
1071	5	Ġour	12.066758
1071	6	Ġmother	9.776581
1071	7	Ġsaid	10.199613
1071	8	Ġher	7.209122
1071	9	Ġfriend	9.245782
1071	10	Ġremarked	17.323643
1071	11	Ġwill	16.074255
1071	12	Ġthrow	11.774946
1071	13	Ġthe	3.452896
1071	14	Ġplastic	11.271958
1071	15	Ġinto	6.771697
1071	16	Ġthe	0.917799
1071	17	Ġtrash	4.310171
1071	18	Ġcan	3.357957
1071	19	.	1.843324
1071	20	<|endoftext|>	8.294374
1072	1	<|endoftext|>	0.0
1072	2	I	5.770357
1072	3	Ġknow	5.545684
1072	4	Ġwho	8.366485
1072	5	Ġour	12.066758
1072	6	Ġmother	9.776581
1072	7	Ġsaid	10.199613
1072	8	Ġher	7.209122
1072	9	Ġfriend	9.245782
1072	10	Ġremarked	17.323643
1072	11	Ġyour	12.326552
1072	12	Ġfriend	5.340321
1072	13	Ġwill	8.835553
1072	14	Ġthrow	10.530295
1072	15	Ġthe	4.025475
1072	16	Ġplastic	10.836416
1072	17	Ġinto	7.00203
1072	18	Ġthe	1.050398
1072	19	Ġtrash	3.960863
1072	20	Ġcan	3.720402
1072	21	.	1.761024
1072	22	<|endoftext|>	8.131134
1073	1	<|endoftext|>	0.0
1073	2	I	5.770357
1073	3	Ġknow	5.545684
1073	4	Ġthat	2.749692
1073	5	Ġour	8.916299
1073	6	Ġmother	9.931918
1073	7	Ġsaid	6.590503
1073	8	Ġher	7.331433
1073	9	Ġfriend	9.653595
1073	10	Ġremarked	15.422551
1073	11	Ġthe	7.058251
1073	12	Ġpark	13.377457
1073	13	Ġattendant	12.693683
1073	14	Ġreported	12.190502
1073	15	Ġwill	16.63077
1073	16	Ġthrow	10.461048
1073	17	Ġthe	2.852962
1073	18	Ġplastic	8.559356
1073	19	Ġinto	7.492827
1073	20	Ġthe	0.623063
1073	21	Ġtrash	4.37523
1073	22	Ġcan	3.247276
1073	23	.	1.794403
1073	24	<|endoftext|>	9.717937
1074	1	<|endoftext|>	0.0
1074	2	I	5.770357
1074	3	Ġknow	5.545684
1074	4	Ġthat	2.749692
1074	5	Ġour	8.916299
1074	6	Ġmother	9.931918
1074	7	Ġsaid	6.590503
1074	8	Ġher	7.331433
1074	9	Ġfriend	9.653595
1074	10	Ġremarked	15.422551
1074	11	Ġthe	7.058251
1074	12	Ġpark	13.377457
1074	13	Ġattendant	12.693683
1074	14	Ġreported	12.190502
1074	15	Ġyour	11.112687
1074	16	Ġfriend	4.033353
1074	17	Ġwill	12.041572
1074	18	Ġthrow	9.448115
1074	19	Ġthe	3.595264
1074	20	Ġplastic	7.95431
1074	21	Ġinto	7.558514
1074	22	Ġthe	0.615835
1074	23	Ġtrash	3.707339
1074	24	Ġcan	3.399223
1074	25	.	1.517237
1074	26	<|endoftext|>	9.614109
1075	1	<|endoftext|>	0.0
1075	2	I	5.770357
1075	3	Ġknow	5.545684
1075	4	Ġwho	8.366485
1075	5	Ġour	12.066758
1075	6	Ġmother	9.776581
1075	7	Ġsaid	10.199613
1075	8	Ġher	7.209122
1075	9	Ġfriend	9.245782
1075	10	Ġremarked	17.323643
1075	11	Ġthe	6.888885
1075	12	Ġpark	12.959003
1075	13	Ġattendant	12.618315
1075	14	Ġreported	12.363329
1075	15	Ġwill	16.573858
1075	16	Ġthrow	10.260933
1075	17	Ġthe	2.94887
1075	18	Ġplastic	8.565153
1075	19	Ġinto	7.675992
1075	20	Ġthe	0.654729
1075	21	Ġtrash	4.322534
1075	22	Ġcan	3.337353
1075	23	.	1.645582
1075	24	<|endoftext|>	8.32321
1076	1	<|endoftext|>	0.0
1076	2	I	5.770357
1076	3	Ġknow	5.545684
1076	4	Ġwho	8.366485
1076	5	Ġour	12.066758
1076	6	Ġmother	9.776581
1076	7	Ġsaid	10.199613
1076	8	Ġher	7.209122
1076	9	Ġfriend	9.245782
1076	10	Ġremarked	17.323643
1076	11	Ġthe	6.888885
1076	12	Ġpark	12.959003
1076	13	Ġattendant	12.618315
1076	14	Ġreported	12.363329
1076	15	Ġyour	11.555586
1076	16	Ġfriend	4.415843
1076	17	Ġwill	12.302962
1076	18	Ġthrow	9.468519
1076	19	Ġthe	3.622784
1076	20	Ġplastic	7.856926
1076	21	Ġinto	7.73538
1076	22	Ġthe	0.646254
1076	23	Ġtrash	3.608117
1076	24	Ġcan	3.411843
1076	25	.	1.466512
1076	26	<|endoftext|>	8.198395
1077	1	<|endoftext|>	0.0
1077	2	I	5.770357
1077	3	Ġknow	5.545684
1077	4	Ġthat	2.749692
1077	5	Ġour	8.916299
1077	6	Ġmother	9.931918
1077	7	Ġsaid	6.590503
1077	8	Ġher	7.331433
1077	9	Ġfriend	9.653595
1077	10	Ġremarked	15.422551
1077	11	Ġthe	7.058251
1077	12	Ġpark	13.377457
1077	13	Ġattendant	12.693683
1077	14	Ġreported	12.190502
1077	15	Ġwill	16.63077
1077	16	Ġthrow	10.461048
1077	17	Ġthe	2.852962
1077	18	Ġplastic	8.559356
1077	19	Ġinto	7.492827
1077	20	Ġthe	0.623063
1077	21	Ġtrash	4.37523
1077	22	Ġcan	3.247276
1077	23	.	1.794403
1077	24	<|endoftext|>	9.717937
1078	1	<|endoftext|>	0.0
1078	2	I	5.770357
1078	3	Ġknow	5.545684
1078	4	Ġthat	2.749692
1078	5	Ġour	8.916299
1078	6	Ġmother	9.931918
1078	7	Ġsaid	6.590503
1078	8	Ġher	7.331433
1078	9	Ġfriend	9.653595
1078	10	Ġremarked	15.422551
1078	11	Ġthe	7.058251
1078	12	Ġpark	13.377457
1078	13	Ġattendant	12.693683
1078	14	Ġreported	12.190502
1078	15	Ġyour	11.112687
1078	16	Ġfriend	4.033353
1078	17	Ġwill	12.041572
1078	18	Ġthrow	9.448115
1078	19	Ġthe	3.595264
1078	20	Ġplastic	7.95431
1078	21	Ġinto	7.558514
1078	22	Ġthe	0.615835
1078	23	Ġtrash	3.707339
1078	24	Ġcan	3.399223
1078	25	.	1.517237
1078	26	<|endoftext|>	9.614109
1079	1	<|endoftext|>	0.0
1079	2	I	5.770357
1079	3	Ġknow	5.545684
1079	4	Ġwho	8.366485
1079	5	Ġour	12.066758
1079	6	Ġmother	9.776581
1079	7	Ġsaid	10.199613
1079	8	Ġher	7.209122
1079	9	Ġfriend	9.245782
1079	10	Ġremarked	17.323643
1079	11	Ġthe	6.888885
1079	12	Ġpark	12.959003
1079	13	Ġattendant	12.618315
1079	14	Ġreported	12.363329
1079	15	Ġwill	16.573858
1079	16	Ġthrow	10.260933
1079	17	Ġthe	2.94887
1079	18	Ġplastic	8.565153
1079	19	Ġinto	7.675992
1079	20	Ġthe	0.654729
1079	21	Ġtrash	4.322534
1079	22	Ġcan	3.337353
1079	23	.	1.645582
1079	24	<|endoftext|>	8.32321
1080	1	<|endoftext|>	0.0
1080	2	I	5.770357
1080	3	Ġknow	5.545684
1080	4	Ġwho	8.366485
1080	5	Ġour	12.066758
1080	6	Ġmother	9.776581
1080	7	Ġsaid	10.199613
1080	8	Ġher	7.209122
1080	9	Ġfriend	9.245782
1080	10	Ġremarked	17.323643
1080	11	Ġthe	6.888885
1080	12	Ġpark	12.959003
1080	13	Ġattendant	12.618315
1080	14	Ġreported	12.363329
1080	15	Ġyour	11.555586
1080	16	Ġfriend	4.415843
1080	17	Ġwill	12.302962
1080	18	Ġthrow	9.468519
1080	19	Ġthe	3.622784
1080	20	Ġplastic	7.856926
1080	21	Ġinto	7.73538
1080	22	Ġthe	0.646254
1080	23	Ġtrash	3.608117
1080	24	Ġcan	3.411843
1080	25	.	1.466512
1080	26	<|endoftext|>	8.198395
