sentence_group,wh,gap,levels_of_embedding,condition,main_clause,complementiser,embedding_1,embedding_2,embedding_3,embedding_4,subject,verb,object,continuation,main_clause_surprisal,main_clause_surprisal_mean,complementiser_surprisal,complementiser_surprisal_mean,embedding_1_surprisal,embedding_1_surprisal_mean,embedding_2_surprisal,embedding_2_surprisal_mean,embedding_3_surprisal,embedding_3_surprisal_mean,embedding_4_surprisal,embedding_4_surprisal_mean,subject_surprisal,subject_surprisal_mean,verb_surprisal,verb_surprisal_mean,object_surprisal,object_surprisal_mean,continuation_surprisal,continuation_surprisal_mean,semi_local_surprisal_mean,global_surprisal_mean,local_surprisal,local_surprisal_mean,main_clause_frequency,main_clause_frequency_mean,complementiser_frequency,complementiser_frequency_mean,embedding_1_frequency,embedding_1_frequency_mean,embedding_2_frequency,embedding_2_frequency_mean,embedding_3_frequency,embedding_3_frequency_mean,embedding_4_frequency,embedding_4_frequency_mean,subject_frequency,subject_frequency_mean,verb_frequency,verb_frequency_mean,object_frequency,object_frequency_mean,continuation_frequency,continuation_frequency_mean,local_frequency,local_frequency_mean
1,no,yes,0,-wh_gap,I know,that,,,,,your friend,threw,,into the trash can.,0.0,3.139138,2.352433,2.352433,,,,,,,,,9.241128,8.577377,13.686808,13.686808,,,7.438748,6.74474225,6.74474225,6.645124,7.438748,6.74474225,0.0123,0.00114,0.0102,0.0102,,,,,,,,,0.00339,0.000219,2.88e-05,2.88e-05,,,0.00129,2.55e-05,0.00129,2.55e-05
1,no,no,0,-wh_no_gap,I know,that,,,,,your friend,threw,the plastic,into the trash can.,0.0,3.139138,2.352433,2.352433,,,,,,,,,9.241128,8.577377,13.686808,13.686808,2.886432,7.135818,4.947669,6.1535530000000005,6.480974666666667,6.52984325,2.886432,7.135818,0.0123,0.00114,0.0102,0.0102,,,,,,,,,0.00339,0.000219,2.88e-05,2.88e-05,0.0537,3.23e-05,0.00129,2.55e-05,0.0537,3.23e-05
1,yes,yes,0,+wh_gap,I know,what,,,,,your friend,threw,,into the trash can.,0.0,3.139138,4.561374,4.561374,,,,,,,,,9.354386,8.348014,13.763621,13.763621,,,6.34998,6.408791750000001,6.408791750000001,6.6934466,6.34998,6.408791750000001,0.0123,0.00114,0.0024,0.0024,,,,,,,,,0.00339,0.000219,2.88e-05,2.88e-05,,,0.00129,2.55e-05,0.00129,2.55e-05
1,yes,no,0,+wh_no_gap,I know,what,,,,,your friend,threw,the plastic,into the trash can.,0.0,3.139138,4.561374,4.561374,,,,,,,,,9.354386,8.348014,13.763621,13.763621,3.619183,7.998699,6.396659,6.193421,6.795180333333334,6.839198416666666,3.619183,7.998699,0.0123,0.00114,0.0024,0.0024,,,,,,,,,0.00339,0.000219,2.88e-05,2.88e-05,0.0537,3.23e-05,0.00129,2.55e-05,0.0537,3.23e-05
1,no,yes,1,-wh_gap,I know,that,our mother said,,,,your friend,threw,,into the trash can.,0.0,3.139138,2.352433,2.352433,8.541259,8.674515666666666,,,,,,,12.143874,9.5482265,12.653158,12.653158,,,8.024834,7.106405500000001,7.106405500000001,7.294576076923077,8.024834,7.106405500000001,0.0123,0.00114,0.0102,0.0102,0.00138,0.000134,,,,,,,0.00339,0.000219,2.88e-05,2.88e-05,,,0.00129,2.55e-05,0.00129,2.55e-05
1,no,no,1,-wh_no_gap,I know,that,our mother said,,,,your friend,threw,the plastic,into the trash can.,0.0,3.139138,2.352433,2.352433,8.541259,8.674515666666666,,,,,,,12.143874,9.5482265,12.653158,12.653158,3.318855,7.389321000000001,5.283202,6.3745835,6.712829333333334,7.112056200000001,3.318855,7.389321000000001,0.0123,0.00114,0.0102,0.0102,0.00138,0.000134,,,,,,,0.00339,0.000219,2.88e-05,2.88e-05,0.0537,3.23e-05,0.00129,2.55e-05,0.0537,3.23e-05
1,yes,yes,1,+wh_gap,I know,what,our mother said,,,,your friend,threw,,into the trash can.,0.0,3.139138,4.561374,4.561374,9.632398,7.743895999999999,,,,,,,13.527543,10.280771,12.346433,12.346433,,,5.82832,6.391793249999999,6.391793249999999,7.118960461538463,5.82832,6.391793249999999,0.0123,0.00114,0.0024,0.0024,0.00138,0.000134,,,,,,,0.00339,0.000219,2.88e-05,2.88e-05,,,0.00129,2.55e-05,0.00129,2.55e-05
1,yes,no,1,+wh_no_gap,I know,what,our mother said,,,,your friend,threw,the plastic,into the trash can.,0.0,3.139138,4.561374,4.561374,9.632398,7.743895999999999,,,,,,,13.527543,10.280771,12.346433,12.346433,3.844788,7.7635795,5.484532,6.162053,6.695895166666666,7.1436456,3.844788,7.7635795,0.0123,0.00114,0.0024,0.0024,0.00138,0.000134,,,,,,,0.00339,0.000219,2.88e-05,2.88e-05,0.0537,3.23e-05,0.00129,2.55e-05,0.0537,3.23e-05
1,no,yes,2,-wh_gap,I know,that,our mother said,her friend remarked,,,your friend,threw,,into the trash can.,0.0,3.139138,2.352433,2.352433,8.541259,8.674515666666666,7.237803,9.628442333333334,,,,,16.045568,11.76071,12.494452,12.494452,,,8.229052,7.2587885,7.2587885,8.0369130625,8.229052,7.2587885,0.0123,0.00114,0.0102,0.0102,0.00138,0.000134,0.002,3.82e-06,,,,,0.00339,0.000219,2.88e-05,2.88e-05,,,0.00129,2.55e-05,0.00129,2.55e-05
1,no,no,2,-wh_no_gap,I know,that,our mother said,her friend remarked,,,your friend,threw,the plastic,into the trash can.,0.0,3.139138,2.352433,2.352433,8.541259,8.674515666666666,7.237803,9.628442333333334,,,,,16.045568,11.76071,12.494452,12.494452,3.600312,7.466377,5.189511,6.36015125,6.728893166666668,7.773822999999999,3.600312,7.466377,0.0123,0.00114,0.0102,0.0102,0.00138,0.000134,0.002,3.82e-06,,,,,0.00339,0.000219,2.88e-05,2.88e-05,0.0537,3.23e-05,0.00129,2.55e-05,0.0537,3.23e-05
1,yes,yes,2,+wh_gap,I know,what,our mother said,her friend remarked,,,your friend,threw,,into the trash can.,0.0,3.139138,4.561374,4.561374,9.632398,7.743895999999999,9.734304,10.412193,,,,,16.070679,11.1982435,12.499144,12.499144,,,5.694444,6.343862250000001,6.343862250000001,7.848687312500001,5.694444,6.343862250000001,0.0123,0.00114,0.0024,0.0024,0.00138,0.000134,0.002,3.82e-06,,,,,0.00339,0.000219,2.88e-05,2.88e-05,,,0.00129,2.55e-05,0.00129,2.55e-05
1,yes,no,2,+wh_no_gap,I know,what,our mother said,her friend remarked,,,your friend,threw,the plastic,into the trash can.,0.0,3.139138,4.561374,4.561374,9.632398,7.743895999999999,9.734304,10.412193,,,,,16.070679,11.1982435,12.499144,12.499144,4.487805,8.240013000000001,5.729949,6.266203000000001,6.924139666666668,7.874910333333334,4.487805,8.240013000000001,0.0123,0.00114,0.0024,0.0024,0.00138,0.000134,0.002,3.82e-06,,,,,0.00339,0.000219,2.88e-05,2.88e-05,0.0537,3.23e-05,0.00129,2.55e-05,0.0537,3.23e-05
1,no,yes,3,-wh_gap,I know,that,our mother said,her friend remarked,the park attendant reported,,your friend,threw,,into the trash can.,0.0,3.139138,2.352433,2.352433,8.541259,8.674515666666666,7.237803,9.628442333333334,6.17998,12.139693499999998,,,13.711047,11.1792415,12.837973,12.837973,,,7.25911,6.347749499999999,6.347749499999999,8.63429055,7.25911,6.347749499999999,0.0123,0.00114,0.0102,0.0102,0.00138,0.000134,0.002,3.82e-06,0.0537,3.73e-06,,,0.00339,0.000219,2.88e-05,2.88e-05,,,0.00129,2.55e-05,0.00129,2.55e-05
1,no,no,3,-wh_no_gap,I know,that,our mother said,her friend remarked,the park attendant reported,,your friend,threw,the plastic,into the trash can.,0.0,3.139138,2.352433,2.352433,8.541259,8.674515666666666,7.237803,9.628442333333334,6.17998,12.139693499999998,,,13.711047,11.1792415,12.837973,12.837973,3.652134,7.123464,4.601041,5.753262749999999,6.2099965,8.388854181818182,3.652134,7.123464,0.0123,0.00114,0.0102,0.0102,0.00138,0.000134,0.002,3.82e-06,0.0537,3.73e-06,,,0.00339,0.000219,2.88e-05,2.88e-05,0.0537,3.23e-05,0.00129,2.55e-05,0.0537,3.23e-05
1,yes,yes,3,+wh_gap,I know,what,our mother said,her friend remarked,the park attendant reported,,your friend,threw,,into the trash can.,0.0,3.139138,4.561374,4.561374,9.632398,7.743895999999999,9.734304,10.412193,7.570263,12.71750575,,,16.728607,11.845524,12.553583,12.553583,,,5.335343,5.7882995,5.7882995,8.778788449999999,5.335343,5.7882995,0.0123,0.00114,0.0024,0.0024,0.00138,0.000134,0.002,3.82e-06,0.0537,3.73e-06,,,0.00339,0.000219,2.88e-05,2.88e-05,,,0.00129,2.55e-05,0.00129,2.55e-05
1,yes,no,3,+wh_no_gap,I know,what,our mother said,her friend remarked,the park attendant reported,,your friend,threw,the plastic,into the trash can.,0.0,3.139138,4.561374,4.561374,9.632398,7.743895999999999,9.734304,10.412193,7.570263,12.71750575,,,16.728607,11.845524,12.553583,12.553583,4.649722,7.9377055,4.828998,5.73075075,6.466402333333334,8.691862954545455,4.649722,7.9377055,0.0123,0.00114,0.0024,0.0024,0.00138,0.000134,0.002,3.82e-06,0.0537,3.73e-06,,,0.00339,0.000219,2.88e-05,2.88e-05,0.0537,3.23e-05,0.00129,2.55e-05,0.0537,3.23e-05
1,no,yes,4,-wh_gap,I know,that,our mother said,her friend remarked,the park attendant reported,the cop thinks,your friend,threw,,into the trash can.,0.0,3.139138,2.352433,2.352433,8.541259,8.674515666666666,7.237803,9.628442333333334,6.17998,12.139693499999998,3.635417,11.406883,13.428319,10.1406385,12.073783,12.073783,,,7.083965,6.16116025,6.16116025,8.839943782608696,7.083965,6.16116025,0.0123,0.00114,0.0102,0.0102,0.00138,0.000134,0.002,3.82e-06,0.0537,3.73e-06,0.0537,1.69e-05,0.00339,0.000219,2.88e-05,2.88e-05,,,0.00129,2.55e-05,0.00129,2.55e-05
1,no,no,4,-wh_no_gap,I know,that,our mother said,her friend remarked,the park attendant reported,the cop thinks,your friend,threw,the plastic,into the trash can.,0.0,3.139138,2.352433,2.352433,8.541259,8.674515666666666,7.237803,9.628442333333334,6.17998,12.139693499999998,3.635417,11.406883,13.428319,10.1406385,12.073783,12.073783,3.420901,6.9561285,4.644378,5.76240875,6.160315333333334,8.625438319999999,3.420901,6.9561285,0.0123,0.00114,0.0102,0.0102,0.00138,0.000134,0.002,3.82e-06,0.0537,3.73e-06,0.0537,1.69e-05,0.00339,0.000219,2.88e-05,2.88e-05,0.0537,3.23e-05,0.00129,2.55e-05,0.0537,3.23e-05
1,yes,yes,4,+wh_gap,I know,what,our mother said,her friend remarked,the park attendant reported,the cop thinks,your friend,threw,,into the trash can.,0.0,3.139138,4.561374,4.561374,9.632398,7.743895999999999,9.734304,10.412193,7.570263,12.71750575,7.058434,12.208832333333334,14.481349,10.673124,12.230663,12.230663,,,4.802982,5.35684775,5.35684775,9.03516256521739,4.802982,5.35684775,0.0123,0.00114,0.0024,0.0024,0.00138,0.000134,0.002,3.82e-06,0.0537,3.73e-06,0.0537,1.69e-05,0.00339,0.000219,2.88e-05,2.88e-05,,,0.00129,2.55e-05,0.00129,2.55e-05
1,yes,no,4,+wh_no_gap,I know,what,our mother said,her friend remarked,the park attendant reported,the cop thinks,your friend,threw,the plastic,into the trash can.,0.0,3.139138,4.561374,4.561374,9.632398,7.743895999999999,9.734304,10.412193,7.570263,12.71750575,7.058434,12.208832333333334,14.481349,10.673124,12.230663,12.230663,4.644963,8.2465115,4.91072,5.580786,6.469361166666668,9.0079006,4.644963,8.2465115,0.0123,0.00114,0.0024,0.0024,0.00138,0.000134,0.002,3.82e-06,0.0537,3.73e-06,0.0537,1.69e-05,0.00339,0.000219,2.88e-05,2.88e-05,0.0537,3.23e-05,0.00129,2.55e-05,0.0537,3.23e-05
10,no,yes,0,-wh_gap,The newspaper reported,that,,,,,the boss,sold,,to his friend.,0.0,7.739525333333333,0.656248,0.656248,,,,,,,,,2.181931,8.5026685,11.724365,11.724365,,,5.962626,5.720364,5.720364,6.976561799999999,5.962626,5.720364,0.0537,2.85e-05,0.0102,0.0102,,,,,,,,,0.0537,5.75e-05,9.33e-05,9.33e-05,,,0.0269,0.000217,0.0269,0.000217
10,no,no,0,-wh_no_gap,The newspaper reported,that,,,,,the boss,sold,a car,to his friend.,0.0,7.739525333333333,0.656248,0.656248,,,,,,,,,2.181931,8.5026685,11.724365,11.724365,4.071801,5.3860435,1.943193,3.830098,4.4524762,6.238908916666666,4.071801,5.3860435,0.0537,2.85e-05,0.0102,0.0102,,,,,,,,,0.0537,5.75e-05,9.33e-05,9.33e-05,0.0229,0.000278,0.0269,0.000217,0.0229,0.000278
10,yes,yes,0,+wh_gap,The newspaper reported,what,,,,,the boss,sold,,to his friend.,0.0,7.739525333333333,11.347739,11.347739,,,,,,,,,3.060604,9.453302,11.515039,11.515039,,,1.895673,3.860435666666667,3.860435666666667,7.6569265,1.895673,3.860435666666667,0.0537,2.85e-05,0.0024,0.0024,,,,,,,,,0.0537,5.75e-05,9.33e-05,9.33e-05,,,0.0269,0.000217,0.0269,0.000217
10,yes,no,0,+wh_no_gap,The newspaper reported,what,,,,,the boss,sold,a car,to his friend.,0.0,7.739525333333333,11.347739,11.347739,,,,,,,,,3.060604,9.453302,11.515039,11.515039,7.11902,7.582119499999999,1.622283,3.766061333333333,5.2924846,7.620865083333334,7.11902,7.582119499999999,0.0537,2.85e-05,0.0024,0.0024,,,,,,,,,0.0537,5.75e-05,9.33e-05,9.33e-05,0.0229,0.000278,0.0269,0.000217,0.0229,0.000278
10,no,yes,1,-wh_gap,The newspaper reported,that,the investigator thought,,,,the boss,sold,,to his friend.,0.0,7.739525333333333,0.656248,0.656248,2.181931,8.963975333333334,,,,,,,3.220821,8.922973,13.842034,13.842034,,,4.752794,5.161095333333333,5.161095333333333,7.533693538461538,4.752794,5.161095333333333,0.0537,2.85e-05,0.0102,0.0102,0.0537,6.64e-06,,,,,,,0.0537,5.75e-05,9.33e-05,9.33e-05,,,0.0269,0.000217,0.0269,0.000217
10,no,no,1,-wh_no_gap,The newspaper reported,that,the investigator thought,,,,the boss,sold,a car,to his friend.,0.0,7.739525333333333,0.656248,0.656248,2.181931,8.963975333333334,,,,,,,3.220821,8.922973,13.842034,13.842034,4.042106,5.847146,2.028394,4.000660666666668,4.739254799999999,7.076733600000001,4.042106,5.847146,0.0537,2.85e-05,0.0102,0.0102,0.0537,6.64e-06,,,,,,,0.0537,5.75e-05,9.33e-05,9.33e-05,0.0229,0.000278,0.0269,0.000217,0.0229,0.000278
10,yes,yes,1,+wh_gap,The newspaper reported,what,the investigator thought,,,,the boss,sold,,to his friend.,0.0,7.739525333333333,11.347739,11.347739,3.060604,7.642082666666667,,,,,,,6.223873,10.6649895,13.491715,13.491715,,,3.025668,4.279112333333333,4.279112333333333,8.088584153846153,3.025668,4.279112333333333,0.0537,2.85e-05,0.0024,0.0024,0.0537,6.64e-06,,,,,,,0.0537,5.75e-05,9.33e-05,9.33e-05,,,0.0269,0.000217,0.0269,0.000217
10,yes,no,1,+wh_no_gap,The newspaper reported,what,the investigator thought,,,,the boss,sold,a car,to his friend.,0.0,7.739525333333333,11.347739,11.347739,3.060604,7.642082666666667,,,,,,,6.223873,10.6649895,13.491715,13.491715,7.607812,7.76682,1.962946,4.017266666666667,5.517087999999999,7.993313133333333,7.607812,7.76682,0.0537,2.85e-05,0.0024,0.0024,0.0537,6.64e-06,,,,,,,0.0537,5.75e-05,9.33e-05,9.33e-05,0.0229,0.000278,0.0269,0.000217,0.0229,0.000278
10,no,yes,2,-wh_gap,The newspaper reported,that,the investigator thought,the businessman believed,,,the boss,sold,,to his friend.,0.0,7.739525333333333,0.656248,0.656248,2.181931,8.963975333333334,3.220821,9.883071666666666,,,,,3.432453,8.603762,12.127194,12.127194,,,5.065941,5.20976,5.20976,7.836247687499999,5.065941,5.20976,0.0537,2.85e-05,0.0102,0.0102,0.0537,6.64e-06,0.0537,7.69e-06,,,,,0.0537,5.75e-05,9.33e-05,9.33e-05,,,0.0269,0.000217,0.0269,0.000217
10,no,no,2,-wh_no_gap,The newspaper reported,that,the investigator thought,the businessman believed,,,the boss,sold,a car,to his friend.,0.0,7.739525333333333,0.656248,0.656248,2.181931,8.963975333333334,3.220821,9.883071666666666,,,,,3.432453,8.603762,12.127194,12.127194,4.226011,5.7644585,2.292895,4.017047333333333,4.7160118,7.407263444444445,4.226011,5.7644585,0.0537,2.85e-05,0.0102,0.0102,0.0537,6.64e-06,0.0537,7.69e-06,,,,,0.0537,5.75e-05,9.33e-05,9.33e-05,0.0229,0.000278,0.0269,0.000217,0.0229,0.000278
10,yes,yes,2,+wh_gap,The newspaper reported,what,the investigator thought,the businessman believed,,,the boss,sold,,to his friend.,0.0,7.739525333333333,11.347739,11.347739,3.060604,7.642082666666667,6.223873,10.255924666666669,,,,,6.708405,10.251766,12.559789,12.559789,,,3.026702,4.406921333333333,4.406921333333333,8.409026375,3.026702,4.406921333333333,0.0537,2.85e-05,0.0024,0.0024,0.0537,6.64e-06,0.0537,7.69e-06,,,,,0.0537,5.75e-05,9.33e-05,9.33e-05,,,0.0269,0.000217,0.0269,0.000217
10,yes,no,2,+wh_no_gap,The newspaper reported,what,the investigator thought,the businessman believed,,,the boss,sold,a car,to his friend.,0.0,7.739525333333333,11.347739,11.347739,3.060604,7.642082666666667,6.223873,10.255924666666669,,,,,6.708405,10.251766,12.559789,12.559789,7.288294,7.387511999999999,2.244652,4.207075666666666,5.4792502,8.262217166666666,7.288294,7.387511999999999,0.0537,2.85e-05,0.0024,0.0024,0.0537,6.64e-06,0.0537,7.69e-06,,,,,0.0537,5.75e-05,9.33e-05,9.33e-05,0.0229,0.000278,0.0269,0.000217,0.0229,0.000278
10,no,yes,3,-wh_gap,The newspaper reported,that,the investigator thought,the businessman believed,the banker said,,the boss,sold,,to his friend.,0.0,7.739525333333333,0.656248,0.656248,2.181931,8.963975333333334,3.220821,9.883071666666666,3.432453,9.735665,,,3.896652,8.0074655,11.664895,11.664895,,,5.511365,5.337014666666666,5.337014666666666,8.069148947368422,5.511365,5.337014666666666,0.0537,2.85e-05,0.0102,0.0102,0.0537,6.64e-06,0.0537,7.69e-06,0.0537,5.99e-06,,,0.0537,5.75e-05,9.33e-05,9.33e-05,,,0.0269,0.000217,0.0269,0.000217
10,no,no,3,-wh_no_gap,The newspaper reported,that,the investigator thought,the businessman believed,the banker said,,the boss,sold,a car,to his friend.,0.0,7.739525333333333,0.656248,0.656248,2.181931,8.963975333333334,3.220821,9.883071666666666,3.432453,9.735665,,,3.896652,8.0074655,11.664895,11.664895,4.252781,5.4800815,2.197273,3.805091333333333,4.4750874000000005,7.603724904761903,4.252781,5.4800815,0.0537,2.85e-05,0.0102,0.0102,0.0537,6.64e-06,0.0537,7.69e-06,0.0537,5.99e-06,,,0.0537,5.75e-05,9.33e-05,9.33e-05,0.0229,0.000278,0.0269,0.000217,0.0229,0.000278
10,yes,yes,3,+wh_gap,The newspaper reported,what,the investigator thought,the businessman believed,the banker said,,the boss,sold,,to his friend.,0.0,7.739525333333333,11.347739,11.347739,3.060604,7.642082666666667,6.223873,10.255924666666669,6.708405,10.551296333333331,,,7.056639,9.4496585,12.081965,12.081965,,,3.731551,4.563841666666666,4.563841666666666,8.66247542105263,3.731551,4.563841666666666,0.0537,2.85e-05,0.0024,0.0024,0.0537,6.64e-06,0.0537,7.69e-06,0.0537,5.99e-06,,,0.0537,5.75e-05,9.33e-05,9.33e-05,,,0.0269,0.000217,0.0269,0.000217
10,yes,no,3,+wh_no_gap,The newspaper reported,what,the investigator thought,the businessman believed,the banker said,,the boss,sold,a car,to his friend.,0.0,7.739525333333333,11.347739,11.347739,3.060604,7.642082666666667,6.223873,10.255924666666669,6.708405,10.551296333333331,,,7.056639,9.4496585,12.081965,12.081965,5.511918,6.0138015,2.352611,3.943041333333333,4.7713454,8.321534999999999,5.511918,6.0138015,0.0537,2.85e-05,0.0024,0.0024,0.0537,6.64e-06,0.0537,7.69e-06,0.0537,5.99e-06,,,0.0537,5.75e-05,9.33e-05,9.33e-05,0.0229,0.000278,0.0269,0.000217,0.0229,0.000278
10,no,yes,4,-wh_gap,The newspaper reported,that,the investigator thought,the businessman believed,the banker said,his friend believes,the boss,sold,,to his friend.,0.0,7.739525333333333,0.656248,0.656248,2.181931,8.963975333333334,3.220821,9.883071666666666,3.432453,9.735665,6.07599,9.109689333333334,3.605857,7.92682,11.822581,11.822581,,,5.441407,5.3027663333333335,5.3027663333333335,8.206206727272727,5.441407,5.3027663333333335,0.0537,2.85e-05,0.0102,0.0102,0.0537,6.64e-06,0.0537,7.69e-06,0.0537,5.99e-06,0.00324,2.4e-05,0.0537,5.75e-05,9.33e-05,9.33e-05,,,0.0269,0.000217,0.0269,0.000217
10,no,no,4,-wh_no_gap,The newspaper reported,that,the investigator thought,the businessman believed,the banker said,his friend believes,the boss,sold,a car,to his friend.,0.0,7.739525333333333,0.656248,0.656248,2.181931,8.963975333333334,3.220821,9.883071666666666,3.432453,9.735665,6.07599,9.109689333333334,3.605857,7.92682,11.822581,11.822581,4.577946,5.888564000000001,2.337015,3.9426736666666655,4.721029800000001,7.843058249999999,4.577946,5.888564000000001,0.0537,2.85e-05,0.0102,0.0102,0.0537,6.64e-06,0.0537,7.69e-06,0.0537,5.99e-06,0.00324,2.4e-05,0.0537,5.75e-05,9.33e-05,9.33e-05,0.0229,0.000278,0.0269,0.000217,0.0229,0.000278
10,yes,yes,4,+wh_gap,The newspaper reported,what,the investigator thought,the businessman believed,the banker said,his friend believes,the boss,sold,,to his friend.,0.0,7.739525333333333,11.347739,11.347739,3.060604,7.642082666666667,6.223873,10.255924666666669,6.708405,10.551296333333331,8.982115,9.481224,3.763981,7.742178999999999,12.225589,12.225589,,,5.233843,5.227715,5.227715,8.71595409090909,5.233843,5.227715,0.0537,2.85e-05,0.0024,0.0024,0.0537,6.64e-06,0.0537,7.69e-06,0.0537,5.99e-06,0.00324,2.4e-05,0.0537,5.75e-05,9.33e-05,9.33e-05,,,0.0269,0.000217,0.0269,0.000217
10,yes,no,4,+wh_no_gap,The newspaper reported,what,the investigator thought,the businessman believed,the banker said,his friend believes,the boss,sold,a car,to his friend.,0.0,7.739525333333333,11.347739,11.347739,3.060604,7.642082666666667,6.223873,10.255924666666669,6.708405,10.551296333333331,8.982115,9.481224,3.763981,7.742178999999999,12.225589,12.225589,4.311249,5.502856,2.506011,3.989046,4.59457,8.293362291666666,4.311249,5.502856,0.0537,2.85e-05,0.0024,0.0024,0.0537,6.64e-06,0.0537,7.69e-06,0.0537,5.99e-06,0.00324,2.4e-05,0.0537,5.75e-05,9.33e-05,9.33e-05,0.0229,0.000278,0.0269,0.000217,0.0229,0.000278
11,no,yes,0,-wh_gap,Her friend found out,that,,,,,the visitor,told,,to the guests.,0.0,7.641213,1.181744,1.181744,,,,,,,,,2.945984,8.5301495,8.599363,8.599363,,,9.198224,7.156395666666666,7.156395666666666,7.170495000000002,9.198224,7.156395666666666,0.002,0.000137,0.0102,0.0102,,,,,,,,,0.0537,1.02e-05,0.000347,0.000347,,,0.0269,2.63e-05,0.0269,2.63e-05
11,no,no,0,-wh_no_gap,Her friend found out,that,,,,,the visitor,told,a story,to the guests.,0.0,7.641213,1.181744,1.181744,,,,,,,,,2.945984,8.5301495,8.599363,8.599363,6.167391,5.1328215,4.327679,5.936782,5.6151978,6.5755574615384615,6.167391,5.1328215,0.002,0.000137,0.0102,0.0102,,,,,,,,,0.0537,1.02e-05,0.000347,0.000347,0.0229,0.000278,0.0269,2.63e-05,0.0229,0.000278
11,yes,yes,0,+wh_gap,Her friend found out,what,,,,,the visitor,told,,to the guests.,0.0,7.641213,5.329701,5.329701,,,,,,,,,3.861553,7.5351055,6.99808,6.99808,,,5.605468,6.347644333333332,6.347644333333332,7.0005251818181815,5.605468,6.347644333333332,0.002,0.000137,0.0024,0.0024,,,,,,,,,0.0537,1.02e-05,0.000347,0.000347,,,0.0269,2.63e-05,0.0269,2.63e-05
11,yes,no,0,+wh_no_gap,Her friend found out,what,,,,,the visitor,told,a story,to the guests.,0.0,7.641213,5.329701,5.329701,,,,,,,,,3.861553,7.5351055,6.99808,6.99808,6.542699,5.9531595,4.368876,6.300605333333333,6.161627,6.828536846153846,6.542699,5.9531595,0.002,0.000137,0.0024,0.0024,,,,,,,,,0.0537,1.02e-05,0.000347,0.000347,0.0229,0.000278,0.0269,2.63e-05,0.0229,0.000278
11,no,yes,1,-wh_gap,Her friend found out,that,my friend believed,,,,the visitor,told,,to the guests.,0.0,7.641213,1.181744,1.181744,15.545675,10.564467666666667,,,,,,,3.784048,9.2504665,10.072203,10.072203,,,7.972269,6.989849,6.989849,8.070191571428571,7.972269,6.989849,0.002,0.000137,0.0102,0.0102,0.00372,4.48e-05,,,,,,,0.0537,1.02e-05,0.000347,0.000347,,,0.0269,2.63e-05,0.0269,2.63e-05
11,no,no,1,-wh_no_gap,Her friend found out,that,my friend believed,,,,the visitor,told,a story,to the guests.,0.0,7.641213,1.181744,1.181744,15.545675,10.564467666666667,,,,,,,3.784048,9.2504665,10.072203,10.072203,6.173626,5.0006415,4.040026,6.0656360000000005,5.6396382,7.513207874999999,6.173626,5.0006415,0.002,0.000137,0.0102,0.0102,0.00372,4.48e-05,,,,,,,0.0537,1.02e-05,0.000347,0.000347,0.0229,0.000278,0.0269,2.63e-05,0.0229,0.000278
11,yes,yes,1,+wh_gap,Her friend found out,what,my friend believed,,,,the visitor,told,,to the guests.,0.0,7.641213,5.329701,5.329701,14.124475,8.922314,,,,,,,4.845181,9.8518865,8.888007,8.888007,,,6.234224,7.159114,7.159114,8.052186928571428,6.234224,7.159114,0.002,0.000137,0.0024,0.0024,0.00372,4.48e-05,,,,,,,0.0537,1.02e-05,0.000347,0.000347,,,0.0269,2.63e-05,0.0269,2.63e-05
11,yes,no,1,+wh_no_gap,Her friend found out,what,my friend believed,,,,the visitor,told,a story,to the guests.,0.0,7.641213,5.329701,5.329701,14.124475,8.922314,,,,,,,4.845181,9.8518865,8.888007,8.888007,6.599024,5.502727500000001,4.496255,6.873796666666666,6.325369,7.6800075,6.599024,5.502727500000001,0.002,0.000137,0.0024,0.0024,0.00372,4.48e-05,,,,,,,0.0537,1.02e-05,0.000347,0.000347,0.0229,0.000278,0.0269,2.63e-05,0.0229,0.000278
11,no,yes,2,-wh_gap,Her friend found out,that,my friend believed,the professor said,,,the visitor,told,,to the guests.,0.0,7.641213,1.181744,1.181744,15.545675,10.564467666666667,3.784048,10.373491333333332,,,,,3.914557,9.2011865,7.784509,7.784509,,,9.349903,7.414366999999999,7.414366999999999,8.411203294117646,9.349903,7.414366999999999,0.002,0.000137,0.0102,0.0102,0.00372,4.48e-05,0.0537,7.36e-05,,,,,0.0537,1.02e-05,0.000347,0.000347,,,0.0269,2.63e-05,0.0269,2.63e-05
11,no,no,2,-wh_no_gap,Her friend found out,that,my friend believed,the professor said,,,the visitor,told,a story,to the guests.,0.0,7.641213,1.181744,1.181744,15.545675,10.564467666666667,3.784048,10.373491333333332,,,,,3.914557,9.2011865,7.784509,7.784509,6.700785,5.288328,4.300254,6.023188333333334,5.7292442,7.862819789473684,6.700785,5.288328,0.002,0.000137,0.0102,0.0102,0.00372,4.48e-05,0.0537,7.36e-05,,,,,0.0537,1.02e-05,0.000347,0.000347,0.0229,0.000278,0.0269,2.63e-05,0.0229,0.000278
11,yes,yes,2,+wh_gap,Her friend found out,what,my friend believed,the professor said,,,the visitor,told,,to the guests.,0.0,7.641213,5.329701,5.329701,14.124475,8.922314,4.845181,10.083822,,,,,6.613657,9.9553565,7.657908,7.657908,,,6.973319,7.322710333333333,7.322710333333333,8.37939488235294,6.973319,7.322710333333333,0.002,0.000137,0.0024,0.0024,0.00372,4.48e-05,0.0537,7.36e-05,,,,,0.0537,1.02e-05,0.000347,0.000347,,,0.0269,2.63e-05,0.0269,2.63e-05
11,yes,no,2,+wh_no_gap,Her friend found out,what,my friend believed,the professor said,,,the visitor,told,a story,to the guests.,0.0,7.641213,5.329701,5.329701,14.124475,8.922314,4.845181,10.083822,,,,,6.613657,9.9553565,7.657908,7.657908,6.624044,5.4803665,4.662794,6.792712666666667,6.2677742,7.990550157894736,6.624044,5.4803665,0.002,0.000137,0.0024,0.0024,0.00372,4.48e-05,0.0537,7.36e-05,,,,,0.0537,1.02e-05,0.000347,0.000347,0.0229,0.000278,0.0269,2.63e-05,0.0229,0.000278
11,no,yes,3,-wh_gap,Her friend found out,that,my friend believed,the professor said,his colleague noticed,,the visitor,told,,to the guests.,0.0,7.641213,1.181744,1.181744,15.545675,10.564467666666667,3.784048,10.373491333333332,7.45132,10.254088333333334,,,3.10602,9.4564565,11.537224,11.537224,,,7.992959,6.87517,6.87517,8.819919250000002,7.992959,6.87517,0.002,0.000137,0.0102,0.0102,0.00372,4.48e-05,0.0537,7.36e-05,0.00324,7.78e-06,,,0.0537,1.02e-05,0.000347,0.000347,,,0.0269,2.63e-05,0.0269,2.63e-05
11,no,no,3,-wh_no_gap,Her friend found out,that,my friend believed,the professor said,his colleague noticed,,the visitor,told,a story,to the guests.,0.0,7.641213,1.181744,1.181744,15.545675,10.564467666666667,3.784048,10.373491333333332,7.45132,10.254088333333334,,,3.10602,9.4564565,11.537224,11.537224,6.896709,5.2742355000000005,4.561075,6.082510333333333,5.7592004,8.389494409090908,6.896709,5.2742355000000005,0.002,0.000137,0.0102,0.0102,0.00372,4.48e-05,0.0537,7.36e-05,0.00324,7.78e-06,,,0.0537,1.02e-05,0.000347,0.000347,0.0229,0.000278,0.0269,2.63e-05,0.0229,0.000278
11,yes,yes,3,+wh_gap,Her friend found out,what,my friend believed,the professor said,his colleague noticed,,the visitor,told,,to the guests.,0.0,7.641213,5.329701,5.329701,14.124475,8.922314,4.845181,10.083822,10.38224,10.803282,,,5.726281,10.528899,11.337095,11.337095,,,7.202875,6.995433666666666,6.995433666666666,8.93520005,7.202875,6.995433666666666,0.002,0.000137,0.0024,0.0024,0.00372,4.48e-05,0.0537,7.36e-05,0.00324,7.78e-06,,,0.0537,1.02e-05,0.000347,0.000347,,,0.0269,2.63e-05,0.0269,2.63e-05
11,yes,no,3,+wh_no_gap,Her friend found out,what,my friend believed,the professor said,his colleague noticed,,the visitor,told,a story,to the guests.,0.0,7.641213,5.329701,5.329701,14.124475,8.922314,4.845181,10.083822,10.38224,10.803282,,,5.726281,10.528899,11.337095,11.337095,7.04426,5.440534,5.005687,6.388812333333334,6.009501,8.534782045454547,7.04426,5.440534,0.002,0.000137,0.0024,0.0024,0.00372,4.48e-05,0.0537,7.36e-05,0.00324,7.78e-06,,,0.0537,1.02e-05,0.000347,0.000347,0.0229,0.000278,0.0269,2.63e-05,0.0229,0.000278
11,no,yes,4,-wh_gap,Her friend found out,that,my friend believed,the professor said,his colleague noticed,their students recalled,the visitor,told,,to the guests.,0.0,7.641213,1.181744,1.181744,15.545675,10.564467666666667,3.784048,10.373491333333332,7.45132,10.254088333333334,8.117656,12.095917333333333,3.662979,9.166328,11.788223,11.788223,,,7.502352,6.484301666666667,6.484301666666667,9.18192495652174,7.502352,6.484301666666667,0.002,0.000137,0.0102,0.0102,0.00372,4.48e-05,0.0537,7.36e-05,0.00324,7.78e-06,0.00214,9.02e-06,0.0537,1.02e-05,0.000347,0.000347,,,0.0269,2.63e-05,0.0269,2.63e-05
11,no,no,4,-wh_no_gap,Her friend found out,that,my friend believed,the professor said,his colleague noticed,their students recalled,the visitor,told,a story,to the guests.,0.0,7.641213,1.181744,1.181744,15.545675,10.564467666666667,3.784048,10.373491333333332,7.45132,10.254088333333334,8.117656,12.095917333333333,3.662979,9.166328,11.788223,11.788223,6.748512,4.9582715,4.574181,5.8646123333333335,5.502076,8.76966996,6.748512,4.9582715,0.002,0.000137,0.0102,0.0102,0.00372,4.48e-05,0.0537,7.36e-05,0.00324,7.78e-06,0.00214,9.02e-06,0.0537,1.02e-05,0.000347,0.000347,0.0229,0.000278,0.0269,2.63e-05,0.0229,0.000278
11,yes,yes,4,+wh_gap,Her friend found out,what,my friend believed,the professor said,his colleague noticed,their students recalled,the visitor,told,,to the guests.,0.0,7.641213,5.329701,5.329701,14.124475,8.922314,4.845181,10.083822,10.38224,10.803282,10.611323,12.933940666666668,5.945209,10.285092,12.458194,12.458194,,,5.965565,6.352012666666667,6.352012666666667,9.400393260869564,5.965565,6.352012666666667,0.002,0.000137,0.0024,0.0024,0.00372,4.48e-05,0.0537,7.36e-05,0.00324,7.78e-06,0.00214,9.02e-06,0.0537,1.02e-05,0.000347,0.000347,,,0.0269,2.63e-05,0.0269,2.63e-05
11,yes,no,4,+wh_no_gap,Her friend found out,what,my friend believed,the professor said,his colleague noticed,their students recalled,the visitor,told,a story,to the guests.,0.0,7.641213,5.329701,5.329701,14.124475,8.922314,4.845181,10.083822,10.38224,10.803282,10.611323,12.933940666666668,5.945209,10.285092,12.458194,12.458194,7.145698,5.3600915,4.959667,6.149247,5.8335848,9.05283724,7.145698,5.3600915,0.002,0.000137,0.0024,0.0024,0.00372,4.48e-05,0.0537,7.36e-05,0.00324,7.78e-06,0.00214,9.02e-06,0.0537,1.02e-05,0.000347,0.000347,0.0229,0.000278,0.0269,2.63e-05,0.0229,0.000278
12,no,yes,0,-wh_gap,I realized,that,,,,,the suffering artist,saw,,at the museum.,0.0,5.351895,0.826327,0.826327,,,,,,,,,2.072847,10.949962,10.155708,10.155708,,,6.51041,5.6403110000000005,5.6403110000000005,7.145664399999999,6.51041,5.6403110000000005,0.0123,3.88e-05,0.0102,0.0102,,,,,,,,,0.0537,2.2e-05,0.000219,0.000219,,,0.00501,5.07e-05,0.00501,5.07e-05
12,no,no,0,-wh_no_gap,I realized,that,,,,,the suffering artist,saw,a painting,at the museum.,0.0,5.351895,0.826327,0.826327,,,,,,,,,2.072847,10.949962,10.155708,10.155708,4.293156,7.4752885,6.525059,4.519426333333333,5.7017712,6.920380583333333,4.293156,7.4752885,0.0123,3.88e-05,0.0102,0.0102,,,,,,,,,0.0537,2.2e-05,0.000219,0.000219,0.0229,3.97e-05,0.00501,5.07e-05,0.0229,3.97e-05
12,yes,yes,0,+wh_gap,I realized,what,,,,,the suffering artist,saw,,at the museum.,0.0,5.351895,5.826236,5.826236,,,,,,,,,3.619834,11.916136333333332,8.640055,8.640055,,,5.874088,5.619728666666667,5.619728666666667,7.777767599999999,5.874088,5.619728666666667,0.0123,3.88e-05,0.0024,0.0024,,,,,,,,,0.0537,2.2e-05,0.000219,0.000219,,,0.00501,5.07e-05,0.00501,5.07e-05
12,yes,no,0,+wh_no_gap,I realized,what,,,,,the suffering artist,saw,a painting,at the museum.,0.0,5.351895,5.826236,5.826236,,,,,,,,,3.619834,11.916136333333332,8.640055,8.640055,8.106455,9.6248635,6.891188,5.311481666666666,7.036834400000001,8.008555166666667,8.106455,9.6248635,0.0123,3.88e-05,0.0024,0.0024,,,,,,,,,0.0537,2.2e-05,0.000219,0.000219,0.0229,3.97e-05,0.00501,5.07e-05,0.0229,3.97e-05
12,no,yes,1,-wh_gap,I realized,that,the painter believed,,,,the suffering artist,saw,,at the museum.,0.0,5.351895,0.826327,0.826327,2.072847,9.096522,,,,,,,2.938065,10.238313333333334,10.637591,10.637591,,,7.707556,5.752807333333333,5.752807333333333,7.494664307692307,7.707556,5.752807333333333,0.0123,3.88e-05,0.0102,0.0102,0.0537,7.39e-06,,,,,,,0.0537,2.2e-05,0.000219,0.000219,,,0.00501,5.07e-05,0.00501,5.07e-05
12,no,no,1,-wh_no_gap,I realized,that,the painter believed,,,,the suffering artist,saw,a painting,at the museum.,0.0,5.351895,0.826327,0.826327,2.072847,9.096522,,,,,,,2.938065,10.238313333333334,10.637591,10.637591,3.68142,5.828177500000001,6.714376,4.432471,4.9907536,7.0083988,3.68142,5.828177500000001,0.0123,3.88e-05,0.0102,0.0102,0.0537,7.39e-06,,,,,,,0.0537,2.2e-05,0.000219,0.000219,0.0229,3.97e-05,0.00501,5.07e-05,0.0229,3.97e-05
12,yes,yes,1,+wh_gap,I realized,what,the painter believed,,,,the suffering artist,saw,,at the museum.,0.0,5.351895,5.826236,5.826236,3.619834,7.986207,,,,,,,6.292359,11.552505666666669,9.708186,9.708186,,,5.718024,4.957000333333333,4.957000333333333,7.671180846153846,5.718024,4.957000333333333,0.0123,3.88e-05,0.0024,0.0024,0.0537,7.39e-06,,,,,,,0.0537,2.2e-05,0.000219,0.000219,,,0.00501,5.07e-05,0.00501,5.07e-05
12,yes,no,1,+wh_no_gap,I realized,what,the painter believed,,,,the suffering artist,saw,a painting,at the museum.,0.0,5.351895,5.826236,5.826236,3.619834,7.986207,,,,,,,6.292359,11.552505666666669,9.708186,9.708186,7.869059,8.423277500000001,6.605387,4.92514,6.324395000000001,7.765088333333335,7.869059,8.423277500000001,0.0123,3.88e-05,0.0024,0.0024,0.0537,7.39e-06,,,,,,,0.0537,2.2e-05,0.000219,0.000219,0.0229,3.97e-05,0.00501,5.07e-05,0.0229,3.97e-05
12,no,yes,2,-wh_gap,I realized,that,the painter believed,his rival suspected,,,the suffering artist,saw,,at the museum.,0.0,5.351895,0.826327,0.826327,2.072847,9.096522,6.598816,12.087742,,,,,3.388716,11.017516666666666,11.431094,11.431094,,,7.122811,5.68921,5.68921,8.5396364375,7.122811,5.68921,0.0123,3.88e-05,0.0102,0.0102,0.0537,7.39e-06,0.00324,7.29e-06,,,,,0.0537,2.2e-05,0.000219,0.000219,,,0.00501,5.07e-05,0.00501,5.07e-05
12,no,no,2,-wh_no_gap,I realized,that,the painter believed,his rival suspected,,,the suffering artist,saw,a painting,at the museum.,0.0,5.351895,0.826327,0.826327,2.072847,9.096522,6.598816,12.087742,,,,,3.388716,11.017516666666666,11.431094,11.431094,4.060841,6.0594625,6.050887,4.132915666666666,4.9035344,8.004679166666666,4.060841,6.0594625,0.0123,3.88e-05,0.0102,0.0102,0.0537,7.39e-06,0.00324,7.29e-06,,,,,0.0537,2.2e-05,0.000219,0.000219,0.0229,3.97e-05,0.00501,5.07e-05,0.0229,3.97e-05
12,yes,yes,2,+wh_gap,I realized,what,the painter believed,his rival suspected,,,the suffering artist,saw,,at the museum.,0.0,5.351895,5.826236,5.826236,3.619834,7.986207,9.85161,13.316725,,,,,6.534127,12.079343666666666,10.15908,10.15908,,,5.589462,5.129340666666667,5.129340666666667,8.8889971875,5.589462,5.129340666666667,0.0123,3.88e-05,0.0024,0.0024,0.0537,7.39e-06,0.00324,7.29e-06,,,,,0.0537,2.2e-05,0.000219,0.000219,,,0.00501,5.07e-05,0.00501,5.07e-05
12,yes,no,2,+wh_no_gap,I realized,what,the painter believed,his rival suspected,,,the suffering artist,saw,a painting,at the museum.,0.0,5.351895,5.826236,5.826236,3.619834,7.986207,9.85161,13.316725,,,,,6.534127,12.079343666666666,10.15908,10.15908,8.346539,8.600866,6.485957,4.614032333333333,6.2087658,8.771097888888889,8.346539,8.600866,0.0123,3.88e-05,0.0024,0.0024,0.0537,7.39e-06,0.00324,7.29e-06,,,,,0.0537,2.2e-05,0.000219,0.000219,0.0229,3.97e-05,0.00501,5.07e-05,0.0229,3.97e-05
12,no,yes,3,-wh_gap,I realized,that,the painter believed,his rival suspected,the man said,,the suffering artist,saw,,at the museum.,0.0,5.351895,0.826327,0.826327,2.072847,9.096522,6.598816,12.087742,3.388716,7.643018,,,5.288538,12.150325666666667,10.570435,10.570435,,,6.595201,5.384024666666666,5.384024666666666,8.483444684210527,6.595201,5.384024666666666,0.0123,3.88e-05,0.0102,0.0102,0.0537,7.39e-06,0.00324,7.29e-06,0.0537,0.000398,,,0.0537,2.2e-05,0.000219,0.000219,,,0.00501,5.07e-05,0.00501,5.07e-05
12,no,no,3,-wh_no_gap,I realized,that,the painter believed,his rival suspected,the man said,,the suffering artist,saw,a painting,at the museum.,0.0,5.351895,0.826327,0.826327,2.072847,9.096522,6.598816,12.087742,3.388716,7.643018,,,5.288538,12.150325666666667,10.570435,10.570435,4.480397,5.975405,6.100992,4.223619666666667,4.9243338,8.07881161904762,4.480397,5.975405,0.0123,3.88e-05,0.0102,0.0102,0.0537,7.39e-06,0.00324,7.29e-06,0.0537,0.000398,,,0.0537,2.2e-05,0.000219,0.000219,0.0229,3.97e-05,0.00501,5.07e-05,0.0229,3.97e-05
12,yes,yes,3,+wh_gap,I realized,what,the painter believed,his rival suspected,the man said,,the suffering artist,saw,,at the museum.,0.0,5.351895,5.826236,5.826236,3.619834,7.986207,9.85161,13.316725,6.534127,8.480255666666666,,,6.519774,12.541130666666666,10.093378,10.093378,,,7.032662,5.555024666666667,5.555024666666667,8.961128052631578,7.032662,5.555024666666667,0.0123,3.88e-05,0.0024,0.0024,0.0537,7.39e-06,0.00324,7.29e-06,0.0537,0.000398,,,0.0537,2.2e-05,0.000219,0.000219,,,0.00501,5.07e-05,0.00501,5.07e-05
12,yes,no,3,+wh_no_gap,I realized,what,the painter believed,his rival suspected,the man said,,the suffering artist,saw,a painting,at the museum.,0.0,5.351895,5.826236,5.826236,3.619834,7.986207,9.85161,13.316725,6.534127,8.480255666666666,,,6.519774,12.541130666666666,10.093378,10.093378,4.819077,6.2708325,6.036347,4.192097,5.0235912,8.510205476190478,4.819077,6.2708325,0.0123,3.88e-05,0.0024,0.0024,0.0537,7.39e-06,0.00324,7.29e-06,0.0537,0.000398,,,0.0537,2.2e-05,0.000219,0.000219,0.0229,3.97e-05,0.00501,5.07e-05,0.0229,3.97e-05
12,no,yes,4,-wh_gap,I realized,that,the painter believed,his rival suspected,the man said,his friend recalls,the suffering artist,saw,,at the museum.,0.0,5.351895,0.826327,0.826327,2.072847,9.096522,6.598816,12.087742,3.388716,7.643018,7.116247,9.921874666666668,2.489272,10.570055333333334,12.705081,12.705081,,,5.385296,4.492896333333333,4.492896333333333,8.439614681818183,5.385296,4.492896333333333,0.0123,3.88e-05,0.0102,0.0102,0.0537,7.39e-06,0.00324,7.29e-06,0.0537,0.000398,0.00324,4.58e-06,0.0537,2.2e-05,0.000219,0.000219,,,0.00501,5.07e-05,0.00501,5.07e-05
12,no,no,4,-wh_no_gap,I realized,that,the painter believed,his rival suspected,the man said,his friend recalls,the suffering artist,saw,a painting,at the museum.,0.0,5.351895,0.826327,0.826327,2.072847,9.096522,6.598816,12.087742,3.388716,7.643018,7.116247,9.921874666666668,2.489272,10.570055333333334,12.705081,12.705081,5.614789,6.1564865,5.504518,3.952333333333333,4.8339946000000005,8.181783625,5.614789,6.1564865,0.0123,3.88e-05,0.0102,0.0102,0.0537,7.39e-06,0.00324,7.29e-06,0.0537,0.000398,0.00324,4.58e-06,0.0537,2.2e-05,0.000219,0.000219,0.0229,3.97e-05,0.00501,5.07e-05,0.0229,3.97e-05
12,yes,yes,4,+wh_gap,I realized,what,the painter believed,his rival suspected,the man said,his friend recalls,the suffering artist,saw,,at the museum.,0.0,5.351895,5.826236,5.826236,3.619834,7.986207,9.85161,13.316725,6.534127,8.480255666666666,8.853249,10.438352666666669,2.90757,10.856919666666665,12.457803,12.457803,,,5.744872,4.709859,4.709859,8.925126636363636,5.744872,4.709859,0.0123,3.88e-05,0.0024,0.0024,0.0537,7.39e-06,0.00324,7.29e-06,0.0537,0.000398,0.00324,4.58e-06,0.0537,2.2e-05,0.000219,0.000219,,,0.00501,5.07e-05,0.00501,5.07e-05
12,yes,no,4,+wh_no_gap,I realized,what,the painter believed,his rival suspected,the man said,his friend recalls,the suffering artist,saw,a painting,at the museum.,0.0,5.351895,5.826236,5.826236,3.619834,7.986207,9.85161,13.316725,6.534127,8.480255666666666,8.853249,10.438352666666669,2.90757,10.856919666666665,12.457803,12.457803,5.214851,6.073221500000001,5.570043,3.9622026666666663,4.806610200000001,8.594010833333334,5.214851,6.073221500000001,0.0123,3.88e-05,0.0024,0.0024,0.0537,7.39e-06,0.00324,7.29e-06,0.0537,0.000398,0.00324,4.58e-06,0.0537,2.2e-05,0.000219,0.000219,0.0229,3.97e-05,0.00501,5.07e-05,0.0229,3.97e-05
13,no,yes,0,-wh_gap,The novel revealed,that,,,,,the young politician,said,,to his donors.,0.0,9.676626333333331,1.524586,1.524586,,,,,,,,,1.822094,7.520285,10.050961,10.050961,,,4.731812,9.089035,9.089035,8.22121690909091,4.731812,9.089035,0.0537,2.18e-05,0.0102,0.0102,,,,,,,,,0.0537,1.37e-05,0.00102,0.00102,,,0.0269,6.75e-06,0.0269,6.75e-06
13,no,no,0,-wh_no_gap,The novel revealed,that,,,,,the young politician,said,something,to his donors.,0.0,9.676626333333331,1.524586,1.524586,,,,,,,,,1.822094,7.520285,10.050961,10.050961,10.553848,10.553848,2.930087,8.776825333333333,9.221081000000002,8.337550416666668,10.553848,10.553848,0.0537,2.18e-05,0.0102,0.0102,,,,,,,,,0.0537,1.37e-05,0.00102,0.00102,0.000646,0.000646,0.0269,6.75e-06,0.000646,0.000646
13,yes,yes,0,+wh_gap,The novel revealed,what,,,,,the young politician,said,,to his donors.,0.0,9.676626333333331,8.60637,8.60637,,,,,,,,,3.197299,7.925460666666667,6.653691,6.653691,,,3.530879,8.989520333333333,8.989520333333333,8.639534818181817,3.530879,8.989520333333333,0.0537,2.18e-05,0.0024,0.0024,,,,,,,,,0.0537,1.37e-05,0.00102,0.00102,,,0.0269,6.75e-06,0.0269,6.75e-06
13,yes,no,0,+wh_no_gap,The novel revealed,what,,,,,the young politician,said,something,to his donors.,0.0,9.676626333333331,8.60637,8.60637,,,,,,,,,3.197299,7.925460666666667,6.653691,6.653691,13.0429,13.0429,3.893265,9.111331666666668,10.09422375,9.03693475,13.0429,13.0429,0.0537,2.18e-05,0.0024,0.0024,,,,,,,,,0.0537,1.37e-05,0.00102,0.00102,0.000646,0.000646,0.0269,6.75e-06,0.000646,0.000646
13,no,yes,1,-wh_gap,The novel revealed,that,our friend thought,,,,the young politician,said,,to his donors.,0.0,9.676626333333331,1.524586,1.524586,13.163885,10.828148333333331,,,,,,,2.94787,8.450162666666666,11.884658,11.884658,,,3.589518,9.317694666666666,9.317694666666666,9.15908142857143,3.589518,9.317694666666666,0.0537,2.18e-05,0.0102,0.0102,0.00138,0.000132,,,,,,,0.0537,1.37e-05,0.00102,0.00102,,,0.0269,6.75e-06,0.0269,6.75e-06
13,no,no,1,-wh_no_gap,The novel revealed,that,our friend thought,,,,the young politician,said,something,to his donors.,0.0,9.676626333333331,1.524586,1.524586,13.163885,10.828148333333331,,,,,,,2.94787,8.450162666666666,11.884658,11.884658,8.673259,8.673259,2.677943,9.193747666666663,9.0636255,9.101903866666667,8.673259,8.673259,0.0537,2.18e-05,0.0102,0.0102,0.00138,0.000132,,,,,,,0.0537,1.37e-05,0.00102,0.00102,0.000646,0.000646,0.0269,6.75e-06,0.000646,0.000646
13,yes,yes,1,+wh_gap,The novel revealed,what,our friend thought,,,,the young politician,said,,to his donors.,0.0,9.676626333333331,8.60637,8.60637,12.353848,9.009169666666669,,,,,,,5.487799,9.455027,10.874348,10.874348,,,4.094599,9.331304,9.331304,9.421221357142857,4.094599,9.331304,0.0537,2.18e-05,0.0024,0.0024,0.00138,0.000132,,,,,,,0.0537,1.37e-05,0.00102,0.00102,,,0.0269,6.75e-06,0.0269,6.75e-06
13,yes,no,1,+wh_no_gap,The novel revealed,what,our friend thought,,,,the young politician,said,something,to his donors.,0.0,9.676626333333331,8.60637,8.60637,12.353848,9.009169666666669,,,,,,,5.487799,9.455027,10.874348,10.874348,11.301181,11.301181,4.139565,9.824769,10.193872,9.645245,11.301181,11.301181,0.0537,2.18e-05,0.0024,0.0024,0.00138,0.000132,,,,,,,0.0537,1.37e-05,0.00102,0.00102,0.000646,0.000646,0.0269,6.75e-06,0.000646,0.000646
13,no,yes,2,-wh_gap,The novel revealed,that,our friend thought,the reporter knows,,,the young politician,said,,to his donors.,0.0,9.676626333333331,1.524586,1.524586,13.163885,10.828148333333331,2.94787,9.083240666666669,,,,,3.978675,10.082313333333332,11.822789,11.822789,,,4.362556,9.783987333333334,9.783987333333334,9.512371941176472,4.362556,9.783987333333334,0.0537,2.18e-05,0.0102,0.0102,0.00138,0.000132,0.0537,1.88e-05,,,,,0.0537,1.37e-05,0.00102,0.00102,,,0.0269,6.75e-06,0.0269,6.75e-06
13,no,no,2,-wh_no_gap,The novel revealed,that,our friend thought,the reporter knows,,,the young politician,said,something,to his donors.,0.0,9.676626333333331,1.524586,1.524586,13.163885,10.828148333333331,2.94787,9.083240666666669,,,,,3.978675,10.082313333333332,11.822789,11.822789,8.454764,8.454764,3.150996,9.365914666666669,9.138127,9.383937166666666,8.454764,8.454764,0.0537,2.18e-05,0.0102,0.0102,0.00138,0.000132,0.0537,1.88e-05,,,,,0.0537,1.37e-05,0.00102,0.00102,0.000646,0.000646,0.0269,6.75e-06,0.000646,0.000646
13,yes,yes,2,+wh_gap,The novel revealed,what,our friend thought,the reporter knows,,,the young politician,said,,to his donors.,0.0,9.676626333333331,8.60637,8.60637,12.353848,9.009169666666669,5.487799,10.42948,,,,,4.975553,9.932405666666666,12.467721,12.467721,,,4.426113,9.381145,9.381145,9.78591594117647,4.426113,9.381145,0.0537,2.18e-05,0.0024,0.0024,0.00138,0.000132,0.0537,1.88e-05,,,,,0.0537,1.37e-05,0.00102,0.00102,,,0.0269,6.75e-06,0.0269,6.75e-06
13,yes,no,2,+wh_no_gap,The novel revealed,what,our friend thought,the reporter knows,,,the young politician,said,something,to his donors.,0.0,9.676626333333331,8.60637,8.60637,12.353848,9.009169666666669,5.487799,10.42948,,,,,4.975553,9.932405666666666,12.467721,12.467721,10.906661,10.906661,3.879699,9.812803666666667,10.086268,9.920122666666664,10.906661,10.906661,0.0537,2.18e-05,0.0024,0.0024,0.00138,0.000132,0.0537,1.88e-05,,,,,0.0537,1.37e-05,0.00102,0.00102,0.000646,0.000646,0.0269,6.75e-06,0.000646,0.000646
13,no,yes,3,-wh_gap,The novel revealed,that,our friend thought,the reporter knows,her contact said,,the young politician,said,,to his donors.,0.0,9.676626333333331,1.524586,1.524586,13.163885,10.828148333333331,2.94787,9.083240666666669,7.9779,11.007276,,,3.999801,9.022712666666663,10.330911,10.330911,,,4.67195,9.693556333333332,9.693556333333332,9.489508900000002,4.67195,9.693556333333332,0.0537,2.18e-05,0.0102,0.0102,0.00138,0.000132,0.0537,1.88e-05,0.002,8.54e-05,,,0.0537,1.37e-05,0.00102,0.00102,,,0.0269,6.75e-06,0.0269,6.75e-06
13,no,no,3,-wh_no_gap,The novel revealed,that,our friend thought,the reporter knows,her contact said,,the young politician,said,something,to his donors.,0.0,9.676626333333331,1.524586,1.524586,13.163885,10.828148333333331,2.94787,9.083240666666669,7.9779,11.007276,,,3.999801,9.022712666666663,10.330911,10.330911,9.543835,9.543835,3.085344,9.337077333333331,9.38876675,9.441170285714286,9.543835,9.543835,0.0537,2.18e-05,0.0102,0.0102,0.00138,0.000132,0.0537,1.88e-05,0.002,8.54e-05,,,0.0537,1.37e-05,0.00102,0.00102,0.000646,0.000646,0.0269,6.75e-06,0.000646,0.000646
13,yes,yes,3,+wh_gap,The novel revealed,what,our friend thought,the reporter knows,her contact said,,the young politician,said,,to his donors.,0.0,9.676626333333331,8.60637,8.60637,12.353848,9.009169666666669,5.487799,10.42948,8.465903,11.682293666666666,,,6.19252,9.333606666666666,11.242661,11.242661,,,4.508447,9.701422666666668,9.701422666666668,9.9673414,4.508447,9.701422666666668,0.0537,2.18e-05,0.0024,0.0024,0.00138,0.000132,0.0537,1.88e-05,0.002,8.54e-05,,,0.0537,1.37e-05,0.00102,0.00102,,,0.0269,6.75e-06,0.0269,6.75e-06
13,yes,no,3,+wh_no_gap,The novel revealed,what,our friend thought,the reporter knows,her contact said,,the young politician,said,something,to his donors.,0.0,9.676626333333331,8.60637,8.60637,12.353848,9.009169666666669,5.487799,10.42948,8.465903,11.682293666666666,,,6.19252,9.333606666666666,11.242661,11.242661,11.534356,11.534356,3.899186,10.170279666666667,10.511298750000002,10.108940714285716,11.534356,11.534356,0.0537,2.18e-05,0.0024,0.0024,0.00138,0.000132,0.0537,1.88e-05,0.002,8.54e-05,,,0.0537,1.37e-05,0.00102,0.00102,0.000646,0.000646,0.0269,6.75e-06,0.000646,0.000646
13,no,yes,4,-wh_gap,The novel revealed,that,our friend thought,the reporter knows,her contact said,his friend saw,the young politician,said,,to his donors.,0.0,9.676626333333331,1.524586,1.524586,13.163885,10.828148333333331,2.94787,9.083240666666669,7.9779,11.007276,8.062071,8.382693,2.995975,8.502288,13.465406,13.465406,,,3.79406,9.502235,9.502235,9.38858756521739,3.79406,9.502235,0.0537,2.18e-05,0.0102,0.0102,0.00138,0.000132,0.0537,1.88e-05,0.002,8.54e-05,0.00324,0.000109,0.0537,1.37e-05,0.00102,0.00102,,,0.0269,6.75e-06,0.0269,6.75e-06
13,no,no,4,-wh_no_gap,The novel revealed,that,our friend thought,the reporter knows,her contact said,his friend saw,the young politician,said,something,to his donors.,0.0,9.676626333333331,1.524586,1.524586,13.163885,10.828148333333331,2.94787,9.083240666666669,7.9779,11.007276,8.062071,8.382693,2.995975,8.502288,13.465406,13.465406,8.408638,8.408638,3.054713,8.988617666666668,8.84362275,9.283554166666669,8.408638,8.408638,0.0537,2.18e-05,0.0102,0.0102,0.00138,0.000132,0.0537,1.88e-05,0.002,8.54e-05,0.00324,0.000109,0.0537,1.37e-05,0.00102,0.00102,0.000646,0.000646,0.0269,6.75e-06,0.000646,0.000646
13,yes,yes,4,+wh_gap,The novel revealed,what,our friend thought,the reporter knows,her contact said,his friend saw,the young politician,said,,to his donors.,0.0,9.676626333333331,8.60637,8.60637,12.353848,9.009169666666669,5.487799,10.42948,8.465903,11.682293666666666,9.973151,8.958638666666667,7.056174,9.584072666666666,11.28202,11.28202,,,4.219087,10.001699,10.001699,9.909318695652177,4.219087,10.001699,0.0537,2.18e-05,0.0024,0.0024,0.00138,0.000132,0.0537,1.88e-05,0.002,8.54e-05,0.00324,0.000109,0.0537,1.37e-05,0.00102,0.00102,,,0.0269,6.75e-06,0.0269,6.75e-06
13,yes,no,4,+wh_no_gap,The novel revealed,what,our friend thought,the reporter knows,her contact said,his friend saw,the young politician,said,something,to his donors.,0.0,9.676626333333331,8.60637,8.60637,12.353848,9.009169666666669,5.487799,10.42948,8.465903,11.682293666666666,9.973151,8.958638666666667,7.056174,9.584072666666666,11.28202,11.28202,11.097857,11.097857,3.576558,9.751277,10.087922,9.927538375,11.097857,11.097857,0.0537,2.18e-05,0.0024,0.0024,0.00138,0.000132,0.0537,1.88e-05,0.002,8.54e-05,0.00324,0.000109,0.0537,1.37e-05,0.00102,0.00102,0.000646,0.000646,0.0269,6.75e-06,0.000646,0.000646
14,no,yes,0,-wh_gap,We all know,that,,,,,the young professional,assembled,,for his parents.,0.0,3.9587136666666662,2.504345,2.504345,,,,,,,,,2.179744,8.969553,17.092632,17.092632,,,4.557347,6.559545,6.559545,7.096401090909091,4.557347,6.559545,0.00347,0.000722,0.0102,0.0102,,,,,,,,,0.0537,7.91e-05,9.12e-06,9.12e-06,,,0.0102,0.000152,0.0102,0.000152
14,no,no,0,-wh_no_gap,We all know,that,,,,,the young professional,assembled,the bed,for his parents.,0.0,3.9587136666666662,2.504345,2.504345,,,,,,,,,2.179744,8.969553,17.092632,17.092632,6.23825,11.2907265,4.236434,6.443144333333334,8.3821772,7.71482023076923,6.23825,11.2907265,0.00347,0.000722,0.0102,0.0102,,,,,,,,,0.0537,7.91e-05,9.12e-06,9.12e-06,0.0537,0.000117,0.0102,0.000152,0.0537,0.000117
14,yes,yes,0,+wh_gap,We all know,what,,,,,the young professional,assembled,,for his parents.,0.0,3.9587136666666662,3.66996,3.66996,,,,,,,,,3.474849,9.989088666666666,16.659822,16.659822,,,3.947738,6.437129,6.437129,7.407688727272728,3.947738,6.437129,0.00347,0.000722,0.0024,0.0024,,,,,,,,,0.0537,7.91e-05,9.12e-06,9.12e-06,,,0.0102,0.000152,0.0102,0.000152
14,yes,no,0,+wh_no_gap,We all know,what,,,,,the young professional,assembled,the bed,for his parents.,0.0,3.9587136666666662,3.66996,3.66996,,,,,,,,,3.474849,9.989088666666666,16.659822,16.659822,6.704821,11.380355,4.320518,6.533749666666666,8.4723918,8.04116523076923,6.704821,11.380355,0.00347,0.000722,0.0024,0.0024,,,,,,,,,0.0537,7.91e-05,9.12e-06,9.12e-06,0.0537,0.000117,0.0102,0.000152,0.0537,0.000117
14,no,yes,1,-wh_gap,We all know,that,my neighbor said,,,,the young professional,assembled,,for his parents.,0.0,3.9587136666666662,2.504345,2.504345,8.984233,10.028242666666666,,,,,,,3.742524,9.607225,15.634632,15.634632,,,4.233527,5.854921666666666,5.854921666666666,7.606163285714286,4.233527,5.854921666666666,0.00347,0.000722,0.0102,0.0102,0.00372,1.27e-05,,,,,,,0.0537,7.91e-05,9.12e-06,9.12e-06,,,0.0102,0.000152,0.0102,0.000152
14,no,no,1,-wh_no_gap,We all know,that,my neighbor said,,,,the young professional,assembled,the bed,for his parents.,0.0,3.9587136666666662,2.504345,2.504345,8.984233,10.028242666666666,,,,,,,3.742524,9.607225,15.634632,15.634632,5.759899,10.7817605,4.171487,5.8844883333333335,7.8433972,8.0086566875,5.759899,10.7817605,0.00347,0.000722,0.0102,0.0102,0.00372,1.27e-05,,,,,,,0.0537,7.91e-05,9.12e-06,9.12e-06,0.0537,0.000117,0.0102,0.000152,0.0537,0.000117
14,yes,yes,1,+wh_gap,We all know,what,my neighbor said,,,,the young professional,assembled,,for his parents.,0.0,3.9587136666666662,3.66996,3.66996,9.751127,8.790886,,,,,,,5.882098,10.153657,14.900011,14.900011,,,4.417008,5.984357666666667,5.984357666666667,7.516629571428571,4.417008,5.984357666666667,0.00347,0.000722,0.0024,0.0024,0.00372,1.27e-05,,,,,,,0.0537,7.91e-05,9.12e-06,9.12e-06,,,0.0102,0.000152,0.0102,0.000152
14,yes,no,1,+wh_no_gap,We all know,what,my neighbor said,,,,the young professional,assembled,the bed,for his parents.,0.0,3.9587136666666662,3.66996,3.66996,9.751127,8.790886,,,,,,,5.882098,10.153657,14.900011,14.900011,7.132884,11.3949065,4.161603,5.931584333333333,8.116913199999999,7.9915191875,7.132884,11.3949065,0.00347,0.000722,0.0024,0.0024,0.00372,1.27e-05,,,,,,,0.0537,7.91e-05,9.12e-06,9.12e-06,0.0537,0.000117,0.0102,0.000152,0.0537,0.000117
14,no,yes,2,-wh_gap,We all know,that,my neighbor said,her associate knew,,,the young professional,assembled,,for his parents.,0.0,3.9587136666666662,2.504345,2.504345,8.984233,10.028242666666666,8.284826,10.232751333333336,,,,,4.002738,9.838105666666667,16.42799,16.42799,,,4.383916,5.969135666666666,5.969135666666666,8.177246,4.383916,5.969135666666666,0.00347,0.000722,0.0102,0.0102,0.00372,1.27e-05,0.002,2.1e-05,,,,,0.0537,7.91e-05,9.12e-06,9.12e-06,,,0.0102,0.000152,0.0102,0.000152
14,no,no,2,-wh_no_gap,We all know,that,my neighbor said,her associate knew,,,the young professional,assembled,the bed,for his parents.,0.0,3.9587136666666662,2.504345,2.504345,8.984233,10.028242666666666,8.284826,10.232751333333336,,,,,4.002738,9.838105666666667,16.42799,16.42799,6.864765,11.305609,4.58546,5.996074,8.119888,8.510800789473684,6.864765,11.305609,0.00347,0.000722,0.0102,0.0102,0.00372,1.27e-05,0.002,2.1e-05,,,,,0.0537,7.91e-05,9.12e-06,9.12e-06,0.0537,0.000117,0.0102,0.000152,0.0537,0.000117
14,yes,yes,2,+wh_gap,We all know,what,my neighbor said,her associate knew,,,the young professional,assembled,,for his parents.,0.0,3.9587136666666662,3.66996,3.66996,9.751127,8.790886,10.072959,11.021908000000002,,,,,5.76887,10.246235,16.273123,16.273123,,,4.329445,6.015301666666666,6.015301666666666,8.237777411764705,4.329445,6.015301666666666,0.00347,0.000722,0.0024,0.0024,0.00372,1.27e-05,0.002,2.1e-05,,,,,0.0537,7.91e-05,9.12e-06,9.12e-06,,,0.0102,0.000152,0.0102,0.000152
14,yes,no,2,+wh_no_gap,We all know,what,my neighbor said,her associate knew,,,the young professional,assembled,the bed,for his parents.,0.0,3.9587136666666662,3.66996,3.66996,9.751127,8.790886,10.072959,11.021908000000002,,,,,5.76887,10.246235,16.273123,16.273123,7.781836,11.9871275,4.291311,5.972851000000001,8.378561600000001,8.62574310526316,7.781836,11.9871275,0.00347,0.000722,0.0024,0.0024,0.00372,1.27e-05,0.002,2.1e-05,,,,,0.0537,7.91e-05,9.12e-06,9.12e-06,0.0537,0.000117,0.0102,0.000152,0.0537,0.000117
14,no,yes,3,-wh_gap,We all know,that,my neighbor said,her associate knew,a friend thinks,,the young professional,assembled,,for his parents.,0.0,3.9587136666666662,2.504345,2.504345,8.984233,10.028242666666666,8.284826,10.232751333333336,7.278629,9.709049333333333,,,4.354785,9.808164666666668,16.091227,16.091227,,,4.268584,5.960409333333334,5.960409333333334,8.384378250000001,4.268584,5.960409333333334,0.00347,0.000722,0.0102,0.0102,0.00372,1.27e-05,0.002,2.1e-05,0.0229,4.78e-05,,,0.0537,7.91e-05,9.12e-06,9.12e-06,,,0.0102,0.000152,0.0102,0.000152
14,no,no,3,-wh_no_gap,We all know,that,my neighbor said,her associate knew,a friend thinks,,the young professional,assembled,the bed,for his parents.,0.0,3.9587136666666662,2.504345,2.504345,8.984233,10.028242666666666,8.284826,10.232751333333336,7.278629,9.709049333333333,,,4.354785,9.808164666666668,16.091227,16.091227,5.760369,10.6931295,3.95823,5.900123333333333,7.817325800000001,8.58604390909091,5.760369,10.6931295,0.00347,0.000722,0.0102,0.0102,0.00372,1.27e-05,0.002,2.1e-05,0.0229,4.78e-05,,,0.0537,7.91e-05,9.12e-06,9.12e-06,0.0537,0.000117,0.0102,0.000152,0.0537,0.000117
14,yes,yes,3,+wh_gap,We all know,what,my neighbor said,her associate knew,a friend thinks,,the young professional,assembled,,for his parents.,0.0,3.9587136666666662,3.66996,3.66996,9.751127,8.790886,10.072959,11.021908000000002,9.056211,10.165463,,,6.129429,10.341712,16.372509,16.372509,,,4.302814,6.292984,6.292984,8.587873450000002,4.302814,6.292984,0.00347,0.000722,0.0024,0.0024,0.00372,1.27e-05,0.002,2.1e-05,0.0229,4.78e-05,,,0.0537,7.91e-05,9.12e-06,9.12e-06,,,0.0102,0.000152,0.0102,0.000152
14,yes,no,3,+wh_no_gap,We all know,what,my neighbor said,her associate knew,a friend thinks,,the young professional,assembled,the bed,for his parents.,0.0,3.9587136666666662,3.66996,3.66996,9.751127,8.790886,10.072959,11.021908000000002,9.056211,10.165463,,,6.129429,10.341712,16.372509,16.372509,7.281304,11.020998,4.078206,6.274698999999999,8.173218599999998,8.806573181818182,7.281304,11.020998,0.00347,0.000722,0.0024,0.0024,0.00372,1.27e-05,0.002,2.1e-05,0.0229,4.78e-05,,,0.0537,7.91e-05,9.12e-06,9.12e-06,0.0537,0.000117,0.0102,0.000152,0.0537,0.000117
14,no,yes,4,-wh_gap,We all know,that,my neighbor said,her associate knew,a friend thinks,her sister believes,the young professional,assembled,,for his parents.,0.0,3.9587136666666662,2.504345,2.504345,8.984233,10.028242666666666,8.284826,10.232751333333336,7.278629,9.709049333333333,5.490437,8.39741,4.006218,9.701136,17.58807,17.58807,,,3.832762,5.45618,5.45618,8.371428869565216,3.832762,5.45618,0.00347,0.000722,0.0102,0.0102,0.00372,1.27e-05,0.002,2.1e-05,0.0229,4.78e-05,0.002,2.05e-05,0.0537,7.91e-05,9.12e-06,9.12e-06,,,0.0102,0.000152,0.0102,0.000152
14,no,no,4,-wh_no_gap,We all know,that,my neighbor said,her associate knew,a friend thinks,her sister believes,the young professional,assembled,the bed,for his parents.,0.0,3.9587136666666662,2.504345,2.504345,8.984233,10.028242666666666,8.284826,10.232751333333336,7.278629,9.709049333333333,5.490437,8.39741,4.006218,9.701136,17.58807,17.58807,6.120452,11.1358105,4.008883,5.599851666666666,7.814235200000001,8.60982,6.120452,11.1358105,0.00347,0.000722,0.0102,0.0102,0.00372,1.27e-05,0.002,2.1e-05,0.0229,4.78e-05,0.002,2.05e-05,0.0537,7.91e-05,9.12e-06,9.12e-06,0.0537,0.000117,0.0102,0.000152,0.0537,0.000117
14,yes,yes,4,+wh_gap,We all know,what,my neighbor said,her associate knew,a friend thinks,her sister believes,the young professional,assembled,,for his parents.,0.0,3.9587136666666662,3.66996,3.66996,9.751127,8.790886,10.072959,11.021908000000002,9.056211,10.165463,6.973025,9.024617333333332,5.704086,10.215823,16.975922,16.975922,,,4.220809,5.862053333333333,5.862053333333333,8.598446739130434,4.220809,5.862053333333333,0.00347,0.000722,0.0024,0.0024,0.00372,1.27e-05,0.002,2.1e-05,0.0229,4.78e-05,0.002,2.05e-05,0.0537,7.91e-05,9.12e-06,9.12e-06,,,0.0102,0.000152,0.0102,0.000152
14,yes,no,4,+wh_no_gap,We all know,what,my neighbor said,her associate knew,a friend thinks,her sister believes,the young professional,assembled,the bed,for his parents.,0.0,3.9587136666666662,3.66996,3.66996,9.751127,8.790886,10.072959,11.021908000000002,9.056211,10.165463,6.973025,9.024617333333332,5.704086,10.215823,16.975922,16.975922,7.490538,11.6496725,3.967774,5.777917666666667,8.1266196,8.83244852,7.490538,11.6496725,0.00347,0.000722,0.0024,0.0024,0.00372,1.27e-05,0.002,2.1e-05,0.0229,4.78e-05,0.002,2.05e-05,0.0537,7.91e-05,9.12e-06,9.12e-06,0.0537,0.000117,0.0102,0.000152,0.0537,0.000117
15,no,yes,0,-wh_gap,I know,that,,,,,the elderly lady,found,,on the bus.,0.0,3.139138,2.352433,2.352433,,,,,,,,,2.35511,8.222090666666666,10.687602,10.687602,,,8.774709,6.587691666666667,6.587691666666667,6.3747658,8.774709,6.587691666666667,0.0123,0.00114,0.0102,0.0102,,,,,,,,,0.0537,1.22e-05,0.000479,0.000479,,,0.00813,6.7e-05,0.00813,6.7e-05
15,no,no,0,-wh_no_gap,I know,that,,,,,the elderly lady,found,a quarter,on the bus.,0.0,3.139138,2.352433,2.352433,,,,,,,,,2.35511,8.222090666666666,10.687602,10.687602,3.51434,8.336587,5.139057,5.72486,6.7695508,6.486028083333333,3.51434,8.336587,0.0123,0.00114,0.0102,0.0102,,,,,,,,,0.0537,1.22e-05,0.000479,0.000479,0.0229,5.24e-05,0.00813,6.7e-05,0.0229,5.24e-05
15,yes,yes,0,+wh_gap,I know,what,,,,,the elderly lady,found,,on the bus.,0.0,3.139138,4.561374,4.561374,,,,,,,,,3.557633,9.511668666666669,9.673164,9.673164,,,5.889178,5.513692666666667,5.513692666666667,6.5588898,5.889178,5.513692666666667,0.0123,0.00114,0.0024,0.0024,,,,,,,,,0.0537,1.22e-05,0.000479,0.000479,,,0.00813,6.7e-05,0.00813,6.7e-05
15,yes,no,0,+wh_no_gap,I know,what,,,,,the elderly lady,found,a quarter,on the bus.,0.0,3.139138,4.561374,4.561374,,,,,,,,,3.557633,9.511668666666669,9.673164,9.673164,6.064659,8.223395,4.458085,6.270522333333333,7.051671400000001,7.025514749999999,6.064659,8.223395,0.0123,0.00114,0.0024,0.0024,,,,,,,,,0.0537,1.22e-05,0.000479,0.000479,0.0229,5.24e-05,0.00813,6.7e-05,0.0229,5.24e-05
15,no,yes,1,-wh_gap,I know,that,their friend said,,,,the elderly lady,found,,on the bus.,0.0,3.139138,2.352433,2.352433,8.129355,9.037406666666667,,,,,,,3.843752,8.979075666666667,9.589368,9.589368,,,9.226591,6.649708,6.649708,7.0937421538461525,9.226591,6.649708,0.0123,0.00114,0.0102,0.0102,0.00214,0.000175,,,,,,,0.0537,1.22e-05,0.000479,0.000479,,,0.00813,6.7e-05,0.00813,6.7e-05
15,no,no,1,-wh_no_gap,I know,that,their friend said,,,,the elderly lady,found,a quarter,on the bus.,0.0,3.139138,2.352433,2.352433,8.129355,9.037406666666667,,,,,,,3.843752,8.979075666666667,9.589368,9.589368,3.69576,8.3304235,4.928467,5.687146666666667,6.7444574,7.0661207333333325,3.69576,8.3304235,0.0123,0.00114,0.0102,0.0102,0.00214,0.000175,,,,,,,0.0537,1.22e-05,0.000479,0.000479,0.0229,5.24e-05,0.00813,6.7e-05,0.0229,5.24e-05
15,yes,yes,1,+wh_gap,I know,what,their friend said,,,,the elderly lady,found,,on the bus.,0.0,3.139138,4.561374,4.561374,8.860173,8.061983666666665,,,,,,,6.224643,9.460641666666666,8.806388,8.806388,,,6.035047,5.543231666666666,5.543231666666666,6.834123769230771,6.035047,5.543231666666666,0.0123,0.00114,0.0024,0.0024,0.00214,0.000175,,,,,,,0.0537,1.22e-05,0.000479,0.000479,,,0.00813,6.7e-05,0.00813,6.7e-05
15,yes,no,1,+wh_no_gap,I know,what,their friend said,,,,the elderly lady,found,a quarter,on the bus.,0.0,3.139138,4.561374,4.561374,8.860173,8.061983666666665,,,,,,,6.224643,9.460641666666666,8.806388,8.806388,5.905673,8.226815,4.651917,6.127329,6.9671234,7.1366354,5.905673,8.226815,0.0123,0.00114,0.0024,0.0024,0.00214,0.000175,,,,,,,0.0537,1.22e-05,0.000479,0.000479,0.0229,5.24e-05,0.00813,6.7e-05,0.0229,5.24e-05
15,no,yes,2,-wh_gap,I know,that,their friend said,the secretary believed,,,the elderly lady,found,,on the bus.,0.0,3.139138,2.352433,2.352433,8.129355,9.037406666666667,3.843752,9.275978333333333,,,,,3.213356,9.924499,11.141254,11.141254,,,9.339054,6.893838666666667,6.893838666666667,7.8229456875,9.339054,6.893838666666667,0.0123,0.00114,0.0102,0.0102,0.00214,0.000175,0.0537,3.45e-05,,,,,0.0537,1.22e-05,0.000479,0.000479,,,0.00813,6.7e-05,0.00813,6.7e-05
15,no,no,2,-wh_no_gap,I know,that,their friend said,the secretary believed,,,the elderly lady,found,a quarter,on the bus.,0.0,3.139138,2.352433,2.352433,8.129355,9.037406666666667,3.843752,9.275978333333333,,,,,3.213356,9.924499,11.141254,11.141254,3.378915,8.330886,5.267912,5.976578666666666,6.9183016,7.726506833333333,3.378915,8.330886,0.0123,0.00114,0.0102,0.0102,0.00214,0.000175,0.0537,3.45e-05,,,,,0.0537,1.22e-05,0.000479,0.000479,0.0229,5.24e-05,0.00813,6.7e-05,0.0229,5.24e-05
15,yes,yes,2,+wh_gap,I know,what,their friend said,the secretary believed,,,the elderly lady,found,,on the bus.,0.0,3.139138,4.561374,4.561374,8.860173,8.061983666666665,6.224643,10.341474333333332,,,,,5.449032,10.655501666666666,10.087774,10.087774,,,6.25482,5.718746666666667,5.718746666666667,7.8287839375,6.25482,5.718746666666667,0.0123,0.00114,0.0024,0.0024,0.00214,0.000175,0.0537,3.45e-05,,,,,0.0537,1.22e-05,0.000479,0.000479,,,0.00813,6.7e-05,0.00813,6.7e-05
15,yes,no,2,+wh_no_gap,I know,what,their friend said,the secretary believed,,,the elderly lady,found,a quarter,on the bus.,0.0,3.139138,4.561374,4.561374,8.860173,8.061983666666665,6.224643,10.341474333333332,,,,,5.449032,10.655501666666666,10.087774,10.087774,6.254004,8.457578,4.939931,6.445046666666666,7.2500592,8.019699944444444,6.254004,8.457578,0.0123,0.00114,0.0024,0.0024,0.00214,0.000175,0.0537,3.45e-05,,,,,0.0537,1.22e-05,0.000479,0.000479,0.0229,5.24e-05,0.00813,6.7e-05,0.0229,5.24e-05
15,no,yes,3,-wh_gap,I know,that,their friend said,the secretary believed,the worker thinks,,the elderly lady,found,,on the bus.,0.0,3.139138,2.352433,2.352433,8.129355,9.037406666666667,3.843752,9.275978333333333,3.213356,10.147840333333331,,,3.648814,9.071159666666668,11.701938,11.701938,,,9.165852,6.764051666666667,6.764051666666667,8.06431352631579,9.165852,6.764051666666667,0.0123,0.00114,0.0102,0.0102,0.00214,0.000175,0.0537,3.45e-05,0.0537,1.86e-05,,,0.0537,1.22e-05,0.000479,0.000479,,,0.00813,6.7e-05,0.00813,6.7e-05
15,no,no,3,-wh_no_gap,I know,that,their friend said,the secretary believed,the worker thinks,,the elderly lady,found,a quarter,on the bus.,0.0,3.139138,2.352433,2.352433,8.129355,9.037406666666667,3.843752,9.275978333333333,3.213356,10.147840333333331,,,3.648814,9.071159666666668,11.701938,11.701938,3.385452,8.199079,5.241827,5.927563333333333,6.8361696,7.957649999999999,3.385452,8.199079,0.0123,0.00114,0.0102,0.0102,0.00214,0.000175,0.0537,3.45e-05,0.0537,1.86e-05,,,0.0537,1.22e-05,0.000479,0.000479,0.0229,5.24e-05,0.00813,6.7e-05,0.0229,5.24e-05
15,yes,yes,3,+wh_gap,I know,what,their friend said,the secretary believed,the worker thinks,,the elderly lady,found,,on the bus.,0.0,3.139138,4.561374,4.561374,8.860173,8.061983666666665,6.224643,10.341474333333332,5.449032,10.224275333333331,,,6.058729,9.699181,10.437113,10.437113,,,6.365471,5.746089,5.746089,8.078724894736842,6.365471,5.746089,0.0123,0.00114,0.0024,0.0024,0.00214,0.000175,0.0537,3.45e-05,0.0537,1.86e-05,,,0.0537,1.22e-05,0.000479,0.000479,,,0.00813,6.7e-05,0.00813,6.7e-05
15,yes,no,3,+wh_no_gap,I know,what,their friend said,the secretary believed,the worker thinks,,the elderly lady,found,a quarter,on the bus.,0.0,3.139138,4.561374,4.561374,8.860173,8.061983666666665,6.224643,10.341474333333332,5.449032,10.224275333333331,,,6.058729,9.699181,10.437113,10.437113,6.714967,8.897419,4.790332,6.571439000000001,7.501830999999998,8.274602904761904,6.714967,8.897419,0.0123,0.00114,0.0024,0.0024,0.00214,0.000175,0.0537,3.45e-05,0.0537,1.86e-05,,,0.0537,1.22e-05,0.000479,0.000479,0.0229,5.24e-05,0.00813,6.7e-05,0.0229,5.24e-05
15,no,yes,4,-wh_gap,I know,that,their friend said,the secretary believed,the worker thinks,his boss reported,the elderly lady,found,,on the bus.,0.0,3.139138,2.352433,2.352433,8.129355,9.037406666666667,3.843752,9.275978333333333,3.213356,10.147840333333331,5.975943,11.108600666666666,3.770115,10.184982333333334,11.145404,11.145404,,,6.397129,5.457322666666666,5.457322666666666,8.42784118181818,6.397129,5.457322666666666,0.0123,0.00114,0.0102,0.0102,0.00214,0.000175,0.0537,3.45e-05,0.0537,1.86e-05,0.00324,3.61e-05,0.0537,1.22e-05,0.000479,0.000479,,,0.00813,6.7e-05,0.00813,6.7e-05
15,no,no,4,-wh_no_gap,I know,that,their friend said,the secretary believed,the worker thinks,his boss reported,the elderly lady,found,a quarter,on the bus.,0.0,3.139138,2.352433,2.352433,8.129355,9.037406666666667,3.843752,9.275978333333333,3.213356,10.147840333333331,5.975943,11.108600666666666,3.770115,10.184982333333334,11.145404,11.145404,3.522152,8.170187,5.299658,5.883359666666666,6.7980906,8.459624625,3.522152,8.170187,0.0123,0.00114,0.0102,0.0102,0.00214,0.000175,0.0537,3.45e-05,0.0537,1.86e-05,0.00324,3.61e-05,0.0537,1.22e-05,0.000479,0.000479,0.0229,5.24e-05,0.00813,6.7e-05,0.0229,5.24e-05
15,yes,yes,4,+wh_gap,I know,what,their friend said,the secretary believed,the worker thinks,his boss reported,the elderly lady,found,,on the bus.,0.0,3.139138,4.561374,4.561374,8.860173,8.061983666666665,6.224643,10.341474333333332,5.449032,10.224275333333331,7.966905,11.504416,6.28751,10.957067333333333,9.61156,9.61156,,,5.078413,4.995980333333334,4.995980333333334,8.577581863636366,5.078413,4.995980333333334,0.0123,0.00114,0.0024,0.0024,0.00214,0.000175,0.0537,3.45e-05,0.0537,1.86e-05,0.00324,3.61e-05,0.0537,1.22e-05,0.000479,0.000479,,,0.00813,6.7e-05,0.00813,6.7e-05
15,yes,no,4,+wh_no_gap,I know,what,their friend said,the secretary believed,the worker thinks,his boss reported,the elderly lady,found,a quarter,on the bus.,0.0,3.139138,4.561374,4.561374,8.860173,8.061983666666665,6.224643,10.341474333333332,5.449032,10.224275333333331,7.966905,11.504416,6.28751,10.957067333333333,9.61156,9.61156,7.028025,9.0466675,4.428545,6.129374333333334,7.296291600000001,8.758346583333333,7.028025,9.0466675,0.0123,0.00114,0.0024,0.0024,0.00214,0.000175,0.0537,3.45e-05,0.0537,1.86e-05,0.00324,3.61e-05,0.0537,1.22e-05,0.000479,0.000479,0.0229,5.24e-05,0.00813,6.7e-05,0.0229,5.24e-05
16,no,yes,0,-wh_gap,My friends all know,that,,,,,the single mother,described,,to her friends.,0.0,6.644446749999999,3.438189,3.438189,,,,,,,,,2.843106,7.149395666666667,14.023064,14.023064,,,9.386734,6.720858,6.720858,7.137483416666668,9.386734,6.720858,0.00372,0.000197,0.0102,0.0102,,,,,,,,,0.0537,0.000103,0.0001,0.0001,,,0.0269,0.000235,0.0269,0.000235
16,no,no,0,-wh_no_gap,My friends all know,that,,,,,the single mother,described,her woes,to her friends.,0.0,6.644446749999999,3.438189,3.438189,,,,,,,,,2.843106,7.149395666666667,14.023064,14.023064,2.730906,9.460917,7.677012,5.865952333333333,7.3039382,7.286208428571429,2.730906,9.460917,0.00372,0.000197,0.0102,0.0102,,,,,,,,,0.0537,0.000103,0.0001,0.0001,0.002,2.34e-06,0.0269,0.000235,0.002,2.34e-06
16,yes,yes,0,+wh_gap,My friends all know,what,,,,,the single mother,described,,to her friends.,0.0,6.644446749999999,3.096546,3.096546,,,,,,,,,3.80372,7.860137333333333,11.071763,11.071763,,,5.979076,5.3933436666666665,5.3933436666666665,6.7088782500000015,5.979076,5.3933436666666665,0.00372,0.000197,0.0024,0.0024,,,,,,,,,0.0537,0.000103,0.0001,0.0001,,,0.0269,0.000235,0.0269,0.000235
16,yes,no,0,+wh_no_gap,My friends all know,what,,,,,the single mother,described,her woes,to her friends.,0.0,6.644446749999999,3.096546,3.096546,,,,,,,,,3.80372,7.860137333333333,11.071763,11.071763,7.469069,11.491254,6.908689,5.456165666666667,7.870201,7.405536642857143,7.469069,11.491254,0.00372,0.000197,0.0024,0.0024,,,,,,,,,0.0537,0.000103,0.0001,0.0001,0.002,2.34e-06,0.0269,0.000235,0.002,2.34e-06
16,no,yes,1,-wh_gap,My friends all know,that,her friend knew,,,,the single mother,described,,to her friends.,0.0,6.644446749999999,3.438189,3.438189,7.638736,8.738756333333333,,,,,,,3.488934,7.177249000000001,15.543319,15.543319,,,8.289431,6.075144666666667,6.075144666666667,7.435516333333334,8.289431,6.075144666666667,0.00372,0.000197,0.0102,0.0102,0.002,9.03e-05,,,,,,,0.0537,0.000103,0.0001,0.0001,,,0.0269,0.000235,0.0269,0.000235
16,no,no,1,-wh_no_gap,My friends all know,that,her friend knew,,,,the single mother,described,her woes,to her friends.,0.0,6.644446749999999,3.438189,3.438189,7.638736,8.738756333333333,,,,,,,3.488934,7.177249000000001,15.543319,15.543319,2.083078,8.8530655,7.209356,5.271771333333334,6.704289,7.460515058823529,2.083078,8.8530655,0.00372,0.000197,0.0102,0.0102,0.002,9.03e-05,,,,,,,0.0537,0.000103,0.0001,0.0001,0.002,2.34e-06,0.0269,0.000235,0.002,2.34e-06
16,yes,yes,1,+wh_gap,My friends all know,what,her friend knew,,,,the single mother,described,,to her friends.,0.0,6.644446749999999,3.096546,3.096546,8.879673,9.161863666666669,,,,,,,5.907768,8.863392,11.804285,11.804285,,,6.585934,5.420966,5.420966,7.454485533333332,6.585934,5.420966,0.00372,0.000197,0.0024,0.0024,0.002,9.03e-05,,,,,,,0.0537,0.000103,0.0001,0.0001,,,0.0269,0.000235,0.0269,0.000235
16,yes,no,1,+wh_no_gap,My friends all know,what,her friend knew,,,,the single mother,described,her woes,to her friends.,0.0,6.644446749999999,3.096546,3.096546,8.879673,9.161863666666669,,,,,,,5.907768,8.863392,11.804285,11.804285,5.885013,10.538915,7.26565,5.789082666666666,7.6890156,7.882321352941178,5.885013,10.538915,0.00372,0.000197,0.0024,0.0024,0.002,9.03e-05,,,,,,,0.0537,0.000103,0.0001,0.0001,0.002,2.34e-06,0.0269,0.000235,0.002,2.34e-06
16,no,yes,2,-wh_gap,My friends all know,that,her friend knew,the delivery man believed,,,the single mother,described,,to her friends.,0.0,6.644446749999999,3.438189,3.438189,7.638736,8.738756333333333,3.488934,10.106719,,,,,4.07634,7.38539,15.343827,15.343827,,,9.570421,6.500618666666665,6.500618666666665,8.087419684210525,9.570421,6.500618666666665,0.00372,0.000197,0.0102,0.0102,0.002,9.03e-05,0.0537,2.22e-05,,,,,0.0537,0.000103,0.0001,0.0001,,,0.0269,0.000235,0.0269,0.000235
16,no,no,2,-wh_no_gap,My friends all know,that,her friend knew,the delivery man believed,,,the single mother,described,her woes,to her friends.,0.0,6.644446749999999,3.438189,3.438189,7.638736,8.738756333333333,3.488934,10.106719,,,,,4.07634,7.38539,15.343827,15.343827,1.839135,8.9398445,7.150439,5.421777,6.829003999999999,8.01448276190476,1.839135,8.9398445,0.00372,0.000197,0.0102,0.0102,0.002,9.03e-05,0.0537,2.22e-05,,,,,0.0537,0.000103,0.0001,0.0001,0.002,2.34e-06,0.0269,0.000235,0.002,2.34e-06
16,yes,yes,2,+wh_gap,My friends all know,what,her friend knew,the delivery man believed,,,the single mother,described,,to her friends.,0.0,6.644446749999999,3.096546,3.096546,8.879673,9.161863666666669,5.907768,9.90085625,,,,,6.249977,8.053649666666667,13.5006,13.5006,,,6.426433,5.514702666666667,5.514702666666667,7.945737157894736,6.426433,5.514702666666667,0.00372,0.000197,0.0024,0.0024,0.002,9.03e-05,0.0537,2.22e-05,,,,,0.0537,0.000103,0.0001,0.0001,,,0.0269,0.000235,0.0269,0.000235
16,yes,no,2,+wh_no_gap,My friends all know,what,her friend knew,the delivery man believed,,,the single mother,described,her woes,to her friends.,0.0,6.644446749999999,3.096546,3.096546,8.879673,9.161863666666669,5.907768,9.90085625,,,,,6.249977,8.053649666666667,13.5006,13.5006,5.998859,10.7507025,6.811322,5.3894530000000005,7.5339528,8.194983904761903,5.998859,10.7507025,0.00372,0.000197,0.0024,0.0024,0.002,9.03e-05,0.0537,2.22e-05,,,,,0.0537,0.000103,0.0001,0.0001,0.002,2.34e-06,0.0269,0.000235,0.002,2.34e-06
16,no,yes,3,-wh_gap,My friends all know,that,her friend knew,the delivery man believed,the cop said,,the single mother,described,,to her friends.,0.0,6.644446749999999,3.438189,3.438189,7.638736,8.738756333333333,3.488934,10.106719,4.07634,10.587876333333332,,,3.812345,7.966353000000001,14.962722,14.962722,,,9.90817,6.961157,6.961157,8.553091,9.90817,6.961157,0.00372,0.000197,0.0102,0.0102,0.002,9.03e-05,0.0537,2.22e-05,0.0537,2.29e-05,,,0.0537,0.000103,0.0001,0.0001,,,0.0269,0.000235,0.0269,0.000235
16,no,no,3,-wh_no_gap,My friends all know,that,her friend knew,the delivery man believed,the cop said,,the single mother,described,her woes,to her friends.,0.0,6.644446749999999,3.438189,3.438189,7.638736,8.738756333333333,3.488934,10.106719,4.07634,10.587876333333332,,,3.812345,7.966353000000001,14.962722,14.962722,2.298706,9.8797065,7.402415,5.430144666666667,7.2099694,8.47226575,2.298706,9.8797065,0.00372,0.000197,0.0102,0.0102,0.002,9.03e-05,0.0537,2.22e-05,0.0537,2.29e-05,,,0.0537,0.000103,0.0001,0.0001,0.002,2.34e-06,0.0269,0.000235,0.002,2.34e-06
16,yes,yes,3,+wh_gap,My friends all know,what,her friend knew,the delivery man believed,the cop said,,the single mother,described,,to her friends.,0.0,6.644446749999999,3.096546,3.096546,8.879673,9.161863666666669,5.907768,9.90085625,6.249977,10.339589000000002,,,5.712081,8.450071666666666,13.750511,13.750511,,,6.73749,5.858188000000001,5.858188000000001,8.384427545454544,6.73749,5.858188000000001,0.00372,0.000197,0.0024,0.0024,0.002,9.03e-05,0.0537,2.22e-05,0.0537,2.29e-05,,,0.0537,0.000103,0.0001,0.0001,,,0.0269,0.000235,0.0269,0.000235
16,yes,no,3,+wh_no_gap,My friends all know,what,her friend knew,the delivery man believed,the cop said,,the single mother,described,her woes,to her friends.,0.0,6.644446749999999,3.096546,3.096546,8.879673,9.161863666666669,5.907768,9.90085625,6.249977,10.339589000000002,,,5.712081,8.450071666666666,13.750511,13.750511,5.952522,11.22641,7.17736,5.450376666666667,7.76079,8.570283,5.952522,11.22641,0.00372,0.000197,0.0024,0.0024,0.002,9.03e-05,0.0537,2.22e-05,0.0537,2.29e-05,,,0.0537,0.000103,0.0001,0.0001,0.002,2.34e-06,0.0269,0.000235,0.002,2.34e-06
16,no,yes,4,-wh_gap,My friends all know,that,her friend knew,the delivery man believed,the cop said,his partner recalled,the single mother,described,,to her friends.,0.0,6.644446749999999,3.438189,3.438189,7.638736,8.738756333333333,3.488934,10.106719,4.07634,10.587876333333332,7.551296,10.398050666666668,3.180249,8.265800666666665,14.2149,14.2149,,,6.264619,6.091900666666667,6.091900666666667,8.676196240000001,6.264619,6.091900666666667,0.00372,0.000197,0.0102,0.0102,0.002,9.03e-05,0.0537,2.22e-05,0.0537,2.29e-05,0.00324,8.37e-06,0.0537,0.000103,0.0001,0.0001,,,0.0269,0.000235,0.0269,0.000235
16,no,no,4,-wh_no_gap,My friends all know,that,her friend knew,the delivery man believed,the cop said,his partner recalled,the single mother,described,her woes,to her friends.,0.0,6.644446749999999,3.438189,3.438189,7.638736,8.738756333333333,3.488934,10.106719,4.07634,10.587876333333332,7.551296,10.398050666666668,3.180249,8.265800666666665,14.2149,14.2149,6.168312,11.327792,6.939363,5.412334,7.7785172,8.797103333333334,6.168312,11.327792,0.00372,0.000197,0.0102,0.0102,0.002,9.03e-05,0.0537,2.22e-05,0.0537,2.29e-05,0.00324,8.37e-06,0.0537,0.000103,0.0001,0.0001,0.002,2.34e-06,0.0269,0.000235,0.002,2.34e-06
16,yes,yes,4,+wh_gap,My friends all know,what,her friend knew,the delivery man believed,the cop said,his partner recalled,the single mother,described,,to her friends.,0.0,6.644446749999999,3.096546,3.096546,8.879673,9.161863666666669,5.907768,9.90085625,6.249977,10.339589000000002,9.602205,11.528126333333333,7.178669,9.432805,12.104634,12.104634,,,5.879341,6.417275333333333,6.417275333333333,8.880854800000002,5.879341,6.417275333333333,0.00372,0.000197,0.0024,0.0024,0.002,9.03e-05,0.0537,2.22e-05,0.0537,2.29e-05,0.00324,8.37e-06,0.0537,0.000103,0.0001,0.0001,,,0.0269,0.000235,0.0269,0.000235
16,yes,no,4,+wh_no_gap,My friends all know,what,her friend knew,the delivery man believed,the cop said,his partner recalled,the single mother,described,her woes,to her friends.,0.0,6.644446749999999,3.096546,3.096546,8.879673,9.161863666666669,5.907768,9.90085625,6.249977,10.339589000000002,9.602205,11.528126333333333,7.178669,9.432805,12.104634,12.104634,10.009477,13.590741,6.6601,6.278276666666667,9.2032624,9.214290962962965,10.009477,13.590741,0.00372,0.000197,0.0024,0.0024,0.002,9.03e-05,0.0537,2.22e-05,0.0537,2.29e-05,0.00324,8.37e-06,0.0537,0.000103,0.0001,0.0001,0.002,2.34e-06,0.0269,0.000235,0.002,2.34e-06
17,no,yes,0,-wh_gap,The visitor said,that,,,,,the human resources officer,talked with,,in her office.,0.0,9.513562666666664,1.824046,1.824046,,,,,,,,,2.020857,10.2502485,14.129302,9.341102,,,10.844461,8.413507666666668,8.413507666666668,8.86834269230769,10.844461,8.413507666666668,0.0537,1.01e-05,0.0102,0.0102,,,,,,,,,0.0537,3.83e-05,4.17e-05,4.14e-05,,,0.0186,0.00022,0.0186,0.00022
17,no,no,0,-wh_no_gap,The visitor said,that,,,,,the human resources officer,talked with,the new manager,in her office.,0.0,9.513562666666664,1.824046,1.824046,,,,,,,,,2.020857,10.2502485,14.129302,9.341102,2.53632,5.959587,4.539521,6.476527333333333,6.218057166666667,7.9597671875,2.53632,5.959587,0.0537,1.01e-05,0.0102,0.0102,,,,,,,,,0.0537,3.83e-05,4.17e-05,4.14e-05,0.0537,8.85e-05,0.0186,0.00022,0.0537,8.85e-05
17,yes,yes,0,+wh_gap,The visitor said,who,,,,,the human resources officer,talked with,,in her office.,0.0,9.513562666666664,10.800764,10.800764,,,,,,,,,6.832531,11.0987845,13.084561,9.2175955,,,4.003425,5.982938666666667,5.982938666666667,9.240045923076924,4.003425,5.982938666666667,0.0537,1.01e-05,0.00219,0.00219,,,,,,,,,0.0537,3.83e-05,4.17e-05,4.14e-05,,,0.0186,0.00022,0.0186,0.00022
17,yes,no,0,+wh_no_gap,The visitor said,who,,,,,the human resources officer,talked with,the new manager,in her office.,0.0,9.513562666666664,10.800764,10.800764,,,,,,,,,6.832531,11.0987845,13.084561,9.2175955,5.288528,7.075223,4.900514,6.134126000000001,6.604674500000001,8.86248925,5.288528,7.075223,0.0537,1.01e-05,0.00219,0.00219,,,,,,,,,0.0537,3.83e-05,4.17e-05,4.14e-05,0.0537,8.85e-05,0.0186,0.00022,0.0537,8.85e-05
17,no,yes,1,-wh_gap,The visitor said,that,my friend said,,,,the human resources officer,talked with,,in her office.,0.0,9.513562666666664,1.824046,1.824046,15.170774,9.381147666666664,,,,,,,3.866379,11.626572499999998,12.603298,8.744599000000001,,,11.058168,8.362819,8.362819,9.224507625,11.058168,8.362819,0.0537,1.01e-05,0.0102,0.0102,0.00372,0.000181,,,,,,,0.0537,3.83e-05,4.17e-05,4.14e-05,,,0.0186,0.00022,0.0186,0.00022
17,no,no,1,-wh_no_gap,The visitor said,that,my friend said,,,,the human resources officer,talked with,the new manager,in her office.,0.0,9.513562666666664,1.824046,1.824046,15.170774,9.381147666666664,,,,,,,3.866379,11.626572499999998,12.603298,8.744599000000001,3.063168,6.041992333333333,4.797216,6.200540666666666,6.1212665,8.380592842105262,3.063168,6.041992333333333,0.0537,1.01e-05,0.0102,0.0102,0.00372,0.000181,,,,,,,0.0537,3.83e-05,4.17e-05,4.14e-05,0.0537,8.85e-05,0.0186,0.00022,0.0537,8.85e-05
17,yes,yes,1,+wh_gap,The visitor said,who,my friend said,,,,the human resources officer,talked with,,in her office.,0.0,9.513562666666664,10.800764,10.800764,18.269564,9.822756,,,,,,,4.799278,11.3290785,12.566297,8.8776285,,,4.579819,6.170146666666667,6.170146666666667,9.3994831875,4.579819,6.170146666666667,0.0537,1.01e-05,0.00219,0.00219,0.00372,0.000181,,,,,,,0.0537,3.83e-05,4.17e-05,4.14e-05,,,0.0186,0.00022,0.0186,0.00022
17,yes,no,1,+wh_no_gap,The visitor said,who,my friend said,,,,the human resources officer,talked with,the new manager,in her office.,0.0,9.513562666666664,10.800764,10.800764,18.269564,9.822756,,,,,,,4.799278,11.3290785,12.566297,8.8776285,5.128699,7.005942999999999,5.100434,6.241628,6.623785499999999,9.032842315789477,5.128699,7.005942999999999,0.0537,1.01e-05,0.00219,0.00219,0.00372,0.000181,,,,,,,0.0537,3.83e-05,4.17e-05,4.14e-05,0.0537,8.85e-05,0.0186,0.00022,0.0537,8.85e-05
17,no,yes,2,-wh_gap,The visitor said,that,my friend said,her mother knew,,,the human resources officer,talked with,,in her office.,0.0,9.513562666666664,1.824046,1.824046,15.170774,9.381147666666664,8.415775,6.420924666666667,,,,,4.331491,11.94781125,14.675992,9.6268495,,,10.480659,7.260092666666666,7.260092666666666,8.768219631578948,10.480659,7.260092666666666,0.0537,1.01e-05,0.0102,0.0102,0.00372,0.000181,0.002,7.96e-05,,,,,0.0537,3.83e-05,4.17e-05,4.14e-05,,,0.0186,0.00022,0.0186,0.00022
17,no,no,2,-wh_no_gap,The visitor said,that,my friend said,her mother knew,,,the human resources officer,talked with,the new manager,in her office.,0.0,9.513562666666664,1.824046,1.824046,15.170774,9.381147666666664,8.415775,6.420924666666667,,,,,4.331491,11.94781125,14.675992,9.6268495,3.715812,6.432074666666666,5.264026,5.3781740000000005,5.905124333333333,8.193029136363636,3.715812,6.432074666666666,0.0537,1.01e-05,0.0102,0.0102,0.00372,0.000181,0.002,7.96e-05,,,,,0.0537,3.83e-05,4.17e-05,4.14e-05,0.0537,8.85e-05,0.0186,0.00022,0.0537,8.85e-05
17,yes,yes,2,+wh_gap,The visitor said,who,my friend said,her mother knew,,,the human resources officer,talked with,,in her office.,0.0,9.513562666666664,10.800764,10.800764,18.269564,9.822756,10.047355,6.755115,,,,,5.474262,12.1882875,13.507873,9.3039355,,,5.336012,5.327629666666667,5.327629666666667,9.074682894736842,5.336012,5.327629666666667,0.0537,1.01e-05,0.00219,0.00219,0.00372,0.000181,0.002,7.96e-05,,,,,0.0537,3.83e-05,4.17e-05,4.14e-05,,,0.0186,0.00022,0.0186,0.00022
17,yes,no,2,+wh_no_gap,The visitor said,who,my friend said,her mother knew,,,the human resources officer,talked with,the new manager,in her office.,0.0,9.513562666666664,10.800764,10.800764,18.269564,9.822756,10.047355,6.755115,,,,,5.474262,12.1882875,13.507873,9.3039355,6.419543,7.376999,5.565934,5.240205333333333,6.308602166666667,8.831259045454546,6.419543,7.376999,0.0537,1.01e-05,0.00219,0.00219,0.00372,0.000181,0.002,7.96e-05,,,,,0.0537,3.83e-05,4.17e-05,4.14e-05,0.0537,8.85e-05,0.0186,0.00022,0.0537,8.85e-05
17,no,yes,3,-wh_gap,The visitor said,that,my friend said,her mother knew,the clerk stated,,the human resources officer,talked with,,in her office.,0.0,9.513562666666664,1.824046,1.824046,15.170774,9.381147666666664,8.415775,6.420924666666667,4.331491,11.162754333333334,,,5.19004,12.5084935,13.425138,8.998059,,,10.181169,6.915376333333334,6.915376333333334,9.092519772727272,10.181169,6.915376333333334,0.0537,1.01e-05,0.0102,0.0102,0.00372,0.000181,0.002,7.96e-05,0.0537,8.46e-06,,,0.0537,3.83e-05,4.17e-05,4.14e-05,,,0.0186,0.00022,0.0186,0.00022
17,no,no,3,-wh_no_gap,The visitor said,that,my friend said,her mother knew,the clerk stated,,the human resources officer,talked with,the new manager,in her office.,0.0,9.513562666666664,1.824046,1.824046,15.170774,9.381147666666664,8.415775,6.420924666666667,4.331491,11.162754333333334,,,5.19004,12.5084935,13.425138,8.998059,3.596108,6.192376666666667,5.256727,5.2200136666666666,5.706195166666667,8.54105908,3.596108,6.192376666666667,0.0537,1.01e-05,0.0102,0.0102,0.00372,0.000181,0.002,7.96e-05,0.0537,8.46e-06,,,0.0537,3.83e-05,4.17e-05,4.14e-05,0.0537,8.85e-05,0.0186,0.00022,0.0537,8.85e-05
17,yes,yes,3,+wh_gap,The visitor said,who,my friend said,her mother knew,the clerk stated,,the human resources officer,talked with,,in her office.,0.0,9.513562666666664,10.800764,10.800764,18.269564,9.822756,10.047355,6.755115,5.474262,11.348142666666666,,,6.954601,12.7244725,13.030139,8.852138,,,11.472129,7.449746999999999,7.449746999999999,9.730495454545451,11.472129,7.449746999999999,0.0537,1.01e-05,0.00219,0.00219,0.00372,0.000181,0.002,7.96e-05,0.0537,8.46e-06,,,0.0537,3.83e-05,4.17e-05,4.14e-05,,,0.0186,0.00022,0.0186,0.00022
17,yes,no,3,+wh_no_gap,The visitor said,who,my friend said,her mother knew,the clerk stated,,the human resources officer,talked with,the new manager,in her office.,0.0,9.513562666666664,10.800764,10.800764,18.269564,9.822756,10.047355,6.755115,5.474262,11.348142666666666,,,6.954601,12.7244725,13.030139,8.852138,3.482916,6.145414666666667,5.161495,5.293757666666667,5.719586166666667,9.04156704,3.482916,6.145414666666667,0.0537,1.01e-05,0.00219,0.00219,0.00372,0.000181,0.002,7.96e-05,0.0537,8.46e-06,,,0.0537,3.83e-05,4.17e-05,4.14e-05,0.0537,8.85e-05,0.0186,0.00022,0.0537,8.85e-05
17,no,yes,4,-wh_gap,The visitor said,that,my friend said,her mother knew,the clerk stated,his friend saw,the human resources officer,talked with,,in her office.,0.0,9.513562666666664,1.824046,1.824046,15.170774,9.381147666666664,8.415775,6.420924666666667,4.331491,11.162754333333334,8.069023,8.873919666666666,3.203978,11.72872675,15.447282,10.062753,,,9.778335,6.922679666666666,6.922679666666666,9.027577,9.778335,6.922679666666666,0.0537,1.01e-05,0.0102,0.0102,0.00372,0.000181,0.002,7.96e-05,0.0537,8.46e-06,0.00324,0.000109,0.0537,3.83e-05,4.17e-05,4.14e-05,,,0.0186,0.00022,0.0186,0.00022
17,no,no,4,-wh_no_gap,The visitor said,that,my friend said,her mother knew,the clerk stated,his friend saw,the human resources officer,talked with,the new manager,in her office.,0.0,9.513562666666664,1.824046,1.824046,15.170774,9.381147666666664,8.415775,6.420924666666667,4.331491,11.162754333333334,8.069023,8.873919666666666,3.203978,11.72872675,15.447282,10.062753,3.236092,6.090131333333333,4.924471,5.241700333333333,5.665915833333333,8.53274575,3.236092,6.090131333333333,0.0537,1.01e-05,0.0102,0.0102,0.00372,0.000181,0.002,7.96e-05,0.0537,8.46e-06,0.00324,0.000109,0.0537,3.83e-05,4.17e-05,4.14e-05,0.0537,8.85e-05,0.0186,0.00022,0.0537,8.85e-05
17,yes,yes,4,+wh_gap,The visitor said,who,my friend said,her mother knew,the clerk stated,his friend saw,the human resources officer,talked with,,in her office.,0.0,9.513562666666664,10.800764,10.800764,18.269564,9.822756,10.047355,6.755115,5.474262,11.348142666666666,9.909054,9.086164666666669,3.283695,11.78703525,15.322125,10.049846,,,9.758817,6.965110333333333,6.965110333333333,9.540846040000002,9.758817,6.965110333333333,0.0537,1.01e-05,0.00219,0.00219,0.00372,0.000181,0.002,7.96e-05,0.0537,8.46e-06,0.00324,0.000109,0.0537,3.83e-05,4.17e-05,4.14e-05,,,0.0186,0.00022,0.0186,0.00022
17,yes,no,4,+wh_no_gap,The visitor said,who,my friend said,her mother knew,the clerk stated,his friend saw,the human resources officer,talked with,the new manager,in her office.,0.0,9.513562666666664,10.800764,10.800764,18.269564,9.822756,10.047355,6.755115,5.474262,11.348142666666666,9.909054,9.086164666666669,3.283695,11.78703525,15.322125,10.049846,3.205261,6.065809000000001,4.909911,5.327922,5.6968655,8.993107607142859,3.205261,6.065809000000001,0.0537,1.01e-05,0.00219,0.00219,0.00372,0.000181,0.002,7.96e-05,0.0537,8.46e-06,0.00324,0.000109,0.0537,3.83e-05,4.17e-05,4.14e-05,0.0537,8.85e-05,0.0186,0.00022,0.0537,8.85e-05
18,no,yes,0,-wh_gap,I know,that,,,,,the five star general,found,,in the office.,0.0,3.139138,2.352433,2.352433,,,,,,,,,2.35511,10.149193,11.203832,11.203832,,,3.951009,5.487173666666666,5.487173666666666,6.990257636363636,3.951009,5.487173666666666,0.0123,0.00114,0.0102,0.0102,,,,,,,,,0.0537,7.46e-05,0.000479,0.000479,,,0.0186,0.000247,0.0186,0.000247
18,no,no,0,-wh_no_gap,I know,that,,,,,the five star general,found,a gun,in the office.,0.0,3.139138,2.352433,2.352433,,,,,,,,,2.35511,10.149193,11.203832,11.203832,3.771251,7.011322,2.696518,4.917525333333333,5.755044,6.862041,3.771251,7.011322,0.0123,0.00114,0.0102,0.0102,,,,,,,,,0.0537,7.46e-05,0.000479,0.000479,0.0229,9.08e-05,0.0186,0.000247,0.0229,9.08e-05
18,yes,yes,0,+wh_gap,I know,what,,,,,the five star general,found,,in the office.,0.0,3.139138,4.561374,4.561374,,,,,,,,,3.557633,11.04172225,9.258015,9.258015,,,2.739292,5.232382333333334,5.232382333333334,7.269245545454547,2.739292,5.232382333333334,0.0123,0.00114,0.0024,0.0024,,,,,,,,,0.0537,7.46e-05,0.000479,0.000479,,,0.0186,0.000247,0.0186,0.000247
18,yes,no,0,+wh_no_gap,I know,what,,,,,the five star general,found,a gun,in the office.,0.0,3.139138,4.561374,4.561374,,,,,,,,,3.557633,11.04172225,9.258015,9.258015,7.5623,7.9908485,3.027274,5.257927333333334,6.3510958,7.3861563846153855,7.5623,7.9908485,0.0123,0.00114,0.0024,0.0024,,,,,,,,,0.0537,7.46e-05,0.000479,0.000479,0.0229,9.08e-05,0.0186,0.000247,0.0229,9.08e-05
18,no,yes,1,-wh_gap,I know,that,the woman believed,,,,the five star general,found,,in the office.,0.0,3.139138,2.352433,2.352433,2.35511,7.8403246666666675,,,,,,,3.515746,11.2132085,10.105874,10.105874,,,4.95184,5.917243333333334,5.917243333333334,7.4901515,4.95184,5.917243333333334,0.0123,0.00114,0.0102,0.0102,0.0537,4.49e-05,,,,,,,0.0537,7.46e-05,0.000479,0.000479,,,0.0186,0.000247,0.0186,0.000247
18,no,no,1,-wh_no_gap,I know,that,the woman believed,,,,the five star general,found,a gun,in the office.,0.0,3.139138,2.352433,2.352433,2.35511,7.8403246666666675,,,,,,,3.515746,11.2132085,10.105874,10.105874,3.788478,7.064959,2.730745,5.089209,5.879509,7.281746,3.788478,7.064959,0.0123,0.00114,0.0102,0.0102,0.0537,4.49e-05,,,,,,,0.0537,7.46e-05,0.000479,0.000479,0.0229,9.08e-05,0.0186,0.000247,0.0229,9.08e-05
18,yes,yes,1,+wh_gap,I know,what,the woman believed,,,,the five star general,found,,in the office.,0.0,3.139138,4.561374,4.561374,3.557633,7.759585333333334,,,,,,,6.604766,12.123965,8.758493,8.758493,,,2.467798,5.114114666666667,5.114114666666667,7.622507357142857,2.467798,5.114114666666667,0.0123,0.00114,0.0024,0.0024,0.0537,4.49e-05,,,,,,,0.0537,7.46e-05,0.000479,0.000479,,,0.0186,0.000247,0.0186,0.000247
18,yes,no,1,+wh_no_gap,I know,what,the woman believed,,,,the five star general,found,a gun,in the office.,0.0,3.139138,4.561374,4.561374,3.557633,7.759585333333334,,,,,,,6.604766,12.123965,8.758493,8.758493,7.64071,8.685077,2.826349,5.218448333333334,6.6050998,7.774891125000001,7.64071,8.685077,0.0123,0.00114,0.0024,0.0024,0.0537,4.49e-05,,,,,,,0.0537,7.46e-05,0.000479,0.000479,0.0229,9.08e-05,0.0186,0.000247,0.0229,9.08e-05
18,no,yes,2,-wh_gap,I know,that,the woman believed,the secretary said,,,the five star general,found,,in the office.,0.0,3.139138,2.352433,2.352433,2.35511,7.8403246666666675,3.515746,9.770852,,,,,3.463312,10.992926,10.116197,10.116197,,,5.311344,5.539359999999999,5.539359999999999,7.774718823529412,5.311344,5.539359999999999,0.0123,0.00114,0.0102,0.0102,0.0537,4.49e-05,0.0537,8.19e-05,,,,,0.0537,7.46e-05,0.000479,0.000479,,,0.0186,0.000247,0.0186,0.000247
18,no,no,2,-wh_no_gap,I know,that,the woman believed,the secretary said,,,the five star general,found,a gun,in the office.,0.0,3.139138,2.352433,2.352433,2.35511,7.8403246666666675,3.515746,9.770852,,,,,3.463312,10.992926,10.116197,10.116197,3.863605,6.4568675,3.09455,4.9852446666666665,5.5738938000000005,7.548505736842105,3.863605,6.4568675,0.0123,0.00114,0.0102,0.0102,0.0537,4.49e-05,0.0537,8.19e-05,,,,,0.0537,7.46e-05,0.000479,0.000479,0.0229,9.08e-05,0.0186,0.000247,0.0229,9.08e-05
18,yes,yes,2,+wh_gap,I know,what,the woman believed,the secretary said,,,the five star general,found,,in the office.,0.0,3.139138,4.561374,4.561374,3.557633,7.759585333333334,6.604766,10.341852,,,,,6.441546,11.592962,9.13656,9.13656,,,2.157059,4.621189,4.621189,7.912702176470589,2.157059,4.621189,0.0123,0.00114,0.0024,0.0024,0.0537,4.49e-05,0.0537,8.19e-05,,,,,0.0537,7.46e-05,0.000479,0.000479,,,0.0186,0.000247,0.0186,0.000247
18,yes,no,2,+wh_no_gap,I know,what,the woman believed,the secretary said,,,the five star general,found,a gun,in the office.,0.0,3.139138,4.561374,4.561374,3.557633,7.759585333333334,6.604766,10.341852,,,,,6.441546,11.592962,9.13656,9.13656,7.82636,8.5064975,2.999298,5.009185666666666,6.4081104,8.03646957894737,7.82636,8.5064975,0.0123,0.00114,0.0024,0.0024,0.0537,4.49e-05,0.0537,8.19e-05,,,,,0.0537,7.46e-05,0.000479,0.000479,0.0229,9.08e-05,0.0186,0.000247,0.0229,9.08e-05
18,no,yes,3,-wh_gap,I know,that,the woman believed,the secretary said,her friend recalled,,the five star general,found,,in the office.,0.0,3.139138,2.352433,2.352433,2.35511,7.8403246666666675,3.515746,9.770852,5.972282,8.770761333333333,,,3.283905,11.156488,10.337142,10.337142,,,2.51155,4.678306666666667,4.678306666666667,7.838726849999999,2.51155,4.678306666666667,0.0123,0.00114,0.0102,0.0102,0.0537,4.49e-05,0.0537,8.19e-05,0.002,9.13e-06,,,0.0537,7.46e-05,0.000479,0.000479,,,0.0186,0.000247,0.0186,0.000247
18,no,no,3,-wh_no_gap,I know,that,the woman believed,the secretary said,her friend recalled,,the five star general,found,a gun,in the office.,0.0,3.139138,2.352433,2.352433,2.35511,7.8403246666666675,3.515746,9.770852,5.972282,8.770761333333333,,,3.283905,11.156488,10.337142,10.337142,5.257472,6.6929085,3.369885,5.183852,5.7874746,7.803499545454545,5.257472,6.6929085,0.0123,0.00114,0.0102,0.0102,0.0537,4.49e-05,0.0537,8.19e-05,0.002,9.13e-06,,,0.0537,7.46e-05,0.000479,0.000479,0.0229,9.08e-05,0.0186,0.000247,0.0229,9.08e-05
18,yes,yes,3,+wh_gap,I know,what,the woman believed,the secretary said,her friend recalled,,the five star general,found,,in the office.,0.0,3.139138,4.561374,4.561374,3.557633,7.759585333333334,6.604766,10.341852,9.307955,9.940476666666669,,,6.15369,11.88709025,9.967189,9.967189,,,2.198456,4.581046333333333,4.581046333333333,8.31120405,2.198456,4.581046333333333,0.0123,0.00114,0.0024,0.0024,0.0537,4.49e-05,0.0537,8.19e-05,0.002,9.13e-06,,,0.0537,7.46e-05,0.000479,0.000479,,,0.0186,0.000247,0.0186,0.000247
18,yes,no,3,+wh_no_gap,I know,what,the woman believed,the secretary said,her friend recalled,,the five star general,found,a gun,in the office.,0.0,3.139138,4.561374,4.561374,3.557633,7.759585333333334,6.604766,10.341852,9.307955,9.940476666666669,,,6.15369,11.88709025,9.967189,9.967189,9.264729,9.3289865,3.254272,5.140113,6.815662399999999,8.47996609090909,9.264729,9.3289865,0.0123,0.00114,0.0024,0.0024,0.0537,4.49e-05,0.0537,8.19e-05,0.002,9.13e-06,,,0.0537,7.46e-05,0.000479,0.000479,0.0229,9.08e-05,0.0186,0.000247,0.0229,9.08e-05
18,no,yes,4,-wh_gap,I know,that,the woman believed,the secretary said,her friend recalled,a colleague thinks,the five star general,found,,in the office.,0.0,3.139138,2.352433,2.352433,2.35511,7.8403246666666675,3.515746,9.770852,5.972282,8.770761333333333,5.688519,10.884560333333337,4.600215,11.208369,9.888462,9.888462,,,5.488864,5.6451970000000005,5.6451970000000005,8.351640565217393,5.488864,5.6451970000000005,0.0123,0.00114,0.0102,0.0102,0.0537,4.49e-05,0.0537,8.19e-05,0.002,9.13e-06,0.0229,8.24e-06,0.0537,7.46e-05,0.000479,0.000479,,,0.0186,0.000247,0.0186,0.000247
18,no,no,4,-wh_no_gap,I know,that,the woman believed,the secretary said,her friend recalled,a colleague thinks,the five star general,found,a gun,in the office.,0.0,3.139138,2.352433,2.352433,2.35511,7.8403246666666675,3.515746,9.770852,5.972282,8.770761333333333,5.688519,10.884560333333337,4.600215,11.208369,9.888462,9.888462,3.95728,6.499598499999999,3.069434,4.824469666666666,5.494521199999999,8.104989920000001,3.95728,6.499598499999999,0.0123,0.00114,0.0102,0.0102,0.0537,4.49e-05,0.0537,8.19e-05,0.002,9.13e-06,0.0229,8.24e-06,0.0537,7.46e-05,0.000479,0.000479,0.0229,9.08e-05,0.0186,0.000247,0.0229,9.08e-05
18,yes,yes,4,+wh_gap,I know,what,the woman believed,the secretary said,her friend recalled,a colleague thinks,the five star general,found,,in the office.,0.0,3.139138,4.561374,4.561374,3.557633,7.759585333333334,6.604766,10.341852,9.307955,9.940476666666669,7.556421,11.600641666666668,5.373168,11.5819205,9.36354,9.36354,,,2.306432,4.5816143333333335,4.5816143333333335,8.661016608695654,2.306432,4.5816143333333335,0.0123,0.00114,0.0024,0.0024,0.0537,4.49e-05,0.0537,8.19e-05,0.002,9.13e-06,0.0229,8.24e-06,0.0537,7.46e-05,0.000479,0.000479,,,0.0186,0.000247,0.0186,0.000247
18,yes,no,4,+wh_no_gap,I know,what,the woman believed,the secretary said,her friend recalled,a colleague thinks,the five star general,found,a gun,in the office.,0.0,3.139138,4.561374,4.561374,3.557633,7.759585333333334,6.604766,10.341852,9.307955,9.940476666666669,7.556421,11.600641666666668,5.373168,11.5819205,9.36354,9.36354,8.642744,9.212895,3.092666,4.798819,6.564449400000001,8.73123144,8.642744,9.212895,0.0123,0.00114,0.0024,0.0024,0.0537,4.49e-05,0.0537,8.19e-05,0.002,9.13e-06,0.0229,8.24e-06,0.0537,7.46e-05,0.000479,0.000479,0.0229,9.08e-05,0.0186,0.000247,0.0229,9.08e-05
19,no,yes,0,-wh_gap,The colleagues realized,that,,,,,the journalist,discovered,,two weeks ago.,0.0,10.516256333333333,0.635146,0.635146,,,,,,,,,1.616574,9.129006,12.111227,12.111227,,,9.665596,7.763284333333334,7.763284333333334,8.5843007,9.665596,7.763284333333334,0.0537,1.3e-05,0.0102,0.0102,,,,,,,,,0.0537,2.4e-05,5.5e-05,5.5e-05,,,0.00126,9.05e-05,0.00126,9.05e-05
19,no,no,0,-wh_no_gap,The colleagues realized,that,,,,,the journalist,discovered,the bribery,two weeks ago.,0.0,10.516256333333333,0.635146,0.635146,,,,,,,,,1.616574,9.129006,12.111227,12.111227,2.715586,10.0216325,16.930195,9.158633666666669,9.5038332,9.172693333333331,2.715586,10.0216325,0.0537,1.3e-05,0.0102,0.0102,,,,,,,,,0.0537,2.4e-05,5.5e-05,5.5e-05,0.0537,2.51e-06,0.00126,9.05e-05,0.0537,2.51e-06
19,yes,yes,0,+wh_gap,The colleagues realized,what,,,,,the journalist,discovered,,two weeks ago.,0.0,10.516256333333333,6.381591,6.381591,,,,,,,,,3.091117,8.661151,9.877067,9.877067,,,15.034433,7.632749666666666,7.632749666666666,8.8027978,15.034433,7.632749666666666,0.0537,1.3e-05,0.0024,0.0024,,,,,,,,,0.0537,2.4e-05,5.5e-05,5.5e-05,,,0.00126,9.05e-05,0.00126,9.05e-05
19,yes,no,0,+wh_no_gap,The colleagues realized,what,,,,,the journalist,discovered,the bribery,two weeks ago.,0.0,10.516256333333333,6.381591,6.381591,,,,,,,,,3.091117,8.661151,9.877067,9.877067,6.652311,11.934922,18.907652,9.965276,10.7531344,9.907950083333333,6.652311,11.934922,0.0537,1.3e-05,0.0024,0.0024,,,,,,,,,0.0537,2.4e-05,5.5e-05,5.5e-05,0.0537,2.51e-06,0.00126,9.05e-05,0.0537,2.51e-06
19,no,yes,1,-wh_gap,The colleagues realized,that,her mother stated,,,,the journalist,discovered,,two weeks ago.,0.0,10.516256333333333,0.635146,0.635146,9.413181,9.800330666666667,,,,,,,4.67107,10.47048,11.414783,11.414783,,,10.488085,7.478855666666667,7.478855666666667,8.952093615384616,10.488085,7.478855666666667,0.0537,1.3e-05,0.0102,0.0102,0.002,4.09e-05,,,,,,,0.0537,2.4e-05,5.5e-05,5.5e-05,,,0.00126,9.05e-05,0.00126,9.05e-05
19,no,no,1,-wh_no_gap,The colleagues realized,that,her mother stated,,,,the journalist,discovered,the bribery,two weeks ago.,0.0,10.516256333333333,0.635146,0.635146,9.413181,9.800330666666667,,,,,,,4.67107,10.47048,11.414783,11.414783,3.661082,10.738933,16.387428,8.816742333333334,9.5856186,9.4579162,3.661082,10.738933,0.0537,1.3e-05,0.0102,0.0102,0.002,4.09e-05,,,,,,,0.0537,2.4e-05,5.5e-05,5.5e-05,0.0537,2.51e-06,0.00126,9.05e-05,0.0537,2.51e-06
19,yes,yes,1,+wh_gap,The colleagues realized,what,her mother stated,,,,the journalist,discovered,,two weeks ago.,0.0,10.516256333333333,6.381591,6.381591,10.714521,9.002700333333333,,,,,,,7.194623,11.693147,9.997879,9.997879,,,14.53137,7.604788666666667,7.604788666666667,9.318230769230768,14.53137,7.604788666666667,0.0537,1.3e-05,0.0024,0.0024,0.002,4.09e-05,,,,,,,0.0537,2.4e-05,5.5e-05,5.5e-05,,,0.00126,9.05e-05,0.00126,9.05e-05
19,yes,no,1,+wh_no_gap,The colleagues realized,what,her mother stated,,,,the journalist,discovered,the bribery,two weeks ago.,0.0,10.516256333333333,6.381591,6.381591,10.714521,9.002700333333333,,,,,,,7.194623,11.693147,9.997879,9.997879,7.257996,12.8202115,17.919376,9.651,10.9186846,10.194403799999998,7.257996,12.8202115,0.0537,1.3e-05,0.0024,0.0024,0.002,4.09e-05,,,,,,,0.0537,2.4e-05,5.5e-05,5.5e-05,0.0537,2.51e-06,0.00126,9.05e-05,0.0537,2.51e-06
19,no,yes,2,-wh_gap,The colleagues realized,that,her mother stated,a friend said,,,the journalist,discovered,,two weeks ago.,0.0,10.516256333333333,0.635146,0.635146,9.413181,9.800330666666667,7.189502,9.148721,,,,,4.934358,8.667569,10.950783,10.950783,,,10.682021,7.698789333333333,7.698789333333333,8.775834937499999,10.682021,7.698789333333333,0.0537,1.3e-05,0.0102,0.0102,0.002,4.09e-05,0.0229,0.000189,,,,,0.0537,2.4e-05,5.5e-05,5.5e-05,,,0.00126,9.05e-05,0.00126,9.05e-05
19,no,no,2,-wh_no_gap,The colleagues realized,that,her mother stated,a friend said,,,the journalist,discovered,the bribery,two weeks ago.,0.0,10.516256333333333,0.635146,0.635146,9.413181,9.800330666666667,7.189502,9.148721,,,,,4.934358,8.667569,10.950783,10.950783,3.542445,10.375073,16.232868,8.913759,9.4982846,9.156023,3.542445,10.375073,0.0537,1.3e-05,0.0102,0.0102,0.002,4.09e-05,0.0229,0.000189,,,,,0.0537,2.4e-05,5.5e-05,5.5e-05,0.0537,2.51e-06,0.00126,9.05e-05,0.0537,2.51e-06
19,yes,yes,2,+wh_gap,The colleagues realized,what,her mother stated,a friend said,,,the journalist,discovered,,two weeks ago.,0.0,10.516256333333333,6.381591,6.381591,10.714521,9.002700333333333,8.349192,9.014594333333331,,,,,6.602357,9.2050165,9.662594,9.662594,,,13.989315,7.502444333333333,7.502444333333333,8.91013775,13.989315,7.502444333333333,0.0537,1.3e-05,0.0024,0.0024,0.002,4.09e-05,0.0229,0.000189,,,,,0.0537,2.4e-05,5.5e-05,5.5e-05,,,0.00126,9.05e-05,0.00126,9.05e-05
19,yes,no,2,+wh_no_gap,The colleagues realized,what,her mother stated,a friend said,,,the journalist,discovered,the bribery,two weeks ago.,0.0,10.516256333333333,6.381591,6.381591,10.714521,9.002700333333333,8.349192,9.014594333333331,,,,,6.602357,9.2050165,9.662594,9.662594,7.094011,12.4139995,18.062433,9.921838,10.9187026,9.702688000000002,7.094011,12.4139995,0.0537,1.3e-05,0.0024,0.0024,0.002,4.09e-05,0.0229,0.000189,,,,,0.0537,2.4e-05,5.5e-05,5.5e-05,0.0537,2.51e-06,0.00126,9.05e-05,0.0537,2.51e-06
19,no,yes,3,-wh_gap,The colleagues realized,that,her mother stated,a friend said,her husband knew,,the journalist,discovered,,two weeks ago.,0.0,10.516256333333333,0.635146,0.635146,9.413181,9.800330666666667,7.189502,9.148721,5.272661,5.236432333333333,,,4.256083,9.06546,13.919207,13.919207,,,11.14136,7.755720666666666,7.755720666666666,8.424087157894737,11.14136,7.755720666666666,0.0537,1.3e-05,0.0102,0.0102,0.002,4.09e-05,0.0229,0.000189,0.002,5.95e-05,,,0.0537,2.4e-05,5.5e-05,5.5e-05,,,0.00126,9.05e-05,0.00126,9.05e-05
19,no,no,3,-wh_no_gap,The colleagues realized,that,her mother stated,a friend said,her husband knew,,the journalist,discovered,the bribery,two weeks ago.,0.0,10.516256333333333,0.635146,0.635146,9.413181,9.800330666666667,7.189502,9.148721,5.272661,5.236432333333333,,,4.256083,9.06546,13.919207,13.919207,3.54225,10.5524905,16.415987,9.081072333333331,9.6696396,8.816128190476192,3.54225,10.5524905,0.0537,1.3e-05,0.0102,0.0102,0.002,4.09e-05,0.0229,0.000189,0.002,5.95e-05,,,0.0537,2.4e-05,5.5e-05,5.5e-05,0.0537,2.51e-06,0.00126,9.05e-05,0.0537,2.51e-06
19,yes,yes,3,+wh_gap,The colleagues realized,what,her mother stated,a friend said,her husband knew,,the journalist,discovered,,two weeks ago.,0.0,10.516256333333333,6.381591,6.381591,10.714521,9.002700333333333,8.349192,9.014594333333331,7.416426,6.019507333333333,,,6.788685,10.528488,11.499198,11.499198,,,15.31747,8.017082333333335,8.017082333333335,8.770957210526317,15.31747,8.017082333333335,0.0537,1.3e-05,0.0024,0.0024,0.002,4.09e-05,0.0229,0.000189,0.002,5.95e-05,,,0.0537,2.4e-05,5.5e-05,5.5e-05,,,0.00126,9.05e-05,0.00126,9.05e-05
19,yes,no,3,+wh_no_gap,The colleagues realized,what,her mother stated,a friend said,her husband knew,,the journalist,discovered,the bribery,two weeks ago.,0.0,10.516256333333333,6.381591,6.381591,10.714521,9.002700333333333,8.349192,9.014594333333331,7.416426,6.019507333333333,,,6.788685,10.528488,11.499198,11.499198,8.862796,13.59438,17.789757,9.989241,11.4312966,9.512067761904763,8.862796,13.59438,0.0537,1.3e-05,0.0024,0.0024,0.002,4.09e-05,0.0229,0.000189,0.002,5.95e-05,,,0.0537,2.4e-05,5.5e-05,5.5e-05,0.0537,2.51e-06,0.00126,9.05e-05,0.0537,2.51e-06
19,no,yes,4,-wh_gap,The colleagues realized,that,her mother stated,a friend said,her husband knew,his brother said,the journalist,discovered,,two weeks ago.,0.0,10.516256333333333,0.635146,0.635146,9.413181,9.800330666666667,7.189502,9.148721,5.272661,5.236432333333333,6.568496,8.443439666666666,4.941126,8.732429999999999,11.212086,11.212086,,,11.037417,7.794499666666667,7.794499666666667,8.278687772727274,11.037417,7.794499666666667,0.0537,1.3e-05,0.0102,0.0102,0.002,4.09e-05,0.0229,0.000189,0.002,5.95e-05,0.00324,0.000111,0.0537,2.4e-05,5.5e-05,5.5e-05,,,0.00126,9.05e-05,0.00126,9.05e-05
19,no,no,4,-wh_no_gap,The colleagues realized,that,her mother stated,a friend said,her husband knew,his brother said,the journalist,discovered,the bribery,two weeks ago.,0.0,10.516256333333333,0.635146,0.635146,9.413181,9.800330666666667,7.189502,9.148721,5.272661,5.236432333333333,6.568496,8.443439666666666,4.941126,8.732429999999999,11.212086,11.212086,3.518111,9.969144,16.520147,9.108967666666668,9.4530382,8.583867625000002,3.518111,9.969144,0.0537,1.3e-05,0.0102,0.0102,0.002,4.09e-05,0.0229,0.000189,0.002,5.95e-05,0.00324,0.000111,0.0537,2.4e-05,5.5e-05,5.5e-05,0.0537,2.51e-06,0.00126,9.05e-05,0.0537,2.51e-06
19,yes,yes,4,+wh_gap,The colleagues realized,what,her mother stated,a friend said,her husband knew,his brother said,the journalist,discovered,,two weeks ago.,0.0,10.516256333333333,6.381591,6.381591,10.714521,9.002700333333333,8.349192,9.014594333333331,7.416426,6.019507333333333,9.172926,9.016248333333332,6.751287,9.529703,10.127808,10.127808,,,14.529168,7.940796666666667,7.940796666666667,8.640868863636364,14.529168,7.940796666666667,0.0537,1.3e-05,0.0024,0.0024,0.002,4.09e-05,0.0229,0.000189,0.002,5.95e-05,0.00324,0.000111,0.0537,2.4e-05,5.5e-05,5.5e-05,,,0.00126,9.05e-05,0.00126,9.05e-05
19,yes,no,4,+wh_no_gap,The colleagues realized,what,her mother stated,a friend said,her husband knew,his brother said,the journalist,discovered,the bribery,two weeks ago.,0.0,10.516256333333333,6.381591,6.381591,10.714521,9.002700333333333,8.349192,9.014594333333331,7.416426,6.019507333333333,9.172926,9.016248333333332,6.751287,9.529703,10.127808,10.127808,7.766016,12.6268245,17.857288,10.078340333333337,11.097734,9.240224791666666,7.766016,12.6268245,0.0537,1.3e-05,0.0024,0.0024,0.002,4.09e-05,0.0229,0.000189,0.002,5.95e-05,0.00324,0.000111,0.0537,2.4e-05,5.5e-05,5.5e-05,0.0537,2.51e-06,0.00126,9.05e-05,0.0537,2.51e-06
2,no,yes,0,-wh_gap,The accountant knew,that,,,,,the secretary,introduced,,to her friend.,0.0,10.987200666666666,1.757999,1.757999,,,,,,,,,1.594424,7.728609,14.215164,14.215164,,,6.862473,7.254126666666667,7.254126666666667,8.6154363,6.862473,7.254126666666667,0.0537,5.55e-06,0.0102,0.0102,,,,,,,,,0.0537,8.9e-05,5.25e-05,5.25e-05,,,0.0269,0.000208,0.0269,0.000208
2,no,no,0,-wh_no_gap,The accountant knew,that,,,,,the secretary,introduced,the new woman,to her friend.,0.0,10.987200666666666,1.757999,1.757999,,,,,,,,,1.594424,7.728609,14.215164,14.215164,2.018431,6.151785666666666,2.757324,5.182882333333334,5.667334,7.568922076923076,2.018431,6.151785666666666,0.0537,5.55e-06,0.0102,0.0102,,,,,,,,,0.0537,8.9e-05,5.25e-05,5.25e-05,0.0537,0.000198,0.0269,0.000208,0.0537,0.000198
2,yes,yes,0,+wh_gap,The accountant knew,who,,,,,the secretary,introduced,,to her friend.,0.0,10.987200666666666,6.979946,6.979946,,,,,,,,,4.008495,8.2673205,14.073198,14.073198,,,2.829917,5.935736,5.935736,8.8356595,2.829917,5.935736,0.0537,5.55e-06,0.00219,0.00219,,,,,,,,,0.0537,8.9e-05,5.25e-05,5.25e-05,,,0.0269,0.000208,0.0269,0.000208
2,yes,no,0,+wh_no_gap,The accountant knew,who,,,,,the secretary,introduced,the new woman,to her friend.,0.0,10.987200666666666,6.979946,6.979946,,,,,,,,,4.008495,8.2673205,14.073198,14.073198,3.501251,6.485956000000001,3.06804,5.2594943333333335,5.872725166666666,8.13736446153846,3.501251,6.485956000000001,0.0537,5.55e-06,0.00219,0.00219,,,,,,,,,0.0537,8.9e-05,5.25e-05,5.25e-05,0.0537,0.000198,0.0269,0.000208,0.0537,0.000198
2,no,yes,1,-wh_gap,The accountant knew,that,the security guard believed,,,,the secretary,introduced,,to her friend.,0.0,10.987200666666666,1.757999,1.757999,1.594424,7.56779075,,,,,,,2.803284,8.1981195,15.967221,15.967221,,,6.420699,7.228857,7.228857,8.502913928571427,6.420699,7.228857,0.0537,5.55e-06,0.0102,0.0102,0.0537,2.34e-05,,,,,,,0.0537,8.9e-05,5.25e-05,5.25e-05,,,0.0269,0.000208,0.0269,0.000208
2,no,no,1,-wh_no_gap,The accountant knew,that,the security guard believed,,,,the secretary,introduced,the new woman,to her friend.,0.0,10.987200666666666,1.757999,1.757999,1.594424,7.56779075,,,,,,,2.803284,8.1981195,15.967221,15.967221,2.352703,6.486032666666667,2.573393,5.174579333333333,5.830306,7.784474117647059,2.352703,6.486032666666667,0.0537,5.55e-06,0.0102,0.0102,0.0537,2.34e-05,,,,,,,0.0537,8.9e-05,5.25e-05,5.25e-05,0.0537,0.000198,0.0269,0.000208,0.0537,0.000198
2,yes,yes,1,+wh_gap,The accountant knew,who,the security guard believed,,,,the secretary,introduced,,to her friend.,0.0,10.987200666666666,6.979946,6.979946,4.008495,8.012052,,,,,,,4.277025,8.690618,15.175207,15.175207,,,3.363959,6.381877666666667,6.381877666666667,8.835130857142856,3.363959,6.381877666666667,0.0537,5.55e-06,0.00219,0.00219,0.0537,2.34e-05,,,,,,,0.0537,8.9e-05,5.25e-05,5.25e-05,,,0.0269,0.000208,0.0269,0.000208
2,yes,no,1,+wh_no_gap,The accountant knew,who,the security guard believed,,,,the secretary,introduced,the new woman,to her friend.,0.0,10.987200666666666,6.979946,6.979946,4.008495,8.012052,,,,,,,4.277025,8.690618,15.175207,15.175207,3.805211,6.931125999999999,2.857185,5.2765743333333335,6.103850166666667,8.304076470588235,3.805211,6.931125999999999,0.0537,5.55e-06,0.00219,0.00219,0.0537,2.34e-05,,,,,,,0.0537,8.9e-05,5.25e-05,5.25e-05,0.0537,0.000198,0.0269,0.000208,0.0537,0.000198
2,no,yes,2,-wh_gap,The accountant knew,that,the security guard believed,his friend knew,,,the secretary,introduced,,to her friend.,0.0,10.987200666666666,1.757999,1.757999,1.594424,7.56779075,6.364469,7.516233666666667,,,,,3.806568,9.327975,17.096439,17.096439,,,6.491342,7.581341666666667,7.581341666666667,8.590345823529413,6.491342,7.581341666666667,0.0537,5.55e-06,0.0102,0.0102,0.0537,2.34e-05,0.00324,9.19e-05,,,,,0.0537,8.9e-05,5.25e-05,5.25e-05,,,0.0269,0.000208,0.0269,0.000208
2,no,no,2,-wh_no_gap,The accountant knew,that,the security guard believed,his friend knew,,,the secretary,introduced,the new woman,to her friend.,0.0,10.987200666666666,1.757999,1.757999,1.594424,7.56779075,6.364469,7.516233666666667,,,,,3.806568,9.327975,17.096439,17.096439,3.023665,6.798623333333334,2.606483,4.904259333333333,5.851441333333334,7.920025100000001,3.023665,6.798623333333334,0.0537,5.55e-06,0.0102,0.0102,0.0537,2.34e-05,0.00324,9.19e-05,,,,,0.0537,8.9e-05,5.25e-05,5.25e-05,0.0537,0.000198,0.0269,0.000208,0.0537,0.000198
2,yes,yes,2,+wh_gap,The accountant knew,who,the security guard believed,his friend knew,,,the secretary,introduced,,to her friend.,0.0,10.987200666666666,6.979946,6.979946,4.008495,8.012052,8.196365,7.894818000000001,,,,,4.214753,9.323915,16.156597,16.156597,,,6.040363,7.446329666666666,7.446329666666666,8.989272117647058,6.040363,7.446329666666666,0.0537,5.55e-06,0.00219,0.00219,0.0537,2.34e-05,0.00324,9.19e-05,,,,,0.0537,8.9e-05,5.25e-05,5.25e-05,,,0.0269,0.000208,0.0269,0.000208
2,yes,no,2,+wh_no_gap,The accountant knew,who,the security guard believed,his friend knew,,,the secretary,introduced,the new woman,to her friend.,0.0,10.987200666666666,6.979946,6.979946,4.008495,8.012052,8.196365,7.894818000000001,,,,,4.214753,9.323915,16.156597,16.156597,3.114785,6.853228333333334,2.662577,5.000201666666666,5.926715000000001,8.301946349999998,3.114785,6.853228333333334,0.0537,5.55e-06,0.00219,0.00219,0.0537,2.34e-05,0.00324,9.19e-05,,,,,0.0537,8.9e-05,5.25e-05,5.25e-05,0.0537,0.000198,0.0269,0.000208,0.0537,0.000198
2,no,yes,3,-wh_gap,The accountant knew,that,the security guard believed,his friend knew,the assistant reported,,the secretary,introduced,,to her friend.,0.0,10.987200666666666,1.757999,1.757999,1.594424,7.56779075,6.364469,7.516233666666667,3.806568,10.943607,,,3.753372,9.057148,16.735184,16.735184,,,4.213946,6.874112,6.874112,8.7921051,4.213946,6.874112,0.0537,5.55e-06,0.0102,0.0102,0.0537,2.34e-05,0.00324,9.19e-05,0.0537,3.44e-05,,,0.0537,8.9e-05,5.25e-05,5.25e-05,,,0.0269,0.000208,0.0269,0.000208
2,no,no,3,-wh_no_gap,The accountant knew,that,the security guard believed,his friend knew,the assistant reported,,the secretary,introduced,the new woman,to her friend.,0.0,10.987200666666666,1.757999,1.757999,1.594424,7.56779075,6.364469,7.516233666666667,3.806568,10.943607,,,3.753372,9.057148,16.735184,16.735184,3.04264,6.773544000000001,3.110144,5.150533,5.962038499999999,8.303999869565217,3.04264,6.773544000000001,0.0537,5.55e-06,0.0102,0.0102,0.0537,2.34e-05,0.00324,9.19e-05,0.0537,3.44e-05,,,0.0537,8.9e-05,5.25e-05,5.25e-05,0.0537,0.000198,0.0269,0.000208,0.0537,0.000198
2,yes,yes,3,+wh_gap,The accountant knew,who,the security guard believed,his friend knew,the assistant reported,,the secretary,introduced,,to her friend.,0.0,10.987200666666666,6.979946,6.979946,4.008495,8.012052,8.196365,7.894818000000001,4.214753,10.841899333333332,,,4.271742,9.2720105,16.119936,16.119936,,,4.164759,6.946324333333334,6.946324333333334,9.1851419,4.164759,6.946324333333334,0.0537,5.55e-06,0.00219,0.00219,0.0537,2.34e-05,0.00324,9.19e-05,0.0537,3.44e-05,,,0.0537,8.9e-05,5.25e-05,5.25e-05,,,0.0269,0.000208,0.0269,0.000208
2,yes,no,3,+wh_no_gap,The accountant knew,who,the security guard believed,his friend knew,the assistant reported,,the secretary,introduced,the new woman,to her friend.,0.0,10.987200666666666,6.979946,6.979946,4.008495,8.012052,8.196365,7.894818000000001,4.214753,10.841899333333332,,,4.271742,9.2720105,16.119936,16.119936,3.184988,6.809660333333333,3.284016,5.237809333333334,6.023734833333333,8.652446695652175,3.184988,6.809660333333333,0.0537,5.55e-06,0.00219,0.00219,0.0537,2.34e-05,0.00324,9.19e-05,0.0537,3.44e-05,,,0.0537,8.9e-05,5.25e-05,5.25e-05,0.0537,0.000198,0.0269,0.000208,0.0537,0.000198
2,no,yes,4,-wh_gap,The accountant knew,that,the security guard believed,his friend knew,the assistant reported,her colleague suspected,the secretary,introduced,,to her friend.,0.0,10.987200666666666,1.757999,1.757999,1.594424,7.56779075,6.364469,7.516233666666667,3.806568,10.943607,9.843293,12.377687,8.167356,10.149233,15.752693,15.752693,,,5.135004,6.1826593333333335,6.1826593333333335,9.221847130434783,5.135004,6.1826593333333335,0.0537,5.55e-06,0.0102,0.0102,0.0537,2.34e-05,0.00324,9.19e-05,0.0537,3.44e-05,0.002,5.68e-06,0.0537,8.9e-05,5.25e-05,5.25e-05,,,0.0269,0.000208,0.0269,0.000208
2,no,no,4,-wh_no_gap,The accountant knew,that,the security guard believed,his friend knew,the assistant reported,her colleague suspected,the secretary,introduced,the new woman,to her friend.,0.0,10.987200666666666,1.757999,1.757999,1.594424,7.56779075,6.364469,7.516233666666667,3.806568,10.943607,9.843293,12.377687,8.167356,10.149233,15.752693,15.752693,2.916203,6.239854666666666,2.697152,4.732857666666667,5.486356166666667,8.710486269230769,2.916203,6.239854666666666,0.0537,5.55e-06,0.0102,0.0102,0.0537,2.34e-05,0.00324,9.19e-05,0.0537,3.44e-05,0.002,5.68e-06,0.0537,8.9e-05,5.25e-05,5.25e-05,0.0537,0.000198,0.0269,0.000208,0.0537,0.000198
2,yes,yes,4,+wh_gap,The accountant knew,who,the security guard believed,his friend knew,the assistant reported,her colleague suspected,the secretary,introduced,,to her friend.,0.0,10.987200666666666,6.979946,6.979946,4.008495,8.012052,8.196365,7.894818000000001,4.214753,10.841899333333332,10.537512,12.916099,9.005994,10.6527305,15.480392,15.480392,,,4.77297,6.082963,6.082963,9.651432478260867,4.77297,6.082963,0.0537,5.55e-06,0.00219,0.00219,0.0537,2.34e-05,0.00324,9.19e-05,0.0537,3.44e-05,0.002,5.68e-06,0.0537,8.9e-05,5.25e-05,5.25e-05,,,0.0269,0.000208,0.0269,0.000208
2,yes,no,4,+wh_no_gap,The accountant knew,who,the security guard believed,his friend knew,the assistant reported,her colleague suspected,the secretary,introduced,the new woman,to her friend.,0.0,10.987200666666666,6.979946,6.979946,4.008495,8.012052,8.196365,7.894818000000001,4.214753,10.841899333333332,10.537512,12.916099,9.005994,10.6527305,15.480392,15.480392,3.02246,6.252011333333333,2.833262,4.794198,5.523104666666666,9.110487923076924,3.02246,6.252011333333333,0.0537,5.55e-06,0.00219,0.00219,0.0537,2.34e-05,0.00324,9.19e-05,0.0537,3.44e-05,0.002,5.68e-06,0.0537,8.9e-05,5.25e-05,5.25e-05,0.0537,0.000198,0.0269,0.000208,0.0537,0.000198
20,no,yes,0,-wh_gap,She said,that,,,,,the reporter,put,,on the table.,0.0,3.620045,2.639638,2.639638,,,,,,,,,2.622591,8.034271,10.981668,10.981668,,,4.199945,5.472872,5.472872,5.927617111111111,4.199945,5.472872,0.00182,0.000655,0.0102,0.0102,,,,,,,,,0.0537,2.24e-05,0.000457,0.000457,,,0.00813,0.00011,0.00813,0.00011
20,no,no,0,-wh_no_gap,She said,that,,,,,the reporter,put,the microphone,on the table.,0.0,3.620045,2.639638,2.639638,,,,,,,,,2.622591,8.034271,10.981668,10.981668,2.57144,7.424037999999999,2.28432,2.865034,4.6886356,5.488465090909091,2.57144,7.424037999999999,0.00182,0.000655,0.0102,0.0102,,,,,,,,,0.0537,2.24e-05,0.000457,0.000457,0.0537,5.25e-06,0.00813,0.00011,0.0537,5.25e-06
20,yes,yes,0,+wh_gap,She said,what,,,,,the reporter,put,,on the table.,0.0,3.620045,9.987566,9.987566,,,,,,,,,3.912814,7.664756000000001,11.158838,11.158838,,,2.33916,4.346834333333333,4.346834333333333,6.306278777777778,2.33916,4.346834333333333,0.00182,0.000655,0.0024,0.0024,,,,,,,,,0.0537,2.24e-05,0.000457,0.000457,,,0.00813,0.00011,0.00813,0.00011
20,yes,no,0,+wh_no_gap,She said,what,,,,,the reporter,put,the microphone,on the table.,0.0,3.620045,9.987566,9.987566,,,,,,,,,3.912814,7.664756000000001,11.158838,11.158838,5.363003,8.484607,2.310332,3.387788333333333,5.4265158,6.440780454545455,5.363003,8.484607,0.00182,0.000655,0.0024,0.0024,,,,,,,,,0.0537,2.24e-05,0.000457,0.000457,0.0537,5.25e-06,0.00813,0.00011,0.0537,5.25e-06
20,no,yes,1,-wh_gap,She said,that,the politician stated,,,,the reporter,put,,on the table.,0.0,3.620045,2.639638,2.639638,2.622591,9.841529,,,,,,,5.559699,9.857426,12.166395,12.166395,,,4.026725,5.535004666666667,5.535004666666667,7.324214666666666,4.026725,5.535004666666667,0.00182,0.000655,0.0102,0.0102,0.0537,1.14e-05,,,,,,,0.0537,2.24e-05,0.000457,0.000457,,,0.00813,0.00011,0.00813,0.00011
20,no,no,1,-wh_no_gap,She said,that,the politician stated,,,,the reporter,put,the microphone,on the table.,0.0,3.620045,2.639638,2.639638,2.622591,9.841529,,,,,,,5.559699,9.857426,12.166395,12.166395,2.6911,7.951551,2.382626,2.8947970000000005,4.9174986,6.848075357142858,2.6911,7.951551,0.00182,0.000655,0.0102,0.0102,0.0537,1.14e-05,,,,,,,0.0537,2.24e-05,0.000457,0.000457,0.0537,5.25e-06,0.00813,0.00011,0.0537,5.25e-06
20,yes,yes,1,+wh_gap,She said,what,the politician stated,,,,the reporter,put,,on the table.,0.0,3.620045,9.987566,9.987566,3.912814,9.536029333333332,,,,,,,7.239338,10.059887,11.53419,11.53419,,,3.477902,4.86769,4.86769,7.674398166666667,3.477902,4.86769,0.00182,0.000655,0.0024,0.0024,0.0537,1.14e-05,,,,,,,0.0537,2.24e-05,0.000457,0.000457,,,0.00813,0.00011,0.00813,0.00011
20,yes,no,1,+wh_no_gap,She said,what,the politician stated,,,,the reporter,put,the microphone,on the table.,0.0,3.620045,9.987566,9.987566,3.912814,9.536029333333332,,,,,,,7.239338,10.059887,11.53419,11.53419,3.86285,8.040261000000001,2.66698,3.367960333333334,5.236880600000001,7.405293642857144,3.86285,8.040261000000001,0.00182,0.000655,0.0024,0.0024,0.0537,1.14e-05,,,,,,,0.0537,2.24e-05,0.000457,0.000457,0.0537,5.25e-06,0.00813,0.00011,0.0537,5.25e-06
20,no,yes,2,-wh_gap,She said,that,the politician stated,his press secretary said,,,the reporter,put,,on the table.,0.0,3.620045,2.639638,2.639638,2.622591,9.841529,8.315928,8.142276,,,,,4.07716,7.364188500000001,12.016505,12.016505,,,4.033481,5.6944393333333325,5.6944393333333325,7.2376011875,4.033481,5.6944393333333325,0.00182,0.000655,0.0102,0.0102,0.0537,1.14e-05,0.00324,5.15e-05,,,,,0.0537,2.24e-05,0.000457,0.000457,,,0.00813,0.00011,0.00813,0.00011
20,no,no,2,-wh_no_gap,She said,that,the politician stated,his press secretary said,,,the reporter,put,the microphone,on the table.,0.0,3.620045,2.639638,2.639638,2.622591,9.841529,8.315928,8.142276,,,,,4.07716,7.364188500000001,12.016505,12.016505,2.619561,7.333437,2.382299,2.937348666666667,4.695784000000001,6.7887345,2.619561,7.333437,0.00182,0.000655,0.0102,0.0102,0.0537,1.14e-05,0.00324,5.15e-05,,,,,0.0537,2.24e-05,0.000457,0.000457,0.0537,5.25e-06,0.00813,0.00011,0.0537,5.25e-06
20,yes,yes,2,+wh_gap,She said,what,the politician stated,his press secretary said,,,the reporter,put,,on the table.,0.0,3.620045,9.987566,9.987566,3.912814,9.536029333333332,10.741544,8.4785845,,,,,5.410224,7.829584500000001,11.532081,11.532081,,,3.424746,5.082301666666667,5.082301666666667,7.6367648125,3.424746,5.082301666666667,0.00182,0.000655,0.0024,0.0024,0.0537,1.14e-05,0.00324,5.15e-05,,,,,0.0537,2.24e-05,0.000457,0.000457,,,0.00813,0.00011,0.00813,0.00011
20,yes,no,2,+wh_no_gap,She said,what,the politician stated,his press secretary said,,,the reporter,put,the microphone,on the table.,0.0,3.620045,9.987566,9.987566,3.912814,9.536029333333332,10.741544,8.4785845,,,,,5.410224,7.829584500000001,11.532081,11.532081,3.444271,7.575743500000001,2.357329,3.093694333333333,4.886514000000001,7.29855011111111,3.444271,7.575743500000001,0.00182,0.000655,0.0024,0.0024,0.0537,1.14e-05,0.00324,5.15e-05,,,,,0.0537,2.24e-05,0.000457,0.000457,0.0537,5.25e-06,0.00813,0.00011,0.0537,5.25e-06
20,no,yes,3,-wh_gap,She said,that,the politician stated,his press secretary said,the chief of staff thought,,the reporter,put,,on the table.,0.0,3.620045,2.639638,2.639638,2.622591,9.841529,8.315928,8.142276,4.07716,5.8018086,,,3.246111,7.0392185000000005,12.958364,12.958364,,,3.965894,5.791517333333334,5.791517333333334,6.923514999999999,3.965894,5.791517333333334,0.00182,0.000655,0.0102,0.0102,0.0537,1.14e-05,0.00324,5.15e-05,0.0537,5.35e-05,,,0.0537,2.24e-05,0.000457,0.000457,,,0.00813,0.00011,0.00813,0.00011
20,no,no,3,-wh_no_gap,She said,that,the politician stated,his press secretary said,the chief of staff thought,,the reporter,put,the microphone,on the table.,0.0,3.620045,2.639638,2.639638,2.622591,9.841529,8.315928,8.142276,4.07716,5.8018086,,,3.246111,7.0392185000000005,12.958364,12.958364,2.585637,7.0758685,2.554608,3.0612283333333337,4.6670844,6.580638478260869,2.585637,7.0758685,0.00182,0.000655,0.0102,0.0102,0.0537,1.14e-05,0.00324,5.15e-05,0.0537,5.35e-05,,,0.0537,2.24e-05,0.000457,0.000457,0.0537,5.25e-06,0.00813,0.00011,0.0537,5.25e-06
20,yes,yes,3,+wh_gap,She said,what,the politician stated,his press secretary said,the chief of staff thought,,the reporter,put,,on the table.,0.0,3.620045,9.987566,9.987566,3.912814,9.536029333333332,10.741544,8.4785845,5.410224,5.9285464,,,3.243975,6.9302615,12.604254,12.604254,,,3.977716,5.649500666666666,5.649500666666666,7.276480619047618,3.977716,5.649500666666666,0.00182,0.000655,0.0024,0.0024,0.0537,1.14e-05,0.00324,5.15e-05,0.0537,5.35e-05,,,0.0537,2.24e-05,0.000457,0.000457,,,0.00813,0.00011,0.00813,0.00011
20,yes,no,3,+wh_no_gap,She said,what,the politician stated,his press secretary said,the chief of staff thought,,the reporter,put,the microphone,on the table.,0.0,3.620045,9.987566,9.987566,3.912814,9.536029333333332,10.741544,8.4785845,5.410224,5.9285464,,,3.243975,6.9302615,12.604254,12.604254,2.680556,7.155184,2.49998,3.075715,4.707502600000001,6.930221913043479,2.680556,7.155184,0.00182,0.000655,0.0024,0.0024,0.0537,1.14e-05,0.00324,5.15e-05,0.0537,5.35e-05,,,0.0537,2.24e-05,0.000457,0.000457,0.0537,5.25e-06,0.00813,0.00011,0.0537,5.25e-06
20,no,yes,4,-wh_gap,She said,that,the politician stated,his press secretary said,the chief of staff thought,his assistant suspects,the reporter,put,,on the table.,0.0,3.620045,2.639638,2.639638,2.622591,9.841529,8.315928,8.142276,4.07716,5.8018086,6.828767,10.5713,4.277446,6.982250500000001,12.705343,12.705343,,,3.772213,5.597948666666667,5.597948666666667,7.340002166666667,3.772213,5.597948666666667,0.00182,0.000655,0.0102,0.0102,0.0537,1.14e-05,0.00324,5.15e-05,0.0537,5.35e-05,0.00324,7.45e-06,0.0537,2.24e-05,0.000457,0.000457,,,0.00813,0.00011,0.00813,0.00011
20,no,no,4,-wh_no_gap,She said,that,the politician stated,his press secretary said,the chief of staff thought,his assistant suspects,the reporter,put,the microphone,on the table.,0.0,3.620045,2.639638,2.639638,2.622591,9.841529,8.315928,8.142276,4.07716,5.8018086,6.828767,10.5713,4.277446,6.982250500000001,12.705343,12.705343,2.983274,7.279600999999999,2.72978,3.2678283333333327,4.8725374,7.066495884615386,2.983274,7.279600999999999,0.00182,0.000655,0.0102,0.0102,0.0537,1.14e-05,0.00324,5.15e-05,0.0537,5.35e-05,0.00324,7.45e-06,0.0537,2.24e-05,0.000457,0.000457,0.0537,5.25e-06,0.00813,0.00011,0.0537,5.25e-06
20,yes,yes,4,+wh_gap,She said,what,the politician stated,his press secretary said,the chief of staff thought,his assistant suspects,the reporter,put,,on the table.,0.0,3.620045,9.987566,9.987566,3.912814,9.536029333333332,10.741544,8.4785845,5.410224,5.9285464,7.099026,10.840225333333334,4.129694,6.880989,12.496376,12.496376,,,3.845502,5.603218333333333,5.603218333333333,7.707562458333332,3.845502,5.603218333333333,0.00182,0.000655,0.0024,0.0024,0.0537,1.14e-05,0.00324,5.15e-05,0.0537,5.35e-05,0.00324,7.45e-06,0.0537,2.24e-05,0.000457,0.000457,,,0.00813,0.00011,0.00813,0.00011
20,yes,no,4,+wh_no_gap,She said,what,the politician stated,his press secretary said,the chief of staff thought,his assistant suspects,the reporter,put,the microphone,on the table.,0.0,3.620045,9.987566,9.987566,3.912814,9.536029333333332,10.741544,8.4785845,5.410224,5.9285464,7.099026,10.840225333333334,4.129694,6.880989,12.496376,12.496376,2.981718,7.295239,2.682605,3.244241,4.8646402,7.403655576923077,2.981718,7.295239,0.00182,0.000655,0.0024,0.0024,0.0537,1.14e-05,0.00324,5.15e-05,0.0537,5.35e-05,0.00324,7.45e-06,0.0537,2.24e-05,0.000457,0.000457,0.0537,5.25e-06,0.00813,0.00011,0.0537,5.25e-06
21,no,yes,0,-wh_gap,We all know,that,,,,,the teacher,gave,,to her students.,0.0,3.9587136666666662,2.504345,2.504345,,,,,,,,,2.179744,7.803084999999999,11.029298,11.029298,,,6.167794,6.484459666666666,6.484459666666666,6.046933300000001,6.167794,6.484459666666666,0.00347,0.000722,0.0102,0.0102,,,,,,,,,0.0537,7.58e-05,0.000178,0.000178,,,0.0269,0.000162,0.0269,0.000162
21,no,no,0,-wh_no_gap,We all know,that,,,,,the teacher,gave,a test,to her students.,0.0,3.9587136666666662,2.504345,2.504345,,,,,,,,,2.179744,7.803084999999999,11.029298,11.029298,3.574785,6.0981465,2.886785,5.558493666666666,5.7743548,5.823977333333333,3.574785,6.0981465,0.00347,0.000722,0.0102,0.0102,,,,,,,,,0.0537,7.58e-05,0.000178,0.000178,0.0229,0.000154,0.0269,0.000162,0.0229,0.000154
21,yes,yes,0,+wh_gap,We all know,what,,,,,the teacher,gave,,to her students.,0.0,3.9587136666666662,3.66996,3.66996,,,,,,,,,3.474849,8.265345,10.715144,10.715144,,,2.502888,5.869223666666667,5.869223666666667,6.039960600000001,2.502888,5.869223666666667,0.00347,0.000722,0.0024,0.0024,,,,,,,,,0.0537,7.58e-05,0.000178,0.000178,,,0.0269,0.000162,0.0269,0.000162
21,yes,no,0,+wh_no_gap,We all know,what,,,,,the teacher,gave,a test,to her students.,0.0,3.9587136666666662,3.66996,3.66996,,,,,,,,,3.474849,8.265345,10.715144,10.715144,6.398154,7.722471,3.610565,6.411095666666667,6.9356458000000005,6.455847,6.398154,7.722471,0.00347,0.000722,0.0024,0.0024,,,,,,,,,0.0537,7.58e-05,0.000178,0.000178,0.0229,0.000154,0.0269,0.000162,0.0229,0.000154
21,no,yes,1,-wh_gap,We all know,that,the old man thinks,,,,the teacher,gave,,to her students.,0.0,3.9587136666666662,2.504345,2.504345,2.179744,6.147286749999999,,,,,,,3.532964,7.7100375,12.017707,12.017707,,,5.866667,6.606454333333335,6.606454333333335,6.15905557142857,5.866667,6.606454333333335,0.00347,0.000722,0.0102,0.0102,0.0537,5.02e-05,,,,,,,0.0537,7.58e-05,0.000178,0.000178,,,0.0269,0.000162,0.0269,0.000162
21,no,no,1,-wh_no_gap,We all know,that,the old man thinks,,,,the teacher,gave,a test,to her students.,0.0,3.9587136666666662,2.504345,2.504345,2.179744,6.147286749999999,,,,,,,3.532964,7.7100375,12.017707,12.017707,4.009125,6.510970500000001,2.72332,5.497131666666667,5.902667200000001,5.9950469375,4.009125,6.510970500000001,0.00347,0.000722,0.0102,0.0102,0.0537,5.02e-05,,,,,,,0.0537,7.58e-05,0.000178,0.000178,0.0229,0.000154,0.0269,0.000162,0.0229,0.000154
21,yes,yes,1,+wh_gap,We all know,what,the old man thinks,,,,the teacher,gave,,to her students.,0.0,3.9587136666666662,3.66996,3.66996,3.474849,5.283700250000001,,,,,,,6.15531,9.1103275,10.913483,10.913483,,,2.241447,5.759374666666666,5.759374666666666,5.935226,2.241447,5.759374666666666,0.00347,0.000722,0.0024,0.0024,0.0537,5.02e-05,,,,,,,0.0537,7.58e-05,0.000178,0.000178,,,0.0269,0.000162,0.0269,0.000162
21,yes,no,1,+wh_no_gap,We all know,what,the old man thinks,,,,the teacher,gave,a test,to her students.,0.0,3.9587136666666662,3.66996,3.66996,3.474849,5.283700250000001,,,,,,,6.15531,9.1103275,10.913483,10.913483,6.847987,7.794375,3.501419,6.101547333333333,6.778678400000001,6.231777,6.847987,7.794375,0.00347,0.000722,0.0024,0.0024,0.0537,5.02e-05,,,,,,,0.0537,7.58e-05,0.000178,0.000178,0.0229,0.000154,0.0269,0.000162,0.0229,0.000154
21,no,yes,2,-wh_gap,We all know,that,the old man thinks,the woman knows,,,the teacher,gave,,to her students.,0.0,3.9587136666666662,2.504345,2.504345,2.179744,6.147286749999999,3.532964,6.517817000000001,,,,,3.536188,8.8881905,12.766898,12.766898,,,6.477637,6.117268666666667,6.117268666666667,6.318715823529412,6.477637,6.117268666666667,0.00347,0.000722,0.0102,0.0102,0.0537,5.02e-05,0.0537,7.69e-05,,,,,0.0537,7.58e-05,0.000178,0.000178,,,0.0269,0.000162,0.0269,0.000162
21,no,no,2,-wh_no_gap,We all know,that,the old man thinks,the woman knows,,,the teacher,gave,a test,to her students.,0.0,3.9587136666666662,2.504345,2.504345,2.179744,6.147286749999999,3.532964,6.517817000000001,,,,,3.536188,8.8881905,12.766898,12.766898,5.03663,7.1337475,2.882333,4.730804,5.6919814,6.185593157894736,5.03663,7.1337475,0.00347,0.000722,0.0102,0.0102,0.0537,5.02e-05,0.0537,7.69e-05,,,,,0.0537,7.58e-05,0.000178,0.000178,0.0229,0.000154,0.0269,0.000162,0.0229,0.000154
21,yes,yes,2,+wh_gap,We all know,what,the old man thinks,the woman knows,,,the teacher,gave,,to her students.,0.0,3.9587136666666662,3.66996,3.66996,3.474849,5.283700250000001,6.15531,7.347981333333333,,,,,6.539451,9.911897,10.62973,10.62973,,,2.137957,4.950346333333333,4.950346333333333,6.119376999999999,2.137957,4.950346333333333,0.00347,0.000722,0.0024,0.0024,0.0537,5.02e-05,0.0537,7.69e-05,,,,,0.0537,7.58e-05,0.000178,0.000178,,,0.0269,0.000162,0.0269,0.000162
21,yes,no,2,+wh_no_gap,We all know,what,the old man thinks,the woman knows,,,the teacher,gave,a test,to her students.,0.0,3.9587136666666662,3.66996,3.66996,3.474849,5.283700250000001,6.15531,7.347981333333333,,,,,6.539451,9.911897,10.62973,10.62973,7.675118,8.4466365,3.742806,5.782996999999999,6.848452800000001,6.495822842105262,7.675118,8.4466365,0.00347,0.000722,0.0024,0.0024,0.0537,5.02e-05,0.0537,7.69e-05,,,,,0.0537,7.58e-05,0.000178,0.000178,0.0229,0.000154,0.0269,0.000162,0.0229,0.000154
21,no,yes,3,-wh_gap,We all know,that,the old man thinks,the woman knows,the young boy said,,the teacher,gave,,to her students.,0.0,3.9587136666666662,2.504345,2.504345,2.179744,6.147286749999999,3.532964,6.517817000000001,3.536188,8.51603975,,,4.56728,7.926807,10.814768,10.814768,,,7.266158,6.740785,6.740785,6.641808571428571,7.266158,6.740785,0.00347,0.000722,0.0102,0.0102,0.0537,5.02e-05,0.0537,7.69e-05,0.0537,8.72e-05,,,0.0537,7.58e-05,0.000178,0.000178,,,0.0269,0.000162,0.0269,0.000162
21,no,no,3,-wh_no_gap,We all know,that,the old man thinks,the woman knows,the young boy said,,the teacher,gave,a test,to her students.,0.0,3.9587136666666662,2.504345,2.504345,2.179744,6.147286749999999,3.532964,6.517817000000001,3.536188,8.51603975,,,4.56728,7.926807,10.814768,10.814768,4.916407,7.205918,2.528458,4.807239666666667,5.766711000000001,6.43866,4.916407,7.205918,0.00347,0.000722,0.0102,0.0102,0.0537,5.02e-05,0.0537,7.69e-05,0.0537,8.72e-05,,,0.0537,7.58e-05,0.000178,0.000178,0.0229,0.000154,0.0269,0.000162,0.0229,0.000154
21,yes,yes,3,+wh_gap,We all know,what,the old man thinks,the woman knows,the young boy said,,the teacher,gave,,to her students.,0.0,3.9587136666666662,3.66996,3.66996,3.474849,5.283700250000001,6.15531,7.347981333333333,6.539451,8.792367,,,6.406213,8.605428,8.59511,8.59511,,,2.886281,5.545349333333333,5.545349333333333,6.492206095238096,2.886281,5.545349333333333,0.00347,0.000722,0.0024,0.0024,0.0537,5.02e-05,0.0537,7.69e-05,0.0537,8.72e-05,,,0.0537,7.58e-05,0.000178,0.000178,,,0.0269,0.000162,0.0269,0.000162
21,yes,no,3,+wh_no_gap,We all know,what,the old man thinks,the woman knows,the young boy said,,the teacher,gave,a test,to her students.,0.0,3.9587136666666662,3.66996,3.66996,3.474849,5.283700250000001,6.15531,7.347981333333333,6.539451,8.792367,,,6.406213,8.605428,8.59511,8.59511,6.245389,8.1010585,3.163925,5.228993,6.3778192,6.590842434782609,6.245389,8.1010585,0.00347,0.000722,0.0024,0.0024,0.0537,5.02e-05,0.0537,7.69e-05,0.0537,8.72e-05,,,0.0537,7.58e-05,0.000178,0.000178,0.0229,0.000154,0.0269,0.000162,0.0229,0.000154
21,no,yes,4,-wh_gap,We all know,that,the old man thinks,the woman knows,the young boy said,his friend saw,the teacher,gave,,to her students.,0.0,3.9587136666666662,2.504345,2.504345,2.179744,6.147286749999999,3.532964,6.517817000000001,3.536188,8.51603975,7.054651,8.657967000000001,2.929096,7.740842,12.913977,12.913977,,,6.895187,6.689667333333333,6.689667333333333,6.959408624999999,6.895187,6.689667333333333,0.00347,0.000722,0.0102,0.0102,0.0537,5.02e-05,0.0537,7.69e-05,0.0537,8.72e-05,0.00324,0.000109,0.0537,7.58e-05,0.000178,0.000178,,,0.0269,0.000162,0.0269,0.000162
21,no,no,4,-wh_no_gap,We all know,that,the old man thinks,the woman knows,the young boy said,his friend saw,the teacher,gave,a test,to her students.,0.0,3.9587136666666662,2.504345,2.504345,2.179744,6.147286749999999,3.532964,6.517817000000001,3.536188,8.51603975,7.054651,8.657967000000001,2.929096,7.740842,12.913977,12.913977,4.321485,6.722906,2.846048,5.167296333333334,5.7895402,6.7655579230769245,4.321485,6.722906,0.00347,0.000722,0.0102,0.0102,0.0537,5.02e-05,0.0537,7.69e-05,0.0537,8.72e-05,0.00324,0.000109,0.0537,7.58e-05,0.000178,0.000178,0.0229,0.000154,0.0269,0.000162,0.0229,0.000154
21,yes,yes,4,+wh_gap,We all know,what,the old man thinks,the woman knows,the young boy said,his friend saw,the teacher,gave,,to her students.,0.0,3.9587136666666662,3.66996,3.66996,3.474849,5.283700250000001,6.15531,7.347981333333333,6.539451,8.792367,9.309954,8.643366333333333,6.863269,9.7467285,10.179424,10.179424,,,2.179224,5.450825666666667,5.450825666666667,6.910407125,2.179224,5.450825666666667,0.00347,0.000722,0.0024,0.0024,0.0537,5.02e-05,0.0537,7.69e-05,0.0537,8.72e-05,0.00324,0.000109,0.0537,7.58e-05,0.000178,0.000178,,,0.0269,0.000162,0.0269,0.000162
21,yes,no,4,+wh_no_gap,We all know,what,the old man thinks,the woman knows,the young boy said,his friend saw,the teacher,gave,a test,to her students.,0.0,3.9587136666666662,3.66996,3.66996,3.474849,5.283700250000001,6.15531,7.347981333333333,6.539451,8.792367,9.309954,8.643366333333333,6.863269,9.7467285,10.179424,10.179424,6.96847,8.1664905,3.653782,5.810031333333334,6.7526150000000005,7.048475730769231,6.96847,8.1664905,0.00347,0.000722,0.0024,0.0024,0.0537,5.02e-05,0.0537,7.69e-05,0.0537,8.72e-05,0.00324,0.000109,0.0537,7.58e-05,0.000178,0.000178,0.0229,0.000154,0.0269,0.000162,0.0229,0.000154
22,no,yes,0,-wh_gap,I know,that,,,,,the priest,congratulated,,after the service.,0.0,3.139138,2.352433,2.352433,,,,,,,,,2.35511,7.7215235,17.233746,17.233746,,,13.571597,7.944780333333334,7.944780333333334,7.237982555555555,13.571597,7.944780333333334,0.0123,0.00114,0.0102,0.0102,,,,,,,,,0.0537,2.14e-05,1.62e-06,1.62e-06,,,0.00129,0.000248,0.00129,0.000248
22,no,no,0,-wh_no_gap,I know,that,,,,,the priest,congratulated,the couple,after the service.,0.0,3.139138,2.352433,2.352433,,,,,,,,,2.35511,7.7215235,17.233746,17.233746,2.561088,7.375726,7.703251,6.727327,6.9866866000000005,6.93099409090909,2.561088,7.375726,0.0123,0.00114,0.0102,0.0102,,,,,,,,,0.0537,2.14e-05,1.62e-06,1.62e-06,0.0537,0.000154,0.00129,0.000248,0.0537,0.000154
22,yes,yes,0,+wh_gap,I know,who,,,,,the priest,congratulated,,after the service.,0.0,3.139138,6.580016,6.580016,,,,,,,,,5.056487,8.659373,16.873154,16.873154,,,10.052864,6.953458333333334,6.953458333333334,7.545618555555554,10.052864,6.953458333333334,0.0123,0.00114,0.00219,0.00219,,,,,,,,,0.0537,2.14e-05,1.62e-06,1.62e-06,,,0.00129,0.000248,0.00129,0.000248
22,yes,no,0,+wh_no_gap,I know,who,,,,,the priest,congratulated,the couple,after the service.,0.0,3.139138,6.580016,6.580016,,,,,,,,,5.056487,8.659373,16.873154,16.873154,3.409487,7.640818,7.531254,6.614273999999999,7.024891600000001,7.470422727272727,3.409487,7.640818,0.0123,0.00114,0.00219,0.00219,,,,,,,,,0.0537,2.14e-05,1.62e-06,1.62e-06,0.0537,0.000154,0.00129,0.000248,0.0537,0.000154
22,no,yes,1,-wh_gap,I know,that,the man thinks,,,,the priest,congratulated,,after the service.,0.0,3.139138,2.352433,2.352433,2.35511,6.911490666666666,,,,,,,3.783918,7.7670825,19.095245,19.095245,,,14.039472,8.357771999999999,8.357771999999999,7.422325583333333,14.039472,8.357771999999999,0.0123,0.00114,0.0102,0.0102,0.0537,5.52e-05,,,,,,,0.0537,2.14e-05,1.62e-06,1.62e-06,,,0.00129,0.000248,0.00129,0.000248
22,no,no,1,-wh_no_gap,I know,that,the man thinks,,,,the priest,congratulated,the couple,after the service.,0.0,3.139138,2.352433,2.352433,2.35511,6.911490666666666,,,,,,,3.783918,7.7670825,19.095245,19.095245,3.132913,6.944448,7.611813,6.935553,6.939111,7.049296142857143,3.132913,6.944448,0.0123,0.00114,0.0102,0.0102,0.0537,5.52e-05,,,,,,,0.0537,2.14e-05,1.62e-06,1.62e-06,0.0537,0.000154,0.00129,0.000248,0.0537,0.000154
22,yes,yes,1,+wh_gap,I know,who,the man thinks,,,,the priest,congratulated,,after the service.,0.0,3.139138,6.580016,6.580016,5.056487,6.993296,,,,,,,5.20266,8.535619,19.054014,19.054014,,,9.46113,7.022342666666667,7.022342666666667,7.585871666666667,9.46113,7.022342666666667,0.0123,0.00114,0.00219,0.00219,0.0537,5.52e-05,,,,,,,0.0537,2.14e-05,1.62e-06,1.62e-06,,,0.00129,0.000248,0.00129,0.000248
22,yes,no,1,+wh_no_gap,I know,who,the man thinks,,,,the priest,congratulated,the couple,after the service.,0.0,3.139138,6.580016,6.580016,5.056487,6.993296,,,,,,,5.20266,8.535619,19.054014,19.054014,4.671721,7.963622,7.989334,7.02965,7.4032388,7.641401857142857,4.671721,7.963622,0.0123,0.00114,0.00219,0.00219,0.0537,5.52e-05,,,,,,,0.0537,2.14e-05,1.62e-06,1.62e-06,0.0537,0.000154,0.00129,0.000248,0.0537,0.000154
22,no,yes,2,-wh_gap,I know,that,the man thinks,the woman said,,,the priest,congratulated,,after the service.,0.0,3.139138,2.352433,2.352433,2.35511,6.911490666666666,3.783918,7.592220999999999,,,,,4.66707,8.08739,18.663448,18.663448,,,14.455945,8.946094333333333,8.946094333333333,7.587890333333334,14.455945,8.946094333333333,0.0123,0.00114,0.0102,0.0102,0.0537,5.52e-05,0.0537,0.000183,,,,,0.0537,2.14e-05,1.62e-06,1.62e-06,,,0.00129,0.000248,0.00129,0.000248
22,no,no,2,-wh_no_gap,I know,that,the man thinks,the woman said,,,the priest,congratulated,the couple,after the service.,0.0,3.139138,2.352433,2.352433,2.35511,6.911490666666666,3.783918,7.592220999999999,,,,,4.66707,8.08739,18.663448,18.663448,3.798264,6.618822499999999,7.815741,7.374548,7.0722578,7.196550647058823,3.798264,6.618822499999999,0.0123,0.00114,0.0102,0.0102,0.0537,5.52e-05,0.0537,0.000183,,,,,0.0537,2.14e-05,1.62e-06,1.62e-06,0.0537,0.000154,0.00129,0.000248,0.0537,0.000154
22,yes,yes,2,+wh_gap,I know,who,the man thinks,the woman said,,,the priest,congratulated,,after the service.,0.0,3.139138,6.580016,6.580016,5.056487,6.993296,5.20266,7.317149666666666,,,,,6.019263,8.924153,18.111738,18.111738,,,9.646743,7.359783,7.359783,7.588601466666668,9.646743,7.359783,0.0123,0.00114,0.00219,0.00219,0.0537,5.52e-05,0.0537,0.000183,,,,,0.0537,2.14e-05,1.62e-06,1.62e-06,,,0.00129,0.000248,0.00129,0.000248
22,yes,no,2,+wh_no_gap,I know,who,the man thinks,the woman said,,,the priest,congratulated,the couple,after the service.,0.0,3.139138,6.580016,6.580016,5.056487,6.993296,5.20266,7.317149666666666,,,,,6.019263,8.924153,18.111738,18.111738,4.210318,6.814714,8.109828,7.340789666666667,7.130359400000001,7.494204117647059,4.210318,6.814714,0.0123,0.00114,0.00219,0.00219,0.0537,5.52e-05,0.0537,0.000183,,,,,0.0537,2.14e-05,1.62e-06,1.62e-06,0.0537,0.000154,0.00129,0.000248,0.0537,0.000154
22,no,yes,3,-wh_gap,I know,that,the man thinks,the woman said,she believed,,the priest,congratulated,,after the service.,0.0,3.139138,2.352433,2.352433,2.35511,6.911490666666666,3.783918,7.592220999999999,3.032726,6.572013,,,3.094792,7.59649,19.753109,19.753109,,,14.281823,8.995999666666668,8.995999666666668,7.483526941176469,14.281823,8.995999666666668,0.0123,0.00114,0.0102,0.0102,0.0537,5.52e-05,0.0537,0.000183,0.00182,5.45e-05,,,0.0537,2.14e-05,1.62e-06,1.62e-06,,,0.00129,0.000248,0.00129,0.000248
22,no,no,3,-wh_no_gap,I know,that,the man thinks,the woman said,she believed,,the priest,congratulated,the couple,after the service.,0.0,3.139138,2.352433,2.352433,2.35511,6.911490666666666,3.783918,7.592220999999999,3.032726,6.572013,,,3.094792,7.59649,19.753109,19.753109,3.55287,6.379126,8.005465,7.546836666666667,7.079752399999999,7.138459,3.55287,6.379126,0.0123,0.00114,0.0102,0.0102,0.0537,5.52e-05,0.0537,0.000183,0.00182,5.45e-05,,,0.0537,2.14e-05,1.62e-06,1.62e-06,0.0537,0.000154,0.00129,0.000248,0.0537,0.000154
22,yes,yes,3,+wh_gap,I know,who,the man thinks,the woman said,she believed,,the priest,congratulated,,after the service.,0.0,3.139138,6.580016,6.580016,5.056487,6.993296,5.20266,7.317149666666666,5.271996,7.524287999999999,,,5.661843,8.857277,18.61693,18.61693,,,9.436912,7.520317333333334,7.520317333333334,7.631214176470587,9.436912,7.520317333333334,0.0123,0.00114,0.00219,0.00219,0.0537,5.52e-05,0.0537,0.000183,0.00182,5.45e-05,,,0.0537,2.14e-05,1.62e-06,1.62e-06,,,0.00129,0.000248,0.00129,0.000248
22,yes,no,3,+wh_no_gap,I know,who,the man thinks,the woman said,she believed,,the priest,congratulated,the couple,after the service.,0.0,3.139138,6.580016,6.580016,5.056487,6.993296,5.20266,7.317149666666666,5.271996,7.524287999999999,,,5.661843,8.857277,18.61693,18.61693,4.769432,6.99421,8.042528,7.481653333333334,7.286676,7.558056263157893,4.769432,6.99421,0.0123,0.00114,0.00219,0.00219,0.0537,5.52e-05,0.0537,0.000183,0.00182,5.45e-05,,,0.0537,2.14e-05,1.62e-06,1.62e-06,0.0537,0.000154,0.00129,0.000248,0.0537,0.000154
22,no,yes,4,-wh_gap,I know,that,the man thinks,the woman said,she believed,she noticed,the priest,congratulated,,after the service.,0.0,3.139138,2.352433,2.352433,2.35511,6.911490666666666,3.783918,7.592220999999999,3.032726,6.572013,2.863008,9.190112,2.377151,8.156003,20.825888,20.825888,,,13.492427,8.933725666666666,8.933725666666666,7.768692894736842,13.492427,8.933725666666666,0.0123,0.00114,0.0102,0.0102,0.0537,5.52e-05,0.0537,0.000183,0.00182,5.45e-05,0.00182,4.17e-05,0.0537,2.14e-05,1.62e-06,1.62e-06,,,0.00129,0.000248,0.00129,0.000248
22,no,no,4,-wh_no_gap,I know,that,the man thinks,the woman said,she believed,she noticed,the priest,congratulated,the couple,after the service.,0.0,3.139138,2.352433,2.352433,2.35511,6.911490666666666,3.783918,7.592220999999999,3.032726,6.572013,2.863008,9.190112,2.377151,8.156003,20.825888,20.825888,3.889795,6.5374645,8.486005,7.862613333333333,7.332553799999999,7.498417,3.889795,6.5374645,0.0123,0.00114,0.0102,0.0102,0.0537,5.52e-05,0.0537,0.000183,0.00182,5.45e-05,0.00182,4.17e-05,0.0537,2.14e-05,1.62e-06,1.62e-06,0.0537,0.000154,0.00129,0.000248,0.0537,0.000154
22,yes,yes,4,+wh_gap,I know,who,the man thinks,the woman said,she believed,she noticed,the priest,congratulated,,after the service.,0.0,3.139138,6.580016,6.580016,5.056487,6.993296,5.20266,7.317149666666666,5.271996,7.524287999999999,5.080431,9.727446,5.905261,9.5946885,18.40126,18.40126,,,10.402563,8.008029666666667,8.008029666666667,7.995148578947368,10.402563,8.008029666666667,0.0123,0.00114,0.00219,0.00219,0.0537,5.52e-05,0.0537,0.000183,0.00182,5.45e-05,0.00182,4.17e-05,0.0537,2.14e-05,1.62e-06,1.62e-06,,,0.00129,0.000248,0.00129,0.000248
22,yes,no,4,+wh_no_gap,I know,who,the man thinks,the woman said,she believed,she noticed,the priest,congratulated,the couple,after the service.,0.0,3.139138,6.580016,6.580016,5.056487,6.993296,5.20266,7.317149666666666,5.271996,7.524287999999999,5.080431,9.727446,5.905261,9.5946885,18.40126,18.40126,4.638534,6.633492,8.197452,7.534136333333333,7.1738786,7.797767952380951,4.638534,6.633492,0.0123,0.00114,0.00219,0.00219,0.0537,5.52e-05,0.0537,0.000183,0.00182,5.45e-05,0.00182,4.17e-05,0.0537,2.14e-05,1.62e-06,1.62e-06,0.0537,0.000154,0.00129,0.000248,0.0537,0.000154
23,no,yes,0,-wh_gap,You know,that,,,,,the young woman,introduced,,to her mother.,0.0,3.112767,3.970907,3.970907,,,,,,,,,2.063794,5.305469,13.010439,13.010439,,,4.734917,3.854348666666666,3.854348666666666,5.0686333,4.734917,3.854348666666666,0.00955,0.00111,0.0102,0.0102,,,,,,,,,0.0537,0.000122,5.25e-05,5.25e-05,,,0.0269,0.000159,0.0269,0.000159
23,no,no,0,-wh_no_gap,You know,that,,,,,the young woman,introduced,her friend,to her mother.,0.0,3.112767,3.970907,3.970907,,,,,,,,,2.063794,5.305469,13.010439,13.010439,2.624811,7.288620499999999,2.652849,3.1007856666666664,4.7759196,5.250240416666666,2.624811,7.288620499999999,0.00955,0.00111,0.0102,0.0102,,,,,,,,,0.0537,0.000122,5.25e-05,5.25e-05,0.002,0.00021,0.0269,0.000159,0.002,0.00021
23,yes,yes,0,+wh_gap,You know,who,,,,,the young woman,introduced,,to her mother.,0.0,3.112767,7.834128,7.834128,,,,,,,,,4.899722,6.5543206666666665,13.582562,13.582562,,,2.625596,3.0727756666666663,3.0727756666666663,5.652351299999999,2.625596,3.0727756666666663,0.00955,0.00111,0.00219,0.00219,,,,,,,,,0.0537,0.000122,5.25e-05,5.25e-05,,,0.0269,0.000159,0.0269,0.000159
23,yes,no,0,+wh_no_gap,You know,who,,,,,the young woman,introduced,her friend,to her mother.,0.0,3.112767,7.834128,7.834128,,,,,,,,,4.899722,6.5543206666666665,13.582562,13.582562,5.940876,8.198879,2.542513,3.252536,5.2310732,6.121712666666667,5.940876,8.198879,0.00955,0.00111,0.00219,0.00219,,,,,,,,,0.0537,0.000122,5.25e-05,5.25e-05,0.002,0.00021,0.0269,0.000159,0.002,0.00021
23,no,yes,1,-wh_gap,You know,that,we all believe,,,,the young woman,introduced,,to her mother.,0.0,3.112767,3.970907,3.970907,6.976933,7.240740666666666,,,,,,,3.423167,6.075599333333333,15.072932,15.072932,,,3.566872,4.047076,4.047076,5.950740076923077,3.566872,4.047076,0.00955,0.00111,0.0102,0.0102,0.00347,0.000272,,,,,,,0.0537,0.000122,5.25e-05,5.25e-05,,,0.0269,0.000159,0.0269,0.000159
23,no,no,1,-wh_no_gap,You know,that,we all believe,,,,the young woman,introduced,her friend,to her mother.,0.0,3.112767,3.970907,3.970907,6.976933,7.240740666666666,,,,,,,3.423167,6.075599333333333,15.072932,15.072932,3.768108,8.354563500000001,2.480216,3.331167333333333,5.3405258,6.128068133333333,3.768108,8.354563500000001,0.00955,0.00111,0.0102,0.0102,0.00347,0.000272,,,,,,,0.0537,0.000122,5.25e-05,5.25e-05,0.002,0.00021,0.0269,0.000159,0.002,0.00021
23,yes,yes,1,+wh_gap,You know,who,we all believe,,,,the young woman,introduced,,to her mother.,0.0,3.112767,7.834128,7.834128,7.422175,7.264469000000001,,,,,,,7.332662,7.466409,14.583961,14.583961,,,4.200721,4.164224,4.164224,6.5637637692307695,4.200721,4.164224,0.00955,0.00111,0.00219,0.00219,0.00347,0.000272,,,,,,,0.0537,0.000122,5.25e-05,5.25e-05,,,0.0269,0.000159,0.0269,0.000159
23,yes,no,1,+wh_no_gap,You know,who,we all believe,,,,the young woman,introduced,her friend,to her mother.,0.0,3.112767,7.834128,7.834128,7.422175,7.264469000000001,,,,,,,7.332662,7.466409,14.583961,14.583961,3.316894,7.857716,2.57558,3.3620506666666663,5.1603168,6.5758560666666686,3.316894,7.857716,0.00955,0.00111,0.00219,0.00219,0.00347,0.000272,,,,,,,0.0537,0.000122,5.25e-05,5.25e-05,0.002,0.00021,0.0269,0.000159,0.002,0.00021
23,no,yes,2,-wh_gap,You know,that,we all believe,she thought,,,the young woman,introduced,,to her mother.,0.0,3.112767,3.970907,3.970907,6.976933,7.240740666666666,9.15129,10.048231,,,,,3.118791,4.943489666666666,14.513013,14.513013,,,3.815793,3.815500333333334,3.815500333333334,6.1870072,3.815793,3.815500333333334,0.00955,0.00111,0.0102,0.0102,0.00347,0.000272,0.00182,0.000321,,,,,0.0537,0.000122,5.25e-05,5.25e-05,,,0.0269,0.000159,0.0269,0.000159
23,no,no,2,-wh_no_gap,You know,that,we all believe,she thought,,,the young woman,introduced,her friend,to her mother.,0.0,3.112767,3.970907,3.970907,6.976933,7.240740666666666,9.15129,10.048231,,,,,3.118791,4.943489666666666,14.513013,14.513013,3.120873,7.9285165,2.666213,3.409368,5.217027400000001,6.3202202352941175,3.120873,7.9285165,0.00955,0.00111,0.0102,0.0102,0.00347,0.000272,0.00182,0.000321,,,,,0.0537,0.000122,5.25e-05,5.25e-05,0.002,0.00021,0.0269,0.000159,0.002,0.00021
23,yes,yes,2,+wh_gap,You know,who,we all believe,she thought,,,the young woman,introduced,,to her mother.,0.0,3.112767,7.834128,7.834128,7.422175,7.264469000000001,11.845207,11.3768675,,,,,4.498666,5.616418,13.96599,13.96599,,,5.157653,4.398062333333333,4.398062333333333,6.8410823333333335,5.157653,4.398062333333333,0.00955,0.00111,0.00219,0.00219,0.00347,0.000272,0.00182,0.000321,,,,,0.0537,0.000122,5.25e-05,5.25e-05,,,0.0269,0.000159,0.0269,0.000159
23,yes,no,2,+wh_no_gap,You know,who,we all believe,she thought,,,the young woman,introduced,her friend,to her mother.,0.0,3.112767,7.834128,7.834128,7.422175,7.264469000000001,11.845207,11.3768675,,,,,4.498666,5.616418,13.96599,13.96599,2.937818,7.479173,2.714927,3.446829333333333,5.0597668,6.748287176470589,2.937818,7.479173,0.00955,0.00111,0.00219,0.00219,0.00347,0.000272,0.00182,0.000321,,,,,0.0537,0.000122,5.25e-05,5.25e-05,0.002,0.00021,0.0269,0.000159,0.002,0.00021
23,no,yes,3,-wh_gap,You know,that,we all believe,she thought,he said,,the young woman,introduced,,to her mother.,0.0,3.112767,3.970907,3.970907,6.976933,7.240740666666666,9.15129,10.048231,5.430739,7.821395499999999,,,3.911805,5.936953666666667,13.402144,13.402144,,,4.971478,4.173965,4.173965,6.552518588235294,4.971478,4.173965,0.00955,0.00111,0.0102,0.0102,0.00347,0.000272,0.00182,0.000321,0.0049,0.000846,,,0.0537,0.000122,5.25e-05,5.25e-05,,,0.0269,0.000159,0.0269,0.000159
23,no,no,3,-wh_no_gap,You know,that,we all believe,she thought,he said,,the young woman,introduced,her friend,to her mother.,0.0,3.112767,3.970907,3.970907,6.976933,7.240740666666666,9.15129,10.048231,5.430739,7.821395499999999,,,3.911805,5.936953666666667,13.402144,13.402144,2.484138,7.732614,2.59628,3.335435333333333,5.0943068,6.544339736842106,2.484138,7.732614,0.00955,0.00111,0.0102,0.0102,0.00347,0.000272,0.00182,0.000321,0.0049,0.000846,,,0.0537,0.000122,5.25e-05,5.25e-05,0.002,0.00021,0.0269,0.000159,0.002,0.00021
23,yes,yes,3,+wh_gap,You know,who,we all believe,she thought,he said,,the young woman,introduced,,to her mother.,0.0,3.112767,7.834128,7.834128,7.422175,7.264469000000001,11.845207,11.3768675,7.087846,8.1955065,,,4.624491,6.179468,13.089071,13.089071,,,5.117555,4.276977,4.276977,7.026836647058824,5.117555,4.276977,0.00955,0.00111,0.00219,0.00219,0.00347,0.000272,0.00182,0.000321,0.0049,0.000846,,,0.0537,0.000122,5.25e-05,5.25e-05,,,0.0269,0.000159,0.0269,0.000159
23,yes,no,3,+wh_no_gap,You know,who,we all believe,she thought,he said,,the young woman,introduced,her friend,to her mother.,0.0,3.112767,7.834128,7.834128,7.422175,7.264469000000001,11.845207,11.3768675,7.087846,8.1955065,,,4.624491,6.179468,13.089071,13.089071,2.578512,7.4875895,2.640527,3.3516466666666678,5.0060238,6.929232157894738,2.578512,7.4875895,0.00955,0.00111,0.00219,0.00219,0.00347,0.000272,0.00182,0.000321,0.0049,0.000846,,,0.0537,0.000122,5.25e-05,5.25e-05,0.002,0.00021,0.0269,0.000159,0.002,0.00021
23,no,yes,4,-wh_gap,You know,that,we all believe,she thought,he said,he noticed,the young woman,introduced,,to her mother.,0.0,3.112767,3.970907,3.970907,6.976933,7.240740666666666,9.15129,10.048231,5.430739,7.821395499999999,4.952215,9.1787695,2.28604,5.665823333333333,15.1498,15.1498,,,2.337714,3.4934746666666663,3.4934746666666663,6.770692052631579,2.337714,3.4934746666666663,0.00955,0.00111,0.0102,0.0102,0.00347,0.000272,0.00182,0.000321,0.0049,0.000846,0.0049,4.23e-05,0.0537,0.000122,5.25e-05,5.25e-05,,,0.0269,0.000159,0.0269,0.000159
23,no,no,4,-wh_no_gap,You know,that,we all believe,she thought,he said,he noticed,the young woman,introduced,her friend,to her mother.,0.0,3.112767,3.970907,3.970907,6.976933,7.240740666666666,9.15129,10.048231,5.430739,7.821395499999999,4.952215,9.1787695,2.28604,5.665823333333333,15.1498,15.1498,5.420342,8.296994999999999,3.055347,3.4312023333333337,5.3775194,6.90715819047619,5.420342,8.296994999999999,0.00955,0.00111,0.0102,0.0102,0.00347,0.000272,0.00182,0.000321,0.0049,0.000846,0.0049,4.23e-05,0.0537,0.000122,5.25e-05,5.25e-05,0.002,0.00021,0.0269,0.000159,0.002,0.00021
23,yes,yes,4,+wh_gap,You know,who,we all believe,she thought,he said,he noticed,the young woman,introduced,,to her mother.,0.0,3.112767,7.834128,7.834128,7.422175,7.264469000000001,11.845207,11.3768675,7.087846,8.1955065,6.17284,9.680647,2.254171,5.693887333333333,15.042748,15.042748,,,2.39452,3.5634910000000004,3.5634910000000004,7.219683894736842,2.39452,3.5634910000000004,0.00955,0.00111,0.00219,0.00219,0.00347,0.000272,0.00182,0.000321,0.0049,0.000846,0.0049,4.23e-05,0.0537,0.000122,5.25e-05,5.25e-05,,,0.0269,0.000159,0.0269,0.000159
23,yes,no,4,+wh_no_gap,You know,who,we all believe,she thought,he said,he noticed,the young woman,introduced,her friend,to her mother.,0.0,3.112767,7.834128,7.834128,7.422175,7.264469000000001,11.845207,11.3768675,7.087846,8.1955065,6.17284,9.680647,2.254171,5.693887333333333,15.042748,15.042748,5.307876,8.0932625,3.081924,3.483354666666667,5.3273178,7.291433809523808,5.307876,8.0932625,0.00955,0.00111,0.00219,0.00219,0.00347,0.000272,0.00182,0.000321,0.0049,0.000846,0.0049,4.23e-05,0.0537,0.000122,5.25e-05,5.25e-05,0.002,0.00021,0.0269,0.000159,0.002,0.00021
24,no,yes,0,-wh_gap,He knows,that,,,,,the police,interrogated,,in the prison.,0.0,5.76156,2.297416,2.297416,,,,,,,,,2.267236,5.3986415,15.367977,15.367977,,,10.634045,6.625216000000001,6.625216000000001,6.651271555555556,10.634045,6.625216000000001,0.0049,0.000115,0.0102,0.0102,,,,,,,,,0.0537,0.000213,1.51e-06,1.51e-06,,,0.0186,6.28e-05,0.0186,6.28e-05
24,no,no,0,-wh_no_gap,He knows,that,,,,,the police,interrogated,the spy,in the prison.,0.0,5.76156,2.297416,2.297416,,,,,,,,,2.267236,5.3986415,15.367977,15.367977,3.771311,6.7772945,5.577624,5.000815333333333,5.711407,6.231166454545456,3.771311,6.7772945,0.0049,0.000115,0.0102,0.0102,,,,,,,,,0.0537,0.000213,1.51e-06,1.51e-06,0.0537,1.74e-05,0.0186,6.28e-05,0.0537,1.74e-05
24,yes,yes,0,+wh_gap,He knows,who,,,,,the police,interrogated,,in the prison.,0.0,5.76156,6.622077,6.622077,,,,,,,,,4.020604,6.0749745,15.314926,15.314926,,,5.704032,4.810647,4.810647,6.671334777777777,5.704032,4.810647,0.0049,0.000115,0.00219,0.00219,,,,,,,,,0.0537,0.000213,1.51e-06,1.51e-06,,,0.0186,6.28e-05,0.0186,6.28e-05
24,yes,no,0,+wh_no_gap,He knows,who,,,,,the police,interrogated,the spy,in the prison.,0.0,5.76156,6.622077,6.622077,,,,,,,,,4.020604,6.0749745,15.314926,15.314926,5.109066,8.1299645,6.00984,4.967612333333333,6.2325532,6.979348909090908,5.109066,8.1299645,0.0049,0.000115,0.00219,0.00219,,,,,,,,,0.0537,0.000213,1.51e-06,1.51e-06,0.0537,1.74e-05,0.0186,6.28e-05,0.0537,1.74e-05
24,no,yes,1,-wh_gap,He knows,that,the inspector said,,,,the police,interrogated,,in the prison.,0.0,5.76156,2.297416,2.297416,2.267236,9.402434,,,,,,,3.257384,4.724804499999999,12.334696,12.334696,,,11.025249,6.555756,6.555756,6.956617583333333,11.025249,6.555756,0.0049,0.000115,0.0102,0.0102,0.0537,1.75e-05,,,,,,,0.0537,0.000213,1.51e-06,1.51e-06,,,0.0186,6.28e-05,0.0186,6.28e-05
24,no,no,1,-wh_no_gap,He knows,that,the inspector said,,,,the police,interrogated,the spy,in the prison.,0.0,5.76156,2.297416,2.297416,2.267236,9.402434,,,,,,,3.257384,4.724804499999999,12.334696,12.334696,3.916313,6.7734765,5.2882,5.014442666666667,5.7180562,6.600173142857143,3.916313,6.7734765,0.0049,0.000115,0.0102,0.0102,0.0537,1.75e-05,,,,,,,0.0537,0.000213,1.51e-06,1.51e-06,0.0537,1.74e-05,0.0186,6.28e-05,0.0537,1.74e-05
24,yes,yes,1,+wh_gap,He knows,who,the inspector said,,,,the police,interrogated,,in the prison.,0.0,5.76156,6.622077,6.622077,4.020604,9.170580666666668,,,,,,,5.05689,5.8223945,11.635743,11.635743,,,10.08474,6.220882666666667,6.220882666666667,7.300009916666666,10.08474,6.220882666666667,0.0049,0.000115,0.00219,0.00219,0.0537,1.75e-05,,,,,,,0.0537,0.000213,1.51e-06,1.51e-06,,,0.0186,6.28e-05,0.0186,6.28e-05
24,yes,no,1,+wh_no_gap,He knows,who,the inspector said,,,,the police,interrogated,the spy,in the prison.,0.0,5.76156,6.622077,6.622077,4.020604,9.170580666666668,,,,,,,5.05689,5.8223945,11.635743,11.635743,3.951425,6.814169000000001,5.69557,4.994216333333333,5.722197400000001,6.967747000000001,3.951425,6.814169000000001,0.0049,0.000115,0.00219,0.00219,0.0537,1.75e-05,,,,,,,0.0537,0.000213,1.51e-06,1.51e-06,0.0537,1.74e-05,0.0186,6.28e-05,0.0537,1.74e-05
24,no,yes,2,-wh_gap,He knows,that,the inspector said,the man reported,,,the police,interrogated,,in the prison.,0.0,5.76156,2.297416,2.297416,2.267236,9.402434,3.257384,7.526924666666666,,,,,3.787629,6.041152,12.190723,12.190723,,,6.042512,4.843683333333334,4.843683333333334,6.894179266666668,6.042512,4.843683333333334,0.0049,0.000115,0.0102,0.0102,0.0537,1.75e-05,0.0537,8.67e-05,,,,,0.0537,0.000213,1.51e-06,1.51e-06,,,0.0186,6.28e-05,0.0186,6.28e-05
24,no,no,2,-wh_no_gap,He knows,that,the inspector said,the man reported,,,the police,interrogated,the spy,in the prison.,0.0,5.76156,2.297416,2.297416,2.267236,9.402434,3.257384,7.526924666666666,,,,,3.787629,6.041152,12.190723,12.190723,3.931265,7.180475,5.466354,5.1620783333333335,5.969436999999999,6.984048470588235,3.931265,7.180475,0.0049,0.000115,0.0102,0.0102,0.0537,1.75e-05,0.0537,8.67e-05,,,,,0.0537,0.000213,1.51e-06,1.51e-06,0.0537,1.74e-05,0.0186,6.28e-05,0.0537,1.74e-05
24,yes,yes,2,+wh_gap,He knows,who,the inspector said,the man reported,,,the police,interrogated,,in the prison.,0.0,5.76156,6.622077,6.622077,4.020604,9.170580666666668,5.05689,7.853379333333334,,,,,3.99553,6.0840985000000005,11.88437,11.88437,,,5.424547,4.625395666666666,4.625395666666666,7.143055400000002,5.424547,4.625395666666666,0.0049,0.000115,0.00219,0.00219,0.0537,1.75e-05,0.0537,8.67e-05,,,,,0.0537,0.000213,1.51e-06,1.51e-06,,,0.0186,6.28e-05,0.0186,6.28e-05
24,yes,no,2,+wh_no_gap,He knows,who,the inspector said,the man reported,,,the police,interrogated,the spy,in the prison.,0.0,5.76156,6.622077,6.622077,4.020604,9.170580666666668,5.05689,7.853379333333334,,,,,3.99553,6.0840985000000005,11.88437,11.88437,4.101962,7.4118645,5.572042,5.124513333333333,6.0394538,7.262759588235294,4.101962,7.4118645,0.0049,0.000115,0.00219,0.00219,0.0537,1.75e-05,0.0537,8.67e-05,,,,,0.0537,0.000213,1.51e-06,1.51e-06,0.0537,1.74e-05,0.0186,6.28e-05,0.0537,1.74e-05
24,no,yes,3,-wh_gap,He knows,that,the inspector said,the man reported,he thought,,the police,interrogated,,in the prison.,0.0,5.76156,2.297416,2.297416,2.267236,9.402434,3.257384,7.526924666666666,4.681043,6.9868465,,,2.808826,4.118394,13.207142,13.207142,,,8.837178,5.915507333333333,5.915507333333333,6.927809235294117,8.837178,5.915507333333333,0.0049,0.000115,0.0102,0.0102,0.0537,1.75e-05,0.0537,8.67e-05,0.0049,0.00036,,,0.0537,0.000213,1.51e-06,1.51e-06,,,0.0186,6.28e-05,0.0186,6.28e-05
24,no,no,3,-wh_no_gap,He knows,that,the inspector said,the man reported,he thought,,the police,interrogated,the spy,in the prison.,0.0,5.76156,2.297416,2.297416,2.267236,9.402434,3.257384,7.526924666666666,4.681043,6.9868465,,,2.808826,4.118394,13.207142,13.207142,3.916736,6.6886855,5.57496,5.286580666666667,5.8474226,6.803334105263159,3.916736,6.6886855,0.0049,0.000115,0.0102,0.0102,0.0537,1.75e-05,0.0537,8.67e-05,0.0049,0.00036,,,0.0537,0.000213,1.51e-06,1.51e-06,0.0537,1.74e-05,0.0186,6.28e-05,0.0537,1.74e-05
24,yes,yes,3,+wh_gap,He knows,who,the inspector said,the man reported,he thought,,the police,interrogated,,in the prison.,0.0,5.76156,6.622077,6.622077,4.020604,9.170580666666668,5.05689,7.853379333333334,4.612526,6.985500999999999,,,2.67407,4.151774,13.171322,13.171322,,,8.600945,5.8239860000000006,5.8239860000000006,7.184406294117647,8.600945,5.8239860000000006,0.0049,0.000115,0.00219,0.00219,0.0537,1.75e-05,0.0537,8.67e-05,0.0049,0.00036,,,0.0537,0.000213,1.51e-06,1.51e-06,,,0.0186,6.28e-05,0.0186,6.28e-05
24,yes,no,3,+wh_no_gap,He knows,who,the inspector said,the man reported,he thought,,the police,interrogated,the spy,in the prison.,0.0,5.76156,6.622077,6.622077,4.020604,9.170580666666668,5.05689,7.853379333333334,4.612526,6.985500999999999,,,2.67407,4.151774,13.171322,13.171322,3.889589,6.733597,5.628131,5.266765,5.8534978,7.0489704210526325,3.889589,6.733597,0.0049,0.000115,0.00219,0.00219,0.0537,1.75e-05,0.0537,8.67e-05,0.0049,0.00036,,,0.0537,0.000213,1.51e-06,1.51e-06,0.0537,1.74e-05,0.0186,6.28e-05,0.0537,1.74e-05
24,no,yes,4,-wh_gap,He knows,that,the inspector said,the man reported,he thought,he noticed,the police,interrogated,,in the prison.,0.0,5.76156,2.297416,2.297416,2.267236,9.402434,3.257384,7.526924666666666,4.681043,6.9868465,2.232178,8.135608,2.02332,5.051963,13.848262,13.848262,,,8.836301,5.777773333333333,5.777773333333333,7.165212052631579,8.836301,5.777773333333333,0.0049,0.000115,0.0102,0.0102,0.0537,1.75e-05,0.0537,8.67e-05,0.0049,0.00036,0.0049,4.23e-05,0.0537,0.000213,1.51e-06,1.51e-06,,,0.0186,6.28e-05,0.0186,6.28e-05
24,no,no,4,-wh_no_gap,He knows,that,the inspector said,the man reported,he thought,he noticed,the police,interrogated,the spy,in the prison.,0.0,5.76156,2.297416,2.297416,2.267236,9.402434,3.257384,7.526924666666666,4.681043,6.9868465,2.232178,8.135608,2.02332,5.051963,13.848262,13.848262,4.431901,7.278847,5.539773,5.242304666666667,6.056921600000001,7.099538904761904,4.431901,7.278847,0.0049,0.000115,0.0102,0.0102,0.0537,1.75e-05,0.0537,8.67e-05,0.0049,0.00036,0.0049,4.23e-05,0.0537,0.000213,1.51e-06,1.51e-06,0.0537,1.74e-05,0.0186,6.28e-05,0.0537,1.74e-05
24,yes,yes,4,+wh_gap,He knows,who,the inspector said,the man reported,he thought,he noticed,the police,interrogated,,in the prison.,0.0,5.76156,6.622077,6.622077,4.020604,9.170580666666668,5.05689,7.853379333333334,4.612526,6.985500999999999,2.407615,8.0811075,1.988646,5.077189,14.021604,14.021604,,,8.060328,5.509393666666667,5.509393666666667,7.371287210526316,8.060328,5.509393666666667,0.0049,0.000115,0.00219,0.00219,0.0537,1.75e-05,0.0537,8.67e-05,0.0049,0.00036,0.0049,4.23e-05,0.0537,0.000213,1.51e-06,1.51e-06,,,0.0186,6.28e-05,0.0186,6.28e-05
24,yes,no,4,+wh_no_gap,He knows,who,the inspector said,the man reported,he thought,he noticed,the police,interrogated,the spy,in the prison.,0.0,5.76156,6.622077,6.622077,4.020604,9.170580666666668,5.05689,7.853379333333334,4.612526,6.985500999999999,2.407615,8.0811075,1.988646,5.077189,14.021604,14.021604,4.402719,7.350369000000001,5.552361,5.192647333333333,6.0557360000000005,7.324045523809523,4.402719,7.350369000000001,0.0049,0.000115,0.00219,0.00219,0.0537,1.75e-05,0.0537,8.67e-05,0.0049,0.00036,0.0049,4.23e-05,0.0537,0.000213,1.51e-06,1.51e-06,0.0537,1.74e-05,0.0186,6.28e-05,0.0537,1.74e-05
25,no,yes,0,-wh_gap,She knows,that,,,,,the woman,thanked,,after the meal.,0.0,5.8043205,2.279035,2.279035,,,,,,,,,2.521865,4.5362485,17.296537,17.296537,,,12.288785,7.609769666666668,7.609769666666668,7.009557666666668,12.288785,7.609769666666668,0.00182,0.00011,0.0102,0.0102,,,,,,,,,0.0537,0.000223,4.37e-06,4.37e-06,,,0.00129,2.95e-05,0.00129,2.95e-05
25,no,no,0,-wh_no_gap,She knows,that,,,,,the woman,thanked,the waitress,after the meal.,0.0,5.8043205,2.279035,2.279035,,,,,,,,,2.521865,4.5362485,17.296537,17.296537,3.243613,8.7872535,8.484184,6.067519333333334,7.155413000000001,6.912161363636364,3.243613,8.7872535,0.00182,0.00011,0.0102,0.0102,,,,,,,,,0.0537,0.000223,4.37e-06,4.37e-06,0.0537,3.63e-06,0.00129,2.95e-05,0.0537,3.63e-06
25,yes,yes,0,+wh_gap,She knows,who,,,,,the woman,thanked,,after the meal.,0.0,5.8043205,6.4446,6.4446,,,,,,,,,4.386521,5.042401,18.249916,18.249916,,,9.609742,6.751838,6.751838,7.404830333333333,9.609742,6.751838,0.00182,0.00011,0.00219,0.00219,,,,,,,,,0.0537,0.000223,4.37e-06,4.37e-06,,,0.00129,2.95e-05,0.00129,2.95e-05
25,yes,no,0,+wh_no_gap,She knows,who,,,,,the woman,thanked,the waitress,after the meal.,0.0,5.8043205,6.4446,6.4446,,,,,,,,,4.386521,5.042401,18.249916,18.249916,3.873989,8.886307500000001,7.89972,5.625376333333333,6.9297488000000005,7.366973000000001,3.873989,8.886307500000001,0.00182,0.00011,0.00219,0.00219,,,,,,,,,0.0537,0.000223,4.37e-06,4.37e-06,0.0537,3.63e-06,0.00129,2.95e-05,0.0537,3.63e-06
25,no,yes,1,-wh_gap,She knows,that,the waiter said,,,,the woman,thanked,,after the meal.,0.0,5.8043205,2.279035,2.279035,2.521865,10.199550333333333,,,,,,,3.737786,5.0617675,15.315066,15.315066,,,13.453835,7.478038000000001,7.478038000000001,7.696586833333334,13.453835,7.478038000000001,0.00182,0.00011,0.0102,0.0102,0.0537,4.06e-06,,,,,,,0.0537,0.000223,4.37e-06,4.37e-06,,,0.00129,2.95e-05,0.00129,2.95e-05
25,no,no,1,-wh_no_gap,She knows,that,the waiter said,,,,the woman,thanked,the waitress,after the meal.,0.0,5.8043205,2.279035,2.279035,2.521865,10.199550333333333,,,,,,,3.737786,5.0617675,15.315066,15.315066,3.328419,7.259853,7.921127,5.594961333333334,6.260918,7.230679857142857,3.328419,7.259853,0.00182,0.00011,0.0102,0.0102,0.0537,4.06e-06,,,,,,,0.0537,0.000223,4.37e-06,4.37e-06,0.0537,3.63e-06,0.00129,2.95e-05,0.0537,3.63e-06
25,yes,yes,1,+wh_gap,She knows,who,the waiter said,,,,the woman,thanked,,after the meal.,0.0,5.8043205,6.4446,6.4446,4.386521,10.125265333333331,,,,,,,5.578625,5.8325805,15.95819,15.95819,,,14.177771,7.664130333333333,7.664130333333333,8.253731583333332,14.177771,7.664130333333333,0.00182,0.00011,0.00219,0.00219,0.0537,4.06e-06,,,,,,,0.0537,0.000223,4.37e-06,4.37e-06,,,0.00129,2.95e-05,0.00129,2.95e-05
25,yes,no,1,+wh_no_gap,She knows,who,the waiter said,,,,the woman,thanked,the waitress,after the meal.,0.0,5.8043205,6.4446,6.4446,4.386521,10.125265333333331,,,,,,,5.578625,5.8325805,15.95819,15.95819,3.225794,7.343526000000001,8.399032,5.757557333333334,6.391944799999999,7.715150857142857,3.225794,7.343526000000001,0.00182,0.00011,0.00219,0.00219,0.0537,4.06e-06,,,,,,,0.0537,0.000223,4.37e-06,4.37e-06,0.0537,3.63e-06,0.00129,2.95e-05,0.0537,3.63e-06
25,no,yes,2,-wh_gap,She knows,that,the waiter said,the woman believed,,,the woman,thanked,,after the meal.,0.0,5.8043205,2.279035,2.279035,2.521865,10.199550333333333,3.737786,6.730485000000001,,,,,3.608701,4.6145805,17.012569,17.012569,,,12.04436,7.171153333333333,7.171153333333333,7.495531466666666,12.04436,7.171153333333333,0.00182,0.00011,0.0102,0.0102,0.0537,4.06e-06,0.0537,4.49e-05,,,,,0.0537,0.000223,4.37e-06,4.37e-06,,,0.00129,2.95e-05,0.00129,2.95e-05
25,no,no,2,-wh_no_gap,She knows,that,the waiter said,the woman believed,,,the woman,thanked,the waitress,after the meal.,0.0,5.8043205,2.279035,2.279035,2.521865,10.199550333333333,3.737786,6.730485000000001,,,,,3.608701,4.6145805,17.012569,17.012569,3.36676,7.797375000000001,7.912368,5.659618333333333,6.514721,7.264301,3.36676,7.797375000000001,0.00182,0.00011,0.0102,0.0102,0.0537,4.06e-06,0.0537,4.49e-05,,,,,0.0537,0.000223,4.37e-06,4.37e-06,0.0537,3.63e-06,0.00129,2.95e-05,0.0537,3.63e-06
25,yes,yes,2,+wh_gap,She knows,who,the waiter said,the woman believed,,,the woman,thanked,,after the meal.,0.0,5.8043205,6.4446,6.4446,4.386521,10.125265333333331,5.578625,7.385869333333333,,,,,3.431304,4.486311000000001,17.421297,17.421297,,,12.768271,7.423167666666667,7.423167666666667,7.950004466666667,12.768271,7.423167666666667,0.00182,0.00011,0.00219,0.00219,0.0537,4.06e-06,0.0537,4.49e-05,,,,,0.0537,0.000223,4.37e-06,4.37e-06,,,0.00129,2.95e-05,0.00129,2.95e-05
25,yes,no,2,+wh_no_gap,She knows,who,the waiter said,the woman believed,,,the woman,thanked,the waitress,after the meal.,0.0,5.8043205,6.4446,6.4446,4.386521,10.125265333333331,5.578625,7.385869333333333,,,,,3.431304,4.486311000000001,17.421297,17.421297,3.220399,7.8817695,8.266733,5.816151666666666,6.6423988000000005,7.658385764705882,3.220399,7.8817695,0.00182,0.00011,0.00219,0.00219,0.0537,4.06e-06,0.0537,4.49e-05,,,,,0.0537,0.000223,4.37e-06,4.37e-06,0.0537,3.63e-06,0.00129,2.95e-05,0.0537,3.63e-06
25,no,yes,3,-wh_gap,She knows,that,the waiter said,the woman believed,she remembered,,the woman,thanked,,after the meal.,0.0,5.8043205,2.279035,2.279035,2.521865,10.199550333333333,3.737786,6.730485000000001,3.259094,9.419694,,,2.606574,4.2785745,17.899073,17.899073,,,9.590214,6.42458,6.42458,7.602772470588235,9.590214,6.42458,0.00182,0.00011,0.0102,0.0102,0.0537,4.06e-06,0.0537,4.49e-05,0.00182,2.11e-05,,,0.0537,0.000223,4.37e-06,4.37e-06,,,0.00129,2.95e-05,0.00129,2.95e-05
25,no,no,3,-wh_no_gap,She knows,that,the waiter said,the woman believed,she remembered,,the woman,thanked,the waitress,after the meal.,0.0,5.8043205,2.279035,2.279035,2.521865,10.199550333333333,3.737786,6.730485000000001,3.259094,9.419694,,,2.606574,4.2785745,17.899073,17.899073,3.92546,7.9949125,8.170367,5.824041666666666,6.6923900000000005,7.54922852631579,3.92546,7.9949125,0.00182,0.00011,0.0102,0.0102,0.0537,4.06e-06,0.0537,4.49e-05,0.00182,2.11e-05,,,0.0537,0.000223,4.37e-06,4.37e-06,0.0537,3.63e-06,0.00129,2.95e-05,0.0537,3.63e-06
25,yes,yes,3,+wh_gap,She knows,who,the waiter said,the woman believed,she remembered,,the woman,thanked,,after the meal.,0.0,5.8043205,6.4446,6.4446,4.386521,10.125265333333331,5.578625,7.385869333333333,2.94115,9.1082255,,,2.541576,4.1338975,18.225491,18.225491,,,9.452692,6.430844666666666,6.430844666666666,7.91699505882353,9.452692,6.430844666666666,0.00182,0.00011,0.00219,0.00219,0.0537,4.06e-06,0.0537,4.49e-05,0.00182,2.11e-05,,,0.0537,0.000223,4.37e-06,4.37e-06,,,0.00129,2.95e-05,0.00129,2.95e-05
25,yes,no,3,+wh_no_gap,She knows,who,the waiter said,the woman believed,she remembered,,the woman,thanked,the waitress,after the meal.,0.0,5.8043205,6.4446,6.4446,4.386521,10.125265333333331,5.578625,7.385869333333333,2.94115,9.1082255,,,2.541576,4.1338975,18.225491,18.225491,3.976752,8.248026,8.339031,5.902919000000001,6.8409618,7.868483736842106,3.976752,8.248026,0.00182,0.00011,0.00219,0.00219,0.0537,4.06e-06,0.0537,4.49e-05,0.00182,2.11e-05,,,0.0537,0.000223,4.37e-06,4.37e-06,0.0537,3.63e-06,0.00129,2.95e-05,0.0537,3.63e-06
25,no,yes,4,-wh_gap,She knows,that,the waiter said,the woman believed,she remembered,she knew,the woman,thanked,,after the meal.,0.0,5.8043205,2.279035,2.279035,2.521865,10.199550333333333,3.737786,6.730485000000001,3.259094,9.419694,6.202123,6.668942,3.55359,4.3800755,17.168957,17.168957,,,13.726649,7.929527333333333,7.929527333333333,7.714354947368423,13.726649,7.929527333333333,0.00182,0.00011,0.0102,0.0102,0.0537,4.06e-06,0.0537,4.49e-05,0.00182,2.11e-05,0.00182,0.000146,0.0537,0.000223,4.37e-06,4.37e-06,,,0.00129,2.95e-05,0.00129,2.95e-05
25,no,no,4,-wh_no_gap,She knows,that,the waiter said,the woman believed,she remembered,she knew,the woman,thanked,the waitress,after the meal.,0.0,5.8043205,2.279035,2.279035,2.521865,10.199550333333333,3.737786,6.730485000000001,3.259094,9.419694,6.202123,6.668942,3.55359,4.3800755,17.168957,17.168957,3.743893,7.7901405,8.686335,6.044477333333333,6.7427426,7.45227976190476,3.743893,7.7901405,0.00182,0.00011,0.0102,0.0102,0.0537,4.06e-06,0.0537,4.49e-05,0.00182,2.11e-05,0.00182,0.000146,0.0537,0.000223,4.37e-06,4.37e-06,0.0537,3.63e-06,0.00129,2.95e-05,0.0537,3.63e-06
25,yes,yes,4,+wh_gap,She knows,who,the waiter said,the woman believed,she remembered,she knew,the woman,thanked,,after the meal.,0.0,5.8043205,6.4446,6.4446,4.386521,10.125265333333331,5.578625,7.385869333333333,2.94115,9.1082255,6.084472,6.4747995,3.379014,4.2534445000000005,17.501404,17.501404,,,12.839869,7.677659000000001,7.677659000000001,7.9365244736842095,12.839869,7.677659000000001,0.00182,0.00011,0.00219,0.00219,0.0537,4.06e-06,0.0537,4.49e-05,0.00182,2.11e-05,0.00182,0.000146,0.0537,0.000223,4.37e-06,4.37e-06,,,0.00129,2.95e-05,0.00129,2.95e-05
25,yes,no,4,+wh_no_gap,She knows,who,the waiter said,the woman believed,she remembered,she knew,the woman,thanked,the waitress,after the meal.,0.0,5.8043205,6.4446,6.4446,4.386521,10.125265333333331,5.578625,7.385869333333333,2.94115,9.1082255,6.084472,6.4747995,3.379014,4.2534445000000005,17.501404,17.501404,3.751297,7.937799,8.803623,6.108816,6.840409199999999,7.712525428571428,3.751297,7.937799,0.00182,0.00011,0.00219,0.00219,0.0537,4.06e-06,0.0537,4.49e-05,0.00182,2.11e-05,0.00182,0.000146,0.0537,0.000223,4.37e-06,4.37e-06,0.0537,3.63e-06,0.00129,2.95e-05,0.0537,3.63e-06
26,no,yes,0,-wh_gap,They know,that,,,,,the nurse,reassured,,at the hospital.,0.0,4.743053,2.169621,2.169621,,,,,,,,,1.87231,8.610813,17.707979,17.707979,,,12.962134,6.903737,6.903737,7.477393666666667,12.962134,6.903737,0.00316,0.0009,0.0102,0.0102,,,,,,,,,0.0537,2.51e-05,1.29e-06,1.29e-06,,,0.00501,0.000115,0.00501,0.000115
26,no,no,0,-wh_no_gap,They know,that,,,,,the nurse,reassured,the old woman,at the hospital.,0.0,4.743053,2.169621,2.169621,,,,,,,,,1.87231,8.610813,17.707979,17.707979,2.208862,5.363793666666666,7.9583,4.572543333333333,4.9681685,6.36619525,2.208862,5.363793666666666,0.00316,0.0009,0.0102,0.0102,,,,,,,,,0.0537,2.51e-05,1.29e-06,1.29e-06,0.0537,0.00016,0.00501,0.000115,0.0537,0.00016
26,yes,yes,0,+wh_gap,They know,who,,,,,the nurse,reassured,,at the hospital.,0.0,4.743053,7.200986,7.200986,,,,,,,,,4.435805,9.221021,17.669611,17.669611,,,10.091356,6.447979666666666,6.447979666666666,8.015853777777778,10.091356,6.447979666666666,0.00316,0.0009,0.00219,0.00219,,,,,,,,,0.0537,2.51e-05,1.29e-06,1.29e-06,,,0.00501,0.000115,0.00501,0.000115
26,yes,no,0,+wh_no_gap,They know,who,,,,,the nurse,reassured,the old woman,at the hospital.,0.0,4.743053,7.200986,7.200986,,,,,,,,,4.435805,9.221021,17.669611,17.669611,2.457707,5.257539333333334,6.797287,4.469244,4.863391666666667,6.83159125,2.457707,5.257539333333334,0.00316,0.0009,0.00219,0.00219,,,,,,,,,0.0537,2.51e-05,1.29e-06,1.29e-06,0.0537,0.00016,0.00501,0.000115,0.0537,0.00016
26,no,yes,1,-wh_gap,They know,that,the doctor believed,,,,the nurse,reassured,,at the hospital.,0.0,4.743053,2.169621,2.169621,1.87231,7.594252999999999,,,,,,,3.312144,6.6218825,17.047253,17.047253,,,14.605419,6.91434,6.91434,7.122710333333333,14.605419,6.91434,0.00316,0.0009,0.0102,0.0102,0.0537,3.29e-05,,,,,,,0.0537,2.51e-05,1.29e-06,1.29e-06,,,0.00501,0.000115,0.00501,0.000115
26,no,no,1,-wh_no_gap,They know,that,the doctor believed,,,,the nurse,reassured,the old woman,at the hospital.,0.0,4.743053,2.169621,2.169621,1.87231,7.594252999999999,,,,,,,3.312144,6.6218825,17.047253,17.047253,2.73024,5.608801666666667,8.698319,4.404284,5.0065428333333335,6.317917399999999,2.73024,5.608801666666667,0.00316,0.0009,0.0102,0.0102,0.0537,3.29e-05,,,,,,,0.0537,2.51e-05,1.29e-06,1.29e-06,0.0537,0.00016,0.00501,0.000115,0.0537,0.00016
26,yes,yes,1,+wh_gap,They know,who,the doctor believed,,,,the nurse,reassured,,at the hospital.,0.0,4.743053,7.200986,7.200986,4.435805,8.229254,,,,,,,4.654794,7.269883999999999,17.049658,17.049658,,,11.963365,5.866837333333334,5.866837333333334,7.547066,11.963365,5.866837333333334,0.00316,0.0009,0.00219,0.00219,0.0537,3.29e-05,,,,,,,0.0537,2.51e-05,1.29e-06,1.29e-06,,,0.00501,0.000115,0.00501,0.000115
26,yes,no,1,+wh_no_gap,They know,who,the doctor believed,,,,the nurse,reassured,the old woman,at the hospital.,0.0,4.743053,7.200986,7.200986,4.435805,8.229254,,,,,,,4.654794,7.269883999999999,17.049658,17.049658,3.066512,5.856167666666667,6.874177,3.860161,4.858164333333334,6.807551066666667,3.066512,5.856167666666667,0.00316,0.0009,0.00219,0.00219,0.0537,3.29e-05,,,,,,,0.0537,2.51e-05,1.29e-06,1.29e-06,0.0537,0.00016,0.00501,0.000115,0.0537,0.00016
26,no,yes,2,-wh_gap,They know,that,the doctor believed,the man said,,,the nurse,reassured,,at the hospital.,0.0,4.743053,2.169621,2.169621,1.87231,7.594252999999999,3.312144,7.640790333333332,,,,,4.675224,6.965834,16.386757,16.386757,,,14.153401,7.063803333333333,7.063803333333333,7.258046133333334,14.153401,7.063803333333333,0.00316,0.0009,0.0102,0.0102,0.0537,3.29e-05,0.0537,0.000398,,,,,0.0537,2.51e-05,1.29e-06,1.29e-06,,,0.00501,0.000115,0.00501,0.000115
26,no,no,2,-wh_no_gap,They know,that,the doctor believed,the man said,,,the nurse,reassured,the old woman,at the hospital.,0.0,4.743053,2.169621,2.169621,1.87231,7.594252999999999,3.312144,7.640790333333332,,,,,4.675224,6.965834,16.386757,16.386757,2.803231,5.638686,7.668441,4.139485333333333,4.889085666666666,6.500766444444444,2.803231,5.638686,0.00316,0.0009,0.0102,0.0102,0.0537,3.29e-05,0.0537,0.000398,,,,,0.0537,2.51e-05,1.29e-06,1.29e-06,0.0537,0.00016,0.00501,0.000115,0.0537,0.00016
26,yes,yes,2,+wh_gap,They know,who,the doctor believed,the man said,,,the nurse,reassured,,at the hospital.,0.0,4.743053,7.200986,7.200986,4.435805,8.229254,4.654794,7.579477,,,,,6.064116,7.7163385,15.85145,15.85145,,,14.339972,7.0790343333333325,7.0790343333333325,7.775634333333333,14.339972,7.0790343333333325,0.00316,0.0009,0.00219,0.00219,0.0537,3.29e-05,0.0537,0.000398,,,,,0.0537,2.51e-05,1.29e-06,1.29e-06,,,0.00501,0.000115,0.00501,0.000115
26,yes,no,2,+wh_no_gap,They know,who,the doctor believed,the man said,,,the nurse,reassured,the old woman,at the hospital.,0.0,4.743053,7.200986,7.200986,4.435805,8.229254,4.654794,7.579477,,,,,6.064116,7.7163385,15.85145,15.85145,2.877994,5.793693666666667,7.637727,4.092196333333333,4.942945,6.947504555555556,2.877994,5.793693666666667,0.00316,0.0009,0.00219,0.00219,0.0537,3.29e-05,0.0537,0.000398,,,,,0.0537,2.51e-05,1.29e-06,1.29e-06,0.0537,0.00016,0.00501,0.000115,0.0537,0.00016
26,no,yes,3,-wh_gap,They know,that,the doctor believed,the man said,he thought,,the nurse,reassured,,at the hospital.,0.0,4.743053,2.169621,2.169621,1.87231,7.594252999999999,3.312144,7.640790333333332,3.211528,6.211863,,,2.8634,6.7919,17.344168,17.344168,,,14.944563,7.227713333333334,7.227713333333334,7.199746529411764,14.944563,7.227713333333334,0.00316,0.0009,0.0102,0.0102,0.0537,3.29e-05,0.0537,0.000398,0.0049,0.00036,,,0.0537,2.51e-05,1.29e-06,1.29e-06,,,0.00501,0.000115,0.00501,0.000115
26,no,no,3,-wh_no_gap,They know,that,the doctor believed,the man said,he thought,,the nurse,reassured,the old woman,at the hospital.,0.0,4.743053,2.169621,2.169621,1.87231,7.594252999999999,3.312144,7.640790333333332,3.211528,6.211863,,,2.8634,6.7919,17.344168,17.344168,3.328807,5.936220666666666,8.1143,4.307010666666667,5.121615666666666,6.572112249999999,3.328807,5.936220666666666,0.00316,0.0009,0.0102,0.0102,0.0537,3.29e-05,0.0537,0.000398,0.0049,0.00036,,,0.0537,2.51e-05,1.29e-06,1.29e-06,0.0537,0.00016,0.00501,0.000115,0.0537,0.00016
26,yes,yes,3,+wh_gap,They know,who,the doctor believed,the man said,he thought,,the nurse,reassured,,at the hospital.,0.0,4.743053,7.200986,7.200986,4.435805,8.229254,4.654794,7.579477,5.024565,7.082531,,,3.169319,7.238747,17.030977,17.030977,,,14.893279,7.163211666666666,7.163211666666666,7.722144294117646,14.893279,7.163211666666666,0.00316,0.0009,0.00219,0.00219,0.0537,3.29e-05,0.0537,0.000398,0.0049,0.00036,,,0.0537,2.51e-05,1.29e-06,1.29e-06,,,0.00501,0.000115,0.00501,0.000115
26,yes,no,3,+wh_no_gap,They know,who,the doctor believed,the man said,he thought,,the nurse,reassured,the old woman,at the hospital.,0.0,4.743053,7.200986,7.200986,4.435805,8.229254,4.654794,7.579477,5.024565,7.082531,,,3.169319,7.238747,17.030977,17.030977,3.271096,5.944914,7.497238,4.064235,5.0045745,6.990713249999999,3.271096,5.944914,0.00316,0.0009,0.00219,0.00219,0.0537,3.29e-05,0.0537,0.000398,0.0049,0.00036,,,0.0537,2.51e-05,1.29e-06,1.29e-06,0.0537,0.00016,0.00501,0.000115,0.0537,0.00016
26,no,yes,4,-wh_gap,They know,that,the doctor believed,the man said,he thought,he noticed,the nurse,reassured,,at the hospital.,0.0,4.743053,2.169621,2.169621,1.87231,7.594252999999999,3.312144,7.640790333333332,3.211528,6.211863,2.782368,8.380331,2.089131,7.9018995,17.727751,17.727751,,,12.688101,6.392209333333334,6.392209333333334,7.32912752631579,12.688101,6.392209333333334,0.00316,0.0009,0.0102,0.0102,0.0537,3.29e-05,0.0537,0.000398,0.0049,0.00036,0.0049,4.23e-05,0.0537,2.51e-05,1.29e-06,1.29e-06,,,0.00501,0.000115,0.00501,0.000115
26,no,no,4,-wh_no_gap,They know,that,the doctor believed,the man said,he thought,he noticed,the nurse,reassured,the old woman,at the hospital.,0.0,4.743053,2.169621,2.169621,1.87231,7.594252999999999,3.312144,7.640790333333332,3.211528,6.211863,2.782368,8.380331,2.089131,7.9018995,17.727751,17.727751,2.641505,5.856355333333333,7.829448,4.035411333333333,4.945883333333334,6.806913409090909,2.641505,5.856355333333333,0.00316,0.0009,0.0102,0.0102,0.0537,3.29e-05,0.0537,0.000398,0.0049,0.00036,0.0049,4.23e-05,0.0537,2.51e-05,1.29e-06,1.29e-06,0.0537,0.00016,0.00501,0.000115,0.0537,0.00016
26,yes,yes,4,+wh_gap,They know,who,the doctor believed,the man said,he thought,he noticed,the nurse,reassured,,at the hospital.,0.0,4.743053,7.200986,7.200986,4.435805,8.229254,4.654794,7.579477,5.024565,7.082531,3.063222,8.4115035,2.103461,8.0734055,18.036079,18.036079,,,12.089262,6.180884,6.180884,7.780362947368421,12.089262,6.180884,0.00316,0.0009,0.00219,0.00219,0.0537,3.29e-05,0.0537,0.000398,0.0049,0.00036,0.0049,4.23e-05,0.0537,2.51e-05,1.29e-06,1.29e-06,,,0.00501,0.000115,0.00501,0.000115
26,yes,no,4,+wh_no_gap,They know,who,the doctor believed,the man said,he thought,he noticed,the nurse,reassured,the old woman,at the hospital.,0.0,4.743053,7.200986,7.200986,4.435805,8.229254,4.654794,7.579477,5.024565,7.082531,3.063222,8.4115035,2.103461,8.0734055,18.036079,18.036079,2.806257,5.974714333333334,7.499331,3.971235333333334,4.972974833333333,7.232822409090909,2.806257,5.974714333333334,0.00316,0.0009,0.00219,0.00219,0.0537,3.29e-05,0.0537,0.000398,0.0049,0.00036,0.0049,4.23e-05,0.0537,2.51e-05,1.29e-06,1.29e-06,0.0537,0.00016,0.00501,0.000115,0.0537,0.00016
27,no,yes,0,-wh_gap,He reported,that,,,,,the cowboy,abandoned,,in the desert.,0.0,5.4177695,1.868976,1.868976,,,,,,,,,2.223669,9.534671,11.555921,11.555921,,,9.669559,5.979634999999999,5.979634999999999,6.807631444444445,9.669559,5.979634999999999,0.0049,9.8e-05,0.0102,0.0102,,,,,,,,,0.0537,7.08e-06,2.51e-05,2.51e-05,,,0.0186,2.51e-05,0.0186,2.51e-05
27,no,no,0,-wh_no_gap,He reported,that,,,,,the cowboy,abandoned,his partner,in the desert.,0.0,5.4177695,1.868976,1.868976,,,,,,,,,2.223669,9.534671,11.555921,11.555921,2.467069,7.778783,4.39582,4.643701,5.8977338,6.619858818181819,2.467069,7.778783,0.0049,9.8e-05,0.0102,0.0102,,,,,,,,,0.0537,7.08e-06,2.51e-05,2.51e-05,0.00324,6.77e-05,0.0186,2.51e-05,0.00324,6.77e-05
27,yes,yes,0,+wh_gap,He reported,who,,,,,the cowboy,abandoned,,in the desert.,0.0,5.4177695,12.096594,12.096594,,,,,,,,,7.066419,11.161148,11.152189,11.152189,,,4.770589,4.595766666666667,4.595766666666667,7.799324222222221,4.770589,4.595766666666667,0.0049,9.8e-05,0.00219,0.00219,,,,,,,,,0.0537,7.08e-06,2.51e-05,2.51e-05,,,0.0186,2.51e-05,0.0186,2.51e-05
27,yes,no,0,+wh_no_gap,He reported,who,,,,,the cowboy,abandoned,his partner,in the desert.,0.0,5.4177695,12.096594,12.096594,,,,,,,,,7.066419,11.161148,11.152189,11.152189,3.20946,8.034748,3.723751,4.614424666666666,5.982554,7.84721709090909,3.20946,8.034748,0.0049,9.8e-05,0.00219,0.00219,,,,,,,,,0.0537,7.08e-06,2.51e-05,2.51e-05,0.00324,6.77e-05,0.0186,2.51e-05,0.00324,6.77e-05
27,no,yes,1,-wh_gap,He reported,that,the farmer said,,,,the cowboy,abandoned,,in the desert.,0.0,5.4177695,1.868976,1.868976,2.223669,8.028996666666666,,,,,,,3.560346,8.9902265,11.526846,11.526846,,,9.357008,5.971598666666666,5.971598666666666,7.0178,9.357008,5.971598666666666,0.0049,9.8e-05,0.0102,0.0102,0.0537,1.39e-05,,,,,,,0.0537,7.08e-06,2.51e-05,2.51e-05,,,0.0186,2.51e-05,0.0186,2.51e-05
27,no,no,1,-wh_no_gap,He reported,that,the farmer said,,,,the cowboy,abandoned,his partner,in the desert.,0.0,5.4177695,1.868976,1.868976,2.223669,8.028996666666666,,,,,,,3.560346,8.9902265,11.526846,11.526846,2.531547,7.9187715,4.670986,4.878330666666667,6.094507,6.9122385,2.531547,7.9187715,0.0049,9.8e-05,0.0102,0.0102,0.0537,1.39e-05,,,,,,,0.0537,7.08e-06,2.51e-05,2.51e-05,0.00324,6.77e-05,0.0186,2.51e-05,0.00324,6.77e-05
27,yes,yes,1,+wh_gap,He reported,who,the farmer said,,,,the cowboy,abandoned,,in the desert.,0.0,5.4177695,12.096594,12.096594,7.066419,8.802653333333334,,,,,,,5.931177,9.617902,12.148412,12.148412,,,4.735146,4.322533333333333,4.322533333333333,7.807659083333334,4.735146,4.322533333333333,0.0049,9.8e-05,0.00219,0.00219,0.0537,1.39e-05,,,,,,,0.0537,7.08e-06,2.51e-05,2.51e-05,,,0.0186,2.51e-05,0.0186,2.51e-05
27,yes,no,1,+wh_no_gap,He reported,who,the farmer said,,,,the cowboy,abandoned,his partner,in the desert.,0.0,5.4177695,12.096594,12.096594,7.066419,8.802653333333334,,,,,,,5.931177,9.617902,12.148412,12.148412,3.540707,8.1601665,4.149518,4.638640666666666,6.047251000000001,7.9257545714285715,3.540707,8.1601665,0.0049,9.8e-05,0.00219,0.00219,0.0537,1.39e-05,,,,,,,0.0537,7.08e-06,2.51e-05,2.51e-05,0.00324,6.77e-05,0.0186,2.51e-05,0.00324,6.77e-05
27,no,yes,2,-wh_gap,He reported,that,the farmer said,his friend reported,,,the cowboy,abandoned,,in the desert.,0.0,5.4177695,1.868976,1.868976,2.223669,8.028996666666666,5.625406,8.397998666666666,,,,,3.987056,10.5787695,11.348869,11.348869,,,8.147508,5.542291,5.542291,7.4079188,8.147508,5.542291,0.0049,9.8e-05,0.0102,0.0102,0.0537,1.39e-05,0.00324,6.86e-05,,,,,0.0537,7.08e-06,2.51e-05,2.51e-05,,,0.0186,2.51e-05,0.0186,2.51e-05
27,no,no,2,-wh_no_gap,He reported,that,the farmer said,his friend reported,,,the cowboy,abandoned,his partner,in the desert.,0.0,5.4177695,1.868976,1.868976,2.223669,8.028996666666666,5.625406,8.397998666666666,,,,,3.987056,10.5787695,11.348869,11.348869,2.235023,7.3585055,4.072733,4.638167666666667,5.726302799999999,7.242554294117646,2.235023,7.3585055,0.0049,9.8e-05,0.0102,0.0102,0.0537,1.39e-05,0.00324,6.86e-05,,,,,0.0537,7.08e-06,2.51e-05,2.51e-05,0.00324,6.77e-05,0.0186,2.51e-05,0.00324,6.77e-05
27,yes,yes,2,+wh_gap,He reported,who,the farmer said,his friend reported,,,the cowboy,abandoned,,in the desert.,0.0,5.4177695,12.096594,12.096594,7.066419,8.802653333333334,8.091573,8.735072333333333,,,,,6.021364,11.156875500000002,12.297335,12.297335,,,5.092292,4.494461666666666,4.494461666666666,8.242652066666668,5.092292,4.494461666666666,0.0049,9.8e-05,0.00219,0.00219,0.0537,1.39e-05,0.00324,6.86e-05,,,,,0.0537,7.08e-06,2.51e-05,2.51e-05,,,0.0186,2.51e-05,0.0186,2.51e-05
27,yes,no,2,+wh_no_gap,He reported,who,the farmer said,his friend reported,,,the cowboy,abandoned,his partner,in the desert.,0.0,5.4177695,12.096594,12.096594,7.066419,8.802653333333334,8.091573,8.735072333333333,,,,,6.021364,11.156875500000002,12.297335,12.297335,3.512449,7.829017,3.861106,4.5254563333333335,5.8468806,8.199458764705883,3.512449,7.829017,0.0049,9.8e-05,0.00219,0.00219,0.0537,1.39e-05,0.00324,6.86e-05,,,,,0.0537,7.08e-06,2.51e-05,2.51e-05,0.00324,6.77e-05,0.0186,2.51e-05,0.00324,6.77e-05
27,no,yes,3,-wh_gap,He reported,that,the farmer said,his friend reported,he believed,,the cowboy,abandoned,,in the desert.,0.0,5.4177695,1.868976,1.868976,2.223669,8.028996666666666,5.625406,8.397998666666666,4.719448,6.334723,,,2.625475,8.648342,10.787056,10.787056,,,8.430641,5.581111333333332,5.581111333333332,7.028354176470589,8.430641,5.581111333333332,0.0049,9.8e-05,0.0102,0.0102,0.0537,1.39e-05,0.00324,6.86e-05,0.0049,5.56e-05,,,0.0537,7.08e-06,2.51e-05,2.51e-05,,,0.0186,2.51e-05,0.0186,2.51e-05
27,no,no,3,-wh_no_gap,He reported,that,the farmer said,his friend reported,he believed,,the cowboy,abandoned,his partner,in the desert.,0.0,5.4177695,1.868976,1.868976,2.223669,8.028996666666666,5.625406,8.397998666666666,4.719448,6.334723,,,2.625475,8.648342,10.787056,10.787056,2.609255,7.769049000000001,4.874924,4.970308333333333,6.0898046,7.009879473684211,2.609255,7.769049000000001,0.0049,9.8e-05,0.0102,0.0102,0.0537,1.39e-05,0.00324,6.86e-05,0.0049,5.56e-05,,,0.0537,7.08e-06,2.51e-05,2.51e-05,0.00324,6.77e-05,0.0186,2.51e-05,0.00324,6.77e-05
27,yes,yes,3,+wh_gap,He reported,who,the farmer said,his friend reported,he believed,,the cowboy,abandoned,,in the desert.,0.0,5.4177695,12.096594,12.096594,7.066419,8.802653333333334,8.091573,8.735072333333333,6.255692,6.9448015000000005,,,4.765059,9.482264,11.512448,11.512448,,,5.213539,4.4246316666666665,4.4246316666666665,7.834457882352942,5.213539,4.4246316666666665,0.0049,9.8e-05,0.00219,0.00219,0.0537,1.39e-05,0.00324,6.86e-05,0.0049,5.56e-05,,,0.0537,7.08e-06,2.51e-05,2.51e-05,,,0.0186,2.51e-05,0.0186,2.51e-05
27,yes,no,3,+wh_no_gap,He reported,who,the farmer said,his friend reported,he believed,,the cowboy,abandoned,his partner,in the desert.,0.0,5.4177695,12.096594,12.096594,7.066419,8.802653333333334,8.091573,8.735072333333333,6.255692,6.9448015000000005,,,4.765059,9.482264,11.512448,11.512448,3.273132,8.1624295,4.581289,4.727181333333333,6.1012806,7.916752210526314,3.273132,8.1624295,0.0049,9.8e-05,0.00219,0.00219,0.0537,1.39e-05,0.00324,6.86e-05,0.0049,5.56e-05,,,0.0537,7.08e-06,2.51e-05,2.51e-05,0.00324,6.77e-05,0.0186,2.51e-05,0.00324,6.77e-05
27,no,yes,4,-wh_gap,He reported,that,the farmer said,his friend reported,he believed,he noticed,the cowboy,abandoned,,in the desert.,0.0,5.4177695,1.868976,1.868976,2.223669,8.028996666666666,5.625406,8.397998666666666,4.719448,6.334723,2.809965,8.464773000000001,2.101732,8.2670385,11.724265,11.724265,,,6.450285,4.871055666666666,4.871055666666666,7.0766316842105255,6.450285,4.871055666666666,0.0049,9.8e-05,0.0102,0.0102,0.0537,1.39e-05,0.00324,6.86e-05,0.0049,5.56e-05,0.0049,4.23e-05,0.0537,7.08e-06,2.51e-05,2.51e-05,,,0.0186,2.51e-05,0.0186,2.51e-05
27,no,no,4,-wh_no_gap,He reported,that,the farmer said,his friend reported,he believed,he noticed,the cowboy,abandoned,his partner,in the desert.,0.0,5.4177695,1.868976,1.868976,2.223669,8.028996666666666,5.625406,8.397998666666666,4.719448,6.334723,2.809965,8.464773000000001,2.101732,8.2670385,11.724265,11.724265,2.330599,7.403869999999999,4.471525,4.706273666666667,5.7853122,7.084256952380951,2.330599,7.403869999999999,0.0049,9.8e-05,0.0102,0.0102,0.0537,1.39e-05,0.00324,6.86e-05,0.0049,5.56e-05,0.0049,4.23e-05,0.0537,7.08e-06,2.51e-05,2.51e-05,0.00324,6.77e-05,0.0186,2.51e-05,0.00324,6.77e-05
27,yes,yes,4,+wh_gap,He reported,who,the farmer said,his friend reported,he believed,he noticed,the cowboy,abandoned,,in the desert.,0.0,5.4177695,12.096594,12.096594,7.066419,8.802653333333334,8.091573,8.735072333333333,6.255692,6.9448015000000005,4.606267,8.710127,5.26827,9.8713925,12.026996,12.026996,,,5.233523,4.35926,4.35926,7.984354105263158,5.233523,4.35926,0.0049,9.8e-05,0.00219,0.00219,0.0537,1.39e-05,0.00324,6.86e-05,0.0049,5.56e-05,0.0049,4.23e-05,0.0537,7.08e-06,2.51e-05,2.51e-05,,,0.0186,2.51e-05,0.0186,2.51e-05
27,yes,no,4,+wh_no_gap,He reported,who,the farmer said,his friend reported,he believed,he noticed,the cowboy,abandoned,his partner,in the desert.,0.0,5.4177695,12.096594,12.096594,7.066419,8.802653333333334,8.091573,8.735072333333333,6.255692,6.9448015000000005,4.606267,8.710127,5.26827,9.8713925,12.026996,12.026996,3.148158,7.682559,4.13659,4.519770333333334,5.7848858,7.978541761904763,3.148158,7.682559,0.0049,9.8e-05,0.00219,0.00219,0.0537,1.39e-05,0.00324,6.86e-05,0.0049,5.56e-05,0.0049,4.23e-05,0.0537,7.08e-06,2.51e-05,2.51e-05,0.00324,6.77e-05,0.0186,2.51e-05,0.00324,6.77e-05
28,no,yes,0,-wh_gap,They reported,that,,,,,the manager,promoted,,yesterday.,0.0,5.2062265,1.780984,1.780984,,,,,,,,,1.89322,7.4593235,14.379107,14.379107,,,21.538828,21.538828,21.538828,9.004288428571428,21.538828,21.538828,0.00316,9.69e-05,0.0102,0.0102,,,,,,,,,0.0537,9.32e-05,1.41e-05,1.41e-05,,,8.13e-05,8.13e-05,8.13e-05,8.13e-05
28,no,no,0,-wh_no_gap,They reported,that,,,,,the manager,promoted,the accountant,yesterday.,0.0,5.2062265,1.780984,1.780984,,,,,,,,,1.89322,7.4593235,14.379107,14.379107,1.44825,9.7480555,20.314869,20.314869,13.270326666666667,9.033574555555557,1.44825,9.7480555,0.00316,9.69e-05,0.0102,0.0102,,,,,,,,,0.0537,9.32e-05,1.41e-05,1.41e-05,0.0537,5.75e-06,8.13e-05,8.13e-05,0.0537,5.75e-06
28,yes,yes,0,+wh_gap,They reported,who,,,,,the manager,promoted,,yesterday.,0.0,5.2062265,11.821813,11.821813,,,,,,,,,7.229744,9.6326095,13.547946,13.547946,,,16.87669,16.87669,16.87669,10.274874428571428,16.87669,16.87669,0.00316,9.69e-05,0.00219,0.00219,,,,,,,,,0.0537,9.32e-05,1.41e-05,1.41e-05,,,8.13e-05,8.13e-05,8.13e-05,8.13e-05
28,yes,no,0,+wh_no_gap,They reported,who,,,,,the manager,promoted,the accountant,yesterday.,0.0,5.2062265,11.821813,11.821813,,,,,,,,,7.229744,9.6326095,13.547946,13.547946,4.293314,11.037795,17.833395,17.833395,13.302995,10.550712888888889,4.293314,11.037795,0.00316,9.69e-05,0.00219,0.00219,,,,,,,,,0.0537,9.32e-05,1.41e-05,1.41e-05,0.0537,5.75e-06,8.13e-05,8.13e-05,0.0537,5.75e-06
28,no,yes,1,-wh_gap,They reported,that,the executive said,,,,the manager,promoted,,yesterday.,0.0,5.2062265,1.780984,1.780984,1.89322,8.135167666666666,,,,,,,3.213771,8.1738745,14.653064,14.653064,,,21.279322,21.279322,21.279322,8.8879075,21.279322,21.279322,0.00316,9.69e-05,0.0102,0.0102,0.0537,6.9e-05,,,,,,,0.0537,9.32e-05,1.41e-05,1.41e-05,,,8.13e-05,8.13e-05,8.13e-05,8.13e-05
28,no,no,1,-wh_no_gap,They reported,that,the executive said,,,,the manager,promoted,the accountant,yesterday.,0.0,5.2062265,1.780984,1.780984,1.89322,8.135167666666666,,,,,,,3.213771,8.1738745,14.653064,14.653064,1.455305,9.86536,19.856035,19.856035,13.195585,8.932209,1.455305,9.86536,0.00316,9.69e-05,0.0102,0.0102,0.0537,6.9e-05,,,,,,,0.0537,9.32e-05,1.41e-05,1.41e-05,0.0537,5.75e-06,8.13e-05,8.13e-05,0.0537,5.75e-06
28,yes,yes,1,+wh_gap,They reported,who,the executive said,,,,the manager,promoted,,yesterday.,0.0,5.2062265,11.821813,11.821813,7.229744,8.566055666666665,,,,,,,4.485958,8.7260275,14.95913,14.95913,,,19.926914,19.926914,19.926914,10.0270532,19.926914,19.926914,0.00316,9.69e-05,0.00219,0.00219,0.0537,6.9e-05,,,,,,,0.0537,9.32e-05,1.41e-05,1.41e-05,,,8.13e-05,8.13e-05,8.13e-05,8.13e-05
28,yes,no,1,+wh_no_gap,They reported,who,the executive said,,,,the manager,promoted,the accountant,yesterday.,0.0,5.2062265,11.821813,11.821813,7.229744,8.566055666666665,,,,,,,4.485958,8.7260275,14.95913,14.95913,1.624744,10.0139885,19.461361,19.461361,13.163112666666668,9.986079666666669,1.624744,10.0139885,0.00316,9.69e-05,0.00219,0.00219,0.0537,6.9e-05,,,,,,,0.0537,9.32e-05,1.41e-05,1.41e-05,0.0537,5.75e-06,8.13e-05,8.13e-05,0.0537,5.75e-06
28,no,yes,2,-wh_gap,They reported,that,the executive said,a reporter believed,,,the manager,promoted,,yesterday.,0.0,5.2062265,1.780984,1.780984,1.89322,8.135167666666666,6.948168,9.120344,,,,,2.703472,8.328933000000001,14.872362,14.872362,,,20.635906,20.635906,20.635906,8.932777384615385,20.635906,20.635906,0.00316,9.69e-05,0.0102,0.0102,0.0537,6.9e-05,0.0229,1.6e-05,,,,,0.0537,9.32e-05,1.41e-05,1.41e-05,,,8.13e-05,8.13e-05,8.13e-05,8.13e-05
28,no,no,2,-wh_no_gap,They reported,that,the executive said,a reporter believed,,,the manager,promoted,the accountant,yesterday.,0.0,5.2062265,1.780984,1.780984,1.89322,8.135167666666666,6.948168,9.120344,,,,,2.703472,8.328933000000001,14.872362,14.872362,1.530424,9.5554515,19.645082,19.645082,12.918661666666663,8.949745666666667,1.530424,9.5554515,0.00316,9.69e-05,0.0102,0.0102,0.0537,6.9e-05,0.0229,1.6e-05,,,,,0.0537,9.32e-05,1.41e-05,1.41e-05,0.0537,5.75e-06,8.13e-05,8.13e-05,0.0537,5.75e-06
28,yes,yes,2,+wh_gap,They reported,who,the executive said,a reporter believed,,,the manager,promoted,,yesterday.,0.0,5.2062265,11.821813,11.821813,7.229744,8.566055666666665,7.715989,8.767986333333333,,,,,2.895143,8.496001,15.133484,15.133484,,,20.279972,20.279972,20.279972,9.74168076923077,20.279972,20.279972,0.00316,9.69e-05,0.00219,0.00219,0.0537,6.9e-05,0.0229,1.6e-05,,,,,0.0537,9.32e-05,1.41e-05,1.41e-05,,,8.13e-05,8.13e-05,8.13e-05,8.13e-05
28,yes,no,2,+wh_no_gap,They reported,who,the executive said,a reporter believed,,,the manager,promoted,the accountant,yesterday.,0.0,5.2062265,11.821813,11.821813,7.229744,8.566055666666665,7.715989,8.767986333333333,,,,,2.895143,8.496001,15.133484,15.133484,1.626311,9.637547,19.424391,19.424391,12.899828333333334,9.670757533333337,1.626311,9.637547,0.00316,9.69e-05,0.00219,0.00219,0.0537,6.9e-05,0.0229,1.6e-05,,,,,0.0537,9.32e-05,1.41e-05,1.41e-05,0.0537,5.75e-06,8.13e-05,8.13e-05,0.0537,5.75e-06
28,no,yes,3,-wh_gap,They reported,that,the executive said,a reporter believed,the client said,,the manager,promoted,,yesterday.,0.0,5.2062265,1.780984,1.780984,1.89322,8.135167666666666,6.948168,9.120344,2.703472,8.424914333333334,,,3.772477,8.4230795,15.863935,15.863935,,,20.897224,20.897224,20.897224,8.927627062500001,20.897224,20.897224,0.00316,9.69e-05,0.0102,0.0102,0.0537,6.9e-05,0.0229,1.6e-05,0.0537,3.35e-05,,,0.0537,9.32e-05,1.41e-05,1.41e-05,,,8.13e-05,8.13e-05,8.13e-05,8.13e-05
28,no,no,3,-wh_no_gap,They reported,that,the executive said,a reporter believed,the client said,,the manager,promoted,the accountant,yesterday.,0.0,5.2062265,1.780984,1.780984,1.89322,8.135167666666666,6.948168,9.120344,2.703472,8.424914333333334,,,3.772477,8.4230795,15.863935,15.863935,1.591468,9.5524945,19.525291,19.525291,12.87676,8.92083827777778,1.591468,9.5524945,0.00316,9.69e-05,0.0102,0.0102,0.0537,6.9e-05,0.0229,1.6e-05,0.0537,3.35e-05,,,0.0537,9.32e-05,1.41e-05,1.41e-05,0.0537,5.75e-06,8.13e-05,8.13e-05,0.0537,5.75e-06
28,yes,yes,3,+wh_gap,They reported,who,the executive said,a reporter believed,the client said,,the manager,promoted,,yesterday.,0.0,5.2062265,11.821813,11.821813,7.229744,8.566055666666665,7.715989,8.767986333333333,2.895143,8.535829999999999,,,3.885957,8.4666865,15.672614,15.672614,,,20.730265,20.730265,20.730265,9.573758375,20.730265,20.730265,0.00316,9.69e-05,0.00219,0.00219,0.0537,6.9e-05,0.0229,1.6e-05,0.0537,3.35e-05,,,0.0537,9.32e-05,1.41e-05,1.41e-05,,,8.13e-05,8.13e-05,8.13e-05,8.13e-05
28,yes,no,3,+wh_no_gap,They reported,who,the executive said,a reporter believed,the client said,,the manager,promoted,the accountant,yesterday.,0.0,5.2062265,11.821813,11.821813,7.229744,8.566055666666665,7.715989,8.767986333333333,2.895143,8.535829999999999,,,3.885957,8.4666865,15.672614,15.672614,1.647854,9.626713,19.430496,19.430496,12.894640666666666,9.507432833333333,1.647854,9.626713,0.00316,9.69e-05,0.00219,0.00219,0.0537,6.9e-05,0.0229,1.6e-05,0.0537,3.35e-05,,,0.0537,9.32e-05,1.41e-05,1.41e-05,0.0537,5.75e-06,8.13e-05,8.13e-05,0.0537,5.75e-06
28,no,yes,4,-wh_gap,They reported,that,the executive said,a reporter believed,the client said,he saw,the manager,promoted,,yesterday.,0.0,5.2062265,1.780984,1.780984,1.89322,8.135167666666666,6.948168,9.120344,2.703472,8.424914333333334,3.809714,6.443789499999999,2.148834,7.408120999999999,18.50491,18.50491,,,18.344194,18.344194,18.344194,8.543757777777778,18.344194,18.344194,0.00316,9.69e-05,0.0102,0.0102,0.0537,6.9e-05,0.0229,1.6e-05,0.0537,3.35e-05,0.0049,0.000209,0.0537,9.32e-05,1.41e-05,1.41e-05,,,8.13e-05,8.13e-05,8.13e-05,8.13e-05
28,no,no,4,-wh_no_gap,They reported,that,the executive said,a reporter believed,the client said,he saw,the manager,promoted,the accountant,yesterday.,0.0,5.2062265,1.780984,1.780984,1.89322,8.135167666666666,6.948168,9.120344,2.703472,8.424914333333334,3.809714,6.443789499999999,2.148834,7.408120999999999,18.50491,18.50491,2.83228,9.973906,18.523813,18.523813,12.823875,8.69575355,2.83228,9.973906,0.00316,9.69e-05,0.0102,0.0102,0.0537,6.9e-05,0.0229,1.6e-05,0.0537,3.35e-05,0.0049,0.000209,0.0537,9.32e-05,1.41e-05,1.41e-05,0.0537,5.75e-06,8.13e-05,8.13e-05,0.0537,5.75e-06
28,yes,yes,4,+wh_gap,They reported,who,the executive said,a reporter believed,the client said,he saw,the manager,promoted,,yesterday.,0.0,5.2062265,11.821813,11.821813,7.229744,8.566055666666665,7.715989,8.767986333333333,2.895143,8.535829999999999,3.704396,6.219442000000001,2.168055,7.4682925,18.643145,18.643145,,,17.821367,17.821367,17.821367,9.093547944444444,17.821367,17.821367,0.00316,9.69e-05,0.00219,0.00219,0.0537,6.9e-05,0.0229,1.6e-05,0.0537,3.35e-05,0.0049,0.000209,0.0537,9.32e-05,1.41e-05,1.41e-05,,,8.13e-05,8.13e-05,8.13e-05,8.13e-05
28,yes,no,4,+wh_no_gap,They reported,who,the executive said,a reporter believed,the client said,he saw,the manager,promoted,the accountant,yesterday.,0.0,5.2062265,11.821813,11.821813,7.229744,8.566055666666665,7.715989,8.767986333333333,2.895143,8.535829999999999,3.704396,6.219442000000001,2.168055,7.4682925,18.643145,18.643145,3.077187,10.1536755,18.152639,18.152639,12.819996666666666,9.2161243,3.077187,10.1536755,0.00316,9.69e-05,0.00219,0.00219,0.0537,6.9e-05,0.0229,1.6e-05,0.0537,3.35e-05,0.0049,0.000209,0.0537,9.32e-05,1.41e-05,1.41e-05,0.0537,5.75e-06,8.13e-05,8.13e-05,0.0537,5.75e-06
29,no,yes,0,-wh_gap,They recalled,that,,,,,the heiress,divorced,,last year.,0.0,6.4988775,3.338919,3.338919,,,,,,,,,2.030145,10.7014035,12.793162,12.793162,,,16.331905,8.990839,8.990839,8.564290125,16.331905,8.990839,0.00316,9.52e-06,0.0102,0.0102,,,,,,,,,0.0537,1.17e-06,1.1e-05,1.1e-05,,,0.000724,0.000404,0.000724,0.000404
29,no,no,0,-wh_no_gap,They recalled,that,,,,,the heiress,divorced,the count,last year.,0.0,6.4988775,3.338919,3.338919,,,,,,,,,2.030145,10.7014035,12.793162,12.793162,5.753978,11.973007,15.572659,8.7616075,10.36730725,9.2001872,5.753978,11.973007,0.00316,9.52e-06,0.0102,0.0102,,,,,,,,,0.0537,1.17e-06,1.1e-05,1.1e-05,0.0537,6.75e-05,0.000724,0.000404,0.0537,6.75e-05
29,yes,yes,0,+wh_gap,They recalled,who,,,,,the heiress,divorced,,last year.,0.0,6.4988775,10.332471,10.332471,,,,,,,,,6.027031,11.93122,11.813808,11.813808,,,16.429222,9.1123005,9.1123005,9.653884375,16.429222,9.1123005,0.00316,9.52e-06,0.00219,0.00219,,,,,,,,,0.0537,1.17e-06,1.1e-05,1.1e-05,,,0.000724,0.000404,0.000724,0.000404
29,yes,no,0,+wh_no_gap,They recalled,who,,,,,the heiress,divorced,the count,last year.,0.0,6.4988775,10.332471,10.332471,,,,,,,,,6.027031,11.93122,11.813808,11.813808,6.348087,12.6975685,16.318996,9.641396,11.16948225,10.3684403,6.348087,12.6975685,0.00316,9.52e-06,0.00219,0.00219,,,,,,,,,0.0537,1.17e-06,1.1e-05,1.1e-05,0.0537,6.75e-05,0.000724,0.000404,0.0537,6.75e-05
29,no,yes,1,-wh_gap,They recalled,that,the writer thought,,,,the heiress,divorced,,last year.,0.0,6.4988775,3.338919,3.338919,2.030145,7.525764,,,,,,,2.91471,11.7408625,13.800982,13.800982,,,16.943419,9.6575845,9.6575845,8.682894727272728,16.943419,9.6575845,0.00316,9.52e-06,0.0102,0.0102,0.0537,4.35e-05,,,,,,,0.0537,1.17e-06,1.1e-05,1.1e-05,,,0.000724,0.000404,0.000724,0.000404
29,no,no,1,-wh_no_gap,They recalled,that,the writer thought,,,,the heiress,divorced,the count,last year.,0.0,6.4988775,3.338919,3.338919,2.030145,7.525764,,,,,,,2.91471,11.7408625,13.800982,13.800982,7.314379,13.518033,15.728564,8.788728,11.1533805,9.293091923076926,7.314379,13.518033,0.00316,9.52e-06,0.0102,0.0102,0.0537,4.35e-05,,,,,,,0.0537,1.17e-06,1.1e-05,1.1e-05,0.0537,6.75e-05,0.000724,0.000404,0.0537,6.75e-05
29,yes,yes,1,+wh_gap,They recalled,who,the writer thought,,,,the heiress,divorced,,last year.,0.0,6.4988775,10.332471,10.332471,6.027031,8.375459,,,,,,,4.38601,10.78435,15.954805,15.954805,,,17.256868,9.8009225,9.8009225,9.598359363636364,17.256868,9.8009225,0.00316,9.52e-06,0.00219,0.00219,0.0537,4.35e-05,,,,,,,0.0537,1.17e-06,1.1e-05,1.1e-05,,,0.000724,0.000404,0.000724,0.000404
29,yes,no,1,+wh_no_gap,They recalled,who,the writer thought,,,,the heiress,divorced,the count,last year.,0.0,6.4988775,10.332471,10.332471,6.027031,8.375459,,,,,,,4.38601,10.78435,15.954805,15.954805,6.850824,13.3369665,15.706189,8.823812,11.08038925,10.023205,6.850824,13.3369665,0.00316,9.52e-06,0.00219,0.00219,0.0537,4.35e-05,,,,,,,0.0537,1.17e-06,1.1e-05,1.1e-05,0.0537,6.75e-05,0.000724,0.000404,0.0537,6.75e-05
29,no,yes,2,-wh_gap,They recalled,that,the writer thought,the man said,,,the heiress,divorced,,last year.,0.0,6.4988775,3.338919,3.338919,2.030145,7.525764,2.91471,7.721513333333333,,,,,4.711791,10.1553705,14.542246,14.542246,,,17.936718,10.1384495,10.1384495,8.372028,17.936718,10.1384495,0.00316,9.52e-06,0.0102,0.0102,0.0537,4.35e-05,0.0537,0.000398,,,,,0.0537,1.17e-06,1.1e-05,1.1e-05,,,0.000724,0.000404,0.000724,0.000404
29,no,no,2,-wh_no_gap,They recalled,that,the writer thought,the man said,,,the heiress,divorced,the count,last year.,0.0,6.4988775,3.338919,3.338919,2.030145,7.525764,2.91471,7.721513333333333,,,,,4.711791,10.1553705,14.542246,14.542246,6.892051,12.889585,14.694737,8.501294,10.6954395,8.7320781875,6.892051,12.889585,0.00316,9.52e-06,0.0102,0.0102,0.0537,4.35e-05,0.0537,0.000398,,,,,0.0537,1.17e-06,1.1e-05,1.1e-05,0.0537,6.75e-05,0.000724,0.000404,0.0537,6.75e-05
29,yes,yes,2,+wh_gap,They recalled,who,the writer thought,the man said,,,the heiress,divorced,,last year.,0.0,6.4988775,10.332471,10.332471,6.027031,8.375459,4.38601,7.646138333333333,,,,,5.712673,11.4267855,13.773264,13.773264,,,17.28846,9.7107285,9.7107285,9.10309357142857,17.28846,9.7107285,0.00316,9.52e-06,0.00219,0.00219,0.0537,4.35e-05,0.0537,0.000398,,,,,0.0537,1.17e-06,1.1e-05,1.1e-05,,,0.000724,0.000404,0.000724,0.000404
29,yes,no,2,+wh_no_gap,They recalled,who,the writer thought,the man said,,,the heiress,divorced,the count,last year.,0.0,6.4988775,10.332471,10.332471,6.027031,8.375459,4.38601,7.646138333333333,,,,,5.712673,11.4267855,13.773264,13.773264,6.182373,12.4362745,15.441454,8.8221185,10.6291965,9.4086649375,6.182373,12.4362745,0.00316,9.52e-06,0.00219,0.00219,0.0537,4.35e-05,0.0537,0.000398,,,,,0.0537,1.17e-06,1.1e-05,1.1e-05,0.0537,6.75e-05,0.000724,0.000404,0.0537,6.75e-05
29,no,yes,3,-wh_gap,They recalled,that,the writer thought,the man said,his brother believed,,the heiress,divorced,,last year.,0.0,6.4988775,3.338919,3.338919,2.030145,7.525764,2.91471,7.721513333333333,7.094841,7.692471666666667,,,3.876472,10.5392445,15.926338,15.926338,,,17.567873,10.1025685,10.1025685,8.37446382352941,17.567873,10.1025685,0.00316,9.52e-06,0.0102,0.0102,0.0537,4.35e-05,0.0537,0.000398,0.00324,3.87e-05,,,0.0537,1.17e-06,1.1e-05,1.1e-05,,,0.000724,0.000404,0.000724,0.000404
29,no,no,3,-wh_no_gap,They recalled,that,the writer thought,the man said,his brother believed,,the heiress,divorced,the count,last year.,0.0,6.4988775,3.338919,3.338919,2.030145,7.525764,2.91471,7.721513333333333,7.094841,7.692471666666667,,,3.876472,10.5392445,15.926338,15.926338,6.606312,12.368644,15.711241,9.0169465,10.69279525,8.680627842105265,6.606312,12.368644,0.00316,9.52e-06,0.0102,0.0102,0.0537,4.35e-05,0.0537,0.000398,0.00324,3.87e-05,,,0.0537,1.17e-06,1.1e-05,1.1e-05,0.0537,6.75e-05,0.000724,0.000404,0.0537,6.75e-05
29,yes,yes,3,+wh_gap,They recalled,who,the writer thought,the man said,his brother believed,,the heiress,divorced,,last year.,0.0,6.4988775,10.332471,10.332471,6.027031,8.375459,4.38601,7.646138333333333,8.869982,8.254548666666667,,,3.715826,10.9260845,15.387604,15.387604,,,17.445017,10.059207,10.059207,9.030403,17.445017,10.059207,0.00316,9.52e-06,0.00219,0.00219,0.0537,4.35e-05,0.0537,0.000398,0.00324,3.87e-05,,,0.0537,1.17e-06,1.1e-05,1.1e-05,,,0.000724,0.000404,0.000724,0.000404
29,yes,no,3,+wh_no_gap,They recalled,who,the writer thought,the man said,his brother believed,,the heiress,divorced,the count,last year.,0.0,6.4988775,10.332471,10.332471,6.027031,8.375459,4.38601,7.646138333333333,8.869982,8.254548666666667,,,3.715826,10.9260845,15.387604,15.387604,6.512557,12.4069705,15.901682,9.0855445,10.7462575,9.283340368421053,6.512557,12.4069705,0.00316,9.52e-06,0.00219,0.00219,0.0537,4.35e-05,0.0537,0.000398,0.00324,3.87e-05,,,0.0537,1.17e-06,1.1e-05,1.1e-05,0.0537,6.75e-05,0.000724,0.000404,0.0537,6.75e-05
29,no,yes,4,-wh_gap,They recalled,that,the writer thought,the man said,his brother believed,he saw,the heiress,divorced,,last year.,0.0,6.4988775,3.338919,3.338919,2.030145,7.525764,2.91471,7.721513333333333,7.094841,7.692471666666667,3.132562,6.2562045,2.458301,9.9560775,15.532864,15.532864,,,17.045263,9.6376415,9.6376415,8.020454315789474,17.045263,9.6376415,0.00316,9.52e-06,0.0102,0.0102,0.0537,4.35e-05,0.0537,0.000398,0.00324,3.87e-05,0.0049,0.000209,0.0537,1.17e-06,1.1e-05,1.1e-05,,,0.000724,0.000404,0.000724,0.000404
29,no,no,4,-wh_no_gap,They recalled,that,the writer thought,the man said,his brother believed,he saw,the heiress,divorced,the count,last year.,0.0,6.4988775,3.338919,3.338919,2.030145,7.525764,2.91471,7.721513333333333,7.094841,7.692471666666667,3.132562,6.2562045,2.458301,9.9560775,15.532864,15.532864,9.815146,14.8840285,13.966155,8.410401,11.64721475,8.557248,9.815146,14.8840285,0.00316,9.52e-06,0.0102,0.0102,0.0537,4.35e-05,0.0537,0.000398,0.00324,3.87e-05,0.0049,0.000209,0.0537,1.17e-06,1.1e-05,1.1e-05,0.0537,6.75e-05,0.000724,0.000404,0.0537,6.75e-05
29,yes,yes,4,+wh_gap,They recalled,who,the writer thought,the man said,his brother believed,he saw,the heiress,divorced,,last year.,0.0,6.4988775,10.332471,10.332471,6.027031,8.375459,4.38601,7.646138333333333,8.869982,8.254548666666667,3.094332,6.0561625,2.364722,10.1331275,15.440217,15.440217,,,16.996637,9.577447,9.577447,8.585913421052629,16.996637,9.577447,0.00316,9.52e-06,0.00219,0.00219,0.0537,4.35e-05,0.0537,0.000398,0.00324,3.87e-05,0.0049,0.000209,0.0537,1.17e-06,1.1e-05,1.1e-05,,,0.000724,0.000404,0.000724,0.000404
29,yes,no,4,+wh_no_gap,They recalled,who,the writer thought,the man said,his brother believed,he saw,the heiress,divorced,the count,last year.,0.0,6.4988775,10.332471,10.332471,6.027031,8.375459,4.38601,7.646138333333333,8.869982,8.254548666666667,3.094332,6.0561625,2.364722,10.1331275,15.440217,15.440217,9.80655,14.9920375,14.077458,8.416223500000001,11.7041305,9.08542776190476,9.80655,14.9920375,0.00316,9.52e-06,0.00219,0.00219,0.0537,4.35e-05,0.0537,0.000398,0.00324,3.87e-05,0.0049,0.000209,0.0537,1.17e-06,1.1e-05,1.1e-05,0.0537,6.75e-05,0.000724,0.000404,0.0537,6.75e-05
3,no,yes,0,-wh_gap,The assistant told me,that,,,,,the pilot,sent,,to his family.,0.0,9.333513,1.373172,1.373172,,,,,,,,,2.547316,6.9553495000000005,12.885751,12.885751,,,4.183185,5.061836333333333,5.061836333333333,7.335380272727272,4.183185,5.061836333333333,0.0537,4.49e-05,0.0102,0.0102,,,,,,,,,0.0537,3.31e-05,0.000145,0.000145,,,0.0269,0.000395,0.0269,0.000395
3,no,no,0,-wh_no_gap,The assistant told me,that,,,,,the pilot,sent,the package,to his family.,0.0,9.333513,1.373172,1.373172,,,,,,,,,2.547316,6.9553495000000005,12.885751,12.885751,3.326726,7.6308525,2.07666,4.292741,5.6279856,7.203354,3.326726,7.6308525,0.0537,4.49e-05,0.0102,0.0102,,,,,,,,,0.0537,3.31e-05,0.000145,0.000145,0.0537,2.88e-05,0.0269,0.000395,0.0537,2.88e-05
3,yes,yes,0,+wh_gap,The assistant told me,what,,,,,the pilot,sent,,to his family.,0.0,9.333513,6.024121,6.024121,,,,,,,,,3.385898,7.5950895,12.105173,12.105173,,,1.814334,4.192196,4.192196,7.56637390909091,1.814334,4.192196,0.0537,4.49e-05,0.0024,0.0024,,,,,,,,,0.0537,3.31e-05,0.000145,0.000145,,,0.0269,0.000395,0.0269,0.000395
3,yes,no,0,+wh_no_gap,The assistant told me,what,,,,,the pilot,sent,the package,to his family.,0.0,9.333513,6.024121,6.024121,,,,,,,,,3.385898,7.5950895,12.105173,12.105173,5.572852,8.6346575,2.338947,4.576464666666667,6.1997418,7.819402615384616,5.572852,8.6346575,0.0537,4.49e-05,0.0024,0.0024,,,,,,,,,0.0537,3.31e-05,0.000145,0.000145,0.0537,2.88e-05,0.0269,0.000395,0.0537,2.88e-05
3,no,yes,1,-wh_gap,The assistant told me,that,the man knew,,,,the pilot,sent,,to his family.,0.0,9.333513,1.373172,1.373172,2.547316,5.733424666666667,,,,,,,3.409596,7.9393585,13.952477,13.952477,,,4.256371,4.9093610000000005,4.9093610000000005,7.176198214285714,4.256371,4.9093610000000005,0.0537,4.49e-05,0.0102,0.0102,0.0537,0.000128,,,,,,,0.0537,3.31e-05,0.000145,0.000145,,,0.0269,0.000395,0.0269,0.000395
3,no,no,1,-wh_no_gap,The assistant told me,that,the man knew,,,,the pilot,sent,the package,to his family.,0.0,9.333513,1.373172,1.373172,2.547316,5.733424666666667,,,,,,,3.409596,7.9393585,13.952477,13.952477,3.579285,8.0151545,2.180806,4.168231333333334,5.7070006,7.142105937499999,3.579285,8.0151545,0.0537,4.49e-05,0.0102,0.0102,0.0537,0.000128,,,,,,,0.0537,3.31e-05,0.000145,0.000145,0.0537,2.88e-05,0.0269,0.000395,0.0537,2.88e-05
3,yes,yes,1,+wh_gap,The assistant told me,what,the man knew,,,,the pilot,sent,,to his family.,0.0,9.333513,6.024121,6.024121,3.385898,5.892614666666667,,,,,,,5.945312,9.628807,12.937306,12.937306,,,1.592576,3.856467333333333,3.856467333333333,7.485738500000001,1.592576,3.856467333333333,0.0537,4.49e-05,0.0024,0.0024,0.0537,0.000128,,,,,,,0.0537,3.31e-05,0.000145,0.000145,,,0.0269,0.000395,0.0269,0.000395
3,yes,no,1,+wh_no_gap,The assistant told me,what,the man knew,,,,the pilot,sent,the package,to his family.,0.0,9.333513,6.024121,6.024121,3.385898,5.892614666666667,,,,,,,5.945312,9.628807,12.937306,12.937306,6.444373,9.5371095,2.316424,4.342933,6.4206036,7.833372187500001,6.444373,9.5371095,0.0537,4.49e-05,0.0024,0.0024,0.0537,0.000128,,,,,,,0.0537,3.31e-05,0.000145,0.000145,0.0537,2.88e-05,0.0269,0.000395,0.0537,2.88e-05
3,no,yes,2,-wh_gap,The assistant told me,that,the man knew,his friend recalled,,,the pilot,sent,,to his family.,0.0,9.333513,1.373172,1.373172,2.547316,5.733424666666667,6.052195,9.580466666666666,,,,,3.451155,7.691178,11.880071,11.880071,,,1.585192,3.4902816666666667,3.4902816666666667,7.1989511764705885,1.585192,3.4902816666666667,0.0537,4.49e-05,0.0102,0.0102,0.0537,0.000128,0.00324,9.15e-06,,,,,0.0537,3.31e-05,0.000145,0.000145,,,0.0269,0.000395,0.0269,0.000395
3,no,no,2,-wh_no_gap,The assistant told me,that,the man knew,his friend recalled,,,the pilot,sent,the package,to his family.,0.0,9.333513,1.373172,1.373172,2.547316,5.733424666666667,6.052195,9.580466666666666,,,,,3.451155,7.691178,11.880071,11.880071,5.069229,8.391434,1.981325,3.885074,5.687618,7.3868113157894735,5.069229,8.391434,0.0537,4.49e-05,0.0102,0.0102,0.0537,0.000128,0.00324,9.15e-06,,,,,0.0537,3.31e-05,0.000145,0.000145,0.0537,2.88e-05,0.0269,0.000395,0.0537,2.88e-05
3,yes,yes,2,+wh_gap,The assistant told me,what,the man knew,his friend recalled,,,the pilot,sent,,to his family.,0.0,9.333513,6.024121,6.024121,3.385898,5.892614666666667,9.374415,10.178130666666666,,,,,6.784121,10.648169,11.257672,11.257672,,,1.134923,3.443505333333333,3.443505333333333,7.909113823529412,1.134923,3.443505333333333,0.0537,4.49e-05,0.0024,0.0024,0.0537,0.000128,0.00324,9.15e-06,,,,,0.0537,3.31e-05,0.000145,0.000145,,,0.0269,0.000395,0.0269,0.000395
3,yes,no,2,+wh_no_gap,The assistant told me,what,the man knew,his friend recalled,,,the pilot,sent,the package,to his family.,0.0,9.333513,6.024121,6.024121,3.385898,5.892614666666667,9.374415,10.178130666666666,,,,,6.784121,10.648169,11.257672,11.257672,5.897177,8.999835000000001,1.882205,3.882528666666667,5.929451200000001,8.09324605263158,5.897177,8.999835000000001,0.0537,4.49e-05,0.0024,0.0024,0.0537,0.000128,0.00324,9.15e-06,,,,,0.0537,3.31e-05,0.000145,0.000145,0.0537,2.88e-05,0.0269,0.000395,0.0537,2.88e-05
3,no,yes,3,-wh_gap,The assistant told me,that,the man knew,his friend recalled,the woman said,,the pilot,sent,,to his family.,0.0,9.333513,1.373172,1.373172,2.547316,5.733424666666667,6.052195,9.580466666666666,3.451155,7.571305,,,5.25326,8.3777905,11.427875,11.427875,,,3.926971,4.722629333333333,4.722629333333333,7.48570785,3.926971,4.722629333333333,0.0537,4.49e-05,0.0102,0.0102,0.0537,0.000128,0.00324,9.15e-06,0.0537,0.000183,,,0.0537,3.31e-05,0.000145,0.000145,,,0.0269,0.000395,0.0269,0.000395
3,no,no,3,-wh_no_gap,The assistant told me,that,the man knew,his friend recalled,the woman said,,the pilot,sent,the package,to his family.,0.0,9.333513,1.373172,1.373172,2.547316,5.733424666666667,6.052195,9.580466666666666,3.451155,7.571305,,,5.25326,8.3777905,11.427875,11.427875,3.765574,8.05339,1.952124,4.157552333333334,5.715887400000001,7.460259363636362,3.765574,8.05339,0.0537,4.49e-05,0.0102,0.0102,0.0537,0.000128,0.00324,9.15e-06,0.0537,0.000183,,,0.0537,3.31e-05,0.000145,0.000145,0.0537,2.88e-05,0.0269,0.000395,0.0537,2.88e-05
3,yes,yes,3,+wh_gap,The assistant told me,what,the man knew,his friend recalled,the woman said,,the pilot,sent,,to his family.,0.0,9.333513,6.024121,6.024121,3.385898,5.892614666666667,9.374415,10.178130666666666,6.784121,8.753050666666667,,,5.818064,8.915771,11.31127,11.31127,,,3.4363,4.585061666666667,4.585061666666667,8.0363779,3.4363,4.585061666666667,0.0537,4.49e-05,0.0024,0.0024,0.0537,0.000128,0.00324,9.15e-06,0.0537,0.000183,,,0.0537,3.31e-05,0.000145,0.000145,,,0.0269,0.000395,0.0269,0.000395
3,yes,no,3,+wh_no_gap,The assistant told me,what,the man knew,his friend recalled,the woman said,,the pilot,sent,the package,to his family.,0.0,9.333513,6.024121,6.024121,3.385898,5.892614666666667,9.374415,10.178130666666666,6.784121,8.753050666666667,,,5.818064,8.915771,11.31127,11.31127,3.877916,8.156839,1.90758,4.14244,5.7481996,7.986971409090909,3.877916,8.156839,0.0537,4.49e-05,0.0024,0.0024,0.0537,0.000128,0.00324,9.15e-06,0.0537,0.000183,,,0.0537,3.31e-05,0.000145,0.000145,0.0537,2.88e-05,0.0269,0.000395,0.0537,2.88e-05
3,no,yes,4,-wh_gap,The assistant told me,that,the man knew,his friend recalled,the woman said,her colleague saw,the pilot,sent,,to his family.,0.0,9.333513,1.373172,1.373172,2.547316,5.733424666666667,6.052195,9.580466666666666,3.451155,7.571305,7.700275,9.818375666666666,2.885796,7.073694,12.698366,12.698366,,,1.769492,4.074365,4.074365,7.647251695652175,1.769492,4.074365,0.0537,4.49e-05,0.0102,0.0102,0.0537,0.000128,0.00324,9.15e-06,0.0537,0.000183,0.002,9.11e-06,0.0537,3.31e-05,0.000145,0.000145,,,0.0269,0.000395,0.0269,0.000395
3,no,no,4,-wh_no_gap,The assistant told me,that,the man knew,his friend recalled,the woman said,her colleague saw,the pilot,sent,the package,to his family.,0.0,9.333513,1.373172,1.373172,2.547316,5.733424666666667,6.052195,9.580466666666666,3.451155,7.571305,7.700275,9.818375666666666,2.885796,7.073694,12.698366,12.698366,5.108664,8.7133645,1.894262,4.298729333333333,6.064583400000001,7.75946444,5.108664,8.7133645,0.0537,4.49e-05,0.0102,0.0102,0.0537,0.000128,0.00324,9.15e-06,0.0537,0.000183,0.002,9.11e-06,0.0537,3.31e-05,0.000145,0.000145,0.0537,2.88e-05,0.0269,0.000395,0.0537,2.88e-05
3,yes,yes,4,+wh_gap,The assistant told me,what,the man knew,his friend recalled,the woman said,her colleague saw,the pilot,sent,,to his family.,0.0,9.333513,6.024121,6.024121,3.385898,5.892614666666667,9.374415,10.178130666666666,6.784121,8.753050666666667,8.216453,9.680307333333332,2.991531,7.3381545,12.87466,12.87466,,,1.784469,4.161049333333334,4.161049333333334,8.12628695652174,1.784469,4.161049333333334,0.0537,4.49e-05,0.0024,0.0024,0.0537,0.000128,0.00324,9.15e-06,0.0537,0.000183,0.002,9.11e-06,0.0537,3.31e-05,0.000145,0.000145,,,0.0269,0.000395,0.0269,0.000395
3,yes,no,4,+wh_no_gap,The assistant told me,what,the man knew,his friend recalled,the woman said,her colleague saw,the pilot,sent,the package,to his family.,0.0,9.333513,6.024121,6.024121,3.385898,5.892614666666667,9.374415,10.178130666666666,6.784121,8.753050666666667,8.216453,9.680307333333332,2.991531,7.3381545,12.87466,12.87466,4.927267,8.5791755,1.878811,4.3345416666666665,6.0323952,8.18333712,4.927267,8.5791755,0.0537,4.49e-05,0.0024,0.0024,0.0537,0.000128,0.00324,9.15e-06,0.0537,0.000183,0.002,9.11e-06,0.0537,3.31e-05,0.000145,0.000145,0.0537,2.88e-05,0.0269,0.000395,0.0537,2.88e-05
30,no,yes,0,-wh_gap,We recalled,that,,,,,the clown,frightened,,at the party.,0.0,7.1331015,3.365684,3.365684,,,,,,,,,2.013075,9.1231135,17.385469,17.385469,,,7.420527,5.798976666666666,5.798976666666666,7.851168111111112,7.420527,5.798976666666666,0.00347,9.52e-06,0.0102,0.0102,,,,,,,,,0.0537,8.51e-06,5.5e-06,5.5e-06,,,0.00501,0.00029,0.00501,0.00029
30,no,no,0,-wh_no_gap,We recalled,that,,,,,the clown,frightened,the children,at the party.,0.0,7.1331015,3.365684,3.365684,,,,,,,,,2.013075,9.1231135,17.385469,17.385469,2.897221,5.2610045,4.941435,4.900719,5.044833200000001,7.13524990909091,2.897221,5.2610045,0.00347,9.52e-06,0.0102,0.0102,,,,,,,,,0.0537,8.51e-06,5.5e-06,5.5e-06,0.0537,0.000294,0.00501,0.00029,0.0537,0.000294
30,yes,yes,0,+wh_gap,We recalled,who,,,,,the clown,frightened,,at the party.,0.0,7.1331015,8.667806,8.667806,,,,,,,,,5.621344,9.9252285,16.190725,16.190725,,,5.706666,5.339927333333333,5.339927333333333,8.332774777777779,5.706666,5.339927333333333,0.00347,9.52e-06,0.00219,0.00219,,,,,,,,,0.0537,8.51e-06,5.5e-06,5.5e-06,,,0.00501,0.00029,0.00501,0.00029
30,yes,no,0,+wh_no_gap,We recalled,who,,,,,the clown,frightened,the children,at the party.,0.0,7.1331015,8.667806,8.667806,,,,,,,,,5.621344,9.9252285,16.190725,16.190725,4.562797,6.232897,5.702979,5.172671666666666,5.5967618,7.905363636363637,4.562797,6.232897,0.00347,9.52e-06,0.00219,0.00219,,,,,,,,,0.0537,8.51e-06,5.5e-06,5.5e-06,0.0537,0.000294,0.00501,0.00029,0.0537,0.000294
30,no,yes,1,-wh_gap,We recalled,that,the actor said,,,,the clown,frightened,,at the party.,0.0,7.1331015,3.365684,3.365684,2.013075,7.204410333333333,,,,,,,3.913705,8.5892535,17.866575,17.866575,,,7.600338,5.858377,5.858377,7.655444249999999,7.600338,5.858377,0.00347,9.52e-06,0.0102,0.0102,0.0537,4.28e-05,,,,,,,0.0537,8.51e-06,5.5e-06,5.5e-06,,,0.00501,0.00029,0.00501,0.00029
30,no,no,1,-wh_no_gap,We recalled,that,the actor said,,,,the clown,frightened,the children,at the party.,0.0,7.1331015,3.365684,3.365684,2.013075,7.204410333333333,,,,,,,3.913705,8.5892535,17.866575,17.866575,3.178605,5.8326595,5.169351,4.981779333333333,5.322131399999999,7.207204071428572,3.178605,5.8326595,0.00347,9.52e-06,0.0102,0.0102,0.0537,4.28e-05,,,,,,,0.0537,8.51e-06,5.5e-06,5.5e-06,0.0537,0.000294,0.00501,0.00029,0.0537,0.000294
30,yes,yes,1,+wh_gap,We recalled,who,the actor said,,,,the clown,frightened,,at the party.,0.0,7.1331015,8.667806,8.667806,5.621344,8.062327666666667,,,,,,,5.484583,9.3242715,17.376959,17.376959,,,7.827309,5.925122333333334,5.925122333333334,8.410155083333335,7.827309,5.925122333333334,0.00347,9.52e-06,0.00219,0.00219,0.0537,4.28e-05,,,,,,,0.0537,8.51e-06,5.5e-06,5.5e-06,,,0.00501,0.00029,0.00501,0.00029
30,yes,no,1,+wh_no_gap,We recalled,who,the actor said,,,,the clown,frightened,the children,at the party.,0.0,7.1331015,8.667806,8.667806,5.621344,8.062327666666667,,,,,,,5.484583,9.3242715,17.376959,17.376959,3.668895,6.053273000000001,5.409853,5.0053643333333335,5.4245278,7.876366642857143,3.668895,6.053273000000001,0.00347,9.52e-06,0.00219,0.00219,0.0537,4.28e-05,,,,,,,0.0537,8.51e-06,5.5e-06,5.5e-06,0.0537,0.000294,0.00501,0.00029,0.0537,0.000294
30,no,yes,2,-wh_gap,We recalled,that,the actor said,the people knew,,,the clown,frightened,,at the party.,0.0,7.1331015,3.365684,3.365684,2.013075,7.204410333333333,3.913705,6.516550666666667,,,,,3.436183,7.772172999999999,19.492474,19.492474,,,8.0889,6.091668666666667,6.091668666666667,7.473773066666666,8.0889,6.091668666666667,0.00347,9.52e-06,0.0102,0.0102,0.0537,4.28e-05,0.0537,0.000145,,,,,0.0537,8.51e-06,5.5e-06,5.5e-06,,,0.00501,0.00029,0.00501,0.00029
30,no,no,2,-wh_no_gap,We recalled,that,the actor said,the people knew,,,the clown,frightened,the children,at the party.,0.0,7.1331015,3.365684,3.365684,2.013075,7.204410333333333,3.913705,6.516550666666667,,,,,3.436183,7.772172999999999,19.492474,19.492474,3.766018,5.9981305,5.814332,5.031095666666666,5.4179096,7.113008117647059,3.766018,5.9981305,0.00347,9.52e-06,0.0102,0.0102,0.0537,4.28e-05,0.0537,0.000145,,,,,0.0537,8.51e-06,5.5e-06,5.5e-06,0.0537,0.000294,0.00501,0.00029,0.0537,0.000294
30,yes,yes,2,+wh_gap,We recalled,who,the actor said,the people knew,,,the clown,frightened,,at the party.,0.0,7.1331015,8.667806,8.667806,5.621344,8.062327666666667,5.484583,6.649968666666667,,,,,3.537174,7.9220425,19.407967,19.407967,,,8.925066,6.381446999999999,6.381446999999999,8.0978194,8.925066,6.381446999999999,0.00347,9.52e-06,0.00219,0.00219,0.0537,4.28e-05,0.0537,0.000145,,,,,0.0537,8.51e-06,5.5e-06,5.5e-06,,,0.00501,0.00029,0.00501,0.00029
30,yes,no,2,+wh_no_gap,We recalled,who,the actor said,the people knew,,,the clown,frightened,the children,at the party.,0.0,7.1331015,8.667806,8.667806,5.621344,8.062327666666667,5.484583,6.649968666666667,,,,,3.537174,7.9220425,19.407967,19.407967,3.916649,6.161153,5.913157,5.038296,5.4874388,7.632949647058823,3.916649,6.161153,0.00347,9.52e-06,0.00219,0.00219,0.0537,4.28e-05,0.0537,0.000145,,,,,0.0537,8.51e-06,5.5e-06,5.5e-06,0.0537,0.000294,0.00501,0.00029,0.0537,0.000294
30,no,yes,3,-wh_gap,We recalled,that,the actor said,the people knew,he thought,,the clown,frightened,,at the party.,0.0,7.1331015,3.365684,3.365684,2.013075,7.204410333333333,3.913705,6.516550666666667,4.784596,6.7108445,,,2.851398,7.9976125,17.328083,17.328083,,,6.911467,5.737584666666667,5.737584666666667,7.220736529411765,6.911467,5.737584666666667,0.00347,9.52e-06,0.0102,0.0102,0.0537,4.28e-05,0.0537,0.000145,0.0049,0.00036,,,0.0537,8.51e-06,5.5e-06,5.5e-06,,,0.00501,0.00029,0.00501,0.00029
30,no,no,3,-wh_no_gap,We recalled,that,the actor said,the people knew,he thought,,the clown,frightened,the children,at the party.,0.0,7.1331015,3.365684,3.365684,2.013075,7.204410333333333,3.913705,6.516550666666667,4.784596,6.7108445,,,2.851398,7.9976125,17.328083,17.328083,3.949181,5.9903925,5.745949,5.104384333333333,5.4587876,6.991247631578948,3.949181,5.9903925,0.00347,9.52e-06,0.0102,0.0102,0.0537,4.28e-05,0.0537,0.000145,0.0049,0.00036,,,0.0537,8.51e-06,5.5e-06,5.5e-06,0.0537,0.000294,0.00501,0.00029,0.0537,0.000294
30,yes,yes,3,+wh_gap,We recalled,who,the actor said,the people knew,he thought,,the clown,frightened,,at the party.,0.0,7.1331015,8.667806,8.667806,5.621344,8.062327666666667,5.484583,6.649968666666667,4.70437,6.5420795,,,2.944846,8.101783000000001,17.170488,17.170488,,,7.039397,5.756471333333333,5.756471333333333,7.694030882352941,7.039397,5.756471333333333,0.00347,9.52e-06,0.00219,0.00219,0.0537,4.28e-05,0.0537,0.000145,0.0049,0.00036,,,0.0537,8.51e-06,5.5e-06,5.5e-06,,,0.00501,0.00029,0.00501,0.00029
30,yes,no,3,+wh_no_gap,We recalled,who,the actor said,the people knew,he thought,,the clown,frightened,the children,at the party.,0.0,7.1331015,8.667806,8.667806,5.621344,8.062327666666667,5.484583,6.649968666666667,4.70437,6.5420795,,,2.944846,8.101783000000001,17.170488,17.170488,4.112402,6.196061500000001,5.761516,5.051667,5.509424800000001,7.425065,4.112402,6.196061500000001,0.00347,9.52e-06,0.00219,0.00219,0.0537,4.28e-05,0.0537,0.000145,0.0049,0.00036,,,0.0537,8.51e-06,5.5e-06,5.5e-06,0.0537,0.000294,0.00501,0.00029,0.0537,0.000294
30,no,yes,4,-wh_gap,We recalled,that,the actor said,the people knew,he thought,he noticed,the clown,frightened,,at the party.,0.0,7.1331015,3.365684,3.365684,2.013075,7.204410333333333,3.913705,6.516550666666667,4.784596,6.7108445,3.615062,9.552537,2.215509,6.929206000000001,18.317221,18.317221,,,6.051839,5.208780333333333,5.208780333333333,7.3222898421052625,6.051839,5.208780333333333,0.00347,9.52e-06,0.0102,0.0102,0.0537,4.28e-05,0.0537,0.000145,0.0049,0.00036,0.0049,4.23e-05,0.0537,8.51e-06,5.5e-06,5.5e-06,,,0.00501,0.00029,0.00501,0.00029
30,no,no,4,-wh_no_gap,We recalled,that,the actor said,the people knew,he thought,he noticed,the clown,frightened,the children,at the party.,0.0,7.1331015,3.365684,3.365684,2.013075,7.204410333333333,3.913705,6.516550666666667,4.784596,6.7108445,3.615062,9.552537,2.215509,6.929206000000001,18.317221,18.317221,5.20153,7.112041,5.77477,4.981280333333333,5.8335846,7.269766142857143,5.20153,7.112041,0.00347,9.52e-06,0.0102,0.0102,0.0537,4.28e-05,0.0537,0.000145,0.0049,0.00036,0.0049,4.23e-05,0.0537,8.51e-06,5.5e-06,5.5e-06,0.0537,0.000294,0.00501,0.00029,0.0537,0.000294
30,yes,yes,4,+wh_gap,We recalled,who,the actor said,the people knew,he thought,he noticed,the clown,frightened,,at the party.,0.0,7.1331015,8.667806,8.667806,5.621344,8.062327666666667,5.484583,6.649968666666667,4.70437,6.5420795,3.752108,9.1888385,2.317478,7.0981605,18.35146,18.35146,,,6.067209,5.195715333333333,5.195715333333333,7.719350578947368,6.067209,5.195715333333333,0.00347,9.52e-06,0.00219,0.00219,0.0537,4.28e-05,0.0537,0.000145,0.0049,0.00036,0.0049,4.23e-05,0.0537,8.51e-06,5.5e-06,5.5e-06,,,0.00501,0.00029,0.00501,0.00029
30,yes,no,4,+wh_no_gap,We recalled,who,the actor said,the people knew,he thought,he noticed,the clown,frightened,the children,at the party.,0.0,7.1331015,8.667806,8.667806,5.621344,8.062327666666667,5.484583,6.649968666666667,4.70437,6.5420795,3.752108,9.1888385,2.317478,7.0981605,18.35146,18.35146,5.253522,7.258024,5.73881,4.942808333333333,5.8688946,7.639285142857143,5.253522,7.258024,0.00347,9.52e-06,0.00219,0.00219,0.0537,4.28e-05,0.0537,0.000145,0.0049,0.00036,0.0049,4.23e-05,0.0537,8.51e-06,5.5e-06,5.5e-06,0.0537,0.000294,0.00501,0.00029,0.0537,0.000294
31,no,yes,0,-wh_gap,He recalled,that,,,,,the terrorist,assassinated,,last night.,0.0,5.915169,2.828473,2.828473,,,,,,,,,2.424241,8.627575,16.114313,16.114313,,,17.099928,11.1186025,11.1186025,8.783184875,17.099928,11.1186025,0.0049,9.53e-06,0.0102,0.0102,,,,,,,,,0.0537,2.24e-05,2.45e-06,2.45e-06,,,0.000724,0.000261,0.000724,0.000261
31,no,no,0,-wh_no_gap,He recalled,that,,,,,the terrorist,assassinated,the politician,last night.,0.0,5.915169,2.828473,2.828473,,,,,,,,,2.424241,8.627575,16.114313,16.114313,3.107085,7.614917999999999,14.583487,9.9532845,8.784101249999999,8.316467900000001,3.107085,7.614917999999999,0.0049,9.53e-06,0.0102,0.0102,,,,,,,,,0.0537,2.24e-05,2.45e-06,2.45e-06,0.0537,1.45e-05,0.000724,0.000261,0.0537,1.45e-05
31,yes,yes,0,+wh_gap,He recalled,who,,,,,the terrorist,assassinated,,last night.,0.0,5.915169,10.627078,10.627078,,,,,,,,,5.534445,9.8921735,13.910382,13.910382,,,15.50125,8.814310500000001,8.814310500000001,9.22259575,15.50125,8.814310500000001,0.0049,9.53e-06,0.00219,0.00219,,,,,,,,,0.0537,2.24e-05,2.45e-06,2.45e-06,,,0.000724,0.000261,0.000724,0.000261
31,yes,no,0,+wh_no_gap,He recalled,who,,,,,the terrorist,assassinated,the politician,last night.,0.0,5.915169,10.627078,10.627078,,,,,,,,,5.534445,9.8921735,13.910382,13.910382,4.600386,8.401894500000001,16.16708,10.930423,9.66615875,9.481678,4.600386,8.401894500000001,0.0049,9.53e-06,0.00219,0.00219,,,,,,,,,0.0537,2.24e-05,2.45e-06,2.45e-06,0.0537,1.45e-05,0.000724,0.000261,0.0537,1.45e-05
31,no,yes,1,-wh_gap,He recalled,that,the president said,,,,the terrorist,assassinated,,last night.,0.0,5.915169,2.828473,2.828473,2.424241,6.773932333333334,,,,,,,3.477312,8.67317,16.117029,16.117029,,,17.567137,11.268372,11.268372,8.270974636363636,17.567137,11.268372,0.0049,9.53e-06,0.0102,0.0102,0.0537,0.00022,,,,,,,0.0537,2.24e-05,2.45e-06,2.45e-06,,,0.000724,0.000261,0.000724,0.000261
31,no,no,1,-wh_no_gap,He recalled,that,the president said,,,,the terrorist,assassinated,the politician,last night.,0.0,5.915169,2.828473,2.828473,2.424241,6.773932333333334,,,,,,,3.477312,8.67317,16.117029,16.117029,3.339783,7.536312000000001,15.442138,10.5578655,9.04708875,8.048640923076924,3.339783,7.536312000000001,0.0049,9.53e-06,0.0102,0.0102,0.0537,0.00022,,,,,,,0.0537,2.24e-05,2.45e-06,2.45e-06,0.0537,1.45e-05,0.000724,0.000261,0.0537,1.45e-05
31,yes,yes,1,+wh_gap,He recalled,who,the president said,,,,the terrorist,assassinated,,last night.,0.0,5.915169,10.627078,10.627078,5.534445,7.267572666666666,,,,,,,5.535992,9.389243,15.557518,15.557518,,,17.180784,10.3235895,10.3235895,9.022119727272727,17.180784,10.3235895,0.0049,9.53e-06,0.00219,0.00219,0.0537,0.00022,,,,,,,0.0537,2.24e-05,2.45e-06,2.45e-06,,,0.000724,0.000261,0.000724,0.000261
31,yes,no,1,+wh_no_gap,He recalled,who,the president said,,,,the terrorist,assassinated,the politician,last night.,0.0,5.915169,10.627078,10.627078,5.534445,7.267572666666666,,,,,,,5.535992,9.389243,15.557518,15.557518,4.202351,7.8665365,15.953628,11.149873,9.50820475,8.97145823076923,4.202351,7.8665365,0.0049,9.53e-06,0.00219,0.00219,0.0537,0.00022,,,,,,,0.0537,2.24e-05,2.45e-06,2.45e-06,0.0537,1.45e-05,0.000724,0.000261,0.0537,1.45e-05
31,no,yes,2,-wh_gap,He recalled,that,the president said,the report confirmed,,,the terrorist,assassinated,,last night.,0.0,5.915169,2.828473,2.828473,2.424241,6.773932333333334,3.477312,8.070158,,,,,2.489184,7.444671,20.56307,20.56307,,,16.296824,10.32058,10.32058,8.234618142857142,16.296824,10.32058,0.0049,9.53e-06,0.0102,0.0102,0.0537,0.00022,0.0537,3.82e-05,,,,,0.0537,2.24e-05,2.45e-06,2.45e-06,,,0.000724,0.000261,0.000724,0.000261
31,no,no,2,-wh_no_gap,He recalled,that,the president said,the report confirmed,,,the terrorist,assassinated,the politician,last night.,0.0,5.915169,2.828473,2.828473,2.424241,6.773932333333334,3.477312,8.070158,,,,,2.489184,7.444671,20.56307,20.56307,3.80922,7.929377,15.858545,10.689624,9.3095005,8.2425935,3.80922,7.929377,0.0049,9.53e-06,0.0102,0.0102,0.0537,0.00022,0.0537,3.82e-05,,,,,0.0537,2.24e-05,2.45e-06,2.45e-06,0.0537,1.45e-05,0.000724,0.000261,0.0537,1.45e-05
31,yes,yes,2,+wh_gap,He recalled,who,the president said,the report confirmed,,,the terrorist,assassinated,,last night.,0.0,5.915169,10.627078,10.627078,5.534445,7.267572666666666,5.535992,9.247041,,,,,2.683384,7.487553,19.88817,19.88817,,,16.547058,10.6306805,10.6306805,9.151849571428572,16.547058,10.6306805,0.0049,9.53e-06,0.00219,0.00219,0.0537,0.00022,0.0537,3.82e-05,,,,,0.0537,2.24e-05,2.45e-06,2.45e-06,,,0.000724,0.000261,0.000724,0.000261
31,yes,no,2,+wh_no_gap,He recalled,who,the president said,the report confirmed,,,the terrorist,assassinated,the politician,last night.,0.0,5.915169,10.627078,10.627078,5.534445,7.267572666666666,5.535992,9.247041,,,,,2.683384,7.487553,19.88817,19.88817,3.416561,7.656779999999999,16.405918,11.0000245,9.32840225,9.011133875,3.416561,7.656779999999999,0.0049,9.53e-06,0.00219,0.00219,0.0537,0.00022,0.0537,3.82e-05,,,,,0.0537,2.24e-05,2.45e-06,2.45e-06,0.0537,1.45e-05,0.000724,0.000261,0.0537,1.45e-05
31,no,yes,3,-wh_gap,He recalled,that,the president said,the report confirmed,he believed,,the terrorist,assassinated,,last night.,0.0,5.915169,2.828473,2.828473,2.424241,6.773932333333334,3.477312,8.070158,5.652,6.564162,,,2.460569,7.108115,18.133974,18.133974,,,16.151249,10.6181285,10.6181285,7.8691166875,16.151249,10.6181285,0.0049,9.53e-06,0.0102,0.0102,0.0537,0.00022,0.0537,3.82e-05,0.0049,5.56e-05,,,0.0537,2.24e-05,2.45e-06,2.45e-06,,,0.000724,0.000261,0.000724,0.000261
31,no,no,3,-wh_no_gap,He recalled,that,the president said,the report confirmed,he believed,,the terrorist,assassinated,the politician,last night.,0.0,5.915169,2.828473,2.828473,2.424241,6.773932333333334,3.477312,8.070158,5.652,6.564162,,,2.460569,7.108115,18.133974,18.133974,4.335078,8.0908555,16.43532,11.188496,9.63967575,7.9571285,4.335078,8.0908555,0.0049,9.53e-06,0.0102,0.0102,0.0537,0.00022,0.0537,3.82e-05,0.0049,5.56e-05,,,0.0537,2.24e-05,2.45e-06,2.45e-06,0.0537,1.45e-05,0.000724,0.000261,0.0537,1.45e-05
31,yes,yes,3,+wh_gap,He recalled,who,the president said,the report confirmed,he believed,,the terrorist,assassinated,,last night.,0.0,5.915169,10.627078,10.627078,5.534445,7.267572666666666,5.535992,9.247041,5.047936,6.185914,,,2.457618,7.172643,17.825808,17.825808,,,16.338184,10.625131499999998,10.625131499999998,8.612152625,16.338184,10.625131499999998,0.0049,9.53e-06,0.00219,0.00219,0.0537,0.00022,0.0537,3.82e-05,0.0049,5.56e-05,,,0.0537,2.24e-05,2.45e-06,2.45e-06,,,0.000724,0.000261,0.000724,0.000261
31,yes,no,3,+wh_no_gap,He recalled,who,the president said,the report confirmed,he believed,,the terrorist,assassinated,the politician,last night.,0.0,5.915169,10.627078,10.627078,5.534445,7.267572666666666,5.535992,9.247041,5.047936,6.185914,,,2.457618,7.172643,17.825808,17.825808,4.267678,8.012387,16.577879,11.2148085,9.61359775,8.611031666666667,4.267678,8.012387,0.0049,9.53e-06,0.00219,0.00219,0.0537,0.00022,0.0537,3.82e-05,0.0049,5.56e-05,,,0.0537,2.24e-05,2.45e-06,2.45e-06,0.0537,1.45e-05,0.000724,0.000261,0.0537,1.45e-05
31,no,yes,4,-wh_gap,He recalled,that,the president said,the report confirmed,he believed,he remembered,the terrorist,assassinated,,last night.,0.0,5.915169,2.828473,2.828473,2.424241,6.773932333333334,3.477312,8.070158,5.652,6.564162,3.696431,8.9940745,1.896913,6.012449,17.855331,17.855331,,,16.344572,9.9880915,9.9880915,7.786887055555555,16.344572,9.9880915,0.0049,9.53e-06,0.0102,0.0102,0.0537,0.00022,0.0537,3.82e-05,0.0049,5.56e-05,0.0049,2.13e-05,0.0537,2.24e-05,2.45e-06,2.45e-06,,,0.000724,0.000261,0.000724,0.000261
31,no,no,4,-wh_no_gap,He recalled,that,the president said,the report confirmed,he believed,he remembered,the terrorist,assassinated,the politician,last night.,0.0,5.915169,2.828473,2.828473,2.424241,6.773932333333334,3.477312,8.070158,5.652,6.564162,3.696431,8.9940745,1.896913,6.012449,17.855331,17.855331,5.226739,8.668568,16.416985,10.67162,9.670094,7.943408000000001,5.226739,8.668568,0.0049,9.53e-06,0.0102,0.0102,0.0537,0.00022,0.0537,3.82e-05,0.0049,5.56e-05,0.0049,2.13e-05,0.0537,2.24e-05,2.45e-06,2.45e-06,0.0537,1.45e-05,0.000724,0.000261,0.0537,1.45e-05
31,yes,yes,4,+wh_gap,He recalled,who,the president said,the report confirmed,he believed,he remembered,the terrorist,assassinated,,last night.,0.0,5.915169,10.627078,10.627078,5.534445,7.267572666666666,5.535992,9.247041,5.047936,6.185914,3.955711,8.9286505,1.947199,6.1295505,17.448641,17.448641,,,16.204481,9.780843,9.780843,8.416656333333332,16.204481,9.780843,0.0049,9.53e-06,0.00219,0.00219,0.0537,0.00022,0.0537,3.82e-05,0.0049,5.56e-05,0.0049,2.13e-05,0.0537,2.24e-05,2.45e-06,2.45e-06,,,0.000724,0.000261,0.000724,0.000261
31,yes,no,4,+wh_no_gap,He recalled,who,the president said,the report confirmed,he believed,he remembered,the terrorist,assassinated,the politician,last night.,0.0,5.915169,10.627078,10.627078,5.534445,7.267572666666666,5.535992,9.247041,5.047936,6.185914,3.955711,8.9286505,1.947199,6.1295505,17.448641,17.448641,5.284918,8.650139,16.436123,10.6022895,9.62621425,8.52214925,5.284918,8.650139,0.0049,9.53e-06,0.00219,0.00219,0.0537,0.00022,0.0537,3.82e-05,0.0049,5.56e-05,0.0049,2.13e-05,0.0537,2.24e-05,2.45e-06,2.45e-06,0.0537,1.45e-05,0.000724,0.000261,0.0537,1.45e-05
32,no,yes,0,-wh_gap,I know,that,,,,,the librarian,greeted,,early in the morning.,0.0,3.139138,2.352433,2.352433,,,,,,,,,2.35511,9.7144515,19.2304,19.2304,,,13.510862,5.832115,5.832115,7.061847199999998,13.510862,5.832115,0.0123,0.00114,0.0102,0.0102,,,,,,,,,0.0537,3.89e-06,4.57e-06,4.57e-06,,,0.000269,0.000118,0.000269,0.000118
32,no,no,0,-wh_no_gap,I know,that,,,,,the librarian,greeted,the man,early in the morning.,0.0,3.139138,2.352433,2.352433,,,,,,,,,2.35511,9.7144515,19.2304,19.2304,1.697905,4.6362045,14.054453,4.922495250000001,4.827065,6.354366833333333,1.697905,4.6362045,0.0123,0.00114,0.0102,0.0102,,,,,,,,,0.0537,3.89e-06,4.57e-06,4.57e-06,0.0537,0.000653,0.000269,0.000118,0.0537,0.000653
32,yes,yes,0,+wh_gap,I know,who,,,,,the librarian,greeted,,early in the morning.,0.0,3.139138,6.580016,6.580016,,,,,,,,,5.056487,10.638127,17.007309,17.007309,,,12.579332,4.89928975,4.89928975,7.0739014,12.579332,4.89928975,0.0123,0.00114,0.00219,0.00219,,,,,,,,,0.0537,3.89e-06,4.57e-06,4.57e-06,,,0.000269,0.000118,0.000269,0.000118
32,yes,no,0,+wh_no_gap,I know,who,,,,,the librarian,greeted,the man,early in the morning.,0.0,3.139138,6.580016,6.580016,,,,,,,,,5.056487,10.638127,17.007309,17.007309,3.416578,5.265059,14.314771,5.15350625,5.1906905000000005,6.857166499999998,3.416578,5.265059,0.0123,0.00114,0.00219,0.00219,,,,,,,,,0.0537,3.89e-06,4.57e-06,4.57e-06,0.0537,0.000653,0.000269,0.000118,0.0537,0.000653
32,no,yes,1,-wh_gap,I know,that,the mayor said,,,,the librarian,greeted,,early in the morning.,0.0,3.139138,2.352433,2.352433,2.35511,8.774236333333333,,,,,,,3.216996,10.461336500000002,17.800936,17.800936,,,13.953335,5.62382625,5.62382625,7.397871692307693,13.953335,5.62382625,0.0123,0.00114,0.0102,0.0102,0.0537,4e-05,,,,,,,0.0537,3.89e-06,4.57e-06,4.57e-06,,,0.000269,0.000118,0.000269,0.000118
32,no,no,1,-wh_no_gap,I know,that,the mayor said,,,,the librarian,greeted,the man,early in the morning.,0.0,3.139138,2.352433,2.352433,2.35511,8.774236333333333,,,,,,,3.216996,10.461336500000002,17.800936,17.800936,1.77977,4.892061999999999,14.447426,5.1253045,5.047557,6.930824599999999,1.77977,4.892061999999999,0.0123,0.00114,0.0102,0.0102,0.0537,4e-05,,,,,,,0.0537,3.89e-06,4.57e-06,4.57e-06,0.0537,0.000653,0.000269,0.000118,0.0537,0.000653
32,yes,yes,1,+wh_gap,I know,who,the mayor said,,,,the librarian,greeted,,early in the morning.,0.0,3.139138,6.580016,6.580016,5.056487,9.107947666666666,,,,,,,5.002458,11.0666615,17.060493,17.060493,,,13.563347,5.54329325,5.54329325,7.811471076923075,13.563347,5.54329325,0.0123,0.00114,0.00219,0.00219,0.0537,4e-05,,,,,,,0.0537,3.89e-06,4.57e-06,4.57e-06,,,0.000269,0.000118,0.000269,0.000118
32,yes,no,1,+wh_no_gap,I know,who,the mayor said,,,,the librarian,greeted,the man,early in the morning.,0.0,3.139138,6.580016,6.580016,5.056487,9.107947666666666,,,,,,,5.002458,11.0666615,17.060493,17.060493,1.727796,4.9310825,14.622404,5.144840749999999,5.073588,7.321165266666667,1.727796,4.9310825,0.0123,0.00114,0.00219,0.00219,0.0537,4e-05,,,,,,,0.0537,3.89e-06,4.57e-06,4.57e-06,0.0537,0.000653,0.000269,0.000118,0.0537,0.000653
32,no,yes,2,-wh_gap,I know,that,the mayor said,the clerk believed,,,the librarian,greeted,,early in the morning.,0.0,3.139138,2.352433,2.352433,2.35511,8.774236333333333,3.216996,8.839768,,,,,2.86781,9.0268635,17.42909,17.42909,,,13.887174,5.507118750000001,5.507118750000001,7.436500875,13.887174,5.507118750000001,0.0123,0.00114,0.0102,0.0102,0.0537,4e-05,0.0537,8.49e-06,,,,,0.0537,3.89e-06,4.57e-06,4.57e-06,,,0.000269,0.000118,0.000269,0.000118
32,no,no,2,-wh_no_gap,I know,that,the mayor said,the clerk believed,,,the librarian,greeted,the man,early in the morning.,0.0,3.139138,2.352433,2.352433,2.35511,8.774236333333333,3.216996,8.839768,,,,,2.86781,9.0268635,17.42909,17.42909,1.730364,4.6407095,13.822015,4.9272877500000005,4.831761666666666,6.997006055555556,1.730364,4.6407095,0.0123,0.00114,0.0102,0.0102,0.0537,4e-05,0.0537,8.49e-06,,,,,0.0537,3.89e-06,4.57e-06,4.57e-06,0.0537,0.000653,0.000269,0.000118,0.0537,0.000653
32,yes,yes,2,+wh_gap,I know,who,the mayor said,the clerk believed,,,the librarian,greeted,,early in the morning.,0.0,3.139138,6.580016,6.580016,5.056487,9.107947666666666,5.002458,9.607197666666666,,,,,3.115828,9.1853655,17.41357,17.41357,,,14.300837,5.7787715,5.7787715,7.993944687499999,14.300837,5.7787715,0.0123,0.00114,0.00219,0.00219,0.0537,4e-05,0.0537,8.49e-06,,,,,0.0537,3.89e-06,4.57e-06,4.57e-06,,,0.000269,0.000118,0.000269,0.000118
32,yes,no,2,+wh_no_gap,I know,who,the mayor said,the clerk believed,,,the librarian,greeted,the man,early in the morning.,0.0,3.139138,6.580016,6.580016,5.056487,9.107947666666666,5.002458,9.607197666666666,,,,,3.115828,9.1853655,17.41357,17.41357,1.755088,4.6320925,13.998557,4.9162785,4.821549833333333,7.428740444444445,1.755088,4.6320925,0.0123,0.00114,0.00219,0.00219,0.0537,4e-05,0.0537,8.49e-06,,,,,0.0537,3.89e-06,4.57e-06,4.57e-06,0.0537,0.000653,0.000269,0.000118,0.0537,0.000653
32,no,yes,3,-wh_gap,I know,that,the mayor said,the clerk believed,he witnessed,,the librarian,greeted,,early in the morning.,0.0,3.139138,2.352433,2.352433,2.35511,8.774236333333333,3.216996,8.839768,3.821882,9.1268855,,,1.152143,9.778695,19.83919,19.83919,,,13.958303,5.308342250000001,5.308342250000001,7.7975801111111105,13.958303,5.308342250000001,0.0123,0.00114,0.0102,0.0102,0.0537,4e-05,0.0537,8.49e-06,0.0049,1.09e-05,,,0.0537,3.89e-06,4.57e-06,4.57e-06,,,0.000269,0.000118,0.000269,0.000118
32,no,no,3,-wh_no_gap,I know,that,the mayor said,the clerk believed,he witnessed,,the librarian,greeted,the man,early in the morning.,0.0,3.139138,2.352433,2.352433,2.35511,8.774236333333333,3.216996,8.839768,3.821882,9.1268855,,,1.152143,9.778695,19.83919,19.83919,1.853699,4.6144795,14.450807,4.950014499999999,4.8381695,7.4076045,1.853699,4.6144795,0.0123,0.00114,0.0102,0.0102,0.0537,4e-05,0.0537,8.49e-06,0.0049,1.09e-05,,,0.0537,3.89e-06,4.57e-06,4.57e-06,0.0537,0.000653,0.000269,0.000118,0.0537,0.000653
32,yes,yes,3,+wh_gap,I know,who,the mayor said,the clerk believed,he witnessed,,the librarian,greeted,,early in the morning.,0.0,3.139138,6.580016,6.580016,5.056487,9.107947666666666,5.002458,9.607197666666666,4.123365,8.817959,,,1.130379,9.686843,19.900684,19.900684,,,13.828132,5.251141499999999,5.251141499999999,8.162143444444446,13.828132,5.251141499999999,0.0123,0.00114,0.00219,0.00219,0.0537,4e-05,0.0537,8.49e-06,0.0049,1.09e-05,,,0.0537,3.89e-06,4.57e-06,4.57e-06,,,0.000269,0.000118,0.000269,0.000118
32,yes,no,3,+wh_no_gap,I know,who,the mayor said,the clerk believed,he witnessed,,the librarian,greeted,the man,early in the morning.,0.0,3.139138,6.580016,6.580016,5.056487,9.107947666666666,5.002458,9.607197666666666,4.123365,8.817959,,,1.130379,9.686843,19.900684,19.900684,1.86124,4.5703135,14.400002,4.939755,4.816607833333333,7.74068315,1.86124,4.5703135,0.0123,0.00114,0.00219,0.00219,0.0537,4e-05,0.0537,8.49e-06,0.0049,1.09e-05,,,0.0537,3.89e-06,4.57e-06,4.57e-06,0.0537,0.000653,0.000269,0.000118,0.0537,0.000653
32,no,yes,4,-wh_gap,I know,that,the mayor said,the clerk believed,he witnessed,he noticed,the librarian,greeted,,early in the morning.,0.0,3.139138,2.352433,2.352433,2.35511,8.774236333333333,3.216996,8.839768,3.821882,9.1268855,9.359286,11.135664,2.033824,9.751514,18.432709,18.432709,,,13.341811,4.9083405,4.9083405,7.978346000000002,13.341811,4.9083405,0.0123,0.00114,0.0102,0.0102,0.0537,4e-05,0.0537,8.49e-06,0.0049,1.09e-05,0.0049,4.23e-05,0.0537,3.89e-06,4.57e-06,4.57e-06,,,0.000269,0.000118,0.000269,0.000118
32,no,no,4,-wh_no_gap,I know,that,the mayor said,the clerk believed,he witnessed,he noticed,the librarian,greeted,the man,early in the morning.,0.0,3.139138,2.352433,2.352433,2.35511,8.774236333333333,3.216996,8.839768,3.821882,9.1268855,9.359286,11.135664,2.033824,9.751514,18.432709,18.432709,2.063853,4.5552655,14.185542,4.87078175,4.765609666666666,7.660327999999999,2.063853,4.5552655,0.0123,0.00114,0.0102,0.0102,0.0537,4e-05,0.0537,8.49e-06,0.0049,1.09e-05,0.0049,4.23e-05,0.0537,3.89e-06,4.57e-06,4.57e-06,0.0537,0.000653,0.000269,0.000118,0.0537,0.000653
32,yes,yes,4,+wh_gap,I know,who,the mayor said,the clerk believed,he witnessed,he noticed,the librarian,greeted,,early in the morning.,0.0,3.139138,6.580016,6.580016,5.056487,9.107947666666666,5.002458,9.607197666666666,4.123365,8.817959,9.22459,10.7719515,2.01895,9.6984105,18.821836,18.821836,,,13.254665,4.84905,4.84905,8.2899203,13.254665,4.84905,0.0123,0.00114,0.00219,0.00219,0.0537,4e-05,0.0537,8.49e-06,0.0049,1.09e-05,0.0049,4.23e-05,0.0537,3.89e-06,4.57e-06,4.57e-06,,,0.000269,0.000118,0.000269,0.000118
32,yes,no,4,+wh_no_gap,I know,who,the mayor said,the clerk believed,he witnessed,he noticed,the librarian,greeted,the man,early in the morning.,0.0,3.139138,6.580016,6.580016,5.056487,9.107947666666666,5.002458,9.607197666666666,4.123365,8.817959,9.22459,10.7719515,2.01895,9.6984105,18.821836,18.821836,2.16913,4.66791,14.118167,4.832846,4.777867333333333,7.957700454545454,2.16913,4.66791,0.0123,0.00114,0.00219,0.00219,0.0537,4e-05,0.0537,8.49e-06,0.0049,1.09e-05,0.0049,4.23e-05,0.0537,3.89e-06,4.57e-06,4.57e-06,0.0537,0.000653,0.000269,0.000118,0.0537,0.000653
33,no,yes,0,-wh_gap,You know,that,,,,,the millionaire,supported,,last year.,0.0,3.112767,3.970907,3.970907,,,,,,,,,2.063794,9.6264805,14.14707,14.14707,,,15.982223,11.025464,11.025464,8.205924999999999,15.982223,11.025464,0.00955,0.00111,0.0102,0.0102,,,,,,,,,0.0537,5.37e-06,4.79e-05,4.79e-05,,,0.000724,0.000404,0.000724,0.000404
33,no,no,0,-wh_no_gap,You know,that,,,,,the millionaire,supported,the candidate,last year.,0.0,3.112767,3.970907,3.970907,,,,,,,,,2.063794,9.6264805,14.14707,14.14707,2.08762,8.054714,14.551661,8.2358995,8.14530675,7.617769900000001,2.08762,8.054714,0.00955,0.00111,0.0102,0.0102,,,,,,,,,0.0537,5.37e-06,4.79e-05,4.79e-05,0.0537,4.57e-05,0.000724,0.000404,0.0537,4.57e-05
33,yes,yes,0,+wh_gap,You know,who,,,,,the millionaire,supported,,last year.,0.0,3.112767,7.834128,7.834128,,,,,,,,,4.899722,9.9504645,14.470551,14.470551,,,14.332657,9.51208,9.51208,8.43191275,14.332657,9.51208,0.00955,0.00111,0.00219,0.00219,,,,,,,,,0.0537,5.37e-06,4.79e-05,4.79e-05,,,0.000724,0.000404,0.000724,0.000404
33,yes,no,0,+wh_no_gap,You know,who,,,,,the millionaire,supported,the candidate,last year.,0.0,3.112767,7.834128,7.834128,,,,,,,,,4.899722,9.9504645,14.470551,14.470551,3.598889,8.728027,13.730038,7.894393,8.31121,8.167598199999999,3.598889,8.728027,0.00955,0.00111,0.00219,0.00219,,,,,,,,,0.0537,5.37e-06,4.79e-05,4.79e-05,0.0537,4.57e-05,0.000724,0.000404,0.0537,4.57e-05
33,no,yes,1,-wh_gap,You know,that,the lobbyist believed,,,,the millionaire,supported,,last year.,0.0,3.112767,3.970907,3.970907,2.063794,11.069759,,,,,,,3.340664,9.8147565,12.123897,12.123897,,,16.056383,10.7188865,10.7188865,8.781536454545455,16.056383,10.7188865,0.00955,0.00111,0.0102,0.0102,0.0537,1.23e-06,,,,,,,0.0537,5.37e-06,4.79e-05,4.79e-05,,,0.000724,0.000404,0.000724,0.000404
33,no,no,1,-wh_no_gap,You know,that,the lobbyist believed,,,,the millionaire,supported,the candidate,last year.,0.0,3.112767,3.970907,3.970907,2.063794,11.069759,,,,,,,3.340664,9.8147565,12.123897,12.123897,2.042807,7.48097,15.787682,8.9404625,8.21071625,8.307845615384617,2.042807,7.48097,0.00955,0.00111,0.0102,0.0102,0.0537,1.23e-06,,,,,,,0.0537,5.37e-06,4.79e-05,4.79e-05,0.0537,4.57e-05,0.000724,0.000404,0.0537,4.57e-05
33,yes,yes,1,+wh_gap,You know,who,the lobbyist believed,,,,the millionaire,supported,,last year.,0.0,3.112767,7.834128,7.834128,4.899722,11.883935333333334,,,,,,,5.17522,10.3229665,12.812223,12.812223,,,17.056492,10.349533,10.349533,9.44260818181818,17.056492,10.349533,0.00955,0.00111,0.00219,0.00219,0.0537,1.23e-06,,,,,,,0.0537,5.37e-06,4.79e-05,4.79e-05,,,0.000724,0.000404,0.000724,0.000404
33,yes,no,1,+wh_no_gap,You know,who,the lobbyist believed,,,,the millionaire,supported,the candidate,last year.,0.0,3.112767,7.834128,7.834128,4.899722,11.883935333333334,,,,,,,5.17522,10.3229665,12.812223,12.812223,3.226646,8.0325795,15.090849,8.4298045,8.231192,8.930337846153847,3.226646,8.0325795,0.00955,0.00111,0.00219,0.00219,0.0537,1.23e-06,,,,,,,0.0537,5.37e-06,4.79e-05,4.79e-05,0.0537,4.57e-05,0.000724,0.000404,0.0537,4.57e-05
33,no,yes,2,-wh_gap,You know,that,the lobbyist believed,the secretary said,,,the millionaire,supported,,last year.,0.0,3.112767,3.970907,3.970907,2.063794,11.069759,3.340664,8.859140666666667,,,,,3.194377,10.153024,12.286311,12.286311,,,16.661827,10.900849999999998,10.900849999999998,8.884085642857142,16.661827,10.900849999999998,0.00955,0.00111,0.0102,0.0102,0.0537,1.23e-06,0.0537,8.19e-05,,,,,0.0537,5.37e-06,4.79e-05,4.79e-05,,,0.000724,0.000404,0.000724,0.000404
33,no,no,2,-wh_no_gap,You know,that,the lobbyist believed,the secretary said,,,the millionaire,supported,the candidate,last year.,0.0,3.112767,3.970907,3.970907,2.063794,11.069759,3.340664,8.859140666666667,,,,,3.194377,10.153024,12.286311,12.286311,1.977612,7.6960135,16.32226,9.12862,8.41231675,8.514047875,1.977612,7.6960135,0.00955,0.00111,0.0102,0.0102,0.0537,1.23e-06,0.0537,8.19e-05,,,,,0.0537,5.37e-06,4.79e-05,4.79e-05,0.0537,4.57e-05,0.000724,0.000404,0.0537,4.57e-05
33,yes,yes,2,+wh_gap,You know,who,the lobbyist believed,the secretary said,,,the millionaire,supported,,last year.,0.0,3.112767,7.834128,7.834128,4.899722,11.883935333333334,5.17522,8.877107666666666,,,,,5.877343,10.742478,12.333965,12.333965,,,16.25359,9.5652025,9.5652025,9.235151214285713,16.25359,9.5652025,0.00955,0.00111,0.00219,0.00219,0.0537,1.23e-06,0.0537,8.19e-05,,,,,0.0537,5.37e-06,4.79e-05,4.79e-05,,,0.000724,0.000404,0.000724,0.000404
33,yes,no,2,+wh_no_gap,You know,who,the lobbyist believed,the secretary said,,,the millionaire,supported,the candidate,last year.,0.0,3.112767,7.834128,7.834128,4.899722,11.883935333333334,5.17522,8.877107666666666,,,,,5.877343,10.742478,12.333965,12.333965,2.994825,8.3011975,15.311672,8.39898,8.350088750000001,8.972629187499999,2.994825,8.3011975,0.00955,0.00111,0.00219,0.00219,0.0537,1.23e-06,0.0537,8.19e-05,,,,,0.0537,5.37e-06,4.79e-05,4.79e-05,0.0537,4.57e-05,0.000724,0.000404,0.0537,4.57e-05
33,no,yes,3,-wh_gap,You know,that,the lobbyist believed,the secretary said,she saw,,the millionaire,supported,,last year.,0.0,3.112767,3.970907,3.970907,2.063794,11.069759,3.340664,8.859140666666667,6.827534,7.785858,,,2.192648,9.28568,15.782373,15.782373,,,17.065399,11.129251,11.129251,8.8854431875,17.065399,11.129251,0.00955,0.00111,0.0102,0.0102,0.0537,1.23e-06,0.0537,8.19e-05,0.00182,0.000195,,,0.0537,5.37e-06,4.79e-05,4.79e-05,,,0.000724,0.000404,0.000724,0.000404
33,no,no,3,-wh_no_gap,You know,that,the lobbyist believed,the secretary said,she saw,,the millionaire,supported,the candidate,last year.,0.0,3.112767,3.970907,3.970907,2.063794,11.069759,3.340664,8.859140666666667,6.827534,7.785858,,,2.192648,9.28568,15.782373,15.782373,3.027724,7.991861999999999,16.812517,9.468433,8.7301475,8.601621055555556,3.027724,7.991861999999999,0.00955,0.00111,0.0102,0.0102,0.0537,1.23e-06,0.0537,8.19e-05,0.00182,0.000195,,,0.0537,5.37e-06,4.79e-05,4.79e-05,0.0537,4.57e-05,0.000724,0.000404,0.0537,4.57e-05
33,yes,yes,3,+wh_gap,You know,who,the lobbyist believed,the secretary said,she saw,,the millionaire,supported,,last year.,0.0,3.112767,7.834128,7.834128,4.899722,11.883935333333334,5.17522,8.877107666666666,9.23651,8.664782,,,3.526179,9.723755,15.838509,15.838509,,,17.095894,10.5505765,10.5505765,9.3787204375,17.095894,10.5505765,0.00955,0.00111,0.00219,0.00219,0.0537,1.23e-06,0.0537,8.19e-05,0.00182,0.000195,,,0.0537,5.37e-06,4.79e-05,4.79e-05,,,0.000724,0.000404,0.000724,0.000404
33,yes,no,3,+wh_no_gap,You know,who,the lobbyist believed,the secretary said,she saw,,the millionaire,supported,the candidate,last year.,0.0,3.112767,7.834128,7.834128,4.899722,11.883935333333334,5.17522,8.877107666666666,9.23651,8.664782,,,3.526179,9.723755,15.838509,15.838509,4.439247,8.9019515,16.284149,8.9832045,8.942578,9.151593666666669,4.439247,8.9019515,0.00955,0.00111,0.00219,0.00219,0.0537,1.23e-06,0.0537,8.19e-05,0.00182,0.000195,,,0.0537,5.37e-06,4.79e-05,4.79e-05,0.0537,4.57e-05,0.000724,0.000404,0.0537,4.57e-05
33,no,yes,4,-wh_gap,You know,that,the lobbyist believed,the secretary said,she saw,he noticed,the millionaire,supported,,last year.,0.0,3.112767,3.970907,3.970907,2.063794,11.069759,3.340664,8.859140666666667,6.827534,7.785858,11.155299,12.1953465,2.300287,9.2061145,14.690089,14.690089,,,17.530081,11.5517435,11.5517435,9.230630777777778,17.530081,11.5517435,0.00955,0.00111,0.0102,0.0102,0.0537,1.23e-06,0.0537,8.19e-05,0.00182,0.000195,0.0049,4.23e-05,0.0537,5.37e-06,4.79e-05,4.79e-05,,,0.000724,0.000404,0.000724,0.000404
33,no,no,4,-wh_no_gap,You know,that,the lobbyist believed,the secretary said,she saw,he noticed,the millionaire,supported,the candidate,last year.,0.0,3.112767,3.970907,3.970907,2.063794,11.069759,3.340664,8.859140666666667,6.827534,7.785858,11.155299,12.1953465,2.300287,9.2061145,14.690089,14.690089,4.137798,8.8964715,17.211529,9.7146085,9.30554,9.013501350000002,4.137798,8.8964715,0.00955,0.00111,0.0102,0.0102,0.0537,1.23e-06,0.0537,8.19e-05,0.00182,0.000195,0.0049,4.23e-05,0.0537,5.37e-06,4.79e-05,4.79e-05,0.0537,4.57e-05,0.000724,0.000404,0.0537,4.57e-05
33,yes,yes,4,+wh_gap,You know,who,the lobbyist believed,the secretary said,she saw,he noticed,the millionaire,supported,,last year.,0.0,3.112767,7.834128,7.834128,4.899722,11.883935333333334,5.17522,8.877107666666666,9.23651,8.664782,9.790358,10.8515125,4.644307,10.4999615,15.157075,15.157075,,,17.051134,10.7685115,10.7685115,9.61496672222222,17.051134,10.7685115,0.00955,0.00111,0.00219,0.00219,0.0537,1.23e-06,0.0537,8.19e-05,0.00182,0.000195,0.0049,4.23e-05,0.0537,5.37e-06,4.79e-05,4.79e-05,,,0.000724,0.000404,0.000724,0.000404
33,yes,no,4,+wh_no_gap,You know,who,the lobbyist believed,the secretary said,she saw,he noticed,the millionaire,supported,the candidate,last year.,0.0,3.112767,7.834128,7.834128,4.899722,11.883935333333334,5.17522,8.877107666666666,9.23651,8.664782,9.790358,10.8515125,4.644307,10.4999615,15.157075,15.157075,5.533975,9.6574435,16.808413,9.2584245,9.457934,9.4682057,5.533975,9.6574435,0.00955,0.00111,0.00219,0.00219,0.0537,1.23e-06,0.0537,8.19e-05,0.00182,0.000195,0.0049,4.23e-05,0.0537,5.37e-06,4.79e-05,4.79e-05,0.0537,4.57e-05,0.000724,0.000404,0.0537,4.57e-05
34,no,yes,0,-wh_gap,I know,that,,,,,the president,congratulated,,over lunch.,0.0,3.139138,2.352433,2.352433,,,,,,,,,2.35511,6.459003,17.136978,17.136978,,,11.382117,13.512158,13.512158,8.213751125,11.382117,13.512158,0.0123,0.00114,0.0102,0.0102,,,,,,,,,0.0537,0.00028,1.62e-06,1.62e-06,,,0.0012,4.4e-05,0.0012,4.4e-05
34,no,no,0,-wh_no_gap,I know,that,,,,,the president,congratulated,the athletes,over lunch.,0.0,3.139138,2.352433,2.352433,,,,,,,,,2.35511,6.459003,17.136978,17.136978,2.478566,7.5380365,7.905121,9.4397345,8.4888855,7.264123500000001,2.478566,7.5380365,0.0123,0.00114,0.0102,0.0102,,,,,,,,,0.0537,0.00028,1.62e-06,1.62e-06,0.0537,2.19e-05,0.0012,4.4e-05,0.0537,2.19e-05
34,yes,yes,0,+wh_gap,I know,who,,,,,the president,congratulated,,over lunch.,0.0,3.139138,6.580016,6.580016,,,,,,,,,5.056487,7.49616,16.43532,16.43532,,,11.207549,12.5909325,12.5909325,8.683474625,11.207549,12.5909325,0.0123,0.00114,0.00219,0.00219,,,,,,,,,0.0537,0.00028,1.62e-06,1.62e-06,,,0.0012,4.4e-05,0.0012,4.4e-05
34,yes,no,0,+wh_no_gap,I know,who,,,,,the president,congratulated,the athletes,over lunch.,0.0,3.139138,6.580016,6.580016,,,,,,,,,5.056487,7.49616,16.43532,16.43532,3.762908,7.882559,8.26876,10.6665185,9.27453875,8.138408700000001,3.762908,7.882559,0.0123,0.00114,0.00219,0.00219,,,,,,,,,0.0537,0.00028,1.62e-06,1.62e-06,0.0537,2.19e-05,0.0012,4.4e-05,0.0537,2.19e-05
34,no,yes,1,-wh_gap,I know,that,the coach said,,,,the president,congratulated,,over lunch.,0.0,3.139138,2.352433,2.352433,2.35511,8.617029,,,,,,,3.189495,6.335559999999999,16.191071,16.191071,,,12.817881,13.9757615,13.9757615,8.299591818181817,12.817881,13.9757615,0.0123,0.00114,0.0102,0.0102,0.0537,8.36e-05,,,,,,,0.0537,0.00028,1.62e-06,1.62e-06,,,0.0012,4.4e-05,0.0012,4.4e-05
34,no,no,1,-wh_no_gap,I know,that,the coach said,,,,the president,congratulated,the athletes,over lunch.,0.0,3.139138,2.352433,2.352433,2.35511,8.617029,,,,,,,3.189495,6.335559999999999,16.191071,16.191071,3.230364,5.9658735,7.932967,9.2352275,7.6005505,7.211245307692308,3.230364,5.9658735,0.0123,0.00114,0.0102,0.0102,0.0537,8.36e-05,,,,,,,0.0537,0.00028,1.62e-06,1.62e-06,0.0537,2.19e-05,0.0012,4.4e-05,0.0537,2.19e-05
34,yes,yes,1,+wh_gap,I know,who,the coach said,,,,the president,congratulated,,over lunch.,0.0,3.139138,6.580016,6.580016,5.056487,8.907176999999999,,,,,,,4.897272,7.105131,15.561345,15.561345,,,11.169673,12.336431,12.336431,8.54766290909091,11.169673,12.336431,0.0123,0.00114,0.00219,0.00219,0.0537,8.36e-05,,,,,,,0.0537,0.00028,1.62e-06,1.62e-06,,,0.0012,4.4e-05,0.0012,4.4e-05
34,yes,no,1,+wh_no_gap,I know,who,the coach said,,,,the president,congratulated,the athletes,over lunch.,0.0,3.139138,6.580016,6.580016,5.056487,8.907176999999999,,,,,,,4.897272,7.105131,15.561345,15.561345,3.677068,6.4617165000000005,7.808729,9.7401455,8.100931000000001,7.827319538461539,3.677068,6.4617165000000005,0.0123,0.00114,0.00219,0.00219,0.0537,8.36e-05,,,,,,,0.0537,0.00028,1.62e-06,1.62e-06,0.0537,2.19e-05,0.0012,4.4e-05,0.0537,2.19e-05
34,no,yes,2,-wh_gap,I know,that,the coach said,the assistant believed,,,the president,congratulated,,over lunch.,0.0,3.139138,2.352433,2.352433,2.35511,8.617029,3.189495,9.546951,,,,,3.134073,6.199484999999999,17.836102,17.836102,,,12.976341,14.3404745,14.3404745,8.717047857142857,12.976341,14.3404745,0.0123,0.00114,0.0102,0.0102,0.0537,8.36e-05,0.0537,2.71e-05,,,,,0.0537,0.00028,1.62e-06,1.62e-06,,,0.0012,4.4e-05,0.0012,4.4e-05
34,no,no,2,-wh_no_gap,I know,that,the coach said,the assistant believed,,,the president,congratulated,the athletes,over lunch.,0.0,3.139138,2.352433,2.352433,2.35511,8.617029,3.189495,9.546951,,,,,3.134073,6.199484999999999,17.836102,17.836102,3.395118,6.0758175,8.020373,9.581789,7.82880325,7.792058375,3.395118,6.0758175,0.0123,0.00114,0.0102,0.0102,0.0537,8.36e-05,0.0537,2.71e-05,,,,,0.0537,0.00028,1.62e-06,1.62e-06,0.0537,2.19e-05,0.0012,4.4e-05,0.0537,2.19e-05
34,yes,yes,2,+wh_gap,I know,who,the coach said,the assistant believed,,,the president,congratulated,,over lunch.,0.0,3.139138,6.580016,6.580016,5.056487,8.907176999999999,4.897272,10.597119666666666,,,,,4.140643,6.3127200000000006,17.141962,17.141962,,,11.992476,13.6179035,13.6179035,9.169599357142856,11.992476,13.6179035,0.0123,0.00114,0.00219,0.00219,0.0537,8.36e-05,0.0537,2.71e-05,,,,,0.0537,0.00028,1.62e-06,1.62e-06,,,0.0012,4.4e-05,0.0012,4.4e-05
34,yes,no,2,+wh_no_gap,I know,who,the coach said,the assistant believed,,,the president,congratulated,the athletes,over lunch.,0.0,3.139138,6.580016,6.580016,5.056487,8.907176999999999,4.897272,10.597119666666666,,,,,4.140643,6.3127200000000006,17.141962,17.141962,3.241717,6.2941265,8.338048,9.6797455,7.986936,8.317895499999999,3.241717,6.2941265,0.0123,0.00114,0.00219,0.00219,0.0537,8.36e-05,0.0537,2.71e-05,,,,,0.0537,0.00028,1.62e-06,1.62e-06,0.0537,2.19e-05,0.0012,4.4e-05,0.0537,2.19e-05
34,no,yes,3,-wh_gap,I know,that,the coach said,the assistant believed,he remembered,,the president,congratulated,,over lunch.,0.0,3.139138,2.352433,2.352433,2.35511,8.617029,3.189495,9.546951,3.594095,8.993667,,,2.065271,6.5510945,20.858459,20.858459,,,12.283439,13.943599,13.943599,8.9348643125,12.283439,13.943599,0.0123,0.00114,0.0102,0.0102,0.0537,8.36e-05,0.0537,2.71e-05,0.0049,2.13e-05,,,0.0537,0.00028,1.62e-06,1.62e-06,,,0.0012,4.4e-05,0.0012,4.4e-05
34,no,no,3,-wh_no_gap,I know,that,the coach said,the assistant believed,he remembered,,the president,congratulated,the athletes,over lunch.,0.0,3.139138,2.352433,2.352433,2.35511,8.617029,3.189495,9.546951,3.594095,8.993667,,,2.065271,6.5510945,20.858459,20.858459,3.76484,7.01825,7.295838,9.550661,8.2844555,8.233802944444443,3.76484,7.01825,0.0123,0.00114,0.0102,0.0102,0.0537,8.36e-05,0.0537,2.71e-05,0.0049,2.13e-05,,,0.0537,0.00028,1.62e-06,1.62e-06,0.0537,2.19e-05,0.0012,4.4e-05,0.0537,2.19e-05
34,yes,yes,3,+wh_gap,I know,who,the coach said,the assistant believed,he remembered,,the president,congratulated,,over lunch.,0.0,3.139138,6.580016,6.580016,5.056487,8.907176999999999,4.897272,10.597119666666666,4.484371,9.427881,,,2.789052,6.795844,20.628532,20.628532,,,12.210222,13.931768,13.931768,9.51941875,12.210222,13.931768,0.0123,0.00114,0.00219,0.00219,0.0537,8.36e-05,0.0537,2.71e-05,0.0049,2.13e-05,,,0.0537,0.00028,1.62e-06,1.62e-06,,,0.0012,4.4e-05,0.0012,4.4e-05
34,yes,no,3,+wh_no_gap,I know,who,the coach said,the assistant believed,he remembered,,the president,congratulated,the athletes,over lunch.,0.0,3.139138,6.580016,6.580016,5.056487,8.907176999999999,4.897272,10.597119666666666,4.484371,9.427881,,,2.789052,6.795844,20.628532,20.628532,4.00291,7.4924145,7.590271,9.699324,8.59586925,8.823924499999999,4.00291,7.4924145,0.0123,0.00114,0.00219,0.00219,0.0537,8.36e-05,0.0537,2.71e-05,0.0049,2.13e-05,,,0.0537,0.00028,1.62e-06,1.62e-06,0.0537,2.19e-05,0.0012,4.4e-05,0.0537,2.19e-05
34,no,yes,4,-wh_gap,I know,that,the coach said,the assistant believed,he remembered,he noticed,the president,congratulated,,over lunch.,0.0,3.139138,2.352433,2.352433,2.35511,8.617029,3.189495,9.546951,3.594095,8.993667,6.099131,9.9944695,2.496539,8.384883499999999,19.551163,19.551163,,,13.239722,14.8762985,14.8762985,9.287358277777775,13.239722,14.8762985,0.0123,0.00114,0.0102,0.0102,0.0537,8.36e-05,0.0537,2.71e-05,0.0049,2.13e-05,0.0049,4.23e-05,0.0537,0.00028,1.62e-06,1.62e-06,,,0.0012,4.4e-05,0.0012,4.4e-05
34,no,no,4,-wh_no_gap,I know,that,the coach said,the assistant believed,he remembered,he noticed,the president,congratulated,the athletes,over lunch.,0.0,3.139138,2.352433,2.352433,2.35511,8.617029,3.189495,9.546951,3.594095,8.993667,6.099131,9.9944695,2.496539,8.384883499999999,19.551163,19.551163,4.069757,6.786718499999999,7.114895,9.615308,8.201013249999999,8.51119525,4.069757,6.786718499999999,0.0123,0.00114,0.0102,0.0102,0.0537,8.36e-05,0.0537,2.71e-05,0.0049,2.13e-05,0.0049,4.23e-05,0.0537,0.00028,1.62e-06,1.62e-06,0.0537,2.19e-05,0.0012,4.4e-05,0.0537,2.19e-05
34,yes,yes,4,+wh_gap,I know,who,the coach said,the assistant believed,he remembered,he noticed,the president,congratulated,,over lunch.,0.0,3.139138,6.580016,6.580016,5.056487,8.907176999999999,4.897272,10.597119666666666,4.484371,9.427881,5.914818,9.9906175,2.917718,8.326721,19.247801,19.247801,,,12.928855,14.626595000000002,14.626595000000002,9.742367333333332,12.928855,14.626595000000002,0.0123,0.00114,0.00219,0.00219,0.0537,8.36e-05,0.0537,2.71e-05,0.0049,2.13e-05,0.0049,4.23e-05,0.0537,0.00028,1.62e-06,1.62e-06,,,0.0012,4.4e-05,0.0012,4.4e-05
34,yes,no,4,+wh_no_gap,I know,who,the coach said,the assistant believed,he remembered,he noticed,the president,congratulated,the athletes,over lunch.,0.0,3.139138,6.580016,6.580016,5.056487,8.907176999999999,4.897272,10.597119666666666,4.484371,9.427881,5.914818,9.9906175,2.917718,8.326721,19.247801,19.247801,3.935396,7.2753525,7.369461,9.570914,8.42313325,8.99009775,3.935396,7.2753525,0.0123,0.00114,0.00219,0.00219,0.0537,8.36e-05,0.0537,2.71e-05,0.0049,2.13e-05,0.0049,4.23e-05,0.0537,0.00028,1.62e-06,1.62e-06,0.0537,2.19e-05,0.0012,4.4e-05,0.0537,2.19e-05
35,no,yes,0,-wh_gap,You know,that,,,,,the man,introduced,,to his family.,0.0,3.112767,3.970907,3.970907,,,,,,,,,2.063794,5.141745,12.602191,12.602191,,,4.017759,4.474792333333333,4.474792333333333,5.167388777777777,4.017759,4.474792333333333,0.00955,0.00111,0.0102,0.0102,,,,,,,,,0.0537,0.000653,5.25e-05,5.25e-05,,,0.0269,0.000395,0.0269,0.000395
35,no,no,0,-wh_no_gap,You know,that,,,,,the man,introduced,his friends,to his family.,0.0,3.112767,3.970907,3.970907,,,,,,,,,2.063794,5.141745,12.602191,12.602191,4.607611,6.767342,1.535687,3.5300766666666665,4.8249828,5.200639636363636,4.607611,6.767342,0.00955,0.00111,0.0102,0.0102,,,,,,,,,0.0537,0.000653,5.25e-05,5.25e-05,0.00324,0.000248,0.0269,0.000395,0.00324,0.000248
35,yes,yes,0,+wh_gap,You know,who,,,,,the man,introduced,,to his family.,0.0,3.112767,7.834128,7.834128,,,,,,,,,4.899722,5.9902455,13.180427,13.180427,,,2.399301,3.935969333333333,3.935969333333333,5.669832,2.399301,3.935969333333333,0.00955,0.00111,0.00219,0.00219,,,,,,,,,0.0537,0.000653,5.25e-05,5.25e-05,,,0.0269,0.000395,0.0269,0.000395
35,yes,no,0,+wh_no_gap,You know,who,,,,,the man,introduced,his friends,to his family.,0.0,3.112767,7.834128,7.834128,,,,,,,,,4.899722,5.9902455,13.180427,13.180427,8.299656,8.644583,1.981834,4.101228666666667,5.9185704,6.255766545454545,8.299656,8.644583,0.00955,0.00111,0.00219,0.00219,,,,,,,,,0.0537,0.000653,5.25e-05,5.25e-05,0.00324,0.000248,0.0269,0.000395,0.00324,0.000248
35,no,yes,1,-wh_gap,You know,that,the woman said,,,,the man,introduced,,to his family.,0.0,3.112767,3.970907,3.970907,2.063794,6.951700333333332,,,,,,,4.093726,4.9296475,13.812064,13.812064,,,4.807705,5.093437666666667,5.093437666666667,5.833601166666667,4.807705,5.093437666666667,0.00955,0.00111,0.0102,0.0102,0.0537,0.000183,,,,,,,0.0537,0.000653,5.25e-05,5.25e-05,,,0.0269,0.000395,0.0269,0.000395
35,no,no,1,-wh_no_gap,You know,that,the woman said,,,,the man,introduced,his friends,to his family.,0.0,3.112767,3.970907,3.970907,2.063794,6.951700333333332,,,,,,,4.093726,4.9296475,13.812064,13.812064,5.296586,7.546307,1.491312,3.674237,5.223065,5.774159,5.296586,7.546307,0.00955,0.00111,0.0102,0.0102,0.0537,0.000183,,,,,,,0.0537,0.000653,5.25e-05,5.25e-05,0.00324,0.000248,0.0269,0.000395,0.00324,0.000248
35,yes,yes,1,+wh_gap,You know,who,the woman said,,,,the man,introduced,,to his family.,0.0,3.112767,7.834128,7.834128,4.899722,7.43768,,,,,,,5.698429,5.903209,12.847276,12.847276,,,2.87355,4.118877333333333,4.118877333333333,6.115252333333333,2.87355,4.118877333333333,0.00955,0.00111,0.00219,0.00219,0.0537,0.000183,,,,,,,0.0537,0.000653,5.25e-05,5.25e-05,,,0.0269,0.000395,0.0269,0.000395
35,yes,no,1,+wh_no_gap,You know,who,the woman said,,,,the man,introduced,his friends,to his family.,0.0,3.112767,7.834128,7.834128,4.899722,7.43768,,,,,,,5.698429,5.903209,12.847276,12.847276,8.413302,8.720525,1.462173,3.8485956666666663,5.797367400000001,6.429516642857143,8.413302,8.720525,0.00955,0.00111,0.00219,0.00219,0.0537,0.000183,,,,,,,0.0537,0.000653,5.25e-05,5.25e-05,0.00324,0.000248,0.0269,0.000395,0.00324,0.000248
35,no,yes,2,-wh_gap,You know,that,the woman said,the neighbor thought,,,the man,introduced,,to his family.,0.0,3.112767,3.970907,3.970907,2.063794,6.951700333333332,4.093726,9.366721333333333,,,,,3.736657,4.9558995,15.366042,15.366042,,,4.576113,5.041478333333334,5.041478333333334,6.636932133333334,4.576113,5.041478333333334,0.00955,0.00111,0.0102,0.0102,0.0537,0.000183,0.0537,1.25e-05,,,,,0.0537,0.000653,5.25e-05,5.25e-05,,,0.0269,0.000395,0.0269,0.000395
35,no,no,2,-wh_no_gap,You know,that,the woman said,the neighbor thought,,,the man,introduced,his friends,to his family.,0.0,3.112767,3.970907,3.970907,2.063794,6.951700333333332,4.093726,9.366721333333333,,,,,3.736657,4.9558995,15.366042,15.366042,5.402109,7.775099000000001,1.582309,3.6743586666666666,5.3146548,6.529577705882353,5.402109,7.775099000000001,0.00955,0.00111,0.0102,0.0102,0.0537,0.000183,0.0537,1.25e-05,,,,,0.0537,0.000653,5.25e-05,5.25e-05,0.00324,0.000248,0.0269,0.000395,0.00324,0.000248
35,yes,yes,2,+wh_gap,You know,who,the woman said,the neighbor thought,,,the man,introduced,,to his family.,0.0,3.112767,7.834128,7.834128,4.899722,7.43768,5.698429,9.702060666666666,,,,,6.172292,6.314833,14.095805,14.095805,,,2.772897,4.085556333333334,4.085556333333334,6.964068266666667,2.772897,4.085556333333334,0.00955,0.00111,0.00219,0.00219,0.0537,0.000183,0.0537,1.25e-05,,,,,0.0537,0.000653,5.25e-05,5.25e-05,,,0.0269,0.000395,0.0269,0.000395
35,yes,no,2,+wh_no_gap,You know,who,the woman said,the neighbor thought,,,the man,introduced,his friends,to his family.,0.0,3.112767,7.834128,7.834128,4.899722,7.43768,5.698429,9.702060666666666,,,,,6.172292,6.314833,14.095805,14.095805,9.58227,9.6031855,1.352216,3.8503,6.151454199999999,7.233036823529411,9.58227,9.6031855,0.00955,0.00111,0.00219,0.00219,0.0537,0.000183,0.0537,1.25e-05,,,,,0.0537,0.000653,5.25e-05,5.25e-05,0.00324,0.000248,0.0269,0.000395,0.00324,0.000248
35,no,yes,3,-wh_gap,You know,that,the woman said,the neighbor thought,he recalled,,the man,introduced,,to his family.,0.0,3.112767,3.970907,3.970907,2.063794,6.951700333333332,4.093726,9.366721333333333,3.628174,10.5738985,,,2.531187,4.827443000000001,15.152544,15.152544,,,2.080256,3.8114906666666655,3.8114906666666655,6.855376764705883,2.080256,3.8114906666666655,0.00955,0.00111,0.0102,0.0102,0.0537,0.000183,0.0537,1.25e-05,0.0049,9.53e-06,,,0.0537,0.000653,5.25e-05,5.25e-05,,,0.0269,0.000395,0.0269,0.000395
35,no,no,3,-wh_no_gap,You know,that,the woman said,the neighbor thought,he recalled,,the man,introduced,his friends,to his family.,0.0,3.112767,3.970907,3.970907,2.063794,6.951700333333332,4.093726,9.366721333333333,3.628174,10.5738985,,,2.531187,4.827443000000001,15.152544,15.152544,8.125223,8.838163999999999,1.495528,3.6756466666666663,5.7406536,7.042642157894737,8.125223,8.838163999999999,0.00955,0.00111,0.0102,0.0102,0.0537,0.000183,0.0537,1.25e-05,0.0049,9.53e-06,,,0.0537,0.000653,5.25e-05,5.25e-05,0.00324,0.000248,0.0269,0.000395,0.00324,0.000248
35,yes,yes,3,+wh_gap,You know,who,the woman said,the neighbor thought,he recalled,,the man,introduced,,to his family.,0.0,3.112767,7.834128,7.834128,4.899722,7.43768,5.698429,9.702060666666666,5.960351,11.0672115,,,5.52932,6.768973,13.28686,13.28686,,,2.285374,3.730014666666667,3.730014666666667,7.389891588235294,2.285374,3.730014666666667,0.00955,0.00111,0.00219,0.00219,0.0537,0.000183,0.0537,1.25e-05,0.0049,9.53e-06,,,0.0537,0.000653,5.25e-05,5.25e-05,,,0.0269,0.000395,0.0269,0.000395
35,yes,no,3,+wh_no_gap,You know,who,the woman said,the neighbor thought,he recalled,,the man,introduced,his friends,to his family.,0.0,3.112767,7.834128,7.834128,4.899722,7.43768,5.698429,9.702060666666666,5.960351,11.0672115,,,5.52932,6.768973,13.28686,13.28686,10.685942,9.946639,1.450994,3.8689013333333335,6.2999964,7.680952368421054,10.685942,9.946639,0.00955,0.00111,0.00219,0.00219,0.0537,0.000183,0.0537,1.25e-05,0.0049,9.53e-06,,,0.0537,0.000653,5.25e-05,5.25e-05,0.00324,0.000248,0.0269,0.000395,0.00324,0.000248
35,no,yes,4,-wh_gap,You know,that,the woman said,the neighbor thought,he recalled,he knew,the man,introduced,,to his family.,0.0,3.112767,3.970907,3.970907,2.063794,6.951700333333332,4.093726,9.366721333333333,3.628174,10.5738985,6.583893,6.7415235,3.29494,4.612132,15.004918,15.004918,,,4.42518,4.803066333333333,4.803066333333333,6.969522684210526,4.42518,4.803066333333333,0.00955,0.00111,0.0102,0.0102,0.0537,0.000183,0.0537,1.25e-05,0.0049,9.53e-06,0.0049,0.000154,0.0537,0.000653,5.25e-05,5.25e-05,,,0.0269,0.000395,0.0269,0.000395
35,no,no,4,-wh_no_gap,You know,that,the woman said,the neighbor thought,he recalled,he knew,the man,introduced,his friends,to his family.,0.0,3.112767,3.970907,3.970907,2.063794,6.951700333333332,4.093726,9.366721333333333,3.628174,10.5738985,6.583893,6.7415235,3.29494,4.612132,15.004918,15.004918,4.736692,7.016222,1.688973,3.590781,4.9609574,6.800786619047619,4.736692,7.016222,0.00955,0.00111,0.0102,0.0102,0.0537,0.000183,0.0537,1.25e-05,0.0049,9.53e-06,0.0049,0.000154,0.0537,0.000653,5.25e-05,5.25e-05,0.00324,0.000248,0.0269,0.000395,0.00324,0.000248
35,yes,yes,4,+wh_gap,You know,who,the woman said,the neighbor thought,he recalled,he knew,the man,introduced,,to his family.,0.0,3.112767,7.834128,7.834128,4.899722,7.43768,5.698429,9.702060666666666,5.960351,11.0672115,8.964498,7.7334335,4.310033,5.229621,13.694167,13.694167,,,3.646087,4.331924,4.331924,7.380492368421051,3.646087,4.331924,0.00955,0.00111,0.00219,0.00219,0.0537,0.000183,0.0537,1.25e-05,0.0049,9.53e-06,0.0049,0.000154,0.0537,0.000653,5.25e-05,5.25e-05,,,0.0269,0.000395,0.0269,0.000395
35,yes,no,4,+wh_no_gap,You know,who,the woman said,the neighbor thought,he recalled,he knew,the man,introduced,his friends,to his family.,0.0,3.112767,7.834128,7.834128,4.899722,7.43768,5.698429,9.702060666666666,5.960351,11.0672115,8.964498,7.7334335,4.310033,5.229621,13.694167,13.694167,5.033673,6.973039,1.608639,3.5669889999999995,4.929409,7.232410857142857,5.033673,6.973039,0.00955,0.00111,0.00219,0.00219,0.0537,0.000183,0.0537,1.25e-05,0.0049,9.53e-06,0.0049,0.000154,0.0537,0.000653,5.25e-05,5.25e-05,0.00324,0.000248,0.0269,0.000395,0.00324,0.000248
36,no,yes,0,-wh_gap,He knows,that,,,,,the woman,waited for,,at the bus stop.,0.0,5.76156,2.297416,2.297416,,,,,,,,,2.267236,5.833743500000001,15.895609,8.604701500000001,,,12.10639,7.214761499999999,7.214761499999999,6.505133818181818,12.10639,7.214761499999999,0.0049,0.000115,0.0102,0.0102,,,,,,,,,0.0537,0.000223,1.82e-05,1.82e-05,,,0.00501,5.55e-05,0.00501,5.55e-05
36,no,no,0,-wh_no_gap,He knows,that,,,,,the woman,waited for,her friend,at the bus stop.,0.0,5.76156,2.297416,2.297416,,,,,,,,,2.267236,5.833743500000001,15.895609,8.604701500000001,2.985915,6.264152,7.584496,5.5441265,5.784134999999999,5.954018153846154,2.985915,6.264152,0.0049,0.000115,0.0102,0.0102,,,,,,,,,0.0537,0.000223,1.82e-05,1.82e-05,0.002,0.00021,0.00501,5.55e-05,0.002,0.00021
36,yes,yes,0,+wh_gap,He knows,who,,,,,the woman,waited for,,at the bus stop.,0.0,5.76156,6.622077,6.622077,,,,,,,,,4.020604,6.093246499999999,16.133888,8.734273,,,7.481064,5.6977210000000005,5.6977210000000005,6.417374545454546,7.481064,5.6977210000000005,0.0049,0.000115,0.00219,0.00219,,,,,,,,,0.0537,0.000223,1.82e-05,1.82e-05,,,0.00501,5.55e-05,0.00501,5.55e-05
36,yes,no,0,+wh_no_gap,He knows,who,,,,,the woman,waited for,her friend,at the bus stop.,0.0,5.76156,6.622077,6.622077,,,,,,,,,4.020604,6.093246499999999,16.133888,8.734273,4.427075,6.134267,7.463861,5.7448125,5.8746306666666674,6.38830923076923,4.427075,6.134267,0.0049,0.000115,0.00219,0.00219,,,,,,,,,0.0537,0.000223,1.82e-05,1.82e-05,0.002,0.00021,0.00501,5.55e-05,0.002,0.00021
36,no,yes,1,-wh_gap,He knows,that,the man believed,,,,the woman,waited for,,at the bus stop.,0.0,5.76156,2.297416,2.297416,2.267236,6.944734666666666,,,,,,,3.694243,6.119641,16.090473,8.763168,,,12.730266,7.58013575,7.58013575,6.767207214285714,12.730266,7.58013575,0.0049,0.000115,0.0102,0.0102,0.0537,5.18e-05,,,,,,,0.0537,0.000223,1.82e-05,1.82e-05,,,0.00501,5.55e-05,0.00501,5.55e-05
36,no,no,1,-wh_no_gap,He knows,that,the man believed,,,,the woman,waited for,her friend,at the bus stop.,0.0,5.76156,2.297416,2.297416,2.267236,6.944734666666666,,,,,,,3.694243,6.119641,16.090473,8.763168,3.214808,6.5162675,7.651716,5.7895270000000005,6.031773833333332,6.2881875625,3.214808,6.5162675,0.0049,0.000115,0.0102,0.0102,0.0537,5.18e-05,,,,,,,0.0537,0.000223,1.82e-05,1.82e-05,0.002,0.00021,0.00501,5.55e-05,0.002,0.00021
36,yes,yes,1,+wh_gap,He knows,who,the man believed,,,,the woman,waited for,,at the bus stop.,0.0,5.76156,6.622077,6.622077,4.020604,7.046747666666666,,,,,,,5.331831,6.690991500000001,14.735866,7.9801525,,,7.616708,5.95457125,5.95457125,6.603286642857143,7.616708,5.95457125,0.0049,0.000115,0.00219,0.00219,0.0537,5.18e-05,,,,,,,0.0537,0.000223,1.82e-05,1.82e-05,,,0.00501,5.55e-05,0.00501,5.55e-05
36,yes,no,1,+wh_no_gap,He knows,who,the man believed,,,,the woman,waited for,her friend,at the bus stop.,0.0,5.76156,6.622077,6.622077,4.020604,7.046747666666666,,,,,,,5.331831,6.690991500000001,14.735866,7.9801525,4.760504,6.334207,7.606363,5.955981249999999,6.0820565,6.5700041875,4.760504,6.334207,0.0049,0.000115,0.00219,0.00219,0.0537,5.18e-05,,,,,,,0.0537,0.000223,1.82e-05,1.82e-05,0.002,0.00021,0.00501,5.55e-05,0.002,0.00021
36,no,yes,2,-wh_gap,He knows,that,the man believed,the he concluded,,,the woman,waited for,,at the bus stop.,0.0,5.76156,2.297416,2.297416,2.267236,6.944734666666666,3.694243,11.837467666666669,,,,,2.920257,7.074775499999999,15.2925,8.346412,,,12.188008,7.56052925,7.56052925,7.720684411764707,12.188008,7.56052925,0.0049,0.000115,0.0102,0.0102,0.0537,5.18e-05,0.0537,2.23e-05,,,,,0.0537,0.000223,1.82e-05,1.82e-05,,,0.00501,5.55e-05,0.00501,5.55e-05
36,no,no,2,-wh_no_gap,He knows,that,the man believed,the he concluded,,,the woman,waited for,her friend,at the bus stop.,0.0,5.76156,2.297416,2.297416,2.267236,6.944734666666666,3.694243,11.837467666666669,,,,,2.920257,7.074775499999999,15.2925,8.346412,3.339693,6.579449,7.909255,5.89746175,6.124790833333333,7.250434894736842,3.339693,6.579449,0.0049,0.000115,0.0102,0.0102,0.0537,5.18e-05,0.0537,2.23e-05,,,,,0.0537,0.000223,1.82e-05,1.82e-05,0.002,0.00021,0.00501,5.55e-05,0.002,0.00021
36,yes,yes,2,+wh_gap,He knows,who,the man believed,the he concluded,,,the woman,waited for,,at the bus stop.,0.0,5.76156,6.622077,6.622077,4.020604,7.046747666666666,5.331831,13.074443,,,,,5.841219,8.036073,14.123478,7.60461,,,6.995952,5.801442,5.801442,7.823288411764706,6.995952,5.801442,0.0049,0.000115,0.00219,0.00219,0.0537,5.18e-05,0.0537,2.23e-05,,,,,0.0537,0.000223,1.82e-05,1.82e-05,,,0.00501,5.55e-05,0.00501,5.55e-05
36,yes,no,2,+wh_no_gap,He knows,who,the man believed,the he concluded,,,the woman,waited for,her friend,at the bus stop.,0.0,5.76156,6.622077,6.622077,4.020604,7.046747666666666,5.331831,13.074443,,,,,5.841219,8.036073,14.123478,7.60461,5.501971,6.764305500000001,7.331245,5.973331249999999,6.236989333333334,7.748003736842105,5.501971,6.764305500000001,0.0049,0.000115,0.00219,0.00219,0.0537,5.18e-05,0.0537,2.23e-05,,,,,0.0537,0.000223,1.82e-05,1.82e-05,0.002,0.00021,0.00501,5.55e-05,0.002,0.00021
36,no,yes,3,-wh_gap,He knows,that,the man believed,the he concluded,his neighbors had said,,the woman,waited for,,at the bus stop.,0.0,5.76156,2.297416,2.297416,2.267236,6.944734666666666,3.694243,11.837467666666669,4.282695,8.58383975,,,3.976854,6.4575135,14.113903,7.7099685,,,12.10958,7.54207175,7.54207175,7.762178714285715,12.10958,7.54207175,0.0049,0.000115,0.0102,0.0102,0.0537,5.18e-05,0.0537,2.23e-05,0.00324,1.69e-05,,,0.0537,0.000223,1.82e-05,1.82e-05,,,0.00501,5.55e-05,0.00501,5.55e-05
36,no,no,3,-wh_no_gap,He knows,that,the man believed,the he concluded,his neighbors had said,,the woman,waited for,her friend,at the bus stop.,0.0,5.76156,2.297416,2.297416,2.267236,6.944734666666666,3.694243,11.837467666666669,4.282695,8.58383975,,,3.976854,6.4575135,14.113903,7.7099685,3.754669,7.1425415,7.560854,5.716981249999999,6.192168,7.390890173913045,3.754669,7.1425415,0.0049,0.000115,0.0102,0.0102,0.0537,5.18e-05,0.0537,2.23e-05,0.00324,1.69e-05,,,0.0537,0.000223,1.82e-05,1.82e-05,0.002,0.00021,0.00501,5.55e-05,0.002,0.00021
36,yes,yes,3,+wh_gap,He knows,who,the man believed,the he concluded,his neighbors had said,,the woman,waited for,,at the bus stop.,0.0,5.76156,6.622077,6.622077,4.020604,7.046747666666666,5.331831,13.074443,7.449306,8.14676425,,,7.094361,8.3545715,14.334846,7.7443515,,,6.91467,5.72515925,5.72515925,7.914014714285715,6.91467,5.72515925,0.0049,0.000115,0.00219,0.00219,0.0537,5.18e-05,0.0537,2.23e-05,0.00324,1.69e-05,,,0.0537,0.000223,1.82e-05,1.82e-05,,,0.00501,5.55e-05,0.00501,5.55e-05
36,yes,no,3,+wh_no_gap,He knows,who,the man believed,the he concluded,his neighbors had said,,the woman,waited for,her friend,at the bus stop.,0.0,5.76156,6.622077,6.622077,4.020604,7.046747666666666,5.331831,13.074443,7.449306,8.14676425,,,7.094361,8.3545715,14.334846,7.7443515,5.871514,7.0200935,7.174345,5.9545710000000005,6.309745166666666,7.876180130434781,5.871514,7.0200935,0.0049,0.000115,0.00219,0.00219,0.0537,5.18e-05,0.0537,2.23e-05,0.00324,1.69e-05,,,0.0537,0.000223,1.82e-05,1.82e-05,0.002,0.00021,0.00501,5.55e-05,0.002,0.00021
36,no,yes,4,-wh_gap,He knows,that,the man believed,the he concluded,his neighbors had said,they saw,the woman,waited for,,at the bus stop.,0.0,5.76156,2.297416,2.297416,2.267236,6.944734666666666,3.694243,11.837467666666669,4.282695,8.58383975,3.836619,6.098649999999999,2.451736,5.231553,16.718597,9.2446035,,,12.087939,7.13225475,7.13225475,7.573092782608695,12.087939,7.13225475,0.0049,0.000115,0.0102,0.0102,0.0537,5.18e-05,0.0537,2.23e-05,0.00324,1.69e-05,0.00316,0.000205,0.0537,0.000223,1.82e-05,1.82e-05,,,0.00501,5.55e-05,0.00501,5.55e-05
36,no,no,4,-wh_no_gap,He knows,that,the man believed,the he concluded,his neighbors had said,they saw,the woman,waited for,her friend,at the bus stop.,0.0,5.76156,2.297416,2.297416,2.267236,6.944734666666666,3.694243,11.837467666666669,4.282695,8.58383975,3.836619,6.098649999999999,2.451736,5.231553,16.718597,9.2446035,3.641541,6.7877425,7.480453,5.6005045,5.9962505,7.26518472,3.641541,6.7877425,0.0049,0.000115,0.0102,0.0102,0.0537,5.18e-05,0.0537,2.23e-05,0.00324,1.69e-05,0.00316,0.000205,0.0537,0.000223,1.82e-05,1.82e-05,0.002,0.00021,0.00501,5.55e-05,0.002,0.00021
36,yes,yes,4,+wh_gap,He knows,who,the man believed,the he concluded,his neighbors had said,they saw,the woman,waited for,,at the bus stop.,0.0,5.76156,6.622077,6.622077,4.020604,7.046747666666666,5.331831,13.074443,7.449306,8.14676425,6.969238,6.949305,5.995598,7.119078,16.942583,9.4775055,,,7.092819,5.5636625,5.5636625,7.845315347826085,7.092819,5.5636625,0.0049,0.000115,0.00219,0.00219,0.0537,5.18e-05,0.0537,2.23e-05,0.00324,1.69e-05,0.00316,0.000205,0.0537,0.000223,1.82e-05,1.82e-05,,,0.00501,5.55e-05,0.00501,5.55e-05
36,yes,no,4,+wh_no_gap,He knows,who,the man believed,the he concluded,his neighbors had said,they saw,the woman,waited for,her friend,at the bus stop.,0.0,5.76156,6.622077,6.622077,4.020604,7.046747666666666,5.331831,13.074443,7.449306,8.14676425,6.969238,6.949305,5.995598,7.119078,16.942583,9.4775055,4.712439,6.4883995,6.848783,5.55351225,5.865141333333334,7.735138039999999,4.712439,6.4883995,0.0049,0.000115,0.00219,0.00219,0.0537,5.18e-05,0.0537,2.23e-05,0.00324,1.69e-05,0.00316,0.000205,0.0537,0.000223,1.82e-05,1.82e-05,0.002,0.00021,0.00501,5.55e-05,0.002,0.00021
37,no,yes,0,-wh_gap,She knows,that,,,,,the inspectors,interrogated,,last night.,0.0,5.8043205,2.279035,2.279035,,,,,,,,,2.521865,10.3588245,17.234831,17.234831,,,16.589897,12.123929,12.123929,9.51100175,16.589897,12.123929,0.00182,0.00011,0.0102,0.0102,,,,,,,,,0.0537,4.27e-06,1.51e-06,1.51e-06,,,0.000724,0.000261,0.000724,0.000261
37,no,no,0,-wh_no_gap,She knows,that,,,,,the inspectors,interrogated,the criminal,last night.,0.0,5.8043205,2.279035,2.279035,,,,,,,,,2.521865,10.3588245,17.234831,17.234831,2.912165,5.5529255,15.202187,10.792162,8.172543749999999,8.4530331,2.912165,5.5529255,0.00182,0.00011,0.0102,0.0102,,,,,,,,,0.0537,4.27e-06,1.51e-06,1.51e-06,0.0537,5.62e-05,0.000724,0.000261,0.0537,5.62e-05
37,yes,yes,0,+wh_gap,She knows,who,,,,,the inspectors,interrogated,,last night.,0.0,5.8043205,6.4446,6.4446,,,,,,,,,4.386521,11.6628535,16.756876,16.756876,,,12.635927,8.155916000000001,8.155916000000001,9.305957,12.635927,8.155916000000001,0.00182,0.00011,0.00219,0.00219,,,,,,,,,0.0537,4.27e-06,1.51e-06,1.51e-06,,,0.000724,0.000261,0.000724,0.000261
37,yes,no,0,+wh_no_gap,She knows,who,,,,,the inspectors,interrogated,the criminal,last night.,0.0,5.8043205,6.4446,6.4446,,,,,,,,,4.386521,11.6628535,16.756876,16.756876,6.096936,7.840175,12.393411,8.348018,8.094096500000001,9.051221000000002,6.096936,7.840175,0.00182,0.00011,0.00219,0.00219,,,,,,,,,0.0537,4.27e-06,1.51e-06,1.51e-06,0.0537,5.62e-05,0.000724,0.000261,0.0537,5.62e-05
37,no,yes,1,-wh_gap,She knows,that,the police said,,,,the inspectors,interrogated,,last night.,0.0,5.8043205,2.279035,2.279035,2.521865,7.562061333333333,,,,,,,3.27879,9.170604,14.535181,14.535181,,,17.140848,12.0508525,12.0508525,8.50472309090909,17.140848,12.0508525,0.00182,0.00011,0.0102,0.0102,0.0537,0.000176,,,,,,,0.0537,4.27e-06,1.51e-06,1.51e-06,,,0.000724,0.000261,0.000724,0.000261
37,no,no,1,-wh_no_gap,She knows,that,the police said,,,,the inspectors,interrogated,the criminal,last night.,0.0,5.8043205,2.279035,2.279035,2.521865,7.562061333333333,,,,,,,3.27879,9.170604,14.535181,14.535181,2.984321,5.378825,15.473506,10.3138795,7.84635225,7.756589076923077,2.984321,5.378825,0.00182,0.00011,0.0102,0.0102,0.0537,0.000176,,,,,,,0.0537,4.27e-06,1.51e-06,1.51e-06,0.0537,5.62e-05,0.000724,0.000261,0.0537,5.62e-05
37,yes,yes,1,+wh_gap,She knows,who,the police said,,,,the inspectors,interrogated,,last night.,0.0,5.8043205,6.4446,6.4446,4.386521,8.000604000000001,,,,,,,5.427319,10.3673105,14.813744,14.813744,,,14.892001,8.993523,8.993523,8.690042181818182,14.892001,8.993523,0.00182,0.00011,0.00219,0.00219,0.0537,0.000176,,,,,,,0.0537,4.27e-06,1.51e-06,1.51e-06,,,0.000724,0.000261,0.000724,0.000261
37,yes,no,1,+wh_no_gap,She knows,who,the police said,,,,the inspectors,interrogated,the criminal,last night.,0.0,5.8043205,6.4446,6.4446,4.386521,8.000604000000001,,,,,,,5.427319,10.3673105,14.813744,14.813744,6.509678,7.547993,13.730836,9.0146005,8.28129675,8.517585,6.509678,7.547993,0.00182,0.00011,0.00219,0.00219,0.0537,0.000176,,,,,,,0.0537,4.27e-06,1.51e-06,1.51e-06,0.0537,5.62e-05,0.000724,0.000261,0.0537,5.62e-05
37,no,yes,2,-wh_gap,She knows,that,the police said,the detective believed,,,the inspectors,interrogated,,last night.,0.0,5.8043205,2.279035,2.279035,2.521865,7.562061333333333,3.27879,7.557134666666667,,,,,2.915163,9.0088845,14.940001,14.940001,,,17.78492,12.408095,12.408095,8.358516,17.78492,12.408095,0.00182,0.00011,0.0102,0.0102,0.0537,0.000176,0.0537,1.26e-05,,,,,0.0537,4.27e-06,1.51e-06,1.51e-06,,,0.000724,0.000261,0.000724,0.000261
37,no,no,2,-wh_no_gap,She knows,that,the police said,the detective believed,,,the inspectors,interrogated,the criminal,last night.,0.0,5.8043205,2.279035,2.279035,2.521865,7.562061333333333,3.27879,7.557134666666667,,,,,2.915163,9.0088845,14.940001,14.940001,3.019869,4.978411,15.878514,10.54835,7.763380499999999,7.70353475,3.019869,4.978411,0.00182,0.00011,0.0102,0.0102,0.0537,0.000176,0.0537,1.26e-05,,,,,0.0537,4.27e-06,1.51e-06,1.51e-06,0.0537,5.62e-05,0.000724,0.000261,0.0537,5.62e-05
37,yes,yes,2,+wh_gap,She knows,who,the police said,the detective believed,,,the inspectors,interrogated,,last night.,0.0,5.8043205,6.4446,6.4446,4.386521,8.000604000000001,5.427319,8.319961000000001,,,,,4.895038,10.2807135,15.19866,15.19866,,,16.305326,10.0352245,10.0352245,8.774676571428573,16.305326,10.0352245,0.00182,0.00011,0.00219,0.00219,0.0537,0.000176,0.0537,1.26e-05,,,,,0.0537,4.27e-06,1.51e-06,1.51e-06,,,0.000724,0.000261,0.000724,0.000261
37,yes,no,2,+wh_no_gap,She knows,who,the police said,the detective believed,,,the inspectors,interrogated,the criminal,last night.,0.0,5.8043205,6.4446,6.4446,4.386521,8.000604000000001,5.427319,8.319961000000001,,,,,4.895038,10.2807135,15.19866,15.19866,4.137496,5.623162499999999,14.495216,9.6286305,7.6258965,8.3299130625,4.137496,5.623162499999999,0.00182,0.00011,0.00219,0.00219,0.0537,0.000176,0.0537,1.26e-05,,,,,0.0537,4.27e-06,1.51e-06,1.51e-06,0.0537,5.62e-05,0.000724,0.000261,0.0537,5.62e-05
37,no,yes,3,-wh_gap,She knows,that,the police said,the detective believed,he thought,,the inspectors,interrogated,,last night.,0.0,5.8043205,2.279035,2.279035,2.521865,7.562061333333333,3.27879,7.557134666666667,3.830116,7.3245215,,,2.820938,8.74788,15.304649,15.304649,,,17.738619,11.638645,11.638645,8.123250375,17.738619,11.638645,0.00182,0.00011,0.0102,0.0102,0.0537,0.000176,0.0537,1.26e-05,0.0049,0.00036,,,0.0537,4.27e-06,1.51e-06,1.51e-06,,,0.000724,0.000261,0.000724,0.000261
37,no,no,3,-wh_no_gap,She knows,that,the police said,the detective believed,he thought,,the inspectors,interrogated,the criminal,last night.,0.0,5.8043205,2.279035,2.279035,2.521865,7.562061333333333,3.27879,7.557134666666667,3.830116,7.3245215,,,2.820938,8.74788,15.304649,15.304649,3.397561,4.8797855,15.86442,10.5499155,7.7148505,7.641895444444444,3.397561,4.8797855,0.00182,0.00011,0.0102,0.0102,0.0537,0.000176,0.0537,1.26e-05,0.0049,0.00036,,,0.0537,4.27e-06,1.51e-06,1.51e-06,0.0537,5.62e-05,0.000724,0.000261,0.0537,5.62e-05
37,yes,yes,3,+wh_gap,She knows,who,the police said,the detective believed,he thought,,the inspectors,interrogated,,last night.,0.0,5.8043205,6.4446,6.4446,4.386521,8.000604000000001,5.427319,8.319961000000001,5.774267,8.5539305,,,4.950338,10.0383305,15.435956,15.435956,,,16.549379,9.821678,9.821678,8.704923125,16.549379,9.821678,0.00182,0.00011,0.00219,0.00219,0.0537,0.000176,0.0537,1.26e-05,0.0049,0.00036,,,0.0537,4.27e-06,1.51e-06,1.51e-06,,,0.000724,0.000261,0.000724,0.000261
37,yes,no,3,+wh_no_gap,She knows,who,the police said,the detective believed,he thought,,the inspectors,interrogated,the criminal,last night.,0.0,5.8043205,6.4446,6.4446,4.386521,8.000604000000001,5.427319,8.319961000000001,5.774267,8.5539305,,,4.950338,10.0383305,15.435956,15.435956,4.897563,5.8784115,14.725995,9.808672,7.84354175,8.389421166666667,4.897563,5.8784115,0.00182,0.00011,0.00219,0.00219,0.0537,0.000176,0.0537,1.26e-05,0.0049,0.00036,,,0.0537,4.27e-06,1.51e-06,1.51e-06,0.0537,5.62e-05,0.000724,0.000261,0.0537,5.62e-05
37,no,yes,4,-wh_gap,She knows,that,the police said,the detective believed,he thought,he saw,the inspectors,interrogated,,last night.,0.0,5.8043205,2.279035,2.279035,2.521865,7.562061333333333,3.27879,7.557134666666667,3.830116,7.3245215,2.987182,5.9928005,2.242893,9.219263,16.412519,16.412519,,,15.995197,9.4672995,9.4672995,7.759197333333333,15.995197,9.4672995,0.00182,0.00011,0.0102,0.0102,0.0537,0.000176,0.0537,1.26e-05,0.0049,0.00036,0.0049,0.000209,0.0537,4.27e-06,1.51e-06,1.51e-06,,,0.000724,0.000261,0.000724,0.000261
37,no,no,4,-wh_no_gap,She knows,that,the police said,the detective believed,he thought,he saw,the inspectors,interrogated,the criminal,last night.,0.0,5.8043205,2.279035,2.279035,2.521865,7.562061333333333,3.27879,7.557134666666667,3.830116,7.3245215,2.987182,5.9928005,2.242893,9.219263,16.412519,16.412519,7.296073,7.8069155,14.103971,9.1262555,8.466585499999999,7.72986475,7.296073,7.8069155,0.00182,0.00011,0.0102,0.0102,0.0537,0.000176,0.0537,1.26e-05,0.0049,0.00036,0.0049,0.000209,0.0537,4.27e-06,1.51e-06,1.51e-06,0.0537,5.62e-05,0.000724,0.000261,0.0537,5.62e-05
37,yes,yes,4,+wh_gap,She knows,who,the police said,the detective believed,he thought,he saw,the inspectors,interrogated,,last night.,0.0,5.8043205,6.4446,6.4446,4.386521,8.000604000000001,5.427319,8.319961000000001,5.774267,8.5539305,4.779399,6.569978,4.210453,10.192216,15.096472,15.096472,,,15.627411,9.2135525,9.2135525,8.398375666666665,15.627411,9.2135525,0.00182,0.00011,0.00219,0.00219,0.0537,0.000176,0.0537,1.26e-05,0.0049,0.00036,0.0049,0.000209,0.0537,4.27e-06,1.51e-06,1.51e-06,,,0.000724,0.000261,0.000724,0.000261
37,yes,no,4,+wh_no_gap,She knows,who,the police said,the detective believed,he thought,he saw,the inspectors,interrogated,the criminal,last night.,0.0,5.8043205,6.4446,6.4446,4.386521,8.000604000000001,5.427319,8.319961000000001,5.774267,8.5539305,4.779399,6.569978,4.210453,10.192216,15.096472,15.096472,8.421925,8.648713,13.373444,8.789977499999999,8.71934525,8.3810519,8.421925,8.648713,0.00182,0.00011,0.00219,0.00219,0.0537,0.000176,0.0537,1.26e-05,0.0049,0.00036,0.0049,0.000209,0.0537,4.27e-06,1.51e-06,1.51e-06,0.0537,5.62e-05,0.000724,0.000261,0.0537,5.62e-05
38,no,yes,0,-wh_gap,They know,that,,,,,the old man,thanked,,on the street.,0.0,4.743053,2.169621,2.169621,,,,,,,,,1.87231,4.873796,17.82658,17.82658,,,13.133201,8.274203666666667,8.274203666666667,6.892630600000001,13.133201,8.274203666666667,0.00316,0.0009,0.0102,0.0102,,,,,,,,,0.0537,0.000302,4.37e-06,4.37e-06,,,0.00813,0.000186,0.00813,0.000186
38,no,no,0,-wh_no_gap,They know,that,,,,,the old man,thanked,the tailor,on the street.,0.0,4.743053,2.169621,2.169621,,,,,,,,,1.87231,4.873796,17.82658,17.82658,2.531793,9.380634,8.349737,5.570541333333334,7.0945784000000005,6.631382250000001,2.531793,9.380634,0.00316,0.0009,0.0102,0.0102,,,,,,,,,0.0537,0.000302,4.37e-06,4.37e-06,0.0537,4.07e-06,0.00813,0.000186,0.0537,4.07e-06
38,yes,yes,0,+wh_gap,They know,who,,,,,the old man,thanked,,on the street.,0.0,4.743053,7.200986,7.200986,,,,,,,,,4.435805,5.262375666666666,18.323141,18.323141,,,8.990968,6.336074666666666,6.336074666666666,6.9805584,8.990968,6.336074666666666,0.00316,0.0009,0.00219,0.00219,,,,,,,,,0.0537,0.000302,4.37e-06,4.37e-06,,,0.00813,0.000186,0.00813,0.000186
38,yes,no,0,+wh_no_gap,They know,who,,,,,the old man,thanked,the tailor,on the street.,0.0,4.743053,7.200986,7.200986,,,,,,,,,4.435805,5.262375666666666,18.323141,18.323141,4.094289,10.3102765,8.468251,5.4008460000000005,7.364618200000001,7.30170425,4.094289,10.3102765,0.00316,0.0009,0.00219,0.00219,,,,,,,,,0.0537,0.000302,4.37e-06,4.37e-06,0.0537,4.07e-06,0.00813,0.000186,0.0537,4.07e-06
38,no,yes,1,-wh_gap,They know,that,the nurse said,,,,the old man,thanked,,on the street.,0.0,4.743053,2.169621,2.169621,1.87231,8.902058,,,,,,,3.415496,5.333006,15.939516,15.939516,,,13.761032,8.591416,8.591416,7.390360230769231,13.761032,8.591416,0.00316,0.0009,0.0102,0.0102,0.0537,2.45e-05,,,,,,,0.0537,0.000302,4.37e-06,4.37e-06,,,0.00813,0.000186,0.00813,0.000186
38,no,no,1,-wh_no_gap,They know,that,the nurse said,,,,the old man,thanked,the tailor,on the street.,0.0,4.743053,2.169621,2.169621,1.87231,8.902058,,,,,,,3.415496,5.333006,15.939516,15.939516,2.902577,9.0353955,8.077868,5.474393,6.8987940000000005,6.986293666666667,2.902577,9.0353955,0.00316,0.0009,0.0102,0.0102,0.0537,2.45e-05,,,,,,,0.0537,0.000302,4.37e-06,4.37e-06,0.0537,4.07e-06,0.00813,0.000186,0.0537,4.07e-06
38,yes,yes,1,+wh_gap,They know,who,the nurse said,,,,the old man,thanked,,on the street.,0.0,4.743053,7.200986,7.200986,4.435805,9.012959666666667,,,,,,,5.457362,6.048483666666667,17.263695,17.263695,,,8.943098,6.4756730000000005,6.4756730000000005,7.58170276923077,8.943098,6.4756730000000005,0.00316,0.0009,0.00219,0.00219,0.0537,2.45e-05,,,,,,,0.0537,0.000302,4.37e-06,4.37e-06,,,0.00813,0.000186,0.00813,0.000186
38,yes,no,1,+wh_no_gap,They know,who,the nurse said,,,,the old man,thanked,the tailor,on the street.,0.0,4.743053,7.200986,7.200986,4.435805,9.012959666666667,,,,,,,5.457362,6.048483666666667,17.263695,17.263695,4.796905,10.362783,7.778988,5.234832,7.2860124,7.704345266666667,4.796905,10.362783,0.00316,0.0009,0.00219,0.00219,0.0537,2.45e-05,,,,,,,0.0537,0.000302,4.37e-06,4.37e-06,0.0537,4.07e-06,0.00813,0.000186,0.0537,4.07e-06
38,no,yes,2,-wh_gap,They know,that,the nurse said,the assistant knew,,,the old man,thanked,,on the street.,0.0,4.743053,2.169621,2.169621,1.87231,8.902058,3.415496,8.474677666666667,,,,,3.486011,5.30715,17.95112,17.95112,,,14.000892,8.961007333333333,8.961007333333333,7.783845375,14.000892,8.961007333333333,0.00316,0.0009,0.0102,0.0102,0.0537,2.45e-05,0.0537,3.94e-05,,,,,0.0537,0.000302,4.37e-06,4.37e-06,,,0.00813,0.000186,0.00813,0.000186
38,no,no,2,-wh_no_gap,They know,that,the nurse said,the assistant knew,,,the old man,thanked,the tailor,on the street.,0.0,4.743053,2.169621,2.169621,1.87231,8.902058,3.415496,8.474677666666667,,,,,3.486011,5.30715,17.95112,17.95112,3.077422,8.9691875,8.454434,5.7294703333333326,7.0253572,7.376960555555556,3.077422,8.9691875,0.00316,0.0009,0.0102,0.0102,0.0537,2.45e-05,0.0537,3.94e-05,,,,,0.0537,0.000302,4.37e-06,4.37e-06,0.0537,4.07e-06,0.00813,0.000186,0.0537,4.07e-06
38,yes,yes,2,+wh_gap,They know,who,the nurse said,the assistant knew,,,the old man,thanked,,on the street.,0.0,4.743053,7.200986,7.200986,4.435805,9.012959666666667,5.457362,9.773695666666669,,,,,4.757461,5.839334333333333,18.51605,18.51605,,,8.926186,6.592410666666666,6.592410666666666,8.0536464375,8.926186,6.592410666666666,0.00316,0.0009,0.00219,0.00219,0.0537,2.45e-05,0.0537,3.94e-05,,,,,0.0537,0.000302,4.37e-06,4.37e-06,,,0.00813,0.000186,0.00813,0.000186
38,yes,no,2,+wh_no_gap,They know,who,the nurse said,the assistant knew,,,the old man,thanked,the tailor,on the street.,0.0,4.743053,7.200986,7.200986,4.435805,9.012959666666667,5.457362,9.773695666666669,,,,,4.757461,5.839334333333333,18.51605,18.51605,5.922953,10.8436895,7.939107,5.337023666666667,7.53969,8.154420055555555,5.922953,10.8436895,0.00316,0.0009,0.00219,0.00219,0.0537,2.45e-05,0.0537,3.94e-05,,,,,0.0537,0.000302,4.37e-06,4.37e-06,0.0537,4.07e-06,0.00813,0.000186,0.0537,4.07e-06
38,no,yes,3,-wh_gap,They know,that,the nurse said,the assistant knew,she saw,,the old man,thanked,,on the street.,0.0,4.743053,2.169621,2.169621,1.87231,8.902058,3.415496,8.474677666666667,4.521582,6.8285465,,,2.342586,4.473037333333333,18.050468,18.050468,,,10.669497,7.338553333333333,7.338553333333333,7.273792611111109,10.669497,7.338553333333333,0.00316,0.0009,0.0102,0.0102,0.0537,2.45e-05,0.0537,3.94e-05,0.00182,0.000195,,,0.0537,0.000302,4.37e-06,4.37e-06,,,0.00813,0.000186,0.00813,0.000186
38,no,no,3,-wh_no_gap,They know,that,the nurse said,the assistant knew,she saw,,the old man,thanked,the tailor,on the street.,0.0,4.743053,2.169621,2.169621,1.87231,8.902058,3.415496,8.474677666666667,4.521582,6.8285465,,,2.342586,4.473037333333333,18.050468,18.050468,2.968512,9.036605,7.691098,5.359242000000001,6.8301872,7.15317715,2.968512,9.036605,0.00316,0.0009,0.0102,0.0102,0.0537,2.45e-05,0.0537,3.94e-05,0.00182,0.000195,,,0.0537,0.000302,4.37e-06,4.37e-06,0.0537,4.07e-06,0.00813,0.000186,0.0537,4.07e-06
38,yes,yes,3,+wh_gap,They know,who,the nurse said,the assistant knew,she saw,,the old man,thanked,,on the street.,0.0,4.743053,7.200986,7.200986,4.435805,9.012959666666667,5.457362,9.773695666666669,7.185827,7.623625,,,4.797471,5.361316666666667,18.316559,18.316559,,,9.609483,6.809263666666666,6.809263666666666,7.951256000000001,9.609483,6.809263666666666,0.00316,0.0009,0.00219,0.00219,0.0537,2.45e-05,0.0537,3.94e-05,0.00182,0.000195,,,0.0537,0.000302,4.37e-06,4.37e-06,,,0.00813,0.000186,0.00813,0.000186
38,yes,no,3,+wh_no_gap,They know,who,the nurse said,the assistant knew,she saw,,the old man,thanked,the tailor,on the street.,0.0,4.743053,7.200986,7.200986,4.435805,9.012959666666667,5.457362,9.773695666666669,7.185827,7.623625,,,4.797471,5.361316666666667,18.316559,18.316559,3.402303,9.3814115,7.742846,5.271610666666667,6.915530999999999,7.863623599999999,3.402303,9.3814115,0.00316,0.0009,0.00219,0.00219,0.0537,2.45e-05,0.0537,3.94e-05,0.00182,0.000195,,,0.0537,0.000302,4.37e-06,4.37e-06,0.0537,4.07e-06,0.00813,0.000186,0.0537,4.07e-06
38,no,yes,4,-wh_gap,They know,that,the nurse said,the assistant knew,she saw,he noticed,the old man,thanked,,on the street.,0.0,4.743053,2.169621,2.169621,1.87231,8.902058,3.415496,8.474677666666667,4.521582,6.8285465,11.702902,11.647964,2.287743,4.531450333333334,18.603525,18.603525,,,10.993477,7.397737999999999,7.397737999999999,7.75650225,10.993477,7.397737999999999,0.00316,0.0009,0.0102,0.0102,0.0537,2.45e-05,0.0537,3.94e-05,0.00182,0.000195,0.0049,4.23e-05,0.0537,0.000302,4.37e-06,4.37e-06,,,0.00813,0.000186,0.00813,0.000186
38,no,no,4,-wh_no_gap,They know,that,the nurse said,the assistant knew,she saw,he noticed,the old man,thanked,the tailor,on the street.,0.0,4.743053,2.169621,2.169621,1.87231,8.902058,3.415496,8.474677666666667,4.521582,6.8285465,11.702902,11.647964,2.287743,4.531450333333334,18.603525,18.603525,3.381359,9.2670975,8.203239,5.499201333333335,7.0063598,7.634937727272727,3.381359,9.2670975,0.00316,0.0009,0.0102,0.0102,0.0537,2.45e-05,0.0537,3.94e-05,0.00182,0.000195,0.0049,4.23e-05,0.0537,0.000302,4.37e-06,4.37e-06,0.0537,4.07e-06,0.00813,0.000186,0.0537,4.07e-06
38,yes,yes,4,+wh_gap,They know,who,the nurse said,the assistant knew,she saw,he noticed,the old man,thanked,,on the street.,0.0,4.743053,7.200986,7.200986,4.435805,9.012959666666667,5.457362,9.773695666666669,7.185827,7.623625,11.83828,11.0096215,4.363586,5.350300999999999,18.252903,18.252903,,,9.314467,6.544671,6.544671,8.2125685,9.314467,6.544671,0.00316,0.0009,0.00219,0.00219,0.0537,2.45e-05,0.0537,3.94e-05,0.00182,0.000195,0.0049,4.23e-05,0.0537,0.000302,4.37e-06,4.37e-06,,,0.00813,0.000186,0.00813,0.000186
38,yes,no,4,+wh_no_gap,They know,who,the nurse said,the assistant knew,she saw,he noticed,the old man,thanked,the tailor,on the street.,0.0,4.743053,7.200986,7.200986,4.435805,9.012959666666667,5.457362,9.773695666666669,7.185827,7.623625,11.83828,11.0096215,4.363586,5.350300999999999,18.252903,18.252903,3.716472,9.5745265,7.971618,5.296012,7.007417800000001,8.166111181818183,3.716472,9.5745265,0.00316,0.0009,0.00219,0.00219,0.0537,2.45e-05,0.0537,3.94e-05,0.00182,0.000195,0.0049,4.23e-05,0.0537,0.000302,4.37e-06,4.37e-06,0.0537,4.07e-06,0.00813,0.000186,0.0537,4.07e-06
39,no,yes,0,-wh_gap,He reported,that,,,,,the doctor,reassured,,before surgery.,0.0,5.4177695,1.868976,1.868976,,,,,,,,,2.223669,7.084144,14.799515,14.799515,,,20.048975,16.732879,16.732879,9.3922595,20.048975,16.732879,0.0049,9.8e-05,0.0102,0.0102,,,,,,,,,0.0537,7.93e-05,1.29e-06,1.29e-06,,,0.000851,4.06e-05,0.000851,4.06e-05
39,no,no,0,-wh_no_gap,He reported,that,,,,,the doctor,reassured,the patient,before surgery.,0.0,5.4177695,1.868976,1.868976,,,,,,,,,2.223669,7.084144,14.799515,14.799515,2.019172,3.7337165,12.126484,11.609249,7.671482749999999,7.2358249,2.019172,3.7337165,0.0049,9.8e-05,0.0102,0.0102,,,,,,,,,0.0537,7.93e-05,1.29e-06,1.29e-06,0.0537,5.88e-05,0.000851,4.06e-05,0.0537,5.88e-05
39,yes,yes,0,+wh_gap,He reported,who,,,,,the doctor,reassured,,before surgery.,0.0,5.4177695,12.096594,12.096594,,,,,,,,,7.066419,9.093147,14.31915,14.31915,,,14.001732,13.6135535,13.6135535,10.3330855,14.001732,13.6135535,0.0049,9.8e-05,0.00219,0.00219,,,,,,,,,0.0537,7.93e-05,1.29e-06,1.29e-06,,,0.000851,4.06e-05,0.000851,4.06e-05
39,yes,no,0,+wh_no_gap,He reported,who,,,,,the doctor,reassured,the patient,before surgery.,0.0,5.4177695,12.096594,12.096594,,,,,,,,,7.066419,9.093147,14.31915,14.31915,2.617802,4.536468,8.366671,9.9311265,7.23379725,8.4372766,2.617802,4.536468,0.0049,9.8e-05,0.00219,0.00219,,,,,,,,,0.0537,7.93e-05,1.29e-06,1.29e-06,0.0537,5.88e-05,0.000851,4.06e-05,0.0537,5.88e-05
39,no,yes,1,-wh_gap,He reported,that,the nurse believed,,,,the doctor,reassured,,before surgery.,0.0,5.4177695,1.868976,1.868976,2.223669,8.714418,,,,,,,3.095429,5.0827245,15.64215,15.64215,,,17.605898,14.4138015,14.4138015,8.49845190909091,17.605898,14.4138015,0.0049,9.8e-05,0.0102,0.0102,0.0537,1.74e-05,,,,,,,0.0537,7.93e-05,1.29e-06,1.29e-06,,,0.000851,4.06e-05,0.000851,4.06e-05
39,no,no,1,-wh_no_gap,He reported,that,the nurse believed,,,,the doctor,reassured,the patient,before surgery.,0.0,5.4177695,1.868976,1.868976,2.223669,8.714418,,,,,,,3.095429,5.0827245,15.64215,15.64215,2.056801,3.0230975,11.082987,10.5450285,6.784063,7.060893846153848,2.056801,3.0230975,0.0049,9.8e-05,0.0102,0.0102,0.0537,1.74e-05,,,,,,,0.0537,7.93e-05,1.29e-06,1.29e-06,0.0537,5.88e-05,0.000851,4.06e-05,0.0537,5.88e-05
39,yes,yes,1,+wh_gap,He reported,who,the nurse believed,,,,the doctor,reassured,,before surgery.,0.0,5.4177695,12.096594,12.096594,7.066419,9.454384333333334,,,,,,,4.722638,6.381954,16.401205,16.401205,,,16.446417,14.0023925,14.0023925,9.860471272727274,16.446417,14.0023925,0.0049,9.8e-05,0.00219,0.00219,0.0537,1.74e-05,,,,,,,0.0537,7.93e-05,1.29e-06,1.29e-06,,,0.000851,4.06e-05,0.000851,4.06e-05
39,yes,no,1,+wh_no_gap,He reported,who,the nurse believed,,,,the doctor,reassured,the patient,before surgery.,0.0,5.4177695,12.096594,12.096594,7.066419,9.454384333333334,,,,,,,4.722638,6.381954,16.401205,16.401205,2.465356,3.4275945,9.067441,9.657767,6.542680750000001,8.202394,2.465356,3.4275945,0.0049,9.8e-05,0.00219,0.00219,0.0537,1.74e-05,,,,,,,0.0537,7.93e-05,1.29e-06,1.29e-06,0.0537,5.88e-05,0.000851,4.06e-05,0.0537,5.88e-05
39,no,yes,2,-wh_gap,He reported,that,the nurse believed,the woman thought,,,the doctor,reassured,,before surgery.,0.0,5.4177695,1.868976,1.868976,2.223669,8.714418,3.095429,7.936264,,,,,3.952072,6.252901,16.760958,16.760958,,,18.174604,14.907694,14.907694,8.695622071428572,18.174604,14.907694,0.0049,9.8e-05,0.0102,0.0102,0.0537,1.74e-05,0.0537,0.000142,,,,,0.0537,7.93e-05,1.29e-06,1.29e-06,,,0.000851,4.06e-05,0.000851,4.06e-05
39,no,no,2,-wh_no_gap,He reported,that,the nurse believed,the woman thought,,,the doctor,reassured,the patient,before surgery.,0.0,5.4177695,1.868976,1.868976,2.223669,8.714418,3.095429,7.936264,,,,,3.952072,6.252901,16.760958,16.760958,2.093699,3.5077085,10.327617,10.367988,6.93784825,7.479669625,2.093699,3.5077085,0.0049,9.8e-05,0.0102,0.0102,0.0537,1.74e-05,0.0537,0.000142,,,,,0.0537,7.93e-05,1.29e-06,1.29e-06,0.0537,5.88e-05,0.000851,4.06e-05,0.0537,5.88e-05
39,yes,yes,2,+wh_gap,He reported,who,the nurse believed,the woman thought,,,the doctor,reassured,,before surgery.,0.0,5.4177695,12.096594,12.096594,7.066419,9.454384333333334,4.722638,8.440341,,,,,4.973783,7.0600215,16.083408,16.083408,,,18.946964,15.4605475,15.4605475,9.8386325,18.946964,15.4605475,0.0049,9.8e-05,0.00219,0.00219,0.0537,1.74e-05,0.0537,0.000142,,,,,0.0537,7.93e-05,1.29e-06,1.29e-06,,,0.000851,4.06e-05,0.000851,4.06e-05
39,yes,no,2,+wh_no_gap,He reported,who,the nurse believed,the woman thought,,,the doctor,reassured,the patient,before surgery.,0.0,5.4177695,12.096594,12.096594,7.066419,9.454384333333334,4.722638,8.440341,,,,,4.973783,7.0600215,16.083408,16.083408,2.420764,3.8687455,9.955611,10.3654415,7.117093499999999,8.455508374999999,2.420764,3.8687455,0.0049,9.8e-05,0.00219,0.00219,0.0537,1.74e-05,0.0537,0.000142,,,,,0.0537,7.93e-05,1.29e-06,1.29e-06,0.0537,5.88e-05,0.000851,4.06e-05,0.0537,5.88e-05
39,no,yes,3,-wh_gap,He reported,that,the nurse believed,the woman thought,she recalled,,the doctor,reassured,,before surgery.,0.0,5.4177695,1.868976,1.868976,2.223669,8.714418,3.095429,7.936264,4.288048,11.339989,,,2.507024,5.932803,17.097013,17.097013,,,18.836964,15.45569,15.45569,9.075658625,18.836964,15.45569,0.0049,9.8e-05,0.0102,0.0102,0.0537,1.74e-05,0.0537,0.000142,0.00182,9.5e-06,,,0.0537,7.93e-05,1.29e-06,1.29e-06,,,0.000851,4.06e-05,0.000851,4.06e-05
39,no,no,3,-wh_no_gap,He reported,that,the nurse believed,the woman thought,she recalled,,the doctor,reassured,the patient,before surgery.,0.0,5.4177695,1.868976,1.868976,2.223669,8.714418,3.095429,7.936264,4.288048,11.339989,,,2.507024,5.932803,17.097013,17.097013,2.372591,3.7838745,11.302661,11.0532245,7.4185495,7.998519777777777,2.372591,3.7838745,0.0049,9.8e-05,0.0102,0.0102,0.0537,1.74e-05,0.0537,0.000142,0.00182,9.5e-06,,,0.0537,7.93e-05,1.29e-06,1.29e-06,0.0537,5.88e-05,0.000851,4.06e-05,0.0537,5.88e-05
39,yes,yes,3,+wh_gap,He reported,who,the nurse believed,the woman thought,she recalled,,the doctor,reassured,,before surgery.,0.0,5.4177695,12.096594,12.096594,7.066419,9.454384333333334,4.722638,8.440341,4.466629,11.2225505,,,2.603192,6.0669725,17.094076,17.094076,,,18.627789,15.4439255,15.4439255,9.948580125,18.627789,15.4439255,0.0049,9.8e-05,0.00219,0.00219,0.0537,1.74e-05,0.0537,0.000142,0.00182,9.5e-06,,,0.0537,7.93e-05,1.29e-06,1.29e-06,,,0.000851,4.06e-05,0.000851,4.06e-05
39,yes,no,3,+wh_no_gap,He reported,who,the nurse believed,the woman thought,she recalled,,the doctor,reassured,the patient,before surgery.,0.0,5.4177695,12.096594,12.096594,7.066419,9.454384333333334,4.722638,8.440341,4.466629,11.2225505,,,2.603192,6.0669725,17.094076,17.094076,2.427719,3.855833000000001,11.146276,11.0810685,7.468450750000001,8.786846333333335,2.427719,3.855833000000001,0.0049,9.8e-05,0.00219,0.00219,0.0537,1.74e-05,0.0537,0.000142,0.00182,9.5e-06,,,0.0537,7.93e-05,1.29e-06,1.29e-06,0.0537,5.88e-05,0.000851,4.06e-05,0.0537,5.88e-05
39,no,yes,4,-wh_gap,He reported,that,the nurse believed,the woman thought,she recalled,she noticed,the doctor,reassured,,before surgery.,0.0,5.4177695,1.868976,1.868976,2.223669,8.714418,3.095429,7.936264,4.288048,11.339989,6.438337,9.3292385,2.635779,6.309775999999999,16.037151,16.037151,,,19.22176,15.6256515,15.6256515,9.105723444444443,19.22176,15.6256515,0.0049,9.8e-05,0.0102,0.0102,0.0537,1.74e-05,0.0537,0.000142,0.00182,9.5e-06,0.00182,4.17e-05,0.0537,7.93e-05,1.29e-06,1.29e-06,,,0.000851,4.06e-05,0.000851,4.06e-05
39,no,no,4,-wh_no_gap,He reported,that,the nurse believed,the woman thought,she recalled,she noticed,the doctor,reassured,the patient,before surgery.,0.0,5.4177695,1.868976,1.868976,2.223669,8.714418,3.095429,7.936264,4.288048,11.339989,6.438337,9.3292385,2.635779,6.309775999999999,16.037151,16.037151,2.474005,3.473315,10.965033,10.737076,7.105195500000001,8.053625049999999,2.474005,3.473315,0.0049,9.8e-05,0.0102,0.0102,0.0537,1.74e-05,0.0537,0.000142,0.00182,9.5e-06,0.00182,4.17e-05,0.0537,7.93e-05,1.29e-06,1.29e-06,0.0537,5.88e-05,0.000851,4.06e-05,0.0537,5.88e-05
39,yes,yes,4,+wh_gap,He reported,who,the nurse believed,the woman thought,she recalled,she noticed,the doctor,reassured,,before surgery.,0.0,5.4177695,12.096594,12.096594,7.066419,9.454384333333334,4.722638,8.440341,4.466629,11.2225505,6.731373,9.337665,2.507774,6.304379,16.273436,16.273436,,,19.062698,15.6141705,15.6141705,9.880404166666668,19.062698,15.6141705,0.0049,9.8e-05,0.00219,0.00219,0.0537,1.74e-05,0.0537,0.000142,0.00182,9.5e-06,0.00182,4.17e-05,0.0537,7.93e-05,1.29e-06,1.29e-06,,,0.000851,4.06e-05,0.000851,4.06e-05
39,yes,no,4,+wh_no_gap,He reported,who,the nurse believed,the woman thought,she recalled,she noticed,the doctor,reassured,the patient,before surgery.,0.0,5.4177695,12.096594,12.096594,7.066419,9.454384333333334,4.722638,8.440341,4.466629,11.2225505,6.731373,9.337665,2.507774,6.304379,16.273436,16.273436,2.517021,3.5692445,10.92831,10.812793,7.19101875,8.76915045,2.517021,3.5692445,0.0049,9.8e-05,0.00219,0.00219,0.0537,1.74e-05,0.0537,0.000142,0.00182,9.5e-06,0.00182,4.17e-05,0.0537,7.93e-05,1.29e-06,1.29e-06,0.0537,5.88e-05,0.000851,4.06e-05,0.0537,5.88e-05
4,no,yes,0,-wh_gap,We discovered,that,,,,,the funny actor,told,,about the woman.,0.0,6.268896,1.756949,1.756949,,,,,,,,,1.860101,11.125857000000002,9.38768,9.38768,,,8.486236,7.160869000000001,7.160869000000001,7.854259900000001,8.486236,7.160869000000001,0.00347,5.41e-05,0.0102,0.0102,,,,,,,,,0.0537,3.13e-05,0.000347,0.000347,,,0.00251,0.000205,0.00251,0.000205
4,no,no,0,-wh_no_gap,We discovered,that,,,,,the funny actor,told,a story,about the woman.,0.0,6.268896,1.756949,1.756949,,,,,,,,,1.860101,11.125857000000002,9.38768,9.38768,5.646233,4.2835225,2.739577,4.919254333333334,4.6649616,6.698733333333332,5.646233,4.2835225,0.00347,5.41e-05,0.0102,0.0102,,,,,,,,,0.0537,3.13e-05,0.000347,0.000347,0.0229,0.000278,0.00251,0.000205,0.0229,0.000278
4,yes,yes,0,+wh_gap,We discovered,what,,,,,the funny actor,told,,about the woman.,0.0,6.268896,6.830478,6.830478,,,,,,,,,3.863357,11.412302333333336,7.046882,7.046882,,,6.411373,6.474718333333333,6.474718333333333,8.0076214,6.411373,6.474718333333333,0.00347,5.41e-05,0.0024,0.0024,,,,,,,,,0.0537,3.13e-05,0.000347,0.000347,,,0.00251,0.000205,0.00251,0.000205
4,yes,no,0,+wh_no_gap,We discovered,what,,,,,the funny actor,told,a story,about the woman.,0.0,6.268896,6.830478,6.830478,,,,,,,,,3.863357,11.412302333333336,7.046882,7.046882,7.165923,5.4229,2.206386,4.819439,5.0608234,7.163014666666666,7.165923,5.4229,0.00347,5.41e-05,0.0024,0.0024,,,,,,,,,0.0537,3.13e-05,0.000347,0.000347,0.0229,0.000278,0.00251,0.000205,0.0229,0.000278
4,no,yes,1,-wh_gap,We discovered,that,the delivery boy remarked,,,,the funny actor,told,,about the woman.,0.0,6.268896,1.756949,1.756949,1.860101,11.31046375,,,,,,,5.388022,10.662949,8.627124,8.627124,,,9.333905,7.322451666666666,7.322451666666666,8.722851571428574,9.333905,7.322451666666666,0.00347,5.41e-05,0.0102,0.0102,0.0537,3.45e-06,,,,,,,0.0537,3.13e-05,0.000347,0.000347,,,0.00251,0.000205,0.00251,0.000205
4,no,no,1,-wh_no_gap,We discovered,that,the delivery boy remarked,,,,the funny actor,told,a story,about the woman.,0.0,6.268896,1.756949,1.756949,1.860101,11.31046375,,,,,,,5.388022,10.662949,8.627124,8.627124,6.005342,4.779526,2.718681,4.786337666666666,4.783613,7.7544145,6.005342,4.779526,0.00347,5.41e-05,0.0102,0.0102,0.0537,3.45e-06,,,,,,,0.0537,3.13e-05,0.000347,0.000347,0.0229,0.000278,0.00251,0.000205,0.0229,0.000278
4,yes,yes,1,+wh_gap,We discovered,what,the delivery boy remarked,,,,the funny actor,told,,about the woman.,0.0,6.268896,6.830478,6.830478,3.863357,11.982541,,,,,,,7.533066,11.901897666666663,9.007369,9.007369,,,6.256715,6.577864000000001,6.577864000000001,9.41036342857143,6.256715,6.577864000000001,0.00347,5.41e-05,0.0024,0.0024,0.0537,3.45e-06,,,,,,,0.0537,3.13e-05,0.000347,0.000347,,,0.00251,0.000205,0.00251,0.000205
4,yes,no,1,+wh_no_gap,We discovered,what,the delivery boy remarked,,,,the funny actor,told,a story,about the woman.,0.0,6.268896,6.830478,6.830478,3.863357,11.982541,,,,,,,7.533066,11.901897666666663,9.007369,9.007369,6.845611,5.6216985,2.65763,5.203815666666666,5.3709688,8.67914625,6.845611,5.6216985,0.00347,5.41e-05,0.0024,0.0024,0.0537,3.45e-06,,,,,,,0.0537,3.13e-05,0.000347,0.000347,0.0229,0.000278,0.00251,0.000205,0.0229,0.000278
4,no,yes,2,-wh_gap,We discovered,that,the delivery boy remarked,the worker said,,,the funny actor,told,,about the woman.,0.0,6.268896,1.756949,1.756949,1.860101,11.31046375,5.388022,9.956627,,,,,4.252443,10.905985666666666,7.637231,7.637231,,,9.399894,7.218687333333333,7.218687333333333,8.90692511764706,9.399894,7.218687333333333,0.00347,5.41e-05,0.0102,0.0102,0.0537,3.45e-06,0.0537,2.62e-05,,,,,0.0537,3.13e-05,0.000347,0.000347,,,0.00251,0.000205,0.00251,0.000205
4,no,no,2,-wh_no_gap,We discovered,that,the delivery boy remarked,the worker said,,,the funny actor,told,a story,about the woman.,0.0,6.268896,1.756949,1.756949,1.860101,11.31046375,5.388022,9.956627,,,,,4.252443,10.905985666666666,7.637231,7.637231,6.062496,4.965525,2.79268,4.72628,4.821978,8.098502894736841,6.062496,4.965525,0.00347,5.41e-05,0.0102,0.0102,0.0537,3.45e-06,0.0537,2.62e-05,,,,,0.0537,3.13e-05,0.000347,0.000347,0.0229,0.000278,0.00251,0.000205,0.0229,0.000278
4,yes,yes,2,+wh_gap,We discovered,what,the delivery boy remarked,the worker said,,,the funny actor,told,,about the woman.,0.0,6.268896,6.830478,6.830478,3.863357,11.982541,7.533066,10.119764333333334,,,,,6.784482,12.000147,7.250337,7.250337,,,6.363967,6.551721000000001,6.551721000000001,9.444921647058822,6.363967,6.551721000000001,0.00347,5.41e-05,0.0024,0.0024,0.0537,3.45e-06,0.0537,2.62e-05,,,,,0.0537,3.13e-05,0.000347,0.000347,,,0.00251,0.000205,0.00251,0.000205
4,yes,no,2,+wh_no_gap,We discovered,what,the delivery boy remarked,the worker said,,,the funny actor,told,a story,about the woman.,0.0,6.268896,6.830478,6.830478,3.863357,11.982541,7.533066,10.119764333333334,,,,,6.784482,12.000147,7.250337,7.250337,6.857256,5.581013,2.693278,5.202466,5.3538848,8.825154157894737,6.857256,5.581013,0.00347,5.41e-05,0.0024,0.0024,0.0537,3.45e-06,0.0537,2.62e-05,,,,,0.0537,3.13e-05,0.000347,0.000347,0.0229,0.000278,0.00251,0.000205,0.0229,0.000278
4,no,yes,3,-wh_gap,We discovered,that,the delivery boy remarked,the worker said,the gardener knew,,the funny actor,told,,about the woman.,0.0,6.268896,1.756949,1.756949,1.860101,11.31046375,5.388022,9.956627,4.252443,8.933485,,,3.729409,10.845519666666666,10.230232,10.230232,,,9.30173,7.034972,7.034972,9.00393195,9.30173,7.034972,0.00347,5.41e-05,0.0102,0.0102,0.0537,3.45e-06,0.0537,2.62e-05,0.0537,3.03e-06,,,0.0537,3.13e-05,0.000347,0.000347,,,0.00251,0.000205,0.00251,0.000205
4,no,no,3,-wh_no_gap,We discovered,that,the delivery boy remarked,the worker said,the gardener knew,,the funny actor,told,a story,about the woman.,0.0,6.268896,1.756949,1.756949,1.860101,11.31046375,5.388022,9.956627,4.252443,8.933485,,,3.729409,10.845519666666666,10.230232,10.230232,6.424825,5.351137,2.782049,4.634404,4.9210972,8.3445095,6.424825,5.351137,0.00347,5.41e-05,0.0102,0.0102,0.0537,3.45e-06,0.0537,2.62e-05,0.0537,3.03e-06,,,0.0537,3.13e-05,0.000347,0.000347,0.0229,0.000278,0.00251,0.000205,0.0229,0.000278
4,yes,yes,3,+wh_gap,We discovered,what,the delivery boy remarked,the worker said,the gardener knew,,the funny actor,told,,about the woman.,0.0,6.268896,6.830478,6.830478,3.863357,11.982541,7.533066,10.119764333333334,6.784482,10.062960333333336,,,7.781622,12.972117,9.059606,9.059606,,,5.785993,6.259909666666666,6.259909666666666,9.7301147,5.785993,6.259909666666666,0.00347,5.41e-05,0.0024,0.0024,0.0537,3.45e-06,0.0537,2.62e-05,0.0537,3.03e-06,,,0.0537,3.13e-05,0.000347,0.000347,,,0.00251,0.000205,0.00251,0.000205
4,yes,no,3,+wh_no_gap,We discovered,what,the delivery boy remarked,the worker said,the gardener knew,,the funny actor,told,a story,about the woman.,0.0,6.268896,6.830478,6.830478,3.863357,11.982541,7.533066,10.119764333333334,6.784482,10.062960333333336,,,7.781622,12.972117,9.059606,9.059606,7.456509,6.2279075,2.36104,5.0218810000000005,5.5042916,9.242910136363635,7.456509,6.2279075,0.00347,5.41e-05,0.0024,0.0024,0.0537,3.45e-06,0.0537,2.62e-05,0.0537,3.03e-06,,,0.0537,3.13e-05,0.000347,0.000347,0.0229,0.000278,0.00251,0.000205,0.0229,0.000278
4,no,yes,4,-wh_gap,We discovered,that,the delivery boy remarked,the worker said,the gardener knew,the maid remembers,the funny actor,told,,about the woman.,0.0,6.268896,1.756949,1.756949,1.860101,11.31046375,5.388022,9.956627,4.252443,8.933485,3.729409,11.715554333333335,2.732196,10.417307333333332,10.415008,10.415008,,,7.98716,5.838386,5.838386,9.153725347826084,7.98716,5.838386,0.00347,5.41e-05,0.0102,0.0102,0.0537,3.45e-06,0.0537,2.62e-05,0.0537,3.03e-06,0.0537,3.91e-06,0.0537,3.13e-05,0.000347,0.000347,,,0.00251,0.000205,0.00251,0.000205
4,no,no,4,-wh_no_gap,We discovered,that,the delivery boy remarked,the worker said,the gardener knew,the maid remembers,the funny actor,told,a story,about the woman.,0.0,6.268896,1.756949,1.756949,1.860101,11.31046375,5.388022,9.956627,4.252443,8.933485,3.729409,11.715554333333335,2.732196,10.417307333333332,10.415008,10.415008,5.224055,4.9104395,3.429501,4.139427333333334,4.4478322,8.61038744,5.224055,4.9104395,0.00347,5.41e-05,0.0102,0.0102,0.0537,3.45e-06,0.0537,2.62e-05,0.0537,3.03e-06,0.0537,3.91e-06,0.0537,3.13e-05,0.000347,0.000347,0.0229,0.000278,0.00251,0.000205,0.0229,0.000278
4,yes,yes,4,+wh_gap,We discovered,what,the delivery boy remarked,the worker said,the gardener knew,the maid remembers,the funny actor,told,,about the woman.,0.0,6.268896,6.830478,6.830478,3.863357,11.982541,7.533066,10.119764333333334,6.784482,10.062960333333336,7.781622,12.28784,8.081577,13.158353666666663,9.166099,9.166099,,,5.758485,5.499710666666666,5.499710666666666,9.993496521739132,5.758485,5.499710666666666,0.00347,5.41e-05,0.0024,0.0024,0.0537,3.45e-06,0.0537,2.62e-05,0.0537,3.03e-06,0.0537,3.91e-06,0.0537,3.13e-05,0.000347,0.000347,,,0.00251,0.000205,0.00251,0.000205
4,yes,no,4,+wh_no_gap,We discovered,what,the delivery boy remarked,the worker said,the gardener knew,the maid remembers,the funny actor,told,a story,about the woman.,0.0,6.268896,6.830478,6.830478,3.863357,11.982541,7.533066,10.119764333333334,6.784482,10.062960333333336,7.781622,12.28784,8.081577,13.158353666666663,9.166099,9.166099,7.400838,6.4764615,3.162619,4.292297333333333,5.165963,9.56724412,7.400838,6.4764615,0.00347,5.41e-05,0.0024,0.0024,0.0537,3.45e-06,0.0537,2.62e-05,0.0537,3.03e-06,0.0537,3.91e-06,0.0537,3.13e-05,0.000347,0.000347,0.0229,0.000278,0.00251,0.000205,0.0229,0.000278
40,no,yes,0,-wh_gap,They reported,that,,,,,the woman,abandoned,,on the side of the road.,0.0,5.2062265,1.780984,1.780984,,,,,,,,,1.89322,6.127138,12.541416,12.541416,,,10.568059,4.350168666666666,4.350168666666666,5.25751175,10.568059,4.350168666666666,0.00316,9.69e-05,0.0102,0.0102,,,,,,,,,0.0537,0.000223,2.51e-05,2.51e-05,,,0.00813,0.00011,0.00813,0.00011
40,no,no,0,-wh_no_gap,They reported,that,,,,,the woman,abandoned,the children,on the side of the road.,0.0,5.2062265,1.780984,1.780984,,,,,,,,,1.89322,6.127138,12.541416,12.541416,1.366229,5.316975,6.86543,3.946035333333333,4.28877025,5.092806500000001,1.366229,5.316975,0.00316,9.69e-05,0.0102,0.0102,,,,,,,,,0.0537,0.000223,2.51e-05,2.51e-05,0.0537,0.000294,0.00813,0.00011,0.0537,0.000294
40,yes,yes,0,+wh_gap,They reported,who,,,,,the woman,abandoned,,on the side of the road.,0.0,5.2062265,11.821813,11.821813,,,,,,,,,7.229744,9.036625,11.479923,11.479923,,,6.723008,3.802298166666666,3.802298166666666,6.216769,6.723008,3.802298166666666,0.00316,9.69e-05,0.00219,0.00219,,,,,,,,,0.0537,0.000223,2.51e-05,2.51e-05,,,0.00813,0.00011,0.00813,0.00011
40,yes,no,0,+wh_no_gap,They reported,who,,,,,the woman,abandoned,the children,on the side of the road.,0.0,5.2062265,11.821813,11.821813,,,,,,,,,7.229744,9.036625,11.479923,11.479923,3.339971,5.9975275,7.097768,3.950135,4.461983125,6.24880742857143,3.339971,5.9975275,0.00316,9.69e-05,0.00219,0.00219,,,,,,,,,0.0537,0.000223,2.51e-05,2.51e-05,0.0537,0.000294,0.00813,0.00011,0.0537,0.000294
40,no,yes,1,-wh_gap,They reported,that,the man claimed,,,,the woman,abandoned,,on the side of the road.,0.0,5.2062265,1.780984,1.780984,1.89322,6.907173333333333,,,,,,,4.313329,7.2365105,11.389415,11.389415,,,10.61481,4.415187333333333,4.415187333333333,5.6845678,10.61481,4.415187333333333,0.00316,9.69e-05,0.0102,0.0102,0.0537,4.09e-05,,,,,,,0.0537,0.000223,2.51e-05,2.51e-05,,,0.00813,0.00011,0.00813,0.00011
40,no,no,1,-wh_no_gap,They reported,that,the man claimed,,,,the woman,abandoned,the children,on the side of the road.,0.0,5.2062265,1.780984,1.780984,1.89322,6.907173333333333,,,,,,,4.313329,7.2365105,11.389415,11.389415,1.825032,5.5908180000000005,6.89527,3.998617,4.39666725,5.526513588235294,1.825032,5.5908180000000005,0.00316,9.69e-05,0.0102,0.0102,0.0537,4.09e-05,,,,,,,0.0537,0.000223,2.51e-05,2.51e-05,0.0537,0.000294,0.00813,0.00011,0.0537,0.000294
40,yes,yes,1,+wh_gap,They reported,who,the man claimed,,,,the woman,abandoned,,on the side of the road.,0.0,5.2062265,11.821813,11.821813,7.229744,7.909321666666667,,,,,,,5.755399,7.992004,12.273998,12.273998,,,7.083765,3.800903,3.800903,6.468377000000001,7.083765,3.800903,0.00316,9.69e-05,0.00219,0.00219,0.0537,4.09e-05,,,,,,,0.0537,0.000223,2.51e-05,2.51e-05,,,0.00813,0.00011,0.00813,0.00011
40,yes,no,1,+wh_no_gap,They reported,who,the man claimed,,,,the woman,abandoned,the children,on the side of the road.,0.0,5.2062265,11.821813,11.821813,7.229744,7.909321666666667,,,,,,,5.755399,7.992004,12.273998,12.273998,5.668646,7.1958305,7.766016,3.989436166666667,4.79103475,6.620500882352942,5.668646,7.1958305,0.00316,9.69e-05,0.00219,0.00219,0.0537,4.09e-05,,,,,,,0.0537,0.000223,2.51e-05,2.51e-05,0.0537,0.000294,0.00813,0.00011,0.0537,0.000294
40,no,yes,2,-wh_gap,They reported,that,the man claimed,his friend believed,,,the woman,abandoned,,on the side of the road.,0.0,5.2062265,1.780984,1.780984,1.89322,6.907173333333333,6.439161,8.619096666666666,,,,,3.650414,6.3158555,11.010775,11.010775,,,9.48653,4.305587166666666,4.305587166666666,6.013791999999999,9.48653,4.305587166666666,0.00316,9.69e-05,0.0102,0.0102,0.0537,4.09e-05,0.00324,4.47e-05,,,,,0.0537,0.000223,2.51e-05,2.51e-05,,,0.00813,0.00011,0.00813,0.00011
40,no,no,2,-wh_no_gap,They reported,that,the man claimed,his friend believed,,,the woman,abandoned,the children,on the side of the road.,0.0,5.2062265,1.780984,1.780984,1.89322,6.907173333333333,6.439161,8.619096666666666,,,,,3.650414,6.3158555,11.010775,11.010775,1.908006,5.233111500000001,7.056957,4.070862833333333,4.3614250000000006,5.865306649999999,1.908006,5.233111500000001,0.00316,9.69e-05,0.0102,0.0102,0.0537,4.09e-05,0.00324,4.47e-05,,,,,0.0537,0.000223,2.51e-05,2.51e-05,0.0537,0.000294,0.00813,0.00011,0.0537,0.000294
40,yes,yes,2,+wh_gap,They reported,who,the man claimed,his friend believed,,,the woman,abandoned,,on the side of the road.,0.0,5.2062265,11.821813,11.821813,7.229744,7.909321666666667,8.510571,8.771446,,,,,5.130508,7.200523499999999,11.797099,11.797099,,,7.543768,3.756992833333333,3.756992833333333,6.723148444444444,7.543768,3.756992833333333,0.00316,9.69e-05,0.00219,0.00219,0.0537,4.09e-05,0.00324,4.47e-05,,,,,0.0537,0.000223,2.51e-05,2.51e-05,,,0.00813,0.00011,0.00813,0.00011
40,yes,no,2,+wh_no_gap,They reported,who,the man claimed,his friend believed,,,the woman,abandoned,the children,on the side of the road.,0.0,5.2062265,11.821813,11.821813,7.229744,7.909321666666667,8.510571,8.771446,,,,,5.130508,7.200523499999999,11.797099,11.797099,4.577181,6.5584855,7.810356,4.0369935,4.6673665,6.79068235,4.577181,6.5584855,0.00316,9.69e-05,0.00219,0.00219,0.0537,4.09e-05,0.00324,4.47e-05,,,,,0.0537,0.000223,2.51e-05,2.51e-05,0.0537,0.000294,0.00813,0.00011,0.0537,0.000294
40,no,yes,3,-wh_gap,They reported,that,the man claimed,his friend believed,he knew,,the woman,abandoned,,on the side of the road.,0.0,5.2062265,1.780984,1.780984,1.89322,6.907173333333333,6.439161,8.619096666666666,2.807325,5.334951,,,2.6214,5.625365,12.569284,12.569284,,,10.916315,4.496692,4.496692,6.01211575,10.916315,4.496692,0.00316,9.69e-05,0.0102,0.0102,0.0537,4.09e-05,0.00324,4.47e-05,0.0049,0.000154,,,0.0537,0.000223,2.51e-05,2.51e-05,,,0.00813,0.00011,0.00813,0.00011
40,no,no,3,-wh_no_gap,They reported,that,the man claimed,his friend believed,he knew,,the woman,abandoned,the children,on the side of the road.,0.0,5.2062265,1.780984,1.780984,1.89322,6.907173333333333,6.439161,8.619096666666666,2.807325,5.334951,,,2.6214,5.625365,12.569284,12.569284,1.973602,5.158254,7.3973,4.1166358333333335,4.377040375,5.830840272727272,1.973602,5.158254,0.00316,9.69e-05,0.0102,0.0102,0.0537,4.09e-05,0.00324,4.47e-05,0.0049,0.000154,,,0.0537,0.000223,2.51e-05,2.51e-05,0.0537,0.000294,0.00813,0.00011,0.0537,0.000294
40,yes,yes,3,+wh_gap,They reported,who,the man claimed,his friend believed,he knew,,the woman,abandoned,,on the side of the road.,0.0,5.2062265,11.821813,11.821813,7.229744,7.909321666666667,8.510571,8.771446,4.597615,5.5913645,,,4.817988,6.62191,12.885551,12.885551,,,8.149169,3.9991235,3.9991235,6.6791705,8.149169,3.9991235,0.00316,9.69e-05,0.00219,0.00219,0.0537,4.09e-05,0.00324,4.47e-05,0.0049,0.000154,,,0.0537,0.000223,2.51e-05,2.51e-05,,,0.00813,0.00011,0.00813,0.00011
40,yes,no,3,+wh_no_gap,They reported,who,the man claimed,his friend believed,he knew,,the woman,abandoned,the children,on the side of the road.,0.0,5.2062265,11.821813,11.821813,7.229744,7.909321666666667,8.510571,8.771446,4.597615,5.5913645,,,4.817988,6.62191,12.885551,12.885551,4.598135,6.6294165,8.124292,4.100549833333333,4.7327665,6.702309136363635,4.598135,6.6294165,0.00316,9.69e-05,0.00219,0.00219,0.0537,4.09e-05,0.00324,4.47e-05,0.0049,0.000154,,,0.0537,0.000223,2.51e-05,2.51e-05,0.0537,0.000294,0.00813,0.00011,0.0537,0.000294
40,no,yes,4,-wh_gap,They reported,that,the man claimed,his friend believed,he knew,the man saw,the woman,abandoned,,on the side of the road.,0.0,5.2062265,1.780984,1.780984,1.89322,6.907173333333333,6.439161,8.619096666666666,2.807325,5.334951,2.6214,6.577074333333333,2.388687,4.6553235,12.655625,12.655625,,,7.755577,4.006373333333333,4.006373333333333,5.877299304347827,7.755577,4.006373333333333,0.00316,9.69e-05,0.0102,0.0102,0.0537,4.09e-05,0.00324,4.47e-05,0.0049,0.000154,0.0537,0.000164,0.0537,0.000223,2.51e-05,2.51e-05,,,0.00813,0.00011,0.00813,0.00011
40,no,no,4,-wh_no_gap,They reported,that,the man claimed,his friend believed,he knew,the man saw,the woman,abandoned,the children,on the side of the road.,0.0,5.2062265,1.780984,1.780984,1.89322,6.907173333333333,6.439161,8.619096666666666,2.807325,5.334951,2.6214,6.577074333333333,2.388687,4.6553235,12.655625,12.655625,2.610953,5.8356325,6.952065,3.9383846666666655,4.412696625,5.857648679999999,2.610953,5.8356325,0.00316,9.69e-05,0.0102,0.0102,0.0537,4.09e-05,0.00324,4.47e-05,0.0049,0.000154,0.0537,0.000164,0.0537,0.000223,2.51e-05,2.51e-05,0.0537,0.000294,0.00813,0.00011,0.0537,0.000294
40,yes,yes,4,+wh_gap,They reported,who,the man claimed,his friend believed,he knew,the man saw,the woman,abandoned,,on the side of the road.,0.0,5.2062265,11.821813,11.821813,7.229744,7.909321666666667,8.510571,8.771446,4.597615,5.5913645,4.817988,6.838385,5.741269,6.5396095,13.405676,13.405676,,,7.688596,3.949179,3.949179,6.702366173913044,7.688596,3.949179,0.00316,9.69e-05,0.00219,0.00219,0.0537,4.09e-05,0.00324,4.47e-05,0.0049,0.000154,0.0537,0.000164,0.0537,0.000223,2.51e-05,2.51e-05,,,0.00813,0.00011,0.00813,0.00011
40,yes,no,4,+wh_no_gap,They reported,who,the man claimed,his friend believed,he knew,the man saw,the woman,abandoned,the children,on the side of the road.,0.0,5.2062265,11.821813,11.821813,7.229744,7.909321666666667,8.510571,8.771446,4.597615,5.5913645,4.817988,6.838385,5.741269,6.5396095,13.405676,13.405676,6.941998,8.1494155,7.164551,3.858298166666667,4.931077500000001,6.79631872,6.941998,8.1494155,0.00316,9.69e-05,0.00219,0.00219,0.0537,4.09e-05,0.00324,4.47e-05,0.0049,0.000154,0.0537,0.000164,0.0537,0.000223,2.51e-05,2.51e-05,0.0537,0.000294,0.00813,0.00011,0.0537,0.000294
41,no,yes,0,-wh_gap,They recalled,that,,,,,the executive,promoted,,last week.,0.0,6.4988775,3.338919,3.338919,,,,,,,,,2.030145,7.5822535,14.773543,14.773543,,,16.364573,12.695835,12.695835,8.95829925,16.364573,12.695835,0.00316,9.52e-06,0.0102,0.0102,,,,,,,,,0.0537,7.4e-05,1.41e-05,1.41e-05,,,0.000724,0.000242,0.000724,0.000242
41,no,no,0,-wh_no_gap,They recalled,that,,,,,the executive,promoted,the secretary,last week.,0.0,6.4988775,3.338919,3.338919,,,,,,,,,2.030145,7.5822535,14.773543,14.773543,1.240014,8.3977615,17.405415,12.1048445,10.251303,8.727993600000001,1.240014,8.3977615,0.00316,9.52e-06,0.0102,0.0102,,,,,,,,,0.0537,7.4e-05,1.41e-05,1.41e-05,0.0537,8.9e-05,0.000724,0.000242,0.0537,8.9e-05
41,yes,yes,0,+wh_gap,They recalled,who,,,,,the executive,promoted,,last week.,0.0,6.4988775,10.332471,10.332471,,,,,,,,,6.027031,9.2841995,13.338241,13.338241,,,16.003918,11.955461499999998,11.955461499999998,9.893473625,16.003918,11.955461499999998,0.00316,9.52e-06,0.00219,0.00219,,,,,,,,,0.0537,7.4e-05,1.41e-05,1.41e-05,,,0.000724,0.000242,0.000724,0.000242
41,yes,no,0,+wh_no_gap,They recalled,who,,,,,the executive,promoted,the secretary,last week.,0.0,6.4988775,10.332471,10.332471,,,,,,,,,6.027031,9.2841995,13.338241,13.338241,2.995131,8.9382485,16.991167,12.050612,10.49443025,9.7214587,2.995131,8.9382485,0.00316,9.52e-06,0.00219,0.00219,,,,,,,,,0.0537,7.4e-05,1.41e-05,1.41e-05,0.0537,8.9e-05,0.000724,0.000242,0.0537,8.9e-05
41,no,yes,1,-wh_gap,They recalled,that,the journalist believed,,,,the executive,promoted,,last week.,0.0,6.4988775,3.338919,3.338919,2.030145,7.831421333333334,,,,,,,3.037402,8.219946,15.186994,15.186994,,,17.323236,13.2422425,13.2422425,8.903846272727272,17.323236,13.2422425,0.00316,9.52e-06,0.0102,0.0102,0.0537,1.68e-05,,,,,,,0.0537,7.4e-05,1.41e-05,1.41e-05,,,0.000724,0.000242,0.000724,0.000242
41,no,no,1,-wh_no_gap,They recalled,that,the journalist believed,,,,the executive,promoted,the secretary,last week.,0.0,6.4988775,3.338919,3.338919,2.030145,7.831421333333334,,,,,,,3.037402,8.219946,15.186994,15.186994,1.577895,8.690689,17.975533,12.5134555,10.60207225,8.758931769230768,1.577895,8.690689,0.00316,9.52e-06,0.0102,0.0102,0.0537,1.68e-05,,,,,,,0.0537,7.4e-05,1.41e-05,1.41e-05,0.0537,8.9e-05,0.000724,0.000242,0.0537,8.9e-05
41,yes,yes,1,+wh_gap,They recalled,who,the journalist believed,,,,the executive,promoted,,last week.,0.0,6.4988775,10.332471,10.332471,6.027031,8.634853000000001,,,,,,,4.799472,9.233372,16.056152,16.056152,,,17.022549,12.9526735,12.9526735,9.96936618181818,17.022549,12.9526735,0.00316,9.52e-06,0.00219,0.00219,0.0537,1.68e-05,,,,,,,0.0537,7.4e-05,1.41e-05,1.41e-05,,,0.000724,0.000242,0.000724,0.000242
41,yes,no,1,+wh_no_gap,They recalled,who,the journalist believed,,,,the executive,promoted,the secretary,last week.,0.0,6.4988775,10.332471,10.332471,6.027031,8.634853000000001,,,,,,,4.799472,9.233372,16.056152,16.056152,2.923381,9.248668,17.554888,12.2382775,10.74347275,9.74858246153846,2.923381,9.248668,0.00316,9.52e-06,0.00219,0.00219,0.0537,1.68e-05,,,,,,,0.0537,7.4e-05,1.41e-05,1.41e-05,0.0537,8.9e-05,0.000724,0.000242,0.0537,8.9e-05
41,no,yes,2,-wh_gap,They recalled,that,the journalist believed,the transcript stated,,,the executive,promoted,,last week.,0.0,6.4988775,3.338919,3.338919,2.030145,7.831421333333334,3.037402,10.146783999999998,,,,,4.754131,8.8050525,17.270273,17.270273,,,16.579744,13.003001,13.003001,9.368405,16.579744,13.003001,0.00316,9.52e-06,0.0102,0.0102,0.0537,1.68e-05,0.0537,4.59e-06,,,,,0.0537,7.4e-05,1.41e-05,1.41e-05,,,0.000724,0.000242,0.000724,0.000242
41,no,no,2,-wh_no_gap,They recalled,that,the journalist believed,the transcript stated,,,the executive,promoted,the secretary,last week.,0.0,6.4988775,3.338919,3.338919,2.030145,7.831421333333334,3.037402,10.146783999999998,,,,,4.754131,8.8050525,17.270273,17.270273,1.296228,8.003043,17.126278,11.4556395,9.72934125,9.0043145625,1.296228,8.003043,0.00316,9.52e-06,0.0102,0.0102,0.0537,1.68e-05,0.0537,4.59e-06,,,,,0.0537,7.4e-05,1.41e-05,1.41e-05,0.0537,8.9e-05,0.000724,0.000242,0.0537,8.9e-05
41,yes,yes,2,+wh_gap,They recalled,who,the journalist believed,the transcript stated,,,the executive,promoted,,last week.,0.0,6.4988775,10.332471,10.332471,6.027031,8.634853000000001,4.799472,11.650337,,,,,6.595182,10.222947,17.324478,17.324478,,,16.050697,12.132275,12.132275,10.444337,16.050697,12.132275,0.00316,9.52e-06,0.00219,0.00219,0.0537,1.68e-05,0.0537,4.59e-06,,,,,0.0537,7.4e-05,1.41e-05,1.41e-05,,,0.000724,0.000242,0.000724,0.000242
41,yes,no,2,+wh_no_gap,They recalled,who,the journalist believed,the transcript stated,,,the executive,promoted,the secretary,last week.,0.0,6.4988775,10.332471,10.332471,6.027031,8.634853000000001,4.799472,11.650337,,,,,6.595182,10.222947,17.324478,17.324478,2.302806,8.1407785,16.955952,11.3400935,9.740436,10.0573695,2.302806,8.1407785,0.00316,9.52e-06,0.00219,0.00219,0.0537,1.68e-05,0.0537,4.59e-06,,,,,0.0537,7.4e-05,1.41e-05,1.41e-05,0.0537,8.9e-05,0.000724,0.000242,0.0537,8.9e-05
41,no,yes,3,-wh_gap,They recalled,that,the journalist believed,the transcript stated,he knew,,the executive,promoted,,last week.,0.0,6.4988775,3.338919,3.338919,2.030145,7.831421333333334,3.037402,10.146783999999998,6.945508,6.644983,,,2.833753,8.408415,18.955553,18.955553,,,16.827106,12.6277885,12.6277885,9.036826,16.827106,12.6277885,0.00316,9.52e-06,0.0102,0.0102,0.0537,1.68e-05,0.0537,4.59e-06,0.0049,0.000154,,,0.0537,7.4e-05,1.41e-05,1.41e-05,,,0.000724,0.000242,0.000724,0.000242
41,no,no,3,-wh_no_gap,They recalled,that,the journalist believed,the transcript stated,he knew,,the executive,promoted,the secretary,last week.,0.0,6.4988775,3.338919,3.338919,2.030145,7.831421333333334,3.037402,10.146783999999998,6.945508,6.644983,,,2.833753,8.408415,18.955553,18.955553,1.471591,8.1621195,16.938835,11.4414975,9.8018085,8.807826277777778,1.471591,8.1621195,0.00316,9.52e-06,0.0102,0.0102,0.0537,1.68e-05,0.0537,4.59e-06,0.0049,0.000154,,,0.0537,7.4e-05,1.41e-05,1.41e-05,0.0537,8.9e-05,0.000724,0.000242,0.0537,8.9e-05
41,yes,yes,3,+wh_gap,They recalled,who,the journalist believed,the transcript stated,he knew,,the executive,promoted,,last week.,0.0,6.4988775,10.332471,10.332471,6.027031,8.634853000000001,4.799472,11.650337,7.831147,6.843499,,,4.079556,9.071247,18.974527,18.974527,,,16.766766,12.388771,12.388771,9.9854598125,16.766766,12.388771,0.00316,9.52e-06,0.00219,0.00219,0.0537,1.68e-05,0.0537,4.59e-06,0.0049,0.000154,,,0.0537,7.4e-05,1.41e-05,1.41e-05,,,0.000724,0.000242,0.000724,0.000242
41,yes,no,3,+wh_no_gap,They recalled,who,the journalist believed,the transcript stated,he knew,,the executive,promoted,the secretary,last week.,0.0,6.4988775,10.332471,10.332471,6.027031,8.634853000000001,4.799472,11.650337,7.831147,6.843499,,,4.079556,9.071247,18.974527,18.974527,1.694784,8.089031,16.844551,11.366253,9.727642,9.66113238888889,1.694784,8.089031,0.00316,9.52e-06,0.00219,0.00219,0.0537,1.68e-05,0.0537,4.59e-06,0.0049,0.000154,,,0.0537,7.4e-05,1.41e-05,1.41e-05,0.0537,8.9e-05,0.000724,0.000242,0.0537,8.9e-05
41,no,yes,4,-wh_gap,They recalled,that,the journalist believed,the transcript stated,he knew,the man noticed,the executive,promoted,,last week.,0.0,6.4988775,3.338919,3.338919,2.030145,7.831421333333334,3.037402,10.146783999999998,6.945508,6.644983,2.833753,8.292746666666666,2.537721,8.952143,18.656843,18.656843,,,16.552519,12.068808,12.068808,8.902012684210526,16.552519,12.068808,0.00316,9.52e-06,0.0102,0.0102,0.0537,1.68e-05,0.0537,4.59e-06,0.0049,0.000154,0.0537,4e-05,0.0537,7.4e-05,1.41e-05,1.41e-05,,,0.000724,0.000242,0.000724,0.000242
41,no,no,4,-wh_no_gap,They recalled,that,the journalist believed,the transcript stated,he knew,the man noticed,the executive,promoted,the secretary,last week.,0.0,6.4988775,3.338919,3.338919,2.030145,7.831421333333334,3.037402,10.146783999999998,6.945508,6.644983,2.833753,8.292746666666666,2.537721,8.952143,18.656843,18.656843,2.738563,8.3699355,17.231514,11.5785035,9.9742195,8.804643,2.738563,8.3699355,0.00316,9.52e-06,0.0102,0.0102,0.0537,1.68e-05,0.0537,4.59e-06,0.0049,0.000154,0.0537,4e-05,0.0537,7.4e-05,1.41e-05,1.41e-05,0.0537,8.9e-05,0.000724,0.000242,0.0537,8.9e-05
41,yes,yes,4,+wh_gap,They recalled,who,the journalist believed,the transcript stated,he knew,the man noticed,the executive,promoted,,last week.,0.0,6.4988775,10.332471,10.332471,6.027031,8.634853000000001,4.799472,11.650337,7.831147,6.843499,4.079556,8.053165333333334,2.725291,9.0816175,18.871029,18.871029,,,16.503798,11.668755,11.668755,9.60021389473684,16.503798,11.668755,0.00316,9.52e-06,0.00219,0.00219,0.0537,1.68e-05,0.0537,4.59e-06,0.0049,0.000154,0.0537,4e-05,0.0537,7.4e-05,1.41e-05,1.41e-05,,,0.000724,0.000242,0.000724,0.000242
41,yes,no,4,+wh_no_gap,They recalled,who,the journalist believed,the transcript stated,he knew,the man noticed,the executive,promoted,the secretary,last week.,0.0,6.4988775,10.332471,10.332471,6.027031,8.634853000000001,4.799472,11.650337,7.831147,6.843499,4.079556,8.053165333333334,2.725291,9.0816175,18.871029,18.871029,4.224757,8.619269500000001,17.224195,11.478487,10.04887825,9.488669857142858,4.224757,8.619269500000001,0.00316,9.52e-06,0.00219,0.00219,0.0537,1.68e-05,0.0537,4.59e-06,0.0049,0.000154,0.0537,4e-05,0.0537,7.4e-05,1.41e-05,1.41e-05,0.0537,8.9e-05,0.000724,0.000242,0.0537,8.9e-05
42,no,yes,0,-wh_gap,We recalled,that,,,,,the millionaire,divorced,,last week.,0.0,7.1331015,3.365684,3.365684,,,,,,,,,2.013075,9.8317795,15.065306,15.065306,,,16.708889,10.4419805,10.4419805,9.155589125,16.708889,10.4419805,0.00347,9.52e-06,0.0102,0.0102,,,,,,,,,0.0537,5.37e-06,1.1e-05,1.1e-05,,,0.000724,0.000242,0.000724,0.000242
42,no,no,0,-wh_no_gap,We recalled,that,,,,,the millionaire,divorced,his wife,last week.,0.0,7.1331015,3.365684,3.365684,,,,,,,,,2.013075,9.8317795,15.065306,15.065306,4.511855,3.2687165,16.436024,10.4368145,6.8527655,7.977181400000001,4.511855,3.2687165,0.00347,9.52e-06,0.0102,0.0102,,,,,,,,,0.0537,5.37e-06,1.1e-05,1.1e-05,0.00324,0.000161,0.000724,0.000242,0.00324,0.000161
42,yes,yes,0,+wh_gap,We recalled,who,,,,,the millionaire,divorced,,last week.,0.0,7.1331015,8.667806,8.667806,,,,,,,,,5.621344,10.3748405,15.05638,15.05638,,,15.748021,10.2409775,10.2409775,9.902753125,15.748021,10.2409775,0.00347,9.52e-06,0.00219,0.00219,,,,,,,,,0.0537,5.37e-06,1.1e-05,1.1e-05,,,0.000724,0.000242,0.000724,0.000242
42,yes,no,0,+wh_no_gap,We recalled,who,,,,,the millionaire,divorced,his wife,last week.,0.0,7.1331015,8.667806,8.667806,,,,,,,,,5.621344,10.3748405,15.05638,15.05638,5.419474,3.8621545,15.439162,10.1388655,7.00051,8.674211,5.419474,3.8621545,0.00347,9.52e-06,0.00219,0.00219,,,,,,,,,0.0537,5.37e-06,1.1e-05,1.1e-05,0.00324,0.000161,0.000724,0.000242,0.00324,0.000161
42,no,yes,1,-wh_gap,We recalled,that,the woman said,,,,the millionaire,divorced,,last week.,0.0,7.1331015,3.365684,3.365684,2.013075,6.684650333333333,,,,,,,4.221791,11.520021,14.279381,14.279381,,,16.371395,10.358174,10.358174,8.701964454545454,16.371395,10.358174,0.00347,9.52e-06,0.0102,0.0102,0.0537,0.000183,,,,,,,0.0537,5.37e-06,1.1e-05,1.1e-05,,,0.000724,0.000242,0.000724,0.000242
42,no,no,1,-wh_no_gap,We recalled,that,the woman said,,,,the millionaire,divorced,his wife,last week.,0.0,7.1331015,3.365684,3.365684,2.013075,6.684650333333333,,,,,,,4.221791,11.520021,14.279381,14.279381,5.890851,3.9748595,15.960605,10.1818765,7.078367999999999,7.947594846153846,5.890851,3.9748595,0.00347,9.52e-06,0.0102,0.0102,0.0537,0.000183,,,,,,,0.0537,5.37e-06,1.1e-05,1.1e-05,0.00324,0.000161,0.000724,0.000242,0.00324,0.000161
42,yes,yes,1,+wh_gap,We recalled,who,the woman said,,,,the millionaire,divorced,,last week.,0.0,7.1331015,8.667806,8.667806,5.621344,7.485249333333333,,,,,,,5.541314,11.357054,14.055695,14.055695,,,16.227875,10.4581165,10.4581165,9.370526636363635,16.227875,10.4581165,0.00347,9.52e-06,0.00219,0.00219,0.0537,0.000183,,,,,,,0.0537,5.37e-06,1.1e-05,1.1e-05,,,0.000724,0.000242,0.000724,0.000242
42,yes,no,1,+wh_no_gap,We recalled,who,the woman said,,,,the millionaire,divorced,his wife,last week.,0.0,7.1331015,8.667806,8.667806,5.621344,7.485249333333333,,,,,,,5.541314,11.357054,14.055695,14.055695,5.980294,3.841751,15.792794,10.2089025,7.0253267500000005,8.481605153846154,5.980294,3.841751,0.00347,9.52e-06,0.00219,0.00219,0.0537,0.000183,,,,,,,0.0537,5.37e-06,1.1e-05,1.1e-05,0.00324,0.000161,0.000724,0.000242,0.00324,0.000161
42,no,yes,2,-wh_gap,We recalled,that,the woman said,she thought,,,the millionaire,divorced,,last week.,0.0,7.1331015,3.365684,3.365684,2.013075,6.684650333333333,3.109019,4.8265345,,,,,3.253229,10.8885755,16.083841,16.083841,,,16.622435,10.4299775,10.4299775,8.158450307692307,16.622435,10.4299775,0.00347,9.52e-06,0.0102,0.0102,0.0537,0.000183,0.00182,0.000321,,,,,0.0537,5.37e-06,1.1e-05,1.1e-05,,,0.000724,0.000242,0.000724,0.000242
42,no,no,2,-wh_no_gap,We recalled,that,the woman said,she thought,,,the millionaire,divorced,his wife,last week.,0.0,7.1331015,3.365684,3.365684,2.013075,6.684650333333333,3.109019,4.8265345,,,,,3.253229,10.8885755,16.083841,16.083841,7.215972,5.10065,16.781078,10.5760135,7.83833175,7.770215066666664,7.215972,5.10065,0.00347,9.52e-06,0.0102,0.0102,0.0537,0.000183,0.00182,0.000321,,,,,0.0537,5.37e-06,1.1e-05,1.1e-05,0.00324,0.000161,0.000724,0.000242,0.00324,0.000161
42,yes,yes,2,+wh_gap,We recalled,who,the woman said,she thought,,,the millionaire,divorced,,last week.,0.0,7.1331015,8.667806,8.667806,5.621344,7.485249333333333,4.36665,5.387757000000001,,,,,4.254049,10.924201,15.982693,15.982693,,,16.354958,10.365997,10.365997,8.825258461538462,16.354958,10.365997,0.00347,9.52e-06,0.00219,0.00219,0.0537,0.000183,0.00182,0.000321,,,,,0.0537,5.37e-06,1.1e-05,1.1e-05,,,0.000724,0.000242,0.000724,0.000242
42,yes,no,2,+wh_no_gap,We recalled,who,the woman said,she thought,,,the millionaire,divorced,his wife,last week.,0.0,7.1331015,8.667806,8.667806,5.621344,7.485249333333333,4.36665,5.387757000000001,,,,,4.254049,10.924201,15.982693,15.982693,6.968959,4.7431945,16.527679,10.501197,7.622195749999999,8.299009933333334,6.968959,4.7431945,0.00347,9.52e-06,0.00219,0.00219,0.0537,0.000183,0.00182,0.000321,,,,,0.0537,5.37e-06,1.1e-05,1.1e-05,0.00324,0.000161,0.000724,0.000242,0.00324,0.000161
42,no,yes,3,-wh_gap,We recalled,that,the woman said,she thought,she knew,,the millionaire,divorced,,last week.,0.0,7.1331015,3.365684,3.365684,2.013075,6.684650333333333,3.109019,4.8265345,2.364424,4.7406,,,3.311177,10.980224,17.308689,17.308689,,,16.225742,10.1163815,10.1163815,7.754800466666666,16.225742,10.1163815,0.00347,9.52e-06,0.0102,0.0102,0.0537,0.000183,0.00182,0.000321,0.00182,0.000146,,,0.0537,5.37e-06,1.1e-05,1.1e-05,,,0.000724,0.000242,0.000724,0.000242
42,no,no,3,-wh_no_gap,We recalled,that,the woman said,she thought,she knew,,the millionaire,divorced,his wife,last week.,0.0,7.1331015,3.365684,3.365684,2.013075,6.684650333333333,3.109019,4.8265345,2.364424,4.7406,,,3.311177,10.980224,17.308689,17.308689,7.020017,4.484018,15.867586,9.8956155,7.18981675,7.344030058823528,7.020017,4.484018,0.00347,9.52e-06,0.0102,0.0102,0.0537,0.000183,0.00182,0.000321,0.00182,0.000146,,,0.0537,5.37e-06,1.1e-05,1.1e-05,0.00324,0.000161,0.000724,0.000242,0.00324,0.000161
42,yes,yes,3,+wh_gap,We recalled,who,the woman said,she thought,she knew,,the millionaire,divorced,,last week.,0.0,7.1331015,8.667806,8.667806,5.621344,7.485249333333333,4.36665,5.387757000000001,3.1349,4.844588,,,3.675821,10.920332,16.454168,16.454168,,,15.58952,9.840845,9.840845,8.255397933333333,15.58952,9.840845,0.00347,9.52e-06,0.00219,0.00219,0.0537,0.000183,0.00182,0.000321,0.00182,0.000146,,,0.0537,5.37e-06,1.1e-05,1.1e-05,,,0.000724,0.000242,0.000724,0.000242
42,yes,no,3,+wh_no_gap,We recalled,who,the woman said,she thought,she knew,,the millionaire,divorced,his wife,last week.,0.0,7.1331015,8.667806,8.667806,5.621344,7.485249333333333,4.36665,5.387757000000001,3.1349,4.844588,,,3.675821,10.920332,16.454168,16.454168,6.978908,4.4109385,15.671088,9.9043535,7.157646,7.810580176470588,6.978908,4.4109385,0.00347,9.52e-06,0.00219,0.00219,0.0537,0.000183,0.00182,0.000321,0.00182,0.000146,,,0.0537,5.37e-06,1.1e-05,1.1e-05,0.00324,0.000161,0.000724,0.000242,0.00324,0.000161
42,no,yes,4,-wh_gap,We recalled,that,the woman said,she thought,she knew,he saw,the millionaire,divorced,,last week.,0.0,7.1331015,3.365684,3.365684,2.013075,6.684650333333333,3.109019,4.8265345,2.364424,4.7406,5.195337,7.220663500000001,2.346333,9.929001,17.317894,17.317894,,,15.840209,9.9464445,9.9464445,7.5488364117647055,15.840209,9.9464445,0.00347,9.52e-06,0.0102,0.0102,0.0537,0.000183,0.00182,0.000321,0.00182,0.000146,0.0049,0.000209,0.0537,5.37e-06,1.1e-05,1.1e-05,,,0.000724,0.000242,0.000724,0.000242
42,no,no,4,-wh_no_gap,We recalled,that,the woman said,she thought,she knew,he saw,the millionaire,divorced,his wife,last week.,0.0,7.1331015,3.365684,3.365684,2.013075,6.684650333333333,3.109019,4.8265345,2.364424,4.7406,5.195337,7.220663500000001,2.346333,9.929001,17.317894,17.317894,7.84387,5.1246415,16.015829,10.227831,7.67623625,7.323277631578946,7.84387,5.1246415,0.00347,9.52e-06,0.0102,0.0102,0.0537,0.000183,0.00182,0.000321,0.00182,0.000146,0.0049,0.000209,0.0537,5.37e-06,1.1e-05,1.1e-05,0.00324,0.000161,0.000724,0.000242,0.00324,0.000161
42,yes,yes,4,+wh_gap,We recalled,who,the woman said,she thought,she knew,he saw,the millionaire,divorced,,last week.,0.0,7.1331015,8.667806,8.667806,5.621344,7.485249333333333,4.36665,5.387757000000001,3.1349,4.844588,5.737662,7.272411,2.460603,9.9332205,16.931242,16.931242,,,15.335597,9.6365375,9.6365375,8.027648647058825,15.335597,9.6365375,0.00347,9.52e-06,0.00219,0.00219,0.0537,0.000183,0.00182,0.000321,0.00182,0.000146,0.0049,0.000209,0.0537,5.37e-06,1.1e-05,1.1e-05,,,0.000724,0.000242,0.000724,0.000242
42,yes,no,4,+wh_no_gap,We recalled,who,the woman said,she thought,she knew,he saw,the millionaire,divorced,his wife,last week.,0.0,7.1331015,8.667806,8.667806,5.621344,7.485249333333333,4.36665,5.387757000000001,3.1349,4.844588,5.737662,7.272411,2.460603,9.9332205,16.931242,16.931242,7.920742,5.1060485,16.126419,10.3335815,7.719815,7.793484842105261,7.920742,5.1060485,0.00347,9.52e-06,0.00219,0.00219,0.0537,0.000183,0.00182,0.000321,0.00182,0.000146,0.0049,0.000209,0.0537,5.37e-06,1.1e-05,1.1e-05,0.00324,0.000161,0.000724,0.000242,0.00324,0.000161
43,no,yes,0,-wh_gap,He recalled,that,,,,,the police,frightened,,over the weekend.,0.0,5.915169,2.828473,2.828473,,,,,,,,,2.424241,5.599721,15.649859,15.649859,,,12.517015,8.481803,8.481803,7.439280111111111,12.517015,8.481803,0.0049,9.53e-06,0.0102,0.0102,,,,,,,,,0.0537,0.000213,5.5e-06,5.5e-06,,,0.0012,7.94e-05,0.0012,7.94e-05
43,no,no,0,-wh_no_gap,He recalled,that,,,,,the police,frightened,the protesters,over the weekend.,0.0,5.915169,2.828473,2.828473,,,,,,,,,2.424241,5.599721,15.649859,15.649859,3.266283,5.08594,7.99706,6.078129666666666,5.6812538,6.355852818181817,3.266283,5.08594,0.0049,9.53e-06,0.0102,0.0102,,,,,,,,,0.0537,0.000213,5.5e-06,5.5e-06,0.0537,1e-05,0.0012,7.94e-05,0.0537,1e-05
43,yes,yes,0,+wh_gap,He recalled,who,,,,,the police,frightened,,over the weekend.,0.0,5.915169,10.627078,10.627078,,,,,,,,,5.534445,6.5493120000000005,14.629554,14.629554,,,11.449759,7.948178666666666,7.948178666666666,8.22557,11.449759,7.948178666666666,0.0049,9.53e-06,0.00219,0.00219,,,,,,,,,0.0537,0.000213,5.5e-06,5.5e-06,,,0.0012,7.94e-05,0.0012,7.94e-05
43,yes,no,0,+wh_no_gap,He recalled,who,,,,,the police,frightened,the protesters,over the weekend.,0.0,5.915169,10.627078,10.627078,,,,,,,,,5.534445,6.5493120000000005,14.629554,14.629554,4.456732,6.482561499999999,7.723206,6.246618000000001,6.3409954,7.4445973636363645,4.456732,6.482561499999999,0.0049,9.53e-06,0.00219,0.00219,,,,,,,,,0.0537,0.000213,5.5e-06,5.5e-06,0.0537,1e-05,0.0012,7.94e-05,0.0537,1e-05
43,no,yes,1,-wh_gap,He recalled,that,the inspector believed,,,,the police,frightened,,over the weekend.,0.0,5.915169,2.828473,2.828473,2.424241,8.658844666666665,,,,,,,3.057616,5.248069,16.897697,16.897697,,,13.11983,8.952491,8.952491,7.907221083333333,13.11983,8.952491,0.0049,9.53e-06,0.0102,0.0102,0.0537,1.35e-05,,,,,,,0.0537,0.000213,5.5e-06,5.5e-06,,,0.0012,7.94e-05,0.0012,7.94e-05
43,no,no,1,-wh_no_gap,He recalled,that,the inspector believed,,,,the police,frightened,the protesters,over the weekend.,0.0,5.915169,2.828473,2.828473,2.424241,8.658844666666665,,,,,,,3.057616,5.248069,16.897697,16.897697,2.709922,4.582207,8.467973,6.249572666666668,5.5826264000000005,6.853022285714287,2.709922,4.582207,0.0049,9.53e-06,0.0102,0.0102,0.0537,1.35e-05,,,,,,,0.0537,0.000213,5.5e-06,5.5e-06,0.0537,1e-05,0.0012,7.94e-05,0.0537,1e-05
43,yes,yes,1,+wh_gap,He recalled,who,the inspector believed,,,,the police,frightened,,over the weekend.,0.0,5.915169,10.627078,10.627078,5.534445,8.882128666666667,,,,,,,4.391393,5.949618,16.128809,16.128809,,,13.450763,8.94273,8.94273,8.663336416666665,13.450763,8.94273,0.0049,9.53e-06,0.00219,0.00219,0.0537,1.35e-05,,,,,,,0.0537,0.000213,5.5e-06,5.5e-06,,,0.0012,7.94e-05,0.0012,7.94e-05
43,yes,no,1,+wh_no_gap,He recalled,who,the inspector believed,,,,the police,frightened,the protesters,over the weekend.,0.0,5.915169,10.627078,10.627078,5.534445,8.882128666666667,,,,,,,4.391393,5.949618,16.128809,16.128809,3.179681,4.922399,8.394865,6.27112,5.7316316,7.556428928571427,3.179681,4.922399,0.0049,9.53e-06,0.00219,0.00219,0.0537,1.35e-05,,,,,,,0.0537,0.000213,5.5e-06,5.5e-06,0.0537,1e-05,0.0012,7.94e-05,0.0537,1e-05
43,no,yes,2,-wh_gap,He recalled,that,the inspector believed,the detective concluded,,,the police,frightened,,over the weekend.,0.0,5.915169,2.828473,2.828473,2.424241,8.658844666666665,3.057616,10.792348666666667,,,,,3.53861,5.2150235,17.937439,17.937439,,,14.263692,9.560545666666668,9.560545666666668,8.6707676,14.263692,9.560545666666668,0.0049,9.53e-06,0.0102,0.0102,0.0537,1.35e-05,0.0537,9.4e-06,,,,,0.0537,0.000213,5.5e-06,5.5e-06,,,0.0012,7.94e-05,0.0012,7.94e-05
43,no,no,2,-wh_no_gap,He recalled,that,the inspector believed,the detective concluded,,,the police,frightened,the protesters,over the weekend.,0.0,5.915169,2.828473,2.828473,2.424241,8.658844666666665,3.057616,10.792348666666667,,,,,3.53861,5.2150235,17.937439,17.937439,3.471148,5.474567,8.347146,6.390261333333334,6.023983599999999,7.73528205882353,3.471148,5.474567,0.0049,9.53e-06,0.0102,0.0102,0.0537,1.35e-05,0.0537,9.4e-06,,,,,0.0537,0.000213,5.5e-06,5.5e-06,0.0537,1e-05,0.0012,7.94e-05,0.0537,1e-05
43,yes,yes,2,+wh_gap,He recalled,who,the inspector believed,the detective concluded,,,the police,frightened,,over the weekend.,0.0,5.915169,10.627078,10.627078,5.534445,8.882128666666667,4.391393,11.434851333333333,,,,,3.539853,5.2467255,17.332373,17.332373,,,14.664576,9.671333,9.671333,9.3498786,14.664576,9.671333,0.0049,9.53e-06,0.00219,0.00219,0.0537,1.35e-05,0.0537,9.4e-06,,,,,0.0537,0.000213,5.5e-06,5.5e-06,,,0.0012,7.94e-05,0.0012,7.94e-05
43,yes,no,2,+wh_no_gap,He recalled,who,the inspector believed,the detective concluded,,,the police,frightened,the protesters,over the weekend.,0.0,5.915169,10.627078,10.627078,5.534445,8.882128666666667,4.391393,11.434851333333333,,,,,3.539853,5.2467255,17.332373,17.332373,3.823387,5.6662585,8.332011,6.4820063333333335,6.155707199999999,8.353689176470589,3.823387,5.6662585,0.0049,9.53e-06,0.00219,0.00219,0.0537,1.35e-05,0.0537,9.4e-06,,,,,0.0537,0.000213,5.5e-06,5.5e-06,0.0537,1e-05,0.0012,7.94e-05,0.0537,1e-05
43,no,yes,3,-wh_gap,He recalled,that,the inspector believed,the detective concluded,he knew,,the police,frightened,,over the weekend.,0.0,5.915169,2.828473,2.828473,2.424241,8.658844666666665,3.057616,10.792348666666667,4.672995,5.3853495,,,2.596953,4.1626895,17.251698,17.251698,,,13.93679,9.253987333333331,9.253987333333331,8.066007588235294,13.93679,9.253987333333331,0.0049,9.53e-06,0.0102,0.0102,0.0537,1.35e-05,0.0537,9.4e-06,0.0049,0.000154,,,0.0537,0.000213,5.5e-06,5.5e-06,,,0.0012,7.94e-05,0.0012,7.94e-05
43,no,no,3,-wh_no_gap,He recalled,that,the inspector believed,the detective concluded,he knew,,the police,frightened,the protesters,over the weekend.,0.0,5.915169,2.828473,2.828473,2.424241,8.658844666666665,3.057616,10.792348666666667,4.672995,5.3853495,,,2.596953,4.1626895,17.251698,17.251698,3.280334,5.4966315,8.171895,6.377483333333333,6.0251426,7.341362105263158,3.280334,5.4966315,0.0049,9.53e-06,0.0102,0.0102,0.0537,1.35e-05,0.0537,9.4e-06,0.0049,0.000154,,,0.0537,0.000213,5.5e-06,5.5e-06,0.0537,1e-05,0.0012,7.94e-05,0.0537,1e-05
43,yes,yes,3,+wh_gap,He recalled,who,the inspector believed,the detective concluded,he knew,,the police,frightened,,over the weekend.,0.0,5.915169,10.627078,10.627078,5.534445,8.882128666666667,4.391393,11.434851333333333,4.469669,5.042476499999999,,,2.678362,4.1485955,16.974339,16.974339,,,14.198014,9.320042666666668,9.320042666666668,8.630880411764705,14.198014,9.320042666666668,0.0049,9.53e-06,0.00219,0.00219,0.0537,1.35e-05,0.0537,9.4e-06,0.0049,0.000154,,,0.0537,0.000213,5.5e-06,5.5e-06,,,0.0012,7.94e-05,0.0012,7.94e-05
43,yes,no,3,+wh_no_gap,He recalled,who,the inspector believed,the detective concluded,he knew,,the police,frightened,the protesters,over the weekend.,0.0,5.915169,10.627078,10.627078,5.534445,8.882128666666667,4.391393,11.434851333333333,4.469669,5.042476499999999,,,2.678362,4.1485955,16.974339,16.974339,3.564704,5.678716,8.178375,6.398721666666667,6.1107194,7.858865052631579,3.564704,5.678716,0.0049,9.53e-06,0.00219,0.00219,0.0537,1.35e-05,0.0537,9.4e-06,0.0049,0.000154,,,0.0537,0.000213,5.5e-06,5.5e-06,0.0537,1e-05,0.0012,7.94e-05,0.0537,1e-05
43,no,yes,4,-wh_gap,He recalled,that,the inspector believed,the detective concluded,he knew,the witness saw,the police,frightened,,over the weekend.,0.0,5.915169,2.828473,2.828473,2.424241,8.658844666666665,3.057616,10.792348666666667,4.672995,5.3853495,2.596953,7.96687,2.123545,3.649105,17.888586,17.888586,,,11.033915,8.655056,8.655056,7.9417832000000015,11.033915,8.655056,0.0049,9.53e-06,0.0102,0.0102,0.0537,1.35e-05,0.0537,9.4e-06,0.0049,0.000154,0.0537,2.87e-05,0.0537,0.000213,5.5e-06,5.5e-06,,,0.0012,7.94e-05,0.0012,7.94e-05
43,no,no,4,-wh_no_gap,He recalled,that,the inspector believed,the detective concluded,he knew,the witness saw,the police,frightened,the protesters,over the weekend.,0.0,5.915169,2.828473,2.828473,2.424241,8.658844666666665,3.057616,10.792348666666667,4.672995,5.3853495,2.596953,7.96687,2.123545,3.649105,17.888586,17.888586,3.313961,5.280908,7.52669,6.691176333333334,6.1270690000000005,7.432083681818182,3.313961,5.280908,0.0049,9.53e-06,0.0102,0.0102,0.0537,1.35e-05,0.0537,9.4e-06,0.0049,0.000154,0.0537,2.87e-05,0.0537,0.000213,5.5e-06,5.5e-06,0.0537,1e-05,0.0012,7.94e-05,0.0537,1e-05
43,yes,yes,4,+wh_gap,He recalled,who,the inspector believed,the detective concluded,he knew,the witness saw,the police,frightened,,over the weekend.,0.0,5.915169,10.627078,10.627078,5.534445,8.882128666666667,4.391393,11.434851333333333,4.469669,5.042476499999999,2.678362,7.937373999999999,2.203452,3.6863895,17.72023,17.72023,,,11.248753,8.710691333333335,8.710691333333335,8.4265257,11.248753,8.710691333333335,0.0049,9.53e-06,0.00219,0.00219,0.0537,1.35e-05,0.0537,9.4e-06,0.0049,0.000154,0.0537,2.87e-05,0.0537,0.000213,5.5e-06,5.5e-06,,,0.0012,7.94e-05,0.0012,7.94e-05
43,yes,no,4,+wh_no_gap,He recalled,who,the inspector believed,the detective concluded,he knew,the witness saw,the police,frightened,the protesters,over the weekend.,0.0,5.915169,10.627078,10.627078,5.534445,8.882128666666667,4.391393,11.434851333333333,4.469669,5.042476499999999,2.678362,7.937373999999999,2.203452,3.6863895,17.72023,17.72023,3.467093,5.346853,7.476763,6.698168666666668,6.1576424,7.872120545454547,3.467093,5.346853,0.0049,9.53e-06,0.00219,0.00219,0.0537,1.35e-05,0.0537,9.4e-06,0.0049,0.000154,0.0537,2.87e-05,0.0537,0.000213,5.5e-06,5.5e-06,0.0537,1e-05,0.0012,7.94e-05,0.0537,1e-05
44,no,yes,0,-wh_gap,I know,that,,,,,the spy,assassinated,,yesterday night.,0.0,3.139138,2.352433,2.352433,,,,,,,,,2.35511,9.2496775,18.327927,18.327927,,,16.00169,15.0479305,15.0479305,9.4442315,16.00169,15.0479305,0.0123,0.00114,0.0102,0.0102,,,,,,,,,0.0537,1.74e-05,2.45e-06,2.45e-06,,,8.13e-05,6.78e-05,8.13e-05,6.78e-05
44,no,no,0,-wh_no_gap,I know,that,,,,,the spy,assassinated,the politician,yesterday night.,0.0,3.139138,2.352433,2.352433,,,,,,,,,2.35511,9.2496775,18.327927,18.327927,2.934141,7.425181,17.346275,15.4008335,11.41300725,9.111002,2.934141,7.425181,0.0123,0.00114,0.0102,0.0102,,,,,,,,,0.0537,1.74e-05,2.45e-06,2.45e-06,0.0537,1.45e-05,8.13e-05,6.78e-05,0.0537,1.45e-05
44,yes,yes,0,+wh_gap,I know,who,,,,,the spy,assassinated,,yesterday night.,0.0,3.139138,6.580016,6.580016,,,,,,,,,5.056487,9.9690895,17.614182,17.614182,,,13.104859,13.7580815,13.7580815,9.740852,13.104859,13.7580815,0.0123,0.00114,0.00219,0.00219,,,,,,,,,0.0537,1.74e-05,2.45e-06,2.45e-06,,,8.13e-05,6.78e-05,8.13e-05,6.78e-05
44,yes,no,0,+wh_no_gap,I know,who,,,,,the spy,assassinated,the politician,yesterday night.,0.0,3.139138,6.580016,6.580016,,,,,,,,,5.056487,9.9690895,17.614182,17.614182,4.49845,7.868898,16.386173,15.26862,11.568759,9.6685689,4.49845,7.868898,0.0123,0.00114,0.00219,0.00219,,,,,,,,,0.0537,1.74e-05,2.45e-06,2.45e-06,0.0537,1.45e-05,8.13e-05,6.78e-05,0.0537,1.45e-05
44,no,yes,1,-wh_gap,I know,that,the agent thought,,,,the spy,assassinated,,yesterday night.,0.0,3.139138,2.352433,2.352433,2.35511,8.728145333333332,,,,,,,3.367088,8.424739,19.475002,19.475002,,,14.297229,14.0144965,14.0144965,9.01532890909091,14.297229,14.0144965,0.0123,0.00114,0.0102,0.0102,0.0537,5.53e-05,,,,,,,0.0537,1.74e-05,2.45e-06,2.45e-06,,,8.13e-05,6.78e-05,8.13e-05,6.78e-05
44,no,no,1,-wh_no_gap,I know,that,the agent thought,,,,the spy,assassinated,the politician,yesterday night.,0.0,3.139138,2.352433,2.352433,2.35511,8.728145333333332,,,,,,,3.367088,8.424739,19.475002,19.475002,4.016983,8.127152500000001,17.783131,15.6904545,11.9088035,9.136526076923078,4.016983,8.127152500000001,0.0123,0.00114,0.0102,0.0102,0.0537,5.53e-05,,,,,,,0.0537,1.74e-05,2.45e-06,2.45e-06,0.0537,1.45e-05,8.13e-05,6.78e-05,0.0537,1.45e-05
44,yes,yes,1,+wh_gap,I know,who,the agent thought,,,,the spy,assassinated,,yesterday night.,0.0,3.139138,6.580016,6.580016,5.056487,9.005687,,,,,,,5.128903,9.3753235,18.484428,18.484428,,,13.601568,13.8544905,13.8544905,9.529037181818182,13.601568,13.8544905,0.0123,0.00114,0.00219,0.00219,0.0537,5.53e-05,,,,,,,0.0537,1.74e-05,2.45e-06,2.45e-06,,,8.13e-05,6.78e-05,8.13e-05,6.78e-05
44,yes,no,1,+wh_no_gap,I know,who,the agent thought,,,,the spy,assassinated,the politician,yesterday night.,0.0,3.139138,6.580016,6.580016,5.056487,9.005687,,,,,,,5.128903,9.3753235,18.484428,18.484428,5.680978,8.391275,16.982943,15.6086575,11.99996625,9.623868692307694,5.680978,8.391275,0.0123,0.00114,0.00219,0.00219,0.0537,5.53e-05,,,,,,,0.0537,1.74e-05,2.45e-06,2.45e-06,0.0537,1.45e-05,8.13e-05,6.78e-05,0.0537,1.45e-05
44,no,yes,2,-wh_gap,I know,that,the agent thought,the witness said,,,the spy,assassinated,,yesterday night.,0.0,3.139138,2.352433,2.352433,2.35511,8.728145333333332,3.367088,8.482734,,,,,3.185339,7.1047475,17.766491,17.766491,,,17.364513,15.7517825,15.7517825,8.838778428571429,17.364513,15.7517825,0.0123,0.00114,0.0102,0.0102,0.0537,5.53e-05,0.0537,3.21e-05,,,,,0.0537,1.74e-05,2.45e-06,2.45e-06,,,8.13e-05,6.78e-05,8.13e-05,6.78e-05
44,no,no,2,-wh_no_gap,I know,that,the agent thought,the witness said,,,the spy,assassinated,the politician,yesterday night.,0.0,3.139138,2.352433,2.352433,2.35511,8.728145333333332,3.367088,8.482734,,,,,3.185339,7.1047475,17.766491,17.766491,3.100224,7.920068499999999,17.462528,15.7055075,11.812788,8.718155312499999,3.100224,7.920068499999999,0.0123,0.00114,0.0102,0.0102,0.0537,5.53e-05,0.0537,3.21e-05,,,,,0.0537,1.74e-05,2.45e-06,2.45e-06,0.0537,1.45e-05,8.13e-05,6.78e-05,0.0537,1.45e-05
44,yes,yes,2,+wh_gap,I know,who,the agent thought,the witness said,,,the spy,assassinated,,yesterday night.,0.0,3.139138,6.580016,6.580016,5.056487,9.005687,5.128903,8.652561333333333,,,,,6.294747,9.162909,17.248755,17.248755,,,14.776803,14.0908475,14.0908475,9.256378928571428,14.776803,14.0908475,0.0123,0.00114,0.00219,0.00219,0.0537,5.53e-05,0.0537,3.21e-05,,,,,0.0537,1.74e-05,2.45e-06,2.45e-06,,,8.13e-05,6.78e-05,8.13e-05,6.78e-05
44,yes,no,2,+wh_no_gap,I know,who,the agent thought,the witness said,,,the spy,assassinated,the politician,yesterday night.,0.0,3.139138,6.580016,6.580016,5.056487,9.005687,5.128903,8.652561333333333,,,,,6.294747,9.162909,17.248755,17.248755,4.237952,8.1085735,17.513422,15.495947,11.80226025,9.2885406875,4.237952,8.1085735,0.0123,0.00114,0.00219,0.00219,0.0537,5.53e-05,0.0537,3.21e-05,,,,,0.0537,1.74e-05,2.45e-06,2.45e-06,0.0537,1.45e-05,8.13e-05,6.78e-05,0.0537,1.45e-05
44,no,yes,3,-wh_gap,I know,that,the agent thought,the witness said,he knew,,the spy,assassinated,,yesterday night.,0.0,3.139138,2.352433,2.352433,2.35511,8.728145333333332,3.367088,8.482734,3.897701,4.796073,,,2.836133,7.4352195,20.405411,20.405411,,,16.005981,15.425819999999998,15.425819999999998,8.4989364375,16.005981,15.425819999999998,0.0123,0.00114,0.0102,0.0102,0.0537,5.53e-05,0.0537,3.21e-05,0.0049,0.000154,,,0.0537,1.74e-05,2.45e-06,2.45e-06,,,8.13e-05,6.78e-05,8.13e-05,6.78e-05
44,no,no,3,-wh_no_gap,I know,that,the agent thought,the witness said,he knew,,the spy,assassinated,the politician,yesterday night.,0.0,3.139138,2.352433,2.352433,2.35511,8.728145333333332,3.367088,8.482734,3.897701,4.796073,,,2.836133,7.4352195,20.405411,20.405411,3.190326,7.607439,18.010914,15.95097,11.7792045,8.458231166666666,3.190326,7.607439,0.0123,0.00114,0.0102,0.0102,0.0537,5.53e-05,0.0537,3.21e-05,0.0049,0.000154,,,0.0537,1.74e-05,2.45e-06,2.45e-06,0.0537,1.45e-05,8.13e-05,6.78e-05,0.0537,1.45e-05
44,yes,yes,3,+wh_gap,I know,who,the agent thought,the witness said,he knew,,the spy,assassinated,,yesterday night.,0.0,3.139138,6.580016,6.580016,5.056487,9.005687,5.128903,8.652561333333333,6.420309,5.741434999999999,,,4.328557,8.3605095,19.498194,19.498194,,,16.043276,15.2242125,15.2242125,8.9989715625,16.043276,15.2242125,0.0123,0.00114,0.00219,0.00219,0.0537,5.53e-05,0.0537,3.21e-05,0.0049,0.000154,,,0.0537,1.74e-05,2.45e-06,2.45e-06,,,8.13e-05,6.78e-05,8.13e-05,6.78e-05
44,yes,no,3,+wh_no_gap,I know,who,the agent thought,the witness said,he knew,,the spy,assassinated,the politician,yesterday night.,0.0,3.139138,6.580016,6.580016,5.056487,9.005687,5.128903,8.652561333333333,6.420309,5.741434999999999,,,4.328557,8.3605095,19.498194,19.498194,3.459574,7.637886,17.914759,15.7249965,11.68144125,8.903382500000001,3.459574,7.637886,0.0123,0.00114,0.00219,0.00219,0.0537,5.53e-05,0.0537,3.21e-05,0.0049,0.000154,,,0.0537,1.74e-05,2.45e-06,2.45e-06,0.0537,1.45e-05,8.13e-05,6.78e-05,0.0537,1.45e-05
44,no,yes,4,-wh_gap,I know,that,the agent thought,the witness said,he knew,the man noticed,the spy,assassinated,,yesterday night.,0.0,3.139138,2.352433,2.352433,2.35511,8.728145333333332,3.367088,8.482734,3.897701,4.796073,2.836133,7.535439333333334,2.533664,7.4591,21.002577,21.002577,,,15.758571,15.3841695,15.3841695,8.376364578947369,15.758571,15.3841695,0.0123,0.00114,0.0102,0.0102,0.0537,5.53e-05,0.0537,3.21e-05,0.0049,0.000154,0.0537,4e-05,0.0537,1.74e-05,2.45e-06,2.45e-06,,,8.13e-05,6.78e-05,8.13e-05,6.78e-05
44,no,no,4,-wh_no_gap,I know,that,the agent thought,the witness said,he knew,the man noticed,the spy,assassinated,the politician,yesterday night.,0.0,3.139138,2.352433,2.352433,2.35511,8.728145333333332,3.367088,8.482734,3.897701,4.796073,2.836133,7.535439333333334,2.533664,7.4591,21.002577,21.002577,5.610291,8.7437825,18.463556,15.925543,12.33466275,8.462916142857143,5.610291,8.7437825,0.0123,0.00114,0.0102,0.0102,0.0537,5.53e-05,0.0537,3.21e-05,0.0049,0.000154,0.0537,4e-05,0.0537,1.74e-05,2.45e-06,2.45e-06,0.0537,1.45e-05,8.13e-05,6.78e-05,0.0537,1.45e-05
44,yes,yes,4,+wh_gap,I know,who,the agent thought,the witness said,he knew,the man noticed,the spy,assassinated,,yesterday night.,0.0,3.139138,6.580016,6.580016,5.056487,9.005687,5.128903,8.652561333333333,6.420309,5.741434999999999,4.328557,7.698199666666666,3.196842,7.9464865,20.590656,20.590656,,,15.718003,15.3893015,15.3893015,8.824880947368422,15.718003,15.3893015,0.0123,0.00114,0.00219,0.00219,0.0537,5.53e-05,0.0537,3.21e-05,0.0049,0.000154,0.0537,4e-05,0.0537,1.74e-05,2.45e-06,2.45e-06,,,8.13e-05,6.78e-05,8.13e-05,6.78e-05
44,yes,no,4,+wh_no_gap,I know,who,the agent thought,the witness said,he knew,the man noticed,the spy,assassinated,the politician,yesterday night.,0.0,3.139138,6.580016,6.580016,5.056487,9.005687,5.128903,8.652561333333333,6.420309,5.741434999999999,4.328557,7.698199666666666,3.196842,7.9464865,20.590656,20.590656,6.845665,9.3048165,18.318657,15.6063505,12.4555835,8.89126042857143,6.845665,9.3048165,0.0123,0.00114,0.00219,0.00219,0.0537,5.53e-05,0.0537,3.21e-05,0.0049,0.000154,0.0537,4e-05,0.0537,1.74e-05,2.45e-06,2.45e-06,0.0537,1.45e-05,8.13e-05,6.78e-05,0.0537,1.45e-05
45,no,yes,0,-wh_gap,You know,that,,,,,the firefighter,greeted,,on the sidewalk.,0.0,3.112767,3.970907,3.970907,,,,,,,,,2.063794,10.4951815,18.984955,18.984955,,,9.39058,6.427311,6.427311,7.717076888888889,9.39058,6.427311,0.00955,0.00111,0.0102,0.0102,,,,,,,,,0.0537,2.34e-06,4.57e-06,4.57e-06,,,0.00813,4.78e-06,0.00813,4.78e-06
45,no,no,0,-wh_no_gap,You know,that,,,,,the firefighter,greeted,the teacher,on the sidewalk.,0.0,3.112767,3.970907,3.970907,,,,,,,,,2.063794,10.4951815,18.984955,18.984955,1.607763,7.980687,6.404297,5.313991333333333,6.3806696,7.461373363636364,1.607763,7.980687,0.00955,0.00111,0.0102,0.0102,,,,,,,,,0.0537,2.34e-06,4.57e-06,4.57e-06,0.0537,7.58e-05,0.00813,4.78e-06,0.0537,7.58e-05
45,yes,yes,0,+wh_gap,You know,who,,,,,the firefighter,greeted,,on the sidewalk.,0.0,3.112767,7.834128,7.834128,,,,,,,,,4.899722,11.551993,16.985825,16.985825,,,7.226239,5.668217000000001,5.668217000000001,7.906013777777777,7.226239,5.668217000000001,0.00955,0.00111,0.00219,0.00219,,,,,,,,,0.0537,2.34e-06,4.57e-06,4.57e-06,,,0.00813,4.78e-06,0.00813,4.78e-06
45,yes,no,0,+wh_no_gap,You know,who,,,,,the firefighter,greeted,the teacher,on the sidewalk.,0.0,3.112767,7.834128,7.834128,,,,,,,,,4.899722,11.551993,16.985825,16.985825,3.569874,8.317496,6.932048,5.815822666666667,6.816491999999999,8.021084818181818,3.569874,8.317496,0.00955,0.00111,0.00219,0.00219,,,,,,,,,0.0537,2.34e-06,4.57e-06,4.57e-06,0.0537,7.58e-05,0.00813,4.78e-06,0.0537,7.58e-05
45,no,yes,1,-wh_gap,You know,that,the woman reported,,,,the firefighter,greeted,,on the sidewalk.,0.0,3.112767,3.970907,3.970907,2.063794,8.214972666666666,,,,,,,3.431336,11.5739165,18.20574,18.20574,,,7.314433,5.575391,5.575391,7.743425416666665,7.314433,5.575391,0.00955,0.00111,0.0102,0.0102,0.0537,6.9e-05,,,,,,,0.0537,2.34e-06,4.57e-06,4.57e-06,,,0.00813,4.78e-06,0.00813,4.78e-06
45,no,no,1,-wh_no_gap,You know,that,the woman reported,,,,the firefighter,greeted,the teacher,on the sidewalk.,0.0,3.112767,3.970907,3.970907,2.063794,8.214972666666666,,,,,,,3.431336,11.5739165,18.20574,18.20574,2.468681,8.0071555,5.974947,5.333656,6.4030558,7.729300785714286,2.468681,8.0071555,0.00955,0.00111,0.0102,0.0102,0.0537,6.9e-05,,,,,,,0.0537,2.34e-06,4.57e-06,4.57e-06,0.0537,7.58e-05,0.00813,4.78e-06,0.0537,7.58e-05
45,yes,yes,1,+wh_gap,You know,who,the woman reported,,,,the firefighter,greeted,,on the sidewalk.,0.0,3.112767,7.834128,7.834128,4.899722,9.063721,,,,,,,5.648842,12.2171525,17.216097,17.216097,,,6.310688,5.347993,5.347993,8.245433833333335,6.310688,5.347993,0.00955,0.00111,0.00219,0.00219,0.0537,6.9e-05,,,,,,,0.0537,2.34e-06,4.57e-06,4.57e-06,,,0.00813,4.78e-06,0.00813,4.78e-06
45,yes,no,1,+wh_no_gap,You know,who,the woman reported,,,,the firefighter,greeted,the teacher,on the sidewalk.,0.0,3.112767,7.834128,7.834128,4.899722,9.063721,,,,,,,5.648842,12.2171525,17.216097,17.216097,4.863235,8.7773755,6.390607,5.612973,6.878734,8.37820692857143,4.863235,8.7773755,0.00955,0.00111,0.00219,0.00219,0.0537,6.9e-05,,,,,,,0.0537,2.34e-06,4.57e-06,4.57e-06,0.0537,7.58e-05,0.00813,4.78e-06,0.0537,7.58e-05
45,no,yes,2,-wh_gap,You know,that,the woman reported,the neighbors believed,,,the firefighter,greeted,,on the sidewalk.,0.0,3.112767,3.970907,3.970907,2.063794,8.214972666666666,3.431336,10.498779666666666,,,,,3.645252,10.6205855,16.246441,16.246441,,,9.380014,6.137968999999999,6.137968999999999,8.149281133333334,9.380014,6.137968999999999,0.00955,0.00111,0.0102,0.0102,0.0537,6.9e-05,0.0537,1.33e-05,,,,,0.0537,2.34e-06,4.57e-06,4.57e-06,,,0.00813,4.78e-06,0.00813,4.78e-06
45,no,no,2,-wh_no_gap,You know,that,the woman reported,the neighbors believed,,,the firefighter,greeted,the teacher,on the sidewalk.,0.0,3.112767,3.970907,3.970907,2.063794,8.214972666666666,3.431336,10.498779666666666,,,,,3.645252,10.6205855,16.246441,16.246441,1.901614,8.1163045,6.664449,5.249983333333334,6.396511800000001,7.988698176470589,1.901614,8.1163045,0.00955,0.00111,0.0102,0.0102,0.0537,6.9e-05,0.0537,1.33e-05,,,,,0.0537,2.34e-06,4.57e-06,4.57e-06,0.0537,7.58e-05,0.00813,4.78e-06,0.0537,7.58e-05
45,yes,yes,2,+wh_gap,You know,who,the woman reported,the neighbors believed,,,the firefighter,greeted,,on the sidewalk.,0.0,3.112767,7.834128,7.834128,4.899722,9.063721,5.648842,10.491711666666667,,,,,6.771507,12.2942495,17.247717,17.247717,,,6.696936,5.341034666666666,5.341034666666666,8.705685333333331,6.696936,5.341034666666666,0.00955,0.00111,0.00219,0.00219,0.0537,6.9e-05,0.0537,1.33e-05,,,,,0.0537,2.34e-06,4.57e-06,4.57e-06,,,0.00813,4.78e-06,0.00813,4.78e-06
45,yes,no,2,+wh_no_gap,You know,who,the woman reported,the neighbors believed,,,the firefighter,greeted,the teacher,on the sidewalk.,0.0,3.112767,7.834128,7.834128,4.899722,9.063721,5.648842,10.491711666666667,,,,,6.771507,12.2942495,17.247717,17.247717,4.772724,9.313486,6.858447,5.490953666666667,7.019966600000001,8.803647588235293,4.772724,9.313486,0.00955,0.00111,0.00219,0.00219,0.0537,6.9e-05,0.0537,1.33e-05,,,,,0.0537,2.34e-06,4.57e-06,4.57e-06,0.0537,7.58e-05,0.00813,4.78e-06,0.0537,7.58e-05
45,no,yes,3,-wh_gap,You know,that,the woman reported,the neighbors believed,they knew,,the firefighter,greeted,,on the sidewalk.,0.0,3.112767,3.970907,3.970907,2.063794,8.214972666666666,3.431336,10.498779666666666,4.273649,5.6279545,,,3.12088,11.2622165,18.388931,18.388931,,,10.1115,6.520806333333333,6.520806333333333,8.121728823529411,10.1115,6.520806333333333,0.00955,0.00111,0.0102,0.0102,0.0537,6.9e-05,0.0537,1.33e-05,0.00316,0.000151,,,0.0537,2.34e-06,4.57e-06,4.57e-06,,,0.00813,4.78e-06,0.00813,4.78e-06
45,no,no,3,-wh_no_gap,You know,that,the woman reported,the neighbors believed,they knew,,the firefighter,greeted,the teacher,on the sidewalk.,0.0,3.112767,3.970907,3.970907,2.063794,8.214972666666666,3.431336,10.498779666666666,4.273649,5.6279545,,,3.12088,11.2622165,18.388931,18.388931,2.139508,8.248054,6.84934,5.4121136666666665,6.546489799999999,7.95996947368421,2.139508,8.248054,0.00955,0.00111,0.0102,0.0102,0.0537,6.9e-05,0.0537,1.33e-05,0.00316,0.000151,,,0.0537,2.34e-06,4.57e-06,4.57e-06,0.0537,7.58e-05,0.00813,4.78e-06,0.0537,7.58e-05
45,yes,yes,3,+wh_gap,You know,who,the woman reported,the neighbors believed,they knew,,the firefighter,greeted,,on the sidewalk.,0.0,3.112767,7.834128,7.834128,4.899722,9.063721,5.648842,10.491711666666667,7.472342,6.870312500000001,,,4.869418,11.8829635,17.790981,17.790981,,,9.50238,6.416633999999999,6.416633999999999,8.663140882352941,9.50238,6.416633999999999,0.00955,0.00111,0.00219,0.00219,0.0537,6.9e-05,0.0537,1.33e-05,0.00316,0.000151,,,0.0537,2.34e-06,4.57e-06,4.57e-06,,,0.00813,4.78e-06,0.00813,4.78e-06
45,yes,no,3,+wh_no_gap,You know,who,the woman reported,the neighbors believed,they knew,,the firefighter,greeted,the teacher,on the sidewalk.,0.0,3.112767,7.834128,7.834128,4.899722,9.063721,5.648842,10.491711666666667,7.472342,6.870312500000001,,,4.869418,11.8829635,17.790981,17.790981,2.183071,8.189679,6.985777,5.589314666666667,6.629460399999999,8.482673421052633,2.183071,8.189679,0.00955,0.00111,0.00219,0.00219,0.0537,6.9e-05,0.0537,1.33e-05,0.00316,0.000151,,,0.0537,2.34e-06,4.57e-06,4.57e-06,0.0537,7.58e-05,0.00813,4.78e-06,0.0537,7.58e-05
45,no,yes,4,-wh_gap,You know,that,the woman reported,the neighbors believed,they knew,they saw,the firefighter,greeted,,on the sidewalk.,0.0,3.112767,3.970907,3.970907,2.063794,8.214972666666666,3.431336,10.498779666666666,4.273649,5.6279545,3.741047,6.3892105,2.108816,10.3053485,17.252312,17.252312,,,8.491228,5.583195333333333,5.583195333333333,7.630769631578949,8.491228,5.583195333333333,0.00955,0.00111,0.0102,0.0102,0.0537,6.9e-05,0.0537,1.33e-05,0.00316,0.000151,0.00316,0.000205,0.0537,2.34e-06,4.57e-06,4.57e-06,,,0.00813,4.78e-06,0.00813,4.78e-06
45,no,no,4,-wh_no_gap,You know,that,the woman reported,the neighbors believed,they knew,they saw,the firefighter,greeted,the teacher,on the sidewalk.,0.0,3.112767,3.970907,3.970907,2.063794,8.214972666666666,3.431336,10.498779666666666,4.273649,5.6279545,3.741047,6.3892105,2.108816,10.3053485,17.252312,17.252312,2.0491,8.3737265,6.563682,5.148748333333334,6.4387396,7.639463571428572,2.0491,8.3737265,0.00955,0.00111,0.0102,0.0102,0.0537,6.9e-05,0.0537,1.33e-05,0.00316,0.000151,0.00316,0.000205,0.0537,2.34e-06,4.57e-06,4.57e-06,0.0537,7.58e-05,0.00813,4.78e-06,0.0537,7.58e-05
45,yes,yes,4,+wh_gap,You know,who,the woman reported,the neighbors believed,they knew,they saw,the firefighter,greeted,,on the sidewalk.,0.0,3.112767,7.834128,7.834128,4.899722,9.063721,5.648842,10.491711666666667,7.472342,6.870312500000001,6.471462,7.448782,2.925767,10.6498465,17.409956,17.409956,,,8.119369,5.538161,5.538161,8.246751631578949,8.119369,5.538161,0.00955,0.00111,0.00219,0.00219,0.0537,6.9e-05,0.0537,1.33e-05,0.00316,0.000151,0.00316,0.000205,0.0537,2.34e-06,4.57e-06,4.57e-06,,,0.00813,4.78e-06,0.00813,4.78e-06
45,yes,no,4,+wh_no_gap,You know,who,the woman reported,the neighbors believed,they knew,they saw,the firefighter,greeted,the teacher,on the sidewalk.,0.0,3.112767,7.834128,7.834128,4.899722,9.063721,5.648842,10.491711666666667,7.472342,6.870312500000001,6.471462,7.448782,2.925767,10.6498465,17.409956,17.409956,2.191613,8.4415655,6.623084,5.211228,6.503363,8.21860061904762,2.191613,8.4415655,0.00955,0.00111,0.00219,0.00219,0.0537,6.9e-05,0.0537,1.33e-05,0.00316,0.000151,0.00316,0.000205,0.0537,2.34e-06,4.57e-06,4.57e-06,0.0537,7.58e-05,0.00813,4.78e-06,0.0537,7.58e-05
46,no,yes,0,-wh_gap,He knows,that,,,,,the mayor,supported,,during the town meeting.,0.0,5.76156,2.297416,2.297416,,,,,,,,,2.267236,7.1525265000000005,14.985726,14.985726,,,12.336721,7.720801000000001,7.720801000000001,7.3994519,12.336721,7.720801000000001,0.0049,0.000115,0.0102,0.0102,,,,,,,,,0.0537,4.17e-05,4.79e-05,4.79e-05,,,0.000525,6.78e-05,0.000525,6.78e-05
46,no,no,0,-wh_no_gap,He knows,that,,,,,the mayor,supported,the principal,during the town meeting.,0.0,5.76156,2.297416,2.297416,,,,,,,,,2.267236,7.1525265000000005,14.985726,14.985726,1.477021,7.6479575,11.506845,7.4375395,7.507678833333333,7.346449000000001,1.477021,7.6479575,0.0049,0.000115,0.0102,0.0102,,,,,,,,,0.0537,4.17e-05,4.79e-05,4.79e-05,0.0537,3.31e-05,0.000525,6.78e-05,0.0537,3.31e-05
46,yes,yes,0,+wh_gap,He knows,who,,,,,the mayor,supported,,during the town meeting.,0.0,5.76156,6.622077,6.622077,,,,,,,,,4.020604,7.775651,14.772004,14.772004,,,7.652637,6.427664249999999,6.427664249999999,7.417916,7.652637,6.427664249999999,0.0049,0.000115,0.00219,0.00219,,,,,,,,,0.0537,4.17e-05,4.79e-05,4.79e-05,,,0.000525,6.78e-05,0.000525,6.78e-05
46,yes,no,0,+wh_no_gap,He knows,who,,,,,the mayor,supported,the principal,during the town meeting.,0.0,5.76156,6.622077,6.622077,,,,,,,,,4.020604,7.775651,14.772004,14.772004,2.953291,8.254255,11.421602,7.32511675,7.634829499999999,7.856456666666667,2.953291,8.254255,0.0049,0.000115,0.00219,0.00219,,,,,,,,,0.0537,4.17e-05,4.79e-05,4.79e-05,0.0537,3.31e-05,0.000525,6.78e-05,0.0537,3.31e-05
46,no,yes,1,-wh_gap,He knows,that,the politician believed,,,,the mayor,supported,,during the town meeting.,0.0,5.76156,2.297416,2.297416,2.267236,9.622848,,,,,,,3.331327,7.1585745,13.280396,13.280396,,,11.68569,7.5093185,7.5093185,7.717223,11.68569,7.5093185,0.0049,0.000115,0.0102,0.0102,0.0537,1.15e-05,,,,,,,0.0537,4.17e-05,4.79e-05,4.79e-05,,,0.000525,6.78e-05,0.000525,6.78e-05
46,no,no,1,-wh_no_gap,He knows,that,the politician believed,,,,the mayor,supported,the principal,during the town meeting.,0.0,5.76156,2.297416,2.297416,2.267236,9.622848,,,,,,,3.331327,7.1585745,13.280396,13.280396,1.317415,7.809939,12.152773,7.620010499999999,7.683319999999999,7.759103,1.317415,7.809939,0.0049,0.000115,0.0102,0.0102,0.0537,1.15e-05,,,,,,,0.0537,4.17e-05,4.79e-05,4.79e-05,0.0537,3.31e-05,0.000525,6.78e-05,0.0537,3.31e-05
46,yes,yes,1,+wh_gap,He knows,who,the politician believed,,,,the mayor,supported,,during the town meeting.,0.0,5.76156,6.622077,6.622077,4.020604,9.822616333333333,,,,,,,4.608828,8.123214,13.303276,13.303276,,,7.965139,6.406261000000001,6.406261000000001,7.906753384615384,7.965139,6.406261000000001,0.0049,0.000115,0.00219,0.00219,0.0537,1.15e-05,,,,,,,0.0537,4.17e-05,4.79e-05,4.79e-05,,,0.000525,6.78e-05,0.000525,6.78e-05
46,yes,no,1,+wh_no_gap,He knows,who,the politician believed,,,,the mayor,supported,the principal,during the town meeting.,0.0,5.76156,6.622077,6.622077,4.020604,9.822616333333333,,,,,,,4.608828,8.123214,13.303276,13.303276,3.09884,8.5479855,12.377737,7.53783,7.874548499999999,8.294002733333333,3.09884,8.5479855,0.0049,0.000115,0.00219,0.00219,0.0537,1.15e-05,,,,,,,0.0537,4.17e-05,4.79e-05,4.79e-05,0.0537,3.31e-05,0.000525,6.78e-05,0.0537,3.31e-05
46,no,yes,2,-wh_gap,He knows,that,the politician believed,the donors said,,,the mayor,supported,,during the town meeting.,0.0,5.76156,2.297416,2.297416,2.267236,9.622848,3.331327,10.964838333333333,,,,,3.583243,6.987127,12.302594,12.302594,,,12.92244,7.781766,7.781766,8.311719187500001,12.92244,7.781766,0.0049,0.000115,0.0102,0.0102,0.0537,1.15e-05,0.0537,6.72e-06,,,,,0.0537,4.17e-05,4.79e-05,4.79e-05,,,0.000525,6.78e-05,0.000525,6.78e-05
46,no,no,2,-wh_no_gap,He knows,that,the politician believed,the donors said,,,the mayor,supported,the principal,during the town meeting.,0.0,5.76156,2.297416,2.297416,2.267236,9.622848,3.331327,10.964838333333333,,,,,3.583243,6.987127,12.302594,12.302594,1.445251,7.878026500000001,11.992557,7.4948875,7.6226005,8.199780333333333,1.445251,7.878026500000001,0.0049,0.000115,0.0102,0.0102,0.0537,1.15e-05,0.0537,6.72e-06,,,,,0.0537,4.17e-05,4.79e-05,4.79e-05,0.0537,3.31e-05,0.000525,6.78e-05,0.0537,3.31e-05
46,yes,yes,2,+wh_gap,He knows,who,the politician believed,the donors said,,,the mayor,supported,,during the town meeting.,0.0,5.76156,6.622077,6.622077,4.020604,9.822616333333333,4.608828,10.956885666666668,,,,,5.401261,7.651869,11.873999,11.873999,,,8.587516,6.788348500000001,6.788348500000001,8.425927125000001,8.587516,6.788348500000001,0.0049,0.000115,0.00219,0.00219,0.0537,1.15e-05,0.0537,6.72e-06,,,,,0.0537,4.17e-05,4.79e-05,4.79e-05,,,0.000525,6.78e-05,0.000525,6.78e-05
46,yes,no,2,+wh_no_gap,He knows,who,the politician believed,the donors said,,,the mayor,supported,the principal,during the town meeting.,0.0,5.76156,6.622077,6.622077,4.020604,9.822616333333333,4.608828,10.956885666666668,,,,,5.401261,7.651869,11.873999,11.873999,2.871853,8.648643,12.139851,7.5728325,7.931436000000001,8.62500311111111,2.871853,8.648643,0.0049,0.000115,0.00219,0.00219,0.0537,1.15e-05,0.0537,6.72e-06,,,,,0.0537,4.17e-05,4.79e-05,4.79e-05,0.0537,3.31e-05,0.000525,6.78e-05,0.0537,3.31e-05
46,no,yes,3,-wh_gap,He knows,that,the politician believed,the donors said,they knew,,the mayor,supported,,during the town meeting.,0.0,5.76156,2.297416,2.297416,2.267236,9.622848,3.331327,10.964838333333333,2.700553,5.196697,,,2.830935,7.314852,14.285615,14.285615,,,13.062343,7.920569499999999,7.920569499999999,8.143032555555557,13.062343,7.920569499999999,0.0049,0.000115,0.0102,0.0102,0.0537,1.15e-05,0.0537,6.72e-06,0.00316,0.000151,,,0.0537,4.17e-05,4.79e-05,4.79e-05,,,0.000525,6.78e-05,0.000525,6.78e-05
46,no,no,3,-wh_no_gap,He knows,that,the politician believed,the donors said,they knew,,the mayor,supported,the principal,during the town meeting.,0.0,5.76156,2.297416,2.297416,2.267236,9.622848,3.331327,10.964838333333333,2.700553,5.196697,,,2.830935,7.314852,14.285615,14.285615,1.42112,7.940902,12.703017,7.649735000000001,7.746790666666667,8.0686526,1.42112,7.940902,0.0049,0.000115,0.0102,0.0102,0.0537,1.15e-05,0.0537,6.72e-06,0.00316,0.000151,,,0.0537,4.17e-05,4.79e-05,4.79e-05,0.0537,3.31e-05,0.000525,6.78e-05,0.0537,3.31e-05
46,yes,yes,3,+wh_gap,He knows,who,the politician believed,the donors said,they knew,,the mayor,supported,,during the town meeting.,0.0,5.76156,6.622077,6.622077,4.020604,9.822616333333333,4.608828,10.956885666666668,4.81997,5.7959715,,,3.72908,7.440747,13.730682,13.730682,,,10.06591,7.2361865,7.2361865,8.312920444444444,10.06591,7.2361865,0.0049,0.000115,0.00219,0.00219,0.0537,1.15e-05,0.0537,6.72e-06,0.00316,0.000151,,,0.0537,4.17e-05,4.79e-05,4.79e-05,,,0.000525,6.78e-05,0.000525,6.78e-05
46,yes,no,3,+wh_no_gap,He knows,who,the politician believed,the donors said,they knew,,the mayor,supported,the principal,during the town meeting.,0.0,5.76156,6.622077,6.622077,4.020604,9.822616333333333,4.608828,10.956885666666668,4.81997,5.7959715,,,3.72908,7.440747,13.730682,13.730682,2.038821,8.3505505,12.300036,7.690166749999999,7.910294666666666,8.4074795,2.038821,8.3505505,0.0049,0.000115,0.00219,0.00219,0.0537,1.15e-05,0.0537,6.72e-06,0.00316,0.000151,,,0.0537,4.17e-05,4.79e-05,4.79e-05,0.0537,3.31e-05,0.000525,6.78e-05,0.0537,3.31e-05
46,no,yes,4,-wh_gap,He knows,that,the politician believed,the donors said,they knew,he noticed,the mayor,supported,,during the town meeting.,0.0,5.76156,2.297416,2.297416,2.267236,9.622848,3.331327,10.964838333333333,2.700553,5.196697,4.508284,11.075602,1.901124,8.382832,14.88127,14.88127,,,12.028962,7.5115915,7.5115915,8.49107465,12.028962,7.5115915,0.0049,0.000115,0.0102,0.0102,0.0537,1.15e-05,0.0537,6.72e-06,0.00316,0.000151,0.0049,4.23e-05,0.0537,4.17e-05,4.79e-05,4.79e-05,,,0.000525,6.78e-05,0.000525,6.78e-05
46,no,no,4,-wh_no_gap,He knows,that,the politician believed,the donors said,they knew,he noticed,the mayor,supported,the principal,during the town meeting.,0.0,5.76156,2.297416,2.297416,2.267236,9.622848,3.331327,10.964838333333333,2.700553,5.196697,4.508284,11.075602,1.901124,8.382832,14.88127,14.88127,1.842381,7.782748,12.322639,7.5524495,7.629215666666667,8.434110045454545,1.842381,7.782748,0.0049,0.000115,0.0102,0.0102,0.0537,1.15e-05,0.0537,6.72e-06,0.00316,0.000151,0.0049,4.23e-05,0.0537,4.17e-05,4.79e-05,4.79e-05,0.0537,3.31e-05,0.000525,6.78e-05,0.0537,3.31e-05
46,yes,yes,4,+wh_gap,He knows,who,the politician believed,the donors said,they knew,he noticed,the mayor,supported,,during the town meeting.,0.0,5.76156,6.622077,6.622077,4.020604,9.822616333333333,4.608828,10.956885666666668,4.81997,5.7959715,5.244856,10.9588845,3.682328,8.716430500000001,14.771758,14.771758,,,10.526165,7.075102750000001,7.075102750000001,8.724922249999999,10.526165,7.075102750000001,0.0049,0.000115,0.00219,0.00219,0.0537,1.15e-05,0.0537,6.72e-06,0.00316,0.000151,0.0049,4.23e-05,0.0537,4.17e-05,4.79e-05,4.79e-05,,,0.000525,6.78e-05,0.000525,6.78e-05
46,yes,no,4,+wh_no_gap,He knows,who,the politician believed,the donors said,they knew,he noticed,the mayor,supported,the principal,during the town meeting.,0.0,5.76156,6.622077,6.622077,4.020604,9.822616333333333,4.608828,10.956885666666668,4.81997,5.7959715,5.244856,10.9588845,3.682328,8.716430500000001,14.771758,14.771758,2.060374,7.8467465,11.960513,7.55834175,7.654476666666667,8.732949727272727,2.060374,7.8467465,0.0049,0.000115,0.00219,0.00219,0.0537,1.15e-05,0.0537,6.72e-06,0.00316,0.000151,0.0049,4.23e-05,0.0537,4.17e-05,4.79e-05,4.79e-05,0.0537,3.31e-05,0.000525,6.78e-05,0.0537,3.31e-05
47,no,yes,0,-wh_gap,She knows,that,,,,,the man,congratulated,,after the ceremony.,0.0,5.8043205,2.279035,2.279035,,,,,,,,,2.521865,4.622968,19.410143,19.410143,,,14.25965,7.524946,7.524946,7.235399222222223,14.25965,7.524946,0.00182,0.00011,0.0102,0.0102,,,,,,,,,0.0537,0.000653,1.62e-06,1.62e-06,,,0.00129,2.58e-05,0.00129,2.58e-05
47,no,no,0,-wh_no_gap,She knows,that,,,,,the man,congratulated,the writer,after the ceremony.,0.0,5.8043205,2.279035,2.279035,,,,,,,,,2.521865,4.622968,19.410143,19.410143,3.822518,7.319237,8.586676,5.994633666666666,6.524475,6.8332845454545454,3.822518,7.319237,0.00182,0.00011,0.0102,0.0102,,,,,,,,,0.0537,0.000653,1.62e-06,1.62e-06,0.0537,4.89e-05,0.00129,2.58e-05,0.0537,4.89e-05
47,yes,yes,0,+wh_gap,She knows,who,,,,,the man,congratulated,,after the ceremony.,0.0,5.8043205,6.4446,6.4446,,,,,,,,,4.386521,5.111800000000001,19.143688,19.143688,,,10.936581,6.440666,6.440666,7.415836333333333,10.936581,6.440666,0.00182,0.00011,0.00219,0.00219,,,,,,,,,0.0537,0.000653,1.62e-06,1.62e-06,,,0.00129,2.58e-05,0.00129,2.58e-05
47,yes,no,0,+wh_no_gap,She knows,who,,,,,the man,congratulated,the writer,after the ceremony.,0.0,5.8043205,6.4446,6.4446,,,,,,,,,4.386521,5.111800000000001,19.143688,19.143688,3.894553,7.0022045,8.584613,5.981268666666666,6.389643,7.215340363636364,3.894553,7.0022045,0.00182,0.00011,0.00219,0.00219,,,,,,,,,0.0537,0.000653,1.62e-06,1.62e-06,0.0537,4.89e-05,0.00129,2.58e-05,0.0537,4.89e-05
47,no,yes,1,-wh_gap,She knows,that,the woman said,,,,the man,congratulated,,after the ceremony.,0.0,5.8043205,2.279035,2.279035,2.521865,6.7741690000000006,,,,,,,4.530111,4.9435135,18.469223,18.469223,,,15.088676,7.703133666666666,7.703133666666666,7.139652833333334,15.088676,7.703133666666666,0.00182,0.00011,0.0102,0.0102,0.0537,0.000183,,,,,,,0.0537,0.000653,1.62e-06,1.62e-06,,,0.00129,2.58e-05,0.00129,2.58e-05
47,no,no,1,-wh_no_gap,She knows,that,the woman said,,,,the man,congratulated,the writer,after the ceremony.,0.0,5.8043205,2.279035,2.279035,2.521865,6.7741690000000006,,,,,,,4.530111,4.9435135,18.469223,18.469223,4.424764,7.7016515,8.441692,5.977679999999999,6.6672686,6.850198285714286,4.424764,7.7016515,0.00182,0.00011,0.0102,0.0102,0.0537,0.000183,,,,,,,0.0537,0.000653,1.62e-06,1.62e-06,0.0537,4.89e-05,0.00129,2.58e-05,0.0537,4.89e-05
47,yes,yes,1,+wh_gap,She knows,who,the woman said,,,,the man,congratulated,,after the ceremony.,0.0,5.8043205,6.4446,6.4446,4.386521,7.017791666666667,,,,,,,5.956725,5.762083,18.57943,18.57943,,,14.997297,7.765253333333333,7.765253333333333,7.708831000000001,14.997297,7.765253333333333,0.00182,0.00011,0.00219,0.00219,0.0537,0.000183,,,,,,,0.0537,0.000653,1.62e-06,1.62e-06,,,0.00129,2.58e-05,0.00129,2.58e-05
47,yes,no,1,+wh_no_gap,She knows,who,the woman said,,,,the man,congratulated,the writer,after the ceremony.,0.0,5.8043205,6.4446,6.4446,4.386521,7.017791666666667,,,,,,,5.956725,5.762083,18.57943,18.57943,4.490414,7.64714,9.054811,6.209333666666667,6.784456199999999,7.366606642857143,4.490414,7.64714,0.00182,0.00011,0.00219,0.00219,0.0537,0.000183,,,,,,,0.0537,0.000653,1.62e-06,1.62e-06,0.0537,4.89e-05,0.00129,2.58e-05,0.0537,4.89e-05
47,no,yes,2,-wh_gap,She knows,that,the woman said,her friend believed,,,the man,congratulated,,after the ceremony.,0.0,5.8043205,2.279035,2.279035,2.521865,6.7741690000000006,5.48167,7.552524000000001,,,,,3.816181,5.2002055,19.073395,19.073395,,,14.672796,7.849204,7.849204,7.325944866666666,14.672796,7.849204,0.00182,0.00011,0.0102,0.0102,0.0537,0.000183,0.002,4.43e-05,,,,,0.0537,0.000653,1.62e-06,1.62e-06,,,0.00129,2.58e-05,0.00129,2.58e-05
47,no,no,2,-wh_no_gap,She knows,that,the woman said,her friend believed,,,the man,congratulated,the writer,after the ceremony.,0.0,5.8043205,2.279035,2.279035,2.521865,6.7741690000000006,5.48167,7.552524000000001,,,,,3.816181,5.2002055,19.073395,19.073395,4.7881,7.9056105,8.48577,6.091165,6.8169432,7.083898647058824,4.7881,7.9056105,0.00182,0.00011,0.0102,0.0102,0.0537,0.000183,0.002,4.43e-05,,,,,0.0537,0.000653,1.62e-06,1.62e-06,0.0537,4.89e-05,0.00129,2.58e-05,0.0537,4.89e-05
47,yes,yes,2,+wh_gap,She knows,who,the woman said,her friend believed,,,the man,congratulated,,after the ceremony.,0.0,5.8043205,6.4446,6.4446,4.386521,7.017791666666667,6.8239,8.023342999999999,,,,,4.232893,5.379563,18.877237,18.877237,,,15.205263,8.050020333333334,8.050020333333334,7.797537933333333,15.205263,8.050020333333334,0.00182,0.00011,0.00219,0.00219,0.0537,0.000183,0.002,4.43e-05,,,,,0.0537,0.000653,1.62e-06,1.62e-06,,,0.00129,2.58e-05,0.00129,2.58e-05
47,yes,no,2,+wh_no_gap,She knows,who,the woman said,her friend believed,,,the man,congratulated,the writer,after the ceremony.,0.0,5.8043205,6.4446,6.4446,4.386521,7.017791666666667,6.8239,8.023342999999999,,,,,4.232893,5.379563,18.877237,18.877237,4.665588,7.746167499999999,8.953283,6.259707666666666,6.854291600000001,7.475556823529412,4.665588,7.746167499999999,0.00182,0.00011,0.00219,0.00219,0.0537,0.000183,0.002,4.43e-05,,,,,0.0537,0.000653,1.62e-06,1.62e-06,0.0537,4.89e-05,0.00129,2.58e-05,0.0537,4.89e-05
47,no,yes,3,-wh_gap,She knows,that,the woman said,her friend believed,she knew,,the man,congratulated,,after the ceremony.,0.0,5.8043205,2.279035,2.279035,2.521865,6.7741690000000006,5.48167,7.552524000000001,2.503936,4.860567,,,3.343685,4.631823,20.974743,20.974743,,,15.721782,8.351874666666665,8.351874666666665,7.169582470588235,15.721782,8.351874666666665,0.00182,0.00011,0.0102,0.0102,0.0537,0.000183,0.002,4.43e-05,0.00182,0.000146,,,0.0537,0.000653,1.62e-06,1.62e-06,,,0.00129,2.58e-05,0.00129,2.58e-05
47,no,no,3,-wh_no_gap,She knows,that,the woman said,her friend believed,she knew,,the man,congratulated,the writer,after the ceremony.,0.0,5.8043205,2.279035,2.279035,2.521865,6.7741690000000006,5.48167,7.552524000000001,2.503936,4.860567,,,3.343685,4.631823,20.974743,20.974743,4.945308,7.762622499999999,9.039376,6.4401823333333335,6.9691584,6.93016157894737,4.945308,7.762622499999999,0.00182,0.00011,0.0102,0.0102,0.0537,0.000183,0.002,4.43e-05,0.00182,0.000146,,,0.0537,0.000653,1.62e-06,1.62e-06,0.0537,4.89e-05,0.00129,2.58e-05,0.0537,4.89e-05
47,yes,yes,3,+wh_gap,She knows,who,the woman said,her friend believed,she knew,,the man,congratulated,,after the ceremony.,0.0,5.8043205,6.4446,6.4446,4.386521,7.017791666666667,6.8239,8.023342999999999,3.132949,5.1164655,,,3.365771,4.545757,20.789324,20.789324,,,15.901973,8.422845666666667,8.422845666666667,7.5622912352941185,15.901973,8.422845666666667,0.00182,0.00011,0.00219,0.00219,0.0537,0.000183,0.002,4.43e-05,0.00182,0.000146,,,0.0537,0.000653,1.62e-06,1.62e-06,,,0.00129,2.58e-05,0.00129,2.58e-05
47,yes,no,3,+wh_no_gap,She knows,who,the woman said,her friend believed,she knew,,the man,congratulated,the writer,after the ceremony.,0.0,5.8043205,6.4446,6.4446,4.386521,7.017791666666667,6.8239,8.023342999999999,3.132949,5.1164655,,,3.365771,4.545757,20.789324,20.789324,4.930685,7.6758425,9.266479,6.507198333333334,6.974656,7.271773368421052,4.930685,7.6758425,0.00182,0.00011,0.00219,0.00219,0.0537,0.000183,0.002,4.43e-05,0.00182,0.000146,,,0.0537,0.000653,1.62e-06,1.62e-06,0.0537,4.89e-05,0.00129,2.58e-05,0.0537,4.89e-05
47,no,yes,4,-wh_gap,She knows,that,the woman said,her friend believed,she knew,the man saw,the man,congratulated,,after the ceremony.,0.0,5.8043205,2.279035,2.279035,2.521865,6.7741690000000006,5.48167,7.552524000000001,2.503936,4.860567,3.343685,6.577156,2.992666,3.7742615,20.00078,20.00078,,,11.6657,6.739816666666666,6.739816666666666,6.704455499999999,11.6657,6.739816666666666,0.00182,0.00011,0.0102,0.0102,0.0537,0.000183,0.002,4.43e-05,0.00182,0.000146,0.0537,0.000164,0.0537,0.000653,1.62e-06,1.62e-06,,,0.00129,2.58e-05,0.00129,2.58e-05
47,no,no,4,-wh_no_gap,She knows,that,the woman said,her friend believed,she knew,the man saw,the man,congratulated,the writer,after the ceremony.,0.0,5.8043205,2.279035,2.279035,2.521865,6.7741690000000006,5.48167,7.552524000000001,2.503936,4.860567,3.343685,6.577156,2.992666,3.7742615,20.00078,20.00078,4.185694,7.523455999999999,9.125615,6.359361333333333,6.824999199999999,6.727029818181818,4.185694,7.523455999999999,0.00182,0.00011,0.0102,0.0102,0.0537,0.000183,0.002,4.43e-05,0.00182,0.000146,0.0537,0.000164,0.0537,0.000653,1.62e-06,1.62e-06,0.0537,4.89e-05,0.00129,2.58e-05,0.0537,4.89e-05
47,yes,yes,4,+wh_gap,She knows,who,the woman said,her friend believed,she knew,the man saw,the man,congratulated,,after the ceremony.,0.0,5.8043205,6.4446,6.4446,4.386521,7.017791666666667,6.8239,8.023342999999999,3.132949,5.1164655,3.365771,6.440492,2.984586,3.7377325,19.828516,19.828516,,,11.643005,6.7338960000000005,6.7338960000000005,7.011836049999999,11.643005,6.7338960000000005,0.00182,0.00011,0.00219,0.00219,0.0537,0.000183,0.002,4.43e-05,0.00182,0.000146,0.0537,0.000164,0.0537,0.000653,1.62e-06,1.62e-06,,,0.00129,2.58e-05,0.00129,2.58e-05
47,yes,no,4,+wh_no_gap,She knows,who,the woman said,her friend believed,she knew,the man saw,the man,congratulated,the writer,after the ceremony.,0.0,5.8043205,6.4446,6.4446,4.386521,7.017791666666667,6.8239,8.023342999999999,3.132949,5.1164655,3.365771,6.440492,2.984586,3.7377325,19.828516,19.828516,4.115758,7.461595,9.227901,6.3993866666666674,6.824270000000001,7.007108318181818,4.115758,7.461595,0.00182,0.00011,0.00219,0.00219,0.0537,0.000183,0.002,4.43e-05,0.00182,0.000146,0.0537,0.000164,0.0537,0.000653,1.62e-06,1.62e-06,0.0537,4.89e-05,0.00129,2.58e-05,0.0537,4.89e-05
48,no,yes,0,-wh_gap,I know,that,,,,,the hostess,introduced,,to the regular customer.,0.0,3.139138,2.352433,2.352433,,,,,,,,,2.35511,10.2177515,13.603292,13.603292,,,5.151436,6.369598750000001,6.369598750000001,6.814789900000001,5.151436,6.369598750000001,0.0123,0.00114,0.0102,0.0102,,,,,,,,,0.0537,2.24e-06,5.25e-05,5.25e-05,,,0.0269,2.79e-05,0.0269,2.79e-05
48,no,no,0,-wh_no_gap,I know,that,,,,,the hostess,introduced,her friend,to the regular customer.,0.0,3.139138,2.352433,2.352433,,,,,,,,,2.35511,10.2177515,13.603292,13.603292,3.64716,7.5856015,2.684878,5.718636,6.340957833333333,6.7262709166666665,3.64716,7.5856015,0.0123,0.00114,0.0102,0.0102,,,,,,,,,0.0537,2.24e-06,5.25e-05,5.25e-05,0.002,0.00021,0.0269,2.79e-05,0.002,0.00021
48,yes,yes,0,+wh_gap,I know,who,,,,,the hostess,introduced,,to the regular customer.,0.0,3.139138,6.580016,6.580016,,,,,,,,,5.056487,10.728741,14.445141,14.445141,,,3.087852,6.182161000000001,6.182161000000001,7.348955899999998,3.087852,6.182161000000001,0.0123,0.00114,0.00219,0.00219,,,,,,,,,0.0537,2.24e-06,5.25e-05,5.25e-05,,,0.0269,2.79e-05,0.0269,2.79e-05
48,yes,no,0,+wh_no_gap,I know,who,,,,,the hostess,introduced,her friend,to the regular customer.,0.0,3.139138,6.580016,6.580016,,,,,,,,,5.056487,10.728741,14.445141,14.445141,6.706944,8.8742225,2.756852,6.00023325,6.958229666666667,7.542524416666667,6.706944,8.8742225,0.0123,0.00114,0.00219,0.00219,,,,,,,,,0.0537,2.24e-06,5.25e-05,5.25e-05,0.002,0.00021,0.0269,2.79e-05,0.002,0.00021
48,no,yes,1,-wh_gap,I know,that,the heiress believed,,,,the hostess,introduced,,to the regular customer.,0.0,3.139138,2.352433,2.352433,2.35511,10.603128333333332,,,,,,,3.400319,8.7480695,15.845192,15.845192,,,5.024536,7.02451025,7.02451025,7.836881999999999,5.024536,7.02451025,0.0123,0.00114,0.0102,0.0102,0.0537,1.15e-06,,,,,,,0.0537,2.24e-06,5.25e-05,5.25e-05,,,0.0269,2.79e-05,0.0269,2.79e-05
48,no,no,1,-wh_no_gap,I know,that,the heiress believed,,,,the hostess,introduced,her friend,to the regular customer.,0.0,3.139138,2.352433,2.352433,2.35511,10.603128333333332,,,,,,,3.400319,8.7480695,15.845192,15.845192,2.129011,7.11006,2.508504,6.27035575,6.550257166666667,7.538864533333334,2.129011,7.11006,0.0123,0.00114,0.0102,0.0102,0.0537,1.15e-06,,,,,,,0.0537,2.24e-06,5.25e-05,5.25e-05,0.002,0.00021,0.0269,2.79e-05,0.002,0.00021
48,yes,yes,1,+wh_gap,I know,who,the heiress believed,,,,the hostess,introduced,,to the regular customer.,0.0,3.139138,6.580016,6.580016,5.056487,10.612945000000002,,,,,,,6.069586,9.7505835,15.172127,15.172127,,,3.34936,6.82249525,6.82249525,8.204646307692308,3.34936,6.82249525,0.0123,0.00114,0.00219,0.00219,0.0537,1.15e-06,,,,,,,0.0537,2.24e-06,5.25e-05,5.25e-05,,,0.0269,2.79e-05,0.0269,2.79e-05
48,yes,no,1,+wh_no_gap,I know,who,the heiress believed,,,,the hostess,introduced,her friend,to the regular customer.,0.0,3.139138,6.580016,6.580016,5.056487,10.612945000000002,,,,,,,6.069586,9.7505835,15.172127,15.172127,5.363676,8.307015,2.471856,6.5336705,7.124785333333333,8.141275533333333,5.363676,8.307015,0.0123,0.00114,0.00219,0.00219,0.0537,1.15e-06,,,,,,,0.0537,2.24e-06,5.25e-05,5.25e-05,0.002,0.00021,0.0269,2.79e-05,0.002,0.00021
48,no,yes,2,-wh_gap,I know,that,the heiress believed,her friend said,,,the hostess,introduced,,to the regular customer.,0.0,3.139138,2.352433,2.352433,2.35511,10.603128333333332,5.574176,8.993746666666667,,,,,4.120629,8.701239,14.417831,14.417831,,,6.233079,7.697069750000001,7.697069750000001,8.126870125,6.233079,7.697069750000001,0.0123,0.00114,0.0102,0.0102,0.0537,1.15e-06,0.002,0.000174,,,,,0.0537,2.24e-06,5.25e-05,5.25e-05,,,0.0269,2.79e-05,0.0269,2.79e-05
48,no,no,2,-wh_no_gap,I know,that,the heiress believed,her friend said,,,the hostess,introduced,her friend,to the regular customer.,0.0,3.139138,2.352433,2.352433,2.35511,10.603128333333332,5.574176,8.993746666666667,,,,,4.120629,8.701239,14.417831,14.417831,1.513618,7.0290445,2.564838,6.4102897500000005,6.616541333333333,7.71893838888889,1.513618,7.0290445,0.0123,0.00114,0.0102,0.0102,0.0537,1.15e-06,0.002,0.000174,,,,,0.0537,2.24e-06,5.25e-05,5.25e-05,0.002,0.00021,0.0269,2.79e-05,0.002,0.00021
48,yes,yes,2,+wh_gap,I know,who,the heiress believed,her friend said,,,the hostess,introduced,,to the regular customer.,0.0,3.139138,6.580016,6.580016,5.056487,10.612945000000002,9.047324,9.372385333333332,,,,,5.579297,9.3298815,14.100762,14.100762,,,3.715832,7.182776,7.182776,8.394119499999999,3.715832,7.182776,0.0123,0.00114,0.00219,0.00219,0.0537,1.15e-06,0.002,0.000174,,,,,0.0537,2.24e-06,5.25e-05,5.25e-05,,,0.0269,2.79e-05,0.0269,2.79e-05
48,yes,no,2,+wh_no_gap,I know,who,the heiress believed,her friend said,,,the hostess,introduced,her friend,to the regular customer.,0.0,3.139138,6.580016,6.580016,5.056487,10.612945000000002,9.047324,9.372385333333332,,,,,5.579297,9.3298815,14.100762,14.100762,2.986933,7.1723545,2.455561,6.444873,6.687366833333333,8.094389388888889,2.986933,7.1723545,0.0123,0.00114,0.00219,0.00219,0.0537,1.15e-06,0.002,0.000174,,,,,0.0537,2.24e-06,5.25e-05,5.25e-05,0.002,0.00021,0.0269,2.79e-05,0.002,0.00021
48,no,yes,3,-wh_gap,I know,that,the heiress believed,her friend said,she knew,,the hostess,introduced,,to the regular customer.,0.0,3.139138,2.352433,2.352433,2.35511,10.603128333333332,5.574176,8.993746666666667,2.617829,4.652235,,,3.380313,9.09985,15.324882,15.324882,,,6.230051,7.78099525,7.78099525,7.8541315,6.230051,7.78099525,0.0123,0.00114,0.0102,0.0102,0.0537,1.15e-06,0.002,0.000174,0.00182,0.000146,,,0.0537,2.24e-06,5.25e-05,5.25e-05,,,0.0269,2.79e-05,0.0269,2.79e-05
48,no,no,3,-wh_no_gap,I know,that,the heiress believed,her friend said,she knew,,the hostess,introduced,her friend,to the regular customer.,0.0,3.139138,2.352433,2.352433,2.35511,10.603128333333332,5.574176,8.993746666666667,2.617829,4.652235,,,3.380313,9.09985,15.324882,15.324882,1.637486,7.201373500000001,2.715088,6.454109000000001,6.703197166666668,7.523478449999999,1.637486,7.201373500000001,0.0123,0.00114,0.0102,0.0102,0.0537,1.15e-06,0.002,0.000174,0.00182,0.000146,,,0.0537,2.24e-06,5.25e-05,5.25e-05,0.002,0.00021,0.0269,2.79e-05,0.002,0.00021
48,yes,yes,3,+wh_gap,I know,who,the heiress believed,her friend said,she knew,,the hostess,introduced,,to the regular customer.,0.0,3.139138,6.580016,6.580016,5.056487,10.612945000000002,9.047324,9.372385333333332,4.580163,5.4542435000000005,,,4.252977,9.0158265,14.725461,14.725461,,,4.954847,7.685597250000001,7.685597250000001,8.179015166666666,4.954847,7.685597250000001,0.0123,0.00114,0.00219,0.00219,0.0537,1.15e-06,0.002,0.000174,0.00182,0.000146,,,0.0537,2.24e-06,5.25e-05,5.25e-05,,,0.0269,2.79e-05,0.0269,2.79e-05
48,yes,no,3,+wh_no_gap,I know,who,the heiress believed,her friend said,she knew,,the hostess,introduced,her friend,to the regular customer.,0.0,3.139138,6.580016,6.580016,5.056487,10.612945000000002,9.047324,9.372385333333332,4.580163,5.4542435000000005,,,4.252977,9.0158265,14.725461,14.725461,2.395866,7.159333,2.736149,6.579642,6.772872333333333,7.855855899999999,2.395866,7.159333,0.0123,0.00114,0.00219,0.00219,0.0537,1.15e-06,0.002,0.000174,0.00182,0.000146,,,0.0537,2.24e-06,5.25e-05,5.25e-05,0.002,0.00021,0.0269,2.79e-05,0.002,0.00021
48,no,yes,4,-wh_gap,I know,that,the heiress believed,her friend said,she knew,the man noticed,the hostess,introduced,,to the regular customer.,0.0,3.139138,2.352433,2.352433,2.35511,10.603128333333332,5.574176,8.993746666666667,2.617829,4.652235,3.380313,8.311014,3.074018,9.6941505,14.974469,14.974469,,,4.418888,7.4258615,7.4258615,7.89166961904762,4.418888,7.4258615,0.0123,0.00114,0.0102,0.0102,0.0537,1.15e-06,0.002,0.000174,0.00182,0.000146,0.0537,4e-05,0.0537,2.24e-06,5.25e-05,5.25e-05,,,0.0269,2.79e-05,0.0269,2.79e-05
48,no,no,4,-wh_no_gap,I know,that,the heiress believed,her friend said,she knew,the man noticed,the hostess,introduced,her friend,to the regular customer.,0.0,3.139138,2.352433,2.352433,2.35511,10.603128333333332,5.574176,8.993746666666667,2.617829,4.652235,3.380313,8.311014,3.074018,9.6941505,14.974469,14.974469,1.808725,7.213663,2.849449,6.515247250000001,6.7480525,7.674344826086958,1.808725,7.213663,0.0123,0.00114,0.0102,0.0102,0.0537,1.15e-06,0.002,0.000174,0.00182,0.000146,0.0537,4e-05,0.0537,2.24e-06,5.25e-05,5.25e-05,0.002,0.00021,0.0269,2.79e-05,0.002,0.00021
48,yes,yes,4,+wh_gap,I know,who,the heiress believed,her friend said,she knew,the man noticed,the hostess,introduced,,to the regular customer.,0.0,3.139138,6.580016,6.580016,5.056487,10.612945000000002,9.047324,9.372385333333332,4.580163,5.4542435000000005,4.252977,8.212227666666665,3.455068,9.760185,15.024411,15.024411,,,3.679259,7.3052505,7.3052505,8.19643980952381,3.679259,7.3052505,0.0123,0.00114,0.00219,0.00219,0.0537,1.15e-06,0.002,0.000174,0.00182,0.000146,0.0537,4e-05,0.0537,2.24e-06,5.25e-05,5.25e-05,,,0.0269,2.79e-05,0.0269,2.79e-05
48,yes,no,4,+wh_no_gap,I know,who,the heiress believed,her friend said,she knew,the man noticed,the hostess,introduced,her friend,to the regular customer.,0.0,3.139138,6.580016,6.580016,5.056487,10.612945000000002,9.047324,9.372385333333332,4.580163,5.4542435000000005,4.252977,8.212227666666665,3.455068,9.760185,15.024411,15.024411,2.338521,7.2252,3.054468,6.672605750000001,6.856803833333334,8.001958999999998,2.338521,7.2252,0.0123,0.00114,0.00219,0.00219,0.0537,1.15e-06,0.002,0.000174,0.00182,0.000146,0.0537,4e-05,0.0537,2.24e-06,5.25e-05,5.25e-05,0.002,0.00021,0.0269,2.79e-05,0.002,0.00021
49,no,yes,0,-wh_gap,You know,that,,,,,the young woman,waited for,,at the movie theater.,0.0,3.112767,3.970907,3.970907,,,,,,,,,2.063794,5.305469,13.550494,7.610045,,,10.959223,7.596399250000001,7.596399250000001,5.976544583333333,10.959223,7.596399250000001,0.00955,0.00111,0.0102,0.0102,,,,,,,,,0.0537,0.000122,1.82e-05,1.82e-05,,,0.00501,1.93e-05,0.00501,1.93e-05
49,no,no,0,-wh_no_gap,You know,that,,,,,the young woman,waited for,her mother,at the movie theater.,0.0,3.112767,3.970907,3.970907,,,,,,,,,2.063794,5.305469,13.550494,7.610045,3.039019,4.242879,7.364026,5.9880112500000005,5.4063005,5.269338642857144,3.039019,4.242879,0.00955,0.00111,0.0102,0.0102,,,,,,,,,0.0537,0.000122,1.82e-05,1.82e-05,0.002,0.00016,0.00501,1.93e-05,0.002,0.00016
49,yes,yes,0,+wh_gap,You know,who,,,,,the young woman,waited for,,at the movie theater.,0.0,3.112767,7.834128,7.834128,,,,,,,,,4.899722,6.5543206666666665,14.124771,7.816962,,,7.023978,5.930510999999999,5.930510999999999,6.089882666666668,7.023978,5.930510999999999,0.00955,0.00111,0.00219,0.00219,,,,,,,,,0.0537,0.000122,1.82e-05,1.82e-05,,,0.00501,1.93e-05,0.00501,1.93e-05
49,yes,no,0,+wh_no_gap,You know,who,,,,,the young woman,waited for,her mother,at the movie theater.,0.0,3.112767,7.834128,7.834128,,,,,,,,,4.899722,6.5543206666666665,14.124771,7.816962,5.045459,4.7751695000000005,7.309522,6.52153075,5.939410333333334,6.070929285714286,5.045459,4.7751695000000005,0.00955,0.00111,0.00219,0.00219,,,,,,,,,0.0537,0.000122,1.82e-05,1.82e-05,0.002,0.00016,0.00501,1.93e-05,0.002,0.00016
49,no,yes,1,-wh_gap,You know,that,the man said,,,,the young woman,waited for,,at the movie theater.,0.0,3.112767,3.970907,3.970907,2.063794,6.389174,,,,,,,4.320282,5.903980999999999,13.480146,7.551398,,,11.611448,7.712629249999999,7.712629249999999,6.201947933333333,11.611448,7.712629249999999,0.00955,0.00111,0.0102,0.0102,0.0537,0.000398,,,,,,,0.0537,0.000122,1.82e-05,1.82e-05,,,0.00501,1.93e-05,0.00501,1.93e-05
49,no,no,1,-wh_no_gap,You know,that,the man said,,,,the young woman,waited for,her mother,at the movie theater.,0.0,3.112767,3.970907,3.970907,2.063794,6.389174,,,,,,,4.320282,5.903980999999999,13.480146,7.551398,2.825394,4.3857420000000005,7.482993,6.04147825,5.489566166666667,5.595064647058824,2.825394,4.3857420000000005,0.00955,0.00111,0.0102,0.0102,0.0537,0.000398,,,,,,,0.0537,0.000122,1.82e-05,1.82e-05,0.002,0.00016,0.00501,1.93e-05,0.002,0.00016
49,yes,yes,1,+wh_gap,You know,who,the man said,,,,the young woman,waited for,,at the movie theater.,0.0,3.112767,7.834128,7.834128,4.899722,6.614255,,,,,,,5.779932,6.411927666666667,14.148033,7.850004,,,7.250149,5.83864575,5.83864575,6.146186733333335,7.250149,5.83864575,0.00955,0.00111,0.00219,0.00219,0.0537,0.000398,,,,,,,0.0537,0.000122,1.82e-05,1.82e-05,,,0.00501,1.93e-05,0.00501,1.93e-05
49,yes,no,1,+wh_no_gap,You know,who,the man said,,,,the young woman,waited for,her mother,at the movie theater.,0.0,3.112767,7.834128,7.834128,4.899722,6.614255,,,,,,,5.779932,6.411927666666667,14.148033,7.850004,3.471745,4.0493675,7.097529,6.2720615,5.531163499999999,6.001482294117647,3.471745,4.0493675,0.00955,0.00111,0.00219,0.00219,0.0537,0.000398,,,,,,,0.0537,0.000122,1.82e-05,1.82e-05,0.002,0.00016,0.00501,1.93e-05,0.002,0.00016
49,no,yes,2,-wh_gap,You know,that,the man said,the attendant saw,,,the young woman,waited for,,at the movie theater.,0.0,3.112767,3.970907,3.970907,2.063794,6.389174,4.320282,9.623154333333334,,,,,2.213568,4.763819666666668,16.142225,8.93684,,,11.745421,7.767730500000001,7.767730500000001,6.748304833333333,11.745421,7.767730500000001,0.00955,0.00111,0.0102,0.0102,0.0537,0.000398,0.0537,3.91e-06,,,,,0.0537,0.000122,1.82e-05,1.82e-05,,,0.00501,1.93e-05,0.00501,1.93e-05
49,no,no,2,-wh_no_gap,You know,that,the man said,the attendant saw,,,the young woman,waited for,her mother,at the movie theater.,0.0,3.112767,3.970907,3.970907,2.063794,6.389174,4.320282,9.623154333333334,,,,,2.213568,4.763819666666668,16.142225,8.93684,3.148391,4.6737280000000005,7.571677,6.08354975,5.613609166666667,6.204011,3.148391,4.6737280000000005,0.00955,0.00111,0.0102,0.0102,0.0537,0.000398,0.0537,3.91e-06,,,,,0.0537,0.000122,1.82e-05,1.82e-05,0.002,0.00016,0.00501,1.93e-05,0.002,0.00016
49,yes,yes,2,+wh_gap,You know,who,the man said,the attendant saw,,,the young woman,waited for,,at the movie theater.,0.0,3.112767,7.834128,7.834128,4.899722,6.614255,5.779932,9.962940333333334,,,,,3.947586,5.521105333333334,15.722792,8.694855,,,7.418317,5.827035,5.827035,6.725134111111111,7.418317,5.827035,0.00955,0.00111,0.00219,0.00219,0.0537,0.000398,0.0537,3.91e-06,,,,,0.0537,0.000122,1.82e-05,1.82e-05,,,0.00501,1.93e-05,0.00501,1.93e-05
49,yes,no,2,+wh_no_gap,You know,who,the man said,the attendant saw,,,the young woman,waited for,her mother,at the movie theater.,0.0,3.112767,7.834128,7.834128,4.899722,6.614255,5.779932,9.962940333333334,,,,,3.947586,5.521105333333334,15.722792,8.694855,3.254669,4.270039,7.146969,5.95888925,5.395939166666666,6.50599545,3.254669,4.270039,0.00955,0.00111,0.00219,0.00219,0.0537,0.000398,0.0537,3.91e-06,,,,,0.0537,0.000122,1.82e-05,1.82e-05,0.002,0.00016,0.00501,1.93e-05,0.002,0.00016
49,no,yes,3,-wh_gap,You know,that,the man said,the attendant saw,her friend knew,,the young woman,waited for,,at the movie theater.,0.0,3.112767,3.970907,3.970907,2.063794,6.389174,4.320282,9.623154333333334,5.208726,10.590694999999998,,,3.663167,5.141458666666667,15.556384,8.5243425,,,11.079296,7.125908249999999,7.125908249999999,7.189628809523809,11.079296,7.125908249999999,0.00955,0.00111,0.0102,0.0102,0.0537,0.000398,0.0537,3.91e-06,0.002,9.03e-05,,,0.0537,0.000122,1.82e-05,1.82e-05,,,0.00501,1.93e-05,0.00501,1.93e-05
49,no,no,3,-wh_no_gap,You know,that,the man said,the attendant saw,her friend knew,,the young woman,waited for,her mother,at the movie theater.,0.0,3.112767,3.970907,3.970907,2.063794,6.389174,4.320282,9.623154333333334,5.208726,10.590694999999998,,,3.663167,5.141458666666667,15.556384,8.5243425,2.390516,4.1976925000000005,7.670279,6.06909,5.445290833333334,6.745665956521739,2.390516,4.1976925000000005,0.00955,0.00111,0.0102,0.0102,0.0537,0.000398,0.0537,3.91e-06,0.002,9.03e-05,,,0.0537,0.000122,1.82e-05,1.82e-05,0.002,0.00016,0.00501,1.93e-05,0.002,0.00016
49,yes,yes,3,+wh_gap,You know,who,the man said,the attendant saw,her friend knew,,the young woman,waited for,,at the movie theater.,0.0,3.112767,7.834128,7.834128,4.899722,6.614255,5.779932,9.962940333333334,7.326251,10.240994666666666,,,4.79768,5.880583000000001,14.757599,8.1312385,,,8.611876,5.97769875,5.97769875,7.253773952380952,8.611876,5.97769875,0.00955,0.00111,0.00219,0.00219,0.0537,0.000398,0.0537,3.91e-06,0.002,9.03e-05,,,0.0537,0.000122,1.82e-05,1.82e-05,,,0.00501,1.93e-05,0.00501,1.93e-05
49,yes,no,3,+wh_no_gap,You know,who,the man said,the attendant saw,her friend knew,,the young woman,waited for,her mother,at the movie theater.,0.0,3.112767,7.834128,7.834128,4.899722,6.614255,5.779932,9.962940333333334,7.326251,10.240994666666666,,,4.79768,5.880583000000001,14.757599,8.1312385,2.468312,3.9862175,7.29865,5.86818475,5.240862333333333,6.9505926956521735,2.468312,3.9862175,0.00955,0.00111,0.00219,0.00219,0.0537,0.000398,0.0537,3.91e-06,0.002,9.03e-05,,,0.0537,0.000122,1.82e-05,1.82e-05,0.002,0.00016,0.00501,1.93e-05,0.002,0.00016
49,no,yes,4,-wh_gap,You know,that,the man said,the attendant saw,her friend knew,his father saw,the young woman,waited for,,at the movie theater.,0.0,3.112767,3.970907,3.970907,2.063794,6.389174,4.320282,9.623154333333334,5.208726,10.590694999999998,6.378589,7.371067333333333,2.841903,4.669444333333334,16.119892,8.9021455,,,12.019135,7.5888215,7.5888215,7.261942625,12.019135,7.5888215,0.00955,0.00111,0.0102,0.0102,0.0537,0.000398,0.0537,3.91e-06,0.002,9.03e-05,0.00324,9.64e-05,0.0537,0.000122,1.82e-05,1.82e-05,,,0.00501,1.93e-05,0.00501,1.93e-05
49,no,no,4,-wh_no_gap,You know,that,the man said,the attendant saw,her friend knew,his father saw,the young woman,waited for,her mother,at the movie theater.,0.0,3.112767,3.970907,3.970907,2.063794,6.389174,4.320282,9.623154333333334,5.208726,10.590694999999998,6.378589,7.371067333333333,2.841903,4.669444333333334,16.119892,8.9021455,2.696454,4.321513,7.58111,6.00296775,5.442482833333333,6.79177823076923,2.696454,4.321513,0.00955,0.00111,0.0102,0.0102,0.0537,0.000398,0.0537,3.91e-06,0.002,9.03e-05,0.00324,9.64e-05,0.0537,0.000122,1.82e-05,1.82e-05,0.002,0.00016,0.00501,1.93e-05,0.002,0.00016
49,yes,yes,4,+wh_gap,You know,who,the man said,the attendant saw,her friend knew,his father saw,the young woman,waited for,,at the movie theater.,0.0,3.112767,7.834128,7.834128,4.899722,6.614255,5.779932,9.962940333333334,7.326251,10.240994666666666,7.638391,7.182254666666668,4.524452,5.260050333333333,17.14122,9.379989,,,9.314476,6.29252275,6.29252275,7.323800666666666,9.314476,6.29252275,0.00955,0.00111,0.00219,0.00219,0.0537,0.000398,0.0537,3.91e-06,0.002,9.03e-05,0.00324,9.64e-05,0.0537,0.000122,1.82e-05,1.82e-05,,,0.00501,1.93e-05,0.00501,1.93e-05
49,yes,no,4,+wh_no_gap,You know,who,the man said,the attendant saw,her friend knew,his father saw,the young woman,waited for,her mother,at the movie theater.,0.0,3.112767,7.834128,7.834128,4.899722,6.614255,5.779932,9.962940333333334,7.326251,10.240994666666666,7.638391,7.182254666666668,4.524452,5.260050333333333,17.14122,9.379989,2.465161,3.771132,7.355675,5.875600500000001,5.174111000000001,6.986376576923076,2.465161,3.771132,0.00955,0.00111,0.00219,0.00219,0.0537,0.000398,0.0537,3.91e-06,0.002,9.03e-05,0.00324,9.64e-05,0.0537,0.000122,1.82e-05,1.82e-05,0.002,0.00016,0.00501,1.93e-05,0.002,0.00016
5,no,yes,0,-wh_gap,The neighbors found out,that,,,,,the young woman,bought,,for her parents.,0.0,8.491631250000001,1.608931,1.608931,,,,,,,,,1.905013,5.1628713333333325,12.46304,12.46304,,,7.766394,5.899415666666666,5.899415666666666,6.76877975,7.766394,5.899415666666666,0.0537,1.66e-05,0.0102,0.0102,,,,,,,,,0.0537,0.000122,8.13e-05,8.13e-05,,,0.0102,0.000148,0.0102,0.000148
5,no,no,0,-wh_no_gap,The neighbors found out,that,,,,,the young woman,bought,a gift,for her parents.,0.0,8.491631250000001,1.608931,1.608931,,,,,,,,,1.905013,5.1628713333333325,12.46304,12.46304,2.343345,6.2813865,3.197521,4.82612,5.4082266,6.469160214285715,2.343345,6.2813865,0.0537,1.66e-05,0.0102,0.0102,,,,,,,,,0.0537,0.000122,8.13e-05,8.13e-05,0.0229,6.01e-05,0.0102,0.000148,0.0229,6.01e-05
5,yes,yes,0,+wh_gap,The neighbors found out,what,,,,,the young woman,bought,,for her parents.,0.0,8.491631250000001,6.165991,6.165991,,,,,,,,,3.070027,5.638887,12.475137,12.475137,,,4.603144,5.348490666666667,5.348490666666667,7.1308155,4.603144,5.348490666666667,0.0537,1.66e-05,0.0024,0.0024,,,,,,,,,0.0537,0.000122,8.13e-05,8.13e-05,,,0.0102,0.000148,0.0102,0.000148
5,yes,no,0,+wh_no_gap,The neighbors found out,what,,,,,the young woman,bought,a gift,for her parents.,0.0,8.491631250000001,6.165991,6.165991,,,,,,,,,3.070027,5.638887,12.475137,12.475137,6.414769,7.681589,3.087604,4.715998,5.9022344,7.073963285714286,6.414769,7.681589,0.0537,1.66e-05,0.0024,0.0024,,,,,,,,,0.0537,0.000122,8.13e-05,8.13e-05,0.0229,6.01e-05,0.0102,0.000148,0.0229,6.01e-05
5,no,yes,1,-wh_gap,The neighbors found out,that,her mother heard,,,,the young woman,bought,,for her parents.,0.0,8.491631250000001,1.608931,1.608931,7.417572,7.324732,,,,,,,3.073617,5.027170333333333,13.953624,13.953624,,,7.019299,5.959187666666668,5.959187666666668,6.964156666666667,7.019299,5.959187666666668,0.0537,1.66e-05,0.0102,0.0102,0.002,8.6e-05,,,,,,,0.0537,0.000122,8.13e-05,8.13e-05,,,0.0102,0.000148,0.0102,0.000148
5,no,no,1,-wh_no_gap,The neighbors found out,that,her mother heard,,,,the young woman,bought,a gift,for her parents.,0.0,8.491631250000001,1.608931,1.608931,7.417572,7.324732,,,,,,,3.073617,5.027170333333333,13.953624,13.953624,3.236473,6.0837255,4.01836,4.894081,5.369938800000001,6.672616529411765,3.236473,6.0837255,0.0537,1.66e-05,0.0102,0.0102,0.002,8.6e-05,,,,,,,0.0537,0.000122,8.13e-05,8.13e-05,0.0229,6.01e-05,0.0102,0.000148,0.0229,6.01e-05
5,yes,yes,1,+wh_gap,The neighbors found out,what,her mother heard,,,,the young woman,bought,,for her parents.,0.0,8.491631250000001,6.165991,6.165991,9.301065,7.471463666666668,,,,,,,5.897572,6.114558,12.782459,12.782459,,,5.468099,5.502853333333333,5.502853333333333,7.345439999999999,5.468099,5.502853333333333,0.0537,1.66e-05,0.0024,0.0024,0.002,8.6e-05,,,,,,,0.0537,0.000122,8.13e-05,8.13e-05,,,0.0102,0.000148,0.0102,0.000148
5,yes,no,1,+wh_no_gap,The neighbors found out,what,her mother heard,,,,the young woman,bought,a gift,for her parents.,0.0,8.491631250000001,6.165991,6.165991,9.301065,7.471463666666668,,,,,,,5.897572,6.114558,12.782459,12.782459,8.115597,8.449382,4.108177,4.651282666666667,6.1705224,7.325038352941177,8.115597,8.449382,0.0537,1.66e-05,0.0024,0.0024,0.002,8.6e-05,,,,,,,0.0537,0.000122,8.13e-05,8.13e-05,0.0229,6.01e-05,0.0102,0.000148,0.0229,6.01e-05
5,no,yes,2,-wh_gap,The neighbors found out,that,her mother heard,the newspaper reported,,,the young woman,bought,,for her parents.,0.0,8.491631250000001,1.608931,1.608931,7.417572,7.324732,3.073617,7.406152333333334,,,,,4.929319,6.118017333333333,13.048109,13.048109,,,6.684333,6.305510666666667,6.305510666666667,7.227044555555556,6.684333,6.305510666666667,0.0537,1.66e-05,0.0102,0.0102,0.002,8.6e-05,0.0537,2.85e-05,,,,,0.0537,0.000122,8.13e-05,8.13e-05,,,0.0102,0.000148,0.0102,0.000148
5,no,no,2,-wh_no_gap,The neighbors found out,that,her mother heard,the newspaper reported,,,the young woman,bought,a gift,for her parents.,0.0,8.491631250000001,1.608931,1.608931,7.417572,7.324732,3.073617,7.406152333333334,,,,,4.929319,6.118017333333333,13.048109,13.048109,2.989495,6.3221155,3.906209,4.967902666666667,5.5095878,6.93591045,2.989495,6.3221155,0.0537,1.66e-05,0.0102,0.0102,0.002,8.6e-05,0.0537,2.85e-05,,,,,0.0537,0.000122,8.13e-05,8.13e-05,0.0229,6.01e-05,0.0102,0.000148,0.0229,6.01e-05
5,yes,yes,2,+wh_gap,The neighbors found out,what,her mother heard,the newspaper reported,,,the young woman,bought,,for her parents.,0.0,8.491631250000001,6.165991,6.165991,9.301065,7.471463666666668,5.897572,8.494009333333333,,,,,8.366485,7.531318666666666,11.171389,11.171389,,,5.433701,5.329542333333333,5.329542333333333,7.6546059444444445,5.433701,5.329542333333333,0.0537,1.66e-05,0.0024,0.0024,0.002,8.6e-05,0.0537,2.85e-05,,,,,0.0537,0.000122,8.13e-05,8.13e-05,,,0.0102,0.000148,0.0102,0.000148
5,yes,no,2,+wh_no_gap,The neighbors found out,what,her mother heard,the newspaper reported,,,the young woman,bought,a gift,for her parents.,0.0,8.491631250000001,6.165991,6.165991,9.301065,7.471463666666668,5.897572,8.494009333333333,,,,,8.366485,7.531318666666666,11.171389,11.171389,4.45113,6.7914595,3.704722,4.717661333333333,5.5471806,7.47650915,4.45113,6.7914595,0.0537,1.66e-05,0.0024,0.0024,0.002,8.6e-05,0.0537,2.85e-05,,,,,0.0537,0.000122,8.13e-05,8.13e-05,0.0229,6.01e-05,0.0102,0.000148,0.0229,6.01e-05
5,no,yes,3,-wh_gap,The neighbors found out,that,her mother heard,the newspaper reported,the mayor said,,the young woman,bought,,for her parents.,0.0,8.491631250000001,1.608931,1.608931,7.417572,7.324732,3.073617,7.406152333333334,4.929319,8.775132666666666,,,4.965578,5.710377333333334,12.154949,12.154949,,,7.559401,5.9831173333333325,5.9831173333333325,7.301378095238096,7.559401,5.9831173333333325,0.0537,1.66e-05,0.0102,0.0102,0.002,8.6e-05,0.0537,2.85e-05,0.0537,4e-05,,,0.0537,0.000122,8.13e-05,8.13e-05,,,0.0102,0.000148,0.0102,0.000148
5,no,no,3,-wh_no_gap,The neighbors found out,that,her mother heard,the newspaper reported,the mayor said,,the young woman,bought,a gift,for her parents.,0.0,8.491631250000001,1.608931,1.608931,7.417572,7.324732,3.073617,7.406152333333334,4.929319,8.775132666666666,,,4.965578,5.710377333333334,12.154949,12.154949,2.331457,6.4984605,3.480662,4.804514666666667,5.482093,7.077828391304348,2.331457,6.4984605,0.0537,1.66e-05,0.0102,0.0102,0.002,8.6e-05,0.0537,2.85e-05,0.0537,4e-05,,,0.0537,0.000122,8.13e-05,8.13e-05,0.0229,6.01e-05,0.0102,0.000148,0.0229,6.01e-05
5,yes,yes,3,+wh_gap,The neighbors found out,what,her mother heard,the newspaper reported,the mayor said,,the young woman,bought,,for her parents.,0.0,8.491631250000001,6.165991,6.165991,9.301065,7.471463666666668,5.897572,8.494009333333333,8.366485,9.946772666666666,,,6.169489,6.025980333333333,11.785386,11.785386,,,7.763028,6.047198333333334,6.047198333333334,7.898770238095236,7.763028,6.047198333333334,0.0537,1.66e-05,0.0024,0.0024,0.002,8.6e-05,0.0537,2.85e-05,0.0537,4e-05,,,0.0537,0.000122,8.13e-05,8.13e-05,,,0.0102,0.000148,0.0102,0.000148
5,yes,no,3,+wh_no_gap,The neighbors found out,what,her mother heard,the newspaper reported,the mayor said,,the young woman,bought,a gift,for her parents.,0.0,8.491631250000001,6.165991,6.165991,9.301065,7.471463666666668,5.897572,8.494009333333333,8.366485,9.946772666666666,,,6.169489,6.025980333333333,11.785386,11.785386,2.379078,6.5461945,3.480491,4.831235333333333,5.517219,7.62255108695652,2.379078,6.5461945,0.0537,1.66e-05,0.0024,0.0024,0.002,8.6e-05,0.0537,2.85e-05,0.0537,4e-05,,,0.0537,0.000122,8.13e-05,8.13e-05,0.0229,6.01e-05,0.0102,0.000148,0.0229,6.01e-05
5,no,yes,4,-wh_gap,The neighbors found out,that,her mother heard,the newspaper reported,the mayor said,his assistant saw,the young woman,bought,,for her parents.,0.0,8.491631250000001,1.608931,1.608931,7.417572,7.324732,3.073617,7.406152333333334,4.929319,8.775132666666666,8.444255,10.055161,2.947558,5.010701666666667,14.665736,14.665736,,,6.317441,6.451737666666666,6.451737666666666,7.721335166666667,6.317441,6.451737666666666,0.0537,1.66e-05,0.0102,0.0102,0.002,8.6e-05,0.0537,2.85e-05,0.0537,4e-05,0.00324,4.18e-05,0.0537,0.000122,8.13e-05,8.13e-05,,,0.0102,0.000148,0.0102,0.000148
5,no,no,4,-wh_no_gap,The neighbors found out,that,her mother heard,the newspaper reported,the mayor said,his assistant saw,the young woman,bought,a gift,for her parents.,0.0,8.491631250000001,1.608931,1.608931,7.417572,7.324732,3.073617,7.406152333333334,4.929319,8.775132666666666,8.444255,10.055161,2.947558,5.010701666666667,14.665736,14.665736,2.605928,6.1579765,3.798956,5.145680333333333,5.5505988,7.450377884615386,2.605928,6.1579765,0.0537,1.66e-05,0.0102,0.0102,0.002,8.6e-05,0.0537,2.85e-05,0.0537,4e-05,0.00324,4.18e-05,0.0537,0.000122,8.13e-05,8.13e-05,0.0229,6.01e-05,0.0102,0.000148,0.0229,6.01e-05
5,yes,yes,4,+wh_gap,The neighbors found out,what,her mother heard,the newspaper reported,the mayor said,his assistant saw,the young woman,bought,,for her parents.,0.0,8.491631250000001,6.165991,6.165991,9.301065,7.471463666666668,5.897572,8.494009333333333,8.366485,9.946772666666666,10.256227,10.739951333333332,3.00922,5.044432,14.703151,14.703151,,,6.501393,6.493004666666667,6.493004666666667,8.308523666666666,6.501393,6.493004666666667,0.0537,1.66e-05,0.0024,0.0024,0.002,8.6e-05,0.0537,2.85e-05,0.0537,4e-05,0.00324,4.18e-05,0.0537,0.000122,8.13e-05,8.13e-05,,,0.0102,0.000148,0.0102,0.000148
5,yes,no,4,+wh_no_gap,The neighbors found out,what,her mother heard,the newspaper reported,the mayor said,his assistant saw,the young woman,bought,a gift,for her parents.,0.0,8.491631250000001,6.165991,6.165991,9.301065,7.471463666666668,5.897572,8.494009333333333,8.366485,9.946772666666666,10.256227,10.739951333333332,3.00922,5.044432,14.703151,14.703151,2.604947,6.155120500000001,3.801944,5.208409333333333,5.5870938,7.994654730769231,2.604947,6.155120500000001,0.0537,1.66e-05,0.0024,0.0024,0.002,8.6e-05,0.0537,2.85e-05,0.0537,4e-05,0.00324,4.18e-05,0.0537,0.000122,8.13e-05,8.13e-05,0.0229,6.01e-05,0.0102,0.000148,0.0229,6.01e-05
50,no,yes,0,-wh_gap,He knows,that,,,,,the police,interrogated,,in the basement.,0.0,5.76156,2.297416,2.297416,,,,,,,,,2.267236,5.3986415,15.367977,15.367977,,,10.634045,5.972066666666667,5.972066666666667,6.433555111111111,10.634045,5.972066666666667,0.0049,0.000115,0.0102,0.0102,,,,,,,,,0.0537,0.000213,1.51e-06,1.51e-06,,,0.0186,1.51e-05,0.0186,1.51e-05
50,no,no,0,-wh_no_gap,He knows,that,,,,,the police,interrogated,the suspect,in the basement.,0.0,5.76156,2.297416,2.297416,,,,,,,,,2.267236,5.3986415,15.367977,15.367977,3.771311,5.025477,4.049634,4.338253333333333,4.6131428,5.731955454545455,3.771311,5.025477,0.0049,0.000115,0.0102,0.0102,,,,,,,,,0.0537,0.000213,1.51e-06,1.51e-06,0.0537,3.23e-05,0.0186,1.51e-05,0.0537,3.23e-05
50,yes,yes,0,+wh_gap,He knows,who,,,,,the police,interrogated,,in the basement.,0.0,5.76156,6.622077,6.622077,,,,,,,,,4.020604,6.0749745,15.314926,15.314926,,,5.704032,4.652793666666667,4.652793666666667,6.618717,5.704032,4.652793666666667,0.0049,0.000115,0.00219,0.00219,,,,,,,,,0.0537,0.000213,1.51e-06,1.51e-06,,,0.0186,1.51e-05,0.0186,1.51e-05
50,yes,no,0,+wh_no_gap,He knows,who,,,,,the police,interrogated,the suspect,in the basement.,0.0,5.76156,6.622077,6.622077,,,,,,,,,4.020604,6.0749745,15.314926,15.314926,5.109066,6.581239500000001,4.428469,4.591363666666667,5.387314000000001,6.595149272727273,5.109066,6.581239500000001,0.0049,0.000115,0.00219,0.00219,,,,,,,,,0.0537,0.000213,1.51e-06,1.51e-06,0.0537,3.23e-05,0.0186,1.51e-05,0.0537,3.23e-05
50,no,yes,1,-wh_gap,He knows,that,the inspector believed,,,,the police,interrogated,,in the basement.,0.0,5.76156,2.297416,2.297416,2.267236,9.680087333333333,,,,,,,2.910822,5.052365,13.903552,13.903552,,,10.347771,5.750531,5.750531,7.010056083333333,10.347771,5.750531,0.0049,0.000115,0.0102,0.0102,0.0537,1.35e-05,,,,,,,0.0537,0.000213,1.51e-06,1.51e-06,,,0.0186,1.51e-05,0.0186,1.51e-05
50,no,no,1,-wh_no_gap,He knows,that,the inspector believed,,,,the police,interrogated,the suspect,in the basement.,0.0,5.76156,2.297416,2.297416,2.267236,9.680087333333333,,,,,,,2.910822,5.052365,13.903552,13.903552,3.453726,4.646402,4.170853,4.373663666666666,4.482759,6.377348214285716,3.453726,4.646402,0.0049,0.000115,0.0102,0.0102,0.0537,1.35e-05,,,,,,,0.0537,0.000213,1.51e-06,1.51e-06,0.0537,3.23e-05,0.0186,1.51e-05,0.0537,3.23e-05
50,yes,yes,1,+wh_gap,He knows,who,the inspector believed,,,,the police,interrogated,,in the basement.,0.0,5.76156,6.622077,6.622077,4.020604,9.534626666666668,,,,,,,4.063472,5.8198135,13.524036,13.524036,,,7.236262,4.880946333333333,4.880946333333333,7.212964916666666,7.236262,4.880946333333333,0.0049,0.000115,0.00219,0.00219,0.0537,1.35e-05,,,,,,,0.0537,0.000213,1.51e-06,1.51e-06,,,0.0186,1.51e-05,0.0186,1.51e-05
50,yes,no,1,+wh_no_gap,He knows,who,the inspector believed,,,,the police,interrogated,the suspect,in the basement.,0.0,5.76156,6.622077,6.622077,4.020604,9.534626666666668,,,,,,,4.063472,5.8198135,13.524036,13.524036,4.316353,5.1953700000000005,4.430937,4.601617333333333,4.839118399999999,6.864880857142858,4.316353,5.1953700000000005,0.0049,0.000115,0.00219,0.00219,0.0537,1.35e-05,,,,,,,0.0537,0.000213,1.51e-06,1.51e-06,0.0537,3.23e-05,0.0186,1.51e-05,0.0537,3.23e-05
50,no,yes,2,-wh_gap,He knows,that,the inspector believed,the man reported,,,the police,interrogated,,in the basement.,0.0,5.76156,2.297416,2.297416,2.267236,9.680087333333333,2.910822,8.425397333333335,,,,,3.951287,6.516326,12.674258,12.674258,,,5.701427,4.059486,4.059486,7.0681572,5.701427,4.059486,0.0049,0.000115,0.0102,0.0102,0.0537,1.35e-05,0.0537,8.67e-05,,,,,0.0537,0.000213,1.51e-06,1.51e-06,,,0.0186,1.51e-05,0.0186,1.51e-05
50,no,no,2,-wh_no_gap,He knows,that,the inspector believed,the man reported,,,the police,interrogated,the suspect,in the basement.,0.0,5.76156,2.297416,2.297416,2.267236,9.680087333333333,2.910822,8.425397333333335,,,,,3.951287,6.516326,12.674258,12.674258,4.044876,5.3867555,3.971242,4.279023666666666,4.7221164,6.909087176470587,4.044876,5.3867555,0.0049,0.000115,0.0102,0.0102,0.0537,1.35e-05,0.0537,8.67e-05,,,,,0.0537,0.000213,1.51e-06,1.51e-06,0.0537,3.23e-05,0.0186,1.51e-05,0.0537,3.23e-05
50,yes,yes,2,+wh_gap,He knows,who,the inspector believed,the man reported,,,the police,interrogated,,in the basement.,0.0,5.76156,6.622077,6.622077,4.020604,9.534626666666668,4.063472,8.257791333333332,,,,,4.985235,6.8037435,12.020588,12.020588,,,4.753378,3.705766666666667,3.705766666666667,7.217855066666668,4.753378,3.705766666666667,0.0049,0.000115,0.00219,0.00219,0.0537,1.35e-05,0.0537,8.67e-05,,,,,0.0537,0.000213,1.51e-06,1.51e-06,,,0.0186,1.51e-05,0.0186,1.51e-05
50,yes,no,2,+wh_no_gap,He knows,who,the inspector believed,the man reported,,,the police,interrogated,the suspect,in the basement.,0.0,5.76156,6.622077,6.622077,4.020604,9.534626666666668,4.063472,8.257791333333332,,,,,4.985235,6.8037435,12.020588,12.020588,4.71544,6.192744,4.058625,4.207045,5.0013246,7.185714647058823,4.71544,6.192744,0.0049,0.000115,0.00219,0.00219,0.0537,1.35e-05,0.0537,8.67e-05,,,,,0.0537,0.000213,1.51e-06,1.51e-06,0.0537,3.23e-05,0.0186,1.51e-05,0.0537,3.23e-05
50,no,yes,3,-wh_gap,He knows,that,the inspector believed,the man reported,he knew,,the police,interrogated,,in the basement.,0.0,5.76156,2.297416,2.297416,2.267236,9.680087333333333,2.910822,8.425397333333335,5.295085,6.0134785,,,2.930772,4.732209,14.072446,14.072446,,,11.757968,6.401075666666667,6.401075666666667,7.229649294117647,11.757968,6.401075666666667,0.0049,0.000115,0.0102,0.0102,0.0537,1.35e-05,0.0537,8.67e-05,0.0049,0.000154,,,0.0537,0.000213,1.51e-06,1.51e-06,,,0.0186,1.51e-05,0.0186,1.51e-05
50,no,no,3,-wh_no_gap,He knows,that,the inspector believed,the man reported,he knew,,the police,interrogated,the suspect,in the basement.,0.0,5.76156,2.297416,2.297416,2.267236,9.680087333333333,2.910822,8.425397333333335,5.295085,6.0134785,,,2.930772,4.732209,14.072446,14.072446,3.946044,4.925291,4.711089,4.6811940000000005,4.7788328,6.715525,3.946044,4.925291,0.0049,0.000115,0.0102,0.0102,0.0537,1.35e-05,0.0537,8.67e-05,0.0049,0.000154,,,0.0537,0.000213,1.51e-06,1.51e-06,0.0537,3.23e-05,0.0186,1.51e-05,0.0537,3.23e-05
50,yes,yes,3,+wh_gap,He knows,who,the inspector believed,the man reported,he knew,,the police,interrogated,,in the basement.,0.0,5.76156,6.622077,6.622077,4.020604,9.534626666666668,4.063472,8.257791333333332,5.929849,6.067959,,,3.130877,4.9585,14.155642,14.155642,,,11.059645,6.236951666666666,6.236951666666666,7.437756823529412,11.059645,6.236951666666666,0.0049,0.000115,0.00219,0.00219,0.0537,1.35e-05,0.0537,8.67e-05,0.0049,0.000154,,,0.0537,0.000213,1.51e-06,1.51e-06,,,0.0186,1.51e-05,0.0186,1.51e-05
50,yes,no,3,+wh_no_gap,He knows,who,the inspector believed,the man reported,he knew,,the police,interrogated,the suspect,in the basement.,0.0,5.76156,6.622077,6.622077,4.020604,9.534626666666668,4.063472,8.257791333333332,5.929849,6.067959,,,3.130877,4.9585,14.155642,14.155642,3.929493,5.0082005,4.710816,4.707790666666667,4.8279546,6.940567578947368,3.929493,5.0082005,0.0049,0.000115,0.00219,0.00219,0.0537,1.35e-05,0.0537,8.67e-05,0.0049,0.000154,,,0.0537,0.000213,1.51e-06,1.51e-06,0.0537,3.23e-05,0.0186,1.51e-05,0.0537,3.23e-05
50,no,yes,4,-wh_gap,He knows,that,the inspector believed,the man reported,he knew,he noticed,the police,interrogated,,in the basement.,0.0,5.76156,2.297416,2.297416,2.267236,9.680087333333333,2.910822,8.425397333333335,5.295085,6.0134785,3.111703,8.893609,1.973048,4.9823215,13.627529,13.627529,,,7.953879,4.833418333333333,4.833418333333333,7.160189052631577,7.953879,4.833418333333333,0.0049,0.000115,0.0102,0.0102,0.0537,1.35e-05,0.0537,8.67e-05,0.0049,0.000154,0.0049,4.23e-05,0.0537,0.000213,1.51e-06,1.51e-06,,,0.0186,1.51e-05,0.0186,1.51e-05
50,no,no,4,-wh_no_gap,He knows,that,the inspector believed,the man reported,he knew,he noticed,the police,interrogated,the suspect,in the basement.,0.0,5.76156,2.297416,2.297416,2.267236,9.680087333333333,2.910822,8.425397333333335,5.295085,6.0134785,3.111703,8.893609,1.973048,4.9823215,13.627529,13.627529,4.412235,5.4661455,4.206502,4.280639666666667,4.754841999999999,6.919883190476192,4.412235,5.4661455,0.0049,0.000115,0.0102,0.0102,0.0537,1.35e-05,0.0537,8.67e-05,0.0049,0.000154,0.0049,4.23e-05,0.0537,0.000213,1.51e-06,1.51e-06,0.0537,3.23e-05,0.0186,1.51e-05,0.0537,3.23e-05
50,yes,yes,4,+wh_gap,He knows,who,the inspector believed,the man reported,he knew,he noticed,the police,interrogated,,in the basement.,0.0,5.76156,6.622077,6.622077,4.020604,9.534626666666668,4.063472,8.257791333333332,5.929849,6.067959,3.685515,8.8631455,2.023489,4.976808,13.622322,13.622322,,,7.609075,4.7070333333333325,4.7070333333333325,7.320089368421052,7.609075,4.7070333333333325,0.0049,0.000115,0.00219,0.00219,0.0537,1.35e-05,0.0537,8.67e-05,0.0049,0.000154,0.0049,4.23e-05,0.0537,0.000213,1.51e-06,1.51e-06,,,0.0186,1.51e-05,0.0186,1.51e-05
50,yes,no,4,+wh_no_gap,He knows,who,the inspector believed,the man reported,he knew,he noticed,the police,interrogated,the suspect,in the basement.,0.0,5.76156,6.622077,6.622077,4.020604,9.534626666666668,4.063472,8.257791333333332,5.929849,6.067959,3.685515,8.8631455,2.023489,4.976808,13.622322,13.622322,4.378204,5.5778555,4.201062,4.289962666666667,4.8051198,7.094580809523809,4.378204,5.5778555,0.0049,0.000115,0.00219,0.00219,0.0537,1.35e-05,0.0537,8.67e-05,0.0049,0.000154,0.0049,4.23e-05,0.0537,0.000213,1.51e-06,1.51e-06,0.0537,3.23e-05,0.0186,1.51e-05,0.0537,3.23e-05
51,no,yes,0,-wh_gap,She knows,that,,,,,the soldier,thanked,,in the mess hall.,0.0,5.8043205,2.279035,2.279035,,,,,,,,,2.521865,7.998438,18.171024,18.171024,,,10.23777,7.297287,7.297287,7.724472399999999,10.23777,7.297287,0.00182,0.00011,0.0102,0.0102,,,,,,,,,0.0537,2.88e-05,4.37e-06,4.37e-06,,,0.0186,2.47e-05,0.0186,2.47e-05
51,no,no,0,-wh_no_gap,She knows,that,,,,,the soldier,thanked,the cook,in the mess hall.,0.0,5.8043205,2.279035,2.279035,,,,,,,,,2.521865,7.998438,18.171024,18.171024,2.563069,7.2744685,5.7419,4.74911475,5.590899333333333,6.800081,2.563069,7.2744685,0.00182,0.00011,0.0102,0.0102,,,,,,,,,0.0537,2.88e-05,4.37e-06,4.37e-06,0.0537,4.46e-05,0.0186,2.47e-05,0.0537,4.46e-05
51,yes,yes,0,+wh_gap,She knows,who,,,,,the soldier,thanked,,in the mess hall.,0.0,5.8043205,6.4446,6.4446,,,,,,,,,4.386521,8.467423499999999,18.822063,18.822063,,,6.797878,5.672188499999999,5.672188499999999,7.649890500000001,6.797878,5.672188499999999,0.00182,0.00011,0.00219,0.00219,,,,,,,,,0.0537,2.88e-05,4.37e-06,4.37e-06,,,0.0186,2.47e-05,0.0186,2.47e-05
51,yes,no,0,+wh_no_gap,She knows,who,,,,,the soldier,thanked,the cook,in the mess hall.,0.0,5.8043205,6.4446,6.4446,,,,,,,,,4.386521,8.467423499999999,18.822063,18.822063,3.593876,7.1490615,5.44055,4.56025925,5.423193333333334,7.195775916666666,3.593876,7.1490615,0.00182,0.00011,0.00219,0.00219,,,,,,,,,0.0537,2.88e-05,4.37e-06,4.37e-06,0.0537,4.46e-05,0.0186,2.47e-05,0.0537,4.46e-05
51,no,yes,1,-wh_gap,She knows,that,the captain said,,,,the soldier,thanked,,in the mess hall.,0.0,5.8043205,2.279035,2.279035,2.521865,8.350457666666665,,,,,,,3.196324,7.1515735000000005,15.753349,15.753349,,,11.221271,7.571261999999999,7.571261999999999,7.636968692307693,11.221271,7.571261999999999,0.00182,0.00011,0.0102,0.0102,0.0537,7.21e-05,,,,,,,0.0537,2.88e-05,4.37e-06,4.37e-06,,,0.0186,2.47e-05,0.0186,2.47e-05
51,no,no,1,-wh_no_gap,She knows,that,the captain said,,,,the soldier,thanked,the cook,in the mess hall.,0.0,5.8043205,2.279035,2.279035,2.521865,8.350457666666665,,,,,,,3.196324,7.1515735000000005,15.753349,15.753349,2.3308,6.7946815,5.682226,4.5521335,5.2996495,6.719562799999999,2.3308,6.7946815,0.00182,0.00011,0.0102,0.0102,0.0537,7.21e-05,,,,,,,0.0537,2.88e-05,4.37e-06,4.37e-06,0.0537,4.46e-05,0.0186,2.47e-05,0.0537,4.46e-05
51,yes,yes,1,+wh_gap,She knows,who,the captain said,,,,the soldier,thanked,,in the mess hall.,0.0,5.8043205,6.4446,6.4446,4.386521,8.779192666666667,,,,,,,5.432386,8.410565,15.675097,15.675097,,,10.645218,7.0919170000000005,7.0919170000000005,8.09651646153846,10.645218,7.0919170000000005,0.00182,0.00011,0.00219,0.00219,0.0537,7.21e-05,,,,,,,0.0537,2.88e-05,4.37e-06,4.37e-06,,,0.0186,2.47e-05,0.0186,2.47e-05
51,yes,no,1,+wh_no_gap,She knows,who,the captain said,,,,the soldier,thanked,the cook,in the mess hall.,0.0,5.8043205,6.4446,6.4446,4.386521,8.779192666666667,,,,,,,5.432386,8.410565,15.675097,15.675097,2.404149,6.8307835,5.478266,4.37182675,5.191479,7.202394666666667,2.404149,6.8307835,0.00182,0.00011,0.00219,0.00219,0.0537,7.21e-05,,,,,,,0.0537,2.88e-05,4.37e-06,4.37e-06,0.0537,4.46e-05,0.0186,2.47e-05,0.0537,4.46e-05
51,no,yes,2,-wh_gap,She knows,that,the captain said,the pilot thought,,,the soldier,thanked,,in the mess hall.,0.0,5.8043205,2.279035,2.279035,2.521865,8.350457666666665,3.196324,7.136068666666667,,,,,3.232933,7.248099,16.911917,16.911917,,,10.138639,6.95964425,6.95964425,7.4746216875,10.138639,6.95964425,0.00182,0.00011,0.0102,0.0102,0.0537,7.21e-05,0.0537,3.05e-05,,,,,0.0537,2.88e-05,4.37e-06,4.37e-06,,,0.0186,2.47e-05,0.0186,2.47e-05
51,no,no,2,-wh_no_gap,She knows,that,the captain said,the pilot thought,,,the soldier,thanked,the cook,in the mess hall.,0.0,5.8043205,2.279035,2.279035,2.521865,8.350457666666665,3.196324,7.136068666666667,,,,,3.232933,7.248099,16.911917,16.911917,2.417019,6.8976165,5.508584,4.43622375,5.256688,6.84974988888889,2.417019,6.8976165,0.00182,0.00011,0.0102,0.0102,0.0537,7.21e-05,0.0537,3.05e-05,,,,,0.0537,2.88e-05,4.37e-06,4.37e-06,0.0537,4.46e-05,0.0186,2.47e-05,0.0537,4.46e-05
51,yes,yes,2,+wh_gap,She knows,who,the captain said,the pilot thought,,,the soldier,thanked,,in the mess hall.,0.0,5.8043205,6.4446,6.4446,4.386521,8.779192666666667,5.432386,8.309527666666666,,,,,4.620652,7.9016705,16.323137,16.323137,,,10.815274,7.1285187500000005,7.1285187500000005,8.122497187499999,10.815274,7.1285187500000005,0.00182,0.00011,0.00219,0.00219,0.0537,7.21e-05,0.0537,3.05e-05,,,,,0.0537,2.88e-05,4.37e-06,4.37e-06,,,0.0186,2.47e-05,0.0186,2.47e-05
51,yes,no,2,+wh_no_gap,She knows,who,the captain said,the pilot thought,,,the soldier,thanked,the cook,in the mess hall.,0.0,5.8043205,6.4446,6.4446,4.386521,8.779192666666667,5.432386,8.309527666666666,,,,,4.620652,7.9016705,16.323137,16.323137,2.351496,6.8685235,5.454199,4.3151395,5.1662675,7.357971388888888,2.351496,6.8685235,0.00182,0.00011,0.00219,0.00219,0.0537,7.21e-05,0.0537,3.05e-05,,,,,0.0537,2.88e-05,4.37e-06,4.37e-06,0.0537,4.46e-05,0.0186,2.47e-05,0.0537,4.46e-05
51,no,yes,3,-wh_gap,She knows,that,the captain said,the pilot thought,he knew,,the soldier,thanked,,in the mess hall.,0.0,5.8043205,2.279035,2.279035,2.521865,8.350457666666665,3.196324,7.136068666666667,3.849498,5.4114835,,,2.619789,7.943504499999999,18.66234,18.66234,,,11.054629,7.4030375,7.4030375,7.518428944444444,11.054629,7.4030375,0.00182,0.00011,0.0102,0.0102,0.0537,7.21e-05,0.0537,3.05e-05,0.0049,0.000154,,,0.0537,2.88e-05,4.37e-06,4.37e-06,,,0.0186,2.47e-05,0.0186,2.47e-05
51,no,no,3,-wh_no_gap,She knows,that,the captain said,the pilot thought,he knew,,the soldier,thanked,the cook,in the mess hall.,0.0,5.8043205,2.279035,2.279035,2.521865,8.350457666666665,3.196324,7.136068666666667,3.849498,5.4114835,,,2.619789,7.943504499999999,18.66234,18.66234,2.470435,6.7310275,5.834862,4.330675,5.1307925,6.825216299999999,2.470435,6.7310275,0.00182,0.00011,0.0102,0.0102,0.0537,7.21e-05,0.0537,3.05e-05,0.0049,0.000154,,,0.0537,2.88e-05,4.37e-06,4.37e-06,0.0537,4.46e-05,0.0186,2.47e-05,0.0537,4.46e-05
51,yes,yes,3,+wh_gap,She knows,who,the captain said,the pilot thought,he knew,,the soldier,thanked,,in the mess hall.,0.0,5.8043205,6.4446,6.4446,4.386521,8.779192666666667,5.432386,8.309527666666666,5.289143,5.941625,,,2.549088,7.8946285,18.537842,18.537842,,,10.447622,7.099327,7.099327,7.995947722222222,10.447622,7.099327,0.00182,0.00011,0.00219,0.00219,0.0537,7.21e-05,0.0537,3.05e-05,0.0049,0.000154,,,0.0537,2.88e-05,4.37e-06,4.37e-06,,,0.0186,2.47e-05,0.0186,2.47e-05
51,yes,no,3,+wh_no_gap,She knows,who,the captain said,the pilot thought,he knew,,the soldier,thanked,the cook,in the mess hall.,0.0,5.8043205,6.4446,6.4446,4.386521,8.779192666666667,5.432386,8.309527666666666,5.289143,5.941625,,,2.549088,7.8946285,18.537842,18.537842,2.439026,6.661895,5.768634,4.25337175,5.056212833333334,7.293351400000001,2.439026,6.661895,0.00182,0.00011,0.00219,0.00219,0.0537,7.21e-05,0.0537,3.05e-05,0.0049,0.000154,,,0.0537,2.88e-05,4.37e-06,4.37e-06,0.0537,4.46e-05,0.0186,2.47e-05,0.0537,4.46e-05
51,no,yes,4,-wh_gap,She knows,that,the captain said,the pilot thought,he knew,the man saw,the soldier,thanked,,in the mess hall.,0.0,5.8043205,2.279035,2.279035,2.521865,8.350457666666665,3.196324,7.136068666666667,3.849498,5.4114835,2.619789,6.233998666666667,2.155886,6.640849500000001,18.109369,18.109369,,,7.471504,5.944858249999999,5.944858249999999,6.906796142857143,7.471504,5.944858249999999,0.00182,0.00011,0.0102,0.0102,0.0537,7.21e-05,0.0537,3.05e-05,0.0049,0.000154,0.0537,0.000164,0.0537,2.88e-05,4.37e-06,4.37e-06,,,0.0186,2.47e-05,0.0186,2.47e-05
51,no,no,4,-wh_no_gap,She knows,that,the captain said,the pilot thought,he knew,the man saw,the soldier,thanked,the cook,in the mess hall.,0.0,5.8043205,2.279035,2.279035,2.521865,8.350457666666665,3.196324,7.136068666666667,3.849498,5.4114835,2.619789,6.233998666666667,2.155886,6.640849500000001,18.109369,18.109369,2.656698,6.925326,5.442132,4.17605425,5.092478166666667,6.600789347826085,2.656698,6.925326,0.00182,0.00011,0.0102,0.0102,0.0537,7.21e-05,0.0537,3.05e-05,0.0049,0.000154,0.0537,0.000164,0.0537,2.88e-05,4.37e-06,4.37e-06,0.0537,4.46e-05,0.0186,2.47e-05,0.0537,4.46e-05
51,yes,yes,4,+wh_gap,She knows,who,the captain said,the pilot thought,he knew,the man saw,the soldier,thanked,,in the mess hall.,0.0,5.8043205,6.4446,6.4446,4.386521,8.779192666666667,5.432386,8.309527666666666,5.289143,5.941625,2.549088,6.132299666666666,2.149536,6.532757,18.16275,18.16275,,,7.239106,5.848468499999999,5.848468499999999,7.343889952380953,7.239106,5.848468499999999,0.00182,0.00011,0.00219,0.00219,0.0537,7.21e-05,0.0537,3.05e-05,0.0049,0.000154,0.0537,0.000164,0.0537,2.88e-05,4.37e-06,4.37e-06,,,0.0186,2.47e-05,0.0186,2.47e-05
51,yes,no,4,+wh_no_gap,She knows,who,the captain said,the pilot thought,he knew,the man saw,the soldier,thanked,the cook,in the mess hall.,0.0,5.8043205,6.4446,6.4446,4.386521,8.779192666666667,5.432386,8.309527666666666,5.289143,5.941625,2.549088,6.132299666666666,2.149536,6.532757,18.16275,18.16275,2.681152,6.931246,5.312,4.0746075,5.026820333333333,6.999510304347827,2.681152,6.931246,0.00182,0.00011,0.00219,0.00219,0.0537,7.21e-05,0.0537,3.05e-05,0.0049,0.000154,0.0537,0.000164,0.0537,2.88e-05,4.37e-06,4.37e-06,0.0537,4.46e-05,0.0186,2.47e-05,0.0537,4.46e-05
52,no,yes,0,-wh_gap,They know,that,,,,,the lawyer,reassured,,last night.,0.0,4.743053,2.169621,2.169621,,,,,,,,,1.87231,8.352759,18.010143,18.010143,,,19.430866,13.938778,13.938778,9.281118,19.430866,13.938778,0.00316,0.0009,0.0102,0.0102,,,,,,,,,0.0537,4.67e-05,1.29e-06,1.29e-06,,,0.000724,0.000261,0.000724,0.000261
52,no,no,0,-wh_no_gap,They know,that,,,,,the lawyer,reassured,his client,last night.,0.0,4.743053,2.169621,2.169621,,,,,,,,,1.87231,8.352759,18.010143,18.010143,4.100686,4.735149,19.143692,12.633894000000002,8.6845215,8.110947399999999,4.100686,4.735149,0.00316,0.0009,0.0102,0.0102,,,,,,,,,0.0537,4.67e-05,1.29e-06,1.29e-06,0.00324,3.43e-05,0.000724,0.000261,0.00324,3.43e-05
52,yes,yes,0,+wh_gap,They know,who,,,,,the lawyer,reassured,,last night.,0.0,4.743053,7.200986,7.200986,,,,,,,,,4.435805,8.657363499999999,18.358511,18.358511,,,16.929399,12.1945675,12.1945675,9.593683125,16.929399,12.1945675,0.00316,0.0009,0.00219,0.00219,,,,,,,,,0.0537,4.67e-05,1.29e-06,1.29e-06,,,0.000724,0.000261,0.000724,0.000261
52,yes,no,0,+wh_no_gap,They know,who,,,,,the lawyer,reassured,his client,last night.,0.0,4.743053,7.200986,7.200986,,,,,,,,,4.435805,8.657363499999999,18.358511,18.358511,4.875077,5.919624499999999,16.688019,11.7434985,8.8315615,8.768657600000001,4.875077,5.919624499999999,0.00316,0.0009,0.00219,0.00219,,,,,,,,,0.0537,4.67e-05,1.29e-06,1.29e-06,0.00324,3.43e-05,0.000724,0.000261,0.00324,3.43e-05
52,no,yes,1,-wh_gap,They know,that,the man said,,,,the lawyer,reassured,,last night.,0.0,4.743053,2.169621,2.169621,1.87231,6.8587946666666655,,,,,,,4.453599,9.0340135,16.204134,16.204134,,,20.247128,14.117321,14.117321,8.612628545454546,20.247128,14.117321,0.00316,0.0009,0.0102,0.0102,0.0537,0.000398,,,,,,,0.0537,4.67e-05,1.29e-06,1.29e-06,,,0.000724,0.000261,0.000724,0.000261
52,no,no,1,-wh_no_gap,They know,that,the man said,,,,the lawyer,reassured,his client,last night.,0.0,4.743053,2.169621,2.169621,1.87231,6.8587946666666655,,,,,,,4.453599,9.0340135,16.204134,16.204134,4.556666,5.381636,17.96703,11.845422,8.613529,7.766029846153845,4.556666,5.381636,0.00316,0.0009,0.0102,0.0102,0.0537,0.000398,,,,,,,0.0537,4.67e-05,1.29e-06,1.29e-06,0.00324,3.43e-05,0.000724,0.000261,0.00324,3.43e-05
52,yes,yes,1,+wh_gap,They know,who,the man said,,,,the lawyer,reassured,,last night.,0.0,4.743053,7.200986,7.200986,4.435805,7.061673666666667,,,,,,,5.664548,9.3917325,16.733147,16.733147,,,18.596874,12.8967825,12.8967825,9.016571818181818,18.596874,12.8967825,0.00316,0.0009,0.00219,0.00219,0.0537,0.000398,,,,,,,0.0537,4.67e-05,1.29e-06,1.29e-06,,,0.000724,0.000261,0.000724,0.000261
52,yes,no,1,+wh_no_gap,They know,who,the man said,,,,the lawyer,reassured,his client,last night.,0.0,4.743053,7.200986,7.200986,4.435805,7.061673666666667,,,,,,,5.664548,9.3917325,16.733147,16.733147,4.896126,6.0177285000000005,17.515863,12.215907,9.11681775,8.450461230769228,4.896126,6.0177285000000005,0.00316,0.0009,0.00219,0.00219,0.0537,0.000398,,,,,,,0.0537,4.67e-05,1.29e-06,1.29e-06,0.00324,3.43e-05,0.000724,0.000261,0.00324,3.43e-05
52,no,yes,2,-wh_gap,They know,that,the man said,the neighbors thought,,,the lawyer,reassured,,last night.,0.0,4.743053,2.169621,2.169621,1.87231,6.8587946666666655,4.453599,9.549992333333334,,,,,3.326699,8.480451500000001,16.57375,16.57375,,,21.1999,14.8133625,14.8133625,8.860247571428571,21.1999,14.8133625,0.00316,0.0009,0.0102,0.0102,0.0537,0.000398,0.0537,1.66e-05,,,,,0.0537,4.67e-05,1.29e-06,1.29e-06,,,0.000724,0.000261,0.000724,0.000261
52,no,no,2,-wh_no_gap,They know,that,the man said,the neighbors thought,,,the lawyer,reassured,his client,last night.,0.0,4.743053,2.169621,2.169621,1.87231,6.8587946666666655,4.453599,9.549992333333334,,,,,3.326699,8.480451500000001,16.57375,16.57375,5.0062,5.9457495,17.828671,11.7138985,8.829824,8.1085023125,5.0062,5.9457495,0.00316,0.0009,0.0102,0.0102,0.0537,0.000398,0.0537,1.66e-05,,,,,0.0537,4.67e-05,1.29e-06,1.29e-06,0.00324,3.43e-05,0.000724,0.000261,0.00324,3.43e-05
52,yes,yes,2,+wh_gap,They know,who,the man said,the neighbors thought,,,the lawyer,reassured,,last night.,0.0,4.743053,7.200986,7.200986,4.435805,7.061673666666667,5.664548,9.784229333333334,,,,,5.780319,9.879252,17.189068,17.189068,,,18.614798,12.5684445,12.5684445,9.236375857142855,18.614798,12.5684445,0.00316,0.0009,0.00219,0.00219,0.0537,0.000398,0.0537,1.66e-05,,,,,0.0537,4.67e-05,1.29e-06,1.29e-06,,,0.000724,0.000261,0.000724,0.000261
52,yes,no,2,+wh_no_gap,They know,who,the man said,the neighbors thought,,,the lawyer,reassured,his client,last night.,0.0,4.743053,7.200986,7.200986,4.435805,7.061673666666667,5.664548,9.784229333333334,,,,,5.780319,9.879252,17.189068,17.189068,5.552411,6.505568500000001,16.933783,11.712883,9.10922575,8.78807975,5.552411,6.505568500000001,0.00316,0.0009,0.00219,0.00219,0.0537,0.000398,0.0537,1.66e-05,,,,,0.0537,4.67e-05,1.29e-06,1.29e-06,0.00324,3.43e-05,0.000724,0.000261,0.00324,3.43e-05
52,no,yes,3,-wh_gap,They know,that,the man said,the neighbors thought,they knew,,the lawyer,reassured,,last night.,0.0,4.743053,2.169621,2.169621,1.87231,6.8587946666666655,4.453599,9.549992333333334,3.037787,4.919791,,,3.06879,8.4497635,18.224369,18.224369,,,21.878115,15.526271,15.526271,8.556131749999999,21.878115,15.526271,0.00316,0.0009,0.0102,0.0102,0.0537,0.000398,0.0537,1.66e-05,0.00316,0.000151,,,0.0537,4.67e-05,1.29e-06,1.29e-06,,,0.000724,0.000261,0.000724,0.000261
52,no,no,3,-wh_no_gap,They know,that,the man said,the neighbors thought,they knew,,the lawyer,reassured,his client,last night.,0.0,4.743053,2.169621,2.169621,1.87231,6.8587946666666655,4.453599,9.549992333333334,3.037787,4.919791,,,3.06879,8.4497635,18.224369,18.224369,5.076403,6.0031025,18.554134,12.1559695,9.079536,7.897983888888888,5.076403,6.0031025,0.00316,0.0009,0.0102,0.0102,0.0537,0.000398,0.0537,1.66e-05,0.00316,0.000151,,,0.0537,4.67e-05,1.29e-06,1.29e-06,0.00324,3.43e-05,0.000724,0.000261,0.00324,3.43e-05
52,yes,yes,3,+wh_gap,They know,who,the man said,the neighbors thought,they knew,,the lawyer,reassured,,last night.,0.0,4.743053,7.200986,7.200986,4.435805,7.061673666666667,5.664548,9.784229333333334,4.806448,5.327363999999999,,,4.512748,9.1931495,18.210749,18.210749,,,21.454363,15.034301500000002,15.034301500000002,9.03407375,21.454363,15.034301500000002,0.00316,0.0009,0.00219,0.00219,0.0537,0.000398,0.0537,1.66e-05,0.00316,0.000151,,,0.0537,4.67e-05,1.29e-06,1.29e-06,,,0.000724,0.000261,0.000724,0.000261
52,yes,no,3,+wh_no_gap,They know,who,the man said,the neighbors thought,they knew,,the lawyer,reassured,his client,last night.,0.0,4.743053,7.200986,7.200986,4.435805,7.061673666666667,5.664548,9.784229333333334,4.806448,5.327363999999999,,,4.512748,9.1931495,18.210749,18.210749,5.465963,6.154780000000001,17.520145,11.981038,9.067909,8.374900722222224,5.465963,6.154780000000001,0.00316,0.0009,0.00219,0.00219,0.0537,0.000398,0.0537,1.66e-05,0.00316,0.000151,,,0.0537,4.67e-05,1.29e-06,1.29e-06,0.00324,3.43e-05,0.000724,0.000261,0.00324,3.43e-05
52,no,yes,4,-wh_gap,They know,that,the man said,the neighbors thought,they knew,the woman noticed,the lawyer,reassured,,last night.,0.0,4.743053,2.169621,2.169621,1.87231,6.8587946666666655,4.453599,9.549992333333334,3.037787,4.919791,3.06879,8.367966666666666,2.403336,9.100999,17.74608,17.74608,,,22.09561,15.752714,15.752714,8.593635578947367,22.09561,15.752714,0.00316,0.0009,0.0102,0.0102,0.0537,0.000398,0.0537,1.66e-05,0.00316,0.000151,0.0537,3.58e-05,0.0537,4.67e-05,1.29e-06,1.29e-06,,,0.000724,0.000261,0.000724,0.000261
52,no,no,4,-wh_no_gap,They know,that,the man said,the neighbors thought,they knew,the woman noticed,the lawyer,reassured,his client,last night.,0.0,4.743053,2.169621,2.169621,1.87231,6.8587946666666655,4.453599,9.549992333333334,3.037787,4.919791,3.06879,8.367966666666666,2.403336,9.100999,17.74608,17.74608,5.478051,6.456151,19.303885,12.781056,9.6186035,8.10705057142857,5.478051,6.456151,0.00316,0.0009,0.0102,0.0102,0.0537,0.000398,0.0537,1.66e-05,0.00316,0.000151,0.0537,3.58e-05,0.0537,4.67e-05,1.29e-06,1.29e-06,0.00324,3.43e-05,0.000724,0.000261,0.00324,3.43e-05
52,yes,yes,4,+wh_gap,They know,who,the man said,the neighbors thought,they knew,the woman noticed,the lawyer,reassured,,last night.,0.0,4.743053,7.200986,7.200986,4.435805,7.061673666666667,5.664548,9.784229333333334,4.806448,5.327363999999999,4.512748,8.688366333333335,3.63785,9.837019,18.403418,18.403418,,,21.138891,14.8703905,14.8703905,9.040150789473683,21.138891,14.8703905,0.00316,0.0009,0.00219,0.00219,0.0537,0.000398,0.0537,1.66e-05,0.00316,0.000151,0.0537,3.58e-05,0.0537,4.67e-05,1.29e-06,1.29e-06,,,0.000724,0.000261,0.000724,0.000261
52,yes,no,4,+wh_no_gap,They know,who,the man said,the neighbors thought,they knew,the woman noticed,the lawyer,reassured,his client,last night.,0.0,4.743053,7.200986,7.200986,4.435805,7.061673666666667,5.664548,9.784229333333334,4.806448,5.327363999999999,4.512748,8.688366333333335,3.63785,9.837019,18.403418,18.403418,5.626124,6.433650500000001,18.754274,12.6834245,9.5585375,8.583630190476189,5.626124,6.433650500000001,0.00316,0.0009,0.00219,0.00219,0.0537,0.000398,0.0537,1.66e-05,0.00316,0.000151,0.0537,3.58e-05,0.0537,4.67e-05,1.29e-06,1.29e-06,0.00324,3.43e-05,0.000724,0.000261,0.00324,3.43e-05
53,no,yes,0,-wh_gap,He reported,that,,,,,the pirate,abandoned,,on the sinking ship.,0.0,5.4177695,1.868976,1.868976,,,,,,,,,2.223669,8.6562945,12.127116,12.127116,,,11.135145,7.3666095,7.3666095,7.1610658,11.135145,7.3666095,0.0049,9.8e-05,0.0102,0.0102,,,,,,,,,0.0537,9.12e-06,2.51e-05,2.51e-05,,,0.00813,6.26e-06,0.00813,6.26e-06
53,no,no,0,-wh_no_gap,He reported,that,,,,,the pirate,abandoned,his comrades,on the sinking ship.,0.0,5.4177695,1.868976,1.868976,,,,,,,,,2.223669,8.6562945,12.127116,12.127116,3.560255,8.3449795,5.672074,5.653044250000001,6.550356000000001,6.787196333333333,3.560255,8.3449795,0.0049,9.8e-05,0.0102,0.0102,,,,,,,,,0.0537,9.12e-06,2.51e-05,2.51e-05,0.00324,4.26e-06,0.00813,6.26e-06,0.00324,4.26e-06
53,yes,yes,0,+wh_gap,He reported,who,,,,,the pirate,abandoned,,on the sinking ship.,0.0,5.4177695,12.096594,12.096594,,,,,,,,,7.066419,10.192132,10.971252,10.971252,,,6.968329,6.345262999999999,6.345262999999999,7.966870100000001,6.968329,6.345262999999999,0.0049,9.8e-05,0.00219,0.00219,,,,,,,,,0.0537,9.12e-06,2.51e-05,2.51e-05,,,0.00813,6.26e-06,0.00813,6.26e-06
53,yes,no,0,+wh_no_gap,He reported,who,,,,,the pirate,abandoned,his comrades,on the sinking ship.,0.0,5.4177695,12.096594,12.096594,,,,,,,,,7.066419,10.192132,10.971252,10.971252,4.300412,8.4562545,5.613711,5.71379175,6.627946000000001,7.83794375,4.300412,8.4562545,0.0049,9.8e-05,0.00219,0.00219,,,,,,,,,0.0537,9.12e-06,2.51e-05,2.51e-05,0.00324,4.26e-06,0.00813,6.26e-06,0.00324,4.26e-06
53,no,yes,1,-wh_gap,He reported,that,the sailor believed,,,,the pirate,abandoned,,on the sinking ship.,0.0,5.4177695,1.868976,1.868976,2.223669,8.987905666666668,,,,,,,3.357855,7.5360405,10.597886,10.597886,,,9.276077,6.4654542500000005,6.4654542500000005,7.015385846153847,9.276077,6.4654542500000005,0.0049,9.8e-05,0.0102,0.0102,0.0537,5.44e-06,,,,,,,0.0537,9.12e-06,2.51e-05,2.51e-05,,,0.00813,6.26e-06,0.00813,6.26e-06
53,no,no,1,-wh_no_gap,He reported,that,the sailor believed,,,,the pirate,abandoned,his comrades,on the sinking ship.,0.0,5.4177695,1.868976,1.868976,2.223669,8.987905666666668,,,,,,,3.357855,7.5360405,10.597886,10.597886,4.503006,9.129946,5.889959,5.4869065,6.701253000000001,7.036381133333333,4.503006,9.129946,0.0049,9.8e-05,0.0102,0.0102,0.0537,5.44e-06,,,,,,,0.0537,9.12e-06,2.51e-05,2.51e-05,0.00324,4.26e-06,0.00813,6.26e-06,0.00324,4.26e-06
53,yes,yes,1,+wh_gap,He reported,who,the sailor believed,,,,the pirate,abandoned,,on the sinking ship.,0.0,5.4177695,12.096594,12.096594,7.066419,9.819953666666668,,,,,,,5.40043,8.105152,10.919599,10.919599,,,7.320925,5.715111,5.715111,7.875564692307693,7.320925,5.715111,0.0049,9.8e-05,0.00219,0.00219,0.0537,5.44e-06,,,,,,,0.0537,9.12e-06,2.51e-05,2.51e-05,,,0.00813,6.26e-06,0.00813,6.26e-06
53,yes,no,1,+wh_no_gap,He reported,who,the sailor believed,,,,the pirate,abandoned,his comrades,on the sinking ship.,0.0,5.4177695,12.096594,12.096594,7.066419,9.819953666666668,,,,,,,5.40043,8.105152,10.919599,10.919599,4.382661,8.6247185,5.920453,5.368108749999999,6.453645333333334,7.882917933333333,4.382661,8.6247185,0.0049,9.8e-05,0.00219,0.00219,0.0537,5.44e-06,,,,,,,0.0537,9.12e-06,2.51e-05,2.51e-05,0.00324,4.26e-06,0.00813,6.26e-06,0.00324,4.26e-06
53,no,yes,2,-wh_gap,He reported,that,the sailor believed,the man believed,,,the pirate,abandoned,,on the sinking ship.,0.0,5.4177695,1.868976,1.868976,2.223669,8.987905666666668,3.357855,7.088816333333334,,,,,3.312987,7.511217999999999,10.960413,10.960413,,,9.212882,6.53580525,6.53580525,7.0662969375,9.212882,6.53580525,0.0049,9.8e-05,0.0102,0.0102,0.0537,5.44e-06,0.0537,5.18e-05,,,,,0.0537,9.12e-06,2.51e-05,2.51e-05,,,0.00813,6.26e-06,0.00813,6.26e-06
53,no,no,2,-wh_no_gap,He reported,that,the sailor believed,the man believed,,,the pirate,abandoned,his comrades,on the sinking ship.,0.0,5.4177695,1.868976,1.868976,2.223669,8.987905666666668,3.357855,7.088816333333334,,,,,3.312987,7.511217999999999,10.960413,10.960413,4.347998,8.691631,6.056599,5.63793575,6.655834166666668,7.047363055555555,4.347998,8.691631,0.0049,9.8e-05,0.0102,0.0102,0.0537,5.44e-06,0.0537,5.18e-05,,,,,0.0537,9.12e-06,2.51e-05,2.51e-05,0.00324,4.26e-06,0.00813,6.26e-06,0.00324,4.26e-06
53,yes,yes,2,+wh_gap,He reported,who,the sailor believed,the man believed,,,the pirate,abandoned,,on the sinking ship.,0.0,5.4177695,12.096594,12.096594,7.066419,9.819953666666668,5.40043,7.276374666666666,,,,,4.539925,7.9504895,10.884501,10.884501,,,9.620441,6.353805499999999,6.353805499999999,7.901363750000001,9.620441,6.353805499999999,0.0049,9.8e-05,0.00219,0.00219,0.0537,5.44e-06,0.0537,5.18e-05,,,,,0.0537,9.12e-06,2.51e-05,2.51e-05,,,0.00813,6.26e-06,0.00813,6.26e-06
53,yes,no,2,+wh_no_gap,He reported,who,the sailor believed,the man believed,,,the pirate,abandoned,his comrades,on the sinking ship.,0.0,5.4177695,12.096594,12.096594,7.066419,9.819953666666668,5.40043,7.276374666666666,,,,,4.539925,7.9504895,10.884501,10.884501,3.916696,8.222759499999999,6.123871,5.46016325,6.3810286666666665,7.738487222222223,3.916696,8.222759499999999,0.0049,9.8e-05,0.00219,0.00219,0.0537,5.44e-06,0.0537,5.18e-05,,,,,0.0537,9.12e-06,2.51e-05,2.51e-05,0.00324,4.26e-06,0.00813,6.26e-06,0.00324,4.26e-06
53,no,yes,3,-wh_gap,He reported,that,the sailor believed,the man believed,he knew,,the pirate,abandoned,,on the sinking ship.,0.0,5.4177695,1.868976,1.868976,2.223669,8.987905666666668,3.357855,7.088816333333334,3.97528,6.2469435,,,2.464609,7.5196375,12.592655,12.592655,,,9.791125,6.725504,6.725504,7.109028555555556,9.791125,6.725504,0.0049,9.8e-05,0.0102,0.0102,0.0537,5.44e-06,0.0537,5.18e-05,0.0049,0.000154,,,0.0537,9.12e-06,2.51e-05,2.51e-05,,,0.00813,6.26e-06,0.00813,6.26e-06
53,no,no,3,-wh_no_gap,He reported,that,the sailor believed,the man believed,he knew,,the pirate,abandoned,his comrades,on the sinking ship.,0.0,5.4177695,1.868976,1.868976,2.223669,8.987905666666668,3.357855,7.088816333333334,3.97528,6.2469435,,,2.464609,7.5196375,12.592655,12.592655,3.586634,7.642219,6.406039,5.8351925,6.437534666666667,6.984285300000001,3.586634,7.642219,0.0049,9.8e-05,0.0102,0.0102,0.0537,5.44e-06,0.0537,5.18e-05,0.0049,0.000154,,,0.0537,9.12e-06,2.51e-05,2.51e-05,0.00324,4.26e-06,0.00813,6.26e-06,0.00324,4.26e-06
53,yes,yes,3,+wh_gap,He reported,who,the sailor believed,the man believed,he knew,,the pirate,abandoned,,on the sinking ship.,0.0,5.4177695,12.096594,12.096594,7.066419,9.819953666666668,5.40043,7.276374666666666,4.828297,6.2969645,,,2.337365,7.4091155,12.506417,12.506417,,,9.377978,6.310953,6.310953,7.7435281666666675,9.377978,6.310953,0.0049,9.8e-05,0.00219,0.00219,0.0537,5.44e-06,0.0537,5.18e-05,0.0049,0.000154,,,0.0537,9.12e-06,2.51e-05,2.51e-05,,,0.00813,6.26e-06,0.00813,6.26e-06
53,yes,no,3,+wh_no_gap,He reported,who,the sailor believed,the man believed,he knew,,the pirate,abandoned,his comrades,on the sinking ship.,0.0,5.4177695,12.096594,12.096594,7.066419,9.819953666666668,5.40043,7.276374666666666,4.828297,6.2969645,,,2.337365,7.4091155,12.506417,12.506417,3.82595,7.4938985,6.409732,5.598848,6.230531499999999,7.5761442,3.82595,7.4938985,0.0049,9.8e-05,0.00219,0.00219,0.0537,5.44e-06,0.0537,5.18e-05,0.0049,0.000154,,,0.0537,9.12e-06,2.51e-05,2.51e-05,0.00324,4.26e-06,0.00813,6.26e-06,0.00324,4.26e-06
53,no,yes,4,-wh_gap,He reported,that,the sailor believed,the man believed,he knew,the man saw,the pirate,abandoned,,on the sinking ship.,0.0,5.4177695,1.868976,1.868976,2.223669,8.987905666666668,3.357855,7.088816333333334,3.97528,6.2469435,2.464609,6.445225666666666,2.041682,7.2179875,11.491954,11.491954,,,7.945143,6.10381925,6.10381925,6.814640523809523,7.945143,6.10381925,0.0049,9.8e-05,0.0102,0.0102,0.0537,5.44e-06,0.0537,5.18e-05,0.0049,0.000154,0.0537,0.000164,0.0537,9.12e-06,2.51e-05,2.51e-05,,,0.00813,6.26e-06,0.00813,6.26e-06
53,no,no,4,-wh_no_gap,He reported,that,the sailor believed,the man believed,he knew,the man saw,the pirate,abandoned,his comrades,on the sinking ship.,0.0,5.4177695,1.868976,1.868976,2.223669,8.987905666666668,3.357855,7.088816333333334,3.97528,6.2469435,2.464609,6.445225666666666,2.041682,7.2179875,11.491954,11.491954,4.064319,7.202846000000001,5.987105,5.6041240000000005,6.137031333333334,6.761494,4.064319,7.202846000000001,0.0049,9.8e-05,0.0102,0.0102,0.0537,5.44e-06,0.0537,5.18e-05,0.0049,0.000154,0.0537,0.000164,0.0537,9.12e-06,2.51e-05,2.51e-05,0.00324,4.26e-06,0.00813,6.26e-06,0.00324,4.26e-06
53,yes,yes,4,+wh_gap,He reported,who,the sailor believed,the man believed,he knew,the man saw,the pirate,abandoned,,on the sinking ship.,0.0,5.4177695,12.096594,12.096594,7.066419,9.819953666666668,5.40043,7.276374666666666,4.828297,6.2969645,2.337365,6.247256333333333,2.115205,7.247847,11.479564,11.479564,,,7.312486,5.7225335,5.7225335,7.353438476190475,7.312486,5.7225335,0.0049,9.8e-05,0.00219,0.00219,0.0537,5.44e-06,0.0537,5.18e-05,0.0049,0.000154,0.0537,0.000164,0.0537,9.12e-06,2.51e-05,2.51e-05,,,0.00813,6.26e-06,0.00813,6.26e-06
53,yes,no,4,+wh_no_gap,He reported,who,the sailor believed,the man believed,he knew,the man saw,the pirate,abandoned,his comrades,on the sinking ship.,0.0,5.4177695,12.096594,12.096594,7.066419,9.819953666666668,5.40043,7.276374666666666,4.828297,6.2969645,2.337365,6.247256333333333,2.115205,7.247847,11.479564,11.479564,4.220678,7.1322220000000005,5.781294,5.42639925,5.995006833333334,7.282700652173913,4.220678,7.1322220000000005,0.0049,9.8e-05,0.00219,0.00219,0.0537,5.44e-06,0.0537,5.18e-05,0.0049,0.000154,0.0537,0.000164,0.0537,9.12e-06,2.51e-05,2.51e-05,0.00324,4.26e-06,0.00813,6.26e-06,0.00324,4.26e-06
54,no,yes,0,-wh_gap,They reported,that,,,,,the boss,promoted,,last quarter.,0.0,5.2062265,1.780984,1.780984,,,,,,,,,1.89322,8.566491000000001,15.715818,15.715818,,,16.720779,12.982561,12.982561,8.875919875000001,16.720779,12.982561,0.00316,9.69e-05,0.0102,0.0102,,,,,,,,,0.0537,5.75e-05,1.41e-05,1.41e-05,,,0.000724,4.89e-05,0.000724,4.89e-05
54,no,no,0,-wh_no_gap,They reported,that,,,,,the boss,promoted,the accountant,last quarter.,0.0,5.2062265,1.780984,1.780984,,,,,,,,,1.89322,8.566491000000001,15.715818,15.715818,1.681342,10.0845905,16.420115,13.023884,11.554237250000002,9.1259186,1.681342,10.0845905,0.00316,9.69e-05,0.0102,0.0102,,,,,,,,,0.0537,5.75e-05,1.41e-05,1.41e-05,0.0537,5.75e-06,0.000724,4.89e-05,0.0537,5.75e-06
54,yes,yes,0,+wh_gap,They reported,who,,,,,the boss,promoted,,last quarter.,0.0,5.2062265,11.821813,11.821813,,,,,,,,,7.229744,11.068461,14.143551,14.143551,,,14.573931,12.778699,12.778699,10.509017125,14.573931,12.778699,0.00316,9.69e-05,0.00219,0.00219,,,,,,,,,0.0537,5.75e-05,1.41e-05,1.41e-05,,,0.000724,4.89e-05,0.000724,4.89e-05
54,yes,no,0,+wh_no_gap,They reported,who,,,,,the boss,promoted,the accountant,last quarter.,0.0,5.2062265,11.821813,11.821813,,,,,,,,,7.229744,11.068461,14.143551,14.143551,4.096464,10.9462385,15.393125,12.683919,11.81507875,10.5775054,4.096464,10.9462385,0.00316,9.69e-05,0.00219,0.00219,,,,,,,,,0.0537,5.75e-05,1.41e-05,1.41e-05,0.0537,5.75e-06,0.000724,4.89e-05,0.0537,5.75e-06
54,no,yes,1,-wh_gap,They reported,that,the man said,,,,the boss,promoted,,last quarter.,0.0,5.2062265,1.780984,1.780984,1.89322,6.592964666666667,,,,,,,4.605371,9.4124205,16.346895,16.346895,,,16.518856,13.3785935,13.3785935,8.536477636363637,16.518856,13.3785935,0.00316,9.69e-05,0.0102,0.0102,0.0537,0.000398,,,,,,,0.0537,5.75e-05,1.41e-05,1.41e-05,,,0.000724,4.89e-05,0.000724,4.89e-05
54,no,no,1,-wh_no_gap,They reported,that,the man said,,,,the boss,promoted,the accountant,last quarter.,0.0,5.2062265,1.780984,1.780984,1.89322,6.592964666666667,,,,,,,4.605371,9.4124205,16.346895,16.346895,2.037309,9.9995745,15.839463,12.81274,11.40615725,8.674515076923075,2.037309,9.9995745,0.00316,9.69e-05,0.0102,0.0102,0.0537,0.000398,,,,,,,0.0537,5.75e-05,1.41e-05,1.41e-05,0.0537,5.75e-06,0.000724,4.89e-05,0.0537,5.75e-06
54,yes,yes,1,+wh_gap,They reported,who,the man said,,,,the boss,promoted,,last quarter.,0.0,5.2062265,11.821813,11.821813,7.229744,7.604829333333334,,,,,,,6.105996,10.1307055,16.274649,16.274649,,,15.059855,12.746927,12.746927,9.734424363636364,15.059855,12.746927,0.00316,9.69e-05,0.00219,0.00219,0.0537,0.000398,,,,,,,0.0537,5.75e-05,1.41e-05,1.41e-05,,,0.000724,4.89e-05,0.000724,4.89e-05
54,yes,no,1,+wh_no_gap,They reported,who,the man said,,,,the boss,promoted,the accountant,last quarter.,0.0,5.2062265,11.821813,11.821813,7.229744,7.604829333333334,,,,,,,6.105996,10.1307055,16.274649,16.274649,2.788846,10.349112,15.120475,12.2068995,11.27800575,9.74591053846154,2.788846,10.349112,0.00316,9.69e-05,0.00219,0.00219,0.0537,0.000398,,,,,,,0.0537,5.75e-05,1.41e-05,1.41e-05,0.0537,5.75e-06,0.000724,4.89e-05,0.0537,5.75e-06
54,no,yes,2,-wh_gap,They reported,that,the man said,the old woman told him,,,the boss,promoted,,last quarter.,0.0,5.2062265,1.780984,1.780984,1.89322,6.592964666666667,4.605371,5.6659158000000005,,,,,5.062836,10.286262,19.453011,19.453011,,,17.12355,13.7435985,13.7435985,7.988415124999999,17.12355,13.7435985,0.00316,9.69e-05,0.0102,0.0102,0.0537,0.000398,0.0537,0.000101,,,,,0.0537,5.75e-05,1.41e-05,1.41e-05,,,0.000724,4.89e-05,0.000724,4.89e-05
54,no,no,2,-wh_no_gap,They reported,that,the man said,the old woman told him,,,the boss,promoted,the accountant,last quarter.,0.0,5.2062265,1.780984,1.780984,1.89322,6.592964666666667,4.605371,5.6659158000000005,,,,,5.062836,10.286262,19.453011,19.453011,2.541449,10.2106145,15.674294,13.0268775,11.618746,8.155690499999999,2.541449,10.2106145,0.00316,9.69e-05,0.0102,0.0102,0.0537,0.000398,0.0537,0.000101,,,,,0.0537,5.75e-05,1.41e-05,1.41e-05,0.0537,5.75e-06,0.000724,4.89e-05,0.0537,5.75e-06
54,yes,yes,2,+wh_gap,They reported,who,the man said,the old woman told him,,,the boss,promoted,,last quarter.,0.0,5.2062265,11.821813,11.821813,7.229744,7.604829333333334,6.105996,5.9048728,,,,,5.879863,10.549299,19.006134,19.006134,,,14.489264,12.9334355,12.9334355,8.784045062499999,14.489264,12.9334355,0.00316,9.69e-05,0.00219,0.00219,0.0537,0.000398,0.0537,0.000101,,,,,0.0537,5.75e-05,1.41e-05,1.41e-05,,,0.000724,4.89e-05,0.000724,4.89e-05
54,yes,no,2,+wh_no_gap,They reported,who,the man said,the old woman told him,,,the boss,promoted,the accountant,last quarter.,0.0,5.2062265,11.821813,11.821813,7.229744,7.604829333333334,6.105996,5.9048728,,,,,5.879863,10.549299,19.006134,19.006134,4.242445,11.0935985,14.739766,12.516697,11.80514775,8.994357833333334,4.242445,11.0935985,0.00316,9.69e-05,0.00219,0.00219,0.0537,0.000398,0.0537,0.000101,,,,,0.0537,5.75e-05,1.41e-05,1.41e-05,0.0537,5.75e-06,0.000724,4.89e-05,0.0537,5.75e-06
54,no,yes,3,-wh_gap,They reported,that,the man said,the old woman told him,she knew,,the boss,promoted,,last quarter.,0.0,5.2062265,1.780984,1.780984,1.89322,6.592964666666667,4.605371,5.6659158000000005,4.404286,5.622662,,,3.435165,9.3389895,19.630585,19.630585,,,17.093554,13.7375905,13.7375905,7.629498833333334,17.093554,13.7375905,0.00316,9.69e-05,0.0102,0.0102,0.0537,0.000398,0.0537,0.000101,0.00182,0.000146,,,0.0537,5.75e-05,1.41e-05,1.41e-05,,,0.000724,4.89e-05,0.000724,4.89e-05
54,no,no,3,-wh_no_gap,They reported,that,the man said,the old woman told him,she knew,,the boss,promoted,the accountant,last quarter.,0.0,5.2062265,1.780984,1.780984,1.89322,6.592964666666667,4.605371,5.6659158000000005,4.404286,5.622662,,,3.435165,9.3389895,19.630585,19.630585,2.392328,10.305581,15.62292,12.9514725,11.62852675,7.818495250000001,2.392328,10.305581,0.00316,9.69e-05,0.0102,0.0102,0.0537,0.000398,0.0537,0.000101,0.00182,0.000146,,,0.0537,5.75e-05,1.41e-05,1.41e-05,0.0537,5.75e-06,0.000724,4.89e-05,0.0537,5.75e-06
54,yes,yes,3,+wh_gap,They reported,who,the man said,the old woman told him,she knew,,the boss,promoted,,last quarter.,0.0,5.2062265,11.821813,11.821813,7.229744,7.604829333333334,6.105996,5.9048728,5.853952,5.6831075,,,4.061439,9.6427385,19.262199,19.262199,,,16.434689,13.2205815,13.2205815,8.384898444444444,16.434689,13.2205815,0.00316,9.69e-05,0.00219,0.00219,0.0537,0.000398,0.0537,0.000101,0.00182,0.000146,,,0.0537,5.75e-05,1.41e-05,1.41e-05,,,0.000724,4.89e-05,0.000724,4.89e-05
54,yes,no,3,+wh_no_gap,They reported,who,the man said,the old woman told him,she knew,,the boss,promoted,the accountant,last quarter.,0.0,5.2062265,11.821813,11.821813,7.229744,7.604829333333334,6.105996,5.9048728,5.853952,5.6831075,,,4.061439,9.6427385,19.262199,19.262199,2.371266,10.3952755,15.540345,12.7930425,11.594159,8.54318225,2.371266,10.3952755,0.00316,9.69e-05,0.00219,0.00219,0.0537,0.000398,0.0537,0.000101,0.00182,0.000146,,,0.0537,5.75e-05,1.41e-05,1.41e-05,0.0537,5.75e-06,0.000724,4.89e-05,0.0537,5.75e-06
54,no,yes,4,-wh_gap,They reported,that,the man said,the old woman told him,she knew,he noticed,the boss,promoted,,last quarter.,0.0,5.2062265,1.780984,1.780984,1.89322,6.592964666666667,4.605371,5.6659158000000005,4.404286,5.622662,3.906657,10.12808,2.130812,9.2940245,21.643579,21.643579,,,15.286157,13.302205,13.302205,7.9319716,15.286157,13.302205,0.00316,9.69e-05,0.0102,0.0102,0.0537,0.000398,0.0537,0.000101,0.00182,0.000146,0.0049,4.23e-05,0.0537,5.75e-05,1.41e-05,1.41e-05,,,0.000724,4.89e-05,0.000724,4.89e-05
54,no,no,4,-wh_no_gap,They reported,that,the man said,the old woman told him,she knew,he noticed,the boss,promoted,the accountant,last quarter.,0.0,5.2062265,1.780984,1.780984,1.89322,6.592964666666667,4.605371,5.6659158000000005,4.404286,5.622662,3.906657,10.12808,2.130812,9.2940245,21.643579,21.643579,4.144084,11.1408675,15.634953,13.051794,12.09633075,8.200924772727273,4.144084,11.1408675,0.00316,9.69e-05,0.0102,0.0102,0.0537,0.000398,0.0537,0.000101,0.00182,0.000146,0.0049,4.23e-05,0.0537,5.75e-05,1.41e-05,1.41e-05,0.0537,5.75e-06,0.000724,4.89e-05,0.0537,5.75e-06
54,yes,yes,4,+wh_gap,They reported,who,the man said,the old woman told him,she knew,he noticed,the boss,promoted,,last quarter.,0.0,5.2062265,11.821813,11.821813,7.229744,7.604829333333334,6.105996,5.9048728,5.853952,5.6831075,5.163839,10.1081225,2.25253,9.391954,20.964998,20.964998,,,15.125119,13.040771,13.040771,8.5993013,15.125119,13.040771,0.00316,9.69e-05,0.00219,0.00219,0.0537,0.000398,0.0537,0.000101,0.00182,0.000146,0.0049,4.23e-05,0.0537,5.75e-05,1.41e-05,1.41e-05,,,0.000724,4.89e-05,0.000724,4.89e-05
54,yes,no,4,+wh_no_gap,They reported,who,the man said,the old woman told him,she knew,he noticed,the boss,promoted,the accountant,last quarter.,0.0,5.2062265,11.821813,11.821813,7.229744,7.604829333333334,6.105996,5.9048728,5.853952,5.6831075,5.163839,10.1081225,2.25253,9.391954,20.964998,20.964998,3.987835,11.016467,15.793578,13.028742,12.0226045,8.81795009090909,3.987835,11.016467,0.00316,9.69e-05,0.00219,0.00219,0.0537,0.000398,0.0537,0.000101,0.00182,0.000146,0.0049,4.23e-05,0.0537,5.75e-05,1.41e-05,1.41e-05,0.0537,5.75e-06,0.000724,4.89e-05,0.0537,5.75e-06
6,no,yes,0,-wh_gap,My friend knows,that,,,,,the successful architect,handed,,for her mother.,0.0,8.347377333333332,1.831162,1.831162,,,,,,,,,2.275285,9.866140666666666,16.225569,16.225569,,,10.312146,8.651534333333332,8.651534333333332,8.968353454545454,10.312146,8.651534333333332,0.00372,7.66e-05,0.0102,0.0102,,,,,,,,,0.0537,1.06e-05,2.63e-05,2.63e-05,,,0.0102,0.000157,0.0102,0.000157
6,no,no,0,-wh_no_gap,My friend knows,that,,,,,the successful architect,handed,an award,for her mother.,0.0,8.347377333333332,1.831162,1.831162,,,,,,,,,2.275285,9.866140666666666,16.225569,16.225569,8.514133,8.5296615,4.062772,6.283093333333333,7.1817206,8.354299076923077,8.514133,8.5296615,0.00372,7.66e-05,0.0102,0.0102,,,,,,,,,0.0537,1.06e-05,2.63e-05,2.63e-05,0.00339,7.42e-05,0.0102,0.000157,0.00339,7.42e-05
6,yes,yes,0,+wh_gap,My friend knows,what,,,,,the successful architect,handed,,for her mother.,0.0,8.347377333333332,3.231248,3.231248,,,,,,,,,3.507114,10.463158,15.917322,15.917322,,,7.828462,7.732405666666666,7.732405666666666,8.979763,7.828462,7.732405666666666,0.00372,7.66e-05,0.0024,0.0024,,,,,,,,,0.0537,1.06e-05,2.63e-05,2.63e-05,,,0.0102,0.000157,0.0102,0.000157
6,yes,no,0,+wh_no_gap,My friend knows,what,,,,,the successful architect,handed,an award,for her mother.,0.0,8.347377333333332,3.231248,3.231248,,,,,,,,,3.507114,10.463158,15.917322,15.917322,11.232496,10.162874,4.62077,6.331158666666667,7.863844799999998,8.838415384615384,11.232496,10.162874,0.00372,7.66e-05,0.0024,0.0024,,,,,,,,,0.0537,1.06e-05,2.63e-05,2.63e-05,0.00339,7.42e-05,0.0102,0.000157,0.00339,7.42e-05
6,no,yes,1,-wh_gap,My friend knows,that,the judge thought,,,,the successful architect,handed,,for her mother.,0.0,8.347377333333332,1.831162,1.831162,2.275285,8.188941999999999,,,,,,,2.699936,11.068971333333332,15.936391,15.936391,,,9.928004,8.802382333333334,8.802382333333334,9.070755142857143,9.928004,8.802382333333334,0.00372,7.66e-05,0.0102,0.0102,0.0537,7.24e-05,,,,,,,0.0537,1.06e-05,2.63e-05,2.63e-05,,,0.0102,0.000157,0.0102,0.000157
6,no,no,1,-wh_no_gap,My friend knows,that,the judge thought,,,,the successful architect,handed,an award,for her mother.,0.0,8.347377333333332,1.831162,1.831162,2.275285,8.188941999999999,,,,,,,2.699936,11.068971333333332,15.936391,15.936391,7.586906,8.0887355,4.46991,6.427757333333332,7.0921486,8.5027605,7.586906,8.0887355,0.00372,7.66e-05,0.0102,0.0102,0.0537,7.24e-05,,,,,,,0.0537,1.06e-05,2.63e-05,2.63e-05,0.00339,7.42e-05,0.0102,0.000157,0.00339,7.42e-05
6,yes,yes,1,+wh_gap,My friend knows,what,the judge thought,,,,the successful architect,handed,,for her mother.,0.0,8.347377333333332,3.231248,3.231248,3.507114,7.688262999999999,,,,,,,4.751553,12.000002333333333,15.409315,15.409315,,,7.748052,7.791367666666666,7.791367666666666,9.008685285714284,7.748052,7.791367666666666,0.00372,7.66e-05,0.0024,0.0024,0.0537,7.24e-05,,,,,,,0.0537,1.06e-05,2.63e-05,2.63e-05,,,0.0102,0.000157,0.0102,0.000157
6,yes,no,1,+wh_no_gap,My friend knows,what,the judge thought,,,,the successful architect,handed,an award,for her mother.,0.0,8.347377333333332,3.231248,3.231248,3.507114,7.688262999999999,,,,,,,4.751553,12.000002333333333,15.409315,15.409315,10.01987,9.4660495,4.737212,6.505978,7.690006599999999,8.82484525,10.01987,9.4660495,0.00372,7.66e-05,0.0024,0.0024,0.0537,7.24e-05,,,,,,,0.0537,1.06e-05,2.63e-05,2.63e-05,0.00339,7.42e-05,0.0102,0.000157,0.00339,7.42e-05
6,no,yes,2,-wh_gap,My friend knows,that,the judge thought,the cop said,,,the successful architect,handed,,for her mother.,0.0,8.347377333333332,1.831162,1.831162,2.275285,8.188941999999999,2.699936,9.353716333333333,,,,,3.857514,11.920394333333334,16.064911,16.064911,,,10.076306,8.797380666666667,8.797380666666667,9.27761794117647,10.076306,8.797380666666667,0.00372,7.66e-05,0.0102,0.0102,0.0537,7.24e-05,0.0537,2.29e-05,,,,,0.0537,1.06e-05,2.63e-05,2.63e-05,,,0.0102,0.000157,0.0102,0.000157
6,no,no,2,-wh_no_gap,My friend knows,that,the judge thought,the cop said,,,the successful architect,handed,an award,for her mother.,0.0,8.347377333333332,1.831162,1.831162,2.275285,8.188941999999999,2.699936,9.353716333333333,,,,,3.857514,11.920394333333334,16.064911,16.064911,7.82375,8.408703,4.441566,6.450040333333334,7.2335054,8.815520526315789,7.82375,8.408703,0.00372,7.66e-05,0.0102,0.0102,0.0537,7.24e-05,0.0537,2.29e-05,,,,,0.0537,1.06e-05,2.63e-05,2.63e-05,0.00339,7.42e-05,0.0102,0.000157,0.00339,7.42e-05
6,yes,yes,2,+wh_gap,My friend knows,what,the judge thought,the cop said,,,the successful architect,handed,,for her mother.,0.0,8.347377333333332,3.231248,3.231248,3.507114,7.688262999999999,4.751553,9.262561333333332,,,,,5.448309,12.517311666666666,14.902616,14.902616,,,8.638434,8.165408666666666,8.165408666666666,9.180978235294118,8.638434,8.165408666666666,0.00372,7.66e-05,0.0024,0.0024,0.0537,7.24e-05,0.0537,2.29e-05,,,,,0.0537,1.06e-05,2.63e-05,2.63e-05,,,0.0102,0.000157,0.0102,0.000157
6,yes,no,2,+wh_no_gap,My friend knows,what,the judge thought,the cop said,,,the successful architect,handed,an award,for her mother.,0.0,8.347377333333332,3.231248,3.231248,3.507114,7.688262999999999,4.751553,9.262561333333332,,,,,5.448309,12.517311666666666,14.902616,14.902616,9.646257,9.6452255,4.926666,6.579963666666667,7.806068400000001,8.979512947368422,9.646257,9.6452255,0.00372,7.66e-05,0.0024,0.0024,0.0537,7.24e-05,0.0537,2.29e-05,,,,,0.0537,1.06e-05,2.63e-05,2.63e-05,0.00339,7.42e-05,0.0102,0.000157,0.00339,7.42e-05
6,no,yes,3,-wh_gap,My friend knows,that,the judge thought,the cop said,the man testified,,the successful architect,handed,,for her mother.,0.0,8.347377333333332,1.831162,1.831162,2.275285,8.188941999999999,2.699936,9.353716333333333,3.857514,7.194283000000001,,,6.507895,13.645253666666669,16.524511,16.524511,,,10.357887,8.488792666666667,8.488792666666667,9.2005384,10.357887,8.488792666666667,0.00372,7.66e-05,0.0102,0.0102,0.0537,7.24e-05,0.0537,2.29e-05,0.0537,6.54e-06,,,0.0537,1.06e-05,2.63e-05,2.63e-05,,,0.0102,0.000157,0.0102,0.000157
6,no,no,3,-wh_no_gap,My friend knows,that,the judge thought,the cop said,the man testified,,the successful architect,handed,an award,for her mother.,0.0,8.347377333333332,1.831162,1.831162,2.275285,8.188941999999999,2.699936,9.353716333333333,3.857514,7.194283000000001,,,6.507895,13.645253666666669,16.524511,16.524511,7.758389,8.794373,4.503767,6.278502333333333,7.2848506,8.862211045454545,7.758389,8.794373,0.00372,7.66e-05,0.0102,0.0102,0.0537,7.24e-05,0.0537,2.29e-05,0.0537,6.54e-06,,,0.0537,1.06e-05,2.63e-05,2.63e-05,0.00339,7.42e-05,0.0102,0.000157,0.00339,7.42e-05
6,yes,yes,3,+wh_gap,My friend knows,what,the judge thought,the cop said,the man testified,,the successful architect,handed,,for her mother.,0.0,8.347377333333332,3.231248,3.231248,3.507114,7.688262999999999,4.751553,9.262561333333332,5.448309,7.824714666666666,,,9.389447,14.478630333333331,14.532244,14.532244,,,8.113049,7.689025999999999,7.689025999999999,9.1817605,8.113049,7.689025999999999,0.00372,7.66e-05,0.0024,0.0024,0.0537,7.24e-05,0.0537,2.29e-05,0.0537,6.54e-06,,,0.0537,1.06e-05,2.63e-05,2.63e-05,,,0.0102,0.000157,0.0102,0.000157
6,yes,no,3,+wh_no_gap,My friend knows,what,the judge thought,the cop said,the man testified,,the successful architect,handed,an award,for her mother.,0.0,8.347377333333332,3.231248,3.231248,3.507114,7.688262999999999,4.751553,9.262561333333332,5.448309,7.824714666666666,,,9.389447,14.478630333333331,14.532244,14.532244,10.79552,10.8431735,4.516873,6.303063333333334,8.119107399999999,9.143803136363635,10.79552,10.8431735,0.00372,7.66e-05,0.0024,0.0024,0.0537,7.24e-05,0.0537,2.29e-05,0.0537,6.54e-06,,,0.0537,1.06e-05,2.63e-05,2.63e-05,0.00339,7.42e-05,0.0102,0.000157,0.00339,7.42e-05
6,no,yes,4,-wh_gap,My friend knows,that,the judge thought,the cop said,the man testified,his friend reported,the successful architect,handed,,for her mother.,0.0,8.347377333333332,1.831162,1.831162,2.275285,8.188941999999999,2.699936,9.353716333333333,3.857514,7.194283000000001,8.617649,9.791992666666667,3.533766,12.654705333333332,15.986218,15.986218,,,10.501173,8.510513333333334,8.510513333333334,9.127911739130438,10.501173,8.510513333333334,0.00372,7.66e-05,0.0102,0.0102,0.0537,7.24e-05,0.0537,2.29e-05,0.0537,6.54e-06,0.00324,6.86e-05,0.0537,1.06e-05,2.63e-05,2.63e-05,,,0.0102,0.000157,0.0102,0.000157
6,no,no,4,-wh_no_gap,My friend knows,that,the judge thought,the cop said,the man testified,his friend reported,the successful architect,handed,an award,for her mother.,0.0,8.347377333333332,1.831162,1.831162,2.275285,8.188941999999999,2.699936,9.353716333333333,3.857514,7.194283000000001,8.617649,9.791992666666667,3.533766,12.654705333333332,15.986218,15.986218,8.078978,9.181333,4.654047,6.423925333333334,7.5268884,8.88179488,8.078978,9.181333,0.00372,7.66e-05,0.0102,0.0102,0.0537,7.24e-05,0.0537,2.29e-05,0.0537,6.54e-06,0.00324,6.86e-05,0.0537,1.06e-05,2.63e-05,2.63e-05,0.00339,7.42e-05,0.0102,0.000157,0.00339,7.42e-05
6,yes,yes,4,+wh_gap,My friend knows,what,the judge thought,the cop said,the man testified,his friend reported,the successful architect,handed,,for her mother.,0.0,8.347377333333332,3.231248,3.231248,3.507114,7.688262999999999,4.751553,9.262561333333332,5.448309,7.824714666666666,11.107777,9.964623333333334,7.315693,13.302735666666669,14.563066,14.563066,,,8.736766,7.822221333333332,7.822221333333332,9.149208869565216,8.736766,7.822221333333332,0.00372,7.66e-05,0.0024,0.0024,0.0537,7.24e-05,0.0537,2.29e-05,0.0537,6.54e-06,0.00324,6.86e-05,0.0537,1.06e-05,2.63e-05,2.63e-05,,,0.0102,0.000157,0.0102,0.000157
6,yes,no,4,+wh_no_gap,My friend knows,what,the judge thought,the cop said,the man testified,his friend reported,the successful architect,handed,an award,for her mother.,0.0,8.347377333333332,3.231248,3.231248,3.507114,7.688262999999999,4.751553,9.262561333333332,5.448309,7.824714666666666,11.107777,9.964623333333334,7.315693,13.302735666666669,14.563066,14.563066,10.683216,10.670042,4.762589,6.354733666666665,8.080856999999998,9.094777,10.683216,10.670042,0.00372,7.66e-05,0.0024,0.0024,0.0537,7.24e-05,0.0537,2.29e-05,0.0537,6.54e-06,0.00324,6.86e-05,0.0537,1.06e-05,2.63e-05,2.63e-05,0.00339,7.42e-05,0.0102,0.000157,0.00339,7.42e-05
7,no,yes,0,-wh_gap,The commissioner discovered,that,,,,,the police detective,lent,,to the man.,0.0,11.395968000000002,0.868925,0.868925,,,,,,,,,1.555484,6.932338666666666,17.522797,17.522797,,,5.654482,5.189279333333333,5.189279333333333,8.085861818181819,5.654482,5.189279333333333,0.0537,1.81e-05,0.0102,0.0102,,,,,,,,,0.0537,1.51e-05,5.62e-06,5.62e-06,,,0.0269,0.000637,0.0269,0.000637
7,no,no,0,-wh_no_gap,The commissioner discovered,that,,,,,the police detective,lent,some money,to the man.,0.0,11.395968000000002,0.868925,0.868925,,,,,,,,,1.555484,6.932338666666666,17.522797,17.522797,6.699642,5.1422085,0.419434,3.444730333333333,4.1237216000000005,7.230403846153845,6.699642,5.1422085,0.0537,1.81e-05,0.0102,0.0102,,,,,,,,,0.0537,1.51e-05,5.62e-06,5.62e-06,0.00158,0.000342,0.0269,0.000637,0.00158,0.000342
7,yes,yes,0,+wh_gap,The commissioner discovered,what,,,,,the police detective,lent,,to the man.,0.0,11.395968000000002,7.825208,7.825208,,,,,,,,,3.404515,7.306362666666666,18.167011,18.167011,,,2.296551,4.423384,4.423384,8.66994209090909,2.296551,4.423384,0.0537,1.81e-05,0.0024,0.0024,,,,,,,,,0.0537,1.51e-05,5.62e-06,5.62e-06,,,0.0269,0.000637,0.0269,0.000637
7,yes,no,0,+wh_no_gap,The commissioner discovered,what,,,,,the police detective,lent,some money,to the man.,0.0,11.395968000000002,7.825208,7.825208,,,,,,,,,3.404515,7.306362666666666,18.167011,18.167011,9.891101,7.361710500000001,0.568168,3.715595333333333,5.1740414,8.305339846153846,9.891101,7.361710500000001,0.0537,1.81e-05,0.0024,0.0024,,,,,,,,,0.0537,1.51e-05,5.62e-06,5.62e-06,0.00158,0.000342,0.0269,0.000637,0.00158,0.000342
7,no,yes,1,-wh_gap,The commissioner discovered,that,the report stated,,,,the police detective,lent,,to the man.,0.0,11.395968000000002,0.868925,0.868925,1.555484,6.778175999999999,,,,,,,4.739332,8.504762666666666,18.565996,18.565996,,,5.796503,5.339524999999999,5.339524999999999,8.249301142857142,5.796503,5.339524999999999,0.0537,1.81e-05,0.0102,0.0102,0.0537,4.35e-05,,,,,,,0.0537,1.51e-05,5.62e-06,5.62e-06,,,0.0269,0.000637,0.0269,0.000637
7,no,no,1,-wh_no_gap,The commissioner discovered,that,the report stated,,,,the police detective,lent,some money,to the man.,0.0,11.395968000000002,0.868925,0.868925,1.555484,6.778175999999999,,,,,,,4.739332,8.504762666666666,18.565996,18.565996,7.012401,5.43907,0.432106,3.6243776666666654,4.3502546,7.576432125,7.012401,5.43907,0.0537,1.81e-05,0.0102,0.0102,0.0537,4.35e-05,,,,,,,0.0537,1.51e-05,5.62e-06,5.62e-06,0.00158,0.000342,0.0269,0.000637,0.00158,0.000342
7,yes,yes,1,+wh_gap,The commissioner discovered,what,the report stated,,,,the police detective,lent,,to the man.,0.0,11.395968000000002,7.825208,7.825208,3.404515,6.763908666666667,,,,,,,7.458492,9.300492333333333,19.133339,19.133339,,,3.003702,4.525096333333333,4.525096333333333,8.779638785714287,3.003702,4.525096333333333,0.0537,1.81e-05,0.0024,0.0024,0.0537,4.35e-05,,,,,,,0.0537,1.51e-05,5.62e-06,5.62e-06,,,0.0269,0.000637,0.0269,0.000637
7,yes,no,1,+wh_no_gap,The commissioner discovered,what,the report stated,,,,the police detective,lent,some money,to the man.,0.0,11.395968000000002,7.825208,7.825208,3.404515,6.763908666666667,,,,,,,7.458492,9.300492333333333,19.133339,19.133339,9.107271,7.014177500000001,0.607531,3.6151726666666666,4.974774600000001,8.3883454375,9.107271,7.014177500000001,0.0537,1.81e-05,0.0024,0.0024,0.0537,4.35e-05,,,,,,,0.0537,1.51e-05,5.62e-06,5.62e-06,0.00158,0.000342,0.0269,0.000637,0.00158,0.000342
7,no,yes,2,-wh_gap,The commissioner discovered,that,the report stated,the television host thought,,,the police detective,lent,,to the man.,0.0,11.395968000000002,0.868925,0.868925,1.555484,6.778175999999999,4.739332,9.3759955,,,,,3.49297,7.994135,18.387962,18.387962,,,5.722554,5.358631666666667,5.358631666666667,8.407866722222222,5.722554,5.358631666666667,0.0537,1.81e-05,0.0102,0.0102,0.0537,4.35e-05,0.0537,2.79e-05,,,,,0.0537,1.51e-05,5.62e-06,5.62e-06,,,0.0269,0.000637,0.0269,0.000637
7,no,no,2,-wh_no_gap,The commissioner discovered,that,the report stated,the television host thought,,,the police detective,lent,some money,to the man.,0.0,11.395968000000002,0.868925,0.868925,1.555484,6.778175999999999,4.739332,9.3759955,,,,,3.49297,7.994135,18.387962,18.387962,7.157349,5.6260735,0.670177,3.674206,4.454953000000001,7.87702355,7.157349,5.6260735,0.0537,1.81e-05,0.0102,0.0102,0.0537,4.35e-05,0.0537,2.79e-05,,,,,0.0537,1.51e-05,5.62e-06,5.62e-06,0.00158,0.000342,0.0269,0.000637,0.00158,0.000342
7,yes,yes,2,+wh_gap,The commissioner discovered,what,the report stated,the television host thought,,,the police detective,lent,,to the man.,0.0,11.395968000000002,7.825208,7.825208,3.404515,6.763908666666667,7.458492,10.26407375,,,,,5.722865,8.698247666666667,18.558184,18.558184,,,2.971326,4.506687,4.506687,8.974117833333333,2.971326,4.506687,0.0537,1.81e-05,0.0024,0.0024,0.0537,4.35e-05,0.0537,2.79e-05,,,,,0.0537,1.51e-05,5.62e-06,5.62e-06,,,0.0269,0.000637,0.0269,0.000637
7,yes,no,2,+wh_no_gap,The commissioner discovered,what,the report stated,the television host thought,,,the police detective,lent,some money,to the man.,0.0,11.395968000000002,7.825208,7.825208,3.404515,6.763908666666667,7.458492,10.26407375,,,,,5.722865,8.698247666666667,18.558184,18.558184,9.710117,7.620562,0.971961,3.976604,5.434187199999999,8.759249799999997,9.710117,7.620562,0.0537,1.81e-05,0.0024,0.0024,0.0537,4.35e-05,0.0537,2.79e-05,,,,,0.0537,1.51e-05,5.62e-06,5.62e-06,0.00158,0.000342,0.0269,0.000637,0.00158,0.000342
7,no,yes,3,-wh_gap,The commissioner discovered,that,the report stated,the television host thought,the man reported,,the police detective,lent,,to the man.,0.0,11.395968000000002,0.868925,0.868925,1.555484,6.778175999999999,4.739332,9.3759955,3.49297,8.806113666666667,,,4.456336,8.476556,19.522104,19.522104,,,5.062317,5.077087666666666,5.077087666666666,8.547462619047618,5.062317,5.077087666666666,0.0537,1.81e-05,0.0102,0.0102,0.0537,4.35e-05,0.0537,2.79e-05,0.0537,8.67e-05,,,0.0537,1.51e-05,5.62e-06,5.62e-06,,,0.0269,0.000637,0.0269,0.000637
7,no,no,3,-wh_no_gap,The commissioner discovered,that,the report stated,the television host thought,the man reported,,the police detective,lent,some money,to the man.,0.0,11.395968000000002,0.868925,0.868925,1.555484,6.778175999999999,4.739332,9.3759955,3.49297,8.806113666666667,,,4.456336,8.476556,19.522104,19.522104,7.680407,6.123027,0.94313,3.652968,4.6409916,8.150887391304348,7.680407,6.123027,0.0537,1.81e-05,0.0102,0.0102,0.0537,4.35e-05,0.0537,2.79e-05,0.0537,8.67e-05,,,0.0537,1.51e-05,5.62e-06,5.62e-06,0.00158,0.000342,0.0269,0.000637,0.00158,0.000342
7,yes,yes,3,+wh_gap,The commissioner discovered,what,the report stated,the television host thought,the man reported,,the police detective,lent,,to the man.,0.0,11.395968000000002,7.825208,7.825208,3.404515,6.763908666666667,7.458492,10.26407375,5.722865,9.344483333333336,,,7.493345,9.267222666666669,17.636398,17.636398,,,3.085076,4.509807333333334,4.509807333333334,9.064860523809523,3.085076,4.509807333333334,0.0537,1.81e-05,0.0024,0.0024,0.0537,4.35e-05,0.0537,2.79e-05,0.0537,8.67e-05,,,0.0537,1.51e-05,5.62e-06,5.62e-06,,,0.0269,0.000637,0.0269,0.000637
7,yes,no,3,+wh_no_gap,The commissioner discovered,what,the report stated,the television host thought,the man reported,,the police detective,lent,some money,to the man.,0.0,11.395968000000002,7.825208,7.825208,3.404515,6.763908666666667,7.458492,10.26407375,5.722865,9.344483333333336,,,7.493345,9.267222666666669,17.636398,17.636398,9.568111,7.3873815,1.105699,3.9258066666666656,5.3104366,8.842818782608694,9.568111,7.3873815,0.0537,1.81e-05,0.0024,0.0024,0.0537,4.35e-05,0.0537,2.79e-05,0.0537,8.67e-05,,,0.0537,1.51e-05,5.62e-06,5.62e-06,0.00158,0.000342,0.0269,0.000637,0.00158,0.000342
7,no,yes,4,-wh_gap,The commissioner discovered,that,the report stated,the television host thought,the man reported,the lawyer said,the police detective,lent,,to the man.,0.0,11.395968000000002,0.868925,0.868925,1.555484,6.778175999999999,4.739332,9.3759955,3.49297,8.806113666666667,4.456336,10.222969666666666,5.228576,7.397830666666667,17.785902,17.785902,,,6.327161,5.540202000000001,5.540202000000001,8.607607875000001,6.327161,5.540202000000001,0.0537,1.81e-05,0.0102,0.0102,0.0537,4.35e-05,0.0537,2.79e-05,0.0537,8.67e-05,0.0537,4.47e-05,0.0537,1.51e-05,5.62e-06,5.62e-06,,,0.0269,0.000637,0.0269,0.000637
7,no,no,4,-wh_no_gap,The commissioner discovered,that,the report stated,the television host thought,the man reported,the lawyer said,the police detective,lent,some money,to the man.,0.0,11.395968000000002,0.868925,0.868925,1.555484,6.778175999999999,4.739332,9.3759955,3.49297,8.806113666666667,4.456336,10.222969666666666,5.228576,7.397830666666667,17.785902,17.785902,7.546161,5.910562499999999,0.681835,3.6244306666666666,4.5388834,8.179092307692308,7.546161,5.910562499999999,0.0537,1.81e-05,0.0102,0.0102,0.0537,4.35e-05,0.0537,2.79e-05,0.0537,8.67e-05,0.0537,4.47e-05,0.0537,1.51e-05,5.62e-06,5.62e-06,0.00158,0.000342,0.0269,0.000637,0.00158,0.000342
7,yes,yes,4,+wh_gap,The commissioner discovered,what,the report stated,the television host thought,the man reported,the lawyer said,the police detective,lent,,to the man.,0.0,11.395968000000002,7.825208,7.825208,3.404515,6.763908666666667,7.458492,10.26407375,5.722865,9.344483333333336,7.493345,10.246320666666668,6.740086,7.842877999999999,17.744633,17.744633,,,3.220093,4.521446,4.521446,9.040464583333334,3.220093,4.521446,0.0537,1.81e-05,0.0024,0.0024,0.0537,4.35e-05,0.0537,2.79e-05,0.0537,8.67e-05,0.0537,4.47e-05,0.0537,1.51e-05,5.62e-06,5.62e-06,,,0.0269,0.000637,0.0269,0.000637
7,yes,no,4,+wh_no_gap,The commissioner discovered,what,the report stated,the television host thought,the man reported,the lawyer said,the police detective,lent,some money,to the man.,0.0,11.395968000000002,7.825208,7.825208,3.404515,6.763908666666667,7.458492,10.26407375,5.722865,9.344483333333336,7.493345,10.246320666666668,6.740086,7.842877999999999,17.744633,17.744633,9.257001,7.253604,0.927008,3.761079,5.158089,8.815279115384614,9.257001,7.253604,0.0537,1.81e-05,0.0024,0.0024,0.0537,4.35e-05,0.0537,2.79e-05,0.0537,8.67e-05,0.0537,4.47e-05,0.0537,1.51e-05,5.62e-06,5.62e-06,0.00158,0.000342,0.0269,0.000637,0.00158,0.000342
8,no,yes,0,-wh_gap,We all know,that,,,,,the investor,repaid,,to the criminal kingpin.,0.0,3.9587136666666662,2.504345,2.504345,,,,,,,,,2.179744,9.3199325,16.555374,16.555374,,,9.552047,8.18961125,8.18961125,7.484924545454546,9.552047,8.18961125,0.00347,0.000722,0.0102,0.0102,,,,,,,,,0.0537,9.12e-06,1.95e-06,1.95e-06,,,0.0269,9.82e-07,0.0269,9.82e-07
8,no,no,0,-wh_no_gap,We all know,that,,,,,the investor,repaid,his debt,to the criminal kingpin.,0.0,3.9587136666666662,2.504345,2.504345,,,,,,,,,2.179744,9.3199325,16.555374,16.555374,5.316438,3.772865,3.213574,6.360477250000001,5.497939833333334,6.351028,5.316438,3.772865,0.00347,0.000722,0.0102,0.0102,,,,,,,,,0.0537,9.12e-06,1.95e-06,1.95e-06,0.00324,4.82e-05,0.0269,9.82e-07,0.00324,4.82e-05
8,yes,yes,0,+wh_gap,We all know,what,,,,,the investor,repaid,,to the criminal kingpin.,0.0,3.9587136666666662,3.66996,3.66996,,,,,,,,,3.474849,9.7783255,17.181156,17.181156,,,4.96182,6.93088425,6.93088425,7.27340409090909,4.96182,6.93088425,0.00347,0.000722,0.0024,0.0024,,,,,,,,,0.0537,9.12e-06,1.95e-06,1.95e-06,,,0.0269,9.82e-07,0.0269,9.82e-07
8,yes,no,0,+wh_no_gap,We all know,what,,,,,the investor,repaid,his debt,to the criminal kingpin.,0.0,3.9587136666666662,3.66996,3.66996,,,,,,,,,3.474849,9.7783255,17.181156,17.181156,8.702798,6.1640505,2.664756,6.286062,6.2453915,6.904327461538462,8.702798,6.1640505,0.00347,0.000722,0.0024,0.0024,,,,,,,,,0.0537,9.12e-06,1.95e-06,1.95e-06,0.00324,4.82e-05,0.0269,9.82e-07,0.00324,4.82e-05
8,no,yes,1,-wh_gap,We all know,that,the accountant said,,,,the investor,repaid,,to the criminal kingpin.,0.0,3.9587136666666662,2.504345,2.504345,2.179744,9.982578333333333,,,,,,,3.256596,7.9376865,13.911726,13.911726,,,9.473794,8.06472075,8.06472075,7.598157357142857,9.473794,8.06472075,0.00347,0.000722,0.0102,0.0102,0.0537,5.72e-06,,,,,,,0.0537,9.12e-06,1.95e-06,1.95e-06,,,0.0269,9.82e-07,0.0269,9.82e-07
8,no,no,1,-wh_no_gap,We all know,that,the accountant said,,,,the investor,repaid,his debt,to the criminal kingpin.,0.0,3.9587136666666662,2.504345,2.504345,2.179744,9.982578333333333,,,,,,,3.256596,7.9376865,13.911726,13.911726,5.121776,3.8129545,3.094575,6.3724015000000005,5.5192525,6.7019271875,5.121776,3.8129545,0.00347,0.000722,0.0102,0.0102,0.0537,5.72e-06,,,,,,,0.0537,9.12e-06,1.95e-06,1.95e-06,0.00324,4.82e-05,0.0269,9.82e-07,0.00324,4.82e-05
8,yes,yes,1,+wh_gap,We all know,what,the accountant said,,,,the investor,repaid,,to the criminal kingpin.,0.0,3.9587136666666662,3.66996,3.66996,3.474849,9.16076,,,,,,,5.891343,9.554339,14.099634,14.099634,,,5.438125,6.943703,6.943703,7.429393214285713,5.438125,6.943703,0.00347,0.000722,0.0024,0.0024,0.0537,5.72e-06,,,,,,,0.0537,9.12e-06,1.95e-06,1.95e-06,,,0.0269,9.82e-07,0.0269,9.82e-07
8,yes,no,1,+wh_no_gap,We all know,what,the accountant said,,,,the investor,repaid,his debt,to the criminal kingpin.,0.0,3.9587136666666662,3.66996,3.66996,3.474849,9.16076,,,,,,,5.891343,9.554339,14.099634,14.099634,7.789336,5.071963,3.128377,6.36289275,5.932582833333334,6.989511875,7.789336,5.071963,0.00347,0.000722,0.0024,0.0024,0.0537,5.72e-06,,,,,,,0.0537,9.12e-06,1.95e-06,1.95e-06,0.00324,4.82e-05,0.0269,9.82e-07,0.00324,4.82e-05
8,no,yes,2,-wh_gap,We all know,that,the accountant said,his colleague recalled,,,the investor,repaid,,to the criminal kingpin.,0.0,3.9587136666666662,2.504345,2.504345,2.179744,9.982578333333333,7.736331,10.633357,,,,,3.100209,9.5198175,16.639326,16.639326,,,6.91404,7.385333999999999,7.385333999999999,8.320505235294117,6.91404,7.385333999999999,0.00347,0.000722,0.0102,0.0102,0.0537,5.72e-06,0.00324,4.77e-06,,,,,0.0537,9.12e-06,1.95e-06,1.95e-06,,,0.0269,9.82e-07,0.0269,9.82e-07
8,no,no,2,-wh_no_gap,We all know,that,the accountant said,his colleague recalled,,,the investor,repaid,his debt,to the criminal kingpin.,0.0,3.9587136666666662,2.504345,2.504345,2.179744,9.982578333333333,7.736331,10.633357,,,,,3.100209,9.5198175,16.639326,16.639326,4.371148,3.24191,2.566683,6.325851750000001,5.297871166666667,7.562867368421053,4.371148,3.24191,0.00347,0.000722,0.0102,0.0102,0.0537,5.72e-06,0.00324,4.77e-06,,,,,0.0537,9.12e-06,1.95e-06,1.95e-06,0.00324,4.82e-05,0.0269,9.82e-07,0.00324,4.82e-05
8,yes,yes,2,+wh_gap,We all know,what,the accountant said,his colleague recalled,,,the investor,repaid,,to the criminal kingpin.,0.0,3.9587136666666662,3.66996,3.66996,3.474849,9.16076,11.179358,11.992451333333335,,,,,6.370621,11.946598,17.077345,17.077345,,,5.103929,6.830042000000001,6.830042000000001,8.664496705882351,5.103929,6.830042000000001,0.00347,0.000722,0.0024,0.0024,0.0537,5.72e-06,0.00324,4.77e-06,,,,,0.0537,9.12e-06,1.95e-06,1.95e-06,,,0.0269,9.82e-07,0.0269,9.82e-07
8,yes,no,2,+wh_no_gap,We all know,what,the accountant said,his colleague recalled,,,the investor,repaid,his debt,to the criminal kingpin.,0.0,3.9587136666666662,3.66996,3.66996,3.474849,9.16076,11.179358,11.992451333333335,,,,,6.370621,11.946598,17.077345,17.077345,7.612808,4.6510745,2.671846,6.28163825,5.738117,8.126577789473684,7.612808,4.6510745,0.00347,0.000722,0.0024,0.0024,0.0537,5.72e-06,0.00324,4.77e-06,,,,,0.0537,9.12e-06,1.95e-06,1.95e-06,0.00324,4.82e-05,0.0269,9.82e-07,0.00324,4.82e-05
8,no,yes,3,-wh_gap,We all know,that,the accountant said,his colleague recalled,the partners knew,,the investor,repaid,,to the criminal kingpin.,0.0,3.9587136666666662,2.504345,2.504345,2.179744,9.982578333333333,7.736331,10.633357,3.100209,10.86401,,,3.822991,9.119192,15.496498,15.496498,,,8.553002,7.8180885,7.8180885,8.691377899999999,8.553002,7.8180885,0.00347,0.000722,0.0102,0.0102,0.0537,5.72e-06,0.00324,4.77e-06,0.0537,2.95e-05,,,0.0537,9.12e-06,1.95e-06,1.95e-06,,,0.0269,9.82e-07,0.0269,9.82e-07
8,no,no,3,-wh_no_gap,We all know,that,the accountant said,his colleague recalled,the partners knew,,the investor,repaid,his debt,to the criminal kingpin.,0.0,3.9587136666666662,2.504345,2.504345,2.179744,9.982578333333333,7.736331,10.633357,3.100209,10.86401,,,3.822991,9.119192,15.496498,15.496498,4.069838,3.072028,3.358101,6.56701725,5.402020833333332,7.953060409090909,4.069838,3.072028,0.00347,0.000722,0.0102,0.0102,0.0537,5.72e-06,0.00324,4.77e-06,0.0537,2.95e-05,,,0.0537,9.12e-06,1.95e-06,1.95e-06,0.00324,4.82e-05,0.0269,9.82e-07,0.00324,4.82e-05
8,yes,yes,3,+wh_gap,We all know,what,the accountant said,his colleague recalled,the partners knew,,the investor,repaid,,to the criminal kingpin.,0.0,3.9587136666666662,3.66996,3.66996,3.474849,9.16076,11.179358,11.992451333333335,6.370621,11.555714333333333,,,6.875913,11.490398,16.020819,16.020819,,,5.884123,6.95092275,6.95092275,9.0239092,5.884123,6.95092275,0.00347,0.000722,0.0024,0.0024,0.0537,5.72e-06,0.00324,4.77e-06,0.0537,2.95e-05,,,0.0537,9.12e-06,1.95e-06,1.95e-06,,,0.0269,9.82e-07,0.0269,9.82e-07
8,yes,no,3,+wh_no_gap,We all know,what,the accountant said,his colleague recalled,the partners knew,,the investor,repaid,his debt,to the criminal kingpin.,0.0,3.9587136666666662,3.66996,3.66996,3.474849,9.16076,11.179358,11.992451333333335,6.370621,11.555714333333333,,,6.875913,11.490398,16.020819,16.020819,8.433679,5.163883,3.459112,6.49811075,6.053368166666668,8.590668272727273,8.433679,5.163883,0.00347,0.000722,0.0024,0.0024,0.0537,5.72e-06,0.00324,4.77e-06,0.0537,2.95e-05,,,0.0537,9.12e-06,1.95e-06,1.95e-06,0.00324,4.82e-05,0.0269,9.82e-07,0.00324,4.82e-05
8,no,yes,4,-wh_gap,We all know,that,the accountant said,his colleague recalled,the partners knew,their accountant suspects,the investor,repaid,,to the criminal kingpin.,0.0,3.9587136666666662,2.504345,2.504345,2.179744,9.982578333333333,7.736331,10.633357,3.100209,10.86401,7.580655,11.821202333333332,4.430405,8.4685475,13.826582,13.826582,,,9.444363,7.799043999999999,7.799043999999999,8.96712095652174,9.444363,7.799043999999999,0.00347,0.000722,0.0102,0.0102,0.0537,5.72e-06,0.00324,4.77e-06,0.0537,2.95e-05,0.00214,3.46e-06,0.0537,9.12e-06,1.95e-06,1.95e-06,,,0.0269,9.82e-07,0.0269,9.82e-07
8,no,no,4,-wh_no_gap,We all know,that,the accountant said,his colleague recalled,the partners knew,their accountant suspects,the investor,repaid,his debt,to the criminal kingpin.,0.0,3.9587136666666662,2.504345,2.504345,2.179744,9.982578333333333,7.736331,10.633357,3.100209,10.86401,7.580655,11.821202333333332,4.430405,8.4685475,13.826582,13.826582,4.39679,3.4562485,3.283017,6.3253605,5.368989833333333,8.290461800000001,4.39679,3.4562485,0.00347,0.000722,0.0102,0.0102,0.0537,5.72e-06,0.00324,4.77e-06,0.0537,2.95e-05,0.00214,3.46e-06,0.0537,9.12e-06,1.95e-06,1.95e-06,0.00324,4.82e-05,0.0269,9.82e-07,0.00324,4.82e-05
8,yes,yes,4,+wh_gap,We all know,what,the accountant said,his colleague recalled,the partners knew,their accountant suspects,the investor,repaid,,to the criminal kingpin.,0.0,3.9587136666666662,3.66996,3.66996,3.474849,9.16076,11.179358,11.992451333333335,6.370621,11.555714333333333,10.130532,13.849238,7.240085,10.0013085,13.496343,13.496343,,,5.814107,6.746301,6.746301,9.378467652173914,5.814107,6.746301,0.00347,0.000722,0.0024,0.0024,0.0537,5.72e-06,0.00324,4.77e-06,0.0537,2.95e-05,0.00214,3.46e-06,0.0537,9.12e-06,1.95e-06,1.95e-06,,,0.0269,9.82e-07,0.0269,9.82e-07
8,yes,no,4,+wh_no_gap,We all know,what,the accountant said,his colleague recalled,the partners knew,their accountant suspects,the investor,repaid,his debt,to the criminal kingpin.,0.0,3.9587136666666662,3.66996,3.66996,3.474849,9.16076,11.179358,11.992451333333335,6.370621,11.555714333333333,10.130532,13.849238,7.240085,10.0013085,13.496343,13.496343,6.678672,4.4125145,3.530821,6.257089,5.6422308333333335,8.90291748,6.678672,4.4125145,0.00347,0.000722,0.0024,0.0024,0.0537,5.72e-06,0.00324,4.77e-06,0.0537,2.95e-05,0.00214,3.46e-06,0.0537,9.12e-06,1.95e-06,1.95e-06,0.00324,4.82e-05,0.0269,9.82e-07,0.00324,4.82e-05
9,no,yes,0,-wh_gap,I know,that,,,,,the business man,promised,,to the factory workers.,0.0,3.139138,2.352433,2.352433,,,,,,,,,2.35511,7.517878666666667,13.201665,13.201665,,,1.274663,6.306002250000001,6.306002250000001,6.328183545454545,1.274663,6.306002250000001,0.0123,0.00114,0.0102,0.0102,,,,,,,,,0.0537,0.000233,3.09e-05,3.09e-05,,,0.0269,2.53e-05,0.0269,2.53e-05
9,no,no,0,-wh_no_gap,I know,that,,,,,the business man,promised,a raise,to the factory workers.,0.0,3.139138,2.352433,2.352433,,,,,,,,,2.35511,7.517878666666667,13.201665,13.201665,4.914935,8.2220345,3.208071,5.878400749999999,6.659611999999999,6.487975538461539,4.914935,8.2220345,0.0123,0.00114,0.0102,0.0102,,,,,,,,,0.0537,0.000233,3.09e-05,3.09e-05,0.0229,5.61e-05,0.0269,2.53e-05,0.0229,5.61e-05
9,yes,yes,0,+wh_gap,I know,what,,,,,the business man,promised,,to the factory workers.,0.0,3.139138,4.561374,4.561374,,,,,,,,,3.557633,8.158706666666667,13.249873,13.249873,,,1.382906,5.578177500000001,5.578177500000001,6.4434866363636365,1.382906,5.578177500000001,0.0123,0.00114,0.0024,0.0024,,,,,,,,,0.0537,0.000233,3.09e-05,3.09e-05,,,0.0269,2.53e-05,0.0269,2.53e-05
9,yes,no,0,+wh_no_gap,I know,what,,,,,the business man,promised,a raise,to the factory workers.,0.0,3.139138,4.561374,4.561374,,,,,,,,,3.557633,8.158706666666667,13.249873,13.249873,7.080599,9.7323215,3.520679,6.10306575,7.3128176666666675,7.110965307692307,7.080599,9.7323215,0.0123,0.00114,0.0024,0.0024,,,,,,,,,0.0537,0.000233,3.09e-05,3.09e-05,0.0229,5.61e-05,0.0269,2.53e-05,0.0229,5.61e-05
9,no,yes,1,-wh_gap,I know,that,the secretary said,,,,the business man,promised,,to the factory workers.,0.0,3.139138,2.352433,2.352433,2.35511,8.990954666666667,,,,,,,3.099807,8.048378,11.784551,11.784551,,,1.549414,6.304826,6.304826,6.9108972857142845,1.549414,6.304826,0.0123,0.00114,0.0102,0.0102,0.0537,8.19e-05,,,,,,,0.0537,0.000233,3.09e-05,3.09e-05,,,0.0269,2.53e-05,0.0269,2.53e-05
9,no,no,1,-wh_no_gap,I know,that,the secretary said,,,,the business man,promised,a raise,to the factory workers.,0.0,3.139138,2.352433,2.352433,2.35511,8.990954666666667,,,,,,,3.099807,8.048378,11.784551,11.784551,4.670803,7.9958645,3.07909,5.618484,6.410944166666667,6.8749326875,4.670803,7.9958645,0.0123,0.00114,0.0102,0.0102,0.0537,8.19e-05,,,,,,,0.0537,0.000233,3.09e-05,3.09e-05,0.0229,5.61e-05,0.0269,2.53e-05,0.0229,5.61e-05
9,yes,yes,1,+wh_gap,I know,what,the secretary said,,,,the business man,promised,,to the factory workers.,0.0,3.139138,4.561374,4.561374,3.557633,8.388541,,,,,,,5.656886,8.710502,11.936026,11.936026,,,1.817321,5.88933875,5.88933875,6.9735828571428575,1.817321,5.88933875,0.0123,0.00114,0.0024,0.0024,0.0537,8.19e-05,,,,,,,0.0537,0.000233,3.09e-05,3.09e-05,,,0.0269,2.53e-05,0.0269,2.53e-05
9,yes,no,1,+wh_no_gap,I know,what,the secretary said,,,,the business man,promised,a raise,to the factory workers.,0.0,3.139138,4.561374,4.561374,3.557633,8.388541,,,,,,,5.656886,8.710502,11.936026,11.936026,6.881399,9.670021,3.503304,5.92181175,7.171214833333333,7.318755875,6.881399,9.670021,0.0123,0.00114,0.0024,0.0024,0.0537,8.19e-05,,,,,,,0.0537,0.000233,3.09e-05,3.09e-05,0.0229,5.61e-05,0.0269,2.53e-05,0.0229,5.61e-05
9,no,yes,2,-wh_gap,I know,that,the secretary said,the journalist remarked,,,the business man,promised,,to the factory workers.,0.0,3.139138,2.352433,2.352433,2.35511,8.990954666666667,3.099807,9.266897333333333,,,,,5.833444,9.902047,11.011433,11.011433,,,1.80774,6.63904925,6.63904925,7.686943294117647,1.80774,6.63904925,0.0123,0.00114,0.0102,0.0102,0.0537,8.19e-05,0.0537,3.35e-06,,,,,0.0537,0.000233,3.09e-05,3.09e-05,,,0.0269,2.53e-05,0.0269,2.53e-05
9,no,no,2,-wh_no_gap,I know,that,the secretary said,the journalist remarked,,,the business man,promised,a raise,to the factory workers.,0.0,3.139138,2.352433,2.352433,2.35511,8.990954666666667,3.099807,9.266897333333333,,,,,5.833444,9.902047,11.011433,11.011433,4.765689,8.293898500000001,3.178691,5.9866185000000005,6.755711833333334,7.613479473684211,4.765689,8.293898500000001,0.0123,0.00114,0.0102,0.0102,0.0537,8.19e-05,0.0537,3.35e-06,,,,,0.0537,0.000233,3.09e-05,3.09e-05,0.0229,5.61e-05,0.0269,2.53e-05,0.0229,5.61e-05
9,yes,yes,2,+wh_gap,I know,what,the secretary said,the journalist remarked,,,the business man,promised,,to the factory workers.,0.0,3.139138,4.561374,4.561374,3.557633,8.388541,5.656886,10.042989,,,,,8.196998,10.400545333333334,11.444863,11.444863,,,1.992716,6.0629595,6.0629595,7.825445705882353,1.992716,6.0629595,0.0123,0.00114,0.0024,0.0024,0.0537,8.19e-05,0.0537,3.35e-06,,,,,0.0537,0.000233,3.09e-05,3.09e-05,,,0.0269,2.53e-05,0.0269,2.53e-05
9,yes,no,2,+wh_no_gap,I know,what,the secretary said,the journalist remarked,,,the business man,promised,a raise,to the factory workers.,0.0,3.139138,4.561374,4.561374,3.557633,8.388541,5.656886,10.042989,,,,,8.196998,10.400545333333334,11.444863,11.444863,7.380427,10.1711505,3.353752,5.9799995,7.377049833333333,8.054896736842105,7.380427,10.1711505,0.0123,0.00114,0.0024,0.0024,0.0537,8.19e-05,0.0537,3.35e-06,,,,,0.0537,0.000233,3.09e-05,3.09e-05,0.0229,5.61e-05,0.0269,2.53e-05,0.0229,5.61e-05
9,no,yes,3,-wh_gap,I know,that,the secretary said,the journalist remarked,the workers said,,the business man,promised,,to the factory workers.,0.0,3.139138,2.352433,2.352433,2.35511,8.990954666666667,3.099807,9.266897333333333,5.833444,9.682399333333334,,,4.153834,8.560054333333333,11.518775,11.518775,,,1.629141,5.787051249999999,5.787051249999999,7.639930299999999,1.629141,5.787051249999999,0.0123,0.00114,0.0102,0.0102,0.0537,8.19e-05,0.0537,3.35e-06,0.0537,8.19e-05,,,0.0537,0.000233,3.09e-05,3.09e-05,,,0.0269,2.53e-05,0.0269,2.53e-05
9,no,no,3,-wh_no_gap,I know,that,the secretary said,the journalist remarked,the workers said,,the business man,promised,a raise,to the factory workers.,0.0,3.139138,2.352433,2.352433,2.35511,8.990954666666667,3.099807,9.266897333333333,5.833444,9.682399333333334,,,4.153834,8.560054333333333,11.518775,11.518775,4.691295,7.8179055,3.013334,5.02056025,5.953008666666666,7.516747863636362,4.691295,7.8179055,0.0123,0.00114,0.0102,0.0102,0.0537,8.19e-05,0.0537,3.35e-06,0.0537,8.19e-05,,,0.0537,0.000233,3.09e-05,3.09e-05,0.0229,5.61e-05,0.0269,2.53e-05,0.0229,5.61e-05
9,yes,yes,3,+wh_gap,I know,what,the secretary said,the journalist remarked,the workers said,,the business man,promised,,to the factory workers.,0.0,3.139138,4.561374,4.561374,3.557633,8.388541,5.656886,10.042989,8.196998,9.684769,,,6.463237,9.255436333333334,11.321999,11.321999,,,2.06485,5.583144750000001,5.583144750000001,7.830471700000002,2.06485,5.583144750000001,0.0123,0.00114,0.0024,0.0024,0.0537,8.19e-05,0.0537,3.35e-06,0.0537,8.19e-05,,,0.0537,0.000233,3.09e-05,3.09e-05,,,0.0269,2.53e-05,0.0269,2.53e-05
9,yes,no,3,+wh_no_gap,I know,what,the secretary said,the journalist remarked,the workers said,,the business man,promised,a raise,to the factory workers.,0.0,3.139138,4.561374,4.561374,3.557633,8.388541,5.656886,10.042989,8.196998,9.684769,,,6.463237,9.255436333333334,11.321999,11.321999,6.89985,9.474949,3.530221,5.396995,6.756313000000001,7.946124227272727,6.89985,9.474949,0.0123,0.00114,0.0024,0.0024,0.0537,8.19e-05,0.0537,3.35e-06,0.0537,8.19e-05,,,0.0537,0.000233,3.09e-05,3.09e-05,0.0229,5.61e-05,0.0269,2.53e-05,0.0229,5.61e-05
9,no,yes,4,-wh_gap,I know,that,the secretary said,the journalist remarked,the workers said,their representatives think,the business man,promised,,to the factory workers.,0.0,3.139138,2.352433,2.352433,2.35511,8.990954666666667,3.099807,9.266897333333333,5.833444,9.682399333333334,6.729541,10.620344,3.843353,7.837626333333333,13.005975,13.005975,,,1.483953,5.75682975,5.75682975,7.993855130434784,1.483953,5.75682975,0.0123,0.00114,0.0102,0.0102,0.0537,8.19e-05,0.0537,3.35e-06,0.0537,8.19e-05,0.00214,3.17e-05,0.0537,0.000233,3.09e-05,3.09e-05,,,0.0269,2.53e-05,0.0269,2.53e-05
9,no,no,4,-wh_no_gap,I know,that,the secretary said,the journalist remarked,the workers said,their representatives think,the business man,promised,a raise,to the factory workers.,0.0,3.139138,2.352433,2.352433,2.35511,8.990954666666667,3.099807,9.266897333333333,5.833444,9.682399333333334,6.729541,10.620344,3.843353,7.837626333333333,13.005975,13.005975,4.732097,7.62289,3.067845,5.0673775,5.919215,7.853865560000002,4.732097,7.62289,0.0123,0.00114,0.0102,0.0102,0.0537,8.19e-05,0.0537,3.35e-06,0.0537,8.19e-05,0.00214,3.17e-05,0.0537,0.000233,3.09e-05,3.09e-05,0.0229,5.61e-05,0.0269,2.53e-05,0.0229,5.61e-05
9,yes,yes,4,+wh_gap,I know,what,the secretary said,the journalist remarked,the workers said,their representatives think,the business man,promised,,to the factory workers.,0.0,3.139138,4.561374,4.561374,3.557633,8.388541,5.656886,10.042989,8.196998,9.684769,9.895035,12.016474,5.135017,8.289284666666667,12.249876,12.249876,,,2.102244,5.5895115,5.5895115,8.29190195652174,2.102244,5.5895115,0.0123,0.00114,0.0024,0.0024,0.0537,8.19e-05,0.0537,3.35e-06,0.0537,8.19e-05,0.00214,3.17e-05,0.0537,0.000233,3.09e-05,3.09e-05,,,0.0269,2.53e-05,0.0269,2.53e-05
9,yes,no,4,+wh_no_gap,I know,what,the secretary said,the journalist remarked,the workers said,their representatives think,the business man,promised,a raise,to the factory workers.,0.0,3.139138,4.561374,4.561374,3.557633,8.388541,5.656886,10.042989,8.196998,9.684769,9.895035,12.016474,5.135017,8.289284666666667,12.249876,12.249876,7.331708,9.369605,3.596184,5.487216500000001,6.781345999999999,8.361751,7.331708,9.369605,0.0123,0.00114,0.0024,0.0024,0.0537,8.19e-05,0.0537,3.35e-06,0.0537,8.19e-05,0.00214,3.17e-05,0.0537,0.000233,3.09e-05,3.09e-05,0.0229,5.61e-05,0.0269,2.53e-05,0.0229,5.61e-05
