sentence_group,wh,gap,levels_of_embedding,condition,main_clause,complementiser,embedding_1,embedding_2,embedding_3,embedding_4,subject,verb,object,continuation,main_clause_surprisal,main_clause_surprisal_mean,complementiser_surprisal,complementiser_surprisal_mean,embedding_1_surprisal,embedding_1_surprisal_mean,embedding_2_surprisal,embedding_2_surprisal_mean,embedding_3_surprisal,embedding_3_surprisal_mean,subject_surprisal,subject_surprisal_mean,verb_surprisal,verb_surprisal_mean,object_surprisal,object_surprisal_mean,continuation_surprisal,continuation_surprisal_mean,semi_local_surprisal_mean,global_surprisal_mean
54,no,yes,0,-wh_gap,They reported,that,,,,,,could have promoted,the accountant,last quarter.,0.0,5.2062265,1.780984,1.780984,,,,,,,,,14.058225,10.584244333333332,1.462504,10.560454499999999,15.678619,12.5435105,11.137237571428571,9.01541
54,no,no,0,-wh_no_gap,They reported,that,,,,,the boss,could have promoted,the accountant,last quarter.,0.0,5.2062265,1.780984,1.780984,,,,,,,1.89322,8.566491000000001,4.987105,7.276038666666667,1.503596,10.452349000000002,15.588111,12.352606999999999,9.396778888888889,8.063703916666666
54,yes,yes,0,+wh_gap,They reported,who,,,,,,could have promoted,the accountant,last quarter.,0.0,5.2062265,11.821813,11.821813,,,,,,,,,6.14351,7.4964173333333335,1.446931,10.493115999999999,15.650681,12.1832585,9.691714428571428,9.0076267
54,yes,no,0,+wh_no_gap,They reported,who,,,,,the boss,could have promoted,the accountant,last quarter.,0.0,5.2062265,11.821813,11.821813,,,,,,,7.229744,11.068461,5.074233,6.866776000000001,5.784883,11.9512945,15.359127,12.5921695,10.202686444444444,9.504870333333335
54,no,yes,1,-wh_gap,They reported,that,the man said,,,,,could have promoted,the accountant,last quarter.,0.0,5.2062265,1.780984,1.780984,1.89322,6.592964666666667,,,,,,,9.33667,8.476409666666667,1.778742,10.367937000000001,15.698484,12.730431,10.232280714285716,7.969099692307694
54,no,no,1,-wh_no_gap,They reported,that,the man said,,,,the boss,could have promoted,the accountant,last quarter.,0.0,5.2062265,1.780984,1.780984,1.89322,6.592964666666667,,,,,4.605371,9.4124205,5.48197,7.386678333333333,1.64784,10.031480499999999,15.464504,12.3619965,9.530203333333333,7.849610733333334
54,yes,yes,1,+wh_gap,They reported,who,the man said,,,,,could have promoted,the accountant,last quarter.,0.0,5.2062265,11.821813,11.821813,7.229744,7.604829333333334,,,,,,,7.581649,7.954815666666666,1.757004,10.4818375,15.722594,12.5507775,9.989953857142856,8.844494692307693
54,yes,no,1,+wh_no_gap,They reported,who,the man said,,,,the boss,could have promoted,the accountant,last quarter.,0.0,5.2062265,11.821813,11.821813,7.229744,7.604829333333334,,,,,6.105996,10.1307055,5.669885,7.420931333333333,2.771923,10.6208565,15.2795,12.2265455,9.80211211111111,8.884517533333334
54,no,yes,2,-wh_gap,They reported,that,the man said,the old woman told him,,,,could have promoted,the accountant,last quarter.,0.0,5.2062265,1.780984,1.780984,1.89322,6.592964666666667,4.605371,5.6659158000000005,,,,,13.262743,10.39331,1.973507,10.267171000000001,15.898722,12.914411999999999,11.077585142857142,7.65805588888889
54,no,no,2,-wh_no_gap,They reported,that,the man said,the old woman told him,,,the boss,could have promoted,the accountant,last quarter.,0.0,5.2062265,1.780984,1.780984,1.89322,6.592964666666667,4.605371,5.6659158000000005,,,5.062836,10.286262,4.424331,7.271268333333333,1.922299,10.0634445,15.666544,12.6949455,9.76701211111111,7.41025095
54,yes,yes,2,+wh_gap,They reported,who,the man said,the old woman told him,,,,could have promoted,the accountant,last quarter.,0.0,5.2062265,11.821813,11.821813,7.229744,7.604829333333334,6.105996,5.9048728,,,,,10.261149,9.358491333333333,2.45416,10.640677,15.510133,12.730920999999999,10.688381428571429,8.299543777777778
54,yes,no,2,+wh_no_gap,They reported,who,the man said,the old woman told him,,,the boss,could have promoted,the accountant,last quarter.,0.0,5.2062265,11.821813,11.821813,7.229744,7.604829333333334,6.105996,5.9048728,,,5.879863,10.549299000000001,4.913995,7.259848000000001,5.681216,11.9618475,15.089994,12.676387,10.23940122222222,8.33638645
54,no,yes,3,-wh_gap,They reported,that,the man said,the old woman told him,she knew,,,could have promoted,the accountant,last quarter.,0.0,5.2062265,1.780984,1.780984,1.89322,6.592964666666667,4.605371,5.6659158000000005,4.404286,5.622662,,,14.137612,10.932501666666667,2.156481,10.4709255,15.731109,12.865275,11.352843714285715,7.550856999999999
54,no,no,3,-wh_no_gap,They reported,that,the man said,the old woman told him,she knew,,the boss,could have promoted,the accountant,last quarter.,0.0,5.2062265,1.780984,1.780984,1.89322,6.592964666666667,4.605371,5.6659158000000005,4.404286,5.622662,3.435165,9.3389895,5.083458,7.479841333333333,2.089418,10.412649000000002,15.974133,12.9395505,9.75798911111111,7.244051636363636
54,yes,yes,3,+wh_gap,They reported,who,the man said,the old woman told him,she knew,,,could have promoted,the accountant,last quarter.,0.0,5.2062265,11.821813,11.821813,7.229744,7.604829333333334,6.105996,5.9048728,5.853952,5.6831075,,,10.237205,9.462525333333334,2.338814,10.5678255,15.476512,12.6977675,10.702680285714285,8.042904750000002
54,yes,no,3,+wh_no_gap,They reported,who,the man said,the old woman told him,she knew,,the boss,could have promoted,the accountant,last quarter.,0.0,5.2062265,11.821813,11.821813,7.229744,7.604829333333334,6.105996,5.9048728,5.853952,5.6831075,4.061439,9.6427385,5.304705,7.574421666666667,2.145902,10.516961,15.793547,12.773879,9.843380222222223,7.933170681818182
54,no,yes,4,-wh_gap,They reported,that,the man said,the old woman told him,she knew,he noticed,,could have promoted,the accountant,last quarter.,0.0,5.2062265,1.780984,1.780984,1.89322,6.592964666666667,4.605371,5.6659158000000005,4.404286,5.622662,,,14.137612,10.932501666666667,2.156481,10.4709255,15.731109,12.865275,11.352843714285715,7.550856999999999
54,no,no,4,-wh_no_gap,They reported,that,the man said,the old woman told him,she knew,he noticed,the boss,could have promoted,the accountant,last quarter.,0.0,5.2062265,1.780984,1.780984,1.89322,6.592964666666667,4.605371,5.6659158000000005,4.404286,5.622662,3.435165,9.3389895,5.083458,7.479841333333333,2.089418,10.412649000000002,15.974133,12.9395505,9.75798911111111,7.244051636363636
54,yes,yes,4,+wh_gap,They reported,who,the man said,the old woman told him,she knew,he noticed,,could have promoted,the accountant,last quarter.,0.0,5.2062265,11.821813,11.821813,7.229744,7.604829333333334,6.105996,5.9048728,5.853952,5.6831075,,,10.237205,9.462525333333334,2.338814,10.5678255,15.476512,12.6977675,10.702680285714285,8.042904750000002
54,yes,no,4,+wh_no_gap,They reported,who,the man said,the old woman told him,she knew,he noticed,the boss,could have promoted,the accountant,last quarter.,0.0,5.2062265,11.821813,11.821813,7.229744,7.604829333333334,6.105996,5.9048728,5.853952,5.6831075,4.061439,9.6427385,5.304705,7.574421666666667,2.145902,10.516961,15.793547,12.773879,9.843380222222223,7.933170681818182
53,no,yes,0,-wh_gap,He reported,that,,,,,,could abandon,his comrades,on the sinking ship.,0.0,5.4177695,1.868976,1.868976,,,,,,,,,13.908182,15.024082,2.321003,7.265478,6.77868,6.970518,9.057649000000001,7.742337
53,no,no,0,-wh_no_gap,He reported,that,,,,,the pirate,could abandon,his comrades,on the sinking ship.,0.0,5.4177695,1.868976,1.868976,,,,,,,2.223669,8.6562945,6.854769,9.3606825,2.798067,7.9904209999999996,6.364529,6.10028375,7.6415931,6.8554189230769245
53,yes,yes,0,+wh_gap,He reported,who,,,,,,could abandon,his comrades,on the sinking ship.,0.0,5.4177695,12.096594,12.096594,,,,,,,,,6.780007,10.4828355,2.103828,7.3024890000000005,5.96044,6.577289,7.734975625000001,7.7101761818181815
53,yes,no,0,+wh_no_gap,He reported,who,,,,,the pirate,could abandon,his comrades,on the sinking ship.,0.0,5.4177695,12.096594,12.096594,,,,,,,7.066419,10.192132,5.933352,9.439356,3.960913,8.4727405,5.979943,5.80893575,7.944419999999999,7.8751025384615385
53,no,yes,1,-wh_gap,He reported,that,the sailor believed,,,,,could abandon,his comrades,on the sinking ship.,0.0,5.4177695,1.868976,1.868976,2.223669,8.987905666666668,,,,,,,8.761598,11.212333999999998,3.321249,7.8039135,6.014004,5.78208375,7.64510375,7.202075857142858
53,no,no,1,-wh_no_gap,He reported,that,the sailor believed,,,,the pirate,could abandon,his comrades,on the sinking ship.,0.0,5.4177695,1.868976,1.868976,2.223669,8.987905666666668,,,,,3.357855,7.5360405,4.27419,7.696426000000001,3.68736,8.3864365,6.297359,5.753296000000001,7.025099,6.869951374999999
53,yes,yes,1,+wh_gap,He reported,who,the sailor believed,,,,,could abandon,his comrades,on the sinking ship.,0.0,5.4177695,12.096594,12.096594,7.066419,9.819953666666667,,,,,,,6.463186,10.400945499999999,3.253788,7.560872,6.164134,5.710397250000001,7.345653,7.939801285714286
53,yes,no,1,+wh_no_gap,He reported,who,the sailor believed,,,,the pirate,could abandon,his comrades,on the sinking ship.,0.0,5.4177695,12.096594,12.096594,7.066419,9.819953666666667,,,,,5.40043,8.105152,4.324979,8.2344005,3.75833,8.3147575,6.457949,5.61712175,7.1777107,7.7605688125
53,no,yes,2,-wh_gap,He reported,that,the sailor believed,the man believed,,,,could abandon,his comrades,on the sinking ship.,0.0,5.4177695,1.868976,1.868976,2.223669,8.987905666666668,3.357855,7.088816333333334,,,,,8.060161,11.102388000000001,3.038716,7.3517805,6.399063,6.02356125,7.6253227500000005,7.172780176470589
53,no,no,2,-wh_no_gap,He reported,that,the sailor believed,the man believed,,,the pirate,could abandon,his comrades,on the sinking ship.,0.0,5.4177695,1.868976,1.868976,2.223669,8.987905666666668,3.357855,7.088816333333334,,,3.312987,7.5112179999999995,4.198409,7.953056,3.47184,8.0922695,6.667312,5.9335759999999995,7.084739099999998,6.935898526315789
53,yes,yes,2,+wh_gap,He reported,who,the sailor believed,the man believed,,,,could abandon,his comrades,on the sinking ship.,0.0,5.4177695,12.096594,12.096594,7.066419,9.819953666666667,5.40043,7.276374666666666,,,,,7.183143,10.991053,3.053391,7.2412765,6.56138,5.9450035,7.530584124999999,7.909752411764706
53,yes,no,2,+wh_no_gap,He reported,who,the sailor believed,the man believed,,,the pirate,could abandon,his comrades,on the sinking ship.,0.0,5.4177695,12.096594,12.096594,7.066419,9.819953666666667,5.40043,7.276374666666666,,,4.539925,7.9504895,4.767039,8.2526545,3.228852,7.823011,6.720051,5.800863250000001,7.1255763000000005,7.6566779473684194
53,no,yes,3,-wh_gap,He reported,that,the sailor believed,the man believed,he knew,,,could abandon,his comrades,on the sinking ship.,0.0,5.4177695,1.868976,1.868976,2.223669,8.987905666666668,3.357855,7.088816333333334,3.97528,6.2469434999999995,,,10.074279,11.4846735,2.150021,6.815799500000001,6.751506,6.3946872500000005,7.772461874999999,7.137277
53,no,no,3,-wh_no_gap,He reported,that,the sailor believed,the man believed,he knew,,the pirate,could abandon,his comrades,on the sinking ship.,0.0,5.4177695,1.868976,1.868976,2.223669,8.987905666666668,3.357855,7.088816333333334,3.97528,6.2469434999999995,2.464609,7.5196375,7.057534,9.8587515,2.588815,7.466247500000001,7.218419,6.165737999999999,7.435222499999999,7.03718061904762
53,yes,yes,3,+wh_gap,He reported,who,the sailor believed,the man believed,he knew,,,could abandon,his comrades,on the sinking ship.,0.0,5.4177695,12.096594,12.096594,7.066419,9.819953666666667,5.40043,7.276374666666666,4.828297,6.2969645,,,10.821119,12.006488000000001,2.225425,6.7869909999999996,6.770871,6.1460665,7.771403,7.841382684210527
53,yes,no,3,+wh_no_gap,He reported,who,the sailor believed,the man believed,he knew,,the pirate,could abandon,his comrades,on the sinking ship.,0.0,5.4177695,12.096594,12.096594,7.066419,9.819953666666667,5.40043,7.276374666666666,4.828297,6.2969645,2.337365,7.4091155,7.758612,10.3002445,2.693594,7.466025,7.227,6.0108065,7.439399599999999,7.6766210952380955
53,no,yes,4,-wh_gap,He reported,that,the sailor believed,the man believed,he knew,the man saw,,could abandon,his comrades,on the sinking ship.,0.0,5.4177695,1.868976,1.868976,2.223669,8.987905666666668,3.357855,7.088816333333334,3.97528,6.2469434999999995,,,10.074279,11.4846735,2.150021,6.815799500000001,6.751506,6.3946872500000005,7.772461874999999,7.137277
53,no,no,4,-wh_no_gap,He reported,that,the sailor believed,the man believed,he knew,the man saw,the pirate,could abandon,his comrades,on the sinking ship.,0.0,5.4177695,1.868976,1.868976,2.223669,8.987905666666668,3.357855,7.088816333333334,3.97528,6.2469434999999995,2.464609,7.5196375,7.057534,9.8587515,2.588815,7.466247500000001,7.218419,6.165737999999999,7.435222499999999,7.03718061904762
53,yes,yes,4,+wh_gap,He reported,who,the sailor believed,the man believed,he knew,the man saw,,could abandon,his comrades,on the sinking ship.,0.0,5.4177695,12.096594,12.096594,7.066419,9.819953666666667,5.40043,7.276374666666666,4.828297,6.2969645,,,10.821119,12.006488000000001,2.225425,6.7869909999999996,6.770871,6.1460665,7.771403,7.841382684210527
53,yes,no,4,+wh_no_gap,He reported,who,the sailor believed,the man believed,he knew,the man saw,the pirate,could abandon,his comrades,on the sinking ship.,0.0,5.4177695,12.096594,12.096594,7.066419,9.819953666666667,5.40043,7.276374666666666,4.828297,6.2969645,2.337365,7.4091155,7.758612,10.3002445,2.693594,7.466025,7.227,6.0108065,7.439399599999999,7.6766210952380955
52,no,yes,0,-wh_gap,They know,that,,,,,,might have reassured,his client,last night.,0.0,4.743053,2.169621,2.169621,,,,,,,,,15.735727,12.652140333333335,5.411602,7.257586,18.854458,12.321373000000001,11.016334142857144,8.877006599999998
52,no,no,0,-wh_no_gap,They know,that,,,,,the lawyer,might have reassured,his client,last night.,0.0,4.743053,2.169621,2.169621,,,,,,,1.87231,8.352759,7.796627,8.739819333333333,4.291928,5.1757055,19.75235,13.260588,8.86639588888889,7.6211075
52,yes,yes,0,+wh_gap,They know,who,,,,,,might have reassured,his client,last night.,0.0,4.743053,7.200986,7.200986,,,,,,,,,8.894014,9.619275333333334,5.374664,7.268993,17.036602,11.250943,9.413956857142859,8.258479
52,yes,no,0,+wh_no_gap,They know,who,,,,,the lawyer,might have reassured,his client,last night.,0.0,4.743053,7.200986,7.200986,,,,,,,4.435805,8.657363499999999,7.751737,8.731011,5.587649,6.3681445,16.668085,11.311352000000001,8.762972555555555,7.962820416666667
52,no,yes,1,-wh_gap,They know,that,the man said,,,,,might have reassured,his client,last night.,0.0,4.743053,2.169621,2.169621,1.87231,6.8587946666666655,,,,,,,12.353628,10.292876333333334,4.098263,6.619247,18.915571,11.9385115,9.713449428571428,7.7097120769230765
52,no,no,1,-wh_no_gap,They know,that,the man said,,,,the lawyer,might have reassured,his client,last night.,0.0,4.743053,2.169621,2.169621,1.87231,6.8587946666666655,,,,,4.453599,9.0340135,7.99064,8.647991666666666,4.297414,5.4775645,18.773317,12.465005,8.877460111111112,7.475283466666666
52,yes,yes,1,+wh_gap,They know,who,the man said,,,,,might have reassured,his client,last night.,0.0,4.743053,7.200986,7.200986,4.435805,7.061673666666667,,,,,,,9.822111,9.999165,4.89475,7.1867090000000005,18.104959,11.536133,9.634739857142858,8.101176307692308
52,yes,no,1,+wh_no_gap,They know,who,the man said,,,,the lawyer,might have reassured,his client,last night.,0.0,4.743053,7.200986,7.200986,4.435805,7.061673666666667,,,,,5.664548,9.3917325,8.088782,8.741123333333332,5.549533,6.514543,16.759413,11.3564055,8.972081333333332,7.908056333333334
52,no,yes,2,-wh_gap,They know,that,the man said,the neighbors thought,,,,might have reassured,his client,last night.,0.0,4.743053,2.169621,2.169621,1.87231,6.8587946666666655,4.453599,9.549992333333334,,,,,12.691453,10.718077333333333,5.203923,7.689794,18.364779,11.290647499999999,10.016445,8.1873251875
52,no,no,2,-wh_no_gap,They know,that,the man said,the neighbors thought,,,the lawyer,might have reassured,his client,last night.,0.0,4.743053,2.169621,2.169621,1.87231,6.8587946666666655,4.453599,9.549992333333334,,,3.326699,8.480451500000001,7.883083,8.659891333333334,5.010289,6.1861505,18.717871,12.203821999999999,8.857835777777778,7.811256111111111
52,yes,yes,2,+wh_gap,They know,who,the man said,the neighbors thought,,,,might have reassured,his client,last night.,0.0,4.743053,7.200986,7.200986,4.435805,7.061673666666667,5.664548,9.784229333333334,,,,,8.279703,9.687591666666666,5.545724,7.926166,17.798595,11.297773,9.644378999999999,8.420965875
52,yes,no,2,+wh_no_gap,They know,who,the man said,the neighbors thought,,,the lawyer,might have reassured,his client,last night.,0.0,4.743053,7.200986,7.200986,4.435805,7.061673666666667,5.664548,9.784229333333334,,,5.780319,9.879252000000001,7.111562,8.338966000000001,6.219501,7.0156455,16.31341,10.9845585,8.975090000000002,8.222256166666666
52,no,yes,3,-wh_gap,They know,that,the man said,the neighbors thought,they knew,,,might have reassured,his client,last night.,0.0,4.743053,2.169621,2.169621,1.87231,6.8587946666666655,4.453599,9.549992333333334,3.037787,4.919791,,,15.645976,12.006382333333335,5.391345,7.7182885,18.037046,11.376322,10.60119542857143,8.051668777777778
52,no,no,3,-wh_no_gap,They know,that,the man said,the neighbors thought,they knew,,the lawyer,might have reassured,his client,last night.,0.0,4.743053,2.169621,2.169621,1.87231,6.8587946666666655,4.453599,9.549992333333334,3.037787,4.919791,3.06879,8.4497635,8.067428,8.676419333333333,5.054907,6.2367025,18.290773,12.171164000000001,8.860501999999999,7.5233094
52,yes,yes,3,+wh_gap,They know,who,the man said,the neighbors thought,they knew,,,might have reassured,his client,last night.,0.0,4.743053,7.200986,7.200986,4.435805,7.061673666666667,5.664548,9.784229333333334,4.806448,5.327363999999999,,,11.602529,10.829760666666667,6.000592,8.024188,17.370089,11.161775,10.123029714285716,8.263374277777778
52,yes,no,3,+wh_no_gap,They know,who,the man said,the neighbors thought,they knew,,the lawyer,might have reassured,his client,last night.,0.0,4.743053,7.200986,7.200986,4.435805,7.061673666666667,5.664548,9.784229333333334,4.806448,5.327363999999999,4.512748,9.1931495,7.506169,8.506496333333333,5.714885,6.4961424999999995,17.203184,11.458715,8.868389222222223,7.8847515999999995
52,no,yes,4,-wh_gap,They know,that,the man said,the neighbors thought,they knew,the woman noticed,,might have reassured,his client,last night.,0.0,4.743053,2.169621,2.169621,1.87231,6.8587946666666655,4.453599,9.549992333333334,3.037787,4.919791,,,15.645976,12.006382333333335,5.391345,7.7182885,18.037046,11.376322,10.60119542857143,8.051668777777778
52,no,no,4,-wh_no_gap,They know,that,the man said,the neighbors thought,they knew,the woman noticed,the lawyer,might have reassured,his client,last night.,0.0,4.743053,2.169621,2.169621,1.87231,6.8587946666666655,4.453599,9.549992333333334,3.037787,4.919791,3.06879,8.4497635,8.067428,8.676419333333333,5.054907,6.2367025,18.290773,12.171164000000001,8.860501999999999,7.5233094
52,yes,yes,4,+wh_gap,They know,who,the man said,the neighbors thought,they knew,the woman noticed,,might have reassured,his client,last night.,0.0,4.743053,7.200986,7.200986,4.435805,7.061673666666667,5.664548,9.784229333333334,4.806448,5.327363999999999,,,11.602529,10.829760666666667,6.000592,8.024188,17.370089,11.161775,10.123029714285716,8.263374277777778
52,yes,no,4,+wh_no_gap,They know,who,the man said,the neighbors thought,they knew,the woman noticed,the lawyer,might have reassured,his client,last night.,0.0,4.743053,7.200986,7.200986,4.435805,7.061673666666667,5.664548,9.784229333333334,4.806448,5.327363999999999,4.512748,9.1931495,7.506169,8.506496333333333,5.714885,6.4961424999999995,17.203184,11.458715,8.868389222222223,7.8847515999999995
51,no,yes,0,-wh_gap,She knows,that,,,,,,should thank,the cook,in the mess hall.,0.0,5.8043205,2.279035,2.279035,,,,,,,,,13.206536,14.1463155,3.318292,7.659739,8.097577,6.565250750000001,8.734139,7.61461709090909
51,no,no,0,-wh_no_gap,She knows,that,,,,,the soldier,should thank,the cook,in the mess hall.,0.0,5.8043205,2.279035,2.279035,,,,,,,2.521865,7.998438,6.662037,10.615905,2.477242,7.250237,7.566201,6.041032,7.5893288,6.9062280000000005
51,yes,yes,0,+wh_gap,She knows,who,,,,,,should thank,the cook,in the mess hall.,0.0,5.8043205,6.4446,6.4446,,,,,,,,,7.554904,9.847356,2.770821,7.417799,7.697582,6.4408215,7.5366995,7.122439727272728
51,yes,no,0,+wh_no_gap,She knows,who,,,,,the soldier,should thank,the cook,in the mess hall.,0.0,5.8043205,6.4446,6.4446,,,,,,,4.386521,8.467423499999999,6.871757,10.59111,3.631372,7.1296990000000005,6.620277,5.30432625,7.359376999999999,7.049770076923078
51,no,yes,1,-wh_gap,She knows,that,the captain said,,,,,should thank,the cook,in the mess hall.,0.0,5.8043205,2.279035,2.279035,2.521865,8.350457666666665,,,,,,,14.103118,13.2183655,2.395866,6.7734695,7.843631,6.0098895,8.0029035,7.354448357142858
51,no,no,1,-wh_no_gap,She knows,that,the captain said,,,,the soldier,should thank,the cook,in the mess hall.,0.0,5.8043205,2.279035,2.279035,2.521865,8.350457666666665,,,,,3.196324,7.1515735000000005,5.713977,9.703882,2.399218,6.610878,7.586306,5.834586,7.0271011,6.82562875
51,yes,yes,1,+wh_gap,She knows,who,the captain said,,,,,should thank,the cook,in the mess hall.,0.0,5.8043205,6.4446,6.4446,4.386521,8.779192666666667,,,,,,,9.612699,11.9522635,2.758163,7.09404,7.401581,5.671944750000001,7.59754825,7.512228928571429
51,yes,no,1,+wh_no_gap,She knows,who,the captain said,,,,the soldier,should thank,the cook,in the mess hall.,0.0,5.8043205,6.4446,6.4446,4.386521,8.779192666666667,,,,,5.432386,8.410565,7.030121,10.1095275,2.429569,6.5860875,7.339335,5.56969575,7.2491143000000005,7.305122625000001
51,no,yes,2,-wh_gap,She knows,that,the captain said,the pilot thought,,,,should thank,the cook,in the mess hall.,0.0,5.8043205,2.279035,2.279035,2.521865,8.350457666666665,3.196324,7.136068666666667,,,,,11.311627,12.617234499999999,2.224759,7.094236,7.418203,5.49144225,7.6735887499999995,7.160939117647058
51,no,no,2,-wh_no_gap,She knows,that,the captain said,the pilot thought,,,the soldier,should thank,the cook,in the mess hall.,0.0,5.8043205,2.279035,2.279035,2.521865,8.350457666666665,3.196324,7.136068666666667,,,3.232933,7.248099,4.700153,9.834381,2.236521,6.743817,7.440402,5.6218432499999995,7.013996699999998,6.867748526315788
51,yes,yes,2,+wh_gap,She knows,who,the captain said,the pilot thought,,,,should thank,the cook,in the mess hall.,0.0,5.8043205,6.4446,6.4446,4.386521,8.779192666666667,5.432386,8.309527666666666,,,,,8.609049,11.8294385,2.152977,7.1426935,7.176261,5.37923575,7.432650875,7.57532994117647
51,yes,no,2,+wh_no_gap,She knows,who,the captain said,the pilot thought,,,the soldier,should thank,the cook,in the mess hall.,0.0,5.8043205,6.4446,6.4446,4.386521,8.779192666666667,5.432386,8.309527666666666,,,4.620652,7.9016705,5.480984,9.874349,2.186499,6.6750525,7.14899,5.425875,7.0605644,7.364476105263157
51,no,yes,3,-wh_gap,She knows,that,the captain said,the pilot thought,he knew,,,should thank,the cook,in the mess hall.,0.0,5.8043205,2.279035,2.279035,2.521865,8.350457666666665,3.196324,7.136068666666667,3.849498,5.4114835,,,12.810708,13.2499815,2.389449,7.138332500000001,7.925909,5.55400825,7.874082625000001,7.061204368421052
51,no,no,3,-wh_no_gap,She knows,that,the captain said,the pilot thought,he knew,,the soldier,should thank,the cook,in the mess hall.,0.0,5.8043205,2.279035,2.279035,2.521865,8.350457666666665,3.196324,7.136068666666667,3.849498,5.4114835,2.619789,7.9435044999999995,5.825572,9.929805,2.544332,6.840769,7.649158,5.429629500000001,7.1146675,6.776995095238096
51,yes,yes,3,+wh_gap,She knows,who,the captain said,the pilot thought,he knew,,,should thank,the cook,in the mess hall.,0.0,5.8043205,6.4446,6.4446,4.386521,8.779192666666667,5.432386,8.309527666666666,5.289143,5.941625,,,12.650842,13.2553835,2.344834,7.074879500000001,7.827889,5.463241,7.8141862500000006,7.564007473684211
51,yes,no,3,+wh_no_gap,She knows,who,the captain said,the pilot thought,he knew,,the soldier,should thank,the cook,in the mess hall.,0.0,5.8043205,6.4446,6.4446,4.386521,8.779192666666667,5.432386,8.309527666666666,5.289143,5.941625,2.549088,7.8946285,6.547679,10.2312565,2.498263,6.8215905,7.529894,5.3299544999999995,7.121476899999999,7.257972428571428
51,no,yes,4,-wh_gap,She knows,that,the captain said,the pilot thought,he knew,the man saw,,should thank,the cook,in the mess hall.,0.0,5.8043205,2.279035,2.279035,2.521865,8.350457666666665,3.196324,7.136068666666667,3.849498,5.4114835,,,12.810708,13.2499815,2.389449,7.138332500000001,7.925909,5.55400825,7.874082625000001,7.061204368421052
51,no,no,4,-wh_no_gap,She knows,that,the captain said,the pilot thought,he knew,the man saw,the soldier,should thank,the cook,in the mess hall.,0.0,5.8043205,2.279035,2.279035,2.521865,8.350457666666665,3.196324,7.136068666666667,3.849498,5.4114835,2.619789,7.9435044999999995,5.825572,9.929805,2.544332,6.840769,7.649158,5.429629500000001,7.1146675,6.776995095238096
51,yes,yes,4,+wh_gap,She knows,who,the captain said,the pilot thought,he knew,the man saw,,should thank,the cook,in the mess hall.,0.0,5.8043205,6.4446,6.4446,4.386521,8.779192666666667,5.432386,8.309527666666666,5.289143,5.941625,,,12.650842,13.2553835,2.344834,7.074879500000001,7.827889,5.463241,7.8141862500000006,7.564007473684211
51,yes,no,4,+wh_no_gap,She knows,who,the captain said,the pilot thought,he knew,the man saw,the soldier,should thank,the cook,in the mess hall.,0.0,5.8043205,6.4446,6.4446,4.386521,8.779192666666667,5.432386,8.309527666666666,5.289143,5.941625,2.549088,7.8946285,6.547679,10.2312565,2.498263,6.8215905,7.529894,5.3299544999999995,7.121476899999999,7.257972428571428
50,no,yes,0,-wh_gap,He knows,that,,,,,,might interrogate,the suspect,in the basement.,0.0,5.76156,2.297416,2.297416,,,,,,,,,14.99877,16.804621,2.75401,6.0017245,5.028066,6.182535333333334,9.165756714285717,7.7980833
50,no,no,0,-wh_no_gap,He knows,that,,,,,the police,might interrogate,the suspect,in the basement.,0.0,5.76156,2.297416,2.297416,,,,,,,2.267236,5.3986415,8.153675,10.6365015,3.298076,4.127273000000001,4.801189,5.584905666666667,6.34217211111111,5.908340416666667
50,yes,yes,0,+wh_gap,He knows,who,,,,,,might interrogate,the suspect,in the basement.,0.0,5.76156,6.622077,6.622077,,,,,,,,,8.989314,12.7272965,2.617077,5.3996125,4.989722,5.8215976666666664,7.674087285714285,7.1863808
50,yes,no,0,+wh_no_gap,He knows,who,,,,,the police,might interrogate,the suspect,in the basement.,0.0,5.76156,6.622077,6.622077,,,,,,,4.020604,6.0749745,7.827134,10.1648205,4.707795,5.4001265,4.892261,5.372407,6.599673777777777,6.461855083333333
50,no,yes,1,-wh_gap,He knows,that,the inspector believed,,,,,might interrogate,the suspect,in the basement.,0.0,5.76156,2.297416,2.297416,2.267236,9.680087333333333,,,,,,,16.199966,16.733855,3.05882,4.894266,4.759135,5.935488333333333,8.723243857142856,7.99411576923077
50,no,no,1,-wh_no_gap,He knows,that,the inspector believed,,,,the police,might interrogate,the suspect,in the basement.,0.0,5.76156,2.297416,2.297416,2.267236,9.680087333333333,,,,,2.910822,5.052365,6.969773,9.9628335,3.009601,3.6832525,4.844136,5.415572,5.960402,6.433627733333335
50,yes,yes,1,+wh_gap,He knows,who,the inspector believed,,,,,might interrogate,the suspect,in the basement.,0.0,5.76156,6.622077,6.622077,4.020604,9.534626666666668,,,,,,,10.412991,13.855716000000001,2.786257,4.7290155,4.9646,5.714145333333334,7.758842714285714,7.773921230769232
50,yes,no,1,+wh_no_gap,He knows,who,the inspector believed,,,,the police,might interrogate,the suspect,in the basement.,0.0,5.76156,6.622077,6.622077,4.020604,9.534626666666668,,,,,4.063472,5.8198135,6.430918,9.665069500000001,3.298568,4.030931,4.787866,5.32136,6.110634222222222,6.782985666666667
50,no,yes,2,-wh_gap,He knows,that,the inspector believed,the man reported,,,,might interrogate,the suspect,in the basement.,0.0,5.76156,2.297416,2.297416,2.267236,9.680087333333333,2.910822,8.425397333333335,,,,,11.942032,14.270208499999999,2.852533,4.377556,4.680294,5.3578833333333336,7.624168428571429,7.5941355625
50,no,no,2,-wh_no_gap,He knows,that,the inspector believed,the man reported,,,the police,might interrogate,the suspect,in the basement.,0.0,5.76156,2.297416,2.297416,2.267236,9.680087333333333,2.910822,8.425397333333335,,,3.951287,6.516326,9.294768,11.453703,2.810541,3.7359584999999997,4.967227,5.339797333333333,6.603485222222223,7.087130944444444
50,yes,yes,2,+wh_gap,He knows,who,the inspector believed,the man reported,,,,might interrogate,the suspect,in the basement.,0.0,5.76156,6.622077,6.622077,4.020604,9.534626666666668,4.063472,8.257791333333332,,,,,10.6858,13.879031,2.85315,4.570575,4.966566,5.487268333333333,7.623002428571428,7.80521675
50,yes,no,2,+wh_no_gap,He knows,who,the inspector believed,the man reported,,,the police,might interrogate,the suspect,in the basement.,0.0,5.76156,6.622077,6.622077,4.020604,9.534626666666668,4.063472,8.257791333333332,,,4.985235,6.8037434999999995,9.77162,11.6264585,2.817647,3.818576,5.022307,5.320427666666666,6.717648777777779,7.332293888888889
50,no,yes,3,-wh_gap,He knows,that,the inspector believed,the man reported,he knew,,,might interrogate,the suspect,in the basement.,0.0,5.76156,2.297416,2.297416,2.267236,9.680087333333333,2.910822,8.425397333333335,5.295085,6.0134785,,,15.477876,16.4155125,2.802698,4.348581,5.263293,5.632673,8.346600857142857,7.6994529444444435
50,no,no,3,-wh_no_gap,He knows,that,the inspector believed,the man reported,he knew,,the police,might interrogate,the suspect,in the basement.,0.0,5.76156,2.297416,2.297416,2.267236,9.680087333333333,2.910822,8.425397333333335,5.295085,6.0134785,2.930772,4.732209,8.217927,11.2346605,3.208523,3.6893200000000004,5.229146,5.365744666666667,6.156623666666667,6.778677999999999
50,yes,yes,3,+wh_gap,He knows,who,the inspector believed,the man reported,he knew,,,might interrogate,the suspect,in the basement.,0.0,5.76156,6.622077,6.622077,4.020604,9.534626666666668,4.063472,8.257791333333332,5.929849,6.067959,,,13.347805,15.428435499999999,2.774543,4.499592,5.298245,5.5777323333333335,8.084178857142858,7.791534499999997
50,yes,no,3,+wh_no_gap,He knows,who,the inspector believed,the man reported,he knew,,the police,might interrogate,the suspect,in the basement.,0.0,5.76156,6.622077,6.622077,4.020604,9.534626666666668,4.063472,8.257791333333332,5.929849,6.067959,3.130877,4.9585,8.340166,11.423727,3.229692,3.738845,5.208342,5.330274666666667,6.248107555555555,6.99456685
50,no,yes,4,-wh_gap,He knows,that,the inspector believed,the man reported,he knew,he noticed,,might interrogate,the suspect,in the basement.,0.0,5.76156,2.297416,2.297416,2.267236,9.680087333333333,2.910822,8.425397333333335,5.295085,6.0134785,,,15.477876,16.4155125,2.802698,4.348581,5.263293,5.632673,8.346600857142857,7.6994529444444435
50,no,no,4,-wh_no_gap,He knows,that,the inspector believed,the man reported,he knew,he noticed,the police,might interrogate,the suspect,in the basement.,0.0,5.76156,2.297416,2.297416,2.267236,9.680087333333333,2.910822,8.425397333333335,5.295085,6.0134785,2.930772,4.732209,8.217927,11.2346605,3.208523,3.6893200000000004,5.229146,5.365744666666667,6.156623666666667,6.778677999999999
50,yes,yes,4,+wh_gap,He knows,who,the inspector believed,the man reported,he knew,he noticed,,might interrogate,the suspect,in the basement.,0.0,5.76156,6.622077,6.622077,4.020604,9.534626666666668,4.063472,8.257791333333332,5.929849,6.067959,,,13.347805,15.428435499999999,2.774543,4.499592,5.298245,5.5777323333333335,8.084178857142858,7.791534499999997
50,yes,no,4,+wh_no_gap,He knows,who,the inspector believed,the man reported,he knew,he noticed,the police,might interrogate,the suspect,in the basement.,0.0,5.76156,6.622077,6.622077,4.020604,9.534626666666668,4.063472,8.257791333333332,5.929849,6.067959,3.130877,4.9585,8.340166,11.423727,3.229692,3.738845,5.208342,5.330274666666667,6.248107555555555,6.99456685
49,no,yes,0,-wh_gap,You know,that,,,,,,was waiting for,her mother,at the movie theater.,0.0,3.112767,3.970907,3.970907,,,,,,,,,10.397597,8.863753666666666,5.92077,6.8658555,7.376509,5.906879000000001,7.105609777777778,6.17891075
49,no,no,0,-wh_no_gap,You know,that,,,,,the young woman,was waiting for,her mother,at the movie theater.,0.0,3.112767,3.970907,3.970907,,,,,,,2.063794,5.3054689999999995,3.274912,4.684118333333333,2.382252,4.521186,7.134991,5.91452425,5.222435916666667,4.857711466666667
49,yes,yes,0,+wh_gap,You know,who,,,,,,was waiting for,her mother,at the movie theater.,0.0,3.112767,7.834128,7.834128,,,,,,,,,3.731584,4.808333666666667,5.113312,6.601326499999999,7.168292,5.8097005,5.651828444444444,5.410509833333333
49,yes,no,0,+wh_no_gap,You know,who,,,,,the young woman,was waiting for,her mother,at the movie theater.,0.0,3.112767,7.834128,7.834128,,,,,,,4.899722,6.5543206666666665,3.139148,4.543214,5.409443,5.5069,7.439176,6.7392965,5.938632500000001,5.6882168
49,no,yes,1,-wh_gap,You know,that,the man said,,,,,was waiting for,her mother,at the movie theater.,0.0,3.112767,3.970907,3.970907,2.063794,6.389174,,,,,,,5.485855,6.320022333333333,4.351062,6.3593665,7.492953,5.99999625,6.186531666666666,5.669516533333334
49,no,no,1,-wh_no_gap,You know,that,the man said,,,,the young woman,was waiting for,her mother,at the movie theater.,0.0,3.112767,3.970907,3.970907,2.063794,6.389174,,,,,4.320282,5.903980999999999,2.577034,4.505080333333333,2.629894,4.949108000000001,7.387542,6.0276885,5.436346166666667,5.255562055555555
49,yes,yes,1,+wh_gap,You know,who,the man said,,,,,was waiting for,her mother,at the movie theater.,0.0,3.112767,7.834128,7.834128,4.899722,6.614255,,,,,,,2.979425,5.6234969999999995,4.553457,6.5250475,8.156737,6.02102625,6.000521222222222,5.860474533333333
49,yes,no,1,+wh_no_gap,You know,who,the man said,,,,the young woman,was waiting for,her mother,at the movie theater.,0.0,3.112767,7.834128,7.834128,4.899722,6.614255,,,,,5.779932,6.411927666666667,2.452481,4.573858333333333,3.674266,4.972761,7.530455,6.06101625,5.5955787500000005,5.613854
49,no,yes,2,-wh_gap,You know,that,the man said,the attendant saw,,,,was waiting for,her mother,at the movie theater.,0.0,3.112767,3.970907,3.970907,2.063794,6.389174,4.320282,9.623154333333334,,,,,11.72495,8.436878333333334,4.800588,6.3807884999999995,7.702641,6.2086925,6.989664666666667,6.730022666666666
49,no,no,2,-wh_no_gap,You know,that,the man said,the attendant saw,,,the young woman,was waiting for,her mother,at the movie theater.,0.0,3.112767,3.970907,3.970907,2.063794,6.389174,4.320282,9.623154333333334,,,2.213568,4.7638196666666675,7.951809,6.288611666666667,2.921859,5.130276,7.426383,6.09089125,5.648450916666667,6.000706523809525
49,yes,yes,2,+wh_gap,You know,who,the man said,the attendant saw,,,,was waiting for,her mother,at the movie theater.,0.0,3.112767,7.834128,7.834128,4.899722,6.614255,5.779932,9.962940333333334,,,,,4.793914,6.103857999999999,4.695721,6.505216000000001,7.750479,5.967336250000001,6.1323723333333335,6.610144388888889
49,yes,no,2,+wh_no_gap,You know,who,the man said,the attendant saw,,,the young woman,was waiting for,her mother,at the movie theater.,0.0,3.112767,7.834128,7.834128,4.899722,6.614255,5.779932,9.962940333333334,,,3.947586,5.521105333333334,5.13209,5.089676,2.782952,4.994552499999999,7.415404,5.80683775,5.420733333333334,6.13524038095238
49,no,yes,3,-wh_gap,You know,that,the man said,the attendant saw,her friend knew,,,was waiting for,her mother,at the movie theater.,0.0,3.112767,3.970907,3.970907,2.063794,6.389174,4.320282,9.623154333333334,5.208726,10.590694999999998,,,12.443809,9.015927333333332,2.597056,5.6075995,7.910448,6.217706,7.014867222222222,7.292348380952381
49,no,no,3,-wh_no_gap,You know,that,the man said,the attendant saw,her friend knew,,the young woman,was waiting for,her mother,at the movie theater.,0.0,3.112767,3.970907,3.970907,2.063794,6.389174,4.320282,9.623154333333334,5.208726,10.590694999999998,3.663167,5.141458666666667,3.265888,4.753843333333333,2.483687,5.2864425,7.900661,6.149592,5.404763249999999,6.45261125
49,yes,yes,3,+wh_gap,You know,who,the man said,the attendant saw,her friend knew,,,was waiting for,her mother,at the movie theater.,0.0,3.112767,7.834128,7.834128,4.899722,6.614255,5.779932,9.962940333333334,7.326251,10.240994666666666,,,6.129179,6.697116666666667,2.375403,5.527141,8.23121,6.10163525,6.172463666666667,7.146019285714286
49,yes,no,3,+wh_no_gap,You know,who,the man said,the attendant saw,her friend knew,,the young woman,was waiting for,her mother,at the movie theater.,0.0,3.112767,7.834128,7.834128,4.899722,6.614255,5.779932,9.962940333333334,7.326251,10.240994666666666,4.79768,5.880583000000001,3.001696,4.360393333333334,2.33915,5.0948575,7.85394,5.922742,5.383634333333333,6.629910166666666
49,no,yes,4,-wh_gap,You know,that,the man said,the attendant saw,her friend knew,his father saw,,was waiting for,her mother,at the movie theater.,0.0,3.112767,3.970907,3.970907,2.063794,6.389174,4.320282,9.623154333333334,5.208726,10.590694999999998,,,12.443809,9.015927333333332,2.597056,5.6075995,7.910448,6.217706,7.014867222222222,7.292348380952381
49,no,no,4,-wh_no_gap,You know,that,the man said,the attendant saw,her friend knew,his father saw,the young woman,was waiting for,her mother,at the movie theater.,0.0,3.112767,3.970907,3.970907,2.063794,6.389174,4.320282,9.623154333333334,5.208726,10.590694999999998,3.663167,5.141458666666667,3.265888,4.753843333333333,2.483687,5.2864425,7.900661,6.149592,5.404763249999999,6.45261125
49,yes,yes,4,+wh_gap,You know,who,the man said,the attendant saw,her friend knew,his father saw,,was waiting for,her mother,at the movie theater.,0.0,3.112767,7.834128,7.834128,4.899722,6.614255,5.779932,9.962940333333334,7.326251,10.240994666666666,,,6.129179,6.697116666666667,2.375403,5.527141,8.23121,6.10163525,6.172463666666667,7.146019285714286
49,yes,no,4,+wh_no_gap,You know,who,the man said,the attendant saw,her friend knew,his father saw,the young woman,was waiting for,her mother,at the movie theater.,0.0,3.112767,7.834128,7.834128,4.899722,6.614255,5.779932,9.962940333333334,7.326251,10.240994666666666,4.79768,5.880583000000001,3.001696,4.360393333333334,2.33915,5.0948575,7.85394,5.922742,5.383634333333333,6.629910166666666
48,no,yes,0,-wh_gap,I know,that,,,,,,could introduce,her friend,to the regular customer.,0.0,3.139138,2.352433,2.352433,,,,,,,,,13.58407,13.749687999999999,8.624553,10.6830605,3.086529,6.974103749999999,9.595239,7.762965545454546
48,no,no,0,-wh_no_gap,I know,that,,,,,the hostess,could introduce,her friend,to the regular customer.,0.0,3.139138,2.352433,2.352433,,,,,,,2.35511,10.2177515,5.602256,8.8983255,4.666739,8.801282,2.325186,5.57125175,7.8119725,6.673110307692308
48,yes,yes,0,+wh_gap,I know,who,,,,,,could introduce,her friend,to the regular customer.,0.0,3.139138,6.580016,6.580016,,,,,,,,,7.502074,10.207192500000001,7.600143,10.5671065,2.76271,6.72752525,8.557337375,7.392453727272727
48,yes,no,0,+wh_no_gap,I know,who,,,,,the hostess,could introduce,her friend,to the regular customer.,0.0,3.139138,6.580016,6.580016,,,,,,,5.056487,10.728741000000001,5.924891,9.727494,7.314945,9.642398499999999,3.651839,6.4274455,8.590704899999999,7.597333923076922
48,no,yes,1,-wh_gap,I know,that,the heiress believed,,,,,could introduce,her friend,to the regular customer.,0.0,3.139138,2.352433,2.352433,2.35511,10.603128333333332,,,,,,,11.252603,12.5766095,4.163361,8.796341,2.217807,7.22728475,8.95688,8.006795285714285
48,no,no,1,-wh_no_gap,I know,that,the heiress believed,,,,the hostess,could introduce,her friend,to the regular customer.,0.0,3.139138,2.352433,2.352433,2.35511,10.603128333333332,,,,,3.400319,8.7480695,3.547537,8.192643499999999,2.807856,8.2568515,1.823875,5.9469864999999995,7.4183075,7.163948062499999
48,yes,yes,1,+wh_gap,I know,who,the heiress believed,,,,,could introduce,her friend,to the regular customer.,0.0,3.139138,6.580016,6.580016,5.056487,10.612945000000002,,,,,,,9.040833,11.895973,4.797659,9.323779,2.475157,7.366814250000001,8.988345125,8.328849142857141
48,yes,no,1,+wh_no_gap,I know,who,the heiress believed,,,,the hostess,could introduce,her friend,to the regular customer.,0.0,3.139138,6.580016,6.580016,5.056487,10.612945000000002,,,,,6.069586,9.7505835,3.907634,8.673990499999999,5.912561,9.1554915,2.730096,6.5923425,8.1529501,7.88916425
48,no,yes,2,-wh_gap,I know,that,the heiress believed,her friend said,,,,could introduce,her friend,to the regular customer.,0.0,3.139138,2.352433,2.352433,2.35511,10.603128333333332,5.574176,8.993746666666667,,,,,13.694848,13.589463,2.865212,8.16648,2.531017,7.0546665,8.966319,8.185405058823529
48,no,no,2,-wh_no_gap,I know,that,the heiress believed,her friend said,,,the hostess,could introduce,her friend,to the regular customer.,0.0,3.139138,2.352433,2.352433,2.35511,10.603128333333332,5.574176,8.993746666666667,,,4.120629,8.701239,4.150574,8.848457,2.136135,7.7871745,2.068902,6.0950602499999995,7.5053982,7.498700842105262
48,yes,yes,2,+wh_gap,I know,who,the heiress believed,her friend said,,,,could introduce,her friend,to the regular customer.,0.0,3.139138,6.580016,6.580016,5.056487,10.612945000000002,9.047324,9.372385333333332,,,,,10.095888,12.295221000000002,2.856992,8.2913625,2.530981,7.17992825,8.73661,8.394539
48,yes,no,2,+wh_no_gap,I know,who,the heiress believed,her friend said,,,the hostess,could introduce,her friend,to the regular customer.,0.0,3.139138,6.580016,6.580016,5.056487,10.612945000000002,9.047324,9.372385333333332,,,5.579297,9.329881499999999,4.494486,9.1158415,4.640498,8.6300265,2.516189,6.6174877500000004,8.062145,8.075564894736843
48,no,yes,3,-wh_gap,I know,that,the heiress believed,her friend said,she knew,,,could introduce,her friend,to the regular customer.,0.0,3.139138,2.352433,2.352433,2.35511,10.603128333333332,5.574176,8.993746666666667,2.617829,4.652235,,,14.337604,13.949950000000001,3.368003,8.0708385,2.629303,7.024731,9.017562625,7.835068684210527
48,no,no,3,-wh_no_gap,I know,that,the heiress believed,her friend said,she knew,,the hostess,could introduce,her friend,to the regular customer.,0.0,3.139138,2.352433,2.352433,2.35511,10.603128333333332,5.574176,8.993746666666667,2.617829,4.652235,3.380313,9.09985,5.727929,9.629138999999999,2.194702,7.823626,2.211312,6.25023275,7.8106161,7.3729507142857145
48,yes,yes,3,+wh_gap,I know,who,the heiress believed,her friend said,she knew,,,could introduce,her friend,to the regular customer.,0.0,3.139138,6.580016,6.580016,5.056487,10.612945000000002,9.047324,9.372385333333332,4.580163,5.4542435000000005,,,10.227207,12.377303999999999,3.103319,8.0205015,2.657825,7.121865,8.660383874999999,8.052939
48,yes,no,3,+wh_no_gap,I know,who,the heiress believed,her friend said,she knew,,the hostess,could introduce,her friend,to the regular customer.,0.0,3.139138,6.580016,6.580016,5.056487,10.612945000000002,9.047324,9.372385333333332,4.580163,5.4542435000000005,4.252977,9.0158265,5.574406,9.824877,2.708062,7.676813,2.492446,6.6492305,7.9631955,7.778796428571427
48,no,yes,4,-wh_gap,I know,that,the heiress believed,her friend said,she knew,the man noticed,,could introduce,her friend,to the regular customer.,0.0,3.139138,2.352433,2.352433,2.35511,10.603128333333332,5.574176,8.993746666666667,2.617829,4.652235,,,14.337604,13.949950000000001,3.368003,8.0708385,2.629303,7.024731,9.017562625,7.835068684210527
48,no,no,4,-wh_no_gap,I know,that,the heiress believed,her friend said,she knew,the man noticed,the hostess,could introduce,her friend,to the regular customer.,0.0,3.139138,2.352433,2.352433,2.35511,10.603128333333332,5.574176,8.993746666666667,2.617829,4.652235,3.380313,9.09985,5.727929,9.629138999999999,2.194702,7.823626,2.211312,6.25023275,7.8106161,7.3729507142857145
48,yes,yes,4,+wh_gap,I know,who,the heiress believed,her friend said,she knew,the man noticed,,could introduce,her friend,to the regular customer.,0.0,3.139138,6.580016,6.580016,5.056487,10.612945000000002,9.047324,9.372385333333332,4.580163,5.4542435000000005,,,10.227207,12.377303999999999,3.103319,8.0205015,2.657825,7.121865,8.660383874999999,8.052939
48,yes,no,4,+wh_no_gap,I know,who,the heiress believed,her friend said,she knew,the man noticed,the hostess,could introduce,her friend,to the regular customer.,0.0,3.139138,6.580016,6.580016,5.056487,10.612945000000002,9.047324,9.372385333333332,4.580163,5.4542435000000005,4.252977,9.0158265,5.574406,9.824877,2.708062,7.676813,2.492446,6.6492305,7.9631955,7.778796428571427
47,no,yes,0,-wh_gap,She knows,that,,,,,,could congratulate,the writer,after the ceremony.,0.0,5.8043205,2.279035,2.279035,,,,,,,,,15.117876,15.674164000000001,3.969883,7.6373394999999995,9.546255,6.936527333333333,9.633227000000002,8.1320265
47,no,no,0,-wh_no_gap,She knows,that,,,,,the man,could congratulate,the writer,after the ceremony.,0.0,5.8043205,2.279035,2.279035,,,,,,,2.521865,4.622968,7.389634,11.36012,4.462567,8.954065,8.795193,6.694347666666666,7.773038777777777,6.987085416666666
47,yes,yes,0,+wh_gap,She knows,who,,,,,,could congratulate,the writer,after the ceremony.,0.0,5.8043205,6.4446,6.4446,,,,,,,,,8.804011,11.272009,3.768375,8.157667,9.169426,6.610863666666667,8.384563285714286,7.674518399999999
47,yes,no,0,+wh_no_gap,She knows,who,,,,,the man,could congratulate,the writer,after the ceremony.,0.0,5.8043205,6.4446,6.4446,,,,,,,4.386521,5.111800000000001,7.396327,11.4749645,4.120293,8.015821500000001,8.947521,6.618652333333333,7.673458777777778,7.259530833333334
47,no,yes,1,-wh_gap,She knows,that,the woman said,,,,,could congratulate,the writer,after the ceremony.,0.0,5.8043205,2.279035,2.279035,2.521865,6.7741690000000006,,,,,,,12.886538,13.675901,4.76919,8.830916,8.639064,6.417095,9.180702714285713,7.575007846153846
47,no,no,1,-wh_no_gap,She knows,that,the woman said,,,,the man,could congratulate,the writer,after the ceremony.,0.0,5.8043205,2.279035,2.279035,2.521865,6.7741690000000006,,,,,4.530111,4.9435135,5.989359,10.4611145,4.573802,9.0245075,8.85774,6.664635666666666,7.6502419999999995,6.870824066666668
47,yes,yes,1,+wh_gap,She knows,who,the woman said,,,,,could congratulate,the writer,after the ceremony.,0.0,5.8043205,6.4446,6.4446,4.386521,7.017791666666667,,,,,,,9.984731,12.968083,4.437455,8.399407,9.492149,6.709280333333333,8.980402999999999,7.843802846153846
47,yes,no,1,+wh_no_gap,She knows,who,the woman said,,,,the man,could congratulate,the writer,after the ceremony.,0.0,5.8043205,6.4446,6.4446,4.386521,7.017791666666667,,,,,5.956725,5.762083,6.096114,10.519437,4.30043,8.538132000000001,9.383484,6.8222103333333335,7.789548333333333,7.280836733333334
47,no,yes,2,-wh_gap,She knows,that,the woman said,her friend believed,,,,could congratulate,the writer,after the ceremony.,0.0,5.8043205,2.279035,2.279035,2.521865,6.7741690000000006,5.48167,7.552524000000001,,,,,15.228891,14.8945235,5.074124,8.9246755,8.759098,6.688954666666667,9.672180285714287,7.7858135625000005
47,no,no,2,-wh_no_gap,She knows,that,the woman said,her friend believed,,,the man,could congratulate,the writer,after the ceremony.,0.0,5.8043205,2.279035,2.279035,2.521865,6.7741690000000006,5.48167,7.552524000000001,,,3.816181,5.2002055,5.277435,9.8950485,5.07454,9.503672,8.793083,6.736208666666666,7.711830888888888,7.015235166666667
47,yes,yes,2,+wh_gap,She knows,who,the woman said,her friend believed,,,,could congratulate,the writer,after the ceremony.,0.0,5.8043205,6.4446,6.4446,4.386521,7.017791666666667,6.8239,8.023342999999999,,,,,10.732455,13.0426395,4.953156,8.85953,9.350681,7.007074666666667,9.260794714285714,8.000138
47,yes,no,2,+wh_no_gap,She knows,who,the woman said,her friend believed,,,the man,could congratulate,the writer,after the ceremony.,0.0,5.8043205,6.4446,6.4446,4.386521,7.017791666666667,6.8239,8.023342999999999,,,4.232893,5.379563,5.136542,9.781886,4.814019,9.3152025,9.015175,6.845268999999999,7.721012222222222,7.370319722222222
47,no,yes,3,-wh_gap,She knows,that,the woman said,her friend believed,she knew,,,could congratulate,the writer,after the ceremony.,0.0,5.8043205,2.279035,2.279035,2.521865,6.7741690000000006,5.48167,7.552524000000001,2.503936,4.860567,,,13.671949,14.115943999999999,5.760251,9.04087,9.054417,6.7164176666666675,9.494697285714285,7.391765
47,no,no,3,-wh_no_gap,She knows,that,the woman said,her friend believed,she knew,,the man,could congratulate,the writer,after the ceremony.,0.0,5.8043205,2.279035,2.279035,2.521865,6.7741690000000006,5.48167,7.552524000000001,2.503936,4.860567,3.343685,4.631823,6.411977,10.728403,5.234541,9.4375735,9.209289,6.921457666666666,7.817774666666667,6.84744305
47,yes,yes,3,+wh_gap,She knows,who,the woman said,her friend believed,she knew,,,could congratulate,the writer,after the ceremony.,0.0,5.8043205,6.4446,6.4446,4.386521,7.017791666666667,6.8239,8.023342999999999,3.132949,5.1164655,,,11.77636,13.135552,5.605837,8.8841675,9.348021,6.852089333333333,9.227958142857144,7.666960166666668
47,yes,no,3,+wh_no_gap,She knows,who,the woman said,her friend believed,she knew,,the man,could congratulate,the writer,after the ceremony.,0.0,5.8043205,6.4446,6.4446,4.386521,7.017791666666667,6.8239,8.023342999999999,3.132949,5.1164655,3.365771,4.545757,6.473001,10.701933499999999,5.044597,9.319683,9.329099,6.962520666666667,7.780256555555555,7.17159425
47,no,yes,4,-wh_gap,She knows,that,the woman said,her friend believed,she knew,the man saw,,could congratulate,the writer,after the ceremony.,0.0,5.8043205,2.279035,2.279035,2.521865,6.7741690000000006,5.48167,7.552524000000001,2.503936,4.860567,,,13.671949,14.115943999999999,5.760251,9.04087,9.054417,6.7164176666666675,9.494697285714285,7.391765
47,no,no,4,-wh_no_gap,She knows,that,the woman said,her friend believed,she knew,the man saw,the man,could congratulate,the writer,after the ceremony.,0.0,5.8043205,2.279035,2.279035,2.521865,6.7741690000000006,5.48167,7.552524000000001,2.503936,4.860567,3.343685,4.631823,6.411977,10.728403,5.234541,9.4375735,9.209289,6.921457666666666,7.817774666666667,6.84744305
47,yes,yes,4,+wh_gap,She knows,who,the woman said,her friend believed,she knew,the man saw,,could congratulate,the writer,after the ceremony.,0.0,5.8043205,6.4446,6.4446,4.386521,7.017791666666667,6.8239,8.023342999999999,3.132949,5.1164655,,,11.77636,13.135552,5.605837,8.8841675,9.348021,6.852089333333333,9.227958142857144,7.666960166666668
47,yes,no,4,+wh_no_gap,She knows,who,the woman said,her friend believed,she knew,the man saw,the man,could congratulate,the writer,after the ceremony.,0.0,5.8043205,6.4446,6.4446,4.386521,7.017791666666667,6.8239,8.023342999999999,3.132949,5.1164655,3.365771,4.545757,6.473001,10.701933499999999,5.044597,9.319683,9.329099,6.962520666666667,7.780256555555555,7.17159425
46,no,yes,0,-wh_gap,He knows,that,,,,,,should support,the principal,during the town meeting.,0.0,5.76156,2.297416,2.297416,,,,,,,,,13.076835,12.970892,1.952019,7.700904,13.306658,8.6026735,9.469285750000001,8.143165636363637
46,no,no,0,-wh_no_gap,He knows,that,,,,,the mayor,should support,the principal,during the town meeting.,0.0,5.76156,2.297416,2.297416,,,,,,,2.267236,7.1525265000000005,6.008269,8.4557515,1.386837,7.490005,12.226116,7.63260825,7.6726999,6.965195
46,yes,yes,0,+wh_gap,He knows,who,,,,,,should support,the principal,during the town meeting.,0.0,5.76156,6.622077,6.622077,,,,,,,,,7.562753,8.9418845,1.409216,7.445569000000001,11.615336,8.074166499999999,8.133946625,7.565160909090909
46,yes,no,0,+wh_no_gap,He knows,who,,,,,the mayor,should support,the principal,during the town meeting.,0.0,5.76156,6.622077,6.622077,,,,,,,4.020604,7.775651,5.926888,8.301185499999999,3.379274,8.2621305,11.746825,7.457116,7.850639799999999,7.434738076923077
46,no,yes,1,-wh_gap,He knows,that,the politician believed,,,,,should support,the principal,during the town meeting.,0.0,5.76156,2.297416,2.297416,2.267236,9.622848,,,,,,,11.800284,10.703329,1.385487,7.8964609999999995,12.639104,8.222655249999999,8.761275125000001,8.05566292857143
46,no,no,1,-wh_no_gap,He knows,that,the politician believed,,,,the mayor,should support,the principal,during the town meeting.,0.0,5.76156,2.297416,2.297416,2.267236,9.622848,,,,,3.331327,7.1585745,3.852862,6.7574375,1.434074,7.774616,12.190126,7.76932725,7.4458565,7.321727812500001
46,yes,yes,1,+wh_gap,He knows,who,the politician believed,,,,,should support,the principal,during the town meeting.,0.0,5.76156,6.622077,6.622077,4.020604,9.822616333333333,,,,,,,8.173252,9.2308005,1.365056,7.8612585,12.222735,8.167781249999999,8.356905375,8.176306357142858
46,yes,no,1,+wh_no_gap,He knows,who,the politician believed,,,,the mayor,should support,the principal,during the town meeting.,0.0,5.76156,6.622077,6.622077,4.020604,9.822616333333333,,,,,4.608828,8.123214,5.182967,7.8580305,3.119867,8.342193,11.629287,7.5200655,7.8727137,7.8962614375
46,no,yes,2,-wh_gap,He knows,that,the politician believed,the donors said,,,,should support,the principal,during the town meeting.,0.0,5.76156,2.297416,2.297416,2.267236,9.622848,3.331327,10.964838333333333,,,,,10.124237,9.1722505,1.583931,7.918661,13.175177,8.390596,8.468025875,8.431047176470589
46,no,no,2,-wh_no_gap,He knows,that,the politician believed,the donors said,,,the mayor,should support,the principal,during the town meeting.,0.0,5.76156,2.297416,2.297416,2.267236,9.622848,3.331327,10.964838333333333,,,3.583243,6.987127,3.438828,6.0989495,1.395439,7.8319149999999995,12.214782,7.704585499999999,7.2654325,7.801995789473684
46,yes,yes,2,+wh_gap,He knows,who,the politician believed,the donors said,,,,should support,the principal,during the town meeting.,0.0,5.76156,6.622077,6.622077,4.020604,9.822616333333333,4.608828,10.956885666666667,,,,,8.519751,8.8323865,1.442149,7.7193245,12.755084,8.38708925,8.331472375,8.655028352941176
46,yes,no,2,+wh_no_gap,He knows,who,the politician believed,the donors said,,,the mayor,should support,the principal,during the town meeting.,0.0,5.76156,6.622077,6.622077,4.020604,9.822616333333333,4.608828,10.956885666666667,,,5.401261,7.651869,5.621832,7.4617115,3.136682,8.4790435,11.92533,7.67959175,7.790361499999999,8.336174631578947
46,no,yes,3,-wh_gap,He knows,that,the politician believed,the donors said,they knew,,,should support,the principal,during the town meeting.,0.0,5.76156,2.297416,2.297416,2.267236,9.622848,3.331327,10.964838333333333,2.700553,5.196697,,,13.250625,11.3155335,1.664697,7.8263265,13.100764,8.2041635,8.88754675,8.267229631578948
46,no,no,3,-wh_no_gap,He knows,that,the politician believed,the donors said,they knew,,the mayor,should support,the principal,during the town meeting.,0.0,5.76156,2.297416,2.297416,2.267236,9.622848,3.331327,10.964838333333333,2.700553,5.196697,2.830935,7.314852,4.225868,6.766441,1.422622,7.857961,12.630421,7.8180825,7.515083800000001,7.67275366666667
46,yes,yes,3,+wh_gap,He knows,who,the politician believed,the donors said,they knew,,,should support,the principal,during the town meeting.,0.0,5.76156,6.622077,6.622077,4.020604,9.822616333333333,4.608828,10.956885666666667,4.81997,5.7959715,,,11.033305,10.479907,1.579769,7.769387500000001,12.725842,8.291005499999999,8.707826375,8.512539842105262
46,yes,no,3,+wh_no_gap,He knows,who,the politician believed,the donors said,they knew,,the mayor,should support,the principal,during the town meeting.,0.0,5.76156,6.622077,6.622077,4.020604,9.822616333333333,4.608828,10.956885666666667,4.81997,5.7959715,3.72908,7.440747,6.602079,8.005881500000001,1.692779,7.9197085,12.232972,7.83820775,7.8085505,8.102911952380952
46,no,yes,4,-wh_gap,He knows,that,the politician believed,the donors said,they knew,he noticed,,should support,the principal,during the town meeting.,0.0,5.76156,2.297416,2.297416,2.267236,9.622848,3.331327,10.964838333333333,2.700553,5.196697,,,13.250625,11.3155335,1.664697,7.8263265,13.100764,8.2041635,8.88754675,8.267229631578948
46,no,no,4,-wh_no_gap,He knows,that,the politician believed,the donors said,they knew,he noticed,the mayor,should support,the principal,during the town meeting.,0.0,5.76156,2.297416,2.297416,2.267236,9.622848,3.331327,10.964838333333333,2.700553,5.196697,2.830935,7.314852,4.225868,6.766441,1.422622,7.857961,12.630421,7.8180825,7.515083800000001,7.67275366666667
46,yes,yes,4,+wh_gap,He knows,who,the politician believed,the donors said,they knew,he noticed,,should support,the principal,during the town meeting.,0.0,5.76156,6.622077,6.622077,4.020604,9.822616333333333,4.608828,10.956885666666667,4.81997,5.7959715,,,11.033305,10.479907,1.579769,7.769387500000001,12.725842,8.291005499999999,8.707826375,8.512539842105262
46,yes,no,4,+wh_no_gap,He knows,who,the politician believed,the donors said,they knew,he noticed,the mayor,should support,the principal,during the town meeting.,0.0,5.76156,6.622077,6.622077,4.020604,9.822616333333333,4.608828,10.956885666666667,4.81997,5.7959715,3.72908,7.440747,6.602079,8.005881500000001,1.692779,7.9197085,12.232972,7.83820775,7.8085505,8.102911952380952
45,no,yes,0,-wh_gap,You know,that,,,,,,did greet,the teacher,on the sidewalk.,0.0,3.112767,3.970907,3.970907,,,,,,,,,13.994121,16.384314500000002,2.309406,6.000237,6.843421,6.020218333333333,8.975679714285716,7.302619900000001
45,no,no,0,-wh_no_gap,You know,that,,,,,the firefighter,did greet,the teacher,on the sidewalk.,0.0,3.112767,3.970907,3.970907,,,,,,,2.063794,10.495181500000001,8.555723,12.853525,2.402892,7.392866,5.857073,5.085717333333333,8.526699666666666,7.244728166666667
45,yes,yes,0,+wh_gap,You know,who,,,,,,did greet,the teacher,on the sidewalk.,0.0,3.112767,7.834128,7.834128,,,,,,,,,7.352716,11.466424,2.257771,7.056942,6.915422,5.924083,7.831283,6.887864300000001
45,yes,no,0,+wh_no_gap,You know,who,,,,,the firefighter,did greet,the teacher,on the sidewalk.,0.0,3.112767,7.834128,7.834128,,,,,,,4.899722,11.551993,8.082619,12.489403,3.084708,7.899554999999999,6.708466,5.598139666666667,8.964035666666668,7.89466525
45,no,yes,1,-wh_gap,You know,that,the woman reported,,,,,did greet,the teacher,on the sidewalk.,0.0,3.112767,3.970907,3.970907,2.063794,8.214972666666666,,,,,,,12.694105,15.2136995,2.668174,6.3563375,5.791708,5.46426,8.504693428571429,7.259554846153846
45,no,no,1,-wh_no_gap,You know,that,the woman reported,,,,the firefighter,did greet,the teacher,on the sidewalk.,0.0,3.112767,3.970907,3.970907,2.063794,8.214972666666666,,,,,3.431336,11.5739165,9.175498,13.472887499999999,2.567012,7.4314045,5.680738,5.164354333333333,8.93883111111111,7.686055933333334
45,yes,yes,1,+wh_gap,You know,who,the woman reported,,,,,did greet,the teacher,on the sidewalk.,0.0,3.112767,7.834128,7.834128,4.899722,9.063721,,,,,,,9.943845,14.2714985,2.645937,6.3422465,6.626492,5.823774,8.385544571428571,7.688433615384616
45,yes,no,1,+wh_no_gap,You know,who,the woman reported,,,,the firefighter,did greet,the teacher,on the sidewalk.,0.0,3.112767,7.834128,7.834128,4.899722,9.063721,,,,,5.648842,12.217152500000001,7.66223,13.038316,3.45999,8.0516895,6.384015,5.507967333333333,9.237579777777778,8.292602866666666
45,no,yes,2,-wh_gap,You know,that,the woman reported,the neighbors believed,,,,did greet,the teacher,on the sidewalk.,0.0,3.112767,3.970907,3.970907,2.063794,8.214972666666666,3.431336,10.498779666666666,,,,,10.215178,14.4386525,2.679499,6.7947055,6.879829,5.6425410000000005,8.484905571428571,7.8582523125
45,no,no,2,-wh_no_gap,You know,that,the woman reported,the neighbors believed,,,the firefighter,did greet,the teacher,on the sidewalk.,0.0,3.112767,3.970907,3.970907,2.063794,8.214972666666666,3.431336,10.498779666666666,,,3.645252,10.620585499999999,7.575259,12.7793295,3.021282,7.845998,6.087216,5.012298,8.614302222222221,7.992578777777778
45,yes,yes,2,+wh_gap,You know,who,the woman reported,the neighbors believed,,,,did greet,the teacher,on the sidewalk.,0.0,3.112767,7.834128,7.834128,4.899722,9.063721,5.648842,10.491711666666667,,,,,8.891634,13.5935325,2.678239,6.605156,7.601417,5.844053666666667,8.275648285714286,8.165968625
45,yes,no,2,+wh_no_gap,You know,who,the woman reported,the neighbors believed,,,the firefighter,did greet,the teacher,on the sidewalk.,0.0,3.112767,7.834128,7.834128,4.899722,9.063721,5.648842,10.491711666666667,,,6.771507,12.2942495,6.718553,13.053112,3.788879,8.3565225,6.913534,5.518063000000001,9.329106333333334,8.704884277777778
45,no,yes,3,-wh_gap,You know,that,the woman reported,the neighbors believed,they knew,,,did greet,the teacher,on the sidewalk.,0.0,3.112767,3.970907,3.970907,2.063794,8.214972666666666,3.431336,10.498779666666666,4.273649,5.6279544999999995,,,13.934286,15.876375,2.721653,6.738055,6.737611,5.625885,8.872359285714285,7.76111788888889
45,no,no,3,-wh_no_gap,You know,that,the woman reported,the neighbors believed,they knew,,the firefighter,did greet,the teacher,on the sidewalk.,0.0,3.112767,3.970907,3.970907,2.063794,8.214972666666666,3.431336,10.498779666666666,4.273649,5.6279544999999995,3.12088,11.2622165,7.16802,12.800465500000001,3.024378,7.963913,6.275049,5.1630943333333335,8.838052555555556,7.8568039999999995
45,yes,yes,3,+wh_gap,You know,who,the woman reported,the neighbors believed,they knew,,,did greet,the teacher,on the sidewalk.,0.0,3.112767,7.834128,7.834128,4.899722,9.063721,5.648842,10.491711666666667,7.472342,6.870312500000001,,,10.43516,14.769153,2.978001,6.850331000000001,7.748693,5.918904333333334,8.713668714285715,8.192348111111112
45,yes,no,3,+wh_no_gap,You know,who,the woman reported,the neighbors believed,they knew,,the firefighter,did greet,the teacher,on the sidewalk.,0.0,3.112767,7.834128,7.834128,4.899722,9.063721,5.648842,10.491711666666667,7.472342,6.870312500000001,4.869418,11.882963499999999,6.510167,12.6414285,3.288509,8.107997000000001,6.895927,5.489454666666667,9.081460222222221,8.409986349999999
45,no,yes,4,-wh_gap,You know,that,the woman reported,the neighbors believed,they knew,they saw,,did greet,the teacher,on the sidewalk.,0.0,3.112767,3.970907,3.970907,2.063794,8.214972666666666,3.431336,10.498779666666666,4.273649,5.6279544999999995,,,13.934286,15.876375,2.721653,6.738055,6.737611,5.625885,8.872359285714285,7.76111788888889
45,no,no,4,-wh_no_gap,You know,that,the woman reported,the neighbors believed,they knew,they saw,the firefighter,did greet,the teacher,on the sidewalk.,0.0,3.112767,3.970907,3.970907,2.063794,8.214972666666666,3.431336,10.498779666666666,4.273649,5.6279544999999995,3.12088,11.2622165,7.16802,12.800465500000001,3.024378,7.963913,6.275049,5.1630943333333335,8.838052555555556,7.8568039999999995
45,yes,yes,4,+wh_gap,You know,who,the woman reported,the neighbors believed,they knew,they saw,,did greet,the teacher,on the sidewalk.,0.0,3.112767,7.834128,7.834128,4.899722,9.063721,5.648842,10.491711666666667,7.472342,6.870312500000001,,,10.43516,14.769153,2.978001,6.850331000000001,7.748693,5.918904333333334,8.713668714285715,8.192348111111112
45,yes,no,4,+wh_no_gap,You know,who,the woman reported,the neighbors believed,they knew,they saw,the firefighter,did greet,the teacher,on the sidewalk.,0.0,3.112767,7.834128,7.834128,4.899722,9.063721,5.648842,10.491711666666667,7.472342,6.870312500000001,4.869418,11.882963499999999,6.510167,12.6414285,3.288509,8.107997000000001,6.895927,5.489454666666667,9.081460222222221,8.409986349999999
44,no,yes,0,-wh_gap,I know,that,,,,,,might have assassinated,the politician,yesterday night.,0.0,3.139138,2.352433,2.352433,,,,,,,,,14.406142,11.571867333333335,2.175825,6.75103,17.203295,15.659382,11.362346571428573,8.8167135
44,no,no,0,-wh_no_gap,I know,that,,,,,the spy,might have assassinated,the politician,yesterday night.,0.0,3.139138,2.352433,2.352433,,,,,,,2.35511,9.2496775,9.044742,8.550562666666666,2.258433,7.243473,17.261833,15.4813775,9.955638222222223,8.185954416666666
44,yes,yes,0,+wh_gap,I know,who,,,,,,might have assassinated,the politician,yesterday night.,0.0,3.139138,6.580016,6.580016,,,,,,,,,8.6036,8.558707,2.204376,7.0856145,17.012274,15.486953,10.117322285714286,8.3679548
44,yes,no,0,+wh_no_gap,I know,who,,,,,the spy,might have assassinated,the politician,yesterday night.,0.0,3.139138,6.580016,6.580016,,,,,,,5.056487,9.969089499999999,7.964957,8.059168,4.008848,8.1900435,16.429996,15.194899,10.098396444444443,8.645321666666666
44,no,yes,1,-wh_gap,I know,that,the agent thought,,,,,might have assassinated,the politician,yesterday night.,0.0,3.139138,2.352433,2.352433,2.35511,8.728145333333332,,,,,,,11.98438,10.330976,2.258312,6.9254025,17.588951,15.8160855,10.925129142857143,8.560849923076926
44,no,no,1,-wh_no_gap,I know,that,the agent thought,,,,the spy,might have assassinated,the politician,yesterday night.,0.0,3.139138,2.352433,2.352433,2.35511,8.728145333333332,,,,,3.367088,8.424739,6.685519,7.572601666666667,2.3917,7.537331,17.350161,15.662236,9.551824111111111,8.052104133333334
44,yes,yes,1,+wh_gap,I know,who,the agent thought,,,,,might have assassinated,the politician,yesterday night.,0.0,3.139138,6.580016,6.580016,5.056487,9.005687,,,,,,,8.65448,9.640188,2.58272,7.0361735,17.389141,15.689624499999999,10.624594285714286,8.78827023076923
44,yes,no,1,+wh_no_gap,I know,who,the agent thought,,,,the spy,might have assassinated,the politician,yesterday night.,0.0,3.139138,6.580016,6.580016,5.056487,9.005687,,,,,5.128903,9.3753235,7.113976,7.548057666666668,4.693756,8.3241465,16.777803,15.344317,9.859083,8.573806666666666
44,no,yes,2,-wh_gap,I know,that,the agent thought,the witness said,,,,might have assassinated,the politician,yesterday night.,0.0,3.139138,2.352433,2.352433,2.35511,8.728145333333332,3.367088,8.482734,,,,,12.313553,10.194584333333333,2.376082,7.045408,17.180845,15.5842895,10.83473542857143,8.5066559375
44,no,no,2,-wh_no_gap,I know,that,the agent thought,the witness said,,,the spy,might have assassinated,the politician,yesterday night.,0.0,3.139138,2.352433,2.352433,2.35511,8.728145333333332,3.367088,8.482734,,,3.185339,7.1047475,7.605357,7.602476,2.534518,7.627226,17.582487,15.668631000000001,9.289848555555556,7.992888
44,yes,yes,2,+wh_gap,I know,who,the agent thought,the witness said,,,,might have assassinated,the politician,yesterday night.,0.0,3.139138,6.580016,6.580016,5.056487,9.005687,5.128903,8.652561333333333,,,,,8.944915,9.447206000000001,2.556159,6.839421,17.240686,15.409206000000001,10.405553142857144,8.6669943125
44,yes,no,2,+wh_no_gap,I know,who,the agent thought,the witness said,,,the spy,might have assassinated,the politician,yesterday night.,0.0,3.139138,6.580016,6.580016,5.056487,9.005687,5.128903,8.652561333333333,,,6.294747,9.162909,8.055648,7.538407333333333,4.676822,8.267989,16.839964,15.056564999999999,9.732238666666667,8.52351027777778
44,no,yes,3,-wh_gap,I know,that,the agent thought,the witness said,he knew,,,might have assassinated,the politician,yesterday night.,0.0,3.139138,2.352433,2.352433,2.35511,8.728145333333332,3.367088,8.482734,3.897701,4.796073,,,14.502498,10.733190666666667,2.640799,7.212892999999999,17.49461,15.6265985,11.125507857142859,8.207447111111112
44,no,no,3,-wh_no_gap,I know,that,the agent thought,the witness said,he knew,,the spy,might have assassinated,the politician,yesterday night.,0.0,3.139138,2.352433,2.352433,2.35511,8.728145333333332,3.367088,8.482734,3.897701,4.796073,2.836133,7.4352195000000005,8.424663,8.090815,2.830945,7.567845,17.879765,15.920102,9.56875311111111,7.79871355
44,yes,yes,3,+wh_gap,I know,who,the agent thought,the witness said,he knew,,,might have assassinated,the politician,yesterday night.,0.0,3.139138,6.580016,6.580016,5.056487,9.005687,5.128903,8.652561333333333,6.420309,5.741434999999999,,,11.281354,9.896879,2.947448,7.0279235,17.346527,15.360809,10.638300285714285,8.432444944444446
44,yes,no,3,+wh_no_gap,I know,who,the agent thought,the witness said,he knew,,the spy,might have assassinated,the politician,yesterday night.,0.0,3.139138,6.580016,6.580016,5.056487,9.005687,5.128903,8.652561333333333,6.420309,5.741434999999999,4.328557,8.3605095,7.941951,7.937861333333333,2.952056,7.341194999999999,17.648996,15.46567,9.572037,8.173212000000001
44,no,yes,4,-wh_gap,I know,that,the agent thought,the witness said,he knew,the man noticed,,might have assassinated,the politician,yesterday night.,0.0,3.139138,2.352433,2.352433,2.35511,8.728145333333332,3.367088,8.482734,3.897701,4.796073,,,14.502498,10.733190666666667,2.640799,7.212892999999999,17.49461,15.6265985,11.125507857142859,8.207447111111112
44,no,no,4,-wh_no_gap,I know,that,the agent thought,the witness said,he knew,the man noticed,the spy,might have assassinated,the politician,yesterday night.,0.0,3.139138,2.352433,2.352433,2.35511,8.728145333333332,3.367088,8.482734,3.897701,4.796073,2.836133,7.4352195000000005,8.424663,8.090815,2.830945,7.567845,17.879765,15.920102,9.56875311111111,7.79871355
44,yes,yes,4,+wh_gap,I know,who,the agent thought,the witness said,he knew,the man noticed,,might have assassinated,the politician,yesterday night.,0.0,3.139138,6.580016,6.580016,5.056487,9.005687,5.128903,8.652561333333333,6.420309,5.741434999999999,,,11.281354,9.896879,2.947448,7.0279235,17.346527,15.360809,10.638300285714285,8.432444944444446
44,yes,no,4,+wh_no_gap,I know,who,the agent thought,the witness said,he knew,the man noticed,the spy,might have assassinated,the politician,yesterday night.,0.0,3.139138,6.580016,6.580016,5.056487,9.005687,5.128903,8.652561333333333,6.420309,5.741434999999999,4.328557,8.3605095,7.941951,7.937861333333333,2.952056,7.341194999999999,17.648996,15.46567,9.572037,8.173212000000001
43,no,yes,0,-wh_gap,He recalled,that,,,,,,did frighten,the protesters,over the weekend.,0.0,5.915169,2.828473,2.828473,,,,,,,,,14.621815,16.6741075,3.75927,6.8134785,8.92032,6.788164333333334,9.619952142857143,8.199847600000002
43,no,no,0,-wh_no_gap,He recalled,that,,,,,the police,did frighten,the protesters,over the weekend.,0.0,5.915169,2.828473,2.828473,,,,,,,2.424241,5.599721,5.188576,11.565846500000001,2.664305,4.2034650000000005,7.79764,5.847742333333334,6.697921333333334,6.245008583333334
43,yes,yes,0,+wh_gap,He recalled,who,,,,,,did frighten,the protesters,over the weekend.,0.0,5.915169,10.627078,10.627078,,,,,,,,,6.489773,12.704051,2.675756,6.232085,8.692156,5.966901333333333,7.967567999999998,7.823039199999998
43,yes,no,0,+wh_no_gap,He recalled,who,,,,,the police,did frighten,the protesters,over the weekend.,0.0,5.915169,10.627078,10.627078,,,,,,,5.534445,6.5493120000000005,5.647596,11.9686285,3.897844,5.3238145,7.702427,5.9647413333333335,7.286414888888889,7.336262499999999
43,no,yes,1,-wh_gap,He recalled,that,the inspector believed,,,,,did frighten,the protesters,over the weekend.,0.0,5.915169,2.828473,2.828473,2.424241,8.658844666666665,,,,,,,16.760311,16.232354,3.104745,5.9404959999999996,9.02064,6.928934666666667,9.304643428571428,8.135988384615384
43,no,no,1,-wh_no_gap,He recalled,that,the inspector believed,,,,the police,did frighten,the protesters,over the weekend.,0.0,5.915169,2.828473,2.828473,2.424241,8.658844666666665,,,,,3.057616,5.248069,5.663022,11.2728085,2.595925,3.8962709999999996,8.301308,6.007864333333334,6.539765555555556,6.632882333333333
43,yes,yes,1,+wh_gap,He recalled,who,the inspector believed,,,,,did frighten,the protesters,over the weekend.,0.0,5.915169,10.627078,10.627078,5.534445,8.882128666666667,,,,,,,7.850505,11.8501875,2.84224,5.542636,9.178941,6.650660666666667,7.819661285714285,7.987802384615383
43,yes,no,1,+wh_no_gap,He recalled,who,the inspector believed,,,,the police,did frighten,the protesters,over the weekend.,0.0,5.915169,10.627078,10.627078,5.534445,8.882128666666667,,,,,4.391393,5.949618,5.759284,11.268374,3.012674,4.3367905,8.40981,6.043992666666667,6.804615888888888,7.356356333333333
43,no,yes,2,-wh_gap,He recalled,that,the inspector believed,the detective concluded,,,,did frighten,the protesters,over the weekend.,0.0,5.915169,2.828473,2.828473,2.424241,8.658844666666665,3.057616,10.792348666666667,,,,,14.843573,14.575383500000001,3.542042,6.128934,9.256538,6.8717033333333335,8.860535,8.4397585
43,no,no,2,-wh_no_gap,He recalled,that,the inspector believed,the detective concluded,,,the police,did frighten,the protesters,over the weekend.,0.0,5.915169,2.828473,2.828473,2.424241,8.658844666666665,3.057616,10.792348666666667,,,3.53861,5.2150235,5.563046,11.437567,3.026492,4.321409,8.421444,6.080259333333333,6.687641888888889,7.400064888888888
43,yes,yes,2,+wh_gap,He recalled,who,the inspector believed,the detective concluded,,,,did frighten,the protesters,over the weekend.,0.0,5.915169,10.627078,10.627078,5.534445,8.882128666666667,4.391393,11.434851333333333,,,,,12.307761,13.2805405,3.779945,6.216148,9.296546,6.8771960000000005,8.517852142857143,8.9395825625
43,yes,no,2,+wh_no_gap,He recalled,who,the inspector believed,the detective concluded,,,the police,did frighten,the protesters,over the weekend.,0.0,5.915169,10.627078,10.627078,5.534445,8.882128666666667,4.391393,11.434851333333333,,,3.539853,5.2467255,5.742823,11.471314499999998,3.350049,4.586041,8.470248,6.097779,6.766833222222221,8.017214166666667
43,no,yes,3,-wh_gap,He recalled,that,the inspector believed,the detective concluded,he knew,,,did frighten,the protesters,over the weekend.,0.0,5.915169,2.828473,2.828473,2.424241,8.658844666666665,3.057616,10.792348666666667,4.672995,5.3853495,,,12.924711,14.3039,3.054559,5.8677814999999995,9.776298,6.971438666666667,8.751097,8.0578205
43,no,no,3,-wh_no_gap,He recalled,that,the inspector believed,the detective concluded,he knew,,the police,did frighten,the protesters,over the weekend.,0.0,5.915169,2.828473,2.828473,2.424241,8.658844666666665,3.057616,10.792348666666667,4.672995,5.3853495,2.596953,4.1626895,6.142929,11.4248715,3.397486,4.640956,8.676559,6.2567319999999995,6.580803333333334,7.1505160000000005
43,yes,yes,3,+wh_gap,He recalled,who,the inspector believed,the detective concluded,he knew,,,did frighten,the protesters,over the weekend.,0.0,5.915169,10.627078,10.627078,5.534445,8.882128666666667,4.391393,11.434851333333333,4.469669,5.042476499999999,,,13.285303,14.351781,3.225008,6.0175754999999995,9.815223,6.960927666666667,8.803070857142858,8.617489166666665
43,yes,no,3,+wh_no_gap,He recalled,who,the inspector believed,the detective concluded,he knew,,the police,did frighten,the protesters,over the weekend.,0.0,5.915169,10.627078,10.627078,5.534445,8.882128666666667,4.391393,11.434851333333333,4.469669,5.042476499999999,2.678362,4.1485955,6.256775,11.37313,3.607966,4.8478924999999995,8.675799,6.216940000000001,6.59889511111111,7.64416825
43,no,yes,4,-wh_gap,He recalled,that,the inspector believed,the detective concluded,he knew,the witness saw,,did frighten,the protesters,over the weekend.,0.0,5.915169,2.828473,2.828473,2.424241,8.658844666666665,3.057616,10.792348666666667,4.672995,5.3853495,,,12.924711,14.3039,3.054559,5.8677814999999995,9.776298,6.971438666666667,8.751097,8.0578205
43,no,no,4,-wh_no_gap,He recalled,that,the inspector believed,the detective concluded,he knew,the witness saw,the police,did frighten,the protesters,over the weekend.,0.0,5.915169,2.828473,2.828473,2.424241,8.658844666666665,3.057616,10.792348666666667,4.672995,5.3853495,2.596953,4.1626895,6.142929,11.4248715,3.397486,4.640956,8.676559,6.2567319999999995,6.580803333333334,7.1505160000000005
43,yes,yes,4,+wh_gap,He recalled,who,the inspector believed,the detective concluded,he knew,the witness saw,,did frighten,the protesters,over the weekend.,0.0,5.915169,10.627078,10.627078,5.534445,8.882128666666667,4.391393,11.434851333333333,4.469669,5.042476499999999,,,13.285303,14.351781,3.225008,6.0175754999999995,9.815223,6.960927666666667,8.803070857142858,8.617489166666665
43,yes,no,4,+wh_no_gap,He recalled,who,the inspector believed,the detective concluded,he knew,the witness saw,the police,did frighten,the protesters,over the weekend.,0.0,5.915169,10.627078,10.627078,5.534445,8.882128666666667,4.391393,11.434851333333333,4.469669,5.042476499999999,2.678362,4.1485955,6.256775,11.37313,3.607966,4.8478924999999995,8.675799,6.216940000000001,6.59889511111111,7.64416825
42,no,yes,0,-wh_gap,We recalled,that,,,,,,might have divorced,his wife,last week.,0.0,7.1331015,3.365684,3.365684,,,,,,,,,16.58493,12.134892333333333,5.55652,4.2410455,14.868661,9.341442,9.081378857142855,8.120153900000002
42,no,no,0,-wh_no_gap,We recalled,that,,,,,the millionaire,might have divorced,his wife,last week.,0.0,7.1331015,3.365684,3.365684,,,,,,,2.013075,9.8317795,9.416433,8.707476999999999,3.40886,2.45025,15.678757,9.933835,7.83935111111111,7.34883725
42,yes,yes,0,+wh_gap,We recalled,who,,,,,,might have divorced,his wife,last week.,0.0,7.1331015,8.667806,8.667806,,,,,,,,,9.943306,8.514509,4.972557,3.482853,15.173219,9.6815115,7.410322285714286,7.4806265
42,yes,no,0,+wh_no_gap,We recalled,who,,,,,the millionaire,might have divorced,his wife,last week.,0.0,7.1331015,8.667806,8.667806,,,,,,,5.621344,10.3748405,8.453215,8.781088333333333,6.271325,4.279902,14.430111,9.4904955,8.292637888888889,8.130645833333334
42,no,yes,1,-wh_gap,We recalled,that,the woman said,,,,,might have divorced,his wife,last week.,0.0,7.1331015,3.365684,3.365684,2.013075,6.684650333333333,,,,,,,14.19102,9.747883999999999,4.63883,3.1300109999999997,15.424776,9.849404,7.886068857142857,7.145255384615384
42,no,no,1,-wh_no_gap,We recalled,that,the woman said,,,,the millionaire,might have divorced,his wife,last week.,0.0,7.1331015,3.365684,3.365684,2.013075,6.684650333333333,,,,,4.221791,11.520021,8.70921,8.134382666666667,4.237447,2.8228885000000004,15.645156,9.914181,8.101925444444445,7.373544466666668
42,yes,yes,1,+wh_gap,We recalled,who,the woman said,,,,,might have divorced,his wife,last week.,0.0,7.1331015,8.667806,8.667806,5.621344,7.485249333333333,,,,,,,10.437303,8.996700666666667,4.934466,3.412794,15.2816,9.797694,7.630154,7.60006423076923
42,yes,no,1,+wh_no_gap,We recalled,who,the woman said,,,,the millionaire,might have divorced,his wife,last week.,0.0,7.1331015,8.667806,8.667806,5.621344,7.485249333333333,,,,,5.541314,11.357054,8.828688,8.374114333333333,6.169276,3.8732505,15.340616,9.892682,8.374257333333334,8.0505382
42,no,yes,2,-wh_gap,We recalled,that,the woman said,she thought,,,,might have divorced,his wife,last week.,0.0,7.1331015,3.365684,3.365684,2.013075,6.684650333333333,3.109019,4.8265345,,,,,13.445721,9.999791333333334,5.112136,3.5786374999999997,15.416708,9.8607885,8.125460857142857,6.947808866666666
42,no,no,2,-wh_no_gap,We recalled,that,the woman said,she thought,,,the millionaire,might have divorced,his wife,last week.,0.0,7.1331015,3.365684,3.365684,2.013075,6.684650333333333,3.109019,4.8265345,,,3.253229,10.8885755,7.336449,7.7515866666666655,4.438907,3.0548115000000005,15.762374,9.9712135,7.898217888888889,6.96605105882353
42,yes,yes,2,+wh_gap,We recalled,who,the woman said,she thought,,,,might have divorced,his wife,last week.,0.0,7.1331015,8.667806,8.667806,5.621344,7.485249333333333,4.36665,5.387757000000001,,,,,10.23595,9.187818,5.263012,3.6936809999999998,15.482891,9.94068,7.833168,7.399829800000001
42,yes,no,2,+wh_no_gap,We recalled,who,the woman said,she thought,,,the millionaire,might have divorced,his wife,last week.,0.0,7.1331015,8.667806,8.667806,5.621344,7.485249333333333,4.36665,5.387757000000001,,,4.254049,10.924201,7.431451,8.078468666666668,5.722886,3.764736,15.417022,9.864071,8.14904688888889,7.618040764705883
42,no,yes,3,-wh_gap,We recalled,that,the woman said,she thought,she knew,,,might have divorced,his wife,last week.,0.0,7.1331015,3.365684,3.365684,2.013075,6.684650333333333,3.109019,4.8265345,2.364424,4.7406,,,14.898201,10.401061,5.148641,3.5847245,15.469068,9.812727,8.285440857142857,6.754011352941176
42,no,no,3,-wh_no_gap,We recalled,that,the woman said,she thought,she knew,,the millionaire,might have divorced,his wife,last week.,0.0,7.1331015,3.365684,3.365684,2.013075,6.684650333333333,3.109019,4.8265345,2.364424,4.7406,3.311177,10.980224,7.738463,8.032149666666667,4.936795,3.306257,15.722204,9.87934,8.047565666666666,6.8025367368421055
42,yes,yes,3,+wh_gap,We recalled,who,the woman said,she thought,she knew,,,might have divorced,his wife,last week.,0.0,7.1331015,8.667806,8.667806,5.621344,7.485249333333333,4.36665,5.387757000000001,3.1349,4.844588,,,12.478272,9.765092666666668,5.458403,3.7810829999999997,15.458355,9.862359,8.083166,7.202153470588236
42,yes,no,3,+wh_no_gap,We recalled,who,the woman said,she thought,she knew,,the millionaire,might have divorced,his wife,last week.,0.0,7.1331015,8.667806,8.667806,5.621344,7.485249333333333,4.36665,5.387757000000001,3.1349,4.844588,3.675821,10.920332,7.415841,8.006175,5.62171,3.691201,15.394935,9.818243500000001,8.097564222222223,7.301711842105266
42,no,yes,4,-wh_gap,We recalled,that,the woman said,she thought,she knew,he saw,,might have divorced,his wife,last week.,0.0,7.1331015,3.365684,3.365684,2.013075,6.684650333333333,3.109019,4.8265345,2.364424,4.7406,,,14.898201,10.401061,5.148641,3.5847245,15.469068,9.812727,8.285440857142857,6.754011352941176
42,no,no,4,-wh_no_gap,We recalled,that,the woman said,she thought,she knew,he saw,the millionaire,might have divorced,his wife,last week.,0.0,7.1331015,3.365684,3.365684,2.013075,6.684650333333333,3.109019,4.8265345,2.364424,4.7406,3.311177,10.980224,7.738463,8.032149666666667,4.936795,3.306257,15.722204,9.87934,8.047565666666666,6.8025367368421055
42,yes,yes,4,+wh_gap,We recalled,who,the woman said,she thought,she knew,he saw,,might have divorced,his wife,last week.,0.0,7.1331015,8.667806,8.667806,5.621344,7.485249333333333,4.36665,5.387757000000001,3.1349,4.844588,,,12.478272,9.765092666666668,5.458403,3.7810829999999997,15.458355,9.862359,8.083166,7.202153470588236
42,yes,no,4,+wh_no_gap,We recalled,who,the woman said,she thought,she knew,he saw,the millionaire,might have divorced,his wife,last week.,0.0,7.1331015,8.667806,8.667806,5.621344,7.485249333333333,4.36665,5.387757000000001,3.1349,4.844588,3.675821,10.920332,7.415841,8.006175,5.62171,3.691201,15.394935,9.818243500000001,8.097564222222223,7.301711842105266
41,no,yes,0,-wh_gap,They recalled,that,,,,,,did promote,the secretary,last week.,0.0,6.4988775,3.338919,3.338919,,,,,,,,,15.28985,14.996437499999999,1.454221,9.270477,16.404106,11.893141,12.053351833333332,9.850753888888889
41,no,no,0,-wh_no_gap,They recalled,that,,,,,the executive,did promote,the secretary,last week.,0.0,6.4988775,3.338919,3.338919,,,,,,,2.030145,7.5822535,6.850992,10.3805605,1.466567,9.4290195,17.526999,12.0819565,9.8684475,8.66220490909091
41,yes,yes,0,+wh_gap,They recalled,who,,,,,,did promote,the secretary,last week.,0.0,6.4988775,10.332471,10.332471,,,,,,,,,6.163827,10.56458,1.28357,9.672789,16.237871,11.120187,10.452518666666666,9.56059311111111
41,yes,no,0,+wh_no_gap,They recalled,who,,,,,the executive,did promote,the secretary,last week.,0.0,6.4988775,10.332471,10.332471,,,,,,,6.027031,9.2841995,6.313246,10.767441,2.475991,9.347117,17.418703,11.7194285,10.279546499999999,9.596963454545456
41,no,yes,1,-wh_gap,They recalled,that,the journalist believed,,,,,did promote,the secretary,last week.,0.0,6.4988775,3.338919,3.338919,2.030145,7.831421333333334,,,,,,,16.203039,14.836626500000001,1.686245,9.346381,17.399166,12.169556,12.11752116666667,9.378005416666666
41,no,no,1,-wh_no_gap,They recalled,that,the journalist believed,,,,the executive,did promote,the secretary,last week.,0.0,6.4988775,3.338919,3.338919,2.030145,7.831421333333334,,,,,3.037402,8.219946,6.552502,10.4556075,1.773383,9.3418785,17.689707,12.207839499999999,10.056317875,8.591534357142857
41,yes,yes,1,+wh_gap,They recalled,who,the journalist believed,,,,,did promote,the secretary,last week.,0.0,6.4988775,10.332471,10.332471,6.027031,8.634853000000001,,,,,,,8.624109,11.5161595,1.549616,9.3718605,17.355087,11.848281,10.912100333333335,9.558948916666665
41,yes,no,1,+wh_no_gap,They recalled,who,the journalist believed,,,,the executive,did promote,the secretary,last week.,0.0,6.4988775,10.332471,10.332471,6.027031,8.634853000000001,,,,,4.799472,9.233372,6.69202,11.081502500000001,2.512775,9.4236745,17.513086,11.773896,10.37811125,9.447119642857144
41,no,yes,2,-wh_gap,They recalled,that,the journalist believed,the transcript stated,,,,did promote,the secretary,last week.,0.0,6.4988775,3.338919,3.338919,2.030145,7.831421333333334,3.037402,10.146783999999998,,,,,12.039689,14.49849,1.523358,9.034386999999999,17.773954,11.72223,11.751702333333334,9.385433599999999
41,no,no,2,-wh_no_gap,They recalled,that,the journalist believed,the transcript stated,,,the executive,did promote,the secretary,last week.,0.0,6.4988775,3.338919,3.338919,2.030145,7.831421333333334,3.037402,10.146783999999998,,,4.754131,8.8050525,6.041014,10.6640365,1.453423,8.587228,17.551634,11.515083,9.89285,8.78906411764706
41,yes,yes,2,+wh_gap,They recalled,who,the journalist believed,the transcript stated,,,,did promote,the secretary,last week.,0.0,6.4988775,10.332471,10.332471,6.027031,8.634853000000001,4.799472,11.650337,,,,,8.81947,12.922451500000001,1.711425,9.1955075,17.794058,11.752557,11.290172,10.128455200000001
41,yes,no,2,+wh_no_gap,They recalled,who,the journalist believed,the transcript stated,,,the executive,did promote,the secretary,last week.,0.0,6.4988775,10.332471,10.332471,6.027031,8.634853000000001,4.799472,11.650337,,,6.595182,10.222947,6.313732,10.853820500000001,2.374845,8.544519,17.342249,11.167653,10.197234875,9.750804411764705
41,no,yes,3,-wh_gap,They recalled,that,the journalist believed,the transcript stated,he knew,,,did promote,the secretary,last week.,0.0,6.4988775,3.338919,3.338919,2.030145,7.831421333333334,3.037402,10.146783999999998,6.945508,6.644983,,,13.499683,14.833969,1.660132,8.712823,16.605005,11.131514,11.559435333333333,8.995168705882353
41,no,no,3,-wh_no_gap,They recalled,that,the journalist believed,the transcript stated,he knew,,the executive,did promote,the secretary,last week.,0.0,6.4988775,3.338919,3.338919,2.030145,7.831421333333334,3.037402,10.146783999999998,6.945508,6.644983,2.833753,8.408415,7.039456,11.262456,1.624066,8.4973375,17.241076,11.4014315,9.89241,8.563186105263158
41,yes,yes,3,+wh_gap,They recalled,who,the journalist believed,the transcript stated,he knew,,,did promote,the secretary,last week.,0.0,6.4988775,10.332471,10.332471,6.027031,8.634853000000001,4.799472,11.650337,7.831147,6.8434989999999996,,,9.537266,13.2004235,1.931622,8.936994,16.749399,11.1744695,11.103962333333333,9.67626870588235
41,yes,no,3,+wh_no_gap,They recalled,who,the journalist believed,the transcript stated,he knew,,the executive,did promote,the secretary,last week.,0.0,6.4988775,10.332471,10.332471,6.027031,8.634853000000001,4.799472,11.650337,7.831147,6.8434989999999996,4.079556,9.071247,7.417735,11.638951500000001,1.792512,8.334207,17.117027,11.222191,10.066649125000001,9.389788789473684
41,no,yes,4,-wh_gap,They recalled,that,the journalist believed,the transcript stated,he knew,the man noticed,,did promote,the secretary,last week.,0.0,6.4988775,3.338919,3.338919,2.030145,7.831421333333334,3.037402,10.146783999999998,6.945508,6.644983,,,13.499683,14.833969,1.660132,8.712823,16.605005,11.131514,11.559435333333333,8.995168705882353
41,no,no,4,-wh_no_gap,They recalled,that,the journalist believed,the transcript stated,he knew,the man noticed,the executive,did promote,the secretary,last week.,0.0,6.4988775,3.338919,3.338919,2.030145,7.831421333333334,3.037402,10.146783999999998,6.945508,6.644983,2.833753,8.408415,7.039456,11.262456,1.624066,8.4973375,17.241076,11.4014315,9.89241,8.563186105263158
41,yes,yes,4,+wh_gap,They recalled,who,the journalist believed,the transcript stated,he knew,the man noticed,,did promote,the secretary,last week.,0.0,6.4988775,10.332471,10.332471,6.027031,8.634853000000001,4.799472,11.650337,7.831147,6.8434989999999996,,,9.537266,13.2004235,1.931622,8.936994,16.749399,11.1744695,11.103962333333333,9.67626870588235
41,yes,no,4,+wh_no_gap,They recalled,who,the journalist believed,the transcript stated,he knew,the man noticed,the executive,did promote,the secretary,last week.,0.0,6.4988775,10.332471,10.332471,6.027031,8.634853000000001,4.799472,11.650337,7.831147,6.8434989999999996,4.079556,9.071247,7.417735,11.638951500000001,1.792512,8.334207,17.117027,11.222191,10.066649125000001,9.389788789473684
40,no,yes,0,-wh_gap,They reported,that,,,,,,could have abandoned,the children,on the side of the road.,0.0,5.2062265,1.780984,1.780984,,,,,,,,,14.058225,10.095094333333334,0.990332,6.027736,6.751023,3.85942,5.954297727272728,5.549336571428571
40,no,no,0,-wh_no_gap,They reported,that,,,,,the woman,could have abandoned,the children,on the side of the road.,0.0,5.2062265,1.780984,1.780984,,,,,,,1.89322,6.1271379999999995,5.165995,6.409887,1.695622,4.971941,6.605522,3.8793765,4.977236769230769,4.8060946875
40,yes,yes,0,+wh_gap,They reported,who,,,,,,could have abandoned,the children,on the side of the road.,0.0,5.2062265,11.821813,11.821813,,,,,,,,,6.14351,6.765805333333333,1.202892,5.86146,6.266282,3.8098235000000003,4.989025181818182,5.508110214285715
40,yes,no,0,+wh_no_gap,They reported,who,,,,,the woman,could have abandoned,the children,on the side of the road.,0.0,5.2062265,11.821813,11.821813,,,,,,,7.229744,9.036625,5.082558,6.594340333333332,5.028025,6.442589,6.430315,3.8208233333333332,5.666645307692307,5.9937909375
40,no,yes,1,-wh_gap,They reported,that,the man claimed,,,,,could have abandoned,the children,on the side of the road.,0.0,5.2062265,1.780984,1.780984,1.89322,6.907173333333333,,,,,,,10.719499,7.807207666666667,1.394973,5.7110780000000005,6.621485,3.8352405,5.259565636363636,5.339422294117647
40,no,no,1,-wh_no_gap,They reported,that,the man claimed,,,,the woman,could have abandoned,the children,on the side of the road.,0.0,5.2062265,1.780984,1.780984,1.89322,6.907173333333333,,,,,4.313329,7.2365105,5.776047,6.344887333333332,1.732996,5.0829035,6.721246,3.929684,5.173199538461538,5.271923736842105
40,yes,yes,1,+wh_gap,They reported,who,the man claimed,,,,,could have abandoned,the children,on the side of the road.,0.0,5.2062265,11.821813,11.821813,7.229744,7.909321666666667,,,,,,,8.247732,7.154198333333333,1.575771,5.879962,6.647558,3.787012666666667,5.085872272727272,5.994519176470589
40,yes,no,1,+wh_no_gap,They reported,who,the man claimed,,,,the woman,could have abandoned,the children,on the side of the road.,0.0,5.2062265,11.821813,11.821813,7.229744,7.909321666666667,,,,,5.755399,7.992004,5.281514,6.251055999999999,6.277283,7.246275000000001,6.448706,3.8161008333333335,5.548179307692308,6.215187473684211
40,no,yes,2,-wh_gap,They reported,that,the man claimed,his friend believed,,,,could have abandoned,the children,on the side of the road.,0.0,5.2062265,1.780984,1.780984,1.89322,6.907173333333333,6.439161,8.619096666666666,,,,,14.884471,9.646954333333333,1.554718,5.525404,7.156621,3.973754333333334,5.803108818181818,6.130322199999999
40,no,no,2,-wh_no_gap,They reported,that,the man claimed,his friend believed,,,the woman,could have abandoned,the children,on the side of the road.,0.0,5.2062265,1.780984,1.780984,1.89322,6.907173333333333,6.439161,8.619096666666666,,,3.650414,6.3158555,5.00632,5.970513,1.864851,5.021062,7.119916,4.033297666666667,4.983473846153847,5.616245772727273
40,yes,yes,2,+wh_gap,They reported,who,the man claimed,his friend believed,,,,could have abandoned,the children,on the side of the road.,0.0,5.2062265,11.821813,11.821813,7.229744,7.909321666666667,8.510571,8.771446,,,,,7.891204,7.733507,1.855165,5.7466025,7.267908,3.8823205000000005,5.271604454545455,6.5132109
40,yes,no,2,+wh_no_gap,They reported,who,the man claimed,his friend believed,,,the woman,could have abandoned,the children,on the side of the road.,0.0,5.2062265,11.821813,11.821813,7.229744,7.909321666666667,8.510571,8.771446,,,5.130508,7.200523499999999,4.544299,5.970506666666666,5.790554,6.9695065000000005,6.886941,3.8669914999999997,5.342579153846154,6.442277181818182
40,no,yes,3,-wh_gap,They reported,that,the man claimed,his friend believed,he knew,,,could have abandoned,the children,on the side of the road.,0.0,5.2062265,1.780984,1.780984,1.89322,6.907173333333333,6.439161,8.619096666666666,2.807325,5.334951,,,12.891825,9.119920666666667,1.908715,5.724192499999999,7.169491,3.984678666666667,5.701474454545455,6.007198545454544
40,no,no,3,-wh_no_gap,They reported,that,the man claimed,his friend believed,he knew,,the woman,could have abandoned,the children,on the side of the road.,0.0,5.2062265,1.780984,1.780984,1.89322,6.907173333333333,6.439161,8.619096666666666,2.807325,5.334951,2.6214,5.6253649999999995,6.089089,6.640198666666667,1.931502,4.9990505,7.374355,4.072014333333334,5.046270230769232,5.62681925
40,yes,yes,3,+wh_gap,They reported,who,the man claimed,his friend believed,he knew,,,could have abandoned,the children,on the side of the road.,0.0,5.2062265,11.821813,11.821813,7.229744,7.909321666666667,8.510571,8.771446,4.597615,5.5913645,,,8.525319,7.833386999999999,2.577268,6.068858,7.055095,3.863973833333333,5.347429090909091,6.467319000000001
40,yes,no,3,+wh_no_gap,They reported,who,the man claimed,his friend believed,he knew,,the woman,could have abandoned,the children,on the side of the road.,0.0,5.2062265,11.821813,11.821813,7.229744,7.909321666666667,8.510571,8.771446,4.597615,5.5913645,4.817988,6.62191,5.738644,6.788608333333333,6.03711,7.0486485000000005,7.031886,3.9173196666666663,5.477758461538462,6.444589916666668
40,no,yes,4,-wh_gap,They reported,that,the man claimed,his friend believed,he knew,the man saw,,could have abandoned,the children,on the side of the road.,0.0,5.2062265,1.780984,1.780984,1.89322,6.907173333333333,6.439161,8.619096666666666,2.807325,5.334951,,,12.891825,9.119920666666667,1.908715,5.724192499999999,7.169491,3.984678666666667,5.701474454545455,6.007198545454544
40,no,no,4,-wh_no_gap,They reported,that,the man claimed,his friend believed,he knew,the man saw,the woman,could have abandoned,the children,on the side of the road.,0.0,5.2062265,1.780984,1.780984,1.89322,6.907173333333333,6.439161,8.619096666666666,2.807325,5.334951,2.6214,5.6253649999999995,6.089089,6.640198666666667,1.931502,4.9990505,7.374355,4.072014333333334,5.046270230769232,5.62681925
40,yes,yes,4,+wh_gap,They reported,who,the man claimed,his friend believed,he knew,the man saw,,could have abandoned,the children,on the side of the road.,0.0,5.2062265,11.821813,11.821813,7.229744,7.909321666666667,8.510571,8.771446,4.597615,5.5913645,,,8.525319,7.833386999999999,2.577268,6.068858,7.055095,3.863973833333333,5.347429090909091,6.467319000000001
40,yes,no,4,+wh_no_gap,They reported,who,the man claimed,his friend believed,he knew,the man saw,the woman,could have abandoned,the children,on the side of the road.,0.0,5.2062265,11.821813,11.821813,7.229744,7.909321666666667,8.510571,8.771446,4.597615,5.5913645,4.817988,6.62191,5.738644,6.788608333333333,6.03711,7.0486485000000005,7.031886,3.9173196666666663,5.477758461538462,6.444589916666668
39,no,yes,0,-wh_gap,He reported,that,,,,,,might have reassured,the patient,before surgery.,0.0,5.4177695,1.868976,1.868976,,,,,,,,,16.126587,12.168712,1.346263,6.5312885000000005,10.710935,11.913865,10.485206142857143,8.6100958
39,no,no,0,-wh_no_gap,He reported,that,,,,,the doctor,might have reassured,the patient,before surgery.,0.0,5.4177695,1.868976,1.868976,,,,,,,2.223669,7.084144,8.521718,8.720833666666666,1.912193,4.0485105,11.280531,11.7709175,7.996627222222222,7.05618
39,yes,yes,0,+wh_gap,He reported,who,,,,,,might have reassured,the patient,before surgery.,0.0,5.4177695,12.096594,12.096594,,,,,,,,,9.889398,9.179856000000001,1.25396,6.5012745,9.811016,11.9553045,9.207532285714288,8.7384859
39,yes,no,0,+wh_no_gap,He reported,who,,,,,the doctor,might have reassured,the patient,before surgery.,0.0,5.4177695,12.096594,12.096594,,,,,,,7.066419,9.093147,8.834705,8.516981,2.374925,4.677744000000001,7.7488,9.954193,8.111234555555555,7.994437000000001
39,no,yes,1,-wh_gap,He reported,that,the nurse believed,,,,,might have reassured,the patient,before surgery.,0.0,5.4177695,1.868976,1.868976,2.223669,8.714418,,,,,,,14.766487,11.894500666666667,1.522878,3.8666725,10.932097,11.0893965,9.370805714285714,8.034108384615385
39,no,no,1,-wh_no_gap,He reported,that,the nurse believed,,,,the doctor,might have reassured,the patient,before surgery.,0.0,5.4177695,1.868976,1.868976,2.223669,8.714418,,,,,3.095429,5.0827245,7.825367,8.515006,1.803565,3.085379,10.998373,11.072688500000002,7.114066888888889,6.858291400000001
39,yes,yes,1,+wh_gap,He reported,who,the nurse believed,,,,,might have reassured,the patient,before surgery.,0.0,5.4177695,12.096594,12.096594,7.066419,9.454384333333334,,,,,,,9.256208,9.736068666666666,1.673343,4.3330275,10.198192,11.126689500000001,8.589662857142857,8.57099430769231
39,yes,no,1,+wh_no_gap,He reported,who,the nurse believed,,,,the doctor,might have reassured,the patient,before surgery.,0.0,5.4177695,12.096594,12.096594,7.066419,9.454384333333334,,,,,4.722638,6.381954,7.819611,8.439276666666666,2.120043,3.2346995,8.910148,10.095811,7.19363988888889,7.735869666666665
39,no,yes,2,-wh_gap,He reported,that,the nurse believed,the woman thought,,,,might have reassured,the patient,before surgery.,0.0,5.4177695,1.868976,1.868976,2.223669,8.714418,3.095429,7.936264,,,,,11.55195,10.694611333333334,2.039967,4.275335999999999,9.878925,10.832718,8.899991714285715,7.809781437500001
39,no,no,2,-wh_no_gap,He reported,that,the nurse believed,the woman thought,,,the doctor,might have reassured,the patient,before surgery.,0.0,5.4177695,1.868976,1.868976,2.223669,8.714418,3.095429,7.936264,,,3.952072,6.252901,7.000101,8.243608,2.155164,3.573583,9.874851,10.512872,7.267726222222221,7.114783166666665
39,yes,yes,2,+wh_gap,He reported,who,the nurse believed,the woman thought,,,,might have reassured,the patient,before surgery.,0.0,5.4177695,12.096594,12.096594,7.066419,9.454384333333334,4.722638,8.440341,,,,,9.182378,10.098767666666665,2.038103,4.4993255,9.767484,10.957208999999999,8.744196,8.6141050625
39,yes,no,2,+wh_no_gap,He reported,who,the nurse believed,the woman thought,,,the doctor,might have reassured,the patient,before surgery.,0.0,5.4177695,12.096594,12.096594,7.066419,9.454384333333334,4.722638,8.440341,,,4.973783,7.0600214999999995,7.334617,8.377472666666668,2.246248,3.6497355000000002,9.215875,10.297407,7.460749555555556,7.986836388888889
39,no,yes,3,-wh_gap,He reported,that,the nurse believed,the woman thought,she recalled,,,might have reassured,the patient,before surgery.,0.0,5.4177695,1.868976,1.868976,2.223669,8.714418,3.095429,7.936264,4.288048,11.339989,,,15.161602,11.730254666666667,2.503899,4.6408205,9.306762,10.846684,9.452253285714287,8.41679511111111
39,no,no,3,-wh_no_gap,He reported,that,the nurse believed,the woman thought,she recalled,,the doctor,might have reassured,the patient,before surgery.,0.0,5.4177695,1.868976,1.868976,2.223669,8.714418,3.095429,7.936264,4.288048,11.339989,2.507024,5.932803,10.678726,9.441567999999998,2.555289,3.7412,9.864203,10.717611,7.678659111111112,7.72222355
39,yes,yes,3,+wh_gap,He reported,who,the nurse believed,the woman thought,she recalled,,,might have reassured,the patient,before surgery.,0.0,5.4177695,12.096594,12.096594,7.066419,9.454384333333334,4.722638,8.440341,4.466629,11.2225505,,,14.805333,11.682334666666668,2.614911,4.876524,9.126609,10.880803,9.508808285714286,9.201281555555557
39,yes,no,3,+wh_no_gap,He reported,who,the nurse believed,the woman thought,she recalled,,the doctor,might have reassured,the patient,before surgery.,0.0,5.4177695,12.096594,12.096594,7.066419,9.454384333333334,4.722638,8.440341,4.466629,11.2225505,2.603192,6.0669725,11.029363,9.549155666666667,2.647074,3.8618609999999998,9.578377,10.686021,7.764130666666667,8.4469293
39,no,yes,4,-wh_gap,He reported,that,the nurse believed,the woman thought,she recalled,she noticed,,might have reassured,the patient,before surgery.,0.0,5.4177695,1.868976,1.868976,2.223669,8.714418,3.095429,7.936264,4.288048,11.339989,,,15.161602,11.730254666666667,2.503899,4.6408205,9.306762,10.846684,9.452253285714287,8.41679511111111
39,no,no,4,-wh_no_gap,He reported,that,the nurse believed,the woman thought,she recalled,she noticed,the doctor,might have reassured,the patient,before surgery.,0.0,5.4177695,1.868976,1.868976,2.223669,8.714418,3.095429,7.936264,4.288048,11.339989,2.507024,5.932803,10.678726,9.441567999999998,2.555289,3.7412,9.864203,10.717611,7.678659111111112,7.72222355
39,yes,yes,4,+wh_gap,He reported,who,the nurse believed,the woman thought,she recalled,she noticed,,might have reassured,the patient,before surgery.,0.0,5.4177695,12.096594,12.096594,7.066419,9.454384333333334,4.722638,8.440341,4.466629,11.2225505,,,14.805333,11.682334666666668,2.614911,4.876524,9.126609,10.880803,9.508808285714286,9.201281555555557
39,yes,no,4,+wh_no_gap,He reported,who,the nurse believed,the woman thought,she recalled,she noticed,the doctor,might have reassured,the patient,before surgery.,0.0,5.4177695,12.096594,12.096594,7.066419,9.454384333333334,4.722638,8.440341,4.466629,11.2225505,2.603192,6.0669725,11.029363,9.549155666666667,2.647074,3.8618609999999998,9.578377,10.686021,7.764130666666667,8.4469293
38,no,yes,0,-wh_gap,They know,that,,,,,,should thank,the tailor,on the street.,0.0,4.743053,2.169621,2.169621,,,,,,,,,13.847187,14.5076555,3.487263,10.1335605,9.153066,6.404998,9.785346571428573,8.015315300000001
38,no,no,0,-wh_no_gap,They know,that,,,,,the old man,should thank,the tailor,on the street.,0.0,4.743053,2.169621,2.169621,,,,,,,1.87231,4.873796,7.361382,11.151204,2.304209,9.4293585,9.845545,6.306663666666666,7.4702504,6.642940846153845
38,yes,yes,0,+wh_gap,They know,who,,,,,,should thank,the tailor,on the street.,0.0,4.743053,7.200986,7.200986,,,,,,,,,7.420847,10.1086265,2.365031,9.746018,9.897567,6.4658500000000005,8.443834142857144,7.579393099999999
38,yes,no,0,+wh_no_gap,They know,who,,,,,the old man,should thank,the tailor,on the street.,0.0,4.743053,7.200986,7.200986,,,,,,,4.435805,5.262375666666666,6.996066,11.1890515,4.491734,10.7036745,8.780047,5.858284,7.7147431,7.21804023076923
38,no,yes,1,-wh_gap,They know,that,the nurse said,,,,,should thank,the tailor,on the street.,0.0,4.743053,2.169621,2.169621,1.87231,8.902058,,,,,,,12.978274,12.5019365,2.333005,9.3860965,9.271621,6.501134,9.039924,7.818566846153846
38,no,no,1,-wh_no_gap,They know,that,the nurse said,,,,the old man,should thank,the tailor,on the street.,0.0,4.743053,2.169621,2.169621,1.87231,8.902058,,,,,3.415496,5.333006,7.060599,10.486316500000001,2.552171,9.07766,9.594709,6.258052666666667,7.3901129,7.016439375
38,yes,yes,1,+wh_gap,They know,who,the nurse said,,,,,should thank,the tailor,on the street.,0.0,4.743053,7.200986,7.200986,4.435805,9.012959666666667,,,,,,,8.496163,11.4839625,2.876397,9.5492035,8.780179,6.205333333333333,8.668904571428573,8.031407923076923
38,yes,no,1,+wh_no_gap,They know,who,the nurse said,,,,the old man,should thank,the tailor,on the street.,0.0,4.743053,7.200986,7.200986,4.435805,9.012959666666667,,,,,5.457362,6.048483666666667,8.043793,11.107406000000001,5.407084,10.393957,8.508239,5.7320009999999995,7.834418000000001,7.6293844375
38,no,yes,2,-wh_gap,They know,that,the nurse said,the assistant knew,,,,should thank,the tailor,on the street.,0.0,4.743053,2.169621,2.169621,1.87231,8.902058,3.415496,8.474677666666667,,,,,12.339161,12.803458,2.499368,9.149904,9.052789,6.235154666666666,8.944598285714287,7.899882625
38,no,no,2,-wh_no_gap,They know,that,the nurse said,the assistant knew,,,the old man,should thank,the tailor,on the street.,0.0,4.743053,2.169621,2.169621,1.87231,8.902058,3.415496,8.474677666666667,,,3.486011,5.30715,7.117113,10.587784,2.718525,9.011384,9.627499,6.318011333333334,7.407382000000001,7.25577652631579
38,yes,yes,2,+wh_gap,They know,who,the nurse said,the assistant knew,,,,should thank,the tailor,on the street.,0.0,4.743053,7.200986,7.200986,4.435805,9.012959666666667,5.457362,9.773695666666667,,,,,9.405612,12.2849835,3.190217,9.744058,8.913404,6.132693666666666,8.922309142857143,8.468951375
38,yes,no,2,+wh_no_gap,They know,who,the nurse said,the assistant knew,,,the old man,should thank,the tailor,on the street.,0.0,4.743053,7.200986,7.200986,4.435805,9.012959666666667,5.457362,9.773695666666667,,,4.757461,5.839334333333333,8.137298,11.2419885,5.971926,10.5523255,8.50311,5.808993666666666,7.8533612,7.97793
38,no,yes,3,-wh_gap,They know,that,the nurse said,the assistant knew,she saw,,,should thank,the tailor,on the street.,0.0,4.743053,2.169621,2.169621,1.87231,8.902058,3.415496,8.474677666666667,4.521582,6.8285465,,,17.806454,15.397482499999999,2.95937,9.7457475,8.445025,5.980459666666666,9.746834142857143,8.092825888888889
38,no,no,3,-wh_no_gap,They know,that,the nurse said,the assistant knew,she saw,,the old man,should thank,the tailor,on the street.,0.0,4.743053,2.169621,2.169621,1.87231,8.902058,3.415496,8.474677666666667,4.521582,6.8285465,2.342586,4.473037333333333,9.888121,11.873280000000001,3.063682,9.3893415,9.547084,6.194624333333333,7.4528228,7.236726428571429
38,yes,yes,3,+wh_gap,They know,who,the nurse said,the assistant knew,she saw,,,should thank,the tailor,on the street.,0.0,4.743053,7.200986,7.200986,4.435805,9.012959666666667,5.457362,9.773695666666667,7.185827,7.623625,,,12.843304,13.7110475,3.045644,9.5851235,9.199913,6.189039999999999,9.308494571428572,8.525209444444444
38,yes,no,3,+wh_no_gap,They know,who,the nurse said,the assistant knew,she saw,,the old man,should thank,the tailor,on the street.,0.0,4.743053,7.200986,7.200986,4.435805,9.012959666666667,5.457362,9.773695666666667,7.185827,7.623625,4.797471,5.361316666666667,10.926419,12.3993575,3.091059,9.361376,9.605634,6.129203333333334,7.799302699999998,7.918444523809523
38,no,yes,4,-wh_gap,They know,that,the nurse said,the assistant knew,she saw,he noticed,,should thank,the tailor,on the street.,0.0,4.743053,2.169621,2.169621,1.87231,8.902058,3.415496,8.474677666666667,4.521582,6.8285465,,,17.806454,15.397482499999999,2.95937,9.7457475,8.445025,5.980459666666666,9.746834142857143,8.092825888888889
38,no,no,4,-wh_no_gap,They know,that,the nurse said,the assistant knew,she saw,he noticed,the old man,should thank,the tailor,on the street.,0.0,4.743053,2.169621,2.169621,1.87231,8.902058,3.415496,8.474677666666667,4.521582,6.8285465,2.342586,4.473037333333333,9.888121,11.873280000000001,3.063682,9.3893415,9.547084,6.194624333333333,7.4528228,7.236726428571429
38,yes,yes,4,+wh_gap,They know,who,the nurse said,the assistant knew,she saw,he noticed,,should thank,the tailor,on the street.,0.0,4.743053,7.200986,7.200986,4.435805,9.012959666666667,5.457362,9.773695666666667,7.185827,7.623625,,,12.843304,13.7110475,3.045644,9.5851235,9.199913,6.189039999999999,9.308494571428572,8.525209444444444
38,yes,no,4,+wh_no_gap,They know,who,the nurse said,the assistant knew,she saw,he noticed,the old man,should thank,the tailor,on the street.,0.0,4.743053,7.200986,7.200986,4.435805,9.012959666666667,5.457362,9.773695666666667,7.185827,7.623625,4.797471,5.361316666666667,10.926419,12.3993575,3.091059,9.361376,9.605634,6.129203333333334,7.799302699999998,7.918444523809523
37,no,yes,0,-wh_gap,She knows,that,,,,,,did interrogate,the criminal,last night.,0.0,5.8043205,2.279035,2.279035,,,,,,,,,15.223252,18.9847995,3.759558,6.9552515,13.660929,9.9187955,11.952948833333332,9.511707666666666
37,no,no,0,-wh_no_gap,She knows,that,,,,,the inspectors,did interrogate,the criminal,last night.,0.0,5.8043205,2.279035,2.279035,,,,,,,2.521865,10.3588245,6.972256,13.221754999999998,3.14748,6.1176935,16.306246,11.291918500000001,10.247547875,8.715278090909091
37,yes,yes,0,+wh_gap,She knows,who,,,,,,did interrogate,the criminal,last night.,0.0,5.8043205,6.4446,6.4446,,,,,,,,,8.869591,14.467492,3.030668,6.7905775,12.931459,9.0613785,10.106482666666667,8.743570777777778
37,yes,no,0,+wh_no_gap,She knows,who,,,,,the inspectors,did interrogate,the criminal,last night.,0.0,5.8043205,6.4446,6.4446,,,,,,,4.386521,11.6628535,7.717991,13.4183625,3.168053,6.3988395,13.973042,9.169411499999999,10.16236675,9.032015909090909
37,no,yes,1,-wh_gap,She knows,that,the police said,,,,,did interrogate,the criminal,last night.,0.0,5.8043205,2.279035,2.279035,2.521865,7.562061333333333,,,,,,,16.430706,17.398567,3.439849,5.9787225,15.778401,10.26372,11.213669833333334,8.654656583333333
37,no,no,1,-wh_no_gap,She knows,that,the police said,,,,the inspectors,did interrogate,the criminal,last night.,0.0,5.8043205,2.279035,2.279035,2.521865,7.562061333333333,,,,,3.27879,9.170603999999999,5.861258,12.3733915,3.367551,6.0339755,16.584944,10.9271235,9.626273625,8.113146357142858
37,yes,yes,1,+wh_gap,She knows,who,the police said,,,,,did interrogate,the criminal,last night.,0.0,5.8043205,6.4446,6.4446,4.386521,8.000604000000001,,,,,,,10.896111,14.979609,3.148505,5.8530105,15.900919,10.3931385,10.408586,8.70888075
37,yes,no,1,+wh_no_gap,She knows,who,the police said,,,,the inspectors,did interrogate,the criminal,last night.,0.0,5.8043205,6.4446,6.4446,4.386521,8.000604000000001,,,,,5.427319,10.3673105,6.338878,12.6565455,3.161845,5.972179,15.477867,9.872648,9.717170750000001,8.556601357142856
37,no,yes,2,-wh_gap,She knows,that,the police said,the detective believed,,,,did interrogate,the criminal,last night.,0.0,5.8043205,2.279035,2.279035,2.521865,7.562061333333333,3.27879,7.557134666666667,,,,,15.083396,15.624271,3.229184,5.470694,16.289936,10.3621815,10.4857155,8.143970466666667
37,no,no,2,-wh_no_gap,She knows,that,the police said,the detective believed,,,the inspectors,did interrogate,the criminal,last night.,0.0,5.8043205,2.279035,2.279035,2.521865,7.562061333333333,3.27879,7.557134666666667,,,2.915163,9.0088845,6.205597,12.0949375,3.548347,5.850775,16.483065,10.719415,9.418503000000001,7.917252235294118
37,yes,yes,2,+wh_gap,She knows,who,the police said,the detective believed,,,,did interrogate,the criminal,last night.,0.0,5.8043205,6.4446,6.4446,4.386521,8.000604000000001,5.427319,8.319961000000001,,,,,10.079405,13.517624999999999,2.989593,5.3092645,16.109421,10.4607975,9.762562333333333,8.372687333333333
37,yes,no,2,+wh_no_gap,She knows,who,the police said,the detective believed,,,the inspectors,did interrogate,the criminal,last night.,0.0,5.8043205,6.4446,6.4446,4.386521,8.000604000000001,5.427319,8.319961000000001,,,4.895038,10.280713500000001,6.500911,12.220426,3.273139,5.787179500000001,15.531292,10.116686,9.60125125,8.46029094117647
37,no,yes,3,-wh_gap,She knows,that,the police said,the detective believed,he thought,,,did interrogate,the criminal,last night.,0.0,5.8043205,2.279035,2.279035,2.521865,7.562061333333333,3.27879,7.557134666666667,3.830116,7.3245215,,,11.251307,14.4127535,3.591749,5.5617494999999995,15.925398,10.0902165,10.021573166666668,7.883749764705882
37,no,no,3,-wh_no_gap,She knows,that,the police said,the detective believed,he thought,,the inspectors,did interrogate,the criminal,last night.,0.0,5.8043205,2.279035,2.279035,2.521865,7.562061333333333,3.27879,7.557134666666667,3.830116,7.3245215,2.820938,8.74788,5.856333,11.749048499999999,3.893263,5.897094,16.353636,10.6169065,9.252732250000001,7.785061315789474
37,yes,yes,3,+wh_gap,She knows,who,the police said,the detective believed,he thought,,,did interrogate,the criminal,last night.,0.0,5.8043205,6.4446,6.4446,4.386521,8.000604000000001,5.427319,8.319961000000001,5.774267,8.5539305,,,7.603583,13.291527,2.93384,5.091843,15.615568,10.151631,9.511667,8.305458764705882
37,yes,no,3,+wh_no_gap,She knows,who,the police said,the detective believed,he thought,,the inspectors,did interrogate,the criminal,last night.,0.0,5.8043205,6.4446,6.4446,4.386521,8.000604000000001,5.427319,8.319961000000001,5.774267,8.5539305,4.950338,10.0383305,5.684773,11.994651,3.333779,5.671048,15.705957,10.2761865,9.495054,8.425433105263158
37,no,yes,4,-wh_gap,She knows,that,the police said,the detective believed,he thought,he saw,,did interrogate,the criminal,last night.,0.0,5.8043205,2.279035,2.279035,2.521865,7.562061333333333,3.27879,7.557134666666667,3.830116,7.3245215,,,11.251307,14.4127535,3.591749,5.5617494999999995,15.925398,10.0902165,10.021573166666668,7.883749764705882
37,no,no,4,-wh_no_gap,She knows,that,the police said,the detective believed,he thought,he saw,the inspectors,did interrogate,the criminal,last night.,0.0,5.8043205,2.279035,2.279035,2.521865,7.562061333333333,3.27879,7.557134666666667,3.830116,7.3245215,2.820938,8.74788,5.856333,11.749048499999999,3.893263,5.897094,16.353636,10.6169065,9.252732250000001,7.785061315789474
37,yes,yes,4,+wh_gap,She knows,who,the police said,the detective believed,he thought,he saw,,did interrogate,the criminal,last night.,0.0,5.8043205,6.4446,6.4446,4.386521,8.000604000000001,5.427319,8.319961000000001,5.774267,8.5539305,,,7.603583,13.291527,2.93384,5.091843,15.615568,10.151631,9.511667,8.305458764705882
37,yes,no,4,+wh_no_gap,She knows,who,the police said,the detective believed,he thought,he saw,the inspectors,did interrogate,the criminal,last night.,0.0,5.8043205,6.4446,6.4446,4.386521,8.000604000000001,5.427319,8.319961000000001,5.774267,8.5539305,4.950338,10.0383305,5.684773,11.994651,3.333779,5.671048,15.705957,10.2761865,9.495054,8.425433105263158
36,no,yes,0,-wh_gap,He knows,that,,,,,,will wait for,her friend,at the bus stop.,0.0,5.76156,2.297416,2.297416,,,,,,,,,11.392435,8.481744666666666,5.541705,7.8337825,8.337816,5.7101310000000005,7.105924777777777,6.481154916666668
36,no,no,0,-wh_no_gap,He knows,that,,,,,the woman,will wait for,her friend,at the bus stop.,0.0,5.76156,2.297416,2.297416,,,,,,,2.267236,5.833743500000001,4.667727,5.671112666666667,2.924584,6.934759499999999,8.310542,5.7509939999999995,5.959483636363637,5.669632571428571
36,yes,yes,0,+wh_gap,He knows,who,,,,,,will wait for,her friend,at the bus stop.,0.0,5.76156,6.622077,6.622077,,,,,,,,,5.453275,6.075072,4.616704,7.5874725000000005,8.301971,5.70350225,6.246018888888888,6.196613916666667
36,yes,no,0,+wh_no_gap,He knows,who,,,,,the woman,will wait for,her friend,at the bus stop.,0.0,5.76156,6.622077,6.622077,,,,,,,4.020604,6.093246499999999,4.678604,6.097943666666667,3.873878,6.8652625,8.50845,5.8570495,6.149004272727272,6.127446
36,no,yes,1,-wh_gap,He knows,that,the man believed,,,,,will wait for,her friend,at the bus stop.,0.0,5.76156,2.297416,2.297416,2.267236,6.944734666666666,,,,,,,8.166636,7.156022,4.643077,7.8737105,8.489791,5.87599875,6.746609111111112,6.358281466666667
36,no,no,1,-wh_no_gap,He knows,that,the man believed,,,,the woman,will wait for,her friend,at the bus stop.,0.0,5.76156,2.297416,2.297416,2.267236,6.944734666666666,,,,,3.694243,6.119641,5.446786,6.285087,2.926519,6.9015965,8.468145,6.081817,6.293182181818182,6.110573176470588
36,yes,yes,1,+wh_gap,He knows,who,the man believed,,,,,will wait for,her friend,at the bus stop.,0.0,5.76156,6.622077,6.622077,4.020604,7.046747666666666,,,,,,,6.311781,6.418290333333334,4.603878,7.5680045,8.83572,5.9208704999999995,6.45270688888889,6.490653466666666
36,yes,no,1,+wh_no_gap,He knows,who,the man believed,,,,the woman,will wait for,her friend,at the bus stop.,0.0,5.76156,6.622077,6.622077,4.020604,7.046747666666666,,,,,5.331831,6.690991500000001,5.664135,6.736147666666667,3.490253,6.5184195,8.627861,6.0594785,6.4422890000000015,6.479448176470589
36,no,yes,2,-wh_gap,He knows,that,the man believed,the he concluded,,,,will wait for,her friend,at the bus stop.,0.0,5.76156,2.297416,2.297416,2.267236,6.944734666666666,3.694243,11.837467666666667,,,,,7.803103,7.090369333333332,5.584774,8.2621685,8.848287,6.0122142499999995,6.871589111111111,7.333969166666667
36,no,no,2,-wh_no_gap,He knows,that,the man believed,the he concluded,,,the woman,will wait for,her friend,at the bus stop.,0.0,5.76156,2.297416,2.297416,2.267236,6.944734666666666,3.694243,11.837467666666667,,,2.920257,7.074775499999999,6.502323,6.496758333333333,3.270653,7.206885,8.513215,6.07281925,6.576806636363637,7.125600800000001
36,yes,yes,2,+wh_gap,He knows,who,the man believed,the he concluded,,,,will wait for,her friend,at the bus stop.,0.0,5.76156,6.622077,6.622077,4.020604,7.046747666666666,5.331831,13.074443,,,,,8.361224,6.986296666666667,5.382009,8.063414,9.043923,5.96013,6.769582000000001,7.7463892777777765
36,yes,no,2,+wh_no_gap,He knows,who,the man believed,the he concluded,,,the woman,will wait for,her friend,at the bus stop.,0.0,5.76156,6.622077,6.622077,4.020604,7.046747666666666,5.331831,13.074443,,,5.841219,8.036073,6.796952,6.995755333333334,3.944849,6.5711245,8.389174,6.036016,6.758702272727273,7.6427247
36,no,yes,3,-wh_gap,He knows,that,the man believed,the he concluded,his neighbors had said,,,will wait for,her friend,at the bus stop.,0.0,5.76156,2.297416,2.297416,2.267236,6.944734666666666,3.694243,11.837467666666667,4.282695,8.58383975,,,12.995606,8.909940666666667,6.057452,9.1498115,8.093242,5.8912435,7.621602111111112,7.868041863636365
36,no,no,3,-wh_no_gap,He knows,that,the man believed,the he concluded,his neighbors had said,,the woman,will wait for,her friend,at the bus stop.,0.0,5.76156,2.297416,2.297416,2.267236,6.944734666666666,3.694243,11.837467666666667,4.282695,8.58383975,3.976854,6.4575135,7.862038,6.815921666666667,3.471676,7.584636000000001,8.312225,5.89121475,6.554265727272727,7.358309375
36,yes,yes,3,+wh_gap,He knows,who,the man believed,the he concluded,his neighbors had said,,,will wait for,her friend,at the bus stop.,0.0,5.76156,6.622077,6.622077,4.020604,7.046747666666666,5.331831,13.074443,7.449306,8.14676425,,,10.747514,7.816001666666666,5.682949,8.498901,8.317595,5.82918225,7.084726222222223,7.948107363636365
36,yes,no,3,+wh_no_gap,He knows,who,the man believed,the he concluded,his neighbors had said,,the woman,will wait for,her friend,at the bus stop.,0.0,5.76156,6.622077,6.622077,4.020604,7.046747666666666,5.331831,13.074443,7.449306,8.14676425,7.094361,8.3545715,7.821133,7.287025333333333,4.148896,6.8133795,8.258389,5.95320775,6.909982636363637,7.796068125000001
36,no,yes,4,-wh_gap,He knows,that,the man believed,the he concluded,his neighbors had said,they saw,,will wait for,her friend,at the bus stop.,0.0,5.76156,2.297416,2.297416,2.267236,6.944734666666666,3.694243,11.837467666666667,4.282695,8.58383975,,,12.995606,8.909940666666667,6.057452,9.1498115,8.093242,5.8912435,7.621602111111112,7.868041863636365
36,no,no,4,-wh_no_gap,He knows,that,the man believed,the he concluded,his neighbors had said,they saw,the woman,will wait for,her friend,at the bus stop.,0.0,5.76156,2.297416,2.297416,2.267236,6.944734666666666,3.694243,11.837467666666667,4.282695,8.58383975,3.976854,6.4575135,7.862038,6.815921666666667,3.471676,7.584636000000001,8.312225,5.89121475,6.554265727272727,7.358309375
36,yes,yes,4,+wh_gap,He knows,who,the man believed,the he concluded,his neighbors had said,they saw,,will wait for,her friend,at the bus stop.,0.0,5.76156,6.622077,6.622077,4.020604,7.046747666666666,5.331831,13.074443,7.449306,8.14676425,,,10.747514,7.816001666666666,5.682949,8.498901,8.317595,5.82918225,7.084726222222223,7.948107363636365
36,yes,no,4,+wh_no_gap,He knows,who,the man believed,the he concluded,his neighbors had said,they saw,the woman,will wait for,her friend,at the bus stop.,0.0,5.76156,6.622077,6.622077,4.020604,7.046747666666666,5.331831,13.074443,7.449306,8.14676425,7.094361,8.3545715,7.821133,7.287025333333333,4.148896,6.8133795,8.258389,5.95320775,6.909982636363637,7.796068125000001
35,no,yes,0,-wh_gap,You know,that,,,,,,should introduce,his friends,to his family.,0.0,3.112767,3.970907,3.970907,,,,,,,,,13.337205,14.918673,7.270583,8.27725,1.294695,3.784278666666667,8.249240285714285,6.7941123
35,no,no,0,-wh_no_gap,You know,that,,,,,the man,should introduce,his friends,to his family.,0.0,3.112767,3.970907,3.970907,,,,,,,2.063794,5.141745,7.804327,10.4735505,4.117262,6.853866,1.444276,3.4677783333333334,6.149073111111112,5.4615082500000005
35,yes,yes,0,+wh_gap,You know,who,,,,,,should introduce,his friends,to his family.,0.0,3.112767,7.834128,7.834128,,,,,,,,,7.595498,10.2885055,6.022404,8.214252,1.702597,3.7705566666666663,6.902455000000001,6.237684700000001
35,yes,no,0,+wh_no_gap,You know,who,,,,,the man,should introduce,his friends,to his family.,0.0,3.112767,7.834128,7.834128,,,,,,,4.899722,5.9902455,6.954037,10.754096,7.422543,8.1862675,2.490905,4.282955,6.967787,6.397478750000001
35,no,yes,1,-wh_gap,You know,that,the woman said,,,,,should introduce,his friends,to his family.,0.0,3.112767,3.970907,3.970907,2.063794,6.951700333333332,,,,,,,12.5819,13.339430499999999,5.644631,7.6815445,1.418969,3.6624953333333337,7.575633714285714,6.467767538461539
35,no,no,1,-wh_no_gap,You know,that,the woman said,,,,the man,should introduce,his friends,to his family.,0.0,3.112767,3.970907,3.970907,2.063794,6.951700333333332,,,,,4.093726,4.9296475,6.849289,10.266433,4.87946,7.552129,1.454174,3.594481666666667,6.253318222222222,5.8220937333333325
35,yes,yes,1,+wh_gap,You know,who,the woman said,,,,,should introduce,his friends,to his family.,0.0,3.112767,7.834128,7.834128,4.899722,7.43768,,,,,,,9.288614,12.247189500000001,6.129427,7.811504,1.657645,3.7680213333333334,7.345921571428571,6.753396384615386
35,yes,no,1,+wh_no_gap,You know,who,the woman said,,,,the man,should introduce,his friends,to his family.,0.0,3.112767,7.834128,7.834128,4.899722,7.43768,,,,,5.698429,5.903209,7.491135,11.230416,7.626766,8.470279999999999,2.116229,4.047051666666667,7.038773888888889,6.648111133333333
35,no,yes,2,-wh_gap,You know,that,the woman said,the neighbor thought,,,,should introduce,his friends,to his family.,0.0,3.112767,3.970907,3.970907,2.063794,6.951700333333332,4.093726,9.366721333333333,,,,,12.958148,13.926390999999999,5.873693,7.8235945000000005,1.437045,3.5391440000000003,7.731057571428571,7.0793193125
35,no,no,2,-wh_no_gap,You know,that,the woman said,the neighbor thought,,,the man,should introduce,his friends,to his family.,0.0,3.112767,3.970907,3.970907,2.063794,6.951700333333332,4.093726,9.366721333333333,,,3.736657,4.9558995,6.194507,10.2822765,5.050545,7.6746175,1.451587,3.4840583333333335,6.253084666666666,6.412748222222222
35,yes,yes,2,+wh_gap,You know,who,the woman said,the neighbor thought,,,,should introduce,his friends,to his family.,0.0,3.112767,7.834128,7.834128,4.899722,7.43768,5.698429,9.702060666666666,,,,,9.030567,12.652936,6.087174,7.640606,1.649861,3.583947333333333,7.334132285714285,7.301113125
35,yes,no,2,+wh_no_gap,You know,who,the woman said,the neighbor thought,,,the man,should introduce,his friends,to his family.,0.0,3.112767,7.834128,7.834128,4.899722,7.43768,5.698429,9.702060666666666,,,6.172292,6.314833,7.071927,11.281513,8.547187,9.208893,2.126113,4.145295666666667,7.338485000000001,7.3069582777777775
35,no,yes,3,-wh_gap,You know,that,the woman said,the neighbor thought,he recalled,,,should introduce,his friends,to his family.,0.0,3.112767,3.970907,3.970907,2.063794,6.951700333333332,4.093726,9.366721333333333,3.628174,10.5738985,,,13.007729,13.966104,4.846398,7.082148500000001,1.619709,3.4921573333333336,7.510425285714285,7.381804444444445
35,no,no,3,-wh_no_gap,You know,that,the woman said,the neighbor thought,he recalled,,the man,should introduce,his friends,to his family.,0.0,3.112767,3.970907,3.970907,2.063794,6.951700333333332,4.093726,9.366721333333333,3.628174,10.5738985,2.531187,4.827443000000001,10.310605,12.123782,4.470553,7.034737999999999,1.45406,3.4386523333333336,6.476431444444445,6.9293693
35,yes,yes,3,+wh_gap,You know,who,the woman said,the neighbor thought,he recalled,,,should introduce,his friends,to his family.,0.0,3.112767,7.834128,7.834128,4.899722,7.43768,5.698429,9.702060666666666,5.960351,11.067211499999999,,,11.125809,13.287674500000001,5.668986,7.3201805,1.642193,3.581236666666667,7.422774285714287,7.754040388888888
35,yes,no,3,+wh_no_gap,You know,who,the woman said,the neighbor thought,he recalled,,the man,should introduce,his friends,to his family.,0.0,3.112767,7.834128,7.834128,4.899722,7.43768,5.698429,9.702060666666666,5.960351,11.067211499999999,5.52932,6.768973,9.559248,12.068777,5.326252,7.141043,1.947924,3.7347649999999994,7.017986777777777,7.538759399999999
35,no,yes,4,-wh_gap,You know,that,the woman said,the neighbor thought,he recalled,he knew,,should introduce,his friends,to his family.,0.0,3.112767,3.970907,3.970907,2.063794,6.951700333333332,4.093726,9.366721333333333,3.628174,10.5738985,,,13.007729,13.966104,4.846398,7.082148500000001,1.619709,3.4921573333333336,7.510425285714285,7.381804444444445
35,no,no,4,-wh_no_gap,You know,that,the woman said,the neighbor thought,he recalled,he knew,the man,should introduce,his friends,to his family.,0.0,3.112767,3.970907,3.970907,2.063794,6.951700333333332,4.093726,9.366721333333333,3.628174,10.5738985,2.531187,4.827443000000001,10.310605,12.123782,4.470553,7.034737999999999,1.45406,3.4386523333333336,6.476431444444445,6.9293693
35,yes,yes,4,+wh_gap,You know,who,the woman said,the neighbor thought,he recalled,he knew,,should introduce,his friends,to his family.,0.0,3.112767,7.834128,7.834128,4.899722,7.43768,5.698429,9.702060666666666,5.960351,11.067211499999999,,,11.125809,13.287674500000001,5.668986,7.3201805,1.642193,3.581236666666667,7.422774285714287,7.754040388888888
35,yes,no,4,+wh_no_gap,You know,who,the woman said,the neighbor thought,he recalled,he knew,the man,should introduce,his friends,to his family.,0.0,3.112767,7.834128,7.834128,4.899722,7.43768,5.698429,9.702060666666666,5.960351,11.067211499999999,5.52932,6.768973,9.559248,12.068777,5.326252,7.141043,1.947924,3.7347649999999994,7.017986777777777,7.538759399999999
34,no,yes,0,-wh_gap,I know,that,,,,,,might congratulate,the athletes,over lunch.,0.0,3.139138,2.352433,2.352433,,,,,,,,,14.406142,15.922001999999999,3.191572,6.557895500000001,7.270547,11.5735985,11.351165333333334,8.526411222222222
34,no,no,0,-wh_no_gap,I know,that,,,,,the president,might congratulate,the athletes,over lunch.,0.0,3.139138,2.352433,2.352433,,,,,,,2.35511,6.459003,8.261501,11.641552,2.716655,6.718671,6.76927,11.278033,9.02431475,7.347747909090909
34,yes,yes,0,+wh_gap,I know,who,,,,,,might congratulate,the athletes,over lunch.,0.0,3.139138,6.580016,6.580016,,,,,,,,,8.6036,11.6761055,2.764328,6.626714,8.003729,11.1155325,9.806117333333333,7.966110666666667
34,yes,no,0,+wh_no_gap,I know,who,,,,,the president,might congratulate,the athletes,over lunch.,0.0,3.139138,6.580016,6.580016,,,,,,,5.056487,7.49616,7.987624,11.546683,4.737761,8.232137999999999,7.00209,12.1520385,9.856754875,8.337484636363635
34,no,yes,1,-wh_gap,I know,that,the coach said,,,,,might congratulate,the athletes,over lunch.,0.0,3.139138,2.352433,2.352433,2.35511,8.617029,,,,,,,17.215942,15.705617,3.301077,5.0566735,6.652494,11.1221315,10.628140666666665,8.187553333333335
34,no,no,1,-wh_no_gap,I know,that,the coach said,,,,the president,might congratulate,the athletes,over lunch.,0.0,3.139138,2.352433,2.352433,2.35511,8.617029,,,,,3.189495,6.335559999999999,7.468586,10.279917000000001,3.391099,5.116343,6.78967,10.806499,8.13457975,7.1113167142857145
34,yes,yes,1,+wh_gap,I know,who,the coach said,,,,,might congratulate,the athletes,over lunch.,0.0,3.139138,6.580016,6.580016,5.056487,8.907176999999999,,,,,,,11.663837,13.637402,3.550759,5.3014600000000005,6.912427,11.3043655,10.081075833333333,8.338856499999999
34,yes,no,1,+wh_no_gap,I know,who,the coach said,,,,the president,might congratulate,the athletes,over lunch.,0.0,3.139138,6.580016,6.580016,5.056487,8.907176999999999,,,,,4.897272,7.105131,8.264558,10.593886,3.684622,5.834172000000001,6.559961,11.6158885,8.787269375,7.848427000000001
34,no,yes,2,-wh_gap,I know,that,the coach said,the assistant believed,,,,might congratulate,the athletes,over lunch.,0.0,3.139138,2.352433,2.352433,2.35511,8.617029,3.189495,9.546951,,,,,12.701635,13.6756955,3.638409,5.4146735,7.113832,11.827960000000001,10.306109666666666,8.330620466666666
34,no,no,2,-wh_no_gap,I know,that,the coach said,the assistant believed,,,the president,might congratulate,the athletes,over lunch.,0.0,3.139138,2.352433,2.352433,2.35511,8.617029,3.189495,9.546951,,,3.134073,6.199484999999999,6.60535,10.089779499999999,3.598461,5.1821085,6.895535,11.035801,8.126793499999998,7.537470411764705
34,yes,yes,2,+wh_gap,I know,who,the coach said,the assistant believed,,,,might congratulate,the athletes,over lunch.,0.0,3.139138,6.580016,6.580016,5.056487,8.907176999999999,4.897272,10.597119666666666,,,,,9.785675,12.379055000000001,3.38535,5.3209725,7.371541,11.806003,9.8353435,8.692216199999999
34,yes,no,2,+wh_no_gap,I know,who,the coach said,the assistant believed,,,the president,might congratulate,the athletes,over lunch.,0.0,3.139138,6.580016,6.580016,5.056487,8.907176999999999,4.897272,10.597119666666666,,,4.140643,6.3127200000000006,6.835728,10.1028625,3.294748,5.4751405,7.033471,11.2327955,8.280879625,8.095189352941176
34,no,yes,3,-wh_gap,I know,that,the coach said,the assistant believed,he remembered,,,might congratulate,the athletes,over lunch.,0.0,3.139138,2.352433,2.352433,2.35511,8.617029,3.189495,9.546951,3.594095,8.993667,,,15.513341,14.1929755,4.797709,5.9112835,6.856173,11.1979205,10.434059833333333,8.45378482352941
34,no,no,3,-wh_no_gap,I know,that,the coach said,the assistant believed,he remembered,,the president,might congratulate,the athletes,over lunch.,0.0,3.139138,2.352433,2.352433,2.35511,8.617029,3.189495,9.546951,3.594095,8.993667,2.065271,6.5510945,11.737227,12.371186000000002,4.567389,5.8638125,6.622843,10.980177999999999,8.941567749999999,8.033817105263157
34,yes,yes,3,+wh_gap,I know,who,the coach said,the assistant believed,he remembered,,,might congratulate,the athletes,over lunch.,0.0,3.139138,6.580016,6.580016,5.056487,8.907176999999999,4.897272,10.597119666666666,4.484371,9.427881,,,12.561193,13.401425,4.506821,5.932997,7.318584,11.474581,10.269667666666667,8.932055882352941
34,yes,no,3,+wh_no_gap,I know,who,the coach said,the assistant believed,he remembered,,the president,might congratulate,the athletes,over lunch.,0.0,3.139138,6.580016,6.580016,5.056487,8.907176999999999,4.897272,10.597119666666666,4.484371,9.427881,2.789052,6.795844,11.227546,12.345893499999999,4.341829,6.0532425,6.772599,11.3166385,9.127904625,8.592114789473683
34,no,yes,4,-wh_gap,I know,that,the coach said,the assistant believed,he remembered,he noticed,,might congratulate,the athletes,over lunch.,0.0,3.139138,2.352433,2.352433,2.35511,8.617029,3.189495,9.546951,3.594095,8.993667,,,15.513341,14.1929755,4.797709,5.9112835,6.856173,11.1979205,10.434059833333333,8.45378482352941
34,no,no,4,-wh_no_gap,I know,that,the coach said,the assistant believed,he remembered,he noticed,the president,might congratulate,the athletes,over lunch.,0.0,3.139138,2.352433,2.352433,2.35511,8.617029,3.189495,9.546951,3.594095,8.993667,2.065271,6.5510945,11.737227,12.371186000000002,4.567389,5.8638125,6.622843,10.980177999999999,8.941567749999999,8.033817105263157
34,yes,yes,4,+wh_gap,I know,who,the coach said,the assistant believed,he remembered,he noticed,,might congratulate,the athletes,over lunch.,0.0,3.139138,6.580016,6.580016,5.056487,8.907176999999999,4.897272,10.597119666666666,4.484371,9.427881,,,12.561193,13.401425,4.506821,5.932997,7.318584,11.474581,10.269667666666667,8.932055882352941
34,yes,no,4,+wh_no_gap,I know,who,the coach said,the assistant believed,he remembered,he noticed,the president,might congratulate,the athletes,over lunch.,0.0,3.139138,6.580016,6.580016,5.056487,8.907176999999999,4.897272,10.597119666666666,4.484371,9.427881,2.789052,6.795844,11.227546,12.345893499999999,4.341829,6.0532425,6.772599,11.3166385,9.127904625,8.592114789473683
33,no,yes,0,-wh_gap,You know,that,,,,,,did support,the candidate,last year.,0.0,3.112767,3.970907,3.970907,,,,,,,,,13.994121,14.403954500000001,2.476853,6.879401,12.606502,7.709481,9.664278833333332,7.575790444444444
33,no,no,0,-wh_no_gap,You know,that,,,,,the millionaire,did support,the candidate,last year.,0.0,3.112767,3.970907,3.970907,,,,,,,2.063794,9.626480500000001,8.092638,11.323769,2.071908,7.6854445,13.962982,8.077124,9.1782045,7.602007
33,yes,yes,0,+wh_gap,You know,who,,,,,,did support,the candidate,last year.,0.0,3.112767,7.834128,7.834128,,,,,,,,,7.352716,9.88352,1.84931,6.669478,12.988263,7.601076,8.051358000000002,6.929756666666666
33,yes,no,0,+wh_no_gap,You know,who,,,,,the millionaire,did support,the candidate,last year.,0.0,3.112767,7.834128,7.834128,,,,,,,4.899722,9.9504645,7.806524,11.4366375,4.501215,9.1064165,14.07363,8.3536405,9.71178975,8.341270909090909
33,no,yes,1,-wh_gap,You know,that,the lobbyist believed,,,,,did support,the candidate,last year.,0.0,3.112767,3.970907,3.970907,2.063794,11.069759,,,,,,,13.457659,12.20325,1.526863,6.2150015000000005,15.596428,9.3080825,9.242111333333332,8.238198833333334
33,no,no,1,-wh_no_gap,You know,that,the lobbyist believed,,,,the millionaire,did support,the candidate,last year.,0.0,3.112767,3.970907,3.970907,2.063794,11.069759,,,,,3.340664,9.8147565,7.458241,10.4696895,2.147432,7.1651465000000005,15.399313,8.8722085,9.080450249999998,8.289237142857143
33,yes,yes,1,+wh_gap,You know,who,the lobbyist believed,,,,,did support,the candidate,last year.,0.0,3.112767,7.834128,7.834128,4.899722,11.883935333333334,,,,,,,8.913419,9.836625,1.36056,6.175136,15.28525,9.0349035,8.348888166666667,8.317066416666668
33,yes,no,1,+wh_no_gap,You know,who,the lobbyist believed,,,,the millionaire,did support,the candidate,last year.,0.0,3.112767,7.834128,7.834128,4.899722,11.883935333333334,,,,,5.17522,10.3229665,7.124864,11.127848,4.623678,8.533127499999999,15.401734,9.01891,9.750713,9.122655142857143
33,no,yes,2,-wh_gap,You know,that,the lobbyist believed,the secretary said,,,,did support,the candidate,last year.,0.0,3.112767,3.970907,3.970907,2.063794,11.069759,3.340664,8.859140666666667,,,,,13.595175,12.778353,2.039194,6.644415,15.293241,9.0617205,9.4948295,8.463474466666664
33,no,no,2,-wh_no_gap,You know,that,the lobbyist believed,the secretary said,,,the millionaire,did support,the candidate,last year.,0.0,3.112767,3.970907,3.970907,2.063794,11.069759,3.340664,8.859140666666667,,,3.194377,10.153024,6.962608,10.679712,2.544734,7.4271885,15.929901,9.1069455,9.341717500000001,8.512757647058821
33,yes,yes,2,+wh_gap,You know,who,the lobbyist believed,the secretary said,,,,did support,the candidate,last year.,0.0,3.112767,7.834128,7.834128,4.899722,11.883935333333334,5.17522,8.877107666666666,,,,,8.267395,10.246265000000001,1.825291,6.377287,15.49726,9.0852825,8.5696115,8.517363999999999
33,yes,no,2,+wh_no_gap,You know,who,the lobbyist believed,the secretary said,,,the millionaire,did support,the candidate,last year.,0.0,3.112767,7.834128,7.834128,4.899722,11.883935333333334,5.17522,8.877107666666666,,,5.877343,10.742478,7.086704,11.169417,4.230064,8.489098,15.814706,9.088227999999999,9.87230525,9.136543117647058
33,no,yes,3,-wh_gap,You know,that,the lobbyist believed,the secretary said,she saw,,,did support,the candidate,last year.,0.0,3.112767,3.970907,3.970907,2.063794,11.069759,3.340664,8.859140666666667,6.827534,7.785858,,,17.137156,14.8108325,5.953054,8.7311505,15.371112,9.183749,10.908577333333334,8.882724705882353
33,no,no,3,-wh_no_gap,You know,that,the lobbyist believed,the secretary said,she saw,,the millionaire,did support,the candidate,last year.,0.0,3.112767,3.970907,3.970907,2.063794,11.069759,3.340664,8.859140666666667,6.827534,7.785858,2.192648,9.28568,11.876694,12.46672,3.030687,7.630305,16.046005,9.2301625,9.653216875,8.567399526315791
33,yes,yes,3,+wh_gap,You know,who,the lobbyist believed,the secretary said,she saw,,,did support,the candidate,last year.,0.0,3.112767,7.834128,7.834128,4.899722,11.883935333333334,5.17522,8.877107666666666,9.23651,8.664782,,,13.078913,12.952164,3.539968,7.3794875,15.455276,8.981423,9.771024833333334,8.958735529411763
33,yes,no,3,+wh_no_gap,You know,who,the lobbyist believed,the secretary said,she saw,,the millionaire,did support,the candidate,last year.,0.0,3.112767,7.834128,7.834128,4.899722,11.883935333333334,5.17522,8.877107666666666,9.23651,8.664782,3.526179,9.723755,10.82041,12.4396295,4.28791,8.471751000000001,15.769722,8.962543,9.899419625,9.098300631578947
33,no,yes,4,-wh_gap,You know,that,the lobbyist believed,the secretary said,she saw,he noticed,,did support,the candidate,last year.,0.0,3.112767,3.970907,3.970907,2.063794,11.069759,3.340664,8.859140666666667,6.827534,7.785858,,,17.137156,14.8108325,5.953054,8.7311505,15.371112,9.183749,10.908577333333334,8.882724705882353
33,no,no,4,-wh_no_gap,You know,that,the lobbyist believed,the secretary said,she saw,he noticed,the millionaire,did support,the candidate,last year.,0.0,3.112767,3.970907,3.970907,2.063794,11.069759,3.340664,8.859140666666667,6.827534,7.785858,2.192648,9.28568,11.876694,12.46672,3.030687,7.630305,16.046005,9.2301625,9.653216875,8.567399526315791
33,yes,yes,4,+wh_gap,You know,who,the lobbyist believed,the secretary said,she saw,he noticed,,did support,the candidate,last year.,0.0,3.112767,7.834128,7.834128,4.899722,11.883935333333334,5.17522,8.877107666666666,9.23651,8.664782,,,13.078913,12.952164,3.539968,7.3794875,15.455276,8.981423,9.771024833333334,8.958735529411763
33,yes,no,4,+wh_no_gap,You know,who,the lobbyist believed,the secretary said,she saw,he noticed,the millionaire,did support,the candidate,last year.,0.0,3.112767,7.834128,7.834128,4.899722,11.883935333333334,5.17522,8.877107666666666,9.23651,8.664782,3.526179,9.723755,10.82041,12.4396295,4.28791,8.471751000000001,15.769722,8.962543,9.899419625,9.098300631578947
32,no,yes,0,-wh_gap,I know,that,,,,,,could greet,the man,early in the morning.,0.0,3.139138,2.352433,2.352433,,,,,,,,,13.58407,15.4500285,2.167796,5.1899745,14.039054,4.7008225,7.5104120000000005,6.246727727272726
32,no,no,0,-wh_no_gap,I know,that,,,,,the librarian,could greet,the man,early in the morning.,0.0,3.139138,2.352433,2.352433,,,,,,,2.35511,9.7144515,6.254767,10.4069845,2.054734,4.951589,14.097253,4.67227175,6.883513700000002,5.958911230769232
32,yes,yes,0,+wh_gap,I know,who,,,,,,could greet,the man,early in the morning.,0.0,3.139138,6.580016,6.580016,,,,,,,,,7.502074,10.504938,2.1966,5.2885015,14.8916,4.977322,6.437020875,5.850405363636364
32,yes,no,0,+wh_no_gap,I know,who,,,,,the librarian,could greet,the man,early in the morning.,0.0,3.139138,6.580016,6.580016,,,,,,,5.056487,10.638127,6.306582,10.465639,3.394274,5.2539765,14.732628,5.015360749999999,7.2776928,6.587324615384616
32,no,yes,1,-wh_gap,I know,that,the mayor said,,,,,could greet,the man,early in the morning.,0.0,3.139138,2.352433,2.352433,2.35511,8.774236333333333,,,,,,,15.532294,15.7730515,1.980437,5.3055865,14.733733,5.00801075,7.773664875,6.938766928571427
32,no,no,1,-wh_no_gap,I know,that,the mayor said,,,,the librarian,could greet,the man,early in the morning.,0.0,3.139138,2.352433,2.352433,2.35511,8.774236333333333,,,,,3.216996,10.461336500000002,4.552863,9.699199,2.298563,5.054268,14.669704,4.882868500000001,6.996108100000001,6.5571561874999995
32,yes,yes,1,+wh_gap,I know,who,the mayor said,,,,,could greet,the man,early in the morning.,0.0,3.139138,6.580016,6.580016,5.056487,9.107947666666666,,,,,,,9.915112,13.28875,1.994491,5.623529,15.583595,5.1920825,7.324111,7.055358785714286
32,yes,no,1,+wh_no_gap,I know,who,the mayor said,,,,the librarian,could greet,the man,early in the morning.,0.0,3.139138,6.580016,6.580016,5.056487,9.107947666666666,,,,,5.002458,11.0666615,5.462829,9.8130885,2.552573,5.2087235000000005,15.091015,4.95394125,7.1992712,7.0109279375
32,no,yes,2,-wh_gap,I know,that,the mayor said,the clerk believed,,,,could greet,the man,early in the morning.,0.0,3.139138,2.352433,2.352433,2.35511,8.774236333333333,3.216996,8.839768,,,,,13.01068,14.5262885,1.692677,4.895678,15.001865,4.97802875,7.344506,7.072280588235294
32,no,no,2,-wh_no_gap,I know,that,the mayor said,the clerk believed,,,the librarian,could greet,the man,early in the morning.,0.0,3.139138,2.352433,2.352433,2.35511,8.774236333333333,3.216996,8.839768,,,2.86781,9.0268635,3.817585,9.2305185,2.396265,4.568115,14.701501,4.78683675,6.479834100000001,6.645845421052632
32,yes,yes,2,+wh_gap,I know,who,the mayor said,the clerk believed,,,,could greet,the man,early in the morning.,0.0,3.139138,6.580016,6.580016,5.056487,9.107947666666666,5.002458,9.607197666666666,,,,,10.781915,13.495600499999998,1.724904,5.070734,15.483492,5.10369625,7.1934317499999985,7.444187176470587
32,yes,no,2,+wh_no_gap,I know,who,the mayor said,the clerk believed,,,the librarian,could greet,the man,early in the morning.,0.0,3.139138,6.580016,6.580016,5.056487,9.107947666666666,5.002458,9.607197666666666,,,3.115828,9.1853655,3.990247,9.0726005,2.508261,4.6993915,15.132427,4.873029749999999,6.540683400000001,7.074240105263158
32,no,yes,3,-wh_gap,I know,that,the mayor said,the clerk believed,he witnessed,,,could greet,the man,early in the morning.,0.0,3.139138,2.352433,2.352433,2.35511,8.774236333333333,3.216996,8.839768,3.821882,9.1268855,,,15.426633,15.4682945,1.94925,4.365953,15.100023,4.779478500000001,7.348301125,7.290152736842104
32,no,no,3,-wh_no_gap,I know,that,the mayor said,the clerk believed,he witnessed,,the librarian,could greet,the man,early in the morning.,0.0,3.139138,2.352433,2.352433,2.35511,8.774236333333333,3.216996,8.839768,3.821882,9.1268855,1.152143,9.778694999999999,8.791738,11.707813999999999,2.738717,4.684564,15.06464,4.904556,7.196037,7.223183952380952
32,yes,yes,3,+wh_gap,I know,who,the mayor said,the clerk believed,he witnessed,,,could greet,the man,early in the morning.,0.0,3.139138,6.580016,6.580016,5.056487,9.107947666666666,5.002458,9.607197666666666,4.123365,8.817959,,,15.612446,15.40653,2.047189,4.4525415,15.362701,4.85869275,7.3941142499999994,7.6732926315789465
32,yes,no,3,+wh_no_gap,I know,who,the mayor said,the clerk believed,he witnessed,,the librarian,could greet,the man,early in the morning.,0.0,3.139138,6.580016,6.580016,5.056487,9.107947666666666,5.002458,9.607197666666666,4.123365,8.817959,1.130379,9.686843000000001,9.276464,11.691034,2.716989,4.71438,15.234562,4.927084250000001,7.189285100000001,7.549166523809524
32,no,yes,4,-wh_gap,I know,that,the mayor said,the clerk believed,he witnessed,he noticed,,could greet,the man,early in the morning.,0.0,3.139138,2.352433,2.352433,2.35511,8.774236333333333,3.216996,8.839768,3.821882,9.1268855,,,15.426633,15.4682945,1.94925,4.365953,15.100023,4.779478500000001,7.348301125,7.290152736842104
32,no,no,4,-wh_no_gap,I know,that,the mayor said,the clerk believed,he witnessed,he noticed,the librarian,could greet,the man,early in the morning.,0.0,3.139138,2.352433,2.352433,2.35511,8.774236333333333,3.216996,8.839768,3.821882,9.1268855,1.152143,9.778694999999999,8.791738,11.707813999999999,2.738717,4.684564,15.06464,4.904556,7.196037,7.223183952380952
32,yes,yes,4,+wh_gap,I know,who,the mayor said,the clerk believed,he witnessed,he noticed,,could greet,the man,early in the morning.,0.0,3.139138,6.580016,6.580016,5.056487,9.107947666666666,5.002458,9.607197666666666,4.123365,8.817959,,,15.612446,15.40653,2.047189,4.4525415,15.362701,4.85869275,7.3941142499999994,7.6732926315789465
32,yes,no,4,+wh_no_gap,I know,who,the mayor said,the clerk believed,he witnessed,he noticed,the librarian,could greet,the man,early in the morning.,0.0,3.139138,6.580016,6.580016,5.056487,9.107947666666666,5.002458,9.607197666666666,4.123365,8.817959,1.130379,9.686843000000001,9.276464,11.691034,2.716989,4.71438,15.234562,4.927084250000001,7.189285100000001,7.549166523809524
31,no,yes,0,-wh_gap,He recalled,that,,,,,,did assassinate,the politician,last night.,0.0,5.915169,2.828473,2.828473,,,,,,,,,14.621815,18.384944,2.90242,6.92418,16.04882,11.988063,12.432395666666666,9.917020555555556
31,no,no,0,-wh_no_gap,He recalled,that,,,,,the terrorist,did assassinate,the politician,last night.,0.0,5.915169,2.828473,2.828473,,,,,,,2.424241,8.627575,9.012574,13.390690000000001,2.898314,7.605805,16.92388,12.0129475,10.409254375,8.902985999999999
31,yes,yes,0,+wh_gap,He recalled,who,,,,,,did assassinate,the politician,last night.,0.0,5.915169,10.627078,10.627078,,,,,,,,,6.489773,14.4720165,2.67395,7.116703,16.6327,11.591746,11.060155166666668,9.868705222222223
31,yes,no,0,+wh_no_gap,He recalled,who,,,,,the terrorist,did assassinate,the politician,last night.,0.0,5.915169,10.627078,10.627078,,,,,,,5.534445,9.8921735,7.917007,12.758909,2.800525,7.772433,17.228106,11.6068725,10.507597,9.683472000000002
31,no,yes,1,-wh_gap,He recalled,that,the president said,,,,,did assassinate,the politician,last night.,0.0,5.915169,2.828473,2.828473,2.424241,6.773932333333334,,,,,,,17.138924,19.2470495,2.74754,7.0785990000000005,15.911375,11.7843455,12.703331333333331,9.266716333333331
31,no,no,1,-wh_no_gap,He recalled,that,the president said,,,,the terrorist,did assassinate,the politician,last night.,0.0,5.915169,2.828473,2.828473,2.424241,6.773932333333334,,,,,3.477312,8.67317,8.230259,13.1927595,3.178882,7.9313005,16.942701,12.047713,10.46123575,8.476463857142857
31,yes,yes,1,+wh_gap,He recalled,who,the president said,,,,,did assassinate,the politician,last night.,0.0,5.915169,10.627078,10.627078,5.534445,7.267572666666666,,,,,,,8.071514,14.7586765,2.635859,7.071304,16.663918,12.0290205,11.286333666666664,9.331511333333333
31,yes,no,1,+wh_no_gap,He recalled,who,the president said,,,,the terrorist,did assassinate,the politician,last night.,0.0,5.915169,10.627078,10.627078,5.534445,7.267572666666666,,,,,5.535992,9.389243,8.388426,12.8146685,2.833345,7.7128235,17.199276,11.977896000000001,10.473657750000001,9.14638542857143
31,no,yes,2,-wh_gap,He recalled,that,the president said,the report confirmed,,,,did assassinate,the politician,last night.,0.0,5.915169,2.828473,2.828473,2.424241,6.773932333333334,3.477312,8.070158,,,,,14.674817,17.606191,2.92475,7.356173,16.882278,12.3081085,12.423490833333334,8.915468466666669
31,no,no,2,-wh_no_gap,He recalled,that,the president said,the report confirmed,,,the terrorist,did assassinate,the politician,last night.,0.0,5.915169,2.828473,2.828473,2.424241,6.773932333333334,3.477312,8.070158,,,2.489184,7.444671,11.650803,14.444053,2.739751,7.604799,16.652842,11.886564,10.34502175,8.350073882352941
31,yes,yes,2,+wh_gap,He recalled,who,the president said,the report confirmed,,,,did assassinate,the politician,last night.,0.0,5.915169,10.627078,10.627078,5.534445,7.267572666666666,5.535992,9.247041000000001,,,,,9.709893,15.228183999999999,2.763148,7.170572999999999,17.41584,12.336534499999999,11.578430499999998,9.431455999999999
31,yes,no,2,+wh_no_gap,He recalled,who,the president said,the report confirmed,,,the terrorist,did assassinate,the politician,last night.,0.0,5.915169,10.627078,10.627078,5.534445,7.267572666666666,5.535992,9.247041000000001,,,2.683384,7.487553,12.401771,14.567005,3.184651,7.778328500000001,16.958279,12.045935,10.469705375,9.162288235294119
31,no,yes,3,-wh_gap,He recalled,that,the president said,the report confirmed,he believed,,,did assassinate,the politician,last night.,0.0,5.915169,2.828473,2.828473,2.424241,6.773932333333334,3.477312,8.070158,5.652,6.564162,,,14.191265,16.209531,2.981066,7.1350545,16.178524,12.054424,11.799669833333333,8.41867205882353
31,no,no,3,-wh_no_gap,He recalled,that,the president said,the report confirmed,he believed,,the terrorist,did assassinate,the politician,last night.,0.0,5.915169,2.828473,2.828473,2.424241,6.773932333333334,3.477312,8.070158,5.652,6.564162,2.460569,7.108115,9.666551,13.004148,3.676837,8.0292275,16.520443,11.9145555,10.014011499999999,8.022710421052631
31,yes,yes,3,+wh_gap,He recalled,who,the president said,the report confirmed,he believed,,,did assassinate,the politician,last night.,0.0,5.915169,10.627078,10.627078,5.534445,7.267572666666666,5.535992,9.247041000000001,5.047936,6.185914,,,11.053164,14.479030999999999,2.933117,7.205686,16.419304,12.0273355,11.237350833333332,8.929246470588234
31,yes,no,3,+wh_no_gap,He recalled,who,the president said,the report confirmed,he believed,,the terrorist,did assassinate,the politician,last night.,0.0,5.915169,10.627078,10.627078,5.534445,7.267572666666666,5.535992,9.247041000000001,5.047936,6.185914,2.457618,7.172643,9.771676,12.7771475,3.72409,7.9876735000000005,16.714161,11.9161575,9.963405375,8.635806736842104
31,no,yes,4,-wh_gap,He recalled,that,the president said,the report confirmed,he believed,he remembered,,did assassinate,the politician,last night.,0.0,5.915169,2.828473,2.828473,2.424241,6.773932333333334,3.477312,8.070158,5.652,6.564162,,,14.191265,16.209531,2.981066,7.1350545,16.178524,12.054424,11.799669833333333,8.41867205882353
31,no,no,4,-wh_no_gap,He recalled,that,the president said,the report confirmed,he believed,he remembered,the terrorist,did assassinate,the politician,last night.,0.0,5.915169,2.828473,2.828473,2.424241,6.773932333333334,3.477312,8.070158,5.652,6.564162,2.460569,7.108115,9.666551,13.004148,3.676837,8.0292275,16.520443,11.9145555,10.014011499999999,8.022710421052631
31,yes,yes,4,+wh_gap,He recalled,who,the president said,the report confirmed,he believed,he remembered,,did assassinate,the politician,last night.,0.0,5.915169,10.627078,10.627078,5.534445,7.267572666666666,5.535992,9.247041000000001,5.047936,6.185914,,,11.053164,14.479030999999999,2.933117,7.205686,16.419304,12.0273355,11.237350833333332,8.929246470588234
31,yes,no,4,+wh_no_gap,He recalled,who,the president said,the report confirmed,he believed,he remembered,the terrorist,did assassinate,the politician,last night.,0.0,5.915169,10.627078,10.627078,5.534445,7.267572666666666,5.535992,9.247041000000001,5.047936,6.185914,2.457618,7.172643,9.771676,12.7771475,3.72409,7.9876735000000005,16.714161,11.9161575,9.963405375,8.635806736842104
30,no,yes,0,-wh_gap,We recalled,that,,,,,,might frighten,the children,at the party.,0.0,7.1331015,3.365684,3.365684,,,,,,,,,16.58493,15.951713999999999,1.917893,4.8431999999999995,6.337696,5.300492333333334,8.213043571428571,7.5123192
30,no,no,0,-wh_no_gap,We recalled,that,,,,,the clown,might frighten,the children,at the party.,0.0,7.1331015,3.365684,3.365684,,,,,,,2.013075,9.1231135,8.652925,11.4229865,2.189906,4.6385385,6.241447,5.494026333333333,7.427928444444445,7.04027025
30,yes,yes,0,+wh_gap,We recalled,who,,,,,,might frighten,the children,at the party.,0.0,7.1331015,8.667806,8.667806,,,,,,,,,9.943306,12.314425499999999,1.886706,4.800165,6.387269,5.224605333333334,7.128999571428571,7.283700599999999
30,yes,no,0,+wh_no_gap,We recalled,who,,,,,the clown,might frighten,the children,at the party.,0.0,7.1331015,8.667806,8.667806,,,,,,,5.621344,9.9252285,7.944346,11.258683,3.740158,5.6807295,6.435016,5.416767666666666,7.775509444444444,7.7427995
30,no,yes,1,-wh_gap,We recalled,that,the actor said,,,,,might frighten,the children,at the party.,0.0,7.1331015,3.365684,3.365684,2.013075,7.204410333333333,,,,,,,15.776117,15.296371,2.238211,4.895644,6.591464,5.352151333333333,8.062926285714287,7.360430923076924
30,no,no,1,-wh_no_gap,We recalled,that,the actor said,,,,the clown,might frighten,the children,at the party.,0.0,7.1331015,3.365684,3.365684,2.013075,7.204410333333333,,,,,3.913705,8.5892535,8.366067,11.220983,2.315767,4.944493,6.23238,5.386342666666667,7.296498555555557,6.994240333333333
30,yes,yes,1,+wh_gap,We recalled,who,the actor said,,,,,might frighten,the children,at the party.,0.0,7.1331015,8.667806,8.667806,5.621344,8.062327666666667,,,,,,,10.614571,12.773106,2.392018,5.0802065,6.623783,5.167618666666667,7.315640142857144,7.563882538461538
30,yes,no,1,+wh_no_gap,We recalled,who,the actor said,,,,the clown,might frighten,the children,at the party.,0.0,7.1331015,8.667806,8.667806,5.621344,8.062327666666667,,,,,5.484583,9.3242715,8.651469,11.203346,2.551939,4.9580665,6.379886,5.369102666666667,7.453186222222221,7.613311200000001
30,no,yes,2,-wh_gap,We recalled,that,the actor said,the people knew,,,,might frighten,the children,at the party.,0.0,7.1331015,3.365684,3.365684,2.013075,7.204410333333333,3.913705,6.516550666666667,,,,,16.069399,15.0509585,2.431444,4.7639455,6.341704,5.217539666666667,7.897489571428571,7.129824812500001
30,no,no,2,-wh_no_gap,We recalled,that,the actor said,the people knew,,,the clown,might frighten,the children,at the party.,0.0,7.1331015,3.365684,3.365684,2.013075,7.204410333333333,3.913705,6.516550666666667,,,3.436183,7.7721729999999996,8.588948,10.8571225,2.590438,4.8989265,6.466012,5.3219009999999995,7.002460777777777,6.7676065
30,yes,yes,2,+wh_gap,We recalled,who,the actor said,the people knew,,,,might frighten,the children,at the party.,0.0,7.1331015,8.667806,8.667806,5.621344,8.062327666666667,5.484583,6.649968666666667,,,,,15.143622,14.6130005,2.665139,4.842682,6.574349,5.193064666666667,7.784365571428572,7.597591062499999
30,yes,no,2,+wh_no_gap,We recalled,who,the actor said,the people knew,,,the clown,might frighten,the children,at the party.,0.0,7.1331015,8.667806,8.667806,5.621344,8.062327666666667,5.484583,6.649968666666667,,,3.537174,7.9220425,9.027498,11.050916,2.737862,5.000223,6.637836,5.320464,7.100861666666667,7.276591833333334
30,no,yes,3,-wh_gap,We recalled,that,the actor said,the people knew,he thought,,,might frighten,the children,at the party.,0.0,7.1331015,3.365684,3.365684,2.013075,7.204410333333333,3.913705,6.516550666666667,4.784596,6.7108445,,,15.592717,14.727600500000001,2.757927,4.927567,6.607145,5.195384,7.842355285714286,7.061830333333333
30,no,no,3,-wh_no_gap,We recalled,that,the actor said,the people knew,he thought,,the clown,might frighten,the children,at the party.,0.0,7.1331015,3.365684,3.365684,2.013075,7.204410333333333,3.913705,6.516550666666667,4.784596,6.7108445,2.851398,7.9976125,8.376231,10.774143,3.019125,5.189557,6.421481,5.428367000000001,7.134191777777779,6.821209250000001
30,yes,yes,3,+wh_gap,We recalled,who,the actor said,the people knew,he thought,,,might frighten,the children,at the party.,0.0,7.1331015,8.667806,8.667806,5.621344,8.062327666666667,5.484583,6.649968666666667,4.70437,6.5420795,,,14.919802,14.4282985,2.899345,5.0692405,6.698188,5.123025999999999,7.766308,7.473289611111111
30,yes,no,3,+wh_no_gap,We recalled,who,the actor said,the people knew,he thought,,the clown,might frighten,the children,at the party.,0.0,7.1331015,8.667806,8.667806,5.621344,8.062327666666667,5.484583,6.649968666666667,4.70437,6.5420795,2.944846,8.101783000000001,8.632963,10.9172555,3.136187,5.318689,6.511663,5.366947000000001,7.1973662222222226,7.2465676499999985
30,no,yes,4,-wh_gap,We recalled,that,the actor said,the people knew,he thought,he noticed,,might frighten,the children,at the party.,0.0,7.1331015,3.365684,3.365684,2.013075,7.204410333333333,3.913705,6.516550666666667,4.784596,6.7108445,,,15.592717,14.727600500000001,2.757927,4.927567,6.607145,5.195384,7.842355285714286,7.061830333333333
30,no,no,4,-wh_no_gap,We recalled,that,the actor said,the people knew,he thought,he noticed,the clown,might frighten,the children,at the party.,0.0,7.1331015,3.365684,3.365684,2.013075,7.204410333333333,3.913705,6.516550666666667,4.784596,6.7108445,2.851398,7.9976125,8.376231,10.774143,3.019125,5.189557,6.421481,5.428367000000001,7.134191777777779,6.821209250000001
30,yes,yes,4,+wh_gap,We recalled,who,the actor said,the people knew,he thought,he noticed,,might frighten,the children,at the party.,0.0,7.1331015,8.667806,8.667806,5.621344,8.062327666666667,5.484583,6.649968666666667,4.70437,6.5420795,,,14.919802,14.4282985,2.899345,5.0692405,6.698188,5.123025999999999,7.766308,7.473289611111111
30,yes,no,4,+wh_no_gap,We recalled,who,the actor said,the people knew,he thought,he noticed,the clown,might frighten,the children,at the party.,0.0,7.1331015,8.667806,8.667806,5.621344,8.062327666666667,5.484583,6.649968666666667,4.70437,6.5420795,2.944846,8.101783000000001,8.632963,10.9172555,3.136187,5.318689,6.511663,5.366947000000001,7.1973662222222226,7.2465676499999985
29,no,yes,0,-wh_gap,They recalled,that,,,,,,might have divorced,the count,last year.,0.0,6.4988775,3.338919,3.338919,,,,,,,,,17.566448,12.669041333333334,1.708306,7.198868,14.319352,8.6522135,9.958469571428571,8.604596099999998
29,no,no,0,-wh_no_gap,They recalled,that,,,,,the heiress,might have divorced,the count,last year.,0.0,6.4988775,3.338919,3.338919,,,,,,,2.030145,10.7014035,8.831794,7.6489796666666665,3.139118,8.5600375,15.112607,8.9604695,8.821195555555555,7.977286166666666
29,yes,yes,0,+wh_gap,They recalled,who,,,,,,might have divorced,the count,last year.,0.0,6.4988775,10.332471,10.332471,,,,,,,,,9.923829,8.510409333333333,2.510149,8.268227,14.162837,8.300733,8.381306857142857,8.1999374
29,yes,no,0,+wh_no_gap,They recalled,who,,,,,the heiress,might have divorced,the count,last year.,0.0,6.4988775,10.332471,10.332471,,,,,,,6.027031,11.93122,7.757231,7.533123333333333,6.574323,11.755958,14.334826,8.801938,9.730844666666668,9.242318999999997
29,no,yes,1,-wh_gap,They recalled,that,the writer thought,,,,,might have divorced,the count,last year.,0.0,6.4988775,3.338919,3.338919,2.030145,7.525764,,,,,,,14.807852,11.330356,2.335245,8.197979,14.582368,8.962588,9.758886,8.248166769230771
29,no,no,1,-wh_no_gap,They recalled,that,the writer thought,,,,the heiress,might have divorced,the count,last year.,0.0,6.4988775,3.338919,3.338919,2.030145,7.525764,,,,,2.91471,11.7408625,6.38858,7.003298666666667,3.153336,8.743043,14.937961,8.986281,8.883363222222222,7.924282333333333
29,yes,yes,1,+wh_gap,They recalled,who,the writer thought,,,,,might have divorced,the count,last year.,0.0,6.4988775,10.332471,10.332471,6.027031,8.375459,,,,,,,8.412286,9.008180333333334,2.874914,8.4545095,14.509058,8.876133,8.812260857142856,8.472494538461538
29,yes,no,1,+wh_no_gap,They recalled,who,the writer thought,,,,the heiress,might have divorced,the count,last year.,0.0,6.4988775,10.332471,10.332471,6.027031,8.375459,,,,,4.38601,10.78435,6.970802,7.676772666666667,6.192553,11.4181825,14.605858,9.023105,9.497954777777778,8.929213066666668
29,no,yes,2,-wh_gap,They recalled,that,the writer thought,the man said,,,,might have divorced,the count,last year.,0.0,6.4988775,3.338919,3.338919,2.030145,7.525764,2.91471,7.721513333333333,,,,,9.75416,8.586719,2.795502,8.407134,14.656372,9.093197,8.680117,7.6774578125
29,no,no,2,-wh_no_gap,They recalled,that,the writer thought,the man said,,,the heiress,might have divorced,the count,last year.,0.0,6.4988775,3.338919,3.338919,2.030145,7.525764,2.91471,7.721513333333333,,,4.711791,10.1553705,7.923824,7.629575,3.130927,8.801384500000001,15.19377,9.3910725,8.842708888888888,7.8701603333333345
29,yes,yes,2,+wh_gap,They recalled,who,the writer thought,the man said,,,,might have divorced,the count,last year.,0.0,6.4988775,10.332471,10.332471,6.027031,8.375459,4.38601,7.646138333333333,,,,,9.072347,9.098838666666667,3.011985,8.533159,14.512551,9.0389725,8.920111285714286,8.3647373125
29,yes,no,2,+wh_no_gap,They recalled,who,the writer thought,the man said,,,the heiress,might have divorced,the count,last year.,0.0,6.4988775,10.332471,10.332471,6.027031,8.375459,4.38601,7.646138333333333,,,5.712673,11.4267855,8.080302,7.664855,3.349967,8.938363,15.093099,9.261231500000001,9.138591666666667,8.535685722222222
29,no,yes,3,-wh_gap,They recalled,that,the writer thought,the man said,his brother believed,,,might have divorced,the count,last year.,0.0,6.4988775,3.338919,3.338919,2.030145,7.525764,2.91471,7.721513333333333,7.094841,7.692471666666667,,,12.460927,10.230107666666667,3.313751,8.8314185,15.095188,9.665412,9.669140571428573,8.044205526315789
29,no,no,3,-wh_no_gap,They recalled,that,the writer thought,the man said,his brother believed,,the heiress,might have divorced,the count,last year.,0.0,6.4988775,3.338919,3.338919,2.030145,7.525764,2.91471,7.721513333333333,7.094841,7.692471666666667,3.876472,10.5392445,6.790487,7.343561333333334,3.544146,8.924456000000001,15.553225,9.7020015,8.92912088888889,7.881809952380952
29,yes,yes,3,+wh_gap,They recalled,who,the writer thought,the man said,his brother believed,,,might have divorced,the count,last year.,0.0,6.4988775,10.332471,10.332471,6.027031,8.375459,4.38601,7.646138333333333,8.869982,8.254548666666667,,,13.583253,10.826035333333332,3.342706,8.831212,14.947891,9.5036665,9.878266142857143,8.700343526315788
29,yes,no,3,+wh_no_gap,They recalled,who,the writer thought,the man said,his brother believed,,the heiress,might have divorced,the count,last year.,0.0,6.4988775,10.332471,10.332471,6.027031,8.375459,4.38601,7.646138333333333,8.869982,8.254548666666667,3.715826,10.9260845,6.712556,7.297769666666667,3.594109,8.9868755,15.467299,9.579259500000001,8.986416444444446,8.430305333333333
29,no,yes,4,-wh_gap,They recalled,that,the writer thought,the man said,his brother believed,he saw,,might have divorced,the count,last year.,0.0,6.4988775,3.338919,3.338919,2.030145,7.525764,2.91471,7.721513333333333,7.094841,7.692471666666667,,,12.460927,10.230107666666667,3.313751,8.8314185,15.095188,9.665412,9.669140571428573,8.044205526315789
29,no,no,4,-wh_no_gap,They recalled,that,the writer thought,the man said,his brother believed,he saw,the heiress,might have divorced,the count,last year.,0.0,6.4988775,3.338919,3.338919,2.030145,7.525764,2.91471,7.721513333333333,7.094841,7.692471666666667,3.876472,10.5392445,6.790487,7.343561333333334,3.544146,8.924456000000001,15.553225,9.7020015,8.92912088888889,7.881809952380952
29,yes,yes,4,+wh_gap,They recalled,who,the writer thought,the man said,his brother believed,he saw,,might have divorced,the count,last year.,0.0,6.4988775,10.332471,10.332471,6.027031,8.375459,4.38601,7.646138333333333,8.869982,8.254548666666667,,,13.583253,10.826035333333332,3.342706,8.831212,14.947891,9.5036665,9.878266142857143,8.700343526315788
29,yes,no,4,+wh_no_gap,They recalled,who,the writer thought,the man said,his brother believed,he saw,the heiress,might have divorced,the count,last year.,0.0,6.4988775,10.332471,10.332471,6.027031,8.375459,4.38601,7.646138333333333,8.869982,8.254548666666667,3.715826,10.9260845,6.712556,7.297769666666667,3.594109,8.9868755,15.467299,9.579259500000001,8.986416444444446,8.430305333333333
28,no,yes,0,-wh_gap,They reported,that,,,,,,did promote,the accountant,yesterday.,0.0,5.2062265,1.780984,1.780984,,,,,,,,,13.917817,14.232118499999999,1.493384,10.747459,19.685835,19.685835,13.928997999999998,10.229803375000001
28,no,no,0,-wh_no_gap,They reported,that,,,,,the manager,did promote,the accountant,yesterday.,0.0,5.2062265,1.780984,1.780984,,,,,,,1.89322,7.4593235,6.701646,11.5431065,1.483756,10.3166985,20.607681,20.607681,11.320848285714286,9.1439375
28,yes,yes,0,+wh_gap,They reported,who,,,,,,did promote,the accountant,yesterday.,0.0,5.2062265,11.821813,11.821813,,,,,,,,,5.957334,10.404315,1.23941,11.1129875,19.470406,19.470406,12.501002199999999,10.592409624999998
28,yes,no,0,+wh_no_gap,They reported,who,,,,,the manager,did promote,the accountant,yesterday.,0.0,5.2062265,11.821813,11.821813,,,,,,,7.229744,9.632609500000001,6.068048,11.7369945,3.12904,10.797027,19.987436,19.987436,12.045814000000002,10.6554964
28,no,yes,1,-wh_gap,They reported,that,the executive said,,,,,did promote,the accountant,yesterday.,0.0,5.2062265,1.780984,1.780984,1.89322,8.135167666666666,,,,,,,13.328575,14.1767605,1.535162,10.9819935,19.96056,19.96056,14.055613600000001,9.716091636363636
28,no,no,1,-wh_no_gap,They reported,that,the executive said,,,,the manager,did promote,the accountant,yesterday.,0.0,5.2062265,1.780984,1.780984,1.89322,8.135167666666666,,,,,3.213771,8.1738745,6.169365,10.8682465,1.532819,10.5026125,20.227192,20.227192,11.330951285714287,8.916584538461539
28,yes,yes,1,+wh_gap,They reported,who,the executive said,,,,,did promote,the accountant,yesterday.,0.0,5.2062265,11.821813,11.821813,7.229744,8.566055666666665,,,,,,,8.004944,11.5498315,1.687288,10.936017,20.002878,20.002878,12.994915,10.264273454545453
28,yes,no,1,+wh_no_gap,They reported,who,the executive said,,,,the manager,did promote,the accountant,yesterday.,0.0,5.2062265,11.821813,11.821813,7.229744,8.566055666666665,,,,,4.485958,8.7260275,6.171285,11.014679,1.635599,10.505495999999999,19.741182,19.741182,11.461941,9.858924615384616
28,no,yes,2,-wh_gap,They reported,that,the executive said,a reporter believed,,,,did promote,the accountant,yesterday.,0.0,5.2062265,1.780984,1.780984,1.89322,8.135167666666666,6.948168,9.120344000000001,,,,,16.409641,14.491389,1.587114,10.707815,19.291246,19.291246,13.9379308,9.546401857142856
28,no,no,2,-wh_no_gap,They reported,that,the executive said,a reporter believed,,,the manager,did promote,the accountant,yesterday.,0.0,5.2062265,1.780984,1.780984,1.89322,8.135167666666666,6.948168,9.120344000000001,,,2.703472,8.328933000000001,6.672708,11.002127999999999,1.556685,10.290274,19.648064,19.648064,11.270104857142858,8.928169125
28,yes,yes,2,+wh_gap,They reported,who,the executive said,a reporter believed,,,,did promote,the accountant,yesterday.,0.0,5.2062265,11.821813,11.821813,7.229744,8.566055666666665,7.715989,8.767986333333333,,,,,11.477399,12.561894500000001,1.608925,10.812801499999999,19.143499,19.143499,13.178578199999999,10.009234500000002
28,yes,no,2,+wh_no_gap,They reported,who,the executive said,a reporter believed,,,the manager,did promote,the accountant,yesterday.,0.0,5.2062265,11.821813,11.821813,7.229744,8.566055666666665,7.715989,8.767986333333333,,,2.895143,8.496001,6.778757,11.099885,1.605967,10.325556,19.351465,19.351465,11.313478428571429,9.589421312499999
28,no,yes,3,-wh_gap,They reported,that,the executive said,a reporter believed,the client said,,,did promote,the accountant,yesterday.,0.0,5.2062265,1.780984,1.780984,1.89322,8.135167666666666,6.948168,9.120344000000001,2.703472,8.424914333333334,,,12.643327,14.078085999999999,1.75706,10.416818,19.426708,19.426708,13.683303200000001,9.273601823529411
28,no,no,3,-wh_no_gap,They reported,that,the executive said,a reporter believed,the client said,,the manager,did promote,the accountant,yesterday.,0.0,5.2062265,1.780984,1.780984,1.89322,8.135167666666666,6.948168,9.120344000000001,2.703472,8.424914333333334,3.772477,8.4230795,6.513009,11.248974,1.612876,10.1924155,19.684027,19.684027,11.344709285714286,8.876193684210525
28,yes,yes,3,+wh_gap,They reported,who,the executive said,a reporter believed,the client said,,,did promote,the accountant,yesterday.,0.0,5.2062265,11.821813,11.821813,7.229744,8.566055666666665,7.715989,8.767986333333333,2.895143,8.535829999999999,,,11.742587,13.796996,1.839951,10.548422,19.325375,19.325375,13.6032422,9.87412311764706
28,yes,no,3,+wh_no_gap,They reported,who,the executive said,a reporter believed,the client said,,the manager,did promote,the accountant,yesterday.,0.0,5.2062265,11.821813,11.821813,7.229744,8.566055666666665,7.715989,8.767986333333333,2.895143,8.535829999999999,3.885957,8.4666865,6.649036,11.343669499999999,1.653512,10.2435335,19.540279,19.540279,11.378293999999999,9.446944210526315
28,no,yes,4,-wh_gap,They reported,that,the executive said,a reporter believed,the client said,he saw,,did promote,the accountant,yesterday.,0.0,5.2062265,1.780984,1.780984,1.89322,8.135167666666666,6.948168,9.120344000000001,2.703472,8.424914333333334,,,12.643327,14.078085999999999,1.75706,10.416818,19.426708,19.426708,13.683303200000001,9.273601823529411
28,no,no,4,-wh_no_gap,They reported,that,the executive said,a reporter believed,the client said,he saw,the manager,did promote,the accountant,yesterday.,0.0,5.2062265,1.780984,1.780984,1.89322,8.135167666666666,6.948168,9.120344000000001,2.703472,8.424914333333334,3.772477,8.4230795,6.513009,11.248974,1.612876,10.1924155,19.684027,19.684027,11.344709285714286,8.876193684210525
28,yes,yes,4,+wh_gap,They reported,who,the executive said,a reporter believed,the client said,he saw,,did promote,the accountant,yesterday.,0.0,5.2062265,11.821813,11.821813,7.229744,8.566055666666665,7.715989,8.767986333333333,2.895143,8.535829999999999,,,11.742587,13.796996,1.839951,10.548422,19.325375,19.325375,13.6032422,9.87412311764706
28,yes,no,4,+wh_no_gap,They reported,who,the executive said,a reporter believed,the client said,he saw,the manager,did promote,the accountant,yesterday.,0.0,5.2062265,11.821813,11.821813,7.229744,8.566055666666665,7.715989,8.767986333333333,2.895143,8.535829999999999,3.885957,8.4666865,6.649036,11.343669499999999,1.653512,10.2435335,19.540279,19.540279,11.378293999999999,9.446944210526315
27,no,yes,0,-wh_gap,He reported,that,,,,,,will abandon,his partner,in the desert.,0.0,5.4177695,1.868976,1.868976,,,,,,,,,15.450523,14.807477,2.36371,6.5063285,3.703231,5.417956,8.411639857142857,7.1585994
27,no,no,0,-wh_no_gap,He reported,that,,,,,the cowboy,will abandon,his partner,in the desert.,0.0,5.4177695,1.868976,1.868976,,,,,,,2.223669,9.534671000000001,9.040291,9.904136000000001,2.11064,7.0028405000000005,4.037199,4.5846556666666665,7.404140222222223,6.611814750000001
27,yes,yes,0,+wh_gap,He reported,who,,,,,,will abandon,his partner,in the desert.,0.0,5.4177695,12.096594,12.096594,,,,,,,,,9.467492,10.8372615,1.948738,6.96905,3.389757,5.125257333333334,7.2840564285714295,7.3920528
27,yes,no,0,+wh_no_gap,He reported,who,,,,,the cowboy,will abandon,his partner,in the desert.,0.0,5.4177695,12.096594,12.096594,,,,,,,7.066419,11.161148,8.655581,10.4875825,2.425353,7.258964499999999,3.589713,4.431321333333333,7.901039333333333,7.836790583333333
27,no,yes,1,-wh_gap,He reported,that,the farmer said,,,,,will abandon,his partner,in the desert.,0.0,5.4177695,1.868976,1.868976,2.223669,8.028996666666666,,,,,,,16.128641,14.479664499999998,2.387919,6.723722,4.000308,5.397814333333334,8.371459428571429,7.3378246923076915
27,no,no,1,-wh_no_gap,He reported,that,the farmer said,,,,the cowboy,will abandon,his partner,in the desert.,0.0,5.4177695,1.868976,1.868976,2.223669,8.028996666666666,,,,,3.560346,8.9902265,8.421553,9.380433,2.24193,7.124604,4.450495,4.858524,7.285122111111111,6.823840266666666
27,yes,yes,1,+wh_gap,He reported,who,the farmer said,,,,,will abandon,his partner,in the desert.,0.0,5.4177695,12.096594,12.096594,7.066419,8.802653333333334,,,,,,,10.059443,11.845353,2.614198,6.9390715,3.98695,5.259158666666667,7.620903571428571,7.898955230769231
27,yes,no,1,+wh_no_gap,He reported,who,the farmer said,,,,the cowboy,will abandon,his partner,in the desert.,0.0,5.4177695,12.096594,12.096594,7.066419,8.802653333333334,,,,,5.931177,9.617902,9.482056,10.819458000000001,4.774513,8.618810999999999,4.166674,4.684755666666667,8.018512111111113,8.1004468
27,no,yes,2,-wh_gap,He reported,that,the farmer said,his friend reported,,,,will abandon,his partner,in the desert.,0.0,5.4177695,1.868976,1.868976,2.223669,8.028996666666666,5.625406,8.397998666666666,,,,,15.944707,13.887442,1.945882,6.691834999999999,3.689119,5.174707000000001,8.097525000000001,7.416761
27,no,no,2,-wh_no_gap,He reported,that,the farmer said,his friend reported,,,the cowboy,will abandon,his partner,in the desert.,0.0,5.4177695,1.868976,1.868976,2.223669,8.028996666666666,5.625406,8.397998666666666,,,3.987056,10.5787695,9.626829,10.6325665,2.024562,6.953504,4.437413,4.813423666666666,7.863327888888888,7.375302888888888
27,yes,yes,2,+wh_gap,He reported,who,the farmer said,his friend reported,,,,will abandon,his partner,in the desert.,0.0,5.4177695,12.096594,12.096594,7.066419,8.802653333333334,8.091573,8.735072333333333,,,,,11.25488,12.131682,2.015961,6.871032,3.787627,5.108369,7.618647857142858,8.0547403125
27,yes,no,2,+wh_no_gap,He reported,who,the farmer said,his friend reported,,,the cowboy,will abandon,his partner,in the desert.,0.0,5.4177695,12.096594,12.096594,7.066419,8.802653333333334,8.091573,8.735072333333333,,,6.021364,11.156875500000002,9.744692,11.394623,3.847201,8.548201500000001,4.281755,4.6835656666666665,8.472233000000001,8.433078166666668
27,no,yes,3,-wh_gap,He reported,that,the farmer said,his friend reported,he believed,,,will abandon,his partner,in the desert.,0.0,5.4177695,1.868976,1.868976,2.223669,8.028996666666666,5.625406,8.397998666666666,4.719448,6.334723,,,15.561703,14.821147499999999,2.260945,6.492913499999999,3.885312,5.344614666666668,8.380280857142855,7.406495166666667
27,no,no,3,-wh_no_gap,He reported,that,the farmer said,his friend reported,he believed,,the cowboy,will abandon,his partner,in the desert.,0.0,5.4177695,1.868976,1.868976,2.223669,8.028996666666666,5.625406,8.397998666666666,4.719448,6.334723,2.625475,8.648342,9.935697,10.570529,1.952216,6.918095,4.517632,4.820679666666667,7.415107888888888,7.069545899999999
27,yes,yes,3,+wh_gap,He reported,who,the farmer said,his friend reported,he believed,,,will abandon,his partner,in the desert.,0.0,5.4177695,12.096594,12.096594,7.066419,8.802653333333334,8.091573,8.735072333333333,6.255692,6.9448015000000005,,,10.836726,12.5618715,2.428354,6.807391,4.102169,5.2149779999999994,7.7690655714285715,7.989909555555554
27,yes,no,3,+wh_no_gap,He reported,who,the farmer said,his friend reported,he believed,,the cowboy,will abandon,his partner,in the desert.,0.0,5.4177695,12.096594,12.096594,7.066419,8.802653333333334,8.091573,8.735072333333333,6.255692,6.9448015000000005,4.765059,9.482264,9.849813,10.8200065,2.474976,7.584497,4.471881,4.653477666666666,7.7482186666666655,7.95844405
27,no,yes,4,-wh_gap,He reported,that,the farmer said,his friend reported,he believed,he noticed,,will abandon,his partner,in the desert.,0.0,5.4177695,1.868976,1.868976,2.223669,8.028996666666666,5.625406,8.397998666666666,4.719448,6.334723,,,15.561703,14.821147499999999,2.260945,6.492913499999999,3.885312,5.344614666666668,8.380280857142855,7.406495166666667
27,no,no,4,-wh_no_gap,He reported,that,the farmer said,his friend reported,he believed,he noticed,the cowboy,will abandon,his partner,in the desert.,0.0,5.4177695,1.868976,1.868976,2.223669,8.028996666666666,5.625406,8.397998666666666,4.719448,6.334723,2.625475,8.648342,9.935697,10.570529,1.952216,6.918095,4.517632,4.820679666666667,7.415107888888888,7.069545899999999
27,yes,yes,4,+wh_gap,He reported,who,the farmer said,his friend reported,he believed,he noticed,,will abandon,his partner,in the desert.,0.0,5.4177695,12.096594,12.096594,7.066419,8.802653333333334,8.091573,8.735072333333333,6.255692,6.9448015000000005,,,10.836726,12.5618715,2.428354,6.807391,4.102169,5.2149779999999994,7.7690655714285715,7.989909555555554
27,yes,no,4,+wh_no_gap,He reported,who,the farmer said,his friend reported,he believed,he noticed,the cowboy,will abandon,his partner,in the desert.,0.0,5.4177695,12.096594,12.096594,7.066419,8.802653333333334,8.091573,8.735072333333333,6.255692,6.9448015000000005,4.765059,9.482264,9.849813,10.8200065,2.474976,7.584497,4.471881,4.653477666666666,7.7482186666666655,7.95844405
26,no,yes,0,-wh_gap,They know,that,,,,,,should reassure,the old woman,at the hospital.,0.0,4.743053,2.169621,2.169621,,,,,,,,,13.847187,15.539622999999999,1.882774,6.030325,8.244516,5.756378333333333,8.3049195,7.099553000000001
26,no,no,0,-wh_no_gap,They know,that,,,,,the nurse,should reassure,the old woman,at the hospital.,0.0,4.743053,2.169621,2.169621,,,,,,,1.87231,8.610813,6.094624,11.434063,1.895506,5.650659,8.709564,5.4222616666666665,7.3308514,6.5357108461538465
26,yes,yes,0,+wh_gap,They know,who,,,,,,should reassure,the old woman,at the hospital.,0.0,4.743053,7.200986,7.200986,,,,,,,,,7.420847,11.702539,1.711116,5.997974333333333,8.238626,6.017581333333333,7.431468125,6.921712454545456
26,yes,no,0,+wh_no_gap,They know,who,,,,,the nurse,should reassure,the old woman,at the hospital.,0.0,4.743053,7.200986,7.200986,,,,,,,4.435805,9.221021,5.813551,12.026675000000001,3.138667,5.32891,7.284822,4.551835333333334,7.2137628,6.832670769230769
26,no,yes,1,-wh_gap,They know,that,the doctor believed,,,,,should reassure,the old woman,at the hospital.,0.0,4.743053,2.169621,2.169621,1.87231,7.594252999999999,,,,,,,16.448786,16.5490085,2.067007,5.770235333333333,8.878069,5.140124666666666,8.228637124999999,7.161970214285715
26,no,no,1,-wh_no_gap,They know,that,the doctor believed,,,,the nurse,should reassure,the old woman,at the hospital.,0.0,4.743053,2.169621,2.169621,1.87231,7.594252999999999,,,,,3.312144,6.6218825,4.980379,11.119848,2.326273,5.911653666666666,8.875134,4.766308666666666,6.7517347999999995,6.372239625
26,yes,yes,1,+wh_gap,They know,who,the doctor believed,,,,,should reassure,the old woman,at the hospital.,0.0,4.743053,7.200986,7.200986,4.435805,8.229254,,,,,,,8.960943,13.4345835,2.053828,5.799828666666667,8.513482,5.0257819999999995,7.418249875000001,7.194346642857143
26,yes,no,1,+wh_no_gap,They know,who,the doctor believed,,,,the nurse,should reassure,the old woman,at the hospital.,0.0,4.743053,7.200986,7.200986,4.435805,8.229254,,,,,4.654794,7.269883999999999,6.019993,12.096898,2.607261,5.673335000000001,7.221169,4.076362333333333,6.798265599999999,6.834844374999999
26,no,yes,2,-wh_gap,They know,that,the doctor believed,the man said,,,,should reassure,the old woman,at the hospital.,0.0,4.743053,2.169621,2.169621,1.87231,7.594252999999999,3.312144,7.6407903333333325,,,,,10.235771,13.437377,2.451253,5.809710666666667,9.447908,5.424291,7.572094875,6.937506823529412
26,no,no,2,-wh_no_gap,They know,that,the doctor believed,the man said,,,the nurse,should reassure,the old woman,at the hospital.,0.0,4.743053,2.169621,2.169621,1.87231,7.594252999999999,3.312144,7.6407903333333325,,,4.675224,6.965834,5.71154,11.418415,2.611166,5.8282430000000005,8.66522,4.793172333333334,6.863274399999999,6.631242157894736
26,yes,yes,2,+wh_gap,They know,who,the doctor believed,the man said,,,,should reassure,the old woman,at the hospital.,0.0,4.743053,7.200986,7.200986,4.435805,8.229254,4.654794,7.579477,,,,,8.567864,12.9564125,2.438341,5.808072333333333,8.421366,4.995895333333333,7.290591,7.20223605882353
26,yes,no,2,+wh_no_gap,They know,who,the doctor believed,the man said,,,the nurse,should reassure,the old woman,at the hospital.,0.0,4.743053,7.200986,7.200986,4.435805,8.229254,4.654794,7.579477,,,6.064116,7.7163385,6.765674,12.032889,2.546681,5.971494,8.368834,4.610488666666667,7.124440299999999,7.124088842105263
26,no,yes,3,-wh_gap,They know,that,the doctor believed,the man said,he thought,,,should reassure,the old woman,at the hospital.,0.0,4.743053,2.169621,2.169621,1.87231,7.594252999999999,3.312144,7.6407903333333325,3.211528,6.211863,,,12.768113,14.9030145,2.377802,5.7914753333333335,8.161548,4.827409333333333,7.707835375,6.918277157894736
26,no,no,3,-wh_no_gap,They know,that,the doctor believed,the man said,he thought,,the nurse,should reassure,the old woman,at the hospital.,0.0,4.743053,2.169621,2.169621,1.87231,7.594252999999999,3.312144,7.6407903333333325,3.211528,6.211863,2.8634,6.7919,5.891266,11.692062499999999,2.508906,6.020454666666666,8.192355,4.462269999999999,6.841609899999999,6.580984857142857
26,yes,yes,3,+wh_gap,They know,who,the doctor believed,the man said,he thought,,,should reassure,the old woman,at the hospital.,0.0,4.743053,7.200986,7.200986,4.435805,8.229254,4.654794,7.579477,5.024565,7.0825309999999995,,,12.359867,14.946781999999999,2.451124,5.959577666666667,7.936086,4.764406666666667,7.758189625,7.386519157894736
26,yes,no,3,+wh_no_gap,They know,who,the doctor believed,the man said,he thought,,the nurse,should reassure,the old woman,at the hospital.,0.0,4.743053,7.200986,7.200986,4.435805,8.229254,4.654794,7.579477,5.024565,7.0825309999999995,3.169319,7.238747,6.015434,11.8489665,2.382961,6.060893,7.937277,4.347593666666667,6.940088700000001,7.032344476190476
26,no,yes,4,-wh_gap,They know,that,the doctor believed,the man said,he thought,he noticed,,should reassure,the old woman,at the hospital.,0.0,4.743053,2.169621,2.169621,1.87231,7.594252999999999,3.312144,7.6407903333333325,3.211528,6.211863,,,12.768113,14.9030145,2.377802,5.7914753333333335,8.161548,4.827409333333333,7.707835375,6.918277157894736
26,no,no,4,-wh_no_gap,They know,that,the doctor believed,the man said,he thought,he noticed,the nurse,should reassure,the old woman,at the hospital.,0.0,4.743053,2.169621,2.169621,1.87231,7.594252999999999,3.312144,7.6407903333333325,3.211528,6.211863,2.8634,6.7919,5.891266,11.692062499999999,2.508906,6.020454666666666,8.192355,4.462269999999999,6.841609899999999,6.580984857142857
26,yes,yes,4,+wh_gap,They know,who,the doctor believed,the man said,he thought,he noticed,,should reassure,the old woman,at the hospital.,0.0,4.743053,7.200986,7.200986,4.435805,8.229254,4.654794,7.579477,5.024565,7.0825309999999995,,,12.359867,14.946781999999999,2.451124,5.959577666666667,7.936086,4.764406666666667,7.758189625,7.386519157894736
26,yes,no,4,+wh_no_gap,They know,who,the doctor believed,the man said,he thought,he noticed,the nurse,should reassure,the old woman,at the hospital.,0.0,4.743053,7.200986,7.200986,4.435805,8.229254,4.654794,7.579477,5.024565,7.0825309999999995,3.169319,7.238747,6.015434,11.8489665,2.382961,6.060893,7.937277,4.347593666666667,6.940088700000001,7.032344476190476
25,no,yes,0,-wh_gap,She knows,that,,,,,,did thank,the waitress,after the meal.,0.0,5.8043205,2.279035,2.279035,,,,,,,,,15.223252,16.9145615,4.141362,9.425486,9.652903,6.070050666666667,10.127178142857144,8.4777923
25,no,no,0,-wh_no_gap,She knows,that,,,,,the woman,did thank,the waitress,after the meal.,0.0,5.8043205,2.279035,2.279035,,,,,,,2.521865,4.5362485,8.630225,14.909884,3.912331,9.211672499999999,9.544246,6.016319666666667,8.373841,7.437687083333334
25,yes,yes,0,+wh_gap,She knows,who,,,,,,did thank,the waitress,after the meal.,0.0,5.8043205,6.4446,6.4446,,,,,,,,,8.869591,13.091246,3.684009,8.9886825,9.132638,5.904727333333334,8.839148428571429,7.992728000000001
25,yes,no,0,+wh_no_gap,She knows,who,,,,,the woman,did thank,the waitress,after the meal.,0.0,5.8043205,6.4446,6.4446,,,,,,,4.386521,5.042401,9.12261,15.638181499999998,4.161495,9.4518615,8.456484,5.502335333333334,8.530210444444444,7.902094583333334
25,no,yes,1,-wh_gap,She knows,that,the waiter said,,,,,did thank,the waitress,after the meal.,0.0,5.8043205,2.279035,2.279035,2.521865,10.199550333333333,,,,,,,15.560959,16.774106,3.796258,7.2261619999999995,8.704792,5.56957,9.244178,8.39965946153846
25,no,no,1,-wh_no_gap,She knows,that,the waiter said,,,,the woman,did thank,the waitress,after the meal.,0.0,5.8043205,2.279035,2.279035,2.521865,10.199550333333333,,,,,3.737786,5.0617675,6.360664,13.610546,4.000867,7.293047,9.146135,5.669127,7.659789111111111,7.5616286000000015
25,yes,yes,1,+wh_gap,She knows,who,the waiter said,,,,,did thank,the waitress,after the meal.,0.0,5.8043205,6.4446,6.4446,4.386521,10.125265333333333,,,,,,,11.287331,15.1013235,3.833753,7.427034,8.662807,5.345926333333334,8.727784857142856,8.424887
25,yes,no,1,+wh_no_gap,She knows,who,the waiter said,,,,the woman,did thank,the waitress,after the meal.,0.0,5.8043205,6.4446,6.4446,4.386521,10.125265333333333,,,,,5.578625,5.8325805,7.405649,13.7187745,4.142943,7.4614195,9.379703,5.685310333333333,7.897942222222222,7.967367800000002
25,no,yes,2,-wh_gap,She knows,that,the waiter said,the woman believed,,,,did thank,the waitress,after the meal.,0.0,5.8043205,2.279035,2.279035,2.521865,10.199550333333333,3.737786,6.730485000000001,,,,,11.324052,14.838885000000001,3.490761,7.267704500000001,8.643685,5.659762666666666,8.741781,7.8668905625
25,no,no,2,-wh_no_gap,She knows,that,the waiter said,the woman believed,,,the woman,did thank,the waitress,after the meal.,0.0,5.8043205,2.279035,2.279035,2.521865,10.199550333333333,3.737786,6.730485000000001,,,3.608701,4.6145805,6.962495,13.7453745,4.009454,7.7504935,8.99325,5.7421646666666675,7.716376777777778,7.4513985
25,yes,yes,2,+wh_gap,She knows,who,the waiter said,the woman believed,,,,did thank,the waitress,after the meal.,0.0,5.8043205,6.4446,6.4446,4.386521,10.125265333333333,5.578625,7.385869333333333,,,,,12.308628,15.188404000000002,3.553484,7.565313,8.92924,5.729931,8.956746714285716,8.330242
25,yes,no,2,+wh_no_gap,She knows,who,the waiter said,the woman believed,,,the woman,did thank,the waitress,after the meal.,0.0,5.8043205,6.4446,6.4446,4.386521,10.125265333333333,5.578625,7.385869333333333,,,3.431304,4.486311000000001,7.183349,13.7338805,3.978057,7.9925885,9.268949,5.811703666666666,7.762296777777777,7.802628666666667
25,no,yes,3,-wh_gap,She knows,that,the waiter said,the woman believed,she remembered,,,did thank,the waitress,after the meal.,0.0,5.8043205,2.279035,2.279035,2.521865,10.199550333333333,3.737786,6.730485000000001,3.259094,9.419694,,,11.846698,14.9205575,4.403006,7.633349000000001,8.331242,5.601577666666667,8.844649428571428,8.079428666666665
25,no,no,3,-wh_no_gap,She knows,that,the waiter said,the woman believed,she remembered,,the woman,did thank,the waitress,after the meal.,0.0,5.8043205,2.279035,2.279035,2.521865,10.199550333333333,3.737786,6.730485000000001,3.259094,9.419694,2.606574,4.2785744999999995,10.710465,15.593695,4.520129,8.15127,9.068813,5.811619666666666,8.164659777777779,7.849955400000002
25,yes,yes,3,+wh_gap,She knows,who,the waiter said,the woman believed,she remembered,,,did thank,the waitress,after the meal.,0.0,5.8043205,6.4446,6.4446,4.386521,10.125265333333333,5.578625,7.385869333333333,2.94115,9.1082255,,,12.792457,15.233630000000002,4.204637,7.8260985,8.479325,5.620860333333333,8.997434,8.432507444444445
25,yes,no,3,+wh_no_gap,She knows,who,the waiter said,the woman believed,she remembered,,the woman,did thank,the waitress,after the meal.,0.0,5.8043205,6.4446,6.4446,4.386521,10.125265333333333,5.578625,7.385869333333333,2.94115,9.1082255,2.541576,4.1338975,11.224581,15.9744685,4.472136,8.499073,9.049033,5.793617666666666,8.288414555555555,8.16994135
25,no,yes,4,-wh_gap,She knows,that,the waiter said,the woman believed,she remembered,she knew,,did thank,the waitress,after the meal.,0.0,5.8043205,2.279035,2.279035,2.521865,10.199550333333333,3.737786,6.730485000000001,3.259094,9.419694,,,11.846698,14.9205575,4.403006,7.633349000000001,8.331242,5.601577666666667,8.844649428571428,8.079428666666665
25,no,no,4,-wh_no_gap,She knows,that,the waiter said,the woman believed,she remembered,she knew,the woman,did thank,the waitress,after the meal.,0.0,5.8043205,2.279035,2.279035,2.521865,10.199550333333333,3.737786,6.730485000000001,3.259094,9.419694,2.606574,4.2785744999999995,10.710465,15.593695,4.520129,8.15127,9.068813,5.811619666666666,8.164659777777779,7.849955400000002
25,yes,yes,4,+wh_gap,She knows,who,the waiter said,the woman believed,she remembered,she knew,,did thank,the waitress,after the meal.,0.0,5.8043205,6.4446,6.4446,4.386521,10.125265333333333,5.578625,7.385869333333333,2.94115,9.1082255,,,12.792457,15.233630000000002,4.204637,7.8260985,8.479325,5.620860333333333,8.997434,8.432507444444445
25,yes,no,4,+wh_no_gap,She knows,who,the waiter said,the woman believed,she remembered,she knew,the woman,did thank,the waitress,after the meal.,0.0,5.8043205,6.4446,6.4446,4.386521,10.125265333333333,5.578625,7.385869333333333,2.94115,9.1082255,2.541576,4.1338975,11.224581,15.9744685,4.472136,8.499073,9.049033,5.793617666666666,8.288414555555555,8.16994135
24,no,yes,0,-wh_gap,He knows,that,,,,,,might interrogate,the spy,in the prison.,0.0,5.76156,2.297416,2.297416,,,,,,,,,14.99877,16.804621,2.75401,6.983090499999999,6.128715,5.533093,9.16781457142857,7.799523800000001
24,no,no,0,-wh_no_gap,He knows,that,,,,,the police,might interrogate,the spy,in the prison.,0.0,5.76156,2.297416,2.297416,,,,,,,2.267236,5.3986415,8.153675,10.6365015,3.298076,6.496127,5.877412,5.288423,6.769756555555555,6.22902875
24,yes,yes,0,+wh_gap,He knows,who,,,,,,might interrogate,the spy,in the prison.,0.0,5.76156,6.622077,6.622077,,,,,,,,,8.989314,12.7272965,2.617077,6.431394,6.173371,5.359293666666667,7.770751714285715,7.254045899999999
24,yes,no,0,+wh_no_gap,He knows,who,,,,,the police,might interrogate,the spy,in the prison.,0.0,5.76156,6.622077,6.622077,,,,,,,4.020604,6.0749745,7.827134,10.1648205,4.707795,7.592357,5.971213,5.052756666666666,6.980286,6.747314250000001
24,no,yes,1,-wh_gap,He knows,that,the inspector said,,,,,might interrogate,the spy,in the prison.,0.0,5.76156,2.297416,2.297416,2.267236,9.402434,,,,,,,16.207026,16.602762499999997,3.499036,6.6907315,5.905576,5.091334666666666,8.83728457142857,7.991448461538462
24,no,no,1,-wh_no_gap,He knows,that,the inspector said,,,,the police,might interrogate,the spy,in the prison.,0.0,5.76156,2.297416,2.297416,2.267236,9.402434,,,,,3.257384,4.724804499999999,7.867643,10.5252945,3.305757,6.400018,5.965049,5.208709,6.547373444444444,6.730279933333333
24,yes,yes,1,+wh_gap,He knows,who,the inspector said,,,,,might interrogate,the spy,in the prison.,0.0,5.76156,6.622077,6.622077,4.020604,9.170580666666668,,,,,,,11.069921,14.284028000000001,3.210171,6.6012474999999995,6.172412,5.087035,8.147379428571428,7.899122692307693
24,yes,no,1,+wh_no_gap,He knows,who,the inspector said,,,,the police,might interrogate,the spy,in the prison.,0.0,5.76156,6.622077,6.622077,4.020604,9.170580666666668,,,,,5.05689,5.8223945,7.867095,10.56589,3.078192,6.406225,6.19664,5.189836666666667,6.79539211111111,7.121031200000001
24,no,yes,2,-wh_gap,He knows,that,the inspector said,the man reported,,,,might interrogate,the spy,in the prison.,0.0,5.76156,2.297416,2.297416,2.267236,9.402434,3.257384,7.526924666666666,,,,,11.994699,14.404662,2.803112,6.037617,5.948297,5.281061,8.103962999999998,7.5835220625
24,no,no,2,-wh_no_gap,He knows,that,the inspector said,the man reported,,,the police,might interrogate,the spy,in the prison.,0.0,5.76156,2.297416,2.297416,2.267236,9.402434,3.257384,7.526924666666666,,,3.787629,6.041152,9.333366,11.586409,2.791518,6.265117,5.906085,5.20202,7.043490666666666,7.111112666666667
24,yes,yes,2,+wh_gap,He knows,who,the inspector said,the man reported,,,,might interrogate,the spy,in the prison.,0.0,5.76156,6.622077,6.622077,4.020604,9.170580666666668,5.05689,7.853379333333334,,,,,11.51084,14.283211000000001,2.803054,6.135730499999999,6.215961,5.226350666666667,8.073847857142857,7.8583757499999995
24,yes,no,2,+wh_no_gap,He knows,who,the inspector said,the man reported,,,the police,might interrogate,the spy,in the prison.,0.0,5.76156,6.622077,6.622077,4.020604,9.170580666666668,5.05689,7.853379333333334,,,3.99553,6.0840985000000005,9.554128,11.596544000000002,2.769249,6.3439915000000004,5.997351,5.2225443333333335,7.079655666666667,7.385221
24,no,yes,3,-wh_gap,He knows,that,the inspector said,the man reported,he thought,,,might interrogate,the spy,in the prison.,0.0,5.76156,2.297416,2.297416,2.267236,9.402434,3.257384,7.526924666666666,4.681043,6.9868465,,,13.770431,15.583082999999998,2.97137,6.291927,6.032654,5.110436,8.440189714285713,7.647979611111113
24,no,no,3,-wh_no_gap,He knows,that,the inspector said,the man reported,he thought,,the police,might interrogate,the spy,in the prison.,0.0,5.76156,2.297416,2.297416,2.267236,9.402434,3.257384,7.526924666666666,4.681043,6.9868465,2.808826,4.118394,7.799432,10.748003,3.290281,6.4908535,5.931893,5.159436666666667,6.465867888888889,6.8387557999999995
24,yes,yes,3,+wh_gap,He knows,who,the inspector said,the man reported,he thought,,,might interrogate,the spy,in the prison.,0.0,5.76156,6.622077,6.622077,4.020604,9.170580666666668,5.05689,7.853379333333334,4.612526,6.985500999999999,,,13.6333,15.5705715,2.997747,6.4256035,6.116241,5.106550333333334,8.473142999999999,7.916671111111112
24,yes,no,3,+wh_no_gap,He knows,who,the inspector said,the man reported,he thought,,the police,might interrogate,the spy,in the prison.,0.0,5.76156,6.622077,6.622077,4.020604,9.170580666666668,5.05689,7.853379333333334,4.612526,6.985500999999999,2.67407,4.151774,7.722648,10.72236,3.257923,6.531349,6.019924,5.169718,6.480013333333333,7.075409949999999
24,no,yes,4,-wh_gap,He knows,that,the inspector said,the man reported,he thought,he noticed,,might interrogate,the spy,in the prison.,0.0,5.76156,2.297416,2.297416,2.267236,9.402434,3.257384,7.526924666666666,4.681043,6.9868465,,,13.770431,15.583082999999998,2.97137,6.291927,6.032654,5.110436,8.440189714285713,7.647979611111113
24,no,no,4,-wh_no_gap,He knows,that,the inspector said,the man reported,he thought,he noticed,the police,might interrogate,the spy,in the prison.,0.0,5.76156,2.297416,2.297416,2.267236,9.402434,3.257384,7.526924666666666,4.681043,6.9868465,2.808826,4.118394,7.799432,10.748003,3.290281,6.4908535,5.931893,5.159436666666667,6.465867888888889,6.8387557999999995
24,yes,yes,4,+wh_gap,He knows,who,the inspector said,the man reported,he thought,he noticed,,might interrogate,the spy,in the prison.,0.0,5.76156,6.622077,6.622077,4.020604,9.170580666666668,5.05689,7.853379333333334,4.612526,6.985500999999999,,,13.6333,15.5705715,2.997747,6.4256035,6.116241,5.106550333333334,8.473142999999999,7.916671111111112
24,yes,no,4,+wh_no_gap,He knows,who,the inspector said,the man reported,he thought,he noticed,the police,might interrogate,the spy,in the prison.,0.0,5.76156,6.622077,6.622077,4.020604,9.170580666666668,5.05689,7.853379333333334,4.612526,6.985500999999999,2.67407,4.151774,7.722648,10.72236,3.257923,6.531349,6.019924,5.169718,6.480013333333333,7.075409949999999
23,no,yes,0,-wh_gap,You know,that,,,,,,will introduce,her friend,to her mother.,0.0,3.112767,3.970907,3.970907,,,,,,,,,12.239525,12.593565,7.969211,10.44022,3.186589,3.9747403333333335,8.284541571428571,6.8188232
23,no,no,0,-wh_no_gap,You know,that,,,,,the young woman,will introduce,her friend,to her mother.,0.0,3.112767,3.970907,3.970907,,,,,,,2.063794,5.3054689999999995,5.393339,9.111268,3.290216,8.2848765,2.855924,3.3476506666666666,6.0751648000000005,5.457545307692308
23,yes,yes,0,+wh_gap,You know,who,,,,,,will introduce,her friend,to her mother.,0.0,3.112767,7.834128,7.834128,,,,,,,,,5.979121,9.078085,7.019227,10.6219865,2.945362,3.952117666666666,7.322356571428572,6.531615799999999
23,yes,no,0,+wh_no_gap,You know,who,,,,,the young woman,will introduce,her friend,to her mother.,0.0,3.112767,7.834128,7.834128,,,,,,,4.899722,6.5543206666666665,5.208504,9.483642,6.812262,9.067782,3.429845,4.053016666666667,6.892486000000001,6.3834247692307695
23,no,yes,1,-wh_gap,You know,that,we all believe,,,,,will introduce,her friend,to her mother.,0.0,3.112767,3.970907,3.970907,6.976933,7.2407406666666665,,,,,,,11.065482,11.932396,9.646947,11.393235,3.048956,4.272519333333333,8.495545714285713,7.029806384615385
23,no,no,1,-wh_no_gap,You know,that,we all believe,,,,the young woman,will introduce,her friend,to her mother.,0.0,3.112767,3.970907,3.970907,6.976933,7.2407406666666665,,,,,3.423167,6.075599333333333,4.216263,8.6105455,3.409027,8.626475,2.579773,3.452361,6.3057922,5.9360365625
23,yes,yes,1,+wh_gap,You know,who,we all believe,,,,,will introduce,her friend,to her mother.,0.0,3.112767,7.834128,7.834128,7.422175,7.264469000000001,,,,,,,5.042475,9.216024,8.915794,11.262768000000001,2.865114,4.345679333333333,7.713517428571428,6.911360846153847
23,yes,no,1,+wh_no_gap,You know,who,we all believe,,,,the young woman,will introduce,her friend,to her mother.,0.0,3.112767,7.834128,7.834128,7.422175,7.264469000000001,,,,,7.332662,7.466409,4.421491,8.8181005,3.279989,8.3449575,2.668295,3.5683363333333333,6.7430352,6.4552138125
23,no,yes,2,-wh_gap,You know,that,we all believe,she thought,,,,will introduce,her friend,to her mother.,0.0,3.112767,3.970907,3.970907,6.976933,7.2407406666666665,9.15129,10.048231,,,,,12.568258,13.115490000000001,4.871718,8.8140105,3.086832,4.003147666666666,7.981206285714287,7.192237933333334
23,no,no,2,-wh_no_gap,You know,that,we all believe,she thought,,,the young woman,will introduce,her friend,to her mother.,0.0,3.112767,3.970907,3.970907,6.976933,7.2407406666666665,9.15129,10.048231,,,3.118791,4.943489666666666,6.011479,9.842457,3.01197,8.5217455,2.548598,3.410951666666667,6.179172899999999,6.322603
23,yes,yes,2,+wh_gap,You know,who,we all believe,she thought,,,,will introduce,her friend,to her mother.,0.0,3.112767,7.834128,7.834128,7.422175,7.264469000000001,11.845207,11.3768675,,,,,7.971807,10.9741745,4.726907,9.061334,3.009262,4.2377080000000005,7.54059157142857,7.426063
23,yes,no,2,+wh_no_gap,You know,who,we all believe,she thought,,,the young woman,will introduce,her friend,to her mother.,0.0,3.112767,7.834128,7.834128,7.422175,7.264469000000001,11.845207,11.3768675,,,4.498666,5.616418,5.298356,9.528752,3.072494,8.327365499999999,2.762684,3.635922666666667,6.3469257,6.782003388888889
23,no,yes,3,-wh_gap,You know,that,we all believe,she thought,he said,,,will introduce,her friend,to her mother.,0.0,3.112767,3.970907,3.970907,6.976933,7.2407406666666665,9.15129,10.048231,5.430739,7.8213954999999995,,,11.751313,12.4963605,5.515992,9.5377715,3.168664,4.0740196666666675,8.041474714285714,7.291072882352942
23,no,no,3,-wh_no_gap,You know,that,we all believe,she thought,he said,,the young woman,will introduce,her friend,to her mother.,0.0,3.112767,3.970907,3.970907,6.976933,7.2407406666666665,9.15129,10.048231,5.430739,7.8213954999999995,3.911805,5.936953666666667,6.496046,9.9686475,2.781664,8.2378855,2.625381,3.393425666666667,6.440420399999999,6.6031059999999995
23,yes,yes,3,+wh_gap,You know,who,we all believe,she thought,he said,,,will introduce,her friend,to her mother.,0.0,3.112767,7.834128,7.834128,7.422175,7.264469000000001,11.845207,11.3768675,7.087846,8.1955065,,,10.733817,12.2217295,5.969286,9.847629000000001,3.255256,4.41279,8.196726714285715,7.78675905882353
23,yes,no,3,+wh_no_gap,You know,who,we all believe,she thought,he said,,the young woman,will introduce,her friend,to her mother.,0.0,3.112767,7.834128,7.834128,7.422175,7.264469000000001,11.845207,11.3768675,7.087846,8.1955065,4.624491,6.179468,5.615978,9.5017175,2.854676,8.09041,2.835563,3.5862643333333337,6.448145200000001,6.973963450000001
23,no,yes,4,-wh_gap,You know,that,we all believe,she thought,he said,he noticed,,will introduce,her friend,to her mother.,0.0,3.112767,3.970907,3.970907,6.976933,7.2407406666666665,9.15129,10.048231,5.430739,7.8213954999999995,,,11.751313,12.4963605,5.515992,9.5377715,3.168664,4.0740196666666675,8.041474714285714,7.291072882352942
23,no,no,4,-wh_no_gap,You know,that,we all believe,she thought,he said,he noticed,the young woman,will introduce,her friend,to her mother.,0.0,3.112767,3.970907,3.970907,6.976933,7.2407406666666665,9.15129,10.048231,5.430739,7.8213954999999995,3.911805,5.936953666666667,6.496046,9.9686475,2.781664,8.2378855,2.625381,3.393425666666667,6.440420399999999,6.6031059999999995
23,yes,yes,4,+wh_gap,You know,who,we all believe,she thought,he said,he noticed,,will introduce,her friend,to her mother.,0.0,3.112767,7.834128,7.834128,7.422175,7.264469000000001,11.845207,11.3768675,7.087846,8.1955065,,,10.733817,12.2217295,5.969286,9.847629000000001,3.255256,4.41279,8.196726714285715,7.78675905882353
23,yes,no,4,+wh_no_gap,You know,who,we all believe,she thought,he said,he noticed,the young woman,will introduce,her friend,to her mother.,0.0,3.112767,7.834128,7.834128,7.422175,7.264469000000001,11.845207,11.3768675,7.087846,8.1955065,4.624491,6.179468,5.615978,9.5017175,2.854676,8.09041,2.835563,3.5862643333333337,6.448145200000001,6.973963450000001
22,no,yes,0,-wh_gap,I know,that,,,,,,should congratulate,the couple,after the service.,0.0,3.139138,2.352433,2.352433,,,,,,,,,12.472908,14.9061575,3.527839,7.2214715,9.577316,7.509564999999999,9.540564714285713,7.5414662
22,no,no,0,-wh_no_gap,I know,that,,,,,the priest,should congratulate,the couple,after the service.,0.0,3.139138,2.352433,2.352433,,,,,,,2.35511,7.7215235,6.700845,10.8879255,3.257934,7.292660000000001,7.771101,6.425786666666667,7.897953111111112,6.642690583333334
22,yes,yes,0,+wh_gap,I know,who,,,,,,should congratulate,the couple,after the service.,0.0,3.139138,6.580016,6.580016,,,,,,,,,7.317849,10.59701,3.077748,6.502238,8.533195,7.322318666666665,8.023636,6.902374400000001
22,yes,no,0,+wh_no_gap,I know,who,,,,,the priest,should congratulate,the couple,after the service.,0.0,3.139138,6.580016,6.580016,,,,,,,5.056487,8.659373,6.459565,10.899279499999999,4.365149,7.804978,7.735388,6.760486333333333,8.334302222222222,7.322250999999999
22,no,yes,1,-wh_gap,I know,that,the man thinks,,,,,should congratulate,the couple,after the service.,0.0,3.139138,2.352433,2.352433,2.35511,6.9114906666666664,,,,,,,12.200623,14.0997165,4.258252,6.921139999999999,8.177175,7.332833333333333,9.148601857142856,7.185030307692307
22,no,no,1,-wh_no_gap,I know,that,the man thinks,,,,the priest,should congratulate,the couple,after the service.,0.0,3.139138,2.352433,2.352433,2.35511,6.9114906666666664,,,,,3.783918,7.7670825,5.101192,9.981666,4.207883,7.2407085,7.664876,6.891441333333333,7.850359777777778,6.6678946
22,yes,yes,1,+wh_gap,I know,who,the man thinks,,,,,should congratulate,the couple,after the service.,0.0,3.139138,6.580016,6.580016,5.056487,6.993296,,,,,,,7.957235,12.533661500000001,4.087406,6.929603999999999,8.635101,7.529585,8.787898,7.3348819999999995
22,yes,no,1,+wh_no_gap,I know,who,the man thinks,,,,the priest,should congratulate,the couple,after the service.,0.0,3.139138,6.580016,6.580016,5.056487,6.993296,,,,,5.20266,8.535619,6.037853,10.781263,5.267475,7.707095499999999,8.025799,7.255431333333334,8.423805444444444,7.310161933333333
22,no,yes,2,-wh_gap,I know,that,the man thinks,the woman said,,,,should congratulate,the couple,after the service.,0.0,3.139138,2.352433,2.352433,2.35511,6.9114906666666664,3.783918,7.592220999999999,,,,,10.80184,13.258737,4.725924,6.6445609999999995,8.418136,7.734033,9.001242142857143,7.1969086875
22,no,no,2,-wh_no_gap,I know,that,the man thinks,the woman said,,,the priest,should congratulate,the couple,after the service.,0.0,3.139138,2.352433,2.352433,2.35511,6.9114906666666664,3.783918,7.592220999999999,,,4.66707,8.08739,6.018453,10.6595965,4.492519,6.9140619999999995,7.974109,7.407605666666666,8.171657111111111,6.982597666666667
22,yes,yes,2,+wh_gap,I know,who,the man thinks,the woman said,,,,should congratulate,the couple,after the service.,0.0,3.139138,6.580016,6.580016,5.056487,6.993296,5.20266,7.317149666666666,,,,,8.994376,13.170733000000002,4.140752,6.128629999999999,8.681583,7.831297333333334,8.870374,7.3676404375
22,yes,no,2,+wh_no_gap,I know,who,the man thinks,the woman said,,,the priest,should congratulate,the couple,after the service.,0.0,3.139138,6.580016,6.580016,5.056487,6.993296,5.20266,7.317149666666666,,,6.019263,8.924153,7.401658,11.366561,5.195431,7.311182499999999,8.431958,7.596546666666666,8.665937,7.4323923333333335
22,no,yes,3,-wh_gap,I know,that,the man thinks,the woman said,she believed,,,should congratulate,the couple,after the service.,0.0,3.139138,2.352433,2.352433,2.35511,6.9114906666666664,3.783918,7.592220999999999,3.032726,6.572013,,,13.457898,14.869304,4.288145,6.5296065,7.967469,7.803191666666667,9.45819942857143,7.305181444444445
22,no,no,3,-wh_no_gap,I know,that,the man thinks,the woman said,she believed,,the priest,should congratulate,the couple,after the service.,0.0,3.139138,2.352433,2.352433,2.35511,6.9114906666666664,3.783918,7.592220999999999,3.032726,6.572013,3.094792,7.59649,5.849709,10.6868795,4.494606,7.1184405,8.027388,7.528778,8.154439333333334,6.9337912
22,yes,yes,3,+wh_gap,I know,who,the man thinks,the woman said,she believed,,,should congratulate,the couple,after the service.,0.0,3.139138,6.580016,6.580016,5.056487,6.993296,5.20266,7.317149666666666,5.271996,7.524287999999999,,,8.858059,13.3054685,4.116767,6.4089735,8.586603,7.9333686666666665,9.032712857142856,7.4481775
22,yes,no,3,+wh_no_gap,I know,who,the man thinks,the woman said,she believed,,the priest,should congratulate,the couple,after the service.,0.0,3.139138,6.580016,6.580016,5.056487,6.993296,5.20266,7.317149666666666,5.271996,7.524287999999999,5.661843,8.857277,6.24584,10.9075135,5.699783,7.564177,8.199687,7.687331666666666,8.635547777777779,7.427906750000001
22,no,yes,4,-wh_gap,I know,that,the man thinks,the woman said,she believed,she noticed,,should congratulate,the couple,after the service.,0.0,3.139138,2.352433,2.352433,2.35511,6.9114906666666664,3.783918,7.592220999999999,3.032726,6.572013,,,13.457898,14.869304,4.288145,6.5296065,7.967469,7.803191666666667,9.45819942857143,7.305181444444445
22,no,no,4,-wh_no_gap,I know,that,the man thinks,the woman said,she believed,she noticed,the priest,should congratulate,the couple,after the service.,0.0,3.139138,2.352433,2.352433,2.35511,6.9114906666666664,3.783918,7.592220999999999,3.032726,6.572013,3.094792,7.59649,5.849709,10.6868795,4.494606,7.1184405,8.027388,7.528778,8.154439333333334,6.9337912
22,yes,yes,4,+wh_gap,I know,who,the man thinks,the woman said,she believed,she noticed,,should congratulate,the couple,after the service.,0.0,3.139138,6.580016,6.580016,5.056487,6.993296,5.20266,7.317149666666666,5.271996,7.524287999999999,,,8.858059,13.3054685,4.116767,6.4089735,8.586603,7.9333686666666665,9.032712857142856,7.4481775
22,yes,no,4,+wh_no_gap,I know,who,the man thinks,the woman said,she believed,she noticed,the priest,should congratulate,the couple,after the service.,0.0,3.139138,6.580016,6.580016,5.056487,6.993296,5.20266,7.317149666666666,5.271996,7.524287999999999,5.661843,8.857277,6.24584,10.9075135,5.699783,7.564177,8.199687,7.687331666666666,8.635547777777779,7.427906750000001
21,no,yes,0,-wh_gap,We all know,that,,,,,,will give,a test,to her students.,0.0,3.9587136666666667,2.504345,2.504345,,,,,,,,,11.947844,9.519273,3.978151,7.5841415,3.692662,7.539665666666667,8.117975142857143,6.473301090909092
21,no,no,0,-wh_no_gap,We all know,that,,,,,the teacher,will give,a test,to her students.,0.0,3.9587136666666667,2.504345,2.504345,,,,,,,2.179744,7.803084999999999,4.318548,5.550717499999999,3.385286,6.070527,2.943141,5.710424,6.219992333333333,5.412339769230769
21,yes,yes,0,+wh_gap,We all know,who,,,,,,will give,a test,to her students.,0.0,3.9587136666666667,5.47427,5.47427,,,,,,,,,5.688974,6.3607025,4.791365,7.7167175,3.089158,7.046907999999999,7.042223428571428,6.058725000000001
21,yes,no,0,+wh_no_gap,We all know,who,,,,,the teacher,will give,a test,to her students.,0.0,3.9587136666666667,5.47427,5.47427,,,,,,,4.627324,8.352687,4.602183,5.969671,5.396217,6.8127735,3.760837,6.658933333333334,6.916340333333333,6.122882615384616
21,no,yes,1,-wh_gap,We all know,that,the old man thinks,,,,,will give,a test,to her students.,0.0,3.9587136666666667,2.504345,2.504345,2.179744,6.147286749999999,,,,,,,10.972724,9.3329395,4.014462,7.7145135,3.041161,6.668249333333333,7.728522,6.204619133333334
21,no,no,1,-wh_no_gap,We all know,that,the old man thinks,,,,the teacher,will give,a test,to her students.,0.0,3.9587136666666667,2.504345,2.504345,2.179744,6.147286749999999,,,,,3.532964,7.7100375,3.328023,5.016782,3.869057,6.577726,2.743284,5.482669666666666,6.117455555555556,5.530984294117647
21,yes,yes,1,+wh_gap,We all know,who,the old man thinks,,,,,will give,a test,to her students.,0.0,3.9587136666666667,5.47427,5.47427,4.627324,6.1338574999999995,,,,,,,5.682995,7.220397,4.699438,7.975391500000001,3.374167,6.994219333333334,7.339176428571428,6.2173384
21,yes,no,1,+wh_no_gap,We all know,who,the old man thinks,,,,the teacher,will give,a test,to her students.,0.0,3.9587136666666667,5.47427,5.47427,4.627324,6.1338574999999995,,,,,5.309806,8.4662675,3.936214,5.5335355,6.149951,7.4177525,3.616174,6.276093666666667,6.851488,6.091131352941176
21,no,yes,2,-wh_gap,We all know,that,the old man thinks,the woman knows,,,,will give,a test,to her students.,0.0,3.9587136666666667,2.504345,2.504345,2.179744,6.147286749999999,3.532964,6.517817000000001,,,,,12.285488,10.108533000000001,4.126058,7.7681655,2.878247,5.653672333333333,7.530630571428572,6.179861000000001
21,no,no,2,-wh_no_gap,We all know,that,the old man thinks,the woman knows,,,the teacher,will give,a test,to her students.,0.0,3.9587136666666667,2.504345,2.504345,2.179744,6.147286749999999,3.532964,6.517817000000001,,,3.536188,8.8881905,4.523302,5.3393239999999995,4.551386,7.090147999999999,2.624097,4.639245333333333,6.283673444444443,5.75380725
21,yes,yes,2,+wh_gap,We all know,who,the old man thinks,the woman knows,,,,will give,a test,to her students.,0.0,3.9587136666666667,5.47427,5.47427,4.627324,6.1338574999999995,5.309806,7.009224666666667,,,,,8.358119,8.373666,4.645875,8.087846500000001,3.315052,5.876591333333334,7.221828428571429,6.30368411111111
21,yes,no,2,+wh_no_gap,We all know,who,the old man thinks,the woman knows,,,the teacher,will give,a test,to her students.,0.0,3.9587136666666667,5.47427,5.47427,4.627324,6.1338574999999995,5.309806,7.009224666666667,,,6.287809,9.7988225,4.536989,5.6592025,6.376273,7.881683499999999,3.421578,5.303483333333333,6.954429666666666,6.275169099999999
21,no,yes,3,-wh_gap,We all know,that,the old man thinks,the woman knows,the young boy said,,,will give,a test,to her students.,0.0,3.9587136666666667,2.504345,2.504345,2.179744,6.147286749999999,3.532964,6.517817000000001,3.536188,8.51603975,,,12.328353,9.680002,4.502166,7.9549235,2.876449,5.564238666666667,7.423223857142858,6.5704459090909095
21,no,no,3,-wh_no_gap,We all know,that,the old man thinks,the woman knows,the young boy said,,the teacher,will give,a test,to her students.,0.0,3.9587136666666667,2.504345,2.504345,2.179744,6.147286749999999,3.532964,6.517817000000001,3.536188,8.51603975,4.56728,7.926807,3.78337,5.1483815,4.466264,7.029012,2.609262,4.868884,6.090561444444444,6.141762333333333
21,yes,yes,3,+wh_gap,We all know,who,the old man thinks,the woman knows,the young boy said,,,will give,a test,to her students.,0.0,3.9587136666666667,5.47427,5.47427,4.627324,6.1338574999999995,5.309806,7.009224666666667,6.287809,8.6990625,,,7.938908,7.718951,4.415467,7.9870715,3.269575,5.751069666666667,6.952179142857143,6.653409954545453
21,yes,no,3,+wh_no_gap,We all know,who,the old man thinks,the woman knows,the young boy said,,the teacher,will give,a test,to her students.,0.0,3.9587136666666667,5.47427,5.47427,4.627324,6.1338574999999995,5.309806,7.009224666666667,6.287809,8.6990625,6.188594,8.473207,5.26679,6.212626500000001,6.128034,7.902865500000001,3.329071,5.435551333333333,6.831561333333333,6.633075708333333
21,no,yes,4,-wh_gap,We all know,that,the old man thinks,the woman knows,the young boy said,his friend saw,,will give,a test,to her students.,0.0,3.9587136666666667,2.504345,2.504345,2.179744,6.147286749999999,3.532964,6.517817000000001,3.536188,8.51603975,,,12.328353,9.680002,4.502166,7.9549235,2.876449,5.564238666666667,7.423223857142858,6.5704459090909095
21,no,no,4,-wh_no_gap,We all know,that,the old man thinks,the woman knows,the young boy said,his friend saw,the teacher,will give,a test,to her students.,0.0,3.9587136666666667,2.504345,2.504345,2.179744,6.147286749999999,3.532964,6.517817000000001,3.536188,8.51603975,4.56728,7.926807,3.78337,5.1483815,4.466264,7.029012,2.609262,4.868884,6.090561444444444,6.141762333333333
21,yes,yes,4,+wh_gap,We all know,who,the old man thinks,the woman knows,the young boy said,his friend saw,,will give,a test,to her students.,0.0,3.9587136666666667,5.47427,5.47427,4.627324,6.1338574999999995,5.309806,7.009224666666667,6.287809,8.6990625,,,7.938908,7.718951,4.415467,7.9870715,3.269575,5.751069666666667,6.952179142857143,6.653409954545453
21,yes,no,4,+wh_no_gap,We all know,who,the old man thinks,the woman knows,the young boy said,his friend saw,the teacher,will give,a test,to her students.,0.0,3.9587136666666667,5.47427,5.47427,4.627324,6.1338574999999995,5.309806,7.009224666666667,6.287809,8.6990625,6.188594,8.473207,5.26679,6.212626500000001,6.128034,7.902865500000001,3.329071,5.435551333333333,6.831561333333333,6.633075708333333
20,no,yes,0,-wh_gap,She said,that,,,,,,might put,the microphone,on the table.,0.0,3.620045,2.639638,2.639638,,,,,,,,,15.318945,12.599844000000001,2.579567,8.5509035,2.586589,2.9972456666666667,7.327604571428573,6.1172960000000005
20,no,no,0,-wh_no_gap,She said,that,,,,,the reporter,might put,the microphone,on the table.,0.0,3.620045,2.639638,2.639638,,,,,,,2.622591,8.034271,7.591855,8.545119,2.766029,7.4435305,2.08467,2.7298299999999998,6.248370111111111,5.50958825
20,yes,yes,0,+wh_gap,She said,who,,,,,,might put,the microphone,on the table.,0.0,3.620045,10.871274,10.871274,,,,,,,,,9.005124,9.5436245,2.678495,7.7542965,2.126024,2.790949,6.138384142857142,6.1080053
20,yes,no,0,+wh_no_gap,She said,who,,,,,the reporter,might put,the microphone,on the table.,0.0,3.620045,10.871274,10.871274,,,,,,,7.532369,9.2839445,7.86941,8.740148999999999,4.67448,8.244388,2.036811,3.270034666666666,6.927451888888889,6.704869249999999
20,no,yes,1,-wh_gap,She said,that,the politician stated,,,,,might put,the microphone,on the table.,0.0,3.620045,2.639638,2.639638,2.622591,9.841529,,,,,,,14.029076,12.386897000000001,2.652096,8.572511,2.222344,2.8468466666666665,7.2084794285714295,6.9125900769230775
20,no,no,1,-wh_no_gap,She said,that,the politician stated,,,,the reporter,might put,the microphone,on the table.,0.0,3.620045,2.639638,2.639638,2.622591,9.841529,,,,,5.559699,9.857426,8.036055,8.985295,2.660874,7.8908435,2.116906,2.6763676666666663,6.8329146666666665,6.726703133333333
20,yes,yes,1,+wh_gap,She said,who,the politician stated,,,,,might put,the microphone,on the table.,0.0,3.620045,10.871274,10.871274,7.532369,10.804872000000001,,,,,,,9.682578,10.9328665,3.092149,9.0297895,2.366668,2.9216526666666667,6.955752857142857,7.632019230769231
20,yes,no,1,+wh_no_gap,She said,who,the politician stated,,,,the reporter,might put,the microphone,on the table.,0.0,3.620045,10.871274,10.871274,7.532369,10.804872000000001,,,,,6.614995,9.4542485,8.454682,9.2209725,5.063652,8.879105000000001,2.084857,3.3068123333333332,7.225454333333333,7.7036712666666665
20,no,yes,2,-wh_gap,She said,that,the politician stated,his press secretary said,,,,might put,the microphone,on the table.,0.0,3.620045,2.639638,2.639638,2.622591,9.841529,8.315928,8.142276,,,,,18.795654,14.3285835,2.495868,8.0758125,2.327717,2.8011206666666664,7.601736285714287,7.363857235294118
20,no,no,2,-wh_no_gap,She said,that,the politician stated,his press secretary said,,,the reporter,might put,the microphone,on the table.,0.0,3.620045,2.639638,2.639638,2.622591,9.841529,8.315928,8.142276,,,4.07716,7.364188500000001,8.365949,9.050268500000001,2.663656,7.1929735,2.10912,2.676188,6.138158333333334,6.695623368421052
20,yes,yes,2,+wh_gap,She said,who,the politician stated,his press secretary said,,,,might put,the microphone,on the table.,0.0,3.620045,10.871274,10.871274,7.532369,10.804872000000001,10.000983,8.0268205,,,,,12.002416,11.535912,2.622343,8.636506,2.321393,2.8035186666666667,6.965056,7.728744352941175
20,yes,no,2,+wh_no_gap,She said,who,the politician stated,his press secretary said,,,the reporter,might put,the microphone,on the table.,0.0,3.620045,10.871274,10.871274,7.532369,10.804872000000001,10.000983,8.0268205,,,5.290499,7.7132615,8.855559,9.3290675,3.298989,7.8123095000000005,2.018835,2.7878833333333333,6.452547444444445,7.405588894736842
20,no,yes,3,-wh_gap,She said,that,the politician stated,his press secretary said,the chief of staff thought,,,might put,the microphone,on the table.,0.0,3.620045,2.639638,2.639638,2.622591,9.841529,8.315928,8.142276,4.07716,5.8018086,,,12.037683,11.667716500000001,2.629894,7.3244115,2.702652,2.973008333333334,6.700468714285715,6.7220792272727286
20,no,no,3,-wh_no_gap,She said,that,the politician stated,his press secretary said,the chief of staff thought,,the reporter,might put,the microphone,on the table.,0.0,3.620045,2.639638,2.639638,2.622591,9.841529,8.315928,8.142276,4.07716,5.8018086,3.246111,7.0392185000000005,6.460512,8.4620295,2.553946,6.9457645,2.406636,2.9110886666666667,5.958587888888889,6.442073041666667
20,yes,yes,3,+wh_gap,She said,who,the politician stated,his press secretary said,the chief of staff thought,,,might put,the microphone,on the table.,0.0,3.620045,10.871274,10.871274,7.532369,10.804872000000001,10.000983,8.0268205,5.290499,5.9009918,,,12.081275,11.724422,2.69652,7.6602939999999995,2.653347,2.9978013333333333,6.823262285714287,7.268229863636363
20,yes,no,3,+wh_no_gap,She said,who,the politician stated,his press secretary said,the chief of staff thought,,the reporter,might put,the microphone,on the table.,0.0,3.620045,10.871274,10.871274,7.532369,10.804872000000001,10.000983,8.0268205,5.290499,5.9009918,3.088215,6.9421669999999995,6.572856,8.5310565,2.624312,7.0794035,2.343613,2.922318666666667,5.985801111111111,6.917101291666667
20,no,yes,4,-wh_gap,She said,that,the politician stated,his press secretary said,the chief of staff thought,his assistant suspects,,might put,the microphone,on the table.,0.0,3.620045,2.639638,2.639638,2.622591,9.841529,8.315928,8.142276,4.07716,5.8018086,,,12.037683,11.667716500000001,2.629894,7.3244115,2.702652,2.973008333333334,6.700468714285715,6.7220792272727286
20,no,no,4,-wh_no_gap,She said,that,the politician stated,his press secretary said,the chief of staff thought,his assistant suspects,the reporter,might put,the microphone,on the table.,0.0,3.620045,2.639638,2.639638,2.622591,9.841529,8.315928,8.142276,4.07716,5.8018086,3.246111,7.0392185000000005,6.460512,8.4620295,2.553946,6.9457645,2.406636,2.9110886666666667,5.958587888888889,6.442073041666667
20,yes,yes,4,+wh_gap,She said,who,the politician stated,his press secretary said,the chief of staff thought,his assistant suspects,,might put,the microphone,on the table.,0.0,3.620045,10.871274,10.871274,7.532369,10.804872000000001,10.000983,8.0268205,5.290499,5.9009918,,,12.081275,11.724422,2.69652,7.6602939999999995,2.653347,2.9978013333333333,6.823262285714287,7.268229863636363
20,yes,no,4,+wh_no_gap,She said,who,the politician stated,his press secretary said,the chief of staff thought,his assistant suspects,the reporter,might put,the microphone,on the table.,0.0,3.620045,10.871274,10.871274,7.532369,10.804872000000001,10.000983,8.0268205,5.290499,5.9009918,3.088215,6.9421669999999995,6.572856,8.5310565,2.624312,7.0794035,2.343613,2.922318666666667,5.985801111111111,6.917101291666667
19,no,yes,0,-wh_gap,The colleagues realized,that,,,,,,might have discovered,the bribery,two weeks ago.,0.0,10.516256333333333,0.635146,0.635146,,,,,,,,,14.873258,9.489109999999998,1.458826,10.427798999999998,16.315985,9.148477333333334,9.596045,9.079356250000002
19,no,no,0,-wh_no_gap,The colleagues realized,that,,,,,the journalist,might have discovered,the bribery,two weeks ago.,0.0,10.516256333333333,0.635146,0.635146,,,,,,,1.616574,9.129006,5.384035,5.176494,1.971031,9.9505995,16.345661,9.115139000000001,8.103411,8.087001785714284
19,yes,yes,0,+wh_gap,The colleagues realized,who,,,,,,might have discovered,the bribery,two weeks ago.,0.0,10.516256333333333,10.917934,10.917934,,,,,,,,,7.408297,5.868167333333333,1.558456,10.345721,16.569826,9.326900666666665,8.28458075,9.06194575
19,yes,no,0,+wh_no_gap,The colleagues realized,who,,,,,the journalist,might have discovered,the bribery,two weeks ago.,0.0,10.516256333333333,10.917934,10.917934,,,,,,,6.301322,10.763736,5.461026,5.180647333333334,5.345289,11.611082,17.522638,9.571687,8.900663900000001,9.390953
19,no,yes,1,-wh_gap,The colleagues realized,that,her mother stated,,,,,might have discovered,the bribery,two weeks ago.,0.0,10.516256333333333,0.635146,0.635146,9.413181,9.800330666666667,,,,,,,15.683197,8.965876333333332,2.562306,10.9163695,15.735667,8.777039333333333,9.38268575,9.109759533333333
19,no,no,1,-wh_no_gap,The colleagues realized,that,her mother stated,,,,the journalist,might have discovered,the bribery,two weeks ago.,0.0,10.516256333333333,0.635146,0.635146,9.413181,9.800330666666667,,,,,4.67107,10.47048,7.200897,5.440763333333333,2.545257,10.627609999999999,16.021273,8.823879666666668,8.499010899999998,8.622059764705883
19,yes,yes,1,+wh_gap,The colleagues realized,who,her mother stated,,,,,might have discovered,the bribery,two weeks ago.,0.0,10.516256333333333,10.917934,10.917934,13.624317,10.567580333333334,,,,,,,8.892242,6.910997666666667,2.656304,11.124414,16.303518,8.998196333333333,8.74705125,9.6097236
19,yes,no,1,+wh_no_gap,The colleagues realized,who,her mother stated,,,,the journalist,might have discovered,the bribery,two weeks ago.,0.0,10.516256333333333,10.917934,10.917934,13.624317,10.567580333333334,,,,,6.091568,11.063467,6.613945,5.2878213333333335,4.394024,11.4068565,16.939392,9.184814666666666,8.8358555,9.560470529411766
19,no,yes,2,-wh_gap,The colleagues realized,that,her mother stated,a friend said,,,,might have discovered,the bribery,two weeks ago.,0.0,10.516256333333333,0.635146,0.635146,9.413181,9.800330666666667,7.189502,9.148721,,,,,15.930205,9.101444333333333,2.750792,11.0079585,15.611597,8.742070666666669,9.44330775,9.143196222222223
19,no,no,2,-wh_no_gap,The colleagues realized,that,her mother stated,a friend said,,,the journalist,might have discovered,the bribery,two weeks ago.,0.0,10.516256333333333,0.635146,0.635146,9.413181,9.800330666666667,7.189502,9.148721,,,4.934358,8.667569,7.335025,5.545923666666667,2.542363,10.355578999999999,16.169495,8.866073,8.1282286,8.5156678
19,yes,yes,2,+wh_gap,The colleagues realized,who,her mother stated,a friend said,,,,might have discovered,the bribery,two weeks ago.,0.0,10.516256333333333,10.917934,10.917934,13.624317,10.567580333333334,7.986989,9.160314333333334,,,,,9.933291,7.3260000000000005,3.304679,11.219813,16.406755,9.020238999999998,8.934792875,9.618262777777778
19,yes,no,2,+wh_no_gap,The colleagues realized,who,her mother stated,a friend said,,,the journalist,might have discovered,the bribery,two weeks ago.,0.0,10.516256333333333,10.917934,10.917934,13.624317,10.567580333333334,7.986989,9.160314333333334,,,6.018507,8.9474745,7.506365,5.582383333333333,2.512772,10.219805000000001,16.80431,9.108635666666666,8.2407616,9.202900150000001
19,no,yes,3,-wh_gap,The colleagues realized,that,her mother stated,a friend said,her husband knew,,,might have discovered,the bribery,two weeks ago.,0.0,10.516256333333333,0.635146,0.635146,9.413181,9.800330666666667,7.189502,9.148721,5.272661,5.236432333333333,,,16.455933,9.311984666666667,2.610951,10.84225,15.505854,8.810356333333333,9.506440375,8.60913761904762
19,no,no,3,-wh_no_gap,The colleagues realized,that,her mother stated,a friend said,her husband knew,,the journalist,might have discovered,the bribery,two weeks ago.,0.0,10.516256333333333,0.635146,0.635146,9.413181,9.800330666666667,7.189502,9.148721,5.272661,5.236432333333333,4.256083,9.06546,7.136236,5.4143463333333335,2.688899,10.245835999999999,16.51293,9.097156333333333,8.215709999999998,8.125976826086957
19,yes,yes,3,+wh_gap,The colleagues realized,who,her mother stated,a friend said,her husband knew,,,might have discovered,the bribery,two weeks ago.,0.0,10.516256333333333,10.917934,10.917934,13.624317,10.567580333333334,7.986989,9.160314333333334,6.99424,5.876059000000001,,,14.496341,8.714679666666667,2.630661,10.5600165,16.181982,9.033433666666667,9.295546625,9.221092238095238
19,yes,no,3,+wh_no_gap,The colleagues realized,who,her mother stated,a friend said,her husband knew,,the journalist,might have discovered,the bribery,two weeks ago.,0.0,10.516256333333333,10.917934,10.917934,13.624317,10.567580333333334,7.986989,9.160314333333334,6.99424,5.876059000000001,4.085961,8.9838895,7.188073,5.450323333333333,2.708082,10.1139775,17.007345,9.276759666666669,8.2376983,8.767632478260868
19,no,yes,4,-wh_gap,The colleagues realized,that,her mother stated,a friend said,her husband knew,his brother said,,might have discovered,the bribery,two weeks ago.,0.0,10.516256333333333,0.635146,0.635146,9.413181,9.800330666666667,7.189502,9.148721,5.272661,5.236432333333333,,,16.455933,9.311984666666667,2.610951,10.84225,15.505854,8.810356333333333,9.506440375,8.60913761904762
19,no,no,4,-wh_no_gap,The colleagues realized,that,her mother stated,a friend said,her husband knew,his brother said,the journalist,might have discovered,the bribery,two weeks ago.,0.0,10.516256333333333,0.635146,0.635146,9.413181,9.800330666666667,7.189502,9.148721,5.272661,5.236432333333333,4.256083,9.06546,7.136236,5.4143463333333335,2.688899,10.245835999999999,16.51293,9.097156333333333,8.215709999999998,8.125976826086957
19,yes,yes,4,+wh_gap,The colleagues realized,who,her mother stated,a friend said,her husband knew,his brother said,,might have discovered,the bribery,two weeks ago.,0.0,10.516256333333333,10.917934,10.917934,13.624317,10.567580333333334,7.986989,9.160314333333334,6.99424,5.876059000000001,,,14.496341,8.714679666666667,2.630661,10.5600165,16.181982,9.033433666666667,9.295546625,9.221092238095238
19,yes,no,4,+wh_no_gap,The colleagues realized,who,her mother stated,a friend said,her husband knew,his brother said,the journalist,might have discovered,the bribery,two weeks ago.,0.0,10.516256333333333,10.917934,10.917934,13.624317,10.567580333333334,7.986989,9.160314333333334,6.99424,5.876059000000001,4.085961,8.9838895,7.188073,5.450323333333333,2.708082,10.1139775,17.007345,9.276759666666669,8.2376983,8.767632478260868
18,no,yes,0,-wh_gap,I know,that,,,,,,will find,a gun,in the office.,0.0,3.139138,2.352433,2.352433,,,,,,,,,11.602566,10.214603,2.970808,7.0954985,3.136919,4.798970333333333,7.002444857142856,5.764782299999999
18,no,no,0,-wh_no_gap,I know,that,,,,,the five star general,will find,a gun,in the office.,0.0,3.139138,2.352433,2.352433,,,,,,,2.35511,10.149193,7.702619,8.0524555,3.331119,6.8954094999999995,3.262684,4.9781070000000005,7.76607481818182,6.718395142857143
18,yes,yes,0,+wh_gap,I know,who,,,,,,will find,a gun,in the office.,0.0,3.139138,6.580016,6.580016,,,,,,,,,5.949539,6.6319205,3.465358,6.7851675,3.556371,4.789977666666666,5.8863012857142865,5.406240100000001
18,yes,no,0,+wh_no_gap,I know,who,,,,,the five star general,will find,a gun,in the office.,0.0,3.139138,6.580016,6.580016,,,,,,,5.056487,10.550092,6.149231,6.7041665,7.29748,8.738147999999999,3.773951,5.414603,8.120800545454545,7.299078428571429
18,no,yes,1,-wh_gap,I know,that,the woman believed,,,,,will find,a gun,in the office.,0.0,3.139138,2.352433,2.352433,2.35511,7.8403246666666675,,,,,,,10.818175,10.6163815,3.087902,6.920186999999999,2.927684,4.845079999999999,7.086910999999999,6.289235384615385
18,no,no,1,-wh_no_gap,I know,that,the woman believed,,,,the five star general,will find,a gun,in the office.,0.0,3.139138,2.352433,2.352433,2.35511,7.8403246666666675,,,,,3.515746,11.2132085,7.391619,8.350801,3.214202,6.8701595,3.157042,5.131877666666667,8.244580727272728,7.226004176470588
18,yes,yes,1,+wh_gap,I know,who,the woman believed,,,,,will find,a gun,in the office.,0.0,3.139138,6.580016,6.580016,5.056487,8.464347333333334,,,,,,,7.826087,8.745067,3.439675,7.0944255,3.332705,4.878904,6.616528142857144,6.505156230769231
18,yes,no,1,+wh_no_gap,I know,who,the woman believed,,,,the five star general,will find,a gun,in the office.,0.0,3.139138,6.580016,6.580016,5.056487,8.464347333333334,,,,,5.518869,11.62424775,7.310864,7.5116575,7.733902,8.895472,3.32497,5.339723666666667,8.66640190909091,7.857750294117648
18,no,yes,2,-wh_gap,I know,that,the woman believed,the secretary said,,,,will find,a gun,in the office.,0.0,3.139138,2.352433,2.352433,2.35511,7.8403246666666675,3.515746,9.770852,,,,,12.931819,11.1659935,3.188707,6.806492499999999,3.251514,4.599612333333333,7.1062584285714285,6.950502999999999
18,no,no,2,-wh_no_gap,I know,that,the woman believed,the secretary said,,,the five star general,will find,a gun,in the office.,0.0,3.139138,2.352433,2.352433,2.35511,7.8403246666666675,3.515746,9.770852,,,3.463312,10.992926,7.489666,8.3596425,3.304134,6.21511,3.572034,4.971854666666666,8.003343,7.4750506
18,yes,yes,2,+wh_gap,I know,who,the woman believed,the secretary said,,,,will find,a gun,in the office.,0.0,3.139138,6.580016,6.580016,5.056487,8.464347333333334,5.518869,9.876615333333334,,,,,9.789317,9.547445,3.522903,7.1917405,3.413502,4.652134333333334,6.776396285714284,7.207247125
18,yes,no,2,+wh_no_gap,I know,who,the woman believed,the secretary said,,,the five star general,will find,a gun,in the office.,0.0,3.139138,6.580016,6.580016,5.056487,8.464347333333334,5.518869,9.876615333333334,,,5.768869,11.19083475,7.389958,7.680201,7.808124,8.593494,3.492782,5.119761666666666,8.424546727272729,8.0275597
18,no,yes,3,-wh_gap,I know,that,the woman believed,the secretary said,her friend recalled,,,will find,a gun,in the office.,0.0,3.139138,2.352433,2.352433,2.35511,7.8403246666666675,3.515746,9.770852,5.972282,8.770761333333333,,,16.153061,12.2759695,3.658811,6.612898,3.429039,4.887135333333333,7.491305857142857,7.3797717894736845
18,no,no,3,-wh_no_gap,I know,that,the woman believed,the secretary said,her friend recalled,,the five star general,will find,a gun,in the office.,0.0,3.139138,2.352433,2.352433,2.35511,7.8403246666666675,3.515746,9.770852,5.972282,8.770761333333333,3.283905,11.156488,11.247657,9.941816,3.65333,6.291371,3.53277,5.025849666666667,8.379079545454546,7.823756434782609
18,yes,yes,3,+wh_gap,I know,who,the woman believed,the secretary said,her friend recalled,,,will find,a gun,in the office.,0.0,3.139138,6.580016,6.580016,5.056487,8.464347333333334,5.518869,9.876615333333334,8.824593,9.6167,,,13.636867,11.051067,3.761005,6.9820315,3.469261,4.882802333333333,7.24494342857143,7.760309684210525
18,yes,no,3,+wh_no_gap,I know,who,the woman believed,the secretary said,her friend recalled,,the five star general,will find,a gun,in the office.,0.0,3.139138,6.580016,6.580016,5.056487,8.464347333333334,5.518869,9.876615333333334,8.824593,9.6167,5.116866,11.46991125,11.381583,9.6810715,5.810888,7.9342245,3.471631,4.9703626666666665,8.729211363636365,8.380548043478262
18,no,yes,4,-wh_gap,I know,that,the woman believed,the secretary said,her friend recalled,a colleague thinks,,will find,a gun,in the office.,0.0,3.139138,2.352433,2.352433,2.35511,7.8403246666666675,3.515746,9.770852,5.972282,8.770761333333333,,,16.153061,12.2759695,3.658811,6.612898,3.429039,4.887135333333333,7.491305857142857,7.3797717894736845
18,no,no,4,-wh_no_gap,I know,that,the woman believed,the secretary said,her friend recalled,a colleague thinks,the five star general,will find,a gun,in the office.,0.0,3.139138,2.352433,2.352433,2.35511,7.8403246666666675,3.515746,9.770852,5.972282,8.770761333333333,3.283905,11.156488,11.247657,9.941816,3.65333,6.291371,3.53277,5.025849666666667,8.379079545454546,7.823756434782609
18,yes,yes,4,+wh_gap,I know,who,the woman believed,the secretary said,her friend recalled,a colleague thinks,,will find,a gun,in the office.,0.0,3.139138,6.580016,6.580016,5.056487,8.464347333333334,5.518869,9.876615333333334,8.824593,9.6167,,,13.636867,11.051067,3.761005,6.9820315,3.469261,4.882802333333333,7.24494342857143,7.760309684210525
18,yes,no,4,+wh_no_gap,I know,who,the woman believed,the secretary said,her friend recalled,a colleague thinks,the five star general,will find,a gun,in the office.,0.0,3.139138,6.580016,6.580016,5.056487,8.464347333333334,5.518869,9.876615333333334,8.824593,9.6167,5.116866,11.46991125,11.381583,9.6810715,5.810888,7.9342245,3.471631,4.9703626666666665,8.729211363636365,8.380548043478262
17,no,yes,0,-wh_gap,The visitor said,that,,,,,,should talk with,the new manager,in her office.,0.0,9.513562666666665,1.824046,1.824046,,,,,,,,,13.80423,10.472049333333333,2.555406,6.360942333333334,5.588963,6.675590333333333,7.836194,7.760806153846152
17,no,no,0,-wh_no_gap,The visitor said,that,,,,,the human resources officer,should talk with,the new manager,in her office.,0.0,9.513562666666665,1.824046,1.824046,,,,,,,2.020857,10.2502485,6.317439,7.640522666666667,2.420721,6.355729666666666,4.890337,6.952791666666666,7.988317384615385,7.894874117647057
17,yes,yes,0,+wh_gap,The visitor said,who,,,,,,should talk with,the new manager,in her office.,0.0,9.513562666666665,10.800764,10.800764,,,,,,,,,8.54662,7.568425,2.636944,6.012861333333333,5.135208,6.476962333333333,6.6860828888888895,7.655092153846153
17,yes,no,0,+wh_no_gap,The visitor said,who,,,,,the human resources officer,should talk with,the new manager,in her office.,0.0,9.513562666666665,10.800764,10.800764,,,,,,,6.832531,11.0987845,6.004795,7.631643666666666,5.753671,7.430787,5.162763,6.300425,8.344900384615386,8.695597470588234
17,no,yes,1,-wh_gap,The visitor said,that,my friend said,,,,,should talk with,the new manager,in her office.,0.0,9.513562666666665,1.824046,1.824046,15.170774,9.381147666666665,,,,,,,15.22545,10.032855666666666,3.370126,6.2633123333333325,5.638319,6.2924180000000005,7.529528666666668,7.8921209375
17,no,no,1,-wh_no_gap,The visitor said,that,my friend said,,,,the human resources officer,should talk with,the new manager,in her office.,0.0,9.513562666666665,1.824046,1.824046,15.170774,9.381147666666665,,,,,3.866379,11.626572499999998,6.380217,7.350243666666667,3.225109,6.529342666666667,5.167659,6.394279333333333,8.255991307692309,8.291803199999999
17,yes,yes,1,+wh_gap,The visitor said,who,my friend said,,,,,should talk with,the new manager,in her office.,0.0,9.513562666666665,10.800764,10.800764,18.269564,9.822756,,,,,,,11.635859,9.267274,3.192744,6.247485666666666,5.457506,6.2457606666666665,7.253506777777777,8.380705062499999
17,yes,no,1,+wh_no_gap,The visitor said,who,my friend said,,,,the human resources officer,should talk with,the new manager,in her office.,0.0,9.513562666666665,10.800764,10.800764,18.269564,9.822756,,,,,4.799278,11.3290785,6.082773,7.388942666666666,5.680027,7.3465473333333335,5.30594,6.312401666666666,8.343076076923076,8.86348545
17,no,yes,2,-wh_gap,The visitor said,that,my friend said,her mother knew,,,,should talk with,the new manager,in her office.,0.0,9.513562666666665,1.824046,1.824046,15.170774,9.381147666666665,8.415775,6.420924666666667,,,,,15.283002,10.034188666666667,4.30334,6.524309666666667,5.716642,5.761234333333333,7.439910888888889,7.617376263157894
17,no,no,2,-wh_no_gap,The visitor said,that,my friend said,her mother knew,,,the human resources officer,should talk with,the new manager,in her office.,0.0,9.513562666666665,1.824046,1.824046,15.170774,9.381147666666665,8.415775,6.420924666666667,,,4.331491,11.94781125,6.352871,7.170571333333334,4.146481,6.970373333333334,5.822654,5.569695333333333,8.224858846153847,8.03017895652174
17,yes,yes,2,+wh_gap,The visitor said,who,my friend said,her mother knew,,,,should talk with,the new manager,in her office.,0.0,9.513562666666665,10.800764,10.800764,18.269564,9.822756,10.047355,6.755115,,,,,11.155832,8.659649333333332,4.141236,6.504172333333333,5.746188,5.6108970000000005,6.924906222222222,7.96838005263158
17,yes,no,2,+wh_no_gap,The visitor said,who,my friend said,her mother knew,,,the human resources officer,should talk with,the new manager,in her office.,0.0,9.513562666666665,10.800764,10.800764,18.269564,9.822756,10.047355,6.755115,,,5.474262,12.188287500000001,7.124009,7.521179333333333,6.569539,7.611279333333333,5.801959,5.358885666666667,8.479014076923077,8.665315130434783
17,no,yes,3,-wh_gap,The visitor said,that,my friend said,her mother knew,the clerk stated,,,should talk with,the new manager,in her office.,0.0,9.513562666666665,1.824046,1.824046,15.170774,9.381147666666665,8.415775,6.420924666666667,4.331491,11.162754333333334,,,13.100256,9.557463,3.947254,6.4179129999999995,5.881656,5.356843333333334,7.110739777777777,7.966175999999999
17,no,no,3,-wh_no_gap,The visitor said,that,my friend said,her mother knew,the clerk stated,,the human resources officer,should talk with,the new manager,in her office.,0.0,9.513562666666665,1.824046,1.824046,15.170774,9.381147666666665,8.415775,6.420924666666667,4.331491,11.162754333333334,5.19004,12.5084935,6.061235,7.197043666666668,3.686512,6.543325666666667,5.806982,5.452808999999999,8.277962230769232,8.418181653846155
17,yes,yes,3,+wh_gap,The visitor said,who,my friend said,her mother knew,the clerk stated,,,should talk with,the new manager,in her office.,0.0,9.513562666666665,10.800764,10.800764,18.269564,9.822756,10.047355,6.755115,5.474262,11.348142666666666,,,12.133508,9.426670000000001,3.791687,6.326003333333333,5.982181,5.404587,7.052420111111112,8.481421545454545
17,yes,no,3,+wh_no_gap,The visitor said,who,my friend said,her mother knew,the clerk stated,,the human resources officer,should talk with,the new manager,in her office.,0.0,9.513562666666665,10.800764,10.800764,18.269564,9.822756,10.047355,6.755115,5.474262,11.348142666666666,6.954601,12.724472500000001,6.722309,7.425144333333333,3.503901,6.442097,5.837252,5.529436333333333,8.391378692307693,8.931054461538462
17,no,yes,4,-wh_gap,The visitor said,that,my friend said,her mother knew,the clerk stated,his friend saw,,should talk with,the new manager,in her office.,0.0,9.513562666666665,1.824046,1.824046,15.170774,9.381147666666665,8.415775,6.420924666666667,4.331491,11.162754333333334,,,13.100256,9.557463,3.947254,6.4179129999999995,5.881656,5.356843333333334,7.110739777777777,7.966175999999999
17,no,no,4,-wh_no_gap,The visitor said,that,my friend said,her mother knew,the clerk stated,his friend saw,the human resources officer,should talk with,the new manager,in her office.,0.0,9.513562666666665,1.824046,1.824046,15.170774,9.381147666666665,8.415775,6.420924666666667,4.331491,11.162754333333334,5.19004,12.5084935,6.061235,7.197043666666668,3.686512,6.543325666666667,5.806982,5.452808999999999,8.277962230769232,8.418181653846155
17,yes,yes,4,+wh_gap,The visitor said,who,my friend said,her mother knew,the clerk stated,his friend saw,,should talk with,the new manager,in her office.,0.0,9.513562666666665,10.800764,10.800764,18.269564,9.822756,10.047355,6.755115,5.474262,11.348142666666666,,,12.133508,9.426670000000001,3.791687,6.326003333333333,5.982181,5.404587,7.052420111111112,8.481421545454545
17,yes,no,4,+wh_no_gap,The visitor said,who,my friend said,her mother knew,the clerk stated,his friend saw,the human resources officer,should talk with,the new manager,in her office.,0.0,9.513562666666665,10.800764,10.800764,18.269564,9.822756,10.047355,6.755115,5.474262,11.348142666666666,6.954601,12.724472500000001,6.722309,7.425144333333333,3.503901,6.442097,5.837252,5.529436333333333,8.391378692307693,8.931054461538462
16,no,yes,0,-wh_gap,My friends all know,that,,,,,,will describe,her woes,to her friends.,0.0,6.644446749999999,3.438189,3.438189,,,,,,,,,11.969704,12.9189375,5.613409,10.733115,6.748515,5.383018,9.064737,7.789094583333333
16,no,no,0,-wh_no_gap,My friends all know,that,,,,,the single mother,will describe,her woes,to her friends.,0.0,6.644446749999999,3.438189,3.438189,,,,,,,2.843106,7.149395666666667,5.60624,9.614142999999999,3.021763,9.8527415,6.682292,5.068544,7.558758800000001,7.0402376
16,yes,yes,0,+wh_gap,My friends all know,who,,,,,,will describe,her woes,to her friends.,0.0,6.644446749999999,6.626571,6.626571,,,,,,,,,5.744067,9.4893815,5.407516,10.884325,7.006303,5.306617333333333,8.095323571428573,7.489301916666666
16,yes,no,0,+wh_no_gap,My friends all know,who,,,,,the single mother,will describe,her woes,to her friends.,0.0,6.644446749999999,6.626571,6.626571,,,,,,,5.589694,7.838843,6.243078,8.704085,8.089889,12.722742,6.491141,5.357646333333334,8.2443122,7.7098320000000005
16,no,yes,1,-wh_gap,My friends all know,that,her friend knew,,,,,will describe,her woes,to her friends.,0.0,6.644446749999999,3.438189,3.438189,7.638736,8.738756333333333,,,,,,,15.064243,14.232745999999999,1.920588,8.9966625,6.654668,4.8986920000000005,8.736413285714287,7.825809199999998
16,no,no,1,-wh_no_gap,My friends all know,that,her friend knew,,,,the single mother,will describe,her woes,to her friends.,0.0,6.644446749999999,3.438189,3.438189,7.638736,8.738756333333333,,,,,3.488934,7.177249000000001,8.929927,11.2483955,1.579758,9.0079375,6.685301,4.8289306666666665,7.6531205,7.375747222222221
16,yes,yes,1,+wh_gap,My friends all know,who,her friend knew,,,,,will describe,her woes,to her friends.,0.0,6.644446749999999,6.626571,6.626571,9.757621,9.073497,,,,,,,11.008086,12.244514500000001,2.517343,9.2842795,7.226939,5.148411,8.357545857142858,7.928511333333333
16,yes,no,1,+wh_no_gap,My friends all know,who,her friend knew,,,,the single mother,will describe,her woes,to her friends.,0.0,6.644446749999999,6.626571,6.626571,9.757621,9.073497,,,,,4.790865,8.077575333333334,9.478964,10.3511715,5.618632,11.299836500000001,6.371639,5.091974,8.2810664,7.957528500000001
16,no,yes,2,-wh_gap,My friends all know,that,her friend knew,the delivery man believed,,,,will describe,her woes,to her friends.,0.0,6.644446749999999,3.438189,3.438189,7.638736,8.738756333333333,3.488934,10.106719,,,,,11.48329,13.493770999999999,1.701262,9.040049,6.775541,4.990619,8.577070999999998,8.247295684210526
16,no,no,2,-wh_no_gap,My friends all know,that,her friend knew,the delivery man believed,,,the single mother,will describe,her woes,to her friends.,0.0,6.644446749999999,3.438189,3.438189,7.638736,8.738756333333333,3.488934,10.106719,,,4.07634,7.38539,7.64932,11.2699785,1.654304,9.2312255,6.707968,4.8946879999999995,7.7842642,7.931898318181817
16,yes,yes,2,+wh_gap,My friends all know,who,her friend knew,the delivery man believed,,,,will describe,her woes,to her friends.,0.0,6.644446749999999,6.626571,6.626571,9.757621,9.073497,4.790865,9.746043,,,,,9.834534,12.341431499999999,2.024683,9.313518499999999,7.252005,5.172302666666667,8.403829714285713,8.32820152631579
16,yes,no,2,+wh_no_gap,My friends all know,who,her friend knew,the delivery man believed,,,the single mother,will describe,her woes,to her friends.,0.0,6.644446749999999,6.626571,6.626571,9.757621,9.073497,4.790865,9.746043,,,5.707651,7.894938666666666,7.533148,10.213224499999999,5.45014,11.166987500000001,6.245141,4.968212666666667,8.134987800000001,8.21631359090909
16,no,yes,3,-wh_gap,My friends all know,that,her friend knew,the delivery man believed,the cop said,,,will describe,her woes,to her friends.,0.0,6.644446749999999,3.438189,3.438189,7.638736,8.738756333333333,3.488934,10.106719,4.07634,10.587876333333332,,,12.922647,13.1525625,3.058171,10.246669,6.822894,4.974871333333333,8.817582428571429,8.642992136363635
16,no,no,3,-wh_no_gap,My friends all know,that,her friend knew,the delivery man believed,the cop said,,the single mother,will describe,her woes,to her friends.,0.0,6.644446749999999,3.438189,3.438189,7.638736,8.738756333333333,3.488934,10.106719,4.07634,10.587876333333332,3.812345,7.966353000000001,7.90953,11.084792499999999,2.110976,10.0854285,6.726905,4.881078333333334,8.088273599999999,8.37221944
16,yes,yes,3,+wh_gap,My friends all know,who,her friend knew,the delivery man believed,the cop said,,,will describe,her woes,to her friends.,0.0,6.644446749999999,6.626571,6.626571,9.757621,9.073497,4.790865,9.746043,5.707651,10.478814999999999,,,10.379615,12.0870345,3.210716,10.403855,7.217988,5.189857,8.650192857142859,8.69985527272727
16,yes,no,3,+wh_no_gap,My friends all know,who,her friend knew,the delivery man believed,the cop said,,the single mother,will describe,her woes,to her friends.,0.0,6.644446749999999,6.626571,6.626571,9.757621,9.073497,4.790865,9.746043,5.707651,10.478814999999999,5.258532,8.416576333333333,7.863374,10.904588,2.290023,10.187304000000001,7.037398,4.957445666666666,8.230585000000001,8.52605264
16,no,yes,4,-wh_gap,My friends all know,that,her friend knew,the delivery man believed,the cop said,his partner recalled,,will describe,her woes,to her friends.,0.0,6.644446749999999,3.438189,3.438189,7.638736,8.738756333333333,3.488934,10.106719,4.07634,10.587876333333332,,,12.922647,13.1525625,3.058171,10.246669,6.822894,4.974871333333333,8.817582428571429,8.642992136363635
16,no,no,4,-wh_no_gap,My friends all know,that,her friend knew,the delivery man believed,the cop said,his partner recalled,the single mother,will describe,her woes,to her friends.,0.0,6.644446749999999,3.438189,3.438189,7.638736,8.738756333333333,3.488934,10.106719,4.07634,10.587876333333332,3.812345,7.966353000000001,7.90953,11.084792499999999,2.110976,10.0854285,6.726905,4.881078333333334,8.088273599999999,8.37221944
16,yes,yes,4,+wh_gap,My friends all know,who,her friend knew,the delivery man believed,the cop said,his partner recalled,,will describe,her woes,to her friends.,0.0,6.644446749999999,6.626571,6.626571,9.757621,9.073497,4.790865,9.746043,5.707651,10.478814999999999,,,10.379615,12.0870345,3.210716,10.403855,7.217988,5.189857,8.650192857142859,8.69985527272727
16,yes,no,4,+wh_no_gap,My friends all know,who,her friend knew,the delivery man believed,the cop said,his partner recalled,the single mother,will describe,her woes,to her friends.,0.0,6.644446749999999,6.626571,6.626571,9.757621,9.073497,4.790865,9.746043,5.707651,10.478814999999999,5.258532,8.416576333333333,7.863374,10.904588,2.290023,10.187304000000001,7.037398,4.957445666666666,8.230585000000001,8.52605264
15,no,yes,0,-wh_gap,I know,that,,,,,,might find,a quarter,on the bus.,0.0,3.139138,2.352433,2.352433,,,,,,,,,14.406142,11.8836515,2.635915,7.7370684999999995,5.671522,5.967633666666667,8.163477285714285,6.5775049999999995
15,no,no,0,-wh_no_gap,I know,that,,,,,the elderly lady,might find,a quarter,on the bus.,0.0,3.139138,2.352433,2.352433,,,,,,,2.35511,8.222090666666666,8.084039,7.575502,2.831614,8.3054195,5.268807,5.696984666666666,7.3519069,6.3192136923076925
15,yes,yes,0,+wh_gap,I know,who,,,,,,might find,a quarter,on the bus.,0.0,3.139138,6.580016,6.580016,,,,,,,,,8.6036,8.1040515,3.081651,8.1231875,4.992869,5.515076333333333,6.999958142857143,6.1857999
15,yes,no,0,+wh_no_gap,I know,who,,,,,the elderly lady,might find,a quarter,on the bus.,0.0,3.139138,6.580016,6.580016,,,,,,,5.056487,9.489459666666667,7.434696,6.771969,6.848544,8.840768,5.707319,6.274763333333333,7.851814299999999,7.0289565384615385
15,no,yes,1,-wh_gap,I know,that,their friend said,,,,,might find,a quarter,on the bus.,0.0,3.139138,2.352433,2.352433,8.129355,9.037406666666667,,,,,,,15.907741,11.8996705,3.223177,7.9139485,5.132686,5.725379666666666,8.114768142857143,7.118946615384616
15,no,no,1,-wh_no_gap,I know,that,their friend said,,,,the elderly lady,might find,a quarter,on the bus.,0.0,3.139138,2.352433,2.352433,8.129355,9.037406666666667,,,,,3.843752,8.979075666666667,8.100172,7.663634,2.865153,8.1608295,5.070343,5.529191333333333,7.5173727999999995,6.9322910625
15,yes,yes,1,+wh_gap,I know,who,their friend said,,,,,might find,a quarter,on the bus.,0.0,3.139138,6.580016,6.580016,11.182029,9.349733666666667,,,,,,,11.952517,10.2435765,3.16053,7.7380365,5.134081,5.777218666666667,7.613554571428572,7.246336538461538
15,yes,no,1,+wh_no_gap,I know,who,their friend said,,,,the elderly lady,might find,a quarter,on the bus.,0.0,3.139138,6.580016,6.580016,11.182029,9.349733666666667,,,,,5.057198,9.121307333333332,8.609883,7.6338539999999995,3.116789,7.998991500000001,5.14127,5.545846666666667,7.526715299999999,7.260915375
15,no,yes,2,-wh_gap,I know,that,their friend said,the secretary believed,,,,might find,a quarter,on the bus.,0.0,3.139138,2.352433,2.352433,8.129355,9.037406666666667,3.843752,9.275978333333333,,,,,14.403002,12.2610825,3.12363,8.191720499999999,5.004277,6.062373333333333,8.441818,7.666474375
15,no,no,2,-wh_no_gap,I know,that,their friend said,the secretary believed,,,the elderly lady,might find,a quarter,on the bus.,0.0,3.139138,2.352433,2.352433,8.129355,9.037406666666667,3.843752,9.275978333333333,,,3.213356,9.924498999999999,7.38084,7.6105985,2.653864,8.2920315,5.161916,5.742223666666667,7.880542800000001,7.493489052631578
15,yes,yes,2,+wh_gap,I know,who,their friend said,the secretary believed,,,,might find,a quarter,on the bus.,0.0,3.139138,6.580016,6.580016,11.182029,9.349733666666667,5.057198,9.725036000000001,,,,,10.388865,10.2564,3.168137,7.9638655,4.824306,5.941458666666667,7.752129571428571,7.77171925
15,yes,no,2,+wh_no_gap,I know,who,their friend said,the secretary believed,,,the elderly lady,might find,a quarter,on the bus.,0.0,3.139138,6.580016,6.580016,11.182029,9.349733666666667,5.057198,9.725036000000001,,,4.292023,10.211292333333333,7.381168,7.443135,2.676362,8.144444,5.144632,5.696231,7.8897728,7.841069947368422
15,no,yes,3,-wh_gap,I know,that,their friend said,the secretary believed,the worker thinks,,,might find,a quarter,on the bus.,0.0,3.139138,2.352433,2.352433,8.129355,9.037406666666667,3.843752,9.275978333333333,3.213356,10.147840333333333,,,12.179796,10.8474675,2.947808,8.201653499999999,5.084554,5.792588666666667,7.925143999999999,7.867915421052632
15,no,no,3,-wh_no_gap,I know,that,their friend said,the secretary believed,the worker thinks,,the elderly lady,might find,a quarter,on the bus.,0.0,3.139138,2.352433,2.352433,8.129355,9.037406666666667,3.843752,9.275978333333333,3.213356,10.147840333333333,3.648814,9.071159666666667,6.372361,7.166779999999999,2.695343,8.2268895,5.429997,5.738377,7.521594899999999,7.692287909090909
15,yes,yes,3,+wh_gap,I know,who,their friend said,the secretary believed,the worker thinks,,,might find,a quarter,on the bus.,0.0,3.139138,6.580016,6.580016,11.182029,9.349733666666667,5.057198,9.725036000000001,4.292023,10.251071000000001,,,11.585561,10.3915655,2.980019,8.0289635,4.959629,5.61758,7.670542571428571,8.133137473684211
15,yes,no,3,+wh_no_gap,I know,who,their friend said,the secretary believed,the worker thinks,,the elderly lady,might find,a quarter,on the bus.,0.0,3.139138,6.580016,6.580016,11.182029,9.349733666666667,5.057198,9.725036000000001,4.292023,10.251071000000001,3.757905,9.113988666666666,6.441334,6.9756535,2.715274,8.1,5.377221,5.627867999999999,7.4376877,7.964213227272728
15,no,yes,4,-wh_gap,I know,that,their friend said,the secretary believed,the worker thinks,his boss reported,,might find,a quarter,on the bus.,0.0,3.139138,2.352433,2.352433,8.129355,9.037406666666667,3.843752,9.275978333333333,3.213356,10.147840333333333,,,12.179796,10.8474675,2.947808,8.201653499999999,5.084554,5.792588666666667,7.925143999999999,7.867915421052632
15,no,no,4,-wh_no_gap,I know,that,their friend said,the secretary believed,the worker thinks,his boss reported,the elderly lady,might find,a quarter,on the bus.,0.0,3.139138,2.352433,2.352433,8.129355,9.037406666666667,3.843752,9.275978333333333,3.213356,10.147840333333333,3.648814,9.071159666666667,6.372361,7.166779999999999,2.695343,8.2268895,5.429997,5.738377,7.521594899999999,7.692287909090909
15,yes,yes,4,+wh_gap,I know,who,their friend said,the secretary believed,the worker thinks,his boss reported,,might find,a quarter,on the bus.,0.0,3.139138,6.580016,6.580016,11.182029,9.349733666666667,5.057198,9.725036000000001,4.292023,10.251071000000001,,,11.585561,10.3915655,2.980019,8.0289635,4.959629,5.61758,7.670542571428571,8.133137473684211
15,yes,no,4,+wh_no_gap,I know,who,their friend said,the secretary believed,the worker thinks,his boss reported,the elderly lady,might find,a quarter,on the bus.,0.0,3.139138,6.580016,6.580016,11.182029,9.349733666666667,5.057198,9.725036000000001,4.292023,10.251071000000001,3.757905,9.113988666666666,6.441334,6.9756535,2.715274,8.1,5.377221,5.627867999999999,7.4376877,7.964213227272728
14,no,yes,0,-wh_gap,We all know,that,,,,,,will assemble,the bed,for his parents.,0.0,3.9587136666666667,2.504345,2.504345,,,,,,,,,11.947844,13.846287,2.898326,8.423658,4.417704,6.847207999999999,9.297359142857143,7.223818181818183
14,no,no,0,-wh_no_gap,We all know,that,,,,,the young professional,will assemble,the bed,for his parents.,0.0,3.9587136666666667,2.504345,2.504345,,,,,,,2.179744,8.969553,6.563483,10.422914500000001,3.373071,8.4651985,3.650542,5.888344,8.2349917,6.9093145
14,yes,yes,0,+wh_gap,We all know,who,,,,,,will assemble,the bed,for his parents.,0.0,3.9587136666666667,5.47427,5.47427,,,,,,,,,5.688974,9.8873715,2.629616,8.224397,4.325289,6.3581829999999995,7.899726571428571,6.604408818181818
14,yes,no,0,+wh_no_gap,We all know,who,,,,,the young professional,will assemble,the bed,for his parents.,0.0,3.9587136666666667,5.47427,5.47427,,,,,,,4.627324,9.648085333333334,5.658397,9.845350999999999,5.42844,9.196227499999999,4.533211,6.001793333333333,8.503279299999999,7.313085999999999
14,no,yes,1,-wh_gap,We all know,that,my neighbor said,,,,,will assemble,the bed,for his parents.,0.0,3.9587136666666667,2.504345,2.504345,8.984233,10.028242666666666,,,,,,,13.715559,14.856221000000001,3.051293,7.6058455,3.885959,5.712507666666667,8.865950857142858,7.609062142857143
14,no,no,1,-wh_no_gap,We all know,that,my neighbor said,,,,the young professional,will assemble,the bed,for his parents.,0.0,3.9587136666666667,2.504345,2.504345,8.984233,10.028242666666666,,,,,3.742524,9.607225,8.718114,11.754858500000001,3.380558,7.7762055000000005,3.751728,5.4090723333333335,8.411102000000001,7.563307882352941
14,yes,yes,1,+wh_gap,We all know,who,my neighbor said,,,,,will assemble,the bed,for his parents.,0.0,3.9587136666666667,5.47427,5.47427,10.763912,9.888113333333331,,,,,,,9.165886,12.327178,3.346179,7.5963935,4.260363,5.647978999999999,8.11301142857143,7.414702214285714
14,yes,no,1,+wh_no_gap,We all know,who,my neighbor said,,,,the young professional,will assemble,the bed,for his parents.,0.0,3.9587136666666667,5.47427,5.47427,10.763912,9.888113333333331,,,,,5.089534,9.867854999999999,8.296978,11.4529935,4.634071,8.387568,4.195405,5.440785000000001,8.5607043,7.801282
14,no,yes,2,-wh_gap,We all know,that,my neighbor said,her associate knew,,,,will assemble,the bed,for his parents.,0.0,3.9587136666666667,2.504345,2.504345,8.984233,10.028242666666666,8.284826,10.232751333333335,,,,,14.035858,15.200555000000001,3.286396,7.5032435,4.06662,5.953297666666667,9.038212857142856,8.142997529411765
14,no,no,2,-wh_no_gap,We all know,that,my neighbor said,her associate knew,,,the young professional,will assemble,the bed,for his parents.,0.0,3.9587136666666667,2.504345,2.504345,8.984233,10.028242666666666,8.284826,10.232751333333335,,,4.002738,9.838105666666667,8.772651,12.3948855,3.601373,7.9103460000000005,3.656273,5.463663666666666,8.6515771,8.083961950000003
14,yes,yes,2,+wh_gap,We all know,who,my neighbor said,her associate knew,,,,will assemble,the bed,for his parents.,0.0,3.9587136666666667,5.47427,5.47427,10.763912,9.888113333333331,10.719226,11.332766999999999,,,,,11.182251,13.598299,3.48063,7.8775065,4.236118,5.999239,8.707046857142856,8.350728235294119
14,yes,no,2,+wh_no_gap,We all know,who,my neighbor said,her associate knew,,,the young professional,will assemble,the bed,for his parents.,0.0,3.9587136666666667,5.47427,5.47427,10.763912,9.888113333333331,10.719226,11.332766999999999,,,4.941906,9.947713333333333,9.142366,12.2720295,3.348207,7.900413,3.859625,5.596077666666666,8.6976258,8.3994655
14,no,yes,3,-wh_gap,We all know,that,my neighbor said,her associate knew,a friend thinks,,,will assemble,the bed,for his parents.,0.0,3.9587136666666667,2.504345,2.504345,8.984233,10.028242666666666,8.284826,10.232751333333335,7.278629,9.709049333333333,,,13.558214,14.938696,3.934027,7.824368,3.932798,5.854502,9.012804857142857,8.3690125
14,no,no,3,-wh_no_gap,We all know,that,my neighbor said,her associate knew,a friend thinks,,the young professional,will assemble,the bed,for his parents.,0.0,3.9587136666666667,2.504345,2.504345,8.984233,10.028242666666666,8.284826,10.232751333333335,7.278629,9.709049333333333,4.354785,9.808164666666668,7.353885,11.419658,3.393961,7.826884,3.668048,5.542209666666667,8.454420700000002,8.210209695652173
14,yes,yes,3,+wh_gap,We all know,who,my neighbor said,her associate knew,a friend thinks,,,will assemble,the bed,for his parents.,0.0,3.9587136666666667,5.47427,5.47427,10.763912,9.888113333333331,10.719226,11.332766999999999,8.298916,9.959811,,,9.437078,12.683204,4.511338,8.093614,3.948477,5.8788116666666665,8.455724428571429,8.5041278
14,yes,no,3,+wh_no_gap,We all know,who,my neighbor said,her associate knew,a friend thinks,,the young professional,will assemble,the bed,for his parents.,0.0,3.9587136666666667,5.47427,5.47427,10.763912,9.888113333333331,10.719226,11.332766999999999,8.298916,9.959811,5.499289,9.992883,7.145533,11.340277,4.796027,8.252283499999999,4.01295,5.672502000000001,8.6181276,8.56842439130435
14,no,yes,4,-wh_gap,We all know,that,my neighbor said,her associate knew,a friend thinks,her sister believes,,will assemble,the bed,for his parents.,0.0,3.9587136666666667,2.504345,2.504345,8.984233,10.028242666666666,8.284826,10.232751333333335,7.278629,9.709049333333333,,,13.558214,14.938696,3.934027,7.824368,3.932798,5.854502,9.012804857142857,8.3690125
14,no,no,4,-wh_no_gap,We all know,that,my neighbor said,her associate knew,a friend thinks,her sister believes,the young professional,will assemble,the bed,for his parents.,0.0,3.9587136666666667,2.504345,2.504345,8.984233,10.028242666666666,8.284826,10.232751333333335,7.278629,9.709049333333333,4.354785,9.808164666666668,7.353885,11.419658,3.393961,7.826884,3.668048,5.542209666666667,8.454420700000002,8.210209695652173
14,yes,yes,4,+wh_gap,We all know,who,my neighbor said,her associate knew,a friend thinks,her sister believes,,will assemble,the bed,for his parents.,0.0,3.9587136666666667,5.47427,5.47427,10.763912,9.888113333333331,10.719226,11.332766999999999,8.298916,9.959811,,,9.437078,12.683204,4.511338,8.093614,3.948477,5.8788116666666665,8.455724428571429,8.5041278
14,yes,no,4,+wh_no_gap,We all know,who,my neighbor said,her associate knew,a friend thinks,her sister believes,the young professional,will assemble,the bed,for his parents.,0.0,3.9587136666666667,5.47427,5.47427,10.763912,9.888113333333331,10.719226,11.332766999999999,8.298916,9.959811,5.499289,9.992883,7.145533,11.340277,4.796027,8.252283499999999,4.01295,5.672502000000001,8.6181276,8.56842439130435
13,no,yes,0,-wh_gap,The novel revealed,that,,,,,,could say,something,to his donors.,0.0,9.676626333333333,1.524586,1.524586,,,,,,,,,15.68223,14.190076000000001,6.760993,6.760993,3.310497,8.847156666666667,10.280435833333334,9.223708000000002
13,no,no,0,-wh_no_gap,The novel revealed,that,,,,,the young politician,could say,something,to his donors.,0.0,9.676626333333333,1.524586,1.524586,,,,,,,1.822094,7.520285,6.724381,8.565333,7.007481,7.007481,2.76914,8.284972333333334,7.950435444444444,7.854491076923077
13,yes,yes,0,+wh_gap,The novel revealed,who,,,,,,could say,something,to his donors.,0.0,9.676626333333333,12.761129,12.761129,,,,,,,,,7.289225,8.692754,7.022056,7.022056,3.064458,8.682379,8.409116833333334,9.2245709
13,yes,no,0,+wh_no_gap,The novel revealed,who,,,,,the young politician,could say,something,to his donors.,0.0,9.676626333333333,12.761129,12.761129,,,,,,,6.569498,8.981645,5.715782,7.2753345,11.887667,11.887667,3.353772,8.385155666666666,8.726526444444444,9.25613430769231
13,no,yes,1,-wh_gap,The novel revealed,that,our friend thought,,,,,could say,something,to his donors.,0.0,9.676626333333333,1.524586,1.524586,13.163885,10.828148333333333,,,,,,,14.764804,12.050536000000001,5.361876,5.361876,3.283146,8.851181333333335,9.336082,9.158107846153847
13,no,no,1,-wh_no_gap,The novel revealed,that,our friend thought,,,,the young politician,could say,something,to his donors.,0.0,9.676626333333333,1.524586,1.524586,13.163885,10.828148333333333,,,,,2.94787,8.450162666666666,3.744725,6.673168,5.322081,5.322081,2.926226,8.425627,7.699531777777777,8.2709185
13,yes,yes,1,+wh_gap,The novel revealed,who,our friend thought,,,,,could say,something,to his donors.,0.0,9.676626333333333,12.761129,12.761129,15.727907,10.726213000000001,,,,,,,8.841977,9.3988125,6.321665,6.321665,3.738181,9.139582666666668,8.756339666666667,9.731360384615384
13,yes,no,1,+wh_no_gap,The novel revealed,who,our friend thought,,,,the young politician,could say,something,to his donors.,0.0,9.676626333333333,12.761129,12.761129,15.727907,10.726213000000001,,,,,4.100929,8.916469666666666,4.536609,6.531563,9.73791,9.73791,3.283094,8.492724333333333,8.33651311111111,9.3123915625
13,no,yes,2,-wh_gap,The novel revealed,that,our friend thought,the reporter knows,,,,could say,something,to his donors.,0.0,9.676626333333333,1.524586,1.524586,13.163885,10.828148333333333,2.94787,9.083240666666667,,,,,15.14086,12.4200375,4.267827,4.267827,3.370314,9.00475,9.353692,9.150674
13,no,no,2,-wh_no_gap,The novel revealed,that,our friend thought,the reporter knows,,,the young politician,could say,something,to his donors.,0.0,9.676626333333333,1.524586,1.524586,13.163885,10.828148333333333,2.94787,9.083240666666667,,,3.978675,10.082313333333333,5.963355,7.077532,4.798237,4.798237,3.268062,8.929467333333333,8.443182555555556,8.751435526315788
13,yes,yes,2,+wh_gap,The novel revealed,who,our friend thought,the reporter knows,,,,could say,something,to his donors.,0.0,9.676626333333333,12.761129,12.761129,15.727907,10.726213000000001,4.100929,9.659001666666667,,,,,9.355362,9.690389,6.716825,6.716825,3.486431,8.901720333333332,8.800460666666666,9.7343385
13,yes,no,2,+wh_no_gap,The novel revealed,who,our friend thought,the reporter knows,,,the young politician,could say,something,to his donors.,0.0,9.676626333333333,12.761129,12.761129,15.727907,10.726213000000001,4.100929,9.659001666666667,,,4.961331,9.765210333333334,6.707752,7.2887875,10.291869,10.291869,3.539954,8.802279,8.952434666666667,9.658871789473684
13,no,yes,3,-wh_gap,The novel revealed,that,our friend thought,the reporter knows,her contact said,,,could say,something,to his donors.,0.0,9.676626333333333,1.524586,1.524586,13.163885,10.828148333333333,2.94787,9.083240666666667,7.9779,11.007276,,,13.984021,11.875138,5.101938,5.101938,3.461868,9.244971666666666,9.431188166666667,9.468294157894736
13,no,no,3,-wh_no_gap,The novel revealed,that,our friend thought,the reporter knows,her contact said,,the young politician,could say,something,to his donors.,0.0,9.676626333333333,1.524586,1.524586,13.163885,10.828148333333333,2.94787,9.083240666666667,7.9779,11.007276,3.999801,9.022712666666665,4.936422,6.8394045000000006,5.492171,5.492171,3.087048,8.981527333333334,8.131522222222221,8.931552727272729
13,yes,yes,3,+wh_gap,The novel revealed,who,our friend thought,the reporter knows,her contact said,,,could say,something,to his donors.,0.0,9.676626333333333,12.761129,12.761129,15.727907,10.726213000000001,4.100929,9.659001666666667,8.791026,11.522804666666667,,,11.082617,10.467225,5.967231,5.967231,3.481226,9.171355666666667,9.069291333333332,10.101621789473683
13,yes,no,3,+wh_no_gap,The novel revealed,who,our friend thought,the reporter knows,her contact said,,the young politician,could say,something,to his donors.,0.0,9.676626333333333,12.761129,12.761129,15.727907,10.726213000000001,4.100929,9.659001666666667,8.791026,11.522804666666667,5.450929,9.132050666666666,5.938254,6.861319,9.572915,9.572915,3.380979,8.811548,8.569594333333335,9.756427954545453
13,no,yes,4,-wh_gap,The novel revealed,that,our friend thought,the reporter knows,her contact said,his friend saw,,could say,something,to his donors.,0.0,9.676626333333333,1.524586,1.524586,13.163885,10.828148333333333,2.94787,9.083240666666667,7.9779,11.007276,,,13.984021,11.875138,5.101938,5.101938,3.461868,9.244971666666666,9.431188166666667,9.468294157894736
13,no,no,4,-wh_no_gap,The novel revealed,that,our friend thought,the reporter knows,her contact said,his friend saw,the young politician,could say,something,to his donors.,0.0,9.676626333333333,1.524586,1.524586,13.163885,10.828148333333333,2.94787,9.083240666666667,7.9779,11.007276,3.999801,9.022712666666665,4.936422,6.8394045000000006,5.492171,5.492171,3.087048,8.981527333333334,8.131522222222221,8.931552727272729
13,yes,yes,4,+wh_gap,The novel revealed,who,our friend thought,the reporter knows,her contact said,his friend saw,,could say,something,to his donors.,0.0,9.676626333333333,12.761129,12.761129,15.727907,10.726213000000001,4.100929,9.659001666666667,8.791026,11.522804666666667,,,11.082617,10.467225,5.967231,5.967231,3.481226,9.171355666666667,9.069291333333332,10.101621789473683
13,yes,no,4,+wh_no_gap,The novel revealed,who,our friend thought,the reporter knows,her contact said,his friend saw,the young politician,could say,something,to his donors.,0.0,9.676626333333333,12.761129,12.761129,15.727907,10.726213000000001,4.100929,9.659001666666667,8.791026,11.522804666666667,5.450929,9.132050666666666,5.938254,6.861319,9.572915,9.572915,3.380979,8.811548,8.569594333333335,9.756427954545453
12,no,yes,0,-wh_gap,I realized,that,,,,,,should see,a painting,at the museum.,0.0,5.351895,0.826327,0.826327,,,,,,,,,12.458223,11.798267500000001,3.763758,7.358257,5.589268,4.199161,7.272933142857143,6.2440649
12,no,no,0,-wh_no_gap,I realized,that,,,,,the suffering artist,should see,a painting,at the museum.,0.0,5.351895,0.826327,0.826327,,,,,,,2.072847,10.949962,5.68684,7.3436605,3.684268,6.6548055,5.740043,4.144200666666666,7.327942,6.523810538461539
12,yes,yes,0,+wh_gap,I realized,who,,,,,,should see,a painting,at the museum.,0.0,5.351895,8.910713,8.910713,,,,,,,,,7.035548,6.901135,4.291946,7.182332499999999,5.30807,3.9298669999999998,5.708076571428571,5.9571039
12,yes,no,0,+wh_no_gap,I realized,who,,,,,the suffering artist,should see,a painting,at the museum.,0.0,5.351895,8.910713,8.910713,,,,,,,6.23978,12.737748333333334,5.466401,6.5194455,7.934244,9.278627,6.588343,4.557427333333333,8.348167200000002,7.9304749999999995
12,no,yes,1,-wh_gap,I realized,that,the painter believed,,,,,should see,a painting,at the museum.,0.0,5.351895,0.826327,0.826327,2.072847,9.096522,,,,,,,13.265459,11.79471,3.806833,5.024953,5.650575,4.12794,6.574735142857143,6.526371461538461
12,no,no,1,-wh_no_gap,I realized,that,the painter believed,,,,the suffering artist,should see,a painting,at the museum.,0.0,5.351895,0.826327,0.826327,2.072847,9.096522,,,,,2.938065,10.238313333333334,3.379593,6.2066514999999995,3.613148,5.1536954999999995,5.90447,4.052169666666667,6.559214299999999,6.525739125
12,yes,yes,1,+wh_gap,I realized,who,the painter believed,,,,,should see,a painting,at the museum.,0.0,5.351895,8.910713,8.910713,6.23978,9.811804,,,,,,,8.661845,9.4875905,4.468915,5.5078125,5.534555,4.031408333333333,6.012147285714286,7.01038046153846
12,yes,no,1,+wh_no_gap,I realized,who,the painter believed,,,,the suffering artist,should see,a painting,at the museum.,0.0,5.351895,8.910713,8.910713,6.23978,9.811804,,,,,5.022815,11.573417333333333,4.434534,6.231738999999999,7.9203,7.946245,6.654684,4.365717666666666,7.617337300000001,7.8264555
12,no,yes,2,-wh_gap,I realized,that,the painter believed,his rival suspected,,,,should see,a painting,at the museum.,0.0,5.351895,0.826327,0.826327,2.072847,9.096522,6.598816,12.087742,,,,,11.458789,10.878760499999999,3.585948,5.5723605,5.645061,4.103170666666667,6.458822,7.518416437499999
12,no,no,2,-wh_no_gap,I realized,that,the painter believed,his rival suspected,,,the suffering artist,should see,a painting,at the museum.,0.0,5.351895,0.826327,0.826327,2.072847,9.096522,6.598816,12.087742,,,3.388716,11.017516666666666,4.282905,6.851953,3.872325,5.2210825,5.505571,3.915962333333333,6.894650799999999,7.580495631578947
12,yes,yes,2,+wh_gap,I realized,who,the painter believed,his rival suspected,,,,should see,a painting,at the museum.,0.0,5.351895,8.910713,8.910713,6.23978,9.811804,8.449496,13.114746333333335,,,,,7.789176,9.8340595,4.166018,5.830725,5.745229,4.074445,6.221843428571428,8.246691125
12,yes,no,2,+wh_no_gap,I realized,who,the painter believed,his rival suspected,,,the suffering artist,should see,a painting,at the museum.,0.0,5.351895,8.910713,8.910713,6.23978,9.811804,8.449496,13.114746333333335,,,5.84727,11.946835333333333,4.704005,6.8539825,5.909,6.610063,5.881259,4.010707,7.4800718,8.589203789473682
12,no,yes,3,-wh_gap,I realized,that,the painter believed,his rival suspected,the man said,,,should see,a painting,at the museum.,0.0,5.351895,0.826327,0.826327,2.072847,9.096522,6.598816,12.087742,3.388716,7.6430180000000005,,,9.86966,9.4625315,3.981712,5.147295,5.381466,4.080546666666667,5.923041857142858,7.340697684210526
12,no,no,3,-wh_no_gap,I realized,that,the painter believed,his rival suspected,the man said,,the suffering artist,should see,a painting,at the museum.,0.0,5.351895,0.826327,0.826327,2.072847,9.096522,6.598816,12.087742,3.388716,7.6430180000000005,5.288538,12.150325666666667,4.448913,6.788026,4.144729,5.470682,5.627144,3.9588906666666666,7.284506500000002,7.766228545454546
12,yes,yes,3,+wh_gap,I realized,who,the painter believed,his rival suspected,the man said,,,should see,a painting,at the museum.,0.0,5.351895,8.910713,8.910713,6.23978,9.811804,8.449496,13.114746333333335,5.84727,8.335420666666666,,,10.003718,9.4496185,4.181322,5.457577499999999,5.369753,3.913114333333334,5.936247857142858,8.155481631578947
12,yes,no,3,+wh_no_gap,I realized,who,the painter believed,his rival suspected,the man said,,the suffering artist,should see,a painting,at the museum.,0.0,5.351895,8.910713,8.910713,6.23978,9.811804,8.449496,13.114746333333335,5.84727,8.335420666666666,5.528698,12.167886666666666,4.73134,6.7853165,4.163994,5.5923169999999995,5.513651,3.731172666666667,7.2452445,8.447857318181816
12,no,yes,4,-wh_gap,I realized,that,the painter believed,his rival suspected,the man said,his friend recalls,,should see,a painting,at the museum.,0.0,5.351895,0.826327,0.826327,2.072847,9.096522,6.598816,12.087742,3.388716,7.6430180000000005,,,9.86966,9.4625315,3.981712,5.147295,5.381466,4.080546666666667,5.923041857142858,7.340697684210526
12,no,no,4,-wh_no_gap,I realized,that,the painter believed,his rival suspected,the man said,his friend recalls,the suffering artist,should see,a painting,at the museum.,0.0,5.351895,0.826327,0.826327,2.072847,9.096522,6.598816,12.087742,3.388716,7.6430180000000005,5.288538,12.150325666666667,4.448913,6.788026,4.144729,5.470682,5.627144,3.9588906666666666,7.284506500000002,7.766228545454546
12,yes,yes,4,+wh_gap,I realized,who,the painter believed,his rival suspected,the man said,his friend recalls,,should see,a painting,at the museum.,0.0,5.351895,8.910713,8.910713,6.23978,9.811804,8.449496,13.114746333333335,5.84727,8.335420666666666,,,10.003718,9.4496185,4.181322,5.457577499999999,5.369753,3.913114333333334,5.936247857142858,8.155481631578947
12,yes,no,4,+wh_no_gap,I realized,who,the painter believed,his rival suspected,the man said,his friend recalls,the suffering artist,should see,a painting,at the museum.,0.0,5.351895,8.910713,8.910713,6.23978,9.811804,8.449496,13.114746333333335,5.84727,8.335420666666666,5.528698,12.167886666666666,4.73134,6.7853165,4.163994,5.5923169999999995,5.513651,3.731172666666667,7.2452445,8.447857318181816
11,no,yes,0,-wh_gap,Her friend found out,that,,,,,,could tell,a story,to the guests.,0.0,7.6412130000000005,1.181744,1.181744,,,,,,,,,15.434698,12.362296,5.547753,3.739048,4.502498,5.8431663333333335,7.104598142857143,6.789898583333333
11,no,no,0,-wh_no_gap,Her friend found out,that,,,,,the visitor,could tell,a story,to the guests.,0.0,7.6412130000000005,1.181744,1.181744,,,,,,,2.945984,8.5301495,5.442613,6.7199504999999995,5.204675,3.4186389999999998,4.169043,5.644704666666667,6.030176888888889,6.144156285714287
11,yes,yes,0,+wh_gap,Her friend found out,who,,,,,,could tell,a story,to the guests.,0.0,7.6412130000000005,6.631674,6.631674,,,,,,,,,7.358453,7.374313,5.953115,4.035361,4.545805,5.796729,5.744219285714286,6.450505083333334
11,yes,no,0,+wh_no_gap,Her friend found out,who,,,,,the visitor,could tell,a story,to the guests.,0.0,7.6412130000000005,6.631674,6.631674,,,,,,,5.499523,8.867562,5.853024,6.467205,6.132751,4.847504,5.731667,6.631182,6.695343111111111,6.961043857142857
11,no,yes,1,-wh_gap,Her friend found out,that,my friend believed,,,,,could tell,a story,to the guests.,0.0,7.6412130000000005,1.181744,1.181744,15.545675,10.564467666666667,,,,,,,15.550943,12.3303285,5.035302,3.4554555,4.584468,6.137176,7.140442285714286,7.561539666666666
11,no,no,1,-wh_no_gap,Her friend found out,that,my friend believed,,,,the visitor,could tell,a story,to the guests.,0.0,7.6412130000000005,1.181744,1.181744,15.545675,10.564467666666667,,,,,3.784048,9.2504665,5.018515,6.2481575,4.999867,3.274187,4.688376,6.031228333333334,6.182145222222222,7.004665058823529
11,yes,yes,1,+wh_gap,Her friend found out,who,my friend believed,,,,,could tell,a story,to the guests.,0.0,7.6412130000000005,6.631674,6.631674,16.700027,10.358350999999999,,,,,,,8.60816,8.831758,5.591096,3.768038,4.631542,6.117187666666666,6.221593571428572,7.454848933333334
11,yes,no,1,+wh_no_gap,Her friend found out,who,my friend believed,,,,the visitor,could tell,a story,to the guests.,0.0,7.6412130000000005,6.631674,6.631674,16.700027,10.358350999999999,,,,,4.029392,9.0660205,5.015143,6.2223745,5.447733,4.2154595,5.374022,6.516860333333334,6.506476666666667,7.460580529411764
11,no,yes,2,-wh_gap,Her friend found out,that,my friend believed,the professor said,,,,could tell,a story,to the guests.,0.0,7.6412130000000005,1.181744,1.181744,15.545675,10.564467666666667,3.784048,10.373491333333332,,,,,12.793692,10.491657499999999,5.232558,3.5503910000000003,4.629062,6.175140666666667,6.6585027142857145,7.842777333333332
11,no,no,2,-wh_no_gap,Her friend found out,that,my friend believed,the professor said,,,the visitor,could tell,a story,to the guests.,0.0,7.6412130000000005,1.181744,1.181744,15.545675,10.564467666666667,3.784048,10.373491333333332,,,3.914557,9.2011865,5.187756,6.3324525000000005,5.321959,3.420556,4.652048,5.872272333333332,6.169467444444444,7.504284
11,yes,yes,2,+wh_gap,Her friend found out,who,my friend believed,the professor said,,,,could tell,a story,to the guests.,0.0,7.6412130000000005,6.631674,6.631674,16.700027,10.358350999999999,4.029392,9.789117666666668,,,,,7.873658,8.7228085,5.479057,3.7225395,4.63589,6.30921,6.259760857142857,7.858736555555557
11,yes,no,2,+wh_no_gap,Her friend found out,who,my friend believed,the professor said,,,the visitor,could tell,a story,to the guests.,0.0,7.6412130000000005,6.631674,6.631674,16.700027,10.358350999999999,4.029392,9.789117666666668,,,6.136935,9.691287,5.685344,6.3015335,5.564602,3.7268895,4.541701,5.941913,6.362795444444444,7.7452045499999995
11,no,yes,3,-wh_gap,Her friend found out,that,my friend believed,the professor said,his colleague noticed,,,could tell,a story,to the guests.,0.0,7.6412130000000005,1.181744,1.181744,15.545675,10.564467666666667,3.784048,10.373491333333332,7.45132,10.254088333333334,,,13.505412,11.139202000000001,5.426821,3.7017415000000002,4.854221,6.2450123333333325,6.916703428571429,8.273317238095236
11,no,no,3,-wh_no_gap,Her friend found out,that,my friend believed,the professor said,his colleague noticed,,the visitor,could tell,a story,to the guests.,0.0,7.6412130000000005,1.181744,1.181744,15.545675,10.564467666666667,3.784048,10.373491333333332,7.45132,10.254088333333334,3.10602,9.4564565,8.391384,7.922445,5.712755,3.7174924999999996,4.84948,5.997652666666667,6.687305111111111,8.065586260869564
11,yes,yes,3,+wh_gap,Her friend found out,who,my friend believed,the professor said,his colleague noticed,,,could tell,a story,to the guests.,0.0,7.6412130000000005,6.631674,6.631674,16.700027,10.358350999999999,4.029392,9.789117666666668,10.071459,10.476494333333333,,,12.350993,10.7280215,5.386737,3.6639015,4.900909,6.274789666666667,6.8011735714285715,8.413172857142857
11,yes,no,3,+wh_no_gap,Her friend found out,who,my friend believed,the professor said,his colleague noticed,,the visitor,could tell,a story,to the guests.,0.0,7.6412130000000005,6.631674,6.631674,16.700027,10.358350999999999,4.029392,9.789117666666668,10.071459,10.476494333333333,3.138299,9.3498235,8.398443,7.962967000000001,5.601045,3.637796,4.865687,6.029226,6.665427888888889,8.219881130434782
11,no,yes,4,-wh_gap,Her friend found out,that,my friend believed,the professor said,his colleague noticed,their students recalled,,could tell,a story,to the guests.,0.0,7.6412130000000005,1.181744,1.181744,15.545675,10.564467666666667,3.784048,10.373491333333332,7.45132,10.254088333333334,,,13.505412,11.139202000000001,5.426821,3.7017415000000002,4.854221,6.2450123333333325,6.916703428571429,8.273317238095236
11,no,no,4,-wh_no_gap,Her friend found out,that,my friend believed,the professor said,his colleague noticed,their students recalled,the visitor,could tell,a story,to the guests.,0.0,7.6412130000000005,1.181744,1.181744,15.545675,10.564467666666667,3.784048,10.373491333333332,7.45132,10.254088333333334,3.10602,9.4564565,8.391384,7.922445,5.712755,3.7174924999999996,4.84948,5.997652666666667,6.687305111111111,8.065586260869564
11,yes,yes,4,+wh_gap,Her friend found out,who,my friend believed,the professor said,his colleague noticed,their students recalled,,could tell,a story,to the guests.,0.0,7.6412130000000005,6.631674,6.631674,16.700027,10.358350999999999,4.029392,9.789117666666668,10.071459,10.476494333333333,,,12.350993,10.7280215,5.386737,3.6639015,4.900909,6.274789666666667,6.8011735714285715,8.413172857142857
11,yes,no,4,+wh_no_gap,Her friend found out,who,my friend believed,the professor said,his colleague noticed,their students recalled,the visitor,could tell,a story,to the guests.,0.0,7.6412130000000005,6.631674,6.631674,16.700027,10.358350999999999,4.029392,9.789117666666668,10.071459,10.476494333333333,3.138299,9.3498235,8.398443,7.962967000000001,5.601045,3.637796,4.865687,6.029226,6.665427888888889,8.219881130434782
10,no,yes,0,-wh_gap,The newspaper reported,that,,,,,,might sell,a car,to his friend.,0.0,7.739525333333333,0.656248,0.656248,,,,,,,,,17.832266,14.429079000000002,3.309888,5.363363,2.039817,4.640871,7.643928142857143,7.034756454545455
10,no,no,0,-wh_no_gap,The newspaper reported,that,,,,,the boss,might sell,a car,to his friend.,0.0,7.739525333333333,0.656248,0.656248,,,,,,,2.181931,8.5026685,9.977668,9.9521705,3.664465,4.907881,1.964907,4.137519,6.570888555555555,6.385601615384615
10,yes,yes,0,+wh_gap,The newspaper reported,who,,,,,,might sell,a car,to his friend.,0.0,7.739525333333333,12.852704,12.852704,,,,,,,,,10.680171,9.778894999999999,4.132186,5.342218,1.848367,4.1179,6.085132285714286,7.15156418181818
10,yes,no,0,+wh_no_gap,The newspaper reported,who,,,,,the boss,might sell,a car,to his friend.,0.0,7.739525333333333,12.852704,12.852704,,,,,,,7.61484,10.875838,8.961037,9.277179499999999,3.75691,5.0332035,2.406268,4.0331616666666665,6.941325222222222,7.580246692307693
10,no,yes,1,-wh_gap,The newspaper reported,that,the investigator thought,,,,,might sell,a car,to his friend.,0.0,7.739525333333333,0.656248,0.656248,2.181931,8.963975333333334,,,,,,,15.024883,13.478752,3.19682,5.776524,2.438598,4.483533333333334,7.423021714285713,7.337707285714285
10,no,no,1,-wh_no_gap,The newspaper reported,that,the investigator thought,,,,the boss,might sell,a car,to his friend.,0.0,7.739525333333333,0.656248,0.656248,2.181931,8.963975333333334,,,,,3.220821,8.922973,6.67565,8.5554995,3.693243,4.877637,2.084094,4.042323333333333,6.315465444444445,6.7253711875
10,yes,yes,1,+wh_gap,The newspaper reported,who,the investigator thought,,,,,might sell,a car,to his friend.,0.0,7.739525333333333,12.852704,12.852704,7.61484,9.878204666666667,,,,,,,9.246187,10.065425000000001,3.327846,5.587145,2.709967,4.385439333333333,6.351636857142857,7.869096571428573
10,yes,no,1,+wh_no_gap,The newspaper reported,who,the investigator thought,,,,the boss,might sell,a car,to his friend.,0.0,7.739525333333333,12.852704,12.852704,7.61484,9.878204666666667,,,,,4.261078,9.4093215,6.634007,8.7550265,4.365268,5.634849,2.463887,4.018641,6.628257444444444,7.8350131874999995
10,no,yes,2,-wh_gap,The newspaper reported,that,the investigator thought,the businessman believed,,,,might sell,a car,to his friend.,0.0,7.739525333333333,0.656248,0.656248,2.181931,8.963975333333334,3.220821,9.883071666666666,,,,,10.430847,10.462925,3.413471,5.400521,2.753028,4.367428,6.404167999999999,7.367361235294118
10,no,no,2,-wh_no_gap,The newspaper reported,that,the investigator thought,the businessman believed,,,the boss,might sell,a car,to his friend.,0.0,7.739525333333333,0.656248,0.656248,2.181931,8.963975333333334,3.220821,9.883071666666666,,,3.432453,8.603762,6.773081,8.2120575,3.505042,4.872662,2.343715,4.046746,6.168577888888889,7.154377157894737
10,yes,yes,2,+wh_gap,The newspaper reported,who,the investigator thought,the businessman believed,,,,might sell,a car,to his friend.,0.0,7.739525333333333,12.852704,12.852704,7.61484,9.878204666666667,4.261078,9.836822666666668,,,,,7.105397,8.307513499999999,3.875193,5.4315835,3.040476,4.440614333333333,5.828576714285714,8.000964647058824
10,yes,no,2,+wh_no_gap,The newspaper reported,who,the investigator thought,the businessman believed,,,the boss,might sell,a car,to his friend.,0.0,7.739525333333333,12.852704,12.852704,7.61484,9.878204666666667,4.261078,9.836822666666668,,,5.220109,9.3727165,7.409276,8.359411,3.564382,4.6160105,2.396715,4.040748,6.313168888888888,8.001835894736843
10,no,yes,3,-wh_gap,The newspaper reported,that,the investigator thought,the businessman believed,the banker said,,,might sell,a car,to his friend.,0.0,7.739525333333333,0.656248,0.656248,2.181931,8.963975333333334,3.220821,9.883071666666666,3.432453,9.735665,,,11.875848,10.466954999999999,3.375596,5.4322,2.779645,4.052472000000001,6.279389428571429,7.678934299999999
10,no,no,3,-wh_no_gap,The newspaper reported,that,the investigator thought,the businessman believed,the banker said,,the boss,might sell,a car,to his friend.,0.0,7.739525333333333,0.656248,0.656248,2.181931,8.963975333333334,3.220821,9.883071666666666,3.432453,9.735665,3.896652,8.0074655,6.608665,7.649215,3.703862,4.942686,2.32931,3.9495583333333335,5.8941564444444445,7.394107636363635
10,yes,yes,3,+wh_gap,The newspaper reported,who,the investigator thought,the businessman believed,the banker said,,,might sell,a car,to his friend.,0.0,7.739525333333333,12.852704,12.852704,7.61484,9.878204666666667,4.261078,9.836822666666668,5.220109,9.980001,,,11.490099,10.3402265,3.387354,5.2364275,2.871999,4.133086666666667,6.221795428571428,8.43544665
10,yes,no,3,+wh_no_gap,The newspaper reported,who,the investigator thought,the businessman believed,the banker said,,the boss,might sell,a car,to his friend.,0.0,7.739525333333333,12.852704,12.852704,7.61484,9.878204666666667,4.261078,9.836822666666668,5.220109,9.980001,3.916698,8.1269755,7.085204,7.816343,3.686937,4.7898375,2.413883,4.001219333333334,5.941107777777778,8.119378863636364
10,no,yes,4,-wh_gap,The newspaper reported,that,the investigator thought,the businessman believed,the banker said,his friend believes,,might sell,a car,to his friend.,0.0,7.739525333333333,0.656248,0.656248,2.181931,8.963975333333334,3.220821,9.883071666666666,3.432453,9.735665,,,11.875848,10.466954999999999,3.375596,5.4322,2.779645,4.052472000000001,6.279389428571429,7.678934299999999
10,no,no,4,-wh_no_gap,The newspaper reported,that,the investigator thought,the businessman believed,the banker said,his friend believes,the boss,might sell,a car,to his friend.,0.0,7.739525333333333,0.656248,0.656248,2.181931,8.963975333333334,3.220821,9.883071666666666,3.432453,9.735665,3.896652,8.0074655,6.608665,7.649215,3.703862,4.942686,2.32931,3.9495583333333335,5.8941564444444445,7.394107636363635
10,yes,yes,4,+wh_gap,The newspaper reported,who,the investigator thought,the businessman believed,the banker said,his friend believes,,might sell,a car,to his friend.,0.0,7.739525333333333,12.852704,12.852704,7.61484,9.878204666666667,4.261078,9.836822666666668,5.220109,9.980001,,,11.490099,10.3402265,3.387354,5.2364275,2.871999,4.133086666666667,6.221795428571428,8.43544665
10,yes,no,4,+wh_no_gap,The newspaper reported,who,the investigator thought,the businessman believed,the banker said,his friend believes,the boss,might sell,a car,to his friend.,0.0,7.739525333333333,12.852704,12.852704,7.61484,9.878204666666667,4.261078,9.836822666666668,5.220109,9.980001,3.916698,8.1269755,7.085204,7.816343,3.686937,4.7898375,2.413883,4.001219333333334,5.941107777777778,8.119378863636364
9,no,yes,0,-wh_gap,I know,that,,,,,,will promise,a raise,to the factory workers.,0.0,3.139138,2.352433,2.352433,,,,,,,,,11.602566,13.347883,5.039351,8.884381999999999,3.762251,6.69239275,8.904262625,7.260437272727272
9,no,no,0,-wh_no_gap,I know,that,,,,,the business man,will promise,a raise,to the factory workers.,0.0,3.139138,2.352433,2.352433,,,,,,,2.35511,7.517878666666667,6.008791,9.4077745,5.223748,8.135333,3.338242,6.5346340000000005,7.616217000000001,6.600649714285715
9,yes,yes,0,+wh_gap,I know,who,,,,,,will promise,a raise,to the factory workers.,0.0,3.139138,6.580016,6.580016,,,,,,,,,5.949539,10.590129000000001,5.883046,9.069543,3.706385,6.87044575,8.350140875000001,7.241765363636364
9,yes,no,0,+wh_no_gap,I know,who,,,,,the business man,will promise,a raise,to the factory workers.,0.0,3.139138,6.580016,6.580016,,,,,,,5.056487,8.280080666666667,5.716359,9.630995,8.639197,10.812595,4.132166,6.9101870000000005,8.488015454545454,7.587604428571427
9,no,yes,1,-wh_gap,I know,that,the secretary said,,,,,will promise,a raise,to the factory workers.,0.0,3.139138,2.352433,2.352433,2.35511,8.990954666666667,,,,,,,13.068644,13.5971755,5.093509,8.518473,3.193942,6.21723,8.637527125,7.478842142857144
9,no,no,1,-wh_no_gap,I know,that,the secretary said,,,,the business man,will promise,a raise,to the factory workers.,0.0,3.139138,2.352433,2.352433,2.35511,8.990954666666667,,,,,3.099807,8.048378,6.801747,9.707075,5.143149,8.0546165,3.151761,6.21794325,7.685480909090909,7.06728605882353
9,yes,yes,1,+wh_gap,I know,who,the secretary said,,,,,will promise,a raise,to the factory workers.,0.0,3.139138,6.580016,6.580016,5.056487,9.069706666666667,,,,,,,8.027019,10.8074845,6.002673,9.052249,3.656805,6.4166085,8.173237624999999,7.532379499999999
9,yes,no,1,+wh_no_gap,I know,who,the secretary said,,,,the business man,will promise,a raise,to the factory workers.,0.0,3.139138,6.580016,6.580016,5.056487,9.069706666666667,,,,,5.207767,8.268801333333334,7.040956,9.8037955,8.207,10.197816,4.051654,6.61083225,8.29572327272727,7.724727529411765
9,no,yes,2,-wh_gap,I know,that,the secretary said,the journalist remarked,,,,will promise,a raise,to the factory workers.,0.0,3.139138,2.352433,2.352433,2.35511,8.990954666666667,3.099807,9.266897333333333,,,,,16.54425,15.330925500000001,5.502434,8.785328,3.367554,6.478930750000001,9.26852875,8.091323235294118
9,no,no,2,-wh_no_gap,I know,that,the secretary said,the journalist remarked,,,the business man,will promise,a raise,to the factory workers.,0.0,3.139138,2.352433,2.352433,2.35511,8.990954666666667,3.099807,9.266897333333333,,,5.833444,9.902047,8.005137,10.164856499999999,5.044709,8.0692885,3.093243,6.395607,8.341532636363636,7.758056199999997
9,yes,yes,2,+wh_gap,I know,who,the secretary said,the journalist remarked,,,,will promise,a raise,to the factory workers.,0.0,3.139138,6.580016,6.580016,5.056487,9.069706666666667,5.207767,9.550180666666668,,,,,10.628487,12.753538500000001,6.192603,9.2394695,3.734007,6.63484725,8.815675625,8.190785823529414
9,yes,no,2,+wh_no_gap,I know,who,the secretary said,the journalist remarked,,,the business man,will promise,a raise,to the factory workers.,0.0,3.139138,6.580016,6.580016,5.056487,9.069706666666667,5.207767,9.550180666666668,,,7.478208,10.115938,8.83968,10.714013999999999,8.280279,10.2278275,3.864928,6.633062750000001,8.978522545454545,8.3740851
9,no,yes,3,-wh_gap,I know,that,the secretary said,the journalist remarked,the workers said,,,will promise,a raise,to the factory workers.,0.0,3.139138,2.352433,2.352433,2.35511,8.990954666666667,3.099807,9.266897333333333,5.833444,9.682399333333334,,,12.822698,13.622386,5.710068,8.381076,3.174671,5.1652635,8.08349725,7.855972050000001
9,no,no,3,-wh_no_gap,I know,that,the secretary said,the journalist remarked,the workers said,,the business man,will promise,a raise,to the factory workers.,0.0,3.139138,2.352433,2.352433,2.35511,8.990954666666667,3.099807,9.266897333333333,5.833444,9.682399333333334,4.153834,8.560054333333333,8.328156,10.608108,5.177918,7.8343985,3.006113,5.456254250000001,7.671835727272728,7.688767652173915
9,yes,yes,3,+wh_gap,I know,who,the secretary said,the journalist remarked,the workers said,,,will promise,a raise,to the factory workers.,0.0,3.139138,6.580016,6.580016,5.056487,9.069706666666667,5.207767,9.550180666666668,7.478208,9.718396666666665,,,10.32685,12.367842,5.939767,8.5331075,3.500135,5.24953775,7.85000625,8.033659700000001
9,yes,no,3,+wh_no_gap,I know,who,the secretary said,the journalist remarked,the workers said,,the business man,will promise,a raise,to the factory workers.,0.0,3.139138,6.580016,6.580016,5.056487,9.069706666666667,5.207767,9.550180666666668,7.478208,9.718396666666665,5.447581,8.787276,8.110473,10.4718995,5.182456,7.807777,3.15088,5.463732,7.706919000000002,7.941271869565217
9,no,yes,4,-wh_gap,I know,that,the secretary said,the journalist remarked,the workers said,their representatives think,,will promise,a raise,to the factory workers.,0.0,3.139138,2.352433,2.352433,2.35511,8.990954666666667,3.099807,9.266897333333333,5.833444,9.682399333333334,,,12.822698,13.622386,5.710068,8.381076,3.174671,5.1652635,8.08349725,7.855972050000001
9,no,no,4,-wh_no_gap,I know,that,the secretary said,the journalist remarked,the workers said,their representatives think,the business man,will promise,a raise,to the factory workers.,0.0,3.139138,2.352433,2.352433,2.35511,8.990954666666667,3.099807,9.266897333333333,5.833444,9.682399333333334,4.153834,8.560054333333333,8.328156,10.608108,5.177918,7.8343985,3.006113,5.456254250000001,7.671835727272728,7.688767652173915
9,yes,yes,4,+wh_gap,I know,who,the secretary said,the journalist remarked,the workers said,their representatives think,,will promise,a raise,to the factory workers.,0.0,3.139138,6.580016,6.580016,5.056487,9.069706666666667,5.207767,9.550180666666668,7.478208,9.718396666666665,,,10.32685,12.367842,5.939767,8.5331075,3.500135,5.24953775,7.85000625,8.033659700000001
9,yes,no,4,+wh_no_gap,I know,who,the secretary said,the journalist remarked,the workers said,their representatives think,the business man,will promise,a raise,to the factory workers.,0.0,3.139138,6.580016,6.580016,5.056487,9.069706666666667,5.207767,9.550180666666668,7.478208,9.718396666666665,5.447581,8.787276,8.110473,10.4718995,5.182456,7.807777,3.15088,5.463732,7.706919000000002,7.941271869565217
8,no,yes,0,-wh_gap,We all know,that,,,,,,might repay,his debt,to the criminal kingpin.,0.0,3.9587136666666667,2.504345,2.504345,,,,,,,,,15.086949,15.821667,5.334903,4.012248,3.231211,6.2129615,8.064959499999999,6.5750135
8,no,no,0,-wh_no_gap,We all know,that,,,,,the investor,might repay,his debt,to the criminal kingpin.,0.0,3.9587136666666667,2.504345,2.504345,,,,,,,2.179744,9.3199325,6.934701,8.5721935,4.754913,3.1546345000000002,2.426674,6.297168750000001,6.7282196,5.833048714285715
8,yes,yes,0,+wh_gap,We all know,who,,,,,,might repay,his debt,to the criminal kingpin.,0.0,3.9587136666666667,5.47427,5.47427,,,,,,,,,8.751089,11.3943505,5.161717,3.890267,3.339616,6.277152500000001,6.959730625,6.085688
8,yes,no,0,+wh_no_gap,We all know,who,,,,,the investor,might repay,his debt,to the criminal kingpin.,0.0,3.9587136666666667,5.47427,5.47427,,,,,,,4.627324,9.9794075,7.069634,9.0612285,6.985023,4.781046,3.397517,6.28963825,7.2801917000000005,6.439452
8,no,yes,1,-wh_gap,We all know,that,the accountant said,,,,,might repay,his debt,to the criminal kingpin.,0.0,3.9587136666666667,2.504345,2.504345,2.179744,9.982578333333333,,,,,,,16.142563,14.549474,4.128948,3.230518,3.143653,6.165780249999999,7.5278881250000005,6.970088399999999
8,no,no,1,-wh_no_gap,We all know,that,the accountant said,,,,the investor,might repay,his debt,to the criminal kingpin.,0.0,3.9587136666666667,2.504345,2.504345,2.179744,9.982578333333333,,,,,3.256596,7.9376865,6.779129,8.3476975,4.688807,3.2033069999999997,2.635845,6.32191425,6.4265039,6.387838823529412
8,yes,yes,1,+wh_gap,We all know,who,the accountant said,,,,,might repay,his debt,to the criminal kingpin.,0.0,3.9587136666666667,5.47427,5.47427,4.627324,10.130551666666667,,,,,,,10.694132,12.371586,4.588135,3.5291425,3.798559,6.18996075,7.0701625,6.953557733333333
8,yes,no,1,+wh_no_gap,We all know,who,the accountant said,,,,the investor,might repay,his debt,to the criminal kingpin.,0.0,3.9587136666666667,5.47427,5.47427,4.627324,10.130551666666667,,,,,5.101439,8.9573395,6.796335,8.37665,6.55259,4.274573,3.05459,6.23673925,6.816408200000001,6.818008705882352
8,no,yes,2,-wh_gap,We all know,that,the accountant said,his colleague recalled,,,,might repay,his debt,to the criminal kingpin.,0.0,3.9587136666666667,2.504345,2.504345,2.179744,9.982578333333333,7.736331,10.633357,,,,,16.759146,15.5456045,2.244244,2.8454965000000003,2.982168,6.1887705,7.6921605,7.65364311111111
8,no,no,2,-wh_no_gap,We all know,that,the accountant said,his colleague recalled,,,the investor,might repay,his debt,to the criminal kingpin.,0.0,3.9587136666666667,2.504345,2.504345,2.179744,9.982578333333333,7.736331,10.633357,,,3.100209,9.5198175,12.49506,11.3921205,3.281156,2.558755,2.615913,6.379031749999999,7.245751299999999,7.434290250000001
8,yes,yes,2,+wh_gap,We all know,who,the accountant said,his colleague recalled,,,,might repay,his debt,to the criminal kingpin.,0.0,3.9587136666666667,5.47427,5.47427,4.627324,10.130551666666667,10.204853,11.556631333333334,,,,,14.011092,14.160499,2.500157,2.661273,3.240636,6.20570075,7.308293375,7.826572611111112
8,yes,no,2,+wh_no_gap,We all know,who,the accountant said,his colleague recalled,,,the investor,might repay,his debt,to the criminal kingpin.,0.0,3.9587136666666667,5.47427,5.47427,4.627324,10.130551666666667,10.204853,11.556631333333334,,,3.836047,9.854533,13.188942,11.584919,3.388129,2.587737,2.646603,6.3275435,7.3364552000000005,7.7888256
8,no,yes,3,-wh_gap,We all know,that,the accountant said,his colleague recalled,the partners knew,,,might repay,his debt,to the criminal kingpin.,0.0,3.9587136666666667,2.504345,2.504345,2.179744,9.982578333333333,7.736331,10.633357,3.100209,10.86401,,,16.845524,15.7078645,3.631032,3.582829,3.60227,6.311481,7.978413875,8.221315857142859
8,no,no,3,-wh_no_gap,We all know,that,the accountant said,his colleague recalled,the partners knew,,the investor,might repay,his debt,to the criminal kingpin.,0.0,3.9587136666666667,2.504345,2.504345,2.179744,9.982578333333333,7.736331,10.633357,3.100209,10.86401,3.822991,9.119192,7.038451,9.011979,3.721087,2.9036505,2.902639,6.42486625,6.7769108000000005,7.677801304347828
8,yes,yes,3,+wh_gap,We all know,who,the accountant said,his colleague recalled,the partners knew,,,might repay,his debt,to the criminal kingpin.,0.0,3.9587136666666667,5.47427,5.47427,4.627324,10.130551666666667,10.204853,11.556631333333334,3.836047,11.263505,,,15.843076,15.064993000000001,3.522219,3.3110245000000003,3.546606,6.276661750000001,7.732335250000001,8.479102714285712
8,yes,no,3,+wh_no_gap,We all know,who,the accountant said,his colleague recalled,the partners knew,,the investor,might repay,his debt,to the criminal kingpin.,0.0,3.9587136666666667,5.47427,5.47427,4.627324,10.130551666666667,10.204853,11.556631333333334,3.836047,11.263505,3.743216,8.8916675,6.895227,8.732413000000001,3.644288,2.8235545,2.92456,6.39288425,6.6466807,7.9421426956521755
8,no,yes,4,-wh_gap,We all know,that,the accountant said,his colleague recalled,the partners knew,their accountant suspects,,might repay,his debt,to the criminal kingpin.,0.0,3.9587136666666667,2.504345,2.504345,2.179744,9.982578333333333,7.736331,10.633357,3.100209,10.86401,,,16.845524,15.7078645,3.631032,3.582829,3.60227,6.311481,7.978413875,8.221315857142859
8,no,no,4,-wh_no_gap,We all know,that,the accountant said,his colleague recalled,the partners knew,their accountant suspects,the investor,might repay,his debt,to the criminal kingpin.,0.0,3.9587136666666667,2.504345,2.504345,2.179744,9.982578333333333,7.736331,10.633357,3.100209,10.86401,3.822991,9.119192,7.038451,9.011979,3.721087,2.9036505,2.902639,6.42486625,6.7769108000000005,7.677801304347828
8,yes,yes,4,+wh_gap,We all know,who,the accountant said,his colleague recalled,the partners knew,their accountant suspects,,might repay,his debt,to the criminal kingpin.,0.0,3.9587136666666667,5.47427,5.47427,4.627324,10.130551666666667,10.204853,11.556631333333334,3.836047,11.263505,,,15.843076,15.064993000000001,3.522219,3.3110245000000003,3.546606,6.276661750000001,7.732335250000001,8.479102714285712
8,yes,no,4,+wh_no_gap,We all know,who,the accountant said,his colleague recalled,the partners knew,their accountant suspects,the investor,might repay,his debt,to the criminal kingpin.,0.0,3.9587136666666667,5.47427,5.47427,4.627324,10.130551666666667,10.204853,11.556631333333334,3.836047,11.263505,3.743216,8.8916675,6.895227,8.732413000000001,3.644288,2.8235545,2.92456,6.39288425,6.6466807,7.9421426956521755
7,no,yes,0,-wh_gap,The commissioner discovered,that,,,,,,will lend,some money,to the man.,0.0,11.395968000000002,0.868925,0.868925,,,,,,,,,15.971877,14.796260499999999,6.178342,5.0313675,0.432964,3.8363289999999997,7.309177571428571,7.838279272727274
7,no,no,0,-wh_no_gap,The commissioner discovered,that,,,,,the police detective,will lend,some money,to the man.,0.0,11.395968000000002,0.868925,0.868925,,,,,,,1.555484,6.932338666666666,9.731221,12.115375,6.568335,5.23369,0.558811,3.4431109999999996,6.5824479,7.205807714285716
7,yes,yes,0,+wh_gap,The commissioner discovered,who,,,,,,will lend,some money,to the man.,0.0,11.395968000000002,11.326447,11.326447,,,,,,,,,9.614457,10.5640025,6.63975,4.995900000000001,0.600023,4.052252,6.182365857142857,8.07190109090909
7,yes,no,0,+wh_no_gap,The commissioner discovered,who,,,,,the police detective,will lend,some money,to the man.,0.0,11.395968000000002,11.326447,11.326447,,,,,,,6.924204,7.750056999999999,9.286865,11.6351215,9.284822,7.174697,1.126282,4.191344333333333,7.344384100000001,8.497013714285716
7,no,yes,1,-wh_gap,The commissioner discovered,that,the report stated,,,,,will lend,some money,to the man.,0.0,11.395968000000002,0.868925,0.868925,1.555484,6.778175999999999,,,,,,,15.416292,14.2425685,6.037584,5.247235,0.634049,4.434456333333333,7.468996571428571,7.691023785714285
7,no,no,1,-wh_no_gap,The commissioner discovered,that,the report stated,,,,the police detective,will lend,some money,to the man.,0.0,11.395968000000002,0.868925,0.868925,1.555484,6.778175999999999,,,,,4.739332,8.504762666666666,8.173834,11.3027745,6.29132,5.2217495,0.624043,3.688611,6.962916900000001,7.354148588235295
7,yes,yes,1,+wh_gap,The commissioner discovered,who,the report stated,,,,,will lend,some money,to the man.,0.0,11.395968000000002,11.326447,11.326447,6.924204,8.234258333333333,,,,,,,9.564126,11.622135,6.214365,5.298176,0.64481,4.238974666666667,6.651078,8.341047999999999
7,yes,no,1,+wh_no_gap,The commissioner discovered,who,the report stated,,,,the police detective,will lend,some money,to the man.,0.0,11.395968000000002,11.326447,11.326447,6.924204,8.234258333333333,,,,,6.358732,8.926743666666667,8.366458,11.2187475,7.058471,5.805163,0.771869,3.7211856666666665,7.1991609,8.365219705882353
7,no,yes,2,-wh_gap,The commissioner discovered,that,the report stated,the television host thought,,,,will lend,some money,to the man.,0.0,11.395968000000002,0.868925,0.868925,1.555484,6.778175999999999,4.739332,9.3759955,,,,,14.188479,14.1279755,6.179501,5.4572590000000005,0.436113,4.322572999999999,7.448312571428571,8.057418166666665
7,no,no,2,-wh_no_gap,The commissioner discovered,that,the report stated,the television host thought,,,the police detective,will lend,some money,to the man.,0.0,11.395968000000002,0.868925,0.868925,1.555484,6.778175999999999,4.739332,9.3759955,,,3.49297,7.994135,8.128568,11.404185,6.467082,5.336513,0.716319,3.630449666666667,6.835515000000001,7.678594714285715
7,yes,yes,2,+wh_gap,The commissioner discovered,who,the report stated,the television host thought,,,,will lend,some money,to the man.,0.0,11.395968000000002,11.326447,11.326447,6.924204,8.234258333333333,6.358732,9.8783655,,,,,10.861288,12.6602345,6.634257,5.8692095,0.58086,4.2759203333333335,7.126664142857144,8.867624277777779
7,yes,no,2,+wh_no_gap,The commissioner discovered,who,the report stated,the television host thought,,,the police detective,will lend,some money,to the man.,0.0,11.395968000000002,11.326447,11.326447,6.924204,8.234258333333333,6.358732,9.8783655,,,4.23647,7.994347,7.917202,11.2258525,6.827231,5.5561015000000005,0.7684,3.6389410000000004,6.846377200000001,8.485445714285717
7,no,yes,3,-wh_gap,The commissioner discovered,that,the report stated,the television host thought,the man reported,,,will lend,some money,to the man.,0.0,11.395968000000002,0.868925,0.868925,1.555484,6.778175999999999,4.739332,9.3759955,3.49297,8.806113666666667,,,11.156965,12.7720485,6.231349,4.8555495,0.454293,3.709432,6.626213142857144,7.890341523809523
7,no,no,3,-wh_no_gap,The commissioner discovered,that,the report stated,the television host thought,the man reported,,the police detective,will lend,some money,to the man.,0.0,11.395968000000002,0.868925,0.868925,1.555484,6.778175999999999,4.739332,9.3759955,3.49297,8.806113666666667,4.456336,8.476556,9.572036,11.9989495,6.839251,5.675477,0.695806,3.6103853333333333,7.1609677000000005,7.955139875
7,yes,yes,3,+wh_gap,The commissioner discovered,who,the report stated,the television host thought,the man reported,,,will lend,some money,to the man.,0.0,11.395968000000002,11.326447,11.326447,6.924204,8.234258333333333,6.358732,9.8783655,4.23647,8.955306333333334,,,10.836867,12.539213499999999,6.529002,4.975873,0.497907,3.688137666666666,6.584940857142856,8.699575857142856
7,yes,no,3,+wh_no_gap,The commissioner discovered,who,the report stated,the television host thought,the man reported,,the police detective,will lend,some money,to the man.,0.0,11.395968000000002,11.326447,11.326447,6.924204,8.234258333333333,6.358732,9.8783655,4.23647,8.955306333333334,3.974386,8.136807,9.497702,11.922762500000001,7.008379,5.772930499999999,0.695757,3.5590916666666668,7.0479082,8.628149541666668
7,no,yes,4,-wh_gap,The commissioner discovered,that,the report stated,the television host thought,the man reported,the lawyer said,,will lend,some money,to the man.,0.0,11.395968000000002,0.868925,0.868925,1.555484,6.778175999999999,4.739332,9.3759955,3.49297,8.806113666666667,,,11.156965,12.7720485,6.231349,4.8555495,0.454293,3.709432,6.626213142857144,7.890341523809523
7,no,no,4,-wh_no_gap,The commissioner discovered,that,the report stated,the television host thought,the man reported,the lawyer said,the police detective,will lend,some money,to the man.,0.0,11.395968000000002,0.868925,0.868925,1.555484,6.778175999999999,4.739332,9.3759955,3.49297,8.806113666666667,4.456336,8.476556,9.572036,11.9989495,6.839251,5.675477,0.695806,3.6103853333333333,7.1609677000000005,7.955139875
7,yes,yes,4,+wh_gap,The commissioner discovered,who,the report stated,the television host thought,the man reported,the lawyer said,,will lend,some money,to the man.,0.0,11.395968000000002,11.326447,11.326447,6.924204,8.234258333333333,6.358732,9.8783655,4.23647,8.955306333333334,,,10.836867,12.539213499999999,6.529002,4.975873,0.497907,3.688137666666666,6.584940857142856,8.699575857142856
7,yes,no,4,+wh_no_gap,The commissioner discovered,who,the report stated,the television host thought,the man reported,the lawyer said,the police detective,will lend,some money,to the man.,0.0,11.395968000000002,11.326447,11.326447,6.924204,8.234258333333333,6.358732,9.8783655,4.23647,8.955306333333334,3.974386,8.136807,9.497702,11.922762500000001,7.008379,5.772930499999999,0.695757,3.5590916666666668,7.0479082,8.628149541666668
6,no,yes,0,-wh_gap,My friend knows,that,,,,,,should hand,an award,for her mother.,0.0,8.347377333333332,1.831162,1.831162,,,,,,,,,13.328754,13.8602195,9.104126,9.660922500000002,4.646589,6.337211000000001,9.436273857142856,8.447928272727273
6,no,no,0,-wh_no_gap,My friend knows,that,,,,,the successful architect,should hand,an award,for her mother.,0.0,8.347377333333332,1.831162,1.831162,,,,,,,2.275285,9.866140666666666,6.577512,9.726144999999999,8.774567,9.456223,4.487485,7.094889666666667,8.9247827,8.294365785714286
6,yes,yes,0,+wh_gap,My friend knows,who,,,,,,should hand,an award,for her mother.,0.0,8.347377333333332,6.097061,6.097061,,,,,,,,,8.18084,10.105336999999999,8.529709,8.7193365,4.271142,6.089941333333333,7.988453,7.914396727272727
6,yes,no,0,+wh_no_gap,My friend knows,who,,,,,the successful architect,should hand,an award,for her mother.,0.0,8.347377333333332,6.097061,6.097061,,,,,,,4.484732,10.363531666666667,6.049447,10.1238055,11.189067,10.505863999999999,4.115439,6.6065406666666675,9.2169556,8.807767785714285
6,no,yes,1,-wh_gap,My friend knows,that,the judge thought,,,,,should hand,an award,for her mother.,0.0,8.347377333333332,1.831162,1.831162,2.275285,8.188941999999999,,,,,,,15.474809,14.8244805,8.345967,8.5805015,3.852175,6.00527,9.26082485714286,8.304706714285713
6,no,no,1,-wh_no_gap,My friend knows,that,the judge thought,,,,the successful architect,should hand,an award,for her mother.,0.0,8.347377333333332,1.831162,1.831162,2.275285,8.188941999999999,,,,,2.699936,11.068971333333332,4.335774,8.6539795,8.670524,9.292221000000001,4.473589,7.033709333333333,9.020044299999999,8.331797823529413
6,yes,yes,1,+wh_gap,My friend knows,who,the judge thought,,,,,should hand,an award,for her mother.,0.0,8.347377333333332,6.097061,6.097061,4.484732,8.702219,,,,,,,8.983703,12.2563615,7.752509,8.293333,4.190921,6.245933333333333,8.548169857142856,8.363074214285716
6,yes,no,1,+wh_no_gap,My friend knows,who,the judge thought,,,,the successful architect,should hand,an award,for her mother.,0.0,8.347377333333332,6.097061,6.097061,4.484732,8.702219,,,,,4.328627,11.637532,5.424354,9.59111,9.807348,9.739372,4.181441,6.746972333333335,9.381447699999999,8.885901588235294
6,no,yes,2,-wh_gap,My friend knows,that,the judge thought,the cop said,,,,should hand,an award,for her mother.,0.0,8.347377333333332,1.831162,1.831162,2.275285,8.188941999999999,2.699936,9.353716333333333,,,,,11.212499,12.911351499999999,7.99437,8.7606395,4.103858,6.449334,8.955997714285713,8.364309
6,no,no,2,-wh_no_gap,My friend knows,that,the judge thought,the cop said,,,the successful architect,should hand,an award,for her mother.,0.0,8.347377333333332,1.831162,1.831162,2.275285,8.188941999999999,2.699936,9.353716333333333,,,3.857514,11.920394333333334,4.547795,8.769538,8.626397,9.457741500000001,4.58846,7.1088499999999994,9.3542292,8.65217805
6,yes,yes,2,+wh_gap,My friend knows,who,the judge thought,the cop said,,,,should hand,an award,for her mother.,0.0,8.347377333333332,6.097061,6.097061,4.484732,8.702219,4.328627,9.053696,,,,,9.234479,11.900580999999999,7.899524,8.7745155,4.331082,6.553514333333333,8.715819428571429,8.553980823529415
6,yes,no,2,+wh_no_gap,My friend knows,who,the judge thought,the cop said,,,the successful architect,should hand,an award,for her mother.,0.0,8.347377333333332,6.097061,6.097061,4.484732,8.702219,4.328627,9.053696,,,5.212819,12.304977666666666,5.742368,9.443885,8.91241,9.6302425,4.281542,7.001208666666666,9.606681400000001,9.023687599999999
6,no,yes,3,-wh_gap,My friend knows,that,the judge thought,the cop said,the man testified,,,should hand,an award,for her mother.,0.0,8.347377333333332,1.831162,1.831162,2.275285,8.188941999999999,2.699936,9.353716333333333,3.857514,7.194283000000001,,,14.16871,13.422912,8.087176,9.2156965,4.150949,6.384153,9.204239428571428,8.2756897
6,no,no,3,-wh_no_gap,My friend knows,that,the judge thought,the cop said,the man testified,,the successful architect,should hand,an award,for her mother.,0.0,8.347377333333332,1.831162,1.831162,2.275285,8.188941999999999,2.699936,9.353716333333333,3.857514,7.194283000000001,6.507895,13.645253666666667,5.631019,8.463344,8.832485,9.6061055,4.5837,6.984325666666667,9.802763700000003,8.657032826086956
6,yes,yes,3,+wh_gap,My friend knows,who,the judge thought,the cop said,the man testified,,,should hand,an award,for her mother.,0.0,8.347377333333332,6.097061,6.097061,4.484732,8.702219,4.328627,9.053696,5.212819,7.4485313333333325,,,14.064675,13.2681355,7.582631,8.8910065,4.393381,6.543738,9.135642571428571,8.5351015
6,yes,no,3,+wh_no_gap,My friend knows,who,the judge thought,the cop said,the man testified,,the successful architect,should hand,an award,for her mother.,0.0,8.347377333333332,6.097061,6.097061,4.484732,8.702219,4.328627,9.053696,5.212819,7.4485313333333325,8.190894,14.052233666666666,7.227989,9.6006845,8.902658,9.759906,4.518365,6.957554000000001,10.1750544,9.065351130434781
6,no,yes,4,-wh_gap,My friend knows,that,the judge thought,the cop said,the man testified,his friend reported,,should hand,an award,for her mother.,0.0,8.347377333333332,1.831162,1.831162,2.275285,8.188941999999999,2.699936,9.353716333333333,3.857514,7.194283000000001,,,14.16871,13.422912,8.087176,9.2156965,4.150949,6.384153,9.204239428571428,8.2756897
6,no,no,4,-wh_no_gap,My friend knows,that,the judge thought,the cop said,the man testified,his friend reported,the successful architect,should hand,an award,for her mother.,0.0,8.347377333333332,1.831162,1.831162,2.275285,8.188941999999999,2.699936,9.353716333333333,3.857514,7.194283000000001,6.507895,13.645253666666667,5.631019,8.463344,8.832485,9.6061055,4.5837,6.984325666666667,9.802763700000003,8.657032826086956
6,yes,yes,4,+wh_gap,My friend knows,who,the judge thought,the cop said,the man testified,his friend reported,,should hand,an award,for her mother.,0.0,8.347377333333332,6.097061,6.097061,4.484732,8.702219,4.328627,9.053696,5.212819,7.4485313333333325,,,14.064675,13.2681355,7.582631,8.8910065,4.393381,6.543738,9.135642571428571,8.5351015
6,yes,no,4,+wh_no_gap,My friend knows,who,the judge thought,the cop said,the man testified,his friend reported,the successful architect,should hand,an award,for her mother.,0.0,8.347377333333332,6.097061,6.097061,4.484732,8.702219,4.328627,9.053696,5.212819,7.4485313333333325,8.190894,14.052233666666666,7.227989,9.6006845,8.902658,9.759906,4.518365,6.957554000000001,10.1750544,9.065351130434781
5,no,yes,0,-wh_gap,The neighbors found out,that,,,,,,did buy,a gift,for her parents.,0.0,8.491631250000001,1.608931,1.608931,,,,,,,,,12.222164,12.6515485,3.027676,7.107449,3.354309,6.051569333333333,8.238957571428571,7.7706799166666665
5,no,no,0,-wh_no_gap,The neighbors found out,that,,,,,the young woman,did buy,a gift,for her parents.,0.0,8.491631250000001,1.608931,1.608931,,,,,,,1.905013,5.1628713333333325,5.778242,10.402117,2.467031,6.064392,3.028904,4.470674,6.1833654000000005,6.493940666666666
5,yes,yes,0,+wh_gap,The neighbors found out,who,,,,,,did buy,a gift,for her parents.,0.0,8.491631250000001,6.983115,6.983115,,,,,,,,,5.126803,8.392555999999999,3.481759,7.1899805,3.575395,6.183317333333332,7.102146428571428,7.555388750000001
5,yes,no,0,+wh_no_gap,The neighbors found out,who,,,,,the young woman,did buy,a gift,for her parents.,0.0,8.491631250000001,6.983115,6.983115,,,,,,,5.591197,6.796470333333333,5.768422,11.426849,4.009608,6.3323135,3.500882,4.468527,6.931331700000001,7.350863799999999
5,no,yes,1,-wh_gap,The neighbors found out,that,her mother heard,,,,,did buy,a gift,for her parents.,0.0,8.491631250000001,1.608931,1.608931,7.417572,7.324732,,,,,,,16.828608,15.548176,3.350839,6.298578,3.308637,4.525129333333333,8.181270857142856,7.654569866666667
5,no,no,1,-wh_no_gap,The neighbors found out,that,her mother heard,,,,the young woman,did buy,a gift,for her parents.,0.0,8.491631250000001,1.608931,1.608931,7.417572,7.324732,,,,,3.073617,5.027170333333333,10.353303,12.478759,2.876953,5.8400490000000005,3.461575,4.3295520000000005,6.470778300000001,6.792079722222223
5,yes,yes,1,+wh_gap,The neighbors found out,who,her mother heard,,,,,did buy,a gift,for her parents.,0.0,8.491631250000001,6.983115,6.983115,11.259278,7.580280999999999,,,,,,,9.554114,12.455210000000001,4.446139,6.9270935,3.585749,4.733499,7.566443428571428,7.777039133333334
5,yes,no,1,+wh_no_gap,The neighbors found out,who,her mother heard,,,,the young woman,did buy,a gift,for her parents.,0.0,8.491631250000001,6.983115,6.983115,11.259278,7.580280999999999,,,,,4.60104,5.429279,7.538985,11.975944,3.918741,6.0803525,3.616316,4.413131333333333,6.563982399999999,7.185017055555554
5,no,yes,2,-wh_gap,The neighbors found out,that,her mother heard,the newspaper reported,,,,did buy,a gift,for her parents.,0.0,8.491631250000001,1.608931,1.608931,7.417572,7.324732,3.073617,7.406152333333334,,,,,18.155602,15.540275,2.58709,6.55379,3.829506,4.8171,8.377061428571428,7.689307722222223
5,no,no,2,-wh_no_gap,The neighbors found out,that,her mother heard,the newspaper reported,,,the young woman,did buy,a gift,for her parents.,0.0,8.491631250000001,1.608931,1.608931,7.417572,7.324732,3.073617,7.406152333333334,,,4.929319,6.118017333333333,8.052447,11.364697,2.485485,6.2439415,3.478106,4.427387333333333,6.685349100000001,6.981980952380953
5,yes,yes,2,+wh_gap,The neighbors found out,who,her mother heard,the newspaper reported,,,,did buy,a gift,for her parents.,0.0,8.491631250000001,6.983115,6.983115,11.259278,7.580280999999999,4.60104,7.728685333333334,,,,,11.715626,12.6805235,3.148129,6.7164395,3.73056,5.044681,7.703995571428571,7.822472666666666
5,yes,no,2,+wh_no_gap,The neighbors found out,who,her mother heard,the newspaper reported,,,the young woman,did buy,a gift,for her parents.,0.0,8.491631250000001,6.983115,6.983115,11.259278,7.580280999999999,4.60104,7.728685333333334,,,7.226742,6.770859000000001,7.001426,11.2659465,2.81883,6.1163935,3.416107,4.535354,6.868331899999999,7.407612285714285
5,no,yes,3,-wh_gap,The neighbors found out,that,her mother heard,the newspaper reported,the mayor said,,,did buy,a gift,for her parents.,0.0,8.491631250000001,1.608931,1.608931,7.417572,7.324732,3.073617,7.406152333333334,4.929319,8.775132666666666,,,13.231488,13.7174165,2.568793,6.586486,3.734583,4.948748666666667,7.922007285714286,7.692740857142856
5,no,no,3,-wh_no_gap,The neighbors found out,that,her mother heard,the newspaper reported,the mayor said,,the young woman,did buy,a gift,for her parents.,0.0,8.491631250000001,1.608931,1.608931,7.417572,7.324732,3.073617,7.406152333333334,4.929319,8.775132666666666,4.965578,5.710377333333334,6.050302,10.631466,2.351599,6.162791,3.40626,4.524155333333334,6.4292112,7.0994007916666675
5,yes,yes,3,+wh_gap,The neighbors found out,who,her mother heard,the newspaper reported,the mayor said,,,did buy,a gift,for her parents.,0.0,8.491631250000001,6.983115,6.983115,11.259278,7.580280999999999,4.60104,7.728685333333334,7.226742,9.564806666666668,,,9.239215,11.676636,2.662282,6.447271499999999,3.653706,5.185192666666667,7.400484714285715,7.970207238095237
5,yes,no,3,+wh_no_gap,The neighbors found out,who,her mother heard,the newspaper reported,the mayor said,,the young woman,did buy,a gift,for her parents.,0.0,8.491631250000001,6.983115,6.983115,11.259278,7.580280999999999,4.60104,7.728685333333334,7.226742,9.564806666666668,5.382035,5.734275,6.194201,10.656312,2.421159,6.0988485,3.363588,4.603075,6.4522371,7.503888750000001
5,no,yes,4,-wh_gap,The neighbors found out,that,her mother heard,the newspaper reported,the mayor said,his assistant saw,,did buy,a gift,for her parents.,0.0,8.491631250000001,1.608931,1.608931,7.417572,7.324732,3.073617,7.406152333333334,4.929319,8.775132666666666,,,13.231488,13.7174165,2.568793,6.586486,3.734583,4.948748666666667,7.922007285714286,7.692740857142856
5,no,no,4,-wh_no_gap,The neighbors found out,that,her mother heard,the newspaper reported,the mayor said,his assistant saw,the young woman,did buy,a gift,for her parents.,0.0,8.491631250000001,1.608931,1.608931,7.417572,7.324732,3.073617,7.406152333333334,4.929319,8.775132666666666,4.965578,5.710377333333334,6.050302,10.631466,2.351599,6.162791,3.40626,4.524155333333334,6.4292112,7.0994007916666675
5,yes,yes,4,+wh_gap,The neighbors found out,who,her mother heard,the newspaper reported,the mayor said,his assistant saw,,did buy,a gift,for her parents.,0.0,8.491631250000001,6.983115,6.983115,11.259278,7.580280999999999,4.60104,7.728685333333334,7.226742,9.564806666666668,,,9.239215,11.676636,2.662282,6.447271499999999,3.653706,5.185192666666667,7.400484714285715,7.970207238095237
5,yes,no,4,+wh_no_gap,The neighbors found out,who,her mother heard,the newspaper reported,the mayor said,his assistant saw,the young woman,did buy,a gift,for her parents.,0.0,8.491631250000001,6.983115,6.983115,11.259278,7.580280999999999,4.60104,7.728685333333334,7.226742,9.564806666666668,5.382035,5.734275,6.194201,10.656312,2.421159,6.0988485,3.363588,4.603075,6.4522371,7.503888750000001
4,no,yes,0,-wh_gap,We discovered,that,,,,,,did tell,a story,about the woman.,0.0,6.268896,1.756949,1.756949,,,,,,,,,14.156196,14.7772235,5.49085,4.199422,2.402227,4.745609,7.455731142857144,6.6484859
4,no,no,0,-wh_no_gap,We discovered,that,,,,,the funny actor,did tell,a story,about the woman.,0.0,6.268896,1.756949,1.756949,,,,,,,1.860101,11.125857000000002,6.734056,9.8700665,4.696275,3.1572785,2.15784,4.682029333333333,7.3478349,6.751776153846153
4,yes,yes,0,+wh_gap,We discovered,who,,,,,,did tell,a story,about the woman.,0.0,6.268896,10.118311,10.118311,,,,,,,,,5.739111,9.3341425,4.885136,3.1585925,2.414504,4.747621,5.604047571428572,6.1884436
4,yes,no,0,+wh_no_gap,We discovered,who,,,,,the funny actor,did tell,a story,about the woman.,0.0,6.268896,10.118311,10.118311,,,,,,,6.893994,12.333924999999999,6.376052,9.655081,5.677906,4.0678185,2.381464,4.777913666666667,7.878131499999999,7.802878307692307
4,no,yes,1,-wh_gap,We discovered,that,the delivery boy remarked,,,,,did tell,a story,about the woman.,0.0,6.268896,1.756949,1.756949,1.860101,11.31046375,,,,,,,15.335672,14.1189025,4.601857,3.327305,1.882561,4.461813333333333,6.8968364285714285,7.701032214285715
4,no,no,1,-wh_no_gap,We discovered,that,the delivery boy remarked,,,,the funny actor,did tell,a story,about the woman.,0.0,6.268896,1.756949,1.756949,1.860101,11.31046375,,,,,5.388022,10.662949,6.727767,9.653781500000001,4.814471,3.153579,2.065961,4.5720893333333334,7.1319836,7.697437176470587
4,yes,yes,1,+wh_gap,We discovered,who,the delivery boy remarked,,,,,did tell,a story,about the woman.,0.0,6.268896,10.118311,10.118311,6.893994,12.0904795,,,,,,,9.112987,11.138138999999999,5.21095,3.689127,2.177426,4.625299333333333,6.218632857142857,8.182032214285716
4,yes,no,1,+wh_no_gap,We discovered,who,the delivery boy remarked,,,,the funny actor,did tell,a story,about the woman.,0.0,6.268896,10.118311,10.118311,6.893994,12.0904795,,,,,6.466647,11.228055666666668,7.250126,10.3906965,5.863332,4.268798,2.214032,4.7515643333333335,7.725784899999999,8.72211
4,no,yes,2,-wh_gap,We discovered,that,the delivery boy remarked,the worker said,,,,did tell,a story,about the woman.,0.0,6.268896,1.756949,1.756949,1.860101,11.31046375,5.388022,9.956627,,,,,9.977015,11.687826000000001,4.614155,3.3591135000000003,2.079586,4.428744,6.197158714285714,7.810975764705882
4,no,no,2,-wh_no_gap,We discovered,that,the delivery boy remarked,the worker said,,,the funny actor,did tell,a story,about the woman.,0.0,6.268896,1.756949,1.756949,1.860101,11.31046375,5.388022,9.956627,,,4.252443,10.905985666666666,6.179602,9.708835,4.91256,3.2820765,2.162826,4.499229000000001,7.2197467,8.080197199999999
4,yes,yes,2,+wh_gap,We discovered,who,the delivery boy remarked,the worker said,,,,did tell,a story,about the woman.,0.0,6.268896,10.118311,10.118311,6.893994,12.0904795,6.466647,10.323259333333333,,,,,8.436332,11.077412500000001,5.101219,3.5953145,2.280923,4.597839666666666,6.16271042857143,8.53686894117647
4,yes,no,2,+wh_no_gap,We discovered,who,the delivery boy remarked,the worker said,,,the funny actor,did tell,a story,about the woman.,0.0,6.268896,10.118311,10.118311,6.893994,12.0904795,6.466647,10.323259333333333,,,6.103292,11.693148333333333,6.279557,9.7976315,5.608963,3.8900485,2.310539,4.696701333333333,7.654490900000001,8.9266354
4,no,yes,3,-wh_gap,We discovered,that,the delivery boy remarked,the worker said,the gardener knew,,,did tell,a story,about the woman.,0.0,6.268896,1.756949,1.756949,1.860101,11.31046375,5.388022,9.956627,4.252443,8.933485,,,14.542476,13.8258945,5.086197,3.6544085,1.672382,4.1364003333333335,6.767115285714285,8.17883695
4,no,no,3,-wh_no_gap,We discovered,that,the delivery boy remarked,the worker said,the gardener knew,,the funny actor,did tell,a story,about the woman.,0.0,6.268896,1.756949,1.756949,1.860101,11.31046375,5.388022,9.956627,4.252443,8.933485,3.729409,10.845519666666666,9.088381,11.1858585,5.396,3.753812,2.347239,4.468101333333333,7.582020399999999,8.349005913043477
4,yes,yes,3,+wh_gap,We discovered,who,the delivery boy remarked,the worker said,the gardener knew,,,did tell,a story,about the woman.,0.0,6.268896,10.118311,10.118311,6.893994,12.0904795,6.466647,10.323259333333333,6.103292,9.653753,,,9.357665,11.575706,5.711992,3.9229615000000004,2.027694,4.363287333333333,6.298171000000001,8.751812749999997
4,yes,no,3,+wh_no_gap,We discovered,who,the delivery boy remarked,the worker said,the gardener knew,,the funny actor,did tell,a story,about the woman.,0.0,6.268896,10.118311,10.118311,6.893994,12.0904795,6.466647,10.323259333333333,6.103292,9.653753,6.41191,11.999583333333334,8.294045,11.4602915,6.366453,4.770294,2.227879,4.572612,8.2177757,9.266383260869567
4,no,yes,4,-wh_gap,We discovered,that,the delivery boy remarked,the worker said,the gardener knew,the maid remembers,,did tell,a story,about the woman.,0.0,6.268896,1.756949,1.756949,1.860101,11.31046375,5.388022,9.956627,4.252443,8.933485,,,14.542476,13.8258945,5.086197,3.6544085,1.672382,4.1364003333333335,6.767115285714285,8.17883695
4,no,no,4,-wh_no_gap,We discovered,that,the delivery boy remarked,the worker said,the gardener knew,the maid remembers,the funny actor,did tell,a story,about the woman.,0.0,6.268896,1.756949,1.756949,1.860101,11.31046375,5.388022,9.956627,4.252443,8.933485,3.729409,10.845519666666666,9.088381,11.1858585,5.396,3.753812,2.347239,4.468101333333333,7.582020399999999,8.349005913043477
4,yes,yes,4,+wh_gap,We discovered,who,the delivery boy remarked,the worker said,the gardener knew,the maid remembers,,did tell,a story,about the woman.,0.0,6.268896,10.118311,10.118311,6.893994,12.0904795,6.466647,10.323259333333333,6.103292,9.653753,,,9.357665,11.575706,5.711992,3.9229615000000004,2.027694,4.363287333333333,6.298171000000001,8.751812749999997
4,yes,no,4,+wh_no_gap,We discovered,who,the delivery boy remarked,the worker said,the gardener knew,the maid remembers,the funny actor,did tell,a story,about the woman.,0.0,6.268896,10.118311,10.118311,6.893994,12.0904795,6.466647,10.323259333333333,6.103292,9.653753,6.41191,11.999583333333334,8.294045,11.4602915,6.366453,4.770294,2.227879,4.572612,8.2177757,9.266383260869567
3,no,yes,0,-wh_gap,The assistant told me,that,,,,,,will send,the package,to his family.,0.0,9.333513,1.373172,1.373172,,,,,,,,,14.292865,12.5370095,2.908799,7.6486395,1.929356,4.208716333333333,7.571063857142856,7.642055916666667
3,no,no,0,-wh_no_gap,The assistant told me,that,,,,,the pilot,will send,the package,to his family.,0.0,9.333513,1.373172,1.373172,,,,,,,2.547316,6.9553495000000005,6.196125,7.560021,2.735529,6.6687565,1.993007,4.365692333333333,6.162814555555555,6.726611071428572
3,yes,yes,0,+wh_gap,The assistant told me,who,,,,,,will send,the package,to his family.,0.0,9.333513,8.871985,8.871985,,,,,,,,,7.671026,8.208025000000001,3.08446,7.099743,2.055445,4.336157666666668,6.232001285714287,7.485837166666666
3,yes,no,0,+wh_no_gap,The assistant told me,who,,,,,the pilot,will send,the package,to his family.,0.0,9.333513,8.871985,8.871985,,,,,,,5.559373,8.231239,6.535449,7.720322,3.858791,7.263694,2.227314,4.670443,6.715759888888889,7.617705428571429
3,no,yes,1,-wh_gap,The assistant told me,that,the man knew,,,,,will send,the package,to his family.,0.0,9.333513,1.373172,1.373172,2.547316,5.733424666666667,,,,,,,13.088652,11.625415499999999,3.496179,7.881094,1.946651,4.028378333333333,7.299736285714287,7.1337101333333335
3,no,no,1,-wh_no_gap,The assistant told me,that,the man knew,,,,the pilot,will send,the package,to his family.,0.0,9.333513,1.373172,1.373172,2.547316,5.733424666666667,,,,,3.409596,7.9393585,7.850508,8.409969,3.252357,7.4244265,2.160089,4.19736,6.682176444444445,6.826299176470589
3,yes,yes,1,+wh_gap,The assistant told me,who,the man knew,,,,,will send,the package,to his family.,0.0,9.333513,8.871985,8.871985,5.559373,6.349804333333334,,,,,,,10.835987,11.055831,3.843568,7.974175499999999,2.223635,4.267527,7.266084857142857,7.741202933333333
3,yes,no,1,+wh_no_gap,The assistant told me,who,the man knew,,,,the pilot,will send,the package,to his family.,0.0,9.333513,8.871985,8.871985,5.559373,6.349804333333334,,,,,4.468832,8.4140085,8.830833,9.282408,3.70962,7.746731499999999,2.296392,4.383448333333333,7.115182333333332,7.605417117647058
3,no,yes,2,-wh_gap,The assistant told me,that,the man knew,his friend recalled,,,,will send,the package,to his family.,0.0,9.333513,1.373172,1.373172,2.547316,5.733424666666667,6.052195,9.580466666666666,,,,,15.073623,12.7192335,3.703411,8.056112,2.088123,3.847647,7.584804571428571,7.652362777777777
3,no,no,2,-wh_no_gap,The assistant told me,that,the man knew,his friend recalled,,,the pilot,will send,the package,to his family.,0.0,9.333513,1.373172,1.373172,2.547316,5.733424666666667,6.052195,9.580466666666666,,,3.451155,7.691178,10.669368,9.374987,3.365652,7.490394500000001,2.158768,4.01179,6.794276555555556,7.289869349999999
3,yes,yes,2,+wh_gap,The assistant told me,who,the man knew,his friend recalled,,,,will send,the package,to his family.,0.0,9.333513,8.871985,8.871985,5.559373,6.349804333333334,7.620275,9.740366999999999,,,,,14.70601,12.591812999999998,3.636674,8.1048765,2.181244,4.010977333333333,7.632330142857143,8.216825666666667
3,yes,no,2,+wh_no_gap,The assistant told me,who,the man knew,his friend recalled,,,the pilot,will send,the package,to his family.,0.0,9.333513,8.871985,8.871985,5.559373,6.349804333333334,7.620275,9.740366999999999,,,5.145699,9.225914,11.079787,9.802104499999999,3.389719,7.559164,2.187649,4.138928666666668,7.287905666666666,8.0033851
3,no,yes,3,-wh_gap,The assistant told me,that,the man knew,his friend recalled,the woman said,,,will send,the package,to his family.,0.0,9.333513,1.373172,1.373172,2.547316,5.733424666666667,6.052195,9.580466666666666,3.451155,7.571305,,,12.317206,11.233563,3.668963,8.4311075,1.923378,4.031588333333333,7.3463008571428565,7.561281857142857
3,no,no,3,-wh_no_gap,The assistant told me,that,the man knew,his friend recalled,the woman said,,the pilot,will send,the package,to his family.,0.0,9.333513,1.373172,1.373172,2.547316,5.733424666666667,6.052195,9.580466666666666,3.451155,7.571305,5.25326,8.3777905,8.934926,8.7139845,3.32086,7.5385919999999995,2.145571,4.204998333333333,6.875081,7.35819747826087
3,yes,yes,3,+wh_gap,The assistant told me,who,the man knew,his friend recalled,the woman said,,,will send,the package,to his family.,0.0,9.333513,8.871985,8.871985,5.559373,6.349804333333334,7.620275,9.740366999999999,5.145699,8.363248,,,12.636222,11.4961405,3.600665,8.480924,1.992345,4.1356660000000005,7.480161,8.187020095238095
3,yes,no,3,+wh_no_gap,The assistant told me,who,the man knew,his friend recalled,the woman said,,the pilot,will send,the package,to his family.,0.0,9.333513,8.871985,8.871985,5.559373,6.349804333333334,7.620275,9.740366999999999,5.145699,8.363248,5.519222,8.67966,8.56825,8.542136500000002,3.266696,7.498632,2.162683,4.275552,6.918612555555557,7.905817739130434
3,no,yes,4,-wh_gap,The assistant told me,that,the man knew,his friend recalled,the woman said,her colleague saw,,will send,the package,to his family.,0.0,9.333513,1.373172,1.373172,2.547316,5.733424666666667,6.052195,9.580466666666666,3.451155,7.571305,,,12.317206,11.233563,3.668963,8.4311075,1.923378,4.031588333333333,7.3463008571428565,7.561281857142857
3,no,no,4,-wh_no_gap,The assistant told me,that,the man knew,his friend recalled,the woman said,her colleague saw,the pilot,will send,the package,to his family.,0.0,9.333513,1.373172,1.373172,2.547316,5.733424666666667,6.052195,9.580466666666666,3.451155,7.571305,5.25326,8.3777905,8.934926,8.7139845,3.32086,7.5385919999999995,2.145571,4.204998333333333,6.875081,7.35819747826087
3,yes,yes,4,+wh_gap,The assistant told me,who,the man knew,his friend recalled,the woman said,her colleague saw,,will send,the package,to his family.,0.0,9.333513,8.871985,8.871985,5.559373,6.349804333333334,7.620275,9.740366999999999,5.145699,8.363248,,,12.636222,11.4961405,3.600665,8.480924,1.992345,4.1356660000000005,7.480161,8.187020095238095
3,yes,no,4,+wh_no_gap,The assistant told me,who,the man knew,his friend recalled,the woman said,her colleague saw,the pilot,will send,the package,to his family.,0.0,9.333513,8.871985,8.871985,5.559373,6.349804333333334,7.620275,9.740366999999999,5.145699,8.363248,5.519222,8.67966,8.56825,8.542136500000002,3.266696,7.498632,2.162683,4.275552,6.918612555555557,7.905817739130434
2,no,yes,0,-wh_gap,The accountant knew,that,,,,,,could introduce,the new woman,to her friend.,0.0,10.987200666666666,1.757999,1.757999,,,,,,,,,13.083061,12.9204775,2.407519,5.528172333333333,2.034528,5.337230000000001,7.30464525,7.763063583333332
2,no,no,0,-wh_no_gap,The accountant knew,that,,,,,the secretary,could introduce,the new woman,to her friend.,0.0,10.987200666666666,1.757999,1.757999,,,,,,,1.594424,7.728609,4.439278,8.175816000000001,2.564697,5.689377333333333,2.016856,4.955077,6.3742213,7.0329867142857125
2,yes,yes,0,+wh_gap,The accountant knew,who,,,,,,could introduce,the new woman,to her friend.,0.0,10.987200666666666,6.979946,6.979946,,,,,,,,,4.960834,8.561515,1.882272,5.5041736666666665,2.607976,5.120416666666666,6.124600125,7.411529083333331
2,yes,no,0,+wh_no_gap,The accountant knew,who,,,,,the secretary,could introduce,the new woman,to her friend.,0.0,10.987200666666666,6.979946,6.979946,,,,,,,4.008495,8.2673205,4.184464,8.8116845,4.807725,6.585187666666666,3.327148,5.176867333333334,6.9444175,7.813265928571428
2,no,yes,1,-wh_gap,The accountant knew,that,the security guard believed,,,,,could introduce,the new woman,to her friend.,0.0,10.987200666666666,1.757999,1.757999,1.594424,7.56779075,,,,,,,12.134863,12.83803,2.705541,6.097696666666667,2.094223,5.2633350000000005,7.469894375000001,7.7968699374999995
2,no,no,1,-wh_no_gap,The accountant knew,that,the security guard believed,,,,the secretary,could introduce,the new woman,to her friend.,0.0,10.987200666666666,1.757999,1.757999,1.594424,7.56779075,,,,,2.803284,8.1981195,3.759636,8.282233,2.795637,6.1781706666666665,1.771066,4.991956333333333,6.6471086,7.303436111111111
2,yes,yes,1,+wh_gap,The accountant knew,who,the security guard believed,,,,,could introduce,the new woman,to her friend.,0.0,10.987200666666666,6.979946,6.979946,4.008495,8.012052,,,,,,,7.329851,10.72905,2.449171,5.781461,2.187428,5.237028333333334,6.814196000000001,7.90645775
2,yes,no,1,+wh_no_gap,The accountant knew,who,the security guard believed,,,,the secretary,could introduce,the new woman,to her friend.,0.0,10.987200666666666,6.979946,6.979946,4.008495,8.012052,,,,,4.277025,8.690618,3.443646,8.426123,3.116492,6.243834666666667,2.459806,5.285087333333333,6.882024800000001,7.822778
2,no,yes,2,-wh_gap,The accountant knew,that,the security guard believed,his friend knew,,,,could introduce,the new woman,to her friend.,0.0,10.987200666666666,1.757999,1.757999,1.594424,7.56779075,6.364469,7.516233666666667,,,,,12.97482,13.0795415,3.06505,5.910215333333333,1.980295,4.878381,7.315609,7.687596684210527
2,no,no,2,-wh_no_gap,The accountant knew,that,the security guard believed,his friend knew,,,the secretary,could introduce,the new woman,to her friend.,0.0,10.987200666666666,1.757999,1.757999,1.594424,7.56779075,6.364469,7.516233666666667,,,3.806568,9.327975,6.337019,9.810815999999999,2.861453,6.017133666666666,1.7734,4.822213333333333,7.079562299999999,7.539766095238096
2,yes,yes,2,+wh_gap,The accountant knew,who,the security guard believed,his friend knew,,,,could introduce,the new woman,to her friend.,0.0,10.987200666666666,6.979946,6.979946,4.008495,8.012052,8.196365,7.894818000000001,,,,,9.298373,11.3830145,3.202086,5.918886333333333,2.30936,5.104526333333333,6.979533374999999,7.9742356315789475
2,yes,no,2,+wh_no_gap,The accountant knew,who,the security guard believed,his friend knew,,,the secretary,could introduce,the new woman,to her friend.,0.0,10.987200666666666,6.979946,6.979946,4.008495,8.012052,8.196365,7.894818000000001,,,4.214753,9.323915,6.32849,9.8641255,3.011356,6.080071,2.203418,5.040783333333334,7.173864399999999,7.972040666666666
2,no,yes,3,-wh_gap,The accountant knew,that,the security guard believed,his friend knew,the assistant reported,,,could introduce,the new woman,to her friend.,0.0,10.987200666666666,1.757999,1.757999,1.594424,7.56779075,6.364469,7.516233666666667,3.806568,10.943607,,,12.097689,13.2565535,2.904075,6.204079,1.760485,4.843241666666667,7.456883625000001,8.182970681818182
2,no,no,3,-wh_no_gap,The accountant knew,that,the security guard believed,his friend knew,the assistant reported,,the secretary,could introduce,the new woman,to her friend.,0.0,10.987200666666666,1.757999,1.757999,1.594424,7.56779075,6.364469,7.516233666666667,3.806568,10.943607,3.753372,9.057148,7.11606,10.1174765,2.793965,6.078360666666668,1.908042,4.852714333333333,7.114247400000001,7.979698333333334
2,yes,yes,3,+wh_gap,The accountant knew,who,the security guard believed,his friend knew,the assistant reported,,,could introduce,the new woman,to her friend.,0.0,10.987200666666666,6.979946,6.979946,4.008495,8.012052,8.196365,7.894818000000001,4.214753,10.841899333333332,,,11.546085,13.018328499999999,2.789225,6.154997333333334,1.921904,4.952690333333334,7.4199649999999995,8.525437636363636
2,yes,no,3,+wh_no_gap,The accountant knew,who,the security guard believed,his friend knew,the assistant reported,,the secretary,could introduce,the new woman,to her friend.,0.0,10.987200666666666,6.979946,6.979946,4.008495,8.012052,8.196365,7.894818000000001,4.214753,10.841899333333332,4.271742,9.2720105,6.826095,9.973136499999999,2.767141,6.063509000000001,2.023262,4.932091333333333,7.1477094999999995,8.319875125000001
2,no,yes,4,-wh_gap,The accountant knew,that,the security guard believed,his friend knew,the assistant reported,her colleague suspected,,could introduce,the new woman,to her friend.,0.0,10.987200666666666,1.757999,1.757999,1.594424,7.56779075,6.364469,7.516233666666667,3.806568,10.943607,,,12.097689,13.2565535,2.904075,6.204079,1.760485,4.843241666666667,7.456883625000001,8.182970681818182
2,no,no,4,-wh_no_gap,The accountant knew,that,the security guard believed,his friend knew,the assistant reported,her colleague suspected,the secretary,could introduce,the new woman,to her friend.,0.0,10.987200666666666,1.757999,1.757999,1.594424,7.56779075,6.364469,7.516233666666667,3.806568,10.943607,3.753372,9.057148,7.11606,10.1174765,2.793965,6.078360666666668,1.908042,4.852714333333333,7.114247400000001,7.979698333333334
2,yes,yes,4,+wh_gap,The accountant knew,who,the security guard believed,his friend knew,the assistant reported,her colleague suspected,,could introduce,the new woman,to her friend.,0.0,10.987200666666666,6.979946,6.979946,4.008495,8.012052,8.196365,7.894818000000001,4.214753,10.841899333333332,,,11.546085,13.018328499999999,2.789225,6.154997333333334,1.921904,4.952690333333334,7.4199649999999995,8.525437636363636
2,yes,no,4,+wh_no_gap,The accountant knew,who,the security guard believed,his friend knew,the assistant reported,her colleague suspected,the secretary,could introduce,the new woman,to her friend.,0.0,10.987200666666666,6.979946,6.979946,4.008495,8.012052,8.196365,7.894818000000001,4.214753,10.841899333333332,4.271742,9.2720105,6.826095,9.973136499999999,2.767141,6.063509000000001,2.023262,4.932091333333333,7.1477094999999995,8.319875125000001
1,no,yes,0,-wh_gap,I know,that,,,,,,will throw,the plastic,into the trash can.,0.0,3.139138,2.352433,2.352433,,,,,,,,,11.602566,11.687690499999999,2.721396,7.7693365000000005,4.554237,5.8458185,7.787166,6.448003363636364
1,no,no,0,-wh_no_gap,I know,that,,,,,your friend,will throw,the plastic,into the trash can.,0.0,3.139138,2.352433,2.352433,,,,,,,9.241128,8.577377,5.915673,7.9462555,3.164604,7.882574,5.614727,6.13800375,7.3364428,6.307318230769231
1,yes,yes,0,+wh_gap,I know,who,,,,,,will throw,the plastic,into the trash can.,0.0,3.139138,6.580016,6.580016,,,,,,,,,5.949539,8.295072999999999,2.630609,7.737787,5.670435,5.76896625,6.892698125,6.181807
1,yes,no,0,+wh_no_gap,I know,who,,,,,your friend,will throw,the plastic,into the trash can.,0.0,3.139138,6.580016,6.580016,,,,,,,10.622782,8.4015725,5.701903,7.9063425,4.321093,8.852735000000001,6.952054,6.196507500000001,7.510733,6.766586307692307
1,no,yes,1,-wh_gap,I know,that,our mother said,,,,,will throw,the plastic,into the trash can.,0.0,3.139138,2.352433,2.352433,8.541259,8.674515666666666,,,,,,,13.738559,12.892298499999999,3.177404,8.027191,5.504891,6.1511967499999995,8.30547075,7.221287285714285
1,no,no,1,-wh_no_gap,I know,that,our mother said,,,,your friend,will throw,the plastic,into the trash can.,0.0,3.139138,2.352433,2.352433,8.541259,8.674515666666666,,,,,12.143874,9.5482265,7.575708,8.870887,3.446855,8.09996,6.013644,6.360857,7.848157500000001,7.0709894375
1,yes,yes,1,+wh_gap,I know,who,our mother said,,,,,will throw,the plastic,into the trash can.,0.0,3.139138,6.580016,6.580016,11.02898,8.652342666666668,,,,,,,9.091409,10.5678035,3.197416,8.0235095,5.644287,6.04825575,7.6719561249999995,7.1564977857142855
1,yes,no,1,+wh_no_gap,I know,who,our mother said,,,,your friend,will throw,the plastic,into the trash can.,0.0,3.139138,6.580016,6.580016,11.02898,8.652342666666668,,,,,11.853222,9.2569105,7.746668,8.944338,4.206705,8.7300665,6.542951,6.14777575,7.8453733,7.329315812500001
1,no,yes,2,-wh_gap,I know,that,our mother said,her friend remarked,,,,will throw,the plastic,into the trash can.,0.0,3.139138,2.352433,2.352433,8.541259,8.674515666666666,7.237803,9.628442333333334,,,,,15.508336,13.3817875,3.527432,8.185663,5.866995,6.312663000000001,8.548194125,7.7603021176470595
1,no,no,2,-wh_no_gap,I know,that,our mother said,her friend remarked,,,your friend,will throw,the plastic,into the trash can.,0.0,3.139138,2.352433,2.352433,8.541259,8.674515666666666,7.237803,9.628442333333334,,,16.045568,11.76071,8.913531,9.4450485,3.776899,8.173225,6.118909,6.3596905,8.4196729,7.775595368421053
1,yes,yes,2,+wh_gap,I know,who,our mother said,her friend remarked,,,,will throw,the plastic,into the trash can.,0.0,3.139138,6.580016,6.580016,11.02898,8.652342666666668,9.224228,10.378229333333334,,,,,11.353375,11.7788,3.657465,8.4180955,5.638524,6.05010875,8.074278249999999,7.914366705882352
1,yes,no,2,+wh_no_gap,I know,who,our mother said,her friend remarked,,,your friend,will throw,the plastic,into the trash can.,0.0,3.139138,6.580016,6.580016,11.02898,8.652342666666668,9.224228,10.378229333333334,,,15.413641,10.976060499999999,8.652874,9.279824000000001,4.241773,8.6507965,6.536052,6.239735250000001,8.277230300000001,8.038016368421054
1,no,yes,3,-wh_gap,I know,that,our mother said,her friend remarked,the park attendant reported,,,will throw,the plastic,into the trash can.,0.0,3.139138,2.352433,2.352433,8.541259,8.674515666666666,7.237803,9.628442333333334,6.17998,12.139693499999998,,,15.987168,13.046868,3.163856,7.900748,5.372172,5.8710425,8.17242525,8.451321857142856
1,no,no,3,-wh_no_gap,I know,that,our mother said,her friend remarked,the park attendant reported,,your friend,will throw,the plastic,into the trash can.,0.0,3.139138,2.352433,2.352433,8.541259,8.674515666666666,7.237803,9.628442333333334,6.17998,12.139693499999998,13.711047,11.1792415,9.492085,9.461833500000001,3.518214,7.855497000000001,5.707561,5.7021025000000005,7.980155400000001,8.343474391304346
1,yes,yes,3,+wh_gap,I know,who,our mother said,her friend remarked,the park attendant reported,,,will throw,the plastic,into the trash can.,0.0,3.139138,6.580016,6.580016,11.02898,8.652342666666668,9.224228,10.378229333333334,7.221402,12.409020000000002,,,12.500934,11.629559,3.083209,7.9578425,4.993031,5.673916,7.733808375,8.640788333333335
1,yes,no,3,+wh_no_gap,I know,who,our mother said,her friend remarked,the park attendant reported,,your friend,will throw,the plastic,into the trash can.,0.0,3.139138,6.580016,6.580016,11.02898,8.652342666666668,9.224228,10.378229333333334,7.221402,12.409020000000002,15.644468,11.3843975,9.375892,9.240173500000001,3.987197,8.363455,6.031038,5.7370280000000005,8.092416400000001,8.71783704347826
1,no,yes,4,-wh_gap,I know,that,our mother said,her friend remarked,the park attendant reported,the cop thinks,,will throw,the plastic,into the trash can.,0.0,3.139138,2.352433,2.352433,8.541259,8.674515666666666,7.237803,9.628442333333334,6.17998,12.139693499999998,,,15.987168,13.046868,3.163856,7.900748,5.372172,5.8710425,8.17242525,8.451321857142856
1,no,no,4,-wh_no_gap,I know,that,our mother said,her friend remarked,the park attendant reported,the cop thinks,your friend,will throw,the plastic,into the trash can.,0.0,3.139138,2.352433,2.352433,8.541259,8.674515666666666,7.237803,9.628442333333334,6.17998,12.139693499999998,13.711047,11.1792415,9.492085,9.461833500000001,3.518214,7.855497000000001,5.707561,5.7021025000000005,7.980155400000001,8.343474391304346
1,yes,yes,4,+wh_gap,I know,who,our mother said,her friend remarked,the park attendant reported,the cop thinks,,will throw,the plastic,into the trash can.,0.0,3.139138,6.580016,6.580016,11.02898,8.652342666666668,9.224228,10.378229333333334,7.221402,12.409020000000002,,,12.500934,11.629559,3.083209,7.9578425,4.993031,5.673916,7.733808375,8.640788333333335
1,yes,no,4,+wh_no_gap,I know,who,our mother said,her friend remarked,the park attendant reported,the cop thinks,your friend,will throw,the plastic,into the trash can.,0.0,3.139138,6.580016,6.580016,11.02898,8.652342666666668,9.224228,10.378229333333334,7.221402,12.409020000000002,15.644468,11.3843975,9.375892,9.240173500000001,3.987197,8.363455,6.031038,5.7370280000000005,8.092416400000001,8.71783704347826
