sentence_id	token_id	token	surprisal
1	1	I	0.0
1	2	know	6.278276
1	3	that	2.352433
1	4	threw	21.288067
1	5	the	2.671074
1	6	plastic	12.041378
1	7	into	4.248507
1	8	the	1.649334
1	9	trash	8.258595
1	10	can	8.775494
1	11	.	1.84068
1	12	<eos>	-0.0
2	1	I	0.0
2	2	know	6.278276
2	3	that	2.352433
2	4	your	9.241128
2	5	friend	7.913626
2	6	threw	13.686808
2	7	the	2.886432
2	8	plastic	11.385204
2	9	into	4.947669
2	10	the	1.486418
2	11	trash	7.812945
2	12	can	10.36718
2	13	.	1.904799
2	14	<eos>	-0.0
3	1	I	0.0
3	2	know	6.278276
3	3	who	6.580016
3	4	threw	14.399495
3	5	the	2.528711
3	6	plastic	11.980907
3	7	into	5.304676
3	8	the	1.160429
3	9	trash	7.795372
3	10	can	8.871511
3	11	.	2.380579
3	12	<eos>	-0.0
4	1	I	0.0
4	2	know	6.278276
4	3	who	6.580016
4	4	your	10.622782
4	5	friend	6.180363
4	6	threw	12.818234
4	7	the	3.274189
4	8	plastic	12.271801
4	9	into	6.196071
4	10	the	1.904316
4	11	trash	7.736189
4	12	can	8.7503
4	13	.	2.190598
4	14	<eos>	-0.0
5	1	I	0.0
5	2	know	6.278276
5	3	that	2.352433
5	4	our	8.541259
5	5	mother	7.632546
5	6	said	9.849742
5	7	threw	21.493061
5	8	the	3.105338
5	9	plastic	11.367654
5	10	into	5.066407
5	11	the	1.52213
5	12	trash	7.400065
5	13	can	9.961459
5	14	.	1.881711
5	15	<eos>	-0.0
6	1	I	0.0
6	2	know	6.278276
6	3	that	2.352433
6	4	our	8.541259
6	5	mother	7.632546
6	6	said	9.849742
6	7	your	12.143874
6	8	friend	6.952579
6	9	threw	12.653158
6	10	the	3.318855
6	11	plastic	11.459787
6	12	into	5.283202
6	13	the	1.544398
6	14	trash	7.849545
6	15	can	10.821189
6	16	.	1.817421
6	17	<eos>	-0.0
7	1	I	0.0
7	2	know	6.278276
7	3	who	6.580016
7	4	our	11.02898
7	5	mother	6.02071
7	6	said	8.907338
7	7	threw	17.591938
7	8	the	3.227876
7	9	plastic	12.06995
7	10	into	5.636511
7	11	the	1.510431
7	12	trash	7.756327
7	13	can	9.867754
7	14	.	1.630994
7	15	<eos>	-0.0
8	1	I	0.0
8	2	know	6.278276
8	3	who	6.580016
8	4	our	11.02898
8	5	mother	6.02071
8	6	said	8.907338
8	7	your	11.853222
8	8	friend	6.660599
8	9	threw	12.513227
8	10	the	3.784674
8	11	plastic	11.71802
8	12	into	5.502107
8	13	the	1.897636
8	14	trash	7.353586
8	15	can	10.029647
8	16	.	1.901546
8	17	<eos>	-0.0
9	1	I	0.0
9	2	know	6.278276
9	3	that	2.352433
9	4	our	8.541259
9	5	mother	7.632546
9	6	said	9.849742
9	7	her	7.237803
9	8	friend	7.841909
9	9	remarked	13.805615
9	10	threw	22.330013
9	11	the	2.694475
9	12	plastic	11.591149
9	13	into	5.92802
9	14	the	2.082023
9	15	trash	7.750465
9	16	can	11.172759
9	17	.	1.796203
9	18	<eos>	-0.0
10	1	I	0.0
10	2	know	6.278276
10	3	that	2.352433
10	4	our	8.541259
10	5	mother	7.632546
10	6	said	9.849742
10	7	her	7.237803
10	8	friend	7.841909
10	9	remarked	13.805615
10	10	your	16.045568
10	11	friend	7.475852
10	12	threw	12.494452
10	13	the	3.600312
10	14	plastic	11.332442
10	15	into	5.189511
10	16	the	1.808474
10	17	trash	7.193124
10	18	can	11.249496
10	19	.	1.721918
10	20	<eos>	-0.0
11	1	I	0.0
11	2	know	6.278276
11	3	who	6.580016
11	4	our	11.02898
11	5	mother	6.02071
11	6	said	8.907338
11	7	her	9.224228
11	8	friend	7.645392
11	9	remarked	14.265068
11	10	threw	20.122381
11	11	the	4.031727
11	12	plastic	12.803872
11	13	into	6.126678
11	14	the	2.09575
11	15	trash	7.608272
11	16	can	10.348394
11	17	.	1.529135
11	18	<eos>	-0.0
12	1	I	0.0
12	2	know	6.278276
12	3	who	6.580016
12	4	our	11.02898
12	5	mother	6.02071
12	6	said	8.907338
12	7	her	9.224228
12	8	friend	7.645392
12	9	remarked	14.265068
12	10	your	15.413641
12	11	friend	6.53848
12	12	threw	12.56445
12	13	the	4.016361
12	14	plastic	11.641097
12	15	into	5.4916
12	16	the	2.184965
12	17	trash	6.880508
12	18	can	10.466626
12	19	.	1.575815
12	20	<eos>	-0.0
13	1	I	0.0
13	2	know	6.278276
13	3	that	2.352433
13	4	our	8.541259
13	5	mother	7.632546
13	6	said	9.849742
13	7	her	7.237803
13	8	friend	7.841909
13	9	remarked	13.805615
13	10	the	6.17998
13	11	park	15.270876
13	12	attendant	15.034326
13	13	reported	12.073592
13	14	threw	19.971773
13	15	the	2.960132
13	16	plastic	11.242606
13	17	into	5.950866
13	18	the	1.789987
13	19	trash	5.805758
13	20	can	11.254447
13	21	.	1.415923
13	22	<eos>	-0.0
14	1	I	0.0
14	2	know	6.278276
14	3	that	2.352433
14	4	our	8.541259
14	5	mother	7.632546
14	6	said	9.849742
14	7	her	7.237803
14	8	friend	7.841909
14	9	remarked	13.805615
14	10	the	6.17998
14	11	park	15.270876
14	12	attendant	15.034326
14	13	reported	12.073592
14	14	your	13.711047
14	15	friend	8.647436
14	16	threw	12.837973
14	17	the	3.652134
14	18	plastic	10.594794
14	19	into	4.601041
14	20	the	1.707393
14	21	trash	5.82694
14	22	can	10.877677
14	23	.	1.409108
14	24	<eos>	-0.0
15	1	I	0.0
15	2	know	6.278276
15	3	who	6.580016
15	4	our	11.02898
15	5	mother	6.02071
15	6	said	8.907338
15	7	her	9.224228
15	8	friend	7.645392
15	9	remarked	14.265068
15	10	the	7.221402
15	11	park	15.278672
15	12	attendant	16.279022
15	13	reported	10.856984
15	14	threw	17.089321
15	15	the	3.285459
15	16	plastic	11.377013
15	17	into	5.226988
15	18	the	1.63677
15	19	trash	5.894854
15	20	can	11.172224
15	21	.	1.079091
15	22	<eos>	-0.0
16	1	I	0.0
16	2	know	6.278276
16	3	who	6.580016
16	4	our	11.02898
16	5	mother	6.02071
16	6	said	8.907338
16	7	her	9.224228
16	8	friend	7.645392
16	9	remarked	14.265068
16	10	the	7.221402
16	11	park	15.278672
16	12	attendant	16.279022
16	13	reported	10.856984
16	14	your	15.644468
16	15	friend	7.124327
16	16	threw	12.884921
16	17	the	4.150022
16	18	plastic	11.193331
16	19	into	4.493854
16	20	the	1.775952
16	21	trash	5.510384
16	22	can	11.015893
16	23	.	1.216718
16	24	<eos>	-0.0
17	1	I	0.0
17	2	know	6.278276
17	3	that	2.352433
17	4	our	8.541259
17	5	mother	7.632546
17	6	said	9.849742
17	7	her	7.237803
17	8	friend	7.841909
17	9	remarked	13.805615
17	10	the	6.17998
17	11	park	15.270876
17	12	attendant	15.034326
17	13	reported	12.073592
17	14	the	3.635417
17	15	cop	17.820646
17	16	thinks	12.764586
17	17	threw	18.36735
17	18	the	3.35796
17	19	plastic	11.841412
17	20	into	4.152777
17	21	the	1.59854
17	22	trash	5.110227
17	23	can	10.784813
17	24	.	1.114453
17	25	<eos>	-0.0
18	1	I	0.0
18	2	know	6.278276
18	3	that	2.352433
18	4	our	8.541259
18	5	mother	7.632546
18	6	said	9.849742
18	7	her	7.237803
18	8	friend	7.841909
18	9	remarked	13.805615
18	10	the	6.17998
18	11	park	15.270876
18	12	attendant	15.034326
18	13	reported	12.073592
18	14	the	3.635417
18	15	cop	17.820646
18	16	thinks	12.764586
18	17	your	13.428319
18	18	friend	6.852958
18	19	threw	12.073783
18	20	the	3.420901
18	21	plastic	10.491356
18	22	into	4.644378
18	23	the	1.63324
18	24	trash	5.282434
18	25	can	11.489583
18	26	.	1.136822
18	27	<eos>	-0.0
19	1	I	0.0
19	2	know	6.278276
19	3	who	6.580016
19	4	our	11.02898
19	5	mother	6.02071
19	6	said	8.907338
19	7	her	9.224228
19	8	friend	7.645392
19	9	remarked	14.265068
19	10	the	7.221402
19	11	park	15.278672
19	12	attendant	16.279022
19	13	reported	10.856984
19	14	the	5.763046
19	15	cop	17.291307
19	16	thinks	12.450273
19	17	threw	16.142162
19	18	the	3.453176
19	19	plastic	11.592082
19	20	into	3.944419
19	21	the	1.659332
19	22	trash	4.967806
19	23	can	10.726932
19	24	.	0.928669
19	25	<eos>	-0.0
20	1	I	0.0
20	2	know	6.278276
20	3	who	6.580016
20	4	our	11.02898
20	5	mother	6.02071
20	6	said	8.907338
20	7	her	9.224228
20	8	friend	7.645392
20	9	remarked	14.265068
20	10	the	7.221402
20	11	park	15.278672
20	12	attendant	16.279022
20	13	reported	10.856984
20	14	the	5.763046
20	15	cop	17.291307
20	16	thinks	12.450273
20	17	your	14.054929
20	18	friend	6.447056
20	19	threw	11.991833
20	20	the	3.841792
20	21	plastic	11.062557
20	22	into	4.747715
20	23	the	2.007254
20	24	trash	4.768243
20	25	can	11.337172
20	26	.	0.99511
20	27	<eos>	-0.0
21	1	The	0.0
21	2	newspaper	15.903531
21	3	reported	7.315045
21	4	that	0.656248
21	5	sold	16.451626
21	6	a	5.356346
21	7	car	8.705985
21	8	to	2.678756
21	9	his	6.435286
21	10	friend	5.559622
21	11	.	5.235683
21	12	<eos>	-0.0
22	1	The	0.0
22	2	newspaper	15.903531
22	3	reported	7.315045
22	4	that	0.656248
22	5	the	2.181931
22	6	boss	14.823406
22	7	sold	11.724365
22	8	a	4.071801
22	9	car	6.700286
22	10	to	1.943193
22	11	his	4.965299
22	12	friend	4.581802
22	13	.	4.534842
22	14	<eos>	-0.0
23	1	The	0.0
23	2	newspaper	15.903531
23	3	reported	7.315045
23	4	who	12.852704
23	5	sold	8.658404
23	6	a	5.237565
23	7	car	7.462344
23	8	to	2.310182
23	9	his	5.390874
23	10	friend	4.709461
23	11	.	4.884868
23	12	<eos>	-0.0
24	1	The	0.0
24	2	newspaper	15.903531
24	3	reported	7.315045
24	4	who	12.852704
24	5	the	7.61484
24	6	boss	14.136836
24	7	sold	10.515741
24	8	a	4.720735
24	9	car	7.052969
24	10	to	1.886478
24	11	his	4.69123
24	12	friend	4.472282
24	13	.	3.895997
24	14	<eos>	-0.0
25	1	The	0.0
25	2	newspaper	15.903531
25	3	reported	7.315045
25	4	that	0.656248
25	5	the	2.181931
25	6	investigator	15.281781
25	7	thought	9.428214
25	8	sold	21.678219
25	9	a	4.836319
25	10	car	10.04913
25	11	to	3.063483
25	12	his	5.362019
25	13	friend	5.331689
25	14	.	3.754677
25	15	<eos>	-0.0
26	1	The	0.0
26	2	newspaper	15.903531
26	3	reported	7.315045
26	4	that	0.656248
26	5	the	2.181931
26	6	investigator	15.281781
26	7	thought	9.428214
26	8	the	3.220821
26	9	boss	14.625125
26	10	sold	13.842034
26	11	a	4.042106
26	12	car	7.652186
26	13	to	2.028394
26	14	his	5.013496
26	15	friend	4.960092
26	16	.	3.486474
26	17	<eos>	-0.0
27	1	The	0.0
27	2	newspaper	15.903531
27	3	reported	7.315045
27	4	who	12.852704
27	5	the	7.61484
27	6	investigator	13.288904
27	7	thought	8.73087
27	8	sold	18.761932
27	9	a	5.321239
27	10	car	10.855968
27	11	to	2.962182
27	12	his	5.41009
27	13	friend	5.063304
27	14	.	3.343223
27	15	<eos>	-0.0
28	1	The	0.0
28	2	newspaper	15.903531
28	3	reported	7.315045
28	4	who	12.852704
28	5	the	7.61484
28	6	investigator	13.288904
28	7	thought	8.73087
28	8	the	4.261078
28	9	boss	14.557565
28	10	sold	14.026651
28	11	a	5.58574
28	12	car	7.617771
28	13	to	1.991554
28	14	his	4.67708
28	15	friend	4.817631
28	16	.	3.047664
28	17	<eos>	-0.0
29	1	The	0.0
29	2	newspaper	15.903531
29	3	reported	7.315045
29	4	that	0.656248
29	5	the	2.181931
29	6	investigator	15.281781
29	7	thought	9.428214
29	8	the	3.220821
29	9	businessman	16.949793
29	10	believed	9.478601
29	11	sold	18.43161
29	12	a	5.714553
29	13	car	7.843704
29	14	to	3.227039
29	15	his	5.149194
29	16	friend	5.637977
29	17	.	2.991933
29	18	<eos>	-0.0
30	1	The	0.0
30	2	newspaper	15.903531
30	3	reported	7.315045
30	4	that	0.656248
30	5	the	2.181931
30	6	investigator	15.281781
30	7	thought	9.428214
30	8	the	3.220821
30	9	businessman	16.949793
30	10	believed	9.478601
30	11	the	3.432453
30	12	boss	13.775071
30	13	sold	12.127194
30	14	a	4.226011
30	15	car	7.302906
30	16	to	2.292895
30	17	his	4.666163
30	18	friend	5.092084
30	19	.	3.180904
30	20	<eos>	-0.0
31	1	The	0.0
31	2	newspaper	15.903531
31	3	reported	7.315045
31	4	who	12.852704
31	5	the	7.61484
31	6	investigator	13.288904
31	7	thought	8.73087
31	8	the	4.261078
31	9	businessman	16.513275
31	10	believed	8.736115
31	11	sold	17.044975
31	12	a	5.45903
31	13	car	8.215879
31	14	to	3.453315
31	15	his	4.911025
31	16	friend	5.291774
31	17	.	2.659975
31	18	<eos>	-0.0
32	1	The	0.0
32	2	newspaper	15.903531
32	3	reported	7.315045
32	4	who	12.852704
32	5	the	7.61484
32	6	investigator	13.288904
32	7	thought	8.73087
32	8	the	4.261078
32	9	businessman	16.513275
32	10	believed	8.736115
32	11	the	5.220109
32	12	boss	13.525324
32	13	sold	12.763017
32	14	a	4.32827
32	15	car	6.356083
32	16	to	2.344061
32	17	his	4.645756
32	18	friend	5.046193
32	19	.	2.848367
32	20	<eos>	-0.0
33	1	The	0.0
33	2	newspaper	15.903531
33	3	reported	7.315045
33	4	that	0.656248
33	5	the	2.181931
33	6	investigator	15.281781
33	7	thought	9.428214
33	8	the	3.220821
33	9	businessman	16.949793
33	10	believed	9.478601
33	11	the	3.432453
33	12	banker	13.963907
33	13	said	11.810635
33	14	sold	18.193888
33	15	a	4.472965
33	16	car	8.36477
33	17	to	2.238489
33	18	his	4.420838
33	19	friend	4.951861
33	20	.	3.050657
33	21	<eos>	-0.0
34	1	The	0.0
34	2	newspaper	15.903531
34	3	reported	7.315045
34	4	that	0.656248
34	5	the	2.181931
34	6	investigator	15.281781
34	7	thought	9.428214
34	8	the	3.220821
34	9	businessman	16.949793
34	10	believed	9.478601
34	11	the	3.432453
34	12	banker	13.963907
34	13	said	11.810635
34	14	the	3.896652
34	15	boss	12.118279
34	16	sold	11.664895
34	17	a	4.252781
34	18	car	6.707382
34	19	to	2.197273
34	20	his	4.210863
34	21	friend	5.007138
34	22	.	3.121437
34	23	<eos>	-0.0
35	1	The	0.0
35	2	newspaper	15.903531
35	3	reported	7.315045
35	4	who	12.852704
35	5	the	7.61484
35	6	investigator	13.288904
35	7	thought	8.73087
35	8	the	4.261078
35	9	businessman	16.513275
35	10	believed	8.736115
35	11	the	5.220109
35	12	banker	13.900382
35	13	said	10.819512
35	14	sold	17.966234
35	15	a	4.330966
35	16	car	7.692849
35	17	to	2.380699
35	18	his	4.561954
35	19	friend	4.964931
35	20	.	2.774162
35	21	<eos>	-0.0
36	1	The	0.0
36	2	newspaper	15.903531
36	3	reported	7.315045
36	4	who	12.852704
36	5	the	7.61484
36	6	investigator	13.288904
36	7	thought	8.73087
36	8	the	4.261078
36	9	businessman	16.513275
36	10	believed	8.736115
36	11	the	5.220109
36	12	banker	13.900382
36	13	said	10.819512
36	14	the	3.916698
36	15	boss	12.337253
36	16	sold	11.477659
36	17	a	4.237084
36	18	car	6.329628
36	19	to	2.250482
36	20	his	4.284469
36	21	friend	4.983363
36	22	.	2.900884
36	23	<eos>	-0.0
37	1	The	0.0
37	2	newspaper	15.903531
37	3	reported	7.315045
37	4	that	0.656248
37	5	the	2.181931
37	6	investigator	15.281781
37	7	thought	9.428214
37	8	the	3.220821
37	9	businessman	16.949793
37	10	believed	9.478601
37	11	the	3.432453
37	12	banker	13.963907
37	13	said	11.810635
37	14	his	6.07599
37	15	friend	7.520269
37	16	believes	13.732809
37	17	sold	19.62608
37	18	a	4.983011
37	19	car	7.469702
37	20	to	3.090997
37	21	his	4.175527
37	22	friend	5.587897
37	23	.	2.449459
37	24	<eos>	-0.0
38	1	The	0.0
38	2	newspaper	15.903531
38	3	reported	7.315045
38	4	that	0.656248
38	5	the	2.181931
38	6	investigator	15.281781
38	7	thought	9.428214
38	8	the	3.220821
38	9	businessman	16.949793
38	10	believed	9.478601
38	11	the	3.432453
38	12	banker	13.963907
38	13	said	11.810635
38	14	his	6.07599
38	15	friend	7.520269
38	16	believes	13.732809
38	17	the	3.605857
38	18	boss	12.247783
38	19	sold	11.822581
38	20	a	4.577946
38	21	car	7.199182
38	22	to	2.337015
38	23	his	4.156181
38	24	friend	5.334825
38	25	.	2.610563
38	26	<eos>	-0.0
39	1	The	0.0
39	2	newspaper	15.903531
39	3	reported	7.315045
39	4	who	12.852704
39	5	the	7.61484
39	6	investigator	13.288904
39	7	thought	8.73087
39	8	the	4.261078
39	9	businessman	16.513275
39	10	believed	8.736115
39	11	the	5.220109
39	12	banker	13.900382
39	13	said	10.819512
39	14	his	6.251747
39	15	friend	7.631654
39	16	believes	13.059898
39	17	sold	19.344793
39	18	a	5.075065
39	19	car	7.2849
39	20	to	3.134418
39	21	his	4.305971
39	22	friend	5.57906
39	23	.	2.286462
39	24	<eos>	-0.0
40	1	The	0.0
40	2	newspaper	15.903531
40	3	reported	7.315045
40	4	who	12.852704
40	5	the	7.61484
40	6	investigator	13.288904
40	7	thought	8.73087
40	8	the	4.261078
40	9	businessman	16.513275
40	10	believed	8.736115
40	11	the	5.220109
40	12	banker	13.900382
40	13	said	10.819512
40	14	his	6.251747
40	15	friend	7.631654
40	16	believes	13.059898
40	17	the	3.632011
40	18	boss	12.399049
40	19	sold	11.863062
40	20	a	4.534149
40	21	car	6.874457
40	22	to	2.379799
40	23	his	4.238928
40	24	friend	5.328982
40	25	.	2.456661
40	26	<eos>	-0.0
41	1	Her	0.0
41	2	friend	11.799559
41	3	found	14.413343
41	4	out	4.35195
41	5	that	1.181744
41	6	told	15.415087
41	7	a	6.567442
41	8	story	5.082047
41	9	to	4.965005
41	10	the	3.16013
41	11	guests	10.591929
41	12	.	2.772538
41	13	<eos>	-0.0
42	1	Her	0.0
42	2	friend	11.799559
42	3	found	14.413343
42	4	out	4.35195
42	5	that	1.181744
42	6	the	2.945984
42	7	visitor	14.114315
42	8	told	8.599363
42	9	a	6.167391
42	10	story	4.098252
42	11	to	4.327679
42	12	the	3.181581
42	13	guests	10.301086
42	14	.	2.739229
42	15	<eos>	-0.0
43	1	Her	0.0
43	2	friend	11.799559
43	3	found	14.413343
43	4	out	4.35195
43	5	who	6.631674
43	6	told	7.658739
43	7	a	6.631337
43	8	story	4.559738
43	9	to	4.362942
43	10	the	3.435939
43	11	guests	10.810522
43	12	.	2.110051
43	13	<eos>	-0.0
44	1	Her	0.0
44	2	friend	11.799559
44	3	found	14.413343
44	4	out	4.35195
44	5	who	6.631674
44	6	the	5.499523
44	7	visitor	12.235601
44	8	told	7.162554
44	9	a	6.418191
44	10	story	4.600231
44	11	to	5.082639
44	12	the	3.536727
44	13	guests	11.502088
44	14	.	1.280342
44	15	<eos>	-0.0
45	1	Her	0.0
45	2	friend	11.799559
45	3	found	14.413343
45	4	out	4.35195
45	5	that	1.181744
45	6	my	15.545675
45	7	friend	6.478185
45	8	believed	9.669543
45	9	told	16.380941
45	10	a	5.525953
45	11	story	4.836418
45	12	to	4.327941
45	13	the	3.439065
45	14	guests	10.870489
45	15	.	2.465142
45	16	<eos>	-0.0
46	1	Her	0.0
46	2	friend	11.799559
46	3	found	14.413343
46	4	out	4.35195
46	5	that	1.181744
46	6	my	15.545675
46	7	friend	6.478185
46	8	believed	9.669543
46	9	the	3.784048
46	10	visitor	14.716885
46	11	told	10.072203
46	12	a	6.173626
46	13	story	3.827657
46	14	to	4.040026
46	15	the	3.233311
46	16	guests	10.923571
46	17	.	2.09221
46	18	<eos>	-0.0
47	1	Her	0.0
47	2	friend	11.799559
47	3	found	14.413343
47	4	out	4.35195
47	5	who	6.631674
47	6	my	16.700027
47	7	friend	5.913062
47	8	believed	8.461964
47	9	told	13.112279
47	10	a	6.448706
47	11	story	4.935317
47	12	to	4.685312
47	13	the	3.442081
47	14	guests	11.384112
47	15	.	1.360803
47	16	<eos>	-0.0
48	1	Her	0.0
48	2	friend	11.799559
48	3	found	14.413343
48	4	out	4.35195
48	5	who	6.631674
48	6	my	16.700027
48	7	friend	5.913062
48	8	believed	8.461964
48	9	the	4.029392
48	10	visitor	14.102649
48	11	told	9.268
48	12	a	6.49006
48	13	story	4.440178
48	14	to	4.607534
48	15	the	4.094642
48	16	guests	11.842639
48	17	.	1.196223
48	18	<eos>	-0.0
49	1	Her	0.0
49	2	friend	11.799559
49	3	found	14.413343
49	4	out	4.35195
49	5	that	1.181744
49	6	my	15.545675
49	7	friend	6.478185
49	8	believed	9.669543
49	9	the	3.784048
49	10	professor	15.776816
49	11	said	11.55961
49	12	told	13.373363
49	13	a	6.194488
49	14	story	4.875576
49	15	to	4.372576
49	16	the	3.186461
49	17	guests	11.437923
49	18	.	3.051646
49	19	<eos>	-0.0
50	1	Her	0.0
50	2	friend	11.799559
50	3	found	14.413343
50	4	out	4.35195
50	5	that	1.181744
50	6	my	15.545675
50	7	friend	6.478185
50	8	believed	9.669543
50	9	the	3.784048
50	10	professor	15.776816
50	11	said	11.55961
50	12	the	3.914557
50	13	visitor	14.487816
50	14	told	7.784509
50	15	a	6.700785
50	16	story	3.875871
50	17	to	4.300254
50	18	the	3.209147
50	19	guests	10.560164
50	20	.	2.078459
50	21	<eos>	-0.0
51	1	Her	0.0
51	2	friend	11.799559
51	3	found	14.413343
51	4	out	4.35195
51	5	who	6.631674
51	6	my	16.700027
51	7	friend	5.913062
51	8	believed	8.461964
51	9	the	4.029392
51	10	professor	14.669903
51	11	said	10.668058
51	12	told	11.462813
51	13	a	6.466758
51	14	story	5.146615
51	15	to	4.353863
51	16	the	2.910266
51	17	guests	11.846077
51	18	.	1.523626
51	19	<eos>	-0.0
52	1	Her	0.0
52	2	friend	11.799559
52	3	found	14.413343
52	4	out	4.35195
52	5	who	6.631674
52	6	my	16.700027
52	7	friend	5.913062
52	8	believed	8.461964
52	9	the	4.029392
52	10	professor	14.669903
52	11	said	10.668058
52	12	the	6.136935
52	13	visitor	13.245639
52	14	told	7.409577
52	15	a	6.588739
52	16	story	4.075716
52	17	to	4.348843
52	18	the	3.091316
52	19	guests	10.745985
52	20	.	1.601154
52	21	<eos>	-0.0
53	1	Her	0.0
53	2	friend	11.799559
53	3	found	14.413343
53	4	out	4.35195
53	5	that	1.181744
53	6	my	15.545675
53	7	friend	6.478185
53	8	believed	9.669543
53	9	the	3.784048
53	10	professor	15.776816
53	11	said	11.55961
53	12	his	7.45132
53	13	colleague	9.97044
53	14	noticed	13.340505
53	15	told	15.727436
53	16	a	4.93365
53	17	story	5.944197
53	18	to	5.356406
53	19	the	3.268661
53	20	guests	11.338907
53	21	.	1.976358
53	22	<eos>	-0.0
54	1	Her	0.0
54	2	friend	11.799559
54	3	found	14.413343
54	4	out	4.35195
54	5	that	1.181744
54	6	my	15.545675
54	7	friend	6.478185
54	8	believed	9.669543
54	9	the	3.784048
54	10	professor	15.776816
54	11	said	11.55961
54	12	his	7.45132
54	13	colleague	9.97044
54	14	noticed	13.340505
54	15	the	3.10602
54	16	visitor	15.806893
54	17	told	11.537224
54	18	a	6.896709
54	19	story	3.651762
54	20	to	4.561075
54	21	the	3.138781
54	22	guests	10.547675
54	23	.	1.530452
54	24	<eos>	-0.0
55	1	Her	0.0
55	2	friend	11.799559
55	3	found	14.413343
55	4	out	4.35195
55	5	who	6.631674
55	6	my	16.700027
55	7	friend	5.913062
55	8	believed	8.461964
55	9	the	4.029392
55	10	professor	14.669903
55	11	said	10.668058
55	12	his	10.071459
55	13	colleague	9.384958
55	14	noticed	11.973066
55	15	told	15.583974
55	16	a	4.984145
55	17	story	6.12363
55	18	to	5.383849
55	19	the	3.134094
55	20	guests	11.641064
55	21	.	1.773949
55	22	<eos>	-0.0
56	1	Her	0.0
56	2	friend	11.799559
56	3	found	14.413343
56	4	out	4.35195
56	5	who	6.631674
56	6	my	16.700027
56	7	friend	5.913062
56	8	believed	8.461964
56	9	the	4.029392
56	10	professor	14.669903
56	11	said	10.668058
56	12	his	10.071459
56	13	colleague	9.384958
56	14	noticed	11.973066
56	15	the	3.138299
56	16	visitor	15.561348
56	17	told	11.764551
56	18	a	6.600129
56	19	story	3.709087
56	20	to	4.597718
56	21	the	3.02346
56	22	guests	10.751826
56	23	.	1.456608
56	24	<eos>	-0.0
57	1	Her	0.0
57	2	friend	11.799559
57	3	found	14.413343
57	4	out	4.35195
57	5	that	1.181744
57	6	my	15.545675
57	7	friend	6.478185
57	8	believed	9.669543
57	9	the	3.784048
57	10	professor	15.776816
57	11	said	11.55961
57	12	his	7.45132
57	13	colleague	9.97044
57	14	noticed	13.340505
57	15	their	8.117656
57	16	students	10.45271
57	17	recalled	17.717386
57	18	told	14.631704
57	19	a	6.3324
57	20	story	4.678267
57	21	to	4.361948
57	22	the	2.97353
57	23	guests	10.762436
57	24	.	2.026147
57	25	<eos>	-0.0
58	1	Her	0.0
58	2	friend	11.799559
58	3	found	14.413343
58	4	out	4.35195
58	5	that	1.181744
58	6	my	15.545675
58	7	friend	6.478185
58	8	believed	9.669543
58	9	the	3.784048
58	10	professor	15.776816
58	11	said	11.55961
58	12	his	7.45132
58	13	colleague	9.97044
58	14	noticed	13.340505
58	15	their	8.117656
58	16	students	10.45271
58	17	recalled	17.717386
58	18	the	3.662979
58	19	visitor	14.669677
58	20	told	11.788223
58	21	a	6.748512
58	22	story	3.168031
58	23	to	4.574181
58	24	the	3.1084
58	25	guests	9.911256
58	26	.	1.576393
58	27	<eos>	-0.0
59	1	Her	0.0
59	2	friend	11.799559
59	3	found	14.413343
59	4	out	4.35195
59	5	who	6.631674
59	6	my	16.700027
59	7	friend	5.913062
59	8	believed	8.461964
59	9	the	4.029392
59	10	professor	14.669903
59	11	said	10.668058
59	12	his	10.071459
59	13	colleague	9.384958
59	14	noticed	11.973066
59	15	their	7.81272
59	16	students	10.775455
59	17	recalled	18.115484
59	18	told	14.739521
59	19	a	6.236763
59	20	story	4.646569
59	21	to	4.361023
59	22	the	2.88675
59	23	guests	10.887026
59	24	.	1.996717
59	25	<eos>	-0.0
60	1	Her	0.0
60	2	friend	11.799559
60	3	found	14.413343
60	4	out	4.35195
60	5	who	6.631674
60	6	my	16.700027
60	7	friend	5.913062
60	8	believed	8.461964
60	9	the	4.029392
60	10	professor	14.669903
60	11	said	10.668058
60	12	his	10.071459
60	13	colleague	9.384958
60	14	noticed	11.973066
60	15	their	7.81272
60	16	students	10.775455
60	17	recalled	18.115484
60	18	the	3.584562
60	19	visitor	14.284226
60	20	told	11.884419
60	21	a	6.586062
60	22	story	3.208011
60	23	to	4.578246
60	24	the	3.037544
60	25	guests	10.019401
60	26	.	1.509042
60	27	<eos>	-0.0
61	1	I	0.0
61	2	realized	10.70379
61	3	that	0.826327
61	4	saw	15.868674
61	5	a	3.259383
61	6	painting	11.174374
61	7	at	5.679252
61	8	the	0.8755
61	9	museum	6.235594
61	10	.	2.288752
61	11	<eos>	-0.0
62	1	I	0.0
62	2	realized	10.70379
62	3	that	0.826327
62	4	the	2.072847
62	5	suffering	13.361823
62	6	artist	17.415216
62	7	saw	10.155708
62	8	a	4.293156
62	9	painting	10.657421
62	10	at	6.525059
62	11	the	0.909856
62	12	museum	6.123364
62	13	.	2.338785
62	14	<eos>	-0.0
63	1	I	0.0
63	2	realized	10.70379
63	3	who	8.910713
63	4	saw	8.434286
63	5	a	4.011258
63	6	painting	10.07173
63	7	at	5.309875
63	8	the	0.789651
63	9	museum	5.93293
63	10	.	1.563359
63	11	<eos>	-0.0
64	1	I	0.0
64	2	realized	10.70379
64	3	who	8.910713
64	4	the	6.23978
64	5	suffering	14.782404
64	6	artist	17.191061
64	7	saw	9.726138
64	8	a	7.491321
64	9	painting	10.958959
64	10	at	6.738955
64	11	the	1.169206
64	12	museum	6.989682
64	13	.	1.132481
64	14	<eos>	-0.0
65	1	I	0.0
65	2	realized	10.70379
65	3	that	0.826327
65	4	the	2.072847
65	5	painter	15.507481
65	6	believed	9.709238
65	7	saw	17.776991
65	8	a	2.848128
65	9	painting	6.827823
65	10	at	6.312137
65	11	the	0.875132
65	12	museum	5.678929
65	13	.	2.02344
65	14	<eos>	-0.0
66	1	I	0.0
66	2	realized	10.70379
66	3	that	0.826327
66	4	the	2.072847
66	5	painter	15.507481
66	6	believed	9.709238
66	7	the	2.938065
66	8	suffering	13.490589
66	9	artist	14.286286
66	10	saw	10.637591
66	11	a	3.68142
66	12	painting	7.974935
66	13	at	6.714376
66	14	the	0.985787
66	15	museum	5.59725
66	16	.	1.914336
66	17	<eos>	-0.0
67	1	I	0.0
67	2	realized	10.70379
67	3	who	8.910713
67	4	the	6.23978
67	5	painter	13.821267
67	6	believed	9.374365
67	7	saw	13.688331
67	8	a	3.977207
67	9	painting	7.799501
67	10	at	6.336394
67	11	the	0.890016
67	12	museum	5.678407
67	13	.	1.180085
67	14	<eos>	-0.0
68	1	I	0.0
68	2	realized	10.70379
68	3	who	8.910713
68	4	the	6.23978
68	5	painter	13.821267
68	6	believed	9.374365
68	7	the	5.022815
68	8	suffering	14.00886
68	9	artist	15.688577
68	10	saw	9.899596
68	11	a	7.46297
68	12	painting	8.629445
68	13	at	6.671368
68	14	the	1.070254
68	15	museum	6.061908
68	16	.	1.002607
68	17	<eos>	-0.0
69	1	I	0.0
69	2	realized	10.70379
69	3	that	0.826327
69	4	the	2.072847
69	5	painter	15.507481
69	6	believed	9.709238
69	7	his	6.598816
69	8	rival	12.96275
69	9	suspected	16.70166
69	10	saw	17.75528
69	11	a	2.468374
69	12	painting	8.939712
69	13	at	6.233237
69	14	the	0.780396
69	15	museum	5.519131
69	16	.	1.37159
69	17	<eos>	-0.0
70	1	I	0.0
70	2	realized	10.70379
70	3	that	0.826327
70	4	the	2.072847
70	5	painter	15.507481
70	6	believed	9.709238
70	7	his	6.598816
70	8	rival	12.96275
70	9	suspected	16.70166
70	10	the	3.388716
70	11	suffering	15.353897
70	12	artist	14.309937
70	13	saw	11.431094
70	14	a	4.060841
70	15	painting	8.058084
70	16	at	6.050887
70	17	the	0.852878
70	18	museum	5.494982
70	19	.	1.453475
70	20	<eos>	-0.0
71	1	I	0.0
71	2	realized	10.70379
71	3	who	8.910713
71	4	the	6.23978
71	5	painter	13.821267
71	6	believed	9.374365
71	7	his	8.449496
71	8	rival	12.330931
71	9	suspected	18.563812
71	10	saw	15.174803
71	11	a	4.183839
71	12	painting	8.165521
71	13	at	6.178756
71	14	the	0.781797
71	15	museum	5.65662
71	16	.	1.113077
71	17	<eos>	-0.0
72	1	I	0.0
72	2	realized	10.70379
72	3	who	8.910713
72	4	the	6.23978
72	5	painter	13.821267
72	6	believed	9.374365
72	7	his	8.449496
72	8	rival	12.330931
72	9	suspected	18.563812
72	10	the	5.84727
72	11	suffering	15.118411
72	12	artist	14.874825
72	13	saw	10.716951
72	14	a	5.57665
72	15	painting	8.228125
72	16	at	6.067531
72	17	the	0.832776
72	18	museum	5.507973
72	19	.	1.049799
72	20	<eos>	-0.0
73	1	I	0.0
73	2	realized	10.70379
73	3	that	0.826327
73	4	the	2.072847
73	5	painter	15.507481
73	6	believed	9.709238
73	7	his	6.598816
73	8	rival	12.96275
73	9	suspected	16.70166
73	10	the	3.388716
73	11	man	7.72374
73	12	said	11.816598
73	13	saw	15.21318
73	14	a	3.932976
73	15	painting	7.127717
73	16	at	5.597511
73	17	the	0.775143
73	18	museum	6.026225
73	19	.	1.489565
73	20	<eos>	-0.0
74	1	I	0.0
74	2	realized	10.70379
74	3	that	0.826327
74	4	the	2.072847
74	5	painter	15.507481
74	6	believed	9.709238
74	7	his	6.598816
74	8	rival	12.96275
74	9	suspected	16.70166
74	10	the	3.388716
74	11	man	7.72374
74	12	said	11.816598
74	13	the	5.288538
74	14	suffering	14.847774
74	15	artist	16.314665
74	16	saw	10.570435
74	17	a	4.480397
74	18	painting	7.470413
74	19	at	6.100992
74	20	the	0.830622
74	21	museum	5.739245
74	22	.	1.484427
74	23	<eos>	-0.0
75	1	I	0.0
75	2	realized	10.70379
75	3	who	8.910713
75	4	the	6.23978
75	5	painter	13.821267
75	6	believed	9.374365
75	7	his	8.449496
75	8	rival	12.330931
75	9	suspected	18.563812
75	10	the	5.84727
75	11	man	7.596605
75	12	said	11.562387
75	13	saw	14.925035
75	14	a	4.023696
75	15	painting	7.395126
75	16	at	5.704
75	17	the	0.73434
75	18	museum	5.729682
75	19	.	1.185336
75	20	<eos>	-0.0
76	1	I	0.0
76	2	realized	10.70379
76	3	who	8.910713
76	4	the	6.23978
76	5	painter	13.821267
76	6	believed	9.374365
76	7	his	8.449496
76	8	rival	12.330931
76	9	suspected	18.563812
76	10	the	5.84727
76	11	man	7.596605
76	12	said	11.562387
76	13	the	5.528698
76	14	suffering	14.751934
76	15	artist	16.223028
76	16	saw	10.429175
76	17	a	4.555311
76	18	painting	7.588364
76	19	at	6.020798
76	20	the	0.793076
76	21	museum	5.289867
76	22	.	1.217513
76	23	<eos>	-0.0
77	1	I	0.0
77	2	realized	10.70379
77	3	that	0.826327
77	4	the	2.072847
77	5	painter	15.507481
77	6	believed	9.709238
77	7	his	6.598816
77	8	rival	12.96275
77	9	suspected	16.70166
77	10	the	3.388716
77	11	man	7.72374
77	12	said	11.816598
77	13	his	7.116247
77	14	friend	6.521747
77	15	recalls	16.12763
77	16	saw	17.582827
77	17	a	3.701405
77	18	painting	6.999894
77	19	at	5.275158
77	20	the	0.800428
77	21	museum	6.036612
77	22	.	1.487344
77	23	<eos>	-0.0
78	1	I	0.0
78	2	realized	10.70379
78	3	that	0.826327
78	4	the	2.072847
78	5	painter	15.507481
78	6	believed	9.709238
78	7	his	6.598816
78	8	rival	12.96275
78	9	suspected	16.70166
78	10	the	3.388716
78	11	man	7.72374
78	12	said	11.816598
78	13	his	7.116247
78	14	friend	6.521747
78	15	recalls	16.12763
78	16	the	2.489272
78	17	suffering	12.629049
78	18	artist	16.591845
78	19	saw	12.705081
78	20	a	5.614789
78	21	painting	6.698184
78	22	at	5.504518
78	23	the	0.835381
78	24	museum	5.517101
78	25	.	1.305671
78	26	<eos>	-0.0
79	1	I	0.0
79	2	realized	10.70379
79	3	who	8.910713
79	4	the	6.23978
79	5	painter	13.821267
79	6	believed	9.374365
79	7	his	8.449496
79	8	rival	12.330931
79	9	suspected	18.563812
79	10	the	5.84727
79	11	man	7.596605
79	12	said	11.562387
79	13	his	7.86914
79	14	friend	6.650694
79	15	recalls	15.882998
79	16	saw	16.735077
79	17	a	3.652035
79	18	painting	7.22688
79	19	at	5.182682
79	20	the	0.757607
79	21	museum	5.719904
79	22	.	1.182707
79	23	<eos>	-0.0
80	1	I	0.0
80	2	realized	10.70379
80	3	who	8.910713
80	4	the	6.23978
80	5	painter	13.821267
80	6	believed	9.374365
80	7	his	8.449496
80	8	rival	12.330931
80	9	suspected	18.563812
80	10	the	5.84727
80	11	man	7.596605
80	12	said	11.562387
80	13	his	7.86914
80	14	friend	6.650694
80	15	recalls	15.882998
80	16	the	2.581907
80	17	suffering	12.874643
80	18	artist	16.659374
80	19	saw	12.623835
80	20	a	5.428747
80	21	painting	6.893996
80	22	at	5.522667
80	23	the	0.800604
80	24	museum	5.305118
80	25	.	1.142512
80	26	<eos>	-0.0
81	1	The	0.0
81	2	novel	15.75654
81	3	revealed	13.273339
81	4	that	1.524586
81	5	said	18.460558
81	6	something	13.742394
81	7	to	5.253808
81	8	his	6.512891
81	9	donors	17.785254
81	10	.	4.358109
81	11	<eos>	-0.0
82	1	The	0.0
82	2	novel	15.75654
82	3	revealed	13.273339
82	4	that	1.524586
82	5	the	1.822094
82	6	young	8.327307
82	7	politician	12.411454
82	8	said	10.050961
82	9	something	10.553848
82	10	to	2.930087
82	11	his	5.389567
82	12	donors	18.010822
82	13	.	2.254263
82	14	<eos>	-0.0
83	1	The	0.0
83	2	novel	15.75654
83	3	revealed	13.273339
83	4	who	12.761129
83	5	said	9.423372
83	6	something	10.169969
83	7	to	4.368761
83	8	his	5.90607
83	9	donors	18.193657
83	10	.	2.016184
83	11	<eos>	-0.0
84	1	The	0.0
84	2	novel	15.75654
84	3	revealed	13.273339
84	4	who	12.761129
84	5	the	6.569498
84	6	young	8.482161
84	7	politician	11.893276
84	8	said	9.235434
84	9	something	12.641572
84	10	to	3.206112
84	11	his	4.859659
84	12	donors	18.009773
84	13	.	1.862463
84	14	<eos>	-0.0
85	1	The	0.0
85	2	novel	15.75654
85	3	revealed	13.273339
85	4	that	1.524586
85	5	our	13.163885
85	6	friend	8.586658
85	7	thought	10.733902
85	8	said	16.33357
85	9	something	7.924995
85	10	to	3.752923
85	11	his	6.026354
85	12	donors	17.625954
85	13	.	2.21998
85	14	<eos>	-0.0
86	1	The	0.0
86	2	novel	15.75654
86	3	revealed	13.273339
86	4	that	1.524586
86	5	our	13.163885
86	6	friend	8.586658
86	7	thought	10.733902
86	8	the	2.94787
86	9	young	8.616003
86	10	politician	13.786615
86	11	said	11.884658
86	12	something	8.673259
86	13	to	2.677943
86	14	his	6.118827
86	15	donors	18.784473
86	16	.	1.934643
86	17	<eos>	-0.0
87	1	The	0.0
87	2	novel	15.75654
87	3	revealed	13.273339
87	4	who	12.761129
87	5	our	15.727907
87	6	friend	6.8973
87	7	thought	9.553432
87	8	said	14.226559
87	9	something	8.531826
87	10	to	3.281007
87	11	his	6.310268
87	12	donors	17.995827
87	13	.	1.668604
87	14	<eos>	-0.0
88	1	The	0.0
88	2	novel	15.75654
88	3	revealed	13.273339
88	4	who	12.761129
88	5	our	15.727907
88	6	friend	6.8973
88	7	thought	9.553432
88	8	the	4.100929
88	9	young	9.032013
88	10	politician	13.616467
88	11	said	11.449308
88	12	something	10.967606
88	13	to	3.355397
88	14	his	5.431307
88	15	donors	18.133438
88	16	.	1.861562
88	17	<eos>	-0.0
89	1	The	0.0
89	2	novel	15.75654
89	3	revealed	13.273339
89	4	that	1.524586
89	5	our	13.163885
89	6	friend	8.586658
89	7	thought	10.733902
89	8	the	2.94787
89	9	reporter	12.58854
89	10	knows	11.713312
89	11	said	17.7073
89	12	something	7.258227
89	13	to	3.405954
89	14	his	6.37984
89	15	donors	18.007936
89	16	.	1.686087
89	17	<eos>	-0.0
90	1	The	0.0
90	2	novel	15.75654
90	3	revealed	13.273339
90	4	that	1.524586
90	5	our	13.163885
90	6	friend	8.586658
90	7	thought	10.733902
90	8	the	2.94787
90	9	reporter	12.58854
90	10	knows	11.713312
90	11	the	3.978675
90	12	young	12.490607
90	13	politician	13.777658
90	14	said	11.822789
90	15	something	8.454764
90	16	to	3.150996
90	17	his	5.998031
90	18	donors	18.948717
90	19	.	1.402904
90	20	<eos>	-0.0
91	1	The	0.0
91	2	novel	15.75654
91	3	revealed	13.273339
91	4	who	12.761129
91	5	our	15.727907
91	6	friend	6.8973
91	7	thought	9.553432
91	8	the	4.100929
91	9	reporter	12.802058
91	10	knows	12.074018
91	11	said	15.806234
91	12	something	9.030836
91	13	to	2.665886
91	14	his	6.198663
91	15	donors	18.375378
91	16	.	1.342082
91	17	<eos>	-0.0
92	1	The	0.0
92	2	novel	15.75654
92	3	revealed	13.273339
92	4	who	12.761129
92	5	our	15.727907
92	6	friend	6.8973
92	7	thought	9.553432
92	8	the	4.100929
92	9	reporter	12.802058
92	10	knows	12.074018
92	11	the	4.961331
92	12	young	11.072701
92	13	politician	13.261599
92	14	said	12.15941
92	15	something	10.715776
92	16	to	3.566672
92	17	his	5.335497
92	18	donors	18.085133
92	19	.	1.39569
92	20	<eos>	-0.0
93	1	The	0.0
93	2	novel	15.75654
93	3	revealed	13.273339
93	4	that	1.524586
93	5	our	13.163885
93	6	friend	8.586658
93	7	thought	10.733902
93	8	the	2.94787
93	9	reporter	12.58854
93	10	knows	11.713312
93	11	her	7.9779
93	12	contact	11.550113
93	13	said	13.493815
93	14	said	15.441799
93	15	something	7.943985
93	16	to	4.403891
93	17	his	6.789545
93	18	donors	17.975668
93	19	.	1.290588
93	20	<eos>	-0.0
94	1	The	0.0
94	2	novel	15.75654
94	3	revealed	13.273339
94	4	that	1.524586
94	5	our	13.163885
94	6	friend	8.586658
94	7	thought	10.733902
94	8	the	2.94787
94	9	reporter	12.58854
94	10	knows	11.713312
94	11	her	7.9779
94	12	contact	11.550113
94	13	said	13.493815
94	14	the	3.999801
94	15	young	9.850493
94	16	politician	13.217844
94	17	said	10.330911
94	18	something	9.543835
94	19	to	3.085344
94	20	his	6.387598
94	21	donors	18.53829
94	22	.	1.406407
94	23	<eos>	-0.0
95	1	The	0.0
95	2	novel	15.75654
95	3	revealed	13.273339
95	4	who	12.761129
95	5	our	15.727907
95	6	friend	6.8973
95	7	thought	9.553432
95	8	the	4.100929
95	9	reporter	12.802058
95	10	knows	12.074018
95	11	her	8.791026
95	12	contact	12.899858
95	13	said	12.87753
95	14	said	14.712615
95	15	something	7.815003
95	16	to	3.423648
95	17	his	6.839917
95	18	donors	18.336809
95	19	.	1.195323
95	20	<eos>	-0.0
96	1	The	0.0
96	2	novel	15.75654
96	3	revealed	13.273339
96	4	who	12.761129
96	5	our	15.727907
96	6	friend	6.8973
96	7	thought	9.553432
96	8	the	4.100929
96	9	reporter	12.802058
96	10	knows	12.074018
96	11	her	8.791026
96	12	contact	12.899858
96	13	said	12.87753
96	14	the	5.450929
96	15	young	8.670232
96	16	politician	13.274991
96	17	said	10.266558
96	18	something	10.920309
96	19	to	3.39054
96	20	his	6.063525
96	21	donors	18.020559
96	22	.	1.367586
96	23	<eos>	-0.0
97	1	The	0.0
97	2	novel	15.75654
97	3	revealed	13.273339
97	4	that	1.524586
97	5	our	13.163885
97	6	friend	8.586658
97	7	thought	10.733902
97	8	the	2.94787
97	9	reporter	12.58854
97	10	knows	11.713312
97	11	her	7.9779
97	12	contact	11.550113
97	13	said	13.493815
97	14	his	8.062071
97	15	friend	6.162697
97	16	saw	10.923311
97	17	said	17.518312
97	18	something	7.147699
97	19	to	3.458488
97	20	his	6.017005
97	21	donors	18.216972
97	22	.	1.489906
97	23	<eos>	-0.0
98	1	The	0.0
98	2	novel	15.75654
98	3	revealed	13.273339
98	4	that	1.524586
98	5	our	13.163885
98	6	friend	8.586658
98	7	thought	10.733902
98	8	the	2.94787
98	9	reporter	12.58854
98	10	knows	11.713312
98	11	her	7.9779
98	12	contact	11.550113
98	13	said	13.493815
98	14	his	8.062071
98	15	friend	6.162697
98	16	saw	10.923311
98	17	the	2.995975
98	18	young	8.526591
98	19	politician	13.984298
98	20	said	13.465406
98	21	something	8.408638
98	22	to	3.054713
98	23	his	5.344257
98	24	donors	18.566883
98	25	.	1.377375
98	26	<eos>	-0.0
99	1	The	0.0
99	2	novel	15.75654
99	3	revealed	13.273339
99	4	who	12.761129
99	5	our	15.727907
99	6	friend	6.8973
99	7	thought	9.553432
99	8	the	4.100929
99	9	reporter	12.802058
99	10	knows	12.074018
99	11	her	8.791026
99	12	contact	12.899858
99	13	said	12.87753
99	14	his	9.800963
99	15	friend	5.478835
99	16	saw	11.131954
99	17	said	16.138868
99	18	something	9.489603
99	19	to	3.58594
99	20	his	5.831282
99	21	donors	18.436472
99	22	.	1.184991
99	23	<eos>	-0.0
100	1	The	0.0
100	2	novel	15.75654
100	3	revealed	13.273339
100	4	who	12.761129
100	5	our	15.727907
100	6	friend	6.8973
100	7	thought	9.553432
100	8	the	4.100929
100	9	reporter	12.802058
100	10	knows	12.074018
100	11	her	8.791026
100	12	contact	12.899858
100	13	said	12.87753
100	14	his	9.800963
100	15	friend	5.478835
100	16	saw	11.131954
100	17	the	3.505475
100	18	young	8.520093
100	19	politician	13.130671
100	20	said	12.864137
100	21	something	9.075486
100	22	to	3.176386
100	23	his	5.177064
100	24	donors	18.906105
100	25	.	1.306753
100	26	<eos>	-0.0
101	1	We	0.0
101	2	all	8.258053
101	3	know	3.618088
101	4	that	2.504345
101	5	assembled	19.740738
101	6	the	8.999769
101	7	bed	14.863431
101	8	for	5.996726
101	9	his	8.266681
101	10	parents	8.017561
101	11	.	6.581811
101	12	<eos>	-0.0
102	1	We	0.0
102	2	all	8.258053
102	3	know	3.618088
102	4	that	2.504345
102	5	the	2.179744
102	6	young	10.010603
102	7	professional	14.718312
102	8	assembled	17.092632
102	9	the	6.23825
102	10	bed	16.343203
102	11	for	4.236434
102	12	his	6.950792
102	13	parents	8.142207
102	14	.	2.256832
102	15	<eos>	-0.0
103	1	We	0.0
103	2	all	8.258053
103	3	know	3.618088
103	4	who	5.47427
103	5	assembled	15.343479
103	6	the	1.901937
103	7	bed	15.258559
103	8	for	3.896745
103	9	his	7.262781
103	10	parents	8.790033
103	11	.	1.889657
103	12	<eos>	-0.0
104	1	We	0.0
104	2	all	8.258053
104	3	know	3.618088
104	4	who	5.47427
104	5	the	4.627324
104	6	young	9.624987
104	7	professional	14.691945
104	8	assembled	15.903153
104	9	the	6.104837
104	10	bed	15.709182
104	11	for	4.192326
104	12	his	6.978541
104	13	parents	7.657984
104	14	.	1.40764
104	15	<eos>	-0.0
105	1	We	0.0
105	2	all	8.258053
105	3	know	3.618088
105	4	that	2.504345
105	5	my	8.984233
105	6	neighbor	11.780478
105	7	said	9.320017
105	8	assembled	20.986214
105	9	the	3.85052
105	10	bed	12.023385
105	11	for	3.694784
105	12	his	5.372887
105	13	parents	7.910968
105	14	.	2.342412
105	15	<eos>	-0.0
106	1	We	0.0
106	2	all	8.258053
106	3	know	3.618088
106	4	that	2.504345
106	5	my	8.984233
106	6	neighbor	11.780478
106	7	said	9.320017
106	8	the	3.742524
106	9	young	9.578177
106	10	professional	15.500974
106	11	assembled	15.634632
106	12	the	5.759899
106	13	bed	15.803622
106	14	for	4.171487
106	15	his	5.445984
106	16	parents	8.035994
106	17	.	1.99057
106	18	<eos>	-0.0
107	1	We	0.0
107	2	all	8.258053
107	3	know	3.618088
107	4	who	5.47427
107	5	my	10.763912
107	6	neighbor	10.27516
107	7	said	8.625268
107	8	assembled	18.554125
107	9	the	4.324308
107	10	bed	12.786687
107	11	for	3.897048
107	12	his	5.032341
107	13	parents	8.064343
107	14	.	1.744931
107	15	<eos>	-0.0
108	1	We	0.0
108	2	all	8.258053
108	3	know	3.618088
108	4	who	5.47427
108	5	my	10.763912
108	6	neighbor	10.27516
108	7	said	8.625268
108	8	the	5.089534
108	9	young	9.731186
108	10	professional	14.782845
108	11	assembled	14.941729
108	12	the	6.630157
108	13	bed	15.44895
108	14	for	4.392165
108	15	his	5.313518
108	16	parents	7.456993
108	17	.	1.492445
108	18	<eos>	-0.0
109	1	We	0.0
109	2	all	8.258053
109	3	know	3.618088
109	4	that	2.504345
109	5	my	8.984233
109	6	neighbor	11.780478
109	7	said	9.320017
109	8	her	8.284826
109	9	associate	14.527971
109	10	knew	7.885457
109	11	assembled	20.628176
109	12	the	4.234936
109	13	bed	11.723746
109	14	for	4.068539
109	15	his	5.928849
109	16	parents	7.601496
109	17	.	1.943085
109	18	<eos>	-0.0
110	1	We	0.0
110	2	all	8.258053
110	3	know	3.618088
110	4	that	2.504345
110	5	my	8.984233
110	6	neighbor	11.780478
110	7	said	9.320017
110	8	her	8.284826
110	9	associate	14.527971
110	10	knew	7.885457
110	11	the	4.002738
110	12	young	9.488609
110	13	professional	16.02297
110	14	assembled	16.42799
110	15	the	6.864765
110	16	bed	15.746453
110	17	for	4.58546
110	18	his	5.498196
110	19	parents	7.904566
110	20	.	1.725005
110	21	<eos>	-0.0
111	1	We	0.0
111	2	all	8.258053
111	3	know	3.618088
111	4	who	5.47427
111	5	my	10.763912
111	6	neighbor	10.27516
111	7	said	8.625268
111	8	her	10.719226
111	9	associate	14.902839
111	10	knew	8.376236
111	11	assembled	19.638897
111	12	the	5.079183
111	13	bed	13.027988
111	14	for	4.022796
111	15	his	5.965174
111	16	parents	7.974059
111	17	.	1.660023
111	18	<eos>	-0.0
112	1	We	0.0
112	2	all	8.258053
112	3	know	3.618088
112	4	who	5.47427
112	5	my	10.763912
112	6	neighbor	10.27516
112	7	said	8.625268
112	8	her	10.719226
112	9	associate	14.902839
112	10	knew	8.376236
112	11	the	4.941906
112	12	young	9.478276
112	13	professional	15.422958
112	14	assembled	16.08559
112	15	the	6.982549
112	16	bed	15.626927
112	17	for	4.432975
112	18	his	5.464282
112	19	parents	8.074723
112	20	.	1.540713
112	21	<eos>	-0.0
113	1	We	0.0
113	2	all	8.258053
113	3	know	3.618088
113	4	that	2.504345
113	5	my	8.984233
113	6	neighbor	11.780478
113	7	said	9.320017
113	8	her	8.284826
113	9	associate	14.527971
113	10	knew	7.885457
113	11	a	7.278629
113	12	friend	7.825838
113	13	thinks	14.022681
113	14	assembled	19.344578
113	15	the	7.647388
113	16	bed	13.48241
113	17	for	4.376853
113	18	his	6.269029
113	19	parents	7.240042
113	20	.	1.553554
113	21	<eos>	-0.0
114	1	We	0.0
114	2	all	8.258053
114	3	know	3.618088
114	4	that	2.504345
114	5	my	8.984233
114	6	neighbor	11.780478
114	7	said	9.320017
114	8	her	8.284826
114	9	associate	14.527971
114	10	knew	7.885457
114	11	a	7.278629
114	12	friend	7.825838
114	13	thinks	14.022681
114	14	the	4.354785
114	15	young	9.3411
114	16	professional	15.728609
114	17	assembled	16.091227
114	18	the	5.760369
114	19	bed	15.62589
114	20	for	3.95823
114	21	his	5.445777
114	22	parents	8.296363
114	23	.	1.636071
114	24	<eos>	-0.0
115	1	We	0.0
115	2	all	8.258053
115	3	know	3.618088
115	4	who	5.47427
115	5	my	10.763912
115	6	neighbor	10.27516
115	7	said	8.625268
115	8	her	10.719226
115	9	associate	14.902839
115	10	knew	8.376236
115	11	a	8.298916
115	12	friend	7.477678
115	13	thinks	14.102839
115	14	assembled	18.107296
115	15	the	7.124649
115	16	bed	13.527525
115	17	for	4.831959
115	18	his	6.625137
115	19	parents	7.631294
115	20	.	1.489531
115	21	<eos>	-0.0
116	1	We	0.0
116	2	all	8.258053
116	3	know	3.618088
116	4	who	5.47427
116	5	my	10.763912
116	6	neighbor	10.27516
116	7	said	8.625268
116	8	her	10.719226
116	9	associate	14.902839
116	10	knew	8.376236
116	11	a	8.298916
116	12	friend	7.477678
116	13	thinks	14.102839
116	14	the	5.499289
116	15	young	9.169704
116	16	professional	15.309656
116	17	assembled	16.303228
116	18	the	6.657426
116	19	bed	15.042841
116	20	for	4.044186
116	21	his	5.564421
116	22	parents	7.91059
116	23	.	1.348667
116	24	<eos>	-0.0
117	1	We	0.0
117	2	all	8.258053
117	3	know	3.618088
117	4	that	2.504345
117	5	my	8.984233
117	6	neighbor	11.780478
117	7	said	9.320017
117	8	her	8.284826
117	9	associate	14.527971
117	10	knew	7.885457
117	11	a	7.278629
117	12	friend	7.825838
117	13	thinks	14.022681
117	14	her	5.490437
117	15	sister	7.336143
117	16	believes	12.36565
117	17	assembled	21.84227
117	18	the	6.342162
117	19	bed	13.212027
117	20	for	4.442023
117	21	his	5.16555
117	22	parents	7.359316
117	23	.	1.360537
117	24	<eos>	-0.0
118	1	We	0.0
118	2	all	8.258053
118	3	know	3.618088
118	4	that	2.504345
118	5	my	8.984233
118	6	neighbor	11.780478
118	7	said	9.320017
118	8	her	8.284826
118	9	associate	14.527971
118	10	knew	7.885457
118	11	a	7.278629
118	12	friend	7.825838
118	13	thinks	14.022681
118	14	her	5.490437
118	15	sister	7.336143
118	16	believes	12.36565
118	17	the	4.006218
118	18	young	8.694192
118	19	professional	16.402998
118	20	assembled	17.58807
118	21	the	6.120452
118	22	bed	16.151169
118	23	for	4.008883
118	24	his	4.878635
118	25	parents	7.912037
118	26	.	1.55871
118	27	<eos>	-0.0
119	1	We	0.0
119	2	all	8.258053
119	3	know	3.618088
119	4	who	5.47427
119	5	my	10.763912
119	6	neighbor	10.27516
119	7	said	8.625268
119	8	her	10.719226
119	9	associate	14.902839
119	10	knew	8.376236
119	11	a	8.298916
119	12	friend	7.477678
119	13	thinks	14.102839
119	14	her	6.840467
119	15	sister	7.213325
119	16	believes	12.980904
119	17	assembled	20.641083
119	18	the	6.905148
119	19	bed	13.181026
119	20	for	3.748914
119	21	his	5.616661
119	22	parents	7.851297
119	23	.	1.483503
119	24	<eos>	-0.0
120	1	We	0.0
120	2	all	8.258053
120	3	know	3.618088
120	4	who	5.47427
120	5	my	10.763912
120	6	neighbor	10.27516
120	7	said	8.625268
120	8	her	10.719226
120	9	associate	14.902839
120	10	knew	8.376236
120	11	a	8.298916
120	12	friend	7.477678
120	13	thinks	14.102839
120	14	her	6.840467
120	15	sister	7.213325
120	16	believes	12.980904
120	17	the	5.070725
120	18	young	8.535287
120	19	professional	16.563856
120	20	assembled	16.913782
120	21	the	5.859778
120	22	bed	15.890673
120	23	for	3.9118
120	24	his	5.150919
120	25	parents	8.053844
120	26	.	1.518406
120	27	<eos>	-0.0
121	1	I	0.0
121	2	know	6.278276
121	3	that	2.352433
121	4	found	15.364457
121	5	a	4.375119
121	6	quarter	10.979735
121	7	on	4.968102
121	8	the	1.029947
121	9	bus	11.369803
121	10	.	2.316666
121	11	<eos>	-0.0
122	1	I	0.0
122	2	know	6.278276
122	3	that	2.352433
122	4	the	2.35511
122	5	elderly	13.702141
122	6	lady	8.609021
122	7	found	10.687602
122	8	a	3.51434
122	9	quarter	13.158834
122	10	on	5.139057
122	11	the	1.29254
122	12	bus	10.742983
122	13	.	2.186831
122	14	<eos>	-0.0
123	1	I	0.0
123	2	know	6.278276
123	3	who	6.580016
123	4	found	11.117962
123	5	a	3.934731
123	6	quarter	12.382004
123	7	on	4.685202
123	8	the	1.050895
123	9	bus	10.620629
123	10	.	1.928754
123	11	<eos>	-0.0
124	1	I	0.0
124	2	know	6.278276
124	3	who	6.580016
124	4	the	5.056487
124	5	elderly	14.098608
124	6	lady	9.313284
124	7	found	10.646473
124	8	a	5.93708
124	9	quarter	9.926377
124	10	on	4.55946
124	11	the	2.966485
124	12	bus	10.626757
124	13	.	1.677242
124	14	<eos>	-0.0
125	1	I	0.0
125	2	know	6.278276
125	3	that	2.352433
125	4	their	8.129355
125	5	friend	10.08231
125	6	said	8.900555
125	7	found	17.506756
125	8	a	3.688751
125	9	quarter	11.520927
125	10	on	5.312775
125	11	the	1.234137
125	12	bus	10.964241
125	13	.	2.105199
125	14	<eos>	-0.0
126	1	I	0.0
126	2	know	6.278276
126	3	that	2.352433
126	4	their	8.129355
126	5	friend	10.08231
126	6	said	8.900555
126	7	the	3.843752
126	8	elderly	14.818188
126	9	lady	8.275287
126	10	found	9.589368
126	11	a	3.69576
126	12	quarter	12.965087
126	13	on	4.928467
126	14	the	1.505051
126	15	bus	10.627922
126	16	.	1.728671
126	17	<eos>	-0.0
127	1	I	0.0
127	2	know	6.278276
127	3	who	6.580016
127	4	their	11.182029
127	5	friend	8.477739
127	6	said	8.389433
127	7	found	17.040056
127	8	a	3.626022
127	9	quarter	11.130453
127	10	on	5.512877
127	11	the	1.219287
127	12	bus	11.064291
127	13	.	1.617988
127	14	<eos>	-0.0
128	1	I	0.0
128	2	know	6.278276
128	3	who	6.580016
128	4	their	11.182029
128	5	friend	8.477739
128	6	said	8.389433
128	7	the	5.057198
128	8	elderly	14.035393
128	9	lady	8.271331
128	10	found	9.135312
128	11	a	3.951958
128	12	quarter	12.222847
128	13	on	4.606006
128	14	the	1.436041
128	15	bus	10.420608
128	16	.	1.434647
128	17	<eos>	-0.0
129	1	I	0.0
129	2	know	6.278276
129	3	that	2.352433
129	4	their	8.129355
129	5	friend	10.08231
129	6	said	8.900555
129	7	the	3.843752
129	8	secretary	13.904811
129	9	believed	10.079372
129	10	found	16.202574
129	11	a	3.892059
129	12	quarter	12.546092
129	13	on	5.330203
129	14	the	0.934927
129	15	bus	11.990079
129	16	.	1.972937
129	17	<eos>	-0.0
130	1	I	0.0
130	2	know	6.278276
130	3	that	2.352433
130	4	their	8.129355
130	5	friend	10.08231
130	6	said	8.900555
130	7	the	3.843752
130	8	secretary	13.904811
130	9	believed	10.079372
130	10	the	3.213356
130	11	elderly	15.452872
130	12	lady	11.107269
130	13	found	11.141254
130	14	a	3.378915
130	15	quarter	13.282857
130	16	on	5.267912
130	17	the	1.282872
130	18	bus	11.378952
130	19	.	1.558103
130	20	<eos>	-0.0
131	1	I	0.0
131	2	know	6.278276
131	3	who	6.580016
131	4	their	11.182029
131	5	friend	8.477739
131	6	said	8.389433
131	7	the	5.057198
131	8	secretary	13.769246
131	9	believed	10.348664
131	10	found	14.494035
131	11	a	4.316578
131	12	quarter	12.271742
131	13	on	5.541929
131	14	the	0.895972
131	15	bus	12.068868
131	16	.	1.600808
131	17	<eos>	-0.0
132	1	I	0.0
132	2	know	6.278276
132	3	who	6.580016
132	4	their	11.182029
132	5	friend	8.477739
132	6	said	8.389433
132	7	the	5.057198
132	8	secretary	13.769246
132	9	believed	10.348664
132	10	the	4.292023
132	11	elderly	15.147664
132	12	lady	11.19419
132	13	found	10.284283
132	14	a	3.499795
132	15	quarter	13.104295
132	16	on	5.074394
132	17	the	1.266301
132	18	bus	11.117462
132	19	.	1.331195
132	20	<eos>	-0.0
133	1	I	0.0
133	2	know	6.278276
133	3	that	2.352433
133	4	their	8.129355
133	5	friend	10.08231
133	6	said	8.900555
133	7	the	3.843752
133	8	secretary	13.904811
133	9	believed	10.079372
133	10	the	3.213356
133	11	worker	13.324497
133	12	thinks	13.905668
133	13	found	15.967693
133	14	a	6.083216
133	15	quarter	11.430232
133	16	on	4.578671
133	17	the	1.381497
133	18	bus	11.441848
133	19	.	1.499802
133	20	<eos>	-0.0
134	1	I	0.0
134	2	know	6.278276
134	3	that	2.352433
134	4	their	8.129355
134	5	friend	10.08231
134	6	said	8.900555
134	7	the	3.843752
134	8	secretary	13.904811
134	9	believed	10.079372
134	10	the	3.213356
134	11	worker	13.324497
134	12	thinks	13.905668
134	13	the	3.648814
134	14	elderly	15.051997
134	15	lady	8.512668
134	16	found	11.701938
134	17	a	3.385452
134	18	quarter	13.012706
134	19	on	5.241827
134	20	the	1.313815
134	21	bus	11.227048
134	22	.	1.373062
134	23	<eos>	-0.0
135	1	I	0.0
135	2	know	6.278276
135	3	who	6.580016
135	4	their	11.182029
135	5	friend	8.477739
135	6	said	8.389433
135	7	the	5.057198
135	8	secretary	13.769246
135	9	believed	10.348664
135	10	the	4.292023
135	11	worker	13.449773
135	12	thinks	13.011417
135	13	found	15.261486
135	14	a	6.369925
135	15	quarter	11.075567
135	16	on	4.299984
135	17	the	1.337272
135	18	bus	11.172637
135	19	.	1.336753
135	20	<eos>	-0.0
136	1	I	0.0
136	2	know	6.278276
136	3	who	6.580016
136	4	their	11.182029
136	5	friend	8.477739
136	6	said	8.389433
136	7	the	5.057198
136	8	secretary	13.769246
136	9	believed	10.348664
136	10	the	4.292023
136	11	worker	13.449773
136	12	thinks	13.011417
136	13	the	3.757905
136	14	elderly	15.261654
136	15	lady	8.322407
136	16	found	11.584944
136	17	a	3.408685
136	18	quarter	12.78326
136	19	on	5.087298
136	20	the	1.288846
136	21	bus	10.919301
136	22	.	1.198743
136	23	<eos>	-0.0
137	1	I	0.0
137	2	know	6.278276
137	3	that	2.352433
137	4	their	8.129355
137	5	friend	10.08231
137	6	said	8.900555
137	7	the	3.843752
137	8	secretary	13.904811
137	9	believed	10.079372
137	10	the	3.213356
137	11	worker	13.324497
137	12	thinks	13.905668
137	13	his	5.975943
137	14	boss	10.963655
137	15	reported	16.386204
137	16	found	17.741907
137	17	a	3.511343
137	18	quarter	12.722504
137	19	on	5.381669
137	20	the	1.430492
137	21	bus	10.731928
137	22	.	1.258754
137	23	<eos>	-0.0
138	1	I	0.0
138	2	know	6.278276
138	3	that	2.352433
138	4	their	8.129355
138	5	friend	10.08231
138	6	said	8.900555
138	7	the	3.843752
138	8	secretary	13.904811
138	9	believed	10.079372
138	10	the	3.213356
138	11	worker	13.324497
138	12	thinks	13.905668
138	13	his	5.975943
138	14	boss	10.963655
138	15	reported	16.386204
138	16	the	3.770115
138	17	elderly	16.225397
138	18	lady	10.559435
138	19	found	11.145404
138	20	a	3.522152
138	21	quarter	12.818222
138	22	on	5.299658
138	23	the	1.479995
138	24	bus	10.870426
138	25	.	1.257962
138	26	<eos>	-0.0
139	1	I	0.0
139	2	know	6.278276
139	3	who	6.580016
139	4	their	11.182029
139	5	friend	8.477739
139	6	said	8.389433
139	7	the	5.057198
139	8	secretary	13.769246
139	9	believed	10.348664
139	10	the	4.292023
139	11	worker	13.449773
139	12	thinks	13.011417
139	13	his	6.244486
139	14	boss	11.092704
139	15	reported	16.373032
139	16	found	17.688448
139	17	a	3.414319
139	18	quarter	12.540785
139	19	on	5.311298
139	20	the	1.37935
139	21	bus	10.555866
139	22	.	1.160984
139	23	<eos>	-0.0
140	1	I	0.0
140	2	know	6.278276
140	3	who	6.580016
140	4	their	11.182029
140	5	friend	8.477739
140	6	said	8.389433
140	7	the	5.057198
140	8	secretary	13.769246
140	9	believed	10.348664
140	10	the	4.292023
140	11	worker	13.449773
140	12	thinks	13.011417
140	13	his	6.244486
140	14	boss	11.092704
140	15	reported	16.373032
140	16	the	3.720355
140	17	elderly	16.361858
140	18	lady	10.574965
140	19	found	11.262511
140	20	a	3.684729
140	21	quarter	12.579478
140	22	on	5.211061
140	23	the	1.452578
140	24	bus	10.621668
140	25	.	1.196341
140	26	<eos>	-0.0
141	1	My	0.0
141	2	friends	9.589454
141	3	all	9.680534
141	4	know	7.307799
141	5	that	3.438189
141	6	described	19.89151
141	7	her	6.69201
141	8	woes	14.925462
141	9	to	6.759687
141	10	her	2.9886
141	11	friends	6.490018
141	12	.	2.269689
141	13	<eos>	-0.0
142	1	My	0.0
142	2	friends	9.589454
142	3	all	9.680534
142	4	know	7.307799
142	5	that	3.438189
142	6	the	2.843106
142	7	single	10.906606
142	8	mother	7.698475
142	9	described	14.023064
142	10	her	2.730906
142	11	woes	16.190928
142	12	to	7.677012
142	13	her	2.983194
142	14	friends	6.937651
142	15	.	3.153656
142	16	<eos>	-0.0
143	1	My	0.0
143	2	friends	9.589454
143	3	all	9.680534
143	4	know	7.307799
143	5	who	6.626571
143	6	described	14.582745
143	7	her	5.705444
143	8	woes	15.505157
143	9	to	7.175706
143	10	her	2.848289
143	11	friends	5.583226
143	12	.	1.18297
143	13	<eos>	-0.0
144	1	My	0.0
144	2	friends	9.589454
144	3	all	9.680534
144	4	know	7.307799
144	5	who	6.626571
144	6	the	5.589694
144	7	single	12.115098
144	8	mother	5.811737
144	9	described	13.532599
144	10	her	6.816396
144	11	woes	15.184195
144	12	to	7.315614
144	13	her	3.050607
144	14	friends	6.416253
144	15	.	1.196612
144	16	<eos>	-0.0
145	1	My	0.0
145	2	friends	9.589454
145	3	all	9.680534
145	4	know	7.307799
145	5	that	3.438189
145	6	her	7.638736
145	7	friend	7.742016
145	8	knew	10.835517
145	9	described	19.501869
145	10	her	2.729795
145	11	woes	16.222044
145	12	to	7.244143
145	13	her	2.87364
145	14	friends	5.693031
145	15	.	2.691476
145	16	<eos>	-0.0
146	1	My	0.0
146	2	friends	9.589454
146	3	all	9.680534
146	4	know	7.307799
146	5	that	3.438189
146	6	her	7.638736
146	7	friend	7.742016
146	8	knew	10.835517
146	9	the	3.488934
146	10	single	11.348373
146	11	mother	6.69444
146	12	described	15.543319
146	13	her	2.083078
146	14	woes	15.623053
146	15	to	7.209356
146	16	her	2.371205
146	17	friends	6.234753
146	18	.	2.094227
146	19	<eos>	-0.0
147	1	My	0.0
147	2	friends	9.589454
147	3	all	9.680534
147	4	know	7.307799
147	5	who	6.626571
147	6	her	9.757621
147	7	friend	6.511607
147	8	knew	10.951263
147	9	described	21.349876
147	10	her	7.768831
147	11	woes	15.637886
147	12	to	7.504196
147	13	her	2.913396
147	14	friends	5.741776
147	15	.	1.168754
147	16	<eos>	-0.0
148	1	My	0.0
148	2	friends	9.589454
148	3	all	9.680534
148	4	know	7.307799
148	5	who	6.626571
148	6	her	9.757621
148	7	friend	6.511607
148	8	knew	10.951263
148	9	the	4.790865
148	10	single	12.258187
148	11	mother	7.183674
148	12	described	13.680412
148	13	her	5.458247
148	14	woes	15.124776
148	15	to	7.405999
148	16	her	2.935334
148	17	friends	6.48963
148	18	.	1.127016
148	19	<eos>	-0.0
149	1	My	0.0
149	2	friends	9.589454
149	3	all	9.680534
149	4	know	7.307799
149	5	that	3.438189
149	6	her	7.638736
149	7	friend	7.742016
149	8	knew	10.835517
149	9	the	3.488934
149	10	delivery	15.95525
149	11	man	8.240944
149	12	believed	12.741748
149	13	described	19.116774
149	14	her	4.158127
149	15	woes	16.789911
149	16	to	7.158217
149	17	her	2.943312
149	18	friends	5.803337
149	19	.	1.979263
149	20	<eos>	-0.0
150	1	My	0.0
150	2	friends	9.589454
150	3	all	9.680534
150	4	know	7.307799
150	5	that	3.438189
150	6	her	7.638736
150	7	friend	7.742016
150	8	knew	10.835517
150	9	the	3.488934
150	10	delivery	15.95525
150	11	man	8.240944
150	12	believed	12.741748
150	13	the	4.07634
150	14	single	10.587285
150	15	mother	7.492545
150	16	described	15.343827
150	17	her	1.839135
150	18	woes	16.040554
150	19	to	7.150439
150	20	her	2.752781
150	21	friends	6.362111
150	22	.	1.825777
150	23	<eos>	-0.0
151	1	My	0.0
151	2	friends	9.589454
151	3	all	9.680534
151	4	know	7.307799
151	5	who	6.626571
151	6	her	9.757621
151	7	friend	6.511607
151	8	knew	10.951263
151	9	the	4.790865
151	10	delivery	16.317404
151	11	man	6.35535
151	12	believed	11.520553
151	13	described	18.029169
151	14	her	7.9776
151	15	woes	16.102383
151	16	to	7.072484
151	17	her	2.750027
151	18	friends	6.031931
151	19	.	1.467364
151	20	<eos>	-0.0
152	1	My	0.0
152	2	friends	9.589454
152	3	all	9.680534
152	4	know	7.307799
152	5	who	6.626571
152	6	her	9.757621
152	7	friend	6.511607
152	8	knew	10.951263
152	9	the	4.790865
152	10	delivery	16.317404
152	11	man	6.35535
152	12	believed	11.520553
152	13	the	5.707651
152	14	single	10.858785
152	15	mother	7.11838
152	16	described	14.482081
152	17	her	4.785356
152	18	woes	15.067076
152	19	to	6.904983
152	20	her	2.607187
152	21	friends	6.174926
152	22	.	1.039304
152	23	<eos>	-0.0
153	1	My	0.0
153	2	friends	9.589454
153	3	all	9.680534
153	4	know	7.307799
153	5	that	3.438189
153	6	her	7.638736
153	7	friend	7.742016
153	8	knew	10.835517
153	9	the	3.488934
153	10	delivery	15.95525
153	11	man	8.240944
153	12	believed	12.741748
153	13	the	4.07634
153	14	cop	14.394814
153	15	said	13.292475
153	16	described	19.131605
153	17	her	4.310005
153	18	woes	17.442356
153	19	to	6.695148
153	20	her	2.731296
153	21	friends	5.533549
153	22	.	1.799543
153	23	<eos>	-0.0
154	1	My	0.0
154	2	friends	9.589454
154	3	all	9.680534
154	4	know	7.307799
154	5	that	3.438189
154	6	her	7.638736
154	7	friend	7.742016
154	8	knew	10.835517
154	9	the	3.488934
154	10	delivery	15.95525
154	11	man	8.240944
154	12	believed	12.741748
154	13	the	4.07634
154	14	cop	14.394814
154	15	said	13.292475
154	16	the	3.812345
154	17	single	12.027809
154	18	mother	8.058905
154	19	described	14.962722
154	20	her	2.298706
154	21	woes	17.460707
154	22	to	7.402415
154	23	her	2.580057
154	24	friends	6.307962
154	25	.	1.788073
154	26	<eos>	-0.0
155	1	My	0.0
155	2	friends	9.589454
155	3	all	9.680534
155	4	know	7.307799
155	5	who	6.626571
155	6	her	9.757621
155	7	friend	6.511607
155	8	knew	10.951263
155	9	the	4.790865
155	10	delivery	16.317404
155	11	man	6.35535
155	12	believed	11.520553
155	13	the	5.707651
155	14	cop	13.96282
155	15	said	11.765974
155	16	described	18.544516
155	17	her	6.556238
155	18	woes	16.607162
155	19	to	6.707327
155	20	her	2.999017
155	21	friends	5.818147
155	22	.	1.186249
155	23	<eos>	-0.0
156	1	My	0.0
156	2	friends	9.589454
156	3	all	9.680534
156	4	know	7.307799
156	5	who	6.626571
156	6	her	9.757621
156	7	friend	6.511607
156	8	knew	10.951263
156	9	the	4.790865
156	10	delivery	16.317404
156	11	man	6.35535
156	12	believed	11.520553
156	13	the	5.707651
156	14	cop	13.96282
156	15	said	11.765974
156	16	the	5.258532
156	17	single	11.975203
156	18	mother	8.015994
156	19	described	14.623683
156	20	her	2.482363
156	21	woes	17.122269
156	22	to	7.552753
156	23	her	2.493284
156	24	friends	6.407617
156	25	.	1.3278
156	26	<eos>	-0.0
157	1	My	0.0
157	2	friends	9.589454
157	3	all	9.680534
157	4	know	7.307799
157	5	that	3.438189
157	6	her	7.638736
157	7	friend	7.742016
157	8	knew	10.835517
157	9	the	3.488934
157	10	delivery	15.95525
157	11	man	8.240944
157	12	believed	12.741748
157	13	the	4.07634
157	14	cop	14.394814
157	15	said	13.292475
157	16	his	7.551296
157	17	partner	9.219597
157	18	recalled	14.423259
157	19	described	18.687017
157	20	her	5.410059
157	21	woes	16.435356
157	22	to	6.471848
157	23	her	2.915687
157	24	friends	5.742198
157	25	.	2.335521
157	26	<eos>	-0.0
158	1	My	0.0
158	2	friends	9.589454
158	3	all	9.680534
158	4	know	7.307799
158	5	that	3.438189
158	6	her	7.638736
158	7	friend	7.742016
158	8	knew	10.835517
158	9	the	3.488934
158	10	delivery	15.95525
158	11	man	8.240944
158	12	believed	12.741748
158	13	the	4.07634
158	14	cop	14.394814
158	15	said	13.292475
158	16	his	7.551296
158	17	partner	9.219597
158	18	recalled	14.423259
158	19	the	3.180249
158	20	single	11.098718
158	21	mother	10.518435
158	22	described	14.2149
158	23	her	6.168312
158	24	woes	16.487272
158	25	to	6.939363
158	26	her	2.559731
158	27	friends	6.737908
158	28	.	1.71156
158	29	<eos>	-0.0
159	1	My	0.0
159	2	friends	9.589454
159	3	all	9.680534
159	4	know	7.307799
159	5	who	6.626571
159	6	her	9.757621
159	7	friend	6.511607
159	8	knew	10.951263
159	9	the	4.790865
159	10	delivery	16.317404
159	11	man	6.35535
159	12	believed	11.520553
159	13	the	5.707651
159	14	cop	13.96282
159	15	said	11.765974
159	16	his	9.259771
159	17	partner	8.971196
159	18	recalled	14.717103
159	19	described	18.740442
159	20	her	5.985615
159	21	woes	16.581419
159	22	to	6.696028
159	23	her	2.877802
159	24	friends	5.804629
159	25	.	1.917243
159	26	<eos>	-0.0
160	1	My	0.0
160	2	friends	9.589454
160	3	all	9.680534
160	4	know	7.307799
160	5	who	6.626571
160	6	her	9.757621
160	7	friend	6.511607
160	8	knew	10.951263
160	9	the	4.790865
160	10	delivery	16.317404
160	11	man	6.35535
160	12	believed	11.520553
160	13	the	5.707651
160	14	cop	13.96282
160	15	said	11.765974
160	16	his	9.259771
160	17	partner	8.971196
160	18	recalled	14.717103
160	19	the	3.734317
160	20	single	11.068482
160	21	mother	10.709486
160	22	described	14.015555
160	23	her	6.747354
160	24	woes	16.423626
160	25	to	7.078765
160	26	her	2.55767
160	27	friends	6.795537
160	28	.	1.558722
160	29	<eos>	-0.0
161	1	The	0.0
161	2	visitor	19.081583
161	3	said	9.459105
161	4	that	1.824046
161	5	talked	19.8689
161	6	with	6.608612
161	7	the	2.493285
161	8	new	8.190769
161	9	manager	6.871233
161	10	in	4.420648
161	11	her	8.059196
161	12	office	7.262375
161	13	.	3.593516
161	14	<eos>	-0.0
162	1	The	0.0
162	2	visitor	19.081583
162	3	said	9.459105
162	4	that	1.824046
162	5	the	2.020857
162	6	human	10.956639
162	7	resources	10.916194
162	8	officer	17.107304
162	9	talked	14.129302
162	10	with	4.552902
162	11	the	2.53632
162	12	new	7.431176
162	13	manager	7.911265
162	14	in	4.539521
162	15	her	8.080135
162	16	office	6.809926
162	17	.	1.694804
162	18	<eos>	-0.0
163	1	The	0.0
163	2	visitor	19.081583
163	3	said	9.459105
163	4	who	10.800764
163	5	talked	10.872092
163	6	with	4.839092
163	7	the	2.398155
163	8	new	7.794076
163	9	manager	7.111903
163	10	in	4.435508
163	11	her	7.538586
163	12	office	7.444473
163	13	.	2.184888
163	14	<eos>	-0.0
164	1	The	0.0
164	2	visitor	19.081583
164	3	said	9.459105
164	4	who	10.800764
164	5	the	6.832531
164	6	human	10.457224
164	7	resources	11.309654
164	8	officer	15.795729
164	9	talked	13.084561
164	10	with	5.35063
164	11	the	5.288528
164	12	new	7.652639
164	13	manager	8.284502
164	14	in	4.900514
164	15	her	7.080952
164	16	office	6.420912
164	17	.	1.578025
164	18	<eos>	-0.0
165	1	The	0.0
165	2	visitor	19.081583
165	3	said	9.459105
165	4	that	1.824046
165	5	my	15.170774
165	6	friend	6.419445
165	7	said	6.553224
165	8	talked	18.782776
165	9	with	6.984567
165	10	the	2.996672
165	11	new	8.809334
165	12	manager	5.909572
165	13	in	5.42465
165	14	her	6.947524
165	15	office	6.826001
165	16	.	1.747941
165	17	<eos>	-0.0
166	1	The	0.0
166	2	visitor	19.081583
166	3	said	9.459105
166	4	that	1.824046
166	5	my	15.170774
166	6	friend	6.419445
166	7	said	6.553224
166	8	the	3.866379
166	9	human	12.200834
166	10	resources	12.123643
166	11	officer	18.315434
166	12	talked	12.603298
166	13	with	4.8859
166	14	the	3.063168
166	15	new	8.056944
166	16	manager	7.005865
166	17	in	4.797216
166	18	her	7.674613
166	19	office	6.129793
166	20	.	1.33275
166	21	<eos>	-0.0
167	1	The	0.0
167	2	visitor	19.081583
167	3	said	9.459105
167	4	who	10.800764
167	5	my	18.269564
167	6	friend	5.136821
167	7	said	6.061883
167	8	talked	16.647587
167	9	with	7.303069
167	10	the	3.075212
167	11	new	8.375239
167	12	manager	6.189492
167	13	in	5.574022
167	14	her	7.457198
167	15	office	6.077729
167	16	.	1.405178
167	17	<eos>	-0.0
168	1	The	0.0
168	2	visitor	19.081583
168	3	said	9.459105
168	4	who	10.800764
168	5	my	18.269564
168	6	friend	5.136821
168	7	said	6.061883
168	8	the	4.799278
168	9	human	12.109003
168	10	resources	11.222852
168	11	officer	17.185181
168	12	talked	12.566297
168	13	with	5.18896
168	14	the	5.128699
168	15	new	8.135329
168	16	manager	7.753801
168	17	in	5.100434
168	18	her	7.540679
168	19	office	6.083771
168	20	.	1.122264
168	21	<eos>	-0.0
169	1	The	0.0
169	2	visitor	19.081583
169	3	said	9.459105
169	4	that	1.824046
169	5	my	15.170774
169	6	friend	6.419445
169	7	said	6.553224
169	8	her	8.415775
169	9	mother	4.457393
169	10	knew	6.389606
169	11	talked	19.078163
169	12	with	7.961123
169	13	the	3.648604
169	14	new	8.605529
169	15	manager	6.712374
169	16	in	5.286026
169	17	her	4.191608
169	18	office	7.505594
169	19	.	1.310407
169	20	<eos>	-0.0
170	1	The	0.0
170	2	visitor	19.081583
170	3	said	9.459105
170	4	that	1.824046
170	5	my	15.170774
170	6	friend	6.419445
170	7	said	6.553224
170	8	her	8.415775
170	9	mother	4.457393
170	10	knew	6.389606
170	11	the	4.331491
170	12	human	11.457872
170	13	resources	12.329173
170	14	officer	19.672709
170	15	talked	14.675992
170	16	with	4.577707
170	17	the	3.715812
170	18	new	8.248313
170	19	manager	7.332099
170	20	in	5.264026
170	21	her	4.213744
170	22	office	6.656752
170	23	.	1.086386
170	24	<eos>	-0.0
171	1	The	0.0
171	2	visitor	19.081583
171	3	said	9.459105
171	4	who	10.800764
171	5	my	18.269564
171	6	friend	5.136821
171	7	said	6.061883
171	8	her	10.047355
171	9	mother	4.160871
171	10	knew	6.057119
171	11	talked	17.173807
171	12	with	7.833873
171	13	the	4.969819
171	14	new	8.295973
171	15	manager	6.767925
171	16	in	5.652088
171	17	her	3.977507
171	18	office	6.680273
171	19	.	1.111967
171	20	<eos>	-0.0
172	1	The	0.0
172	2	visitor	19.081583
172	3	said	9.459105
172	4	who	10.800764
172	5	my	18.269564
172	6	friend	5.136821
172	7	said	6.061883
172	8	her	10.047355
172	9	mother	4.160871
172	10	knew	6.057119
172	11	the	5.474262
172	12	human	11.734712
172	13	resources	11.663795
172	14	officer	19.880381
172	15	talked	13.507873
172	16	with	5.099998
172	17	the	6.419543
172	18	new	8.102197
172	19	manager	7.609257
172	20	in	5.565934
172	21	her	3.666762
172	22	office	6.48792
172	23	.	1.013284
172	24	<eos>	-0.0
173	1	The	0.0
173	2	visitor	19.081583
173	3	said	9.459105
173	4	that	1.824046
173	5	my	15.170774
173	6	friend	6.419445
173	7	said	6.553224
173	8	her	8.415775
173	9	mother	4.457393
173	10	knew	6.389606
173	11	the	4.331491
173	12	clerk	14.848376
173	13	stated	14.308396
173	14	talked	19.662949
173	15	with	7.481337
173	16	the	3.372685
173	17	new	9.053835
173	18	manager	5.989188
173	19	in	5.608923
173	20	her	4.041059
173	21	office	6.493258
173	22	.	1.218453
173	23	<eos>	-0.0
174	1	The	0.0
174	2	visitor	19.081583
174	3	said	9.459105
174	4	that	1.824046
174	5	my	15.170774
174	6	friend	6.419445
174	7	said	6.553224
174	8	her	8.415775
174	9	mother	4.457393
174	10	knew	6.389606
174	11	the	4.331491
174	12	clerk	14.848376
174	13	stated	14.308396
174	14	the	5.19004
174	15	human	13.371759
174	16	resources	12.07995
174	17	officer	19.392225
174	18	talked	13.425138
174	19	with	4.57098
174	20	the	3.596108
174	21	new	8.404425
174	22	manager	6.576597
174	23	in	5.256727
174	24	her	4.194392
174	25	office	6.208922
174	26	.	1.025139
174	27	<eos>	-0.0
175	1	The	0.0
175	2	visitor	19.081583
175	3	said	9.459105
175	4	who	10.800764
175	5	my	18.269564
175	6	friend	5.136821
175	7	said	6.061883
175	8	her	10.047355
175	9	mother	4.160871
175	10	knew	6.057119
175	11	the	5.474262
175	12	clerk	14.970022
175	13	stated	13.600144
175	14	talked	18.814205
175	15	with	7.143432
175	16	the	3.558704
175	17	new	8.992183
175	18	manager	5.862232
175	19	in	5.639985
175	20	her	4.034958
175	21	office	6.2397
175	22	.	1.118968
175	23	<eos>	-0.0
176	1	The	0.0
176	2	visitor	19.081583
176	3	said	9.459105
176	4	who	10.800764
176	5	my	18.269564
176	6	friend	5.136821
176	7	said	6.061883
176	8	her	10.047355
176	9	mother	4.160871
176	10	knew	6.057119
176	11	the	5.474262
176	12	clerk	14.970022
176	13	stated	13.600144
176	14	the	6.954601
176	15	human	13.225884
176	16	resources	11.594553
176	17	officer	19.122852
176	18	talked	13.030139
176	19	with	4.674137
176	20	the	3.482916
176	21	new	8.243104
176	22	manager	6.710224
176	23	in	5.161495
176	24	her	4.405675
176	25	office	6.314103
176	26	.	0.965882
176	27	<eos>	-0.0
177	1	The	0.0
177	2	visitor	19.081583
177	3	said	9.459105
177	4	that	1.824046
177	5	my	15.170774
177	6	friend	6.419445
177	7	said	6.553224
177	8	her	8.415775
177	9	mother	4.457393
177	10	knew	6.389606
177	11	the	4.331491
177	12	clerk	14.848376
177	13	stated	14.308396
177	14	his	8.069023
177	15	friend	7.94881
177	16	saw	10.603926
177	17	talked	18.999447
177	18	with	4.679755
177	19	the	3.37375
177	20	new	9.305809
177	21	manager	6.449773
177	22	in	4.696399
177	23	her	5.15928
177	24	office	6.361827
177	25	.	1.199832
177	26	<eos>	-0.0
178	1	The	0.0
178	2	visitor	19.081583
178	3	said	9.459105
178	4	that	1.824046
178	5	my	15.170774
178	6	friend	6.419445
178	7	said	6.553224
178	8	her	8.415775
178	9	mother	4.457393
178	10	knew	6.389606
178	11	the	4.331491
178	12	clerk	14.848376
178	13	stated	14.308396
178	14	his	8.069023
178	15	friend	7.94881
178	16	saw	10.603926
178	17	the	3.203978
178	18	human	12.4581
178	19	resources	12.726868
178	20	officer	18.525961
178	21	talked	15.447282
178	22	with	4.678224
178	23	the	3.236092
178	24	new	7.841579
178	25	manager	7.192723
178	26	in	4.924471
178	27	her	5.03377
178	28	office	5.76686
178	29	.	0.976721
178	30	<eos>	-0.0
179	1	The	0.0
179	2	visitor	19.081583
179	3	said	9.459105
179	4	who	10.800764
179	5	my	18.269564
179	6	friend	5.136821
179	7	said	6.061883
179	8	her	10.047355
179	9	mother	4.160871
179	10	knew	6.057119
179	11	the	5.474262
179	12	clerk	14.970022
179	13	stated	13.600144
179	14	his	9.909054
179	15	friend	7.221107
179	16	saw	10.128333
179	17	talked	18.446669
179	18	with	4.597602
179	19	the	3.419205
179	20	new	9.136965
179	21	manager	6.311743
179	22	in	4.697325
179	23	her	5.199054
179	24	office	6.351416
179	25	.	1.166548
179	26	<eos>	-0.0
180	1	The	0.0
180	2	visitor	19.081583
180	3	said	9.459105
180	4	who	10.800764
180	5	my	18.269564
180	6	friend	5.136821
180	7	said	6.061883
180	8	her	10.047355
180	9	mother	4.160871
180	10	knew	6.057119
180	11	the	5.474262
180	12	clerk	14.970022
180	13	stated	13.600144
180	14	his	9.909054
180	15	friend	7.221107
180	16	saw	10.128333
180	17	the	3.283695
180	18	human	12.27023
180	19	resources	12.729237
180	20	officer	18.864979
180	21	talked	15.322125
180	22	with	4.777567
180	23	the	3.205261
180	24	new	7.748115
180	25	manager	7.244051
180	26	in	4.909911
180	27	her	5.177437
180	28	office	5.896418
180	29	.	0.955718
180	30	<eos>	-0.0
181	1	I	0.0
181	2	know	6.278276
181	3	that	2.352433
181	4	found	15.364457
181	5	a	4.375119
181	6	gun	10.425941
181	7	in	2.911626
181	8	the	1.186214
181	9	office	10.332875
181	10	.	2.792744
181	11	<eos>	-0.0
182	1	I	0.0
182	2	know	6.278276
182	3	that	2.352433
182	4	the	2.35511
182	5	five	10.810097
182	6	star	10.768698
182	7	general	16.662867
182	8	found	11.203832
182	9	a	3.771251
182	10	gun	10.251393
182	11	in	2.696518
182	12	the	0.970553
182	13	office	11.085505
182	14	.	2.592205
182	15	<eos>	-0.0
183	1	I	0.0
183	2	know	6.278276
183	3	who	6.580016
183	4	found	11.117962
183	5	a	3.934731
183	6	gun	8.977566
183	7	in	2.639853
183	8	the	1.114038
183	9	office	9.6528
183	10	.	2.045172
183	11	<eos>	-0.0
184	1	I	0.0
184	2	know	6.278276
184	3	who	6.580016
184	4	the	5.056487
184	5	five	11.569979
184	6	star	10.758286
184	7	general	14.815616
184	8	found	9.66944
184	9	a	6.567523
184	10	gun	9.631554
184	11	in	3.298977
184	12	the	1.311831
184	13	office	11.026419
184	14	.	1.939454
184	15	<eos>	-0.0
185	1	I	0.0
185	2	know	6.278276
185	3	that	2.352433
185	4	the	2.35511
185	5	woman	10.488547
185	6	believed	10.677317
185	7	found	15.412023
185	8	a	4.038164
185	9	gun	10.231214
185	10	in	2.768915
185	11	the	1.22416
185	12	office	10.737568
185	13	.	3.353191
185	14	<eos>	-0.0
186	1	I	0.0
186	2	know	6.278276
186	3	that	2.352433
186	4	the	2.35511
186	5	woman	10.488547
186	6	believed	10.677317
186	7	the	3.515746
186	8	five	12.587468
186	9	star	11.922311
186	10	general	16.827309
186	11	found	10.105874
186	12	a	3.788478
186	13	gun	10.34144
186	14	in	2.730745
186	15	the	1.149592
186	16	office	11.38729
186	17	.	2.341282
186	18	<eos>	-0.0
187	1	I	0.0
187	2	know	6.278276
187	3	who	6.580016
187	4	the	5.056487
187	5	woman	9.788774
187	6	believed	10.547781
187	7	found	14.079256
187	8	a	4.530653
187	9	gun	10.227842
187	10	in	3.349317
187	11	the	1.192774
187	12	office	10.950914
187	13	.	1.788799
187	14	<eos>	-0.0
188	1	I	0.0
188	2	know	6.278276
188	3	who	6.580016
188	4	the	5.056487
188	5	woman	9.788774
188	6	believed	10.547781
188	7	the	5.518869
188	8	five	12.533702
188	9	star	11.489742
188	10	general	16.954678
188	11	found	8.828498
188	12	a	6.719154
188	13	gun	9.832695
188	14	in	2.848875
188	15	the	1.343488
188	16	office	11.164031
188	17	.	1.676374
188	18	<eos>	-0.0
189	1	I	0.0
189	2	know	6.278276
189	3	that	2.352433
189	4	the	2.35511
189	5	woman	10.488547
189	6	believed	10.677317
189	7	the	3.515746
189	8	secretary	14.893813
189	9	said	10.902997
189	10	found	16.144049
189	11	a	3.706427
189	12	gun	8.929134
189	13	in	3.110032
189	14	the	1.389634
189	15	office	9.735991
189	16	.	2.275167
189	17	<eos>	-0.0
190	1	I	0.0
190	2	know	6.278276
190	3	that	2.352433
190	4	the	2.35511
190	5	woman	10.488547
190	6	believed	10.677317
190	7	the	3.515746
190	8	secretary	14.893813
190	9	said	10.902997
190	10	the	3.463312
190	11	five	11.880531
190	12	star	13.0968
190	13	general	15.531061
190	14	found	10.116197
190	15	a	3.863605
190	16	gun	9.05013
190	17	in	3.09455
190	18	the	1.153849
190	19	office	10.707335
190	20	.	2.008267
190	21	<eos>	-0.0
191	1	I	0.0
191	2	know	6.278276
191	3	who	6.580016
191	4	the	5.056487
191	5	woman	9.788774
191	6	believed	10.547781
191	7	the	5.518869
191	8	secretary	15.21989
191	9	said	8.891087
191	10	found	15.204194
191	11	a	4.123145
191	12	gun	9.670665
191	13	in	3.423337
191	14	the	1.237389
191	15	office	9.764757
191	16	.	1.492432
191	17	<eos>	-0.0
192	1	I	0.0
192	2	know	6.278276
192	3	who	6.580016
192	4	the	5.056487
192	5	woman	9.788774
192	6	believed	10.547781
192	7	the	5.518869
192	8	secretary	15.21989
192	9	said	8.891087
192	10	the	5.768869
192	11	five	11.079198
192	12	star	12.635194
192	13	general	15.280078
192	14	found	9.075603
192	15	a	6.731873
192	16	gun	9.035613
192	17	in	2.751109
192	18	the	1.338339
192	19	office	10.590804
192	20	.	1.708361
192	21	<eos>	-0.0
193	1	I	0.0
193	2	know	6.278276
193	3	that	2.352433
193	4	the	2.35511
193	5	woman	10.488547
193	6	believed	10.677317
193	7	the	3.515746
193	8	secretary	14.893813
193	9	said	10.902997
193	10	her	5.972282
193	11	friend	7.656769
193	12	recalled	12.683233
193	13	found	15.865947
193	14	a	3.834913
193	15	gun	8.851573
193	16	in	3.241434
193	17	the	1.586845
193	18	office	9.578794
193	19	.	1.669862
193	20	<eos>	-0.0
194	1	I	0.0
194	2	know	6.278276
194	3	that	2.352433
194	4	the	2.35511
194	5	woman	10.488547
194	6	believed	10.677317
194	7	the	3.515746
194	8	secretary	14.893813
194	9	said	10.902997
194	10	her	5.972282
194	11	friend	7.656769
194	12	recalled	12.683233
194	13	the	3.283905
194	14	five	11.953514
194	15	star	13.462993
194	16	general	15.92554
194	17	found	10.337142
194	18	a	5.257472
194	19	gun	8.128345
194	20	in	3.369885
194	21	the	1.425182
194	22	office	10.756489
194	23	.	1.641524
194	24	<eos>	-0.0
195	1	I	0.0
195	2	know	6.278276
195	3	who	6.580016
195	4	the	5.056487
195	5	woman	9.788774
195	6	believed	10.547781
195	7	the	5.518869
195	8	secretary	15.21989
195	9	said	8.891087
195	10	her	8.824593
195	11	friend	7.099628
195	12	recalled	12.925879
195	13	found	15.532007
195	14	a	7.013505
195	15	gun	10.272208
195	16	in	3.846142
195	17	the	1.586389
195	18	office	9.366499
195	19	.	1.211436
195	20	<eos>	-0.0
196	1	I	0.0
196	2	know	6.278276
196	3	who	6.580016
196	4	the	5.056487
196	5	woman	9.788774
196	6	believed	10.547781
196	7	the	5.518869
196	8	secretary	15.21989
196	9	said	8.891087
196	10	her	8.824593
196	11	friend	7.099628
196	12	recalled	12.925879
196	13	the	5.116866
196	14	five	11.417006
196	15	star	13.325559
196	16	general	16.020214
196	17	found	10.241763
196	18	a	7.884261
196	19	gun	9.015664
196	20	in	3.345742
196	21	the	1.46812
196	22	office	10.519464
196	23	.	1.421303
196	24	<eos>	-0.0
197	1	I	0.0
197	2	know	6.278276
197	3	that	2.352433
197	4	the	2.35511
197	5	woman	10.488547
197	6	believed	10.677317
197	7	the	3.515746
197	8	secretary	14.893813
197	9	said	10.902997
197	10	her	5.972282
197	11	friend	7.656769
197	12	recalled	12.683233
197	13	a	5.688519
197	14	colleague	11.370167
197	15	thinks	15.594995
197	16	found	14.820825
197	17	a	6.372938
197	18	gun	11.361546
197	19	in	3.097348
197	20	the	1.478186
197	21	office	8.785149
197	22	.	1.542349
197	23	<eos>	-0.0
198	1	I	0.0
198	2	know	6.278276
198	3	that	2.352433
198	4	the	2.35511
198	5	woman	10.488547
198	6	believed	10.677317
198	7	the	3.515746
198	8	secretary	14.893813
198	9	said	10.902997
198	10	her	5.972282
198	11	friend	7.656769
198	12	recalled	12.683233
198	13	a	5.688519
198	14	colleague	11.370167
198	15	thinks	15.594995
198	16	the	4.600215
198	17	five	12.309822
198	18	star	12.102983
198	19	general	15.820456
198	20	found	9.888462
198	21	a	3.95728
198	22	gun	9.041917
198	23	in	3.069434
198	24	the	1.251228
198	25	office	10.152747
198	26	.	1.459485
198	27	<eos>	-0.0
199	1	I	0.0
199	2	know	6.278276
199	3	who	6.580016
199	4	the	5.056487
199	5	woman	9.788774
199	6	believed	10.547781
199	7	the	5.518869
199	8	secretary	15.21989
199	9	said	8.891087
199	10	her	8.824593
199	11	friend	7.099628
199	12	recalled	12.925879
199	13	a	6.9485
199	14	colleague	11.616134
199	15	thinks	15.245008
199	16	found	14.464605
199	17	a	6.782737
199	18	gun	11.635774
199	19	in	3.484597
199	20	the	1.535188
199	21	office	8.68456
199	22	.	1.350195
199	23	<eos>	-0.0
200	1	I	0.0
200	2	know	6.278276
200	3	who	6.580016
200	4	the	5.056487
200	5	woman	9.788774
200	6	believed	10.547781
200	7	the	5.518869
200	8	secretary	15.21989
200	9	said	8.891087
200	10	her	8.824593
200	11	friend	7.099628
200	12	recalled	12.925879
200	13	a	6.9485
200	14	colleague	11.616134
200	15	thinks	15.245008
200	16	the	4.843515
200	17	five	12.213101
200	18	star	11.965363
200	19	general	15.970182
200	20	found	9.642909
200	21	a	7.398866
200	22	gun	9.724868
200	23	in	3.074754
200	24	the	1.535984
200	25	office	9.776056
200	26	.	1.359041
200	27	<eos>	-0.0
201	1	The	0.0
201	2	colleagues	19.203871
201	3	realized	12.344898
201	4	that	0.635146
201	5	discovered	16.95661
201	6	the	5.079504
201	7	bribery	21.518875
201	8	two	17.772707
201	9	weeks	5.502296
201	10	ago	5.813735
201	11	.	2.525297
201	12	<eos>	-0.0
202	1	The	0.0
202	2	colleagues	19.203871
202	3	realized	12.344898
202	4	that	0.635146
202	5	the	1.616574
202	6	journalist	16.641438
202	7	discovered	12.111227
202	8	the	2.715586
202	9	bribery	17.327679
202	10	two	16.930195
202	11	weeks	5.146036
202	12	ago	5.39967
202	13	.	1.322917
202	14	<eos>	-0.0
203	1	The	0.0
203	2	colleagues	19.203871
203	3	realized	12.344898
203	4	who	10.917934
203	5	discovered	10.29185
203	6	the	1.40412
203	7	bribery	19.179043
203	8	two	16.97753
203	9	weeks	5.358963
203	10	ago	5.684458
203	11	.	1.180632
203	12	<eos>	-0.0
204	1	The	0.0
204	2	colleagues	19.203871
204	3	realized	12.344898
204	4	who	10.917934
204	5	the	6.301322
204	6	journalist	15.22615
204	7	discovered	10.563485
204	8	the	4.810452
204	9	bribery	17.617109
204	10	two	17.74856
204	11	weeks	6.265196
204	12	ago	4.269332
204	13	.	1.782378
204	14	<eos>	-0.0
205	1	The	0.0
205	2	colleagues	19.203871
205	3	realized	12.344898
205	4	that	0.635146
205	5	her	9.413181
205	6	mother	5.478821
205	7	stated	14.50899
205	8	discovered	19.282681
205	9	the	4.014503
205	10	bribery	19.545708
205	11	two	16.25931
205	12	weeks	4.829707
205	13	ago	5.626565
205	14	.	1.504811
205	15	<eos>	-0.0
206	1	The	0.0
206	2	colleagues	19.203871
206	3	realized	12.344898
206	4	that	0.635146
206	5	her	9.413181
206	6	mother	5.478821
206	7	stated	14.50899
206	8	the	4.67107
206	9	journalist	16.26989
206	10	discovered	11.414783
206	11	the	3.661082
206	12	bribery	17.816784
206	13	two	16.387428
206	14	weeks	4.795512
206	15	ago	5.267287
206	16	.	1.13572
206	17	<eos>	-0.0
207	1	The	0.0
207	2	colleagues	19.203871
207	3	realized	12.344898
207	4	who	10.917934
207	5	her	13.624317
207	6	mother	4.05682
207	7	stated	14.021604
207	8	discovered	17.947895
207	9	the	4.10102
207	10	bribery	19.411777
207	11	two	16.792356
207	12	weeks	5.145892
207	13	ago	5.049696
207	14	.	1.00243
207	15	<eos>	-0.0
208	1	The	0.0
208	2	colleagues	19.203871
208	3	realized	12.344898
208	4	who	10.917934
208	5	her	13.624317
208	6	mother	4.05682
208	7	stated	14.021604
208	8	the	6.091568
208	9	journalist	16.035366
208	10	discovered	10.596184
208	11	the	4.780529
208	12	bribery	17.773106
208	13	two	17.237591
208	14	weeks	5.363863
208	15	ago	5.043584
208	16	.	1.027785
208	17	<eos>	-0.0
209	1	The	0.0
209	2	colleagues	19.203871
209	3	realized	12.344898
209	4	that	0.635146
209	5	her	9.413181
209	6	mother	5.478821
209	7	stated	14.50899
209	8	a	7.189502
209	9	friend	10.590221
209	10	said	9.66644
209	11	discovered	18.874111
209	12	the	4.035703
209	13	bribery	18.772011
209	14	two	16.381857
209	15	weeks	4.984967
209	16	ago	5.710793
209	17	.	1.481139
209	18	<eos>	-0.0
210	1	The	0.0
210	2	colleagues	19.203871
210	3	realized	12.344898
210	4	that	0.635146
210	5	her	9.413181
210	6	mother	5.478821
210	7	stated	14.50899
210	8	a	7.189502
210	9	friend	10.590221
210	10	said	9.66644
210	11	the	4.934358
210	12	journalist	12.40078
210	13	discovered	10.950783
210	14	the	3.542445
210	15	bribery	17.207701
210	16	two	16.232868
210	17	weeks	4.988842
210	18	ago	5.519567
210	19	.	1.154334
210	20	<eos>	-0.0
211	1	The	0.0
211	2	colleagues	19.203871
211	3	realized	12.344898
211	4	who	10.917934
211	5	her	13.624317
211	6	mother	4.05682
211	7	stated	14.021604
211	8	a	7.986989
211	9	friend	9.797622
211	10	said	9.696332
211	11	discovered	17.007479
211	12	the	3.889258
211	13	bribery	18.623569
211	14	two	17.090042
211	15	weeks	5.236417
211	16	ago	5.440713
211	17	.	1.04061
211	18	<eos>	-0.0
212	1	The	0.0
212	2	colleagues	19.203871
212	3	realized	12.344898
212	4	who	10.917934
212	5	her	13.624317
212	6	mother	4.05682
212	7	stated	14.021604
212	8	a	7.986989
212	9	friend	9.797622
212	10	said	9.696332
212	11	the	6.018507
212	12	journalist	11.876442
212	13	discovered	10.273822
212	14	the	3.548908
212	15	bribery	16.651917
212	16	two	16.658209
212	17	weeks	5.088926
212	18	ago	5.562936
212	19	.	0.937265
212	20	<eos>	-0.0
213	1	The	0.0
213	2	colleagues	19.203871
213	3	realized	12.344898
213	4	that	0.635146
213	5	her	9.413181
213	6	mother	5.478821
213	7	stated	14.50899
213	8	a	7.189502
213	9	friend	10.590221
213	10	said	9.66644
213	11	her	5.272661
213	12	husband	3.526726
213	13	knew	6.90991
213	14	discovered	19.387445
213	15	the	4.337235
213	16	bribery	18.786997
213	17	two	16.2948
213	18	weeks	5.150838
213	19	ago	5.819915
213	20	.	1.041817
213	21	<eos>	-0.0
214	1	The	0.0
214	2	colleagues	19.203871
214	3	realized	12.344898
214	4	that	0.635146
214	5	her	9.413181
214	6	mother	5.478821
214	7	stated	14.50899
214	8	a	7.189502
214	9	friend	10.590221
214	10	said	9.66644
214	11	her	5.272661
214	12	husband	3.526726
214	13	knew	6.90991
214	14	the	4.256083
214	15	journalist	13.874837
214	16	discovered	13.919207
214	17	the	3.54225
214	18	bribery	17.562731
214	19	two	16.415987
214	20	weeks	4.799004
214	21	ago	6.028226
214	22	.	0.880233
214	23	<eos>	-0.0
215	1	The	0.0
215	2	colleagues	19.203871
215	3	realized	12.344898
215	4	who	10.917934
215	5	her	13.624317
215	6	mother	4.05682
215	7	stated	14.021604
215	8	a	7.986989
215	9	friend	9.797622
215	10	said	9.696332
215	11	her	6.99424
215	12	husband	3.523254
215	13	knew	7.110683
215	14	discovered	18.941095
215	15	the	4.174566
215	16	bribery	18.119812
215	17	two	16.73926
215	18	weeks	5.370367
215	19	ago	5.528345
215	20	.	0.798293
215	21	<eos>	-0.0
216	1	The	0.0
216	2	colleagues	19.203871
216	3	realized	12.344898
216	4	who	10.917934
216	5	her	13.624317
216	6	mother	4.05682
216	7	stated	14.021604
216	8	a	7.986989
216	9	friend	9.797622
216	10	said	9.696332
216	11	her	6.99424
216	12	husband	3.523254
216	13	knew	7.110683
216	14	the	4.085961
216	15	journalist	13.881818
216	16	discovered	13.578556
216	17	the	3.50446
216	18	bribery	17.259739
216	19	two	16.893963
216	20	weeks	4.957618
216	21	ago	5.838498
216	22	.	0.734791
216	23	<eos>	-0.0
217	1	The	0.0
217	2	colleagues	19.203871
217	3	realized	12.344898
217	4	that	0.635146
217	5	her	9.413181
217	6	mother	5.478821
217	7	stated	14.50899
217	8	a	7.189502
217	9	friend	10.590221
217	10	said	9.66644
217	11	her	5.272661
217	12	husband	3.526726
217	13	knew	6.90991
217	14	his	6.568496
217	15	brother	6.138871
217	16	said	12.622952
217	17	discovered	18.833012
217	18	the	4.22797
217	19	bribery	18.278131
217	20	two	16.863386
217	21	weeks	5.176313
217	22	ago	6.069341
217	23	.	0.944191
217	24	<eos>	-0.0
218	1	The	0.0
218	2	colleagues	19.203871
218	3	realized	12.344898
218	4	that	0.635146
218	5	her	9.413181
218	6	mother	5.478821
218	7	stated	14.50899
218	8	a	7.189502
218	9	friend	10.590221
218	10	said	9.66644
218	11	her	5.272661
218	12	husband	3.526726
218	13	knew	6.90991
218	14	his	6.568496
218	15	brother	6.138871
218	16	said	12.622952
218	17	the	4.941126
218	18	journalist	12.523734
218	19	discovered	11.212086
218	20	the	3.518111
218	21	bribery	16.420177
218	22	two	16.520147
218	23	weeks	4.924101
218	24	ago	5.882655
218	25	.	0.814963
218	26	<eos>	-0.0
219	1	The	0.0
219	2	colleagues	19.203871
219	3	realized	12.344898
219	4	who	10.917934
219	5	her	13.624317
219	6	mother	4.05682
219	7	stated	14.021604
219	8	a	7.986989
219	9	friend	9.797622
219	10	said	9.696332
219	11	her	6.99424
219	12	husband	3.523254
219	13	knew	7.110683
219	14	his	6.707097
219	15	brother	6.333438
219	16	said	12.352849
219	17	discovered	18.710228
219	18	the	4.147244
219	19	bribery	17.816872
219	20	two	17.108784
219	21	weeks	5.251067
219	22	ago	5.872738
219	23	.	0.803858
219	24	<eos>	-0.0
220	1	The	0.0
220	2	colleagues	19.203871
220	3	realized	12.344898
220	4	who	10.917934
220	5	her	13.624317
220	6	mother	4.05682
220	7	stated	14.021604
220	8	a	7.986989
220	9	friend	9.797622
220	10	said	9.696332
220	11	her	6.99424
220	12	husband	3.523254
220	13	knew	7.110683
220	14	his	6.707097
220	15	brother	6.333438
220	16	said	12.352849
220	17	the	5.007326
220	18	journalist	12.478892
220	19	discovered	10.955004
220	20	the	3.510279
220	21	bribery	16.130211
220	22	two	16.800446
220	23	weeks	5.030188
220	24	ago	5.721961
220	25	.	0.713707
220	26	<eos>	-0.0
221	1	The	0.0
221	2	accountant	20.662333
221	3	knew	12.299269
221	4	that	1.757999
221	5	introduced	17.03166
221	6	the	4.292154
221	7	new	5.012585
221	8	woman	9.905876
221	9	to	3.121743
221	10	her	3.934795
221	11	friend	9.252944
221	12	.	2.908215
221	13	<eos>	-0.0
222	1	The	0.0
222	2	accountant	20.662333
222	3	knew	12.299269
222	4	that	1.757999
222	5	the	1.594424
222	6	secretary	13.862794
222	7	introduced	14.215164
222	8	the	2.018431
222	9	new	5.16395
222	10	woman	11.272976
222	11	to	2.757324
222	12	her	3.778696
222	13	friend	9.012627
222	14	.	3.07373
222	15	<eos>	-0.0
223	1	The	0.0
223	2	accountant	20.662333
223	3	knew	12.299269
223	4	who	6.979946
223	5	introduced	11.891335
223	6	the	1.47822
223	7	new	4.913898
223	8	woman	11.178442
223	9	to	2.692557
223	10	her	3.465564
223	11	friend	8.730892
223	12	.	3.074265
223	13	<eos>	-0.0
224	1	The	0.0
224	2	accountant	20.662333
224	3	knew	12.299269
224	4	who	6.979946
224	5	the	4.008495
224	6	secretary	12.526146
224	7	introduced	14.073198
224	8	the	3.501251
224	9	new	5.150469
224	10	woman	10.806148
224	11	to	3.06804
224	12	her	3.632263
224	13	friend	9.07818
224	14	.	2.904239
224	15	<eos>	-0.0
225	1	The	0.0
225	2	accountant	20.662333
225	3	knew	12.299269
225	4	that	1.757999
225	5	the	1.594424
225	6	security	11.230873
225	7	guard	8.486174
225	8	believed	8.959692
225	9	introduced	20.804523
225	10	the	3.895512
225	11	new	5.960709
225	12	woman	10.609735
225	13	to	2.834925
225	14	her	4.243175
225	15	friend	8.44746
225	16	.	2.588991
225	17	<eos>	-0.0
226	1	The	0.0
226	2	accountant	20.662333
226	3	knew	12.299269
226	4	that	1.757999
226	5	the	1.594424
226	6	security	11.230873
226	7	guard	8.486174
226	8	believed	8.959692
226	9	the	2.803284
226	10	secretary	13.592955
226	11	introduced	15.967221
226	12	the	2.352703
226	13	new	5.472634
226	14	woman	11.632761
226	15	to	2.573393
226	16	her	4.166388
226	17	friend	8.783957
226	18	.	2.653206
226	19	<eos>	-0.0
227	1	The	0.0
227	2	accountant	20.662333
227	3	knew	12.299269
227	4	who	6.979946
227	5	the	4.008495
227	6	security	11.193192
227	7	guard	7.503042
227	8	believed	9.343479
227	9	introduced	18.514923
227	10	the	5.365857
227	11	new	5.523405
227	12	woman	11.15323
227	13	to	3.485885
227	14	her	4.265056
227	15	friend	8.654473
227	16	.	2.604519
227	17	<eos>	-0.0
228	1	The	0.0
228	2	accountant	20.662333
228	3	knew	12.299269
228	4	who	6.979946
228	5	the	4.008495
228	6	security	11.193192
228	7	guard	7.503042
228	8	believed	9.343479
228	9	the	4.277025
228	10	secretary	13.104211
228	11	introduced	15.175207
228	12	the	3.805211
228	13	new	5.561214
228	14	woman	11.426953
228	15	to	2.857185
228	16	her	4.076097
228	17	friend	8.896441
228	18	.	2.5645
228	19	<eos>	-0.0
229	1	The	0.0
229	2	accountant	20.662333
229	3	knew	12.299269
229	4	that	1.757999
229	5	the	1.594424
229	6	security	11.230873
229	7	guard	8.486174
229	8	believed	8.959692
229	9	his	6.364469
229	10	friend	7.765619
229	11	knew	8.418613
229	12	introduced	22.368839
229	13	the	3.138243
229	14	new	5.566192
229	15	woman	9.227894
229	16	to	3.2284
229	17	her	3.725338
229	18	friend	7.948448
229	19	.	2.332885
229	20	<eos>	-0.0
230	1	The	0.0
230	2	accountant	20.662333
230	3	knew	12.299269
230	4	that	1.757999
230	5	the	1.594424
230	6	security	11.230873
230	7	guard	8.486174
230	8	believed	8.959692
230	9	his	6.364469
230	10	friend	7.765619
230	11	knew	8.418613
230	12	the	3.806568
230	13	secretary	14.849382
230	14	introduced	17.096439
230	15	the	3.023665
230	16	new	6.092647
230	17	woman	11.279558
230	18	to	2.606483
230	19	her	3.792863
230	20	friend	8.313432
230	21	.	2.450416
230	22	<eos>	-0.0
231	1	The	0.0
231	2	accountant	20.662333
231	3	knew	12.299269
231	4	who	6.979946
231	5	the	4.008495
231	6	security	11.193192
231	7	guard	7.503042
231	8	believed	9.343479
231	9	his	8.196365
231	10	friend	7.937625
231	11	knew	7.550464
231	12	introduced	21.970062
231	13	the	6.18686
231	14	new	5.764573
231	15	woman	9.979566
231	16	to	3.833123
231	17	her	3.974718
231	18	friend	8.255029
231	19	.	2.344625
231	20	<eos>	-0.0
232	1	The	0.0
232	2	accountant	20.662333
232	3	knew	12.299269
232	4	who	6.979946
232	5	the	4.008495
232	6	security	11.193192
232	7	guard	7.503042
232	8	believed	9.343479
232	9	his	8.196365
232	10	friend	7.937625
232	11	knew	7.550464
232	12	the	4.214753
232	13	secretary	14.433077
232	14	introduced	16.156597
232	15	the	3.114785
232	16	new	6.075471
232	17	woman	11.369429
232	18	to	2.662577
232	19	her	3.902054
232	20	friend	8.435974
232	21	.	2.412519
232	22	<eos>	-0.0
233	1	The	0.0
233	2	accountant	20.662333
233	3	knew	12.299269
233	4	that	1.757999
233	5	the	1.594424
233	6	security	11.230873
233	7	guard	8.486174
233	8	believed	8.959692
233	9	his	6.364469
233	10	friend	7.765619
233	11	knew	8.418613
233	12	the	3.806568
233	13	assistant	15.761281
233	14	reported	13.262972
233	15	introduced	19.446007
233	16	the	4.032261
233	17	new	6.668798
233	18	woman	10.530602
233	19	to	3.141237
233	20	her	3.677424
233	21	friend	8.019379
233	22	.	2.331859
233	23	<eos>	-0.0
234	1	The	0.0
234	2	accountant	20.662333
234	3	knew	12.299269
234	4	that	1.757999
234	5	the	1.594424
234	6	security	11.230873
234	7	guard	8.486174
234	8	believed	8.959692
234	9	his	6.364469
234	10	friend	7.765619
234	11	knew	8.418613
234	12	the	3.806568
234	13	assistant	15.761281
234	14	reported	13.262972
234	15	the	3.753372
234	16	secretary	14.360924
234	17	introduced	16.735184
234	18	the	3.04264
234	19	new	6.378809
234	20	woman	10.899183
234	21	to	3.110144
234	22	her	4.001225
234	23	friend	8.34023
234	24	.	2.498125
234	25	<eos>	-0.0
235	1	The	0.0
235	2	accountant	20.662333
235	3	knew	12.299269
235	4	who	6.979946
235	5	the	4.008495
235	6	security	11.193192
235	7	guard	7.503042
235	8	believed	9.343479
235	9	his	8.196365
235	10	friend	7.937625
235	11	knew	7.550464
235	12	the	4.214753
235	13	assistant	15.367271
235	14	reported	12.943674
235	15	introduced	19.692562
235	16	the	5.932336
235	17	new	6.68313
235	18	woman	10.599272
235	19	to	3.454216
235	20	her	3.935848
235	21	friend	8.154846
235	22	.	2.295196
235	23	<eos>	-0.0
236	1	The	0.0
236	2	accountant	20.662333
236	3	knew	12.299269
236	4	who	6.979946
236	5	the	4.008495
236	6	security	11.193192
236	7	guard	7.503042
236	8	believed	9.343479
236	9	his	8.196365
236	10	friend	7.937625
236	11	knew	7.550464
236	12	the	4.214753
236	13	assistant	15.367271
236	14	reported	12.943674
236	15	the	4.271742
236	16	secretary	14.272279
236	17	introduced	16.119936
236	18	the	3.184988
236	19	new	6.245661
236	20	woman	10.998332
236	21	to	3.284016
236	22	her	4.062655
236	23	friend	8.366757
236	24	.	2.502487
236	25	<eos>	-0.0
237	1	The	0.0
237	2	accountant	20.662333
237	3	knew	12.299269
237	4	that	1.757999
237	5	the	1.594424
237	6	security	11.230873
237	7	guard	8.486174
237	8	believed	8.959692
237	9	his	6.364469
237	10	friend	7.765619
237	11	knew	8.418613
237	12	the	3.806568
237	13	assistant	15.761281
237	14	reported	13.262972
237	15	her	9.843293
237	16	colleague	14.950032
237	17	suspected	12.339736
237	18	introduced	22.497952
237	19	the	7.962833
237	20	new	8.352662
237	21	woman	6.809089
237	22	to	3.470991
237	23	her	3.673494
237	24	friend	8.108336
237	25	.	2.37776
237	26	<eos>	-0.0
238	1	The	0.0
238	2	accountant	20.662333
238	3	knew	12.299269
238	4	that	1.757999
238	5	the	1.594424
238	6	security	11.230873
238	7	guard	8.486174
238	8	believed	8.959692
238	9	his	6.364469
238	10	friend	7.765619
238	11	knew	8.418613
238	12	the	3.806568
238	13	assistant	15.761281
238	14	reported	13.262972
238	15	her	9.843293
238	16	colleague	14.950032
238	17	suspected	12.339736
238	18	the	8.167356
238	19	secretary	12.13111
238	20	introduced	15.752693
238	21	the	2.916203
238	22	new	6.704027
238	23	woman	9.099334
238	24	to	2.697152
238	25	her	3.203305
238	26	friend	8.298116
238	27	.	2.401889
238	28	<eos>	-0.0
239	1	The	0.0
239	2	accountant	20.662333
239	3	knew	12.299269
239	4	who	6.979946
239	5	the	4.008495
239	6	security	11.193192
239	7	guard	7.503042
239	8	believed	9.343479
239	9	his	8.196365
239	10	friend	7.937625
239	11	knew	7.550464
239	12	the	4.214753
239	13	assistant	15.367271
239	14	reported	12.943674
239	15	her	10.537512
239	16	colleague	15.066629
239	17	suspected	13.144156
239	18	introduced	22.485189
239	19	the	8.509864
239	20	new	8.59705
239	21	woman	6.571623
239	22	to	3.591771
239	23	her	3.758204
239	24	friend	8.13072
239	25	.	2.376141
239	26	<eos>	-0.0
240	1	The	0.0
240	2	accountant	20.662333
240	3	knew	12.299269
240	4	who	6.979946
240	5	the	4.008495
240	6	security	11.193192
240	7	guard	7.503042
240	8	believed	9.343479
240	9	his	8.196365
240	10	friend	7.937625
240	11	knew	7.550464
240	12	the	4.214753
240	13	assistant	15.367271
240	14	reported	12.943674
240	15	her	10.537512
240	16	colleague	15.066629
240	17	suspected	13.144156
240	18	the	9.005994
240	19	secretary	12.299467
240	20	introduced	15.480392
240	21	the	3.02246
240	22	new	6.763819
240	23	woman	8.969755
240	24	to	2.833262
240	25	her	3.230375
240	26	friend	8.318957
240	27	.	2.388294
240	28	<eos>	-0.0
241	1	She	0.0
241	2	said	7.24009
241	3	that	2.639638
241	4	put	16.610697
241	5	the	2.912849
241	6	microphone	13.651749
241	7	on	3.000783
241	8	the	1.766904
241	9	table	4.953271
241	10	.	2.929352
241	11	<eos>	-0.0
242	1	She	0.0
242	2	said	7.24009
242	3	that	2.639638
242	4	the	2.622591
242	5	reporter	13.445951
242	6	put	10.981668
242	7	the	2.57144
242	8	microphone	12.276636
242	9	on	2.28432
242	10	the	1.687709
242	11	table	4.623073
242	12	.	2.564877
242	13	<eos>	-0.0
243	1	She	0.0
243	2	said	7.24009
243	3	who	10.871274
243	4	put	10.004275
243	5	the	2.615985
243	6	microphone	12.134119
243	7	on	2.143635
243	8	the	1.635604
243	9	table	4.496596
243	10	.	2.240597
243	11	<eos>	-0.0
244	1	She	0.0
244	2	said	7.24009
244	3	who	10.871274
244	4	the	7.532369
244	5	reporter	11.03552
244	6	put	10.319979
244	7	the	4.132748
244	8	microphone	11.973579
244	9	on	2.258523
244	10	the	1.935688
244	11	table	5.331703
244	12	.	1.871125
244	13	<eos>	-0.0
245	1	She	0.0
245	2	said	7.24009
245	3	that	2.639638
245	4	the	2.622591
245	5	politician	15.742455
245	6	stated	11.159541
245	7	put	16.543308
245	8	the	2.692985
245	9	microphone	14.630528
245	10	on	2.251476
245	11	the	1.685123
245	12	table	4.755672
245	13	.	2.881342
245	14	<eos>	-0.0
246	1	She	0.0
246	2	said	7.24009
246	3	that	2.639638
246	4	the	2.622591
246	5	politician	15.742455
246	6	stated	11.159541
246	7	the	5.559699
246	8	reporter	14.155153
246	9	put	12.166395
246	10	the	2.6911
246	11	microphone	13.212002
246	12	on	2.382626
246	13	the	1.749392
246	14	table	4.552373
246	15	.	2.441347
246	16	<eos>	-0.0
247	1	She	0.0
247	2	said	7.24009
247	3	who	10.871274
247	4	the	7.532369
247	5	politician	13.438545
247	6	stated	11.443702
247	7	put	13.956439
247	8	the	3.829549
247	9	microphone	14.236669
247	10	on	2.382691
247	11	the	1.777182
247	12	table	4.875403
247	13	.	1.661094
247	14	<eos>	-0.0
248	1	She	0.0
248	2	said	7.24009
248	3	who	10.871274
248	4	the	7.532369
248	5	politician	13.438545
248	6	stated	11.443702
248	7	the	6.614995
248	8	reporter	12.293502
248	9	put	11.715875
248	10	the	3.518146
248	11	microphone	12.598325
248	12	on	2.632806
248	13	the	1.863141
248	14	table	5.371228
248	15	.	1.645235
248	16	<eos>	-0.0
249	1	She	0.0
249	2	said	7.24009
249	3	that	2.639638
249	4	the	2.622591
249	5	politician	15.742455
249	6	stated	11.159541
249	7	his	8.315928
249	8	press	14.405341
249	9	secretary	4.585692
249	10	said	5.262143
249	11	put	17.549805
249	12	the	2.25413
249	13	microphone	13.507806
249	14	on	2.523937
249	15	the	1.458733
249	16	table	4.996418
249	17	.	2.61919
249	18	<eos>	-0.0
250	1	She	0.0
250	2	said	7.24009
250	3	that	2.639638
250	4	the	2.622591
250	5	politician	15.742455
250	6	stated	11.159541
250	7	his	8.315928
250	8	press	14.405341
250	9	secretary	4.585692
250	10	said	5.262143
250	11	the	4.07716
250	12	reporter	10.651217
250	13	put	12.016505
250	14	the	2.619561
250	15	microphone	12.047313
250	16	on	2.382299
250	17	the	1.741644
250	18	table	4.688103
250	19	.	2.315712
250	20	<eos>	-0.0
251	1	She	0.0
251	2	said	7.24009
251	3	who	10.871274
251	4	the	7.532369
251	5	politician	13.438545
251	6	stated	11.443702
251	7	his	10.000983
251	8	press	13.296581
251	9	secretary	3.742245
251	10	said	5.067473
251	11	put	15.066498
251	12	the	3.187487
251	13	microphone	13.708711
251	14	on	2.700042
251	15	the	1.615732
251	16	table	5.018664
251	17	.	1.566313
251	18	<eos>	-0.0
252	1	She	0.0
252	2	said	7.24009
252	3	who	10.871274
252	4	the	7.532369
252	5	politician	13.438545
252	6	stated	11.443702
252	7	his	10.000983
252	8	press	13.296581
252	9	secretary	3.742245
252	10	said	5.067473
252	11	the	5.290499
252	12	reporter	10.136024
252	13	put	11.759056
252	14	the	3.277342
252	15	microphone	11.904034
252	16	on	2.293184
252	17	the	1.771753
252	18	table	5.111724
252	19	.	1.622087
252	20	<eos>	-0.0
253	1	She	0.0
253	2	said	7.24009
253	3	that	2.639638
253	4	the	2.622591
253	5	politician	15.742455
253	6	stated	11.159541
253	7	his	8.315928
253	8	press	14.405341
253	9	secretary	4.585692
253	10	said	5.262143
253	11	the	4.07716
253	12	chief	10.341907
253	13	of	3.145523
253	14	staff	1.508919
253	15	thought	9.935534
253	16	put	16.195328
253	17	the	2.447075
253	18	microphone	12.574312
253	19	on	3.301711
253	20	the	1.741127
253	21	table	5.082885
253	22	.	2.667803
253	23	<eos>	-0.0
254	1	She	0.0
254	2	said	7.24009
254	3	that	2.639638
254	4	the	2.622591
254	5	politician	15.742455
254	6	stated	11.159541
254	7	his	8.315928
254	8	press	14.405341
254	9	secretary	4.585692
254	10	said	5.262143
254	11	the	4.07716
254	12	chief	10.341907
254	13	of	3.145523
254	14	staff	1.508919
254	15	thought	9.935534
254	16	the	3.246111
254	17	reporter	10.832326
254	18	put	12.958364
254	19	the	2.585637
254	20	microphone	11.5661
254	21	on	2.554608
254	22	the	1.679608
254	23	table	4.949469
254	24	.	2.085763
254	25	<eos>	-0.0
255	1	She	0.0
255	2	said	7.24009
255	3	who	10.871274
255	4	the	7.532369
255	5	politician	13.438545
255	6	stated	11.443702
255	7	his	10.000983
255	8	press	13.296581
255	9	secretary	3.742245
255	10	said	5.067473
255	11	the	5.290499
255	12	chief	10.057038
255	13	of	2.949461
255	14	staff	1.269796
255	15	thought	9.938165
255	16	put	15.837822
255	17	the	2.602233
255	18	microphone	13.049123
255	19	on	3.337583
255	20	the	1.742174
255	21	table	5.269484
255	22	.	1.86928
255	23	<eos>	-0.0
256	1	She	0.0
256	2	said	7.24009
256	3	who	10.871274
256	4	the	7.532369
256	5	politician	13.438545
256	6	stated	11.443702
256	7	his	10.000983
256	8	press	13.296581
256	9	secretary	3.742245
256	10	said	5.067473
256	11	the	5.290499
256	12	chief	10.057038
256	13	of	2.949461
256	14	staff	1.269796
256	15	thought	9.938165
256	16	the	3.088215
256	17	reporter	10.796119
256	18	put	12.592542
256	19	the	2.65093
256	20	microphone	11.700831
256	21	on	2.469466
256	22	the	1.681118
256	23	table	5.063861
256	24	.	1.69088
256	25	<eos>	-0.0
257	1	She	0.0
257	2	said	7.24009
257	3	that	2.639638
257	4	the	2.622591
257	5	politician	15.742455
257	6	stated	11.159541
257	7	his	8.315928
257	8	press	14.405341
257	9	secretary	4.585692
257	10	said	5.262143
257	11	the	4.07716
257	12	chief	10.341907
257	13	of	3.145523
257	14	staff	1.508919
257	15	thought	9.935534
257	16	his	6.828767
257	17	assistant	10.04652
257	18	suspects	14.838613
257	19	put	13.362246
257	20	the	3.718475
257	21	microphone	12.674459
257	22	on	3.479746
257	23	the	1.73973
257	24	table	5.378329
257	25	.	1.527328
257	26	<eos>	-0.0
258	1	She	0.0
258	2	said	7.24009
258	3	that	2.639638
258	4	the	2.622591
258	5	politician	15.742455
258	6	stated	11.159541
258	7	his	8.315928
258	8	press	14.405341
258	9	secretary	4.585692
258	10	said	5.262143
258	11	the	4.07716
258	12	chief	10.341907
258	13	of	3.145523
258	14	staff	1.508919
258	15	thought	9.935534
258	16	his	6.828767
258	17	assistant	10.04652
258	18	suspects	14.838613
258	19	the	4.277446
258	20	reporter	9.687055
258	21	put	12.705343
258	22	the	2.983274
258	23	microphone	11.575928
258	24	on	2.72978
258	25	the	1.723915
258	26	table	5.34979
258	27	.	1.425788
258	28	<eos>	-0.0
259	1	She	0.0
259	2	said	7.24009
259	3	who	10.871274
259	4	the	7.532369
259	5	politician	13.438545
259	6	stated	11.443702
259	7	his	10.000983
259	8	press	13.296581
259	9	secretary	3.742245
259	10	said	5.067473
259	11	the	5.290499
259	12	chief	10.057038
259	13	of	2.949461
259	14	staff	1.269796
259	15	thought	9.938165
259	16	his	6.996669
259	17	assistant	10.233062
259	18	suspects	14.952914
259	19	put	13.259979
259	20	the	3.734142
259	21	microphone	12.761764
259	22	on	3.391861
259	23	the	1.731716
259	24	table	5.433053
259	25	.	1.306701
259	26	<eos>	-0.0
260	1	She	0.0
260	2	said	7.24009
260	3	who	10.871274
260	4	the	7.532369
260	5	politician	13.438545
260	6	stated	11.443702
260	7	his	10.000983
260	8	press	13.296581
260	9	secretary	3.742245
260	10	said	5.067473
260	11	the	5.290499
260	12	chief	10.057038
260	13	of	2.949461
260	14	staff	1.269796
260	15	thought	9.938165
260	16	his	6.996669
260	17	assistant	10.233062
260	18	suspects	14.952914
260	19	the	4.189306
260	20	reporter	9.714045
260	21	put	12.526963
260	22	the	3.006263
260	23	microphone	11.695162
260	24	on	2.665635
260	25	the	1.705999
260	26	table	5.396885
260	27	.	1.261544
260	28	<eos>	-0.0
261	1	We	0.0
261	2	all	8.258053
261	3	know	3.618088
261	4	that	2.504345
261	5	gave	17.168766
261	6	a	3.626655
261	7	test	10.805832
261	8	to	3.480795
261	9	her	9.209954
261	10	students	9.930606
261	11	.	2.074175
261	12	<eos>	-0.0
262	1	We	0.0
262	2	all	8.258053
262	3	know	3.618088
262	4	that	2.504345
262	5	the	2.179744
262	6	teacher	13.426426
262	7	gave	11.029298
262	8	a	3.574785
262	9	test	8.621508
262	10	to	2.886785
262	11	her	6.79842
262	12	students	6.990276
262	13	.	2.370073
262	14	<eos>	-0.0
263	1	We	0.0
263	2	all	8.258053
263	3	know	3.618088
263	4	who	5.47427
263	5	gave	9.827638
263	6	a	5.207115
263	7	test	10.315259
263	8	to	3.064603
263	9	her	7.752829
263	10	students	10.062899
263	11	.	1.264683
263	12	<eos>	-0.0
264	1	We	0.0
264	2	all	8.258053
264	3	know	3.618088
264	4	who	5.47427
264	5	the	4.627324
264	6	teacher	12.07805
264	7	gave	10.331544
264	8	a	5.372179
264	9	test	8.420619
264	10	to	3.673088
264	11	her	8.15941
264	12	students	7.105196
264	13	.	1.101307
264	14	<eos>	-0.0
265	1	We	0.0
265	2	all	8.258053
265	3	know	3.618088
265	4	that	2.504345
265	5	the	2.179744
265	6	old	8.606231
265	7	man	4.106316
265	8	thinks	9.696856
265	9	gave	16.020395
265	10	a	3.74906
265	11	test	10.605119
265	12	to	3.134394
265	13	her	6.258821
265	14	students	10.594095
265	15	.	2.046901
265	16	<eos>	-0.0
266	1	We	0.0
266	2	all	8.258053
266	3	know	3.618088
266	4	that	2.504345
266	5	the	2.179744
266	6	old	8.606231
266	7	man	4.106316
266	8	thinks	9.696856
266	9	the	3.532964
266	10	teacher	11.887111
266	11	gave	12.017707
266	12	a	4.009125
266	13	test	9.012816
266	14	to	2.72332
266	15	her	5.859521
266	16	students	7.908554
266	17	.	1.751318
266	18	<eos>	-0.0
267	1	We	0.0
267	2	all	8.258053
267	3	know	3.618088
267	4	who	5.47427
267	5	the	4.627324
267	6	old	8.183127
267	7	man	2.841977
267	8	thinks	8.883002
267	9	gave	12.480503
267	10	a	5.431056
267	11	test	10.87401
267	12	to	3.992744
267	13	her	7.425087
267	14	students	11.113517
267	15	.	1.145444
267	16	<eos>	-0.0
268	1	We	0.0
268	2	all	8.258053
268	3	know	3.618088
268	4	who	5.47427
268	5	the	4.627324
268	6	old	8.183127
268	7	man	2.841977
268	8	thinks	8.883002
268	9	the	5.309806
268	10	teacher	11.622729
268	11	gave	10.239404
268	12	a	6.135801
268	13	test	8.844654
268	14	to	3.468024
268	15	her	6.916724
268	16	students	7.847746
268	17	.	1.008707
268	18	<eos>	-0.0
269	1	We	0.0
269	2	all	8.258053
269	3	know	3.618088
269	4	that	2.504345
269	5	the	2.179744
269	6	old	8.606231
269	7	man	4.106316
269	8	thinks	9.696856
269	9	the	3.532964
269	10	woman	8.46324
269	11	knows	7.557247
269	12	gave	17.499634
269	13	a	3.752854
269	14	test	10.586103
269	15	to	2.856344
269	16	her	2.469154
269	17	students	11.407712
269	18	.	1.521335
269	19	<eos>	-0.0
270	1	We	0.0
270	2	all	8.258053
270	3	know	3.618088
270	4	that	2.504345
270	5	the	2.179744
270	6	old	8.606231
270	7	man	4.106316
270	8	thinks	9.696856
270	9	the	3.532964
270	10	woman	8.46324
270	11	knows	7.557247
270	12	the	3.536188
270	13	teacher	14.240193
270	14	gave	12.766898
270	15	a	5.03663
270	16	test	9.230865
270	17	to	2.882333
270	18	her	2.367289
270	19	students	8.94279
270	20	.	1.36533
270	21	<eos>	-0.0
271	1	We	0.0
271	2	all	8.258053
271	3	know	3.618088
271	4	who	5.47427
271	5	the	4.627324
271	6	old	8.183127
271	7	man	2.841977
271	8	thinks	8.883002
271	9	the	5.309806
271	10	woman	8.13296
271	11	knows	7.584908
271	12	gave	14.764754
271	13	a	5.845263
271	14	test	11.127784
271	15	to	3.960245
271	16	her	4.781879
271	17	students	11.742236
271	18	.	1.043594
271	19	<eos>	-0.0
272	1	We	0.0
272	2	all	8.258053
272	3	know	3.618088
272	4	who	5.47427
272	5	the	4.627324
272	6	old	8.183127
272	7	man	2.841977
272	8	thinks	8.883002
272	9	the	5.309806
272	10	woman	8.13296
272	11	knows	7.584908
272	12	the	6.287809
272	13	teacher	13.309836
272	14	gave	10.528843
272	15	a	7.116353
272	16	test	9.473216
272	17	to	3.668869
272	18	her	4.710577
272	19	students	8.908511
272	20	.	0.946315
272	21	<eos>	-0.0
273	1	We	0.0
273	2	all	8.258053
273	3	know	3.618088
273	4	that	2.504345
273	5	the	2.179744
273	6	old	8.606231
273	7	man	4.106316
273	8	thinks	9.696856
273	9	the	3.532964
273	10	woman	8.46324
273	11	knows	7.557247
273	12	the	3.536188
273	13	young	11.603884
273	14	boy	5.679035
273	15	said	13.245052
273	16	gave	17.474951
273	17	a	4.730309
273	18	test	11.14236
273	19	to	3.064777
273	20	her	2.948008
273	21	students	10.859979
273	22	.	1.296662
273	23	<eos>	-0.0
274	1	We	0.0
274	2	all	8.258053
274	3	know	3.618088
274	4	that	2.504345
274	5	the	2.179744
274	6	old	8.606231
274	7	man	4.106316
274	8	thinks	9.696856
274	9	the	3.532964
274	10	woman	8.46324
274	11	knows	7.557247
274	12	the	3.536188
274	13	young	11.603884
274	14	boy	5.679035
274	15	said	13.245052
274	16	the	4.56728
274	17	teacher	11.286334
274	18	gave	10.814768
274	19	a	4.916407
274	20	test	9.495429
274	21	to	2.528458
274	22	her	3.060195
274	23	students	8.833066
274	24	.	1.276166
274	25	<eos>	-0.0
275	1	We	0.0
275	2	all	8.258053
275	3	know	3.618088
275	4	who	5.47427
275	5	the	4.627324
275	6	old	8.183127
275	7	man	2.841977
275	8	thinks	8.883002
275	9	the	5.309806
275	10	woman	8.13296
275	11	knows	7.584908
275	12	the	6.287809
275	13	young	11.250299
275	14	boy	5.247532
275	15	said	12.01061
275	16	gave	12.741673
275	17	a	5.023679
275	18	test	11.635472
275	19	to	3.530564
275	20	her	3.632393
275	21	students	10.672619
275	22	.	0.93938
275	23	<eos>	-0.0
276	1	We	0.0
276	2	all	8.258053
276	3	know	3.618088
276	4	who	5.47427
276	5	the	4.627324
276	6	old	8.183127
276	7	man	2.841977
276	8	thinks	8.883002
276	9	the	5.309806
276	10	woman	8.13296
276	11	knows	7.584908
276	12	the	6.287809
276	13	young	11.250299
276	14	boy	5.247532
276	15	said	12.01061
276	16	the	6.188594
276	17	teacher	10.75782
276	18	gave	8.480268
276	19	a	5.899105
276	20	test	10.105269
276	21	to	3.172372
276	22	her	4.075552
276	23	students	8.368839
276	24	.	0.848244
276	25	<eos>	-0.0
277	1	We	0.0
277	2	all	8.258053
277	3	know	3.618088
277	4	that	2.504345
277	5	the	2.179744
277	6	old	8.606231
277	7	man	4.106316
277	8	thinks	9.696856
277	9	the	3.532964
277	10	woman	8.46324
277	11	knows	7.557247
277	12	the	3.536188
277	13	young	11.603884
277	14	boy	5.679035
277	15	said	13.245052
277	16	his	7.054651
277	17	friend	6.958929
277	18	saw	11.960321
277	19	gave	19.26722
277	20	a	4.205635
277	21	test	11.172532
277	22	to	2.714824
277	23	her	3.625025
277	24	students	10.978585
277	25	.	1.143228
277	26	<eos>	-0.0
278	1	We	0.0
278	2	all	8.258053
278	3	know	3.618088
278	4	that	2.504345
278	5	the	2.179744
278	6	old	8.606231
278	7	man	4.106316
278	8	thinks	9.696856
278	9	the	3.532964
278	10	woman	8.46324
278	11	knows	7.557247
278	12	the	3.536188
278	13	young	11.603884
278	14	boy	5.679035
278	15	said	13.245052
278	16	his	7.054651
278	17	friend	6.958929
278	18	saw	11.960321
278	19	the	2.929096
278	20	teacher	12.552588
278	21	gave	12.913977
278	22	a	4.321485
278	23	test	9.124327
278	24	to	2.846048
278	25	her	3.939337
278	26	students	8.716504
278	27	.	1.125798
278	28	<eos>	-0.0
279	1	We	0.0
279	2	all	8.258053
279	3	know	3.618088
279	4	who	5.47427
279	5	the	4.627324
279	6	old	8.183127
279	7	man	2.841977
279	8	thinks	8.883002
279	9	the	5.309806
279	10	woman	8.13296
279	11	knows	7.584908
279	12	the	6.287809
279	13	young	11.250299
279	14	boy	5.247532
279	15	said	12.01061
279	16	his	9.135965
279	17	friend	6.598865
279	18	saw	9.881579
279	19	gave	15.992733
279	20	a	6.30151
279	21	test	11.716936
279	22	to	3.906189
279	23	her	5.282333
279	24	students	11.11697
279	25	.	0.792982
279	26	<eos>	-0.0
280	1	We	0.0
280	2	all	8.258053
280	3	know	3.618088
280	4	who	5.47427
280	5	the	4.627324
280	6	old	8.183127
280	7	man	2.841977
280	8	thinks	8.883002
280	9	the	5.309806
280	10	woman	8.13296
280	11	knows	7.584908
280	12	the	6.287809
280	13	young	11.250299
280	14	boy	5.247532
280	15	said	12.01061
280	16	his	9.135965
280	17	friend	6.598865
280	18	saw	9.881579
280	19	the	6.262777
280	20	teacher	12.781204
280	21	gave	10.554853
280	22	a	6.72248
280	23	test	9.531906
280	24	to	3.696387
280	25	her	5.358105
280	26	students	8.378157
280	27	.	0.851196
280	28	<eos>	-0.0
281	1	I	0.0
281	2	know	6.278276
281	3	that	2.352433
281	4	congratulated	24.027151
281	5	the	3.335424
281	6	couple	9.996145
281	7	after	7.648048
281	8	the	2.190269
281	9	service	11.227156
281	10	.	1.850829
281	11	<eos>	-0.0
282	1	I	0.0
282	2	know	6.278276
282	3	that	2.352433
282	4	the	2.35511
282	5	priest	13.087937
282	6	congratulated	17.233746
282	7	the	2.561088
282	8	couple	12.190364
282	9	after	7.703251
282	10	the	1.949836
282	11	service	10.528894
282	12	.	1.816751
282	13	<eos>	-0.0
283	1	I	0.0
283	2	know	6.278276
283	3	who	6.580016
283	4	congratulated	17.539339
283	5	the	2.691193
283	6	couple	10.30321
283	7	after	8.057731
283	8	the	2.026905
283	9	service	11.707101
283	10	.	1.655551
283	11	<eos>	-0.0
284	1	I	0.0
284	2	know	6.278276
284	3	who	6.580016
284	4	the	5.056487
284	5	priest	12.262259
284	6	congratulated	16.873154
284	7	the	3.409487
284	8	couple	11.872149
284	9	after	7.531254
284	10	the	1.948174
284	11	service	10.363394
284	12	.	1.666453
284	13	<eos>	-0.0
285	1	I	0.0
285	2	know	6.278276
285	3	that	2.352433
285	4	the	2.35511
285	5	man	8.492576
285	6	thinks	9.886786
285	7	congratulated	23.803711
285	8	the	6.540766
285	9	couple	10.096424
285	10	after	7.445134
285	11	the	2.425647
285	12	service	12.007288
285	13	.	1.705961
285	14	<eos>	-0.0
286	1	I	0.0
286	2	know	6.278276
286	3	that	2.352433
286	4	the	2.35511
286	5	man	8.492576
286	6	thinks	9.886786
286	7	the	3.783918
286	8	priest	11.750247
286	9	congratulated	19.095245
286	10	the	3.132913
286	11	couple	10.755983
286	12	after	7.611813
286	13	the	2.042081
286	14	service	11.152765
286	15	.	1.594613
286	16	<eos>	-0.0
287	1	I	0.0
287	2	know	6.278276
287	3	who	6.580016
287	4	the	5.056487
287	5	man	7.492087
287	6	thinks	8.431314
287	7	congratulated	22.91691
287	8	the	4.225276
287	9	couple	9.00721
287	10	after	8.275393
287	11	the	2.381514
287	12	service	11.795742
287	13	.	1.372769
287	14	<eos>	-0.0
288	1	I	0.0
288	2	know	6.278276
288	3	who	6.580016
288	4	the	5.056487
288	5	man	7.492087
288	6	thinks	8.431314
288	7	the	5.20266
288	8	priest	11.868578
288	9	congratulated	19.054014
288	10	the	4.671721
288	11	couple	11.255523
288	12	after	7.989334
288	13	the	2.01496
288	14	service	11.084656
288	15	.	1.478449
288	16	<eos>	-0.0
289	1	I	0.0
289	2	know	6.278276
289	3	that	2.352433
289	4	the	2.35511
289	5	man	8.492576
289	6	thinks	9.886786
289	7	the	3.783918
289	8	woman	8.084802
289	9	said	10.907943
289	10	congratulated	23.956947
289	11	the	3.506809
289	12	couple	8.258841
289	13	after	7.325538
289	14	the	2.429492
289	15	service	13.003637
289	16	.	2.048955
289	17	<eos>	-0.0
290	1	I	0.0
290	2	know	6.278276
290	3	that	2.352433
290	4	the	2.35511
290	5	man	8.492576
290	6	thinks	9.886786
290	7	the	3.783918
290	8	woman	8.084802
290	9	said	10.907943
290	10	the	4.66707
290	11	priest	11.50771
290	12	congratulated	18.663448
290	13	the	3.798264
290	14	couple	9.439381
290	15	after	7.815741
290	16	the	2.192301
290	17	service	12.115602
290	18	.	1.557509
290	19	<eos>	-0.0
291	1	I	0.0
291	2	know	6.278276
291	3	who	6.580016
291	4	the	5.056487
291	5	man	7.492087
291	6	thinks	8.431314
291	7	the	5.20266
291	8	woman	7.758025
291	9	said	8.990764
291	10	congratulated	23.40513
291	11	the	3.557498
291	12	couple	7.502304
291	13	after	8.390391
291	14	the	2.165177
291	15	service	12.585044
291	16	.	1.399745
291	17	<eos>	-0.0
292	1	I	0.0
292	2	know	6.278276
292	3	who	6.580016
292	4	the	5.056487
292	5	man	7.492087
292	6	thinks	8.431314
292	7	the	5.20266
292	8	woman	7.758025
292	9	said	8.990764
292	10	the	6.019263
292	11	priest	11.829043
292	12	congratulated	18.111738
292	13	the	4.210318
292	14	couple	9.41911
292	15	after	8.109828
292	16	the	2.17224
292	17	service	11.740301
292	18	.	1.523152
292	19	<eos>	-0.0
293	1	I	0.0
293	2	know	6.278276
293	3	that	2.352433
293	4	the	2.35511
293	5	man	8.492576
293	6	thinks	9.886786
293	7	the	3.783918
293	8	woman	8.084802
293	9	said	10.907943
293	10	she	3.032726
293	11	believed	10.1113
293	12	congratulated	24.570583
293	13	the	4.165392
293	14	couple	8.202579
293	15	after	7.897776
293	16	the	2.377788
293	17	service	13.23896
293	18	.	1.687505
293	19	<eos>	-0.0
294	1	I	0.0
294	2	know	6.278276
294	3	that	2.352433
294	4	the	2.35511
294	5	man	8.492576
294	6	thinks	9.886786
294	7	the	3.783918
294	8	woman	8.084802
294	9	said	10.907943
294	10	she	3.032726
294	11	believed	10.1113
294	12	the	3.094792
294	13	priest	12.098188
294	14	congratulated	19.753109
294	15	the	3.55287
294	16	couple	9.205382
294	17	after	8.005465
294	18	the	2.182626
294	19	service	12.452419
294	20	.	1.584667
294	21	<eos>	-0.0
295	1	I	0.0
295	2	know	6.278276
295	3	who	6.580016
295	4	the	5.056487
295	5	man	7.492087
295	6	thinks	8.431314
295	7	the	5.20266
295	8	woman	7.758025
295	9	said	8.990764
295	10	she	5.271996
295	11	believed	9.77658
295	12	congratulated	22.38792
295	13	the	3.779759
295	14	couple	7.607739
295	15	after	8.432624
295	16	the	2.252403
295	17	service	12.797313
295	18	.	1.335909
295	19	<eos>	-0.0
296	1	I	0.0
296	2	know	6.278276
296	3	who	6.580016
296	4	the	5.056487
296	5	man	7.492087
296	6	thinks	8.431314
296	7	the	5.20266
296	8	woman	7.758025
296	9	said	8.990764
296	10	she	5.271996
296	11	believed	9.77658
296	12	the	5.661843
296	13	priest	12.052711
296	14	congratulated	18.61693
296	15	the	4.769432
296	16	couple	9.218988
296	17	after	8.042528
296	18	the	2.286805
296	19	service	12.115627
296	20	.	1.469558
296	21	<eos>	-0.0
297	1	I	0.0
297	2	know	6.278276
297	3	that	2.352433
297	4	the	2.35511
297	5	man	8.492576
297	6	thinks	9.886786
297	7	the	3.783918
297	8	woman	8.084802
297	9	said	10.907943
297	10	she	3.032726
297	11	believed	10.1113
297	12	she	2.863008
297	13	noticed	15.517216
297	14	congratulated	26.441656
297	15	the	4.658516
297	16	couple	7.792613
297	17	after	7.970786
297	18	the	2.812456
297	19	service	13.866873
297	20	.	1.916697
297	21	<eos>	-0.0
298	1	I	0.0
298	2	know	6.278276
298	3	that	2.352433
298	4	the	2.35511
298	5	man	8.492576
298	6	thinks	9.886786
298	7	the	3.783918
298	8	woman	8.084802
298	9	said	10.907943
298	10	she	3.032726
298	11	believed	10.1113
298	12	she	2.863008
298	13	noticed	15.517216
298	14	the	2.377151
298	15	priest	13.934855
298	16	congratulated	20.825888
298	17	the	3.889795
298	18	couple	9.185134
298	19	after	8.486005
298	20	the	2.446611
298	21	service	12.655224
298	22	.	1.771249
298	23	<eos>	-0.0
299	1	I	0.0
299	2	know	6.278276
299	3	who	6.580016
299	4	the	5.056487
299	5	man	7.492087
299	6	thinks	8.431314
299	7	the	5.20266
299	8	woman	7.758025
299	9	said	8.990764
299	10	she	5.271996
299	11	believed	9.77658
299	12	she	5.080431
299	13	noticed	14.374461
299	14	congratulated	25.335163
299	15	the	4.650187
299	16	couple	7.516802
299	17	after	7.545382
299	18	the	2.550875
299	19	service	12.886375
299	20	.	1.606285
299	21	<eos>	-0.0
300	1	I	0.0
300	2	know	6.278276
300	3	who	6.580016
300	4	the	5.056487
300	5	man	7.492087
300	6	thinks	8.431314
300	7	the	5.20266
300	8	woman	7.758025
300	9	said	8.990764
300	10	she	5.271996
300	11	believed	9.77658
300	12	she	5.080431
300	13	noticed	14.374461
300	14	the	5.905261
300	15	priest	13.284116
300	16	congratulated	18.40126
300	17	the	4.638534
300	18	couple	8.62845
300	19	after	8.197452
300	20	the	2.370275
300	21	service	12.034682
300	22	.	1.482778
300	23	<eos>	-0.0
301	1	You	0.0
301	2	know	6.225534
301	3	that	3.970907
301	4	introduced	18.39765
301	5	her	10.623405
301	6	friend	11.549111
301	7	to	3.264277
301	8	her	4.091941
301	9	mother	4.529879
301	10	.	2.162711
301	11	<eos>	-0.0
302	1	You	0.0
302	2	know	6.225534
302	3	that	3.970907
302	4	the	2.063794
302	5	young	9.309608
302	6	woman	4.543005
302	7	introduced	13.010439
302	8	her	2.624811
302	9	friend	11.95243
302	10	to	2.652849
302	11	her	2.710479
302	12	mother	3.939029
302	13	.	2.292441
302	14	<eos>	-0.0
303	1	You	0.0
303	2	know	6.225534
303	3	who	7.834128
303	4	introduced	14.209064
303	5	her	6.809839
303	6	friend	13.27586
303	7	to	3.050825
303	8	her	3.524177
303	9	mother	4.377079
303	10	.	1.594535
303	11	<eos>	-0.0
304	1	You	0.0
304	2	know	6.225534
304	3	who	7.834128
304	4	the	4.899722
304	5	young	9.266635
304	6	woman	5.496605
304	7	introduced	13.582562
304	8	her	5.940876
304	9	friend	10.456882
304	10	to	2.542513
304	11	her	3.22996
304	12	mother	3.985135
304	13	.	1.535622
304	14	<eos>	-0.0
305	1	You	0.0
305	2	know	6.225534
305	3	that	3.970907
305	4	we	6.976933
305	5	all	7.039507
305	6	believe	7.705782
305	7	introduced	19.604631
305	8	her	10.860345
305	9	friend	13.420947
305	10	to	3.431843
305	11	her	4.728292
305	12	mother	5.374899
305	13	.	1.677986
305	14	<eos>	-0.0
306	1	You	0.0
306	2	know	6.225534
306	3	that	3.970907
306	4	we	6.976933
306	5	all	7.039507
306	6	believe	7.705782
306	7	the	3.423167
306	8	young	10.198137
306	9	woman	4.605494
306	10	introduced	15.072932
306	11	her	3.768108
306	12	friend	12.941019
306	13	to	2.480216
306	14	her	2.816816
306	15	mother	4.69647
306	16	.	1.850045
306	17	<eos>	-0.0
307	1	You	0.0
307	2	know	6.225534
307	3	who	7.834128
307	4	we	7.422175
307	5	all	7.298488
307	6	believe	7.072744
307	7	introduced	17.174246
307	8	her	11.673767
307	9	friend	12.085582
307	10	to	4.047374
307	11	her	5.294932
307	12	mother	6.059717
307	13	.	1.658343
307	14	<eos>	-0.0
308	1	You	0.0
308	2	know	6.225534
308	3	who	7.834128
308	4	we	7.422175
308	5	all	7.298488
308	6	believe	7.072744
308	7	the	7.332662
308	8	young	9.62687
308	9	woman	5.439695
308	10	introduced	14.583961
308	11	her	3.316894
308	12	friend	12.398538
308	13	to	2.57558
308	14	her	3.01739
308	15	mother	4.493182
308	16	.	1.597636
308	17	<eos>	-0.0
309	1	You	0.0
309	2	know	6.225534
309	3	that	3.970907
309	4	we	6.976933
309	5	all	7.039507
309	6	believe	7.705782
309	7	she	9.15129
309	8	thought	10.945172
309	9	introduced	19.491329
309	10	her	6.10231
309	11	friend	12.977983
309	12	to	3.43873
309	13	her	3.534043
309	14	mother	5.511109
309	15	.	1.577731
309	16	<eos>	-0.0
310	1	You	0.0
310	2	know	6.225534
310	3	that	3.970907
310	4	we	6.976933
310	5	all	7.039507
310	6	believe	7.705782
310	7	she	9.15129
310	8	thought	10.945172
310	9	the	3.118791
310	10	young	9.216683
310	11	woman	2.494995
310	12	introduced	14.513013
310	13	her	3.120873
310	14	friend	12.73616
310	15	to	2.666213
310	16	her	2.604876
310	17	mother	4.957015
310	18	.	1.671367
310	19	<eos>	-0.0
311	1	You	0.0
311	2	know	6.225534
311	3	who	7.834128
311	4	we	7.422175
311	5	all	7.298488
311	6	believe	7.072744
311	7	she	11.845207
311	8	thought	10.908528
311	9	introduced	17.844271
311	10	her	6.867438
311	11	friend	11.533056
311	12	to	3.787539
311	13	her	4.135746
311	14	mother	6.023631
311	15	.	1.451312
311	16	<eos>	-0.0
312	1	You	0.0
312	2	know	6.225534
312	3	who	7.834128
312	4	we	7.422175
312	5	all	7.298488
312	6	believe	7.072744
312	7	she	11.845207
312	8	thought	10.908528
312	9	the	4.498666
312	10	young	9.010237
312	11	woman	3.340351
312	12	introduced	13.96599
312	13	her	2.937818
312	14	friend	12.020528
312	15	to	2.714927
312	16	her	2.904714
312	17	mother	4.720847
312	18	.	1.445498
312	19	<eos>	-0.0
313	1	You	0.0
313	2	know	6.225534
313	3	that	3.970907
313	4	we	6.976933
313	5	all	7.039507
313	6	believe	7.705782
313	7	she	9.15129
313	8	thought	10.945172
313	9	he	5.430739
313	10	said	10.212052
313	11	introduced	18.826475
313	12	her	4.828633
313	13	friend	13.559823
313	14	to	3.1422
313	15	her	3.067866
313	16	mother	5.368452
313	17	.	1.517081
313	18	<eos>	-0.0
314	1	You	0.0
314	2	know	6.225534
314	3	that	3.970907
314	4	we	6.976933
314	5	all	7.039507
314	6	believe	7.705782
314	7	she	9.15129
314	8	thought	10.945172
314	9	he	5.430739
314	10	said	10.212052
314	11	the	3.911805
314	12	young	10.120242
314	13	woman	3.778814
314	14	introduced	13.402144
314	15	her	2.484138
314	16	friend	12.98109
314	17	to	2.59628
314	18	her	2.5635
314	19	mother	4.846526
314	20	.	1.465765
314	21	<eos>	-0.0
315	1	You	0.0
315	2	know	6.225534
315	3	who	7.834128
315	4	we	7.422175
315	5	all	7.298488
315	6	believe	7.072744
315	7	she	11.845207
315	8	thought	10.908528
315	9	he	7.087846
315	10	said	9.303167
315	11	introduced	18.996824
315	12	her	4.969826
315	13	friend	13.061165
315	14	to	3.302092
315	15	her	3.393398
315	16	mother	5.52756
315	17	.	1.393175
315	18	<eos>	-0.0
316	1	You	0.0
316	2	know	6.225534
316	3	who	7.834128
316	4	we	7.422175
316	5	all	7.298488
316	6	believe	7.072744
316	7	she	11.845207
316	8	thought	10.908528
316	9	he	7.087846
316	10	said	9.303167
316	11	the	4.624491
316	12	young	9.591347
316	13	woman	4.322566
316	14	introduced	13.089071
316	15	her	2.578512
316	16	friend	12.396667
316	17	to	2.640527
316	18	her	2.740743
316	19	mother	4.67367
316	20	.	1.471148
316	21	<eos>	-0.0
317	1	You	0.0
317	2	know	6.225534
317	3	that	3.970907
317	4	we	6.976933
317	5	all	7.039507
317	6	believe	7.705782
317	7	she	9.15129
317	8	thought	10.945172
317	9	he	5.430739
317	10	said	10.212052
317	11	he	4.952215
317	12	noticed	13.405324
317	13	introduced	19.679564
317	14	her	9.240956
317	15	friend	11.408174
317	16	to	4.164375
317	17	her	3.629437
317	18	mother	4.975937
317	19	.	1.521833
317	20	<eos>	-0.0
318	1	You	0.0
318	2	know	6.225534
318	3	that	3.970907
318	4	we	6.976933
318	5	all	7.039507
318	6	believe	7.705782
318	7	she	9.15129
318	8	thought	10.945172
318	9	he	5.430739
318	10	said	10.212052
318	11	he	4.952215
318	12	noticed	13.405324
318	13	the	2.28604
318	14	young	10.33078
318	15	woman	4.38065
318	16	introduced	15.1498
318	17	her	5.420342
318	18	friend	11.173648
318	19	to	3.055347
318	20	her	2.787128
318	21	mother	4.451132
318	22	.	1.458512
318	23	<eos>	-0.0
319	1	You	0.0
319	2	know	6.225534
319	3	who	7.834128
319	4	we	7.422175
319	5	all	7.298488
319	6	believe	7.072744
319	7	she	11.845207
319	8	thought	10.908528
319	9	he	7.087846
319	10	said	9.303167
319	11	he	6.17284
319	12	noticed	13.188454
319	13	introduced	19.21809
319	14	her	8.969395
319	15	friend	11.251846
319	16	to	4.137671
319	17	her	4.125713
319	18	mother	5.197257
319	19	.	1.554582
319	20	<eos>	-0.0
320	1	You	0.0
320	2	know	6.225534
320	3	who	7.834128
320	4	we	7.422175
320	5	all	7.298488
320	6	believe	7.072744
320	7	she	11.845207
320	8	thought	10.908528
320	9	he	7.087846
320	10	said	9.303167
320	11	he	6.17284
320	12	noticed	13.188454
320	13	the	2.254171
320	14	young	9.957507
320	15	woman	4.869984
320	16	introduced	15.042748
320	17	her	5.307876
320	18	friend	10.878649
320	19	to	3.081924
320	20	her	2.854502
320	21	mother	4.513638
320	22	.	1.479746
320	23	<eos>	-0.0
321	1	He	0.0
321	2	knows	11.52312
321	3	that	2.297416
321	4	interrogated	23.171738
321	5	the	5.947554
321	6	spy	9.192225
321	7	in	5.399347
321	8	the	1.952841
321	9	prison	7.452051
321	10	.	2.363936
321	11	<eos>	-0.0
322	1	He	0.0
322	2	knows	11.52312
322	3	that	2.297416
322	4	the	2.267236
322	5	police	8.530047
322	6	interrogated	15.367977
322	7	the	3.771311
322	8	spy	9.783278
322	9	in	5.577624
322	10	the	2.15576
322	11	prison	7.269062
322	12	.	2.298355
322	13	<eos>	-0.0
323	1	He	0.0
323	2	knows	11.52312
323	3	who	6.622077
323	4	interrogated	20.533836
323	5	the	3.401484
323	6	spy	9.351237
323	7	in	4.972199
323	8	the	1.765404
323	9	prison	7.393716
323	10	.	1.985623
323	11	<eos>	-0.0
324	1	He	0.0
324	2	knows	11.52312
324	3	who	6.622077
324	4	the	4.020604
324	5	police	8.129345
324	6	interrogated	15.314926
324	7	the	5.109066
324	8	spy	11.150863
324	9	in	6.00984
324	10	the	1.695414
324	11	prison	7.197583
324	12	.	1.845601
324	13	<eos>	-0.0
325	1	He	0.0
325	2	knows	11.52312
325	3	that	2.297416
325	4	the	2.267236
325	5	inspector	15.041479
325	6	said	10.898587
325	7	interrogated	22.136272
325	8	the	5.991847
325	9	spy	8.928716
325	10	in	5.197754
325	11	the	2.06973
325	12	prison	7.591894
325	13	.	2.300286
325	14	<eos>	-0.0
326	1	He	0.0
326	2	knows	11.52312
326	3	that	2.297416
326	4	the	2.267236
326	5	inspector	15.041479
326	6	said	10.898587
326	7	the	3.257384
326	8	police	6.192225
326	9	interrogated	12.334696
326	10	the	3.916313
326	11	spy	9.63064
326	12	in	5.2882
326	13	the	2.329681
326	14	prison	7.425447
326	15	.	2.126451
326	16	<eos>	-0.0
327	1	He	0.0
327	2	knows	11.52312
327	3	who	6.622077
327	4	the	4.020604
327	5	inspector	13.512759
327	6	said	9.978379
327	7	interrogated	22.667269
327	8	the	3.291292
327	9	spy	9.661911
327	10	in	5.494268
327	11	the	1.845129
327	12	prison	7.11788
327	13	.	1.81751
327	14	<eos>	-0.0
328	1	He	0.0
328	2	knows	11.52312
328	3	who	6.622077
328	4	the	4.020604
328	5	inspector	13.512759
328	6	said	9.978379
328	7	the	5.05689
328	8	police	6.587899
328	9	interrogated	11.635743
328	10	the	3.951425
328	11	spy	9.676913
328	12	in	5.69557
328	13	the	2.131479
328	14	prison	7.1556
328	15	.	1.891443
328	16	<eos>	-0.0
329	1	He	0.0
329	2	knows	11.52312
329	3	that	2.297416
329	4	the	2.267236
329	5	inspector	15.041479
329	6	said	10.898587
329	7	the	3.257384
329	8	man	5.92521
329	9	reported	13.39818
329	10	interrogated	20.169481
329	11	the	4.364975
329	12	spy	8.240783
329	13	in	4.588608
329	14	the	2.090341
329	15	prison	7.654817
329	16	.	2.02452
329	17	<eos>	-0.0
330	1	He	0.0
330	2	knows	11.52312
330	3	that	2.297416
330	4	the	2.267236
330	5	inspector	15.041479
330	6	said	10.898587
330	7	the	3.257384
330	8	man	5.92521
330	9	reported	13.39818
330	10	the	3.787629
330	11	police	8.294675
330	12	interrogated	12.190723
330	13	the	3.931265
330	14	spy	10.429685
330	15	in	5.466354
330	16	the	2.330339
330	17	prison	7.689542
330	18	.	2.172754
330	19	<eos>	-0.0
331	1	He	0.0
331	2	knows	11.52312
331	3	who	6.622077
331	4	the	4.020604
331	5	inspector	13.512759
331	6	said	9.978379
331	7	the	5.05689
331	8	man	5.892483
331	9	reported	12.610765
331	10	interrogated	20.698784
331	11	the	4.274636
331	12	spy	8.732241
331	13	in	4.837853
331	14	the	1.93715
331	15	prison	7.594172
331	16	.	1.846317
331	17	<eos>	-0.0
332	1	He	0.0
332	2	knows	11.52312
332	3	who	6.622077
332	4	the	4.020604
332	5	inspector	13.512759
332	6	said	9.978379
332	7	the	5.05689
332	8	man	5.892483
332	9	reported	12.610765
332	10	the	3.99553
332	11	police	8.172667
332	12	interrogated	11.88437
332	13	the	4.101962
332	14	spy	10.721767
332	15	in	5.572042
332	16	the	2.215624
332	17	prison	7.585874
332	18	.	2.077684
332	19	<eos>	-0.0
333	1	He	0.0
333	2	knows	11.52312
333	3	that	2.297416
333	4	the	2.267236
333	5	inspector	15.041479
333	6	said	10.898587
333	7	the	3.257384
333	8	man	5.92521
333	9	reported	13.39818
333	10	he	4.681043
333	11	thought	9.29265
333	12	interrogated	21.918619
333	13	the	4.947328
333	14	spy	8.987358
333	15	in	5.264791
333	16	the	1.961638
333	17	prison	7.417529
333	18	.	2.028347
333	19	<eos>	-0.0
334	1	He	0.0
334	2	knows	11.52312
334	3	that	2.297416
334	4	the	2.267236
334	5	inspector	15.041479
334	6	said	10.898587
334	7	the	3.257384
334	8	man	5.92521
334	9	reported	13.39818
334	10	he	4.681043
334	11	thought	9.29265
334	12	the	2.808826
334	13	police	5.427962
334	14	interrogated	13.207142
334	15	the	3.916736
334	16	spy	9.460635
334	17	in	5.57496
334	18	the	2.369653
334	19	prison	7.915129
334	20	.	2.028351
334	21	<eos>	-0.0
335	1	He	0.0
335	2	knows	11.52312
335	3	who	6.622077
335	4	the	4.020604
335	5	inspector	13.512759
335	6	said	9.978379
335	7	the	5.05689
335	8	man	5.892483
335	9	reported	12.610765
335	10	he	4.612526
335	11	thought	9.358476
335	12	interrogated	21.941265
335	13	the	5.063156
335	14	spy	9.175183
335	15	in	5.333462
335	16	the	1.844633
335	17	prison	7.326596
335	18	.	1.863202
335	19	<eos>	-0.0
336	1	He	0.0
336	2	knows	11.52312
336	3	who	6.622077
336	4	the	4.020604
336	5	inspector	13.512759
336	6	said	9.978379
336	7	the	5.05689
336	8	man	5.892483
336	9	reported	12.610765
336	10	he	4.612526
336	11	thought	9.358476
336	12	the	2.67407
336	13	police	5.629478
336	14	interrogated	13.171322
336	15	the	3.889589
336	16	spy	9.577605
336	17	in	5.628131
336	18	the	2.270776
336	19	prison	7.901388
336	20	.	1.906598
336	21	<eos>	-0.0
337	1	He	0.0
337	2	knows	11.52312
337	3	that	2.297416
337	4	the	2.267236
337	5	inspector	15.041479
337	6	said	10.898587
337	7	the	3.257384
337	8	man	5.92521
337	9	reported	13.39818
337	10	he	4.681043
337	11	thought	9.29265
337	12	he	2.232178
337	13	noticed	14.039038
337	14	interrogated	23.632034
337	15	the	9.352167
337	16	spy	8.756926
337	17	in	5.802311
337	18	the	2.035866
337	19	prison	7.869552
337	20	.	2.273815
337	21	<eos>	-0.0
338	1	He	0.0
338	2	knows	11.52312
338	3	that	2.297416
338	4	the	2.267236
338	5	inspector	15.041479
338	6	said	10.898587
338	7	the	3.257384
338	8	man	5.92521
338	9	reported	13.39818
338	10	he	4.681043
338	11	thought	9.29265
338	12	he	2.232178
338	13	noticed	14.039038
338	14	the	2.02332
338	15	police	8.080606
338	16	interrogated	13.848262
338	17	the	4.431901
338	18	spy	10.125793
338	19	in	5.539773
338	20	the	2.391098
338	21	prison	7.796043
338	22	.	2.017246
338	23	<eos>	-0.0
339	1	He	0.0
339	2	knows	11.52312
339	3	who	6.622077
339	4	the	4.020604
339	5	inspector	13.512759
339	6	said	9.978379
339	7	the	5.05689
339	8	man	5.892483
339	9	reported	12.610765
339	10	he	4.612526
339	11	thought	9.358476
339	12	he	2.407615
339	13	noticed	13.7546
339	14	interrogated	23.745224
339	15	the	9.385928
339	16	spy	8.940372
339	17	in	5.866692
339	18	the	1.993349
339	19	prison	7.925778
339	20	.	2.163396
339	21	<eos>	-0.0
340	1	He	0.0
340	2	knows	11.52312
340	3	who	6.622077
340	4	the	4.020604
340	5	inspector	13.512759
340	6	said	9.978379
340	7	the	5.05689
340	8	man	5.892483
340	9	reported	12.610765
340	10	he	4.612526
340	11	thought	9.358476
340	12	he	2.407615
340	13	noticed	13.7546
340	14	the	1.988646
340	15	police	8.165732
340	16	interrogated	14.021604
340	17	the	4.402719
340	18	spy	10.298019
340	19	in	5.552361
340	20	the	2.311357
340	21	prison	7.714224
340	22	.	1.94668
340	23	<eos>	-0.0
341	1	She	0.0
341	2	knows	11.608641
341	3	that	2.279035
341	4	thanked	23.80282
341	5	the	3.611878
341	6	waitress	14.854869
341	7	after	9.217941
341	8	the	2.727928
341	9	meal	6.637402
341	10	.	1.300458
341	11	<eos>	-0.0
342	1	She	0.0
342	2	knows	11.608641
342	3	that	2.279035
342	4	the	2.521865
342	5	woman	6.550632
342	6	thanked	17.296537
342	7	the	3.243613
342	8	waitress	14.330894
342	9	after	8.484184
342	10	the	2.778133
342	11	meal	6.940241
342	12	.	1.151605
342	13	<eos>	-0.0
343	1	She	0.0
343	2	knows	11.608641
343	3	who	6.4446
343	4	thanked	19.805748
343	5	the	2.532903
343	6	waitress	14.625978
343	7	after	9.183362
343	8	the	2.748579
343	9	meal	6.777305
343	10	.	0.941659
343	11	<eos>	-0.0
344	1	She	0.0
344	2	knows	11.608641
344	3	who	6.4446
344	4	the	4.386521
344	5	woman	5.698281
344	6	thanked	18.249916
344	7	the	3.873989
344	8	waitress	13.898626
344	9	after	7.89972
344	10	the	2.476293
344	11	meal	6.500116
344	12	.	0.777434
344	13	<eos>	-0.0
345	1	She	0.0
345	2	knows	11.608641
345	3	that	2.279035
345	4	the	2.521865
345	5	waiter	16.7216
345	6	said	11.355186
345	7	thanked	23.365978
345	8	the	2.918101
345	9	waitress	10.226245
345	10	after	8.928493
345	11	the	2.849497
345	12	meal	5.903779
345	13	.	2.027865
345	14	<eos>	-0.0
346	1	She	0.0
346	2	knows	11.608641
346	3	that	2.279035
346	4	the	2.521865
346	5	waiter	16.7216
346	6	said	11.355186
346	7	the	3.737786
346	8	woman	6.385749
346	9	thanked	15.315066
346	10	the	3.328419
346	11	waitress	11.191287
346	12	after	7.921127
346	13	the	2.75003
346	14	meal	6.113727
346	15	.	1.033818
346	16	<eos>	-0.0
347	1	She	0.0
347	2	knows	11.608641
347	3	who	6.4446
347	4	the	4.386521
347	5	waiter	15.07773
347	6	said	10.911545
347	7	thanked	22.714569
347	8	the	3.47518
347	9	waitress	11.760214
347	10	after	8.351283
347	11	the	2.768239
347	12	meal	5.852133
347	13	.	0.811338
347	14	<eos>	-0.0
348	1	She	0.0
348	2	knows	11.608641
348	3	who	6.4446
348	4	the	4.386521
348	5	waiter	15.07773
348	6	said	10.911545
348	7	the	5.578625
348	8	woman	6.086536
348	9	thanked	15.95819
348	10	the	3.225794
348	11	waitress	11.461258
348	12	after	8.399032
348	13	the	2.789806
348	14	meal	6.083834
348	15	.	0.786661
348	16	<eos>	-0.0
349	1	She	0.0
349	2	knows	11.608641
349	3	that	2.279035
349	4	the	2.521865
349	5	waiter	16.7216
349	6	said	11.355186
349	7	the	3.737786
349	8	woman	6.385749
349	9	believed	10.06792
349	10	thanked	22.76033
349	11	the	4.092275
349	12	waitress	10.908634
349	13	after	7.868134
349	14	the	2.74828
349	15	meal	6.212447
349	16	.	1.058643
349	17	<eos>	-0.0
350	1	She	0.0
350	2	knows	11.608641
350	3	that	2.279035
350	4	the	2.521865
350	5	waiter	16.7216
350	6	said	11.355186
350	7	the	3.737786
350	8	woman	6.385749
350	9	believed	10.06792
350	10	the	3.608701
350	11	woman	5.62046
350	12	thanked	17.012569
350	13	the	3.36676
350	14	waitress	12.22799
350	15	after	7.912368
350	16	the	2.519046
350	17	meal	6.547441
350	18	.	0.952324
350	19	<eos>	-0.0
351	1	She	0.0
351	2	knows	11.608641
351	3	who	6.4446
351	4	the	4.386521
351	5	waiter	15.07773
351	6	said	10.911545
351	7	the	5.578625
351	8	woman	6.086536
351	9	believed	10.492447
351	10	thanked	23.104353
351	11	the	3.883239
351	12	waitress	11.259047
351	13	after	8.429482
351	14	the	2.719969
351	15	meal	6.320796
351	16	.	0.774723
351	17	<eos>	-0.0
352	1	She	0.0
352	2	knows	11.608641
352	3	who	6.4446
352	4	the	4.386521
352	5	waiter	15.07773
352	6	said	10.911545
352	7	the	5.578625
352	8	woman	6.086536
352	9	believed	10.492447
352	10	the	3.431304
352	11	woman	5.541318
352	12	thanked	17.421297
352	13	the	3.220399
352	14	waitress	12.54314
352	15	after	8.266733
352	16	the	2.531849
352	17	meal	6.649873
352	18	.	0.742797
352	19	<eos>	-0.0
353	1	She	0.0
353	2	knows	11.608641
353	3	that	2.279035
353	4	the	2.521865
353	5	waiter	16.7216
353	6	said	11.355186
353	7	the	3.737786
353	8	woman	6.385749
353	9	believed	10.06792
353	10	she	3.259094
353	11	remembered	15.580294
353	12	thanked	21.331049
353	13	the	3.334993
353	14	waitress	11.265859
353	15	after	7.930703
353	16	the	3.094556
353	17	meal	6.345541
353	18	.	1.061003
353	19	<eos>	-0.0
354	1	She	0.0
354	2	knows	11.608641
354	3	that	2.279035
354	4	the	2.521865
354	5	waiter	16.7216
354	6	said	11.355186
354	7	the	3.737786
354	8	woman	6.385749
354	9	believed	10.06792
354	10	she	3.259094
354	11	remembered	15.580294
354	12	the	2.606574
354	13	woman	5.950575
354	14	thanked	17.899073
354	15	the	3.92546
354	16	waitress	12.064365
354	17	after	8.170367
354	18	the	2.684643
354	19	meal	6.617115
354	20	.	0.802743
354	21	<eos>	-0.0
355	1	She	0.0
355	2	knows	11.608641
355	3	who	6.4446
355	4	the	4.386521
355	5	waiter	15.07773
355	6	said	10.911545
355	7	the	5.578625
355	8	woman	6.086536
355	9	believed	10.492447
355	10	she	2.94115
355	11	remembered	15.275301
355	12	thanked	21.714333
355	13	the	3.169434
355	14	waitress	11.666448
355	15	after	8.035631
355	16	the	3.052243
355	17	meal	6.381373
355	18	.	0.823902
355	19	<eos>	-0.0
356	1	She	0.0
356	2	knows	11.608641
356	3	who	6.4446
356	4	the	4.386521
356	5	waiter	15.07773
356	6	said	10.911545
356	7	the	5.578625
356	8	woman	6.086536
356	9	believed	10.492447
356	10	she	2.94115
356	11	remembered	15.275301
356	12	the	2.541576
356	13	woman	5.726219
356	14	thanked	18.225491
356	15	the	3.976752
356	16	waitress	12.5193
356	17	after	8.339031
356	18	the	2.637206
356	19	meal	6.73252
356	20	.	0.702369
356	21	<eos>	-0.0
357	1	She	0.0
357	2	knows	11.608641
357	3	that	2.279035
357	4	the	2.521865
357	5	waiter	16.7216
357	6	said	11.355186
357	7	the	3.737786
357	8	woman	6.385749
357	9	believed	10.06792
357	10	she	3.259094
357	11	remembered	15.580294
357	12	she	6.202123
357	13	knew	7.135761
357	14	thanked	23.598881
357	15	the	3.823443
357	16	waitress	9.681178
357	17	after	7.776666
357	18	the	2.839285
357	19	meal	6.494683
357	20	.	0.925138
357	21	<eos>	-0.0
358	1	She	0.0
358	2	knows	11.608641
358	3	that	2.279035
358	4	the	2.521865
358	5	waiter	16.7216
358	6	said	11.355186
358	7	the	3.737786
358	8	woman	6.385749
358	9	believed	10.06792
358	10	she	3.259094
358	11	remembered	15.580294
358	12	she	6.202123
358	13	knew	7.135761
358	14	the	3.55359
358	15	woman	5.206561
358	16	thanked	17.168957
358	17	the	3.743893
358	18	waitress	11.836388
358	19	after	8.686335
358	20	the	2.594034
358	21	meal	6.853063
358	22	.	0.658028
358	23	<eos>	-0.0
359	1	She	0.0
359	2	knows	11.608641
359	3	who	6.4446
359	4	the	4.386521
359	5	waiter	15.07773
359	6	said	10.911545
359	7	the	5.578625
359	8	woman	6.086536
359	9	believed	10.492447
359	10	she	2.94115
359	11	remembered	15.275301
359	12	she	6.084472
359	13	knew	6.865127
359	14	thanked	23.788368
359	15	the	3.704369
359	16	waitress	10.202127
359	17	after	7.890924
359	18	the	2.80875
359	19	meal	6.543723
359	20	.	0.772756
359	21	<eos>	-0.0
360	1	She	0.0
360	2	knows	11.608641
360	3	who	6.4446
360	4	the	4.386521
360	5	waiter	15.07773
360	6	said	10.911545
360	7	the	5.578625
360	8	woman	6.086536
360	9	believed	10.492447
360	10	she	2.94115
360	11	remembered	15.275301
360	12	she	6.084472
360	13	knew	6.865127
360	14	the	3.379014
360	15	woman	5.127875
360	16	thanked	17.501404
360	17	the	3.751297
360	18	waitress	12.124301
360	19	after	8.803623
360	20	the	2.574451
360	21	meal	6.948374
360	22	.	0.608044
360	23	<eos>	-0.0
361	1	They	0.0
361	2	know	9.486106
361	3	that	2.169621
361	4	reassured	24.087358
361	5	the	2.474119
361	6	old	9.87117
361	7	woman	5.777472
361	8	at	7.043626
361	9	the	1.159171
361	10	hospital	7.213885
361	11	.	4.076936
361	12	<eos>	-0.0
362	1	They	0.0
362	2	know	9.486106
362	3	that	2.169621
362	4	the	1.87231
362	5	nurse	15.349316
362	6	reassured	17.707979
362	7	the	2.208862
362	8	old	10.186506
362	9	woman	3.696013
362	10	at	7.9583
362	11	the	1.492477
362	12	hospital	4.266853
362	13	.	4.224935
362	14	<eos>	-0.0
363	1	They	0.0
363	2	know	9.486106
363	3	who	7.200986
363	4	reassured	19.965004
363	5	the	1.900503
363	6	old	10.586515
363	7	woman	5.272478
363	8	at	8.00642
363	9	the	1.149534
363	10	hospital	8.489507
363	11	.	1.427621
363	12	<eos>	-0.0
364	1	They	0.0
364	2	know	9.486106
364	3	who	7.200986
364	4	the	4.435805
364	5	nurse	14.006237
364	6	reassured	17.669611
364	7	the	2.457707
364	8	old	9.741938
364	9	woman	3.572973
364	10	at	6.797287
364	11	the	1.103585
364	12	hospital	5.50686
364	13	.	1.159811
364	14	<eos>	-0.0
365	1	They	0.0
365	2	know	9.486106
365	3	that	2.169621
365	4	the	1.87231
365	5	doctor	12.126802
365	6	believed	8.783647
365	7	reassured	22.857685
365	8	the	2.10281
365	9	old	10.92946
365	10	woman	3.647675
365	11	at	8.802888
365	12	the	1.253262
365	13	hospital	3.76999
365	14	.	4.822804
365	15	<eos>	-0.0
366	1	They	0.0
366	2	know	9.486106
366	3	that	2.169621
366	4	the	1.87231
366	5	doctor	12.126802
366	6	believed	8.783647
366	7	the	3.312144
366	8	nurse	9.931621
366	9	reassured	17.047253
366	10	the	2.73024
366	11	old	10.649534
366	12	woman	3.446631
366	13	at	8.698319
366	14	the	1.46101
366	15	hospital	3.053523
366	16	.	4.93695
366	17	<eos>	-0.0
367	1	They	0.0
367	2	know	9.486106
367	3	who	7.200986
367	4	the	4.435805
367	5	doctor	11.182167
367	6	believed	9.06979
367	7	reassured	20.603401
367	8	the	2.844445
367	9	old	10.603191
367	10	woman	3.923187
367	11	at	7.553622
367	12	the	1.096998
367	13	hospital	5.324873
367	14	.	1.172279
367	15	<eos>	-0.0
368	1	They	0.0
368	2	know	9.486106
368	3	who	7.200986
368	4	the	4.435805
368	5	doctor	11.182167
368	6	believed	9.06979
368	7	the	4.654794
368	8	nurse	9.884974
368	9	reassured	17.049658
368	10	the	3.066512
368	11	old	10.952123
368	12	woman	3.549868
368	13	at	6.874177
368	14	the	1.161352
368	15	hospital	3.544954
368	16	.	1.111421
368	17	<eos>	-0.0
369	1	They	0.0
369	2	know	9.486106
369	3	that	2.169621
369	4	the	1.87231
369	5	doctor	12.126802
369	6	believed	8.783647
369	7	the	3.312144
369	8	man	7.551149
369	9	said	12.059078
369	10	reassured	20.10976
369	11	the	2.684244
369	12	old	10.06752
369	13	woman	3.940191
369	14	at	8.652401
369	15	the	1.213867
369	16	hospital	5.495174
369	17	.	4.980521
369	18	<eos>	-0.0
370	1	They	0.0
370	2	know	9.486106
370	3	that	2.169621
370	4	the	1.87231
370	5	doctor	12.126802
370	6	believed	8.783647
370	7	the	3.312144
370	8	man	7.551149
370	9	said	12.059078
370	10	the	4.675224
370	11	nurse	9.256444
370	12	reassured	16.386757
370	13	the	2.803231
370	14	old	10.188859
370	15	woman	3.923968
370	16	at	7.668441
370	17	the	1.337473
370	18	hospital	3.412542
370	19	.	2.722182
370	20	<eos>	-0.0
371	1	They	0.0
371	2	know	9.486106
371	3	who	7.200986
371	4	the	4.435805
371	5	doctor	11.182167
371	6	believed	9.06979
371	7	the	4.654794
371	8	man	7.417821
371	9	said	10.665816
371	10	reassured	19.786694
371	11	the	3.445627
371	12	old	10.587228
371	13	woman	4.064458
371	14	at	7.524438
371	15	the	1.110517
371	16	hospital	5.463437
371	17	.	1.567714
371	18	<eos>	-0.0
372	1	They	0.0
372	2	know	9.486106
372	3	who	7.200986
372	4	the	4.435805
372	5	doctor	11.182167
372	6	believed	9.06979
372	7	the	4.654794
372	8	man	7.417821
372	9	said	10.665816
372	10	the	6.064116
372	11	nurse	9.368561
372	12	reassured	15.85145
372	13	the	2.877994
372	14	old	10.430281
372	15	woman	4.072806
372	16	at	7.637727
372	17	the	1.318588
372	18	hospital	3.320274
372	19	.	1.76606
372	20	<eos>	-0.0
373	1	They	0.0
373	2	know	9.486106
373	3	that	2.169621
373	4	the	1.87231
373	5	doctor	12.126802
373	6	believed	8.783647
373	7	the	3.312144
373	8	man	7.551149
373	9	said	12.059078
373	10	he	3.211528
373	11	thought	9.212198
373	12	reassured	20.176369
373	13	the	2.397754
373	14	old	10.153617
373	15	woman	4.534114
373	16	at	8.028048
373	17	the	1.191638
373	18	hospital	4.750773
373	19	.	3.23682
373	20	<eos>	-0.0
374	1	They	0.0
374	2	know	9.486106
374	3	that	2.169621
374	4	the	1.87231
374	5	doctor	12.126802
374	6	believed	8.783647
374	7	the	3.312144
374	8	man	7.551149
374	9	said	12.059078
374	10	he	3.211528
374	11	thought	9.212198
374	12	the	2.8634
374	13	nurse	10.7204
374	14	reassured	17.344168
374	15	the	3.328807
374	16	old	10.359499
374	17	woman	4.120356
374	18	at	8.1143
374	19	the	1.392215
374	20	hospital	3.414517
374	21	.	3.743644
374	22	<eos>	-0.0
375	1	They	0.0
375	2	know	9.486106
375	3	who	7.200986
375	4	the	4.435805
375	5	doctor	11.182167
375	6	believed	9.06979
375	7	the	4.654794
375	8	man	7.417821
375	9	said	10.665816
375	10	he	5.024565
375	11	thought	9.140497
375	12	reassured	19.653782
375	13	the	2.602417
375	14	old	10.417957
375	15	woman	4.71829
375	16	at	7.215363
375	17	the	1.090507
375	18	hospital	5.071737
375	19	.	1.144642
375	20	<eos>	-0.0
376	1	They	0.0
376	2	know	9.486106
376	3	who	7.200986
376	4	the	4.435805
376	5	doctor	11.182167
376	6	believed	9.06979
376	7	the	4.654794
376	8	man	7.417821
376	9	said	10.665816
376	10	he	5.024565
376	11	thought	9.140497
376	12	the	3.169319
376	13	nurse	11.308175
376	14	reassured	17.030977
376	15	the	3.271096
376	16	old	10.391582
376	17	woman	4.172064
376	18	at	7.497238
376	19	the	1.336728
376	20	hospital	3.358739
376	21	.	1.681757
376	22	<eos>	-0.0
377	1	They	0.0
377	2	know	9.486106
377	3	that	2.169621
377	4	the	1.87231
377	5	doctor	12.126802
377	6	believed	8.783647
377	7	the	3.312144
377	8	man	7.551149
377	9	said	12.059078
377	10	he	3.211528
377	11	thought	9.212198
377	12	he	2.782368
377	13	noticed	13.978294
377	14	reassured	21.20512
377	15	the	2.783864
377	16	old	10.075722
377	17	woman	4.665956
377	18	at	6.81805
377	19	the	1.062926
377	20	hospital	4.740841
377	21	.	1.984713
377	22	<eos>	-0.0
378	1	They	0.0
378	2	know	9.486106
378	3	that	2.169621
378	4	the	1.87231
378	5	doctor	12.126802
378	6	believed	8.783647
378	7	the	3.312144
378	8	man	7.551149
378	9	said	12.059078
378	10	he	3.211528
378	11	thought	9.212198
378	12	he	2.782368
378	13	noticed	13.978294
378	14	the	2.089131
378	15	nurse	13.714668
378	16	reassured	17.727751
378	17	the	2.641505
378	18	old	10.088754
378	19	woman	4.838807
378	20	at	7.829448
378	21	the	1.293028
378	22	hospital	2.983758
378	23	.	2.38559
378	24	<eos>	-0.0
379	1	They	0.0
379	2	know	9.486106
379	3	who	7.200986
379	4	the	4.435805
379	5	doctor	11.182167
379	6	believed	9.06979
379	7	the	4.654794
379	8	man	7.417821
379	9	said	10.665816
379	10	he	5.024565
379	11	thought	9.140497
379	12	he	3.063222
379	13	noticed	13.759785
379	14	reassured	21.688917
379	15	the	2.931583
379	16	old	10.241914
379	17	woman	4.871119
379	18	at	6.449831
379	19	the	0.969413
379	20	hospital	4.867267
379	21	.	1.04395
379	22	<eos>	-0.0
380	1	They	0.0
380	2	know	9.486106
380	3	who	7.200986
380	4	the	4.435805
380	5	doctor	11.182167
380	6	believed	9.06979
380	7	the	4.654794
380	8	man	7.417821
380	9	said	10.665816
380	10	he	5.024565
380	11	thought	9.140497
380	12	he	3.063222
380	13	noticed	13.759785
380	14	the	2.103461
380	15	nurse	14.04335
380	16	reassured	18.036079
380	17	the	2.806257
380	18	old	10.25295
380	19	woman	4.864936
380	20	at	7.499331
380	21	the	1.270801
380	22	hospital	3.143574
380	23	.	1.50531
380	24	<eos>	-0.0
381	1	He	0.0
381	2	reported	10.835539
381	3	that	1.868976
381	4	abandoned	18.28721
381	5	his	8.098972
381	6	partner	10.71034
381	7	in	3.56323
381	8	the	1.68206
381	9	desert	10.780436
381	10	.	4.543668
381	11	<eos>	-0.0
382	1	He	0.0
382	2	reported	10.835539
382	3	that	1.868976
382	4	the	2.223669
382	5	cowboy	16.845673
382	6	abandoned	11.555921
382	7	his	2.467069
382	8	partner	13.090497
382	9	in	4.39582
382	10	the	2.250088
382	11	desert	7.285195
382	12	.	2.283927
382	13	<eos>	-0.0
383	1	He	0.0
383	2	reported	10.835539
383	3	who	12.096594
383	4	abandoned	12.534453
383	5	his	2.509955
383	6	partner	11.255879
383	7	in	2.94083
383	8	the	2.120914
383	9	desert	10.770671
383	10	.	2.301826
383	11	<eos>	-0.0
384	1	He	0.0
384	2	reported	10.835539
384	3	who	12.096594
384	4	the	7.066419
384	5	cowboy	15.255877
384	6	abandoned	11.152189
384	7	his	3.20946
384	8	partner	12.860036
384	9	in	3.723751
384	10	the	2.012298
384	11	desert	8.107225
384	12	.	1.800095
384	13	<eos>	-0.0
385	1	He	0.0
385	2	reported	10.835539
385	3	that	1.868976
385	4	the	2.223669
385	5	farmer	13.535235
385	6	said	8.328086
385	7	abandoned	18.473942
385	8	his	3.615363
385	9	partner	10.148643
385	10	in	3.449221
385	11	the	1.849704
385	12	desert	10.24917
385	13	.	2.428137
385	14	<eos>	-0.0
386	1	He	0.0
386	2	reported	10.835539
386	3	that	1.868976
386	4	the	2.223669
386	5	farmer	13.535235
386	6	said	8.328086
386	7	the	3.560346
386	8	cowboy	14.420107
386	9	abandoned	11.526846
386	10	his	2.531547
386	11	partner	13.305996
386	12	in	4.670986
386	13	the	2.245747
386	14	desert	7.718259
386	15	.	1.925986
386	16	<eos>	-0.0
387	1	He	0.0
387	2	reported	10.835539
387	3	who	12.096594
387	4	the	7.066419
387	5	farmer	12.31315
387	6	said	7.028391
387	7	abandoned	15.456717
387	8	his	3.429715
387	9	partner	11.628831
387	10	in	3.411887
387	11	the	1.73355
387	12	desert	10.774991
387	13	.	1.907344
387	14	<eos>	-0.0
388	1	He	0.0
388	2	reported	10.835539
388	3	who	12.096594
388	4	the	7.066419
388	5	farmer	12.31315
388	6	said	7.028391
388	7	the	5.931177
388	8	cowboy	13.304627
388	9	abandoned	12.148412
388	10	his	3.540707
388	11	partner	12.779626
388	12	in	4.149518
388	13	the	1.909966
388	14	desert	7.856438
388	15	.	1.449349
388	16	<eos>	-0.0
389	1	He	0.0
389	2	reported	10.835539
389	3	that	1.868976
389	4	the	2.223669
389	5	farmer	13.535235
389	6	said	8.328086
389	7	his	5.625406
389	8	friend	7.547409
389	9	reported	12.021181
389	10	abandoned	17.340256
389	11	his	3.729505
389	12	partner	10.934373
389	13	in	3.43224
389	14	the	1.921081
389	15	desert	9.393841
389	16	.	2.015241
389	17	<eos>	-0.0
390	1	He	0.0
390	2	reported	10.835539
390	3	that	1.868976
390	4	the	2.223669
390	5	farmer	13.535235
390	6	said	8.328086
390	7	his	5.625406
390	8	friend	7.547409
390	9	reported	12.021181
390	10	the	3.987056
390	11	cowboy	17.170483
390	12	abandoned	11.348869
390	13	his	2.235023
390	14	partner	12.481988
390	15	in	4.072733
390	16	the	2.054874
390	17	desert	7.786896
390	18	.	1.703484
390	19	<eos>	-0.0
391	1	He	0.0
391	2	reported	10.835539
391	3	who	12.096594
391	4	the	7.066419
391	5	farmer	12.31315
391	6	said	7.028391
391	7	his	8.091573
391	8	friend	6.722308
391	9	reported	11.391336
391	10	abandoned	17.372335
391	11	his	4.99977
391	12	partner	11.681015
391	13	in	2.939131
391	14	the	1.738859
391	15	desert	10.392176
391	16	.	1.714593
391	17	<eos>	-0.0
392	1	He	0.0
392	2	reported	10.835539
392	3	who	12.096594
392	4	the	7.066419
392	5	farmer	12.31315
392	6	said	7.028391
392	7	his	8.091573
392	8	friend	6.722308
392	9	reported	11.391336
392	10	the	6.021364
392	11	cowboy	16.292387
392	12	abandoned	12.297335
392	13	his	3.512449
392	14	partner	12.145585
392	15	in	3.861106
392	16	the	1.882033
392	17	desert	7.83323
392	18	.	1.436195
392	19	<eos>	-0.0
393	1	He	0.0
393	2	reported	10.835539
393	3	that	1.868976
393	4	the	2.223669
393	5	farmer	13.535235
393	6	said	8.328086
393	7	his	5.625406
393	8	friend	7.547409
393	9	reported	12.021181
393	10	he	4.719448
393	11	believed	7.949998
393	12	abandoned	17.559769
393	13	his	6.450665
393	14	partner	9.380194
393	15	in	3.717634
393	16	the	1.50371
393	17	desert	10.903655
393	18	.	1.796164
393	19	<eos>	-0.0
394	1	He	0.0
394	2	reported	10.835539
394	3	that	1.868976
394	4	the	2.223669
394	5	farmer	13.535235
394	6	said	8.328086
394	7	his	5.625406
394	8	friend	7.547409
394	9	reported	12.021181
394	10	he	4.719448
394	11	believed	7.949998
394	12	the	2.625475
394	13	cowboy	14.671209
394	14	abandoned	10.787056
394	15	his	2.609255
394	16	partner	12.928843
394	17	in	4.874924
394	18	the	2.136457
394	19	desert	7.899544
394	20	.	1.535062
394	21	<eos>	-0.0
395	1	He	0.0
395	2	reported	10.835539
395	3	who	12.096594
395	4	the	7.066419
395	5	farmer	12.31315
395	6	said	7.028391
395	7	his	8.091573
395	8	friend	6.722308
395	9	reported	11.391336
395	10	he	6.255692
395	11	believed	7.633911
395	12	abandoned	15.837111
395	13	his	4.341815
395	14	partner	10.394758
395	15	in	3.45488
395	16	the	1.596708
395	17	desert	10.893155
395	18	.	1.455119
395	19	<eos>	-0.0
396	1	He	0.0
396	2	reported	10.835539
396	3	who	12.096594
396	4	the	7.066419
396	5	farmer	12.31315
396	6	said	7.028391
396	7	his	8.091573
396	8	friend	6.722308
396	9	reported	11.391336
396	10	he	6.255692
396	11	believed	7.633911
396	12	the	4.765059
396	13	cowboy	14.199469
396	14	abandoned	11.512448
396	15	his	3.273132
396	16	partner	13.051727
396	17	in	4.581289
396	18	the	1.848197
396	19	desert	7.752058
396	20	.	1.299139
396	21	<eos>	-0.0
397	1	He	0.0
397	2	reported	10.835539
397	3	that	1.868976
397	4	the	2.223669
397	5	farmer	13.535235
397	6	said	8.328086
397	7	his	5.625406
397	8	friend	7.547409
397	9	reported	12.021181
397	10	he	4.719448
397	11	believed	7.949998
397	12	he	2.809965
397	13	noticed	14.119581
397	14	abandoned	16.097776
397	15	his	9.953702
397	16	partner	10.829023
397	17	in	4.035875
397	18	the	1.544746
397	19	desert	9.613097
397	20	.	1.481489
397	21	<eos>	-0.0
398	1	He	0.0
398	2	reported	10.835539
398	3	that	1.868976
398	4	the	2.223669
398	5	farmer	13.535235
398	6	said	8.328086
398	7	his	5.625406
398	8	friend	7.547409
398	9	reported	12.021181
398	10	he	4.719448
398	11	believed	7.949998
398	12	he	2.809965
398	13	noticed	14.119581
398	14	the	2.101732
398	15	cowboy	14.432345
398	16	abandoned	11.724265
398	17	his	2.330599
398	18	partner	12.477141
398	19	in	4.471525
398	20	the	1.882288
398	21	desert	7.765008
398	22	.	1.300792
398	23	<eos>	-0.0
399	1	He	0.0
399	2	reported	10.835539
399	3	who	12.096594
399	4	the	7.066419
399	5	farmer	12.31315
399	6	said	7.028391
399	7	his	8.091573
399	8	friend	6.722308
399	9	reported	11.391336
399	10	he	6.255692
399	11	believed	7.633911
399	12	he	4.606267
399	13	noticed	12.813987
399	14	abandoned	16.788214
399	15	his	7.225968
399	16	partner	10.959269
399	17	in	3.389034
399	18	the	1.497826
399	19	desert	10.11713
399	20	.	1.397172
399	21	<eos>	-0.0
400	1	He	0.0
400	2	reported	10.835539
400	3	who	12.096594
400	4	the	7.066419
400	5	farmer	12.31315
400	6	said	7.028391
400	7	his	8.091573
400	8	friend	6.722308
400	9	reported	11.391336
400	10	he	6.255692
400	11	believed	7.633911
400	12	he	4.606267
400	13	noticed	12.813987
400	14	the	5.26827
400	15	cowboy	14.474515
400	16	abandoned	12.026996
400	17	his	3.148158
400	18	partner	12.21696
400	19	in	4.13659
400	20	the	1.717342
400	21	desert	7.705379
400	22	.	1.137006
400	23	<eos>	-0.0
401	1	They	0.0
401	2	reported	10.412453
401	3	that	1.780984
401	4	promoted	19.590654
401	5	the	5.024709
401	6	accountant	18.813185
401	7	yesterday	19.892628
401	8	.	2.511342
401	9	<eos>	-0.0
402	1	They	0.0
402	2	reported	10.412453
402	3	that	1.780984
402	4	the	1.89322
402	5	manager	13.025427
402	6	promoted	14.379107
402	7	the	1.44825
402	8	accountant	18.047861
402	9	yesterday	20.314869
402	10	.	2.489812
402	11	<eos>	-0.0
403	1	They	0.0
403	2	reported	10.412453
403	3	who	11.821813
403	4	promoted	12.578292
403	5	the	1.34536
403	6	accountant	19.301729
403	7	yesterday	19.859297
403	8	.	2.108113
403	9	<eos>	-0.0
404	1	They	0.0
404	2	reported	10.412453
404	3	who	11.821813
404	4	the	7.229744
404	5	manager	12.035475
404	6	promoted	13.547946
404	7	the	4.293314
404	8	accountant	17.782276
404	9	yesterday	17.833395
404	10	.	1.653085
404	11	<eos>	-0.0
405	1	They	0.0
405	2	reported	10.412453
405	3	that	1.780984
405	4	the	1.89322
405	5	executive	13.061622
405	6	said	9.450661
405	7	promoted	17.878708
405	8	the	1.945305
405	9	accountant	18.07135
405	10	yesterday	19.555513
405	11	.	2.507816
405	12	<eos>	-0.0
406	1	They	0.0
406	2	reported	10.412453
406	3	that	1.780984
406	4	the	1.89322
406	5	executive	13.061622
406	6	said	9.450661
406	7	the	3.213771
406	8	manager	13.133978
406	9	promoted	14.653064
406	10	the	1.455305
406	11	accountant	18.275415
406	12	yesterday	19.856035
406	13	.	2.310101
406	14	<eos>	-0.0
407	1	They	0.0
407	2	reported	10.412453
407	3	who	11.821813
407	4	the	7.229744
407	5	executive	11.851168
407	6	said	6.617255
407	7	promoted	15.072299
407	8	the	2.541338
407	9	accountant	17.977392
407	10	yesterday	18.270309
407	11	.	1.825399
407	12	<eos>	-0.0
408	1	They	0.0
408	2	reported	10.412453
408	3	who	11.821813
408	4	the	7.229744
408	5	executive	11.851168
408	6	said	6.617255
408	7	the	4.485958
408	8	manager	12.966097
408	9	promoted	14.95913
408	10	the	1.624744
408	11	accountant	18.403233
408	12	yesterday	19.461361
408	13	.	2.08697
408	14	<eos>	-0.0
409	1	They	0.0
409	2	reported	10.412453
409	3	that	1.780984
409	4	the	1.89322
409	5	executive	13.061622
409	6	said	9.450661
409	7	a	6.948168
409	8	reporter	10.669798
409	9	believed	9.743066
409	10	promoted	19.618717
409	11	the	2.198952
409	12	accountant	17.592798
409	13	yesterday	18.6073
409	14	.	2.521334
409	15	<eos>	-0.0
410	1	They	0.0
410	2	reported	10.412453
410	3	that	1.780984
410	4	the	1.89322
410	5	executive	13.061622
410	6	said	9.450661
410	7	a	6.948168
410	8	reporter	10.669798
410	9	believed	9.743066
410	10	the	2.703472
410	11	manager	13.954394
410	12	promoted	14.872362
410	13	the	1.530424
410	14	accountant	17.580479
410	15	yesterday	19.645082
410	16	.	2.177168
410	17	<eos>	-0.0
411	1	They	0.0
411	2	reported	10.412453
411	3	who	11.821813
411	4	the	7.229744
411	5	executive	11.851168
411	6	said	6.617255
411	7	a	7.715989
411	8	reporter	9.30761
411	9	believed	9.28036
411	10	promoted	18.804518
411	11	the	2.164123
411	12	accountant	18.567387
411	13	yesterday	18.230925
411	14	.	1.806228
411	15	<eos>	-0.0
412	1	They	0.0
412	2	reported	10.412453
412	3	who	11.821813
412	4	the	7.229744
412	5	executive	11.851168
412	6	said	6.617255
412	7	a	7.715989
412	8	reporter	9.30761
412	9	believed	9.28036
412	10	the	2.895143
412	11	manager	14.096859
412	12	promoted	15.133484
412	13	the	1.626311
412	14	accountant	17.648783
412	15	yesterday	19.424391
412	16	.	1.798826
412	17	<eos>	-0.0
413	1	They	0.0
413	2	reported	10.412453
413	3	that	1.780984
413	4	the	1.89322
413	5	executive	13.061622
413	6	said	9.450661
413	7	a	6.948168
413	8	reporter	10.669798
413	9	believed	9.743066
413	10	the	2.703472
413	11	client	11.694448
413	12	said	10.876823
413	13	promoted	18.156637
413	14	the	3.067811
413	15	accountant	17.669117
413	16	yesterday	18.494587
413	17	.	2.021974
413	18	<eos>	-0.0
414	1	They	0.0
414	2	reported	10.412453
414	3	that	1.780984
414	4	the	1.89322
414	5	executive	13.061622
414	6	said	9.450661
414	7	a	6.948168
414	8	reporter	10.669798
414	9	believed	9.743066
414	10	the	2.703472
414	11	client	11.694448
414	12	said	10.876823
414	13	the	3.772477
414	14	manager	13.073682
414	15	promoted	15.863935
414	16	the	1.591468
414	17	accountant	17.513521
414	18	yesterday	19.525291
414	19	.	1.829327
414	20	<eos>	-0.0
415	1	They	0.0
415	2	reported	10.412453
415	3	who	11.821813
415	4	the	7.229744
415	5	executive	11.851168
415	6	said	6.617255
415	7	a	7.715989
415	8	reporter	9.30761
415	9	believed	9.28036
415	10	the	2.895143
415	11	client	11.949667
415	12	said	10.76268
415	13	promoted	18.423943
415	14	the	3.708795
415	15	accountant	17.646414
415	16	yesterday	18.291176
415	17	.	1.455488
415	18	<eos>	-0.0
416	1	They	0.0
416	2	reported	10.412453
416	3	who	11.821813
416	4	the	7.229744
416	5	executive	11.851168
416	6	said	6.617255
416	7	a	7.715989
416	8	reporter	9.30761
416	9	believed	9.28036
416	10	the	2.895143
416	11	client	11.949667
416	12	said	10.76268
416	13	the	3.885957
416	14	manager	13.047416
416	15	promoted	15.672614
416	16	the	1.647854
416	17	accountant	17.605572
416	18	yesterday	19.430496
416	19	.	1.570193
416	20	<eos>	-0.0
417	1	They	0.0
417	2	reported	10.412453
417	3	that	1.780984
417	4	the	1.89322
417	5	executive	13.061622
417	6	said	9.450661
417	7	a	6.948168
417	8	reporter	10.669798
417	9	believed	9.743066
417	10	the	2.703472
417	11	client	11.694448
417	12	said	10.876823
417	13	he	3.809714
417	14	saw	9.077865
417	15	promoted	22.86474
417	16	the	4.012237
417	17	accountant	17.017929
417	18	yesterday	18.487013
417	19	.	1.77075
417	20	<eos>	-0.0
418	1	They	0.0
418	2	reported	10.412453
418	3	that	1.780984
418	4	the	1.89322
418	5	executive	13.061622
418	6	said	9.450661
418	7	a	6.948168
418	8	reporter	10.669798
418	9	believed	9.743066
418	10	the	2.703472
418	11	client	11.694448
418	12	said	10.876823
418	13	he	3.809714
418	14	saw	9.077865
418	15	the	2.148834
418	16	manager	12.667408
418	17	promoted	18.50491
418	18	the	2.83228
418	19	accountant	17.115532
418	20	yesterday	18.523813
418	21	.	1.653282
418	22	<eos>	-0.0
419	1	They	0.0
419	2	reported	10.412453
419	3	who	11.821813
419	4	the	7.229744
419	5	executive	11.851168
419	6	said	6.617255
419	7	a	7.715989
419	8	reporter	9.30761
419	9	believed	9.28036
419	10	the	2.895143
419	11	client	11.949667
419	12	said	10.76268
419	13	he	3.704396
419	14	saw	8.734488
419	15	promoted	23.151134
419	16	the	4.101043
419	17	accountant	17.202023
419	18	yesterday	18.325758
419	19	.	1.427668
419	20	<eos>	-0.0
420	1	They	0.0
420	2	reported	10.412453
420	3	who	11.821813
420	4	the	7.229744
420	5	executive	11.851168
420	6	said	6.617255
420	7	a	7.715989
420	8	reporter	9.30761
420	9	believed	9.28036
420	10	the	2.895143
420	11	client	11.949667
420	12	said	10.76268
420	13	he	3.704396
420	14	saw	8.734488
420	15	the	2.168055
420	16	manager	12.76853
420	17	promoted	18.643145
420	18	the	3.077187
420	19	accountant	17.230164
420	20	yesterday	18.152639
420	21	.	1.395043
420	22	<eos>	-0.0
421	1	They	0.0
421	2	recalled	12.997755
421	3	that	3.338919
421	4	divorced	18.812428
421	5	the	10.979971
421	6	count	16.964937
421	7	last	12.625009
421	8	year	4.049181
421	9	.	2.730499
421	10	<eos>	-0.0
422	1	They	0.0
422	2	recalled	12.997755
422	3	that	3.338919
422	4	the	2.030145
422	5	heiress	19.372662
422	6	divorced	12.793162
422	7	the	5.753978
422	8	count	18.192036
422	9	last	15.572659
422	10	year	1.950556
422	11	.	1.79614
422	12	<eos>	-0.0
423	1	They	0.0
423	2	recalled	12.997755
423	3	who	10.332471
423	4	divorced	13.346924
423	5	the	4.256581
423	6	count	16.142002
423	7	last	14.608678
423	8	year	2.235227
423	9	.	1.757356
423	10	<eos>	-0.0
424	1	They	0.0
424	2	recalled	12.997755
424	3	who	10.332471
424	4	the	6.027031
424	5	heiress	17.835409
424	6	divorced	11.813808
424	7	the	6.348087
424	8	count	19.04705
424	9	last	16.318996
424	10	year	2.963796
424	11	.	1.755384
424	12	<eos>	-0.0
425	1	They	0.0
425	2	recalled	12.997755
425	3	that	3.338919
425	4	the	2.030145
425	5	writer	11.993924
425	6	thought	8.553223
425	7	divorced	22.574368
425	8	the	6.5024
425	9	count	16.568235
425	10	last	12.347055
425	11	year	3.043093
425	12	.	1.560218
425	13	<eos>	-0.0
426	1	They	0.0
426	2	recalled	12.997755
426	3	that	3.338919
426	4	the	2.030145
426	5	writer	11.993924
426	6	thought	8.553223
426	7	the	2.91471
426	8	heiress	20.567015
426	9	divorced	13.800982
426	10	the	7.314379
426	11	count	19.721687
426	12	last	15.728564
426	13	year	1.848892
426	14	.	1.479105
426	15	<eos>	-0.0
427	1	They	0.0
427	2	recalled	12.997755
427	3	who	10.332471
427	4	the	6.027031
427	5	writer	10.720583
427	6	thought	8.378763
427	7	divorced	19.527403
427	8	the	7.265491
427	9	count	17.51099
427	10	last	13.154699
427	11	year	3.012569
427	12	.	1.308807
427	13	<eos>	-0.0
428	1	They	0.0
428	2	recalled	12.997755
428	3	who	10.332471
428	4	the	6.027031
428	5	writer	10.720583
428	6	thought	8.378763
428	7	the	4.38601
428	8	heiress	17.18269
428	9	divorced	15.954805
428	10	the	6.850824
428	11	count	19.823109
428	12	last	15.706189
428	13	year	1.941435
428	14	.	1.421798
428	15	<eos>	-0.0
429	1	They	0.0
429	2	recalled	12.997755
429	3	that	3.338919
429	4	the	2.030145
429	5	writer	11.993924
429	6	thought	8.553223
429	7	the	2.91471
429	8	man	9.512727
429	9	said	10.737103
429	10	divorced	18.519009
429	11	the	8.252824
429	12	count	17.790741
429	13	last	12.592009
429	14	year	2.968018
429	15	.	1.537727
429	16	<eos>	-0.0
430	1	They	0.0
430	2	recalled	12.997755
430	3	that	3.338919
430	4	the	2.030145
430	5	writer	11.993924
430	6	thought	8.553223
430	7	the	2.91471
430	8	man	9.512727
430	9	said	10.737103
430	10	the	4.711791
430	11	heiress	15.59895
430	12	divorced	14.542246
430	13	the	6.892051
430	14	count	18.887119
430	15	last	14.694737
430	16	year	2.307851
430	17	.	1.446331
430	18	<eos>	-0.0
431	1	They	0.0
431	2	recalled	12.997755
431	3	who	10.332471
431	4	the	6.027031
431	5	writer	10.720583
431	6	thought	8.378763
431	7	the	4.38601
431	8	man	8.420925
431	9	said	10.13148
431	10	divorced	20.922163
431	11	the	5.324295
431	12	count	15.097916
431	13	last	14.227465
431	14	year	3.021888
431	15	.	1.426464
431	16	<eos>	-0.0
432	1	They	0.0
432	2	recalled	12.997755
432	3	who	10.332471
432	4	the	6.027031
432	5	writer	10.720583
432	6	thought	8.378763
432	7	the	4.38601
432	8	man	8.420925
432	9	said	10.13148
432	10	the	5.712673
432	11	heiress	17.140898
432	12	divorced	13.773264
432	13	the	6.182373
432	14	count	18.690176
432	15	last	15.441454
432	16	year	2.202783
432	17	.	1.351166
432	18	<eos>	-0.0
433	1	They	0.0
433	2	recalled	12.997755
433	3	that	3.338919
433	4	the	2.030145
433	5	writer	11.993924
433	6	thought	8.553223
433	7	the	2.91471
433	8	man	9.512727
433	9	said	10.737103
433	10	his	7.094841
433	11	brother	6.067866
433	12	believed	9.914708
433	13	divorced	21.865376
433	14	the	8.101779
433	15	count	15.146347
433	16	last	13.631475
433	17	year	4.28791
433	18	.	1.310307
433	19	<eos>	-0.0
434	1	They	0.0
434	2	recalled	12.997755
434	3	that	3.338919
434	4	the	2.030145
434	5	writer	11.993924
434	6	thought	8.553223
434	7	the	2.91471
434	8	man	9.512727
434	9	said	10.737103
434	10	his	7.094841
434	11	brother	6.067866
434	12	believed	9.914708
434	13	the	3.876472
434	14	heiress	17.202017
434	15	divorced	15.926338
434	16	the	6.606312
434	17	count	18.130976
434	18	last	15.711241
434	19	year	2.322652
434	20	.	1.313827
434	21	<eos>	-0.0
435	1	They	0.0
435	2	recalled	12.997755
435	3	who	10.332471
435	4	the	6.027031
435	5	writer	10.720583
435	6	thought	8.378763
435	7	the	4.38601
435	8	man	8.420925
435	9	said	10.13148
435	10	his	8.869982
435	11	brother	6.513529
435	12	believed	9.380135
435	13	divorced	22.773762
435	14	the	7.517209
435	15	count	15.175435
435	16	last	13.697369
435	17	year	4.391974
435	18	.	1.215624
435	19	<eos>	-0.0
436	1	They	0.0
436	2	recalled	12.997755
436	3	who	10.332471
436	4	the	6.027031
436	5	writer	10.720583
436	6	thought	8.378763
436	7	the	4.38601
436	8	man	8.420925
436	9	said	10.13148
436	10	his	8.869982
436	11	brother	6.513529
436	12	believed	9.380135
436	13	the	3.715826
436	14	heiress	18.136343
436	15	divorced	15.387604
436	16	the	6.512557
436	17	count	18.301384
436	18	last	15.901682
436	19	year	2.269407
436	20	.	1.196948
436	21	<eos>	-0.0
437	1	They	0.0
437	2	recalled	12.997755
437	3	that	3.338919
437	4	the	2.030145
437	5	writer	11.993924
437	6	thought	8.553223
437	7	the	2.91471
437	8	man	9.512727
437	9	said	10.737103
437	10	his	7.094841
437	11	brother	6.067866
437	12	believed	9.914708
437	13	he	3.132562
437	14	saw	9.379847
437	15	divorced	18.743317
437	16	the	9.601012
437	17	count	15.332226
437	18	last	14.659073
437	19	year	4.244254
437	20	.	1.492248
437	21	<eos>	-0.0
438	1	They	0.0
438	2	recalled	12.997755
438	3	that	3.338919
438	4	the	2.030145
438	5	writer	11.993924
438	6	thought	8.553223
438	7	the	2.91471
438	8	man	9.512727
438	9	said	10.737103
438	10	his	7.094841
438	11	brother	6.067866
438	12	believed	9.914708
438	13	he	3.132562
438	14	saw	9.379847
438	15	the	2.458301
438	16	heiress	17.453854
438	17	divorced	15.532864
438	18	the	9.815146
438	19	count	19.952911
438	20	last	13.966155
438	21	year	2.854647
438	22	.	1.303959
438	23	<eos>	-0.0
439	1	They	0.0
439	2	recalled	12.997755
439	3	who	10.332471
439	4	the	6.027031
439	5	writer	10.720583
439	6	thought	8.378763
439	7	the	4.38601
439	8	man	8.420925
439	9	said	10.13148
439	10	his	8.869982
439	11	brother	6.513529
439	12	believed	9.380135
439	13	he	3.094332
439	14	saw	9.017993
439	15	divorced	19.027683
439	16	the	9.599237
439	17	count	15.499957
439	18	last	14.63282
439	19	year	4.052712
439	20	.	1.362168
439	21	<eos>	-0.0
440	1	They	0.0
440	2	recalled	12.997755
440	3	who	10.332471
440	4	the	6.027031
440	5	writer	10.720583
440	6	thought	8.378763
440	7	the	4.38601
440	8	man	8.420925
440	9	said	10.13148
440	10	his	8.869982
440	11	brother	6.513529
440	12	believed	9.380135
440	13	he	3.094332
440	14	saw	9.017993
440	15	the	2.364722
440	16	heiress	17.901533
440	17	divorced	15.440217
440	18	the	9.80655
440	19	count	20.177525
440	20	last	14.077458
440	21	year	2.754989
440	22	.	1.204283
440	23	<eos>	-0.0
441	1	The	0.0
441	2	assistant	19.641615
441	3	told	12.41583
441	4	me	5.276607
441	5	that	1.373172
441	6	sent	16.084484
441	7	the	2.939225
441	8	package	12.420013
441	9	to	1.885043
441	10	his	5.483167
441	11	family	5.85623
441	12	.	2.158622
441	13	<eos>	-0.0
442	1	The	0.0
442	2	assistant	19.641615
442	3	told	12.41583
442	4	me	5.276607
442	5	that	1.373172
442	6	the	2.547316
442	7	pilot	11.363383
442	8	sent	12.885751
442	9	the	3.326726
442	10	package	11.934979
442	11	to	2.07666
442	12	his	5.403734
442	13	family	5.397829
442	14	.	1.698407
442	15	<eos>	-0.0
443	1	The	0.0
443	2	assistant	19.641615
443	3	told	12.41583
443	4	me	5.276607
443	5	who	8.871985
443	6	sent	9.568284
443	7	the	3.510235
443	8	package	11.648442
443	9	to	1.886657
443	10	his	5.576559
443	11	family	5.04644
443	12	.	1.45234
443	13	<eos>	-0.0
444	1	The	0.0
444	2	assistant	19.641615
444	3	told	12.41583
444	4	me	5.276607
444	5	who	8.871985
444	6	the	5.559373
444	7	pilot	10.903105
444	8	sent	12.144155
444	9	the	4.578082
444	10	package	11.173513
444	11	to	2.412935
444	12	his	5.640134
444	13	family	5.65799
444	14	.	1.353947
444	15	<eos>	-0.0
445	1	The	0.0
445	2	assistant	19.641615
445	3	told	12.41583
445	4	me	5.276607
445	5	that	1.373172
445	6	the	2.547316
445	7	man	7.106752
445	8	knew	7.546206
445	9	sent	17.685852
445	10	the	3.393141
445	11	package	12.271922
445	12	to	2.18185
445	13	his	4.906629
445	14	family	4.925985
445	15	.	1.664979
445	16	<eos>	-0.0
446	1	The	0.0
446	2	assistant	19.641615
446	3	told	12.41583
446	4	me	5.276607
446	5	that	1.373172
446	6	the	2.547316
446	7	man	7.106752
446	8	knew	7.546206
446	9	the	3.409596
446	10	pilot	12.469121
446	11	sent	13.952477
446	12	the	3.579285
446	13	package	12.451024
446	14	to	2.180806
446	15	his	5.024379
446	16	family	5.299509
446	17	.	1.405334
446	18	<eos>	-0.0
447	1	The	0.0
447	2	assistant	19.641615
447	3	told	12.41583
447	4	me	5.276607
447	5	who	8.871985
447	6	the	5.559373
447	7	man	6.414416
447	8	knew	7.075624
447	9	sent	16.679874
447	10	the	5.680475
447	11	package	12.443908
447	12	to	3.124331
447	13	his	5.383811
447	14	family	5.297741
447	15	.	1.19002
447	16	<eos>	-0.0
448	1	The	0.0
448	2	assistant	19.641615
448	3	told	12.41583
448	4	me	5.276607
448	5	who	8.871985
448	6	the	5.559373
448	7	man	6.414416
448	8	knew	7.075624
448	9	the	4.468832
448	10	pilot	12.359185
448	11	sent	14.047818
448	12	the	5.185983
448	13	package	12.304387
448	14	to	2.173397
448	15	his	5.353323
448	16	family	5.298173
448	17	.	1.186168
448	18	<eos>	-0.0
449	1	The	0.0
449	2	assistant	19.641615
449	3	told	12.41583
449	4	me	5.276607
449	5	that	1.373172
449	6	the	2.547316
449	7	man	7.106752
449	8	knew	7.546206
449	9	his	6.052195
449	10	friend	7.899875
449	11	recalled	14.78933
449	12	sent	16.082684
449	13	the	3.882033
449	14	package	11.996506
449	15	to	1.912187
449	16	his	4.196064
449	17	family	4.994241
449	18	.	1.405255
449	19	<eos>	-0.0
450	1	The	0.0
450	2	assistant	19.641615
450	3	told	12.41583
450	4	me	5.276607
450	5	that	1.373172
450	6	the	2.547316
450	7	man	7.106752
450	8	knew	7.546206
450	9	his	6.052195
450	10	friend	7.899875
450	11	recalled	14.78933
450	12	the	3.451155
450	13	pilot	11.931201
450	14	sent	11.880071
450	15	the	5.069229
450	16	package	11.713639
450	17	to	1.981325
450	18	his	4.383736
450	19	family	5.290161
450	20	.	1.320811
450	21	<eos>	-0.0
451	1	The	0.0
451	2	assistant	19.641615
451	3	told	12.41583
451	4	me	5.276607
451	5	who	8.871985
451	6	the	5.559373
451	7	man	6.414416
451	8	knew	7.075624
451	9	his	7.620275
451	10	friend	7.100503
451	11	recalled	14.500323
451	12	sent	17.223043
451	13	the	5.793573
451	14	package	12.01897
451	15	to	2.035554
451	16	his	4.513298
451	17	family	5.258041
451	18	.	1.212913
451	19	<eos>	-0.0
452	1	The	0.0
452	2	assistant	19.641615
452	3	told	12.41583
452	4	me	5.276607
452	5	who	8.871985
452	6	the	5.559373
452	7	man	6.414416
452	8	knew	7.075624
452	9	his	7.620275
452	10	friend	7.100503
452	11	recalled	14.500323
452	12	the	5.145699
452	13	pilot	13.306129
452	14	sent	11.930821
452	15	the	5.548281
452	16	package	11.808949
452	17	to	1.929164
452	18	his	4.553374
452	19	family	5.233938
452	20	.	1.250197
452	21	<eos>	-0.0
453	1	The	0.0
453	2	assistant	19.641615
453	3	told	12.41583
453	4	me	5.276607
453	5	that	1.373172
453	6	the	2.547316
453	7	man	7.106752
453	8	knew	7.546206
453	9	his	6.052195
453	10	friend	7.899875
453	11	recalled	14.78933
453	12	the	3.451155
453	13	woman	9.762089
453	14	said	9.500671
453	15	sent	14.466131
453	16	the	4.690567
453	17	package	12.60912
453	18	to	1.703476
453	19	his	4.885947
453	20	family	5.211368
453	21	.	1.138929
453	22	<eos>	-0.0
454	1	The	0.0
454	2	assistant	19.641615
454	3	told	12.41583
454	4	me	5.276607
454	5	that	1.373172
454	6	the	2.547316
454	7	man	7.106752
454	8	knew	7.546206
454	9	his	6.052195
454	10	friend	7.899875
454	11	recalled	14.78933
454	12	the	3.451155
454	13	woman	9.762089
454	14	said	9.500671
454	15	the	5.25326
454	16	pilot	11.502321
454	17	sent	11.427875
454	18	the	3.765574
454	19	package	12.341206
454	20	to	1.952124
454	21	his	5.243595
454	22	family	5.276938
454	23	.	1.176842
454	24	<eos>	-0.0
455	1	The	0.0
455	2	assistant	19.641615
455	3	told	12.41583
455	4	me	5.276607
455	5	who	8.871985
455	6	the	5.559373
455	7	man	6.414416
455	8	knew	7.075624
455	9	his	7.620275
455	10	friend	7.100503
455	11	recalled	14.500323
455	12	the	5.145699
455	13	woman	10.320258
455	14	said	9.623787
455	15	sent	14.478391
455	16	the	4.58653
455	17	package	12.922193
455	18	to	1.771535
455	19	his	5.050528
455	20	family	5.305409
455	21	.	1.059636
455	22	<eos>	-0.0
456	1	The	0.0
456	2	assistant	19.641615
456	3	told	12.41583
456	4	me	5.276607
456	5	who	8.871985
456	6	the	5.559373
456	7	man	6.414416
456	8	knew	7.075624
456	9	his	7.620275
456	10	friend	7.100503
456	11	recalled	14.500323
456	12	the	5.145699
456	13	woman	10.320258
456	14	said	9.623787
456	15	the	5.519222
456	16	pilot	11.840098
456	17	sent	11.383254
456	18	the	3.700014
456	19	package	12.393351
456	20	to	1.906823
456	21	his	5.338447
456	22	family	5.262736
456	23	.	1.13985
456	24	<eos>	-0.0
457	1	The	0.0
457	2	assistant	19.641615
457	3	told	12.41583
457	4	me	5.276607
457	5	that	1.373172
457	6	the	2.547316
457	7	man	7.106752
457	8	knew	7.546206
457	9	his	6.052195
457	10	friend	7.899875
457	11	recalled	14.78933
457	12	the	3.451155
457	13	woman	9.762089
457	14	said	9.500671
457	15	her	7.700275
457	16	colleague	11.440617
457	17	saw	10.314235
457	18	sent	17.601364
457	19	the	3.543653
457	20	package	11.684031
457	21	to	2.147549
457	22	his	5.405201
457	23	family	5.701169
457	24	.	1.280473
457	25	<eos>	-0.0
458	1	The	0.0
458	2	assistant	19.641615
458	3	told	12.41583
458	4	me	5.276607
458	5	that	1.373172
458	6	the	2.547316
458	7	man	7.106752
458	8	knew	7.546206
458	9	his	6.052195
458	10	friend	7.899875
458	11	recalled	14.78933
458	12	the	3.451155
458	13	woman	9.762089
458	14	said	9.500671
458	15	her	7.700275
458	16	colleague	11.440617
458	17	saw	10.314235
458	18	the	2.885796
458	19	pilot	11.261592
458	20	sent	12.698366
458	21	the	5.108664
458	22	package	12.318065
458	23	to	1.894262
458	24	his	5.454016
458	25	family	5.54791
458	26	.	1.197698
458	27	<eos>	-0.0
459	1	The	0.0
459	2	assistant	19.641615
459	3	told	12.41583
459	4	me	5.276607
459	5	who	8.871985
459	6	the	5.559373
459	7	man	6.414416
459	8	knew	7.075624
459	9	his	7.620275
459	10	friend	7.100503
459	11	recalled	14.500323
459	12	the	5.145699
459	13	woman	10.320258
459	14	said	9.623787
459	15	her	8.083305
459	16	colleague	11.178801
459	17	saw	10.14686
459	18	sent	17.968466
459	19	the	3.513053
459	20	package	11.814949
459	21	to	2.148922
459	22	his	5.47568
459	23	family	5.812306
459	24	.	1.251431
459	25	<eos>	-0.0
460	1	The	0.0
460	2	assistant	19.641615
460	3	told	12.41583
460	4	me	5.276607
460	5	who	8.871985
460	6	the	5.559373
460	7	man	6.414416
460	8	knew	7.075624
460	9	his	7.620275
460	10	friend	7.100503
460	11	recalled	14.500323
460	12	the	5.145699
460	13	woman	10.320258
460	14	said	9.623787
460	15	her	8.083305
460	16	colleague	11.178801
460	17	saw	10.14686
460	18	the	2.929361
460	19	pilot	11.433741
460	20	sent	12.963135
460	21	the	5.094525
460	22	package	12.21545
460	23	to	1.909488
460	24	his	5.495649
460	25	family	5.590679
460	26	.	1.163919
460	27	<eos>	-0.0
461	1	We	0.0
461	2	recalled	14.266203
461	3	that	3.365684
461	4	frightened	18.294209
461	5	the	7.248416
461	6	children	7.688365
461	7	at	6.636863
461	8	the	1.148773
461	9	party	8.263591
461	10	.	4.661636
461	11	<eos>	-0.0
462	1	We	0.0
462	2	recalled	14.266203
462	3	that	3.365684
462	4	the	2.013075
462	5	clown	16.233152
462	6	frightened	17.385469
462	7	the	2.897221
462	8	children	7.624788
462	9	at	4.941435
462	10	the	1.447919
462	11	party	8.312803
462	12	.	2.725461
462	13	<eos>	-0.0
463	1	We	0.0
463	2	recalled	14.266203
463	3	who	8.667806
463	4	frightened	15.07176
463	5	the	2.91656
463	6	children	8.246902
463	7	at	6.017151
463	8	the	1.303745
463	9	party	7.463149
463	10	.	2.242628
463	11	<eos>	-0.0
464	1	We	0.0
464	2	recalled	14.266203
464	3	who	8.667806
464	4	the	5.621344
464	5	clown	14.229113
464	6	frightened	16.190725
464	7	the	4.562797
464	8	children	7.902997
464	9	at	5.702979
464	10	the	1.372197
464	11	party	8.442839
464	12	.	2.15046
464	13	<eos>	-0.0
465	1	We	0.0
465	2	recalled	14.266203
465	3	that	3.365684
465	4	the	2.013075
465	5	actor	11.769681
465	6	said	7.830475
465	7	frightened	19.822571
465	8	the	5.426067
465	9	children	8.628717
465	10	at	5.914234
465	11	the	1.059847
465	12	party	8.153089
465	13	.	3.405991
465	14	<eos>	-0.0
466	1	We	0.0
466	2	recalled	14.266203
466	3	that	3.365684
466	4	the	2.013075
466	5	actor	11.769681
466	6	said	7.830475
466	7	the	3.913705
466	8	clown	13.264802
466	9	frightened	17.866575
466	10	the	3.178605
466	11	children	8.486714
466	12	at	5.169351
466	13	the	1.432021
466	14	party	8.343966
466	15	.	2.572237
466	16	<eos>	-0.0
467	1	We	0.0
467	2	recalled	14.266203
467	3	who	8.667806
467	4	the	5.621344
467	5	actor	10.473022
467	6	said	8.092617
467	7	frightened	17.306637
467	8	the	4.305423
467	9	children	9.345487
467	10	at	5.878255
467	11	the	1.171699
467	12	party	7.613016
467	13	.	2.092555
467	14	<eos>	-0.0
468	1	We	0.0
468	2	recalled	14.266203
468	3	who	8.667806
468	4	the	5.621344
468	5	actor	10.473022
468	6	said	8.092617
468	7	the	5.484583
468	8	clown	13.16396
468	9	frightened	17.376959
468	10	the	3.668895
468	11	children	8.437651
468	12	at	5.409853
468	13	the	1.337132
468	14	party	8.269108
468	15	.	2.050663
468	16	<eos>	-0.0
469	1	We	0.0
469	2	recalled	14.266203
469	3	that	3.365684
469	4	the	2.013075
469	5	actor	11.769681
469	6	said	7.830475
469	7	the	3.913705
469	8	people	8.64091
469	9	knew	6.995037
469	10	frightened	20.170641
469	11	the	5.024798
469	12	children	7.229877
469	13	at	6.326962
469	14	the	1.309238
469	15	party	8.660218
469	16	.	2.262108
469	17	<eos>	-0.0
470	1	We	0.0
470	2	recalled	14.266203
470	3	that	3.365684
470	4	the	2.013075
470	5	actor	11.769681
470	6	said	7.830475
470	7	the	3.913705
470	8	people	8.64091
470	9	knew	6.995037
470	10	the	3.436183
470	11	clown	12.108163
470	12	frightened	19.492474
470	13	the	3.766018
470	14	children	8.230243
470	15	at	5.814332
470	16	the	1.296649
470	17	party	7.982306
470	18	.	1.882377
470	19	<eos>	-0.0
471	1	We	0.0
471	2	recalled	14.266203
471	3	who	8.667806
471	4	the	5.621344
471	5	actor	10.473022
471	6	said	8.092617
471	7	the	5.484583
471	8	people	7.677125
471	9	knew	6.788198
471	10	frightened	20.170559
471	11	the	4.405274
471	12	children	6.8947
471	13	at	6.447924
471	14	the	1.280328
471	15	party	8.23172
471	16	.	1.704856
471	17	<eos>	-0.0
472	1	We	0.0
472	2	recalled	14.266203
472	3	who	8.667806
472	4	the	5.621344
472	5	actor	10.473022
472	6	said	8.092617
472	7	the	5.484583
472	8	people	7.677125
472	9	knew	6.788198
472	10	the	3.537174
472	11	clown	12.306911
472	12	frightened	19.407967
472	13	the	3.916649
472	14	children	8.405657
472	15	at	5.913157
472	16	the	1.289155
472	17	party	7.912576
472	18	.	1.631968
472	19	<eos>	-0.0
473	1	We	0.0
473	2	recalled	14.266203
473	3	that	3.365684
473	4	the	2.013075
473	5	actor	11.769681
473	6	said	7.830475
473	7	the	3.913705
473	8	people	8.64091
473	9	knew	6.995037
473	10	he	4.784596
473	11	thought	8.637093
473	12	frightened	18.584898
473	13	the	4.827236
473	14	children	6.874856
473	15	at	6.145291
473	16	the	1.227391
473	17	party	8.024808
473	18	.	1.904207
473	19	<eos>	-0.0
474	1	We	0.0
474	2	recalled	14.266203
474	3	that	3.365684
474	4	the	2.013075
474	5	actor	11.769681
474	6	said	7.830475
474	7	the	3.913705
474	8	people	8.64091
474	9	knew	6.995037
474	10	he	4.784596
474	11	thought	8.637093
474	12	the	2.851398
474	13	clown	13.143827
474	14	frightened	17.328083
474	15	the	3.949181
474	16	children	8.031604
474	17	at	5.745949
474	18	the	1.309473
474	19	party	8.257731
474	20	.	1.767859
474	21	<eos>	-0.0
475	1	We	0.0
475	2	recalled	14.266203
475	3	who	8.667806
475	4	the	5.621344
475	5	actor	10.473022
475	6	said	8.092617
475	7	the	5.484583
475	8	people	7.677125
475	9	knew	6.788198
475	10	he	4.70437
475	11	thought	8.379789
475	12	frightened	18.576525
475	13	the	4.992521
475	14	children	6.9523
475	15	at	6.255315
475	16	the	1.181724
475	17	party	7.859121
475	18	.	1.550572
475	19	<eos>	-0.0
476	1	We	0.0
476	2	recalled	14.266203
476	3	who	8.667806
476	4	the	5.621344
476	5	actor	10.473022
476	6	said	8.092617
476	7	the	5.484583
476	8	people	7.677125
476	9	knew	6.788198
476	10	he	4.70437
476	11	thought	8.379789
476	12	the	2.944846
476	13	clown	13.25872
476	14	frightened	17.170488
476	15	the	4.112402
476	16	children	8.279721
476	17	at	5.761516
476	18	the	1.302268
476	19	party	8.091217
476	20	.	1.562509
476	21	<eos>	-0.0
477	1	We	0.0
477	2	recalled	14.266203
477	3	that	3.365684
477	4	the	2.013075
477	5	actor	11.769681
477	6	said	7.830475
477	7	the	3.913705
477	8	people	8.64091
477	9	knew	6.995037
477	10	he	4.784596
477	11	thought	8.637093
477	12	he	3.615062
477	13	noticed	15.490012
477	14	frightened	19.541012
477	15	the	9.783763
477	16	children	6.448145
477	17	at	5.774463
477	18	the	1.241153
477	19	party	8.28435
477	20	.	1.627443
477	21	<eos>	-0.0
478	1	We	0.0
478	2	recalled	14.266203
478	3	that	3.365684
478	4	the	2.013075
478	5	actor	11.769681
478	6	said	7.830475
478	7	the	3.913705
478	8	people	8.64091
478	9	knew	6.995037
478	10	he	4.784596
478	11	thought	8.637093
478	12	he	3.615062
478	13	noticed	15.490012
478	14	the	2.215509
478	15	clown	11.642903
478	16	frightened	18.317221
478	17	the	5.20153
478	18	children	9.022552
478	19	at	5.77477
478	20	the	1.20755
478	21	party	7.961521
478	22	.	1.612338
478	23	<eos>	-0.0
479	1	We	0.0
479	2	recalled	14.266203
479	3	who	8.667806
479	4	the	5.621344
479	5	actor	10.473022
479	6	said	8.092617
479	7	the	5.484583
479	8	people	7.677125
479	9	knew	6.788198
479	10	he	4.70437
479	11	thought	8.379789
479	12	he	3.752108
479	13	noticed	14.625569
479	14	frightened	19.522511
479	15	the	9.738173
479	16	children	6.559799
479	17	at	5.805007
479	18	the	1.231165
479	19	party	8.147211
479	20	.	1.442912
479	21	<eos>	-0.0
480	1	We	0.0
480	2	recalled	14.266203
480	3	who	8.667806
480	4	the	5.621344
480	5	actor	10.473022
480	6	said	8.092617
480	7	the	5.484583
480	8	people	7.677125
480	9	knew	6.788198
480	10	he	4.70437
480	11	thought	8.379789
480	12	he	3.752108
480	13	noticed	14.625569
480	14	the	2.317478
480	15	clown	11.878843
480	16	frightened	18.35146
480	17	the	5.253522
480	18	children	9.262526
480	19	at	5.73881
480	20	the	1.211621
480	21	party	7.877994
480	22	.	1.516815
480	23	<eos>	-0.0
481	1	He	0.0
481	2	recalled	11.830338
481	3	that	2.828473
481	4	assassinated	23.710062
481	5	the	5.452243
481	6	politician	11.832855
481	7	last	14.39809
481	8	night	5.750217
481	9	.	2.588006
481	10	<eos>	-0.0
482	1	He	0.0
482	2	recalled	11.830338
482	3	that	2.828473
482	4	the	2.424241
482	5	terrorist	14.830909
482	6	assassinated	16.114313
482	7	the	3.107085
482	8	politician	12.122751
482	9	last	14.583487
482	10	night	5.323082
482	11	.	2.413624
482	12	<eos>	-0.0
483	1	He	0.0
483	2	recalled	11.830338
483	3	who	10.627078
483	4	assassinated	17.20323
483	5	the	3.241343
483	6	politician	11.816604
483	7	last	15.599379
483	8	night	5.494856
483	9	.	1.909754
483	10	<eos>	-0.0
484	1	He	0.0
484	2	recalled	11.830338
484	3	who	10.627078
484	4	the	5.534445
484	5	terrorist	14.249902
484	6	assassinated	13.910382
484	7	the	4.600386
484	8	politician	12.203403
484	9	last	16.16708
484	10	night	5.693766
484	11	.	1.622272
484	12	<eos>	-0.0
485	1	He	0.0
485	2	recalled	11.830338
485	3	that	2.828473
485	4	the	2.424241
485	5	president	10.03449
485	6	said	7.863066
485	7	assassinated	21.463165
485	8	the	3.8853
485	9	politician	11.284542
485	10	last	14.394954
485	11	night	4.851687
485	12	.	1.932116
485	13	<eos>	-0.0
486	1	He	0.0
486	2	recalled	11.830338
486	3	that	2.828473
486	4	the	2.424241
486	5	president	10.03449
486	6	said	7.863066
486	7	the	3.477312
486	8	terrorist	13.869028
486	9	assassinated	16.117029
486	10	the	3.339783
486	11	politician	11.732841
486	12	last	15.442138
486	13	night	5.673593
486	14	.	1.878389
486	15	<eos>	-0.0
487	1	He	0.0
487	2	recalled	11.830338
487	3	who	10.627078
487	4	the	5.534445
487	5	president	9.145444
487	6	said	7.122829
487	7	assassinated	18.349487
487	8	the	3.018769
487	9	politician	11.9903
487	10	last	15.565699
487	11	night	5.011374
487	12	.	1.661639
487	13	<eos>	-0.0
488	1	He	0.0
488	2	recalled	11.830338
488	3	who	10.627078
488	4	the	5.534445
488	5	president	9.145444
488	6	said	7.122829
488	7	the	5.535992
488	8	terrorist	13.242494
488	9	assassinated	15.557518
488	10	the	4.202351
488	11	politician	11.530722
488	12	last	15.953628
488	13	night	6.346118
488	14	.	1.309302
488	15	<eos>	-0.0
489	1	He	0.0
489	2	recalled	11.830338
489	3	that	2.828473
489	4	the	2.424241
489	5	president	10.03449
489	6	said	7.863066
489	7	the	3.477312
489	8	report	8.842669
489	9	confirmed	11.890493
489	10	assassinated	24.220587
489	11	the	5.156474
489	12	politician	11.810947
489	13	last	14.865702
489	14	night	5.541991
489	15	.	1.586562
489	16	<eos>	-0.0
490	1	He	0.0
490	2	recalled	11.830338
490	3	that	2.828473
490	4	the	2.424241
490	5	president	10.03449
490	6	said	7.863066
490	7	the	3.477312
490	8	report	8.842669
490	9	confirmed	11.890493
490	10	the	2.489184
490	11	terrorist	12.400158
490	12	assassinated	20.56307
490	13	the	3.80922
490	14	politician	12.049534
490	15	last	15.858545
490	16	night	5.520703
490	17	.	1.315871
490	18	<eos>	-0.0
491	1	He	0.0
491	2	recalled	11.830338
491	3	who	10.627078
491	4	the	5.534445
491	5	president	9.145444
491	6	said	7.122829
491	7	the	5.535992
491	8	report	10.456765
491	9	confirmed	11.748366
491	10	assassinated	22.239153
491	11	the	4.197964
491	12	politician	11.311829
491	13	last	14.889691
491	14	night	5.108345
491	15	.	1.332509
491	16	<eos>	-0.0
492	1	He	0.0
492	2	recalled	11.830338
492	3	who	10.627078
492	4	the	5.534445
492	5	president	9.145444
492	6	said	7.122829
492	7	the	5.535992
492	8	report	10.456765
492	9	confirmed	11.748366
492	10	the	2.683384
492	11	terrorist	12.291722
492	12	assassinated	19.88817
492	13	the	3.416561
492	14	politician	11.896999
492	15	last	16.405918
492	16	night	5.594131
492	17	.	1.20822
492	18	<eos>	-0.0
493	1	He	0.0
493	2	recalled	11.830338
493	3	that	2.828473
493	4	the	2.424241
493	5	president	10.03449
493	6	said	7.863066
493	7	the	3.477312
493	8	report	8.842669
493	9	confirmed	11.890493
493	10	he	5.652
493	11	believed	7.476324
493	12	assassinated	21.945719
493	13	the	5.162534
493	14	politician	11.243963
493	15	last	16.05155
493	16	night	5.979258
493	17	.	1.371191
493	18	<eos>	-0.0
494	1	He	0.0
494	2	recalled	11.830338
494	3	that	2.828473
494	4	the	2.424241
494	5	president	10.03449
494	6	said	7.863066
494	7	the	3.477312
494	8	report	8.842669
494	9	confirmed	11.890493
494	10	he	5.652
494	11	believed	7.476324
494	12	the	2.460569
494	13	terrorist	11.755661
494	14	assassinated	18.133974
494	15	the	4.335078
494	16	politician	11.846633
494	17	last	16.43532
494	18	night	5.941672
494	19	.	1.189427
494	20	<eos>	-0.0
495	1	He	0.0
495	2	recalled	11.830338
495	3	who	10.627078
495	4	the	5.534445
495	5	president	9.145444
495	6	said	7.122829
495	7	the	5.535992
495	8	report	10.456765
495	9	confirmed	11.748366
495	10	he	5.047936
495	11	believed	7.323892
495	12	assassinated	21.172543
495	13	the	5.256228
495	14	politician	10.846421
495	15	last	16.302866
495	16	night	5.737498
495	17	.	1.249538
495	18	<eos>	-0.0
496	1	He	0.0
496	2	recalled	11.830338
496	3	who	10.627078
496	4	the	5.534445
496	5	president	9.145444
496	6	said	7.122829
496	7	the	5.535992
496	8	report	10.456765
496	9	confirmed	11.748366
496	10	he	5.047936
496	11	believed	7.323892
496	12	the	2.457618
496	13	terrorist	11.887668
496	14	assassinated	17.825808
496	15	the	4.267678
496	16	politician	11.757096
496	17	last	16.577879
496	18	night	5.851738
496	19	.	1.083022
496	20	<eos>	-0.0
497	1	He	0.0
497	2	recalled	11.830338
497	3	that	2.828473
497	4	the	2.424241
497	5	president	10.03449
497	6	said	7.863066
497	7	the	3.477312
497	8	report	8.842669
497	9	confirmed	11.890493
497	10	he	5.652
497	11	believed	7.476324
497	12	he	3.696431
497	13	remembered	14.291718
497	14	assassinated	19.677273
497	15	the	3.075862
497	16	politician	11.604126
497	17	last	14.890945
497	18	night	4.992005
497	19	.	1.333665
497	20	<eos>	-0.0
498	1	He	0.0
498	2	recalled	11.830338
498	3	that	2.828473
498	4	the	2.424241
498	5	president	10.03449
498	6	said	7.863066
498	7	the	3.477312
498	8	report	8.842669
498	9	confirmed	11.890493
498	10	he	5.652
498	11	believed	7.476324
498	12	he	3.696431
498	13	remembered	14.291718
498	14	the	1.896913
498	15	terrorist	10.127985
498	16	assassinated	17.855331
498	17	the	5.226739
498	18	politician	12.110397
498	19	last	16.416985
498	20	night	4.926255
498	21	.	1.232601
498	22	<eos>	-0.0
499	1	He	0.0
499	2	recalled	11.830338
499	3	who	10.627078
499	4	the	5.534445
499	5	president	9.145444
499	6	said	7.122829
499	7	the	5.535992
499	8	report	10.456765
499	9	confirmed	11.748366
499	10	he	5.047936
499	11	believed	7.323892
499	12	he	3.955711
499	13	remembered	13.90159
499	14	assassinated	19.561672
499	15	the	3.213294
499	16	politician	11.414966
499	17	last	15.04932
499	18	night	4.882472
499	19	.	1.241943
499	20	<eos>	-0.0
500	1	He	0.0
500	2	recalled	11.830338
500	3	who	10.627078
500	4	the	5.534445
500	5	president	9.145444
500	6	said	7.122829
500	7	the	5.535992
500	8	report	10.456765
500	9	confirmed	11.748366
500	10	he	5.047936
500	11	believed	7.323892
500	12	he	3.955711
500	13	remembered	13.90159
500	14	the	1.947199
500	15	terrorist	10.311902
500	16	assassinated	17.448641
500	17	the	5.284918
500	18	politician	12.01536
500	19	last	16.436123
500	20	night	4.768456
500	21	.	1.15681
500	22	<eos>	-0.0
501	1	I	0.0
501	2	know	6.278276
501	3	that	2.352433
501	4	greeted	24.405178
501	5	the	2.380582
501	6	man	7.608761
501	7	early	14.078876
501	8	in	1.45253
501	9	the	0.830621
501	10	morning	2.75929
501	11	.	2.485046
501	12	<eos>	-0.0
502	1	I	0.0
502	2	know	6.278276
502	3	that	2.352433
502	4	the	2.35511
502	5	librarian	17.073793
502	6	greeted	19.2304
502	7	the	1.697905
502	8	man	7.574504
502	9	early	14.054453
502	10	in	1.732857
502	11	the	0.976195
502	12	morning	2.926476
502	13	.	2.200665
502	14	<eos>	-0.0
503	1	I	0.0
503	2	know	6.278276
503	3	who	6.580016
503	4	greeted	17.946934
503	5	the	1.535812
503	6	man	8.225343
503	7	early	13.833549
503	8	in	1.304243
503	9	the	0.857225
503	10	morning	3.908671
503	11	.	1.383753
503	12	<eos>	-0.0
504	1	I	0.0
504	2	know	6.278276
504	3	who	6.580016
504	4	the	5.056487
504	5	librarian	16.219767
504	6	greeted	17.007309
504	7	the	3.416578
504	8	man	7.11354
504	9	early	14.314771
504	10	in	1.360975
504	11	the	1.211435
504	12	morning	3.726844
504	13	.	1.35389
504	14	<eos>	-0.0
505	1	I	0.0
505	2	know	6.278276
505	3	that	2.352433
505	4	the	2.35511
505	5	mayor	13.542091
505	6	said	10.425508
505	7	greeted	23.790714
505	8	the	1.73983
505	9	man	8.767309
505	10	early	14.964553
505	11	in	1.860923
505	12	the	1.073299
505	13	morning	4.146094
505	14	.	2.542499
505	15	<eos>	-0.0
506	1	I	0.0
506	2	know	6.278276
506	3	that	2.352433
506	4	the	2.35511
506	5	mayor	13.542091
506	6	said	10.425508
506	7	the	3.216996
506	8	librarian	17.705677
506	9	greeted	17.800936
506	10	the	1.77977
506	11	man	8.004354
506	12	early	14.447426
506	13	in	1.923285
506	14	the	0.981866
506	15	morning	3.148641
506	16	.	2.066163
506	17	<eos>	-0.0
507	1	I	0.0
507	2	know	6.278276
507	3	who	6.580016
507	4	the	5.056487
507	5	mayor	13.321761
507	6	said	8.945595
507	7	greeted	21.813086
507	8	the	1.811623
507	9	man	9.133206
507	10	early	14.973861
507	11	in	1.233463
507	12	the	1.091761
507	13	morning	3.958643
507	14	.	1.194569
507	15	<eos>	-0.0
508	1	I	0.0
508	2	know	6.278276
508	3	who	6.580016
508	4	the	5.056487
508	5	mayor	13.321761
508	6	said	8.945595
508	7	the	5.002458
508	8	librarian	17.130865
508	9	greeted	17.060493
508	10	the	1.727796
508	11	man	8.134369
508	12	early	14.622404
508	13	in	1.475786
508	14	the	0.963637
508	15	morning	3.517536
508	16	.	1.489468
508	17	<eos>	-0.0
509	1	I	0.0
509	2	know	6.278276
509	3	that	2.352433
509	4	the	2.35511
509	5	mayor	13.542091
509	6	said	10.425508
509	7	the	3.216996
509	8	clerk	13.183102
509	9	believed	10.119206
509	10	greeted	22.687002
509	11	the	2.552212
509	12	man	7.511631
509	13	early	14.663121
509	14	in	1.812511
509	15	the	0.92495
509	16	morning	3.815974
509	17	.	1.771707
509	18	<eos>	-0.0
510	1	I	0.0
510	2	know	6.278276
510	3	that	2.352433
510	4	the	2.35511
510	5	mayor	13.542091
510	6	said	10.425508
510	7	the	3.216996
510	8	clerk	13.183102
510	9	believed	10.119206
510	10	the	2.86781
510	11	librarian	15.185917
510	12	greeted	17.42909
510	13	the	1.730364
510	14	man	7.551055
510	15	early	13.822015
510	16	in	1.95602
510	17	the	1.048018
510	18	morning	2.883098
510	19	.	1.780795
510	20	<eos>	-0.0
511	1	I	0.0
511	2	know	6.278276
511	3	who	6.580016
511	4	the	5.056487
511	5	mayor	13.321761
511	6	said	8.945595
511	7	the	5.002458
511	8	clerk	13.780059
511	9	believed	10.039076
511	10	greeted	21.336203
511	11	the	2.570234
511	12	man	7.532105
511	13	early	14.978239
511	14	in	1.488761
511	15	the	0.976856
511	16	morning	4.146028
511	17	.	1.184615
511	18	<eos>	-0.0
512	1	I	0.0
512	2	know	6.278276
512	3	who	6.580016
512	4	the	5.056487
512	5	mayor	13.321761
512	6	said	8.945595
512	7	the	5.002458
512	8	clerk	13.780059
512	9	believed	10.039076
512	10	the	3.115828
512	11	librarian	15.254903
512	12	greeted	17.41357
512	13	the	1.755088
512	14	man	7.509097
512	15	early	13.998557
512	16	in	1.79701
512	17	the	1.000256
512	18	morning	2.869291
512	19	.	1.354922
512	20	<eos>	-0.0
513	1	I	0.0
513	2	know	6.278276
513	3	that	2.352433
513	4	the	2.35511
513	5	mayor	13.542091
513	6	said	10.425508
513	7	the	3.216996
513	8	clerk	13.183102
513	9	believed	10.119206
513	10	he	3.821882
513	11	witnessed	14.431889
513	12	greeted	23.965446
513	13	the	1.493511
513	14	man	6.972984
513	15	early	14.081323
513	16	in	1.577285
513	17	the	0.792778
513	18	morning	2.782352
513	19	.	1.59656
513	20	<eos>	-0.0
514	1	I	0.0
514	2	know	6.278276
514	3	that	2.352433
514	4	the	2.35511
514	5	mayor	13.542091
514	6	said	10.425508
514	7	the	3.216996
514	8	clerk	13.183102
514	9	believed	10.119206
514	10	he	3.821882
514	11	witnessed	14.431889
514	12	the	1.152143
514	13	librarian	18.405247
514	14	greeted	19.83919
514	15	the	1.853699
514	16	man	7.37526
514	17	early	14.450807
514	18	in	1.862124
514	19	the	0.972917
514	20	morning	2.51421
514	21	.	1.495018
514	22	<eos>	-0.0
515	1	I	0.0
515	2	know	6.278276
515	3	who	6.580016
515	4	the	5.056487
515	5	mayor	13.321761
515	6	said	8.945595
515	7	the	5.002458
515	8	clerk	13.780059
515	9	believed	10.039076
515	10	he	4.123365
515	11	witnessed	13.512553
515	12	greeted	23.927509
515	13	the	1.500052
515	14	man	7.152557
515	15	early	14.210558
515	16	in	1.352919
515	17	the	0.78845
515	18	morning	2.830563
515	19	.	1.191219
515	20	<eos>	-0.0
516	1	I	0.0
516	2	know	6.278276
516	3	who	6.580016
516	4	the	5.056487
516	5	mayor	13.321761
516	6	said	8.945595
516	7	the	5.002458
516	8	clerk	13.780059
516	9	believed	10.039076
516	10	he	4.123365
516	11	witnessed	13.512553
516	12	the	1.130379
516	13	librarian	18.243307
516	14	greeted	19.900684
516	15	the	1.86124
516	16	man	7.279387
516	17	early	14.400002
516	18	in	1.803786
516	19	the	0.953856
516	20	morning	2.601376
516	21	.	1.174139
516	22	<eos>	-0.0
517	1	I	0.0
517	2	know	6.278276
517	3	that	2.352433
517	4	the	2.35511
517	5	mayor	13.542091
517	6	said	10.425508
517	7	the	3.216996
517	8	clerk	13.183102
517	9	believed	10.119206
517	10	he	3.821882
517	11	witnessed	14.431889
517	12	he	9.359286
517	13	noticed	12.912042
517	14	greeted	22.440699
517	15	the	2.459011
517	16	man	6.751028
517	17	early	14.000994
517	18	in	1.686589
517	19	the	0.887446
517	20	morning	2.20764
517	21	.	1.367051
517	22	<eos>	-0.0
518	1	I	0.0
518	2	know	6.278276
518	3	that	2.352433
518	4	the	2.35511
518	5	mayor	13.542091
518	6	said	10.425508
518	7	the	3.216996
518	8	clerk	13.183102
518	9	believed	10.119206
518	10	he	3.821882
518	11	witnessed	14.431889
518	12	he	9.359286
518	13	noticed	12.912042
518	14	the	2.033824
518	15	librarian	17.469204
518	16	greeted	18.432709
518	17	the	2.063853
518	18	man	7.046678
518	19	early	14.185542
518	20	in	1.857663
518	21	the	0.980911
518	22	morning	2.459011
518	23	.	1.318368
518	24	<eos>	-0.0
519	1	I	0.0
519	2	know	6.278276
519	3	who	6.580016
519	4	the	5.056487
519	5	mayor	13.321761
519	6	said	8.945595
519	7	the	5.002458
519	8	clerk	13.780059
519	9	believed	10.039076
519	10	he	4.123365
519	11	witnessed	13.512553
519	12	he	9.22459
519	13	noticed	12.319313
519	14	greeted	22.491802
519	15	the	2.716996
519	16	man	6.902562
519	17	early	14.07651
519	18	in	1.513915
519	19	the	0.877317
519	20	morning	2.19519
519	21	.	1.113597
519	22	<eos>	-0.0
520	1	I	0.0
520	2	know	6.278276
520	3	who	6.580016
520	4	the	5.056487
520	5	mayor	13.321761
520	6	said	8.945595
520	7	the	5.002458
520	8	clerk	13.780059
520	9	believed	10.039076
520	10	he	4.123365
520	11	witnessed	13.512553
520	12	he	9.22459
520	13	noticed	12.319313
520	14	the	2.01895
520	15	librarian	17.377871
520	16	greeted	18.821836
520	17	the	2.16913
520	18	man	7.16669
520	19	early	14.118167
520	20	in	1.774737
520	21	the	0.973336
520	22	morning	2.465144
520	23	.	1.076514
520	24	<eos>	-0.0
521	1	You	0.0
521	2	know	6.225534
521	3	that	3.970907
521	4	supported	20.30027
521	5	the	3.711433
521	6	candidate	12.230615
521	7	last	13.779407
521	8	year	2.818663
521	9	.	2.334988
521	10	<eos>	-0.0
522	1	You	0.0
522	2	know	6.225534
522	3	that	3.970907
522	4	the	2.063794
522	5	millionaire	17.189167
522	6	supported	14.14707
522	7	the	2.08762
522	8	candidate	14.021808
522	9	last	14.551661
522	10	year	1.920138
522	11	.	2.272165
522	12	<eos>	-0.0
523	1	You	0.0
523	2	know	6.225534
523	3	who	7.834128
523	4	supported	14.266042
523	5	the	1.286254
523	6	candidate	11.74765
523	7	last	13.796176
523	8	year	2.0695
523	9	.	1.587547
523	10	<eos>	-0.0
524	1	You	0.0
524	2	know	6.225534
524	3	who	7.834128
524	4	the	4.899722
524	5	millionaire	15.001207
524	6	supported	14.470551
524	7	the	3.598889
524	8	candidate	13.857165
524	9	last	13.730038
524	10	year	2.058748
524	11	.	1.625446
524	12	<eos>	-0.0
525	1	You	0.0
525	2	know	6.225534
525	3	that	3.970907
525	4	the	2.063794
525	5	lobbyist	21.37114
525	6	believed	9.774343
525	7	supported	18.457848
525	8	the	3.045142
525	9	candidate	11.590087
525	10	last	15.462886
525	11	year	3.113751
525	12	.	2.041276
525	13	<eos>	-0.0
526	1	You	0.0
526	2	know	6.225534
526	3	that	3.970907
526	4	the	2.063794
526	5	lobbyist	21.37114
526	6	believed	9.774343
526	7	the	3.340664
526	8	millionaire	16.288849
526	9	supported	12.123897
526	10	the	2.042807
526	11	candidate	12.919133
526	12	last	15.787682
526	13	year	2.093243
526	14	.	2.006622
526	15	<eos>	-0.0
527	1	You	0.0
527	2	know	6.225534
527	3	who	7.834128
527	4	the	4.899722
527	5	lobbyist	20.70472
527	6	believed	10.047364
527	7	supported	15.951458
527	8	the	2.330199
527	9	candidate	11.368418
527	10	last	15.121071
527	11	year	3.168985
527	12	.	1.553312
527	13	<eos>	-0.0
528	1	You	0.0
528	2	know	6.225534
528	3	who	7.834128
528	4	the	4.899722
528	5	lobbyist	20.70472
528	6	believed	10.047364
528	7	the	5.17522
528	8	millionaire	15.470713
528	9	supported	12.812223
528	10	the	3.226646
528	11	candidate	12.838513
528	12	last	15.090849
528	13	year	1.76876
528	14	.	1.47766
528	15	<eos>	-0.0
529	1	You	0.0
529	2	know	6.225534
529	3	that	3.970907
529	4	the	2.063794
529	5	lobbyist	21.37114
529	6	believed	9.774343
529	7	the	3.340664
529	8	secretary	13.683255
529	9	said	9.553503
529	10	supported	17.473701
529	11	the	1.345038
529	12	candidate	12.307596
529	13	last	15.637861
529	14	year	2.883096
529	15	.	1.952407
529	16	<eos>	-0.0
530	1	You	0.0
530	2	know	6.225534
530	3	that	3.970907
530	4	the	2.063794
530	5	lobbyist	21.37114
530	6	believed	9.774343
530	7	the	3.340664
530	8	secretary	13.683255
530	9	said	9.553503
530	10	the	3.194377
530	11	millionaire	17.111671
530	12	supported	12.286311
530	13	the	1.977612
530	14	candidate	13.414415
530	15	last	16.32226
530	16	year	1.93498
530	17	.	1.713495
530	18	<eos>	-0.0
531	1	You	0.0
531	2	know	6.225534
531	3	who	7.834128
531	4	the	4.899722
531	5	lobbyist	20.70472
531	6	believed	10.047364
531	7	the	5.17522
531	8	secretary	13.828888
531	9	said	7.627215
531	10	supported	15.203561
531	11	the	1.520986
531	12	candidate	11.646041
531	13	last	15.68368
531	14	year	2.6913
531	15	.	1.43248
531	16	<eos>	-0.0
532	1	You	0.0
532	2	know	6.225534
532	3	who	7.834128
532	4	the	4.899722
532	5	lobbyist	20.70472
532	6	believed	10.047364
532	7	the	5.17522
532	8	secretary	13.828888
532	9	said	7.627215
532	10	the	5.877343
532	11	millionaire	15.607613
532	12	supported	12.333965
532	13	the	2.994825
532	14	candidate	13.60757
532	15	last	15.311672
532	16	year	1.486288
532	17	.	1.418113
532	18	<eos>	-0.0
533	1	You	0.0
533	2	know	6.225534
533	3	that	3.970907
533	4	the	2.063794
533	5	lobbyist	21.37114
533	6	believed	9.774343
533	7	the	3.340664
533	8	secretary	13.683255
533	9	said	9.553503
533	10	she	6.827534
533	11	saw	8.744182
533	12	supported	17.966522
533	13	the	3.242153
533	14	candidate	10.508609
533	15	last	16.235273
533	16	year	2.505309
533	17	.	1.693592
533	18	<eos>	-0.0
534	1	You	0.0
534	2	know	6.225534
534	3	that	3.970907
534	4	the	2.063794
534	5	lobbyist	21.37114
534	6	believed	9.774343
534	7	the	3.340664
534	8	secretary	13.683255
534	9	said	9.553503
534	10	she	6.827534
534	11	saw	8.744182
534	12	the	2.192648
534	13	millionaire	16.378712
534	14	supported	15.782373
534	15	the	3.027724
534	16	candidate	12.956
534	17	last	16.812517
534	18	year	2.124349
534	19	.	1.733746
534	20	<eos>	-0.0
535	1	You	0.0
535	2	know	6.225534
535	3	who	7.834128
535	4	the	4.899722
535	5	lobbyist	20.70472
535	6	believed	10.047364
535	7	the	5.17522
535	8	secretary	13.828888
535	9	said	7.627215
535	10	she	9.23651
535	11	saw	8.093054
535	12	supported	17.937178
535	13	the	3.340103
535	14	candidate	11.366835
535	15	last	15.924157
535	16	year	2.092764
535	17	.	1.432206
535	18	<eos>	-0.0
536	1	You	0.0
536	2	know	6.225534
536	3	who	7.834128
536	4	the	4.899722
536	5	lobbyist	20.70472
536	6	believed	10.047364
536	7	the	5.17522
536	8	secretary	13.828888
536	9	said	7.627215
536	10	she	9.23651
536	11	saw	8.093054
536	12	the	3.526179
536	13	millionaire	15.921331
536	14	supported	15.838509
536	15	the	4.439247
536	16	candidate	13.364656
536	17	last	16.284149
536	18	year	1.68226
536	19	.	1.497408
536	20	<eos>	-0.0
537	1	You	0.0
537	2	know	6.225534
537	3	that	3.970907
537	4	the	2.063794
537	5	lobbyist	21.37114
537	6	believed	9.774343
537	7	the	3.340664
537	8	secretary	13.683255
537	9	said	9.553503
537	10	she	6.827534
537	11	saw	8.744182
537	12	he	11.155299
537	13	noticed	13.235394
537	14	supported	18.864172
537	15	the	5.001927
537	16	candidate	11.004046
537	17	last	16.477819
537	18	year	2.715884
537	19	.	1.656672
537	20	<eos>	-0.0
538	1	You	0.0
538	2	know	6.225534
538	3	that	3.970907
538	4	the	2.063794
538	5	lobbyist	21.37114
538	6	believed	9.774343
538	7	the	3.340664
538	8	secretary	13.683255
538	9	said	9.553503
538	10	she	6.827534
538	11	saw	8.744182
538	12	he	11.155299
538	13	noticed	13.235394
538	14	the	2.300287
538	15	millionaire	16.111942
538	16	supported	14.690089
538	17	the	4.137798
538	18	candidate	13.655145
538	19	last	17.211529
538	20	year	2.217688
538	21	.	1.681054
538	22	<eos>	-0.0
539	1	You	0.0
539	2	know	6.225534
539	3	who	7.834128
539	4	the	4.899722
539	5	lobbyist	20.70472
539	6	believed	10.047364
539	7	the	5.17522
539	8	secretary	13.828888
539	9	said	7.627215
539	10	she	9.23651
539	11	saw	8.093054
539	12	he	9.790358
539	13	noticed	11.912667
539	14	supported	17.967388
539	15	the	3.948304
539	16	candidate	11.280331
539	17	last	15.898989
539	18	year	2.310053
539	19	.	1.515712
539	20	<eos>	-0.0
540	1	You	0.0
540	2	know	6.225534
540	3	who	7.834128
540	4	the	4.899722
540	5	lobbyist	20.70472
540	6	believed	10.047364
540	7	the	5.17522
540	8	secretary	13.828888
540	9	said	7.627215
540	10	she	9.23651
540	11	saw	8.093054
540	12	he	9.790358
540	13	noticed	11.912667
540	14	the	4.644307
540	15	millionaire	16.355616
540	16	supported	15.157075
540	17	the	5.533975
540	18	candidate	13.780912
540	19	last	16.808413
540	20	year	1.708436
540	21	.	1.455912
540	22	<eos>	-0.0
541	1	I	0.0
541	2	know	6.278276
541	3	that	2.352433
541	4	congratulated	24.027151
541	5	the	3.335424
541	6	athletes	10.932324
541	7	over	8.472737
541	8	lunch	13.634256
541	9	.	1.664603
541	10	<eos>	-0.0
542	1	I	0.0
542	2	know	6.278276
542	3	that	2.352433
542	4	the	2.35511
542	5	president	10.562896
542	6	congratulated	17.136978
542	7	the	2.478566
542	8	athletes	12.597507
542	9	over	7.905121
542	10	lunch	10.974348
542	11	.	1.321564
542	12	<eos>	-0.0
543	1	I	0.0
543	2	know	6.278276
543	3	who	6.580016
543	4	congratulated	17.539339
543	5	the	2.691193
543	6	athletes	11.177869
543	7	over	9.036216
543	8	lunch	11.428825
543	9	.	1.221191
543	10	<eos>	-0.0
544	1	I	0.0
544	2	know	6.278276
544	3	who	6.580016
544	4	the	5.056487
544	5	president	9.935833
544	6	congratulated	16.43532
544	7	the	3.762908
544	8	athletes	12.00221
544	9	over	8.26876
544	10	lunch	13.064277
544	11	.	1.06173
544	12	<eos>	-0.0
545	1	I	0.0
545	2	know	6.278276
545	3	that	2.352433
545	4	the	2.35511
545	5	coach	13.491508
545	6	said	10.004469
545	7	congratulated	23.216722
545	8	the	2.663538
545	9	athletes	8.476004
545	10	over	7.711607
545	11	lunch	13.431903
545	12	.	1.936826
545	13	<eos>	-0.0
546	1	I	0.0
546	2	know	6.278276
546	3	that	2.352433
546	4	the	2.35511
546	5	coach	13.491508
546	6	said	10.004469
546	7	the	3.189495
546	8	president	9.481625
546	9	congratulated	16.191071
546	10	the	3.230364
546	11	athletes	8.701383
546	12	over	7.932967
546	13	lunch	10.537488
546	14	.	1.295604
546	15	<eos>	-0.0
547	1	I	0.0
547	2	know	6.278276
547	3	who	6.580016
547	4	the	5.056487
547	5	coach	12.526186
547	6	said	9.138858
547	7	congratulated	22.026136
547	8	the	3.213589
547	9	athletes	8.243733
547	10	over	7.924274
547	11	lunch	13.113391
547	12	.	1.034838
547	13	<eos>	-0.0
548	1	I	0.0
548	2	know	6.278276
548	3	who	6.580016
548	4	the	5.056487
548	5	coach	12.526186
548	6	said	9.138858
548	7	the	4.897272
548	8	president	9.31299
548	9	congratulated	15.561345
548	10	the	3.677068
548	11	athletes	9.246365
548	12	over	7.808729
548	13	lunch	11.671562
548	14	.	1.035893
548	15	<eos>	-0.0
549	1	I	0.0
549	2	know	6.278276
549	3	that	2.352433
549	4	the	2.35511
549	5	coach	13.491508
549	6	said	10.004469
549	7	the	3.189495
549	8	assistant	13.529103
549	9	believed	11.922255
549	10	congratulated	22.377222
549	11	the	3.894441
549	12	athletes	7.924613
549	13	over	7.8442
549	14	lunch	14.307714
549	15	.	1.394031
549	16	<eos>	-0.0
550	1	I	0.0
550	2	know	6.278276
550	3	that	2.352433
550	4	the	2.35511
550	5	coach	13.491508
550	6	said	10.004469
550	7	the	3.189495
550	8	assistant	13.529103
550	9	believed	11.922255
550	10	the	3.134073
550	11	president	9.264897
550	12	congratulated	17.836102
550	13	the	3.395118
550	14	athletes	8.756517
550	15	over	8.020373
550	16	lunch	11.143205
550	17	.	1.085604
550	18	<eos>	-0.0
551	1	I	0.0
551	2	know	6.278276
551	3	who	6.580016
551	4	the	5.056487
551	5	coach	12.526186
551	6	said	9.138858
551	7	the	4.897272
551	8	assistant	13.73425
551	9	believed	13.159837
551	10	congratulated	21.223747
551	11	the	3.487677
551	12	athletes	7.846183
551	13	over	8.138975
551	14	lunch	13.010701
551	15	.	0.912629
551	16	<eos>	-0.0
552	1	I	0.0
552	2	know	6.278276
552	3	who	6.580016
552	4	the	5.056487
552	5	coach	12.526186
552	6	said	9.138858
552	7	the	4.897272
552	8	assistant	13.73425
552	9	believed	13.159837
552	10	the	4.140643
552	11	president	8.484797
552	12	congratulated	17.141962
552	13	the	3.241717
552	14	athletes	9.346536
552	15	over	8.338048
552	16	lunch	11.021443
552	17	.	0.893725
552	18	<eos>	-0.0
553	1	I	0.0
553	2	know	6.278276
553	3	that	2.352433
553	4	the	2.35511
553	5	coach	13.491508
553	6	said	10.004469
553	7	the	3.189495
553	8	assistant	13.529103
553	9	believed	11.922255
553	10	he	3.594095
553	11	remembered	14.393239
553	12	congratulated	23.774538
553	13	the	3.799666
553	14	athletes	8.108541
553	15	over	6.759884
553	16	lunch	12.374122
553	17	.	1.258043
553	18	<eos>	-0.0
554	1	I	0.0
554	2	know	6.278276
554	3	that	2.352433
554	4	the	2.35511
554	5	coach	13.491508
554	6	said	10.004469
554	7	the	3.189495
554	8	assistant	13.529103
554	9	believed	11.922255
554	10	he	3.594095
554	11	remembered	14.393239
554	12	the	2.065271
554	13	president	11.036918
554	14	congratulated	20.858459
554	15	the	3.76484
554	16	athletes	10.27166
554	17	over	7.295838
554	18	lunch	11.805484
554	19	.	1.125667
554	20	<eos>	-0.0
555	1	I	0.0
555	2	know	6.278276
555	3	who	6.580016
555	4	the	5.056487
555	5	coach	12.526186
555	6	said	9.138858
555	7	the	4.897272
555	8	assistant	13.73425
555	9	believed	13.159837
555	10	he	4.484371
555	11	remembered	14.371391
555	12	congratulated	23.11706
555	13	the	4.041995
555	14	athletes	8.101607
555	15	over	6.933578
555	16	lunch	12.870877
555	17	.	0.904647
555	18	<eos>	-0.0
556	1	I	0.0
556	2	know	6.278276
556	3	who	6.580016
556	4	the	5.056487
556	5	coach	12.526186
556	6	said	9.138858
556	7	the	4.897272
556	8	assistant	13.73425
556	9	believed	13.159837
556	10	he	4.484371
556	11	remembered	14.371391
556	12	the	2.789052
556	13	president	10.802636
556	14	congratulated	20.628532
556	15	the	4.00291
556	16	athletes	10.981919
556	17	over	7.590271
556	18	lunch	11.808377
556	19	.	0.912531
556	20	<eos>	-0.0
557	1	I	0.0
557	2	know	6.278276
557	3	that	2.352433
557	4	the	2.35511
557	5	coach	13.491508
557	6	said	10.004469
557	7	the	3.189495
557	8	assistant	13.529103
557	9	believed	11.922255
557	10	he	3.594095
557	11	remembered	14.393239
557	12	he	6.099131
557	13	noticed	13.889808
557	14	congratulated	25.724524
557	15	the	4.534036
557	16	athletes	8.971417
557	17	over	7.395522
557	18	lunch	13.932568
557	19	.	1.185537
557	20	<eos>	-0.0
558	1	I	0.0
558	2	know	6.278276
558	3	that	2.352433
558	4	the	2.35511
558	5	coach	13.491508
558	6	said	10.004469
558	7	the	3.189495
558	8	assistant	13.529103
558	9	believed	11.922255
558	10	he	3.594095
558	11	remembered	14.393239
558	12	he	6.099131
558	13	noticed	13.889808
558	14	the	2.496539
558	15	president	14.273228
558	16	congratulated	19.551163
558	17	the	4.069757
558	18	athletes	9.50368
558	19	over	7.114895
558	20	lunch	12.115721
558	21	.	1.030073
558	22	<eos>	-0.0
559	1	I	0.0
559	2	know	6.278276
559	3	who	6.580016
559	4	the	5.056487
559	5	coach	12.526186
559	6	said	9.138858
559	7	the	4.897272
559	8	assistant	13.73425
559	9	believed	13.159837
559	10	he	4.484371
559	11	remembered	14.371391
559	12	he	5.914818
559	13	noticed	14.066417
559	14	congratulated	25.037022
559	15	the	4.322539
559	16	athletes	8.947499
559	17	over	7.637762
559	18	lunch	13.806355
559	19	.	0.952983
559	20	<eos>	-0.0
560	1	I	0.0
560	2	know	6.278276
560	3	who	6.580016
560	4	the	5.056487
560	5	coach	12.526186
560	6	said	9.138858
560	7	the	4.897272
560	8	assistant	13.73425
560	9	believed	13.159837
560	10	he	4.484371
560	11	remembered	14.371391
560	12	he	5.914818
560	13	noticed	14.066417
560	14	the	2.917718
560	15	president	13.735724
560	16	congratulated	19.247801
560	17	the	3.935396
560	18	athletes	10.615309
560	19	over	7.369461
560	20	lunch	11.772367
560	21	.	0.890205
560	22	<eos>	-0.0
561	1	You	0.0
561	2	know	6.225534
561	3	that	3.970907
561	4	introduced	18.39765
561	5	his	10.29561
561	6	friends	8.156376
561	7	to	2.043581
561	8	his	4.674754
561	9	family	5.503444
561	10	.	2.069122
561	11	<eos>	-0.0
562	1	You	0.0
562	2	know	6.225534
562	3	that	3.970907
562	4	the	2.063794
562	5	man	8.219696
562	6	introduced	12.602191
562	7	his	4.607611
562	8	friends	8.927073
562	9	to	1.535687
562	10	his	3.686195
562	11	family	5.368348
562	12	.	2.132354
562	13	<eos>	-0.0
563	1	You	0.0
563	2	know	6.225534
563	3	who	7.834128
563	4	introduced	14.209064
563	5	his	6.314425
563	6	friends	10.020742
563	7	to	1.56859
563	8	his	4.500751
563	9	family	5.024312
563	10	.	1.372828
563	11	<eos>	-0.0
564	1	You	0.0
564	2	know	6.225534
564	3	who	7.834128
564	4	the	4.899722
564	5	man	7.080769
564	6	introduced	13.180427
564	7	his	8.299656
564	8	friends	8.98951
564	9	to	1.981834
564	10	his	5.161623
564	11	family	5.160229
564	12	.	1.296293
564	13	<eos>	-0.0
565	1	You	0.0
565	2	know	6.225534
565	3	that	3.970907
565	4	the	2.063794
565	5	woman	10.021988
565	6	said	8.769319
565	7	introduced	18.67989
565	8	his	7.542459
565	9	friends	9.398253
565	10	to	1.384113
565	11	his	4.615003
565	12	family	5.501557
565	13	.	1.947222
565	14	<eos>	-0.0
566	1	You	0.0
566	2	know	6.225534
566	3	that	3.970907
566	4	the	2.063794
566	5	woman	10.021988
566	6	said	8.769319
566	7	the	4.093726
566	8	man	5.765569
566	9	introduced	13.812064
566	10	his	5.296586
566	11	friends	9.796028
566	12	to	1.491312
566	13	his	4.211313
566	14	family	5.320086
566	15	.	1.730495
566	16	<eos>	-0.0
567	1	You	0.0
567	2	know	6.225534
567	3	who	7.834128
567	4	the	4.899722
567	5	woman	9.275633
567	6	said	8.137685
567	7	introduced	17.03764
567	8	his	8.208509
567	9	friends	8.955891
567	10	to	1.585504
567	11	his	4.681917
567	12	family	5.343926
567	13	.	1.370575
567	14	<eos>	-0.0
568	1	You	0.0
568	2	know	6.225534
568	3	who	7.834128
568	4	the	4.899722
568	5	woman	9.275633
568	6	said	8.137685
568	7	the	5.698429
568	8	man	6.107989
568	9	introduced	12.847276
568	10	his	8.413302
568	11	friends	9.027748
568	12	to	1.462173
568	13	his	4.980515
568	14	family	5.103099
568	15	.	1.187808
568	16	<eos>	-0.0
569	1	You	0.0
569	2	know	6.225534
569	3	that	3.970907
569	4	the	2.063794
569	5	woman	10.021988
569	6	said	8.769319
569	7	the	4.093726
569	8	neighbor	14.562593
569	9	thought	9.443845
569	10	introduced	20.233414
569	11	his	6.376465
569	12	friends	9.502596
569	13	to	1.676097
569	14	his	4.551643
569	15	family	5.28601
569	16	.	1.428228
569	17	<eos>	-0.0
570	1	You	0.0
570	2	know	6.225534
570	3	that	3.970907
570	4	the	2.063794
570	5	woman	10.021988
570	6	said	8.769319
570	7	the	4.093726
570	8	neighbor	14.562593
570	9	thought	9.443845
570	10	the	3.736657
570	11	man	6.175142
570	12	introduced	15.366042
570	13	his	5.402109
570	14	friends	10.148089
570	15	to	1.582309
570	16	his	4.181499
570	17	family	5.259268
570	18	.	1.405417
570	19	<eos>	-0.0
571	1	You	0.0
571	2	know	6.225534
571	3	who	7.834128
571	4	the	4.899722
571	5	woman	9.275633
571	6	said	8.137685
571	7	the	5.698429
571	8	neighbor	13.34979
571	9	thought	10.057963
571	10	introduced	18.630444
571	11	his	10.479944
571	12	friends	9.10626
571	13	to	1.840705
571	14	his	5.161725
571	15	family	5.241515
571	16	.	1.245082
571	17	<eos>	-0.0
572	1	You	0.0
572	2	know	6.225534
572	3	who	7.834128
572	4	the	4.899722
572	5	woman	9.275633
572	6	said	8.137685
572	7	the	5.698429
572	8	neighbor	13.34979
572	9	thought	10.057963
572	10	the	6.172292
572	11	man	6.457374
572	12	introduced	14.095805
572	13	his	9.58227
572	14	friends	9.624101
572	15	to	1.352216
572	16	his	5.299644
572	17	family	4.89904
572	18	.	1.043065
572	19	<eos>	-0.0
573	1	You	0.0
573	2	know	6.225534
573	3	that	3.970907
573	4	the	2.063794
573	5	woman	10.021988
573	6	said	8.769319
573	7	the	4.093726
573	8	neighbor	14.562593
573	9	thought	9.443845
573	10	he	3.628174
573	11	recalled	17.519623
573	12	introduced	19.008675
573	13	his	5.150997
573	14	friends	8.191783
573	15	to	1.788686
573	16	his	4.013479
573	17	family	4.935834
573	18	.	1.472971
573	19	<eos>	-0.0
574	1	You	0.0
574	2	know	6.225534
574	3	that	3.970907
574	4	the	2.063794
574	5	woman	10.021988
574	6	said	8.769319
574	7	the	4.093726
574	8	neighbor	14.562593
574	9	thought	9.443845
574	10	he	3.628174
574	11	recalled	17.519623
574	12	the	2.531187
574	13	man	7.123699
574	14	introduced	15.152544
574	15	his	8.125223
574	16	friends	9.551105
574	17	to	1.495528
574	18	his	3.97007
574	19	family	5.561342
574	20	.	1.354728
574	21	<eos>	-0.0
575	1	You	0.0
575	2	know	6.225534
575	3	who	7.834128
575	4	the	4.899722
575	5	woman	9.275633
575	6	said	8.137685
575	7	the	5.698429
575	8	neighbor	13.34979
575	9	thought	10.057963
575	10	he	5.960351
575	11	recalled	16.174072
575	12	introduced	19.12657
575	13	his	7.547258
575	14	friends	8.429245
575	15	to	1.375952
575	16	his	4.50791
575	17	family	5.063466
575	18	.	1.074762
575	19	<eos>	-0.0
576	1	You	0.0
576	2	know	6.225534
576	3	who	7.834128
576	4	the	4.899722
576	5	woman	9.275633
576	6	said	8.137685
576	7	the	5.698429
576	8	neighbor	13.34979
576	9	thought	10.057963
576	10	he	5.960351
576	11	recalled	16.174072
576	12	the	5.52932
576	13	man	8.008626
576	14	introduced	13.28686
576	15	his	10.685942
576	16	friends	9.207336
576	17	to	1.450994
576	18	his	4.793774
576	19	family	5.361936
576	20	.	1.17919
576	21	<eos>	-0.0
577	1	You	0.0
577	2	know	6.225534
577	3	that	3.970907
577	4	the	2.063794
577	5	woman	10.021988
577	6	said	8.769319
577	7	the	4.093726
577	8	neighbor	14.562593
577	9	thought	9.443845
577	10	he	3.628174
577	11	recalled	17.519623
577	12	he	6.583893
577	13	knew	6.899154
577	14	introduced	21.291239
577	15	his	6.016284
577	16	friends	8.451196
577	17	to	1.781919
577	18	his	4.477162
577	19	family	5.146522
577	20	.	1.317984
577	21	<eos>	-0.0
578	1	You	0.0
578	2	know	6.225534
578	3	that	3.970907
578	4	the	2.063794
578	5	woman	10.021988
578	6	said	8.769319
578	7	the	4.093726
578	8	neighbor	14.562593
578	9	thought	9.443845
578	10	he	3.628174
578	11	recalled	17.519623
578	12	he	6.583893
578	13	knew	6.899154
578	14	the	3.29494
578	15	man	5.929324
578	16	introduced	15.004918
578	17	his	4.736692
578	18	friends	9.295752
578	19	to	1.688973
578	20	his	3.74156
578	21	family	5.34181
578	22	.	1.214152
578	23	<eos>	-0.0
579	1	You	0.0
579	2	know	6.225534
579	3	who	7.834128
579	4	the	4.899722
579	5	woman	9.275633
579	6	said	8.137685
579	7	the	5.698429
579	8	neighbor	13.34979
579	9	thought	10.057963
579	10	he	5.960351
579	11	recalled	16.174072
579	12	he	8.964498
579	13	knew	6.502369
579	14	introduced	19.275955
579	15	his	6.722831
579	16	friends	8.791284
579	17	to	1.816324
579	18	his	4.586977
579	19	family	5.049029
579	20	.	1.101663
579	21	<eos>	-0.0
580	1	You	0.0
580	2	know	6.225534
580	3	who	7.834128
580	4	the	4.899722
580	5	woman	9.275633
580	6	said	8.137685
580	7	the	5.698429
580	8	neighbor	13.34979
580	9	thought	10.057963
580	10	he	5.960351
580	11	recalled	16.174072
580	12	he	8.964498
580	13	knew	6.502369
580	14	the	4.310033
580	15	man	6.149209
580	16	introduced	13.694167
580	17	his	5.033673
580	18	friends	8.912405
580	19	to	1.608639
580	20	his	3.958039
580	21	family	5.134289
580	22	.	1.03534
580	23	<eos>	-0.0
581	1	He	0.0
581	2	knows	11.52312
581	3	that	2.297416
581	4	waited	23.431231
581	5	for	1.676161
581	6	her	5.242928
581	7	friend	8.444781
581	8	at	7.952003
581	9	the	1.083922
581	10	bus	11.400342
581	11	stop	2.158456
581	12	.	2.007241
581	13	<eos>	-0.0
582	1	He	0.0
582	2	knows	11.52312
582	3	that	2.297416
582	4	the	2.267236
582	5	woman	9.400251
582	6	waited	15.895609
582	7	for	1.313794
582	8	her	2.985915
582	9	friend	9.542389
582	10	at	7.584496
582	11	the	1.001865
582	12	bus	11.094177
582	13	stop	2.495968
582	14	.	2.036238
582	15	<eos>	-0.0
583	1	He	0.0
583	2	knows	11.52312
583	3	who	6.622077
583	4	waited	17.861757
583	5	for	1.053668
583	6	her	4.693991
583	7	friend	9.690844
583	8	at	7.643227
583	9	the	0.987087
583	10	bus	11.849881
583	11	stop	2.188439
583	12	.	1.565035
583	13	<eos>	-0.0
584	1	He	0.0
584	2	knows	11.52312
584	3	who	6.622077
584	4	the	4.020604
584	5	woman	8.165889
584	6	waited	16.133888
584	7	for	1.334658
584	8	her	4.427075
584	9	friend	7.841459
584	10	at	7.463861
584	11	the	0.93005
584	12	bus	11.932587
584	13	stop	2.652752
584	14	.	1.427309
584	15	<eos>	-0.0
585	1	He	0.0
585	2	knows	11.52312
585	3	that	2.297416
585	4	the	2.267236
585	5	man	6.93631
585	6	believed	11.630658
585	7	waited	22.391531
585	8	for	1.134831
585	9	her	4.419082
585	10	friend	8.506883
585	11	at	7.480248
585	12	the	1.051754
585	13	bus	12.099463
585	14	stop	2.224264
585	15	.	1.904651
585	16	<eos>	-0.0
586	1	He	0.0
586	2	knows	11.52312
586	3	that	2.297416
586	4	the	2.267236
586	5	man	6.93631
586	6	believed	11.630658
586	7	the	3.694243
586	8	woman	8.545039
586	9	waited	16.090473
586	10	for	1.435863
586	11	her	3.214808
586	12	friend	9.817727
586	13	at	7.651716
586	14	the	1.001444
586	15	bus	11.831386
586	16	stop	2.673562
586	17	.	1.782817
586	18	<eos>	-0.0
587	1	He	0.0
587	2	knows	11.52312
587	3	who	6.622077
587	4	the	4.020604
587	5	man	5.863103
587	6	believed	11.256536
587	7	waited	21.140617
587	8	for	1.379343
587	9	her	4.84763
587	10	friend	8.506889
587	11	at	8.216735
587	12	the	0.925412
587	13	bus	12.158522
587	14	stop	2.262158
587	15	.	1.387716
587	16	<eos>	-0.0
588	1	He	0.0
588	2	knows	11.52312
588	3	who	6.622077
588	4	the	4.020604
588	5	man	5.863103
588	6	believed	11.256536
588	7	the	5.331831
588	8	woman	8.050152
588	9	waited	14.735866
588	10	for	1.224439
588	11	her	4.760504
588	12	friend	7.90791
588	13	at	7.606363
588	14	the	0.907955
588	15	bus	12.393616
588	16	stop	2.915991
588	17	.	1.316926
588	18	<eos>	-0.0
589	1	He	0.0
589	2	knows	11.52312
589	3	that	2.297416
589	4	the	2.267236
589	5	man	6.93631
589	6	believed	11.630658
589	7	the	3.694243
589	8	he	13.400775
589	9	concluded	18.417385
589	10	waited	21.290033
589	11	for	1.309479
589	12	her	5.603682
589	13	friend	9.086916
589	14	at	8.066641
589	15	the	1.090067
589	16	bus	12.21769
589	17	stop	2.51497
589	18	.	1.668551
589	19	<eos>	-0.0
590	1	He	0.0
590	2	knows	11.52312
590	3	that	2.297416
590	4	the	2.267236
590	5	man	6.93631
590	6	believed	11.630658
590	7	the	3.694243
590	8	he	13.400775
590	9	concluded	18.417385
590	10	the	2.920257
590	11	woman	11.229294
590	12	waited	15.2925
590	13	for	1.400324
590	14	her	3.339693
590	15	friend	9.819205
590	16	at	7.909255
590	17	the	0.997315
590	18	bus	11.942587
590	19	stop	2.74069
590	20	.	1.539973
590	21	<eos>	-0.0
591	1	He	0.0
591	2	knows	11.52312
591	3	who	6.622077
591	4	the	4.020604
591	5	man	5.863103
591	6	believed	11.256536
591	7	the	5.331831
591	8	he	15.295509
591	9	concluded	18.595989
591	10	waited	21.43191
591	11	for	1.434949
591	12	her	5.602688
591	13	friend	8.703523
591	14	at	8.320191
591	15	the	0.989886
591	16	bus	12.108063
591	17	stop	2.489062
591	18	.	1.524377
591	19	<eos>	-0.0
592	1	He	0.0
592	2	knows	11.52312
592	3	who	6.622077
592	4	the	4.020604
592	5	man	5.863103
592	6	believed	11.256536
592	7	the	5.331831
592	8	he	15.295509
592	9	concluded	18.595989
592	10	the	5.841219
592	11	woman	10.230927
592	12	waited	14.123478
592	13	for	1.085742
592	14	her	5.501971
592	15	friend	8.02664
592	16	at	7.331245
592	17	the	0.972784
592	18	bus	12.557297
592	19	stop	3.031999
592	20	.	1.294011
592	21	<eos>	-0.0
593	1	He	0.0
593	2	knows	11.52312
593	3	that	2.297416
593	4	the	2.267236
593	5	man	6.93631
593	6	believed	11.630658
593	7	the	3.694243
593	8	he	13.400775
593	9	concluded	18.417385
593	10	his	4.282695
593	11	neighbors	16.810833
593	12	had	3.398587
593	13	said	9.843244
593	14	waited	23.341396
593	15	for	1.260915
593	16	her	5.30362
593	17	friend	11.268483
593	18	at	7.728727
593	19	the	0.999969
593	20	bus	11.966362
593	21	stop	2.7013
593	22	.	1.624417
593	23	<eos>	-0.0
594	1	He	0.0
594	2	knows	11.52312
594	3	that	2.297416
594	4	the	2.267236
594	5	man	6.93631
594	6	believed	11.630658
594	7	the	3.694243
594	8	he	13.400775
594	9	concluded	18.417385
594	10	his	4.282695
594	11	neighbors	16.810833
594	12	had	3.398587
594	13	said	9.843244
594	14	the	3.976854
594	15	woman	8.938173
594	16	waited	14.113903
594	17	for	1.306034
594	18	her	3.754669
594	19	friend	10.530414
594	20	at	7.560854
594	21	the	1.01031
594	22	bus	11.379311
594	23	stop	2.91745
594	24	.	1.47821
594	25	<eos>	-0.0
595	1	He	0.0
595	2	knows	11.52312
595	3	who	6.622077
595	4	the	4.020604
595	5	man	5.863103
595	6	believed	11.256536
595	7	the	5.331831
595	8	he	15.295509
595	9	concluded	18.595989
595	10	his	7.449306
595	11	neighbors	13.498126
595	12	had	2.699971
595	13	said	8.939654
595	14	waited	19.303755
595	15	for	1.082779
595	16	her	5.717589
595	17	friend	9.596347
595	18	at	7.726228
595	19	the	0.941347
595	20	bus	11.685646
595	21	stop	2.669008
595	22	.	1.263499
595	23	<eos>	-0.0
596	1	He	0.0
596	2	knows	11.52312
596	3	who	6.622077
596	4	the	4.020604
596	5	man	5.863103
596	6	believed	11.256536
596	7	the	5.331831
596	8	he	15.295509
596	9	concluded	18.595989
596	10	his	7.449306
596	11	neighbors	13.498126
596	12	had	2.699971
596	13	said	8.939654
596	14	the	7.094361
596	15	woman	9.614782
596	16	waited	14.334846
596	17	for	1.153857
596	18	her	5.871514
596	19	friend	8.168673
596	20	at	7.174345
596	21	the	1.001334
596	22	bus	12.348504
596	23	stop	3.294101
596	24	.	1.19639
596	25	<eos>	-0.0
597	1	He	0.0
597	2	knows	11.52312
597	3	that	2.297416
597	4	the	2.267236
597	5	man	6.93631
597	6	believed	11.630658
597	7	the	3.694243
597	8	he	13.400775
597	9	concluded	18.417385
597	10	his	4.282695
597	11	neighbors	16.810833
597	12	had	3.398587
597	13	said	9.843244
597	14	they	3.836619
597	15	saw	8.360681
597	16	waited	22.81571
597	17	for	1.995064
597	18	her	6.571275
597	19	friend	9.027959
597	20	at	7.430929
597	21	the	0.994989
597	22	bus	11.44426
597	23	stop	2.493434
597	24	.	1.431706
597	25	<eos>	-0.0
598	1	He	0.0
598	2	knows	11.52312
598	3	that	2.297416
598	4	the	2.267236
598	5	man	6.93631
598	6	believed	11.630658
598	7	the	3.694243
598	8	he	13.400775
598	9	concluded	18.417385
598	10	his	4.282695
598	11	neighbors	16.810833
598	12	had	3.398587
598	13	said	9.843244
598	14	they	3.836619
598	15	saw	8.360681
598	16	the	2.451736
598	17	woman	8.01137
598	18	waited	16.718597
598	19	for	1.77061
598	20	her	3.641541
598	21	friend	9.933944
598	22	at	7.480453
598	23	the	0.94331
598	24	bus	11.187337
598	25	stop	2.790918
598	26	.	1.293877
598	27	<eos>	-0.0
599	1	He	0.0
599	2	knows	11.52312
599	3	who	6.622077
599	4	the	4.020604
599	5	man	5.863103
599	6	believed	11.256536
599	7	the	5.331831
599	8	he	15.295509
599	9	concluded	18.595989
599	10	his	7.449306
599	11	neighbors	13.498126
599	12	had	2.699971
599	13	said	8.939654
599	14	they	6.969238
599	15	saw	6.929372
599	16	waited	21.246443
599	17	for	1.78142
599	18	her	6.877963
599	19	friend	7.486659
599	20	at	7.392436
599	21	the	0.960597
599	22	bus	11.755006
599	23	stop	2.564072
599	24	.	1.246694
599	25	<eos>	-0.0
600	1	He	0.0
600	2	knows	11.52312
600	3	who	6.622077
600	4	the	4.020604
600	5	man	5.863103
600	6	believed	11.256536
600	7	the	5.331831
600	8	he	15.295509
600	9	concluded	18.595989
600	10	his	7.449306
600	11	neighbors	13.498126
600	12	had	2.699971
600	13	said	8.939654
600	14	they	6.969238
600	15	saw	6.929372
600	16	the	5.995598
600	17	woman	8.242558
600	18	waited	16.942583
600	19	for	2.012428
600	20	her	4.712439
600	21	friend	8.26436
600	22	at	6.848783
600	23	the	0.880115
600	24	bus	11.353898
600	25	stop	3.131253
600	26	.	1.055134
600	27	<eos>	-0.0
601	1	She	0.0
601	2	knows	11.608641
601	3	that	2.279035
601	4	interrogated	23.374289
601	5	the	6.283013
601	6	criminal	9.787585
601	7	last	12.805941
601	8	night	6.115155
601	9	.	1.868461
601	10	<eos>	-0.0
602	1	She	0.0
602	2	knows	11.608641
602	3	that	2.279035
602	4	the	2.521865
602	5	inspectors	18.195784
602	6	interrogated	17.234831
602	7	the	2.912165
602	8	criminal	8.193686
602	9	last	15.202187
602	10	night	6.382137
602	11	.	1.801668
602	12	<eos>	-0.0
603	1	She	0.0
603	2	knows	11.608641
603	3	who	6.4446
603	4	interrogated	20.947767
603	5	the	3.468581
603	6	criminal	9.313828
603	7	last	13.602796
603	8	night	5.375976
603	9	.	1.587193
603	10	<eos>	-0.0
604	1	She	0.0
604	2	knows	11.608641
604	3	who	6.4446
604	4	the	4.386521
604	5	inspectors	18.939186
604	6	interrogated	16.756876
604	7	the	6.096936
604	8	criminal	9.583414
604	9	last	12.393411
604	10	night	4.302625
604	11	.	1.627424
604	12	<eos>	-0.0
605	1	She	0.0
605	2	knows	11.608641
605	3	that	2.279035
605	4	the	2.521865
605	5	police	8.671293
605	6	said	11.493026
605	7	interrogated	22.002916
605	8	the	4.83231
605	9	criminal	7.986666
605	10	last	14.046716
605	11	night	5.540672
605	12	.	1.72485
605	13	<eos>	-0.0
606	1	She	0.0
606	2	knows	11.608641
606	3	that	2.279035
606	4	the	2.521865
606	5	police	8.671293
606	6	said	11.493026
606	7	the	3.27879
606	8	inspectors	15.062418
606	9	interrogated	14.535181
606	10	the	2.984321
606	11	criminal	7.773329
606	12	last	15.473506
606	13	night	5.154253
606	14	.	1.638228
606	15	<eos>	-0.0
607	1	She	0.0
607	2	knows	11.608641
607	3	who	6.4446
607	4	the	4.386521
607	5	police	8.552961
607	6	said	11.06233
607	7	interrogated	22.194813
607	8	the	4.847403
607	9	criminal	8.115103
607	10	last	14.068005
607	11	night	5.002846
607	12	.	1.514688
607	13	<eos>	-0.0
608	1	She	0.0
608	2	knows	11.608641
608	3	who	6.4446
608	4	the	4.386521
608	5	police	8.552961
608	6	said	11.06233
608	7	the	5.427319
608	8	inspectors	15.307302
608	9	interrogated	14.813744
608	10	the	6.509678
608	11	criminal	8.586308
608	12	last	13.730836
608	13	night	4.298365
608	14	.	1.496944
608	15	<eos>	-0.0
609	1	She	0.0
609	2	knows	11.608641
609	3	that	2.279035
609	4	the	2.521865
609	5	police	8.671293
609	6	said	11.493026
609	7	the	3.27879
609	8	detective	10.037692
609	9	believed	9.354922
609	10	interrogated	21.806458
609	11	the	6.415032
609	12	criminal	8.01757
609	13	last	15.416553
609	14	night	4.552722
609	15	.	1.572151
609	16	<eos>	-0.0
610	1	She	0.0
610	2	knows	11.608641
610	3	that	2.279035
610	4	the	2.521865
610	5	police	8.671293
610	6	said	11.493026
610	7	the	3.27879
610	8	detective	10.037692
610	9	believed	9.354922
610	10	the	2.915163
610	11	inspectors	15.102606
610	12	interrogated	14.940001
610	13	the	3.019869
610	14	criminal	6.936953
610	15	last	15.878514
610	16	night	5.218186
610	17	.	1.4653
610	18	<eos>	-0.0
611	1	She	0.0
611	2	knows	11.608641
611	3	who	6.4446
611	4	the	4.386521
611	5	police	8.552961
611	6	said	11.06233
611	7	the	5.427319
611	8	detective	10.120186
611	9	believed	9.412378
611	10	interrogated	22.186899
611	11	the	5.361623
611	12	criminal	7.785061
611	13	last	13.767536
611	14	night	4.277225
611	15	.	1.447004
611	16	<eos>	-0.0
612	1	She	0.0
612	2	knows	11.608641
612	3	who	6.4446
612	4	the	4.386521
612	5	police	8.552961
612	6	said	11.06233
612	7	the	5.427319
612	8	detective	10.120186
612	9	believed	9.412378
612	10	the	4.895038
612	11	inspectors	15.666389
612	12	interrogated	15.19866
612	13	the	4.137496
612	14	criminal	7.108829
612	15	last	14.495216
612	16	night	4.762045
612	17	.	1.406327
612	18	<eos>	-0.0
613	1	She	0.0
613	2	knows	11.608641
613	3	that	2.279035
613	4	the	2.521865
613	5	police	8.671293
613	6	said	11.493026
613	7	the	3.27879
613	8	detective	10.037692
613	9	believed	9.354922
613	10	he	3.830116
613	11	thought	10.818927
613	12	interrogated	21.735102
613	13	the	6.752533
613	14	criminal	7.763894
613	15	last	14.428079
613	16	night	4.018198
613	17	.	1.424063
613	18	<eos>	-0.0
614	1	She	0.0
614	2	knows	11.608641
614	3	that	2.279035
614	4	the	2.521865
614	5	police	8.671293
614	6	said	11.493026
614	7	the	3.27879
614	8	detective	10.037692
614	9	believed	9.354922
614	10	he	3.830116
614	11	thought	10.818927
614	12	the	2.820938
614	13	inspectors	14.674822
614	14	interrogated	15.304649
614	15	the	3.397561
614	16	criminal	6.36201
614	17	last	15.86442
614	18	night	5.235411
614	19	.	1.346264
614	20	<eos>	-0.0
615	1	She	0.0
615	2	knows	11.608641
615	3	who	6.4446
615	4	the	4.386521
615	5	police	8.552961
615	6	said	11.06233
615	7	the	5.427319
615	8	detective	10.120186
615	9	believed	9.412378
615	10	he	5.774267
615	11	thought	11.333594
615	12	interrogated	20.362684
615	13	the	4.700356
615	14	criminal	7.244966
615	15	last	13.897231
615	16	night	4.811258
615	17	.	1.417564
615	18	<eos>	-0.0
616	1	She	0.0
616	2	knows	11.608641
616	3	who	6.4446
616	4	the	4.386521
616	5	police	8.552961
616	6	said	11.06233
616	7	the	5.427319
616	8	detective	10.120186
616	9	believed	9.412378
616	10	he	5.774267
616	11	thought	11.333594
616	12	the	4.950338
616	13	inspectors	15.126323
616	14	interrogated	15.435956
616	15	the	4.897563
616	16	criminal	6.85926
616	17	last	14.725995
616	18	night	4.891349
616	19	.	1.309171
616	20	<eos>	-0.0
617	1	She	0.0
617	2	knows	11.608641
617	3	that	2.279035
617	4	the	2.521865
617	5	police	8.671293
617	6	said	11.493026
617	7	the	3.27879
617	8	detective	10.037692
617	9	believed	9.354922
617	10	he	3.830116
617	11	thought	10.818927
617	12	he	2.987182
617	13	saw	8.998419
617	14	interrogated	23.744112
617	15	the	6.86338
617	16	criminal	7.893733
617	17	last	14.063364
617	18	night	4.153045
617	19	.	1.405126
617	20	<eos>	-0.0
618	1	She	0.0
618	2	knows	11.608641
618	3	that	2.279035
618	4	the	2.521865
618	5	police	8.671293
618	6	said	11.493026
618	7	the	3.27879
618	8	detective	10.037692
618	9	believed	9.354922
618	10	he	3.830116
618	11	thought	10.818927
618	12	he	2.987182
618	13	saw	8.998419
618	14	the	2.242893
618	15	inspectors	16.195633
618	16	interrogated	16.412519
618	17	the	7.296073
618	18	criminal	8.317758
618	19	last	14.103971
618	20	night	4.14854
618	21	.	1.344385
618	22	<eos>	-0.0
619	1	She	0.0
619	2	knows	11.608641
619	3	who	6.4446
619	4	the	4.386521
619	5	police	8.552961
619	6	said	11.06233
619	7	the	5.427319
619	8	detective	10.120186
619	9	believed	9.412378
619	10	he	5.774267
619	11	thought	11.333594
619	12	he	4.779399
619	13	saw	8.360557
619	14	interrogated	23.522308
619	15	the	6.073486
619	16	criminal	7.66195
619	17	last	13.739938
619	18	night	4.411655
619	19	.	1.408762
619	20	<eos>	-0.0
620	1	She	0.0
620	2	knows	11.608641
620	3	who	6.4446
620	4	the	4.386521
620	5	police	8.552961
620	6	said	11.06233
620	7	the	5.427319
620	8	detective	10.120186
620	9	believed	9.412378
620	10	he	5.774267
620	11	thought	11.333594
620	12	he	4.779399
620	13	saw	8.360557
620	14	the	4.210453
620	15	inspectors	16.173979
620	16	interrogated	15.096472
620	17	the	8.421925
620	18	criminal	8.875501
620	19	last	13.373444
620	20	night	4.206511
620	21	.	1.351165
620	22	<eos>	-0.0
621	1	They	0.0
621	2	know	9.486106
621	3	that	2.169621
621	4	thanked	24.1579
621	5	the	4.113953
621	6	tailor	17.140526
621	7	on	7.773555
621	8	the	1.570797
621	9	street	6.750816
621	10	.	2.266382
621	11	<eos>	-0.0
622	1	They	0.0
622	2	know	9.486106
622	3	that	2.169621
622	4	the	1.87231
622	5	old	8.727534
622	6	man	4.021544
622	7	thanked	17.82658
622	8	the	2.531793
622	9	tailor	16.229475
622	10	on	8.349737
622	11	the	1.872369
622	12	street	6.489518
622	13	.	2.182455
622	14	<eos>	-0.0
623	1	They	0.0
623	2	know	9.486106
623	3	who	7.200986
623	4	thanked	18.638805
623	5	the	2.064426
623	6	tailor	17.220343
623	7	on	8.931052
623	8	the	1.801485
623	9	street	7.23672
623	10	.	1.353429
623	11	<eos>	-0.0
624	1	They	0.0
624	2	know	9.486106
624	3	who	7.200986
624	4	the	4.435805
624	5	old	8.518284
624	6	man	2.833038
624	7	thanked	18.323141
624	8	the	4.094289
624	9	tailor	16.526264
624	10	on	8.468251
624	11	the	1.826518
624	12	street	5.907769
624	13	.	1.116656
624	14	<eos>	-0.0
625	1	They	0.0
625	2	know	9.486106
625	3	that	2.169621
625	4	the	1.87231
625	5	nurse	15.349316
625	6	said	9.484548
625	7	thanked	21.675356
625	8	the	2.693953
625	9	tailor	16.007627
625	10	on	8.502975
625	11	the	2.00621
625	12	street	7.882979
625	13	.	2.662372
625	14	<eos>	-0.0
626	1	They	0.0
626	2	know	9.486106
626	3	that	2.169621
626	4	the	1.87231
626	5	nurse	15.349316
626	6	said	9.484548
626	7	the	3.415496
626	8	old	9.875656
626	9	man	2.707866
626	10	thanked	15.939516
626	11	the	2.902577
626	12	tailor	15.168214
626	13	on	8.077868
626	14	the	1.80662
626	15	street	6.538691
626	16	.	1.869185
626	17	<eos>	-0.0
627	1	They	0.0
627	2	know	9.486106
627	3	who	7.200986
627	4	the	4.435805
627	5	nurse	14.006237
627	6	said	8.596837
627	7	thanked	21.838715
627	8	the	3.36718
627	9	tailor	15.043304
627	10	on	8.376343
627	11	the	1.80311
627	12	street	7.371678
627	13	.	1.293329
627	14	<eos>	-0.0
628	1	They	0.0
628	2	know	9.486106
628	3	who	7.200986
628	4	the	4.435805
628	5	nurse	14.006237
628	6	said	8.596837
628	7	the	5.457362
628	8	old	9.671574
628	9	man	3.016515
628	10	thanked	17.263695
628	11	the	4.796905
628	12	tailor	15.928661
628	13	on	7.778988
628	14	the	1.730467
628	15	street	6.195041
628	16	.	1.092779
628	17	<eos>	-0.0
629	1	They	0.0
629	2	know	9.486106
629	3	that	2.169621
629	4	the	1.87231
629	5	nurse	15.349316
629	6	said	9.484548
629	7	the	3.415496
629	8	assistant	13.031377
629	9	knew	8.97716
629	10	thanked	21.760403
629	11	the	2.924015
629	12	tailor	16.200947
629	13	on	8.429058
629	14	the	1.735467
629	15	street	7.67007
629	16	.	1.796956
629	17	<eos>	-0.0
630	1	They	0.0
630	2	know	9.486106
630	3	that	2.169621
630	4	the	1.87231
630	5	nurse	15.349316
630	6	said	9.484548
630	7	the	3.415496
630	8	assistant	13.031377
630	9	knew	8.97716
630	10	the	3.486011
630	11	old	9.780485
630	12	man	2.654954
630	13	thanked	17.95112
630	14	the	3.077422
630	15	tailor	14.860953
630	16	on	8.454434
630	17	the	1.752075
630	18	street	6.981902
630	19	.	1.510294
630	20	<eos>	-0.0
631	1	They	0.0
631	2	know	9.486106
631	3	who	7.200986
631	4	the	4.435805
631	5	nurse	14.006237
631	6	said	8.596837
631	7	the	5.457362
631	8	assistant	13.500447
631	9	knew	10.363278
631	10	thanked	22.216635
631	11	the	4.721817
631	12	tailor	16.342186
631	13	on	8.676424
631	14	the	1.677747
631	15	street	6.728805
631	16	.	0.971319
631	17	<eos>	-0.0
632	1	They	0.0
632	2	know	9.486106
632	3	who	7.200986
632	4	the	4.435805
632	5	nurse	14.006237
632	6	said	8.596837
632	7	the	5.457362
632	8	assistant	13.500447
632	9	knew	10.363278
632	10	the	4.757461
632	11	old	9.75656
632	12	man	3.003982
632	13	thanked	18.51605
632	14	the	5.922953
632	15	tailor	15.764426
632	16	on	7.939107
632	17	the	1.717637
632	18	street	6.354327
632	19	.	0.984673
632	20	<eos>	-0.0
633	1	They	0.0
633	2	know	9.486106
633	3	that	2.169621
633	4	the	1.87231
633	5	nurse	15.349316
633	6	said	9.484548
633	7	the	3.415496
633	8	assistant	13.031377
633	9	knew	8.97716
633	10	she	4.521582
633	11	saw	9.135511
633	12	thanked	22.913799
633	13	the	3.717564
633	14	tailor	16.557119
633	15	on	7.143024
633	16	the	1.624977
633	17	street	6.500618
633	18	.	1.496703
633	19	<eos>	-0.0
634	1	They	0.0
634	2	know	9.486106
634	3	that	2.169621
634	4	the	1.87231
634	5	nurse	15.349316
634	6	said	9.484548
634	7	the	3.415496
634	8	assistant	13.031377
634	9	knew	8.97716
634	10	she	4.521582
634	11	saw	9.135511
634	12	the	2.342586
634	13	old	9.10722
634	14	man	1.969306
634	15	thanked	18.050468
634	16	the	2.968512
634	17	tailor	15.104698
634	18	on	7.691098
634	19	the	1.855391
634	20	street	6.531237
634	21	.	1.48005
634	22	<eos>	-0.0
635	1	They	0.0
635	2	know	9.486106
635	3	who	7.200986
635	4	the	4.435805
635	5	nurse	14.006237
635	6	said	8.596837
635	7	the	5.457362
635	8	assistant	13.500447
635	9	knew	10.363278
635	10	she	7.185827
635	11	saw	8.061423
635	12	thanked	24.092306
635	13	the	4.037264
635	14	tailor	17.007521
635	15	on	7.24502
635	16	the	1.595394
635	17	street	6.682285
635	18	.	1.106647
635	19	<eos>	-0.0
636	1	They	0.0
636	2	know	9.486106
636	3	who	7.200986
636	4	the	4.435805
636	5	nurse	14.006237
636	6	said	8.596837
636	7	the	5.457362
636	8	assistant	13.500447
636	9	knew	10.363278
636	10	she	7.185827
636	11	saw	8.061423
636	12	the	4.797471
636	13	old	9.123753
636	14	man	2.162726
636	15	thanked	18.316559
636	16	the	3.402303
636	17	tailor	15.36052
636	18	on	7.742846
636	19	the	1.686635
636	20	street	6.385351
636	21	.	1.150993
636	22	<eos>	-0.0
637	1	They	0.0
637	2	know	9.486106
637	3	that	2.169621
637	4	the	1.87231
637	5	nurse	15.349316
637	6	said	9.484548
637	7	the	3.415496
637	8	assistant	13.031377
637	9	knew	8.97716
637	10	she	4.521582
637	11	saw	9.135511
637	12	he	11.702902
637	13	noticed	11.593026
637	14	thanked	22.796488
637	15	the	6.961695
637	16	tailor	15.802396
637	17	on	7.415703
637	18	the	1.598183
637	19	street	6.690288
637	20	.	1.55113
637	21	<eos>	-0.0
638	1	They	0.0
638	2	know	9.486106
638	3	that	2.169621
638	4	the	1.87231
638	5	nurse	15.349316
638	6	said	9.484548
638	7	the	3.415496
638	8	assistant	13.031377
638	9	knew	8.97716
638	10	she	4.521582
638	11	saw	9.135511
638	12	he	11.702902
638	13	noticed	11.593026
638	14	the	2.287743
638	15	old	9.163997
638	16	man	2.142611
638	17	thanked	18.603525
638	18	the	3.381359
638	19	tailor	15.152836
638	20	on	8.203239
638	21	the	1.759529
638	22	street	6.534836
638	23	.	1.318342
638	24	<eos>	-0.0
639	1	They	0.0
639	2	know	9.486106
639	3	who	7.200986
639	4	the	4.435805
639	5	nurse	14.006237
639	6	said	8.596837
639	7	the	5.457362
639	8	assistant	13.500447
639	9	knew	10.363278
639	10	she	7.185827
639	11	saw	8.061423
639	12	he	11.83828
639	13	noticed	10.180963
639	14	thanked	22.44846
639	15	the	4.668303
639	16	tailor	15.828939
639	17	on	7.613503
639	18	the	1.607327
639	19	street	6.410538
639	20	.	1.199719
639	21	<eos>	-0.0
640	1	They	0.0
640	2	know	9.486106
640	3	who	7.200986
640	4	the	4.435805
640	5	nurse	14.006237
640	6	said	8.596837
640	7	the	5.457362
640	8	assistant	13.500447
640	9	knew	10.363278
640	10	she	7.185827
640	11	saw	8.061423
640	12	he	11.83828
640	13	noticed	10.180963
640	14	the	4.363586
640	15	old	8.89545
640	16	man	2.791867
640	17	thanked	18.252903
640	18	the	3.716472
640	19	tailor	15.432581
640	20	on	7.971618
640	21	the	1.68214
640	22	street	6.234278
640	23	.	1.11944
640	24	<eos>	-0.0
641	1	He	0.0
641	2	reported	10.835539
641	3	that	1.868976
641	4	reassured	21.502514
641	5	the	1.622431
641	6	patient	10.642817
641	7	before	10.516643
641	8	surgery	12.091168
641	9	.	2.79882
641	10	<eos>	-0.0
642	1	He	0.0
642	2	reported	10.835539
642	3	that	1.868976
642	4	the	2.223669
642	5	doctor	11.944619
642	6	reassured	14.799515
642	7	the	2.019172
642	8	patient	5.448261
642	9	before	12.126484
642	10	surgery	11.092014
642	11	.	2.405229
642	12	<eos>	-0.0
643	1	He	0.0
643	2	reported	10.835539
643	3	who	12.096594
643	4	reassured	14.749391
643	5	the	1.207745
643	6	patient	12.576395
643	7	before	10.344916
643	8	surgery	13.718024
643	9	.	1.626301
643	10	<eos>	-0.0
644	1	He	0.0
644	2	reported	10.835539
644	3	who	12.096594
644	4	the	7.066419
644	5	doctor	11.119875
644	6	reassured	14.31915
644	7	the	2.617802
644	8	patient	6.455134
644	9	before	8.366671
644	10	surgery	11.495582
644	11	.	1.461318
644	12	<eos>	-0.0
645	1	He	0.0
645	2	reported	10.835539
645	3	that	1.868976
645	4	the	2.223669
645	5	nurse	15.892121
645	6	believed	8.027464
645	7	reassured	21.489321
645	8	the	1.596768
645	9	patient	5.312074
645	10	before	10.486541
645	11	surgery	10.500982
645	12	.	2.334037
645	13	<eos>	-0.0
646	1	He	0.0
646	2	reported	10.835539
646	3	that	1.868976
646	4	the	2.223669
646	5	nurse	15.892121
646	6	believed	8.027464
646	7	the	3.095429
646	8	doctor	7.07002
646	9	reassured	15.64215
646	10	the	2.056801
646	11	patient	3.989394
646	12	before	11.082987
646	13	surgery	10.00707
646	14	.	2.066365
646	15	<eos>	-0.0
647	1	He	0.0
647	2	reported	10.835539
647	3	who	12.096594
647	4	the	7.066419
647	5	nurse	13.47795
647	6	believed	7.818784
647	7	reassured	19.453161
647	8	the	2.073758
647	9	patient	6.536649
647	10	before	9.435503
647	11	surgery	11.52292
647	12	.	1.218644
647	13	<eos>	-0.0
648	1	He	0.0
648	2	reported	10.835539
648	3	who	12.096594
648	4	the	7.066419
648	5	nurse	13.47795
648	6	believed	7.818784
648	7	the	4.722638
648	8	doctor	8.04127
648	9	reassured	16.401205
648	10	the	2.465356
648	11	patient	4.389833
648	12	before	9.067441
648	13	surgery	10.248093
648	14	.	1.13921
648	15	<eos>	-0.0
649	1	He	0.0
649	2	reported	10.835539
649	3	that	1.868976
649	4	the	2.223669
649	5	nurse	15.892121
649	6	believed	8.027464
649	7	the	3.095429
649	8	woman	7.415483
649	9	thought	13.29788
649	10	reassured	18.220661
649	11	the	5.085859
649	12	patient	5.765428
649	13	before	8.064896
649	14	surgery	11.140616
649	15	.	1.866104
649	16	<eos>	-0.0
650	1	He	0.0
650	2	reported	10.835539
650	3	that	1.868976
650	4	the	2.223669
650	5	nurse	15.892121
650	6	believed	8.027464
650	7	the	3.095429
650	8	woman	7.415483
650	9	thought	13.29788
650	10	the	3.952072
650	11	doctor	8.55373
650	12	reassured	16.760958
650	13	the	2.093699
650	14	patient	4.921718
650	15	before	10.327617
650	16	surgery	10.408359
650	17	.	1.140122
650	18	<eos>	-0.0
651	1	He	0.0
651	2	reported	10.835539
651	3	who	12.096594
651	4	the	7.066419
651	5	nurse	13.47795
651	6	believed	7.818784
651	7	the	4.722638
651	8	woman	8.04246
651	9	thought	12.555925
651	10	reassured	18.024162
651	11	the	2.458832
651	12	patient	7.316636
651	13	before	8.507461
651	14	surgery	11.375981
651	15	.	1.020129
651	16	<eos>	-0.0
652	1	He	0.0
652	2	reported	10.835539
652	3	who	12.096594
652	4	the	7.066419
652	5	nurse	13.47795
652	6	believed	7.818784
652	7	the	4.722638
652	8	woman	8.04246
652	9	thought	12.555925
652	10	the	4.973783
652	11	doctor	9.14626
652	12	reassured	16.083408
652	13	the	2.420764
652	14	patient	5.316727
652	15	before	9.955611
652	16	surgery	10.775272
652	17	.	1.009445
652	18	<eos>	-0.0
653	1	He	0.0
653	2	reported	10.835539
653	3	that	1.868976
653	4	the	2.223669
653	5	nurse	15.892121
653	6	believed	8.027464
653	7	the	3.095429
653	8	woman	7.415483
653	9	thought	13.29788
653	10	she	4.288048
653	11	recalled	18.39193
653	12	reassured	20.635521
653	13	the	2.075057
653	14	patient	6.889874
653	15	before	9.592432
653	16	surgery	11.938013
653	17	.	1.432756
653	18	<eos>	-0.0
654	1	He	0.0
654	2	reported	10.835539
654	3	that	1.868976
654	4	the	2.223669
654	5	nurse	15.892121
654	6	believed	8.027464
654	7	the	3.095429
654	8	woman	7.415483
654	9	thought	13.29788
654	10	she	4.288048
654	11	recalled	18.39193
654	12	the	2.507024
654	13	doctor	9.358582
654	14	reassured	17.097013
654	15	the	2.372591
654	16	patient	5.195158
654	17	before	11.302661
654	18	surgery	10.803788
654	19	.	1.223893
654	20	<eos>	-0.0
655	1	He	0.0
655	2	reported	10.835539
655	3	who	12.096594
655	4	the	7.066419
655	5	nurse	13.47795
655	6	believed	7.818784
655	7	the	4.722638
655	8	woman	8.04246
655	9	thought	12.555925
655	10	she	4.466629
655	11	recalled	17.978472
655	12	reassured	20.888491
655	13	the	2.045667
655	14	patient	7.280468
655	15	before	8.596428
655	16	surgery	12.300863
655	17	.	1.141547
655	18	<eos>	-0.0
656	1	He	0.0
656	2	reported	10.835539
656	3	who	12.096594
656	4	the	7.066419
656	5	nurse	13.47795
656	6	believed	7.818784
656	7	the	4.722638
656	8	woman	8.04246
656	9	thought	12.555925
656	10	she	4.466629
656	11	recalled	17.978472
656	12	the	2.603192
656	13	doctor	9.530753
656	14	reassured	17.094076
656	15	the	2.427719
656	16	patient	5.283947
656	17	before	11.146276
656	18	surgery	11.015861
656	19	.	1.063138
656	20	<eos>	-0.0
657	1	He	0.0
657	2	reported	10.835539
657	3	that	1.868976
657	4	the	2.223669
657	5	nurse	15.892121
657	6	believed	8.027464
657	7	the	3.095429
657	8	woman	7.415483
657	9	thought	13.29788
657	10	she	4.288048
657	11	recalled	18.39193
657	12	she	6.438337
657	13	noticed	12.22014
657	14	reassured	21.468
657	15	the	3.552172
657	16	patient	5.552819
657	17	before	7.685013
657	18	surgery	10.74582
657	19	.	1.402837
657	20	<eos>	-0.0
658	1	He	0.0
658	2	reported	10.835539
658	3	that	1.868976
658	4	the	2.223669
658	5	nurse	15.892121
658	6	believed	8.027464
658	7	the	3.095429
658	8	woman	7.415483
658	9	thought	13.29788
658	10	she	4.288048
658	11	recalled	18.39193
658	12	she	6.438337
658	13	noticed	12.22014
658	14	the	2.635779
658	15	doctor	9.983773
658	16	reassured	16.037151
658	17	the	2.474005
658	18	patient	4.472625
658	19	before	10.965033
658	20	surgery	10.509119
658	21	.	1.022714
658	22	<eos>	-0.0
659	1	He	0.0
659	2	reported	10.835539
659	3	who	12.096594
659	4	the	7.066419
659	5	nurse	13.47795
659	6	believed	7.818784
659	7	the	4.722638
659	8	woman	8.04246
659	9	thought	12.555925
659	10	she	4.466629
659	11	recalled	17.978472
659	12	she	6.731373
659	13	noticed	11.943957
659	14	reassured	21.376509
659	15	the	3.446717
659	16	patient	6.049585
659	17	before	7.39302
659	18	surgery	11.108128
659	19	.	1.228247
659	20	<eos>	-0.0
660	1	He	0.0
660	2	reported	10.835539
660	3	who	12.096594
660	4	the	7.066419
660	5	nurse	13.47795
660	6	believed	7.818784
660	7	the	4.722638
660	8	woman	8.04246
660	9	thought	12.555925
660	10	she	4.466629
660	11	recalled	17.978472
660	12	she	6.731373
660	13	noticed	11.943957
660	14	the	2.507774
660	15	doctor	10.100984
660	16	reassured	16.273436
660	17	the	2.517021
660	18	patient	4.621468
660	19	before	10.92831
660	20	surgery	10.697276
660	21	.	0.915857
660	22	<eos>	-0.0
661	1	We	0.0
661	2	discovered	12.537792
661	3	that	1.756949
661	4	told	16.319828
661	5	a	5.649523
661	6	story	5.554689
661	7	about	3.089525
661	8	the	1.490066
661	9	woman	10.292445
661	10	.	4.822376
661	11	<eos>	-0.0
662	1	We	0.0
662	2	discovered	12.537792
662	3	that	1.756949
662	4	the	1.860101
662	5	funny	18.870544
662	6	actor	12.646926
662	7	told	9.38768
662	8	a	5.646233
662	9	story	2.920812
662	10	about	2.739577
662	11	the	1.857205
662	12	woman	10.160981
662	13	.	4.18273
662	14	<eos>	-0.0
663	1	We	0.0
663	2	discovered	12.537792
663	3	who	10.118311
663	4	told	8.687201
663	5	a	5.889358
663	6	story	4.1213
663	7	about	2.496302
663	8	the	1.430432
663	9	woman	10.516195
663	10	.	4.054462
663	11	<eos>	-0.0
664	1	We	0.0
664	2	discovered	12.537792
664	3	who	10.118311
664	4	the	6.893994
664	5	funny	18.6555
664	6	actor	11.452281
664	7	told	8.321908
664	8	a	6.766353
664	9	story	3.724913
664	10	about	2.839776
664	11	the	2.059367
664	12	woman	9.728116
664	13	.	3.279377
664	14	<eos>	-0.0
665	1	We	0.0
665	2	discovered	12.537792
665	3	that	1.756949
665	4	the	1.860101
665	5	delivery	14.887162
665	6	boy	13.712483
665	7	remarked	14.782109
665	8	told	15.633743
665	9	a	4.274664
665	10	story	5.546908
665	11	about	2.872832
665	12	the	1.66685
665	13	woman	9.63178
665	14	.	4.535946
665	15	<eos>	-0.0
666	1	We	0.0
666	2	discovered	12.537792
666	3	that	1.756949
666	4	the	1.860101
666	5	delivery	14.887162
666	6	boy	13.712483
666	7	remarked	14.782109
666	8	the	5.388022
666	9	funny	15.493434
666	10	actor	11.107391
666	11	told	8.627124
666	12	a	6.005342
666	13	story	3.55371
666	14	about	2.718681
666	15	the	1.838963
666	16	woman	9.801369
666	17	.	3.685202
666	18	<eos>	-0.0
667	1	We	0.0
667	2	discovered	12.537792
667	3	who	10.118311
667	4	the	6.893994
667	5	delivery	16.538965
667	6	boy	10.798576
667	7	remarked	14.130383
667	8	told	13.081489
667	9	a	5.614849
667	10	story	5.364758
667	11	about	2.963638
667	12	the	1.735256
667	13	woman	9.733782
667	14	.	3.646684
667	15	<eos>	-0.0
668	1	We	0.0
668	2	discovered	12.537792
668	3	who	10.118311
668	4	the	6.893994
668	5	delivery	16.538965
668	6	boy	10.798576
668	7	remarked	14.130383
668	8	the	6.466647
668	9	funny	15.388526
668	10	actor	11.828994
668	11	told	9.032721
668	12	a	6.739867
668	13	story	3.898314
668	14	about	2.867697
668	15	the	2.153553
668	16	woman	9.965272
668	17	.	3.212417
668	18	<eos>	-0.0
669	1	We	0.0
669	2	discovered	12.537792
669	3	that	1.756949
669	4	the	1.860101
669	5	delivery	14.887162
669	6	boy	13.712483
669	7	remarked	14.782109
669	8	the	5.388022
669	9	worker	13.930721
669	10	said	10.551138
669	11	told	13.39463
669	12	a	5.356245
669	13	story	5.182931
669	14	about	3.222341
669	15	the	1.716166
669	16	woman	9.271218
669	17	.	4.17319
669	18	<eos>	-0.0
670	1	We	0.0
670	2	discovered	12.537792
670	3	that	1.756949
670	4	the	1.860101
670	5	delivery	14.887162
670	6	boy	13.712483
670	7	remarked	14.782109
670	8	the	5.388022
670	9	worker	13.930721
670	10	said	10.551138
670	11	the	4.252443
670	12	funny	17.035049
670	13	actor	11.430465
670	14	told	7.637231
670	15	a	6.062496
670	16	story	3.868554
670	17	about	2.79268
670	18	the	1.850239
670	19	woman	9.535921
670	20	.	3.507495
670	21	<eos>	-0.0
671	1	We	0.0
671	2	discovered	12.537792
671	3	who	10.118311
671	4	the	6.893994
671	5	delivery	16.538965
671	6	boy	10.798576
671	7	remarked	14.130383
671	8	the	6.466647
671	9	worker	14.784228
671	10	said	9.718903
671	11	told	11.181469
671	12	a	5.726736
671	13	story	4.737377
671	14	about	3.248287
671	15	the	1.704397
671	16	woman	9.556876
671	17	.	3.647534
671	18	<eos>	-0.0
672	1	We	0.0
672	2	discovered	12.537792
672	3	who	10.118311
672	4	the	6.893994
672	5	delivery	16.538965
672	6	boy	10.798576
672	7	remarked	14.130383
672	8	the	6.466647
672	9	worker	14.784228
672	10	said	9.718903
672	11	the	6.103292
672	12	funny	17.202381
672	13	actor	11.773772
672	14	told	7.408055
672	15	a	6.482107
672	16	story	3.881792
672	17	about	2.855081
672	18	the	2.05935
672	19	woman	9.739957
672	20	.	3.108915
672	21	<eos>	-0.0
673	1	We	0.0
673	2	discovered	12.537792
673	3	that	1.756949
673	4	the	1.860101
673	5	delivery	14.887162
673	6	boy	13.712483
673	7	remarked	14.782109
673	8	the	5.388022
673	9	worker	13.930721
673	10	said	10.551138
673	11	the	4.252443
673	12	gardener	15.026314
673	13	knew	7.521698
673	14	told	15.6905
673	15	a	4.746224
673	16	story	6.037851
673	17	about	2.069187
673	18	the	1.740419
673	19	woman	8.837966
673	20	.	3.684322
673	21	<eos>	-0.0
674	1	We	0.0
674	2	discovered	12.537792
674	3	that	1.756949
674	4	the	1.860101
674	5	delivery	14.887162
674	6	boy	13.712483
674	7	remarked	14.782109
674	8	the	5.388022
674	9	worker	13.930721
674	10	said	10.551138
674	11	the	4.252443
674	12	gardener	15.026314
674	13	knew	7.521698
674	14	the	3.729409
674	15	funny	16.648836
674	16	actor	12.158314
674	17	told	10.230232
674	18	a	6.424825
674	19	story	4.277449
674	20	about	2.782049
674	21	the	1.868577
674	22	woman	9.252586
674	23	.	3.107212
674	24	<eos>	-0.0
675	1	We	0.0
675	2	discovered	12.537792
675	3	who	10.118311
675	4	the	6.893994
675	5	delivery	16.538965
675	6	boy	10.798576
675	7	remarked	14.130383
675	8	the	6.466647
675	9	worker	14.784228
675	10	said	9.718903
675	11	the	6.103292
675	12	gardener	15.565272
675	13	knew	7.292695
675	14	told	13.923846
675	15	a	5.857509
675	16	story	5.743856
675	17	about	2.385318
675	18	the	1.799743
675	19	woman	9.012757
675	20	.	3.210288
675	21	<eos>	-0.0
676	1	We	0.0
676	2	discovered	12.537792
676	3	who	10.118311
676	4	the	6.893994
676	5	delivery	16.538965
676	6	boy	10.798576
676	7	remarked	14.130383
676	8	the	6.466647
676	9	worker	14.784228
676	10	said	9.718903
676	11	the	6.103292
676	12	gardener	15.565272
676	13	knew	7.292695
676	14	the	6.41191
676	15	funny	16.675508
676	16	actor	12.911332
676	17	told	9.937772
676	18	a	6.74769
676	19	story	4.364877
676	20	about	2.593575
676	21	the	2.2161
676	22	woman	9.520109
676	23	.	3.006461
676	24	<eos>	-0.0
677	1	We	0.0
677	2	discovered	12.537792
677	3	that	1.756949
677	4	the	1.860101
677	5	delivery	14.887162
677	6	boy	13.712483
677	7	remarked	14.782109
677	8	the	5.388022
677	9	worker	13.930721
677	10	said	10.551138
677	11	the	4.252443
677	12	gardener	15.026314
677	13	knew	7.521698
677	14	the	3.729409
677	15	maid	14.824997
677	16	remembers	16.592257
677	17	told	15.199397
677	18	a	6.079069
677	19	story	6.452344
677	20	about	2.782905
677	21	the	1.745587
677	22	woman	6.868393
677	23	.	3.594772
677	24	<eos>	-0.0
678	1	We	0.0
678	2	discovered	12.537792
678	3	that	1.756949
678	4	the	1.860101
678	5	delivery	14.887162
678	6	boy	13.712483
678	7	remarked	14.782109
678	8	the	5.388022
678	9	worker	13.930721
678	10	said	10.551138
678	11	the	4.252443
678	12	gardener	15.026314
678	13	knew	7.521698
678	14	the	3.729409
678	15	maid	14.824997
678	16	remembers	16.592257
678	17	the	2.732196
678	18	funny	15.432507
678	19	actor	13.087219
678	20	told	10.415008
678	21	a	5.224055
678	22	story	4.596824
678	23	about	3.429501
678	24	the	1.783521
678	25	woman	7.20526
678	26	.	3.131714
678	27	<eos>	-0.0
679	1	We	0.0
679	2	discovered	12.537792
679	3	who	10.118311
679	4	the	6.893994
679	5	delivery	16.538965
679	6	boy	10.798576
679	7	remarked	14.130383
679	8	the	6.466647
679	9	worker	14.784228
679	10	said	9.718903
679	11	the	6.103292
679	12	gardener	15.565272
679	13	knew	7.292695
679	14	the	6.41191
679	15	maid	13.16785
679	16	remembers	16.268532
679	17	told	14.491586
679	18	a	6.689534
679	19	story	5.403937
679	20	about	3.609313
679	21	the	1.842475
679	22	woman	7.041615
679	23	.	3.138136
679	24	<eos>	-0.0
680	1	We	0.0
680	2	discovered	12.537792
680	3	who	10.118311
680	4	the	6.893994
680	5	delivery	16.538965
680	6	boy	10.798576
680	7	remarked	14.130383
680	8	the	6.466647
680	9	worker	14.784228
680	10	said	9.718903
680	11	the	6.103292
680	12	gardener	15.565272
680	13	knew	7.292695
680	14	the	6.41191
680	15	maid	13.16785
680	16	remembers	16.268532
680	17	the	5.611995
680	18	funny	16.413023
680	19	actor	13.426918
680	20	told	10.190307
680	21	a	5.623083
680	22	story	4.478274
680	23	about	3.306627
680	24	the	1.772524
680	25	woman	7.533045
680	26	.	3.052692
680	27	<eos>	-0.0
681	1	They	0.0
681	2	reported	10.412453
681	3	that	1.780984
681	4	abandoned	17.679937
681	5	the	6.575497
681	6	children	10.664682
681	7	on	7.282368
681	8	the	1.180108
681	9	side	7.469662
681	10	of	0.527939
681	11	the	0.474655
681	12	road	5.83752
681	13	.	5.901903
681	14	<eos>	-0.0
682	1	They	0.0
682	2	reported	10.412453
682	3	that	1.780984
682	4	the	1.89322
682	5	woman	10.361056
682	6	abandoned	12.541416
682	7	the	1.366229
682	8	children	9.267721
682	9	on	6.86543
682	10	the	1.407651
682	11	side	8.31679
682	12	of	0.566158
682	13	the	0.756925
682	14	road	5.763258
682	15	.	1.943703
682	16	<eos>	-0.0
683	1	They	0.0
683	2	reported	10.412453
683	3	who	11.821813
683	4	abandoned	12.076037
683	5	the	1.055142
683	6	children	10.56727
683	7	on	6.301353
683	8	the	1.355198
683	9	side	8.304611
683	10	of	0.597259
683	11	the	0.523392
683	12	road	6.51478
683	13	.	1.589776
683	14	<eos>	-0.0
684	1	They	0.0
684	2	reported	10.412453
684	3	who	11.821813
684	4	the	7.229744
684	5	woman	10.843506
684	6	abandoned	11.479923
684	7	the	3.339971
684	8	children	8.655084
684	9	on	7.097768
684	10	the	1.309488
684	11	side	8.214026
684	12	of	0.691888
684	13	the	0.725065
684	14	road	5.662575
684	15	.	1.535317
684	16	<eos>	-0.0
685	1	They	0.0
685	2	reported	10.412453
685	3	that	1.780984
685	4	the	1.89322
685	5	man	9.066194
685	6	claimed	9.762106
685	7	abandoned	14.92267
685	8	the	2.718606
685	9	children	9.113387
685	10	on	6.496335
685	11	the	1.505749
685	12	side	8.241572
685	13	of	0.514554
685	14	the	0.688226
685	15	road	5.993198
685	16	.	1.886432
685	17	<eos>	-0.0
686	1	They	0.0
686	2	reported	10.412453
686	3	that	1.780984
686	4	the	1.89322
686	5	man	9.066194
686	6	claimed	9.762106
686	7	the	4.313329
686	8	woman	10.159692
686	9	abandoned	11.389415
686	10	the	1.825032
686	11	children	9.356604
686	12	on	6.89527
686	13	the	1.429072
686	14	side	8.455507
686	15	of	0.672654
686	16	the	0.718943
686	17	road	5.820256
686	18	.	1.789686
686	19	<eos>	-0.0
687	1	They	0.0
687	2	reported	10.412453
687	3	who	11.821813
687	4	the	7.229744
687	5	man	8.530405
687	6	claimed	7.967816
687	7	abandoned	14.897329
687	8	the	3.017936
687	9	children	9.996334
687	10	on	6.47953
687	11	the	1.365391
687	12	side	8.232299
687	13	of	0.67284
687	14	the	0.62741
687	15	road	6.143126
687	16	.	1.484377
687	17	<eos>	-0.0
688	1	They	0.0
688	2	reported	10.412453
688	3	who	11.821813
688	4	the	7.229744
688	5	man	8.530405
688	6	claimed	7.967816
688	7	the	5.755399
688	8	woman	10.228609
688	9	abandoned	12.273998
688	10	the	5.668646
688	11	children	8.723015
688	12	on	7.766016
688	13	the	1.245639
688	14	side	7.963165
688	15	of	0.76343
688	16	the	0.655315
688	17	road	5.543052
688	18	.	1.278554
688	19	<eos>	-0.0
689	1	They	0.0
689	2	reported	10.412453
689	3	that	1.780984
689	4	the	1.89322
689	5	man	9.066194
689	6	claimed	9.762106
689	7	his	6.439161
689	8	friend	8.787395
689	9	believed	10.630734
689	10	abandoned	19.295109
689	11	the	4.164231
689	12	children	8.067491
689	13	on	6.528137
689	14	the	1.340126
689	15	side	7.640684
689	16	of	0.636462
689	17	the	0.702509
689	18	road	6.507646
689	19	.	1.537884
689	20	<eos>	-0.0
690	1	They	0.0
690	2	reported	10.412453
690	3	that	1.780984
690	4	the	1.89322
690	5	man	9.066194
690	6	claimed	9.762106
690	7	his	6.439161
690	8	friend	8.787395
690	9	believed	10.630734
690	10	the	3.650414
690	11	woman	8.981297
690	12	abandoned	11.010775
690	13	the	1.908006
690	14	children	8.558217
690	15	on	7.056957
690	16	the	1.45852
690	17	side	8.196187
690	18	of	0.726818
690	19	the	0.773639
690	20	road	6.213056
690	21	.	1.518844
690	22	<eos>	-0.0
691	1	They	0.0
691	2	reported	10.412453
691	3	who	11.821813
691	4	the	7.229744
691	5	man	8.530405
691	6	claimed	7.967816
691	7	his	8.510571
691	8	friend	8.914406
691	9	believed	8.889361
691	10	abandoned	16.698591
691	11	the	6.011041
691	12	children	8.926437
691	13	on	7.639225
691	14	the	1.206951
691	15	side	7.543352
691	16	of	0.71118
691	17	the	0.592652
691	18	road	6.439387
691	19	.	1.037578
691	20	<eos>	-0.0
692	1	They	0.0
692	2	reported	10.412453
692	3	who	11.821813
692	4	the	7.229744
692	5	man	8.530405
692	6	claimed	7.967816
692	7	his	8.510571
692	8	friend	8.914406
692	9	believed	8.889361
692	10	the	5.130508
692	11	woman	9.270539
692	12	abandoned	11.797099
692	13	the	4.577181
692	14	children	8.53979
692	15	on	7.810356
692	16	the	1.232085
692	17	side	7.907942
692	18	of	0.744256
692	19	the	0.682185
692	20	road	5.845137
692	21	.	1.117888
692	22	<eos>	-0.0
693	1	They	0.0
693	2	reported	10.412453
693	3	that	1.780984
693	4	the	1.89322
693	5	man	9.066194
693	6	claimed	9.762106
693	7	his	6.439161
693	8	friend	8.787395
693	9	believed	10.630734
693	10	he	2.807325
693	11	knew	7.862577
693	12	abandoned	17.216417
693	13	the	4.436596
693	14	children	8.775588
693	15	on	7.527385
693	16	the	1.4092
693	17	side	8.385908
693	18	of	0.669589
693	19	the	0.660978
693	20	road	6.036358
693	21	.	1.206287
693	22	<eos>	-0.0
694	1	They	0.0
694	2	reported	10.412453
694	3	that	1.780984
694	4	the	1.89322
694	5	man	9.066194
694	6	claimed	9.762106
694	7	his	6.439161
694	8	friend	8.787395
694	9	believed	10.630734
694	10	he	2.807325
694	11	knew	7.862577
694	12	the	2.6214
694	13	woman	8.62933
694	14	abandoned	12.569284
694	15	the	1.973602
694	16	children	8.342906
694	17	on	7.3973
694	18	the	1.381625
694	19	side	8.137917
694	20	of	0.761156
694	21	the	0.713192
694	22	road	6.308625
694	23	.	1.149745
694	24	<eos>	-0.0
695	1	They	0.0
695	2	reported	10.412453
695	3	who	11.821813
695	4	the	7.229744
695	5	man	8.530405
695	6	claimed	7.967816
695	7	his	8.510571
695	8	friend	8.914406
695	9	believed	8.889361
695	10	he	4.597615
695	11	knew	6.585114
695	12	abandoned	16.901545
695	13	the	4.662667
695	14	children	9.360706
695	15	on	7.415477
695	16	the	1.271509
695	17	side	7.669398
695	18	of	0.797931
695	19	the	0.666074
695	20	road	6.013654
695	21	.	0.912895
695	22	<eos>	-0.0
696	1	They	0.0
696	2	reported	10.412453
696	3	who	11.821813
696	4	the	7.229744
696	5	man	8.530405
696	6	claimed	7.967816
696	7	his	8.510571
696	8	friend	8.914406
696	9	believed	8.889361
696	10	he	4.597615
696	11	knew	6.585114
696	12	the	4.817988
696	13	woman	8.425832
696	14	abandoned	12.885551
696	15	the	4.598135
696	16	children	8.660698
696	17	on	8.124292
696	18	the	1.177351
696	19	side	7.747142
696	20	of	0.909987
696	21	the	0.648507
696	22	road	5.99602
696	23	.	0.909577
696	24	<eos>	-0.0
697	1	They	0.0
697	2	reported	10.412453
697	3	that	1.780984
697	4	the	1.89322
697	5	man	9.066194
697	6	claimed	9.762106
697	7	his	6.439161
697	8	friend	8.787395
697	9	believed	10.630734
697	10	he	2.807325
697	11	knew	7.862577
697	12	the	2.6214
697	13	man	6.304944
697	14	saw	10.804879
697	15	abandoned	17.093319
697	16	the	4.590388
697	17	children	9.06771
697	18	on	6.881147
697	19	the	1.335635
697	20	side	7.840853
697	21	of	0.627321
697	22	the	0.642363
697	23	road	5.921824
697	24	.	1.067655
697	25	<eos>	-0.0
698	1	They	0.0
698	2	reported	10.412453
698	3	that	1.780984
698	4	the	1.89322
698	5	man	9.066194
698	6	claimed	9.762106
698	7	his	6.439161
698	8	friend	8.787395
698	9	believed	10.630734
698	10	he	2.807325
698	11	knew	7.862577
698	12	the	2.6214
698	13	man	6.304944
698	14	saw	10.804879
698	15	the	2.388687
698	16	woman	6.92196
698	17	abandoned	12.655625
698	18	the	2.610953
698	19	children	9.060312
698	20	on	6.952065
698	21	the	1.341039
698	22	side	7.931302
698	23	of	0.789904
698	24	the	0.719818
698	25	road	5.89618
698	26	.	1.237866
698	27	<eos>	-0.0
699	1	They	0.0
699	2	reported	10.412453
699	3	who	11.821813
699	4	the	7.229744
699	5	man	8.530405
699	6	claimed	7.967816
699	7	his	8.510571
699	8	friend	8.914406
699	9	believed	8.889361
699	10	he	4.597615
699	11	knew	6.585114
699	12	the	4.817988
699	13	man	6.139818
699	14	saw	9.557349
699	15	abandoned	17.42247
699	16	the	6.588957
699	17	children	9.592422
699	18	on	6.577693
699	19	the	1.249064
699	20	side	7.471446
699	21	of	0.728642
699	22	the	0.627074
699	23	road	5.569463
699	24	.	0.971893
699	25	<eos>	-0.0
700	1	They	0.0
700	2	reported	10.412453
700	3	who	11.821813
700	4	the	7.229744
700	5	man	8.530405
700	6	claimed	7.967816
700	7	his	8.510571
700	8	friend	8.914406
700	9	believed	8.889361
700	10	he	4.597615
700	11	knew	6.585114
700	12	the	4.817988
700	13	man	6.139818
700	14	saw	9.557349
700	15	the	5.741269
700	16	woman	7.33795
700	17	abandoned	13.405676
700	18	the	6.941998
700	19	children	9.356833
700	20	on	7.164551
700	21	the	1.26616
700	22	side	7.703776
700	23	of	0.914947
700	24	the	0.686595
700	25	road	5.41376
700	26	.	1.040089
700	27	<eos>	-0.0
701	1	They	0.0
701	2	recalled	12.997755
701	3	that	3.338919
701	4	promoted	18.963192
701	5	the	4.881988
701	6	secretary	16.024942
701	7	last	16.722296
701	8	week	6.780952
701	9	.	2.957867
701	10	<eos>	-0.0
702	1	They	0.0
702	2	recalled	12.997755
702	3	that	3.338919
702	4	the	2.030145
702	5	executive	13.134362
702	6	promoted	14.773543
702	7	the	1.240014
702	8	secretary	15.555509
702	9	last	17.405415
702	10	week	6.804274
702	11	.	3.294967
702	12	<eos>	-0.0
703	1	They	0.0
703	2	recalled	12.997755
703	3	who	10.332471
703	4	promoted	12.590431
703	5	the	1.353599
703	6	secretary	16.760115
703	7	last	16.556183
703	8	week	6.962572
703	9	.	2.665879
703	10	<eos>	-0.0
704	1	They	0.0
704	2	recalled	12.997755
704	3	who	10.332471
704	4	the	6.027031
704	5	executive	12.541368
704	6	promoted	13.338241
704	7	the	2.995131
704	8	secretary	14.881366
704	9	last	16.991167
704	10	week	7.110057
704	11	.	2.172566
704	12	<eos>	-0.0
705	1	They	0.0
705	2	recalled	12.997755
705	3	that	3.338919
705	4	the	2.030145
705	5	journalist	13.485086
705	6	believed	7.979033
705	7	promoted	20.662035
705	8	the	3.053178
705	9	secretary	15.083241
705	10	last	17.084051
705	11	week	6.815053
705	12	.	3.076912
705	13	<eos>	-0.0
706	1	They	0.0
706	2	recalled	12.997755
706	3	that	3.338919
706	4	the	2.030145
706	5	journalist	13.485086
706	6	believed	7.979033
706	7	the	3.037402
706	8	executive	13.40249
706	9	promoted	15.186994
706	10	the	1.577895
706	11	secretary	15.803483
706	12	last	17.975533
706	13	week	7.051378
706	14	.	3.001361
706	15	<eos>	-0.0
707	1	They	0.0
707	2	recalled	12.997755
707	3	who	10.332471
707	4	the	6.027031
707	5	journalist	12.36129
707	6	believed	7.516238
707	7	promoted	18.075731
707	8	the	4.156674
707	9	secretary	15.987852
707	10	last	16.966736
707	11	week	6.436304
707	12	.	2.446177
707	13	<eos>	-0.0
708	1	They	0.0
708	2	recalled	12.997755
708	3	who	10.332471
708	4	the	6.027031
708	5	journalist	12.36129
708	6	believed	7.516238
708	7	the	4.799472
708	8	executive	13.667272
708	9	promoted	16.056152
708	10	the	2.923381
708	11	secretary	15.573955
708	12	last	17.554888
708	13	week	6.921667
708	14	.	2.154223
708	15	<eos>	-0.0
709	1	They	0.0
709	2	recalled	12.997755
709	3	that	3.338919
709	4	the	2.030145
709	5	journalist	13.485086
709	6	believed	7.979033
709	7	the	3.037402
709	8	transcript	15.067469
709	9	stated	12.335481
709	10	promoted	20.653692
709	11	the	1.823832
709	12	secretary	15.41638
709	13	last	16.777079
709	14	week	5.518693
709	15	.	3.05279
709	16	<eos>	-0.0
710	1	They	0.0
710	2	recalled	12.997755
710	3	that	3.338919
710	4	the	2.030145
710	5	journalist	13.485086
710	6	believed	7.979033
710	7	the	3.037402
710	8	transcript	15.067469
710	9	stated	12.335481
710	10	the	4.754131
710	11	executive	12.855974
710	12	promoted	17.270273
710	13	the	1.296228
710	14	secretary	14.709858
710	15	last	17.126278
710	16	week	5.785001
710	17	.	2.5927
710	18	<eos>	-0.0
711	1	They	0.0
711	2	recalled	12.997755
711	3	who	10.332471
711	4	the	6.027031
711	5	journalist	12.36129
711	6	believed	7.516238
711	7	the	4.799472
711	8	transcript	16.581964
711	9	stated	13.569575
711	10	promoted	19.699495
711	11	the	4.232947
711	12	secretary	15.171295
711	13	last	16.035295
711	14	week	5.347285
711	15	.	2.284559
711	16	<eos>	-0.0
712	1	They	0.0
712	2	recalled	12.997755
712	3	who	10.332471
712	4	the	6.027031
712	5	journalist	12.36129
712	6	believed	7.516238
712	7	the	4.799472
712	8	transcript	16.581964
712	9	stated	13.569575
712	10	the	6.595182
712	11	executive	13.850712
712	12	promoted	17.324478
712	13	the	2.302806
712	14	secretary	13.978751
712	15	last	16.955952
712	16	week	5.724235
712	17	.	2.033541
712	18	<eos>	-0.0
713	1	They	0.0
713	2	recalled	12.997755
713	3	that	3.338919
713	4	the	2.030145
713	5	journalist	13.485086
713	6	believed	7.979033
713	7	the	3.037402
713	8	transcript	15.067469
713	9	stated	12.335481
713	10	he	6.945508
713	11	knew	6.344458
713	12	promoted	23.193855
713	13	the	2.029752
713	14	secretary	15.237207
713	15	last	16.636292
713	16	week	5.780078
713	17	.	2.496465
713	18	<eos>	-0.0
714	1	They	0.0
714	2	recalled	12.997755
714	3	that	3.338919
714	4	the	2.030145
714	5	journalist	13.485086
714	6	believed	7.979033
714	7	the	3.037402
714	8	transcript	15.067469
714	9	stated	12.335481
714	10	he	6.945508
714	11	knew	6.344458
714	12	the	2.833753
714	13	executive	13.983077
714	14	promoted	18.955553
714	15	the	1.471591
714	16	secretary	14.852648
714	17	last	16.938835
714	18	week	5.94416
714	19	.	2.26919
714	20	<eos>	-0.0
715	1	They	0.0
715	2	recalled	12.997755
715	3	who	10.332471
715	4	the	6.027031
715	5	journalist	12.36129
715	6	believed	7.516238
715	7	the	4.799472
715	8	transcript	16.581964
715	9	stated	13.569575
715	10	he	7.831147
715	11	knew	5.855851
715	12	promoted	22.540375
715	13	the	2.49785
715	14	secretary	15.942764
715	15	last	15.907256
715	16	week	5.343946
715	17	.	2.002343
715	18	<eos>	-0.0
716	1	They	0.0
716	2	recalled	12.997755
716	3	who	10.332471
716	4	the	6.027031
716	5	journalist	12.36129
716	6	believed	7.516238
716	7	the	4.799472
716	8	transcript	16.581964
716	9	stated	13.569575
716	10	he	7.831147
716	11	knew	5.855851
716	12	the	4.079556
716	13	executive	14.062938
716	14	promoted	18.974527
716	15	the	1.694784
716	16	secretary	14.483278
716	17	last	16.844551
716	18	week	5.887955
716	19	.	1.977464
716	20	<eos>	-0.0
717	1	They	0.0
717	2	recalled	12.997755
717	3	that	3.338919
717	4	the	2.030145
717	5	journalist	13.485086
717	6	believed	7.979033
717	7	the	3.037402
717	8	transcript	15.067469
717	9	stated	12.335481
717	10	he	6.945508
717	11	knew	6.344458
717	12	the	2.833753
717	13	man	8.365924
717	14	noticed	13.678563
717	15	promoted	24.99416
717	16	the	3.272988
717	17	secretary	15.62958
717	18	last	17.379177
717	19	week	6.003266
717	20	.	1.969022
717	21	<eos>	-0.0
718	1	They	0.0
718	2	recalled	12.997755
718	3	that	3.338919
718	4	the	2.030145
718	5	journalist	13.485086
718	6	believed	7.979033
718	7	the	3.037402
718	8	transcript	15.067469
718	9	stated	12.335481
718	10	he	6.945508
718	11	knew	6.344458
718	12	the	2.833753
718	13	man	8.365924
718	14	noticed	13.678563
718	15	the	2.537721
718	16	executive	15.366565
718	17	promoted	18.656843
718	18	the	2.738563
718	19	secretary	14.001308
718	20	last	17.231514
718	21	week	5.925493
718	22	.	1.827113
718	23	<eos>	-0.0
719	1	They	0.0
719	2	recalled	12.997755
719	3	who	10.332471
719	4	the	6.027031
719	5	journalist	12.36129
719	6	believed	7.516238
719	7	the	4.799472
719	8	transcript	16.581964
719	9	stated	13.569575
719	10	he	7.831147
719	11	knew	5.855851
719	12	the	4.079556
719	13	man	7.81029
719	14	noticed	12.26965
719	15	promoted	25.041313
719	16	the	3.503529
719	17	secretary	15.126928
719	18	last	17.293262
719	19	week	5.871134
719	20	.	1.737494
719	21	<eos>	-0.0
720	1	They	0.0
720	2	recalled	12.997755
720	3	who	10.332471
720	4	the	6.027031
720	5	journalist	12.36129
720	6	believed	7.516238
720	7	the	4.799472
720	8	transcript	16.581964
720	9	stated	13.569575
720	10	he	7.831147
720	11	knew	5.855851
720	12	the	4.079556
720	13	man	7.81029
720	14	noticed	12.26965
720	15	the	2.725291
720	16	executive	15.437944
720	17	promoted	18.871029
720	18	the	4.224757
720	19	secretary	13.013782
720	20	last	17.224195
720	21	week	5.732779
720	22	.	1.546675
720	23	<eos>	-0.0
721	1	We	0.0
721	2	recalled	14.266203
721	3	that	3.365684
721	4	divorced	18.436426
721	5	his	12.711727
721	6	wife	2.083694
721	7	last	15.111059
721	8	week	5.534518
721	9	.	2.348104
721	10	<eos>	-0.0
722	1	We	0.0
722	2	recalled	14.266203
722	3	that	3.365684
722	4	the	2.013075
722	5	millionaire	17.650484
722	6	divorced	15.065306
722	7	his	4.511855
722	8	wife	2.025578
722	9	last	16.436024
722	10	week	4.437605
722	11	.	2.318079
722	12	<eos>	-0.0
723	1	We	0.0
723	2	recalled	14.266203
723	3	who	8.667806
723	4	divorced	13.755429
723	5	his	5.193017
723	6	wife	2.194152
723	7	last	14.591267
723	8	week	4.683644
723	9	.	2.083733
723	10	<eos>	-0.0
724	1	We	0.0
724	2	recalled	14.266203
724	3	who	8.667806
724	4	the	5.621344
724	5	millionaire	15.128337
724	6	divorced	15.05638
724	7	his	5.419474
724	8	wife	2.304835
724	9	last	15.439162
724	10	week	4.838569
724	11	.	1.91093
724	12	<eos>	-0.0
725	1	We	0.0
725	2	recalled	14.266203
725	3	that	3.365684
725	4	the	2.013075
725	5	woman	10.282034
725	6	said	7.758842
725	7	divorced	18.07489
725	8	his	8.909991
725	9	wife	2.297917
725	10	last	14.289752
725	11	week	4.663681
725	12	.	1.712274
725	13	<eos>	-0.0
726	1	We	0.0
726	2	recalled	14.266203
726	3	that	3.365684
726	4	the	2.013075
726	5	woman	10.282034
726	6	said	7.758842
726	7	the	4.221791
726	8	millionaire	18.818251
726	9	divorced	14.279381
726	10	his	5.890851
726	11	wife	2.058868
726	12	last	15.960605
726	13	week	4.403148
726	14	.	1.873902
726	15	<eos>	-0.0
727	1	We	0.0
727	2	recalled	14.266203
727	3	who	8.667806
727	4	the	5.621344
727	5	woman	9.473618
727	6	said	7.360786
727	7	divorced	17.029053
727	8	his	7.770929
727	9	wife	2.213024
727	10	last	14.899453
727	11	week	4.67908
727	12	.	1.647117
727	13	<eos>	-0.0
728	1	We	0.0
728	2	recalled	14.266203
728	3	who	8.667806
728	4	the	5.621344
728	5	woman	9.473618
728	6	said	7.360786
728	7	the	5.541314
728	8	millionaire	17.172794
728	9	divorced	14.055695
728	10	his	5.980294
728	11	wife	1.703208
728	12	last	15.792794
728	13	week	4.625011
728	14	.	1.683619
728	15	<eos>	-0.0
729	1	We	0.0
729	2	recalled	14.266203
729	3	that	3.365684
729	4	the	2.013075
729	5	woman	10.282034
729	6	said	7.758842
729	7	she	3.109019
729	8	thought	6.54405
729	9	divorced	18.550163
729	10	his	9.05715
729	11	wife	2.548677
729	12	last	15.284492
729	13	week	5.151085
729	14	.	1.594244
729	15	<eos>	-0.0
730	1	We	0.0
730	2	recalled	14.266203
730	3	that	3.365684
730	4	the	2.013075
730	5	woman	10.282034
730	6	said	7.758842
730	7	she	3.109019
730	8	thought	6.54405
730	9	the	3.253229
730	10	millionaire	18.523922
730	11	divorced	16.083841
730	12	his	7.215972
730	13	wife	2.985328
730	14	last	16.781078
730	15	week	4.370949
730	16	.	1.597123
730	17	<eos>	-0.0
731	1	We	0.0
731	2	recalled	14.266203
731	3	who	8.667806
731	4	the	5.621344
731	5	woman	9.473618
731	6	said	7.360786
731	7	she	4.36665
731	8	thought	6.408864
731	9	divorced	17.326595
731	10	his	8.142947
731	11	wife	2.806068
731	12	last	15.854244
731	13	week	5.044454
731	14	.	1.555046
731	15	<eos>	-0.0
732	1	We	0.0
732	2	recalled	14.266203
732	3	who	8.667806
732	4	the	5.621344
732	5	woman	9.473618
732	6	said	7.360786
732	7	she	4.36665
732	8	thought	6.408864
732	9	the	4.254049
732	10	millionaire	17.594353
732	11	divorced	15.982693
732	12	his	6.968959
732	13	wife	2.51743
732	14	last	16.527679
732	15	week	4.474715
732	16	.	1.530124
732	17	<eos>	-0.0
733	1	We	0.0
733	2	recalled	14.266203
733	3	that	3.365684
733	4	the	2.013075
733	5	woman	10.282034
733	6	said	7.758842
733	7	she	3.109019
733	8	thought	6.54405
733	9	she	2.364424
733	10	knew	7.116776
733	11	divorced	19.61623
733	12	his	8.893043
733	13	wife	1.95346
733	14	last	15.349435
733	15	week	4.00656
733	16	.	1.583569
733	17	<eos>	-0.0
734	1	We	0.0
734	2	recalled	14.266203
734	3	that	3.365684
734	4	the	2.013075
734	5	woman	10.282034
734	6	said	7.758842
734	7	she	3.109019
734	8	thought	6.54405
734	9	she	2.364424
734	10	knew	7.116776
734	11	the	3.311177
734	12	millionaire	18.649271
734	13	divorced	17.308689
734	14	his	7.020017
734	15	wife	1.948019
734	16	last	15.867586
734	17	week	3.923645
734	18	.	1.530723
734	19	<eos>	-0.0
735	1	We	0.0
735	2	recalled	14.266203
735	3	who	8.667806
735	4	the	5.621344
735	5	woman	9.473618
735	6	said	7.360786
735	7	she	4.36665
735	8	thought	6.408864
735	9	she	3.1349
735	10	knew	6.554276
735	11	divorced	19.361532
735	12	his	8.941077
735	13	wife	2.416629
735	14	last	15.298135
735	15	week	4.033032
735	16	.	1.538755
735	17	<eos>	-0.0
736	1	We	0.0
736	2	recalled	14.266203
736	3	who	8.667806
736	4	the	5.621344
736	5	woman	9.473618
736	6	said	7.360786
736	7	she	4.36665
736	8	thought	6.408864
736	9	she	3.1349
736	10	knew	6.554276
736	11	the	3.675821
736	12	millionaire	18.164843
736	13	divorced	16.454168
736	14	his	6.978908
736	15	wife	1.842969
736	16	last	15.671088
736	17	week	4.137619
736	18	.	1.490192
736	19	<eos>	-0.0
737	1	We	0.0
737	2	recalled	14.266203
737	3	that	3.365684
737	4	the	2.013075
737	5	woman	10.282034
737	6	said	7.758842
737	7	she	3.109019
737	8	thought	6.54405
737	9	she	2.364424
737	10	knew	7.116776
737	11	he	5.195337
737	12	saw	9.24599
737	13	divorced	17.481699
737	14	his	10.601471
737	15	wife	1.064055
737	16	last	15.476226
737	17	week	4.700233
737	18	.	1.473297
737	19	<eos>	-0.0
738	1	We	0.0
738	2	recalled	14.266203
738	3	that	3.365684
738	4	the	2.013075
738	5	woman	10.282034
738	6	said	7.758842
738	7	she	3.109019
738	8	thought	6.54405
738	9	she	2.364424
738	10	knew	7.116776
738	11	he	5.195337
738	12	saw	9.24599
738	13	the	2.346333
738	14	millionaire	17.511669
738	15	divorced	17.317894
738	16	his	7.84387
738	17	wife	2.405413
738	18	last	16.015829
738	19	week	4.439833
738	20	.	1.545864
738	21	<eos>	-0.0
739	1	We	0.0
739	2	recalled	14.266203
739	3	who	8.667806
739	4	the	5.621344
739	5	woman	9.473618
739	6	said	7.360786
739	7	she	4.36665
739	8	thought	6.408864
739	9	she	3.1349
739	10	knew	6.554276
739	11	he	5.737662
739	12	saw	8.80716
739	13	divorced	17.700214
739	14	his	10.506495
739	15	wife	1.236781
739	16	last	15.489141
739	17	week	4.820032
739	18	.	1.427218
739	19	<eos>	-0.0
740	1	We	0.0
740	2	recalled	14.266203
740	3	who	8.667806
740	4	the	5.621344
740	5	woman	9.473618
740	6	said	7.360786
740	7	she	4.36665
740	8	thought	6.408864
740	9	she	3.1349
740	10	knew	6.554276
740	11	he	5.737662
740	12	saw	8.80716
740	13	the	2.460603
740	14	millionaire	17.405838
740	15	divorced	16.931242
740	16	his	7.920742
740	17	wife	2.291355
740	18	last	16.126419
740	19	week	4.540744
740	20	.	1.517133
740	21	<eos>	-0.0
741	1	He	0.0
741	2	recalled	11.830338
741	3	that	2.828473
741	4	frightened	19.215256
741	5	the	6.802762
741	6	protesters	10.96752
741	7	over	9.873146
741	8	the	1.097065
741	9	weekend	10.76777
741	10	.	3.645343
741	11	<eos>	-0.0
742	1	He	0.0
742	2	recalled	11.830338
742	3	that	2.828473
742	4	the	2.424241
742	5	police	8.775201
742	6	frightened	15.649859
742	7	the	3.266283
742	8	protesters	6.905597
742	9	over	7.99706
742	10	the	1.055442
742	11	weekend	9.181887
742	12	.	1.827712
742	13	<eos>	-0.0
743	1	He	0.0
743	2	recalled	11.830338
743	3	who	10.627078
743	4	frightened	14.952953
743	5	the	2.877017
743	6	protesters	11.331443
743	7	over	7.929402
743	8	the	1.338923
743	9	weekend	9.005201
743	10	.	1.508101
743	11	<eos>	-0.0
744	1	He	0.0
744	2	recalled	11.830338
744	3	who	10.627078
744	4	the	5.534445
744	5	police	7.564179
744	6	frightened	14.629554
744	7	the	4.456732
744	8	protesters	8.508391
744	9	over	7.723206
744	10	the	2.013121
744	11	weekend	9.003527
744	12	.	1.616033
744	13	<eos>	-0.0
745	1	He	0.0
745	2	recalled	11.830338
745	3	that	2.828473
745	4	the	2.424241
745	5	inspector	15.160929
745	6	believed	8.391364
745	7	frightened	20.693796
745	8	the	5.880044
745	9	protesters	9.915224
745	10	over	10.202315
745	11	the	1.182126
745	12	weekend	10.96449
745	13	.	1.884333
745	14	<eos>	-0.0
746	1	He	0.0
746	2	recalled	11.830338
746	3	that	2.828473
746	4	the	2.424241
746	5	inspector	15.160929
746	6	believed	8.391364
746	7	the	3.057616
746	8	police	7.438522
746	9	frightened	16.897697
746	10	the	2.709922
746	11	protesters	6.454492
746	12	over	8.467973
746	13	the	1.084991
746	14	weekend	9.195754
746	15	.	1.48605
746	16	<eos>	-0.0
747	1	He	0.0
747	2	recalled	11.830338
747	3	who	10.627078
747	4	the	5.534445
747	5	inspector	13.418629
747	6	believed	7.693312
747	7	frightened	18.634491
747	8	the	3.739508
747	9	protesters	10.196975
747	10	over	8.910417
747	11	the	1.131354
747	12	weekend	9.412013
747	13	.	1.246968
747	14	<eos>	-0.0
748	1	He	0.0
748	2	recalled	11.830338
748	3	who	10.627078
748	4	the	5.534445
748	5	inspector	13.418629
748	6	believed	7.693312
748	7	the	4.391393
748	8	police	7.507843
748	9	frightened	16.128809
748	10	the	3.179681
748	11	protesters	6.665117
748	12	over	8.394865
748	13	the	1.032781
748	14	weekend	9.385714
748	15	.	1.300668
748	16	<eos>	-0.0
749	1	He	0.0
749	2	recalled	11.830338
749	3	that	2.828473
749	4	the	2.424241
749	5	inspector	15.160929
749	6	believed	8.391364
749	7	the	3.057616
749	8	detective	13.220379
749	9	concluded	16.099051
749	10	frightened	21.512352
749	11	the	6.376907
749	12	protesters	10.004841
749	13	over	8.966771
749	14	the	1.183166
749	15	weekend	10.742365
749	16	.	1.409954
749	17	<eos>	-0.0
750	1	He	0.0
750	2	recalled	11.830338
750	3	that	2.828473
750	4	the	2.424241
750	5	inspector	15.160929
750	6	believed	8.391364
750	7	the	3.057616
750	8	detective	13.220379
750	9	concluded	16.099051
750	10	the	3.53861
750	11	police	6.891437
750	12	frightened	17.937439
750	13	the	3.471148
750	14	protesters	7.477986
750	15	over	8.347146
750	16	the	1.046295
750	17	weekend	9.777343
750	18	.	1.308459
750	19	<eos>	-0.0
751	1	He	0.0
751	2	recalled	11.830338
751	3	who	10.627078
751	4	the	5.534445
751	5	inspector	13.418629
751	6	believed	7.693312
751	7	the	4.391393
751	8	detective	13.572674
751	9	concluded	16.340487
751	10	frightened	20.709444
751	11	the	6.415851
751	12	protesters	10.596129
751	13	over	8.973479
751	14	the	1.287603
751	15	weekend	10.965754
751	16	.	1.171408
751	17	<eos>	-0.0
752	1	He	0.0
752	2	recalled	11.830338
752	3	who	10.627078
752	4	the	5.534445
752	5	inspector	13.418629
752	6	believed	7.693312
752	7	the	4.391393
752	8	detective	13.572674
752	9	concluded	16.340487
752	10	the	3.539853
752	11	police	6.953598
752	12	frightened	17.332373
752	13	the	3.823387
752	14	protesters	7.50913
752	15	over	8.332011
752	16	the	1.060054
752	17	weekend	10.053954
752	18	.	1.134701
752	19	<eos>	-0.0
753	1	He	0.0
753	2	recalled	11.830338
753	3	that	2.828473
753	4	the	2.424241
753	5	inspector	15.160929
753	6	believed	8.391364
753	7	the	3.057616
753	8	detective	13.220379
753	9	concluded	16.099051
753	10	he	4.672995
753	11	knew	6.097704
753	12	frightened	21.017923
753	13	the	5.483231
753	14	protesters	10.647354
753	15	over	8.730036
753	16	the	1.275792
753	17	weekend	10.301083
753	18	.	1.235338
753	19	<eos>	-0.0
754	1	He	0.0
754	2	recalled	11.830338
754	3	that	2.828473
754	4	the	2.424241
754	5	inspector	15.160929
754	6	believed	8.391364
754	7	the	3.057616
754	8	detective	13.220379
754	9	concluded	16.099051
754	10	he	4.672995
754	11	knew	6.097704
754	12	the	2.596953
754	13	police	5.728426
754	14	frightened	17.251698
754	15	the	3.280334
754	16	protesters	7.712929
754	17	over	8.171895
754	18	the	1.076135
754	19	weekend	9.88442
754	20	.	1.158122
754	21	<eos>	-0.0
755	1	He	0.0
755	2	recalled	11.830338
755	3	who	10.627078
755	4	the	5.534445
755	5	inspector	13.418629
755	6	believed	7.693312
755	7	the	4.391393
755	8	detective	13.572674
755	9	concluded	16.340487
755	10	he	4.469669
755	11	knew	5.615284
755	12	frightened	20.839802
755	13	the	5.400161
755	14	protesters	10.930025
755	15	over	8.722115
755	16	the	1.315498
755	17	weekend	10.32356
755	18	.	1.067982
755	19	<eos>	-0.0
756	1	He	0.0
756	2	recalled	11.830338
756	3	who	10.627078
756	4	the	5.534445
756	5	inspector	13.418629
756	6	believed	7.693312
756	7	the	4.391393
756	8	detective	13.572674
756	9	concluded	16.340487
756	10	he	4.469669
756	11	knew	5.615284
756	12	the	2.678362
756	13	police	5.618829
756	14	frightened	16.974339
756	15	the	3.564704
756	16	protesters	7.792728
756	17	over	8.178375
756	18	the	1.08603
756	19	weekend	9.93176
756	20	.	1.051986
756	21	<eos>	-0.0
757	1	He	0.0
757	2	recalled	11.830338
757	3	that	2.828473
757	4	the	2.424241
757	5	inspector	15.160929
757	6	believed	8.391364
757	7	the	3.057616
757	8	detective	13.220379
757	9	concluded	16.099051
757	10	he	4.672995
757	11	knew	6.097704
757	12	the	2.596953
757	13	witness	9.75991
757	14	saw	11.543747
757	15	frightened	21.0795
757	16	the	8.742704
757	17	protesters	10.164763
757	18	over	8.847816
757	19	the	1.407523
757	20	weekend	13.083253
757	21	.	1.292165
757	22	<eos>	-0.0
758	1	He	0.0
758	2	recalled	11.830338
758	3	that	2.828473
758	4	the	2.424241
758	5	inspector	15.160929
758	6	believed	8.391364
758	7	the	3.057616
758	8	detective	13.220379
758	9	concluded	16.099051
758	10	he	4.672995
758	11	knew	6.097704
758	12	the	2.596953
758	13	witness	9.75991
758	14	saw	11.543747
758	15	the	2.123545
758	16	police	5.174665
758	17	frightened	17.888586
758	18	the	3.313961
758	19	protesters	7.247855
758	20	over	7.52669
758	21	the	1.234056
758	22	weekend	11.312783
758	23	.	1.216912
758	24	<eos>	-0.0
759	1	He	0.0
759	2	recalled	11.830338
759	3	who	10.627078
759	4	the	5.534445
759	5	inspector	13.418629
759	6	believed	7.693312
759	7	the	4.391393
759	8	detective	13.572674
759	9	concluded	16.340487
759	10	he	4.469669
759	11	knew	5.615284
759	12	the	2.678362
759	13	witness	9.919215
759	14	saw	11.214545
759	15	frightened	20.929724
759	16	the	8.642077
759	17	protesters	10.194608
759	18	over	8.892551
759	19	the	1.395169
759	20	weekend	13.103475
759	21	.	1.164467
759	22	<eos>	-0.0
760	1	He	0.0
760	2	recalled	11.830338
760	3	who	10.627078
760	4	the	5.534445
760	5	inspector	13.418629
760	6	believed	7.693312
760	7	the	4.391393
760	8	detective	13.572674
760	9	concluded	16.340487
760	10	he	4.469669
760	11	knew	5.615284
760	12	the	2.678362
760	13	witness	9.919215
760	14	saw	11.214545
760	15	the	2.203452
760	16	police	5.169327
760	17	frightened	17.72023
760	18	the	3.467093
760	19	protesters	7.226613
760	20	over	7.476763
760	21	the	1.2451
760	22	weekend	11.372643
760	23	.	1.127313
760	24	<eos>	-0.0
761	1	I	0.0
761	2	know	6.278276
761	3	that	2.352433
761	4	assassinated	24.277567
761	5	the	5.708386
761	6	politician	11.461208
761	7	yesterday	17.043373
761	8	night	12.948414
761	9	.	1.887573
761	10	<eos>	-0.0
762	1	I	0.0
762	2	know	6.278276
762	3	that	2.352433
762	4	the	2.35511
762	5	spy	16.144245
762	6	assassinated	18.327927
762	7	the	2.934141
762	8	politician	11.916221
762	9	yesterday	17.346275
762	10	night	13.455392
762	11	.	1.226984
762	12	<eos>	-0.0
763	1	I	0.0
763	2	know	6.278276
763	3	who	6.580016
763	4	assassinated	19.055618
763	5	the	2.257681
763	6	politician	11.528832
763	7	yesterday	16.542747
763	8	night	14.393538
763	9	.	1.169424
763	10	<eos>	-0.0
764	1	I	0.0
764	2	know	6.278276
764	3	who	6.580016
764	4	the	5.056487
764	5	spy	14.881692
764	6	assassinated	17.614182
764	7	the	4.49845
764	8	politician	11.239346
764	9	yesterday	16.386173
764	10	night	14.151067
764	11	.	0.790059
764	12	<eos>	-0.0
765	1	I	0.0
765	2	know	6.278276
765	3	that	2.352433
765	4	the	2.35511
765	5	agent	13.296741
765	6	thought	10.532585
765	7	assassinated	23.577734
765	8	the	4.966374
765	9	politician	11.468573
765	10	yesterday	16.573307
765	11	night	14.191106
765	12	.	1.566575
765	13	<eos>	-0.0
766	1	I	0.0
766	2	know	6.278276
766	3	that	2.352433
766	4	the	2.35511
766	5	agent	13.296741
766	6	thought	10.532585
766	7	the	3.367088
766	8	spy	13.48239
766	9	assassinated	19.475002
766	10	the	4.016983
766	11	politician	12.237322
766	12	yesterday	17.783131
766	13	night	13.597778
766	14	.	1.138428
766	15	<eos>	-0.0
767	1	I	0.0
767	2	know	6.278276
767	3	who	6.580016
767	4	the	5.056487
767	5	agent	11.59055
767	6	thought	10.370024
767	7	assassinated	22.272905
767	8	the	4.970625
767	9	politician	11.87289
767	10	yesterday	16.031301
767	11	night	14.718073
767	12	.	1.189295
767	13	<eos>	-0.0
768	1	I	0.0
768	2	know	6.278276
768	3	who	6.580016
768	4	the	5.056487
768	5	agent	11.59055
768	6	thought	10.370024
768	7	the	5.128903
768	8	spy	13.621744
768	9	assassinated	18.484428
768	10	the	5.680978
768	11	politician	11.101572
768	12	yesterday	16.982943
768	13	night	14.234372
768	14	.	0.683328
768	15	<eos>	-0.0
769	1	I	0.0
769	2	know	6.278276
769	3	that	2.352433
769	4	the	2.35511
769	5	agent	13.296741
769	6	thought	10.532585
769	7	the	3.367088
769	8	witness	13.341525
769	9	said	8.739589
769	10	assassinated	22.328932
769	11	the	5.175271
769	12	politician	11.791755
769	13	yesterday	16.221621
769	14	night	12.981606
769	15	.	1.421504
769	16	<eos>	-0.0
770	1	I	0.0
770	2	know	6.278276
770	3	that	2.352433
770	4	the	2.35511
770	5	agent	13.296741
770	6	thought	10.532585
770	7	the	3.367088
770	8	witness	13.341525
770	9	said	8.739589
770	10	the	3.185339
770	11	spy	11.024156
770	12	assassinated	17.766491
770	13	the	3.100224
770	14	politician	12.739913
770	15	yesterday	17.462528
770	16	night	13.948487
770	17	.	1.096504
770	18	<eos>	-0.0
771	1	I	0.0
771	2	know	6.278276
771	3	who	6.580016
771	4	the	5.056487
771	5	agent	11.59055
771	6	thought	10.370024
771	7	the	5.128903
771	8	witness	13.956094
771	9	said	6.872687
771	10	assassinated	21.533386
771	11	the	3.254477
771	12	politician	11.196543
771	13	yesterday	15.942666
771	14	night	13.497534
771	15	.	1.225074
771	16	<eos>	-0.0
772	1	I	0.0
772	2	know	6.278276
772	3	who	6.580016
772	4	the	5.056487
772	5	agent	11.59055
772	6	thought	10.370024
772	7	the	5.128903
772	8	witness	13.956094
772	9	said	6.872687
772	10	the	6.294747
772	11	spy	12.031071
772	12	assassinated	17.248755
772	13	the	4.237952
772	14	politician	11.979195
772	15	yesterday	17.513422
772	16	night	13.478472
772	17	.	0.819554
772	18	<eos>	-0.0
773	1	I	0.0
773	2	know	6.278276
773	3	that	2.352433
773	4	the	2.35511
773	5	agent	13.296741
773	6	thought	10.532585
773	7	the	3.367088
773	8	witness	13.341525
773	9	said	8.739589
773	10	he	3.897701
773	11	knew	5.694445
773	12	assassinated	23.286919
773	13	the	4.281395
773	14	politician	12.587084
773	15	yesterday	17.093309
773	16	night	13.127408
773	17	.	1.230519
773	18	<eos>	-0.0
774	1	I	0.0
774	2	know	6.278276
774	3	that	2.352433
774	4	the	2.35511
774	5	agent	13.296741
774	6	thought	10.532585
774	7	the	3.367088
774	8	witness	13.341525
774	9	said	8.739589
774	10	he	3.897701
774	11	knew	5.694445
774	12	the	2.836133
774	13	spy	12.034306
774	14	assassinated	20.405411
774	15	the	3.190326
774	16	politician	12.024552
774	17	yesterday	18.010914
774	18	night	13.891026
774	19	.	0.999941
774	20	<eos>	-0.0
775	1	I	0.0
775	2	know	6.278276
775	3	who	6.580016
775	4	the	5.056487
775	5	agent	11.59055
775	6	thought	10.370024
775	7	the	5.128903
775	8	witness	13.956094
775	9	said	6.872687
775	10	he	6.420309
775	11	knew	5.062561
775	12	assassinated	22.654161
775	13	the	3.336985
775	14	politician	11.831208
775	15	yesterday	16.72049
775	16	night	12.916547
775	17	.	1.0264
775	18	<eos>	-0.0
776	1	I	0.0
776	2	know	6.278276
776	3	who	6.580016
776	4	the	5.056487
776	5	agent	11.59055
776	6	thought	10.370024
776	7	the	5.128903
776	8	witness	13.956094
776	9	said	6.872687
776	10	he	6.420309
776	11	knew	5.062561
776	12	the	4.328557
776	13	spy	12.392462
776	14	assassinated	19.498194
776	15	the	3.459574
776	16	politician	11.816198
776	17	yesterday	17.914759
776	18	night	13.535234
776	19	.	0.823885
776	20	<eos>	-0.0
777	1	I	0.0
777	2	know	6.278276
777	3	that	2.352433
777	4	the	2.35511
777	5	agent	13.296741
777	6	thought	10.532585
777	7	the	3.367088
777	8	witness	13.341525
777	9	said	8.739589
777	10	he	3.897701
777	11	knew	5.694445
777	12	the	2.836133
777	13	man	6.966877
777	14	noticed	12.803308
777	15	assassinated	24.69232
777	16	the	7.627582
777	17	politician	12.568501
777	18	yesterday	16.940582
777	19	night	13.647272
777	20	.	1.101704
777	21	<eos>	-0.0
778	1	I	0.0
778	2	know	6.278276
778	3	that	2.352433
778	4	the	2.35511
778	5	agent	13.296741
778	6	thought	10.532585
778	7	the	3.367088
778	8	witness	13.341525
778	9	said	8.739589
778	10	he	3.897701
778	11	knew	5.694445
778	12	the	2.836133
778	13	man	6.966877
778	14	noticed	12.803308
778	15	the	2.533664
778	16	spy	12.384536
778	17	assassinated	21.002577
778	18	the	5.610291
778	19	politician	11.877274
778	20	yesterday	18.463556
778	21	night	13.38753
778	22	.	0.891042
778	23	<eos>	-0.0
779	1	I	0.0
779	2	know	6.278276
779	3	who	6.580016
779	4	the	5.056487
779	5	agent	11.59055
779	6	thought	10.370024
779	7	the	5.128903
779	8	witness	13.956094
779	9	said	6.872687
779	10	he	6.420309
779	11	knew	5.062561
779	12	the	4.328557
779	13	man	6.842947
779	14	noticed	11.923095
779	15	assassinated	24.087259
779	16	the	7.291295
779	17	politician	12.296784
779	18	yesterday	16.737316
779	19	night	12.875942
779	20	.	0.963824
779	21	<eos>	-0.0
780	1	I	0.0
780	2	know	6.278276
780	3	who	6.580016
780	4	the	5.056487
780	5	agent	11.59055
780	6	thought	10.370024
780	7	the	5.128903
780	8	witness	13.956094
780	9	said	6.872687
780	10	he	6.420309
780	11	knew	5.062561
780	12	the	4.328557
780	13	man	6.842947
780	14	noticed	11.923095
780	15	the	3.196842
780	16	spy	12.696131
780	17	assassinated	20.590656
780	18	the	6.845665
780	19	politician	11.763968
780	20	yesterday	18.318657
780	21	night	12.894044
780	22	.	0.812933
780	23	<eos>	-0.0
781	1	You	0.0
781	2	know	6.225534
781	3	that	3.970907
781	4	greeted	24.827274
781	5	the	2.496301
781	6	teacher	12.770671
781	7	on	6.673436
781	8	the	1.096356
781	9	sidewalk	9.484905
781	10	.	3.485931
781	11	<eos>	-0.0
782	1	You	0.0
782	2	know	6.225534
782	3	that	3.970907
782	4	the	2.063794
782	5	firefighter	18.926569
782	6	greeted	18.984955
782	7	the	1.607763
782	8	teacher	14.353611
782	9	on	6.404297
782	10	the	1.219085
782	11	sidewalk	8.318592
782	12	.	2.635566
782	13	<eos>	-0.0
783	1	You	0.0
783	2	know	6.225534
783	3	who	7.834128
783	4	greeted	17.699205
783	5	the	1.581252
783	6	teacher	12.809395
783	7	on	7.024424
783	8	the	1.225882
783	9	sidewalk	9.80205
783	10	.	1.965335
783	11	<eos>	-0.0
784	1	You	0.0
784	2	know	6.225534
784	3	who	7.834128
784	4	the	4.899722
784	5	firefighter	18.204264
784	6	greeted	16.985825
784	7	the	3.569874
784	8	teacher	13.065118
784	9	on	6.932048
784	10	the	1.246772
784	11	sidewalk	9.268648
784	12	.	1.587724
784	13	<eos>	-0.0
785	1	You	0.0
785	2	know	6.225534
785	3	that	3.970907
785	4	the	2.063794
785	5	woman	10.021988
785	6	reported	12.559136
785	7	greeted	22.053722
785	8	the	2.38519
785	9	teacher	11.973374
785	10	on	6.09769
785	11	the	1.568413
785	12	sidewalk	9.106936
785	13	.	2.537114
785	14	<eos>	-0.0
786	1	You	0.0
786	2	know	6.225534
786	3	that	3.970907
786	4	the	2.063794
786	5	woman	10.021988
786	6	reported	12.559136
786	7	the	3.431336
786	8	firefighter	19.716497
786	9	greeted	18.20574
786	10	the	2.468681
786	11	teacher	13.54563
786	12	on	5.974947
786	13	the	1.382757
786	14	sidewalk	8.643264
786	15	.	2.099409
786	16	<eos>	-0.0
787	1	You	0.0
787	2	know	6.225534
787	3	who	7.834128
787	4	the	4.899722
787	5	woman	9.275633
787	6	reported	13.015808
787	7	greeted	20.632183
787	8	the	2.189634
787	9	teacher	11.8533
787	10	on	6.47197
787	11	the	1.427588
787	12	sidewalk	9.49663
787	13	.	1.588884
787	14	<eos>	-0.0
788	1	You	0.0
788	2	know	6.225534
788	3	who	7.834128
788	4	the	4.899722
788	5	woman	9.275633
788	6	reported	13.015808
788	7	the	5.648842
788	8	firefighter	18.785463
788	9	greeted	17.216097
788	10	the	4.863235
788	11	teacher	12.691516
788	12	on	6.390607
788	13	the	1.353637
788	14	sidewalk	9.094675
788	15	.	1.488348
788	16	<eos>	-0.0
789	1	You	0.0
789	2	know	6.225534
789	3	that	3.970907
789	4	the	2.063794
789	5	woman	10.021988
789	6	reported	12.559136
789	7	the	3.431336
789	8	neighbors	17.502647
789	9	believed	10.562356
789	10	greeted	21.367304
789	11	the	3.382818
789	12	teacher	12.70427
789	13	on	6.771613
789	14	the	1.475782
789	15	sidewalk	8.578816
789	16	.	1.73262
789	17	<eos>	-0.0
790	1	You	0.0
790	2	know	6.225534
790	3	that	3.970907
790	4	the	2.063794
790	5	woman	10.021988
790	6	reported	12.559136
790	7	the	3.431336
790	8	neighbors	17.502647
790	9	believed	10.562356
790	10	the	3.645252
790	11	firefighter	17.595919
790	12	greeted	16.246441
790	13	the	1.901614
790	14	teacher	14.330995
790	15	on	6.664449
790	16	the	1.393771
790	17	sidewalk	7.69173
790	18	.	1.762682
790	19	<eos>	-0.0
791	1	You	0.0
791	2	know	6.225534
791	3	who	7.834128
791	4	the	4.899722
791	5	woman	9.275633
791	6	reported	13.015808
791	7	the	5.648842
791	8	neighbors	16.127964
791	9	believed	9.698329
791	10	greeted	19.42374
791	11	the	3.693305
791	12	teacher	13.335125
791	13	on	7.316234
791	14	the	1.331873
791	15	sidewalk	9.029089
791	16	.	1.29743
791	17	<eos>	-0.0
792	1	You	0.0
792	2	know	6.225534
792	3	who	7.834128
792	4	the	4.899722
792	5	woman	9.275633
792	6	reported	13.015808
792	7	the	5.648842
792	8	neighbors	16.127964
792	9	believed	9.698329
792	10	the	6.771507
792	11	firefighter	17.816992
792	12	greeted	17.247717
792	13	the	4.772724
792	14	teacher	13.854248
792	15	on	6.858447
792	16	the	1.361978
792	17	sidewalk	8.252436
792	18	.	1.270666
792	19	<eos>	-0.0
793	1	You	0.0
793	2	know	6.225534
793	3	that	3.970907
793	4	the	2.063794
793	5	woman	10.021988
793	6	reported	12.559136
793	7	the	3.431336
793	8	neighbors	17.502647
793	9	believed	10.562356
793	10	they	4.273649
793	11	knew	6.98226
793	12	greeted	24.590382
793	13	the	2.168142
793	14	teacher	13.667437
793	15	on	7.157427
793	16	the	1.477497
793	17	sidewalk	8.927723
793	18	.	1.542885
793	19	<eos>	-0.0
794	1	You	0.0
794	2	know	6.225534
794	3	that	3.970907
794	4	the	2.063794
794	5	woman	10.021988
794	6	reported	12.559136
794	7	the	3.431336
794	8	neighbors	17.502647
794	9	believed	10.562356
794	10	they	4.273649
794	11	knew	6.98226
794	12	the	3.12088
794	13	firefighter	19.403553
794	14	greeted	18.388931
794	15	the	2.139508
794	16	teacher	14.3566
794	17	on	6.84934
794	18	the	1.3231
794	19	sidewalk	8.063901
794	20	.	1.440412
794	21	<eos>	-0.0
795	1	You	0.0
795	2	know	6.225534
795	3	who	7.834128
795	4	the	4.899722
795	5	woman	9.275633
795	6	reported	13.015808
795	7	the	5.648842
795	8	neighbors	16.127964
795	9	believed	9.698329
795	10	they	7.472342
795	11	knew	6.268283
795	12	greeted	23.34359
795	13	the	2.646174
795	14	teacher	13.255947
795	15	on	7.051184
795	16	the	1.417735
795	17	sidewalk	9.058242
795	18	.	1.259423
795	19	<eos>	-0.0
796	1	You	0.0
796	2	know	6.225534
796	3	who	7.834128
796	4	the	4.899722
796	5	woman	9.275633
796	6	reported	13.015808
796	7	the	5.648842
796	8	neighbors	16.127964
796	9	believed	9.698329
796	10	they	7.472342
796	11	knew	6.268283
796	12	the	4.869418
796	13	firefighter	18.896509
796	14	greeted	17.790981
796	15	the	2.183071
796	16	teacher	14.196287
796	17	on	6.985777
796	18	the	1.261433
796	19	sidewalk	8.520734
796	20	.	1.18816
796	21	<eos>	-0.0
797	1	You	0.0
797	2	know	6.225534
797	3	that	3.970907
797	4	the	2.063794
797	5	woman	10.021988
797	6	reported	12.559136
797	7	the	3.431336
797	8	neighbors	17.502647
797	9	believed	10.562356
797	10	they	4.273649
797	11	knew	6.98226
797	12	they	3.741047
797	13	saw	9.037374
797	14	greeted	23.290792
797	15	the	2.948066
797	16	teacher	14.173459
797	17	on	6.827175
797	18	the	1.412852
797	19	sidewalk	7.738495
797	20	.	1.519715
797	21	<eos>	-0.0
798	1	You	0.0
798	2	know	6.225534
798	3	that	3.970907
798	4	the	2.063794
798	5	woman	10.021988
798	6	reported	12.559136
798	7	the	3.431336
798	8	neighbors	17.502647
798	9	believed	10.562356
798	10	they	4.273649
798	11	knew	6.98226
798	12	they	3.741047
798	13	saw	9.037374
798	14	the	2.108816
798	15	firefighter	18.501881
798	16	greeted	17.252312
798	17	the	2.0491
798	18	teacher	14.698353
798	19	on	6.563682
798	20	the	1.346199
798	21	sidewalk	7.536364
798	22	.	1.360978
798	23	<eos>	-0.0
799	1	You	0.0
799	2	know	6.225534
799	3	who	7.834128
799	4	the	4.899722
799	5	woman	9.275633
799	6	reported	13.015808
799	7	the	5.648842
799	8	neighbors	16.127964
799	9	believed	9.698329
799	10	they	7.472342
799	11	knew	6.268283
799	12	they	6.471462
799	13	saw	8.426102
799	14	greeted	23.106932
799	15	the	2.195736
799	16	teacher	13.556083
799	17	on	6.764511
799	18	the	1.231899
799	19	sidewalk	8.065858
799	20	.	1.267327
799	21	<eos>	-0.0
800	1	You	0.0
800	2	know	6.225534
800	3	who	7.834128
800	4	the	4.899722
800	5	woman	9.275633
800	6	reported	13.015808
800	7	the	5.648842
800	8	neighbors	16.127964
800	9	believed	9.698329
800	10	they	7.472342
800	11	knew	6.268283
800	12	they	6.471462
800	13	saw	8.426102
800	14	the	2.925767
800	15	firefighter	18.373926
800	16	greeted	17.409956
800	17	the	2.191613
800	18	teacher	14.691518
800	19	on	6.623084
800	20	the	1.304887
800	21	sidewalk	7.705713
800	22	.	1.24263
800	23	<eos>	-0.0
801	1	He	0.0
801	2	knows	11.52312
801	3	that	2.297416
801	4	supported	21.027145
801	5	the	3.622507
801	6	principal	13.116937
801	7	during	13.019156
801	8	the	1.085413
801	9	town	12.554892
801	10	meeting	7.751854
801	11	.	2.063913
801	12	<eos>	-0.0
802	1	He	0.0
802	2	knows	11.52312
802	3	that	2.297416
802	4	the	2.267236
802	5	mayor	12.037817
802	6	supported	14.985726
802	7	the	1.477021
802	8	principal	13.818894
802	9	during	11.506845
802	10	the	0.817929
802	11	town	10.597312
802	12	meeting	6.828072
802	13	.	1.392366
802	14	<eos>	-0.0
803	1	He	0.0
803	2	knows	11.52312
803	3	who	6.622077
803	4	supported	16.174883
803	5	the	1.439094
803	6	principal	13.810479
803	7	during	11.071056
803	8	the	0.953953
803	9	town	12.194746
803	10	meeting	7.394896
803	11	.	1.235477
803	12	<eos>	-0.0
804	1	He	0.0
804	2	knows	11.52312
804	3	who	6.622077
804	4	the	4.020604
804	5	mayor	11.530698
804	6	supported	14.772004
804	7	the	2.953291
804	8	principal	13.555219
804	9	during	11.421602
804	10	the	0.820994
804	11	town	10.295505
804	12	meeting	6.762366
804	13	.	1.117692
804	14	<eos>	-0.0
805	1	He	0.0
805	2	knows	11.52312
805	3	that	2.297416
805	4	the	2.267236
805	5	politician	14.967807
805	6	believed	11.633501
805	7	supported	18.945436
805	8	the	3.298019
805	9	principal	13.792118
805	10	during	13.027475
805	11	the	0.949327
805	12	town	12.362889
805	13	meeting	6.481672
805	14	.	1.436616
805	15	<eos>	-0.0
806	1	He	0.0
806	2	knows	11.52312
806	3	that	2.297416
806	4	the	2.267236
806	5	politician	14.967807
806	6	believed	11.633501
806	7	the	3.331327
806	8	mayor	10.985822
806	9	supported	13.280396
806	10	the	1.317415
806	11	principal	14.302463
806	12	during	12.152773
806	13	the	0.793474
806	14	town	10.98889
806	15	meeting	6.544905
806	16	.	1.356447
806	17	<eos>	-0.0
807	1	He	0.0
807	2	knows	11.52312
807	3	who	6.622077
807	4	the	4.020604
807	5	politician	13.904466
807	6	believed	11.542779
807	7	supported	17.597389
807	8	the	3.167686
807	9	principal	13.580014
807	10	during	12.956995
807	11	the	0.854192
807	12	town	12.205095
807	13	meeting	6.956856
807	14	.	1.089984
807	15	<eos>	-0.0
808	1	He	0.0
808	2	knows	11.52312
808	3	who	6.622077
808	4	the	4.020604
808	5	politician	13.904466
808	6	believed	11.542779
808	7	the	4.608828
808	8	mayor	11.6376
808	9	supported	13.303276
808	10	the	3.09884
808	11	principal	13.997131
808	12	during	12.377737
808	13	the	0.772758
808	14	town	10.393696
808	15	meeting	6.607129
808	16	.	1.034649
808	17	<eos>	-0.0
809	1	He	0.0
809	2	knows	11.52312
809	3	that	2.297416
809	4	the	2.267236
809	5	politician	14.967807
809	6	believed	11.633501
809	7	the	3.331327
809	8	donors	16.603514
809	9	said	12.959674
809	10	supported	16.732262
809	11	the	1.624401
809	12	principal	14.111471
809	13	during	12.823185
809	14	the	0.871165
809	15	town	12.434814
809	16	meeting	5.908227
809	17	.	1.376995
809	18	<eos>	-0.0
810	1	He	0.0
810	2	knows	11.52312
810	3	that	2.297416
810	4	the	2.267236
810	5	politician	14.967807
810	6	believed	11.633501
810	7	the	3.331327
810	8	donors	16.603514
810	9	said	12.959674
810	10	the	3.583243
810	11	mayor	10.391011
810	12	supported	12.302594
810	13	the	1.445251
810	14	principal	14.310802
810	15	during	11.992557
810	16	the	0.763952
810	17	town	11.220009
810	18	meeting	6.003032
810	19	.	1.191879
810	20	<eos>	-0.0
811	1	He	0.0
811	2	knows	11.52312
811	3	who	6.622077
811	4	the	4.020604
811	5	politician	13.904466
811	6	believed	11.542779
811	7	the	4.608828
811	8	donors	16.685568
811	9	said	11.576261
811	10	supported	16.172146
811	11	the	1.664349
811	12	principal	13.916052
811	13	during	12.995163
811	14	the	0.801458
811	15	town	12.487399
811	16	meeting	6.92942
811	17	.	0.867939
811	18	<eos>	-0.0
812	1	He	0.0
812	2	knows	11.52312
812	3	who	6.622077
812	4	the	4.020604
812	5	politician	13.904466
812	6	believed	11.542779
812	7	the	4.608828
812	8	donors	16.685568
812	9	said	11.576261
812	10	the	5.401261
812	11	mayor	9.902477
812	12	supported	11.873999
812	13	the	2.871853
812	14	principal	14.425433
812	15	during	12.139851
812	16	the	0.767987
812	17	town	10.877748
812	18	meeting	6.505744
812	19	.	0.908928
812	20	<eos>	-0.0
813	1	He	0.0
813	2	knows	11.52312
813	3	that	2.297416
813	4	the	2.267236
813	5	politician	14.967807
813	6	believed	11.633501
813	7	the	3.331327
813	8	donors	16.603514
813	9	said	12.959674
813	10	they	2.700553
813	11	knew	7.692841
813	12	supported	20.105242
813	13	the	1.64162
813	14	principal	13.985337
813	15	during	12.838659
813	16	the	0.81418
813	17	town	12.242999
813	18	meeting	6.074749
813	19	.	1.18091
813	20	<eos>	-0.0
814	1	He	0.0
814	2	knows	11.52312
814	3	that	2.297416
814	4	the	2.267236
814	5	politician	14.967807
814	6	believed	11.633501
814	7	the	3.331327
814	8	donors	16.603514
814	9	said	12.959674
814	10	they	2.700553
814	11	knew	7.692841
814	12	the	2.830935
814	13	mayor	11.798769
814	14	supported	14.285615
814	15	the	1.42112
814	16	principal	14.460684
814	17	during	12.703017
814	18	the	0.744745
814	19	town	11.068172
814	20	meeting	6.083006
814	21	.	0.990526
814	22	<eos>	-0.0
815	1	He	0.0
815	2	knows	11.52312
815	3	who	6.622077
815	4	the	4.020604
815	5	politician	13.904466
815	6	believed	11.542779
815	7	the	4.608828
815	8	donors	16.685568
815	9	said	11.576261
815	10	they	4.81997
815	11	knew	6.771973
815	12	supported	19.549463
815	13	the	1.921197
815	14	principal	14.249745
815	15	during	12.664954
815	16	the	0.824219
815	17	town	12.544981
815	18	meeting	7.05009
815	19	.	0.845013
815	20	<eos>	-0.0
816	1	He	0.0
816	2	knows	11.52312
816	3	who	6.622077
816	4	the	4.020604
816	5	politician	13.904466
816	6	believed	11.542779
816	7	the	4.608828
816	8	donors	16.685568
816	9	said	11.576261
816	10	they	4.81997
816	11	knew	6.771973
816	12	the	3.72908
816	13	mayor	11.152414
816	14	supported	13.730682
816	15	the	2.038821
816	16	principal	14.66228
816	17	during	12.300036
816	18	the	0.788079
816	19	town	11.092407
816	20	meeting	6.580145
816	21	.	0.79448
816	22	<eos>	-0.0
817	1	He	0.0
817	2	knows	11.52312
817	3	that	2.297416
817	4	the	2.267236
817	5	politician	14.967807
817	6	believed	11.633501
817	7	the	3.331327
817	8	donors	16.603514
817	9	said	12.959674
817	10	they	2.700553
817	11	knew	7.692841
817	12	he	4.508284
817	13	noticed	17.64292
817	14	supported	20.15506
817	15	the	3.748132
817	16	principal	13.936319
817	17	during	11.973573
817	18	the	0.961686
817	19	town	11.975364
817	20	meeting	5.860303
817	21	.	1.056381
817	22	<eos>	-0.0
818	1	He	0.0
818	2	knows	11.52312
818	3	that	2.297416
818	4	the	2.267236
818	5	politician	14.967807
818	6	believed	11.633501
818	7	the	3.331327
818	8	donors	16.603514
818	9	said	12.959674
818	10	they	2.700553
818	11	knew	7.692841
818	12	he	4.508284
818	13	noticed	17.64292
818	14	the	1.901124
818	15	mayor	14.86454
818	16	supported	14.88127
818	17	the	1.842381
818	18	principal	13.723115
818	19	during	12.322639
818	20	the	0.831717
818	21	town	11.145627
818	22	meeting	5.909815
818	23	.	0.940452
818	24	<eos>	-0.0
819	1	He	0.0
819	2	knows	11.52312
819	3	who	6.622077
819	4	the	4.020604
819	5	politician	13.904466
819	6	believed	11.542779
819	7	the	4.608828
819	8	donors	16.685568
819	9	said	11.576261
819	10	they	4.81997
819	11	knew	6.771973
819	12	he	5.244856
819	13	noticed	16.672913
819	14	supported	20.190756
819	15	the	2.370445
819	16	principal	13.4978
819	17	during	12.055573
819	18	the	0.922051
819	19	town	12.394729
819	20	meeting	6.586336
819	21	.	0.865541
819	22	<eos>	-0.0
820	1	He	0.0
820	2	knows	11.52312
820	3	who	6.622077
820	4	the	4.020604
820	5	politician	13.904466
820	6	believed	11.542779
820	7	the	4.608828
820	8	donors	16.685568
820	9	said	11.576261
820	10	they	4.81997
820	11	knew	6.771973
820	12	he	5.244856
820	13	noticed	16.672913
820	14	the	3.682328
820	15	mayor	13.750533
820	16	supported	14.771758
820	17	the	2.060374
820	18	principal	13.633119
820	19	during	11.960513
820	20	the	0.859184
820	21	town	11.130976
820	22	meeting	6.282694
820	23	.	0.85633
820	24	<eos>	-0.0
821	1	She	0.0
821	2	knows	11.608641
821	3	that	2.279035
821	4	congratulated	24.989887
821	5	the	3.728585
821	6	writer	11.186504
821	7	after	8.549181
821	8	the	2.441785
821	9	ceremony	6.334262
821	10	.	1.045278
821	11	<eos>	-0.0
822	1	She	0.0
822	2	knows	11.608641
822	3	that	2.279035
822	4	the	2.521865
822	5	man	6.724071
822	6	congratulated	19.410143
822	7	the	3.822518
822	8	writer	10.815956
822	9	after	8.586676
822	10	the	2.500864
822	11	ceremony	6.896361
822	12	.	1.086946
822	13	<eos>	-0.0
823	1	She	0.0
823	2	knows	11.608641
823	3	who	6.4446
823	4	congratulated	20.533766
823	5	the	3.731977
823	6	writer	9.672956
823	7	after	8.789235
823	8	the	2.637411
823	9	ceremony	6.939669
823	10	.	0.853982
823	11	<eos>	-0.0
824	1	She	0.0
824	2	knows	11.608641
824	3	who	6.4446
824	4	the	4.386521
824	5	man	5.837079
824	6	congratulated	19.143688
824	7	the	3.894553
824	8	writer	10.109856
824	9	after	8.584613
824	10	the	2.299628
824	11	ceremony	7.059565
824	12	.	0.835407
824	13	<eos>	-0.0
825	1	She	0.0
825	2	knows	11.608641
825	3	that	2.279035
825	4	the	2.521865
825	5	woman	6.550632
825	6	said	11.25001
825	7	congratulated	23.980556
825	8	the	4.078363
825	9	writer	11.217468
825	10	after	7.866167
825	11	the	2.579049
825	12	ceremony	5.804526
825	13	.	1.040478
825	14	<eos>	-0.0
826	1	She	0.0
826	2	knows	11.608641
826	3	that	2.279035
826	4	the	2.521865
826	5	woman	6.550632
826	6	said	11.25001
826	7	the	4.530111
826	8	man	5.356916
826	9	congratulated	18.469223
826	10	the	4.424764
826	11	writer	10.978539
826	12	after	8.441692
826	13	the	2.541068
826	14	ceremony	6.95028
826	15	.	0.927423
826	16	<eos>	-0.0
827	1	She	0.0
827	2	knows	11.608641
827	3	who	6.4446
827	4	the	4.386521
827	5	woman	5.698281
827	6	said	10.968573
827	7	congratulated	23.58145
827	8	the	4.296794
827	9	writer	11.132922
827	10	after	8.523174
827	11	the	2.622138
827	12	ceremony	6.213194
827	13	.	0.747053
827	14	<eos>	-0.0
828	1	She	0.0
828	2	knows	11.608641
828	3	who	6.4446
828	4	the	4.386521
828	5	woman	5.698281
828	6	said	10.968573
828	7	the	5.956725
828	8	man	5.567441
828	9	congratulated	18.57943
828	10	the	4.490414
828	11	writer	10.803866
828	12	after	9.054811
828	13	the	2.422718
828	14	ceremony	7.150472
828	15	.	0.756701
828	16	<eos>	-0.0
829	1	She	0.0
829	2	knows	11.608641
829	3	that	2.279035
829	4	the	2.521865
829	5	woman	6.550632
829	6	said	11.25001
829	7	her	5.48167
829	8	friend	7.016902
829	9	believed	10.159
829	10	congratulated	26.404818
829	11	the	4.413572
829	12	writer	10.589409
829	13	after	8.563173
829	14	the	2.653616
829	15	ceremony	6.972662
829	16	.	0.880415
829	17	<eos>	-0.0
830	1	She	0.0
830	2	knows	11.608641
830	3	that	2.279035
830	4	the	2.521865
830	5	woman	6.550632
830	6	said	11.25001
830	7	her	5.48167
830	8	friend	7.016902
830	9	believed	10.159
830	10	the	3.816181
830	11	man	6.58423
830	12	congratulated	19.073395
830	13	the	4.7881
830	14	writer	11.023121
830	15	after	8.48577
830	16	the	2.649943
830	17	ceremony	7.137782
830	18	.	0.841473
830	19	<eos>	-0.0
831	1	She	0.0
831	2	knows	11.608641
831	3	who	6.4446
831	4	the	4.386521
831	5	woman	5.698281
831	6	said	10.968573
831	7	her	6.8239
831	8	friend	6.529106
831	9	believed	10.717023
831	10	congratulated	25.706751
831	11	the	4.549201
831	12	writer	10.514815
831	13	after	8.821657
831	14	the	2.613303
831	15	ceremony	6.899362
831	16	.	0.736007
831	17	<eos>	-0.0
832	1	She	0.0
832	2	knows	11.608641
832	3	who	6.4446
832	4	the	4.386521
832	5	woman	5.698281
832	6	said	10.968573
832	7	her	6.8239
832	8	friend	6.529106
832	9	believed	10.717023
832	10	the	4.232893
832	11	man	6.526233
832	12	congratulated	18.877237
832	13	the	4.665588
832	14	writer	10.826747
832	15	after	8.953283
832	16	the	2.598085
832	17	ceremony	7.227755
832	18	.	0.720253
832	19	<eos>	-0.0
833	1	She	0.0
833	2	knows	11.608641
833	3	that	2.279035
833	4	the	2.521865
833	5	woman	6.550632
833	6	said	11.25001
833	7	her	5.48167
833	8	friend	7.016902
833	9	believed	10.159
833	10	she	2.503936
833	11	knew	7.217198
833	12	congratulated	26.677914
833	13	the	5.495847
833	14	writer	9.479545
833	15	after	8.002725
833	16	the	2.783535
833	17	ceremony	7.777361
833	18	.	0.862282
833	19	<eos>	-0.0
834	1	She	0.0
834	2	knows	11.608641
834	3	that	2.279035
834	4	the	2.521865
834	5	woman	6.550632
834	6	said	11.25001
834	7	her	5.48167
834	8	friend	7.016902
834	9	believed	10.159
834	10	she	2.503936
834	11	knew	7.217198
834	12	the	3.343685
834	13	man	5.919961
834	14	congratulated	20.974743
834	15	the	4.945308
834	16	writer	10.579937
834	17	after	9.039376
834	18	the	2.765675
834	19	ceremony	7.515496
834	20	.	0.701977
834	21	<eos>	-0.0
835	1	She	0.0
835	2	knows	11.608641
835	3	who	6.4446
835	4	the	4.386521
835	5	woman	5.698281
835	6	said	10.968573
835	7	her	6.8239
835	8	friend	6.529106
835	9	believed	10.717023
835	10	she	3.132949
835	11	knew	7.099982
835	12	congratulated	26.091743
835	13	the	5.393239
835	14	writer	9.708057
835	15	after	8.352685
835	16	the	2.728858
835	17	ceremony	7.831028
835	18	.	0.79288
835	19	<eos>	-0.0
836	1	She	0.0
836	2	knows	11.608641
836	3	who	6.4446
836	4	the	4.386521
836	5	woman	5.698281
836	6	said	10.968573
836	7	her	6.8239
836	8	friend	6.529106
836	9	believed	10.717023
836	10	she	3.132949
836	11	knew	7.099982
836	12	the	3.365771
836	13	man	5.725743
836	14	congratulated	20.789324
836	15	the	4.930685
836	16	writer	10.421
836	17	after	9.266479
836	18	the	2.721479
836	19	ceremony	7.533637
836	20	.	0.656131
836	21	<eos>	-0.0
837	1	She	0.0
837	2	knows	11.608641
837	3	that	2.279035
837	4	the	2.521865
837	5	woman	6.550632
837	6	said	11.25001
837	7	her	5.48167
837	8	friend	7.016902
837	9	believed	10.159
837	10	she	2.503936
837	11	knew	7.217198
837	12	the	3.343685
837	13	man	5.919961
837	14	saw	10.467822
837	15	congratulated	27.13936
837	16	the	4.527053
837	17	writer	12.188673
837	18	after	8.468369
837	19	the	2.675992
837	20	ceremony	6.884562
837	21	.	0.73779
837	22	<eos>	-0.0
838	1	She	0.0
838	2	knows	11.608641
838	3	that	2.279035
838	4	the	2.521865
838	5	woman	6.550632
838	6	said	11.25001
838	7	her	5.48167
838	8	friend	7.016902
838	9	believed	10.159
838	10	she	2.503936
838	11	knew	7.217198
838	12	the	3.343685
838	13	man	5.919961
838	14	saw	10.467822
838	15	the	2.992666
838	16	man	4.555857
838	17	congratulated	20.00078
838	18	the	4.185694
838	19	writer	10.861218
838	20	after	9.125615
838	21	the	2.798925
838	22	ceremony	7.153544
838	23	.	0.757636
838	24	<eos>	-0.0
839	1	She	0.0
839	2	knows	11.608641
839	3	who	6.4446
839	4	the	4.386521
839	5	woman	5.698281
839	6	said	10.968573
839	7	her	6.8239
839	8	friend	6.529106
839	9	believed	10.717023
839	10	she	3.132949
839	11	knew	7.099982
839	12	the	3.365771
839	13	man	5.725743
839	14	saw	10.229962
839	15	congratulated	27.018595
839	16	the	4.501595
839	17	writer	12.205697
839	18	after	8.60827
839	19	the	2.658607
839	20	ceremony	6.952626
839	21	.	0.695725
839	22	<eos>	-0.0
840	1	She	0.0
840	2	knows	11.608641
840	3	who	6.4446
840	4	the	4.386521
840	5	woman	5.698281
840	6	said	10.968573
840	7	her	6.8239
840	8	friend	6.529106
840	9	believed	10.717023
840	10	she	3.132949
840	11	knew	7.099982
840	12	the	3.365771
840	13	man	5.725743
840	14	saw	10.229962
840	15	the	2.984586
840	16	man	4.490879
840	17	congratulated	19.828516
840	18	the	4.115758
840	19	writer	10.807432
840	20	after	9.227901
840	21	the	2.777813
840	22	ceremony	7.192446
840	23	.	0.730502
840	24	<eos>	-0.0
841	1	I	0.0
841	2	know	6.278276
841	3	that	2.352433
841	4	introduced	17.991703
841	5	her	9.958608
841	6	friend	12.496425
841	7	to	3.084926
841	8	the	1.291972
841	9	regular	12.768164
841	10	customer	9.553602
841	11	.	1.621927
841	12	<eos>	-0.0
842	1	I	0.0
842	2	know	6.278276
842	3	that	2.352433
842	4	the	2.35511
842	5	hostess	18.080393
842	6	introduced	13.603292
842	7	her	3.64716
842	8	friend	11.524043
842	9	to	2.684878
842	10	the	1.224688
842	11	regular	11.886048
842	12	customer	7.07893
842	13	.	1.465979
842	14	<eos>	-0.0
843	1	I	0.0
843	2	know	6.278276
843	3	who	6.580016
843	4	introduced	14.096084
843	5	her	6.651327
843	6	friend	13.653079
843	7	to	2.877052
843	8	the	1.29123
843	9	regular	12.415573
843	10	customer	9.778372
843	11	.	1.302975
843	12	<eos>	-0.0
844	1	I	0.0
844	2	know	6.278276
844	3	who	6.580016
844	4	the	5.056487
844	5	hostess	16.400995
844	6	introduced	14.445141
844	7	her	6.706944
844	8	friend	11.041501
844	9	to	2.756852
844	10	the	1.415614
844	11	regular	11.824375
844	12	customer	8.004092
844	13	.	1.130443
844	14	<eos>	-0.0
845	1	I	0.0
845	2	know	6.278276
845	3	that	2.352433
845	4	the	2.35511
845	5	heiress	18.643335
845	6	believed	10.81094
845	7	introduced	20.132547
845	8	her	4.873197
845	9	friend	13.402925
845	10	to	2.975034
845	11	the	1.443719
845	12	regular	14.170121
845	13	customer	11.366263
845	14	.	1.462494
845	15	<eos>	-0.0
846	1	I	0.0
846	2	know	6.278276
846	3	that	2.352433
846	4	the	2.35511
846	5	heiress	18.643335
846	6	believed	10.81094
846	7	the	3.400319
846	8	hostess	14.09582
846	9	introduced	15.845192
846	10	her	2.129011
846	11	friend	12.091109
846	12	to	2.508504
846	13	the	1.53458
846	14	regular	13.117308
846	15	customer	7.921031
846	16	.	1.297568
846	17	<eos>	-0.0
847	1	I	0.0
847	2	know	6.278276
847	3	who	6.580016
847	4	the	5.056487
847	5	heiress	16.55789
847	6	believed	10.224458
847	7	introduced	19.93149
847	8	her	11.018447
847	9	friend	13.048252
847	10	to	3.996872
847	11	the	1.386442
847	12	regular	14.554525
847	13	customer	11.7149
847	14	.	1.28837
847	15	<eos>	-0.0
848	1	I	0.0
848	2	know	6.278276
848	3	who	6.580016
848	4	the	5.056487
848	5	heiress	16.55789
848	6	believed	10.224458
848	7	the	6.069586
848	8	hostess	13.431581
848	9	introduced	15.172127
848	10	her	5.363676
848	11	friend	11.250354
848	12	to	2.471856
848	13	the	1.557349
848	14	regular	13.487247
848	15	customer	8.61823
848	16	.	0.997607
848	17	<eos>	-0.0
849	1	I	0.0
849	2	know	6.278276
849	3	that	2.352433
849	4	the	2.35511
849	5	heiress	18.643335
849	6	believed	10.81094
849	7	her	5.574176
849	8	friend	10.067882
849	9	said	11.339182
849	10	introduced	20.416019
849	11	her	2.082497
849	12	friend	13.267951
849	13	to	3.205706
849	14	the	1.903778
849	15	regular	14.43827
849	16	customer	10.004747
849	17	.	1.399718
849	18	<eos>	-0.0
850	1	I	0.0
850	2	know	6.278276
850	3	that	2.352433
850	4	the	2.35511
850	5	heiress	18.643335
850	6	believed	10.81094
850	7	her	5.574176
850	8	friend	10.067882
850	9	said	11.339182
850	10	the	4.120629
850	11	hostess	13.281849
850	12	introduced	14.417831
850	13	her	1.513618
850	14	friend	12.544471
850	15	to	2.564838
850	16	the	1.788132
850	17	regular	13.527104
850	18	customer	7.761085
850	19	.	1.139926
850	20	<eos>	-0.0
851	1	I	0.0
851	2	know	6.278276
851	3	who	6.580016
851	4	the	5.056487
851	5	heiress	16.55789
851	6	believed	10.224458
851	7	her	9.047324
851	8	friend	8.93782
851	9	said	10.132012
851	10	introduced	20.228493
851	11	her	5.712854
851	12	friend	13.21734
851	13	to	3.303908
851	14	the	2.064821
851	15	regular	15.094715
851	16	customer	11.10406
851	17	.	1.372214
851	18	<eos>	-0.0
852	1	I	0.0
852	2	know	6.278276
852	3	who	6.580016
852	4	the	5.056487
852	5	heiress	16.55789
852	6	believed	10.224458
852	7	her	9.047324
852	8	friend	8.93782
852	9	said	10.132012
852	10	the	5.579297
852	11	hostess	13.080466
852	12	introduced	14.100762
852	13	her	2.986933
852	14	friend	11.357776
852	15	to	2.455561
852	16	the	1.690805
852	17	regular	13.68327
852	18	customer	7.949856
852	19	.	0.936144
852	20	<eos>	-0.0
853	1	I	0.0
853	2	know	6.278276
853	3	that	2.352433
853	4	the	2.35511
853	5	heiress	18.643335
853	6	believed	10.81094
853	7	her	5.574176
853	8	friend	10.067882
853	9	said	11.339182
853	10	she	2.617829
853	11	knew	6.686641
853	12	introduced	22.097025
853	13	her	3.505326
853	14	friend	12.816712
853	15	to	3.066718
853	16	the	1.967314
853	17	regular	13.898782
853	18	customer	9.71724
853	19	.	1.229997
853	20	<eos>	-0.0
854	1	I	0.0
854	2	know	6.278276
854	3	that	2.352433
854	4	the	2.35511
854	5	heiress	18.643335
854	6	believed	10.81094
854	7	her	5.574176
854	8	friend	10.067882
854	9	said	11.339182
854	10	she	2.617829
854	11	knew	6.686641
854	12	the	3.380313
854	13	hostess	14.819387
854	14	introduced	15.324882
854	15	her	1.637486
854	16	friend	12.765261
854	17	to	2.715088
854	18	the	1.897385
854	19	regular	13.489871
854	20	customer	7.714092
854	21	.	1.025633
854	22	<eos>	-0.0
855	1	I	0.0
855	2	know	6.278276
855	3	who	6.580016
855	4	the	5.056487
855	5	heiress	16.55789
855	6	believed	10.224458
855	7	her	9.047324
855	8	friend	8.93782
855	9	said	10.132012
855	10	she	4.580163
855	11	knew	6.328324
855	12	introduced	21.561682
855	13	her	4.912344
855	14	friend	12.924147
855	15	to	3.140613
855	16	the	1.722721
855	17	regular	14.191585
855	18	customer	10.079965
855	19	.	1.178608
855	20	<eos>	-0.0
856	1	I	0.0
856	2	know	6.278276
856	3	who	6.580016
856	4	the	5.056487
856	5	heiress	16.55789
856	6	believed	10.224458
856	7	her	9.047324
856	8	friend	8.93782
856	9	said	10.132012
856	10	she	4.580163
856	11	knew	6.328324
856	12	the	4.252977
856	13	hostess	13.778676
856	14	introduced	14.725461
856	15	her	2.395866
856	16	friend	11.9228
856	17	to	2.736149
856	18	the	1.570459
856	19	regular	13.729592
856	20	customer	8.282368
856	21	.	0.983959
856	22	<eos>	-0.0
857	1	I	0.0
857	2	know	6.278276
857	3	that	2.352433
857	4	the	2.35511
857	5	heiress	18.643335
857	6	believed	10.81094
857	7	her	5.574176
857	8	friend	10.067882
857	9	said	11.339182
857	10	she	2.617829
857	11	knew	6.686641
857	12	the	3.380313
857	13	man	6.473441
857	14	noticed	15.079288
857	15	introduced	20.520517
857	16	her	6.675878
857	17	friend	11.506861
857	18	to	4.345488
857	19	the	2.55369
857	20	regular	15.074
857	21	customer	9.587605
857	22	.	1.180597
857	23	<eos>	-0.0
858	1	I	0.0
858	2	know	6.278276
858	3	that	2.352433
858	4	the	2.35511
858	5	heiress	18.643335
858	6	believed	10.81094
858	7	her	5.574176
858	8	friend	10.067882
858	9	said	11.339182
858	10	she	2.617829
858	11	knew	6.686641
858	12	the	3.380313
858	13	man	6.473441
858	14	noticed	15.079288
858	15	the	3.074018
858	16	hostess	16.314283
858	17	introduced	14.974469
858	18	her	1.808725
858	19	friend	12.618601
858	20	to	2.849449
858	21	the	1.801264
858	22	regular	13.91144
858	23	customer	7.498836
858	24	.	1.031073
858	25	<eos>	-0.0
859	1	I	0.0
859	2	know	6.278276
859	3	who	6.580016
859	4	the	5.056487
859	5	heiress	16.55789
859	6	believed	10.224458
859	7	her	9.047324
859	8	friend	8.93782
859	9	said	10.132012
859	10	she	4.580163
859	11	knew	6.328324
859	12	the	4.252977
859	13	man	6.227676
859	14	noticed	14.15603
859	15	introduced	20.681492
859	16	her	6.810835
859	17	friend	11.530199
859	18	to	4.273516
859	19	the	2.424006
859	20	regular	15.295739
859	21	customer	10.216806
859	22	.	1.207937
859	23	<eos>	-0.0
860	1	I	0.0
860	2	know	6.278276
860	3	who	6.580016
860	4	the	5.056487
860	5	heiress	16.55789
860	6	believed	10.224458
860	7	her	9.047324
860	8	friend	8.93782
860	9	said	10.132012
860	10	she	4.580163
860	11	knew	6.328324
860	12	the	4.252977
860	13	man	6.227676
860	14	noticed	14.15603
860	15	the	3.455068
860	16	hostess	16.065302
860	17	introduced	15.024411
860	18	her	2.338521
860	19	friend	12.111879
860	20	to	3.054468
860	21	the	1.630784
860	22	regular	14.10701
860	23	customer	7.898161
860	24	.	1.024377
860	25	<eos>	-0.0
861	1	You	0.0
861	2	know	6.225534
861	3	that	3.970907
861	4	waited	22.23073
861	5	for	1.5925
861	6	her	6.069277
861	7	mother	6.000154
861	8	at	8.138072
861	9	the	1.120662
861	10	movie	12.742756
861	11	theater	3.313704
861	12	.	3.020682
861	13	<eos>	-0.0
862	1	You	0.0
862	2	know	6.225534
862	3	that	3.970907
862	4	the	2.063794
862	5	young	9.309608
862	6	woman	4.543005
862	7	waited	13.550494
862	8	for	1.669596
862	9	her	3.039019
862	10	mother	5.446739
862	11	at	7.364026
862	12	the	1.112317
862	13	movie	13.128498
862	14	theater	2.347204
862	15	.	2.919811
862	16	<eos>	-0.0
863	1	You	0.0
863	2	know	6.225534
863	3	who	7.834128
863	4	waited	15.492964
863	5	for	1.184263
863	6	her	5.863674
863	7	mother	7.23395
863	8	at	7.343885
863	9	the	1.094431
863	10	movie	12.585514
863	11	theater	2.812581
863	12	.	2.00045
863	13	<eos>	-0.0
864	1	You	0.0
864	2	know	6.225534
864	3	who	7.834128
864	4	the	4.899722
864	5	young	9.266635
864	6	woman	5.496605
864	7	waited	14.124771
864	8	for	1.509153
864	9	her	5.045459
864	10	mother	4.50488
864	11	at	7.309522
864	12	the	1.489162
864	13	movie	13.913843
864	14	theater	3.373596
864	15	.	1.627654
864	16	<eos>	-0.0
865	1	You	0.0
865	2	know	6.225534
865	3	that	3.970907
865	4	the	2.063794
865	5	man	8.219696
865	6	said	8.884032
865	7	waited	20.868427
865	8	for	1.282483
865	9	her	4.476955
865	10	mother	6.962677
865	11	at	7.578189
865	12	the	1.096912
865	13	movie	12.569091
865	14	theater	2.730599
865	15	.	3.166699
865	16	<eos>	-0.0
866	1	You	0.0
866	2	know	6.225534
866	3	that	3.970907
866	4	the	2.063794
866	5	man	8.219696
866	6	said	8.884032
866	7	the	4.320282
866	8	young	9.554348
866	9	woman	3.837313
866	10	waited	13.480146
866	11	for	1.62265
866	12	her	2.825394
866	13	mother	5.94609
866	14	at	7.482993
866	15	the	1.08535
866	16	movie	12.964584
866	17	theater	2.632986
866	18	.	2.357134
866	19	<eos>	-0.0
867	1	You	0.0
867	2	know	6.225534
867	3	who	7.834128
867	4	the	4.899722
867	5	man	7.080769
867	6	said	7.862274
867	7	waited	19.748198
867	8	for	1.399629
867	9	her	4.72606
867	10	mother	6.283795
867	11	at	8.122462
867	12	the	1.026177
867	13	movie	12.282702
867	14	theater	2.390128
867	15	.	1.955374
867	16	<eos>	-0.0
868	1	You	0.0
868	2	know	6.225534
868	3	who	7.834128
868	4	the	4.899722
868	5	man	7.080769
868	6	said	7.862274
868	7	the	5.779932
868	8	young	9.475592
868	9	woman	3.980259
868	10	waited	14.148033
868	11	for	1.551975
868	12	her	3.471745
868	13	mother	4.62699
868	14	at	7.097529
868	15	the	1.461277
868	16	movie	13.297508
868	17	theater	3.231932
868	18	.	1.476811
868	19	<eos>	-0.0
869	1	You	0.0
869	2	know	6.225534
869	3	that	3.970907
869	4	the	2.063794
869	5	man	8.219696
869	6	said	8.884032
869	7	the	4.320282
869	8	attendant	15.349036
869	9	saw	9.200145
869	10	waited	21.242094
869	11	for	2.203153
869	12	her	5.314366
869	13	mother	6.886781
869	14	at	7.915937
869	15	the	1.081217
869	16	movie	13.195453
869	17	theater	2.803336
869	18	.	2.637552
869	19	<eos>	-0.0
870	1	You	0.0
870	2	know	6.225534
870	3	that	3.970907
870	4	the	2.063794
870	5	man	8.219696
870	6	said	8.884032
870	7	the	4.320282
870	8	attendant	15.349036
870	9	saw	9.200145
870	10	the	2.213568
870	11	young	8.541766
870	12	woman	3.536125
870	13	waited	16.142225
870	14	for	1.731455
870	15	her	3.148391
870	16	mother	6.199065
870	17	at	7.571677
870	18	the	1.039525
870	19	movie	13.111462
870	20	theater	2.611535
870	21	.	2.24388
870	22	<eos>	-0.0
871	1	You	0.0
871	2	know	6.225534
871	3	who	7.834128
871	4	the	4.899722
871	5	man	7.080769
871	6	said	7.862274
871	7	the	5.779932
871	8	attendant	15.786766
871	9	saw	8.322123
871	10	waited	18.534559
871	11	for	1.920182
871	12	her	4.985203
871	13	mother	6.618245
871	14	at	8.128702
871	15	the	1.050035
871	16	movie	12.786596
871	17	theater	2.468961
871	18	.	1.861852
871	19	<eos>	-0.0
872	1	You	0.0
872	2	know	6.225534
872	3	who	7.834128
872	4	the	4.899722
872	5	man	7.080769
872	6	said	7.862274
872	7	the	5.779932
872	8	attendant	15.786766
872	9	saw	8.322123
872	10	the	3.947586
872	11	young	8.697329
872	12	woman	3.918401
872	13	waited	15.722792
872	14	for	1.666918
872	15	her	3.254669
872	16	mother	5.285409
872	17	at	7.146969
872	18	the	1.039976
872	19	movie	12.97556
872	20	theater	2.673052
872	21	.	1.49458
872	22	<eos>	-0.0
873	1	You	0.0
873	2	know	6.225534
873	3	that	3.970907
873	4	the	2.063794
873	5	man	8.219696
873	6	said	8.884032
873	7	the	4.320282
873	8	attendant	15.349036
873	9	saw	9.200145
873	10	her	5.208726
873	11	friend	12.371125
873	12	knew	14.192234
873	13	waited	21.469633
873	14	for	2.253097
873	15	her	3.144527
873	16	mother	6.338396
873	17	at	7.014553
873	18	the	0.98714
873	19	movie	12.127536
873	20	theater	3.156052
873	21	.	1.807295
873	22	<eos>	-0.0
874	1	You	0.0
874	2	know	6.225534
874	3	that	3.970907
874	4	the	2.063794
874	5	man	8.219696
874	6	said	8.884032
874	7	the	4.320282
874	8	attendant	15.349036
874	9	saw	9.200145
874	10	her	5.208726
874	11	friend	12.371125
874	12	knew	14.192234
874	13	the	3.663167
874	14	young	8.78565
874	15	woman	2.975559
874	16	waited	15.556384
874	17	for	1.492301
874	18	her	2.390516
874	19	mother	6.004869
874	20	at	7.670279
874	21	the	1.041258
874	22	movie	12.650131
874	23	theater	2.914692
874	24	.	1.769281
874	25	<eos>	-0.0
875	1	You	0.0
875	2	know	6.225534
875	3	who	7.834128
875	4	the	4.899722
875	5	man	7.080769
875	6	said	7.862274
875	7	the	5.779932
875	8	attendant	15.786766
875	9	saw	8.322123
875	10	her	7.326251
875	11	friend	11.712076
875	12	knew	11.684657
875	13	waited	20.24581
875	14	for	1.843877
875	15	her	3.33842
875	16	mother	6.416154
875	17	at	7.449287
875	18	the	1.026246
875	19	movie	11.802883
875	20	theater	2.76888
875	21	.	1.509963
875	22	<eos>	-0.0
876	1	You	0.0
876	2	know	6.225534
876	3	who	7.834128
876	4	the	4.899722
876	5	man	7.080769
876	6	said	7.862274
876	7	the	5.779932
876	8	attendant	15.786766
876	9	saw	8.322123
876	10	her	7.326251
876	11	friend	11.712076
876	12	knew	11.684657
876	13	the	4.79768
876	14	young	9.113136
876	15	woman	3.730933
876	16	waited	14.757599
876	17	for	1.504878
876	18	her	2.468312
876	19	mother	5.504123
876	20	at	7.29865
876	21	the	1.026884
876	22	movie	12.377799
876	23	theater	2.769406
876	24	.	1.306209
876	25	<eos>	-0.0
877	1	You	0.0
877	2	know	6.225534
877	3	that	3.970907
877	4	the	2.063794
877	5	man	8.219696
877	6	said	8.884032
877	7	the	4.320282
877	8	attendant	15.349036
877	9	saw	9.200145
877	10	her	5.208726
877	11	friend	12.371125
877	12	knew	14.192234
877	13	his	6.378589
877	14	father	3.220388
877	15	saw	12.514225
877	16	waited	23.134672
877	17	for	1.908513
877	18	her	3.389848
877	19	mother	6.112643
877	20	at	7.520181
877	21	the	1.011955
877	22	movie	12.761974
877	23	theater	2.867853
877	24	.	1.855615
877	25	<eos>	-0.0
878	1	You	0.0
878	2	know	6.225534
878	3	that	3.970907
878	4	the	2.063794
878	5	man	8.219696
878	6	said	8.884032
878	7	the	4.320282
878	8	attendant	15.349036
878	9	saw	9.200145
878	10	her	5.208726
878	11	friend	12.371125
878	12	knew	14.192234
878	13	his	6.378589
878	14	father	3.220388
878	15	saw	12.514225
878	16	the	2.841903
878	17	young	8.106237
878	18	woman	3.060193
878	19	waited	16.119892
878	20	for	1.684399
878	21	her	2.696454
878	22	mother	5.946572
878	23	at	7.58111
878	24	the	1.025752
878	25	movie	12.785874
878	26	theater	2.619135
878	27	.	1.775167
878	28	<eos>	-0.0
879	1	You	0.0
879	2	know	6.225534
879	3	who	7.834128
879	4	the	4.899722
879	5	man	7.080769
879	6	said	7.862274
879	7	the	5.779932
879	8	attendant	15.786766
879	9	saw	8.322123
879	10	her	7.326251
879	11	friend	11.712076
879	12	knew	11.684657
879	13	his	7.638391
879	14	father	3.114487
879	15	saw	10.793886
879	16	waited	21.498047
879	17	for	1.947613
879	18	her	3.638134
879	19	mother	5.545714
879	20	at	7.683558
879	21	the	1.039243
879	22	movie	12.461408
879	23	theater	2.571187
879	24	.	1.596304
879	25	<eos>	-0.0
880	1	You	0.0
880	2	know	6.225534
880	3	who	7.834128
880	4	the	4.899722
880	5	man	7.080769
880	6	said	7.862274
880	7	the	5.779932
880	8	attendant	15.786766
880	9	saw	8.322123
880	10	her	7.326251
880	11	friend	11.712076
880	12	knew	11.684657
880	13	his	7.638391
880	14	father	3.114487
880	15	saw	10.793886
880	16	the	4.524452
880	17	young	7.920349
880	18	woman	3.33535
880	19	waited	17.14122
880	20	for	1.618758
880	21	her	2.465161
880	22	mother	5.077103
880	23	at	7.355675
880	24	the	1.008418
880	25	movie	12.594277
880	26	theater	2.544032
880	27	.	1.414684
880	28	<eos>	-0.0
881	1	The	0.0
881	2	neighbors	19.85931
881	3	found	9.47903
881	4	out	4.628185
881	5	that	1.608931
881	6	bought	17.526529
881	7	a	4.05085
881	8	gift	10.754755
881	9	for	3.856339
881	10	her	6.041093
881	11	parents	9.229365
881	12	.	1.919647
881	13	<eos>	-0.0
882	1	The	0.0
882	2	neighbors	19.85931
882	3	found	9.47903
882	4	out	4.628185
882	5	that	1.608931
882	6	the	1.905013
882	7	young	8.942393
882	8	woman	4.641208
882	9	bought	12.46304
882	10	a	2.343345
882	11	gift	10.219428
882	12	for	3.197521
882	13	her	2.941835
882	14	parents	8.339004
882	15	.	1.979785
882	16	<eos>	-0.0
883	1	The	0.0
883	2	neighbors	19.85931
883	3	found	9.47903
883	4	out	4.628185
883	5	who	6.983115
883	6	bought	9.920401
883	7	a	4.039316
883	8	gift	11.45949
883	9	for	3.88957
883	10	her	6.224123
883	11	parents	9.216543
883	12	.	1.524781
883	13	<eos>	-0.0
884	1	The	0.0
884	2	neighbors	19.85931
884	3	found	9.47903
884	4	out	4.628185
884	5	who	6.983115
884	6	the	5.591197
884	7	young	9.19929
884	8	woman	5.598924
884	9	bought	11.923433
884	10	a	5.426787
884	11	gift	9.223959
884	12	for	3.711558
884	13	her	3.031185
884	14	parents	7.939684
884	15	.	1.489659
884	16	<eos>	-0.0
885	1	The	0.0
885	2	neighbors	19.85931
885	3	found	9.47903
885	4	out	4.628185
885	5	that	1.608931
885	6	her	7.417572
885	7	mother	3.818226
885	8	heard	10.738398
885	9	bought	20.577961
885	10	a	3.387357
885	11	gift	8.260189
885	12	for	3.614522
885	13	her	1.743943
885	14	parents	9.043642
885	15	.	1.907649
885	16	<eos>	-0.0
886	1	The	0.0
886	2	neighbors	19.85931
886	3	found	9.47903
886	4	out	4.628185
886	5	that	1.608931
886	6	her	7.417572
886	7	mother	3.818226
886	8	heard	10.738398
886	9	the	3.073617
886	10	young	9.113829
886	11	woman	2.894065
886	12	bought	13.953624
886	13	a	3.236473
886	14	gift	8.930978
886	15	for	4.01836
886	16	her	2.040075
886	17	parents	8.623808
886	18	.	1.538526
886	19	<eos>	-0.0
887	1	The	0.0
887	2	neighbors	19.85931
887	3	found	9.47903
887	4	out	4.628185
887	5	who	6.983115
887	6	her	11.259278
887	7	mother	3.197168
887	8	heard	8.284397
887	9	bought	17.949383
887	10	a	5.076375
887	11	gift	9.132909
887	12	for	4.211281
887	13	her	1.705594
887	14	parents	8.495094
887	15	.	1.297248
887	16	<eos>	-0.0
888	1	The	0.0
888	2	neighbors	19.85931
888	3	found	9.47903
888	4	out	4.628185
888	5	who	6.983115
888	6	her	11.259278
888	7	mother	3.197168
888	8	heard	8.284397
888	9	the	4.60104
888	10	young	8.059778
888	11	woman	3.627019
888	12	bought	12.759915
888	13	a	6.024395
888	14	gift	8.37826
888	15	for	4.173868
888	16	her	1.780193
888	17	parents	8.484871
888	18	.	1.360082
888	19	<eos>	-0.0
889	1	The	0.0
889	2	neighbors	19.85931
889	3	found	9.47903
889	4	out	4.628185
889	5	that	1.608931
889	6	her	7.417572
889	7	mother	3.818226
889	8	heard	10.738398
889	9	the	3.073617
889	10	newspaper	10.929636
889	11	reported	8.215204
889	12	bought	19.869873
889	13	a	5.017886
889	14	gift	9.920691
889	15	for	4.884397
889	16	her	1.828382
889	17	parents	9.653032
889	18	.	1.527436
889	19	<eos>	-0.0
890	1	The	0.0
890	2	neighbors	19.85931
890	3	found	9.47903
890	4	out	4.628185
890	5	that	1.608931
890	6	her	7.417572
890	7	mother	3.818226
890	8	heard	10.738398
890	9	the	3.073617
890	10	newspaper	10.929636
890	11	reported	8.215204
890	12	the	4.929319
890	13	young	10.405571
890	14	woman	3.019162
890	15	bought	13.048109
890	16	a	2.989495
890	17	gift	9.654736
890	18	for	3.906209
890	19	her	2.087915
890	20	parents	8.909584
890	21	.	1.463642
890	22	<eos>	-0.0
891	1	The	0.0
891	2	neighbors	19.85931
891	3	found	9.47903
891	4	out	4.628185
891	5	who	6.983115
891	6	her	11.259278
891	7	mother	3.197168
891	8	heard	8.284397
891	9	the	4.60104
891	10	newspaper	11.083835
891	11	reported	7.501181
891	12	bought	18.319567
891	13	a	5.400783
891	14	gift	9.487489
891	15	for	4.540839
891	16	her	1.702482
891	17	parents	9.513465
891	18	.	1.213934
891	19	<eos>	-0.0
892	1	The	0.0
892	2	neighbors	19.85931
892	3	found	9.47903
892	4	out	4.628185
892	5	who	6.983115
892	6	her	11.259278
892	7	mother	3.197168
892	8	heard	8.284397
892	9	the	4.60104
892	10	newspaper	11.083835
892	11	reported	7.501181
892	12	the	7.226742
892	13	young	9.856519
892	14	woman	3.229316
892	15	bought	11.527188
892	16	a	2.994598
892	17	gift	9.901514
892	18	for	3.523117
892	19	her	2.280264
892	20	parents	8.850643
892	21	.	1.276861
892	22	<eos>	-0.0
893	1	The	0.0
893	2	neighbors	19.85931
893	3	found	9.47903
893	4	out	4.628185
893	5	that	1.608931
893	6	her	7.417572
893	7	mother	3.818226
893	8	heard	10.738398
893	9	the	3.073617
893	10	newspaper	10.929636
893	11	reported	8.215204
893	12	the	4.929319
893	13	mayor	13.224677
893	14	said	8.171402
893	15	bought	18.713345
893	16	a	3.222861
893	17	gift	9.888911
893	18	for	4.412708
893	19	her	2.296225
893	20	parents	8.666869
893	21	.	1.245628
893	22	<eos>	-0.0
894	1	The	0.0
894	2	neighbors	19.85931
894	3	found	9.47903
894	4	out	4.628185
894	5	that	1.608931
894	6	her	7.417572
894	7	mother	3.818226
894	8	heard	10.738398
894	9	the	3.073617
894	10	newspaper	10.929636
894	11	reported	8.215204
894	12	the	4.929319
894	13	mayor	13.224677
894	14	said	8.171402
894	15	the	4.965578
894	16	young	9.282232
894	17	woman	2.883322
894	18	bought	12.154949
894	19	a	2.331457
894	20	gift	10.665464
894	21	for	3.480662
894	22	her	2.417976
894	23	parents	8.514906
894	24	.	1.244403
894	25	<eos>	-0.0
895	1	The	0.0
895	2	neighbors	19.85931
895	3	found	9.47903
895	4	out	4.628185
895	5	who	6.983115
895	6	her	11.259278
895	7	mother	3.197168
895	8	heard	8.284397
895	9	the	4.60104
895	10	newspaper	11.083835
895	11	reported	7.501181
895	12	the	7.226742
895	13	mayor	14.087319
895	14	said	7.380359
895	15	bought	17.895662
895	16	a	2.973827
895	17	gift	9.879182
895	18	for	4.221909
895	19	her	2.373577
895	20	parents	9.05734
895	21	.	1.165104
895	22	<eos>	-0.0
896	1	The	0.0
896	2	neighbors	19.85931
896	3	found	9.47903
896	4	out	4.628185
896	5	who	6.983115
896	6	her	11.259278
896	7	mother	3.197168
896	8	heard	8.284397
896	9	the	4.60104
896	10	newspaper	11.083835
896	11	reported	7.501181
896	12	the	7.226742
896	13	mayor	14.087319
896	14	said	7.380359
896	15	the	5.382035
896	16	young	9.044118
896	17	woman	2.776672
896	18	bought	11.894275
896	19	a	2.375311
896	20	gift	10.567697
896	21	for	3.435106
896	22	her	2.39273
896	23	parents	8.70044
896	24	.	1.1886
896	25	<eos>	-0.0
897	1	The	0.0
897	2	neighbors	19.85931
897	3	found	9.47903
897	4	out	4.628185
897	5	that	1.608931
897	6	her	7.417572
897	7	mother	3.818226
897	8	heard	10.738398
897	9	the	3.073617
897	10	newspaper	10.929636
897	11	reported	8.215204
897	12	the	4.929319
897	13	mayor	13.224677
897	14	said	8.171402
897	15	his	8.444255
897	16	assistant	11.722233
897	17	saw	9.998995
897	18	bought	20.048691
897	19	a	2.624882
897	20	gift	10.068794
897	21	for	3.724803
897	22	her	3.136029
897	23	parents	9.947209
897	24	.	1.266927
897	25	<eos>	-0.0
898	1	The	0.0
898	2	neighbors	19.85931
898	3	found	9.47903
898	4	out	4.628185
898	5	that	1.608931
898	6	her	7.417572
898	7	mother	3.818226
898	8	heard	10.738398
898	9	the	3.073617
898	10	newspaper	10.929636
898	11	reported	8.215204
898	12	the	4.929319
898	13	mayor	13.224677
898	14	said	8.171402
898	15	his	8.444255
898	16	assistant	11.722233
898	17	saw	9.998995
898	18	the	2.947558
898	19	young	9.100816
898	20	woman	2.983731
898	21	bought	14.665736
898	22	a	2.605928
898	23	gift	9.710025
898	24	for	3.798956
898	25	her	2.379017
898	26	parents	9.259068
898	27	.	1.157925
898	28	<eos>	-0.0
899	1	The	0.0
899	2	neighbors	19.85931
899	3	found	9.47903
899	4	out	4.628185
899	5	who	6.983115
899	6	her	11.259278
899	7	mother	3.197168
899	8	heard	8.284397
899	9	the	4.60104
899	10	newspaper	11.083835
899	11	reported	7.501181
899	12	the	7.226742
899	13	mayor	14.087319
899	14	said	7.380359
899	15	his	9.341043
899	16	assistant	11.747251
899	17	saw	9.988601
899	18	bought	20.063217
899	19	a	2.719914
899	20	gift	9.952475
899	21	for	3.598243
899	22	her	3.021936
899	23	parents	10.226216
899	24	.	1.189829
899	25	<eos>	-0.0
900	1	The	0.0
900	2	neighbors	19.85931
900	3	found	9.47903
900	4	out	4.628185
900	5	who	6.983115
900	6	her	11.259278
900	7	mother	3.197168
900	8	heard	8.284397
900	9	the	4.60104
900	10	newspaper	11.083835
900	11	reported	7.501181
900	12	the	7.226742
900	13	mayor	14.087319
900	14	said	7.380359
900	15	his	9.341043
900	16	assistant	11.747251
900	17	saw	9.988601
900	18	the	2.980153
900	19	young	9.056273
900	20	woman	3.036088
900	21	bought	14.753639
900	22	a	2.619675
900	23	gift	9.568533
900	24	for	3.727998
900	25	her	2.363559
900	26	parents	9.460905
900	27	.	1.103878
900	28	<eos>	-0.0
901	1	He	0.0
901	2	knows	11.52312
901	3	that	2.297416
901	4	interrogated	23.171738
901	5	the	5.947554
901	6	suspect	10.442802
901	7	in	4.021019
901	8	the	1.577046
901	9	basement	9.321171
901	10	.	2.316566
901	11	<eos>	-0.0
902	1	He	0.0
902	2	knows	11.52312
902	3	that	2.297416
902	4	the	2.267236
902	5	police	8.530047
902	6	interrogated	15.367977
902	7	the	3.771311
902	8	suspect	6.279643
902	9	in	4.049634
902	10	the	1.718479
902	11	basement	7.246647
902	12	.	2.334872
902	13	<eos>	-0.0
903	1	He	0.0
903	2	knows	11.52312
903	3	who	6.622077
903	4	interrogated	20.533836
903	5	the	3.401484
903	6	suspect	9.488244
903	7	in	4.047707
903	8	the	1.569863
903	9	basement	9.045883
903	10	.	2.127966
903	11	<eos>	-0.0
904	1	He	0.0
904	2	knows	11.52312
904	3	who	6.622077
904	4	the	4.020604
904	5	police	8.129345
904	6	interrogated	15.314926
904	7	the	5.109066
904	8	suspect	8.053413
904	9	in	4.428469
904	10	the	1.541857
904	11	basement	7.803765
904	12	.	1.894446
904	13	<eos>	-0.0
905	1	He	0.0
905	2	knows	11.52312
905	3	that	2.297416
905	4	the	2.267236
905	5	inspector	15.041479
905	6	believed	11.731547
905	7	interrogated	22.290459
905	8	the	5.772788
905	9	suspect	8.847337
905	10	in	4.091861
905	11	the	1.589545
905	12	basement	10.158362
905	13	.	2.179257
905	14	<eos>	-0.0
906	1	He	0.0
906	2	knows	11.52312
906	3	that	2.297416
906	4	the	2.267236
906	5	inspector	15.041479
906	6	believed	11.731547
906	7	the	2.910822
906	8	police	7.193908
906	9	interrogated	13.903552
906	10	the	3.453726
906	11	suspect	5.839078
906	12	in	4.170853
906	13	the	1.820097
906	14	basement	7.130041
906	15	.	1.998897
906	16	<eos>	-0.0
907	1	He	0.0
907	2	knows	11.52312
907	3	who	6.622077
907	4	the	4.020604
907	5	inspector	13.512759
907	6	believed	11.070517
907	7	interrogated	22.417589
907	8	the	3.882936
907	9	suspect	8.449865
907	10	in	4.41106
907	11	the	1.51414
907	12	basement	10.514669
907	13	.	1.971791
907	14	<eos>	-0.0
908	1	He	0.0
908	2	knows	11.52312
908	3	who	6.622077
908	4	the	4.020604
908	5	inspector	13.512759
908	6	believed	11.070517
908	7	the	4.063472
908	8	police	7.576155
908	9	interrogated	13.524036
908	10	the	4.316353
908	11	suspect	6.074387
908	12	in	4.430937
908	13	the	1.68689
908	14	basement	7.687025
908	15	.	1.774625
908	16	<eos>	-0.0
909	1	He	0.0
909	2	knows	11.52312
909	3	that	2.297416
909	4	the	2.267236
909	5	inspector	15.041479
909	6	believed	11.731547
909	7	the	2.910822
909	8	man	7.213985
909	9	reported	15.151385
909	10	interrogated	20.432131
909	11	the	4.579003
909	12	suspect	6.111029
909	13	in	3.870675
909	14	the	1.72399
909	15	basement	8.514021
909	16	.	1.902578
909	17	<eos>	-0.0
910	1	He	0.0
910	2	knows	11.52312
910	3	that	2.297416
910	4	the	2.267236
910	5	inspector	15.041479
910	6	believed	11.731547
910	7	the	2.910822
910	8	man	7.213985
910	9	reported	15.151385
910	10	the	3.951287
910	11	police	9.081365
910	12	interrogated	12.674258
910	13	the	4.044876
910	14	suspect	6.728635
910	15	in	3.971242
910	16	the	1.772189
910	17	basement	7.09364
910	18	.	1.968053
910	19	<eos>	-0.0
911	1	He	0.0
911	2	knows	11.52312
911	3	who	6.622077
911	4	the	4.020604
911	5	inspector	13.512759
911	6	believed	11.070517
911	7	the	4.063472
911	8	man	6.579727
911	9	reported	14.130175
911	10	interrogated	21.467287
911	11	the	4.653183
911	12	suspect	7.170107
911	13	in	4.26038
911	14	the	1.670325
911	15	basement	8.681566
911	16	.	1.735436
911	17	<eos>	-0.0
912	1	He	0.0
912	2	knows	11.52312
912	3	who	6.622077
912	4	the	4.020604
912	5	inspector	13.512759
912	6	believed	11.070517
912	7	the	4.063472
912	8	man	6.579727
912	9	reported	14.130175
912	10	the	4.985235
912	11	police	8.622252
912	12	interrogated	12.020588
912	13	the	4.71544
912	14	suspect	7.670048
912	15	in	4.058625
912	16	the	1.669453
912	17	basement	6.893057
912	18	.	1.859326
912	19	<eos>	-0.0
913	1	He	0.0
913	2	knows	11.52312
913	3	that	2.297416
913	4	the	2.267236
913	5	inspector	15.041479
913	6	believed	11.731547
913	7	the	2.910822
913	8	man	7.213985
913	9	reported	15.151385
913	10	he	5.295085
913	11	knew	6.731872
913	12	interrogated	23.435448
913	13	the	5.768044
913	14	suspect	9.200761
913	15	in	4.543672
913	16	the	1.599008
913	17	basement	7.719491
913	18	.	1.970505
913	19	<eos>	-0.0
914	1	He	0.0
914	2	knows	11.52312
914	3	that	2.297416
914	4	the	2.267236
914	5	inspector	15.041479
914	6	believed	11.731547
914	7	the	2.910822
914	8	man	7.213985
914	9	reported	15.151385
914	10	he	5.295085
914	11	knew	6.731872
914	12	the	2.930772
914	13	police	6.533646
914	14	interrogated	14.072446
914	15	the	3.946044
914	16	suspect	5.904538
914	17	in	4.711089
914	18	the	1.698776
914	19	basement	7.633717
914	20	.	1.859567
914	21	<eos>	-0.0
915	1	He	0.0
915	2	knows	11.52312
915	3	who	6.622077
915	4	the	4.020604
915	5	inspector	13.512759
915	6	believed	11.070517
915	7	the	4.063472
915	8	man	6.579727
915	9	reported	14.130175
915	10	he	5.929849
915	11	knew	6.206069
915	12	interrogated	23.066025
915	13	the	5.260245
915	14	suspect	10.000879
915	15	in	4.432566
915	16	the	1.576503
915	17	basement	8.212324
915	18	.	1.758803
915	19	<eos>	-0.0
916	1	He	0.0
916	2	knows	11.52312
916	3	who	6.622077
916	4	the	4.020604
916	5	inspector	13.512759
916	6	believed	11.070517
916	7	the	4.063472
916	8	man	6.579727
916	9	reported	14.130175
916	10	he	5.929849
916	11	knew	6.206069
916	12	the	3.130877
916	13	police	6.786123
916	14	interrogated	14.155642
916	15	the	3.929493
916	16	suspect	6.086908
916	17	in	4.710816
916	18	the	1.631366
916	19	basement	7.78119
916	20	.	1.724301
916	21	<eos>	-0.0
917	1	He	0.0
917	2	knows	11.52312
917	3	that	2.297416
917	4	the	2.267236
917	5	inspector	15.041479
917	6	believed	11.731547
917	7	the	2.910822
917	8	man	7.213985
917	9	reported	15.151385
917	10	he	5.295085
917	11	knew	6.731872
917	12	he	3.111703
917	13	noticed	14.675515
917	14	interrogated	23.525532
917	15	the	10.345168
917	16	suspect	7.993191
917	17	in	4.319005
917	18	the	1.485395
917	19	basement	7.178297
917	20	.	1.871004
917	21	<eos>	-0.0
918	1	He	0.0
918	2	knows	11.52312
918	3	that	2.297416
918	4	the	2.267236
918	5	inspector	15.041479
918	6	believed	11.731547
918	7	the	2.910822
918	8	man	7.213985
918	9	reported	15.151385
918	10	he	5.295085
918	11	knew	6.731872
918	12	he	3.111703
918	13	noticed	14.675515
918	14	the	1.973048
918	15	police	7.991595
918	16	interrogated	13.627529
918	17	the	4.412235
918	18	suspect	6.520056
918	19	in	4.206502
918	20	the	1.707274
918	21	basement	6.928143
918	22	.	1.835189
918	23	<eos>	-0.0
919	1	He	0.0
919	2	knows	11.52312
919	3	who	6.622077
919	4	the	4.020604
919	5	inspector	13.512759
919	6	believed	11.070517
919	7	the	4.063472
919	8	man	6.579727
919	9	reported	14.130175
919	10	he	5.929849
919	11	knew	6.206069
919	12	he	3.685515
919	13	noticed	14.040776
919	14	interrogated	23.296528
919	15	the	10.240221
919	16	suspect	8.446509
919	17	in	4.560656
919	18	the	1.434271
919	19	basement	7.260523
919	20	.	1.71251
919	21	<eos>	-0.0
920	1	He	0.0
920	2	knows	11.52312
920	3	who	6.622077
920	4	the	4.020604
920	5	inspector	13.512759
920	6	believed	11.070517
920	7	the	4.063472
920	8	man	6.579727
920	9	reported	14.130175
920	10	he	5.929849
920	11	knew	6.206069
920	12	he	3.685515
920	13	noticed	14.040776
920	14	the	2.023489
920	15	police	7.930127
920	16	interrogated	13.622322
920	17	the	4.378204
920	18	suspect	6.777507
920	19	in	4.201062
920	20	the	1.648924
920	21	basement	7.019902
920	22	.	1.744243
920	23	<eos>	-0.0
921	1	She	0.0
921	2	knows	11.608641
921	3	that	2.279035
921	4	thanked	23.80282
921	5	the	3.611878
921	6	cook	11.375936
921	7	in	5.174939
921	8	the	1.629708
921	9	mess	9.850444
921	10	hall	1.936641
921	11	.	2.049063
921	12	<eos>	-0.0
922	1	She	0.0
922	2	knows	11.608641
922	3	that	2.279035
922	4	the	2.521865
922	5	soldier	13.475011
922	6	thanked	18.171024
922	7	the	2.563069
922	8	cook	11.985868
922	9	in	5.7419
922	10	the	1.916088
922	11	mess	8.949756
922	12	hall	2.388715
922	13	.	2.060595
922	14	<eos>	-0.0
923	1	She	0.0
923	2	knows	11.608641
923	3	who	6.4446
923	4	thanked	19.805748
923	5	the	2.532903
923	6	cook	11.706377
923	7	in	5.976027
923	8	the	1.790334
923	9	mess	9.9835
923	10	hall	2.639534
923	11	.	1.628051
923	12	<eos>	-0.0
924	1	She	0.0
924	2	knows	11.608641
924	3	who	6.4446
924	4	the	4.386521
924	5	soldier	12.548326
924	6	thanked	18.822063
924	7	the	3.593876
924	8	cook	10.704247
924	9	in	5.44055
924	10	the	1.737608
924	11	mess	8.982972
924	12	hall	2.079907
924	13	.	1.460285
924	14	<eos>	-0.0
925	1	She	0.0
925	2	knows	11.608641
925	3	that	2.279035
925	4	the	2.521865
925	5	captain	10.949929
925	6	said	11.579579
925	7	thanked	22.812983
925	8	the	2.563245
925	9	cook	10.08505
925	10	in	5.904434
925	11	the	1.752627
925	12	mess	8.970877
925	13	hall	3.929432
925	14	.	2.544878
925	15	<eos>	-0.0
926	1	She	0.0
926	2	knows	11.608641
926	3	that	2.279035
926	4	the	2.521865
926	5	captain	10.949929
926	6	said	11.579579
926	7	the	3.196324
926	8	soldier	11.106823
926	9	thanked	15.753349
926	10	the	2.3308
926	11	cook	11.258563
926	12	in	5.682226
926	13	the	1.902232
926	14	mess	7.803182
926	15	hall	2.820894
926	16	.	1.919082
926	17	<eos>	-0.0
927	1	She	0.0
927	2	knows	11.608641
927	3	who	6.4446
927	4	the	4.386521
927	5	captain	10.887736
927	6	said	11.063321
927	7	thanked	23.017147
927	8	the	2.748772
927	9	cook	10.267442
927	10	in	5.905563
927	11	the	1.786452
927	12	mess	8.537251
927	13	hall	3.109758
927	14	.	1.532055
927	15	<eos>	-0.0
928	1	She	0.0
928	2	knows	11.608641
928	3	who	6.4446
928	4	the	4.386521
928	5	captain	10.887736
928	6	said	11.063321
928	7	the	5.432386
928	8	soldier	11.388744
928	9	thanked	15.675097
928	10	the	2.404149
928	11	cook	11.257418
928	12	in	5.478266
928	13	the	1.857344
928	14	mess	7.850598
928	15	hall	2.301099
928	16	.	1.539618
928	17	<eos>	-0.0
929	1	She	0.0
929	2	knows	11.608641
929	3	that	2.279035
929	4	the	2.521865
929	5	captain	10.949929
929	6	said	11.579579
929	7	the	3.196324
929	8	pilot	9.09827
929	9	thought	9.113612
929	10	thanked	20.474401
929	11	the	2.930015
929	12	cook	11.029179
929	13	in	5.691404
929	14	the	1.603557
929	15	mess	8.877066
929	16	hall	3.091182
929	17	.	1.817675
929	18	<eos>	-0.0
930	1	She	0.0
930	2	knows	11.608641
930	3	that	2.279035
930	4	the	2.521865
930	5	captain	10.949929
930	6	said	11.579579
930	7	the	3.196324
930	8	pilot	9.09827
930	9	thought	9.113612
930	10	the	3.232933
930	11	soldier	11.263265
930	12	thanked	16.911917
930	13	the	2.417019
930	14	cook	11.378214
930	15	in	5.508584
930	16	the	1.755818
930	17	mess	7.743292
930	18	hall	2.737201
930	19	.	1.826915
930	20	<eos>	-0.0
931	1	She	0.0
931	2	knows	11.608641
931	3	who	6.4446
931	4	the	4.386521
931	5	captain	10.887736
931	6	said	11.063321
931	7	the	5.432386
931	8	pilot	9.640817
931	9	thought	9.85538
931	10	thanked	19.304354
931	11	the	3.441755
931	12	cook	11.173971
931	13	in	5.812057
931	14	the	1.648653
931	15	mess	8.728067
931	16	hall	2.963619
931	17	.	1.421206
931	18	<eos>	-0.0
932	1	She	0.0
932	2	knows	11.608641
932	3	who	6.4446
932	4	the	4.386521
932	5	captain	10.887736
932	6	said	11.063321
932	7	the	5.432386
932	8	pilot	9.640817
932	9	thought	9.85538
932	10	the	4.620652
932	11	soldier	11.182689
932	12	thanked	16.323137
932	13	the	2.351496
932	14	cook	11.385551
932	15	in	5.454199
932	16	the	1.719007
932	17	mess	7.7873
932	18	hall	2.300052
932	19	.	1.48661
932	20	<eos>	-0.0
933	1	She	0.0
933	2	knows	11.608641
933	3	that	2.279035
933	4	the	2.521865
933	5	captain	10.949929
933	6	said	11.579579
933	7	the	3.196324
933	8	pilot	9.09827
933	9	thought	9.113612
933	10	he	3.849498
933	11	knew	6.973469
933	12	thanked	23.167299
933	13	the	2.756683
933	14	cook	10.550118
933	15	in	5.945577
933	16	the	1.543438
933	17	mess	8.049891
933	18	hall	3.025777
933	19	.	1.658611
933	20	<eos>	-0.0
934	1	She	0.0
934	2	knows	11.608641
934	3	that	2.279035
934	4	the	2.521865
934	5	captain	10.949929
934	6	said	11.579579
934	7	the	3.196324
934	8	pilot	9.09827
934	9	thought	9.113612
934	10	he	3.849498
934	11	knew	6.973469
934	12	the	2.619789
934	13	soldier	13.26722
934	14	thanked	18.66234
934	15	the	2.470435
934	16	cook	10.99162
934	17	in	5.834862
934	18	the	1.657946
934	19	mess	7.33152
934	20	hall	2.498372
934	21	.	1.521072
934	22	<eos>	-0.0
935	1	She	0.0
935	2	knows	11.608641
935	3	who	6.4446
935	4	the	4.386521
935	5	captain	10.887736
935	6	said	11.063321
935	7	the	5.432386
935	8	pilot	9.640817
935	9	thought	9.85538
935	10	he	5.289143
935	11	knew	6.594107
935	12	thanked	22.876308
935	13	the	2.551355
935	14	cook	10.593095
935	15	in	5.891231
935	16	the	1.515008
935	17	mess	8.23135
935	18	hall	2.723973
935	19	.	1.366688
935	20	<eos>	-0.0
936	1	She	0.0
936	2	knows	11.608641
936	3	who	6.4446
936	4	the	4.386521
936	5	captain	10.887736
936	6	said	11.063321
936	7	the	5.432386
936	8	pilot	9.640817
936	9	thought	9.85538
936	10	he	5.289143
936	11	knew	6.594107
936	12	the	2.549088
936	13	soldier	13.240169
936	14	thanked	18.537842
936	15	the	2.439026
936	16	cook	10.884764
936	17	in	5.768634
936	18	the	1.623322
936	19	mess	7.285906
936	20	hall	2.335625
936	21	.	1.32928
936	22	<eos>	-0.0
937	1	She	0.0
937	2	knows	11.608641
937	3	that	2.279035
937	4	the	2.521865
937	5	captain	10.949929
937	6	said	11.579579
937	7	the	3.196324
937	8	pilot	9.09827
937	9	thought	9.113612
937	10	he	3.849498
937	11	knew	6.973469
937	12	the	2.619789
937	13	man	6.03985
937	14	saw	10.042357
937	15	thanked	23.831812
937	16	the	2.924561
937	17	cook	10.729243
937	18	in	5.118997
937	19	the	1.472257
937	20	mess	7.518067
937	21	hall	2.344327
937	22	.	1.437753
937	23	<eos>	-0.0
938	1	She	0.0
938	2	knows	11.608641
938	3	that	2.279035
938	4	the	2.521865
938	5	captain	10.949929
938	6	said	11.579579
938	7	the	3.196324
938	8	pilot	9.09827
938	9	thought	9.113612
938	10	he	3.849498
938	11	knew	6.973469
938	12	the	2.619789
938	13	man	6.03985
938	14	saw	10.042357
938	15	the	2.155886
938	16	soldier	11.125813
938	17	thanked	18.109369
938	18	the	2.656698
938	19	cook	11.193954
938	20	in	5.442132
938	21	the	1.8414
938	22	mess	7.097099
938	23	hall	2.323586
938	24	.	1.433398
938	25	<eos>	-0.0
939	1	She	0.0
939	2	knows	11.608641
939	3	who	6.4446
939	4	the	4.386521
939	5	captain	10.887736
939	6	said	11.063321
939	7	the	5.432386
939	8	pilot	9.640817
939	9	thought	9.85538
939	10	he	5.289143
939	11	knew	6.594107
939	12	the	2.549088
939	13	man	6.073864
939	14	saw	9.773947
939	15	thanked	23.86541
939	16	the	2.893595
939	17	cook	10.695692
939	18	in	5.091741
939	19	the	1.470774
939	20	mess	7.630214
939	21	hall	2.051044
939	22	.	1.27699
939	23	<eos>	-0.0
940	1	She	0.0
940	2	knows	11.608641
940	3	who	6.4446
940	4	the	4.386521
940	5	captain	10.887736
940	6	said	11.063321
940	7	the	5.432386
940	8	pilot	9.640817
940	9	thought	9.85538
940	10	he	5.289143
940	11	knew	6.594107
940	12	the	2.549088
940	13	man	6.073864
940	14	saw	9.773947
940	15	the	2.149536
940	16	soldier	10.915978
940	17	thanked	18.16275
940	18	the	2.681152
940	19	cook	11.18134
940	20	in	5.312
940	21	the	1.803898
940	22	mess	7.060025
940	23	hall	2.122507
940	24	.	1.313274
940	25	<eos>	-0.0
941	1	They	0.0
941	2	know	9.486106
941	3	that	2.169621
941	4	reassured	24.087358
941	5	his	6.982665
941	6	client	7.978252
941	7	last	16.836494
941	8	night	6.810047
941	9	.	2.376312
941	10	<eos>	-0.0
942	1	They	0.0
942	2	know	9.486106
942	3	that	2.169621
942	4	the	1.87231
942	5	lawyer	14.833208
942	6	reassured	18.010143
942	7	his	4.100686
942	8	client	5.369612
942	9	last	19.143692
942	10	night	6.124096
942	11	.	2.595299
942	12	<eos>	-0.0
943	1	They	0.0
943	2	know	9.486106
943	3	who	7.200986
943	4	reassured	19.965004
943	5	his	6.026046
943	6	client	9.055054
943	7	last	15.957304
943	8	night	5.488246
943	9	.	1.294822
943	10	<eos>	-0.0
944	1	They	0.0
944	2	know	9.486106
944	3	who	7.200986
944	4	the	4.435805
944	5	lawyer	12.878922
944	6	reassured	18.358511
944	7	his	4.875077
944	8	client	6.964172
944	9	last	16.688019
944	10	night	6.798978
944	11	.	1.167778
944	12	<eos>	-0.0
945	1	They	0.0
945	2	know	9.486106
945	3	that	2.169621
945	4	the	1.87231
945	5	man	8.676832
945	6	said	10.027242
945	7	reassured	20.952414
945	8	his	4.303043
945	9	client	9.47841
945	10	last	19.680876
945	11	night	4.54824
945	12	.	2.901111
945	13	<eos>	-0.0
946	1	They	0.0
946	2	know	9.486106
946	3	that	2.169621
946	4	the	1.87231
946	5	man	8.676832
946	6	said	10.027242
946	7	the	4.453599
946	8	lawyer	13.614428
946	9	reassured	16.204134
946	10	his	4.556666
946	11	client	6.206606
946	12	last	17.96703
946	13	night	5.723814
946	14	.	2.109873
946	15	<eos>	-0.0
947	1	They	0.0
947	2	know	9.486106
947	3	who	7.200986
947	4	the	4.435805
947	5	man	7.552355
947	6	said	9.196861
947	7	reassured	20.139935
947	8	his	5.675194
947	9	client	9.826175
947	10	last	17.063623
947	11	night	4.468354
947	12	.	1.341287
947	13	<eos>	-0.0
948	1	They	0.0
948	2	know	9.486106
948	3	who	7.200986
948	4	the	4.435805
948	5	man	7.552355
948	6	said	9.196861
948	7	the	5.664548
948	8	lawyer	13.118917
948	9	reassured	16.733147
948	10	his	4.896126
948	11	client	7.139331
948	12	last	17.515863
948	13	night	6.915951
948	14	.	1.081125
948	15	<eos>	-0.0
949	1	They	0.0
949	2	know	9.486106
949	3	that	2.169621
949	4	the	1.87231
949	5	man	8.676832
949	6	said	10.027242
949	7	the	4.453599
949	8	neighbors	15.77784
949	9	thought	8.418538
949	10	reassured	20.369431
949	11	his	4.847709
949	12	client	10.877895
949	13	last	17.564886
949	14	night	4.943678
949	15	.	1.938817
949	16	<eos>	-0.0
950	1	They	0.0
950	2	know	9.486106
950	3	that	2.169621
950	4	the	1.87231
950	5	man	8.676832
950	6	said	10.027242
950	7	the	4.453599
950	8	neighbors	15.77784
950	9	thought	8.418538
950	10	the	3.326699
950	11	lawyer	13.634204
950	12	reassured	16.57375
950	13	his	5.0062
950	14	client	6.885299
950	15	last	17.828671
950	16	night	5.599126
950	17	.	1.756335
950	18	<eos>	-0.0
951	1	They	0.0
951	2	know	9.486106
951	3	who	7.200986
951	4	the	4.435805
951	5	man	7.552355
951	6	said	9.196861
951	7	the	5.664548
951	8	neighbors	14.513181
951	9	thought	9.174959
951	10	reassured	18.675402
951	11	his	5.924311
951	12	client	11.152742
951	13	last	15.93716
951	14	night	4.590936
951	15	.	0.998772
951	16	<eos>	-0.0
952	1	They	0.0
952	2	know	9.486106
952	3	who	7.200986
952	4	the	4.435805
952	5	man	7.552355
952	6	said	9.196861
952	7	the	5.664548
952	8	neighbors	14.513181
952	9	thought	9.174959
952	10	the	5.780319
952	11	lawyer	13.978185
952	12	reassured	17.189068
952	13	his	5.552411
952	14	client	7.458726
952	15	last	16.933783
952	16	night	6.491983
952	17	.	0.92336
952	18	<eos>	-0.0
953	1	They	0.0
953	2	know	9.486106
953	3	that	2.169621
953	4	the	1.87231
953	5	man	8.676832
953	6	said	10.027242
953	7	the	4.453599
953	8	neighbors	15.77784
953	9	thought	8.418538
953	10	they	3.037787
953	11	knew	6.801795
953	12	reassured	23.416805
953	13	his	4.265144
953	14	client	10.053427
953	15	last	18.876154
953	16	night	4.652886
953	17	.	1.931101
953	18	<eos>	-0.0
954	1	They	0.0
954	2	know	9.486106
954	3	that	2.169621
954	4	the	1.87231
954	5	man	8.676832
954	6	said	10.027242
954	7	the	4.453599
954	8	neighbors	15.77784
954	9	thought	8.418538
954	10	they	3.037787
954	11	knew	6.801795
954	12	the	3.06879
954	13	lawyer	13.830737
954	14	reassured	18.224369
954	15	his	5.076403
954	16	client	6.929802
954	17	last	18.554134
954	18	night	5.757805
954	19	.	1.351549
954	20	<eos>	-0.0
955	1	They	0.0
955	2	know	9.486106
955	3	who	7.200986
955	4	the	4.435805
955	5	man	7.552355
955	6	said	9.196861
955	7	the	5.664548
955	8	neighbors	14.513181
955	9	thought	9.174959
955	10	they	4.806448
955	11	knew	5.84828
955	12	reassured	22.665991
955	13	his	5.016604
955	14	client	10.698524
955	15	last	16.885378
955	16	night	5.211895
955	17	.	1.058145
955	18	<eos>	-0.0
956	1	They	0.0
956	2	know	9.486106
956	3	who	7.200986
956	4	the	4.435805
956	5	man	7.552355
956	6	said	9.196861
956	7	the	5.664548
956	8	neighbors	14.513181
956	9	thought	9.174959
956	10	they	4.806448
956	11	knew	5.84828
956	12	the	4.512748
956	13	lawyer	13.873551
956	14	reassured	18.210749
956	15	his	5.465963
956	16	client	6.843597
956	17	last	17.520145
956	18	night	6.441931
956	19	.	0.843162
956	20	<eos>	-0.0
957	1	They	0.0
957	2	know	9.486106
957	3	that	2.169621
957	4	the	1.87231
957	5	man	8.676832
957	6	said	10.027242
957	7	the	4.453599
957	8	neighbors	15.77784
957	9	thought	8.418538
957	10	they	3.037787
957	11	knew	6.801795
957	12	the	3.06879
957	13	woman	8.262601
957	14	noticed	13.772509
957	15	reassured	22.066299
957	16	his	5.18587
957	17	client	10.710024
957	18	last	18.408844
957	19	night	3.950813
957	20	.	1.378147
957	21	<eos>	-0.0
958	1	They	0.0
958	2	know	9.486106
958	3	that	2.169621
958	4	the	1.87231
958	5	man	8.676832
958	6	said	10.027242
958	7	the	4.453599
958	8	neighbors	15.77784
958	9	thought	8.418538
958	10	they	3.037787
958	11	knew	6.801795
958	12	the	3.06879
958	13	woman	8.262601
958	14	noticed	13.772509
958	15	the	2.403336
958	16	lawyer	15.798662
958	17	reassured	17.74608
958	18	his	5.478051
958	19	client	7.434251
958	20	last	19.303885
958	21	night	6.258227
958	22	.	1.214551
958	23	<eos>	-0.0
959	1	They	0.0
959	2	know	9.486106
959	3	who	7.200986
959	4	the	4.435805
959	5	man	7.552355
959	6	said	9.196861
959	7	the	5.664548
959	8	neighbors	14.513181
959	9	thought	9.174959
959	10	they	4.806448
959	11	knew	5.84828
959	12	the	4.512748
959	13	woman	8.081409
959	14	noticed	13.470942
959	15	reassured	21.964647
959	16	his	5.948405
959	17	client	11.080819
959	18	last	17.065718
959	19	night	4.437344
959	20	.	0.930524
959	21	<eos>	-0.0
960	1	They	0.0
960	2	know	9.486106
960	3	who	7.200986
960	4	the	4.435805
960	5	man	7.552355
960	6	said	9.196861
960	7	the	5.664548
960	8	neighbors	14.513181
960	9	thought	9.174959
960	10	they	4.806448
960	11	knew	5.84828
960	12	the	4.512748
960	13	woman	8.081409
960	14	noticed	13.470942
960	15	the	3.63785
960	16	lawyer	16.036188
960	17	reassured	18.403418
960	18	his	5.626124
960	19	client	7.241177
960	20	last	18.754274
960	21	night	6.612575
960	22	.	0.883547
960	23	<eos>	-0.0
961	1	He	0.0
961	2	reported	10.835539
961	3	that	1.868976
961	4	abandoned	18.28721
961	5	his	8.098972
961	6	comrades	10.497906
961	7	on	6.141594
961	8	the	1.188645
961	9	sinking	14.274176
961	10	ship	3.879592
961	11	.	4.889581
961	12	<eos>	-0.0
962	1	He	0.0
962	2	reported	10.835539
962	3	that	1.868976
962	4	the	2.223669
962	5	pirate	15.08892
962	6	abandoned	12.127116
962	7	his	3.560255
962	8	comrades	13.129704
962	9	on	5.672074
962	10	the	1.21421
962	11	sinking	13.026077
962	12	ship	2.699816
962	13	.	1.530841
962	14	<eos>	-0.0
963	1	He	0.0
963	2	reported	10.835539
963	3	who	12.096594
963	4	abandoned	12.534453
963	5	his	2.509955
963	6	comrades	13.311061
963	7	on	5.085872
963	8	the	1.570532
963	9	sinking	13.381483
963	10	ship	4.609264
963	11	.	1.516067
963	12	<eos>	-0.0
964	1	He	0.0
964	2	reported	10.835539
964	3	who	12.096594
964	4	the	7.066419
964	5	pirate	13.317845
964	6	abandoned	10.971252
964	7	his	4.300412
964	8	comrades	12.612097
964	9	on	5.613711
964	10	the	1.36854
964	11	sinking	12.435854
964	12	ship	3.437062
964	13	.	1.219955
964	14	<eos>	-0.0
965	1	He	0.0
965	2	reported	10.835539
965	3	that	1.868976
965	4	the	2.223669
965	5	sailor	15.286226
965	6	believed	9.453822
965	7	abandoned	15.275936
965	8	his	7.029066
965	9	comrades	11.146527
965	10	on	5.486104
965	11	the	1.180608
965	12	sinking	12.285345
965	13	ship	3.82196
965	14	.	2.647415
965	15	<eos>	-0.0
966	1	He	0.0
966	2	reported	10.835539
966	3	that	1.868976
966	4	the	2.223669
966	5	sailor	15.286226
966	6	believed	9.453822
966	7	the	3.357855
966	8	pirate	11.714226
966	9	abandoned	10.597886
966	10	his	4.503006
966	11	comrades	13.756886
966	12	on	5.889959
966	13	the	1.204529
966	14	sinking	12.305749
966	15	ship	2.547389
966	16	.	1.521563
966	17	<eos>	-0.0
967	1	He	0.0
967	2	reported	10.835539
967	3	who	12.096594
967	4	the	7.066419
967	5	sailor	13.935616
967	6	believed	8.457826
967	7	abandoned	14.966185
967	8	his	7.374037
967	9	comrades	11.954795
967	10	on	5.577889
967	11	the	1.328631
967	12	sinking	11.405374
967	13	ship	4.429269
967	14	.	1.204375
967	15	<eos>	-0.0
968	1	He	0.0
968	2	reported	10.835539
968	3	who	12.096594
968	4	the	7.066419
968	5	sailor	13.935616
968	6	believed	8.457826
968	7	the	5.40043
968	8	pirate	10.809874
968	9	abandoned	10.919599
968	10	his	4.382661
968	11	comrades	12.866776
968	12	on	5.920453
968	13	the	1.194964
968	14	sinking	11.674911
968	15	ship	2.682107
968	16	.	1.051549
968	17	<eos>	-0.0
969	1	He	0.0
969	2	reported	10.835539
969	3	that	1.868976
969	4	the	2.223669
969	5	sailor	15.286226
969	6	believed	9.453822
969	7	the	3.357855
969	8	man	7.844926
969	9	believed	10.063668
969	10	abandoned	14.656645
969	11	his	7.928572
969	12	comrades	10.524965
969	13	on	5.981214
969	14	the	1.042279
969	15	sinking	12.554238
969	16	ship	4.009652
969	17	.	2.715281
969	18	<eos>	-0.0
970	1	He	0.0
970	2	reported	10.835539
970	3	that	1.868976
970	4	the	2.223669
970	5	sailor	15.286226
970	6	believed	9.453822
970	7	the	3.357855
970	8	man	7.844926
970	9	believed	10.063668
970	10	the	3.312987
970	11	pirate	11.709449
970	12	abandoned	10.960413
970	13	his	4.347998
970	14	comrades	13.035264
970	15	on	6.056599
970	16	the	1.154499
970	17	sinking	12.528944
970	18	ship	2.811701
970	19	.	1.373763
970	20	<eos>	-0.0
971	1	He	0.0
971	2	reported	10.835539
971	3	who	12.096594
971	4	the	7.066419
971	5	sailor	13.935616
971	6	believed	8.457826
971	7	the	5.40043
971	8	man	7.061163
971	9	believed	9.367531
971	10	abandoned	15.215734
971	11	his	7.265822
971	12	comrades	10.623979
971	13	on	5.865467
971	14	the	1.154859
971	15	sinking	11.899055
971	16	ship	4.158391
971	17	.	1.109938
971	18	<eos>	-0.0
972	1	He	0.0
972	2	reported	10.835539
972	3	who	12.096594
972	4	the	7.066419
972	5	sailor	13.935616
972	6	believed	8.457826
972	7	the	5.40043
972	8	man	7.061163
972	9	believed	9.367531
972	10	the	4.539925
972	11	pirate	11.361054
972	12	abandoned	10.884501
972	13	his	3.916696
972	14	comrades	12.528823
972	15	on	6.123871
972	16	the	1.108532
972	17	sinking	12.030463
972	18	ship	2.577787
972	19	.	1.019169
972	20	<eos>	-0.0
973	1	He	0.0
973	2	reported	10.835539
973	3	that	1.868976
973	4	the	2.223669
973	5	sailor	15.286226
973	6	believed	9.453822
973	7	the	3.357855
973	8	man	7.844926
973	9	believed	10.063668
973	10	he	3.97528
973	11	knew	8.518607
973	12	abandoned	15.823056
973	13	his	5.261117
973	14	comrades	10.959079
973	15	on	6.742417
973	16	the	1.314048
973	17	sinking	12.936007
973	18	ship	4.58626
973	19	.	1.698787
973	20	<eos>	-0.0
974	1	He	0.0
974	2	reported	10.835539
974	3	that	1.868976
974	4	the	2.223669
974	5	sailor	15.286226
974	6	believed	9.453822
974	7	the	3.357855
974	8	man	7.844926
974	9	believed	10.063668
974	10	he	3.97528
974	11	knew	8.518607
974	12	the	2.464609
974	13	pirate	12.574666
974	14	abandoned	12.592655
974	15	his	3.586634
974	16	comrades	11.697804
974	17	on	6.406039
974	18	the	1.168145
974	19	sinking	12.477059
974	20	ship	3.289527
974	21	.	1.240779
974	22	<eos>	-0.0
975	1	He	0.0
975	2	reported	10.835539
975	3	who	12.096594
975	4	the	7.066419
975	5	sailor	13.935616
975	6	believed	8.457826
975	7	the	5.40043
975	8	man	7.061163
975	9	believed	9.367531
975	10	he	4.828297
975	11	knew	7.765632
975	12	abandoned	16.535799
975	13	his	4.456419
975	14	comrades	10.521571
975	15	on	6.936575
975	16	the	1.239497
975	17	sinking	12.238013
975	18	ship	4.090535
975	19	.	1.115957
975	20	<eos>	-0.0
976	1	He	0.0
976	2	reported	10.835539
976	3	who	12.096594
976	4	the	7.066419
976	5	sailor	13.935616
976	6	believed	8.457826
976	7	the	5.40043
976	8	man	7.061163
976	9	believed	9.367531
976	10	he	4.828297
976	11	knew	7.765632
976	12	the	2.337365
976	13	pirate	12.480866
976	14	abandoned	12.506417
976	15	his	3.82595
976	16	comrades	11.161847
976	17	on	6.409732
976	18	the	1.107777
976	19	sinking	11.842239
976	20	ship	3.035644
976	21	.	0.982539
976	22	<eos>	-0.0
977	1	He	0.0
977	2	reported	10.835539
977	3	that	1.868976
977	4	the	2.223669
977	5	sailor	15.286226
977	6	believed	9.453822
977	7	the	3.357855
977	8	man	7.844926
977	9	believed	10.063668
977	10	he	3.97528
977	11	knew	8.518607
977	12	the	2.464609
977	13	man	6.08311
977	14	saw	10.787958
977	15	abandoned	16.578323
977	16	his	6.330209
977	17	comrades	9.174274
977	18	on	6.116712
977	19	the	1.067867
977	20	sinking	13.809357
977	21	ship	3.589237
977	22	.	1.212338
977	23	<eos>	-0.0
978	1	He	0.0
978	2	reported	10.835539
978	3	that	1.868976
978	4	the	2.223669
978	5	sailor	15.286226
978	6	believed	9.453822
978	7	the	3.357855
978	8	man	7.844926
978	9	believed	10.063668
978	10	he	3.97528
978	11	knew	8.518607
978	12	the	2.464609
978	13	man	6.08311
978	14	saw	10.787958
978	15	the	2.041682
978	16	pirate	12.394293
978	17	abandoned	11.491954
978	18	his	4.064319
978	19	comrades	10.341373
978	20	on	5.987105
978	21	the	1.132516
978	22	sinking	12.675782
978	23	ship	2.621093
978	24	.	1.149332
978	25	<eos>	-0.0
979	1	He	0.0
979	2	reported	10.835539
979	3	who	12.096594
979	4	the	7.066419
979	5	sailor	13.935616
979	6	believed	8.457826
979	7	the	5.40043
979	8	man	7.061163
979	9	believed	9.367531
979	10	he	4.828297
979	11	knew	7.765632
979	12	the	2.337365
979	13	man	6.035851
979	14	saw	10.368553
979	15	abandoned	16.794271
979	16	his	6.114466
979	17	comrades	9.054677
979	18	on	6.143963
979	19	the	1.063063
979	20	sinking	13.134078
979	21	ship	3.401141
979	22	.	1.004579
979	23	<eos>	-0.0
980	1	He	0.0
980	2	reported	10.835539
980	3	who	12.096594
980	4	the	7.066419
980	5	sailor	13.935616
980	6	believed	8.457826
980	7	the	5.40043
980	8	man	7.061163
980	9	believed	9.367531
980	10	he	4.828297
980	11	knew	7.765632
980	12	the	2.337365
980	13	man	6.035851
980	14	saw	10.368553
980	15	the	2.115205
980	16	pirate	12.380489
980	17	abandoned	11.479564
980	18	his	4.220678
980	19	comrades	10.043766
980	20	on	5.781294
980	21	the	1.117304
980	22	sinking	12.216358
980	23	ship	2.590641
980	24	.	0.990047
980	25	<eos>	-0.0
981	1	They	0.0
981	2	reported	10.412453
981	3	that	1.780984
981	4	promoted	19.590654
981	5	the	5.024709
981	6	accountant	18.813185
981	7	last	15.938298
981	8	quarter	10.206867
981	9	.	2.402445
981	10	<eos>	-0.0
982	1	They	0.0
982	2	reported	10.412453
982	3	that	1.780984
982	4	the	1.89322
982	5	boss	15.239762
982	6	promoted	15.715818
982	7	the	1.681342
982	8	accountant	18.487839
982	9	last	16.420115
982	10	quarter	9.627653
982	11	.	2.200321
982	12	<eos>	-0.0
983	1	They	0.0
983	2	reported	10.412453
983	3	who	11.821813
983	4	promoted	12.578292
983	5	the	1.34536
983	6	accountant	19.301729
983	7	last	15.698494
983	8	quarter	9.178378
983	9	.	2.024683
983	10	<eos>	-0.0
984	1	They	0.0
984	2	reported	10.412453
984	3	who	11.821813
984	4	the	7.229744
984	5	boss	14.907178
984	6	promoted	14.143551
984	7	the	4.096464
984	8	accountant	17.796013
984	9	last	15.393125
984	10	quarter	9.974713
984	11	.	1.519186
984	12	<eos>	-0.0
985	1	They	0.0
985	2	reported	10.412453
985	3	that	1.780984
985	4	the	1.89322
985	5	man	9.066194
985	6	said	8.81948
985	7	promoted	18.027969
985	8	the	3.544399
985	9	accountant	17.068048
985	10	last	14.123881
985	11	quarter	10.584404
985	12	.	1.953878
985	13	<eos>	-0.0
986	1	They	0.0
986	2	reported	10.412453
986	3	that	1.780984
986	4	the	1.89322
986	5	man	9.066194
986	6	said	8.81948
986	7	the	4.605371
986	8	boss	14.21947
986	9	promoted	16.346895
986	10	the	2.037309
986	11	accountant	17.96184
986	12	last	15.839463
986	13	quarter	9.786017
986	14	.	1.83251
986	15	<eos>	-0.0
987	1	They	0.0
987	2	reported	10.412453
987	3	who	11.821813
987	4	the	7.229744
987	5	man	8.530405
987	6	said	7.054339
987	7	promoted	16.08147
987	8	the	3.779721
987	9	accountant	17.324638
987	10	last	14.650638
987	11	quarter	10.125726
987	12	.	1.816039
987	13	<eos>	-0.0
988	1	They	0.0
988	2	reported	10.412453
988	3	who	11.821813
988	4	the	7.229744
988	5	man	8.530405
988	6	said	7.054339
988	7	the	6.105996
988	8	boss	14.155415
988	9	promoted	16.274649
988	10	the	2.788846
988	11	accountant	17.909378
988	12	last	15.120475
988	13	quarter	9.293324
988	14	.	1.582573
988	15	<eos>	-0.0
989	1	They	0.0
989	2	reported	10.412453
989	3	that	1.780984
989	4	the	1.89322
989	5	man	9.066194
989	6	said	8.81948
989	7	the	4.605371
989	8	old	9.739626
989	9	woman	5.196508
989	10	told	7.141207
989	11	him	1.646867
989	12	promoted	22.777588
989	13	the	2.099102
989	14	accountant	18.771751
989	15	last	15.350025
989	16	quarter	11.107146
989	17	.	1.790913
989	18	<eos>	-0.0
990	1	They	0.0
990	2	reported	10.412453
990	3	that	1.780984
990	4	the	1.89322
990	5	man	9.066194
990	6	said	8.81948
990	7	the	4.605371
990	8	old	9.739626
990	9	woman	5.196508
990	10	told	7.141207
990	11	him	1.646867
990	12	the	5.062836
990	13	boss	15.509688
990	14	promoted	19.453011
990	15	the	2.541449
990	16	accountant	17.87978
990	17	last	15.674294
990	18	quarter	10.379461
990	19	.	1.437709
990	20	<eos>	-0.0
991	1	They	0.0
991	2	reported	10.412453
991	3	who	11.821813
991	4	the	7.229744
991	5	man	8.530405
991	6	said	7.054339
991	7	the	6.105996
991	8	old	9.806818
991	9	woman	5.144083
991	10	told	6.641197
991	11	him	1.82627
991	12	promoted	21.5149
991	13	the	4.084282
991	14	accountant	19.288937
991	15	last	14.529574
991	16	quarter	10.801145
991	17	.	1.588002
991	18	<eos>	-0.0
992	1	They	0.0
992	2	reported	10.412453
992	3	who	11.821813
992	4	the	7.229744
992	5	man	8.530405
992	6	said	7.054339
992	7	the	6.105996
992	8	old	9.806818
992	9	woman	5.144083
992	10	told	6.641197
992	11	him	1.82627
992	12	the	5.879863
992	13	boss	15.218735
992	14	promoted	19.006134
992	15	the	4.242445
992	16	accountant	17.944752
992	17	last	14.739766
992	18	quarter	10.293628
992	19	.	1.300482
992	20	<eos>	-0.0
993	1	They	0.0
993	2	reported	10.412453
993	3	that	1.780984
993	4	the	1.89322
993	5	man	9.066194
993	6	said	8.81948
993	7	the	4.605371
993	8	old	9.739626
993	9	woman	5.196508
993	10	told	7.141207
993	11	him	1.646867
993	12	she	4.404286
993	13	knew	6.841038
993	14	promoted	23.78233
993	15	the	2.404067
993	16	accountant	16.497965
993	17	last	16.01284
993	18	quarter	10.430189
993	19	.	1.327465
993	20	<eos>	-0.0
994	1	They	0.0
994	2	reported	10.412453
994	3	that	1.780984
994	4	the	1.89322
994	5	man	9.066194
994	6	said	8.81948
994	7	the	4.605371
994	8	old	9.739626
994	9	woman	5.196508
994	10	told	7.141207
994	11	him	1.646867
994	12	she	4.404286
994	13	knew	6.841038
994	14	the	3.435165
994	15	boss	15.242814
994	16	promoted	19.630585
994	17	the	2.392328
994	18	accountant	18.218834
994	19	last	15.62292
994	20	quarter	10.280025
994	21	.	1.302949
994	22	<eos>	-0.0
995	1	They	0.0
995	2	reported	10.412453
995	3	who	11.821813
995	4	the	7.229744
995	5	man	8.530405
995	6	said	7.054339
995	7	the	6.105996
995	8	old	9.806818
995	9	woman	5.144083
995	10	told	6.641197
995	11	him	1.82627
995	12	she	5.853952
995	13	knew	5.512263
995	14	promoted	22.852262
995	15	the	2.820982
995	16	accountant	17.394005
995	17	last	15.110982
995	18	quarter	10.304085
995	19	.	1.352184
995	20	<eos>	-0.0
996	1	They	0.0
996	2	reported	10.412453
996	3	who	11.821813
996	4	the	7.229744
996	5	man	8.530405
996	6	said	7.054339
996	7	the	6.105996
996	8	old	9.806818
996	9	woman	5.144083
996	10	told	6.641197
996	11	him	1.82627
996	12	she	5.853952
996	13	knew	5.512263
996	14	the	4.061439
996	15	boss	15.224038
996	16	promoted	19.262199
996	17	the	2.371266
996	18	accountant	18.419285
996	19	last	15.540345
996	20	quarter	10.04574
996	21	.	1.276831
996	22	<eos>	-0.0
997	1	They	0.0
997	2	reported	10.412453
997	3	that	1.780984
997	4	the	1.89322
997	5	man	9.066194
997	6	said	8.81948
997	7	the	4.605371
997	8	old	9.739626
997	9	woman	5.196508
997	10	told	7.141207
997	11	him	1.646867
997	12	she	4.404286
997	13	knew	6.841038
997	14	he	3.906657
997	15	noticed	16.349503
997	16	promoted	26.657078
997	17	the	5.357024
997	18	accountant	16.998158
997	19	last	17.378273
997	20	quarter	10.94091
997	21	.	1.141389
997	22	<eos>	-0.0
998	1	They	0.0
998	2	reported	10.412453
998	3	that	1.780984
998	4	the	1.89322
998	5	man	9.066194
998	6	said	8.81948
998	7	the	4.605371
998	8	old	9.739626
998	9	woman	5.196508
998	10	told	7.141207
998	11	him	1.646867
998	12	she	4.404286
998	13	knew	6.841038
998	14	he	3.906657
998	15	noticed	16.349503
998	16	the	2.130812
998	17	boss	16.457237
998	18	promoted	21.643579
998	19	the	4.144084
998	20	accountant	18.137651
998	21	last	15.634953
998	22	quarter	10.468635
998	23	.	1.236035
998	24	<eos>	-0.0
999	1	They	0.0
999	2	reported	10.412453
999	3	who	11.821813
999	4	the	7.229744
999	5	man	8.530405
999	6	said	7.054339
999	7	the	6.105996
999	8	old	9.806818
999	9	woman	5.144083
999	10	told	6.641197
999	11	him	1.82627
999	12	she	5.853952
999	13	knew	5.512263
999	14	he	5.163839
999	15	noticed	15.052406
999	16	promoted	25.870752
999	17	the	5.197453
999	18	accountant	17.081356
999	19	last	17.025932
999	20	quarter	10.846193
999	21	.	1.090302
999	22	<eos>	-0.0
1000	1	They	0.0
1000	2	reported	10.412453
1000	3	who	11.821813
1000	4	the	7.229744
1000	5	man	8.530405
1000	6	said	7.054339
1000	7	the	6.105996
1000	8	old	9.806818
1000	9	woman	5.144083
1000	10	told	6.641197
1000	11	him	1.82627
1000	12	she	5.853952
1000	13	knew	5.512263
1000	14	he	5.163839
1000	15	noticed	15.052406
1000	16	the	2.25253
1000	17	boss	16.531378
1000	18	promoted	20.964998
1000	19	the	3.987835
1000	20	accountant	18.045099
1000	21	last	15.793578
1000	22	quarter	10.263906
1000	23	.	1.180441
1000	24	<eos>	-0.0
1001	1	My	0.0
1001	2	friend	10.418871
1001	3	knows	14.623261
1001	4	that	1.831162
1001	5	handed	19.989885
1001	6	an	9.103263
1001	7	award	9.121801
1001	8	for	4.314881
1001	9	her	4.857397
1001	10	mother	7.858615
1001	11	.	2.959045
1001	12	<eos>	-0.0
1002	1	My	0.0
1002	2	friend	10.418871
1002	3	knows	14.623261
1002	4	that	1.831162
1002	5	the	2.275285
1002	6	successful	13.258965
1002	7	architect	14.064172
1002	8	handed	16.225569
1002	9	an	8.514133
1002	10	award	8.54519
1002	11	for	4.062772
1002	12	her	5.851717
1002	13	mother	8.934791
1002	14	.	2.826223
1002	15	<eos>	-0.0
1003	1	My	0.0
1003	2	friend	10.418871
1003	3	knows	14.623261
1003	4	who	6.097061
1003	5	handed	16.88303
1003	6	an	9.07562
1003	7	award	8.058189
1003	8	for	5.122706
1003	9	her	4.342754
1003	10	mother	7.826921
1003	11	.	1.544809
1003	12	<eos>	-0.0
1004	1	My	0.0
1004	2	friend	10.418871
1004	3	knows	14.623261
1004	4	who	6.097061
1004	5	the	4.484732
1004	6	successful	13.61368
1004	7	architect	12.992183
1004	8	handed	16.388578
1004	9	an	10.370098
1004	10	award	8.317026
1004	11	for	4.599319
1004	12	her	6.209163
1004	13	mother	7.826457
1004	14	.	1.420928
1004	15	<eos>	-0.0
1005	1	My	0.0
1005	2	friend	10.418871
1005	3	knows	14.623261
1005	4	that	1.831162
1005	5	the	2.275285
1005	6	judge	11.650613
1005	7	thought	10.640928
1005	8	handed	19.5471
1005	9	an	7.297111
1005	10	award	7.576569
1005	11	for	4.102089
1005	12	her	4.361043
1005	13	mother	8.376077
1005	14	.	2.2474
1005	15	<eos>	-0.0
1006	1	My	0.0
1006	2	friend	10.418871
1006	3	knows	14.623261
1006	4	that	1.831162
1006	5	the	2.275285
1006	6	judge	11.650613
1006	7	thought	10.640928
1006	8	the	2.699936
1006	9	successful	15.546926
1006	10	architect	14.960052
1006	11	handed	15.936391
1006	12	an	7.586906
1006	13	award	8.590565
1006	14	for	4.46991
1006	15	her	6.010068
1006	16	mother	8.803294
1006	17	.	2.476388
1006	18	<eos>	-0.0
1007	1	My	0.0
1007	2	friend	10.418871
1007	3	knows	14.623261
1007	4	who	6.097061
1007	5	the	4.484732
1007	6	judge	11.248916
1007	7	thought	10.373009
1007	8	handed	17.582218
1007	9	an	7.572733
1007	10	award	7.23281
1007	11	for	4.229589
1007	12	her	4.451315
1007	13	mother	9.023962
1007	14	.	1.641052
1007	15	<eos>	-0.0
1008	1	My	0.0
1008	2	friend	10.418871
1008	3	knows	14.623261
1008	4	who	6.097061
1008	5	the	4.484732
1008	6	judge	11.248916
1008	7	thought	10.373009
1008	8	the	4.328627
1008	9	successful	15.021735
1008	10	architect	15.562234
1008	11	handed	15.940526
1008	12	an	9.431405
1008	13	award	8.426567
1008	14	for	4.698807
1008	15	her	5.947549
1008	16	mother	8.895651
1008	17	.	1.375079
1008	18	<eos>	-0.0
1009	1	My	0.0
1009	2	friend	10.418871
1009	3	knows	14.623261
1009	4	that	1.831162
1009	5	the	2.275285
1009	6	judge	11.650613
1009	7	thought	10.640928
1009	8	the	2.699936
1009	9	cop	13.595985
1009	10	said	11.765228
1009	11	handed	18.775372
1009	12	an	6.873044
1009	13	award	9.116102
1009	14	for	4.394568
1009	15	her	5.698947
1009	16	mother	8.02969
1009	17	.	1.79443
1009	18	<eos>	-0.0
1010	1	My	0.0
1010	2	friend	10.418871
1010	3	knows	14.623261
1010	4	that	1.831162
1010	5	the	2.275285
1010	6	judge	11.650613
1010	7	thought	10.640928
1010	8	the	2.699936
1010	9	cop	13.595985
1010	10	said	11.765228
1010	11	the	3.857514
1010	12	successful	16.321449
1010	13	architect	15.58222
1010	14	handed	16.064911
1010	15	an	7.82375
1010	16	award	8.993656
1010	17	for	4.441566
1010	18	her	6.502694
1010	19	mother	8.405861
1010	20	.	2.464996
1010	21	<eos>	-0.0
1011	1	My	0.0
1011	2	friend	10.418871
1011	3	knows	14.623261
1011	4	who	6.097061
1011	5	the	4.484732
1011	6	judge	11.248916
1011	7	thought	10.373009
1011	8	the	4.328627
1011	9	cop	12.488678
1011	10	said	10.343783
1011	11	handed	17.413805
1011	12	an	7.148706
1011	13	award	8.836064
1011	14	for	4.490384
1011	15	her	5.733632
1011	16	mother	7.952127
1011	17	.	1.344444
1011	18	<eos>	-0.0
1012	1	My	0.0
1012	2	friend	10.418871
1012	3	knows	14.623261
1012	4	who	6.097061
1012	5	the	4.484732
1012	6	judge	11.248916
1012	7	thought	10.373009
1012	8	the	4.328627
1012	9	cop	12.488678
1012	10	said	10.343783
1012	11	the	5.212819
1012	12	successful	16.008051
1012	13	architect	15.694063
1012	14	handed	15.343197
1012	15	an	8.847934
1012	16	award	8.960835
1012	17	for	4.639599
1012	18	her	6.61
1012	19	mother	8.406015
1012	20	.	1.472229
1012	21	<eos>	-0.0
1013	1	My	0.0
1013	2	friend	10.418871
1013	3	knows	14.623261
1013	4	that	1.831162
1013	5	the	2.275285
1013	6	judge	11.650613
1013	7	thought	10.640928
1013	8	the	2.699936
1013	9	cop	13.595985
1013	10	said	11.765228
1013	11	the	3.857514
1013	12	man	5.438515
1013	13	testified	12.28682
1013	14	handed	17.840397
1013	15	an	7.440927
1013	16	award	9.210526
1013	17	for	3.840344
1013	18	her	5.779244
1013	19	mother	8.50993
1013	20	.	1.823321
1013	21	<eos>	-0.0
1014	1	My	0.0
1014	2	friend	10.418871
1014	3	knows	14.623261
1014	4	that	1.831162
1014	5	the	2.275285
1014	6	judge	11.650613
1014	7	thought	10.640928
1014	8	the	2.699936
1014	9	cop	13.595985
1014	10	said	11.765228
1014	11	the	3.857514
1014	12	man	5.438515
1014	13	testified	12.28682
1014	14	the	6.507895
1014	15	successful	18.038826
1014	16	architect	16.38904
1014	17	handed	16.524511
1014	18	an	7.758389
1014	19	award	9.830357
1014	20	for	4.503767
1014	21	her	6.347166
1014	22	mother	7.984574
1014	23	.	1.465133
1014	24	<eos>	-0.0
1015	1	My	0.0
1015	2	friend	10.418871
1015	3	knows	14.623261
1015	4	who	6.097061
1015	5	the	4.484732
1015	6	judge	11.248916
1015	7	thought	10.373009
1015	8	the	4.328627
1015	9	cop	12.488678
1015	10	said	10.343783
1015	11	the	5.212819
1015	12	man	5.680543
1015	13	testified	11.452232
1015	14	handed	17.533899
1015	15	an	8.954432
1015	16	award	8.684433
1015	17	for	4.148737
1015	18	her	5.927895
1015	19	mother	8.479648
1015	20	.	1.594451
1015	21	<eos>	-0.0
1016	1	My	0.0
1016	2	friend	10.418871
1016	3	knows	14.623261
1016	4	who	6.097061
1016	5	the	4.484732
1016	6	judge	11.248916
1016	7	thought	10.373009
1016	8	the	4.328627
1016	9	cop	12.488678
1016	10	said	10.343783
1016	11	the	5.212819
1016	12	man	5.680543
1016	13	testified	11.452232
1016	14	the	8.190894
1016	15	successful	17.875298
1016	16	architect	16.090509
1016	17	handed	15.579788
1016	18	an	8.700817
1016	19	award	10.09558
1016	20	for	4.513116
1016	21	her	6.540615
1016	22	mother	7.977353
1016	23	.	1.327757
1016	24	<eos>	-0.0
1017	1	My	0.0
1017	2	friend	10.418871
1017	3	knows	14.623261
1017	4	that	1.831162
1017	5	the	2.275285
1017	6	judge	11.650613
1017	7	thought	10.640928
1017	8	the	2.699936
1017	9	cop	13.595985
1017	10	said	11.765228
1017	11	the	3.857514
1017	12	man	5.438515
1017	13	testified	12.28682
1017	14	his	8.617649
1017	15	friend	7.952396
1017	16	reported	12.805933
1017	17	handed	18.964838
1017	18	an	6.519613
1017	19	award	8.704005
1017	20	for	4.572362
1017	21	her	6.350595
1017	22	mother	7.854136
1017	23	.	1.449081
1017	24	<eos>	-0.0
1018	1	My	0.0
1018	2	friend	10.418871
1018	3	knows	14.623261
1018	4	that	1.831162
1018	5	the	2.275285
1018	6	judge	11.650613
1018	7	thought	10.640928
1018	8	the	2.699936
1018	9	cop	13.595985
1018	10	said	11.765228
1018	11	the	3.857514
1018	12	man	5.438515
1018	13	testified	12.28682
1018	14	his	8.617649
1018	15	friend	7.952396
1018	16	reported	12.805933
1018	17	the	3.533766
1018	18	successful	15.648703
1018	19	architect	18.781647
1018	20	handed	15.986218
1018	21	an	8.078978
1018	22	award	10.283688
1018	23	for	4.654047
1018	24	her	6.548999
1018	25	mother	8.06873
1018	26	.	1.443059
1018	27	<eos>	-0.0
1019	1	My	0.0
1019	2	friend	10.418871
1019	3	knows	14.623261
1019	4	who	6.097061
1019	5	the	4.484732
1019	6	judge	11.248916
1019	7	thought	10.373009
1019	8	the	4.328627
1019	9	cop	12.488678
1019	10	said	10.343783
1019	11	the	5.212819
1019	12	man	5.680543
1019	13	testified	11.452232
1019	14	his	10.107726
1019	15	friend	7.439586
1019	16	reported	11.466181
1019	17	handed	18.3967
1019	18	an	8.505351
1019	19	award	9.110494
1019	20	for	4.597277
1019	21	her	6.452883
1019	22	mother	8.16243
1019	23	.	1.386058
1019	24	<eos>	-0.0
1020	1	My	0.0
1020	2	friend	10.418871
1020	3	knows	14.623261
1020	4	who	6.097061
1020	5	the	4.484732
1020	6	judge	11.248916
1020	7	thought	10.373009
1020	8	the	4.328627
1020	9	cop	12.488678
1020	10	said	10.343783
1020	11	the	5.212819
1020	12	man	5.680543
1020	13	testified	11.452232
1020	14	his	10.107726
1020	15	friend	7.439586
1020	16	reported	11.466181
1020	17	the	5.755325
1020	18	successful	15.178623
1020	19	architect	17.799797
1020	20	handed	15.551483
1020	21	an	9.196753
1020	22	award	10.401089
1020	23	for	4.727912
1020	24	her	6.725959
1020	25	mother	7.824808
1020	26	.	1.319284
1020	27	<eos>	-0.0
1021	1	The	0.0
1021	2	commissioner	19.849779
1021	3	discovered	14.338125
1021	4	that	0.868925
1021	5	lent	22.091913
1021	6	some	8.959537
1021	7	money	3.934802
1021	8	to	1.457554
1021	9	the	1.710964
1021	10	man	9.388453
1021	11	.	3.523721
1021	12	<eos>	-0.0
1022	1	The	0.0
1022	2	commissioner	19.849779
1022	3	discovered	14.338125
1022	4	that	0.868925
1022	5	the	1.555484
1022	6	police	7.855856
1022	7	detective	11.385676
1022	8	lent	17.522797
1022	9	some	6.699642
1022	10	money	3.584775
1022	11	to	0.419434
1022	12	the	1.38559
1022	13	man	8.529167
1022	14	.	2.887572
1022	15	<eos>	-0.0
1023	1	The	0.0
1023	2	commissioner	19.849779
1023	3	discovered	14.338125
1023	4	who	11.326447
1023	5	lent	14.12171
1023	6	some	6.766606
1023	7	money	2.812374
1023	8	to	0.840484
1023	9	the	1.483452
1023	10	man	9.676014
1023	11	.	2.515599
1023	12	<eos>	-0.0
1024	1	The	0.0
1024	2	commissioner	19.849779
1024	3	discovered	14.338125
1024	4	who	11.326447
1024	5	the	6.924204
1024	6	police	6.008104
1024	7	detective	10.317863
1024	8	lent	16.936432
1024	9	some	8.918771
1024	10	money	4.84119
1024	11	to	0.766616
1024	12	the	2.620669
1024	13	man	8.293876
1024	14	.	2.22133
1024	15	<eos>	-0.0
1025	1	The	0.0
1025	2	commissioner	19.849779
1025	3	discovered	14.338125
1025	4	that	0.868925
1025	5	the	1.555484
1025	6	report	10.741113
1025	7	stated	8.037931
1025	8	lent	23.645081
1025	9	some	6.353761
1025	10	money	4.023808
1025	11	to	0.371734
1025	12	the	1.236481
1025	13	man	10.937446
1025	14	.	3.151012
1025	15	<eos>	-0.0
1026	1	The	0.0
1026	2	commissioner	19.849779
1026	3	discovered	14.338125
1026	4	that	0.868925
1026	5	the	1.555484
1026	6	report	10.741113
1026	7	stated	8.037931
1026	8	the	4.739332
1026	9	police	7.809468
1026	10	detective	12.965488
1026	11	lent	18.565996
1026	12	some	7.012401
1026	13	money	3.865739
1026	14	to	0.432106
1026	15	the	1.328013
1026	16	man	9.113014
1026	17	.	2.451072
1026	18	<eos>	-0.0
1027	1	The	0.0
1027	2	commissioner	19.849779
1027	3	discovered	14.338125
1027	4	who	11.326447
1027	5	the	6.924204
1027	6	report	10.389439
1027	7	stated	7.389132
1027	8	lent	17.579124
1027	9	some	7.220562
1027	10	money	4.881764
1027	11	to	0.874902
1027	12	the	1.44844
1027	13	man	10.433331
1027	14	.	2.399459
1027	15	<eos>	-0.0
1028	1	The	0.0
1028	2	commissioner	19.849779
1028	3	discovered	14.338125
1028	4	who	11.326447
1028	5	the	6.924204
1028	6	report	10.389439
1028	7	stated	7.389132
1028	8	the	6.358732
1028	9	police	7.322942
1028	10	detective	13.098557
1028	11	lent	18.640919
1028	12	some	8.308615
1028	13	money	4.439713
1028	14	to	0.549699
1028	15	the	1.354815
1028	16	man	8.872699
1028	17	.	2.077547
1028	18	<eos>	-0.0
1029	1	The	0.0
1029	2	commissioner	19.849779
1029	3	discovered	14.338125
1029	4	that	0.868925
1029	5	the	1.555484
1029	6	report	10.741113
1029	7	stated	8.037931
1029	8	the	4.739332
1029	9	television	12.901645
1029	10	host	9.741306
1029	11	thought	10.121699
1029	12	lent	23.49188
1029	13	some	5.992045
1029	14	money	5.315059
1029	15	to	0.452678
1029	16	the	1.230487
1029	17	man	10.518557
1029	18	.	2.607469
1029	19	<eos>	-0.0
1030	1	The	0.0
1030	2	commissioner	19.849779
1030	3	discovered	14.338125
1030	4	that	0.868925
1030	5	the	1.555484
1030	6	report	10.741113
1030	7	stated	8.037931
1030	8	the	4.739332
1030	9	television	12.901645
1030	10	host	9.741306
1030	11	thought	10.121699
1030	12	the	3.49297
1030	13	police	7.246615
1030	14	detective	13.24282
1030	15	lent	18.387962
1030	16	some	7.157349
1030	17	money	4.094798
1030	18	to	0.670177
1030	19	the	1.386332
1030	20	man	8.966109
1030	21	.	2.249774
1030	22	<eos>	-0.0
1031	1	The	0.0
1031	2	commissioner	19.849779
1031	3	discovered	14.338125
1031	4	who	11.326447
1031	5	the	6.924204
1031	6	report	10.389439
1031	7	stated	7.389132
1031	8	the	6.358732
1031	9	television	12.210242
1031	10	host	10.77849
1031	11	thought	10.165998
1031	12	lent	20.166531
1031	13	some	7.235802
1031	14	money	6.075081
1031	15	to	0.796849
1031	16	the	1.356523
1031	17	man	10.425615
1031	18	.	2.071994
1031	19	<eos>	-0.0
1032	1	The	0.0
1032	2	commissioner	19.849779
1032	3	discovered	14.338125
1032	4	who	11.326447
1032	5	the	6.924204
1032	6	report	10.389439
1032	7	stated	7.389132
1032	8	the	6.358732
1032	9	television	12.210242
1032	10	host	10.77849
1032	11	thought	10.165998
1032	12	the	4.23647
1032	13	police	7.270314
1032	14	detective	12.476257
1032	15	lent	17.890602
1032	16	some	7.411283
1032	17	money	4.126775
1032	18	to	0.736241
1032	19	the	1.390763
1032	20	man	8.89364
1032	21	.	2.110666
1032	22	<eos>	-0.0
1033	1	The	0.0
1033	2	commissioner	19.849779
1033	3	discovered	14.338125
1033	4	that	0.868925
1033	5	the	1.555484
1033	6	report	10.741113
1033	7	stated	8.037931
1033	8	the	4.739332
1033	9	television	12.901645
1033	10	host	9.741306
1033	11	thought	10.121699
1033	12	the	3.49297
1033	13	man	9.699778
1033	14	reported	13.225593
1033	15	lent	20.037113
1033	16	some	7.277535
1033	17	money	4.133856
1033	18	to	0.876597
1033	19	the	1.421523
1033	20	man	9.00605
1033	21	.	2.347917
1033	22	<eos>	-0.0
1034	1	The	0.0
1034	2	commissioner	19.849779
1034	3	discovered	14.338125
1034	4	that	0.868925
1034	5	the	1.555484
1034	6	report	10.741113
1034	7	stated	8.037931
1034	8	the	4.739332
1034	9	television	12.901645
1034	10	host	9.741306
1034	11	thought	10.121699
1034	12	the	3.49297
1034	13	man	9.699778
1034	14	reported	13.225593
1034	15	the	4.456336
1034	16	police	8.99488
1034	17	detective	11.978452
1034	18	lent	19.522104
1034	19	some	7.680407
1034	20	money	4.565647
1034	21	to	0.94313
1034	22	the	1.532582
1034	23	man	8.483192
1034	24	.	2.055741
1034	25	<eos>	-0.0
1035	1	The	0.0
1035	2	commissioner	19.849779
1035	3	discovered	14.338125
1035	4	who	11.326447
1035	5	the	6.924204
1035	6	report	10.389439
1035	7	stated	7.389132
1035	8	the	6.358732
1035	9	television	12.210242
1035	10	host	10.77849
1035	11	thought	10.165998
1035	12	the	4.23647
1035	13	man	9.643048
1035	14	reported	12.986401
1035	15	lent	19.433308
1035	16	some	7.272385
1035	17	money	3.950211
1035	18	to	0.926192
1035	19	the	1.348409
1035	20	man	8.971625
1035	21	.	2.156235
1035	22	<eos>	-0.0
1036	1	The	0.0
1036	2	commissioner	19.849779
1036	3	discovered	14.338125
1036	4	who	11.326447
1036	5	the	6.924204
1036	6	report	10.389439
1036	7	stated	7.389132
1036	8	the	6.358732
1036	9	television	12.210242
1036	10	host	10.77849
1036	11	thought	10.165998
1036	12	the	4.23647
1036	13	man	9.643048
1036	14	reported	12.986401
1036	15	the	3.974386
1036	16	police	8.705643
1036	17	detective	11.730392
1036	18	lent	19.246542
1036	19	some	7.828538
1036	20	money	4.465194
1036	21	to	0.944847
1036	22	the	1.510176
1036	23	man	8.355869
1036	24	.	2.014668
1036	25	<eos>	-0.0
1037	1	The	0.0
1037	2	commissioner	19.849779
1037	3	discovered	14.338125
1037	4	that	0.868925
1037	5	the	1.555484
1037	6	report	10.741113
1037	7	stated	8.037931
1037	8	the	4.739332
1037	9	television	12.901645
1037	10	host	9.741306
1037	11	thought	10.121699
1037	12	the	3.49297
1037	13	man	9.699778
1037	14	reported	13.225593
1037	15	the	4.456336
1037	16	lawyer	17.037315
1037	17	said	9.175258
1037	18	lent	19.096033
1037	19	some	6.858409
1037	20	money	4.760117
1037	21	to	0.691297
1037	22	the	1.426206
1037	23	man	8.990694
1037	24	.	1.964392
1037	25	<eos>	-0.0
1038	1	The	0.0
1038	2	commissioner	19.849779
1038	3	discovered	14.338125
1038	4	that	0.868925
1038	5	the	1.555484
1038	6	report	10.741113
1038	7	stated	8.037931
1038	8	the	4.739332
1038	9	television	12.901645
1038	10	host	9.741306
1038	11	thought	10.121699
1038	12	the	3.49297
1038	13	man	9.699778
1038	14	reported	13.225593
1038	15	the	4.456336
1038	16	lawyer	17.037315
1038	17	said	9.175258
1038	18	the	5.228576
1038	19	police	5.090733
1038	20	detective	11.874183
1038	21	lent	17.785902
1038	22	some	7.546161
1038	23	money	4.274964
1038	24	to	0.681835
1038	25	the	1.474783
1038	26	man	8.716674
1038	27	.	1.925301
1038	28	<eos>	-0.0
1039	1	The	0.0
1039	2	commissioner	19.849779
1039	3	discovered	14.338125
1039	4	who	11.326447
1039	5	the	6.924204
1039	6	report	10.389439
1039	7	stated	7.389132
1039	8	the	6.358732
1039	9	television	12.210242
1039	10	host	10.77849
1039	11	thought	10.165998
1039	12	the	4.23647
1039	13	man	9.643048
1039	14	reported	12.986401
1039	15	the	3.974386
1039	16	lawyer	16.584688
1039	17	said	8.190013
1039	18	lent	18.883802
1039	19	some	6.965167
1039	20	money	4.594676
1039	21	to	0.740422
1039	22	the	1.413605
1039	23	man	8.796713
1039	24	.	1.91344
1039	25	<eos>	-0.0
1040	1	The	0.0
1040	2	commissioner	19.849779
1040	3	discovered	14.338125
1040	4	who	11.326447
1040	5	the	6.924204
1040	6	report	10.389439
1040	7	stated	7.389132
1040	8	the	6.358732
1040	9	television	12.210242
1040	10	host	10.77849
1040	11	thought	10.165998
1040	12	the	4.23647
1040	13	man	9.643048
1040	14	reported	12.986401
1040	15	the	3.974386
1040	16	lawyer	16.584688
1040	17	said	8.190013
1040	18	the	5.320765
1040	19	police	4.955221
1040	20	detective	11.327177
1040	21	lent	17.686909
1040	22	some	7.587409
1040	23	money	4.331441
1040	24	to	0.686662
1040	25	the	1.460607
1040	26	man	8.594625
1040	27	.	1.898373
1040	28	<eos>	-0.0
1041	1	We	0.0
1041	2	all	8.258053
1041	3	know	3.618088
1041	4	that	2.504345
1041	5	repaid	24.171923
1041	6	his	10.357524
1041	7	debt	2.967393
1041	8	to	2.7423
1041	9	the	1.421115
1041	10	criminal	13.280828
1041	11	<unk>	6.200644
1041	12	.	2.715888
1041	13	<eos>	-0.0
1042	1	We	0.0
1042	2	all	8.258053
1042	3	know	3.618088
1042	4	that	2.504345
1042	5	the	2.179744
1042	6	investor	16.460121
1042	7	repaid	16.555374
1042	8	his	5.316438
1042	9	debt	2.229292
1042	10	to	3.213574
1042	11	the	1.39891
1042	12	criminal	14.188131
1042	13	<unk>	6.641294
1042	14	.	2.647279
1042	15	<eos>	-0.0
1043	1	We	0.0
1043	2	all	8.258053
1043	3	know	3.618088
1043	4	who	5.47427
1043	5	repaid	19.48485
1043	6	his	5.762668
1043	7	debt	3.088849
1043	8	to	3.918232
1043	9	the	1.511648
1043	10	criminal	13.662197
1043	11	<unk>	6.501941
1043	12	.	2.124428
1043	13	<eos>	-0.0
1044	1	We	0.0
1044	2	all	8.258053
1044	3	know	3.618088
1044	4	who	5.47427
1044	5	the	4.627324
1044	6	investor	15.331491
1044	7	repaid	15.96213
1044	8	his	7.102246
1044	9	debt	2.949923
1044	10	to	3.668754
1044	11	the	1.438781
1044	12	criminal	13.33042
1044	13	<unk>	6.854956
1044	14	.	2.061444
1044	15	<eos>	-0.0
1045	1	We	0.0
1045	2	all	8.258053
1045	3	know	3.618088
1045	4	that	2.504345
1045	5	the	2.179744
1045	6	accountant	18.222696
1045	7	said	9.545295
1045	8	repaid	20.431652
1045	9	his	4.778893
1045	10	debt	2.903649
1045	11	to	2.661382
1045	12	the	1.693704
1045	13	criminal	13.254107
1045	14	<unk>	6.424098
1045	15	.	2.569727
1045	16	<eos>	-0.0
1046	1	We	0.0
1046	2	all	8.258053
1046	3	know	3.618088
1046	4	that	2.504345
1046	5	the	2.179744
1046	6	accountant	18.222696
1046	7	said	9.545295
1046	8	the	3.256596
1046	9	investor	12.618777
1046	10	repaid	13.911726
1046	11	his	5.121776
1046	12	debt	2.504133
1046	13	to	3.094575
1046	14	the	1.456249
1046	15	criminal	14.241959
1046	16	<unk>	6.696823
1046	17	.	2.63214
1046	18	<eos>	-0.0
1047	1	We	0.0
1047	2	all	8.258053
1047	3	know	3.618088
1047	4	who	5.47427
1047	5	the	4.627324
1047	6	accountant	16.545759
1047	7	said	9.218572
1047	8	repaid	19.032682
1047	9	his	5.818392
1047	10	debt	3.238332
1047	11	to	3.472025
1047	12	the	1.595604
1047	13	criminal	12.6808
1047	14	<unk>	6.436884
1047	15	.	2.228778
1047	16	<eos>	-0.0
1048	1	We	0.0
1048	2	all	8.258053
1048	3	know	3.618088
1048	4	who	5.47427
1048	5	the	4.627324
1048	6	accountant	16.545759
1048	7	said	9.218572
1048	8	the	5.101439
1048	9	investor	12.81324
1048	10	repaid	13.430598
1048	11	his	5.917376
1048	12	debt	2.263243
1048	13	to	3.424971
1048	14	the	1.383149
1048	15	criminal	13.561756
1048	16	<unk>	6.652328
1048	17	.	2.088587
1048	18	<eos>	-0.0
1049	1	We	0.0
1049	2	all	8.258053
1049	3	know	3.618088
1049	4	that	2.504345
1049	5	the	2.179744
1049	6	accountant	18.222696
1049	7	said	9.545295
1049	8	his	7.736331
1049	9	colleague	10.9513
1049	10	recalled	13.21244
1049	11	repaid	19.246367
1049	12	his	2.220846
1049	13	debt	3.350754
1049	14	to	2.17574
1049	15	the	1.761489
1049	16	criminal	13.648015
1049	17	<unk>	6.360579
1049	18	.	2.304003
1049	19	<eos>	-0.0
1050	1	We	0.0
1050	2	all	8.258053
1050	3	know	3.618088
1050	4	that	2.504345
1050	5	the	2.179744
1050	6	accountant	18.222696
1050	7	said	9.545295
1050	8	his	7.736331
1050	9	colleague	10.9513
1050	10	recalled	13.21244
1050	11	the	3.100209
1050	12	investor	15.939426
1050	13	repaid	16.639326
1050	14	his	4.371148
1050	15	debt	2.112672
1050	16	to	2.566683
1050	17	the	1.589023
1050	18	criminal	14.467928
1050	19	<unk>	6.679773
1050	20	.	2.273259
1050	21	<eos>	-0.0
1051	1	We	0.0
1051	2	all	8.258053
1051	3	know	3.618088
1051	4	who	5.47427
1051	5	the	4.627324
1051	6	accountant	16.545759
1051	7	said	9.218572
1051	8	his	10.204853
1051	9	colleague	10.792471
1051	10	recalled	13.67257
1051	11	repaid	18.992233
1051	12	his	3.44426
1051	13	debt	2.845465
1051	14	to	2.335995
1051	15	the	1.702136
1051	16	criminal	13.685451
1051	17	<unk>	6.36152
1051	18	.	2.071878
1051	19	<eos>	-0.0
1052	1	We	0.0
1052	2	all	8.258053
1052	3	know	3.618088
1052	4	who	5.47427
1052	5	the	4.627324
1052	6	accountant	16.545759
1052	7	said	9.218572
1052	8	his	10.204853
1052	9	colleague	10.792471
1052	10	recalled	13.67257
1052	11	the	3.836047
1052	12	investor	15.873019
1052	13	repaid	16.732359
1052	14	his	4.046494
1052	15	debt	1.930712
1052	16	to	2.931759
1052	17	the	1.549444
1052	18	criminal	14.313972
1052	19	<unk>	6.547083
1052	20	.	2.024287
1052	21	<eos>	-0.0
1053	1	We	0.0
1053	2	all	8.258053
1053	3	know	3.618088
1053	4	that	2.504345
1053	5	the	2.179744
1053	6	accountant	18.222696
1053	7	said	9.545295
1053	8	his	7.736331
1053	9	colleague	10.9513
1053	10	recalled	13.21244
1053	11	the	3.100209
1053	12	partners	17.188065
1053	13	knew	12.303756
1053	14	repaid	21.773493
1053	15	his	4.457561
1053	16	debt	2.559645
1053	17	to	3.026255
1053	18	the	1.842635
1053	19	criminal	13.72195
1053	20	<unk>	6.376382
1053	21	.	2.322368
1053	22	<eos>	-0.0
1054	1	We	0.0
1054	2	all	8.258053
1054	3	know	3.618088
1054	4	that	2.504345
1054	5	the	2.179744
1054	6	accountant	18.222696
1054	7	said	9.545295
1054	8	his	7.736331
1054	9	colleague	10.9513
1054	10	recalled	13.21244
1054	11	the	3.100209
1054	12	partners	17.188065
1054	13	knew	12.303756
1054	14	the	3.822991
1054	15	investor	14.415393
1054	16	repaid	15.496498
1054	17	his	4.069838
1054	18	debt	2.074218
1054	19	to	3.358101
1054	20	the	1.589478
1054	21	criminal	14.53569
1054	22	<unk>	6.7848
1054	23	.	2.133558
1054	24	<eos>	-0.0
1055	1	We	0.0
1055	2	all	8.258053
1055	3	know	3.618088
1055	4	who	5.47427
1055	5	the	4.627324
1055	6	accountant	16.545759
1055	7	said	9.218572
1055	8	his	10.204853
1055	9	colleague	10.792471
1055	10	recalled	13.67257
1055	11	the	3.836047
1055	12	partners	17.022564
1055	13	knew	12.931904
1055	14	repaid	21.368837
1055	15	his	4.170681
1055	16	debt	2.251763
1055	17	to	3.009854
1055	18	the	1.761504
1055	19	criminal	13.5912
1055	20	<unk>	6.32871
1055	21	.	2.116402
1055	22	<eos>	-0.0
1056	1	We	0.0
1056	2	all	8.258053
1056	3	know	3.618088
1056	4	who	5.47427
1056	5	the	4.627324
1056	6	accountant	16.545759
1056	7	said	9.218572
1056	8	his	10.204853
1056	9	colleague	10.792471
1056	10	recalled	13.67257
1056	11	the	3.836047
1056	12	partners	17.022564
1056	13	knew	12.931904
1056	14	the	3.743216
1056	15	investor	14.040119
1056	16	repaid	15.270404
1056	17	his	3.893642
1056	18	debt	2.037263
1056	19	to	3.380894
1056	20	the	1.555986
1056	21	criminal	14.420866
1056	22	<unk>	6.687203
1056	23	.	1.99302
1056	24	<eos>	-0.0
1057	1	We	0.0
1057	2	all	8.258053
1057	3	know	3.618088
1057	4	that	2.504345
1057	5	the	2.179744
1057	6	accountant	18.222696
1057	7	said	9.545295
1057	8	his	7.736331
1057	9	colleague	10.9513
1057	10	recalled	13.21244
1057	11	the	3.100209
1057	12	partners	17.188065
1057	13	knew	12.303756
1057	14	their	7.580655
1057	15	accountant	11.198843
1057	16	suspects	16.684109
1057	17	repaid	14.705031
1057	18	his	6.104289
1057	19	debt	3.07824
1057	20	to	4.21601
1057	21	the	1.774712
1057	22	criminal	12.590049
1057	23	<unk>	6.712164
1057	24	.	1.948932
1057	25	<eos>	-0.0
1058	1	We	0.0
1058	2	all	8.258053
1058	3	know	3.618088
1058	4	that	2.504345
1058	5	the	2.179744
1058	6	accountant	18.222696
1058	7	said	9.545295
1058	8	his	7.736331
1058	9	colleague	10.9513
1058	10	recalled	13.21244
1058	11	the	3.100209
1058	12	partners	17.188065
1058	13	knew	12.303756
1058	14	their	7.580655
1058	15	accountant	11.198843
1058	16	suspects	16.684109
1058	17	the	4.430405
1058	18	investor	12.50669
1058	19	repaid	13.826582
1058	20	his	4.39679
1058	21	debt	2.515707
1058	22	to	3.283017
1058	23	the	1.593558
1058	24	criminal	13.695396
1058	25	<unk>	6.729471
1058	26	.	1.773963
1058	27	<eos>	-0.0
1059	1	We	0.0
1059	2	all	8.258053
1059	3	know	3.618088
1059	4	who	5.47427
1059	5	the	4.627324
1059	6	accountant	16.545759
1059	7	said	9.218572
1059	8	his	10.204853
1059	9	colleague	10.792471
1059	10	recalled	13.67257
1059	11	the	3.836047
1059	12	partners	17.022564
1059	13	knew	12.931904
1059	14	their	7.43118
1059	15	accountant	11.619566
1059	16	suspects	17.354723
1059	17	repaid	14.555178
1059	18	his	5.808007
1059	19	debt	2.935818
1059	20	to	4.156986
1059	21	the	1.737791
1059	22	criminal	12.537767
1059	23	<unk>	6.636472
1059	24	.	1.855065
1059	25	<eos>	-0.0
1060	1	We	0.0
1060	2	all	8.258053
1060	3	know	3.618088
1060	4	who	5.47427
1060	5	the	4.627324
1060	6	accountant	16.545759
1060	7	said	9.218572
1060	8	his	10.204853
1060	9	colleague	10.792471
1060	10	recalled	13.67257
1060	11	the	3.836047
1060	12	partners	17.022564
1060	13	knew	12.931904
1060	14	their	7.43118
1060	15	accountant	11.619566
1060	16	suspects	17.354723
1060	17	the	4.269357
1060	18	investor	12.030816
1060	19	repaid	13.709786
1060	20	his	4.315061
1060	21	debt	2.499253
1060	22	to	3.278706
1060	23	the	1.571951
1060	24	criminal	13.656298
1060	25	<unk>	6.678203
1060	26	.	1.68825
1060	27	<eos>	-0.0
1061	1	I	0.0
1061	2	know	6.278276
1061	3	that	2.352433
1061	4	promised	19.406244
1061	5	a	4.506517
1061	6	raise	13.24383
1061	7	to	4.357504
1061	8	the	2.634604
1061	9	factory	12.833219
1061	10	workers	8.689917
1061	11	.	2.371623
1061	12	<eos>	-0.0
1062	1	I	0.0
1062	2	know	6.278276
1062	3	that	2.352433
1062	4	the	2.35511
1062	5	business	10.382227
1062	6	man	9.816299
1062	7	promised	13.201665
1062	8	a	4.914935
1062	9	raise	11.529134
1062	10	to	3.208071
1062	11	the	2.841382
1062	12	factory	10.489374
1062	13	workers	6.974776
1062	14	.	1.839771
1062	15	<eos>	-0.0
1063	1	I	0.0
1063	2	know	6.278276
1063	3	who	6.580016
1063	4	promised	14.49205
1063	5	a	4.972917
1063	6	raise	12.052005
1063	7	to	3.766614
1063	8	the	1.694976
1063	9	factory	12.230988
1063	10	workers	7.507716
1063	11	.	1.40895
1063	12	<eos>	-0.0
1064	1	I	0.0
1064	2	know	6.278276
1064	3	who	6.580016
1064	4	the	5.056487
1064	5	business	10.348457
1064	6	man	9.435298
1064	7	promised	12.982382
1064	8	a	6.356298
1064	9	raise	12.892232
1064	10	to	3.941071
1064	11	the	3.190697
1064	12	factory	10.280394
1064	13	workers	7.298157
1064	14	.	1.42016
1064	15	<eos>	-0.0
1065	1	I	0.0
1065	2	know	6.278276
1065	3	that	2.352433
1065	4	the	2.35511
1065	5	secretary	15.6415
1065	6	said	8.976254
1065	7	promised	19.834316
1065	8	a	3.988536
1065	9	raise	11.688969
1065	10	to	2.858096
1065	11	the	2.343359
1065	12	factory	12.577958
1065	13	workers	7.057604
1065	14	.	1.953164
1065	15	<eos>	-0.0
1066	1	I	0.0
1066	2	know	6.278276
1066	3	that	2.352433
1066	4	the	2.35511
1066	5	secretary	15.6415
1066	6	said	8.976254
1066	7	the	3.099807
1066	8	business	10.738096
1066	9	man	10.307231
1066	10	promised	11.784551
1066	11	a	4.670803
1066	12	raise	11.320926
1066	13	to	3.07909
1066	14	the	2.610783
1066	15	factory	10.398522
1066	16	workers	6.385541
1066	17	.	1.710228
1066	18	<eos>	-0.0
1067	1	I	0.0
1067	2	know	6.278276
1067	3	who	6.580016
1067	4	the	5.056487
1067	5	secretary	14.518427
1067	6	said	7.634206
1067	7	promised	17.483479
1067	8	a	4.62889
1067	9	raise	10.945505
1067	10	to	3.138716
1067	11	the	2.226344
1067	12	factory	12.272195
1067	13	workers	6.951046
1067	14	.	1.37712
1067	15	<eos>	-0.0
1068	1	I	0.0
1068	2	know	6.278276
1068	3	who	6.580016
1068	4	the	5.056487
1068	5	secretary	14.518427
1068	6	said	7.634206
1068	7	the	5.207767
1068	8	business	10.564448
1068	9	man	9.034189
1068	10	promised	11.970823
1068	11	a	6.063314
1068	12	raise	12.342089
1068	13	to	3.643416
1068	14	the	2.996953
1068	15	factory	10.17341
1068	16	workers	6.862111
1068	17	.	1.269576
1068	18	<eos>	-0.0
1069	1	I	0.0
1069	2	know	6.278276
1069	3	that	2.352433
1069	4	the	2.35511
1069	5	secretary	15.6415
1069	6	said	8.976254
1069	7	the	3.099807
1069	8	journalist	12.411575
1069	9	remarked	12.28931
1069	10	promised	20.804382
1069	11	a	4.977194
1069	12	raise	12.519832
1069	13	to	3.157464
1069	14	the	2.795664
1069	15	factory	13.233706
1069	16	workers	8.13869
1069	17	.	2.438624
1069	18	<eos>	-0.0
1070	1	I	0.0
1070	2	know	6.278276
1070	3	that	2.352433
1070	4	the	2.35511
1070	5	secretary	15.6415
1070	6	said	8.976254
1070	7	the	3.099807
1070	8	journalist	12.411575
1070	9	remarked	12.28931
1070	10	the	5.833444
1070	11	business	12.59912
1070	12	man	11.273577
1070	13	promised	11.011433
1070	14	a	4.765689
1070	15	raise	11.822108
1070	16	to	3.178691
1070	17	the	2.699549
1070	18	factory	11.215645
1070	19	workers	6.852589
1070	20	.	1.734168
1070	21	<eos>	-0.0
1071	1	I	0.0
1071	2	know	6.278276
1071	3	who	6.580016
1071	4	the	5.056487
1071	5	secretary	14.518427
1071	6	said	7.634206
1071	7	the	5.207767
1071	8	journalist	11.978044
1071	9	remarked	11.464731
1071	10	promised	18.270679
1071	11	a	5.513739
1071	12	raise	12.458814
1071	13	to	3.393273
1071	14	the	2.88728
1071	15	factory	13.100078
1071	16	workers	7.992797
1071	17	.	1.40214
1071	18	<eos>	-0.0
1072	1	I	0.0
1072	2	know	6.278276
1072	3	who	6.580016
1072	4	the	5.056487
1072	5	secretary	14.518427
1072	6	said	7.634206
1072	7	the	5.207767
1072	8	journalist	11.978044
1072	9	remarked	11.464731
1072	10	the	7.478208
1072	11	business	12.331805
1072	12	man	10.537801
1072	13	promised	11.349185
1072	14	a	6.541391
1072	15	raise	12.902466
1072	16	to	3.463983
1072	17	the	2.811501
1072	18	factory	10.716924
1072	19	workers	6.799249
1072	20	.	1.270893
1072	21	<eos>	-0.0
1073	1	I	0.0
1073	2	know	6.278276
1073	3	that	2.352433
1073	4	the	2.35511
1073	5	secretary	15.6415
1073	6	said	8.976254
1073	7	the	3.099807
1073	8	journalist	12.411575
1073	9	remarked	12.28931
1073	10	the	5.833444
1073	11	workers	13.822111
1073	12	said	9.391643
1073	13	promised	19.501322
1073	14	a	4.315393
1073	15	raise	11.959989
1073	16	to	2.960372
1073	17	the	3.11387
1073	18	factory	10.162302
1073	19	workers	5.766251
1073	20	.	1.906785
1073	21	<eos>	-0.0
1074	1	I	0.0
1074	2	know	6.278276
1074	3	that	2.352433
1074	4	the	2.35511
1074	5	secretary	15.6415
1074	6	said	8.976254
1074	7	the	3.099807
1074	8	journalist	12.411575
1074	9	remarked	12.28931
1074	10	the	5.833444
1074	11	workers	13.822111
1074	12	said	9.391643
1074	13	the	4.153834
1074	14	business	10.134969
1074	15	man	11.39136
1074	16	promised	11.518775
1074	17	a	4.691295
1074	18	raise	10.944516
1074	19	to	3.013334
1074	20	the	2.694302
1074	21	factory	9.122187
1074	22	workers	5.252418
1074	23	.	1.538043
1074	24	<eos>	-0.0
1075	1	I	0.0
1075	2	know	6.278276
1075	3	who	6.580016
1075	4	the	5.056487
1075	5	secretary	14.518427
1075	6	said	7.634206
1075	7	the	5.207767
1075	8	journalist	11.978044
1075	9	remarked	11.464731
1075	10	the	7.478208
1075	11	workers	12.843698
1075	12	said	8.833284
1075	13	promised	17.534845
1075	14	a	4.403266
1075	15	raise	11.091461
1075	16	to	2.919311
1075	17	the	2.268564
1075	18	factory	10.315448
1075	19	workers	5.073483
1075	20	.	1.172092
1075	21	<eos>	-0.0
1076	1	I	0.0
1076	2	know	6.278276
1076	3	who	6.580016
1076	4	the	5.056487
1076	5	secretary	14.518427
1076	6	said	7.634206
1076	7	the	5.207767
1076	8	journalist	11.978044
1076	9	remarked	11.464731
1076	10	the	7.478208
1076	11	workers	12.843698
1076	12	said	8.833284
1076	13	the	5.447581
1076	14	business	10.271026
1076	15	man	10.643221
1076	16	promised	11.314534
1076	17	a	4.846861
1076	18	raise	11.103631
1076	19	to	3.053287
1076	20	the	2.490854
1076	21	factory	9.29614
1076	22	workers	5.251244
1076	23	.	1.20391
1076	24	<eos>	-0.0
1077	1	I	0.0
1077	2	know	6.278276
1077	3	that	2.352433
1077	4	the	2.35511
1077	5	secretary	15.6415
1077	6	said	8.976254
1077	7	the	3.099807
1077	8	journalist	12.411575
1077	9	remarked	12.28931
1077	10	the	5.833444
1077	11	workers	13.822111
1077	12	said	9.391643
1077	13	their	6.729541
1077	14	representatives	10.956761
1077	15	think	14.17473
1077	16	promised	20.933907
1077	17	a	4.727465
1077	18	raise	12.526567
1077	19	to	2.936624
1077	20	the	2.19166
1077	21	factory	10.390803
1077	22	workers	5.033971
1077	23	.	1.463195
1077	24	<eos>	-0.0
1078	1	I	0.0
1078	2	know	6.278276
1078	3	that	2.352433
1078	4	the	2.35511
1078	5	secretary	15.6415
1078	6	said	8.976254
1078	7	the	3.099807
1078	8	journalist	12.411575
1078	9	remarked	12.28931
1078	10	the	5.833444
1078	11	workers	13.822111
1078	12	said	9.391643
1078	13	their	6.729541
1078	14	representatives	10.956761
1078	15	think	14.17473
1078	16	the	3.843353
1078	17	business	9.112679
1078	18	man	10.556847
1078	19	promised	13.005975
1078	20	a	4.732097
1078	21	raise	10.513683
1078	22	to	3.067845
1078	23	the	2.741908
1078	24	factory	9.51481
1078	25	workers	4.944947
1078	26	.	1.329713
1078	27	<eos>	-0.0
1079	1	I	0.0
1079	2	know	6.278276
1079	3	who	6.580016
1079	4	the	5.056487
1079	5	secretary	14.518427
1079	6	said	7.634206
1079	7	the	5.207767
1079	8	journalist	11.978044
1079	9	remarked	11.464731
1079	10	the	7.478208
1079	11	workers	12.843698
1079	12	said	8.833284
1079	13	their	8.563499
1079	14	representatives	11.434469
1079	15	think	14.529727
1079	16	promised	20.61902
1079	17	a	4.562669
1079	18	raise	12.69324
1079	19	to	3.09165
1079	20	the	2.075668
1079	21	factory	10.651322
1079	22	workers	5.007375
1079	23	.	1.077881
1079	24	<eos>	-0.0
1080	1	I	0.0
1080	2	know	6.278276
1080	3	who	6.580016
1080	4	the	5.056487
1080	5	secretary	14.518427
1080	6	said	7.634206
1080	7	the	5.207767
1080	8	journalist	11.978044
1080	9	remarked	11.464731
1080	10	the	7.478208
1080	11	workers	12.843698
1080	12	said	8.833284
1080	13	their	8.563499
1080	14	representatives	11.434469
1080	15	think	14.529727
1080	16	the	3.736401
1080	17	business	9.237481
1080	18	man	10.500316
1080	19	promised	13.068172
1080	20	a	4.77501
1080	21	raise	10.611117
1080	22	to	3.127289
1080	23	the	2.675131
1080	24	factory	9.698503
1080	25	workers	4.944582
1080	26	.	1.094538
1080	27	<eos>	-0.0
