sentence_id,token_id,token,surprisal
0,0,I,0.0
0,1,know,6.278276
0,2,that,2.352433
0,3,your,9.241128
0,4,friend,7.913626
0,5,threw,13.686808
0,6,into,7.438748
0,7,the,1.268161
0,8,trash,8.921647
0,9,can,9.350413
0,10,.,2.51136
0,11,<eos>,-0.0
1,0,I,0.0
1,1,know,6.278276
1,2,that,2.352433
1,3,your,9.241128
1,4,friend,7.913626
1,5,threw,13.686808
1,6,the,2.886432
1,7,plastic,11.385204
1,8,into,4.947669
1,9,the,1.486418
1,10,trash,7.812945
1,11,can,10.36718
1,12,.,1.904799
1,13,<eos>,-0.0
2,0,I,0.0
2,1,know,6.278276
2,2,what,4.561374
2,3,your,9.354386
2,4,friend,7.341642
2,5,threw,13.763621
2,6,into,6.34998
2,7,the,1.739475
2,8,trash,9.975388
2,9,can,7.570324
2,10,.,1.910721
2,11,<eos>,-0.0
3,0,I,0.0
3,1,know,6.278276
3,2,what,4.561374
3,3,your,9.354386
3,4,friend,7.341642
3,5,threw,13.763621
3,6,the,3.619183
3,7,plastic,12.378215
3,8,into,6.396659
3,9,the,2.022741
3,10,trash,7.328647
3,11,can,9.025637
3,12,.,1.741438
3,13,<eos>,-0.0
4,0,I,0.0
4,1,know,6.278276
4,2,that,2.352433
4,3,our,8.541259
4,4,mother,7.632546
4,5,said,9.849742
4,6,your,12.143874
4,7,friend,6.952579
4,8,threw,12.653158
4,9,into,8.024834
4,10,the,1.403038
4,11,trash,9.092407
4,12,can,9.905343
4,13,.,2.343162
4,14,<eos>,-0.0
5,0,I,0.0
5,1,know,6.278276
5,2,that,2.352433
5,3,our,8.541259
5,4,mother,7.632546
5,5,said,9.849742
5,6,your,12.143874
5,7,friend,6.952579
5,8,threw,12.653158
5,9,the,3.318855
5,10,plastic,11.459787
5,11,into,5.283202
5,12,the,1.544398
5,13,trash,7.849545
5,14,can,10.821189
5,15,.,1.817421
5,16,<eos>,-0.0
6,0,I,0.0
6,1,know,6.278276
6,2,what,4.561374
6,3,our,9.632398
6,4,mother,6.846245
6,5,said,6.753045
6,6,your,13.527543
6,7,friend,7.033999
6,8,threw,12.346433
6,9,into,5.82832
6,10,the,1.8186
6,11,trash,9.412251
6,12,can,8.508002
6,13,.,1.868385
6,14,<eos>,-0.0
7,0,I,0.0
7,1,know,6.278276
7,2,what,4.561374
7,3,our,9.632398
7,4,mother,6.846245
7,5,said,6.753045
7,6,your,13.527543
7,7,friend,7.033999
7,8,threw,12.346433
7,9,the,3.844788
7,10,plastic,11.682371
7,11,into,5.484532
7,12,the,2.13044
7,13,trash,7.384652
7,14,can,9.648588
7,15,.,1.747959
7,16,<eos>,-0.0
8,0,I,0.0
8,1,know,6.278276
8,2,that,2.352433
8,3,our,8.541259
8,4,mother,7.632546
8,5,said,9.849742
8,6,her,7.237803
8,7,friend,7.841909
8,8,remarked,13.805615
8,9,your,16.045568
8,10,friend,7.475852
8,11,threw,12.494452
8,12,into,8.229052
8,13,the,1.695014
8,14,trash,8.347499
8,15,can,10.763589
8,16,.,2.244289
8,17,<eos>,-0.0
9,0,I,0.0
9,1,know,6.278276
9,2,that,2.352433
9,3,our,8.541259
9,4,mother,7.632546
9,5,said,9.849742
9,6,her,7.237803
9,7,friend,7.841909
9,8,remarked,13.805615
9,9,your,16.045568
9,10,friend,7.475852
9,11,threw,12.494452
9,12,the,3.600312
9,13,plastic,11.332442
9,14,into,5.189511
9,15,the,1.808474
9,16,trash,7.193124
9,17,can,11.249496
9,18,.,1.721918
9,19,<eos>,-0.0
10,0,I,0.0
10,1,know,6.278276
10,2,what,4.561374
10,3,our,9.632398
10,4,mother,6.846245
10,5,said,6.753045
10,6,her,9.734304
10,7,friend,7.787373
10,8,remarked,13.714902
10,9,your,16.070679
10,10,friend,6.325808
10,11,threw,12.499144
10,12,into,5.694444
10,13,the,1.798832
10,14,trash,9.076991
10,15,can,8.805182
10,16,.,1.581655
10,17,<eos>,-0.0
11,0,I,0.0
11,1,know,6.278276
11,2,what,4.561374
11,3,our,9.632398
11,4,mother,6.846245
11,5,said,6.753045
11,6,her,9.734304
11,7,friend,7.787373
11,8,remarked,13.714902
11,9,your,16.070679
11,10,friend,6.325808
11,11,threw,12.499144
11,12,the,4.487805
11,13,plastic,11.992221
11,14,into,5.729949
11,15,the,2.376432
11,16,trash,7.01979
11,17,can,9.938641
11,18,.,1.535402
11,19,<eos>,-0.0
12,0,I,0.0
12,1,know,6.278276
12,2,that,2.352433
12,3,our,8.541259
12,4,mother,7.632546
12,5,said,9.849742
12,6,her,7.237803
12,7,friend,7.841909
12,8,remarked,13.805615
12,9,the,6.17998
12,10,park,15.270876
12,11,attendant,15.034326
12,12,reported,12.073592
12,13,your,13.711047
12,14,friend,8.647436
12,15,threw,12.837973
12,16,into,7.25911
12,17,the,1.395558
12,18,trash,6.740068
12,19,can,9.996262
12,20,.,1.668057
12,21,<eos>,-0.0
13,0,I,0.0
13,1,know,6.278276
13,2,that,2.352433
13,3,our,8.541259
13,4,mother,7.632546
13,5,said,9.849742
13,6,her,7.237803
13,7,friend,7.841909
13,8,remarked,13.805615
13,9,the,6.17998
13,10,park,15.270876
13,11,attendant,15.034326
13,12,reported,12.073592
13,13,your,13.711047
13,14,friend,8.647436
13,15,threw,12.837973
13,16,the,3.652134
13,17,plastic,10.594794
13,18,into,4.601041
13,19,the,1.707393
13,20,trash,5.82694
13,21,can,10.877677
13,22,.,1.409108
13,23,<eos>,-0.0
14,0,I,0.0
14,1,know,6.278276
14,2,what,4.561374
14,3,our,9.632398
14,4,mother,6.846245
14,5,said,6.753045
14,6,her,9.734304
14,7,friend,7.787373
14,8,remarked,13.714902
14,9,the,7.570263
14,10,park,15.37764
14,11,attendant,16.740404
14,12,reported,11.181716
14,13,your,16.728607
14,14,friend,6.962441
14,15,threw,12.553583
14,16,into,5.335343
14,17,the,1.764965
14,18,trash,7.059436
14,19,can,8.993454
14,20,.,1.290258
14,21,<eos>,-0.0
15,0,I,0.0
15,1,know,6.278276
15,2,what,4.561374
15,3,our,9.632398
15,4,mother,6.846245
15,5,said,6.753045
15,6,her,9.734304
15,7,friend,7.787373
15,8,remarked,13.714902
15,9,the,7.570263
15,10,park,15.37764
15,11,attendant,16.740404
15,12,reported,11.181716
15,13,your,16.728607
15,14,friend,6.962441
15,15,threw,12.553583
15,16,the,4.649722
15,17,plastic,11.225689
15,18,into,4.828998
15,19,the,2.169432
15,20,trash,5.607578
15,21,can,10.316995
15,22,.,1.222218
15,23,<eos>,-0.0
16,0,I,0.0
16,1,know,6.278276
16,2,that,2.352433
16,3,our,8.541259
16,4,mother,7.632546
16,5,said,9.849742
16,6,her,7.237803
16,7,friend,7.841909
16,8,remarked,13.805615
16,9,the,6.17998
16,10,park,15.270876
16,11,attendant,15.034326
16,12,reported,12.073592
16,13,your,13.711047
16,14,friend,8.647436
16,15,threw,12.837973
16,16,into,7.25911
16,17,the,1.395558
16,18,trash,6.740068
16,19,can,9.996262
16,20,.,1.668057
16,21,<eos>,-0.0
17,0,I,0.0
17,1,know,6.278276
17,2,that,2.352433
17,3,our,8.541259
17,4,mother,7.632546
17,5,said,9.849742
17,6,her,7.237803
17,7,friend,7.841909
17,8,remarked,13.805615
17,9,the,6.17998
17,10,park,15.270876
17,11,attendant,15.034326
17,12,reported,12.073592
17,13,your,13.711047
17,14,friend,8.647436
17,15,threw,12.837973
17,16,the,3.652134
17,17,plastic,10.594794
17,18,into,4.601041
17,19,the,1.707393
17,20,trash,5.82694
17,21,can,10.877677
17,22,.,1.409108
17,23,<eos>,-0.0
18,0,I,0.0
18,1,know,6.278276
18,2,what,4.561374
18,3,our,9.632398
18,4,mother,6.846245
18,5,said,6.753045
18,6,her,9.734304
18,7,friend,7.787373
18,8,remarked,13.714902
18,9,the,7.570263
18,10,park,15.37764
18,11,attendant,16.740404
18,12,reported,11.181716
18,13,your,16.728607
18,14,friend,6.962441
18,15,threw,12.553583
18,16,into,5.335343
18,17,the,1.764965
18,18,trash,7.059436
18,19,can,8.993454
18,20,.,1.290258
18,21,<eos>,-0.0
19,0,I,0.0
19,1,know,6.278276
19,2,what,4.561374
19,3,our,9.632398
19,4,mother,6.846245
19,5,said,6.753045
19,6,her,9.734304
19,7,friend,7.787373
19,8,remarked,13.714902
19,9,the,7.570263
19,10,park,15.37764
19,11,attendant,16.740404
19,12,reported,11.181716
19,13,your,16.728607
19,14,friend,6.962441
19,15,threw,12.553583
19,16,the,4.649722
19,17,plastic,11.225689
19,18,into,4.828998
19,19,the,2.169432
19,20,trash,5.607578
19,21,can,10.316995
19,22,.,1.222218
19,23,<eos>,-0.0
20,0,The,0.0
20,1,newspaper,15.903531
20,2,reported,7.315045
20,3,that,0.656248
20,4,the,2.181931
20,5,boss,14.823406
20,6,sold,11.724365
20,7,to,5.962626
20,8,his,5.588099
20,9,friend,5.610367
20,10,.,5.378999
20,11,<eos>,-0.0
21,0,The,0.0
21,1,newspaper,15.903531
21,2,reported,7.315045
21,3,that,0.656248
21,4,the,2.181931
21,5,boss,14.823406
21,6,sold,11.724365
21,7,a,4.071801
21,8,car,6.700286
21,9,to,1.943193
21,10,his,4.965299
21,11,friend,4.581802
21,12,.,4.534842
21,13,<eos>,-0.0
22,0,The,0.0
22,1,newspaper,15.903531
22,2,reported,7.315045
22,3,what,11.347739
22,4,the,3.060604
22,5,boss,15.846
22,6,sold,11.515039
22,7,to,1.895673
22,8,his,4.5799
22,9,friend,5.105734
22,10,.,3.806581
22,11,<eos>,-0.0
23,0,The,0.0
23,1,newspaper,15.903531
23,2,reported,7.315045
23,3,what,11.347739
23,4,the,3.060604
23,5,boss,15.846
23,6,sold,11.515039
23,7,a,7.11902
23,8,car,8.045219
23,9,to,1.622283
23,10,his,5.193143
23,11,friend,4.482758
23,12,.,3.397918
23,13,<eos>,-0.0
24,0,The,0.0
24,1,newspaper,15.903531
24,2,reported,7.315045
24,3,that,0.656248
24,4,the,2.181931
24,5,investigator,15.281781
24,6,thought,9.428214
24,7,the,3.220821
24,8,boss,14.625125
24,9,sold,13.842034
24,10,to,4.752794
24,11,his,5.027864
24,12,friend,5.702628
24,13,.,4.141542
24,14,<eos>,-0.0
25,0,The,0.0
25,1,newspaper,15.903531
25,2,reported,7.315045
25,3,that,0.656248
25,4,the,2.181931
25,5,investigator,15.281781
25,6,thought,9.428214
25,7,the,3.220821
25,8,boss,14.625125
25,9,sold,13.842034
25,10,a,4.042106
25,11,car,7.652186
25,12,to,2.028394
25,13,his,5.013496
25,14,friend,4.960092
25,15,.,3.486474
25,16,<eos>,-0.0
26,0,The,0.0
26,1,newspaper,15.903531
26,2,reported,7.315045
26,3,what,11.347739
26,4,the,3.060604
26,5,investigator,12.937834
26,6,thought,6.92781
26,7,the,6.223873
26,8,boss,15.106106
26,9,sold,13.491715
26,10,to,3.025668
26,11,his,4.406048
26,12,friend,5.405621
26,13,.,2.914771
26,14,<eos>,-0.0
27,0,The,0.0
27,1,newspaper,15.903531
27,2,reported,7.315045
27,3,what,11.347739
27,4,the,3.060604
27,5,investigator,12.937834
27,6,thought,6.92781
27,7,the,6.223873
27,8,boss,15.106106
27,9,sold,13.491715
27,10,a,7.607812
27,11,car,7.925828
27,12,to,1.962946
27,13,his,5.147647
27,14,friend,4.941207
27,15,.,2.735208
27,16,<eos>,-0.0
28,0,The,0.0
28,1,newspaper,15.903531
28,2,reported,7.315045
28,3,that,0.656248
28,4,the,2.181931
28,5,investigator,15.281781
28,6,thought,9.428214
28,7,the,3.220821
28,8,businessman,16.949793
28,9,believed,9.478601
28,10,the,3.432453
28,11,boss,13.775071
28,12,sold,12.127194
28,13,to,5.065941
28,14,his,4.423447
28,15,friend,6.139892
28,16,.,3.672352
28,17,<eos>,-0.0
29,0,The,0.0
29,1,newspaper,15.903531
29,2,reported,7.315045
29,3,that,0.656248
29,4,the,2.181931
29,5,investigator,15.281781
29,6,thought,9.428214
29,7,the,3.220821
29,8,businessman,16.949793
29,9,believed,9.478601
29,10,the,3.432453
29,11,boss,13.775071
29,12,sold,12.127194
29,13,a,4.226011
29,14,car,7.302906
29,15,to,2.292895
29,16,his,4.666163
29,17,friend,5.092084
29,18,.,3.180904
29,19,<eos>,-0.0
30,0,The,0.0
30,1,newspaper,15.903531
30,2,reported,7.315045
30,3,what,11.347739
30,4,the,3.060604
30,5,investigator,12.937834
30,6,thought,6.92781
30,7,the,6.223873
30,8,businessman,16.800341
30,9,believed,7.74356
30,10,the,6.708405
30,11,boss,13.795127
30,12,sold,12.559789
30,13,to,3.026702
30,14,his,4.295986
30,15,friend,5.898076
30,16,.,2.400716
30,17,<eos>,-0.0
31,0,The,0.0
31,1,newspaper,15.903531
31,2,reported,7.315045
31,3,what,11.347739
31,4,the,3.060604
31,5,investigator,12.937834
31,6,thought,6.92781
31,7,the,6.223873
31,8,businessman,16.800341
31,9,believed,7.74356
31,10,the,6.708405
31,11,boss,13.795127
31,12,sold,12.559789
31,13,a,7.288294
31,14,car,7.48673
31,15,to,2.244652
31,16,his,5.05909
31,17,friend,5.317485
31,18,.,2.356296
31,19,<eos>,-0.0
32,0,The,0.0
32,1,newspaper,15.903531
32,2,reported,7.315045
32,3,that,0.656248
32,4,the,2.181931
32,5,investigator,15.281781
32,6,thought,9.428214
32,7,the,3.220821
32,8,businessman,16.949793
32,9,believed,9.478601
32,10,the,3.432453
32,11,banker,13.963907
32,12,said,11.810635
32,13,the,3.896652
32,14,boss,12.118279
32,15,sold,11.664895
32,16,to,5.511365
32,17,his,4.227214
32,18,friend,6.272465
32,19,.,3.463176
32,20,<eos>,-0.0
33,0,The,0.0
33,1,newspaper,15.903531
33,2,reported,7.315045
33,3,that,0.656248
33,4,the,2.181931
33,5,investigator,15.281781
33,6,thought,9.428214
33,7,the,3.220821
33,8,businessman,16.949793
33,9,believed,9.478601
33,10,the,3.432453
33,11,banker,13.963907
33,12,said,11.810635
33,13,the,3.896652
33,14,boss,12.118279
33,15,sold,11.664895
33,16,a,4.252781
33,17,car,6.707382
33,18,to,2.197273
33,19,his,4.210863
33,20,friend,5.007138
33,21,.,3.121437
33,22,<eos>,-0.0
34,0,The,0.0
34,1,newspaper,15.903531
34,2,reported,7.315045
34,3,what,11.347739
34,4,the,3.060604
34,5,investigator,12.937834
34,6,thought,6.92781
34,7,the,6.223873
34,8,businessman,16.800341
34,9,believed,7.74356
34,10,the,6.708405
34,11,banker,14.220615
34,12,said,10.724869
34,13,the,7.056639
34,14,boss,11.842678
34,15,sold,12.081965
34,16,to,3.731551
34,17,his,3.940012
34,18,friend,6.019962
34,19,.,2.520939
34,20,<eos>,-0.0
35,0,The,0.0
35,1,newspaper,15.903531
35,2,reported,7.315045
35,3,what,11.347739
35,4,the,3.060604
35,5,investigator,12.937834
35,6,thought,6.92781
35,7,the,6.223873
35,8,businessman,16.800341
35,9,believed,7.74356
35,10,the,6.708405
35,11,banker,14.220615
35,12,said,10.724869
35,13,the,7.056639
35,14,boss,11.842678
35,15,sold,12.081965
35,16,a,5.511918
35,17,car,6.515685
35,18,to,2.352611
35,19,his,4.329251
35,20,friend,5.147262
35,21,.,2.572574
35,22,<eos>,-0.0
36,0,The,0.0
36,1,newspaper,15.903531
36,2,reported,7.315045
36,3,that,0.656248
36,4,the,2.181931
36,5,investigator,15.281781
36,6,thought,9.428214
36,7,the,3.220821
36,8,businessman,16.949793
36,9,believed,9.478601
36,10,the,3.432453
36,11,banker,13.963907
36,12,said,11.810635
36,13,the,3.896652
36,14,boss,12.118279
36,15,sold,11.664895
36,16,to,5.511365
36,17,his,4.227214
36,18,friend,6.272465
36,19,.,3.463176
36,20,<eos>,-0.0
37,0,The,0.0
37,1,newspaper,15.903531
37,2,reported,7.315045
37,3,that,0.656248
37,4,the,2.181931
37,5,investigator,15.281781
37,6,thought,9.428214
37,7,the,3.220821
37,8,businessman,16.949793
37,9,believed,9.478601
37,10,the,3.432453
37,11,banker,13.963907
37,12,said,11.810635
37,13,the,3.896652
37,14,boss,12.118279
37,15,sold,11.664895
37,16,a,4.252781
37,17,car,6.707382
37,18,to,2.197273
37,19,his,4.210863
37,20,friend,5.007138
37,21,.,3.121437
37,22,<eos>,-0.0
38,0,The,0.0
38,1,newspaper,15.903531
38,2,reported,7.315045
38,3,what,11.347739
38,4,the,3.060604
38,5,investigator,12.937834
38,6,thought,6.92781
38,7,the,6.223873
38,8,businessman,16.800341
38,9,believed,7.74356
38,10,the,6.708405
38,11,banker,14.220615
38,12,said,10.724869
38,13,the,7.056639
38,14,boss,11.842678
38,15,sold,12.081965
38,16,to,3.731551
38,17,his,3.940012
38,18,friend,6.019962
38,19,.,2.520939
38,20,<eos>,-0.0
39,0,The,0.0
39,1,newspaper,15.903531
39,2,reported,7.315045
39,3,what,11.347739
39,4,the,3.060604
39,5,investigator,12.937834
39,6,thought,6.92781
39,7,the,6.223873
39,8,businessman,16.800341
39,9,believed,7.74356
39,10,the,6.708405
39,11,banker,14.220615
39,12,said,10.724869
39,13,the,7.056639
39,14,boss,11.842678
39,15,sold,12.081965
39,16,a,5.511918
39,17,car,6.515685
39,18,to,2.352611
39,19,his,4.329251
39,20,friend,5.147262
39,21,.,2.572574
39,22,<eos>,-0.0
40,0,Her,0.0
40,1,friend,11.799559
40,2,found,14.413343
40,3,out,4.35195
40,4,that,1.181744
40,5,the,2.945984
40,6,visitor,14.114315
40,7,told,8.599363
40,8,to,9.198224
40,9,the,3.231998
40,10,guests,9.038965
40,11,.,6.114177
40,12,<eos>,-0.0
41,0,Her,0.0
41,1,friend,11.799559
41,2,found,14.413343
41,3,out,4.35195
41,4,that,1.181744
41,5,the,2.945984
41,6,visitor,14.114315
41,7,told,8.599363
41,8,a,6.167391
41,9,story,4.098252
41,10,to,4.327679
41,11,the,3.181581
41,12,guests,10.301086
41,13,.,2.739229
41,14,<eos>,-0.0
42,0,Her,0.0
42,1,friend,11.799559
42,2,found,14.413343
42,3,out,4.35195
42,4,what,5.329701
42,5,the,3.861553
42,6,visitor,11.208658
42,7,told,6.99808
42,8,to,5.605468
42,9,the,3.632083
42,10,guests,9.805382
42,11,.,2.382622
42,12,<eos>,-0.0
43,0,Her,0.0
43,1,friend,11.799559
43,2,found,14.413343
43,3,out,4.35195
43,4,what,5.329701
43,5,the,3.861553
43,6,visitor,11.208658
43,7,told,6.99808
43,8,a,6.542699
43,9,story,5.36362
43,10,to,4.368876
43,11,the,3.562533
43,12,guests,10.970407
43,13,.,1.381109
43,14,<eos>,-0.0
44,0,Her,0.0
44,1,friend,11.799559
44,2,found,14.413343
44,3,out,4.35195
44,4,that,1.181744
44,5,my,15.545675
44,6,friend,6.478185
44,7,believed,9.669543
44,8,the,3.784048
44,9,visitor,14.716885
44,10,told,10.072203
44,11,to,7.972269
44,12,the,3.245367
44,13,guests,9.751911
44,14,.,4.993021
44,15,<eos>,-0.0
45,0,Her,0.0
45,1,friend,11.799559
45,2,found,14.413343
45,3,out,4.35195
45,4,that,1.181744
45,5,my,15.545675
45,6,friend,6.478185
45,7,believed,9.669543
45,8,the,3.784048
45,9,visitor,14.716885
45,10,told,10.072203
45,11,a,6.173626
45,12,story,3.827657
45,13,to,4.040026
45,14,the,3.233311
45,15,guests,10.923571
45,16,.,2.09221
45,17,<eos>,-0.0
46,0,Her,0.0
46,1,friend,11.799559
46,2,found,14.413343
46,3,out,4.35195
46,4,what,5.329701
46,5,my,14.124475
46,6,friend,6.259689
46,7,believed,6.382778
46,8,the,4.845181
46,9,visitor,14.858592
46,10,told,8.888007
46,11,to,6.234224
46,12,the,3.983302
46,13,guests,11.259816
46,14,.,1.957965
46,15,<eos>,-0.0
47,0,Her,0.0
47,1,friend,11.799559
47,2,found,14.413343
47,3,out,4.35195
47,4,what,5.329701
47,5,my,14.124475
47,6,friend,6.259689
47,7,believed,6.382778
47,8,the,4.845181
47,9,visitor,14.858592
47,10,told,8.888007
47,11,a,6.599024
47,12,story,4.406431
47,13,to,4.496255
47,14,the,4.339455
47,15,guests,11.78568
47,16,.,1.256165
47,17,<eos>,-0.0
48,0,Her,0.0
48,1,friend,11.799559
48,2,found,14.413343
48,3,out,4.35195
48,4,that,1.181744
48,5,my,15.545675
48,6,friend,6.478185
48,7,believed,9.669543
48,8,the,3.784048
48,9,professor,15.776816
48,10,said,11.55961
48,11,the,3.914557
48,12,visitor,14.487816
48,13,told,7.784509
48,14,to,9.349903
48,15,the,3.23713
48,16,guests,9.656068
48,17,.,4.482255
48,18,<eos>,-0.0
49,0,Her,0.0
49,1,friend,11.799559
49,2,found,14.413343
49,3,out,4.35195
49,4,that,1.181744
49,5,my,15.545675
49,6,friend,6.478185
49,7,believed,9.669543
49,8,the,3.784048
49,9,professor,15.776816
49,10,said,11.55961
49,11,the,3.914557
49,12,visitor,14.487816
49,13,told,7.784509
49,14,a,6.700785
49,15,story,3.875871
49,16,to,4.300254
49,17,the,3.209147
49,18,guests,10.560164
49,19,.,2.078459
49,20,<eos>,-0.0
50,0,Her,0.0
50,1,friend,11.799559
50,2,found,14.413343
50,3,out,4.35195
50,4,what,5.329701
50,5,my,14.124475
50,6,friend,6.259689
50,7,believed,6.382778
50,8,the,4.845181
50,9,professor,15.544372
50,10,said,9.861913
50,11,the,6.613657
50,12,visitor,13.297056
50,13,told,7.657908
50,14,to,6.973319
50,15,the,3.755392
50,16,guests,11.23942
50,17,.,2.165773
50,18,<eos>,-0.0
51,0,Her,0.0
51,1,friend,11.799559
51,2,found,14.413343
51,3,out,4.35195
51,4,what,5.329701
51,5,my,14.124475
51,6,friend,6.259689
51,7,believed,6.382778
51,8,the,4.845181
51,9,professor,15.544372
51,10,said,9.861913
51,11,the,6.613657
51,12,visitor,13.297056
51,13,told,7.657908
51,14,a,6.624044
51,15,story,4.336689
51,16,to,4.662794
51,17,the,4.11203
51,18,guests,11.603314
51,19,.,1.165605
51,20,<eos>,-0.0
52,0,Her,0.0
52,1,friend,11.799559
52,2,found,14.413343
52,3,out,4.35195
52,4,that,1.181744
52,5,my,15.545675
52,6,friend,6.478185
52,7,believed,9.669543
52,8,the,3.784048
52,9,professor,15.776816
52,10,said,11.55961
52,11,his,7.45132
52,12,colleague,9.97044
52,13,noticed,13.340505
52,14,the,3.10602
52,15,visitor,15.806893
52,16,told,11.537224
52,17,to,7.992959
52,18,the,3.490596
52,19,guests,9.141955
52,20,.,3.600731
52,21,<eos>,-0.0
53,0,Her,0.0
53,1,friend,11.799559
53,2,found,14.413343
53,3,out,4.35195
53,4,that,1.181744
53,5,my,15.545675
53,6,friend,6.478185
53,7,believed,9.669543
53,8,the,3.784048
53,9,professor,15.776816
53,10,said,11.55961
53,11,his,7.45132
53,12,colleague,9.97044
53,13,noticed,13.340505
53,14,the,3.10602
53,15,visitor,15.806893
53,16,told,11.537224
53,17,a,6.896709
53,18,story,3.651762
53,19,to,4.561075
53,20,the,3.138781
53,21,guests,10.547675
53,22,.,1.530452
53,23,<eos>,-0.0
54,0,Her,0.0
54,1,friend,11.799559
54,2,found,14.413343
54,3,out,4.35195
54,4,what,5.329701
54,5,my,14.124475
54,6,friend,6.259689
54,7,believed,6.382778
54,8,the,4.845181
54,9,professor,15.544372
54,10,said,9.861913
54,11,his,10.38224
54,12,colleague,9.202298
54,13,noticed,12.825308
54,14,the,5.726281
54,15,visitor,15.331517
54,16,told,11.337095
54,17,to,7.202875
54,18,the,3.514549
54,19,guests,10.268877
54,20,.,1.466225
54,21,<eos>,-0.0
55,0,Her,0.0
55,1,friend,11.799559
55,2,found,14.413343
55,3,out,4.35195
55,4,what,5.329701
55,5,my,14.124475
55,6,friend,6.259689
55,7,believed,6.382778
55,8,the,4.845181
55,9,professor,15.544372
55,10,said,9.861913
55,11,his,10.38224
55,12,colleague,9.202298
55,13,noticed,12.825308
55,14,the,5.726281
55,15,visitor,15.331517
55,16,told,11.337095
55,17,a,7.04426
55,18,story,3.836808
55,19,to,5.005687
55,20,the,3.174049
55,21,guests,10.986701
55,22,.,1.071578
55,23,<eos>,-0.0
56,0,Her,0.0
56,1,friend,11.799559
56,2,found,14.413343
56,3,out,4.35195
56,4,that,1.181744
56,5,my,15.545675
56,6,friend,6.478185
56,7,believed,9.669543
56,8,the,3.784048
56,9,professor,15.776816
56,10,said,11.55961
56,11,his,7.45132
56,12,colleague,9.97044
56,13,noticed,13.340505
56,14,the,3.10602
56,15,visitor,15.806893
56,16,told,11.537224
56,17,to,7.992959
56,18,the,3.490596
56,19,guests,9.141955
56,20,.,3.600731
56,21,<eos>,-0.0
57,0,Her,0.0
57,1,friend,11.799559
57,2,found,14.413343
57,3,out,4.35195
57,4,that,1.181744
57,5,my,15.545675
57,6,friend,6.478185
57,7,believed,9.669543
57,8,the,3.784048
57,9,professor,15.776816
57,10,said,11.55961
57,11,his,7.45132
57,12,colleague,9.97044
57,13,noticed,13.340505
57,14,the,3.10602
57,15,visitor,15.806893
57,16,told,11.537224
57,17,a,6.896709
57,18,story,3.651762
57,19,to,4.561075
57,20,the,3.138781
57,21,guests,10.547675
57,22,.,1.530452
57,23,<eos>,-0.0
58,0,Her,0.0
58,1,friend,11.799559
58,2,found,14.413343
58,3,out,4.35195
58,4,what,5.329701
58,5,my,14.124475
58,6,friend,6.259689
58,7,believed,6.382778
58,8,the,4.845181
58,9,professor,15.544372
58,10,said,9.861913
58,11,his,10.38224
58,12,colleague,9.202298
58,13,noticed,12.825308
58,14,the,5.726281
58,15,visitor,15.331517
58,16,told,11.337095
58,17,to,7.202875
58,18,the,3.514549
58,19,guests,10.268877
58,20,.,1.466225
58,21,<eos>,-0.0
59,0,Her,0.0
59,1,friend,11.799559
59,2,found,14.413343
59,3,out,4.35195
59,4,what,5.329701
59,5,my,14.124475
59,6,friend,6.259689
59,7,believed,6.382778
59,8,the,4.845181
59,9,professor,15.544372
59,10,said,9.861913
59,11,his,10.38224
59,12,colleague,9.202298
59,13,noticed,12.825308
59,14,the,5.726281
59,15,visitor,15.331517
59,16,told,11.337095
59,17,a,7.04426
59,18,story,3.836808
59,19,to,5.005687
59,20,the,3.174049
59,21,guests,10.986701
59,22,.,1.071578
59,23,<eos>,-0.0
60,0,I,0.0
60,1,realized,10.70379
60,2,that,0.826327
60,3,the,2.072847
60,4,suffering,13.361823
60,5,artist,17.415216
60,6,saw,10.155708
60,7,at,6.51041
60,8,the,1.21309
60,9,museum,9.197433
60,10,.,7.376742
60,11,<eos>,-0.0
61,0,I,0.0
61,1,realized,10.70379
61,2,that,0.826327
61,3,the,2.072847
61,4,suffering,13.361823
61,5,artist,17.415216
61,6,saw,10.155708
61,7,a,4.293156
61,8,painting,10.657421
61,9,at,6.525059
61,10,the,0.909856
61,11,museum,6.123364
61,12,.,2.338785
61,13,<eos>,-0.0
62,0,I,0.0
62,1,realized,10.70379
62,2,what,5.826236
62,3,the,3.619834
62,4,suffering,14.969596
62,5,artist,17.158979
62,6,saw,8.640055
62,7,at,5.874088
62,8,the,1.071463
62,9,museum,9.913635
62,10,.,2.927533
62,11,<eos>,-0.0
63,0,I,0.0
63,1,realized,10.70379
63,2,what,5.826236
63,3,the,3.619834
63,4,suffering,14.969596
63,5,artist,17.158979
63,6,saw,8.640055
63,7,a,8.106455
63,8,painting,11.143272
63,9,at,6.891188
63,10,the,1.295258
63,11,museum,7.747999
63,12,.,1.322822
63,13,<eos>,-0.0
64,0,I,0.0
64,1,realized,10.70379
64,2,that,0.826327
64,3,the,2.072847
64,4,painter,15.507481
64,5,believed,9.709238
64,6,the,2.938065
64,7,suffering,13.490589
64,8,artist,14.286286
64,9,saw,10.637591
64,10,at,7.707556
64,11,the,1.491123
64,12,museum,8.059743
64,13,.,5.033933
64,14,<eos>,-0.0
65,0,I,0.0
65,1,realized,10.70379
65,2,that,0.826327
65,3,the,2.072847
65,4,painter,15.507481
65,5,believed,9.709238
65,6,the,2.938065
65,7,suffering,13.490589
65,8,artist,14.286286
65,9,saw,10.637591
65,10,a,3.68142
65,11,painting,7.974935
65,12,at,6.714376
65,13,the,0.985787
65,14,museum,5.59725
65,15,.,1.914336
65,16,<eos>,-0.0
66,0,I,0.0
66,1,realized,10.70379
66,2,what,5.826236
66,3,the,3.619834
66,4,painter,13.120335
66,5,believed,7.218452
66,6,the,6.292359
66,7,suffering,13.02506
66,8,artist,15.340098
66,9,saw,9.708186
66,10,at,5.718024
66,11,the,1.05629
66,12,museum,8.096687
66,13,.,1.894167
66,14,<eos>,-0.0
67,0,I,0.0
67,1,realized,10.70379
67,2,what,5.826236
67,3,the,3.619834
67,4,painter,13.120335
67,5,believed,7.218452
67,6,the,6.292359
67,7,suffering,13.02506
67,8,artist,15.340098
67,9,saw,9.708186
67,10,a,7.869059
67,11,painting,8.977496
67,12,at,6.605387
67,13,the,1.200669
67,14,museum,6.969364
67,15,.,1.074839
67,16,<eos>,-0.0
68,0,I,0.0
68,1,realized,10.70379
68,2,that,0.826327
68,3,the,2.072847
68,4,painter,15.507481
68,5,believed,9.709238
68,6,his,6.598816
68,7,rival,12.96275
68,8,suspected,16.70166
68,9,the,3.388716
68,10,suffering,15.353897
68,11,artist,14.309937
68,12,saw,11.431094
68,13,at,7.122811
68,14,the,1.252098
68,15,museum,8.692721
68,16,.,2.053375
68,17,<eos>,-0.0
69,0,I,0.0
69,1,realized,10.70379
69,2,that,0.826327
69,3,the,2.072847
69,4,painter,15.507481
69,5,believed,9.709238
69,6,his,6.598816
69,7,rival,12.96275
69,8,suspected,16.70166
69,9,the,3.388716
69,10,suffering,15.353897
69,11,artist,14.309937
69,12,saw,11.431094
69,13,a,4.060841
69,14,painting,8.058084
69,15,at,6.050887
69,16,the,0.852878
69,17,museum,5.494982
69,18,.,1.453475
69,19,<eos>,-0.0
70,0,I,0.0
70,1,realized,10.70379
70,2,what,5.826236
70,3,the,3.619834
70,4,painter,13.120335
70,5,believed,7.218452
70,6,his,9.85161
70,7,rival,12.167031
70,8,suspected,17.931534
70,9,the,6.534127
70,10,suffering,14.845233
70,11,artist,14.858671
70,12,saw,10.15908
70,13,at,5.589462
70,14,the,0.869941
70,15,museum,8.928619
70,16,.,0.886723
70,17,<eos>,-0.0
71,0,I,0.0
71,1,realized,10.70379
71,2,what,5.826236
71,3,the,3.619834
71,4,painter,13.120335
71,5,believed,7.218452
71,6,his,9.85161
71,7,rival,12.167031
71,8,suspected,17.931534
71,9,the,6.534127
71,10,suffering,14.845233
71,11,artist,14.858671
71,12,saw,10.15908
71,13,a,8.346539
71,14,painting,8.855193
71,15,at,6.485957
71,16,the,0.95728
71,17,museum,6.39886
71,18,.,0.93544
71,19,<eos>,-0.0
72,0,I,0.0
72,1,realized,10.70379
72,2,that,0.826327
72,3,the,2.072847
72,4,painter,15.507481
72,5,believed,9.709238
72,6,his,6.598816
72,7,rival,12.96275
72,8,suspected,16.70166
72,9,the,3.388716
72,10,man,7.72374
72,11,said,11.816598
72,12,the,5.288538
72,13,suffering,14.847774
72,14,artist,16.314665
72,15,saw,10.570435
72,16,at,6.595201
72,17,the,1.075001
72,18,museum,8.481872
72,19,.,2.810817
72,20,<eos>,-0.0
73,0,I,0.0
73,1,realized,10.70379
73,2,that,0.826327
73,3,the,2.072847
73,4,painter,15.507481
73,5,believed,9.709238
73,6,his,6.598816
73,7,rival,12.96275
73,8,suspected,16.70166
73,9,the,3.388716
73,10,man,7.72374
73,11,said,11.816598
73,12,the,5.288538
73,13,suffering,14.847774
73,14,artist,16.314665
73,15,saw,10.570435
73,16,a,4.480397
73,17,painting,7.470413
73,18,at,6.100992
73,19,the,0.830622
73,20,museum,5.739245
73,21,.,1.484427
73,22,<eos>,-0.0
74,0,I,0.0
74,1,realized,10.70379
74,2,what,5.826236
74,3,the,3.619834
74,4,painter,13.120335
74,5,believed,7.218452
74,6,his,9.85161
74,7,rival,12.167031
74,8,suspected,17.931534
74,9,the,6.534127
74,10,man,7.851795
74,11,said,11.054845
74,12,the,6.519774
74,13,suffering,14.759014
74,14,artist,16.344604
74,15,saw,10.093378
74,16,at,7.032662
74,17,the,1.023573
74,18,museum,8.608839
74,19,.,1.898968
74,20,<eos>,-0.0
75,0,I,0.0
75,1,realized,10.70379
75,2,what,5.826236
75,3,the,3.619834
75,4,painter,13.120335
75,5,believed,7.218452
75,6,his,9.85161
75,7,rival,12.167031
75,8,suspected,17.931534
75,9,the,6.534127
75,10,man,7.851795
75,11,said,11.054845
75,12,the,6.519774
75,13,suffering,14.759014
75,14,artist,16.344604
75,15,saw,10.093378
75,16,a,4.819077
75,17,painting,7.722588
75,18,at,6.036347
75,19,the,0.802636
75,20,museum,5.737308
75,21,.,1.184403
75,22,<eos>,-0.0
76,0,I,0.0
76,1,realized,10.70379
76,2,that,0.826327
76,3,the,2.072847
76,4,painter,15.507481
76,5,believed,9.709238
76,6,his,6.598816
76,7,rival,12.96275
76,8,suspected,16.70166
76,9,the,3.388716
76,10,man,7.72374
76,11,said,11.816598
76,12,the,5.288538
76,13,suffering,14.847774
76,14,artist,16.314665
76,15,saw,10.570435
76,16,at,6.595201
76,17,the,1.075001
76,18,museum,8.481872
76,19,.,2.810817
76,20,<eos>,-0.0
77,0,I,0.0
77,1,realized,10.70379
77,2,that,0.826327
77,3,the,2.072847
77,4,painter,15.507481
77,5,believed,9.709238
77,6,his,6.598816
77,7,rival,12.96275
77,8,suspected,16.70166
77,9,the,3.388716
77,10,man,7.72374
77,11,said,11.816598
77,12,the,5.288538
77,13,suffering,14.847774
77,14,artist,16.314665
77,15,saw,10.570435
77,16,a,4.480397
77,17,painting,7.470413
77,18,at,6.100992
77,19,the,0.830622
77,20,museum,5.739245
77,21,.,1.484427
77,22,<eos>,-0.0
78,0,I,0.0
78,1,realized,10.70379
78,2,what,5.826236
78,3,the,3.619834
78,4,painter,13.120335
78,5,believed,7.218452
78,6,his,9.85161
78,7,rival,12.167031
78,8,suspected,17.931534
78,9,the,6.534127
78,10,man,7.851795
78,11,said,11.054845
78,12,the,6.519774
78,13,suffering,14.759014
78,14,artist,16.344604
78,15,saw,10.093378
78,16,at,7.032662
78,17,the,1.023573
78,18,museum,8.608839
78,19,.,1.898968
78,20,<eos>,-0.0
79,0,I,0.0
79,1,realized,10.70379
79,2,what,5.826236
79,3,the,3.619834
79,4,painter,13.120335
79,5,believed,7.218452
79,6,his,9.85161
79,7,rival,12.167031
79,8,suspected,17.931534
79,9,the,6.534127
79,10,man,7.851795
79,11,said,11.054845
79,12,the,6.519774
79,13,suffering,14.759014
79,14,artist,16.344604
79,15,saw,10.093378
79,16,a,4.819077
79,17,painting,7.722588
79,18,at,6.036347
79,19,the,0.802636
79,20,museum,5.737308
79,21,.,1.184403
79,22,<eos>,-0.0
80,0,The,0.0
80,1,novel,15.75654
80,2,revealed,13.273339
80,3,that,1.524586
80,4,the,1.822094
80,5,young,8.327307
80,6,politician,12.411454
80,7,said,10.050961
80,8,to,4.731812
80,9,his,4.579843
80,10,donors,17.95545
80,11,.,7.517931
80,12,<eos>,-0.0
81,0,The,0.0
81,1,novel,15.75654
81,2,revealed,13.273339
81,3,that,1.524586
81,4,the,1.822094
81,5,young,8.327307
81,6,politician,12.411454
81,7,said,10.050961
81,8,something,10.553848
81,9,to,2.930087
81,10,his,5.389567
81,11,donors,18.010822
81,12,.,2.254263
81,13,<eos>,-0.0
82,0,The,0.0
82,1,novel,15.75654
82,2,revealed,13.273339
82,3,what,8.60637
82,4,the,3.197299
82,5,young,9.155566
82,6,politician,11.423517
82,7,said,6.653691
82,8,to,3.530879
82,9,his,4.652341
82,10,donors,18.785341
82,11,.,3.160388
82,12,<eos>,-0.0
83,0,The,0.0
83,1,novel,15.75654
83,2,revealed,13.273339
83,3,what,8.60637
83,4,the,3.197299
83,5,young,9.155566
83,6,politician,11.423517
83,7,said,6.653691
83,8,something,13.0429
83,9,to,3.893265
83,10,his,4.291596
83,11,donors,19.149134
83,12,.,1.747063
83,13,<eos>,-0.0
84,0,The,0.0
84,1,novel,15.75654
84,2,revealed,13.273339
84,3,that,1.524586
84,4,our,13.163885
84,5,friend,8.586658
84,6,thought,10.733902
84,7,the,2.94787
84,8,young,8.616003
84,9,politician,13.786615
84,10,said,11.884658
84,11,to,3.589518
84,12,his,6.086028
84,13,donors,18.277538
84,14,.,4.94818
84,15,<eos>,-0.0
85,0,The,0.0
85,1,novel,15.75654
85,2,revealed,13.273339
85,3,that,1.524586
85,4,our,13.163885
85,5,friend,8.586658
85,6,thought,10.733902
85,7,the,2.94787
85,8,young,8.616003
85,9,politician,13.786615
85,10,said,11.884658
85,11,something,8.673259
85,12,to,2.677943
85,13,his,6.118827
85,14,donors,18.784473
85,15,.,1.934643
85,16,<eos>,-0.0
86,0,The,0.0
86,1,novel,15.75654
86,2,revealed,13.273339
86,3,what,8.60637
86,4,our,12.353848
86,5,friend,8.551375
86,6,thought,6.122286
86,7,the,5.487799
86,8,young,9.199804
86,9,politician,13.677478
86,10,said,10.874348
86,11,to,4.094599
86,12,his,5.424644
86,13,donors,18.474669
86,14,.,2.802641
86,15,<eos>,-0.0
87,0,The,0.0
87,1,novel,15.75654
87,2,revealed,13.273339
87,3,what,8.60637
87,4,our,12.353848
87,5,friend,8.551375
87,6,thought,6.122286
87,7,the,5.487799
87,8,young,9.199804
87,9,politician,13.677478
87,10,said,10.874348
87,11,something,11.301181
87,12,to,4.139565
87,13,his,5.561095
87,14,donors,19.773647
87,15,.,1.783829
87,16,<eos>,-0.0
88,0,The,0.0
88,1,novel,15.75654
88,2,revealed,13.273339
88,3,that,1.524586
88,4,our,13.163885
88,5,friend,8.586658
88,6,thought,10.733902
88,7,the,2.94787
88,8,reporter,12.58854
88,9,knows,11.713312
88,10,the,3.978675
88,11,young,12.490607
88,12,politician,13.777658
88,13,said,11.822789
88,14,to,4.362556
88,15,his,5.809184
88,16,donors,19.180222
88,17,.,2.674039
88,18,<eos>,-0.0
89,0,The,0.0
89,1,novel,15.75654
89,2,revealed,13.273339
89,3,that,1.524586
89,4,our,13.163885
89,5,friend,8.586658
89,6,thought,10.733902
89,7,the,2.94787
89,8,reporter,12.58854
89,9,knows,11.713312
89,10,the,3.978675
89,11,young,12.490607
89,12,politician,13.777658
89,13,said,11.822789
89,14,something,8.454764
89,15,to,3.150996
89,16,his,5.998031
89,17,donors,18.948717
89,18,.,1.402904
89,19,<eos>,-0.0
90,0,The,0.0
90,1,novel,15.75654
90,2,revealed,13.273339
90,3,what,8.60637
90,4,our,12.353848
90,5,friend,8.551375
90,6,thought,6.122286
90,7,the,5.487799
90,8,reporter,13.616198
90,9,knows,12.184443
90,10,the,4.975553
90,11,young,11.057083
90,12,politician,13.764581
90,13,said,12.467721
90,14,to,4.426113
90,15,his,4.788891
90,16,donors,18.928431
90,17,.,1.623062
90,18,<eos>,-0.0
91,0,The,0.0
91,1,novel,15.75654
91,2,revealed,13.273339
91,3,what,8.60637
91,4,our,12.353848
91,5,friend,8.551375
91,6,thought,6.122286
91,7,the,5.487799
91,8,reporter,13.616198
91,9,knows,12.184443
91,10,the,4.975553
91,11,young,11.057083
91,12,politician,13.764581
91,13,said,12.467721
91,14,something,10.906661
91,15,to,3.879699
91,16,his,5.998392
91,17,donors,19.56032
91,18,.,1.229663
91,19,<eos>,-0.0
92,0,The,0.0
92,1,novel,15.75654
92,2,revealed,13.273339
92,3,that,1.524586
92,4,our,13.163885
92,5,friend,8.586658
92,6,thought,10.733902
92,7,the,2.94787
92,8,reporter,12.58854
92,9,knows,11.713312
92,10,her,7.9779
92,11,contact,11.550113
92,12,said,13.493815
92,13,the,3.999801
92,14,young,9.850493
92,15,politician,13.217844
92,16,said,10.330911
92,17,to,4.67195
92,18,his,5.362355
92,19,donors,19.046364
92,20,.,2.982449
92,21,<eos>,-0.0
93,0,The,0.0
93,1,novel,15.75654
93,2,revealed,13.273339
93,3,that,1.524586
93,4,our,13.163885
93,5,friend,8.586658
93,6,thought,10.733902
93,7,the,2.94787
93,8,reporter,12.58854
93,9,knows,11.713312
93,10,her,7.9779
93,11,contact,11.550113
93,12,said,13.493815
93,13,the,3.999801
93,14,young,9.850493
93,15,politician,13.217844
93,16,said,10.330911
93,17,something,9.543835
93,18,to,3.085344
93,19,his,6.387598
93,20,donors,18.53829
93,21,.,1.406407
93,22,<eos>,-0.0
94,0,The,0.0
94,1,novel,15.75654
94,2,revealed,13.273339
94,3,what,8.60637
94,4,our,12.353848
94,5,friend,8.551375
94,6,thought,6.122286
94,7,the,5.487799
94,8,reporter,13.616198
94,9,knows,12.184443
94,10,her,8.465903
94,11,contact,13.145494
94,12,said,13.435484
94,13,the,6.19252
94,14,young,8.500642
94,15,politician,13.307658
94,16,said,11.242661
94,17,to,4.508447
94,18,his,5.576263
94,19,donors,19.019558
94,20,.,1.438929
94,21,<eos>,-0.0
95,0,The,0.0
95,1,novel,15.75654
95,2,revealed,13.273339
95,3,what,8.60637
95,4,our,12.353848
95,5,friend,8.551375
95,6,thought,6.122286
95,7,the,5.487799
95,8,reporter,13.616198
95,9,knows,12.184443
95,10,her,8.465903
95,11,contact,13.145494
95,12,said,13.435484
95,13,the,6.19252
95,14,young,8.500642
95,15,politician,13.307658
95,16,said,11.242661
95,17,something,11.534356
95,18,to,3.899186
95,19,his,7.137704
95,20,donors,19.473949
95,21,.,1.257897
95,22,<eos>,-0.0
96,0,The,0.0
96,1,novel,15.75654
96,2,revealed,13.273339
96,3,that,1.524586
96,4,our,13.163885
96,5,friend,8.586658
96,6,thought,10.733902
96,7,the,2.94787
96,8,reporter,12.58854
96,9,knows,11.713312
96,10,her,7.9779
96,11,contact,11.550113
96,12,said,13.493815
96,13,the,3.999801
96,14,young,9.850493
96,15,politician,13.217844
96,16,said,10.330911
96,17,to,4.67195
96,18,his,5.362355
96,19,donors,19.046364
96,20,.,2.982449
96,21,<eos>,-0.0
97,0,The,0.0
97,1,novel,15.75654
97,2,revealed,13.273339
97,3,that,1.524586
97,4,our,13.163885
97,5,friend,8.586658
97,6,thought,10.733902
97,7,the,2.94787
97,8,reporter,12.58854
97,9,knows,11.713312
97,10,her,7.9779
97,11,contact,11.550113
97,12,said,13.493815
97,13,the,3.999801
97,14,young,9.850493
97,15,politician,13.217844
97,16,said,10.330911
97,17,something,9.543835
97,18,to,3.085344
97,19,his,6.387598
97,20,donors,18.53829
97,21,.,1.406407
97,22,<eos>,-0.0
98,0,The,0.0
98,1,novel,15.75654
98,2,revealed,13.273339
98,3,what,8.60637
98,4,our,12.353848
98,5,friend,8.551375
98,6,thought,6.122286
98,7,the,5.487799
98,8,reporter,13.616198
98,9,knows,12.184443
98,10,her,8.465903
98,11,contact,13.145494
98,12,said,13.435484
98,13,the,6.19252
98,14,young,8.500642
98,15,politician,13.307658
98,16,said,11.242661
98,17,to,4.508447
98,18,his,5.576263
98,19,donors,19.019558
98,20,.,1.438929
98,21,<eos>,-0.0
99,0,The,0.0
99,1,novel,15.75654
99,2,revealed,13.273339
99,3,what,8.60637
99,4,our,12.353848
99,5,friend,8.551375
99,6,thought,6.122286
99,7,the,5.487799
99,8,reporter,13.616198
99,9,knows,12.184443
99,10,her,8.465903
99,11,contact,13.145494
99,12,said,13.435484
99,13,the,6.19252
99,14,young,8.500642
99,15,politician,13.307658
99,16,said,11.242661
99,17,something,11.534356
99,18,to,3.899186
99,19,his,7.137704
99,20,donors,19.473949
99,21,.,1.257897
99,22,<eos>,-0.0
100,0,We,0.0
100,1,all,8.258053
100,2,know,3.618088
100,3,that,2.504345
100,4,the,2.179744
100,5,young,10.010603
100,6,professional,14.718312
100,7,assembled,17.092632
100,8,for,4.557347
100,9,his,6.76183
100,10,parents,8.359458
100,11,.,4.544302
100,12,<eos>,-0.0
101,0,We,0.0
101,1,all,8.258053
101,2,know,3.618088
101,3,that,2.504345
101,4,the,2.179744
101,5,young,10.010603
101,6,professional,14.718312
101,7,assembled,17.092632
101,8,the,6.23825
101,9,bed,16.343203
101,10,for,4.236434
101,11,his,6.950792
101,12,parents,8.142207
101,13,.,2.256832
101,14,<eos>,-0.0
102,0,We,0.0
102,1,all,8.258053
102,2,know,3.618088
102,3,what,3.66996
102,4,the,3.474849
102,5,young,10.766502
102,6,professional,15.725915
102,7,assembled,16.659822
102,8,for,3.947738
102,9,his,6.710486
102,10,parents,8.653163
102,11,.,1.808674
102,12,<eos>,-0.0
103,0,We,0.0
103,1,all,8.258053
103,2,know,3.618088
103,3,what,3.66996
103,4,the,3.474849
103,5,young,10.766502
103,6,professional,15.725915
103,7,assembled,16.659822
103,8,the,6.704821
103,9,bed,16.055889
103,10,for,4.320518
103,11,his,8.099485
103,12,parents,7.181246
103,13,.,1.328748
103,14,<eos>,-0.0
104,0,We,0.0
104,1,all,8.258053
104,2,know,3.618088
104,3,that,2.504345
104,4,my,8.984233
104,5,neighbor,11.780478
104,6,said,9.320017
104,7,the,3.742524
104,8,young,9.578177
104,9,professional,15.500974
104,10,assembled,15.634632
104,11,for,4.233527
104,12,his,5.034661
104,13,parents,8.296577
104,14,.,2.810895
104,15,<eos>,-0.0
105,0,We,0.0
105,1,all,8.258053
105,2,know,3.618088
105,3,that,2.504345
105,4,my,8.984233
105,5,neighbor,11.780478
105,6,said,9.320017
105,7,the,3.742524
105,8,young,9.578177
105,9,professional,15.500974
105,10,assembled,15.634632
105,11,the,5.759899
105,12,bed,15.803622
105,13,for,4.171487
105,14,his,5.445984
105,15,parents,8.035994
105,16,.,1.99057
105,17,<eos>,-0.0
106,0,We,0.0
106,1,all,8.258053
106,2,know,3.618088
106,3,what,3.66996
106,4,my,9.751127
106,5,neighbor,10.764878
106,6,said,5.856653
106,7,the,5.882098
106,8,young,9.420644
106,9,professional,15.158229
106,10,assembled,14.900011
106,11,for,4.417008
106,12,his,5.621996
106,13,parents,7.914069
106,14,.,1.727203
106,15,<eos>,-0.0
107,0,We,0.0
107,1,all,8.258053
107,2,know,3.618088
107,3,what,3.66996
107,4,my,9.751127
107,5,neighbor,10.764878
107,6,said,5.856653
107,7,the,5.882098
107,8,young,9.420644
107,9,professional,15.158229
107,10,assembled,14.900011
107,11,the,7.132884
107,12,bed,15.656929
107,13,for,4.161603
107,14,his,6.501871
107,15,parents,7.131279
107,16,.,1.448043
107,17,<eos>,-0.0
108,0,We,0.0
108,1,all,8.258053
108,2,know,3.618088
108,3,that,2.504345
108,4,my,8.984233
108,5,neighbor,11.780478
108,6,said,9.320017
108,7,her,8.284826
108,8,associate,14.527971
108,9,knew,7.885457
108,10,the,4.002738
108,11,young,9.488609
108,12,professional,16.02297
108,13,assembled,16.42799
108,14,for,4.383916
108,15,his,4.904444
108,16,parents,8.619047
108,17,.,2.559343
108,18,<eos>,-0.0
109,0,We,0.0
109,1,all,8.258053
109,2,know,3.618088
109,3,that,2.504345
109,4,my,8.984233
109,5,neighbor,11.780478
109,6,said,9.320017
109,7,her,8.284826
109,8,associate,14.527971
109,9,knew,7.885457
109,10,the,4.002738
109,11,young,9.488609
109,12,professional,16.02297
109,13,assembled,16.42799
109,14,the,6.864765
109,15,bed,15.746453
109,16,for,4.58546
109,17,his,5.498196
109,18,parents,7.904566
109,19,.,1.725005
109,20,<eos>,-0.0
110,0,We,0.0
110,1,all,8.258053
110,2,know,3.618088
110,3,what,3.66996
110,4,my,9.751127
110,5,neighbor,10.764878
110,6,said,5.856653
110,7,her,10.072959
110,8,associate,13.843742
110,9,knew,9.149023
110,10,the,5.76887
110,11,young,9.629596
110,12,professional,15.340239
110,13,assembled,16.273123
110,14,for,4.329445
110,15,his,5.255418
110,16,parents,8.461042
110,17,.,1.621986
110,18,<eos>,-0.0
111,0,We,0.0
111,1,all,8.258053
111,2,know,3.618088
111,3,what,3.66996
111,4,my,9.751127
111,5,neighbor,10.764878
111,6,said,5.856653
111,7,her,10.072959
111,8,associate,13.843742
111,9,knew,9.149023
111,10,the,5.76887
111,11,young,9.629596
111,12,professional,15.340239
111,13,assembled,16.273123
111,14,the,7.781836
111,15,bed,16.192419
111,16,for,4.291311
111,17,his,6.225984
111,18,parents,7.401258
111,19,.,1.35274
111,20,<eos>,-0.0
112,0,We,0.0
112,1,all,8.258053
112,2,know,3.618088
112,3,that,2.504345
112,4,my,8.984233
112,5,neighbor,11.780478
112,6,said,9.320017
112,7,her,8.284826
112,8,associate,14.527971
112,9,knew,7.885457
112,10,a,7.278629
112,11,friend,7.825838
112,12,thinks,14.022681
112,13,the,4.354785
112,14,young,9.3411
112,15,professional,15.728609
112,16,assembled,16.091227
112,17,for,4.268584
112,18,his,5.126765
112,19,parents,8.485879
112,20,.,2.088093
112,21,<eos>,-0.0
113,0,We,0.0
113,1,all,8.258053
113,2,know,3.618088
113,3,that,2.504345
113,4,my,8.984233
113,5,neighbor,11.780478
113,6,said,9.320017
113,7,her,8.284826
113,8,associate,14.527971
113,9,knew,7.885457
113,10,a,7.278629
113,11,friend,7.825838
113,12,thinks,14.022681
113,13,the,4.354785
113,14,young,9.3411
113,15,professional,15.728609
113,16,assembled,16.091227
113,17,the,5.760369
113,18,bed,15.62589
113,19,for,3.95823
113,20,his,5.445777
113,21,parents,8.296363
113,22,.,1.636071
113,23,<eos>,-0.0
114,0,We,0.0
114,1,all,8.258053
114,2,know,3.618088
114,3,what,3.66996
114,4,my,9.751127
114,5,neighbor,10.764878
114,6,said,5.856653
114,7,her,10.072959
114,8,associate,13.843742
114,9,knew,9.149023
114,10,a,9.056211
114,11,friend,7.580369
114,12,thinks,13.859809
114,13,the,6.129429
114,14,young,9.330865
114,15,professional,15.564842
114,16,assembled,16.372509
114,17,for,4.302814
114,18,his,6.096728
114,19,parents,8.47941
114,20,.,1.523537
114,21,<eos>,-0.0
115,0,We,0.0
115,1,all,8.258053
115,2,know,3.618088
115,3,what,3.66996
115,4,my,9.751127
115,5,neighbor,10.764878
115,6,said,5.856653
115,7,her,10.072959
115,8,associate,13.843742
115,9,knew,9.149023
115,10,a,9.056211
115,11,friend,7.580369
115,12,thinks,13.859809
115,13,the,6.129429
115,14,young,9.330865
115,15,professional,15.564842
115,16,assembled,16.372509
115,17,the,7.281304
115,18,bed,14.760692
115,19,for,4.078206
115,20,his,7.200917
115,21,parents,7.544974
115,22,.,1.307222
115,23,<eos>,-0.0
116,0,We,0.0
116,1,all,8.258053
116,2,know,3.618088
116,3,that,2.504345
116,4,my,8.984233
116,5,neighbor,11.780478
116,6,said,9.320017
116,7,her,8.284826
116,8,associate,14.527971
116,9,knew,7.885457
116,10,a,7.278629
116,11,friend,7.825838
116,12,thinks,14.022681
116,13,the,4.354785
116,14,young,9.3411
116,15,professional,15.728609
116,16,assembled,16.091227
116,17,for,4.268584
116,18,his,5.126765
116,19,parents,8.485879
116,20,.,2.088093
116,21,<eos>,-0.0
117,0,We,0.0
117,1,all,8.258053
117,2,know,3.618088
117,3,that,2.504345
117,4,my,8.984233
117,5,neighbor,11.780478
117,6,said,9.320017
117,7,her,8.284826
117,8,associate,14.527971
117,9,knew,7.885457
117,10,a,7.278629
117,11,friend,7.825838
117,12,thinks,14.022681
117,13,the,4.354785
117,14,young,9.3411
117,15,professional,15.728609
117,16,assembled,16.091227
117,17,the,5.760369
117,18,bed,15.62589
117,19,for,3.95823
117,20,his,5.445777
117,21,parents,8.296363
117,22,.,1.636071
117,23,<eos>,-0.0
118,0,We,0.0
118,1,all,8.258053
118,2,know,3.618088
118,3,what,3.66996
118,4,my,9.751127
118,5,neighbor,10.764878
118,6,said,5.856653
118,7,her,10.072959
118,8,associate,13.843742
118,9,knew,9.149023
118,10,a,9.056211
118,11,friend,7.580369
118,12,thinks,13.859809
118,13,the,6.129429
118,14,young,9.330865
118,15,professional,15.564842
118,16,assembled,16.372509
118,17,for,4.302814
118,18,his,6.096728
118,19,parents,8.47941
118,20,.,1.523537
118,21,<eos>,-0.0
119,0,We,0.0
119,1,all,8.258053
119,2,know,3.618088
119,3,what,3.66996
119,4,my,9.751127
119,5,neighbor,10.764878
119,6,said,5.856653
119,7,her,10.072959
119,8,associate,13.843742
119,9,knew,9.149023
119,10,a,9.056211
119,11,friend,7.580369
119,12,thinks,13.859809
119,13,the,6.129429
119,14,young,9.330865
119,15,professional,15.564842
119,16,assembled,16.372509
119,17,the,7.281304
119,18,bed,14.760692
119,19,for,4.078206
119,20,his,7.200917
119,21,parents,7.544974
119,22,.,1.307222
119,23,<eos>,-0.0
120,0,I,0.0
120,1,know,6.278276
120,2,that,2.352433
120,3,the,2.35511
120,4,elderly,13.702141
120,5,lady,8.609021
120,6,found,10.687602
120,7,on,8.774709
120,8,the,1.272919
120,9,bus,9.715447
120,10,.,5.41889
120,11,<eos>,-0.0
121,0,I,0.0
121,1,know,6.278276
121,2,that,2.352433
121,3,the,2.35511
121,4,elderly,13.702141
121,5,lady,8.609021
121,6,found,10.687602
121,7,a,3.51434
121,8,quarter,13.158834
121,9,on,5.139057
121,10,the,1.29254
121,11,bus,10.742983
121,12,.,2.186831
121,13,<eos>,-0.0
122,0,I,0.0
122,1,know,6.278276
122,2,what,4.561374
122,3,the,3.557633
122,4,elderly,14.326987
122,5,lady,10.650386
122,6,found,9.673164
122,7,on,5.889178
122,8,the,1.29959
122,9,bus,9.35231
122,10,.,1.786056
122,11,<eos>,-0.0
123,0,I,0.0
123,1,know,6.278276
123,2,what,4.561374
123,3,the,3.557633
123,4,elderly,14.326987
123,5,lady,10.650386
123,6,found,9.673164
123,7,a,6.064659
123,8,quarter,10.382131
123,9,on,4.458085
123,10,the,3.325985
123,11,bus,11.027497
123,12,.,1.887534
123,13,<eos>,-0.0
124,0,I,0.0
124,1,know,6.278276
124,2,that,2.352433
124,3,their,8.129355
124,4,friend,10.08231
124,5,said,8.900555
124,6,the,3.843752
124,7,elderly,14.818188
124,8,lady,8.275287
124,9,found,9.589368
124,10,on,9.226591
124,11,the,1.389224
124,12,bus,9.333309
124,13,.,4.093402
124,14,<eos>,-0.0
125,0,I,0.0
125,1,know,6.278276
125,2,that,2.352433
125,3,their,8.129355
125,4,friend,10.08231
125,5,said,8.900555
125,6,the,3.843752
125,7,elderly,14.818188
125,8,lady,8.275287
125,9,found,9.589368
125,10,a,3.69576
125,11,quarter,12.965087
125,12,on,4.928467
125,13,the,1.505051
125,14,bus,10.627922
125,15,.,1.728671
125,16,<eos>,-0.0
126,0,I,0.0
126,1,know,6.278276
126,2,what,4.561374
126,3,their,8.860173
126,4,friend,9.545549
126,5,said,5.780229
126,6,the,6.224643
126,7,elderly,13.667492
126,8,lady,8.48979
126,9,found,8.806388
126,10,on,6.035047
126,11,the,1.354938
126,12,bus,9.23971
126,13,.,1.616944
126,14,<eos>,-0.0
127,0,I,0.0
127,1,know,6.278276
127,2,what,4.561374
127,3,their,8.860173
127,4,friend,9.545549
127,5,said,5.780229
127,6,the,6.224643
127,7,elderly,13.667492
127,8,lady,8.48979
127,9,found,8.806388
127,10,a,5.905673
127,11,quarter,10.547957
127,12,on,4.651917
127,13,the,2.575787
127,14,bus,11.154283
127,15,.,1.553221
127,16,<eos>,-0.0
128,0,I,0.0
128,1,know,6.278276
128,2,that,2.352433
128,3,their,8.129355
128,4,friend,10.08231
128,5,said,8.900555
128,6,the,3.843752
128,7,secretary,13.904811
128,8,believed,10.079372
128,9,the,3.213356
128,10,elderly,15.452872
128,11,lady,11.107269
128,12,found,11.141254
128,13,on,9.339054
128,14,the,1.295193
128,15,bus,10.047269
128,16,.,3.604613
128,17,<eos>,-0.0
129,0,I,0.0
129,1,know,6.278276
129,2,that,2.352433
129,3,their,8.129355
129,4,friend,10.08231
129,5,said,8.900555
129,6,the,3.843752
129,7,secretary,13.904811
129,8,believed,10.079372
129,9,the,3.213356
129,10,elderly,15.452872
129,11,lady,11.107269
129,12,found,11.141254
129,13,a,3.378915
129,14,quarter,13.282857
129,15,on,5.267912
129,16,the,1.282872
129,17,bus,11.378952
129,18,.,1.558103
129,19,<eos>,-0.0
130,0,I,0.0
130,1,know,6.278276
130,2,what,4.561374
130,3,their,8.860173
130,4,friend,9.545549
130,5,said,5.780229
130,6,the,6.224643
130,7,secretary,14.515815
130,8,believed,10.283965
130,9,the,5.449032
130,10,elderly,14.743754
130,11,lady,11.773719
130,12,found,10.087774
130,13,on,6.25482
130,14,the,1.206634
130,15,bus,9.694786
130,16,.,1.454536
130,17,<eos>,-0.0
131,0,I,0.0
131,1,know,6.278276
131,2,what,4.561374
131,3,their,8.860173
131,4,friend,9.545549
131,5,said,5.780229
131,6,the,6.224643
131,7,secretary,14.515815
131,8,believed,10.283965
131,9,the,5.449032
131,10,elderly,14.743754
131,11,lady,11.773719
131,12,found,10.087774
131,13,a,6.254004
131,14,quarter,10.661152
131,15,on,4.939931
131,16,the,2.728932
131,17,bus,11.666277
131,18,.,1.463282
131,19,<eos>,-0.0
132,0,I,0.0
132,1,know,6.278276
132,2,that,2.352433
132,3,their,8.129355
132,4,friend,10.08231
132,5,said,8.900555
132,6,the,3.843752
132,7,secretary,13.904811
132,8,believed,10.079372
132,9,the,3.213356
132,10,worker,13.324497
132,11,thinks,13.905668
132,12,the,3.648814
132,13,elderly,15.051997
132,14,lady,8.512668
132,15,found,11.701938
132,16,on,9.165852
132,17,the,1.272049
132,18,bus,9.854254
132,19,.,2.748843
132,20,<eos>,-0.0
133,0,I,0.0
133,1,know,6.278276
133,2,that,2.352433
133,3,their,8.129355
133,4,friend,10.08231
133,5,said,8.900555
133,6,the,3.843752
133,7,secretary,13.904811
133,8,believed,10.079372
133,9,the,3.213356
133,10,worker,13.324497
133,11,thinks,13.905668
133,12,the,3.648814
133,13,elderly,15.051997
133,14,lady,8.512668
133,15,found,11.701938
133,16,a,3.385452
133,17,quarter,13.012706
133,18,on,5.241827
133,19,the,1.313815
133,20,bus,11.227048
133,21,.,1.373062
133,22,<eos>,-0.0
134,0,I,0.0
134,1,know,6.278276
134,2,what,4.561374
134,3,their,8.860173
134,4,friend,9.545549
134,5,said,5.780229
134,6,the,6.224643
134,7,secretary,14.515815
134,8,believed,10.283965
134,9,the,5.449032
134,10,worker,13.178198
134,11,thinks,12.045596
134,12,the,6.058729
134,13,elderly,14.521873
134,14,lady,8.516941
134,15,found,10.437113
134,16,on,6.365471
134,17,the,1.289754
134,18,bus,9.583042
134,19,.,1.219658
134,20,<eos>,-0.0
135,0,I,0.0
135,1,know,6.278276
135,2,what,4.561374
135,3,their,8.860173
135,4,friend,9.545549
135,5,said,5.780229
135,6,the,6.224643
135,7,secretary,14.515815
135,8,believed,10.283965
135,9,the,5.449032
135,10,worker,13.178198
135,11,thinks,12.045596
135,12,the,6.058729
135,13,elderly,14.521873
135,14,lady,8.516941
135,15,found,10.437113
135,16,a,6.714967
135,17,quarter,11.079871
135,18,on,4.790332
135,19,the,3.257906
135,20,bus,11.666079
135,21,.,1.402021
135,22,<eos>,-0.0
136,0,I,0.0
136,1,know,6.278276
136,2,that,2.352433
136,3,their,8.129355
136,4,friend,10.08231
136,5,said,8.900555
136,6,the,3.843752
136,7,secretary,13.904811
136,8,believed,10.079372
136,9,the,3.213356
136,10,worker,13.324497
136,11,thinks,13.905668
136,12,the,3.648814
136,13,elderly,15.051997
136,14,lady,8.512668
136,15,found,11.701938
136,16,on,9.165852
136,17,the,1.272049
136,18,bus,9.854254
136,19,.,2.748843
136,20,<eos>,-0.0
137,0,I,0.0
137,1,know,6.278276
137,2,that,2.352433
137,3,their,8.129355
137,4,friend,10.08231
137,5,said,8.900555
137,6,the,3.843752
137,7,secretary,13.904811
137,8,believed,10.079372
137,9,the,3.213356
137,10,worker,13.324497
137,11,thinks,13.905668
137,12,the,3.648814
137,13,elderly,15.051997
137,14,lady,8.512668
137,15,found,11.701938
137,16,a,3.385452
137,17,quarter,13.012706
137,18,on,5.241827
137,19,the,1.313815
137,20,bus,11.227048
137,21,.,1.373062
137,22,<eos>,-0.0
138,0,I,0.0
138,1,know,6.278276
138,2,what,4.561374
138,3,their,8.860173
138,4,friend,9.545549
138,5,said,5.780229
138,6,the,6.224643
138,7,secretary,14.515815
138,8,believed,10.283965
138,9,the,5.449032
138,10,worker,13.178198
138,11,thinks,12.045596
138,12,the,6.058729
138,13,elderly,14.521873
138,14,lady,8.516941
138,15,found,10.437113
138,16,on,6.365471
138,17,the,1.289754
138,18,bus,9.583042
138,19,.,1.219658
138,20,<eos>,-0.0
139,0,I,0.0
139,1,know,6.278276
139,2,what,4.561374
139,3,their,8.860173
139,4,friend,9.545549
139,5,said,5.780229
139,6,the,6.224643
139,7,secretary,14.515815
139,8,believed,10.283965
139,9,the,5.449032
139,10,worker,13.178198
139,11,thinks,12.045596
139,12,the,6.058729
139,13,elderly,14.521873
139,14,lady,8.516941
139,15,found,10.437113
139,16,a,6.714967
139,17,quarter,11.079871
139,18,on,4.790332
139,19,the,3.257906
139,20,bus,11.666079
139,21,.,1.402021
139,22,<eos>,-0.0
140,0,My,0.0
140,1,friends,9.589454
140,2,all,9.680534
140,3,know,7.307799
140,4,that,3.438189
140,5,the,2.843106
140,6,single,10.906606
140,7,mother,7.698475
140,8,described,14.023064
140,9,to,9.386734
140,10,her,3.205241
140,11,friends,7.570599
140,12,.,4.737634
140,13,<eos>,-0.0
141,0,My,0.0
141,1,friends,9.589454
141,2,all,9.680534
141,3,know,7.307799
141,4,that,3.438189
141,5,the,2.843106
141,6,single,10.906606
141,7,mother,7.698475
141,8,described,14.023064
141,9,her,2.730906
141,10,woes,16.190928
141,11,to,7.677012
141,12,her,2.983194
141,13,friends,6.937651
141,14,.,3.153656
141,15,<eos>,-0.0
142,0,My,0.0
142,1,friends,9.589454
142,2,all,9.680534
142,3,know,7.307799
142,4,what,3.096546
142,5,the,3.80372
142,6,single,12.12812
142,7,mother,7.648572
142,8,described,11.071763
142,9,to,5.979076
142,10,her,3.300307
142,11,friends,6.900648
142,12,.,1.268963
142,13,<eos>,-0.0
143,0,My,0.0
143,1,friends,9.589454
143,2,all,9.680534
143,3,know,7.307799
143,4,what,3.096546
143,5,the,3.80372
143,6,single,12.12812
143,7,mother,7.648572
143,8,described,11.071763
143,9,her,7.469069
143,10,woes,15.513439
143,11,to,6.908689
143,12,her,2.96448
143,13,friends,6.495328
143,14,.,1.232211
143,15,<eos>,-0.0
144,0,My,0.0
144,1,friends,9.589454
144,2,all,9.680534
144,3,know,7.307799
144,4,that,3.438189
144,5,her,7.638736
144,6,friend,7.742016
144,7,knew,10.835517
144,8,the,3.488934
144,9,single,11.348373
144,10,mother,6.69444
144,11,described,15.543319
144,12,to,8.289431
144,13,her,1.971324
144,14,friends,7.964679
144,15,.,2.340657
144,16,<eos>,-0.0
145,0,My,0.0
145,1,friends,9.589454
145,2,all,9.680534
145,3,know,7.307799
145,4,that,3.438189
145,5,her,7.638736
145,6,friend,7.742016
145,7,knew,10.835517
145,8,the,3.488934
145,9,single,11.348373
145,10,mother,6.69444
145,11,described,15.543319
145,12,her,2.083078
145,13,woes,15.623053
145,14,to,7.209356
145,15,her,2.371205
145,16,friends,6.234753
145,17,.,2.094227
145,18,<eos>,-0.0
146,0,My,0.0
146,1,friends,9.589454
146,2,all,9.680534
146,3,know,7.307799
146,4,what,3.096546
146,5,her,8.879673
146,6,friend,7.394342
146,7,knew,11.211576
146,8,the,5.907768
146,9,single,13.089638
146,10,mother,7.59277
146,11,described,11.804285
146,12,to,6.585934
146,13,her,1.938624
146,14,friends,7.73834
146,15,.,1.13314
146,16,<eos>,-0.0
147,0,My,0.0
147,1,friends,9.589454
147,2,all,9.680534
147,3,know,7.307799
147,4,what,3.096546
147,5,her,8.879673
147,6,friend,7.394342
147,7,knew,11.211576
147,8,the,5.907768
147,9,single,13.089638
147,10,mother,7.59277
147,11,described,11.804285
147,12,her,5.885013
147,13,woes,15.192817
147,14,to,7.26565
147,15,her,3.294542
147,16,friends,6.807056
147,17,.,1.119838
147,18,<eos>,-0.0
148,0,My,0.0
148,1,friends,9.589454
148,2,all,9.680534
148,3,know,7.307799
148,4,that,3.438189
148,5,her,7.638736
148,6,friend,7.742016
148,7,knew,10.835517
148,8,the,3.488934
148,9,delivery,15.95525
148,10,man,8.240944
148,11,believed,12.741748
148,12,the,4.07634
148,13,single,10.587285
148,14,mother,7.492545
148,15,described,15.343827
148,16,to,9.570421
148,17,her,2.069197
148,18,friends,7.862238
148,19,.,2.336836
148,20,<eos>,-0.0
149,0,My,0.0
149,1,friends,9.589454
149,2,all,9.680534
149,3,know,7.307799
149,4,that,3.438189
149,5,her,7.638736
149,6,friend,7.742016
149,7,knew,10.835517
149,8,the,3.488934
149,9,delivery,15.95525
149,10,man,8.240944
149,11,believed,12.741748
149,12,the,4.07634
149,13,single,10.587285
149,14,mother,7.492545
149,15,described,15.343827
149,16,her,1.839135
149,17,woes,16.040554
149,18,to,7.150439
149,19,her,2.752781
149,20,friends,6.362111
149,21,.,1.825777
149,22,<eos>,-0.0
150,0,My,0.0
150,1,friends,9.589454
150,2,all,9.680534
150,3,know,7.307799
150,4,what,3.096546
150,5,her,8.879673
150,6,friend,7.394342
150,7,knew,11.211576
150,8,the,5.907768
150,9,delivery,16.481304
150,10,man,6.334974
150,11,believed,10.879379
150,12,the,6.249977
150,13,single,11.177091
150,14,mother,6.733881
150,15,described,13.5006
150,16,to,6.426433
150,17,her,1.913684
150,18,friends,8.203991
150,19,.,1.02226
150,20,<eos>,-0.0
151,0,My,0.0
151,1,friends,9.589454
151,2,all,9.680534
151,3,know,7.307799
151,4,what,3.096546
151,5,her,8.879673
151,6,friend,7.394342
151,7,knew,11.211576
151,8,the,5.907768
151,9,delivery,16.481304
151,10,man,6.334974
151,11,believed,10.879379
151,12,the,6.249977
151,13,single,11.177091
151,14,mother,6.733881
151,15,described,13.5006
151,16,her,5.998859
151,17,woes,15.502546
151,18,to,6.811322
151,19,her,2.793609
151,20,friends,6.563428
151,21,.,0.986879
151,22,<eos>,-0.0
152,0,My,0.0
152,1,friends,9.589454
152,2,all,9.680534
152,3,know,7.307799
152,4,that,3.438189
152,5,her,7.638736
152,6,friend,7.742016
152,7,knew,10.835517
152,8,the,3.488934
152,9,delivery,15.95525
152,10,man,8.240944
152,11,believed,12.741748
152,12,the,4.07634
152,13,cop,14.394814
152,14,said,13.292475
152,15,the,3.812345
152,16,single,12.027809
152,17,mother,8.058905
152,18,described,14.962722
152,19,to,9.90817
152,20,her,2.461382
152,21,friends,8.513919
152,22,.,2.648954
152,23,<eos>,-0.0
153,0,My,0.0
153,1,friends,9.589454
153,2,all,9.680534
153,3,know,7.307799
153,4,that,3.438189
153,5,her,7.638736
153,6,friend,7.742016
153,7,knew,10.835517
153,8,the,3.488934
153,9,delivery,15.95525
153,10,man,8.240944
153,11,believed,12.741748
153,12,the,4.07634
153,13,cop,14.394814
153,14,said,13.292475
153,15,the,3.812345
153,16,single,12.027809
153,17,mother,8.058905
153,18,described,14.962722
153,19,her,2.298706
153,20,woes,17.460707
153,21,to,7.402415
153,22,her,2.580057
153,23,friends,6.307962
153,24,.,1.788073
153,25,<eos>,-0.0
154,0,My,0.0
154,1,friends,9.589454
154,2,all,9.680534
154,3,know,7.307799
154,4,what,3.096546
154,5,her,8.879673
154,6,friend,7.394342
154,7,knew,11.211576
154,8,the,5.907768
154,9,delivery,16.481304
154,10,man,6.334974
154,11,believed,10.879379
154,12,the,6.249977
154,13,cop,13.973534
154,14,said,10.795256
154,15,the,5.712081
154,16,single,12.293262
154,17,mother,7.344872
154,18,described,13.750511
154,19,to,6.73749
154,20,her,2.33916
154,21,friends,8.497914
154,22,.,1.014694
154,23,<eos>,-0.0
155,0,My,0.0
155,1,friends,9.589454
155,2,all,9.680534
155,3,know,7.307799
155,4,what,3.096546
155,5,her,8.879673
155,6,friend,7.394342
155,7,knew,11.211576
155,8,the,5.907768
155,9,delivery,16.481304
155,10,man,6.334974
155,11,believed,10.879379
155,12,the,6.249977
155,13,cop,13.973534
155,14,said,10.795256
155,15,the,5.712081
155,16,single,12.293262
155,17,mother,7.344872
155,18,described,13.750511
155,19,her,5.952522
155,20,woes,16.500298
155,21,to,7.17736
155,22,her,2.771865
155,23,friends,6.401905
155,24,.,0.955879
155,25,<eos>,-0.0
156,0,My,0.0
156,1,friends,9.589454
156,2,all,9.680534
156,3,know,7.307799
156,4,that,3.438189
156,5,her,7.638736
156,6,friend,7.742016
156,7,knew,10.835517
156,8,the,3.488934
156,9,delivery,15.95525
156,10,man,8.240944
156,11,believed,12.741748
156,12,the,4.07634
156,13,cop,14.394814
156,14,said,13.292475
156,15,the,3.812345
156,16,single,12.027809
156,17,mother,8.058905
156,18,described,14.962722
156,19,to,9.90817
156,20,her,2.461382
156,21,friends,8.513919
156,22,.,2.648954
156,23,<eos>,-0.0
157,0,My,0.0
157,1,friends,9.589454
157,2,all,9.680534
157,3,know,7.307799
157,4,that,3.438189
157,5,her,7.638736
157,6,friend,7.742016
157,7,knew,10.835517
157,8,the,3.488934
157,9,delivery,15.95525
157,10,man,8.240944
157,11,believed,12.741748
157,12,the,4.07634
157,13,cop,14.394814
157,14,said,13.292475
157,15,the,3.812345
157,16,single,12.027809
157,17,mother,8.058905
157,18,described,14.962722
157,19,her,2.298706
157,20,woes,17.460707
157,21,to,7.402415
157,22,her,2.580057
157,23,friends,6.307962
157,24,.,1.788073
157,25,<eos>,-0.0
158,0,My,0.0
158,1,friends,9.589454
158,2,all,9.680534
158,3,know,7.307799
158,4,what,3.096546
158,5,her,8.879673
158,6,friend,7.394342
158,7,knew,11.211576
158,8,the,5.907768
158,9,delivery,16.481304
158,10,man,6.334974
158,11,believed,10.879379
158,12,the,6.249977
158,13,cop,13.973534
158,14,said,10.795256
158,15,the,5.712081
158,16,single,12.293262
158,17,mother,7.344872
158,18,described,13.750511
158,19,to,6.73749
158,20,her,2.33916
158,21,friends,8.497914
158,22,.,1.014694
158,23,<eos>,-0.0
159,0,My,0.0
159,1,friends,9.589454
159,2,all,9.680534
159,3,know,7.307799
159,4,what,3.096546
159,5,her,8.879673
159,6,friend,7.394342
159,7,knew,11.211576
159,8,the,5.907768
159,9,delivery,16.481304
159,10,man,6.334974
159,11,believed,10.879379
159,12,the,6.249977
159,13,cop,13.973534
159,14,said,10.795256
159,15,the,5.712081
159,16,single,12.293262
159,17,mother,7.344872
159,18,described,13.750511
159,19,her,5.952522
159,20,woes,16.500298
159,21,to,7.17736
159,22,her,2.771865
159,23,friends,6.401905
159,24,.,0.955879
159,25,<eos>,-0.0
160,0,The,0.0
160,1,visitor,19.081583
160,2,said,9.459105
160,3,that,1.824046
160,4,the,2.020857
160,5,human,10.956639
160,6,resources,10.916194
160,7,officer,17.107304
160,8,talked,14.129302
160,9,with,4.552902
160,10,in,10.844461
160,11,her,6.777243
160,12,office,7.618819
160,13,.,2.868193
160,14,<eos>,-0.0
161,0,The,0.0
161,1,visitor,19.081583
161,2,said,9.459105
161,3,that,1.824046
161,4,the,2.020857
161,5,human,10.956639
161,6,resources,10.916194
161,7,officer,17.107304
161,8,talked,14.129302
161,9,with,4.552902
161,10,the,2.53632
161,11,new,7.431176
161,12,manager,7.911265
161,13,in,4.539521
161,14,her,8.080135
161,15,office,6.809926
161,16,.,1.694804
161,17,<eos>,-0.0
162,0,The,0.0
162,1,visitor,19.081583
162,2,said,9.459105
162,3,who,10.800764
162,4,the,6.832531
162,5,human,10.457224
162,6,resources,11.309654
162,7,officer,15.795729
162,8,talked,13.084561
162,9,with,5.35063
162,10,in,4.003425
162,11,her,6.318888
162,12,office,7.626503
162,13,.,1.726918
162,14,<eos>,-0.0
163,0,The,0.0
163,1,visitor,19.081583
163,2,said,9.459105
163,3,who,10.800764
163,4,the,6.832531
163,5,human,10.457224
163,6,resources,11.309654
163,7,officer,15.795729
163,8,talked,13.084561
163,9,with,5.35063
163,10,the,5.288528
163,11,new,7.652639
163,12,manager,8.284502
163,13,in,4.900514
163,14,her,7.080952
163,15,office,6.420912
163,16,.,1.578025
163,17,<eos>,-0.0
164,0,The,0.0
164,1,visitor,19.081583
164,2,said,9.459105
164,3,that,1.824046
164,4,my,15.170774
164,5,friend,6.419445
164,6,said,6.553224
164,7,the,3.866379
164,8,human,12.200834
164,9,resources,12.123643
164,10,officer,18.315434
164,11,talked,12.603298
164,12,with,4.8859
164,13,in,11.058168
164,14,her,6.559141
164,15,office,7.471148
164,16,.,2.036971
164,17,<eos>,-0.0
165,0,The,0.0
165,1,visitor,19.081583
165,2,said,9.459105
165,3,that,1.824046
165,4,my,15.170774
165,5,friend,6.419445
165,6,said,6.553224
165,7,the,3.866379
165,8,human,12.200834
165,9,resources,12.123643
165,10,officer,18.315434
165,11,talked,12.603298
165,12,with,4.8859
165,13,the,3.063168
165,14,new,8.056944
165,15,manager,7.005865
165,16,in,4.797216
165,17,her,7.674613
165,18,office,6.129793
165,19,.,1.33275
165,20,<eos>,-0.0
166,0,The,0.0
166,1,visitor,19.081583
166,2,said,9.459105
166,3,who,10.800764
166,4,my,18.269564
166,5,friend,5.136821
166,6,said,6.061883
166,7,the,4.799278
166,8,human,12.109003
166,9,resources,11.222852
166,10,officer,17.185181
166,11,talked,12.566297
166,12,with,5.18896
166,13,in,4.579819
166,14,her,6.668923
166,15,office,7.261698
166,16,.,1.356598
166,17,<eos>,-0.0
167,0,The,0.0
167,1,visitor,19.081583
167,2,said,9.459105
167,3,who,10.800764
167,4,my,18.269564
167,5,friend,5.136821
167,6,said,6.061883
167,7,the,4.799278
167,8,human,12.109003
167,9,resources,11.222852
167,10,officer,17.185181
167,11,talked,12.566297
167,12,with,5.18896
167,13,the,5.128699
167,14,new,8.135329
167,15,manager,7.753801
167,16,in,5.100434
167,17,her,7.540679
167,18,office,6.083771
167,19,.,1.122264
167,20,<eos>,-0.0
168,0,The,0.0
168,1,visitor,19.081583
168,2,said,9.459105
168,3,that,1.824046
168,4,my,15.170774
168,5,friend,6.419445
168,6,said,6.553224
168,7,her,8.415775
168,8,mother,4.457393
168,9,knew,6.389606
168,10,the,4.331491
168,11,human,11.457872
168,12,resources,12.329173
168,13,officer,19.672709
168,14,talked,14.675992
168,15,with,4.577707
168,16,in,10.480659
168,17,her,3.301207
168,18,office,7.998412
168,19,.,1.324853
168,20,<eos>,-0.0
169,0,The,0.0
169,1,visitor,19.081583
169,2,said,9.459105
169,3,that,1.824046
169,4,my,15.170774
169,5,friend,6.419445
169,6,said,6.553224
169,7,her,8.415775
169,8,mother,4.457393
169,9,knew,6.389606
169,10,the,4.331491
169,11,human,11.457872
169,12,resources,12.329173
169,13,officer,19.672709
169,14,talked,14.675992
169,15,with,4.577707
169,16,the,3.715812
169,17,new,8.248313
169,18,manager,7.332099
169,19,in,5.264026
169,20,her,4.213744
169,21,office,6.656752
169,22,.,1.086386
169,23,<eos>,-0.0
170,0,The,0.0
170,1,visitor,19.081583
170,2,said,9.459105
170,3,who,10.800764
170,4,my,18.269564
170,5,friend,5.136821
170,6,said,6.061883
170,7,her,10.047355
170,8,mother,4.160871
170,9,knew,6.057119
170,10,the,5.474262
170,11,human,11.734712
170,12,resources,11.663795
170,13,officer,19.880381
170,14,talked,13.507873
170,15,with,5.099998
170,16,in,5.336012
170,17,her,2.882164
170,18,office,7.764713
170,19,.,0.982123
170,20,<eos>,-0.0
171,0,The,0.0
171,1,visitor,19.081583
171,2,said,9.459105
171,3,who,10.800764
171,4,my,18.269564
171,5,friend,5.136821
171,6,said,6.061883
171,7,her,10.047355
171,8,mother,4.160871
171,9,knew,6.057119
171,10,the,5.474262
171,11,human,11.734712
171,12,resources,11.663795
171,13,officer,19.880381
171,14,talked,13.507873
171,15,with,5.099998
171,16,the,6.419543
171,17,new,8.102197
171,18,manager,7.609257
171,19,in,5.565934
171,20,her,3.666762
171,21,office,6.48792
171,22,.,1.013284
171,23,<eos>,-0.0
172,0,The,0.0
172,1,visitor,19.081583
172,2,said,9.459105
172,3,that,1.824046
172,4,my,15.170774
172,5,friend,6.419445
172,6,said,6.553224
172,7,her,8.415775
172,8,mother,4.457393
172,9,knew,6.389606
172,10,the,4.331491
172,11,clerk,14.848376
172,12,stated,14.308396
172,13,the,5.19004
172,14,human,13.371759
172,15,resources,12.07995
172,16,officer,19.392225
172,17,talked,13.425138
172,18,with,4.57098
172,19,in,10.181169
172,20,her,3.229121
172,21,office,7.335839
172,22,.,1.199362
172,23,<eos>,-0.0
173,0,The,0.0
173,1,visitor,19.081583
173,2,said,9.459105
173,3,that,1.824046
173,4,my,15.170774
173,5,friend,6.419445
173,6,said,6.553224
173,7,her,8.415775
173,8,mother,4.457393
173,9,knew,6.389606
173,10,the,4.331491
173,11,clerk,14.848376
173,12,stated,14.308396
173,13,the,5.19004
173,14,human,13.371759
173,15,resources,12.07995
173,16,officer,19.392225
173,17,talked,13.425138
173,18,with,4.57098
173,19,the,3.596108
173,20,new,8.404425
173,21,manager,6.576597
173,22,in,5.256727
173,23,her,4.194392
173,24,office,6.208922
173,25,.,1.025139
173,26,<eos>,-0.0
174,0,The,0.0
174,1,visitor,19.081583
174,2,said,9.459105
174,3,who,10.800764
174,4,my,18.269564
174,5,friend,5.136821
174,6,said,6.061883
174,7,her,10.047355
174,8,mother,4.160871
174,9,knew,6.057119
174,10,the,5.474262
174,11,clerk,14.970022
174,12,stated,13.600144
174,13,the,6.954601
174,14,human,13.225884
174,15,resources,11.594553
174,16,officer,19.122852
174,17,talked,13.030139
174,18,with,4.674137
174,19,in,11.472129
174,20,her,3.335805
174,21,office,7.541307
174,22,.,1.191101
174,23,<eos>,-0.0
175,0,The,0.0
175,1,visitor,19.081583
175,2,said,9.459105
175,3,who,10.800764
175,4,my,18.269564
175,5,friend,5.136821
175,6,said,6.061883
175,7,her,10.047355
175,8,mother,4.160871
175,9,knew,6.057119
175,10,the,5.474262
175,11,clerk,14.970022
175,12,stated,13.600144
175,13,the,6.954601
175,14,human,13.225884
175,15,resources,11.594553
175,16,officer,19.122852
175,17,talked,13.030139
175,18,with,4.674137
175,19,the,3.482916
175,20,new,8.243104
175,21,manager,6.710224
175,22,in,5.161495
175,23,her,4.405675
175,24,office,6.314103
175,25,.,0.965882
175,26,<eos>,-0.0
176,0,The,0.0
176,1,visitor,19.081583
176,2,said,9.459105
176,3,that,1.824046
176,4,my,15.170774
176,5,friend,6.419445
176,6,said,6.553224
176,7,her,8.415775
176,8,mother,4.457393
176,9,knew,6.389606
176,10,the,4.331491
176,11,clerk,14.848376
176,12,stated,14.308396
176,13,the,5.19004
176,14,human,13.371759
176,15,resources,12.07995
176,16,officer,19.392225
176,17,talked,13.425138
176,18,with,4.57098
176,19,in,10.181169
176,20,her,3.229121
176,21,office,7.335839
176,22,.,1.199362
176,23,<eos>,-0.0
177,0,The,0.0
177,1,visitor,19.081583
177,2,said,9.459105
177,3,that,1.824046
177,4,my,15.170774
177,5,friend,6.419445
177,6,said,6.553224
177,7,her,8.415775
177,8,mother,4.457393
177,9,knew,6.389606
177,10,the,4.331491
177,11,clerk,14.848376
177,12,stated,14.308396
177,13,the,5.19004
177,14,human,13.371759
177,15,resources,12.07995
177,16,officer,19.392225
177,17,talked,13.425138
177,18,with,4.57098
177,19,the,3.596108
177,20,new,8.404425
177,21,manager,6.576597
177,22,in,5.256727
177,23,her,4.194392
177,24,office,6.208922
177,25,.,1.025139
177,26,<eos>,-0.0
178,0,The,0.0
178,1,visitor,19.081583
178,2,said,9.459105
178,3,who,10.800764
178,4,my,18.269564
178,5,friend,5.136821
178,6,said,6.061883
178,7,her,10.047355
178,8,mother,4.160871
178,9,knew,6.057119
178,10,the,5.474262
178,11,clerk,14.970022
178,12,stated,13.600144
178,13,the,6.954601
178,14,human,13.225884
178,15,resources,11.594553
178,16,officer,19.122852
178,17,talked,13.030139
178,18,with,4.674137
178,19,in,11.472129
178,20,her,3.335805
178,21,office,7.541307
178,22,.,1.191101
178,23,<eos>,-0.0
179,0,The,0.0
179,1,visitor,19.081583
179,2,said,9.459105
179,3,who,10.800764
179,4,my,18.269564
179,5,friend,5.136821
179,6,said,6.061883
179,7,her,10.047355
179,8,mother,4.160871
179,9,knew,6.057119
179,10,the,5.474262
179,11,clerk,14.970022
179,12,stated,13.600144
179,13,the,6.954601
179,14,human,13.225884
179,15,resources,11.594553
179,16,officer,19.122852
179,17,talked,13.030139
179,18,with,4.674137
179,19,the,3.482916
179,20,new,8.243104
179,21,manager,6.710224
179,22,in,5.161495
179,23,her,4.405675
179,24,office,6.314103
179,25,.,0.965882
179,26,<eos>,-0.0
180,0,I,0.0
180,1,know,6.278276
180,2,that,2.352433
180,3,the,2.35511
180,4,five,10.810097
180,5,star,10.768698
180,6,general,16.662867
180,7,found,11.203832
180,8,in,3.951009
180,9,the,1.211621
180,10,office,11.298891
180,11,.,7.023357
180,12,<eos>,-0.0
181,0,I,0.0
181,1,know,6.278276
181,2,that,2.352433
181,3,the,2.35511
181,4,five,10.810097
181,5,star,10.768698
181,6,general,16.662867
181,7,found,11.203832
181,8,a,3.771251
181,9,gun,10.251393
181,10,in,2.696518
181,11,the,0.970553
181,12,office,11.085505
181,13,.,2.592205
181,14,<eos>,-0.0
182,0,I,0.0
182,1,know,6.278276
182,2,what,4.561374
182,3,the,3.557633
182,4,five,12.915024
182,5,star,10.959405
182,6,general,16.734827
182,7,found,9.258015
182,8,in,2.739292
182,9,the,0.898593
182,10,office,12.059262
182,11,.,2.361192
182,12,<eos>,-0.0
183,0,I,0.0
183,1,know,6.278276
183,2,what,4.561374
183,3,the,3.557633
183,4,five,12.915024
183,5,star,10.959405
183,6,general,16.734827
183,7,found,9.258015
183,8,a,7.5623
183,9,gun,8.419397
183,10,in,3.027274
183,11,the,1.413542
183,12,office,11.332966
183,13,.,2.215296
183,14,<eos>,-0.0
184,0,I,0.0
184,1,know,6.278276
184,2,that,2.352433
184,3,the,2.35511
184,4,woman,10.488547
184,5,believed,10.677317
184,6,the,3.515746
184,7,five,12.587468
184,8,star,11.922311
184,9,general,16.827309
184,10,found,10.105874
184,11,in,4.95184
184,12,the,1.22422
184,13,office,11.57567
184,14,.,5.232879
184,15,<eos>,-0.0
185,0,I,0.0
185,1,know,6.278276
185,2,that,2.352433
185,3,the,2.35511
185,4,woman,10.488547
185,5,believed,10.677317
185,6,the,3.515746
185,7,five,12.587468
185,8,star,11.922311
185,9,general,16.827309
185,10,found,10.105874
185,11,a,3.788478
185,12,gun,10.34144
185,13,in,2.730745
185,14,the,1.149592
185,15,office,11.38729
185,16,.,2.341282
185,17,<eos>,-0.0
186,0,I,0.0
186,1,know,6.278276
186,2,what,4.561374
186,3,the,3.557633
186,4,woman,10.728441
186,5,believed,8.992682
186,6,the,6.604766
186,7,five,12.896353
186,8,star,11.508209
186,9,general,17.486532
186,10,found,8.758493
186,11,in,2.467798
186,12,the,0.9795
186,13,office,11.895046
186,14,.,1.845276
186,15,<eos>,-0.0
187,0,I,0.0
187,1,know,6.278276
187,2,what,4.561374
187,3,the,3.557633
187,4,woman,10.728441
187,5,believed,8.992682
187,6,the,6.604766
187,7,five,12.896353
187,8,star,11.508209
187,9,general,17.486532
187,10,found,8.758493
187,11,a,7.64071
187,12,gun,9.729444
187,13,in,2.826349
187,14,the,1.436836
187,15,office,11.39216
187,16,.,2.009387
187,17,<eos>,-0.0
188,0,I,0.0
188,1,know,6.278276
188,2,that,2.352433
188,3,the,2.35511
188,4,woman,10.488547
188,5,believed,10.677317
188,6,the,3.515746
188,7,secretary,14.893813
188,8,said,10.902997
188,9,the,3.463312
188,10,five,11.880531
188,11,star,13.0968
188,12,general,15.531061
188,13,found,10.116197
188,14,in,5.311344
188,15,the,1.178558
188,16,office,10.128178
188,17,.,5.12052
188,18,<eos>,-0.0
189,0,I,0.0
189,1,know,6.278276
189,2,that,2.352433
189,3,the,2.35511
189,4,woman,10.488547
189,5,believed,10.677317
189,6,the,3.515746
189,7,secretary,14.893813
189,8,said,10.902997
189,9,the,3.463312
189,10,five,11.880531
189,11,star,13.0968
189,12,general,15.531061
189,13,found,10.116197
189,14,a,3.863605
189,15,gun,9.05013
189,16,in,3.09455
189,17,the,1.153849
189,18,office,10.707335
189,19,.,2.008267
189,20,<eos>,-0.0
190,0,I,0.0
190,1,know,6.278276
190,2,what,4.561374
190,3,the,3.557633
190,4,woman,10.728441
190,5,believed,8.992682
190,6,the,6.604766
190,7,secretary,16.165794
190,8,said,8.254996
190,9,the,6.441546
190,10,five,11.277483
190,11,star,13.151979
190,12,general,15.50084
190,13,found,9.13656
190,14,in,2.157059
190,15,the,0.955618
190,16,office,10.75089
190,17,.,1.823026
190,18,<eos>,-0.0
191,0,I,0.0
191,1,know,6.278276
191,2,what,4.561374
191,3,the,3.557633
191,4,woman,10.728441
191,5,believed,8.992682
191,6,the,6.604766
191,7,secretary,16.165794
191,8,said,8.254996
191,9,the,6.441546
191,10,five,11.277483
191,11,star,13.151979
191,12,general,15.50084
191,13,found,9.13656
191,14,a,7.82636
191,15,gun,9.186635
191,16,in,2.999298
191,17,the,1.440276
191,18,office,10.587983
191,19,.,1.777592
191,20,<eos>,-0.0
192,0,I,0.0
192,1,know,6.278276
192,2,that,2.352433
192,3,the,2.35511
192,4,woman,10.488547
192,5,believed,10.677317
192,6,the,3.515746
192,7,secretary,14.893813
192,8,said,10.902997
192,9,her,5.972282
192,10,friend,7.656769
192,11,recalled,12.683233
192,12,the,3.283905
192,13,five,11.953514
192,14,star,13.462993
192,15,general,15.92554
192,16,found,10.337142
192,17,in,2.51155
192,18,the,1.184099
192,19,office,10.339271
192,20,.,1.685593
192,21,<eos>,-0.0
193,0,I,0.0
193,1,know,6.278276
193,2,that,2.352433
193,3,the,2.35511
193,4,woman,10.488547
193,5,believed,10.677317
193,6,the,3.515746
193,7,secretary,14.893813
193,8,said,10.902997
193,9,her,5.972282
193,10,friend,7.656769
193,11,recalled,12.683233
193,12,the,3.283905
193,13,five,11.953514
193,14,star,13.462993
193,15,general,15.92554
193,16,found,10.337142
193,17,a,5.257472
193,18,gun,8.128345
193,19,in,3.369885
193,20,the,1.425182
193,21,office,10.756489
193,22,.,1.641524
193,23,<eos>,-0.0
194,0,I,0.0
194,1,know,6.278276
194,2,what,4.561374
194,3,the,3.557633
194,4,woman,10.728441
194,5,believed,8.992682
194,6,the,6.604766
194,7,secretary,16.165794
194,8,said,8.254996
194,9,her,9.307955
194,10,friend,7.162942
194,11,recalled,13.350533
194,12,the,6.15369
194,13,five,11.244745
194,14,star,14.58152
194,15,general,15.568406
194,16,found,9.967189
194,17,in,2.198456
194,18,the,1.20562
194,19,office,10.339063
194,20,.,1.355585
194,21,<eos>,-0.0
195,0,I,0.0
195,1,know,6.278276
195,2,what,4.561374
195,3,the,3.557633
195,4,woman,10.728441
195,5,believed,8.992682
195,6,the,6.604766
195,7,secretary,16.165794
195,8,said,8.254996
195,9,her,9.307955
195,10,friend,7.162942
195,11,recalled,13.350533
195,12,the,6.15369
195,13,five,11.244745
195,14,star,14.58152
195,15,general,15.568406
195,16,found,9.967189
195,17,a,9.264729
195,18,gun,9.393244
195,19,in,3.254272
195,20,the,1.67216
195,21,office,10.493907
195,22,.,1.447058
195,23,<eos>,-0.0
196,0,I,0.0
196,1,know,6.278276
196,2,that,2.352433
196,3,the,2.35511
196,4,woman,10.488547
196,5,believed,10.677317
196,6,the,3.515746
196,7,secretary,14.893813
196,8,said,10.902997
196,9,her,5.972282
196,10,friend,7.656769
196,11,recalled,12.683233
196,12,the,3.283905
196,13,five,11.953514
196,14,star,13.462993
196,15,general,15.92554
196,16,found,10.337142
196,17,in,2.51155
196,18,the,1.184099
196,19,office,10.339271
196,20,.,1.685593
196,21,<eos>,-0.0
197,0,I,0.0
197,1,know,6.278276
197,2,that,2.352433
197,3,the,2.35511
197,4,woman,10.488547
197,5,believed,10.677317
197,6,the,3.515746
197,7,secretary,14.893813
197,8,said,10.902997
197,9,her,5.972282
197,10,friend,7.656769
197,11,recalled,12.683233
197,12,the,3.283905
197,13,five,11.953514
197,14,star,13.462993
197,15,general,15.92554
197,16,found,10.337142
197,17,a,5.257472
197,18,gun,8.128345
197,19,in,3.369885
197,20,the,1.425182
197,21,office,10.756489
197,22,.,1.641524
197,23,<eos>,-0.0
198,0,I,0.0
198,1,know,6.278276
198,2,what,4.561374
198,3,the,3.557633
198,4,woman,10.728441
198,5,believed,8.992682
198,6,the,6.604766
198,7,secretary,16.165794
198,8,said,8.254996
198,9,her,9.307955
198,10,friend,7.162942
198,11,recalled,13.350533
198,12,the,6.15369
198,13,five,11.244745
198,14,star,14.58152
198,15,general,15.568406
198,16,found,9.967189
198,17,in,2.198456
198,18,the,1.20562
198,19,office,10.339063
198,20,.,1.355585
198,21,<eos>,-0.0
199,0,I,0.0
199,1,know,6.278276
199,2,what,4.561374
199,3,the,3.557633
199,4,woman,10.728441
199,5,believed,8.992682
199,6,the,6.604766
199,7,secretary,16.165794
199,8,said,8.254996
199,9,her,9.307955
199,10,friend,7.162942
199,11,recalled,13.350533
199,12,the,6.15369
199,13,five,11.244745
199,14,star,14.58152
199,15,general,15.568406
199,16,found,9.967189
199,17,a,9.264729
199,18,gun,9.393244
199,19,in,3.254272
199,20,the,1.67216
199,21,office,10.493907
199,22,.,1.447058
199,23,<eos>,-0.0
200,0,The,0.0
200,1,colleagues,19.203871
200,2,realized,12.344898
200,3,that,0.635146
200,4,the,1.616574
200,5,journalist,16.641438
200,6,discovered,12.111227
200,7,two,9.665596
200,8,weeks,8.681625
200,9,ago,4.942632
200,10,.,3.138227
200,11,<eos>,-0.0
201,0,The,0.0
201,1,colleagues,19.203871
201,2,realized,12.344898
201,3,that,0.635146
201,4,the,1.616574
201,5,journalist,16.641438
201,6,discovered,12.111227
201,7,the,2.715586
201,8,bribery,17.327679
201,9,two,16.930195
201,10,weeks,5.146036
201,11,ago,5.39967
201,12,.,1.322917
201,13,<eos>,-0.0
202,0,The,0.0
202,1,colleagues,19.203871
202,2,realized,12.344898
202,3,what,6.381591
202,4,the,3.091117
202,5,journalist,14.231185
202,6,discovered,9.877067
202,7,two,15.034433
202,8,weeks,4.228287
202,9,ago,3.635529
202,10,.,1.340602
202,11,<eos>,-0.0
203,0,The,0.0
203,1,colleagues,19.203871
203,2,realized,12.344898
203,3,what,6.381591
203,4,the,3.091117
203,5,journalist,14.231185
203,6,discovered,9.877067
203,7,the,6.652311
203,8,bribery,17.217533
203,9,two,18.907652
203,10,weeks,7.930785
203,11,ago,3.057391
203,12,.,1.571602
203,13,<eos>,-0.0
204,0,The,0.0
204,1,colleagues,19.203871
204,2,realized,12.344898
204,3,that,0.635146
204,4,her,9.413181
204,5,mother,5.478821
204,6,stated,14.50899
204,7,the,4.67107
204,8,journalist,16.26989
204,9,discovered,11.414783
204,10,two,10.488085
204,11,weeks,7.546773
204,12,ago,4.401709
204,13,.,2.489989
204,14,<eos>,-0.0
205,0,The,0.0
205,1,colleagues,19.203871
205,2,realized,12.344898
205,3,that,0.635146
205,4,her,9.413181
205,5,mother,5.478821
205,6,stated,14.50899
205,7,the,4.67107
205,8,journalist,16.26989
205,9,discovered,11.414783
205,10,the,3.661082
205,11,bribery,17.816784
205,12,two,16.387428
205,13,weeks,4.795512
205,14,ago,5.267287
205,15,.,1.13572
205,16,<eos>,-0.0
206,0,The,0.0
206,1,colleagues,19.203871
206,2,realized,12.344898
206,3,what,6.381591
206,4,her,10.714521
206,5,mother,4.671538
206,6,stated,11.622042
206,7,the,7.194623
206,8,journalist,16.191671
206,9,discovered,9.997879
206,10,two,14.53137
206,11,weeks,3.940011
206,12,ago,4.342985
206,13,.,1.023118
206,14,<eos>,-0.0
207,0,The,0.0
207,1,colleagues,19.203871
207,2,realized,12.344898
207,3,what,6.381591
207,4,her,10.714521
207,5,mother,4.671538
207,6,stated,11.622042
207,7,the,7.194623
207,8,journalist,16.191671
207,9,discovered,9.997879
207,10,the,7.257996
207,11,bribery,18.382427
207,12,two,17.919376
207,13,weeks,7.003
207,14,ago,4.030624
207,15,.,1.199117
207,16,<eos>,-0.0
208,0,The,0.0
208,1,colleagues,19.203871
208,2,realized,12.344898
208,3,that,0.635146
208,4,her,9.413181
208,5,mother,5.478821
208,6,stated,14.50899
208,7,a,7.189502
208,8,friend,10.590221
208,9,said,9.66644
208,10,the,4.934358
208,11,journalist,12.40078
208,12,discovered,10.950783
208,13,two,10.682021
208,14,weeks,7.393636
208,15,ago,5.020711
208,16,.,2.486015
208,17,<eos>,-0.0
209,0,The,0.0
209,1,colleagues,19.203871
209,2,realized,12.344898
209,3,that,0.635146
209,4,her,9.413181
209,5,mother,5.478821
209,6,stated,14.50899
209,7,a,7.189502
209,8,friend,10.590221
209,9,said,9.66644
209,10,the,4.934358
209,11,journalist,12.40078
209,12,discovered,10.950783
209,13,the,3.542445
209,14,bribery,17.207701
209,15,two,16.232868
209,16,weeks,4.988842
209,17,ago,5.519567
209,18,.,1.154334
209,19,<eos>,-0.0
210,0,The,0.0
210,1,colleagues,19.203871
210,2,realized,12.344898
210,3,what,6.381591
210,4,her,10.714521
210,5,mother,4.671538
210,6,stated,11.622042
210,7,a,8.349192
210,8,friend,10.355288
210,9,said,8.339303
210,10,the,6.602357
210,11,journalist,11.807676
210,12,discovered,9.662594
210,13,two,13.989315
210,14,weeks,3.999653
210,15,ago,4.518365
210,16,.,0.815396
210,17,<eos>,-0.0
211,0,The,0.0
211,1,colleagues,19.203871
211,2,realized,12.344898
211,3,what,6.381591
211,4,her,10.714521
211,5,mother,4.671538
211,6,stated,11.622042
211,7,a,8.349192
211,8,friend,10.355288
211,9,said,8.339303
211,10,the,6.602357
211,11,journalist,11.807676
211,12,discovered,9.662594
211,13,the,7.094011
211,14,bribery,17.733988
211,15,two,18.062433
211,16,weeks,7.87524
211,17,ago,3.827841
211,18,.,0.957057
211,19,<eos>,-0.0
212,0,The,0.0
212,1,colleagues,19.203871
212,2,realized,12.344898
212,3,that,0.635146
212,4,her,9.413181
212,5,mother,5.478821
212,6,stated,14.50899
212,7,a,7.189502
212,8,friend,10.590221
212,9,said,9.66644
212,10,her,5.272661
212,11,husband,3.526726
212,12,knew,6.90991
212,13,the,4.256083
212,14,journalist,13.874837
212,15,discovered,13.919207
212,16,two,11.14136
212,17,weeks,7.281221
212,18,ago,4.844581
212,19,.,1.567774
212,20,<eos>,-0.0
213,0,The,0.0
213,1,colleagues,19.203871
213,2,realized,12.344898
213,3,that,0.635146
213,4,her,9.413181
213,5,mother,5.478821
213,6,stated,14.50899
213,7,a,7.189502
213,8,friend,10.590221
213,9,said,9.66644
213,10,her,5.272661
213,11,husband,3.526726
213,12,knew,6.90991
213,13,the,4.256083
213,14,journalist,13.874837
213,15,discovered,13.919207
213,16,the,3.54225
213,17,bribery,17.562731
213,18,two,16.415987
213,19,weeks,4.799004
213,20,ago,6.028226
213,21,.,0.880233
213,22,<eos>,-0.0
214,0,The,0.0
214,1,colleagues,19.203871
214,2,realized,12.344898
214,3,what,6.381591
214,4,her,10.714521
214,5,mother,4.671538
214,6,stated,11.622042
214,7,a,8.349192
214,8,friend,10.355288
214,9,said,8.339303
214,10,her,7.416426
214,11,husband,3.851927
214,12,knew,6.790169
214,13,the,6.788685
214,14,journalist,14.268291
214,15,discovered,11.499198
214,16,two,15.31747
214,17,weeks,3.942067
214,18,ago,4.79171
214,19,.,0.792292
214,20,<eos>,-0.0
215,0,The,0.0
215,1,colleagues,19.203871
215,2,realized,12.344898
215,3,what,6.381591
215,4,her,10.714521
215,5,mother,4.671538
215,6,stated,11.622042
215,7,a,8.349192
215,8,friend,10.355288
215,9,said,8.339303
215,10,her,7.416426
215,11,husband,3.851927
215,12,knew,6.790169
215,13,the,6.788685
215,14,journalist,14.268291
215,15,discovered,11.499198
215,16,the,8.862796
215,17,bribery,18.325964
215,18,two,17.789757
215,19,weeks,7.652196
215,20,ago,4.52577
215,21,.,0.750818
215,22,<eos>,-0.0
216,0,The,0.0
216,1,colleagues,19.203871
216,2,realized,12.344898
216,3,that,0.635146
216,4,her,9.413181
216,5,mother,5.478821
216,6,stated,14.50899
216,7,a,7.189502
216,8,friend,10.590221
216,9,said,9.66644
216,10,her,5.272661
216,11,husband,3.526726
216,12,knew,6.90991
216,13,the,4.256083
216,14,journalist,13.874837
216,15,discovered,13.919207
216,16,two,11.14136
216,17,weeks,7.281221
216,18,ago,4.844581
216,19,.,1.567774
216,20,<eos>,-0.0
217,0,The,0.0
217,1,colleagues,19.203871
217,2,realized,12.344898
217,3,that,0.635146
217,4,her,9.413181
217,5,mother,5.478821
217,6,stated,14.50899
217,7,a,7.189502
217,8,friend,10.590221
217,9,said,9.66644
217,10,her,5.272661
217,11,husband,3.526726
217,12,knew,6.90991
217,13,the,4.256083
217,14,journalist,13.874837
217,15,discovered,13.919207
217,16,the,3.54225
217,17,bribery,17.562731
217,18,two,16.415987
217,19,weeks,4.799004
217,20,ago,6.028226
217,21,.,0.880233
217,22,<eos>,-0.0
218,0,The,0.0
218,1,colleagues,19.203871
218,2,realized,12.344898
218,3,what,6.381591
218,4,her,10.714521
218,5,mother,4.671538
218,6,stated,11.622042
218,7,a,8.349192
218,8,friend,10.355288
218,9,said,8.339303
218,10,her,7.416426
218,11,husband,3.851927
218,12,knew,6.790169
218,13,the,6.788685
218,14,journalist,14.268291
218,15,discovered,11.499198
218,16,two,15.31747
218,17,weeks,3.942067
218,18,ago,4.79171
218,19,.,0.792292
218,20,<eos>,-0.0
219,0,The,0.0
219,1,colleagues,19.203871
219,2,realized,12.344898
219,3,what,6.381591
219,4,her,10.714521
219,5,mother,4.671538
219,6,stated,11.622042
219,7,a,8.349192
219,8,friend,10.355288
219,9,said,8.339303
219,10,her,7.416426
219,11,husband,3.851927
219,12,knew,6.790169
219,13,the,6.788685
219,14,journalist,14.268291
219,15,discovered,11.499198
219,16,the,8.862796
219,17,bribery,18.325964
219,18,two,17.789757
219,19,weeks,7.652196
219,20,ago,4.52577
219,21,.,0.750818
219,22,<eos>,-0.0
220,0,The,0.0
220,1,accountant,20.662333
220,2,knew,12.299269
220,3,that,1.757999
220,4,the,1.594424
220,5,secretary,13.862794
220,6,introduced,14.215164
220,7,to,6.862473
220,8,her,6.079013
220,9,friend,8.820894
220,10,.,5.83036
220,11,<eos>,-0.0
221,0,The,0.0
221,1,accountant,20.662333
221,2,knew,12.299269
221,3,that,1.757999
221,4,the,1.594424
221,5,secretary,13.862794
221,6,introduced,14.215164
221,7,the,2.018431
221,8,new,5.16395
221,9,woman,11.272976
221,10,to,2.757324
221,11,her,3.778696
221,12,friend,9.012627
221,13,.,3.07373
221,14,<eos>,-0.0
222,0,The,0.0
222,1,accountant,20.662333
222,2,knew,12.299269
222,3,who,6.979946
222,4,the,4.008495
222,5,secretary,12.526146
222,6,introduced,14.073198
222,7,to,2.829917
222,8,her,5.686599
222,9,friend,9.290692
222,10,.,3.158941
222,11,<eos>,-0.0
223,0,The,0.0
223,1,accountant,20.662333
223,2,knew,12.299269
223,3,who,6.979946
223,4,the,4.008495
223,5,secretary,12.526146
223,6,introduced,14.073198
223,7,the,3.501251
223,8,new,5.150469
223,9,woman,10.806148
223,10,to,3.06804
223,11,her,3.632263
223,12,friend,9.07818
223,13,.,2.904239
223,14,<eos>,-0.0
224,0,The,0.0
224,1,accountant,20.662333
224,2,knew,12.299269
224,3,that,1.757999
224,4,the,1.594424
224,5,security,11.230873
224,6,guard,8.486174
224,7,believed,8.959692
224,8,the,2.803284
224,9,secretary,13.592955
224,10,introduced,15.967221
224,11,to,6.420699
224,12,her,6.538097
224,13,friend,8.727775
224,14,.,4.344687
224,15,<eos>,-0.0
225,0,The,0.0
225,1,accountant,20.662333
225,2,knew,12.299269
225,3,that,1.757999
225,4,the,1.594424
225,5,security,11.230873
225,6,guard,8.486174
225,7,believed,8.959692
225,8,the,2.803284
225,9,secretary,13.592955
225,10,introduced,15.967221
225,11,the,2.352703
225,12,new,5.472634
225,13,woman,11.632761
225,14,to,2.573393
225,15,her,4.166388
225,16,friend,8.783957
225,17,.,2.653206
225,18,<eos>,-0.0
226,0,The,0.0
226,1,accountant,20.662333
226,2,knew,12.299269
226,3,who,6.979946
226,4,the,4.008495
226,5,security,11.193192
226,6,guard,7.503042
226,7,believed,9.343479
226,8,the,4.277025
226,9,secretary,13.104211
226,10,introduced,15.175207
226,11,to,3.363959
226,12,her,6.441115
226,13,friend,9.340559
226,14,.,2.593993
226,15,<eos>,-0.0
227,0,The,0.0
227,1,accountant,20.662333
227,2,knew,12.299269
227,3,who,6.979946
227,4,the,4.008495
227,5,security,11.193192
227,6,guard,7.503042
227,7,believed,9.343479
227,8,the,4.277025
227,9,secretary,13.104211
227,10,introduced,15.175207
227,11,the,3.805211
227,12,new,5.561214
227,13,woman,11.426953
227,14,to,2.857185
227,15,her,4.076097
227,16,friend,8.896441
227,17,.,2.5645
227,18,<eos>,-0.0
228,0,The,0.0
228,1,accountant,20.662333
228,2,knew,12.299269
228,3,that,1.757999
228,4,the,1.594424
228,5,security,11.230873
228,6,guard,8.486174
228,7,believed,8.959692
228,8,his,6.364469
228,9,friend,7.765619
228,10,knew,8.418613
228,11,the,3.806568
228,12,secretary,14.849382
228,13,introduced,17.096439
228,14,to,6.491342
228,15,her,6.528871
228,16,friend,9.723812
228,17,.,3.064582
228,18,<eos>,-0.0
229,0,The,0.0
229,1,accountant,20.662333
229,2,knew,12.299269
229,3,that,1.757999
229,4,the,1.594424
229,5,security,11.230873
229,6,guard,8.486174
229,7,believed,8.959692
229,8,his,6.364469
229,9,friend,7.765619
229,10,knew,8.418613
229,11,the,3.806568
229,12,secretary,14.849382
229,13,introduced,17.096439
229,14,the,3.023665
229,15,new,6.092647
229,16,woman,11.279558
229,17,to,2.606483
229,18,her,3.792863
229,19,friend,8.313432
229,20,.,2.450416
229,21,<eos>,-0.0
230,0,The,0.0
230,1,accountant,20.662333
230,2,knew,12.299269
230,3,who,6.979946
230,4,the,4.008495
230,5,security,11.193192
230,6,guard,7.503042
230,7,believed,9.343479
230,8,his,8.196365
230,9,friend,7.937625
230,10,knew,7.550464
230,11,the,4.214753
230,12,secretary,14.433077
230,13,introduced,16.156597
230,14,to,6.040363
230,15,her,6.598627
230,16,friend,9.699999
230,17,.,2.587313
230,18,<eos>,-0.0
231,0,The,0.0
231,1,accountant,20.662333
231,2,knew,12.299269
231,3,who,6.979946
231,4,the,4.008495
231,5,security,11.193192
231,6,guard,7.503042
231,7,believed,9.343479
231,8,his,8.196365
231,9,friend,7.937625
231,10,knew,7.550464
231,11,the,4.214753
231,12,secretary,14.433077
231,13,introduced,16.156597
231,14,the,3.114785
231,15,new,6.075471
231,16,woman,11.369429
231,17,to,2.662577
231,18,her,3.902054
231,19,friend,8.435974
231,20,.,2.412519
231,21,<eos>,-0.0
232,0,The,0.0
232,1,accountant,20.662333
232,2,knew,12.299269
232,3,that,1.757999
232,4,the,1.594424
232,5,security,11.230873
232,6,guard,8.486174
232,7,believed,8.959692
232,8,his,6.364469
232,9,friend,7.765619
232,10,knew,8.418613
232,11,the,3.806568
232,12,assistant,15.761281
232,13,reported,13.262972
232,14,the,3.753372
232,15,secretary,14.360924
232,16,introduced,16.735184
232,17,to,4.213946
232,18,her,6.446608
232,19,friend,9.961782
232,20,.,2.717077
232,21,<eos>,-0.0
233,0,The,0.0
233,1,accountant,20.662333
233,2,knew,12.299269
233,3,that,1.757999
233,4,the,1.594424
233,5,security,11.230873
233,6,guard,8.486174
233,7,believed,8.959692
233,8,his,6.364469
233,9,friend,7.765619
233,10,knew,8.418613
233,11,the,3.806568
233,12,assistant,15.761281
233,13,reported,13.262972
233,14,the,3.753372
233,15,secretary,14.360924
233,16,introduced,16.735184
233,17,the,3.04264
233,18,new,6.378809
233,19,woman,10.899183
233,20,to,3.110144
233,21,her,4.001225
233,22,friend,8.34023
233,23,.,2.498125
233,24,<eos>,-0.0
234,0,The,0.0
234,1,accountant,20.662333
234,2,knew,12.299269
234,3,who,6.979946
234,4,the,4.008495
234,5,security,11.193192
234,6,guard,7.503042
234,7,believed,9.343479
234,8,his,8.196365
234,9,friend,7.937625
234,10,knew,7.550464
234,11,the,4.214753
234,12,assistant,15.367271
234,13,reported,12.943674
234,14,the,4.271742
234,15,secretary,14.272279
234,16,introduced,16.119936
234,17,to,4.164759
234,18,her,6.602315
234,19,friend,10.071899
234,20,.,2.601007
234,21,<eos>,-0.0
235,0,The,0.0
235,1,accountant,20.662333
235,2,knew,12.299269
235,3,who,6.979946
235,4,the,4.008495
235,5,security,11.193192
235,6,guard,7.503042
235,7,believed,9.343479
235,8,his,8.196365
235,9,friend,7.937625
235,10,knew,7.550464
235,11,the,4.214753
235,12,assistant,15.367271
235,13,reported,12.943674
235,14,the,4.271742
235,15,secretary,14.272279
235,16,introduced,16.119936
235,17,the,3.184988
235,18,new,6.245661
235,19,woman,10.998332
235,20,to,3.284016
235,21,her,4.062655
235,22,friend,8.366757
235,23,.,2.502487
235,24,<eos>,-0.0
236,0,The,0.0
236,1,accountant,20.662333
236,2,knew,12.299269
236,3,that,1.757999
236,4,the,1.594424
236,5,security,11.230873
236,6,guard,8.486174
236,7,believed,8.959692
236,8,his,6.364469
236,9,friend,7.765619
236,10,knew,8.418613
236,11,the,3.806568
236,12,assistant,15.761281
236,13,reported,13.262972
236,14,the,3.753372
236,15,secretary,14.360924
236,16,introduced,16.735184
236,17,to,4.213946
236,18,her,6.446608
236,19,friend,9.961782
236,20,.,2.717077
236,21,<eos>,-0.0
237,0,The,0.0
237,1,accountant,20.662333
237,2,knew,12.299269
237,3,that,1.757999
237,4,the,1.594424
237,5,security,11.230873
237,6,guard,8.486174
237,7,believed,8.959692
237,8,his,6.364469
237,9,friend,7.765619
237,10,knew,8.418613
237,11,the,3.806568
237,12,assistant,15.761281
237,13,reported,13.262972
237,14,the,3.753372
237,15,secretary,14.360924
237,16,introduced,16.735184
237,17,the,3.04264
237,18,new,6.378809
237,19,woman,10.899183
237,20,to,3.110144
237,21,her,4.001225
237,22,friend,8.34023
237,23,.,2.498125
237,24,<eos>,-0.0
238,0,The,0.0
238,1,accountant,20.662333
238,2,knew,12.299269
238,3,who,6.979946
238,4,the,4.008495
238,5,security,11.193192
238,6,guard,7.503042
238,7,believed,9.343479
238,8,his,8.196365
238,9,friend,7.937625
238,10,knew,7.550464
238,11,the,4.214753
238,12,assistant,15.367271
238,13,reported,12.943674
238,14,the,4.271742
238,15,secretary,14.272279
238,16,introduced,16.119936
238,17,to,4.164759
238,18,her,6.602315
238,19,friend,10.071899
238,20,.,2.601007
238,21,<eos>,-0.0
239,0,The,0.0
239,1,accountant,20.662333
239,2,knew,12.299269
239,3,who,6.979946
239,4,the,4.008495
239,5,security,11.193192
239,6,guard,7.503042
239,7,believed,9.343479
239,8,his,8.196365
239,9,friend,7.937625
239,10,knew,7.550464
239,11,the,4.214753
239,12,assistant,15.367271
239,13,reported,12.943674
239,14,the,4.271742
239,15,secretary,14.272279
239,16,introduced,16.119936
239,17,the,3.184988
239,18,new,6.245661
239,19,woman,10.998332
239,20,to,3.284016
239,21,her,4.062655
239,22,friend,8.366757
239,23,.,2.502487
239,24,<eos>,-0.0
240,0,She,0.0
240,1,said,7.24009
240,2,that,2.639638
240,3,the,2.622591
240,4,reporter,13.445951
240,5,put,10.981668
240,6,on,4.199945
240,7,the,2.485363
240,8,table,9.733308
240,9,.,4.40533
240,10,<eos>,-0.0
241,0,She,0.0
241,1,said,7.24009
241,2,that,2.639638
241,3,the,2.622591
241,4,reporter,13.445951
241,5,put,10.981668
241,6,the,2.57144
241,7,microphone,12.276636
241,8,on,2.28432
241,9,the,1.687709
241,10,table,4.623073
241,11,.,2.564877
241,12,<eos>,-0.0
242,0,She,0.0
242,1,said,7.24009
242,2,what,9.987566
242,3,the,3.912814
242,4,reporter,11.416698
242,5,put,11.158838
242,6,on,2.33916
242,7,the,2.567501
242,8,table,8.133842
242,9,.,3.131069
242,10,<eos>,-0.0
243,0,She,0.0
243,1,said,7.24009
243,2,what,9.987566
243,3,the,3.912814
243,4,reporter,11.416698
243,5,put,11.158838
243,6,the,5.363003
243,7,microphone,11.606211
243,8,on,2.310332
243,9,the,2.215374
243,10,table,5.637659
243,11,.,1.93223
243,12,<eos>,-0.0
244,0,She,0.0
244,1,said,7.24009
244,2,that,2.639638
244,3,the,2.622591
244,4,politician,15.742455
244,5,stated,11.159541
244,6,the,5.559699
244,7,reporter,14.155153
244,8,put,12.166395
244,9,on,4.026725
244,10,the,2.397424
244,11,table,10.180865
244,12,.,3.329955
244,13,<eos>,-0.0
245,0,She,0.0
245,1,said,7.24009
245,2,that,2.639638
245,3,the,2.622591
245,4,politician,15.742455
245,5,stated,11.159541
245,6,the,5.559699
245,7,reporter,14.155153
245,8,put,12.166395
245,9,the,2.6911
245,10,microphone,13.212002
245,11,on,2.382626
245,12,the,1.749392
245,13,table,4.552373
245,14,.,2.441347
245,15,<eos>,-0.0
246,0,She,0.0
246,1,said,7.24009
246,2,what,9.987566
246,3,the,3.912814
246,4,politician,13.721037
246,5,stated,10.974237
246,6,the,7.239338
246,7,reporter,12.880436
246,8,put,11.53419
246,9,on,3.477902
246,10,the,2.445645
246,11,table,8.679523
246,12,.,1.863894
246,13,<eos>,-0.0
247,0,She,0.0
247,1,said,7.24009
247,2,what,9.987566
247,3,the,3.912814
247,4,politician,13.721037
247,5,stated,10.974237
247,6,the,7.239338
247,7,reporter,12.880436
247,8,put,11.53419
247,9,the,3.86285
247,10,microphone,12.217672
247,11,on,2.66698
247,12,the,1.935838
247,13,table,5.501063
247,14,.,1.73485
247,15,<eos>,-0.0
248,0,She,0.0
248,1,said,7.24009
248,2,that,2.639638
248,3,the,2.622591
248,4,politician,15.742455
248,5,stated,11.159541
248,6,his,8.315928
248,7,press,14.405341
248,8,secretary,4.585692
248,9,said,5.262143
248,10,the,4.07716
248,11,reporter,10.651217
248,12,put,12.016505
248,13,on,4.033481
248,14,the,2.628658
248,15,table,10.421179
248,16,.,3.605857
248,17,<eos>,-0.0
249,0,She,0.0
249,1,said,7.24009
249,2,that,2.639638
249,3,the,2.622591
249,4,politician,15.742455
249,5,stated,11.159541
249,6,his,8.315928
249,7,press,14.405341
249,8,secretary,4.585692
249,9,said,5.262143
249,10,the,4.07716
249,11,reporter,10.651217
249,12,put,12.016505
249,13,the,2.619561
249,14,microphone,12.047313
249,15,on,2.382299
249,16,the,1.741644
249,17,table,4.688103
249,18,.,2.315712
249,19,<eos>,-0.0
250,0,She,0.0
250,1,said,7.24009
250,2,what,9.987566
250,3,the,3.912814
250,4,politician,13.721037
250,5,stated,10.974237
250,6,his,10.741544
250,7,press,13.77867
250,8,secretary,4.454592
250,9,said,4.939532
250,10,the,5.410224
250,11,reporter,10.248945
250,12,put,11.532081
250,13,on,3.424746
250,14,the,2.324688
250,15,table,9.497471
250,16,.,2.153259
250,17,<eos>,-0.0
251,0,She,0.0
251,1,said,7.24009
251,2,what,9.987566
251,3,the,3.912814
251,4,politician,13.721037
251,5,stated,10.974237
251,6,his,10.741544
251,7,press,13.77867
251,8,secretary,4.454592
251,9,said,4.939532
251,10,the,5.410224
251,11,reporter,10.248945
251,12,put,11.532081
251,13,the,3.444271
251,14,microphone,11.707216
251,15,on,2.357329
251,16,the,1.803812
251,17,table,5.119942
251,18,.,1.590632
251,19,<eos>,-0.0
252,0,She,0.0
252,1,said,7.24009
252,2,that,2.639638
252,3,the,2.622591
252,4,politician,15.742455
252,5,stated,11.159541
252,6,his,8.315928
252,7,press,14.405341
252,8,secretary,4.585692
252,9,said,5.262143
252,10,the,4.07716
252,11,chief,10.341907
252,12,of,3.145523
252,13,staff,1.508919
252,14,thought,9.935534
252,15,the,3.246111
252,16,reporter,10.832326
252,17,put,12.958364
252,18,on,3.965894
252,19,the,2.426716
252,20,table,10.981942
252,21,.,2.645975
252,22,<eos>,-0.0
253,0,She,0.0
253,1,said,7.24009
253,2,that,2.639638
253,3,the,2.622591
253,4,politician,15.742455
253,5,stated,11.159541
253,6,his,8.315928
253,7,press,14.405341
253,8,secretary,4.585692
253,9,said,5.262143
253,10,the,4.07716
253,11,chief,10.341907
253,12,of,3.145523
253,13,staff,1.508919
253,14,thought,9.935534
253,15,the,3.246111
253,16,reporter,10.832326
253,17,put,12.958364
253,18,the,2.585637
253,19,microphone,11.5661
253,20,on,2.554608
253,21,the,1.679608
253,22,table,4.949469
253,23,.,2.085763
253,24,<eos>,-0.0
254,0,She,0.0
254,1,said,7.24009
254,2,what,9.987566
254,3,the,3.912814
254,4,politician,13.721037
254,5,stated,10.974237
254,6,his,10.741544
254,7,press,13.77867
254,8,secretary,4.454592
254,9,said,4.939532
254,10,the,5.410224
254,11,chief,10.268365
254,12,of,2.921468
254,13,staff,1.369377
254,14,thought,9.673298
254,15,the,3.243975
254,16,reporter,10.616548
254,17,put,12.604254
254,18,on,3.977716
254,19,the,2.338712
254,20,table,10.632074
254,21,.,2.276727
254,22,<eos>,-0.0
255,0,She,0.0
255,1,said,7.24009
255,2,what,9.987566
255,3,the,3.912814
255,4,politician,13.721037
255,5,stated,10.974237
255,6,his,10.741544
255,7,press,13.77867
255,8,secretary,4.454592
255,9,said,4.939532
255,10,the,5.410224
255,11,chief,10.268365
255,12,of,2.921468
255,13,staff,1.369377
255,14,thought,9.673298
255,15,the,3.243975
255,16,reporter,10.616548
255,17,put,12.604254
255,18,the,2.680556
255,19,microphone,11.629812
255,20,on,2.49998
255,21,the,1.677793
255,22,table,5.049372
255,23,.,1.645225
255,24,<eos>,-0.0
256,0,She,0.0
256,1,said,7.24009
256,2,that,2.639638
256,3,the,2.622591
256,4,politician,15.742455
256,5,stated,11.159541
256,6,his,8.315928
256,7,press,14.405341
256,8,secretary,4.585692
256,9,said,5.262143
256,10,the,4.07716
256,11,chief,10.341907
256,12,of,3.145523
256,13,staff,1.508919
256,14,thought,9.935534
256,15,the,3.246111
256,16,reporter,10.832326
256,17,put,12.958364
256,18,on,3.965894
256,19,the,2.426716
256,20,table,10.981942
256,21,.,2.645975
256,22,<eos>,-0.0
257,0,She,0.0
257,1,said,7.24009
257,2,that,2.639638
257,3,the,2.622591
257,4,politician,15.742455
257,5,stated,11.159541
257,6,his,8.315928
257,7,press,14.405341
257,8,secretary,4.585692
257,9,said,5.262143
257,10,the,4.07716
257,11,chief,10.341907
257,12,of,3.145523
257,13,staff,1.508919
257,14,thought,9.935534
257,15,the,3.246111
257,16,reporter,10.832326
257,17,put,12.958364
257,18,the,2.585637
257,19,microphone,11.5661
257,20,on,2.554608
257,21,the,1.679608
257,22,table,4.949469
257,23,.,2.085763
257,24,<eos>,-0.0
258,0,She,0.0
258,1,said,7.24009
258,2,what,9.987566
258,3,the,3.912814
258,4,politician,13.721037
258,5,stated,10.974237
258,6,his,10.741544
258,7,press,13.77867
258,8,secretary,4.454592
258,9,said,4.939532
258,10,the,5.410224
258,11,chief,10.268365
258,12,of,2.921468
258,13,staff,1.369377
258,14,thought,9.673298
258,15,the,3.243975
258,16,reporter,10.616548
258,17,put,12.604254
258,18,on,3.977716
258,19,the,2.338712
258,20,table,10.632074
258,21,.,2.276727
258,22,<eos>,-0.0
259,0,She,0.0
259,1,said,7.24009
259,2,what,9.987566
259,3,the,3.912814
259,4,politician,13.721037
259,5,stated,10.974237
259,6,his,10.741544
259,7,press,13.77867
259,8,secretary,4.454592
259,9,said,4.939532
259,10,the,5.410224
259,11,chief,10.268365
259,12,of,2.921468
259,13,staff,1.369377
259,14,thought,9.673298
259,15,the,3.243975
259,16,reporter,10.616548
259,17,put,12.604254
259,18,the,2.680556
259,19,microphone,11.629812
259,20,on,2.49998
259,21,the,1.677793
259,22,table,5.049372
259,23,.,1.645225
259,24,<eos>,-0.0
260,0,We,0.0
260,1,all,8.258053
260,2,know,3.618088
260,3,that,2.504345
260,4,the,2.179744
260,5,teacher,13.426426
260,6,gave,11.029298
260,7,to,6.167794
260,8,her,6.149309
260,9,students,7.136276
260,10,.,4.365191
260,11,<eos>,-0.0
261,0,We,0.0
261,1,all,8.258053
261,2,know,3.618088
261,3,that,2.504345
261,4,the,2.179744
261,5,teacher,13.426426
261,6,gave,11.029298
261,7,a,3.574785
261,8,test,8.621508
261,9,to,2.886785
261,10,her,6.79842
261,11,students,6.990276
261,12,.,2.370073
261,13,<eos>,-0.0
262,0,We,0.0
262,1,all,8.258053
262,2,know,3.618088
262,3,what,3.66996
262,4,the,3.474849
262,5,teacher,13.055841
262,6,gave,10.715144
262,7,to,2.502888
262,8,her,6.643677
262,9,students,8.461106
262,10,.,1.158566
262,11,<eos>,-0.0
263,0,We,0.0
263,1,all,8.258053
263,2,know,3.618088
263,3,what,3.66996
263,4,the,3.474849
263,5,teacher,13.055841
263,6,gave,10.715144
263,7,a,6.398154
263,8,test,9.046788
263,9,to,3.610565
263,10,her,7.554097
263,11,students,8.068625
263,12,.,1.201469
263,13,<eos>,-0.0
264,0,We,0.0
264,1,all,8.258053
264,2,know,3.618088
264,3,that,2.504345
264,4,the,2.179744
264,5,old,8.606231
264,6,man,4.106316
264,7,thinks,9.696856
264,8,the,3.532964
264,9,teacher,11.887111
264,10,gave,12.017707
264,11,to,5.866667
264,12,her,5.560082
264,13,students,8.392614
264,14,.,2.84221
264,15,<eos>,-0.0
265,0,We,0.0
265,1,all,8.258053
265,2,know,3.618088
265,3,that,2.504345
265,4,the,2.179744
265,5,old,8.606231
265,6,man,4.106316
265,7,thinks,9.696856
265,8,the,3.532964
265,9,teacher,11.887111
265,10,gave,12.017707
265,11,a,4.009125
265,12,test,9.012816
265,13,to,2.72332
265,14,her,5.859521
265,15,students,7.908554
265,16,.,1.751318
265,17,<eos>,-0.0
266,0,We,0.0
266,1,all,8.258053
266,2,know,3.618088
266,3,what,3.66996
266,4,the,3.474849
266,5,old,7.884883
266,6,man,3.096208
266,7,thinks,6.678861
266,8,the,6.15531
266,9,teacher,12.065345
266,10,gave,10.913483
266,11,to,2.241447
266,12,her,5.822861
266,13,students,9.213816
266,14,.,0.983858
266,15,<eos>,-0.0
267,0,We,0.0
267,1,all,8.258053
267,2,know,3.618088
267,3,what,3.66996
267,4,the,3.474849
267,5,old,7.884883
267,6,man,3.096208
267,7,thinks,6.678861
267,8,the,6.15531
267,9,teacher,12.065345
267,10,gave,10.913483
267,11,a,6.847987
267,12,test,8.740763
267,13,to,3.501419
267,14,her,6.798052
267,15,students,8.005171
267,16,.,1.04171
267,17,<eos>,-0.0
268,0,We,0.0
268,1,all,8.258053
268,2,know,3.618088
268,3,that,2.504345
268,4,the,2.179744
268,5,old,8.606231
268,6,man,4.106316
268,7,thinks,9.696856
268,8,the,3.532964
268,9,woman,8.46324
268,10,knows,7.557247
268,11,the,3.536188
268,12,teacher,14.240193
268,13,gave,12.766898
268,14,to,6.477637
268,15,her,2.197644
268,16,students,9.676525
268,17,.,1.983075
268,18,<eos>,-0.0
269,0,We,0.0
269,1,all,8.258053
269,2,know,3.618088
269,3,that,2.504345
269,4,the,2.179744
269,5,old,8.606231
269,6,man,4.106316
269,7,thinks,9.696856
269,8,the,3.532964
269,9,woman,8.46324
269,10,knows,7.557247
269,11,the,3.536188
269,12,teacher,14.240193
269,13,gave,12.766898
269,14,a,5.03663
269,15,test,9.230865
269,16,to,2.882333
269,17,her,2.367289
269,18,students,8.94279
269,19,.,1.36533
269,20,<eos>,-0.0
270,0,We,0.0
270,1,all,8.258053
270,2,know,3.618088
270,3,what,3.66996
270,4,the,3.474849
270,5,old,7.884883
270,6,man,3.096208
270,7,thinks,6.678861
270,8,the,6.15531
270,9,woman,8.519582
270,10,knows,7.369052
270,11,the,6.539451
270,12,teacher,13.284343
270,13,gave,10.62973
270,14,to,2.137957
270,15,her,2.603424
270,16,students,10.109658
270,17,.,0.861078
270,18,<eos>,-0.0
271,0,We,0.0
271,1,all,8.258053
271,2,know,3.618088
271,3,what,3.66996
271,4,the,3.474849
271,5,old,7.884883
271,6,man,3.096208
271,7,thinks,6.678861
271,8,the,6.15531
271,9,woman,8.519582
271,10,knows,7.369052
271,11,the,6.539451
271,12,teacher,13.284343
271,13,gave,10.62973
271,14,a,7.675118
271,15,test,9.218155
271,16,to,3.742806
271,17,her,4.647773
271,18,students,8.958412
271,19,.,0.960659
271,20,<eos>,-0.0
272,0,We,0.0
272,1,all,8.258053
272,2,know,3.618088
272,3,that,2.504345
272,4,the,2.179744
272,5,old,8.606231
272,6,man,4.106316
272,7,thinks,9.696856
272,8,the,3.532964
272,9,woman,8.46324
272,10,knows,7.557247
272,11,the,3.536188
272,12,young,11.603884
272,13,boy,5.679035
272,14,said,13.245052
272,15,the,4.56728
272,16,teacher,11.286334
272,17,gave,10.814768
272,18,to,7.266158
272,19,her,3.216248
272,20,students,9.739949
272,21,.,1.958624
272,22,<eos>,-0.0
273,0,We,0.0
273,1,all,8.258053
273,2,know,3.618088
273,3,that,2.504345
273,4,the,2.179744
273,5,old,8.606231
273,6,man,4.106316
273,7,thinks,9.696856
273,8,the,3.532964
273,9,woman,8.46324
273,10,knows,7.557247
273,11,the,3.536188
273,12,young,11.603884
273,13,boy,5.679035
273,14,said,13.245052
273,15,the,4.56728
273,16,teacher,11.286334
273,17,gave,10.814768
273,18,a,4.916407
273,19,test,9.495429
273,20,to,2.528458
273,21,her,3.060195
273,22,students,8.833066
273,23,.,1.276166
273,24,<eos>,-0.0
274,0,We,0.0
274,1,all,8.258053
274,2,know,3.618088
274,3,what,3.66996
274,4,the,3.474849
274,5,old,7.884883
274,6,man,3.096208
274,7,thinks,6.678861
274,8,the,6.15531
274,9,woman,8.519582
274,10,knows,7.369052
274,11,the,6.539451
274,12,young,11.653616
274,13,boy,5.337631
274,14,said,11.63877
274,15,the,6.406213
274,16,teacher,10.804643
274,17,gave,8.59511
274,18,to,2.886281
274,19,her,3.515938
274,20,students,10.233829
274,21,.,0.81381
274,22,<eos>,-0.0
275,0,We,0.0
275,1,all,8.258053
275,2,know,3.618088
275,3,what,3.66996
275,4,the,3.474849
275,5,old,7.884883
275,6,man,3.096208
275,7,thinks,6.678861
275,8,the,6.15531
275,9,woman,8.519582
275,10,knows,7.369052
275,11,the,6.539451
275,12,young,11.653616
275,13,boy,5.337631
275,14,said,11.63877
275,15,the,6.406213
275,16,teacher,10.804643
275,17,gave,8.59511
275,18,a,6.245389
275,19,test,9.956728
275,20,to,3.163925
275,21,her,4.07142
275,22,students,8.451634
275,23,.,0.845732
275,24,<eos>,-0.0
276,0,We,0.0
276,1,all,8.258053
276,2,know,3.618088
276,3,that,2.504345
276,4,the,2.179744
276,5,old,8.606231
276,6,man,4.106316
276,7,thinks,9.696856
276,8,the,3.532964
276,9,woman,8.46324
276,10,knows,7.557247
276,11,the,3.536188
276,12,young,11.603884
276,13,boy,5.679035
276,14,said,13.245052
276,15,the,4.56728
276,16,teacher,11.286334
276,17,gave,10.814768
276,18,to,7.266158
276,19,her,3.216248
276,20,students,9.739949
276,21,.,1.958624
276,22,<eos>,-0.0
277,0,We,0.0
277,1,all,8.258053
277,2,know,3.618088
277,3,that,2.504345
277,4,the,2.179744
277,5,old,8.606231
277,6,man,4.106316
277,7,thinks,9.696856
277,8,the,3.532964
277,9,woman,8.46324
277,10,knows,7.557247
277,11,the,3.536188
277,12,young,11.603884
277,13,boy,5.679035
277,14,said,13.245052
277,15,the,4.56728
277,16,teacher,11.286334
277,17,gave,10.814768
277,18,a,4.916407
277,19,test,9.495429
277,20,to,2.528458
277,21,her,3.060195
277,22,students,8.833066
277,23,.,1.276166
277,24,<eos>,-0.0
278,0,We,0.0
278,1,all,8.258053
278,2,know,3.618088
278,3,what,3.66996
278,4,the,3.474849
278,5,old,7.884883
278,6,man,3.096208
278,7,thinks,6.678861
278,8,the,6.15531
278,9,woman,8.519582
278,10,knows,7.369052
278,11,the,6.539451
278,12,young,11.653616
278,13,boy,5.337631
278,14,said,11.63877
278,15,the,6.406213
278,16,teacher,10.804643
278,17,gave,8.59511
278,18,to,2.886281
278,19,her,3.515938
278,20,students,10.233829
278,21,.,0.81381
278,22,<eos>,-0.0
279,0,We,0.0
279,1,all,8.258053
279,2,know,3.618088
279,3,what,3.66996
279,4,the,3.474849
279,5,old,7.884883
279,6,man,3.096208
279,7,thinks,6.678861
279,8,the,6.15531
279,9,woman,8.519582
279,10,knows,7.369052
279,11,the,6.539451
279,12,young,11.653616
279,13,boy,5.337631
279,14,said,11.63877
279,15,the,6.406213
279,16,teacher,10.804643
279,17,gave,8.59511
279,18,a,6.245389
279,19,test,9.956728
279,20,to,3.163925
279,21,her,4.07142
279,22,students,8.451634
279,23,.,0.845732
279,24,<eos>,-0.0
280,0,I,0.0
280,1,know,6.278276
280,2,that,2.352433
280,3,the,2.35511
280,4,priest,13.087937
280,5,congratulated,17.233746
280,6,after,13.571597
280,7,the,1.424414
280,8,service,8.83833
280,9,.,3.691829
280,10,<eos>,-0.0
281,0,I,0.0
281,1,know,6.278276
281,2,that,2.352433
281,3,the,2.35511
281,4,priest,13.087937
281,5,congratulated,17.233746
281,6,the,2.561088
281,7,couple,12.190364
281,8,after,7.703251
281,9,the,1.949836
281,10,service,10.528894
281,11,.,1.816751
281,12,<eos>,-0.0
282,0,I,0.0
282,1,know,6.278276
282,2,who,6.580016
282,3,the,5.056487
282,4,priest,12.262259
282,5,congratulated,16.873154
282,6,after,10.052864
282,7,the,1.50523
282,8,service,9.302281
282,9,.,1.920068
282,10,<eos>,-0.0
283,0,I,0.0
283,1,know,6.278276
283,2,who,6.580016
283,3,the,5.056487
283,4,priest,12.262259
283,5,congratulated,16.873154
283,6,the,3.409487
283,7,couple,11.872149
283,8,after,7.531254
283,9,the,1.948174
283,10,service,10.363394
283,11,.,1.666453
283,12,<eos>,-0.0
284,0,I,0.0
284,1,know,6.278276
284,2,that,2.352433
284,3,the,2.35511
284,4,man,8.492576
284,5,thinks,9.886786
284,6,the,3.783918
284,7,priest,11.750247
284,8,congratulated,19.095245
284,9,after,14.039472
284,10,the,1.660549
284,11,service,9.373295
284,12,.,2.224289
284,13,<eos>,-0.0
285,0,I,0.0
285,1,know,6.278276
285,2,that,2.352433
285,3,the,2.35511
285,4,man,8.492576
285,5,thinks,9.886786
285,6,the,3.783918
285,7,priest,11.750247
285,8,congratulated,19.095245
285,9,the,3.132913
285,10,couple,10.755983
285,11,after,7.611813
285,12,the,2.042081
285,13,service,11.152765
285,14,.,1.594613
285,15,<eos>,-0.0
286,0,I,0.0
286,1,know,6.278276
286,2,who,6.580016
286,3,the,5.056487
286,4,man,7.492087
286,5,thinks,8.431314
286,6,the,5.20266
286,7,priest,11.868578
286,8,congratulated,19.054014
286,9,after,9.46113
286,10,the,1.688298
286,11,service,9.9176
286,12,.,1.784133
286,13,<eos>,-0.0
287,0,I,0.0
287,1,know,6.278276
287,2,who,6.580016
287,3,the,5.056487
287,4,man,7.492087
287,5,thinks,8.431314
287,6,the,5.20266
287,7,priest,11.868578
287,8,congratulated,19.054014
287,9,the,4.671721
287,10,couple,11.255523
287,11,after,7.989334
287,12,the,2.01496
287,13,service,11.084656
287,14,.,1.478449
287,15,<eos>,-0.0
288,0,I,0.0
288,1,know,6.278276
288,2,that,2.352433
288,3,the,2.35511
288,4,man,8.492576
288,5,thinks,9.886786
288,6,the,3.783918
288,7,woman,8.084802
288,8,said,10.907943
288,9,the,4.66707
288,10,priest,11.50771
288,11,congratulated,18.663448
288,12,after,14.455945
288,13,the,1.851419
288,14,service,10.530919
288,15,.,1.603854
288,16,<eos>,-0.0
289,0,I,0.0
289,1,know,6.278276
289,2,that,2.352433
289,3,the,2.35511
289,4,man,8.492576
289,5,thinks,9.886786
289,6,the,3.783918
289,7,woman,8.084802
289,8,said,10.907943
289,9,the,4.66707
289,10,priest,11.50771
289,11,congratulated,18.663448
289,12,the,3.798264
289,13,couple,9.439381
289,14,after,7.815741
289,15,the,2.192301
289,16,service,12.115602
289,17,.,1.557509
289,18,<eos>,-0.0
290,0,I,0.0
290,1,know,6.278276
290,2,who,6.580016
290,3,the,5.056487
290,4,man,7.492087
290,5,thinks,8.431314
290,6,the,5.20266
290,7,woman,7.758025
290,8,said,8.990764
290,9,the,6.019263
290,10,priest,11.829043
290,11,congratulated,18.111738
290,12,after,9.646743
290,13,the,1.746632
290,14,service,10.685974
290,15,.,1.672101
290,16,<eos>,-0.0
291,0,I,0.0
291,1,know,6.278276
291,2,who,6.580016
291,3,the,5.056487
291,4,man,7.492087
291,5,thinks,8.431314
291,6,the,5.20266
291,7,woman,7.758025
291,8,said,8.990764
291,9,the,6.019263
291,10,priest,11.829043
291,11,congratulated,18.111738
291,12,the,4.210318
291,13,couple,9.41911
291,14,after,8.109828
291,15,the,2.17224
291,16,service,11.740301
291,17,.,1.523152
291,18,<eos>,-0.0
292,0,I,0.0
292,1,know,6.278276
292,2,that,2.352433
292,3,the,2.35511
292,4,man,8.492576
292,5,thinks,9.886786
292,6,the,3.783918
292,7,woman,8.084802
292,8,said,10.907943
292,9,she,3.032726
292,10,believed,10.1113
292,11,the,3.094792
292,12,priest,12.098188
292,13,congratulated,19.753109
292,14,after,14.281823
292,15,the,1.935151
292,16,service,10.771025
292,17,.,1.55934
292,18,<eos>,-0.0
293,0,I,0.0
293,1,know,6.278276
293,2,that,2.352433
293,3,the,2.35511
293,4,man,8.492576
293,5,thinks,9.886786
293,6,the,3.783918
293,7,woman,8.084802
293,8,said,10.907943
293,9,she,3.032726
293,10,believed,10.1113
293,11,the,3.094792
293,12,priest,12.098188
293,13,congratulated,19.753109
293,14,the,3.55287
293,15,couple,9.205382
293,16,after,8.005465
293,17,the,2.182626
293,18,service,12.452419
293,19,.,1.584667
293,20,<eos>,-0.0
294,0,I,0.0
294,1,know,6.278276
294,2,who,6.580016
294,3,the,5.056487
294,4,man,7.492087
294,5,thinks,8.431314
294,6,the,5.20266
294,7,woman,7.758025
294,8,said,8.990764
294,9,she,5.271996
294,10,believed,9.77658
294,11,the,5.661843
294,12,priest,12.052711
294,13,congratulated,18.61693
294,14,after,9.436912
294,15,the,2.031314
294,16,service,11.092726
294,17,.,1.792037
294,18,<eos>,-0.0
295,0,I,0.0
295,1,know,6.278276
295,2,who,6.580016
295,3,the,5.056487
295,4,man,7.492087
295,5,thinks,8.431314
295,6,the,5.20266
295,7,woman,7.758025
295,8,said,8.990764
295,9,she,5.271996
295,10,believed,9.77658
295,11,the,5.661843
295,12,priest,12.052711
295,13,congratulated,18.61693
295,14,the,4.769432
295,15,couple,9.218988
295,16,after,8.042528
295,17,the,2.286805
295,18,service,12.115627
295,19,.,1.469558
295,20,<eos>,-0.0
296,0,I,0.0
296,1,know,6.278276
296,2,that,2.352433
296,3,the,2.35511
296,4,man,8.492576
296,5,thinks,9.886786
296,6,the,3.783918
296,7,woman,8.084802
296,8,said,10.907943
296,9,she,3.032726
296,10,believed,10.1113
296,11,the,3.094792
296,12,priest,12.098188
296,13,congratulated,19.753109
296,14,after,14.281823
296,15,the,1.935151
296,16,service,10.771025
296,17,.,1.55934
296,18,<eos>,-0.0
297,0,I,0.0
297,1,know,6.278276
297,2,that,2.352433
297,3,the,2.35511
297,4,man,8.492576
297,5,thinks,9.886786
297,6,the,3.783918
297,7,woman,8.084802
297,8,said,10.907943
297,9,she,3.032726
297,10,believed,10.1113
297,11,the,3.094792
297,12,priest,12.098188
297,13,congratulated,19.753109
297,14,the,3.55287
297,15,couple,9.205382
297,16,after,8.005465
297,17,the,2.182626
297,18,service,12.452419
297,19,.,1.584667
297,20,<eos>,-0.0
298,0,I,0.0
298,1,know,6.278276
298,2,who,6.580016
298,3,the,5.056487
298,4,man,7.492087
298,5,thinks,8.431314
298,6,the,5.20266
298,7,woman,7.758025
298,8,said,8.990764
298,9,she,5.271996
298,10,believed,9.77658
298,11,the,5.661843
298,12,priest,12.052711
298,13,congratulated,18.61693
298,14,after,9.436912
298,15,the,2.031314
298,16,service,11.092726
298,17,.,1.792037
298,18,<eos>,-0.0
299,0,I,0.0
299,1,know,6.278276
299,2,who,6.580016
299,3,the,5.056487
299,4,man,7.492087
299,5,thinks,8.431314
299,6,the,5.20266
299,7,woman,7.758025
299,8,said,8.990764
299,9,she,5.271996
299,10,believed,9.77658
299,11,the,5.661843
299,12,priest,12.052711
299,13,congratulated,18.61693
299,14,the,4.769432
299,15,couple,9.218988
299,16,after,8.042528
299,17,the,2.286805
299,18,service,12.115627
299,19,.,1.469558
299,20,<eos>,-0.0
300,0,You,0.0
300,1,know,6.225534
300,2,that,3.970907
300,3,the,2.063794
300,4,young,9.309608
300,5,woman,4.543005
300,6,introduced,13.010439
300,7,to,4.734917
300,8,her,2.305364
300,9,mother,4.522765
300,10,.,6.948787
300,11,<eos>,-0.0
301,0,You,0.0
301,1,know,6.225534
301,2,that,3.970907
301,3,the,2.063794
301,4,young,9.309608
301,5,woman,4.543005
301,6,introduced,13.010439
301,7,her,2.624811
301,8,friend,11.95243
301,9,to,2.652849
301,10,her,2.710479
301,11,mother,3.939029
301,12,.,2.292441
301,13,<eos>,-0.0
302,0,You,0.0
302,1,know,6.225534
302,2,who,7.834128
302,3,the,4.899722
302,4,young,9.266635
302,5,woman,5.496605
302,6,introduced,13.582562
302,7,to,2.625596
302,8,her,2.187747
302,9,mother,4.404984
302,10,.,1.681977
302,11,<eos>,-0.0
303,0,You,0.0
303,1,know,6.225534
303,2,who,7.834128
303,3,the,4.899722
303,4,young,9.266635
303,5,woman,5.496605
303,6,introduced,13.582562
303,7,her,5.940876
303,8,friend,10.456882
303,9,to,2.542513
303,10,her,3.22996
303,11,mother,3.985135
303,12,.,1.535622
303,13,<eos>,-0.0
304,0,You,0.0
304,1,know,6.225534
304,2,that,3.970907
304,3,we,6.976933
304,4,all,7.039507
304,5,believe,7.705782
304,6,the,3.423167
304,7,young,10.198137
304,8,woman,4.605494
304,9,introduced,15.072932
304,10,to,3.566872
304,11,her,2.81229
304,12,mother,5.762066
304,13,.,4.66593
304,14,<eos>,-0.0
305,0,You,0.0
305,1,know,6.225534
305,2,that,3.970907
305,3,we,6.976933
305,4,all,7.039507
305,5,believe,7.705782
305,6,the,3.423167
305,7,young,10.198137
305,8,woman,4.605494
305,9,introduced,15.072932
305,10,her,3.768108
305,11,friend,12.941019
305,12,to,2.480216
305,13,her,2.816816
305,14,mother,4.69647
305,15,.,1.850045
305,16,<eos>,-0.0
306,0,You,0.0
306,1,know,6.225534
306,2,who,7.834128
306,3,we,7.422175
306,4,all,7.298488
306,5,believe,7.072744
306,6,the,7.332662
306,7,young,9.62687
306,8,woman,5.439695
306,9,introduced,14.583961
306,10,to,4.200721
306,11,her,2.736419
306,12,mother,5.555532
306,13,.,2.779064
306,14,<eos>,-0.0
307,0,You,0.0
307,1,know,6.225534
307,2,who,7.834128
307,3,we,7.422175
307,4,all,7.298488
307,5,believe,7.072744
307,6,the,7.332662
307,7,young,9.62687
307,8,woman,5.439695
307,9,introduced,14.583961
307,10,her,3.316894
307,11,friend,12.398538
307,12,to,2.57558
307,13,her,3.01739
307,14,mother,4.493182
307,15,.,1.597636
307,16,<eos>,-0.0
308,0,You,0.0
308,1,know,6.225534
308,2,that,3.970907
308,3,we,6.976933
308,4,all,7.039507
308,5,believe,7.705782
308,6,she,9.15129
308,7,thought,10.945172
308,8,the,3.118791
308,9,young,9.216683
308,10,woman,2.494995
308,11,introduced,14.513013
308,12,to,3.815793
308,13,her,2.204267
308,14,mother,5.426441
308,15,.,3.745371
308,16,<eos>,-0.0
309,0,You,0.0
309,1,know,6.225534
309,2,that,3.970907
309,3,we,6.976933
309,4,all,7.039507
309,5,believe,7.705782
309,6,she,9.15129
309,7,thought,10.945172
309,8,the,3.118791
309,9,young,9.216683
309,10,woman,2.494995
309,11,introduced,14.513013
309,12,her,3.120873
309,13,friend,12.73616
309,14,to,2.666213
309,15,her,2.604876
309,16,mother,4.957015
309,17,.,1.671367
309,18,<eos>,-0.0
310,0,You,0.0
310,1,know,6.225534
310,2,who,7.834128
310,3,we,7.422175
310,4,all,7.298488
310,5,believe,7.072744
310,6,she,11.845207
310,7,thought,10.908528
310,8,the,4.498666
310,9,young,9.010237
310,10,woman,3.340351
310,11,introduced,13.96599
310,12,to,5.157653
310,13,her,2.56131
310,14,mother,5.475224
310,15,.,3.17154
310,16,<eos>,-0.0
311,0,You,0.0
311,1,know,6.225534
311,2,who,7.834128
311,3,we,7.422175
311,4,all,7.298488
311,5,believe,7.072744
311,6,she,11.845207
311,7,thought,10.908528
311,8,the,4.498666
311,9,young,9.010237
311,10,woman,3.340351
311,11,introduced,13.96599
311,12,her,2.937818
311,13,friend,12.020528
311,14,to,2.714927
311,15,her,2.904714
311,16,mother,4.720847
311,17,.,1.445498
311,18,<eos>,-0.0
312,0,You,0.0
312,1,know,6.225534
312,2,that,3.970907
312,3,we,6.976933
312,4,all,7.039507
312,5,believe,7.705782
312,6,she,9.15129
312,7,thought,10.945172
312,8,he,5.430739
312,9,said,10.212052
312,10,the,3.911805
312,11,young,10.120242
312,12,woman,3.778814
312,13,introduced,13.402144
312,14,to,4.971478
312,15,her,1.944269
312,16,mother,5.606148
312,17,.,3.299591
312,18,<eos>,-0.0
313,0,You,0.0
313,1,know,6.225534
313,2,that,3.970907
313,3,we,6.976933
313,4,all,7.039507
313,5,believe,7.705782
313,6,she,9.15129
313,7,thought,10.945172
313,8,he,5.430739
313,9,said,10.212052
313,10,the,3.911805
313,11,young,10.120242
313,12,woman,3.778814
313,13,introduced,13.402144
313,14,her,2.484138
313,15,friend,12.98109
313,16,to,2.59628
313,17,her,2.5635
313,18,mother,4.846526
313,19,.,1.465765
313,20,<eos>,-0.0
314,0,You,0.0
314,1,know,6.225534
314,2,who,7.834128
314,3,we,7.422175
314,4,all,7.298488
314,5,believe,7.072744
314,6,she,11.845207
314,7,thought,10.908528
314,8,he,7.087846
314,9,said,9.303167
314,10,the,4.624491
314,11,young,9.591347
314,12,woman,4.322566
314,13,introduced,13.089071
314,14,to,5.117555
314,15,her,2.16994
314,16,mother,5.543436
314,17,.,3.422261
314,18,<eos>,-0.0
315,0,You,0.0
315,1,know,6.225534
315,2,who,7.834128
315,3,we,7.422175
315,4,all,7.298488
315,5,believe,7.072744
315,6,she,11.845207
315,7,thought,10.908528
315,8,he,7.087846
315,9,said,9.303167
315,10,the,4.624491
315,11,young,9.591347
315,12,woman,4.322566
315,13,introduced,13.089071
315,14,her,2.578512
315,15,friend,12.396667
315,16,to,2.640527
315,17,her,2.740743
315,18,mother,4.67367
315,19,.,1.471148
315,20,<eos>,-0.0
316,0,You,0.0
316,1,know,6.225534
316,2,that,3.970907
316,3,we,6.976933
316,4,all,7.039507
316,5,believe,7.705782
316,6,she,9.15129
316,7,thought,10.945172
316,8,he,5.430739
316,9,said,10.212052
316,10,the,3.911805
316,11,young,10.120242
316,12,woman,3.778814
316,13,introduced,13.402144
316,14,to,4.971478
316,15,her,1.944269
316,16,mother,5.606148
316,17,.,3.299591
316,18,<eos>,-0.0
317,0,You,0.0
317,1,know,6.225534
317,2,that,3.970907
317,3,we,6.976933
317,4,all,7.039507
317,5,believe,7.705782
317,6,she,9.15129
317,7,thought,10.945172
317,8,he,5.430739
317,9,said,10.212052
317,10,the,3.911805
317,11,young,10.120242
317,12,woman,3.778814
317,13,introduced,13.402144
317,14,her,2.484138
317,15,friend,12.98109
317,16,to,2.59628
317,17,her,2.5635
317,18,mother,4.846526
317,19,.,1.465765
317,20,<eos>,-0.0
318,0,You,0.0
318,1,know,6.225534
318,2,who,7.834128
318,3,we,7.422175
318,4,all,7.298488
318,5,believe,7.072744
318,6,she,11.845207
318,7,thought,10.908528
318,8,he,7.087846
318,9,said,9.303167
318,10,the,4.624491
318,11,young,9.591347
318,12,woman,4.322566
318,13,introduced,13.089071
318,14,to,5.117555
318,15,her,2.16994
318,16,mother,5.543436
318,17,.,3.422261
318,18,<eos>,-0.0
319,0,You,0.0
319,1,know,6.225534
319,2,who,7.834128
319,3,we,7.422175
319,4,all,7.298488
319,5,believe,7.072744
319,6,she,11.845207
319,7,thought,10.908528
319,8,he,7.087846
319,9,said,9.303167
319,10,the,4.624491
319,11,young,9.591347
319,12,woman,4.322566
319,13,introduced,13.089071
319,14,her,2.578512
319,15,friend,12.396667
319,16,to,2.640527
319,17,her,2.740743
319,18,mother,4.67367
319,19,.,1.471148
319,20,<eos>,-0.0
320,0,He,0.0
320,1,knows,11.52312
320,2,that,2.297416
320,3,the,2.267236
320,4,police,8.530047
320,5,interrogated,15.367977
320,6,in,10.634045
320,7,the,1.765696
320,8,prison,7.475907
320,9,.,3.167866
320,10,<eos>,-0.0
321,0,He,0.0
321,1,knows,11.52312
321,2,that,2.297416
321,3,the,2.267236
321,4,police,8.530047
321,5,interrogated,15.367977
321,6,the,3.771311
321,7,spy,9.783278
321,8,in,5.577624
321,9,the,2.15576
321,10,prison,7.269062
321,11,.,2.298355
321,12,<eos>,-0.0
322,0,He,0.0
322,1,knows,11.52312
322,2,who,6.622077
322,3,the,4.020604
322,4,police,8.129345
322,5,interrogated,15.314926
322,6,in,5.704032
322,7,the,1.561589
322,8,prison,7.16632
322,9,.,1.755959
322,10,<eos>,-0.0
323,0,He,0.0
323,1,knows,11.52312
323,2,who,6.622077
323,3,the,4.020604
323,4,police,8.129345
323,5,interrogated,15.314926
323,6,the,5.109066
323,7,spy,11.150863
323,8,in,6.00984
323,9,the,1.695414
323,10,prison,7.197583
323,11,.,1.845601
323,12,<eos>,-0.0
324,0,He,0.0
324,1,knows,11.52312
324,2,that,2.297416
324,3,the,2.267236
324,4,inspector,15.041479
324,5,said,10.898587
324,6,the,3.257384
324,7,police,6.192225
324,8,interrogated,12.334696
324,9,in,11.025249
324,10,the,1.550003
324,11,prison,7.092016
324,12,.,2.477805
324,13,<eos>,-0.0
325,0,He,0.0
325,1,knows,11.52312
325,2,that,2.297416
325,3,the,2.267236
325,4,inspector,15.041479
325,5,said,10.898587
325,6,the,3.257384
325,7,police,6.192225
325,8,interrogated,12.334696
325,9,the,3.916313
325,10,spy,9.63064
325,11,in,5.2882
325,12,the,2.329681
325,13,prison,7.425447
325,14,.,2.126451
325,15,<eos>,-0.0
326,0,He,0.0
326,1,knows,11.52312
326,2,who,6.622077
326,3,the,4.020604
326,4,inspector,13.512759
326,5,said,9.978379
326,6,the,5.05689
326,7,police,6.587899
326,8,interrogated,11.635743
326,9,in,10.08474
326,10,the,1.558099
326,11,prison,7.019809
326,12,.,1.936091
326,13,<eos>,-0.0
327,0,He,0.0
327,1,knows,11.52312
327,2,who,6.622077
327,3,the,4.020604
327,4,inspector,13.512759
327,5,said,9.978379
327,6,the,5.05689
327,7,police,6.587899
327,8,interrogated,11.635743
327,9,the,3.951425
327,10,spy,9.676913
327,11,in,5.69557
327,12,the,2.131479
327,13,prison,7.1556
327,14,.,1.891443
327,15,<eos>,-0.0
328,0,He,0.0
328,1,knows,11.52312
328,2,that,2.297416
328,3,the,2.267236
328,4,inspector,15.041479
328,5,said,10.898587
328,6,the,3.257384
328,7,man,5.92521
328,8,reported,13.39818
328,9,the,3.787629
328,10,police,8.294675
328,11,interrogated,12.190723
328,12,in,6.042512
328,13,the,1.763824
328,14,prison,6.724714
328,15,.,1.944266
328,16,<eos>,-0.0
329,0,He,0.0
329,1,knows,11.52312
329,2,that,2.297416
329,3,the,2.267236
329,4,inspector,15.041479
329,5,said,10.898587
329,6,the,3.257384
329,7,man,5.92521
329,8,reported,13.39818
329,9,the,3.787629
329,10,police,8.294675
329,11,interrogated,12.190723
329,12,the,3.931265
329,13,spy,10.429685
329,14,in,5.466354
329,15,the,2.330339
329,16,prison,7.689542
329,17,.,2.172754
329,18,<eos>,-0.0
330,0,He,0.0
330,1,knows,11.52312
330,2,who,6.622077
330,3,the,4.020604
330,4,inspector,13.512759
330,5,said,9.978379
330,6,the,5.05689
330,7,man,5.892483
330,8,reported,12.610765
330,9,the,3.99553
330,10,police,8.172667
330,11,interrogated,11.88437
330,12,in,5.424547
330,13,the,1.734474
330,14,prison,6.717166
330,15,.,1.697732
330,16,<eos>,-0.0
331,0,He,0.0
331,1,knows,11.52312
331,2,who,6.622077
331,3,the,4.020604
331,4,inspector,13.512759
331,5,said,9.978379
331,6,the,5.05689
331,7,man,5.892483
331,8,reported,12.610765
331,9,the,3.99553
331,10,police,8.172667
331,11,interrogated,11.88437
331,12,the,4.101962
331,13,spy,10.721767
331,14,in,5.572042
331,15,the,2.215624
331,16,prison,7.585874
331,17,.,2.077684
331,18,<eos>,-0.0
332,0,He,0.0
332,1,knows,11.52312
332,2,that,2.297416
332,3,the,2.267236
332,4,inspector,15.041479
332,5,said,10.898587
332,6,the,3.257384
332,7,man,5.92521
332,8,reported,13.39818
332,9,he,4.681043
332,10,thought,9.29265
332,11,the,2.808826
332,12,police,5.427962
332,13,interrogated,13.207142
332,14,in,8.837178
332,15,the,1.664802
332,16,prison,7.244542
332,17,.,2.022991
332,18,<eos>,-0.0
333,0,He,0.0
333,1,knows,11.52312
333,2,that,2.297416
333,3,the,2.267236
333,4,inspector,15.041479
333,5,said,10.898587
333,6,the,3.257384
333,7,man,5.92521
333,8,reported,13.39818
333,9,he,4.681043
333,10,thought,9.29265
333,11,the,2.808826
333,12,police,5.427962
333,13,interrogated,13.207142
333,14,the,3.916736
333,15,spy,9.460635
333,16,in,5.57496
333,17,the,2.369653
333,18,prison,7.915129
333,19,.,2.028351
333,20,<eos>,-0.0
334,0,He,0.0
334,1,knows,11.52312
334,2,who,6.622077
334,3,the,4.020604
334,4,inspector,13.512759
334,5,said,9.978379
334,6,the,5.05689
334,7,man,5.892483
334,8,reported,12.610765
334,9,he,4.612526
334,10,thought,9.358476
334,11,the,2.67407
334,12,police,5.629478
334,13,interrogated,13.171322
334,14,in,8.600945
334,15,the,1.624822
334,16,prison,7.246191
334,17,.,1.768751
334,18,<eos>,-0.0
335,0,He,0.0
335,1,knows,11.52312
335,2,who,6.622077
335,3,the,4.020604
335,4,inspector,13.512759
335,5,said,9.978379
335,6,the,5.05689
335,7,man,5.892483
335,8,reported,12.610765
335,9,he,4.612526
335,10,thought,9.358476
335,11,the,2.67407
335,12,police,5.629478
335,13,interrogated,13.171322
335,14,the,3.889589
335,15,spy,9.577605
335,16,in,5.628131
335,17,the,2.270776
335,18,prison,7.901388
335,19,.,1.906598
335,20,<eos>,-0.0
336,0,He,0.0
336,1,knows,11.52312
336,2,that,2.297416
336,3,the,2.267236
336,4,inspector,15.041479
336,5,said,10.898587
336,6,the,3.257384
336,7,man,5.92521
336,8,reported,13.39818
336,9,he,4.681043
336,10,thought,9.29265
336,11,the,2.808826
336,12,police,5.427962
336,13,interrogated,13.207142
336,14,in,8.837178
336,15,the,1.664802
336,16,prison,7.244542
336,17,.,2.022991
336,18,<eos>,-0.0
337,0,He,0.0
337,1,knows,11.52312
337,2,that,2.297416
337,3,the,2.267236
337,4,inspector,15.041479
337,5,said,10.898587
337,6,the,3.257384
337,7,man,5.92521
337,8,reported,13.39818
337,9,he,4.681043
337,10,thought,9.29265
337,11,the,2.808826
337,12,police,5.427962
337,13,interrogated,13.207142
337,14,the,3.916736
337,15,spy,9.460635
337,16,in,5.57496
337,17,the,2.369653
337,18,prison,7.915129
337,19,.,2.028351
337,20,<eos>,-0.0
338,0,He,0.0
338,1,knows,11.52312
338,2,who,6.622077
338,3,the,4.020604
338,4,inspector,13.512759
338,5,said,9.978379
338,6,the,5.05689
338,7,man,5.892483
338,8,reported,12.610765
338,9,he,4.612526
338,10,thought,9.358476
338,11,the,2.67407
338,12,police,5.629478
338,13,interrogated,13.171322
338,14,in,8.600945
338,15,the,1.624822
338,16,prison,7.246191
338,17,.,1.768751
338,18,<eos>,-0.0
339,0,He,0.0
339,1,knows,11.52312
339,2,who,6.622077
339,3,the,4.020604
339,4,inspector,13.512759
339,5,said,9.978379
339,6,the,5.05689
339,7,man,5.892483
339,8,reported,12.610765
339,9,he,4.612526
339,10,thought,9.358476
339,11,the,2.67407
339,12,police,5.629478
339,13,interrogated,13.171322
339,14,the,3.889589
339,15,spy,9.577605
339,16,in,5.628131
339,17,the,2.270776
339,18,prison,7.901388
339,19,.,1.906598
339,20,<eos>,-0.0
340,0,She,0.0
340,1,knows,11.608641
340,2,that,2.279035
340,3,the,2.521865
340,4,woman,6.550632
340,5,thanked,17.296537
340,6,after,12.288785
340,7,the,2.094999
340,8,meal,8.445525
340,9,.,4.800988
340,10,<eos>,-0.0
341,0,She,0.0
341,1,knows,11.608641
341,2,that,2.279035
341,3,the,2.521865
341,4,woman,6.550632
341,5,thanked,17.296537
341,6,the,3.243613
341,7,waitress,14.330894
341,8,after,8.484184
341,9,the,2.778133
341,10,meal,6.940241
341,11,.,1.151605
341,12,<eos>,-0.0
342,0,She,0.0
342,1,knows,11.608641
342,2,who,6.4446
342,3,the,4.386521
342,4,woman,5.698281
342,5,thanked,18.249916
342,6,after,9.609742
342,7,the,1.976931
342,8,meal,8.668841
342,9,.,1.063809
342,10,<eos>,-0.0
343,0,She,0.0
343,1,knows,11.608641
343,2,who,6.4446
343,3,the,4.386521
343,4,woman,5.698281
343,5,thanked,18.249916
343,6,the,3.873989
343,7,waitress,13.898626
343,8,after,7.89972
343,9,the,2.476293
343,10,meal,6.500116
343,11,.,0.777434
343,12,<eos>,-0.0
344,0,She,0.0
344,1,knows,11.608641
344,2,that,2.279035
344,3,the,2.521865
344,4,waiter,16.7216
344,5,said,11.355186
344,6,the,3.737786
344,7,woman,6.385749
344,8,thanked,15.315066
344,9,after,13.453835
344,10,the,2.217929
344,11,meal,6.76235
344,12,.,2.424475
344,13,<eos>,-0.0
345,0,She,0.0
345,1,knows,11.608641
345,2,that,2.279035
345,3,the,2.521865
345,4,waiter,16.7216
345,5,said,11.355186
345,6,the,3.737786
345,7,woman,6.385749
345,8,thanked,15.315066
345,9,the,3.328419
345,10,waitress,11.191287
345,11,after,7.921127
345,12,the,2.75003
345,13,meal,6.113727
345,14,.,1.033818
345,15,<eos>,-0.0
346,0,She,0.0
346,1,knows,11.608641
346,2,who,6.4446
346,3,the,4.386521
346,4,waiter,15.07773
346,5,said,10.911545
346,6,the,5.578625
346,7,woman,6.086536
346,8,thanked,15.95819
346,9,after,14.177771
346,10,the,2.145502
346,11,meal,6.669118
346,12,.,1.313258
346,13,<eos>,-0.0
347,0,She,0.0
347,1,knows,11.608641
347,2,who,6.4446
347,3,the,4.386521
347,4,waiter,15.07773
347,5,said,10.911545
347,6,the,5.578625
347,7,woman,6.086536
347,8,thanked,15.95819
347,9,the,3.225794
347,10,waitress,11.461258
347,11,after,8.399032
347,12,the,2.789806
347,13,meal,6.083834
347,14,.,0.786661
347,15,<eos>,-0.0
348,0,She,0.0
348,1,knows,11.608641
348,2,that,2.279035
348,3,the,2.521865
348,4,waiter,16.7216
348,5,said,11.355186
348,6,the,3.737786
348,7,woman,6.385749
348,8,believed,10.06792
348,9,the,3.608701
348,10,woman,5.62046
348,11,thanked,17.012569
348,12,after,12.04436
348,13,the,2.14932
348,14,meal,7.31978
348,15,.,2.408965
348,16,<eos>,-0.0
349,0,She,0.0
349,1,knows,11.608641
349,2,that,2.279035
349,3,the,2.521865
349,4,waiter,16.7216
349,5,said,11.355186
349,6,the,3.737786
349,7,woman,6.385749
349,8,believed,10.06792
349,9,the,3.608701
349,10,woman,5.62046
349,11,thanked,17.012569
349,12,the,3.36676
349,13,waitress,12.22799
349,14,after,7.912368
349,15,the,2.519046
349,16,meal,6.547441
349,17,.,0.952324
349,18,<eos>,-0.0
350,0,She,0.0
350,1,knows,11.608641
350,2,who,6.4446
350,3,the,4.386521
350,4,waiter,15.07773
350,5,said,10.911545
350,6,the,5.578625
350,7,woman,6.086536
350,8,believed,10.492447
350,9,the,3.431304
350,10,woman,5.541318
350,11,thanked,17.421297
350,12,after,12.768271
350,13,the,2.055501
350,14,meal,7.445731
350,15,.,1.456247
350,16,<eos>,-0.0
351,0,She,0.0
351,1,knows,11.608641
351,2,who,6.4446
351,3,the,4.386521
351,4,waiter,15.07773
351,5,said,10.911545
351,6,the,5.578625
351,7,woman,6.086536
351,8,believed,10.492447
351,9,the,3.431304
351,10,woman,5.541318
351,11,thanked,17.421297
351,12,the,3.220399
351,13,waitress,12.54314
351,14,after,8.266733
351,15,the,2.531849
351,16,meal,6.649873
351,17,.,0.742797
351,18,<eos>,-0.0
352,0,She,0.0
352,1,knows,11.608641
352,2,that,2.279035
352,3,the,2.521865
352,4,waiter,16.7216
352,5,said,11.355186
352,6,the,3.737786
352,7,woman,6.385749
352,8,believed,10.06792
352,9,she,3.259094
352,10,remembered,15.580294
352,11,the,2.606574
352,12,woman,5.950575
352,13,thanked,17.899073
352,14,after,9.590214
352,15,the,2.437256
352,16,meal,7.24627
352,17,.,1.004377
352,18,<eos>,-0.0
353,0,She,0.0
353,1,knows,11.608641
353,2,that,2.279035
353,3,the,2.521865
353,4,waiter,16.7216
353,5,said,11.355186
353,6,the,3.737786
353,7,woman,6.385749
353,8,believed,10.06792
353,9,she,3.259094
353,10,remembered,15.580294
353,11,the,2.606574
353,12,woman,5.950575
353,13,thanked,17.899073
353,14,the,3.92546
353,15,waitress,12.064365
353,16,after,8.170367
353,17,the,2.684643
353,18,meal,6.617115
353,19,.,0.802743
353,20,<eos>,-0.0
354,0,She,0.0
354,1,knows,11.608641
354,2,who,6.4446
354,3,the,4.386521
354,4,waiter,15.07773
354,5,said,10.911545
354,6,the,5.578625
354,7,woman,6.086536
354,8,believed,10.492447
354,9,she,2.94115
354,10,remembered,15.275301
354,11,the,2.541576
354,12,woman,5.726219
354,13,thanked,18.225491
354,14,after,9.452692
354,15,the,2.348841
354,16,meal,7.491001
354,17,.,0.80939
354,18,<eos>,-0.0
355,0,She,0.0
355,1,knows,11.608641
355,2,who,6.4446
355,3,the,4.386521
355,4,waiter,15.07773
355,5,said,10.911545
355,6,the,5.578625
355,7,woman,6.086536
355,8,believed,10.492447
355,9,she,2.94115
355,10,remembered,15.275301
355,11,the,2.541576
355,12,woman,5.726219
355,13,thanked,18.225491
355,14,the,3.976752
355,15,waitress,12.5193
355,16,after,8.339031
355,17,the,2.637206
355,18,meal,6.73252
355,19,.,0.702369
355,20,<eos>,-0.0
356,0,She,0.0
356,1,knows,11.608641
356,2,that,2.279035
356,3,the,2.521865
356,4,waiter,16.7216
356,5,said,11.355186
356,6,the,3.737786
356,7,woman,6.385749
356,8,believed,10.06792
356,9,she,3.259094
356,10,remembered,15.580294
356,11,the,2.606574
356,12,woman,5.950575
356,13,thanked,17.899073
356,14,after,9.590214
356,15,the,2.437256
356,16,meal,7.24627
356,17,.,1.004377
356,18,<eos>,-0.0
357,0,She,0.0
357,1,knows,11.608641
357,2,that,2.279035
357,3,the,2.521865
357,4,waiter,16.7216
357,5,said,11.355186
357,6,the,3.737786
357,7,woman,6.385749
357,8,believed,10.06792
357,9,she,3.259094
357,10,remembered,15.580294
357,11,the,2.606574
357,12,woman,5.950575
357,13,thanked,17.899073
357,14,the,3.92546
357,15,waitress,12.064365
357,16,after,8.170367
357,17,the,2.684643
357,18,meal,6.617115
357,19,.,0.802743
357,20,<eos>,-0.0
358,0,She,0.0
358,1,knows,11.608641
358,2,who,6.4446
358,3,the,4.386521
358,4,waiter,15.07773
358,5,said,10.911545
358,6,the,5.578625
358,7,woman,6.086536
358,8,believed,10.492447
358,9,she,2.94115
358,10,remembered,15.275301
358,11,the,2.541576
358,12,woman,5.726219
358,13,thanked,18.225491
358,14,after,9.452692
358,15,the,2.348841
358,16,meal,7.491001
358,17,.,0.80939
358,18,<eos>,-0.0
359,0,She,0.0
359,1,knows,11.608641
359,2,who,6.4446
359,3,the,4.386521
359,4,waiter,15.07773
359,5,said,10.911545
359,6,the,5.578625
359,7,woman,6.086536
359,8,believed,10.492447
359,9,she,2.94115
359,10,remembered,15.275301
359,11,the,2.541576
359,12,woman,5.726219
359,13,thanked,18.225491
359,14,the,3.976752
359,15,waitress,12.5193
359,16,after,8.339031
359,17,the,2.637206
359,18,meal,6.73252
359,19,.,0.702369
359,20,<eos>,-0.0
360,0,They,0.0
360,1,know,9.486106
360,2,that,2.169621
360,3,the,1.87231
360,4,nurse,15.349316
360,5,reassured,17.707979
360,6,at,12.962134
360,7,the,1.02234
360,8,hospital,6.726737
360,9,.,7.319439
360,10,<eos>,-0.0
361,0,They,0.0
361,1,know,9.486106
361,2,that,2.169621
361,3,the,1.87231
361,4,nurse,15.349316
361,5,reassured,17.707979
361,6,the,2.208862
361,7,old,10.186506
361,8,woman,3.696013
361,9,at,7.9583
361,10,the,1.492477
361,11,hospital,4.266853
361,12,.,4.224935
361,13,<eos>,-0.0
362,0,They,0.0
362,1,know,9.486106
362,2,who,7.200986
362,3,the,4.435805
362,4,nurse,14.006237
362,5,reassured,17.669611
362,6,at,10.091356
362,7,the,0.862079
362,8,hospital,8.390504
362,9,.,1.670791
362,10,<eos>,-0.0
363,0,They,0.0
363,1,know,9.486106
363,2,who,7.200986
363,3,the,4.435805
363,4,nurse,14.006237
363,5,reassured,17.669611
363,6,the,2.457707
363,7,old,9.741938
363,8,woman,3.572973
363,9,at,6.797287
363,10,the,1.103585
363,11,hospital,5.50686
363,12,.,1.159811
363,13,<eos>,-0.0
364,0,They,0.0
364,1,know,9.486106
364,2,that,2.169621
364,3,the,1.87231
364,4,doctor,12.126802
364,5,believed,8.783647
364,6,the,3.312144
364,7,nurse,9.931621
364,8,reassured,17.047253
364,9,at,14.605419
364,10,the,1.015309
364,11,hospital,5.122292
364,12,.,7.465898
364,13,<eos>,-0.0
365,0,They,0.0
365,1,know,9.486106
365,2,that,2.169621
365,3,the,1.87231
365,4,doctor,12.126802
365,5,believed,8.783647
365,6,the,3.312144
365,7,nurse,9.931621
365,8,reassured,17.047253
365,9,the,2.73024
365,10,old,10.649534
365,11,woman,3.446631
365,12,at,8.698319
365,13,the,1.46101
365,14,hospital,3.053523
365,15,.,4.93695
365,16,<eos>,-0.0
366,0,They,0.0
366,1,know,9.486106
366,2,who,7.200986
366,3,the,4.435805
366,4,doctor,11.182167
366,5,believed,9.06979
366,6,the,4.654794
366,7,nurse,9.884974
366,8,reassured,17.049658
366,9,at,11.963365
366,10,the,0.639637
366,11,hospital,4.99751
366,12,.,1.571032
366,13,<eos>,-0.0
367,0,They,0.0
367,1,know,9.486106
367,2,who,7.200986
367,3,the,4.435805
367,4,doctor,11.182167
367,5,believed,9.06979
367,6,the,4.654794
367,7,nurse,9.884974
367,8,reassured,17.049658
367,9,the,3.066512
367,10,old,10.952123
367,11,woman,3.549868
367,12,at,6.874177
367,13,the,1.161352
367,14,hospital,3.544954
367,15,.,1.111421
367,16,<eos>,-0.0
368,0,They,0.0
368,1,know,9.486106
368,2,that,2.169621
368,3,the,1.87231
368,4,doctor,12.126802
368,5,believed,8.783647
368,6,the,3.312144
368,7,man,7.551149
368,8,said,12.059078
368,9,the,4.675224
368,10,nurse,9.256444
368,11,reassured,16.386757
368,12,at,14.153401
368,13,the,0.990103
368,14,hospital,6.047906
368,15,.,5.771533
368,16,<eos>,-0.0
369,0,They,0.0
369,1,know,9.486106
369,2,that,2.169621
369,3,the,1.87231
369,4,doctor,12.126802
369,5,believed,8.783647
369,6,the,3.312144
369,7,man,7.551149
369,8,said,12.059078
369,9,the,4.675224
369,10,nurse,9.256444
369,11,reassured,16.386757
369,12,the,2.803231
369,13,old,10.188859
369,14,woman,3.923968
369,15,at,7.668441
369,16,the,1.337473
369,17,hospital,3.412542
369,18,.,2.722182
369,19,<eos>,-0.0
370,0,They,0.0
370,1,know,9.486106
370,2,who,7.200986
370,3,the,4.435805
370,4,doctor,11.182167
370,5,believed,9.06979
370,6,the,4.654794
370,7,man,7.417821
370,8,said,10.665816
370,9,the,6.064116
370,10,nurse,9.368561
370,11,reassured,15.85145
370,12,at,14.339972
370,13,the,0.934256
370,14,hospital,5.962875
370,15,.,4.122623
370,16,<eos>,-0.0
371,0,They,0.0
371,1,know,9.486106
371,2,who,7.200986
371,3,the,4.435805
371,4,doctor,11.182167
371,5,believed,9.06979
371,6,the,4.654794
371,7,man,7.417821
371,8,said,10.665816
371,9,the,6.064116
371,10,nurse,9.368561
371,11,reassured,15.85145
371,12,the,2.877994
371,13,old,10.430281
371,14,woman,4.072806
371,15,at,7.637727
371,16,the,1.318588
371,17,hospital,3.320274
371,18,.,1.76606
371,19,<eos>,-0.0
372,0,They,0.0
372,1,know,9.486106
372,2,that,2.169621
372,3,the,1.87231
372,4,doctor,12.126802
372,5,believed,8.783647
372,6,the,3.312144
372,7,man,7.551149
372,8,said,12.059078
372,9,he,3.211528
372,10,thought,9.212198
372,11,the,2.8634
372,12,nurse,10.7204
372,13,reassured,17.344168
372,14,at,14.944563
372,15,the,1.038155
372,16,hospital,5.700422
372,17,.,6.500119
372,18,<eos>,-0.0
373,0,They,0.0
373,1,know,9.486106
373,2,that,2.169621
373,3,the,1.87231
373,4,doctor,12.126802
373,5,believed,8.783647
373,6,the,3.312144
373,7,man,7.551149
373,8,said,12.059078
373,9,he,3.211528
373,10,thought,9.212198
373,11,the,2.8634
373,12,nurse,10.7204
373,13,reassured,17.344168
373,14,the,3.328807
373,15,old,10.359499
373,16,woman,4.120356
373,17,at,8.1143
373,18,the,1.392215
373,19,hospital,3.414517
373,20,.,3.743644
373,21,<eos>,-0.0
374,0,They,0.0
374,1,know,9.486106
374,2,who,7.200986
374,3,the,4.435805
374,4,doctor,11.182167
374,5,believed,9.06979
374,6,the,4.654794
374,7,man,7.417821
374,8,said,10.665816
374,9,he,5.024565
374,10,thought,9.140497
374,11,the,3.169319
374,12,nurse,11.308175
374,13,reassured,17.030977
374,14,at,14.893279
374,15,the,0.880929
374,16,hospital,5.715427
374,17,.,3.743741
374,18,<eos>,-0.0
375,0,They,0.0
375,1,know,9.486106
375,2,who,7.200986
375,3,the,4.435805
375,4,doctor,11.182167
375,5,believed,9.06979
375,6,the,4.654794
375,7,man,7.417821
375,8,said,10.665816
375,9,he,5.024565
375,10,thought,9.140497
375,11,the,3.169319
375,12,nurse,11.308175
375,13,reassured,17.030977
375,14,the,3.271096
375,15,old,10.391582
375,16,woman,4.172064
375,17,at,7.497238
375,18,the,1.336728
375,19,hospital,3.358739
375,20,.,1.681757
375,21,<eos>,-0.0
376,0,They,0.0
376,1,know,9.486106
376,2,that,2.169621
376,3,the,1.87231
376,4,doctor,12.126802
376,5,believed,8.783647
376,6,the,3.312144
376,7,man,7.551149
376,8,said,12.059078
376,9,he,3.211528
376,10,thought,9.212198
376,11,the,2.8634
376,12,nurse,10.7204
376,13,reassured,17.344168
376,14,at,14.944563
376,15,the,1.038155
376,16,hospital,5.700422
376,17,.,6.500119
376,18,<eos>,-0.0
377,0,They,0.0
377,1,know,9.486106
377,2,that,2.169621
377,3,the,1.87231
377,4,doctor,12.126802
377,5,believed,8.783647
377,6,the,3.312144
377,7,man,7.551149
377,8,said,12.059078
377,9,he,3.211528
377,10,thought,9.212198
377,11,the,2.8634
377,12,nurse,10.7204
377,13,reassured,17.344168
377,14,the,3.328807
377,15,old,10.359499
377,16,woman,4.120356
377,17,at,8.1143
377,18,the,1.392215
377,19,hospital,3.414517
377,20,.,3.743644
377,21,<eos>,-0.0
378,0,They,0.0
378,1,know,9.486106
378,2,who,7.200986
378,3,the,4.435805
378,4,doctor,11.182167
378,5,believed,9.06979
378,6,the,4.654794
378,7,man,7.417821
378,8,said,10.665816
378,9,he,5.024565
378,10,thought,9.140497
378,11,the,3.169319
378,12,nurse,11.308175
378,13,reassured,17.030977
378,14,at,14.893279
378,15,the,0.880929
378,16,hospital,5.715427
378,17,.,3.743741
378,18,<eos>,-0.0
379,0,They,0.0
379,1,know,9.486106
379,2,who,7.200986
379,3,the,4.435805
379,4,doctor,11.182167
379,5,believed,9.06979
379,6,the,4.654794
379,7,man,7.417821
379,8,said,10.665816
379,9,he,5.024565
379,10,thought,9.140497
379,11,the,3.169319
379,12,nurse,11.308175
379,13,reassured,17.030977
379,14,the,3.271096
379,15,old,10.391582
379,16,woman,4.172064
379,17,at,7.497238
379,18,the,1.336728
379,19,hospital,3.358739
379,20,.,1.681757
379,21,<eos>,-0.0
380,0,He,0.0
380,1,reported,10.835539
380,2,that,1.868976
380,3,the,2.223669
380,4,cowboy,16.845673
380,5,abandoned,11.555921
380,6,in,9.669559
380,7,the,1.927018
380,8,desert,6.342328
380,9,.,3.176339
380,10,<eos>,-0.0
381,0,He,0.0
381,1,reported,10.835539
381,2,that,1.868976
381,3,the,2.223669
381,4,cowboy,16.845673
381,5,abandoned,11.555921
381,6,his,2.467069
381,7,partner,13.090497
381,8,in,4.39582
381,9,the,2.250088
381,10,desert,7.285195
381,11,.,2.283927
381,12,<eos>,-0.0
382,0,He,0.0
382,1,reported,10.835539
382,2,who,12.096594
382,3,the,7.066419
382,4,cowboy,15.255877
382,5,abandoned,11.152189
382,6,in,4.770589
382,7,the,2.317501
382,8,desert,6.69921
382,9,.,2.02805
382,10,<eos>,-0.0
383,0,He,0.0
383,1,reported,10.835539
383,2,who,12.096594
383,3,the,7.066419
383,4,cowboy,15.255877
383,5,abandoned,11.152189
383,6,his,3.20946
383,7,partner,12.860036
383,8,in,3.723751
383,9,the,2.012298
383,10,desert,8.107225
383,11,.,1.800095
383,12,<eos>,-0.0
384,0,He,0.0
384,1,reported,10.835539
384,2,that,1.868976
384,3,the,2.223669
384,4,farmer,13.535235
384,5,said,8.328086
384,6,the,3.560346
384,7,cowboy,14.420107
384,8,abandoned,11.526846
384,9,in,9.357008
384,10,the,1.960669
384,11,desert,6.597119
384,12,.,2.196263
384,13,<eos>,-0.0
385,0,He,0.0
385,1,reported,10.835539
385,2,that,1.868976
385,3,the,2.223669
385,4,farmer,13.535235
385,5,said,8.328086
385,6,the,3.560346
385,7,cowboy,14.420107
385,8,abandoned,11.526846
385,9,his,2.531547
385,10,partner,13.305996
385,11,in,4.670986
385,12,the,2.245747
385,13,desert,7.718259
385,14,.,1.925986
385,15,<eos>,-0.0
386,0,He,0.0
386,1,reported,10.835539
386,2,who,12.096594
386,3,the,7.066419
386,4,farmer,12.31315
386,5,said,7.028391
386,6,the,5.931177
386,7,cowboy,13.304627
386,8,abandoned,12.148412
386,9,in,4.735146
386,10,the,1.94479
386,11,desert,6.287664
386,12,.,1.438306
386,13,<eos>,-0.0
387,0,He,0.0
387,1,reported,10.835539
387,2,who,12.096594
387,3,the,7.066419
387,4,farmer,12.31315
387,5,said,7.028391
387,6,the,5.931177
387,7,cowboy,13.304627
387,8,abandoned,12.148412
387,9,his,3.540707
387,10,partner,12.779626
387,11,in,4.149518
387,12,the,1.909966
387,13,desert,7.856438
387,14,.,1.449349
387,15,<eos>,-0.0
388,0,He,0.0
388,1,reported,10.835539
388,2,that,1.868976
388,3,the,2.223669
388,4,farmer,13.535235
388,5,said,8.328086
388,6,his,5.625406
388,7,friend,7.547409
388,8,reported,12.021181
388,9,the,3.987056
388,10,cowboy,17.170483
388,11,abandoned,11.348869
388,12,in,8.147508
388,13,the,1.978724
388,14,desert,6.500641
388,15,.,1.666228
388,16,<eos>,-0.0
389,0,He,0.0
389,1,reported,10.835539
389,2,that,1.868976
389,3,the,2.223669
389,4,farmer,13.535235
389,5,said,8.328086
389,6,his,5.625406
389,7,friend,7.547409
389,8,reported,12.021181
389,9,the,3.987056
389,10,cowboy,17.170483
389,11,abandoned,11.348869
389,12,his,2.235023
389,13,partner,12.481988
389,14,in,4.072733
389,15,the,2.054874
389,16,desert,7.786896
389,17,.,1.703484
389,18,<eos>,-0.0
390,0,He,0.0
390,1,reported,10.835539
390,2,who,12.096594
390,3,the,7.066419
390,4,farmer,12.31315
390,5,said,7.028391
390,6,his,8.091573
390,7,friend,6.722308
390,8,reported,11.391336
390,9,the,6.021364
390,10,cowboy,16.292387
390,11,abandoned,12.297335
390,12,in,5.092292
390,13,the,1.934735
390,14,desert,6.456358
390,15,.,1.349112
390,16,<eos>,-0.0
391,0,He,0.0
391,1,reported,10.835539
391,2,who,12.096594
391,3,the,7.066419
391,4,farmer,12.31315
391,5,said,7.028391
391,6,his,8.091573
391,7,friend,6.722308
391,8,reported,11.391336
391,9,the,6.021364
391,10,cowboy,16.292387
391,11,abandoned,12.297335
391,12,his,3.512449
391,13,partner,12.145585
391,14,in,3.861106
391,15,the,1.882033
391,16,desert,7.83323
391,17,.,1.436195
391,18,<eos>,-0.0
392,0,He,0.0
392,1,reported,10.835539
392,2,that,1.868976
392,3,the,2.223669
392,4,farmer,13.535235
392,5,said,8.328086
392,6,his,5.625406
392,7,friend,7.547409
392,8,reported,12.021181
392,9,he,4.719448
392,10,believed,7.949998
392,11,the,2.625475
392,12,cowboy,14.671209
392,13,abandoned,10.787056
392,14,in,8.430641
392,15,the,1.793496
392,16,desert,6.519197
392,17,.,1.649858
392,18,<eos>,-0.0
393,0,He,0.0
393,1,reported,10.835539
393,2,that,1.868976
393,3,the,2.223669
393,4,farmer,13.535235
393,5,said,8.328086
393,6,his,5.625406
393,7,friend,7.547409
393,8,reported,12.021181
393,9,he,4.719448
393,10,believed,7.949998
393,11,the,2.625475
393,12,cowboy,14.671209
393,13,abandoned,10.787056
393,14,his,2.609255
393,15,partner,12.928843
393,16,in,4.874924
393,17,the,2.136457
393,18,desert,7.899544
393,19,.,1.535062
393,20,<eos>,-0.0
394,0,He,0.0
394,1,reported,10.835539
394,2,who,12.096594
394,3,the,7.066419
394,4,farmer,12.31315
394,5,said,7.028391
394,6,his,8.091573
394,7,friend,6.722308
394,8,reported,11.391336
394,9,he,6.255692
394,10,believed,7.633911
394,11,the,4.765059
394,12,cowboy,14.199469
394,13,abandoned,11.512448
394,14,in,5.213539
394,15,the,1.746951
394,16,desert,6.313405
394,17,.,1.186961
394,18,<eos>,-0.0
395,0,He,0.0
395,1,reported,10.835539
395,2,who,12.096594
395,3,the,7.066419
395,4,farmer,12.31315
395,5,said,7.028391
395,6,his,8.091573
395,7,friend,6.722308
395,8,reported,11.391336
395,9,he,6.255692
395,10,believed,7.633911
395,11,the,4.765059
395,12,cowboy,14.199469
395,13,abandoned,11.512448
395,14,his,3.273132
395,15,partner,13.051727
395,16,in,4.581289
395,17,the,1.848197
395,18,desert,7.752058
395,19,.,1.299139
395,20,<eos>,-0.0
396,0,He,0.0
396,1,reported,10.835539
396,2,that,1.868976
396,3,the,2.223669
396,4,farmer,13.535235
396,5,said,8.328086
396,6,his,5.625406
396,7,friend,7.547409
396,8,reported,12.021181
396,9,he,4.719448
396,10,believed,7.949998
396,11,the,2.625475
396,12,cowboy,14.671209
396,13,abandoned,10.787056
396,14,in,8.430641
396,15,the,1.793496
396,16,desert,6.519197
396,17,.,1.649858
396,18,<eos>,-0.0
397,0,He,0.0
397,1,reported,10.835539
397,2,that,1.868976
397,3,the,2.223669
397,4,farmer,13.535235
397,5,said,8.328086
397,6,his,5.625406
397,7,friend,7.547409
397,8,reported,12.021181
397,9,he,4.719448
397,10,believed,7.949998
397,11,the,2.625475
397,12,cowboy,14.671209
397,13,abandoned,10.787056
397,14,his,2.609255
397,15,partner,12.928843
397,16,in,4.874924
397,17,the,2.136457
397,18,desert,7.899544
397,19,.,1.535062
397,20,<eos>,-0.0
398,0,He,0.0
398,1,reported,10.835539
398,2,who,12.096594
398,3,the,7.066419
398,4,farmer,12.31315
398,5,said,7.028391
398,6,his,8.091573
398,7,friend,6.722308
398,8,reported,11.391336
398,9,he,6.255692
398,10,believed,7.633911
398,11,the,4.765059
398,12,cowboy,14.199469
398,13,abandoned,11.512448
398,14,in,5.213539
398,15,the,1.746951
398,16,desert,6.313405
398,17,.,1.186961
398,18,<eos>,-0.0
399,0,He,0.0
399,1,reported,10.835539
399,2,who,12.096594
399,3,the,7.066419
399,4,farmer,12.31315
399,5,said,7.028391
399,6,his,8.091573
399,7,friend,6.722308
399,8,reported,11.391336
399,9,he,6.255692
399,10,believed,7.633911
399,11,the,4.765059
399,12,cowboy,14.199469
399,13,abandoned,11.512448
399,14,his,3.273132
399,15,partner,13.051727
399,16,in,4.581289
399,17,the,1.848197
399,18,desert,7.752058
399,19,.,1.299139
399,20,<eos>,-0.0
400,0,They,0.0
400,1,reported,10.412453
400,2,that,1.780984
400,3,the,1.89322
400,4,manager,13.025427
400,5,promoted,14.379107
400,6,yesterday,21.538828
400,7,.,4.036497
400,8,<eos>,-0.0
401,0,They,0.0
401,1,reported,10.412453
401,2,that,1.780984
401,3,the,1.89322
401,4,manager,13.025427
401,5,promoted,14.379107
401,6,the,1.44825
401,7,accountant,18.047861
401,8,yesterday,20.314869
401,9,.,2.489812
401,10,<eos>,-0.0
402,0,They,0.0
402,1,reported,10.412453
402,2,who,11.821813
402,3,the,7.229744
402,4,manager,12.035475
402,5,promoted,13.547946
402,6,yesterday,16.87669
402,7,.,2.167943
402,8,<eos>,-0.0
403,0,They,0.0
403,1,reported,10.412453
403,2,who,11.821813
403,3,the,7.229744
403,4,manager,12.035475
403,5,promoted,13.547946
403,6,the,4.293314
403,7,accountant,17.782276
403,8,yesterday,17.833395
403,9,.,1.653085
403,10,<eos>,-0.0
404,0,They,0.0
404,1,reported,10.412453
404,2,that,1.780984
404,3,the,1.89322
404,4,executive,13.061622
404,5,said,9.450661
404,6,the,3.213771
404,7,manager,13.133978
404,8,promoted,14.653064
404,9,yesterday,21.279322
404,10,.,3.681013
404,11,<eos>,-0.0
405,0,They,0.0
405,1,reported,10.412453
405,2,that,1.780984
405,3,the,1.89322
405,4,executive,13.061622
405,5,said,9.450661
405,6,the,3.213771
405,7,manager,13.133978
405,8,promoted,14.653064
405,9,the,1.455305
405,10,accountant,18.275415
405,11,yesterday,19.856035
405,12,.,2.310101
405,13,<eos>,-0.0
406,0,They,0.0
406,1,reported,10.412453
406,2,who,11.821813
406,3,the,7.229744
406,4,executive,11.851168
406,5,said,6.617255
406,6,the,4.485958
406,7,manager,12.966097
406,8,promoted,14.95913
406,9,yesterday,19.926914
406,10,.,2.744265
406,11,<eos>,-0.0
407,0,They,0.0
407,1,reported,10.412453
407,2,who,11.821813
407,3,the,7.229744
407,4,executive,11.851168
407,5,said,6.617255
407,6,the,4.485958
407,7,manager,12.966097
407,8,promoted,14.95913
407,9,the,1.624744
407,10,accountant,18.403233
407,11,yesterday,19.461361
407,12,.,2.08697
407,13,<eos>,-0.0
408,0,They,0.0
408,1,reported,10.412453
408,2,that,1.780984
408,3,the,1.89322
408,4,executive,13.061622
408,5,said,9.450661
408,6,a,6.948168
408,7,reporter,10.669798
408,8,believed,9.743066
408,9,the,2.703472
408,10,manager,13.954394
408,11,promoted,14.872362
408,12,yesterday,20.635906
408,13,.,3.706802
408,14,<eos>,-0.0
409,0,They,0.0
409,1,reported,10.412453
409,2,that,1.780984
409,3,the,1.89322
409,4,executive,13.061622
409,5,said,9.450661
409,6,a,6.948168
409,7,reporter,10.669798
409,8,believed,9.743066
409,9,the,2.703472
409,10,manager,13.954394
409,11,promoted,14.872362
409,12,the,1.530424
409,13,accountant,17.580479
409,14,yesterday,19.645082
409,15,.,2.177168
409,16,<eos>,-0.0
410,0,They,0.0
410,1,reported,10.412453
410,2,who,11.821813
410,3,the,7.229744
410,4,executive,11.851168
410,5,said,6.617255
410,6,a,7.715989
410,7,reporter,9.30761
410,8,believed,9.28036
410,9,the,2.895143
410,10,manager,14.096859
410,11,promoted,15.133484
410,12,yesterday,20.279972
410,13,.,3.173427
410,14,<eos>,-0.0
411,0,They,0.0
411,1,reported,10.412453
411,2,who,11.821813
411,3,the,7.229744
411,4,executive,11.851168
411,5,said,6.617255
411,6,a,7.715989
411,7,reporter,9.30761
411,8,believed,9.28036
411,9,the,2.895143
411,10,manager,14.096859
411,11,promoted,15.133484
411,12,the,1.626311
411,13,accountant,17.648783
411,14,yesterday,19.424391
411,15,.,1.798826
411,16,<eos>,-0.0
412,0,They,0.0
412,1,reported,10.412453
412,2,that,1.780984
412,3,the,1.89322
412,4,executive,13.061622
412,5,said,9.450661
412,6,a,6.948168
412,7,reporter,10.669798
412,8,believed,9.743066
412,9,the,2.703472
412,10,client,11.694448
412,11,said,10.876823
412,12,the,3.772477
412,13,manager,13.073682
412,14,promoted,15.863935
412,15,yesterday,20.897224
412,16,.,3.004479
412,17,<eos>,-0.0
413,0,They,0.0
413,1,reported,10.412453
413,2,that,1.780984
413,3,the,1.89322
413,4,executive,13.061622
413,5,said,9.450661
413,6,a,6.948168
413,7,reporter,10.669798
413,8,believed,9.743066
413,9,the,2.703472
413,10,client,11.694448
413,11,said,10.876823
413,12,the,3.772477
413,13,manager,13.073682
413,14,promoted,15.863935
413,15,the,1.591468
413,16,accountant,17.513521
413,17,yesterday,19.525291
413,18,.,1.829327
413,19,<eos>,-0.0
414,0,They,0.0
414,1,reported,10.412453
414,2,who,11.821813
414,3,the,7.229744
414,4,executive,11.851168
414,5,said,6.617255
414,6,a,7.715989
414,7,reporter,9.30761
414,8,believed,9.28036
414,9,the,2.895143
414,10,client,11.949667
414,11,said,10.76268
414,12,the,3.885957
414,13,manager,13.047416
414,14,promoted,15.672614
414,15,yesterday,20.730265
414,16,.,2.599088
414,17,<eos>,-0.0
415,0,They,0.0
415,1,reported,10.412453
415,2,who,11.821813
415,3,the,7.229744
415,4,executive,11.851168
415,5,said,6.617255
415,6,a,7.715989
415,7,reporter,9.30761
415,8,believed,9.28036
415,9,the,2.895143
415,10,client,11.949667
415,11,said,10.76268
415,12,the,3.885957
415,13,manager,13.047416
415,14,promoted,15.672614
415,15,the,1.647854
415,16,accountant,17.605572
415,17,yesterday,19.430496
415,18,.,1.570193
415,19,<eos>,-0.0
416,0,They,0.0
416,1,reported,10.412453
416,2,that,1.780984
416,3,the,1.89322
416,4,executive,13.061622
416,5,said,9.450661
416,6,a,6.948168
416,7,reporter,10.669798
416,8,believed,9.743066
416,9,the,2.703472
416,10,client,11.694448
416,11,said,10.876823
416,12,the,3.772477
416,13,manager,13.073682
416,14,promoted,15.863935
416,15,yesterday,20.897224
416,16,.,3.004479
416,17,<eos>,-0.0
417,0,They,0.0
417,1,reported,10.412453
417,2,that,1.780984
417,3,the,1.89322
417,4,executive,13.061622
417,5,said,9.450661
417,6,a,6.948168
417,7,reporter,10.669798
417,8,believed,9.743066
417,9,the,2.703472
417,10,client,11.694448
417,11,said,10.876823
417,12,the,3.772477
417,13,manager,13.073682
417,14,promoted,15.863935
417,15,the,1.591468
417,16,accountant,17.513521
417,17,yesterday,19.525291
417,18,.,1.829327
417,19,<eos>,-0.0
418,0,They,0.0
418,1,reported,10.412453
418,2,who,11.821813
418,3,the,7.229744
418,4,executive,11.851168
418,5,said,6.617255
418,6,a,7.715989
418,7,reporter,9.30761
418,8,believed,9.28036
418,9,the,2.895143
418,10,client,11.949667
418,11,said,10.76268
418,12,the,3.885957
418,13,manager,13.047416
418,14,promoted,15.672614
418,15,yesterday,20.730265
418,16,.,2.599088
418,17,<eos>,-0.0
419,0,They,0.0
419,1,reported,10.412453
419,2,who,11.821813
419,3,the,7.229744
419,4,executive,11.851168
419,5,said,6.617255
419,6,a,7.715989
419,7,reporter,9.30761
419,8,believed,9.28036
419,9,the,2.895143
419,10,client,11.949667
419,11,said,10.76268
419,12,the,3.885957
419,13,manager,13.047416
419,14,promoted,15.672614
419,15,the,1.647854
419,16,accountant,17.605572
419,17,yesterday,19.430496
419,18,.,1.570193
419,19,<eos>,-0.0
420,0,They,0.0
420,1,recalled,12.997755
420,2,that,3.338919
420,3,the,2.030145
420,4,heiress,19.372662
420,5,divorced,12.793162
420,6,last,16.331905
420,7,year,1.649773
420,8,.,1.580448
420,9,<eos>,-0.0
421,0,They,0.0
421,1,recalled,12.997755
421,2,that,3.338919
421,3,the,2.030145
421,4,heiress,19.372662
421,5,divorced,12.793162
421,6,the,5.753978
421,7,count,18.192036
421,8,last,15.572659
421,9,year,1.950556
421,10,.,1.79614
421,11,<eos>,-0.0
422,0,They,0.0
422,1,recalled,12.997755
422,2,who,10.332471
422,3,the,6.027031
422,4,heiress,17.835409
422,5,divorced,11.813808
422,6,last,16.429222
422,7,year,1.795379
422,8,.,1.49498
422,9,<eos>,-0.0
423,0,They,0.0
423,1,recalled,12.997755
423,2,who,10.332471
423,3,the,6.027031
423,4,heiress,17.835409
423,5,divorced,11.813808
423,6,the,6.348087
423,7,count,19.04705
423,8,last,16.318996
423,9,year,2.963796
423,10,.,1.755384
423,11,<eos>,-0.0
424,0,They,0.0
424,1,recalled,12.997755
424,2,that,3.338919
424,3,the,2.030145
424,4,writer,11.993924
424,5,thought,8.553223
424,6,the,2.91471
424,7,heiress,20.567015
424,8,divorced,13.800982
424,9,last,16.943419
424,10,year,2.37175
424,11,.,1.736563
424,12,<eos>,-0.0
425,0,They,0.0
425,1,recalled,12.997755
425,2,that,3.338919
425,3,the,2.030145
425,4,writer,11.993924
425,5,thought,8.553223
425,6,the,2.91471
425,7,heiress,20.567015
425,8,divorced,13.800982
425,9,the,7.314379
425,10,count,19.721687
425,11,last,15.728564
425,12,year,1.848892
425,13,.,1.479105
425,14,<eos>,-0.0
426,0,They,0.0
426,1,recalled,12.997755
426,2,who,10.332471
426,3,the,6.027031
426,4,writer,10.720583
426,5,thought,8.378763
426,6,the,4.38601
426,7,heiress,17.18269
426,8,divorced,15.954805
426,9,last,17.256868
426,10,year,2.344977
426,11,.,1.310671
426,12,<eos>,-0.0
427,0,They,0.0
427,1,recalled,12.997755
427,2,who,10.332471
427,3,the,6.027031
427,4,writer,10.720583
427,5,thought,8.378763
427,6,the,4.38601
427,7,heiress,17.18269
427,8,divorced,15.954805
427,9,the,6.850824
427,10,count,19.823109
427,11,last,15.706189
427,12,year,1.941435
427,13,.,1.421798
427,14,<eos>,-0.0
428,0,They,0.0
428,1,recalled,12.997755
428,2,that,3.338919
428,3,the,2.030145
428,4,writer,11.993924
428,5,thought,8.553223
428,6,the,2.91471
428,7,man,9.512727
428,8,said,10.737103
428,9,the,4.711791
428,10,heiress,15.59895
428,11,divorced,14.542246
428,12,last,17.936718
428,13,year,2.340181
428,14,.,1.361881
428,15,<eos>,-0.0
429,0,They,0.0
429,1,recalled,12.997755
429,2,that,3.338919
429,3,the,2.030145
429,4,writer,11.993924
429,5,thought,8.553223
429,6,the,2.91471
429,7,man,9.512727
429,8,said,10.737103
429,9,the,4.711791
429,10,heiress,15.59895
429,11,divorced,14.542246
429,12,the,6.892051
429,13,count,18.887119
429,14,last,14.694737
429,15,year,2.307851
429,16,.,1.446331
429,17,<eos>,-0.0
430,0,They,0.0
430,1,recalled,12.997755
430,2,who,10.332471
430,3,the,6.027031
430,4,writer,10.720583
430,5,thought,8.378763
430,6,the,4.38601
430,7,man,8.420925
430,8,said,10.13148
430,9,the,5.712673
430,10,heiress,17.140898
430,11,divorced,13.773264
430,12,last,17.28846
430,13,year,2.132997
430,14,.,1.167563
430,15,<eos>,-0.0
431,0,They,0.0
431,1,recalled,12.997755
431,2,who,10.332471
431,3,the,6.027031
431,4,writer,10.720583
431,5,thought,8.378763
431,6,the,4.38601
431,7,man,8.420925
431,8,said,10.13148
431,9,the,5.712673
431,10,heiress,17.140898
431,11,divorced,13.773264
431,12,the,6.182373
431,13,count,18.690176
431,14,last,15.441454
431,15,year,2.202783
431,16,.,1.351166
431,17,<eos>,-0.0
432,0,They,0.0
432,1,recalled,12.997755
432,2,that,3.338919
432,3,the,2.030145
432,4,writer,11.993924
432,5,thought,8.553223
432,6,the,2.91471
432,7,man,9.512727
432,8,said,10.737103
432,9,his,7.094841
432,10,brother,6.067866
432,11,believed,9.914708
432,12,the,3.876472
432,13,heiress,17.202017
432,14,divorced,15.926338
432,15,last,17.567873
432,16,year,2.637264
432,17,.,1.26934
432,18,<eos>,-0.0
433,0,They,0.0
433,1,recalled,12.997755
433,2,that,3.338919
433,3,the,2.030145
433,4,writer,11.993924
433,5,thought,8.553223
433,6,the,2.91471
433,7,man,9.512727
433,8,said,10.737103
433,9,his,7.094841
433,10,brother,6.067866
433,11,believed,9.914708
433,12,the,3.876472
433,13,heiress,17.202017
433,14,divorced,15.926338
433,15,the,6.606312
433,16,count,18.130976
433,17,last,15.711241
433,18,year,2.322652
433,19,.,1.313827
433,20,<eos>,-0.0
434,0,They,0.0
434,1,recalled,12.997755
434,2,who,10.332471
434,3,the,6.027031
434,4,writer,10.720583
434,5,thought,8.378763
434,6,the,4.38601
434,7,man,8.420925
434,8,said,10.13148
434,9,his,8.869982
434,10,brother,6.513529
434,11,believed,9.380135
434,12,the,3.715826
434,13,heiress,18.136343
434,14,divorced,15.387604
434,15,last,17.445017
434,16,year,2.673397
434,17,.,1.127095
434,18,<eos>,-0.0
435,0,They,0.0
435,1,recalled,12.997755
435,2,who,10.332471
435,3,the,6.027031
435,4,writer,10.720583
435,5,thought,8.378763
435,6,the,4.38601
435,7,man,8.420925
435,8,said,10.13148
435,9,his,8.869982
435,10,brother,6.513529
435,11,believed,9.380135
435,12,the,3.715826
435,13,heiress,18.136343
435,14,divorced,15.387604
435,15,the,6.512557
435,16,count,18.301384
435,17,last,15.901682
435,18,year,2.269407
435,19,.,1.196948
435,20,<eos>,-0.0
436,0,They,0.0
436,1,recalled,12.997755
436,2,that,3.338919
436,3,the,2.030145
436,4,writer,11.993924
436,5,thought,8.553223
436,6,the,2.91471
436,7,man,9.512727
436,8,said,10.737103
436,9,his,7.094841
436,10,brother,6.067866
436,11,believed,9.914708
436,12,the,3.876472
436,13,heiress,17.202017
436,14,divorced,15.926338
436,15,last,17.567873
436,16,year,2.637264
436,17,.,1.26934
436,18,<eos>,-0.0
437,0,They,0.0
437,1,recalled,12.997755
437,2,that,3.338919
437,3,the,2.030145
437,4,writer,11.993924
437,5,thought,8.553223
437,6,the,2.91471
437,7,man,9.512727
437,8,said,10.737103
437,9,his,7.094841
437,10,brother,6.067866
437,11,believed,9.914708
437,12,the,3.876472
437,13,heiress,17.202017
437,14,divorced,15.926338
437,15,the,6.606312
437,16,count,18.130976
437,17,last,15.711241
437,18,year,2.322652
437,19,.,1.313827
437,20,<eos>,-0.0
438,0,They,0.0
438,1,recalled,12.997755
438,2,who,10.332471
438,3,the,6.027031
438,4,writer,10.720583
438,5,thought,8.378763
438,6,the,4.38601
438,7,man,8.420925
438,8,said,10.13148
438,9,his,8.869982
438,10,brother,6.513529
438,11,believed,9.380135
438,12,the,3.715826
438,13,heiress,18.136343
438,14,divorced,15.387604
438,15,last,17.445017
438,16,year,2.673397
438,17,.,1.127095
438,18,<eos>,-0.0
439,0,They,0.0
439,1,recalled,12.997755
439,2,who,10.332471
439,3,the,6.027031
439,4,writer,10.720583
439,5,thought,8.378763
439,6,the,4.38601
439,7,man,8.420925
439,8,said,10.13148
439,9,his,8.869982
439,10,brother,6.513529
439,11,believed,9.380135
439,12,the,3.715826
439,13,heiress,18.136343
439,14,divorced,15.387604
439,15,the,6.512557
439,16,count,18.301384
439,17,last,15.901682
439,18,year,2.269407
439,19,.,1.196948
439,20,<eos>,-0.0
440,0,The,0.0
440,1,assistant,19.641615
440,2,told,12.41583
440,3,me,5.276607
440,4,that,1.373172
440,5,the,2.547316
440,6,pilot,11.363383
440,7,sent,12.885751
440,8,to,4.183185
440,9,his,5.428885
440,10,family,5.573439
440,11,.,6.948364
440,12,<eos>,-0.0
441,0,The,0.0
441,1,assistant,19.641615
441,2,told,12.41583
441,3,me,5.276607
441,4,that,1.373172
441,5,the,2.547316
441,6,pilot,11.363383
441,7,sent,12.885751
441,8,the,3.326726
441,9,package,11.934979
441,10,to,2.07666
441,11,his,5.403734
441,12,family,5.397829
441,13,.,1.698407
441,14,<eos>,-0.0
442,0,The,0.0
442,1,assistant,19.641615
442,2,told,12.41583
442,3,me,5.276607
442,4,what,6.024121
442,5,the,3.385898
442,6,pilot,11.804281
442,7,sent,12.105173
442,8,to,1.814334
442,9,his,5.599699
442,10,family,5.162555
442,11,.,2.061287
442,12,<eos>,-0.0
443,0,The,0.0
443,1,assistant,19.641615
443,2,told,12.41583
443,3,me,5.276607
443,4,what,6.024121
443,5,the,3.385898
443,6,pilot,11.804281
443,7,sent,12.105173
443,8,the,5.572852
443,9,package,11.696463
443,10,to,2.338947
443,11,his,5.781855
443,12,family,5.608592
443,13,.,1.421364
443,14,<eos>,-0.0
444,0,The,0.0
444,1,assistant,19.641615
444,2,told,12.41583
444,3,me,5.276607
444,4,that,1.373172
444,5,the,2.547316
444,6,man,7.106752
444,7,knew,7.546206
444,8,the,3.409596
444,9,pilot,12.469121
444,10,sent,13.952477
444,11,to,4.256371
444,12,his,4.966375
444,13,family,5.505337
444,14,.,2.362634
444,15,<eos>,-0.0
445,0,The,0.0
445,1,assistant,19.641615
445,2,told,12.41583
445,3,me,5.276607
445,4,that,1.373172
445,5,the,2.547316
445,6,man,7.106752
445,7,knew,7.546206
445,8,the,3.409596
445,9,pilot,12.469121
445,10,sent,13.952477
445,11,the,3.579285
445,12,package,12.451024
445,13,to,2.180806
445,14,his,5.024379
445,15,family,5.299509
445,16,.,1.405334
445,17,<eos>,-0.0
446,0,The,0.0
446,1,assistant,19.641615
446,2,told,12.41583
446,3,me,5.276607
446,4,what,6.024121
446,5,the,3.385898
446,6,man,7.176651
446,7,knew,7.115295
446,8,the,5.945312
446,9,pilot,13.312302
446,10,sent,12.937306
446,11,to,1.592576
446,12,his,4.991938
446,13,family,4.984888
446,14,.,1.485133
446,15,<eos>,-0.0
447,0,The,0.0
447,1,assistant,19.641615
447,2,told,12.41583
447,3,me,5.276607
447,4,what,6.024121
447,5,the,3.385898
447,6,man,7.176651
447,7,knew,7.115295
447,8,the,5.945312
447,9,pilot,13.312302
447,10,sent,12.937306
447,11,the,6.444373
447,12,package,12.629846
447,13,to,2.316424
447,14,his,5.359234
447,15,family,5.353141
447,16,.,1.238353
447,17,<eos>,-0.0
448,0,The,0.0
448,1,assistant,19.641615
448,2,told,12.41583
448,3,me,5.276607
448,4,that,1.373172
448,5,the,2.547316
448,6,man,7.106752
448,7,knew,7.546206
448,8,his,6.052195
448,9,friend,7.899875
448,10,recalled,14.78933
448,11,the,3.451155
448,12,pilot,11.931201
448,13,sent,11.880071
448,14,to,1.585192
448,15,his,4.21002
448,16,family,4.675633
448,17,.,2.185495
448,18,<eos>,-0.0
449,0,The,0.0
449,1,assistant,19.641615
449,2,told,12.41583
449,3,me,5.276607
449,4,that,1.373172
449,5,the,2.547316
449,6,man,7.106752
449,7,knew,7.546206
449,8,his,6.052195
449,9,friend,7.899875
449,10,recalled,14.78933
449,11,the,3.451155
449,12,pilot,11.931201
449,13,sent,11.880071
449,14,the,5.069229
449,15,package,11.713639
449,16,to,1.981325
449,17,his,4.383736
449,18,family,5.290161
449,19,.,1.320811
449,20,<eos>,-0.0
450,0,The,0.0
450,1,assistant,19.641615
450,2,told,12.41583
450,3,me,5.276607
450,4,what,6.024121
450,5,the,3.385898
450,6,man,7.176651
450,7,knew,7.115295
450,8,his,9.374415
450,9,friend,7.205931
450,10,recalled,13.954046
450,11,the,6.784121
450,12,pilot,14.512217
450,13,sent,11.257672
450,14,to,1.134923
450,15,his,4.293697
450,16,family,4.901896
450,17,.,1.830202
450,18,<eos>,-0.0
451,0,The,0.0
451,1,assistant,19.641615
451,2,told,12.41583
451,3,me,5.276607
451,4,what,6.024121
451,5,the,3.385898
451,6,man,7.176651
451,7,knew,7.115295
451,8,his,9.374415
451,9,friend,7.205931
451,10,recalled,13.954046
451,11,the,6.784121
451,12,pilot,14.512217
451,13,sent,11.257672
451,14,the,5.897177
451,15,package,12.102493
451,16,to,1.882205
451,17,his,4.591719
451,18,family,5.173662
451,19,.,1.242015
451,20,<eos>,-0.0
452,0,The,0.0
452,1,assistant,19.641615
452,2,told,12.41583
452,3,me,5.276607
452,4,that,1.373172
452,5,the,2.547316
452,6,man,7.106752
452,7,knew,7.546206
452,8,his,6.052195
452,9,friend,7.899875
452,10,recalled,14.78933
452,11,the,3.451155
452,12,woman,9.762089
452,13,said,9.500671
452,14,the,5.25326
452,15,pilot,11.502321
452,16,sent,11.427875
452,17,to,3.926971
452,18,his,4.777042
452,19,family,5.463875
452,20,.,2.402323
452,21,<eos>,-0.0
453,0,The,0.0
453,1,assistant,19.641615
453,2,told,12.41583
453,3,me,5.276607
453,4,that,1.373172
453,5,the,2.547316
453,6,man,7.106752
453,7,knew,7.546206
453,8,his,6.052195
453,9,friend,7.899875
453,10,recalled,14.78933
453,11,the,3.451155
453,12,woman,9.762089
453,13,said,9.500671
453,14,the,5.25326
453,15,pilot,11.502321
453,16,sent,11.427875
453,17,the,3.765574
453,18,package,12.341206
453,19,to,1.952124
453,20,his,5.243595
453,21,family,5.276938
453,22,.,1.176842
453,23,<eos>,-0.0
454,0,The,0.0
454,1,assistant,19.641615
454,2,told,12.41583
454,3,me,5.276607
454,4,what,6.024121
454,5,the,3.385898
454,6,man,7.176651
454,7,knew,7.115295
454,8,his,9.374415
454,9,friend,7.205931
454,10,recalled,13.954046
454,11,the,6.784121
454,12,woman,10.540644
454,13,said,8.934387
454,14,the,5.818064
454,15,pilot,12.013478
454,16,sent,11.31127
454,17,to,3.4363
454,18,his,4.905252
454,19,family,5.413633
454,20,.,2.032088
454,21,<eos>,-0.0
455,0,The,0.0
455,1,assistant,19.641615
455,2,told,12.41583
455,3,me,5.276607
455,4,what,6.024121
455,5,the,3.385898
455,6,man,7.176651
455,7,knew,7.115295
455,8,his,9.374415
455,9,friend,7.205931
455,10,recalled,13.954046
455,11,the,6.784121
455,12,woman,10.540644
455,13,said,8.934387
455,14,the,5.818064
455,15,pilot,12.013478
455,16,sent,11.31127
455,17,the,3.877916
455,18,package,12.435762
455,19,to,1.90758
455,20,his,5.302676
455,21,family,5.217064
455,22,.,1.154202
455,23,<eos>,-0.0
456,0,The,0.0
456,1,assistant,19.641615
456,2,told,12.41583
456,3,me,5.276607
456,4,that,1.373172
456,5,the,2.547316
456,6,man,7.106752
456,7,knew,7.546206
456,8,his,6.052195
456,9,friend,7.899875
456,10,recalled,14.78933
456,11,the,3.451155
456,12,woman,9.762089
456,13,said,9.500671
456,14,the,5.25326
456,15,pilot,11.502321
456,16,sent,11.427875
456,17,to,3.926971
456,18,his,4.777042
456,19,family,5.463875
456,20,.,2.402323
456,21,<eos>,-0.0
457,0,The,0.0
457,1,assistant,19.641615
457,2,told,12.41583
457,3,me,5.276607
457,4,that,1.373172
457,5,the,2.547316
457,6,man,7.106752
457,7,knew,7.546206
457,8,his,6.052195
457,9,friend,7.899875
457,10,recalled,14.78933
457,11,the,3.451155
457,12,woman,9.762089
457,13,said,9.500671
457,14,the,5.25326
457,15,pilot,11.502321
457,16,sent,11.427875
457,17,the,3.765574
457,18,package,12.341206
457,19,to,1.952124
457,20,his,5.243595
457,21,family,5.276938
457,22,.,1.176842
457,23,<eos>,-0.0
458,0,The,0.0
458,1,assistant,19.641615
458,2,told,12.41583
458,3,me,5.276607
458,4,what,6.024121
458,5,the,3.385898
458,6,man,7.176651
458,7,knew,7.115295
458,8,his,9.374415
458,9,friend,7.205931
458,10,recalled,13.954046
458,11,the,6.784121
458,12,woman,10.540644
458,13,said,8.934387
458,14,the,5.818064
458,15,pilot,12.013478
458,16,sent,11.31127
458,17,to,3.4363
458,18,his,4.905252
458,19,family,5.413633
458,20,.,2.032088
458,21,<eos>,-0.0
459,0,The,0.0
459,1,assistant,19.641615
459,2,told,12.41583
459,3,me,5.276607
459,4,what,6.024121
459,5,the,3.385898
459,6,man,7.176651
459,7,knew,7.115295
459,8,his,9.374415
459,9,friend,7.205931
459,10,recalled,13.954046
459,11,the,6.784121
459,12,woman,10.540644
459,13,said,8.934387
459,14,the,5.818064
459,15,pilot,12.013478
459,16,sent,11.31127
459,17,the,3.877916
459,18,package,12.435762
459,19,to,1.90758
459,20,his,5.302676
459,21,family,5.217064
459,22,.,1.154202
459,23,<eos>,-0.0
460,0,We,0.0
460,1,recalled,14.266203
460,2,that,3.365684
460,3,the,2.013075
460,4,clown,16.233152
460,5,frightened,17.385469
460,6,at,7.420527
460,7,the,1.271936
460,8,party,8.704467
460,9,.,3.945113
460,10,<eos>,-0.0
461,0,We,0.0
461,1,recalled,14.266203
461,2,that,3.365684
461,3,the,2.013075
461,4,clown,16.233152
461,5,frightened,17.385469
461,6,the,2.897221
461,7,children,7.624788
461,8,at,4.941435
461,9,the,1.447919
461,10,party,8.312803
461,11,.,2.725461
461,12,<eos>,-0.0
462,0,We,0.0
462,1,recalled,14.266203
462,2,who,8.667806
462,3,the,5.621344
462,4,clown,14.229113
462,5,frightened,16.190725
462,6,at,5.706666
462,7,the,1.137049
462,8,party,9.176067
462,9,.,2.912459
462,10,<eos>,-0.0
463,0,We,0.0
463,1,recalled,14.266203
463,2,who,8.667806
463,3,the,5.621344
463,4,clown,14.229113
463,5,frightened,16.190725
463,6,the,4.562797
463,7,children,7.902997
463,8,at,5.702979
463,9,the,1.372197
463,10,party,8.442839
463,11,.,2.15046
463,12,<eos>,-0.0
464,0,We,0.0
464,1,recalled,14.266203
464,2,that,3.365684
464,3,the,2.013075
464,4,actor,11.769681
464,5,said,7.830475
464,6,the,3.913705
464,7,clown,13.264802
464,8,frightened,17.866575
464,9,at,7.600338
464,10,the,1.210711
464,11,party,8.764082
464,12,.,3.585815
464,13,<eos>,-0.0
465,0,We,0.0
465,1,recalled,14.266203
465,2,that,3.365684
465,3,the,2.013075
465,4,actor,11.769681
465,5,said,7.830475
465,6,the,3.913705
465,7,clown,13.264802
465,8,frightened,17.866575
465,9,the,3.178605
465,10,children,8.486714
465,11,at,5.169351
465,12,the,1.432021
465,13,party,8.343966
465,14,.,2.572237
465,15,<eos>,-0.0
466,0,We,0.0
466,1,recalled,14.266203
466,2,who,8.667806
466,3,the,5.621344
466,4,actor,10.473022
466,5,said,8.092617
466,6,the,5.484583
466,7,clown,13.16396
466,8,frightened,17.376959
466,9,at,7.827309
466,10,the,1.231272
466,11,party,8.716786
466,12,.,2.714972
466,13,<eos>,-0.0
467,0,We,0.0
467,1,recalled,14.266203
467,2,who,8.667806
467,3,the,5.621344
467,4,actor,10.473022
467,5,said,8.092617
467,6,the,5.484583
467,7,clown,13.16396
467,8,frightened,17.376959
467,9,the,3.668895
467,10,children,8.437651
467,11,at,5.409853
467,12,the,1.337132
467,13,party,8.269108
467,14,.,2.050663
467,15,<eos>,-0.0
468,0,We,0.0
468,1,recalled,14.266203
468,2,that,3.365684
468,3,the,2.013075
468,4,actor,11.769681
468,5,said,7.830475
468,6,the,3.913705
468,7,people,8.64091
468,8,knew,6.995037
468,9,the,3.436183
468,10,clown,12.108163
468,11,frightened,19.492474
468,12,at,8.0889
468,13,the,1.3171
468,14,party,8.869006
468,15,.,2.653135
468,16,<eos>,-0.0
469,0,We,0.0
469,1,recalled,14.266203
469,2,that,3.365684
469,3,the,2.013075
469,4,actor,11.769681
469,5,said,7.830475
469,6,the,3.913705
469,7,people,8.64091
469,8,knew,6.995037
469,9,the,3.436183
469,10,clown,12.108163
469,11,frightened,19.492474
469,12,the,3.766018
469,13,children,8.230243
469,14,at,5.814332
469,15,the,1.296649
469,16,party,7.982306
469,17,.,1.882377
469,18,<eos>,-0.0
470,0,We,0.0
470,1,recalled,14.266203
470,2,who,8.667806
470,3,the,5.621344
470,4,actor,10.473022
470,5,said,8.092617
470,6,the,5.484583
470,7,people,7.677125
470,8,knew,6.788198
470,9,the,3.537174
470,10,clown,12.306911
470,11,frightened,19.407967
470,12,at,8.925066
470,13,the,1.330825
470,14,party,8.88845
470,15,.,2.279179
470,16,<eos>,-0.0
471,0,We,0.0
471,1,recalled,14.266203
471,2,who,8.667806
471,3,the,5.621344
471,4,actor,10.473022
471,5,said,8.092617
471,6,the,5.484583
471,7,people,7.677125
471,8,knew,6.788198
471,9,the,3.537174
471,10,clown,12.306911
471,11,frightened,19.407967
471,12,the,3.916649
471,13,children,8.405657
471,14,at,5.913157
471,15,the,1.289155
471,16,party,7.912576
471,17,.,1.631968
471,18,<eos>,-0.0
472,0,We,0.0
472,1,recalled,14.266203
472,2,that,3.365684
472,3,the,2.013075
472,4,actor,11.769681
472,5,said,7.830475
472,6,the,3.913705
472,7,people,8.64091
472,8,knew,6.995037
472,9,he,4.784596
472,10,thought,8.637093
472,11,the,2.851398
472,12,clown,13.143827
472,13,frightened,17.328083
472,14,at,6.911467
472,15,the,1.182998
472,16,party,9.118289
472,17,.,2.395065
472,18,<eos>,-0.0
473,0,We,0.0
473,1,recalled,14.266203
473,2,that,3.365684
473,3,the,2.013075
473,4,actor,11.769681
473,5,said,7.830475
473,6,the,3.913705
473,7,people,8.64091
473,8,knew,6.995037
473,9,he,4.784596
473,10,thought,8.637093
473,11,the,2.851398
473,12,clown,13.143827
473,13,frightened,17.328083
473,14,the,3.949181
473,15,children,8.031604
473,16,at,5.745949
473,17,the,1.309473
473,18,party,8.257731
473,19,.,1.767859
473,20,<eos>,-0.0
474,0,We,0.0
474,1,recalled,14.266203
474,2,who,8.667806
474,3,the,5.621344
474,4,actor,10.473022
474,5,said,8.092617
474,6,the,5.484583
474,7,people,7.677125
474,8,knew,6.788198
474,9,he,4.70437
474,10,thought,8.379789
474,11,the,2.944846
474,12,clown,13.25872
474,13,frightened,17.170488
474,14,at,7.039397
474,15,the,1.227455
474,16,party,9.002562
474,17,.,2.061592
474,18,<eos>,-0.0
475,0,We,0.0
475,1,recalled,14.266203
475,2,who,8.667806
475,3,the,5.621344
475,4,actor,10.473022
475,5,said,8.092617
475,6,the,5.484583
475,7,people,7.677125
475,8,knew,6.788198
475,9,he,4.70437
475,10,thought,8.379789
475,11,the,2.944846
475,12,clown,13.25872
475,13,frightened,17.170488
475,14,the,4.112402
475,15,children,8.279721
475,16,at,5.761516
475,17,the,1.302268
475,18,party,8.091217
475,19,.,1.562509
475,20,<eos>,-0.0
476,0,We,0.0
476,1,recalled,14.266203
476,2,that,3.365684
476,3,the,2.013075
476,4,actor,11.769681
476,5,said,7.830475
476,6,the,3.913705
476,7,people,8.64091
476,8,knew,6.995037
476,9,he,4.784596
476,10,thought,8.637093
476,11,the,2.851398
476,12,clown,13.143827
476,13,frightened,17.328083
476,14,at,6.911467
476,15,the,1.182998
476,16,party,9.118289
476,17,.,2.395065
476,18,<eos>,-0.0
477,0,We,0.0
477,1,recalled,14.266203
477,2,that,3.365684
477,3,the,2.013075
477,4,actor,11.769681
477,5,said,7.830475
477,6,the,3.913705
477,7,people,8.64091
477,8,knew,6.995037
477,9,he,4.784596
477,10,thought,8.637093
477,11,the,2.851398
477,12,clown,13.143827
477,13,frightened,17.328083
477,14,the,3.949181
477,15,children,8.031604
477,16,at,5.745949
477,17,the,1.309473
477,18,party,8.257731
477,19,.,1.767859
477,20,<eos>,-0.0
478,0,We,0.0
478,1,recalled,14.266203
478,2,who,8.667806
478,3,the,5.621344
478,4,actor,10.473022
478,5,said,8.092617
478,6,the,5.484583
478,7,people,7.677125
478,8,knew,6.788198
478,9,he,4.70437
478,10,thought,8.379789
478,11,the,2.944846
478,12,clown,13.25872
478,13,frightened,17.170488
478,14,at,7.039397
478,15,the,1.227455
478,16,party,9.002562
478,17,.,2.061592
478,18,<eos>,-0.0
479,0,We,0.0
479,1,recalled,14.266203
479,2,who,8.667806
479,3,the,5.621344
479,4,actor,10.473022
479,5,said,8.092617
479,6,the,5.484583
479,7,people,7.677125
479,8,knew,6.788198
479,9,he,4.70437
479,10,thought,8.379789
479,11,the,2.944846
479,12,clown,13.25872
479,13,frightened,17.170488
479,14,the,4.112402
479,15,children,8.279721
479,16,at,5.761516
479,17,the,1.302268
479,18,party,8.091217
479,19,.,1.562509
479,20,<eos>,-0.0
480,0,He,0.0
480,1,recalled,11.830338
480,2,that,2.828473
480,3,the,2.424241
480,4,terrorist,14.830909
480,5,assassinated,16.114313
480,6,last,17.099928
480,7,night,5.137277
480,8,.,4.487338
480,9,<eos>,-0.0
481,0,He,0.0
481,1,recalled,11.830338
481,2,that,2.828473
481,3,the,2.424241
481,4,terrorist,14.830909
481,5,assassinated,16.114313
481,6,the,3.107085
481,7,politician,12.122751
481,8,last,14.583487
481,9,night,5.323082
481,10,.,2.413624
481,11,<eos>,-0.0
482,0,He,0.0
482,1,recalled,11.830338
482,2,who,10.627078
482,3,the,5.534445
482,4,terrorist,14.249902
482,5,assassinated,13.910382
482,6,last,15.50125
482,7,night,2.127371
482,8,.,2.359213
482,9,<eos>,-0.0
483,0,He,0.0
483,1,recalled,11.830338
483,2,who,10.627078
483,3,the,5.534445
483,4,terrorist,14.249902
483,5,assassinated,13.910382
483,6,the,4.600386
483,7,politician,12.203403
483,8,last,16.16708
483,9,night,5.693766
483,10,.,1.622272
483,11,<eos>,-0.0
484,0,He,0.0
484,1,recalled,11.830338
484,2,that,2.828473
484,3,the,2.424241
484,4,president,10.03449
484,5,said,7.863066
484,6,the,3.477312
484,7,terrorist,13.869028
484,8,assassinated,16.117029
484,9,last,17.567137
484,10,night,4.969607
484,11,.,3.804266
484,12,<eos>,-0.0
485,0,He,0.0
485,1,recalled,11.830338
485,2,that,2.828473
485,3,the,2.424241
485,4,president,10.03449
485,5,said,7.863066
485,6,the,3.477312
485,7,terrorist,13.869028
485,8,assassinated,16.117029
485,9,the,3.339783
485,10,politician,11.732841
485,11,last,15.442138
485,12,night,5.673593
485,13,.,1.878389
485,14,<eos>,-0.0
486,0,He,0.0
486,1,recalled,11.830338
486,2,who,10.627078
486,3,the,5.534445
486,4,president,9.145444
486,5,said,7.122829
486,6,the,5.535992
486,7,terrorist,13.242494
486,8,assassinated,15.557518
486,9,last,17.180784
486,10,night,3.466395
486,11,.,2.181985
486,12,<eos>,-0.0
487,0,He,0.0
487,1,recalled,11.830338
487,2,who,10.627078
487,3,the,5.534445
487,4,president,9.145444
487,5,said,7.122829
487,6,the,5.535992
487,7,terrorist,13.242494
487,8,assassinated,15.557518
487,9,the,4.202351
487,10,politician,11.530722
487,11,last,15.953628
487,12,night,6.346118
487,13,.,1.309302
487,14,<eos>,-0.0
488,0,He,0.0
488,1,recalled,11.830338
488,2,that,2.828473
488,3,the,2.424241
488,4,president,10.03449
488,5,said,7.863066
488,6,the,3.477312
488,7,report,8.842669
488,8,confirmed,11.890493
488,9,the,2.489184
488,10,terrorist,12.400158
488,11,assassinated,20.56307
488,12,last,16.296824
488,13,night,4.344336
488,14,.,1.865767
488,15,<eos>,-0.0
489,0,He,0.0
489,1,recalled,11.830338
489,2,that,2.828473
489,3,the,2.424241
489,4,president,10.03449
489,5,said,7.863066
489,6,the,3.477312
489,7,report,8.842669
489,8,confirmed,11.890493
489,9,the,2.489184
489,10,terrorist,12.400158
489,11,assassinated,20.56307
489,12,the,3.80922
489,13,politician,12.049534
489,14,last,15.858545
489,15,night,5.520703
489,16,.,1.315871
489,17,<eos>,-0.0
490,0,He,0.0
490,1,recalled,11.830338
490,2,who,10.627078
490,3,the,5.534445
490,4,president,9.145444
490,5,said,7.122829
490,6,the,5.535992
490,7,report,10.456765
490,8,confirmed,11.748366
490,9,the,2.683384
490,10,terrorist,12.291722
490,11,assassinated,19.88817
490,12,last,16.547058
490,13,night,4.714303
490,14,.,1.729285
490,15,<eos>,-0.0
491,0,He,0.0
491,1,recalled,11.830338
491,2,who,10.627078
491,3,the,5.534445
491,4,president,9.145444
491,5,said,7.122829
491,6,the,5.535992
491,7,report,10.456765
491,8,confirmed,11.748366
491,9,the,2.683384
491,10,terrorist,12.291722
491,11,assassinated,19.88817
491,12,the,3.416561
491,13,politician,11.896999
491,14,last,16.405918
491,15,night,5.594131
491,16,.,1.20822
491,17,<eos>,-0.0
492,0,He,0.0
492,1,recalled,11.830338
492,2,that,2.828473
492,3,the,2.424241
492,4,president,10.03449
492,5,said,7.863066
492,6,the,3.477312
492,7,report,8.842669
492,8,confirmed,11.890493
492,9,he,5.652
492,10,believed,7.476324
492,11,the,2.460569
492,12,terrorist,11.755661
492,13,assassinated,18.133974
492,14,last,16.151249
492,15,night,5.085008
492,16,.,1.667419
492,17,<eos>,-0.0
493,0,He,0.0
493,1,recalled,11.830338
493,2,that,2.828473
493,3,the,2.424241
493,4,president,10.03449
493,5,said,7.863066
493,6,the,3.477312
493,7,report,8.842669
493,8,confirmed,11.890493
493,9,he,5.652
493,10,believed,7.476324
493,11,the,2.460569
493,12,terrorist,11.755661
493,13,assassinated,18.133974
493,14,the,4.335078
493,15,politician,11.846633
493,16,last,16.43532
493,17,night,5.941672
493,18,.,1.189427
493,19,<eos>,-0.0
494,0,He,0.0
494,1,recalled,11.830338
494,2,who,10.627078
494,3,the,5.534445
494,4,president,9.145444
494,5,said,7.122829
494,6,the,5.535992
494,7,report,10.456765
494,8,confirmed,11.748366
494,9,he,5.047936
494,10,believed,7.323892
494,11,the,2.457618
494,12,terrorist,11.887668
494,13,assassinated,17.825808
494,14,last,16.338184
494,15,night,4.912079
494,16,.,1.560097
494,17,<eos>,-0.0
495,0,He,0.0
495,1,recalled,11.830338
495,2,who,10.627078
495,3,the,5.534445
495,4,president,9.145444
495,5,said,7.122829
495,6,the,5.535992
495,7,report,10.456765
495,8,confirmed,11.748366
495,9,he,5.047936
495,10,believed,7.323892
495,11,the,2.457618
495,12,terrorist,11.887668
495,13,assassinated,17.825808
495,14,the,4.267678
495,15,politician,11.757096
495,16,last,16.577879
495,17,night,5.851738
495,18,.,1.083022
495,19,<eos>,-0.0
496,0,He,0.0
496,1,recalled,11.830338
496,2,that,2.828473
496,3,the,2.424241
496,4,president,10.03449
496,5,said,7.863066
496,6,the,3.477312
496,7,report,8.842669
496,8,confirmed,11.890493
496,9,he,5.652
496,10,believed,7.476324
496,11,the,2.460569
496,12,terrorist,11.755661
496,13,assassinated,18.133974
496,14,last,16.151249
496,15,night,5.085008
496,16,.,1.667419
496,17,<eos>,-0.0
497,0,He,0.0
497,1,recalled,11.830338
497,2,that,2.828473
497,3,the,2.424241
497,4,president,10.03449
497,5,said,7.863066
497,6,the,3.477312
497,7,report,8.842669
497,8,confirmed,11.890493
497,9,he,5.652
497,10,believed,7.476324
497,11,the,2.460569
497,12,terrorist,11.755661
497,13,assassinated,18.133974
497,14,the,4.335078
497,15,politician,11.846633
497,16,last,16.43532
497,17,night,5.941672
497,18,.,1.189427
497,19,<eos>,-0.0
498,0,He,0.0
498,1,recalled,11.830338
498,2,who,10.627078
498,3,the,5.534445
498,4,president,9.145444
498,5,said,7.122829
498,6,the,5.535992
498,7,report,10.456765
498,8,confirmed,11.748366
498,9,he,5.047936
498,10,believed,7.323892
498,11,the,2.457618
498,12,terrorist,11.887668
498,13,assassinated,17.825808
498,14,last,16.338184
498,15,night,4.912079
498,16,.,1.560097
498,17,<eos>,-0.0
499,0,He,0.0
499,1,recalled,11.830338
499,2,who,10.627078
499,3,the,5.534445
499,4,president,9.145444
499,5,said,7.122829
499,6,the,5.535992
499,7,report,10.456765
499,8,confirmed,11.748366
499,9,he,5.047936
499,10,believed,7.323892
499,11,the,2.457618
499,12,terrorist,11.887668
499,13,assassinated,17.825808
499,14,the,4.267678
499,15,politician,11.757096
499,16,last,16.577879
499,17,night,5.851738
499,18,.,1.083022
499,19,<eos>,-0.0
500,0,I,0.0
500,1,know,6.278276
500,2,that,2.352433
500,3,the,2.35511
500,4,librarian,17.073793
500,5,greeted,19.2304
500,6,early,13.510862
500,7,in,5.518608
500,8,the,0.749225
500,9,morning,3.549765
500,10,.,2.719447
500,11,<eos>,-0.0
501,0,I,0.0
501,1,know,6.278276
501,2,that,2.352433
501,3,the,2.35511
501,4,librarian,17.073793
501,5,greeted,19.2304
501,6,the,1.697905
501,7,man,7.574504
501,8,early,14.054453
501,9,in,1.732857
501,10,the,0.976195
501,11,morning,2.926476
501,12,.,2.200665
501,13,<eos>,-0.0
502,0,I,0.0
502,1,know,6.278276
502,2,who,6.580016
502,3,the,5.056487
502,4,librarian,16.219767
502,5,greeted,17.007309
502,6,early,12.579332
502,7,in,2.126847
502,8,the,0.907764
502,9,morning,3.983216
502,10,.,1.358913
502,11,<eos>,-0.0
503,0,I,0.0
503,1,know,6.278276
503,2,who,6.580016
503,3,the,5.056487
503,4,librarian,16.219767
503,5,greeted,17.007309
503,6,the,3.416578
503,7,man,7.11354
503,8,early,14.314771
503,9,in,1.360975
503,10,the,1.211435
503,11,morning,3.726844
503,12,.,1.35389
503,13,<eos>,-0.0
504,0,I,0.0
504,1,know,6.278276
504,2,that,2.352433
504,3,the,2.35511
504,4,mayor,13.542091
504,5,said,10.425508
504,6,the,3.216996
504,7,librarian,17.705677
504,8,greeted,17.800936
504,9,early,13.953335
504,10,in,4.644866
504,11,the,0.726712
504,12,morning,3.170392
504,13,.,2.594927
504,14,<eos>,-0.0
505,0,I,0.0
505,1,know,6.278276
505,2,that,2.352433
505,3,the,2.35511
505,4,mayor,13.542091
505,5,said,10.425508
505,6,the,3.216996
505,7,librarian,17.705677
505,8,greeted,17.800936
505,9,the,1.77977
505,10,man,8.004354
505,11,early,14.447426
505,12,in,1.923285
505,13,the,0.981866
505,14,morning,3.148641
505,15,.,2.066163
505,16,<eos>,-0.0
506,0,I,0.0
506,1,know,6.278276
506,2,who,6.580016
506,3,the,5.056487
506,4,mayor,13.321761
506,5,said,8.945595
506,6,the,5.002458
506,7,librarian,17.130865
506,8,greeted,17.060493
506,9,early,13.563347
506,10,in,4.104127
506,11,the,0.662145
506,12,morning,3.843554
506,13,.,1.415789
506,14,<eos>,-0.0
507,0,I,0.0
507,1,know,6.278276
507,2,who,6.580016
507,3,the,5.056487
507,4,mayor,13.321761
507,5,said,8.945595
507,6,the,5.002458
507,7,librarian,17.130865
507,8,greeted,17.060493
507,9,the,1.727796
507,10,man,8.134369
507,11,early,14.622404
507,12,in,1.475786
507,13,the,0.963637
507,14,morning,3.517536
507,15,.,1.489468
507,16,<eos>,-0.0
508,0,I,0.0
508,1,know,6.278276
508,2,that,2.352433
508,3,the,2.35511
508,4,mayor,13.542091
508,5,said,10.425508
508,6,the,3.216996
508,7,clerk,13.183102
508,8,believed,10.119206
508,9,the,2.86781
508,10,librarian,15.185917
508,11,greeted,17.42909
508,12,early,13.887174
508,13,in,4.553607
508,14,the,0.83761
508,15,morning,2.750084
508,16,.,2.268488
508,17,<eos>,-0.0
509,0,I,0.0
509,1,know,6.278276
509,2,that,2.352433
509,3,the,2.35511
509,4,mayor,13.542091
509,5,said,10.425508
509,6,the,3.216996
509,7,clerk,13.183102
509,8,believed,10.119206
509,9,the,2.86781
509,10,librarian,15.185917
509,11,greeted,17.42909
509,12,the,1.730364
509,13,man,7.551055
509,14,early,13.822015
509,15,in,1.95602
509,16,the,1.048018
509,17,morning,2.883098
509,18,.,1.780795
509,19,<eos>,-0.0
510,0,I,0.0
510,1,know,6.278276
510,2,who,6.580016
510,3,the,5.056487
510,4,mayor,13.321761
510,5,said,8.945595
510,6,the,5.002458
510,7,clerk,13.780059
510,8,believed,10.039076
510,9,the,3.115828
510,10,librarian,15.254903
510,11,greeted,17.41357
510,12,early,14.300837
510,13,in,4.791037
510,14,the,0.775472
510,15,morning,3.24774
510,16,.,1.472534
510,17,<eos>,-0.0
511,0,I,0.0
511,1,know,6.278276
511,2,who,6.580016
511,3,the,5.056487
511,4,mayor,13.321761
511,5,said,8.945595
511,6,the,5.002458
511,7,clerk,13.780059
511,8,believed,10.039076
511,9,the,3.115828
511,10,librarian,15.254903
511,11,greeted,17.41357
511,12,the,1.755088
511,13,man,7.509097
511,14,early,13.998557
511,15,in,1.79701
511,16,the,1.000256
511,17,morning,2.869291
511,18,.,1.354922
511,19,<eos>,-0.0
512,0,I,0.0
512,1,know,6.278276
512,2,that,2.352433
512,3,the,2.35511
512,4,mayor,13.542091
512,5,said,10.425508
512,6,the,3.216996
512,7,clerk,13.183102
512,8,believed,10.119206
512,9,he,3.821882
512,10,witnessed,14.431889
512,11,the,1.152143
512,12,librarian,18.405247
512,13,greeted,19.83919
512,14,early,13.958303
512,15,in,3.788595
512,16,the,0.758004
512,17,morning,2.728467
512,18,.,1.505967
512,19,<eos>,-0.0
513,0,I,0.0
513,1,know,6.278276
513,2,that,2.352433
513,3,the,2.35511
513,4,mayor,13.542091
513,5,said,10.425508
513,6,the,3.216996
513,7,clerk,13.183102
513,8,believed,10.119206
513,9,he,3.821882
513,10,witnessed,14.431889
513,11,the,1.152143
513,12,librarian,18.405247
513,13,greeted,19.83919
513,14,the,1.853699
513,15,man,7.37526
513,16,early,14.450807
513,17,in,1.862124
513,18,the,0.972917
513,19,morning,2.51421
513,20,.,1.495018
513,21,<eos>,-0.0
514,0,I,0.0
514,1,know,6.278276
514,2,who,6.580016
514,3,the,5.056487
514,4,mayor,13.321761
514,5,said,8.945595
514,6,the,5.002458
514,7,clerk,13.780059
514,8,believed,10.039076
514,9,he,4.123365
514,10,witnessed,13.512553
514,11,the,1.130379
514,12,librarian,18.243307
514,13,greeted,19.900684
514,14,early,13.828132
514,15,in,3.478637
514,16,the,0.736849
514,17,morning,2.960948
514,18,.,1.151966
514,19,<eos>,-0.0
515,0,I,0.0
515,1,know,6.278276
515,2,who,6.580016
515,3,the,5.056487
515,4,mayor,13.321761
515,5,said,8.945595
515,6,the,5.002458
515,7,clerk,13.780059
515,8,believed,10.039076
515,9,he,4.123365
515,10,witnessed,13.512553
515,11,the,1.130379
515,12,librarian,18.243307
515,13,greeted,19.900684
515,14,the,1.86124
515,15,man,7.279387
515,16,early,14.400002
515,17,in,1.803786
515,18,the,0.953856
515,19,morning,2.601376
515,20,.,1.174139
515,21,<eos>,-0.0
516,0,I,0.0
516,1,know,6.278276
516,2,that,2.352433
516,3,the,2.35511
516,4,mayor,13.542091
516,5,said,10.425508
516,6,the,3.216996
516,7,clerk,13.183102
516,8,believed,10.119206
516,9,he,3.821882
516,10,witnessed,14.431889
516,11,the,1.152143
516,12,librarian,18.405247
516,13,greeted,19.83919
516,14,early,13.958303
516,15,in,3.788595
516,16,the,0.758004
516,17,morning,2.728467
516,18,.,1.505967
516,19,<eos>,-0.0
517,0,I,0.0
517,1,know,6.278276
517,2,that,2.352433
517,3,the,2.35511
517,4,mayor,13.542091
517,5,said,10.425508
517,6,the,3.216996
517,7,clerk,13.183102
517,8,believed,10.119206
517,9,he,3.821882
517,10,witnessed,14.431889
517,11,the,1.152143
517,12,librarian,18.405247
517,13,greeted,19.83919
517,14,the,1.853699
517,15,man,7.37526
517,16,early,14.450807
517,17,in,1.862124
517,18,the,0.972917
517,19,morning,2.51421
517,20,.,1.495018
517,21,<eos>,-0.0
518,0,I,0.0
518,1,know,6.278276
518,2,who,6.580016
518,3,the,5.056487
518,4,mayor,13.321761
518,5,said,8.945595
518,6,the,5.002458
518,7,clerk,13.780059
518,8,believed,10.039076
518,9,he,4.123365
518,10,witnessed,13.512553
518,11,the,1.130379
518,12,librarian,18.243307
518,13,greeted,19.900684
518,14,early,13.828132
518,15,in,3.478637
518,16,the,0.736849
518,17,morning,2.960948
518,18,.,1.151966
518,19,<eos>,-0.0
519,0,I,0.0
519,1,know,6.278276
519,2,who,6.580016
519,3,the,5.056487
519,4,mayor,13.321761
519,5,said,8.945595
519,6,the,5.002458
519,7,clerk,13.780059
519,8,believed,10.039076
519,9,he,4.123365
519,10,witnessed,13.512553
519,11,the,1.130379
519,12,librarian,18.243307
519,13,greeted,19.900684
519,14,the,1.86124
519,15,man,7.279387
519,16,early,14.400002
519,17,in,1.803786
519,18,the,0.953856
519,19,morning,2.601376
519,20,.,1.174139
519,21,<eos>,-0.0
520,0,You,0.0
520,1,know,6.225534
520,2,that,3.970907
520,3,the,2.063794
520,4,millionaire,17.189167
520,5,supported,14.14707
520,6,last,15.982223
520,7,year,6.068705
520,8,.,3.228567
520,9,<eos>,-0.0
521,0,You,0.0
521,1,know,6.225534
521,2,that,3.970907
521,3,the,2.063794
521,4,millionaire,17.189167
521,5,supported,14.14707
521,6,the,2.08762
521,7,candidate,14.021808
521,8,last,14.551661
521,9,year,1.920138
521,10,.,2.272165
521,11,<eos>,-0.0
522,0,You,0.0
522,1,know,6.225534
522,2,who,7.834128
522,3,the,4.899722
522,4,millionaire,15.001207
522,5,supported,14.470551
522,6,last,14.332657
522,7,year,4.691503
522,8,.,1.628703
522,9,<eos>,-0.0
523,0,You,0.0
523,1,know,6.225534
523,2,who,7.834128
523,3,the,4.899722
523,4,millionaire,15.001207
523,5,supported,14.470551
523,6,the,3.598889
523,7,candidate,13.857165
523,8,last,13.730038
523,9,year,2.058748
523,10,.,1.625446
523,11,<eos>,-0.0
524,0,You,0.0
524,1,know,6.225534
524,2,that,3.970907
524,3,the,2.063794
524,4,lobbyist,21.37114
524,5,believed,9.774343
524,6,the,3.340664
524,7,millionaire,16.288849
524,8,supported,12.123897
524,9,last,16.056383
524,10,year,5.38139
524,11,.,2.544129
524,12,<eos>,-0.0
525,0,You,0.0
525,1,know,6.225534
525,2,that,3.970907
525,3,the,2.063794
525,4,lobbyist,21.37114
525,5,believed,9.774343
525,6,the,3.340664
525,7,millionaire,16.288849
525,8,supported,12.123897
525,9,the,2.042807
525,10,candidate,12.919133
525,11,last,15.787682
525,12,year,2.093243
525,13,.,2.006622
525,14,<eos>,-0.0
526,0,You,0.0
526,1,know,6.225534
526,2,who,7.834128
526,3,the,4.899722
526,4,lobbyist,20.70472
526,5,believed,10.047364
526,6,the,5.17522
526,7,millionaire,15.470713
526,8,supported,12.812223
526,9,last,17.056492
526,10,year,3.642574
526,11,.,1.61007
526,12,<eos>,-0.0
527,0,You,0.0
527,1,know,6.225534
527,2,who,7.834128
527,3,the,4.899722
527,4,lobbyist,20.70472
527,5,believed,10.047364
527,6,the,5.17522
527,7,millionaire,15.470713
527,8,supported,12.812223
527,9,the,3.226646
527,10,candidate,12.838513
527,11,last,15.090849
527,12,year,1.76876
527,13,.,1.47766
527,14,<eos>,-0.0
528,0,You,0.0
528,1,know,6.225534
528,2,that,3.970907
528,3,the,2.063794
528,4,lobbyist,21.37114
528,5,believed,9.774343
528,6,the,3.340664
528,7,secretary,13.683255
528,8,said,9.553503
528,9,the,3.194377
528,10,millionaire,17.111671
528,11,supported,12.286311
528,12,last,16.661827
528,13,year,5.139873
528,14,.,2.129072
528,15,<eos>,-0.0
529,0,You,0.0
529,1,know,6.225534
529,2,that,3.970907
529,3,the,2.063794
529,4,lobbyist,21.37114
529,5,believed,9.774343
529,6,the,3.340664
529,7,secretary,13.683255
529,8,said,9.553503
529,9,the,3.194377
529,10,millionaire,17.111671
529,11,supported,12.286311
529,12,the,1.977612
529,13,candidate,13.414415
529,14,last,16.32226
529,15,year,1.93498
529,16,.,1.713495
529,17,<eos>,-0.0
530,0,You,0.0
530,1,know,6.225534
530,2,who,7.834128
530,3,the,4.899722
530,4,lobbyist,20.70472
530,5,believed,10.047364
530,6,the,5.17522
530,7,secretary,13.828888
530,8,said,7.627215
530,9,the,5.877343
530,10,millionaire,15.607613
530,11,supported,12.333965
530,12,last,16.25359
530,13,year,2.876815
530,14,.,1.415861
530,15,<eos>,-0.0
531,0,You,0.0
531,1,know,6.225534
531,2,who,7.834128
531,3,the,4.899722
531,4,lobbyist,20.70472
531,5,believed,10.047364
531,6,the,5.17522
531,7,secretary,13.828888
531,8,said,7.627215
531,9,the,5.877343
531,10,millionaire,15.607613
531,11,supported,12.333965
531,12,the,2.994825
531,13,candidate,13.60757
531,14,last,15.311672
531,15,year,1.486288
531,16,.,1.418113
531,17,<eos>,-0.0
532,0,You,0.0
532,1,know,6.225534
532,2,that,3.970907
532,3,the,2.063794
532,4,lobbyist,21.37114
532,5,believed,9.774343
532,6,the,3.340664
532,7,secretary,13.683255
532,8,said,9.553503
532,9,she,6.827534
532,10,saw,8.744182
532,11,the,2.192648
532,12,millionaire,16.378712
532,13,supported,15.782373
532,14,last,17.065399
532,15,year,5.193103
532,16,.,2.133183
532,17,<eos>,-0.0
533,0,You,0.0
533,1,know,6.225534
533,2,that,3.970907
533,3,the,2.063794
533,4,lobbyist,21.37114
533,5,believed,9.774343
533,6,the,3.340664
533,7,secretary,13.683255
533,8,said,9.553503
533,9,she,6.827534
533,10,saw,8.744182
533,11,the,2.192648
533,12,millionaire,16.378712
533,13,supported,15.782373
533,14,the,3.027724
533,15,candidate,12.956
533,16,last,16.812517
533,17,year,2.124349
533,18,.,1.733746
533,19,<eos>,-0.0
534,0,You,0.0
534,1,know,6.225534
534,2,who,7.834128
534,3,the,4.899722
534,4,lobbyist,20.70472
534,5,believed,10.047364
534,6,the,5.17522
534,7,secretary,13.828888
534,8,said,7.627215
534,9,she,9.23651
534,10,saw,8.093054
534,11,the,3.526179
534,12,millionaire,15.921331
534,13,supported,15.838509
534,14,last,17.095894
534,15,year,4.005259
534,16,.,1.787014
534,17,<eos>,-0.0
535,0,You,0.0
535,1,know,6.225534
535,2,who,7.834128
535,3,the,4.899722
535,4,lobbyist,20.70472
535,5,believed,10.047364
535,6,the,5.17522
535,7,secretary,13.828888
535,8,said,7.627215
535,9,she,9.23651
535,10,saw,8.093054
535,11,the,3.526179
535,12,millionaire,15.921331
535,13,supported,15.838509
535,14,the,4.439247
535,15,candidate,13.364656
535,16,last,16.284149
535,17,year,1.68226
535,18,.,1.497408
535,19,<eos>,-0.0
536,0,You,0.0
536,1,know,6.225534
536,2,that,3.970907
536,3,the,2.063794
536,4,lobbyist,21.37114
536,5,believed,9.774343
536,6,the,3.340664
536,7,secretary,13.683255
536,8,said,9.553503
536,9,she,6.827534
536,10,saw,8.744182
536,11,the,2.192648
536,12,millionaire,16.378712
536,13,supported,15.782373
536,14,last,17.065399
536,15,year,5.193103
536,16,.,2.133183
536,17,<eos>,-0.0
537,0,You,0.0
537,1,know,6.225534
537,2,that,3.970907
537,3,the,2.063794
537,4,lobbyist,21.37114
537,5,believed,9.774343
537,6,the,3.340664
537,7,secretary,13.683255
537,8,said,9.553503
537,9,she,6.827534
537,10,saw,8.744182
537,11,the,2.192648
537,12,millionaire,16.378712
537,13,supported,15.782373
537,14,the,3.027724
537,15,candidate,12.956
537,16,last,16.812517
537,17,year,2.124349
537,18,.,1.733746
537,19,<eos>,-0.0
538,0,You,0.0
538,1,know,6.225534
538,2,who,7.834128
538,3,the,4.899722
538,4,lobbyist,20.70472
538,5,believed,10.047364
538,6,the,5.17522
538,7,secretary,13.828888
538,8,said,7.627215
538,9,she,9.23651
538,10,saw,8.093054
538,11,the,3.526179
538,12,millionaire,15.921331
538,13,supported,15.838509
538,14,last,17.095894
538,15,year,4.005259
538,16,.,1.787014
538,17,<eos>,-0.0
539,0,You,0.0
539,1,know,6.225534
539,2,who,7.834128
539,3,the,4.899722
539,4,lobbyist,20.70472
539,5,believed,10.047364
539,6,the,5.17522
539,7,secretary,13.828888
539,8,said,7.627215
539,9,she,9.23651
539,10,saw,8.093054
539,11,the,3.526179
539,12,millionaire,15.921331
539,13,supported,15.838509
539,14,the,4.439247
539,15,candidate,13.364656
539,16,last,16.284149
539,17,year,1.68226
539,18,.,1.497408
539,19,<eos>,-0.0
540,0,I,0.0
540,1,know,6.278276
540,2,that,2.352433
540,3,the,2.35511
540,4,president,10.562896
540,5,congratulated,17.136978
540,6,over,11.382117
540,7,lunch,15.642199
540,8,.,1.967608
540,9,<eos>,-0.0
541,0,I,0.0
541,1,know,6.278276
541,2,that,2.352433
541,3,the,2.35511
541,4,president,10.562896
541,5,congratulated,17.136978
541,6,the,2.478566
541,7,athletes,12.597507
541,8,over,7.905121
541,9,lunch,10.974348
541,10,.,1.321564
541,11,<eos>,-0.0
542,0,I,0.0
542,1,know,6.278276
542,2,who,6.580016
542,3,the,5.056487
542,4,president,9.935833
542,5,congratulated,16.43532
542,6,over,11.207549
542,7,lunch,13.974316
542,8,.,1.198161
542,9,<eos>,-0.0
543,0,I,0.0
543,1,know,6.278276
543,2,who,6.580016
543,3,the,5.056487
543,4,president,9.935833
543,5,congratulated,16.43532
543,6,the,3.762908
543,7,athletes,12.00221
543,8,over,8.26876
543,9,lunch,13.064277
543,10,.,1.06173
543,11,<eos>,-0.0
544,0,I,0.0
544,1,know,6.278276
544,2,that,2.352433
544,3,the,2.35511
544,4,coach,13.491508
544,5,said,10.004469
544,6,the,3.189495
544,7,president,9.481625
544,8,congratulated,16.191071
544,9,over,12.817881
544,10,lunch,15.133642
544,11,.,1.830817
544,12,<eos>,-0.0
545,0,I,0.0
545,1,know,6.278276
545,2,that,2.352433
545,3,the,2.35511
545,4,coach,13.491508
545,5,said,10.004469
545,6,the,3.189495
545,7,president,9.481625
545,8,congratulated,16.191071
545,9,the,3.230364
545,10,athletes,8.701383
545,11,over,7.932967
545,12,lunch,10.537488
545,13,.,1.295604
545,14,<eos>,-0.0
546,0,I,0.0
546,1,know,6.278276
546,2,who,6.580016
546,3,the,5.056487
546,4,coach,12.526186
546,5,said,9.138858
546,6,the,4.897272
546,7,president,9.31299
546,8,congratulated,15.561345
546,9,over,11.169673
546,10,lunch,13.503189
546,11,.,1.143943
546,12,<eos>,-0.0
547,0,I,0.0
547,1,know,6.278276
547,2,who,6.580016
547,3,the,5.056487
547,4,coach,12.526186
547,5,said,9.138858
547,6,the,4.897272
547,7,president,9.31299
547,8,congratulated,15.561345
547,9,the,3.677068
547,10,athletes,9.246365
547,11,over,7.808729
547,12,lunch,11.671562
547,13,.,1.035893
547,14,<eos>,-0.0
548,0,I,0.0
548,1,know,6.278276
548,2,that,2.352433
548,3,the,2.35511
548,4,coach,13.491508
548,5,said,10.004469
548,6,the,3.189495
548,7,assistant,13.529103
548,8,believed,11.922255
548,9,the,3.134073
548,10,president,9.264897
548,11,congratulated,17.836102
548,12,over,12.976341
548,13,lunch,15.704608
548,14,.,1.635897
548,15,<eos>,-0.0
549,0,I,0.0
549,1,know,6.278276
549,2,that,2.352433
549,3,the,2.35511
549,4,coach,13.491508
549,5,said,10.004469
549,6,the,3.189495
549,7,assistant,13.529103
549,8,believed,11.922255
549,9,the,3.134073
549,10,president,9.264897
549,11,congratulated,17.836102
549,12,the,3.395118
549,13,athletes,8.756517
549,14,over,8.020373
549,15,lunch,11.143205
549,16,.,1.085604
549,17,<eos>,-0.0
550,0,I,0.0
550,1,know,6.278276
550,2,who,6.580016
550,3,the,5.056487
550,4,coach,12.526186
550,5,said,9.138858
550,6,the,4.897272
550,7,assistant,13.73425
550,8,believed,13.159837
550,9,the,4.140643
550,10,president,8.484797
550,11,congratulated,17.141962
550,12,over,11.992476
550,13,lunch,15.243331
550,14,.,1.163361
550,15,<eos>,-0.0
551,0,I,0.0
551,1,know,6.278276
551,2,who,6.580016
551,3,the,5.056487
551,4,coach,12.526186
551,5,said,9.138858
551,6,the,4.897272
551,7,assistant,13.73425
551,8,believed,13.159837
551,9,the,4.140643
551,10,president,8.484797
551,11,congratulated,17.141962
551,12,the,3.241717
551,13,athletes,9.346536
551,14,over,8.338048
551,15,lunch,11.021443
551,16,.,0.893725
551,17,<eos>,-0.0
552,0,I,0.0
552,1,know,6.278276
552,2,that,2.352433
552,3,the,2.35511
552,4,coach,13.491508
552,5,said,10.004469
552,6,the,3.189495
552,7,assistant,13.529103
552,8,believed,11.922255
552,9,he,3.594095
552,10,remembered,14.393239
552,11,the,2.065271
552,12,president,11.036918
552,13,congratulated,20.858459
552,14,over,12.283439
552,15,lunch,15.603759
552,16,.,1.343923
552,17,<eos>,-0.0
553,0,I,0.0
553,1,know,6.278276
553,2,that,2.352433
553,3,the,2.35511
553,4,coach,13.491508
553,5,said,10.004469
553,6,the,3.189495
553,7,assistant,13.529103
553,8,believed,11.922255
553,9,he,3.594095
553,10,remembered,14.393239
553,11,the,2.065271
553,12,president,11.036918
553,13,congratulated,20.858459
553,14,the,3.76484
553,15,athletes,10.27166
553,16,over,7.295838
553,17,lunch,11.805484
553,18,.,1.125667
553,19,<eos>,-0.0
554,0,I,0.0
554,1,know,6.278276
554,2,who,6.580016
554,3,the,5.056487
554,4,coach,12.526186
554,5,said,9.138858
554,6,the,4.897272
554,7,assistant,13.73425
554,8,believed,13.159837
554,9,he,4.484371
554,10,remembered,14.371391
554,11,the,2.789052
554,12,president,10.802636
554,13,congratulated,20.628532
554,14,over,12.210222
554,15,lunch,15.653314
554,16,.,1.082362
554,17,<eos>,-0.0
555,0,I,0.0
555,1,know,6.278276
555,2,who,6.580016
555,3,the,5.056487
555,4,coach,12.526186
555,5,said,9.138858
555,6,the,4.897272
555,7,assistant,13.73425
555,8,believed,13.159837
555,9,he,4.484371
555,10,remembered,14.371391
555,11,the,2.789052
555,12,president,10.802636
555,13,congratulated,20.628532
555,14,the,4.00291
555,15,athletes,10.981919
555,16,over,7.590271
555,17,lunch,11.808377
555,18,.,0.912531
555,19,<eos>,-0.0
556,0,I,0.0
556,1,know,6.278276
556,2,that,2.352433
556,3,the,2.35511
556,4,coach,13.491508
556,5,said,10.004469
556,6,the,3.189495
556,7,assistant,13.529103
556,8,believed,11.922255
556,9,he,3.594095
556,10,remembered,14.393239
556,11,the,2.065271
556,12,president,11.036918
556,13,congratulated,20.858459
556,14,over,12.283439
556,15,lunch,15.603759
556,16,.,1.343923
556,17,<eos>,-0.0
557,0,I,0.0
557,1,know,6.278276
557,2,that,2.352433
557,3,the,2.35511
557,4,coach,13.491508
557,5,said,10.004469
557,6,the,3.189495
557,7,assistant,13.529103
557,8,believed,11.922255
557,9,he,3.594095
557,10,remembered,14.393239
557,11,the,2.065271
557,12,president,11.036918
557,13,congratulated,20.858459
557,14,the,3.76484
557,15,athletes,10.27166
557,16,over,7.295838
557,17,lunch,11.805484
557,18,.,1.125667
557,19,<eos>,-0.0
558,0,I,0.0
558,1,know,6.278276
558,2,who,6.580016
558,3,the,5.056487
558,4,coach,12.526186
558,5,said,9.138858
558,6,the,4.897272
558,7,assistant,13.73425
558,8,believed,13.159837
558,9,he,4.484371
558,10,remembered,14.371391
558,11,the,2.789052
558,12,president,10.802636
558,13,congratulated,20.628532
558,14,over,12.210222
558,15,lunch,15.653314
558,16,.,1.082362
558,17,<eos>,-0.0
559,0,I,0.0
559,1,know,6.278276
559,2,who,6.580016
559,3,the,5.056487
559,4,coach,12.526186
559,5,said,9.138858
559,6,the,4.897272
559,7,assistant,13.73425
559,8,believed,13.159837
559,9,he,4.484371
559,10,remembered,14.371391
559,11,the,2.789052
559,12,president,10.802636
559,13,congratulated,20.628532
559,14,the,4.00291
559,15,athletes,10.981919
559,16,over,7.590271
559,17,lunch,11.808377
559,18,.,0.912531
559,19,<eos>,-0.0
560,0,You,0.0
560,1,know,6.225534
560,2,that,3.970907
560,3,the,2.063794
560,4,man,8.219696
560,5,introduced,12.602191
560,6,to,4.017759
560,7,his,4.546753
560,8,family,4.859865
560,9,.,8.398691
560,10,<eos>,-0.0
561,0,You,0.0
561,1,know,6.225534
561,2,that,3.970907
561,3,the,2.063794
561,4,man,8.219696
561,5,introduced,12.602191
561,6,his,4.607611
561,7,friends,8.927073
561,8,to,1.535687
561,9,his,3.686195
561,10,family,5.368348
561,11,.,2.132354
561,12,<eos>,-0.0
562,0,You,0.0
562,1,know,6.225534
562,2,who,7.834128
562,3,the,4.899722
562,4,man,7.080769
562,5,introduced,13.180427
562,6,to,2.399301
562,7,his,4.497185
562,8,family,4.911422
562,9,.,1.990896
562,10,<eos>,-0.0
563,0,You,0.0
563,1,know,6.225534
563,2,who,7.834128
563,3,the,4.899722
563,4,man,7.080769
563,5,introduced,13.180427
563,6,his,8.299656
563,7,friends,8.98951
563,8,to,1.981834
563,9,his,5.161623
563,10,family,5.160229
563,11,.,1.296293
563,12,<eos>,-0.0
564,0,You,0.0
564,1,know,6.225534
564,2,that,3.970907
564,3,the,2.063794
564,4,woman,10.021988
564,5,said,8.769319
564,6,the,4.093726
564,7,man,5.765569
564,8,introduced,13.812064
564,9,to,4.807705
564,10,his,5.232211
564,11,family,5.240397
564,12,.,5.576883
564,13,<eos>,-0.0
565,0,You,0.0
565,1,know,6.225534
565,2,that,3.970907
565,3,the,2.063794
565,4,woman,10.021988
565,5,said,8.769319
565,6,the,4.093726
565,7,man,5.765569
565,8,introduced,13.812064
565,9,his,5.296586
565,10,friends,9.796028
565,11,to,1.491312
565,12,his,4.211313
565,13,family,5.320086
565,14,.,1.730495
565,15,<eos>,-0.0
566,0,You,0.0
566,1,know,6.225534
566,2,who,7.834128
566,3,the,4.899722
566,4,woman,9.275633
566,5,said,8.137685
566,6,the,5.698429
566,7,man,6.107989
566,8,introduced,12.847276
566,9,to,2.87355
566,10,his,4.796117
566,11,family,4.686965
566,12,.,1.791112
566,13,<eos>,-0.0
567,0,You,0.0
567,1,know,6.225534
567,2,who,7.834128
567,3,the,4.899722
567,4,woman,9.275633
567,5,said,8.137685
567,6,the,5.698429
567,7,man,6.107989
567,8,introduced,12.847276
567,9,his,8.413302
567,10,friends,9.027748
567,11,to,1.462173
567,12,his,4.980515
567,13,family,5.103099
567,14,.,1.187808
567,15,<eos>,-0.0
568,0,You,0.0
568,1,know,6.225534
568,2,that,3.970907
568,3,the,2.063794
568,4,woman,10.021988
568,5,said,8.769319
568,6,the,4.093726
568,7,neighbor,14.562593
568,8,thought,9.443845
568,9,the,3.736657
568,10,man,6.175142
568,11,introduced,15.366042
568,12,to,4.576113
568,13,his,5.343956
568,14,family,5.204366
568,15,.,5.464211
568,16,<eos>,-0.0
569,0,You,0.0
569,1,know,6.225534
569,2,that,3.970907
569,3,the,2.063794
569,4,woman,10.021988
569,5,said,8.769319
569,6,the,4.093726
569,7,neighbor,14.562593
569,8,thought,9.443845
569,9,the,3.736657
569,10,man,6.175142
569,11,introduced,15.366042
569,12,his,5.402109
569,13,friends,10.148089
569,14,to,1.582309
569,15,his,4.181499
569,16,family,5.259268
569,17,.,1.405417
569,18,<eos>,-0.0
570,0,You,0.0
570,1,know,6.225534
570,2,who,7.834128
570,3,the,4.899722
570,4,woman,9.275633
570,5,said,8.137685
570,6,the,5.698429
570,7,neighbor,13.34979
570,8,thought,10.057963
570,9,the,6.172292
570,10,man,6.457374
570,11,introduced,14.095805
570,12,to,2.772897
570,13,his,4.76544
570,14,family,4.718332
570,15,.,1.77581
570,16,<eos>,-0.0
571,0,You,0.0
571,1,know,6.225534
571,2,who,7.834128
571,3,the,4.899722
571,4,woman,9.275633
571,5,said,8.137685
571,6,the,5.698429
571,7,neighbor,13.34979
571,8,thought,10.057963
571,9,the,6.172292
571,10,man,6.457374
571,11,introduced,14.095805
571,12,his,9.58227
571,13,friends,9.624101
571,14,to,1.352216
571,15,his,5.299644
571,16,family,4.89904
571,17,.,1.043065
571,18,<eos>,-0.0
572,0,You,0.0
572,1,know,6.225534
572,2,that,3.970907
572,3,the,2.063794
572,4,woman,10.021988
572,5,said,8.769319
572,6,the,4.093726
572,7,neighbor,14.562593
572,8,thought,9.443845
572,9,he,3.628174
572,10,recalled,17.519623
572,11,the,2.531187
572,12,man,7.123699
572,13,introduced,15.152544
572,14,to,2.080256
572,15,his,4.734147
572,16,family,4.620069
572,17,.,1.765821
572,18,<eos>,-0.0
573,0,You,0.0
573,1,know,6.225534
573,2,that,3.970907
573,3,the,2.063794
573,4,woman,10.021988
573,5,said,8.769319
573,6,the,4.093726
573,7,neighbor,14.562593
573,8,thought,9.443845
573,9,he,3.628174
573,10,recalled,17.519623
573,11,the,2.531187
573,12,man,7.123699
573,13,introduced,15.152544
573,14,his,8.125223
573,15,friends,9.551105
573,16,to,1.495528
573,17,his,3.97007
573,18,family,5.561342
573,19,.,1.354728
573,20,<eos>,-0.0
574,0,You,0.0
574,1,know,6.225534
574,2,who,7.834128
574,3,the,4.899722
574,4,woman,9.275633
574,5,said,8.137685
574,6,the,5.698429
574,7,neighbor,13.34979
574,8,thought,10.057963
574,9,he,5.960351
574,10,recalled,16.174072
574,11,the,5.52932
574,12,man,8.008626
574,13,introduced,13.28686
574,14,to,2.285374
574,15,his,4.614994
574,16,family,4.289676
574,17,.,1.279873
574,18,<eos>,-0.0
575,0,You,0.0
575,1,know,6.225534
575,2,who,7.834128
575,3,the,4.899722
575,4,woman,9.275633
575,5,said,8.137685
575,6,the,5.698429
575,7,neighbor,13.34979
575,8,thought,10.057963
575,9,he,5.960351
575,10,recalled,16.174072
575,11,the,5.52932
575,12,man,8.008626
575,13,introduced,13.28686
575,14,his,10.685942
575,15,friends,9.207336
575,16,to,1.450994
575,17,his,4.793774
575,18,family,5.361936
575,19,.,1.17919
575,20,<eos>,-0.0
576,0,You,0.0
576,1,know,6.225534
576,2,that,3.970907
576,3,the,2.063794
576,4,woman,10.021988
576,5,said,8.769319
576,6,the,4.093726
576,7,neighbor,14.562593
576,8,thought,9.443845
576,9,he,3.628174
576,10,recalled,17.519623
576,11,the,2.531187
576,12,man,7.123699
576,13,introduced,15.152544
576,14,to,2.080256
576,15,his,4.734147
576,16,family,4.620069
576,17,.,1.765821
576,18,<eos>,-0.0
577,0,You,0.0
577,1,know,6.225534
577,2,that,3.970907
577,3,the,2.063794
577,4,woman,10.021988
577,5,said,8.769319
577,6,the,4.093726
577,7,neighbor,14.562593
577,8,thought,9.443845
577,9,he,3.628174
577,10,recalled,17.519623
577,11,the,2.531187
577,12,man,7.123699
577,13,introduced,15.152544
577,14,his,8.125223
577,15,friends,9.551105
577,16,to,1.495528
577,17,his,3.97007
577,18,family,5.561342
577,19,.,1.354728
577,20,<eos>,-0.0
578,0,You,0.0
578,1,know,6.225534
578,2,who,7.834128
578,3,the,4.899722
578,4,woman,9.275633
578,5,said,8.137685
578,6,the,5.698429
578,7,neighbor,13.34979
578,8,thought,10.057963
578,9,he,5.960351
578,10,recalled,16.174072
578,11,the,5.52932
578,12,man,8.008626
578,13,introduced,13.28686
578,14,to,2.285374
578,15,his,4.614994
578,16,family,4.289676
578,17,.,1.279873
578,18,<eos>,-0.0
579,0,You,0.0
579,1,know,6.225534
579,2,who,7.834128
579,3,the,4.899722
579,4,woman,9.275633
579,5,said,8.137685
579,6,the,5.698429
579,7,neighbor,13.34979
579,8,thought,10.057963
579,9,he,5.960351
579,10,recalled,16.174072
579,11,the,5.52932
579,12,man,8.008626
579,13,introduced,13.28686
579,14,his,10.685942
579,15,friends,9.207336
579,16,to,1.450994
579,17,his,4.793774
579,18,family,5.361936
579,19,.,1.17919
579,20,<eos>,-0.0
580,0,He,0.0
580,1,knows,11.52312
580,2,that,2.297416
580,3,the,2.267236
580,4,woman,9.400251
580,5,waited,15.895609
580,6,for,1.313794
580,7,at,12.10639
580,8,the,3.938046
580,9,bus,10.936217
580,10,stop,1.878393
580,11,.,2.564456
580,12,<eos>,-0.0
581,0,He,0.0
581,1,knows,11.52312
581,2,that,2.297416
581,3,the,2.267236
581,4,woman,9.400251
581,5,waited,15.895609
581,6,for,1.313794
581,7,her,2.985915
581,8,friend,9.542389
581,9,at,7.584496
581,10,the,1.001865
581,11,bus,11.094177
581,12,stop,2.495968
581,13,.,2.036238
581,14,<eos>,-0.0
582,0,He,0.0
582,1,knows,11.52312
582,2,who,6.622077
582,3,the,4.020604
582,4,woman,8.165889
582,5,waited,16.133888
582,6,for,1.334658
582,7,at,7.481064
582,8,the,1.070469
582,9,bus,12.258729
582,10,stop,1.980622
582,11,.,1.492357
582,12,<eos>,-0.0
583,0,He,0.0
583,1,knows,11.52312
583,2,who,6.622077
583,3,the,4.020604
583,4,woman,8.165889
583,5,waited,16.133888
583,6,for,1.334658
583,7,her,4.427075
583,8,friend,7.841459
583,9,at,7.463861
583,10,the,0.93005
583,11,bus,11.932587
583,12,stop,2.652752
583,13,.,1.427309
583,14,<eos>,-0.0
584,0,He,0.0
584,1,knows,11.52312
584,2,that,2.297416
584,3,the,2.267236
584,4,man,6.93631
584,5,believed,11.630658
584,6,the,3.694243
584,7,woman,8.545039
584,8,waited,16.090473
584,9,for,1.435863
584,10,at,12.730266
584,11,the,3.824783
584,12,bus,11.629757
584,13,stop,2.135737
584,14,.,2.254355
584,15,<eos>,-0.0
585,0,He,0.0
585,1,knows,11.52312
585,2,that,2.297416
585,3,the,2.267236
585,4,man,6.93631
585,5,believed,11.630658
585,6,the,3.694243
585,7,woman,8.545039
585,8,waited,16.090473
585,9,for,1.435863
585,10,her,3.214808
585,11,friend,9.817727
585,12,at,7.651716
585,13,the,1.001444
585,14,bus,11.831386
585,15,stop,2.673562
585,16,.,1.782817
585,17,<eos>,-0.0
586,0,He,0.0
586,1,knows,11.52312
586,2,who,6.622077
586,3,the,4.020604
586,4,man,5.863103
586,5,believed,11.256536
586,6,the,5.331831
586,7,woman,8.050152
586,8,waited,14.735866
586,9,for,1.224439
586,10,at,7.616708
586,11,the,1.093379
586,12,bus,13.064509
586,13,stop,2.043689
586,14,.,1.295483
586,15,<eos>,-0.0
587,0,He,0.0
587,1,knows,11.52312
587,2,who,6.622077
587,3,the,4.020604
587,4,man,5.863103
587,5,believed,11.256536
587,6,the,5.331831
587,7,woman,8.050152
587,8,waited,14.735866
587,9,for,1.224439
587,10,her,4.760504
587,11,friend,7.90791
587,12,at,7.606363
587,13,the,0.907955
587,14,bus,12.393616
587,15,stop,2.915991
587,16,.,1.316926
587,17,<eos>,-0.0
588,0,He,0.0
588,1,knows,11.52312
588,2,that,2.297416
588,3,the,2.267236
588,4,man,6.93631
588,5,believed,11.630658
588,6,the,3.694243
588,7,he,13.400775
588,8,concluded,18.417385
588,9,the,2.920257
588,10,woman,11.229294
588,11,waited,15.2925
588,12,for,1.400324
588,13,at,12.188008
588,14,the,4.142337
588,15,bus,12.019959
588,16,stop,1.891813
588,17,.,1.932187
588,18,<eos>,-0.0
589,0,He,0.0
589,1,knows,11.52312
589,2,that,2.297416
589,3,the,2.267236
589,4,man,6.93631
589,5,believed,11.630658
589,6,the,3.694243
589,7,he,13.400775
589,8,concluded,18.417385
589,9,the,2.920257
589,10,woman,11.229294
589,11,waited,15.2925
589,12,for,1.400324
589,13,her,3.339693
589,14,friend,9.819205
589,15,at,7.909255
589,16,the,0.997315
589,17,bus,11.942587
589,18,stop,2.74069
589,19,.,1.539973
589,20,<eos>,-0.0
590,0,He,0.0
590,1,knows,11.52312
590,2,who,6.622077
590,3,the,4.020604
590,4,man,5.863103
590,5,believed,11.256536
590,6,the,5.331831
590,7,he,15.295509
590,8,concluded,18.595989
590,9,the,5.841219
590,10,woman,10.230927
590,11,waited,14.123478
590,12,for,1.085742
590,13,at,6.995952
590,14,the,1.089976
590,15,bus,13.10352
590,16,stop,2.01632
590,17,.,1.25104
590,18,<eos>,-0.0
591,0,He,0.0
591,1,knows,11.52312
591,2,who,6.622077
591,3,the,4.020604
591,4,man,5.863103
591,5,believed,11.256536
591,6,the,5.331831
591,7,he,15.295509
591,8,concluded,18.595989
591,9,the,5.841219
591,10,woman,10.230927
591,11,waited,14.123478
591,12,for,1.085742
591,13,her,5.501971
591,14,friend,8.02664
591,15,at,7.331245
591,16,the,0.972784
591,17,bus,12.557297
591,18,stop,3.031999
591,19,.,1.294011
591,20,<eos>,-0.0
592,0,He,0.0
592,1,knows,11.52312
592,2,that,2.297416
592,3,the,2.267236
592,4,man,6.93631
592,5,believed,11.630658
592,6,the,3.694243
592,7,he,13.400775
592,8,concluded,18.417385
592,9,his,4.282695
592,10,neighbors,16.810833
592,11,had,3.398587
592,12,said,9.843244
592,13,the,3.976854
592,14,woman,8.938173
592,15,waited,14.113903
592,16,for,1.306034
592,17,at,12.10958
592,18,the,4.581545
592,19,bus,11.234426
592,20,stop,2.242736
592,21,.,1.864173
592,22,<eos>,-0.0
593,0,He,0.0
593,1,knows,11.52312
593,2,that,2.297416
593,3,the,2.267236
593,4,man,6.93631
593,5,believed,11.630658
593,6,the,3.694243
593,7,he,13.400775
593,8,concluded,18.417385
593,9,his,4.282695
593,10,neighbors,16.810833
593,11,had,3.398587
593,12,said,9.843244
593,13,the,3.976854
593,14,woman,8.938173
593,15,waited,14.113903
593,16,for,1.306034
593,17,her,3.754669
593,18,friend,10.530414
593,19,at,7.560854
593,20,the,1.01031
593,21,bus,11.379311
593,22,stop,2.91745
593,23,.,1.47821
593,24,<eos>,-0.0
594,0,He,0.0
594,1,knows,11.52312
594,2,who,6.622077
594,3,the,4.020604
594,4,man,5.863103
594,5,believed,11.256536
594,6,the,5.331831
594,7,he,15.295509
594,8,concluded,18.595989
594,9,his,7.449306
594,10,neighbors,13.498126
594,11,had,2.699971
594,12,said,8.939654
594,13,the,7.094361
594,14,woman,9.614782
594,15,waited,14.334846
594,16,for,1.153857
594,17,at,6.91467
594,18,the,1.116624
594,19,bus,12.805843
594,20,stop,2.0635
594,21,.,1.162335
594,22,<eos>,-0.0
595,0,He,0.0
595,1,knows,11.52312
595,2,who,6.622077
595,3,the,4.020604
595,4,man,5.863103
595,5,believed,11.256536
595,6,the,5.331831
595,7,he,15.295509
595,8,concluded,18.595989
595,9,his,7.449306
595,10,neighbors,13.498126
595,11,had,2.699971
595,12,said,8.939654
595,13,the,7.094361
595,14,woman,9.614782
595,15,waited,14.334846
595,16,for,1.153857
595,17,her,5.871514
595,18,friend,8.168673
595,19,at,7.174345
595,20,the,1.001334
595,21,bus,12.348504
595,22,stop,3.294101
595,23,.,1.19639
595,24,<eos>,-0.0
596,0,He,0.0
596,1,knows,11.52312
596,2,that,2.297416
596,3,the,2.267236
596,4,man,6.93631
596,5,believed,11.630658
596,6,the,3.694243
596,7,he,13.400775
596,8,concluded,18.417385
596,9,his,4.282695
596,10,neighbors,16.810833
596,11,had,3.398587
596,12,said,9.843244
596,13,the,3.976854
596,14,woman,8.938173
596,15,waited,14.113903
596,16,for,1.306034
596,17,at,12.10958
596,18,the,4.581545
596,19,bus,11.234426
596,20,stop,2.242736
596,21,.,1.864173
596,22,<eos>,-0.0
597,0,He,0.0
597,1,knows,11.52312
597,2,that,2.297416
597,3,the,2.267236
597,4,man,6.93631
597,5,believed,11.630658
597,6,the,3.694243
597,7,he,13.400775
597,8,concluded,18.417385
597,9,his,4.282695
597,10,neighbors,16.810833
597,11,had,3.398587
597,12,said,9.843244
597,13,the,3.976854
597,14,woman,8.938173
597,15,waited,14.113903
597,16,for,1.306034
597,17,her,3.754669
597,18,friend,10.530414
597,19,at,7.560854
597,20,the,1.01031
597,21,bus,11.379311
597,22,stop,2.91745
597,23,.,1.47821
597,24,<eos>,-0.0
598,0,He,0.0
598,1,knows,11.52312
598,2,who,6.622077
598,3,the,4.020604
598,4,man,5.863103
598,5,believed,11.256536
598,6,the,5.331831
598,7,he,15.295509
598,8,concluded,18.595989
598,9,his,7.449306
598,10,neighbors,13.498126
598,11,had,2.699971
598,12,said,8.939654
598,13,the,7.094361
598,14,woman,9.614782
598,15,waited,14.334846
598,16,for,1.153857
598,17,at,6.91467
598,18,the,1.116624
598,19,bus,12.805843
598,20,stop,2.0635
598,21,.,1.162335
598,22,<eos>,-0.0
599,0,He,0.0
599,1,knows,11.52312
599,2,who,6.622077
599,3,the,4.020604
599,4,man,5.863103
599,5,believed,11.256536
599,6,the,5.331831
599,7,he,15.295509
599,8,concluded,18.595989
599,9,his,7.449306
599,10,neighbors,13.498126
599,11,had,2.699971
599,12,said,8.939654
599,13,the,7.094361
599,14,woman,9.614782
599,15,waited,14.334846
599,16,for,1.153857
599,17,her,5.871514
599,18,friend,8.168673
599,19,at,7.174345
599,20,the,1.001334
599,21,bus,12.348504
599,22,stop,3.294101
599,23,.,1.19639
599,24,<eos>,-0.0
600,0,She,0.0
600,1,knows,11.608641
600,2,that,2.279035
600,3,the,2.521865
600,4,inspectors,18.195784
600,5,interrogated,17.234831
600,6,last,16.589897
600,7,night,7.657961
600,8,.,2.136696
600,9,<eos>,-0.0
601,0,She,0.0
601,1,knows,11.608641
601,2,that,2.279035
601,3,the,2.521865
601,4,inspectors,18.195784
601,5,interrogated,17.234831
601,6,the,2.912165
601,7,criminal,8.193686
601,8,last,15.202187
601,9,night,6.382137
601,10,.,1.801668
601,11,<eos>,-0.0
602,0,She,0.0
602,1,knows,11.608641
602,2,who,6.4446
602,3,the,4.386521
602,4,inspectors,18.939186
602,5,interrogated,16.756876
602,6,last,12.635927
602,7,night,3.675905
602,8,.,1.254434
602,9,<eos>,-0.0
603,0,She,0.0
603,1,knows,11.608641
603,2,who,6.4446
603,3,the,4.386521
603,4,inspectors,18.939186
603,5,interrogated,16.756876
603,6,the,6.096936
603,7,criminal,9.583414
603,8,last,12.393411
603,9,night,4.302625
603,10,.,1.627424
603,11,<eos>,-0.0
604,0,She,0.0
604,1,knows,11.608641
604,2,that,2.279035
604,3,the,2.521865
604,4,police,8.671293
604,5,said,11.493026
604,6,the,3.27879
604,7,inspectors,15.062418
604,8,interrogated,14.535181
604,9,last,17.140848
604,10,night,6.960857
604,11,.,2.033713
604,12,<eos>,-0.0
605,0,She,0.0
605,1,knows,11.608641
605,2,that,2.279035
605,3,the,2.521865
605,4,police,8.671293
605,5,said,11.493026
605,6,the,3.27879
605,7,inspectors,15.062418
605,8,interrogated,14.535181
605,9,the,2.984321
605,10,criminal,7.773329
605,11,last,15.473506
605,12,night,5.154253
605,13,.,1.638228
605,14,<eos>,-0.0
606,0,She,0.0
606,1,knows,11.608641
606,2,who,6.4446
606,3,the,4.386521
606,4,police,8.552961
606,5,said,11.06233
606,6,the,5.427319
606,7,inspectors,15.307302
606,8,interrogated,14.813744
606,9,last,14.892001
606,10,night,3.095045
606,11,.,1.08749
606,12,<eos>,-0.0
607,0,She,0.0
607,1,knows,11.608641
607,2,who,6.4446
607,3,the,4.386521
607,4,police,8.552961
607,5,said,11.06233
607,6,the,5.427319
607,7,inspectors,15.307302
607,8,interrogated,14.813744
607,9,the,6.509678
607,10,criminal,8.586308
607,11,last,13.730836
607,12,night,4.298365
607,13,.,1.496944
607,14,<eos>,-0.0
608,0,She,0.0
608,1,knows,11.608641
608,2,that,2.279035
608,3,the,2.521865
608,4,police,8.671293
608,5,said,11.493026
608,6,the,3.27879
608,7,detective,10.037692
608,8,believed,9.354922
608,9,the,2.915163
608,10,inspectors,15.102606
608,11,interrogated,14.940001
608,12,last,17.78492
608,13,night,7.03127
608,14,.,1.618999
608,15,<eos>,-0.0
609,0,She,0.0
609,1,knows,11.608641
609,2,that,2.279035
609,3,the,2.521865
609,4,police,8.671293
609,5,said,11.493026
609,6,the,3.27879
609,7,detective,10.037692
609,8,believed,9.354922
609,9,the,2.915163
609,10,inspectors,15.102606
609,11,interrogated,14.940001
609,12,the,3.019869
609,13,criminal,6.936953
609,14,last,15.878514
609,15,night,5.218186
609,16,.,1.4653
609,17,<eos>,-0.0
610,0,She,0.0
610,1,knows,11.608641
610,2,who,6.4446
610,3,the,4.386521
610,4,police,8.552961
610,5,said,11.06233
610,6,the,5.427319
610,7,detective,10.120186
610,8,believed,9.412378
610,9,the,4.895038
610,10,inspectors,15.666389
610,11,interrogated,15.19866
610,12,last,16.305326
610,13,night,3.765123
610,14,.,1.09416
610,15,<eos>,-0.0
611,0,She,0.0
611,1,knows,11.608641
611,2,who,6.4446
611,3,the,4.386521
611,4,police,8.552961
611,5,said,11.06233
611,6,the,5.427319
611,7,detective,10.120186
611,8,believed,9.412378
611,9,the,4.895038
611,10,inspectors,15.666389
611,11,interrogated,15.19866
611,12,the,4.137496
611,13,criminal,7.108829
611,14,last,14.495216
611,15,night,4.762045
611,16,.,1.406327
611,17,<eos>,-0.0
612,0,She,0.0
612,1,knows,11.608641
612,2,that,2.279035
612,3,the,2.521865
612,4,police,8.671293
612,5,said,11.493026
612,6,the,3.27879
612,7,detective,10.037692
612,8,believed,9.354922
612,9,he,3.830116
612,10,thought,10.818927
612,11,the,2.820938
612,12,inspectors,14.674822
612,13,interrogated,15.304649
612,14,last,17.738619
612,15,night,5.538671
612,16,.,1.304725
612,17,<eos>,-0.0
613,0,She,0.0
613,1,knows,11.608641
613,2,that,2.279035
613,3,the,2.521865
613,4,police,8.671293
613,5,said,11.493026
613,6,the,3.27879
613,7,detective,10.037692
613,8,believed,9.354922
613,9,he,3.830116
613,10,thought,10.818927
613,11,the,2.820938
613,12,inspectors,14.674822
613,13,interrogated,15.304649
613,14,the,3.397561
613,15,criminal,6.36201
613,16,last,15.86442
613,17,night,5.235411
613,18,.,1.346264
613,19,<eos>,-0.0
614,0,She,0.0
614,1,knows,11.608641
614,2,who,6.4446
614,3,the,4.386521
614,4,police,8.552961
614,5,said,11.06233
614,6,the,5.427319
614,7,detective,10.120186
614,8,believed,9.412378
614,9,he,5.774267
614,10,thought,11.333594
614,11,the,4.950338
614,12,inspectors,15.126323
614,13,interrogated,15.435956
614,14,last,16.549379
614,15,night,3.093977
614,16,.,0.930321
614,17,<eos>,-0.0
615,0,She,0.0
615,1,knows,11.608641
615,2,who,6.4446
615,3,the,4.386521
615,4,police,8.552961
615,5,said,11.06233
615,6,the,5.427319
615,7,detective,10.120186
615,8,believed,9.412378
615,9,he,5.774267
615,10,thought,11.333594
615,11,the,4.950338
615,12,inspectors,15.126323
615,13,interrogated,15.435956
615,14,the,4.897563
615,15,criminal,6.85926
615,16,last,14.725995
615,17,night,4.891349
615,18,.,1.309171
615,19,<eos>,-0.0
616,0,She,0.0
616,1,knows,11.608641
616,2,that,2.279035
616,3,the,2.521865
616,4,police,8.671293
616,5,said,11.493026
616,6,the,3.27879
616,7,detective,10.037692
616,8,believed,9.354922
616,9,he,3.830116
616,10,thought,10.818927
616,11,the,2.820938
616,12,inspectors,14.674822
616,13,interrogated,15.304649
616,14,last,17.738619
616,15,night,5.538671
616,16,.,1.304725
616,17,<eos>,-0.0
617,0,She,0.0
617,1,knows,11.608641
617,2,that,2.279035
617,3,the,2.521865
617,4,police,8.671293
617,5,said,11.493026
617,6,the,3.27879
617,7,detective,10.037692
617,8,believed,9.354922
617,9,he,3.830116
617,10,thought,10.818927
617,11,the,2.820938
617,12,inspectors,14.674822
617,13,interrogated,15.304649
617,14,the,3.397561
617,15,criminal,6.36201
617,16,last,15.86442
617,17,night,5.235411
617,18,.,1.346264
617,19,<eos>,-0.0
618,0,She,0.0
618,1,knows,11.608641
618,2,who,6.4446
618,3,the,4.386521
618,4,police,8.552961
618,5,said,11.06233
618,6,the,5.427319
618,7,detective,10.120186
618,8,believed,9.412378
618,9,he,5.774267
618,10,thought,11.333594
618,11,the,4.950338
618,12,inspectors,15.126323
618,13,interrogated,15.435956
618,14,last,16.549379
618,15,night,3.093977
618,16,.,0.930321
618,17,<eos>,-0.0
619,0,She,0.0
619,1,knows,11.608641
619,2,who,6.4446
619,3,the,4.386521
619,4,police,8.552961
619,5,said,11.06233
619,6,the,5.427319
619,7,detective,10.120186
619,8,believed,9.412378
619,9,he,5.774267
619,10,thought,11.333594
619,11,the,4.950338
619,12,inspectors,15.126323
619,13,interrogated,15.435956
619,14,the,4.897563
619,15,criminal,6.85926
619,16,last,14.725995
619,17,night,4.891349
619,18,.,1.309171
619,19,<eos>,-0.0
620,0,They,0.0
620,1,know,9.486106
620,2,that,2.169621
620,3,the,1.87231
620,4,old,8.727534
620,5,man,4.021544
620,6,thanked,17.82658
620,7,on,13.133201
620,8,the,1.603337
620,9,street,10.086073
620,10,.,4.138871
620,11,<eos>,-0.0
621,0,They,0.0
621,1,know,9.486106
621,2,that,2.169621
621,3,the,1.87231
621,4,old,8.727534
621,5,man,4.021544
621,6,thanked,17.82658
621,7,the,2.531793
621,8,tailor,16.229475
621,9,on,8.349737
621,10,the,1.872369
621,11,street,6.489518
621,12,.,2.182455
621,13,<eos>,-0.0
622,0,They,0.0
622,1,know,9.486106
622,2,who,7.200986
622,3,the,4.435805
622,4,old,8.518284
622,5,man,2.833038
622,6,thanked,18.323141
622,7,on,8.990968
622,8,the,1.332461
622,9,street,8.684795
622,10,.,1.50763
622,11,<eos>,-0.0
623,0,They,0.0
623,1,know,9.486106
623,2,who,7.200986
623,3,the,4.435805
623,4,old,8.518284
623,5,man,2.833038
623,6,thanked,18.323141
623,7,the,4.094289
623,8,tailor,16.526264
623,9,on,8.468251
623,10,the,1.826518
623,11,street,5.907769
623,12,.,1.116656
623,13,<eos>,-0.0
624,0,They,0.0
624,1,know,9.486106
624,2,that,2.169621
624,3,the,1.87231
624,4,nurse,15.349316
624,5,said,9.484548
624,6,the,3.415496
624,7,old,9.875656
624,8,man,2.707866
624,9,thanked,15.939516
624,10,on,13.761032
624,11,the,1.515088
624,12,street,10.498128
624,13,.,3.356159
624,14,<eos>,-0.0
625,0,They,0.0
625,1,know,9.486106
625,2,that,2.169621
625,3,the,1.87231
625,4,nurse,15.349316
625,5,said,9.484548
625,6,the,3.415496
625,7,old,9.875656
625,8,man,2.707866
625,9,thanked,15.939516
625,10,the,2.902577
625,11,tailor,15.168214
625,12,on,8.077868
625,13,the,1.80662
625,14,street,6.538691
625,15,.,1.869185
625,16,<eos>,-0.0
626,0,They,0.0
626,1,know,9.486106
626,2,who,7.200986
626,3,the,4.435805
626,4,nurse,14.006237
626,5,said,8.596837
626,6,the,5.457362
626,7,old,9.671574
626,8,man,3.016515
626,9,thanked,17.263695
626,10,on,8.943098
626,11,the,1.510902
626,12,street,8.973019
626,13,.,1.48179
626,14,<eos>,-0.0
627,0,They,0.0
627,1,know,9.486106
627,2,who,7.200986
627,3,the,4.435805
627,4,nurse,14.006237
627,5,said,8.596837
627,6,the,5.457362
627,7,old,9.671574
627,8,man,3.016515
627,9,thanked,17.263695
627,10,the,4.796905
627,11,tailor,15.928661
627,12,on,7.778988
627,13,the,1.730467
627,14,street,6.195041
627,15,.,1.092779
627,16,<eos>,-0.0
628,0,They,0.0
628,1,know,9.486106
628,2,that,2.169621
628,3,the,1.87231
628,4,nurse,15.349316
628,5,said,9.484548
628,6,the,3.415496
628,7,assistant,13.031377
628,8,knew,8.97716
628,9,the,3.486011
628,10,old,9.780485
628,11,man,2.654954
628,12,thanked,17.95112
628,13,on,14.000892
628,14,the,1.656477
628,15,street,11.225653
628,16,.,2.569049
628,17,<eos>,-0.0
629,0,They,0.0
629,1,know,9.486106
629,2,that,2.169621
629,3,the,1.87231
629,4,nurse,15.349316
629,5,said,9.484548
629,6,the,3.415496
629,7,assistant,13.031377
629,8,knew,8.97716
629,9,the,3.486011
629,10,old,9.780485
629,11,man,2.654954
629,12,thanked,17.95112
629,13,the,3.077422
629,14,tailor,14.860953
629,15,on,8.454434
629,16,the,1.752075
629,17,street,6.981902
629,18,.,1.510294
629,19,<eos>,-0.0
630,0,They,0.0
630,1,know,9.486106
630,2,who,7.200986
630,3,the,4.435805
630,4,nurse,14.006237
630,5,said,8.596837
630,6,the,5.457362
630,7,assistant,13.500447
630,8,knew,10.363278
630,9,the,4.757461
630,10,old,9.75656
630,11,man,3.003982
630,12,thanked,18.51605
630,13,on,8.926186
630,14,the,1.621676
630,15,street,9.22937
630,16,.,1.344139
630,17,<eos>,-0.0
631,0,They,0.0
631,1,know,9.486106
631,2,who,7.200986
631,3,the,4.435805
631,4,nurse,14.006237
631,5,said,8.596837
631,6,the,5.457362
631,7,assistant,13.500447
631,8,knew,10.363278
631,9,the,4.757461
631,10,old,9.75656
631,11,man,3.003982
631,12,thanked,18.51605
631,13,the,5.922953
631,14,tailor,15.764426
631,15,on,7.939107
631,16,the,1.717637
631,17,street,6.354327
631,18,.,0.984673
631,19,<eos>,-0.0
632,0,They,0.0
632,1,know,9.486106
632,2,that,2.169621
632,3,the,1.87231
632,4,nurse,15.349316
632,5,said,9.484548
632,6,the,3.415496
632,7,assistant,13.031377
632,8,knew,8.97716
632,9,she,4.521582
632,10,saw,9.135511
632,11,the,2.342586
632,12,old,9.10722
632,13,man,1.969306
632,14,thanked,18.050468
632,15,on,10.669497
632,16,the,1.521793
632,17,street,9.82437
632,18,.,2.20347
632,19,<eos>,-0.0
633,0,They,0.0
633,1,know,9.486106
633,2,that,2.169621
633,3,the,1.87231
633,4,nurse,15.349316
633,5,said,9.484548
633,6,the,3.415496
633,7,assistant,13.031377
633,8,knew,8.97716
633,9,she,4.521582
633,10,saw,9.135511
633,11,the,2.342586
633,12,old,9.10722
633,13,man,1.969306
633,14,thanked,18.050468
633,15,the,2.968512
633,16,tailor,15.104698
633,17,on,7.691098
633,18,the,1.855391
633,19,street,6.531237
633,20,.,1.48005
633,21,<eos>,-0.0
634,0,They,0.0
634,1,know,9.486106
634,2,who,7.200986
634,3,the,4.435805
634,4,nurse,14.006237
634,5,said,8.596837
634,6,the,5.457362
634,7,assistant,13.500447
634,8,knew,10.363278
634,9,she,7.185827
634,10,saw,8.061423
634,11,the,4.797471
634,12,old,9.123753
634,13,man,2.162726
634,14,thanked,18.316559
634,15,on,9.609483
634,16,the,1.351909
634,17,street,9.466399
634,18,.,1.724031
634,19,<eos>,-0.0
635,0,They,0.0
635,1,know,9.486106
635,2,who,7.200986
635,3,the,4.435805
635,4,nurse,14.006237
635,5,said,8.596837
635,6,the,5.457362
635,7,assistant,13.500447
635,8,knew,10.363278
635,9,she,7.185827
635,10,saw,8.061423
635,11,the,4.797471
635,12,old,9.123753
635,13,man,2.162726
635,14,thanked,18.316559
635,15,the,3.402303
635,16,tailor,15.36052
635,17,on,7.742846
635,18,the,1.686635
635,19,street,6.385351
635,20,.,1.150993
635,21,<eos>,-0.0
636,0,They,0.0
636,1,know,9.486106
636,2,that,2.169621
636,3,the,1.87231
636,4,nurse,15.349316
636,5,said,9.484548
636,6,the,3.415496
636,7,assistant,13.031377
636,8,knew,8.97716
636,9,she,4.521582
636,10,saw,9.135511
636,11,the,2.342586
636,12,old,9.10722
636,13,man,1.969306
636,14,thanked,18.050468
636,15,on,10.669497
636,16,the,1.521793
636,17,street,9.82437
636,18,.,2.20347
636,19,<eos>,-0.0
637,0,They,0.0
637,1,know,9.486106
637,2,that,2.169621
637,3,the,1.87231
637,4,nurse,15.349316
637,5,said,9.484548
637,6,the,3.415496
637,7,assistant,13.031377
637,8,knew,8.97716
637,9,she,4.521582
637,10,saw,9.135511
637,11,the,2.342586
637,12,old,9.10722
637,13,man,1.969306
637,14,thanked,18.050468
637,15,the,2.968512
637,16,tailor,15.104698
637,17,on,7.691098
637,18,the,1.855391
637,19,street,6.531237
637,20,.,1.48005
637,21,<eos>,-0.0
638,0,They,0.0
638,1,know,9.486106
638,2,who,7.200986
638,3,the,4.435805
638,4,nurse,14.006237
638,5,said,8.596837
638,6,the,5.457362
638,7,assistant,13.500447
638,8,knew,10.363278
638,9,she,7.185827
638,10,saw,8.061423
638,11,the,4.797471
638,12,old,9.123753
638,13,man,2.162726
638,14,thanked,18.316559
638,15,on,9.609483
638,16,the,1.351909
638,17,street,9.466399
638,18,.,1.724031
638,19,<eos>,-0.0
639,0,They,0.0
639,1,know,9.486106
639,2,who,7.200986
639,3,the,4.435805
639,4,nurse,14.006237
639,5,said,8.596837
639,6,the,5.457362
639,7,assistant,13.500447
639,8,knew,10.363278
639,9,she,7.185827
639,10,saw,8.061423
639,11,the,4.797471
639,12,old,9.123753
639,13,man,2.162726
639,14,thanked,18.316559
639,15,the,3.402303
639,16,tailor,15.36052
639,17,on,7.742846
639,18,the,1.686635
639,19,street,6.385351
639,20,.,1.150993
639,21,<eos>,-0.0
640,0,He,0.0
640,1,reported,10.835539
640,2,that,1.868976
640,3,the,2.223669
640,4,doctor,11.944619
640,5,reassured,14.799515
640,6,before,20.048975
640,7,surgery,13.416783
640,8,.,5.961601
640,9,<eos>,-0.0
641,0,He,0.0
641,1,reported,10.835539
641,2,that,1.868976
641,3,the,2.223669
641,4,doctor,11.944619
641,5,reassured,14.799515
641,6,the,2.019172
641,7,patient,5.448261
641,8,before,12.126484
641,9,surgery,11.092014
641,10,.,2.405229
641,11,<eos>,-0.0
642,0,He,0.0
642,1,reported,10.835539
642,2,who,12.096594
642,3,the,7.066419
642,4,doctor,11.119875
642,5,reassured,14.31915
642,6,before,14.001732
642,7,surgery,13.225375
642,8,.,2.652773
642,9,<eos>,-0.0
643,0,He,0.0
643,1,reported,10.835539
643,2,who,12.096594
643,3,the,7.066419
643,4,doctor,11.119875
643,5,reassured,14.31915
643,6,the,2.617802
643,7,patient,6.455134
643,8,before,8.366671
643,9,surgery,11.495582
643,10,.,1.461318
643,11,<eos>,-0.0
644,0,He,0.0
644,1,reported,10.835539
644,2,that,1.868976
644,3,the,2.223669
644,4,nurse,15.892121
644,5,believed,8.027464
644,6,the,3.095429
644,7,doctor,7.07002
644,8,reassured,15.64215
644,9,before,17.605898
644,10,surgery,11.221705
644,11,.,4.731733
644,12,<eos>,-0.0
645,0,He,0.0
645,1,reported,10.835539
645,2,that,1.868976
645,3,the,2.223669
645,4,nurse,15.892121
645,5,believed,8.027464
645,6,the,3.095429
645,7,doctor,7.07002
645,8,reassured,15.64215
645,9,the,2.056801
645,10,patient,3.989394
645,11,before,11.082987
645,12,surgery,10.00707
645,13,.,2.066365
645,14,<eos>,-0.0
646,0,He,0.0
646,1,reported,10.835539
646,2,who,12.096594
646,3,the,7.066419
646,4,nurse,13.47795
646,5,believed,7.818784
646,6,the,4.722638
646,7,doctor,8.04127
646,8,reassured,16.401205
646,9,before,16.446417
646,10,surgery,11.558368
646,11,.,2.583146
646,12,<eos>,-0.0
647,0,He,0.0
647,1,reported,10.835539
647,2,who,12.096594
647,3,the,7.066419
647,4,nurse,13.47795
647,5,believed,7.818784
647,6,the,4.722638
647,7,doctor,8.04127
647,8,reassured,16.401205
647,9,the,2.465356
647,10,patient,4.389833
647,11,before,9.067441
647,12,surgery,10.248093
647,13,.,1.13921
647,14,<eos>,-0.0
648,0,He,0.0
648,1,reported,10.835539
648,2,that,1.868976
648,3,the,2.223669
648,4,nurse,15.892121
648,5,believed,8.027464
648,6,the,3.095429
648,7,woman,7.415483
648,8,thought,13.29788
648,9,the,3.952072
648,10,doctor,8.55373
648,11,reassured,16.760958
648,12,before,18.174604
648,13,surgery,11.640784
648,14,.,3.026984
648,15,<eos>,-0.0
649,0,He,0.0
649,1,reported,10.835539
649,2,that,1.868976
649,3,the,2.223669
649,4,nurse,15.892121
649,5,believed,8.027464
649,6,the,3.095429
649,7,woman,7.415483
649,8,thought,13.29788
649,9,the,3.952072
649,10,doctor,8.55373
649,11,reassured,16.760958
649,12,the,2.093699
649,13,patient,4.921718
649,14,before,10.327617
649,15,surgery,10.408359
649,16,.,1.140122
649,17,<eos>,-0.0
650,0,He,0.0
650,1,reported,10.835539
650,2,who,12.096594
650,3,the,7.066419
650,4,nurse,13.47795
650,5,believed,7.818784
650,6,the,4.722638
650,7,woman,8.04246
650,8,thought,12.555925
650,9,the,4.973783
650,10,doctor,9.14626
650,11,reassured,16.083408
650,12,before,18.946964
650,13,surgery,11.974131
650,14,.,2.806657
650,15,<eos>,-0.0
651,0,He,0.0
651,1,reported,10.835539
651,2,who,12.096594
651,3,the,7.066419
651,4,nurse,13.47795
651,5,believed,7.818784
651,6,the,4.722638
651,7,woman,8.04246
651,8,thought,12.555925
651,9,the,4.973783
651,10,doctor,9.14626
651,11,reassured,16.083408
651,12,the,2.420764
651,13,patient,5.316727
651,14,before,9.955611
651,15,surgery,10.775272
651,16,.,1.009445
651,17,<eos>,-0.0
652,0,He,0.0
652,1,reported,10.835539
652,2,that,1.868976
652,3,the,2.223669
652,4,nurse,15.892121
652,5,believed,8.027464
652,6,the,3.095429
652,7,woman,7.415483
652,8,thought,13.29788
652,9,she,4.288048
652,10,recalled,18.39193
652,11,the,2.507024
652,12,doctor,9.358582
652,13,reassured,17.097013
652,14,before,18.836964
652,15,surgery,12.074416
652,16,.,2.892919
652,17,<eos>,-0.0
653,0,He,0.0
653,1,reported,10.835539
653,2,that,1.868976
653,3,the,2.223669
653,4,nurse,15.892121
653,5,believed,8.027464
653,6,the,3.095429
653,7,woman,7.415483
653,8,thought,13.29788
653,9,she,4.288048
653,10,recalled,18.39193
653,11,the,2.507024
653,12,doctor,9.358582
653,13,reassured,17.097013
653,14,the,2.372591
653,15,patient,5.195158
653,16,before,11.302661
653,17,surgery,10.803788
653,18,.,1.223893
653,19,<eos>,-0.0
654,0,He,0.0
654,1,reported,10.835539
654,2,who,12.096594
654,3,the,7.066419
654,4,nurse,13.47795
654,5,believed,7.818784
654,6,the,4.722638
654,7,woman,8.04246
654,8,thought,12.555925
654,9,she,4.466629
654,10,recalled,17.978472
654,11,the,2.603192
654,12,doctor,9.530753
654,13,reassured,17.094076
654,14,before,18.627789
654,15,surgery,12.260062
654,16,.,2.48551
654,17,<eos>,-0.0
655,0,He,0.0
655,1,reported,10.835539
655,2,who,12.096594
655,3,the,7.066419
655,4,nurse,13.47795
655,5,believed,7.818784
655,6,the,4.722638
655,7,woman,8.04246
655,8,thought,12.555925
655,9,she,4.466629
655,10,recalled,17.978472
655,11,the,2.603192
655,12,doctor,9.530753
655,13,reassured,17.094076
655,14,the,2.427719
655,15,patient,5.283947
655,16,before,11.146276
655,17,surgery,11.015861
655,18,.,1.063138
655,19,<eos>,-0.0
656,0,He,0.0
656,1,reported,10.835539
656,2,that,1.868976
656,3,the,2.223669
656,4,nurse,15.892121
656,5,believed,8.027464
656,6,the,3.095429
656,7,woman,7.415483
656,8,thought,13.29788
656,9,she,4.288048
656,10,recalled,18.39193
656,11,the,2.507024
656,12,doctor,9.358582
656,13,reassured,17.097013
656,14,before,18.836964
656,15,surgery,12.074416
656,16,.,2.892919
656,17,<eos>,-0.0
657,0,He,0.0
657,1,reported,10.835539
657,2,that,1.868976
657,3,the,2.223669
657,4,nurse,15.892121
657,5,believed,8.027464
657,6,the,3.095429
657,7,woman,7.415483
657,8,thought,13.29788
657,9,she,4.288048
657,10,recalled,18.39193
657,11,the,2.507024
657,12,doctor,9.358582
657,13,reassured,17.097013
657,14,the,2.372591
657,15,patient,5.195158
657,16,before,11.302661
657,17,surgery,10.803788
657,18,.,1.223893
657,19,<eos>,-0.0
658,0,He,0.0
658,1,reported,10.835539
658,2,who,12.096594
658,3,the,7.066419
658,4,nurse,13.47795
658,5,believed,7.818784
658,6,the,4.722638
658,7,woman,8.04246
658,8,thought,12.555925
658,9,she,4.466629
658,10,recalled,17.978472
658,11,the,2.603192
658,12,doctor,9.530753
658,13,reassured,17.094076
658,14,before,18.627789
658,15,surgery,12.260062
658,16,.,2.48551
658,17,<eos>,-0.0
659,0,He,0.0
659,1,reported,10.835539
659,2,who,12.096594
659,3,the,7.066419
659,4,nurse,13.47795
659,5,believed,7.818784
659,6,the,4.722638
659,7,woman,8.04246
659,8,thought,12.555925
659,9,she,4.466629
659,10,recalled,17.978472
659,11,the,2.603192
659,12,doctor,9.530753
659,13,reassured,17.094076
659,14,the,2.427719
659,15,patient,5.283947
659,16,before,11.146276
659,17,surgery,11.015861
659,18,.,1.063138
659,19,<eos>,-0.0
660,0,We,0.0
660,1,discovered,12.537792
660,2,that,1.756949
660,3,the,1.860101
660,4,funny,18.870544
660,5,actor,12.646926
660,6,told,9.38768
660,7,about,8.486236
660,8,the,1.505227
660,9,woman,11.491144
660,10,.,4.613029
660,11,<eos>,-0.0
661,0,We,0.0
661,1,discovered,12.537792
661,2,that,1.756949
661,3,the,1.860101
661,4,funny,18.870544
661,5,actor,12.646926
661,6,told,9.38768
661,7,a,5.646233
661,8,story,2.920812
661,9,about,2.739577
661,10,the,1.857205
661,11,woman,10.160981
661,12,.,4.18273
661,13,<eos>,-0.0
662,0,We,0.0
662,1,discovered,12.537792
662,2,what,6.830478
662,3,the,3.863357
662,4,funny,17.540485
662,5,actor,12.833065
662,6,told,7.046882
662,7,about,6.411373
662,8,the,1.540466
662,9,woman,11.472316
662,10,.,3.207895
662,11,<eos>,-0.0
663,0,We,0.0
663,1,discovered,12.537792
663,2,what,6.830478
663,3,the,3.863357
663,4,funny,17.540485
663,5,actor,12.833065
663,6,told,7.046882
663,7,a,7.165923
663,8,story,3.679877
663,9,about,2.206386
663,10,the,2.338762
663,11,woman,9.913169
663,12,.,3.207787
663,13,<eos>,-0.0
664,0,We,0.0
664,1,discovered,12.537792
664,2,that,1.756949
664,3,the,1.860101
664,4,delivery,14.887162
664,5,boy,13.712483
664,6,remarked,14.782109
664,7,the,5.388022
664,8,funny,15.493434
664,9,actor,11.107391
664,10,told,8.627124
664,11,about,9.333905
664,12,the,1.610211
664,13,woman,11.023239
664,14,.,4.097372
664,15,<eos>,-0.0
665,0,We,0.0
665,1,discovered,12.537792
665,2,that,1.756949
665,3,the,1.860101
665,4,delivery,14.887162
665,5,boy,13.712483
665,6,remarked,14.782109
665,7,the,5.388022
665,8,funny,15.493434
665,9,actor,11.107391
665,10,told,8.627124
665,11,a,6.005342
665,12,story,3.55371
665,13,about,2.718681
665,14,the,1.838963
665,15,woman,9.801369
665,16,.,3.685202
665,17,<eos>,-0.0
666,0,We,0.0
666,1,discovered,12.537792
666,2,what,6.830478
666,3,the,3.863357
666,4,delivery,17.622606
666,5,boy,11.975379
666,6,remarked,14.468822
666,7,the,7.533066
666,8,funny,15.342507
666,9,actor,12.83012
666,10,told,9.007369
666,11,about,6.256715
666,12,the,2.325406
666,13,woman,11.151471
666,14,.,3.03298
666,15,<eos>,-0.0
667,0,We,0.0
667,1,discovered,12.537792
667,2,what,6.830478
667,3,the,3.863357
667,4,delivery,17.622606
667,5,boy,11.975379
667,6,remarked,14.468822
667,7,the,7.533066
667,8,funny,15.342507
667,9,actor,12.83012
667,10,told,9.007369
667,11,a,6.845611
667,12,story,4.397786
667,13,about,2.65763
667,14,the,3.048362
667,15,woman,9.905455
667,16,.,3.217445
667,17,<eos>,-0.0
668,0,We,0.0
668,1,discovered,12.537792
668,2,that,1.756949
668,3,the,1.860101
668,4,delivery,14.887162
668,5,boy,13.712483
668,6,remarked,14.782109
668,7,the,5.388022
668,8,worker,13.930721
668,9,said,10.551138
668,10,the,4.252443
668,11,funny,17.035049
668,12,actor,11.430465
668,13,told,7.637231
668,14,about,9.399894
668,15,the,1.64422
668,16,woman,10.611948
668,17,.,3.996975
668,18,<eos>,-0.0
669,0,We,0.0
669,1,discovered,12.537792
669,2,that,1.756949
669,3,the,1.860101
669,4,delivery,14.887162
669,5,boy,13.712483
669,6,remarked,14.782109
669,7,the,5.388022
669,8,worker,13.930721
669,9,said,10.551138
669,10,the,4.252443
669,11,funny,17.035049
669,12,actor,11.430465
669,13,told,7.637231
669,14,a,6.062496
669,15,story,3.868554
669,16,about,2.79268
669,17,the,1.850239
669,18,woman,9.535921
669,19,.,3.507495
669,20,<eos>,-0.0
670,0,We,0.0
670,1,discovered,12.537792
670,2,what,6.830478
670,3,the,3.863357
670,4,delivery,17.622606
670,5,boy,11.975379
670,6,remarked,14.468822
670,7,the,7.533066
670,8,worker,14.292315
670,9,said,8.533912
670,10,the,6.784482
670,11,funny,17.20055
670,12,actor,12.015409
670,13,told,7.250337
670,14,about,6.363967
670,15,the,2.308494
670,16,woman,10.982702
670,17,.,2.856807
670,18,<eos>,-0.0
671,0,We,0.0
671,1,discovered,12.537792
671,2,what,6.830478
671,3,the,3.863357
671,4,delivery,17.622606
671,5,boy,11.975379
671,6,remarked,14.468822
671,7,the,7.533066
671,8,worker,14.292315
671,9,said,8.533912
671,10,the,6.784482
671,11,funny,17.20055
671,12,actor,12.015409
671,13,told,7.250337
671,14,a,6.857256
671,15,story,4.30477
671,16,about,2.693278
671,17,the,3.188123
671,18,woman,9.725997
671,19,.,3.09281
671,20,<eos>,-0.0
672,0,We,0.0
672,1,discovered,12.537792
672,2,that,1.756949
672,3,the,1.860101
672,4,delivery,14.887162
672,5,boy,13.712483
672,6,remarked,14.782109
672,7,the,5.388022
672,8,worker,13.930721
672,9,said,10.551138
672,10,the,4.252443
672,11,gardener,15.026314
672,12,knew,7.521698
672,13,the,3.729409
672,14,funny,16.648836
672,15,actor,12.158314
672,16,told,10.230232
672,17,about,9.30173
672,18,the,1.664648
672,19,woman,10.138538
672,20,.,3.740171
672,21,<eos>,-0.0
673,0,We,0.0
673,1,discovered,12.537792
673,2,that,1.756949
673,3,the,1.860101
673,4,delivery,14.887162
673,5,boy,13.712483
673,6,remarked,14.782109
673,7,the,5.388022
673,8,worker,13.930721
673,9,said,10.551138
673,10,the,4.252443
673,11,gardener,15.026314
673,12,knew,7.521698
673,13,the,3.729409
673,14,funny,16.648836
673,15,actor,12.158314
673,16,told,10.230232
673,17,a,6.424825
673,18,story,4.277449
673,19,about,2.782049
673,20,the,1.868577
673,21,woman,9.252586
673,22,.,3.107212
673,23,<eos>,-0.0
674,0,We,0.0
674,1,discovered,12.537792
674,2,what,6.830478
674,3,the,3.863357
674,4,delivery,17.622606
674,5,boy,11.975379
674,6,remarked,14.468822
674,7,the,7.533066
674,8,worker,14.292315
674,9,said,8.533912
674,10,the,6.784482
674,11,gardener,16.305603
674,12,knew,7.098796
674,13,the,7.781622
674,14,funny,17.085045
674,15,actor,14.049684
674,16,told,9.059606
674,17,about,5.785993
674,18,the,2.330348
674,19,woman,10.663388
674,20,.,2.697525
674,21,<eos>,-0.0
675,0,We,0.0
675,1,discovered,12.537792
675,2,what,6.830478
675,3,the,3.863357
675,4,delivery,17.622606
675,5,boy,11.975379
675,6,remarked,14.468822
675,7,the,7.533066
675,8,worker,14.292315
675,9,said,8.533912
675,10,the,6.784482
675,11,gardener,16.305603
675,12,knew,7.098796
675,13,the,7.781622
675,14,funny,17.085045
675,15,actor,14.049684
675,16,told,9.059606
675,17,a,7.456509
675,18,story,4.999306
675,19,about,2.36104
675,20,the,3.30128
675,21,woman,9.403323
675,22,.,2.910462
675,23,<eos>,-0.0
676,0,We,0.0
676,1,discovered,12.537792
676,2,that,1.756949
676,3,the,1.860101
676,4,delivery,14.887162
676,5,boy,13.712483
676,6,remarked,14.782109
676,7,the,5.388022
676,8,worker,13.930721
676,9,said,10.551138
676,10,the,4.252443
676,11,gardener,15.026314
676,12,knew,7.521698
676,13,the,3.729409
676,14,funny,16.648836
676,15,actor,12.158314
676,16,told,10.230232
676,17,about,9.30173
676,18,the,1.664648
676,19,woman,10.138538
676,20,.,3.740171
676,21,<eos>,-0.0
677,0,We,0.0
677,1,discovered,12.537792
677,2,that,1.756949
677,3,the,1.860101
677,4,delivery,14.887162
677,5,boy,13.712483
677,6,remarked,14.782109
677,7,the,5.388022
677,8,worker,13.930721
677,9,said,10.551138
677,10,the,4.252443
677,11,gardener,15.026314
677,12,knew,7.521698
677,13,the,3.729409
677,14,funny,16.648836
677,15,actor,12.158314
677,16,told,10.230232
677,17,a,6.424825
677,18,story,4.277449
677,19,about,2.782049
677,20,the,1.868577
677,21,woman,9.252586
677,22,.,3.107212
677,23,<eos>,-0.0
678,0,We,0.0
678,1,discovered,12.537792
678,2,what,6.830478
678,3,the,3.863357
678,4,delivery,17.622606
678,5,boy,11.975379
678,6,remarked,14.468822
678,7,the,7.533066
678,8,worker,14.292315
678,9,said,8.533912
678,10,the,6.784482
678,11,gardener,16.305603
678,12,knew,7.098796
678,13,the,7.781622
678,14,funny,17.085045
678,15,actor,14.049684
678,16,told,9.059606
678,17,about,5.785993
678,18,the,2.330348
678,19,woman,10.663388
678,20,.,2.697525
678,21,<eos>,-0.0
679,0,We,0.0
679,1,discovered,12.537792
679,2,what,6.830478
679,3,the,3.863357
679,4,delivery,17.622606
679,5,boy,11.975379
679,6,remarked,14.468822
679,7,the,7.533066
679,8,worker,14.292315
679,9,said,8.533912
679,10,the,6.784482
679,11,gardener,16.305603
679,12,knew,7.098796
679,13,the,7.781622
679,14,funny,17.085045
679,15,actor,14.049684
679,16,told,9.059606
679,17,a,7.456509
679,18,story,4.999306
679,19,about,2.36104
679,20,the,3.30128
679,21,woman,9.403323
679,22,.,2.910462
679,23,<eos>,-0.0
680,0,They,0.0
680,1,reported,10.412453
680,2,that,1.780984
680,3,the,1.89322
680,4,woman,10.361056
680,5,abandoned,12.541416
680,6,on,10.568059
680,7,the,1.565907
680,8,side,6.880121
680,9,of,0.444625
680,10,the,0.802694
680,11,road,5.839606
680,12,.,2.97535
680,13,<eos>,-0.0
681,0,They,0.0
681,1,reported,10.412453
681,2,that,1.780984
681,3,the,1.89322
681,4,woman,10.361056
681,5,abandoned,12.541416
681,6,the,1.366229
681,7,children,9.267721
681,8,on,6.86543
681,9,the,1.407651
681,10,side,8.31679
681,11,of,0.566158
681,12,the,0.756925
681,13,road,5.763258
681,14,.,1.943703
681,15,<eos>,-0.0
682,0,They,0.0
682,1,reported,10.412453
682,2,who,11.821813
682,3,the,7.229744
682,4,woman,10.843506
682,5,abandoned,11.479923
682,6,on,6.723008
682,7,the,1.467061
682,8,side,7.305335
682,9,of,0.471829
682,10,the,0.814057
682,11,road,6.032499
682,12,.,1.763742
682,13,<eos>,-0.0
683,0,They,0.0
683,1,reported,10.412453
683,2,who,11.821813
683,3,the,7.229744
683,4,woman,10.843506
683,5,abandoned,11.479923
683,6,the,3.339971
683,7,children,8.655084
683,8,on,7.097768
683,9,the,1.309488
683,10,side,8.214026
683,11,of,0.691888
683,12,the,0.725065
683,13,road,5.662575
683,14,.,1.535317
683,15,<eos>,-0.0
684,0,They,0.0
684,1,reported,10.412453
684,2,that,1.780984
684,3,the,1.89322
684,4,man,9.066194
684,5,claimed,9.762106
684,6,the,4.313329
684,7,woman,10.159692
684,8,abandoned,11.389415
684,9,on,10.61481
684,10,the,1.600557
684,11,side,7.229332
684,12,of,0.4549
684,13,the,0.790469
684,14,road,5.801056
684,15,.,2.000179
684,16,<eos>,-0.0
685,0,They,0.0
685,1,reported,10.412453
685,2,that,1.780984
685,3,the,1.89322
685,4,man,9.066194
685,5,claimed,9.762106
685,6,the,4.313329
685,7,woman,10.159692
685,8,abandoned,11.389415
685,9,the,1.825032
685,10,children,9.356604
685,11,on,6.89527
685,12,the,1.429072
685,13,side,8.455507
685,14,of,0.672654
685,15,the,0.718943
685,16,road,5.820256
685,17,.,1.789686
685,18,<eos>,-0.0
686,0,They,0.0
686,1,reported,10.412453
686,2,who,11.821813
686,3,the,7.229744
686,4,man,8.530405
686,5,claimed,7.967816
686,6,the,5.755399
686,7,woman,10.228609
686,8,abandoned,12.273998
686,9,on,7.083765
686,10,the,1.463798
686,11,side,7.41094
686,12,of,0.433503
686,13,the,0.736056
686,14,road,5.677356
686,15,.,1.419575
686,16,<eos>,-0.0
687,0,They,0.0
687,1,reported,10.412453
687,2,who,11.821813
687,3,the,7.229744
687,4,man,8.530405
687,5,claimed,7.967816
687,6,the,5.755399
687,7,woman,10.228609
687,8,abandoned,12.273998
687,9,the,5.668646
687,10,children,8.723015
687,11,on,7.766016
687,12,the,1.245639
687,13,side,7.963165
687,14,of,0.76343
687,15,the,0.655315
687,16,road,5.543052
687,17,.,1.278554
687,18,<eos>,-0.0
688,0,They,0.0
688,1,reported,10.412453
688,2,that,1.780984
688,3,the,1.89322
688,4,man,9.066194
688,5,claimed,9.762106
688,6,his,6.439161
688,7,friend,8.787395
688,8,believed,10.630734
688,9,the,3.650414
688,10,woman,8.981297
688,11,abandoned,11.010775
688,12,on,9.48653
688,13,the,1.627716
688,14,side,6.792393
688,15,of,0.570711
688,16,the,0.87734
688,17,road,6.478833
688,18,.,1.791394
688,19,<eos>,-0.0
689,0,They,0.0
689,1,reported,10.412453
689,2,that,1.780984
689,3,the,1.89322
689,4,man,9.066194
689,5,claimed,9.762106
689,6,his,6.439161
689,7,friend,8.787395
689,8,believed,10.630734
689,9,the,3.650414
689,10,woman,8.981297
689,11,abandoned,11.010775
689,12,the,1.908006
689,13,children,8.558217
689,14,on,7.056957
689,15,the,1.45852
689,16,side,8.196187
689,17,of,0.726818
689,18,the,0.773639
689,19,road,6.213056
689,20,.,1.518844
689,21,<eos>,-0.0
690,0,They,0.0
690,1,reported,10.412453
690,2,who,11.821813
690,3,the,7.229744
690,4,man,8.530405
690,5,claimed,7.967816
690,6,his,8.510571
690,7,friend,8.914406
690,8,believed,8.889361
690,9,the,5.130508
690,10,woman,9.270539
690,11,abandoned,11.797099
690,12,on,7.543768
690,13,the,1.300099
690,14,side,6.67188
690,15,of,0.465612
690,16,the,0.734628
690,17,road,5.82597
690,18,.,1.228309
690,19,<eos>,-0.0
691,0,They,0.0
691,1,reported,10.412453
691,2,who,11.821813
691,3,the,7.229744
691,4,man,8.530405
691,5,claimed,7.967816
691,6,his,8.510571
691,7,friend,8.914406
691,8,believed,8.889361
691,9,the,5.130508
691,10,woman,9.270539
691,11,abandoned,11.797099
691,12,the,4.577181
691,13,children,8.53979
691,14,on,7.810356
691,15,the,1.232085
691,16,side,7.907942
691,17,of,0.744256
691,18,the,0.682185
691,19,road,5.845137
691,20,.,1.117888
691,21,<eos>,-0.0
692,0,They,0.0
692,1,reported,10.412453
692,2,that,1.780984
692,3,the,1.89322
692,4,man,9.066194
692,5,claimed,9.762106
692,6,his,6.439161
692,7,friend,8.787395
692,8,believed,10.630734
692,9,he,2.807325
692,10,knew,7.862577
692,11,the,2.6214
692,12,woman,8.62933
692,13,abandoned,12.569284
692,14,on,10.916315
692,15,the,1.564442
692,16,side,6.918176
692,17,of,0.619133
692,18,the,0.737127
692,19,road,6.224959
692,20,.,1.177608
692,21,<eos>,-0.0
693,0,They,0.0
693,1,reported,10.412453
693,2,that,1.780984
693,3,the,1.89322
693,4,man,9.066194
693,5,claimed,9.762106
693,6,his,6.439161
693,7,friend,8.787395
693,8,believed,10.630734
693,9,he,2.807325
693,10,knew,7.862577
693,11,the,2.6214
693,12,woman,8.62933
693,13,abandoned,12.569284
693,14,the,1.973602
693,15,children,8.342906
693,16,on,7.3973
693,17,the,1.381625
693,18,side,8.137917
693,19,of,0.761156
693,20,the,0.713192
693,21,road,6.308625
693,22,.,1.149745
693,23,<eos>,-0.0
694,0,They,0.0
694,1,reported,10.412453
694,2,who,11.821813
694,3,the,7.229744
694,4,man,8.530405
694,5,claimed,7.967816
694,6,his,8.510571
694,7,friend,8.914406
694,8,believed,8.889361
694,9,he,4.597615
694,10,knew,6.585114
694,11,the,4.817988
694,12,woman,8.425832
694,13,abandoned,12.885551
694,14,on,8.149169
694,15,the,1.404853
694,16,side,7.068036
694,17,of,0.576635
694,18,the,0.706473
694,19,road,6.089575
694,20,.,0.910981
694,21,<eos>,-0.0
695,0,They,0.0
695,1,reported,10.412453
695,2,who,11.821813
695,3,the,7.229744
695,4,man,8.530405
695,5,claimed,7.967816
695,6,his,8.510571
695,7,friend,8.914406
695,8,believed,8.889361
695,9,he,4.597615
695,10,knew,6.585114
695,11,the,4.817988
695,12,woman,8.425832
695,13,abandoned,12.885551
695,14,the,4.598135
695,15,children,8.660698
695,16,on,8.124292
695,17,the,1.177351
695,18,side,7.747142
695,19,of,0.909987
695,20,the,0.648507
695,21,road,5.99602
695,22,.,0.909577
695,23,<eos>,-0.0
696,0,They,0.0
696,1,reported,10.412453
696,2,that,1.780984
696,3,the,1.89322
696,4,man,9.066194
696,5,claimed,9.762106
696,6,his,6.439161
696,7,friend,8.787395
696,8,believed,10.630734
696,9,he,2.807325
696,10,knew,7.862577
696,11,the,2.6214
696,12,woman,8.62933
696,13,abandoned,12.569284
696,14,on,10.916315
696,15,the,1.564442
696,16,side,6.918176
696,17,of,0.619133
696,18,the,0.737127
696,19,road,6.224959
696,20,.,1.177608
696,21,<eos>,-0.0
697,0,They,0.0
697,1,reported,10.412453
697,2,that,1.780984
697,3,the,1.89322
697,4,man,9.066194
697,5,claimed,9.762106
697,6,his,6.439161
697,7,friend,8.787395
697,8,believed,10.630734
697,9,he,2.807325
697,10,knew,7.862577
697,11,the,2.6214
697,12,woman,8.62933
697,13,abandoned,12.569284
697,14,the,1.973602
697,15,children,8.342906
697,16,on,7.3973
697,17,the,1.381625
697,18,side,8.137917
697,19,of,0.761156
697,20,the,0.713192
697,21,road,6.308625
697,22,.,1.149745
697,23,<eos>,-0.0
698,0,They,0.0
698,1,reported,10.412453
698,2,who,11.821813
698,3,the,7.229744
698,4,man,8.530405
698,5,claimed,7.967816
698,6,his,8.510571
698,7,friend,8.914406
698,8,believed,8.889361
698,9,he,4.597615
698,10,knew,6.585114
698,11,the,4.817988
698,12,woman,8.425832
698,13,abandoned,12.885551
698,14,on,8.149169
698,15,the,1.404853
698,16,side,7.068036
698,17,of,0.576635
698,18,the,0.706473
698,19,road,6.089575
698,20,.,0.910981
698,21,<eos>,-0.0
699,0,They,0.0
699,1,reported,10.412453
699,2,who,11.821813
699,3,the,7.229744
699,4,man,8.530405
699,5,claimed,7.967816
699,6,his,8.510571
699,7,friend,8.914406
699,8,believed,8.889361
699,9,he,4.597615
699,10,knew,6.585114
699,11,the,4.817988
699,12,woman,8.425832
699,13,abandoned,12.885551
699,14,the,4.598135
699,15,children,8.660698
699,16,on,8.124292
699,17,the,1.177351
699,18,side,7.747142
699,19,of,0.909987
699,20,the,0.648507
699,21,road,5.99602
699,22,.,0.909577
699,23,<eos>,-0.0
700,0,They,0.0
700,1,recalled,12.997755
700,2,that,3.338919
700,3,the,2.030145
700,4,executive,13.134362
700,5,promoted,14.773543
700,6,last,16.364573
700,7,week,9.027097
700,8,.,5.453142
700,9,<eos>,-0.0
701,0,They,0.0
701,1,recalled,12.997755
701,2,that,3.338919
701,3,the,2.030145
701,4,executive,13.134362
701,5,promoted,14.773543
701,6,the,1.240014
701,7,secretary,15.555509
701,8,last,17.405415
701,9,week,6.804274
701,10,.,3.294967
701,11,<eos>,-0.0
702,0,They,0.0
702,1,recalled,12.997755
702,2,who,10.332471
702,3,the,6.027031
702,4,executive,12.541368
702,5,promoted,13.338241
702,6,last,16.003918
702,7,week,7.907005
702,8,.,2.211812
702,9,<eos>,-0.0
703,0,They,0.0
703,1,recalled,12.997755
703,2,who,10.332471
703,3,the,6.027031
703,4,executive,12.541368
703,5,promoted,13.338241
703,6,the,2.995131
703,7,secretary,14.881366
703,8,last,16.991167
703,9,week,7.110057
703,10,.,2.172566
703,11,<eos>,-0.0
704,0,They,0.0
704,1,recalled,12.997755
704,2,that,3.338919
704,3,the,2.030145
704,4,journalist,13.485086
704,5,believed,7.979033
704,6,the,3.037402
704,7,executive,13.40249
704,8,promoted,15.186994
704,9,last,17.323236
704,10,week,9.161249
704,11,.,4.518288
704,12,<eos>,-0.0
705,0,They,0.0
705,1,recalled,12.997755
705,2,that,3.338919
705,3,the,2.030145
705,4,journalist,13.485086
705,5,believed,7.979033
705,6,the,3.037402
705,7,executive,13.40249
705,8,promoted,15.186994
705,9,the,1.577895
705,10,secretary,15.803483
705,11,last,17.975533
705,12,week,7.051378
705,13,.,3.001361
705,14,<eos>,-0.0
706,0,They,0.0
706,1,recalled,12.997755
706,2,who,10.332471
706,3,the,6.027031
706,4,journalist,12.36129
706,5,believed,7.516238
706,6,the,4.799472
706,7,executive,13.667272
706,8,promoted,16.056152
706,9,last,17.022549
706,10,week,8.882798
706,11,.,2.257288
706,12,<eos>,-0.0
707,0,They,0.0
707,1,recalled,12.997755
707,2,who,10.332471
707,3,the,6.027031
707,4,journalist,12.36129
707,5,believed,7.516238
707,6,the,4.799472
707,7,executive,13.667272
707,8,promoted,16.056152
707,9,the,2.923381
707,10,secretary,15.573955
707,11,last,17.554888
707,12,week,6.921667
707,13,.,2.154223
707,14,<eos>,-0.0
708,0,They,0.0
708,1,recalled,12.997755
708,2,that,3.338919
708,3,the,2.030145
708,4,journalist,13.485086
708,5,believed,7.979033
708,6,the,3.037402
708,7,transcript,15.067469
708,8,stated,12.335481
708,9,the,4.754131
708,10,executive,12.855974
708,11,promoted,17.270273
708,12,last,16.579744
708,13,week,9.426258
708,14,.,3.984982
708,15,<eos>,-0.0
709,0,They,0.0
709,1,recalled,12.997755
709,2,that,3.338919
709,3,the,2.030145
709,4,journalist,13.485086
709,5,believed,7.979033
709,6,the,3.037402
709,7,transcript,15.067469
709,8,stated,12.335481
709,9,the,4.754131
709,10,executive,12.855974
709,11,promoted,17.270273
709,12,the,1.296228
709,13,secretary,14.709858
709,14,last,17.126278
709,15,week,5.785001
709,16,.,2.5927
709,17,<eos>,-0.0
710,0,They,0.0
710,1,recalled,12.997755
710,2,who,10.332471
710,3,the,6.027031
710,4,journalist,12.36129
710,5,believed,7.516238
710,6,the,4.799472
710,7,transcript,16.581964
710,8,stated,13.569575
710,9,the,6.595182
710,10,executive,13.850712
710,11,promoted,17.324478
710,12,last,16.050697
710,13,week,8.213853
710,14,.,2.179735
710,15,<eos>,-0.0
711,0,They,0.0
711,1,recalled,12.997755
711,2,who,10.332471
711,3,the,6.027031
711,4,journalist,12.36129
711,5,believed,7.516238
711,6,the,4.799472
711,7,transcript,16.581964
711,8,stated,13.569575
711,9,the,6.595182
711,10,executive,13.850712
711,11,promoted,17.324478
711,12,the,2.302806
711,13,secretary,13.978751
711,14,last,16.955952
711,15,week,5.724235
711,16,.,2.033541
711,17,<eos>,-0.0
712,0,They,0.0
712,1,recalled,12.997755
712,2,that,3.338919
712,3,the,2.030145
712,4,journalist,13.485086
712,5,believed,7.979033
712,6,the,3.037402
712,7,transcript,15.067469
712,8,stated,12.335481
712,9,he,6.945508
712,10,knew,6.344458
712,11,the,2.833753
712,12,executive,13.983077
712,13,promoted,18.955553
712,14,last,16.827106
712,15,week,8.428471
712,16,.,3.222257
712,17,<eos>,-0.0
713,0,They,0.0
713,1,recalled,12.997755
713,2,that,3.338919
713,3,the,2.030145
713,4,journalist,13.485086
713,5,believed,7.979033
713,6,the,3.037402
713,7,transcript,15.067469
713,8,stated,12.335481
713,9,he,6.945508
713,10,knew,6.344458
713,11,the,2.833753
713,12,executive,13.983077
713,13,promoted,18.955553
713,14,the,1.471591
713,15,secretary,14.852648
713,16,last,16.938835
713,17,week,5.94416
713,18,.,2.26919
713,19,<eos>,-0.0
714,0,They,0.0
714,1,recalled,12.997755
714,2,who,10.332471
714,3,the,6.027031
714,4,journalist,12.36129
714,5,believed,7.516238
714,6,the,4.799472
714,7,transcript,16.581964
714,8,stated,13.569575
714,9,he,7.831147
714,10,knew,5.855851
714,11,the,4.079556
714,12,executive,14.062938
714,13,promoted,18.974527
714,14,last,16.766766
714,15,week,8.010776
714,16,.,2.449056
714,17,<eos>,-0.0
715,0,They,0.0
715,1,recalled,12.997755
715,2,who,10.332471
715,3,the,6.027031
715,4,journalist,12.36129
715,5,believed,7.516238
715,6,the,4.799472
715,7,transcript,16.581964
715,8,stated,13.569575
715,9,he,7.831147
715,10,knew,5.855851
715,11,the,4.079556
715,12,executive,14.062938
715,13,promoted,18.974527
715,14,the,1.694784
715,15,secretary,14.483278
715,16,last,16.844551
715,17,week,5.887955
715,18,.,1.977464
715,19,<eos>,-0.0
716,0,They,0.0
716,1,recalled,12.997755
716,2,that,3.338919
716,3,the,2.030145
716,4,journalist,13.485086
716,5,believed,7.979033
716,6,the,3.037402
716,7,transcript,15.067469
716,8,stated,12.335481
716,9,he,6.945508
716,10,knew,6.344458
716,11,the,2.833753
716,12,executive,13.983077
716,13,promoted,18.955553
716,14,last,16.827106
716,15,week,8.428471
716,16,.,3.222257
716,17,<eos>,-0.0
717,0,They,0.0
717,1,recalled,12.997755
717,2,that,3.338919
717,3,the,2.030145
717,4,journalist,13.485086
717,5,believed,7.979033
717,6,the,3.037402
717,7,transcript,15.067469
717,8,stated,12.335481
717,9,he,6.945508
717,10,knew,6.344458
717,11,the,2.833753
717,12,executive,13.983077
717,13,promoted,18.955553
717,14,the,1.471591
717,15,secretary,14.852648
717,16,last,16.938835
717,17,week,5.94416
717,18,.,2.26919
717,19,<eos>,-0.0
718,0,They,0.0
718,1,recalled,12.997755
718,2,who,10.332471
718,3,the,6.027031
718,4,journalist,12.36129
718,5,believed,7.516238
718,6,the,4.799472
718,7,transcript,16.581964
718,8,stated,13.569575
718,9,he,7.831147
718,10,knew,5.855851
718,11,the,4.079556
718,12,executive,14.062938
718,13,promoted,18.974527
718,14,last,16.766766
718,15,week,8.010776
718,16,.,2.449056
718,17,<eos>,-0.0
719,0,They,0.0
719,1,recalled,12.997755
719,2,who,10.332471
719,3,the,6.027031
719,4,journalist,12.36129
719,5,believed,7.516238
719,6,the,4.799472
719,7,transcript,16.581964
719,8,stated,13.569575
719,9,he,7.831147
719,10,knew,5.855851
719,11,the,4.079556
719,12,executive,14.062938
719,13,promoted,18.974527
719,14,the,1.694784
719,15,secretary,14.483278
719,16,last,16.844551
719,17,week,5.887955
719,18,.,1.977464
719,19,<eos>,-0.0
720,0,We,0.0
720,1,recalled,14.266203
720,2,that,3.365684
720,3,the,2.013075
720,4,millionaire,17.650484
720,5,divorced,15.065306
720,6,last,16.708889
720,7,week,4.175072
720,8,.,1.950615
720,9,<eos>,-0.0
721,0,We,0.0
721,1,recalled,14.266203
721,2,that,3.365684
721,3,the,2.013075
721,4,millionaire,17.650484
721,5,divorced,15.065306
721,6,his,4.511855
721,7,wife,2.025578
721,8,last,16.436024
721,9,week,4.437605
721,10,.,2.318079
721,11,<eos>,-0.0
722,0,We,0.0
722,1,recalled,14.266203
722,2,who,8.667806
722,3,the,5.621344
722,4,millionaire,15.128337
722,5,divorced,15.05638
722,6,last,15.748021
722,7,week,4.733934
722,8,.,1.541964
722,9,<eos>,-0.0
723,0,We,0.0
723,1,recalled,14.266203
723,2,who,8.667806
723,3,the,5.621344
723,4,millionaire,15.128337
723,5,divorced,15.05638
723,6,his,5.419474
723,7,wife,2.304835
723,8,last,15.439162
723,9,week,4.838569
723,10,.,1.91093
723,11,<eos>,-0.0
724,0,We,0.0
724,1,recalled,14.266203
724,2,that,3.365684
724,3,the,2.013075
724,4,woman,10.282034
724,5,said,7.758842
724,6,the,4.221791
724,7,millionaire,18.818251
724,8,divorced,14.279381
724,9,last,16.371395
724,10,week,4.344953
724,11,.,1.64601
724,12,<eos>,-0.0
725,0,We,0.0
725,1,recalled,14.266203
725,2,that,3.365684
725,3,the,2.013075
725,4,woman,10.282034
725,5,said,7.758842
725,6,the,4.221791
725,7,millionaire,18.818251
725,8,divorced,14.279381
725,9,his,5.890851
725,10,wife,2.058868
725,11,last,15.960605
725,12,week,4.403148
725,13,.,1.873902
725,14,<eos>,-0.0
726,0,We,0.0
726,1,recalled,14.266203
726,2,who,8.667806
726,3,the,5.621344
726,4,woman,9.473618
726,5,said,7.360786
726,6,the,5.541314
726,7,millionaire,17.172794
726,8,divorced,14.055695
726,9,last,16.227875
726,10,week,4.688358
726,11,.,1.361242
726,12,<eos>,-0.0
727,0,We,0.0
727,1,recalled,14.266203
727,2,who,8.667806
727,3,the,5.621344
727,4,woman,9.473618
727,5,said,7.360786
727,6,the,5.541314
727,7,millionaire,17.172794
727,8,divorced,14.055695
727,9,his,5.980294
727,10,wife,1.703208
727,11,last,15.792794
727,12,week,4.625011
727,13,.,1.683619
727,14,<eos>,-0.0
728,0,We,0.0
728,1,recalled,14.266203
728,2,that,3.365684
728,3,the,2.013075
728,4,woman,10.282034
728,5,said,7.758842
728,6,she,3.109019
728,7,thought,6.54405
728,8,the,3.253229
728,9,millionaire,18.523922
728,10,divorced,16.083841
728,11,last,16.622435
728,12,week,4.23752
728,13,.,1.484647
728,14,<eos>,-0.0
729,0,We,0.0
729,1,recalled,14.266203
729,2,that,3.365684
729,3,the,2.013075
729,4,woman,10.282034
729,5,said,7.758842
729,6,she,3.109019
729,7,thought,6.54405
729,8,the,3.253229
729,9,millionaire,18.523922
729,10,divorced,16.083841
729,11,his,7.215972
729,12,wife,2.985328
729,13,last,16.781078
729,14,week,4.370949
729,15,.,1.597123
729,16,<eos>,-0.0
730,0,We,0.0
730,1,recalled,14.266203
730,2,who,8.667806
730,3,the,5.621344
730,4,woman,9.473618
730,5,said,7.360786
730,6,she,4.36665
730,7,thought,6.408864
730,8,the,4.254049
730,9,millionaire,17.594353
730,10,divorced,15.982693
730,11,last,16.354958
730,12,week,4.377036
730,13,.,1.314046
730,14,<eos>,-0.0
731,0,We,0.0
731,1,recalled,14.266203
731,2,who,8.667806
731,3,the,5.621344
731,4,woman,9.473618
731,5,said,7.360786
731,6,she,4.36665
731,7,thought,6.408864
731,8,the,4.254049
731,9,millionaire,17.594353
731,10,divorced,15.982693
731,11,his,6.968959
731,12,wife,2.51743
731,13,last,16.527679
731,14,week,4.474715
731,15,.,1.530124
731,16,<eos>,-0.0
732,0,We,0.0
732,1,recalled,14.266203
732,2,that,3.365684
732,3,the,2.013075
732,4,woman,10.282034
732,5,said,7.758842
732,6,she,3.109019
732,7,thought,6.54405
732,8,she,2.364424
732,9,knew,7.116776
732,10,the,3.311177
732,11,millionaire,18.649271
732,12,divorced,17.308689
732,13,last,16.225742
732,14,week,4.007021
732,15,.,1.392768
732,16,<eos>,-0.0
733,0,We,0.0
733,1,recalled,14.266203
733,2,that,3.365684
733,3,the,2.013075
733,4,woman,10.282034
733,5,said,7.758842
733,6,she,3.109019
733,7,thought,6.54405
733,8,she,2.364424
733,9,knew,7.116776
733,10,the,3.311177
733,11,millionaire,18.649271
733,12,divorced,17.308689
733,13,his,7.020017
733,14,wife,1.948019
733,15,last,15.867586
733,16,week,3.923645
733,17,.,1.530723
733,18,<eos>,-0.0
734,0,We,0.0
734,1,recalled,14.266203
734,2,who,8.667806
734,3,the,5.621344
734,4,woman,9.473618
734,5,said,7.360786
734,6,she,4.36665
734,7,thought,6.408864
734,8,she,3.1349
734,9,knew,6.554276
734,10,the,3.675821
734,11,millionaire,18.164843
734,12,divorced,16.454168
734,13,last,15.58952
734,14,week,4.09217
734,15,.,1.205418
734,16,<eos>,-0.0
735,0,We,0.0
735,1,recalled,14.266203
735,2,who,8.667806
735,3,the,5.621344
735,4,woman,9.473618
735,5,said,7.360786
735,6,she,4.36665
735,7,thought,6.408864
735,8,she,3.1349
735,9,knew,6.554276
735,10,the,3.675821
735,11,millionaire,18.164843
735,12,divorced,16.454168
735,13,his,6.978908
735,14,wife,1.842969
735,15,last,15.671088
735,16,week,4.137619
735,17,.,1.490192
735,18,<eos>,-0.0
736,0,We,0.0
736,1,recalled,14.266203
736,2,that,3.365684
736,3,the,2.013075
736,4,woman,10.282034
736,5,said,7.758842
736,6,she,3.109019
736,7,thought,6.54405
736,8,she,2.364424
736,9,knew,7.116776
736,10,the,3.311177
736,11,millionaire,18.649271
736,12,divorced,17.308689
736,13,last,16.225742
736,14,week,4.007021
736,15,.,1.392768
736,16,<eos>,-0.0
737,0,We,0.0
737,1,recalled,14.266203
737,2,that,3.365684
737,3,the,2.013075
737,4,woman,10.282034
737,5,said,7.758842
737,6,she,3.109019
737,7,thought,6.54405
737,8,she,2.364424
737,9,knew,7.116776
737,10,the,3.311177
737,11,millionaire,18.649271
737,12,divorced,17.308689
737,13,his,7.020017
737,14,wife,1.948019
737,15,last,15.867586
737,16,week,3.923645
737,17,.,1.530723
737,18,<eos>,-0.0
738,0,We,0.0
738,1,recalled,14.266203
738,2,who,8.667806
738,3,the,5.621344
738,4,woman,9.473618
738,5,said,7.360786
738,6,she,4.36665
738,7,thought,6.408864
738,8,she,3.1349
738,9,knew,6.554276
738,10,the,3.675821
738,11,millionaire,18.164843
738,12,divorced,16.454168
738,13,last,15.58952
738,14,week,4.09217
738,15,.,1.205418
738,16,<eos>,-0.0
739,0,We,0.0
739,1,recalled,14.266203
739,2,who,8.667806
739,3,the,5.621344
739,4,woman,9.473618
739,5,said,7.360786
739,6,she,4.36665
739,7,thought,6.408864
739,8,she,3.1349
739,9,knew,6.554276
739,10,the,3.675821
739,11,millionaire,18.164843
739,12,divorced,16.454168
739,13,his,6.978908
739,14,wife,1.842969
739,15,last,15.671088
739,16,week,4.137619
739,17,.,1.490192
739,18,<eos>,-0.0
740,0,He,0.0
740,1,recalled,11.830338
740,2,that,2.828473
740,3,the,2.424241
740,4,police,8.775201
740,5,frightened,15.649859
740,6,over,12.517015
740,7,the,1.384756
740,8,weekend,11.543638
740,9,.,3.388047
740,10,<eos>,-0.0
741,0,He,0.0
741,1,recalled,11.830338
741,2,that,2.828473
741,3,the,2.424241
741,4,police,8.775201
741,5,frightened,15.649859
741,6,the,3.266283
741,7,protesters,6.905597
741,8,over,7.99706
741,9,the,1.055442
741,10,weekend,9.181887
741,11,.,1.827712
741,12,<eos>,-0.0
742,0,He,0.0
742,1,recalled,11.830338
742,2,who,10.627078
742,3,the,5.534445
742,4,police,7.564179
742,5,frightened,14.629554
742,6,over,11.449759
742,7,the,1.690323
742,8,weekend,10.704454
742,9,.,2.687785
742,10,<eos>,-0.0
743,0,He,0.0
743,1,recalled,11.830338
743,2,who,10.627078
743,3,the,5.534445
743,4,police,7.564179
743,5,frightened,14.629554
743,6,the,4.456732
743,7,protesters,8.508391
743,8,over,7.723206
743,9,the,2.013121
743,10,weekend,9.003527
743,11,.,1.616033
743,12,<eos>,-0.0
744,0,He,0.0
744,1,recalled,11.830338
744,2,that,2.828473
744,3,the,2.424241
744,4,inspector,15.160929
744,5,believed,8.391364
744,6,the,3.057616
744,7,police,7.438522
744,8,frightened,16.897697
744,9,over,13.11983
744,10,the,1.237911
744,11,weekend,12.499732
744,12,.,2.813455
744,13,<eos>,-0.0
745,0,He,0.0
745,1,recalled,11.830338
745,2,that,2.828473
745,3,the,2.424241
745,4,inspector,15.160929
745,5,believed,8.391364
745,6,the,3.057616
745,7,police,7.438522
745,8,frightened,16.897697
745,9,the,2.709922
745,10,protesters,6.454492
745,11,over,8.467973
745,12,the,1.084991
745,13,weekend,9.195754
745,14,.,1.48605
745,15,<eos>,-0.0
746,0,He,0.0
746,1,recalled,11.830338
746,2,who,10.627078
746,3,the,5.534445
746,4,inspector,13.418629
746,5,believed,7.693312
746,6,the,4.391393
746,7,police,7.507843
746,8,frightened,16.128809
746,9,over,13.450763
746,10,the,1.295571
746,11,weekend,12.081856
746,12,.,2.176211
746,13,<eos>,-0.0
747,0,He,0.0
747,1,recalled,11.830338
747,2,who,10.627078
747,3,the,5.534445
747,4,inspector,13.418629
747,5,believed,7.693312
747,6,the,4.391393
747,7,police,7.507843
747,8,frightened,16.128809
747,9,the,3.179681
747,10,protesters,6.665117
747,11,over,8.394865
747,12,the,1.032781
747,13,weekend,9.385714
747,14,.,1.300668
747,15,<eos>,-0.0
748,0,He,0.0
748,1,recalled,11.830338
748,2,that,2.828473
748,3,the,2.424241
748,4,inspector,15.160929
748,5,believed,8.391364
748,6,the,3.057616
748,7,detective,13.220379
748,8,concluded,16.099051
748,9,the,3.53861
748,10,police,6.891437
748,11,frightened,17.937439
748,12,over,14.263692
748,13,the,1.395519
748,14,weekend,13.022426
748,15,.,2.364364
748,16,<eos>,-0.0
749,0,He,0.0
749,1,recalled,11.830338
749,2,that,2.828473
749,3,the,2.424241
749,4,inspector,15.160929
749,5,believed,8.391364
749,6,the,3.057616
749,7,detective,13.220379
749,8,concluded,16.099051
749,9,the,3.53861
749,10,police,6.891437
749,11,frightened,17.937439
749,12,the,3.471148
749,13,protesters,7.477986
749,14,over,8.347146
749,15,the,1.046295
749,16,weekend,9.777343
749,17,.,1.308459
749,18,<eos>,-0.0
750,0,He,0.0
750,1,recalled,11.830338
750,2,who,10.627078
750,3,the,5.534445
750,4,inspector,13.418629
750,5,believed,7.693312
750,6,the,4.391393
750,7,detective,13.572674
750,8,concluded,16.340487
750,9,the,3.539853
750,10,police,6.953598
750,11,frightened,17.332373
750,12,over,14.664576
750,13,the,1.473868
750,14,weekend,12.875555
750,15,.,2.042139
750,16,<eos>,-0.0
751,0,He,0.0
751,1,recalled,11.830338
751,2,who,10.627078
751,3,the,5.534445
751,4,inspector,13.418629
751,5,believed,7.693312
751,6,the,4.391393
751,7,detective,13.572674
751,8,concluded,16.340487
751,9,the,3.539853
751,10,police,6.953598
751,11,frightened,17.332373
751,12,the,3.823387
751,13,protesters,7.50913
751,14,over,8.332011
751,15,the,1.060054
751,16,weekend,10.053954
751,17,.,1.134701
751,18,<eos>,-0.0
752,0,He,0.0
752,1,recalled,11.830338
752,2,that,2.828473
752,3,the,2.424241
752,4,inspector,15.160929
752,5,believed,8.391364
752,6,the,3.057616
752,7,detective,13.220379
752,8,concluded,16.099051
752,9,he,4.672995
752,10,knew,6.097704
752,11,the,2.596953
752,12,police,5.728426
752,13,frightened,17.251698
752,14,over,13.93679
752,15,the,1.391443
752,16,weekend,12.433729
752,17,.,2.113842
752,18,<eos>,-0.0
753,0,He,0.0
753,1,recalled,11.830338
753,2,that,2.828473
753,3,the,2.424241
753,4,inspector,15.160929
753,5,believed,8.391364
753,6,the,3.057616
753,7,detective,13.220379
753,8,concluded,16.099051
753,9,he,4.672995
753,10,knew,6.097704
753,11,the,2.596953
753,12,police,5.728426
753,13,frightened,17.251698
753,14,the,3.280334
753,15,protesters,7.712929
753,16,over,8.171895
753,17,the,1.076135
753,18,weekend,9.88442
753,19,.,1.158122
753,20,<eos>,-0.0
754,0,He,0.0
754,1,recalled,11.830338
754,2,who,10.627078
754,3,the,5.534445
754,4,inspector,13.418629
754,5,believed,7.693312
754,6,the,4.391393
754,7,detective,13.572674
754,8,concluded,16.340487
754,9,he,4.469669
754,10,knew,5.615284
754,11,the,2.678362
754,12,police,5.618829
754,13,frightened,16.974339
754,14,over,14.198014
754,15,the,1.455444
754,16,weekend,12.30667
754,17,.,1.915905
754,18,<eos>,-0.0
755,0,He,0.0
755,1,recalled,11.830338
755,2,who,10.627078
755,3,the,5.534445
755,4,inspector,13.418629
755,5,believed,7.693312
755,6,the,4.391393
755,7,detective,13.572674
755,8,concluded,16.340487
755,9,he,4.469669
755,10,knew,5.615284
755,11,the,2.678362
755,12,police,5.618829
755,13,frightened,16.974339
755,14,the,3.564704
755,15,protesters,7.792728
755,16,over,8.178375
755,17,the,1.08603
755,18,weekend,9.93176
755,19,.,1.051986
755,20,<eos>,-0.0
756,0,He,0.0
756,1,recalled,11.830338
756,2,that,2.828473
756,3,the,2.424241
756,4,inspector,15.160929
756,5,believed,8.391364
756,6,the,3.057616
756,7,detective,13.220379
756,8,concluded,16.099051
756,9,he,4.672995
756,10,knew,6.097704
756,11,the,2.596953
756,12,police,5.728426
756,13,frightened,17.251698
756,14,over,13.93679
756,15,the,1.391443
756,16,weekend,12.433729
756,17,.,2.113842
756,18,<eos>,-0.0
757,0,He,0.0
757,1,recalled,11.830338
757,2,that,2.828473
757,3,the,2.424241
757,4,inspector,15.160929
757,5,believed,8.391364
757,6,the,3.057616
757,7,detective,13.220379
757,8,concluded,16.099051
757,9,he,4.672995
757,10,knew,6.097704
757,11,the,2.596953
757,12,police,5.728426
757,13,frightened,17.251698
757,14,the,3.280334
757,15,protesters,7.712929
757,16,over,8.171895
757,17,the,1.076135
757,18,weekend,9.88442
757,19,.,1.158122
757,20,<eos>,-0.0
758,0,He,0.0
758,1,recalled,11.830338
758,2,who,10.627078
758,3,the,5.534445
758,4,inspector,13.418629
758,5,believed,7.693312
758,6,the,4.391393
758,7,detective,13.572674
758,8,concluded,16.340487
758,9,he,4.469669
758,10,knew,5.615284
758,11,the,2.678362
758,12,police,5.618829
758,13,frightened,16.974339
758,14,over,14.198014
758,15,the,1.455444
758,16,weekend,12.30667
758,17,.,1.915905
758,18,<eos>,-0.0
759,0,He,0.0
759,1,recalled,11.830338
759,2,who,10.627078
759,3,the,5.534445
759,4,inspector,13.418629
759,5,believed,7.693312
759,6,the,4.391393
759,7,detective,13.572674
759,8,concluded,16.340487
759,9,he,4.469669
759,10,knew,5.615284
759,11,the,2.678362
759,12,police,5.618829
759,13,frightened,16.974339
759,14,the,3.564704
759,15,protesters,7.792728
759,16,over,8.178375
759,17,the,1.08603
759,18,weekend,9.93176
759,19,.,1.051986
759,20,<eos>,-0.0
760,0,I,0.0
760,1,know,6.278276
760,2,that,2.352433
760,3,the,2.35511
760,4,spy,16.144245
760,5,assassinated,18.327927
760,6,yesterday,16.00169
760,7,night,14.094171
760,8,.,1.887535
760,9,<eos>,-0.0
761,0,I,0.0
761,1,know,6.278276
761,2,that,2.352433
761,3,the,2.35511
761,4,spy,16.144245
761,5,assassinated,18.327927
761,6,the,2.934141
761,7,politician,11.916221
761,8,yesterday,17.346275
761,9,night,13.455392
761,10,.,1.226984
761,11,<eos>,-0.0
762,0,I,0.0
762,1,know,6.278276
762,2,who,6.580016
762,3,the,5.056487
762,4,spy,14.881692
762,5,assassinated,17.614182
762,6,yesterday,13.104859
762,7,night,14.411304
762,8,.,1.397069
762,9,<eos>,-0.0
763,0,I,0.0
763,1,know,6.278276
763,2,who,6.580016
763,3,the,5.056487
763,4,spy,14.881692
763,5,assassinated,17.614182
763,6,the,4.49845
763,7,politician,11.239346
763,8,yesterday,16.386173
763,9,night,14.151067
763,10,.,0.790059
763,11,<eos>,-0.0
764,0,I,0.0
764,1,know,6.278276
764,2,that,2.352433
764,3,the,2.35511
764,4,agent,13.296741
764,5,thought,10.532585
764,6,the,3.367088
764,7,spy,13.48239
764,8,assassinated,19.475002
764,9,yesterday,14.297229
764,10,night,13.731764
764,11,.,1.749582
764,12,<eos>,-0.0
765,0,I,0.0
765,1,know,6.278276
765,2,that,2.352433
765,3,the,2.35511
765,4,agent,13.296741
765,5,thought,10.532585
765,6,the,3.367088
765,7,spy,13.48239
765,8,assassinated,19.475002
765,9,the,4.016983
765,10,politician,12.237322
765,11,yesterday,17.783131
765,12,night,13.597778
765,13,.,1.138428
765,14,<eos>,-0.0
766,0,I,0.0
766,1,know,6.278276
766,2,who,6.580016
766,3,the,5.056487
766,4,agent,11.59055
766,5,thought,10.370024
766,6,the,5.128903
766,7,spy,13.621744
766,8,assassinated,18.484428
766,9,yesterday,13.601568
766,10,night,14.107413
766,11,.,1.36092
766,12,<eos>,-0.0
767,0,I,0.0
767,1,know,6.278276
767,2,who,6.580016
767,3,the,5.056487
767,4,agent,11.59055
767,5,thought,10.370024
767,6,the,5.128903
767,7,spy,13.621744
767,8,assassinated,18.484428
767,9,the,5.680978
767,10,politician,11.101572
767,11,yesterday,16.982943
767,12,night,14.234372
767,13,.,0.683328
767,14,<eos>,-0.0
768,0,I,0.0
768,1,know,6.278276
768,2,that,2.352433
768,3,the,2.35511
768,4,agent,13.296741
768,5,thought,10.532585
768,6,the,3.367088
768,7,witness,13.341525
768,8,said,8.739589
768,9,the,3.185339
768,10,spy,11.024156
768,11,assassinated,17.766491
768,12,yesterday,17.364513
768,13,night,14.139052
768,14,.,1.615546
768,15,<eos>,-0.0
769,0,I,0.0
769,1,know,6.278276
769,2,that,2.352433
769,3,the,2.35511
769,4,agent,13.296741
769,5,thought,10.532585
769,6,the,3.367088
769,7,witness,13.341525
769,8,said,8.739589
769,9,the,3.185339
769,10,spy,11.024156
769,11,assassinated,17.766491
769,12,the,3.100224
769,13,politician,12.739913
769,14,yesterday,17.462528
769,15,night,13.948487
769,16,.,1.096504
769,17,<eos>,-0.0
770,0,I,0.0
770,1,know,6.278276
770,2,who,6.580016
770,3,the,5.056487
770,4,agent,11.59055
770,5,thought,10.370024
770,6,the,5.128903
770,7,witness,13.956094
770,8,said,6.872687
770,9,the,6.294747
770,10,spy,12.031071
770,11,assassinated,17.248755
770,12,yesterday,14.776803
770,13,night,13.404892
770,14,.,1.473264
770,15,<eos>,-0.0
771,0,I,0.0
771,1,know,6.278276
771,2,who,6.580016
771,3,the,5.056487
771,4,agent,11.59055
771,5,thought,10.370024
771,6,the,5.128903
771,7,witness,13.956094
771,8,said,6.872687
771,9,the,6.294747
771,10,spy,12.031071
771,11,assassinated,17.248755
771,12,the,4.237952
771,13,politician,11.979195
771,14,yesterday,17.513422
771,15,night,13.478472
771,16,.,0.819554
771,17,<eos>,-0.0
772,0,I,0.0
772,1,know,6.278276
772,2,that,2.352433
772,3,the,2.35511
772,4,agent,13.296741
772,5,thought,10.532585
772,6,the,3.367088
772,7,witness,13.341525
772,8,said,8.739589
772,9,he,3.897701
772,10,knew,5.694445
772,11,the,2.836133
772,12,spy,12.034306
772,13,assassinated,20.405411
772,14,yesterday,16.005981
772,15,night,14.845659
772,16,.,1.523804
772,17,<eos>,-0.0
773,0,I,0.0
773,1,know,6.278276
773,2,that,2.352433
773,3,the,2.35511
773,4,agent,13.296741
773,5,thought,10.532585
773,6,the,3.367088
773,7,witness,13.341525
773,8,said,8.739589
773,9,he,3.897701
773,10,knew,5.694445
773,11,the,2.836133
773,12,spy,12.034306
773,13,assassinated,20.405411
773,14,the,3.190326
773,15,politician,12.024552
773,16,yesterday,18.010914
773,17,night,13.891026
773,18,.,0.999941
773,19,<eos>,-0.0
774,0,I,0.0
774,1,know,6.278276
774,2,who,6.580016
774,3,the,5.056487
774,4,agent,11.59055
774,5,thought,10.370024
774,6,the,5.128903
774,7,witness,13.956094
774,8,said,6.872687
774,9,he,6.420309
774,10,knew,5.062561
774,11,the,4.328557
774,12,spy,12.392462
774,13,assassinated,19.498194
774,14,yesterday,16.043276
774,15,night,14.405149
774,16,.,1.377817
774,17,<eos>,-0.0
775,0,I,0.0
775,1,know,6.278276
775,2,who,6.580016
775,3,the,5.056487
775,4,agent,11.59055
775,5,thought,10.370024
775,6,the,5.128903
775,7,witness,13.956094
775,8,said,6.872687
775,9,he,6.420309
775,10,knew,5.062561
775,11,the,4.328557
775,12,spy,12.392462
775,13,assassinated,19.498194
775,14,the,3.459574
775,15,politician,11.816198
775,16,yesterday,17.914759
775,17,night,13.535234
775,18,.,0.823885
775,19,<eos>,-0.0
776,0,I,0.0
776,1,know,6.278276
776,2,that,2.352433
776,3,the,2.35511
776,4,agent,13.296741
776,5,thought,10.532585
776,6,the,3.367088
776,7,witness,13.341525
776,8,said,8.739589
776,9,he,3.897701
776,10,knew,5.694445
776,11,the,2.836133
776,12,spy,12.034306
776,13,assassinated,20.405411
776,14,yesterday,16.005981
776,15,night,14.845659
776,16,.,1.523804
776,17,<eos>,-0.0
777,0,I,0.0
777,1,know,6.278276
777,2,that,2.352433
777,3,the,2.35511
777,4,agent,13.296741
777,5,thought,10.532585
777,6,the,3.367088
777,7,witness,13.341525
777,8,said,8.739589
777,9,he,3.897701
777,10,knew,5.694445
777,11,the,2.836133
777,12,spy,12.034306
777,13,assassinated,20.405411
777,14,the,3.190326
777,15,politician,12.024552
777,16,yesterday,18.010914
777,17,night,13.891026
777,18,.,0.999941
777,19,<eos>,-0.0
778,0,I,0.0
778,1,know,6.278276
778,2,who,6.580016
778,3,the,5.056487
778,4,agent,11.59055
778,5,thought,10.370024
778,6,the,5.128903
778,7,witness,13.956094
778,8,said,6.872687
778,9,he,6.420309
778,10,knew,5.062561
778,11,the,4.328557
778,12,spy,12.392462
778,13,assassinated,19.498194
778,14,yesterday,16.043276
778,15,night,14.405149
778,16,.,1.377817
778,17,<eos>,-0.0
779,0,I,0.0
779,1,know,6.278276
779,2,who,6.580016
779,3,the,5.056487
779,4,agent,11.59055
779,5,thought,10.370024
779,6,the,5.128903
779,7,witness,13.956094
779,8,said,6.872687
779,9,he,6.420309
779,10,knew,5.062561
779,11,the,4.328557
779,12,spy,12.392462
779,13,assassinated,19.498194
779,14,the,3.459574
779,15,politician,11.816198
779,16,yesterday,17.914759
779,17,night,13.535234
779,18,.,0.823885
779,19,<eos>,-0.0
780,0,You,0.0
780,1,know,6.225534
780,2,that,3.970907
780,3,the,2.063794
780,4,firefighter,18.926569
780,5,greeted,18.984955
780,6,on,9.39058
780,7,the,1.104014
780,8,sidewalk,8.787339
780,9,.,3.295876
780,10,<eos>,-0.0
781,0,You,0.0
781,1,know,6.225534
781,2,that,3.970907
781,3,the,2.063794
781,4,firefighter,18.926569
781,5,greeted,18.984955
781,6,the,1.607763
781,7,teacher,14.353611
781,8,on,6.404297
781,9,the,1.219085
781,10,sidewalk,8.318592
781,11,.,2.635566
781,12,<eos>,-0.0
782,0,You,0.0
782,1,know,6.225534
782,2,who,7.834128
782,3,the,4.899722
782,4,firefighter,18.204264
782,5,greeted,16.985825
782,6,on,7.226239
782,7,the,1.083645
782,8,sidewalk,8.694767
782,9,.,1.69022
782,10,<eos>,-0.0
783,0,You,0.0
783,1,know,6.225534
783,2,who,7.834128
783,3,the,4.899722
783,4,firefighter,18.204264
783,5,greeted,16.985825
783,6,the,3.569874
783,7,teacher,13.065118
783,8,on,6.932048
783,9,the,1.246772
783,10,sidewalk,9.268648
783,11,.,1.587724
783,12,<eos>,-0.0
784,0,You,0.0
784,1,know,6.225534
784,2,that,3.970907
784,3,the,2.063794
784,4,woman,10.021988
784,5,reported,12.559136
784,6,the,3.431336
784,7,firefighter,19.716497
784,8,greeted,18.20574
784,9,on,7.314433
784,10,the,1.345815
784,11,sidewalk,8.065925
784,12,.,2.429456
784,13,<eos>,-0.0
785,0,You,0.0
785,1,know,6.225534
785,2,that,3.970907
785,3,the,2.063794
785,4,woman,10.021988
785,5,reported,12.559136
785,6,the,3.431336
785,7,firefighter,19.716497
785,8,greeted,18.20574
785,9,the,2.468681
785,10,teacher,13.54563
785,11,on,5.974947
785,12,the,1.382757
785,13,sidewalk,8.643264
785,14,.,2.099409
785,15,<eos>,-0.0
786,0,You,0.0
786,1,know,6.225534
786,2,who,7.834128
786,3,the,4.899722
786,4,woman,9.275633
786,5,reported,13.015808
786,6,the,5.648842
786,7,firefighter,18.785463
786,8,greeted,17.216097
786,9,on,6.310688
786,10,the,1.306583
786,11,sidewalk,8.426708
786,12,.,1.530227
786,13,<eos>,-0.0
787,0,You,0.0
787,1,know,6.225534
787,2,who,7.834128
787,3,the,4.899722
787,4,woman,9.275633
787,5,reported,13.015808
787,6,the,5.648842
787,7,firefighter,18.785463
787,8,greeted,17.216097
787,9,the,4.863235
787,10,teacher,12.691516
787,11,on,6.390607
787,12,the,1.353637
787,13,sidewalk,9.094675
787,14,.,1.488348
787,15,<eos>,-0.0
788,0,You,0.0
788,1,know,6.225534
788,2,that,3.970907
788,3,the,2.063794
788,4,woman,10.021988
788,5,reported,12.559136
788,6,the,3.431336
788,7,neighbors,17.502647
788,8,believed,10.562356
788,9,the,3.645252
788,10,firefighter,17.595919
788,11,greeted,16.246441
788,12,on,9.380014
788,13,the,1.265245
788,14,sidewalk,7.768648
788,15,.,1.840549
788,16,<eos>,-0.0
789,0,You,0.0
789,1,know,6.225534
789,2,that,3.970907
789,3,the,2.063794
789,4,woman,10.021988
789,5,reported,12.559136
789,6,the,3.431336
789,7,neighbors,17.502647
789,8,believed,10.562356
789,9,the,3.645252
789,10,firefighter,17.595919
789,11,greeted,16.246441
789,12,the,1.901614
789,13,teacher,14.330995
789,14,on,6.664449
789,15,the,1.393771
789,16,sidewalk,7.69173
789,17,.,1.762682
789,18,<eos>,-0.0
790,0,You,0.0
790,1,know,6.225534
790,2,who,7.834128
790,3,the,4.899722
790,4,woman,9.275633
790,5,reported,13.015808
790,6,the,5.648842
790,7,neighbors,16.127964
790,8,believed,9.698329
790,9,the,6.771507
790,10,firefighter,17.816992
790,11,greeted,17.247717
790,12,on,6.696936
790,13,the,1.26977
790,14,sidewalk,8.056398
790,15,.,1.278369
790,16,<eos>,-0.0
791,0,You,0.0
791,1,know,6.225534
791,2,who,7.834128
791,3,the,4.899722
791,4,woman,9.275633
791,5,reported,13.015808
791,6,the,5.648842
791,7,neighbors,16.127964
791,8,believed,9.698329
791,9,the,6.771507
791,10,firefighter,17.816992
791,11,greeted,17.247717
791,12,the,4.772724
791,13,teacher,13.854248
791,14,on,6.858447
791,15,the,1.361978
791,16,sidewalk,8.252436
791,17,.,1.270666
791,18,<eos>,-0.0
792,0,You,0.0
792,1,know,6.225534
792,2,that,3.970907
792,3,the,2.063794
792,4,woman,10.021988
792,5,reported,12.559136
792,6,the,3.431336
792,7,neighbors,17.502647
792,8,believed,10.562356
792,9,they,4.273649
792,10,knew,6.98226
792,11,the,3.12088
792,12,firefighter,19.403553
792,13,greeted,18.388931
792,14,on,10.1115
792,15,the,1.238171
792,16,sidewalk,8.212748
792,17,.,1.457774
792,18,<eos>,-0.0
793,0,You,0.0
793,1,know,6.225534
793,2,that,3.970907
793,3,the,2.063794
793,4,woman,10.021988
793,5,reported,12.559136
793,6,the,3.431336
793,7,neighbors,17.502647
793,8,believed,10.562356
793,9,they,4.273649
793,10,knew,6.98226
793,11,the,3.12088
793,12,firefighter,19.403553
793,13,greeted,18.388931
793,14,the,2.139508
793,15,teacher,14.3566
793,16,on,6.84934
793,17,the,1.3231
793,18,sidewalk,8.063901
793,19,.,1.440412
793,20,<eos>,-0.0
794,0,You,0.0
794,1,know,6.225534
794,2,who,7.834128
794,3,the,4.899722
794,4,woman,9.275633
794,5,reported,13.015808
794,6,the,5.648842
794,7,neighbors,16.127964
794,8,believed,9.698329
794,9,they,7.472342
794,10,knew,6.268283
794,11,the,4.869418
794,12,firefighter,18.896509
794,13,greeted,17.790981
794,14,on,9.50238
794,15,the,1.201257
794,16,sidewalk,8.546265
794,17,.,1.145683
794,18,<eos>,-0.0
795,0,You,0.0
795,1,know,6.225534
795,2,who,7.834128
795,3,the,4.899722
795,4,woman,9.275633
795,5,reported,13.015808
795,6,the,5.648842
795,7,neighbors,16.127964
795,8,believed,9.698329
795,9,they,7.472342
795,10,knew,6.268283
795,11,the,4.869418
795,12,firefighter,18.896509
795,13,greeted,17.790981
795,14,the,2.183071
795,15,teacher,14.196287
795,16,on,6.985777
795,17,the,1.261433
795,18,sidewalk,8.520734
795,19,.,1.18816
795,20,<eos>,-0.0
796,0,You,0.0
796,1,know,6.225534
796,2,that,3.970907
796,3,the,2.063794
796,4,woman,10.021988
796,5,reported,12.559136
796,6,the,3.431336
796,7,neighbors,17.502647
796,8,believed,10.562356
796,9,they,4.273649
796,10,knew,6.98226
796,11,the,3.12088
796,12,firefighter,19.403553
796,13,greeted,18.388931
796,14,on,10.1115
796,15,the,1.238171
796,16,sidewalk,8.212748
796,17,.,1.457774
796,18,<eos>,-0.0
797,0,You,0.0
797,1,know,6.225534
797,2,that,3.970907
797,3,the,2.063794
797,4,woman,10.021988
797,5,reported,12.559136
797,6,the,3.431336
797,7,neighbors,17.502647
797,8,believed,10.562356
797,9,they,4.273649
797,10,knew,6.98226
797,11,the,3.12088
797,12,firefighter,19.403553
797,13,greeted,18.388931
797,14,the,2.139508
797,15,teacher,14.3566
797,16,on,6.84934
797,17,the,1.3231
797,18,sidewalk,8.063901
797,19,.,1.440412
797,20,<eos>,-0.0
798,0,You,0.0
798,1,know,6.225534
798,2,who,7.834128
798,3,the,4.899722
798,4,woman,9.275633
798,5,reported,13.015808
798,6,the,5.648842
798,7,neighbors,16.127964
798,8,believed,9.698329
798,9,they,7.472342
798,10,knew,6.268283
798,11,the,4.869418
798,12,firefighter,18.896509
798,13,greeted,17.790981
798,14,on,9.50238
798,15,the,1.201257
798,16,sidewalk,8.546265
798,17,.,1.145683
798,18,<eos>,-0.0
799,0,You,0.0
799,1,know,6.225534
799,2,who,7.834128
799,3,the,4.899722
799,4,woman,9.275633
799,5,reported,13.015808
799,6,the,5.648842
799,7,neighbors,16.127964
799,8,believed,9.698329
799,9,they,7.472342
799,10,knew,6.268283
799,11,the,4.869418
799,12,firefighter,18.896509
799,13,greeted,17.790981
799,14,the,2.183071
799,15,teacher,14.196287
799,16,on,6.985777
799,17,the,1.261433
799,18,sidewalk,8.520734
799,19,.,1.18816
799,20,<eos>,-0.0
800,0,He,0.0
800,1,knows,11.52312
800,2,that,2.297416
800,3,the,2.267236
800,4,mayor,12.037817
800,5,supported,14.985726
800,6,during,12.336721
800,7,the,0.648799
800,8,town,10.284027
800,9,meeting,7.613657
800,10,.,2.230884
800,11,<eos>,-0.0
801,0,He,0.0
801,1,knows,11.52312
801,2,that,2.297416
801,3,the,2.267236
801,4,mayor,12.037817
801,5,supported,14.985726
801,6,the,1.477021
801,7,principal,13.818894
801,8,during,11.506845
801,9,the,0.817929
801,10,town,10.597312
801,11,meeting,6.828072
801,12,.,1.392366
801,13,<eos>,-0.0
802,0,He,0.0
802,1,knows,11.52312
802,2,who,6.622077
802,3,the,4.020604
802,4,mayor,11.530698
802,5,supported,14.772004
802,6,during,7.652637
802,7,the,0.830471
802,8,town,10.058506
802,9,meeting,7.169043
802,10,.,1.166236
802,11,<eos>,-0.0
803,0,He,0.0
803,1,knows,11.52312
803,2,who,6.622077
803,3,the,4.020604
803,4,mayor,11.530698
803,5,supported,14.772004
803,6,the,2.953291
803,7,principal,13.555219
803,8,during,11.421602
803,9,the,0.820994
803,10,town,10.295505
803,11,meeting,6.762366
803,12,.,1.117692
803,13,<eos>,-0.0
804,0,He,0.0
804,1,knows,11.52312
804,2,that,2.297416
804,3,the,2.267236
804,4,politician,14.967807
804,5,believed,11.633501
804,6,the,3.331327
804,7,mayor,10.985822
804,8,supported,13.280396
804,9,during,11.68569
804,10,the,0.607026
804,11,town,10.506671
804,12,meeting,7.237887
804,13,.,2.168367
804,14,<eos>,-0.0
805,0,He,0.0
805,1,knows,11.52312
805,2,that,2.297416
805,3,the,2.267236
805,4,politician,14.967807
805,5,believed,11.633501
805,6,the,3.331327
805,7,mayor,10.985822
805,8,supported,13.280396
805,9,the,1.317415
805,10,principal,14.302463
805,11,during,12.152773
805,12,the,0.793474
805,13,town,10.98889
805,14,meeting,6.544905
805,15,.,1.356447
805,16,<eos>,-0.0
806,0,He,0.0
806,1,knows,11.52312
806,2,who,6.622077
806,3,the,4.020604
806,4,politician,13.904466
806,5,believed,11.542779
806,6,the,4.608828
806,7,mayor,11.6376
806,8,supported,13.303276
806,9,during,7.965139
806,10,the,0.741141
806,11,town,10.00444
806,12,meeting,6.914324
806,13,.,1.037585
806,14,<eos>,-0.0
807,0,He,0.0
807,1,knows,11.52312
807,2,who,6.622077
807,3,the,4.020604
807,4,politician,13.904466
807,5,believed,11.542779
807,6,the,4.608828
807,7,mayor,11.6376
807,8,supported,13.303276
807,9,the,3.09884
807,10,principal,13.997131
807,11,during,12.377737
807,12,the,0.772758
807,13,town,10.393696
807,14,meeting,6.607129
807,15,.,1.034649
807,16,<eos>,-0.0
808,0,He,0.0
808,1,knows,11.52312
808,2,that,2.297416
808,3,the,2.267236
808,4,politician,14.967807
808,5,believed,11.633501
808,6,the,3.331327
808,7,donors,16.603514
808,8,said,12.959674
808,9,the,3.583243
808,10,mayor,10.391011
808,11,supported,12.302594
808,12,during,12.92244
808,13,the,0.539131
808,14,town,10.698087
808,15,meeting,6.967406
808,16,.,2.010094
808,17,<eos>,-0.0
809,0,He,0.0
809,1,knows,11.52312
809,2,that,2.297416
809,3,the,2.267236
809,4,politician,14.967807
809,5,believed,11.633501
809,6,the,3.331327
809,7,donors,16.603514
809,8,said,12.959674
809,9,the,3.583243
809,10,mayor,10.391011
809,11,supported,12.302594
809,12,the,1.445251
809,13,principal,14.310802
809,14,during,11.992557
809,15,the,0.763952
809,16,town,11.220009
809,17,meeting,6.003032
809,18,.,1.191879
809,19,<eos>,-0.0
810,0,He,0.0
810,1,knows,11.52312
810,2,who,6.622077
810,3,the,4.020604
810,4,politician,13.904466
810,5,believed,11.542779
810,6,the,4.608828
810,7,donors,16.685568
810,8,said,11.576261
810,9,the,5.401261
810,10,mayor,9.902477
810,11,supported,11.873999
810,12,during,8.587516
810,13,the,0.662338
810,14,town,10.513693
810,15,meeting,7.389847
810,16,.,0.889513
810,17,<eos>,-0.0
811,0,He,0.0
811,1,knows,11.52312
811,2,who,6.622077
811,3,the,4.020604
811,4,politician,13.904466
811,5,believed,11.542779
811,6,the,4.608828
811,7,donors,16.685568
811,8,said,11.576261
811,9,the,5.401261
811,10,mayor,9.902477
811,11,supported,11.873999
811,12,the,2.871853
811,13,principal,14.425433
811,14,during,12.139851
811,15,the,0.767987
811,16,town,10.877748
811,17,meeting,6.505744
811,18,.,0.908928
811,19,<eos>,-0.0
812,0,He,0.0
812,1,knows,11.52312
812,2,that,2.297416
812,3,the,2.267236
812,4,politician,14.967807
812,5,believed,11.633501
812,6,the,3.331327
812,7,donors,16.603514
812,8,said,12.959674
812,9,they,2.700553
812,10,knew,7.692841
812,11,the,2.830935
812,12,mayor,11.798769
812,13,supported,14.285615
812,14,during,13.062343
812,15,the,0.515557
812,16,town,10.778836
812,17,meeting,7.325542
812,18,.,1.488431
812,19,<eos>,-0.0
813,0,He,0.0
813,1,knows,11.52312
813,2,that,2.297416
813,3,the,2.267236
813,4,politician,14.967807
813,5,believed,11.633501
813,6,the,3.331327
813,7,donors,16.603514
813,8,said,12.959674
813,9,they,2.700553
813,10,knew,7.692841
813,11,the,2.830935
813,12,mayor,11.798769
813,13,supported,14.285615
813,14,the,1.42112
813,15,principal,14.460684
813,16,during,12.703017
813,17,the,0.744745
813,18,town,11.068172
813,19,meeting,6.083006
813,20,.,0.990526
813,21,<eos>,-0.0
814,0,He,0.0
814,1,knows,11.52312
814,2,who,6.622077
814,3,the,4.020604
814,4,politician,13.904466
814,5,believed,11.542779
814,6,the,4.608828
814,7,donors,16.685568
814,8,said,11.576261
814,9,they,4.81997
814,10,knew,6.771973
814,11,the,3.72908
814,12,mayor,11.152414
814,13,supported,13.730682
814,14,during,10.06591
814,15,the,0.651165
814,16,town,10.699298
814,17,meeting,7.528373
814,18,.,0.775041
814,19,<eos>,-0.0
815,0,He,0.0
815,1,knows,11.52312
815,2,who,6.622077
815,3,the,4.020604
815,4,politician,13.904466
815,5,believed,11.542779
815,6,the,4.608828
815,7,donors,16.685568
815,8,said,11.576261
815,9,they,4.81997
815,10,knew,6.771973
815,11,the,3.72908
815,12,mayor,11.152414
815,13,supported,13.730682
815,14,the,2.038821
815,15,principal,14.66228
815,16,during,12.300036
815,17,the,0.788079
815,18,town,11.092407
815,19,meeting,6.580145
815,20,.,0.79448
815,21,<eos>,-0.0
816,0,He,0.0
816,1,knows,11.52312
816,2,that,2.297416
816,3,the,2.267236
816,4,politician,14.967807
816,5,believed,11.633501
816,6,the,3.331327
816,7,donors,16.603514
816,8,said,12.959674
816,9,they,2.700553
816,10,knew,7.692841
816,11,the,2.830935
816,12,mayor,11.798769
816,13,supported,14.285615
816,14,during,13.062343
816,15,the,0.515557
816,16,town,10.778836
816,17,meeting,7.325542
816,18,.,1.488431
816,19,<eos>,-0.0
817,0,He,0.0
817,1,knows,11.52312
817,2,that,2.297416
817,3,the,2.267236
817,4,politician,14.967807
817,5,believed,11.633501
817,6,the,3.331327
817,7,donors,16.603514
817,8,said,12.959674
817,9,they,2.700553
817,10,knew,7.692841
817,11,the,2.830935
817,12,mayor,11.798769
817,13,supported,14.285615
817,14,the,1.42112
817,15,principal,14.460684
817,16,during,12.703017
817,17,the,0.744745
817,18,town,11.068172
817,19,meeting,6.083006
817,20,.,0.990526
817,21,<eos>,-0.0
818,0,He,0.0
818,1,knows,11.52312
818,2,who,6.622077
818,3,the,4.020604
818,4,politician,13.904466
818,5,believed,11.542779
818,6,the,4.608828
818,7,donors,16.685568
818,8,said,11.576261
818,9,they,4.81997
818,10,knew,6.771973
818,11,the,3.72908
818,12,mayor,11.152414
818,13,supported,13.730682
818,14,during,10.06591
818,15,the,0.651165
818,16,town,10.699298
818,17,meeting,7.528373
818,18,.,0.775041
818,19,<eos>,-0.0
819,0,He,0.0
819,1,knows,11.52312
819,2,who,6.622077
819,3,the,4.020604
819,4,politician,13.904466
819,5,believed,11.542779
819,6,the,4.608828
819,7,donors,16.685568
819,8,said,11.576261
819,9,they,4.81997
819,10,knew,6.771973
819,11,the,3.72908
819,12,mayor,11.152414
819,13,supported,13.730682
819,14,the,2.038821
819,15,principal,14.66228
819,16,during,12.300036
819,17,the,0.788079
819,18,town,11.092407
819,19,meeting,6.580145
819,20,.,0.79448
819,21,<eos>,-0.0
820,0,She,0.0
820,1,knows,11.608641
820,2,that,2.279035
820,3,the,2.521865
820,4,man,6.724071
820,5,congratulated,19.410143
820,6,after,14.25965
820,7,the,1.932629
820,8,ceremony,6.382559
820,9,.,4.800733
820,10,<eos>,-0.0
821,0,She,0.0
821,1,knows,11.608641
821,2,that,2.279035
821,3,the,2.521865
821,4,man,6.724071
821,5,congratulated,19.410143
821,6,the,3.822518
821,7,writer,10.815956
821,8,after,8.586676
821,9,the,2.500864
821,10,ceremony,6.896361
821,11,.,1.086946
821,12,<eos>,-0.0
822,0,She,0.0
822,1,knows,11.608641
822,2,who,6.4446
822,3,the,4.386521
822,4,man,5.837079
822,5,congratulated,19.143688
822,6,after,10.936581
822,7,the,1.987841
822,8,ceremony,6.397576
822,9,.,0.894536
822,10,<eos>,-0.0
823,0,She,0.0
823,1,knows,11.608641
823,2,who,6.4446
823,3,the,4.386521
823,4,man,5.837079
823,5,congratulated,19.143688
823,6,the,3.894553
823,7,writer,10.109856
823,8,after,8.584613
823,9,the,2.299628
823,10,ceremony,7.059565
823,11,.,0.835407
823,12,<eos>,-0.0
824,0,She,0.0
824,1,knows,11.608641
824,2,that,2.279035
824,3,the,2.521865
824,4,woman,6.550632
824,5,said,11.25001
824,6,the,4.530111
824,7,man,5.356916
824,8,congratulated,18.469223
824,9,after,15.088676
824,10,the,2.126163
824,11,ceremony,5.894562
824,12,.,2.162369
824,13,<eos>,-0.0
825,0,She,0.0
825,1,knows,11.608641
825,2,that,2.279035
825,3,the,2.521865
825,4,woman,6.550632
825,5,said,11.25001
825,6,the,4.530111
825,7,man,5.356916
825,8,congratulated,18.469223
825,9,the,4.424764
825,10,writer,10.978539
825,11,after,8.441692
825,12,the,2.541068
825,13,ceremony,6.95028
825,14,.,0.927423
825,15,<eos>,-0.0
826,0,She,0.0
826,1,knows,11.608641
826,2,who,6.4446
826,3,the,4.386521
826,4,woman,5.698281
826,5,said,10.968573
826,6,the,5.956725
826,7,man,5.567441
826,8,congratulated,18.57943
826,9,after,14.997297
826,10,the,2.057083
826,11,ceremony,6.24138
826,12,.,0.867528
826,13,<eos>,-0.0
827,0,She,0.0
827,1,knows,11.608641
827,2,who,6.4446
827,3,the,4.386521
827,4,woman,5.698281
827,5,said,10.968573
827,6,the,5.956725
827,7,man,5.567441
827,8,congratulated,18.57943
827,9,the,4.490414
827,10,writer,10.803866
827,11,after,9.054811
827,12,the,2.422718
827,13,ceremony,7.150472
827,14,.,0.756701
827,15,<eos>,-0.0
828,0,She,0.0
828,1,knows,11.608641
828,2,that,2.279035
828,3,the,2.521865
828,4,woman,6.550632
828,5,said,11.25001
828,6,her,5.48167
828,7,friend,7.016902
828,8,believed,10.159
828,9,the,3.816181
828,10,man,6.58423
828,11,congratulated,19.073395
828,12,after,14.672796
828,13,the,2.275654
828,14,ceremony,6.599162
828,15,.,2.313666
828,16,<eos>,-0.0
829,0,She,0.0
829,1,knows,11.608641
829,2,that,2.279035
829,3,the,2.521865
829,4,woman,6.550632
829,5,said,11.25001
829,6,her,5.48167
829,7,friend,7.016902
829,8,believed,10.159
829,9,the,3.816181
829,10,man,6.58423
829,11,congratulated,19.073395
829,12,the,4.7881
829,13,writer,11.023121
829,14,after,8.48577
829,15,the,2.649943
829,16,ceremony,7.137782
829,17,.,0.841473
829,18,<eos>,-0.0
830,0,She,0.0
830,1,knows,11.608641
830,2,who,6.4446
830,3,the,4.386521
830,4,woman,5.698281
830,5,said,10.968573
830,6,her,6.8239
830,7,friend,6.529106
830,8,believed,10.717023
830,9,the,4.232893
830,10,man,6.526233
830,11,congratulated,18.877237
830,12,after,15.205263
830,13,the,2.198201
830,14,ceremony,6.746597
830,15,.,1.568179
830,16,<eos>,-0.0
831,0,She,0.0
831,1,knows,11.608641
831,2,who,6.4446
831,3,the,4.386521
831,4,woman,5.698281
831,5,said,10.968573
831,6,her,6.8239
831,7,friend,6.529106
831,8,believed,10.717023
831,9,the,4.232893
831,10,man,6.526233
831,11,congratulated,18.877237
831,12,the,4.665588
831,13,writer,10.826747
831,14,after,8.953283
831,15,the,2.598085
831,16,ceremony,7.227755
831,17,.,0.720253
831,18,<eos>,-0.0
832,0,She,0.0
832,1,knows,11.608641
832,2,that,2.279035
832,3,the,2.521865
832,4,woman,6.550632
832,5,said,11.25001
832,6,her,5.48167
832,7,friend,7.016902
832,8,believed,10.159
832,9,she,2.503936
832,10,knew,7.217198
832,11,the,3.343685
832,12,man,5.919961
832,13,congratulated,20.974743
832,14,after,15.721782
832,15,the,2.358097
832,16,ceremony,6.975745
832,17,.,0.5686
832,18,<eos>,-0.0
833,0,She,0.0
833,1,knows,11.608641
833,2,that,2.279035
833,3,the,2.521865
833,4,woman,6.550632
833,5,said,11.25001
833,6,her,5.48167
833,7,friend,7.016902
833,8,believed,10.159
833,9,she,2.503936
833,10,knew,7.217198
833,11,the,3.343685
833,12,man,5.919961
833,13,congratulated,20.974743
833,14,the,4.945308
833,15,writer,10.579937
833,16,after,9.039376
833,17,the,2.765675
833,18,ceremony,7.515496
833,19,.,0.701977
833,20,<eos>,-0.0
834,0,She,0.0
834,1,knows,11.608641
834,2,who,6.4446
834,3,the,4.386521
834,4,woman,5.698281
834,5,said,10.968573
834,6,her,6.8239
834,7,friend,6.529106
834,8,believed,10.717023
834,9,she,3.132949
834,10,knew,7.099982
834,11,the,3.365771
834,12,man,5.725743
834,13,congratulated,20.789324
834,14,after,15.901973
834,15,the,2.323158
834,16,ceremony,7.043406
834,17,.,0.522672
834,18,<eos>,-0.0
835,0,She,0.0
835,1,knows,11.608641
835,2,who,6.4446
835,3,the,4.386521
835,4,woman,5.698281
835,5,said,10.968573
835,6,her,6.8239
835,7,friend,6.529106
835,8,believed,10.717023
835,9,she,3.132949
835,10,knew,7.099982
835,11,the,3.365771
835,12,man,5.725743
835,13,congratulated,20.789324
835,14,the,4.930685
835,15,writer,10.421
835,16,after,9.266479
835,17,the,2.721479
835,18,ceremony,7.533637
835,19,.,0.656131
835,20,<eos>,-0.0
836,0,She,0.0
836,1,knows,11.608641
836,2,that,2.279035
836,3,the,2.521865
836,4,woman,6.550632
836,5,said,11.25001
836,6,her,5.48167
836,7,friend,7.016902
836,8,believed,10.159
836,9,she,2.503936
836,10,knew,7.217198
836,11,the,3.343685
836,12,man,5.919961
836,13,congratulated,20.974743
836,14,after,15.721782
836,15,the,2.358097
836,16,ceremony,6.975745
836,17,.,0.5686
836,18,<eos>,-0.0
837,0,She,0.0
837,1,knows,11.608641
837,2,that,2.279035
837,3,the,2.521865
837,4,woman,6.550632
837,5,said,11.25001
837,6,her,5.48167
837,7,friend,7.016902
837,8,believed,10.159
837,9,she,2.503936
837,10,knew,7.217198
837,11,the,3.343685
837,12,man,5.919961
837,13,congratulated,20.974743
837,14,the,4.945308
837,15,writer,10.579937
837,16,after,9.039376
837,17,the,2.765675
837,18,ceremony,7.515496
837,19,.,0.701977
837,20,<eos>,-0.0
838,0,She,0.0
838,1,knows,11.608641
838,2,who,6.4446
838,3,the,4.386521
838,4,woman,5.698281
838,5,said,10.968573
838,6,her,6.8239
838,7,friend,6.529106
838,8,believed,10.717023
838,9,she,3.132949
838,10,knew,7.099982
838,11,the,3.365771
838,12,man,5.725743
838,13,congratulated,20.789324
838,14,after,15.901973
838,15,the,2.323158
838,16,ceremony,7.043406
838,17,.,0.522672
838,18,<eos>,-0.0
839,0,She,0.0
839,1,knows,11.608641
839,2,who,6.4446
839,3,the,4.386521
839,4,woman,5.698281
839,5,said,10.968573
839,6,her,6.8239
839,7,friend,6.529106
839,8,believed,10.717023
839,9,she,3.132949
839,10,knew,7.099982
839,11,the,3.365771
839,12,man,5.725743
839,13,congratulated,20.789324
839,14,the,4.930685
839,15,writer,10.421
839,16,after,9.266479
839,17,the,2.721479
839,18,ceremony,7.533637
839,19,.,0.656131
839,20,<eos>,-0.0
840,0,I,0.0
840,1,know,6.278276
840,2,that,2.352433
840,3,the,2.35511
840,4,hostess,18.080393
840,5,introduced,13.603292
840,6,to,5.151436
840,7,the,1.842367
840,8,regular,12.21983
840,9,customer,6.264762
840,10,.,5.179213
840,11,<eos>,-0.0
841,0,I,0.0
841,1,know,6.278276
841,2,that,2.352433
841,3,the,2.35511
841,4,hostess,18.080393
841,5,introduced,13.603292
841,6,her,3.64716
841,7,friend,11.524043
841,8,to,2.684878
841,9,the,1.224688
841,10,regular,11.886048
841,11,customer,7.07893
841,12,.,1.465979
841,13,<eos>,-0.0
842,0,I,0.0
842,1,know,6.278276
842,2,who,6.580016
842,3,the,5.056487
842,4,hostess,16.400995
842,5,introduced,14.445141
842,6,to,3.087852
842,7,the,1.547905
842,8,regular,12.142692
842,9,customer,7.950195
842,10,.,1.565619
842,11,<eos>,-0.0
843,0,I,0.0
843,1,know,6.278276
843,2,who,6.580016
843,3,the,5.056487
843,4,hostess,16.400995
843,5,introduced,14.445141
843,6,her,6.706944
843,7,friend,11.041501
843,8,to,2.756852
843,9,the,1.415614
843,10,regular,11.824375
843,11,customer,8.004092
843,12,.,1.130443
843,13,<eos>,-0.0
844,0,I,0.0
844,1,know,6.278276
844,2,that,2.352433
844,3,the,2.35511
844,4,heiress,18.643335
844,5,believed,10.81094
844,6,the,3.400319
844,7,hostess,14.09582
844,8,introduced,15.845192
844,9,to,5.024536
844,10,the,2.517219
844,11,regular,13.633054
844,12,customer,6.923232
844,13,.,3.588765
844,14,<eos>,-0.0
845,0,I,0.0
845,1,know,6.278276
845,2,that,2.352433
845,3,the,2.35511
845,4,heiress,18.643335
845,5,believed,10.81094
845,6,the,3.400319
845,7,hostess,14.09582
845,8,introduced,15.845192
845,9,her,2.129011
845,10,friend,12.091109
845,11,to,2.508504
845,12,the,1.53458
845,13,regular,13.117308
845,14,customer,7.921031
845,15,.,1.297568
845,16,<eos>,-0.0
846,0,I,0.0
846,1,know,6.278276
846,2,who,6.580016
846,3,the,5.056487
846,4,heiress,16.55789
846,5,believed,10.224458
846,6,the,6.069586
846,7,hostess,13.431581
846,8,introduced,15.172127
846,9,to,3.34936
846,10,the,2.143568
846,11,regular,13.71891
846,12,customer,8.078143
846,13,.,1.059931
846,14,<eos>,-0.0
847,0,I,0.0
847,1,know,6.278276
847,2,who,6.580016
847,3,the,5.056487
847,4,heiress,16.55789
847,5,believed,10.224458
847,6,the,6.069586
847,7,hostess,13.431581
847,8,introduced,15.172127
847,9,her,5.363676
847,10,friend,11.250354
847,11,to,2.471856
847,12,the,1.557349
847,13,regular,13.487247
847,14,customer,8.61823
847,15,.,0.997607
847,16,<eos>,-0.0
848,0,I,0.0
848,1,know,6.278276
848,2,that,2.352433
848,3,the,2.35511
848,4,heiress,18.643335
848,5,believed,10.81094
848,6,her,5.574176
848,7,friend,10.067882
848,8,said,11.339182
848,9,the,4.120629
848,10,hostess,13.281849
848,11,introduced,14.417831
848,12,to,6.233079
848,13,the,3.330275
848,14,regular,14.013728
848,15,customer,7.211197
848,16,.,2.525298
848,17,<eos>,-0.0
849,0,I,0.0
849,1,know,6.278276
849,2,that,2.352433
849,3,the,2.35511
849,4,heiress,18.643335
849,5,believed,10.81094
849,6,her,5.574176
849,7,friend,10.067882
849,8,said,11.339182
849,9,the,4.120629
849,10,hostess,13.281849
849,11,introduced,14.417831
849,12,her,1.513618
849,13,friend,12.544471
849,14,to,2.564838
849,15,the,1.788132
849,16,regular,13.527104
849,17,customer,7.761085
849,18,.,1.139926
849,19,<eos>,-0.0
850,0,I,0.0
850,1,know,6.278276
850,2,who,6.580016
850,3,the,5.056487
850,4,heiress,16.55789
850,5,believed,10.224458
850,6,her,9.047324
850,7,friend,8.93782
850,8,said,10.132012
850,9,the,5.579297
850,10,hostess,13.080466
850,11,introduced,14.100762
850,12,to,3.715832
850,13,the,3.110639
850,14,regular,14.15871
850,15,customer,7.745923
850,16,.,1.080643
850,17,<eos>,-0.0
851,0,I,0.0
851,1,know,6.278276
851,2,who,6.580016
851,3,the,5.056487
851,4,heiress,16.55789
851,5,believed,10.224458
851,6,her,9.047324
851,7,friend,8.93782
851,8,said,10.132012
851,9,the,5.579297
851,10,hostess,13.080466
851,11,introduced,14.100762
851,12,her,2.986933
851,13,friend,11.357776
851,14,to,2.455561
851,15,the,1.690805
851,16,regular,13.68327
851,17,customer,7.949856
851,18,.,0.936144
851,19,<eos>,-0.0
852,0,I,0.0
852,1,know,6.278276
852,2,that,2.352433
852,3,the,2.35511
852,4,heiress,18.643335
852,5,believed,10.81094
852,6,her,5.574176
852,7,friend,10.067882
852,8,said,11.339182
852,9,she,2.617829
852,10,knew,6.686641
852,11,the,3.380313
852,12,hostess,14.819387
852,13,introduced,15.324882
852,14,to,6.230051
852,15,the,3.503267
852,16,regular,14.035558
852,17,customer,7.355105
852,18,.,1.344093
852,19,<eos>,-0.0
853,0,I,0.0
853,1,know,6.278276
853,2,that,2.352433
853,3,the,2.35511
853,4,heiress,18.643335
853,5,believed,10.81094
853,6,her,5.574176
853,7,friend,10.067882
853,8,said,11.339182
853,9,she,2.617829
853,10,knew,6.686641
853,11,the,3.380313
853,12,hostess,14.819387
853,13,introduced,15.324882
853,14,her,1.637486
853,15,friend,12.765261
853,16,to,2.715088
853,17,the,1.897385
853,18,regular,13.489871
853,19,customer,7.714092
853,20,.,1.025633
853,21,<eos>,-0.0
854,0,I,0.0
854,1,know,6.278276
854,2,who,6.580016
854,3,the,5.056487
854,4,heiress,16.55789
854,5,believed,10.224458
854,6,her,9.047324
854,7,friend,8.93782
854,8,said,10.132012
854,9,she,4.580163
854,10,knew,6.328324
854,11,the,4.252977
854,12,hostess,13.778676
854,13,introduced,14.725461
854,14,to,4.954847
854,15,the,3.313028
854,16,regular,14.282641
854,17,customer,8.191873
854,18,.,0.951841
854,19,<eos>,-0.0
855,0,I,0.0
855,1,know,6.278276
855,2,who,6.580016
855,3,the,5.056487
855,4,heiress,16.55789
855,5,believed,10.224458
855,6,her,9.047324
855,7,friend,8.93782
855,8,said,10.132012
855,9,she,4.580163
855,10,knew,6.328324
855,11,the,4.252977
855,12,hostess,13.778676
855,13,introduced,14.725461
855,14,her,2.395866
855,15,friend,11.9228
855,16,to,2.736149
855,17,the,1.570459
855,18,regular,13.729592
855,19,customer,8.282368
855,20,.,0.983959
855,21,<eos>,-0.0
856,0,I,0.0
856,1,know,6.278276
856,2,that,2.352433
856,3,the,2.35511
856,4,heiress,18.643335
856,5,believed,10.81094
856,6,her,5.574176
856,7,friend,10.067882
856,8,said,11.339182
856,9,she,2.617829
856,10,knew,6.686641
856,11,the,3.380313
856,12,hostess,14.819387
856,13,introduced,15.324882
856,14,to,6.230051
856,15,the,3.503267
856,16,regular,14.035558
856,17,customer,7.355105
856,18,.,1.344093
856,19,<eos>,-0.0
857,0,I,0.0
857,1,know,6.278276
857,2,that,2.352433
857,3,the,2.35511
857,4,heiress,18.643335
857,5,believed,10.81094
857,6,her,5.574176
857,7,friend,10.067882
857,8,said,11.339182
857,9,she,2.617829
857,10,knew,6.686641
857,11,the,3.380313
857,12,hostess,14.819387
857,13,introduced,15.324882
857,14,her,1.637486
857,15,friend,12.765261
857,16,to,2.715088
857,17,the,1.897385
857,18,regular,13.489871
857,19,customer,7.714092
857,20,.,1.025633
857,21,<eos>,-0.0
858,0,I,0.0
858,1,know,6.278276
858,2,who,6.580016
858,3,the,5.056487
858,4,heiress,16.55789
858,5,believed,10.224458
858,6,her,9.047324
858,7,friend,8.93782
858,8,said,10.132012
858,9,she,4.580163
858,10,knew,6.328324
858,11,the,4.252977
858,12,hostess,13.778676
858,13,introduced,14.725461
858,14,to,4.954847
858,15,the,3.313028
858,16,regular,14.282641
858,17,customer,8.191873
858,18,.,0.951841
858,19,<eos>,-0.0
859,0,I,0.0
859,1,know,6.278276
859,2,who,6.580016
859,3,the,5.056487
859,4,heiress,16.55789
859,5,believed,10.224458
859,6,her,9.047324
859,7,friend,8.93782
859,8,said,10.132012
859,9,she,4.580163
859,10,knew,6.328324
859,11,the,4.252977
859,12,hostess,13.778676
859,13,introduced,14.725461
859,14,her,2.395866
859,15,friend,11.9228
859,16,to,2.736149
859,17,the,1.570459
859,18,regular,13.729592
859,19,customer,8.282368
859,20,.,0.983959
859,21,<eos>,-0.0
860,0,You,0.0
860,1,know,6.225534
860,2,that,3.970907
860,3,the,2.063794
860,4,young,9.309608
860,5,woman,4.543005
860,6,waited,13.550494
860,7,for,1.669596
860,8,at,10.959223
860,9,the,3.978044
860,10,movie,12.79165
860,11,theater,2.65668
860,12,.,3.391166
860,13,<eos>,-0.0
861,0,You,0.0
861,1,know,6.225534
861,2,that,3.970907
861,3,the,2.063794
861,4,young,9.309608
861,5,woman,4.543005
861,6,waited,13.550494
861,7,for,1.669596
861,8,her,3.039019
861,9,mother,5.446739
861,10,at,7.364026
861,11,the,1.112317
861,12,movie,13.128498
861,13,theater,2.347204
861,14,.,2.919811
861,15,<eos>,-0.0
862,0,You,0.0
862,1,know,6.225534
862,2,who,7.834128
862,3,the,4.899722
862,4,young,9.266635
862,5,woman,5.496605
862,6,waited,14.124771
862,7,for,1.509153
862,8,at,7.023978
862,9,the,1.136345
862,10,movie,12.743865
862,11,theater,2.817856
862,12,.,1.581947
862,13,<eos>,-0.0
863,0,You,0.0
863,1,know,6.225534
863,2,who,7.834128
863,3,the,4.899722
863,4,young,9.266635
863,5,woman,5.496605
863,6,waited,14.124771
863,7,for,1.509153
863,8,her,5.045459
863,9,mother,4.50488
863,10,at,7.309522
863,11,the,1.489162
863,12,movie,13.913843
863,13,theater,3.373596
863,14,.,1.627654
863,15,<eos>,-0.0
864,0,You,0.0
864,1,know,6.225534
864,2,that,3.970907
864,3,the,2.063794
864,4,man,8.219696
864,5,said,8.884032
864,6,the,4.320282
864,7,young,9.554348
864,8,woman,3.837313
864,9,waited,13.480146
864,10,for,1.62265
864,11,at,11.611448
864,12,the,3.66498
864,13,movie,12.647511
864,14,theater,2.926578
864,15,.,2.701907
864,16,<eos>,-0.0
865,0,You,0.0
865,1,know,6.225534
865,2,that,3.970907
865,3,the,2.063794
865,4,man,8.219696
865,5,said,8.884032
865,6,the,4.320282
865,7,young,9.554348
865,8,woman,3.837313
865,9,waited,13.480146
865,10,for,1.62265
865,11,her,2.825394
865,12,mother,5.94609
865,13,at,7.482993
865,14,the,1.08535
865,15,movie,12.964584
865,16,theater,2.632986
865,17,.,2.357134
865,18,<eos>,-0.0
866,0,You,0.0
866,1,know,6.225534
866,2,who,7.834128
866,3,the,4.899722
866,4,man,7.080769
866,5,said,7.862274
866,6,the,5.779932
866,7,young,9.475592
866,8,woman,3.980259
866,9,waited,14.148033
866,10,for,1.551975
866,11,at,7.250149
866,12,the,1.187126
866,13,movie,12.443351
866,14,theater,2.473957
866,15,.,1.455188
866,16,<eos>,-0.0
867,0,You,0.0
867,1,know,6.225534
867,2,who,7.834128
867,3,the,4.899722
867,4,man,7.080769
867,5,said,7.862274
867,6,the,5.779932
867,7,young,9.475592
867,8,woman,3.980259
867,9,waited,14.148033
867,10,for,1.551975
867,11,her,3.471745
867,12,mother,4.62699
867,13,at,7.097529
867,14,the,1.461277
867,15,movie,13.297508
867,16,theater,3.231932
867,17,.,1.476811
867,18,<eos>,-0.0
868,0,You,0.0
868,1,know,6.225534
868,2,that,3.970907
868,3,the,2.063794
868,4,man,8.219696
868,5,said,8.884032
868,6,the,4.320282
868,7,attendant,15.349036
868,8,saw,9.200145
868,9,the,2.213568
868,10,young,8.541766
868,11,woman,3.536125
868,12,waited,16.142225
868,13,for,1.731455
868,14,at,11.745421
868,15,the,3.522472
868,16,movie,12.872626
868,17,theater,2.930403
868,18,.,2.330304
868,19,<eos>,-0.0
869,0,You,0.0
869,1,know,6.225534
869,2,that,3.970907
869,3,the,2.063794
869,4,man,8.219696
869,5,said,8.884032
869,6,the,4.320282
869,7,attendant,15.349036
869,8,saw,9.200145
869,9,the,2.213568
869,10,young,8.541766
869,11,woman,3.536125
869,12,waited,16.142225
869,13,for,1.731455
869,14,her,3.148391
869,15,mother,6.199065
869,16,at,7.571677
869,17,the,1.039525
869,18,movie,13.111462
869,19,theater,2.611535
869,20,.,2.24388
869,21,<eos>,-0.0
870,0,You,0.0
870,1,know,6.225534
870,2,who,7.834128
870,3,the,4.899722
870,4,man,7.080769
870,5,said,7.862274
870,6,the,5.779932
870,7,attendant,15.786766
870,8,saw,8.322123
870,9,the,3.947586
870,10,young,8.697329
870,11,woman,3.918401
870,12,waited,15.722792
870,13,for,1.666918
870,14,at,7.418317
870,15,the,1.222382
870,16,movie,12.39211
870,17,theater,2.275331
870,18,.,1.44185
870,19,<eos>,-0.0
871,0,You,0.0
871,1,know,6.225534
871,2,who,7.834128
871,3,the,4.899722
871,4,man,7.080769
871,5,said,7.862274
871,6,the,5.779932
871,7,attendant,15.786766
871,8,saw,8.322123
871,9,the,3.947586
871,10,young,8.697329
871,11,woman,3.918401
871,12,waited,15.722792
871,13,for,1.666918
871,14,her,3.254669
871,15,mother,5.285409
871,16,at,7.146969
871,17,the,1.039976
871,18,movie,12.97556
871,19,theater,2.673052
871,20,.,1.49458
871,21,<eos>,-0.0
872,0,You,0.0
872,1,know,6.225534
872,2,that,3.970907
872,3,the,2.063794
872,4,man,8.219696
872,5,said,8.884032
872,6,the,4.320282
872,7,attendant,15.349036
872,8,saw,9.200145
872,9,her,5.208726
872,10,friend,12.371125
872,11,knew,14.192234
872,12,the,3.663167
872,13,young,8.78565
872,14,woman,2.975559
872,15,waited,15.556384
872,16,for,1.492301
872,17,at,11.079296
872,18,the,2.525235
872,19,movie,12.045523
872,20,theater,2.853579
872,21,.,1.807707
872,22,<eos>,-0.0
873,0,You,0.0
873,1,know,6.225534
873,2,that,3.970907
873,3,the,2.063794
873,4,man,8.219696
873,5,said,8.884032
873,6,the,4.320282
873,7,attendant,15.349036
873,8,saw,9.200145
873,9,her,5.208726
873,10,friend,12.371125
873,11,knew,14.192234
873,12,the,3.663167
873,13,young,8.78565
873,14,woman,2.975559
873,15,waited,15.556384
873,16,for,1.492301
873,17,her,2.390516
873,18,mother,6.004869
873,19,at,7.670279
873,20,the,1.041258
873,21,movie,12.650131
873,22,theater,2.914692
873,23,.,1.769281
873,24,<eos>,-0.0
874,0,You,0.0
874,1,know,6.225534
874,2,who,7.834128
874,3,the,4.899722
874,4,man,7.080769
874,5,said,7.862274
874,6,the,5.779932
874,7,attendant,15.786766
874,8,saw,8.322123
874,9,her,7.326251
874,10,friend,11.712076
874,11,knew,11.684657
874,12,the,4.79768
874,13,young,9.113136
874,14,woman,3.730933
874,15,waited,14.757599
874,16,for,1.504878
874,17,at,8.611876
874,18,the,1.36791
874,19,movie,11.533195
874,20,theater,2.397814
874,21,.,1.334879
874,22,<eos>,-0.0
875,0,You,0.0
875,1,know,6.225534
875,2,who,7.834128
875,3,the,4.899722
875,4,man,7.080769
875,5,said,7.862274
875,6,the,5.779932
875,7,attendant,15.786766
875,8,saw,8.322123
875,9,her,7.326251
875,10,friend,11.712076
875,11,knew,11.684657
875,12,the,4.79768
875,13,young,9.113136
875,14,woman,3.730933
875,15,waited,14.757599
875,16,for,1.504878
875,17,her,2.468312
875,18,mother,5.504123
875,19,at,7.29865
875,20,the,1.026884
875,21,movie,12.377799
875,22,theater,2.769406
875,23,.,1.306209
875,24,<eos>,-0.0
876,0,You,0.0
876,1,know,6.225534
876,2,that,3.970907
876,3,the,2.063794
876,4,man,8.219696
876,5,said,8.884032
876,6,the,4.320282
876,7,attendant,15.349036
876,8,saw,9.200145
876,9,her,5.208726
876,10,friend,12.371125
876,11,knew,14.192234
876,12,the,3.663167
876,13,young,8.78565
876,14,woman,2.975559
876,15,waited,15.556384
876,16,for,1.492301
876,17,at,11.079296
876,18,the,2.525235
876,19,movie,12.045523
876,20,theater,2.853579
876,21,.,1.807707
876,22,<eos>,-0.0
877,0,You,0.0
877,1,know,6.225534
877,2,that,3.970907
877,3,the,2.063794
877,4,man,8.219696
877,5,said,8.884032
877,6,the,4.320282
877,7,attendant,15.349036
877,8,saw,9.200145
877,9,her,5.208726
877,10,friend,12.371125
877,11,knew,14.192234
877,12,the,3.663167
877,13,young,8.78565
877,14,woman,2.975559
877,15,waited,15.556384
877,16,for,1.492301
877,17,her,2.390516
877,18,mother,6.004869
877,19,at,7.670279
877,20,the,1.041258
877,21,movie,12.650131
877,22,theater,2.914692
877,23,.,1.769281
877,24,<eos>,-0.0
878,0,You,0.0
878,1,know,6.225534
878,2,who,7.834128
878,3,the,4.899722
878,4,man,7.080769
878,5,said,7.862274
878,6,the,5.779932
878,7,attendant,15.786766
878,8,saw,8.322123
878,9,her,7.326251
878,10,friend,11.712076
878,11,knew,11.684657
878,12,the,4.79768
878,13,young,9.113136
878,14,woman,3.730933
878,15,waited,14.757599
878,16,for,1.504878
878,17,at,8.611876
878,18,the,1.36791
878,19,movie,11.533195
878,20,theater,2.397814
878,21,.,1.334879
878,22,<eos>,-0.0
879,0,You,0.0
879,1,know,6.225534
879,2,who,7.834128
879,3,the,4.899722
879,4,man,7.080769
879,5,said,7.862274
879,6,the,5.779932
879,7,attendant,15.786766
879,8,saw,8.322123
879,9,her,7.326251
879,10,friend,11.712076
879,11,knew,11.684657
879,12,the,4.79768
879,13,young,9.113136
879,14,woman,3.730933
879,15,waited,14.757599
879,16,for,1.504878
879,17,her,2.468312
879,18,mother,5.504123
879,19,at,7.29865
879,20,the,1.026884
879,21,movie,12.377799
879,22,theater,2.769406
879,23,.,1.306209
879,24,<eos>,-0.0
880,0,The,0.0
880,1,neighbors,19.85931
880,2,found,9.47903
880,3,out,4.628185
880,4,that,1.608931
880,5,the,1.905013
880,6,young,8.942393
880,7,woman,4.641208
880,8,bought,12.46304
880,9,for,7.766394
880,10,her,3.693487
880,11,parents,6.238366
880,12,.,3.522761
880,13,<eos>,-0.0
881,0,The,0.0
881,1,neighbors,19.85931
881,2,found,9.47903
881,3,out,4.628185
881,4,that,1.608931
881,5,the,1.905013
881,6,young,8.942393
881,7,woman,4.641208
881,8,bought,12.46304
881,9,a,2.343345
881,10,gift,10.219428
881,11,for,3.197521
881,12,her,2.941835
881,13,parents,8.339004
881,14,.,1.979785
881,15,<eos>,-0.0
882,0,The,0.0
882,1,neighbors,19.85931
882,2,found,9.47903
882,3,out,4.628185
882,4,what,6.165991
882,5,the,3.070027
882,6,young,9.134831
882,7,woman,4.711803
882,8,bought,12.475137
882,9,for,4.603144
882,10,her,3.641224
882,11,parents,7.801104
882,12,.,1.984124
882,13,<eos>,-0.0
883,0,The,0.0
883,1,neighbors,19.85931
883,2,found,9.47903
883,3,out,4.628185
883,4,what,6.165991
883,5,the,3.070027
883,6,young,9.134831
883,7,woman,4.711803
883,8,bought,12.475137
883,9,a,6.414769
883,10,gift,8.948409
883,11,for,3.087604
883,12,her,3.00929
883,13,parents,8.0511
883,14,.,1.54891
883,15,<eos>,-0.0
884,0,The,0.0
884,1,neighbors,19.85931
884,2,found,9.47903
884,3,out,4.628185
884,4,that,1.608931
884,5,her,7.417572
884,6,mother,3.818226
884,7,heard,10.738398
884,8,the,3.073617
884,9,young,9.113829
884,10,woman,2.894065
884,11,bought,13.953624
884,12,for,7.019299
884,13,her,2.836254
884,14,parents,8.02201
884,15,.,2.057747
884,16,<eos>,-0.0
885,0,The,0.0
885,1,neighbors,19.85931
885,2,found,9.47903
885,3,out,4.628185
885,4,that,1.608931
885,5,her,7.417572
885,6,mother,3.818226
885,7,heard,10.738398
885,8,the,3.073617
885,9,young,9.113829
885,10,woman,2.894065
885,11,bought,13.953624
885,12,a,3.236473
885,13,gift,8.930978
885,14,for,4.01836
885,15,her,2.040075
885,16,parents,8.623808
885,17,.,1.538526
885,18,<eos>,-0.0
886,0,The,0.0
886,1,neighbors,19.85931
886,2,found,9.47903
886,3,out,4.628185
886,4,what,6.165991
886,5,her,9.301065
886,6,mother,4.452569
886,7,heard,8.660757
886,8,the,5.897572
886,9,young,8.932839
886,10,woman,3.513263
886,11,bought,12.782459
886,12,for,5.468099
886,13,her,2.756615
886,14,parents,8.283846
886,15,.,1.625233
886,16,<eos>,-0.0
887,0,The,0.0
887,1,neighbors,19.85931
887,2,found,9.47903
887,3,out,4.628185
887,4,what,6.165991
887,5,her,9.301065
887,6,mother,4.452569
887,7,heard,8.660757
887,8,the,5.897572
887,9,young,8.932839
887,10,woman,3.513263
887,11,bought,12.782459
887,12,a,8.115597
887,13,gift,8.783167
887,14,for,4.108177
887,15,her,1.836071
887,16,parents,8.0096
887,17,.,1.495807
887,18,<eos>,-0.0
888,0,The,0.0
888,1,neighbors,19.85931
888,2,found,9.47903
888,3,out,4.628185
888,4,that,1.608931
888,5,her,7.417572
888,6,mother,3.818226
888,7,heard,10.738398
888,8,the,3.073617
888,9,newspaper,10.929636
888,10,reported,8.215204
888,11,the,4.929319
888,12,young,10.405571
888,13,woman,3.019162
888,14,bought,13.048109
888,15,for,6.684333
888,16,her,3.441012
888,17,parents,8.791187
888,18,.,2.033544
888,19,<eos>,-0.0
889,0,The,0.0
889,1,neighbors,19.85931
889,2,found,9.47903
889,3,out,4.628185
889,4,that,1.608931
889,5,her,7.417572
889,6,mother,3.818226
889,7,heard,10.738398
889,8,the,3.073617
889,9,newspaper,10.929636
889,10,reported,8.215204
889,11,the,4.929319
889,12,young,10.405571
889,13,woman,3.019162
889,14,bought,13.048109
889,15,a,2.989495
889,16,gift,9.654736
889,17,for,3.906209
889,18,her,2.087915
889,19,parents,8.909584
889,20,.,1.463642
889,21,<eos>,-0.0
890,0,The,0.0
890,1,neighbors,19.85931
890,2,found,9.47903
890,3,out,4.628185
890,4,what,6.165991
890,5,her,9.301065
890,6,mother,4.452569
890,7,heard,8.660757
890,8,the,5.897572
890,9,newspaper,11.198163
890,10,reported,8.386293
890,11,the,8.366485
890,12,young,11.126596
890,13,woman,3.100875
890,14,bought,11.171389
890,15,for,5.433701
890,16,her,3.00921
890,17,parents,7.545716
890,18,.,1.760746
890,19,<eos>,-0.0
891,0,The,0.0
891,1,neighbors,19.85931
891,2,found,9.47903
891,3,out,4.628185
891,4,what,6.165991
891,5,her,9.301065
891,6,mother,4.452569
891,7,heard,8.660757
891,8,the,5.897572
891,9,newspaper,11.198163
891,10,reported,8.386293
891,11,the,8.366485
891,12,young,11.126596
891,13,woman,3.100875
891,14,bought,11.171389
891,15,a,4.45113
891,16,gift,9.131789
891,17,for,3.704722
891,18,her,2.121022
891,19,parents,8.32724
891,20,.,1.369752
891,21,<eos>,-0.0
892,0,The,0.0
892,1,neighbors,19.85931
892,2,found,9.47903
892,3,out,4.628185
892,4,that,1.608931
892,5,her,7.417572
892,6,mother,3.818226
892,7,heard,10.738398
892,8,the,3.073617
892,9,newspaper,10.929636
892,10,reported,8.215204
892,11,the,4.929319
892,12,mayor,13.224677
892,13,said,8.171402
892,14,the,4.965578
892,15,young,9.282232
892,16,woman,2.883322
892,17,bought,12.154949
892,18,for,7.559401
892,19,her,3.403435
892,20,parents,6.986516
892,21,.,1.773812
892,22,<eos>,-0.0
893,0,The,0.0
893,1,neighbors,19.85931
893,2,found,9.47903
893,3,out,4.628185
893,4,that,1.608931
893,5,her,7.417572
893,6,mother,3.818226
893,7,heard,10.738398
893,8,the,3.073617
893,9,newspaper,10.929636
893,10,reported,8.215204
893,11,the,4.929319
893,12,mayor,13.224677
893,13,said,8.171402
893,14,the,4.965578
893,15,young,9.282232
893,16,woman,2.883322
893,17,bought,12.154949
893,18,a,2.331457
893,19,gift,10.665464
893,20,for,3.480662
893,21,her,2.417976
893,22,parents,8.514906
893,23,.,1.244403
893,24,<eos>,-0.0
894,0,The,0.0
894,1,neighbors,19.85931
894,2,found,9.47903
894,3,out,4.628185
894,4,what,6.165991
894,5,her,9.301065
894,6,mother,4.452569
894,7,heard,8.660757
894,8,the,5.897572
894,9,newspaper,11.198163
894,10,reported,8.386293
894,11,the,8.366485
894,12,mayor,14.55417
894,13,said,6.919663
894,14,the,6.169489
894,15,young,9.150478
894,16,woman,2.757974
894,17,bought,11.785386
894,18,for,7.763028
894,19,her,3.223243
894,20,parents,7.155324
894,21,.,1.646969
894,22,<eos>,-0.0
895,0,The,0.0
895,1,neighbors,19.85931
895,2,found,9.47903
895,3,out,4.628185
895,4,what,6.165991
895,5,her,9.301065
895,6,mother,4.452569
895,7,heard,8.660757
895,8,the,5.897572
895,9,newspaper,11.198163
895,10,reported,8.386293
895,11,the,8.366485
895,12,mayor,14.55417
895,13,said,6.919663
895,14,the,6.169489
895,15,young,9.150478
895,16,woman,2.757974
895,17,bought,11.785386
895,18,a,2.379078
895,19,gift,10.713311
895,20,for,3.480491
895,21,her,2.369419
895,22,parents,8.643796
895,23,.,1.212464
895,24,<eos>,-0.0
896,0,The,0.0
896,1,neighbors,19.85931
896,2,found,9.47903
896,3,out,4.628185
896,4,that,1.608931
896,5,her,7.417572
896,6,mother,3.818226
896,7,heard,10.738398
896,8,the,3.073617
896,9,newspaper,10.929636
896,10,reported,8.215204
896,11,the,4.929319
896,12,mayor,13.224677
896,13,said,8.171402
896,14,the,4.965578
896,15,young,9.282232
896,16,woman,2.883322
896,17,bought,12.154949
896,18,for,7.559401
896,19,her,3.403435
896,20,parents,6.986516
896,21,.,1.773812
896,22,<eos>,-0.0
897,0,The,0.0
897,1,neighbors,19.85931
897,2,found,9.47903
897,3,out,4.628185
897,4,that,1.608931
897,5,her,7.417572
897,6,mother,3.818226
897,7,heard,10.738398
897,8,the,3.073617
897,9,newspaper,10.929636
897,10,reported,8.215204
897,11,the,4.929319
897,12,mayor,13.224677
897,13,said,8.171402
897,14,the,4.965578
897,15,young,9.282232
897,16,woman,2.883322
897,17,bought,12.154949
897,18,a,2.331457
897,19,gift,10.665464
897,20,for,3.480662
897,21,her,2.417976
897,22,parents,8.514906
897,23,.,1.244403
897,24,<eos>,-0.0
898,0,The,0.0
898,1,neighbors,19.85931
898,2,found,9.47903
898,3,out,4.628185
898,4,what,6.165991
898,5,her,9.301065
898,6,mother,4.452569
898,7,heard,8.660757
898,8,the,5.897572
898,9,newspaper,11.198163
898,10,reported,8.386293
898,11,the,8.366485
898,12,mayor,14.55417
898,13,said,6.919663
898,14,the,6.169489
898,15,young,9.150478
898,16,woman,2.757974
898,17,bought,11.785386
898,18,for,7.763028
898,19,her,3.223243
898,20,parents,7.155324
898,21,.,1.646969
898,22,<eos>,-0.0
899,0,The,0.0
899,1,neighbors,19.85931
899,2,found,9.47903
899,3,out,4.628185
899,4,what,6.165991
899,5,her,9.301065
899,6,mother,4.452569
899,7,heard,8.660757
899,8,the,5.897572
899,9,newspaper,11.198163
899,10,reported,8.386293
899,11,the,8.366485
899,12,mayor,14.55417
899,13,said,6.919663
899,14,the,6.169489
899,15,young,9.150478
899,16,woman,2.757974
899,17,bought,11.785386
899,18,a,2.379078
899,19,gift,10.713311
899,20,for,3.480491
899,21,her,2.369419
899,22,parents,8.643796
899,23,.,1.212464
899,24,<eos>,-0.0
900,0,He,0.0
900,1,knows,11.52312
900,2,that,2.297416
900,3,the,2.267236
900,4,police,8.530047
900,5,interrogated,15.367977
900,6,in,10.634045
900,7,the,1.765696
900,8,basement,5.516459
900,9,.,2.959368
900,10,<eos>,-0.0
901,0,He,0.0
901,1,knows,11.52312
901,2,that,2.297416
901,3,the,2.267236
901,4,police,8.530047
901,5,interrogated,15.367977
901,6,the,3.771311
901,7,suspect,6.279643
901,8,in,4.049634
901,9,the,1.718479
901,10,basement,7.246647
901,11,.,2.334872
901,12,<eos>,-0.0
902,0,He,0.0
902,1,knows,11.52312
902,2,who,6.622077
902,3,the,4.020604
902,4,police,8.129345
902,5,interrogated,15.314926
902,6,in,5.704032
902,7,the,1.561589
902,8,basement,6.69276
902,9,.,1.751925
902,10,<eos>,-0.0
903,0,He,0.0
903,1,knows,11.52312
903,2,who,6.622077
903,3,the,4.020604
903,4,police,8.129345
903,5,interrogated,15.314926
903,6,the,5.109066
903,7,suspect,8.053413
903,8,in,4.428469
903,9,the,1.541857
903,10,basement,7.803765
903,11,.,1.894446
903,12,<eos>,-0.0
904,0,He,0.0
904,1,knows,11.52312
904,2,that,2.297416
904,3,the,2.267236
904,4,inspector,15.041479
904,5,believed,11.731547
904,6,the,2.910822
904,7,police,7.193908
904,8,interrogated,13.903552
904,9,in,10.347771
904,10,the,1.524042
904,11,basement,5.37978
904,12,.,2.288399
904,13,<eos>,-0.0
905,0,He,0.0
905,1,knows,11.52312
905,2,that,2.297416
905,3,the,2.267236
905,4,inspector,15.041479
905,5,believed,11.731547
905,6,the,2.910822
905,7,police,7.193908
905,8,interrogated,13.903552
905,9,the,3.453726
905,10,suspect,5.839078
905,11,in,4.170853
905,12,the,1.820097
905,13,basement,7.130041
905,14,.,1.998897
905,15,<eos>,-0.0
906,0,He,0.0
906,1,knows,11.52312
906,2,who,6.622077
906,3,the,4.020604
906,4,inspector,13.512759
906,5,believed,11.070517
906,6,the,4.063472
906,7,police,7.576155
906,8,interrogated,13.524036
906,9,in,7.236262
906,10,the,1.645342
906,11,basement,5.761235
906,12,.,1.550897
906,13,<eos>,-0.0
907,0,He,0.0
907,1,knows,11.52312
907,2,who,6.622077
907,3,the,4.020604
907,4,inspector,13.512759
907,5,believed,11.070517
907,6,the,4.063472
907,7,police,7.576155
907,8,interrogated,13.524036
907,9,the,4.316353
907,10,suspect,6.074387
907,11,in,4.430937
907,12,the,1.68689
907,13,basement,7.687025
907,14,.,1.774625
907,15,<eos>,-0.0
908,0,He,0.0
908,1,knows,11.52312
908,2,that,2.297416
908,3,the,2.267236
908,4,inspector,15.041479
908,5,believed,11.731547
908,6,the,2.910822
908,7,man,7.213985
908,8,reported,15.151385
908,9,the,3.951287
908,10,police,9.081365
908,11,interrogated,12.674258
908,12,in,5.701427
908,13,the,1.703221
908,14,basement,4.77381
908,15,.,1.899554
908,16,<eos>,-0.0
909,0,He,0.0
909,1,knows,11.52312
909,2,that,2.297416
909,3,the,2.267236
909,4,inspector,15.041479
909,5,believed,11.731547
909,6,the,2.910822
909,7,man,7.213985
909,8,reported,15.151385
909,9,the,3.951287
909,10,police,9.081365
909,11,interrogated,12.674258
909,12,the,4.044876
909,13,suspect,6.728635
909,14,in,3.971242
909,15,the,1.772189
909,16,basement,7.09364
909,17,.,1.968053
909,18,<eos>,-0.0
910,0,He,0.0
910,1,knows,11.52312
910,2,who,6.622077
910,3,the,4.020604
910,4,inspector,13.512759
910,5,believed,11.070517
910,6,the,4.063472
910,7,man,6.579727
910,8,reported,14.130175
910,9,the,4.985235
910,10,police,8.622252
910,11,interrogated,12.020588
910,12,in,4.753378
910,13,the,1.648938
910,14,basement,4.714984
910,15,.,1.659446
910,16,<eos>,-0.0
911,0,He,0.0
911,1,knows,11.52312
911,2,who,6.622077
911,3,the,4.020604
911,4,inspector,13.512759
911,5,believed,11.070517
911,6,the,4.063472
911,7,man,6.579727
911,8,reported,14.130175
911,9,the,4.985235
911,10,police,8.622252
911,11,interrogated,12.020588
911,12,the,4.71544
911,13,suspect,7.670048
911,14,in,4.058625
911,15,the,1.669453
911,16,basement,6.893057
911,17,.,1.859326
911,18,<eos>,-0.0
912,0,He,0.0
912,1,knows,11.52312
912,2,that,2.297416
912,3,the,2.267236
912,4,inspector,15.041479
912,5,believed,11.731547
912,6,the,2.910822
912,7,man,7.213985
912,8,reported,15.151385
912,9,he,5.295085
912,10,knew,6.731872
912,11,the,2.930772
912,12,police,6.533646
912,13,interrogated,14.072446
912,14,in,11.757968
912,15,the,1.719625
912,16,basement,5.725634
912,17,.,1.820235
912,18,<eos>,-0.0
913,0,He,0.0
913,1,knows,11.52312
913,2,that,2.297416
913,3,the,2.267236
913,4,inspector,15.041479
913,5,believed,11.731547
913,6,the,2.910822
913,7,man,7.213985
913,8,reported,15.151385
913,9,he,5.295085
913,10,knew,6.731872
913,11,the,2.930772
913,12,police,6.533646
913,13,interrogated,14.072446
913,14,the,3.946044
913,15,suspect,5.904538
913,16,in,4.711089
913,17,the,1.698776
913,18,basement,7.633717
913,19,.,1.859567
913,20,<eos>,-0.0
914,0,He,0.0
914,1,knows,11.52312
914,2,who,6.622077
914,3,the,4.020604
914,4,inspector,13.512759
914,5,believed,11.070517
914,6,the,4.063472
914,7,man,6.579727
914,8,reported,14.130175
914,9,he,5.929849
914,10,knew,6.206069
914,11,the,3.130877
914,12,police,6.786123
914,13,interrogated,14.155642
914,14,in,11.059645
914,15,the,1.641857
914,16,basement,6.009353
914,17,.,1.508702
914,18,<eos>,-0.0
915,0,He,0.0
915,1,knows,11.52312
915,2,who,6.622077
915,3,the,4.020604
915,4,inspector,13.512759
915,5,believed,11.070517
915,6,the,4.063472
915,7,man,6.579727
915,8,reported,14.130175
915,9,he,5.929849
915,10,knew,6.206069
915,11,the,3.130877
915,12,police,6.786123
915,13,interrogated,14.155642
915,14,the,3.929493
915,15,suspect,6.086908
915,16,in,4.710816
915,17,the,1.631366
915,18,basement,7.78119
915,19,.,1.724301
915,20,<eos>,-0.0
916,0,He,0.0
916,1,knows,11.52312
916,2,that,2.297416
916,3,the,2.267236
916,4,inspector,15.041479
916,5,believed,11.731547
916,6,the,2.910822
916,7,man,7.213985
916,8,reported,15.151385
916,9,he,5.295085
916,10,knew,6.731872
916,11,the,2.930772
916,12,police,6.533646
916,13,interrogated,14.072446
916,14,in,11.757968
916,15,the,1.719625
916,16,basement,5.725634
916,17,.,1.820235
916,18,<eos>,-0.0
917,0,He,0.0
917,1,knows,11.52312
917,2,that,2.297416
917,3,the,2.267236
917,4,inspector,15.041479
917,5,believed,11.731547
917,6,the,2.910822
917,7,man,7.213985
917,8,reported,15.151385
917,9,he,5.295085
917,10,knew,6.731872
917,11,the,2.930772
917,12,police,6.533646
917,13,interrogated,14.072446
917,14,the,3.946044
917,15,suspect,5.904538
917,16,in,4.711089
917,17,the,1.698776
917,18,basement,7.633717
917,19,.,1.859567
917,20,<eos>,-0.0
918,0,He,0.0
918,1,knows,11.52312
918,2,who,6.622077
918,3,the,4.020604
918,4,inspector,13.512759
918,5,believed,11.070517
918,6,the,4.063472
918,7,man,6.579727
918,8,reported,14.130175
918,9,he,5.929849
918,10,knew,6.206069
918,11,the,3.130877
918,12,police,6.786123
918,13,interrogated,14.155642
918,14,in,11.059645
918,15,the,1.641857
918,16,basement,6.009353
918,17,.,1.508702
918,18,<eos>,-0.0
919,0,He,0.0
919,1,knows,11.52312
919,2,who,6.622077
919,3,the,4.020604
919,4,inspector,13.512759
919,5,believed,11.070517
919,6,the,4.063472
919,7,man,6.579727
919,8,reported,14.130175
919,9,he,5.929849
919,10,knew,6.206069
919,11,the,3.130877
919,12,police,6.786123
919,13,interrogated,14.155642
919,14,the,3.929493
919,15,suspect,6.086908
919,16,in,4.710816
919,17,the,1.631366
919,18,basement,7.78119
919,19,.,1.724301
919,20,<eos>,-0.0
920,0,She,0.0
920,1,knows,11.608641
920,2,that,2.279035
920,3,the,2.521865
920,4,soldier,13.475011
920,5,thanked,18.171024
920,6,in,10.23777
920,7,the,1.263874
920,8,mess,12.06352
920,9,hall,5.623984
920,10,.,4.172634
920,11,<eos>,-0.0
921,0,She,0.0
921,1,knows,11.608641
921,2,that,2.279035
921,3,the,2.521865
921,4,soldier,13.475011
921,5,thanked,18.171024
921,6,the,2.563069
921,7,cook,11.985868
921,8,in,5.7419
921,9,the,1.916088
921,10,mess,8.949756
921,11,hall,2.388715
921,12,.,2.060595
921,13,<eos>,-0.0
922,0,She,0.0
922,1,knows,11.608641
922,2,who,6.4446
922,3,the,4.386521
922,4,soldier,12.548326
922,5,thanked,18.822063
922,6,in,6.797878
922,7,the,1.386575
922,8,mess,11.491152
922,9,hall,3.013149
922,10,.,1.804136
922,11,<eos>,-0.0
923,0,She,0.0
923,1,knows,11.608641
923,2,who,6.4446
923,3,the,4.386521
923,4,soldier,12.548326
923,5,thanked,18.822063
923,6,the,3.593876
923,7,cook,10.704247
923,8,in,5.44055
923,9,the,1.737608
923,10,mess,8.982972
923,11,hall,2.079907
923,12,.,1.460285
923,13,<eos>,-0.0
924,0,She,0.0
924,1,knows,11.608641
924,2,that,2.279035
924,3,the,2.521865
924,4,captain,10.949929
924,5,said,11.579579
924,6,the,3.196324
924,7,soldier,11.106823
924,8,thanked,15.753349
924,9,in,11.221271
924,10,the,1.160962
924,11,mess,10.878856
924,12,hall,7.023959
924,13,.,2.895185
924,14,<eos>,-0.0
925,0,She,0.0
925,1,knows,11.608641
925,2,that,2.279035
925,3,the,2.521865
925,4,captain,10.949929
925,5,said,11.579579
925,6,the,3.196324
925,7,soldier,11.106823
925,8,thanked,15.753349
925,9,the,2.3308
925,10,cook,11.258563
925,11,in,5.682226
925,12,the,1.902232
925,13,mess,7.803182
925,14,hall,2.820894
925,15,.,1.919082
925,16,<eos>,-0.0
926,0,She,0.0
926,1,knows,11.608641
926,2,who,6.4446
926,3,the,4.386521
926,4,captain,10.887736
926,5,said,11.063321
926,6,the,5.432386
926,7,soldier,11.388744
926,8,thanked,15.675097
926,9,in,10.645218
926,10,the,1.231703
926,11,mess,10.888746
926,12,hall,5.602001
926,13,.,2.186693
926,14,<eos>,-0.0
927,0,She,0.0
927,1,knows,11.608641
927,2,who,6.4446
927,3,the,4.386521
927,4,captain,10.887736
927,5,said,11.063321
927,6,the,5.432386
927,7,soldier,11.388744
927,8,thanked,15.675097
927,9,the,2.404149
927,10,cook,11.257418
927,11,in,5.478266
927,12,the,1.857344
927,13,mess,7.850598
927,14,hall,2.301099
927,15,.,1.539618
927,16,<eos>,-0.0
928,0,She,0.0
928,1,knows,11.608641
928,2,that,2.279035
928,3,the,2.521865
928,4,captain,10.949929
928,5,said,11.579579
928,6,the,3.196324
928,7,pilot,9.09827
928,8,thought,9.113612
928,9,the,3.232933
928,10,soldier,11.263265
928,11,thanked,16.911917
928,12,in,10.138639
928,13,the,0.983728
928,14,mess,10.962822
928,15,hall,5.753388
928,16,.,2.559831
928,17,<eos>,-0.0
929,0,She,0.0
929,1,knows,11.608641
929,2,that,2.279035
929,3,the,2.521865
929,4,captain,10.949929
929,5,said,11.579579
929,6,the,3.196324
929,7,pilot,9.09827
929,8,thought,9.113612
929,9,the,3.232933
929,10,soldier,11.263265
929,11,thanked,16.911917
929,12,the,2.417019
929,13,cook,11.378214
929,14,in,5.508584
929,15,the,1.755818
929,16,mess,7.743292
929,17,hall,2.737201
929,18,.,1.826915
929,19,<eos>,-0.0
930,0,She,0.0
930,1,knows,11.608641
930,2,who,6.4446
930,3,the,4.386521
930,4,captain,10.887736
930,5,said,11.063321
930,6,the,5.432386
930,7,pilot,9.640817
930,8,thought,9.85538
930,9,the,4.620652
930,10,soldier,11.182689
930,11,thanked,16.323137
930,12,in,10.815274
930,13,the,1.038573
930,14,mess,10.904449
930,15,hall,5.755779
930,16,.,2.059576
930,17,<eos>,-0.0
931,0,She,0.0
931,1,knows,11.608641
931,2,who,6.4446
931,3,the,4.386521
931,4,captain,10.887736
931,5,said,11.063321
931,6,the,5.432386
931,7,pilot,9.640817
931,8,thought,9.85538
931,9,the,4.620652
931,10,soldier,11.182689
931,11,thanked,16.323137
931,12,the,2.351496
931,13,cook,11.385551
931,14,in,5.454199
931,15,the,1.719007
931,16,mess,7.7873
931,17,hall,2.300052
931,18,.,1.48661
931,19,<eos>,-0.0
932,0,She,0.0
932,1,knows,11.608641
932,2,that,2.279035
932,3,the,2.521865
932,4,captain,10.949929
932,5,said,11.579579
932,6,the,3.196324
932,7,pilot,9.09827
932,8,thought,9.113612
932,9,he,3.849498
932,10,knew,6.973469
932,11,the,2.619789
932,12,soldier,13.26722
932,13,thanked,18.66234
932,14,in,11.054629
932,15,the,1.049755
932,16,mess,11.274282
932,17,hall,6.233484
932,18,.,1.628983
932,19,<eos>,-0.0
933,0,She,0.0
933,1,knows,11.608641
933,2,that,2.279035
933,3,the,2.521865
933,4,captain,10.949929
933,5,said,11.579579
933,6,the,3.196324
933,7,pilot,9.09827
933,8,thought,9.113612
933,9,he,3.849498
933,10,knew,6.973469
933,11,the,2.619789
933,12,soldier,13.26722
933,13,thanked,18.66234
933,14,the,2.470435
933,15,cook,10.99162
933,16,in,5.834862
933,17,the,1.657946
933,18,mess,7.33152
933,19,hall,2.498372
933,20,.,1.521072
933,21,<eos>,-0.0
934,0,She,0.0
934,1,knows,11.608641
934,2,who,6.4446
934,3,the,4.386521
934,4,captain,10.887736
934,5,said,11.063321
934,6,the,5.432386
934,7,pilot,9.640817
934,8,thought,9.85538
934,9,he,5.289143
934,10,knew,6.594107
934,11,the,2.549088
934,12,soldier,13.240169
934,13,thanked,18.537842
934,14,in,10.447622
934,15,the,1.048921
934,16,mess,11.185253
934,17,hall,5.715512
934,18,.,1.420441
934,19,<eos>,-0.0
935,0,She,0.0
935,1,knows,11.608641
935,2,who,6.4446
935,3,the,4.386521
935,4,captain,10.887736
935,5,said,11.063321
935,6,the,5.432386
935,7,pilot,9.640817
935,8,thought,9.85538
935,9,he,5.289143
935,10,knew,6.594107
935,11,the,2.549088
935,12,soldier,13.240169
935,13,thanked,18.537842
935,14,the,2.439026
935,15,cook,10.884764
935,16,in,5.768634
935,17,the,1.623322
935,18,mess,7.285906
935,19,hall,2.335625
935,20,.,1.32928
935,21,<eos>,-0.0
936,0,She,0.0
936,1,knows,11.608641
936,2,that,2.279035
936,3,the,2.521865
936,4,captain,10.949929
936,5,said,11.579579
936,6,the,3.196324
936,7,pilot,9.09827
936,8,thought,9.113612
936,9,he,3.849498
936,10,knew,6.973469
936,11,the,2.619789
936,12,soldier,13.26722
936,13,thanked,18.66234
936,14,in,11.054629
936,15,the,1.049755
936,16,mess,11.274282
936,17,hall,6.233484
936,18,.,1.628983
936,19,<eos>,-0.0
937,0,She,0.0
937,1,knows,11.608641
937,2,that,2.279035
937,3,the,2.521865
937,4,captain,10.949929
937,5,said,11.579579
937,6,the,3.196324
937,7,pilot,9.09827
937,8,thought,9.113612
937,9,he,3.849498
937,10,knew,6.973469
937,11,the,2.619789
937,12,soldier,13.26722
937,13,thanked,18.66234
937,14,the,2.470435
937,15,cook,10.99162
937,16,in,5.834862
937,17,the,1.657946
937,18,mess,7.33152
937,19,hall,2.498372
937,20,.,1.521072
937,21,<eos>,-0.0
938,0,She,0.0
938,1,knows,11.608641
938,2,who,6.4446
938,3,the,4.386521
938,4,captain,10.887736
938,5,said,11.063321
938,6,the,5.432386
938,7,pilot,9.640817
938,8,thought,9.85538
938,9,he,5.289143
938,10,knew,6.594107
938,11,the,2.549088
938,12,soldier,13.240169
938,13,thanked,18.537842
938,14,in,10.447622
938,15,the,1.048921
938,16,mess,11.185253
938,17,hall,5.715512
938,18,.,1.420441
938,19,<eos>,-0.0
939,0,She,0.0
939,1,knows,11.608641
939,2,who,6.4446
939,3,the,4.386521
939,4,captain,10.887736
939,5,said,11.063321
939,6,the,5.432386
939,7,pilot,9.640817
939,8,thought,9.85538
939,9,he,5.289143
939,10,knew,6.594107
939,11,the,2.549088
939,12,soldier,13.240169
939,13,thanked,18.537842
939,14,the,2.439026
939,15,cook,10.884764
939,16,in,5.768634
939,17,the,1.623322
939,18,mess,7.285906
939,19,hall,2.335625
939,20,.,1.32928
939,21,<eos>,-0.0
940,0,They,0.0
940,1,know,9.486106
940,2,that,2.169621
940,3,the,1.87231
940,4,lawyer,14.833208
940,5,reassured,18.010143
940,6,last,19.430866
940,7,night,8.44669
940,8,.,4.275101
940,9,<eos>,-0.0
941,0,They,0.0
941,1,know,9.486106
941,2,that,2.169621
941,3,the,1.87231
941,4,lawyer,14.833208
941,5,reassured,18.010143
941,6,his,4.100686
941,7,client,5.369612
941,8,last,19.143692
941,9,night,6.124096
941,10,.,2.595299
941,11,<eos>,-0.0
942,0,They,0.0
942,1,know,9.486106
942,2,who,7.200986
942,3,the,4.435805
942,4,lawyer,12.878922
942,5,reassured,18.358511
942,6,last,16.929399
942,7,night,7.459736
942,8,.,1.278806
942,9,<eos>,-0.0
943,0,They,0.0
943,1,know,9.486106
943,2,who,7.200986
943,3,the,4.435805
943,4,lawyer,12.878922
943,5,reassured,18.358511
943,6,his,4.875077
943,7,client,6.964172
943,8,last,16.688019
943,9,night,6.798978
943,10,.,1.167778
943,11,<eos>,-0.0
944,0,They,0.0
944,1,know,9.486106
944,2,that,2.169621
944,3,the,1.87231
944,4,man,8.676832
944,5,said,10.027242
944,6,the,4.453599
944,7,lawyer,13.614428
944,8,reassured,16.204134
944,9,last,20.247128
944,10,night,7.987514
944,11,.,3.092618
944,12,<eos>,-0.0
945,0,They,0.0
945,1,know,9.486106
945,2,that,2.169621
945,3,the,1.87231
945,4,man,8.676832
945,5,said,10.027242
945,6,the,4.453599
945,7,lawyer,13.614428
945,8,reassured,16.204134
945,9,his,4.556666
945,10,client,6.206606
945,11,last,17.96703
945,12,night,5.723814
945,13,.,2.109873
945,14,<eos>,-0.0
946,0,They,0.0
946,1,know,9.486106
946,2,who,7.200986
946,3,the,4.435805
946,4,man,7.552355
946,5,said,9.196861
946,6,the,5.664548
946,7,lawyer,13.118917
946,8,reassured,16.733147
946,9,last,18.596874
946,10,night,7.196691
946,11,.,1.265457
946,12,<eos>,-0.0
947,0,They,0.0
947,1,know,9.486106
947,2,who,7.200986
947,3,the,4.435805
947,4,man,7.552355
947,5,said,9.196861
947,6,the,5.664548
947,7,lawyer,13.118917
947,8,reassured,16.733147
947,9,his,4.896126
947,10,client,7.139331
947,11,last,17.515863
947,12,night,6.915951
947,13,.,1.081125
947,14,<eos>,-0.0
948,0,They,0.0
948,1,know,9.486106
948,2,that,2.169621
948,3,the,1.87231
948,4,man,8.676832
948,5,said,10.027242
948,6,the,4.453599
948,7,neighbors,15.77784
948,8,thought,8.418538
948,9,the,3.326699
948,10,lawyer,13.634204
948,11,reassured,16.57375
948,12,last,21.1999
948,13,night,8.426825
948,14,.,2.55858
948,15,<eos>,-0.0
949,0,They,0.0
949,1,know,9.486106
949,2,that,2.169621
949,3,the,1.87231
949,4,man,8.676832
949,5,said,10.027242
949,6,the,4.453599
949,7,neighbors,15.77784
949,8,thought,8.418538
949,9,the,3.326699
949,10,lawyer,13.634204
949,11,reassured,16.57375
949,12,his,5.0062
949,13,client,6.885299
949,14,last,17.828671
949,15,night,5.599126
949,16,.,1.756335
949,17,<eos>,-0.0
950,0,They,0.0
950,1,know,9.486106
950,2,who,7.200986
950,3,the,4.435805
950,4,man,7.552355
950,5,said,9.196861
950,6,the,5.664548
950,7,neighbors,14.513181
950,8,thought,9.174959
950,9,the,5.780319
950,10,lawyer,13.978185
950,11,reassured,17.189068
950,12,last,18.614798
950,13,night,6.522091
950,14,.,1.009735
950,15,<eos>,-0.0
951,0,They,0.0
951,1,know,9.486106
951,2,who,7.200986
951,3,the,4.435805
951,4,man,7.552355
951,5,said,9.196861
951,6,the,5.664548
951,7,neighbors,14.513181
951,8,thought,9.174959
951,9,the,5.780319
951,10,lawyer,13.978185
951,11,reassured,17.189068
951,12,his,5.552411
951,13,client,7.458726
951,14,last,16.933783
951,15,night,6.491983
951,16,.,0.92336
951,17,<eos>,-0.0
952,0,They,0.0
952,1,know,9.486106
952,2,that,2.169621
952,3,the,1.87231
952,4,man,8.676832
952,5,said,10.027242
952,6,the,4.453599
952,7,neighbors,15.77784
952,8,thought,8.418538
952,9,they,3.037787
952,10,knew,6.801795
952,11,the,3.06879
952,12,lawyer,13.830737
952,13,reassured,18.224369
952,14,last,21.878115
952,15,night,9.174427
952,16,.,2.052243
952,17,<eos>,-0.0
953,0,They,0.0
953,1,know,9.486106
953,2,that,2.169621
953,3,the,1.87231
953,4,man,8.676832
953,5,said,10.027242
953,6,the,4.453599
953,7,neighbors,15.77784
953,8,thought,8.418538
953,9,they,3.037787
953,10,knew,6.801795
953,11,the,3.06879
953,12,lawyer,13.830737
953,13,reassured,18.224369
953,14,his,5.076403
953,15,client,6.929802
953,16,last,18.554134
953,17,night,5.757805
953,18,.,1.351549
953,19,<eos>,-0.0
954,0,They,0.0
954,1,know,9.486106
954,2,who,7.200986
954,3,the,4.435805
954,4,man,7.552355
954,5,said,9.196861
954,6,the,5.664548
954,7,neighbors,14.513181
954,8,thought,9.174959
954,9,they,4.806448
954,10,knew,5.84828
954,11,the,4.512748
954,12,lawyer,13.873551
954,13,reassured,18.210749
954,14,last,21.454363
954,15,night,8.61424
954,16,.,1.176855
954,17,<eos>,-0.0
955,0,They,0.0
955,1,know,9.486106
955,2,who,7.200986
955,3,the,4.435805
955,4,man,7.552355
955,5,said,9.196861
955,6,the,5.664548
955,7,neighbors,14.513181
955,8,thought,9.174959
955,9,they,4.806448
955,10,knew,5.84828
955,11,the,4.512748
955,12,lawyer,13.873551
955,13,reassured,18.210749
955,14,his,5.465963
955,15,client,6.843597
955,16,last,17.520145
955,17,night,6.441931
955,18,.,0.843162
955,19,<eos>,-0.0
956,0,They,0.0
956,1,know,9.486106
956,2,that,2.169621
956,3,the,1.87231
956,4,man,8.676832
956,5,said,10.027242
956,6,the,4.453599
956,7,neighbors,15.77784
956,8,thought,8.418538
956,9,they,3.037787
956,10,knew,6.801795
956,11,the,3.06879
956,12,lawyer,13.830737
956,13,reassured,18.224369
956,14,last,21.878115
956,15,night,9.174427
956,16,.,2.052243
956,17,<eos>,-0.0
957,0,They,0.0
957,1,know,9.486106
957,2,that,2.169621
957,3,the,1.87231
957,4,man,8.676832
957,5,said,10.027242
957,6,the,4.453599
957,7,neighbors,15.77784
957,8,thought,8.418538
957,9,they,3.037787
957,10,knew,6.801795
957,11,the,3.06879
957,12,lawyer,13.830737
957,13,reassured,18.224369
957,14,his,5.076403
957,15,client,6.929802
957,16,last,18.554134
957,17,night,5.757805
957,18,.,1.351549
957,19,<eos>,-0.0
958,0,They,0.0
958,1,know,9.486106
958,2,who,7.200986
958,3,the,4.435805
958,4,man,7.552355
958,5,said,9.196861
958,6,the,5.664548
958,7,neighbors,14.513181
958,8,thought,9.174959
958,9,they,4.806448
958,10,knew,5.84828
958,11,the,4.512748
958,12,lawyer,13.873551
958,13,reassured,18.210749
958,14,last,21.454363
958,15,night,8.61424
958,16,.,1.176855
958,17,<eos>,-0.0
959,0,They,0.0
959,1,know,9.486106
959,2,who,7.200986
959,3,the,4.435805
959,4,man,7.552355
959,5,said,9.196861
959,6,the,5.664548
959,7,neighbors,14.513181
959,8,thought,9.174959
959,9,they,4.806448
959,10,knew,5.84828
959,11,the,4.512748
959,12,lawyer,13.873551
959,13,reassured,18.210749
959,14,his,5.465963
959,15,client,6.843597
959,16,last,17.520145
959,17,night,6.441931
959,18,.,0.843162
959,19,<eos>,-0.0
960,0,He,0.0
960,1,reported,10.835539
960,2,that,1.868976
960,3,the,2.223669
960,4,pirate,15.08892
960,5,abandoned,12.127116
960,6,on,11.135145
960,7,the,1.434752
960,8,sinking,13.717854
960,9,ship,3.178687
960,10,.,2.297998
960,11,<eos>,-0.0
961,0,He,0.0
961,1,reported,10.835539
961,2,that,1.868976
961,3,the,2.223669
961,4,pirate,15.08892
961,5,abandoned,12.127116
961,6,his,3.560255
961,7,comrades,13.129704
961,8,on,5.672074
961,9,the,1.21421
961,10,sinking,13.026077
961,11,ship,2.699816
961,12,.,1.530841
961,13,<eos>,-0.0
962,0,He,0.0
962,1,reported,10.835539
962,2,who,12.096594
962,3,the,7.066419
962,4,pirate,13.317845
962,5,abandoned,10.971252
962,6,on,6.968329
962,7,the,1.718252
962,8,sinking,12.529842
962,9,ship,4.164629
962,10,.,1.525109
962,11,<eos>,-0.0
963,0,He,0.0
963,1,reported,10.835539
963,2,who,12.096594
963,3,the,7.066419
963,4,pirate,13.317845
963,5,abandoned,10.971252
963,6,his,4.300412
963,7,comrades,12.612097
963,8,on,5.613711
963,9,the,1.36854
963,10,sinking,12.435854
963,11,ship,3.437062
963,12,.,1.219955
963,13,<eos>,-0.0
964,0,He,0.0
964,1,reported,10.835539
964,2,that,1.868976
964,3,the,2.223669
964,4,sailor,15.286226
964,5,believed,9.453822
964,6,the,3.357855
964,7,pirate,11.714226
964,8,abandoned,10.597886
964,9,on,9.276077
964,10,the,1.325748
964,11,sinking,12.444319
964,12,ship,2.815673
964,13,.,2.39447
964,14,<eos>,-0.0
965,0,He,0.0
965,1,reported,10.835539
965,2,that,1.868976
965,3,the,2.223669
965,4,sailor,15.286226
965,5,believed,9.453822
965,6,the,3.357855
965,7,pirate,11.714226
965,8,abandoned,10.597886
965,9,his,4.503006
965,10,comrades,13.756886
965,11,on,5.889959
965,12,the,1.204529
965,13,sinking,12.305749
965,14,ship,2.547389
965,15,.,1.521563
965,16,<eos>,-0.0
966,0,He,0.0
966,1,reported,10.835539
966,2,who,12.096594
966,3,the,7.066419
966,4,sailor,13.935616
966,5,believed,8.457826
966,6,the,5.40043
966,7,pirate,10.809874
966,8,abandoned,10.919599
966,9,on,7.320925
966,10,the,1.247974
966,11,sinking,11.443515
966,12,ship,2.84803
966,13,.,1.238811
966,14,<eos>,-0.0
967,0,He,0.0
967,1,reported,10.835539
967,2,who,12.096594
967,3,the,7.066419
967,4,sailor,13.935616
967,5,believed,8.457826
967,6,the,5.40043
967,7,pirate,10.809874
967,8,abandoned,10.919599
967,9,his,4.382661
967,10,comrades,12.866776
967,11,on,5.920453
967,12,the,1.194964
967,13,sinking,11.674911
967,14,ship,2.682107
967,15,.,1.051549
967,16,<eos>,-0.0
968,0,He,0.0
968,1,reported,10.835539
968,2,that,1.868976
968,3,the,2.223669
968,4,sailor,15.286226
968,5,believed,9.453822
968,6,the,3.357855
968,7,man,7.844926
968,8,believed,10.063668
968,9,the,3.312987
968,10,pirate,11.709449
968,11,abandoned,10.960413
968,12,on,9.212882
968,13,the,1.221055
968,14,sinking,12.507812
968,15,ship,3.201472
968,16,.,2.541244
968,17,<eos>,-0.0
969,0,He,0.0
969,1,reported,10.835539
969,2,that,1.868976
969,3,the,2.223669
969,4,sailor,15.286226
969,5,believed,9.453822
969,6,the,3.357855
969,7,man,7.844926
969,8,believed,10.063668
969,9,the,3.312987
969,10,pirate,11.709449
969,11,abandoned,10.960413
969,12,his,4.347998
969,13,comrades,13.035264
969,14,on,6.056599
969,15,the,1.154499
969,16,sinking,12.528944
969,17,ship,2.811701
969,18,.,1.373763
969,19,<eos>,-0.0
970,0,He,0.0
970,1,reported,10.835539
970,2,who,12.096594
970,3,the,7.066419
970,4,sailor,13.935616
970,5,believed,8.457826
970,6,the,5.40043
970,7,man,7.061163
970,8,believed,9.367531
970,9,the,4.539925
970,10,pirate,11.361054
970,11,abandoned,10.884501
970,12,on,9.620441
970,13,the,1.267811
970,14,sinking,11.659868
970,15,ship,2.867102
970,16,.,1.329966
970,17,<eos>,-0.0
971,0,He,0.0
971,1,reported,10.835539
971,2,who,12.096594
971,3,the,7.066419
971,4,sailor,13.935616
971,5,believed,8.457826
971,6,the,5.40043
971,7,man,7.061163
971,8,believed,9.367531
971,9,the,4.539925
971,10,pirate,11.361054
971,11,abandoned,10.884501
971,12,his,3.916696
971,13,comrades,12.528823
971,14,on,6.123871
971,15,the,1.108532
971,16,sinking,12.030463
971,17,ship,2.577787
971,18,.,1.019169
971,19,<eos>,-0.0
972,0,He,0.0
972,1,reported,10.835539
972,2,that,1.868976
972,3,the,2.223669
972,4,sailor,15.286226
972,5,believed,9.453822
972,6,the,3.357855
972,7,man,7.844926
972,8,believed,10.063668
972,9,he,3.97528
972,10,knew,8.518607
972,11,the,2.464609
972,12,pirate,12.574666
972,13,abandoned,12.592655
972,14,on,9.791125
972,15,the,1.252625
972,16,sinking,12.283825
972,17,ship,3.574441
972,18,.,2.025894
972,19,<eos>,-0.0
973,0,He,0.0
973,1,reported,10.835539
973,2,that,1.868976
973,3,the,2.223669
973,4,sailor,15.286226
973,5,believed,9.453822
973,6,the,3.357855
973,7,man,7.844926
973,8,believed,10.063668
973,9,he,3.97528
973,10,knew,8.518607
973,11,the,2.464609
973,12,pirate,12.574666
973,13,abandoned,12.592655
973,14,his,3.586634
973,15,comrades,11.697804
973,16,on,6.406039
973,17,the,1.168145
973,18,sinking,12.477059
973,19,ship,3.289527
973,20,.,1.240779
973,21,<eos>,-0.0
974,0,He,0.0
974,1,reported,10.835539
974,2,who,12.096594
974,3,the,7.066419
974,4,sailor,13.935616
974,5,believed,8.457826
974,6,the,5.40043
974,7,man,7.061163
974,8,believed,9.367531
974,9,he,4.828297
974,10,knew,7.765632
974,11,the,2.337365
974,12,pirate,12.480866
974,13,abandoned,12.506417
974,14,on,9.377978
974,15,the,1.256181
974,16,sinking,11.43663
974,17,ship,3.173023
974,18,.,1.236776
974,19,<eos>,-0.0
975,0,He,0.0
975,1,reported,10.835539
975,2,who,12.096594
975,3,the,7.066419
975,4,sailor,13.935616
975,5,believed,8.457826
975,6,the,5.40043
975,7,man,7.061163
975,8,believed,9.367531
975,9,he,4.828297
975,10,knew,7.765632
975,11,the,2.337365
975,12,pirate,12.480866
975,13,abandoned,12.506417
975,14,his,3.82595
975,15,comrades,11.161847
975,16,on,6.409732
975,17,the,1.107777
975,18,sinking,11.842239
975,19,ship,3.035644
975,20,.,0.982539
975,21,<eos>,-0.0
976,0,He,0.0
976,1,reported,10.835539
976,2,that,1.868976
976,3,the,2.223669
976,4,sailor,15.286226
976,5,believed,9.453822
976,6,the,3.357855
976,7,man,7.844926
976,8,believed,10.063668
976,9,he,3.97528
976,10,knew,8.518607
976,11,the,2.464609
976,12,pirate,12.574666
976,13,abandoned,12.592655
976,14,on,9.791125
976,15,the,1.252625
976,16,sinking,12.283825
976,17,ship,3.574441
976,18,.,2.025894
976,19,<eos>,-0.0
977,0,He,0.0
977,1,reported,10.835539
977,2,that,1.868976
977,3,the,2.223669
977,4,sailor,15.286226
977,5,believed,9.453822
977,6,the,3.357855
977,7,man,7.844926
977,8,believed,10.063668
977,9,he,3.97528
977,10,knew,8.518607
977,11,the,2.464609
977,12,pirate,12.574666
977,13,abandoned,12.592655
977,14,his,3.586634
977,15,comrades,11.697804
977,16,on,6.406039
977,17,the,1.168145
977,18,sinking,12.477059
977,19,ship,3.289527
977,20,.,1.240779
977,21,<eos>,-0.0
978,0,He,0.0
978,1,reported,10.835539
978,2,who,12.096594
978,3,the,7.066419
978,4,sailor,13.935616
978,5,believed,8.457826
978,6,the,5.40043
978,7,man,7.061163
978,8,believed,9.367531
978,9,he,4.828297
978,10,knew,7.765632
978,11,the,2.337365
978,12,pirate,12.480866
978,13,abandoned,12.506417
978,14,on,9.377978
978,15,the,1.256181
978,16,sinking,11.43663
978,17,ship,3.173023
978,18,.,1.236776
978,19,<eos>,-0.0
979,0,He,0.0
979,1,reported,10.835539
979,2,who,12.096594
979,3,the,7.066419
979,4,sailor,13.935616
979,5,believed,8.457826
979,6,the,5.40043
979,7,man,7.061163
979,8,believed,9.367531
979,9,he,4.828297
979,10,knew,7.765632
979,11,the,2.337365
979,12,pirate,12.480866
979,13,abandoned,12.506417
979,14,his,3.82595
979,15,comrades,11.161847
979,16,on,6.409732
979,17,the,1.107777
979,18,sinking,11.842239
979,19,ship,3.035644
979,20,.,0.982539
979,21,<eos>,-0.0
980,0,They,0.0
980,1,reported,10.412453
980,2,that,1.780984
980,3,the,1.89322
980,4,boss,15.239762
980,5,promoted,15.715818
980,6,last,16.720779
980,7,quarter,9.244343
980,8,.,4.344224
980,9,<eos>,-0.0
981,0,They,0.0
981,1,reported,10.412453
981,2,that,1.780984
981,3,the,1.89322
981,4,boss,15.239762
981,5,promoted,15.715818
981,6,the,1.681342
981,7,accountant,18.487839
981,8,last,16.420115
981,9,quarter,9.627653
981,10,.,2.200321
981,11,<eos>,-0.0
982,0,They,0.0
982,1,reported,10.412453
982,2,who,11.821813
982,3,the,7.229744
982,4,boss,14.907178
982,5,promoted,14.143551
982,6,last,14.573931
982,7,quarter,10.983467
982,8,.,2.038043
982,9,<eos>,-0.0
983,0,They,0.0
983,1,reported,10.412453
983,2,who,11.821813
983,3,the,7.229744
983,4,boss,14.907178
983,5,promoted,14.143551
983,6,the,4.096464
983,7,accountant,17.796013
983,8,last,15.393125
983,9,quarter,9.974713
983,10,.,1.519186
983,11,<eos>,-0.0
984,0,They,0.0
984,1,reported,10.412453
984,2,that,1.780984
984,3,the,1.89322
984,4,man,9.066194
984,5,said,8.81948
984,6,the,4.605371
984,7,boss,14.21947
984,8,promoted,16.346895
984,9,last,16.518856
984,10,quarter,10.238331
984,11,.,3.176016
984,12,<eos>,-0.0
985,0,They,0.0
985,1,reported,10.412453
985,2,that,1.780984
985,3,the,1.89322
985,4,man,9.066194
985,5,said,8.81948
985,6,the,4.605371
985,7,boss,14.21947
985,8,promoted,16.346895
985,9,the,2.037309
985,10,accountant,17.96184
985,11,last,15.839463
985,12,quarter,9.786017
985,13,.,1.83251
985,14,<eos>,-0.0
986,0,They,0.0
986,1,reported,10.412453
986,2,who,11.821813
986,3,the,7.229744
986,4,man,8.530405
986,5,said,7.054339
986,6,the,6.105996
986,7,boss,14.155415
986,8,promoted,16.274649
986,9,last,15.059855
986,10,quarter,10.433999
986,11,.,1.972572
986,12,<eos>,-0.0
987,0,They,0.0
987,1,reported,10.412453
987,2,who,11.821813
987,3,the,7.229744
987,4,man,8.530405
987,5,said,7.054339
987,6,the,6.105996
987,7,boss,14.155415
987,8,promoted,16.274649
987,9,the,2.788846
987,10,accountant,17.909378
987,11,last,15.120475
987,12,quarter,9.293324
987,13,.,1.582573
987,14,<eos>,-0.0
988,0,They,0.0
988,1,reported,10.412453
988,2,that,1.780984
988,3,the,1.89322
988,4,man,9.066194
988,5,said,8.81948
988,6,the,4.605371
988,7,old,9.739626
988,8,woman,5.196508
988,9,told,7.141207
988,10,him,1.646867
988,11,the,5.062836
988,12,boss,15.509688
988,13,promoted,19.453011
988,14,last,17.12355
988,15,quarter,10.363647
988,16,.,2.666041
988,17,<eos>,-0.0
989,0,They,0.0
989,1,reported,10.412453
989,2,that,1.780984
989,3,the,1.89322
989,4,man,9.066194
989,5,said,8.81948
989,6,the,4.605371
989,7,old,9.739626
989,8,woman,5.196508
989,9,told,7.141207
989,10,him,1.646867
989,11,the,5.062836
989,12,boss,15.509688
989,13,promoted,19.453011
989,14,the,2.541449
989,15,accountant,17.87978
989,16,last,15.674294
989,17,quarter,10.379461
989,18,.,1.437709
989,19,<eos>,-0.0
990,0,They,0.0
990,1,reported,10.412453
990,2,who,11.821813
990,3,the,7.229744
990,4,man,8.530405
990,5,said,7.054339
990,6,the,6.105996
990,7,old,9.806818
990,8,woman,5.144083
990,9,told,6.641197
990,10,him,1.82627
990,11,the,5.879863
990,12,boss,15.218735
990,13,promoted,19.006134
990,14,last,14.489264
990,15,quarter,11.377607
990,16,.,1.668793
990,17,<eos>,-0.0
991,0,They,0.0
991,1,reported,10.412453
991,2,who,11.821813
991,3,the,7.229744
991,4,man,8.530405
991,5,said,7.054339
991,6,the,6.105996
991,7,old,9.806818
991,8,woman,5.144083
991,9,told,6.641197
991,10,him,1.82627
991,11,the,5.879863
991,12,boss,15.218735
991,13,promoted,19.006134
991,14,the,4.242445
991,15,accountant,17.944752
991,16,last,14.739766
991,17,quarter,10.293628
991,18,.,1.300482
991,19,<eos>,-0.0
992,0,They,0.0
992,1,reported,10.412453
992,2,that,1.780984
992,3,the,1.89322
992,4,man,9.066194
992,5,said,8.81948
992,6,the,4.605371
992,7,old,9.739626
992,8,woman,5.196508
992,9,told,7.141207
992,10,him,1.646867
992,11,she,4.404286
992,12,knew,6.841038
992,13,the,3.435165
992,14,boss,15.242814
992,15,promoted,19.630585
992,16,last,17.093554
992,17,quarter,10.381627
992,18,.,2.032968
992,19,<eos>,-0.0
993,0,They,0.0
993,1,reported,10.412453
993,2,that,1.780984
993,3,the,1.89322
993,4,man,9.066194
993,5,said,8.81948
993,6,the,4.605371
993,7,old,9.739626
993,8,woman,5.196508
993,9,told,7.141207
993,10,him,1.646867
993,11,she,4.404286
993,12,knew,6.841038
993,13,the,3.435165
993,14,boss,15.242814
993,15,promoted,19.630585
993,16,the,2.392328
993,17,accountant,18.218834
993,18,last,15.62292
993,19,quarter,10.280025
993,20,.,1.302949
993,21,<eos>,-0.0
994,0,They,0.0
994,1,reported,10.412453
994,2,who,11.821813
994,3,the,7.229744
994,4,man,8.530405
994,5,said,7.054339
994,6,the,6.105996
994,7,old,9.806818
994,8,woman,5.144083
994,9,told,6.641197
994,10,him,1.82627
994,11,she,5.853952
994,12,knew,5.512263
994,13,the,4.061439
994,14,boss,15.224038
994,15,promoted,19.262199
994,16,last,16.434689
994,17,quarter,10.006474
994,18,.,1.88408
994,19,<eos>,-0.0
995,0,They,0.0
995,1,reported,10.412453
995,2,who,11.821813
995,3,the,7.229744
995,4,man,8.530405
995,5,said,7.054339
995,6,the,6.105996
995,7,old,9.806818
995,8,woman,5.144083
995,9,told,6.641197
995,10,him,1.82627
995,11,she,5.853952
995,12,knew,5.512263
995,13,the,4.061439
995,14,boss,15.224038
995,15,promoted,19.262199
995,16,the,2.371266
995,17,accountant,18.419285
995,18,last,15.540345
995,19,quarter,10.04574
995,20,.,1.276831
995,21,<eos>,-0.0
996,0,They,0.0
996,1,reported,10.412453
996,2,that,1.780984
996,3,the,1.89322
996,4,man,9.066194
996,5,said,8.81948
996,6,the,4.605371
996,7,old,9.739626
996,8,woman,5.196508
996,9,told,7.141207
996,10,him,1.646867
996,11,she,4.404286
996,12,knew,6.841038
996,13,the,3.435165
996,14,boss,15.242814
996,15,promoted,19.630585
996,16,last,17.093554
996,17,quarter,10.381627
996,18,.,2.032968
996,19,<eos>,-0.0
997,0,They,0.0
997,1,reported,10.412453
997,2,that,1.780984
997,3,the,1.89322
997,4,man,9.066194
997,5,said,8.81948
997,6,the,4.605371
997,7,old,9.739626
997,8,woman,5.196508
997,9,told,7.141207
997,10,him,1.646867
997,11,she,4.404286
997,12,knew,6.841038
997,13,the,3.435165
997,14,boss,15.242814
997,15,promoted,19.630585
997,16,the,2.392328
997,17,accountant,18.218834
997,18,last,15.62292
997,19,quarter,10.280025
997,20,.,1.302949
997,21,<eos>,-0.0
998,0,They,0.0
998,1,reported,10.412453
998,2,who,11.821813
998,3,the,7.229744
998,4,man,8.530405
998,5,said,7.054339
998,6,the,6.105996
998,7,old,9.806818
998,8,woman,5.144083
998,9,told,6.641197
998,10,him,1.82627
998,11,she,5.853952
998,12,knew,5.512263
998,13,the,4.061439
998,14,boss,15.224038
998,15,promoted,19.262199
998,16,last,16.434689
998,17,quarter,10.006474
998,18,.,1.88408
998,19,<eos>,-0.0
999,0,They,0.0
999,1,reported,10.412453
999,2,who,11.821813
999,3,the,7.229744
999,4,man,8.530405
999,5,said,7.054339
999,6,the,6.105996
999,7,old,9.806818
999,8,woman,5.144083
999,9,told,6.641197
999,10,him,1.82627
999,11,she,5.853952
999,12,knew,5.512263
999,13,the,4.061439
999,14,boss,15.224038
999,15,promoted,19.262199
999,16,the,2.371266
999,17,accountant,18.419285
999,18,last,15.540345
999,19,quarter,10.04574
999,20,.,1.276831
999,21,<eos>,-0.0
1000,0,My,0.0
1000,1,friend,10.418871
1000,2,knows,14.623261
1000,3,that,1.831162
1000,4,the,2.275285
1000,5,successful,13.258965
1000,6,architect,14.064172
1000,7,handed,16.225569
1000,8,for,10.312146
1000,9,her,5.713284
1000,10,mother,9.929173
1000,11,.,5.931942
1000,12,<eos>,-0.0
1001,0,My,0.0
1001,1,friend,10.418871
1001,2,knows,14.623261
1001,3,that,1.831162
1001,4,the,2.275285
1001,5,successful,13.258965
1001,6,architect,14.064172
1001,7,handed,16.225569
1001,8,an,8.514133
1001,9,award,8.54519
1001,10,for,4.062772
1001,11,her,5.851717
1001,12,mother,8.934791
1001,13,.,2.826223
1001,14,<eos>,-0.0
1002,0,My,0.0
1002,1,friend,10.418871
1002,2,knows,14.623261
1002,3,what,3.231248
1002,4,the,3.507114
1002,5,successful,13.800512
1002,6,architect,14.081848
1002,7,handed,15.917322
1002,8,for,7.828462
1002,9,her,7.578828
1002,10,mother,7.789927
1002,11,.,1.68698
1002,12,<eos>,-0.0
1003,0,My,0.0
1003,1,friend,10.418871
1003,2,knows,14.623261
1003,3,what,3.231248
1003,4,the,3.507114
1003,5,successful,13.800512
1003,6,architect,14.081848
1003,7,handed,15.917322
1003,8,an,11.232496
1003,9,award,9.093252
1003,10,for,4.62077
1003,11,her,7.145343
1003,12,mother,7.227363
1003,13,.,1.728343
1003,14,<eos>,-0.0
1004,0,My,0.0
1004,1,friend,10.418871
1004,2,knows,14.623261
1004,3,that,1.831162
1004,4,the,2.275285
1004,5,judge,11.650613
1004,6,thought,10.640928
1004,7,the,2.699936
1004,8,successful,15.546926
1004,9,architect,14.960052
1004,10,handed,15.936391
1004,11,for,9.928004
1004,12,her,5.87614
1004,13,mother,10.603003
1004,14,.,5.315384
1004,15,<eos>,-0.0
1005,0,My,0.0
1005,1,friend,10.418871
1005,2,knows,14.623261
1005,3,that,1.831162
1005,4,the,2.275285
1005,5,judge,11.650613
1005,6,thought,10.640928
1005,7,the,2.699936
1005,8,successful,15.546926
1005,9,architect,14.960052
1005,10,handed,15.936391
1005,11,an,7.586906
1005,12,award,8.590565
1005,13,for,4.46991
1005,14,her,6.010068
1005,15,mother,8.803294
1005,16,.,2.476388
1005,17,<eos>,-0.0
1006,0,My,0.0
1006,1,friend,10.418871
1006,2,knows,14.623261
1006,3,what,3.231248
1006,4,the,3.507114
1006,5,judge,10.738557
1006,6,thought,8.819118
1006,7,the,4.751553
1006,8,successful,15.0794
1006,9,architect,16.169054
1006,10,handed,15.409315
1006,11,for,7.748052
1006,12,her,7.232435
1006,13,mother,8.393616
1006,14,.,2.085427
1006,15,<eos>,-0.0
1007,0,My,0.0
1007,1,friend,10.418871
1007,2,knows,14.623261
1007,3,what,3.231248
1007,4,the,3.507114
1007,5,judge,10.738557
1007,6,thought,8.819118
1007,7,the,4.751553
1007,8,successful,15.0794
1007,9,architect,16.169054
1007,10,handed,15.409315
1007,11,an,10.01987
1007,12,award,8.912229
1007,13,for,4.737212
1007,14,her,6.908751
1007,15,mother,7.871971
1007,16,.,1.685834
1007,17,<eos>,-0.0
1008,0,My,0.0
1008,1,friend,10.418871
1008,2,knows,14.623261
1008,3,that,1.831162
1008,4,the,2.275285
1008,5,judge,11.650613
1008,6,thought,10.640928
1008,7,the,2.699936
1008,8,cop,13.595985
1008,9,said,11.765228
1008,10,the,3.857514
1008,11,successful,16.321449
1008,12,architect,15.58222
1008,13,handed,16.064911
1008,14,for,10.076306
1008,15,her,6.21697
1008,16,mother,10.098866
1008,17,.,4.936407
1008,18,<eos>,-0.0
1009,0,My,0.0
1009,1,friend,10.418871
1009,2,knows,14.623261
1009,3,that,1.831162
1009,4,the,2.275285
1009,5,judge,11.650613
1009,6,thought,10.640928
1009,7,the,2.699936
1009,8,cop,13.595985
1009,9,said,11.765228
1009,10,the,3.857514
1009,11,successful,16.321449
1009,12,architect,15.58222
1009,13,handed,16.064911
1009,14,an,7.82375
1009,15,award,8.993656
1009,16,for,4.441566
1009,17,her,6.502694
1009,18,mother,8.405861
1009,19,.,2.464996
1009,20,<eos>,-0.0
1010,0,My,0.0
1010,1,friend,10.418871
1010,2,knows,14.623261
1010,3,what,3.231248
1010,4,the,3.507114
1010,5,judge,10.738557
1010,6,thought,8.819118
1010,7,the,4.751553
1010,8,cop,13.224248
1010,9,said,9.811883
1010,10,the,5.448309
1010,11,successful,16.148325
1010,12,architect,15.955301
1010,13,handed,14.902616
1010,14,for,8.638434
1010,15,her,7.464093
1010,16,mother,8.393699
1010,17,.,2.022577
1010,18,<eos>,-0.0
1011,0,My,0.0
1011,1,friend,10.418871
1011,2,knows,14.623261
1011,3,what,3.231248
1011,4,the,3.507114
1011,5,judge,10.738557
1011,6,thought,8.819118
1011,7,the,4.751553
1011,8,cop,13.224248
1011,9,said,9.811883
1011,10,the,5.448309
1011,11,successful,16.148325
1011,12,architect,15.955301
1011,13,handed,14.902616
1011,14,an,9.646257
1011,15,award,9.644194
1011,16,for,4.926666
1011,17,her,6.961455
1011,18,mother,7.85177
1011,19,.,1.434812
1011,20,<eos>,-0.0
1012,0,My,0.0
1012,1,friend,10.418871
1012,2,knows,14.623261
1012,3,that,1.831162
1012,4,the,2.275285
1012,5,judge,11.650613
1012,6,thought,10.640928
1012,7,the,2.699936
1012,8,cop,13.595985
1012,9,said,11.765228
1012,10,the,3.857514
1012,11,man,5.438515
1012,12,testified,12.28682
1012,13,the,6.507895
1012,14,successful,18.038826
1012,15,architect,16.38904
1012,16,handed,16.524511
1012,17,for,10.357887
1012,18,her,5.57495
1012,19,mother,9.533541
1012,20,.,3.425311
1012,21,<eos>,-0.0
1013,0,My,0.0
1013,1,friend,10.418871
1013,2,knows,14.623261
1013,3,that,1.831162
1013,4,the,2.275285
1013,5,judge,11.650613
1013,6,thought,10.640928
1013,7,the,2.699936
1013,8,cop,13.595985
1013,9,said,11.765228
1013,10,the,3.857514
1013,11,man,5.438515
1013,12,testified,12.28682
1013,13,the,6.507895
1013,14,successful,18.038826
1013,15,architect,16.38904
1013,16,handed,16.524511
1013,17,an,7.758389
1013,18,award,9.830357
1013,19,for,4.503767
1013,20,her,6.347166
1013,21,mother,7.984574
1013,22,.,1.465133
1013,23,<eos>,-0.0
1014,0,My,0.0
1014,1,friend,10.418871
1014,2,knows,14.623261
1014,3,what,3.231248
1014,4,the,3.507114
1014,5,judge,10.738557
1014,6,thought,8.819118
1014,7,the,4.751553
1014,8,cop,13.224248
1014,9,said,9.811883
1014,10,the,5.448309
1014,11,man,5.727457
1014,12,testified,12.298378
1014,13,the,9.389447
1014,14,successful,18.165815
1014,15,architect,15.880629
1014,16,handed,14.532244
1014,17,for,8.113049
1014,18,her,7.03656
1014,19,mother,7.917469
1014,20,.,1.49203
1014,21,<eos>,-0.0
1015,0,My,0.0
1015,1,friend,10.418871
1015,2,knows,14.623261
1015,3,what,3.231248
1015,4,the,3.507114
1015,5,judge,10.738557
1015,6,thought,8.819118
1015,7,the,4.751553
1015,8,cop,13.224248
1015,9,said,9.811883
1015,10,the,5.448309
1015,11,man,5.727457
1015,12,testified,12.298378
1015,13,the,9.389447
1015,14,successful,18.165815
1015,15,architect,15.880629
1015,16,handed,14.532244
1015,17,an,10.79552
1015,18,award,10.890827
1015,19,for,4.516873
1015,20,her,7.071593
1015,21,mother,7.320724
1015,22,.,1.391879
1015,23,<eos>,-0.0
1016,0,My,0.0
1016,1,friend,10.418871
1016,2,knows,14.623261
1016,3,that,1.831162
1016,4,the,2.275285
1016,5,judge,11.650613
1016,6,thought,10.640928
1016,7,the,2.699936
1016,8,cop,13.595985
1016,9,said,11.765228
1016,10,the,3.857514
1016,11,man,5.438515
1016,12,testified,12.28682
1016,13,the,6.507895
1016,14,successful,18.038826
1016,15,architect,16.38904
1016,16,handed,16.524511
1016,17,for,10.357887
1016,18,her,5.57495
1016,19,mother,9.533541
1016,20,.,3.425311
1016,21,<eos>,-0.0
1017,0,My,0.0
1017,1,friend,10.418871
1017,2,knows,14.623261
1017,3,that,1.831162
1017,4,the,2.275285
1017,5,judge,11.650613
1017,6,thought,10.640928
1017,7,the,2.699936
1017,8,cop,13.595985
1017,9,said,11.765228
1017,10,the,3.857514
1017,11,man,5.438515
1017,12,testified,12.28682
1017,13,the,6.507895
1017,14,successful,18.038826
1017,15,architect,16.38904
1017,16,handed,16.524511
1017,17,an,7.758389
1017,18,award,9.830357
1017,19,for,4.503767
1017,20,her,6.347166
1017,21,mother,7.984574
1017,22,.,1.465133
1017,23,<eos>,-0.0
1018,0,My,0.0
1018,1,friend,10.418871
1018,2,knows,14.623261
1018,3,what,3.231248
1018,4,the,3.507114
1018,5,judge,10.738557
1018,6,thought,8.819118
1018,7,the,4.751553
1018,8,cop,13.224248
1018,9,said,9.811883
1018,10,the,5.448309
1018,11,man,5.727457
1018,12,testified,12.298378
1018,13,the,9.389447
1018,14,successful,18.165815
1018,15,architect,15.880629
1018,16,handed,14.532244
1018,17,for,8.113049
1018,18,her,7.03656
1018,19,mother,7.917469
1018,20,.,1.49203
1018,21,<eos>,-0.0
1019,0,My,0.0
1019,1,friend,10.418871
1019,2,knows,14.623261
1019,3,what,3.231248
1019,4,the,3.507114
1019,5,judge,10.738557
1019,6,thought,8.819118
1019,7,the,4.751553
1019,8,cop,13.224248
1019,9,said,9.811883
1019,10,the,5.448309
1019,11,man,5.727457
1019,12,testified,12.298378
1019,13,the,9.389447
1019,14,successful,18.165815
1019,15,architect,15.880629
1019,16,handed,14.532244
1019,17,an,10.79552
1019,18,award,10.890827
1019,19,for,4.516873
1019,20,her,7.071593
1019,21,mother,7.320724
1019,22,.,1.391879
1019,23,<eos>,-0.0
1020,0,The,0.0
1020,1,commissioner,19.849779
1020,2,discovered,14.338125
1020,3,that,0.868925
1020,4,the,1.555484
1020,5,police,7.855856
1020,6,detective,11.385676
1020,7,lent,17.522797
1020,8,to,5.654482
1020,9,the,2.190079
1020,10,man,7.723277
1020,11,.,4.878904
1020,12,<eos>,-0.0
1021,0,The,0.0
1021,1,commissioner,19.849779
1021,2,discovered,14.338125
1021,3,that,0.868925
1021,4,the,1.555484
1021,5,police,7.855856
1021,6,detective,11.385676
1021,7,lent,17.522797
1021,8,some,6.699642
1021,9,money,3.584775
1021,10,to,0.419434
1021,11,the,1.38559
1021,12,man,8.529167
1021,13,.,2.887572
1021,14,<eos>,-0.0
1022,0,The,0.0
1022,1,commissioner,19.849779
1022,2,discovered,14.338125
1022,3,what,7.825208
1022,4,the,3.404515
1022,5,police,6.483075
1022,6,detective,12.031498
1022,7,lent,18.167011
1022,8,to,2.296551
1022,9,the,2.244134
1022,10,man,8.729467
1022,11,.,2.627486
1022,12,<eos>,-0.0
1023,0,The,0.0
1023,1,commissioner,19.849779
1023,2,discovered,14.338125
1023,3,what,7.825208
1023,4,the,3.404515
1023,5,police,6.483075
1023,6,detective,12.031498
1023,7,lent,18.167011
1023,8,some,9.891101
1023,9,money,4.83232
1023,10,to,0.568168
1023,11,the,2.515579
1023,12,man,8.063039
1023,13,.,2.476743
1023,14,<eos>,-0.0
1024,0,The,0.0
1024,1,commissioner,19.849779
1024,2,discovered,14.338125
1024,3,that,0.868925
1024,4,the,1.555484
1024,5,report,10.741113
1024,6,stated,8.037931
1024,7,the,4.739332
1024,8,police,7.809468
1024,9,detective,12.965488
1024,10,lent,18.565996
1024,11,to,5.796503
1024,12,the,2.093991
1024,13,man,8.128081
1024,14,.,3.682116
1024,15,<eos>,-0.0
1025,0,The,0.0
1025,1,commissioner,19.849779
1025,2,discovered,14.338125
1025,3,that,0.868925
1025,4,the,1.555484
1025,5,report,10.741113
1025,6,stated,8.037931
1025,7,the,4.739332
1025,8,police,7.809468
1025,9,detective,12.965488
1025,10,lent,18.565996
1025,11,some,7.012401
1025,12,money,3.865739
1025,13,to,0.432106
1025,14,the,1.328013
1025,15,man,9.113014
1025,16,.,2.451072
1025,17,<eos>,-0.0
1026,0,The,0.0
1026,1,commissioner,19.849779
1026,2,discovered,14.338125
1026,3,what,7.825208
1026,4,the,3.404515
1026,5,report,9.735566
1026,6,stated,7.151645
1026,7,the,7.458492
1026,8,police,8.062069
1026,9,detective,12.380916
1026,10,lent,19.133339
1026,11,to,3.003702
1026,12,the,2.237817
1026,13,man,8.33377
1026,14,.,2.067814
1026,15,<eos>,-0.0
1027,0,The,0.0
1027,1,commissioner,19.849779
1027,2,discovered,14.338125
1027,3,what,7.825208
1027,4,the,3.404515
1027,5,report,9.735566
1027,6,stated,7.151645
1027,7,the,7.458492
1027,8,police,8.062069
1027,9,detective,12.380916
1027,10,lent,19.133339
1027,11,some,9.107271
1027,12,money,4.921084
1027,13,to,0.607531
1027,14,the,1.767702
1027,15,man,8.470285
1027,16,.,2.103586
1027,17,<eos>,-0.0
1028,0,The,0.0
1028,1,commissioner,19.849779
1028,2,discovered,14.338125
1028,3,that,0.868925
1028,4,the,1.555484
1028,5,report,10.741113
1028,6,stated,8.037931
1028,7,the,4.739332
1028,8,television,12.901645
1028,9,host,9.741306
1028,10,thought,10.121699
1028,11,the,3.49297
1028,12,police,7.246615
1028,13,detective,13.24282
1028,14,lent,18.387962
1028,15,to,5.722554
1028,16,the,2.162439
1028,17,man,8.190902
1028,18,.,3.521664
1028,19,<eos>,-0.0
1029,0,The,0.0
1029,1,commissioner,19.849779
1029,2,discovered,14.338125
1029,3,that,0.868925
1029,4,the,1.555484
1029,5,report,10.741113
1029,6,stated,8.037931
1029,7,the,4.739332
1029,8,television,12.901645
1029,9,host,9.741306
1029,10,thought,10.121699
1029,11,the,3.49297
1029,12,police,7.246615
1029,13,detective,13.24282
1029,14,lent,18.387962
1029,15,some,7.157349
1029,16,money,4.094798
1029,17,to,0.670177
1029,18,the,1.386332
1029,19,man,8.966109
1029,20,.,2.249774
1029,21,<eos>,-0.0
1030,0,The,0.0
1030,1,commissioner,19.849779
1030,2,discovered,14.338125
1030,3,what,7.825208
1030,4,the,3.404515
1030,5,report,9.735566
1030,6,stated,7.151645
1030,7,the,7.458492
1030,8,television,12.32191
1030,9,host,11.129595
1030,10,thought,10.146298
1030,11,the,5.722865
1030,12,police,7.575601
1030,13,detective,12.796277
1030,14,lent,18.558184
1030,15,to,2.971326
1030,16,the,2.074602
1030,17,man,8.474133
1030,18,.,2.081575
1030,19,<eos>,-0.0
1031,0,The,0.0
1031,1,commissioner,19.849779
1031,2,discovered,14.338125
1031,3,what,7.825208
1031,4,the,3.404515
1031,5,report,9.735566
1031,6,stated,7.151645
1031,7,the,7.458492
1031,8,television,12.32191
1031,9,host,11.129595
1031,10,thought,10.146298
1031,11,the,5.722865
1031,12,police,7.575601
1031,13,detective,12.796277
1031,14,lent,18.558184
1031,15,some,9.710117
1031,16,money,5.531007
1031,17,to,0.971961
1031,18,the,2.458713
1031,19,man,8.499138
1031,20,.,2.019829
1031,21,<eos>,-0.0
1032,0,The,0.0
1032,1,commissioner,19.849779
1032,2,discovered,14.338125
1032,3,that,0.868925
1032,4,the,1.555484
1032,5,report,10.741113
1032,6,stated,8.037931
1032,7,the,4.739332
1032,8,television,12.901645
1032,9,host,9.741306
1032,10,thought,10.121699
1032,11,the,3.49297
1032,12,man,9.699778
1032,13,reported,13.225593
1032,14,the,4.456336
1032,15,police,8.99488
1032,16,detective,11.978452
1032,17,lent,19.522104
1032,18,to,5.062317
1032,19,the,2.652647
1032,20,man,7.516299
1032,21,.,2.628556
1032,22,<eos>,-0.0
1033,0,The,0.0
1033,1,commissioner,19.849779
1033,2,discovered,14.338125
1033,3,that,0.868925
1033,4,the,1.555484
1033,5,report,10.741113
1033,6,stated,8.037931
1033,7,the,4.739332
1033,8,television,12.901645
1033,9,host,9.741306
1033,10,thought,10.121699
1033,11,the,3.49297
1033,12,man,9.699778
1033,13,reported,13.225593
1033,14,the,4.456336
1033,15,police,8.99488
1033,16,detective,11.978452
1033,17,lent,19.522104
1033,18,some,7.680407
1033,19,money,4.565647
1033,20,to,0.94313
1033,21,the,1.532582
1033,22,man,8.483192
1033,23,.,2.055741
1033,24,<eos>,-0.0
1034,0,The,0.0
1034,1,commissioner,19.849779
1034,2,discovered,14.338125
1034,3,what,7.825208
1034,4,the,3.404515
1034,5,report,9.735566
1034,6,stated,7.151645
1034,7,the,7.458492
1034,8,television,12.32191
1034,9,host,11.129595
1034,10,thought,10.146298
1034,11,the,5.722865
1034,12,man,9.31356
1034,13,reported,12.997025
1034,14,the,7.493345
1034,15,police,8.715188
1034,16,detective,11.593135
1034,17,lent,17.636398
1034,18,to,3.085076
1034,19,the,2.312085
1034,20,man,8.132261
1034,21,.,1.912091
1034,22,<eos>,-0.0
1035,0,The,0.0
1035,1,commissioner,19.849779
1035,2,discovered,14.338125
1035,3,what,7.825208
1035,4,the,3.404515
1035,5,report,9.735566
1035,6,stated,7.151645
1035,7,the,7.458492
1035,8,television,12.32191
1035,9,host,11.129595
1035,10,thought,10.146298
1035,11,the,5.722865
1035,12,man,9.31356
1035,13,reported,12.997025
1035,14,the,7.493345
1035,15,police,8.715188
1035,16,detective,11.593135
1035,17,lent,17.636398
1035,18,some,9.568111
1035,19,money,5.206652
1035,20,to,1.105699
1035,21,the,2.496373
1035,22,man,8.175348
1035,23,.,2.001775
1035,24,<eos>,-0.0
1036,0,The,0.0
1036,1,commissioner,19.849779
1036,2,discovered,14.338125
1036,3,that,0.868925
1036,4,the,1.555484
1036,5,report,10.741113
1036,6,stated,8.037931
1036,7,the,4.739332
1036,8,television,12.901645
1036,9,host,9.741306
1036,10,thought,10.121699
1036,11,the,3.49297
1036,12,man,9.699778
1036,13,reported,13.225593
1036,14,the,4.456336
1036,15,police,8.99488
1036,16,detective,11.978452
1036,17,lent,19.522104
1036,18,to,5.062317
1036,19,the,2.652647
1036,20,man,7.516299
1036,21,.,2.628556
1036,22,<eos>,-0.0
1037,0,The,0.0
1037,1,commissioner,19.849779
1037,2,discovered,14.338125
1037,3,that,0.868925
1037,4,the,1.555484
1037,5,report,10.741113
1037,6,stated,8.037931
1037,7,the,4.739332
1037,8,television,12.901645
1037,9,host,9.741306
1037,10,thought,10.121699
1037,11,the,3.49297
1037,12,man,9.699778
1037,13,reported,13.225593
1037,14,the,4.456336
1037,15,police,8.99488
1037,16,detective,11.978452
1037,17,lent,19.522104
1037,18,some,7.680407
1037,19,money,4.565647
1037,20,to,0.94313
1037,21,the,1.532582
1037,22,man,8.483192
1037,23,.,2.055741
1037,24,<eos>,-0.0
1038,0,The,0.0
1038,1,commissioner,19.849779
1038,2,discovered,14.338125
1038,3,what,7.825208
1038,4,the,3.404515
1038,5,report,9.735566
1038,6,stated,7.151645
1038,7,the,7.458492
1038,8,television,12.32191
1038,9,host,11.129595
1038,10,thought,10.146298
1038,11,the,5.722865
1038,12,man,9.31356
1038,13,reported,12.997025
1038,14,the,7.493345
1038,15,police,8.715188
1038,16,detective,11.593135
1038,17,lent,17.636398
1038,18,to,3.085076
1038,19,the,2.312085
1038,20,man,8.132261
1038,21,.,1.912091
1038,22,<eos>,-0.0
1039,0,The,0.0
1039,1,commissioner,19.849779
1039,2,discovered,14.338125
1039,3,what,7.825208
1039,4,the,3.404515
1039,5,report,9.735566
1039,6,stated,7.151645
1039,7,the,7.458492
1039,8,television,12.32191
1039,9,host,11.129595
1039,10,thought,10.146298
1039,11,the,5.722865
1039,12,man,9.31356
1039,13,reported,12.997025
1039,14,the,7.493345
1039,15,police,8.715188
1039,16,detective,11.593135
1039,17,lent,17.636398
1039,18,some,9.568111
1039,19,money,5.206652
1039,20,to,1.105699
1039,21,the,2.496373
1039,22,man,8.175348
1039,23,.,2.001775
1039,24,<eos>,-0.0
1040,0,We,0.0
1040,1,all,8.258053
1040,2,know,3.618088
1040,3,that,2.504345
1040,4,the,2.179744
1040,5,investor,16.460121
1040,6,repaid,16.555374
1040,7,to,9.552047
1040,8,the,1.820052
1040,9,criminal,14.811742
1040,10,<unk>,6.574604
1040,11,.,4.623444
1040,12,<eos>,-0.0
1041,0,We,0.0
1041,1,all,8.258053
1041,2,know,3.618088
1041,3,that,2.504345
1041,4,the,2.179744
1041,5,investor,16.460121
1041,6,repaid,16.555374
1041,7,his,5.316438
1041,8,debt,2.229292
1041,9,to,3.213574
1041,10,the,1.39891
1041,11,criminal,14.188131
1041,12,<unk>,6.641294
1041,13,.,2.647279
1041,14,<eos>,-0.0
1042,0,We,0.0
1042,1,all,8.258053
1042,2,know,3.618088
1042,3,what,3.66996
1042,4,the,3.474849
1042,5,investor,16.081802
1042,6,repaid,17.181156
1042,7,to,4.96182
1042,8,the,2.012606
1042,9,criminal,13.659349
1042,10,<unk>,7.089762
1042,11,.,2.14553
1042,12,<eos>,-0.0
1043,0,We,0.0
1043,1,all,8.258053
1043,2,know,3.618088
1043,3,what,3.66996
1043,4,the,3.474849
1043,5,investor,16.081802
1043,6,repaid,17.181156
1043,7,his,8.702798
1043,8,debt,3.625303
1043,9,to,2.664756
1043,10,the,1.793993
1043,11,criminal,13.767263
1043,12,<unk>,6.918236
1043,13,.,1.950152
1043,14,<eos>,-0.0
1044,0,We,0.0
1044,1,all,8.258053
1044,2,know,3.618088
1044,3,that,2.504345
1044,4,the,2.179744
1044,5,accountant,18.222696
1044,6,said,9.545295
1044,7,the,3.256596
1044,8,investor,12.618777
1044,9,repaid,13.911726
1044,10,to,9.473794
1044,11,the,1.953929
1044,12,criminal,14.388866
1044,13,<unk>,6.442294
1044,14,.,3.693079
1044,15,<eos>,-0.0
1045,0,We,0.0
1045,1,all,8.258053
1045,2,know,3.618088
1045,3,that,2.504345
1045,4,the,2.179744
1045,5,accountant,18.222696
1045,6,said,9.545295
1045,7,the,3.256596
1045,8,investor,12.618777
1045,9,repaid,13.911726
1045,10,his,5.121776
1045,11,debt,2.504133
1045,12,to,3.094575
1045,13,the,1.456249
1045,14,criminal,14.241959
1045,15,<unk>,6.696823
1045,16,.,2.63214
1045,17,<eos>,-0.0
1046,0,We,0.0
1046,1,all,8.258053
1046,2,know,3.618088
1046,3,what,3.66996
1046,4,the,3.474849
1046,5,accountant,17.100672
1046,6,said,6.906759
1046,7,the,5.891343
1046,8,investor,13.217335
1046,9,repaid,14.099634
1046,10,to,5.438125
1046,11,the,1.70845
1046,12,criminal,13.596396
1046,13,<unk>,7.031841
1046,14,.,2.027836
1046,15,<eos>,-0.0
1047,0,We,0.0
1047,1,all,8.258053
1047,2,know,3.618088
1047,3,what,3.66996
1047,4,the,3.474849
1047,5,accountant,17.100672
1047,6,said,6.906759
1047,7,the,5.891343
1047,8,investor,13.217335
1047,9,repaid,14.099634
1047,10,his,7.789336
1047,11,debt,2.35459
1047,12,to,3.128377
1047,13,the,1.625237
1047,14,criminal,13.879267
1047,15,<unk>,6.81869
1047,16,.,1.87059
1047,17,<eos>,-0.0
1048,0,We,0.0
1048,1,all,8.258053
1048,2,know,3.618088
1048,3,that,2.504345
1048,4,the,2.179744
1048,5,accountant,18.222696
1048,6,said,9.545295
1048,7,his,7.736331
1048,8,colleague,10.9513
1048,9,recalled,13.21244
1048,10,the,3.100209
1048,11,investor,15.939426
1048,12,repaid,16.639326
1048,13,to,6.91404
1048,14,the,1.664844
1048,15,criminal,14.422248
1048,16,<unk>,6.540204
1048,17,.,3.045136
1048,18,<eos>,-0.0
1049,0,We,0.0
1049,1,all,8.258053
1049,2,know,3.618088
1049,3,that,2.504345
1049,4,the,2.179744
1049,5,accountant,18.222696
1049,6,said,9.545295
1049,7,his,7.736331
1049,8,colleague,10.9513
1049,9,recalled,13.21244
1049,10,the,3.100209
1049,11,investor,15.939426
1049,12,repaid,16.639326
1049,13,his,4.371148
1049,14,debt,2.112672
1049,15,to,2.566683
1049,16,the,1.589023
1049,17,criminal,14.467928
1049,18,<unk>,6.679773
1049,19,.,2.273259
1049,20,<eos>,-0.0
1050,0,We,0.0
1050,1,all,8.258053
1050,2,know,3.618088
1050,3,what,3.66996
1050,4,the,3.474849
1050,5,accountant,17.100672
1050,6,said,6.906759
1050,7,his,11.179358
1050,8,colleague,11.059347
1050,9,recalled,13.738649
1050,10,the,6.370621
1050,11,investor,17.522575
1050,12,repaid,17.077345
1050,13,to,5.103929
1050,14,the,1.782115
1050,15,criminal,13.582876
1050,16,<unk>,6.851248
1050,17,.,2.167452
1050,18,<eos>,-0.0
1051,0,We,0.0
1051,1,all,8.258053
1051,2,know,3.618088
1051,3,what,3.66996
1051,4,the,3.474849
1051,5,accountant,17.100672
1051,6,said,6.906759
1051,7,his,11.179358
1051,8,colleague,11.059347
1051,9,recalled,13.738649
1051,10,the,6.370621
1051,11,investor,17.522575
1051,12,repaid,17.077345
1051,13,his,7.612808
1051,14,debt,1.689341
1051,15,to,2.671846
1051,16,the,1.768615
1051,17,criminal,14.195727
1051,18,<unk>,6.490365
1051,19,.,1.983927
1051,20,<eos>,-0.0
1052,0,We,0.0
1052,1,all,8.258053
1052,2,know,3.618088
1052,3,that,2.504345
1052,4,the,2.179744
1052,5,accountant,18.222696
1052,6,said,9.545295
1052,7,his,7.736331
1052,8,colleague,10.9513
1052,9,recalled,13.21244
1052,10,the,3.100209
1052,11,partners,17.188065
1052,12,knew,12.303756
1052,13,the,3.822991
1052,14,investor,14.415393
1052,15,repaid,15.496498
1052,16,to,8.553002
1052,17,the,2.041117
1052,18,criminal,13.989673
1052,19,<unk>,6.688562
1052,20,.,2.705244
1052,21,<eos>,-0.0
1053,0,We,0.0
1053,1,all,8.258053
1053,2,know,3.618088
1053,3,that,2.504345
1053,4,the,2.179744
1053,5,accountant,18.222696
1053,6,said,9.545295
1053,7,his,7.736331
1053,8,colleague,10.9513
1053,9,recalled,13.21244
1053,10,the,3.100209
1053,11,partners,17.188065
1053,12,knew,12.303756
1053,13,the,3.822991
1053,14,investor,14.415393
1053,15,repaid,15.496498
1053,16,his,4.069838
1053,17,debt,2.074218
1053,18,to,3.358101
1053,19,the,1.589478
1053,20,criminal,14.53569
1053,21,<unk>,6.7848
1053,22,.,2.133558
1053,23,<eos>,-0.0
1054,0,We,0.0
1054,1,all,8.258053
1054,2,know,3.618088
1054,3,what,3.66996
1054,4,the,3.474849
1054,5,accountant,17.100672
1054,6,said,6.906759
1054,7,his,11.179358
1054,8,colleague,11.059347
1054,9,recalled,13.738649
1054,10,the,6.370621
1054,11,partners,17.690464
1054,12,knew,10.606058
1054,13,the,6.875913
1054,14,investor,16.104883
1054,15,repaid,16.020819
1054,16,to,5.884123
1054,17,the,1.736173
1054,18,criminal,13.21243
1054,19,<unk>,6.970965
1054,20,.,1.945793
1054,21,<eos>,-0.0
1055,0,We,0.0
1055,1,all,8.258053
1055,2,know,3.618088
1055,3,what,3.66996
1055,4,the,3.474849
1055,5,accountant,17.100672
1055,6,said,6.906759
1055,7,his,11.179358
1055,8,colleague,11.059347
1055,9,recalled,13.738649
1055,10,the,6.370621
1055,11,partners,17.690464
1055,12,knew,10.606058
1055,13,the,6.875913
1055,14,investor,16.104883
1055,15,repaid,16.020819
1055,16,his,8.433679
1055,17,debt,1.894087
1055,18,to,3.459112
1055,19,the,1.758771
1055,20,criminal,14.137327
1055,21,<unk>,6.637233
1055,22,.,1.876182
1055,23,<eos>,-0.0
1056,0,We,0.0
1056,1,all,8.258053
1056,2,know,3.618088
1056,3,that,2.504345
1056,4,the,2.179744
1056,5,accountant,18.222696
1056,6,said,9.545295
1056,7,his,7.736331
1056,8,colleague,10.9513
1056,9,recalled,13.21244
1056,10,the,3.100209
1056,11,partners,17.188065
1056,12,knew,12.303756
1056,13,the,3.822991
1056,14,investor,14.415393
1056,15,repaid,15.496498
1056,16,to,8.553002
1056,17,the,2.041117
1056,18,criminal,13.989673
1056,19,<unk>,6.688562
1056,20,.,2.705244
1056,21,<eos>,-0.0
1057,0,We,0.0
1057,1,all,8.258053
1057,2,know,3.618088
1057,3,that,2.504345
1057,4,the,2.179744
1057,5,accountant,18.222696
1057,6,said,9.545295
1057,7,his,7.736331
1057,8,colleague,10.9513
1057,9,recalled,13.21244
1057,10,the,3.100209
1057,11,partners,17.188065
1057,12,knew,12.303756
1057,13,the,3.822991
1057,14,investor,14.415393
1057,15,repaid,15.496498
1057,16,his,4.069838
1057,17,debt,2.074218
1057,18,to,3.358101
1057,19,the,1.589478
1057,20,criminal,14.53569
1057,21,<unk>,6.7848
1057,22,.,2.133558
1057,23,<eos>,-0.0
1058,0,We,0.0
1058,1,all,8.258053
1058,2,know,3.618088
1058,3,what,3.66996
1058,4,the,3.474849
1058,5,accountant,17.100672
1058,6,said,6.906759
1058,7,his,11.179358
1058,8,colleague,11.059347
1058,9,recalled,13.738649
1058,10,the,6.370621
1058,11,partners,17.690464
1058,12,knew,10.606058
1058,13,the,6.875913
1058,14,investor,16.104883
1058,15,repaid,16.020819
1058,16,to,5.884123
1058,17,the,1.736173
1058,18,criminal,13.21243
1058,19,<unk>,6.970965
1058,20,.,1.945793
1058,21,<eos>,-0.0
1059,0,We,0.0
1059,1,all,8.258053
1059,2,know,3.618088
1059,3,what,3.66996
1059,4,the,3.474849
1059,5,accountant,17.100672
1059,6,said,6.906759
1059,7,his,11.179358
1059,8,colleague,11.059347
1059,9,recalled,13.738649
1059,10,the,6.370621
1059,11,partners,17.690464
1059,12,knew,10.606058
1059,13,the,6.875913
1059,14,investor,16.104883
1059,15,repaid,16.020819
1059,16,his,8.433679
1059,17,debt,1.894087
1059,18,to,3.459112
1059,19,the,1.758771
1059,20,criminal,14.137327
1059,21,<unk>,6.637233
1059,22,.,1.876182
1059,23,<eos>,-0.0
1060,0,I,0.0
1060,1,know,6.278276
1060,2,that,2.352433
1060,3,the,2.35511
1060,4,business,10.382227
1060,5,man,9.816299
1060,6,promised,13.201665
1060,7,to,1.274663
1060,8,the,7.296481
1060,9,factory,10.68304
1060,10,workers,5.969825
1060,11,.,2.939136
1060,12,<eos>,-0.0
1061,0,I,0.0
1061,1,know,6.278276
1061,2,that,2.352433
1061,3,the,2.35511
1061,4,business,10.382227
1061,5,man,9.816299
1061,6,promised,13.201665
1061,7,a,4.914935
1061,8,raise,11.529134
1061,9,to,3.208071
1061,10,the,2.841382
1061,11,factory,10.489374
1061,12,workers,6.974776
1061,13,.,1.839771
1061,14,<eos>,-0.0
1062,0,I,0.0
1062,1,know,6.278276
1062,2,what,4.561374
1062,3,the,3.557633
1062,4,business,10.320045
1062,5,man,10.598442
1062,6,promised,13.249873
1062,7,to,1.382906
1062,8,the,5.162402
1062,9,factory,10.864
1062,10,workers,4.903402
1062,11,.,1.512115
1062,12,<eos>,-0.0
1063,0,I,0.0
1063,1,know,6.278276
1063,2,what,4.561374
1063,3,the,3.557633
1063,4,business,10.320045
1063,5,man,10.598442
1063,6,promised,13.249873
1063,7,a,7.080599
1063,8,raise,12.384044
1063,9,to,3.520679
1063,10,the,3.6608
1063,11,factory,10.14554
1063,12,workers,7.085244
1063,13,.,1.629347
1063,14,<eos>,-0.0
1064,0,I,0.0
1064,1,know,6.278276
1064,2,that,2.352433
1064,3,the,2.35511
1064,4,secretary,15.6415
1064,5,said,8.976254
1064,6,the,3.099807
1064,7,business,10.738096
1064,8,man,10.307231
1064,9,promised,11.784551
1064,10,to,1.549414
1064,11,the,7.350642
1064,12,factory,10.776614
1064,13,workers,5.542634
1064,14,.,2.605104
1064,15,<eos>,-0.0
1065,0,I,0.0
1065,1,know,6.278276
1065,2,that,2.352433
1065,3,the,2.35511
1065,4,secretary,15.6415
1065,5,said,8.976254
1065,6,the,3.099807
1065,7,business,10.738096
1065,8,man,10.307231
1065,9,promised,11.784551
1065,10,a,4.670803
1065,11,raise,11.320926
1065,12,to,3.07909
1065,13,the,2.610783
1065,14,factory,10.398522
1065,15,workers,6.385541
1065,16,.,1.710228
1065,17,<eos>,-0.0
1066,0,I,0.0
1066,1,know,6.278276
1066,2,what,4.561374
1066,3,the,3.557633
1066,4,secretary,15.930992
1066,5,said,5.676998
1066,6,the,5.656886
1066,7,business,10.739247
1066,8,man,9.735373
1066,9,promised,11.936026
1066,10,to,1.817321
1066,11,the,6.277165
1066,12,factory,10.556897
1066,13,workers,4.905972
1066,14,.,1.334748
1066,15,<eos>,-0.0
1067,0,I,0.0
1067,1,know,6.278276
1067,2,what,4.561374
1067,3,the,3.557633
1067,4,secretary,15.930992
1067,5,said,5.676998
1067,6,the,5.656886
1067,7,business,10.739247
1067,8,man,9.735373
1067,9,promised,11.936026
1067,10,a,6.881399
1067,11,raise,12.458643
1067,12,to,3.503304
1067,13,the,3.532301
1067,14,factory,9.949701
1067,15,workers,6.701941
1067,16,.,1.428243
1067,17,<eos>,-0.0
1068,0,I,0.0
1068,1,know,6.278276
1068,2,that,2.352433
1068,3,the,2.35511
1068,4,secretary,15.6415
1068,5,said,8.976254
1068,6,the,3.099807
1068,7,journalist,12.411575
1068,8,remarked,12.28931
1068,9,the,5.833444
1068,10,business,12.59912
1068,11,man,11.273577
1068,12,promised,11.011433
1068,13,to,1.80774
1068,14,the,7.050123
1068,15,factory,11.802498
1068,16,workers,5.895836
1068,17,.,2.384806
1068,18,<eos>,-0.0
1069,0,I,0.0
1069,1,know,6.278276
1069,2,that,2.352433
1069,3,the,2.35511
1069,4,secretary,15.6415
1069,5,said,8.976254
1069,6,the,3.099807
1069,7,journalist,12.411575
1069,8,remarked,12.28931
1069,9,the,5.833444
1069,10,business,12.59912
1069,11,man,11.273577
1069,12,promised,11.011433
1069,13,a,4.765689
1069,14,raise,11.822108
1069,15,to,3.178691
1069,16,the,2.699549
1069,17,factory,11.215645
1069,18,workers,6.852589
1069,19,.,1.734168
1069,20,<eos>,-0.0
1070,0,I,0.0
1070,1,know,6.278276
1070,2,what,4.561374
1070,3,the,3.557633
1070,4,secretary,15.930992
1070,5,said,5.676998
1070,6,the,5.656886
1070,7,journalist,12.463898
1070,8,remarked,12.008183
1070,9,the,8.196998
1070,10,business,12.422527
1070,11,man,10.582111
1070,12,promised,11.444863
1070,13,to,1.992716
1070,14,the,5.706978
1070,15,factory,11.464709
1070,16,workers,5.087435
1070,17,.,1.165035
1070,18,<eos>,-0.0
1071,0,I,0.0
1071,1,know,6.278276
1071,2,what,4.561374
1071,3,the,3.557633
1071,4,secretary,15.930992
1071,5,said,5.676998
1071,6,the,5.656886
1071,7,journalist,12.463898
1071,8,remarked,12.008183
1071,9,the,8.196998
1071,10,business,12.422527
1071,11,man,10.582111
1071,12,promised,11.444863
1071,13,a,7.380427
1071,14,raise,12.961874
1071,15,to,3.353752
1071,16,the,3.224578
1071,17,factory,10.595877
1071,18,workers,6.745791
1071,19,.,1.403011
1071,20,<eos>,-0.0
1072,0,I,0.0
1072,1,know,6.278276
1072,2,that,2.352433
1072,3,the,2.35511
1072,4,secretary,15.6415
1072,5,said,8.976254
1072,6,the,3.099807
1072,7,journalist,12.411575
1072,8,remarked,12.28931
1072,9,the,5.833444
1072,10,workers,13.822111
1072,11,said,9.391643
1072,12,the,4.153834
1072,13,business,10.134969
1072,14,man,11.39136
1072,15,promised,11.518775
1072,16,to,1.629141
1072,17,the,7.603976
1072,18,factory,9.517452
1072,19,workers,4.397636
1072,20,.,2.374243
1072,21,<eos>,-0.0
1073,0,I,0.0
1073,1,know,6.278276
1073,2,that,2.352433
1073,3,the,2.35511
1073,4,secretary,15.6415
1073,5,said,8.976254
1073,6,the,3.099807
1073,7,journalist,12.411575
1073,8,remarked,12.28931
1073,9,the,5.833444
1073,10,workers,13.822111
1073,11,said,9.391643
1073,12,the,4.153834
1073,13,business,10.134969
1073,14,man,11.39136
1073,15,promised,11.518775
1073,16,a,4.691295
1073,17,raise,10.944516
1073,18,to,3.013334
1073,19,the,2.694302
1073,20,factory,9.122187
1073,21,workers,5.252418
1073,22,.,1.538043
1073,23,<eos>,-0.0
1074,0,I,0.0
1074,1,know,6.278276
1074,2,what,4.561374
1074,3,the,3.557633
1074,4,secretary,15.930992
1074,5,said,5.676998
1074,6,the,5.656886
1074,7,journalist,12.463898
1074,8,remarked,12.008183
1074,9,the,8.196998
1074,10,workers,12.382458
1074,11,said,8.474851
1074,12,the,6.463237
1074,13,business,10.263502
1074,14,man,11.03957
1074,15,promised,11.321999
1074,16,to,2.06485
1074,17,the,6.499995
1074,18,factory,9.702277
1074,19,workers,4.065457
1074,20,.,1.08476
1074,21,<eos>,-0.0
1075,0,I,0.0
1075,1,know,6.278276
1075,2,what,4.561374
1075,3,the,3.557633
1075,4,secretary,15.930992
1075,5,said,5.676998
1075,6,the,5.656886
1075,7,journalist,12.463898
1075,8,remarked,12.008183
1075,9,the,8.196998
1075,10,workers,12.382458
1075,11,said,8.474851
1075,12,the,6.463237
1075,13,business,10.263502
1075,14,man,11.03957
1075,15,promised,11.321999
1075,16,a,6.89985
1075,17,raise,12.050048
1075,18,to,3.530221
1075,19,the,3.253875
1075,20,factory,9.032764
1075,21,workers,5.77112
1075,22,.,1.205452
1075,23,<eos>,-0.0
1076,0,I,0.0
1076,1,know,6.278276
1076,2,that,2.352433
1076,3,the,2.35511
1076,4,secretary,15.6415
1076,5,said,8.976254
1076,6,the,3.099807
1076,7,journalist,12.411575
1076,8,remarked,12.28931
1076,9,the,5.833444
1076,10,workers,13.822111
1076,11,said,9.391643
1076,12,the,4.153834
1076,13,business,10.134969
1076,14,man,11.39136
1076,15,promised,11.518775
1076,16,to,1.629141
1076,17,the,7.603976
1076,18,factory,9.517452
1076,19,workers,4.397636
1076,20,.,2.374243
1076,21,<eos>,-0.0
1077,0,I,0.0
1077,1,know,6.278276
1077,2,that,2.352433
1077,3,the,2.35511
1077,4,secretary,15.6415
1077,5,said,8.976254
1077,6,the,3.099807
1077,7,journalist,12.411575
1077,8,remarked,12.28931
1077,9,the,5.833444
1077,10,workers,13.822111
1077,11,said,9.391643
1077,12,the,4.153834
1077,13,business,10.134969
1077,14,man,11.39136
1077,15,promised,11.518775
1077,16,a,4.691295
1077,17,raise,10.944516
1077,18,to,3.013334
1077,19,the,2.694302
1077,20,factory,9.122187
1077,21,workers,5.252418
1077,22,.,1.538043
1077,23,<eos>,-0.0
1078,0,I,0.0
1078,1,know,6.278276
1078,2,what,4.561374
1078,3,the,3.557633
1078,4,secretary,15.930992
1078,5,said,5.676998
1078,6,the,5.656886
1078,7,journalist,12.463898
1078,8,remarked,12.008183
1078,9,the,8.196998
1078,10,workers,12.382458
1078,11,said,8.474851
1078,12,the,6.463237
1078,13,business,10.263502
1078,14,man,11.03957
1078,15,promised,11.321999
1078,16,to,2.06485
1078,17,the,6.499995
1078,18,factory,9.702277
1078,19,workers,4.065457
1078,20,.,1.08476
1078,21,<eos>,-0.0
1079,0,I,0.0
1079,1,know,6.278276
1079,2,what,4.561374
1079,3,the,3.557633
1079,4,secretary,15.930992
1079,5,said,5.676998
1079,6,the,5.656886
1079,7,journalist,12.463898
1079,8,remarked,12.008183
1079,9,the,8.196998
1079,10,workers,12.382458
1079,11,said,8.474851
1079,12,the,6.463237
1079,13,business,10.263502
1079,14,man,11.03957
1079,15,promised,11.321999
1079,16,a,6.89985
1079,17,raise,12.050048
1079,18,to,3.530221
1079,19,the,3.253875
1079,20,factory,9.032764
1079,21,workers,5.77112
1079,22,.,1.205452
1079,23,<eos>,-0.0
