sentence_id	token_id	token	surprisal
1	1	They	0.0
1	2	reported	10.412453
1	3	that	1.780984
1	4	could	14.058225
1	5	have	3.326235
1	6	promoted	14.368273
1	7	the	1.462504
1	8	accountant	19.658405
1	9	last	15.678619
1	10	quarter	9.408402
1	11	.	2.424914
1	12	<eos>	-0.0
2	1	They	0.0
2	2	reported	10.412453
2	3	that	1.780984
2	4	the	1.89322
2	5	boss	15.239762
2	6	could	4.987105
2	7	have	3.82969
2	8	promoted	13.011321
2	9	the	1.503596
2	10	accountant	19.401102
2	11	last	15.588111
2	12	quarter	9.117103
2	13	.	2.081423
2	14	<eos>	-0.0
3	1	They	0.0
3	2	reported	10.412453
3	3	who	11.821813
3	4	could	6.14351
3	5	have	3.424369
3	6	promoted	12.921373
3	7	the	1.446931
3	8	accountant	19.539301
3	9	last	15.650681
3	10	quarter	8.715836
3	11	.	2.028728
3	12	<eos>	-0.0
4	1	They	0.0
4	2	reported	10.412453
4	3	who	11.821813
4	4	the	7.229744
4	5	boss	14.907178
4	6	could	5.074233
4	7	have	3.638331
4	8	promoted	11.887764
4	9	the	5.784883
4	10	accountant	18.117706
4	11	last	15.359127
4	12	quarter	9.825212
4	13	.	1.650641
4	14	<eos>	-0.0
5	1	They	0.0
5	2	reported	10.412453
5	3	that	1.780984
5	4	the	1.89322
5	5	man	9.066194
5	6	said	8.81948
5	7	could	9.33667
5	8	have	2.535733
5	9	promoted	13.556826
5	10	the	1.778742
5	11	accountant	18.957132
5	12	last	15.698484
5	13	quarter	9.762378
5	14	.	2.080148
5	15	<eos>	-0.0
6	1	They	0.0
6	2	reported	10.412453
6	3	that	1.780984
6	4	the	1.89322
6	5	man	9.066194
6	6	said	8.81948
6	7	the	4.605371
6	8	boss	14.21947
6	9	could	5.48197
6	10	have	3.060905
6	11	promoted	13.61716
6	12	the	1.64784
6	13	accountant	18.415121
6	14	last	15.464504
6	15	quarter	9.259489
6	16	.	1.738094
6	17	<eos>	-0.0
7	1	They	0.0
7	2	reported	10.412453
7	3	who	11.821813
7	4	the	7.229744
7	5	man	8.530405
7	6	said	7.054339
7	7	could	7.581649
7	8	have	2.70314
7	9	promoted	13.579658
7	10	the	1.757004
7	11	accountant	19.206671
7	12	last	15.722594
7	13	quarter	9.378961
7	14	.	1.821849
7	15	<eos>	-0.0
8	1	They	0.0
8	2	reported	10.412453
8	3	who	11.821813
8	4	the	7.229744
8	5	man	8.530405
8	6	said	7.054339
8	7	the	6.105996
8	8	boss	14.155415
8	9	could	5.669885
8	10	have	3.132709
8	11	promoted	13.4602
8	12	the	2.771923
8	13	accountant	18.46979
8	14	last	15.2795
8	15	quarter	9.173591
8	16	.	1.6004
8	17	<eos>	-0.0
9	1	They	0.0
9	2	reported	10.412453
9	3	that	1.780984
9	4	the	1.89322
9	5	man	9.066194
9	6	said	8.81948
9	7	the	4.605371
9	8	old	9.739626
9	9	woman	5.196508
9	10	told	7.141207
9	11	him	1.646867
9	12	could	13.262743
9	13	have	3.76772
9	14	promoted	14.149467
9	15	the	1.973507
9	16	accountant	18.560835
9	17	last	15.898722
9	18	quarter	9.930102
9	19	.	1.530038
9	20	<eos>	-0.0
10	1	They	0.0
10	2	reported	10.412453
10	3	that	1.780984
10	4	the	1.89322
10	5	man	9.066194
10	6	said	8.81948
10	7	the	4.605371
10	8	old	9.739626
10	9	woman	5.196508
10	10	told	7.141207
10	11	him	1.646867
10	12	the	5.062836
10	13	boss	15.509688
10	14	could	4.424331
10	15	have	3.168495
10	16	promoted	14.220979
10	17	the	1.922299
10	18	accountant	18.20459
10	19	last	15.666544
10	20	quarter	9.723347
10	21	.	1.400097
10	22	<eos>	-0.0
11	1	They	0.0
11	2	reported	10.412453
11	3	who	11.821813
11	4	the	7.229744
11	5	man	8.530405
11	6	said	7.054339
11	7	the	6.105996
11	8	old	9.806818
11	9	woman	5.144083
11	10	told	6.641197
11	11	him	1.82627
11	12	could	10.261149
11	13	have	3.300533
11	14	promoted	14.513792
11	15	the	2.45416
11	16	accountant	18.827194
11	17	last	15.510133
11	18	quarter	9.951709
11	19	.	1.497822
11	20	<eos>	-0.0
12	1	They	0.0
12	2	reported	10.412453
12	3	who	11.821813
12	4	the	7.229744
12	5	man	8.530405
12	6	said	7.054339
12	7	the	6.105996
12	8	old	9.806818
12	9	woman	5.144083
12	10	told	6.641197
12	11	him	1.82627
12	12	the	5.879863
12	13	boss	15.218735
12	14	could	4.913995
12	15	have	2.998002
12	16	promoted	13.867547
12	17	the	5.681216
12	18	accountant	18.242479
12	19	last	15.089994
12	20	quarter	10.26278
12	21	.	1.277955
12	22	<eos>	-0.0
13	1	They	0.0
13	2	reported	10.412453
13	3	that	1.780984
13	4	the	1.89322
13	5	man	9.066194
13	6	said	8.81948
13	7	the	4.605371
13	8	old	9.739626
13	9	woman	5.196508
13	10	told	7.141207
13	11	him	1.646867
13	12	she	4.404286
13	13	knew	6.841038
13	14	could	14.137612
13	15	have	3.491901
13	16	promoted	15.167992
13	17	the	2.156481
13	18	accountant	18.78537
13	19	last	15.731109
13	20	quarter	9.999441
13	21	.	1.31464
13	22	<eos>	-0.0
14	1	They	0.0
14	2	reported	10.412453
14	3	that	1.780984
14	4	the	1.89322
14	5	man	9.066194
14	6	said	8.81948
14	7	the	4.605371
14	8	old	9.739626
14	9	woman	5.196508
14	10	told	7.141207
14	11	him	1.646867
14	12	she	4.404286
14	13	knew	6.841038
14	14	the	3.435165
14	15	boss	15.242814
14	16	could	5.083458
14	17	have	3.015525
14	18	promoted	14.340541
14	19	the	2.089418
14	20	accountant	18.73588
14	21	last	15.974133
14	22	quarter	9.904968
14	23	.	1.271164
14	24	<eos>	-0.0
15	1	They	0.0
15	2	reported	10.412453
15	3	who	11.821813
15	4	the	7.229744
15	5	man	8.530405
15	6	said	7.054339
15	7	the	6.105996
15	8	old	9.806818
15	9	woman	5.144083
15	10	told	6.641197
15	11	him	1.82627
15	12	she	5.853952
15	13	knew	5.512263
15	14	could	10.237205
15	15	have	3.19458
15	16	promoted	14.955791
15	17	the	2.338814
15	18	accountant	18.796837
15	19	last	15.476512
15	20	quarter	9.919023
15	21	.	1.30757
15	22	<eos>	-0.0
16	1	They	0.0
16	2	reported	10.412453
16	3	who	11.821813
16	4	the	7.229744
16	5	man	8.530405
16	6	said	7.054339
16	7	the	6.105996
16	8	old	9.806818
16	9	woman	5.144083
16	10	told	6.641197
16	11	him	1.82627
16	12	she	5.853952
16	13	knew	5.512263
16	14	the	4.061439
16	15	boss	15.224038
16	16	could	5.304705
16	17	have	3.041534
16	18	promoted	14.377026
16	19	the	2.145902
16	20	accountant	18.88802
16	21	last	15.793547
16	22	quarter	9.754211
16	23	.	1.24061
16	24	<eos>	-0.0
17	1	They	0.0
17	2	reported	10.412453
17	3	that	1.780984
17	4	the	1.89322
17	5	man	9.066194
17	6	said	8.81948
17	7	the	4.605371
17	8	old	9.739626
17	9	woman	5.196508
17	10	told	7.141207
17	11	him	1.646867
17	12	she	4.404286
17	13	knew	6.841038
17	14	could	14.137612
17	15	have	3.491901
17	16	promoted	15.167992
17	17	the	2.156481
17	18	accountant	18.78537
17	19	last	15.731109
17	20	quarter	9.999441
17	21	.	1.31464
17	22	<eos>	-0.0
18	1	They	0.0
18	2	reported	10.412453
18	3	that	1.780984
18	4	the	1.89322
18	5	man	9.066194
18	6	said	8.81948
18	7	the	4.605371
18	8	old	9.739626
18	9	woman	5.196508
18	10	told	7.141207
18	11	him	1.646867
18	12	she	4.404286
18	13	knew	6.841038
18	14	the	3.435165
18	15	boss	15.242814
18	16	could	5.083458
18	17	have	3.015525
18	18	promoted	14.340541
18	19	the	2.089418
18	20	accountant	18.73588
18	21	last	15.974133
18	22	quarter	9.904968
18	23	.	1.271164
18	24	<eos>	-0.0
19	1	They	0.0
19	2	reported	10.412453
19	3	who	11.821813
19	4	the	7.229744
19	5	man	8.530405
19	6	said	7.054339
19	7	the	6.105996
19	8	old	9.806818
19	9	woman	5.144083
19	10	told	6.641197
19	11	him	1.82627
19	12	she	5.853952
19	13	knew	5.512263
19	14	could	10.237205
19	15	have	3.19458
19	16	promoted	14.955791
19	17	the	2.338814
19	18	accountant	18.796837
19	19	last	15.476512
19	20	quarter	9.919023
19	21	.	1.30757
19	22	<eos>	-0.0
20	1	They	0.0
20	2	reported	10.412453
20	3	who	11.821813
20	4	the	7.229744
20	5	man	8.530405
20	6	said	7.054339
20	7	the	6.105996
20	8	old	9.806818
20	9	woman	5.144083
20	10	told	6.641197
20	11	him	1.82627
20	12	she	5.853952
20	13	knew	5.512263
20	14	the	4.061439
20	15	boss	15.224038
20	16	could	5.304705
20	17	have	3.041534
20	18	promoted	14.377026
20	19	the	2.145902
20	20	accountant	18.88802
20	21	last	15.793547
20	22	quarter	9.754211
20	23	.	1.24061
20	24	<eos>	-0.0
21	1	He	0.0
21	2	reported	10.835539
21	3	that	1.868976
21	4	could	13.908182
21	5	abandon	16.139982
21	6	his	2.321003
21	7	comrades	12.209953
21	8	on	6.77868
21	9	the	1.324886
21	10	sinking	15.224983
21	11	ship	4.553523
21	12	.	1.911109
21	13	<eos>	-0.0
22	1	He	0.0
22	2	reported	10.835539
22	3	that	1.868976
22	4	the	2.223669
22	5	pirate	15.08892
22	6	could	6.854769
22	7	abandon	11.866596
22	8	his	2.798067
22	9	comrades	13.182775
22	10	on	6.364529
22	11	the	1.236887
22	12	sinking	14.095814
22	13	ship	2.703905
22	14	.	1.710558
22	15	<eos>	-0.0
23	1	He	0.0
23	2	reported	10.835539
23	3	who	12.096594
23	4	could	6.780007
23	5	abandon	14.185664
23	6	his	2.103828
23	7	comrades	12.50115
23	8	on	5.96044
23	9	the	1.315872
23	10	sinking	14.952507
23	11	ship	4.080337
23	12	.	1.595978
23	13	<eos>	-0.0
24	1	He	0.0
24	2	reported	10.835539
24	3	who	12.096594
24	4	the	7.066419
24	5	pirate	13.317845
24	6	could	5.933352
24	7	abandon	12.94536
24	8	his	3.960913
24	9	comrades	12.984568
24	10	on	5.979943
24	11	the	1.339131
24	12	sinking	13.404162
24	13	ship	2.512507
24	14	.	1.17407
24	15	<eos>	-0.0
25	1	He	0.0
25	2	reported	10.835539
25	3	that	1.868976
25	4	the	2.223669
25	5	sailor	15.286226
25	6	believed	9.453822
25	7	could	8.761598
25	8	abandon	13.66307
25	9	his	3.321249
25	10	comrades	12.286578
25	11	on	6.014004
25	12	the	1.245225
25	13	sinking	12.878932
25	14	ship	2.990174
25	15	.	1.888754
25	16	<eos>	-0.0
26	1	He	0.0
26	2	reported	10.835539
26	3	that	1.868976
26	4	the	2.223669
26	5	sailor	15.286226
26	6	believed	9.453822
26	7	the	3.357855
26	8	pirate	11.714226
26	9	could	4.27419
26	10	abandon	11.118662
26	11	his	3.68736
26	12	comrades	13.085513
26	13	on	6.297359
26	14	the	1.218758
26	15	sinking	12.985609
26	16	ship	2.511458
26	17	.	1.586765
26	18	<eos>	-0.0
27	1	He	0.0
27	2	reported	10.835539
27	3	who	12.096594
27	4	the	7.066419
27	5	sailor	13.935616
27	6	believed	8.457826
27	7	could	6.463186
27	8	abandon	14.338705
27	9	his	3.253788
27	10	comrades	11.867956
27	11	on	6.164134
27	12	the	1.200222
27	13	sinking	12.742895
27	14	ship	2.734338
27	15	.	1.245577
27	16	<eos>	-0.0
28	1	He	0.0
28	2	reported	10.835539
28	3	who	12.096594
28	4	the	7.066419
28	5	sailor	13.935616
28	6	believed	8.457826
28	7	the	5.40043
28	8	pirate	10.809874
28	9	could	4.324979
28	10	abandon	12.143822
28	11	his	3.75833
28	12	comrades	12.871185
28	13	on	6.457949
28	14	the	1.200735
28	15	sinking	12.466928
28	16	ship	2.342875
28	17	.	1.032928
28	18	<eos>	-0.0
29	1	He	0.0
29	2	reported	10.835539
29	3	that	1.868976
29	4	the	2.223669
29	5	sailor	15.286226
29	6	believed	9.453822
29	7	the	3.357855
29	8	man	7.844926
29	9	believed	10.063668
29	10	could	8.060161
29	11	abandon	14.144615
29	12	his	3.038716
29	13	comrades	11.664845
29	14	on	6.399063
29	15	the	1.180005
29	16	sinking	13.223871
29	17	ship	3.291306
29	18	.	1.629332
29	19	<eos>	-0.0
30	1	He	0.0
30	2	reported	10.835539
30	3	that	1.868976
30	4	the	2.223669
30	5	sailor	15.286226
30	6	believed	9.453822
30	7	the	3.357855
30	8	man	7.844926
30	9	believed	10.063668
30	10	the	3.312987
30	11	pirate	11.709449
30	12	could	4.198409
30	13	abandon	11.707703
30	14	his	3.47184
30	15	comrades	12.712699
30	16	on	6.667312
30	17	the	1.156416
30	18	sinking	13.285878
30	19	ship	2.624698
30	20	.	1.327739
30	21	<eos>	-0.0
31	1	He	0.0
31	2	reported	10.835539
31	3	who	12.096594
31	4	the	7.066419
31	5	sailor	13.935616
31	6	believed	8.457826
31	7	the	5.40043
31	8	man	7.061163
31	9	believed	9.367531
31	10	could	7.183143
31	11	abandon	14.798963
31	12	his	3.053391
31	13	comrades	11.429162
31	14	on	6.56138
31	15	the	1.121087
31	16	sinking	12.91604
31	17	ship	3.181507
31	18	.	1.109232
31	19	<eos>	-0.0
32	1	He	0.0
32	2	reported	10.835539
32	3	who	12.096594
32	4	the	7.066419
32	5	sailor	13.935616
32	6	believed	8.457826
32	7	the	5.40043
32	8	man	7.061163
32	9	believed	9.367531
32	10	the	4.539925
32	11	pirate	11.361054
32	12	could	4.767039
32	13	abandon	11.73827
32	14	his	3.228852
32	15	comrades	12.41717
32	16	on	6.720051
32	17	the	1.095463
32	18	sinking	12.883245
32	19	ship	2.504694
32	20	.	0.988181
32	21	<eos>	-0.0
33	1	He	0.0
33	2	reported	10.835539
33	3	that	1.868976
33	4	the	2.223669
33	5	sailor	15.286226
33	6	believed	9.453822
33	7	the	3.357855
33	8	man	7.844926
33	9	believed	10.063668
33	10	he	3.97528
33	11	knew	8.518607
33	12	could	10.074279
33	13	abandon	12.895068
33	14	his	2.150021
33	15	comrades	11.481578
33	16	on	6.751506
33	17	the	1.197486
33	18	sinking	13.36098
33	19	ship	4.268777
33	20	.	1.421044
33	21	<eos>	-0.0
34	1	He	0.0
34	2	reported	10.835539
34	3	that	1.868976
34	4	the	2.223669
34	5	sailor	15.286226
34	6	believed	9.453822
34	7	the	3.357855
34	8	man	7.844926
34	9	believed	10.063668
34	10	he	3.97528
34	11	knew	8.518607
34	12	the	2.464609
34	13	pirate	12.574666
34	14	could	7.057534
34	15	abandon	12.659969
34	16	his	2.588815
34	17	comrades	12.34368
34	18	on	7.218419
34	19	the	1.117931
34	20	sinking	13.491805
34	21	ship	2.834797
34	22	.	1.155457
34	23	<eos>	-0.0
35	1	He	0.0
35	2	reported	10.835539
35	3	who	12.096594
35	4	the	7.066419
35	5	sailor	13.935616
35	6	believed	8.457826
35	7	the	5.40043
35	8	man	7.061163
35	9	believed	9.367531
35	10	he	4.828297
35	11	knew	7.765632
35	12	could	10.821119
35	13	abandon	13.191857
35	14	his	2.225425
35	15	comrades	11.348557
35	16	on	6.770871
35	17	the	1.133498
35	18	sinking	12.989394
35	19	ship	3.690503
35	20	.	1.044515
35	21	<eos>	-0.0
36	1	He	0.0
36	2	reported	10.835539
36	3	who	12.096594
36	4	the	7.066419
36	5	sailor	13.935616
36	6	believed	8.457826
36	7	the	5.40043
36	8	man	7.061163
36	9	believed	9.367531
36	10	he	4.828297
36	11	knew	7.765632
36	12	the	2.337365
36	13	pirate	12.480866
36	14	could	7.758612
36	15	abandon	12.841877
36	16	his	2.693594
36	17	comrades	12.238456
36	18	on	7.227
36	19	the	1.056141
36	20	sinking	13.115281
36	21	ship	2.644804
36	22	.	0.916589
36	23	<eos>	-0.0
37	1	He	0.0
37	2	reported	10.835539
37	3	that	1.868976
37	4	the	2.223669
37	5	sailor	15.286226
37	6	believed	9.453822
37	7	the	3.357855
37	8	man	7.844926
37	9	believed	10.063668
37	10	he	3.97528
37	11	knew	8.518607
37	12	could	10.074279
37	13	abandon	12.895068
37	14	his	2.150021
37	15	comrades	11.481578
37	16	on	6.751506
37	17	the	1.197486
37	18	sinking	13.36098
37	19	ship	4.268777
37	20	.	1.421044
37	21	<eos>	-0.0
38	1	He	0.0
38	2	reported	10.835539
38	3	that	1.868976
38	4	the	2.223669
38	5	sailor	15.286226
38	6	believed	9.453822
38	7	the	3.357855
38	8	man	7.844926
38	9	believed	10.063668
38	10	he	3.97528
38	11	knew	8.518607
38	12	the	2.464609
38	13	pirate	12.574666
38	14	could	7.057534
38	15	abandon	12.659969
38	16	his	2.588815
38	17	comrades	12.34368
38	18	on	7.218419
38	19	the	1.117931
38	20	sinking	13.491805
38	21	ship	2.834797
38	22	.	1.155457
38	23	<eos>	-0.0
39	1	He	0.0
39	2	reported	10.835539
39	3	who	12.096594
39	4	the	7.066419
39	5	sailor	13.935616
39	6	believed	8.457826
39	7	the	5.40043
39	8	man	7.061163
39	9	believed	9.367531
39	10	he	4.828297
39	11	knew	7.765632
39	12	could	10.821119
39	13	abandon	13.191857
39	14	his	2.225425
39	15	comrades	11.348557
39	16	on	6.770871
39	17	the	1.133498
39	18	sinking	12.989394
39	19	ship	3.690503
39	20	.	1.044515
39	21	<eos>	-0.0
40	1	He	0.0
40	2	reported	10.835539
40	3	who	12.096594
40	4	the	7.066419
40	5	sailor	13.935616
40	6	believed	8.457826
40	7	the	5.40043
40	8	man	7.061163
40	9	believed	9.367531
40	10	he	4.828297
40	11	knew	7.765632
40	12	the	2.337365
40	13	pirate	12.480866
40	14	could	7.758612
40	15	abandon	12.841877
40	16	his	2.693594
40	17	comrades	12.238456
40	18	on	7.227
40	19	the	1.056141
40	20	sinking	13.115281
40	21	ship	2.644804
40	22	.	0.916589
40	23	<eos>	-0.0
41	1	They	0.0
41	2	know	9.486106
41	3	that	2.169621
41	4	might	15.735727
41	5	have	2.212002
41	6	reassured	20.008692
41	7	his	5.411602
41	8	client	9.10357
41	9	last	18.854458
41	10	night	5.788288
41	11	.	1.805556
41	12	<eos>	-0.0
42	1	They	0.0
42	2	know	9.486106
42	3	that	2.169621
42	4	the	1.87231
42	5	lawyer	14.833208
42	6	might	7.796627
42	7	have	1.624819
42	8	reassured	16.798012
42	9	his	4.291928
42	10	client	6.059483
42	11	last	19.75235
42	12	night	6.768826
42	13	.	2.579762
42	14	<eos>	-0.0
43	1	They	0.0
43	2	know	9.486106
43	3	who	7.200986
43	4	might	8.894014
43	5	have	1.806214
43	6	reassured	18.157598
43	7	his	5.374664
43	8	client	9.163322
43	9	last	17.036602
43	10	night	5.465284
43	11	.	1.341262
43	12	<eos>	-0.0
44	1	They	0.0
44	2	know	9.486106
44	3	who	7.200986
44	4	the	4.435805
44	5	lawyer	12.878922
44	6	might	7.751737
44	7	have	1.709849
44	8	reassured	16.731447
44	9	his	5.587649
44	10	client	7.14864
44	11	last	16.668085
44	12	night	5.954619
44	13	.	1.275793
44	14	<eos>	-0.0
45	1	They	0.0
45	2	know	9.486106
45	3	that	2.169621
45	4	the	1.87231
45	5	man	8.676832
45	6	said	10.027242
45	7	might	12.353628
45	8	have	1.530963
45	9	reassured	16.994038
45	10	his	4.098263
45	11	client	9.140231
45	12	last	18.915571
45	13	night	4.961452
45	14	.	2.217671
45	15	<eos>	-0.0
46	1	They	0.0
46	2	know	9.486106
46	3	that	2.169621
46	4	the	1.87231
46	5	man	8.676832
46	6	said	10.027242
46	7	the	4.453599
46	8	lawyer	13.614428
46	9	might	7.99064
46	10	have	1.295075
46	11	reassured	16.65826
46	12	his	4.297414
46	13	client	6.657715
46	14	last	18.773317
46	15	night	6.156693
46	16	.	2.12722
46	17	<eos>	-0.0
47	1	They	0.0
47	2	know	9.486106
47	3	who	7.200986
47	4	the	4.435805
47	5	man	7.552355
47	6	said	9.196861
47	7	might	9.822111
47	8	have	2.189691
47	9	reassured	17.985693
47	10	his	4.89475
47	11	client	9.478668
47	12	last	18.104959
47	13	night	4.967307
47	14	.	1.273394
47	15	<eos>	-0.0
48	1	They	0.0
48	2	know	9.486106
48	3	who	7.200986
48	4	the	4.435805
48	5	man	7.552355
48	6	said	9.196861
48	7	the	5.664548
48	8	lawyer	13.118917
48	9	might	8.088782
48	10	have	1.151272
48	11	reassured	16.983316
48	12	his	5.549533
48	13	client	7.479553
48	14	last	16.759413
48	15	night	5.953398
48	16	.	1.15267
48	17	<eos>	-0.0
49	1	They	0.0
49	2	know	9.486106
49	3	that	2.169621
49	4	the	1.87231
49	5	man	8.676832
49	6	said	10.027242
49	7	the	4.453599
49	8	neighbors	15.77784
49	9	thought	8.418538
49	10	might	12.691453
49	11	have	1.598702
49	12	reassured	17.864077
49	13	his	5.203923
49	14	client	10.175665
49	15	last	18.364779
49	16	night	4.216516
49	17	.	1.777081
49	18	<eos>	-0.0
50	1	They	0.0
50	2	know	9.486106
50	3	that	2.169621
50	4	the	1.87231
50	5	man	8.676832
50	6	said	10.027242
50	7	the	4.453599
50	8	neighbors	15.77784
50	9	thought	8.418538
50	10	the	3.326699
50	11	lawyer	13.634204
50	12	might	7.883083
50	13	have	1.205585
50	14	reassured	16.891006
50	15	his	5.010289
50	16	client	7.362012
50	17	last	18.717871
50	18	night	5.689773
50	19	.	1.737076
50	20	<eos>	-0.0
51	1	They	0.0
51	2	know	9.486106
51	3	who	7.200986
51	4	the	4.435805
51	5	man	7.552355
51	6	said	9.196861
51	7	the	5.664548
51	8	neighbors	14.513181
51	9	thought	9.174959
51	10	might	8.279703
51	11	have	2.042363
51	12	reassured	18.740709
51	13	his	5.545724
51	14	client	10.306608
51	15	last	17.798595
51	16	night	4.796951
51	17	.	1.054378
51	18	<eos>	-0.0
52	1	They	0.0
52	2	know	9.486106
52	3	who	7.200986
52	4	the	4.435805
52	5	man	7.552355
52	6	said	9.196861
52	7	the	5.664548
52	8	neighbors	14.513181
52	9	thought	9.174959
52	10	the	5.780319
52	11	lawyer	13.978185
52	12	might	7.111562
52	13	have	1.02878
52	14	reassured	16.876556
52	15	his	6.219501
52	16	client	7.81179
52	17	last	16.31341
52	18	night	5.655707
52	19	.	0.995009
52	20	<eos>	-0.0
53	1	They	0.0
53	2	know	9.486106
53	3	that	2.169621
53	4	the	1.87231
53	5	man	8.676832
53	6	said	10.027242
53	7	the	4.453599
53	8	neighbors	15.77784
53	9	thought	8.418538
53	10	they	3.037787
53	11	knew	6.801795
53	12	might	15.645976
53	13	have	1.620474
53	14	reassured	18.752697
53	15	his	5.391345
53	16	client	10.045232
53	17	last	18.037046
53	18	night	4.715598
53	19	.	1.386984
53	20	<eos>	-0.0
54	1	They	0.0
54	2	know	9.486106
54	3	that	2.169621
54	4	the	1.87231
54	5	man	8.676832
54	6	said	10.027242
54	7	the	4.453599
54	8	neighbors	15.77784
54	9	thought	8.418538
54	10	they	3.037787
54	11	knew	6.801795
54	12	the	3.06879
54	13	lawyer	13.830737
54	14	might	8.067428
54	15	have	1.179577
54	16	reassured	16.782253
54	17	his	5.054907
54	18	client	7.418498
54	19	last	18.290773
54	20	night	6.051555
54	21	.	1.304763
54	22	<eos>	-0.0
55	1	They	0.0
55	2	know	9.486106
55	3	who	7.200986
55	4	the	4.435805
55	5	man	7.552355
55	6	said	9.196861
55	7	the	5.664548
55	8	neighbors	14.513181
55	9	thought	9.174959
55	10	they	4.806448
55	11	knew	5.84828
55	12	might	11.602529
55	13	have	1.672975
55	14	reassured	19.213778
55	15	his	6.000592
55	16	client	10.047784
55	17	last	17.370089
55	18	night	4.953461
55	19	.	0.949615
55	20	<eos>	-0.0
56	1	They	0.0
56	2	know	9.486106
56	3	who	7.200986
56	4	the	4.435805
56	5	man	7.552355
56	6	said	9.196861
56	7	the	5.664548
56	8	neighbors	14.513181
56	9	thought	9.174959
56	10	they	4.806448
56	11	knew	5.84828
56	12	the	4.512748
56	13	lawyer	13.873551
56	14	might	7.506169
56	15	have	1.329871
56	16	reassured	16.683449
56	17	his	5.714885
56	18	client	7.2774
56	19	last	17.203184
56	20	night	5.714246
56	21	.	0.949848
56	22	<eos>	-0.0
57	1	They	0.0
57	2	know	9.486106
57	3	that	2.169621
57	4	the	1.87231
57	5	man	8.676832
57	6	said	10.027242
57	7	the	4.453599
57	8	neighbors	15.77784
57	9	thought	8.418538
57	10	they	3.037787
57	11	knew	6.801795
57	12	might	15.645976
57	13	have	1.620474
57	14	reassured	18.752697
57	15	his	5.391345
57	16	client	10.045232
57	17	last	18.037046
57	18	night	4.715598
57	19	.	1.386984
57	20	<eos>	-0.0
58	1	They	0.0
58	2	know	9.486106
58	3	that	2.169621
58	4	the	1.87231
58	5	man	8.676832
58	6	said	10.027242
58	7	the	4.453599
58	8	neighbors	15.77784
58	9	thought	8.418538
58	10	they	3.037787
58	11	knew	6.801795
58	12	the	3.06879
58	13	lawyer	13.830737
58	14	might	8.067428
58	15	have	1.179577
58	16	reassured	16.782253
58	17	his	5.054907
58	18	client	7.418498
58	19	last	18.290773
58	20	night	6.051555
58	21	.	1.304763
58	22	<eos>	-0.0
59	1	They	0.0
59	2	know	9.486106
59	3	who	7.200986
59	4	the	4.435805
59	5	man	7.552355
59	6	said	9.196861
59	7	the	5.664548
59	8	neighbors	14.513181
59	9	thought	9.174959
59	10	they	4.806448
59	11	knew	5.84828
59	12	might	11.602529
59	13	have	1.672975
59	14	reassured	19.213778
59	15	his	6.000592
59	16	client	10.047784
59	17	last	17.370089
59	18	night	4.953461
59	19	.	0.949615
59	20	<eos>	-0.0
60	1	They	0.0
60	2	know	9.486106
60	3	who	7.200986
60	4	the	4.435805
60	5	man	7.552355
60	6	said	9.196861
60	7	the	5.664548
60	8	neighbors	14.513181
60	9	thought	9.174959
60	10	they	4.806448
60	11	knew	5.84828
60	12	the	4.512748
60	13	lawyer	13.873551
60	14	might	7.506169
60	15	have	1.329871
60	16	reassured	16.683449
60	17	his	5.714885
60	18	client	7.2774
60	19	last	17.203184
60	20	night	5.714246
60	21	.	0.949848
60	22	<eos>	-0.0
61	1	She	0.0
61	2	knows	11.608641
61	3	that	2.279035
61	4	should	13.206536
61	5	thank	15.086095
61	6	the	3.318292
61	7	cook	12.001186
61	8	in	8.097577
61	9	the	1.916968
61	10	mess	10.630107
61	11	hall	5.616351
61	12	.	2.637768
61	13	<eos>	-0.0
62	1	She	0.0
62	2	knows	11.608641
62	3	that	2.279035
62	4	the	2.521865
62	5	soldier	13.475011
62	6	should	6.662037
62	7	thank	14.569773
62	8	the	2.477242
62	9	cook	12.023232
62	10	in	7.566201
62	11	the	2.196032
62	12	mess	9.792498
62	13	hall	4.609397
62	14	.	1.858528
62	15	<eos>	-0.0
63	1	She	0.0
63	2	knows	11.608641
63	3	who	6.4446
63	4	should	7.554904
63	5	thank	12.139808
63	6	the	2.770821
63	7	cook	12.064777
63	8	in	7.697582
63	9	the	1.990883
63	10	mess	10.711929
63	11	hall	5.362892
63	12	.	1.49492
63	13	<eos>	-0.0
64	1	She	0.0
64	2	knows	11.608641
64	3	who	6.4446
64	4	the	4.386521
64	5	soldier	12.548326
64	6	should	6.871757
64	7	thank	14.310463
64	8	the	3.631372
64	9	cook	10.628026
64	10	in	6.620277
64	11	the	1.889823
64	12	mess	9.213226
64	13	hall	3.493979
64	14	.	1.402273
64	15	<eos>	-0.0
65	1	She	0.0
65	2	knows	11.608641
65	3	that	2.279035
65	4	the	2.521865
65	5	captain	10.949929
65	6	said	11.579579
65	7	should	14.103118
65	8	thank	12.333613
65	9	the	2.395866
65	10	cook	11.151073
65	11	in	7.843631
65	12	the	1.932618
65	13	mess	9.110982
65	14	hall	5.152327
65	15	.	1.698743
65	16	<eos>	-0.0
66	1	She	0.0
66	2	knows	11.608641
66	3	that	2.279035
66	4	the	2.521865
66	5	captain	10.949929
66	6	said	11.579579
66	7	the	3.196324
66	8	soldier	11.106823
66	9	should	5.713977
66	10	thank	13.693787
66	11	the	2.399218
66	12	cook	10.822538
66	13	in	7.586306
66	14	the	2.162277
66	15	mess	8.563581
66	16	hall	5.02618
66	17	.	1.666656
66	18	<eos>	-0.0
67	1	She	0.0
67	2	knows	11.608641
67	3	who	6.4446
67	4	the	4.386521
67	5	captain	10.887736
67	6	said	11.063321
67	7	should	9.612699
67	8	thank	14.291828
67	9	the	2.758163
67	10	cook	11.429917
67	11	in	7.401581
67	12	the	1.769511
67	13	mess	9.050663
67	14	hall	4.466024
67	15	.	1.202909
67	16	<eos>	-0.0
68	1	She	0.0
68	2	knows	11.608641
68	3	who	6.4446
68	4	the	4.386521
68	5	captain	10.887736
68	6	said	11.063321
68	7	the	5.432386
68	8	soldier	11.388744
68	9	should	7.030121
68	10	thank	13.188934
68	11	the	2.429569
68	12	cook	10.742606
68	13	in	7.339335
68	14	the	2.142561
68	15	mess	8.344817
68	16	hall	4.45207
68	17	.	1.392674
68	18	<eos>	-0.0
69	1	She	0.0
69	2	knows	11.608641
69	3	that	2.279035
69	4	the	2.521865
69	5	captain	10.949929
69	6	said	11.579579
69	7	the	3.196324
69	8	pilot	9.09827
69	9	thought	9.113612
69	10	should	11.311627
69	11	thank	13.922842
69	12	the	2.224759
69	13	cook	11.963713
69	14	in	7.418203
69	15	the	1.766391
69	16	mess	8.468484
69	17	hall	4.312691
69	18	.	1.422431
69	19	<eos>	-0.0
70	1	She	0.0
70	2	knows	11.608641
70	3	that	2.279035
70	4	the	2.521865
70	5	captain	10.949929
70	6	said	11.579579
70	7	the	3.196324
70	8	pilot	9.09827
70	9	thought	9.113612
70	10	the	3.232933
70	11	soldier	11.263265
70	12	should	4.700153
70	13	thank	14.968609
70	14	the	2.236521
70	15	cook	11.251113
70	16	in	7.440402
70	17	the	2.110755
70	18	mess	7.943142
70	19	hall	4.993074
70	20	.	1.550288
70	21	<eos>	-0.0
71	1	She	0.0
71	2	knows	11.608641
71	3	who	6.4446
71	4	the	4.386521
71	5	captain	10.887736
71	6	said	11.063321
71	7	the	5.432386
71	8	pilot	9.640817
71	9	thought	9.85538
71	10	should	8.609049
71	11	thank	15.049828
71	12	the	2.152977
71	13	cook	12.13241
71	14	in	7.176261
71	15	the	1.70462
71	16	mess	8.496746
71	17	hall	4.139316
71	18	.	1.144265
71	19	<eos>	-0.0
72	1	She	0.0
72	2	knows	11.608641
72	3	who	6.4446
72	4	the	4.386521
72	5	captain	10.887736
72	6	said	11.063321
72	7	the	5.432386
72	8	pilot	9.640817
72	9	thought	9.85538
72	10	the	4.620652
72	11	soldier	11.182689
72	12	should	5.480984
72	13	thank	14.267714
72	14	the	2.186499
72	15	cook	11.163606
72	16	in	7.14899
72	17	the	2.038413
72	18	mess	7.880785
72	19	hall	4.635312
72	20	.	1.301646
72	21	<eos>	-0.0
73	1	She	0.0
73	2	knows	11.608641
73	3	that	2.279035
73	4	the	2.521865
73	5	captain	10.949929
73	6	said	11.579579
73	7	the	3.196324
73	8	pilot	9.09827
73	9	thought	9.113612
73	10	he	3.849498
73	11	knew	6.973469
73	12	should	12.810708
73	13	thank	13.689255
73	14	the	2.389449
73	15	cook	11.887216
73	16	in	7.925909
73	17	the	1.752904
73	18	mess	7.9843
73	19	hall	4.55292
73	20	.	1.349043
73	21	<eos>	-0.0
74	1	She	0.0
74	2	knows	11.608641
74	3	that	2.279035
74	4	the	2.521865
74	5	captain	10.949929
74	6	said	11.579579
74	7	the	3.196324
74	8	pilot	9.09827
74	9	thought	9.113612
74	10	he	3.849498
74	11	knew	6.973469
74	12	the	2.619789
74	13	soldier	13.26722
74	14	should	5.825572
74	15	thank	14.034038
74	16	the	2.544332
74	17	cook	11.137206
74	18	in	7.649158
74	19	the	1.797886
74	20	mess	7.629489
74	21	hall	4.641985
74	22	.	1.198587
74	23	<eos>	-0.0
75	1	She	0.0
75	2	knows	11.608641
75	3	who	6.4446
75	4	the	4.386521
75	5	captain	10.887736
75	6	said	11.063321
75	7	the	5.432386
75	8	pilot	9.640817
75	9	thought	9.85538
75	10	he	5.289143
75	11	knew	6.594107
75	12	should	12.650842
75	13	thank	13.859925
75	14	the	2.344834
75	15	cook	11.804925
75	16	in	7.827889
75	17	the	1.702187
75	18	mess	8.024203
75	19	hall	4.298685
75	20	.	1.158141
75	21	<eos>	-0.0
76	1	She	0.0
76	2	knows	11.608641
76	3	who	6.4446
76	4	the	4.386521
76	5	captain	10.887736
76	6	said	11.063321
76	7	the	5.432386
76	8	pilot	9.640817
76	9	thought	9.85538
76	10	he	5.289143
76	11	knew	6.594107
76	12	the	2.549088
76	13	soldier	13.240169
76	14	should	6.547679
76	15	thank	13.914834
76	16	the	2.498263
76	17	cook	11.144918
76	18	in	7.529894
76	19	the	1.754382
76	20	mess	7.623866
76	21	hall	4.411676
76	22	.	1.043475
76	23	<eos>	-0.0
77	1	She	0.0
77	2	knows	11.608641
77	3	that	2.279035
77	4	the	2.521865
77	5	captain	10.949929
77	6	said	11.579579
77	7	the	3.196324
77	8	pilot	9.09827
77	9	thought	9.113612
77	10	he	3.849498
77	11	knew	6.973469
77	12	should	12.810708
77	13	thank	13.689255
77	14	the	2.389449
77	15	cook	11.887216
77	16	in	7.925909
77	17	the	1.752904
77	18	mess	7.9843
77	19	hall	4.55292
77	20	.	1.349043
77	21	<eos>	-0.0
78	1	She	0.0
78	2	knows	11.608641
78	3	that	2.279035
78	4	the	2.521865
78	5	captain	10.949929
78	6	said	11.579579
78	7	the	3.196324
78	8	pilot	9.09827
78	9	thought	9.113612
78	10	he	3.849498
78	11	knew	6.973469
78	12	the	2.619789
78	13	soldier	13.26722
78	14	should	5.825572
78	15	thank	14.034038
78	16	the	2.544332
78	17	cook	11.137206
78	18	in	7.649158
78	19	the	1.797886
78	20	mess	7.629489
78	21	hall	4.641985
78	22	.	1.198587
78	23	<eos>	-0.0
79	1	She	0.0
79	2	knows	11.608641
79	3	who	6.4446
79	4	the	4.386521
79	5	captain	10.887736
79	6	said	11.063321
79	7	the	5.432386
79	8	pilot	9.640817
79	9	thought	9.85538
79	10	he	5.289143
79	11	knew	6.594107
79	12	should	12.650842
79	13	thank	13.859925
79	14	the	2.344834
79	15	cook	11.804925
79	16	in	7.827889
79	17	the	1.702187
79	18	mess	8.024203
79	19	hall	4.298685
79	20	.	1.158141
79	21	<eos>	-0.0
80	1	She	0.0
80	2	knows	11.608641
80	3	who	6.4446
80	4	the	4.386521
80	5	captain	10.887736
80	6	said	11.063321
80	7	the	5.432386
80	8	pilot	9.640817
80	9	thought	9.85538
80	10	he	5.289143
80	11	knew	6.594107
80	12	the	2.549088
80	13	soldier	13.240169
80	14	should	6.547679
80	15	thank	13.914834
80	16	the	2.498263
80	17	cook	11.144918
80	18	in	7.529894
80	19	the	1.754382
80	20	mess	7.623866
80	21	hall	4.411676
80	22	.	1.043475
80	23	<eos>	-0.0
81	1	He	0.0
81	2	knows	11.52312
81	3	that	2.297416
81	4	might	14.99877
81	5	interrogate	18.610472
81	6	the	2.75401
81	7	suspect	9.249439
81	8	in	5.028066
81	9	the	1.675358
81	10	basement	11.844182
81	11	.	2.197008
81	12	<eos>	-0.0
82	1	He	0.0
82	2	knows	11.52312
82	3	that	2.297416
82	4	the	2.267236
82	5	police	8.530047
82	6	might	8.153675
82	7	interrogate	13.119328
82	8	the	3.298076
82	9	suspect	4.95647
82	10	in	4.801189
82	11	the	1.730947
82	12	basement	10.222581
82	13	.	2.234309
82	14	<eos>	-0.0
83	1	He	0.0
83	2	knows	11.52312
83	3	who	6.622077
83	4	might	8.989314
83	5	interrogate	16.465279
83	6	the	2.617077
83	7	suspect	8.182148
83	8	in	4.989722
83	9	the	1.538023
83	10	basement	10.937048
83	11	.	1.976074
83	12	<eos>	-0.0
84	1	He	0.0
84	2	knows	11.52312
84	3	who	6.622077
84	4	the	4.020604
84	5	police	8.129345
84	6	might	7.827134
84	7	interrogate	12.502507
84	8	the	4.707795
84	9	suspect	6.092458
84	10	in	4.892261
84	11	the	1.532581
84	12	basement	9.692379
84	13	.	1.651452
84	14	<eos>	-0.0
85	1	He	0.0
85	2	knows	11.52312
85	3	that	2.297416
85	4	the	2.267236
85	5	inspector	15.041479
85	6	believed	11.731547
85	7	might	16.199966
85	8	interrogate	17.267744
85	9	the	3.05882
85	10	suspect	6.729712
85	11	in	4.759135
85	12	the	1.708297
85	13	basement	11.339033
85	14	.	1.926559
85	15	<eos>	-0.0
86	1	He	0.0
86	2	knows	11.52312
86	3	that	2.297416
86	4	the	2.267236
86	5	inspector	15.041479
86	6	believed	11.731547
86	7	the	2.910822
86	8	police	7.193908
86	9	might	6.969773
86	10	interrogate	12.955894
86	11	the	3.009601
86	12	suspect	4.356904
86	13	in	4.844136
86	14	the	1.675245
86	15	basement	9.727335
86	16	.	1.825951
86	17	<eos>	-0.0
87	1	He	0.0
87	2	knows	11.52312
87	3	who	6.622077
87	4	the	4.020604
87	5	inspector	13.512759
87	6	believed	11.070517
87	7	might	10.412991
87	8	interrogate	17.298441
87	9	the	2.786257
87	10	suspect	6.671774
87	11	in	4.9646
87	12	the	1.60725
87	13	basement	10.570586
87	14	.	1.727057
87	15	<eos>	-0.0
88	1	He	0.0
88	2	knows	11.52312
88	3	who	6.622077
88	4	the	4.020604
88	5	inspector	13.512759
88	6	believed	11.070517
88	7	the	4.063472
88	8	police	7.576155
88	9	might	6.430918
88	10	interrogate	12.899221
88	11	the	3.298568
88	12	suspect	4.763294
88	13	in	4.787866
88	14	the	1.578831
88	15	basement	9.597383
88	16	.	1.538388
88	17	<eos>	-0.0
89	1	He	0.0
89	2	knows	11.52312
89	3	that	2.297416
89	4	the	2.267236
89	5	inspector	15.041479
89	6	believed	11.731547
89	7	the	2.910822
89	8	man	7.213985
89	9	reported	15.151385
89	10	might	11.942032
89	11	interrogate	16.598385
89	12	the	2.852533
89	13	suspect	5.902579
89	14	in	4.680294
89	15	the	1.619783
89	16	basement	9.773573
89	17	.	1.890815
89	18	<eos>	-0.0
90	1	He	0.0
90	2	knows	11.52312
90	3	that	2.297416
90	4	the	2.267236
90	5	inspector	15.041479
90	6	believed	11.731547
90	7	the	2.910822
90	8	man	7.213985
90	9	reported	15.151385
90	10	the	3.951287
90	11	police	9.081365
90	12	might	9.294768
90	13	interrogate	13.612638
90	14	the	2.810541
90	15	suspect	4.661376
90	16	in	4.967227
90	17	the	1.61322
90	18	basement	9.438945
90	19	.	1.707273
90	20	<eos>	-0.0
91	1	He	0.0
91	2	knows	11.52312
91	3	who	6.622077
91	4	the	4.020604
91	5	inspector	13.512759
91	6	believed	11.070517
91	7	the	4.063472
91	8	man	6.579727
91	9	reported	14.130175
91	10	might	10.6858
91	11	interrogate	17.072262
91	12	the	2.85315
91	13	suspect	6.288
91	14	in	4.966566
91	15	the	1.528268
91	16	basement	9.966971
91	17	.	1.623865
91	18	<eos>	-0.0
92	1	He	0.0
92	2	knows	11.52312
92	3	who	6.622077
92	4	the	4.020604
92	5	inspector	13.512759
92	6	believed	11.070517
92	7	the	4.063472
92	8	man	6.579727
92	9	reported	14.130175
92	10	the	4.985235
92	11	police	8.622252
92	12	might	9.77162
92	13	interrogate	13.481297
92	14	the	2.817647
92	15	suspect	4.819505
92	16	in	5.022307
92	17	the	1.578335
92	18	basement	9.360641
92	19	.	1.537661
92	20	<eos>	-0.0
93	1	He	0.0
93	2	knows	11.52312
93	3	that	2.297416
93	4	the	2.267236
93	5	inspector	15.041479
93	6	believed	11.731547
93	7	the	2.910822
93	8	man	7.213985
93	9	reported	15.151385
93	10	he	5.295085
93	11	knew	6.731872
93	12	might	15.477876
93	13	interrogate	17.353149
93	14	the	2.802698
93	15	suspect	5.894464
93	16	in	5.263293
93	17	the	1.585596
93	18	basement	10.04913
93	19	.	1.759736
93	20	<eos>	-0.0
94	1	He	0.0
94	2	knows	11.52312
94	3	that	2.297416
94	4	the	2.267236
94	5	inspector	15.041479
94	6	believed	11.731547
94	7	the	2.910822
94	8	man	7.213985
94	9	reported	15.151385
94	10	he	5.295085
94	11	knew	6.731872
94	12	the	2.930772
94	13	police	6.533646
94	14	might	8.217927
94	15	interrogate	14.251394
94	16	the	3.208523
94	17	suspect	4.170117
94	18	in	5.229146
94	19	the	1.560931
94	20	basement	9.307157
94	21	.	1.570047
94	22	<eos>	-0.0
95	1	He	0.0
95	2	knows	11.52312
95	3	who	6.622077
95	4	the	4.020604
95	5	inspector	13.512759
95	6	believed	11.070517
95	7	the	4.063472
95	8	man	6.579727
95	9	reported	14.130175
95	10	he	5.929849
95	11	knew	6.206069
95	12	might	13.347805
95	13	interrogate	17.509066
95	14	the	2.774543
95	15	suspect	6.224641
95	16	in	5.298245
95	17	the	1.501523
95	18	basement	9.933429
95	19	.	1.549685
95	20	<eos>	-0.0
96	1	He	0.0
96	2	knows	11.52312
96	3	who	6.622077
96	4	the	4.020604
96	5	inspector	13.512759
96	6	believed	11.070517
96	7	the	4.063472
96	8	man	6.579727
96	9	reported	14.130175
96	10	he	5.929849
96	11	knew	6.206069
96	12	the	3.130877
96	13	police	6.786123
96	14	might	8.340166
96	15	interrogate	14.507288
96	16	the	3.229692
96	17	suspect	4.247998
96	18	in	5.208342
96	19	the	1.516241
96	20	basement	9.266241
96	21	.	1.442107
96	22	<eos>	-0.0
97	1	He	0.0
97	2	knows	11.52312
97	3	that	2.297416
97	4	the	2.267236
97	5	inspector	15.041479
97	6	believed	11.731547
97	7	the	2.910822
97	8	man	7.213985
97	9	reported	15.151385
97	10	he	5.295085
97	11	knew	6.731872
97	12	might	15.477876
97	13	interrogate	17.353149
97	14	the	2.802698
97	15	suspect	5.894464
97	16	in	5.263293
97	17	the	1.585596
97	18	basement	10.04913
97	19	.	1.759736
97	20	<eos>	-0.0
98	1	He	0.0
98	2	knows	11.52312
98	3	that	2.297416
98	4	the	2.267236
98	5	inspector	15.041479
98	6	believed	11.731547
98	7	the	2.910822
98	8	man	7.213985
98	9	reported	15.151385
98	10	he	5.295085
98	11	knew	6.731872
98	12	the	2.930772
98	13	police	6.533646
98	14	might	8.217927
98	15	interrogate	14.251394
98	16	the	3.208523
98	17	suspect	4.170117
98	18	in	5.229146
98	19	the	1.560931
98	20	basement	9.307157
98	21	.	1.570047
98	22	<eos>	-0.0
99	1	He	0.0
99	2	knows	11.52312
99	3	who	6.622077
99	4	the	4.020604
99	5	inspector	13.512759
99	6	believed	11.070517
99	7	the	4.063472
99	8	man	6.579727
99	9	reported	14.130175
99	10	he	5.929849
99	11	knew	6.206069
99	12	might	13.347805
99	13	interrogate	17.509066
99	14	the	2.774543
99	15	suspect	6.224641
99	16	in	5.298245
99	17	the	1.501523
99	18	basement	9.933429
99	19	.	1.549685
99	20	<eos>	-0.0
100	1	He	0.0
100	2	knows	11.52312
100	3	who	6.622077
100	4	the	4.020604
100	5	inspector	13.512759
100	6	believed	11.070517
100	7	the	4.063472
100	8	man	6.579727
100	9	reported	14.130175
100	10	he	5.929849
100	11	knew	6.206069
100	12	the	3.130877
100	13	police	6.786123
100	14	might	8.340166
100	15	interrogate	14.507288
100	16	the	3.229692
100	17	suspect	4.247998
100	18	in	5.208342
100	19	the	1.516241
100	20	basement	9.266241
100	21	.	1.442107
100	22	<eos>	-0.0
101	1	You	0.0
101	2	know	6.225534
101	3	that	3.970907
101	4	was	10.397597
101	5	waiting	15.318676
101	6	for	0.874988
101	7	her	5.92077
101	8	mother	7.810941
101	9	at	7.376509
101	10	the	1.012193
101	11	movie	12.343429
101	12	theater	2.895385
101	13	.	1.860755
101	14	<eos>	-0.0
102	1	You	0.0
102	2	know	6.225534
102	3	that	3.970907
102	4	the	2.063794
102	5	young	9.309608
102	6	woman	4.543005
102	7	was	3.274912
102	8	waiting	10.045922
102	9	for	0.731521
102	10	her	2.382252
102	11	mother	6.66012
102	12	at	7.134991
102	13	the	0.949452
102	14	movie	12.620977
102	15	theater	2.952677
102	16	.	1.853058
102	17	<eos>	-0.0
103	1	You	0.0
103	2	know	6.225534
103	3	who	7.834128
103	4	was	3.731584
103	5	waiting	9.848248
103	6	for	0.845169
103	7	her	5.113312
103	8	mother	8.089341
103	9	at	7.168292
103	10	the	0.916286
103	11	movie	12.014921
103	12	theater	3.139303
103	13	.	1.535946
103	14	<eos>	-0.0
104	1	You	0.0
104	2	know	6.225534
104	3	who	7.834128
104	4	the	4.899722
104	5	young	9.266635
104	6	woman	5.496605
104	7	was	3.139148
104	8	waiting	9.708565
104	9	for	0.781929
104	10	her	5.409443
104	11	mother	5.604357
104	12	at	7.439176
104	13	the	2.020222
104	14	movie	13.620785
104	15	theater	3.877003
104	16	.	1.364418
104	17	<eos>	-0.0
105	1	You	0.0
105	2	know	6.225534
105	3	that	3.970907
105	4	the	2.063794
105	5	man	8.219696
105	6	said	8.884032
105	7	was	5.485855
105	8	waiting	12.537382
105	9	for	0.93683
105	10	her	4.351062
105	11	mother	8.367671
105	12	at	7.492953
105	13	the	0.957022
105	14	movie	12.214226
105	15	theater	3.335784
105	16	.	1.819883
105	17	<eos>	-0.0
106	1	You	0.0
106	2	know	6.225534
106	3	that	3.970907
106	4	the	2.063794
106	5	man	8.219696
106	6	said	8.884032
106	7	the	4.320282
106	8	young	9.554348
106	9	woman	3.837313
106	10	was	2.577034
106	11	waiting	10.134602
106	12	for	0.803605
106	13	her	2.629894
106	14	mother	7.268322
106	15	at	7.387542
106	16	the	0.932831
106	17	movie	12.473587
106	18	theater	3.316794
106	19	.	1.526804
106	20	<eos>	-0.0
107	1	You	0.0
107	2	know	6.225534
107	3	who	7.834128
107	4	the	4.899722
107	5	man	7.080769
107	6	said	7.862274
107	7	was	2.979425
107	8	waiting	12.773273
107	9	for	1.117793
107	10	her	4.553457
107	11	mother	8.496638
107	12	at	8.156737
107	13	the	0.896129
107	14	movie	11.919944
107	15	theater	3.111295
107	16	.	1.388687
107	17	<eos>	-0.0
108	1	You	0.0
108	2	know	6.225534
108	3	who	7.834128
108	4	the	4.899722
108	5	man	7.080769
108	6	said	7.862274
108	7	the	5.779932
108	8	young	9.475592
108	9	woman	3.980259
108	10	was	2.452481
108	11	waiting	10.244546
108	12	for	1.024548
108	13	her	3.674266
108	14	mother	6.271256
108	15	at	7.530455
108	16	the	0.970573
108	17	movie	12.360749
108	18	theater	3.382288
108	19	.	1.131596
108	20	<eos>	-0.0
109	1	You	0.0
109	2	know	6.225534
109	3	that	3.970907
109	4	the	2.063794
109	5	man	8.219696
109	6	said	8.884032
109	7	the	4.320282
109	8	attendant	15.349036
109	9	saw	9.200145
109	10	was	11.72495
109	11	waiting	12.350355
109	12	for	1.23533
109	13	her	4.800588
109	14	mother	7.960989
109	15	at	7.702641
109	16	the	0.913442
109	17	movie	12.766184
109	18	theater	3.452503
109	19	.	1.5826
109	20	<eos>	-0.0
110	1	You	0.0
110	2	know	6.225534
110	3	that	3.970907
110	4	the	2.063794
110	5	man	8.219696
110	6	said	8.884032
110	7	the	4.320282
110	8	attendant	15.349036
110	9	saw	9.200145
110	10	the	2.213568
110	11	young	8.541766
110	12	woman	3.536125
110	13	was	7.951809
110	14	waiting	9.856363
110	15	for	1.057663
110	16	her	2.921859
110	17	mother	7.338693
110	18	at	7.426383
110	19	the	0.921464
110	20	movie	12.581502
110	21	theater	3.434216
110	22	.	1.510055
110	23	<eos>	-0.0
111	1	You	0.0
111	2	know	6.225534
111	3	who	7.834128
111	4	the	4.899722
111	5	man	7.080769
111	6	said	7.862274
111	7	the	5.779932
111	8	attendant	15.786766
111	9	saw	8.322123
111	10	was	4.793914
111	11	waiting	12.012664
111	12	for	1.504996
111	13	her	4.695721
111	14	mother	8.314711
111	15	at	7.750479
111	16	the	0.876136
111	17	movie	12.196908
111	18	theater	3.045822
111	19	.	1.256548
111	20	<eos>	-0.0
112	1	You	0.0
112	2	know	6.225534
112	3	who	7.834128
112	4	the	4.899722
112	5	man	7.080769
112	6	said	7.862274
112	7	the	5.779932
112	8	attendant	15.786766
112	9	saw	8.322123
112	10	the	3.947586
112	11	young	8.697329
112	12	woman	3.918401
112	13	was	5.13209
112	14	waiting	8.977819
112	15	for	1.159119
112	16	her	2.782952
112	17	mother	7.206153
112	18	at	7.415404
112	19	the	0.900597
112	20	movie	12.007071
112	21	theater	2.904279
112	22	.	1.11086
112	23	<eos>	-0.0
113	1	You	0.0
113	2	know	6.225534
113	3	that	3.970907
113	4	the	2.063794
113	5	man	8.219696
113	6	said	8.884032
113	7	the	4.320282
113	8	attendant	15.349036
113	9	saw	9.200145
113	10	her	5.208726
113	11	friend	12.371125
113	12	knew	14.192234
113	13	was	12.443809
113	14	waiting	13.226916
113	15	for	1.377057
113	16	her	2.597056
113	17	mother	8.618143
113	18	at	7.910448
113	19	the	0.930478
113	20	movie	12.269876
113	21	theater	3.760022
113	22	.	1.551596
113	23	<eos>	-0.0
114	1	You	0.0
114	2	know	6.225534
114	3	that	3.970907
114	4	the	2.063794
114	5	man	8.219696
114	6	said	8.884032
114	7	the	4.320282
114	8	attendant	15.349036
114	9	saw	9.200145
114	10	her	5.208726
114	11	friend	12.371125
114	12	knew	14.192234
114	13	the	3.663167
114	14	young	8.78565
114	15	woman	2.975559
114	16	was	3.265888
114	17	waiting	9.927465
114	18	for	1.068177
114	19	her	2.483687
114	20	mother	8.089198
114	21	at	7.900661
114	22	the	0.901923
114	23	movie	12.185817
114	24	theater	3.609967
114	25	.	1.210581
114	26	<eos>	-0.0
115	1	You	0.0
115	2	know	6.225534
115	3	who	7.834128
115	4	the	4.899722
115	5	man	7.080769
115	6	said	7.862274
115	7	the	5.779932
115	8	attendant	15.786766
115	9	saw	8.322123
115	10	her	7.326251
115	11	friend	11.712076
115	12	knew	11.684657
115	13	was	6.129179
115	14	waiting	12.394762
115	15	for	1.567409
115	16	her	2.375403
115	17	mother	8.678879
115	18	at	8.23121
115	19	the	0.896487
115	20	movie	11.934971
115	21	theater	3.343873
115	22	.	1.252703
115	23	<eos>	-0.0
116	1	You	0.0
116	2	know	6.225534
116	3	who	7.834128
116	4	the	4.899722
116	5	man	7.080769
116	6	said	7.862274
116	7	the	5.779932
116	8	attendant	15.786766
116	9	saw	8.322123
116	10	her	7.326251
116	11	friend	11.712076
116	12	knew	11.684657
116	13	the	4.79768
116	14	young	9.113136
116	15	woman	3.730933
116	16	was	3.001696
116	17	waiting	8.923569
116	18	for	1.155915
116	19	her	2.33915
116	20	mother	7.850565
116	21	at	7.85394
116	22	the	0.889321
116	23	movie	11.760746
116	24	theater	3.186961
116	25	.	0.97489
116	26	<eos>	-0.0
117	1	You	0.0
117	2	know	6.225534
117	3	that	3.970907
117	4	the	2.063794
117	5	man	8.219696
117	6	said	8.884032
117	7	the	4.320282
117	8	attendant	15.349036
117	9	saw	9.200145
117	10	her	5.208726
117	11	friend	12.371125
117	12	knew	14.192234
117	13	was	12.443809
117	14	waiting	13.226916
117	15	for	1.377057
117	16	her	2.597056
117	17	mother	8.618143
117	18	at	7.910448
117	19	the	0.930478
117	20	movie	12.269876
117	21	theater	3.760022
117	22	.	1.551596
117	23	<eos>	-0.0
118	1	You	0.0
118	2	know	6.225534
118	3	that	3.970907
118	4	the	2.063794
118	5	man	8.219696
118	6	said	8.884032
118	7	the	4.320282
118	8	attendant	15.349036
118	9	saw	9.200145
118	10	her	5.208726
118	11	friend	12.371125
118	12	knew	14.192234
118	13	the	3.663167
118	14	young	8.78565
118	15	woman	2.975559
118	16	was	3.265888
118	17	waiting	9.927465
118	18	for	1.068177
118	19	her	2.483687
118	20	mother	8.089198
118	21	at	7.900661
118	22	the	0.901923
118	23	movie	12.185817
118	24	theater	3.609967
118	25	.	1.210581
118	26	<eos>	-0.0
119	1	You	0.0
119	2	know	6.225534
119	3	who	7.834128
119	4	the	4.899722
119	5	man	7.080769
119	6	said	7.862274
119	7	the	5.779932
119	8	attendant	15.786766
119	9	saw	8.322123
119	10	her	7.326251
119	11	friend	11.712076
119	12	knew	11.684657
119	13	was	6.129179
119	14	waiting	12.394762
119	15	for	1.567409
119	16	her	2.375403
119	17	mother	8.678879
119	18	at	8.23121
119	19	the	0.896487
119	20	movie	11.934971
119	21	theater	3.343873
119	22	.	1.252703
119	23	<eos>	-0.0
120	1	You	0.0
120	2	know	6.225534
120	3	who	7.834128
120	4	the	4.899722
120	5	man	7.080769
120	6	said	7.862274
120	7	the	5.779932
120	8	attendant	15.786766
120	9	saw	8.322123
120	10	her	7.326251
120	11	friend	11.712076
120	12	knew	11.684657
120	13	the	4.79768
120	14	young	9.113136
120	15	woman	3.730933
120	16	was	3.001696
120	17	waiting	8.923569
120	18	for	1.155915
120	19	her	2.33915
120	20	mother	7.850565
120	21	at	7.85394
120	22	the	0.889321
120	23	movie	11.760746
120	24	theater	3.186961
120	25	.	0.97489
120	26	<eos>	-0.0
121	1	I	0.0
121	2	know	6.278276
121	3	that	2.352433
121	4	could	13.58407
121	5	introduce	13.915306
121	6	her	8.624553
121	7	friend	12.741568
121	8	to	3.086529
121	9	the	1.083086
121	10	regular	12.540235
121	11	customer	11.186565
121	12	.	1.684377
121	13	<eos>	-0.0
122	1	I	0.0
122	2	know	6.278276
122	3	that	2.352433
122	4	the	2.35511
122	5	hostess	18.080393
122	6	could	5.602256
122	7	introduce	12.194395
122	8	her	4.666739
122	9	friend	12.935825
122	10	to	2.325186
122	11	the	1.214106
122	12	regular	11.242883
122	13	customer	7.502832
122	14	.	1.57761
122	15	<eos>	-0.0
123	1	I	0.0
123	2	know	6.278276
123	3	who	6.580016
123	4	could	7.502074
123	5	introduce	12.912311
123	6	her	7.600143
123	7	friend	13.53407
123	8	to	2.76271
123	9	the	1.071689
123	10	regular	11.862564
123	11	customer	11.213138
123	12	.	1.442146
123	13	<eos>	-0.0
124	1	I	0.0
124	2	know	6.278276
124	3	who	6.580016
124	4	the	5.056487
124	5	hostess	16.400995
124	6	could	5.924891
124	7	introduce	13.530097
124	8	her	7.314945
124	9	friend	11.969852
124	10	to	3.651839
124	11	the	1.392884
124	12	regular	11.748392
124	13	customer	8.916667
124	14	.	1.377008
124	15	<eos>	-0.0
125	1	I	0.0
125	2	know	6.278276
125	3	that	2.352433
125	4	the	2.35511
125	5	heiress	18.643335
125	6	believed	10.81094
125	7	could	11.252603
125	8	introduce	13.900616
125	9	her	4.163361
125	10	friend	13.429321
125	11	to	2.217807
125	12	the	1.203875
125	13	regular	13.679381
125	14	customer	11.808076
125	15	.	1.486432
125	16	<eos>	-0.0
126	1	I	0.0
126	2	know	6.278276
126	3	that	2.352433
126	4	the	2.35511
126	5	heiress	18.643335
126	6	believed	10.81094
126	7	the	3.400319
126	8	hostess	14.09582
126	9	could	3.547537
126	10	introduce	12.83775
126	11	her	2.807856
126	12	friend	13.705847
126	13	to	1.823875
126	14	the	1.375602
126	15	regular	12.529926
126	16	customer	8.058543
126	17	.	1.341305
126	18	<eos>	-0.0
127	1	I	0.0
127	2	know	6.278276
127	3	who	6.580016
127	4	the	5.056487
127	5	heiress	16.55789
127	6	believed	10.224458
127	7	could	9.040833
127	8	introduce	14.751113
127	9	her	4.797659
127	10	friend	13.849899
127	11	to	2.475157
127	12	the	1.149542
127	13	regular	13.5587
127	14	customer	12.283858
127	15	.	1.179886
127	16	<eos>	-0.0
128	1	I	0.0
128	2	know	6.278276
128	3	who	6.580016
128	4	the	5.056487
128	5	heiress	16.55789
128	6	believed	10.224458
128	7	the	6.069586
128	8	hostess	13.431581
128	9	could	3.907634
128	10	introduce	13.440347
128	11	her	5.912561
128	12	friend	12.398422
128	13	to	2.730096
128	14	the	1.379685
128	15	regular	13.250596
128	16	customer	9.008993
128	17	.	1.119977
128	18	<eos>	-0.0
129	1	I	0.0
129	2	know	6.278276
129	3	that	2.352433
129	4	the	2.35511
129	5	heiress	18.643335
129	6	believed	10.81094
129	7	her	5.574176
129	8	friend	10.067882
129	9	said	11.339182
129	10	could	13.694848
129	11	introduce	13.484078
129	12	her	2.865212
129	13	friend	13.467748
129	14	to	2.531017
129	15	the	1.54738
129	16	regular	13.815499
129	17	customer	10.32477
129	18	.	1.255795
129	19	<eos>	-0.0
130	1	I	0.0
130	2	know	6.278276
130	3	that	2.352433
130	4	the	2.35511
130	5	heiress	18.643335
130	6	believed	10.81094
130	7	her	5.574176
130	8	friend	10.067882
130	9	said	11.339182
130	10	the	4.120629
130	11	hostess	13.281849
130	12	could	4.150574
130	13	introduce	13.54634
130	14	her	2.136135
130	15	friend	13.438214
130	16	to	2.068902
130	17	the	1.632165
130	18	regular	12.788726
130	19	customer	7.890448
130	20	.	1.116941
130	21	<eos>	-0.0
131	1	I	0.0
131	2	know	6.278276
131	3	who	6.580016
131	4	the	5.056487
131	5	heiress	16.55789
131	6	believed	10.224458
131	7	her	9.047324
131	8	friend	8.93782
131	9	said	10.132012
131	10	could	10.095888
131	11	introduce	14.494554
131	12	her	2.856992
131	13	friend	13.725733
131	14	to	2.530981
131	15	the	1.35237
131	16	regular	13.864621
131	17	customer	10.971741
131	18	.	1.032324
131	19	<eos>	-0.0
132	1	I	0.0
132	2	know	6.278276
132	3	who	6.580016
132	4	the	5.056487
132	5	heiress	16.55789
132	6	believed	10.224458
132	7	her	9.047324
132	8	friend	8.93782
132	9	said	10.132012
132	10	the	5.579297
132	11	hostess	13.080466
132	12	could	4.494486
132	13	introduce	13.737197
132	14	her	4.640498
132	15	friend	12.619555
132	16	to	2.516189
132	17	the	1.598532
132	18	regular	13.70831
132	19	customer	8.64692
132	20	.	1.004031
132	21	<eos>	-0.0
133	1	I	0.0
133	2	know	6.278276
133	3	that	2.352433
133	4	the	2.35511
133	5	heiress	18.643335
133	6	believed	10.81094
133	7	her	5.574176
133	8	friend	10.067882
133	9	said	11.339182
133	10	she	2.617829
133	11	knew	6.686641
133	12	could	14.337604
133	13	introduce	13.562296
133	14	her	3.368003
133	15	friend	12.773674
133	16	to	2.629303
133	17	the	1.512299
133	18	regular	13.395704
133	19	customer	10.561618
133	20	.	1.173672
133	21	<eos>	-0.0
134	1	I	0.0
134	2	know	6.278276
134	3	that	2.352433
134	4	the	2.35511
134	5	heiress	18.643335
134	6	believed	10.81094
134	7	her	5.574176
134	8	friend	10.067882
134	9	said	11.339182
134	10	she	2.617829
134	11	knew	6.686641
134	12	the	3.380313
134	13	hostess	14.819387
134	14	could	5.727929
134	15	introduce	13.530349
134	16	her	2.194702
134	17	friend	13.45255
134	18	to	2.211312
134	19	the	1.562247
134	20	regular	13.127015
134	21	customer	8.100357
134	22	.	1.004222
134	23	<eos>	-0.0
135	1	I	0.0
135	2	know	6.278276
135	3	who	6.580016
135	4	the	5.056487
135	5	heiress	16.55789
135	6	believed	10.224458
135	7	her	9.047324
135	8	friend	8.93782
135	9	said	10.132012
135	10	she	4.580163
135	11	knew	6.328324
135	12	could	10.227207
135	13	introduce	14.527401
135	14	her	3.103319
135	15	friend	12.937684
135	16	to	2.657825
135	17	the	1.443493
135	18	regular	13.560628
135	19	customer	10.825514
135	20	.	1.077697
135	21	<eos>	-0.0
136	1	I	0.0
136	2	know	6.278276
136	3	who	6.580016
136	4	the	5.056487
136	5	heiress	16.55789
136	6	believed	10.224458
136	7	her	9.047324
136	8	friend	8.93782
136	9	said	10.132012
136	10	she	4.580163
136	11	knew	6.328324
136	12	the	4.252977
136	13	hostess	13.778676
136	14	could	5.574406
136	15	introduce	14.075348
136	16	her	2.708062
136	17	friend	12.645564
136	18	to	2.492446
136	19	the	1.341289
136	20	regular	13.651161
136	21	customer	9.112026
136	22	.	1.116245
136	23	<eos>	-0.0
137	1	I	0.0
137	2	know	6.278276
137	3	that	2.352433
137	4	the	2.35511
137	5	heiress	18.643335
137	6	believed	10.81094
137	7	her	5.574176
137	8	friend	10.067882
137	9	said	11.339182
137	10	she	2.617829
137	11	knew	6.686641
137	12	could	14.337604
137	13	introduce	13.562296
137	14	her	3.368003
137	15	friend	12.773674
137	16	to	2.629303
137	17	the	1.512299
137	18	regular	13.395704
137	19	customer	10.561618
137	20	.	1.173672
137	21	<eos>	-0.0
138	1	I	0.0
138	2	know	6.278276
138	3	that	2.352433
138	4	the	2.35511
138	5	heiress	18.643335
138	6	believed	10.81094
138	7	her	5.574176
138	8	friend	10.067882
138	9	said	11.339182
138	10	she	2.617829
138	11	knew	6.686641
138	12	the	3.380313
138	13	hostess	14.819387
138	14	could	5.727929
138	15	introduce	13.530349
138	16	her	2.194702
138	17	friend	13.45255
138	18	to	2.211312
138	19	the	1.562247
138	20	regular	13.127015
138	21	customer	8.100357
138	22	.	1.004222
138	23	<eos>	-0.0
139	1	I	0.0
139	2	know	6.278276
139	3	who	6.580016
139	4	the	5.056487
139	5	heiress	16.55789
139	6	believed	10.224458
139	7	her	9.047324
139	8	friend	8.93782
139	9	said	10.132012
139	10	she	4.580163
139	11	knew	6.328324
139	12	could	10.227207
139	13	introduce	14.527401
139	14	her	3.103319
139	15	friend	12.937684
139	16	to	2.657825
139	17	the	1.443493
139	18	regular	13.560628
139	19	customer	10.825514
139	20	.	1.077697
139	21	<eos>	-0.0
140	1	I	0.0
140	2	know	6.278276
140	3	who	6.580016
140	4	the	5.056487
140	5	heiress	16.55789
140	6	believed	10.224458
140	7	her	9.047324
140	8	friend	8.93782
140	9	said	10.132012
140	10	she	4.580163
140	11	knew	6.328324
140	12	the	4.252977
140	13	hostess	13.778676
140	14	could	5.574406
140	15	introduce	14.075348
140	16	her	2.708062
140	17	friend	12.645564
140	18	to	2.492446
140	19	the	1.341289
140	20	regular	13.651161
140	21	customer	9.112026
140	22	.	1.116245
140	23	<eos>	-0.0
141	1	She	0.0
141	2	knows	11.608641
141	3	that	2.279035
141	4	could	15.117876
141	5	congratulate	16.230452
141	6	the	3.969883
141	7	writer	11.304796
141	8	after	9.546255
141	9	the	2.279407
141	10	ceremony	8.98392
141	11	.	1.062607
141	12	<eos>	-0.0
142	1	She	0.0
142	2	knows	11.608641
142	3	that	2.279035
142	4	the	2.521865
142	5	man	6.724071
142	6	could	7.389634
142	7	congratulate	15.330606
142	8	the	4.462567
142	9	writer	13.445563
142	10	after	8.795193
142	11	the	2.391837
142	12	ceremony	8.896013
142	13	.	1.088544
142	14	<eos>	-0.0
143	1	She	0.0
143	2	knows	11.608641
143	3	who	6.4446
143	4	could	8.804011
143	5	congratulate	13.740007
143	6	the	3.768375
143	7	writer	12.546959
143	8	after	9.169426
143	9	the	2.245503
143	10	ceremony	8.417662
143	11	.	0.873998
143	12	<eos>	-0.0
144	1	She	0.0
144	2	knows	11.608641
144	3	who	6.4446
144	4	the	4.386521
144	5	man	5.837079
144	6	could	7.396327
144	7	congratulate	15.553602
144	8	the	4.120293
144	9	writer	11.91135
144	10	after	8.947521
144	11	the	2.29823
144	12	ceremony	8.610206
144	13	.	0.815853
144	14	<eos>	-0.0
145	1	She	0.0
145	2	knows	11.608641
145	3	that	2.279035
145	4	the	2.521865
145	5	woman	6.550632
145	6	said	11.25001
145	7	could	12.886538
145	8	congratulate	14.465264
145	9	the	4.76919
145	10	writer	12.892642
145	11	after	8.639064
145	12	the	2.405733
145	13	ceremony	8.206488
145	14	.	0.971345
145	15	<eos>	-0.0
146	1	She	0.0
146	2	knows	11.608641
146	3	that	2.279035
146	4	the	2.521865
146	5	woman	6.550632
146	6	said	11.25001
146	7	the	4.530111
146	8	man	5.356916
146	9	could	5.989359
146	10	congratulate	14.93287
146	11	the	4.573802
146	12	writer	13.475213
146	13	after	8.85774
146	14	the	2.550728
146	15	ceremony	8.585439
146	16	.	0.953993
146	17	<eos>	-0.0
147	1	She	0.0
147	2	knows	11.608641
147	3	who	6.4446
147	4	the	4.386521
147	5	woman	5.698281
147	6	said	10.968573
147	7	could	9.984731
147	8	congratulate	15.951435
147	9	the	4.437455
147	10	writer	12.361359
147	11	after	9.492149
147	12	the	2.348715
147	13	ceremony	8.286977
147	14	.	0.722839
147	15	<eos>	-0.0
148	1	She	0.0
148	2	knows	11.608641
148	3	who	6.4446
148	4	the	4.386521
148	5	woman	5.698281
148	6	said	10.968573
148	7	the	5.956725
148	8	man	5.567441
148	9	could	6.096114
148	10	congratulate	14.94276
148	11	the	4.30043
148	12	writer	12.775834
148	13	after	9.383484
148	14	the	2.375882
148	15	ceremony	8.707265
148	16	.	0.74527
148	17	<eos>	-0.0
149	1	She	0.0
149	2	knows	11.608641
149	3	that	2.279035
149	4	the	2.521865
149	5	woman	6.550632
149	6	said	11.25001
149	7	her	5.48167
149	8	friend	7.016902
149	9	believed	10.159
149	10	could	15.228891
149	11	congratulate	14.560156
149	12	the	5.074124
149	13	writer	12.775227
149	14	after	8.759098
149	15	the	2.733135
149	16	ceremony	8.574631
149	17	.	0.717029
149	18	<eos>	-0.0
150	1	She	0.0
150	2	knows	11.608641
150	3	that	2.279035
150	4	the	2.521865
150	5	woman	6.550632
150	6	said	11.25001
150	7	her	5.48167
150	8	friend	7.016902
150	9	believed	10.159
150	10	the	3.816181
150	11	man	6.58423
150	12	could	5.277435
150	13	congratulate	14.512662
150	14	the	5.07454
150	15	writer	13.932804
150	16	after	8.793083
150	17	the	2.685179
150	18	ceremony	8.730364
150	19	.	0.750077
150	20	<eos>	-0.0
151	1	She	0.0
151	2	knows	11.608641
151	3	who	6.4446
151	4	the	4.386521
151	5	woman	5.698281
151	6	said	10.968573
151	7	her	6.8239
151	8	friend	6.529106
151	9	believed	10.717023
151	10	could	10.732455
151	11	congratulate	15.352824
151	12	the	4.953156
151	13	writer	12.765904
151	14	after	9.350681
151	15	the	2.640945
151	16	ceremony	9.029598
151	17	.	0.62341
151	18	<eos>	-0.0
152	1	She	0.0
152	2	knows	11.608641
152	3	who	6.4446
152	4	the	4.386521
152	5	woman	5.698281
152	6	said	10.968573
152	7	her	6.8239
152	8	friend	6.529106
152	9	believed	10.717023
152	10	the	4.232893
152	11	man	6.526233
152	12	could	5.136542
152	13	congratulate	14.42723
152	14	the	4.814019
152	15	writer	13.816386
152	16	after	9.015175
152	17	the	2.635985
152	18	ceremony	8.884647
152	19	.	0.670543
152	20	<eos>	-0.0
153	1	She	0.0
153	2	knows	11.608641
153	3	that	2.279035
153	4	the	2.521865
153	5	woman	6.550632
153	6	said	11.25001
153	7	her	5.48167
153	8	friend	7.016902
153	9	believed	10.159
153	10	she	2.503936
153	11	knew	7.217198
153	12	could	13.671949
153	13	congratulate	14.559939
153	14	the	5.760251
153	15	writer	12.321489
153	16	after	9.054417
153	17	the	2.679064
153	18	ceremony	8.415772
153	19	.	0.660798
153	20	<eos>	-0.0
154	1	She	0.0
154	2	knows	11.608641
154	3	that	2.279035
154	4	the	2.521865
154	5	woman	6.550632
154	6	said	11.25001
154	7	her	5.48167
154	8	friend	7.016902
154	9	believed	10.159
154	10	she	2.503936
154	11	knew	7.217198
154	12	the	3.343685
154	13	man	5.919961
154	14	could	6.411977
154	15	congratulate	15.044829
154	16	the	5.234541
154	17	writer	13.640606
154	18	after	9.209289
154	19	the	2.846023
154	20	ceremony	8.709061
154	21	.	0.63944
154	22	<eos>	-0.0
155	1	She	0.0
155	2	knows	11.608641
155	3	who	6.4446
155	4	the	4.386521
155	5	woman	5.698281
155	6	said	10.968573
155	7	her	6.8239
155	8	friend	6.529106
155	9	believed	10.717023
155	10	she	3.132949
155	11	knew	7.099982
155	12	could	11.77636
155	13	congratulate	14.494744
155	14	the	5.605837
155	15	writer	12.162498
155	16	after	9.348021
155	17	the	2.599936
155	18	ceremony	8.608311
155	19	.	0.612261
155	20	<eos>	-0.0
156	1	She	0.0
156	2	knows	11.608641
156	3	who	6.4446
156	4	the	4.386521
156	5	woman	5.698281
156	6	said	10.968573
156	7	her	6.8239
156	8	friend	6.529106
156	9	believed	10.717023
156	10	she	3.132949
156	11	knew	7.099982
156	12	the	3.365771
156	13	man	5.725743
156	14	could	6.473001
156	15	congratulate	14.930866
156	16	the	5.044597
156	17	writer	13.594769
156	18	after	9.329099
156	19	the	2.775873
156	20	ceremony	8.78259
156	21	.	0.605778
156	22	<eos>	-0.0
157	1	She	0.0
157	2	knows	11.608641
157	3	that	2.279035
157	4	the	2.521865
157	5	woman	6.550632
157	6	said	11.25001
157	7	her	5.48167
157	8	friend	7.016902
157	9	believed	10.159
157	10	she	2.503936
157	11	knew	7.217198
157	12	could	13.671949
157	13	congratulate	14.559939
157	14	the	5.760251
157	15	writer	12.321489
157	16	after	9.054417
157	17	the	2.679064
157	18	ceremony	8.415772
157	19	.	0.660798
157	20	<eos>	-0.0
158	1	She	0.0
158	2	knows	11.608641
158	3	that	2.279035
158	4	the	2.521865
158	5	woman	6.550632
158	6	said	11.25001
158	7	her	5.48167
158	8	friend	7.016902
158	9	believed	10.159
158	10	she	2.503936
158	11	knew	7.217198
158	12	the	3.343685
158	13	man	5.919961
158	14	could	6.411977
158	15	congratulate	15.044829
158	16	the	5.234541
158	17	writer	13.640606
158	18	after	9.209289
158	19	the	2.846023
158	20	ceremony	8.709061
158	21	.	0.63944
158	22	<eos>	-0.0
159	1	She	0.0
159	2	knows	11.608641
159	3	who	6.4446
159	4	the	4.386521
159	5	woman	5.698281
159	6	said	10.968573
159	7	her	6.8239
159	8	friend	6.529106
159	9	believed	10.717023
159	10	she	3.132949
159	11	knew	7.099982
159	12	could	11.77636
159	13	congratulate	14.494744
159	14	the	5.605837
159	15	writer	12.162498
159	16	after	9.348021
159	17	the	2.599936
159	18	ceremony	8.608311
159	19	.	0.612261
159	20	<eos>	-0.0
160	1	She	0.0
160	2	knows	11.608641
160	3	who	6.4446
160	4	the	4.386521
160	5	woman	5.698281
160	6	said	10.968573
160	7	her	6.8239
160	8	friend	6.529106
160	9	believed	10.717023
160	10	she	3.132949
160	11	knew	7.099982
160	12	the	3.365771
160	13	man	5.725743
160	14	could	6.473001
160	15	congratulate	14.930866
160	16	the	5.044597
160	17	writer	13.594769
160	18	after	9.329099
160	19	the	2.775873
160	20	ceremony	8.78259
160	21	.	0.605778
160	22	<eos>	-0.0
161	1	He	0.0
161	2	knows	11.52312
161	3	that	2.297416
161	4	should	13.076835
161	5	support	12.864949
161	6	the	1.952019
161	7	principal	13.449789
161	8	during	13.306658
161	9	the	1.110971
161	10	town	12.604621
161	11	meeting	7.388444
161	12	.	1.949212
161	13	<eos>	-0.0
162	1	He	0.0
162	2	knows	11.52312
162	3	that	2.297416
162	4	the	2.267236
162	5	mayor	12.037817
162	6	should	6.008269
162	7	support	10.903234
162	8	the	1.386837
162	9	principal	13.593173
162	10	during	12.226116
162	11	the	0.818331
162	12	town	10.735693
162	13	meeting	6.750293
162	14	.	1.286978
162	15	<eos>	-0.0
163	1	He	0.0
163	2	knows	11.52312
163	3	who	6.622077
163	4	should	7.562753
163	5	support	10.321016
163	6	the	1.409216
163	7	principal	13.481922
163	8	during	11.615336
163	9	the	1.030028
163	10	town	12.257603
163	11	meeting	7.393699
163	12	.	1.031748
163	13	<eos>	-0.0
164	1	He	0.0
164	2	knows	11.52312
164	3	who	6.622077
164	4	the	4.020604
164	5	mayor	11.530698
164	6	should	5.926888
164	7	support	10.675483
164	8	the	3.379274
164	9	principal	13.144987
164	10	during	11.746825
164	11	the	0.822799
164	12	town	10.49112
164	13	meeting	6.76772
164	14	.	1.011442
164	15	<eos>	-0.0
165	1	He	0.0
165	2	knows	11.52312
165	3	that	2.297416
165	4	the	2.267236
165	5	politician	14.967807
165	6	believed	11.633501
165	7	should	11.800284
165	8	support	9.606374
165	9	the	1.385487
165	10	principal	14.407435
165	11	during	12.639104
165	12	the	0.873008
165	13	town	12.439955
165	14	meeting	6.938554
165	15	.	1.200461
165	16	<eos>	-0.0
166	1	He	0.0
166	2	knows	11.52312
166	3	that	2.297416
166	4	the	2.267236
166	5	politician	14.967807
166	6	believed	11.633501
166	7	the	3.331327
166	8	mayor	10.985822
166	9	should	3.852862
166	10	support	9.662013
166	11	the	1.434074
166	12	principal	14.115158
166	13	during	12.190126
166	14	the	0.793849
166	15	town	11.224317
166	16	meeting	6.869017
166	17	.	1.196282
166	18	<eos>	-0.0
167	1	He	0.0
167	2	knows	11.52312
167	3	who	6.622077
167	4	the	4.020604
167	5	politician	13.904466
167	6	believed	11.542779
167	7	should	8.173252
167	8	support	10.288349
167	9	the	1.365056
167	10	principal	14.357461
167	11	during	12.222735
167	12	the	0.841485
167	13	town	12.441702
167	14	meeting	7.165203
167	15	.	1.00867
167	16	<eos>	-0.0
168	1	He	0.0
168	2	knows	11.52312
168	3	who	6.622077
168	4	the	4.020604
168	5	politician	13.904466
168	6	believed	11.542779
168	7	the	4.608828
168	8	mayor	11.6376
168	9	should	5.182967
168	10	support	10.533094
168	11	the	3.119867
168	12	principal	13.564519
168	13	during	11.629287
168	14	the	0.772444
168	15	town	10.70674
168	16	meeting	6.971791
168	17	.	0.934104
168	18	<eos>	-0.0
169	1	He	0.0
169	2	knows	11.52312
169	3	that	2.297416
169	4	the	2.267236
169	5	politician	14.967807
169	6	believed	11.633501
169	7	the	3.331327
169	8	donors	16.603514
169	9	said	12.959674
169	10	should	10.124237
169	11	support	8.220264
169	12	the	1.583931
169	13	principal	14.253391
169	14	during	13.175177
169	15	the	0.871268
169	16	town	12.738353
169	17	meeting	6.777586
169	18	.	1.014215
169	19	<eos>	-0.0
170	1	He	0.0
170	2	knows	11.52312
170	3	that	2.297416
170	4	the	2.267236
170	5	politician	14.967807
170	6	believed	11.633501
170	7	the	3.331327
170	8	donors	16.603514
170	9	said	12.959674
170	10	the	3.583243
170	11	mayor	10.391011
170	12	should	3.438828
170	13	support	8.759071
170	14	the	1.395439
170	15	principal	14.268391
170	16	during	12.214782
170	17	the	0.74926
170	18	town	11.398188
170	19	meeting	6.456112
170	20	.	1.039592
170	21	<eos>	-0.0
171	1	He	0.0
171	2	knows	11.52312
171	3	who	6.622077
171	4	the	4.020604
171	5	politician	13.904466
171	6	believed	11.542779
171	7	the	4.608828
171	8	donors	16.685568
171	9	said	11.576261
171	10	should	8.519751
171	11	support	9.145022
171	12	the	1.442149
171	13	principal	13.9965
171	14	during	12.755084
171	15	the	0.832047
171	16	town	12.816133
171	17	meeting	7.145093
171	18	.	0.815834
171	19	<eos>	-0.0
172	1	He	0.0
172	2	knows	11.52312
172	3	who	6.622077
172	4	the	4.020604
172	5	politician	13.904466
172	6	believed	11.542779
172	7	the	4.608828
172	8	donors	16.685568
172	9	said	11.576261
172	10	the	5.401261
172	11	mayor	9.902477
172	12	should	5.621832
172	13	support	9.301591
172	14	the	3.136682
172	15	principal	13.821405
172	16	during	11.92533
172	17	the	0.740226
172	18	town	11.190327
172	19	meeting	6.862484
172	20	.	0.827728
172	21	<eos>	-0.0
173	1	He	0.0
173	2	knows	11.52312
173	3	that	2.297416
173	4	the	2.267236
173	5	politician	14.967807
173	6	believed	11.633501
173	7	the	3.331327
173	8	donors	16.603514
173	9	said	12.959674
173	10	they	2.700553
173	11	knew	7.692841
173	12	should	13.250625
173	13	support	9.380442
173	14	the	1.664697
173	15	principal	13.987956
173	16	during	13.100764
173	17	the	0.842232
173	18	town	12.300667
173	19	meeting	6.572991
173	20	.	0.922136
173	21	<eos>	-0.0
174	1	He	0.0
174	2	knows	11.52312
174	3	that	2.297416
174	4	the	2.267236
174	5	politician	14.967807
174	6	believed	11.633501
174	7	the	3.331327
174	8	donors	16.603514
174	9	said	12.959674
174	10	they	2.700553
174	11	knew	7.692841
174	12	the	2.830935
174	13	mayor	11.798769
174	14	should	4.225868
174	15	support	9.307014
174	16	the	1.422622
174	17	principal	14.2933
174	18	during	12.630421
174	19	the	0.752629
174	20	town	11.259959
174	21	meeting	6.629321
174	22	.	0.773611
174	23	<eos>	-0.0
175	1	He	0.0
175	2	knows	11.52312
175	3	who	6.622077
175	4	the	4.020604
175	5	politician	13.904466
175	6	believed	11.542779
175	7	the	4.608828
175	8	donors	16.685568
175	9	said	11.576261
175	10	they	4.81997
175	11	knew	6.771973
175	12	should	11.033305
175	13	support	9.926509
175	14	the	1.579769
175	15	principal	13.959006
175	16	during	12.725842
175	17	the	0.84752
175	18	town	12.615335
175	19	meeting	6.975325
175	20	.	0.759788
175	21	<eos>	-0.0
176	1	He	0.0
176	2	knows	11.52312
176	3	who	6.622077
176	4	the	4.020604
176	5	politician	13.904466
176	6	believed	11.542779
176	7	the	4.608828
176	8	donors	16.685568
176	9	said	11.576261
176	10	they	4.81997
176	11	knew	6.771973
176	12	the	3.72908
176	13	mayor	11.152414
176	14	should	6.602079
176	15	support	9.409684
176	16	the	1.692779
176	17	principal	14.146638
176	18	during	12.232972
176	19	the	0.77606
176	20	town	11.266596
176	21	meeting	7.077203
176	22	.	0.715897
176	23	<eos>	-0.0
177	1	He	0.0
177	2	knows	11.52312
177	3	that	2.297416
177	4	the	2.267236
177	5	politician	14.967807
177	6	believed	11.633501
177	7	the	3.331327
177	8	donors	16.603514
177	9	said	12.959674
177	10	they	2.700553
177	11	knew	7.692841
177	12	should	13.250625
177	13	support	9.380442
177	14	the	1.664697
177	15	principal	13.987956
177	16	during	13.100764
177	17	the	0.842232
177	18	town	12.300667
177	19	meeting	6.572991
177	20	.	0.922136
177	21	<eos>	-0.0
178	1	He	0.0
178	2	knows	11.52312
178	3	that	2.297416
178	4	the	2.267236
178	5	politician	14.967807
178	6	believed	11.633501
178	7	the	3.331327
178	8	donors	16.603514
178	9	said	12.959674
178	10	they	2.700553
178	11	knew	7.692841
178	12	the	2.830935
178	13	mayor	11.798769
178	14	should	4.225868
178	15	support	9.307014
178	16	the	1.422622
178	17	principal	14.2933
178	18	during	12.630421
178	19	the	0.752629
178	20	town	11.259959
178	21	meeting	6.629321
178	22	.	0.773611
178	23	<eos>	-0.0
179	1	He	0.0
179	2	knows	11.52312
179	3	who	6.622077
179	4	the	4.020604
179	5	politician	13.904466
179	6	believed	11.542779
179	7	the	4.608828
179	8	donors	16.685568
179	9	said	11.576261
179	10	they	4.81997
179	11	knew	6.771973
179	12	should	11.033305
179	13	support	9.926509
179	14	the	1.579769
179	15	principal	13.959006
179	16	during	12.725842
179	17	the	0.84752
179	18	town	12.615335
179	19	meeting	6.975325
179	20	.	0.759788
179	21	<eos>	-0.0
180	1	He	0.0
180	2	knows	11.52312
180	3	who	6.622077
180	4	the	4.020604
180	5	politician	13.904466
180	6	believed	11.542779
180	7	the	4.608828
180	8	donors	16.685568
180	9	said	11.576261
180	10	they	4.81997
180	11	knew	6.771973
180	12	the	3.72908
180	13	mayor	11.152414
180	14	should	6.602079
180	15	support	9.409684
180	16	the	1.692779
180	17	principal	14.146638
180	18	during	12.232972
180	19	the	0.77606
180	20	town	11.266596
180	21	meeting	7.077203
180	22	.	0.715897
180	23	<eos>	-0.0
181	1	You	0.0
181	2	know	6.225534
181	3	that	3.970907
181	4	did	13.994121
181	5	greet	18.774508
181	6	the	2.309406
181	7	teacher	9.691068
181	8	on	6.843421
181	9	the	1.159092
181	10	sidewalk	10.058142
181	11	.	1.681048
181	12	<eos>	-0.0
182	1	You	0.0
182	2	know	6.225534
182	3	that	3.970907
182	4	the	2.063794
182	5	firefighter	18.926569
182	6	did	8.555723
182	7	greet	17.151327
182	8	the	2.402892
182	9	teacher	12.38284
182	10	on	5.857073
182	11	the	1.215176
182	12	sidewalk	8.184903
182	13	.	2.163574
182	14	<eos>	-0.0
183	1	You	0.0
183	2	know	6.225534
183	3	who	7.834128
183	4	did	7.352716
183	5	greet	15.580132
183	6	the	2.257771
183	7	teacher	11.856113
183	8	on	6.915422
183	9	the	1.202021
183	10	sidewalk	9.654806
183	11	.	1.48786
183	12	<eos>	-0.0
184	1	You	0.0
184	2	know	6.225534
184	3	who	7.834128
184	4	the	4.899722
184	5	firefighter	18.204264
184	6	did	8.082619
184	7	greet	16.896187
184	8	the	3.084708
184	9	teacher	12.714402
184	10	on	6.708466
184	11	the	1.158247
184	12	sidewalk	8.927706
184	13	.	1.479723
184	14	<eos>	-0.0
185	1	You	0.0
185	2	know	6.225534
185	3	that	3.970907
185	4	the	2.063794
185	5	woman	10.021988
185	6	reported	12.559136
185	7	did	12.694105
185	8	greet	17.733294
185	9	the	2.668174
185	10	teacher	10.044501
185	11	on	5.791708
185	12	the	1.273545
185	13	sidewalk	9.327527
185	14	.	2.08145
185	15	<eos>	-0.0
186	1	You	0.0
186	2	know	6.225534
186	3	that	3.970907
186	4	the	2.063794
186	5	woman	10.021988
186	6	reported	12.559136
186	7	the	3.431336
186	8	firefighter	19.716497
186	9	did	9.175498
186	10	greet	17.770277
186	11	the	2.567012
186	12	teacher	12.295797
186	13	on	5.680738
186	14	the	1.230048
186	15	sidewalk	8.582277
186	16	.	1.819782
186	17	<eos>	-0.0
187	1	You	0.0
187	2	know	6.225534
187	3	who	7.834128
187	4	the	4.899722
187	5	woman	9.275633
187	6	reported	13.015808
187	7	did	9.943845
187	8	greet	18.599152
187	9	the	2.645937
187	10	teacher	10.038556
187	11	on	6.626492
187	12	the	1.127093
187	13	sidewalk	9.717737
187	14	.	1.359515
187	15	<eos>	-0.0
188	1	You	0.0
188	2	know	6.225534
188	3	who	7.834128
188	4	the	4.899722
188	5	woman	9.275633
188	6	reported	13.015808
188	7	the	5.648842
188	8	firefighter	18.785463
188	9	did	7.66223
188	10	greet	18.414402
188	11	the	3.45999
188	12	teacher	12.643389
188	13	on	6.384015
188	14	the	1.168634
188	15	sidewalk	8.971253
188	16	.	1.405314
188	17	<eos>	-0.0
189	1	You	0.0
189	2	know	6.225534
189	3	that	3.970907
189	4	the	2.063794
189	5	woman	10.021988
189	6	reported	12.559136
189	7	the	3.431336
189	8	neighbors	17.502647
189	9	believed	10.562356
189	10	did	10.215178
189	11	greet	18.662127
189	12	the	2.679499
189	13	teacher	10.909912
189	14	on	6.879829
189	15	the	1.192134
189	16	sidewalk	8.85566
189	17	.	1.256787
189	18	<eos>	-0.0
190	1	You	0.0
190	2	know	6.225534
190	3	that	3.970907
190	4	the	2.063794
190	5	woman	10.021988
190	6	reported	12.559136
190	7	the	3.431336
190	8	neighbors	17.502647
190	9	believed	10.562356
190	10	the	3.645252
190	11	firefighter	17.595919
190	12	did	7.575259
190	13	greet	17.9834
190	14	the	3.021282
190	15	teacher	12.670714
190	16	on	6.087216
190	17	the	1.253981
190	18	sidewalk	7.695697
190	19	.	1.515549
190	20	<eos>	-0.0
191	1	You	0.0
191	2	know	6.225534
191	3	who	7.834128
191	4	the	4.899722
191	5	woman	9.275633
191	6	reported	13.015808
191	7	the	5.648842
191	8	neighbors	16.127964
191	9	believed	9.698329
191	10	did	8.891634
191	11	greet	18.295431
191	12	the	2.678239
191	13	teacher	10.532073
191	14	on	7.601417
191	15	the	1.07048
191	16	sidewalk	8.860264
191	17	.	1.041625
191	18	<eos>	-0.0
192	1	You	0.0
192	2	know	6.225534
192	3	who	7.834128
192	4	the	4.899722
192	5	woman	9.275633
192	6	reported	13.015808
192	7	the	5.648842
192	8	neighbors	16.127964
192	9	believed	9.698329
192	10	the	6.771507
192	11	firefighter	17.816992
192	12	did	6.718553
192	13	greet	19.387671
192	14	the	3.788879
192	15	teacher	12.924166
192	16	on	6.913534
192	17	the	1.20961
192	18	sidewalk	8.431045
192	19	.	1.173579
192	20	<eos>	-0.0
193	1	You	0.0
193	2	know	6.225534
193	3	that	3.970907
193	4	the	2.063794
193	5	woman	10.021988
193	6	reported	12.559136
193	7	the	3.431336
193	8	neighbors	17.502647
193	9	believed	10.562356
193	10	they	4.273649
193	11	knew	6.98226
193	12	did	13.934286
193	13	greet	17.818464
193	14	the	2.721653
193	15	teacher	10.754457
193	16	on	6.737611
193	17	the	1.218017
193	18	sidewalk	8.922027
193	19	.	1.194847
193	20	<eos>	-0.0
194	1	You	0.0
194	2	know	6.225534
194	3	that	3.970907
194	4	the	2.063794
194	5	woman	10.021988
194	6	reported	12.559136
194	7	the	3.431336
194	8	neighbors	17.502647
194	9	believed	10.562356
194	10	they	4.273649
194	11	knew	6.98226
194	12	the	3.12088
194	13	firefighter	19.403553
194	14	did	7.16802
194	15	greet	18.432911
194	16	the	3.024378
194	17	teacher	12.903448
194	18	on	6.275049
194	19	the	1.23853
194	20	sidewalk	7.975704
194	21	.	1.262568
194	22	<eos>	-0.0
195	1	You	0.0
195	2	know	6.225534
195	3	who	7.834128
195	4	the	4.899722
195	5	woman	9.275633
195	6	reported	13.015808
195	7	the	5.648842
195	8	neighbors	16.127964
195	9	believed	9.698329
195	10	they	7.472342
195	11	knew	6.268283
195	12	did	10.43516
195	13	greet	19.103146
195	14	the	2.978001
195	15	teacher	10.722661
195	16	on	7.748693
195	17	the	1.069745
195	18	sidewalk	8.938275
195	19	.	0.922153
195	20	<eos>	-0.0
196	1	You	0.0
196	2	know	6.225534
196	3	who	7.834128
196	4	the	4.899722
196	5	woman	9.275633
196	6	reported	13.015808
196	7	the	5.648842
196	8	neighbors	16.127964
196	9	believed	9.698329
196	10	they	7.472342
196	11	knew	6.268283
196	12	the	4.869418
196	13	firefighter	18.896509
196	14	did	6.510167
196	15	greet	18.77269
196	16	the	3.288509
196	17	teacher	12.927485
196	18	on	6.895927
196	19	the	1.187415
196	20	sidewalk	8.385022
196	21	.	1.069675
196	22	<eos>	-0.0
197	1	You	0.0
197	2	know	6.225534
197	3	that	3.970907
197	4	the	2.063794
197	5	woman	10.021988
197	6	reported	12.559136
197	7	the	3.431336
197	8	neighbors	17.502647
197	9	believed	10.562356
197	10	they	4.273649
197	11	knew	6.98226
197	12	did	13.934286
197	13	greet	17.818464
197	14	the	2.721653
197	15	teacher	10.754457
197	16	on	6.737611
197	17	the	1.218017
197	18	sidewalk	8.922027
197	19	.	1.194847
197	20	<eos>	-0.0
198	1	You	0.0
198	2	know	6.225534
198	3	that	3.970907
198	4	the	2.063794
198	5	woman	10.021988
198	6	reported	12.559136
198	7	the	3.431336
198	8	neighbors	17.502647
198	9	believed	10.562356
198	10	they	4.273649
198	11	knew	6.98226
198	12	the	3.12088
198	13	firefighter	19.403553
198	14	did	7.16802
198	15	greet	18.432911
198	16	the	3.024378
198	17	teacher	12.903448
198	18	on	6.275049
198	19	the	1.23853
198	20	sidewalk	7.975704
198	21	.	1.262568
198	22	<eos>	-0.0
199	1	You	0.0
199	2	know	6.225534
199	3	who	7.834128
199	4	the	4.899722
199	5	woman	9.275633
199	6	reported	13.015808
199	7	the	5.648842
199	8	neighbors	16.127964
199	9	believed	9.698329
199	10	they	7.472342
199	11	knew	6.268283
199	12	did	10.43516
199	13	greet	19.103146
199	14	the	2.978001
199	15	teacher	10.722661
199	16	on	7.748693
199	17	the	1.069745
199	18	sidewalk	8.938275
199	19	.	0.922153
199	20	<eos>	-0.0
200	1	You	0.0
200	2	know	6.225534
200	3	who	7.834128
200	4	the	4.899722
200	5	woman	9.275633
200	6	reported	13.015808
200	7	the	5.648842
200	8	neighbors	16.127964
200	9	believed	9.698329
200	10	they	7.472342
200	11	knew	6.268283
200	12	the	4.869418
200	13	firefighter	18.896509
200	14	did	6.510167
200	15	greet	18.77269
200	16	the	3.288509
200	17	teacher	12.927485
200	18	on	6.895927
200	19	the	1.187415
200	20	sidewalk	8.385022
200	21	.	1.069675
200	22	<eos>	-0.0
201	1	I	0.0
201	2	know	6.278276
201	3	that	2.352433
201	4	might	14.406142
201	5	have	2.0942
201	6	assassinated	18.21526
201	7	the	2.175825
201	8	politician	11.326235
201	9	yesterday	17.203295
201	10	night	14.115469
201	11	.	1.146331
201	12	<eos>	-0.0
202	1	I	0.0
202	2	know	6.278276
202	3	that	2.352433
202	4	the	2.35511
202	5	spy	16.144245
202	6	might	9.044742
202	7	have	1.862949
202	8	assassinated	14.743997
202	9	the	2.258433
202	10	politician	12.228513
202	11	yesterday	17.261833
202	12	night	13.700922
202	13	.	1.306384
202	14	<eos>	-0.0
203	1	I	0.0
203	2	know	6.278276
203	3	who	6.580016
203	4	might	8.6036
203	5	have	1.603196
203	6	assassinated	15.469325
203	7	the	2.204376
203	8	politician	11.966853
203	9	yesterday	17.012274
203	10	night	13.961632
203	11	.	1.107421
203	12	<eos>	-0.0
204	1	I	0.0
204	2	know	6.278276
204	3	who	6.580016
204	4	the	5.056487
204	5	spy	14.881692
204	6	might	7.964957
204	7	have	1.659204
204	8	assassinated	14.553343
204	9	the	4.008848
204	10	politician	12.371239
204	11	yesterday	16.429996
204	12	night	13.959802
204	13	.	1.018072
204	14	<eos>	-0.0
205	1	I	0.0
205	2	know	6.278276
205	3	that	2.352433
205	4	the	2.35511
205	5	agent	13.296741
205	6	thought	10.532585
205	7	might	11.98438
205	8	have	1.673492
205	9	assassinated	17.335056
205	10	the	2.258312
205	11	politician	11.592493
205	12	yesterday	17.588951
205	13	night	14.04322
205	14	.	1.233815
205	15	<eos>	-0.0
206	1	I	0.0
206	2	know	6.278276
206	3	that	2.352433
206	4	the	2.35511
206	5	agent	13.296741
206	6	thought	10.532585
206	7	the	3.367088
206	8	spy	13.48239
206	9	might	6.685519
206	10	have	1.569414
206	11	assassinated	14.462872
206	12	the	2.3917
206	13	politician	12.682962
206	14	yesterday	17.350161
206	15	night	13.974311
206	16	.	1.19509
206	17	<eos>	-0.0
207	1	I	0.0
207	2	know	6.278276
207	3	who	6.580016
207	4	the	5.056487
207	5	agent	11.59055
207	6	thought	10.370024
207	7	might	8.65448
207	8	have	2.223497
207	9	assassinated	18.042587
207	10	the	2.58272
207	11	politician	11.489627
207	12	yesterday	17.389141
207	13	night	13.990108
207	14	.	0.963379
207	15	<eos>	-0.0
208	1	I	0.0
208	2	know	6.278276
208	3	who	6.580016
208	4	the	5.056487
208	5	agent	11.59055
208	6	thought	10.370024
208	7	the	5.128903
208	8	spy	13.621744
208	9	might	7.113976
208	10	have	1.307139
208	11	assassinated	14.223058
208	12	the	4.693756
208	13	politician	11.954537
208	14	yesterday	16.777803
208	15	night	13.910831
208	16	.	0.930541
208	17	<eos>	-0.0
209	1	I	0.0
209	2	know	6.278276
209	3	that	2.352433
209	4	the	2.35511
209	5	agent	13.296741
209	6	thought	10.532585
209	7	the	3.367088
209	8	witness	13.341525
209	9	said	8.739589
209	10	might	12.313553
209	11	have	1.702073
209	12	assassinated	16.568127
209	13	the	2.376082
209	14	politician	11.714734
209	15	yesterday	17.180845
209	16	night	13.987734
209	17	.	1.13317
209	18	<eos>	-0.0
210	1	I	0.0
210	2	know	6.278276
210	3	that	2.352433
210	4	the	2.35511
210	5	agent	13.296741
210	6	thought	10.532585
210	7	the	3.367088
210	8	witness	13.341525
210	9	said	8.739589
210	10	the	3.185339
210	11	spy	11.024156
210	12	might	7.605357
210	13	have	1.385879
210	14	assassinated	13.816192
210	15	the	2.534518
210	16	politician	12.719934
210	17	yesterday	17.582487
210	18	night	13.754775
210	19	.	1.105702
210	20	<eos>	-0.0
211	1	I	0.0
211	2	know	6.278276
211	3	who	6.580016
211	4	the	5.056487
211	5	agent	11.59055
211	6	thought	10.370024
211	7	the	5.128903
211	8	witness	13.956094
211	9	said	6.872687
211	10	might	8.944915
211	11	have	2.108629
211	12	assassinated	17.288074
211	13	the	2.556159
211	14	politician	11.122683
211	15	yesterday	17.240686
211	16	night	13.577726
211	17	.	0.946033
211	18	<eos>	-0.0
212	1	I	0.0
212	2	know	6.278276
212	3	who	6.580016
212	4	the	5.056487
212	5	agent	11.59055
212	6	thought	10.370024
212	7	the	5.128903
212	8	witness	13.956094
212	9	said	6.872687
212	10	the	6.294747
212	11	spy	12.031071
212	12	might	8.055648
212	13	have	1.163566
212	14	assassinated	13.396008
212	15	the	4.676822
212	16	politician	11.859156
212	17	yesterday	16.839964
212	18	night	13.273166
212	19	.	0.904177
212	20	<eos>	-0.0
213	1	I	0.0
213	2	know	6.278276
213	3	that	2.352433
213	4	the	2.35511
213	5	agent	13.296741
213	6	thought	10.532585
213	7	the	3.367088
213	8	witness	13.341525
213	9	said	8.739589
213	10	he	3.897701
213	11	knew	5.694445
213	12	might	14.502498
213	13	have	1.513198
213	14	assassinated	16.183876
213	15	the	2.640799
213	16	politician	11.784987
213	17	yesterday	17.49461
213	18	night	13.758587
213	19	.	1.08577
213	20	<eos>	-0.0
214	1	I	0.0
214	2	know	6.278276
214	3	that	2.352433
214	4	the	2.35511
214	5	agent	13.296741
214	6	thought	10.532585
214	7	the	3.367088
214	8	witness	13.341525
214	9	said	8.739589
214	10	he	3.897701
214	11	knew	5.694445
214	12	the	2.836133
214	13	spy	12.034306
214	14	might	8.424663
214	15	have	1.449689
214	16	assassinated	14.398093
214	17	the	2.830945
214	18	politician	12.304745
214	19	yesterday	17.879765
214	20	night	13.960439
214	21	.	0.965124
214	22	<eos>	-0.0
215	1	I	0.0
215	2	know	6.278276
215	3	who	6.580016
215	4	the	5.056487
215	5	agent	11.59055
215	6	thought	10.370024
215	7	the	5.128903
215	8	witness	13.956094
215	9	said	6.872687
215	10	he	6.420309
215	11	knew	5.062561
215	12	might	11.281354
215	13	have	1.470873
215	14	assassinated	16.93841
215	15	the	2.947448
215	16	politician	11.108399
215	17	yesterday	17.346527
215	18	night	13.375091
215	19	.	0.902925
215	20	<eos>	-0.0
216	1	I	0.0
216	2	know	6.278276
216	3	who	6.580016
216	4	the	5.056487
216	5	agent	11.59055
216	6	thought	10.370024
216	7	the	5.128903
216	8	witness	13.956094
216	9	said	6.872687
216	10	he	6.420309
216	11	knew	5.062561
216	12	the	4.328557
216	13	spy	12.392462
216	14	might	7.941951
216	15	have	1.271767
216	16	assassinated	14.599866
216	17	the	2.952056
216	18	politician	11.730334
216	19	yesterday	17.648996
216	20	night	13.282344
216	21	.	0.855135
216	22	<eos>	-0.0
217	1	I	0.0
217	2	know	6.278276
217	3	that	2.352433
217	4	the	2.35511
217	5	agent	13.296741
217	6	thought	10.532585
217	7	the	3.367088
217	8	witness	13.341525
217	9	said	8.739589
217	10	he	3.897701
217	11	knew	5.694445
217	12	might	14.502498
217	13	have	1.513198
217	14	assassinated	16.183876
217	15	the	2.640799
217	16	politician	11.784987
217	17	yesterday	17.49461
217	18	night	13.758587
217	19	.	1.08577
217	20	<eos>	-0.0
218	1	I	0.0
218	2	know	6.278276
218	3	that	2.352433
218	4	the	2.35511
218	5	agent	13.296741
218	6	thought	10.532585
218	7	the	3.367088
218	8	witness	13.341525
218	9	said	8.739589
218	10	he	3.897701
218	11	knew	5.694445
218	12	the	2.836133
218	13	spy	12.034306
218	14	might	8.424663
218	15	have	1.449689
218	16	assassinated	14.398093
218	17	the	2.830945
218	18	politician	12.304745
218	19	yesterday	17.879765
218	20	night	13.960439
218	21	.	0.965124
218	22	<eos>	-0.0
219	1	I	0.0
219	2	know	6.278276
219	3	who	6.580016
219	4	the	5.056487
219	5	agent	11.59055
219	6	thought	10.370024
219	7	the	5.128903
219	8	witness	13.956094
219	9	said	6.872687
219	10	he	6.420309
219	11	knew	5.062561
219	12	might	11.281354
219	13	have	1.470873
219	14	assassinated	16.93841
219	15	the	2.947448
219	16	politician	11.108399
219	17	yesterday	17.346527
219	18	night	13.375091
219	19	.	0.902925
219	20	<eos>	-0.0
220	1	I	0.0
220	2	know	6.278276
220	3	who	6.580016
220	4	the	5.056487
220	5	agent	11.59055
220	6	thought	10.370024
220	7	the	5.128903
220	8	witness	13.956094
220	9	said	6.872687
220	10	he	6.420309
220	11	knew	5.062561
220	12	the	4.328557
220	13	spy	12.392462
220	14	might	7.941951
220	15	have	1.271767
220	16	assassinated	14.599866
220	17	the	2.952056
220	18	politician	11.730334
220	19	yesterday	17.648996
220	20	night	13.282344
220	21	.	0.855135
220	22	<eos>	-0.0
221	1	He	0.0
221	2	recalled	11.830338
221	3	that	2.828473
221	4	did	14.621815
221	5	frighten	18.7264
221	6	the	3.75927
221	7	protesters	9.867687
221	8	over	8.92032
221	9	the	1.676123
221	10	weekend	9.76805
221	11	.	1.610532
221	12	<eos>	-0.0
222	1	He	0.0
222	2	recalled	11.830338
222	3	that	2.828473
222	4	the	2.424241
222	5	police	8.775201
222	6	did	5.188576
222	7	frighten	17.943117
222	8	the	2.664305
222	9	protesters	5.742625
222	10	over	7.79764
222	11	the	1.346411
222	12	weekend	8.399176
222	13	.	1.878725
222	14	<eos>	-0.0
223	1	He	0.0
223	2	recalled	11.830338
223	3	who	10.627078
223	4	did	6.489773
223	5	frighten	18.918329
223	6	the	2.675756
223	7	protesters	9.788414
223	8	over	8.692156
223	9	the	1.320612
223	10	weekend	7.887936
223	11	.	1.375403
223	12	<eos>	-0.0
224	1	He	0.0
224	2	recalled	11.830338
224	3	who	10.627078
224	4	the	5.534445
224	5	police	7.564179
224	6	did	5.647596
224	7	frighten	18.289661
224	8	the	3.897844
224	9	protesters	6.749785
224	10	over	7.702427
224	11	the	1.967317
224	12	weekend	8.22448
224	13	.	1.312976
224	14	<eos>	-0.0
225	1	He	0.0
225	2	recalled	11.830338
225	3	that	2.828473
225	4	the	2.424241
225	5	inspector	15.160929
225	6	believed	8.391364
225	7	did	16.760311
225	8	frighten	15.704397
225	9	the	3.104745
225	10	protesters	8.776247
225	11	over	9.02064
225	12	the	1.559047
225	13	weekend	10.207117
225	14	.	1.351606
225	15	<eos>	-0.0
226	1	He	0.0
226	2	recalled	11.830338
226	3	that	2.828473
226	4	the	2.424241
226	5	inspector	15.160929
226	6	believed	8.391364
226	7	the	3.057616
226	8	police	7.438522
226	9	did	5.663022
226	10	frighten	16.882595
226	11	the	2.595925
226	12	protesters	5.196617
226	13	over	8.301308
226	14	the	1.257089
226	15	weekend	8.465196
226	16	.	1.427292
226	17	<eos>	-0.0
227	1	He	0.0
227	2	recalled	11.830338
227	3	who	10.627078
227	4	the	5.534445
227	5	inspector	13.418629
227	6	believed	7.693312
227	7	did	7.850505
227	8	frighten	15.84987
227	9	the	2.84224
227	10	protesters	8.243032
227	11	over	9.178941
227	12	the	1.200178
227	13	weekend	9.572863
227	14	.	1.16372
227	15	<eos>	-0.0
228	1	He	0.0
228	2	recalled	11.830338
228	3	who	10.627078
228	4	the	5.534445
228	5	inspector	13.418629
228	6	believed	7.693312
228	7	the	4.391393
228	8	police	7.507843
228	9	did	5.759284
228	10	frighten	16.777464
228	11	the	3.012674
228	12	protesters	5.660907
228	13	over	8.40981
228	14	the	1.239677
228	15	weekend	8.482491
228	16	.	1.170606
228	17	<eos>	-0.0
229	1	He	0.0
229	2	recalled	11.830338
229	3	that	2.828473
229	4	the	2.424241
229	5	inspector	15.160929
229	6	believed	8.391364
229	7	the	3.057616
229	8	detective	13.220379
229	9	concluded	16.099051
229	10	did	14.843573
229	11	frighten	14.307194
229	12	the	3.542042
229	13	protesters	8.715826
229	14	over	9.256538
229	15	the	1.384909
229	16	weekend	9.973663
229	17	.	1.236771
229	18	<eos>	-0.0
230	1	He	0.0
230	2	recalled	11.830338
230	3	that	2.828473
230	4	the	2.424241
230	5	inspector	15.160929
230	6	believed	8.391364
230	7	the	3.057616
230	8	detective	13.220379
230	9	concluded	16.099051
230	10	the	3.53861
230	11	police	6.891437
230	12	did	5.563046
230	13	frighten	17.312088
230	14	the	3.026492
230	15	protesters	5.616326
230	16	over	8.421444
230	17	the	1.245527
230	18	weekend	8.573807
230	19	.	1.22085
230	20	<eos>	-0.0
231	1	He	0.0
231	2	recalled	11.830338
231	3	who	10.627078
231	4	the	5.534445
231	5	inspector	13.418629
231	6	believed	7.693312
231	7	the	4.391393
231	8	detective	13.572674
231	9	concluded	16.340487
231	10	did	12.307761
231	11	frighten	14.25332
231	12	the	3.779945
231	13	protesters	8.652351
231	14	over	9.296546
231	15	the	1.412242
231	16	weekend	9.9228
231	17	.	1.063045
231	18	<eos>	-0.0
232	1	He	0.0
232	2	recalled	11.830338
232	3	who	10.627078
232	4	the	5.534445
232	5	inspector	13.418629
232	6	believed	7.693312
232	7	the	4.391393
232	8	detective	13.572674
232	9	concluded	16.340487
232	10	the	3.539853
232	11	police	6.953598
232	12	did	5.742823
232	13	frighten	17.199806
232	14	the	3.350049
232	15	protesters	5.822033
232	16	over	8.470248
232	17	the	1.2587
232	18	weekend	8.564389
232	19	.	1.054731
232	20	<eos>	-0.0
233	1	He	0.0
233	2	recalled	11.830338
233	3	that	2.828473
233	4	the	2.424241
233	5	inspector	15.160929
233	6	believed	8.391364
233	7	the	3.057616
233	8	detective	13.220379
233	9	concluded	16.099051
233	10	he	4.672995
233	11	knew	6.097704
233	12	did	12.924711
233	13	frighten	15.683089
233	14	the	3.054559
233	15	protesters	8.681004
233	16	over	9.776298
233	17	the	1.338286
233	18	weekend	9.799732
233	19	.	1.024424
233	20	<eos>	-0.0
234	1	He	0.0
234	2	recalled	11.830338
234	3	that	2.828473
234	4	the	2.424241
234	5	inspector	15.160929
234	6	believed	8.391364
234	7	the	3.057616
234	8	detective	13.220379
234	9	concluded	16.099051
234	10	he	4.672995
234	11	knew	6.097704
234	12	the	2.596953
234	13	police	5.728426
234	14	did	6.142929
234	15	frighten	16.706814
234	16	the	3.397486
234	17	protesters	5.884426
234	18	over	8.676559
234	19	the	1.252643
234	20	weekend	8.840994
234	21	.	1.033878
234	22	<eos>	-0.0
235	1	He	0.0
235	2	recalled	11.830338
235	3	who	10.627078
235	4	the	5.534445
235	5	inspector	13.418629
235	6	believed	7.693312
235	7	the	4.391393
235	8	detective	13.572674
235	9	concluded	16.340487
235	10	he	4.469669
235	11	knew	5.615284
235	12	did	13.285303
235	13	frighten	15.418259
235	14	the	3.225008
235	15	protesters	8.810143
235	16	over	9.815223
235	17	the	1.350787
235	18	weekend	9.716773
235	19	.	0.898248
235	20	<eos>	-0.0
236	1	He	0.0
236	2	recalled	11.830338
236	3	who	10.627078
236	4	the	5.534445
236	5	inspector	13.418629
236	6	believed	7.693312
236	7	the	4.391393
236	8	detective	13.572674
236	9	concluded	16.340487
236	10	he	4.469669
236	11	knew	5.615284
236	12	the	2.678362
236	13	police	5.618829
236	14	did	6.256775
236	15	frighten	16.489485
236	16	the	3.607966
236	17	protesters	6.087819
236	18	over	8.675799
236	19	the	1.266782
236	20	weekend	8.708239
236	21	.	0.924122
236	22	<eos>	-0.0
237	1	He	0.0
237	2	recalled	11.830338
237	3	that	2.828473
237	4	the	2.424241
237	5	inspector	15.160929
237	6	believed	8.391364
237	7	the	3.057616
237	8	detective	13.220379
237	9	concluded	16.099051
237	10	he	4.672995
237	11	knew	6.097704
237	12	did	12.924711
237	13	frighten	15.683089
237	14	the	3.054559
237	15	protesters	8.681004
237	16	over	9.776298
237	17	the	1.338286
237	18	weekend	9.799732
237	19	.	1.024424
237	20	<eos>	-0.0
238	1	He	0.0
238	2	recalled	11.830338
238	3	that	2.828473
238	4	the	2.424241
238	5	inspector	15.160929
238	6	believed	8.391364
238	7	the	3.057616
238	8	detective	13.220379
238	9	concluded	16.099051
238	10	he	4.672995
238	11	knew	6.097704
238	12	the	2.596953
238	13	police	5.728426
238	14	did	6.142929
238	15	frighten	16.706814
238	16	the	3.397486
238	17	protesters	5.884426
238	18	over	8.676559
238	19	the	1.252643
238	20	weekend	8.840994
238	21	.	1.033878
238	22	<eos>	-0.0
239	1	He	0.0
239	2	recalled	11.830338
239	3	who	10.627078
239	4	the	5.534445
239	5	inspector	13.418629
239	6	believed	7.693312
239	7	the	4.391393
239	8	detective	13.572674
239	9	concluded	16.340487
239	10	he	4.469669
239	11	knew	5.615284
239	12	did	13.285303
239	13	frighten	15.418259
239	14	the	3.225008
239	15	protesters	8.810143
239	16	over	9.815223
239	17	the	1.350787
239	18	weekend	9.716773
239	19	.	0.898248
239	20	<eos>	-0.0
240	1	He	0.0
240	2	recalled	11.830338
240	3	who	10.627078
240	4	the	5.534445
240	5	inspector	13.418629
240	6	believed	7.693312
240	7	the	4.391393
240	8	detective	13.572674
240	9	concluded	16.340487
240	10	he	4.469669
240	11	knew	5.615284
240	12	the	2.678362
240	13	police	5.618829
240	14	did	6.256775
240	15	frighten	16.489485
240	16	the	3.607966
240	17	protesters	6.087819
240	18	over	8.675799
240	19	the	1.266782
240	20	weekend	8.708239
240	21	.	0.924122
240	22	<eos>	-0.0
241	1	We	0.0
241	2	recalled	14.266203
241	3	that	3.365684
241	4	might	16.58493
241	5	have	2.043124
241	6	divorced	17.776623
241	7	his	5.55652
241	8	wife	2.925571
241	9	last	14.868661
241	10	week	3.814223
241	11	.	1.83284
241	12	<eos>	-0.0
242	1	We	0.0
242	2	recalled	14.266203
242	3	that	3.365684
242	4	the	2.013075
242	5	millionaire	17.650484
242	6	might	9.416433
242	7	have	1.465493
242	8	divorced	15.240505
242	9	his	3.40886
242	10	wife	1.49164
242	11	last	15.678757
242	12	week	4.188913
242	13	.	1.955032
242	14	<eos>	-0.0
243	1	We	0.0
243	2	recalled	14.266203
243	3	who	8.667806
243	4	might	9.943306
243	5	have	1.528593
243	6	divorced	14.071628
243	7	his	4.972557
243	8	wife	1.993149
243	9	last	15.173219
243	10	week	4.189804
243	11	.	1.863011
243	12	<eos>	-0.0
244	1	We	0.0
244	2	recalled	14.266203
244	3	who	8.667806
244	4	the	5.621344
244	5	millionaire	15.128337
244	6	might	8.453215
244	7	have	1.474826
244	8	divorced	16.415224
244	9	his	6.271325
244	10	wife	2.288479
244	11	last	14.430111
244	12	week	4.55088
244	13	.	1.650658
244	14	<eos>	-0.0
245	1	We	0.0
245	2	recalled	14.266203
245	3	that	3.365684
245	4	the	2.013075
245	5	woman	10.282034
245	6	said	7.758842
245	7	might	14.19102
245	8	have	1.540892
245	9	divorced	13.51174
245	10	his	4.63883
245	11	wife	1.621192
245	12	last	15.424776
245	13	week	4.274032
245	14	.	1.917076
245	15	<eos>	-0.0
246	1	We	0.0
246	2	recalled	14.266203
246	3	that	3.365684
246	4	the	2.013075
246	5	woman	10.282034
246	6	said	7.758842
246	7	the	4.221791
246	8	millionaire	18.818251
246	9	might	8.70921
246	10	have	1.472731
246	11	divorced	14.221207
246	12	his	4.237447
246	13	wife	1.40833
246	14	last	15.645156
246	15	week	4.183206
246	16	.	1.751411
246	17	<eos>	-0.0
247	1	We	0.0
247	2	recalled	14.266203
247	3	who	8.667806
247	4	the	5.621344
247	5	woman	9.473618
247	6	said	7.360786
247	7	might	10.437303
247	8	have	1.905953
247	9	divorced	14.646846
247	10	his	4.934466
247	11	wife	1.891122
247	12	last	15.2816
247	13	week	4.313788
247	14	.	1.700705
247	15	<eos>	-0.0
248	1	We	0.0
248	2	recalled	14.266203
248	3	who	8.667806
248	4	the	5.621344
248	5	woman	9.473618
248	6	said	7.360786
248	7	the	5.541314
248	8	millionaire	17.172794
248	9	might	8.828688
248	10	have	1.484182
248	11	divorced	14.809473
248	12	his	6.169276
248	13	wife	1.577225
248	14	last	15.340616
248	15	week	4.444748
248	16	.	1.571945
248	17	<eos>	-0.0
249	1	We	0.0
249	2	recalled	14.266203
249	3	that	3.365684
249	4	the	2.013075
249	5	woman	10.282034
249	6	said	7.758842
249	7	she	3.109019
249	8	thought	6.54405
249	9	might	13.445721
249	10	have	1.829675
249	11	divorced	14.723978
249	12	his	5.112136
249	13	wife	2.045139
249	14	last	15.416708
249	15	week	4.304869
249	16	.	1.657413
249	17	<eos>	-0.0
250	1	We	0.0
250	2	recalled	14.266203
250	3	that	3.365684
250	4	the	2.013075
250	5	woman	10.282034
250	6	said	7.758842
250	7	she	3.109019
250	8	thought	6.54405
250	9	the	3.253229
250	10	millionaire	18.523922
250	11	might	7.336449
250	12	have	1.615692
250	13	divorced	14.302619
250	14	his	4.438907
250	15	wife	1.670716
250	16	last	15.762374
250	17	week	4.180053
250	18	.	1.595206
250	19	<eos>	-0.0
251	1	We	0.0
251	2	recalled	14.266203
251	3	who	8.667806
251	4	the	5.621344
251	5	woman	9.473618
251	6	said	7.360786
251	7	she	4.36665
251	8	thought	6.408864
251	9	might	10.23595
251	10	have	1.870302
251	11	divorced	15.457202
251	12	his	5.263012
251	13	wife	2.12435
251	14	last	15.482891
251	15	week	4.398469
251	16	.	1.541734
251	17	<eos>	-0.0
252	1	We	0.0
252	2	recalled	14.266203
252	3	who	8.667806
252	4	the	5.621344
252	5	woman	9.473618
252	6	said	7.360786
252	7	she	4.36665
252	8	thought	6.408864
252	9	the	4.254049
252	10	millionaire	17.594353
252	11	might	7.431451
252	12	have	1.580295
252	13	divorced	15.22366
252	14	his	5.722886
252	15	wife	1.806586
252	16	last	15.417022
252	17	week	4.31112
252	18	.	1.525318
252	19	<eos>	-0.0
253	1	We	0.0
253	2	recalled	14.266203
253	3	that	3.365684
253	4	the	2.013075
253	5	woman	10.282034
253	6	said	7.758842
253	7	she	3.109019
253	8	thought	6.54405
253	9	she	2.364424
253	10	knew	7.116776
253	11	might	14.898201
253	12	have	1.782074
253	13	divorced	14.522908
253	14	his	5.148641
253	15	wife	2.020808
253	16	last	15.469068
253	17	week	4.156386
253	18	.	1.509545
253	19	<eos>	-0.0
254	1	We	0.0
254	2	recalled	14.266203
254	3	that	3.365684
254	4	the	2.013075
254	5	woman	10.282034
254	6	said	7.758842
254	7	she	3.109019
254	8	thought	6.54405
254	9	she	2.364424
254	10	knew	7.116776
254	11	the	3.311177
254	12	millionaire	18.649271
254	13	might	7.738463
254	14	have	1.272158
254	15	divorced	15.085828
254	16	his	4.936795
254	17	wife	1.675719
254	18	last	15.722204
254	19	week	4.036476
254	20	.	1.527215
254	21	<eos>	-0.0
255	1	We	0.0
255	2	recalled	14.266203
255	3	who	8.667806
255	4	the	5.621344
255	5	woman	9.473618
255	6	said	7.360786
255	7	she	4.36665
255	8	thought	6.408864
255	9	she	3.1349
255	10	knew	6.554276
255	11	might	12.478272
255	12	have	1.884239
255	13	divorced	14.932767
255	14	his	5.458403
255	15	wife	2.103763
255	16	last	15.458355
255	17	week	4.266363
255	18	.	1.440035
255	19	<eos>	-0.0
256	1	We	0.0
256	2	recalled	14.266203
256	3	who	8.667806
256	4	the	5.621344
256	5	woman	9.473618
256	6	said	7.360786
256	7	she	4.36665
256	8	thought	6.408864
256	9	she	3.1349
256	10	knew	6.554276
256	11	the	3.675821
256	12	millionaire	18.164843
256	13	might	7.415841
256	14	have	1.353664
256	15	divorced	15.24902
256	16	his	5.62171
256	17	wife	1.760692
256	18	last	15.394935
256	19	week	4.241552
256	20	.	1.444984
256	21	<eos>	-0.0
257	1	We	0.0
257	2	recalled	14.266203
257	3	that	3.365684
257	4	the	2.013075
257	5	woman	10.282034
257	6	said	7.758842
257	7	she	3.109019
257	8	thought	6.54405
257	9	she	2.364424
257	10	knew	7.116776
257	11	might	14.898201
257	12	have	1.782074
257	13	divorced	14.522908
257	14	his	5.148641
257	15	wife	2.020808
257	16	last	15.469068
257	17	week	4.156386
257	18	.	1.509545
257	19	<eos>	-0.0
258	1	We	0.0
258	2	recalled	14.266203
258	3	that	3.365684
258	4	the	2.013075
258	5	woman	10.282034
258	6	said	7.758842
258	7	she	3.109019
258	8	thought	6.54405
258	9	she	2.364424
258	10	knew	7.116776
258	11	the	3.311177
258	12	millionaire	18.649271
258	13	might	7.738463
258	14	have	1.272158
258	15	divorced	15.085828
258	16	his	4.936795
258	17	wife	1.675719
258	18	last	15.722204
258	19	week	4.036476
258	20	.	1.527215
258	21	<eos>	-0.0
259	1	We	0.0
259	2	recalled	14.266203
259	3	who	8.667806
259	4	the	5.621344
259	5	woman	9.473618
259	6	said	7.360786
259	7	she	4.36665
259	8	thought	6.408864
259	9	she	3.1349
259	10	knew	6.554276
259	11	might	12.478272
259	12	have	1.884239
259	13	divorced	14.932767
259	14	his	5.458403
259	15	wife	2.103763
259	16	last	15.458355
259	17	week	4.266363
259	18	.	1.440035
259	19	<eos>	-0.0
260	1	We	0.0
260	2	recalled	14.266203
260	3	who	8.667806
260	4	the	5.621344
260	5	woman	9.473618
260	6	said	7.360786
260	7	she	4.36665
260	8	thought	6.408864
260	9	she	3.1349
260	10	knew	6.554276
260	11	the	3.675821
260	12	millionaire	18.164843
260	13	might	7.415841
260	14	have	1.353664
260	15	divorced	15.24902
260	16	his	5.62171
260	17	wife	1.760692
260	18	last	15.394935
260	19	week	4.241552
260	20	.	1.444984
260	21	<eos>	-0.0
261	1	They	0.0
261	2	recalled	12.997755
261	3	that	3.338919
261	4	did	15.28985
261	5	promote	14.703025
261	6	the	1.454221
261	7	secretary	17.086733
261	8	last	16.404106
261	9	week	7.382176
261	10	.	2.556209
261	11	<eos>	-0.0
262	1	They	0.0
262	2	recalled	12.997755
262	3	that	3.338919
262	4	the	2.030145
262	5	executive	13.134362
262	6	did	6.850992
262	7	promote	13.910129
262	8	the	1.466567
262	9	secretary	17.391472
262	10	last	17.526999
262	11	week	6.636914
262	12	.	2.843152
262	13	<eos>	-0.0
263	1	They	0.0
263	2	recalled	12.997755
263	3	who	10.332471
263	4	did	6.163827
263	5	promote	14.965333
263	6	the	1.28357
263	7	secretary	18.062008
263	8	last	16.237871
263	9	week	6.002503
263	10	.	2.163874
263	11	<eos>	-0.0
264	1	They	0.0
264	2	recalled	12.997755
264	3	who	10.332471
264	4	the	6.027031
264	5	executive	12.541368
264	6	did	6.313246
264	7	promote	15.221636
264	8	the	2.475991
264	9	secretary	16.218243
264	10	last	17.418703
264	11	week	6.020154
264	12	.	2.115926
264	13	<eos>	-0.0
265	1	They	0.0
265	2	recalled	12.997755
265	3	that	3.338919
265	4	the	2.030145
265	5	journalist	13.485086
265	6	believed	7.979033
265	7	did	16.203039
265	8	promote	13.470214
265	9	the	1.686245
265	10	secretary	17.006517
265	11	last	17.399166
265	12	week	6.939946
265	13	.	2.701462
265	14	<eos>	-0.0
266	1	They	0.0
266	2	recalled	12.997755
266	3	that	3.338919
266	4	the	2.030145
266	5	journalist	13.485086
266	6	believed	7.979033
266	7	the	3.037402
266	8	executive	13.40249
266	9	did	6.552502
266	10	promote	14.358713
266	11	the	1.773383
266	12	secretary	16.910374
266	13	last	17.689707
266	14	week	6.725972
266	15	.	2.625386
266	16	<eos>	-0.0
267	1	They	0.0
267	2	recalled	12.997755
267	3	who	10.332471
267	4	the	6.027031
267	5	journalist	12.36129
267	6	believed	7.516238
267	7	did	8.624109
267	8	promote	14.40821
267	9	the	1.549616
267	10	secretary	17.194105
267	11	last	17.355087
267	12	week	6.341475
267	13	.	2.042727
267	14	<eos>	-0.0
268	1	They	0.0
268	2	recalled	12.997755
268	3	who	10.332471
268	4	the	6.027031
268	5	journalist	12.36129
268	6	believed	7.516238
268	7	the	4.799472
268	8	executive	13.667272
268	9	did	6.69202
268	10	promote	15.470985
268	11	the	2.512775
268	12	secretary	16.334574
268	13	last	17.513086
268	14	week	6.034706
268	15	.	2.010884
268	16	<eos>	-0.0
269	1	They	0.0
269	2	recalled	12.997755
269	3	that	3.338919
269	4	the	2.030145
269	5	journalist	13.485086
269	6	believed	7.979033
269	7	the	3.037402
269	8	transcript	15.067469
269	9	stated	12.335481
269	10	did	12.039689
269	11	promote	16.957291
269	12	the	1.523358
269	13	secretary	16.545416
269	14	last	17.773954
269	15	week	5.670506
269	16	.	2.406101
269	17	<eos>	-0.0
270	1	They	0.0
270	2	recalled	12.997755
270	3	that	3.338919
270	4	the	2.030145
270	5	journalist	13.485086
270	6	believed	7.979033
270	7	the	3.037402
270	8	transcript	15.067469
270	9	stated	12.335481
270	10	the	4.754131
270	11	executive	12.855974
270	12	did	6.041014
270	13	promote	15.287059
270	14	the	1.453423
270	15	secretary	15.721033
270	16	last	17.551634
270	17	week	5.478532
270	18	.	2.26127
270	19	<eos>	-0.0
271	1	They	0.0
271	2	recalled	12.997755
271	3	who	10.332471
271	4	the	6.027031
271	5	journalist	12.36129
271	6	believed	7.516238
271	7	the	4.799472
271	8	transcript	16.581964
271	9	stated	13.569575
271	10	did	8.81947
271	11	promote	17.025433
271	12	the	1.711425
271	13	secretary	16.67959
271	14	last	17.794058
271	15	week	5.711056
271	16	.	1.980352
271	17	<eos>	-0.0
272	1	They	0.0
272	2	recalled	12.997755
272	3	who	10.332471
272	4	the	6.027031
272	5	journalist	12.36129
272	6	believed	7.516238
272	7	the	4.799472
272	8	transcript	16.581964
272	9	stated	13.569575
272	10	the	6.595182
272	11	executive	13.850712
272	12	did	6.313732
272	13	promote	15.393909
272	14	the	2.374845
272	15	secretary	14.714193
272	16	last	17.342249
272	17	week	4.993057
272	18	.	1.858153
272	19	<eos>	-0.0
273	1	They	0.0
273	2	recalled	12.997755
273	3	that	3.338919
273	4	the	2.030145
273	5	journalist	13.485086
273	6	believed	7.979033
273	7	the	3.037402
273	8	transcript	15.067469
273	9	stated	12.335481
273	10	he	6.945508
273	11	knew	6.344458
273	12	did	13.499683
273	13	promote	16.168255
273	14	the	1.660132
273	15	secretary	15.765514
273	16	last	16.605005
273	17	week	5.658023
273	18	.	2.111501
273	19	<eos>	-0.0
274	1	They	0.0
274	2	recalled	12.997755
274	3	that	3.338919
274	4	the	2.030145
274	5	journalist	13.485086
274	6	believed	7.979033
274	7	the	3.037402
274	8	transcript	15.067469
274	9	stated	12.335481
274	10	he	6.945508
274	11	knew	6.344458
274	12	the	2.833753
274	13	executive	13.983077
274	14	did	7.039456
274	15	promote	15.485456
274	16	the	1.624066
274	17	secretary	15.370609
274	18	last	17.241076
274	19	week	5.561787
274	20	.	1.914326
274	21	<eos>	-0.0
275	1	They	0.0
275	2	recalled	12.997755
275	3	who	10.332471
275	4	the	6.027031
275	5	journalist	12.36129
275	6	believed	7.516238
275	7	the	4.799472
275	8	transcript	16.581964
275	9	stated	13.569575
275	10	he	7.831147
275	11	knew	5.855851
275	12	did	9.537266
275	13	promote	16.863581
275	14	the	1.931622
275	15	secretary	15.942366
275	16	last	16.749399
275	17	week	5.59954
275	18	.	1.800662
275	19	<eos>	-0.0
276	1	They	0.0
276	2	recalled	12.997755
276	3	who	10.332471
276	4	the	6.027031
276	5	journalist	12.36129
276	6	believed	7.516238
276	7	the	4.799472
276	8	transcript	16.581964
276	9	stated	13.569575
276	10	he	7.831147
276	11	knew	5.855851
276	12	the	4.079556
276	13	executive	14.062938
276	14	did	7.417735
276	15	promote	15.860168
276	16	the	1.792512
276	17	secretary	14.875902
276	18	last	17.117027
276	19	week	5.327355
276	20	.	1.663015
276	21	<eos>	-0.0
277	1	They	0.0
277	2	recalled	12.997755
277	3	that	3.338919
277	4	the	2.030145
277	5	journalist	13.485086
277	6	believed	7.979033
277	7	the	3.037402
277	8	transcript	15.067469
277	9	stated	12.335481
277	10	he	6.945508
277	11	knew	6.344458
277	12	did	13.499683
277	13	promote	16.168255
277	14	the	1.660132
277	15	secretary	15.765514
277	16	last	16.605005
277	17	week	5.658023
277	18	.	2.111501
277	19	<eos>	-0.0
278	1	They	0.0
278	2	recalled	12.997755
278	3	that	3.338919
278	4	the	2.030145
278	5	journalist	13.485086
278	6	believed	7.979033
278	7	the	3.037402
278	8	transcript	15.067469
278	9	stated	12.335481
278	10	he	6.945508
278	11	knew	6.344458
278	12	the	2.833753
278	13	executive	13.983077
278	14	did	7.039456
278	15	promote	15.485456
278	16	the	1.624066
278	17	secretary	15.370609
278	18	last	17.241076
278	19	week	5.561787
278	20	.	1.914326
278	21	<eos>	-0.0
279	1	They	0.0
279	2	recalled	12.997755
279	3	who	10.332471
279	4	the	6.027031
279	5	journalist	12.36129
279	6	believed	7.516238
279	7	the	4.799472
279	8	transcript	16.581964
279	9	stated	13.569575
279	10	he	7.831147
279	11	knew	5.855851
279	12	did	9.537266
279	13	promote	16.863581
279	14	the	1.931622
279	15	secretary	15.942366
279	16	last	16.749399
279	17	week	5.59954
279	18	.	1.800662
279	19	<eos>	-0.0
280	1	They	0.0
280	2	recalled	12.997755
280	3	who	10.332471
280	4	the	6.027031
280	5	journalist	12.36129
280	6	believed	7.516238
280	7	the	4.799472
280	8	transcript	16.581964
280	9	stated	13.569575
280	10	he	7.831147
280	11	knew	5.855851
280	12	the	4.079556
280	13	executive	14.062938
280	14	did	7.417735
280	15	promote	15.860168
280	16	the	1.792512
280	17	secretary	14.875902
280	18	last	17.117027
280	19	week	5.327355
280	20	.	1.663015
280	21	<eos>	-0.0
281	1	They	0.0
281	2	reported	10.412453
281	3	that	1.780984
281	4	could	14.058225
281	5	have	3.326235
281	6	abandoned	12.900823
281	7	the	0.990332
281	8	children	11.06514
281	9	on	6.751023
281	10	the	1.277786
281	11	side	8.196645
281	12	of	0.51911
281	13	the	0.544827
281	14	road	5.867129
281	15	.	1.537194
281	16	<eos>	-0.0
282	1	They	0.0
282	2	reported	10.412453
282	3	that	1.780984
282	4	the	1.89322
282	5	woman	10.361056
282	6	could	5.165995
282	7	have	3.687301
282	8	abandoned	10.376365
282	9	the	1.695622
282	10	children	8.24826
282	11	on	6.605522
282	12	the	1.41895
282	13	side	8.19127
282	14	of	0.55292
282	15	the	0.765653
282	16	road	5.741944
282	17	.	1.705615
282	18	<eos>	-0.0
283	1	They	0.0
283	2	reported	10.412453
283	3	who	11.821813
283	4	could	6.14351
283	5	have	3.424369
283	6	abandoned	10.729537
283	7	the	1.202892
283	8	children	10.520028
283	9	on	6.266282
283	10	the	1.357738
283	11	side	8.130949
283	12	of	0.589053
283	13	the	0.554054
283	14	road	5.960865
283	15	.	1.40689
283	16	<eos>	-0.0
284	1	They	0.0
284	2	reported	10.412453
284	3	who	11.821813
284	4	the	7.229744
284	5	woman	10.843506
284	6	could	5.082558
284	7	have	3.228012
284	8	abandoned	11.472451
284	9	the	5.028025
284	10	children	7.857153
284	11	on	6.430315
284	12	the	1.420858
284	13	side	7.941077
284	14	of	0.696283
284	15	the	0.805835
284	16	road	5.630572
284	17	.	1.431104
284	18	<eos>	-0.0
285	1	They	0.0
285	2	reported	10.412453
285	3	that	1.780984
285	4	the	1.89322
285	5	man	9.066194
285	6	claimed	9.762106
285	7	could	10.719499
285	8	have	1.60184
285	9	abandoned	11.100284
285	10	the	1.394973
285	11	children	10.027183
285	12	on	6.621485
285	13	the	1.405958
285	14	side	8.000558
285	15	of	0.54387
285	16	the	0.674589
285	17	road	5.764983
285	18	.	1.674888
285	19	<eos>	-0.0
286	1	They	0.0
286	2	reported	10.412453
286	3	that	1.780984
286	4	the	1.89322
286	5	man	9.066194
286	6	claimed	9.762106
286	7	the	4.313329
286	8	woman	10.159692
286	9	could	5.776047
286	10	have	2.740089
286	11	abandoned	10.518526
286	12	the	1.732996
286	13	children	8.432811
286	14	on	6.721246
286	15	the	1.40396
286	16	side	8.307312
286	17	of	0.617766
286	18	the	0.712273
286	19	road	5.815547
286	20	.	1.538438
286	21	<eos>	-0.0
287	1	They	0.0
287	2	reported	10.412453
287	3	who	11.821813
287	4	the	7.229744
287	5	man	8.530405
287	6	claimed	7.967816
287	7	could	8.247732
287	8	have	1.790868
287	9	abandoned	11.423995
287	10	the	1.575771
287	11	children	10.184153
287	12	on	6.647558
287	13	the	1.355583
287	14	side	7.936718
287	15	of	0.61148
287	16	the	0.632445
287	17	road	5.538292
287	18	.	1.313109
287	19	<eos>	-0.0
288	1	They	0.0
288	2	reported	10.412453
288	3	who	11.821813
288	4	the	7.229744
288	5	man	8.530405
288	6	claimed	7.967816
288	7	the	5.755399
288	8	woman	10.228609
288	9	could	5.281514
288	10	have	2.285964
288	11	abandoned	11.18569
288	12	the	6.277283
288	13	children	8.215267
288	14	on	6.448706
288	15	the	1.375222
288	16	side	8.16454
288	17	of	0.715332
288	18	the	0.725457
288	19	road	5.467348
288	20	.	1.276962
288	21	<eos>	-0.0
289	1	They	0.0
289	2	reported	10.412453
289	3	that	1.780984
289	4	the	1.89322
289	5	man	9.066194
289	6	claimed	9.762106
289	7	his	6.439161
289	8	friend	8.787395
289	9	believed	10.630734
289	10	could	14.884471
289	11	have	2.336589
289	12	abandoned	11.719803
289	13	the	1.554718
289	14	children	9.49609
289	15	on	7.156621
289	16	the	1.313706
289	17	side	7.756274
289	18	of	0.59459
289	19	the	0.643749
289	20	road	6.377586
289	21	.	1.145311
289	22	<eos>	-0.0
290	1	They	0.0
290	2	reported	10.412453
290	3	that	1.780984
290	4	the	1.89322
290	5	man	9.066194
290	6	claimed	9.762106
290	7	his	6.439161
290	8	friend	8.787395
290	9	believed	10.630734
290	10	the	3.650414
290	11	woman	8.981297
290	12	could	5.00632
290	13	have	2.665737
290	14	abandoned	10.239482
290	15	the	1.864851
290	16	children	8.177273
290	17	on	7.119916
290	18	the	1.43706
290	19	side	8.020662
290	20	of	0.619977
290	21	the	0.762611
290	22	road	6.23956
290	23	.	1.265823
290	24	<eos>	-0.0
291	1	They	0.0
291	2	reported	10.412453
291	3	who	11.821813
291	4	the	7.229744
291	5	man	8.530405
291	6	claimed	7.967816
291	7	his	8.510571
291	8	friend	8.914406
291	9	believed	8.889361
291	10	could	7.891204
291	11	have	2.835254
291	12	abandoned	12.474063
291	13	the	1.855165
291	14	children	9.63804
291	15	on	7.267908
291	16	the	1.246366
291	17	side	7.528615
291	18	of	0.681988
291	19	the	0.606935
291	20	road	5.962111
291	21	.	1.001019
291	22	<eos>	-0.0
292	1	They	0.0
292	2	reported	10.412453
292	3	who	11.821813
292	4	the	7.229744
292	5	man	8.530405
292	6	claimed	7.967816
292	7	his	8.510571
292	8	friend	8.914406
292	9	believed	8.889361
292	10	the	5.130508
292	11	woman	9.270539
292	12	could	4.544299
292	13	have	2.432411
292	14	abandoned	10.93481
292	15	the	5.790554
292	16	children	8.148459
292	17	on	6.886941
292	18	the	1.390763
292	19	side	7.797982
292	20	of	0.749564
292	21	the	0.759596
292	22	road	5.617103
292	23	.	1.064081
292	24	<eos>	-0.0
293	1	They	0.0
293	2	reported	10.412453
293	3	that	1.780984
293	4	the	1.89322
293	5	man	9.066194
293	6	claimed	9.762106
293	7	his	6.439161
293	8	friend	8.787395
293	9	believed	10.630734
293	10	he	2.807325
293	11	knew	7.862577
293	12	could	12.891825
293	13	have	2.86411
293	14	abandoned	11.603827
293	15	the	1.908715
293	16	children	9.53967
293	17	on	7.169491
293	18	the	1.362541
293	19	side	7.765513
293	20	of	0.665323
293	21	the	0.662054
293	22	road	6.28315
293	23	.	1.010451
293	24	<eos>	-0.0
294	1	They	0.0
294	2	reported	10.412453
294	3	that	1.780984
294	4	the	1.89322
294	5	man	9.066194
294	6	claimed	9.762106
294	7	his	6.439161
294	8	friend	8.787395
294	9	believed	10.630734
294	10	he	2.807325
294	11	knew	7.862577
294	12	the	2.6214
294	13	woman	8.62933
294	14	could	6.089089
294	15	have	3.09743
294	16	abandoned	10.734077
294	17	the	1.931502
294	18	children	8.066599
294	19	on	7.374355
294	20	the	1.332883
294	21	side	7.994432
294	22	of	0.720541
294	23	the	0.672415
294	24	road	6.33746
294	25	.	0.924223
294	26	<eos>	-0.0
295	1	They	0.0
295	2	reported	10.412453
295	3	who	11.821813
295	4	the	7.229744
295	5	man	8.530405
295	6	claimed	7.967816
295	7	his	8.510571
295	8	friend	8.914406
295	9	believed	8.889361
295	10	he	4.597615
295	11	knew	6.585114
295	12	could	8.525319
295	13	have	2.785441
295	14	abandoned	12.189401
295	15	the	2.577268
295	16	children	9.560448
295	17	on	7.055095
295	18	the	1.289218
295	19	side	7.636781
295	20	of	0.756077
295	21	the	0.662093
295	22	road	5.784579
295	23	.	0.902921
295	24	<eos>	-0.0
296	1	They	0.0
296	2	reported	10.412453
296	3	who	11.821813
296	4	the	7.229744
296	5	man	8.530405
296	6	claimed	7.967816
296	7	his	8.510571
296	8	friend	8.914406
296	9	believed	8.889361
296	10	he	4.597615
296	11	knew	6.585114
296	12	the	4.817988
296	13	woman	8.425832
296	14	could	5.738644
296	15	have	2.881041
296	16	abandoned	11.74614
296	17	the	6.03711
296	18	children	8.060187
296	19	on	7.031886
296	20	the	1.314511
296	21	side	7.820482
296	22	of	0.845259
296	23	the	0.705999
296	24	road	5.785781
296	25	.	0.920953
296	26	<eos>	-0.0
297	1	They	0.0
297	2	reported	10.412453
297	3	that	1.780984
297	4	the	1.89322
297	5	man	9.066194
297	6	claimed	9.762106
297	7	his	6.439161
297	8	friend	8.787395
297	9	believed	10.630734
297	10	he	2.807325
297	11	knew	7.862577
297	12	could	12.891825
297	13	have	2.86411
297	14	abandoned	11.603827
297	15	the	1.908715
297	16	children	9.53967
297	17	on	7.169491
297	18	the	1.362541
297	19	side	7.765513
297	20	of	0.665323
297	21	the	0.662054
297	22	road	6.28315
297	23	.	1.010451
297	24	<eos>	-0.0
298	1	They	0.0
298	2	reported	10.412453
298	3	that	1.780984
298	4	the	1.89322
298	5	man	9.066194
298	6	claimed	9.762106
298	7	his	6.439161
298	8	friend	8.787395
298	9	believed	10.630734
298	10	he	2.807325
298	11	knew	7.862577
298	12	the	2.6214
298	13	woman	8.62933
298	14	could	6.089089
298	15	have	3.09743
298	16	abandoned	10.734077
298	17	the	1.931502
298	18	children	8.066599
298	19	on	7.374355
298	20	the	1.332883
298	21	side	7.994432
298	22	of	0.720541
298	23	the	0.672415
298	24	road	6.33746
298	25	.	0.924223
298	26	<eos>	-0.0
299	1	They	0.0
299	2	reported	10.412453
299	3	who	11.821813
299	4	the	7.229744
299	5	man	8.530405
299	6	claimed	7.967816
299	7	his	8.510571
299	8	friend	8.914406
299	9	believed	8.889361
299	10	he	4.597615
299	11	knew	6.585114
299	12	could	8.525319
299	13	have	2.785441
299	14	abandoned	12.189401
299	15	the	2.577268
299	16	children	9.560448
299	17	on	7.055095
299	18	the	1.289218
299	19	side	7.636781
299	20	of	0.756077
299	21	the	0.662093
299	22	road	5.784579
299	23	.	0.902921
299	24	<eos>	-0.0
300	1	They	0.0
300	2	reported	10.412453
300	3	who	11.821813
300	4	the	7.229744
300	5	man	8.530405
300	6	claimed	7.967816
300	7	his	8.510571
300	8	friend	8.914406
300	9	believed	8.889361
300	10	he	4.597615
300	11	knew	6.585114
300	12	the	4.817988
300	13	woman	8.425832
300	14	could	5.738644
300	15	have	2.881041
300	16	abandoned	11.74614
300	17	the	6.03711
300	18	children	8.060187
300	19	on	7.031886
300	20	the	1.314511
300	21	side	7.820482
300	22	of	0.845259
300	23	the	0.705999
300	24	road	5.785781
300	25	.	0.920953
300	26	<eos>	-0.0
301	1	He	0.0
301	2	reported	10.835539
301	3	that	1.868976
301	4	might	16.126587
301	5	have	1.341476
301	6	reassured	19.038073
301	7	the	1.346263
301	8	patient	11.716314
301	9	before	10.710935
301	10	surgery	13.116795
301	11	.	1.797263
301	12	<eos>	-0.0
302	1	He	0.0
302	2	reported	10.835539
302	3	that	1.868976
302	4	the	2.223669
302	5	doctor	11.944619
302	6	might	8.521718
302	7	have	1.486709
302	8	reassured	16.154074
302	9	the	1.912193
302	10	patient	6.184828
302	11	before	11.280531
302	12	surgery	12.261304
302	13	.	2.529024
302	14	<eos>	-0.0
303	1	He	0.0
303	2	reported	10.835539
303	3	who	12.096594
303	4	might	9.889398
303	5	have	0.92301
303	6	reassured	16.72716
303	7	the	1.25396
303	8	patient	11.748589
303	9	before	9.811016
303	10	surgery	14.099593
303	11	.	1.615871
303	12	<eos>	-0.0
304	1	He	0.0
304	2	reported	10.835539
304	3	who	12.096594
304	4	the	7.066419
304	5	doctor	11.119875
304	6	might	8.834705
304	7	have	1.091019
304	8	reassured	15.625219
304	9	the	2.374925
304	10	patient	6.980563
304	11	before	7.7488
304	12	surgery	12.159586
304	13	.	1.445754
304	14	<eos>	-0.0
305	1	He	0.0
305	2	reported	10.835539
305	3	that	1.868976
305	4	the	2.223669
305	5	nurse	15.892121
305	6	believed	8.027464
305	7	might	14.766487
305	8	have	1.392017
305	9	reassured	19.524998
305	10	the	1.522878
305	11	patient	6.210467
305	12	before	10.932097
305	13	surgery	11.246696
305	14	.	1.696575
305	15	<eos>	-0.0
306	1	He	0.0
306	2	reported	10.835539
306	3	that	1.868976
306	4	the	2.223669
306	5	nurse	15.892121
306	6	believed	8.027464
306	7	the	3.095429
306	8	doctor	7.07002
306	9	might	7.825367
306	10	have	1.134137
306	11	reassured	16.585514
306	12	the	1.803565
306	13	patient	4.367193
306	14	before	10.998373
306	15	surgery	11.147004
306	16	.	1.99055
306	17	<eos>	-0.0
307	1	He	0.0
307	2	reported	10.835539
307	3	who	12.096594
307	4	the	7.066419
307	5	nurse	13.47795
307	6	believed	7.818784
307	7	might	9.256208
307	8	have	1.365561
307	9	reassured	18.586437
307	10	the	1.673343
307	11	patient	6.992712
307	12	before	10.198192
307	13	surgery	12.055187
307	14	.	1.116644
307	15	<eos>	-0.0
308	1	He	0.0
308	2	reported	10.835539
308	3	who	12.096594
308	4	the	7.066419
308	5	nurse	13.47795
308	6	believed	7.818784
308	7	the	4.722638
308	8	doctor	8.04127
308	9	might	7.819611
308	10	have	1.048279
308	11	reassured	16.44994
308	12	the	2.120043
308	13	patient	4.349356
308	14	before	8.910148
308	15	surgery	11.281474
308	16	.	1.148188
308	17	<eos>	-0.0
309	1	He	0.0
309	2	reported	10.835539
309	3	that	1.868976
309	4	the	2.223669
309	5	nurse	15.892121
309	6	believed	8.027464
309	7	the	3.095429
309	8	woman	7.415483
309	9	thought	13.29788
309	10	might	11.55195
309	11	have	1.336949
309	12	reassured	19.194935
309	13	the	2.039967
309	14	patient	6.510705
309	15	before	9.878925
309	16	surgery	11.786511
309	17	.	1.475341
309	18	<eos>	-0.0
310	1	He	0.0
310	2	reported	10.835539
310	3	that	1.868976
310	4	the	2.223669
310	5	nurse	15.892121
310	6	believed	8.027464
310	7	the	3.095429
310	8	woman	7.415483
310	9	thought	13.29788
310	10	the	3.952072
310	11	doctor	8.55373
310	12	might	7.000101
310	13	have	1.182555
310	14	reassured	16.548168
310	15	the	2.155164
310	16	patient	4.992002
310	17	before	9.874851
310	18	surgery	11.150893
310	19	.	1.16687
310	20	<eos>	-0.0
311	1	He	0.0
311	2	reported	10.835539
311	3	who	12.096594
311	4	the	7.066419
311	5	nurse	13.47795
311	6	believed	7.818784
311	7	the	4.722638
311	8	woman	8.04246
311	9	thought	12.555925
311	10	might	9.182378
311	11	have	1.49447
311	12	reassured	19.619455
311	13	the	2.038103
311	14	patient	6.960548
311	15	before	9.767484
311	16	surgery	12.146934
311	17	.	0.990089
311	18	<eos>	-0.0
312	1	He	0.0
312	2	reported	10.835539
312	3	who	12.096594
312	4	the	7.066419
312	5	nurse	13.47795
312	6	believed	7.818784
312	7	the	4.722638
312	8	woman	8.04246
312	9	thought	12.555925
312	10	the	4.973783
312	11	doctor	9.14626
312	12	might	7.334617
312	13	have	1.130771
312	14	reassured	16.66703
312	15	the	2.246248
312	16	patient	5.053223
312	17	before	9.215875
312	18	surgery	11.378939
312	19	.	0.926117
312	20	<eos>	-0.0
313	1	He	0.0
313	2	reported	10.835539
313	3	that	1.868976
313	4	the	2.223669
313	5	nurse	15.892121
313	6	believed	8.027464
313	7	the	3.095429
313	8	woman	7.415483
313	9	thought	13.29788
313	10	she	4.288048
313	11	recalled	18.39193
313	12	might	15.161602
313	13	have	1.999657
313	14	reassured	18.029505
313	15	the	2.503899
313	16	patient	6.777742
313	17	before	9.306762
313	18	surgery	12.386606
313	19	.	0.986403
313	20	<eos>	-0.0
314	1	He	0.0
314	2	reported	10.835539
314	3	that	1.868976
314	4	the	2.223669
314	5	nurse	15.892121
314	6	believed	8.027464
314	7	the	3.095429
314	8	woman	7.415483
314	9	thought	13.29788
314	10	she	4.288048
314	11	recalled	18.39193
314	12	the	2.507024
314	13	doctor	9.358582
314	14	might	10.678726
314	15	have	1.542663
314	16	reassured	16.103315
314	17	the	2.555289
314	18	patient	4.927111
314	19	before	9.864203
314	20	surgery	11.571019
314	21	.	1.006217
314	22	<eos>	-0.0
315	1	He	0.0
315	2	reported	10.835539
315	3	who	12.096594
315	4	the	7.066419
315	5	nurse	13.47795
315	6	believed	7.818784
315	7	the	4.722638
315	8	woman	8.04246
315	9	thought	12.555925
315	10	she	4.466629
315	11	recalled	17.978472
315	12	might	14.805333
315	13	have	1.998173
315	14	reassured	18.243498
315	15	the	2.614911
315	16	patient	7.138137
315	17	before	9.126609
315	18	surgery	12.634997
315	19	.	0.839597
315	20	<eos>	-0.0
316	1	He	0.0
316	2	reported	10.835539
316	3	who	12.096594
316	4	the	7.066419
316	5	nurse	13.47795
316	6	believed	7.818784
316	7	the	4.722638
316	8	woman	8.04246
316	9	thought	12.555925
316	10	she	4.466629
316	11	recalled	17.978472
316	12	the	2.603192
316	13	doctor	9.530753
316	14	might	11.029363
316	15	have	1.596177
316	16	reassured	16.021927
316	17	the	2.647074
316	18	patient	5.076648
316	19	before	9.578377
316	20	surgery	11.793665
316	21	.	0.862471
316	22	<eos>	-0.0
317	1	He	0.0
317	2	reported	10.835539
317	3	that	1.868976
317	4	the	2.223669
317	5	nurse	15.892121
317	6	believed	8.027464
317	7	the	3.095429
317	8	woman	7.415483
317	9	thought	13.29788
317	10	she	4.288048
317	11	recalled	18.39193
317	12	might	15.161602
317	13	have	1.999657
317	14	reassured	18.029505
317	15	the	2.503899
317	16	patient	6.777742
317	17	before	9.306762
317	18	surgery	12.386606
317	19	.	0.986403
317	20	<eos>	-0.0
318	1	He	0.0
318	2	reported	10.835539
318	3	that	1.868976
318	4	the	2.223669
318	5	nurse	15.892121
318	6	believed	8.027464
318	7	the	3.095429
318	8	woman	7.415483
318	9	thought	13.29788
318	10	she	4.288048
318	11	recalled	18.39193
318	12	the	2.507024
318	13	doctor	9.358582
318	14	might	10.678726
318	15	have	1.542663
318	16	reassured	16.103315
318	17	the	2.555289
318	18	patient	4.927111
318	19	before	9.864203
318	20	surgery	11.571019
318	21	.	1.006217
318	22	<eos>	-0.0
319	1	He	0.0
319	2	reported	10.835539
319	3	who	12.096594
319	4	the	7.066419
319	5	nurse	13.47795
319	6	believed	7.818784
319	7	the	4.722638
319	8	woman	8.04246
319	9	thought	12.555925
319	10	she	4.466629
319	11	recalled	17.978472
319	12	might	14.805333
319	13	have	1.998173
319	14	reassured	18.243498
319	15	the	2.614911
319	16	patient	7.138137
319	17	before	9.126609
319	18	surgery	12.634997
319	19	.	0.839597
319	20	<eos>	-0.0
320	1	He	0.0
320	2	reported	10.835539
320	3	who	12.096594
320	4	the	7.066419
320	5	nurse	13.47795
320	6	believed	7.818784
320	7	the	4.722638
320	8	woman	8.04246
320	9	thought	12.555925
320	10	she	4.466629
320	11	recalled	17.978472
320	12	the	2.603192
320	13	doctor	9.530753
320	14	might	11.029363
320	15	have	1.596177
320	16	reassured	16.021927
320	17	the	2.647074
320	18	patient	5.076648
320	19	before	9.578377
320	20	surgery	11.793665
320	21	.	0.862471
320	22	<eos>	-0.0
321	1	They	0.0
321	2	know	9.486106
321	3	that	2.169621
321	4	should	13.847187
321	5	thank	15.168124
321	6	the	3.487263
321	7	tailor	16.779858
321	8	on	9.153066
321	9	the	1.681751
321	10	street	8.380177
321	11	.	3.28915
321	12	<eos>	-0.0
322	1	They	0.0
322	2	know	9.486106
322	3	that	2.169621
322	4	the	1.87231
322	5	old	8.727534
322	6	man	4.021544
322	7	should	7.361382
322	8	thank	14.941026
322	9	the	2.304209
322	10	tailor	16.554508
322	11	on	9.845545
322	12	the	2.176723
322	13	street	6.897723
322	14	.	2.017163
322	15	<eos>	-0.0
323	1	They	0.0
323	2	know	9.486106
323	3	who	7.200986
323	4	should	7.420847
323	5	thank	12.796406
323	6	the	2.365031
323	7	tailor	17.127005
323	8	on	9.897567
323	9	the	2.07412
323	10	street	7.425863
323	11	.	1.220416
323	12	<eos>	-0.0
324	1	They	0.0
324	2	know	9.486106
324	3	who	7.200986
324	4	the	4.435805
324	5	old	8.518284
324	6	man	2.833038
324	7	should	6.996066
324	8	thank	15.382037
324	9	the	4.491734
324	10	tailor	16.915615
324	11	on	8.780047
324	12	the	2.161576
324	13	street	6.633229
324	14	.	1.186169
324	15	<eos>	-0.0
325	1	They	0.0
325	2	know	9.486106
325	3	that	2.169621
325	4	the	1.87231
325	5	nurse	15.349316
325	6	said	9.484548
325	7	should	12.978274
325	8	thank	12.025599
325	9	the	2.333005
325	10	tailor	16.439188
325	11	on	9.271621
325	12	the	1.976945
325	13	street	8.254836
325	14	.	2.059917
325	15	<eos>	-0.0
326	1	They	0.0
326	2	know	9.486106
326	3	that	2.169621
326	4	the	1.87231
326	5	nurse	15.349316
326	6	said	9.484548
326	7	the	3.415496
326	8	old	9.875656
326	9	man	2.707866
326	10	should	7.060599
326	11	thank	13.912034
326	12	the	2.552171
326	13	tailor	15.603149
326	14	on	9.594709
326	15	the	2.083378
326	16	street	7.096071
326	17	.	1.694205
326	18	<eos>	-0.0
327	1	They	0.0
327	2	know	9.486106
327	3	who	7.200986
327	4	the	4.435805
327	5	nurse	14.006237
327	6	said	8.596837
327	7	should	8.496163
327	8	thank	14.471762
327	9	the	2.876397
327	10	tailor	16.22201
327	11	on	8.780179
327	12	the	1.780613
327	13	street	8.055208
327	14	.	1.072204
327	15	<eos>	-0.0
328	1	They	0.0
328	2	know	9.486106
328	3	who	7.200986
328	4	the	4.435805
328	5	nurse	14.006237
328	6	said	8.596837
328	7	the	5.457362
328	8	old	9.671574
328	9	man	3.016515
328	10	should	8.043793
328	11	thank	14.171019
328	12	the	5.407084
328	13	tailor	15.38083
328	14	on	8.508239
328	15	the	2.084591
328	16	street	6.603173
328	17	.	1.111989
328	18	<eos>	-0.0
329	1	They	0.0
329	2	know	9.486106
329	3	that	2.169621
329	4	the	1.87231
329	5	nurse	15.349316
329	6	said	9.484548
329	7	the	3.415496
329	8	assistant	13.031377
329	9	knew	8.97716
329	10	should	12.339161
329	11	thank	13.267755
329	12	the	2.499368
329	13	tailor	15.80044
329	14	on	9.052789
329	15	the	1.77182
329	16	street	7.880855
329	17	.	1.442445
329	18	<eos>	-0.0
330	1	They	0.0
330	2	know	9.486106
330	3	that	2.169621
330	4	the	1.87231
330	5	nurse	15.349316
330	6	said	9.484548
330	7	the	3.415496
330	8	assistant	13.031377
330	9	knew	8.97716
330	10	the	3.486011
330	11	old	9.780485
330	12	man	2.654954
330	13	should	7.117113
330	14	thank	14.058455
330	15	the	2.718525
330	16	tailor	15.304243
330	17	on	9.627499
330	18	the	2.022765
330	19	street	7.30377
330	20	.	1.279824
330	21	<eos>	-0.0
331	1	They	0.0
331	2	know	9.486106
331	3	who	7.200986
331	4	the	4.435805
331	5	nurse	14.006237
331	6	said	8.596837
331	7	the	5.457362
331	8	assistant	13.500447
331	9	knew	10.363278
331	10	should	9.405612
331	11	thank	15.164355
331	12	the	3.190217
331	13	tailor	16.297899
331	14	on	8.913404
331	15	the	1.691842
331	16	street	7.792835
331	17	.	0.877667
331	18	<eos>	-0.0
332	1	They	0.0
332	2	know	9.486106
332	3	who	7.200986
332	4	the	4.435805
332	5	nurse	14.006237
332	6	said	8.596837
332	7	the	5.457362
332	8	assistant	13.500447
332	9	knew	10.363278
332	10	the	4.757461
332	11	old	9.75656
332	12	man	3.003982
332	13	should	8.137298
332	14	thank	14.346679
332	15	the	5.971926
332	16	tailor	15.132725
332	17	on	8.50311
332	18	the	2.047364
332	19	street	6.876507
332	20	.	1.004618
332	21	<eos>	-0.0
333	1	They	0.0
333	2	know	9.486106
333	3	that	2.169621
333	4	the	1.87231
333	5	nurse	15.349316
333	6	said	9.484548
333	7	the	3.415496
333	8	assistant	13.031377
333	9	knew	8.97716
333	10	she	4.521582
333	11	saw	9.135511
333	12	should	17.806454
333	13	thank	12.988511
333	14	the	2.95937
333	15	tailor	16.532125
333	16	on	8.445025
333	17	the	1.896309
333	18	street	7.600045
333	19	.	1.321655
333	20	<eos>	-0.0
334	1	They	0.0
334	2	know	9.486106
334	3	that	2.169621
334	4	the	1.87231
334	5	nurse	15.349316
334	6	said	9.484548
334	7	the	3.415496
334	8	assistant	13.031377
334	9	knew	8.97716
334	10	she	4.521582
334	11	saw	9.135511
334	12	the	2.342586
334	13	old	9.10722
334	14	man	1.969306
334	15	should	9.888121
334	16	thank	13.858439
334	17	the	3.063682
334	18	tailor	15.715001
334	19	on	9.547084
334	20	the	2.093927
334	21	street	6.942862
334	22	.	1.166456
334	23	<eos>	-0.0
335	1	They	0.0
335	2	know	9.486106
335	3	who	7.200986
335	4	the	4.435805
335	5	nurse	14.006237
335	6	said	8.596837
335	7	the	5.457362
335	8	assistant	13.500447
335	9	knew	10.363278
335	10	she	7.185827
335	11	saw	8.061423
335	12	should	12.843304
335	13	thank	14.578791
335	14	the	3.045644
335	15	tailor	16.124603
335	16	on	9.199913
335	17	the	1.793778
335	18	street	7.573429
335	19	.	0.964257
335	20	<eos>	-0.0
336	1	They	0.0
336	2	know	9.486106
336	3	who	7.200986
336	4	the	4.435805
336	5	nurse	14.006237
336	6	said	8.596837
336	7	the	5.457362
336	8	assistant	13.500447
336	9	knew	10.363278
336	10	she	7.185827
336	11	saw	8.061423
336	12	the	4.797471
336	13	old	9.123753
336	14	man	2.162726
336	15	should	10.926419
336	16	thank	13.872296
336	17	the	3.091059
336	18	tailor	15.631693
336	19	on	9.605634
336	20	the	2.024915
336	21	street	6.757061
336	22	.	0.997215
336	23	<eos>	-0.0
337	1	They	0.0
337	2	know	9.486106
337	3	that	2.169621
337	4	the	1.87231
337	5	nurse	15.349316
337	6	said	9.484548
337	7	the	3.415496
337	8	assistant	13.031377
337	9	knew	8.97716
337	10	she	4.521582
337	11	saw	9.135511
337	12	should	17.806454
337	13	thank	12.988511
337	14	the	2.95937
337	15	tailor	16.532125
337	16	on	8.445025
337	17	the	1.896309
337	18	street	7.600045
337	19	.	1.321655
337	20	<eos>	-0.0
338	1	They	0.0
338	2	know	9.486106
338	3	that	2.169621
338	4	the	1.87231
338	5	nurse	15.349316
338	6	said	9.484548
338	7	the	3.415496
338	8	assistant	13.031377
338	9	knew	8.97716
338	10	she	4.521582
338	11	saw	9.135511
338	12	the	2.342586
338	13	old	9.10722
338	14	man	1.969306
338	15	should	9.888121
338	16	thank	13.858439
338	17	the	3.063682
338	18	tailor	15.715001
338	19	on	9.547084
338	20	the	2.093927
338	21	street	6.942862
338	22	.	1.166456
338	23	<eos>	-0.0
339	1	They	0.0
339	2	know	9.486106
339	3	who	7.200986
339	4	the	4.435805
339	5	nurse	14.006237
339	6	said	8.596837
339	7	the	5.457362
339	8	assistant	13.500447
339	9	knew	10.363278
339	10	she	7.185827
339	11	saw	8.061423
339	12	should	12.843304
339	13	thank	14.578791
339	14	the	3.045644
339	15	tailor	16.124603
339	16	on	9.199913
339	17	the	1.793778
339	18	street	7.573429
339	19	.	0.964257
339	20	<eos>	-0.0
340	1	They	0.0
340	2	know	9.486106
340	3	who	7.200986
340	4	the	4.435805
340	5	nurse	14.006237
340	6	said	8.596837
340	7	the	5.457362
340	8	assistant	13.500447
340	9	knew	10.363278
340	10	she	7.185827
340	11	saw	8.061423
340	12	the	4.797471
340	13	old	9.123753
340	14	man	2.162726
340	15	should	10.926419
340	16	thank	13.872296
340	17	the	3.091059
340	18	tailor	15.631693
340	19	on	9.605634
340	20	the	2.024915
340	21	street	6.757061
340	22	.	0.997215
340	23	<eos>	-0.0
341	1	She	0.0
341	2	knows	11.608641
341	3	that	2.279035
341	4	did	15.223252
341	5	interrogate	22.746347
341	6	the	3.759558
341	7	criminal	10.150945
341	8	last	13.660929
341	9	night	6.176662
341	10	.	1.8775
341	11	<eos>	-0.0
342	1	She	0.0
342	2	knows	11.608641
342	3	that	2.279035
342	4	the	2.521865
342	5	inspectors	18.195784
342	6	did	6.972256
342	7	interrogate	19.471254
342	8	the	3.14748
342	9	criminal	9.087907
342	10	last	16.306246
342	11	night	6.277591
342	12	.	1.752381
342	13	<eos>	-0.0
343	1	She	0.0
343	2	knows	11.608641
343	3	who	6.4446
343	4	did	8.869591
343	5	interrogate	20.065393
343	6	the	3.030668
343	7	criminal	10.550487
343	8	last	12.931459
343	9	night	5.191298
343	10	.	1.620609
343	11	<eos>	-0.0
344	1	She	0.0
344	2	knows	11.608641
344	3	who	6.4446
344	4	the	4.386521
344	5	inspectors	18.939186
344	6	did	7.717991
344	7	interrogate	19.118734
344	8	the	3.168053
344	9	criminal	9.629626
344	10	last	13.973042
344	11	night	4.365781
344	12	.	1.534286
344	13	<eos>	-0.0
345	1	She	0.0
345	2	knows	11.608641
345	3	that	2.279035
345	4	the	2.521865
345	5	police	8.671293
345	6	said	11.493026
345	7	did	16.430706
345	8	interrogate	18.366428
345	9	the	3.439849
345	10	criminal	8.517596
345	11	last	15.778401
345	12	night	4.749039
345	13	.	1.666441
345	14	<eos>	-0.0
346	1	She	0.0
346	2	knows	11.608641
346	3	that	2.279035
346	4	the	2.521865
346	5	police	8.671293
346	6	said	11.493026
346	7	the	3.27879
346	8	inspectors	15.062418
346	9	did	5.861258
346	10	interrogate	18.885525
346	11	the	3.367551
346	12	criminal	8.7004
346	13	last	16.584944
346	14	night	5.269303
346	15	.	1.626321
346	16	<eos>	-0.0
347	1	She	0.0
347	2	knows	11.608641
347	3	who	6.4446
347	4	the	4.386521
347	5	police	8.552961
347	6	said	11.06233
347	7	did	10.896111
347	8	interrogate	19.063107
347	9	the	3.148505
347	10	criminal	8.557516
347	11	last	15.900919
347	12	night	4.885358
347	13	.	1.45037
347	14	<eos>	-0.0
348	1	She	0.0
348	2	knows	11.608641
348	3	who	6.4446
348	4	the	4.386521
348	5	police	8.552961
348	6	said	11.06233
348	7	the	5.427319
348	8	inspectors	15.307302
348	9	did	6.338878
348	10	interrogate	18.974213
348	11	the	3.161845
348	12	criminal	8.782513
348	13	last	15.477867
348	14	night	4.267429
348	15	.	1.41399
348	16	<eos>	-0.0
349	1	She	0.0
349	2	knows	11.608641
349	3	that	2.279035
349	4	the	2.521865
349	5	police	8.671293
349	6	said	11.493026
349	7	the	3.27879
349	8	detective	10.037692
349	9	believed	9.354922
349	10	did	15.083396
349	11	interrogate	16.165146
349	12	the	3.229184
349	13	criminal	7.712204
349	14	last	16.289936
349	15	night	4.434427
349	16	.	1.429878
349	17	<eos>	-0.0
350	1	She	0.0
350	2	knows	11.608641
350	3	that	2.279035
350	4	the	2.521865
350	5	police	8.671293
350	6	said	11.493026
350	7	the	3.27879
350	8	detective	10.037692
350	9	believed	9.354922
350	10	the	2.915163
350	11	inspectors	15.102606
350	12	did	6.205597
350	13	interrogate	17.984278
350	14	the	3.548347
350	15	criminal	8.153203
350	16	last	16.483065
350	17	night	4.955765
350	18	.	1.485644
350	19	<eos>	-0.0
351	1	She	0.0
351	2	knows	11.608641
351	3	who	6.4446
351	4	the	4.386521
351	5	police	8.552961
351	6	said	11.06233
351	7	the	5.427319
351	8	detective	10.120186
351	9	believed	9.412378
351	10	did	10.079405
351	11	interrogate	16.955845
351	12	the	2.989593
351	13	criminal	7.628936
351	14	last	16.109421
351	15	night	4.812174
351	16	.	1.29921
351	17	<eos>	-0.0
352	1	She	0.0
352	2	knows	11.608641
352	3	who	6.4446
352	4	the	4.386521
352	5	police	8.552961
352	6	said	11.06233
352	7	the	5.427319
352	8	detective	10.120186
352	9	believed	9.412378
352	10	the	4.895038
352	11	inspectors	15.666389
352	12	did	6.500911
352	13	interrogate	17.939941
352	14	the	3.273139
352	15	criminal	8.30122
352	16	last	15.531292
352	17	night	4.70208
352	18	.	1.343554
352	19	<eos>	-0.0
353	1	She	0.0
353	2	knows	11.608641
353	3	that	2.279035
353	4	the	2.521865
353	5	police	8.671293
353	6	said	11.493026
353	7	the	3.27879
353	8	detective	10.037692
353	9	believed	9.354922
353	10	he	3.830116
353	11	thought	10.818927
353	12	did	11.251307
353	13	interrogate	17.5742
353	14	the	3.591749
353	15	criminal	7.53175
353	16	last	15.925398
353	17	night	4.255035
353	18	.	1.368808
353	19	<eos>	-0.0
354	1	She	0.0
354	2	knows	11.608641
354	3	that	2.279035
354	4	the	2.521865
354	5	police	8.671293
354	6	said	11.493026
354	7	the	3.27879
354	8	detective	10.037692
354	9	believed	9.354922
354	10	he	3.830116
354	11	thought	10.818927
354	12	the	2.820938
354	13	inspectors	14.674822
354	14	did	5.856333
354	15	interrogate	17.641764
354	16	the	3.893263
354	17	criminal	7.900925
354	18	last	16.353636
354	19	night	4.880177
354	20	.	1.364308
354	21	<eos>	-0.0
355	1	She	0.0
355	2	knows	11.608641
355	3	who	6.4446
355	4	the	4.386521
355	5	police	8.552961
355	6	said	11.06233
355	7	the	5.427319
355	8	detective	10.120186
355	9	believed	9.412378
355	10	he	5.774267
355	11	thought	11.333594
355	12	did	7.603583
355	13	interrogate	18.979471
355	14	the	2.93384
355	15	criminal	7.249846
355	16	last	15.615568
355	17	night	4.687694
355	18	.	1.256079
355	19	<eos>	-0.0
356	1	She	0.0
356	2	knows	11.608641
356	3	who	6.4446
356	4	the	4.386521
356	5	police	8.552961
356	6	said	11.06233
356	7	the	5.427319
356	8	detective	10.120186
356	9	believed	9.412378
356	10	he	5.774267
356	11	thought	11.333594
356	12	the	4.950338
356	13	inspectors	15.126323
356	14	did	5.684773
356	15	interrogate	18.304529
356	16	the	3.333779
356	17	criminal	8.008317
356	18	last	15.705957
356	19	night	4.846416
356	20	.	1.242791
356	21	<eos>	-0.0
357	1	She	0.0
357	2	knows	11.608641
357	3	that	2.279035
357	4	the	2.521865
357	5	police	8.671293
357	6	said	11.493026
357	7	the	3.27879
357	8	detective	10.037692
357	9	believed	9.354922
357	10	he	3.830116
357	11	thought	10.818927
357	12	did	11.251307
357	13	interrogate	17.5742
357	14	the	3.591749
357	15	criminal	7.53175
357	16	last	15.925398
357	17	night	4.255035
357	18	.	1.368808
357	19	<eos>	-0.0
358	1	She	0.0
358	2	knows	11.608641
358	3	that	2.279035
358	4	the	2.521865
358	5	police	8.671293
358	6	said	11.493026
358	7	the	3.27879
358	8	detective	10.037692
358	9	believed	9.354922
358	10	he	3.830116
358	11	thought	10.818927
358	12	the	2.820938
358	13	inspectors	14.674822
358	14	did	5.856333
358	15	interrogate	17.641764
358	16	the	3.893263
358	17	criminal	7.900925
358	18	last	16.353636
358	19	night	4.880177
358	20	.	1.364308
358	21	<eos>	-0.0
359	1	She	0.0
359	2	knows	11.608641
359	3	who	6.4446
359	4	the	4.386521
359	5	police	8.552961
359	6	said	11.06233
359	7	the	5.427319
359	8	detective	10.120186
359	9	believed	9.412378
359	10	he	5.774267
359	11	thought	11.333594
359	12	did	7.603583
359	13	interrogate	18.979471
359	14	the	2.93384
359	15	criminal	7.249846
359	16	last	15.615568
359	17	night	4.687694
359	18	.	1.256079
359	19	<eos>	-0.0
360	1	She	0.0
360	2	knows	11.608641
360	3	who	6.4446
360	4	the	4.386521
360	5	police	8.552961
360	6	said	11.06233
360	7	the	5.427319
360	8	detective	10.120186
360	9	believed	9.412378
360	10	he	5.774267
360	11	thought	11.333594
360	12	the	4.950338
360	13	inspectors	15.126323
360	14	did	5.684773
360	15	interrogate	18.304529
360	16	the	3.333779
360	17	criminal	8.008317
360	18	last	15.705957
360	19	night	4.846416
360	20	.	1.242791
360	21	<eos>	-0.0
361	1	He	0.0
361	2	knows	11.52312
361	3	that	2.297416
361	4	will	11.392435
361	5	wait	12.79012
361	6	for	1.262679
361	7	her	5.541705
361	8	friend	10.12586
361	9	at	8.337816
361	10	the	0.994904
361	11	bus	11.470318
361	12	stop	2.037486
361	13	.	1.737784
361	14	<eos>	-0.0
362	1	He	0.0
362	2	knows	11.52312
362	3	that	2.297416
362	4	the	2.267236
362	5	woman	9.400251
362	6	will	4.667727
362	7	wait	10.908091
362	8	for	1.43752
362	9	her	2.924584
362	10	friend	10.944935
362	11	at	8.310542
362	12	the	0.946514
362	13	bus	10.956336
362	14	stop	2.790584
362	15	.	1.864542
362	16	<eos>	-0.0
363	1	He	0.0
363	2	knows	11.52312
363	3	who	6.622077
363	4	will	5.453275
363	5	wait	11.628619
363	6	for	1.143322
363	7	her	4.616704
363	8	friend	10.558241
363	9	at	8.301971
363	10	the	0.94778
363	11	bus	11.301864
363	12	stop	2.262394
363	13	.	1.521713
363	14	<eos>	-0.0
364	1	He	0.0
364	2	knows	11.52312
364	3	who	6.622077
364	4	the	4.020604
364	5	woman	8.165889
364	6	will	4.678604
364	7	wait	12.362509
364	8	for	1.252718
364	9	her	3.873878
364	10	friend	9.856647
364	11	at	8.50845
364	12	the	0.934281
364	13	bus	11.372665
364	14	stop	2.612802
364	15	.	1.372272
364	16	<eos>	-0.0
365	1	He	0.0
365	2	knows	11.52312
365	3	that	2.297416
365	4	the	2.267236
365	5	man	6.93631
365	6	believed	11.630658
365	7	will	8.166636
365	8	wait	12.162066
365	9	for	1.139364
365	10	her	4.643077
365	11	friend	11.104344
365	12	at	8.489791
365	13	the	0.943593
365	14	bus	11.74773
365	15	stop	2.322881
365	16	.	1.701277
365	17	<eos>	-0.0
366	1	He	0.0
366	2	knows	11.52312
366	3	that	2.297416
366	4	the	2.267236
366	5	man	6.93631
366	6	believed	11.630658
366	7	the	3.694243
366	8	woman	8.545039
366	9	will	5.446786
366	10	wait	12.22813
366	11	for	1.180345
366	12	her	2.926519
366	13	friend	10.876674
366	14	at	8.468145
366	15	the	0.941078
366	16	bus	11.743917
366	17	stop	3.174128
366	18	.	1.713516
366	19	<eos>	-0.0
367	1	He	0.0
367	2	knows	11.52312
367	3	who	6.622077
367	4	the	4.020604
367	5	man	5.863103
367	6	believed	11.256536
367	7	will	6.311781
367	8	wait	11.733374
367	9	for	1.209716
367	10	her	4.603878
367	11	friend	10.532131
367	12	at	8.83572
367	13	the	0.869109
367	14	bus	11.44917
367	15	stop	2.529483
367	16	.	1.407354
367	17	<eos>	-0.0
368	1	He	0.0
368	2	knows	11.52312
368	3	who	6.622077
368	4	the	4.020604
368	5	man	5.863103
368	6	believed	11.256536
368	7	the	5.331831
368	8	woman	8.050152
368	9	will	5.664135
368	10	wait	13.47819
368	11	for	1.066118
368	12	her	3.490253
368	13	friend	9.546586
368	14	at	8.627861
368	15	the	0.898308
368	16	bus	11.864895
368	17	stop	2.84685
368	18	.	1.271693
368	19	<eos>	-0.0
369	1	He	0.0
369	2	knows	11.52312
369	3	that	2.297416
369	4	the	2.267236
369	5	man	6.93631
369	6	believed	11.630658
369	7	the	3.694243
369	8	he	13.400775
369	9	concluded	18.417385
369	10	will	7.803103
369	11	wait	12.351977
369	12	for	1.116028
369	13	her	5.584774
369	14	friend	10.939563
369	15	at	8.848287
369	16	the	0.959703
369	17	bus	11.867578
369	18	stop	2.373289
369	19	.	1.515484
369	20	<eos>	-0.0
370	1	He	0.0
370	2	knows	11.52312
370	3	that	2.297416
370	4	the	2.267236
370	5	man	6.93631
370	6	believed	11.630658
370	7	the	3.694243
370	8	he	13.400775
370	9	concluded	18.417385
370	10	the	2.920257
370	11	woman	11.229294
370	12	will	6.502323
370	13	wait	11.816978
370	14	for	1.170974
370	15	her	3.270653
370	16	friend	11.143117
370	17	at	8.513215
370	18	the	0.924581
370	19	bus	11.784808
370	20	stop	3.068673
370	21	.	1.4791
370	22	<eos>	-0.0
371	1	He	0.0
371	2	knows	11.52312
371	3	who	6.622077
371	4	the	4.020604
371	5	man	5.863103
371	6	believed	11.256536
371	7	the	5.331831
371	8	he	15.295509
371	9	concluded	18.595989
371	10	will	8.361224
371	11	wait	11.312244
371	12	for	1.285422
371	13	her	5.382009
371	14	friend	10.744819
371	15	at	9.043923
371	16	the	0.859876
371	17	bus	11.4624
371	18	stop	2.474321
371	19	.	1.419343
371	20	<eos>	-0.0
372	1	He	0.0
372	2	knows	11.52312
372	3	who	6.622077
372	4	the	4.020604
372	5	man	5.863103
372	6	believed	11.256536
372	7	the	5.331831
372	8	he	15.295509
372	9	concluded	18.595989
372	10	the	5.841219
372	11	woman	10.230927
372	12	will	6.796952
372	13	wait	13.417718
372	14	for	0.772596
372	15	her	3.944849
372	16	friend	9.1974
372	17	at	8.389174
372	18	the	0.946346
372	19	bus	11.92979
372	20	stop	2.878754
372	21	.	1.250203
372	22	<eos>	-0.0
373	1	He	0.0
373	2	knows	11.52312
373	3	that	2.297416
373	4	the	2.267236
373	5	man	6.93631
373	6	believed	11.630658
373	7	the	3.694243
373	8	he	13.400775
373	9	concluded	18.417385
373	10	his	4.282695
373	11	neighbors	16.810833
373	12	had	3.398587
373	13	said	9.843244
373	14	will	12.995606
373	15	wait	12.680875
373	16	for	1.053341
373	17	her	6.057452
373	18	friend	12.242171
373	19	at	8.093242
373	20	the	0.936701
373	21	bus	12.10166
373	22	stop	2.433371
373	23	.	1.285485
373	24	<eos>	-0.0
374	1	He	0.0
374	2	knows	11.52312
374	3	that	2.297416
374	4	the	2.267236
374	5	man	6.93631
374	6	believed	11.630658
374	7	the	3.694243
374	8	he	13.400775
374	9	concluded	18.417385
374	10	his	4.282695
374	11	neighbors	16.810833
374	12	had	3.398587
374	13	said	9.843244
374	14	the	3.976854
374	15	woman	8.938173
374	16	will	7.862038
374	17	wait	11.402114
374	18	for	1.183613
374	19	her	3.471676
374	20	friend	11.697596
374	21	at	8.312225
374	22	the	0.910221
374	23	bus	11.216685
374	24	stop	3.125728
374	25	.	1.355088
374	26	<eos>	-0.0
375	1	He	0.0
375	2	knows	11.52312
375	3	who	6.622077
375	4	the	4.020604
375	5	man	5.863103
375	6	believed	11.256536
375	7	the	5.331831
375	8	he	15.295509
375	9	concluded	18.595989
375	10	his	7.449306
375	11	neighbors	13.498126
375	12	had	2.699971
375	13	said	8.939654
375	14	will	10.747514
375	15	wait	11.52016
375	16	for	1.180331
375	17	her	5.682949
375	18	friend	11.314853
375	19	at	8.317595
375	20	the	0.889747
375	21	bus	11.620316
375	22	stop	2.489071
375	23	.	1.202503
375	24	<eos>	-0.0
376	1	He	0.0
376	2	knows	11.52312
376	3	who	6.622077
376	4	the	4.020604
376	5	man	5.863103
376	6	believed	11.256536
376	7	the	5.331831
376	8	he	15.295509
376	9	concluded	18.595989
376	10	his	7.449306
376	11	neighbors	13.498126
376	12	had	2.699971
376	13	said	8.939654
376	14	the	7.094361
376	15	woman	9.614782
376	16	will	7.821133
376	17	wait	13.246758
376	18	for	0.793185
376	19	her	4.148896
376	20	friend	9.477863
376	21	at	8.258389
376	22	the	0.96283
376	23	bus	11.562119
376	24	stop	3.029493
376	25	.	1.114262
376	26	<eos>	-0.0
377	1	He	0.0
377	2	knows	11.52312
377	3	that	2.297416
377	4	the	2.267236
377	5	man	6.93631
377	6	believed	11.630658
377	7	the	3.694243
377	8	he	13.400775
377	9	concluded	18.417385
377	10	his	4.282695
377	11	neighbors	16.810833
377	12	had	3.398587
377	13	said	9.843244
377	14	will	12.995606
377	15	wait	12.680875
377	16	for	1.053341
377	17	her	6.057452
377	18	friend	12.242171
377	19	at	8.093242
377	20	the	0.936701
377	21	bus	12.10166
377	22	stop	2.433371
377	23	.	1.285485
377	24	<eos>	-0.0
378	1	He	0.0
378	2	knows	11.52312
378	3	that	2.297416
378	4	the	2.267236
378	5	man	6.93631
378	6	believed	11.630658
378	7	the	3.694243
378	8	he	13.400775
378	9	concluded	18.417385
378	10	his	4.282695
378	11	neighbors	16.810833
378	12	had	3.398587
378	13	said	9.843244
378	14	the	3.976854
378	15	woman	8.938173
378	16	will	7.862038
378	17	wait	11.402114
378	18	for	1.183613
378	19	her	3.471676
378	20	friend	11.697596
378	21	at	8.312225
378	22	the	0.910221
378	23	bus	11.216685
378	24	stop	3.125728
378	25	.	1.355088
378	26	<eos>	-0.0
379	1	He	0.0
379	2	knows	11.52312
379	3	who	6.622077
379	4	the	4.020604
379	5	man	5.863103
379	6	believed	11.256536
379	7	the	5.331831
379	8	he	15.295509
379	9	concluded	18.595989
379	10	his	7.449306
379	11	neighbors	13.498126
379	12	had	2.699971
379	13	said	8.939654
379	14	will	10.747514
379	15	wait	11.52016
379	16	for	1.180331
379	17	her	5.682949
379	18	friend	11.314853
379	19	at	8.317595
379	20	the	0.889747
379	21	bus	11.620316
379	22	stop	2.489071
379	23	.	1.202503
379	24	<eos>	-0.0
380	1	He	0.0
380	2	knows	11.52312
380	3	who	6.622077
380	4	the	4.020604
380	5	man	5.863103
380	6	believed	11.256536
380	7	the	5.331831
380	8	he	15.295509
380	9	concluded	18.595989
380	10	his	7.449306
380	11	neighbors	13.498126
380	12	had	2.699971
380	13	said	8.939654
380	14	the	7.094361
380	15	woman	9.614782
380	16	will	7.821133
380	17	wait	13.246758
380	18	for	0.793185
380	19	her	4.148896
380	20	friend	9.477863
380	21	at	8.258389
380	22	the	0.96283
380	23	bus	11.562119
380	24	stop	3.029493
380	25	.	1.114262
380	26	<eos>	-0.0
381	1	You	0.0
381	2	know	6.225534
381	3	that	3.970907
381	4	should	13.337205
381	5	introduce	16.500141
381	6	his	7.270583
381	7	friends	9.283917
381	8	to	1.294695
381	9	his	4.475301
381	10	family	5.58284
381	11	.	2.794938
381	12	<eos>	-0.0
382	1	You	0.0
382	2	know	6.225534
382	3	that	3.970907
382	4	the	2.063794
382	5	man	8.219696
382	6	should	7.804327
382	7	introduce	13.142774
382	8	his	4.117262
382	9	friends	9.59047
382	10	to	1.444276
382	11	his	3.557229
382	12	family	5.40183
382	13	.	1.980926
382	14	<eos>	-0.0
383	1	You	0.0
383	2	know	6.225534
383	3	who	7.834128
383	4	should	7.595498
383	5	introduce	12.981513
383	6	his	6.022404
383	7	friends	10.4061
383	8	to	1.702597
383	9	his	4.465845
383	10	family	5.143228
383	11	.	1.124962
383	12	<eos>	-0.0
384	1	You	0.0
384	2	know	6.225534
384	3	who	7.834128
384	4	the	4.899722
384	5	man	7.080769
384	6	should	6.954037
384	7	introduce	14.554155
384	8	his	7.422543
384	9	friends	8.949992
384	10	to	2.490905
384	11	his	5.233186
384	12	family	5.124774
384	13	.	1.141832
384	14	<eos>	-0.0
385	1	You	0.0
385	2	know	6.225534
385	3	that	3.970907
385	4	the	2.063794
385	5	woman	10.021988
385	6	said	8.769319
385	7	should	12.5819
385	8	introduce	14.096961
385	9	his	5.644631
385	10	friends	9.718458
385	11	to	1.418969
385	12	his	4.30479
385	13	family	5.263727
385	14	.	1.570101
385	15	<eos>	-0.0
386	1	You	0.0
386	2	know	6.225534
386	3	that	3.970907
386	4	the	2.063794
386	5	woman	10.021988
386	6	said	8.769319
386	7	the	4.093726
386	8	man	5.765569
386	9	should	6.849289
386	10	introduce	13.683577
386	11	his	4.87946
386	12	friends	10.224798
386	13	to	1.454174
386	14	his	4.09585
386	15	family	5.233421
386	16	.	1.612686
386	17	<eos>	-0.0
387	1	You	0.0
387	2	know	6.225534
387	3	who	7.834128
387	4	the	4.899722
387	5	woman	9.275633
387	6	said	8.137685
387	7	should	9.288614
387	8	introduce	15.205765
387	9	his	6.129427
387	10	friends	9.493581
387	11	to	1.657645
387	12	his	4.432686
387	13	family	5.213733
387	14	.	1.072726
387	15	<eos>	-0.0
388	1	You	0.0
388	2	know	6.225534
388	3	who	7.834128
388	4	the	4.899722
388	5	woman	9.275633
388	6	said	8.137685
388	7	the	5.698429
388	8	man	6.107989
388	9	should	7.491135
388	10	introduce	14.969697
388	11	his	7.626766
388	12	friends	9.313794
388	13	to	2.116229
388	14	his	5.038404
388	15	family	4.986522
388	16	.	1.078484
388	17	<eos>	-0.0
389	1	You	0.0
389	2	know	6.225534
389	3	that	3.970907
389	4	the	2.063794
389	5	woman	10.021988
389	6	said	8.769319
389	7	the	4.093726
389	8	neighbor	14.562593
389	9	thought	9.443845
389	10	should	12.958148
389	11	introduce	14.894634
389	12	his	5.873693
389	13	friends	9.773496
389	14	to	1.437045
389	15	his	4.187661
389	16	family	4.992726
389	17	.	1.178824
389	18	<eos>	-0.0
390	1	You	0.0
390	2	know	6.225534
390	3	that	3.970907
390	4	the	2.063794
390	5	woman	10.021988
390	6	said	8.769319
390	7	the	4.093726
390	8	neighbor	14.562593
390	9	thought	9.443845
390	10	the	3.736657
390	11	man	6.175142
390	12	should	6.194507
390	13	introduce	14.370046
390	14	his	5.050545
390	15	friends	10.29869
390	16	to	1.451587
390	17	his	4.158718
390	18	family	4.84187
390	19	.	1.296785
390	20	<eos>	-0.0
391	1	You	0.0
391	2	know	6.225534
391	3	who	7.834128
391	4	the	4.899722
391	5	woman	9.275633
391	6	said	8.137685
391	7	the	5.698429
391	8	neighbor	13.34979
391	9	thought	10.057963
391	10	should	9.030567
391	11	introduce	16.275305
391	12	his	6.087174
391	13	friends	9.194038
391	14	to	1.649861
391	15	his	4.408516
391	16	family	4.693465
391	17	.	0.896218
391	18	<eos>	-0.0
392	1	You	0.0
392	2	know	6.225534
392	3	who	7.834128
392	4	the	4.899722
392	5	woman	9.275633
392	6	said	8.137685
392	7	the	5.698429
392	8	neighbor	13.34979
392	9	thought	10.057963
392	10	the	6.172292
392	11	man	6.457374
392	12	should	7.071927
392	13	introduce	15.491099
392	14	his	8.547187
392	15	friends	9.870599
392	16	to	2.126113
392	17	his	5.613292
392	18	family	4.696482
392	19	.	0.978849
392	20	<eos>	-0.0
393	1	You	0.0
393	2	know	6.225534
393	3	that	3.970907
393	4	the	2.063794
393	5	woman	10.021988
393	6	said	8.769319
393	7	the	4.093726
393	8	neighbor	14.562593
393	9	thought	9.443845
393	10	he	3.628174
393	11	recalled	17.519623
393	12	should	13.007729
393	13	introduce	14.924479
393	14	his	4.846398
393	15	friends	9.317899
393	16	to	1.619709
393	17	his	3.834318
393	18	family	5.022445
393	19	.	1.069663
393	20	<eos>	-0.0
394	1	You	0.0
394	2	know	6.225534
394	3	that	3.970907
394	4	the	2.063794
394	5	woman	10.021988
394	6	said	8.769319
394	7	the	4.093726
394	8	neighbor	14.562593
394	9	thought	9.443845
394	10	he	3.628174
394	11	recalled	17.519623
394	12	the	2.531187
394	13	man	7.123699
394	14	should	10.310605
394	15	introduce	13.936959
394	16	his	4.470553
394	17	friends	9.598923
394	18	to	1.45406
394	19	his	3.688189
394	20	family	5.173708
394	21	.	1.120165
394	22	<eos>	-0.0
395	1	You	0.0
395	2	know	6.225534
395	3	who	7.834128
395	4	the	4.899722
395	5	woman	9.275633
395	6	said	8.137685
395	7	the	5.698429
395	8	neighbor	13.34979
395	9	thought	10.057963
395	10	he	5.960351
395	11	recalled	16.174072
395	12	should	11.125809
395	13	introduce	15.44954
395	14	his	5.668986
395	15	friends	8.971375
395	16	to	1.642193
395	17	his	4.14987
395	18	family	4.951647
395	19	.	0.879047
395	20	<eos>	-0.0
396	1	You	0.0
396	2	know	6.225534
396	3	who	7.834128
396	4	the	4.899722
396	5	woman	9.275633
396	6	said	8.137685
396	7	the	5.698429
396	8	neighbor	13.34979
396	9	thought	10.057963
396	10	he	5.960351
396	11	recalled	16.174072
396	12	the	5.52932
396	13	man	8.008626
396	14	should	9.559248
396	15	introduce	14.578306
396	16	his	5.326252
396	17	friends	8.955834
396	18	to	1.947924
396	19	his	4.281012
396	20	family	4.975359
396	21	.	0.977281
396	22	<eos>	-0.0
397	1	You	0.0
397	2	know	6.225534
397	3	that	3.970907
397	4	the	2.063794
397	5	woman	10.021988
397	6	said	8.769319
397	7	the	4.093726
397	8	neighbor	14.562593
397	9	thought	9.443845
397	10	he	3.628174
397	11	recalled	17.519623
397	12	should	13.007729
397	13	introduce	14.924479
397	14	his	4.846398
397	15	friends	9.317899
397	16	to	1.619709
397	17	his	3.834318
397	18	family	5.022445
397	19	.	1.069663
397	20	<eos>	-0.0
398	1	You	0.0
398	2	know	6.225534
398	3	that	3.970907
398	4	the	2.063794
398	5	woman	10.021988
398	6	said	8.769319
398	7	the	4.093726
398	8	neighbor	14.562593
398	9	thought	9.443845
398	10	he	3.628174
398	11	recalled	17.519623
398	12	the	2.531187
398	13	man	7.123699
398	14	should	10.310605
398	15	introduce	13.936959
398	16	his	4.470553
398	17	friends	9.598923
398	18	to	1.45406
398	19	his	3.688189
398	20	family	5.173708
398	21	.	1.120165
398	22	<eos>	-0.0
399	1	You	0.0
399	2	know	6.225534
399	3	who	7.834128
399	4	the	4.899722
399	5	woman	9.275633
399	6	said	8.137685
399	7	the	5.698429
399	8	neighbor	13.34979
399	9	thought	10.057963
399	10	he	5.960351
399	11	recalled	16.174072
399	12	should	11.125809
399	13	introduce	15.44954
399	14	his	5.668986
399	15	friends	8.971375
399	16	to	1.642193
399	17	his	4.14987
399	18	family	4.951647
399	19	.	0.879047
399	20	<eos>	-0.0
400	1	You	0.0
400	2	know	6.225534
400	3	who	7.834128
400	4	the	4.899722
400	5	woman	9.275633
400	6	said	8.137685
400	7	the	5.698429
400	8	neighbor	13.34979
400	9	thought	10.057963
400	10	he	5.960351
400	11	recalled	16.174072
400	12	the	5.52932
400	13	man	8.008626
400	14	should	9.559248
400	15	introduce	14.578306
400	16	his	5.326252
400	17	friends	8.955834
400	18	to	1.947924
400	19	his	4.281012
400	20	family	4.975359
400	21	.	0.977281
400	22	<eos>	-0.0
401	1	I	0.0
401	2	know	6.278276
401	3	that	2.352433
401	4	might	14.406142
401	5	congratulate	17.437862
401	6	the	3.191572
401	7	athletes	9.924219
401	8	over	7.270547
401	9	lunch	15.87665
401	10	.	1.146544
401	11	<eos>	-0.0
402	1	I	0.0
402	2	know	6.278276
402	3	that	2.352433
402	4	the	2.35511
402	5	president	10.562896
402	6	might	8.261501
402	7	congratulate	15.021603
402	8	the	2.716655
402	9	athletes	10.720687
402	10	over	6.76927
402	11	lunch	15.786796
402	12	.	1.570327
402	13	<eos>	-0.0
403	1	I	0.0
403	2	know	6.278276
403	3	who	6.580016
403	4	might	8.6036
403	5	congratulate	14.748611
403	6	the	2.764328
403	7	athletes	10.4891
403	8	over	8.003729
403	9	lunch	14.227336
403	10	.	1.053603
403	11	<eos>	-0.0
404	1	I	0.0
404	2	know	6.278276
404	3	who	6.580016
404	4	the	5.056487
404	5	president	9.935833
404	6	might	7.987624
404	7	congratulate	15.105742
404	8	the	4.737761
404	9	athletes	11.726515
404	10	over	7.00209
404	11	lunch	17.301987
404	12	.	1.073198
404	13	<eos>	-0.0
405	1	I	0.0
405	2	know	6.278276
405	3	that	2.352433
405	4	the	2.35511
405	5	coach	13.491508
405	6	said	10.004469
405	7	might	17.215942
405	8	congratulate	14.195292
405	9	the	3.301077
405	10	athletes	6.81227
405	11	over	6.652494
405	12	lunch	15.591769
405	13	.	1.154585
405	14	<eos>	-0.0
406	1	I	0.0
406	2	know	6.278276
406	3	that	2.352433
406	4	the	2.35511
406	5	coach	13.491508
406	6	said	10.004469
406	7	the	3.189495
406	8	president	9.481625
406	9	might	7.468586
406	10	congratulate	13.091248
406	11	the	3.391099
406	12	athletes	6.841587
406	13	over	6.78967
406	14	lunch	14.823328
406	15	.	1.429881
406	16	<eos>	-0.0
407	1	I	0.0
407	2	know	6.278276
407	3	who	6.580016
407	4	the	5.056487
407	5	coach	12.526186
407	6	said	9.138858
407	7	might	11.663837
407	8	congratulate	15.610967
407	9	the	3.550759
407	10	athletes	7.052161
407	11	over	6.912427
407	12	lunch	15.696304
407	13	.	0.809965
407	14	<eos>	-0.0
408	1	I	0.0
408	2	know	6.278276
408	3	who	6.580016
408	4	the	5.056487
408	5	coach	12.526186
408	6	said	9.138858
408	7	the	4.897272
408	8	president	9.31299
408	9	might	8.264558
408	10	congratulate	12.923214
408	11	the	3.684622
408	12	athletes	7.983722
408	13	over	6.559961
408	14	lunch	16.671816
408	15	.	1.001334
408	16	<eos>	-0.0
409	1	I	0.0
409	2	know	6.278276
409	3	that	2.352433
409	4	the	2.35511
409	5	coach	13.491508
409	6	said	10.004469
409	7	the	3.189495
409	8	assistant	13.529103
409	9	believed	11.922255
409	10	might	12.701635
409	11	congratulate	14.649756
409	12	the	3.638409
409	13	athletes	7.190938
409	14	over	7.113832
409	15	lunch	16.542088
409	16	.	0.988622
409	17	<eos>	-0.0
410	1	I	0.0
410	2	know	6.278276
410	3	that	2.352433
410	4	the	2.35511
410	5	coach	13.491508
410	6	said	10.004469
410	7	the	3.189495
410	8	assistant	13.529103
410	9	believed	11.922255
410	10	the	3.134073
410	11	president	9.264897
410	12	might	6.60535
410	13	congratulate	13.574209
410	14	the	3.598461
410	15	athletes	6.765756
410	16	over	6.895535
410	17	lunch	15.176067
410	18	.	1.152817
410	19	<eos>	-0.0
411	1	I	0.0
411	2	know	6.278276
411	3	who	6.580016
411	4	the	5.056487
411	5	coach	12.526186
411	6	said	9.138858
411	7	the	4.897272
411	8	assistant	13.73425
411	9	believed	13.159837
411	10	might	9.785675
411	11	congratulate	14.972435
411	12	the	3.38535
411	13	athletes	7.256595
411	14	over	7.371541
411	15	lunch	16.240465
411	16	.	0.736133
411	17	<eos>	-0.0
412	1	I	0.0
412	2	know	6.278276
412	3	who	6.580016
412	4	the	5.056487
412	5	coach	12.526186
412	6	said	9.138858
412	7	the	4.897272
412	8	assistant	13.73425
412	9	believed	13.159837
412	10	the	4.140643
412	11	president	8.484797
412	12	might	6.835728
412	13	congratulate	13.369997
412	14	the	3.294748
412	15	athletes	7.655533
412	16	over	7.033471
412	17	lunch	15.43212
412	18	.	0.863358
412	19	<eos>	-0.0
413	1	I	0.0
413	2	know	6.278276
413	3	that	2.352433
413	4	the	2.35511
413	5	coach	13.491508
413	6	said	10.004469
413	7	the	3.189495
413	8	assistant	13.529103
413	9	believed	11.922255
413	10	he	3.594095
413	11	remembered	14.393239
413	12	might	15.513341
413	13	congratulate	12.87261
413	14	the	4.797709
413	15	athletes	7.024858
413	16	over	6.856173
413	17	lunch	15.539668
413	18	.	0.979011
413	19	<eos>	-0.0
414	1	I	0.0
414	2	know	6.278276
414	3	that	2.352433
414	4	the	2.35511
414	5	coach	13.491508
414	6	said	10.004469
414	7	the	3.189495
414	8	assistant	13.529103
414	9	believed	11.922255
414	10	he	3.594095
414	11	remembered	14.393239
414	12	the	2.065271
414	13	president	11.036918
414	14	might	11.737227
414	15	congratulate	13.005145
414	16	the	4.567389
414	17	athletes	7.160236
414	18	over	6.622843
414	19	lunch	15.337513
414	20	.	1.010185
414	21	<eos>	-0.0
415	1	I	0.0
415	2	know	6.278276
415	3	who	6.580016
415	4	the	5.056487
415	5	coach	12.526186
415	6	said	9.138858
415	7	the	4.897272
415	8	assistant	13.73425
415	9	believed	13.159837
415	10	he	4.484371
415	11	remembered	14.371391
415	12	might	12.561193
415	13	congratulate	14.241657
415	14	the	4.506821
415	15	athletes	7.359173
415	16	over	7.318584
415	17	lunch	15.630578
415	18	.	0.735271
415	19	<eos>	-0.0
416	1	I	0.0
416	2	know	6.278276
416	3	who	6.580016
416	4	the	5.056487
416	5	coach	12.526186
416	6	said	9.138858
416	7	the	4.897272
416	8	assistant	13.73425
416	9	believed	13.159837
416	10	he	4.484371
416	11	remembered	14.371391
416	12	the	2.789052
416	13	president	10.802636
416	14	might	11.227546
416	15	congratulate	13.464241
416	16	the	4.341829
416	17	athletes	7.764656
416	18	over	6.772599
416	19	lunch	15.860678
416	20	.	0.823956
416	21	<eos>	-0.0
417	1	I	0.0
417	2	know	6.278276
417	3	that	2.352433
417	4	the	2.35511
417	5	coach	13.491508
417	6	said	10.004469
417	7	the	3.189495
417	8	assistant	13.529103
417	9	believed	11.922255
417	10	he	3.594095
417	11	remembered	14.393239
417	12	might	15.513341
417	13	congratulate	12.87261
417	14	the	4.797709
417	15	athletes	7.024858
417	16	over	6.856173
417	17	lunch	15.539668
417	18	.	0.979011
417	19	<eos>	-0.0
418	1	I	0.0
418	2	know	6.278276
418	3	that	2.352433
418	4	the	2.35511
418	5	coach	13.491508
418	6	said	10.004469
418	7	the	3.189495
418	8	assistant	13.529103
418	9	believed	11.922255
418	10	he	3.594095
418	11	remembered	14.393239
418	12	the	2.065271
418	13	president	11.036918
418	14	might	11.737227
418	15	congratulate	13.005145
418	16	the	4.567389
418	17	athletes	7.160236
418	18	over	6.622843
418	19	lunch	15.337513
418	20	.	1.010185
418	21	<eos>	-0.0
419	1	I	0.0
419	2	know	6.278276
419	3	who	6.580016
419	4	the	5.056487
419	5	coach	12.526186
419	6	said	9.138858
419	7	the	4.897272
419	8	assistant	13.73425
419	9	believed	13.159837
419	10	he	4.484371
419	11	remembered	14.371391
419	12	might	12.561193
419	13	congratulate	14.241657
419	14	the	4.506821
419	15	athletes	7.359173
419	16	over	7.318584
419	17	lunch	15.630578
419	18	.	0.735271
419	19	<eos>	-0.0
420	1	I	0.0
420	2	know	6.278276
420	3	who	6.580016
420	4	the	5.056487
420	5	coach	12.526186
420	6	said	9.138858
420	7	the	4.897272
420	8	assistant	13.73425
420	9	believed	13.159837
420	10	he	4.484371
420	11	remembered	14.371391
420	12	the	2.789052
420	13	president	10.802636
420	14	might	11.227546
420	15	congratulate	13.464241
420	16	the	4.341829
420	17	athletes	7.764656
420	18	over	6.772599
420	19	lunch	15.860678
420	20	.	0.823956
420	21	<eos>	-0.0
421	1	You	0.0
421	2	know	6.225534
421	3	that	3.970907
421	4	did	13.994121
421	5	support	14.813788
421	6	the	2.476853
421	7	candidate	11.281949
421	8	last	12.606502
421	9	year	2.81246
421	10	.	1.91003
421	11	<eos>	-0.0
422	1	You	0.0
422	2	know	6.225534
422	3	that	3.970907
422	4	the	2.063794
422	5	millionaire	17.189167
422	6	did	8.092638
422	7	support	14.5549
422	8	the	2.071908
422	9	candidate	13.298981
422	10	last	13.962982
422	11	year	2.191266
422	12	.	2.12163
422	13	<eos>	-0.0
423	1	You	0.0
423	2	know	6.225534
423	3	who	7.834128
423	4	did	7.352716
423	5	support	12.414324
423	6	the	1.84931
423	7	candidate	11.489646
423	8	last	12.988263
423	9	year	2.213889
423	10	.	1.612765
423	11	<eos>	-0.0
424	1	You	0.0
424	2	know	6.225534
424	3	who	7.834128
424	4	the	4.899722
424	5	millionaire	15.001207
424	6	did	7.806524
424	7	support	15.066751
424	8	the	4.501215
424	9	candidate	13.711618
424	10	last	14.07363
424	11	year	2.633651
424	12	.	1.756955
424	13	<eos>	-0.0
425	1	You	0.0
425	2	know	6.225534
425	3	that	3.970907
425	4	the	2.063794
425	5	lobbyist	21.37114
425	6	believed	9.774343
425	7	did	13.457659
425	8	support	10.948841
425	9	the	1.526863
425	10	candidate	10.90314
425	11	last	15.596428
425	12	year	3.019737
425	13	.	1.8854
425	14	<eos>	-0.0
426	1	You	0.0
426	2	know	6.225534
426	3	that	3.970907
426	4	the	2.063794
426	5	lobbyist	21.37114
426	6	believed	9.774343
426	7	the	3.340664
426	8	millionaire	16.288849
426	9	did	7.458241
426	10	support	13.481138
426	11	the	2.147432
426	12	candidate	12.182861
426	13	last	15.399313
426	14	year	2.345104
426	15	.	1.885324
426	16	<eos>	-0.0
427	1	You	0.0
427	2	know	6.225534
427	3	who	7.834128
427	4	the	4.899722
427	5	lobbyist	20.70472
427	6	believed	10.047364
427	7	did	8.913419
427	8	support	10.759831
427	9	the	1.36056
427	10	candidate	10.989712
427	11	last	15.28525
427	12	year	2.784557
427	13	.	1.460291
427	14	<eos>	-0.0
428	1	You	0.0
428	2	know	6.225534
428	3	who	7.834128
428	4	the	4.899722
428	5	lobbyist	20.70472
428	6	believed	10.047364
428	7	the	5.17522
428	8	millionaire	15.470713
428	9	did	7.124864
428	10	support	15.130832
428	11	the	4.623678
428	12	candidate	12.442577
428	13	last	15.401734
428	14	year	2.636086
428	15	.	1.679883
428	16	<eos>	-0.0
429	1	You	0.0
429	2	know	6.225534
429	3	that	3.970907
429	4	the	2.063794
429	5	lobbyist	21.37114
429	6	believed	9.774343
429	7	the	3.340664
429	8	secretary	13.683255
429	9	said	9.553503
429	10	did	13.595175
429	11	support	11.961531
429	12	the	2.039194
429	13	candidate	11.249636
429	14	last	15.293241
429	15	year	2.8302
429	16	.	1.653831
429	17	<eos>	-0.0
430	1	You	0.0
430	2	know	6.225534
430	3	that	3.970907
430	4	the	2.063794
430	5	lobbyist	21.37114
430	6	believed	9.774343
430	7	the	3.340664
430	8	secretary	13.683255
430	9	said	9.553503
430	10	the	3.194377
430	11	millionaire	17.111671
430	12	did	6.962608
430	13	support	14.396816
430	14	the	2.544734
430	15	candidate	12.309643
430	16	last	15.929901
430	17	year	2.28399
430	18	.	1.685237
430	19	<eos>	-0.0
431	1	You	0.0
431	2	know	6.225534
431	3	who	7.834128
431	4	the	4.899722
431	5	lobbyist	20.70472
431	6	believed	10.047364
431	7	the	5.17522
431	8	secretary	13.828888
431	9	said	7.627215
431	10	did	8.267395
431	11	support	12.225135
431	12	the	1.825291
431	13	candidate	10.929283
431	14	last	15.49726
431	15	year	2.673305
431	16	.	1.449427
431	17	<eos>	-0.0
432	1	You	0.0
432	2	know	6.225534
432	3	who	7.834128
432	4	the	4.899722
432	5	lobbyist	20.70472
432	6	believed	10.047364
432	7	the	5.17522
432	8	secretary	13.828888
432	9	said	7.627215
432	10	the	5.877343
432	11	millionaire	15.607613
432	12	did	7.086704
432	13	support	15.25213
432	14	the	4.230064
432	15	candidate	12.748132
432	16	last	15.814706
432	17	year	2.36175
432	18	.	1.58942
432	19	<eos>	-0.0
433	1	You	0.0
433	2	know	6.225534
433	3	that	3.970907
433	4	the	2.063794
433	5	lobbyist	21.37114
433	6	believed	9.774343
433	7	the	3.340664
433	8	secretary	13.683255
433	9	said	9.553503
433	10	she	6.827534
433	11	saw	8.744182
433	12	did	17.137156
433	13	support	12.484509
433	14	the	5.953054
433	15	candidate	11.509247
433	16	last	15.371112
433	17	year	2.996386
433	18	.	1.559417
433	19	<eos>	-0.0
434	1	You	0.0
434	2	know	6.225534
434	3	that	3.970907
434	4	the	2.063794
434	5	lobbyist	21.37114
434	6	believed	9.774343
434	7	the	3.340664
434	8	secretary	13.683255
434	9	said	9.553503
434	10	she	6.827534
434	11	saw	8.744182
434	12	the	2.192648
434	13	millionaire	16.378712
434	14	did	11.876694
434	15	support	13.056746
434	16	the	3.030687
434	17	candidate	12.229923
434	18	last	16.046005
434	19	year	2.41432
434	20	.	1.588164
434	21	<eos>	-0.0
435	1	You	0.0
435	2	know	6.225534
435	3	who	7.834128
435	4	the	4.899722
435	5	lobbyist	20.70472
435	6	believed	10.047364
435	7	the	5.17522
435	8	secretary	13.828888
435	9	said	7.627215
435	10	she	9.23651
435	11	saw	8.093054
435	12	did	13.078913
435	13	support	12.825415
435	14	the	3.539968
435	15	candidate	11.219007
435	16	last	15.455276
435	17	year	2.50757
435	18	.	1.388901
435	19	<eos>	-0.0
436	1	You	0.0
436	2	know	6.225534
436	3	who	7.834128
436	4	the	4.899722
436	5	lobbyist	20.70472
436	6	believed	10.047364
436	7	the	5.17522
436	8	secretary	13.828888
436	9	said	7.627215
436	10	she	9.23651
436	11	saw	8.093054
436	12	the	3.526179
436	13	millionaire	15.921331
436	14	did	10.82041
436	15	support	14.058849
436	16	the	4.28791
436	17	candidate	12.655592
436	18	last	15.769722
436	19	year	2.155364
436	20	.	1.506883
436	21	<eos>	-0.0
437	1	You	0.0
437	2	know	6.225534
437	3	that	3.970907
437	4	the	2.063794
437	5	lobbyist	21.37114
437	6	believed	9.774343
437	7	the	3.340664
437	8	secretary	13.683255
437	9	said	9.553503
437	10	she	6.827534
437	11	saw	8.744182
437	12	did	17.137156
437	13	support	12.484509
437	14	the	5.953054
437	15	candidate	11.509247
437	16	last	15.371112
437	17	year	2.996386
437	18	.	1.559417
437	19	<eos>	-0.0
438	1	You	0.0
438	2	know	6.225534
438	3	that	3.970907
438	4	the	2.063794
438	5	lobbyist	21.37114
438	6	believed	9.774343
438	7	the	3.340664
438	8	secretary	13.683255
438	9	said	9.553503
438	10	she	6.827534
438	11	saw	8.744182
438	12	the	2.192648
438	13	millionaire	16.378712
438	14	did	11.876694
438	15	support	13.056746
438	16	the	3.030687
438	17	candidate	12.229923
438	18	last	16.046005
438	19	year	2.41432
438	20	.	1.588164
438	21	<eos>	-0.0
439	1	You	0.0
439	2	know	6.225534
439	3	who	7.834128
439	4	the	4.899722
439	5	lobbyist	20.70472
439	6	believed	10.047364
439	7	the	5.17522
439	8	secretary	13.828888
439	9	said	7.627215
439	10	she	9.23651
439	11	saw	8.093054
439	12	did	13.078913
439	13	support	12.825415
439	14	the	3.539968
439	15	candidate	11.219007
439	16	last	15.455276
439	17	year	2.50757
439	18	.	1.388901
439	19	<eos>	-0.0
440	1	You	0.0
440	2	know	6.225534
440	3	who	7.834128
440	4	the	4.899722
440	5	lobbyist	20.70472
440	6	believed	10.047364
440	7	the	5.17522
440	8	secretary	13.828888
440	9	said	7.627215
440	10	she	9.23651
440	11	saw	8.093054
440	12	the	3.526179
440	13	millionaire	15.921331
440	14	did	10.82041
440	15	support	14.058849
440	16	the	4.28791
440	17	candidate	12.655592
440	18	last	15.769722
440	19	year	2.155364
440	20	.	1.506883
440	21	<eos>	-0.0
441	1	I	0.0
441	2	know	6.278276
441	3	that	2.352433
441	4	could	13.58407
441	5	greet	17.315987
441	6	the	2.167796
441	7	man	8.212153
441	8	early	14.039054
441	9	in	1.32343
441	10	the	0.909137
441	11	morning	2.531669
441	12	.	1.633386
441	13	<eos>	-0.0
442	1	I	0.0
442	2	know	6.278276
442	3	that	2.352433
442	4	the	2.35511
442	5	librarian	17.073793
442	6	could	6.254767
442	7	greet	14.559202
442	8	the	2.054734
442	9	man	7.848444
442	10	early	14.097253
442	11	in	1.336666
442	12	the	0.957096
442	13	morning	2.298072
442	14	.	1.904461
442	15	<eos>	-0.0
443	1	I	0.0
443	2	know	6.278276
443	3	who	6.580016
443	4	could	7.502074
443	5	greet	13.507802
443	6	the	2.1966
443	7	man	8.380403
443	8	early	14.8916
443	9	in	1.274942
443	10	the	0.916834
443	11	morning	2.825912
443	12	.	1.273096
443	13	<eos>	-0.0
444	1	I	0.0
444	2	know	6.278276
444	3	who	6.580016
444	4	the	5.056487
444	5	librarian	16.219767
444	6	could	6.306582
444	7	greet	14.624696
444	8	the	3.394274
444	9	man	7.113679
444	10	early	14.732628
444	11	in	1.181524
444	12	the	1.090713
444	13	morning	3.056578
444	14	.	1.085044
444	15	<eos>	-0.0
445	1	I	0.0
445	2	know	6.278276
445	3	that	2.352433
445	4	the	2.35511
445	5	mayor	13.542091
445	6	said	10.425508
445	7	could	15.532294
445	8	greet	16.013809
445	9	the	1.980437
445	10	man	8.630736
445	11	early	14.733733
445	12	in	1.486919
445	13	the	0.870319
445	14	morning	2.941072
445	15	.	1.602245
445	16	<eos>	-0.0
446	1	I	0.0
446	2	know	6.278276
446	3	that	2.352433
446	4	the	2.35511
446	5	mayor	13.542091
446	6	said	10.425508
446	7	the	3.216996
446	8	librarian	17.705677
446	9	could	4.552863
446	10	greet	14.845535
446	11	the	2.298563
446	12	man	7.809973
446	13	early	14.669704
446	14	in	1.416346
446	15	the	0.870512
446	16	morning	2.574912
446	17	.	1.838449
446	18	<eos>	-0.0
447	1	I	0.0
447	2	know	6.278276
447	3	who	6.580016
447	4	the	5.056487
447	5	mayor	13.321761
447	6	said	8.945595
447	7	could	9.915112
447	8	greet	16.662388
447	9	the	1.994491
447	10	man	9.252567
447	11	early	15.583595
447	12	in	1.267288
447	13	the	0.884133
447	14	morning	3.033314
447	15	.	0.993906
447	16	<eos>	-0.0
448	1	I	0.0
448	2	know	6.278276
448	3	who	6.580016
448	4	the	5.056487
448	5	mayor	13.321761
448	6	said	8.945595
448	7	the	5.002458
448	8	librarian	17.130865
448	9	could	5.462829
448	10	greet	14.163348
448	11	the	2.552573
448	12	man	7.864874
448	13	early	15.091015
448	14	in	1.307617
448	15	the	0.926126
448	16	morning	2.491007
448	17	.	1.068619
448	18	<eos>	-0.0
449	1	I	0.0
449	2	know	6.278276
449	3	that	2.352433
449	4	the	2.35511
449	5	mayor	13.542091
449	6	said	10.425508
449	7	the	3.216996
449	8	clerk	13.183102
449	9	believed	10.119206
449	10	could	13.01068
449	11	greet	16.041897
449	12	the	1.692677
449	13	man	8.098679
449	14	early	15.001865
449	15	in	1.54547
449	16	the	0.851507
449	17	morning	2.513273
449	18	.	1.412836
449	19	<eos>	-0.0
450	1	I	0.0
450	2	know	6.278276
450	3	that	2.352433
450	4	the	2.35511
450	5	mayor	13.542091
450	6	said	10.425508
450	7	the	3.216996
450	8	clerk	13.183102
450	9	believed	10.119206
450	10	the	2.86781
450	11	librarian	15.185917
450	12	could	3.817585
450	13	greet	14.643452
450	14	the	2.396265
450	15	man	6.739965
450	16	early	14.701501
450	17	in	1.55206
450	18	the	0.90146
450	19	morning	1.992326
450	20	.	1.516489
450	21	<eos>	-0.0
451	1	I	0.0
451	2	know	6.278276
451	3	who	6.580016
451	4	the	5.056487
451	5	mayor	13.321761
451	6	said	8.945595
451	7	the	5.002458
451	8	clerk	13.780059
451	9	believed	10.039076
451	10	could	10.781915
451	11	greet	16.209286
451	12	the	1.724904
451	13	man	8.416564
451	14	early	15.483492
451	15	in	1.462544
451	16	the	0.906945
451	17	morning	2.561804
451	18	.	0.984223
451	19	<eos>	-0.0
452	1	I	0.0
452	2	know	6.278276
452	3	who	6.580016
452	4	the	5.056487
452	5	mayor	13.321761
452	6	said	8.945595
452	7	the	5.002458
452	8	clerk	13.780059
452	9	believed	10.039076
452	10	the	3.115828
452	11	librarian	15.254903
452	12	could	3.990247
452	13	greet	14.154954
452	14	the	2.508261
452	15	man	6.890522
452	16	early	15.132427
452	17	in	1.42046
452	18	the	0.907047
452	19	morning	2.032185
452	20	.	1.083435
452	21	<eos>	-0.0
453	1	I	0.0
453	2	know	6.278276
453	3	that	2.352433
453	4	the	2.35511
453	5	mayor	13.542091
453	6	said	10.425508
453	7	the	3.216996
453	8	clerk	13.183102
453	9	believed	10.119206
453	10	he	3.821882
453	11	witnessed	14.431889
453	12	could	15.426633
453	13	greet	15.509956
453	14	the	1.94925
453	15	man	6.782656
453	16	early	15.100023
453	17	in	1.297622
453	18	the	0.907512
453	19	morning	1.812757
453	20	.	1.297013
453	21	<eos>	-0.0
454	1	I	0.0
454	2	know	6.278276
454	3	that	2.352433
454	4	the	2.35511
454	5	mayor	13.542091
454	6	said	10.425508
454	7	the	3.216996
454	8	clerk	13.183102
454	9	believed	10.119206
454	10	he	3.821882
454	11	witnessed	14.431889
454	12	the	1.152143
454	13	librarian	18.405247
454	14	could	8.791738
454	15	greet	14.62389
454	16	the	2.738717
454	17	man	6.630411
454	18	early	15.06464
454	19	in	1.453563
454	20	the	0.969387
454	21	morning	2.130634
454	22	.	1.282554
454	23	<eos>	-0.0
455	1	I	0.0
455	2	know	6.278276
455	3	who	6.580016
455	4	the	5.056487
455	5	mayor	13.321761
455	6	said	8.945595
455	7	the	5.002458
455	8	clerk	13.780059
455	9	believed	10.039076
455	10	he	4.123365
455	11	witnessed	13.512553
455	12	could	15.612446
455	13	greet	15.200614
455	14	the	2.047189
455	15	man	6.857894
455	16	early	15.362701
455	17	in	1.276613
455	18	the	0.912407
455	19	morning	1.88305
455	20	.	0.971478
455	21	<eos>	-0.0
456	1	I	0.0
456	2	know	6.278276
456	3	who	6.580016
456	4	the	5.056487
456	5	mayor	13.321761
456	6	said	8.945595
456	7	the	5.002458
456	8	clerk	13.780059
456	9	believed	10.039076
456	10	he	4.123365
456	11	witnessed	13.512553
456	12	the	1.130379
456	13	librarian	18.243307
456	14	could	9.276464
456	15	greet	14.105604
456	16	the	2.716989
456	17	man	6.711771
456	18	early	15.234562
456	19	in	1.399826
456	20	the	0.984784
456	21	morning	2.089165
456	22	.	0.9918
456	23	<eos>	-0.0
457	1	I	0.0
457	2	know	6.278276
457	3	that	2.352433
457	4	the	2.35511
457	5	mayor	13.542091
457	6	said	10.425508
457	7	the	3.216996
457	8	clerk	13.183102
457	9	believed	10.119206
457	10	he	3.821882
457	11	witnessed	14.431889
457	12	could	15.426633
457	13	greet	15.509956
457	14	the	1.94925
457	15	man	6.782656
457	16	early	15.100023
457	17	in	1.297622
457	18	the	0.907512
457	19	morning	1.812757
457	20	.	1.297013
457	21	<eos>	-0.0
458	1	I	0.0
458	2	know	6.278276
458	3	that	2.352433
458	4	the	2.35511
458	5	mayor	13.542091
458	6	said	10.425508
458	7	the	3.216996
458	8	clerk	13.183102
458	9	believed	10.119206
458	10	he	3.821882
458	11	witnessed	14.431889
458	12	the	1.152143
458	13	librarian	18.405247
458	14	could	8.791738
458	15	greet	14.62389
458	16	the	2.738717
458	17	man	6.630411
458	18	early	15.06464
458	19	in	1.453563
458	20	the	0.969387
458	21	morning	2.130634
458	22	.	1.282554
458	23	<eos>	-0.0
459	1	I	0.0
459	2	know	6.278276
459	3	who	6.580016
459	4	the	5.056487
459	5	mayor	13.321761
459	6	said	8.945595
459	7	the	5.002458
459	8	clerk	13.780059
459	9	believed	10.039076
459	10	he	4.123365
459	11	witnessed	13.512553
459	12	could	15.612446
459	13	greet	15.200614
459	14	the	2.047189
459	15	man	6.857894
459	16	early	15.362701
459	17	in	1.276613
459	18	the	0.912407
459	19	morning	1.88305
459	20	.	0.971478
459	21	<eos>	-0.0
460	1	I	0.0
460	2	know	6.278276
460	3	who	6.580016
460	4	the	5.056487
460	5	mayor	13.321761
460	6	said	8.945595
460	7	the	5.002458
460	8	clerk	13.780059
460	9	believed	10.039076
460	10	he	4.123365
460	11	witnessed	13.512553
460	12	the	1.130379
460	13	librarian	18.243307
460	14	could	9.276464
460	15	greet	14.105604
460	16	the	2.716989
460	17	man	6.711771
460	18	early	15.234562
460	19	in	1.399826
460	20	the	0.984784
460	21	morning	2.089165
460	22	.	0.9918
460	23	<eos>	-0.0
461	1	He	0.0
461	2	recalled	11.830338
461	3	that	2.828473
461	4	did	14.621815
461	5	assassinate	22.148073
461	6	the	2.90242
461	7	politician	10.94594
461	8	last	16.04882
461	9	night	7.927306
461	10	.	2.025329
461	11	<eos>	-0.0
462	1	He	0.0
462	2	recalled	11.830338
462	3	that	2.828473
462	4	the	2.424241
462	5	terrorist	14.830909
462	6	did	9.012574
462	7	assassinate	17.768806
462	8	the	2.898314
462	9	politician	12.313296
462	10	last	16.92388
462	11	night	7.102015
462	12	.	2.018458
462	13	<eos>	-0.0
463	1	He	0.0
463	2	recalled	11.830338
463	3	who	10.627078
463	4	did	6.489773
463	5	assassinate	22.45426
463	6	the	2.67395
463	7	politician	11.559456
463	8	last	16.6327
463	9	night	6.550792
463	10	.	1.904242
463	11	<eos>	-0.0
464	1	He	0.0
464	2	recalled	11.830338
464	3	who	10.627078
464	4	the	5.534445
464	5	terrorist	14.249902
464	6	did	7.917007
464	7	assassinate	17.600811
464	8	the	2.800525
464	9	politician	12.744341
464	10	last	17.228106
464	11	night	5.985639
464	12	.	1.52054
464	13	<eos>	-0.0
465	1	He	0.0
465	2	recalled	11.830338
465	3	that	2.828473
465	4	the	2.424241
465	5	president	10.03449
465	6	said	7.863066
465	7	did	17.138924
465	8	assassinate	21.355175
465	9	the	2.74754
465	10	politician	11.409658
465	11	last	15.911375
465	12	night	7.657316
465	13	.	1.811051
465	14	<eos>	-0.0
466	1	He	0.0
466	2	recalled	11.830338
466	3	that	2.828473
466	4	the	2.424241
466	5	president	10.03449
466	6	said	7.863066
466	7	the	3.477312
466	8	terrorist	13.869028
466	9	did	8.230259
466	10	assassinate	18.15526
466	11	the	3.178882
466	12	politician	12.683719
466	13	last	16.942701
466	14	night	7.152725
466	15	.	1.729644
466	16	<eos>	-0.0
467	1	He	0.0
467	2	recalled	11.830338
467	3	who	10.627078
467	4	the	5.534445
467	5	president	9.145444
467	6	said	7.122829
467	7	did	8.071514
467	8	assassinate	21.445839
467	9	the	2.635859
467	10	politician	11.506749
467	11	last	16.663918
467	12	night	7.394123
467	13	.	1.500605
467	14	<eos>	-0.0
468	1	He	0.0
468	2	recalled	11.830338
468	3	who	10.627078
468	4	the	5.534445
468	5	president	9.145444
468	6	said	7.122829
468	7	the	5.535992
468	8	terrorist	13.242494
468	9	did	8.388426
468	10	assassinate	17.240911
468	11	the	2.833345
468	12	politician	12.592302
468	13	last	17.199276
468	14	night	6.756516
468	15	.	1.325718
468	16	<eos>	-0.0
469	1	He	0.0
469	2	recalled	11.830338
469	3	that	2.828473
469	4	the	2.424241
469	5	president	10.03449
469	6	said	7.863066
469	7	the	3.477312
469	8	report	8.842669
469	9	confirmed	11.890493
469	10	did	14.674817
469	11	assassinate	20.537565
469	12	the	2.92475
469	13	politician	11.787596
469	14	last	16.882278
469	15	night	7.733939
469	16	.	1.500317
469	17	<eos>	-0.0
470	1	He	0.0
470	2	recalled	11.830338
470	3	that	2.828473
470	4	the	2.424241
470	5	president	10.03449
470	6	said	7.863066
470	7	the	3.477312
470	8	report	8.842669
470	9	confirmed	11.890493
470	10	the	2.489184
470	11	terrorist	12.400158
470	12	did	11.650803
470	13	assassinate	17.237303
470	14	the	2.739751
470	15	politician	12.469847
470	16	last	16.652842
470	17	night	7.120286
470	18	.	1.384663
470	19	<eos>	-0.0
471	1	He	0.0
471	2	recalled	11.830338
471	3	who	10.627078
471	4	the	5.534445
471	5	president	9.145444
471	6	said	7.122829
471	7	the	5.535992
471	8	report	10.456765
471	9	confirmed	11.748366
471	10	did	9.709893
471	11	assassinate	20.746475
471	12	the	2.763148
471	13	politician	11.577998
471	14	last	17.41584
471	15	night	7.257229
471	16	.	1.242934
471	17	<eos>	-0.0
472	1	He	0.0
472	2	recalled	11.830338
472	3	who	10.627078
472	4	the	5.534445
472	5	president	9.145444
472	6	said	7.122829
472	7	the	5.535992
472	8	report	10.456765
472	9	confirmed	11.748366
472	10	the	2.683384
472	11	terrorist	12.291722
472	12	did	12.401771
472	13	assassinate	16.732239
472	14	the	3.184651
472	15	politician	12.372006
472	16	last	16.958279
472	17	night	7.133591
472	18	.	1.20346
472	19	<eos>	-0.0
473	1	He	0.0
473	2	recalled	11.830338
473	3	that	2.828473
473	4	the	2.424241
473	5	president	10.03449
473	6	said	7.863066
473	7	the	3.477312
473	8	report	8.842669
473	9	confirmed	11.890493
473	10	he	5.652
473	11	believed	7.476324
473	12	did	14.191265
473	13	assassinate	18.227797
473	14	the	2.981066
473	15	politician	11.289043
473	16	last	16.178524
473	17	night	7.930324
473	18	.	1.345966
473	19	<eos>	-0.0
474	1	He	0.0
474	2	recalled	11.830338
474	3	that	2.828473
474	4	the	2.424241
474	5	president	10.03449
474	6	said	7.863066
474	7	the	3.477312
474	8	report	8.842669
474	9	confirmed	11.890493
474	10	he	5.652
474	11	believed	7.476324
474	12	the	2.460569
474	13	terrorist	11.755661
474	14	did	9.666551
474	15	assassinate	16.341745
474	16	the	3.676837
474	17	politician	12.381618
474	18	last	16.520443
474	19	night	7.308668
474	20	.	1.166083
474	21	<eos>	-0.0
475	1	He	0.0
475	2	recalled	11.830338
475	3	who	10.627078
475	4	the	5.534445
475	5	president	9.145444
475	6	said	7.122829
475	7	the	5.535992
475	8	report	10.456765
475	9	confirmed	11.748366
475	10	he	5.047936
475	11	believed	7.323892
475	12	did	11.053164
475	13	assassinate	17.904898
475	14	the	2.933117
475	15	politician	11.478255
475	16	last	16.419304
475	17	night	7.635367
475	18	.	1.206323
475	19	<eos>	-0.0
476	1	He	0.0
476	2	recalled	11.830338
476	3	who	10.627078
476	4	the	5.534445
476	5	president	9.145444
476	6	said	7.122829
476	7	the	5.535992
476	8	report	10.456765
476	9	confirmed	11.748366
476	10	he	5.047936
476	11	believed	7.323892
476	12	the	2.457618
476	13	terrorist	11.887668
476	14	did	9.771676
476	15	assassinate	15.782619
476	16	the	3.72409
476	17	politician	12.251257
476	18	last	16.714161
476	19	night	7.118154
476	20	.	1.073976
476	21	<eos>	-0.0
477	1	He	0.0
477	2	recalled	11.830338
477	3	that	2.828473
477	4	the	2.424241
477	5	president	10.03449
477	6	said	7.863066
477	7	the	3.477312
477	8	report	8.842669
477	9	confirmed	11.890493
477	10	he	5.652
477	11	believed	7.476324
477	12	did	14.191265
477	13	assassinate	18.227797
477	14	the	2.981066
477	15	politician	11.289043
477	16	last	16.178524
477	17	night	7.930324
477	18	.	1.345966
477	19	<eos>	-0.0
478	1	He	0.0
478	2	recalled	11.830338
478	3	that	2.828473
478	4	the	2.424241
478	5	president	10.03449
478	6	said	7.863066
478	7	the	3.477312
478	8	report	8.842669
478	9	confirmed	11.890493
478	10	he	5.652
478	11	believed	7.476324
478	12	the	2.460569
478	13	terrorist	11.755661
478	14	did	9.666551
478	15	assassinate	16.341745
478	16	the	3.676837
478	17	politician	12.381618
478	18	last	16.520443
478	19	night	7.308668
478	20	.	1.166083
478	21	<eos>	-0.0
479	1	He	0.0
479	2	recalled	11.830338
479	3	who	10.627078
479	4	the	5.534445
479	5	president	9.145444
479	6	said	7.122829
479	7	the	5.535992
479	8	report	10.456765
479	9	confirmed	11.748366
479	10	he	5.047936
479	11	believed	7.323892
479	12	did	11.053164
479	13	assassinate	17.904898
479	14	the	2.933117
479	15	politician	11.478255
479	16	last	16.419304
479	17	night	7.635367
479	18	.	1.206323
479	19	<eos>	-0.0
480	1	He	0.0
480	2	recalled	11.830338
480	3	who	10.627078
480	4	the	5.534445
480	5	president	9.145444
480	6	said	7.122829
480	7	the	5.535992
480	8	report	10.456765
480	9	confirmed	11.748366
480	10	he	5.047936
480	11	believed	7.323892
480	12	the	2.457618
480	13	terrorist	11.887668
480	14	did	9.771676
480	15	assassinate	15.782619
480	16	the	3.72409
480	17	politician	12.251257
480	18	last	16.714161
480	19	night	7.118154
480	20	.	1.073976
480	21	<eos>	-0.0
481	1	We	0.0
481	2	recalled	14.266203
481	3	that	3.365684
481	4	might	16.58493
481	5	frighten	15.318498
481	6	the	1.917893
481	7	children	7.768507
481	8	at	6.337696
481	9	the	1.733774
481	10	party	7.830007
481	11	.	2.308581
481	12	<eos>	-0.0
482	1	We	0.0
482	2	recalled	14.266203
482	3	that	3.365684
482	4	the	2.013075
482	5	clown	16.233152
482	6	might	8.652925
482	7	frighten	14.193048
482	8	the	2.189906
482	9	children	7.087171
482	10	at	6.241447
482	11	the	2.003635
482	12	party	8.236997
482	13	.	2.947767
482	14	<eos>	-0.0
483	1	We	0.0
483	2	recalled	14.266203
483	3	who	8.667806
483	4	might	9.943306
483	5	frighten	14.685545
483	6	the	1.886706
483	7	children	7.713624
483	8	at	6.387269
483	9	the	1.604663
483	10	party	7.681884
483	11	.	2.207489
483	12	<eos>	-0.0
484	1	We	0.0
484	2	recalled	14.266203
484	3	who	8.667806
484	4	the	5.621344
484	5	clown	14.229113
484	6	might	7.944346
484	7	frighten	14.57302
484	8	the	3.740158
484	9	children	7.621301
484	10	at	6.435016
484	11	the	1.56371
484	12	party	8.251577
484	13	.	1.900578
484	14	<eos>	-0.0
485	1	We	0.0
485	2	recalled	14.266203
485	3	that	3.365684
485	4	the	2.013075
485	5	actor	11.769681
485	6	said	7.830475
485	7	might	15.776117
485	8	frighten	14.816625
485	9	the	2.238211
485	10	children	7.553077
485	11	at	6.591464
485	12	the	1.723987
485	13	party	7.741003
485	14	.	2.550679
485	15	<eos>	-0.0
486	1	We	0.0
486	2	recalled	14.266203
486	3	that	3.365684
486	4	the	2.013075
486	5	actor	11.769681
486	6	said	7.830475
486	7	the	3.913705
486	8	clown	13.264802
486	9	might	8.366067
486	10	frighten	14.075899
486	11	the	2.315767
486	12	children	7.573219
486	13	at	6.23238
486	14	the	1.836176
486	15	party	8.090472
486	16	.	2.790754
486	17	<eos>	-0.0
487	1	We	0.0
487	2	recalled	14.266203
487	3	who	8.667806
487	4	the	5.621344
487	5	actor	10.473022
487	6	said	8.092617
487	7	might	10.614571
487	8	frighten	14.931641
487	9	the	2.392018
487	10	children	7.768395
487	11	at	6.623783
487	12	the	1.554436
487	13	party	7.324637
487	14	.	1.931177
487	15	<eos>	-0.0
488	1	We	0.0
488	2	recalled	14.266203
488	3	who	8.667806
488	4	the	5.621344
488	5	actor	10.473022
488	6	said	8.092617
488	7	the	5.484583
488	8	clown	13.16396
488	9	might	8.651469
488	10	frighten	13.755223
488	11	the	2.551939
488	12	children	7.364194
488	13	at	6.379886
488	14	the	1.7912
488	15	party	7.936222
488	16	.	2.09944
488	17	<eos>	-0.0
489	1	We	0.0
489	2	recalled	14.266203
489	3	that	3.365684
489	4	the	2.013075
489	5	actor	11.769681
489	6	said	7.830475
489	7	the	3.913705
489	8	people	8.64091
489	9	knew	6.995037
489	10	might	16.069399
489	11	frighten	14.032518
489	12	the	2.431444
489	13	children	7.096447
489	14	at	6.341704
489	15	the	1.502691
489	16	party	7.808224
489	17	.	1.941091
489	18	<eos>	-0.0
490	1	We	0.0
490	2	recalled	14.266203
490	3	that	3.365684
490	4	the	2.013075
490	5	actor	11.769681
490	6	said	7.830475
490	7	the	3.913705
490	8	people	8.64091
490	9	knew	6.995037
490	10	the	3.436183
490	11	clown	12.108163
490	12	might	8.588948
490	13	frighten	13.125297
490	14	the	2.590438
490	15	children	7.207415
490	16	at	6.466012
490	17	the	1.620734
490	18	party	7.878957
490	19	.	1.824433
490	20	<eos>	-0.0
491	1	We	0.0
491	2	recalled	14.266203
491	3	who	8.667806
491	4	the	5.621344
491	5	actor	10.473022
491	6	said	8.092617
491	7	the	5.484583
491	8	people	7.677125
491	9	knew	6.788198
491	10	might	15.143622
491	11	frighten	14.082379
491	12	the	2.665139
491	13	children	7.020225
491	14	at	6.574349
491	15	the	1.442273
491	16	party	7.562572
491	17	.	1.62187
491	18	<eos>	-0.0
492	1	We	0.0
492	2	recalled	14.266203
492	3	who	8.667806
492	4	the	5.621344
492	5	actor	10.473022
492	6	said	8.092617
492	7	the	5.484583
492	8	people	7.677125
492	9	knew	6.788198
492	10	the	3.537174
492	11	clown	12.306911
492	12	might	9.027498
492	13	frighten	13.074334
492	14	the	2.737862
492	15	children	7.262584
492	16	at	6.637836
492	17	the	1.599275
492	18	party	7.724281
492	19	.	1.556809
492	20	<eos>	-0.0
493	1	We	0.0
493	2	recalled	14.266203
493	3	that	3.365684
493	4	the	2.013075
493	5	actor	11.769681
493	6	said	7.830475
493	7	the	3.913705
493	8	people	8.64091
493	9	knew	6.995037
493	10	he	4.784596
493	11	thought	8.637093
493	12	might	15.592717
493	13	frighten	13.862484
493	14	the	2.757927
493	15	children	7.097207
493	16	at	6.607145
493	17	the	1.578625
493	18	party	7.400382
493	19	.	1.802956
493	20	<eos>	-0.0
494	1	We	0.0
494	2	recalled	14.266203
494	3	that	3.365684
494	4	the	2.013075
494	5	actor	11.769681
494	6	said	7.830475
494	7	the	3.913705
494	8	people	8.64091
494	9	knew	6.995037
494	10	he	4.784596
494	11	thought	8.637093
494	12	the	2.851398
494	13	clown	13.143827
494	14	might	8.376231
494	15	frighten	13.172055
494	16	the	3.019125
494	17	children	7.359989
494	18	at	6.421481
494	19	the	1.746871
494	20	party	8.116749
494	21	.	1.766273
494	22	<eos>	-0.0
495	1	We	0.0
495	2	recalled	14.266203
495	3	who	8.667806
495	4	the	5.621344
495	5	actor	10.473022
495	6	said	8.092617
495	7	the	5.484583
495	8	people	7.677125
495	9	knew	6.788198
495	10	he	4.70437
495	11	thought	8.379789
495	12	might	14.919802
495	13	frighten	13.936795
495	14	the	2.899345
495	15	children	7.239136
495	16	at	6.698188
495	17	the	1.512704
495	18	party	7.158186
495	19	.	1.534686
495	20	<eos>	-0.0
496	1	We	0.0
496	2	recalled	14.266203
496	3	who	8.667806
496	4	the	5.621344
496	5	actor	10.473022
496	6	said	8.092617
496	7	the	5.484583
496	8	people	7.677125
496	9	knew	6.788198
496	10	he	4.70437
496	11	thought	8.379789
496	12	the	2.944846
496	13	clown	13.25872
496	14	might	8.632963
496	15	frighten	13.201548
496	16	the	3.136187
496	17	children	7.501191
496	18	at	6.511663
496	19	the	1.692548
496	20	party	7.89663
496	21	.	1.548628
496	22	<eos>	-0.0
497	1	We	0.0
497	2	recalled	14.266203
497	3	that	3.365684
497	4	the	2.013075
497	5	actor	11.769681
497	6	said	7.830475
497	7	the	3.913705
497	8	people	8.64091
497	9	knew	6.995037
497	10	he	4.784596
497	11	thought	8.637093
497	12	might	15.592717
497	13	frighten	13.862484
497	14	the	2.757927
497	15	children	7.097207
497	16	at	6.607145
497	17	the	1.578625
497	18	party	7.400382
497	19	.	1.802956
497	20	<eos>	-0.0
498	1	We	0.0
498	2	recalled	14.266203
498	3	that	3.365684
498	4	the	2.013075
498	5	actor	11.769681
498	6	said	7.830475
498	7	the	3.913705
498	8	people	8.64091
498	9	knew	6.995037
498	10	he	4.784596
498	11	thought	8.637093
498	12	the	2.851398
498	13	clown	13.143827
498	14	might	8.376231
498	15	frighten	13.172055
498	16	the	3.019125
498	17	children	7.359989
498	18	at	6.421481
498	19	the	1.746871
498	20	party	8.116749
498	21	.	1.766273
498	22	<eos>	-0.0
499	1	We	0.0
499	2	recalled	14.266203
499	3	who	8.667806
499	4	the	5.621344
499	5	actor	10.473022
499	6	said	8.092617
499	7	the	5.484583
499	8	people	7.677125
499	9	knew	6.788198
499	10	he	4.70437
499	11	thought	8.379789
499	12	might	14.919802
499	13	frighten	13.936795
499	14	the	2.899345
499	15	children	7.239136
499	16	at	6.698188
499	17	the	1.512704
499	18	party	7.158186
499	19	.	1.534686
499	20	<eos>	-0.0
500	1	We	0.0
500	2	recalled	14.266203
500	3	who	8.667806
500	4	the	5.621344
500	5	actor	10.473022
500	6	said	8.092617
500	7	the	5.484583
500	8	people	7.677125
500	9	knew	6.788198
500	10	he	4.70437
500	11	thought	8.379789
500	12	the	2.944846
500	13	clown	13.25872
500	14	might	8.632963
500	15	frighten	13.201548
500	16	the	3.136187
500	17	children	7.501191
500	18	at	6.511663
500	19	the	1.692548
500	20	party	7.89663
500	21	.	1.548628
500	22	<eos>	-0.0
501	1	They	0.0
501	2	recalled	12.997755
501	3	that	3.338919
501	4	might	17.566448
501	5	have	1.793066
501	6	divorced	18.64761
501	7	the	1.708306
501	8	count	12.68943
501	9	last	14.319352
501	10	year	2.985075
501	11	.	1.770686
501	12	<eos>	-0.0
502	1	They	0.0
502	2	recalled	12.997755
502	3	that	3.338919
502	4	the	2.030145
502	5	heiress	19.372662
502	6	might	8.831794
502	7	have	1.997547
502	8	divorced	12.117598
502	9	the	3.139118
502	10	count	13.980957
502	11	last	15.112607
502	12	year	2.808332
502	13	.	1.963912
502	14	<eos>	-0.0
503	1	They	0.0
503	2	recalled	12.997755
503	3	who	10.332471
503	4	might	9.923829
503	5	have	1.331108
503	6	divorced	14.276291
503	7	the	2.510149
503	8	count	14.026305
503	9	last	14.162837
503	10	year	2.438629
503	11	.	1.738475
503	12	<eos>	-0.0
504	1	They	0.0
504	2	recalled	12.997755
504	3	who	10.332471
504	4	the	6.027031
504	5	heiress	17.835409
504	6	might	7.757231
504	7	have	1.519405
504	8	divorced	13.322734
504	9	the	6.574323
504	10	count	16.937593
504	11	last	14.334826
504	12	year	3.26905
504	13	.	1.730261
504	14	<eos>	-0.0
505	1	They	0.0
505	2	recalled	12.997755
505	3	that	3.338919
505	4	the	2.030145
505	5	writer	11.993924
505	6	thought	8.553223
505	7	might	14.807852
505	8	have	1.536207
505	9	divorced	17.647009
505	10	the	2.335245
505	11	count	14.060713
505	12	last	14.582368
505	13	year	3.342808
505	14	.	1.635951
505	15	<eos>	-0.0
506	1	They	0.0
506	2	recalled	12.997755
506	3	that	3.338919
506	4	the	2.030145
506	5	writer	11.993924
506	6	thought	8.553223
506	7	the	2.91471
506	8	heiress	20.567015
506	9	might	6.38858
506	10	have	1.599413
506	11	divorced	13.021903
506	12	the	3.153336
506	13	count	14.33275
506	14	last	14.937961
506	15	year	3.034601
506	16	.	1.784196
506	17	<eos>	-0.0
507	1	They	0.0
507	2	recalled	12.997755
507	3	who	10.332471
507	4	the	6.027031
507	5	writer	10.720583
507	6	thought	8.378763
507	7	might	8.412286
507	8	have	1.8724
507	9	divorced	16.739855
507	10	the	2.874914
507	11	count	14.034105
507	12	last	14.509058
507	13	year	3.243208
507	14	.	1.483201
507	15	<eos>	-0.0
508	1	They	0.0
508	2	recalled	12.997755
508	3	who	10.332471
508	4	the	6.027031
508	5	writer	10.720583
508	6	thought	8.378763
508	7	the	4.38601
508	8	heiress	17.18269
508	9	might	6.970802
508	10	have	1.276723
508	11	divorced	14.782793
508	12	the	6.192553
508	13	count	16.643812
508	14	last	14.605858
508	15	year	3.440352
508	16	.	1.561625
508	17	<eos>	-0.0
509	1	They	0.0
509	2	recalled	12.997755
509	3	that	3.338919
509	4	the	2.030145
509	5	writer	11.993924
509	6	thought	8.553223
509	7	the	2.91471
509	8	man	9.512727
509	9	said	10.737103
509	10	might	9.75416
509	11	have	1.305192
509	12	divorced	14.700805
509	13	the	2.795502
509	14	count	14.018766
509	15	last	14.656372
509	16	year	3.530022
509	17	.	1.650361
509	18	<eos>	-0.0
510	1	They	0.0
510	2	recalled	12.997755
510	3	that	3.338919
510	4	the	2.030145
510	5	writer	11.993924
510	6	thought	8.553223
510	7	the	2.91471
510	8	man	9.512727
510	9	said	10.737103
510	10	the	4.711791
510	11	heiress	15.59895
510	12	might	7.923824
510	13	have	1.448763
510	14	divorced	13.516138
510	15	the	3.130927
510	16	count	14.471842
510	17	last	15.19377
510	18	year	3.588375
510	19	.	1.627244
510	20	<eos>	-0.0
511	1	They	0.0
511	2	recalled	12.997755
511	3	who	10.332471
511	4	the	6.027031
511	5	writer	10.720583
511	6	thought	8.378763
511	7	the	4.38601
511	8	man	8.420925
511	9	said	10.13148
511	10	might	9.072347
511	11	have	1.863329
511	12	divorced	16.36084
511	13	the	3.011985
511	14	count	14.054333
511	15	last	14.512551
511	16	year	3.565394
511	17	.	1.474183
511	18	<eos>	-0.0
512	1	They	0.0
512	2	recalled	12.997755
512	3	who	10.332471
512	4	the	6.027031
512	5	writer	10.720583
512	6	thought	8.378763
512	7	the	4.38601
512	8	man	8.420925
512	9	said	10.13148
512	10	the	5.712673
512	11	heiress	17.140898
512	12	might	8.080302
512	13	have	1.715128
512	14	divorced	13.199135
512	15	the	3.349967
512	16	count	14.526759
512	17	last	15.093099
512	18	year	3.429364
512	19	.	1.465286
512	20	<eos>	-0.0
513	1	They	0.0
513	2	recalled	12.997755
513	3	that	3.338919
513	4	the	2.030145
513	5	writer	11.993924
513	6	thought	8.553223
513	7	the	2.91471
513	8	man	9.512727
513	9	said	10.737103
513	10	his	7.094841
513	11	brother	6.067866
513	12	believed	9.914708
513	13	might	12.460927
513	14	have	1.858421
513	15	divorced	16.370975
513	16	the	3.313751
513	17	count	14.349086
513	18	last	15.095188
513	19	year	4.235636
513	20	.	1.534047
513	21	<eos>	-0.0
514	1	They	0.0
514	2	recalled	12.997755
514	3	that	3.338919
514	4	the	2.030145
514	5	writer	11.993924
514	6	thought	8.553223
514	7	the	2.91471
514	8	man	9.512727
514	9	said	10.737103
514	10	his	7.094841
514	11	brother	6.067866
514	12	believed	9.914708
514	13	the	3.876472
514	14	heiress	17.202017
514	15	might	6.790487
514	16	have	1.589115
514	17	divorced	13.651082
514	18	the	3.544146
514	19	count	14.304766
514	20	last	15.553225
514	21	year	3.850778
514	22	.	1.442941
514	23	<eos>	-0.0
515	1	They	0.0
515	2	recalled	12.997755
515	3	who	10.332471
515	4	the	6.027031
515	5	writer	10.720583
515	6	thought	8.378763
515	7	the	4.38601
515	8	man	8.420925
515	9	said	10.13148
515	10	his	8.869982
515	11	brother	6.513529
515	12	believed	9.380135
515	13	might	13.583253
515	14	have	2.175809
515	15	divorced	16.719044
515	16	the	3.342706
515	17	count	14.319718
515	18	last	14.947891
515	19	year	4.059442
515	20	.	1.399262
515	21	<eos>	-0.0
516	1	They	0.0
516	2	recalled	12.997755
516	3	who	10.332471
516	4	the	6.027031
516	5	writer	10.720583
516	6	thought	8.378763
516	7	the	4.38601
516	8	man	8.420925
516	9	said	10.13148
516	10	his	8.869982
516	11	brother	6.513529
516	12	believed	9.380135
516	13	the	3.715826
516	14	heiress	18.136343
516	15	might	6.712556
516	16	have	1.594311
516	17	divorced	13.586442
516	18	the	3.594109
516	19	count	14.379642
516	20	last	15.467299
516	21	year	3.69122
516	22	.	1.339883
516	23	<eos>	-0.0
517	1	They	0.0
517	2	recalled	12.997755
517	3	that	3.338919
517	4	the	2.030145
517	5	writer	11.993924
517	6	thought	8.553223
517	7	the	2.91471
517	8	man	9.512727
517	9	said	10.737103
517	10	his	7.094841
517	11	brother	6.067866
517	12	believed	9.914708
517	13	might	12.460927
517	14	have	1.858421
517	15	divorced	16.370975
517	16	the	3.313751
517	17	count	14.349086
517	18	last	15.095188
517	19	year	4.235636
517	20	.	1.534047
517	21	<eos>	-0.0
518	1	They	0.0
518	2	recalled	12.997755
518	3	that	3.338919
518	4	the	2.030145
518	5	writer	11.993924
518	6	thought	8.553223
518	7	the	2.91471
518	8	man	9.512727
518	9	said	10.737103
518	10	his	7.094841
518	11	brother	6.067866
518	12	believed	9.914708
518	13	the	3.876472
518	14	heiress	17.202017
518	15	might	6.790487
518	16	have	1.589115
518	17	divorced	13.651082
518	18	the	3.544146
518	19	count	14.304766
518	20	last	15.553225
518	21	year	3.850778
518	22	.	1.442941
518	23	<eos>	-0.0
519	1	They	0.0
519	2	recalled	12.997755
519	3	who	10.332471
519	4	the	6.027031
519	5	writer	10.720583
519	6	thought	8.378763
519	7	the	4.38601
519	8	man	8.420925
519	9	said	10.13148
519	10	his	8.869982
519	11	brother	6.513529
519	12	believed	9.380135
519	13	might	13.583253
519	14	have	2.175809
519	15	divorced	16.719044
519	16	the	3.342706
519	17	count	14.319718
519	18	last	14.947891
519	19	year	4.059442
519	20	.	1.399262
519	21	<eos>	-0.0
520	1	They	0.0
520	2	recalled	12.997755
520	3	who	10.332471
520	4	the	6.027031
520	5	writer	10.720583
520	6	thought	8.378763
520	7	the	4.38601
520	8	man	8.420925
520	9	said	10.13148
520	10	his	8.869982
520	11	brother	6.513529
520	12	believed	9.380135
520	13	the	3.715826
520	14	heiress	18.136343
520	15	might	6.712556
520	16	have	1.594311
520	17	divorced	13.586442
520	18	the	3.594109
520	19	count	14.379642
520	20	last	15.467299
520	21	year	3.69122
520	22	.	1.339883
520	23	<eos>	-0.0
521	1	They	0.0
521	2	reported	10.412453
521	3	that	1.780984
521	4	did	13.917817
521	5	promote	14.54642
521	6	the	1.493384
521	7	accountant	20.001534
521	8	yesterday	19.685835
521	9	.	1.632164
521	10	<eos>	-0.0
522	1	They	0.0
522	2	reported	10.412453
522	3	that	1.780984
522	4	the	1.89322
522	5	manager	13.025427
522	6	did	6.701646
522	7	promote	16.384567
522	8	the	1.483756
522	9	accountant	19.149641
522	10	yesterday	20.607681
522	11	.	1.707211
522	12	<eos>	-0.0
523	1	They	0.0
523	2	reported	10.412453
523	3	who	11.821813
523	4	did	5.957334
523	5	promote	14.851296
523	6	the	1.23941
523	7	accountant	20.986565
523	8	yesterday	19.470406
523	9	.	1.492537
523	10	<eos>	-0.0
524	1	They	0.0
524	2	reported	10.412453
524	3	who	11.821813
524	4	the	7.229744
524	5	manager	12.035475
524	6	did	6.068048
524	7	promote	17.405941
524	8	the	3.12904
524	9	accountant	18.465014
524	10	yesterday	19.987436
524	11	.	1.216195
524	12	<eos>	-0.0
525	1	They	0.0
525	2	reported	10.412453
525	3	that	1.780984
525	4	the	1.89322
525	5	executive	13.061622
525	6	said	9.450661
525	7	did	13.328575
525	8	promote	15.024946
525	9	the	1.535162
525	10	accountant	20.428825
525	11	yesterday	19.96056
525	12	.	1.781265
525	13	<eos>	-0.0
526	1	They	0.0
526	2	reported	10.412453
526	3	that	1.780984
526	4	the	1.89322
526	5	executive	13.061622
526	6	said	9.450661
526	7	the	3.213771
526	8	manager	13.133978
526	9	did	6.169365
526	10	promote	15.567128
526	11	the	1.532819
526	12	accountant	19.472406
526	13	yesterday	20.227192
526	14	.	1.624208
526	15	<eos>	-0.0
527	1	They	0.0
527	2	reported	10.412453
527	3	who	11.821813
527	4	the	7.229744
527	5	executive	11.851168
527	6	said	6.617255
527	7	did	8.004944
527	8	promote	15.094719
527	9	the	1.687288
527	10	accountant	20.184746
527	11	yesterday	20.002878
527	12	.	1.393239
527	13	<eos>	-0.0
528	1	They	0.0
528	2	reported	10.412453
528	3	who	11.821813
528	4	the	7.229744
528	5	executive	11.851168
528	6	said	6.617255
528	7	the	4.485958
528	8	manager	12.966097
528	9	did	6.171285
528	10	promote	15.858073
528	11	the	1.635599
528	12	accountant	19.375393
528	13	yesterday	19.741182
528	14	.	1.309197
528	15	<eos>	-0.0
529	1	They	0.0
529	2	reported	10.412453
529	3	that	1.780984
529	4	the	1.89322
529	5	executive	13.061622
529	6	said	9.450661
529	7	a	6.948168
529	8	reporter	10.669798
529	9	believed	9.743066
529	10	did	16.409641
529	11	promote	12.573137
529	12	the	1.587114
529	13	accountant	19.828516
529	14	yesterday	19.291246
529	15	.	1.680828
529	16	<eos>	-0.0
530	1	They	0.0
530	2	reported	10.412453
530	3	that	1.780984
530	4	the	1.89322
530	5	executive	13.061622
530	6	said	9.450661
530	7	a	6.948168
530	8	reporter	10.669798
530	9	believed	9.743066
530	10	the	2.703472
530	11	manager	13.954394
530	12	did	6.672708
530	13	promote	15.331548
530	14	the	1.556685
530	15	accountant	19.023863
530	16	yesterday	19.648064
530	17	.	1.567886
530	18	<eos>	-0.0
531	1	They	0.0
531	2	reported	10.412453
531	3	who	11.821813
531	4	the	7.229744
531	5	executive	11.851168
531	6	said	6.617255
531	7	a	7.715989
531	8	reporter	9.30761
531	9	believed	9.28036
531	10	did	11.477399
531	11	promote	13.64639
531	12	the	1.608925
531	13	accountant	20.016678
531	14	yesterday	19.143499
531	15	.	1.254933
531	16	<eos>	-0.0
532	1	They	0.0
532	2	reported	10.412453
532	3	who	11.821813
532	4	the	7.229744
532	5	executive	11.851168
532	6	said	6.617255
532	7	a	7.715989
532	8	reporter	9.30761
532	9	believed	9.28036
532	10	the	2.895143
532	11	manager	14.096859
532	12	did	6.778757
532	13	promote	15.421013
532	14	the	1.605967
532	15	accountant	19.045145
532	16	yesterday	19.351465
532	17	.	1.200084
532	18	<eos>	-0.0
533	1	They	0.0
533	2	reported	10.412453
533	3	that	1.780984
533	4	the	1.89322
533	5	executive	13.061622
533	6	said	9.450661
533	7	a	6.948168
533	8	reporter	10.669798
533	9	believed	9.743066
533	10	the	2.703472
533	11	client	11.694448
533	12	said	10.876823
533	13	did	12.643327
533	14	promote	15.512845
533	15	the	1.75706
533	16	accountant	19.076576
533	17	yesterday	19.426708
533	18	.	1.363087
533	19	<eos>	-0.0
534	1	They	0.0
534	2	reported	10.412453
534	3	that	1.780984
534	4	the	1.89322
534	5	executive	13.061622
534	6	said	9.450661
534	7	a	6.948168
534	8	reporter	10.669798
534	9	believed	9.743066
534	10	the	2.703472
534	11	client	11.694448
534	12	said	10.876823
534	13	the	3.772477
534	14	manager	13.073682
534	15	did	6.513009
534	16	promote	15.984939
534	17	the	1.612876
534	18	accountant	18.771955
534	19	yesterday	19.684027
534	20	.	1.384079
534	21	<eos>	-0.0
535	1	They	0.0
535	2	reported	10.412453
535	3	who	11.821813
535	4	the	7.229744
535	5	executive	11.851168
535	6	said	6.617255
535	7	a	7.715989
535	8	reporter	9.30761
535	9	believed	9.28036
535	10	the	2.895143
535	11	client	11.949667
535	12	said	10.76268
535	13	did	11.742587
535	14	promote	15.851405
535	15	the	1.839951
535	16	accountant	19.256893
535	17	yesterday	19.325375
535	18	.	1.096593
535	19	<eos>	-0.0
536	1	They	0.0
536	2	reported	10.412453
536	3	who	11.821813
536	4	the	7.229744
536	5	executive	11.851168
536	6	said	6.617255
536	7	a	7.715989
536	8	reporter	9.30761
536	9	believed	9.28036
536	10	the	2.895143
536	11	client	11.949667
536	12	said	10.76268
536	13	the	3.885957
536	14	manager	13.047416
536	15	did	6.649036
536	16	promote	16.038303
536	17	the	1.653512
536	18	accountant	18.833555
536	19	yesterday	19.540279
536	20	.	1.134668
536	21	<eos>	-0.0
537	1	They	0.0
537	2	reported	10.412453
537	3	that	1.780984
537	4	the	1.89322
537	5	executive	13.061622
537	6	said	9.450661
537	7	a	6.948168
537	8	reporter	10.669798
537	9	believed	9.743066
537	10	the	2.703472
537	11	client	11.694448
537	12	said	10.876823
537	13	did	12.643327
537	14	promote	15.512845
537	15	the	1.75706
537	16	accountant	19.076576
537	17	yesterday	19.426708
537	18	.	1.363087
537	19	<eos>	-0.0
538	1	They	0.0
538	2	reported	10.412453
538	3	that	1.780984
538	4	the	1.89322
538	5	executive	13.061622
538	6	said	9.450661
538	7	a	6.948168
538	8	reporter	10.669798
538	9	believed	9.743066
538	10	the	2.703472
538	11	client	11.694448
538	12	said	10.876823
538	13	the	3.772477
538	14	manager	13.073682
538	15	did	6.513009
538	16	promote	15.984939
538	17	the	1.612876
538	18	accountant	18.771955
538	19	yesterday	19.684027
538	20	.	1.384079
538	21	<eos>	-0.0
539	1	They	0.0
539	2	reported	10.412453
539	3	who	11.821813
539	4	the	7.229744
539	5	executive	11.851168
539	6	said	6.617255
539	7	a	7.715989
539	8	reporter	9.30761
539	9	believed	9.28036
539	10	the	2.895143
539	11	client	11.949667
539	12	said	10.76268
539	13	did	11.742587
539	14	promote	15.851405
539	15	the	1.839951
539	16	accountant	19.256893
539	17	yesterday	19.325375
539	18	.	1.096593
539	19	<eos>	-0.0
540	1	They	0.0
540	2	reported	10.412453
540	3	who	11.821813
540	4	the	7.229744
540	5	executive	11.851168
540	6	said	6.617255
540	7	a	7.715989
540	8	reporter	9.30761
540	9	believed	9.28036
540	10	the	2.895143
540	11	client	11.949667
540	12	said	10.76268
540	13	the	3.885957
540	14	manager	13.047416
540	15	did	6.649036
540	16	promote	16.038303
540	17	the	1.653512
540	18	accountant	18.833555
540	19	yesterday	19.540279
540	20	.	1.134668
540	21	<eos>	-0.0
541	1	He	0.0
541	2	reported	10.835539
541	3	that	1.868976
541	4	will	15.450523
541	5	abandon	14.164431
541	6	his	2.36371
541	7	partner	10.648947
541	8	in	3.703231
541	9	the	1.891179
541	10	desert	10.659458
541	11	.	2.24556
541	12	<eos>	-0.0
542	1	He	0.0
542	2	reported	10.835539
542	3	that	1.868976
542	4	the	2.223669
542	5	cowboy	16.845673
542	6	will	9.040291
542	7	abandon	10.767981
542	8	his	2.11064
542	9	partner	11.895041
542	10	in	4.037199
542	11	the	2.04911
542	12	desert	7.667658
542	13	.	2.572547
542	14	<eos>	-0.0
543	1	He	0.0
543	2	reported	10.835539
543	3	who	12.096594
543	4	will	9.467492
543	5	abandon	12.207031
543	6	his	1.948738
543	7	partner	11.989362
543	8	in	3.389757
543	9	the	1.951027
543	10	desert	10.034988
543	11	.	2.031471
543	12	<eos>	-0.0
544	1	He	0.0
544	2	reported	10.835539
544	3	who	12.096594
544	4	the	7.066419
544	5	cowboy	15.255877
544	6	will	8.655581
544	7	abandon	12.319584
544	8	his	2.425353
544	9	partner	12.092576
544	10	in	3.589713
544	11	the	1.835441
544	12	desert	7.86881
544	13	.	1.786011
544	14	<eos>	-0.0
545	1	He	0.0
545	2	reported	10.835539
545	3	that	1.868976
545	4	the	2.223669
545	5	farmer	13.535235
545	6	said	8.328086
545	7	will	16.128641
545	8	abandon	12.830688
545	9	his	2.387919
545	10	partner	11.059525
545	11	in	4.000308
545	12	the	1.876733
545	13	desert	10.316402
545	14	.	1.83848
545	15	<eos>	-0.0
546	1	He	0.0
546	2	reported	10.835539
546	3	that	1.868976
546	4	the	2.223669
546	5	farmer	13.535235
546	6	said	8.328086
546	7	the	3.560346
546	8	cowboy	14.420107
546	9	will	8.421553
546	10	abandon	10.339313
546	11	his	2.24193
546	12	partner	12.007278
546	13	in	4.450495
546	14	the	2.110491
546	15	desert	8.014586
546	16	.	2.034898
546	17	<eos>	-0.0
547	1	He	0.0
547	2	reported	10.835539
547	3	who	12.096594
547	4	the	7.066419
547	5	farmer	12.31315
547	6	said	7.028391
547	7	will	10.059443
547	8	abandon	13.631263
547	9	his	2.614198
547	10	partner	11.263945
547	11	in	3.98695
547	12	the	1.750845
547	13	desert	10.039681
547	14	.	1.542663
547	15	<eos>	-0.0
548	1	He	0.0
548	2	reported	10.835539
548	3	who	12.096594
548	4	the	7.066419
548	5	farmer	12.31315
548	6	said	7.028391
548	7	the	5.931177
548	8	cowboy	13.304627
548	9	will	9.482056
548	10	abandon	12.15686
548	11	his	4.774513
548	12	partner	12.463109
548	13	in	4.166674
548	14	the	1.824841
548	15	desert	8.062752
548	16	.	1.343945
548	17	<eos>	-0.0
549	1	He	0.0
549	2	reported	10.835539
549	3	that	1.868976
549	4	the	2.223669
549	5	farmer	13.535235
549	6	said	8.328086
549	7	his	5.625406
549	8	friend	7.547409
549	9	reported	12.021181
549	10	will	15.944707
549	11	abandon	11.830177
549	12	his	1.945882
549	13	partner	11.437788
549	14	in	3.689119
549	15	the	1.888573
549	16	desert	9.946429
549	17	.	1.698606
549	18	<eos>	-0.0
550	1	He	0.0
550	2	reported	10.835539
550	3	that	1.868976
550	4	the	2.223669
550	5	farmer	13.535235
550	6	said	8.328086
550	7	his	5.625406
550	8	friend	7.547409
550	9	reported	12.021181
550	10	the	3.987056
550	11	cowboy	17.170483
550	12	will	9.626829
550	13	abandon	11.638304
550	14	his	2.024562
550	15	partner	11.882446
550	16	in	4.437413
550	17	the	1.983333
550	18	desert	8.019525
550	19	.	1.648109
550	20	<eos>	-0.0
551	1	He	0.0
551	2	reported	10.835539
551	3	who	12.096594
551	4	the	7.066419
551	5	farmer	12.31315
551	6	said	7.028391
551	7	his	8.091573
551	8	friend	6.722308
551	9	reported	11.391336
551	10	will	11.25488
551	11	abandon	13.008484
551	12	his	2.015961
551	13	partner	11.726103
551	14	in	3.787627
551	15	the	1.825777
551	16	desert	9.711703
551	17	.	1.466398
551	18	<eos>	-0.0
552	1	He	0.0
552	2	reported	10.835539
552	3	who	12.096594
552	4	the	7.066419
552	5	farmer	12.31315
552	6	said	7.028391
552	7	his	8.091573
552	8	friend	6.722308
552	9	reported	11.391336
552	10	the	6.021364
552	11	cowboy	16.292387
552	12	will	9.744692
552	13	abandon	13.044554
552	14	his	3.847201
552	15	partner	13.249202
552	16	in	4.281755
552	17	the	1.871832
552	18	desert	7.89711
552	19	.	1.395686
552	20	<eos>	-0.0
553	1	He	0.0
553	2	reported	10.835539
553	3	that	1.868976
553	4	the	2.223669
553	5	farmer	13.535235
553	6	said	8.328086
553	7	his	5.625406
553	8	friend	7.547409
553	9	reported	12.021181
553	10	he	4.719448
553	11	believed	7.949998
553	12	will	15.561703
553	13	abandon	14.080592
553	14	his	2.260945
553	15	partner	10.724882
553	16	in	3.885312
553	17	the	1.685939
553	18	desert	10.462593
553	19	.	1.432698
553	20	<eos>	-0.0
554	1	He	0.0
554	2	reported	10.835539
554	3	that	1.868976
554	4	the	2.223669
554	5	farmer	13.535235
554	6	said	8.328086
554	7	his	5.625406
554	8	friend	7.547409
554	9	reported	12.021181
554	10	he	4.719448
554	11	believed	7.949998
554	12	the	2.625475
554	13	cowboy	14.671209
554	14	will	9.935697
554	15	abandon	11.205361
554	16	his	1.952216
554	17	partner	11.883974
554	18	in	4.517632
554	19	the	2.000654
554	20	desert	7.943753
554	21	.	1.511088
554	22	<eos>	-0.0
555	1	He	0.0
555	2	reported	10.835539
555	3	who	12.096594
555	4	the	7.066419
555	5	farmer	12.31315
555	6	said	7.028391
555	7	his	8.091573
555	8	friend	6.722308
555	9	reported	11.391336
555	10	he	6.255692
555	11	believed	7.633911
555	12	will	10.836726
555	13	abandon	14.287017
555	14	his	2.428354
555	15	partner	11.186428
555	16	in	4.102169
555	17	the	1.691614
555	18	desert	9.851151
555	19	.	1.228138
555	20	<eos>	-0.0
556	1	He	0.0
556	2	reported	10.835539
556	3	who	12.096594
556	4	the	7.066419
556	5	farmer	12.31315
556	6	said	7.028391
556	7	his	8.091573
556	8	friend	6.722308
556	9	reported	11.391336
556	10	he	6.255692
556	11	believed	7.633911
556	12	the	4.765059
556	13	cowboy	14.199469
556	14	will	9.849813
556	15	abandon	11.7902
556	16	his	2.474976
556	17	partner	12.694018
556	18	in	4.471881
556	19	the	1.858242
556	20	desert	7.63031
556	21	.	1.250343
556	22	<eos>	-0.0
557	1	He	0.0
557	2	reported	10.835539
557	3	that	1.868976
557	4	the	2.223669
557	5	farmer	13.535235
557	6	said	8.328086
557	7	his	5.625406
557	8	friend	7.547409
557	9	reported	12.021181
557	10	he	4.719448
557	11	believed	7.949998
557	12	will	15.561703
557	13	abandon	14.080592
557	14	his	2.260945
557	15	partner	10.724882
557	16	in	3.885312
557	17	the	1.685939
557	18	desert	10.462593
557	19	.	1.432698
557	20	<eos>	-0.0
558	1	He	0.0
558	2	reported	10.835539
558	3	that	1.868976
558	4	the	2.223669
558	5	farmer	13.535235
558	6	said	8.328086
558	7	his	5.625406
558	8	friend	7.547409
558	9	reported	12.021181
558	10	he	4.719448
558	11	believed	7.949998
558	12	the	2.625475
558	13	cowboy	14.671209
558	14	will	9.935697
558	15	abandon	11.205361
558	16	his	1.952216
558	17	partner	11.883974
558	18	in	4.517632
558	19	the	2.000654
558	20	desert	7.943753
558	21	.	1.511088
558	22	<eos>	-0.0
559	1	He	0.0
559	2	reported	10.835539
559	3	who	12.096594
559	4	the	7.066419
559	5	farmer	12.31315
559	6	said	7.028391
559	7	his	8.091573
559	8	friend	6.722308
559	9	reported	11.391336
559	10	he	6.255692
559	11	believed	7.633911
559	12	will	10.836726
559	13	abandon	14.287017
559	14	his	2.428354
559	15	partner	11.186428
559	16	in	4.102169
559	17	the	1.691614
559	18	desert	9.851151
559	19	.	1.228138
559	20	<eos>	-0.0
560	1	He	0.0
560	2	reported	10.835539
560	3	who	12.096594
560	4	the	7.066419
560	5	farmer	12.31315
560	6	said	7.028391
560	7	his	8.091573
560	8	friend	6.722308
560	9	reported	11.391336
560	10	he	6.255692
560	11	believed	7.633911
560	12	the	4.765059
560	13	cowboy	14.199469
560	14	will	9.849813
560	15	abandon	11.7902
560	16	his	2.474976
560	17	partner	12.694018
560	18	in	4.471881
560	19	the	1.858242
560	20	desert	7.63031
560	21	.	1.250343
560	22	<eos>	-0.0
561	1	They	0.0
561	2	know	9.486106
561	3	that	2.169621
561	4	should	13.847187
561	5	reassure	17.232059
561	6	the	1.882774
561	7	old	9.574747
561	8	woman	6.633454
561	9	at	8.244516
561	10	the	1.279169
561	11	hospital	7.74545
561	12	.	6.608926
561	13	<eos>	-0.0
562	1	They	0.0
562	2	know	9.486106
562	3	that	2.169621
562	4	the	1.87231
562	5	nurse	15.349316
562	6	should	6.094624
562	7	reassure	16.773502
562	8	the	1.895506
562	9	old	10.773407
562	10	woman	4.283064
562	11	at	8.709564
562	12	the	1.453857
562	13	hospital	6.103364
562	14	.	3.78881
562	15	<eos>	-0.0
563	1	They	0.0
563	2	know	9.486106
563	3	who	7.200986
563	4	should	7.420847
563	5	reassure	15.984231
563	6	the	1.711116
563	7	old	9.872447
563	8	woman	6.41036
563	9	at	8.238626
563	10	the	1.181144
563	11	hospital	8.632974
563	12	.	1.182597
563	13	<eos>	-0.0
564	1	They	0.0
564	2	know	9.486106
564	3	who	7.200986
564	4	the	4.435805
564	5	nurse	14.006237
564	6	should	5.813551
564	7	reassure	18.239799
564	8	the	3.138667
564	9	old	8.964398
564	10	woman	3.883665
564	11	at	7.284822
564	12	the	1.142127
564	13	hospital	5.228557
564	14	.	0.955436
564	15	<eos>	-0.0
565	1	They	0.0
565	2	know	9.486106
565	3	that	2.169621
565	4	the	1.87231
565	5	doctor	12.126802
565	6	believed	8.783647
565	7	should	16.448786
565	8	reassure	16.649231
565	9	the	2.067007
565	10	old	9.917651
565	11	woman	5.326048
565	12	at	8.878069
565	13	the	1.248664
565	14	hospital	5.293641
565	15	.	2.853124
565	16	<eos>	-0.0
566	1	They	0.0
566	2	know	9.486106
566	3	that	2.169621
566	4	the	1.87231
566	5	doctor	12.126802
566	6	believed	8.783647
566	7	the	3.312144
566	8	nurse	9.931621
566	9	should	4.980379
566	10	reassure	17.259317
566	11	the	2.326273
566	12	old	10.913412
566	13	woman	4.495276
566	14	at	8.875134
566	15	the	1.320334
566	16	hospital	4.103458
566	17	.	3.523237
566	18	<eos>	-0.0
567	1	They	0.0
567	2	know	9.486106
567	3	who	7.200986
567	4	the	4.435805
567	5	doctor	11.182167
567	6	believed	9.06979
567	7	should	8.960943
567	8	reassure	17.908224
567	9	the	2.053828
567	10	old	9.897308
567	11	woman	5.44835
567	12	at	8.513482
567	13	the	1.124559
567	14	hospital	5.439305
567	15	.	1.178509
567	16	<eos>	-0.0
568	1	They	0.0
568	2	know	9.486106
568	3	who	7.200986
568	4	the	4.435805
568	5	doctor	11.182167
568	6	believed	9.06979
568	7	the	4.654794
568	8	nurse	9.884974
568	9	should	6.019993
568	10	reassure	18.173803
568	11	the	2.607261
568	12	old	10.337796
568	13	woman	4.074948
568	14	at	7.221169
568	15	the	1.110733
568	16	hospital	3.897185
568	17	.	0.862353
568	18	<eos>	-0.0
569	1	They	0.0
569	2	know	9.486106
569	3	that	2.169621
569	4	the	1.87231
569	5	doctor	12.126802
569	6	believed	8.783647
569	7	the	3.312144
569	8	man	7.551149
569	9	said	12.059078
569	10	should	10.235771
569	11	reassure	16.638983
569	12	the	2.451253
569	13	old	10.139439
569	14	woman	4.83844
569	15	at	9.447908
569	16	the	1.263988
569	17	hospital	5.560977
569	18	.	3.246195
569	19	<eos>	-0.0
570	1	They	0.0
570	2	know	9.486106
570	3	that	2.169621
570	4	the	1.87231
570	5	doctor	12.126802
570	6	believed	8.783647
570	7	the	3.312144
570	8	man	7.551149
570	9	said	12.059078
570	10	the	4.675224
570	11	nurse	9.256444
570	12	should	5.71154
570	13	reassure	17.12529
570	14	the	2.611166
570	15	old	10.357983
570	16	woman	4.51558
570	17	at	8.66522
570	18	the	1.215809
570	19	hospital	4.498488
570	20	.	2.395612
570	21	<eos>	-0.0
571	1	They	0.0
571	2	know	9.486106
571	3	who	7.200986
571	4	the	4.435805
571	5	doctor	11.182167
571	6	believed	9.06979
571	7	the	4.654794
571	8	man	7.417821
571	9	said	10.665816
571	10	should	8.567864
571	11	reassure	17.344961
571	12	the	2.438341
571	13	old	9.880169
571	14	woman	5.105707
571	15	at	8.421366
571	16	the	1.10859
571	17	hospital	5.45773
571	18	.	0.997408
571	19	<eos>	-0.0
572	1	They	0.0
572	2	know	9.486106
572	3	who	7.200986
572	4	the	4.435805
572	5	doctor	11.182167
572	6	believed	9.06979
572	7	the	4.654794
572	8	man	7.417821
572	9	said	10.665816
572	10	the	6.064116
572	11	nurse	9.368561
572	12	should	6.765674
572	13	reassure	17.300104
572	14	the	2.546681
572	15	old	10.576702
572	16	woman	4.791099
572	17	at	8.368834
572	18	the	1.162617
572	19	hospital	4.300015
572	20	.	1.298065
572	21	<eos>	-0.0
573	1	They	0.0
573	2	know	9.486106
573	3	that	2.169621
573	4	the	1.87231
573	5	doctor	12.126802
573	6	believed	8.783647
573	7	the	3.312144
573	8	man	7.551149
573	9	said	12.059078
573	10	he	3.211528
573	11	thought	9.212198
573	12	should	12.768113
573	13	reassure	17.037916
573	14	the	2.377802
573	15	old	9.439374
573	16	woman	5.55725
573	17	at	8.161548
573	18	the	1.166114
573	19	hospital	5.154566
573	20	.	1.777658
573	21	<eos>	-0.0
574	1	They	0.0
574	2	know	9.486106
574	3	that	2.169621
574	4	the	1.87231
574	5	doctor	12.126802
574	6	believed	8.783647
574	7	the	3.312144
574	8	man	7.551149
574	9	said	12.059078
574	10	he	3.211528
574	11	thought	9.212198
574	12	the	2.8634
574	13	nurse	10.7204
574	14	should	5.891266
574	15	reassure	17.492859
574	16	the	2.508906
574	17	old	10.592395
574	18	woman	4.960063
574	19	at	8.192355
574	20	the	1.195811
574	21	hospital	3.998644
574	22	.	2.043137
574	23	<eos>	-0.0
575	1	They	0.0
575	2	know	9.486106
575	3	who	7.200986
575	4	the	4.435805
575	5	doctor	11.182167
575	6	believed	9.06979
575	7	the	4.654794
575	8	man	7.417821
575	9	said	10.665816
575	10	he	5.024565
575	11	thought	9.140497
575	12	should	12.359867
575	13	reassure	17.533697
575	14	the	2.451124
575	15	old	9.609202
575	16	woman	5.818407
575	17	at	7.936086
575	18	the	1.083214
575	19	hospital	5.27392
575	20	.	0.915664
575	21	<eos>	-0.0
576	1	They	0.0
576	2	know	9.486106
576	3	who	7.200986
576	4	the	4.435805
576	5	doctor	11.182167
576	6	believed	9.06979
576	7	the	4.654794
576	8	man	7.417821
576	9	said	10.665816
576	10	he	5.024565
576	11	thought	9.140497
576	12	the	3.169319
576	13	nurse	11.308175
576	14	should	6.015434
576	15	reassure	17.682499
576	16	the	2.382961
576	17	old	10.65527
576	18	woman	5.144448
576	19	at	7.937277
576	20	the	1.161944
576	21	hospital	3.94356
576	22	.	1.140057
576	23	<eos>	-0.0
577	1	They	0.0
577	2	know	9.486106
577	3	that	2.169621
577	4	the	1.87231
577	5	doctor	12.126802
577	6	believed	8.783647
577	7	the	3.312144
577	8	man	7.551149
577	9	said	12.059078
577	10	he	3.211528
577	11	thought	9.212198
577	12	should	12.768113
577	13	reassure	17.037916
577	14	the	2.377802
577	15	old	9.439374
577	16	woman	5.55725
577	17	at	8.161548
577	18	the	1.166114
577	19	hospital	5.154566
577	20	.	1.777658
577	21	<eos>	-0.0
578	1	They	0.0
578	2	know	9.486106
578	3	that	2.169621
578	4	the	1.87231
578	5	doctor	12.126802
578	6	believed	8.783647
578	7	the	3.312144
578	8	man	7.551149
578	9	said	12.059078
578	10	he	3.211528
578	11	thought	9.212198
578	12	the	2.8634
578	13	nurse	10.7204
578	14	should	5.891266
578	15	reassure	17.492859
578	16	the	2.508906
578	17	old	10.592395
578	18	woman	4.960063
578	19	at	8.192355
578	20	the	1.195811
578	21	hospital	3.998644
578	22	.	2.043137
578	23	<eos>	-0.0
579	1	They	0.0
579	2	know	9.486106
579	3	who	7.200986
579	4	the	4.435805
579	5	doctor	11.182167
579	6	believed	9.06979
579	7	the	4.654794
579	8	man	7.417821
579	9	said	10.665816
579	10	he	5.024565
579	11	thought	9.140497
579	12	should	12.359867
579	13	reassure	17.533697
579	14	the	2.451124
579	15	old	9.609202
579	16	woman	5.818407
579	17	at	7.936086
579	18	the	1.083214
579	19	hospital	5.27392
579	20	.	0.915664
579	21	<eos>	-0.0
580	1	They	0.0
580	2	know	9.486106
580	3	who	7.200986
580	4	the	4.435805
580	5	doctor	11.182167
580	6	believed	9.06979
580	7	the	4.654794
580	8	man	7.417821
580	9	said	10.665816
580	10	he	5.024565
580	11	thought	9.140497
580	12	the	3.169319
580	13	nurse	11.308175
580	14	should	6.015434
580	15	reassure	17.682499
580	16	the	2.382961
580	17	old	10.65527
580	18	woman	5.144448
580	19	at	7.937277
580	20	the	1.161944
580	21	hospital	3.94356
580	22	.	1.140057
580	23	<eos>	-0.0
581	1	She	0.0
581	2	knows	11.608641
581	3	that	2.279035
581	4	did	15.223252
581	5	thank	18.605871
581	6	the	4.141362
581	7	waitress	14.70961
581	8	after	9.652903
581	9	the	2.455193
581	10	meal	6.102056
581	11	.	1.231811
581	12	<eos>	-0.0
582	1	She	0.0
582	2	knows	11.608641
582	3	that	2.279035
582	4	the	2.521865
582	5	woman	6.550632
582	6	did	8.630225
582	7	thank	21.189543
582	8	the	3.912331
582	9	waitress	14.511014
582	10	after	9.544246
582	11	the	2.538352
582	12	meal	5.966361
582	13	.	1.080634
582	14	<eos>	-0.0
583	1	She	0.0
583	2	knows	11.608641
583	3	who	6.4446
583	4	did	8.869591
583	5	thank	17.312901
583	6	the	3.684009
583	7	waitress	14.293356
583	8	after	9.132638
583	9	the	2.484751
583	10	meal	6.096793
583	11	.	0.923926
583	12	<eos>	-0.0
584	1	She	0.0
584	2	knows	11.608641
584	3	who	6.4446
584	4	the	4.386521
584	5	woman	5.698281
584	6	did	9.12261
584	7	thank	22.153753
584	8	the	4.161495
584	9	waitress	14.742228
584	10	after	8.456484
584	11	the	2.426635
584	12	meal	5.623887
584	13	.	0.802344
584	14	<eos>	-0.0
585	1	She	0.0
585	2	knows	11.608641
585	3	that	2.279035
585	4	the	2.521865
585	5	waiter	16.7216
585	6	said	11.355186
585	7	did	15.560959
585	8	thank	17.987253
585	9	the	3.796258
585	10	waitress	10.656066
585	11	after	8.704792
585	12	the	2.553124
585	13	meal	5.450794
585	14	.	1.0182
585	15	<eos>	-0.0
586	1	She	0.0
586	2	knows	11.608641
586	3	that	2.279035
586	4	the	2.521865
586	5	waiter	16.7216
586	6	said	11.355186
586	7	the	3.737786
586	8	woman	6.385749
586	9	did	6.360664
586	10	thank	20.860428
586	11	the	4.000867
586	12	waitress	10.585227
586	13	after	9.146135
586	14	the	2.633656
586	15	meal	5.22759
586	16	.	0.954805
586	17	<eos>	-0.0
587	1	She	0.0
587	2	knows	11.608641
587	3	who	6.4446
587	4	the	4.386521
587	5	waiter	15.07773
587	6	said	10.911545
587	7	did	11.287331
587	8	thank	18.915316
587	9	the	3.833753
587	10	waitress	11.020315
587	11	after	8.662807
587	12	the	2.53263
587	13	meal	4.842342
587	14	.	0.705061
587	15	<eos>	-0.0
588	1	She	0.0
588	2	knows	11.608641
588	3	who	6.4446
588	4	the	4.386521
588	5	waiter	15.07773
588	6	said	10.911545
588	7	the	5.578625
588	8	woman	6.086536
588	9	did	7.405649
588	10	thank	20.0319
588	11	the	4.142943
588	12	waitress	10.779896
588	13	after	9.379703
588	14	the	2.582451
588	15	meal	5.093777
588	16	.	0.748975
588	17	<eos>	-0.0
589	1	She	0.0
589	2	knows	11.608641
589	3	that	2.279035
589	4	the	2.521865
589	5	waiter	16.7216
589	6	said	11.355186
589	7	the	3.737786
589	8	woman	6.385749
589	9	believed	10.06792
589	10	did	11.324052
589	11	thank	18.353718
589	12	the	3.490761
589	13	waitress	11.044648
589	14	after	8.643685
589	15	the	2.451923
589	16	meal	5.88368
589	17	.	0.965397
589	18	<eos>	-0.0
590	1	She	0.0
590	2	knows	11.608641
590	3	that	2.279035
590	4	the	2.521865
590	5	waiter	16.7216
590	6	said	11.355186
590	7	the	3.737786
590	8	woman	6.385749
590	9	believed	10.06792
590	10	the	3.608701
590	11	woman	5.62046
590	12	did	6.962495
590	13	thank	20.528254
590	14	the	4.009454
590	15	waitress	11.491533
590	16	after	8.99325
590	17	the	2.528731
590	18	meal	5.704513
590	19	.	0.835383
590	20	<eos>	-0.0
591	1	She	0.0
591	2	knows	11.608641
591	3	who	6.4446
591	4	the	4.386521
591	5	waiter	15.07773
591	6	said	10.911545
591	7	the	5.578625
591	8	woman	6.086536
591	9	believed	10.492447
591	10	did	12.308628
591	11	thank	18.06818
591	12	the	3.553484
591	13	waitress	11.577142
591	14	after	8.92924
591	15	the	2.467194
591	16	meal	5.793359
591	17	.	0.788834
591	18	<eos>	-0.0
592	1	She	0.0
592	2	knows	11.608641
592	3	who	6.4446
592	4	the	4.386521
592	5	waiter	15.07773
592	6	said	10.911545
592	7	the	5.578625
592	8	woman	6.086536
592	9	believed	10.492447
592	10	the	3.431304
592	11	woman	5.541318
592	12	did	7.183349
592	13	thank	20.284412
592	14	the	3.978057
592	15	waitress	12.00712
592	16	after	9.268949
592	17	the	2.468636
592	18	meal	5.697526
592	19	.	0.683295
592	20	<eos>	-0.0
593	1	She	0.0
593	2	knows	11.608641
593	3	that	2.279035
593	4	the	2.521865
593	5	waiter	16.7216
593	6	said	11.355186
593	7	the	3.737786
593	8	woman	6.385749
593	9	believed	10.06792
593	10	she	3.259094
593	11	remembered	15.580294
593	12	did	11.846698
593	13	thank	17.994417
593	14	the	4.403006
593	15	waitress	10.863692
593	16	after	8.331242
593	17	the	2.600123
593	18	meal	5.873368
593	19	.	0.873604
593	20	<eos>	-0.0
594	1	She	0.0
594	2	knows	11.608641
594	3	that	2.279035
594	4	the	2.521865
594	5	waiter	16.7216
594	6	said	11.355186
594	7	the	3.737786
594	8	woman	6.385749
594	9	believed	10.06792
594	10	she	3.259094
594	11	remembered	15.580294
594	12	the	2.606574
594	13	woman	5.950575
594	14	did	10.710465
594	15	thank	20.476925
594	16	the	4.520129
594	17	waitress	11.782411
594	18	after	9.068813
594	19	the	2.505905
594	20	meal	5.860141
594	21	.	0.717784
594	22	<eos>	-0.0
595	1	She	0.0
595	2	knows	11.608641
595	3	who	6.4446
595	4	the	4.386521
595	5	waiter	15.07773
595	6	said	10.911545
595	7	the	5.578625
595	8	woman	6.086536
595	9	believed	10.492447
595	10	she	2.94115
595	11	remembered	15.275301
595	12	did	12.792457
595	13	thank	17.674803
595	14	the	4.204637
595	15	waitress	11.44756
595	16	after	8.479325
595	17	the	2.50095
595	18	meal	5.882306
595	19	.	0.753126
595	20	<eos>	-0.0
596	1	She	0.0
596	2	knows	11.608641
596	3	who	6.4446
596	4	the	4.386521
596	5	waiter	15.07773
596	6	said	10.911545
596	7	the	5.578625
596	8	woman	6.086536
596	9	believed	10.492447
596	10	she	2.94115
596	11	remembered	15.275301
596	12	the	2.541576
596	13	woman	5.726219
596	14	did	11.224581
596	15	thank	20.724356
596	16	the	4.472136
596	17	waitress	12.52601
596	18	after	9.049033
596	19	the	2.45069
596	20	meal	5.88113
596	21	.	0.622958
596	22	<eos>	-0.0
597	1	She	0.0
597	2	knows	11.608641
597	3	that	2.279035
597	4	the	2.521865
597	5	waiter	16.7216
597	6	said	11.355186
597	7	the	3.737786
597	8	woman	6.385749
597	9	believed	10.06792
597	10	she	3.259094
597	11	remembered	15.580294
597	12	did	11.846698
597	13	thank	17.994417
597	14	the	4.403006
597	15	waitress	10.863692
597	16	after	8.331242
597	17	the	2.600123
597	18	meal	5.873368
597	19	.	0.873604
597	20	<eos>	-0.0
598	1	She	0.0
598	2	knows	11.608641
598	3	that	2.279035
598	4	the	2.521865
598	5	waiter	16.7216
598	6	said	11.355186
598	7	the	3.737786
598	8	woman	6.385749
598	9	believed	10.06792
598	10	she	3.259094
598	11	remembered	15.580294
598	12	the	2.606574
598	13	woman	5.950575
598	14	did	10.710465
598	15	thank	20.476925
598	16	the	4.520129
598	17	waitress	11.782411
598	18	after	9.068813
598	19	the	2.505905
598	20	meal	5.860141
598	21	.	0.717784
598	22	<eos>	-0.0
599	1	She	0.0
599	2	knows	11.608641
599	3	who	6.4446
599	4	the	4.386521
599	5	waiter	15.07773
599	6	said	10.911545
599	7	the	5.578625
599	8	woman	6.086536
599	9	believed	10.492447
599	10	she	2.94115
599	11	remembered	15.275301
599	12	did	12.792457
599	13	thank	17.674803
599	14	the	4.204637
599	15	waitress	11.44756
599	16	after	8.479325
599	17	the	2.50095
599	18	meal	5.882306
599	19	.	0.753126
599	20	<eos>	-0.0
600	1	She	0.0
600	2	knows	11.608641
600	3	who	6.4446
600	4	the	4.386521
600	5	waiter	15.07773
600	6	said	10.911545
600	7	the	5.578625
600	8	woman	6.086536
600	9	believed	10.492447
600	10	she	2.94115
600	11	remembered	15.275301
600	12	the	2.541576
600	13	woman	5.726219
600	14	did	11.224581
600	15	thank	20.724356
600	16	the	4.472136
600	17	waitress	12.52601
600	18	after	9.049033
600	19	the	2.45069
600	20	meal	5.88113
600	21	.	0.622958
600	22	<eos>	-0.0
601	1	He	0.0
601	2	knows	11.52312
601	3	that	2.297416
601	4	might	14.99877
601	5	interrogate	18.610472
601	6	the	2.75401
601	7	spy	11.212171
601	8	in	6.128715
601	9	the	2.246035
601	10	prison	8.224529
601	11	.	2.185977
601	12	<eos>	-0.0
602	1	He	0.0
602	2	knows	11.52312
602	3	that	2.297416
602	4	the	2.267236
602	5	police	8.530047
602	6	might	8.153675
602	7	interrogate	13.119328
602	8	the	3.298076
602	9	spy	9.694178
602	10	in	5.877412
602	11	the	2.345151
602	12	prison	7.642706
602	13	.	2.113148
602	14	<eos>	-0.0
603	1	He	0.0
603	2	knows	11.52312
603	3	who	6.622077
603	4	might	8.989314
603	5	interrogate	16.465279
603	6	the	2.617077
603	7	spy	10.245711
603	8	in	6.173371
603	9	the	1.975394
603	10	prison	7.929116
603	11	.	1.995664
603	12	<eos>	-0.0
604	1	He	0.0
604	2	knows	11.52312
604	3	who	6.622077
604	4	the	4.020604
604	5	police	8.129345
604	6	might	7.827134
604	7	interrogate	12.502507
604	8	the	4.707795
604	9	spy	10.476919
604	10	in	5.971213
604	11	the	1.676139
604	12	prison	7.510918
604	13	.	1.582057
604	14	<eos>	-0.0
605	1	He	0.0
605	2	knows	11.52312
605	3	that	2.297416
605	4	the	2.267236
605	5	inspector	15.041479
605	6	said	10.898587
605	7	might	16.207026
605	8	interrogate	16.998499
605	9	the	3.499036
605	10	spy	9.882427
605	11	in	5.905576
605	12	the	2.18049
605	13	prison	7.187938
605	14	.	1.767664
605	15	<eos>	-0.0
606	1	He	0.0
606	2	knows	11.52312
606	3	that	2.297416
606	4	the	2.267236
606	5	inspector	15.041479
606	6	said	10.898587
606	7	the	3.257384
606	8	police	6.192225
606	9	might	7.867643
606	10	interrogate	13.182946
606	11	the	3.305757
606	12	spy	9.494279
606	13	in	5.965049
606	14	the	2.261923
606	15	prison	7.399155
606	16	.	1.809419
606	17	<eos>	-0.0
607	1	He	0.0
607	2	knows	11.52312
607	3	who	6.622077
607	4	the	4.020604
607	5	inspector	13.512759
607	6	said	9.978379
607	7	might	11.069921
607	8	interrogate	17.498135
607	9	the	3.210171
607	10	spy	9.992324
607	11	in	6.172412
607	12	the	1.981469
607	13	prison	7.107224
607	14	.	1.546391
607	15	<eos>	-0.0
608	1	He	0.0
608	2	knows	11.52312
608	3	who	6.622077
608	4	the	4.020604
608	5	inspector	13.512759
608	6	said	9.978379
608	7	the	5.05689
608	8	police	6.587899
608	9	might	7.867095
608	10	interrogate	13.264685
608	11	the	3.078192
608	12	spy	9.734258
608	13	in	6.19664
608	14	the	2.054957
608	15	prison	7.317913
608	16	.	1.532369
608	17	<eos>	-0.0
609	1	He	0.0
609	2	knows	11.52312
609	3	that	2.297416
609	4	the	2.267236
609	5	inspector	15.041479
609	6	said	10.898587
609	7	the	3.257384
609	8	man	5.92521
609	9	reported	13.39818
609	10	might	11.994699
609	11	interrogate	16.814625
609	12	the	2.803112
609	13	spy	9.272122
609	14	in	5.948297
609	15	the	2.230922
609	16	prison	7.663964
609	17	.	2.05702
609	18	<eos>	-0.0
610	1	He	0.0
610	2	knows	11.52312
610	3	that	2.297416
610	4	the	2.267236
610	5	inspector	15.041479
610	6	said	10.898587
610	7	the	3.257384
610	8	man	5.92521
610	9	reported	13.39818
610	10	the	3.787629
610	11	police	8.294675
610	12	might	9.333366
610	13	interrogate	13.839452
610	14	the	2.791518
610	15	spy	9.738716
610	16	in	5.906085
610	17	the	2.135166
610	18	prison	7.564809
610	19	.	1.796127
610	20	<eos>	-0.0
611	1	He	0.0
611	2	knows	11.52312
611	3	who	6.622077
611	4	the	4.020604
611	5	inspector	13.512759
611	6	said	9.978379
611	7	the	5.05689
611	8	man	5.892483
611	9	reported	12.610765
611	10	might	11.51084
611	11	interrogate	17.055582
611	12	the	2.803054
611	13	spy	9.468407
611	14	in	6.215961
611	15	the	2.038684
611	16	prison	7.424407
611	17	.	1.75968
611	18	<eos>	-0.0
612	1	He	0.0
612	2	knows	11.52312
612	3	who	6.622077
612	4	the	4.020604
612	5	inspector	13.512759
612	6	said	9.978379
612	7	the	5.05689
612	8	man	5.892483
612	9	reported	12.610765
612	10	the	3.99553
612	11	police	8.172667
612	12	might	9.554128
612	13	interrogate	13.63896
612	14	the	2.769249
612	15	spy	9.918734
612	16	in	5.997351
612	17	the	2.068111
612	18	prison	7.602171
612	19	.	1.633717
612	20	<eos>	-0.0
613	1	He	0.0
613	2	knows	11.52312
613	3	that	2.297416
613	4	the	2.267236
613	5	inspector	15.041479
613	6	said	10.898587
613	7	the	3.257384
613	8	man	5.92521
613	9	reported	13.39818
613	10	he	4.681043
613	11	thought	9.29265
613	12	might	13.770431
613	13	interrogate	17.395735
613	14	the	2.97137
613	15	spy	9.612484
613	16	in	6.032654
613	17	the	2.117362
613	18	prison	7.181292
613	19	.	1.688241
613	20	<eos>	-0.0
614	1	He	0.0
614	2	knows	11.52312
614	3	that	2.297416
614	4	the	2.267236
614	5	inspector	15.041479
614	6	said	10.898587
614	7	the	3.257384
614	8	man	5.92521
614	9	reported	13.39818
614	10	he	4.681043
614	11	thought	9.29265
614	12	the	2.808826
614	13	police	5.427962
614	14	might	7.799432
614	15	interrogate	13.696574
614	16	the	3.290281
614	17	spy	9.691426
614	18	in	5.931893
614	19	the	2.041567
614	20	prison	7.50485
614	21	.	1.593645
614	22	<eos>	-0.0
615	1	He	0.0
615	2	knows	11.52312
615	3	who	6.622077
615	4	the	4.020604
615	5	inspector	13.512759
615	6	said	9.978379
615	7	the	5.05689
615	8	man	5.892483
615	9	reported	12.610765
615	10	he	4.612526
615	11	thought	9.358476
615	12	might	13.6333
615	13	interrogate	17.507843
615	14	the	2.997747
615	15	spy	9.85346
615	16	in	6.116241
615	17	the	2.014348
615	18	prison	7.189062
615	19	.	1.537903
615	20	<eos>	-0.0
616	1	He	0.0
616	2	knows	11.52312
616	3	who	6.622077
616	4	the	4.020604
616	5	inspector	13.512759
616	6	said	9.978379
616	7	the	5.05689
616	8	man	5.892483
616	9	reported	12.610765
616	10	he	4.612526
616	11	thought	9.358476
616	12	the	2.67407
616	13	police	5.629478
616	14	might	7.722648
616	15	interrogate	13.722072
616	16	the	3.257923
616	17	spy	9.804775
616	18	in	6.019924
616	19	the	1.958933
616	20	prison	7.530297
616	21	.	1.459293
616	22	<eos>	-0.0
617	1	He	0.0
617	2	knows	11.52312
617	3	that	2.297416
617	4	the	2.267236
617	5	inspector	15.041479
617	6	said	10.898587
617	7	the	3.257384
617	8	man	5.92521
617	9	reported	13.39818
617	10	he	4.681043
617	11	thought	9.29265
617	12	might	13.770431
617	13	interrogate	17.395735
617	14	the	2.97137
617	15	spy	9.612484
617	16	in	6.032654
617	17	the	2.117362
617	18	prison	7.181292
617	19	.	1.688241
617	20	<eos>	-0.0
618	1	He	0.0
618	2	knows	11.52312
618	3	that	2.297416
618	4	the	2.267236
618	5	inspector	15.041479
618	6	said	10.898587
618	7	the	3.257384
618	8	man	5.92521
618	9	reported	13.39818
618	10	he	4.681043
618	11	thought	9.29265
618	12	the	2.808826
618	13	police	5.427962
618	14	might	7.799432
618	15	interrogate	13.696574
618	16	the	3.290281
618	17	spy	9.691426
618	18	in	5.931893
618	19	the	2.041567
618	20	prison	7.50485
618	21	.	1.593645
618	22	<eos>	-0.0
619	1	He	0.0
619	2	knows	11.52312
619	3	who	6.622077
619	4	the	4.020604
619	5	inspector	13.512759
619	6	said	9.978379
619	7	the	5.05689
619	8	man	5.892483
619	9	reported	12.610765
619	10	he	4.612526
619	11	thought	9.358476
619	12	might	13.6333
619	13	interrogate	17.507843
619	14	the	2.997747
619	15	spy	9.85346
619	16	in	6.116241
619	17	the	2.014348
619	18	prison	7.189062
619	19	.	1.537903
619	20	<eos>	-0.0
620	1	He	0.0
620	2	knows	11.52312
620	3	who	6.622077
620	4	the	4.020604
620	5	inspector	13.512759
620	6	said	9.978379
620	7	the	5.05689
620	8	man	5.892483
620	9	reported	12.610765
620	10	he	4.612526
620	11	thought	9.358476
620	12	the	2.67407
620	13	police	5.629478
620	14	might	7.722648
620	15	interrogate	13.722072
620	16	the	3.257923
620	17	spy	9.804775
620	18	in	6.019924
620	19	the	1.958933
620	20	prison	7.530297
620	21	.	1.459293
620	22	<eos>	-0.0
621	1	You	0.0
621	2	know	6.225534
621	3	that	3.970907
621	4	will	12.239525
621	5	introduce	12.947605
621	6	her	7.969211
621	7	friend	12.911229
621	8	to	3.186589
621	9	her	3.802252
621	10	mother	4.93538
621	11	.	1.929656
621	12	<eos>	-0.0
622	1	You	0.0
622	2	know	6.225534
622	3	that	3.970907
622	4	the	2.063794
622	5	young	9.309608
622	6	woman	4.543005
622	7	will	5.393339
622	8	introduce	12.829197
622	9	her	3.290216
622	10	friend	13.279537
622	11	to	2.855924
622	12	her	2.795845
622	13	mother	4.391183
622	14	.	2.189728
622	15	<eos>	-0.0
623	1	You	0.0
623	2	know	6.225534
623	3	who	7.834128
623	4	will	5.979121
623	5	introduce	12.177049
623	6	her	7.019227
623	7	friend	14.224746
623	8	to	2.945362
623	9	her	3.747613
623	10	mother	5.163378
623	11	.	1.546244
623	12	<eos>	-0.0
624	1	You	0.0
624	2	know	6.225534
624	3	who	7.834128
624	4	the	4.899722
624	5	young	9.266635
624	6	woman	5.496605
624	7	will	5.208504
624	8	introduce	13.75878
624	9	her	6.812262
624	10	friend	11.323302
624	11	to	3.429845
624	12	her	3.721245
624	13	mother	5.00796
624	14	.	1.545119
624	15	<eos>	-0.0
625	1	You	0.0
625	2	know	6.225534
625	3	that	3.970907
625	4	we	6.976933
625	5	all	7.039507
625	6	believe	7.705782
625	7	will	11.065482
625	8	introduce	12.79931
625	9	her	9.646947
625	10	friend	13.139523
625	11	to	3.048956
625	12	her	4.172369
625	13	mother	5.596233
625	14	.	1.614228
625	15	<eos>	-0.0
626	1	You	0.0
626	2	know	6.225534
626	3	that	3.970907
626	4	we	6.976933
626	5	all	7.039507
626	6	believe	7.705782
626	7	the	3.423167
626	8	young	10.198137
626	9	woman	4.605494
626	10	will	4.216263
626	11	introduce	13.004828
626	12	her	3.409027
626	13	friend	13.843923
626	14	to	2.579773
626	15	her	2.70434
626	16	mother	5.07297
626	17	.	1.770997
626	18	<eos>	-0.0
627	1	You	0.0
627	2	know	6.225534
627	3	who	7.834128
627	4	we	7.422175
627	5	all	7.298488
627	6	believe	7.072744
627	7	will	5.042475
627	8	introduce	13.389573
627	9	her	8.915794
627	10	friend	13.609742
627	11	to	2.865114
627	12	her	4.204752
627	13	mother	5.967172
627	14	.	1.438273
627	15	<eos>	-0.0
628	1	You	0.0
628	2	know	6.225534
628	3	who	7.834128
628	4	we	7.422175
628	5	all	7.298488
628	6	believe	7.072744
628	7	the	7.332662
628	8	young	9.62687
628	9	woman	5.439695
628	10	will	4.421491
628	11	introduce	13.21471
628	12	her	3.279989
628	13	friend	13.409926
628	14	to	2.668295
628	15	her	2.994184
628	16	mother	5.04253
628	17	.	1.50486
628	18	<eos>	-0.0
629	1	You	0.0
629	2	know	6.225534
629	3	that	3.970907
629	4	we	6.976933
629	5	all	7.039507
629	6	believe	7.705782
629	7	she	9.15129
629	8	thought	10.945172
629	9	will	12.568258
629	10	introduce	13.662722
629	11	her	4.871718
629	12	friend	12.756303
629	13	to	3.086832
629	14	her	3.289714
629	15	mother	5.632897
629	16	.	1.471031
629	17	<eos>	-0.0
630	1	You	0.0
630	2	know	6.225534
630	3	that	3.970907
630	4	we	6.976933
630	5	all	7.039507
630	6	believe	7.705782
630	7	she	9.15129
630	8	thought	10.945172
630	9	the	3.118791
630	10	young	9.216683
630	11	woman	2.494995
630	12	will	6.011479
630	13	introduce	13.673435
630	14	her	3.01197
630	15	friend	14.031521
630	16	to	2.548598
630	17	her	2.536736
630	18	mother	5.147521
630	19	.	1.595685
630	20	<eos>	-0.0
631	1	You	0.0
631	2	know	6.225534
631	3	who	7.834128
631	4	we	7.422175
631	5	all	7.298488
631	6	believe	7.072744
631	7	she	11.845207
631	8	thought	10.908528
631	9	will	7.971807
631	10	introduce	13.976542
631	11	her	4.726907
631	12	friend	13.395761
631	13	to	3.009262
631	14	her	3.761838
631	15	mother	5.942024
631	16	.	1.361347
631	17	<eos>	-0.0
632	1	You	0.0
632	2	know	6.225534
632	3	who	7.834128
632	4	we	7.422175
632	5	all	7.298488
632	6	believe	7.072744
632	7	she	11.845207
632	8	thought	10.908528
632	9	the	4.498666
632	10	young	9.010237
632	11	woman	3.340351
632	12	will	5.298356
632	13	introduce	13.759148
632	14	her	3.072494
632	15	friend	13.582237
632	16	to	2.762684
632	17	her	2.937524
632	18	mother	5.20756
632	19	.	1.411149
632	20	<eos>	-0.0
633	1	You	0.0
633	2	know	6.225534
633	3	that	3.970907
633	4	we	6.976933
633	5	all	7.039507
633	6	believe	7.705782
633	7	she	9.15129
633	8	thought	10.945172
633	9	he	5.430739
633	10	said	10.212052
633	11	will	11.751313
633	12	introduce	13.241408
633	13	her	5.515992
633	14	friend	13.559551
633	15	to	3.168664
633	16	her	3.192321
633	17	mother	5.861074
633	18	.	1.379246
633	19	<eos>	-0.0
634	1	You	0.0
634	2	know	6.225534
634	3	that	3.970907
634	4	we	6.976933
634	5	all	7.039507
634	6	believe	7.705782
634	7	she	9.15129
634	8	thought	10.945172
634	9	he	5.430739
634	10	said	10.212052
634	11	the	3.911805
634	12	young	10.120242
634	13	woman	3.778814
634	14	will	6.496046
634	15	introduce	13.441249
634	16	her	2.781664
634	17	friend	13.694107
634	18	to	2.625381
634	19	her	2.530773
634	20	mother	5.024123
634	21	.	1.439602
634	22	<eos>	-0.0
635	1	You	0.0
635	2	know	6.225534
635	3	who	7.834128
635	4	we	7.422175
635	5	all	7.298488
635	6	believe	7.072744
635	7	she	11.845207
635	8	thought	10.908528
635	9	he	7.087846
635	10	said	9.303167
635	11	will	10.733817
635	12	introduce	13.709642
635	13	her	5.969286
635	14	friend	13.725972
635	15	to	3.255256
635	16	her	3.715295
635	17	mother	6.267819
635	18	.	1.345116
635	19	<eos>	-0.0
636	1	You	0.0
636	2	know	6.225534
636	3	who	7.834128
636	4	we	7.422175
636	5	all	7.298488
636	6	believe	7.072744
636	7	she	11.845207
636	8	thought	10.908528
636	9	he	7.087846
636	10	said	9.303167
636	11	the	4.624491
636	12	young	9.591347
636	13	woman	4.322566
636	14	will	5.615978
636	15	introduce	13.387457
636	16	her	2.854676
636	17	friend	13.326144
636	18	to	2.835563
636	19	her	2.812119
636	20	mother	5.111111
636	21	.	1.458402
636	22	<eos>	-0.0
637	1	You	0.0
637	2	know	6.225534
637	3	that	3.970907
637	4	we	6.976933
637	5	all	7.039507
637	6	believe	7.705782
637	7	she	9.15129
637	8	thought	10.945172
637	9	he	5.430739
637	10	said	10.212052
637	11	will	11.751313
637	12	introduce	13.241408
637	13	her	5.515992
637	14	friend	13.559551
637	15	to	3.168664
637	16	her	3.192321
637	17	mother	5.861074
637	18	.	1.379246
637	19	<eos>	-0.0
638	1	You	0.0
638	2	know	6.225534
638	3	that	3.970907
638	4	we	6.976933
638	5	all	7.039507
638	6	believe	7.705782
638	7	she	9.15129
638	8	thought	10.945172
638	9	he	5.430739
638	10	said	10.212052
638	11	the	3.911805
638	12	young	10.120242
638	13	woman	3.778814
638	14	will	6.496046
638	15	introduce	13.441249
638	16	her	2.781664
638	17	friend	13.694107
638	18	to	2.625381
638	19	her	2.530773
638	20	mother	5.024123
638	21	.	1.439602
638	22	<eos>	-0.0
639	1	You	0.0
639	2	know	6.225534
639	3	who	7.834128
639	4	we	7.422175
639	5	all	7.298488
639	6	believe	7.072744
639	7	she	11.845207
639	8	thought	10.908528
639	9	he	7.087846
639	10	said	9.303167
639	11	will	10.733817
639	12	introduce	13.709642
639	13	her	5.969286
639	14	friend	13.725972
639	15	to	3.255256
639	16	her	3.715295
639	17	mother	6.267819
639	18	.	1.345116
639	19	<eos>	-0.0
640	1	You	0.0
640	2	know	6.225534
640	3	who	7.834128
640	4	we	7.422175
640	5	all	7.298488
640	6	believe	7.072744
640	7	she	11.845207
640	8	thought	10.908528
640	9	he	7.087846
640	10	said	9.303167
640	11	the	4.624491
640	12	young	9.591347
640	13	woman	4.322566
640	14	will	5.615978
640	15	introduce	13.387457
640	16	her	2.854676
640	17	friend	13.326144
640	18	to	2.835563
640	19	her	2.812119
640	20	mother	5.111111
640	21	.	1.458402
640	22	<eos>	-0.0
641	1	I	0.0
641	2	know	6.278276
641	3	that	2.352433
641	4	should	12.472908
641	5	congratulate	17.339407
641	6	the	3.527839
641	7	couple	10.915104
641	8	after	9.577316
641	9	the	2.482763
641	10	service	10.468616
641	11	.	1.990166
641	12	<eos>	-0.0
642	1	I	0.0
642	2	know	6.278276
642	3	that	2.352433
642	4	the	2.35511
642	5	priest	13.087937
642	6	should	6.700845
642	7	congratulate	15.075006
642	8	the	3.257934
642	9	couple	11.327386
642	10	after	7.771101
642	11	the	2.009856
642	12	service	9.496403
642	13	.	1.795604
642	14	<eos>	-0.0
643	1	I	0.0
643	2	know	6.278276
643	3	who	6.580016
643	4	should	7.317849
643	5	congratulate	13.876171
643	6	the	3.077748
643	7	couple	9.926728
643	8	after	8.533195
643	9	the	2.19859
643	10	service	11.235171
643	11	.	1.41746
643	12	<eos>	-0.0
644	1	I	0.0
644	2	know	6.278276
644	3	who	6.580016
644	4	the	5.056487
644	5	priest	12.262259
644	6	should	6.459565
644	7	congratulate	15.338994
644	8	the	4.365149
644	9	couple	11.244807
644	10	after	7.735388
644	11	the	1.974496
644	12	service	10.571575
644	13	.	1.659382
644	14	<eos>	-0.0
645	1	I	0.0
645	2	know	6.278276
645	3	that	2.352433
645	4	the	2.35511
645	5	man	8.492576
645	6	thinks	9.886786
645	7	should	12.200623
645	8	congratulate	15.99881
645	9	the	4.258252
645	10	couple	9.584028
645	11	after	8.177175
645	12	the	2.374863
645	13	service	11.446462
645	14	.	1.643638
645	15	<eos>	-0.0
646	1	I	0.0
646	2	know	6.278276
646	3	that	2.352433
646	4	the	2.35511
646	5	man	8.492576
646	6	thinks	9.886786
646	7	the	3.783918
646	8	priest	11.750247
646	9	should	5.101192
646	10	congratulate	14.86214
646	11	the	4.207883
646	12	couple	10.273534
646	13	after	7.664876
646	14	the	2.204699
646	15	service	10.804749
646	16	.	1.65832
646	17	<eos>	-0.0
647	1	I	0.0
647	2	know	6.278276
647	3	who	6.580016
647	4	the	5.056487
647	5	man	7.492087
647	6	thinks	8.431314
647	7	should	7.957235
647	8	congratulate	17.110088
647	9	the	4.087406
647	10	couple	9.771802
647	11	after	8.635101
647	12	the	2.239445
647	13	service	11.714209
647	14	.	1.412264
647	15	<eos>	-0.0
648	1	I	0.0
648	2	know	6.278276
648	3	who	6.580016
648	4	the	5.056487
648	5	man	7.492087
648	6	thinks	8.431314
648	7	the	5.20266
648	8	priest	11.868578
648	9	should	6.037853
648	10	congratulate	15.524673
648	11	the	5.267475
648	12	couple	10.146716
648	13	after	8.025799
648	14	the	2.201515
648	15	service	11.53898
648	16	.	1.586496
648	17	<eos>	-0.0
649	1	I	0.0
649	2	know	6.278276
649	3	that	2.352433
649	4	the	2.35511
649	5	man	8.492576
649	6	thinks	9.886786
649	7	the	3.783918
649	8	woman	8.084802
649	9	said	10.907943
649	10	should	10.80184
649	11	congratulate	15.715634
649	12	the	4.725924
649	13	couple	8.563198
649	14	after	8.418136
649	15	the	2.557009
649	16	service	12.226954
649	17	.	1.532591
649	18	<eos>	-0.0
650	1	I	0.0
650	2	know	6.278276
650	3	that	2.352433
650	4	the	2.35511
650	5	man	8.492576
650	6	thinks	9.886786
650	7	the	3.783918
650	8	woman	8.084802
650	9	said	10.907943
650	10	the	4.66707
650	11	priest	11.50771
650	12	should	6.018453
650	13	congratulate	15.30074
650	14	the	4.492519
650	15	couple	9.335605
650	16	after	7.974109
650	17	the	2.337479
650	18	service	11.911229
650	19	.	1.48568
650	20	<eos>	-0.0
651	1	I	0.0
651	2	know	6.278276
651	3	who	6.580016
651	4	the	5.056487
651	5	man	7.492087
651	6	thinks	8.431314
651	7	the	5.20266
651	8	woman	7.758025
651	9	said	8.990764
651	10	should	8.994376
651	11	congratulate	17.34709
651	12	the	4.140752
651	13	couple	8.116508
651	14	after	8.681583
651	15	the	2.293414
651	16	service	12.518895
651	17	.	1.414988
651	18	<eos>	-0.0
652	1	I	0.0
652	2	know	6.278276
652	3	who	6.580016
652	4	the	5.056487
652	5	man	7.492087
652	6	thinks	8.431314
652	7	the	5.20266
652	8	woman	7.758025
652	9	said	8.990764
652	10	the	6.019263
652	11	priest	11.829043
652	12	should	7.401658
652	13	congratulate	15.331464
652	14	the	5.195431
652	15	couple	9.426934
652	16	after	8.431958
652	17	the	2.241523
652	18	service	12.116159
652	19	.	1.552487
652	20	<eos>	-0.0
653	1	I	0.0
653	2	know	6.278276
653	3	that	2.352433
653	4	the	2.35511
653	5	man	8.492576
653	6	thinks	9.886786
653	7	the	3.783918
653	8	woman	8.084802
653	9	said	10.907943
653	10	she	3.032726
653	11	believed	10.1113
653	12	should	13.457898
653	13	congratulate	16.28071
653	14	the	4.288145
653	15	couple	8.771068
653	16	after	7.967469
653	17	the	2.639407
653	18	service	12.802699
653	19	.	1.593213
653	20	<eos>	-0.0
654	1	I	0.0
654	2	know	6.278276
654	3	that	2.352433
654	4	the	2.35511
654	5	man	8.492576
654	6	thinks	9.886786
654	7	the	3.783918
654	8	woman	8.084802
654	9	said	10.907943
654	10	she	3.032726
654	11	believed	10.1113
654	12	the	3.094792
654	13	priest	12.098188
654	14	should	5.849709
654	15	congratulate	15.52405
654	16	the	4.494606
654	17	couple	9.742275
654	18	after	8.027388
654	19	the	2.412032
654	20	service	12.146914
654	21	.	1.489357
654	22	<eos>	-0.0
655	1	I	0.0
655	2	know	6.278276
655	3	who	6.580016
655	4	the	5.056487
655	5	man	7.492087
655	6	thinks	8.431314
655	7	the	5.20266
655	8	woman	7.758025
655	9	said	8.990764
655	10	she	5.271996
655	11	believed	9.77658
655	12	should	8.858059
655	13	congratulate	17.752878
655	14	the	4.116767
655	15	couple	8.70118
655	16	after	8.586603
655	17	the	2.479057
655	18	service	12.734446
655	19	.	1.382796
655	20	<eos>	-0.0
656	1	I	0.0
656	2	know	6.278276
656	3	who	6.580016
656	4	the	5.056487
656	5	man	7.492087
656	6	thinks	8.431314
656	7	the	5.20266
656	8	woman	7.758025
656	9	said	8.990764
656	10	she	5.271996
656	11	believed	9.77658
656	12	the	5.661843
656	13	priest	12.052711
656	14	should	6.24584
656	15	congratulate	15.569187
656	16	the	5.699783
656	17	couple	9.428571
656	18	after	8.199687
656	19	the	2.446886
656	20	service	12.415422
656	21	.	1.573668
656	22	<eos>	-0.0
657	1	I	0.0
657	2	know	6.278276
657	3	that	2.352433
657	4	the	2.35511
657	5	man	8.492576
657	6	thinks	9.886786
657	7	the	3.783918
657	8	woman	8.084802
657	9	said	10.907943
657	10	she	3.032726
657	11	believed	10.1113
657	12	should	13.457898
657	13	congratulate	16.28071
657	14	the	4.288145
657	15	couple	8.771068
657	16	after	7.967469
657	17	the	2.639407
657	18	service	12.802699
657	19	.	1.593213
657	20	<eos>	-0.0
658	1	I	0.0
658	2	know	6.278276
658	3	that	2.352433
658	4	the	2.35511
658	5	man	8.492576
658	6	thinks	9.886786
658	7	the	3.783918
658	8	woman	8.084802
658	9	said	10.907943
658	10	she	3.032726
658	11	believed	10.1113
658	12	the	3.094792
658	13	priest	12.098188
658	14	should	5.849709
658	15	congratulate	15.52405
658	16	the	4.494606
658	17	couple	9.742275
658	18	after	8.027388
658	19	the	2.412032
658	20	service	12.146914
658	21	.	1.489357
658	22	<eos>	-0.0
659	1	I	0.0
659	2	know	6.278276
659	3	who	6.580016
659	4	the	5.056487
659	5	man	7.492087
659	6	thinks	8.431314
659	7	the	5.20266
659	8	woman	7.758025
659	9	said	8.990764
659	10	she	5.271996
659	11	believed	9.77658
659	12	should	8.858059
659	13	congratulate	17.752878
659	14	the	4.116767
659	15	couple	8.70118
659	16	after	8.586603
659	17	the	2.479057
659	18	service	12.734446
659	19	.	1.382796
659	20	<eos>	-0.0
660	1	I	0.0
660	2	know	6.278276
660	3	who	6.580016
660	4	the	5.056487
660	5	man	7.492087
660	6	thinks	8.431314
660	7	the	5.20266
660	8	woman	7.758025
660	9	said	8.990764
660	10	she	5.271996
660	11	believed	9.77658
660	12	the	5.661843
660	13	priest	12.052711
660	14	should	6.24584
660	15	congratulate	15.569187
660	16	the	5.699783
660	17	couple	9.428571
660	18	after	8.199687
660	19	the	2.446886
660	20	service	12.415422
660	21	.	1.573668
660	22	<eos>	-0.0
661	1	We	0.0
661	2	all	8.258053
661	3	know	3.618088
661	4	that	2.504345
661	5	will	11.947844
661	6	give	7.090702
661	7	a	3.978151
661	8	test	11.190132
661	9	to	3.692662
661	10	her	8.984357
661	11	students	9.941978
661	12	.	1.819329
661	13	<eos>	-0.0
662	1	We	0.0
662	2	all	8.258053
662	3	know	3.618088
662	4	that	2.504345
662	5	the	2.179744
662	6	teacher	13.426426
662	7	will	4.318548
662	8	give	6.782887
662	9	a	3.385286
662	10	test	8.755768
662	11	to	2.943141
662	12	her	7.335854
662	13	students	6.852277
662	14	.	2.197863
662	15	<eos>	-0.0
663	1	We	0.0
663	2	all	8.258053
663	3	know	3.618088
663	4	who	5.47427
663	5	will	5.688974
663	6	give	7.032431
663	7	a	4.791365
663	8	test	10.64207
663	9	to	3.089158
663	10	her	7.783219
663	11	students	10.268347
663	12	.	1.204737
663	13	<eos>	-0.0
664	1	We	0.0
664	2	all	8.258053
664	3	know	3.618088
664	4	who	5.47427
664	5	the	4.627324
664	6	teacher	12.07805
664	7	will	4.602183
664	8	give	7.337159
664	9	a	5.396217
664	10	test	8.22933
664	11	to	3.760837
664	12	her	8.649863
664	13	students	7.5661
664	14	.	1.065318
664	15	<eos>	-0.0
665	1	We	0.0
665	2	all	8.258053
665	3	know	3.618088
665	4	that	2.504345
665	5	the	2.179744
665	6	old	8.606231
665	7	man	4.106316
665	8	thinks	9.696856
665	9	will	10.972724
665	10	give	7.693155
665	11	a	4.014462
665	12	test	11.414565
665	13	to	3.041161
665	14	her	6.136215
665	15	students	10.827372
665	16	.	1.52729
665	17	<eos>	-0.0
666	1	We	0.0
666	2	all	8.258053
666	3	know	3.618088
666	4	that	2.504345
666	5	the	2.179744
666	6	old	8.606231
666	7	man	4.106316
666	8	thinks	9.696856
666	9	the	3.532964
666	10	teacher	11.887111
666	11	will	3.328023
666	12	give	6.705541
666	13	a	3.869057
666	14	test	9.286395
666	15	to	2.743284
666	16	her	5.943676
666	17	students	7.761049
666	18	.	1.576088
666	19	<eos>	-0.0
667	1	We	0.0
667	2	all	8.258053
667	3	know	3.618088
667	4	who	5.47427
667	5	the	4.627324
667	6	old	8.183127
667	7	man	2.841977
667	8	thinks	8.883002
667	9	will	5.682995
667	10	give	8.757799
667	11	a	4.699438
667	12	test	11.251345
667	13	to	3.374167
667	14	her	6.401735
667	15	students	11.206756
667	16	.	1.014863
667	17	<eos>	-0.0
668	1	We	0.0
668	2	all	8.258053
668	3	know	3.618088
668	4	who	5.47427
668	5	the	4.627324
668	6	old	8.183127
668	7	man	2.841977
668	8	thinks	8.883002
668	9	the	5.309806
668	10	teacher	11.622729
668	11	will	3.936214
668	12	give	7.130857
668	13	a	6.149951
668	14	test	8.685554
668	15	to	3.616174
668	16	her	7.30956
668	17	students	7.902547
668	18	.	0.935036
668	19	<eos>	-0.0
669	1	We	0.0
669	2	all	8.258053
669	3	know	3.618088
669	4	that	2.504345
669	5	the	2.179744
669	6	old	8.606231
669	7	man	4.106316
669	8	thinks	9.696856
669	9	the	3.532964
669	10	woman	8.46324
669	11	knows	7.557247
669	12	will	12.285488
669	13	give	7.931578
669	14	a	4.126058
669	15	test	11.410273
669	16	to	2.878247
669	17	her	2.574385
669	18	students	11.508385
669	19	.	1.254206
669	20	<eos>	-0.0
670	1	We	0.0
670	2	all	8.258053
670	3	know	3.618088
670	4	that	2.504345
670	5	the	2.179744
670	6	old	8.606231
670	7	man	4.106316
670	8	thinks	9.696856
670	9	the	3.532964
670	10	woman	8.46324
670	11	knows	7.557247
670	12	the	3.536188
670	13	teacher	14.240193
670	14	will	4.523302
670	15	give	6.155346
670	16	a	4.551386
670	17	test	9.62891
670	18	to	2.624097
670	19	her	2.427005
670	20	students	8.866634
670	21	.	1.222487
670	22	<eos>	-0.0
671	1	We	0.0
671	2	all	8.258053
671	3	know	3.618088
671	4	who	5.47427
671	5	the	4.627324
671	6	old	8.183127
671	7	man	2.841977
671	8	thinks	8.883002
671	9	the	5.309806
671	10	woman	8.13296
671	11	knows	7.584908
671	12	will	8.358119
671	13	give	8.389213
671	14	a	4.645875
671	15	test	11.529818
671	16	to	3.315052
671	17	her	2.9052
671	18	students	11.409522
671	19	.	0.920382
671	20	<eos>	-0.0
672	1	We	0.0
672	2	all	8.258053
672	3	know	3.618088
672	4	who	5.47427
672	5	the	4.627324
672	6	old	8.183127
672	7	man	2.841977
672	8	thinks	8.883002
672	9	the	5.309806
672	10	woman	8.13296
672	11	knows	7.584908
672	12	the	6.287809
672	13	teacher	13.309836
672	14	will	4.536989
672	15	give	6.781416
672	16	a	6.376273
672	17	test	9.387094
672	18	to	3.421578
672	19	her	3.904001
672	20	students	8.584871
672	21	.	0.8733
672	22	<eos>	-0.0
673	1	We	0.0
673	2	all	8.258053
673	3	know	3.618088
673	4	that	2.504345
673	5	the	2.179744
673	6	old	8.606231
673	7	man	4.106316
673	8	thinks	9.696856
673	9	the	3.532964
673	10	woman	8.46324
673	11	knows	7.557247
673	12	the	3.536188
673	13	young	11.603884
673	14	boy	5.679035
673	15	said	13.245052
673	16	will	12.328353
673	17	give	7.031651
673	18	a	4.502166
673	19	test	11.407681
673	20	to	2.876449
673	21	her	2.902253
673	22	students	10.914014
673	23	.	1.021876
673	24	<eos>	-0.0
674	1	We	0.0
674	2	all	8.258053
674	3	know	3.618088
674	4	that	2.504345
674	5	the	2.179744
674	6	old	8.606231
674	7	man	4.106316
674	8	thinks	9.696856
674	9	the	3.532964
674	10	woman	8.46324
674	11	knows	7.557247
674	12	the	3.536188
674	13	young	11.603884
674	14	boy	5.679035
674	15	said	13.245052
674	16	the	4.56728
674	17	teacher	11.286334
674	18	will	3.78337
674	19	give	6.513393
674	20	a	4.466264
674	21	test	9.59176
674	22	to	2.609262
674	23	her	3.318797
674	24	students	8.678593
674	25	.	1.132501
674	26	<eos>	-0.0
675	1	We	0.0
675	2	all	8.258053
675	3	know	3.618088
675	4	who	5.47427
675	5	the	4.627324
675	6	old	8.183127
675	7	man	2.841977
675	8	thinks	8.883002
675	9	the	5.309806
675	10	woman	8.13296
675	11	knows	7.584908
675	12	the	6.287809
675	13	young	11.250299
675	14	boy	5.247532
675	15	said	12.01061
675	16	will	7.938908
675	17	give	7.498994
675	18	a	4.415467
675	19	test	11.558676
675	20	to	3.269575
675	21	her	3.412232
675	22	students	10.571402
675	23	.	0.826801
675	24	<eos>	-0.0
676	1	We	0.0
676	2	all	8.258053
676	3	know	3.618088
676	4	who	5.47427
676	5	the	4.627324
676	6	old	8.183127
676	7	man	2.841977
676	8	thinks	8.883002
676	9	the	5.309806
676	10	woman	8.13296
676	11	knows	7.584908
676	12	the	6.287809
676	13	young	11.250299
676	14	boy	5.247532
676	15	said	12.01061
676	16	the	6.188594
676	17	teacher	10.75782
676	18	will	5.26679
676	19	give	7.158463
676	20	a	6.128034
676	21	test	9.677697
676	22	to	3.329071
676	23	her	4.602551
676	24	students	8.375032
676	25	.	0.797146
676	26	<eos>	-0.0
677	1	We	0.0
677	2	all	8.258053
677	3	know	3.618088
677	4	that	2.504345
677	5	the	2.179744
677	6	old	8.606231
677	7	man	4.106316
677	8	thinks	9.696856
677	9	the	3.532964
677	10	woman	8.46324
677	11	knows	7.557247
677	12	the	3.536188
677	13	young	11.603884
677	14	boy	5.679035
677	15	said	13.245052
677	16	will	12.328353
677	17	give	7.031651
677	18	a	4.502166
677	19	test	11.407681
677	20	to	2.876449
677	21	her	2.902253
677	22	students	10.914014
677	23	.	1.021876
677	24	<eos>	-0.0
678	1	We	0.0
678	2	all	8.258053
678	3	know	3.618088
678	4	that	2.504345
678	5	the	2.179744
678	6	old	8.606231
678	7	man	4.106316
678	8	thinks	9.696856
678	9	the	3.532964
678	10	woman	8.46324
678	11	knows	7.557247
678	12	the	3.536188
678	13	young	11.603884
678	14	boy	5.679035
678	15	said	13.245052
678	16	the	4.56728
678	17	teacher	11.286334
678	18	will	3.78337
678	19	give	6.513393
678	20	a	4.466264
678	21	test	9.59176
678	22	to	2.609262
678	23	her	3.318797
678	24	students	8.678593
678	25	.	1.132501
678	26	<eos>	-0.0
679	1	We	0.0
679	2	all	8.258053
679	3	know	3.618088
679	4	who	5.47427
679	5	the	4.627324
679	6	old	8.183127
679	7	man	2.841977
679	8	thinks	8.883002
679	9	the	5.309806
679	10	woman	8.13296
679	11	knows	7.584908
679	12	the	6.287809
679	13	young	11.250299
679	14	boy	5.247532
679	15	said	12.01061
679	16	will	7.938908
679	17	give	7.498994
679	18	a	4.415467
679	19	test	11.558676
679	20	to	3.269575
679	21	her	3.412232
679	22	students	10.571402
679	23	.	0.826801
679	24	<eos>	-0.0
680	1	We	0.0
680	2	all	8.258053
680	3	know	3.618088
680	4	who	5.47427
680	5	the	4.627324
680	6	old	8.183127
680	7	man	2.841977
680	8	thinks	8.883002
680	9	the	5.309806
680	10	woman	8.13296
680	11	knows	7.584908
680	12	the	6.287809
680	13	young	11.250299
680	14	boy	5.247532
680	15	said	12.01061
680	16	the	6.188594
680	17	teacher	10.75782
680	18	will	5.26679
680	19	give	7.158463
680	20	a	6.128034
680	21	test	9.677697
680	22	to	3.329071
680	23	her	4.602551
680	24	students	8.375032
680	25	.	0.797146
680	26	<eos>	-0.0
681	1	She	0.0
681	2	said	7.24009
681	3	that	2.639638
681	4	might	15.318945
681	5	put	9.880743
681	6	the	2.579567
681	7	microphone	14.52224
681	8	on	2.586589
681	9	the	1.739572
681	10	table	4.665576
681	11	.	3.008817
681	12	<eos>	-0.0
682	1	She	0.0
682	2	said	7.24009
682	3	that	2.639638
682	4	the	2.622591
682	5	reporter	13.445951
682	6	might	7.591855
682	7	put	9.498383
682	8	the	2.766029
682	9	microphone	12.121032
682	10	on	2.08467
682	11	the	1.636254
682	12	table	4.468566
682	13	.	2.837612
682	14	<eos>	-0.0
683	1	She	0.0
683	2	said	7.24009
683	3	who	10.871274
683	4	might	9.005124
683	5	put	10.082125
683	6	the	2.678495
683	7	microphone	12.830098
683	8	on	2.126024
683	9	the	1.779974
683	10	table	4.466849
683	11	.	2.263123
683	12	<eos>	-0.0
684	1	She	0.0
684	2	said	7.24009
684	3	who	10.871274
684	4	the	7.532369
684	5	reporter	11.03552
684	6	might	7.86941
684	7	put	9.610888
684	8	the	4.67448
684	9	microphone	11.814296
684	10	on	2.036811
684	11	the	2.181634
684	12	table	5.591659
684	13	.	1.770119
684	14	<eos>	-0.0
685	1	She	0.0
685	2	said	7.24009
685	3	that	2.639638
685	4	the	2.622591
685	5	politician	15.742455
685	6	stated	11.159541
685	7	might	14.029076
685	8	put	10.744718
685	9	the	2.652096
685	10	microphone	14.492926
685	11	on	2.222344
685	12	the	1.725214
685	13	table	4.592982
685	14	.	2.648386
685	15	<eos>	-0.0
686	1	She	0.0
686	2	said	7.24009
686	3	that	2.639638
686	4	the	2.622591
686	5	politician	15.742455
686	6	stated	11.159541
686	7	the	5.559699
686	8	reporter	14.155153
686	9	might	8.036055
686	10	put	9.934535
686	11	the	2.660874
686	12	microphone	13.120813
686	13	on	2.116906
686	14	the	1.649339
686	15	table	4.262858
686	16	.	2.531515
686	17	<eos>	-0.0
687	1	She	0.0
687	2	said	7.24009
687	3	who	10.871274
687	4	the	7.532369
687	5	politician	13.438545
687	6	stated	11.443702
687	7	might	9.682578
687	8	put	12.183155
687	9	the	3.092149
687	10	microphone	14.96743
687	11	on	2.366668
687	12	the	1.830185
687	13	table	4.568105
687	14	.	1.741266
687	15	<eos>	-0.0
688	1	She	0.0
688	2	said	7.24009
688	3	who	10.871274
688	4	the	7.532369
688	5	politician	13.438545
688	6	stated	11.443702
688	7	the	6.614995
688	8	reporter	12.293502
688	9	might	8.454682
688	10	put	9.987263
688	11	the	5.063652
688	12	microphone	12.694558
688	13	on	2.084857
688	14	the	2.111342
688	15	table	5.724238
688	16	.	1.507995
688	17	<eos>	-0.0
689	1	She	0.0
689	2	said	7.24009
689	3	that	2.639638
689	4	the	2.622591
689	5	politician	15.742455
689	6	stated	11.159541
689	7	his	8.315928
689	8	press	14.405341
689	9	secretary	4.585692
689	10	said	5.262143
689	11	might	18.795654
689	12	put	9.861513
689	13	the	2.495868
689	14	microphone	13.655757
689	15	on	2.327717
689	16	the	1.650551
689	17	table	4.425094
689	18	.	2.035018
689	19	<eos>	-0.0
690	1	She	0.0
690	2	said	7.24009
690	3	that	2.639638
690	4	the	2.622591
690	5	politician	15.742455
690	6	stated	11.159541
690	7	his	8.315928
690	8	press	14.405341
690	9	secretary	4.585692
690	10	said	5.262143
690	11	the	4.07716
690	12	reporter	10.651217
690	13	might	8.365949
690	14	put	9.734588
690	15	the	2.663656
690	16	microphone	11.722291
690	17	on	2.10912
690	18	the	1.617045
690	19	table	4.302399
690	20	.	2.34105
690	21	<eos>	-0.0
691	1	She	0.0
691	2	said	7.24009
691	3	who	10.871274
691	4	the	7.532369
691	5	politician	13.438545
691	6	stated	11.443702
691	7	his	10.000983
691	8	press	13.296581
691	9	secretary	3.742245
691	10	said	5.067473
691	11	might	12.002416
691	12	put	11.069408
691	13	the	2.622343
691	14	microphone	14.650669
691	15	on	2.321393
691	16	the	1.629492
691	17	table	4.459671
691	18	.	1.391227
691	19	<eos>	-0.0
692	1	She	0.0
692	2	said	7.24009
692	3	who	10.871274
692	4	the	7.532369
692	5	politician	13.438545
692	6	stated	11.443702
692	7	his	10.000983
692	8	press	13.296581
692	9	secretary	3.742245
692	10	said	5.067473
692	11	the	5.290499
692	12	reporter	10.136024
692	13	might	8.855559
692	14	put	9.802576
692	15	the	3.298989
692	16	microphone	12.32563
692	17	on	2.018835
692	18	the	1.688781
692	19	table	4.656034
692	20	.	1.40966
692	21	<eos>	-0.0
693	1	She	0.0
693	2	said	7.24009
693	3	that	2.639638
693	4	the	2.622591
693	5	politician	15.742455
693	6	stated	11.159541
693	7	his	8.315928
693	8	press	14.405341
693	9	secretary	4.585692
693	10	said	5.262143
693	11	the	4.07716
693	12	chief	10.341907
693	13	of	3.145523
693	14	staff	1.508919
693	15	thought	9.935534
693	16	might	12.037683
693	17	put	11.29775
693	18	the	2.629894
693	19	microphone	12.018929
693	20	on	2.702652
693	21	the	1.795909
693	22	table	4.420464
693	23	.	2.128839
693	24	<eos>	-0.0
694	1	She	0.0
694	2	said	7.24009
694	3	that	2.639638
694	4	the	2.622591
694	5	politician	15.742455
694	6	stated	11.159541
694	7	his	8.315928
694	8	press	14.405341
694	9	secretary	4.585692
694	10	said	5.262143
694	11	the	4.07716
694	12	chief	10.341907
694	13	of	3.145523
694	14	staff	1.508919
694	15	thought	9.935534
694	16	the	3.246111
694	17	reporter	10.832326
694	18	might	6.460512
694	19	put	10.463547
694	20	the	2.553946
694	21	microphone	11.337583
694	22	on	2.406636
694	23	the	1.661812
694	24	table	4.664818
694	25	.	2.174496
694	26	<eos>	-0.0
695	1	She	0.0
695	2	said	7.24009
695	3	who	10.871274
695	4	the	7.532369
695	5	politician	13.438545
695	6	stated	11.443702
695	7	his	10.000983
695	8	press	13.296581
695	9	secretary	3.742245
695	10	said	5.067473
695	11	the	5.290499
695	12	chief	10.057038
695	13	of	2.949461
695	14	staff	1.269796
695	15	thought	9.938165
695	16	might	12.081275
695	17	put	11.367569
695	18	the	2.69652
695	19	microphone	12.624068
695	20	on	2.653347
695	21	the	1.74025
695	22	table	4.599807
695	23	.	1.540532
695	24	<eos>	-0.0
696	1	She	0.0
696	2	said	7.24009
696	3	who	10.871274
696	4	the	7.532369
696	5	politician	13.438545
696	6	stated	11.443702
696	7	his	10.000983
696	8	press	13.296581
696	9	secretary	3.742245
696	10	said	5.067473
696	11	the	5.290499
696	12	chief	10.057038
696	13	of	2.949461
696	14	staff	1.269796
696	15	thought	9.938165
696	16	the	3.088215
696	17	reporter	10.796119
696	18	might	6.572856
696	19	put	10.489257
696	20	the	2.624312
696	21	microphone	11.534495
696	22	on	2.343613
696	23	the	1.650249
696	24	table	4.773094
696	25	.	1.631301
696	26	<eos>	-0.0
697	1	She	0.0
697	2	said	7.24009
697	3	that	2.639638
697	4	the	2.622591
697	5	politician	15.742455
697	6	stated	11.159541
697	7	his	8.315928
697	8	press	14.405341
697	9	secretary	4.585692
697	10	said	5.262143
697	11	the	4.07716
697	12	chief	10.341907
697	13	of	3.145523
697	14	staff	1.508919
697	15	thought	9.935534
697	16	might	12.037683
697	17	put	11.29775
697	18	the	2.629894
697	19	microphone	12.018929
697	20	on	2.702652
697	21	the	1.795909
697	22	table	4.420464
697	23	.	2.128839
697	24	<eos>	-0.0
698	1	She	0.0
698	2	said	7.24009
698	3	that	2.639638
698	4	the	2.622591
698	5	politician	15.742455
698	6	stated	11.159541
698	7	his	8.315928
698	8	press	14.405341
698	9	secretary	4.585692
698	10	said	5.262143
698	11	the	4.07716
698	12	chief	10.341907
698	13	of	3.145523
698	14	staff	1.508919
698	15	thought	9.935534
698	16	the	3.246111
698	17	reporter	10.832326
698	18	might	6.460512
698	19	put	10.463547
698	20	the	2.553946
698	21	microphone	11.337583
698	22	on	2.406636
698	23	the	1.661812
698	24	table	4.664818
698	25	.	2.174496
698	26	<eos>	-0.0
699	1	She	0.0
699	2	said	7.24009
699	3	who	10.871274
699	4	the	7.532369
699	5	politician	13.438545
699	6	stated	11.443702
699	7	his	10.000983
699	8	press	13.296581
699	9	secretary	3.742245
699	10	said	5.067473
699	11	the	5.290499
699	12	chief	10.057038
699	13	of	2.949461
699	14	staff	1.269796
699	15	thought	9.938165
699	16	might	12.081275
699	17	put	11.367569
699	18	the	2.69652
699	19	microphone	12.624068
699	20	on	2.653347
699	21	the	1.74025
699	22	table	4.599807
699	23	.	1.540532
699	24	<eos>	-0.0
700	1	She	0.0
700	2	said	7.24009
700	3	who	10.871274
700	4	the	7.532369
700	5	politician	13.438545
700	6	stated	11.443702
700	7	his	10.000983
700	8	press	13.296581
700	9	secretary	3.742245
700	10	said	5.067473
700	11	the	5.290499
700	12	chief	10.057038
700	13	of	2.949461
700	14	staff	1.269796
700	15	thought	9.938165
700	16	the	3.088215
700	17	reporter	10.796119
700	18	might	6.572856
700	19	put	10.489257
700	20	the	2.624312
700	21	microphone	11.534495
700	22	on	2.343613
700	23	the	1.650249
700	24	table	4.773094
700	25	.	1.631301
700	26	<eos>	-0.0
701	1	The	0.0
701	2	colleagues	19.203871
701	3	realized	12.344898
701	4	that	0.635146
701	5	might	14.873258
701	6	have	2.258636
701	7	discovered	11.335436
701	8	the	1.458826
701	9	bribery	19.396772
701	10	two	16.315985
701	11	weeks	5.034439
701	12	ago	6.095008
701	13	.	1.142606
701	14	<eos>	-0.0
702	1	The	0.0
702	2	colleagues	19.203871
702	3	realized	12.344898
702	4	that	0.635146
702	5	the	1.616574
702	6	journalist	16.641438
702	7	might	5.384035
702	8	have	1.498142
702	9	discovered	8.647305
702	10	the	1.971031
702	11	bribery	17.930168
702	12	two	16.345661
702	13	weeks	5.002738
702	14	ago	5.997018
702	15	.	1.219335
702	16	<eos>	-0.0
703	1	The	0.0
703	2	colleagues	19.203871
703	3	realized	12.344898
703	4	who	10.917934
703	5	might	7.408297
703	6	have	1.672604
703	7	discovered	8.523601
703	8	the	1.558456
703	9	bribery	19.132986
703	10	two	16.569826
703	11	weeks	5.363431
703	12	ago	6.047445
703	13	.	1.200383
703	14	<eos>	-0.0
704	1	The	0.0
704	2	colleagues	19.203871
704	3	realized	12.344898
704	4	who	10.917934
704	5	the	6.301322
704	6	journalist	15.22615
704	7	might	5.461026
704	8	have	1.298835
704	9	discovered	8.782081
704	10	the	5.345289
704	11	bribery	17.876875
704	12	two	17.522638
704	13	weeks	6.102305
704	14	ago	5.090118
704	15	.	1.597134
704	16	<eos>	-0.0
705	1	The	0.0
705	2	colleagues	19.203871
705	3	realized	12.344898
705	4	that	0.635146
705	5	her	9.413181
705	6	mother	5.478821
705	7	stated	14.50899
705	8	might	15.683197
705	9	have	1.498572
705	10	discovered	9.71586
705	11	the	2.562306
705	12	bribery	19.270433
705	13	two	15.735667
705	14	weeks	4.862573
705	15	ago	5.732878
705	16	.	1.058965
705	17	<eos>	-0.0
706	1	The	0.0
706	2	colleagues	19.203871
706	3	realized	12.344898
706	4	that	0.635146
706	5	her	9.413181
706	6	mother	5.478821
706	7	stated	14.50899
706	8	the	4.67107
706	9	journalist	16.26989
706	10	might	7.200897
706	11	have	1.165091
706	12	discovered	7.956302
706	13	the	2.545257
706	14	bribery	18.709963
706	15	two	16.021273
706	16	weeks	4.718644
706	17	ago	5.731722
706	18	.	1.040984
706	19	<eos>	-0.0
707	1	The	0.0
707	2	colleagues	19.203871
707	3	realized	12.344898
707	4	who	10.917934
707	5	her	13.624317
707	6	mother	4.05682
707	7	stated	14.021604
707	8	might	8.892242
707	9	have	1.630243
707	10	discovered	10.210508
707	11	the	2.656304
707	12	bribery	19.592524
707	13	two	16.303518
707	14	weeks	5.098536
707	15	ago	5.592535
707	16	.	0.85741
707	17	<eos>	-0.0
708	1	The	0.0
708	2	colleagues	19.203871
708	3	realized	12.344898
708	4	who	10.917934
708	5	her	13.624317
708	6	mother	4.05682
708	7	stated	14.021604
708	8	the	6.091568
708	9	journalist	16.035366
708	10	might	6.613945
708	11	have	1.091561
708	12	discovered	8.157958
708	13	the	4.394024
708	14	bribery	18.419689
708	15	two	16.939392
708	16	weeks	5.261918
708	17	ago	5.353134
708	18	.	0.952246
708	19	<eos>	-0.0
709	1	The	0.0
709	2	colleagues	19.203871
709	3	realized	12.344898
709	4	that	0.635146
709	5	her	9.413181
709	6	mother	5.478821
709	7	stated	14.50899
709	8	a	7.189502
709	9	friend	10.590221
709	10	said	9.66644
709	11	might	15.930205
709	12	have	1.792445
709	13	discovered	9.581683
709	14	the	2.750792
709	15	bribery	19.265125
709	16	two	15.611597
709	17	weeks	4.695527
709	18	ago	5.919088
709	19	.	0.958074
709	20	<eos>	-0.0
710	1	The	0.0
710	2	colleagues	19.203871
710	3	realized	12.344898
710	4	that	0.635146
710	5	her	9.413181
710	6	mother	5.478821
710	7	stated	14.50899
710	8	a	7.189502
710	9	friend	10.590221
710	10	said	9.66644
710	11	the	4.934358
710	12	journalist	12.40078
710	13	might	7.335025
710	14	have	1.450082
710	15	discovered	7.852664
710	16	the	2.542363
710	17	bribery	18.168795
710	18	two	16.169495
710	19	weeks	4.82563
710	20	ago	5.603094
710	21	.	0.986152
710	22	<eos>	-0.0
711	1	The	0.0
711	2	colleagues	19.203871
711	3	realized	12.344898
711	4	who	10.917934
711	5	her	13.624317
711	6	mother	4.05682
711	7	stated	14.021604
711	8	a	7.986989
711	9	friend	9.797622
711	10	said	9.696332
711	11	might	9.933291
711	12	have	1.829233
711	13	discovered	10.215476
711	14	the	3.304679
711	15	bribery	19.134947
711	16	two	16.406755
711	17	weeks	5.037801
711	18	ago	5.616161
711	19	.	0.770815
711	20	<eos>	-0.0
712	1	The	0.0
712	2	colleagues	19.203871
712	3	realized	12.344898
712	4	who	10.917934
712	5	her	13.624317
712	6	mother	4.05682
712	7	stated	14.021604
712	8	a	7.986989
712	9	friend	9.797622
712	10	said	9.696332
712	11	the	6.018507
712	12	journalist	11.876442
712	13	might	7.506365
712	14	have	1.45584
712	15	discovered	7.784945
712	16	the	2.512772
712	17	bribery	17.926838
712	18	two	16.80431
712	19	weeks	4.912527
712	20	ago	5.60907
712	21	.	0.788
712	22	<eos>	-0.0
713	1	The	0.0
713	2	colleagues	19.203871
713	3	realized	12.344898
713	4	that	0.635146
713	5	her	9.413181
713	6	mother	5.478821
713	7	stated	14.50899
713	8	a	7.189502
713	9	friend	10.590221
713	10	said	9.66644
713	11	her	5.272661
713	12	husband	3.526726
713	13	knew	6.90991
713	14	might	16.455933
713	15	have	1.490611
713	16	discovered	9.98941
713	17	the	2.610951
713	18	bribery	19.073549
713	19	two	15.505854
713	20	weeks	4.820222
713	21	ago	6.104993
713	22	.	0.828132
713	23	<eos>	-0.0
714	1	The	0.0
714	2	colleagues	19.203871
714	3	realized	12.344898
714	4	that	0.635146
714	5	her	9.413181
714	6	mother	5.478821
714	7	stated	14.50899
714	8	a	7.189502
714	9	friend	10.590221
714	10	said	9.66644
714	11	her	5.272661
714	12	husband	3.526726
714	13	knew	6.90991
714	14	the	4.256083
714	15	journalist	13.874837
714	16	might	7.136236
714	17	have	1.267141
714	18	discovered	7.839662
714	19	the	2.688899
714	20	bribery	17.802773
714	21	two	16.51293
714	22	weeks	4.642889
714	23	ago	6.13565
714	24	.	0.755616
714	25	<eos>	-0.0
715	1	The	0.0
715	2	colleagues	19.203871
715	3	realized	12.344898
715	4	who	10.917934
715	5	her	13.624317
715	6	mother	4.05682
715	7	stated	14.021604
715	8	a	7.986989
715	9	friend	9.797622
715	10	said	9.696332
715	11	her	6.99424
715	12	husband	3.523254
715	13	knew	7.110683
715	14	might	14.496341
715	15	have	1.382914
715	16	discovered	10.264784
715	17	the	2.630661
715	18	bribery	18.489372
715	19	two	16.181982
715	20	weeks	4.973264
715	21	ago	5.945055
715	22	.	0.716247
715	23	<eos>	-0.0
716	1	The	0.0
716	2	colleagues	19.203871
716	3	realized	12.344898
716	4	who	10.917934
716	5	her	13.624317
716	6	mother	4.05682
716	7	stated	14.021604
716	8	a	7.986989
716	9	friend	9.797622
716	10	said	9.696332
716	11	her	6.99424
716	12	husband	3.523254
716	13	knew	7.110683
716	14	the	4.085961
716	15	journalist	13.881818
716	16	might	7.188073
716	17	have	1.316203
716	18	discovered	7.846694
716	19	the	2.708082
716	20	bribery	17.519873
716	21	two	17.007345
716	22	weeks	4.822628
716	23	ago	6.000306
716	24	.	0.641635
716	25	<eos>	-0.0
717	1	The	0.0
717	2	colleagues	19.203871
717	3	realized	12.344898
717	4	that	0.635146
717	5	her	9.413181
717	6	mother	5.478821
717	7	stated	14.50899
717	8	a	7.189502
717	9	friend	10.590221
717	10	said	9.66644
717	11	her	5.272661
717	12	husband	3.526726
717	13	knew	6.90991
717	14	might	16.455933
717	15	have	1.490611
717	16	discovered	9.98941
717	17	the	2.610951
717	18	bribery	19.073549
717	19	two	15.505854
717	20	weeks	4.820222
717	21	ago	6.104993
717	22	.	0.828132
717	23	<eos>	-0.0
718	1	The	0.0
718	2	colleagues	19.203871
718	3	realized	12.344898
718	4	that	0.635146
718	5	her	9.413181
718	6	mother	5.478821
718	7	stated	14.50899
718	8	a	7.189502
718	9	friend	10.590221
718	10	said	9.66644
718	11	her	5.272661
718	12	husband	3.526726
718	13	knew	6.90991
718	14	the	4.256083
718	15	journalist	13.874837
718	16	might	7.136236
718	17	have	1.267141
718	18	discovered	7.839662
718	19	the	2.688899
718	20	bribery	17.802773
718	21	two	16.51293
718	22	weeks	4.642889
718	23	ago	6.13565
718	24	.	0.755616
718	25	<eos>	-0.0
719	1	The	0.0
719	2	colleagues	19.203871
719	3	realized	12.344898
719	4	who	10.917934
719	5	her	13.624317
719	6	mother	4.05682
719	7	stated	14.021604
719	8	a	7.986989
719	9	friend	9.797622
719	10	said	9.696332
719	11	her	6.99424
719	12	husband	3.523254
719	13	knew	7.110683
719	14	might	14.496341
719	15	have	1.382914
719	16	discovered	10.264784
719	17	the	2.630661
719	18	bribery	18.489372
719	19	two	16.181982
719	20	weeks	4.973264
719	21	ago	5.945055
719	22	.	0.716247
719	23	<eos>	-0.0
720	1	The	0.0
720	2	colleagues	19.203871
720	3	realized	12.344898
720	4	who	10.917934
720	5	her	13.624317
720	6	mother	4.05682
720	7	stated	14.021604
720	8	a	7.986989
720	9	friend	9.797622
720	10	said	9.696332
720	11	her	6.99424
720	12	husband	3.523254
720	13	knew	7.110683
720	14	the	4.085961
720	15	journalist	13.881818
720	16	might	7.188073
720	17	have	1.316203
720	18	discovered	7.846694
720	19	the	2.708082
720	20	bribery	17.519873
720	21	two	17.007345
720	22	weeks	4.822628
720	23	ago	6.000306
720	24	.	0.641635
720	25	<eos>	-0.0
721	1	I	0.0
721	2	know	6.278276
721	3	that	2.352433
721	4	will	11.602566
721	5	find	8.82664
721	6	a	2.970808
721	7	gun	11.220189
721	8	in	3.136919
721	9	the	1.196932
721	10	office	10.06306
721	11	.	2.260261
721	12	<eos>	-0.0
722	1	I	0.0
722	2	know	6.278276
722	3	that	2.352433
722	4	the	2.35511
722	5	five	10.810097
722	6	star	10.768698
722	7	general	16.662867
722	8	will	7.702619
722	9	find	8.402292
722	10	a	3.331119
722	11	gun	10.4597
722	12	in	3.262684
722	13	the	1.03278
722	14	office	10.638857
722	15	.	2.476073
722	16	<eos>	-0.0
723	1	I	0.0
723	2	know	6.278276
723	3	who	6.580016
723	4	will	5.949539
723	5	find	7.314302
723	6	a	3.465358
723	7	gun	10.104977
723	8	in	3.556371
723	9	the	1.216642
723	10	office	9.59692
723	11	.	1.749293
723	12	<eos>	-0.0
724	1	I	0.0
724	2	know	6.278276
724	3	who	6.580016
724	4	the	5.056487
724	5	five	11.569979
724	6	star	10.758286
724	7	general	14.815616
724	8	will	6.149231
724	9	find	7.259102
724	10	a	7.29748
724	11	gun	10.178816
724	12	in	3.773951
724	13	the	1.327875
724	14	office	11.141983
724	15	.	1.960916
724	16	<eos>	-0.0
725	1	I	0.0
725	2	know	6.278276
725	3	that	2.352433
725	4	the	2.35511
725	5	woman	10.488547
725	6	believed	10.677317
725	7	will	10.818175
725	8	find	10.414588
725	9	a	3.087902
725	10	gun	10.752472
725	11	in	2.927684
725	12	the	1.219218
725	13	office	10.388338
725	14	.	2.066065
725	15	<eos>	-0.0
726	1	I	0.0
726	2	know	6.278276
726	3	that	2.352433
726	4	the	2.35511
726	5	woman	10.488547
726	6	believed	10.677317
726	7	the	3.515746
726	8	five	12.587468
726	9	star	11.922311
726	10	general	16.827309
726	11	will	7.391619
726	12	find	9.309983
726	13	a	3.214202
726	14	gun	10.526117
726	15	in	3.157042
726	16	the	1.1833
726	17	office	11.055291
726	18	.	2.047348
726	19	<eos>	-0.0
727	1	I	0.0
727	2	know	6.278276
727	3	who	6.580016
727	4	the	5.056487
727	5	woman	9.788774
727	6	believed	10.547781
727	7	will	7.826087
727	8	find	9.664047
727	9	a	3.439675
727	10	gun	10.749176
727	11	in	3.332705
727	12	the	1.100413
727	13	office	10.203594
727	14	.	1.481852
727	15	<eos>	-0.0
728	1	I	0.0
728	2	know	6.278276
728	3	who	6.580016
728	4	the	5.056487
728	5	woman	9.788774
728	6	believed	10.547781
728	7	the	5.518869
728	8	five	12.533702
728	9	star	11.489742
728	10	general	16.954678
728	11	will	7.310864
728	12	find	7.712451
728	13	a	7.733902
728	14	gun	10.057042
728	15	in	3.32497
728	16	the	1.317932
728	17	office	11.376269
728	18	.	1.545655
728	19	<eos>	-0.0
729	1	I	0.0
729	2	know	6.278276
729	3	that	2.352433
729	4	the	2.35511
729	5	woman	10.488547
729	6	believed	10.677317
729	7	the	3.515746
729	8	secretary	14.893813
729	9	said	10.902997
729	10	will	12.931819
729	11	find	9.400168
729	12	a	3.188707
729	13	gun	10.424278
729	14	in	3.251514
729	15	the	1.257219
729	16	office	9.290104
729	17	.	1.810293
729	18	<eos>	-0.0
730	1	I	0.0
730	2	know	6.278276
730	3	that	2.352433
730	4	the	2.35511
730	5	woman	10.488547
730	6	believed	10.677317
730	7	the	3.515746
730	8	secretary	14.893813
730	9	said	10.902997
730	10	the	3.463312
730	11	five	11.880531
730	12	star	13.0968
730	13	general	15.531061
730	14	will	7.489666
730	15	find	9.229619
730	16	a	3.304134
730	17	gun	9.126086
730	18	in	3.572034
730	19	the	1.189218
730	20	office	10.154312
730	21	.	1.798159
730	22	<eos>	-0.0
731	1	I	0.0
731	2	know	6.278276
731	3	who	6.580016
731	4	the	5.056487
731	5	woman	9.788774
731	6	believed	10.547781
731	7	the	5.518869
731	8	secretary	15.21989
731	9	said	8.891087
731	10	will	9.789317
731	11	find	9.305573
731	12	a	3.522903
731	13	gun	10.860578
731	14	in	3.413502
731	15	the	1.120262
731	16	office	9.422639
731	17	.	1.40715
731	18	<eos>	-0.0
732	1	I	0.0
732	2	know	6.278276
732	3	who	6.580016
732	4	the	5.056487
732	5	woman	9.788774
732	6	believed	10.547781
732	7	the	5.518869
732	8	secretary	15.21989
732	9	said	8.891087
732	10	the	5.768869
732	11	five	11.079198
732	12	star	12.635194
732	13	general	15.280078
732	14	will	7.389958
732	15	find	7.970444
732	16	a	7.808124
732	17	gun	9.378864
732	18	in	3.492782
732	19	the	1.288981
732	20	office	10.577522
732	21	.	1.391622
732	22	<eos>	-0.0
733	1	I	0.0
733	2	know	6.278276
733	3	that	2.352433
733	4	the	2.35511
733	5	woman	10.488547
733	6	believed	10.677317
733	7	the	3.515746
733	8	secretary	14.893813
733	9	said	10.902997
733	10	her	5.972282
733	11	friend	7.656769
733	12	recalled	12.683233
733	13	will	16.153061
733	14	find	8.398878
733	15	a	3.658811
733	16	gun	9.566985
733	17	in	3.429039
733	18	the	1.564527
733	19	office	9.66784
733	20	.	1.584217
733	21	<eos>	-0.0
734	1	I	0.0
734	2	know	6.278276
734	3	that	2.352433
734	4	the	2.35511
734	5	woman	10.488547
734	6	believed	10.677317
734	7	the	3.515746
734	8	secretary	14.893813
734	9	said	10.902997
734	10	her	5.972282
734	11	friend	7.656769
734	12	recalled	12.683233
734	13	the	3.283905
734	14	five	11.953514
734	15	star	13.462993
734	16	general	15.92554
734	17	will	11.247657
734	18	find	8.635975
734	19	a	3.65333
734	20	gun	8.929412
734	21	in	3.53277
734	22	the	1.417721
734	23	office	10.127058
734	24	.	1.54806
734	25	<eos>	-0.0
735	1	I	0.0
735	2	know	6.278276
735	3	who	6.580016
735	4	the	5.056487
735	5	woman	9.788774
735	6	believed	10.547781
735	7	the	5.518869
735	8	secretary	15.21989
735	9	said	8.891087
735	10	her	8.824593
735	11	friend	7.099628
735	12	recalled	12.925879
735	13	will	13.636867
735	14	find	8.465267
735	15	a	3.761005
735	16	gun	10.203058
735	17	in	3.469261
735	18	the	1.461792
735	19	office	9.717354
735	20	.	1.391847
735	21	<eos>	-0.0
736	1	I	0.0
736	2	know	6.278276
736	3	who	6.580016
736	4	the	5.056487
736	5	woman	9.788774
736	6	believed	10.547781
736	7	the	5.518869
736	8	secretary	15.21989
736	9	said	8.891087
736	10	her	8.824593
736	11	friend	7.099628
736	12	recalled	12.925879
736	13	the	5.116866
736	14	five	11.417006
736	15	star	13.325559
736	16	general	16.020214
736	17	will	11.381583
736	18	find	7.98056
736	19	a	5.810888
736	20	gun	10.057561
736	21	in	3.471631
736	22	the	1.426729
736	23	office	10.012728
736	24	.	1.434674
736	25	<eos>	-0.0
737	1	I	0.0
737	2	know	6.278276
737	3	that	2.352433
737	4	the	2.35511
737	5	woman	10.488547
737	6	believed	10.677317
737	7	the	3.515746
737	8	secretary	14.893813
737	9	said	10.902997
737	10	her	5.972282
737	11	friend	7.656769
737	12	recalled	12.683233
737	13	will	16.153061
737	14	find	8.398878
737	15	a	3.658811
737	16	gun	9.566985
737	17	in	3.429039
737	18	the	1.564527
737	19	office	9.66784
737	20	.	1.584217
737	21	<eos>	-0.0
738	1	I	0.0
738	2	know	6.278276
738	3	that	2.352433
738	4	the	2.35511
738	5	woman	10.488547
738	6	believed	10.677317
738	7	the	3.515746
738	8	secretary	14.893813
738	9	said	10.902997
738	10	her	5.972282
738	11	friend	7.656769
738	12	recalled	12.683233
738	13	the	3.283905
738	14	five	11.953514
738	15	star	13.462993
738	16	general	15.92554
738	17	will	11.247657
738	18	find	8.635975
738	19	a	3.65333
738	20	gun	8.929412
738	21	in	3.53277
738	22	the	1.417721
738	23	office	10.127058
738	24	.	1.54806
738	25	<eos>	-0.0
739	1	I	0.0
739	2	know	6.278276
739	3	who	6.580016
739	4	the	5.056487
739	5	woman	9.788774
739	6	believed	10.547781
739	7	the	5.518869
739	8	secretary	15.21989
739	9	said	8.891087
739	10	her	8.824593
739	11	friend	7.099628
739	12	recalled	12.925879
739	13	will	13.636867
739	14	find	8.465267
739	15	a	3.761005
739	16	gun	10.203058
739	17	in	3.469261
739	18	the	1.461792
739	19	office	9.717354
739	20	.	1.391847
739	21	<eos>	-0.0
740	1	I	0.0
740	2	know	6.278276
740	3	who	6.580016
740	4	the	5.056487
740	5	woman	9.788774
740	6	believed	10.547781
740	7	the	5.518869
740	8	secretary	15.21989
740	9	said	8.891087
740	10	her	8.824593
740	11	friend	7.099628
740	12	recalled	12.925879
740	13	the	5.116866
740	14	five	11.417006
740	15	star	13.325559
740	16	general	16.020214
740	17	will	11.381583
740	18	find	7.98056
740	19	a	5.810888
740	20	gun	10.057561
740	21	in	3.471631
740	22	the	1.426729
740	23	office	10.012728
740	24	.	1.434674
740	25	<eos>	-0.0
741	1	The	0.0
741	2	visitor	19.081583
741	3	said	9.459105
741	4	that	1.824046
741	5	should	13.80423
741	6	talk	12.590765
741	7	with	5.021153
741	8	the	2.555406
741	9	new	7.902239
741	10	manager	8.625182
741	11	in	5.588963
741	12	her	8.259406
741	13	office	6.178402
741	14	.	5.698205
741	15	<eos>	-0.0
742	1	The	0.0
742	2	visitor	19.081583
742	3	said	9.459105
742	4	that	1.824046
742	5	the	2.020857
742	6	human	10.956639
742	7	resources	10.916194
742	8	officer	17.107304
742	9	should	6.317439
742	10	talk	12.5537
742	11	with	4.050429
742	12	the	2.420721
742	13	new	7.907308
742	14	manager	8.73916
742	15	in	4.890337
742	16	her	8.85961
742	17	office	7.108428
742	18	.	1.505618
742	19	<eos>	-0.0
743	1	The	0.0
743	2	visitor	19.081583
743	3	said	9.459105
743	4	who	10.800764
743	5	should	8.54662
743	6	talk	9.988756
743	7	with	4.169899
743	8	the	2.636944
743	9	new	7.842244
743	10	manager	7.559396
743	11	in	5.135208
743	12	her	7.64429
743	13	office	6.651389
743	14	.	1.55966
743	15	<eos>	-0.0
744	1	The	0.0
744	2	visitor	19.081583
744	3	said	9.459105
744	4	who	10.800764
744	5	the	6.832531
744	6	human	10.457224
744	7	resources	11.309654
744	8	officer	15.795729
744	9	should	6.004795
744	10	talk	12.463879
744	11	with	4.426257
744	12	the	5.753671
744	13	new	8.25263
744	14	manager	8.28606
744	15	in	5.162763
744	16	her	7.175317
744	17	office	6.563195
744	18	.	1.445998
744	19	<eos>	-0.0
745	1	The	0.0
745	2	visitor	19.081583
745	3	said	9.459105
745	4	that	1.824046
745	5	my	15.170774
745	6	friend	6.419445
745	7	said	6.553224
745	8	should	15.22545
745	9	talk	9.335692
745	10	with	5.537425
745	11	the	3.370126
745	12	new	8.302868
745	13	manager	7.116943
745	14	in	5.638319
745	15	her	7.127923
745	16	office	6.111012
745	17	.	1.871564
745	18	<eos>	-0.0
746	1	The	0.0
746	2	visitor	19.081583
746	3	said	9.459105
746	4	that	1.824046
746	5	my	15.170774
746	6	friend	6.419445
746	7	said	6.553224
746	8	the	3.866379
746	9	human	12.200834
746	10	resources	12.123643
746	11	officer	18.315434
746	12	should	6.380217
746	13	talk	11.147097
746	14	with	4.523417
746	15	the	3.225109
746	16	new	8.400988
746	17	manager	7.961931
746	18	in	5.167659
746	19	her	7.957316
746	20	office	6.057863
746	21	.	1.235688
746	22	<eos>	-0.0
747	1	The	0.0
747	2	visitor	19.081583
747	3	said	9.459105
747	4	who	10.800764
747	5	my	18.269564
747	6	friend	5.136821
747	7	said	6.061883
747	8	should	11.635859
747	9	talk	10.793854
747	10	with	5.372109
747	11	the	3.192744
747	12	new	7.99799
747	13	manager	7.551723
747	14	in	5.457506
747	15	her	7.441786
747	16	office	5.83799
747	17	.	1.281939
747	18	<eos>	-0.0
748	1	The	0.0
748	2	visitor	19.081583
748	3	said	9.459105
748	4	who	10.800764
748	5	my	18.269564
748	6	friend	5.136821
748	7	said	6.061883
748	8	the	4.799278
748	9	human	12.109003
748	10	resources	11.222852
748	11	officer	17.185181
748	12	should	6.082773
748	13	talk	11.590964
748	14	with	4.493091
748	15	the	5.680027
748	16	new	8.608656
748	17	manager	7.750959
748	18	in	5.30594
748	19	her	7.724418
748	20	office	5.906847
748	21	.	1.084107
748	22	<eos>	-0.0
749	1	The	0.0
749	2	visitor	19.081583
749	3	said	9.459105
749	4	that	1.824046
749	5	my	15.170774
749	6	friend	6.419445
749	7	said	6.553224
749	8	her	8.415775
749	9	mother	4.457393
749	10	knew	6.389606
749	11	should	15.283002
749	12	talk	9.236817
749	13	with	5.582747
749	14	the	4.30334
749	15	new	8.166333
749	16	manager	7.103256
749	17	in	5.716642
749	18	her	4.612786
749	19	office	6.954275
749	20	.	1.313751
749	21	<eos>	-0.0
750	1	The	0.0
750	2	visitor	19.081583
750	3	said	9.459105
750	4	that	1.824046
750	5	my	15.170774
750	6	friend	6.419445
750	7	said	6.553224
750	8	her	8.415775
750	9	mother	4.457393
750	10	knew	6.389606
750	11	the	4.331491
750	12	human	11.457872
750	13	resources	12.329173
750	14	officer	19.672709
750	15	should	6.352871
750	16	talk	10.834167
750	17	with	4.324676
750	18	the	4.146481
750	19	new	8.441694
750	20	manager	8.322945
750	21	in	5.822654
750	22	her	4.306066
750	23	office	6.580366
750	24	.	0.963784
750	25	<eos>	-0.0
751	1	The	0.0
751	2	visitor	19.081583
751	3	said	9.459105
751	4	who	10.800764
751	5	my	18.269564
751	6	friend	5.136821
751	7	said	6.061883
751	8	her	10.047355
751	9	mother	4.160871
751	10	knew	6.057119
751	11	should	11.155832
751	12	talk	10.300987
751	13	with	4.522129
751	14	the	4.141236
751	15	new	8.054602
751	16	manager	7.316679
751	17	in	5.746188
751	18	her	4.501617
751	19	office	6.584886
751	20	.	1.010649
751	21	<eos>	-0.0
752	1	The	0.0
752	2	visitor	19.081583
752	3	said	9.459105
752	4	who	10.800764
752	5	my	18.269564
752	6	friend	5.136821
752	7	said	6.061883
752	8	her	10.047355
752	9	mother	4.160871
752	10	knew	6.057119
752	11	the	5.474262
752	12	human	11.734712
752	13	resources	11.663795
752	14	officer	19.880381
752	15	should	7.124009
752	16	talk	11.030447
752	17	with	4.409082
752	18	the	6.569539
752	19	new	8.36163
752	20	manager	7.902669
752	21	in	5.801959
752	22	her	3.729995
752	23	office	6.544703
752	24	.	0.969794
752	25	<eos>	-0.0
753	1	The	0.0
753	2	visitor	19.081583
753	3	said	9.459105
753	4	that	1.824046
753	5	my	15.170774
753	6	friend	6.419445
753	7	said	6.553224
753	8	her	8.415775
753	9	mother	4.457393
753	10	knew	6.389606
753	11	the	4.331491
753	12	clerk	14.848376
753	13	stated	14.308396
753	14	should	13.100256
753	15	talk	10.247553
753	16	with	5.32458
753	17	the	3.947254
753	18	new	8.701381
753	19	manager	6.605104
753	20	in	5.881656
753	21	her	4.297294
753	22	office	5.89158
753	23	.	1.098813
753	24	<eos>	-0.0
754	1	The	0.0
754	2	visitor	19.081583
754	3	said	9.459105
754	4	that	1.824046
754	5	my	15.170774
754	6	friend	6.419445
754	7	said	6.553224
754	8	her	8.415775
754	9	mother	4.457393
754	10	knew	6.389606
754	11	the	4.331491
754	12	clerk	14.848376
754	13	stated	14.308396
754	14	the	5.19004
754	15	human	13.371759
754	16	resources	12.07995
754	17	officer	19.392225
754	18	should	6.061235
754	19	talk	10.989793
754	20	with	4.540103
754	21	the	3.686512
754	22	new	8.551656
754	23	manager	7.391809
754	24	in	5.806982
754	25	her	4.300033
754	26	office	6.251412
754	27	.	0.89993
754	28	<eos>	-0.0
755	1	The	0.0
755	2	visitor	19.081583
755	3	said	9.459105
755	4	who	10.800764
755	5	my	18.269564
755	6	friend	5.136821
755	7	said	6.061883
755	8	her	10.047355
755	9	mother	4.160871
755	10	knew	6.057119
755	11	the	5.474262
755	12	clerk	14.970022
755	13	stated	13.600144
755	14	should	12.133508
755	15	talk	11.018297
755	16	with	5.128205
755	17	the	3.791687
755	18	new	8.580284
755	19	manager	6.606039
755	20	in	5.982181
755	21	her	4.305422
755	22	office	5.926158
755	23	.	0.946817
755	24	<eos>	-0.0
756	1	The	0.0
756	2	visitor	19.081583
756	3	said	9.459105
756	4	who	10.800764
756	5	my	18.269564
756	6	friend	5.136821
756	7	said	6.061883
756	8	her	10.047355
756	9	mother	4.160871
756	10	knew	6.057119
756	11	the	5.474262
756	12	clerk	14.970022
756	13	stated	13.600144
756	14	the	6.954601
756	15	human	13.225884
756	16	resources	11.594553
756	17	officer	19.122852
756	18	should	6.722309
756	19	talk	10.865851
756	20	with	4.687273
756	21	the	3.503901
756	22	new	8.309602
756	23	manager	7.512788
756	24	in	5.837252
756	25	her	4.402563
756	26	office	6.348494
756	27	.	0.837604
756	28	<eos>	-0.0
757	1	The	0.0
757	2	visitor	19.081583
757	3	said	9.459105
757	4	that	1.824046
757	5	my	15.170774
757	6	friend	6.419445
757	7	said	6.553224
757	8	her	8.415775
757	9	mother	4.457393
757	10	knew	6.389606
757	11	the	4.331491
757	12	clerk	14.848376
757	13	stated	14.308396
757	14	should	13.100256
757	15	talk	10.247553
757	16	with	5.32458
757	17	the	3.947254
757	18	new	8.701381
757	19	manager	6.605104
757	20	in	5.881656
757	21	her	4.297294
757	22	office	5.89158
757	23	.	1.098813
757	24	<eos>	-0.0
758	1	The	0.0
758	2	visitor	19.081583
758	3	said	9.459105
758	4	that	1.824046
758	5	my	15.170774
758	6	friend	6.419445
758	7	said	6.553224
758	8	her	8.415775
758	9	mother	4.457393
758	10	knew	6.389606
758	11	the	4.331491
758	12	clerk	14.848376
758	13	stated	14.308396
758	14	the	5.19004
758	15	human	13.371759
758	16	resources	12.07995
758	17	officer	19.392225
758	18	should	6.061235
758	19	talk	10.989793
758	20	with	4.540103
758	21	the	3.686512
758	22	new	8.551656
758	23	manager	7.391809
758	24	in	5.806982
758	25	her	4.300033
758	26	office	6.251412
758	27	.	0.89993
758	28	<eos>	-0.0
759	1	The	0.0
759	2	visitor	19.081583
759	3	said	9.459105
759	4	who	10.800764
759	5	my	18.269564
759	6	friend	5.136821
759	7	said	6.061883
759	8	her	10.047355
759	9	mother	4.160871
759	10	knew	6.057119
759	11	the	5.474262
759	12	clerk	14.970022
759	13	stated	13.600144
759	14	should	12.133508
759	15	talk	11.018297
759	16	with	5.128205
759	17	the	3.791687
759	18	new	8.580284
759	19	manager	6.606039
759	20	in	5.982181
759	21	her	4.305422
759	22	office	5.926158
759	23	.	0.946817
759	24	<eos>	-0.0
760	1	The	0.0
760	2	visitor	19.081583
760	3	said	9.459105
760	4	who	10.800764
760	5	my	18.269564
760	6	friend	5.136821
760	7	said	6.061883
760	8	her	10.047355
760	9	mother	4.160871
760	10	knew	6.057119
760	11	the	5.474262
760	12	clerk	14.970022
760	13	stated	13.600144
760	14	the	6.954601
760	15	human	13.225884
760	16	resources	11.594553
760	17	officer	19.122852
760	18	should	6.722309
760	19	talk	10.865851
760	20	with	4.687273
760	21	the	3.503901
760	22	new	8.309602
760	23	manager	7.512788
760	24	in	5.837252
760	25	her	4.402563
760	26	office	6.348494
760	27	.	0.837604
760	28	<eos>	-0.0
761	1	My	0.0
761	2	friends	9.589454
761	3	all	9.680534
761	4	know	7.307799
761	5	that	3.438189
761	6	will	11.969704
761	7	describe	13.868171
761	8	her	5.613409
761	9	woes	15.852821
761	10	to	6.748515
761	11	her	3.306547
761	12	friends	6.093992
761	13	.	1.449531
761	14	<eos>	-0.0
762	1	My	0.0
762	2	friends	9.589454
762	3	all	9.680534
762	4	know	7.307799
762	5	that	3.438189
762	6	the	2.843106
762	7	single	10.906606
762	8	mother	7.698475
762	9	will	5.60624
762	10	describe	13.622046
762	11	her	3.021763
762	12	woes	16.68372
762	13	to	6.682292
762	14	her	2.467628
762	15	friends	6.055712
762	16	.	1.63324
762	17	<eos>	-0.0
763	1	My	0.0
763	2	friends	9.589454
763	3	all	9.680534
763	4	know	7.307799
763	5	who	6.626571
763	6	will	5.744067
763	7	describe	13.234696
763	8	her	5.407516
763	9	woes	16.361134
763	10	to	7.006303
763	11	her	3.050361
763	12	friends	5.863188
763	13	.	1.042958
763	14	<eos>	-0.0
764	1	My	0.0
764	2	friends	9.589454
764	3	all	9.680534
764	4	know	7.307799
764	5	who	6.626571
764	6	the	5.589694
764	7	single	12.115098
764	8	mother	5.811737
764	9	will	6.243078
764	10	describe	11.165092
764	11	her	8.089889
764	12	woes	17.355595
764	13	to	6.491141
764	14	her	3.347871
764	15	friends	6.233927
764	16	.	1.128052
764	17	<eos>	-0.0
765	1	My	0.0
765	2	friends	9.589454
765	3	all	9.680534
765	4	know	7.307799
765	5	that	3.438189
765	6	her	7.638736
765	7	friend	7.742016
765	8	knew	10.835517
765	9	will	15.064243
765	10	describe	13.401249
765	11	her	1.920588
765	12	woes	16.072737
765	13	to	6.654668
765	14	her	2.402172
765	15	friends	5.639236
765	16	.	1.422994
765	17	<eos>	-0.0
766	1	My	0.0
766	2	friends	9.589454
766	3	all	9.680534
766	4	know	7.307799
766	5	that	3.438189
766	6	her	7.638736
766	7	friend	7.742016
766	8	knew	10.835517
766	9	the	3.488934
766	10	single	11.348373
766	11	mother	6.69444
766	12	will	8.929927
766	13	describe	13.566864
766	14	her	1.579758
766	15	woes	16.436117
766	16	to	6.685301
766	17	her	2.104665
766	18	friends	5.696826
766	19	.	1.216103
766	20	<eos>	-0.0
767	1	My	0.0
767	2	friends	9.589454
767	3	all	9.680534
767	4	know	7.307799
767	5	who	6.626571
767	6	her	9.757621
767	7	friend	6.511607
767	8	knew	10.951263
767	9	will	11.008086
767	10	describe	13.480943
767	11	her	2.517343
767	12	woes	16.051216
767	13	to	7.226939
767	14	her	2.50537
767	15	friends	5.712924
767	16	.	0.976016
767	17	<eos>	-0.0
768	1	My	0.0
768	2	friends	9.589454
768	3	all	9.680534
768	4	know	7.307799
768	5	who	6.626571
768	6	her	9.757621
768	7	friend	6.511607
768	8	knew	10.951263
768	9	the	4.790865
768	10	single	12.258187
768	11	mother	7.183674
768	12	will	9.478964
768	13	describe	11.223379
768	14	her	5.618632
768	15	woes	16.981041
768	16	to	6.371639
768	17	her	2.785162
768	18	friends	6.119121
768	19	.	1.023958
768	20	<eos>	-0.0
769	1	My	0.0
769	2	friends	9.589454
769	3	all	9.680534
769	4	know	7.307799
769	5	that	3.438189
769	6	her	7.638736
769	7	friend	7.742016
769	8	knew	10.835517
769	9	the	3.488934
769	10	delivery	15.95525
769	11	man	8.240944
769	12	believed	12.741748
769	13	will	11.48329
769	14	describe	15.504252
769	15	her	1.701262
769	16	woes	16.378836
769	17	to	6.775541
769	18	her	2.388557
769	19	friends	5.807759
769	20	.	1.029759
769	21	<eos>	-0.0
770	1	My	0.0
770	2	friends	9.589454
770	3	all	9.680534
770	4	know	7.307799
770	5	that	3.438189
770	6	her	7.638736
770	7	friend	7.742016
770	8	knew	10.835517
770	9	the	3.488934
770	10	delivery	15.95525
770	11	man	8.240944
770	12	believed	12.741748
770	13	the	4.07634
770	14	single	10.587285
770	15	mother	7.492545
770	16	will	7.64932
770	17	describe	14.890637
770	18	her	1.654304
770	19	woes	16.808147
770	20	to	6.707968
770	21	her	2.138651
770	22	friends	5.837445
770	23	.	1.033188
770	24	<eos>	-0.0
771	1	My	0.0
771	2	friends	9.589454
771	3	all	9.680534
771	4	know	7.307799
771	5	who	6.626571
771	6	her	9.757621
771	7	friend	6.511607
771	8	knew	10.951263
771	9	the	4.790865
771	10	delivery	16.317404
771	11	man	6.35535
771	12	believed	11.520553
771	13	will	9.834534
771	14	describe	14.848329
771	15	her	2.024683
771	16	woes	16.602354
771	17	to	7.252005
771	18	her	2.386173
771	19	friends	5.87873
771	20	.	0.846877
771	21	<eos>	-0.0
772	1	My	0.0
772	2	friends	9.589454
772	3	all	9.680534
772	4	know	7.307799
772	5	who	6.626571
772	6	her	9.757621
772	7	friend	6.511607
772	8	knew	10.951263
772	9	the	4.790865
772	10	delivery	16.317404
772	11	man	6.35535
772	12	believed	11.520553
772	13	the	5.707651
772	14	single	10.858785
772	15	mother	7.11838
772	16	will	7.533148
772	17	describe	12.893301
772	18	her	5.45014
772	19	woes	16.883835
772	20	to	6.245141
772	21	her	2.593281
772	22	friends	6.066216
772	23	.	0.893802
772	24	<eos>	-0.0
773	1	My	0.0
773	2	friends	9.589454
773	3	all	9.680534
773	4	know	7.307799
773	5	that	3.438189
773	6	her	7.638736
773	7	friend	7.742016
773	8	knew	10.835517
773	9	the	3.488934
773	10	delivery	15.95525
773	11	man	8.240944
773	12	believed	12.741748
773	13	the	4.07634
773	14	cop	14.394814
773	15	said	13.292475
773	16	will	12.922647
773	17	describe	13.382478
773	18	her	3.058171
773	19	woes	17.435167
773	20	to	6.822894
773	21	her	2.30641
773	22	friends	5.79531
773	23	.	1.000602
773	24	<eos>	-0.0
774	1	My	0.0
774	2	friends	9.589454
774	3	all	9.680534
774	4	know	7.307799
774	5	that	3.438189
774	6	her	7.638736
774	7	friend	7.742016
774	8	knew	10.835517
774	9	the	3.488934
774	10	delivery	15.95525
774	11	man	8.240944
774	12	believed	12.741748
774	13	the	4.07634
774	14	cop	14.394814
774	15	said	13.292475
774	16	the	3.812345
774	17	single	12.027809
774	18	mother	8.058905
774	19	will	7.90953
774	20	describe	14.260055
774	21	her	2.110976
774	22	woes	18.059881
774	23	to	6.726905
774	24	her	2.143399
774	25	friends	5.772931
774	26	.	0.989704
774	27	<eos>	-0.0
775	1	My	0.0
775	2	friends	9.589454
775	3	all	9.680534
775	4	know	7.307799
775	5	who	6.626571
775	6	her	9.757621
775	7	friend	6.511607
775	8	knew	10.951263
775	9	the	4.790865
775	10	delivery	16.317404
775	11	man	6.35535
775	12	believed	11.520553
775	13	the	5.707651
775	14	cop	13.96282
775	15	said	11.765974
775	16	will	10.379615
775	17	describe	13.794454
775	18	her	3.210716
775	19	woes	17.596994
775	20	to	7.217988
775	21	her	2.443471
775	22	friends	5.908112
775	23	.	0.801571
775	24	<eos>	-0.0
776	1	My	0.0
776	2	friends	9.589454
776	3	all	9.680534
776	4	know	7.307799
776	5	who	6.626571
776	6	her	9.757621
776	7	friend	6.511607
776	8	knew	10.951263
776	9	the	4.790865
776	10	delivery	16.317404
776	11	man	6.35535
776	12	believed	11.520553
776	13	the	5.707651
776	14	cop	13.96282
776	15	said	11.765974
776	16	the	5.258532
776	17	single	11.975203
776	18	mother	8.015994
776	19	will	7.863374
776	20	describe	13.945802
776	21	her	2.290023
776	22	woes	18.084585
776	23	to	7.037398
776	24	her	2.207018
776	25	friends	5.627921
776	26	.	0.788459
776	27	<eos>	-0.0
777	1	My	0.0
777	2	friends	9.589454
777	3	all	9.680534
777	4	know	7.307799
777	5	that	3.438189
777	6	her	7.638736
777	7	friend	7.742016
777	8	knew	10.835517
777	9	the	3.488934
777	10	delivery	15.95525
777	11	man	8.240944
777	12	believed	12.741748
777	13	the	4.07634
777	14	cop	14.394814
777	15	said	13.292475
777	16	will	12.922647
777	17	describe	13.382478
777	18	her	3.058171
777	19	woes	17.435167
777	20	to	6.822894
777	21	her	2.30641
777	22	friends	5.79531
777	23	.	1.000602
777	24	<eos>	-0.0
778	1	My	0.0
778	2	friends	9.589454
778	3	all	9.680534
778	4	know	7.307799
778	5	that	3.438189
778	6	her	7.638736
778	7	friend	7.742016
778	8	knew	10.835517
778	9	the	3.488934
778	10	delivery	15.95525
778	11	man	8.240944
778	12	believed	12.741748
778	13	the	4.07634
778	14	cop	14.394814
778	15	said	13.292475
778	16	the	3.812345
778	17	single	12.027809
778	18	mother	8.058905
778	19	will	7.90953
778	20	describe	14.260055
778	21	her	2.110976
778	22	woes	18.059881
778	23	to	6.726905
778	24	her	2.143399
778	25	friends	5.772931
778	26	.	0.989704
778	27	<eos>	-0.0
779	1	My	0.0
779	2	friends	9.589454
779	3	all	9.680534
779	4	know	7.307799
779	5	who	6.626571
779	6	her	9.757621
779	7	friend	6.511607
779	8	knew	10.951263
779	9	the	4.790865
779	10	delivery	16.317404
779	11	man	6.35535
779	12	believed	11.520553
779	13	the	5.707651
779	14	cop	13.96282
779	15	said	11.765974
779	16	will	10.379615
779	17	describe	13.794454
779	18	her	3.210716
779	19	woes	17.596994
779	20	to	7.217988
779	21	her	2.443471
779	22	friends	5.908112
779	23	.	0.801571
779	24	<eos>	-0.0
780	1	My	0.0
780	2	friends	9.589454
780	3	all	9.680534
780	4	know	7.307799
780	5	who	6.626571
780	6	her	9.757621
780	7	friend	6.511607
780	8	knew	10.951263
780	9	the	4.790865
780	10	delivery	16.317404
780	11	man	6.35535
780	12	believed	11.520553
780	13	the	5.707651
780	14	cop	13.96282
780	15	said	11.765974
780	16	the	5.258532
780	17	single	11.975203
780	18	mother	8.015994
780	19	will	7.863374
780	20	describe	13.945802
780	21	her	2.290023
780	22	woes	18.084585
780	23	to	7.037398
780	24	her	2.207018
780	25	friends	5.627921
780	26	.	0.788459
780	27	<eos>	-0.0
781	1	I	0.0
781	2	know	6.278276
781	3	that	2.352433
781	4	might	14.406142
781	5	find	9.361161
781	6	a	2.635915
781	7	quarter	12.838222
781	8	on	5.671522
781	9	the	0.924367
781	10	bus	11.307012
781	11	.	2.102742
781	12	<eos>	-0.0
782	1	I	0.0
782	2	know	6.278276
782	3	that	2.352433
782	4	the	2.35511
782	5	elderly	13.702141
782	6	lady	8.609021
782	7	might	8.084039
782	8	find	7.066965
782	9	a	2.831614
782	10	quarter	13.779225
782	11	on	5.268807
782	12	the	1.19524
782	13	bus	10.626907
782	14	.	2.061536
782	15	<eos>	-0.0
783	1	I	0.0
783	2	know	6.278276
783	3	who	6.580016
783	4	might	8.6036
783	5	find	7.604503
783	6	a	3.081651
783	7	quarter	13.164724
783	8	on	4.992869
783	9	the	1.014355
783	10	bus	10.538005
783	11	.	1.696034
783	12	<eos>	-0.0
784	1	I	0.0
784	2	know	6.278276
784	3	who	6.580016
784	4	the	5.056487
784	5	elderly	14.098608
784	6	lady	9.313284
784	7	might	7.434696
784	8	find	6.109242
784	9	a	6.848544
784	10	quarter	10.832992
784	11	on	5.707319
784	12	the	2.41855
784	13	bus	10.698421
784	14	.	1.676106
784	15	<eos>	-0.0
785	1	I	0.0
785	2	know	6.278276
785	3	that	2.352433
785	4	their	8.129355
785	5	friend	10.08231
785	6	said	8.900555
785	7	might	15.907741
785	8	find	7.8916
785	9	a	3.223177
785	10	quarter	12.60472
785	11	on	5.132686
785	12	the	1.183295
785	13	bus	10.860158
785	14	.	1.704749
785	15	<eos>	-0.0
786	1	I	0.0
786	2	know	6.278276
786	3	that	2.352433
786	4	their	8.129355
786	5	friend	10.08231
786	6	said	8.900555
786	7	the	3.843752
786	8	elderly	14.818188
786	9	lady	8.275287
786	10	might	8.100172
786	11	find	7.227096
786	12	a	2.865153
786	13	quarter	13.456506
786	14	on	5.070343
786	15	the	1.342531
786	16	bus	10.1747
786	17	.	1.5905
786	18	<eos>	-0.0
787	1	I	0.0
787	2	know	6.278276
787	3	who	6.580016
787	4	their	11.182029
787	5	friend	8.477739
787	6	said	8.389433
787	7	might	11.952517
787	8	find	8.534636
787	9	a	3.16053
787	10	quarter	12.315543
787	11	on	5.134081
787	12	the	1.107464
787	13	bus	11.090111
787	14	.	1.440004
787	15	<eos>	-0.0
788	1	I	0.0
788	2	know	6.278276
788	3	who	6.580016
788	4	their	11.182029
788	5	friend	8.477739
788	6	said	8.389433
788	7	the	5.057198
788	8	elderly	14.035393
788	9	lady	8.271331
788	10	might	8.609883
788	11	find	6.657825
788	12	a	3.116789
788	13	quarter	12.881194
788	14	on	5.14127
788	15	the	1.345028
788	16	bus	10.151242
788	17	.	1.300106
788	18	<eos>	-0.0
789	1	I	0.0
789	2	know	6.278276
789	3	that	2.352433
789	4	their	8.129355
789	5	friend	10.08231
789	6	said	8.900555
789	7	the	3.843752
789	8	secretary	13.904811
789	9	believed	10.079372
789	10	might	14.403002
789	11	find	10.119163
789	12	a	3.12363
789	13	quarter	13.259811
789	14	on	5.004277
789	15	the	0.957634
789	16	bus	12.225209
789	17	.	1.70196
789	18	<eos>	-0.0
790	1	I	0.0
790	2	know	6.278276
790	3	that	2.352433
790	4	their	8.129355
790	5	friend	10.08231
790	6	said	8.900555
790	7	the	3.843752
790	8	secretary	13.904811
790	9	believed	10.079372
790	10	the	3.213356
790	11	elderly	15.452872
790	12	lady	11.107269
790	13	might	7.38084
790	14	find	7.840357
790	15	a	2.653864
790	16	quarter	13.930199
790	17	on	5.161916
790	18	the	1.1864
790	19	bus	10.878355
790	20	.	1.383871
790	21	<eos>	-0.0
791	1	I	0.0
791	2	know	6.278276
791	3	who	6.580016
791	4	their	11.182029
791	5	friend	8.477739
791	6	said	8.389433
791	7	the	5.057198
791	8	secretary	13.769246
791	9	believed	10.348664
791	10	might	10.388865
791	11	find	10.123935
791	12	a	3.168137
791	13	quarter	12.759594
791	14	on	4.824306
791	15	the	0.881354
791	16	bus	12.118716
791	17	.	1.418456
791	18	<eos>	-0.0
792	1	I	0.0
792	2	know	6.278276
792	3	who	6.580016
792	4	their	11.182029
792	5	friend	8.477739
792	6	said	8.389433
792	7	the	5.057198
792	8	secretary	13.769246
792	9	believed	10.348664
792	10	the	4.292023
792	11	elderly	15.147664
792	12	lady	11.19419
792	13	might	7.381168
792	14	find	7.505102
792	15	a	2.676362
792	16	quarter	13.612526
792	17	on	5.144632
792	18	the	1.154289
792	19	bus	10.789772
792	20	.	1.163338
792	21	<eos>	-0.0
793	1	I	0.0
793	2	know	6.278276
793	3	that	2.352433
793	4	their	8.129355
793	5	friend	10.08231
793	6	said	8.900555
793	7	the	3.843752
793	8	secretary	13.904811
793	9	believed	10.079372
793	10	the	3.213356
793	11	worker	13.324497
793	12	thinks	13.905668
793	13	might	12.179796
793	14	find	9.515139
793	15	a	2.947808
793	16	quarter	13.455499
793	17	on	5.084554
793	18	the	1.253204
793	19	bus	11.040008
793	20	.	1.37243
793	21	<eos>	-0.0
794	1	I	0.0
794	2	know	6.278276
794	3	that	2.352433
794	4	their	8.129355
794	5	friend	10.08231
794	6	said	8.900555
794	7	the	3.843752
794	8	secretary	13.904811
794	9	believed	10.079372
794	10	the	3.213356
794	11	worker	13.324497
794	12	thinks	13.905668
794	13	the	3.648814
794	14	elderly	15.051997
794	15	lady	8.512668
794	16	might	6.372361
794	17	find	7.961199
794	18	a	2.695343
794	19	quarter	13.758436
794	20	on	5.429997
794	21	the	1.21778
794	22	bus	10.567354
794	23	.	1.195911
794	24	<eos>	-0.0
795	1	I	0.0
795	2	know	6.278276
795	3	who	6.580016
795	4	their	11.182029
795	5	friend	8.477739
795	6	said	8.389433
795	7	the	5.057198
795	8	secretary	13.769246
795	9	believed	10.348664
795	10	the	4.292023
795	11	worker	13.449773
795	12	thinks	13.011417
795	13	might	11.585561
795	14	find	9.19757
795	15	a	2.980019
795	16	quarter	13.077908
795	17	on	4.959629
795	18	the	1.173967
795	19	bus	10.719144
795	20	.	1.218376
795	21	<eos>	-0.0
796	1	I	0.0
796	2	know	6.278276
796	3	who	6.580016
796	4	their	11.182029
796	5	friend	8.477739
796	6	said	8.389433
796	7	the	5.057198
796	8	secretary	13.769246
796	9	believed	10.348664
796	10	the	4.292023
796	11	worker	13.449773
796	12	thinks	13.011417
796	13	the	3.757905
796	14	elderly	15.261654
796	15	lady	8.322407
796	16	might	6.441334
796	17	find	7.509973
796	18	a	2.715274
796	19	quarter	13.484726
796	20	on	5.377221
796	21	the	1.188902
796	22	bus	10.317481
796	23	.	1.042512
796	24	<eos>	-0.0
797	1	I	0.0
797	2	know	6.278276
797	3	that	2.352433
797	4	their	8.129355
797	5	friend	10.08231
797	6	said	8.900555
797	7	the	3.843752
797	8	secretary	13.904811
797	9	believed	10.079372
797	10	the	3.213356
797	11	worker	13.324497
797	12	thinks	13.905668
797	13	might	12.179796
797	14	find	9.515139
797	15	a	2.947808
797	16	quarter	13.455499
797	17	on	5.084554
797	18	the	1.253204
797	19	bus	11.040008
797	20	.	1.37243
797	21	<eos>	-0.0
798	1	I	0.0
798	2	know	6.278276
798	3	that	2.352433
798	4	their	8.129355
798	5	friend	10.08231
798	6	said	8.900555
798	7	the	3.843752
798	8	secretary	13.904811
798	9	believed	10.079372
798	10	the	3.213356
798	11	worker	13.324497
798	12	thinks	13.905668
798	13	the	3.648814
798	14	elderly	15.051997
798	15	lady	8.512668
798	16	might	6.372361
798	17	find	7.961199
798	18	a	2.695343
798	19	quarter	13.758436
798	20	on	5.429997
798	21	the	1.21778
798	22	bus	10.567354
798	23	.	1.195911
798	24	<eos>	-0.0
799	1	I	0.0
799	2	know	6.278276
799	3	who	6.580016
799	4	their	11.182029
799	5	friend	8.477739
799	6	said	8.389433
799	7	the	5.057198
799	8	secretary	13.769246
799	9	believed	10.348664
799	10	the	4.292023
799	11	worker	13.449773
799	12	thinks	13.011417
799	13	might	11.585561
799	14	find	9.19757
799	15	a	2.980019
799	16	quarter	13.077908
799	17	on	4.959629
799	18	the	1.173967
799	19	bus	10.719144
799	20	.	1.218376
799	21	<eos>	-0.0
800	1	I	0.0
800	2	know	6.278276
800	3	who	6.580016
800	4	their	11.182029
800	5	friend	8.477739
800	6	said	8.389433
800	7	the	5.057198
800	8	secretary	13.769246
800	9	believed	10.348664
800	10	the	4.292023
800	11	worker	13.449773
800	12	thinks	13.011417
800	13	the	3.757905
800	14	elderly	15.261654
800	15	lady	8.322407
800	16	might	6.441334
800	17	find	7.509973
800	18	a	2.715274
800	19	quarter	13.484726
800	20	on	5.377221
800	21	the	1.188902
800	22	bus	10.317481
800	23	.	1.042512
800	24	<eos>	-0.0
801	1	We	0.0
801	2	all	8.258053
801	3	know	3.618088
801	4	that	2.504345
801	5	will	11.947844
801	6	assemble	15.74473
801	7	the	2.898326
801	8	bed	13.94899
801	9	for	4.417704
801	10	his	8.198456
801	11	parents	7.925464
801	12	.	1.883103
801	13	<eos>	-0.0
802	1	We	0.0
802	2	all	8.258053
802	3	know	3.618088
802	4	that	2.504345
802	5	the	2.179744
802	6	young	10.010603
802	7	professional	14.718312
802	8	will	6.563483
802	9	assemble	14.282346
802	10	the	3.373071
802	11	bed	13.557326
802	12	for	3.650542
802	13	his	6.553653
802	14	parents	7.460837
802	15	.	2.325086
802	16	<eos>	-0.0
803	1	We	0.0
803	2	all	8.258053
803	3	know	3.618088
803	4	who	5.47427
803	5	will	5.688974
803	6	assemble	14.085769
803	7	the	2.629616
803	8	bed	13.819178
803	9	for	4.325289
803	10	his	7.037365
803	11	parents	7.711895
803	12	.	1.556455
803	13	<eos>	-0.0
804	1	We	0.0
804	2	all	8.258053
804	3	know	3.618088
804	4	who	5.47427
804	5	the	4.627324
804	6	young	9.624987
804	7	professional	14.691945
804	8	will	5.658397
804	9	assemble	14.032305
804	10	the	5.42844
804	11	bed	12.964015
804	12	for	4.533211
804	13	his	6.27744
804	14	parents	7.194729
804	15	.	1.386166
804	16	<eos>	-0.0
805	1	We	0.0
805	2	all	8.258053
805	3	know	3.618088
805	4	that	2.504345
805	5	my	8.984233
805	6	neighbor	11.780478
805	7	said	9.320017
805	8	will	13.715559
805	9	assemble	15.996883
805	10	the	3.051293
805	11	bed	12.160398
805	12	for	3.885959
805	13	his	6.091318
805	14	parents	7.160246
805	15	.	1.926737
805	16	<eos>	-0.0
806	1	We	0.0
806	2	all	8.258053
806	3	know	3.618088
806	4	that	2.504345
806	5	my	8.984233
806	6	neighbor	11.780478
806	7	said	9.320017
806	8	the	3.742524
806	9	young	9.578177
806	10	professional	15.500974
806	11	will	8.718114
806	12	assemble	14.791603
806	13	the	3.380558
806	14	bed	12.171853
806	15	for	3.751728
806	16	his	4.991049
806	17	parents	7.48444
806	18	.	2.152258
806	19	<eos>	-0.0
807	1	We	0.0
807	2	all	8.258053
807	3	know	3.618088
807	4	who	5.47427
807	5	my	10.763912
807	6	neighbor	10.27516
807	7	said	8.625268
807	8	will	9.165886
807	9	assemble	15.48847
807	10	the	3.346179
807	11	bed	11.846608
807	12	for	4.260363
807	13	his	5.253233
807	14	parents	7.430341
807	15	.	1.604161
807	16	<eos>	-0.0
808	1	We	0.0
808	2	all	8.258053
808	3	know	3.618088
808	4	who	5.47427
808	5	my	10.763912
808	6	neighbor	10.27516
808	7	said	8.625268
808	8	the	5.089534
808	9	young	9.731186
808	10	professional	14.782845
808	11	will	8.296978
808	12	assemble	14.609009
808	13	the	4.634071
808	14	bed	12.141065
808	15	for	4.195405
808	16	his	4.836434
808	17	parents	7.290516
808	18	.	1.569537
808	19	<eos>	-0.0
809	1	We	0.0
809	2	all	8.258053
809	3	know	3.618088
809	4	that	2.504345
809	5	my	8.984233
809	6	neighbor	11.780478
809	7	said	9.320017
809	8	her	8.284826
809	9	associate	14.527971
809	10	knew	7.885457
809	11	will	14.035858
809	12	assemble	16.365252
809	13	the	3.286396
809	14	bed	11.720091
809	15	for	4.06662
809	16	his	5.752001
809	17	parents	8.041272
809	18	.	1.978756
809	19	<eos>	-0.0
810	1	We	0.0
810	2	all	8.258053
810	3	know	3.618088
810	4	that	2.504345
810	5	my	8.984233
810	6	neighbor	11.780478
810	7	said	9.320017
810	8	her	8.284826
810	9	associate	14.527971
810	10	knew	7.885457
810	11	the	4.002738
810	12	young	9.488609
810	13	professional	16.02297
810	14	will	8.772651
810	15	assemble	16.01712
810	16	the	3.601373
810	17	bed	12.219319
810	18	for	3.656273
810	19	his	5.129446
810	20	parents	7.605272
810	21	.	1.86449
810	22	<eos>	-0.0
811	1	We	0.0
811	2	all	8.258053
811	3	know	3.618088
811	4	who	5.47427
811	5	my	10.763912
811	6	neighbor	10.27516
811	7	said	8.625268
811	8	her	10.719226
811	9	associate	14.902839
811	10	knew	8.376236
811	11	will	11.182251
811	12	assemble	16.014347
811	13	the	3.48063
811	14	bed	12.274383
811	15	for	4.236118
811	16	his	5.65343
811	17	parents	8.108169
811	18	.	1.655897
811	19	<eos>	-0.0
812	1	We	0.0
812	2	all	8.258053
812	3	know	3.618088
812	4	who	5.47427
812	5	my	10.763912
812	6	neighbor	10.27516
812	7	said	8.625268
812	8	her	10.719226
812	9	associate	14.902839
812	10	knew	8.376236
812	11	the	4.941906
812	12	young	9.478276
812	13	professional	15.422958
812	14	will	9.142366
812	15	assemble	15.401693
812	16	the	3.348207
812	17	bed	12.452619
812	18	for	3.859625
812	19	his	5.118625
812	20	parents	7.809983
812	21	.	1.626138
812	22	<eos>	-0.0
813	1	We	0.0
813	2	all	8.258053
813	3	know	3.618088
813	4	that	2.504345
813	5	my	8.984233
813	6	neighbor	11.780478
813	7	said	9.320017
813	8	her	8.284826
813	9	associate	14.527971
813	10	knew	7.885457
813	11	a	7.278629
813	12	friend	7.825838
813	13	thinks	14.022681
813	14	will	13.558214
813	15	assemble	16.319178
813	16	the	3.934027
813	17	bed	11.714709
813	18	for	3.932798
813	19	his	6.024012
813	20	parents	7.606696
813	21	.	1.595144
813	22	<eos>	-0.0
814	1	We	0.0
814	2	all	8.258053
814	3	know	3.618088
814	4	that	2.504345
814	5	my	8.984233
814	6	neighbor	11.780478
814	7	said	9.320017
814	8	her	8.284826
814	9	associate	14.527971
814	10	knew	7.885457
814	11	a	7.278629
814	12	friend	7.825838
814	13	thinks	14.022681
814	14	the	4.354785
814	15	young	9.3411
814	16	professional	15.728609
814	17	will	7.353885
814	18	assemble	15.485431
814	19	the	3.393961
814	20	bed	12.259807
814	21	for	3.668048
814	22	his	5.108214
814	23	parents	7.850367
814	24	.	1.805385
814	25	<eos>	-0.0
815	1	We	0.0
815	2	all	8.258053
815	3	know	3.618088
815	4	who	5.47427
815	5	my	10.763912
815	6	neighbor	10.27516
815	7	said	8.625268
815	8	her	10.719226
815	9	associate	14.902839
815	10	knew	8.376236
815	11	a	8.298916
815	12	friend	7.477678
815	13	thinks	14.102839
815	14	will	9.437078
815	15	assemble	15.92933
815	16	the	4.511338
815	17	bed	11.67589
815	18	for	3.948477
815	19	his	5.900613
815	20	parents	7.787345
815	21	.	1.476442
815	22	<eos>	-0.0
816	1	We	0.0
816	2	all	8.258053
816	3	know	3.618088
816	4	who	5.47427
816	5	my	10.763912
816	6	neighbor	10.27516
816	7	said	8.625268
816	8	her	10.719226
816	9	associate	14.902839
816	10	knew	8.376236
816	11	a	8.298916
816	12	friend	7.477678
816	13	thinks	14.102839
816	14	the	5.499289
816	15	young	9.169704
816	16	professional	15.309656
816	17	will	7.145533
816	18	assemble	15.535021
816	19	the	4.796027
816	20	bed	11.70854
816	21	for	4.01295
816	22	his	5.20312
816	23	parents	7.801436
816	24	.	1.485147
816	25	<eos>	-0.0
817	1	We	0.0
817	2	all	8.258053
817	3	know	3.618088
817	4	that	2.504345
817	5	my	8.984233
817	6	neighbor	11.780478
817	7	said	9.320017
817	8	her	8.284826
817	9	associate	14.527971
817	10	knew	7.885457
817	11	a	7.278629
817	12	friend	7.825838
817	13	thinks	14.022681
817	14	will	13.558214
817	15	assemble	16.319178
817	16	the	3.934027
817	17	bed	11.714709
817	18	for	3.932798
817	19	his	6.024012
817	20	parents	7.606696
817	21	.	1.595144
817	22	<eos>	-0.0
818	1	We	0.0
818	2	all	8.258053
818	3	know	3.618088
818	4	that	2.504345
818	5	my	8.984233
818	6	neighbor	11.780478
818	7	said	9.320017
818	8	her	8.284826
818	9	associate	14.527971
818	10	knew	7.885457
818	11	a	7.278629
818	12	friend	7.825838
818	13	thinks	14.022681
818	14	the	4.354785
818	15	young	9.3411
818	16	professional	15.728609
818	17	will	7.353885
818	18	assemble	15.485431
818	19	the	3.393961
818	20	bed	12.259807
818	21	for	3.668048
818	22	his	5.108214
818	23	parents	7.850367
818	24	.	1.805385
818	25	<eos>	-0.0
819	1	We	0.0
819	2	all	8.258053
819	3	know	3.618088
819	4	who	5.47427
819	5	my	10.763912
819	6	neighbor	10.27516
819	7	said	8.625268
819	8	her	10.719226
819	9	associate	14.902839
819	10	knew	8.376236
819	11	a	8.298916
819	12	friend	7.477678
819	13	thinks	14.102839
819	14	will	9.437078
819	15	assemble	15.92933
819	16	the	4.511338
819	17	bed	11.67589
819	18	for	3.948477
819	19	his	5.900613
819	20	parents	7.787345
819	21	.	1.476442
819	22	<eos>	-0.0
820	1	We	0.0
820	2	all	8.258053
820	3	know	3.618088
820	4	who	5.47427
820	5	my	10.763912
820	6	neighbor	10.27516
820	7	said	8.625268
820	8	her	10.719226
820	9	associate	14.902839
820	10	knew	8.376236
820	11	a	8.298916
820	12	friend	7.477678
820	13	thinks	14.102839
820	14	the	5.499289
820	15	young	9.169704
820	16	professional	15.309656
820	17	will	7.145533
820	18	assemble	15.535021
820	19	the	4.796027
820	20	bed	11.70854
820	21	for	4.01295
820	22	his	5.20312
820	23	parents	7.801436
820	24	.	1.485147
820	25	<eos>	-0.0
821	1	The	0.0
821	2	novel	15.75654
821	3	revealed	13.273339
821	4	that	1.524586
821	5	could	15.68223
821	6	say	12.697922
821	7	something	6.760993
821	8	to	3.310497
821	9	his	6.11456
821	10	donors	17.116413
821	11	.	2.52577
821	12	<eos>	-0.0
822	1	The	0.0
822	2	novel	15.75654
822	3	revealed	13.273339
822	4	that	1.524586
822	5	the	1.822094
822	6	young	8.327307
822	7	politician	12.411454
822	8	could	6.724381
822	9	say	10.406285
822	10	something	7.007481
822	11	to	2.76914
822	12	his	4.267334
822	13	donors	17.818443
822	14	.	1.977007
822	15	<eos>	-0.0
823	1	The	0.0
823	2	novel	15.75654
823	3	revealed	13.273339
823	4	who	12.761129
823	5	could	7.289225
823	6	say	10.096283
823	7	something	7.022056
823	8	to	3.064458
823	9	his	5.304601
823	10	donors	17.678078
823	11	.	1.671205
823	12	<eos>	-0.0
824	1	The	0.0
824	2	novel	15.75654
824	3	revealed	13.273339
824	4	who	12.761129
824	5	the	6.569498
824	6	young	8.482161
824	7	politician	11.893276
824	8	could	5.715782
824	9	say	8.834887
824	10	something	11.887667
824	11	to	3.353772
824	12	his	4.004631
824	13	donors	17.797064
824	14	.	1.303735
824	15	<eos>	-0.0
825	1	The	0.0
825	2	novel	15.75654
825	3	revealed	13.273339
825	4	that	1.524586
825	5	our	13.163885
825	6	friend	8.586658
825	7	thought	10.733902
825	8	could	14.764804
825	9	say	9.336268
825	10	something	5.361876
825	11	to	3.283146
825	12	his	6.020322
825	13	donors	17.250076
825	14	.	1.687603
825	15	<eos>	-0.0
826	1	The	0.0
826	2	novel	15.75654
826	3	revealed	13.273339
826	4	that	1.524586
826	5	our	13.163885
826	6	friend	8.586658
826	7	thought	10.733902
826	8	the	2.94787
826	9	young	8.616003
826	10	politician	13.786615
826	11	could	3.744725
826	12	say	9.601611
826	13	something	5.322081
826	14	to	2.926226
826	15	his	4.971428
826	16	donors	17.379227
826	17	.	1.739965
826	18	<eos>	-0.0
827	1	The	0.0
827	2	novel	15.75654
827	3	revealed	13.273339
827	4	who	12.761129
827	5	our	15.727907
827	6	friend	6.8973
827	7	thought	9.553432
827	8	could	8.841977
827	9	say	9.955648
827	10	something	6.321665
827	11	to	3.738181
827	12	his	6.034209
827	13	donors	17.646358
827	14	.	1.45722
827	15	<eos>	-0.0
828	1	The	0.0
828	2	novel	15.75654
828	3	revealed	13.273339
828	4	who	12.761129
828	5	our	15.727907
828	6	friend	6.8973
828	7	thought	9.553432
828	8	the	4.100929
828	9	young	9.032013
828	10	politician	13.616467
828	11	could	4.536609
828	12	say	8.526517
828	13	something	9.73791
828	14	to	3.283094
828	15	his	4.781354
828	16	donors	17.413725
828	17	.	1.484876
828	18	<eos>	-0.0
829	1	The	0.0
829	2	novel	15.75654
829	3	revealed	13.273339
829	4	that	1.524586
829	5	our	13.163885
829	6	friend	8.586658
829	7	thought	10.733902
829	8	the	2.94787
829	9	reporter	12.58854
829	10	knows	11.713312
829	11	could	15.14086
829	12	say	9.699215
829	13	something	4.267827
829	14	to	3.370314
829	15	his	5.629171
829	16	donors	18.014765
829	17	.	1.342053
829	18	<eos>	-0.0
830	1	The	0.0
830	2	novel	15.75654
830	3	revealed	13.273339
830	4	that	1.524586
830	5	our	13.163885
830	6	friend	8.586658
830	7	thought	10.733902
830	8	the	2.94787
830	9	reporter	12.58854
830	10	knows	11.713312
830	11	the	3.978675
830	12	young	12.490607
830	13	politician	13.777658
830	14	could	5.963355
830	15	say	8.191709
830	16	something	4.798237
830	17	to	3.268062
830	18	his	5.411636
830	19	donors	18.108704
830	20	.	1.160551
830	21	<eos>	-0.0
831	1	The	0.0
831	2	novel	15.75654
831	3	revealed	13.273339
831	4	who	12.761129
831	5	our	15.727907
831	6	friend	6.8973
831	7	thought	9.553432
831	8	the	4.100929
831	9	reporter	12.802058
831	10	knows	12.074018
831	11	could	9.355362
831	12	say	10.025416
831	13	something	6.716825
831	14	to	3.486431
831	15	his	5.447925
831	16	donors	17.770805
831	17	.	1.123013
831	18	<eos>	-0.0
832	1	The	0.0
832	2	novel	15.75654
832	3	revealed	13.273339
832	4	who	12.761129
832	5	our	15.727907
832	6	friend	6.8973
832	7	thought	9.553432
832	8	the	4.100929
832	9	reporter	12.802058
832	10	knows	12.074018
832	11	the	4.961331
832	12	young	11.072701
832	13	politician	13.261599
832	14	could	6.707752
832	15	say	7.869823
832	16	something	10.291869
832	17	to	3.539954
832	18	his	5.208338
832	19	donors	17.658545
832	20	.	1.011931
832	21	<eos>	-0.0
833	1	The	0.0
833	2	novel	15.75654
833	3	revealed	13.273339
833	4	that	1.524586
833	5	our	13.163885
833	6	friend	8.586658
833	7	thought	10.733902
833	8	the	2.94787
833	9	reporter	12.58854
833	10	knows	11.713312
833	11	her	7.9779
833	12	contact	11.550113
833	13	said	13.493815
833	14	could	13.984021
833	15	say	9.766255
833	16	something	5.101938
833	17	to	3.461868
833	18	his	6.293408
833	19	donors	17.979639
833	20	.	1.105945
833	21	<eos>	-0.0
834	1	The	0.0
834	2	novel	15.75654
834	3	revealed	13.273339
834	4	that	1.524586
834	5	our	13.163885
834	6	friend	8.586658
834	7	thought	10.733902
834	8	the	2.94787
834	9	reporter	12.58854
834	10	knows	11.713312
834	11	her	7.9779
834	12	contact	11.550113
834	13	said	13.493815
834	14	the	3.999801
834	15	young	9.850493
834	16	politician	13.217844
834	17	could	4.936422
834	18	say	8.742387
834	19	something	5.492171
834	20	to	3.087048
834	21	his	5.983781
834	22	donors	17.873753
834	23	.	1.171304
834	24	<eos>	-0.0
835	1	The	0.0
835	2	novel	15.75654
835	3	revealed	13.273339
835	4	who	12.761129
835	5	our	15.727907
835	6	friend	6.8973
835	7	thought	9.553432
835	8	the	4.100929
835	9	reporter	12.802058
835	10	knows	12.074018
835	11	her	8.791026
835	12	contact	12.899858
835	13	said	12.87753
835	14	could	11.082617
835	15	say	9.851833
835	16	something	5.967231
835	17	to	3.481226
835	18	his	6.182856
835	19	donors	17.849985
835	20	.	0.972481
835	21	<eos>	-0.0
836	1	The	0.0
836	2	novel	15.75654
836	3	revealed	13.273339
836	4	who	12.761129
836	5	our	15.727907
836	6	friend	6.8973
836	7	thought	9.553432
836	8	the	4.100929
836	9	reporter	12.802058
836	10	knows	12.074018
836	11	her	8.791026
836	12	contact	12.899858
836	13	said	12.87753
836	14	the	5.450929
836	15	young	8.670232
836	16	politician	13.274991
836	17	could	5.938254
836	18	say	7.784384
836	19	something	9.572915
836	20	to	3.380979
836	21	his	5.6532
836	22	donors	17.400465
836	23	.	0.945573
836	24	<eos>	-0.0
837	1	The	0.0
837	2	novel	15.75654
837	3	revealed	13.273339
837	4	that	1.524586
837	5	our	13.163885
837	6	friend	8.586658
837	7	thought	10.733902
837	8	the	2.94787
837	9	reporter	12.58854
837	10	knows	11.713312
837	11	her	7.9779
837	12	contact	11.550113
837	13	said	13.493815
837	14	could	13.984021
837	15	say	9.766255
837	16	something	5.101938
837	17	to	3.461868
837	18	his	6.293408
837	19	donors	17.979639
837	20	.	1.105945
837	21	<eos>	-0.0
838	1	The	0.0
838	2	novel	15.75654
838	3	revealed	13.273339
838	4	that	1.524586
838	5	our	13.163885
838	6	friend	8.586658
838	7	thought	10.733902
838	8	the	2.94787
838	9	reporter	12.58854
838	10	knows	11.713312
838	11	her	7.9779
838	12	contact	11.550113
838	13	said	13.493815
838	14	the	3.999801
838	15	young	9.850493
838	16	politician	13.217844
838	17	could	4.936422
838	18	say	8.742387
838	19	something	5.492171
838	20	to	3.087048
838	21	his	5.983781
838	22	donors	17.873753
838	23	.	1.171304
838	24	<eos>	-0.0
839	1	The	0.0
839	2	novel	15.75654
839	3	revealed	13.273339
839	4	who	12.761129
839	5	our	15.727907
839	6	friend	6.8973
839	7	thought	9.553432
839	8	the	4.100929
839	9	reporter	12.802058
839	10	knows	12.074018
839	11	her	8.791026
839	12	contact	12.899858
839	13	said	12.87753
839	14	could	11.082617
839	15	say	9.851833
839	16	something	5.967231
839	17	to	3.481226
839	18	his	6.182856
839	19	donors	17.849985
839	20	.	0.972481
839	21	<eos>	-0.0
840	1	The	0.0
840	2	novel	15.75654
840	3	revealed	13.273339
840	4	who	12.761129
840	5	our	15.727907
840	6	friend	6.8973
840	7	thought	9.553432
840	8	the	4.100929
840	9	reporter	12.802058
840	10	knows	12.074018
840	11	her	8.791026
840	12	contact	12.899858
840	13	said	12.87753
840	14	the	5.450929
840	15	young	8.670232
840	16	politician	13.274991
840	17	could	5.938254
840	18	say	7.784384
840	19	something	9.572915
840	20	to	3.380979
840	21	his	5.6532
840	22	donors	17.400465
840	23	.	0.945573
840	24	<eos>	-0.0
841	1	I	0.0
841	2	realized	10.70379
841	3	that	0.826327
841	4	should	12.458223
841	5	see	11.138312
841	6	a	3.763758
841	7	painting	10.952756
841	8	at	5.589268
841	9	the	1.123724
841	10	museum	5.884491
841	11	.	2.969574
841	12	<eos>	-0.0
842	1	I	0.0
842	2	realized	10.70379
842	3	that	0.826327
842	4	the	2.072847
842	5	suffering	13.361823
842	6	artist	17.415216
842	7	should	5.68684
842	8	see	9.000481
842	9	a	3.684268
842	10	painting	9.625343
842	11	at	5.740043
842	12	the	0.969898
842	13	museum	5.722661
842	14	.	1.844
842	15	<eos>	-0.0
843	1	I	0.0
843	2	realized	10.70379
843	3	who	8.910713
843	4	should	7.035548
843	5	see	6.766722
843	6	a	4.291946
843	7	painting	10.072719
843	8	at	5.30807
843	9	the	0.945269
843	10	museum	5.536262
843	11	.	1.209491
843	12	<eos>	-0.0
844	1	I	0.0
844	2	realized	10.70379
844	3	who	8.910713
844	4	the	6.23978
844	5	suffering	14.782404
844	6	artist	17.191061
844	7	should	5.466401
844	8	see	7.57249
844	9	a	7.934244
844	10	painting	10.62301
844	11	at	6.588343
844	12	the	1.036686
844	13	museum	6.047253
844	14	.	1.145447
844	15	<eos>	-0.0
845	1	I	0.0
845	2	realized	10.70379
845	3	that	0.826327
845	4	the	2.072847
845	5	painter	15.507481
845	6	believed	9.709238
845	7	should	13.265459
845	8	see	10.323961
845	9	a	3.806833
845	10	painting	6.243073
845	11	at	5.650575
845	12	the	1.047961
845	13	museum	5.685284
845	14	.	1.413783
845	15	<eos>	-0.0
846	1	I	0.0
846	2	realized	10.70379
846	3	that	0.826327
846	4	the	2.072847
846	5	painter	15.507481
846	6	believed	9.709238
846	7	the	2.938065
846	8	suffering	13.490589
846	9	artist	14.286286
846	10	should	3.379593
846	11	see	9.03371
846	12	a	3.613148
846	13	painting	6.694243
846	14	at	5.90447
846	15	the	0.996429
846	16	museum	5.25561
846	17	.	1.531982
846	18	<eos>	-0.0
847	1	I	0.0
847	2	realized	10.70379
847	3	who	8.910713
847	4	the	6.23978
847	5	painter	13.821267
847	6	believed	9.374365
847	7	should	8.661845
847	8	see	10.313336
847	9	a	4.468915
847	10	painting	6.54671
847	11	at	5.534555
847	12	the	0.910099
847	13	museum	5.649571
847	14	.	1.070855
847	15	<eos>	-0.0
848	1	I	0.0
848	2	realized	10.70379
848	3	who	8.910713
848	4	the	6.23978
848	5	painter	13.821267
848	6	believed	9.374365
848	7	the	5.022815
848	8	suffering	14.00886
848	9	artist	15.688577
848	10	should	4.434534
848	11	see	8.028944
848	12	a	7.9203
848	13	painting	7.97219
848	14	at	6.654684
848	15	the	0.960697
848	16	museum	5.481772
848	17	.	0.959377
848	18	<eos>	-0.0
849	1	I	0.0
849	2	realized	10.70379
849	3	that	0.826327
849	4	the	2.072847
849	5	painter	15.507481
849	6	believed	9.709238
849	7	his	6.598816
849	8	rival	12.96275
849	9	suspected	16.70166
849	10	should	11.458789
849	11	see	10.298732
849	12	a	3.585948
849	13	painting	7.558773
849	14	at	5.645061
849	15	the	0.988882
849	16	museum	5.675569
849	17	.	1.17086
849	18	<eos>	-0.0
850	1	I	0.0
850	2	realized	10.70379
850	3	that	0.826327
850	4	the	2.072847
850	5	painter	15.507481
850	6	believed	9.709238
850	7	his	6.598816
850	8	rival	12.96275
850	9	suspected	16.70166
850	10	the	3.388716
850	11	suffering	15.353897
850	12	artist	14.309937
850	13	should	4.282905
850	14	see	9.421001
850	15	a	3.872325
850	16	painting	6.56984
850	17	at	5.505571
850	18	the	0.928577
850	19	museum	5.313739
850	20	.	1.177294
850	21	<eos>	-0.0
851	1	I	0.0
851	2	realized	10.70379
851	3	who	8.910713
851	4	the	6.23978
851	5	painter	13.821267
851	6	believed	9.374365
851	7	his	8.449496
851	8	rival	12.330931
851	9	suspected	18.563812
851	10	should	7.789176
851	11	see	11.878943
851	12	a	4.166018
851	13	painting	7.495432
851	14	at	5.745229
851	15	the	0.920615
851	16	museum	5.557491
851	17	.	0.940073
851	18	<eos>	-0.0
852	1	I	0.0
852	2	realized	10.70379
852	3	who	8.910713
852	4	the	6.23978
852	5	painter	13.821267
852	6	believed	9.374365
852	7	his	8.449496
852	8	rival	12.330931
852	9	suspected	18.563812
852	10	the	5.84727
852	11	suffering	15.118411
852	12	artist	14.874825
852	13	should	4.704005
852	14	see	9.00396
852	15	a	5.909
852	16	painting	7.311126
852	17	at	5.881259
852	18	the	0.88333
852	19	museum	5.267532
852	20	.	0.906835
852	21	<eos>	-0.0
853	1	I	0.0
853	2	realized	10.70379
853	3	that	0.826327
853	4	the	2.072847
853	5	painter	15.507481
853	6	believed	9.709238
853	7	his	6.598816
853	8	rival	12.96275
853	9	suspected	16.70166
853	10	the	3.388716
853	11	man	7.72374
853	12	said	11.816598
853	13	should	9.86966
853	14	see	9.055403
853	15	a	3.981712
853	16	painting	6.312878
853	17	at	5.381466
853	18	the	0.941639
853	19	museum	5.918535
853	20	.	1.079405
853	21	<eos>	-0.0
854	1	I	0.0
854	2	realized	10.70379
854	3	that	0.826327
854	4	the	2.072847
854	5	painter	15.507481
854	6	believed	9.709238
854	7	his	6.598816
854	8	rival	12.96275
854	9	suspected	16.70166
854	10	the	3.388716
854	11	man	7.72374
854	12	said	11.816598
854	13	the	5.288538
854	14	suffering	14.847774
854	15	artist	16.314665
854	16	should	4.448913
854	17	see	9.127139
854	18	a	4.144729
854	19	painting	6.796635
854	20	at	5.627144
854	21	the	0.881836
854	22	museum	5.367692
854	23	.	1.063898
854	24	<eos>	-0.0
855	1	I	0.0
855	2	realized	10.70379
855	3	who	8.910713
855	4	the	6.23978
855	5	painter	13.821267
855	6	believed	9.374365
855	7	his	8.449496
855	8	rival	12.330931
855	9	suspected	18.563812
855	10	the	5.84727
855	11	man	7.596605
855	12	said	11.562387
855	13	should	10.003718
855	14	see	8.895519
855	15	a	4.181322
855	16	painting	6.733833
855	17	at	5.369753
855	18	the	0.883269
855	19	museum	5.486321
855	20	.	0.901301
855	21	<eos>	-0.0
856	1	I	0.0
856	2	realized	10.70379
856	3	who	8.910713
856	4	the	6.23978
856	5	painter	13.821267
856	6	believed	9.374365
856	7	his	8.449496
856	8	rival	12.330931
856	9	suspected	18.563812
856	10	the	5.84727
856	11	man	7.596605
856	12	said	11.562387
856	13	the	5.528698
856	14	suffering	14.751934
856	15	artist	16.223028
856	16	should	4.73134
856	17	see	8.839293
856	18	a	4.163994
856	19	painting	7.02064
856	20	at	5.513651
856	21	the	0.836753
856	22	museum	4.843114
856	23	.	0.919489
856	24	<eos>	-0.0
857	1	I	0.0
857	2	realized	10.70379
857	3	that	0.826327
857	4	the	2.072847
857	5	painter	15.507481
857	6	believed	9.709238
857	7	his	6.598816
857	8	rival	12.96275
857	9	suspected	16.70166
857	10	the	3.388716
857	11	man	7.72374
857	12	said	11.816598
857	13	should	9.86966
857	14	see	9.055403
857	15	a	3.981712
857	16	painting	6.312878
857	17	at	5.381466
857	18	the	0.941639
857	19	museum	5.918535
857	20	.	1.079405
857	21	<eos>	-0.0
858	1	I	0.0
858	2	realized	10.70379
858	3	that	0.826327
858	4	the	2.072847
858	5	painter	15.507481
858	6	believed	9.709238
858	7	his	6.598816
858	8	rival	12.96275
858	9	suspected	16.70166
858	10	the	3.388716
858	11	man	7.72374
858	12	said	11.816598
858	13	the	5.288538
858	14	suffering	14.847774
858	15	artist	16.314665
858	16	should	4.448913
858	17	see	9.127139
858	18	a	4.144729
858	19	painting	6.796635
858	20	at	5.627144
858	21	the	0.881836
858	22	museum	5.367692
858	23	.	1.063898
858	24	<eos>	-0.0
859	1	I	0.0
859	2	realized	10.70379
859	3	who	8.910713
859	4	the	6.23978
859	5	painter	13.821267
859	6	believed	9.374365
859	7	his	8.449496
859	8	rival	12.330931
859	9	suspected	18.563812
859	10	the	5.84727
859	11	man	7.596605
859	12	said	11.562387
859	13	should	10.003718
859	14	see	8.895519
859	15	a	4.181322
859	16	painting	6.733833
859	17	at	5.369753
859	18	the	0.883269
859	19	museum	5.486321
859	20	.	0.901301
859	21	<eos>	-0.0
860	1	I	0.0
860	2	realized	10.70379
860	3	who	8.910713
860	4	the	6.23978
860	5	painter	13.821267
860	6	believed	9.374365
860	7	his	8.449496
860	8	rival	12.330931
860	9	suspected	18.563812
860	10	the	5.84727
860	11	man	7.596605
860	12	said	11.562387
860	13	the	5.528698
860	14	suffering	14.751934
860	15	artist	16.223028
860	16	should	4.73134
860	17	see	8.839293
860	18	a	4.163994
860	19	painting	7.02064
860	20	at	5.513651
860	21	the	0.836753
860	22	museum	4.843114
860	23	.	0.919489
860	24	<eos>	-0.0
861	1	Her	0.0
861	2	friend	11.799559
861	3	found	14.413343
861	4	out	4.35195
861	5	that	1.181744
861	6	could	15.434698
861	7	tell	9.289894
861	8	a	5.547753
861	9	story	1.930343
861	10	to	4.502498
861	11	the	2.636685
861	12	guests	10.390316
861	13	.	1.673708
861	14	<eos>	-0.0
862	1	Her	0.0
862	2	friend	11.799559
862	3	found	14.413343
862	4	out	4.35195
862	5	that	1.181744
862	6	the	2.945984
862	7	visitor	14.114315
862	8	could	5.442613
862	9	tell	7.997288
862	10	a	5.204675
862	11	story	1.632603
862	12	to	4.169043
862	13	the	2.600621
862	14	guests	10.16445
862	15	.	1.713721
862	16	<eos>	-0.0
863	1	Her	0.0
863	2	friend	11.799559
863	3	found	14.413343
863	4	out	4.35195
863	5	who	6.631674
863	6	could	7.358453
863	7	tell	7.390173
863	8	a	5.953115
863	9	story	2.117607
863	10	to	4.545805
863	11	the	2.647794
863	12	guests	10.196588
863	13	.	1.303601
863	14	<eos>	-0.0
864	1	Her	0.0
864	2	friend	11.799559
864	3	found	14.413343
864	4	out	4.35195
864	5	who	6.631674
864	6	the	5.499523
864	7	visitor	12.235601
864	8	could	5.853024
864	9	tell	7.081386
864	10	a	6.132751
864	11	story	3.562257
864	12	to	5.731667
864	13	the	3.158985
864	14	guests	11.002894
864	15	.	1.168879
864	16	<eos>	-0.0
865	1	Her	0.0
865	2	friend	11.799559
865	3	found	14.413343
865	4	out	4.35195
865	5	that	1.181744
865	6	my	15.545675
865	7	friend	6.478185
865	8	believed	9.669543
865	9	could	15.550943
865	10	tell	9.109714
865	11	a	5.035302
865	12	story	1.875609
865	13	to	4.584468
865	14	the	2.992753
865	15	guests	10.834307
865	16	.	1.559641
865	17	<eos>	-0.0
866	1	Her	0.0
866	2	friend	11.799559
866	3	found	14.413343
866	4	out	4.35195
866	5	that	1.181744
866	6	my	15.545675
866	7	friend	6.478185
866	8	believed	9.669543
866	9	the	3.784048
866	10	visitor	14.716885
866	11	could	5.018515
866	12	tell	7.4778
866	13	a	4.999867
866	14	story	1.548507
866	15	to	4.688376
866	16	the	2.779595
866	17	guests	10.625714
866	18	.	1.438303
866	19	<eos>	-0.0
867	1	Her	0.0
867	2	friend	11.799559
867	3	found	14.413343
867	4	out	4.35195
867	5	who	6.631674
867	6	my	16.700027
867	7	friend	5.913062
867	8	believed	8.461964
867	9	could	8.60816
867	10	tell	9.055356
867	11	a	5.591096
867	12	story	1.94498
867	13	to	4.631542
867	14	the	2.908153
867	15	guests	10.811868
867	16	.	1.247432
867	17	<eos>	-0.0
868	1	Her	0.0
868	2	friend	11.799559
868	3	found	14.413343
868	4	out	4.35195
868	5	who	6.631674
868	6	my	16.700027
868	7	friend	5.913062
868	8	believed	8.461964
868	9	the	4.029392
868	10	visitor	14.102649
868	11	could	5.015143
868	12	tell	7.429606
868	13	a	5.447733
868	14	story	2.983186
868	15	to	5.374022
868	16	the	2.87113
868	17	guests	11.305429
868	18	.	1.048559
868	19	<eos>	-0.0
869	1	Her	0.0
869	2	friend	11.799559
869	3	found	14.413343
869	4	out	4.35195
869	5	that	1.181744
869	6	my	15.545675
869	7	friend	6.478185
869	8	believed	9.669543
869	9	the	3.784048
869	10	professor	15.776816
869	11	said	11.55961
869	12	could	12.793692
869	13	tell	8.189623
869	14	a	5.232558
869	15	story	1.868224
869	16	to	4.629062
869	17	the	2.911377
869	18	guests	10.984983
869	19	.	1.419183
869	20	<eos>	-0.0
870	1	Her	0.0
870	2	friend	11.799559
870	3	found	14.413343
870	4	out	4.35195
870	5	that	1.181744
870	6	my	15.545675
870	7	friend	6.478185
870	8	believed	9.669543
870	9	the	3.784048
870	10	professor	15.776816
870	11	said	11.55961
870	12	the	3.914557
870	13	visitor	14.487816
870	14	could	5.187756
870	15	tell	7.477149
870	16	a	5.321959
870	17	story	1.519153
870	18	to	4.652048
870	19	the	2.751629
870	20	guests	10.21314
870	21	.	1.408058
870	22	<eos>	-0.0
871	1	Her	0.0
871	2	friend	11.799559
871	3	found	14.413343
871	4	out	4.35195
871	5	who	6.631674
871	6	my	16.700027
871	7	friend	5.913062
871	8	believed	8.461964
871	9	the	4.029392
871	10	professor	14.669903
871	11	said	10.668058
871	12	could	7.873658
871	13	tell	9.571959
871	14	a	5.479057
871	15	story	1.966022
871	16	to	4.63589
871	17	the	2.790371
871	18	guests	11.501369
871	19	.	1.078262
871	20	<eos>	-0.0
872	1	Her	0.0
872	2	friend	11.799559
872	3	found	14.413343
872	4	out	4.35195
872	5	who	6.631674
872	6	my	16.700027
872	7	friend	5.913062
872	8	believed	8.461964
872	9	the	4.029392
872	10	professor	14.669903
872	11	said	10.668058
872	12	the	6.136935
872	13	visitor	13.245639
872	14	could	5.685344
872	15	tell	6.917723
872	16	a	5.564602
872	17	story	1.889177
872	18	to	4.541701
872	19	the	2.665162
872	20	guests	10.618876
872	21	.	1.125082
872	22	<eos>	-0.0
873	1	Her	0.0
873	2	friend	11.799559
873	3	found	14.413343
873	4	out	4.35195
873	5	that	1.181744
873	6	my	15.545675
873	7	friend	6.478185
873	8	believed	9.669543
873	9	the	3.784048
873	10	professor	15.776816
873	11	said	11.55961
873	12	his	7.45132
873	13	colleague	9.97044
873	14	noticed	13.340505
873	15	could	13.505412
873	16	tell	8.772992
873	17	a	5.426821
873	18	story	1.976662
873	19	to	4.854221
873	20	the	2.788886
873	21	guests	11.09193
873	22	.	1.237245
873	23	<eos>	-0.0
874	1	Her	0.0
874	2	friend	11.799559
874	3	found	14.413343
874	4	out	4.35195
874	5	that	1.181744
874	6	my	15.545675
874	7	friend	6.478185
874	8	believed	9.669543
874	9	the	3.784048
874	10	professor	15.776816
874	11	said	11.55961
874	12	his	7.45132
874	13	colleague	9.97044
874	14	noticed	13.340505
874	15	the	3.10602
874	16	visitor	15.806893
874	17	could	8.391384
874	18	tell	7.453506
874	19	a	5.712755
874	20	story	1.72223
874	21	to	4.84948
874	22	the	2.773472
874	23	guests	10.370006
874	24	.	1.006899
874	25	<eos>	-0.0
875	1	Her	0.0
875	2	friend	11.799559
875	3	found	14.413343
875	4	out	4.35195
875	5	who	6.631674
875	6	my	16.700027
875	7	friend	5.913062
875	8	believed	8.461964
875	9	the	4.029392
875	10	professor	14.669903
875	11	said	10.668058
875	12	his	10.071459
875	13	colleague	9.384958
875	14	noticed	11.973066
875	15	could	12.350993
875	16	tell	9.10505
875	17	a	5.386737
875	18	story	1.941066
875	19	to	4.900909
875	20	the	2.71199
875	21	guests	11.21147
875	22	.	1.123436
875	23	<eos>	-0.0
876	1	Her	0.0
876	2	friend	11.799559
876	3	found	14.413343
876	4	out	4.35195
876	5	who	6.631674
876	6	my	16.700027
876	7	friend	5.913062
876	8	believed	8.461964
876	9	the	4.029392
876	10	professor	14.669903
876	11	said	10.668058
876	12	his	10.071459
876	13	colleague	9.384958
876	14	noticed	11.973066
876	15	the	3.138299
876	16	visitor	15.561348
876	17	could	8.398443
876	18	tell	7.527491
876	19	a	5.601045
876	20	story	1.674547
876	21	to	4.865687
876	22	the	2.682056
876	23	guests	10.539935
876	24	.	0.954442
876	25	<eos>	-0.0
877	1	Her	0.0
877	2	friend	11.799559
877	3	found	14.413343
877	4	out	4.35195
877	5	that	1.181744
877	6	my	15.545675
877	7	friend	6.478185
877	8	believed	9.669543
877	9	the	3.784048
877	10	professor	15.776816
877	11	said	11.55961
877	12	his	7.45132
877	13	colleague	9.97044
877	14	noticed	13.340505
877	15	could	13.505412
877	16	tell	8.772992
877	17	a	5.426821
877	18	story	1.976662
877	19	to	4.854221
877	20	the	2.788886
877	21	guests	11.09193
877	22	.	1.237245
877	23	<eos>	-0.0
878	1	Her	0.0
878	2	friend	11.799559
878	3	found	14.413343
878	4	out	4.35195
878	5	that	1.181744
878	6	my	15.545675
878	7	friend	6.478185
878	8	believed	9.669543
878	9	the	3.784048
878	10	professor	15.776816
878	11	said	11.55961
878	12	his	7.45132
878	13	colleague	9.97044
878	14	noticed	13.340505
878	15	the	3.10602
878	16	visitor	15.806893
878	17	could	8.391384
878	18	tell	7.453506
878	19	a	5.712755
878	20	story	1.72223
878	21	to	4.84948
878	22	the	2.773472
878	23	guests	10.370006
878	24	.	1.006899
878	25	<eos>	-0.0
879	1	Her	0.0
879	2	friend	11.799559
879	3	found	14.413343
879	4	out	4.35195
879	5	who	6.631674
879	6	my	16.700027
879	7	friend	5.913062
879	8	believed	8.461964
879	9	the	4.029392
879	10	professor	14.669903
879	11	said	10.668058
879	12	his	10.071459
879	13	colleague	9.384958
879	14	noticed	11.973066
879	15	could	12.350993
879	16	tell	9.10505
879	17	a	5.386737
879	18	story	1.941066
879	19	to	4.900909
879	20	the	2.71199
879	21	guests	11.21147
879	22	.	1.123436
879	23	<eos>	-0.0
880	1	Her	0.0
880	2	friend	11.799559
880	3	found	14.413343
880	4	out	4.35195
880	5	who	6.631674
880	6	my	16.700027
880	7	friend	5.913062
880	8	believed	8.461964
880	9	the	4.029392
880	10	professor	14.669903
880	11	said	10.668058
880	12	his	10.071459
880	13	colleague	9.384958
880	14	noticed	11.973066
880	15	the	3.138299
880	16	visitor	15.561348
880	17	could	8.398443
880	18	tell	7.527491
880	19	a	5.601045
880	20	story	1.674547
880	21	to	4.865687
880	22	the	2.682056
880	23	guests	10.539935
880	24	.	0.954442
880	25	<eos>	-0.0
881	1	The	0.0
881	2	newspaper	15.903531
881	3	reported	7.315045
881	4	that	0.656248
881	5	might	17.832266
881	6	sell	11.025892
881	7	a	3.309888
881	8	car	7.416838
881	9	to	2.039817
881	10	his	6.523635
881	11	friend	5.359161
881	12	.	4.071273
881	13	<eos>	-0.0
882	1	The	0.0
882	2	newspaper	15.903531
882	3	reported	7.315045
882	4	that	0.656248
882	5	the	2.181931
882	6	boss	14.823406
882	7	might	9.977668
882	8	sell	9.926673
882	9	a	3.664465
882	10	car	6.151297
882	11	to	1.964907
882	12	his	5.250485
882	13	friend	5.197165
882	14	.	3.757187
882	15	<eos>	-0.0
883	1	The	0.0
883	2	newspaper	15.903531
883	3	reported	7.315045
883	4	who	12.852704
883	5	might	10.680171
883	6	sell	8.877619
883	7	a	4.132186
883	8	car	6.55225
883	9	to	1.848367
883	10	his	5.715487
883	11	friend	4.789846
883	12	.	4.216622
883	13	<eos>	-0.0
884	1	The	0.0
884	2	newspaper	15.903531
884	3	reported	7.315045
884	4	who	12.852704
884	5	the	7.61484
884	6	boss	14.136836
884	7	might	8.961037
884	8	sell	9.593322
884	9	a	3.75691
884	10	car	6.309497
884	11	to	2.406268
884	12	his	4.90142
884	13	friend	4.791797
884	14	.	3.394536
884	15	<eos>	-0.0
885	1	The	0.0
885	2	newspaper	15.903531
885	3	reported	7.315045
885	4	that	0.656248
885	5	the	2.181931
885	6	investigator	15.281781
885	7	thought	9.428214
885	8	might	15.024883
885	9	sell	11.932621
885	10	a	3.19682
885	11	car	8.356228
885	12	to	2.438598
885	13	his	5.925129
885	14	friend	5.086873
885	15	.	3.394864
885	16	<eos>	-0.0
886	1	The	0.0
886	2	newspaper	15.903531
886	3	reported	7.315045
886	4	that	0.656248
886	5	the	2.181931
886	6	investigator	15.281781
886	7	thought	9.428214
886	8	the	3.220821
886	9	boss	14.625125
886	10	might	6.67565
886	11	sell	10.435349
886	12	a	3.693243
886	13	car	6.062031
886	14	to	2.084094
886	15	his	4.986691
886	16	friend	5.056185
886	17	.	3.301627
886	18	<eos>	-0.0
887	1	The	0.0
887	2	newspaper	15.903531
887	3	reported	7.315045
887	4	who	12.852704
887	5	the	7.61484
887	6	investigator	13.288904
887	7	thought	8.73087
887	8	might	9.246187
887	9	sell	10.884663
887	10	a	3.327846
887	11	car	7.846444
887	12	to	2.709967
887	13	his	5.528137
887	14	friend	4.918214
887	15	.	3.211518
887	16	<eos>	-0.0
888	1	The	0.0
888	2	newspaper	15.903531
888	3	reported	7.315045
888	4	who	12.852704
888	5	the	7.61484
888	6	investigator	13.288904
888	7	thought	8.73087
888	8	the	4.261078
888	9	boss	14.557565
888	10	might	6.634007
888	11	sell	10.876046
888	12	a	4.365268
888	13	car	6.90443
888	14	to	2.463887
888	15	his	4.890382
888	16	friend	4.701654
888	17	.	2.793037
888	18	<eos>	-0.0
889	1	The	0.0
889	2	newspaper	15.903531
889	3	reported	7.315045
889	4	that	0.656248
889	5	the	2.181931
889	6	investigator	15.281781
889	7	thought	9.428214
889	8	the	3.220821
889	9	businessman	16.949793
889	10	believed	9.478601
889	11	might	10.430847
889	12	sell	10.495003
889	13	a	3.413471
889	14	car	7.387571
889	15	to	2.753028
889	16	his	5.074008
889	17	friend	5.275248
889	18	.	3.078998
889	19	<eos>	-0.0
890	1	The	0.0
890	2	newspaper	15.903531
890	3	reported	7.315045
890	4	that	0.656248
890	5	the	2.181931
890	6	investigator	15.281781
890	7	thought	9.428214
890	8	the	3.220821
890	9	businessman	16.949793
890	10	believed	9.478601
890	11	the	3.432453
890	12	boss	13.775071
890	13	might	6.773081
890	14	sell	9.651034
890	15	a	3.505042
890	16	car	6.240282
890	17	to	2.343715
890	18	his	4.634751
890	19	friend	5.161772
890	20	.	2.814187
890	21	<eos>	-0.0
891	1	The	0.0
891	2	newspaper	15.903531
891	3	reported	7.315045
891	4	who	12.852704
891	5	the	7.61484
891	6	investigator	13.288904
891	7	thought	8.73087
891	8	the	4.261078
891	9	businessman	16.513275
891	10	believed	8.736115
891	11	might	7.105397
891	12	sell	9.50963
891	13	a	3.875193
891	14	car	6.987974
891	15	to	3.040476
891	16	his	4.984086
891	17	friend	5.297281
891	18	.	2.589792
891	19	<eos>	-0.0
892	1	The	0.0
892	2	newspaper	15.903531
892	3	reported	7.315045
892	4	who	12.852704
892	5	the	7.61484
892	6	investigator	13.288904
892	7	thought	8.73087
892	8	the	4.261078
892	9	businessman	16.513275
892	10	believed	8.736115
892	11	the	5.220109
892	12	boss	13.525324
892	13	might	7.409276
892	14	sell	9.309546
892	15	a	3.564382
892	16	car	5.667639
892	17	to	2.396715
892	18	his	4.652662
892	19	friend	5.072867
892	20	.	2.531721
892	21	<eos>	-0.0
893	1	The	0.0
893	2	newspaper	15.903531
893	3	reported	7.315045
893	4	that	0.656248
893	5	the	2.181931
893	6	investigator	15.281781
893	7	thought	9.428214
893	8	the	3.220821
893	9	businessman	16.949793
893	10	believed	9.478601
893	11	the	3.432453
893	12	banker	13.963907
893	13	said	11.810635
893	14	might	11.875848
893	15	sell	9.058062
893	16	a	3.375596
893	17	car	7.488804
893	18	to	2.779645
893	19	his	4.34028
893	20	friend	5.037491
893	21	.	2.700843
893	22	<eos>	-0.0
894	1	The	0.0
894	2	newspaper	15.903531
894	3	reported	7.315045
894	4	that	0.656248
894	5	the	2.181931
894	6	investigator	15.281781
894	7	thought	9.428214
894	8	the	3.220821
894	9	businessman	16.949793
894	10	believed	9.478601
894	11	the	3.432453
894	12	banker	13.963907
894	13	said	11.810635
894	14	the	3.896652
894	15	boss	12.118279
894	16	might	6.608665
894	17	sell	8.689765
894	18	a	3.703862
894	19	car	6.18151
894	20	to	2.32931
894	21	his	4.316024
894	22	friend	5.203341
894	23	.	2.589813
894	24	<eos>	-0.0
895	1	The	0.0
895	2	newspaper	15.903531
895	3	reported	7.315045
895	4	who	12.852704
895	5	the	7.61484
895	6	investigator	13.288904
895	7	thought	8.73087
895	8	the	4.261078
895	9	businessman	16.513275
895	10	believed	8.736115
895	11	the	5.220109
895	12	banker	13.900382
895	13	said	10.819512
895	14	might	11.490099
895	15	sell	9.190354
895	16	a	3.387354
895	17	car	7.085501
895	18	to	2.871999
895	19	his	4.460407
895	20	friend	5.066854
895	21	.	2.378147
895	22	<eos>	-0.0
896	1	The	0.0
896	2	newspaper	15.903531
896	3	reported	7.315045
896	4	who	12.852704
896	5	the	7.61484
896	6	investigator	13.288904
896	7	thought	8.73087
896	8	the	4.261078
896	9	businessman	16.513275
896	10	believed	8.736115
896	11	the	5.220109
896	12	banker	13.900382
896	13	said	10.819512
896	14	the	3.916698
896	15	boss	12.337253
896	16	might	7.085204
896	17	sell	8.547482
896	18	a	3.686937
896	19	car	5.892738
896	20	to	2.413883
896	21	his	4.369835
896	22	friend	5.21994
896	23	.	2.356059
896	24	<eos>	-0.0
897	1	The	0.0
897	2	newspaper	15.903531
897	3	reported	7.315045
897	4	that	0.656248
897	5	the	2.181931
897	6	investigator	15.281781
897	7	thought	9.428214
897	8	the	3.220821
897	9	businessman	16.949793
897	10	believed	9.478601
897	11	the	3.432453
897	12	banker	13.963907
897	13	said	11.810635
897	14	might	11.875848
897	15	sell	9.058062
897	16	a	3.375596
897	17	car	7.488804
897	18	to	2.779645
897	19	his	4.34028
897	20	friend	5.037491
897	21	.	2.700843
897	22	<eos>	-0.0
898	1	The	0.0
898	2	newspaper	15.903531
898	3	reported	7.315045
898	4	that	0.656248
898	5	the	2.181931
898	6	investigator	15.281781
898	7	thought	9.428214
898	8	the	3.220821
898	9	businessman	16.949793
898	10	believed	9.478601
898	11	the	3.432453
898	12	banker	13.963907
898	13	said	11.810635
898	14	the	3.896652
898	15	boss	12.118279
898	16	might	6.608665
898	17	sell	8.689765
898	18	a	3.703862
898	19	car	6.18151
898	20	to	2.32931
898	21	his	4.316024
898	22	friend	5.203341
898	23	.	2.589813
898	24	<eos>	-0.0
899	1	The	0.0
899	2	newspaper	15.903531
899	3	reported	7.315045
899	4	who	12.852704
899	5	the	7.61484
899	6	investigator	13.288904
899	7	thought	8.73087
899	8	the	4.261078
899	9	businessman	16.513275
899	10	believed	8.736115
899	11	the	5.220109
899	12	banker	13.900382
899	13	said	10.819512
899	14	might	11.490099
899	15	sell	9.190354
899	16	a	3.387354
899	17	car	7.085501
899	18	to	2.871999
899	19	his	4.460407
899	20	friend	5.066854
899	21	.	2.378147
899	22	<eos>	-0.0
900	1	The	0.0
900	2	newspaper	15.903531
900	3	reported	7.315045
900	4	who	12.852704
900	5	the	7.61484
900	6	investigator	13.288904
900	7	thought	8.73087
900	8	the	4.261078
900	9	businessman	16.513275
900	10	believed	8.736115
900	11	the	5.220109
900	12	banker	13.900382
900	13	said	10.819512
900	14	the	3.916698
900	15	boss	12.337253
900	16	might	7.085204
900	17	sell	8.547482
900	18	a	3.686937
900	19	car	5.892738
900	20	to	2.413883
900	21	his	4.369835
900	22	friend	5.21994
900	23	.	2.356059
900	24	<eos>	-0.0
901	1	I	0.0
901	2	know	6.278276
901	3	that	2.352433
901	4	will	11.602566
901	5	promise	15.0932
901	6	a	5.039351
901	7	raise	12.729413
901	8	to	3.762251
901	9	the	2.787222
901	10	factory	12.497845
901	11	workers	7.722253
901	12	.	1.744701
901	13	<eos>	-0.0
902	1	I	0.0
902	2	know	6.278276
902	3	that	2.352433
902	4	the	2.35511
902	5	business	10.382227
902	6	man	9.816299
902	7	will	6.008791
902	8	promise	12.806758
902	9	a	5.223748
902	10	raise	11.046918
902	11	to	3.338242
902	12	the	4.054969
902	13	factory	10.44933
902	14	workers	8.295995
902	15	.	1.77895
902	16	<eos>	-0.0
903	1	I	0.0
903	2	know	6.278276
903	3	who	6.580016
903	4	will	5.949539
903	5	promise	15.230719
903	6	a	5.883046
903	7	raise	12.25604
903	8	to	3.706385
903	9	the	2.897652
903	10	factory	12.261759
903	11	workers	8.615987
903	12	.	1.441692
903	13	<eos>	-0.0
904	1	I	0.0
904	2	know	6.278276
904	3	who	6.580016
904	4	the	5.056487
904	5	business	10.348457
904	6	man	9.435298
904	7	will	5.716359
904	8	promise	13.545631
904	9	a	8.639197
904	10	raise	12.985993
904	11	to	4.132166
904	12	the	4.463191
904	13	factory	10.577548
904	14	workers	8.467843
904	15	.	1.688306
904	16	<eos>	-0.0
905	1	I	0.0
905	2	know	6.278276
905	3	that	2.352433
905	4	the	2.35511
905	5	secretary	15.6415
905	6	said	8.976254
905	7	will	13.068644
905	8	promise	14.125707
905	9	a	5.093509
905	10	raise	11.943437
905	11	to	3.193942
905	12	the	2.34948
905	13	factory	12.132058
905	14	workers	7.19344
905	15	.	1.744359
905	16	<eos>	-0.0
906	1	I	0.0
906	2	know	6.278276
906	3	that	2.352433
906	4	the	2.35511
906	5	secretary	15.6415
906	6	said	8.976254
906	7	the	3.099807
906	8	business	10.738096
906	9	man	10.307231
906	10	will	6.801747
906	11	promise	12.612403
906	12	a	5.143149
906	13	raise	10.966084
906	14	to	3.151761
906	15	the	3.840297
906	16	factory	10.173683
906	17	workers	7.706032
906	18	.	1.675218
906	19	<eos>	-0.0
907	1	I	0.0
907	2	know	6.278276
907	3	who	6.580016
907	4	the	5.056487
907	5	secretary	14.518427
907	6	said	7.634206
907	7	will	8.027019
907	8	promise	13.58795
907	9	a	6.002673
907	10	raise	12.101825
907	11	to	3.656805
907	12	the	2.382415
907	13	factory	12.098429
907	14	workers	7.528785
907	15	.	1.35227
907	16	<eos>	-0.0
908	1	I	0.0
908	2	know	6.278276
908	3	who	6.580016
908	4	the	5.056487
908	5	secretary	14.518427
908	6	said	7.634206
908	7	the	5.207767
908	8	business	10.564448
908	9	man	9.034189
908	10	will	7.040956
908	11	promise	12.566635
908	12	a	8.207
908	13	raise	12.188632
908	14	to	4.051654
908	15	the	3.960224
908	16	factory	10.29185
908	17	workers	8.139601
908	18	.	1.420864
908	19	<eos>	-0.0
909	1	I	0.0
909	2	know	6.278276
909	3	that	2.352433
909	4	the	2.35511
909	5	secretary	15.6415
909	6	said	8.976254
909	7	the	3.099807
909	8	journalist	12.411575
909	9	remarked	12.28931
909	10	will	16.54425
909	11	promise	14.117601
909	12	a	5.502434
909	13	raise	12.068222
909	14	to	3.367554
909	15	the	2.207231
909	16	factory	12.70927
909	17	workers	7.631668
909	18	.	1.80633
909	19	<eos>	-0.0
910	1	I	0.0
910	2	know	6.278276
910	3	that	2.352433
910	4	the	2.35511
910	5	secretary	15.6415
910	6	said	8.976254
910	7	the	3.099807
910	8	journalist	12.411575
910	9	remarked	12.28931
910	10	the	5.833444
910	11	business	12.59912
910	12	man	11.273577
910	13	will	8.005137
910	14	promise	12.324576
910	15	a	5.044709
910	16	raise	11.093868
910	17	to	3.093243
910	18	the	3.538989
910	19	factory	10.886949
910	20	workers	8.063247
910	21	.	1.701384
910	22	<eos>	-0.0
911	1	I	0.0
911	2	know	6.278276
911	3	who	6.580016
911	4	the	5.056487
911	5	secretary	14.518427
911	6	said	7.634206
911	7	the	5.207767
911	8	journalist	11.978044
911	9	remarked	11.464731
911	10	will	10.628487
911	11	promise	14.87859
911	12	a	6.192603
911	13	raise	12.286336
911	14	to	3.734007
911	15	the	2.210881
911	16	factory	12.804573
911	17	workers	7.789928
911	18	.	1.34091
911	19	<eos>	-0.0
912	1	I	0.0
912	2	know	6.278276
912	3	who	6.580016
912	4	the	5.056487
912	5	secretary	14.518427
912	6	said	7.634206
912	7	the	5.207767
912	8	journalist	11.978044
912	9	remarked	11.464731
912	10	the	7.478208
912	11	business	12.331805
912	12	man	10.537801
912	13	will	8.83968
912	14	promise	12.588348
912	15	a	8.280279
912	16	raise	12.175376
912	17	to	3.864928
912	18	the	3.620474
912	19	factory	10.767006
912	20	workers	8.279843
912	21	.	1.310487
912	22	<eos>	-0.0
913	1	I	0.0
913	2	know	6.278276
913	3	that	2.352433
913	4	the	2.35511
913	5	secretary	15.6415
913	6	said	8.976254
913	7	the	3.099807
913	8	journalist	12.411575
913	9	remarked	12.28931
913	10	the	5.833444
913	11	workers	13.822111
913	12	said	9.391643
913	13	will	12.822698
913	14	promise	14.422074
913	15	a	5.710068
913	16	raise	11.052084
913	17	to	3.174671
913	18	the	2.397606
913	19	factory	9.544145
913	20	workers	5.544632
913	21	.	1.5543
913	22	<eos>	-0.0
914	1	I	0.0
914	2	know	6.278276
914	3	that	2.352433
914	4	the	2.35511
914	5	secretary	15.6415
914	6	said	8.976254
914	7	the	3.099807
914	8	journalist	12.411575
914	9	remarked	12.28931
914	10	the	5.833444
914	11	workers	13.822111
914	12	said	9.391643
914	13	the	4.153834
914	14	business	10.134969
914	15	man	11.39136
914	16	will	8.328156
914	17	promise	12.88806
914	18	a	5.177918
914	19	raise	10.490879
914	20	to	3.006113
914	21	the	3.715784
914	22	factory	8.675563
914	23	workers	6.427557
914	24	.	1.503998
914	25	<eos>	-0.0
915	1	I	0.0
915	2	know	6.278276
915	3	who	6.580016
915	4	the	5.056487
915	5	secretary	14.518427
915	6	said	7.634206
915	7	the	5.207767
915	8	journalist	11.978044
915	9	remarked	11.464731
915	10	the	7.478208
915	11	workers	12.843698
915	12	said	8.833284
915	13	will	10.32685
915	14	promise	14.408834
915	15	a	5.939767
915	16	raise	11.126448
915	17	to	3.500135
915	18	the	2.062209
915	19	factory	9.819714
915	20	workers	5.616093
915	21	.	1.114186
915	22	<eos>	-0.0
916	1	I	0.0
916	2	know	6.278276
916	3	who	6.580016
916	4	the	5.056487
916	5	secretary	14.518427
916	6	said	7.634206
916	7	the	5.207767
916	8	journalist	11.978044
916	9	remarked	11.464731
916	10	the	7.478208
916	11	workers	12.843698
916	12	said	8.833284
916	13	the	5.447581
916	14	business	10.271026
916	15	man	10.643221
916	16	will	8.110473
916	17	promise	12.833326
916	18	a	5.182456
916	19	raise	10.433098
916	20	to	3.15088
916	21	the	3.420996
916	22	factory	8.94419
916	23	workers	6.338862
916	24	.	1.187424
916	25	<eos>	-0.0
917	1	I	0.0
917	2	know	6.278276
917	3	that	2.352433
917	4	the	2.35511
917	5	secretary	15.6415
917	6	said	8.976254
917	7	the	3.099807
917	8	journalist	12.411575
917	9	remarked	12.28931
917	10	the	5.833444
917	11	workers	13.822111
917	12	said	9.391643
917	13	will	12.822698
917	14	promise	14.422074
917	15	a	5.710068
917	16	raise	11.052084
917	17	to	3.174671
917	18	the	2.397606
917	19	factory	9.544145
917	20	workers	5.544632
917	21	.	1.5543
917	22	<eos>	-0.0
918	1	I	0.0
918	2	know	6.278276
918	3	that	2.352433
918	4	the	2.35511
918	5	secretary	15.6415
918	6	said	8.976254
918	7	the	3.099807
918	8	journalist	12.411575
918	9	remarked	12.28931
918	10	the	5.833444
918	11	workers	13.822111
918	12	said	9.391643
918	13	the	4.153834
918	14	business	10.134969
918	15	man	11.39136
918	16	will	8.328156
918	17	promise	12.88806
918	18	a	5.177918
918	19	raise	10.490879
918	20	to	3.006113
918	21	the	3.715784
918	22	factory	8.675563
918	23	workers	6.427557
918	24	.	1.503998
918	25	<eos>	-0.0
919	1	I	0.0
919	2	know	6.278276
919	3	who	6.580016
919	4	the	5.056487
919	5	secretary	14.518427
919	6	said	7.634206
919	7	the	5.207767
919	8	journalist	11.978044
919	9	remarked	11.464731
919	10	the	7.478208
919	11	workers	12.843698
919	12	said	8.833284
919	13	will	10.32685
919	14	promise	14.408834
919	15	a	5.939767
919	16	raise	11.126448
919	17	to	3.500135
919	18	the	2.062209
919	19	factory	9.819714
919	20	workers	5.616093
919	21	.	1.114186
919	22	<eos>	-0.0
920	1	I	0.0
920	2	know	6.278276
920	3	who	6.580016
920	4	the	5.056487
920	5	secretary	14.518427
920	6	said	7.634206
920	7	the	5.207767
920	8	journalist	11.978044
920	9	remarked	11.464731
920	10	the	7.478208
920	11	workers	12.843698
920	12	said	8.833284
920	13	the	5.447581
920	14	business	10.271026
920	15	man	10.643221
920	16	will	8.110473
920	17	promise	12.833326
920	18	a	5.182456
920	19	raise	10.433098
920	20	to	3.15088
920	21	the	3.420996
920	22	factory	8.94419
920	23	workers	6.338862
920	24	.	1.187424
920	25	<eos>	-0.0
921	1	We	0.0
921	2	all	8.258053
921	3	know	3.618088
921	4	that	2.504345
921	5	might	15.086949
921	6	repay	16.556385
921	7	his	5.334903
921	8	debt	2.689593
921	9	to	3.231211
921	10	the	1.38839
921	11	criminal	13.62678
921	12	<unk>	6.605465
921	13	.	2.318651
921	14	<eos>	-0.0
922	1	We	0.0
922	2	all	8.258053
922	3	know	3.618088
922	4	that	2.504345
922	5	the	2.179744
922	6	investor	16.460121
922	7	might	6.934701
922	8	repay	10.209686
922	9	his	4.754913
922	10	debt	1.554356
922	11	to	2.426674
922	12	the	1.382024
922	13	criminal	14.521012
922	14	<unk>	6.858965
922	15	.	2.382861
922	16	<eos>	-0.0
923	1	We	0.0
923	2	all	8.258053
923	3	know	3.618088
923	4	who	5.47427
923	5	might	8.751089
923	6	repay	14.037612
923	7	his	5.161717
923	8	debt	2.618817
923	9	to	3.339616
923	10	the	1.463334
923	11	criminal	13.609598
923	12	<unk>	6.696062
923	13	.	2.126268
923	14	<eos>	-0.0
924	1	We	0.0
924	2	all	8.258053
924	3	know	3.618088
924	4	who	5.47427
924	5	the	4.627324
924	6	investor	15.331491
924	7	might	7.069634
924	8	repay	11.052823
924	9	his	6.985023
924	10	debt	2.577069
924	11	to	3.397517
924	12	the	1.36523
924	13	criminal	13.421947
924	14	<unk>	6.973859
924	15	.	2.027161
924	16	<eos>	-0.0
925	1	We	0.0
925	2	all	8.258053
925	3	know	3.618088
925	4	that	2.504345
925	5	the	2.179744
925	6	accountant	18.222696
925	7	said	9.545295
925	8	might	16.142563
925	9	repay	12.956385
925	10	his	4.128948
925	11	debt	2.332088
925	12	to	3.143653
925	13	the	1.590255
925	14	criminal	13.215182
925	15	<unk>	6.714031
925	16	.	2.434149
925	17	<eos>	-0.0
926	1	We	0.0
926	2	all	8.258053
926	3	know	3.618088
926	4	that	2.504345
926	5	the	2.179744
926	6	accountant	18.222696
926	7	said	9.545295
926	8	the	3.256596
926	9	investor	12.618777
926	10	might	6.779129
926	11	repay	9.916266
926	12	his	4.688807
926	13	debt	1.717807
926	14	to	2.635845
926	15	the	1.437817
926	16	criminal	14.42378
926	17	<unk>	6.790215
926	18	.	2.393065
926	19	<eos>	-0.0
927	1	We	0.0
927	2	all	8.258053
927	3	know	3.618088
927	4	who	5.47427
927	5	the	4.627324
927	6	accountant	16.545759
927	7	said	9.218572
927	8	might	10.694132
927	9	repay	14.04904
927	10	his	4.588135
927	11	debt	2.47015
927	12	to	3.798559
927	13	the	1.431751
927	14	criminal	12.73185
927	15	<unk>	6.797683
927	16	.	2.133835
927	17	<eos>	-0.0
928	1	We	0.0
928	2	all	8.258053
928	3	know	3.618088
928	4	who	5.47427
928	5	the	4.627324
928	6	accountant	16.545759
928	7	said	9.218572
928	8	the	5.101439
928	9	investor	12.81324
928	10	might	6.796335
928	11	repay	9.956965
928	12	his	6.55259
928	13	debt	1.996556
928	14	to	3.05459
928	15	the	1.367257
928	16	criminal	13.67479
928	17	<unk>	6.85032
928	18	.	1.990721
928	19	<eos>	-0.0
929	1	We	0.0
929	2	all	8.258053
929	3	know	3.618088
929	4	that	2.504345
929	5	the	2.179744
929	6	accountant	18.222696
929	7	said	9.545295
929	8	his	7.736331
929	9	colleague	10.9513
929	10	recalled	13.21244
929	11	might	16.759146
929	12	repay	14.332063
929	13	his	2.244244
929	14	debt	3.446749
929	15	to	2.982168
929	16	the	1.881442
929	17	criminal	13.397029
929	18	<unk>	6.494443
929	19	.	2.322721
929	20	<eos>	-0.0
930	1	We	0.0
930	2	all	8.258053
930	3	know	3.618088
930	4	that	2.504345
930	5	the	2.179744
930	6	accountant	18.222696
930	7	said	9.545295
930	8	his	7.736331
930	9	colleague	10.9513
930	10	recalled	13.21244
930	11	the	3.100209
930	12	investor	15.939426
930	13	might	12.49506
930	14	repay	10.289181
930	15	his	3.281156
930	16	debt	1.836354
930	17	to	2.615913
930	18	the	1.750611
930	19	criminal	14.489553
930	20	<unk>	6.66005
930	21	.	2.220505
930	22	<eos>	-0.0
931	1	We	0.0
931	2	all	8.258053
931	3	know	3.618088
931	4	who	5.47427
931	5	the	4.627324
931	6	accountant	16.545759
931	7	said	9.218572
931	8	his	10.204853
931	9	colleague	10.792471
931	10	recalled	13.67257
931	11	might	14.011092
931	12	repay	14.309906
931	13	his	2.500157
931	14	debt	2.822389
931	15	to	3.240636
931	16	the	1.789233
931	17	criminal	13.239461
931	18	<unk>	6.553473
931	19	.	2.143465
931	20	<eos>	-0.0
932	1	We	0.0
932	2	all	8.258053
932	3	know	3.618088
932	4	who	5.47427
932	5	the	4.627324
932	6	accountant	16.545759
932	7	said	9.218572
932	8	his	10.204853
932	9	colleague	10.792471
932	10	recalled	13.67257
932	11	the	3.836047
932	12	investor	15.873019
932	13	might	13.188942
932	14	repay	9.980896
932	15	his	3.388129
932	16	debt	1.787345
932	17	to	2.646603
932	18	the	1.670119
932	19	criminal	14.358204
932	20	<unk>	6.635248
932	21	.	1.992347
932	22	<eos>	-0.0
933	1	We	0.0
933	2	all	8.258053
933	3	know	3.618088
933	4	that	2.504345
933	5	the	2.179744
933	6	accountant	18.222696
933	7	said	9.545295
933	8	his	7.736331
933	9	colleague	10.9513
933	10	recalled	13.21244
933	11	the	3.100209
933	12	partners	17.188065
933	13	knew	12.303756
933	14	might	16.845524
933	15	repay	14.570205
933	16	his	3.631032
933	17	debt	3.534626
933	18	to	3.60227
933	19	the	1.807437
933	20	criminal	13.529963
933	21	<unk>	6.306254
933	22	.	2.255501
933	23	<eos>	-0.0
934	1	We	0.0
934	2	all	8.258053
934	3	know	3.618088
934	4	that	2.504345
934	5	the	2.179744
934	6	accountant	18.222696
934	7	said	9.545295
934	8	his	7.736331
934	9	colleague	10.9513
934	10	recalled	13.21244
934	11	the	3.100209
934	12	partners	17.188065
934	13	knew	12.303756
934	14	the	3.822991
934	15	investor	14.415393
934	16	might	7.038451
934	17	repay	10.985507
934	18	his	3.721087
934	19	debt	2.086214
934	20	to	2.902639
934	21	the	1.694937
934	22	criminal	14.489411
934	23	<unk>	6.612478
934	24	.	2.087196
934	25	<eos>	-0.0
935	1	We	0.0
935	2	all	8.258053
935	3	know	3.618088
935	4	who	5.47427
935	5	the	4.627324
935	6	accountant	16.545759
935	7	said	9.218572
935	8	his	10.204853
935	9	colleague	10.792471
935	10	recalled	13.67257
935	11	the	3.836047
935	12	partners	17.022564
935	13	knew	12.931904
935	14	might	15.843076
935	15	repay	14.28691
935	16	his	3.522219
935	17	debt	3.09983
935	18	to	3.546606
935	19	the	1.752234
935	20	criminal	13.547197
935	21	<unk>	6.26061
935	22	.	2.118255
935	23	<eos>	-0.0
936	1	We	0.0
936	2	all	8.258053
936	3	know	3.618088
936	4	who	5.47427
936	5	the	4.627324
936	6	accountant	16.545759
936	7	said	9.218572
936	8	his	10.204853
936	9	colleague	10.792471
936	10	recalled	13.67257
936	11	the	3.836047
936	12	partners	17.022564
936	13	knew	12.931904
936	14	the	3.743216
936	15	investor	14.040119
936	16	might	6.895227
936	17	repay	10.569599
936	18	his	3.644288
936	19	debt	2.002821
936	20	to	2.92456
936	21	the	1.669937
936	22	criminal	14.386312
936	23	<unk>	6.590728
936	24	.	1.961462
936	25	<eos>	-0.0
937	1	We	0.0
937	2	all	8.258053
937	3	know	3.618088
937	4	that	2.504345
937	5	the	2.179744
937	6	accountant	18.222696
937	7	said	9.545295
937	8	his	7.736331
937	9	colleague	10.9513
937	10	recalled	13.21244
937	11	the	3.100209
937	12	partners	17.188065
937	13	knew	12.303756
937	14	might	16.845524
937	15	repay	14.570205
937	16	his	3.631032
937	17	debt	3.534626
937	18	to	3.60227
937	19	the	1.807437
937	20	criminal	13.529963
937	21	<unk>	6.306254
937	22	.	2.255501
937	23	<eos>	-0.0
938	1	We	0.0
938	2	all	8.258053
938	3	know	3.618088
938	4	that	2.504345
938	5	the	2.179744
938	6	accountant	18.222696
938	7	said	9.545295
938	8	his	7.736331
938	9	colleague	10.9513
938	10	recalled	13.21244
938	11	the	3.100209
938	12	partners	17.188065
938	13	knew	12.303756
938	14	the	3.822991
938	15	investor	14.415393
938	16	might	7.038451
938	17	repay	10.985507
938	18	his	3.721087
938	19	debt	2.086214
938	20	to	2.902639
938	21	the	1.694937
938	22	criminal	14.489411
938	23	<unk>	6.612478
938	24	.	2.087196
938	25	<eos>	-0.0
939	1	We	0.0
939	2	all	8.258053
939	3	know	3.618088
939	4	who	5.47427
939	5	the	4.627324
939	6	accountant	16.545759
939	7	said	9.218572
939	8	his	10.204853
939	9	colleague	10.792471
939	10	recalled	13.67257
939	11	the	3.836047
939	12	partners	17.022564
939	13	knew	12.931904
939	14	might	15.843076
939	15	repay	14.28691
939	16	his	3.522219
939	17	debt	3.09983
939	18	to	3.546606
939	19	the	1.752234
939	20	criminal	13.547197
939	21	<unk>	6.26061
939	22	.	2.118255
939	23	<eos>	-0.0
940	1	We	0.0
940	2	all	8.258053
940	3	know	3.618088
940	4	who	5.47427
940	5	the	4.627324
940	6	accountant	16.545759
940	7	said	9.218572
940	8	his	10.204853
940	9	colleague	10.792471
940	10	recalled	13.67257
940	11	the	3.836047
940	12	partners	17.022564
940	13	knew	12.931904
940	14	the	3.743216
940	15	investor	14.040119
940	16	might	6.895227
940	17	repay	10.569599
940	18	his	3.644288
940	19	debt	2.002821
940	20	to	2.92456
940	21	the	1.669937
940	22	criminal	14.386312
940	23	<unk>	6.590728
940	24	.	1.961462
940	25	<eos>	-0.0
941	1	The	0.0
941	2	commissioner	19.849779
941	3	discovered	14.338125
941	4	that	0.868925
941	5	will	15.971877
941	6	lend	13.620644
941	7	some	6.178342
941	8	money	3.884393
941	9	to	0.432964
941	10	the	1.224862
941	11	man	9.851161
941	12	.	3.110847
941	13	<eos>	-0.0
942	1	The	0.0
942	2	commissioner	19.849779
942	3	discovered	14.338125
942	4	that	0.868925
942	5	the	1.555484
942	6	police	7.855856
942	7	detective	11.385676
942	8	will	9.731221
942	9	lend	14.499529
942	10	some	6.568335
942	11	money	3.899045
942	12	to	0.558811
942	13	the	1.466058
942	14	man	8.304464
942	15	.	3.140748
942	16	<eos>	-0.0
943	1	The	0.0
943	2	commissioner	19.849779
943	3	discovered	14.338125
943	4	who	11.326447
943	5	will	9.614457
943	6	lend	11.513548
943	7	some	6.63975
943	8	money	3.35205
943	9	to	0.600023
943	10	the	1.51992
943	11	man	10.036813
943	12	.	2.635585
943	13	<eos>	-0.0
944	1	The	0.0
944	2	commissioner	19.849779
944	3	discovered	14.338125
944	4	who	11.326447
944	5	the	6.924204
944	6	police	6.008104
944	7	detective	10.317863
944	8	will	9.286865
944	9	lend	13.983378
944	10	some	9.284822
944	11	money	5.064572
944	12	to	1.126282
944	13	the	3.368181
944	14	man	8.07957
944	15	.	2.490294
944	16	<eos>	-0.0
945	1	The	0.0
945	2	commissioner	19.849779
945	3	discovered	14.338125
945	4	that	0.868925
945	5	the	1.555484
945	6	report	10.741113
945	7	stated	8.037931
945	8	will	15.416292
945	9	lend	13.068845
945	10	some	6.037584
945	11	money	4.456886
945	12	to	0.634049
945	13	the	1.436977
945	14	man	11.232343
945	15	.	3.26578
945	16	<eos>	-0.0
946	1	The	0.0
946	2	commissioner	19.849779
946	3	discovered	14.338125
946	4	that	0.868925
946	5	the	1.555484
946	6	report	10.741113
946	7	stated	8.037931
946	8	the	4.739332
946	9	police	7.809468
946	10	detective	12.965488
946	11	will	8.173834
946	12	lend	14.431715
946	13	some	6.29132
946	14	money	4.152179
946	15	to	0.624043
946	16	the	1.437634
946	17	man	9.004156
946	18	.	2.794155
946	19	<eos>	-0.0
947	1	The	0.0
947	2	commissioner	19.849779
947	3	discovered	14.338125
947	4	who	11.326447
947	5	the	6.924204
947	6	report	10.389439
947	7	stated	7.389132
947	8	will	9.564126
947	9	lend	13.680144
947	10	some	6.214365
947	11	money	4.381987
947	12	to	0.64481
947	13	the	1.304813
947	14	man	10.767301
947	15	.	2.811794
947	16	<eos>	-0.0
948	1	The	0.0
948	2	commissioner	19.849779
948	3	discovered	14.338125
948	4	who	11.326447
948	5	the	6.924204
948	6	report	10.389439
948	7	stated	7.389132
948	8	the	6.358732
948	9	police	7.322942
948	10	detective	13.098557
948	11	will	8.366458
948	12	lend	14.071037
948	13	some	7.058471
948	14	money	4.551855
948	15	to	0.771869
948	16	the	1.573564
948	17	man	8.818124
948	18	.	2.332247
948	19	<eos>	-0.0
949	1	The	0.0
949	2	commissioner	19.849779
949	3	discovered	14.338125
949	4	that	0.868925
949	5	the	1.555484
949	6	report	10.741113
949	7	stated	8.037931
949	8	the	4.739332
949	9	television	12.901645
949	10	host	9.741306
949	11	thought	10.121699
949	12	will	14.188479
949	13	lend	14.067472
949	14	some	6.179501
949	15	money	4.735017
949	16	to	0.436113
949	17	the	1.279194
949	18	man	11.252412
949	19	.	2.67328
949	20	<eos>	-0.0
950	1	The	0.0
950	2	commissioner	19.849779
950	3	discovered	14.338125
950	4	that	0.868925
950	5	the	1.555484
950	6	report	10.741113
950	7	stated	8.037931
950	8	the	4.739332
950	9	television	12.901645
950	10	host	9.741306
950	11	thought	10.121699
950	12	the	3.49297
950	13	police	7.246615
950	14	detective	13.24282
950	15	will	8.128568
950	16	lend	14.679802
950	17	some	6.467082
950	18	money	4.205944
950	19	to	0.716319
950	20	the	1.409613
950	21	man	8.765417
950	22	.	2.28442
950	23	<eos>	-0.0
951	1	The	0.0
951	2	commissioner	19.849779
951	3	discovered	14.338125
951	4	who	11.326447
951	5	the	6.924204
951	6	report	10.389439
951	7	stated	7.389132
951	8	the	6.358732
951	9	television	12.210242
951	10	host	10.77849
951	11	thought	10.165998
951	12	will	10.861288
951	13	lend	14.459181
951	14	some	6.634257
951	15	money	5.104162
951	16	to	0.58086
951	17	the	1.231016
951	18	man	11.015885
951	19	.	2.168162
951	20	<eos>	-0.0
952	1	The	0.0
952	2	commissioner	19.849779
952	3	discovered	14.338125
952	4	who	11.326447
952	5	the	6.924204
952	6	report	10.389439
952	7	stated	7.389132
952	8	the	6.358732
952	9	television	12.210242
952	10	host	10.77849
952	11	thought	10.165998
952	12	the	4.23647
952	13	police	7.270314
952	14	detective	12.476257
952	15	will	7.917202
952	16	lend	14.534503
952	17	some	6.827231
952	18	money	4.284972
952	19	to	0.7684
952	20	the	1.424342
952	21	man	8.724081
952	22	.	2.132658
952	23	<eos>	-0.0
953	1	The	0.0
953	2	commissioner	19.849779
953	3	discovered	14.338125
953	4	that	0.868925
953	5	the	1.555484
953	6	report	10.741113
953	7	stated	8.037931
953	8	the	4.739332
953	9	television	12.901645
953	10	host	9.741306
953	11	thought	10.121699
953	12	the	3.49297
953	13	man	9.699778
953	14	reported	13.225593
953	15	will	11.156965
953	16	lend	14.387132
953	17	some	6.231349
953	18	money	3.47975
953	19	to	0.454293
953	20	the	1.350175
953	21	man	9.323828
953	22	.	2.314626
953	23	<eos>	-0.0
954	1	The	0.0
954	2	commissioner	19.849779
954	3	discovered	14.338125
954	4	that	0.868925
954	5	the	1.555484
954	6	report	10.741113
954	7	stated	8.037931
954	8	the	4.739332
954	9	television	12.901645
954	10	host	9.741306
954	11	thought	10.121699
954	12	the	3.49297
954	13	man	9.699778
954	14	reported	13.225593
954	15	the	4.456336
954	16	police	8.99488
954	17	detective	11.978452
954	18	will	9.572036
954	19	lend	14.425863
954	20	some	6.839251
954	21	money	4.511703
954	22	to	0.695806
954	23	the	1.52266
954	24	man	8.61269
954	25	.	2.198099
954	26	<eos>	-0.0
955	1	The	0.0
955	2	commissioner	19.849779
955	3	discovered	14.338125
955	4	who	11.326447
955	5	the	6.924204
955	6	report	10.389439
955	7	stated	7.389132
955	8	the	6.358732
955	9	television	12.210242
955	10	host	10.77849
955	11	thought	10.165998
955	12	the	4.23647
955	13	man	9.643048
955	14	reported	12.986401
955	15	will	10.836867
955	16	lend	14.24156
955	17	some	6.529002
955	18	money	3.422744
955	19	to	0.497907
955	20	the	1.344667
955	21	man	9.221839
955	22	.	2.162989
955	23	<eos>	-0.0
956	1	The	0.0
956	2	commissioner	19.849779
956	3	discovered	14.338125
956	4	who	11.326447
956	5	the	6.924204
956	6	report	10.389439
956	7	stated	7.389132
956	8	the	6.358732
956	9	television	12.210242
956	10	host	10.77849
956	11	thought	10.165998
956	12	the	4.23647
956	13	man	9.643048
956	14	reported	12.986401
956	15	the	3.974386
956	16	police	8.705643
956	17	detective	11.730392
956	18	will	9.497702
956	19	lend	14.347823
956	20	some	7.008379
956	21	money	4.537482
956	22	to	0.695757
956	23	the	1.50762
956	24	man	8.473898
956	25	.	2.169982
956	26	<eos>	-0.0
957	1	The	0.0
957	2	commissioner	19.849779
957	3	discovered	14.338125
957	4	that	0.868925
957	5	the	1.555484
957	6	report	10.741113
957	7	stated	8.037931
957	8	the	4.739332
957	9	television	12.901645
957	10	host	9.741306
957	11	thought	10.121699
957	12	the	3.49297
957	13	man	9.699778
957	14	reported	13.225593
957	15	will	11.156965
957	16	lend	14.387132
957	17	some	6.231349
957	18	money	3.47975
957	19	to	0.454293
957	20	the	1.350175
957	21	man	9.323828
957	22	.	2.314626
957	23	<eos>	-0.0
958	1	The	0.0
958	2	commissioner	19.849779
958	3	discovered	14.338125
958	4	that	0.868925
958	5	the	1.555484
958	6	report	10.741113
958	7	stated	8.037931
958	8	the	4.739332
958	9	television	12.901645
958	10	host	9.741306
958	11	thought	10.121699
958	12	the	3.49297
958	13	man	9.699778
958	14	reported	13.225593
958	15	the	4.456336
958	16	police	8.99488
958	17	detective	11.978452
958	18	will	9.572036
958	19	lend	14.425863
958	20	some	6.839251
958	21	money	4.511703
958	22	to	0.695806
958	23	the	1.52266
958	24	man	8.61269
958	25	.	2.198099
958	26	<eos>	-0.0
959	1	The	0.0
959	2	commissioner	19.849779
959	3	discovered	14.338125
959	4	who	11.326447
959	5	the	6.924204
959	6	report	10.389439
959	7	stated	7.389132
959	8	the	6.358732
959	9	television	12.210242
959	10	host	10.77849
959	11	thought	10.165998
959	12	the	4.23647
959	13	man	9.643048
959	14	reported	12.986401
959	15	will	10.836867
959	16	lend	14.24156
959	17	some	6.529002
959	18	money	3.422744
959	19	to	0.497907
959	20	the	1.344667
959	21	man	9.221839
959	22	.	2.162989
959	23	<eos>	-0.0
960	1	The	0.0
960	2	commissioner	19.849779
960	3	discovered	14.338125
960	4	who	11.326447
960	5	the	6.924204
960	6	report	10.389439
960	7	stated	7.389132
960	8	the	6.358732
960	9	television	12.210242
960	10	host	10.77849
960	11	thought	10.165998
960	12	the	4.23647
960	13	man	9.643048
960	14	reported	12.986401
960	15	the	3.974386
960	16	police	8.705643
960	17	detective	11.730392
960	18	will	9.497702
960	19	lend	14.347823
960	20	some	7.008379
960	21	money	4.537482
960	22	to	0.695757
960	23	the	1.50762
960	24	man	8.473898
960	25	.	2.169982
960	26	<eos>	-0.0
961	1	My	0.0
961	2	friend	10.418871
961	3	knows	14.623261
961	4	that	1.831162
961	5	should	13.328754
961	6	hand	14.391685
961	7	an	9.104126
961	8	award	10.217719
961	9	for	4.646589
961	10	her	5.608392
961	11	mother	8.756652
961	12	.	2.796424
961	13	<eos>	-0.0
962	1	My	0.0
962	2	friend	10.418871
962	3	knows	14.623261
962	4	that	1.831162
962	5	the	2.275285
962	6	successful	13.258965
962	7	architect	14.064172
962	8	should	6.577512
962	9	hand	12.874778
962	10	an	8.774567
962	11	award	10.137879
962	12	for	4.487485
962	13	her	6.755933
962	14	mother	10.041251
962	15	.	2.267729
962	16	<eos>	-0.0
963	1	My	0.0
963	2	friend	10.418871
963	3	knows	14.623261
963	4	who	6.097061
963	5	should	8.18084
963	6	hand	12.029834
963	7	an	8.529709
963	8	award	8.908964
963	9	for	4.271142
963	10	her	4.882767
963	11	mother	9.115915
963	12	.	1.373003
963	13	<eos>	-0.0
964	1	My	0.0
964	2	friend	10.418871
964	3	knows	14.623261
964	4	who	6.097061
964	5	the	4.484732
964	6	successful	13.61368
964	7	architect	12.992183
964	8	should	6.049447
964	9	hand	14.198164
964	10	an	11.189067
964	11	award	9.822661
964	12	for	4.115439
964	13	her	7.191967
964	14	mother	8.512216
964	15	.	1.373757
964	16	<eos>	-0.0
965	1	My	0.0
965	2	friend	10.418871
965	3	knows	14.623261
965	4	that	1.831162
965	5	the	2.275285
965	6	judge	11.650613
965	7	thought	10.640928
965	8	should	15.474809
965	9	hand	14.174152
965	10	an	8.345967
965	11	award	8.815036
965	12	for	3.852175
965	13	her	4.878185
965	14	mother	9.28545
965	15	.	1.913382
965	16	<eos>	-0.0
966	1	My	0.0
966	2	friend	10.418871
966	3	knows	14.623261
966	4	that	1.831162
966	5	the	2.275285
966	6	judge	11.650613
966	7	thought	10.640928
966	8	the	2.699936
966	9	successful	15.546926
966	10	architect	14.960052
966	11	should	4.335774
966	12	hand	12.972185
966	13	an	8.670524
966	14	award	9.913918
966	15	for	4.473589
966	16	her	6.454318
966	17	mother	10.173221
966	18	.	2.138738
966	19	<eos>	-0.0
967	1	My	0.0
967	2	friend	10.418871
967	3	knows	14.623261
967	4	who	6.097061
967	5	the	4.484732
967	6	judge	11.248916
967	7	thought	10.373009
967	8	should	8.983703
967	9	hand	15.52902
967	10	an	7.752509
967	11	award	8.834157
967	12	for	4.190921
967	13	her	5.056421
967	14	mother	9.490458
967	15	.	1.613152
967	16	<eos>	-0.0
968	1	My	0.0
968	2	friend	10.418871
968	3	knows	14.623261
968	4	who	6.097061
968	5	the	4.484732
968	6	judge	11.248916
968	7	thought	10.373009
968	8	the	4.328627
968	9	successful	15.021735
968	10	architect	15.562234
968	11	should	5.424354
968	12	hand	13.757866
968	13	an	9.807348
968	14	award	9.671396
968	15	for	4.181441
968	16	her	6.377075
968	17	mother	9.682401
968	18	.	1.420094
968	19	<eos>	-0.0
969	1	My	0.0
969	2	friend	10.418871
969	3	knows	14.623261
969	4	that	1.831162
969	5	the	2.275285
969	6	judge	11.650613
969	7	thought	10.640928
969	8	the	2.699936
969	9	cop	13.595985
969	10	said	11.765228
969	11	should	11.212499
969	12	hand	14.610204
969	13	an	7.99437
969	14	award	9.526909
969	15	for	4.103858
969	16	her	5.770651
969	17	mother	9.473493
969	18	.	1.596563
969	19	<eos>	-0.0
970	1	My	0.0
970	2	friend	10.418871
970	3	knows	14.623261
970	4	that	1.831162
970	5	the	2.275285
970	6	judge	11.650613
970	7	thought	10.640928
970	8	the	2.699936
970	9	cop	13.595985
970	10	said	11.765228
970	11	the	3.857514
970	12	successful	16.321449
970	13	architect	15.58222
970	14	should	4.547795
970	15	hand	12.991281
970	16	an	8.626397
970	17	award	10.289086
970	18	for	4.58846
970	19	her	7.001419
970	20	mother	9.736671
970	21	.	1.820153
970	22	<eos>	-0.0
971	1	My	0.0
971	2	friend	10.418871
971	3	knows	14.623261
971	4	who	6.097061
971	5	the	4.484732
971	6	judge	11.248916
971	7	thought	10.373009
971	8	the	4.328627
971	9	cop	12.488678
971	10	said	10.343783
971	11	should	9.234479
971	12	hand	14.566683
971	13	an	7.899524
971	14	award	9.649507
971	15	for	4.331082
971	16	her	6.225358
971	17	mother	9.104103
971	18	.	1.34617
971	19	<eos>	-0.0
972	1	My	0.0
972	2	friend	10.418871
972	3	knows	14.623261
972	4	who	6.097061
972	5	the	4.484732
972	6	judge	11.248916
972	7	thought	10.373009
972	8	the	4.328627
972	9	cop	12.488678
972	10	said	10.343783
972	11	the	5.212819
972	12	successful	16.008051
972	13	architect	15.694063
972	14	should	5.742368
972	15	hand	13.145402
972	16	an	8.91241
972	17	award	10.348075
972	18	for	4.281542
972	19	her	7.016901
972	20	mother	9.705183
972	21	.	1.397636
972	22	<eos>	-0.0
973	1	My	0.0
973	2	friend	10.418871
973	3	knows	14.623261
973	4	that	1.831162
973	5	the	2.275285
973	6	judge	11.650613
973	7	thought	10.640928
973	8	the	2.699936
973	9	cop	13.595985
973	10	said	11.765228
973	11	the	3.857514
973	12	man	5.438515
973	13	testified	12.28682
973	14	should	14.16871
973	15	hand	12.677114
973	16	an	8.087176
973	17	award	10.344217
973	18	for	4.150949
973	19	her	6.10885
973	20	mother	8.89266
973	21	.	1.602866
973	22	<eos>	-0.0
974	1	My	0.0
974	2	friend	10.418871
974	3	knows	14.623261
974	4	that	1.831162
974	5	the	2.275285
974	6	judge	11.650613
974	7	thought	10.640928
974	8	the	2.699936
974	9	cop	13.595985
974	10	said	11.765228
974	11	the	3.857514
974	12	man	5.438515
974	13	testified	12.28682
974	14	the	6.507895
974	15	successful	18.038826
974	16	architect	16.38904
974	17	should	5.631019
974	18	hand	11.295669
974	19	an	8.832485
974	20	award	10.379726
974	21	for	4.5837
974	22	her	6.943999
974	23	mother	9.425278
974	24	.	1.506257
974	25	<eos>	-0.0
975	1	My	0.0
975	2	friend	10.418871
975	3	knows	14.623261
975	4	who	6.097061
975	5	the	4.484732
975	6	judge	11.248916
975	7	thought	10.373009
975	8	the	4.328627
975	9	cop	12.488678
975	10	said	10.343783
975	11	the	5.212819
975	12	man	5.680543
975	13	testified	11.452232
975	14	should	14.064675
975	15	hand	12.471596
975	16	an	7.582631
975	17	award	10.199382
975	18	for	4.393381
975	19	her	6.351344
975	20	mother	8.886489
975	21	.	1.490427
975	22	<eos>	-0.0
976	1	My	0.0
976	2	friend	10.418871
976	3	knows	14.623261
976	4	who	6.097061
976	5	the	4.484732
976	6	judge	11.248916
976	7	thought	10.373009
976	8	the	4.328627
976	9	cop	12.488678
976	10	said	10.343783
976	11	the	5.212819
976	12	man	5.680543
976	13	testified	11.452232
976	14	the	8.190894
976	15	successful	17.875298
976	16	architect	16.090509
976	17	should	7.227989
976	18	hand	11.97338
976	19	an	8.902658
976	20	award	10.617154
976	21	for	4.518365
976	22	her	7.136476
976	23	mother	9.217821
976	24	.	1.420981
976	25	<eos>	-0.0
977	1	My	0.0
977	2	friend	10.418871
977	3	knows	14.623261
977	4	that	1.831162
977	5	the	2.275285
977	6	judge	11.650613
977	7	thought	10.640928
977	8	the	2.699936
977	9	cop	13.595985
977	10	said	11.765228
977	11	the	3.857514
977	12	man	5.438515
977	13	testified	12.28682
977	14	should	14.16871
977	15	hand	12.677114
977	16	an	8.087176
977	17	award	10.344217
977	18	for	4.150949
977	19	her	6.10885
977	20	mother	8.89266
977	21	.	1.602866
977	22	<eos>	-0.0
978	1	My	0.0
978	2	friend	10.418871
978	3	knows	14.623261
978	4	that	1.831162
978	5	the	2.275285
978	6	judge	11.650613
978	7	thought	10.640928
978	8	the	2.699936
978	9	cop	13.595985
978	10	said	11.765228
978	11	the	3.857514
978	12	man	5.438515
978	13	testified	12.28682
978	14	the	6.507895
978	15	successful	18.038826
978	16	architect	16.38904
978	17	should	5.631019
978	18	hand	11.295669
978	19	an	8.832485
978	20	award	10.379726
978	21	for	4.5837
978	22	her	6.943999
978	23	mother	9.425278
978	24	.	1.506257
978	25	<eos>	-0.0
979	1	My	0.0
979	2	friend	10.418871
979	3	knows	14.623261
979	4	who	6.097061
979	5	the	4.484732
979	6	judge	11.248916
979	7	thought	10.373009
979	8	the	4.328627
979	9	cop	12.488678
979	10	said	10.343783
979	11	the	5.212819
979	12	man	5.680543
979	13	testified	11.452232
979	14	should	14.064675
979	15	hand	12.471596
979	16	an	7.582631
979	17	award	10.199382
979	18	for	4.393381
979	19	her	6.351344
979	20	mother	8.886489
979	21	.	1.490427
979	22	<eos>	-0.0
980	1	My	0.0
980	2	friend	10.418871
980	3	knows	14.623261
980	4	who	6.097061
980	5	the	4.484732
980	6	judge	11.248916
980	7	thought	10.373009
980	8	the	4.328627
980	9	cop	12.488678
980	10	said	10.343783
980	11	the	5.212819
980	12	man	5.680543
980	13	testified	11.452232
980	14	the	8.190894
980	15	successful	17.875298
980	16	architect	16.090509
980	17	should	7.227989
980	18	hand	11.97338
980	19	an	8.902658
980	20	award	10.617154
980	21	for	4.518365
980	22	her	7.136476
980	23	mother	9.217821
980	24	.	1.420981
980	25	<eos>	-0.0
981	1	The	0.0
981	2	neighbors	19.85931
981	3	found	9.47903
981	4	out	4.628185
981	5	that	1.608931
981	6	did	12.222164
981	7	buy	13.080933
981	8	a	3.027676
981	9	gift	11.187222
981	10	for	3.354309
981	11	her	6.344326
981	12	parents	8.456073
981	13	.	1.523181
981	14	<eos>	-0.0
982	1	The	0.0
982	2	neighbors	19.85931
982	3	found	9.47903
982	4	out	4.628185
982	5	that	1.608931
982	6	the	1.905013
982	7	young	8.942393
982	8	woman	4.641208
982	9	did	5.778242
982	10	buy	15.025992
982	11	a	2.467031
982	12	gift	9.661753
982	13	for	3.028904
982	14	her	2.482663
982	15	parents	7.900455
982	16	.	1.64373
982	17	<eos>	-0.0
983	1	The	0.0
983	2	neighbors	19.85931
983	3	found	9.47903
983	4	out	4.628185
983	5	who	6.983115
983	6	did	5.126803
983	7	buy	11.658309
983	8	a	3.481759
983	9	gift	10.898202
983	10	for	3.575395
983	11	her	6.135568
983	12	parents	8.838989
983	13	.	1.489854
983	14	<eos>	-0.0
984	1	The	0.0
984	2	neighbors	19.85931
984	3	found	9.47903
984	4	out	4.628185
984	5	who	6.983115
984	6	the	5.591197
984	7	young	9.19929
984	8	woman	5.598924
984	9	did	5.768422
984	10	buy	17.085276
984	11	a	4.009608
984	12	gift	8.655019
984	13	for	3.500882
984	14	her	2.188695
984	15	parents	7.716004
984	16	.	1.33932
984	17	<eos>	-0.0
985	1	The	0.0
985	2	neighbors	19.85931
985	3	found	9.47903
985	4	out	4.628185
985	5	that	1.608931
985	6	her	7.417572
985	7	mother	3.818226
985	8	heard	10.738398
985	9	did	16.828608
985	10	buy	14.267744
985	11	a	3.350839
985	12	gift	9.246317
985	13	for	3.308637
985	14	her	2.042277
985	15	parents	8.224474
985	16	.	1.504864
985	17	<eos>	-0.0
986	1	The	0.0
986	2	neighbors	19.85931
986	3	found	9.47903
986	4	out	4.628185
986	5	that	1.608931
986	6	her	7.417572
986	7	mother	3.818226
986	8	heard	10.738398
986	9	the	3.073617
986	10	young	9.113829
986	11	woman	2.894065
986	12	did	10.353303
986	13	buy	14.604215
986	14	a	2.876953
986	15	gift	8.803145
986	16	for	3.461575
986	17	her	1.808761
986	18	parents	7.71832
986	19	.	1.299662
986	20	<eos>	-0.0
987	1	The	0.0
987	2	neighbors	19.85931
987	3	found	9.47903
987	4	out	4.628185
987	5	who	6.983115
987	6	her	11.259278
987	7	mother	3.197168
987	8	heard	8.284397
987	9	did	9.554114
987	10	buy	15.356306
987	11	a	4.446139
987	12	gift	9.408048
987	13	for	3.585749
987	14	her	2.020604
987	15	parents	8.594144
987	16	.	1.323227
987	17	<eos>	-0.0
988	1	The	0.0
988	2	neighbors	19.85931
988	3	found	9.47903
988	4	out	4.628185
988	5	who	6.983115
988	6	her	11.259278
988	7	mother	3.197168
988	8	heard	8.284397
988	9	the	4.60104
988	10	young	8.059778
988	11	woman	3.627019
988	12	did	7.538985
988	13	buy	16.412903
988	14	a	3.918741
988	15	gift	8.241964
988	16	for	3.616316
988	17	her	1.731564
988	18	parents	7.891514
988	19	.	1.183781
988	20	<eos>	-0.0
989	1	The	0.0
989	2	neighbors	19.85931
989	3	found	9.47903
989	4	out	4.628185
989	5	that	1.608931
989	6	her	7.417572
989	7	mother	3.818226
989	8	heard	10.738398
989	9	the	3.073617
989	10	newspaper	10.929636
989	11	reported	8.215204
989	12	did	18.155602
989	13	buy	12.924948
989	14	a	2.58709
989	15	gift	10.52049
989	16	for	3.829506
989	17	her	2.176749
989	18	parents	8.445045
989	19	.	1.347996
989	20	<eos>	-0.0
990	1	The	0.0
990	2	neighbors	19.85931
990	3	found	9.47903
990	4	out	4.628185
990	5	that	1.608931
990	6	her	7.417572
990	7	mother	3.818226
990	8	heard	10.738398
990	9	the	3.073617
990	10	newspaper	10.929636
990	11	reported	8.215204
990	12	the	4.929319
990	13	young	10.405571
990	14	woman	3.019162
990	15	did	8.052447
990	16	buy	14.676947
990	17	a	2.485485
990	18	gift	10.002398
990	19	for	3.478106
990	20	her	1.956607
990	21	parents	7.847449
990	22	.	1.276873
990	23	<eos>	-0.0
991	1	The	0.0
991	2	neighbors	19.85931
991	3	found	9.47903
991	4	out	4.628185
991	5	who	6.983115
991	6	her	11.259278
991	7	mother	3.197168
991	8	heard	8.284397
991	9	the	4.60104
991	10	newspaper	11.083835
991	11	reported	7.501181
991	12	did	11.715626
991	13	buy	13.645421
991	14	a	3.148129
991	15	gift	10.28475
991	16	for	3.73056
991	17	her	2.185864
991	18	parents	9.217619
991	19	.	1.229849
991	20	<eos>	-0.0
992	1	The	0.0
992	2	neighbors	19.85931
992	3	found	9.47903
992	4	out	4.628185
992	5	who	6.983115
992	6	her	11.259278
992	7	mother	3.197168
992	8	heard	8.284397
992	9	the	4.60104
992	10	newspaper	11.083835
992	11	reported	7.501181
992	12	the	7.226742
992	13	young	9.856519
992	14	woman	3.229316
992	15	did	7.001426
992	16	buy	15.530467
992	17	a	2.81883
992	18	gift	9.413957
992	19	for	3.416107
992	20	her	2.063787
992	21	parents	8.126168
992	22	.	1.166336
992	23	<eos>	-0.0
993	1	The	0.0
993	2	neighbors	19.85931
993	3	found	9.47903
993	4	out	4.628185
993	5	that	1.608931
993	6	her	7.417572
993	7	mother	3.818226
993	8	heard	10.738398
993	9	the	3.073617
993	10	newspaper	10.929636
993	11	reported	8.215204
993	12	the	4.929319
993	13	mayor	13.224677
993	14	said	8.171402
993	15	did	13.231488
993	16	buy	14.203345
993	17	a	2.568793
993	18	gift	10.604179
993	19	for	3.734583
993	20	her	2.47629
993	21	parents	8.635373
993	22	.	1.07143
993	23	<eos>	-0.0
994	1	The	0.0
994	2	neighbors	19.85931
994	3	found	9.47903
994	4	out	4.628185
994	5	that	1.608931
994	6	her	7.417572
994	7	mother	3.818226
994	8	heard	10.738398
994	9	the	3.073617
994	10	newspaper	10.929636
994	11	reported	8.215204
994	12	the	4.929319
994	13	mayor	13.224677
994	14	said	8.171402
994	15	the	4.965578
994	16	young	9.282232
994	17	woman	2.883322
994	18	did	6.050302
994	19	buy	15.21263
994	20	a	2.351599
994	21	gift	9.973983
994	22	for	3.40626
994	23	her	2.158431
994	24	parents	8.007775
994	25	.	1.1408
994	26	<eos>	-0.0
995	1	The	0.0
995	2	neighbors	19.85931
995	3	found	9.47903
995	4	out	4.628185
995	5	who	6.983115
995	6	her	11.259278
995	7	mother	3.197168
995	8	heard	8.284397
995	9	the	4.60104
995	10	newspaper	11.083835
995	11	reported	7.501181
995	12	the	7.226742
995	13	mayor	14.087319
995	14	said	7.380359
995	15	did	9.239215
995	16	buy	14.114057
995	17	a	2.662282
995	18	gift	10.232261
995	19	for	3.653706
995	20	her	2.540872
995	21	parents	9.361
995	22	.	1.010804
995	23	<eos>	-0.0
996	1	The	0.0
996	2	neighbors	19.85931
996	3	found	9.47903
996	4	out	4.628185
996	5	who	6.983115
996	6	her	11.259278
996	7	mother	3.197168
996	8	heard	8.284397
996	9	the	4.60104
996	10	newspaper	11.083835
996	11	reported	7.501181
996	12	the	7.226742
996	13	mayor	14.087319
996	14	said	7.380359
996	15	the	5.382035
996	16	young	9.044118
996	17	woman	2.776672
996	18	did	6.194201
996	19	buy	15.118423
996	20	a	2.421159
996	21	gift	9.776538
996	22	for	3.363588
996	23	her	2.136358
996	24	parents	8.309279
996	25	.	1.067155
996	26	<eos>	-0.0
997	1	The	0.0
997	2	neighbors	19.85931
997	3	found	9.47903
997	4	out	4.628185
997	5	that	1.608931
997	6	her	7.417572
997	7	mother	3.818226
997	8	heard	10.738398
997	9	the	3.073617
997	10	newspaper	10.929636
997	11	reported	8.215204
997	12	the	4.929319
997	13	mayor	13.224677
997	14	said	8.171402
997	15	did	13.231488
997	16	buy	14.203345
997	17	a	2.568793
997	18	gift	10.604179
997	19	for	3.734583
997	20	her	2.47629
997	21	parents	8.635373
997	22	.	1.07143
997	23	<eos>	-0.0
998	1	The	0.0
998	2	neighbors	19.85931
998	3	found	9.47903
998	4	out	4.628185
998	5	that	1.608931
998	6	her	7.417572
998	7	mother	3.818226
998	8	heard	10.738398
998	9	the	3.073617
998	10	newspaper	10.929636
998	11	reported	8.215204
998	12	the	4.929319
998	13	mayor	13.224677
998	14	said	8.171402
998	15	the	4.965578
998	16	young	9.282232
998	17	woman	2.883322
998	18	did	6.050302
998	19	buy	15.21263
998	20	a	2.351599
998	21	gift	9.973983
998	22	for	3.40626
998	23	her	2.158431
998	24	parents	8.007775
998	25	.	1.1408
998	26	<eos>	-0.0
999	1	The	0.0
999	2	neighbors	19.85931
999	3	found	9.47903
999	4	out	4.628185
999	5	who	6.983115
999	6	her	11.259278
999	7	mother	3.197168
999	8	heard	8.284397
999	9	the	4.60104
999	10	newspaper	11.083835
999	11	reported	7.501181
999	12	the	7.226742
999	13	mayor	14.087319
999	14	said	7.380359
999	15	did	9.239215
999	16	buy	14.114057
999	17	a	2.662282
999	18	gift	10.232261
999	19	for	3.653706
999	20	her	2.540872
999	21	parents	9.361
999	22	.	1.010804
999	23	<eos>	-0.0
1000	1	The	0.0
1000	2	neighbors	19.85931
1000	3	found	9.47903
1000	4	out	4.628185
1000	5	who	6.983115
1000	6	her	11.259278
1000	7	mother	3.197168
1000	8	heard	8.284397
1000	9	the	4.60104
1000	10	newspaper	11.083835
1000	11	reported	7.501181
1000	12	the	7.226742
1000	13	mayor	14.087319
1000	14	said	7.380359
1000	15	the	5.382035
1000	16	young	9.044118
1000	17	woman	2.776672
1000	18	did	6.194201
1000	19	buy	15.118423
1000	20	a	2.421159
1000	21	gift	9.776538
1000	22	for	3.363588
1000	23	her	2.136358
1000	24	parents	8.309279
1000	25	.	1.067155
1000	26	<eos>	-0.0
1001	1	We	0.0
1001	2	discovered	12.537792
1001	3	that	1.756949
1001	4	did	14.156196
1001	5	tell	15.398251
1001	6	a	5.49085
1001	7	story	2.907994
1001	8	about	2.402227
1001	9	the	1.570912
1001	10	woman	10.263688
1001	11	.	4.038436
1001	12	<eos>	-0.0
1002	1	We	0.0
1002	2	discovered	12.537792
1002	3	that	1.756949
1002	4	the	1.860101
1002	5	funny	18.870544
1002	6	actor	12.646926
1002	7	did	6.734056
1002	8	tell	13.006077
1002	9	a	4.696275
1002	10	story	1.618282
1002	11	about	2.15784
1002	12	the	1.992047
1002	13	woman	9.896201
1002	14	.	3.886478
1002	15	<eos>	-0.0
1003	1	We	0.0
1003	2	discovered	12.537792
1003	3	who	10.118311
1003	4	did	5.739111
1003	5	tell	12.929174
1003	6	a	4.885136
1003	7	story	1.432049
1003	8	about	2.414504
1003	9	the	1.541719
1003	10	woman	10.28664
1003	11	.	3.63022
1003	12	<eos>	-0.0
1004	1	We	0.0
1004	2	discovered	12.537792
1004	3	who	10.118311
1004	4	the	6.893994
1004	5	funny	18.6555
1004	6	actor	11.452281
1004	7	did	6.376052
1004	8	tell	12.93411
1004	9	a	5.677906
1004	10	story	2.457731
1004	11	about	2.381464
1004	12	the	2.095062
1004	13	woman	9.857215
1004	14	.	3.626331
1004	15	<eos>	-0.0
1005	1	We	0.0
1005	2	discovered	12.537792
1005	3	that	1.756949
1005	4	the	1.860101
1005	5	delivery	14.887162
1005	6	boy	13.712483
1005	7	remarked	14.782109
1005	8	did	15.335672
1005	9	tell	12.902133
1005	10	a	4.601857
1005	11	story	2.052753
1005	12	about	1.882561
1005	13	the	1.699448
1005	14	woman	9.803431
1005	15	.	4.019726
1005	16	<eos>	-0.0
1006	1	We	0.0
1006	2	discovered	12.537792
1006	3	that	1.756949
1006	4	the	1.860101
1006	5	delivery	14.887162
1006	6	boy	13.712483
1006	7	remarked	14.782109
1006	8	the	5.388022
1006	9	funny	15.493434
1006	10	actor	11.107391
1006	11	did	6.727767
1006	12	tell	12.579796
1006	13	a	4.814471
1006	14	story	1.492687
1006	15	about	2.065961
1006	16	the	1.932748
1006	17	woman	9.717559
1006	18	.	3.606348
1006	19	<eos>	-0.0
1007	1	We	0.0
1007	2	discovered	12.537792
1007	3	who	10.118311
1007	4	the	6.893994
1007	5	delivery	16.538965
1007	6	boy	10.798576
1007	7	remarked	14.130383
1007	8	did	9.112987
1007	9	tell	13.163291
1007	10	a	5.21095
1007	11	story	2.167304
1007	12	about	2.177426
1007	13	the	1.716694
1007	14	woman	9.981778
1007	15	.	3.741416
1007	16	<eos>	-0.0
1008	1	We	0.0
1008	2	discovered	12.537792
1008	3	who	10.118311
1008	4	the	6.893994
1008	5	delivery	16.538965
1008	6	boy	10.798576
1008	7	remarked	14.130383
1008	8	the	6.466647
1008	9	funny	15.388526
1008	10	actor	11.828994
1008	11	did	7.250126
1008	12	tell	13.531267
1008	13	a	5.863332
1008	14	story	2.674264
1008	15	about	2.214032
1008	16	the	2.057828
1008	17	woman	9.982833
1008	18	.	3.68861
1008	19	<eos>	-0.0
1009	1	We	0.0
1009	2	discovered	12.537792
1009	3	that	1.756949
1009	4	the	1.860101
1009	5	delivery	14.887162
1009	6	boy	13.712483
1009	7	remarked	14.782109
1009	8	the	5.388022
1009	9	worker	13.930721
1009	10	said	10.551138
1009	11	did	9.977015
1009	12	tell	13.398637
1009	13	a	4.614155
1009	14	story	2.104072
1009	15	about	2.079586
1009	16	the	1.739031
1009	17	woman	9.467615
1009	18	.	3.608715
1009	19	<eos>	-0.0
1010	1	We	0.0
1010	2	discovered	12.537792
1010	3	that	1.756949
1010	4	the	1.860101
1010	5	delivery	14.887162
1010	6	boy	13.712483
1010	7	remarked	14.782109
1010	8	the	5.388022
1010	9	worker	13.930721
1010	10	said	10.551138
1010	11	the	4.252443
1010	12	funny	17.035049
1010	13	actor	11.430465
1010	14	did	6.179602
1010	15	tell	13.238068
1010	16	a	4.91256
1010	17	story	1.651593
1010	18	about	2.162826
1010	19	the	1.95609
1010	20	woman	9.378771
1010	21	.	3.394544
1010	22	<eos>	-0.0
1011	1	We	0.0
1011	2	discovered	12.537792
1011	3	who	10.118311
1011	4	the	6.893994
1011	5	delivery	16.538965
1011	6	boy	10.798576
1011	7	remarked	14.130383
1011	8	the	6.466647
1011	9	worker	14.784228
1011	10	said	9.718903
1011	11	did	8.436332
1011	12	tell	13.718493
1011	13	a	5.101219
1011	14	story	2.08941
1011	15	about	2.280923
1011	16	the	1.739799
1011	17	woman	9.772797
1011	18	.	3.37151
1011	19	<eos>	-0.0
1012	1	We	0.0
1012	2	discovered	12.537792
1012	3	who	10.118311
1012	4	the	6.893994
1012	5	delivery	16.538965
1012	6	boy	10.798576
1012	7	remarked	14.130383
1012	8	the	6.466647
1012	9	worker	14.784228
1012	10	said	9.718903
1012	11	the	6.103292
1012	12	funny	17.202381
1012	13	actor	11.773772
1012	14	did	6.279557
1012	15	tell	13.315706
1012	16	a	5.608963
1012	17	story	2.171134
1012	18	about	2.310539
1012	19	the	2.014111
1012	20	woman	9.765454
1012	21	.	3.494863
1012	22	<eos>	-0.0
1013	1	We	0.0
1013	2	discovered	12.537792
1013	3	that	1.756949
1013	4	the	1.860101
1013	5	delivery	14.887162
1013	6	boy	13.712483
1013	7	remarked	14.782109
1013	8	the	5.388022
1013	9	worker	13.930721
1013	10	said	10.551138
1013	11	the	4.252443
1013	12	gardener	15.026314
1013	13	knew	7.521698
1013	14	did	14.542476
1013	15	tell	13.109313
1013	16	a	5.086197
1013	17	story	2.22262
1013	18	about	1.672382
1013	19	the	1.891906
1013	20	woman	8.844913
1013	21	.	3.233039
1013	22	<eos>	-0.0
1014	1	We	0.0
1014	2	discovered	12.537792
1014	3	that	1.756949
1014	4	the	1.860101
1014	5	delivery	14.887162
1014	6	boy	13.712483
1014	7	remarked	14.782109
1014	8	the	5.388022
1014	9	worker	13.930721
1014	10	said	10.551138
1014	11	the	4.252443
1014	12	gardener	15.026314
1014	13	knew	7.521698
1014	14	the	3.729409
1014	15	funny	16.648836
1014	16	actor	12.158314
1014	17	did	9.088381
1014	18	tell	13.283336
1014	19	a	5.396
1014	20	story	2.111624
1014	21	about	2.347239
1014	22	the	2.027705
1014	23	woman	9.02936
1014	24	.	3.068485
1014	25	<eos>	-0.0
1015	1	We	0.0
1015	2	discovered	12.537792
1015	3	who	10.118311
1015	4	the	6.893994
1015	5	delivery	16.538965
1015	6	boy	10.798576
1015	7	remarked	14.130383
1015	8	the	6.466647
1015	9	worker	14.784228
1015	10	said	9.718903
1015	11	the	6.103292
1015	12	gardener	15.565272
1015	13	knew	7.292695
1015	14	did	9.357665
1015	15	tell	13.793747
1015	16	a	5.711992
1015	17	story	2.133931
1015	18	about	2.027694
1015	19	the	1.859072
1015	20	woman	9.203096
1015	21	.	3.253183
1015	22	<eos>	-0.0
1016	1	We	0.0
1016	2	discovered	12.537792
1016	3	who	10.118311
1016	4	the	6.893994
1016	5	delivery	16.538965
1016	6	boy	10.798576
1016	7	remarked	14.130383
1016	8	the	6.466647
1016	9	worker	14.784228
1016	10	said	9.718903
1016	11	the	6.103292
1016	12	gardener	15.565272
1016	13	knew	7.292695
1016	14	the	6.41191
1016	15	funny	16.675508
1016	16	actor	12.911332
1016	17	did	8.294045
1016	18	tell	14.626538
1016	19	a	6.366453
1016	20	story	3.174135
1016	21	about	2.227879
1016	22	the	2.222111
1016	23	woman	9.267846
1016	24	.	3.39465
1016	25	<eos>	-0.0
1017	1	We	0.0
1017	2	discovered	12.537792
1017	3	that	1.756949
1017	4	the	1.860101
1017	5	delivery	14.887162
1017	6	boy	13.712483
1017	7	remarked	14.782109
1017	8	the	5.388022
1017	9	worker	13.930721
1017	10	said	10.551138
1017	11	the	4.252443
1017	12	gardener	15.026314
1017	13	knew	7.521698
1017	14	did	14.542476
1017	15	tell	13.109313
1017	16	a	5.086197
1017	17	story	2.22262
1017	18	about	1.672382
1017	19	the	1.891906
1017	20	woman	8.844913
1017	21	.	3.233039
1017	22	<eos>	-0.0
1018	1	We	0.0
1018	2	discovered	12.537792
1018	3	that	1.756949
1018	4	the	1.860101
1018	5	delivery	14.887162
1018	6	boy	13.712483
1018	7	remarked	14.782109
1018	8	the	5.388022
1018	9	worker	13.930721
1018	10	said	10.551138
1018	11	the	4.252443
1018	12	gardener	15.026314
1018	13	knew	7.521698
1018	14	the	3.729409
1018	15	funny	16.648836
1018	16	actor	12.158314
1018	17	did	9.088381
1018	18	tell	13.283336
1018	19	a	5.396
1018	20	story	2.111624
1018	21	about	2.347239
1018	22	the	2.027705
1018	23	woman	9.02936
1018	24	.	3.068485
1018	25	<eos>	-0.0
1019	1	We	0.0
1019	2	discovered	12.537792
1019	3	who	10.118311
1019	4	the	6.893994
1019	5	delivery	16.538965
1019	6	boy	10.798576
1019	7	remarked	14.130383
1019	8	the	6.466647
1019	9	worker	14.784228
1019	10	said	9.718903
1019	11	the	6.103292
1019	12	gardener	15.565272
1019	13	knew	7.292695
1019	14	did	9.357665
1019	15	tell	13.793747
1019	16	a	5.711992
1019	17	story	2.133931
1019	18	about	2.027694
1019	19	the	1.859072
1019	20	woman	9.203096
1019	21	.	3.253183
1019	22	<eos>	-0.0
1020	1	We	0.0
1020	2	discovered	12.537792
1020	3	who	10.118311
1020	4	the	6.893994
1020	5	delivery	16.538965
1020	6	boy	10.798576
1020	7	remarked	14.130383
1020	8	the	6.466647
1020	9	worker	14.784228
1020	10	said	9.718903
1020	11	the	6.103292
1020	12	gardener	15.565272
1020	13	knew	7.292695
1020	14	the	6.41191
1020	15	funny	16.675508
1020	16	actor	12.911332
1020	17	did	8.294045
1020	18	tell	14.626538
1020	19	a	6.366453
1020	20	story	3.174135
1020	21	about	2.227879
1020	22	the	2.222111
1020	23	woman	9.267846
1020	24	.	3.39465
1020	25	<eos>	-0.0
1021	1	The	0.0
1021	2	assistant	19.641615
1021	3	told	12.41583
1021	4	me	5.276607
1021	5	that	1.373172
1021	6	will	14.292865
1021	7	send	10.781154
1021	8	the	2.908799
1021	9	package	12.38848
1021	10	to	1.929356
1021	11	his	5.746509
1021	12	family	4.950284
1021	13	.	1.539873
1021	14	<eos>	-0.0
1022	1	The	0.0
1022	2	assistant	19.641615
1022	3	told	12.41583
1022	4	me	5.276607
1022	5	that	1.373172
1022	6	the	2.547316
1022	7	pilot	11.363383
1022	8	will	6.196125
1022	9	send	8.923917
1022	10	the	2.735529
1022	11	package	10.601984
1022	12	to	1.993007
1022	13	his	5.6201
1022	14	family	5.48397
1022	15	.	1.801222
1022	16	<eos>	-0.0
1023	1	The	0.0
1023	2	assistant	19.641615
1023	3	told	12.41583
1023	4	me	5.276607
1023	5	who	8.871985
1023	6	will	7.671026
1023	7	send	8.745024
1023	8	the	3.08446
1023	9	package	11.115026
1023	10	to	2.055445
1023	11	his	5.75661
1023	12	family	5.196418
1023	13	.	1.453164
1023	14	<eos>	-0.0
1024	1	The	0.0
1024	2	assistant	19.641615
1024	3	told	12.41583
1024	4	me	5.276607
1024	5	who	8.871985
1024	6	the	5.559373
1024	7	pilot	10.903105
1024	8	will	6.535449
1024	9	send	8.905195
1024	10	the	3.858791
1024	11	package	10.668597
1024	12	to	2.227314
1024	13	his	5.707961
1024	14	family	6.076054
1024	15	.	1.391585
1024	16	<eos>	-0.0
1025	1	The	0.0
1025	2	assistant	19.641615
1025	3	told	12.41583
1025	4	me	5.276607
1025	5	that	1.373172
1025	6	the	2.547316
1025	7	man	7.106752
1025	8	knew	7.546206
1025	9	will	13.088652
1025	10	send	10.162179
1025	11	the	3.496179
1025	12	package	12.266009
1025	13	to	1.946651
1025	14	his	5.186604
1025	15	family	4.95188
1025	16	.	1.478429
1025	17	<eos>	-0.0
1026	1	The	0.0
1026	2	assistant	19.641615
1026	3	told	12.41583
1026	4	me	5.276607
1026	5	that	1.373172
1026	6	the	2.547316
1026	7	man	7.106752
1026	8	knew	7.546206
1026	9	the	3.409596
1026	10	pilot	12.469121
1026	11	will	7.850508
1026	12	send	8.96943
1026	13	the	3.252357
1026	14	package	11.596496
1026	15	to	2.160089
1026	16	his	5.184761
1026	17	family	5.24723
1026	18	.	1.423296
1026	19	<eos>	-0.0
1027	1	The	0.0
1027	2	assistant	19.641615
1027	3	told	12.41583
1027	4	me	5.276607
1027	5	who	8.871985
1027	6	the	5.559373
1027	7	man	6.414416
1027	8	knew	7.075624
1027	9	will	10.835987
1027	10	send	11.275675
1027	11	the	3.843568
1027	12	package	12.104783
1027	13	to	2.223635
1027	14	his	5.474614
1027	15	family	5.104332
1027	16	.	1.229949
1027	17	<eos>	-0.0
1028	1	The	0.0
1028	2	assistant	19.641615
1028	3	told	12.41583
1028	4	me	5.276607
1028	5	who	8.871985
1028	6	the	5.559373
1028	7	man	6.414416
1028	8	knew	7.075624
1028	9	the	4.468832
1028	10	pilot	12.359185
1028	11	will	8.830833
1028	12	send	9.733983
1028	13	the	3.70962
1028	14	package	11.783843
1028	15	to	2.296392
1028	16	his	5.475929
1028	17	family	5.378024
1028	18	.	1.228629
1028	19	<eos>	-0.0
1029	1	The	0.0
1029	2	assistant	19.641615
1029	3	told	12.41583
1029	4	me	5.276607
1029	5	that	1.373172
1029	6	the	2.547316
1029	7	man	7.106752
1029	8	knew	7.546206
1029	9	his	6.052195
1029	10	friend	7.899875
1029	11	recalled	14.78933
1029	12	will	15.073623
1029	13	send	10.364844
1029	14	the	3.703411
1029	15	package	12.408813
1029	16	to	2.088123
1029	17	his	4.698567
1029	18	family	4.756251
1029	19	.	1.313043
1029	20	<eos>	-0.0
1030	1	The	0.0
1030	2	assistant	19.641615
1030	3	told	12.41583
1030	4	me	5.276607
1030	5	that	1.373172
1030	6	the	2.547316
1030	7	man	7.106752
1030	8	knew	7.546206
1030	9	his	6.052195
1030	10	friend	7.899875
1030	11	recalled	14.78933
1030	12	the	3.451155
1030	13	pilot	11.931201
1030	14	will	10.669368
1030	15	send	8.080606
1030	16	the	3.365652
1030	17	package	11.615137
1030	18	to	2.158768
1030	19	his	4.859941
1030	20	family	5.016661
1030	21	.	1.305622
1030	22	<eos>	-0.0
1031	1	The	0.0
1031	2	assistant	19.641615
1031	3	told	12.41583
1031	4	me	5.276607
1031	5	who	8.871985
1031	6	the	5.559373
1031	7	man	6.414416
1031	8	knew	7.075624
1031	9	his	7.620275
1031	10	friend	7.100503
1031	11	recalled	14.500323
1031	12	will	14.70601
1031	13	send	10.477616
1031	14	the	3.636674
1031	15	package	12.573079
1031	16	to	2.181244
1031	17	his	4.845644
1031	18	family	5.006044
1031	19	.	1.216153
1031	20	<eos>	-0.0
1032	1	The	0.0
1032	2	assistant	19.641615
1032	3	told	12.41583
1032	4	me	5.276607
1032	5	who	8.871985
1032	6	the	5.559373
1032	7	man	6.414416
1032	8	knew	7.075624
1032	9	his	7.620275
1032	10	friend	7.100503
1032	11	recalled	14.500323
1032	12	the	5.145699
1032	13	pilot	13.306129
1032	14	will	11.079787
1032	15	send	8.524422
1032	16	the	3.389719
1032	17	package	11.728609
1032	18	to	2.187649
1032	19	his	5.082976
1032	20	family	5.146161
1032	21	.	1.237359
1032	22	<eos>	-0.0
1033	1	The	0.0
1033	2	assistant	19.641615
1033	3	told	12.41583
1033	4	me	5.276607
1033	5	that	1.373172
1033	6	the	2.547316
1033	7	man	7.106752
1033	8	knew	7.546206
1033	9	his	6.052195
1033	10	friend	7.899875
1033	11	recalled	14.78933
1033	12	the	3.451155
1033	13	woman	9.762089
1033	14	said	9.500671
1033	15	will	12.317206
1033	16	send	10.14992
1033	17	the	3.668963
1033	18	package	13.193252
1033	19	to	1.923378
1033	20	his	5.345288
1033	21	family	4.826099
1033	22	.	1.157572
1033	23	<eos>	-0.0
1034	1	The	0.0
1034	2	assistant	19.641615
1034	3	told	12.41583
1034	4	me	5.276607
1034	5	that	1.373172
1034	6	the	2.547316
1034	7	man	7.106752
1034	8	knew	7.546206
1034	9	his	6.052195
1034	10	friend	7.899875
1034	11	recalled	14.78933
1034	12	the	3.451155
1034	13	woman	9.762089
1034	14	said	9.500671
1034	15	the	5.25326
1034	16	pilot	11.502321
1034	17	will	8.934926
1034	18	send	8.493043
1034	19	the	3.32086
1034	20	package	11.756324
1034	21	to	2.145571
1034	22	his	5.491008
1034	23	family	4.978416
1034	24	.	1.174834
1034	25	<eos>	-0.0
1035	1	The	0.0
1035	2	assistant	19.641615
1035	3	told	12.41583
1035	4	me	5.276607
1035	5	who	8.871985
1035	6	the	5.559373
1035	7	man	6.414416
1035	8	knew	7.075624
1035	9	his	7.620275
1035	10	friend	7.100503
1035	11	recalled	14.500323
1035	12	the	5.145699
1035	13	woman	10.320258
1035	14	said	9.623787
1035	15	will	12.636222
1035	16	send	10.356059
1035	17	the	3.600665
1035	18	package	13.361183
1035	19	to	1.992345
1035	20	his	5.542129
1035	21	family	4.872524
1035	22	.	1.086013
1035	23	<eos>	-0.0
1036	1	The	0.0
1036	2	assistant	19.641615
1036	3	told	12.41583
1036	4	me	5.276607
1036	5	who	8.871985
1036	6	the	5.559373
1036	7	man	6.414416
1036	8	knew	7.075624
1036	9	his	7.620275
1036	10	friend	7.100503
1036	11	recalled	14.500323
1036	12	the	5.145699
1036	13	woman	10.320258
1036	14	said	9.623787
1036	15	the	5.519222
1036	16	pilot	11.840098
1036	17	will	8.56825
1036	18	send	8.516023
1036	19	the	3.266696
1036	20	package	11.730568
1036	21	to	2.162683
1036	22	his	5.653432
1036	23	family	5.010541
1036	24	.	1.164833
1036	25	<eos>	-0.0
1037	1	The	0.0
1037	2	assistant	19.641615
1037	3	told	12.41583
1037	4	me	5.276607
1037	5	that	1.373172
1037	6	the	2.547316
1037	7	man	7.106752
1037	8	knew	7.546206
1037	9	his	6.052195
1037	10	friend	7.899875
1037	11	recalled	14.78933
1037	12	the	3.451155
1037	13	woman	9.762089
1037	14	said	9.500671
1037	15	will	12.317206
1037	16	send	10.14992
1037	17	the	3.668963
1037	18	package	13.193252
1037	19	to	1.923378
1037	20	his	5.345288
1037	21	family	4.826099
1037	22	.	1.157572
1037	23	<eos>	-0.0
1038	1	The	0.0
1038	2	assistant	19.641615
1038	3	told	12.41583
1038	4	me	5.276607
1038	5	that	1.373172
1038	6	the	2.547316
1038	7	man	7.106752
1038	8	knew	7.546206
1038	9	his	6.052195
1038	10	friend	7.899875
1038	11	recalled	14.78933
1038	12	the	3.451155
1038	13	woman	9.762089
1038	14	said	9.500671
1038	15	the	5.25326
1038	16	pilot	11.502321
1038	17	will	8.934926
1038	18	send	8.493043
1038	19	the	3.32086
1038	20	package	11.756324
1038	21	to	2.145571
1038	22	his	5.491008
1038	23	family	4.978416
1038	24	.	1.174834
1038	25	<eos>	-0.0
1039	1	The	0.0
1039	2	assistant	19.641615
1039	3	told	12.41583
1039	4	me	5.276607
1039	5	who	8.871985
1039	6	the	5.559373
1039	7	man	6.414416
1039	8	knew	7.075624
1039	9	his	7.620275
1039	10	friend	7.100503
1039	11	recalled	14.500323
1039	12	the	5.145699
1039	13	woman	10.320258
1039	14	said	9.623787
1039	15	will	12.636222
1039	16	send	10.356059
1039	17	the	3.600665
1039	18	package	13.361183
1039	19	to	1.992345
1039	20	his	5.542129
1039	21	family	4.872524
1039	22	.	1.086013
1039	23	<eos>	-0.0
1040	1	The	0.0
1040	2	assistant	19.641615
1040	3	told	12.41583
1040	4	me	5.276607
1040	5	who	8.871985
1040	6	the	5.559373
1040	7	man	6.414416
1040	8	knew	7.075624
1040	9	his	7.620275
1040	10	friend	7.100503
1040	11	recalled	14.500323
1040	12	the	5.145699
1040	13	woman	10.320258
1040	14	said	9.623787
1040	15	the	5.519222
1040	16	pilot	11.840098
1040	17	will	8.56825
1040	18	send	8.516023
1040	19	the	3.266696
1040	20	package	11.730568
1040	21	to	2.162683
1040	22	his	5.653432
1040	23	family	5.010541
1040	24	.	1.164833
1040	25	<eos>	-0.0
1041	1	The	0.0
1041	2	accountant	20.662333
1041	3	knew	12.299269
1041	4	that	1.757999
1041	5	could	13.083061
1041	6	introduce	12.757894
1041	7	the	2.407519
1041	8	new	4.957517
1041	9	woman	9.219481
1041	10	to	2.034528
1041	11	her	3.970582
1041	12	friend	10.00658
1041	13	.	2.869748
1041	14	<eos>	-0.0
1042	1	The	0.0
1042	2	accountant	20.662333
1042	3	knew	12.299269
1042	4	that	1.757999
1042	5	the	1.594424
1042	6	secretary	13.862794
1042	7	could	4.439278
1042	8	introduce	11.912354
1042	9	the	2.564697
1042	10	new	4.613871
1042	11	woman	9.889564
1042	12	to	2.016856
1042	13	her	3.689844
1042	14	friend	9.158531
1042	15	.	2.997398
1042	16	<eos>	-0.0
1043	1	The	0.0
1043	2	accountant	20.662333
1043	3	knew	12.299269
1043	4	who	6.979946
1043	5	could	4.960834
1043	6	introduce	12.162196
1043	7	the	1.882272
1043	8	new	4.387637
1043	9	woman	10.242612
1043	10	to	2.607976
1043	11	her	3.402729
1043	12	friend	9.350545
1043	13	.	2.672338
1043	14	<eos>	-0.0
1044	1	The	0.0
1044	2	accountant	20.662333
1044	3	knew	12.299269
1044	4	who	6.979946
1044	5	the	4.008495
1044	6	secretary	12.526146
1044	7	could	4.184464
1044	8	introduce	13.438905
1044	9	the	4.807725
1044	10	new	5.020942
1044	11	woman	9.926896
1044	12	to	3.327148
1044	13	her	3.621449
1044	14	friend	8.582005
1044	15	.	2.867361
1044	16	<eos>	-0.0
1045	1	The	0.0
1045	2	accountant	20.662333
1045	3	knew	12.299269
1045	4	that	1.757999
1045	5	the	1.594424
1045	6	security	11.230873
1045	7	guard	8.486174
1045	8	believed	8.959692
1045	9	could	12.134863
1045	10	introduce	13.541197
1045	11	the	2.705541
1045	12	new	5.104442
1045	13	woman	10.483107
1045	14	to	2.094223
1045	15	her	4.16111
1045	16	friend	9.534672
1045	17	.	2.742227
1045	18	<eos>	-0.0
1046	1	The	0.0
1046	2	accountant	20.662333
1046	3	knew	12.299269
1046	4	that	1.757999
1046	5	the	1.594424
1046	6	security	11.230873
1046	7	guard	8.486174
1046	8	believed	8.959692
1046	9	the	2.803284
1046	10	secretary	13.592955
1046	11	could	3.759636
1046	12	introduce	12.80483
1046	13	the	2.795637
1046	14	new	4.708908
1046	15	woman	11.029967
1046	16	to	1.771066
1046	17	her	4.250221
1046	18	friend	8.954582
1046	19	.	2.562178
1046	20	<eos>	-0.0
1047	1	The	0.0
1047	2	accountant	20.662333
1047	3	knew	12.299269
1047	4	who	6.979946
1047	5	the	4.008495
1047	6	security	11.193192
1047	7	guard	7.503042
1047	8	believed	9.343479
1047	9	could	7.329851
1047	10	introduce	14.128249
1047	11	the	2.449171
1047	12	new	4.789059
1047	13	woman	10.106153
1047	14	to	2.187428
1047	15	her	3.956306
1047	16	friend	9.567351
1047	17	.	2.385435
1047	18	<eos>	-0.0
1048	1	The	0.0
1048	2	accountant	20.662333
1048	3	knew	12.299269
1048	4	who	6.979946
1048	5	the	4.008495
1048	6	security	11.193192
1048	7	guard	7.503042
1048	8	believed	9.343479
1048	9	the	4.277025
1048	10	secretary	13.104211
1048	11	could	3.443646
1048	12	introduce	13.4086
1048	13	the	3.116492
1048	14	new	4.919351
1048	15	woman	10.695661
1048	16	to	2.459806
1048	17	her	4.27009
1048	18	friend	9.125366
1048	19	.	2.392704
1048	20	<eos>	-0.0
1049	1	The	0.0
1049	2	accountant	20.662333
1049	3	knew	12.299269
1049	4	that	1.757999
1049	5	the	1.594424
1049	6	security	11.230873
1049	7	guard	8.486174
1049	8	believed	8.959692
1049	9	his	6.364469
1049	10	friend	7.765619
1049	11	knew	8.418613
1049	12	could	12.97482
1049	13	introduce	13.184263
1049	14	the	3.06505
1049	15	new	5.124378
1049	16	woman	9.541218
1049	17	to	1.980295
1049	18	her	3.923482
1049	19	friend	8.731366
1049	20	.	2.336512
1049	21	<eos>	-0.0
1050	1	The	0.0
1050	2	accountant	20.662333
1050	3	knew	12.299269
1050	4	that	1.757999
1050	5	the	1.594424
1050	6	security	11.230873
1050	7	guard	8.486174
1050	8	believed	8.959692
1050	9	his	6.364469
1050	10	friend	7.765619
1050	11	knew	8.418613
1050	12	the	3.806568
1050	13	secretary	14.849382
1050	14	could	6.337019
1050	15	introduce	13.284613
1050	16	the	2.861453
1050	17	new	5.014333
1050	18	woman	10.175615
1050	19	to	1.7734
1050	20	her	4.05746
1050	21	friend	8.63578
1050	22	.	2.163515
1050	23	<eos>	-0.0
1051	1	The	0.0
1051	2	accountant	20.662333
1051	3	knew	12.299269
1051	4	who	6.979946
1051	5	the	4.008495
1051	6	security	11.193192
1051	7	guard	7.503042
1051	8	believed	9.343479
1051	9	his	8.196365
1051	10	friend	7.937625
1051	11	knew	7.550464
1051	12	could	9.298373
1051	13	introduce	13.467656
1051	14	the	3.202086
1051	15	new	5.154883
1051	16	woman	9.39969
1051	17	to	2.30936
1051	18	her	4.003357
1051	19	friend	9.000862
1051	20	.	2.19673
1051	21	<eos>	-0.0
1052	1	The	0.0
1052	2	accountant	20.662333
1052	3	knew	12.299269
1052	4	who	6.979946
1052	5	the	4.008495
1052	6	security	11.193192
1052	7	guard	7.503042
1052	8	believed	9.343479
1052	9	his	8.196365
1052	10	friend	7.937625
1052	11	knew	7.550464
1052	12	the	4.214753
1052	13	secretary	14.433077
1052	14	could	6.32849
1052	15	introduce	13.399761
1052	16	the	3.011356
1052	17	new	5.178367
1052	18	woman	10.05049
1052	19	to	2.203418
1052	20	her	4.114547
1052	21	friend	8.804385
1052	22	.	2.164076
1052	23	<eos>	-0.0
1053	1	The	0.0
1053	2	accountant	20.662333
1053	3	knew	12.299269
1053	4	that	1.757999
1053	5	the	1.594424
1053	6	security	11.230873
1053	7	guard	8.486174
1053	8	believed	8.959692
1053	9	his	6.364469
1053	10	friend	7.765619
1053	11	knew	8.418613
1053	12	the	3.806568
1053	13	assistant	15.761281
1053	14	reported	13.262972
1053	15	could	12.097689
1053	16	introduce	14.415418
1053	17	the	2.904075
1053	18	new	5.580661
1053	19	woman	10.127501
1053	20	to	1.760485
1053	21	her	3.838896
1053	22	friend	8.930344
1053	23	.	2.144549
1053	24	<eos>	-0.0
1054	1	The	0.0
1054	2	accountant	20.662333
1054	3	knew	12.299269
1054	4	that	1.757999
1054	5	the	1.594424
1054	6	security	11.230873
1054	7	guard	8.486174
1054	8	believed	8.959692
1054	9	his	6.364469
1054	10	friend	7.765619
1054	11	knew	8.418613
1054	12	the	3.806568
1054	13	assistant	15.761281
1054	14	reported	13.262972
1054	15	the	3.753372
1054	16	secretary	14.360924
1054	17	could	7.11606
1054	18	introduce	13.118893
1054	19	the	2.793965
1054	20	new	5.134032
1054	21	woman	10.307085
1054	22	to	1.908042
1054	23	her	4.051366
1054	24	friend	8.598735
1054	25	.	2.143202
1054	26	<eos>	-0.0
1055	1	The	0.0
1055	2	accountant	20.662333
1055	3	knew	12.299269
1055	4	who	6.979946
1055	5	the	4.008495
1055	6	security	11.193192
1055	7	guard	7.503042
1055	8	believed	9.343479
1055	9	his	8.196365
1055	10	friend	7.937625
1055	11	knew	7.550464
1055	12	the	4.214753
1055	13	assistant	15.367271
1055	14	reported	12.943674
1055	15	could	11.546085
1055	16	introduce	14.490572
1055	17	the	2.789225
1055	18	new	5.528301
1055	19	woman	10.147466
1055	20	to	1.921904
1055	21	her	3.868524
1055	22	friend	9.067643
1055	23	.	2.029927
1055	24	<eos>	-0.0
1056	1	The	0.0
1056	2	accountant	20.662333
1056	3	knew	12.299269
1056	4	who	6.979946
1056	5	the	4.008495
1056	6	security	11.193192
1056	7	guard	7.503042
1056	8	believed	9.343479
1056	9	his	8.196365
1056	10	friend	7.937625
1056	11	knew	7.550464
1056	12	the	4.214753
1056	13	assistant	15.367271
1056	14	reported	12.943674
1056	15	the	4.271742
1056	16	secretary	14.272279
1056	17	could	6.826095
1056	18	introduce	13.120178
1056	19	the	2.767141
1056	20	new	5.07193
1056	21	woman	10.351456
1056	22	to	2.023262
1056	23	her	4.048499
1056	24	friend	8.724513
1056	25	.	2.094918
1056	26	<eos>	-0.0
1057	1	The	0.0
1057	2	accountant	20.662333
1057	3	knew	12.299269
1057	4	that	1.757999
1057	5	the	1.594424
1057	6	security	11.230873
1057	7	guard	8.486174
1057	8	believed	8.959692
1057	9	his	6.364469
1057	10	friend	7.765619
1057	11	knew	8.418613
1057	12	the	3.806568
1057	13	assistant	15.761281
1057	14	reported	13.262972
1057	15	could	12.097689
1057	16	introduce	14.415418
1057	17	the	2.904075
1057	18	new	5.580661
1057	19	woman	10.127501
1057	20	to	1.760485
1057	21	her	3.838896
1057	22	friend	8.930344
1057	23	.	2.144549
1057	24	<eos>	-0.0
1058	1	The	0.0
1058	2	accountant	20.662333
1058	3	knew	12.299269
1058	4	that	1.757999
1058	5	the	1.594424
1058	6	security	11.230873
1058	7	guard	8.486174
1058	8	believed	8.959692
1058	9	his	6.364469
1058	10	friend	7.765619
1058	11	knew	8.418613
1058	12	the	3.806568
1058	13	assistant	15.761281
1058	14	reported	13.262972
1058	15	the	3.753372
1058	16	secretary	14.360924
1058	17	could	7.11606
1058	18	introduce	13.118893
1058	19	the	2.793965
1058	20	new	5.134032
1058	21	woman	10.307085
1058	22	to	1.908042
1058	23	her	4.051366
1058	24	friend	8.598735
1058	25	.	2.143202
1058	26	<eos>	-0.0
1059	1	The	0.0
1059	2	accountant	20.662333
1059	3	knew	12.299269
1059	4	who	6.979946
1059	5	the	4.008495
1059	6	security	11.193192
1059	7	guard	7.503042
1059	8	believed	9.343479
1059	9	his	8.196365
1059	10	friend	7.937625
1059	11	knew	7.550464
1059	12	the	4.214753
1059	13	assistant	15.367271
1059	14	reported	12.943674
1059	15	could	11.546085
1059	16	introduce	14.490572
1059	17	the	2.789225
1059	18	new	5.528301
1059	19	woman	10.147466
1059	20	to	1.921904
1059	21	her	3.868524
1059	22	friend	9.067643
1059	23	.	2.029927
1059	24	<eos>	-0.0
1060	1	The	0.0
1060	2	accountant	20.662333
1060	3	knew	12.299269
1060	4	who	6.979946
1060	5	the	4.008495
1060	6	security	11.193192
1060	7	guard	7.503042
1060	8	believed	9.343479
1060	9	his	8.196365
1060	10	friend	7.937625
1060	11	knew	7.550464
1060	12	the	4.214753
1060	13	assistant	15.367271
1060	14	reported	12.943674
1060	15	the	4.271742
1060	16	secretary	14.272279
1060	17	could	6.826095
1060	18	introduce	13.120178
1060	19	the	2.767141
1060	20	new	5.07193
1060	21	woman	10.351456
1060	22	to	2.023262
1060	23	her	4.048499
1060	24	friend	8.724513
1060	25	.	2.094918
1060	26	<eos>	-0.0
1061	1	I	0.0
1061	2	know	6.278276
1061	3	that	2.352433
1061	4	will	11.602566
1061	5	throw	11.772815
1061	6	the	2.721396
1061	7	plastic	12.817277
1061	8	into	4.554237
1061	9	the	1.402246
1061	10	trash	8.388146
1061	11	can	9.038645
1061	12	.	2.015122
1061	13	<eos>	-0.0
1062	1	I	0.0
1062	2	know	6.278276
1062	3	that	2.352433
1062	4	your	9.241128
1062	5	friend	7.913626
1062	6	will	5.915673
1062	7	throw	9.976838
1062	8	the	3.164604
1062	9	plastic	12.600544
1062	10	into	5.614727
1062	11	the	1.495197
1062	12	trash	7.730887
1062	13	can	9.711204
1062	14	.	2.187106
1062	15	<eos>	-0.0
1063	1	I	0.0
1063	2	know	6.278276
1063	3	who	6.580016
1063	4	will	5.949539
1063	5	throw	10.640607
1063	6	the	2.630609
1063	7	plastic	12.844965
1063	8	into	5.670435
1063	9	the	1.209442
1063	10	trash	7.840098
1063	11	can	8.35589
1063	12	.	2.327909
1063	13	<eos>	-0.0
1064	1	I	0.0
1064	2	know	6.278276
1064	3	who	6.580016
1064	4	your	10.622782
1064	5	friend	6.180363
1064	6	will	5.701903
1064	7	throw	10.110782
1064	8	the	4.321093
1064	9	plastic	13.384377
1064	10	into	6.952054
1064	11	the	1.877648
1064	12	trash	7.677385
1064	13	can	8.278943
1064	14	.	2.531131
1064	15	<eos>	-0.0
1065	1	I	0.0
1065	2	know	6.278276
1065	3	that	2.352433
1065	4	our	8.541259
1065	5	mother	7.632546
1065	6	said	9.849742
1065	7	will	13.738559
1065	8	throw	12.046038
1065	9	the	3.177404
1065	10	plastic	12.876978
1065	11	into	5.504891
1065	12	the	1.470425
1065	13	trash	7.7884
1065	14	can	9.841071
1065	15	.	1.903481
1065	16	<eos>	-0.0
1066	1	I	0.0
1066	2	know	6.278276
1066	3	that	2.352433
1066	4	our	8.541259
1066	5	mother	7.632546
1066	6	said	9.849742
1066	7	your	12.143874
1066	8	friend	6.952579
1066	9	will	7.575708
1066	10	throw	10.166066
1066	11	the	3.446855
1066	12	plastic	12.753065
1066	13	into	6.013644
1066	14	the	1.519293
1066	15	trash	7.84032
1066	16	can	10.070171
1066	17	.	2.141599
1066	18	<eos>	-0.0
1067	1	I	0.0
1067	2	know	6.278276
1067	3	who	6.580016
1067	4	our	11.02898
1067	5	mother	6.02071
1067	6	said	8.907338
1067	7	will	9.091409
1067	8	throw	12.044198
1067	9	the	3.197416
1067	10	plastic	12.849603
1067	11	into	5.644287
1067	12	the	1.478754
1067	13	trash	7.755545
1067	14	can	9.314437
1067	15	.	1.866305
1067	16	<eos>	-0.0
1068	1	I	0.0
1068	2	know	6.278276
1068	3	who	6.580016
1068	4	our	11.02898
1068	5	mother	6.02071
1068	6	said	8.907338
1068	7	your	11.853222
1068	8	friend	6.660599
1068	9	will	7.746668
1068	10	throw	10.142008
1068	11	the	4.206705
1068	12	plastic	13.253428
1068	13	into	6.542951
1068	14	the	1.766657
1068	15	trash	7.292147
1068	16	can	8.989348
1068	17	.	2.053827
1068	18	<eos>	-0.0
1069	1	I	0.0
1069	2	know	6.278276
1069	3	that	2.352433
1069	4	our	8.541259
1069	5	mother	7.632546
1069	6	said	9.849742
1069	7	her	7.237803
1069	8	friend	7.841909
1069	9	remarked	13.805615
1069	10	will	15.508336
1069	11	throw	11.255239
1069	12	the	3.527432
1069	13	plastic	12.843894
1069	14	into	5.866995
1069	15	the	1.53285
1069	16	trash	6.939469
1069	17	can	10.911338
1069	18	.	1.726216
1069	19	<eos>	-0.0
1070	1	I	0.0
1070	2	know	6.278276
1070	3	that	2.352433
1070	4	our	8.541259
1070	5	mother	7.632546
1070	6	said	9.849742
1070	7	her	7.237803
1070	8	friend	7.841909
1070	9	remarked	13.805615
1070	10	your	16.045568
1070	11	friend	7.475852
1070	12	will	8.913531
1070	13	throw	9.976566
1070	14	the	3.776899
1070	15	plastic	12.569551
1070	16	into	6.118909
1070	17	the	1.573017
1070	18	trash	7.23793
1070	19	can	10.508906
1070	20	.	1.932382
1070	21	<eos>	-0.0
1071	1	I	0.0
1071	2	know	6.278276
1071	3	who	6.580016
1071	4	our	11.02898
1071	5	mother	6.02071
1071	6	said	8.907338
1071	7	her	9.224228
1071	8	friend	7.645392
1071	9	remarked	14.265068
1071	10	will	11.353375
1071	11	throw	12.204225
1071	12	the	3.657465
1071	13	plastic	13.178726
1071	14	into	5.638524
1071	15	the	1.491159
1071	16	trash	6.982995
1071	17	can	10.087757
1071	18	.	1.494537
1071	19	<eos>	-0.0
1072	1	I	0.0
1072	2	know	6.278276
1072	3	who	6.580016
1072	4	our	11.02898
1072	5	mother	6.02071
1072	6	said	8.907338
1072	7	her	9.224228
1072	8	friend	7.645392
1072	9	remarked	14.265068
1072	10	your	15.413641
1072	11	friend	6.53848
1072	12	will	8.652874
1072	13	throw	9.906774
1072	14	the	4.241773
1072	15	plastic	13.05982
1072	16	into	6.536052
1072	17	the	1.70742
1072	18	trash	6.838909
1072	19	can	9.87656
1072	20	.	1.770165
1072	21	<eos>	-0.0
1073	1	I	0.0
1073	2	know	6.278276
1073	3	that	2.352433
1073	4	our	8.541259
1073	5	mother	7.632546
1073	6	said	9.849742
1073	7	her	7.237803
1073	8	friend	7.841909
1073	9	remarked	13.805615
1073	10	the	6.17998
1073	11	park	15.270876
1073	12	attendant	15.034326
1073	13	reported	12.073592
1073	14	will	15.987168
1073	15	throw	10.106568
1073	16	the	3.163856
1073	17	plastic	12.63764
1073	18	into	5.372172
1073	19	the	1.248997
1073	20	trash	5.646336
1073	21	can	11.216665
1073	22	.	1.38986
1073	23	<eos>	-0.0
1074	1	I	0.0
1074	2	know	6.278276
1074	3	that	2.352433
1074	4	our	8.541259
1074	5	mother	7.632546
1074	6	said	9.849742
1074	7	her	7.237803
1074	8	friend	7.841909
1074	9	remarked	13.805615
1074	10	the	6.17998
1074	11	park	15.270876
1074	12	attendant	15.034326
1074	13	reported	12.073592
1074	14	your	13.711047
1074	15	friend	8.647436
1074	16	will	9.492085
1074	17	throw	9.431582
1074	18	the	3.518214
1074	19	plastic	12.19278
1074	20	into	5.707561
1074	21	the	1.321818
1074	22	trash	5.77115
1074	23	can	10.007881
1074	24	.	1.595903
1074	25	<eos>	-0.0
1075	1	I	0.0
1075	2	know	6.278276
1075	3	who	6.580016
1075	4	our	11.02898
1075	5	mother	6.02071
1075	6	said	8.907338
1075	7	her	9.224228
1075	8	friend	7.645392
1075	9	remarked	14.265068
1075	10	the	7.221402
1075	11	park	15.278672
1075	12	attendant	16.279022
1075	13	reported	10.856984
1075	14	will	12.500934
1075	15	throw	10.758184
1075	16	the	3.083209
1075	17	plastic	12.832476
1075	18	into	4.993031
1075	19	the	1.172606
1075	20	trash	5.811528
1075	21	can	10.718499
1075	22	.	1.196106
1075	23	<eos>	-0.0
1076	1	I	0.0
1076	2	know	6.278276
1076	3	who	6.580016
1076	4	our	11.02898
1076	5	mother	6.02071
1076	6	said	8.907338
1076	7	her	9.224228
1076	8	friend	7.645392
1076	9	remarked	14.265068
1076	10	the	7.221402
1076	11	park	15.278672
1076	12	attendant	16.279022
1076	13	reported	10.856984
1076	14	your	15.644468
1076	15	friend	7.124327
1076	16	will	9.375892
1076	17	throw	9.104455
1076	18	the	3.987197
1076	19	plastic	12.739713
1076	20	into	6.031038
1076	21	the	1.37837
1076	22	trash	5.481888
1076	23	can	10.056816
1076	24	.	1.370606
1076	25	<eos>	-0.0
1077	1	I	0.0
1077	2	know	6.278276
1077	3	that	2.352433
1077	4	our	8.541259
1077	5	mother	7.632546
1077	6	said	9.849742
1077	7	her	7.237803
1077	8	friend	7.841909
1077	9	remarked	13.805615
1077	10	the	6.17998
1077	11	park	15.270876
1077	12	attendant	15.034326
1077	13	reported	12.073592
1077	14	will	15.987168
1077	15	throw	10.106568
1077	16	the	3.163856
1077	17	plastic	12.63764
1077	18	into	5.372172
1077	19	the	1.248997
1077	20	trash	5.646336
1077	21	can	11.216665
1077	22	.	1.38986
1077	23	<eos>	-0.0
1078	1	I	0.0
1078	2	know	6.278276
1078	3	that	2.352433
1078	4	our	8.541259
1078	5	mother	7.632546
1078	6	said	9.849742
1078	7	her	7.237803
1078	8	friend	7.841909
1078	9	remarked	13.805615
1078	10	the	6.17998
1078	11	park	15.270876
1078	12	attendant	15.034326
1078	13	reported	12.073592
1078	14	your	13.711047
1078	15	friend	8.647436
1078	16	will	9.492085
1078	17	throw	9.431582
1078	18	the	3.518214
1078	19	plastic	12.19278
1078	20	into	5.707561
1078	21	the	1.321818
1078	22	trash	5.77115
1078	23	can	10.007881
1078	24	.	1.595903
1078	25	<eos>	-0.0
1079	1	I	0.0
1079	2	know	6.278276
1079	3	who	6.580016
1079	4	our	11.02898
1079	5	mother	6.02071
1079	6	said	8.907338
1079	7	her	9.224228
1079	8	friend	7.645392
1079	9	remarked	14.265068
1079	10	the	7.221402
1079	11	park	15.278672
1079	12	attendant	16.279022
1079	13	reported	10.856984
1079	14	will	12.500934
1079	15	throw	10.758184
1079	16	the	3.083209
1079	17	plastic	12.832476
1079	18	into	4.993031
1079	19	the	1.172606
1079	20	trash	5.811528
1079	21	can	10.718499
1079	22	.	1.196106
1079	23	<eos>	-0.0
1080	1	I	0.0
1080	2	know	6.278276
1080	3	who	6.580016
1080	4	our	11.02898
1080	5	mother	6.02071
1080	6	said	8.907338
1080	7	her	9.224228
1080	8	friend	7.645392
1080	9	remarked	14.265068
1080	10	the	7.221402
1080	11	park	15.278672
1080	12	attendant	16.279022
1080	13	reported	10.856984
1080	14	your	15.644468
1080	15	friend	7.124327
1080	16	will	9.375892
1080	17	throw	9.104455
1080	18	the	3.987197
1080	19	plastic	12.739713
1080	20	into	6.031038
1080	21	the	1.37837
1080	22	trash	5.481888
1080	23	can	10.056816
1080	24	.	1.370606
1080	25	<eos>	-0.0
