sentence_id,token_id,token,surprisal
0,0,They,0.0
0,1,reported,10.412453
0,2,that,1.780984
0,3,could,14.058225
0,4,have,3.326235
0,5,promoted,14.368273
0,6,the,1.462504
0,7,accountant,19.658405
0,8,last,15.678619
0,9,quarter,9.408402
0,10,.,2.424914
0,11,<eos>,-0.0
1,0,They,0.0
1,1,reported,10.412453
1,2,that,1.780984
1,3,the,1.89322
1,4,boss,15.239762
1,5,could,4.987105
1,6,have,3.82969
1,7,promoted,13.011321
1,8,the,1.503596
1,9,accountant,19.401102
1,10,last,15.588111
1,11,quarter,9.117103
1,12,.,2.081423
1,13,<eos>,-0.0
2,0,They,0.0
2,1,reported,10.412453
2,2,who,11.821813
2,3,could,6.14351
2,4,have,3.424369
2,5,promoted,12.921373
2,6,the,1.446931
2,7,accountant,19.539301
2,8,last,15.650681
2,9,quarter,8.715836
2,10,.,2.028728
2,11,<eos>,-0.0
3,0,They,0.0
3,1,reported,10.412453
3,2,who,11.821813
3,3,the,7.229744
3,4,boss,14.907178
3,5,could,5.074233
3,6,have,3.638331
3,7,promoted,11.887764
3,8,the,5.784883
3,9,accountant,18.117706
3,10,last,15.359127
3,11,quarter,9.825212
3,12,.,1.650641
3,13,<eos>,-0.0
4,0,They,0.0
4,1,reported,10.412453
4,2,that,1.780984
4,3,the,1.89322
4,4,man,9.066194
4,5,said,8.81948
4,6,could,9.33667
4,7,have,2.535733
4,8,promoted,13.556826
4,9,the,1.778742
4,10,accountant,18.957132
4,11,last,15.698484
4,12,quarter,9.762378
4,13,.,2.080148
4,14,<eos>,-0.0
5,0,They,0.0
5,1,reported,10.412453
5,2,that,1.780984
5,3,the,1.89322
5,4,man,9.066194
5,5,said,8.81948
5,6,the,4.605371
5,7,boss,14.21947
5,8,could,5.48197
5,9,have,3.060905
5,10,promoted,13.61716
5,11,the,1.64784
5,12,accountant,18.415121
5,13,last,15.464504
5,14,quarter,9.259489
5,15,.,1.738094
5,16,<eos>,-0.0
6,0,They,0.0
6,1,reported,10.412453
6,2,who,11.821813
6,3,the,7.229744
6,4,man,8.530405
6,5,said,7.054339
6,6,could,7.581649
6,7,have,2.70314
6,8,promoted,13.579658
6,9,the,1.757004
6,10,accountant,19.206671
6,11,last,15.722594
6,12,quarter,9.378961
6,13,.,1.821849
6,14,<eos>,-0.0
7,0,They,0.0
7,1,reported,10.412453
7,2,who,11.821813
7,3,the,7.229744
7,4,man,8.530405
7,5,said,7.054339
7,6,the,6.105996
7,7,boss,14.155415
7,8,could,5.669885
7,9,have,3.132709
7,10,promoted,13.4602
7,11,the,2.771923
7,12,accountant,18.46979
7,13,last,15.2795
7,14,quarter,9.173591
7,15,.,1.6004
7,16,<eos>,-0.0
8,0,They,0.0
8,1,reported,10.412453
8,2,that,1.780984
8,3,the,1.89322
8,4,man,9.066194
8,5,said,8.81948
8,6,the,4.605371
8,7,old,9.739626
8,8,woman,5.196508
8,9,told,7.141207
8,10,him,1.646867
8,11,could,13.262743
8,12,have,3.76772
8,13,promoted,14.149467
8,14,the,1.973507
8,15,accountant,18.560835
8,16,last,15.898722
8,17,quarter,9.930102
8,18,.,1.530038
8,19,<eos>,-0.0
9,0,They,0.0
9,1,reported,10.412453
9,2,that,1.780984
9,3,the,1.89322
9,4,man,9.066194
9,5,said,8.81948
9,6,the,4.605371
9,7,old,9.739626
9,8,woman,5.196508
9,9,told,7.141207
9,10,him,1.646867
9,11,the,5.062836
9,12,boss,15.509688
9,13,could,4.424331
9,14,have,3.168495
9,15,promoted,14.220979
9,16,the,1.922299
9,17,accountant,18.20459
9,18,last,15.666544
9,19,quarter,9.723347
9,20,.,1.400097
9,21,<eos>,-0.0
10,0,They,0.0
10,1,reported,10.412453
10,2,who,11.821813
10,3,the,7.229744
10,4,man,8.530405
10,5,said,7.054339
10,6,the,6.105996
10,7,old,9.806818
10,8,woman,5.144083
10,9,told,6.641197
10,10,him,1.82627
10,11,could,10.261149
10,12,have,3.300533
10,13,promoted,14.513792
10,14,the,2.45416
10,15,accountant,18.827194
10,16,last,15.510133
10,17,quarter,9.951709
10,18,.,1.497822
10,19,<eos>,-0.0
11,0,They,0.0
11,1,reported,10.412453
11,2,who,11.821813
11,3,the,7.229744
11,4,man,8.530405
11,5,said,7.054339
11,6,the,6.105996
11,7,old,9.806818
11,8,woman,5.144083
11,9,told,6.641197
11,10,him,1.82627
11,11,the,5.879863
11,12,boss,15.218735
11,13,could,4.913995
11,14,have,2.998002
11,15,promoted,13.867547
11,16,the,5.681216
11,17,accountant,18.242479
11,18,last,15.089994
11,19,quarter,10.26278
11,20,.,1.277955
11,21,<eos>,-0.0
12,0,They,0.0
12,1,reported,10.412453
12,2,that,1.780984
12,3,the,1.89322
12,4,man,9.066194
12,5,said,8.81948
12,6,the,4.605371
12,7,old,9.739626
12,8,woman,5.196508
12,9,told,7.141207
12,10,him,1.646867
12,11,she,4.404286
12,12,knew,6.841038
12,13,could,14.137612
12,14,have,3.491901
12,15,promoted,15.167992
12,16,the,2.156481
12,17,accountant,18.78537
12,18,last,15.731109
12,19,quarter,9.999441
12,20,.,1.31464
12,21,<eos>,-0.0
13,0,They,0.0
13,1,reported,10.412453
13,2,that,1.780984
13,3,the,1.89322
13,4,man,9.066194
13,5,said,8.81948
13,6,the,4.605371
13,7,old,9.739626
13,8,woman,5.196508
13,9,told,7.141207
13,10,him,1.646867
13,11,she,4.404286
13,12,knew,6.841038
13,13,the,3.435165
13,14,boss,15.242814
13,15,could,5.083458
13,16,have,3.015525
13,17,promoted,14.340541
13,18,the,2.089418
13,19,accountant,18.73588
13,20,last,15.974133
13,21,quarter,9.904968
13,22,.,1.271164
13,23,<eos>,-0.0
14,0,They,0.0
14,1,reported,10.412453
14,2,who,11.821813
14,3,the,7.229744
14,4,man,8.530405
14,5,said,7.054339
14,6,the,6.105996
14,7,old,9.806818
14,8,woman,5.144083
14,9,told,6.641197
14,10,him,1.82627
14,11,she,5.853952
14,12,knew,5.512263
14,13,could,10.237205
14,14,have,3.19458
14,15,promoted,14.955791
14,16,the,2.338814
14,17,accountant,18.796837
14,18,last,15.476512
14,19,quarter,9.919023
14,20,.,1.30757
14,21,<eos>,-0.0
15,0,They,0.0
15,1,reported,10.412453
15,2,who,11.821813
15,3,the,7.229744
15,4,man,8.530405
15,5,said,7.054339
15,6,the,6.105996
15,7,old,9.806818
15,8,woman,5.144083
15,9,told,6.641197
15,10,him,1.82627
15,11,she,5.853952
15,12,knew,5.512263
15,13,the,4.061439
15,14,boss,15.224038
15,15,could,5.304705
15,16,have,3.041534
15,17,promoted,14.377026
15,18,the,2.145902
15,19,accountant,18.88802
15,20,last,15.793547
15,21,quarter,9.754211
15,22,.,1.24061
15,23,<eos>,-0.0
16,0,They,0.0
16,1,reported,10.412453
16,2,that,1.780984
16,3,the,1.89322
16,4,man,9.066194
16,5,said,8.81948
16,6,the,4.605371
16,7,old,9.739626
16,8,woman,5.196508
16,9,told,7.141207
16,10,him,1.646867
16,11,she,4.404286
16,12,knew,6.841038
16,13,could,14.137612
16,14,have,3.491901
16,15,promoted,15.167992
16,16,the,2.156481
16,17,accountant,18.78537
16,18,last,15.731109
16,19,quarter,9.999441
16,20,.,1.31464
16,21,<eos>,-0.0
17,0,They,0.0
17,1,reported,10.412453
17,2,that,1.780984
17,3,the,1.89322
17,4,man,9.066194
17,5,said,8.81948
17,6,the,4.605371
17,7,old,9.739626
17,8,woman,5.196508
17,9,told,7.141207
17,10,him,1.646867
17,11,she,4.404286
17,12,knew,6.841038
17,13,the,3.435165
17,14,boss,15.242814
17,15,could,5.083458
17,16,have,3.015525
17,17,promoted,14.340541
17,18,the,2.089418
17,19,accountant,18.73588
17,20,last,15.974133
17,21,quarter,9.904968
17,22,.,1.271164
17,23,<eos>,-0.0
18,0,They,0.0
18,1,reported,10.412453
18,2,who,11.821813
18,3,the,7.229744
18,4,man,8.530405
18,5,said,7.054339
18,6,the,6.105996
18,7,old,9.806818
18,8,woman,5.144083
18,9,told,6.641197
18,10,him,1.82627
18,11,she,5.853952
18,12,knew,5.512263
18,13,could,10.237205
18,14,have,3.19458
18,15,promoted,14.955791
18,16,the,2.338814
18,17,accountant,18.796837
18,18,last,15.476512
18,19,quarter,9.919023
18,20,.,1.30757
18,21,<eos>,-0.0
19,0,They,0.0
19,1,reported,10.412453
19,2,who,11.821813
19,3,the,7.229744
19,4,man,8.530405
19,5,said,7.054339
19,6,the,6.105996
19,7,old,9.806818
19,8,woman,5.144083
19,9,told,6.641197
19,10,him,1.82627
19,11,she,5.853952
19,12,knew,5.512263
19,13,the,4.061439
19,14,boss,15.224038
19,15,could,5.304705
19,16,have,3.041534
19,17,promoted,14.377026
19,18,the,2.145902
19,19,accountant,18.88802
19,20,last,15.793547
19,21,quarter,9.754211
19,22,.,1.24061
19,23,<eos>,-0.0
20,0,He,0.0
20,1,reported,10.835539
20,2,that,1.868976
20,3,could,13.908182
20,4,abandon,16.139982
20,5,his,2.321003
20,6,comrades,12.209953
20,7,on,6.77868
20,8,the,1.324886
20,9,sinking,15.224983
20,10,ship,4.553523
20,11,.,1.911109
20,12,<eos>,-0.0
21,0,He,0.0
21,1,reported,10.835539
21,2,that,1.868976
21,3,the,2.223669
21,4,pirate,15.08892
21,5,could,6.854769
21,6,abandon,11.866596
21,7,his,2.798067
21,8,comrades,13.182775
21,9,on,6.364529
21,10,the,1.236887
21,11,sinking,14.095814
21,12,ship,2.703905
21,13,.,1.710558
21,14,<eos>,-0.0
22,0,He,0.0
22,1,reported,10.835539
22,2,who,12.096594
22,3,could,6.780007
22,4,abandon,14.185664
22,5,his,2.103828
22,6,comrades,12.50115
22,7,on,5.96044
22,8,the,1.315872
22,9,sinking,14.952507
22,10,ship,4.080337
22,11,.,1.595978
22,12,<eos>,-0.0
23,0,He,0.0
23,1,reported,10.835539
23,2,who,12.096594
23,3,the,7.066419
23,4,pirate,13.317845
23,5,could,5.933352
23,6,abandon,12.94536
23,7,his,3.960913
23,8,comrades,12.984568
23,9,on,5.979943
23,10,the,1.339131
23,11,sinking,13.404162
23,12,ship,2.512507
23,13,.,1.17407
23,14,<eos>,-0.0
24,0,He,0.0
24,1,reported,10.835539
24,2,that,1.868976
24,3,the,2.223669
24,4,sailor,15.286226
24,5,believed,9.453822
24,6,could,8.761598
24,7,abandon,13.66307
24,8,his,3.321249
24,9,comrades,12.286578
24,10,on,6.014004
24,11,the,1.245225
24,12,sinking,12.878932
24,13,ship,2.990174
24,14,.,1.888754
24,15,<eos>,-0.0
25,0,He,0.0
25,1,reported,10.835539
25,2,that,1.868976
25,3,the,2.223669
25,4,sailor,15.286226
25,5,believed,9.453822
25,6,the,3.357855
25,7,pirate,11.714226
25,8,could,4.27419
25,9,abandon,11.118662
25,10,his,3.68736
25,11,comrades,13.085513
25,12,on,6.297359
25,13,the,1.218758
25,14,sinking,12.985609
25,15,ship,2.511458
25,16,.,1.586765
25,17,<eos>,-0.0
26,0,He,0.0
26,1,reported,10.835539
26,2,who,12.096594
26,3,the,7.066419
26,4,sailor,13.935616
26,5,believed,8.457826
26,6,could,6.463186
26,7,abandon,14.338705
26,8,his,3.253788
26,9,comrades,11.867956
26,10,on,6.164134
26,11,the,1.200222
26,12,sinking,12.742895
26,13,ship,2.734338
26,14,.,1.245577
26,15,<eos>,-0.0
27,0,He,0.0
27,1,reported,10.835539
27,2,who,12.096594
27,3,the,7.066419
27,4,sailor,13.935616
27,5,believed,8.457826
27,6,the,5.40043
27,7,pirate,10.809874
27,8,could,4.324979
27,9,abandon,12.143822
27,10,his,3.75833
27,11,comrades,12.871185
27,12,on,6.457949
27,13,the,1.200735
27,14,sinking,12.466928
27,15,ship,2.342875
27,16,.,1.032928
27,17,<eos>,-0.0
28,0,He,0.0
28,1,reported,10.835539
28,2,that,1.868976
28,3,the,2.223669
28,4,sailor,15.286226
28,5,believed,9.453822
28,6,the,3.357855
28,7,man,7.844926
28,8,believed,10.063668
28,9,could,8.060161
28,10,abandon,14.144615
28,11,his,3.038716
28,12,comrades,11.664845
28,13,on,6.399063
28,14,the,1.180005
28,15,sinking,13.223871
28,16,ship,3.291306
28,17,.,1.629332
28,18,<eos>,-0.0
29,0,He,0.0
29,1,reported,10.835539
29,2,that,1.868976
29,3,the,2.223669
29,4,sailor,15.286226
29,5,believed,9.453822
29,6,the,3.357855
29,7,man,7.844926
29,8,believed,10.063668
29,9,the,3.312987
29,10,pirate,11.709449
29,11,could,4.198409
29,12,abandon,11.707703
29,13,his,3.47184
29,14,comrades,12.712699
29,15,on,6.667312
29,16,the,1.156416
29,17,sinking,13.285878
29,18,ship,2.624698
29,19,.,1.327739
29,20,<eos>,-0.0
30,0,He,0.0
30,1,reported,10.835539
30,2,who,12.096594
30,3,the,7.066419
30,4,sailor,13.935616
30,5,believed,8.457826
30,6,the,5.40043
30,7,man,7.061163
30,8,believed,9.367531
30,9,could,7.183143
30,10,abandon,14.798963
30,11,his,3.053391
30,12,comrades,11.429162
30,13,on,6.56138
30,14,the,1.121087
30,15,sinking,12.91604
30,16,ship,3.181507
30,17,.,1.109232
30,18,<eos>,-0.0
31,0,He,0.0
31,1,reported,10.835539
31,2,who,12.096594
31,3,the,7.066419
31,4,sailor,13.935616
31,5,believed,8.457826
31,6,the,5.40043
31,7,man,7.061163
31,8,believed,9.367531
31,9,the,4.539925
31,10,pirate,11.361054
31,11,could,4.767039
31,12,abandon,11.73827
31,13,his,3.228852
31,14,comrades,12.41717
31,15,on,6.720051
31,16,the,1.095463
31,17,sinking,12.883245
31,18,ship,2.504694
31,19,.,0.988181
31,20,<eos>,-0.0
32,0,He,0.0
32,1,reported,10.835539
32,2,that,1.868976
32,3,the,2.223669
32,4,sailor,15.286226
32,5,believed,9.453822
32,6,the,3.357855
32,7,man,7.844926
32,8,believed,10.063668
32,9,he,3.97528
32,10,knew,8.518607
32,11,could,10.074279
32,12,abandon,12.895068
32,13,his,2.150021
32,14,comrades,11.481578
32,15,on,6.751506
32,16,the,1.197486
32,17,sinking,13.36098
32,18,ship,4.268777
32,19,.,1.421044
32,20,<eos>,-0.0
33,0,He,0.0
33,1,reported,10.835539
33,2,that,1.868976
33,3,the,2.223669
33,4,sailor,15.286226
33,5,believed,9.453822
33,6,the,3.357855
33,7,man,7.844926
33,8,believed,10.063668
33,9,he,3.97528
33,10,knew,8.518607
33,11,the,2.464609
33,12,pirate,12.574666
33,13,could,7.057534
33,14,abandon,12.659969
33,15,his,2.588815
33,16,comrades,12.34368
33,17,on,7.218419
33,18,the,1.117931
33,19,sinking,13.491805
33,20,ship,2.834797
33,21,.,1.155457
33,22,<eos>,-0.0
34,0,He,0.0
34,1,reported,10.835539
34,2,who,12.096594
34,3,the,7.066419
34,4,sailor,13.935616
34,5,believed,8.457826
34,6,the,5.40043
34,7,man,7.061163
34,8,believed,9.367531
34,9,he,4.828297
34,10,knew,7.765632
34,11,could,10.821119
34,12,abandon,13.191857
34,13,his,2.225425
34,14,comrades,11.348557
34,15,on,6.770871
34,16,the,1.133498
34,17,sinking,12.989394
34,18,ship,3.690503
34,19,.,1.044515
34,20,<eos>,-0.0
35,0,He,0.0
35,1,reported,10.835539
35,2,who,12.096594
35,3,the,7.066419
35,4,sailor,13.935616
35,5,believed,8.457826
35,6,the,5.40043
35,7,man,7.061163
35,8,believed,9.367531
35,9,he,4.828297
35,10,knew,7.765632
35,11,the,2.337365
35,12,pirate,12.480866
35,13,could,7.758612
35,14,abandon,12.841877
35,15,his,2.693594
35,16,comrades,12.238456
35,17,on,7.227
35,18,the,1.056141
35,19,sinking,13.115281
35,20,ship,2.644804
35,21,.,0.916589
35,22,<eos>,-0.0
36,0,He,0.0
36,1,reported,10.835539
36,2,that,1.868976
36,3,the,2.223669
36,4,sailor,15.286226
36,5,believed,9.453822
36,6,the,3.357855
36,7,man,7.844926
36,8,believed,10.063668
36,9,he,3.97528
36,10,knew,8.518607
36,11,could,10.074279
36,12,abandon,12.895068
36,13,his,2.150021
36,14,comrades,11.481578
36,15,on,6.751506
36,16,the,1.197486
36,17,sinking,13.36098
36,18,ship,4.268777
36,19,.,1.421044
36,20,<eos>,-0.0
37,0,He,0.0
37,1,reported,10.835539
37,2,that,1.868976
37,3,the,2.223669
37,4,sailor,15.286226
37,5,believed,9.453822
37,6,the,3.357855
37,7,man,7.844926
37,8,believed,10.063668
37,9,he,3.97528
37,10,knew,8.518607
37,11,the,2.464609
37,12,pirate,12.574666
37,13,could,7.057534
37,14,abandon,12.659969
37,15,his,2.588815
37,16,comrades,12.34368
37,17,on,7.218419
37,18,the,1.117931
37,19,sinking,13.491805
37,20,ship,2.834797
37,21,.,1.155457
37,22,<eos>,-0.0
38,0,He,0.0
38,1,reported,10.835539
38,2,who,12.096594
38,3,the,7.066419
38,4,sailor,13.935616
38,5,believed,8.457826
38,6,the,5.40043
38,7,man,7.061163
38,8,believed,9.367531
38,9,he,4.828297
38,10,knew,7.765632
38,11,could,10.821119
38,12,abandon,13.191857
38,13,his,2.225425
38,14,comrades,11.348557
38,15,on,6.770871
38,16,the,1.133498
38,17,sinking,12.989394
38,18,ship,3.690503
38,19,.,1.044515
38,20,<eos>,-0.0
39,0,He,0.0
39,1,reported,10.835539
39,2,who,12.096594
39,3,the,7.066419
39,4,sailor,13.935616
39,5,believed,8.457826
39,6,the,5.40043
39,7,man,7.061163
39,8,believed,9.367531
39,9,he,4.828297
39,10,knew,7.765632
39,11,the,2.337365
39,12,pirate,12.480866
39,13,could,7.758612
39,14,abandon,12.841877
39,15,his,2.693594
39,16,comrades,12.238456
39,17,on,7.227
39,18,the,1.056141
39,19,sinking,13.115281
39,20,ship,2.644804
39,21,.,0.916589
39,22,<eos>,-0.0
40,0,They,0.0
40,1,know,9.486106
40,2,that,2.169621
40,3,might,15.735727
40,4,have,2.212002
40,5,reassured,20.008692
40,6,his,5.411602
40,7,client,9.10357
40,8,last,18.854458
40,9,night,5.788288
40,10,.,1.805556
40,11,<eos>,-0.0
41,0,They,0.0
41,1,know,9.486106
41,2,that,2.169621
41,3,the,1.87231
41,4,lawyer,14.833208
41,5,might,7.796627
41,6,have,1.624819
41,7,reassured,16.798012
41,8,his,4.291928
41,9,client,6.059483
41,10,last,19.75235
41,11,night,6.768826
41,12,.,2.579762
41,13,<eos>,-0.0
42,0,They,0.0
42,1,know,9.486106
42,2,who,7.200986
42,3,might,8.894014
42,4,have,1.806214
42,5,reassured,18.157598
42,6,his,5.374664
42,7,client,9.163322
42,8,last,17.036602
42,9,night,5.465284
42,10,.,1.341262
42,11,<eos>,-0.0
43,0,They,0.0
43,1,know,9.486106
43,2,who,7.200986
43,3,the,4.435805
43,4,lawyer,12.878922
43,5,might,7.751737
43,6,have,1.709849
43,7,reassured,16.731447
43,8,his,5.587649
43,9,client,7.14864
43,10,last,16.668085
43,11,night,5.954619
43,12,.,1.275793
43,13,<eos>,-0.0
44,0,They,0.0
44,1,know,9.486106
44,2,that,2.169621
44,3,the,1.87231
44,4,man,8.676832
44,5,said,10.027242
44,6,might,12.353628
44,7,have,1.530963
44,8,reassured,16.994038
44,9,his,4.098263
44,10,client,9.140231
44,11,last,18.915571
44,12,night,4.961452
44,13,.,2.217671
44,14,<eos>,-0.0
45,0,They,0.0
45,1,know,9.486106
45,2,that,2.169621
45,3,the,1.87231
45,4,man,8.676832
45,5,said,10.027242
45,6,the,4.453599
45,7,lawyer,13.614428
45,8,might,7.99064
45,9,have,1.295075
45,10,reassured,16.65826
45,11,his,4.297414
45,12,client,6.657715
45,13,last,18.773317
45,14,night,6.156693
45,15,.,2.12722
45,16,<eos>,-0.0
46,0,They,0.0
46,1,know,9.486106
46,2,who,7.200986
46,3,the,4.435805
46,4,man,7.552355
46,5,said,9.196861
46,6,might,9.822111
46,7,have,2.189691
46,8,reassured,17.985693
46,9,his,4.89475
46,10,client,9.478668
46,11,last,18.104959
46,12,night,4.967307
46,13,.,1.273394
46,14,<eos>,-0.0
47,0,They,0.0
47,1,know,9.486106
47,2,who,7.200986
47,3,the,4.435805
47,4,man,7.552355
47,5,said,9.196861
47,6,the,5.664548
47,7,lawyer,13.118917
47,8,might,8.088782
47,9,have,1.151272
47,10,reassured,16.983316
47,11,his,5.549533
47,12,client,7.479553
47,13,last,16.759413
47,14,night,5.953398
47,15,.,1.15267
47,16,<eos>,-0.0
48,0,They,0.0
48,1,know,9.486106
48,2,that,2.169621
48,3,the,1.87231
48,4,man,8.676832
48,5,said,10.027242
48,6,the,4.453599
48,7,neighbors,15.77784
48,8,thought,8.418538
48,9,might,12.691453
48,10,have,1.598702
48,11,reassured,17.864077
48,12,his,5.203923
48,13,client,10.175665
48,14,last,18.364779
48,15,night,4.216516
48,16,.,1.777081
48,17,<eos>,-0.0
49,0,They,0.0
49,1,know,9.486106
49,2,that,2.169621
49,3,the,1.87231
49,4,man,8.676832
49,5,said,10.027242
49,6,the,4.453599
49,7,neighbors,15.77784
49,8,thought,8.418538
49,9,the,3.326699
49,10,lawyer,13.634204
49,11,might,7.883083
49,12,have,1.205585
49,13,reassured,16.891006
49,14,his,5.010289
49,15,client,7.362012
49,16,last,18.717871
49,17,night,5.689773
49,18,.,1.737076
49,19,<eos>,-0.0
50,0,They,0.0
50,1,know,9.486106
50,2,who,7.200986
50,3,the,4.435805
50,4,man,7.552355
50,5,said,9.196861
50,6,the,5.664548
50,7,neighbors,14.513181
50,8,thought,9.174959
50,9,might,8.279703
50,10,have,2.042363
50,11,reassured,18.740709
50,12,his,5.545724
50,13,client,10.306608
50,14,last,17.798595
50,15,night,4.796951
50,16,.,1.054378
50,17,<eos>,-0.0
51,0,They,0.0
51,1,know,9.486106
51,2,who,7.200986
51,3,the,4.435805
51,4,man,7.552355
51,5,said,9.196861
51,6,the,5.664548
51,7,neighbors,14.513181
51,8,thought,9.174959
51,9,the,5.780319
51,10,lawyer,13.978185
51,11,might,7.111562
51,12,have,1.02878
51,13,reassured,16.876556
51,14,his,6.219501
51,15,client,7.81179
51,16,last,16.31341
51,17,night,5.655707
51,18,.,0.995009
51,19,<eos>,-0.0
52,0,They,0.0
52,1,know,9.486106
52,2,that,2.169621
52,3,the,1.87231
52,4,man,8.676832
52,5,said,10.027242
52,6,the,4.453599
52,7,neighbors,15.77784
52,8,thought,8.418538
52,9,they,3.037787
52,10,knew,6.801795
52,11,might,15.645976
52,12,have,1.620474
52,13,reassured,18.752697
52,14,his,5.391345
52,15,client,10.045232
52,16,last,18.037046
52,17,night,4.715598
52,18,.,1.386984
52,19,<eos>,-0.0
53,0,They,0.0
53,1,know,9.486106
53,2,that,2.169621
53,3,the,1.87231
53,4,man,8.676832
53,5,said,10.027242
53,6,the,4.453599
53,7,neighbors,15.77784
53,8,thought,8.418538
53,9,they,3.037787
53,10,knew,6.801795
53,11,the,3.06879
53,12,lawyer,13.830737
53,13,might,8.067428
53,14,have,1.179577
53,15,reassured,16.782253
53,16,his,5.054907
53,17,client,7.418498
53,18,last,18.290773
53,19,night,6.051555
53,20,.,1.304763
53,21,<eos>,-0.0
54,0,They,0.0
54,1,know,9.486106
54,2,who,7.200986
54,3,the,4.435805
54,4,man,7.552355
54,5,said,9.196861
54,6,the,5.664548
54,7,neighbors,14.513181
54,8,thought,9.174959
54,9,they,4.806448
54,10,knew,5.84828
54,11,might,11.602529
54,12,have,1.672975
54,13,reassured,19.213778
54,14,his,6.000592
54,15,client,10.047784
54,16,last,17.370089
54,17,night,4.953461
54,18,.,0.949615
54,19,<eos>,-0.0
55,0,They,0.0
55,1,know,9.486106
55,2,who,7.200986
55,3,the,4.435805
55,4,man,7.552355
55,5,said,9.196861
55,6,the,5.664548
55,7,neighbors,14.513181
55,8,thought,9.174959
55,9,they,4.806448
55,10,knew,5.84828
55,11,the,4.512748
55,12,lawyer,13.873551
55,13,might,7.506169
55,14,have,1.329871
55,15,reassured,16.683449
55,16,his,5.714885
55,17,client,7.2774
55,18,last,17.203184
55,19,night,5.714246
55,20,.,0.949848
55,21,<eos>,-0.0
56,0,They,0.0
56,1,know,9.486106
56,2,that,2.169621
56,3,the,1.87231
56,4,man,8.676832
56,5,said,10.027242
56,6,the,4.453599
56,7,neighbors,15.77784
56,8,thought,8.418538
56,9,they,3.037787
56,10,knew,6.801795
56,11,might,15.645976
56,12,have,1.620474
56,13,reassured,18.752697
56,14,his,5.391345
56,15,client,10.045232
56,16,last,18.037046
56,17,night,4.715598
56,18,.,1.386984
56,19,<eos>,-0.0
57,0,They,0.0
57,1,know,9.486106
57,2,that,2.169621
57,3,the,1.87231
57,4,man,8.676832
57,5,said,10.027242
57,6,the,4.453599
57,7,neighbors,15.77784
57,8,thought,8.418538
57,9,they,3.037787
57,10,knew,6.801795
57,11,the,3.06879
57,12,lawyer,13.830737
57,13,might,8.067428
57,14,have,1.179577
57,15,reassured,16.782253
57,16,his,5.054907
57,17,client,7.418498
57,18,last,18.290773
57,19,night,6.051555
57,20,.,1.304763
57,21,<eos>,-0.0
58,0,They,0.0
58,1,know,9.486106
58,2,who,7.200986
58,3,the,4.435805
58,4,man,7.552355
58,5,said,9.196861
58,6,the,5.664548
58,7,neighbors,14.513181
58,8,thought,9.174959
58,9,they,4.806448
58,10,knew,5.84828
58,11,might,11.602529
58,12,have,1.672975
58,13,reassured,19.213778
58,14,his,6.000592
58,15,client,10.047784
58,16,last,17.370089
58,17,night,4.953461
58,18,.,0.949615
58,19,<eos>,-0.0
59,0,They,0.0
59,1,know,9.486106
59,2,who,7.200986
59,3,the,4.435805
59,4,man,7.552355
59,5,said,9.196861
59,6,the,5.664548
59,7,neighbors,14.513181
59,8,thought,9.174959
59,9,they,4.806448
59,10,knew,5.84828
59,11,the,4.512748
59,12,lawyer,13.873551
59,13,might,7.506169
59,14,have,1.329871
59,15,reassured,16.683449
59,16,his,5.714885
59,17,client,7.2774
59,18,last,17.203184
59,19,night,5.714246
59,20,.,0.949848
59,21,<eos>,-0.0
60,0,She,0.0
60,1,knows,11.608641
60,2,that,2.279035
60,3,should,13.206536
60,4,thank,15.086095
60,5,the,3.318292
60,6,cook,12.001186
60,7,in,8.097577
60,8,the,1.916968
60,9,mess,10.630107
60,10,hall,5.616351
60,11,.,2.637768
60,12,<eos>,-0.0
61,0,She,0.0
61,1,knows,11.608641
61,2,that,2.279035
61,3,the,2.521865
61,4,soldier,13.475011
61,5,should,6.662037
61,6,thank,14.569773
61,7,the,2.477242
61,8,cook,12.023232
61,9,in,7.566201
61,10,the,2.196032
61,11,mess,9.792498
61,12,hall,4.609397
61,13,.,1.858528
61,14,<eos>,-0.0
62,0,She,0.0
62,1,knows,11.608641
62,2,who,6.4446
62,3,should,7.554904
62,4,thank,12.139808
62,5,the,2.770821
62,6,cook,12.064777
62,7,in,7.697582
62,8,the,1.990883
62,9,mess,10.711929
62,10,hall,5.362892
62,11,.,1.49492
62,12,<eos>,-0.0
63,0,She,0.0
63,1,knows,11.608641
63,2,who,6.4446
63,3,the,4.386521
63,4,soldier,12.548326
63,5,should,6.871757
63,6,thank,14.310463
63,7,the,3.631372
63,8,cook,10.628026
63,9,in,6.620277
63,10,the,1.889823
63,11,mess,9.213226
63,12,hall,3.493979
63,13,.,1.402273
63,14,<eos>,-0.0
64,0,She,0.0
64,1,knows,11.608641
64,2,that,2.279035
64,3,the,2.521865
64,4,captain,10.949929
64,5,said,11.579579
64,6,should,14.103118
64,7,thank,12.333613
64,8,the,2.395866
64,9,cook,11.151073
64,10,in,7.843631
64,11,the,1.932618
64,12,mess,9.110982
64,13,hall,5.152327
64,14,.,1.698743
64,15,<eos>,-0.0
65,0,She,0.0
65,1,knows,11.608641
65,2,that,2.279035
65,3,the,2.521865
65,4,captain,10.949929
65,5,said,11.579579
65,6,the,3.196324
65,7,soldier,11.106823
65,8,should,5.713977
65,9,thank,13.693787
65,10,the,2.399218
65,11,cook,10.822538
65,12,in,7.586306
65,13,the,2.162277
65,14,mess,8.563581
65,15,hall,5.02618
65,16,.,1.666656
65,17,<eos>,-0.0
66,0,She,0.0
66,1,knows,11.608641
66,2,who,6.4446
66,3,the,4.386521
66,4,captain,10.887736
66,5,said,11.063321
66,6,should,9.612699
66,7,thank,14.291828
66,8,the,2.758163
66,9,cook,11.429917
66,10,in,7.401581
66,11,the,1.769511
66,12,mess,9.050663
66,13,hall,4.466024
66,14,.,1.202909
66,15,<eos>,-0.0
67,0,She,0.0
67,1,knows,11.608641
67,2,who,6.4446
67,3,the,4.386521
67,4,captain,10.887736
67,5,said,11.063321
67,6,the,5.432386
67,7,soldier,11.388744
67,8,should,7.030121
67,9,thank,13.188934
67,10,the,2.429569
67,11,cook,10.742606
67,12,in,7.339335
67,13,the,2.142561
67,14,mess,8.344817
67,15,hall,4.45207
67,16,.,1.392674
67,17,<eos>,-0.0
68,0,She,0.0
68,1,knows,11.608641
68,2,that,2.279035
68,3,the,2.521865
68,4,captain,10.949929
68,5,said,11.579579
68,6,the,3.196324
68,7,pilot,9.09827
68,8,thought,9.113612
68,9,should,11.311627
68,10,thank,13.922842
68,11,the,2.224759
68,12,cook,11.963713
68,13,in,7.418203
68,14,the,1.766391
68,15,mess,8.468484
68,16,hall,4.312691
68,17,.,1.422431
68,18,<eos>,-0.0
69,0,She,0.0
69,1,knows,11.608641
69,2,that,2.279035
69,3,the,2.521865
69,4,captain,10.949929
69,5,said,11.579579
69,6,the,3.196324
69,7,pilot,9.09827
69,8,thought,9.113612
69,9,the,3.232933
69,10,soldier,11.263265
69,11,should,4.700153
69,12,thank,14.968609
69,13,the,2.236521
69,14,cook,11.251113
69,15,in,7.440402
69,16,the,2.110755
69,17,mess,7.943142
69,18,hall,4.993074
69,19,.,1.550288
69,20,<eos>,-0.0
70,0,She,0.0
70,1,knows,11.608641
70,2,who,6.4446
70,3,the,4.386521
70,4,captain,10.887736
70,5,said,11.063321
70,6,the,5.432386
70,7,pilot,9.640817
70,8,thought,9.85538
70,9,should,8.609049
70,10,thank,15.049828
70,11,the,2.152977
70,12,cook,12.13241
70,13,in,7.176261
70,14,the,1.70462
70,15,mess,8.496746
70,16,hall,4.139316
70,17,.,1.144265
70,18,<eos>,-0.0
71,0,She,0.0
71,1,knows,11.608641
71,2,who,6.4446
71,3,the,4.386521
71,4,captain,10.887736
71,5,said,11.063321
71,6,the,5.432386
71,7,pilot,9.640817
71,8,thought,9.85538
71,9,the,4.620652
71,10,soldier,11.182689
71,11,should,5.480984
71,12,thank,14.267714
71,13,the,2.186499
71,14,cook,11.163606
71,15,in,7.14899
71,16,the,2.038413
71,17,mess,7.880785
71,18,hall,4.635312
71,19,.,1.301646
71,20,<eos>,-0.0
72,0,She,0.0
72,1,knows,11.608641
72,2,that,2.279035
72,3,the,2.521865
72,4,captain,10.949929
72,5,said,11.579579
72,6,the,3.196324
72,7,pilot,9.09827
72,8,thought,9.113612
72,9,he,3.849498
72,10,knew,6.973469
72,11,should,12.810708
72,12,thank,13.689255
72,13,the,2.389449
72,14,cook,11.887216
72,15,in,7.925909
72,16,the,1.752904
72,17,mess,7.9843
72,18,hall,4.55292
72,19,.,1.349043
72,20,<eos>,-0.0
73,0,She,0.0
73,1,knows,11.608641
73,2,that,2.279035
73,3,the,2.521865
73,4,captain,10.949929
73,5,said,11.579579
73,6,the,3.196324
73,7,pilot,9.09827
73,8,thought,9.113612
73,9,he,3.849498
73,10,knew,6.973469
73,11,the,2.619789
73,12,soldier,13.26722
73,13,should,5.825572
73,14,thank,14.034038
73,15,the,2.544332
73,16,cook,11.137206
73,17,in,7.649158
73,18,the,1.797886
73,19,mess,7.629489
73,20,hall,4.641985
73,21,.,1.198587
73,22,<eos>,-0.0
74,0,She,0.0
74,1,knows,11.608641
74,2,who,6.4446
74,3,the,4.386521
74,4,captain,10.887736
74,5,said,11.063321
74,6,the,5.432386
74,7,pilot,9.640817
74,8,thought,9.85538
74,9,he,5.289143
74,10,knew,6.594107
74,11,should,12.650842
74,12,thank,13.859925
74,13,the,2.344834
74,14,cook,11.804925
74,15,in,7.827889
74,16,the,1.702187
74,17,mess,8.024203
74,18,hall,4.298685
74,19,.,1.158141
74,20,<eos>,-0.0
75,0,She,0.0
75,1,knows,11.608641
75,2,who,6.4446
75,3,the,4.386521
75,4,captain,10.887736
75,5,said,11.063321
75,6,the,5.432386
75,7,pilot,9.640817
75,8,thought,9.85538
75,9,he,5.289143
75,10,knew,6.594107
75,11,the,2.549088
75,12,soldier,13.240169
75,13,should,6.547679
75,14,thank,13.914834
75,15,the,2.498263
75,16,cook,11.144918
75,17,in,7.529894
75,18,the,1.754382
75,19,mess,7.623866
75,20,hall,4.411676
75,21,.,1.043475
75,22,<eos>,-0.0
76,0,She,0.0
76,1,knows,11.608641
76,2,that,2.279035
76,3,the,2.521865
76,4,captain,10.949929
76,5,said,11.579579
76,6,the,3.196324
76,7,pilot,9.09827
76,8,thought,9.113612
76,9,he,3.849498
76,10,knew,6.973469
76,11,should,12.810708
76,12,thank,13.689255
76,13,the,2.389449
76,14,cook,11.887216
76,15,in,7.925909
76,16,the,1.752904
76,17,mess,7.9843
76,18,hall,4.55292
76,19,.,1.349043
76,20,<eos>,-0.0
77,0,She,0.0
77,1,knows,11.608641
77,2,that,2.279035
77,3,the,2.521865
77,4,captain,10.949929
77,5,said,11.579579
77,6,the,3.196324
77,7,pilot,9.09827
77,8,thought,9.113612
77,9,he,3.849498
77,10,knew,6.973469
77,11,the,2.619789
77,12,soldier,13.26722
77,13,should,5.825572
77,14,thank,14.034038
77,15,the,2.544332
77,16,cook,11.137206
77,17,in,7.649158
77,18,the,1.797886
77,19,mess,7.629489
77,20,hall,4.641985
77,21,.,1.198587
77,22,<eos>,-0.0
78,0,She,0.0
78,1,knows,11.608641
78,2,who,6.4446
78,3,the,4.386521
78,4,captain,10.887736
78,5,said,11.063321
78,6,the,5.432386
78,7,pilot,9.640817
78,8,thought,9.85538
78,9,he,5.289143
78,10,knew,6.594107
78,11,should,12.650842
78,12,thank,13.859925
78,13,the,2.344834
78,14,cook,11.804925
78,15,in,7.827889
78,16,the,1.702187
78,17,mess,8.024203
78,18,hall,4.298685
78,19,.,1.158141
78,20,<eos>,-0.0
79,0,She,0.0
79,1,knows,11.608641
79,2,who,6.4446
79,3,the,4.386521
79,4,captain,10.887736
79,5,said,11.063321
79,6,the,5.432386
79,7,pilot,9.640817
79,8,thought,9.85538
79,9,he,5.289143
79,10,knew,6.594107
79,11,the,2.549088
79,12,soldier,13.240169
79,13,should,6.547679
79,14,thank,13.914834
79,15,the,2.498263
79,16,cook,11.144918
79,17,in,7.529894
79,18,the,1.754382
79,19,mess,7.623866
79,20,hall,4.411676
79,21,.,1.043475
79,22,<eos>,-0.0
80,0,He,0.0
80,1,knows,11.52312
80,2,that,2.297416
80,3,might,14.99877
80,4,interrogate,18.610472
80,5,the,2.75401
80,6,suspect,9.249439
80,7,in,5.028066
80,8,the,1.675358
80,9,basement,11.844182
80,10,.,2.197008
80,11,<eos>,-0.0
81,0,He,0.0
81,1,knows,11.52312
81,2,that,2.297416
81,3,the,2.267236
81,4,police,8.530047
81,5,might,8.153675
81,6,interrogate,13.119328
81,7,the,3.298076
81,8,suspect,4.95647
81,9,in,4.801189
81,10,the,1.730947
81,11,basement,10.222581
81,12,.,2.234309
81,13,<eos>,-0.0
82,0,He,0.0
82,1,knows,11.52312
82,2,who,6.622077
82,3,might,8.989314
82,4,interrogate,16.465279
82,5,the,2.617077
82,6,suspect,8.182148
82,7,in,4.989722
82,8,the,1.538023
82,9,basement,10.937048
82,10,.,1.976074
82,11,<eos>,-0.0
83,0,He,0.0
83,1,knows,11.52312
83,2,who,6.622077
83,3,the,4.020604
83,4,police,8.129345
83,5,might,7.827134
83,6,interrogate,12.502507
83,7,the,4.707795
83,8,suspect,6.092458
83,9,in,4.892261
83,10,the,1.532581
83,11,basement,9.692379
83,12,.,1.651452
83,13,<eos>,-0.0
84,0,He,0.0
84,1,knows,11.52312
84,2,that,2.297416
84,3,the,2.267236
84,4,inspector,15.041479
84,5,believed,11.731547
84,6,might,16.199966
84,7,interrogate,17.267744
84,8,the,3.05882
84,9,suspect,6.729712
84,10,in,4.759135
84,11,the,1.708297
84,12,basement,11.339033
84,13,.,1.926559
84,14,<eos>,-0.0
85,0,He,0.0
85,1,knows,11.52312
85,2,that,2.297416
85,3,the,2.267236
85,4,inspector,15.041479
85,5,believed,11.731547
85,6,the,2.910822
85,7,police,7.193908
85,8,might,6.969773
85,9,interrogate,12.955894
85,10,the,3.009601
85,11,suspect,4.356904
85,12,in,4.844136
85,13,the,1.675245
85,14,basement,9.727335
85,15,.,1.825951
85,16,<eos>,-0.0
86,0,He,0.0
86,1,knows,11.52312
86,2,who,6.622077
86,3,the,4.020604
86,4,inspector,13.512759
86,5,believed,11.070517
86,6,might,10.412991
86,7,interrogate,17.298441
86,8,the,2.786257
86,9,suspect,6.671774
86,10,in,4.9646
86,11,the,1.60725
86,12,basement,10.570586
86,13,.,1.727057
86,14,<eos>,-0.0
87,0,He,0.0
87,1,knows,11.52312
87,2,who,6.622077
87,3,the,4.020604
87,4,inspector,13.512759
87,5,believed,11.070517
87,6,the,4.063472
87,7,police,7.576155
87,8,might,6.430918
87,9,interrogate,12.899221
87,10,the,3.298568
87,11,suspect,4.763294
87,12,in,4.787866
87,13,the,1.578831
87,14,basement,9.597383
87,15,.,1.538388
87,16,<eos>,-0.0
88,0,He,0.0
88,1,knows,11.52312
88,2,that,2.297416
88,3,the,2.267236
88,4,inspector,15.041479
88,5,believed,11.731547
88,6,the,2.910822
88,7,man,7.213985
88,8,reported,15.151385
88,9,might,11.942032
88,10,interrogate,16.598385
88,11,the,2.852533
88,12,suspect,5.902579
88,13,in,4.680294
88,14,the,1.619783
88,15,basement,9.773573
88,16,.,1.890815
88,17,<eos>,-0.0
89,0,He,0.0
89,1,knows,11.52312
89,2,that,2.297416
89,3,the,2.267236
89,4,inspector,15.041479
89,5,believed,11.731547
89,6,the,2.910822
89,7,man,7.213985
89,8,reported,15.151385
89,9,the,3.951287
89,10,police,9.081365
89,11,might,9.294768
89,12,interrogate,13.612638
89,13,the,2.810541
89,14,suspect,4.661376
89,15,in,4.967227
89,16,the,1.61322
89,17,basement,9.438945
89,18,.,1.707273
89,19,<eos>,-0.0
90,0,He,0.0
90,1,knows,11.52312
90,2,who,6.622077
90,3,the,4.020604
90,4,inspector,13.512759
90,5,believed,11.070517
90,6,the,4.063472
90,7,man,6.579727
90,8,reported,14.130175
90,9,might,10.6858
90,10,interrogate,17.072262
90,11,the,2.85315
90,12,suspect,6.288
90,13,in,4.966566
90,14,the,1.528268
90,15,basement,9.966971
90,16,.,1.623865
90,17,<eos>,-0.0
91,0,He,0.0
91,1,knows,11.52312
91,2,who,6.622077
91,3,the,4.020604
91,4,inspector,13.512759
91,5,believed,11.070517
91,6,the,4.063472
91,7,man,6.579727
91,8,reported,14.130175
91,9,the,4.985235
91,10,police,8.622252
91,11,might,9.77162
91,12,interrogate,13.481297
91,13,the,2.817647
91,14,suspect,4.819505
91,15,in,5.022307
91,16,the,1.578335
91,17,basement,9.360641
91,18,.,1.537661
91,19,<eos>,-0.0
92,0,He,0.0
92,1,knows,11.52312
92,2,that,2.297416
92,3,the,2.267236
92,4,inspector,15.041479
92,5,believed,11.731547
92,6,the,2.910822
92,7,man,7.213985
92,8,reported,15.151385
92,9,he,5.295085
92,10,knew,6.731872
92,11,might,15.477876
92,12,interrogate,17.353149
92,13,the,2.802698
92,14,suspect,5.894464
92,15,in,5.263293
92,16,the,1.585596
92,17,basement,10.04913
92,18,.,1.759736
92,19,<eos>,-0.0
93,0,He,0.0
93,1,knows,11.52312
93,2,that,2.297416
93,3,the,2.267236
93,4,inspector,15.041479
93,5,believed,11.731547
93,6,the,2.910822
93,7,man,7.213985
93,8,reported,15.151385
93,9,he,5.295085
93,10,knew,6.731872
93,11,the,2.930772
93,12,police,6.533646
93,13,might,8.217927
93,14,interrogate,14.251394
93,15,the,3.208523
93,16,suspect,4.170117
93,17,in,5.229146
93,18,the,1.560931
93,19,basement,9.307157
93,20,.,1.570047
93,21,<eos>,-0.0
94,0,He,0.0
94,1,knows,11.52312
94,2,who,6.622077
94,3,the,4.020604
94,4,inspector,13.512759
94,5,believed,11.070517
94,6,the,4.063472
94,7,man,6.579727
94,8,reported,14.130175
94,9,he,5.929849
94,10,knew,6.206069
94,11,might,13.347805
94,12,interrogate,17.509066
94,13,the,2.774543
94,14,suspect,6.224641
94,15,in,5.298245
94,16,the,1.501523
94,17,basement,9.933429
94,18,.,1.549685
94,19,<eos>,-0.0
95,0,He,0.0
95,1,knows,11.52312
95,2,who,6.622077
95,3,the,4.020604
95,4,inspector,13.512759
95,5,believed,11.070517
95,6,the,4.063472
95,7,man,6.579727
95,8,reported,14.130175
95,9,he,5.929849
95,10,knew,6.206069
95,11,the,3.130877
95,12,police,6.786123
95,13,might,8.340166
95,14,interrogate,14.507288
95,15,the,3.229692
95,16,suspect,4.247998
95,17,in,5.208342
95,18,the,1.516241
95,19,basement,9.266241
95,20,.,1.442107
95,21,<eos>,-0.0
96,0,He,0.0
96,1,knows,11.52312
96,2,that,2.297416
96,3,the,2.267236
96,4,inspector,15.041479
96,5,believed,11.731547
96,6,the,2.910822
96,7,man,7.213985
96,8,reported,15.151385
96,9,he,5.295085
96,10,knew,6.731872
96,11,might,15.477876
96,12,interrogate,17.353149
96,13,the,2.802698
96,14,suspect,5.894464
96,15,in,5.263293
96,16,the,1.585596
96,17,basement,10.04913
96,18,.,1.759736
96,19,<eos>,-0.0
97,0,He,0.0
97,1,knows,11.52312
97,2,that,2.297416
97,3,the,2.267236
97,4,inspector,15.041479
97,5,believed,11.731547
97,6,the,2.910822
97,7,man,7.213985
97,8,reported,15.151385
97,9,he,5.295085
97,10,knew,6.731872
97,11,the,2.930772
97,12,police,6.533646
97,13,might,8.217927
97,14,interrogate,14.251394
97,15,the,3.208523
97,16,suspect,4.170117
97,17,in,5.229146
97,18,the,1.560931
97,19,basement,9.307157
97,20,.,1.570047
97,21,<eos>,-0.0
98,0,He,0.0
98,1,knows,11.52312
98,2,who,6.622077
98,3,the,4.020604
98,4,inspector,13.512759
98,5,believed,11.070517
98,6,the,4.063472
98,7,man,6.579727
98,8,reported,14.130175
98,9,he,5.929849
98,10,knew,6.206069
98,11,might,13.347805
98,12,interrogate,17.509066
98,13,the,2.774543
98,14,suspect,6.224641
98,15,in,5.298245
98,16,the,1.501523
98,17,basement,9.933429
98,18,.,1.549685
98,19,<eos>,-0.0
99,0,He,0.0
99,1,knows,11.52312
99,2,who,6.622077
99,3,the,4.020604
99,4,inspector,13.512759
99,5,believed,11.070517
99,6,the,4.063472
99,7,man,6.579727
99,8,reported,14.130175
99,9,he,5.929849
99,10,knew,6.206069
99,11,the,3.130877
99,12,police,6.786123
99,13,might,8.340166
99,14,interrogate,14.507288
99,15,the,3.229692
99,16,suspect,4.247998
99,17,in,5.208342
99,18,the,1.516241
99,19,basement,9.266241
99,20,.,1.442107
99,21,<eos>,-0.0
100,0,You,0.0
100,1,know,6.225534
100,2,that,3.970907
100,3,was,10.397597
100,4,waiting,15.318676
100,5,for,0.874988
100,6,her,5.92077
100,7,mother,7.810941
100,8,at,7.376509
100,9,the,1.012193
100,10,movie,12.343429
100,11,theater,2.895385
100,12,.,1.860755
100,13,<eos>,-0.0
101,0,You,0.0
101,1,know,6.225534
101,2,that,3.970907
101,3,the,2.063794
101,4,young,9.309608
101,5,woman,4.543005
101,6,was,3.274912
101,7,waiting,10.045922
101,8,for,0.731521
101,9,her,2.382252
101,10,mother,6.66012
101,11,at,7.134991
101,12,the,0.949452
101,13,movie,12.620977
101,14,theater,2.952677
101,15,.,1.853058
101,16,<eos>,-0.0
102,0,You,0.0
102,1,know,6.225534
102,2,who,7.834128
102,3,was,3.731584
102,4,waiting,9.848248
102,5,for,0.845169
102,6,her,5.113312
102,7,mother,8.089341
102,8,at,7.168292
102,9,the,0.916286
102,10,movie,12.014921
102,11,theater,3.139303
102,12,.,1.535946
102,13,<eos>,-0.0
103,0,You,0.0
103,1,know,6.225534
103,2,who,7.834128
103,3,the,4.899722
103,4,young,9.266635
103,5,woman,5.496605
103,6,was,3.139148
103,7,waiting,9.708565
103,8,for,0.781929
103,9,her,5.409443
103,10,mother,5.604357
103,11,at,7.439176
103,12,the,2.020222
103,13,movie,13.620785
103,14,theater,3.877003
103,15,.,1.364418
103,16,<eos>,-0.0
104,0,You,0.0
104,1,know,6.225534
104,2,that,3.970907
104,3,the,2.063794
104,4,man,8.219696
104,5,said,8.884032
104,6,was,5.485855
104,7,waiting,12.537382
104,8,for,0.93683
104,9,her,4.351062
104,10,mother,8.367671
104,11,at,7.492953
104,12,the,0.957022
104,13,movie,12.214226
104,14,theater,3.335784
104,15,.,1.819883
104,16,<eos>,-0.0
105,0,You,0.0
105,1,know,6.225534
105,2,that,3.970907
105,3,the,2.063794
105,4,man,8.219696
105,5,said,8.884032
105,6,the,4.320282
105,7,young,9.554348
105,8,woman,3.837313
105,9,was,2.577034
105,10,waiting,10.134602
105,11,for,0.803605
105,12,her,2.629894
105,13,mother,7.268322
105,14,at,7.387542
105,15,the,0.932831
105,16,movie,12.473587
105,17,theater,3.316794
105,18,.,1.526804
105,19,<eos>,-0.0
106,0,You,0.0
106,1,know,6.225534
106,2,who,7.834128
106,3,the,4.899722
106,4,man,7.080769
106,5,said,7.862274
106,6,was,2.979425
106,7,waiting,12.773273
106,8,for,1.117793
106,9,her,4.553457
106,10,mother,8.496638
106,11,at,8.156737
106,12,the,0.896129
106,13,movie,11.919944
106,14,theater,3.111295
106,15,.,1.388687
106,16,<eos>,-0.0
107,0,You,0.0
107,1,know,6.225534
107,2,who,7.834128
107,3,the,4.899722
107,4,man,7.080769
107,5,said,7.862274
107,6,the,5.779932
107,7,young,9.475592
107,8,woman,3.980259
107,9,was,2.452481
107,10,waiting,10.244546
107,11,for,1.024548
107,12,her,3.674266
107,13,mother,6.271256
107,14,at,7.530455
107,15,the,0.970573
107,16,movie,12.360749
107,17,theater,3.382288
107,18,.,1.131596
107,19,<eos>,-0.0
108,0,You,0.0
108,1,know,6.225534
108,2,that,3.970907
108,3,the,2.063794
108,4,man,8.219696
108,5,said,8.884032
108,6,the,4.320282
108,7,attendant,15.349036
108,8,saw,9.200145
108,9,was,11.72495
108,10,waiting,12.350355
108,11,for,1.23533
108,12,her,4.800588
108,13,mother,7.960989
108,14,at,7.702641
108,15,the,0.913442
108,16,movie,12.766184
108,17,theater,3.452503
108,18,.,1.5826
108,19,<eos>,-0.0
109,0,You,0.0
109,1,know,6.225534
109,2,that,3.970907
109,3,the,2.063794
109,4,man,8.219696
109,5,said,8.884032
109,6,the,4.320282
109,7,attendant,15.349036
109,8,saw,9.200145
109,9,the,2.213568
109,10,young,8.541766
109,11,woman,3.536125
109,12,was,7.951809
109,13,waiting,9.856363
109,14,for,1.057663
109,15,her,2.921859
109,16,mother,7.338693
109,17,at,7.426383
109,18,the,0.921464
109,19,movie,12.581502
109,20,theater,3.434216
109,21,.,1.510055
109,22,<eos>,-0.0
110,0,You,0.0
110,1,know,6.225534
110,2,who,7.834128
110,3,the,4.899722
110,4,man,7.080769
110,5,said,7.862274
110,6,the,5.779932
110,7,attendant,15.786766
110,8,saw,8.322123
110,9,was,4.793914
110,10,waiting,12.012664
110,11,for,1.504996
110,12,her,4.695721
110,13,mother,8.314711
110,14,at,7.750479
110,15,the,0.876136
110,16,movie,12.196908
110,17,theater,3.045822
110,18,.,1.256548
110,19,<eos>,-0.0
111,0,You,0.0
111,1,know,6.225534
111,2,who,7.834128
111,3,the,4.899722
111,4,man,7.080769
111,5,said,7.862274
111,6,the,5.779932
111,7,attendant,15.786766
111,8,saw,8.322123
111,9,the,3.947586
111,10,young,8.697329
111,11,woman,3.918401
111,12,was,5.13209
111,13,waiting,8.977819
111,14,for,1.159119
111,15,her,2.782952
111,16,mother,7.206153
111,17,at,7.415404
111,18,the,0.900597
111,19,movie,12.007071
111,20,theater,2.904279
111,21,.,1.11086
111,22,<eos>,-0.0
112,0,You,0.0
112,1,know,6.225534
112,2,that,3.970907
112,3,the,2.063794
112,4,man,8.219696
112,5,said,8.884032
112,6,the,4.320282
112,7,attendant,15.349036
112,8,saw,9.200145
112,9,her,5.208726
112,10,friend,12.371125
112,11,knew,14.192234
112,12,was,12.443809
112,13,waiting,13.226916
112,14,for,1.377057
112,15,her,2.597056
112,16,mother,8.618143
112,17,at,7.910448
112,18,the,0.930478
112,19,movie,12.269876
112,20,theater,3.760022
112,21,.,1.551596
112,22,<eos>,-0.0
113,0,You,0.0
113,1,know,6.225534
113,2,that,3.970907
113,3,the,2.063794
113,4,man,8.219696
113,5,said,8.884032
113,6,the,4.320282
113,7,attendant,15.349036
113,8,saw,9.200145
113,9,her,5.208726
113,10,friend,12.371125
113,11,knew,14.192234
113,12,the,3.663167
113,13,young,8.78565
113,14,woman,2.975559
113,15,was,3.265888
113,16,waiting,9.927465
113,17,for,1.068177
113,18,her,2.483687
113,19,mother,8.089198
113,20,at,7.900661
113,21,the,0.901923
113,22,movie,12.185817
113,23,theater,3.609967
113,24,.,1.210581
113,25,<eos>,-0.0
114,0,You,0.0
114,1,know,6.225534
114,2,who,7.834128
114,3,the,4.899722
114,4,man,7.080769
114,5,said,7.862274
114,6,the,5.779932
114,7,attendant,15.786766
114,8,saw,8.322123
114,9,her,7.326251
114,10,friend,11.712076
114,11,knew,11.684657
114,12,was,6.129179
114,13,waiting,12.394762
114,14,for,1.567409
114,15,her,2.375403
114,16,mother,8.678879
114,17,at,8.23121
114,18,the,0.896487
114,19,movie,11.934971
114,20,theater,3.343873
114,21,.,1.252703
114,22,<eos>,-0.0
115,0,You,0.0
115,1,know,6.225534
115,2,who,7.834128
115,3,the,4.899722
115,4,man,7.080769
115,5,said,7.862274
115,6,the,5.779932
115,7,attendant,15.786766
115,8,saw,8.322123
115,9,her,7.326251
115,10,friend,11.712076
115,11,knew,11.684657
115,12,the,4.79768
115,13,young,9.113136
115,14,woman,3.730933
115,15,was,3.001696
115,16,waiting,8.923569
115,17,for,1.155915
115,18,her,2.33915
115,19,mother,7.850565
115,20,at,7.85394
115,21,the,0.889321
115,22,movie,11.760746
115,23,theater,3.186961
115,24,.,0.97489
115,25,<eos>,-0.0
116,0,You,0.0
116,1,know,6.225534
116,2,that,3.970907
116,3,the,2.063794
116,4,man,8.219696
116,5,said,8.884032
116,6,the,4.320282
116,7,attendant,15.349036
116,8,saw,9.200145
116,9,her,5.208726
116,10,friend,12.371125
116,11,knew,14.192234
116,12,was,12.443809
116,13,waiting,13.226916
116,14,for,1.377057
116,15,her,2.597056
116,16,mother,8.618143
116,17,at,7.910448
116,18,the,0.930478
116,19,movie,12.269876
116,20,theater,3.760022
116,21,.,1.551596
116,22,<eos>,-0.0
117,0,You,0.0
117,1,know,6.225534
117,2,that,3.970907
117,3,the,2.063794
117,4,man,8.219696
117,5,said,8.884032
117,6,the,4.320282
117,7,attendant,15.349036
117,8,saw,9.200145
117,9,her,5.208726
117,10,friend,12.371125
117,11,knew,14.192234
117,12,the,3.663167
117,13,young,8.78565
117,14,woman,2.975559
117,15,was,3.265888
117,16,waiting,9.927465
117,17,for,1.068177
117,18,her,2.483687
117,19,mother,8.089198
117,20,at,7.900661
117,21,the,0.901923
117,22,movie,12.185817
117,23,theater,3.609967
117,24,.,1.210581
117,25,<eos>,-0.0
118,0,You,0.0
118,1,know,6.225534
118,2,who,7.834128
118,3,the,4.899722
118,4,man,7.080769
118,5,said,7.862274
118,6,the,5.779932
118,7,attendant,15.786766
118,8,saw,8.322123
118,9,her,7.326251
118,10,friend,11.712076
118,11,knew,11.684657
118,12,was,6.129179
118,13,waiting,12.394762
118,14,for,1.567409
118,15,her,2.375403
118,16,mother,8.678879
118,17,at,8.23121
118,18,the,0.896487
118,19,movie,11.934971
118,20,theater,3.343873
118,21,.,1.252703
118,22,<eos>,-0.0
119,0,You,0.0
119,1,know,6.225534
119,2,who,7.834128
119,3,the,4.899722
119,4,man,7.080769
119,5,said,7.862274
119,6,the,5.779932
119,7,attendant,15.786766
119,8,saw,8.322123
119,9,her,7.326251
119,10,friend,11.712076
119,11,knew,11.684657
119,12,the,4.79768
119,13,young,9.113136
119,14,woman,3.730933
119,15,was,3.001696
119,16,waiting,8.923569
119,17,for,1.155915
119,18,her,2.33915
119,19,mother,7.850565
119,20,at,7.85394
119,21,the,0.889321
119,22,movie,11.760746
119,23,theater,3.186961
119,24,.,0.97489
119,25,<eos>,-0.0
120,0,I,0.0
120,1,know,6.278276
120,2,that,2.352433
120,3,could,13.58407
120,4,introduce,13.915306
120,5,her,8.624553
120,6,friend,12.741568
120,7,to,3.086529
120,8,the,1.083086
120,9,regular,12.540235
120,10,customer,11.186565
120,11,.,1.684377
120,12,<eos>,-0.0
121,0,I,0.0
121,1,know,6.278276
121,2,that,2.352433
121,3,the,2.35511
121,4,hostess,18.080393
121,5,could,5.602256
121,6,introduce,12.194395
121,7,her,4.666739
121,8,friend,12.935825
121,9,to,2.325186
121,10,the,1.214106
121,11,regular,11.242883
121,12,customer,7.502832
121,13,.,1.57761
121,14,<eos>,-0.0
122,0,I,0.0
122,1,know,6.278276
122,2,who,6.580016
122,3,could,7.502074
122,4,introduce,12.912311
122,5,her,7.600143
122,6,friend,13.53407
122,7,to,2.76271
122,8,the,1.071689
122,9,regular,11.862564
122,10,customer,11.213138
122,11,.,1.442146
122,12,<eos>,-0.0
123,0,I,0.0
123,1,know,6.278276
123,2,who,6.580016
123,3,the,5.056487
123,4,hostess,16.400995
123,5,could,5.924891
123,6,introduce,13.530097
123,7,her,7.314945
123,8,friend,11.969852
123,9,to,3.651839
123,10,the,1.392884
123,11,regular,11.748392
123,12,customer,8.916667
123,13,.,1.377008
123,14,<eos>,-0.0
124,0,I,0.0
124,1,know,6.278276
124,2,that,2.352433
124,3,the,2.35511
124,4,heiress,18.643335
124,5,believed,10.81094
124,6,could,11.252603
124,7,introduce,13.900616
124,8,her,4.163361
124,9,friend,13.429321
124,10,to,2.217807
124,11,the,1.203875
124,12,regular,13.679381
124,13,customer,11.808076
124,14,.,1.486432
124,15,<eos>,-0.0
125,0,I,0.0
125,1,know,6.278276
125,2,that,2.352433
125,3,the,2.35511
125,4,heiress,18.643335
125,5,believed,10.81094
125,6,the,3.400319
125,7,hostess,14.09582
125,8,could,3.547537
125,9,introduce,12.83775
125,10,her,2.807856
125,11,friend,13.705847
125,12,to,1.823875
125,13,the,1.375602
125,14,regular,12.529926
125,15,customer,8.058543
125,16,.,1.341305
125,17,<eos>,-0.0
126,0,I,0.0
126,1,know,6.278276
126,2,who,6.580016
126,3,the,5.056487
126,4,heiress,16.55789
126,5,believed,10.224458
126,6,could,9.040833
126,7,introduce,14.751113
126,8,her,4.797659
126,9,friend,13.849899
126,10,to,2.475157
126,11,the,1.149542
126,12,regular,13.5587
126,13,customer,12.283858
126,14,.,1.179886
126,15,<eos>,-0.0
127,0,I,0.0
127,1,know,6.278276
127,2,who,6.580016
127,3,the,5.056487
127,4,heiress,16.55789
127,5,believed,10.224458
127,6,the,6.069586
127,7,hostess,13.431581
127,8,could,3.907634
127,9,introduce,13.440347
127,10,her,5.912561
127,11,friend,12.398422
127,12,to,2.730096
127,13,the,1.379685
127,14,regular,13.250596
127,15,customer,9.008993
127,16,.,1.119977
127,17,<eos>,-0.0
128,0,I,0.0
128,1,know,6.278276
128,2,that,2.352433
128,3,the,2.35511
128,4,heiress,18.643335
128,5,believed,10.81094
128,6,her,5.574176
128,7,friend,10.067882
128,8,said,11.339182
128,9,could,13.694848
128,10,introduce,13.484078
128,11,her,2.865212
128,12,friend,13.467748
128,13,to,2.531017
128,14,the,1.54738
128,15,regular,13.815499
128,16,customer,10.32477
128,17,.,1.255795
128,18,<eos>,-0.0
129,0,I,0.0
129,1,know,6.278276
129,2,that,2.352433
129,3,the,2.35511
129,4,heiress,18.643335
129,5,believed,10.81094
129,6,her,5.574176
129,7,friend,10.067882
129,8,said,11.339182
129,9,the,4.120629
129,10,hostess,13.281849
129,11,could,4.150574
129,12,introduce,13.54634
129,13,her,2.136135
129,14,friend,13.438214
129,15,to,2.068902
129,16,the,1.632165
129,17,regular,12.788726
129,18,customer,7.890448
129,19,.,1.116941
129,20,<eos>,-0.0
130,0,I,0.0
130,1,know,6.278276
130,2,who,6.580016
130,3,the,5.056487
130,4,heiress,16.55789
130,5,believed,10.224458
130,6,her,9.047324
130,7,friend,8.93782
130,8,said,10.132012
130,9,could,10.095888
130,10,introduce,14.494554
130,11,her,2.856992
130,12,friend,13.725733
130,13,to,2.530981
130,14,the,1.35237
130,15,regular,13.864621
130,16,customer,10.971741
130,17,.,1.032324
130,18,<eos>,-0.0
131,0,I,0.0
131,1,know,6.278276
131,2,who,6.580016
131,3,the,5.056487
131,4,heiress,16.55789
131,5,believed,10.224458
131,6,her,9.047324
131,7,friend,8.93782
131,8,said,10.132012
131,9,the,5.579297
131,10,hostess,13.080466
131,11,could,4.494486
131,12,introduce,13.737197
131,13,her,4.640498
131,14,friend,12.619555
131,15,to,2.516189
131,16,the,1.598532
131,17,regular,13.70831
131,18,customer,8.64692
131,19,.,1.004031
131,20,<eos>,-0.0
132,0,I,0.0
132,1,know,6.278276
132,2,that,2.352433
132,3,the,2.35511
132,4,heiress,18.643335
132,5,believed,10.81094
132,6,her,5.574176
132,7,friend,10.067882
132,8,said,11.339182
132,9,she,2.617829
132,10,knew,6.686641
132,11,could,14.337604
132,12,introduce,13.562296
132,13,her,3.368003
132,14,friend,12.773674
132,15,to,2.629303
132,16,the,1.512299
132,17,regular,13.395704
132,18,customer,10.561618
132,19,.,1.173672
132,20,<eos>,-0.0
133,0,I,0.0
133,1,know,6.278276
133,2,that,2.352433
133,3,the,2.35511
133,4,heiress,18.643335
133,5,believed,10.81094
133,6,her,5.574176
133,7,friend,10.067882
133,8,said,11.339182
133,9,she,2.617829
133,10,knew,6.686641
133,11,the,3.380313
133,12,hostess,14.819387
133,13,could,5.727929
133,14,introduce,13.530349
133,15,her,2.194702
133,16,friend,13.45255
133,17,to,2.211312
133,18,the,1.562247
133,19,regular,13.127015
133,20,customer,8.100357
133,21,.,1.004222
133,22,<eos>,-0.0
134,0,I,0.0
134,1,know,6.278276
134,2,who,6.580016
134,3,the,5.056487
134,4,heiress,16.55789
134,5,believed,10.224458
134,6,her,9.047324
134,7,friend,8.93782
134,8,said,10.132012
134,9,she,4.580163
134,10,knew,6.328324
134,11,could,10.227207
134,12,introduce,14.527401
134,13,her,3.103319
134,14,friend,12.937684
134,15,to,2.657825
134,16,the,1.443493
134,17,regular,13.560628
134,18,customer,10.825514
134,19,.,1.077697
134,20,<eos>,-0.0
135,0,I,0.0
135,1,know,6.278276
135,2,who,6.580016
135,3,the,5.056487
135,4,heiress,16.55789
135,5,believed,10.224458
135,6,her,9.047324
135,7,friend,8.93782
135,8,said,10.132012
135,9,she,4.580163
135,10,knew,6.328324
135,11,the,4.252977
135,12,hostess,13.778676
135,13,could,5.574406
135,14,introduce,14.075348
135,15,her,2.708062
135,16,friend,12.645564
135,17,to,2.492446
135,18,the,1.341289
135,19,regular,13.651161
135,20,customer,9.112026
135,21,.,1.116245
135,22,<eos>,-0.0
136,0,I,0.0
136,1,know,6.278276
136,2,that,2.352433
136,3,the,2.35511
136,4,heiress,18.643335
136,5,believed,10.81094
136,6,her,5.574176
136,7,friend,10.067882
136,8,said,11.339182
136,9,she,2.617829
136,10,knew,6.686641
136,11,could,14.337604
136,12,introduce,13.562296
136,13,her,3.368003
136,14,friend,12.773674
136,15,to,2.629303
136,16,the,1.512299
136,17,regular,13.395704
136,18,customer,10.561618
136,19,.,1.173672
136,20,<eos>,-0.0
137,0,I,0.0
137,1,know,6.278276
137,2,that,2.352433
137,3,the,2.35511
137,4,heiress,18.643335
137,5,believed,10.81094
137,6,her,5.574176
137,7,friend,10.067882
137,8,said,11.339182
137,9,she,2.617829
137,10,knew,6.686641
137,11,the,3.380313
137,12,hostess,14.819387
137,13,could,5.727929
137,14,introduce,13.530349
137,15,her,2.194702
137,16,friend,13.45255
137,17,to,2.211312
137,18,the,1.562247
137,19,regular,13.127015
137,20,customer,8.100357
137,21,.,1.004222
137,22,<eos>,-0.0
138,0,I,0.0
138,1,know,6.278276
138,2,who,6.580016
138,3,the,5.056487
138,4,heiress,16.55789
138,5,believed,10.224458
138,6,her,9.047324
138,7,friend,8.93782
138,8,said,10.132012
138,9,she,4.580163
138,10,knew,6.328324
138,11,could,10.227207
138,12,introduce,14.527401
138,13,her,3.103319
138,14,friend,12.937684
138,15,to,2.657825
138,16,the,1.443493
138,17,regular,13.560628
138,18,customer,10.825514
138,19,.,1.077697
138,20,<eos>,-0.0
139,0,I,0.0
139,1,know,6.278276
139,2,who,6.580016
139,3,the,5.056487
139,4,heiress,16.55789
139,5,believed,10.224458
139,6,her,9.047324
139,7,friend,8.93782
139,8,said,10.132012
139,9,she,4.580163
139,10,knew,6.328324
139,11,the,4.252977
139,12,hostess,13.778676
139,13,could,5.574406
139,14,introduce,14.075348
139,15,her,2.708062
139,16,friend,12.645564
139,17,to,2.492446
139,18,the,1.341289
139,19,regular,13.651161
139,20,customer,9.112026
139,21,.,1.116245
139,22,<eos>,-0.0
140,0,She,0.0
140,1,knows,11.608641
140,2,that,2.279035
140,3,could,15.117876
140,4,congratulate,16.230452
140,5,the,3.969883
140,6,writer,11.304796
140,7,after,9.546255
140,8,the,2.279407
140,9,ceremony,8.98392
140,10,.,1.062607
140,11,<eos>,-0.0
141,0,She,0.0
141,1,knows,11.608641
141,2,that,2.279035
141,3,the,2.521865
141,4,man,6.724071
141,5,could,7.389634
141,6,congratulate,15.330606
141,7,the,4.462567
141,8,writer,13.445563
141,9,after,8.795193
141,10,the,2.391837
141,11,ceremony,8.896013
141,12,.,1.088544
141,13,<eos>,-0.0
142,0,She,0.0
142,1,knows,11.608641
142,2,who,6.4446
142,3,could,8.804011
142,4,congratulate,13.740007
142,5,the,3.768375
142,6,writer,12.546959
142,7,after,9.169426
142,8,the,2.245503
142,9,ceremony,8.417662
142,10,.,0.873998
142,11,<eos>,-0.0
143,0,She,0.0
143,1,knows,11.608641
143,2,who,6.4446
143,3,the,4.386521
143,4,man,5.837079
143,5,could,7.396327
143,6,congratulate,15.553602
143,7,the,4.120293
143,8,writer,11.91135
143,9,after,8.947521
143,10,the,2.29823
143,11,ceremony,8.610206
143,12,.,0.815853
143,13,<eos>,-0.0
144,0,She,0.0
144,1,knows,11.608641
144,2,that,2.279035
144,3,the,2.521865
144,4,woman,6.550632
144,5,said,11.25001
144,6,could,12.886538
144,7,congratulate,14.465264
144,8,the,4.76919
144,9,writer,12.892642
144,10,after,8.639064
144,11,the,2.405733
144,12,ceremony,8.206488
144,13,.,0.971345
144,14,<eos>,-0.0
145,0,She,0.0
145,1,knows,11.608641
145,2,that,2.279035
145,3,the,2.521865
145,4,woman,6.550632
145,5,said,11.25001
145,6,the,4.530111
145,7,man,5.356916
145,8,could,5.989359
145,9,congratulate,14.93287
145,10,the,4.573802
145,11,writer,13.475213
145,12,after,8.85774
145,13,the,2.550728
145,14,ceremony,8.585439
145,15,.,0.953993
145,16,<eos>,-0.0
146,0,She,0.0
146,1,knows,11.608641
146,2,who,6.4446
146,3,the,4.386521
146,4,woman,5.698281
146,5,said,10.968573
146,6,could,9.984731
146,7,congratulate,15.951435
146,8,the,4.437455
146,9,writer,12.361359
146,10,after,9.492149
146,11,the,2.348715
146,12,ceremony,8.286977
146,13,.,0.722839
146,14,<eos>,-0.0
147,0,She,0.0
147,1,knows,11.608641
147,2,who,6.4446
147,3,the,4.386521
147,4,woman,5.698281
147,5,said,10.968573
147,6,the,5.956725
147,7,man,5.567441
147,8,could,6.096114
147,9,congratulate,14.94276
147,10,the,4.30043
147,11,writer,12.775834
147,12,after,9.383484
147,13,the,2.375882
147,14,ceremony,8.707265
147,15,.,0.74527
147,16,<eos>,-0.0
148,0,She,0.0
148,1,knows,11.608641
148,2,that,2.279035
148,3,the,2.521865
148,4,woman,6.550632
148,5,said,11.25001
148,6,her,5.48167
148,7,friend,7.016902
148,8,believed,10.159
148,9,could,15.228891
148,10,congratulate,14.560156
148,11,the,5.074124
148,12,writer,12.775227
148,13,after,8.759098
148,14,the,2.733135
148,15,ceremony,8.574631
148,16,.,0.717029
148,17,<eos>,-0.0
149,0,She,0.0
149,1,knows,11.608641
149,2,that,2.279035
149,3,the,2.521865
149,4,woman,6.550632
149,5,said,11.25001
149,6,her,5.48167
149,7,friend,7.016902
149,8,believed,10.159
149,9,the,3.816181
149,10,man,6.58423
149,11,could,5.277435
149,12,congratulate,14.512662
149,13,the,5.07454
149,14,writer,13.932804
149,15,after,8.793083
149,16,the,2.685179
149,17,ceremony,8.730364
149,18,.,0.750077
149,19,<eos>,-0.0
150,0,She,0.0
150,1,knows,11.608641
150,2,who,6.4446
150,3,the,4.386521
150,4,woman,5.698281
150,5,said,10.968573
150,6,her,6.8239
150,7,friend,6.529106
150,8,believed,10.717023
150,9,could,10.732455
150,10,congratulate,15.352824
150,11,the,4.953156
150,12,writer,12.765904
150,13,after,9.350681
150,14,the,2.640945
150,15,ceremony,9.029598
150,16,.,0.62341
150,17,<eos>,-0.0
151,0,She,0.0
151,1,knows,11.608641
151,2,who,6.4446
151,3,the,4.386521
151,4,woman,5.698281
151,5,said,10.968573
151,6,her,6.8239
151,7,friend,6.529106
151,8,believed,10.717023
151,9,the,4.232893
151,10,man,6.526233
151,11,could,5.136542
151,12,congratulate,14.42723
151,13,the,4.814019
151,14,writer,13.816386
151,15,after,9.015175
151,16,the,2.635985
151,17,ceremony,8.884647
151,18,.,0.670543
151,19,<eos>,-0.0
152,0,She,0.0
152,1,knows,11.608641
152,2,that,2.279035
152,3,the,2.521865
152,4,woman,6.550632
152,5,said,11.25001
152,6,her,5.48167
152,7,friend,7.016902
152,8,believed,10.159
152,9,she,2.503936
152,10,knew,7.217198
152,11,could,13.671949
152,12,congratulate,14.559939
152,13,the,5.760251
152,14,writer,12.321489
152,15,after,9.054417
152,16,the,2.679064
152,17,ceremony,8.415772
152,18,.,0.660798
152,19,<eos>,-0.0
153,0,She,0.0
153,1,knows,11.608641
153,2,that,2.279035
153,3,the,2.521865
153,4,woman,6.550632
153,5,said,11.25001
153,6,her,5.48167
153,7,friend,7.016902
153,8,believed,10.159
153,9,she,2.503936
153,10,knew,7.217198
153,11,the,3.343685
153,12,man,5.919961
153,13,could,6.411977
153,14,congratulate,15.044829
153,15,the,5.234541
153,16,writer,13.640606
153,17,after,9.209289
153,18,the,2.846023
153,19,ceremony,8.709061
153,20,.,0.63944
153,21,<eos>,-0.0
154,0,She,0.0
154,1,knows,11.608641
154,2,who,6.4446
154,3,the,4.386521
154,4,woman,5.698281
154,5,said,10.968573
154,6,her,6.8239
154,7,friend,6.529106
154,8,believed,10.717023
154,9,she,3.132949
154,10,knew,7.099982
154,11,could,11.77636
154,12,congratulate,14.494744
154,13,the,5.605837
154,14,writer,12.162498
154,15,after,9.348021
154,16,the,2.599936
154,17,ceremony,8.608311
154,18,.,0.612261
154,19,<eos>,-0.0
155,0,She,0.0
155,1,knows,11.608641
155,2,who,6.4446
155,3,the,4.386521
155,4,woman,5.698281
155,5,said,10.968573
155,6,her,6.8239
155,7,friend,6.529106
155,8,believed,10.717023
155,9,she,3.132949
155,10,knew,7.099982
155,11,the,3.365771
155,12,man,5.725743
155,13,could,6.473001
155,14,congratulate,14.930866
155,15,the,5.044597
155,16,writer,13.594769
155,17,after,9.329099
155,18,the,2.775873
155,19,ceremony,8.78259
155,20,.,0.605778
155,21,<eos>,-0.0
156,0,She,0.0
156,1,knows,11.608641
156,2,that,2.279035
156,3,the,2.521865
156,4,woman,6.550632
156,5,said,11.25001
156,6,her,5.48167
156,7,friend,7.016902
156,8,believed,10.159
156,9,she,2.503936
156,10,knew,7.217198
156,11,could,13.671949
156,12,congratulate,14.559939
156,13,the,5.760251
156,14,writer,12.321489
156,15,after,9.054417
156,16,the,2.679064
156,17,ceremony,8.415772
156,18,.,0.660798
156,19,<eos>,-0.0
157,0,She,0.0
157,1,knows,11.608641
157,2,that,2.279035
157,3,the,2.521865
157,4,woman,6.550632
157,5,said,11.25001
157,6,her,5.48167
157,7,friend,7.016902
157,8,believed,10.159
157,9,she,2.503936
157,10,knew,7.217198
157,11,the,3.343685
157,12,man,5.919961
157,13,could,6.411977
157,14,congratulate,15.044829
157,15,the,5.234541
157,16,writer,13.640606
157,17,after,9.209289
157,18,the,2.846023
157,19,ceremony,8.709061
157,20,.,0.63944
157,21,<eos>,-0.0
158,0,She,0.0
158,1,knows,11.608641
158,2,who,6.4446
158,3,the,4.386521
158,4,woman,5.698281
158,5,said,10.968573
158,6,her,6.8239
158,7,friend,6.529106
158,8,believed,10.717023
158,9,she,3.132949
158,10,knew,7.099982
158,11,could,11.77636
158,12,congratulate,14.494744
158,13,the,5.605837
158,14,writer,12.162498
158,15,after,9.348021
158,16,the,2.599936
158,17,ceremony,8.608311
158,18,.,0.612261
158,19,<eos>,-0.0
159,0,She,0.0
159,1,knows,11.608641
159,2,who,6.4446
159,3,the,4.386521
159,4,woman,5.698281
159,5,said,10.968573
159,6,her,6.8239
159,7,friend,6.529106
159,8,believed,10.717023
159,9,she,3.132949
159,10,knew,7.099982
159,11,the,3.365771
159,12,man,5.725743
159,13,could,6.473001
159,14,congratulate,14.930866
159,15,the,5.044597
159,16,writer,13.594769
159,17,after,9.329099
159,18,the,2.775873
159,19,ceremony,8.78259
159,20,.,0.605778
159,21,<eos>,-0.0
160,0,He,0.0
160,1,knows,11.52312
160,2,that,2.297416
160,3,should,13.076835
160,4,support,12.864949
160,5,the,1.952019
160,6,principal,13.449789
160,7,during,13.306658
160,8,the,1.110971
160,9,town,12.604621
160,10,meeting,7.388444
160,11,.,1.949212
160,12,<eos>,-0.0
161,0,He,0.0
161,1,knows,11.52312
161,2,that,2.297416
161,3,the,2.267236
161,4,mayor,12.037817
161,5,should,6.008269
161,6,support,10.903234
161,7,the,1.386837
161,8,principal,13.593173
161,9,during,12.226116
161,10,the,0.818331
161,11,town,10.735693
161,12,meeting,6.750293
161,13,.,1.286978
161,14,<eos>,-0.0
162,0,He,0.0
162,1,knows,11.52312
162,2,who,6.622077
162,3,should,7.562753
162,4,support,10.321016
162,5,the,1.409216
162,6,principal,13.481922
162,7,during,11.615336
162,8,the,1.030028
162,9,town,12.257603
162,10,meeting,7.393699
162,11,.,1.031748
162,12,<eos>,-0.0
163,0,He,0.0
163,1,knows,11.52312
163,2,who,6.622077
163,3,the,4.020604
163,4,mayor,11.530698
163,5,should,5.926888
163,6,support,10.675483
163,7,the,3.379274
163,8,principal,13.144987
163,9,during,11.746825
163,10,the,0.822799
163,11,town,10.49112
163,12,meeting,6.76772
163,13,.,1.011442
163,14,<eos>,-0.0
164,0,He,0.0
164,1,knows,11.52312
164,2,that,2.297416
164,3,the,2.267236
164,4,politician,14.967807
164,5,believed,11.633501
164,6,should,11.800284
164,7,support,9.606374
164,8,the,1.385487
164,9,principal,14.407435
164,10,during,12.639104
164,11,the,0.873008
164,12,town,12.439955
164,13,meeting,6.938554
164,14,.,1.200461
164,15,<eos>,-0.0
165,0,He,0.0
165,1,knows,11.52312
165,2,that,2.297416
165,3,the,2.267236
165,4,politician,14.967807
165,5,believed,11.633501
165,6,the,3.331327
165,7,mayor,10.985822
165,8,should,3.852862
165,9,support,9.662013
165,10,the,1.434074
165,11,principal,14.115158
165,12,during,12.190126
165,13,the,0.793849
165,14,town,11.224317
165,15,meeting,6.869017
165,16,.,1.196282
165,17,<eos>,-0.0
166,0,He,0.0
166,1,knows,11.52312
166,2,who,6.622077
166,3,the,4.020604
166,4,politician,13.904466
166,5,believed,11.542779
166,6,should,8.173252
166,7,support,10.288349
166,8,the,1.365056
166,9,principal,14.357461
166,10,during,12.222735
166,11,the,0.841485
166,12,town,12.441702
166,13,meeting,7.165203
166,14,.,1.00867
166,15,<eos>,-0.0
167,0,He,0.0
167,1,knows,11.52312
167,2,who,6.622077
167,3,the,4.020604
167,4,politician,13.904466
167,5,believed,11.542779
167,6,the,4.608828
167,7,mayor,11.6376
167,8,should,5.182967
167,9,support,10.533094
167,10,the,3.119867
167,11,principal,13.564519
167,12,during,11.629287
167,13,the,0.772444
167,14,town,10.70674
167,15,meeting,6.971791
167,16,.,0.934104
167,17,<eos>,-0.0
168,0,He,0.0
168,1,knows,11.52312
168,2,that,2.297416
168,3,the,2.267236
168,4,politician,14.967807
168,5,believed,11.633501
168,6,the,3.331327
168,7,donors,16.603514
168,8,said,12.959674
168,9,should,10.124237
168,10,support,8.220264
168,11,the,1.583931
168,12,principal,14.253391
168,13,during,13.175177
168,14,the,0.871268
168,15,town,12.738353
168,16,meeting,6.777586
168,17,.,1.014215
168,18,<eos>,-0.0
169,0,He,0.0
169,1,knows,11.52312
169,2,that,2.297416
169,3,the,2.267236
169,4,politician,14.967807
169,5,believed,11.633501
169,6,the,3.331327
169,7,donors,16.603514
169,8,said,12.959674
169,9,the,3.583243
169,10,mayor,10.391011
169,11,should,3.438828
169,12,support,8.759071
169,13,the,1.395439
169,14,principal,14.268391
169,15,during,12.214782
169,16,the,0.74926
169,17,town,11.398188
169,18,meeting,6.456112
169,19,.,1.039592
169,20,<eos>,-0.0
170,0,He,0.0
170,1,knows,11.52312
170,2,who,6.622077
170,3,the,4.020604
170,4,politician,13.904466
170,5,believed,11.542779
170,6,the,4.608828
170,7,donors,16.685568
170,8,said,11.576261
170,9,should,8.519751
170,10,support,9.145022
170,11,the,1.442149
170,12,principal,13.9965
170,13,during,12.755084
170,14,the,0.832047
170,15,town,12.816133
170,16,meeting,7.145093
170,17,.,0.815834
170,18,<eos>,-0.0
171,0,He,0.0
171,1,knows,11.52312
171,2,who,6.622077
171,3,the,4.020604
171,4,politician,13.904466
171,5,believed,11.542779
171,6,the,4.608828
171,7,donors,16.685568
171,8,said,11.576261
171,9,the,5.401261
171,10,mayor,9.902477
171,11,should,5.621832
171,12,support,9.301591
171,13,the,3.136682
171,14,principal,13.821405
171,15,during,11.92533
171,16,the,0.740226
171,17,town,11.190327
171,18,meeting,6.862484
171,19,.,0.827728
171,20,<eos>,-0.0
172,0,He,0.0
172,1,knows,11.52312
172,2,that,2.297416
172,3,the,2.267236
172,4,politician,14.967807
172,5,believed,11.633501
172,6,the,3.331327
172,7,donors,16.603514
172,8,said,12.959674
172,9,they,2.700553
172,10,knew,7.692841
172,11,should,13.250625
172,12,support,9.380442
172,13,the,1.664697
172,14,principal,13.987956
172,15,during,13.100764
172,16,the,0.842232
172,17,town,12.300667
172,18,meeting,6.572991
172,19,.,0.922136
172,20,<eos>,-0.0
173,0,He,0.0
173,1,knows,11.52312
173,2,that,2.297416
173,3,the,2.267236
173,4,politician,14.967807
173,5,believed,11.633501
173,6,the,3.331327
173,7,donors,16.603514
173,8,said,12.959674
173,9,they,2.700553
173,10,knew,7.692841
173,11,the,2.830935
173,12,mayor,11.798769
173,13,should,4.225868
173,14,support,9.307014
173,15,the,1.422622
173,16,principal,14.2933
173,17,during,12.630421
173,18,the,0.752629
173,19,town,11.259959
173,20,meeting,6.629321
173,21,.,0.773611
173,22,<eos>,-0.0
174,0,He,0.0
174,1,knows,11.52312
174,2,who,6.622077
174,3,the,4.020604
174,4,politician,13.904466
174,5,believed,11.542779
174,6,the,4.608828
174,7,donors,16.685568
174,8,said,11.576261
174,9,they,4.81997
174,10,knew,6.771973
174,11,should,11.033305
174,12,support,9.926509
174,13,the,1.579769
174,14,principal,13.959006
174,15,during,12.725842
174,16,the,0.84752
174,17,town,12.615335
174,18,meeting,6.975325
174,19,.,0.759788
174,20,<eos>,-0.0
175,0,He,0.0
175,1,knows,11.52312
175,2,who,6.622077
175,3,the,4.020604
175,4,politician,13.904466
175,5,believed,11.542779
175,6,the,4.608828
175,7,donors,16.685568
175,8,said,11.576261
175,9,they,4.81997
175,10,knew,6.771973
175,11,the,3.72908
175,12,mayor,11.152414
175,13,should,6.602079
175,14,support,9.409684
175,15,the,1.692779
175,16,principal,14.146638
175,17,during,12.232972
175,18,the,0.77606
175,19,town,11.266596
175,20,meeting,7.077203
175,21,.,0.715897
175,22,<eos>,-0.0
176,0,He,0.0
176,1,knows,11.52312
176,2,that,2.297416
176,3,the,2.267236
176,4,politician,14.967807
176,5,believed,11.633501
176,6,the,3.331327
176,7,donors,16.603514
176,8,said,12.959674
176,9,they,2.700553
176,10,knew,7.692841
176,11,should,13.250625
176,12,support,9.380442
176,13,the,1.664697
176,14,principal,13.987956
176,15,during,13.100764
176,16,the,0.842232
176,17,town,12.300667
176,18,meeting,6.572991
176,19,.,0.922136
176,20,<eos>,-0.0
177,0,He,0.0
177,1,knows,11.52312
177,2,that,2.297416
177,3,the,2.267236
177,4,politician,14.967807
177,5,believed,11.633501
177,6,the,3.331327
177,7,donors,16.603514
177,8,said,12.959674
177,9,they,2.700553
177,10,knew,7.692841
177,11,the,2.830935
177,12,mayor,11.798769
177,13,should,4.225868
177,14,support,9.307014
177,15,the,1.422622
177,16,principal,14.2933
177,17,during,12.630421
177,18,the,0.752629
177,19,town,11.259959
177,20,meeting,6.629321
177,21,.,0.773611
177,22,<eos>,-0.0
178,0,He,0.0
178,1,knows,11.52312
178,2,who,6.622077
178,3,the,4.020604
178,4,politician,13.904466
178,5,believed,11.542779
178,6,the,4.608828
178,7,donors,16.685568
178,8,said,11.576261
178,9,they,4.81997
178,10,knew,6.771973
178,11,should,11.033305
178,12,support,9.926509
178,13,the,1.579769
178,14,principal,13.959006
178,15,during,12.725842
178,16,the,0.84752
178,17,town,12.615335
178,18,meeting,6.975325
178,19,.,0.759788
178,20,<eos>,-0.0
179,0,He,0.0
179,1,knows,11.52312
179,2,who,6.622077
179,3,the,4.020604
179,4,politician,13.904466
179,5,believed,11.542779
179,6,the,4.608828
179,7,donors,16.685568
179,8,said,11.576261
179,9,they,4.81997
179,10,knew,6.771973
179,11,the,3.72908
179,12,mayor,11.152414
179,13,should,6.602079
179,14,support,9.409684
179,15,the,1.692779
179,16,principal,14.146638
179,17,during,12.232972
179,18,the,0.77606
179,19,town,11.266596
179,20,meeting,7.077203
179,21,.,0.715897
179,22,<eos>,-0.0
180,0,You,0.0
180,1,know,6.225534
180,2,that,3.970907
180,3,did,13.994121
180,4,greet,18.774508
180,5,the,2.309406
180,6,teacher,9.691068
180,7,on,6.843421
180,8,the,1.159092
180,9,sidewalk,10.058142
180,10,.,1.681048
180,11,<eos>,-0.0
181,0,You,0.0
181,1,know,6.225534
181,2,that,3.970907
181,3,the,2.063794
181,4,firefighter,18.926569
181,5,did,8.555723
181,6,greet,17.151327
181,7,the,2.402892
181,8,teacher,12.38284
181,9,on,5.857073
181,10,the,1.215176
181,11,sidewalk,8.184903
181,12,.,2.163574
181,13,<eos>,-0.0
182,0,You,0.0
182,1,know,6.225534
182,2,who,7.834128
182,3,did,7.352716
182,4,greet,15.580132
182,5,the,2.257771
182,6,teacher,11.856113
182,7,on,6.915422
182,8,the,1.202021
182,9,sidewalk,9.654806
182,10,.,1.48786
182,11,<eos>,-0.0
183,0,You,0.0
183,1,know,6.225534
183,2,who,7.834128
183,3,the,4.899722
183,4,firefighter,18.204264
183,5,did,8.082619
183,6,greet,16.896187
183,7,the,3.084708
183,8,teacher,12.714402
183,9,on,6.708466
183,10,the,1.158247
183,11,sidewalk,8.927706
183,12,.,1.479723
183,13,<eos>,-0.0
184,0,You,0.0
184,1,know,6.225534
184,2,that,3.970907
184,3,the,2.063794
184,4,woman,10.021988
184,5,reported,12.559136
184,6,did,12.694105
184,7,greet,17.733294
184,8,the,2.668174
184,9,teacher,10.044501
184,10,on,5.791708
184,11,the,1.273545
184,12,sidewalk,9.327527
184,13,.,2.08145
184,14,<eos>,-0.0
185,0,You,0.0
185,1,know,6.225534
185,2,that,3.970907
185,3,the,2.063794
185,4,woman,10.021988
185,5,reported,12.559136
185,6,the,3.431336
185,7,firefighter,19.716497
185,8,did,9.175498
185,9,greet,17.770277
185,10,the,2.567012
185,11,teacher,12.295797
185,12,on,5.680738
185,13,the,1.230048
185,14,sidewalk,8.582277
185,15,.,1.819782
185,16,<eos>,-0.0
186,0,You,0.0
186,1,know,6.225534
186,2,who,7.834128
186,3,the,4.899722
186,4,woman,9.275633
186,5,reported,13.015808
186,6,did,9.943845
186,7,greet,18.599152
186,8,the,2.645937
186,9,teacher,10.038556
186,10,on,6.626492
186,11,the,1.127093
186,12,sidewalk,9.717737
186,13,.,1.359515
186,14,<eos>,-0.0
187,0,You,0.0
187,1,know,6.225534
187,2,who,7.834128
187,3,the,4.899722
187,4,woman,9.275633
187,5,reported,13.015808
187,6,the,5.648842
187,7,firefighter,18.785463
187,8,did,7.66223
187,9,greet,18.414402
187,10,the,3.45999
187,11,teacher,12.643389
187,12,on,6.384015
187,13,the,1.168634
187,14,sidewalk,8.971253
187,15,.,1.405314
187,16,<eos>,-0.0
188,0,You,0.0
188,1,know,6.225534
188,2,that,3.970907
188,3,the,2.063794
188,4,woman,10.021988
188,5,reported,12.559136
188,6,the,3.431336
188,7,neighbors,17.502647
188,8,believed,10.562356
188,9,did,10.215178
188,10,greet,18.662127
188,11,the,2.679499
188,12,teacher,10.909912
188,13,on,6.879829
188,14,the,1.192134
188,15,sidewalk,8.85566
188,16,.,1.256787
188,17,<eos>,-0.0
189,0,You,0.0
189,1,know,6.225534
189,2,that,3.970907
189,3,the,2.063794
189,4,woman,10.021988
189,5,reported,12.559136
189,6,the,3.431336
189,7,neighbors,17.502647
189,8,believed,10.562356
189,9,the,3.645252
189,10,firefighter,17.595919
189,11,did,7.575259
189,12,greet,17.9834
189,13,the,3.021282
189,14,teacher,12.670714
189,15,on,6.087216
189,16,the,1.253981
189,17,sidewalk,7.695697
189,18,.,1.515549
189,19,<eos>,-0.0
190,0,You,0.0
190,1,know,6.225534
190,2,who,7.834128
190,3,the,4.899722
190,4,woman,9.275633
190,5,reported,13.015808
190,6,the,5.648842
190,7,neighbors,16.127964
190,8,believed,9.698329
190,9,did,8.891634
190,10,greet,18.295431
190,11,the,2.678239
190,12,teacher,10.532073
190,13,on,7.601417
190,14,the,1.07048
190,15,sidewalk,8.860264
190,16,.,1.041625
190,17,<eos>,-0.0
191,0,You,0.0
191,1,know,6.225534
191,2,who,7.834128
191,3,the,4.899722
191,4,woman,9.275633
191,5,reported,13.015808
191,6,the,5.648842
191,7,neighbors,16.127964
191,8,believed,9.698329
191,9,the,6.771507
191,10,firefighter,17.816992
191,11,did,6.718553
191,12,greet,19.387671
191,13,the,3.788879
191,14,teacher,12.924166
191,15,on,6.913534
191,16,the,1.20961
191,17,sidewalk,8.431045
191,18,.,1.173579
191,19,<eos>,-0.0
192,0,You,0.0
192,1,know,6.225534
192,2,that,3.970907
192,3,the,2.063794
192,4,woman,10.021988
192,5,reported,12.559136
192,6,the,3.431336
192,7,neighbors,17.502647
192,8,believed,10.562356
192,9,they,4.273649
192,10,knew,6.98226
192,11,did,13.934286
192,12,greet,17.818464
192,13,the,2.721653
192,14,teacher,10.754457
192,15,on,6.737611
192,16,the,1.218017
192,17,sidewalk,8.922027
192,18,.,1.194847
192,19,<eos>,-0.0
193,0,You,0.0
193,1,know,6.225534
193,2,that,3.970907
193,3,the,2.063794
193,4,woman,10.021988
193,5,reported,12.559136
193,6,the,3.431336
193,7,neighbors,17.502647
193,8,believed,10.562356
193,9,they,4.273649
193,10,knew,6.98226
193,11,the,3.12088
193,12,firefighter,19.403553
193,13,did,7.16802
193,14,greet,18.432911
193,15,the,3.024378
193,16,teacher,12.903448
193,17,on,6.275049
193,18,the,1.23853
193,19,sidewalk,7.975704
193,20,.,1.262568
193,21,<eos>,-0.0
194,0,You,0.0
194,1,know,6.225534
194,2,who,7.834128
194,3,the,4.899722
194,4,woman,9.275633
194,5,reported,13.015808
194,6,the,5.648842
194,7,neighbors,16.127964
194,8,believed,9.698329
194,9,they,7.472342
194,10,knew,6.268283
194,11,did,10.43516
194,12,greet,19.103146
194,13,the,2.978001
194,14,teacher,10.722661
194,15,on,7.748693
194,16,the,1.069745
194,17,sidewalk,8.938275
194,18,.,0.922153
194,19,<eos>,-0.0
195,0,You,0.0
195,1,know,6.225534
195,2,who,7.834128
195,3,the,4.899722
195,4,woman,9.275633
195,5,reported,13.015808
195,6,the,5.648842
195,7,neighbors,16.127964
195,8,believed,9.698329
195,9,they,7.472342
195,10,knew,6.268283
195,11,the,4.869418
195,12,firefighter,18.896509
195,13,did,6.510167
195,14,greet,18.77269
195,15,the,3.288509
195,16,teacher,12.927485
195,17,on,6.895927
195,18,the,1.187415
195,19,sidewalk,8.385022
195,20,.,1.069675
195,21,<eos>,-0.0
196,0,You,0.0
196,1,know,6.225534
196,2,that,3.970907
196,3,the,2.063794
196,4,woman,10.021988
196,5,reported,12.559136
196,6,the,3.431336
196,7,neighbors,17.502647
196,8,believed,10.562356
196,9,they,4.273649
196,10,knew,6.98226
196,11,did,13.934286
196,12,greet,17.818464
196,13,the,2.721653
196,14,teacher,10.754457
196,15,on,6.737611
196,16,the,1.218017
196,17,sidewalk,8.922027
196,18,.,1.194847
196,19,<eos>,-0.0
197,0,You,0.0
197,1,know,6.225534
197,2,that,3.970907
197,3,the,2.063794
197,4,woman,10.021988
197,5,reported,12.559136
197,6,the,3.431336
197,7,neighbors,17.502647
197,8,believed,10.562356
197,9,they,4.273649
197,10,knew,6.98226
197,11,the,3.12088
197,12,firefighter,19.403553
197,13,did,7.16802
197,14,greet,18.432911
197,15,the,3.024378
197,16,teacher,12.903448
197,17,on,6.275049
197,18,the,1.23853
197,19,sidewalk,7.975704
197,20,.,1.262568
197,21,<eos>,-0.0
198,0,You,0.0
198,1,know,6.225534
198,2,who,7.834128
198,3,the,4.899722
198,4,woman,9.275633
198,5,reported,13.015808
198,6,the,5.648842
198,7,neighbors,16.127964
198,8,believed,9.698329
198,9,they,7.472342
198,10,knew,6.268283
198,11,did,10.43516
198,12,greet,19.103146
198,13,the,2.978001
198,14,teacher,10.722661
198,15,on,7.748693
198,16,the,1.069745
198,17,sidewalk,8.938275
198,18,.,0.922153
198,19,<eos>,-0.0
199,0,You,0.0
199,1,know,6.225534
199,2,who,7.834128
199,3,the,4.899722
199,4,woman,9.275633
199,5,reported,13.015808
199,6,the,5.648842
199,7,neighbors,16.127964
199,8,believed,9.698329
199,9,they,7.472342
199,10,knew,6.268283
199,11,the,4.869418
199,12,firefighter,18.896509
199,13,did,6.510167
199,14,greet,18.77269
199,15,the,3.288509
199,16,teacher,12.927485
199,17,on,6.895927
199,18,the,1.187415
199,19,sidewalk,8.385022
199,20,.,1.069675
199,21,<eos>,-0.0
200,0,I,0.0
200,1,know,6.278276
200,2,that,2.352433
200,3,might,14.406142
200,4,have,2.0942
200,5,assassinated,18.21526
200,6,the,2.175825
200,7,politician,11.326235
200,8,yesterday,17.203295
200,9,night,14.115469
200,10,.,1.146331
200,11,<eos>,-0.0
201,0,I,0.0
201,1,know,6.278276
201,2,that,2.352433
201,3,the,2.35511
201,4,spy,16.144245
201,5,might,9.044742
201,6,have,1.862949
201,7,assassinated,14.743997
201,8,the,2.258433
201,9,politician,12.228513
201,10,yesterday,17.261833
201,11,night,13.700922
201,12,.,1.306384
201,13,<eos>,-0.0
202,0,I,0.0
202,1,know,6.278276
202,2,who,6.580016
202,3,might,8.6036
202,4,have,1.603196
202,5,assassinated,15.469325
202,6,the,2.204376
202,7,politician,11.966853
202,8,yesterday,17.012274
202,9,night,13.961632
202,10,.,1.107421
202,11,<eos>,-0.0
203,0,I,0.0
203,1,know,6.278276
203,2,who,6.580016
203,3,the,5.056487
203,4,spy,14.881692
203,5,might,7.964957
203,6,have,1.659204
203,7,assassinated,14.553343
203,8,the,4.008848
203,9,politician,12.371239
203,10,yesterday,16.429996
203,11,night,13.959802
203,12,.,1.018072
203,13,<eos>,-0.0
204,0,I,0.0
204,1,know,6.278276
204,2,that,2.352433
204,3,the,2.35511
204,4,agent,13.296741
204,5,thought,10.532585
204,6,might,11.98438
204,7,have,1.673492
204,8,assassinated,17.335056
204,9,the,2.258312
204,10,politician,11.592493
204,11,yesterday,17.588951
204,12,night,14.04322
204,13,.,1.233815
204,14,<eos>,-0.0
205,0,I,0.0
205,1,know,6.278276
205,2,that,2.352433
205,3,the,2.35511
205,4,agent,13.296741
205,5,thought,10.532585
205,6,the,3.367088
205,7,spy,13.48239
205,8,might,6.685519
205,9,have,1.569414
205,10,assassinated,14.462872
205,11,the,2.3917
205,12,politician,12.682962
205,13,yesterday,17.350161
205,14,night,13.974311
205,15,.,1.19509
205,16,<eos>,-0.0
206,0,I,0.0
206,1,know,6.278276
206,2,who,6.580016
206,3,the,5.056487
206,4,agent,11.59055
206,5,thought,10.370024
206,6,might,8.65448
206,7,have,2.223497
206,8,assassinated,18.042587
206,9,the,2.58272
206,10,politician,11.489627
206,11,yesterday,17.389141
206,12,night,13.990108
206,13,.,0.963379
206,14,<eos>,-0.0
207,0,I,0.0
207,1,know,6.278276
207,2,who,6.580016
207,3,the,5.056487
207,4,agent,11.59055
207,5,thought,10.370024
207,6,the,5.128903
207,7,spy,13.621744
207,8,might,7.113976
207,9,have,1.307139
207,10,assassinated,14.223058
207,11,the,4.693756
207,12,politician,11.954537
207,13,yesterday,16.777803
207,14,night,13.910831
207,15,.,0.930541
207,16,<eos>,-0.0
208,0,I,0.0
208,1,know,6.278276
208,2,that,2.352433
208,3,the,2.35511
208,4,agent,13.296741
208,5,thought,10.532585
208,6,the,3.367088
208,7,witness,13.341525
208,8,said,8.739589
208,9,might,12.313553
208,10,have,1.702073
208,11,assassinated,16.568127
208,12,the,2.376082
208,13,politician,11.714734
208,14,yesterday,17.180845
208,15,night,13.987734
208,16,.,1.13317
208,17,<eos>,-0.0
209,0,I,0.0
209,1,know,6.278276
209,2,that,2.352433
209,3,the,2.35511
209,4,agent,13.296741
209,5,thought,10.532585
209,6,the,3.367088
209,7,witness,13.341525
209,8,said,8.739589
209,9,the,3.185339
209,10,spy,11.024156
209,11,might,7.605357
209,12,have,1.385879
209,13,assassinated,13.816192
209,14,the,2.534518
209,15,politician,12.719934
209,16,yesterday,17.582487
209,17,night,13.754775
209,18,.,1.105702
209,19,<eos>,-0.0
210,0,I,0.0
210,1,know,6.278276
210,2,who,6.580016
210,3,the,5.056487
210,4,agent,11.59055
210,5,thought,10.370024
210,6,the,5.128903
210,7,witness,13.956094
210,8,said,6.872687
210,9,might,8.944915
210,10,have,2.108629
210,11,assassinated,17.288074
210,12,the,2.556159
210,13,politician,11.122683
210,14,yesterday,17.240686
210,15,night,13.577726
210,16,.,0.946033
210,17,<eos>,-0.0
211,0,I,0.0
211,1,know,6.278276
211,2,who,6.580016
211,3,the,5.056487
211,4,agent,11.59055
211,5,thought,10.370024
211,6,the,5.128903
211,7,witness,13.956094
211,8,said,6.872687
211,9,the,6.294747
211,10,spy,12.031071
211,11,might,8.055648
211,12,have,1.163566
211,13,assassinated,13.396008
211,14,the,4.676822
211,15,politician,11.859156
211,16,yesterday,16.839964
211,17,night,13.273166
211,18,.,0.904177
211,19,<eos>,-0.0
212,0,I,0.0
212,1,know,6.278276
212,2,that,2.352433
212,3,the,2.35511
212,4,agent,13.296741
212,5,thought,10.532585
212,6,the,3.367088
212,7,witness,13.341525
212,8,said,8.739589
212,9,he,3.897701
212,10,knew,5.694445
212,11,might,14.502498
212,12,have,1.513198
212,13,assassinated,16.183876
212,14,the,2.640799
212,15,politician,11.784987
212,16,yesterday,17.49461
212,17,night,13.758587
212,18,.,1.08577
212,19,<eos>,-0.0
213,0,I,0.0
213,1,know,6.278276
213,2,that,2.352433
213,3,the,2.35511
213,4,agent,13.296741
213,5,thought,10.532585
213,6,the,3.367088
213,7,witness,13.341525
213,8,said,8.739589
213,9,he,3.897701
213,10,knew,5.694445
213,11,the,2.836133
213,12,spy,12.034306
213,13,might,8.424663
213,14,have,1.449689
213,15,assassinated,14.398093
213,16,the,2.830945
213,17,politician,12.304745
213,18,yesterday,17.879765
213,19,night,13.960439
213,20,.,0.965124
213,21,<eos>,-0.0
214,0,I,0.0
214,1,know,6.278276
214,2,who,6.580016
214,3,the,5.056487
214,4,agent,11.59055
214,5,thought,10.370024
214,6,the,5.128903
214,7,witness,13.956094
214,8,said,6.872687
214,9,he,6.420309
214,10,knew,5.062561
214,11,might,11.281354
214,12,have,1.470873
214,13,assassinated,16.93841
214,14,the,2.947448
214,15,politician,11.108399
214,16,yesterday,17.346527
214,17,night,13.375091
214,18,.,0.902925
214,19,<eos>,-0.0
215,0,I,0.0
215,1,know,6.278276
215,2,who,6.580016
215,3,the,5.056487
215,4,agent,11.59055
215,5,thought,10.370024
215,6,the,5.128903
215,7,witness,13.956094
215,8,said,6.872687
215,9,he,6.420309
215,10,knew,5.062561
215,11,the,4.328557
215,12,spy,12.392462
215,13,might,7.941951
215,14,have,1.271767
215,15,assassinated,14.599866
215,16,the,2.952056
215,17,politician,11.730334
215,18,yesterday,17.648996
215,19,night,13.282344
215,20,.,0.855135
215,21,<eos>,-0.0
216,0,I,0.0
216,1,know,6.278276
216,2,that,2.352433
216,3,the,2.35511
216,4,agent,13.296741
216,5,thought,10.532585
216,6,the,3.367088
216,7,witness,13.341525
216,8,said,8.739589
216,9,he,3.897701
216,10,knew,5.694445
216,11,might,14.502498
216,12,have,1.513198
216,13,assassinated,16.183876
216,14,the,2.640799
216,15,politician,11.784987
216,16,yesterday,17.49461
216,17,night,13.758587
216,18,.,1.08577
216,19,<eos>,-0.0
217,0,I,0.0
217,1,know,6.278276
217,2,that,2.352433
217,3,the,2.35511
217,4,agent,13.296741
217,5,thought,10.532585
217,6,the,3.367088
217,7,witness,13.341525
217,8,said,8.739589
217,9,he,3.897701
217,10,knew,5.694445
217,11,the,2.836133
217,12,spy,12.034306
217,13,might,8.424663
217,14,have,1.449689
217,15,assassinated,14.398093
217,16,the,2.830945
217,17,politician,12.304745
217,18,yesterday,17.879765
217,19,night,13.960439
217,20,.,0.965124
217,21,<eos>,-0.0
218,0,I,0.0
218,1,know,6.278276
218,2,who,6.580016
218,3,the,5.056487
218,4,agent,11.59055
218,5,thought,10.370024
218,6,the,5.128903
218,7,witness,13.956094
218,8,said,6.872687
218,9,he,6.420309
218,10,knew,5.062561
218,11,might,11.281354
218,12,have,1.470873
218,13,assassinated,16.93841
218,14,the,2.947448
218,15,politician,11.108399
218,16,yesterday,17.346527
218,17,night,13.375091
218,18,.,0.902925
218,19,<eos>,-0.0
219,0,I,0.0
219,1,know,6.278276
219,2,who,6.580016
219,3,the,5.056487
219,4,agent,11.59055
219,5,thought,10.370024
219,6,the,5.128903
219,7,witness,13.956094
219,8,said,6.872687
219,9,he,6.420309
219,10,knew,5.062561
219,11,the,4.328557
219,12,spy,12.392462
219,13,might,7.941951
219,14,have,1.271767
219,15,assassinated,14.599866
219,16,the,2.952056
219,17,politician,11.730334
219,18,yesterday,17.648996
219,19,night,13.282344
219,20,.,0.855135
219,21,<eos>,-0.0
220,0,He,0.0
220,1,recalled,11.830338
220,2,that,2.828473
220,3,did,14.621815
220,4,frighten,18.7264
220,5,the,3.75927
220,6,protesters,9.867687
220,7,over,8.92032
220,8,the,1.676123
220,9,weekend,9.76805
220,10,.,1.610532
220,11,<eos>,-0.0
221,0,He,0.0
221,1,recalled,11.830338
221,2,that,2.828473
221,3,the,2.424241
221,4,police,8.775201
221,5,did,5.188576
221,6,frighten,17.943117
221,7,the,2.664305
221,8,protesters,5.742625
221,9,over,7.79764
221,10,the,1.346411
221,11,weekend,8.399176
221,12,.,1.878725
221,13,<eos>,-0.0
222,0,He,0.0
222,1,recalled,11.830338
222,2,who,10.627078
222,3,did,6.489773
222,4,frighten,18.918329
222,5,the,2.675756
222,6,protesters,9.788414
222,7,over,8.692156
222,8,the,1.320612
222,9,weekend,7.887936
222,10,.,1.375403
222,11,<eos>,-0.0
223,0,He,0.0
223,1,recalled,11.830338
223,2,who,10.627078
223,3,the,5.534445
223,4,police,7.564179
223,5,did,5.647596
223,6,frighten,18.289661
223,7,the,3.897844
223,8,protesters,6.749785
223,9,over,7.702427
223,10,the,1.967317
223,11,weekend,8.22448
223,12,.,1.312976
223,13,<eos>,-0.0
224,0,He,0.0
224,1,recalled,11.830338
224,2,that,2.828473
224,3,the,2.424241
224,4,inspector,15.160929
224,5,believed,8.391364
224,6,did,16.760311
224,7,frighten,15.704397
224,8,the,3.104745
224,9,protesters,8.776247
224,10,over,9.02064
224,11,the,1.559047
224,12,weekend,10.207117
224,13,.,1.351606
224,14,<eos>,-0.0
225,0,He,0.0
225,1,recalled,11.830338
225,2,that,2.828473
225,3,the,2.424241
225,4,inspector,15.160929
225,5,believed,8.391364
225,6,the,3.057616
225,7,police,7.438522
225,8,did,5.663022
225,9,frighten,16.882595
225,10,the,2.595925
225,11,protesters,5.196617
225,12,over,8.301308
225,13,the,1.257089
225,14,weekend,8.465196
225,15,.,1.427292
225,16,<eos>,-0.0
226,0,He,0.0
226,1,recalled,11.830338
226,2,who,10.627078
226,3,the,5.534445
226,4,inspector,13.418629
226,5,believed,7.693312
226,6,did,7.850505
226,7,frighten,15.84987
226,8,the,2.84224
226,9,protesters,8.243032
226,10,over,9.178941
226,11,the,1.200178
226,12,weekend,9.572863
226,13,.,1.16372
226,14,<eos>,-0.0
227,0,He,0.0
227,1,recalled,11.830338
227,2,who,10.627078
227,3,the,5.534445
227,4,inspector,13.418629
227,5,believed,7.693312
227,6,the,4.391393
227,7,police,7.507843
227,8,did,5.759284
227,9,frighten,16.777464
227,10,the,3.012674
227,11,protesters,5.660907
227,12,over,8.40981
227,13,the,1.239677
227,14,weekend,8.482491
227,15,.,1.170606
227,16,<eos>,-0.0
228,0,He,0.0
228,1,recalled,11.830338
228,2,that,2.828473
228,3,the,2.424241
228,4,inspector,15.160929
228,5,believed,8.391364
228,6,the,3.057616
228,7,detective,13.220379
228,8,concluded,16.099051
228,9,did,14.843573
228,10,frighten,14.307194
228,11,the,3.542042
228,12,protesters,8.715826
228,13,over,9.256538
228,14,the,1.384909
228,15,weekend,9.973663
228,16,.,1.236771
228,17,<eos>,-0.0
229,0,He,0.0
229,1,recalled,11.830338
229,2,that,2.828473
229,3,the,2.424241
229,4,inspector,15.160929
229,5,believed,8.391364
229,6,the,3.057616
229,7,detective,13.220379
229,8,concluded,16.099051
229,9,the,3.53861
229,10,police,6.891437
229,11,did,5.563046
229,12,frighten,17.312088
229,13,the,3.026492
229,14,protesters,5.616326
229,15,over,8.421444
229,16,the,1.245527
229,17,weekend,8.573807
229,18,.,1.22085
229,19,<eos>,-0.0
230,0,He,0.0
230,1,recalled,11.830338
230,2,who,10.627078
230,3,the,5.534445
230,4,inspector,13.418629
230,5,believed,7.693312
230,6,the,4.391393
230,7,detective,13.572674
230,8,concluded,16.340487
230,9,did,12.307761
230,10,frighten,14.25332
230,11,the,3.779945
230,12,protesters,8.652351
230,13,over,9.296546
230,14,the,1.412242
230,15,weekend,9.9228
230,16,.,1.063045
230,17,<eos>,-0.0
231,0,He,0.0
231,1,recalled,11.830338
231,2,who,10.627078
231,3,the,5.534445
231,4,inspector,13.418629
231,5,believed,7.693312
231,6,the,4.391393
231,7,detective,13.572674
231,8,concluded,16.340487
231,9,the,3.539853
231,10,police,6.953598
231,11,did,5.742823
231,12,frighten,17.199806
231,13,the,3.350049
231,14,protesters,5.822033
231,15,over,8.470248
231,16,the,1.2587
231,17,weekend,8.564389
231,18,.,1.054731
231,19,<eos>,-0.0
232,0,He,0.0
232,1,recalled,11.830338
232,2,that,2.828473
232,3,the,2.424241
232,4,inspector,15.160929
232,5,believed,8.391364
232,6,the,3.057616
232,7,detective,13.220379
232,8,concluded,16.099051
232,9,he,4.672995
232,10,knew,6.097704
232,11,did,12.924711
232,12,frighten,15.683089
232,13,the,3.054559
232,14,protesters,8.681004
232,15,over,9.776298
232,16,the,1.338286
232,17,weekend,9.799732
232,18,.,1.024424
232,19,<eos>,-0.0
233,0,He,0.0
233,1,recalled,11.830338
233,2,that,2.828473
233,3,the,2.424241
233,4,inspector,15.160929
233,5,believed,8.391364
233,6,the,3.057616
233,7,detective,13.220379
233,8,concluded,16.099051
233,9,he,4.672995
233,10,knew,6.097704
233,11,the,2.596953
233,12,police,5.728426
233,13,did,6.142929
233,14,frighten,16.706814
233,15,the,3.397486
233,16,protesters,5.884426
233,17,over,8.676559
233,18,the,1.252643
233,19,weekend,8.840994
233,20,.,1.033878
233,21,<eos>,-0.0
234,0,He,0.0
234,1,recalled,11.830338
234,2,who,10.627078
234,3,the,5.534445
234,4,inspector,13.418629
234,5,believed,7.693312
234,6,the,4.391393
234,7,detective,13.572674
234,8,concluded,16.340487
234,9,he,4.469669
234,10,knew,5.615284
234,11,did,13.285303
234,12,frighten,15.418259
234,13,the,3.225008
234,14,protesters,8.810143
234,15,over,9.815223
234,16,the,1.350787
234,17,weekend,9.716773
234,18,.,0.898248
234,19,<eos>,-0.0
235,0,He,0.0
235,1,recalled,11.830338
235,2,who,10.627078
235,3,the,5.534445
235,4,inspector,13.418629
235,5,believed,7.693312
235,6,the,4.391393
235,7,detective,13.572674
235,8,concluded,16.340487
235,9,he,4.469669
235,10,knew,5.615284
235,11,the,2.678362
235,12,police,5.618829
235,13,did,6.256775
235,14,frighten,16.489485
235,15,the,3.607966
235,16,protesters,6.087819
235,17,over,8.675799
235,18,the,1.266782
235,19,weekend,8.708239
235,20,.,0.924122
235,21,<eos>,-0.0
236,0,He,0.0
236,1,recalled,11.830338
236,2,that,2.828473
236,3,the,2.424241
236,4,inspector,15.160929
236,5,believed,8.391364
236,6,the,3.057616
236,7,detective,13.220379
236,8,concluded,16.099051
236,9,he,4.672995
236,10,knew,6.097704
236,11,did,12.924711
236,12,frighten,15.683089
236,13,the,3.054559
236,14,protesters,8.681004
236,15,over,9.776298
236,16,the,1.338286
236,17,weekend,9.799732
236,18,.,1.024424
236,19,<eos>,-0.0
237,0,He,0.0
237,1,recalled,11.830338
237,2,that,2.828473
237,3,the,2.424241
237,4,inspector,15.160929
237,5,believed,8.391364
237,6,the,3.057616
237,7,detective,13.220379
237,8,concluded,16.099051
237,9,he,4.672995
237,10,knew,6.097704
237,11,the,2.596953
237,12,police,5.728426
237,13,did,6.142929
237,14,frighten,16.706814
237,15,the,3.397486
237,16,protesters,5.884426
237,17,over,8.676559
237,18,the,1.252643
237,19,weekend,8.840994
237,20,.,1.033878
237,21,<eos>,-0.0
238,0,He,0.0
238,1,recalled,11.830338
238,2,who,10.627078
238,3,the,5.534445
238,4,inspector,13.418629
238,5,believed,7.693312
238,6,the,4.391393
238,7,detective,13.572674
238,8,concluded,16.340487
238,9,he,4.469669
238,10,knew,5.615284
238,11,did,13.285303
238,12,frighten,15.418259
238,13,the,3.225008
238,14,protesters,8.810143
238,15,over,9.815223
238,16,the,1.350787
238,17,weekend,9.716773
238,18,.,0.898248
238,19,<eos>,-0.0
239,0,He,0.0
239,1,recalled,11.830338
239,2,who,10.627078
239,3,the,5.534445
239,4,inspector,13.418629
239,5,believed,7.693312
239,6,the,4.391393
239,7,detective,13.572674
239,8,concluded,16.340487
239,9,he,4.469669
239,10,knew,5.615284
239,11,the,2.678362
239,12,police,5.618829
239,13,did,6.256775
239,14,frighten,16.489485
239,15,the,3.607966
239,16,protesters,6.087819
239,17,over,8.675799
239,18,the,1.266782
239,19,weekend,8.708239
239,20,.,0.924122
239,21,<eos>,-0.0
240,0,We,0.0
240,1,recalled,14.266203
240,2,that,3.365684
240,3,might,16.58493
240,4,have,2.043124
240,5,divorced,17.776623
240,6,his,5.55652
240,7,wife,2.925571
240,8,last,14.868661
240,9,week,3.814223
240,10,.,1.83284
240,11,<eos>,-0.0
241,0,We,0.0
241,1,recalled,14.266203
241,2,that,3.365684
241,3,the,2.013075
241,4,millionaire,17.650484
241,5,might,9.416433
241,6,have,1.465493
241,7,divorced,15.240505
241,8,his,3.40886
241,9,wife,1.49164
241,10,last,15.678757
241,11,week,4.188913
241,12,.,1.955032
241,13,<eos>,-0.0
242,0,We,0.0
242,1,recalled,14.266203
242,2,who,8.667806
242,3,might,9.943306
242,4,have,1.528593
242,5,divorced,14.071628
242,6,his,4.972557
242,7,wife,1.993149
242,8,last,15.173219
242,9,week,4.189804
242,10,.,1.863011
242,11,<eos>,-0.0
243,0,We,0.0
243,1,recalled,14.266203
243,2,who,8.667806
243,3,the,5.621344
243,4,millionaire,15.128337
243,5,might,8.453215
243,6,have,1.474826
243,7,divorced,16.415224
243,8,his,6.271325
243,9,wife,2.288479
243,10,last,14.430111
243,11,week,4.55088
243,12,.,1.650658
243,13,<eos>,-0.0
244,0,We,0.0
244,1,recalled,14.266203
244,2,that,3.365684
244,3,the,2.013075
244,4,woman,10.282034
244,5,said,7.758842
244,6,might,14.19102
244,7,have,1.540892
244,8,divorced,13.51174
244,9,his,4.63883
244,10,wife,1.621192
244,11,last,15.424776
244,12,week,4.274032
244,13,.,1.917076
244,14,<eos>,-0.0
245,0,We,0.0
245,1,recalled,14.266203
245,2,that,3.365684
245,3,the,2.013075
245,4,woman,10.282034
245,5,said,7.758842
245,6,the,4.221791
245,7,millionaire,18.818251
245,8,might,8.70921
245,9,have,1.472731
245,10,divorced,14.221207
245,11,his,4.237447
245,12,wife,1.40833
245,13,last,15.645156
245,14,week,4.183206
245,15,.,1.751411
245,16,<eos>,-0.0
246,0,We,0.0
246,1,recalled,14.266203
246,2,who,8.667806
246,3,the,5.621344
246,4,woman,9.473618
246,5,said,7.360786
246,6,might,10.437303
246,7,have,1.905953
246,8,divorced,14.646846
246,9,his,4.934466
246,10,wife,1.891122
246,11,last,15.2816
246,12,week,4.313788
246,13,.,1.700705
246,14,<eos>,-0.0
247,0,We,0.0
247,1,recalled,14.266203
247,2,who,8.667806
247,3,the,5.621344
247,4,woman,9.473618
247,5,said,7.360786
247,6,the,5.541314
247,7,millionaire,17.172794
247,8,might,8.828688
247,9,have,1.484182
247,10,divorced,14.809473
247,11,his,6.169276
247,12,wife,1.577225
247,13,last,15.340616
247,14,week,4.444748
247,15,.,1.571945
247,16,<eos>,-0.0
248,0,We,0.0
248,1,recalled,14.266203
248,2,that,3.365684
248,3,the,2.013075
248,4,woman,10.282034
248,5,said,7.758842
248,6,she,3.109019
248,7,thought,6.54405
248,8,might,13.445721
248,9,have,1.829675
248,10,divorced,14.723978
248,11,his,5.112136
248,12,wife,2.045139
248,13,last,15.416708
248,14,week,4.304869
248,15,.,1.657413
248,16,<eos>,-0.0
249,0,We,0.0
249,1,recalled,14.266203
249,2,that,3.365684
249,3,the,2.013075
249,4,woman,10.282034
249,5,said,7.758842
249,6,she,3.109019
249,7,thought,6.54405
249,8,the,3.253229
249,9,millionaire,18.523922
249,10,might,7.336449
249,11,have,1.615692
249,12,divorced,14.302619
249,13,his,4.438907
249,14,wife,1.670716
249,15,last,15.762374
249,16,week,4.180053
249,17,.,1.595206
249,18,<eos>,-0.0
250,0,We,0.0
250,1,recalled,14.266203
250,2,who,8.667806
250,3,the,5.621344
250,4,woman,9.473618
250,5,said,7.360786
250,6,she,4.36665
250,7,thought,6.408864
250,8,might,10.23595
250,9,have,1.870302
250,10,divorced,15.457202
250,11,his,5.263012
250,12,wife,2.12435
250,13,last,15.482891
250,14,week,4.398469
250,15,.,1.541734
250,16,<eos>,-0.0
251,0,We,0.0
251,1,recalled,14.266203
251,2,who,8.667806
251,3,the,5.621344
251,4,woman,9.473618
251,5,said,7.360786
251,6,she,4.36665
251,7,thought,6.408864
251,8,the,4.254049
251,9,millionaire,17.594353
251,10,might,7.431451
251,11,have,1.580295
251,12,divorced,15.22366
251,13,his,5.722886
251,14,wife,1.806586
251,15,last,15.417022
251,16,week,4.31112
251,17,.,1.525318
251,18,<eos>,-0.0
252,0,We,0.0
252,1,recalled,14.266203
252,2,that,3.365684
252,3,the,2.013075
252,4,woman,10.282034
252,5,said,7.758842
252,6,she,3.109019
252,7,thought,6.54405
252,8,she,2.364424
252,9,knew,7.116776
252,10,might,14.898201
252,11,have,1.782074
252,12,divorced,14.522908
252,13,his,5.148641
252,14,wife,2.020808
252,15,last,15.469068
252,16,week,4.156386
252,17,.,1.509545
252,18,<eos>,-0.0
253,0,We,0.0
253,1,recalled,14.266203
253,2,that,3.365684
253,3,the,2.013075
253,4,woman,10.282034
253,5,said,7.758842
253,6,she,3.109019
253,7,thought,6.54405
253,8,she,2.364424
253,9,knew,7.116776
253,10,the,3.311177
253,11,millionaire,18.649271
253,12,might,7.738463
253,13,have,1.272158
253,14,divorced,15.085828
253,15,his,4.936795
253,16,wife,1.675719
253,17,last,15.722204
253,18,week,4.036476
253,19,.,1.527215
253,20,<eos>,-0.0
254,0,We,0.0
254,1,recalled,14.266203
254,2,who,8.667806
254,3,the,5.621344
254,4,woman,9.473618
254,5,said,7.360786
254,6,she,4.36665
254,7,thought,6.408864
254,8,she,3.1349
254,9,knew,6.554276
254,10,might,12.478272
254,11,have,1.884239
254,12,divorced,14.932767
254,13,his,5.458403
254,14,wife,2.103763
254,15,last,15.458355
254,16,week,4.266363
254,17,.,1.440035
254,18,<eos>,-0.0
255,0,We,0.0
255,1,recalled,14.266203
255,2,who,8.667806
255,3,the,5.621344
255,4,woman,9.473618
255,5,said,7.360786
255,6,she,4.36665
255,7,thought,6.408864
255,8,she,3.1349
255,9,knew,6.554276
255,10,the,3.675821
255,11,millionaire,18.164843
255,12,might,7.415841
255,13,have,1.353664
255,14,divorced,15.24902
255,15,his,5.62171
255,16,wife,1.760692
255,17,last,15.394935
255,18,week,4.241552
255,19,.,1.444984
255,20,<eos>,-0.0
256,0,We,0.0
256,1,recalled,14.266203
256,2,that,3.365684
256,3,the,2.013075
256,4,woman,10.282034
256,5,said,7.758842
256,6,she,3.109019
256,7,thought,6.54405
256,8,she,2.364424
256,9,knew,7.116776
256,10,might,14.898201
256,11,have,1.782074
256,12,divorced,14.522908
256,13,his,5.148641
256,14,wife,2.020808
256,15,last,15.469068
256,16,week,4.156386
256,17,.,1.509545
256,18,<eos>,-0.0
257,0,We,0.0
257,1,recalled,14.266203
257,2,that,3.365684
257,3,the,2.013075
257,4,woman,10.282034
257,5,said,7.758842
257,6,she,3.109019
257,7,thought,6.54405
257,8,she,2.364424
257,9,knew,7.116776
257,10,the,3.311177
257,11,millionaire,18.649271
257,12,might,7.738463
257,13,have,1.272158
257,14,divorced,15.085828
257,15,his,4.936795
257,16,wife,1.675719
257,17,last,15.722204
257,18,week,4.036476
257,19,.,1.527215
257,20,<eos>,-0.0
258,0,We,0.0
258,1,recalled,14.266203
258,2,who,8.667806
258,3,the,5.621344
258,4,woman,9.473618
258,5,said,7.360786
258,6,she,4.36665
258,7,thought,6.408864
258,8,she,3.1349
258,9,knew,6.554276
258,10,might,12.478272
258,11,have,1.884239
258,12,divorced,14.932767
258,13,his,5.458403
258,14,wife,2.103763
258,15,last,15.458355
258,16,week,4.266363
258,17,.,1.440035
258,18,<eos>,-0.0
259,0,We,0.0
259,1,recalled,14.266203
259,2,who,8.667806
259,3,the,5.621344
259,4,woman,9.473618
259,5,said,7.360786
259,6,she,4.36665
259,7,thought,6.408864
259,8,she,3.1349
259,9,knew,6.554276
259,10,the,3.675821
259,11,millionaire,18.164843
259,12,might,7.415841
259,13,have,1.353664
259,14,divorced,15.24902
259,15,his,5.62171
259,16,wife,1.760692
259,17,last,15.394935
259,18,week,4.241552
259,19,.,1.444984
259,20,<eos>,-0.0
260,0,They,0.0
260,1,recalled,12.997755
260,2,that,3.338919
260,3,did,15.28985
260,4,promote,14.703025
260,5,the,1.454221
260,6,secretary,17.086733
260,7,last,16.404106
260,8,week,7.382176
260,9,.,2.556209
260,10,<eos>,-0.0
261,0,They,0.0
261,1,recalled,12.997755
261,2,that,3.338919
261,3,the,2.030145
261,4,executive,13.134362
261,5,did,6.850992
261,6,promote,13.910129
261,7,the,1.466567
261,8,secretary,17.391472
261,9,last,17.526999
261,10,week,6.636914
261,11,.,2.843152
261,12,<eos>,-0.0
262,0,They,0.0
262,1,recalled,12.997755
262,2,who,10.332471
262,3,did,6.163827
262,4,promote,14.965333
262,5,the,1.28357
262,6,secretary,18.062008
262,7,last,16.237871
262,8,week,6.002503
262,9,.,2.163874
262,10,<eos>,-0.0
263,0,They,0.0
263,1,recalled,12.997755
263,2,who,10.332471
263,3,the,6.027031
263,4,executive,12.541368
263,5,did,6.313246
263,6,promote,15.221636
263,7,the,2.475991
263,8,secretary,16.218243
263,9,last,17.418703
263,10,week,6.020154
263,11,.,2.115926
263,12,<eos>,-0.0
264,0,They,0.0
264,1,recalled,12.997755
264,2,that,3.338919
264,3,the,2.030145
264,4,journalist,13.485086
264,5,believed,7.979033
264,6,did,16.203039
264,7,promote,13.470214
264,8,the,1.686245
264,9,secretary,17.006517
264,10,last,17.399166
264,11,week,6.939946
264,12,.,2.701462
264,13,<eos>,-0.0
265,0,They,0.0
265,1,recalled,12.997755
265,2,that,3.338919
265,3,the,2.030145
265,4,journalist,13.485086
265,5,believed,7.979033
265,6,the,3.037402
265,7,executive,13.40249
265,8,did,6.552502
265,9,promote,14.358713
265,10,the,1.773383
265,11,secretary,16.910374
265,12,last,17.689707
265,13,week,6.725972
265,14,.,2.625386
265,15,<eos>,-0.0
266,0,They,0.0
266,1,recalled,12.997755
266,2,who,10.332471
266,3,the,6.027031
266,4,journalist,12.36129
266,5,believed,7.516238
266,6,did,8.624109
266,7,promote,14.40821
266,8,the,1.549616
266,9,secretary,17.194105
266,10,last,17.355087
266,11,week,6.341475
266,12,.,2.042727
266,13,<eos>,-0.0
267,0,They,0.0
267,1,recalled,12.997755
267,2,who,10.332471
267,3,the,6.027031
267,4,journalist,12.36129
267,5,believed,7.516238
267,6,the,4.799472
267,7,executive,13.667272
267,8,did,6.69202
267,9,promote,15.470985
267,10,the,2.512775
267,11,secretary,16.334574
267,12,last,17.513086
267,13,week,6.034706
267,14,.,2.010884
267,15,<eos>,-0.0
268,0,They,0.0
268,1,recalled,12.997755
268,2,that,3.338919
268,3,the,2.030145
268,4,journalist,13.485086
268,5,believed,7.979033
268,6,the,3.037402
268,7,transcript,15.067469
268,8,stated,12.335481
268,9,did,12.039689
268,10,promote,16.957291
268,11,the,1.523358
268,12,secretary,16.545416
268,13,last,17.773954
268,14,week,5.670506
268,15,.,2.406101
268,16,<eos>,-0.0
269,0,They,0.0
269,1,recalled,12.997755
269,2,that,3.338919
269,3,the,2.030145
269,4,journalist,13.485086
269,5,believed,7.979033
269,6,the,3.037402
269,7,transcript,15.067469
269,8,stated,12.335481
269,9,the,4.754131
269,10,executive,12.855974
269,11,did,6.041014
269,12,promote,15.287059
269,13,the,1.453423
269,14,secretary,15.721033
269,15,last,17.551634
269,16,week,5.478532
269,17,.,2.26127
269,18,<eos>,-0.0
270,0,They,0.0
270,1,recalled,12.997755
270,2,who,10.332471
270,3,the,6.027031
270,4,journalist,12.36129
270,5,believed,7.516238
270,6,the,4.799472
270,7,transcript,16.581964
270,8,stated,13.569575
270,9,did,8.81947
270,10,promote,17.025433
270,11,the,1.711425
270,12,secretary,16.67959
270,13,last,17.794058
270,14,week,5.711056
270,15,.,1.980352
270,16,<eos>,-0.0
271,0,They,0.0
271,1,recalled,12.997755
271,2,who,10.332471
271,3,the,6.027031
271,4,journalist,12.36129
271,5,believed,7.516238
271,6,the,4.799472
271,7,transcript,16.581964
271,8,stated,13.569575
271,9,the,6.595182
271,10,executive,13.850712
271,11,did,6.313732
271,12,promote,15.393909
271,13,the,2.374845
271,14,secretary,14.714193
271,15,last,17.342249
271,16,week,4.993057
271,17,.,1.858153
271,18,<eos>,-0.0
272,0,They,0.0
272,1,recalled,12.997755
272,2,that,3.338919
272,3,the,2.030145
272,4,journalist,13.485086
272,5,believed,7.979033
272,6,the,3.037402
272,7,transcript,15.067469
272,8,stated,12.335481
272,9,he,6.945508
272,10,knew,6.344458
272,11,did,13.499683
272,12,promote,16.168255
272,13,the,1.660132
272,14,secretary,15.765514
272,15,last,16.605005
272,16,week,5.658023
272,17,.,2.111501
272,18,<eos>,-0.0
273,0,They,0.0
273,1,recalled,12.997755
273,2,that,3.338919
273,3,the,2.030145
273,4,journalist,13.485086
273,5,believed,7.979033
273,6,the,3.037402
273,7,transcript,15.067469
273,8,stated,12.335481
273,9,he,6.945508
273,10,knew,6.344458
273,11,the,2.833753
273,12,executive,13.983077
273,13,did,7.039456
273,14,promote,15.485456
273,15,the,1.624066
273,16,secretary,15.370609
273,17,last,17.241076
273,18,week,5.561787
273,19,.,1.914326
273,20,<eos>,-0.0
274,0,They,0.0
274,1,recalled,12.997755
274,2,who,10.332471
274,3,the,6.027031
274,4,journalist,12.36129
274,5,believed,7.516238
274,6,the,4.799472
274,7,transcript,16.581964
274,8,stated,13.569575
274,9,he,7.831147
274,10,knew,5.855851
274,11,did,9.537266
274,12,promote,16.863581
274,13,the,1.931622
274,14,secretary,15.942366
274,15,last,16.749399
274,16,week,5.59954
274,17,.,1.800662
274,18,<eos>,-0.0
275,0,They,0.0
275,1,recalled,12.997755
275,2,who,10.332471
275,3,the,6.027031
275,4,journalist,12.36129
275,5,believed,7.516238
275,6,the,4.799472
275,7,transcript,16.581964
275,8,stated,13.569575
275,9,he,7.831147
275,10,knew,5.855851
275,11,the,4.079556
275,12,executive,14.062938
275,13,did,7.417735
275,14,promote,15.860168
275,15,the,1.792512
275,16,secretary,14.875902
275,17,last,17.117027
275,18,week,5.327355
275,19,.,1.663015
275,20,<eos>,-0.0
276,0,They,0.0
276,1,recalled,12.997755
276,2,that,3.338919
276,3,the,2.030145
276,4,journalist,13.485086
276,5,believed,7.979033
276,6,the,3.037402
276,7,transcript,15.067469
276,8,stated,12.335481
276,9,he,6.945508
276,10,knew,6.344458
276,11,did,13.499683
276,12,promote,16.168255
276,13,the,1.660132
276,14,secretary,15.765514
276,15,last,16.605005
276,16,week,5.658023
276,17,.,2.111501
276,18,<eos>,-0.0
277,0,They,0.0
277,1,recalled,12.997755
277,2,that,3.338919
277,3,the,2.030145
277,4,journalist,13.485086
277,5,believed,7.979033
277,6,the,3.037402
277,7,transcript,15.067469
277,8,stated,12.335481
277,9,he,6.945508
277,10,knew,6.344458
277,11,the,2.833753
277,12,executive,13.983077
277,13,did,7.039456
277,14,promote,15.485456
277,15,the,1.624066
277,16,secretary,15.370609
277,17,last,17.241076
277,18,week,5.561787
277,19,.,1.914326
277,20,<eos>,-0.0
278,0,They,0.0
278,1,recalled,12.997755
278,2,who,10.332471
278,3,the,6.027031
278,4,journalist,12.36129
278,5,believed,7.516238
278,6,the,4.799472
278,7,transcript,16.581964
278,8,stated,13.569575
278,9,he,7.831147
278,10,knew,5.855851
278,11,did,9.537266
278,12,promote,16.863581
278,13,the,1.931622
278,14,secretary,15.942366
278,15,last,16.749399
278,16,week,5.59954
278,17,.,1.800662
278,18,<eos>,-0.0
279,0,They,0.0
279,1,recalled,12.997755
279,2,who,10.332471
279,3,the,6.027031
279,4,journalist,12.36129
279,5,believed,7.516238
279,6,the,4.799472
279,7,transcript,16.581964
279,8,stated,13.569575
279,9,he,7.831147
279,10,knew,5.855851
279,11,the,4.079556
279,12,executive,14.062938
279,13,did,7.417735
279,14,promote,15.860168
279,15,the,1.792512
279,16,secretary,14.875902
279,17,last,17.117027
279,18,week,5.327355
279,19,.,1.663015
279,20,<eos>,-0.0
280,0,They,0.0
280,1,reported,10.412453
280,2,that,1.780984
280,3,could,14.058225
280,4,have,3.326235
280,5,abandoned,12.900823
280,6,the,0.990332
280,7,children,11.06514
280,8,on,6.751023
280,9,the,1.277786
280,10,side,8.196645
280,11,of,0.51911
280,12,the,0.544827
280,13,road,5.867129
280,14,.,1.537194
280,15,<eos>,-0.0
281,0,They,0.0
281,1,reported,10.412453
281,2,that,1.780984
281,3,the,1.89322
281,4,woman,10.361056
281,5,could,5.165995
281,6,have,3.687301
281,7,abandoned,10.376365
281,8,the,1.695622
281,9,children,8.24826
281,10,on,6.605522
281,11,the,1.41895
281,12,side,8.19127
281,13,of,0.55292
281,14,the,0.765653
281,15,road,5.741944
281,16,.,1.705615
281,17,<eos>,-0.0
282,0,They,0.0
282,1,reported,10.412453
282,2,who,11.821813
282,3,could,6.14351
282,4,have,3.424369
282,5,abandoned,10.729537
282,6,the,1.202892
282,7,children,10.520028
282,8,on,6.266282
282,9,the,1.357738
282,10,side,8.130949
282,11,of,0.589053
282,12,the,0.554054
282,13,road,5.960865
282,14,.,1.40689
282,15,<eos>,-0.0
283,0,They,0.0
283,1,reported,10.412453
283,2,who,11.821813
283,3,the,7.229744
283,4,woman,10.843506
283,5,could,5.082558
283,6,have,3.228012
283,7,abandoned,11.472451
283,8,the,5.028025
283,9,children,7.857153
283,10,on,6.430315
283,11,the,1.420858
283,12,side,7.941077
283,13,of,0.696283
283,14,the,0.805835
283,15,road,5.630572
283,16,.,1.431104
283,17,<eos>,-0.0
284,0,They,0.0
284,1,reported,10.412453
284,2,that,1.780984
284,3,the,1.89322
284,4,man,9.066194
284,5,claimed,9.762106
284,6,could,10.719499
284,7,have,1.60184
284,8,abandoned,11.100284
284,9,the,1.394973
284,10,children,10.027183
284,11,on,6.621485
284,12,the,1.405958
284,13,side,8.000558
284,14,of,0.54387
284,15,the,0.674589
284,16,road,5.764983
284,17,.,1.674888
284,18,<eos>,-0.0
285,0,They,0.0
285,1,reported,10.412453
285,2,that,1.780984
285,3,the,1.89322
285,4,man,9.066194
285,5,claimed,9.762106
285,6,the,4.313329
285,7,woman,10.159692
285,8,could,5.776047
285,9,have,2.740089
285,10,abandoned,10.518526
285,11,the,1.732996
285,12,children,8.432811
285,13,on,6.721246
285,14,the,1.40396
285,15,side,8.307312
285,16,of,0.617766
285,17,the,0.712273
285,18,road,5.815547
285,19,.,1.538438
285,20,<eos>,-0.0
286,0,They,0.0
286,1,reported,10.412453
286,2,who,11.821813
286,3,the,7.229744
286,4,man,8.530405
286,5,claimed,7.967816
286,6,could,8.247732
286,7,have,1.790868
286,8,abandoned,11.423995
286,9,the,1.575771
286,10,children,10.184153
286,11,on,6.647558
286,12,the,1.355583
286,13,side,7.936718
286,14,of,0.61148
286,15,the,0.632445
286,16,road,5.538292
286,17,.,1.313109
286,18,<eos>,-0.0
287,0,They,0.0
287,1,reported,10.412453
287,2,who,11.821813
287,3,the,7.229744
287,4,man,8.530405
287,5,claimed,7.967816
287,6,the,5.755399
287,7,woman,10.228609
287,8,could,5.281514
287,9,have,2.285964
287,10,abandoned,11.18569
287,11,the,6.277283
287,12,children,8.215267
287,13,on,6.448706
287,14,the,1.375222
287,15,side,8.16454
287,16,of,0.715332
287,17,the,0.725457
287,18,road,5.467348
287,19,.,1.276962
287,20,<eos>,-0.0
288,0,They,0.0
288,1,reported,10.412453
288,2,that,1.780984
288,3,the,1.89322
288,4,man,9.066194
288,5,claimed,9.762106
288,6,his,6.439161
288,7,friend,8.787395
288,8,believed,10.630734
288,9,could,14.884471
288,10,have,2.336589
288,11,abandoned,11.719803
288,12,the,1.554718
288,13,children,9.49609
288,14,on,7.156621
288,15,the,1.313706
288,16,side,7.756274
288,17,of,0.59459
288,18,the,0.643749
288,19,road,6.377586
288,20,.,1.145311
288,21,<eos>,-0.0
289,0,They,0.0
289,1,reported,10.412453
289,2,that,1.780984
289,3,the,1.89322
289,4,man,9.066194
289,5,claimed,9.762106
289,6,his,6.439161
289,7,friend,8.787395
289,8,believed,10.630734
289,9,the,3.650414
289,10,woman,8.981297
289,11,could,5.00632
289,12,have,2.665737
289,13,abandoned,10.239482
289,14,the,1.864851
289,15,children,8.177273
289,16,on,7.119916
289,17,the,1.43706
289,18,side,8.020662
289,19,of,0.619977
289,20,the,0.762611
289,21,road,6.23956
289,22,.,1.265823
289,23,<eos>,-0.0
290,0,They,0.0
290,1,reported,10.412453
290,2,who,11.821813
290,3,the,7.229744
290,4,man,8.530405
290,5,claimed,7.967816
290,6,his,8.510571
290,7,friend,8.914406
290,8,believed,8.889361
290,9,could,7.891204
290,10,have,2.835254
290,11,abandoned,12.474063
290,12,the,1.855165
290,13,children,9.63804
290,14,on,7.267908
290,15,the,1.246366
290,16,side,7.528615
290,17,of,0.681988
290,18,the,0.606935
290,19,road,5.962111
290,20,.,1.001019
290,21,<eos>,-0.0
291,0,They,0.0
291,1,reported,10.412453
291,2,who,11.821813
291,3,the,7.229744
291,4,man,8.530405
291,5,claimed,7.967816
291,6,his,8.510571
291,7,friend,8.914406
291,8,believed,8.889361
291,9,the,5.130508
291,10,woman,9.270539
291,11,could,4.544299
291,12,have,2.432411
291,13,abandoned,10.93481
291,14,the,5.790554
291,15,children,8.148459
291,16,on,6.886941
291,17,the,1.390763
291,18,side,7.797982
291,19,of,0.749564
291,20,the,0.759596
291,21,road,5.617103
291,22,.,1.064081
291,23,<eos>,-0.0
292,0,They,0.0
292,1,reported,10.412453
292,2,that,1.780984
292,3,the,1.89322
292,4,man,9.066194
292,5,claimed,9.762106
292,6,his,6.439161
292,7,friend,8.787395
292,8,believed,10.630734
292,9,he,2.807325
292,10,knew,7.862577
292,11,could,12.891825
292,12,have,2.86411
292,13,abandoned,11.603827
292,14,the,1.908715
292,15,children,9.53967
292,16,on,7.169491
292,17,the,1.362541
292,18,side,7.765513
292,19,of,0.665323
292,20,the,0.662054
292,21,road,6.28315
292,22,.,1.010451
292,23,<eos>,-0.0
293,0,They,0.0
293,1,reported,10.412453
293,2,that,1.780984
293,3,the,1.89322
293,4,man,9.066194
293,5,claimed,9.762106
293,6,his,6.439161
293,7,friend,8.787395
293,8,believed,10.630734
293,9,he,2.807325
293,10,knew,7.862577
293,11,the,2.6214
293,12,woman,8.62933
293,13,could,6.089089
293,14,have,3.09743
293,15,abandoned,10.734077
293,16,the,1.931502
293,17,children,8.066599
293,18,on,7.374355
293,19,the,1.332883
293,20,side,7.994432
293,21,of,0.720541
293,22,the,0.672415
293,23,road,6.33746
293,24,.,0.924223
293,25,<eos>,-0.0
294,0,They,0.0
294,1,reported,10.412453
294,2,who,11.821813
294,3,the,7.229744
294,4,man,8.530405
294,5,claimed,7.967816
294,6,his,8.510571
294,7,friend,8.914406
294,8,believed,8.889361
294,9,he,4.597615
294,10,knew,6.585114
294,11,could,8.525319
294,12,have,2.785441
294,13,abandoned,12.189401
294,14,the,2.577268
294,15,children,9.560448
294,16,on,7.055095
294,17,the,1.289218
294,18,side,7.636781
294,19,of,0.756077
294,20,the,0.662093
294,21,road,5.784579
294,22,.,0.902921
294,23,<eos>,-0.0
295,0,They,0.0
295,1,reported,10.412453
295,2,who,11.821813
295,3,the,7.229744
295,4,man,8.530405
295,5,claimed,7.967816
295,6,his,8.510571
295,7,friend,8.914406
295,8,believed,8.889361
295,9,he,4.597615
295,10,knew,6.585114
295,11,the,4.817988
295,12,woman,8.425832
295,13,could,5.738644
295,14,have,2.881041
295,15,abandoned,11.74614
295,16,the,6.03711
295,17,children,8.060187
295,18,on,7.031886
295,19,the,1.314511
295,20,side,7.820482
295,21,of,0.845259
295,22,the,0.705999
295,23,road,5.785781
295,24,.,0.920953
295,25,<eos>,-0.0
296,0,They,0.0
296,1,reported,10.412453
296,2,that,1.780984
296,3,the,1.89322
296,4,man,9.066194
296,5,claimed,9.762106
296,6,his,6.439161
296,7,friend,8.787395
296,8,believed,10.630734
296,9,he,2.807325
296,10,knew,7.862577
296,11,could,12.891825
296,12,have,2.86411
296,13,abandoned,11.603827
296,14,the,1.908715
296,15,children,9.53967
296,16,on,7.169491
296,17,the,1.362541
296,18,side,7.765513
296,19,of,0.665323
296,20,the,0.662054
296,21,road,6.28315
296,22,.,1.010451
296,23,<eos>,-0.0
297,0,They,0.0
297,1,reported,10.412453
297,2,that,1.780984
297,3,the,1.89322
297,4,man,9.066194
297,5,claimed,9.762106
297,6,his,6.439161
297,7,friend,8.787395
297,8,believed,10.630734
297,9,he,2.807325
297,10,knew,7.862577
297,11,the,2.6214
297,12,woman,8.62933
297,13,could,6.089089
297,14,have,3.09743
297,15,abandoned,10.734077
297,16,the,1.931502
297,17,children,8.066599
297,18,on,7.374355
297,19,the,1.332883
297,20,side,7.994432
297,21,of,0.720541
297,22,the,0.672415
297,23,road,6.33746
297,24,.,0.924223
297,25,<eos>,-0.0
298,0,They,0.0
298,1,reported,10.412453
298,2,who,11.821813
298,3,the,7.229744
298,4,man,8.530405
298,5,claimed,7.967816
298,6,his,8.510571
298,7,friend,8.914406
298,8,believed,8.889361
298,9,he,4.597615
298,10,knew,6.585114
298,11,could,8.525319
298,12,have,2.785441
298,13,abandoned,12.189401
298,14,the,2.577268
298,15,children,9.560448
298,16,on,7.055095
298,17,the,1.289218
298,18,side,7.636781
298,19,of,0.756077
298,20,the,0.662093
298,21,road,5.784579
298,22,.,0.902921
298,23,<eos>,-0.0
299,0,They,0.0
299,1,reported,10.412453
299,2,who,11.821813
299,3,the,7.229744
299,4,man,8.530405
299,5,claimed,7.967816
299,6,his,8.510571
299,7,friend,8.914406
299,8,believed,8.889361
299,9,he,4.597615
299,10,knew,6.585114
299,11,the,4.817988
299,12,woman,8.425832
299,13,could,5.738644
299,14,have,2.881041
299,15,abandoned,11.74614
299,16,the,6.03711
299,17,children,8.060187
299,18,on,7.031886
299,19,the,1.314511
299,20,side,7.820482
299,21,of,0.845259
299,22,the,0.705999
299,23,road,5.785781
299,24,.,0.920953
299,25,<eos>,-0.0
300,0,He,0.0
300,1,reported,10.835539
300,2,that,1.868976
300,3,might,16.126587
300,4,have,1.341476
300,5,reassured,19.038073
300,6,the,1.346263
300,7,patient,11.716314
300,8,before,10.710935
300,9,surgery,13.116795
300,10,.,1.797263
300,11,<eos>,-0.0
301,0,He,0.0
301,1,reported,10.835539
301,2,that,1.868976
301,3,the,2.223669
301,4,doctor,11.944619
301,5,might,8.521718
301,6,have,1.486709
301,7,reassured,16.154074
301,8,the,1.912193
301,9,patient,6.184828
301,10,before,11.280531
301,11,surgery,12.261304
301,12,.,2.529024
301,13,<eos>,-0.0
302,0,He,0.0
302,1,reported,10.835539
302,2,who,12.096594
302,3,might,9.889398
302,4,have,0.92301
302,5,reassured,16.72716
302,6,the,1.25396
302,7,patient,11.748589
302,8,before,9.811016
302,9,surgery,14.099593
302,10,.,1.615871
302,11,<eos>,-0.0
303,0,He,0.0
303,1,reported,10.835539
303,2,who,12.096594
303,3,the,7.066419
303,4,doctor,11.119875
303,5,might,8.834705
303,6,have,1.091019
303,7,reassured,15.625219
303,8,the,2.374925
303,9,patient,6.980563
303,10,before,7.7488
303,11,surgery,12.159586
303,12,.,1.445754
303,13,<eos>,-0.0
304,0,He,0.0
304,1,reported,10.835539
304,2,that,1.868976
304,3,the,2.223669
304,4,nurse,15.892121
304,5,believed,8.027464
304,6,might,14.766487
304,7,have,1.392017
304,8,reassured,19.524998
304,9,the,1.522878
304,10,patient,6.210467
304,11,before,10.932097
304,12,surgery,11.246696
304,13,.,1.696575
304,14,<eos>,-0.0
305,0,He,0.0
305,1,reported,10.835539
305,2,that,1.868976
305,3,the,2.223669
305,4,nurse,15.892121
305,5,believed,8.027464
305,6,the,3.095429
305,7,doctor,7.07002
305,8,might,7.825367
305,9,have,1.134137
305,10,reassured,16.585514
305,11,the,1.803565
305,12,patient,4.367193
305,13,before,10.998373
305,14,surgery,11.147004
305,15,.,1.99055
305,16,<eos>,-0.0
306,0,He,0.0
306,1,reported,10.835539
306,2,who,12.096594
306,3,the,7.066419
306,4,nurse,13.47795
306,5,believed,7.818784
306,6,might,9.256208
306,7,have,1.365561
306,8,reassured,18.586437
306,9,the,1.673343
306,10,patient,6.992712
306,11,before,10.198192
306,12,surgery,12.055187
306,13,.,1.116644
306,14,<eos>,-0.0
307,0,He,0.0
307,1,reported,10.835539
307,2,who,12.096594
307,3,the,7.066419
307,4,nurse,13.47795
307,5,believed,7.818784
307,6,the,4.722638
307,7,doctor,8.04127
307,8,might,7.819611
307,9,have,1.048279
307,10,reassured,16.44994
307,11,the,2.120043
307,12,patient,4.349356
307,13,before,8.910148
307,14,surgery,11.281474
307,15,.,1.148188
307,16,<eos>,-0.0
308,0,He,0.0
308,1,reported,10.835539
308,2,that,1.868976
308,3,the,2.223669
308,4,nurse,15.892121
308,5,believed,8.027464
308,6,the,3.095429
308,7,woman,7.415483
308,8,thought,13.29788
308,9,might,11.55195
308,10,have,1.336949
308,11,reassured,19.194935
308,12,the,2.039967
308,13,patient,6.510705
308,14,before,9.878925
308,15,surgery,11.786511
308,16,.,1.475341
308,17,<eos>,-0.0
309,0,He,0.0
309,1,reported,10.835539
309,2,that,1.868976
309,3,the,2.223669
309,4,nurse,15.892121
309,5,believed,8.027464
309,6,the,3.095429
309,7,woman,7.415483
309,8,thought,13.29788
309,9,the,3.952072
309,10,doctor,8.55373
309,11,might,7.000101
309,12,have,1.182555
309,13,reassured,16.548168
309,14,the,2.155164
309,15,patient,4.992002
309,16,before,9.874851
309,17,surgery,11.150893
309,18,.,1.16687
309,19,<eos>,-0.0
310,0,He,0.0
310,1,reported,10.835539
310,2,who,12.096594
310,3,the,7.066419
310,4,nurse,13.47795
310,5,believed,7.818784
310,6,the,4.722638
310,7,woman,8.04246
310,8,thought,12.555925
310,9,might,9.182378
310,10,have,1.49447
310,11,reassured,19.619455
310,12,the,2.038103
310,13,patient,6.960548
310,14,before,9.767484
310,15,surgery,12.146934
310,16,.,0.990089
310,17,<eos>,-0.0
311,0,He,0.0
311,1,reported,10.835539
311,2,who,12.096594
311,3,the,7.066419
311,4,nurse,13.47795
311,5,believed,7.818784
311,6,the,4.722638
311,7,woman,8.04246
311,8,thought,12.555925
311,9,the,4.973783
311,10,doctor,9.14626
311,11,might,7.334617
311,12,have,1.130771
311,13,reassured,16.66703
311,14,the,2.246248
311,15,patient,5.053223
311,16,before,9.215875
311,17,surgery,11.378939
311,18,.,0.926117
311,19,<eos>,-0.0
312,0,He,0.0
312,1,reported,10.835539
312,2,that,1.868976
312,3,the,2.223669
312,4,nurse,15.892121
312,5,believed,8.027464
312,6,the,3.095429
312,7,woman,7.415483
312,8,thought,13.29788
312,9,she,4.288048
312,10,recalled,18.39193
312,11,might,15.161602
312,12,have,1.999657
312,13,reassured,18.029505
312,14,the,2.503899
312,15,patient,6.777742
312,16,before,9.306762
312,17,surgery,12.386606
312,18,.,0.986403
312,19,<eos>,-0.0
313,0,He,0.0
313,1,reported,10.835539
313,2,that,1.868976
313,3,the,2.223669
313,4,nurse,15.892121
313,5,believed,8.027464
313,6,the,3.095429
313,7,woman,7.415483
313,8,thought,13.29788
313,9,she,4.288048
313,10,recalled,18.39193
313,11,the,2.507024
313,12,doctor,9.358582
313,13,might,10.678726
313,14,have,1.542663
313,15,reassured,16.103315
313,16,the,2.555289
313,17,patient,4.927111
313,18,before,9.864203
313,19,surgery,11.571019
313,20,.,1.006217
313,21,<eos>,-0.0
314,0,He,0.0
314,1,reported,10.835539
314,2,who,12.096594
314,3,the,7.066419
314,4,nurse,13.47795
314,5,believed,7.818784
314,6,the,4.722638
314,7,woman,8.04246
314,8,thought,12.555925
314,9,she,4.466629
314,10,recalled,17.978472
314,11,might,14.805333
314,12,have,1.998173
314,13,reassured,18.243498
314,14,the,2.614911
314,15,patient,7.138137
314,16,before,9.126609
314,17,surgery,12.634997
314,18,.,0.839597
314,19,<eos>,-0.0
315,0,He,0.0
315,1,reported,10.835539
315,2,who,12.096594
315,3,the,7.066419
315,4,nurse,13.47795
315,5,believed,7.818784
315,6,the,4.722638
315,7,woman,8.04246
315,8,thought,12.555925
315,9,she,4.466629
315,10,recalled,17.978472
315,11,the,2.603192
315,12,doctor,9.530753
315,13,might,11.029363
315,14,have,1.596177
315,15,reassured,16.021927
315,16,the,2.647074
315,17,patient,5.076648
315,18,before,9.578377
315,19,surgery,11.793665
315,20,.,0.862471
315,21,<eos>,-0.0
316,0,He,0.0
316,1,reported,10.835539
316,2,that,1.868976
316,3,the,2.223669
316,4,nurse,15.892121
316,5,believed,8.027464
316,6,the,3.095429
316,7,woman,7.415483
316,8,thought,13.29788
316,9,she,4.288048
316,10,recalled,18.39193
316,11,might,15.161602
316,12,have,1.999657
316,13,reassured,18.029505
316,14,the,2.503899
316,15,patient,6.777742
316,16,before,9.306762
316,17,surgery,12.386606
316,18,.,0.986403
316,19,<eos>,-0.0
317,0,He,0.0
317,1,reported,10.835539
317,2,that,1.868976
317,3,the,2.223669
317,4,nurse,15.892121
317,5,believed,8.027464
317,6,the,3.095429
317,7,woman,7.415483
317,8,thought,13.29788
317,9,she,4.288048
317,10,recalled,18.39193
317,11,the,2.507024
317,12,doctor,9.358582
317,13,might,10.678726
317,14,have,1.542663
317,15,reassured,16.103315
317,16,the,2.555289
317,17,patient,4.927111
317,18,before,9.864203
317,19,surgery,11.571019
317,20,.,1.006217
317,21,<eos>,-0.0
318,0,He,0.0
318,1,reported,10.835539
318,2,who,12.096594
318,3,the,7.066419
318,4,nurse,13.47795
318,5,believed,7.818784
318,6,the,4.722638
318,7,woman,8.04246
318,8,thought,12.555925
318,9,she,4.466629
318,10,recalled,17.978472
318,11,might,14.805333
318,12,have,1.998173
318,13,reassured,18.243498
318,14,the,2.614911
318,15,patient,7.138137
318,16,before,9.126609
318,17,surgery,12.634997
318,18,.,0.839597
318,19,<eos>,-0.0
319,0,He,0.0
319,1,reported,10.835539
319,2,who,12.096594
319,3,the,7.066419
319,4,nurse,13.47795
319,5,believed,7.818784
319,6,the,4.722638
319,7,woman,8.04246
319,8,thought,12.555925
319,9,she,4.466629
319,10,recalled,17.978472
319,11,the,2.603192
319,12,doctor,9.530753
319,13,might,11.029363
319,14,have,1.596177
319,15,reassured,16.021927
319,16,the,2.647074
319,17,patient,5.076648
319,18,before,9.578377
319,19,surgery,11.793665
319,20,.,0.862471
319,21,<eos>,-0.0
320,0,They,0.0
320,1,know,9.486106
320,2,that,2.169621
320,3,should,13.847187
320,4,thank,15.168124
320,5,the,3.487263
320,6,tailor,16.779858
320,7,on,9.153066
320,8,the,1.681751
320,9,street,8.380177
320,10,.,3.28915
320,11,<eos>,-0.0
321,0,They,0.0
321,1,know,9.486106
321,2,that,2.169621
321,3,the,1.87231
321,4,old,8.727534
321,5,man,4.021544
321,6,should,7.361382
321,7,thank,14.941026
321,8,the,2.304209
321,9,tailor,16.554508
321,10,on,9.845545
321,11,the,2.176723
321,12,street,6.897723
321,13,.,2.017163
321,14,<eos>,-0.0
322,0,They,0.0
322,1,know,9.486106
322,2,who,7.200986
322,3,should,7.420847
322,4,thank,12.796406
322,5,the,2.365031
322,6,tailor,17.127005
322,7,on,9.897567
322,8,the,2.07412
322,9,street,7.425863
322,10,.,1.220416
322,11,<eos>,-0.0
323,0,They,0.0
323,1,know,9.486106
323,2,who,7.200986
323,3,the,4.435805
323,4,old,8.518284
323,5,man,2.833038
323,6,should,6.996066
323,7,thank,15.382037
323,8,the,4.491734
323,9,tailor,16.915615
323,10,on,8.780047
323,11,the,2.161576
323,12,street,6.633229
323,13,.,1.186169
323,14,<eos>,-0.0
324,0,They,0.0
324,1,know,9.486106
324,2,that,2.169621
324,3,the,1.87231
324,4,nurse,15.349316
324,5,said,9.484548
324,6,should,12.978274
324,7,thank,12.025599
324,8,the,2.333005
324,9,tailor,16.439188
324,10,on,9.271621
324,11,the,1.976945
324,12,street,8.254836
324,13,.,2.059917
324,14,<eos>,-0.0
325,0,They,0.0
325,1,know,9.486106
325,2,that,2.169621
325,3,the,1.87231
325,4,nurse,15.349316
325,5,said,9.484548
325,6,the,3.415496
325,7,old,9.875656
325,8,man,2.707866
325,9,should,7.060599
325,10,thank,13.912034
325,11,the,2.552171
325,12,tailor,15.603149
325,13,on,9.594709
325,14,the,2.083378
325,15,street,7.096071
325,16,.,1.694205
325,17,<eos>,-0.0
326,0,They,0.0
326,1,know,9.486106
326,2,who,7.200986
326,3,the,4.435805
326,4,nurse,14.006237
326,5,said,8.596837
326,6,should,8.496163
326,7,thank,14.471762
326,8,the,2.876397
326,9,tailor,16.22201
326,10,on,8.780179
326,11,the,1.780613
326,12,street,8.055208
326,13,.,1.072204
326,14,<eos>,-0.0
327,0,They,0.0
327,1,know,9.486106
327,2,who,7.200986
327,3,the,4.435805
327,4,nurse,14.006237
327,5,said,8.596837
327,6,the,5.457362
327,7,old,9.671574
327,8,man,3.016515
327,9,should,8.043793
327,10,thank,14.171019
327,11,the,5.407084
327,12,tailor,15.38083
327,13,on,8.508239
327,14,the,2.084591
327,15,street,6.603173
327,16,.,1.111989
327,17,<eos>,-0.0
328,0,They,0.0
328,1,know,9.486106
328,2,that,2.169621
328,3,the,1.87231
328,4,nurse,15.349316
328,5,said,9.484548
328,6,the,3.415496
328,7,assistant,13.031377
328,8,knew,8.97716
328,9,should,12.339161
328,10,thank,13.267755
328,11,the,2.499368
328,12,tailor,15.80044
328,13,on,9.052789
328,14,the,1.77182
328,15,street,7.880855
328,16,.,1.442445
328,17,<eos>,-0.0
329,0,They,0.0
329,1,know,9.486106
329,2,that,2.169621
329,3,the,1.87231
329,4,nurse,15.349316
329,5,said,9.484548
329,6,the,3.415496
329,7,assistant,13.031377
329,8,knew,8.97716
329,9,the,3.486011
329,10,old,9.780485
329,11,man,2.654954
329,12,should,7.117113
329,13,thank,14.058455
329,14,the,2.718525
329,15,tailor,15.304243
329,16,on,9.627499
329,17,the,2.022765
329,18,street,7.30377
329,19,.,1.279824
329,20,<eos>,-0.0
330,0,They,0.0
330,1,know,9.486106
330,2,who,7.200986
330,3,the,4.435805
330,4,nurse,14.006237
330,5,said,8.596837
330,6,the,5.457362
330,7,assistant,13.500447
330,8,knew,10.363278
330,9,should,9.405612
330,10,thank,15.164355
330,11,the,3.190217
330,12,tailor,16.297899
330,13,on,8.913404
330,14,the,1.691842
330,15,street,7.792835
330,16,.,0.877667
330,17,<eos>,-0.0
331,0,They,0.0
331,1,know,9.486106
331,2,who,7.200986
331,3,the,4.435805
331,4,nurse,14.006237
331,5,said,8.596837
331,6,the,5.457362
331,7,assistant,13.500447
331,8,knew,10.363278
331,9,the,4.757461
331,10,old,9.75656
331,11,man,3.003982
331,12,should,8.137298
331,13,thank,14.346679
331,14,the,5.971926
331,15,tailor,15.132725
331,16,on,8.50311
331,17,the,2.047364
331,18,street,6.876507
331,19,.,1.004618
331,20,<eos>,-0.0
332,0,They,0.0
332,1,know,9.486106
332,2,that,2.169621
332,3,the,1.87231
332,4,nurse,15.349316
332,5,said,9.484548
332,6,the,3.415496
332,7,assistant,13.031377
332,8,knew,8.97716
332,9,she,4.521582
332,10,saw,9.135511
332,11,should,17.806454
332,12,thank,12.988511
332,13,the,2.95937
332,14,tailor,16.532125
332,15,on,8.445025
332,16,the,1.896309
332,17,street,7.600045
332,18,.,1.321655
332,19,<eos>,-0.0
333,0,They,0.0
333,1,know,9.486106
333,2,that,2.169621
333,3,the,1.87231
333,4,nurse,15.349316
333,5,said,9.484548
333,6,the,3.415496
333,7,assistant,13.031377
333,8,knew,8.97716
333,9,she,4.521582
333,10,saw,9.135511
333,11,the,2.342586
333,12,old,9.10722
333,13,man,1.969306
333,14,should,9.888121
333,15,thank,13.858439
333,16,the,3.063682
333,17,tailor,15.715001
333,18,on,9.547084
333,19,the,2.093927
333,20,street,6.942862
333,21,.,1.166456
333,22,<eos>,-0.0
334,0,They,0.0
334,1,know,9.486106
334,2,who,7.200986
334,3,the,4.435805
334,4,nurse,14.006237
334,5,said,8.596837
334,6,the,5.457362
334,7,assistant,13.500447
334,8,knew,10.363278
334,9,she,7.185827
334,10,saw,8.061423
334,11,should,12.843304
334,12,thank,14.578791
334,13,the,3.045644
334,14,tailor,16.124603
334,15,on,9.199913
334,16,the,1.793778
334,17,street,7.573429
334,18,.,0.964257
334,19,<eos>,-0.0
335,0,They,0.0
335,1,know,9.486106
335,2,who,7.200986
335,3,the,4.435805
335,4,nurse,14.006237
335,5,said,8.596837
335,6,the,5.457362
335,7,assistant,13.500447
335,8,knew,10.363278
335,9,she,7.185827
335,10,saw,8.061423
335,11,the,4.797471
335,12,old,9.123753
335,13,man,2.162726
335,14,should,10.926419
335,15,thank,13.872296
335,16,the,3.091059
335,17,tailor,15.631693
335,18,on,9.605634
335,19,the,2.024915
335,20,street,6.757061
335,21,.,0.997215
335,22,<eos>,-0.0
336,0,They,0.0
336,1,know,9.486106
336,2,that,2.169621
336,3,the,1.87231
336,4,nurse,15.349316
336,5,said,9.484548
336,6,the,3.415496
336,7,assistant,13.031377
336,8,knew,8.97716
336,9,she,4.521582
336,10,saw,9.135511
336,11,should,17.806454
336,12,thank,12.988511
336,13,the,2.95937
336,14,tailor,16.532125
336,15,on,8.445025
336,16,the,1.896309
336,17,street,7.600045
336,18,.,1.321655
336,19,<eos>,-0.0
337,0,They,0.0
337,1,know,9.486106
337,2,that,2.169621
337,3,the,1.87231
337,4,nurse,15.349316
337,5,said,9.484548
337,6,the,3.415496
337,7,assistant,13.031377
337,8,knew,8.97716
337,9,she,4.521582
337,10,saw,9.135511
337,11,the,2.342586
337,12,old,9.10722
337,13,man,1.969306
337,14,should,9.888121
337,15,thank,13.858439
337,16,the,3.063682
337,17,tailor,15.715001
337,18,on,9.547084
337,19,the,2.093927
337,20,street,6.942862
337,21,.,1.166456
337,22,<eos>,-0.0
338,0,They,0.0
338,1,know,9.486106
338,2,who,7.200986
338,3,the,4.435805
338,4,nurse,14.006237
338,5,said,8.596837
338,6,the,5.457362
338,7,assistant,13.500447
338,8,knew,10.363278
338,9,she,7.185827
338,10,saw,8.061423
338,11,should,12.843304
338,12,thank,14.578791
338,13,the,3.045644
338,14,tailor,16.124603
338,15,on,9.199913
338,16,the,1.793778
338,17,street,7.573429
338,18,.,0.964257
338,19,<eos>,-0.0
339,0,They,0.0
339,1,know,9.486106
339,2,who,7.200986
339,3,the,4.435805
339,4,nurse,14.006237
339,5,said,8.596837
339,6,the,5.457362
339,7,assistant,13.500447
339,8,knew,10.363278
339,9,she,7.185827
339,10,saw,8.061423
339,11,the,4.797471
339,12,old,9.123753
339,13,man,2.162726
339,14,should,10.926419
339,15,thank,13.872296
339,16,the,3.091059
339,17,tailor,15.631693
339,18,on,9.605634
339,19,the,2.024915
339,20,street,6.757061
339,21,.,0.997215
339,22,<eos>,-0.0
340,0,She,0.0
340,1,knows,11.608641
340,2,that,2.279035
340,3,did,15.223252
340,4,interrogate,22.746347
340,5,the,3.759558
340,6,criminal,10.150945
340,7,last,13.660929
340,8,night,6.176662
340,9,.,1.8775
340,10,<eos>,-0.0
341,0,She,0.0
341,1,knows,11.608641
341,2,that,2.279035
341,3,the,2.521865
341,4,inspectors,18.195784
341,5,did,6.972256
341,6,interrogate,19.471254
341,7,the,3.14748
341,8,criminal,9.087907
341,9,last,16.306246
341,10,night,6.277591
341,11,.,1.752381
341,12,<eos>,-0.0
342,0,She,0.0
342,1,knows,11.608641
342,2,who,6.4446
342,3,did,8.869591
342,4,interrogate,20.065393
342,5,the,3.030668
342,6,criminal,10.550487
342,7,last,12.931459
342,8,night,5.191298
342,9,.,1.620609
342,10,<eos>,-0.0
343,0,She,0.0
343,1,knows,11.608641
343,2,who,6.4446
343,3,the,4.386521
343,4,inspectors,18.939186
343,5,did,7.717991
343,6,interrogate,19.118734
343,7,the,3.168053
343,8,criminal,9.629626
343,9,last,13.973042
343,10,night,4.365781
343,11,.,1.534286
343,12,<eos>,-0.0
344,0,She,0.0
344,1,knows,11.608641
344,2,that,2.279035
344,3,the,2.521865
344,4,police,8.671293
344,5,said,11.493026
344,6,did,16.430706
344,7,interrogate,18.366428
344,8,the,3.439849
344,9,criminal,8.517596
344,10,last,15.778401
344,11,night,4.749039
344,12,.,1.666441
344,13,<eos>,-0.0
345,0,She,0.0
345,1,knows,11.608641
345,2,that,2.279035
345,3,the,2.521865
345,4,police,8.671293
345,5,said,11.493026
345,6,the,3.27879
345,7,inspectors,15.062418
345,8,did,5.861258
345,9,interrogate,18.885525
345,10,the,3.367551
345,11,criminal,8.7004
345,12,last,16.584944
345,13,night,5.269303
345,14,.,1.626321
345,15,<eos>,-0.0
346,0,She,0.0
346,1,knows,11.608641
346,2,who,6.4446
346,3,the,4.386521
346,4,police,8.552961
346,5,said,11.06233
346,6,did,10.896111
346,7,interrogate,19.063107
346,8,the,3.148505
346,9,criminal,8.557516
346,10,last,15.900919
346,11,night,4.885358
346,12,.,1.45037
346,13,<eos>,-0.0
347,0,She,0.0
347,1,knows,11.608641
347,2,who,6.4446
347,3,the,4.386521
347,4,police,8.552961
347,5,said,11.06233
347,6,the,5.427319
347,7,inspectors,15.307302
347,8,did,6.338878
347,9,interrogate,18.974213
347,10,the,3.161845
347,11,criminal,8.782513
347,12,last,15.477867
347,13,night,4.267429
347,14,.,1.41399
347,15,<eos>,-0.0
348,0,She,0.0
348,1,knows,11.608641
348,2,that,2.279035
348,3,the,2.521865
348,4,police,8.671293
348,5,said,11.493026
348,6,the,3.27879
348,7,detective,10.037692
348,8,believed,9.354922
348,9,did,15.083396
348,10,interrogate,16.165146
348,11,the,3.229184
348,12,criminal,7.712204
348,13,last,16.289936
348,14,night,4.434427
348,15,.,1.429878
348,16,<eos>,-0.0
349,0,She,0.0
349,1,knows,11.608641
349,2,that,2.279035
349,3,the,2.521865
349,4,police,8.671293
349,5,said,11.493026
349,6,the,3.27879
349,7,detective,10.037692
349,8,believed,9.354922
349,9,the,2.915163
349,10,inspectors,15.102606
349,11,did,6.205597
349,12,interrogate,17.984278
349,13,the,3.548347
349,14,criminal,8.153203
349,15,last,16.483065
349,16,night,4.955765
349,17,.,1.485644
349,18,<eos>,-0.0
350,0,She,0.0
350,1,knows,11.608641
350,2,who,6.4446
350,3,the,4.386521
350,4,police,8.552961
350,5,said,11.06233
350,6,the,5.427319
350,7,detective,10.120186
350,8,believed,9.412378
350,9,did,10.079405
350,10,interrogate,16.955845
350,11,the,2.989593
350,12,criminal,7.628936
350,13,last,16.109421
350,14,night,4.812174
350,15,.,1.29921
350,16,<eos>,-0.0
351,0,She,0.0
351,1,knows,11.608641
351,2,who,6.4446
351,3,the,4.386521
351,4,police,8.552961
351,5,said,11.06233
351,6,the,5.427319
351,7,detective,10.120186
351,8,believed,9.412378
351,9,the,4.895038
351,10,inspectors,15.666389
351,11,did,6.500911
351,12,interrogate,17.939941
351,13,the,3.273139
351,14,criminal,8.30122
351,15,last,15.531292
351,16,night,4.70208
351,17,.,1.343554
351,18,<eos>,-0.0
352,0,She,0.0
352,1,knows,11.608641
352,2,that,2.279035
352,3,the,2.521865
352,4,police,8.671293
352,5,said,11.493026
352,6,the,3.27879
352,7,detective,10.037692
352,8,believed,9.354922
352,9,he,3.830116
352,10,thought,10.818927
352,11,did,11.251307
352,12,interrogate,17.5742
352,13,the,3.591749
352,14,criminal,7.53175
352,15,last,15.925398
352,16,night,4.255035
352,17,.,1.368808
352,18,<eos>,-0.0
353,0,She,0.0
353,1,knows,11.608641
353,2,that,2.279035
353,3,the,2.521865
353,4,police,8.671293
353,5,said,11.493026
353,6,the,3.27879
353,7,detective,10.037692
353,8,believed,9.354922
353,9,he,3.830116
353,10,thought,10.818927
353,11,the,2.820938
353,12,inspectors,14.674822
353,13,did,5.856333
353,14,interrogate,17.641764
353,15,the,3.893263
353,16,criminal,7.900925
353,17,last,16.353636
353,18,night,4.880177
353,19,.,1.364308
353,20,<eos>,-0.0
354,0,She,0.0
354,1,knows,11.608641
354,2,who,6.4446
354,3,the,4.386521
354,4,police,8.552961
354,5,said,11.06233
354,6,the,5.427319
354,7,detective,10.120186
354,8,believed,9.412378
354,9,he,5.774267
354,10,thought,11.333594
354,11,did,7.603583
354,12,interrogate,18.979471
354,13,the,2.93384
354,14,criminal,7.249846
354,15,last,15.615568
354,16,night,4.687694
354,17,.,1.256079
354,18,<eos>,-0.0
355,0,She,0.0
355,1,knows,11.608641
355,2,who,6.4446
355,3,the,4.386521
355,4,police,8.552961
355,5,said,11.06233
355,6,the,5.427319
355,7,detective,10.120186
355,8,believed,9.412378
355,9,he,5.774267
355,10,thought,11.333594
355,11,the,4.950338
355,12,inspectors,15.126323
355,13,did,5.684773
355,14,interrogate,18.304529
355,15,the,3.333779
355,16,criminal,8.008317
355,17,last,15.705957
355,18,night,4.846416
355,19,.,1.242791
355,20,<eos>,-0.0
356,0,She,0.0
356,1,knows,11.608641
356,2,that,2.279035
356,3,the,2.521865
356,4,police,8.671293
356,5,said,11.493026
356,6,the,3.27879
356,7,detective,10.037692
356,8,believed,9.354922
356,9,he,3.830116
356,10,thought,10.818927
356,11,did,11.251307
356,12,interrogate,17.5742
356,13,the,3.591749
356,14,criminal,7.53175
356,15,last,15.925398
356,16,night,4.255035
356,17,.,1.368808
356,18,<eos>,-0.0
357,0,She,0.0
357,1,knows,11.608641
357,2,that,2.279035
357,3,the,2.521865
357,4,police,8.671293
357,5,said,11.493026
357,6,the,3.27879
357,7,detective,10.037692
357,8,believed,9.354922
357,9,he,3.830116
357,10,thought,10.818927
357,11,the,2.820938
357,12,inspectors,14.674822
357,13,did,5.856333
357,14,interrogate,17.641764
357,15,the,3.893263
357,16,criminal,7.900925
357,17,last,16.353636
357,18,night,4.880177
357,19,.,1.364308
357,20,<eos>,-0.0
358,0,She,0.0
358,1,knows,11.608641
358,2,who,6.4446
358,3,the,4.386521
358,4,police,8.552961
358,5,said,11.06233
358,6,the,5.427319
358,7,detective,10.120186
358,8,believed,9.412378
358,9,he,5.774267
358,10,thought,11.333594
358,11,did,7.603583
358,12,interrogate,18.979471
358,13,the,2.93384
358,14,criminal,7.249846
358,15,last,15.615568
358,16,night,4.687694
358,17,.,1.256079
358,18,<eos>,-0.0
359,0,She,0.0
359,1,knows,11.608641
359,2,who,6.4446
359,3,the,4.386521
359,4,police,8.552961
359,5,said,11.06233
359,6,the,5.427319
359,7,detective,10.120186
359,8,believed,9.412378
359,9,he,5.774267
359,10,thought,11.333594
359,11,the,4.950338
359,12,inspectors,15.126323
359,13,did,5.684773
359,14,interrogate,18.304529
359,15,the,3.333779
359,16,criminal,8.008317
359,17,last,15.705957
359,18,night,4.846416
359,19,.,1.242791
359,20,<eos>,-0.0
360,0,He,0.0
360,1,knows,11.52312
360,2,that,2.297416
360,3,will,11.392435
360,4,wait,12.79012
360,5,for,1.262679
360,6,her,5.541705
360,7,friend,10.12586
360,8,at,8.337816
360,9,the,0.994904
360,10,bus,11.470318
360,11,stop,2.037486
360,12,.,1.737784
360,13,<eos>,-0.0
361,0,He,0.0
361,1,knows,11.52312
361,2,that,2.297416
361,3,the,2.267236
361,4,woman,9.400251
361,5,will,4.667727
361,6,wait,10.908091
361,7,for,1.43752
361,8,her,2.924584
361,9,friend,10.944935
361,10,at,8.310542
361,11,the,0.946514
361,12,bus,10.956336
361,13,stop,2.790584
361,14,.,1.864542
361,15,<eos>,-0.0
362,0,He,0.0
362,1,knows,11.52312
362,2,who,6.622077
362,3,will,5.453275
362,4,wait,11.628619
362,5,for,1.143322
362,6,her,4.616704
362,7,friend,10.558241
362,8,at,8.301971
362,9,the,0.94778
362,10,bus,11.301864
362,11,stop,2.262394
362,12,.,1.521713
362,13,<eos>,-0.0
363,0,He,0.0
363,1,knows,11.52312
363,2,who,6.622077
363,3,the,4.020604
363,4,woman,8.165889
363,5,will,4.678604
363,6,wait,12.362509
363,7,for,1.252718
363,8,her,3.873878
363,9,friend,9.856647
363,10,at,8.50845
363,11,the,0.934281
363,12,bus,11.372665
363,13,stop,2.612802
363,14,.,1.372272
363,15,<eos>,-0.0
364,0,He,0.0
364,1,knows,11.52312
364,2,that,2.297416
364,3,the,2.267236
364,4,man,6.93631
364,5,believed,11.630658
364,6,will,8.166636
364,7,wait,12.162066
364,8,for,1.139364
364,9,her,4.643077
364,10,friend,11.104344
364,11,at,8.489791
364,12,the,0.943593
364,13,bus,11.74773
364,14,stop,2.322881
364,15,.,1.701277
364,16,<eos>,-0.0
365,0,He,0.0
365,1,knows,11.52312
365,2,that,2.297416
365,3,the,2.267236
365,4,man,6.93631
365,5,believed,11.630658
365,6,the,3.694243
365,7,woman,8.545039
365,8,will,5.446786
365,9,wait,12.22813
365,10,for,1.180345
365,11,her,2.926519
365,12,friend,10.876674
365,13,at,8.468145
365,14,the,0.941078
365,15,bus,11.743917
365,16,stop,3.174128
365,17,.,1.713516
365,18,<eos>,-0.0
366,0,He,0.0
366,1,knows,11.52312
366,2,who,6.622077
366,3,the,4.020604
366,4,man,5.863103
366,5,believed,11.256536
366,6,will,6.311781
366,7,wait,11.733374
366,8,for,1.209716
366,9,her,4.603878
366,10,friend,10.532131
366,11,at,8.83572
366,12,the,0.869109
366,13,bus,11.44917
366,14,stop,2.529483
366,15,.,1.407354
366,16,<eos>,-0.0
367,0,He,0.0
367,1,knows,11.52312
367,2,who,6.622077
367,3,the,4.020604
367,4,man,5.863103
367,5,believed,11.256536
367,6,the,5.331831
367,7,woman,8.050152
367,8,will,5.664135
367,9,wait,13.47819
367,10,for,1.066118
367,11,her,3.490253
367,12,friend,9.546586
367,13,at,8.627861
367,14,the,0.898308
367,15,bus,11.864895
367,16,stop,2.84685
367,17,.,1.271693
367,18,<eos>,-0.0
368,0,He,0.0
368,1,knows,11.52312
368,2,that,2.297416
368,3,the,2.267236
368,4,man,6.93631
368,5,believed,11.630658
368,6,the,3.694243
368,7,he,13.400775
368,8,concluded,18.417385
368,9,will,7.803103
368,10,wait,12.351977
368,11,for,1.116028
368,12,her,5.584774
368,13,friend,10.939563
368,14,at,8.848287
368,15,the,0.959703
368,16,bus,11.867578
368,17,stop,2.373289
368,18,.,1.515484
368,19,<eos>,-0.0
369,0,He,0.0
369,1,knows,11.52312
369,2,that,2.297416
369,3,the,2.267236
369,4,man,6.93631
369,5,believed,11.630658
369,6,the,3.694243
369,7,he,13.400775
369,8,concluded,18.417385
369,9,the,2.920257
369,10,woman,11.229294
369,11,will,6.502323
369,12,wait,11.816978
369,13,for,1.170974
369,14,her,3.270653
369,15,friend,11.143117
369,16,at,8.513215
369,17,the,0.924581
369,18,bus,11.784808
369,19,stop,3.068673
369,20,.,1.4791
369,21,<eos>,-0.0
370,0,He,0.0
370,1,knows,11.52312
370,2,who,6.622077
370,3,the,4.020604
370,4,man,5.863103
370,5,believed,11.256536
370,6,the,5.331831
370,7,he,15.295509
370,8,concluded,18.595989
370,9,will,8.361224
370,10,wait,11.312244
370,11,for,1.285422
370,12,her,5.382009
370,13,friend,10.744819
370,14,at,9.043923
370,15,the,0.859876
370,16,bus,11.4624
370,17,stop,2.474321
370,18,.,1.419343
370,19,<eos>,-0.0
371,0,He,0.0
371,1,knows,11.52312
371,2,who,6.622077
371,3,the,4.020604
371,4,man,5.863103
371,5,believed,11.256536
371,6,the,5.331831
371,7,he,15.295509
371,8,concluded,18.595989
371,9,the,5.841219
371,10,woman,10.230927
371,11,will,6.796952
371,12,wait,13.417718
371,13,for,0.772596
371,14,her,3.944849
371,15,friend,9.1974
371,16,at,8.389174
371,17,the,0.946346
371,18,bus,11.92979
371,19,stop,2.878754
371,20,.,1.250203
371,21,<eos>,-0.0
372,0,He,0.0
372,1,knows,11.52312
372,2,that,2.297416
372,3,the,2.267236
372,4,man,6.93631
372,5,believed,11.630658
372,6,the,3.694243
372,7,he,13.400775
372,8,concluded,18.417385
372,9,his,4.282695
372,10,neighbors,16.810833
372,11,had,3.398587
372,12,said,9.843244
372,13,will,12.995606
372,14,wait,12.680875
372,15,for,1.053341
372,16,her,6.057452
372,17,friend,12.242171
372,18,at,8.093242
372,19,the,0.936701
372,20,bus,12.10166
372,21,stop,2.433371
372,22,.,1.285485
372,23,<eos>,-0.0
373,0,He,0.0
373,1,knows,11.52312
373,2,that,2.297416
373,3,the,2.267236
373,4,man,6.93631
373,5,believed,11.630658
373,6,the,3.694243
373,7,he,13.400775
373,8,concluded,18.417385
373,9,his,4.282695
373,10,neighbors,16.810833
373,11,had,3.398587
373,12,said,9.843244
373,13,the,3.976854
373,14,woman,8.938173
373,15,will,7.862038
373,16,wait,11.402114
373,17,for,1.183613
373,18,her,3.471676
373,19,friend,11.697596
373,20,at,8.312225
373,21,the,0.910221
373,22,bus,11.216685
373,23,stop,3.125728
373,24,.,1.355088
373,25,<eos>,-0.0
374,0,He,0.0
374,1,knows,11.52312
374,2,who,6.622077
374,3,the,4.020604
374,4,man,5.863103
374,5,believed,11.256536
374,6,the,5.331831
374,7,he,15.295509
374,8,concluded,18.595989
374,9,his,7.449306
374,10,neighbors,13.498126
374,11,had,2.699971
374,12,said,8.939654
374,13,will,10.747514
374,14,wait,11.52016
374,15,for,1.180331
374,16,her,5.682949
374,17,friend,11.314853
374,18,at,8.317595
374,19,the,0.889747
374,20,bus,11.620316
374,21,stop,2.489071
374,22,.,1.202503
374,23,<eos>,-0.0
375,0,He,0.0
375,1,knows,11.52312
375,2,who,6.622077
375,3,the,4.020604
375,4,man,5.863103
375,5,believed,11.256536
375,6,the,5.331831
375,7,he,15.295509
375,8,concluded,18.595989
375,9,his,7.449306
375,10,neighbors,13.498126
375,11,had,2.699971
375,12,said,8.939654
375,13,the,7.094361
375,14,woman,9.614782
375,15,will,7.821133
375,16,wait,13.246758
375,17,for,0.793185
375,18,her,4.148896
375,19,friend,9.477863
375,20,at,8.258389
375,21,the,0.96283
375,22,bus,11.562119
375,23,stop,3.029493
375,24,.,1.114262
375,25,<eos>,-0.0
376,0,He,0.0
376,1,knows,11.52312
376,2,that,2.297416
376,3,the,2.267236
376,4,man,6.93631
376,5,believed,11.630658
376,6,the,3.694243
376,7,he,13.400775
376,8,concluded,18.417385
376,9,his,4.282695
376,10,neighbors,16.810833
376,11,had,3.398587
376,12,said,9.843244
376,13,will,12.995606
376,14,wait,12.680875
376,15,for,1.053341
376,16,her,6.057452
376,17,friend,12.242171
376,18,at,8.093242
376,19,the,0.936701
376,20,bus,12.10166
376,21,stop,2.433371
376,22,.,1.285485
376,23,<eos>,-0.0
377,0,He,0.0
377,1,knows,11.52312
377,2,that,2.297416
377,3,the,2.267236
377,4,man,6.93631
377,5,believed,11.630658
377,6,the,3.694243
377,7,he,13.400775
377,8,concluded,18.417385
377,9,his,4.282695
377,10,neighbors,16.810833
377,11,had,3.398587
377,12,said,9.843244
377,13,the,3.976854
377,14,woman,8.938173
377,15,will,7.862038
377,16,wait,11.402114
377,17,for,1.183613
377,18,her,3.471676
377,19,friend,11.697596
377,20,at,8.312225
377,21,the,0.910221
377,22,bus,11.216685
377,23,stop,3.125728
377,24,.,1.355088
377,25,<eos>,-0.0
378,0,He,0.0
378,1,knows,11.52312
378,2,who,6.622077
378,3,the,4.020604
378,4,man,5.863103
378,5,believed,11.256536
378,6,the,5.331831
378,7,he,15.295509
378,8,concluded,18.595989
378,9,his,7.449306
378,10,neighbors,13.498126
378,11,had,2.699971
378,12,said,8.939654
378,13,will,10.747514
378,14,wait,11.52016
378,15,for,1.180331
378,16,her,5.682949
378,17,friend,11.314853
378,18,at,8.317595
378,19,the,0.889747
378,20,bus,11.620316
378,21,stop,2.489071
378,22,.,1.202503
378,23,<eos>,-0.0
379,0,He,0.0
379,1,knows,11.52312
379,2,who,6.622077
379,3,the,4.020604
379,4,man,5.863103
379,5,believed,11.256536
379,6,the,5.331831
379,7,he,15.295509
379,8,concluded,18.595989
379,9,his,7.449306
379,10,neighbors,13.498126
379,11,had,2.699971
379,12,said,8.939654
379,13,the,7.094361
379,14,woman,9.614782
379,15,will,7.821133
379,16,wait,13.246758
379,17,for,0.793185
379,18,her,4.148896
379,19,friend,9.477863
379,20,at,8.258389
379,21,the,0.96283
379,22,bus,11.562119
379,23,stop,3.029493
379,24,.,1.114262
379,25,<eos>,-0.0
380,0,You,0.0
380,1,know,6.225534
380,2,that,3.970907
380,3,should,13.337205
380,4,introduce,16.500141
380,5,his,7.270583
380,6,friends,9.283917
380,7,to,1.294695
380,8,his,4.475301
380,9,family,5.58284
380,10,.,2.794938
380,11,<eos>,-0.0
381,0,You,0.0
381,1,know,6.225534
381,2,that,3.970907
381,3,the,2.063794
381,4,man,8.219696
381,5,should,7.804327
381,6,introduce,13.142774
381,7,his,4.117262
381,8,friends,9.59047
381,9,to,1.444276
381,10,his,3.557229
381,11,family,5.40183
381,12,.,1.980926
381,13,<eos>,-0.0
382,0,You,0.0
382,1,know,6.225534
382,2,who,7.834128
382,3,should,7.595498
382,4,introduce,12.981513
382,5,his,6.022404
382,6,friends,10.4061
382,7,to,1.702597
382,8,his,4.465845
382,9,family,5.143228
382,10,.,1.124962
382,11,<eos>,-0.0
383,0,You,0.0
383,1,know,6.225534
383,2,who,7.834128
383,3,the,4.899722
383,4,man,7.080769
383,5,should,6.954037
383,6,introduce,14.554155
383,7,his,7.422543
383,8,friends,8.949992
383,9,to,2.490905
383,10,his,5.233186
383,11,family,5.124774
383,12,.,1.141832
383,13,<eos>,-0.0
384,0,You,0.0
384,1,know,6.225534
384,2,that,3.970907
384,3,the,2.063794
384,4,woman,10.021988
384,5,said,8.769319
384,6,should,12.5819
384,7,introduce,14.096961
384,8,his,5.644631
384,9,friends,9.718458
384,10,to,1.418969
384,11,his,4.30479
384,12,family,5.263727
384,13,.,1.570101
384,14,<eos>,-0.0
385,0,You,0.0
385,1,know,6.225534
385,2,that,3.970907
385,3,the,2.063794
385,4,woman,10.021988
385,5,said,8.769319
385,6,the,4.093726
385,7,man,5.765569
385,8,should,6.849289
385,9,introduce,13.683577
385,10,his,4.87946
385,11,friends,10.224798
385,12,to,1.454174
385,13,his,4.09585
385,14,family,5.233421
385,15,.,1.612686
385,16,<eos>,-0.0
386,0,You,0.0
386,1,know,6.225534
386,2,who,7.834128
386,3,the,4.899722
386,4,woman,9.275633
386,5,said,8.137685
386,6,should,9.288614
386,7,introduce,15.205765
386,8,his,6.129427
386,9,friends,9.493581
386,10,to,1.657645
386,11,his,4.432686
386,12,family,5.213733
386,13,.,1.072726
386,14,<eos>,-0.0
387,0,You,0.0
387,1,know,6.225534
387,2,who,7.834128
387,3,the,4.899722
387,4,woman,9.275633
387,5,said,8.137685
387,6,the,5.698429
387,7,man,6.107989
387,8,should,7.491135
387,9,introduce,14.969697
387,10,his,7.626766
387,11,friends,9.313794
387,12,to,2.116229
387,13,his,5.038404
387,14,family,4.986522
387,15,.,1.078484
387,16,<eos>,-0.0
388,0,You,0.0
388,1,know,6.225534
388,2,that,3.970907
388,3,the,2.063794
388,4,woman,10.021988
388,5,said,8.769319
388,6,the,4.093726
388,7,neighbor,14.562593
388,8,thought,9.443845
388,9,should,12.958148
388,10,introduce,14.894634
388,11,his,5.873693
388,12,friends,9.773496
388,13,to,1.437045
388,14,his,4.187661
388,15,family,4.992726
388,16,.,1.178824
388,17,<eos>,-0.0
389,0,You,0.0
389,1,know,6.225534
389,2,that,3.970907
389,3,the,2.063794
389,4,woman,10.021988
389,5,said,8.769319
389,6,the,4.093726
389,7,neighbor,14.562593
389,8,thought,9.443845
389,9,the,3.736657
389,10,man,6.175142
389,11,should,6.194507
389,12,introduce,14.370046
389,13,his,5.050545
389,14,friends,10.29869
389,15,to,1.451587
389,16,his,4.158718
389,17,family,4.84187
389,18,.,1.296785
389,19,<eos>,-0.0
390,0,You,0.0
390,1,know,6.225534
390,2,who,7.834128
390,3,the,4.899722
390,4,woman,9.275633
390,5,said,8.137685
390,6,the,5.698429
390,7,neighbor,13.34979
390,8,thought,10.057963
390,9,should,9.030567
390,10,introduce,16.275305
390,11,his,6.087174
390,12,friends,9.194038
390,13,to,1.649861
390,14,his,4.408516
390,15,family,4.693465
390,16,.,0.896218
390,17,<eos>,-0.0
391,0,You,0.0
391,1,know,6.225534
391,2,who,7.834128
391,3,the,4.899722
391,4,woman,9.275633
391,5,said,8.137685
391,6,the,5.698429
391,7,neighbor,13.34979
391,8,thought,10.057963
391,9,the,6.172292
391,10,man,6.457374
391,11,should,7.071927
391,12,introduce,15.491099
391,13,his,8.547187
391,14,friends,9.870599
391,15,to,2.126113
391,16,his,5.613292
391,17,family,4.696482
391,18,.,0.978849
391,19,<eos>,-0.0
392,0,You,0.0
392,1,know,6.225534
392,2,that,3.970907
392,3,the,2.063794
392,4,woman,10.021988
392,5,said,8.769319
392,6,the,4.093726
392,7,neighbor,14.562593
392,8,thought,9.443845
392,9,he,3.628174
392,10,recalled,17.519623
392,11,should,13.007729
392,12,introduce,14.924479
392,13,his,4.846398
392,14,friends,9.317899
392,15,to,1.619709
392,16,his,3.834318
392,17,family,5.022445
392,18,.,1.069663
392,19,<eos>,-0.0
393,0,You,0.0
393,1,know,6.225534
393,2,that,3.970907
393,3,the,2.063794
393,4,woman,10.021988
393,5,said,8.769319
393,6,the,4.093726
393,7,neighbor,14.562593
393,8,thought,9.443845
393,9,he,3.628174
393,10,recalled,17.519623
393,11,the,2.531187
393,12,man,7.123699
393,13,should,10.310605
393,14,introduce,13.936959
393,15,his,4.470553
393,16,friends,9.598923
393,17,to,1.45406
393,18,his,3.688189
393,19,family,5.173708
393,20,.,1.120165
393,21,<eos>,-0.0
394,0,You,0.0
394,1,know,6.225534
394,2,who,7.834128
394,3,the,4.899722
394,4,woman,9.275633
394,5,said,8.137685
394,6,the,5.698429
394,7,neighbor,13.34979
394,8,thought,10.057963
394,9,he,5.960351
394,10,recalled,16.174072
394,11,should,11.125809
394,12,introduce,15.44954
394,13,his,5.668986
394,14,friends,8.971375
394,15,to,1.642193
394,16,his,4.14987
394,17,family,4.951647
394,18,.,0.879047
394,19,<eos>,-0.0
395,0,You,0.0
395,1,know,6.225534
395,2,who,7.834128
395,3,the,4.899722
395,4,woman,9.275633
395,5,said,8.137685
395,6,the,5.698429
395,7,neighbor,13.34979
395,8,thought,10.057963
395,9,he,5.960351
395,10,recalled,16.174072
395,11,the,5.52932
395,12,man,8.008626
395,13,should,9.559248
395,14,introduce,14.578306
395,15,his,5.326252
395,16,friends,8.955834
395,17,to,1.947924
395,18,his,4.281012
395,19,family,4.975359
395,20,.,0.977281
395,21,<eos>,-0.0
396,0,You,0.0
396,1,know,6.225534
396,2,that,3.970907
396,3,the,2.063794
396,4,woman,10.021988
396,5,said,8.769319
396,6,the,4.093726
396,7,neighbor,14.562593
396,8,thought,9.443845
396,9,he,3.628174
396,10,recalled,17.519623
396,11,should,13.007729
396,12,introduce,14.924479
396,13,his,4.846398
396,14,friends,9.317899
396,15,to,1.619709
396,16,his,3.834318
396,17,family,5.022445
396,18,.,1.069663
396,19,<eos>,-0.0
397,0,You,0.0
397,1,know,6.225534
397,2,that,3.970907
397,3,the,2.063794
397,4,woman,10.021988
397,5,said,8.769319
397,6,the,4.093726
397,7,neighbor,14.562593
397,8,thought,9.443845
397,9,he,3.628174
397,10,recalled,17.519623
397,11,the,2.531187
397,12,man,7.123699
397,13,should,10.310605
397,14,introduce,13.936959
397,15,his,4.470553
397,16,friends,9.598923
397,17,to,1.45406
397,18,his,3.688189
397,19,family,5.173708
397,20,.,1.120165
397,21,<eos>,-0.0
398,0,You,0.0
398,1,know,6.225534
398,2,who,7.834128
398,3,the,4.899722
398,4,woman,9.275633
398,5,said,8.137685
398,6,the,5.698429
398,7,neighbor,13.34979
398,8,thought,10.057963
398,9,he,5.960351
398,10,recalled,16.174072
398,11,should,11.125809
398,12,introduce,15.44954
398,13,his,5.668986
398,14,friends,8.971375
398,15,to,1.642193
398,16,his,4.14987
398,17,family,4.951647
398,18,.,0.879047
398,19,<eos>,-0.0
399,0,You,0.0
399,1,know,6.225534
399,2,who,7.834128
399,3,the,4.899722
399,4,woman,9.275633
399,5,said,8.137685
399,6,the,5.698429
399,7,neighbor,13.34979
399,8,thought,10.057963
399,9,he,5.960351
399,10,recalled,16.174072
399,11,the,5.52932
399,12,man,8.008626
399,13,should,9.559248
399,14,introduce,14.578306
399,15,his,5.326252
399,16,friends,8.955834
399,17,to,1.947924
399,18,his,4.281012
399,19,family,4.975359
399,20,.,0.977281
399,21,<eos>,-0.0
400,0,I,0.0
400,1,know,6.278276
400,2,that,2.352433
400,3,might,14.406142
400,4,congratulate,17.437862
400,5,the,3.191572
400,6,athletes,9.924219
400,7,over,7.270547
400,8,lunch,15.87665
400,9,.,1.146544
400,10,<eos>,-0.0
401,0,I,0.0
401,1,know,6.278276
401,2,that,2.352433
401,3,the,2.35511
401,4,president,10.562896
401,5,might,8.261501
401,6,congratulate,15.021603
401,7,the,2.716655
401,8,athletes,10.720687
401,9,over,6.76927
401,10,lunch,15.786796
401,11,.,1.570327
401,12,<eos>,-0.0
402,0,I,0.0
402,1,know,6.278276
402,2,who,6.580016
402,3,might,8.6036
402,4,congratulate,14.748611
402,5,the,2.764328
402,6,athletes,10.4891
402,7,over,8.003729
402,8,lunch,14.227336
402,9,.,1.053603
402,10,<eos>,-0.0
403,0,I,0.0
403,1,know,6.278276
403,2,who,6.580016
403,3,the,5.056487
403,4,president,9.935833
403,5,might,7.987624
403,6,congratulate,15.105742
403,7,the,4.737761
403,8,athletes,11.726515
403,9,over,7.00209
403,10,lunch,17.301987
403,11,.,1.073198
403,12,<eos>,-0.0
404,0,I,0.0
404,1,know,6.278276
404,2,that,2.352433
404,3,the,2.35511
404,4,coach,13.491508
404,5,said,10.004469
404,6,might,17.215942
404,7,congratulate,14.195292
404,8,the,3.301077
404,9,athletes,6.81227
404,10,over,6.652494
404,11,lunch,15.591769
404,12,.,1.154585
404,13,<eos>,-0.0
405,0,I,0.0
405,1,know,6.278276
405,2,that,2.352433
405,3,the,2.35511
405,4,coach,13.491508
405,5,said,10.004469
405,6,the,3.189495
405,7,president,9.481625
405,8,might,7.468586
405,9,congratulate,13.091248
405,10,the,3.391099
405,11,athletes,6.841587
405,12,over,6.78967
405,13,lunch,14.823328
405,14,.,1.429881
405,15,<eos>,-0.0
406,0,I,0.0
406,1,know,6.278276
406,2,who,6.580016
406,3,the,5.056487
406,4,coach,12.526186
406,5,said,9.138858
406,6,might,11.663837
406,7,congratulate,15.610967
406,8,the,3.550759
406,9,athletes,7.052161
406,10,over,6.912427
406,11,lunch,15.696304
406,12,.,0.809965
406,13,<eos>,-0.0
407,0,I,0.0
407,1,know,6.278276
407,2,who,6.580016
407,3,the,5.056487
407,4,coach,12.526186
407,5,said,9.138858
407,6,the,4.897272
407,7,president,9.31299
407,8,might,8.264558
407,9,congratulate,12.923214
407,10,the,3.684622
407,11,athletes,7.983722
407,12,over,6.559961
407,13,lunch,16.671816
407,14,.,1.001334
407,15,<eos>,-0.0
408,0,I,0.0
408,1,know,6.278276
408,2,that,2.352433
408,3,the,2.35511
408,4,coach,13.491508
408,5,said,10.004469
408,6,the,3.189495
408,7,assistant,13.529103
408,8,believed,11.922255
408,9,might,12.701635
408,10,congratulate,14.649756
408,11,the,3.638409
408,12,athletes,7.190938
408,13,over,7.113832
408,14,lunch,16.542088
408,15,.,0.988622
408,16,<eos>,-0.0
409,0,I,0.0
409,1,know,6.278276
409,2,that,2.352433
409,3,the,2.35511
409,4,coach,13.491508
409,5,said,10.004469
409,6,the,3.189495
409,7,assistant,13.529103
409,8,believed,11.922255
409,9,the,3.134073
409,10,president,9.264897
409,11,might,6.60535
409,12,congratulate,13.574209
409,13,the,3.598461
409,14,athletes,6.765756
409,15,over,6.895535
409,16,lunch,15.176067
409,17,.,1.152817
409,18,<eos>,-0.0
410,0,I,0.0
410,1,know,6.278276
410,2,who,6.580016
410,3,the,5.056487
410,4,coach,12.526186
410,5,said,9.138858
410,6,the,4.897272
410,7,assistant,13.73425
410,8,believed,13.159837
410,9,might,9.785675
410,10,congratulate,14.972435
410,11,the,3.38535
410,12,athletes,7.256595
410,13,over,7.371541
410,14,lunch,16.240465
410,15,.,0.736133
410,16,<eos>,-0.0
411,0,I,0.0
411,1,know,6.278276
411,2,who,6.580016
411,3,the,5.056487
411,4,coach,12.526186
411,5,said,9.138858
411,6,the,4.897272
411,7,assistant,13.73425
411,8,believed,13.159837
411,9,the,4.140643
411,10,president,8.484797
411,11,might,6.835728
411,12,congratulate,13.369997
411,13,the,3.294748
411,14,athletes,7.655533
411,15,over,7.033471
411,16,lunch,15.43212
411,17,.,0.863358
411,18,<eos>,-0.0
412,0,I,0.0
412,1,know,6.278276
412,2,that,2.352433
412,3,the,2.35511
412,4,coach,13.491508
412,5,said,10.004469
412,6,the,3.189495
412,7,assistant,13.529103
412,8,believed,11.922255
412,9,he,3.594095
412,10,remembered,14.393239
412,11,might,15.513341
412,12,congratulate,12.87261
412,13,the,4.797709
412,14,athletes,7.024858
412,15,over,6.856173
412,16,lunch,15.539668
412,17,.,0.979011
412,18,<eos>,-0.0
413,0,I,0.0
413,1,know,6.278276
413,2,that,2.352433
413,3,the,2.35511
413,4,coach,13.491508
413,5,said,10.004469
413,6,the,3.189495
413,7,assistant,13.529103
413,8,believed,11.922255
413,9,he,3.594095
413,10,remembered,14.393239
413,11,the,2.065271
413,12,president,11.036918
413,13,might,11.737227
413,14,congratulate,13.005145
413,15,the,4.567389
413,16,athletes,7.160236
413,17,over,6.622843
413,18,lunch,15.337513
413,19,.,1.010185
413,20,<eos>,-0.0
414,0,I,0.0
414,1,know,6.278276
414,2,who,6.580016
414,3,the,5.056487
414,4,coach,12.526186
414,5,said,9.138858
414,6,the,4.897272
414,7,assistant,13.73425
414,8,believed,13.159837
414,9,he,4.484371
414,10,remembered,14.371391
414,11,might,12.561193
414,12,congratulate,14.241657
414,13,the,4.506821
414,14,athletes,7.359173
414,15,over,7.318584
414,16,lunch,15.630578
414,17,.,0.735271
414,18,<eos>,-0.0
415,0,I,0.0
415,1,know,6.278276
415,2,who,6.580016
415,3,the,5.056487
415,4,coach,12.526186
415,5,said,9.138858
415,6,the,4.897272
415,7,assistant,13.73425
415,8,believed,13.159837
415,9,he,4.484371
415,10,remembered,14.371391
415,11,the,2.789052
415,12,president,10.802636
415,13,might,11.227546
415,14,congratulate,13.464241
415,15,the,4.341829
415,16,athletes,7.764656
415,17,over,6.772599
415,18,lunch,15.860678
415,19,.,0.823956
415,20,<eos>,-0.0
416,0,I,0.0
416,1,know,6.278276
416,2,that,2.352433
416,3,the,2.35511
416,4,coach,13.491508
416,5,said,10.004469
416,6,the,3.189495
416,7,assistant,13.529103
416,8,believed,11.922255
416,9,he,3.594095
416,10,remembered,14.393239
416,11,might,15.513341
416,12,congratulate,12.87261
416,13,the,4.797709
416,14,athletes,7.024858
416,15,over,6.856173
416,16,lunch,15.539668
416,17,.,0.979011
416,18,<eos>,-0.0
417,0,I,0.0
417,1,know,6.278276
417,2,that,2.352433
417,3,the,2.35511
417,4,coach,13.491508
417,5,said,10.004469
417,6,the,3.189495
417,7,assistant,13.529103
417,8,believed,11.922255
417,9,he,3.594095
417,10,remembered,14.393239
417,11,the,2.065271
417,12,president,11.036918
417,13,might,11.737227
417,14,congratulate,13.005145
417,15,the,4.567389
417,16,athletes,7.160236
417,17,over,6.622843
417,18,lunch,15.337513
417,19,.,1.010185
417,20,<eos>,-0.0
418,0,I,0.0
418,1,know,6.278276
418,2,who,6.580016
418,3,the,5.056487
418,4,coach,12.526186
418,5,said,9.138858
418,6,the,4.897272
418,7,assistant,13.73425
418,8,believed,13.159837
418,9,he,4.484371
418,10,remembered,14.371391
418,11,might,12.561193
418,12,congratulate,14.241657
418,13,the,4.506821
418,14,athletes,7.359173
418,15,over,7.318584
418,16,lunch,15.630578
418,17,.,0.735271
418,18,<eos>,-0.0
419,0,I,0.0
419,1,know,6.278276
419,2,who,6.580016
419,3,the,5.056487
419,4,coach,12.526186
419,5,said,9.138858
419,6,the,4.897272
419,7,assistant,13.73425
419,8,believed,13.159837
419,9,he,4.484371
419,10,remembered,14.371391
419,11,the,2.789052
419,12,president,10.802636
419,13,might,11.227546
419,14,congratulate,13.464241
419,15,the,4.341829
419,16,athletes,7.764656
419,17,over,6.772599
419,18,lunch,15.860678
419,19,.,0.823956
419,20,<eos>,-0.0
420,0,You,0.0
420,1,know,6.225534
420,2,that,3.970907
420,3,did,13.994121
420,4,support,14.813788
420,5,the,2.476853
420,6,candidate,11.281949
420,7,last,12.606502
420,8,year,2.81246
420,9,.,1.91003
420,10,<eos>,-0.0
421,0,You,0.0
421,1,know,6.225534
421,2,that,3.970907
421,3,the,2.063794
421,4,millionaire,17.189167
421,5,did,8.092638
421,6,support,14.5549
421,7,the,2.071908
421,8,candidate,13.298981
421,9,last,13.962982
421,10,year,2.191266
421,11,.,2.12163
421,12,<eos>,-0.0
422,0,You,0.0
422,1,know,6.225534
422,2,who,7.834128
422,3,did,7.352716
422,4,support,12.414324
422,5,the,1.84931
422,6,candidate,11.489646
422,7,last,12.988263
422,8,year,2.213889
422,9,.,1.612765
422,10,<eos>,-0.0
423,0,You,0.0
423,1,know,6.225534
423,2,who,7.834128
423,3,the,4.899722
423,4,millionaire,15.001207
423,5,did,7.806524
423,6,support,15.066751
423,7,the,4.501215
423,8,candidate,13.711618
423,9,last,14.07363
423,10,year,2.633651
423,11,.,1.756955
423,12,<eos>,-0.0
424,0,You,0.0
424,1,know,6.225534
424,2,that,3.970907
424,3,the,2.063794
424,4,lobbyist,21.37114
424,5,believed,9.774343
424,6,did,13.457659
424,7,support,10.948841
424,8,the,1.526863
424,9,candidate,10.90314
424,10,last,15.596428
424,11,year,3.019737
424,12,.,1.8854
424,13,<eos>,-0.0
425,0,You,0.0
425,1,know,6.225534
425,2,that,3.970907
425,3,the,2.063794
425,4,lobbyist,21.37114
425,5,believed,9.774343
425,6,the,3.340664
425,7,millionaire,16.288849
425,8,did,7.458241
425,9,support,13.481138
425,10,the,2.147432
425,11,candidate,12.182861
425,12,last,15.399313
425,13,year,2.345104
425,14,.,1.885324
425,15,<eos>,-0.0
426,0,You,0.0
426,1,know,6.225534
426,2,who,7.834128
426,3,the,4.899722
426,4,lobbyist,20.70472
426,5,believed,10.047364
426,6,did,8.913419
426,7,support,10.759831
426,8,the,1.36056
426,9,candidate,10.989712
426,10,last,15.28525
426,11,year,2.784557
426,12,.,1.460291
426,13,<eos>,-0.0
427,0,You,0.0
427,1,know,6.225534
427,2,who,7.834128
427,3,the,4.899722
427,4,lobbyist,20.70472
427,5,believed,10.047364
427,6,the,5.17522
427,7,millionaire,15.470713
427,8,did,7.124864
427,9,support,15.130832
427,10,the,4.623678
427,11,candidate,12.442577
427,12,last,15.401734
427,13,year,2.636086
427,14,.,1.679883
427,15,<eos>,-0.0
428,0,You,0.0
428,1,know,6.225534
428,2,that,3.970907
428,3,the,2.063794
428,4,lobbyist,21.37114
428,5,believed,9.774343
428,6,the,3.340664
428,7,secretary,13.683255
428,8,said,9.553503
428,9,did,13.595175
428,10,support,11.961531
428,11,the,2.039194
428,12,candidate,11.249636
428,13,last,15.293241
428,14,year,2.8302
428,15,.,1.653831
428,16,<eos>,-0.0
429,0,You,0.0
429,1,know,6.225534
429,2,that,3.970907
429,3,the,2.063794
429,4,lobbyist,21.37114
429,5,believed,9.774343
429,6,the,3.340664
429,7,secretary,13.683255
429,8,said,9.553503
429,9,the,3.194377
429,10,millionaire,17.111671
429,11,did,6.962608
429,12,support,14.396816
429,13,the,2.544734
429,14,candidate,12.309643
429,15,last,15.929901
429,16,year,2.28399
429,17,.,1.685237
429,18,<eos>,-0.0
430,0,You,0.0
430,1,know,6.225534
430,2,who,7.834128
430,3,the,4.899722
430,4,lobbyist,20.70472
430,5,believed,10.047364
430,6,the,5.17522
430,7,secretary,13.828888
430,8,said,7.627215
430,9,did,8.267395
430,10,support,12.225135
430,11,the,1.825291
430,12,candidate,10.929283
430,13,last,15.49726
430,14,year,2.673305
430,15,.,1.449427
430,16,<eos>,-0.0
431,0,You,0.0
431,1,know,6.225534
431,2,who,7.834128
431,3,the,4.899722
431,4,lobbyist,20.70472
431,5,believed,10.047364
431,6,the,5.17522
431,7,secretary,13.828888
431,8,said,7.627215
431,9,the,5.877343
431,10,millionaire,15.607613
431,11,did,7.086704
431,12,support,15.25213
431,13,the,4.230064
431,14,candidate,12.748132
431,15,last,15.814706
431,16,year,2.36175
431,17,.,1.58942
431,18,<eos>,-0.0
432,0,You,0.0
432,1,know,6.225534
432,2,that,3.970907
432,3,the,2.063794
432,4,lobbyist,21.37114
432,5,believed,9.774343
432,6,the,3.340664
432,7,secretary,13.683255
432,8,said,9.553503
432,9,she,6.827534
432,10,saw,8.744182
432,11,did,17.137156
432,12,support,12.484509
432,13,the,5.953054
432,14,candidate,11.509247
432,15,last,15.371112
432,16,year,2.996386
432,17,.,1.559417
432,18,<eos>,-0.0
433,0,You,0.0
433,1,know,6.225534
433,2,that,3.970907
433,3,the,2.063794
433,4,lobbyist,21.37114
433,5,believed,9.774343
433,6,the,3.340664
433,7,secretary,13.683255
433,8,said,9.553503
433,9,she,6.827534
433,10,saw,8.744182
433,11,the,2.192648
433,12,millionaire,16.378712
433,13,did,11.876694
433,14,support,13.056746
433,15,the,3.030687
433,16,candidate,12.229923
433,17,last,16.046005
433,18,year,2.41432
433,19,.,1.588164
433,20,<eos>,-0.0
434,0,You,0.0
434,1,know,6.225534
434,2,who,7.834128
434,3,the,4.899722
434,4,lobbyist,20.70472
434,5,believed,10.047364
434,6,the,5.17522
434,7,secretary,13.828888
434,8,said,7.627215
434,9,she,9.23651
434,10,saw,8.093054
434,11,did,13.078913
434,12,support,12.825415
434,13,the,3.539968
434,14,candidate,11.219007
434,15,last,15.455276
434,16,year,2.50757
434,17,.,1.388901
434,18,<eos>,-0.0
435,0,You,0.0
435,1,know,6.225534
435,2,who,7.834128
435,3,the,4.899722
435,4,lobbyist,20.70472
435,5,believed,10.047364
435,6,the,5.17522
435,7,secretary,13.828888
435,8,said,7.627215
435,9,she,9.23651
435,10,saw,8.093054
435,11,the,3.526179
435,12,millionaire,15.921331
435,13,did,10.82041
435,14,support,14.058849
435,15,the,4.28791
435,16,candidate,12.655592
435,17,last,15.769722
435,18,year,2.155364
435,19,.,1.506883
435,20,<eos>,-0.0
436,0,You,0.0
436,1,know,6.225534
436,2,that,3.970907
436,3,the,2.063794
436,4,lobbyist,21.37114
436,5,believed,9.774343
436,6,the,3.340664
436,7,secretary,13.683255
436,8,said,9.553503
436,9,she,6.827534
436,10,saw,8.744182
436,11,did,17.137156
436,12,support,12.484509
436,13,the,5.953054
436,14,candidate,11.509247
436,15,last,15.371112
436,16,year,2.996386
436,17,.,1.559417
436,18,<eos>,-0.0
437,0,You,0.0
437,1,know,6.225534
437,2,that,3.970907
437,3,the,2.063794
437,4,lobbyist,21.37114
437,5,believed,9.774343
437,6,the,3.340664
437,7,secretary,13.683255
437,8,said,9.553503
437,9,she,6.827534
437,10,saw,8.744182
437,11,the,2.192648
437,12,millionaire,16.378712
437,13,did,11.876694
437,14,support,13.056746
437,15,the,3.030687
437,16,candidate,12.229923
437,17,last,16.046005
437,18,year,2.41432
437,19,.,1.588164
437,20,<eos>,-0.0
438,0,You,0.0
438,1,know,6.225534
438,2,who,7.834128
438,3,the,4.899722
438,4,lobbyist,20.70472
438,5,believed,10.047364
438,6,the,5.17522
438,7,secretary,13.828888
438,8,said,7.627215
438,9,she,9.23651
438,10,saw,8.093054
438,11,did,13.078913
438,12,support,12.825415
438,13,the,3.539968
438,14,candidate,11.219007
438,15,last,15.455276
438,16,year,2.50757
438,17,.,1.388901
438,18,<eos>,-0.0
439,0,You,0.0
439,1,know,6.225534
439,2,who,7.834128
439,3,the,4.899722
439,4,lobbyist,20.70472
439,5,believed,10.047364
439,6,the,5.17522
439,7,secretary,13.828888
439,8,said,7.627215
439,9,she,9.23651
439,10,saw,8.093054
439,11,the,3.526179
439,12,millionaire,15.921331
439,13,did,10.82041
439,14,support,14.058849
439,15,the,4.28791
439,16,candidate,12.655592
439,17,last,15.769722
439,18,year,2.155364
439,19,.,1.506883
439,20,<eos>,-0.0
440,0,I,0.0
440,1,know,6.278276
440,2,that,2.352433
440,3,could,13.58407
440,4,greet,17.315987
440,5,the,2.167796
440,6,man,8.212153
440,7,early,14.039054
440,8,in,1.32343
440,9,the,0.909137
440,10,morning,2.531669
440,11,.,1.633386
440,12,<eos>,-0.0
441,0,I,0.0
441,1,know,6.278276
441,2,that,2.352433
441,3,the,2.35511
441,4,librarian,17.073793
441,5,could,6.254767
441,6,greet,14.559202
441,7,the,2.054734
441,8,man,7.848444
441,9,early,14.097253
441,10,in,1.336666
441,11,the,0.957096
441,12,morning,2.298072
441,13,.,1.904461
441,14,<eos>,-0.0
442,0,I,0.0
442,1,know,6.278276
442,2,who,6.580016
442,3,could,7.502074
442,4,greet,13.507802
442,5,the,2.1966
442,6,man,8.380403
442,7,early,14.8916
442,8,in,1.274942
442,9,the,0.916834
442,10,morning,2.825912
442,11,.,1.273096
442,12,<eos>,-0.0
443,0,I,0.0
443,1,know,6.278276
443,2,who,6.580016
443,3,the,5.056487
443,4,librarian,16.219767
443,5,could,6.306582
443,6,greet,14.624696
443,7,the,3.394274
443,8,man,7.113679
443,9,early,14.732628
443,10,in,1.181524
443,11,the,1.090713
443,12,morning,3.056578
443,13,.,1.085044
443,14,<eos>,-0.0
444,0,I,0.0
444,1,know,6.278276
444,2,that,2.352433
444,3,the,2.35511
444,4,mayor,13.542091
444,5,said,10.425508
444,6,could,15.532294
444,7,greet,16.013809
444,8,the,1.980437
444,9,man,8.630736
444,10,early,14.733733
444,11,in,1.486919
444,12,the,0.870319
444,13,morning,2.941072
444,14,.,1.602245
444,15,<eos>,-0.0
445,0,I,0.0
445,1,know,6.278276
445,2,that,2.352433
445,3,the,2.35511
445,4,mayor,13.542091
445,5,said,10.425508
445,6,the,3.216996
445,7,librarian,17.705677
445,8,could,4.552863
445,9,greet,14.845535
445,10,the,2.298563
445,11,man,7.809973
445,12,early,14.669704
445,13,in,1.416346
445,14,the,0.870512
445,15,morning,2.574912
445,16,.,1.838449
445,17,<eos>,-0.0
446,0,I,0.0
446,1,know,6.278276
446,2,who,6.580016
446,3,the,5.056487
446,4,mayor,13.321761
446,5,said,8.945595
446,6,could,9.915112
446,7,greet,16.662388
446,8,the,1.994491
446,9,man,9.252567
446,10,early,15.583595
446,11,in,1.267288
446,12,the,0.884133
446,13,morning,3.033314
446,14,.,0.993906
446,15,<eos>,-0.0
447,0,I,0.0
447,1,know,6.278276
447,2,who,6.580016
447,3,the,5.056487
447,4,mayor,13.321761
447,5,said,8.945595
447,6,the,5.002458
447,7,librarian,17.130865
447,8,could,5.462829
447,9,greet,14.163348
447,10,the,2.552573
447,11,man,7.864874
447,12,early,15.091015
447,13,in,1.307617
447,14,the,0.926126
447,15,morning,2.491007
447,16,.,1.068619
447,17,<eos>,-0.0
448,0,I,0.0
448,1,know,6.278276
448,2,that,2.352433
448,3,the,2.35511
448,4,mayor,13.542091
448,5,said,10.425508
448,6,the,3.216996
448,7,clerk,13.183102
448,8,believed,10.119206
448,9,could,13.01068
448,10,greet,16.041897
448,11,the,1.692677
448,12,man,8.098679
448,13,early,15.001865
448,14,in,1.54547
448,15,the,0.851507
448,16,morning,2.513273
448,17,.,1.412836
448,18,<eos>,-0.0
449,0,I,0.0
449,1,know,6.278276
449,2,that,2.352433
449,3,the,2.35511
449,4,mayor,13.542091
449,5,said,10.425508
449,6,the,3.216996
449,7,clerk,13.183102
449,8,believed,10.119206
449,9,the,2.86781
449,10,librarian,15.185917
449,11,could,3.817585
449,12,greet,14.643452
449,13,the,2.396265
449,14,man,6.739965
449,15,early,14.701501
449,16,in,1.55206
449,17,the,0.90146
449,18,morning,1.992326
449,19,.,1.516489
449,20,<eos>,-0.0
450,0,I,0.0
450,1,know,6.278276
450,2,who,6.580016
450,3,the,5.056487
450,4,mayor,13.321761
450,5,said,8.945595
450,6,the,5.002458
450,7,clerk,13.780059
450,8,believed,10.039076
450,9,could,10.781915
450,10,greet,16.209286
450,11,the,1.724904
450,12,man,8.416564
450,13,early,15.483492
450,14,in,1.462544
450,15,the,0.906945
450,16,morning,2.561804
450,17,.,0.984223
450,18,<eos>,-0.0
451,0,I,0.0
451,1,know,6.278276
451,2,who,6.580016
451,3,the,5.056487
451,4,mayor,13.321761
451,5,said,8.945595
451,6,the,5.002458
451,7,clerk,13.780059
451,8,believed,10.039076
451,9,the,3.115828
451,10,librarian,15.254903
451,11,could,3.990247
451,12,greet,14.154954
451,13,the,2.508261
451,14,man,6.890522
451,15,early,15.132427
451,16,in,1.42046
451,17,the,0.907047
451,18,morning,2.032185
451,19,.,1.083435
451,20,<eos>,-0.0
452,0,I,0.0
452,1,know,6.278276
452,2,that,2.352433
452,3,the,2.35511
452,4,mayor,13.542091
452,5,said,10.425508
452,6,the,3.216996
452,7,clerk,13.183102
452,8,believed,10.119206
452,9,he,3.821882
452,10,witnessed,14.431889
452,11,could,15.426633
452,12,greet,15.509956
452,13,the,1.94925
452,14,man,6.782656
452,15,early,15.100023
452,16,in,1.297622
452,17,the,0.907512
452,18,morning,1.812757
452,19,.,1.297013
452,20,<eos>,-0.0
453,0,I,0.0
453,1,know,6.278276
453,2,that,2.352433
453,3,the,2.35511
453,4,mayor,13.542091
453,5,said,10.425508
453,6,the,3.216996
453,7,clerk,13.183102
453,8,believed,10.119206
453,9,he,3.821882
453,10,witnessed,14.431889
453,11,the,1.152143
453,12,librarian,18.405247
453,13,could,8.791738
453,14,greet,14.62389
453,15,the,2.738717
453,16,man,6.630411
453,17,early,15.06464
453,18,in,1.453563
453,19,the,0.969387
453,20,morning,2.130634
453,21,.,1.282554
453,22,<eos>,-0.0
454,0,I,0.0
454,1,know,6.278276
454,2,who,6.580016
454,3,the,5.056487
454,4,mayor,13.321761
454,5,said,8.945595
454,6,the,5.002458
454,7,clerk,13.780059
454,8,believed,10.039076
454,9,he,4.123365
454,10,witnessed,13.512553
454,11,could,15.612446
454,12,greet,15.200614
454,13,the,2.047189
454,14,man,6.857894
454,15,early,15.362701
454,16,in,1.276613
454,17,the,0.912407
454,18,morning,1.88305
454,19,.,0.971478
454,20,<eos>,-0.0
455,0,I,0.0
455,1,know,6.278276
455,2,who,6.580016
455,3,the,5.056487
455,4,mayor,13.321761
455,5,said,8.945595
455,6,the,5.002458
455,7,clerk,13.780059
455,8,believed,10.039076
455,9,he,4.123365
455,10,witnessed,13.512553
455,11,the,1.130379
455,12,librarian,18.243307
455,13,could,9.276464
455,14,greet,14.105604
455,15,the,2.716989
455,16,man,6.711771
455,17,early,15.234562
455,18,in,1.399826
455,19,the,0.984784
455,20,morning,2.089165
455,21,.,0.9918
455,22,<eos>,-0.0
456,0,I,0.0
456,1,know,6.278276
456,2,that,2.352433
456,3,the,2.35511
456,4,mayor,13.542091
456,5,said,10.425508
456,6,the,3.216996
456,7,clerk,13.183102
456,8,believed,10.119206
456,9,he,3.821882
456,10,witnessed,14.431889
456,11,could,15.426633
456,12,greet,15.509956
456,13,the,1.94925
456,14,man,6.782656
456,15,early,15.100023
456,16,in,1.297622
456,17,the,0.907512
456,18,morning,1.812757
456,19,.,1.297013
456,20,<eos>,-0.0
457,0,I,0.0
457,1,know,6.278276
457,2,that,2.352433
457,3,the,2.35511
457,4,mayor,13.542091
457,5,said,10.425508
457,6,the,3.216996
457,7,clerk,13.183102
457,8,believed,10.119206
457,9,he,3.821882
457,10,witnessed,14.431889
457,11,the,1.152143
457,12,librarian,18.405247
457,13,could,8.791738
457,14,greet,14.62389
457,15,the,2.738717
457,16,man,6.630411
457,17,early,15.06464
457,18,in,1.453563
457,19,the,0.969387
457,20,morning,2.130634
457,21,.,1.282554
457,22,<eos>,-0.0
458,0,I,0.0
458,1,know,6.278276
458,2,who,6.580016
458,3,the,5.056487
458,4,mayor,13.321761
458,5,said,8.945595
458,6,the,5.002458
458,7,clerk,13.780059
458,8,believed,10.039076
458,9,he,4.123365
458,10,witnessed,13.512553
458,11,could,15.612446
458,12,greet,15.200614
458,13,the,2.047189
458,14,man,6.857894
458,15,early,15.362701
458,16,in,1.276613
458,17,the,0.912407
458,18,morning,1.88305
458,19,.,0.971478
458,20,<eos>,-0.0
459,0,I,0.0
459,1,know,6.278276
459,2,who,6.580016
459,3,the,5.056487
459,4,mayor,13.321761
459,5,said,8.945595
459,6,the,5.002458
459,7,clerk,13.780059
459,8,believed,10.039076
459,9,he,4.123365
459,10,witnessed,13.512553
459,11,the,1.130379
459,12,librarian,18.243307
459,13,could,9.276464
459,14,greet,14.105604
459,15,the,2.716989
459,16,man,6.711771
459,17,early,15.234562
459,18,in,1.399826
459,19,the,0.984784
459,20,morning,2.089165
459,21,.,0.9918
459,22,<eos>,-0.0
460,0,He,0.0
460,1,recalled,11.830338
460,2,that,2.828473
460,3,did,14.621815
460,4,assassinate,22.148073
460,5,the,2.90242
460,6,politician,10.94594
460,7,last,16.04882
460,8,night,7.927306
460,9,.,2.025329
460,10,<eos>,-0.0
461,0,He,0.0
461,1,recalled,11.830338
461,2,that,2.828473
461,3,the,2.424241
461,4,terrorist,14.830909
461,5,did,9.012574
461,6,assassinate,17.768806
461,7,the,2.898314
461,8,politician,12.313296
461,9,last,16.92388
461,10,night,7.102015
461,11,.,2.018458
461,12,<eos>,-0.0
462,0,He,0.0
462,1,recalled,11.830338
462,2,who,10.627078
462,3,did,6.489773
462,4,assassinate,22.45426
462,5,the,2.67395
462,6,politician,11.559456
462,7,last,16.6327
462,8,night,6.550792
462,9,.,1.904242
462,10,<eos>,-0.0
463,0,He,0.0
463,1,recalled,11.830338
463,2,who,10.627078
463,3,the,5.534445
463,4,terrorist,14.249902
463,5,did,7.917007
463,6,assassinate,17.600811
463,7,the,2.800525
463,8,politician,12.744341
463,9,last,17.228106
463,10,night,5.985639
463,11,.,1.52054
463,12,<eos>,-0.0
464,0,He,0.0
464,1,recalled,11.830338
464,2,that,2.828473
464,3,the,2.424241
464,4,president,10.03449
464,5,said,7.863066
464,6,did,17.138924
464,7,assassinate,21.355175
464,8,the,2.74754
464,9,politician,11.409658
464,10,last,15.911375
464,11,night,7.657316
464,12,.,1.811051
464,13,<eos>,-0.0
465,0,He,0.0
465,1,recalled,11.830338
465,2,that,2.828473
465,3,the,2.424241
465,4,president,10.03449
465,5,said,7.863066
465,6,the,3.477312
465,7,terrorist,13.869028
465,8,did,8.230259
465,9,assassinate,18.15526
465,10,the,3.178882
465,11,politician,12.683719
465,12,last,16.942701
465,13,night,7.152725
465,14,.,1.729644
465,15,<eos>,-0.0
466,0,He,0.0
466,1,recalled,11.830338
466,2,who,10.627078
466,3,the,5.534445
466,4,president,9.145444
466,5,said,7.122829
466,6,did,8.071514
466,7,assassinate,21.445839
466,8,the,2.635859
466,9,politician,11.506749
466,10,last,16.663918
466,11,night,7.394123
466,12,.,1.500605
466,13,<eos>,-0.0
467,0,He,0.0
467,1,recalled,11.830338
467,2,who,10.627078
467,3,the,5.534445
467,4,president,9.145444
467,5,said,7.122829
467,6,the,5.535992
467,7,terrorist,13.242494
467,8,did,8.388426
467,9,assassinate,17.240911
467,10,the,2.833345
467,11,politician,12.592302
467,12,last,17.199276
467,13,night,6.756516
467,14,.,1.325718
467,15,<eos>,-0.0
468,0,He,0.0
468,1,recalled,11.830338
468,2,that,2.828473
468,3,the,2.424241
468,4,president,10.03449
468,5,said,7.863066
468,6,the,3.477312
468,7,report,8.842669
468,8,confirmed,11.890493
468,9,did,14.674817
468,10,assassinate,20.537565
468,11,the,2.92475
468,12,politician,11.787596
468,13,last,16.882278
468,14,night,7.733939
468,15,.,1.500317
468,16,<eos>,-0.0
469,0,He,0.0
469,1,recalled,11.830338
469,2,that,2.828473
469,3,the,2.424241
469,4,president,10.03449
469,5,said,7.863066
469,6,the,3.477312
469,7,report,8.842669
469,8,confirmed,11.890493
469,9,the,2.489184
469,10,terrorist,12.400158
469,11,did,11.650803
469,12,assassinate,17.237303
469,13,the,2.739751
469,14,politician,12.469847
469,15,last,16.652842
469,16,night,7.120286
469,17,.,1.384663
469,18,<eos>,-0.0
470,0,He,0.0
470,1,recalled,11.830338
470,2,who,10.627078
470,3,the,5.534445
470,4,president,9.145444
470,5,said,7.122829
470,6,the,5.535992
470,7,report,10.456765
470,8,confirmed,11.748366
470,9,did,9.709893
470,10,assassinate,20.746475
470,11,the,2.763148
470,12,politician,11.577998
470,13,last,17.41584
470,14,night,7.257229
470,15,.,1.242934
470,16,<eos>,-0.0
471,0,He,0.0
471,1,recalled,11.830338
471,2,who,10.627078
471,3,the,5.534445
471,4,president,9.145444
471,5,said,7.122829
471,6,the,5.535992
471,7,report,10.456765
471,8,confirmed,11.748366
471,9,the,2.683384
471,10,terrorist,12.291722
471,11,did,12.401771
471,12,assassinate,16.732239
471,13,the,3.184651
471,14,politician,12.372006
471,15,last,16.958279
471,16,night,7.133591
471,17,.,1.20346
471,18,<eos>,-0.0
472,0,He,0.0
472,1,recalled,11.830338
472,2,that,2.828473
472,3,the,2.424241
472,4,president,10.03449
472,5,said,7.863066
472,6,the,3.477312
472,7,report,8.842669
472,8,confirmed,11.890493
472,9,he,5.652
472,10,believed,7.476324
472,11,did,14.191265
472,12,assassinate,18.227797
472,13,the,2.981066
472,14,politician,11.289043
472,15,last,16.178524
472,16,night,7.930324
472,17,.,1.345966
472,18,<eos>,-0.0
473,0,He,0.0
473,1,recalled,11.830338
473,2,that,2.828473
473,3,the,2.424241
473,4,president,10.03449
473,5,said,7.863066
473,6,the,3.477312
473,7,report,8.842669
473,8,confirmed,11.890493
473,9,he,5.652
473,10,believed,7.476324
473,11,the,2.460569
473,12,terrorist,11.755661
473,13,did,9.666551
473,14,assassinate,16.341745
473,15,the,3.676837
473,16,politician,12.381618
473,17,last,16.520443
473,18,night,7.308668
473,19,.,1.166083
473,20,<eos>,-0.0
474,0,He,0.0
474,1,recalled,11.830338
474,2,who,10.627078
474,3,the,5.534445
474,4,president,9.145444
474,5,said,7.122829
474,6,the,5.535992
474,7,report,10.456765
474,8,confirmed,11.748366
474,9,he,5.047936
474,10,believed,7.323892
474,11,did,11.053164
474,12,assassinate,17.904898
474,13,the,2.933117
474,14,politician,11.478255
474,15,last,16.419304
474,16,night,7.635367
474,17,.,1.206323
474,18,<eos>,-0.0
475,0,He,0.0
475,1,recalled,11.830338
475,2,who,10.627078
475,3,the,5.534445
475,4,president,9.145444
475,5,said,7.122829
475,6,the,5.535992
475,7,report,10.456765
475,8,confirmed,11.748366
475,9,he,5.047936
475,10,believed,7.323892
475,11,the,2.457618
475,12,terrorist,11.887668
475,13,did,9.771676
475,14,assassinate,15.782619
475,15,the,3.72409
475,16,politician,12.251257
475,17,last,16.714161
475,18,night,7.118154
475,19,.,1.073976
475,20,<eos>,-0.0
476,0,He,0.0
476,1,recalled,11.830338
476,2,that,2.828473
476,3,the,2.424241
476,4,president,10.03449
476,5,said,7.863066
476,6,the,3.477312
476,7,report,8.842669
476,8,confirmed,11.890493
476,9,he,5.652
476,10,believed,7.476324
476,11,did,14.191265
476,12,assassinate,18.227797
476,13,the,2.981066
476,14,politician,11.289043
476,15,last,16.178524
476,16,night,7.930324
476,17,.,1.345966
476,18,<eos>,-0.0
477,0,He,0.0
477,1,recalled,11.830338
477,2,that,2.828473
477,3,the,2.424241
477,4,president,10.03449
477,5,said,7.863066
477,6,the,3.477312
477,7,report,8.842669
477,8,confirmed,11.890493
477,9,he,5.652
477,10,believed,7.476324
477,11,the,2.460569
477,12,terrorist,11.755661
477,13,did,9.666551
477,14,assassinate,16.341745
477,15,the,3.676837
477,16,politician,12.381618
477,17,last,16.520443
477,18,night,7.308668
477,19,.,1.166083
477,20,<eos>,-0.0
478,0,He,0.0
478,1,recalled,11.830338
478,2,who,10.627078
478,3,the,5.534445
478,4,president,9.145444
478,5,said,7.122829
478,6,the,5.535992
478,7,report,10.456765
478,8,confirmed,11.748366
478,9,he,5.047936
478,10,believed,7.323892
478,11,did,11.053164
478,12,assassinate,17.904898
478,13,the,2.933117
478,14,politician,11.478255
478,15,last,16.419304
478,16,night,7.635367
478,17,.,1.206323
478,18,<eos>,-0.0
479,0,He,0.0
479,1,recalled,11.830338
479,2,who,10.627078
479,3,the,5.534445
479,4,president,9.145444
479,5,said,7.122829
479,6,the,5.535992
479,7,report,10.456765
479,8,confirmed,11.748366
479,9,he,5.047936
479,10,believed,7.323892
479,11,the,2.457618
479,12,terrorist,11.887668
479,13,did,9.771676
479,14,assassinate,15.782619
479,15,the,3.72409
479,16,politician,12.251257
479,17,last,16.714161
479,18,night,7.118154
479,19,.,1.073976
479,20,<eos>,-0.0
480,0,We,0.0
480,1,recalled,14.266203
480,2,that,3.365684
480,3,might,16.58493
480,4,frighten,15.318498
480,5,the,1.917893
480,6,children,7.768507
480,7,at,6.337696
480,8,the,1.733774
480,9,party,7.830007
480,10,.,2.308581
480,11,<eos>,-0.0
481,0,We,0.0
481,1,recalled,14.266203
481,2,that,3.365684
481,3,the,2.013075
481,4,clown,16.233152
481,5,might,8.652925
481,6,frighten,14.193048
481,7,the,2.189906
481,8,children,7.087171
481,9,at,6.241447
481,10,the,2.003635
481,11,party,8.236997
481,12,.,2.947767
481,13,<eos>,-0.0
482,0,We,0.0
482,1,recalled,14.266203
482,2,who,8.667806
482,3,might,9.943306
482,4,frighten,14.685545
482,5,the,1.886706
482,6,children,7.713624
482,7,at,6.387269
482,8,the,1.604663
482,9,party,7.681884
482,10,.,2.207489
482,11,<eos>,-0.0
483,0,We,0.0
483,1,recalled,14.266203
483,2,who,8.667806
483,3,the,5.621344
483,4,clown,14.229113
483,5,might,7.944346
483,6,frighten,14.57302
483,7,the,3.740158
483,8,children,7.621301
483,9,at,6.435016
483,10,the,1.56371
483,11,party,8.251577
483,12,.,1.900578
483,13,<eos>,-0.0
484,0,We,0.0
484,1,recalled,14.266203
484,2,that,3.365684
484,3,the,2.013075
484,4,actor,11.769681
484,5,said,7.830475
484,6,might,15.776117
484,7,frighten,14.816625
484,8,the,2.238211
484,9,children,7.553077
484,10,at,6.591464
484,11,the,1.723987
484,12,party,7.741003
484,13,.,2.550679
484,14,<eos>,-0.0
485,0,We,0.0
485,1,recalled,14.266203
485,2,that,3.365684
485,3,the,2.013075
485,4,actor,11.769681
485,5,said,7.830475
485,6,the,3.913705
485,7,clown,13.264802
485,8,might,8.366067
485,9,frighten,14.075899
485,10,the,2.315767
485,11,children,7.573219
485,12,at,6.23238
485,13,the,1.836176
485,14,party,8.090472
485,15,.,2.790754
485,16,<eos>,-0.0
486,0,We,0.0
486,1,recalled,14.266203
486,2,who,8.667806
486,3,the,5.621344
486,4,actor,10.473022
486,5,said,8.092617
486,6,might,10.614571
486,7,frighten,14.931641
486,8,the,2.392018
486,9,children,7.768395
486,10,at,6.623783
486,11,the,1.554436
486,12,party,7.324637
486,13,.,1.931177
486,14,<eos>,-0.0
487,0,We,0.0
487,1,recalled,14.266203
487,2,who,8.667806
487,3,the,5.621344
487,4,actor,10.473022
487,5,said,8.092617
487,6,the,5.484583
487,7,clown,13.16396
487,8,might,8.651469
487,9,frighten,13.755223
487,10,the,2.551939
487,11,children,7.364194
487,12,at,6.379886
487,13,the,1.7912
487,14,party,7.936222
487,15,.,2.09944
487,16,<eos>,-0.0
488,0,We,0.0
488,1,recalled,14.266203
488,2,that,3.365684
488,3,the,2.013075
488,4,actor,11.769681
488,5,said,7.830475
488,6,the,3.913705
488,7,people,8.64091
488,8,knew,6.995037
488,9,might,16.069399
488,10,frighten,14.032518
488,11,the,2.431444
488,12,children,7.096447
488,13,at,6.341704
488,14,the,1.502691
488,15,party,7.808224
488,16,.,1.941091
488,17,<eos>,-0.0
489,0,We,0.0
489,1,recalled,14.266203
489,2,that,3.365684
489,3,the,2.013075
489,4,actor,11.769681
489,5,said,7.830475
489,6,the,3.913705
489,7,people,8.64091
489,8,knew,6.995037
489,9,the,3.436183
489,10,clown,12.108163
489,11,might,8.588948
489,12,frighten,13.125297
489,13,the,2.590438
489,14,children,7.207415
489,15,at,6.466012
489,16,the,1.620734
489,17,party,7.878957
489,18,.,1.824433
489,19,<eos>,-0.0
490,0,We,0.0
490,1,recalled,14.266203
490,2,who,8.667806
490,3,the,5.621344
490,4,actor,10.473022
490,5,said,8.092617
490,6,the,5.484583
490,7,people,7.677125
490,8,knew,6.788198
490,9,might,15.143622
490,10,frighten,14.082379
490,11,the,2.665139
490,12,children,7.020225
490,13,at,6.574349
490,14,the,1.442273
490,15,party,7.562572
490,16,.,1.62187
490,17,<eos>,-0.0
491,0,We,0.0
491,1,recalled,14.266203
491,2,who,8.667806
491,3,the,5.621344
491,4,actor,10.473022
491,5,said,8.092617
491,6,the,5.484583
491,7,people,7.677125
491,8,knew,6.788198
491,9,the,3.537174
491,10,clown,12.306911
491,11,might,9.027498
491,12,frighten,13.074334
491,13,the,2.737862
491,14,children,7.262584
491,15,at,6.637836
491,16,the,1.599275
491,17,party,7.724281
491,18,.,1.556809
491,19,<eos>,-0.0
492,0,We,0.0
492,1,recalled,14.266203
492,2,that,3.365684
492,3,the,2.013075
492,4,actor,11.769681
492,5,said,7.830475
492,6,the,3.913705
492,7,people,8.64091
492,8,knew,6.995037
492,9,he,4.784596
492,10,thought,8.637093
492,11,might,15.592717
492,12,frighten,13.862484
492,13,the,2.757927
492,14,children,7.097207
492,15,at,6.607145
492,16,the,1.578625
492,17,party,7.400382
492,18,.,1.802956
492,19,<eos>,-0.0
493,0,We,0.0
493,1,recalled,14.266203
493,2,that,3.365684
493,3,the,2.013075
493,4,actor,11.769681
493,5,said,7.830475
493,6,the,3.913705
493,7,people,8.64091
493,8,knew,6.995037
493,9,he,4.784596
493,10,thought,8.637093
493,11,the,2.851398
493,12,clown,13.143827
493,13,might,8.376231
493,14,frighten,13.172055
493,15,the,3.019125
493,16,children,7.359989
493,17,at,6.421481
493,18,the,1.746871
493,19,party,8.116749
493,20,.,1.766273
493,21,<eos>,-0.0
494,0,We,0.0
494,1,recalled,14.266203
494,2,who,8.667806
494,3,the,5.621344
494,4,actor,10.473022
494,5,said,8.092617
494,6,the,5.484583
494,7,people,7.677125
494,8,knew,6.788198
494,9,he,4.70437
494,10,thought,8.379789
494,11,might,14.919802
494,12,frighten,13.936795
494,13,the,2.899345
494,14,children,7.239136
494,15,at,6.698188
494,16,the,1.512704
494,17,party,7.158186
494,18,.,1.534686
494,19,<eos>,-0.0
495,0,We,0.0
495,1,recalled,14.266203
495,2,who,8.667806
495,3,the,5.621344
495,4,actor,10.473022
495,5,said,8.092617
495,6,the,5.484583
495,7,people,7.677125
495,8,knew,6.788198
495,9,he,4.70437
495,10,thought,8.379789
495,11,the,2.944846
495,12,clown,13.25872
495,13,might,8.632963
495,14,frighten,13.201548
495,15,the,3.136187
495,16,children,7.501191
495,17,at,6.511663
495,18,the,1.692548
495,19,party,7.89663
495,20,.,1.548628
495,21,<eos>,-0.0
496,0,We,0.0
496,1,recalled,14.266203
496,2,that,3.365684
496,3,the,2.013075
496,4,actor,11.769681
496,5,said,7.830475
496,6,the,3.913705
496,7,people,8.64091
496,8,knew,6.995037
496,9,he,4.784596
496,10,thought,8.637093
496,11,might,15.592717
496,12,frighten,13.862484
496,13,the,2.757927
496,14,children,7.097207
496,15,at,6.607145
496,16,the,1.578625
496,17,party,7.400382
496,18,.,1.802956
496,19,<eos>,-0.0
497,0,We,0.0
497,1,recalled,14.266203
497,2,that,3.365684
497,3,the,2.013075
497,4,actor,11.769681
497,5,said,7.830475
497,6,the,3.913705
497,7,people,8.64091
497,8,knew,6.995037
497,9,he,4.784596
497,10,thought,8.637093
497,11,the,2.851398
497,12,clown,13.143827
497,13,might,8.376231
497,14,frighten,13.172055
497,15,the,3.019125
497,16,children,7.359989
497,17,at,6.421481
497,18,the,1.746871
497,19,party,8.116749
497,20,.,1.766273
497,21,<eos>,-0.0
498,0,We,0.0
498,1,recalled,14.266203
498,2,who,8.667806
498,3,the,5.621344
498,4,actor,10.473022
498,5,said,8.092617
498,6,the,5.484583
498,7,people,7.677125
498,8,knew,6.788198
498,9,he,4.70437
498,10,thought,8.379789
498,11,might,14.919802
498,12,frighten,13.936795
498,13,the,2.899345
498,14,children,7.239136
498,15,at,6.698188
498,16,the,1.512704
498,17,party,7.158186
498,18,.,1.534686
498,19,<eos>,-0.0
499,0,We,0.0
499,1,recalled,14.266203
499,2,who,8.667806
499,3,the,5.621344
499,4,actor,10.473022
499,5,said,8.092617
499,6,the,5.484583
499,7,people,7.677125
499,8,knew,6.788198
499,9,he,4.70437
499,10,thought,8.379789
499,11,the,2.944846
499,12,clown,13.25872
499,13,might,8.632963
499,14,frighten,13.201548
499,15,the,3.136187
499,16,children,7.501191
499,17,at,6.511663
499,18,the,1.692548
499,19,party,7.89663
499,20,.,1.548628
499,21,<eos>,-0.0
500,0,They,0.0
500,1,recalled,12.997755
500,2,that,3.338919
500,3,might,17.566448
500,4,have,1.793066
500,5,divorced,18.64761
500,6,the,1.708306
500,7,count,12.68943
500,8,last,14.319352
500,9,year,2.985075
500,10,.,1.770686
500,11,<eos>,-0.0
501,0,They,0.0
501,1,recalled,12.997755
501,2,that,3.338919
501,3,the,2.030145
501,4,heiress,19.372662
501,5,might,8.831794
501,6,have,1.997547
501,7,divorced,12.117598
501,8,the,3.139118
501,9,count,13.980957
501,10,last,15.112607
501,11,year,2.808332
501,12,.,1.963912
501,13,<eos>,-0.0
502,0,They,0.0
502,1,recalled,12.997755
502,2,who,10.332471
502,3,might,9.923829
502,4,have,1.331108
502,5,divorced,14.276291
502,6,the,2.510149
502,7,count,14.026305
502,8,last,14.162837
502,9,year,2.438629
502,10,.,1.738475
502,11,<eos>,-0.0
503,0,They,0.0
503,1,recalled,12.997755
503,2,who,10.332471
503,3,the,6.027031
503,4,heiress,17.835409
503,5,might,7.757231
503,6,have,1.519405
503,7,divorced,13.322734
503,8,the,6.574323
503,9,count,16.937593
503,10,last,14.334826
503,11,year,3.26905
503,12,.,1.730261
503,13,<eos>,-0.0
504,0,They,0.0
504,1,recalled,12.997755
504,2,that,3.338919
504,3,the,2.030145
504,4,writer,11.993924
504,5,thought,8.553223
504,6,might,14.807852
504,7,have,1.536207
504,8,divorced,17.647009
504,9,the,2.335245
504,10,count,14.060713
504,11,last,14.582368
504,12,year,3.342808
504,13,.,1.635951
504,14,<eos>,-0.0
505,0,They,0.0
505,1,recalled,12.997755
505,2,that,3.338919
505,3,the,2.030145
505,4,writer,11.993924
505,5,thought,8.553223
505,6,the,2.91471
505,7,heiress,20.567015
505,8,might,6.38858
505,9,have,1.599413
505,10,divorced,13.021903
505,11,the,3.153336
505,12,count,14.33275
505,13,last,14.937961
505,14,year,3.034601
505,15,.,1.784196
505,16,<eos>,-0.0
506,0,They,0.0
506,1,recalled,12.997755
506,2,who,10.332471
506,3,the,6.027031
506,4,writer,10.720583
506,5,thought,8.378763
506,6,might,8.412286
506,7,have,1.8724
506,8,divorced,16.739855
506,9,the,2.874914
506,10,count,14.034105
506,11,last,14.509058
506,12,year,3.243208
506,13,.,1.483201
506,14,<eos>,-0.0
507,0,They,0.0
507,1,recalled,12.997755
507,2,who,10.332471
507,3,the,6.027031
507,4,writer,10.720583
507,5,thought,8.378763
507,6,the,4.38601
507,7,heiress,17.18269
507,8,might,6.970802
507,9,have,1.276723
507,10,divorced,14.782793
507,11,the,6.192553
507,12,count,16.643812
507,13,last,14.605858
507,14,year,3.440352
507,15,.,1.561625
507,16,<eos>,-0.0
508,0,They,0.0
508,1,recalled,12.997755
508,2,that,3.338919
508,3,the,2.030145
508,4,writer,11.993924
508,5,thought,8.553223
508,6,the,2.91471
508,7,man,9.512727
508,8,said,10.737103
508,9,might,9.75416
508,10,have,1.305192
508,11,divorced,14.700805
508,12,the,2.795502
508,13,count,14.018766
508,14,last,14.656372
508,15,year,3.530022
508,16,.,1.650361
508,17,<eos>,-0.0
509,0,They,0.0
509,1,recalled,12.997755
509,2,that,3.338919
509,3,the,2.030145
509,4,writer,11.993924
509,5,thought,8.553223
509,6,the,2.91471
509,7,man,9.512727
509,8,said,10.737103
509,9,the,4.711791
509,10,heiress,15.59895
509,11,might,7.923824
509,12,have,1.448763
509,13,divorced,13.516138
509,14,the,3.130927
509,15,count,14.471842
509,16,last,15.19377
509,17,year,3.588375
509,18,.,1.627244
509,19,<eos>,-0.0
510,0,They,0.0
510,1,recalled,12.997755
510,2,who,10.332471
510,3,the,6.027031
510,4,writer,10.720583
510,5,thought,8.378763
510,6,the,4.38601
510,7,man,8.420925
510,8,said,10.13148
510,9,might,9.072347
510,10,have,1.863329
510,11,divorced,16.36084
510,12,the,3.011985
510,13,count,14.054333
510,14,last,14.512551
510,15,year,3.565394
510,16,.,1.474183
510,17,<eos>,-0.0
511,0,They,0.0
511,1,recalled,12.997755
511,2,who,10.332471
511,3,the,6.027031
511,4,writer,10.720583
511,5,thought,8.378763
511,6,the,4.38601
511,7,man,8.420925
511,8,said,10.13148
511,9,the,5.712673
511,10,heiress,17.140898
511,11,might,8.080302
511,12,have,1.715128
511,13,divorced,13.199135
511,14,the,3.349967
511,15,count,14.526759
511,16,last,15.093099
511,17,year,3.429364
511,18,.,1.465286
511,19,<eos>,-0.0
512,0,They,0.0
512,1,recalled,12.997755
512,2,that,3.338919
512,3,the,2.030145
512,4,writer,11.993924
512,5,thought,8.553223
512,6,the,2.91471
512,7,man,9.512727
512,8,said,10.737103
512,9,his,7.094841
512,10,brother,6.067866
512,11,believed,9.914708
512,12,might,12.460927
512,13,have,1.858421
512,14,divorced,16.370975
512,15,the,3.313751
512,16,count,14.349086
512,17,last,15.095188
512,18,year,4.235636
512,19,.,1.534047
512,20,<eos>,-0.0
513,0,They,0.0
513,1,recalled,12.997755
513,2,that,3.338919
513,3,the,2.030145
513,4,writer,11.993924
513,5,thought,8.553223
513,6,the,2.91471
513,7,man,9.512727
513,8,said,10.737103
513,9,his,7.094841
513,10,brother,6.067866
513,11,believed,9.914708
513,12,the,3.876472
513,13,heiress,17.202017
513,14,might,6.790487
513,15,have,1.589115
513,16,divorced,13.651082
513,17,the,3.544146
513,18,count,14.304766
513,19,last,15.553225
513,20,year,3.850778
513,21,.,1.442941
513,22,<eos>,-0.0
514,0,They,0.0
514,1,recalled,12.997755
514,2,who,10.332471
514,3,the,6.027031
514,4,writer,10.720583
514,5,thought,8.378763
514,6,the,4.38601
514,7,man,8.420925
514,8,said,10.13148
514,9,his,8.869982
514,10,brother,6.513529
514,11,believed,9.380135
514,12,might,13.583253
514,13,have,2.175809
514,14,divorced,16.719044
514,15,the,3.342706
514,16,count,14.319718
514,17,last,14.947891
514,18,year,4.059442
514,19,.,1.399262
514,20,<eos>,-0.0
515,0,They,0.0
515,1,recalled,12.997755
515,2,who,10.332471
515,3,the,6.027031
515,4,writer,10.720583
515,5,thought,8.378763
515,6,the,4.38601
515,7,man,8.420925
515,8,said,10.13148
515,9,his,8.869982
515,10,brother,6.513529
515,11,believed,9.380135
515,12,the,3.715826
515,13,heiress,18.136343
515,14,might,6.712556
515,15,have,1.594311
515,16,divorced,13.586442
515,17,the,3.594109
515,18,count,14.379642
515,19,last,15.467299
515,20,year,3.69122
515,21,.,1.339883
515,22,<eos>,-0.0
516,0,They,0.0
516,1,recalled,12.997755
516,2,that,3.338919
516,3,the,2.030145
516,4,writer,11.993924
516,5,thought,8.553223
516,6,the,2.91471
516,7,man,9.512727
516,8,said,10.737103
516,9,his,7.094841
516,10,brother,6.067866
516,11,believed,9.914708
516,12,might,12.460927
516,13,have,1.858421
516,14,divorced,16.370975
516,15,the,3.313751
516,16,count,14.349086
516,17,last,15.095188
516,18,year,4.235636
516,19,.,1.534047
516,20,<eos>,-0.0
517,0,They,0.0
517,1,recalled,12.997755
517,2,that,3.338919
517,3,the,2.030145
517,4,writer,11.993924
517,5,thought,8.553223
517,6,the,2.91471
517,7,man,9.512727
517,8,said,10.737103
517,9,his,7.094841
517,10,brother,6.067866
517,11,believed,9.914708
517,12,the,3.876472
517,13,heiress,17.202017
517,14,might,6.790487
517,15,have,1.589115
517,16,divorced,13.651082
517,17,the,3.544146
517,18,count,14.304766
517,19,last,15.553225
517,20,year,3.850778
517,21,.,1.442941
517,22,<eos>,-0.0
518,0,They,0.0
518,1,recalled,12.997755
518,2,who,10.332471
518,3,the,6.027031
518,4,writer,10.720583
518,5,thought,8.378763
518,6,the,4.38601
518,7,man,8.420925
518,8,said,10.13148
518,9,his,8.869982
518,10,brother,6.513529
518,11,believed,9.380135
518,12,might,13.583253
518,13,have,2.175809
518,14,divorced,16.719044
518,15,the,3.342706
518,16,count,14.319718
518,17,last,14.947891
518,18,year,4.059442
518,19,.,1.399262
518,20,<eos>,-0.0
519,0,They,0.0
519,1,recalled,12.997755
519,2,who,10.332471
519,3,the,6.027031
519,4,writer,10.720583
519,5,thought,8.378763
519,6,the,4.38601
519,7,man,8.420925
519,8,said,10.13148
519,9,his,8.869982
519,10,brother,6.513529
519,11,believed,9.380135
519,12,the,3.715826
519,13,heiress,18.136343
519,14,might,6.712556
519,15,have,1.594311
519,16,divorced,13.586442
519,17,the,3.594109
519,18,count,14.379642
519,19,last,15.467299
519,20,year,3.69122
519,21,.,1.339883
519,22,<eos>,-0.0
520,0,They,0.0
520,1,reported,10.412453
520,2,that,1.780984
520,3,did,13.917817
520,4,promote,14.54642
520,5,the,1.493384
520,6,accountant,20.001534
520,7,yesterday,19.685835
520,8,.,1.632164
520,9,<eos>,-0.0
521,0,They,0.0
521,1,reported,10.412453
521,2,that,1.780984
521,3,the,1.89322
521,4,manager,13.025427
521,5,did,6.701646
521,6,promote,16.384567
521,7,the,1.483756
521,8,accountant,19.149641
521,9,yesterday,20.607681
521,10,.,1.707211
521,11,<eos>,-0.0
522,0,They,0.0
522,1,reported,10.412453
522,2,who,11.821813
522,3,did,5.957334
522,4,promote,14.851296
522,5,the,1.23941
522,6,accountant,20.986565
522,7,yesterday,19.470406
522,8,.,1.492537
522,9,<eos>,-0.0
523,0,They,0.0
523,1,reported,10.412453
523,2,who,11.821813
523,3,the,7.229744
523,4,manager,12.035475
523,5,did,6.068048
523,6,promote,17.405941
523,7,the,3.12904
523,8,accountant,18.465014
523,9,yesterday,19.987436
523,10,.,1.216195
523,11,<eos>,-0.0
524,0,They,0.0
524,1,reported,10.412453
524,2,that,1.780984
524,3,the,1.89322
524,4,executive,13.061622
524,5,said,9.450661
524,6,did,13.328575
524,7,promote,15.024946
524,8,the,1.535162
524,9,accountant,20.428825
524,10,yesterday,19.96056
524,11,.,1.781265
524,12,<eos>,-0.0
525,0,They,0.0
525,1,reported,10.412453
525,2,that,1.780984
525,3,the,1.89322
525,4,executive,13.061622
525,5,said,9.450661
525,6,the,3.213771
525,7,manager,13.133978
525,8,did,6.169365
525,9,promote,15.567128
525,10,the,1.532819
525,11,accountant,19.472406
525,12,yesterday,20.227192
525,13,.,1.624208
525,14,<eos>,-0.0
526,0,They,0.0
526,1,reported,10.412453
526,2,who,11.821813
526,3,the,7.229744
526,4,executive,11.851168
526,5,said,6.617255
526,6,did,8.004944
526,7,promote,15.094719
526,8,the,1.687288
526,9,accountant,20.184746
526,10,yesterday,20.002878
526,11,.,1.393239
526,12,<eos>,-0.0
527,0,They,0.0
527,1,reported,10.412453
527,2,who,11.821813
527,3,the,7.229744
527,4,executive,11.851168
527,5,said,6.617255
527,6,the,4.485958
527,7,manager,12.966097
527,8,did,6.171285
527,9,promote,15.858073
527,10,the,1.635599
527,11,accountant,19.375393
527,12,yesterday,19.741182
527,13,.,1.309197
527,14,<eos>,-0.0
528,0,They,0.0
528,1,reported,10.412453
528,2,that,1.780984
528,3,the,1.89322
528,4,executive,13.061622
528,5,said,9.450661
528,6,a,6.948168
528,7,reporter,10.669798
528,8,believed,9.743066
528,9,did,16.409641
528,10,promote,12.573137
528,11,the,1.587114
528,12,accountant,19.828516
528,13,yesterday,19.291246
528,14,.,1.680828
528,15,<eos>,-0.0
529,0,They,0.0
529,1,reported,10.412453
529,2,that,1.780984
529,3,the,1.89322
529,4,executive,13.061622
529,5,said,9.450661
529,6,a,6.948168
529,7,reporter,10.669798
529,8,believed,9.743066
529,9,the,2.703472
529,10,manager,13.954394
529,11,did,6.672708
529,12,promote,15.331548
529,13,the,1.556685
529,14,accountant,19.023863
529,15,yesterday,19.648064
529,16,.,1.567886
529,17,<eos>,-0.0
530,0,They,0.0
530,1,reported,10.412453
530,2,who,11.821813
530,3,the,7.229744
530,4,executive,11.851168
530,5,said,6.617255
530,6,a,7.715989
530,7,reporter,9.30761
530,8,believed,9.28036
530,9,did,11.477399
530,10,promote,13.64639
530,11,the,1.608925
530,12,accountant,20.016678
530,13,yesterday,19.143499
530,14,.,1.254933
530,15,<eos>,-0.0
531,0,They,0.0
531,1,reported,10.412453
531,2,who,11.821813
531,3,the,7.229744
531,4,executive,11.851168
531,5,said,6.617255
531,6,a,7.715989
531,7,reporter,9.30761
531,8,believed,9.28036
531,9,the,2.895143
531,10,manager,14.096859
531,11,did,6.778757
531,12,promote,15.421013
531,13,the,1.605967
531,14,accountant,19.045145
531,15,yesterday,19.351465
531,16,.,1.200084
531,17,<eos>,-0.0
532,0,They,0.0
532,1,reported,10.412453
532,2,that,1.780984
532,3,the,1.89322
532,4,executive,13.061622
532,5,said,9.450661
532,6,a,6.948168
532,7,reporter,10.669798
532,8,believed,9.743066
532,9,the,2.703472
532,10,client,11.694448
532,11,said,10.876823
532,12,did,12.643327
532,13,promote,15.512845
532,14,the,1.75706
532,15,accountant,19.076576
532,16,yesterday,19.426708
532,17,.,1.363087
532,18,<eos>,-0.0
533,0,They,0.0
533,1,reported,10.412453
533,2,that,1.780984
533,3,the,1.89322
533,4,executive,13.061622
533,5,said,9.450661
533,6,a,6.948168
533,7,reporter,10.669798
533,8,believed,9.743066
533,9,the,2.703472
533,10,client,11.694448
533,11,said,10.876823
533,12,the,3.772477
533,13,manager,13.073682
533,14,did,6.513009
533,15,promote,15.984939
533,16,the,1.612876
533,17,accountant,18.771955
533,18,yesterday,19.684027
533,19,.,1.384079
533,20,<eos>,-0.0
534,0,They,0.0
534,1,reported,10.412453
534,2,who,11.821813
534,3,the,7.229744
534,4,executive,11.851168
534,5,said,6.617255
534,6,a,7.715989
534,7,reporter,9.30761
534,8,believed,9.28036
534,9,the,2.895143
534,10,client,11.949667
534,11,said,10.76268
534,12,did,11.742587
534,13,promote,15.851405
534,14,the,1.839951
534,15,accountant,19.256893
534,16,yesterday,19.325375
534,17,.,1.096593
534,18,<eos>,-0.0
535,0,They,0.0
535,1,reported,10.412453
535,2,who,11.821813
535,3,the,7.229744
535,4,executive,11.851168
535,5,said,6.617255
535,6,a,7.715989
535,7,reporter,9.30761
535,8,believed,9.28036
535,9,the,2.895143
535,10,client,11.949667
535,11,said,10.76268
535,12,the,3.885957
535,13,manager,13.047416
535,14,did,6.649036
535,15,promote,16.038303
535,16,the,1.653512
535,17,accountant,18.833555
535,18,yesterday,19.540279
535,19,.,1.134668
535,20,<eos>,-0.0
536,0,They,0.0
536,1,reported,10.412453
536,2,that,1.780984
536,3,the,1.89322
536,4,executive,13.061622
536,5,said,9.450661
536,6,a,6.948168
536,7,reporter,10.669798
536,8,believed,9.743066
536,9,the,2.703472
536,10,client,11.694448
536,11,said,10.876823
536,12,did,12.643327
536,13,promote,15.512845
536,14,the,1.75706
536,15,accountant,19.076576
536,16,yesterday,19.426708
536,17,.,1.363087
536,18,<eos>,-0.0
537,0,They,0.0
537,1,reported,10.412453
537,2,that,1.780984
537,3,the,1.89322
537,4,executive,13.061622
537,5,said,9.450661
537,6,a,6.948168
537,7,reporter,10.669798
537,8,believed,9.743066
537,9,the,2.703472
537,10,client,11.694448
537,11,said,10.876823
537,12,the,3.772477
537,13,manager,13.073682
537,14,did,6.513009
537,15,promote,15.984939
537,16,the,1.612876
537,17,accountant,18.771955
537,18,yesterday,19.684027
537,19,.,1.384079
537,20,<eos>,-0.0
538,0,They,0.0
538,1,reported,10.412453
538,2,who,11.821813
538,3,the,7.229744
538,4,executive,11.851168
538,5,said,6.617255
538,6,a,7.715989
538,7,reporter,9.30761
538,8,believed,9.28036
538,9,the,2.895143
538,10,client,11.949667
538,11,said,10.76268
538,12,did,11.742587
538,13,promote,15.851405
538,14,the,1.839951
538,15,accountant,19.256893
538,16,yesterday,19.325375
538,17,.,1.096593
538,18,<eos>,-0.0
539,0,They,0.0
539,1,reported,10.412453
539,2,who,11.821813
539,3,the,7.229744
539,4,executive,11.851168
539,5,said,6.617255
539,6,a,7.715989
539,7,reporter,9.30761
539,8,believed,9.28036
539,9,the,2.895143
539,10,client,11.949667
539,11,said,10.76268
539,12,the,3.885957
539,13,manager,13.047416
539,14,did,6.649036
539,15,promote,16.038303
539,16,the,1.653512
539,17,accountant,18.833555
539,18,yesterday,19.540279
539,19,.,1.134668
539,20,<eos>,-0.0
540,0,He,0.0
540,1,reported,10.835539
540,2,that,1.868976
540,3,will,15.450523
540,4,abandon,14.164431
540,5,his,2.36371
540,6,partner,10.648947
540,7,in,3.703231
540,8,the,1.891179
540,9,desert,10.659458
540,10,.,2.24556
540,11,<eos>,-0.0
541,0,He,0.0
541,1,reported,10.835539
541,2,that,1.868976
541,3,the,2.223669
541,4,cowboy,16.845673
541,5,will,9.040291
541,6,abandon,10.767981
541,7,his,2.11064
541,8,partner,11.895041
541,9,in,4.037199
541,10,the,2.04911
541,11,desert,7.667658
541,12,.,2.572547
541,13,<eos>,-0.0
542,0,He,0.0
542,1,reported,10.835539
542,2,who,12.096594
542,3,will,9.467492
542,4,abandon,12.207031
542,5,his,1.948738
542,6,partner,11.989362
542,7,in,3.389757
542,8,the,1.951027
542,9,desert,10.034988
542,10,.,2.031471
542,11,<eos>,-0.0
543,0,He,0.0
543,1,reported,10.835539
543,2,who,12.096594
543,3,the,7.066419
543,4,cowboy,15.255877
543,5,will,8.655581
543,6,abandon,12.319584
543,7,his,2.425353
543,8,partner,12.092576
543,9,in,3.589713
543,10,the,1.835441
543,11,desert,7.86881
543,12,.,1.786011
543,13,<eos>,-0.0
544,0,He,0.0
544,1,reported,10.835539
544,2,that,1.868976
544,3,the,2.223669
544,4,farmer,13.535235
544,5,said,8.328086
544,6,will,16.128641
544,7,abandon,12.830688
544,8,his,2.387919
544,9,partner,11.059525
544,10,in,4.000308
544,11,the,1.876733
544,12,desert,10.316402
544,13,.,1.83848
544,14,<eos>,-0.0
545,0,He,0.0
545,1,reported,10.835539
545,2,that,1.868976
545,3,the,2.223669
545,4,farmer,13.535235
545,5,said,8.328086
545,6,the,3.560346
545,7,cowboy,14.420107
545,8,will,8.421553
545,9,abandon,10.339313
545,10,his,2.24193
545,11,partner,12.007278
545,12,in,4.450495
545,13,the,2.110491
545,14,desert,8.014586
545,15,.,2.034898
545,16,<eos>,-0.0
546,0,He,0.0
546,1,reported,10.835539
546,2,who,12.096594
546,3,the,7.066419
546,4,farmer,12.31315
546,5,said,7.028391
546,6,will,10.059443
546,7,abandon,13.631263
546,8,his,2.614198
546,9,partner,11.263945
546,10,in,3.98695
546,11,the,1.750845
546,12,desert,10.039681
546,13,.,1.542663
546,14,<eos>,-0.0
547,0,He,0.0
547,1,reported,10.835539
547,2,who,12.096594
547,3,the,7.066419
547,4,farmer,12.31315
547,5,said,7.028391
547,6,the,5.931177
547,7,cowboy,13.304627
547,8,will,9.482056
547,9,abandon,12.15686
547,10,his,4.774513
547,11,partner,12.463109
547,12,in,4.166674
547,13,the,1.824841
547,14,desert,8.062752
547,15,.,1.343945
547,16,<eos>,-0.0
548,0,He,0.0
548,1,reported,10.835539
548,2,that,1.868976
548,3,the,2.223669
548,4,farmer,13.535235
548,5,said,8.328086
548,6,his,5.625406
548,7,friend,7.547409
548,8,reported,12.021181
548,9,will,15.944707
548,10,abandon,11.830177
548,11,his,1.945882
548,12,partner,11.437788
548,13,in,3.689119
548,14,the,1.888573
548,15,desert,9.946429
548,16,.,1.698606
548,17,<eos>,-0.0
549,0,He,0.0
549,1,reported,10.835539
549,2,that,1.868976
549,3,the,2.223669
549,4,farmer,13.535235
549,5,said,8.328086
549,6,his,5.625406
549,7,friend,7.547409
549,8,reported,12.021181
549,9,the,3.987056
549,10,cowboy,17.170483
549,11,will,9.626829
549,12,abandon,11.638304
549,13,his,2.024562
549,14,partner,11.882446
549,15,in,4.437413
549,16,the,1.983333
549,17,desert,8.019525
549,18,.,1.648109
549,19,<eos>,-0.0
550,0,He,0.0
550,1,reported,10.835539
550,2,who,12.096594
550,3,the,7.066419
550,4,farmer,12.31315
550,5,said,7.028391
550,6,his,8.091573
550,7,friend,6.722308
550,8,reported,11.391336
550,9,will,11.25488
550,10,abandon,13.008484
550,11,his,2.015961
550,12,partner,11.726103
550,13,in,3.787627
550,14,the,1.825777
550,15,desert,9.711703
550,16,.,1.466398
550,17,<eos>,-0.0
551,0,He,0.0
551,1,reported,10.835539
551,2,who,12.096594
551,3,the,7.066419
551,4,farmer,12.31315
551,5,said,7.028391
551,6,his,8.091573
551,7,friend,6.722308
551,8,reported,11.391336
551,9,the,6.021364
551,10,cowboy,16.292387
551,11,will,9.744692
551,12,abandon,13.044554
551,13,his,3.847201
551,14,partner,13.249202
551,15,in,4.281755
551,16,the,1.871832
551,17,desert,7.89711
551,18,.,1.395686
551,19,<eos>,-0.0
552,0,He,0.0
552,1,reported,10.835539
552,2,that,1.868976
552,3,the,2.223669
552,4,farmer,13.535235
552,5,said,8.328086
552,6,his,5.625406
552,7,friend,7.547409
552,8,reported,12.021181
552,9,he,4.719448
552,10,believed,7.949998
552,11,will,15.561703
552,12,abandon,14.080592
552,13,his,2.260945
552,14,partner,10.724882
552,15,in,3.885312
552,16,the,1.685939
552,17,desert,10.462593
552,18,.,1.432698
552,19,<eos>,-0.0
553,0,He,0.0
553,1,reported,10.835539
553,2,that,1.868976
553,3,the,2.223669
553,4,farmer,13.535235
553,5,said,8.328086
553,6,his,5.625406
553,7,friend,7.547409
553,8,reported,12.021181
553,9,he,4.719448
553,10,believed,7.949998
553,11,the,2.625475
553,12,cowboy,14.671209
553,13,will,9.935697
553,14,abandon,11.205361
553,15,his,1.952216
553,16,partner,11.883974
553,17,in,4.517632
553,18,the,2.000654
553,19,desert,7.943753
553,20,.,1.511088
553,21,<eos>,-0.0
554,0,He,0.0
554,1,reported,10.835539
554,2,who,12.096594
554,3,the,7.066419
554,4,farmer,12.31315
554,5,said,7.028391
554,6,his,8.091573
554,7,friend,6.722308
554,8,reported,11.391336
554,9,he,6.255692
554,10,believed,7.633911
554,11,will,10.836726
554,12,abandon,14.287017
554,13,his,2.428354
554,14,partner,11.186428
554,15,in,4.102169
554,16,the,1.691614
554,17,desert,9.851151
554,18,.,1.228138
554,19,<eos>,-0.0
555,0,He,0.0
555,1,reported,10.835539
555,2,who,12.096594
555,3,the,7.066419
555,4,farmer,12.31315
555,5,said,7.028391
555,6,his,8.091573
555,7,friend,6.722308
555,8,reported,11.391336
555,9,he,6.255692
555,10,believed,7.633911
555,11,the,4.765059
555,12,cowboy,14.199469
555,13,will,9.849813
555,14,abandon,11.7902
555,15,his,2.474976
555,16,partner,12.694018
555,17,in,4.471881
555,18,the,1.858242
555,19,desert,7.63031
555,20,.,1.250343
555,21,<eos>,-0.0
556,0,He,0.0
556,1,reported,10.835539
556,2,that,1.868976
556,3,the,2.223669
556,4,farmer,13.535235
556,5,said,8.328086
556,6,his,5.625406
556,7,friend,7.547409
556,8,reported,12.021181
556,9,he,4.719448
556,10,believed,7.949998
556,11,will,15.561703
556,12,abandon,14.080592
556,13,his,2.260945
556,14,partner,10.724882
556,15,in,3.885312
556,16,the,1.685939
556,17,desert,10.462593
556,18,.,1.432698
556,19,<eos>,-0.0
557,0,He,0.0
557,1,reported,10.835539
557,2,that,1.868976
557,3,the,2.223669
557,4,farmer,13.535235
557,5,said,8.328086
557,6,his,5.625406
557,7,friend,7.547409
557,8,reported,12.021181
557,9,he,4.719448
557,10,believed,7.949998
557,11,the,2.625475
557,12,cowboy,14.671209
557,13,will,9.935697
557,14,abandon,11.205361
557,15,his,1.952216
557,16,partner,11.883974
557,17,in,4.517632
557,18,the,2.000654
557,19,desert,7.943753
557,20,.,1.511088
557,21,<eos>,-0.0
558,0,He,0.0
558,1,reported,10.835539
558,2,who,12.096594
558,3,the,7.066419
558,4,farmer,12.31315
558,5,said,7.028391
558,6,his,8.091573
558,7,friend,6.722308
558,8,reported,11.391336
558,9,he,6.255692
558,10,believed,7.633911
558,11,will,10.836726
558,12,abandon,14.287017
558,13,his,2.428354
558,14,partner,11.186428
558,15,in,4.102169
558,16,the,1.691614
558,17,desert,9.851151
558,18,.,1.228138
558,19,<eos>,-0.0
559,0,He,0.0
559,1,reported,10.835539
559,2,who,12.096594
559,3,the,7.066419
559,4,farmer,12.31315
559,5,said,7.028391
559,6,his,8.091573
559,7,friend,6.722308
559,8,reported,11.391336
559,9,he,6.255692
559,10,believed,7.633911
559,11,the,4.765059
559,12,cowboy,14.199469
559,13,will,9.849813
559,14,abandon,11.7902
559,15,his,2.474976
559,16,partner,12.694018
559,17,in,4.471881
559,18,the,1.858242
559,19,desert,7.63031
559,20,.,1.250343
559,21,<eos>,-0.0
560,0,They,0.0
560,1,know,9.486106
560,2,that,2.169621
560,3,should,13.847187
560,4,reassure,17.232059
560,5,the,1.882774
560,6,old,9.574747
560,7,woman,6.633454
560,8,at,8.244516
560,9,the,1.279169
560,10,hospital,7.74545
560,11,.,6.608926
560,12,<eos>,-0.0
561,0,They,0.0
561,1,know,9.486106
561,2,that,2.169621
561,3,the,1.87231
561,4,nurse,15.349316
561,5,should,6.094624
561,6,reassure,16.773502
561,7,the,1.895506
561,8,old,10.773407
561,9,woman,4.283064
561,10,at,8.709564
561,11,the,1.453857
561,12,hospital,6.103364
561,13,.,3.78881
561,14,<eos>,-0.0
562,0,They,0.0
562,1,know,9.486106
562,2,who,7.200986
562,3,should,7.420847
562,4,reassure,15.984231
562,5,the,1.711116
562,6,old,9.872447
562,7,woman,6.41036
562,8,at,8.238626
562,9,the,1.181144
562,10,hospital,8.632974
562,11,.,1.182597
562,12,<eos>,-0.0
563,0,They,0.0
563,1,know,9.486106
563,2,who,7.200986
563,3,the,4.435805
563,4,nurse,14.006237
563,5,should,5.813551
563,6,reassure,18.239799
563,7,the,3.138667
563,8,old,8.964398
563,9,woman,3.883665
563,10,at,7.284822
563,11,the,1.142127
563,12,hospital,5.228557
563,13,.,0.955436
563,14,<eos>,-0.0
564,0,They,0.0
564,1,know,9.486106
564,2,that,2.169621
564,3,the,1.87231
564,4,doctor,12.126802
564,5,believed,8.783647
564,6,should,16.448786
564,7,reassure,16.649231
564,8,the,2.067007
564,9,old,9.917651
564,10,woman,5.326048
564,11,at,8.878069
564,12,the,1.248664
564,13,hospital,5.293641
564,14,.,2.853124
564,15,<eos>,-0.0
565,0,They,0.0
565,1,know,9.486106
565,2,that,2.169621
565,3,the,1.87231
565,4,doctor,12.126802
565,5,believed,8.783647
565,6,the,3.312144
565,7,nurse,9.931621
565,8,should,4.980379
565,9,reassure,17.259317
565,10,the,2.326273
565,11,old,10.913412
565,12,woman,4.495276
565,13,at,8.875134
565,14,the,1.320334
565,15,hospital,4.103458
565,16,.,3.523237
565,17,<eos>,-0.0
566,0,They,0.0
566,1,know,9.486106
566,2,who,7.200986
566,3,the,4.435805
566,4,doctor,11.182167
566,5,believed,9.06979
566,6,should,8.960943
566,7,reassure,17.908224
566,8,the,2.053828
566,9,old,9.897308
566,10,woman,5.44835
566,11,at,8.513482
566,12,the,1.124559
566,13,hospital,5.439305
566,14,.,1.178509
566,15,<eos>,-0.0
567,0,They,0.0
567,1,know,9.486106
567,2,who,7.200986
567,3,the,4.435805
567,4,doctor,11.182167
567,5,believed,9.06979
567,6,the,4.654794
567,7,nurse,9.884974
567,8,should,6.019993
567,9,reassure,18.173803
567,10,the,2.607261
567,11,old,10.337796
567,12,woman,4.074948
567,13,at,7.221169
567,14,the,1.110733
567,15,hospital,3.897185
567,16,.,0.862353
567,17,<eos>,-0.0
568,0,They,0.0
568,1,know,9.486106
568,2,that,2.169621
568,3,the,1.87231
568,4,doctor,12.126802
568,5,believed,8.783647
568,6,the,3.312144
568,7,man,7.551149
568,8,said,12.059078
568,9,should,10.235771
568,10,reassure,16.638983
568,11,the,2.451253
568,12,old,10.139439
568,13,woman,4.83844
568,14,at,9.447908
568,15,the,1.263988
568,16,hospital,5.560977
568,17,.,3.246195
568,18,<eos>,-0.0
569,0,They,0.0
569,1,know,9.486106
569,2,that,2.169621
569,3,the,1.87231
569,4,doctor,12.126802
569,5,believed,8.783647
569,6,the,3.312144
569,7,man,7.551149
569,8,said,12.059078
569,9,the,4.675224
569,10,nurse,9.256444
569,11,should,5.71154
569,12,reassure,17.12529
569,13,the,2.611166
569,14,old,10.357983
569,15,woman,4.51558
569,16,at,8.66522
569,17,the,1.215809
569,18,hospital,4.498488
569,19,.,2.395612
569,20,<eos>,-0.0
570,0,They,0.0
570,1,know,9.486106
570,2,who,7.200986
570,3,the,4.435805
570,4,doctor,11.182167
570,5,believed,9.06979
570,6,the,4.654794
570,7,man,7.417821
570,8,said,10.665816
570,9,should,8.567864
570,10,reassure,17.344961
570,11,the,2.438341
570,12,old,9.880169
570,13,woman,5.105707
570,14,at,8.421366
570,15,the,1.10859
570,16,hospital,5.45773
570,17,.,0.997408
570,18,<eos>,-0.0
571,0,They,0.0
571,1,know,9.486106
571,2,who,7.200986
571,3,the,4.435805
571,4,doctor,11.182167
571,5,believed,9.06979
571,6,the,4.654794
571,7,man,7.417821
571,8,said,10.665816
571,9,the,6.064116
571,10,nurse,9.368561
571,11,should,6.765674
571,12,reassure,17.300104
571,13,the,2.546681
571,14,old,10.576702
571,15,woman,4.791099
571,16,at,8.368834
571,17,the,1.162617
571,18,hospital,4.300015
571,19,.,1.298065
571,20,<eos>,-0.0
572,0,They,0.0
572,1,know,9.486106
572,2,that,2.169621
572,3,the,1.87231
572,4,doctor,12.126802
572,5,believed,8.783647
572,6,the,3.312144
572,7,man,7.551149
572,8,said,12.059078
572,9,he,3.211528
572,10,thought,9.212198
572,11,should,12.768113
572,12,reassure,17.037916
572,13,the,2.377802
572,14,old,9.439374
572,15,woman,5.55725
572,16,at,8.161548
572,17,the,1.166114
572,18,hospital,5.154566
572,19,.,1.777658
572,20,<eos>,-0.0
573,0,They,0.0
573,1,know,9.486106
573,2,that,2.169621
573,3,the,1.87231
573,4,doctor,12.126802
573,5,believed,8.783647
573,6,the,3.312144
573,7,man,7.551149
573,8,said,12.059078
573,9,he,3.211528
573,10,thought,9.212198
573,11,the,2.8634
573,12,nurse,10.7204
573,13,should,5.891266
573,14,reassure,17.492859
573,15,the,2.508906
573,16,old,10.592395
573,17,woman,4.960063
573,18,at,8.192355
573,19,the,1.195811
573,20,hospital,3.998644
573,21,.,2.043137
573,22,<eos>,-0.0
574,0,They,0.0
574,1,know,9.486106
574,2,who,7.200986
574,3,the,4.435805
574,4,doctor,11.182167
574,5,believed,9.06979
574,6,the,4.654794
574,7,man,7.417821
574,8,said,10.665816
574,9,he,5.024565
574,10,thought,9.140497
574,11,should,12.359867
574,12,reassure,17.533697
574,13,the,2.451124
574,14,old,9.609202
574,15,woman,5.818407
574,16,at,7.936086
574,17,the,1.083214
574,18,hospital,5.27392
574,19,.,0.915664
574,20,<eos>,-0.0
575,0,They,0.0
575,1,know,9.486106
575,2,who,7.200986
575,3,the,4.435805
575,4,doctor,11.182167
575,5,believed,9.06979
575,6,the,4.654794
575,7,man,7.417821
575,8,said,10.665816
575,9,he,5.024565
575,10,thought,9.140497
575,11,the,3.169319
575,12,nurse,11.308175
575,13,should,6.015434
575,14,reassure,17.682499
575,15,the,2.382961
575,16,old,10.65527
575,17,woman,5.144448
575,18,at,7.937277
575,19,the,1.161944
575,20,hospital,3.94356
575,21,.,1.140057
575,22,<eos>,-0.0
576,0,They,0.0
576,1,know,9.486106
576,2,that,2.169621
576,3,the,1.87231
576,4,doctor,12.126802
576,5,believed,8.783647
576,6,the,3.312144
576,7,man,7.551149
576,8,said,12.059078
576,9,he,3.211528
576,10,thought,9.212198
576,11,should,12.768113
576,12,reassure,17.037916
576,13,the,2.377802
576,14,old,9.439374
576,15,woman,5.55725
576,16,at,8.161548
576,17,the,1.166114
576,18,hospital,5.154566
576,19,.,1.777658
576,20,<eos>,-0.0
577,0,They,0.0
577,1,know,9.486106
577,2,that,2.169621
577,3,the,1.87231
577,4,doctor,12.126802
577,5,believed,8.783647
577,6,the,3.312144
577,7,man,7.551149
577,8,said,12.059078
577,9,he,3.211528
577,10,thought,9.212198
577,11,the,2.8634
577,12,nurse,10.7204
577,13,should,5.891266
577,14,reassure,17.492859
577,15,the,2.508906
577,16,old,10.592395
577,17,woman,4.960063
577,18,at,8.192355
577,19,the,1.195811
577,20,hospital,3.998644
577,21,.,2.043137
577,22,<eos>,-0.0
578,0,They,0.0
578,1,know,9.486106
578,2,who,7.200986
578,3,the,4.435805
578,4,doctor,11.182167
578,5,believed,9.06979
578,6,the,4.654794
578,7,man,7.417821
578,8,said,10.665816
578,9,he,5.024565
578,10,thought,9.140497
578,11,should,12.359867
578,12,reassure,17.533697
578,13,the,2.451124
578,14,old,9.609202
578,15,woman,5.818407
578,16,at,7.936086
578,17,the,1.083214
578,18,hospital,5.27392
578,19,.,0.915664
578,20,<eos>,-0.0
579,0,They,0.0
579,1,know,9.486106
579,2,who,7.200986
579,3,the,4.435805
579,4,doctor,11.182167
579,5,believed,9.06979
579,6,the,4.654794
579,7,man,7.417821
579,8,said,10.665816
579,9,he,5.024565
579,10,thought,9.140497
579,11,the,3.169319
579,12,nurse,11.308175
579,13,should,6.015434
579,14,reassure,17.682499
579,15,the,2.382961
579,16,old,10.65527
579,17,woman,5.144448
579,18,at,7.937277
579,19,the,1.161944
579,20,hospital,3.94356
579,21,.,1.140057
579,22,<eos>,-0.0
580,0,She,0.0
580,1,knows,11.608641
580,2,that,2.279035
580,3,did,15.223252
580,4,thank,18.605871
580,5,the,4.141362
580,6,waitress,14.70961
580,7,after,9.652903
580,8,the,2.455193
580,9,meal,6.102056
580,10,.,1.231811
580,11,<eos>,-0.0
581,0,She,0.0
581,1,knows,11.608641
581,2,that,2.279035
581,3,the,2.521865
581,4,woman,6.550632
581,5,did,8.630225
581,6,thank,21.189543
581,7,the,3.912331
581,8,waitress,14.511014
581,9,after,9.544246
581,10,the,2.538352
581,11,meal,5.966361
581,12,.,1.080634
581,13,<eos>,-0.0
582,0,She,0.0
582,1,knows,11.608641
582,2,who,6.4446
582,3,did,8.869591
582,4,thank,17.312901
582,5,the,3.684009
582,6,waitress,14.293356
582,7,after,9.132638
582,8,the,2.484751
582,9,meal,6.096793
582,10,.,0.923926
582,11,<eos>,-0.0
583,0,She,0.0
583,1,knows,11.608641
583,2,who,6.4446
583,3,the,4.386521
583,4,woman,5.698281
583,5,did,9.12261
583,6,thank,22.153753
583,7,the,4.161495
583,8,waitress,14.742228
583,9,after,8.456484
583,10,the,2.426635
583,11,meal,5.623887
583,12,.,0.802344
583,13,<eos>,-0.0
584,0,She,0.0
584,1,knows,11.608641
584,2,that,2.279035
584,3,the,2.521865
584,4,waiter,16.7216
584,5,said,11.355186
584,6,did,15.560959
584,7,thank,17.987253
584,8,the,3.796258
584,9,waitress,10.656066
584,10,after,8.704792
584,11,the,2.553124
584,12,meal,5.450794
584,13,.,1.0182
584,14,<eos>,-0.0
585,0,She,0.0
585,1,knows,11.608641
585,2,that,2.279035
585,3,the,2.521865
585,4,waiter,16.7216
585,5,said,11.355186
585,6,the,3.737786
585,7,woman,6.385749
585,8,did,6.360664
585,9,thank,20.860428
585,10,the,4.000867
585,11,waitress,10.585227
585,12,after,9.146135
585,13,the,2.633656
585,14,meal,5.22759
585,15,.,0.954805
585,16,<eos>,-0.0
586,0,She,0.0
586,1,knows,11.608641
586,2,who,6.4446
586,3,the,4.386521
586,4,waiter,15.07773
586,5,said,10.911545
586,6,did,11.287331
586,7,thank,18.915316
586,8,the,3.833753
586,9,waitress,11.020315
586,10,after,8.662807
586,11,the,2.53263
586,12,meal,4.842342
586,13,.,0.705061
586,14,<eos>,-0.0
587,0,She,0.0
587,1,knows,11.608641
587,2,who,6.4446
587,3,the,4.386521
587,4,waiter,15.07773
587,5,said,10.911545
587,6,the,5.578625
587,7,woman,6.086536
587,8,did,7.405649
587,9,thank,20.0319
587,10,the,4.142943
587,11,waitress,10.779896
587,12,after,9.379703
587,13,the,2.582451
587,14,meal,5.093777
587,15,.,0.748975
587,16,<eos>,-0.0
588,0,She,0.0
588,1,knows,11.608641
588,2,that,2.279035
588,3,the,2.521865
588,4,waiter,16.7216
588,5,said,11.355186
588,6,the,3.737786
588,7,woman,6.385749
588,8,believed,10.06792
588,9,did,11.324052
588,10,thank,18.353718
588,11,the,3.490761
588,12,waitress,11.044648
588,13,after,8.643685
588,14,the,2.451923
588,15,meal,5.88368
588,16,.,0.965397
588,17,<eos>,-0.0
589,0,She,0.0
589,1,knows,11.608641
589,2,that,2.279035
589,3,the,2.521865
589,4,waiter,16.7216
589,5,said,11.355186
589,6,the,3.737786
589,7,woman,6.385749
589,8,believed,10.06792
589,9,the,3.608701
589,10,woman,5.62046
589,11,did,6.962495
589,12,thank,20.528254
589,13,the,4.009454
589,14,waitress,11.491533
589,15,after,8.99325
589,16,the,2.528731
589,17,meal,5.704513
589,18,.,0.835383
589,19,<eos>,-0.0
590,0,She,0.0
590,1,knows,11.608641
590,2,who,6.4446
590,3,the,4.386521
590,4,waiter,15.07773
590,5,said,10.911545
590,6,the,5.578625
590,7,woman,6.086536
590,8,believed,10.492447
590,9,did,12.308628
590,10,thank,18.06818
590,11,the,3.553484
590,12,waitress,11.577142
590,13,after,8.92924
590,14,the,2.467194
590,15,meal,5.793359
590,16,.,0.788834
590,17,<eos>,-0.0
591,0,She,0.0
591,1,knows,11.608641
591,2,who,6.4446
591,3,the,4.386521
591,4,waiter,15.07773
591,5,said,10.911545
591,6,the,5.578625
591,7,woman,6.086536
591,8,believed,10.492447
591,9,the,3.431304
591,10,woman,5.541318
591,11,did,7.183349
591,12,thank,20.284412
591,13,the,3.978057
591,14,waitress,12.00712
591,15,after,9.268949
591,16,the,2.468636
591,17,meal,5.697526
591,18,.,0.683295
591,19,<eos>,-0.0
592,0,She,0.0
592,1,knows,11.608641
592,2,that,2.279035
592,3,the,2.521865
592,4,waiter,16.7216
592,5,said,11.355186
592,6,the,3.737786
592,7,woman,6.385749
592,8,believed,10.06792
592,9,she,3.259094
592,10,remembered,15.580294
592,11,did,11.846698
592,12,thank,17.994417
592,13,the,4.403006
592,14,waitress,10.863692
592,15,after,8.331242
592,16,the,2.600123
592,17,meal,5.873368
592,18,.,0.873604
592,19,<eos>,-0.0
593,0,She,0.0
593,1,knows,11.608641
593,2,that,2.279035
593,3,the,2.521865
593,4,waiter,16.7216
593,5,said,11.355186
593,6,the,3.737786
593,7,woman,6.385749
593,8,believed,10.06792
593,9,she,3.259094
593,10,remembered,15.580294
593,11,the,2.606574
593,12,woman,5.950575
593,13,did,10.710465
593,14,thank,20.476925
593,15,the,4.520129
593,16,waitress,11.782411
593,17,after,9.068813
593,18,the,2.505905
593,19,meal,5.860141
593,20,.,0.717784
593,21,<eos>,-0.0
594,0,She,0.0
594,1,knows,11.608641
594,2,who,6.4446
594,3,the,4.386521
594,4,waiter,15.07773
594,5,said,10.911545
594,6,the,5.578625
594,7,woman,6.086536
594,8,believed,10.492447
594,9,she,2.94115
594,10,remembered,15.275301
594,11,did,12.792457
594,12,thank,17.674803
594,13,the,4.204637
594,14,waitress,11.44756
594,15,after,8.479325
594,16,the,2.50095
594,17,meal,5.882306
594,18,.,0.753126
594,19,<eos>,-0.0
595,0,She,0.0
595,1,knows,11.608641
595,2,who,6.4446
595,3,the,4.386521
595,4,waiter,15.07773
595,5,said,10.911545
595,6,the,5.578625
595,7,woman,6.086536
595,8,believed,10.492447
595,9,she,2.94115
595,10,remembered,15.275301
595,11,the,2.541576
595,12,woman,5.726219
595,13,did,11.224581
595,14,thank,20.724356
595,15,the,4.472136
595,16,waitress,12.52601
595,17,after,9.049033
595,18,the,2.45069
595,19,meal,5.88113
595,20,.,0.622958
595,21,<eos>,-0.0
596,0,She,0.0
596,1,knows,11.608641
596,2,that,2.279035
596,3,the,2.521865
596,4,waiter,16.7216
596,5,said,11.355186
596,6,the,3.737786
596,7,woman,6.385749
596,8,believed,10.06792
596,9,she,3.259094
596,10,remembered,15.580294
596,11,did,11.846698
596,12,thank,17.994417
596,13,the,4.403006
596,14,waitress,10.863692
596,15,after,8.331242
596,16,the,2.600123
596,17,meal,5.873368
596,18,.,0.873604
596,19,<eos>,-0.0
597,0,She,0.0
597,1,knows,11.608641
597,2,that,2.279035
597,3,the,2.521865
597,4,waiter,16.7216
597,5,said,11.355186
597,6,the,3.737786
597,7,woman,6.385749
597,8,believed,10.06792
597,9,she,3.259094
597,10,remembered,15.580294
597,11,the,2.606574
597,12,woman,5.950575
597,13,did,10.710465
597,14,thank,20.476925
597,15,the,4.520129
597,16,waitress,11.782411
597,17,after,9.068813
597,18,the,2.505905
597,19,meal,5.860141
597,20,.,0.717784
597,21,<eos>,-0.0
598,0,She,0.0
598,1,knows,11.608641
598,2,who,6.4446
598,3,the,4.386521
598,4,waiter,15.07773
598,5,said,10.911545
598,6,the,5.578625
598,7,woman,6.086536
598,8,believed,10.492447
598,9,she,2.94115
598,10,remembered,15.275301
598,11,did,12.792457
598,12,thank,17.674803
598,13,the,4.204637
598,14,waitress,11.44756
598,15,after,8.479325
598,16,the,2.50095
598,17,meal,5.882306
598,18,.,0.753126
598,19,<eos>,-0.0
599,0,She,0.0
599,1,knows,11.608641
599,2,who,6.4446
599,3,the,4.386521
599,4,waiter,15.07773
599,5,said,10.911545
599,6,the,5.578625
599,7,woman,6.086536
599,8,believed,10.492447
599,9,she,2.94115
599,10,remembered,15.275301
599,11,the,2.541576
599,12,woman,5.726219
599,13,did,11.224581
599,14,thank,20.724356
599,15,the,4.472136
599,16,waitress,12.52601
599,17,after,9.049033
599,18,the,2.45069
599,19,meal,5.88113
599,20,.,0.622958
599,21,<eos>,-0.0
600,0,He,0.0
600,1,knows,11.52312
600,2,that,2.297416
600,3,might,14.99877
600,4,interrogate,18.610472
600,5,the,2.75401
600,6,spy,11.212171
600,7,in,6.128715
600,8,the,2.246035
600,9,prison,8.224529
600,10,.,2.185977
600,11,<eos>,-0.0
601,0,He,0.0
601,1,knows,11.52312
601,2,that,2.297416
601,3,the,2.267236
601,4,police,8.530047
601,5,might,8.153675
601,6,interrogate,13.119328
601,7,the,3.298076
601,8,spy,9.694178
601,9,in,5.877412
601,10,the,2.345151
601,11,prison,7.642706
601,12,.,2.113148
601,13,<eos>,-0.0
602,0,He,0.0
602,1,knows,11.52312
602,2,who,6.622077
602,3,might,8.989314
602,4,interrogate,16.465279
602,5,the,2.617077
602,6,spy,10.245711
602,7,in,6.173371
602,8,the,1.975394
602,9,prison,7.929116
602,10,.,1.995664
602,11,<eos>,-0.0
603,0,He,0.0
603,1,knows,11.52312
603,2,who,6.622077
603,3,the,4.020604
603,4,police,8.129345
603,5,might,7.827134
603,6,interrogate,12.502507
603,7,the,4.707795
603,8,spy,10.476919
603,9,in,5.971213
603,10,the,1.676139
603,11,prison,7.510918
603,12,.,1.582057
603,13,<eos>,-0.0
604,0,He,0.0
604,1,knows,11.52312
604,2,that,2.297416
604,3,the,2.267236
604,4,inspector,15.041479
604,5,said,10.898587
604,6,might,16.207026
604,7,interrogate,16.998499
604,8,the,3.499036
604,9,spy,9.882427
604,10,in,5.905576
604,11,the,2.18049
604,12,prison,7.187938
604,13,.,1.767664
604,14,<eos>,-0.0
605,0,He,0.0
605,1,knows,11.52312
605,2,that,2.297416
605,3,the,2.267236
605,4,inspector,15.041479
605,5,said,10.898587
605,6,the,3.257384
605,7,police,6.192225
605,8,might,7.867643
605,9,interrogate,13.182946
605,10,the,3.305757
605,11,spy,9.494279
605,12,in,5.965049
605,13,the,2.261923
605,14,prison,7.399155
605,15,.,1.809419
605,16,<eos>,-0.0
606,0,He,0.0
606,1,knows,11.52312
606,2,who,6.622077
606,3,the,4.020604
606,4,inspector,13.512759
606,5,said,9.978379
606,6,might,11.069921
606,7,interrogate,17.498135
606,8,the,3.210171
606,9,spy,9.992324
606,10,in,6.172412
606,11,the,1.981469
606,12,prison,7.107224
606,13,.,1.546391
606,14,<eos>,-0.0
607,0,He,0.0
607,1,knows,11.52312
607,2,who,6.622077
607,3,the,4.020604
607,4,inspector,13.512759
607,5,said,9.978379
607,6,the,5.05689
607,7,police,6.587899
607,8,might,7.867095
607,9,interrogate,13.264685
607,10,the,3.078192
607,11,spy,9.734258
607,12,in,6.19664
607,13,the,2.054957
607,14,prison,7.317913
607,15,.,1.532369
607,16,<eos>,-0.0
608,0,He,0.0
608,1,knows,11.52312
608,2,that,2.297416
608,3,the,2.267236
608,4,inspector,15.041479
608,5,said,10.898587
608,6,the,3.257384
608,7,man,5.92521
608,8,reported,13.39818
608,9,might,11.994699
608,10,interrogate,16.814625
608,11,the,2.803112
608,12,spy,9.272122
608,13,in,5.948297
608,14,the,2.230922
608,15,prison,7.663964
608,16,.,2.05702
608,17,<eos>,-0.0
609,0,He,0.0
609,1,knows,11.52312
609,2,that,2.297416
609,3,the,2.267236
609,4,inspector,15.041479
609,5,said,10.898587
609,6,the,3.257384
609,7,man,5.92521
609,8,reported,13.39818
609,9,the,3.787629
609,10,police,8.294675
609,11,might,9.333366
609,12,interrogate,13.839452
609,13,the,2.791518
609,14,spy,9.738716
609,15,in,5.906085
609,16,the,2.135166
609,17,prison,7.564809
609,18,.,1.796127
609,19,<eos>,-0.0
610,0,He,0.0
610,1,knows,11.52312
610,2,who,6.622077
610,3,the,4.020604
610,4,inspector,13.512759
610,5,said,9.978379
610,6,the,5.05689
610,7,man,5.892483
610,8,reported,12.610765
610,9,might,11.51084
610,10,interrogate,17.055582
610,11,the,2.803054
610,12,spy,9.468407
610,13,in,6.215961
610,14,the,2.038684
610,15,prison,7.424407
610,16,.,1.75968
610,17,<eos>,-0.0
611,0,He,0.0
611,1,knows,11.52312
611,2,who,6.622077
611,3,the,4.020604
611,4,inspector,13.512759
611,5,said,9.978379
611,6,the,5.05689
611,7,man,5.892483
611,8,reported,12.610765
611,9,the,3.99553
611,10,police,8.172667
611,11,might,9.554128
611,12,interrogate,13.63896
611,13,the,2.769249
611,14,spy,9.918734
611,15,in,5.997351
611,16,the,2.068111
611,17,prison,7.602171
611,18,.,1.633717
611,19,<eos>,-0.0
612,0,He,0.0
612,1,knows,11.52312
612,2,that,2.297416
612,3,the,2.267236
612,4,inspector,15.041479
612,5,said,10.898587
612,6,the,3.257384
612,7,man,5.92521
612,8,reported,13.39818
612,9,he,4.681043
612,10,thought,9.29265
612,11,might,13.770431
612,12,interrogate,17.395735
612,13,the,2.97137
612,14,spy,9.612484
612,15,in,6.032654
612,16,the,2.117362
612,17,prison,7.181292
612,18,.,1.688241
612,19,<eos>,-0.0
613,0,He,0.0
613,1,knows,11.52312
613,2,that,2.297416
613,3,the,2.267236
613,4,inspector,15.041479
613,5,said,10.898587
613,6,the,3.257384
613,7,man,5.92521
613,8,reported,13.39818
613,9,he,4.681043
613,10,thought,9.29265
613,11,the,2.808826
613,12,police,5.427962
613,13,might,7.799432
613,14,interrogate,13.696574
613,15,the,3.290281
613,16,spy,9.691426
613,17,in,5.931893
613,18,the,2.041567
613,19,prison,7.50485
613,20,.,1.593645
613,21,<eos>,-0.0
614,0,He,0.0
614,1,knows,11.52312
614,2,who,6.622077
614,3,the,4.020604
614,4,inspector,13.512759
614,5,said,9.978379
614,6,the,5.05689
614,7,man,5.892483
614,8,reported,12.610765
614,9,he,4.612526
614,10,thought,9.358476
614,11,might,13.6333
614,12,interrogate,17.507843
614,13,the,2.997747
614,14,spy,9.85346
614,15,in,6.116241
614,16,the,2.014348
614,17,prison,7.189062
614,18,.,1.537903
614,19,<eos>,-0.0
615,0,He,0.0
615,1,knows,11.52312
615,2,who,6.622077
615,3,the,4.020604
615,4,inspector,13.512759
615,5,said,9.978379
615,6,the,5.05689
615,7,man,5.892483
615,8,reported,12.610765
615,9,he,4.612526
615,10,thought,9.358476
615,11,the,2.67407
615,12,police,5.629478
615,13,might,7.722648
615,14,interrogate,13.722072
615,15,the,3.257923
615,16,spy,9.804775
615,17,in,6.019924
615,18,the,1.958933
615,19,prison,7.530297
615,20,.,1.459293
615,21,<eos>,-0.0
616,0,He,0.0
616,1,knows,11.52312
616,2,that,2.297416
616,3,the,2.267236
616,4,inspector,15.041479
616,5,said,10.898587
616,6,the,3.257384
616,7,man,5.92521
616,8,reported,13.39818
616,9,he,4.681043
616,10,thought,9.29265
616,11,might,13.770431
616,12,interrogate,17.395735
616,13,the,2.97137
616,14,spy,9.612484
616,15,in,6.032654
616,16,the,2.117362
616,17,prison,7.181292
616,18,.,1.688241
616,19,<eos>,-0.0
617,0,He,0.0
617,1,knows,11.52312
617,2,that,2.297416
617,3,the,2.267236
617,4,inspector,15.041479
617,5,said,10.898587
617,6,the,3.257384
617,7,man,5.92521
617,8,reported,13.39818
617,9,he,4.681043
617,10,thought,9.29265
617,11,the,2.808826
617,12,police,5.427962
617,13,might,7.799432
617,14,interrogate,13.696574
617,15,the,3.290281
617,16,spy,9.691426
617,17,in,5.931893
617,18,the,2.041567
617,19,prison,7.50485
617,20,.,1.593645
617,21,<eos>,-0.0
618,0,He,0.0
618,1,knows,11.52312
618,2,who,6.622077
618,3,the,4.020604
618,4,inspector,13.512759
618,5,said,9.978379
618,6,the,5.05689
618,7,man,5.892483
618,8,reported,12.610765
618,9,he,4.612526
618,10,thought,9.358476
618,11,might,13.6333
618,12,interrogate,17.507843
618,13,the,2.997747
618,14,spy,9.85346
618,15,in,6.116241
618,16,the,2.014348
618,17,prison,7.189062
618,18,.,1.537903
618,19,<eos>,-0.0
619,0,He,0.0
619,1,knows,11.52312
619,2,who,6.622077
619,3,the,4.020604
619,4,inspector,13.512759
619,5,said,9.978379
619,6,the,5.05689
619,7,man,5.892483
619,8,reported,12.610765
619,9,he,4.612526
619,10,thought,9.358476
619,11,the,2.67407
619,12,police,5.629478
619,13,might,7.722648
619,14,interrogate,13.722072
619,15,the,3.257923
619,16,spy,9.804775
619,17,in,6.019924
619,18,the,1.958933
619,19,prison,7.530297
619,20,.,1.459293
619,21,<eos>,-0.0
620,0,You,0.0
620,1,know,6.225534
620,2,that,3.970907
620,3,will,12.239525
620,4,introduce,12.947605
620,5,her,7.969211
620,6,friend,12.911229
620,7,to,3.186589
620,8,her,3.802252
620,9,mother,4.93538
620,10,.,1.929656
620,11,<eos>,-0.0
621,0,You,0.0
621,1,know,6.225534
621,2,that,3.970907
621,3,the,2.063794
621,4,young,9.309608
621,5,woman,4.543005
621,6,will,5.393339
621,7,introduce,12.829197
621,8,her,3.290216
621,9,friend,13.279537
621,10,to,2.855924
621,11,her,2.795845
621,12,mother,4.391183
621,13,.,2.189728
621,14,<eos>,-0.0
622,0,You,0.0
622,1,know,6.225534
622,2,who,7.834128
622,3,will,5.979121
622,4,introduce,12.177049
622,5,her,7.019227
622,6,friend,14.224746
622,7,to,2.945362
622,8,her,3.747613
622,9,mother,5.163378
622,10,.,1.546244
622,11,<eos>,-0.0
623,0,You,0.0
623,1,know,6.225534
623,2,who,7.834128
623,3,the,4.899722
623,4,young,9.266635
623,5,woman,5.496605
623,6,will,5.208504
623,7,introduce,13.75878
623,8,her,6.812262
623,9,friend,11.323302
623,10,to,3.429845
623,11,her,3.721245
623,12,mother,5.00796
623,13,.,1.545119
623,14,<eos>,-0.0
624,0,You,0.0
624,1,know,6.225534
624,2,that,3.970907
624,3,we,6.976933
624,4,all,7.039507
624,5,believe,7.705782
624,6,will,11.065482
624,7,introduce,12.79931
624,8,her,9.646947
624,9,friend,13.139523
624,10,to,3.048956
624,11,her,4.172369
624,12,mother,5.596233
624,13,.,1.614228
624,14,<eos>,-0.0
625,0,You,0.0
625,1,know,6.225534
625,2,that,3.970907
625,3,we,6.976933
625,4,all,7.039507
625,5,believe,7.705782
625,6,the,3.423167
625,7,young,10.198137
625,8,woman,4.605494
625,9,will,4.216263
625,10,introduce,13.004828
625,11,her,3.409027
625,12,friend,13.843923
625,13,to,2.579773
625,14,her,2.70434
625,15,mother,5.07297
625,16,.,1.770997
625,17,<eos>,-0.0
626,0,You,0.0
626,1,know,6.225534
626,2,who,7.834128
626,3,we,7.422175
626,4,all,7.298488
626,5,believe,7.072744
626,6,will,5.042475
626,7,introduce,13.389573
626,8,her,8.915794
626,9,friend,13.609742
626,10,to,2.865114
626,11,her,4.204752
626,12,mother,5.967172
626,13,.,1.438273
626,14,<eos>,-0.0
627,0,You,0.0
627,1,know,6.225534
627,2,who,7.834128
627,3,we,7.422175
627,4,all,7.298488
627,5,believe,7.072744
627,6,the,7.332662
627,7,young,9.62687
627,8,woman,5.439695
627,9,will,4.421491
627,10,introduce,13.21471
627,11,her,3.279989
627,12,friend,13.409926
627,13,to,2.668295
627,14,her,2.994184
627,15,mother,5.04253
627,16,.,1.50486
627,17,<eos>,-0.0
628,0,You,0.0
628,1,know,6.225534
628,2,that,3.970907
628,3,we,6.976933
628,4,all,7.039507
628,5,believe,7.705782
628,6,she,9.15129
628,7,thought,10.945172
628,8,will,12.568258
628,9,introduce,13.662722
628,10,her,4.871718
628,11,friend,12.756303
628,12,to,3.086832
628,13,her,3.289714
628,14,mother,5.632897
628,15,.,1.471031
628,16,<eos>,-0.0
629,0,You,0.0
629,1,know,6.225534
629,2,that,3.970907
629,3,we,6.976933
629,4,all,7.039507
629,5,believe,7.705782
629,6,she,9.15129
629,7,thought,10.945172
629,8,the,3.118791
629,9,young,9.216683
629,10,woman,2.494995
629,11,will,6.011479
629,12,introduce,13.673435
629,13,her,3.01197
629,14,friend,14.031521
629,15,to,2.548598
629,16,her,2.536736
629,17,mother,5.147521
629,18,.,1.595685
629,19,<eos>,-0.0
630,0,You,0.0
630,1,know,6.225534
630,2,who,7.834128
630,3,we,7.422175
630,4,all,7.298488
630,5,believe,7.072744
630,6,she,11.845207
630,7,thought,10.908528
630,8,will,7.971807
630,9,introduce,13.976542
630,10,her,4.726907
630,11,friend,13.395761
630,12,to,3.009262
630,13,her,3.761838
630,14,mother,5.942024
630,15,.,1.361347
630,16,<eos>,-0.0
631,0,You,0.0
631,1,know,6.225534
631,2,who,7.834128
631,3,we,7.422175
631,4,all,7.298488
631,5,believe,7.072744
631,6,she,11.845207
631,7,thought,10.908528
631,8,the,4.498666
631,9,young,9.010237
631,10,woman,3.340351
631,11,will,5.298356
631,12,introduce,13.759148
631,13,her,3.072494
631,14,friend,13.582237
631,15,to,2.762684
631,16,her,2.937524
631,17,mother,5.20756
631,18,.,1.411149
631,19,<eos>,-0.0
632,0,You,0.0
632,1,know,6.225534
632,2,that,3.970907
632,3,we,6.976933
632,4,all,7.039507
632,5,believe,7.705782
632,6,she,9.15129
632,7,thought,10.945172
632,8,he,5.430739
632,9,said,10.212052
632,10,will,11.751313
632,11,introduce,13.241408
632,12,her,5.515992
632,13,friend,13.559551
632,14,to,3.168664
632,15,her,3.192321
632,16,mother,5.861074
632,17,.,1.379246
632,18,<eos>,-0.0
633,0,You,0.0
633,1,know,6.225534
633,2,that,3.970907
633,3,we,6.976933
633,4,all,7.039507
633,5,believe,7.705782
633,6,she,9.15129
633,7,thought,10.945172
633,8,he,5.430739
633,9,said,10.212052
633,10,the,3.911805
633,11,young,10.120242
633,12,woman,3.778814
633,13,will,6.496046
633,14,introduce,13.441249
633,15,her,2.781664
633,16,friend,13.694107
633,17,to,2.625381
633,18,her,2.530773
633,19,mother,5.024123
633,20,.,1.439602
633,21,<eos>,-0.0
634,0,You,0.0
634,1,know,6.225534
634,2,who,7.834128
634,3,we,7.422175
634,4,all,7.298488
634,5,believe,7.072744
634,6,she,11.845207
634,7,thought,10.908528
634,8,he,7.087846
634,9,said,9.303167
634,10,will,10.733817
634,11,introduce,13.709642
634,12,her,5.969286
634,13,friend,13.725972
634,14,to,3.255256
634,15,her,3.715295
634,16,mother,6.267819
634,17,.,1.345116
634,18,<eos>,-0.0
635,0,You,0.0
635,1,know,6.225534
635,2,who,7.834128
635,3,we,7.422175
635,4,all,7.298488
635,5,believe,7.072744
635,6,she,11.845207
635,7,thought,10.908528
635,8,he,7.087846
635,9,said,9.303167
635,10,the,4.624491
635,11,young,9.591347
635,12,woman,4.322566
635,13,will,5.615978
635,14,introduce,13.387457
635,15,her,2.854676
635,16,friend,13.326144
635,17,to,2.835563
635,18,her,2.812119
635,19,mother,5.111111
635,20,.,1.458402
635,21,<eos>,-0.0
636,0,You,0.0
636,1,know,6.225534
636,2,that,3.970907
636,3,we,6.976933
636,4,all,7.039507
636,5,believe,7.705782
636,6,she,9.15129
636,7,thought,10.945172
636,8,he,5.430739
636,9,said,10.212052
636,10,will,11.751313
636,11,introduce,13.241408
636,12,her,5.515992
636,13,friend,13.559551
636,14,to,3.168664
636,15,her,3.192321
636,16,mother,5.861074
636,17,.,1.379246
636,18,<eos>,-0.0
637,0,You,0.0
637,1,know,6.225534
637,2,that,3.970907
637,3,we,6.976933
637,4,all,7.039507
637,5,believe,7.705782
637,6,she,9.15129
637,7,thought,10.945172
637,8,he,5.430739
637,9,said,10.212052
637,10,the,3.911805
637,11,young,10.120242
637,12,woman,3.778814
637,13,will,6.496046
637,14,introduce,13.441249
637,15,her,2.781664
637,16,friend,13.694107
637,17,to,2.625381
637,18,her,2.530773
637,19,mother,5.024123
637,20,.,1.439602
637,21,<eos>,-0.0
638,0,You,0.0
638,1,know,6.225534
638,2,who,7.834128
638,3,we,7.422175
638,4,all,7.298488
638,5,believe,7.072744
638,6,she,11.845207
638,7,thought,10.908528
638,8,he,7.087846
638,9,said,9.303167
638,10,will,10.733817
638,11,introduce,13.709642
638,12,her,5.969286
638,13,friend,13.725972
638,14,to,3.255256
638,15,her,3.715295
638,16,mother,6.267819
638,17,.,1.345116
638,18,<eos>,-0.0
639,0,You,0.0
639,1,know,6.225534
639,2,who,7.834128
639,3,we,7.422175
639,4,all,7.298488
639,5,believe,7.072744
639,6,she,11.845207
639,7,thought,10.908528
639,8,he,7.087846
639,9,said,9.303167
639,10,the,4.624491
639,11,young,9.591347
639,12,woman,4.322566
639,13,will,5.615978
639,14,introduce,13.387457
639,15,her,2.854676
639,16,friend,13.326144
639,17,to,2.835563
639,18,her,2.812119
639,19,mother,5.111111
639,20,.,1.458402
639,21,<eos>,-0.0
640,0,I,0.0
640,1,know,6.278276
640,2,that,2.352433
640,3,should,12.472908
640,4,congratulate,17.339407
640,5,the,3.527839
640,6,couple,10.915104
640,7,after,9.577316
640,8,the,2.482763
640,9,service,10.468616
640,10,.,1.990166
640,11,<eos>,-0.0
641,0,I,0.0
641,1,know,6.278276
641,2,that,2.352433
641,3,the,2.35511
641,4,priest,13.087937
641,5,should,6.700845
641,6,congratulate,15.075006
641,7,the,3.257934
641,8,couple,11.327386
641,9,after,7.771101
641,10,the,2.009856
641,11,service,9.496403
641,12,.,1.795604
641,13,<eos>,-0.0
642,0,I,0.0
642,1,know,6.278276
642,2,who,6.580016
642,3,should,7.317849
642,4,congratulate,13.876171
642,5,the,3.077748
642,6,couple,9.926728
642,7,after,8.533195
642,8,the,2.19859
642,9,service,11.235171
642,10,.,1.41746
642,11,<eos>,-0.0
643,0,I,0.0
643,1,know,6.278276
643,2,who,6.580016
643,3,the,5.056487
643,4,priest,12.262259
643,5,should,6.459565
643,6,congratulate,15.338994
643,7,the,4.365149
643,8,couple,11.244807
643,9,after,7.735388
643,10,the,1.974496
643,11,service,10.571575
643,12,.,1.659382
643,13,<eos>,-0.0
644,0,I,0.0
644,1,know,6.278276
644,2,that,2.352433
644,3,the,2.35511
644,4,man,8.492576
644,5,thinks,9.886786
644,6,should,12.200623
644,7,congratulate,15.99881
644,8,the,4.258252
644,9,couple,9.584028
644,10,after,8.177175
644,11,the,2.374863
644,12,service,11.446462
644,13,.,1.643638
644,14,<eos>,-0.0
645,0,I,0.0
645,1,know,6.278276
645,2,that,2.352433
645,3,the,2.35511
645,4,man,8.492576
645,5,thinks,9.886786
645,6,the,3.783918
645,7,priest,11.750247
645,8,should,5.101192
645,9,congratulate,14.86214
645,10,the,4.207883
645,11,couple,10.273534
645,12,after,7.664876
645,13,the,2.204699
645,14,service,10.804749
645,15,.,1.65832
645,16,<eos>,-0.0
646,0,I,0.0
646,1,know,6.278276
646,2,who,6.580016
646,3,the,5.056487
646,4,man,7.492087
646,5,thinks,8.431314
646,6,should,7.957235
646,7,congratulate,17.110088
646,8,the,4.087406
646,9,couple,9.771802
646,10,after,8.635101
646,11,the,2.239445
646,12,service,11.714209
646,13,.,1.412264
646,14,<eos>,-0.0
647,0,I,0.0
647,1,know,6.278276
647,2,who,6.580016
647,3,the,5.056487
647,4,man,7.492087
647,5,thinks,8.431314
647,6,the,5.20266
647,7,priest,11.868578
647,8,should,6.037853
647,9,congratulate,15.524673
647,10,the,5.267475
647,11,couple,10.146716
647,12,after,8.025799
647,13,the,2.201515
647,14,service,11.53898
647,15,.,1.586496
647,16,<eos>,-0.0
648,0,I,0.0
648,1,know,6.278276
648,2,that,2.352433
648,3,the,2.35511
648,4,man,8.492576
648,5,thinks,9.886786
648,6,the,3.783918
648,7,woman,8.084802
648,8,said,10.907943
648,9,should,10.80184
648,10,congratulate,15.715634
648,11,the,4.725924
648,12,couple,8.563198
648,13,after,8.418136
648,14,the,2.557009
648,15,service,12.226954
648,16,.,1.532591
648,17,<eos>,-0.0
649,0,I,0.0
649,1,know,6.278276
649,2,that,2.352433
649,3,the,2.35511
649,4,man,8.492576
649,5,thinks,9.886786
649,6,the,3.783918
649,7,woman,8.084802
649,8,said,10.907943
649,9,the,4.66707
649,10,priest,11.50771
649,11,should,6.018453
649,12,congratulate,15.30074
649,13,the,4.492519
649,14,couple,9.335605
649,15,after,7.974109
649,16,the,2.337479
649,17,service,11.911229
649,18,.,1.48568
649,19,<eos>,-0.0
650,0,I,0.0
650,1,know,6.278276
650,2,who,6.580016
650,3,the,5.056487
650,4,man,7.492087
650,5,thinks,8.431314
650,6,the,5.20266
650,7,woman,7.758025
650,8,said,8.990764
650,9,should,8.994376
650,10,congratulate,17.34709
650,11,the,4.140752
650,12,couple,8.116508
650,13,after,8.681583
650,14,the,2.293414
650,15,service,12.518895
650,16,.,1.414988
650,17,<eos>,-0.0
651,0,I,0.0
651,1,know,6.278276
651,2,who,6.580016
651,3,the,5.056487
651,4,man,7.492087
651,5,thinks,8.431314
651,6,the,5.20266
651,7,woman,7.758025
651,8,said,8.990764
651,9,the,6.019263
651,10,priest,11.829043
651,11,should,7.401658
651,12,congratulate,15.331464
651,13,the,5.195431
651,14,couple,9.426934
651,15,after,8.431958
651,16,the,2.241523
651,17,service,12.116159
651,18,.,1.552487
651,19,<eos>,-0.0
652,0,I,0.0
652,1,know,6.278276
652,2,that,2.352433
652,3,the,2.35511
652,4,man,8.492576
652,5,thinks,9.886786
652,6,the,3.783918
652,7,woman,8.084802
652,8,said,10.907943
652,9,she,3.032726
652,10,believed,10.1113
652,11,should,13.457898
652,12,congratulate,16.28071
652,13,the,4.288145
652,14,couple,8.771068
652,15,after,7.967469
652,16,the,2.639407
652,17,service,12.802699
652,18,.,1.593213
652,19,<eos>,-0.0
653,0,I,0.0
653,1,know,6.278276
653,2,that,2.352433
653,3,the,2.35511
653,4,man,8.492576
653,5,thinks,9.886786
653,6,the,3.783918
653,7,woman,8.084802
653,8,said,10.907943
653,9,she,3.032726
653,10,believed,10.1113
653,11,the,3.094792
653,12,priest,12.098188
653,13,should,5.849709
653,14,congratulate,15.52405
653,15,the,4.494606
653,16,couple,9.742275
653,17,after,8.027388
653,18,the,2.412032
653,19,service,12.146914
653,20,.,1.489357
653,21,<eos>,-0.0
654,0,I,0.0
654,1,know,6.278276
654,2,who,6.580016
654,3,the,5.056487
654,4,man,7.492087
654,5,thinks,8.431314
654,6,the,5.20266
654,7,woman,7.758025
654,8,said,8.990764
654,9,she,5.271996
654,10,believed,9.77658
654,11,should,8.858059
654,12,congratulate,17.752878
654,13,the,4.116767
654,14,couple,8.70118
654,15,after,8.586603
654,16,the,2.479057
654,17,service,12.734446
654,18,.,1.382796
654,19,<eos>,-0.0
655,0,I,0.0
655,1,know,6.278276
655,2,who,6.580016
655,3,the,5.056487
655,4,man,7.492087
655,5,thinks,8.431314
655,6,the,5.20266
655,7,woman,7.758025
655,8,said,8.990764
655,9,she,5.271996
655,10,believed,9.77658
655,11,the,5.661843
655,12,priest,12.052711
655,13,should,6.24584
655,14,congratulate,15.569187
655,15,the,5.699783
655,16,couple,9.428571
655,17,after,8.199687
655,18,the,2.446886
655,19,service,12.415422
655,20,.,1.573668
655,21,<eos>,-0.0
656,0,I,0.0
656,1,know,6.278276
656,2,that,2.352433
656,3,the,2.35511
656,4,man,8.492576
656,5,thinks,9.886786
656,6,the,3.783918
656,7,woman,8.084802
656,8,said,10.907943
656,9,she,3.032726
656,10,believed,10.1113
656,11,should,13.457898
656,12,congratulate,16.28071
656,13,the,4.288145
656,14,couple,8.771068
656,15,after,7.967469
656,16,the,2.639407
656,17,service,12.802699
656,18,.,1.593213
656,19,<eos>,-0.0
657,0,I,0.0
657,1,know,6.278276
657,2,that,2.352433
657,3,the,2.35511
657,4,man,8.492576
657,5,thinks,9.886786
657,6,the,3.783918
657,7,woman,8.084802
657,8,said,10.907943
657,9,she,3.032726
657,10,believed,10.1113
657,11,the,3.094792
657,12,priest,12.098188
657,13,should,5.849709
657,14,congratulate,15.52405
657,15,the,4.494606
657,16,couple,9.742275
657,17,after,8.027388
657,18,the,2.412032
657,19,service,12.146914
657,20,.,1.489357
657,21,<eos>,-0.0
658,0,I,0.0
658,1,know,6.278276
658,2,who,6.580016
658,3,the,5.056487
658,4,man,7.492087
658,5,thinks,8.431314
658,6,the,5.20266
658,7,woman,7.758025
658,8,said,8.990764
658,9,she,5.271996
658,10,believed,9.77658
658,11,should,8.858059
658,12,congratulate,17.752878
658,13,the,4.116767
658,14,couple,8.70118
658,15,after,8.586603
658,16,the,2.479057
658,17,service,12.734446
658,18,.,1.382796
658,19,<eos>,-0.0
659,0,I,0.0
659,1,know,6.278276
659,2,who,6.580016
659,3,the,5.056487
659,4,man,7.492087
659,5,thinks,8.431314
659,6,the,5.20266
659,7,woman,7.758025
659,8,said,8.990764
659,9,she,5.271996
659,10,believed,9.77658
659,11,the,5.661843
659,12,priest,12.052711
659,13,should,6.24584
659,14,congratulate,15.569187
659,15,the,5.699783
659,16,couple,9.428571
659,17,after,8.199687
659,18,the,2.446886
659,19,service,12.415422
659,20,.,1.573668
659,21,<eos>,-0.0
660,0,We,0.0
660,1,all,8.258053
660,2,know,3.618088
660,3,that,2.504345
660,4,will,11.947844
660,5,give,7.090702
660,6,a,3.978151
660,7,test,11.190132
660,8,to,3.692662
660,9,her,8.984357
660,10,students,9.941978
660,11,.,1.819329
660,12,<eos>,-0.0
661,0,We,0.0
661,1,all,8.258053
661,2,know,3.618088
661,3,that,2.504345
661,4,the,2.179744
661,5,teacher,13.426426
661,6,will,4.318548
661,7,give,6.782887
661,8,a,3.385286
661,9,test,8.755768
661,10,to,2.943141
661,11,her,7.335854
661,12,students,6.852277
661,13,.,2.197863
661,14,<eos>,-0.0
662,0,We,0.0
662,1,all,8.258053
662,2,know,3.618088
662,3,who,5.47427
662,4,will,5.688974
662,5,give,7.032431
662,6,a,4.791365
662,7,test,10.64207
662,8,to,3.089158
662,9,her,7.783219
662,10,students,10.268347
662,11,.,1.204737
662,12,<eos>,-0.0
663,0,We,0.0
663,1,all,8.258053
663,2,know,3.618088
663,3,who,5.47427
663,4,the,4.627324
663,5,teacher,12.07805
663,6,will,4.602183
663,7,give,7.337159
663,8,a,5.396217
663,9,test,8.22933
663,10,to,3.760837
663,11,her,8.649863
663,12,students,7.5661
663,13,.,1.065318
663,14,<eos>,-0.0
664,0,We,0.0
664,1,all,8.258053
664,2,know,3.618088
664,3,that,2.504345
664,4,the,2.179744
664,5,old,8.606231
664,6,man,4.106316
664,7,thinks,9.696856
664,8,will,10.972724
664,9,give,7.693155
664,10,a,4.014462
664,11,test,11.414565
664,12,to,3.041161
664,13,her,6.136215
664,14,students,10.827372
664,15,.,1.52729
664,16,<eos>,-0.0
665,0,We,0.0
665,1,all,8.258053
665,2,know,3.618088
665,3,that,2.504345
665,4,the,2.179744
665,5,old,8.606231
665,6,man,4.106316
665,7,thinks,9.696856
665,8,the,3.532964
665,9,teacher,11.887111
665,10,will,3.328023
665,11,give,6.705541
665,12,a,3.869057
665,13,test,9.286395
665,14,to,2.743284
665,15,her,5.943676
665,16,students,7.761049
665,17,.,1.576088
665,18,<eos>,-0.0
666,0,We,0.0
666,1,all,8.258053
666,2,know,3.618088
666,3,who,5.47427
666,4,the,4.627324
666,5,old,8.183127
666,6,man,2.841977
666,7,thinks,8.883002
666,8,will,5.682995
666,9,give,8.757799
666,10,a,4.699438
666,11,test,11.251345
666,12,to,3.374167
666,13,her,6.401735
666,14,students,11.206756
666,15,.,1.014863
666,16,<eos>,-0.0
667,0,We,0.0
667,1,all,8.258053
667,2,know,3.618088
667,3,who,5.47427
667,4,the,4.627324
667,5,old,8.183127
667,6,man,2.841977
667,7,thinks,8.883002
667,8,the,5.309806
667,9,teacher,11.622729
667,10,will,3.936214
667,11,give,7.130857
667,12,a,6.149951
667,13,test,8.685554
667,14,to,3.616174
667,15,her,7.30956
667,16,students,7.902547
667,17,.,0.935036
667,18,<eos>,-0.0
668,0,We,0.0
668,1,all,8.258053
668,2,know,3.618088
668,3,that,2.504345
668,4,the,2.179744
668,5,old,8.606231
668,6,man,4.106316
668,7,thinks,9.696856
668,8,the,3.532964
668,9,woman,8.46324
668,10,knows,7.557247
668,11,will,12.285488
668,12,give,7.931578
668,13,a,4.126058
668,14,test,11.410273
668,15,to,2.878247
668,16,her,2.574385
668,17,students,11.508385
668,18,.,1.254206
668,19,<eos>,-0.0
669,0,We,0.0
669,1,all,8.258053
669,2,know,3.618088
669,3,that,2.504345
669,4,the,2.179744
669,5,old,8.606231
669,6,man,4.106316
669,7,thinks,9.696856
669,8,the,3.532964
669,9,woman,8.46324
669,10,knows,7.557247
669,11,the,3.536188
669,12,teacher,14.240193
669,13,will,4.523302
669,14,give,6.155346
669,15,a,4.551386
669,16,test,9.62891
669,17,to,2.624097
669,18,her,2.427005
669,19,students,8.866634
669,20,.,1.222487
669,21,<eos>,-0.0
670,0,We,0.0
670,1,all,8.258053
670,2,know,3.618088
670,3,who,5.47427
670,4,the,4.627324
670,5,old,8.183127
670,6,man,2.841977
670,7,thinks,8.883002
670,8,the,5.309806
670,9,woman,8.13296
670,10,knows,7.584908
670,11,will,8.358119
670,12,give,8.389213
670,13,a,4.645875
670,14,test,11.529818
670,15,to,3.315052
670,16,her,2.9052
670,17,students,11.409522
670,18,.,0.920382
670,19,<eos>,-0.0
671,0,We,0.0
671,1,all,8.258053
671,2,know,3.618088
671,3,who,5.47427
671,4,the,4.627324
671,5,old,8.183127
671,6,man,2.841977
671,7,thinks,8.883002
671,8,the,5.309806
671,9,woman,8.13296
671,10,knows,7.584908
671,11,the,6.287809
671,12,teacher,13.309836
671,13,will,4.536989
671,14,give,6.781416
671,15,a,6.376273
671,16,test,9.387094
671,17,to,3.421578
671,18,her,3.904001
671,19,students,8.584871
671,20,.,0.8733
671,21,<eos>,-0.0
672,0,We,0.0
672,1,all,8.258053
672,2,know,3.618088
672,3,that,2.504345
672,4,the,2.179744
672,5,old,8.606231
672,6,man,4.106316
672,7,thinks,9.696856
672,8,the,3.532964
672,9,woman,8.46324
672,10,knows,7.557247
672,11,the,3.536188
672,12,young,11.603884
672,13,boy,5.679035
672,14,said,13.245052
672,15,will,12.328353
672,16,give,7.031651
672,17,a,4.502166
672,18,test,11.407681
672,19,to,2.876449
672,20,her,2.902253
672,21,students,10.914014
672,22,.,1.021876
672,23,<eos>,-0.0
673,0,We,0.0
673,1,all,8.258053
673,2,know,3.618088
673,3,that,2.504345
673,4,the,2.179744
673,5,old,8.606231
673,6,man,4.106316
673,7,thinks,9.696856
673,8,the,3.532964
673,9,woman,8.46324
673,10,knows,7.557247
673,11,the,3.536188
673,12,young,11.603884
673,13,boy,5.679035
673,14,said,13.245052
673,15,the,4.56728
673,16,teacher,11.286334
673,17,will,3.78337
673,18,give,6.513393
673,19,a,4.466264
673,20,test,9.59176
673,21,to,2.609262
673,22,her,3.318797
673,23,students,8.678593
673,24,.,1.132501
673,25,<eos>,-0.0
674,0,We,0.0
674,1,all,8.258053
674,2,know,3.618088
674,3,who,5.47427
674,4,the,4.627324
674,5,old,8.183127
674,6,man,2.841977
674,7,thinks,8.883002
674,8,the,5.309806
674,9,woman,8.13296
674,10,knows,7.584908
674,11,the,6.287809
674,12,young,11.250299
674,13,boy,5.247532
674,14,said,12.01061
674,15,will,7.938908
674,16,give,7.498994
674,17,a,4.415467
674,18,test,11.558676
674,19,to,3.269575
674,20,her,3.412232
674,21,students,10.571402
674,22,.,0.826801
674,23,<eos>,-0.0
675,0,We,0.0
675,1,all,8.258053
675,2,know,3.618088
675,3,who,5.47427
675,4,the,4.627324
675,5,old,8.183127
675,6,man,2.841977
675,7,thinks,8.883002
675,8,the,5.309806
675,9,woman,8.13296
675,10,knows,7.584908
675,11,the,6.287809
675,12,young,11.250299
675,13,boy,5.247532
675,14,said,12.01061
675,15,the,6.188594
675,16,teacher,10.75782
675,17,will,5.26679
675,18,give,7.158463
675,19,a,6.128034
675,20,test,9.677697
675,21,to,3.329071
675,22,her,4.602551
675,23,students,8.375032
675,24,.,0.797146
675,25,<eos>,-0.0
676,0,We,0.0
676,1,all,8.258053
676,2,know,3.618088
676,3,that,2.504345
676,4,the,2.179744
676,5,old,8.606231
676,6,man,4.106316
676,7,thinks,9.696856
676,8,the,3.532964
676,9,woman,8.46324
676,10,knows,7.557247
676,11,the,3.536188
676,12,young,11.603884
676,13,boy,5.679035
676,14,said,13.245052
676,15,will,12.328353
676,16,give,7.031651
676,17,a,4.502166
676,18,test,11.407681
676,19,to,2.876449
676,20,her,2.902253
676,21,students,10.914014
676,22,.,1.021876
676,23,<eos>,-0.0
677,0,We,0.0
677,1,all,8.258053
677,2,know,3.618088
677,3,that,2.504345
677,4,the,2.179744
677,5,old,8.606231
677,6,man,4.106316
677,7,thinks,9.696856
677,8,the,3.532964
677,9,woman,8.46324
677,10,knows,7.557247
677,11,the,3.536188
677,12,young,11.603884
677,13,boy,5.679035
677,14,said,13.245052
677,15,the,4.56728
677,16,teacher,11.286334
677,17,will,3.78337
677,18,give,6.513393
677,19,a,4.466264
677,20,test,9.59176
677,21,to,2.609262
677,22,her,3.318797
677,23,students,8.678593
677,24,.,1.132501
677,25,<eos>,-0.0
678,0,We,0.0
678,1,all,8.258053
678,2,know,3.618088
678,3,who,5.47427
678,4,the,4.627324
678,5,old,8.183127
678,6,man,2.841977
678,7,thinks,8.883002
678,8,the,5.309806
678,9,woman,8.13296
678,10,knows,7.584908
678,11,the,6.287809
678,12,young,11.250299
678,13,boy,5.247532
678,14,said,12.01061
678,15,will,7.938908
678,16,give,7.498994
678,17,a,4.415467
678,18,test,11.558676
678,19,to,3.269575
678,20,her,3.412232
678,21,students,10.571402
678,22,.,0.826801
678,23,<eos>,-0.0
679,0,We,0.0
679,1,all,8.258053
679,2,know,3.618088
679,3,who,5.47427
679,4,the,4.627324
679,5,old,8.183127
679,6,man,2.841977
679,7,thinks,8.883002
679,8,the,5.309806
679,9,woman,8.13296
679,10,knows,7.584908
679,11,the,6.287809
679,12,young,11.250299
679,13,boy,5.247532
679,14,said,12.01061
679,15,the,6.188594
679,16,teacher,10.75782
679,17,will,5.26679
679,18,give,7.158463
679,19,a,6.128034
679,20,test,9.677697
679,21,to,3.329071
679,22,her,4.602551
679,23,students,8.375032
679,24,.,0.797146
679,25,<eos>,-0.0
680,0,She,0.0
680,1,said,7.24009
680,2,that,2.639638
680,3,might,15.318945
680,4,put,9.880743
680,5,the,2.579567
680,6,microphone,14.52224
680,7,on,2.586589
680,8,the,1.739572
680,9,table,4.665576
680,10,.,3.008817
680,11,<eos>,-0.0
681,0,She,0.0
681,1,said,7.24009
681,2,that,2.639638
681,3,the,2.622591
681,4,reporter,13.445951
681,5,might,7.591855
681,6,put,9.498383
681,7,the,2.766029
681,8,microphone,12.121032
681,9,on,2.08467
681,10,the,1.636254
681,11,table,4.468566
681,12,.,2.837612
681,13,<eos>,-0.0
682,0,She,0.0
682,1,said,7.24009
682,2,who,10.871274
682,3,might,9.005124
682,4,put,10.082125
682,5,the,2.678495
682,6,microphone,12.830098
682,7,on,2.126024
682,8,the,1.779974
682,9,table,4.466849
682,10,.,2.263123
682,11,<eos>,-0.0
683,0,She,0.0
683,1,said,7.24009
683,2,who,10.871274
683,3,the,7.532369
683,4,reporter,11.03552
683,5,might,7.86941
683,6,put,9.610888
683,7,the,4.67448
683,8,microphone,11.814296
683,9,on,2.036811
683,10,the,2.181634
683,11,table,5.591659
683,12,.,1.770119
683,13,<eos>,-0.0
684,0,She,0.0
684,1,said,7.24009
684,2,that,2.639638
684,3,the,2.622591
684,4,politician,15.742455
684,5,stated,11.159541
684,6,might,14.029076
684,7,put,10.744718
684,8,the,2.652096
684,9,microphone,14.492926
684,10,on,2.222344
684,11,the,1.725214
684,12,table,4.592982
684,13,.,2.648386
684,14,<eos>,-0.0
685,0,She,0.0
685,1,said,7.24009
685,2,that,2.639638
685,3,the,2.622591
685,4,politician,15.742455
685,5,stated,11.159541
685,6,the,5.559699
685,7,reporter,14.155153
685,8,might,8.036055
685,9,put,9.934535
685,10,the,2.660874
685,11,microphone,13.120813
685,12,on,2.116906
685,13,the,1.649339
685,14,table,4.262858
685,15,.,2.531515
685,16,<eos>,-0.0
686,0,She,0.0
686,1,said,7.24009
686,2,who,10.871274
686,3,the,7.532369
686,4,politician,13.438545
686,5,stated,11.443702
686,6,might,9.682578
686,7,put,12.183155
686,8,the,3.092149
686,9,microphone,14.96743
686,10,on,2.366668
686,11,the,1.830185
686,12,table,4.568105
686,13,.,1.741266
686,14,<eos>,-0.0
687,0,She,0.0
687,1,said,7.24009
687,2,who,10.871274
687,3,the,7.532369
687,4,politician,13.438545
687,5,stated,11.443702
687,6,the,6.614995
687,7,reporter,12.293502
687,8,might,8.454682
687,9,put,9.987263
687,10,the,5.063652
687,11,microphone,12.694558
687,12,on,2.084857
687,13,the,2.111342
687,14,table,5.724238
687,15,.,1.507995
687,16,<eos>,-0.0
688,0,She,0.0
688,1,said,7.24009
688,2,that,2.639638
688,3,the,2.622591
688,4,politician,15.742455
688,5,stated,11.159541
688,6,his,8.315928
688,7,press,14.405341
688,8,secretary,4.585692
688,9,said,5.262143
688,10,might,18.795654
688,11,put,9.861513
688,12,the,2.495868
688,13,microphone,13.655757
688,14,on,2.327717
688,15,the,1.650551
688,16,table,4.425094
688,17,.,2.035018
688,18,<eos>,-0.0
689,0,She,0.0
689,1,said,7.24009
689,2,that,2.639638
689,3,the,2.622591
689,4,politician,15.742455
689,5,stated,11.159541
689,6,his,8.315928
689,7,press,14.405341
689,8,secretary,4.585692
689,9,said,5.262143
689,10,the,4.07716
689,11,reporter,10.651217
689,12,might,8.365949
689,13,put,9.734588
689,14,the,2.663656
689,15,microphone,11.722291
689,16,on,2.10912
689,17,the,1.617045
689,18,table,4.302399
689,19,.,2.34105
689,20,<eos>,-0.0
690,0,She,0.0
690,1,said,7.24009
690,2,who,10.871274
690,3,the,7.532369
690,4,politician,13.438545
690,5,stated,11.443702
690,6,his,10.000983
690,7,press,13.296581
690,8,secretary,3.742245
690,9,said,5.067473
690,10,might,12.002416
690,11,put,11.069408
690,12,the,2.622343
690,13,microphone,14.650669
690,14,on,2.321393
690,15,the,1.629492
690,16,table,4.459671
690,17,.,1.391227
690,18,<eos>,-0.0
691,0,She,0.0
691,1,said,7.24009
691,2,who,10.871274
691,3,the,7.532369
691,4,politician,13.438545
691,5,stated,11.443702
691,6,his,10.000983
691,7,press,13.296581
691,8,secretary,3.742245
691,9,said,5.067473
691,10,the,5.290499
691,11,reporter,10.136024
691,12,might,8.855559
691,13,put,9.802576
691,14,the,3.298989
691,15,microphone,12.32563
691,16,on,2.018835
691,17,the,1.688781
691,18,table,4.656034
691,19,.,1.40966
691,20,<eos>,-0.0
692,0,She,0.0
692,1,said,7.24009
692,2,that,2.639638
692,3,the,2.622591
692,4,politician,15.742455
692,5,stated,11.159541
692,6,his,8.315928
692,7,press,14.405341
692,8,secretary,4.585692
692,9,said,5.262143
692,10,the,4.07716
692,11,chief,10.341907
692,12,of,3.145523
692,13,staff,1.508919
692,14,thought,9.935534
692,15,might,12.037683
692,16,put,11.29775
692,17,the,2.629894
692,18,microphone,12.018929
692,19,on,2.702652
692,20,the,1.795909
692,21,table,4.420464
692,22,.,2.128839
692,23,<eos>,-0.0
693,0,She,0.0
693,1,said,7.24009
693,2,that,2.639638
693,3,the,2.622591
693,4,politician,15.742455
693,5,stated,11.159541
693,6,his,8.315928
693,7,press,14.405341
693,8,secretary,4.585692
693,9,said,5.262143
693,10,the,4.07716
693,11,chief,10.341907
693,12,of,3.145523
693,13,staff,1.508919
693,14,thought,9.935534
693,15,the,3.246111
693,16,reporter,10.832326
693,17,might,6.460512
693,18,put,10.463547
693,19,the,2.553946
693,20,microphone,11.337583
693,21,on,2.406636
693,22,the,1.661812
693,23,table,4.664818
693,24,.,2.174496
693,25,<eos>,-0.0
694,0,She,0.0
694,1,said,7.24009
694,2,who,10.871274
694,3,the,7.532369
694,4,politician,13.438545
694,5,stated,11.443702
694,6,his,10.000983
694,7,press,13.296581
694,8,secretary,3.742245
694,9,said,5.067473
694,10,the,5.290499
694,11,chief,10.057038
694,12,of,2.949461
694,13,staff,1.269796
694,14,thought,9.938165
694,15,might,12.081275
694,16,put,11.367569
694,17,the,2.69652
694,18,microphone,12.624068
694,19,on,2.653347
694,20,the,1.74025
694,21,table,4.599807
694,22,.,1.540532
694,23,<eos>,-0.0
695,0,She,0.0
695,1,said,7.24009
695,2,who,10.871274
695,3,the,7.532369
695,4,politician,13.438545
695,5,stated,11.443702
695,6,his,10.000983
695,7,press,13.296581
695,8,secretary,3.742245
695,9,said,5.067473
695,10,the,5.290499
695,11,chief,10.057038
695,12,of,2.949461
695,13,staff,1.269796
695,14,thought,9.938165
695,15,the,3.088215
695,16,reporter,10.796119
695,17,might,6.572856
695,18,put,10.489257
695,19,the,2.624312
695,20,microphone,11.534495
695,21,on,2.343613
695,22,the,1.650249
695,23,table,4.773094
695,24,.,1.631301
695,25,<eos>,-0.0
696,0,She,0.0
696,1,said,7.24009
696,2,that,2.639638
696,3,the,2.622591
696,4,politician,15.742455
696,5,stated,11.159541
696,6,his,8.315928
696,7,press,14.405341
696,8,secretary,4.585692
696,9,said,5.262143
696,10,the,4.07716
696,11,chief,10.341907
696,12,of,3.145523
696,13,staff,1.508919
696,14,thought,9.935534
696,15,might,12.037683
696,16,put,11.29775
696,17,the,2.629894
696,18,microphone,12.018929
696,19,on,2.702652
696,20,the,1.795909
696,21,table,4.420464
696,22,.,2.128839
696,23,<eos>,-0.0
697,0,She,0.0
697,1,said,7.24009
697,2,that,2.639638
697,3,the,2.622591
697,4,politician,15.742455
697,5,stated,11.159541
697,6,his,8.315928
697,7,press,14.405341
697,8,secretary,4.585692
697,9,said,5.262143
697,10,the,4.07716
697,11,chief,10.341907
697,12,of,3.145523
697,13,staff,1.508919
697,14,thought,9.935534
697,15,the,3.246111
697,16,reporter,10.832326
697,17,might,6.460512
697,18,put,10.463547
697,19,the,2.553946
697,20,microphone,11.337583
697,21,on,2.406636
697,22,the,1.661812
697,23,table,4.664818
697,24,.,2.174496
697,25,<eos>,-0.0
698,0,She,0.0
698,1,said,7.24009
698,2,who,10.871274
698,3,the,7.532369
698,4,politician,13.438545
698,5,stated,11.443702
698,6,his,10.000983
698,7,press,13.296581
698,8,secretary,3.742245
698,9,said,5.067473
698,10,the,5.290499
698,11,chief,10.057038
698,12,of,2.949461
698,13,staff,1.269796
698,14,thought,9.938165
698,15,might,12.081275
698,16,put,11.367569
698,17,the,2.69652
698,18,microphone,12.624068
698,19,on,2.653347
698,20,the,1.74025
698,21,table,4.599807
698,22,.,1.540532
698,23,<eos>,-0.0
699,0,She,0.0
699,1,said,7.24009
699,2,who,10.871274
699,3,the,7.532369
699,4,politician,13.438545
699,5,stated,11.443702
699,6,his,10.000983
699,7,press,13.296581
699,8,secretary,3.742245
699,9,said,5.067473
699,10,the,5.290499
699,11,chief,10.057038
699,12,of,2.949461
699,13,staff,1.269796
699,14,thought,9.938165
699,15,the,3.088215
699,16,reporter,10.796119
699,17,might,6.572856
699,18,put,10.489257
699,19,the,2.624312
699,20,microphone,11.534495
699,21,on,2.343613
699,22,the,1.650249
699,23,table,4.773094
699,24,.,1.631301
699,25,<eos>,-0.0
700,0,The,0.0
700,1,colleagues,19.203871
700,2,realized,12.344898
700,3,that,0.635146
700,4,might,14.873258
700,5,have,2.258636
700,6,discovered,11.335436
700,7,the,1.458826
700,8,bribery,19.396772
700,9,two,16.315985
700,10,weeks,5.034439
700,11,ago,6.095008
700,12,.,1.142606
700,13,<eos>,-0.0
701,0,The,0.0
701,1,colleagues,19.203871
701,2,realized,12.344898
701,3,that,0.635146
701,4,the,1.616574
701,5,journalist,16.641438
701,6,might,5.384035
701,7,have,1.498142
701,8,discovered,8.647305
701,9,the,1.971031
701,10,bribery,17.930168
701,11,two,16.345661
701,12,weeks,5.002738
701,13,ago,5.997018
701,14,.,1.219335
701,15,<eos>,-0.0
702,0,The,0.0
702,1,colleagues,19.203871
702,2,realized,12.344898
702,3,who,10.917934
702,4,might,7.408297
702,5,have,1.672604
702,6,discovered,8.523601
702,7,the,1.558456
702,8,bribery,19.132986
702,9,two,16.569826
702,10,weeks,5.363431
702,11,ago,6.047445
702,12,.,1.200383
702,13,<eos>,-0.0
703,0,The,0.0
703,1,colleagues,19.203871
703,2,realized,12.344898
703,3,who,10.917934
703,4,the,6.301322
703,5,journalist,15.22615
703,6,might,5.461026
703,7,have,1.298835
703,8,discovered,8.782081
703,9,the,5.345289
703,10,bribery,17.876875
703,11,two,17.522638
703,12,weeks,6.102305
703,13,ago,5.090118
703,14,.,1.597134
703,15,<eos>,-0.0
704,0,The,0.0
704,1,colleagues,19.203871
704,2,realized,12.344898
704,3,that,0.635146
704,4,her,9.413181
704,5,mother,5.478821
704,6,stated,14.50899
704,7,might,15.683197
704,8,have,1.498572
704,9,discovered,9.71586
704,10,the,2.562306
704,11,bribery,19.270433
704,12,two,15.735667
704,13,weeks,4.862573
704,14,ago,5.732878
704,15,.,1.058965
704,16,<eos>,-0.0
705,0,The,0.0
705,1,colleagues,19.203871
705,2,realized,12.344898
705,3,that,0.635146
705,4,her,9.413181
705,5,mother,5.478821
705,6,stated,14.50899
705,7,the,4.67107
705,8,journalist,16.26989
705,9,might,7.200897
705,10,have,1.165091
705,11,discovered,7.956302
705,12,the,2.545257
705,13,bribery,18.709963
705,14,two,16.021273
705,15,weeks,4.718644
705,16,ago,5.731722
705,17,.,1.040984
705,18,<eos>,-0.0
706,0,The,0.0
706,1,colleagues,19.203871
706,2,realized,12.344898
706,3,who,10.917934
706,4,her,13.624317
706,5,mother,4.05682
706,6,stated,14.021604
706,7,might,8.892242
706,8,have,1.630243
706,9,discovered,10.210508
706,10,the,2.656304
706,11,bribery,19.592524
706,12,two,16.303518
706,13,weeks,5.098536
706,14,ago,5.592535
706,15,.,0.85741
706,16,<eos>,-0.0
707,0,The,0.0
707,1,colleagues,19.203871
707,2,realized,12.344898
707,3,who,10.917934
707,4,her,13.624317
707,5,mother,4.05682
707,6,stated,14.021604
707,7,the,6.091568
707,8,journalist,16.035366
707,9,might,6.613945
707,10,have,1.091561
707,11,discovered,8.157958
707,12,the,4.394024
707,13,bribery,18.419689
707,14,two,16.939392
707,15,weeks,5.261918
707,16,ago,5.353134
707,17,.,0.952246
707,18,<eos>,-0.0
708,0,The,0.0
708,1,colleagues,19.203871
708,2,realized,12.344898
708,3,that,0.635146
708,4,her,9.413181
708,5,mother,5.478821
708,6,stated,14.50899
708,7,a,7.189502
708,8,friend,10.590221
708,9,said,9.66644
708,10,might,15.930205
708,11,have,1.792445
708,12,discovered,9.581683
708,13,the,2.750792
708,14,bribery,19.265125
708,15,two,15.611597
708,16,weeks,4.695527
708,17,ago,5.919088
708,18,.,0.958074
708,19,<eos>,-0.0
709,0,The,0.0
709,1,colleagues,19.203871
709,2,realized,12.344898
709,3,that,0.635146
709,4,her,9.413181
709,5,mother,5.478821
709,6,stated,14.50899
709,7,a,7.189502
709,8,friend,10.590221
709,9,said,9.66644
709,10,the,4.934358
709,11,journalist,12.40078
709,12,might,7.335025
709,13,have,1.450082
709,14,discovered,7.852664
709,15,the,2.542363
709,16,bribery,18.168795
709,17,two,16.169495
709,18,weeks,4.82563
709,19,ago,5.603094
709,20,.,0.986152
709,21,<eos>,-0.0
710,0,The,0.0
710,1,colleagues,19.203871
710,2,realized,12.344898
710,3,who,10.917934
710,4,her,13.624317
710,5,mother,4.05682
710,6,stated,14.021604
710,7,a,7.986989
710,8,friend,9.797622
710,9,said,9.696332
710,10,might,9.933291
710,11,have,1.829233
710,12,discovered,10.215476
710,13,the,3.304679
710,14,bribery,19.134947
710,15,two,16.406755
710,16,weeks,5.037801
710,17,ago,5.616161
710,18,.,0.770815
710,19,<eos>,-0.0
711,0,The,0.0
711,1,colleagues,19.203871
711,2,realized,12.344898
711,3,who,10.917934
711,4,her,13.624317
711,5,mother,4.05682
711,6,stated,14.021604
711,7,a,7.986989
711,8,friend,9.797622
711,9,said,9.696332
711,10,the,6.018507
711,11,journalist,11.876442
711,12,might,7.506365
711,13,have,1.45584
711,14,discovered,7.784945
711,15,the,2.512772
711,16,bribery,17.926838
711,17,two,16.80431
711,18,weeks,4.912527
711,19,ago,5.60907
711,20,.,0.788
711,21,<eos>,-0.0
712,0,The,0.0
712,1,colleagues,19.203871
712,2,realized,12.344898
712,3,that,0.635146
712,4,her,9.413181
712,5,mother,5.478821
712,6,stated,14.50899
712,7,a,7.189502
712,8,friend,10.590221
712,9,said,9.66644
712,10,her,5.272661
712,11,husband,3.526726
712,12,knew,6.90991
712,13,might,16.455933
712,14,have,1.490611
712,15,discovered,9.98941
712,16,the,2.610951
712,17,bribery,19.073549
712,18,two,15.505854
712,19,weeks,4.820222
712,20,ago,6.104993
712,21,.,0.828132
712,22,<eos>,-0.0
713,0,The,0.0
713,1,colleagues,19.203871
713,2,realized,12.344898
713,3,that,0.635146
713,4,her,9.413181
713,5,mother,5.478821
713,6,stated,14.50899
713,7,a,7.189502
713,8,friend,10.590221
713,9,said,9.66644
713,10,her,5.272661
713,11,husband,3.526726
713,12,knew,6.90991
713,13,the,4.256083
713,14,journalist,13.874837
713,15,might,7.136236
713,16,have,1.267141
713,17,discovered,7.839662
713,18,the,2.688899
713,19,bribery,17.802773
713,20,two,16.51293
713,21,weeks,4.642889
713,22,ago,6.13565
713,23,.,0.755616
713,24,<eos>,-0.0
714,0,The,0.0
714,1,colleagues,19.203871
714,2,realized,12.344898
714,3,who,10.917934
714,4,her,13.624317
714,5,mother,4.05682
714,6,stated,14.021604
714,7,a,7.986989
714,8,friend,9.797622
714,9,said,9.696332
714,10,her,6.99424
714,11,husband,3.523254
714,12,knew,7.110683
714,13,might,14.496341
714,14,have,1.382914
714,15,discovered,10.264784
714,16,the,2.630661
714,17,bribery,18.489372
714,18,two,16.181982
714,19,weeks,4.973264
714,20,ago,5.945055
714,21,.,0.716247
714,22,<eos>,-0.0
715,0,The,0.0
715,1,colleagues,19.203871
715,2,realized,12.344898
715,3,who,10.917934
715,4,her,13.624317
715,5,mother,4.05682
715,6,stated,14.021604
715,7,a,7.986989
715,8,friend,9.797622
715,9,said,9.696332
715,10,her,6.99424
715,11,husband,3.523254
715,12,knew,7.110683
715,13,the,4.085961
715,14,journalist,13.881818
715,15,might,7.188073
715,16,have,1.316203
715,17,discovered,7.846694
715,18,the,2.708082
715,19,bribery,17.519873
715,20,two,17.007345
715,21,weeks,4.822628
715,22,ago,6.000306
715,23,.,0.641635
715,24,<eos>,-0.0
716,0,The,0.0
716,1,colleagues,19.203871
716,2,realized,12.344898
716,3,that,0.635146
716,4,her,9.413181
716,5,mother,5.478821
716,6,stated,14.50899
716,7,a,7.189502
716,8,friend,10.590221
716,9,said,9.66644
716,10,her,5.272661
716,11,husband,3.526726
716,12,knew,6.90991
716,13,might,16.455933
716,14,have,1.490611
716,15,discovered,9.98941
716,16,the,2.610951
716,17,bribery,19.073549
716,18,two,15.505854
716,19,weeks,4.820222
716,20,ago,6.104993
716,21,.,0.828132
716,22,<eos>,-0.0
717,0,The,0.0
717,1,colleagues,19.203871
717,2,realized,12.344898
717,3,that,0.635146
717,4,her,9.413181
717,5,mother,5.478821
717,6,stated,14.50899
717,7,a,7.189502
717,8,friend,10.590221
717,9,said,9.66644
717,10,her,5.272661
717,11,husband,3.526726
717,12,knew,6.90991
717,13,the,4.256083
717,14,journalist,13.874837
717,15,might,7.136236
717,16,have,1.267141
717,17,discovered,7.839662
717,18,the,2.688899
717,19,bribery,17.802773
717,20,two,16.51293
717,21,weeks,4.642889
717,22,ago,6.13565
717,23,.,0.755616
717,24,<eos>,-0.0
718,0,The,0.0
718,1,colleagues,19.203871
718,2,realized,12.344898
718,3,who,10.917934
718,4,her,13.624317
718,5,mother,4.05682
718,6,stated,14.021604
718,7,a,7.986989
718,8,friend,9.797622
718,9,said,9.696332
718,10,her,6.99424
718,11,husband,3.523254
718,12,knew,7.110683
718,13,might,14.496341
718,14,have,1.382914
718,15,discovered,10.264784
718,16,the,2.630661
718,17,bribery,18.489372
718,18,two,16.181982
718,19,weeks,4.973264
718,20,ago,5.945055
718,21,.,0.716247
718,22,<eos>,-0.0
719,0,The,0.0
719,1,colleagues,19.203871
719,2,realized,12.344898
719,3,who,10.917934
719,4,her,13.624317
719,5,mother,4.05682
719,6,stated,14.021604
719,7,a,7.986989
719,8,friend,9.797622
719,9,said,9.696332
719,10,her,6.99424
719,11,husband,3.523254
719,12,knew,7.110683
719,13,the,4.085961
719,14,journalist,13.881818
719,15,might,7.188073
719,16,have,1.316203
719,17,discovered,7.846694
719,18,the,2.708082
719,19,bribery,17.519873
719,20,two,17.007345
719,21,weeks,4.822628
719,22,ago,6.000306
719,23,.,0.641635
719,24,<eos>,-0.0
720,0,I,0.0
720,1,know,6.278276
720,2,that,2.352433
720,3,will,11.602566
720,4,find,8.82664
720,5,a,2.970808
720,6,gun,11.220189
720,7,in,3.136919
720,8,the,1.196932
720,9,office,10.06306
720,10,.,2.260261
720,11,<eos>,-0.0
721,0,I,0.0
721,1,know,6.278276
721,2,that,2.352433
721,3,the,2.35511
721,4,five,10.810097
721,5,star,10.768698
721,6,general,16.662867
721,7,will,7.702619
721,8,find,8.402292
721,9,a,3.331119
721,10,gun,10.4597
721,11,in,3.262684
721,12,the,1.03278
721,13,office,10.638857
721,14,.,2.476073
721,15,<eos>,-0.0
722,0,I,0.0
722,1,know,6.278276
722,2,who,6.580016
722,3,will,5.949539
722,4,find,7.314302
722,5,a,3.465358
722,6,gun,10.104977
722,7,in,3.556371
722,8,the,1.216642
722,9,office,9.59692
722,10,.,1.749293
722,11,<eos>,-0.0
723,0,I,0.0
723,1,know,6.278276
723,2,who,6.580016
723,3,the,5.056487
723,4,five,11.569979
723,5,star,10.758286
723,6,general,14.815616
723,7,will,6.149231
723,8,find,7.259102
723,9,a,7.29748
723,10,gun,10.178816
723,11,in,3.773951
723,12,the,1.327875
723,13,office,11.141983
723,14,.,1.960916
723,15,<eos>,-0.0
724,0,I,0.0
724,1,know,6.278276
724,2,that,2.352433
724,3,the,2.35511
724,4,woman,10.488547
724,5,believed,10.677317
724,6,will,10.818175
724,7,find,10.414588
724,8,a,3.087902
724,9,gun,10.752472
724,10,in,2.927684
724,11,the,1.219218
724,12,office,10.388338
724,13,.,2.066065
724,14,<eos>,-0.0
725,0,I,0.0
725,1,know,6.278276
725,2,that,2.352433
725,3,the,2.35511
725,4,woman,10.488547
725,5,believed,10.677317
725,6,the,3.515746
725,7,five,12.587468
725,8,star,11.922311
725,9,general,16.827309
725,10,will,7.391619
725,11,find,9.309983
725,12,a,3.214202
725,13,gun,10.526117
725,14,in,3.157042
725,15,the,1.1833
725,16,office,11.055291
725,17,.,2.047348
725,18,<eos>,-0.0
726,0,I,0.0
726,1,know,6.278276
726,2,who,6.580016
726,3,the,5.056487
726,4,woman,9.788774
726,5,believed,10.547781
726,6,will,7.826087
726,7,find,9.664047
726,8,a,3.439675
726,9,gun,10.749176
726,10,in,3.332705
726,11,the,1.100413
726,12,office,10.203594
726,13,.,1.481852
726,14,<eos>,-0.0
727,0,I,0.0
727,1,know,6.278276
727,2,who,6.580016
727,3,the,5.056487
727,4,woman,9.788774
727,5,believed,10.547781
727,6,the,5.518869
727,7,five,12.533702
727,8,star,11.489742
727,9,general,16.954678
727,10,will,7.310864
727,11,find,7.712451
727,12,a,7.733902
727,13,gun,10.057042
727,14,in,3.32497
727,15,the,1.317932
727,16,office,11.376269
727,17,.,1.545655
727,18,<eos>,-0.0
728,0,I,0.0
728,1,know,6.278276
728,2,that,2.352433
728,3,the,2.35511
728,4,woman,10.488547
728,5,believed,10.677317
728,6,the,3.515746
728,7,secretary,14.893813
728,8,said,10.902997
728,9,will,12.931819
728,10,find,9.400168
728,11,a,3.188707
728,12,gun,10.424278
728,13,in,3.251514
728,14,the,1.257219
728,15,office,9.290104
728,16,.,1.810293
728,17,<eos>,-0.0
729,0,I,0.0
729,1,know,6.278276
729,2,that,2.352433
729,3,the,2.35511
729,4,woman,10.488547
729,5,believed,10.677317
729,6,the,3.515746
729,7,secretary,14.893813
729,8,said,10.902997
729,9,the,3.463312
729,10,five,11.880531
729,11,star,13.0968
729,12,general,15.531061
729,13,will,7.489666
729,14,find,9.229619
729,15,a,3.304134
729,16,gun,9.126086
729,17,in,3.572034
729,18,the,1.189218
729,19,office,10.154312
729,20,.,1.798159
729,21,<eos>,-0.0
730,0,I,0.0
730,1,know,6.278276
730,2,who,6.580016
730,3,the,5.056487
730,4,woman,9.788774
730,5,believed,10.547781
730,6,the,5.518869
730,7,secretary,15.21989
730,8,said,8.891087
730,9,will,9.789317
730,10,find,9.305573
730,11,a,3.522903
730,12,gun,10.860578
730,13,in,3.413502
730,14,the,1.120262
730,15,office,9.422639
730,16,.,1.40715
730,17,<eos>,-0.0
731,0,I,0.0
731,1,know,6.278276
731,2,who,6.580016
731,3,the,5.056487
731,4,woman,9.788774
731,5,believed,10.547781
731,6,the,5.518869
731,7,secretary,15.21989
731,8,said,8.891087
731,9,the,5.768869
731,10,five,11.079198
731,11,star,12.635194
731,12,general,15.280078
731,13,will,7.389958
731,14,find,7.970444
731,15,a,7.808124
731,16,gun,9.378864
731,17,in,3.492782
731,18,the,1.288981
731,19,office,10.577522
731,20,.,1.391622
731,21,<eos>,-0.0
732,0,I,0.0
732,1,know,6.278276
732,2,that,2.352433
732,3,the,2.35511
732,4,woman,10.488547
732,5,believed,10.677317
732,6,the,3.515746
732,7,secretary,14.893813
732,8,said,10.902997
732,9,her,5.972282
732,10,friend,7.656769
732,11,recalled,12.683233
732,12,will,16.153061
732,13,find,8.398878
732,14,a,3.658811
732,15,gun,9.566985
732,16,in,3.429039
732,17,the,1.564527
732,18,office,9.66784
732,19,.,1.584217
732,20,<eos>,-0.0
733,0,I,0.0
733,1,know,6.278276
733,2,that,2.352433
733,3,the,2.35511
733,4,woman,10.488547
733,5,believed,10.677317
733,6,the,3.515746
733,7,secretary,14.893813
733,8,said,10.902997
733,9,her,5.972282
733,10,friend,7.656769
733,11,recalled,12.683233
733,12,the,3.283905
733,13,five,11.953514
733,14,star,13.462993
733,15,general,15.92554
733,16,will,11.247657
733,17,find,8.635975
733,18,a,3.65333
733,19,gun,8.929412
733,20,in,3.53277
733,21,the,1.417721
733,22,office,10.127058
733,23,.,1.54806
733,24,<eos>,-0.0
734,0,I,0.0
734,1,know,6.278276
734,2,who,6.580016
734,3,the,5.056487
734,4,woman,9.788774
734,5,believed,10.547781
734,6,the,5.518869
734,7,secretary,15.21989
734,8,said,8.891087
734,9,her,8.824593
734,10,friend,7.099628
734,11,recalled,12.925879
734,12,will,13.636867
734,13,find,8.465267
734,14,a,3.761005
734,15,gun,10.203058
734,16,in,3.469261
734,17,the,1.461792
734,18,office,9.717354
734,19,.,1.391847
734,20,<eos>,-0.0
735,0,I,0.0
735,1,know,6.278276
735,2,who,6.580016
735,3,the,5.056487
735,4,woman,9.788774
735,5,believed,10.547781
735,6,the,5.518869
735,7,secretary,15.21989
735,8,said,8.891087
735,9,her,8.824593
735,10,friend,7.099628
735,11,recalled,12.925879
735,12,the,5.116866
735,13,five,11.417006
735,14,star,13.325559
735,15,general,16.020214
735,16,will,11.381583
735,17,find,7.98056
735,18,a,5.810888
735,19,gun,10.057561
735,20,in,3.471631
735,21,the,1.426729
735,22,office,10.012728
735,23,.,1.434674
735,24,<eos>,-0.0
736,0,I,0.0
736,1,know,6.278276
736,2,that,2.352433
736,3,the,2.35511
736,4,woman,10.488547
736,5,believed,10.677317
736,6,the,3.515746
736,7,secretary,14.893813
736,8,said,10.902997
736,9,her,5.972282
736,10,friend,7.656769
736,11,recalled,12.683233
736,12,will,16.153061
736,13,find,8.398878
736,14,a,3.658811
736,15,gun,9.566985
736,16,in,3.429039
736,17,the,1.564527
736,18,office,9.66784
736,19,.,1.584217
736,20,<eos>,-0.0
737,0,I,0.0
737,1,know,6.278276
737,2,that,2.352433
737,3,the,2.35511
737,4,woman,10.488547
737,5,believed,10.677317
737,6,the,3.515746
737,7,secretary,14.893813
737,8,said,10.902997
737,9,her,5.972282
737,10,friend,7.656769
737,11,recalled,12.683233
737,12,the,3.283905
737,13,five,11.953514
737,14,star,13.462993
737,15,general,15.92554
737,16,will,11.247657
737,17,find,8.635975
737,18,a,3.65333
737,19,gun,8.929412
737,20,in,3.53277
737,21,the,1.417721
737,22,office,10.127058
737,23,.,1.54806
737,24,<eos>,-0.0
738,0,I,0.0
738,1,know,6.278276
738,2,who,6.580016
738,3,the,5.056487
738,4,woman,9.788774
738,5,believed,10.547781
738,6,the,5.518869
738,7,secretary,15.21989
738,8,said,8.891087
738,9,her,8.824593
738,10,friend,7.099628
738,11,recalled,12.925879
738,12,will,13.636867
738,13,find,8.465267
738,14,a,3.761005
738,15,gun,10.203058
738,16,in,3.469261
738,17,the,1.461792
738,18,office,9.717354
738,19,.,1.391847
738,20,<eos>,-0.0
739,0,I,0.0
739,1,know,6.278276
739,2,who,6.580016
739,3,the,5.056487
739,4,woman,9.788774
739,5,believed,10.547781
739,6,the,5.518869
739,7,secretary,15.21989
739,8,said,8.891087
739,9,her,8.824593
739,10,friend,7.099628
739,11,recalled,12.925879
739,12,the,5.116866
739,13,five,11.417006
739,14,star,13.325559
739,15,general,16.020214
739,16,will,11.381583
739,17,find,7.98056
739,18,a,5.810888
739,19,gun,10.057561
739,20,in,3.471631
739,21,the,1.426729
739,22,office,10.012728
739,23,.,1.434674
739,24,<eos>,-0.0
740,0,The,0.0
740,1,visitor,19.081583
740,2,said,9.459105
740,3,that,1.824046
740,4,should,13.80423
740,5,talk,12.590765
740,6,with,5.021153
740,7,the,2.555406
740,8,new,7.902239
740,9,manager,8.625182
740,10,in,5.588963
740,11,her,8.259406
740,12,office,6.178402
740,13,.,5.698205
740,14,<eos>,-0.0
741,0,The,0.0
741,1,visitor,19.081583
741,2,said,9.459105
741,3,that,1.824046
741,4,the,2.020857
741,5,human,10.956639
741,6,resources,10.916194
741,7,officer,17.107304
741,8,should,6.317439
741,9,talk,12.5537
741,10,with,4.050429
741,11,the,2.420721
741,12,new,7.907308
741,13,manager,8.73916
741,14,in,4.890337
741,15,her,8.85961
741,16,office,7.108428
741,17,.,1.505618
741,18,<eos>,-0.0
742,0,The,0.0
742,1,visitor,19.081583
742,2,said,9.459105
742,3,who,10.800764
742,4,should,8.54662
742,5,talk,9.988756
742,6,with,4.169899
742,7,the,2.636944
742,8,new,7.842244
742,9,manager,7.559396
742,10,in,5.135208
742,11,her,7.64429
742,12,office,6.651389
742,13,.,1.55966
742,14,<eos>,-0.0
743,0,The,0.0
743,1,visitor,19.081583
743,2,said,9.459105
743,3,who,10.800764
743,4,the,6.832531
743,5,human,10.457224
743,6,resources,11.309654
743,7,officer,15.795729
743,8,should,6.004795
743,9,talk,12.463879
743,10,with,4.426257
743,11,the,5.753671
743,12,new,8.25263
743,13,manager,8.28606
743,14,in,5.162763
743,15,her,7.175317
743,16,office,6.563195
743,17,.,1.445998
743,18,<eos>,-0.0
744,0,The,0.0
744,1,visitor,19.081583
744,2,said,9.459105
744,3,that,1.824046
744,4,my,15.170774
744,5,friend,6.419445
744,6,said,6.553224
744,7,should,15.22545
744,8,talk,9.335692
744,9,with,5.537425
744,10,the,3.370126
744,11,new,8.302868
744,12,manager,7.116943
744,13,in,5.638319
744,14,her,7.127923
744,15,office,6.111012
744,16,.,1.871564
744,17,<eos>,-0.0
745,0,The,0.0
745,1,visitor,19.081583
745,2,said,9.459105
745,3,that,1.824046
745,4,my,15.170774
745,5,friend,6.419445
745,6,said,6.553224
745,7,the,3.866379
745,8,human,12.200834
745,9,resources,12.123643
745,10,officer,18.315434
745,11,should,6.380217
745,12,talk,11.147097
745,13,with,4.523417
745,14,the,3.225109
745,15,new,8.400988
745,16,manager,7.961931
745,17,in,5.167659
745,18,her,7.957316
745,19,office,6.057863
745,20,.,1.235688
745,21,<eos>,-0.0
746,0,The,0.0
746,1,visitor,19.081583
746,2,said,9.459105
746,3,who,10.800764
746,4,my,18.269564
746,5,friend,5.136821
746,6,said,6.061883
746,7,should,11.635859
746,8,talk,10.793854
746,9,with,5.372109
746,10,the,3.192744
746,11,new,7.99799
746,12,manager,7.551723
746,13,in,5.457506
746,14,her,7.441786
746,15,office,5.83799
746,16,.,1.281939
746,17,<eos>,-0.0
747,0,The,0.0
747,1,visitor,19.081583
747,2,said,9.459105
747,3,who,10.800764
747,4,my,18.269564
747,5,friend,5.136821
747,6,said,6.061883
747,7,the,4.799278
747,8,human,12.109003
747,9,resources,11.222852
747,10,officer,17.185181
747,11,should,6.082773
747,12,talk,11.590964
747,13,with,4.493091
747,14,the,5.680027
747,15,new,8.608656
747,16,manager,7.750959
747,17,in,5.30594
747,18,her,7.724418
747,19,office,5.906847
747,20,.,1.084107
747,21,<eos>,-0.0
748,0,The,0.0
748,1,visitor,19.081583
748,2,said,9.459105
748,3,that,1.824046
748,4,my,15.170774
748,5,friend,6.419445
748,6,said,6.553224
748,7,her,8.415775
748,8,mother,4.457393
748,9,knew,6.389606
748,10,should,15.283002
748,11,talk,9.236817
748,12,with,5.582747
748,13,the,4.30334
748,14,new,8.166333
748,15,manager,7.103256
748,16,in,5.716642
748,17,her,4.612786
748,18,office,6.954275
748,19,.,1.313751
748,20,<eos>,-0.0
749,0,The,0.0
749,1,visitor,19.081583
749,2,said,9.459105
749,3,that,1.824046
749,4,my,15.170774
749,5,friend,6.419445
749,6,said,6.553224
749,7,her,8.415775
749,8,mother,4.457393
749,9,knew,6.389606
749,10,the,4.331491
749,11,human,11.457872
749,12,resources,12.329173
749,13,officer,19.672709
749,14,should,6.352871
749,15,talk,10.834167
749,16,with,4.324676
749,17,the,4.146481
749,18,new,8.441694
749,19,manager,8.322945
749,20,in,5.822654
749,21,her,4.306066
749,22,office,6.580366
749,23,.,0.963784
749,24,<eos>,-0.0
750,0,The,0.0
750,1,visitor,19.081583
750,2,said,9.459105
750,3,who,10.800764
750,4,my,18.269564
750,5,friend,5.136821
750,6,said,6.061883
750,7,her,10.047355
750,8,mother,4.160871
750,9,knew,6.057119
750,10,should,11.155832
750,11,talk,10.300987
750,12,with,4.522129
750,13,the,4.141236
750,14,new,8.054602
750,15,manager,7.316679
750,16,in,5.746188
750,17,her,4.501617
750,18,office,6.584886
750,19,.,1.010649
750,20,<eos>,-0.0
751,0,The,0.0
751,1,visitor,19.081583
751,2,said,9.459105
751,3,who,10.800764
751,4,my,18.269564
751,5,friend,5.136821
751,6,said,6.061883
751,7,her,10.047355
751,8,mother,4.160871
751,9,knew,6.057119
751,10,the,5.474262
751,11,human,11.734712
751,12,resources,11.663795
751,13,officer,19.880381
751,14,should,7.124009
751,15,talk,11.030447
751,16,with,4.409082
751,17,the,6.569539
751,18,new,8.36163
751,19,manager,7.902669
751,20,in,5.801959
751,21,her,3.729995
751,22,office,6.544703
751,23,.,0.969794
751,24,<eos>,-0.0
752,0,The,0.0
752,1,visitor,19.081583
752,2,said,9.459105
752,3,that,1.824046
752,4,my,15.170774
752,5,friend,6.419445
752,6,said,6.553224
752,7,her,8.415775
752,8,mother,4.457393
752,9,knew,6.389606
752,10,the,4.331491
752,11,clerk,14.848376
752,12,stated,14.308396
752,13,should,13.100256
752,14,talk,10.247553
752,15,with,5.32458
752,16,the,3.947254
752,17,new,8.701381
752,18,manager,6.605104
752,19,in,5.881656
752,20,her,4.297294
752,21,office,5.89158
752,22,.,1.098813
752,23,<eos>,-0.0
753,0,The,0.0
753,1,visitor,19.081583
753,2,said,9.459105
753,3,that,1.824046
753,4,my,15.170774
753,5,friend,6.419445
753,6,said,6.553224
753,7,her,8.415775
753,8,mother,4.457393
753,9,knew,6.389606
753,10,the,4.331491
753,11,clerk,14.848376
753,12,stated,14.308396
753,13,the,5.19004
753,14,human,13.371759
753,15,resources,12.07995
753,16,officer,19.392225
753,17,should,6.061235
753,18,talk,10.989793
753,19,with,4.540103
753,20,the,3.686512
753,21,new,8.551656
753,22,manager,7.391809
753,23,in,5.806982
753,24,her,4.300033
753,25,office,6.251412
753,26,.,0.89993
753,27,<eos>,-0.0
754,0,The,0.0
754,1,visitor,19.081583
754,2,said,9.459105
754,3,who,10.800764
754,4,my,18.269564
754,5,friend,5.136821
754,6,said,6.061883
754,7,her,10.047355
754,8,mother,4.160871
754,9,knew,6.057119
754,10,the,5.474262
754,11,clerk,14.970022
754,12,stated,13.600144
754,13,should,12.133508
754,14,talk,11.018297
754,15,with,5.128205
754,16,the,3.791687
754,17,new,8.580284
754,18,manager,6.606039
754,19,in,5.982181
754,20,her,4.305422
754,21,office,5.926158
754,22,.,0.946817
754,23,<eos>,-0.0
755,0,The,0.0
755,1,visitor,19.081583
755,2,said,9.459105
755,3,who,10.800764
755,4,my,18.269564
755,5,friend,5.136821
755,6,said,6.061883
755,7,her,10.047355
755,8,mother,4.160871
755,9,knew,6.057119
755,10,the,5.474262
755,11,clerk,14.970022
755,12,stated,13.600144
755,13,the,6.954601
755,14,human,13.225884
755,15,resources,11.594553
755,16,officer,19.122852
755,17,should,6.722309
755,18,talk,10.865851
755,19,with,4.687273
755,20,the,3.503901
755,21,new,8.309602
755,22,manager,7.512788
755,23,in,5.837252
755,24,her,4.402563
755,25,office,6.348494
755,26,.,0.837604
755,27,<eos>,-0.0
756,0,The,0.0
756,1,visitor,19.081583
756,2,said,9.459105
756,3,that,1.824046
756,4,my,15.170774
756,5,friend,6.419445
756,6,said,6.553224
756,7,her,8.415775
756,8,mother,4.457393
756,9,knew,6.389606
756,10,the,4.331491
756,11,clerk,14.848376
756,12,stated,14.308396
756,13,should,13.100256
756,14,talk,10.247553
756,15,with,5.32458
756,16,the,3.947254
756,17,new,8.701381
756,18,manager,6.605104
756,19,in,5.881656
756,20,her,4.297294
756,21,office,5.89158
756,22,.,1.098813
756,23,<eos>,-0.0
757,0,The,0.0
757,1,visitor,19.081583
757,2,said,9.459105
757,3,that,1.824046
757,4,my,15.170774
757,5,friend,6.419445
757,6,said,6.553224
757,7,her,8.415775
757,8,mother,4.457393
757,9,knew,6.389606
757,10,the,4.331491
757,11,clerk,14.848376
757,12,stated,14.308396
757,13,the,5.19004
757,14,human,13.371759
757,15,resources,12.07995
757,16,officer,19.392225
757,17,should,6.061235
757,18,talk,10.989793
757,19,with,4.540103
757,20,the,3.686512
757,21,new,8.551656
757,22,manager,7.391809
757,23,in,5.806982
757,24,her,4.300033
757,25,office,6.251412
757,26,.,0.89993
757,27,<eos>,-0.0
758,0,The,0.0
758,1,visitor,19.081583
758,2,said,9.459105
758,3,who,10.800764
758,4,my,18.269564
758,5,friend,5.136821
758,6,said,6.061883
758,7,her,10.047355
758,8,mother,4.160871
758,9,knew,6.057119
758,10,the,5.474262
758,11,clerk,14.970022
758,12,stated,13.600144
758,13,should,12.133508
758,14,talk,11.018297
758,15,with,5.128205
758,16,the,3.791687
758,17,new,8.580284
758,18,manager,6.606039
758,19,in,5.982181
758,20,her,4.305422
758,21,office,5.926158
758,22,.,0.946817
758,23,<eos>,-0.0
759,0,The,0.0
759,1,visitor,19.081583
759,2,said,9.459105
759,3,who,10.800764
759,4,my,18.269564
759,5,friend,5.136821
759,6,said,6.061883
759,7,her,10.047355
759,8,mother,4.160871
759,9,knew,6.057119
759,10,the,5.474262
759,11,clerk,14.970022
759,12,stated,13.600144
759,13,the,6.954601
759,14,human,13.225884
759,15,resources,11.594553
759,16,officer,19.122852
759,17,should,6.722309
759,18,talk,10.865851
759,19,with,4.687273
759,20,the,3.503901
759,21,new,8.309602
759,22,manager,7.512788
759,23,in,5.837252
759,24,her,4.402563
759,25,office,6.348494
759,26,.,0.837604
759,27,<eos>,-0.0
760,0,My,0.0
760,1,friends,9.589454
760,2,all,9.680534
760,3,know,7.307799
760,4,that,3.438189
760,5,will,11.969704
760,6,describe,13.868171
760,7,her,5.613409
760,8,woes,15.852821
760,9,to,6.748515
760,10,her,3.306547
760,11,friends,6.093992
760,12,.,1.449531
760,13,<eos>,-0.0
761,0,My,0.0
761,1,friends,9.589454
761,2,all,9.680534
761,3,know,7.307799
761,4,that,3.438189
761,5,the,2.843106
761,6,single,10.906606
761,7,mother,7.698475
761,8,will,5.60624
761,9,describe,13.622046
761,10,her,3.021763
761,11,woes,16.68372
761,12,to,6.682292
761,13,her,2.467628
761,14,friends,6.055712
761,15,.,1.63324
761,16,<eos>,-0.0
762,0,My,0.0
762,1,friends,9.589454
762,2,all,9.680534
762,3,know,7.307799
762,4,who,6.626571
762,5,will,5.744067
762,6,describe,13.234696
762,7,her,5.407516
762,8,woes,16.361134
762,9,to,7.006303
762,10,her,3.050361
762,11,friends,5.863188
762,12,.,1.042958
762,13,<eos>,-0.0
763,0,My,0.0
763,1,friends,9.589454
763,2,all,9.680534
763,3,know,7.307799
763,4,who,6.626571
763,5,the,5.589694
763,6,single,12.115098
763,7,mother,5.811737
763,8,will,6.243078
763,9,describe,11.165092
763,10,her,8.089889
763,11,woes,17.355595
763,12,to,6.491141
763,13,her,3.347871
763,14,friends,6.233927
763,15,.,1.128052
763,16,<eos>,-0.0
764,0,My,0.0
764,1,friends,9.589454
764,2,all,9.680534
764,3,know,7.307799
764,4,that,3.438189
764,5,her,7.638736
764,6,friend,7.742016
764,7,knew,10.835517
764,8,will,15.064243
764,9,describe,13.401249
764,10,her,1.920588
764,11,woes,16.072737
764,12,to,6.654668
764,13,her,2.402172
764,14,friends,5.639236
764,15,.,1.422994
764,16,<eos>,-0.0
765,0,My,0.0
765,1,friends,9.589454
765,2,all,9.680534
765,3,know,7.307799
765,4,that,3.438189
765,5,her,7.638736
765,6,friend,7.742016
765,7,knew,10.835517
765,8,the,3.488934
765,9,single,11.348373
765,10,mother,6.69444
765,11,will,8.929927
765,12,describe,13.566864
765,13,her,1.579758
765,14,woes,16.436117
765,15,to,6.685301
765,16,her,2.104665
765,17,friends,5.696826
765,18,.,1.216103
765,19,<eos>,-0.0
766,0,My,0.0
766,1,friends,9.589454
766,2,all,9.680534
766,3,know,7.307799
766,4,who,6.626571
766,5,her,9.757621
766,6,friend,6.511607
766,7,knew,10.951263
766,8,will,11.008086
766,9,describe,13.480943
766,10,her,2.517343
766,11,woes,16.051216
766,12,to,7.226939
766,13,her,2.50537
766,14,friends,5.712924
766,15,.,0.976016
766,16,<eos>,-0.0
767,0,My,0.0
767,1,friends,9.589454
767,2,all,9.680534
767,3,know,7.307799
767,4,who,6.626571
767,5,her,9.757621
767,6,friend,6.511607
767,7,knew,10.951263
767,8,the,4.790865
767,9,single,12.258187
767,10,mother,7.183674
767,11,will,9.478964
767,12,describe,11.223379
767,13,her,5.618632
767,14,woes,16.981041
767,15,to,6.371639
767,16,her,2.785162
767,17,friends,6.119121
767,18,.,1.023958
767,19,<eos>,-0.0
768,0,My,0.0
768,1,friends,9.589454
768,2,all,9.680534
768,3,know,7.307799
768,4,that,3.438189
768,5,her,7.638736
768,6,friend,7.742016
768,7,knew,10.835517
768,8,the,3.488934
768,9,delivery,15.95525
768,10,man,8.240944
768,11,believed,12.741748
768,12,will,11.48329
768,13,describe,15.504252
768,14,her,1.701262
768,15,woes,16.378836
768,16,to,6.775541
768,17,her,2.388557
768,18,friends,5.807759
768,19,.,1.029759
768,20,<eos>,-0.0
769,0,My,0.0
769,1,friends,9.589454
769,2,all,9.680534
769,3,know,7.307799
769,4,that,3.438189
769,5,her,7.638736
769,6,friend,7.742016
769,7,knew,10.835517
769,8,the,3.488934
769,9,delivery,15.95525
769,10,man,8.240944
769,11,believed,12.741748
769,12,the,4.07634
769,13,single,10.587285
769,14,mother,7.492545
769,15,will,7.64932
769,16,describe,14.890637
769,17,her,1.654304
769,18,woes,16.808147
769,19,to,6.707968
769,20,her,2.138651
769,21,friends,5.837445
769,22,.,1.033188
769,23,<eos>,-0.0
770,0,My,0.0
770,1,friends,9.589454
770,2,all,9.680534
770,3,know,7.307799
770,4,who,6.626571
770,5,her,9.757621
770,6,friend,6.511607
770,7,knew,10.951263
770,8,the,4.790865
770,9,delivery,16.317404
770,10,man,6.35535
770,11,believed,11.520553
770,12,will,9.834534
770,13,describe,14.848329
770,14,her,2.024683
770,15,woes,16.602354
770,16,to,7.252005
770,17,her,2.386173
770,18,friends,5.87873
770,19,.,0.846877
770,20,<eos>,-0.0
771,0,My,0.0
771,1,friends,9.589454
771,2,all,9.680534
771,3,know,7.307799
771,4,who,6.626571
771,5,her,9.757621
771,6,friend,6.511607
771,7,knew,10.951263
771,8,the,4.790865
771,9,delivery,16.317404
771,10,man,6.35535
771,11,believed,11.520553
771,12,the,5.707651
771,13,single,10.858785
771,14,mother,7.11838
771,15,will,7.533148
771,16,describe,12.893301
771,17,her,5.45014
771,18,woes,16.883835
771,19,to,6.245141
771,20,her,2.593281
771,21,friends,6.066216
771,22,.,0.893802
771,23,<eos>,-0.0
772,0,My,0.0
772,1,friends,9.589454
772,2,all,9.680534
772,3,know,7.307799
772,4,that,3.438189
772,5,her,7.638736
772,6,friend,7.742016
772,7,knew,10.835517
772,8,the,3.488934
772,9,delivery,15.95525
772,10,man,8.240944
772,11,believed,12.741748
772,12,the,4.07634
772,13,cop,14.394814
772,14,said,13.292475
772,15,will,12.922647
772,16,describe,13.382478
772,17,her,3.058171
772,18,woes,17.435167
772,19,to,6.822894
772,20,her,2.30641
772,21,friends,5.79531
772,22,.,1.000602
772,23,<eos>,-0.0
773,0,My,0.0
773,1,friends,9.589454
773,2,all,9.680534
773,3,know,7.307799
773,4,that,3.438189
773,5,her,7.638736
773,6,friend,7.742016
773,7,knew,10.835517
773,8,the,3.488934
773,9,delivery,15.95525
773,10,man,8.240944
773,11,believed,12.741748
773,12,the,4.07634
773,13,cop,14.394814
773,14,said,13.292475
773,15,the,3.812345
773,16,single,12.027809
773,17,mother,8.058905
773,18,will,7.90953
773,19,describe,14.260055
773,20,her,2.110976
773,21,woes,18.059881
773,22,to,6.726905
773,23,her,2.143399
773,24,friends,5.772931
773,25,.,0.989704
773,26,<eos>,-0.0
774,0,My,0.0
774,1,friends,9.589454
774,2,all,9.680534
774,3,know,7.307799
774,4,who,6.626571
774,5,her,9.757621
774,6,friend,6.511607
774,7,knew,10.951263
774,8,the,4.790865
774,9,delivery,16.317404
774,10,man,6.35535
774,11,believed,11.520553
774,12,the,5.707651
774,13,cop,13.96282
774,14,said,11.765974
774,15,will,10.379615
774,16,describe,13.794454
774,17,her,3.210716
774,18,woes,17.596994
774,19,to,7.217988
774,20,her,2.443471
774,21,friends,5.908112
774,22,.,0.801571
774,23,<eos>,-0.0
775,0,My,0.0
775,1,friends,9.589454
775,2,all,9.680534
775,3,know,7.307799
775,4,who,6.626571
775,5,her,9.757621
775,6,friend,6.511607
775,7,knew,10.951263
775,8,the,4.790865
775,9,delivery,16.317404
775,10,man,6.35535
775,11,believed,11.520553
775,12,the,5.707651
775,13,cop,13.96282
775,14,said,11.765974
775,15,the,5.258532
775,16,single,11.975203
775,17,mother,8.015994
775,18,will,7.863374
775,19,describe,13.945802
775,20,her,2.290023
775,21,woes,18.084585
775,22,to,7.037398
775,23,her,2.207018
775,24,friends,5.627921
775,25,.,0.788459
775,26,<eos>,-0.0
776,0,My,0.0
776,1,friends,9.589454
776,2,all,9.680534
776,3,know,7.307799
776,4,that,3.438189
776,5,her,7.638736
776,6,friend,7.742016
776,7,knew,10.835517
776,8,the,3.488934
776,9,delivery,15.95525
776,10,man,8.240944
776,11,believed,12.741748
776,12,the,4.07634
776,13,cop,14.394814
776,14,said,13.292475
776,15,will,12.922647
776,16,describe,13.382478
776,17,her,3.058171
776,18,woes,17.435167
776,19,to,6.822894
776,20,her,2.30641
776,21,friends,5.79531
776,22,.,1.000602
776,23,<eos>,-0.0
777,0,My,0.0
777,1,friends,9.589454
777,2,all,9.680534
777,3,know,7.307799
777,4,that,3.438189
777,5,her,7.638736
777,6,friend,7.742016
777,7,knew,10.835517
777,8,the,3.488934
777,9,delivery,15.95525
777,10,man,8.240944
777,11,believed,12.741748
777,12,the,4.07634
777,13,cop,14.394814
777,14,said,13.292475
777,15,the,3.812345
777,16,single,12.027809
777,17,mother,8.058905
777,18,will,7.90953
777,19,describe,14.260055
777,20,her,2.110976
777,21,woes,18.059881
777,22,to,6.726905
777,23,her,2.143399
777,24,friends,5.772931
777,25,.,0.989704
777,26,<eos>,-0.0
778,0,My,0.0
778,1,friends,9.589454
778,2,all,9.680534
778,3,know,7.307799
778,4,who,6.626571
778,5,her,9.757621
778,6,friend,6.511607
778,7,knew,10.951263
778,8,the,4.790865
778,9,delivery,16.317404
778,10,man,6.35535
778,11,believed,11.520553
778,12,the,5.707651
778,13,cop,13.96282
778,14,said,11.765974
778,15,will,10.379615
778,16,describe,13.794454
778,17,her,3.210716
778,18,woes,17.596994
778,19,to,7.217988
778,20,her,2.443471
778,21,friends,5.908112
778,22,.,0.801571
778,23,<eos>,-0.0
779,0,My,0.0
779,1,friends,9.589454
779,2,all,9.680534
779,3,know,7.307799
779,4,who,6.626571
779,5,her,9.757621
779,6,friend,6.511607
779,7,knew,10.951263
779,8,the,4.790865
779,9,delivery,16.317404
779,10,man,6.35535
779,11,believed,11.520553
779,12,the,5.707651
779,13,cop,13.96282
779,14,said,11.765974
779,15,the,5.258532
779,16,single,11.975203
779,17,mother,8.015994
779,18,will,7.863374
779,19,describe,13.945802
779,20,her,2.290023
779,21,woes,18.084585
779,22,to,7.037398
779,23,her,2.207018
779,24,friends,5.627921
779,25,.,0.788459
779,26,<eos>,-0.0
780,0,I,0.0
780,1,know,6.278276
780,2,that,2.352433
780,3,might,14.406142
780,4,find,9.361161
780,5,a,2.635915
780,6,quarter,12.838222
780,7,on,5.671522
780,8,the,0.924367
780,9,bus,11.307012
780,10,.,2.102742
780,11,<eos>,-0.0
781,0,I,0.0
781,1,know,6.278276
781,2,that,2.352433
781,3,the,2.35511
781,4,elderly,13.702141
781,5,lady,8.609021
781,6,might,8.084039
781,7,find,7.066965
781,8,a,2.831614
781,9,quarter,13.779225
781,10,on,5.268807
781,11,the,1.19524
781,12,bus,10.626907
781,13,.,2.061536
781,14,<eos>,-0.0
782,0,I,0.0
782,1,know,6.278276
782,2,who,6.580016
782,3,might,8.6036
782,4,find,7.604503
782,5,a,3.081651
782,6,quarter,13.164724
782,7,on,4.992869
782,8,the,1.014355
782,9,bus,10.538005
782,10,.,1.696034
782,11,<eos>,-0.0
783,0,I,0.0
783,1,know,6.278276
783,2,who,6.580016
783,3,the,5.056487
783,4,elderly,14.098608
783,5,lady,9.313284
783,6,might,7.434696
783,7,find,6.109242
783,8,a,6.848544
783,9,quarter,10.832992
783,10,on,5.707319
783,11,the,2.41855
783,12,bus,10.698421
783,13,.,1.676106
783,14,<eos>,-0.0
784,0,I,0.0
784,1,know,6.278276
784,2,that,2.352433
784,3,their,8.129355
784,4,friend,10.08231
784,5,said,8.900555
784,6,might,15.907741
784,7,find,7.8916
784,8,a,3.223177
784,9,quarter,12.60472
784,10,on,5.132686
784,11,the,1.183295
784,12,bus,10.860158
784,13,.,1.704749
784,14,<eos>,-0.0
785,0,I,0.0
785,1,know,6.278276
785,2,that,2.352433
785,3,their,8.129355
785,4,friend,10.08231
785,5,said,8.900555
785,6,the,3.843752
785,7,elderly,14.818188
785,8,lady,8.275287
785,9,might,8.100172
785,10,find,7.227096
785,11,a,2.865153
785,12,quarter,13.456506
785,13,on,5.070343
785,14,the,1.342531
785,15,bus,10.1747
785,16,.,1.5905
785,17,<eos>,-0.0
786,0,I,0.0
786,1,know,6.278276
786,2,who,6.580016
786,3,their,11.182029
786,4,friend,8.477739
786,5,said,8.389433
786,6,might,11.952517
786,7,find,8.534636
786,8,a,3.16053
786,9,quarter,12.315543
786,10,on,5.134081
786,11,the,1.107464
786,12,bus,11.090111
786,13,.,1.440004
786,14,<eos>,-0.0
787,0,I,0.0
787,1,know,6.278276
787,2,who,6.580016
787,3,their,11.182029
787,4,friend,8.477739
787,5,said,8.389433
787,6,the,5.057198
787,7,elderly,14.035393
787,8,lady,8.271331
787,9,might,8.609883
787,10,find,6.657825
787,11,a,3.116789
787,12,quarter,12.881194
787,13,on,5.14127
787,14,the,1.345028
787,15,bus,10.151242
787,16,.,1.300106
787,17,<eos>,-0.0
788,0,I,0.0
788,1,know,6.278276
788,2,that,2.352433
788,3,their,8.129355
788,4,friend,10.08231
788,5,said,8.900555
788,6,the,3.843752
788,7,secretary,13.904811
788,8,believed,10.079372
788,9,might,14.403002
788,10,find,10.119163
788,11,a,3.12363
788,12,quarter,13.259811
788,13,on,5.004277
788,14,the,0.957634
788,15,bus,12.225209
788,16,.,1.70196
788,17,<eos>,-0.0
789,0,I,0.0
789,1,know,6.278276
789,2,that,2.352433
789,3,their,8.129355
789,4,friend,10.08231
789,5,said,8.900555
789,6,the,3.843752
789,7,secretary,13.904811
789,8,believed,10.079372
789,9,the,3.213356
789,10,elderly,15.452872
789,11,lady,11.107269
789,12,might,7.38084
789,13,find,7.840357
789,14,a,2.653864
789,15,quarter,13.930199
789,16,on,5.161916
789,17,the,1.1864
789,18,bus,10.878355
789,19,.,1.383871
789,20,<eos>,-0.0
790,0,I,0.0
790,1,know,6.278276
790,2,who,6.580016
790,3,their,11.182029
790,4,friend,8.477739
790,5,said,8.389433
790,6,the,5.057198
790,7,secretary,13.769246
790,8,believed,10.348664
790,9,might,10.388865
790,10,find,10.123935
790,11,a,3.168137
790,12,quarter,12.759594
790,13,on,4.824306
790,14,the,0.881354
790,15,bus,12.118716
790,16,.,1.418456
790,17,<eos>,-0.0
791,0,I,0.0
791,1,know,6.278276
791,2,who,6.580016
791,3,their,11.182029
791,4,friend,8.477739
791,5,said,8.389433
791,6,the,5.057198
791,7,secretary,13.769246
791,8,believed,10.348664
791,9,the,4.292023
791,10,elderly,15.147664
791,11,lady,11.19419
791,12,might,7.381168
791,13,find,7.505102
791,14,a,2.676362
791,15,quarter,13.612526
791,16,on,5.144632
791,17,the,1.154289
791,18,bus,10.789772
791,19,.,1.163338
791,20,<eos>,-0.0
792,0,I,0.0
792,1,know,6.278276
792,2,that,2.352433
792,3,their,8.129355
792,4,friend,10.08231
792,5,said,8.900555
792,6,the,3.843752
792,7,secretary,13.904811
792,8,believed,10.079372
792,9,the,3.213356
792,10,worker,13.324497
792,11,thinks,13.905668
792,12,might,12.179796
792,13,find,9.515139
792,14,a,2.947808
792,15,quarter,13.455499
792,16,on,5.084554
792,17,the,1.253204
792,18,bus,11.040008
792,19,.,1.37243
792,20,<eos>,-0.0
793,0,I,0.0
793,1,know,6.278276
793,2,that,2.352433
793,3,their,8.129355
793,4,friend,10.08231
793,5,said,8.900555
793,6,the,3.843752
793,7,secretary,13.904811
793,8,believed,10.079372
793,9,the,3.213356
793,10,worker,13.324497
793,11,thinks,13.905668
793,12,the,3.648814
793,13,elderly,15.051997
793,14,lady,8.512668
793,15,might,6.372361
793,16,find,7.961199
793,17,a,2.695343
793,18,quarter,13.758436
793,19,on,5.429997
793,20,the,1.21778
793,21,bus,10.567354
793,22,.,1.195911
793,23,<eos>,-0.0
794,0,I,0.0
794,1,know,6.278276
794,2,who,6.580016
794,3,their,11.182029
794,4,friend,8.477739
794,5,said,8.389433
794,6,the,5.057198
794,7,secretary,13.769246
794,8,believed,10.348664
794,9,the,4.292023
794,10,worker,13.449773
794,11,thinks,13.011417
794,12,might,11.585561
794,13,find,9.19757
794,14,a,2.980019
794,15,quarter,13.077908
794,16,on,4.959629
794,17,the,1.173967
794,18,bus,10.719144
794,19,.,1.218376
794,20,<eos>,-0.0
795,0,I,0.0
795,1,know,6.278276
795,2,who,6.580016
795,3,their,11.182029
795,4,friend,8.477739
795,5,said,8.389433
795,6,the,5.057198
795,7,secretary,13.769246
795,8,believed,10.348664
795,9,the,4.292023
795,10,worker,13.449773
795,11,thinks,13.011417
795,12,the,3.757905
795,13,elderly,15.261654
795,14,lady,8.322407
795,15,might,6.441334
795,16,find,7.509973
795,17,a,2.715274
795,18,quarter,13.484726
795,19,on,5.377221
795,20,the,1.188902
795,21,bus,10.317481
795,22,.,1.042512
795,23,<eos>,-0.0
796,0,I,0.0
796,1,know,6.278276
796,2,that,2.352433
796,3,their,8.129355
796,4,friend,10.08231
796,5,said,8.900555
796,6,the,3.843752
796,7,secretary,13.904811
796,8,believed,10.079372
796,9,the,3.213356
796,10,worker,13.324497
796,11,thinks,13.905668
796,12,might,12.179796
796,13,find,9.515139
796,14,a,2.947808
796,15,quarter,13.455499
796,16,on,5.084554
796,17,the,1.253204
796,18,bus,11.040008
796,19,.,1.37243
796,20,<eos>,-0.0
797,0,I,0.0
797,1,know,6.278276
797,2,that,2.352433
797,3,their,8.129355
797,4,friend,10.08231
797,5,said,8.900555
797,6,the,3.843752
797,7,secretary,13.904811
797,8,believed,10.079372
797,9,the,3.213356
797,10,worker,13.324497
797,11,thinks,13.905668
797,12,the,3.648814
797,13,elderly,15.051997
797,14,lady,8.512668
797,15,might,6.372361
797,16,find,7.961199
797,17,a,2.695343
797,18,quarter,13.758436
797,19,on,5.429997
797,20,the,1.21778
797,21,bus,10.567354
797,22,.,1.195911
797,23,<eos>,-0.0
798,0,I,0.0
798,1,know,6.278276
798,2,who,6.580016
798,3,their,11.182029
798,4,friend,8.477739
798,5,said,8.389433
798,6,the,5.057198
798,7,secretary,13.769246
798,8,believed,10.348664
798,9,the,4.292023
798,10,worker,13.449773
798,11,thinks,13.011417
798,12,might,11.585561
798,13,find,9.19757
798,14,a,2.980019
798,15,quarter,13.077908
798,16,on,4.959629
798,17,the,1.173967
798,18,bus,10.719144
798,19,.,1.218376
798,20,<eos>,-0.0
799,0,I,0.0
799,1,know,6.278276
799,2,who,6.580016
799,3,their,11.182029
799,4,friend,8.477739
799,5,said,8.389433
799,6,the,5.057198
799,7,secretary,13.769246
799,8,believed,10.348664
799,9,the,4.292023
799,10,worker,13.449773
799,11,thinks,13.011417
799,12,the,3.757905
799,13,elderly,15.261654
799,14,lady,8.322407
799,15,might,6.441334
799,16,find,7.509973
799,17,a,2.715274
799,18,quarter,13.484726
799,19,on,5.377221
799,20,the,1.188902
799,21,bus,10.317481
799,22,.,1.042512
799,23,<eos>,-0.0
800,0,We,0.0
800,1,all,8.258053
800,2,know,3.618088
800,3,that,2.504345
800,4,will,11.947844
800,5,assemble,15.74473
800,6,the,2.898326
800,7,bed,13.94899
800,8,for,4.417704
800,9,his,8.198456
800,10,parents,7.925464
800,11,.,1.883103
800,12,<eos>,-0.0
801,0,We,0.0
801,1,all,8.258053
801,2,know,3.618088
801,3,that,2.504345
801,4,the,2.179744
801,5,young,10.010603
801,6,professional,14.718312
801,7,will,6.563483
801,8,assemble,14.282346
801,9,the,3.373071
801,10,bed,13.557326
801,11,for,3.650542
801,12,his,6.553653
801,13,parents,7.460837
801,14,.,2.325086
801,15,<eos>,-0.0
802,0,We,0.0
802,1,all,8.258053
802,2,know,3.618088
802,3,who,5.47427
802,4,will,5.688974
802,5,assemble,14.085769
802,6,the,2.629616
802,7,bed,13.819178
802,8,for,4.325289
802,9,his,7.037365
802,10,parents,7.711895
802,11,.,1.556455
802,12,<eos>,-0.0
803,0,We,0.0
803,1,all,8.258053
803,2,know,3.618088
803,3,who,5.47427
803,4,the,4.627324
803,5,young,9.624987
803,6,professional,14.691945
803,7,will,5.658397
803,8,assemble,14.032305
803,9,the,5.42844
803,10,bed,12.964015
803,11,for,4.533211
803,12,his,6.27744
803,13,parents,7.194729
803,14,.,1.386166
803,15,<eos>,-0.0
804,0,We,0.0
804,1,all,8.258053
804,2,know,3.618088
804,3,that,2.504345
804,4,my,8.984233
804,5,neighbor,11.780478
804,6,said,9.320017
804,7,will,13.715559
804,8,assemble,15.996883
804,9,the,3.051293
804,10,bed,12.160398
804,11,for,3.885959
804,12,his,6.091318
804,13,parents,7.160246
804,14,.,1.926737
804,15,<eos>,-0.0
805,0,We,0.0
805,1,all,8.258053
805,2,know,3.618088
805,3,that,2.504345
805,4,my,8.984233
805,5,neighbor,11.780478
805,6,said,9.320017
805,7,the,3.742524
805,8,young,9.578177
805,9,professional,15.500974
805,10,will,8.718114
805,11,assemble,14.791603
805,12,the,3.380558
805,13,bed,12.171853
805,14,for,3.751728
805,15,his,4.991049
805,16,parents,7.48444
805,17,.,2.152258
805,18,<eos>,-0.0
806,0,We,0.0
806,1,all,8.258053
806,2,know,3.618088
806,3,who,5.47427
806,4,my,10.763912
806,5,neighbor,10.27516
806,6,said,8.625268
806,7,will,9.165886
806,8,assemble,15.48847
806,9,the,3.346179
806,10,bed,11.846608
806,11,for,4.260363
806,12,his,5.253233
806,13,parents,7.430341
806,14,.,1.604161
806,15,<eos>,-0.0
807,0,We,0.0
807,1,all,8.258053
807,2,know,3.618088
807,3,who,5.47427
807,4,my,10.763912
807,5,neighbor,10.27516
807,6,said,8.625268
807,7,the,5.089534
807,8,young,9.731186
807,9,professional,14.782845
807,10,will,8.296978
807,11,assemble,14.609009
807,12,the,4.634071
807,13,bed,12.141065
807,14,for,4.195405
807,15,his,4.836434
807,16,parents,7.290516
807,17,.,1.569537
807,18,<eos>,-0.0
808,0,We,0.0
808,1,all,8.258053
808,2,know,3.618088
808,3,that,2.504345
808,4,my,8.984233
808,5,neighbor,11.780478
808,6,said,9.320017
808,7,her,8.284826
808,8,associate,14.527971
808,9,knew,7.885457
808,10,will,14.035858
808,11,assemble,16.365252
808,12,the,3.286396
808,13,bed,11.720091
808,14,for,4.06662
808,15,his,5.752001
808,16,parents,8.041272
808,17,.,1.978756
808,18,<eos>,-0.0
809,0,We,0.0
809,1,all,8.258053
809,2,know,3.618088
809,3,that,2.504345
809,4,my,8.984233
809,5,neighbor,11.780478
809,6,said,9.320017
809,7,her,8.284826
809,8,associate,14.527971
809,9,knew,7.885457
809,10,the,4.002738
809,11,young,9.488609
809,12,professional,16.02297
809,13,will,8.772651
809,14,assemble,16.01712
809,15,the,3.601373
809,16,bed,12.219319
809,17,for,3.656273
809,18,his,5.129446
809,19,parents,7.605272
809,20,.,1.86449
809,21,<eos>,-0.0
810,0,We,0.0
810,1,all,8.258053
810,2,know,3.618088
810,3,who,5.47427
810,4,my,10.763912
810,5,neighbor,10.27516
810,6,said,8.625268
810,7,her,10.719226
810,8,associate,14.902839
810,9,knew,8.376236
810,10,will,11.182251
810,11,assemble,16.014347
810,12,the,3.48063
810,13,bed,12.274383
810,14,for,4.236118
810,15,his,5.65343
810,16,parents,8.108169
810,17,.,1.655897
810,18,<eos>,-0.0
811,0,We,0.0
811,1,all,8.258053
811,2,know,3.618088
811,3,who,5.47427
811,4,my,10.763912
811,5,neighbor,10.27516
811,6,said,8.625268
811,7,her,10.719226
811,8,associate,14.902839
811,9,knew,8.376236
811,10,the,4.941906
811,11,young,9.478276
811,12,professional,15.422958
811,13,will,9.142366
811,14,assemble,15.401693
811,15,the,3.348207
811,16,bed,12.452619
811,17,for,3.859625
811,18,his,5.118625
811,19,parents,7.809983
811,20,.,1.626138
811,21,<eos>,-0.0
812,0,We,0.0
812,1,all,8.258053
812,2,know,3.618088
812,3,that,2.504345
812,4,my,8.984233
812,5,neighbor,11.780478
812,6,said,9.320017
812,7,her,8.284826
812,8,associate,14.527971
812,9,knew,7.885457
812,10,a,7.278629
812,11,friend,7.825838
812,12,thinks,14.022681
812,13,will,13.558214
812,14,assemble,16.319178
812,15,the,3.934027
812,16,bed,11.714709
812,17,for,3.932798
812,18,his,6.024012
812,19,parents,7.606696
812,20,.,1.595144
812,21,<eos>,-0.0
813,0,We,0.0
813,1,all,8.258053
813,2,know,3.618088
813,3,that,2.504345
813,4,my,8.984233
813,5,neighbor,11.780478
813,6,said,9.320017
813,7,her,8.284826
813,8,associate,14.527971
813,9,knew,7.885457
813,10,a,7.278629
813,11,friend,7.825838
813,12,thinks,14.022681
813,13,the,4.354785
813,14,young,9.3411
813,15,professional,15.728609
813,16,will,7.353885
813,17,assemble,15.485431
813,18,the,3.393961
813,19,bed,12.259807
813,20,for,3.668048
813,21,his,5.108214
813,22,parents,7.850367
813,23,.,1.805385
813,24,<eos>,-0.0
814,0,We,0.0
814,1,all,8.258053
814,2,know,3.618088
814,3,who,5.47427
814,4,my,10.763912
814,5,neighbor,10.27516
814,6,said,8.625268
814,7,her,10.719226
814,8,associate,14.902839
814,9,knew,8.376236
814,10,a,8.298916
814,11,friend,7.477678
814,12,thinks,14.102839
814,13,will,9.437078
814,14,assemble,15.92933
814,15,the,4.511338
814,16,bed,11.67589
814,17,for,3.948477
814,18,his,5.900613
814,19,parents,7.787345
814,20,.,1.476442
814,21,<eos>,-0.0
815,0,We,0.0
815,1,all,8.258053
815,2,know,3.618088
815,3,who,5.47427
815,4,my,10.763912
815,5,neighbor,10.27516
815,6,said,8.625268
815,7,her,10.719226
815,8,associate,14.902839
815,9,knew,8.376236
815,10,a,8.298916
815,11,friend,7.477678
815,12,thinks,14.102839
815,13,the,5.499289
815,14,young,9.169704
815,15,professional,15.309656
815,16,will,7.145533
815,17,assemble,15.535021
815,18,the,4.796027
815,19,bed,11.70854
815,20,for,4.01295
815,21,his,5.20312
815,22,parents,7.801436
815,23,.,1.485147
815,24,<eos>,-0.0
816,0,We,0.0
816,1,all,8.258053
816,2,know,3.618088
816,3,that,2.504345
816,4,my,8.984233
816,5,neighbor,11.780478
816,6,said,9.320017
816,7,her,8.284826
816,8,associate,14.527971
816,9,knew,7.885457
816,10,a,7.278629
816,11,friend,7.825838
816,12,thinks,14.022681
816,13,will,13.558214
816,14,assemble,16.319178
816,15,the,3.934027
816,16,bed,11.714709
816,17,for,3.932798
816,18,his,6.024012
816,19,parents,7.606696
816,20,.,1.595144
816,21,<eos>,-0.0
817,0,We,0.0
817,1,all,8.258053
817,2,know,3.618088
817,3,that,2.504345
817,4,my,8.984233
817,5,neighbor,11.780478
817,6,said,9.320017
817,7,her,8.284826
817,8,associate,14.527971
817,9,knew,7.885457
817,10,a,7.278629
817,11,friend,7.825838
817,12,thinks,14.022681
817,13,the,4.354785
817,14,young,9.3411
817,15,professional,15.728609
817,16,will,7.353885
817,17,assemble,15.485431
817,18,the,3.393961
817,19,bed,12.259807
817,20,for,3.668048
817,21,his,5.108214
817,22,parents,7.850367
817,23,.,1.805385
817,24,<eos>,-0.0
818,0,We,0.0
818,1,all,8.258053
818,2,know,3.618088
818,3,who,5.47427
818,4,my,10.763912
818,5,neighbor,10.27516
818,6,said,8.625268
818,7,her,10.719226
818,8,associate,14.902839
818,9,knew,8.376236
818,10,a,8.298916
818,11,friend,7.477678
818,12,thinks,14.102839
818,13,will,9.437078
818,14,assemble,15.92933
818,15,the,4.511338
818,16,bed,11.67589
818,17,for,3.948477
818,18,his,5.900613
818,19,parents,7.787345
818,20,.,1.476442
818,21,<eos>,-0.0
819,0,We,0.0
819,1,all,8.258053
819,2,know,3.618088
819,3,who,5.47427
819,4,my,10.763912
819,5,neighbor,10.27516
819,6,said,8.625268
819,7,her,10.719226
819,8,associate,14.902839
819,9,knew,8.376236
819,10,a,8.298916
819,11,friend,7.477678
819,12,thinks,14.102839
819,13,the,5.499289
819,14,young,9.169704
819,15,professional,15.309656
819,16,will,7.145533
819,17,assemble,15.535021
819,18,the,4.796027
819,19,bed,11.70854
819,20,for,4.01295
819,21,his,5.20312
819,22,parents,7.801436
819,23,.,1.485147
819,24,<eos>,-0.0
820,0,The,0.0
820,1,novel,15.75654
820,2,revealed,13.273339
820,3,that,1.524586
820,4,could,15.68223
820,5,say,12.697922
820,6,something,6.760993
820,7,to,3.310497
820,8,his,6.11456
820,9,donors,17.116413
820,10,.,2.52577
820,11,<eos>,-0.0
821,0,The,0.0
821,1,novel,15.75654
821,2,revealed,13.273339
821,3,that,1.524586
821,4,the,1.822094
821,5,young,8.327307
821,6,politician,12.411454
821,7,could,6.724381
821,8,say,10.406285
821,9,something,7.007481
821,10,to,2.76914
821,11,his,4.267334
821,12,donors,17.818443
821,13,.,1.977007
821,14,<eos>,-0.0
822,0,The,0.0
822,1,novel,15.75654
822,2,revealed,13.273339
822,3,who,12.761129
822,4,could,7.289225
822,5,say,10.096283
822,6,something,7.022056
822,7,to,3.064458
822,8,his,5.304601
822,9,donors,17.678078
822,10,.,1.671205
822,11,<eos>,-0.0
823,0,The,0.0
823,1,novel,15.75654
823,2,revealed,13.273339
823,3,who,12.761129
823,4,the,6.569498
823,5,young,8.482161
823,6,politician,11.893276
823,7,could,5.715782
823,8,say,8.834887
823,9,something,11.887667
823,10,to,3.353772
823,11,his,4.004631
823,12,donors,17.797064
823,13,.,1.303735
823,14,<eos>,-0.0
824,0,The,0.0
824,1,novel,15.75654
824,2,revealed,13.273339
824,3,that,1.524586
824,4,our,13.163885
824,5,friend,8.586658
824,6,thought,10.733902
824,7,could,14.764804
824,8,say,9.336268
824,9,something,5.361876
824,10,to,3.283146
824,11,his,6.020322
824,12,donors,17.250076
824,13,.,1.687603
824,14,<eos>,-0.0
825,0,The,0.0
825,1,novel,15.75654
825,2,revealed,13.273339
825,3,that,1.524586
825,4,our,13.163885
825,5,friend,8.586658
825,6,thought,10.733902
825,7,the,2.94787
825,8,young,8.616003
825,9,politician,13.786615
825,10,could,3.744725
825,11,say,9.601611
825,12,something,5.322081
825,13,to,2.926226
825,14,his,4.971428
825,15,donors,17.379227
825,16,.,1.739965
825,17,<eos>,-0.0
826,0,The,0.0
826,1,novel,15.75654
826,2,revealed,13.273339
826,3,who,12.761129
826,4,our,15.727907
826,5,friend,6.8973
826,6,thought,9.553432
826,7,could,8.841977
826,8,say,9.955648
826,9,something,6.321665
826,10,to,3.738181
826,11,his,6.034209
826,12,donors,17.646358
826,13,.,1.45722
826,14,<eos>,-0.0
827,0,The,0.0
827,1,novel,15.75654
827,2,revealed,13.273339
827,3,who,12.761129
827,4,our,15.727907
827,5,friend,6.8973
827,6,thought,9.553432
827,7,the,4.100929
827,8,young,9.032013
827,9,politician,13.616467
827,10,could,4.536609
827,11,say,8.526517
827,12,something,9.73791
827,13,to,3.283094
827,14,his,4.781354
827,15,donors,17.413725
827,16,.,1.484876
827,17,<eos>,-0.0
828,0,The,0.0
828,1,novel,15.75654
828,2,revealed,13.273339
828,3,that,1.524586
828,4,our,13.163885
828,5,friend,8.586658
828,6,thought,10.733902
828,7,the,2.94787
828,8,reporter,12.58854
828,9,knows,11.713312
828,10,could,15.14086
828,11,say,9.699215
828,12,something,4.267827
828,13,to,3.370314
828,14,his,5.629171
828,15,donors,18.014765
828,16,.,1.342053
828,17,<eos>,-0.0
829,0,The,0.0
829,1,novel,15.75654
829,2,revealed,13.273339
829,3,that,1.524586
829,4,our,13.163885
829,5,friend,8.586658
829,6,thought,10.733902
829,7,the,2.94787
829,8,reporter,12.58854
829,9,knows,11.713312
829,10,the,3.978675
829,11,young,12.490607
829,12,politician,13.777658
829,13,could,5.963355
829,14,say,8.191709
829,15,something,4.798237
829,16,to,3.268062
829,17,his,5.411636
829,18,donors,18.108704
829,19,.,1.160551
829,20,<eos>,-0.0
830,0,The,0.0
830,1,novel,15.75654
830,2,revealed,13.273339
830,3,who,12.761129
830,4,our,15.727907
830,5,friend,6.8973
830,6,thought,9.553432
830,7,the,4.100929
830,8,reporter,12.802058
830,9,knows,12.074018
830,10,could,9.355362
830,11,say,10.025416
830,12,something,6.716825
830,13,to,3.486431
830,14,his,5.447925
830,15,donors,17.770805
830,16,.,1.123013
830,17,<eos>,-0.0
831,0,The,0.0
831,1,novel,15.75654
831,2,revealed,13.273339
831,3,who,12.761129
831,4,our,15.727907
831,5,friend,6.8973
831,6,thought,9.553432
831,7,the,4.100929
831,8,reporter,12.802058
831,9,knows,12.074018
831,10,the,4.961331
831,11,young,11.072701
831,12,politician,13.261599
831,13,could,6.707752
831,14,say,7.869823
831,15,something,10.291869
831,16,to,3.539954
831,17,his,5.208338
831,18,donors,17.658545
831,19,.,1.011931
831,20,<eos>,-0.0
832,0,The,0.0
832,1,novel,15.75654
832,2,revealed,13.273339
832,3,that,1.524586
832,4,our,13.163885
832,5,friend,8.586658
832,6,thought,10.733902
832,7,the,2.94787
832,8,reporter,12.58854
832,9,knows,11.713312
832,10,her,7.9779
832,11,contact,11.550113
832,12,said,13.493815
832,13,could,13.984021
832,14,say,9.766255
832,15,something,5.101938
832,16,to,3.461868
832,17,his,6.293408
832,18,donors,17.979639
832,19,.,1.105945
832,20,<eos>,-0.0
833,0,The,0.0
833,1,novel,15.75654
833,2,revealed,13.273339
833,3,that,1.524586
833,4,our,13.163885
833,5,friend,8.586658
833,6,thought,10.733902
833,7,the,2.94787
833,8,reporter,12.58854
833,9,knows,11.713312
833,10,her,7.9779
833,11,contact,11.550113
833,12,said,13.493815
833,13,the,3.999801
833,14,young,9.850493
833,15,politician,13.217844
833,16,could,4.936422
833,17,say,8.742387
833,18,something,5.492171
833,19,to,3.087048
833,20,his,5.983781
833,21,donors,17.873753
833,22,.,1.171304
833,23,<eos>,-0.0
834,0,The,0.0
834,1,novel,15.75654
834,2,revealed,13.273339
834,3,who,12.761129
834,4,our,15.727907
834,5,friend,6.8973
834,6,thought,9.553432
834,7,the,4.100929
834,8,reporter,12.802058
834,9,knows,12.074018
834,10,her,8.791026
834,11,contact,12.899858
834,12,said,12.87753
834,13,could,11.082617
834,14,say,9.851833
834,15,something,5.967231
834,16,to,3.481226
834,17,his,6.182856
834,18,donors,17.849985
834,19,.,0.972481
834,20,<eos>,-0.0
835,0,The,0.0
835,1,novel,15.75654
835,2,revealed,13.273339
835,3,who,12.761129
835,4,our,15.727907
835,5,friend,6.8973
835,6,thought,9.553432
835,7,the,4.100929
835,8,reporter,12.802058
835,9,knows,12.074018
835,10,her,8.791026
835,11,contact,12.899858
835,12,said,12.87753
835,13,the,5.450929
835,14,young,8.670232
835,15,politician,13.274991
835,16,could,5.938254
835,17,say,7.784384
835,18,something,9.572915
835,19,to,3.380979
835,20,his,5.6532
835,21,donors,17.400465
835,22,.,0.945573
835,23,<eos>,-0.0
836,0,The,0.0
836,1,novel,15.75654
836,2,revealed,13.273339
836,3,that,1.524586
836,4,our,13.163885
836,5,friend,8.586658
836,6,thought,10.733902
836,7,the,2.94787
836,8,reporter,12.58854
836,9,knows,11.713312
836,10,her,7.9779
836,11,contact,11.550113
836,12,said,13.493815
836,13,could,13.984021
836,14,say,9.766255
836,15,something,5.101938
836,16,to,3.461868
836,17,his,6.293408
836,18,donors,17.979639
836,19,.,1.105945
836,20,<eos>,-0.0
837,0,The,0.0
837,1,novel,15.75654
837,2,revealed,13.273339
837,3,that,1.524586
837,4,our,13.163885
837,5,friend,8.586658
837,6,thought,10.733902
837,7,the,2.94787
837,8,reporter,12.58854
837,9,knows,11.713312
837,10,her,7.9779
837,11,contact,11.550113
837,12,said,13.493815
837,13,the,3.999801
837,14,young,9.850493
837,15,politician,13.217844
837,16,could,4.936422
837,17,say,8.742387
837,18,something,5.492171
837,19,to,3.087048
837,20,his,5.983781
837,21,donors,17.873753
837,22,.,1.171304
837,23,<eos>,-0.0
838,0,The,0.0
838,1,novel,15.75654
838,2,revealed,13.273339
838,3,who,12.761129
838,4,our,15.727907
838,5,friend,6.8973
838,6,thought,9.553432
838,7,the,4.100929
838,8,reporter,12.802058
838,9,knows,12.074018
838,10,her,8.791026
838,11,contact,12.899858
838,12,said,12.87753
838,13,could,11.082617
838,14,say,9.851833
838,15,something,5.967231
838,16,to,3.481226
838,17,his,6.182856
838,18,donors,17.849985
838,19,.,0.972481
838,20,<eos>,-0.0
839,0,The,0.0
839,1,novel,15.75654
839,2,revealed,13.273339
839,3,who,12.761129
839,4,our,15.727907
839,5,friend,6.8973
839,6,thought,9.553432
839,7,the,4.100929
839,8,reporter,12.802058
839,9,knows,12.074018
839,10,her,8.791026
839,11,contact,12.899858
839,12,said,12.87753
839,13,the,5.450929
839,14,young,8.670232
839,15,politician,13.274991
839,16,could,5.938254
839,17,say,7.784384
839,18,something,9.572915
839,19,to,3.380979
839,20,his,5.6532
839,21,donors,17.400465
839,22,.,0.945573
839,23,<eos>,-0.0
840,0,I,0.0
840,1,realized,10.70379
840,2,that,0.826327
840,3,should,12.458223
840,4,see,11.138312
840,5,a,3.763758
840,6,painting,10.952756
840,7,at,5.589268
840,8,the,1.123724
840,9,museum,5.884491
840,10,.,2.969574
840,11,<eos>,-0.0
841,0,I,0.0
841,1,realized,10.70379
841,2,that,0.826327
841,3,the,2.072847
841,4,suffering,13.361823
841,5,artist,17.415216
841,6,should,5.68684
841,7,see,9.000481
841,8,a,3.684268
841,9,painting,9.625343
841,10,at,5.740043
841,11,the,0.969898
841,12,museum,5.722661
841,13,.,1.844
841,14,<eos>,-0.0
842,0,I,0.0
842,1,realized,10.70379
842,2,who,8.910713
842,3,should,7.035548
842,4,see,6.766722
842,5,a,4.291946
842,6,painting,10.072719
842,7,at,5.30807
842,8,the,0.945269
842,9,museum,5.536262
842,10,.,1.209491
842,11,<eos>,-0.0
843,0,I,0.0
843,1,realized,10.70379
843,2,who,8.910713
843,3,the,6.23978
843,4,suffering,14.782404
843,5,artist,17.191061
843,6,should,5.466401
843,7,see,7.57249
843,8,a,7.934244
843,9,painting,10.62301
843,10,at,6.588343
843,11,the,1.036686
843,12,museum,6.047253
843,13,.,1.145447
843,14,<eos>,-0.0
844,0,I,0.0
844,1,realized,10.70379
844,2,that,0.826327
844,3,the,2.072847
844,4,painter,15.507481
844,5,believed,9.709238
844,6,should,13.265459
844,7,see,10.323961
844,8,a,3.806833
844,9,painting,6.243073
844,10,at,5.650575
844,11,the,1.047961
844,12,museum,5.685284
844,13,.,1.413783
844,14,<eos>,-0.0
845,0,I,0.0
845,1,realized,10.70379
845,2,that,0.826327
845,3,the,2.072847
845,4,painter,15.507481
845,5,believed,9.709238
845,6,the,2.938065
845,7,suffering,13.490589
845,8,artist,14.286286
845,9,should,3.379593
845,10,see,9.03371
845,11,a,3.613148
845,12,painting,6.694243
845,13,at,5.90447
845,14,the,0.996429
845,15,museum,5.25561
845,16,.,1.531982
845,17,<eos>,-0.0
846,0,I,0.0
846,1,realized,10.70379
846,2,who,8.910713
846,3,the,6.23978
846,4,painter,13.821267
846,5,believed,9.374365
846,6,should,8.661845
846,7,see,10.313336
846,8,a,4.468915
846,9,painting,6.54671
846,10,at,5.534555
846,11,the,0.910099
846,12,museum,5.649571
846,13,.,1.070855
846,14,<eos>,-0.0
847,0,I,0.0
847,1,realized,10.70379
847,2,who,8.910713
847,3,the,6.23978
847,4,painter,13.821267
847,5,believed,9.374365
847,6,the,5.022815
847,7,suffering,14.00886
847,8,artist,15.688577
847,9,should,4.434534
847,10,see,8.028944
847,11,a,7.9203
847,12,painting,7.97219
847,13,at,6.654684
847,14,the,0.960697
847,15,museum,5.481772
847,16,.,0.959377
847,17,<eos>,-0.0
848,0,I,0.0
848,1,realized,10.70379
848,2,that,0.826327
848,3,the,2.072847
848,4,painter,15.507481
848,5,believed,9.709238
848,6,his,6.598816
848,7,rival,12.96275
848,8,suspected,16.70166
848,9,should,11.458789
848,10,see,10.298732
848,11,a,3.585948
848,12,painting,7.558773
848,13,at,5.645061
848,14,the,0.988882
848,15,museum,5.675569
848,16,.,1.17086
848,17,<eos>,-0.0
849,0,I,0.0
849,1,realized,10.70379
849,2,that,0.826327
849,3,the,2.072847
849,4,painter,15.507481
849,5,believed,9.709238
849,6,his,6.598816
849,7,rival,12.96275
849,8,suspected,16.70166
849,9,the,3.388716
849,10,suffering,15.353897
849,11,artist,14.309937
849,12,should,4.282905
849,13,see,9.421001
849,14,a,3.872325
849,15,painting,6.56984
849,16,at,5.505571
849,17,the,0.928577
849,18,museum,5.313739
849,19,.,1.177294
849,20,<eos>,-0.0
850,0,I,0.0
850,1,realized,10.70379
850,2,who,8.910713
850,3,the,6.23978
850,4,painter,13.821267
850,5,believed,9.374365
850,6,his,8.449496
850,7,rival,12.330931
850,8,suspected,18.563812
850,9,should,7.789176
850,10,see,11.878943
850,11,a,4.166018
850,12,painting,7.495432
850,13,at,5.745229
850,14,the,0.920615
850,15,museum,5.557491
850,16,.,0.940073
850,17,<eos>,-0.0
851,0,I,0.0
851,1,realized,10.70379
851,2,who,8.910713
851,3,the,6.23978
851,4,painter,13.821267
851,5,believed,9.374365
851,6,his,8.449496
851,7,rival,12.330931
851,8,suspected,18.563812
851,9,the,5.84727
851,10,suffering,15.118411
851,11,artist,14.874825
851,12,should,4.704005
851,13,see,9.00396
851,14,a,5.909
851,15,painting,7.311126
851,16,at,5.881259
851,17,the,0.88333
851,18,museum,5.267532
851,19,.,0.906835
851,20,<eos>,-0.0
852,0,I,0.0
852,1,realized,10.70379
852,2,that,0.826327
852,3,the,2.072847
852,4,painter,15.507481
852,5,believed,9.709238
852,6,his,6.598816
852,7,rival,12.96275
852,8,suspected,16.70166
852,9,the,3.388716
852,10,man,7.72374
852,11,said,11.816598
852,12,should,9.86966
852,13,see,9.055403
852,14,a,3.981712
852,15,painting,6.312878
852,16,at,5.381466
852,17,the,0.941639
852,18,museum,5.918535
852,19,.,1.079405
852,20,<eos>,-0.0
853,0,I,0.0
853,1,realized,10.70379
853,2,that,0.826327
853,3,the,2.072847
853,4,painter,15.507481
853,5,believed,9.709238
853,6,his,6.598816
853,7,rival,12.96275
853,8,suspected,16.70166
853,9,the,3.388716
853,10,man,7.72374
853,11,said,11.816598
853,12,the,5.288538
853,13,suffering,14.847774
853,14,artist,16.314665
853,15,should,4.448913
853,16,see,9.127139
853,17,a,4.144729
853,18,painting,6.796635
853,19,at,5.627144
853,20,the,0.881836
853,21,museum,5.367692
853,22,.,1.063898
853,23,<eos>,-0.0
854,0,I,0.0
854,1,realized,10.70379
854,2,who,8.910713
854,3,the,6.23978
854,4,painter,13.821267
854,5,believed,9.374365
854,6,his,8.449496
854,7,rival,12.330931
854,8,suspected,18.563812
854,9,the,5.84727
854,10,man,7.596605
854,11,said,11.562387
854,12,should,10.003718
854,13,see,8.895519
854,14,a,4.181322
854,15,painting,6.733833
854,16,at,5.369753
854,17,the,0.883269
854,18,museum,5.486321
854,19,.,0.901301
854,20,<eos>,-0.0
855,0,I,0.0
855,1,realized,10.70379
855,2,who,8.910713
855,3,the,6.23978
855,4,painter,13.821267
855,5,believed,9.374365
855,6,his,8.449496
855,7,rival,12.330931
855,8,suspected,18.563812
855,9,the,5.84727
855,10,man,7.596605
855,11,said,11.562387
855,12,the,5.528698
855,13,suffering,14.751934
855,14,artist,16.223028
855,15,should,4.73134
855,16,see,8.839293
855,17,a,4.163994
855,18,painting,7.02064
855,19,at,5.513651
855,20,the,0.836753
855,21,museum,4.843114
855,22,.,0.919489
855,23,<eos>,-0.0
856,0,I,0.0
856,1,realized,10.70379
856,2,that,0.826327
856,3,the,2.072847
856,4,painter,15.507481
856,5,believed,9.709238
856,6,his,6.598816
856,7,rival,12.96275
856,8,suspected,16.70166
856,9,the,3.388716
856,10,man,7.72374
856,11,said,11.816598
856,12,should,9.86966
856,13,see,9.055403
856,14,a,3.981712
856,15,painting,6.312878
856,16,at,5.381466
856,17,the,0.941639
856,18,museum,5.918535
856,19,.,1.079405
856,20,<eos>,-0.0
857,0,I,0.0
857,1,realized,10.70379
857,2,that,0.826327
857,3,the,2.072847
857,4,painter,15.507481
857,5,believed,9.709238
857,6,his,6.598816
857,7,rival,12.96275
857,8,suspected,16.70166
857,9,the,3.388716
857,10,man,7.72374
857,11,said,11.816598
857,12,the,5.288538
857,13,suffering,14.847774
857,14,artist,16.314665
857,15,should,4.448913
857,16,see,9.127139
857,17,a,4.144729
857,18,painting,6.796635
857,19,at,5.627144
857,20,the,0.881836
857,21,museum,5.367692
857,22,.,1.063898
857,23,<eos>,-0.0
858,0,I,0.0
858,1,realized,10.70379
858,2,who,8.910713
858,3,the,6.23978
858,4,painter,13.821267
858,5,believed,9.374365
858,6,his,8.449496
858,7,rival,12.330931
858,8,suspected,18.563812
858,9,the,5.84727
858,10,man,7.596605
858,11,said,11.562387
858,12,should,10.003718
858,13,see,8.895519
858,14,a,4.181322
858,15,painting,6.733833
858,16,at,5.369753
858,17,the,0.883269
858,18,museum,5.486321
858,19,.,0.901301
858,20,<eos>,-0.0
859,0,I,0.0
859,1,realized,10.70379
859,2,who,8.910713
859,3,the,6.23978
859,4,painter,13.821267
859,5,believed,9.374365
859,6,his,8.449496
859,7,rival,12.330931
859,8,suspected,18.563812
859,9,the,5.84727
859,10,man,7.596605
859,11,said,11.562387
859,12,the,5.528698
859,13,suffering,14.751934
859,14,artist,16.223028
859,15,should,4.73134
859,16,see,8.839293
859,17,a,4.163994
859,18,painting,7.02064
859,19,at,5.513651
859,20,the,0.836753
859,21,museum,4.843114
859,22,.,0.919489
859,23,<eos>,-0.0
860,0,Her,0.0
860,1,friend,11.799559
860,2,found,14.413343
860,3,out,4.35195
860,4,that,1.181744
860,5,could,15.434698
860,6,tell,9.289894
860,7,a,5.547753
860,8,story,1.930343
860,9,to,4.502498
860,10,the,2.636685
860,11,guests,10.390316
860,12,.,1.673708
860,13,<eos>,-0.0
861,0,Her,0.0
861,1,friend,11.799559
861,2,found,14.413343
861,3,out,4.35195
861,4,that,1.181744
861,5,the,2.945984
861,6,visitor,14.114315
861,7,could,5.442613
861,8,tell,7.997288
861,9,a,5.204675
861,10,story,1.632603
861,11,to,4.169043
861,12,the,2.600621
861,13,guests,10.16445
861,14,.,1.713721
861,15,<eos>,-0.0
862,0,Her,0.0
862,1,friend,11.799559
862,2,found,14.413343
862,3,out,4.35195
862,4,who,6.631674
862,5,could,7.358453
862,6,tell,7.390173
862,7,a,5.953115
862,8,story,2.117607
862,9,to,4.545805
862,10,the,2.647794
862,11,guests,10.196588
862,12,.,1.303601
862,13,<eos>,-0.0
863,0,Her,0.0
863,1,friend,11.799559
863,2,found,14.413343
863,3,out,4.35195
863,4,who,6.631674
863,5,the,5.499523
863,6,visitor,12.235601
863,7,could,5.853024
863,8,tell,7.081386
863,9,a,6.132751
863,10,story,3.562257
863,11,to,5.731667
863,12,the,3.158985
863,13,guests,11.002894
863,14,.,1.168879
863,15,<eos>,-0.0
864,0,Her,0.0
864,1,friend,11.799559
864,2,found,14.413343
864,3,out,4.35195
864,4,that,1.181744
864,5,my,15.545675
864,6,friend,6.478185
864,7,believed,9.669543
864,8,could,15.550943
864,9,tell,9.109714
864,10,a,5.035302
864,11,story,1.875609
864,12,to,4.584468
864,13,the,2.992753
864,14,guests,10.834307
864,15,.,1.559641
864,16,<eos>,-0.0
865,0,Her,0.0
865,1,friend,11.799559
865,2,found,14.413343
865,3,out,4.35195
865,4,that,1.181744
865,5,my,15.545675
865,6,friend,6.478185
865,7,believed,9.669543
865,8,the,3.784048
865,9,visitor,14.716885
865,10,could,5.018515
865,11,tell,7.4778
865,12,a,4.999867
865,13,story,1.548507
865,14,to,4.688376
865,15,the,2.779595
865,16,guests,10.625714
865,17,.,1.438303
865,18,<eos>,-0.0
866,0,Her,0.0
866,1,friend,11.799559
866,2,found,14.413343
866,3,out,4.35195
866,4,who,6.631674
866,5,my,16.700027
866,6,friend,5.913062
866,7,believed,8.461964
866,8,could,8.60816
866,9,tell,9.055356
866,10,a,5.591096
866,11,story,1.94498
866,12,to,4.631542
866,13,the,2.908153
866,14,guests,10.811868
866,15,.,1.247432
866,16,<eos>,-0.0
867,0,Her,0.0
867,1,friend,11.799559
867,2,found,14.413343
867,3,out,4.35195
867,4,who,6.631674
867,5,my,16.700027
867,6,friend,5.913062
867,7,believed,8.461964
867,8,the,4.029392
867,9,visitor,14.102649
867,10,could,5.015143
867,11,tell,7.429606
867,12,a,5.447733
867,13,story,2.983186
867,14,to,5.374022
867,15,the,2.87113
867,16,guests,11.305429
867,17,.,1.048559
867,18,<eos>,-0.0
868,0,Her,0.0
868,1,friend,11.799559
868,2,found,14.413343
868,3,out,4.35195
868,4,that,1.181744
868,5,my,15.545675
868,6,friend,6.478185
868,7,believed,9.669543
868,8,the,3.784048
868,9,professor,15.776816
868,10,said,11.55961
868,11,could,12.793692
868,12,tell,8.189623
868,13,a,5.232558
868,14,story,1.868224
868,15,to,4.629062
868,16,the,2.911377
868,17,guests,10.984983
868,18,.,1.419183
868,19,<eos>,-0.0
869,0,Her,0.0
869,1,friend,11.799559
869,2,found,14.413343
869,3,out,4.35195
869,4,that,1.181744
869,5,my,15.545675
869,6,friend,6.478185
869,7,believed,9.669543
869,8,the,3.784048
869,9,professor,15.776816
869,10,said,11.55961
869,11,the,3.914557
869,12,visitor,14.487816
869,13,could,5.187756
869,14,tell,7.477149
869,15,a,5.321959
869,16,story,1.519153
869,17,to,4.652048
869,18,the,2.751629
869,19,guests,10.21314
869,20,.,1.408058
869,21,<eos>,-0.0
870,0,Her,0.0
870,1,friend,11.799559
870,2,found,14.413343
870,3,out,4.35195
870,4,who,6.631674
870,5,my,16.700027
870,6,friend,5.913062
870,7,believed,8.461964
870,8,the,4.029392
870,9,professor,14.669903
870,10,said,10.668058
870,11,could,7.873658
870,12,tell,9.571959
870,13,a,5.479057
870,14,story,1.966022
870,15,to,4.63589
870,16,the,2.790371
870,17,guests,11.501369
870,18,.,1.078262
870,19,<eos>,-0.0
871,0,Her,0.0
871,1,friend,11.799559
871,2,found,14.413343
871,3,out,4.35195
871,4,who,6.631674
871,5,my,16.700027
871,6,friend,5.913062
871,7,believed,8.461964
871,8,the,4.029392
871,9,professor,14.669903
871,10,said,10.668058
871,11,the,6.136935
871,12,visitor,13.245639
871,13,could,5.685344
871,14,tell,6.917723
871,15,a,5.564602
871,16,story,1.889177
871,17,to,4.541701
871,18,the,2.665162
871,19,guests,10.618876
871,20,.,1.125082
871,21,<eos>,-0.0
872,0,Her,0.0
872,1,friend,11.799559
872,2,found,14.413343
872,3,out,4.35195
872,4,that,1.181744
872,5,my,15.545675
872,6,friend,6.478185
872,7,believed,9.669543
872,8,the,3.784048
872,9,professor,15.776816
872,10,said,11.55961
872,11,his,7.45132
872,12,colleague,9.97044
872,13,noticed,13.340505
872,14,could,13.505412
872,15,tell,8.772992
872,16,a,5.426821
872,17,story,1.976662
872,18,to,4.854221
872,19,the,2.788886
872,20,guests,11.09193
872,21,.,1.237245
872,22,<eos>,-0.0
873,0,Her,0.0
873,1,friend,11.799559
873,2,found,14.413343
873,3,out,4.35195
873,4,that,1.181744
873,5,my,15.545675
873,6,friend,6.478185
873,7,believed,9.669543
873,8,the,3.784048
873,9,professor,15.776816
873,10,said,11.55961
873,11,his,7.45132
873,12,colleague,9.97044
873,13,noticed,13.340505
873,14,the,3.10602
873,15,visitor,15.806893
873,16,could,8.391384
873,17,tell,7.453506
873,18,a,5.712755
873,19,story,1.72223
873,20,to,4.84948
873,21,the,2.773472
873,22,guests,10.370006
873,23,.,1.006899
873,24,<eos>,-0.0
874,0,Her,0.0
874,1,friend,11.799559
874,2,found,14.413343
874,3,out,4.35195
874,4,who,6.631674
874,5,my,16.700027
874,6,friend,5.913062
874,7,believed,8.461964
874,8,the,4.029392
874,9,professor,14.669903
874,10,said,10.668058
874,11,his,10.071459
874,12,colleague,9.384958
874,13,noticed,11.973066
874,14,could,12.350993
874,15,tell,9.10505
874,16,a,5.386737
874,17,story,1.941066
874,18,to,4.900909
874,19,the,2.71199
874,20,guests,11.21147
874,21,.,1.123436
874,22,<eos>,-0.0
875,0,Her,0.0
875,1,friend,11.799559
875,2,found,14.413343
875,3,out,4.35195
875,4,who,6.631674
875,5,my,16.700027
875,6,friend,5.913062
875,7,believed,8.461964
875,8,the,4.029392
875,9,professor,14.669903
875,10,said,10.668058
875,11,his,10.071459
875,12,colleague,9.384958
875,13,noticed,11.973066
875,14,the,3.138299
875,15,visitor,15.561348
875,16,could,8.398443
875,17,tell,7.527491
875,18,a,5.601045
875,19,story,1.674547
875,20,to,4.865687
875,21,the,2.682056
875,22,guests,10.539935
875,23,.,0.954442
875,24,<eos>,-0.0
876,0,Her,0.0
876,1,friend,11.799559
876,2,found,14.413343
876,3,out,4.35195
876,4,that,1.181744
876,5,my,15.545675
876,6,friend,6.478185
876,7,believed,9.669543
876,8,the,3.784048
876,9,professor,15.776816
876,10,said,11.55961
876,11,his,7.45132
876,12,colleague,9.97044
876,13,noticed,13.340505
876,14,could,13.505412
876,15,tell,8.772992
876,16,a,5.426821
876,17,story,1.976662
876,18,to,4.854221
876,19,the,2.788886
876,20,guests,11.09193
876,21,.,1.237245
876,22,<eos>,-0.0
877,0,Her,0.0
877,1,friend,11.799559
877,2,found,14.413343
877,3,out,4.35195
877,4,that,1.181744
877,5,my,15.545675
877,6,friend,6.478185
877,7,believed,9.669543
877,8,the,3.784048
877,9,professor,15.776816
877,10,said,11.55961
877,11,his,7.45132
877,12,colleague,9.97044
877,13,noticed,13.340505
877,14,the,3.10602
877,15,visitor,15.806893
877,16,could,8.391384
877,17,tell,7.453506
877,18,a,5.712755
877,19,story,1.72223
877,20,to,4.84948
877,21,the,2.773472
877,22,guests,10.370006
877,23,.,1.006899
877,24,<eos>,-0.0
878,0,Her,0.0
878,1,friend,11.799559
878,2,found,14.413343
878,3,out,4.35195
878,4,who,6.631674
878,5,my,16.700027
878,6,friend,5.913062
878,7,believed,8.461964
878,8,the,4.029392
878,9,professor,14.669903
878,10,said,10.668058
878,11,his,10.071459
878,12,colleague,9.384958
878,13,noticed,11.973066
878,14,could,12.350993
878,15,tell,9.10505
878,16,a,5.386737
878,17,story,1.941066
878,18,to,4.900909
878,19,the,2.71199
878,20,guests,11.21147
878,21,.,1.123436
878,22,<eos>,-0.0
879,0,Her,0.0
879,1,friend,11.799559
879,2,found,14.413343
879,3,out,4.35195
879,4,who,6.631674
879,5,my,16.700027
879,6,friend,5.913062
879,7,believed,8.461964
879,8,the,4.029392
879,9,professor,14.669903
879,10,said,10.668058
879,11,his,10.071459
879,12,colleague,9.384958
879,13,noticed,11.973066
879,14,the,3.138299
879,15,visitor,15.561348
879,16,could,8.398443
879,17,tell,7.527491
879,18,a,5.601045
879,19,story,1.674547
879,20,to,4.865687
879,21,the,2.682056
879,22,guests,10.539935
879,23,.,0.954442
879,24,<eos>,-0.0
880,0,The,0.0
880,1,newspaper,15.903531
880,2,reported,7.315045
880,3,that,0.656248
880,4,might,17.832266
880,5,sell,11.025892
880,6,a,3.309888
880,7,car,7.416838
880,8,to,2.039817
880,9,his,6.523635
880,10,friend,5.359161
880,11,.,4.071273
880,12,<eos>,-0.0
881,0,The,0.0
881,1,newspaper,15.903531
881,2,reported,7.315045
881,3,that,0.656248
881,4,the,2.181931
881,5,boss,14.823406
881,6,might,9.977668
881,7,sell,9.926673
881,8,a,3.664465
881,9,car,6.151297
881,10,to,1.964907
881,11,his,5.250485
881,12,friend,5.197165
881,13,.,3.757187
881,14,<eos>,-0.0
882,0,The,0.0
882,1,newspaper,15.903531
882,2,reported,7.315045
882,3,who,12.852704
882,4,might,10.680171
882,5,sell,8.877619
882,6,a,4.132186
882,7,car,6.55225
882,8,to,1.848367
882,9,his,5.715487
882,10,friend,4.789846
882,11,.,4.216622
882,12,<eos>,-0.0
883,0,The,0.0
883,1,newspaper,15.903531
883,2,reported,7.315045
883,3,who,12.852704
883,4,the,7.61484
883,5,boss,14.136836
883,6,might,8.961037
883,7,sell,9.593322
883,8,a,3.75691
883,9,car,6.309497
883,10,to,2.406268
883,11,his,4.90142
883,12,friend,4.791797
883,13,.,3.394536
883,14,<eos>,-0.0
884,0,The,0.0
884,1,newspaper,15.903531
884,2,reported,7.315045
884,3,that,0.656248
884,4,the,2.181931
884,5,investigator,15.281781
884,6,thought,9.428214
884,7,might,15.024883
884,8,sell,11.932621
884,9,a,3.19682
884,10,car,8.356228
884,11,to,2.438598
884,12,his,5.925129
884,13,friend,5.086873
884,14,.,3.394864
884,15,<eos>,-0.0
885,0,The,0.0
885,1,newspaper,15.903531
885,2,reported,7.315045
885,3,that,0.656248
885,4,the,2.181931
885,5,investigator,15.281781
885,6,thought,9.428214
885,7,the,3.220821
885,8,boss,14.625125
885,9,might,6.67565
885,10,sell,10.435349
885,11,a,3.693243
885,12,car,6.062031
885,13,to,2.084094
885,14,his,4.986691
885,15,friend,5.056185
885,16,.,3.301627
885,17,<eos>,-0.0
886,0,The,0.0
886,1,newspaper,15.903531
886,2,reported,7.315045
886,3,who,12.852704
886,4,the,7.61484
886,5,investigator,13.288904
886,6,thought,8.73087
886,7,might,9.246187
886,8,sell,10.884663
886,9,a,3.327846
886,10,car,7.846444
886,11,to,2.709967
886,12,his,5.528137
886,13,friend,4.918214
886,14,.,3.211518
886,15,<eos>,-0.0
887,0,The,0.0
887,1,newspaper,15.903531
887,2,reported,7.315045
887,3,who,12.852704
887,4,the,7.61484
887,5,investigator,13.288904
887,6,thought,8.73087
887,7,the,4.261078
887,8,boss,14.557565
887,9,might,6.634007
887,10,sell,10.876046
887,11,a,4.365268
887,12,car,6.90443
887,13,to,2.463887
887,14,his,4.890382
887,15,friend,4.701654
887,16,.,2.793037
887,17,<eos>,-0.0
888,0,The,0.0
888,1,newspaper,15.903531
888,2,reported,7.315045
888,3,that,0.656248
888,4,the,2.181931
888,5,investigator,15.281781
888,6,thought,9.428214
888,7,the,3.220821
888,8,businessman,16.949793
888,9,believed,9.478601
888,10,might,10.430847
888,11,sell,10.495003
888,12,a,3.413471
888,13,car,7.387571
888,14,to,2.753028
888,15,his,5.074008
888,16,friend,5.275248
888,17,.,3.078998
888,18,<eos>,-0.0
889,0,The,0.0
889,1,newspaper,15.903531
889,2,reported,7.315045
889,3,that,0.656248
889,4,the,2.181931
889,5,investigator,15.281781
889,6,thought,9.428214
889,7,the,3.220821
889,8,businessman,16.949793
889,9,believed,9.478601
889,10,the,3.432453
889,11,boss,13.775071
889,12,might,6.773081
889,13,sell,9.651034
889,14,a,3.505042
889,15,car,6.240282
889,16,to,2.343715
889,17,his,4.634751
889,18,friend,5.161772
889,19,.,2.814187
889,20,<eos>,-0.0
890,0,The,0.0
890,1,newspaper,15.903531
890,2,reported,7.315045
890,3,who,12.852704
890,4,the,7.61484
890,5,investigator,13.288904
890,6,thought,8.73087
890,7,the,4.261078
890,8,businessman,16.513275
890,9,believed,8.736115
890,10,might,7.105397
890,11,sell,9.50963
890,12,a,3.875193
890,13,car,6.987974
890,14,to,3.040476
890,15,his,4.984086
890,16,friend,5.297281
890,17,.,2.589792
890,18,<eos>,-0.0
891,0,The,0.0
891,1,newspaper,15.903531
891,2,reported,7.315045
891,3,who,12.852704
891,4,the,7.61484
891,5,investigator,13.288904
891,6,thought,8.73087
891,7,the,4.261078
891,8,businessman,16.513275
891,9,believed,8.736115
891,10,the,5.220109
891,11,boss,13.525324
891,12,might,7.409276
891,13,sell,9.309546
891,14,a,3.564382
891,15,car,5.667639
891,16,to,2.396715
891,17,his,4.652662
891,18,friend,5.072867
891,19,.,2.531721
891,20,<eos>,-0.0
892,0,The,0.0
892,1,newspaper,15.903531
892,2,reported,7.315045
892,3,that,0.656248
892,4,the,2.181931
892,5,investigator,15.281781
892,6,thought,9.428214
892,7,the,3.220821
892,8,businessman,16.949793
892,9,believed,9.478601
892,10,the,3.432453
892,11,banker,13.963907
892,12,said,11.810635
892,13,might,11.875848
892,14,sell,9.058062
892,15,a,3.375596
892,16,car,7.488804
892,17,to,2.779645
892,18,his,4.34028
892,19,friend,5.037491
892,20,.,2.700843
892,21,<eos>,-0.0
893,0,The,0.0
893,1,newspaper,15.903531
893,2,reported,7.315045
893,3,that,0.656248
893,4,the,2.181931
893,5,investigator,15.281781
893,6,thought,9.428214
893,7,the,3.220821
893,8,businessman,16.949793
893,9,believed,9.478601
893,10,the,3.432453
893,11,banker,13.963907
893,12,said,11.810635
893,13,the,3.896652
893,14,boss,12.118279
893,15,might,6.608665
893,16,sell,8.689765
893,17,a,3.703862
893,18,car,6.18151
893,19,to,2.32931
893,20,his,4.316024
893,21,friend,5.203341
893,22,.,2.589813
893,23,<eos>,-0.0
894,0,The,0.0
894,1,newspaper,15.903531
894,2,reported,7.315045
894,3,who,12.852704
894,4,the,7.61484
894,5,investigator,13.288904
894,6,thought,8.73087
894,7,the,4.261078
894,8,businessman,16.513275
894,9,believed,8.736115
894,10,the,5.220109
894,11,banker,13.900382
894,12,said,10.819512
894,13,might,11.490099
894,14,sell,9.190354
894,15,a,3.387354
894,16,car,7.085501
894,17,to,2.871999
894,18,his,4.460407
894,19,friend,5.066854
894,20,.,2.378147
894,21,<eos>,-0.0
895,0,The,0.0
895,1,newspaper,15.903531
895,2,reported,7.315045
895,3,who,12.852704
895,4,the,7.61484
895,5,investigator,13.288904
895,6,thought,8.73087
895,7,the,4.261078
895,8,businessman,16.513275
895,9,believed,8.736115
895,10,the,5.220109
895,11,banker,13.900382
895,12,said,10.819512
895,13,the,3.916698
895,14,boss,12.337253
895,15,might,7.085204
895,16,sell,8.547482
895,17,a,3.686937
895,18,car,5.892738
895,19,to,2.413883
895,20,his,4.369835
895,21,friend,5.21994
895,22,.,2.356059
895,23,<eos>,-0.0
896,0,The,0.0
896,1,newspaper,15.903531
896,2,reported,7.315045
896,3,that,0.656248
896,4,the,2.181931
896,5,investigator,15.281781
896,6,thought,9.428214
896,7,the,3.220821
896,8,businessman,16.949793
896,9,believed,9.478601
896,10,the,3.432453
896,11,banker,13.963907
896,12,said,11.810635
896,13,might,11.875848
896,14,sell,9.058062
896,15,a,3.375596
896,16,car,7.488804
896,17,to,2.779645
896,18,his,4.34028
896,19,friend,5.037491
896,20,.,2.700843
896,21,<eos>,-0.0
897,0,The,0.0
897,1,newspaper,15.903531
897,2,reported,7.315045
897,3,that,0.656248
897,4,the,2.181931
897,5,investigator,15.281781
897,6,thought,9.428214
897,7,the,3.220821
897,8,businessman,16.949793
897,9,believed,9.478601
897,10,the,3.432453
897,11,banker,13.963907
897,12,said,11.810635
897,13,the,3.896652
897,14,boss,12.118279
897,15,might,6.608665
897,16,sell,8.689765
897,17,a,3.703862
897,18,car,6.18151
897,19,to,2.32931
897,20,his,4.316024
897,21,friend,5.203341
897,22,.,2.589813
897,23,<eos>,-0.0
898,0,The,0.0
898,1,newspaper,15.903531
898,2,reported,7.315045
898,3,who,12.852704
898,4,the,7.61484
898,5,investigator,13.288904
898,6,thought,8.73087
898,7,the,4.261078
898,8,businessman,16.513275
898,9,believed,8.736115
898,10,the,5.220109
898,11,banker,13.900382
898,12,said,10.819512
898,13,might,11.490099
898,14,sell,9.190354
898,15,a,3.387354
898,16,car,7.085501
898,17,to,2.871999
898,18,his,4.460407
898,19,friend,5.066854
898,20,.,2.378147
898,21,<eos>,-0.0
899,0,The,0.0
899,1,newspaper,15.903531
899,2,reported,7.315045
899,3,who,12.852704
899,4,the,7.61484
899,5,investigator,13.288904
899,6,thought,8.73087
899,7,the,4.261078
899,8,businessman,16.513275
899,9,believed,8.736115
899,10,the,5.220109
899,11,banker,13.900382
899,12,said,10.819512
899,13,the,3.916698
899,14,boss,12.337253
899,15,might,7.085204
899,16,sell,8.547482
899,17,a,3.686937
899,18,car,5.892738
899,19,to,2.413883
899,20,his,4.369835
899,21,friend,5.21994
899,22,.,2.356059
899,23,<eos>,-0.0
900,0,I,0.0
900,1,know,6.278276
900,2,that,2.352433
900,3,will,11.602566
900,4,promise,15.0932
900,5,a,5.039351
900,6,raise,12.729413
900,7,to,3.762251
900,8,the,2.787222
900,9,factory,12.497845
900,10,workers,7.722253
900,11,.,1.744701
900,12,<eos>,-0.0
901,0,I,0.0
901,1,know,6.278276
901,2,that,2.352433
901,3,the,2.35511
901,4,business,10.382227
901,5,man,9.816299
901,6,will,6.008791
901,7,promise,12.806758
901,8,a,5.223748
901,9,raise,11.046918
901,10,to,3.338242
901,11,the,4.054969
901,12,factory,10.44933
901,13,workers,8.295995
901,14,.,1.77895
901,15,<eos>,-0.0
902,0,I,0.0
902,1,know,6.278276
902,2,who,6.580016
902,3,will,5.949539
902,4,promise,15.230719
902,5,a,5.883046
902,6,raise,12.25604
902,7,to,3.706385
902,8,the,2.897652
902,9,factory,12.261759
902,10,workers,8.615987
902,11,.,1.441692
902,12,<eos>,-0.0
903,0,I,0.0
903,1,know,6.278276
903,2,who,6.580016
903,3,the,5.056487
903,4,business,10.348457
903,5,man,9.435298
903,6,will,5.716359
903,7,promise,13.545631
903,8,a,8.639197
903,9,raise,12.985993
903,10,to,4.132166
903,11,the,4.463191
903,12,factory,10.577548
903,13,workers,8.467843
903,14,.,1.688306
903,15,<eos>,-0.0
904,0,I,0.0
904,1,know,6.278276
904,2,that,2.352433
904,3,the,2.35511
904,4,secretary,15.6415
904,5,said,8.976254
904,6,will,13.068644
904,7,promise,14.125707
904,8,a,5.093509
904,9,raise,11.943437
904,10,to,3.193942
904,11,the,2.34948
904,12,factory,12.132058
904,13,workers,7.19344
904,14,.,1.744359
904,15,<eos>,-0.0
905,0,I,0.0
905,1,know,6.278276
905,2,that,2.352433
905,3,the,2.35511
905,4,secretary,15.6415
905,5,said,8.976254
905,6,the,3.099807
905,7,business,10.738096
905,8,man,10.307231
905,9,will,6.801747
905,10,promise,12.612403
905,11,a,5.143149
905,12,raise,10.966084
905,13,to,3.151761
905,14,the,3.840297
905,15,factory,10.173683
905,16,workers,7.706032
905,17,.,1.675218
905,18,<eos>,-0.0
906,0,I,0.0
906,1,know,6.278276
906,2,who,6.580016
906,3,the,5.056487
906,4,secretary,14.518427
906,5,said,7.634206
906,6,will,8.027019
906,7,promise,13.58795
906,8,a,6.002673
906,9,raise,12.101825
906,10,to,3.656805
906,11,the,2.382415
906,12,factory,12.098429
906,13,workers,7.528785
906,14,.,1.35227
906,15,<eos>,-0.0
907,0,I,0.0
907,1,know,6.278276
907,2,who,6.580016
907,3,the,5.056487
907,4,secretary,14.518427
907,5,said,7.634206
907,6,the,5.207767
907,7,business,10.564448
907,8,man,9.034189
907,9,will,7.040956
907,10,promise,12.566635
907,11,a,8.207
907,12,raise,12.188632
907,13,to,4.051654
907,14,the,3.960224
907,15,factory,10.29185
907,16,workers,8.139601
907,17,.,1.420864
907,18,<eos>,-0.0
908,0,I,0.0
908,1,know,6.278276
908,2,that,2.352433
908,3,the,2.35511
908,4,secretary,15.6415
908,5,said,8.976254
908,6,the,3.099807
908,7,journalist,12.411575
908,8,remarked,12.28931
908,9,will,16.54425
908,10,promise,14.117601
908,11,a,5.502434
908,12,raise,12.068222
908,13,to,3.367554
908,14,the,2.207231
908,15,factory,12.70927
908,16,workers,7.631668
908,17,.,1.80633
908,18,<eos>,-0.0
909,0,I,0.0
909,1,know,6.278276
909,2,that,2.352433
909,3,the,2.35511
909,4,secretary,15.6415
909,5,said,8.976254
909,6,the,3.099807
909,7,journalist,12.411575
909,8,remarked,12.28931
909,9,the,5.833444
909,10,business,12.59912
909,11,man,11.273577
909,12,will,8.005137
909,13,promise,12.324576
909,14,a,5.044709
909,15,raise,11.093868
909,16,to,3.093243
909,17,the,3.538989
909,18,factory,10.886949
909,19,workers,8.063247
909,20,.,1.701384
909,21,<eos>,-0.0
910,0,I,0.0
910,1,know,6.278276
910,2,who,6.580016
910,3,the,5.056487
910,4,secretary,14.518427
910,5,said,7.634206
910,6,the,5.207767
910,7,journalist,11.978044
910,8,remarked,11.464731
910,9,will,10.628487
910,10,promise,14.87859
910,11,a,6.192603
910,12,raise,12.286336
910,13,to,3.734007
910,14,the,2.210881
910,15,factory,12.804573
910,16,workers,7.789928
910,17,.,1.34091
910,18,<eos>,-0.0
911,0,I,0.0
911,1,know,6.278276
911,2,who,6.580016
911,3,the,5.056487
911,4,secretary,14.518427
911,5,said,7.634206
911,6,the,5.207767
911,7,journalist,11.978044
911,8,remarked,11.464731
911,9,the,7.478208
911,10,business,12.331805
911,11,man,10.537801
911,12,will,8.83968
911,13,promise,12.588348
911,14,a,8.280279
911,15,raise,12.175376
911,16,to,3.864928
911,17,the,3.620474
911,18,factory,10.767006
911,19,workers,8.279843
911,20,.,1.310487
911,21,<eos>,-0.0
912,0,I,0.0
912,1,know,6.278276
912,2,that,2.352433
912,3,the,2.35511
912,4,secretary,15.6415
912,5,said,8.976254
912,6,the,3.099807
912,7,journalist,12.411575
912,8,remarked,12.28931
912,9,the,5.833444
912,10,workers,13.822111
912,11,said,9.391643
912,12,will,12.822698
912,13,promise,14.422074
912,14,a,5.710068
912,15,raise,11.052084
912,16,to,3.174671
912,17,the,2.397606
912,18,factory,9.544145
912,19,workers,5.544632
912,20,.,1.5543
912,21,<eos>,-0.0
913,0,I,0.0
913,1,know,6.278276
913,2,that,2.352433
913,3,the,2.35511
913,4,secretary,15.6415
913,5,said,8.976254
913,6,the,3.099807
913,7,journalist,12.411575
913,8,remarked,12.28931
913,9,the,5.833444
913,10,workers,13.822111
913,11,said,9.391643
913,12,the,4.153834
913,13,business,10.134969
913,14,man,11.39136
913,15,will,8.328156
913,16,promise,12.88806
913,17,a,5.177918
913,18,raise,10.490879
913,19,to,3.006113
913,20,the,3.715784
913,21,factory,8.675563
913,22,workers,6.427557
913,23,.,1.503998
913,24,<eos>,-0.0
914,0,I,0.0
914,1,know,6.278276
914,2,who,6.580016
914,3,the,5.056487
914,4,secretary,14.518427
914,5,said,7.634206
914,6,the,5.207767
914,7,journalist,11.978044
914,8,remarked,11.464731
914,9,the,7.478208
914,10,workers,12.843698
914,11,said,8.833284
914,12,will,10.32685
914,13,promise,14.408834
914,14,a,5.939767
914,15,raise,11.126448
914,16,to,3.500135
914,17,the,2.062209
914,18,factory,9.819714
914,19,workers,5.616093
914,20,.,1.114186
914,21,<eos>,-0.0
915,0,I,0.0
915,1,know,6.278276
915,2,who,6.580016
915,3,the,5.056487
915,4,secretary,14.518427
915,5,said,7.634206
915,6,the,5.207767
915,7,journalist,11.978044
915,8,remarked,11.464731
915,9,the,7.478208
915,10,workers,12.843698
915,11,said,8.833284
915,12,the,5.447581
915,13,business,10.271026
915,14,man,10.643221
915,15,will,8.110473
915,16,promise,12.833326
915,17,a,5.182456
915,18,raise,10.433098
915,19,to,3.15088
915,20,the,3.420996
915,21,factory,8.94419
915,22,workers,6.338862
915,23,.,1.187424
915,24,<eos>,-0.0
916,0,I,0.0
916,1,know,6.278276
916,2,that,2.352433
916,3,the,2.35511
916,4,secretary,15.6415
916,5,said,8.976254
916,6,the,3.099807
916,7,journalist,12.411575
916,8,remarked,12.28931
916,9,the,5.833444
916,10,workers,13.822111
916,11,said,9.391643
916,12,will,12.822698
916,13,promise,14.422074
916,14,a,5.710068
916,15,raise,11.052084
916,16,to,3.174671
916,17,the,2.397606
916,18,factory,9.544145
916,19,workers,5.544632
916,20,.,1.5543
916,21,<eos>,-0.0
917,0,I,0.0
917,1,know,6.278276
917,2,that,2.352433
917,3,the,2.35511
917,4,secretary,15.6415
917,5,said,8.976254
917,6,the,3.099807
917,7,journalist,12.411575
917,8,remarked,12.28931
917,9,the,5.833444
917,10,workers,13.822111
917,11,said,9.391643
917,12,the,4.153834
917,13,business,10.134969
917,14,man,11.39136
917,15,will,8.328156
917,16,promise,12.88806
917,17,a,5.177918
917,18,raise,10.490879
917,19,to,3.006113
917,20,the,3.715784
917,21,factory,8.675563
917,22,workers,6.427557
917,23,.,1.503998
917,24,<eos>,-0.0
918,0,I,0.0
918,1,know,6.278276
918,2,who,6.580016
918,3,the,5.056487
918,4,secretary,14.518427
918,5,said,7.634206
918,6,the,5.207767
918,7,journalist,11.978044
918,8,remarked,11.464731
918,9,the,7.478208
918,10,workers,12.843698
918,11,said,8.833284
918,12,will,10.32685
918,13,promise,14.408834
918,14,a,5.939767
918,15,raise,11.126448
918,16,to,3.500135
918,17,the,2.062209
918,18,factory,9.819714
918,19,workers,5.616093
918,20,.,1.114186
918,21,<eos>,-0.0
919,0,I,0.0
919,1,know,6.278276
919,2,who,6.580016
919,3,the,5.056487
919,4,secretary,14.518427
919,5,said,7.634206
919,6,the,5.207767
919,7,journalist,11.978044
919,8,remarked,11.464731
919,9,the,7.478208
919,10,workers,12.843698
919,11,said,8.833284
919,12,the,5.447581
919,13,business,10.271026
919,14,man,10.643221
919,15,will,8.110473
919,16,promise,12.833326
919,17,a,5.182456
919,18,raise,10.433098
919,19,to,3.15088
919,20,the,3.420996
919,21,factory,8.94419
919,22,workers,6.338862
919,23,.,1.187424
919,24,<eos>,-0.0
920,0,We,0.0
920,1,all,8.258053
920,2,know,3.618088
920,3,that,2.504345
920,4,might,15.086949
920,5,repay,16.556385
920,6,his,5.334903
920,7,debt,2.689593
920,8,to,3.231211
920,9,the,1.38839
920,10,criminal,13.62678
920,11,<unk>,6.605465
920,12,.,2.318651
920,13,<eos>,-0.0
921,0,We,0.0
921,1,all,8.258053
921,2,know,3.618088
921,3,that,2.504345
921,4,the,2.179744
921,5,investor,16.460121
921,6,might,6.934701
921,7,repay,10.209686
921,8,his,4.754913
921,9,debt,1.554356
921,10,to,2.426674
921,11,the,1.382024
921,12,criminal,14.521012
921,13,<unk>,6.858965
921,14,.,2.382861
921,15,<eos>,-0.0
922,0,We,0.0
922,1,all,8.258053
922,2,know,3.618088
922,3,who,5.47427
922,4,might,8.751089
922,5,repay,14.037612
922,6,his,5.161717
922,7,debt,2.618817
922,8,to,3.339616
922,9,the,1.463334
922,10,criminal,13.609598
922,11,<unk>,6.696062
922,12,.,2.126268
922,13,<eos>,-0.0
923,0,We,0.0
923,1,all,8.258053
923,2,know,3.618088
923,3,who,5.47427
923,4,the,4.627324
923,5,investor,15.331491
923,6,might,7.069634
923,7,repay,11.052823
923,8,his,6.985023
923,9,debt,2.577069
923,10,to,3.397517
923,11,the,1.36523
923,12,criminal,13.421947
923,13,<unk>,6.973859
923,14,.,2.027161
923,15,<eos>,-0.0
924,0,We,0.0
924,1,all,8.258053
924,2,know,3.618088
924,3,that,2.504345
924,4,the,2.179744
924,5,accountant,18.222696
924,6,said,9.545295
924,7,might,16.142563
924,8,repay,12.956385
924,9,his,4.128948
924,10,debt,2.332088
924,11,to,3.143653
924,12,the,1.590255
924,13,criminal,13.215182
924,14,<unk>,6.714031
924,15,.,2.434149
924,16,<eos>,-0.0
925,0,We,0.0
925,1,all,8.258053
925,2,know,3.618088
925,3,that,2.504345
925,4,the,2.179744
925,5,accountant,18.222696
925,6,said,9.545295
925,7,the,3.256596
925,8,investor,12.618777
925,9,might,6.779129
925,10,repay,9.916266
925,11,his,4.688807
925,12,debt,1.717807
925,13,to,2.635845
925,14,the,1.437817
925,15,criminal,14.42378
925,16,<unk>,6.790215
925,17,.,2.393065
925,18,<eos>,-0.0
926,0,We,0.0
926,1,all,8.258053
926,2,know,3.618088
926,3,who,5.47427
926,4,the,4.627324
926,5,accountant,16.545759
926,6,said,9.218572
926,7,might,10.694132
926,8,repay,14.04904
926,9,his,4.588135
926,10,debt,2.47015
926,11,to,3.798559
926,12,the,1.431751
926,13,criminal,12.73185
926,14,<unk>,6.797683
926,15,.,2.133835
926,16,<eos>,-0.0
927,0,We,0.0
927,1,all,8.258053
927,2,know,3.618088
927,3,who,5.47427
927,4,the,4.627324
927,5,accountant,16.545759
927,6,said,9.218572
927,7,the,5.101439
927,8,investor,12.81324
927,9,might,6.796335
927,10,repay,9.956965
927,11,his,6.55259
927,12,debt,1.996556
927,13,to,3.05459
927,14,the,1.367257
927,15,criminal,13.67479
927,16,<unk>,6.85032
927,17,.,1.990721
927,18,<eos>,-0.0
928,0,We,0.0
928,1,all,8.258053
928,2,know,3.618088
928,3,that,2.504345
928,4,the,2.179744
928,5,accountant,18.222696
928,6,said,9.545295
928,7,his,7.736331
928,8,colleague,10.9513
928,9,recalled,13.21244
928,10,might,16.759146
928,11,repay,14.332063
928,12,his,2.244244
928,13,debt,3.446749
928,14,to,2.982168
928,15,the,1.881442
928,16,criminal,13.397029
928,17,<unk>,6.494443
928,18,.,2.322721
928,19,<eos>,-0.0
929,0,We,0.0
929,1,all,8.258053
929,2,know,3.618088
929,3,that,2.504345
929,4,the,2.179744
929,5,accountant,18.222696
929,6,said,9.545295
929,7,his,7.736331
929,8,colleague,10.9513
929,9,recalled,13.21244
929,10,the,3.100209
929,11,investor,15.939426
929,12,might,12.49506
929,13,repay,10.289181
929,14,his,3.281156
929,15,debt,1.836354
929,16,to,2.615913
929,17,the,1.750611
929,18,criminal,14.489553
929,19,<unk>,6.66005
929,20,.,2.220505
929,21,<eos>,-0.0
930,0,We,0.0
930,1,all,8.258053
930,2,know,3.618088
930,3,who,5.47427
930,4,the,4.627324
930,5,accountant,16.545759
930,6,said,9.218572
930,7,his,10.204853
930,8,colleague,10.792471
930,9,recalled,13.67257
930,10,might,14.011092
930,11,repay,14.309906
930,12,his,2.500157
930,13,debt,2.822389
930,14,to,3.240636
930,15,the,1.789233
930,16,criminal,13.239461
930,17,<unk>,6.553473
930,18,.,2.143465
930,19,<eos>,-0.0
931,0,We,0.0
931,1,all,8.258053
931,2,know,3.618088
931,3,who,5.47427
931,4,the,4.627324
931,5,accountant,16.545759
931,6,said,9.218572
931,7,his,10.204853
931,8,colleague,10.792471
931,9,recalled,13.67257
931,10,the,3.836047
931,11,investor,15.873019
931,12,might,13.188942
931,13,repay,9.980896
931,14,his,3.388129
931,15,debt,1.787345
931,16,to,2.646603
931,17,the,1.670119
931,18,criminal,14.358204
931,19,<unk>,6.635248
931,20,.,1.992347
931,21,<eos>,-0.0
932,0,We,0.0
932,1,all,8.258053
932,2,know,3.618088
932,3,that,2.504345
932,4,the,2.179744
932,5,accountant,18.222696
932,6,said,9.545295
932,7,his,7.736331
932,8,colleague,10.9513
932,9,recalled,13.21244
932,10,the,3.100209
932,11,partners,17.188065
932,12,knew,12.303756
932,13,might,16.845524
932,14,repay,14.570205
932,15,his,3.631032
932,16,debt,3.534626
932,17,to,3.60227
932,18,the,1.807437
932,19,criminal,13.529963
932,20,<unk>,6.306254
932,21,.,2.255501
932,22,<eos>,-0.0
933,0,We,0.0
933,1,all,8.258053
933,2,know,3.618088
933,3,that,2.504345
933,4,the,2.179744
933,5,accountant,18.222696
933,6,said,9.545295
933,7,his,7.736331
933,8,colleague,10.9513
933,9,recalled,13.21244
933,10,the,3.100209
933,11,partners,17.188065
933,12,knew,12.303756
933,13,the,3.822991
933,14,investor,14.415393
933,15,might,7.038451
933,16,repay,10.985507
933,17,his,3.721087
933,18,debt,2.086214
933,19,to,2.902639
933,20,the,1.694937
933,21,criminal,14.489411
933,22,<unk>,6.612478
933,23,.,2.087196
933,24,<eos>,-0.0
934,0,We,0.0
934,1,all,8.258053
934,2,know,3.618088
934,3,who,5.47427
934,4,the,4.627324
934,5,accountant,16.545759
934,6,said,9.218572
934,7,his,10.204853
934,8,colleague,10.792471
934,9,recalled,13.67257
934,10,the,3.836047
934,11,partners,17.022564
934,12,knew,12.931904
934,13,might,15.843076
934,14,repay,14.28691
934,15,his,3.522219
934,16,debt,3.09983
934,17,to,3.546606
934,18,the,1.752234
934,19,criminal,13.547197
934,20,<unk>,6.26061
934,21,.,2.118255
934,22,<eos>,-0.0
935,0,We,0.0
935,1,all,8.258053
935,2,know,3.618088
935,3,who,5.47427
935,4,the,4.627324
935,5,accountant,16.545759
935,6,said,9.218572
935,7,his,10.204853
935,8,colleague,10.792471
935,9,recalled,13.67257
935,10,the,3.836047
935,11,partners,17.022564
935,12,knew,12.931904
935,13,the,3.743216
935,14,investor,14.040119
935,15,might,6.895227
935,16,repay,10.569599
935,17,his,3.644288
935,18,debt,2.002821
935,19,to,2.92456
935,20,the,1.669937
935,21,criminal,14.386312
935,22,<unk>,6.590728
935,23,.,1.961462
935,24,<eos>,-0.0
936,0,We,0.0
936,1,all,8.258053
936,2,know,3.618088
936,3,that,2.504345
936,4,the,2.179744
936,5,accountant,18.222696
936,6,said,9.545295
936,7,his,7.736331
936,8,colleague,10.9513
936,9,recalled,13.21244
936,10,the,3.100209
936,11,partners,17.188065
936,12,knew,12.303756
936,13,might,16.845524
936,14,repay,14.570205
936,15,his,3.631032
936,16,debt,3.534626
936,17,to,3.60227
936,18,the,1.807437
936,19,criminal,13.529963
936,20,<unk>,6.306254
936,21,.,2.255501
936,22,<eos>,-0.0
937,0,We,0.0
937,1,all,8.258053
937,2,know,3.618088
937,3,that,2.504345
937,4,the,2.179744
937,5,accountant,18.222696
937,6,said,9.545295
937,7,his,7.736331
937,8,colleague,10.9513
937,9,recalled,13.21244
937,10,the,3.100209
937,11,partners,17.188065
937,12,knew,12.303756
937,13,the,3.822991
937,14,investor,14.415393
937,15,might,7.038451
937,16,repay,10.985507
937,17,his,3.721087
937,18,debt,2.086214
937,19,to,2.902639
937,20,the,1.694937
937,21,criminal,14.489411
937,22,<unk>,6.612478
937,23,.,2.087196
937,24,<eos>,-0.0
938,0,We,0.0
938,1,all,8.258053
938,2,know,3.618088
938,3,who,5.47427
938,4,the,4.627324
938,5,accountant,16.545759
938,6,said,9.218572
938,7,his,10.204853
938,8,colleague,10.792471
938,9,recalled,13.67257
938,10,the,3.836047
938,11,partners,17.022564
938,12,knew,12.931904
938,13,might,15.843076
938,14,repay,14.28691
938,15,his,3.522219
938,16,debt,3.09983
938,17,to,3.546606
938,18,the,1.752234
938,19,criminal,13.547197
938,20,<unk>,6.26061
938,21,.,2.118255
938,22,<eos>,-0.0
939,0,We,0.0
939,1,all,8.258053
939,2,know,3.618088
939,3,who,5.47427
939,4,the,4.627324
939,5,accountant,16.545759
939,6,said,9.218572
939,7,his,10.204853
939,8,colleague,10.792471
939,9,recalled,13.67257
939,10,the,3.836047
939,11,partners,17.022564
939,12,knew,12.931904
939,13,the,3.743216
939,14,investor,14.040119
939,15,might,6.895227
939,16,repay,10.569599
939,17,his,3.644288
939,18,debt,2.002821
939,19,to,2.92456
939,20,the,1.669937
939,21,criminal,14.386312
939,22,<unk>,6.590728
939,23,.,1.961462
939,24,<eos>,-0.0
940,0,The,0.0
940,1,commissioner,19.849779
940,2,discovered,14.338125
940,3,that,0.868925
940,4,will,15.971877
940,5,lend,13.620644
940,6,some,6.178342
940,7,money,3.884393
940,8,to,0.432964
940,9,the,1.224862
940,10,man,9.851161
940,11,.,3.110847
940,12,<eos>,-0.0
941,0,The,0.0
941,1,commissioner,19.849779
941,2,discovered,14.338125
941,3,that,0.868925
941,4,the,1.555484
941,5,police,7.855856
941,6,detective,11.385676
941,7,will,9.731221
941,8,lend,14.499529
941,9,some,6.568335
941,10,money,3.899045
941,11,to,0.558811
941,12,the,1.466058
941,13,man,8.304464
941,14,.,3.140748
941,15,<eos>,-0.0
942,0,The,0.0
942,1,commissioner,19.849779
942,2,discovered,14.338125
942,3,who,11.326447
942,4,will,9.614457
942,5,lend,11.513548
942,6,some,6.63975
942,7,money,3.35205
942,8,to,0.600023
942,9,the,1.51992
942,10,man,10.036813
942,11,.,2.635585
942,12,<eos>,-0.0
943,0,The,0.0
943,1,commissioner,19.849779
943,2,discovered,14.338125
943,3,who,11.326447
943,4,the,6.924204
943,5,police,6.008104
943,6,detective,10.317863
943,7,will,9.286865
943,8,lend,13.983378
943,9,some,9.284822
943,10,money,5.064572
943,11,to,1.126282
943,12,the,3.368181
943,13,man,8.07957
943,14,.,2.490294
943,15,<eos>,-0.0
944,0,The,0.0
944,1,commissioner,19.849779
944,2,discovered,14.338125
944,3,that,0.868925
944,4,the,1.555484
944,5,report,10.741113
944,6,stated,8.037931
944,7,will,15.416292
944,8,lend,13.068845
944,9,some,6.037584
944,10,money,4.456886
944,11,to,0.634049
944,12,the,1.436977
944,13,man,11.232343
944,14,.,3.26578
944,15,<eos>,-0.0
945,0,The,0.0
945,1,commissioner,19.849779
945,2,discovered,14.338125
945,3,that,0.868925
945,4,the,1.555484
945,5,report,10.741113
945,6,stated,8.037931
945,7,the,4.739332
945,8,police,7.809468
945,9,detective,12.965488
945,10,will,8.173834
945,11,lend,14.431715
945,12,some,6.29132
945,13,money,4.152179
945,14,to,0.624043
945,15,the,1.437634
945,16,man,9.004156
945,17,.,2.794155
945,18,<eos>,-0.0
946,0,The,0.0
946,1,commissioner,19.849779
946,2,discovered,14.338125
946,3,who,11.326447
946,4,the,6.924204
946,5,report,10.389439
946,6,stated,7.389132
946,7,will,9.564126
946,8,lend,13.680144
946,9,some,6.214365
946,10,money,4.381987
946,11,to,0.64481
946,12,the,1.304813
946,13,man,10.767301
946,14,.,2.811794
946,15,<eos>,-0.0
947,0,The,0.0
947,1,commissioner,19.849779
947,2,discovered,14.338125
947,3,who,11.326447
947,4,the,6.924204
947,5,report,10.389439
947,6,stated,7.389132
947,7,the,6.358732
947,8,police,7.322942
947,9,detective,13.098557
947,10,will,8.366458
947,11,lend,14.071037
947,12,some,7.058471
947,13,money,4.551855
947,14,to,0.771869
947,15,the,1.573564
947,16,man,8.818124
947,17,.,2.332247
947,18,<eos>,-0.0
948,0,The,0.0
948,1,commissioner,19.849779
948,2,discovered,14.338125
948,3,that,0.868925
948,4,the,1.555484
948,5,report,10.741113
948,6,stated,8.037931
948,7,the,4.739332
948,8,television,12.901645
948,9,host,9.741306
948,10,thought,10.121699
948,11,will,14.188479
948,12,lend,14.067472
948,13,some,6.179501
948,14,money,4.735017
948,15,to,0.436113
948,16,the,1.279194
948,17,man,11.252412
948,18,.,2.67328
948,19,<eos>,-0.0
949,0,The,0.0
949,1,commissioner,19.849779
949,2,discovered,14.338125
949,3,that,0.868925
949,4,the,1.555484
949,5,report,10.741113
949,6,stated,8.037931
949,7,the,4.739332
949,8,television,12.901645
949,9,host,9.741306
949,10,thought,10.121699
949,11,the,3.49297
949,12,police,7.246615
949,13,detective,13.24282
949,14,will,8.128568
949,15,lend,14.679802
949,16,some,6.467082
949,17,money,4.205944
949,18,to,0.716319
949,19,the,1.409613
949,20,man,8.765417
949,21,.,2.28442
949,22,<eos>,-0.0
950,0,The,0.0
950,1,commissioner,19.849779
950,2,discovered,14.338125
950,3,who,11.326447
950,4,the,6.924204
950,5,report,10.389439
950,6,stated,7.389132
950,7,the,6.358732
950,8,television,12.210242
950,9,host,10.77849
950,10,thought,10.165998
950,11,will,10.861288
950,12,lend,14.459181
950,13,some,6.634257
950,14,money,5.104162
950,15,to,0.58086
950,16,the,1.231016
950,17,man,11.015885
950,18,.,2.168162
950,19,<eos>,-0.0
951,0,The,0.0
951,1,commissioner,19.849779
951,2,discovered,14.338125
951,3,who,11.326447
951,4,the,6.924204
951,5,report,10.389439
951,6,stated,7.389132
951,7,the,6.358732
951,8,television,12.210242
951,9,host,10.77849
951,10,thought,10.165998
951,11,the,4.23647
951,12,police,7.270314
951,13,detective,12.476257
951,14,will,7.917202
951,15,lend,14.534503
951,16,some,6.827231
951,17,money,4.284972
951,18,to,0.7684
951,19,the,1.424342
951,20,man,8.724081
951,21,.,2.132658
951,22,<eos>,-0.0
952,0,The,0.0
952,1,commissioner,19.849779
952,2,discovered,14.338125
952,3,that,0.868925
952,4,the,1.555484
952,5,report,10.741113
952,6,stated,8.037931
952,7,the,4.739332
952,8,television,12.901645
952,9,host,9.741306
952,10,thought,10.121699
952,11,the,3.49297
952,12,man,9.699778
952,13,reported,13.225593
952,14,will,11.156965
952,15,lend,14.387132
952,16,some,6.231349
952,17,money,3.47975
952,18,to,0.454293
952,19,the,1.350175
952,20,man,9.323828
952,21,.,2.314626
952,22,<eos>,-0.0
953,0,The,0.0
953,1,commissioner,19.849779
953,2,discovered,14.338125
953,3,that,0.868925
953,4,the,1.555484
953,5,report,10.741113
953,6,stated,8.037931
953,7,the,4.739332
953,8,television,12.901645
953,9,host,9.741306
953,10,thought,10.121699
953,11,the,3.49297
953,12,man,9.699778
953,13,reported,13.225593
953,14,the,4.456336
953,15,police,8.99488
953,16,detective,11.978452
953,17,will,9.572036
953,18,lend,14.425863
953,19,some,6.839251
953,20,money,4.511703
953,21,to,0.695806
953,22,the,1.52266
953,23,man,8.61269
953,24,.,2.198099
953,25,<eos>,-0.0
954,0,The,0.0
954,1,commissioner,19.849779
954,2,discovered,14.338125
954,3,who,11.326447
954,4,the,6.924204
954,5,report,10.389439
954,6,stated,7.389132
954,7,the,6.358732
954,8,television,12.210242
954,9,host,10.77849
954,10,thought,10.165998
954,11,the,4.23647
954,12,man,9.643048
954,13,reported,12.986401
954,14,will,10.836867
954,15,lend,14.24156
954,16,some,6.529002
954,17,money,3.422744
954,18,to,0.497907
954,19,the,1.344667
954,20,man,9.221839
954,21,.,2.162989
954,22,<eos>,-0.0
955,0,The,0.0
955,1,commissioner,19.849779
955,2,discovered,14.338125
955,3,who,11.326447
955,4,the,6.924204
955,5,report,10.389439
955,6,stated,7.389132
955,7,the,6.358732
955,8,television,12.210242
955,9,host,10.77849
955,10,thought,10.165998
955,11,the,4.23647
955,12,man,9.643048
955,13,reported,12.986401
955,14,the,3.974386
955,15,police,8.705643
955,16,detective,11.730392
955,17,will,9.497702
955,18,lend,14.347823
955,19,some,7.008379
955,20,money,4.537482
955,21,to,0.695757
955,22,the,1.50762
955,23,man,8.473898
955,24,.,2.169982
955,25,<eos>,-0.0
956,0,The,0.0
956,1,commissioner,19.849779
956,2,discovered,14.338125
956,3,that,0.868925
956,4,the,1.555484
956,5,report,10.741113
956,6,stated,8.037931
956,7,the,4.739332
956,8,television,12.901645
956,9,host,9.741306
956,10,thought,10.121699
956,11,the,3.49297
956,12,man,9.699778
956,13,reported,13.225593
956,14,will,11.156965
956,15,lend,14.387132
956,16,some,6.231349
956,17,money,3.47975
956,18,to,0.454293
956,19,the,1.350175
956,20,man,9.323828
956,21,.,2.314626
956,22,<eos>,-0.0
957,0,The,0.0
957,1,commissioner,19.849779
957,2,discovered,14.338125
957,3,that,0.868925
957,4,the,1.555484
957,5,report,10.741113
957,6,stated,8.037931
957,7,the,4.739332
957,8,television,12.901645
957,9,host,9.741306
957,10,thought,10.121699
957,11,the,3.49297
957,12,man,9.699778
957,13,reported,13.225593
957,14,the,4.456336
957,15,police,8.99488
957,16,detective,11.978452
957,17,will,9.572036
957,18,lend,14.425863
957,19,some,6.839251
957,20,money,4.511703
957,21,to,0.695806
957,22,the,1.52266
957,23,man,8.61269
957,24,.,2.198099
957,25,<eos>,-0.0
958,0,The,0.0
958,1,commissioner,19.849779
958,2,discovered,14.338125
958,3,who,11.326447
958,4,the,6.924204
958,5,report,10.389439
958,6,stated,7.389132
958,7,the,6.358732
958,8,television,12.210242
958,9,host,10.77849
958,10,thought,10.165998
958,11,the,4.23647
958,12,man,9.643048
958,13,reported,12.986401
958,14,will,10.836867
958,15,lend,14.24156
958,16,some,6.529002
958,17,money,3.422744
958,18,to,0.497907
958,19,the,1.344667
958,20,man,9.221839
958,21,.,2.162989
958,22,<eos>,-0.0
959,0,The,0.0
959,1,commissioner,19.849779
959,2,discovered,14.338125
959,3,who,11.326447
959,4,the,6.924204
959,5,report,10.389439
959,6,stated,7.389132
959,7,the,6.358732
959,8,television,12.210242
959,9,host,10.77849
959,10,thought,10.165998
959,11,the,4.23647
959,12,man,9.643048
959,13,reported,12.986401
959,14,the,3.974386
959,15,police,8.705643
959,16,detective,11.730392
959,17,will,9.497702
959,18,lend,14.347823
959,19,some,7.008379
959,20,money,4.537482
959,21,to,0.695757
959,22,the,1.50762
959,23,man,8.473898
959,24,.,2.169982
959,25,<eos>,-0.0
960,0,My,0.0
960,1,friend,10.418871
960,2,knows,14.623261
960,3,that,1.831162
960,4,should,13.328754
960,5,hand,14.391685
960,6,an,9.104126
960,7,award,10.217719
960,8,for,4.646589
960,9,her,5.608392
960,10,mother,8.756652
960,11,.,2.796424
960,12,<eos>,-0.0
961,0,My,0.0
961,1,friend,10.418871
961,2,knows,14.623261
961,3,that,1.831162
961,4,the,2.275285
961,5,successful,13.258965
961,6,architect,14.064172
961,7,should,6.577512
961,8,hand,12.874778
961,9,an,8.774567
961,10,award,10.137879
961,11,for,4.487485
961,12,her,6.755933
961,13,mother,10.041251
961,14,.,2.267729
961,15,<eos>,-0.0
962,0,My,0.0
962,1,friend,10.418871
962,2,knows,14.623261
962,3,who,6.097061
962,4,should,8.18084
962,5,hand,12.029834
962,6,an,8.529709
962,7,award,8.908964
962,8,for,4.271142
962,9,her,4.882767
962,10,mother,9.115915
962,11,.,1.373003
962,12,<eos>,-0.0
963,0,My,0.0
963,1,friend,10.418871
963,2,knows,14.623261
963,3,who,6.097061
963,4,the,4.484732
963,5,successful,13.61368
963,6,architect,12.992183
963,7,should,6.049447
963,8,hand,14.198164
963,9,an,11.189067
963,10,award,9.822661
963,11,for,4.115439
963,12,her,7.191967
963,13,mother,8.512216
963,14,.,1.373757
963,15,<eos>,-0.0
964,0,My,0.0
964,1,friend,10.418871
964,2,knows,14.623261
964,3,that,1.831162
964,4,the,2.275285
964,5,judge,11.650613
964,6,thought,10.640928
964,7,should,15.474809
964,8,hand,14.174152
964,9,an,8.345967
964,10,award,8.815036
964,11,for,3.852175
964,12,her,4.878185
964,13,mother,9.28545
964,14,.,1.913382
964,15,<eos>,-0.0
965,0,My,0.0
965,1,friend,10.418871
965,2,knows,14.623261
965,3,that,1.831162
965,4,the,2.275285
965,5,judge,11.650613
965,6,thought,10.640928
965,7,the,2.699936
965,8,successful,15.546926
965,9,architect,14.960052
965,10,should,4.335774
965,11,hand,12.972185
965,12,an,8.670524
965,13,award,9.913918
965,14,for,4.473589
965,15,her,6.454318
965,16,mother,10.173221
965,17,.,2.138738
965,18,<eos>,-0.0
966,0,My,0.0
966,1,friend,10.418871
966,2,knows,14.623261
966,3,who,6.097061
966,4,the,4.484732
966,5,judge,11.248916
966,6,thought,10.373009
966,7,should,8.983703
966,8,hand,15.52902
966,9,an,7.752509
966,10,award,8.834157
966,11,for,4.190921
966,12,her,5.056421
966,13,mother,9.490458
966,14,.,1.613152
966,15,<eos>,-0.0
967,0,My,0.0
967,1,friend,10.418871
967,2,knows,14.623261
967,3,who,6.097061
967,4,the,4.484732
967,5,judge,11.248916
967,6,thought,10.373009
967,7,the,4.328627
967,8,successful,15.021735
967,9,architect,15.562234
967,10,should,5.424354
967,11,hand,13.757866
967,12,an,9.807348
967,13,award,9.671396
967,14,for,4.181441
967,15,her,6.377075
967,16,mother,9.682401
967,17,.,1.420094
967,18,<eos>,-0.0
968,0,My,0.0
968,1,friend,10.418871
968,2,knows,14.623261
968,3,that,1.831162
968,4,the,2.275285
968,5,judge,11.650613
968,6,thought,10.640928
968,7,the,2.699936
968,8,cop,13.595985
968,9,said,11.765228
968,10,should,11.212499
968,11,hand,14.610204
968,12,an,7.99437
968,13,award,9.526909
968,14,for,4.103858
968,15,her,5.770651
968,16,mother,9.473493
968,17,.,1.596563
968,18,<eos>,-0.0
969,0,My,0.0
969,1,friend,10.418871
969,2,knows,14.623261
969,3,that,1.831162
969,4,the,2.275285
969,5,judge,11.650613
969,6,thought,10.640928
969,7,the,2.699936
969,8,cop,13.595985
969,9,said,11.765228
969,10,the,3.857514
969,11,successful,16.321449
969,12,architect,15.58222
969,13,should,4.547795
969,14,hand,12.991281
969,15,an,8.626397
969,16,award,10.289086
969,17,for,4.58846
969,18,her,7.001419
969,19,mother,9.736671
969,20,.,1.820153
969,21,<eos>,-0.0
970,0,My,0.0
970,1,friend,10.418871
970,2,knows,14.623261
970,3,who,6.097061
970,4,the,4.484732
970,5,judge,11.248916
970,6,thought,10.373009
970,7,the,4.328627
970,8,cop,12.488678
970,9,said,10.343783
970,10,should,9.234479
970,11,hand,14.566683
970,12,an,7.899524
970,13,award,9.649507
970,14,for,4.331082
970,15,her,6.225358
970,16,mother,9.104103
970,17,.,1.34617
970,18,<eos>,-0.0
971,0,My,0.0
971,1,friend,10.418871
971,2,knows,14.623261
971,3,who,6.097061
971,4,the,4.484732
971,5,judge,11.248916
971,6,thought,10.373009
971,7,the,4.328627
971,8,cop,12.488678
971,9,said,10.343783
971,10,the,5.212819
971,11,successful,16.008051
971,12,architect,15.694063
971,13,should,5.742368
971,14,hand,13.145402
971,15,an,8.91241
971,16,award,10.348075
971,17,for,4.281542
971,18,her,7.016901
971,19,mother,9.705183
971,20,.,1.397636
971,21,<eos>,-0.0
972,0,My,0.0
972,1,friend,10.418871
972,2,knows,14.623261
972,3,that,1.831162
972,4,the,2.275285
972,5,judge,11.650613
972,6,thought,10.640928
972,7,the,2.699936
972,8,cop,13.595985
972,9,said,11.765228
972,10,the,3.857514
972,11,man,5.438515
972,12,testified,12.28682
972,13,should,14.16871
972,14,hand,12.677114
972,15,an,8.087176
972,16,award,10.344217
972,17,for,4.150949
972,18,her,6.10885
972,19,mother,8.89266
972,20,.,1.602866
972,21,<eos>,-0.0
973,0,My,0.0
973,1,friend,10.418871
973,2,knows,14.623261
973,3,that,1.831162
973,4,the,2.275285
973,5,judge,11.650613
973,6,thought,10.640928
973,7,the,2.699936
973,8,cop,13.595985
973,9,said,11.765228
973,10,the,3.857514
973,11,man,5.438515
973,12,testified,12.28682
973,13,the,6.507895
973,14,successful,18.038826
973,15,architect,16.38904
973,16,should,5.631019
973,17,hand,11.295669
973,18,an,8.832485
973,19,award,10.379726
973,20,for,4.5837
973,21,her,6.943999
973,22,mother,9.425278
973,23,.,1.506257
973,24,<eos>,-0.0
974,0,My,0.0
974,1,friend,10.418871
974,2,knows,14.623261
974,3,who,6.097061
974,4,the,4.484732
974,5,judge,11.248916
974,6,thought,10.373009
974,7,the,4.328627
974,8,cop,12.488678
974,9,said,10.343783
974,10,the,5.212819
974,11,man,5.680543
974,12,testified,11.452232
974,13,should,14.064675
974,14,hand,12.471596
974,15,an,7.582631
974,16,award,10.199382
974,17,for,4.393381
974,18,her,6.351344
974,19,mother,8.886489
974,20,.,1.490427
974,21,<eos>,-0.0
975,0,My,0.0
975,1,friend,10.418871
975,2,knows,14.623261
975,3,who,6.097061
975,4,the,4.484732
975,5,judge,11.248916
975,6,thought,10.373009
975,7,the,4.328627
975,8,cop,12.488678
975,9,said,10.343783
975,10,the,5.212819
975,11,man,5.680543
975,12,testified,11.452232
975,13,the,8.190894
975,14,successful,17.875298
975,15,architect,16.090509
975,16,should,7.227989
975,17,hand,11.97338
975,18,an,8.902658
975,19,award,10.617154
975,20,for,4.518365
975,21,her,7.136476
975,22,mother,9.217821
975,23,.,1.420981
975,24,<eos>,-0.0
976,0,My,0.0
976,1,friend,10.418871
976,2,knows,14.623261
976,3,that,1.831162
976,4,the,2.275285
976,5,judge,11.650613
976,6,thought,10.640928
976,7,the,2.699936
976,8,cop,13.595985
976,9,said,11.765228
976,10,the,3.857514
976,11,man,5.438515
976,12,testified,12.28682
976,13,should,14.16871
976,14,hand,12.677114
976,15,an,8.087176
976,16,award,10.344217
976,17,for,4.150949
976,18,her,6.10885
976,19,mother,8.89266
976,20,.,1.602866
976,21,<eos>,-0.0
977,0,My,0.0
977,1,friend,10.418871
977,2,knows,14.623261
977,3,that,1.831162
977,4,the,2.275285
977,5,judge,11.650613
977,6,thought,10.640928
977,7,the,2.699936
977,8,cop,13.595985
977,9,said,11.765228
977,10,the,3.857514
977,11,man,5.438515
977,12,testified,12.28682
977,13,the,6.507895
977,14,successful,18.038826
977,15,architect,16.38904
977,16,should,5.631019
977,17,hand,11.295669
977,18,an,8.832485
977,19,award,10.379726
977,20,for,4.5837
977,21,her,6.943999
977,22,mother,9.425278
977,23,.,1.506257
977,24,<eos>,-0.0
978,0,My,0.0
978,1,friend,10.418871
978,2,knows,14.623261
978,3,who,6.097061
978,4,the,4.484732
978,5,judge,11.248916
978,6,thought,10.373009
978,7,the,4.328627
978,8,cop,12.488678
978,9,said,10.343783
978,10,the,5.212819
978,11,man,5.680543
978,12,testified,11.452232
978,13,should,14.064675
978,14,hand,12.471596
978,15,an,7.582631
978,16,award,10.199382
978,17,for,4.393381
978,18,her,6.351344
978,19,mother,8.886489
978,20,.,1.490427
978,21,<eos>,-0.0
979,0,My,0.0
979,1,friend,10.418871
979,2,knows,14.623261
979,3,who,6.097061
979,4,the,4.484732
979,5,judge,11.248916
979,6,thought,10.373009
979,7,the,4.328627
979,8,cop,12.488678
979,9,said,10.343783
979,10,the,5.212819
979,11,man,5.680543
979,12,testified,11.452232
979,13,the,8.190894
979,14,successful,17.875298
979,15,architect,16.090509
979,16,should,7.227989
979,17,hand,11.97338
979,18,an,8.902658
979,19,award,10.617154
979,20,for,4.518365
979,21,her,7.136476
979,22,mother,9.217821
979,23,.,1.420981
979,24,<eos>,-0.0
980,0,The,0.0
980,1,neighbors,19.85931
980,2,found,9.47903
980,3,out,4.628185
980,4,that,1.608931
980,5,did,12.222164
980,6,buy,13.080933
980,7,a,3.027676
980,8,gift,11.187222
980,9,for,3.354309
980,10,her,6.344326
980,11,parents,8.456073
980,12,.,1.523181
980,13,<eos>,-0.0
981,0,The,0.0
981,1,neighbors,19.85931
981,2,found,9.47903
981,3,out,4.628185
981,4,that,1.608931
981,5,the,1.905013
981,6,young,8.942393
981,7,woman,4.641208
981,8,did,5.778242
981,9,buy,15.025992
981,10,a,2.467031
981,11,gift,9.661753
981,12,for,3.028904
981,13,her,2.482663
981,14,parents,7.900455
981,15,.,1.64373
981,16,<eos>,-0.0
982,0,The,0.0
982,1,neighbors,19.85931
982,2,found,9.47903
982,3,out,4.628185
982,4,who,6.983115
982,5,did,5.126803
982,6,buy,11.658309
982,7,a,3.481759
982,8,gift,10.898202
982,9,for,3.575395
982,10,her,6.135568
982,11,parents,8.838989
982,12,.,1.489854
982,13,<eos>,-0.0
983,0,The,0.0
983,1,neighbors,19.85931
983,2,found,9.47903
983,3,out,4.628185
983,4,who,6.983115
983,5,the,5.591197
983,6,young,9.19929
983,7,woman,5.598924
983,8,did,5.768422
983,9,buy,17.085276
983,10,a,4.009608
983,11,gift,8.655019
983,12,for,3.500882
983,13,her,2.188695
983,14,parents,7.716004
983,15,.,1.33932
983,16,<eos>,-0.0
984,0,The,0.0
984,1,neighbors,19.85931
984,2,found,9.47903
984,3,out,4.628185
984,4,that,1.608931
984,5,her,7.417572
984,6,mother,3.818226
984,7,heard,10.738398
984,8,did,16.828608
984,9,buy,14.267744
984,10,a,3.350839
984,11,gift,9.246317
984,12,for,3.308637
984,13,her,2.042277
984,14,parents,8.224474
984,15,.,1.504864
984,16,<eos>,-0.0
985,0,The,0.0
985,1,neighbors,19.85931
985,2,found,9.47903
985,3,out,4.628185
985,4,that,1.608931
985,5,her,7.417572
985,6,mother,3.818226
985,7,heard,10.738398
985,8,the,3.073617
985,9,young,9.113829
985,10,woman,2.894065
985,11,did,10.353303
985,12,buy,14.604215
985,13,a,2.876953
985,14,gift,8.803145
985,15,for,3.461575
985,16,her,1.808761
985,17,parents,7.71832
985,18,.,1.299662
985,19,<eos>,-0.0
986,0,The,0.0
986,1,neighbors,19.85931
986,2,found,9.47903
986,3,out,4.628185
986,4,who,6.983115
986,5,her,11.259278
986,6,mother,3.197168
986,7,heard,8.284397
986,8,did,9.554114
986,9,buy,15.356306
986,10,a,4.446139
986,11,gift,9.408048
986,12,for,3.585749
986,13,her,2.020604
986,14,parents,8.594144
986,15,.,1.323227
986,16,<eos>,-0.0
987,0,The,0.0
987,1,neighbors,19.85931
987,2,found,9.47903
987,3,out,4.628185
987,4,who,6.983115
987,5,her,11.259278
987,6,mother,3.197168
987,7,heard,8.284397
987,8,the,4.60104
987,9,young,8.059778
987,10,woman,3.627019
987,11,did,7.538985
987,12,buy,16.412903
987,13,a,3.918741
987,14,gift,8.241964
987,15,for,3.616316
987,16,her,1.731564
987,17,parents,7.891514
987,18,.,1.183781
987,19,<eos>,-0.0
988,0,The,0.0
988,1,neighbors,19.85931
988,2,found,9.47903
988,3,out,4.628185
988,4,that,1.608931
988,5,her,7.417572
988,6,mother,3.818226
988,7,heard,10.738398
988,8,the,3.073617
988,9,newspaper,10.929636
988,10,reported,8.215204
988,11,did,18.155602
988,12,buy,12.924948
988,13,a,2.58709
988,14,gift,10.52049
988,15,for,3.829506
988,16,her,2.176749
988,17,parents,8.445045
988,18,.,1.347996
988,19,<eos>,-0.0
989,0,The,0.0
989,1,neighbors,19.85931
989,2,found,9.47903
989,3,out,4.628185
989,4,that,1.608931
989,5,her,7.417572
989,6,mother,3.818226
989,7,heard,10.738398
989,8,the,3.073617
989,9,newspaper,10.929636
989,10,reported,8.215204
989,11,the,4.929319
989,12,young,10.405571
989,13,woman,3.019162
989,14,did,8.052447
989,15,buy,14.676947
989,16,a,2.485485
989,17,gift,10.002398
989,18,for,3.478106
989,19,her,1.956607
989,20,parents,7.847449
989,21,.,1.276873
989,22,<eos>,-0.0
990,0,The,0.0
990,1,neighbors,19.85931
990,2,found,9.47903
990,3,out,4.628185
990,4,who,6.983115
990,5,her,11.259278
990,6,mother,3.197168
990,7,heard,8.284397
990,8,the,4.60104
990,9,newspaper,11.083835
990,10,reported,7.501181
990,11,did,11.715626
990,12,buy,13.645421
990,13,a,3.148129
990,14,gift,10.28475
990,15,for,3.73056
990,16,her,2.185864
990,17,parents,9.217619
990,18,.,1.229849
990,19,<eos>,-0.0
991,0,The,0.0
991,1,neighbors,19.85931
991,2,found,9.47903
991,3,out,4.628185
991,4,who,6.983115
991,5,her,11.259278
991,6,mother,3.197168
991,7,heard,8.284397
991,8,the,4.60104
991,9,newspaper,11.083835
991,10,reported,7.501181
991,11,the,7.226742
991,12,young,9.856519
991,13,woman,3.229316
991,14,did,7.001426
991,15,buy,15.530467
991,16,a,2.81883
991,17,gift,9.413957
991,18,for,3.416107
991,19,her,2.063787
991,20,parents,8.126168
991,21,.,1.166336
991,22,<eos>,-0.0
992,0,The,0.0
992,1,neighbors,19.85931
992,2,found,9.47903
992,3,out,4.628185
992,4,that,1.608931
992,5,her,7.417572
992,6,mother,3.818226
992,7,heard,10.738398
992,8,the,3.073617
992,9,newspaper,10.929636
992,10,reported,8.215204
992,11,the,4.929319
992,12,mayor,13.224677
992,13,said,8.171402
992,14,did,13.231488
992,15,buy,14.203345
992,16,a,2.568793
992,17,gift,10.604179
992,18,for,3.734583
992,19,her,2.47629
992,20,parents,8.635373
992,21,.,1.07143
992,22,<eos>,-0.0
993,0,The,0.0
993,1,neighbors,19.85931
993,2,found,9.47903
993,3,out,4.628185
993,4,that,1.608931
993,5,her,7.417572
993,6,mother,3.818226
993,7,heard,10.738398
993,8,the,3.073617
993,9,newspaper,10.929636
993,10,reported,8.215204
993,11,the,4.929319
993,12,mayor,13.224677
993,13,said,8.171402
993,14,the,4.965578
993,15,young,9.282232
993,16,woman,2.883322
993,17,did,6.050302
993,18,buy,15.21263
993,19,a,2.351599
993,20,gift,9.973983
993,21,for,3.40626
993,22,her,2.158431
993,23,parents,8.007775
993,24,.,1.1408
993,25,<eos>,-0.0
994,0,The,0.0
994,1,neighbors,19.85931
994,2,found,9.47903
994,3,out,4.628185
994,4,who,6.983115
994,5,her,11.259278
994,6,mother,3.197168
994,7,heard,8.284397
994,8,the,4.60104
994,9,newspaper,11.083835
994,10,reported,7.501181
994,11,the,7.226742
994,12,mayor,14.087319
994,13,said,7.380359
994,14,did,9.239215
994,15,buy,14.114057
994,16,a,2.662282
994,17,gift,10.232261
994,18,for,3.653706
994,19,her,2.540872
994,20,parents,9.361
994,21,.,1.010804
994,22,<eos>,-0.0
995,0,The,0.0
995,1,neighbors,19.85931
995,2,found,9.47903
995,3,out,4.628185
995,4,who,6.983115
995,5,her,11.259278
995,6,mother,3.197168
995,7,heard,8.284397
995,8,the,4.60104
995,9,newspaper,11.083835
995,10,reported,7.501181
995,11,the,7.226742
995,12,mayor,14.087319
995,13,said,7.380359
995,14,the,5.382035
995,15,young,9.044118
995,16,woman,2.776672
995,17,did,6.194201
995,18,buy,15.118423
995,19,a,2.421159
995,20,gift,9.776538
995,21,for,3.363588
995,22,her,2.136358
995,23,parents,8.309279
995,24,.,1.067155
995,25,<eos>,-0.0
996,0,The,0.0
996,1,neighbors,19.85931
996,2,found,9.47903
996,3,out,4.628185
996,4,that,1.608931
996,5,her,7.417572
996,6,mother,3.818226
996,7,heard,10.738398
996,8,the,3.073617
996,9,newspaper,10.929636
996,10,reported,8.215204
996,11,the,4.929319
996,12,mayor,13.224677
996,13,said,8.171402
996,14,did,13.231488
996,15,buy,14.203345
996,16,a,2.568793
996,17,gift,10.604179
996,18,for,3.734583
996,19,her,2.47629
996,20,parents,8.635373
996,21,.,1.07143
996,22,<eos>,-0.0
997,0,The,0.0
997,1,neighbors,19.85931
997,2,found,9.47903
997,3,out,4.628185
997,4,that,1.608931
997,5,her,7.417572
997,6,mother,3.818226
997,7,heard,10.738398
997,8,the,3.073617
997,9,newspaper,10.929636
997,10,reported,8.215204
997,11,the,4.929319
997,12,mayor,13.224677
997,13,said,8.171402
997,14,the,4.965578
997,15,young,9.282232
997,16,woman,2.883322
997,17,did,6.050302
997,18,buy,15.21263
997,19,a,2.351599
997,20,gift,9.973983
997,21,for,3.40626
997,22,her,2.158431
997,23,parents,8.007775
997,24,.,1.1408
997,25,<eos>,-0.0
998,0,The,0.0
998,1,neighbors,19.85931
998,2,found,9.47903
998,3,out,4.628185
998,4,who,6.983115
998,5,her,11.259278
998,6,mother,3.197168
998,7,heard,8.284397
998,8,the,4.60104
998,9,newspaper,11.083835
998,10,reported,7.501181
998,11,the,7.226742
998,12,mayor,14.087319
998,13,said,7.380359
998,14,did,9.239215
998,15,buy,14.114057
998,16,a,2.662282
998,17,gift,10.232261
998,18,for,3.653706
998,19,her,2.540872
998,20,parents,9.361
998,21,.,1.010804
998,22,<eos>,-0.0
999,0,The,0.0
999,1,neighbors,19.85931
999,2,found,9.47903
999,3,out,4.628185
999,4,who,6.983115
999,5,her,11.259278
999,6,mother,3.197168
999,7,heard,8.284397
999,8,the,4.60104
999,9,newspaper,11.083835
999,10,reported,7.501181
999,11,the,7.226742
999,12,mayor,14.087319
999,13,said,7.380359
999,14,the,5.382035
999,15,young,9.044118
999,16,woman,2.776672
999,17,did,6.194201
999,18,buy,15.118423
999,19,a,2.421159
999,20,gift,9.776538
999,21,for,3.363588
999,22,her,2.136358
999,23,parents,8.309279
999,24,.,1.067155
999,25,<eos>,-0.0
1000,0,We,0.0
1000,1,discovered,12.537792
1000,2,that,1.756949
1000,3,did,14.156196
1000,4,tell,15.398251
1000,5,a,5.49085
1000,6,story,2.907994
1000,7,about,2.402227
1000,8,the,1.570912
1000,9,woman,10.263688
1000,10,.,4.038436
1000,11,<eos>,-0.0
1001,0,We,0.0
1001,1,discovered,12.537792
1001,2,that,1.756949
1001,3,the,1.860101
1001,4,funny,18.870544
1001,5,actor,12.646926
1001,6,did,6.734056
1001,7,tell,13.006077
1001,8,a,4.696275
1001,9,story,1.618282
1001,10,about,2.15784
1001,11,the,1.992047
1001,12,woman,9.896201
1001,13,.,3.886478
1001,14,<eos>,-0.0
1002,0,We,0.0
1002,1,discovered,12.537792
1002,2,who,10.118311
1002,3,did,5.739111
1002,4,tell,12.929174
1002,5,a,4.885136
1002,6,story,1.432049
1002,7,about,2.414504
1002,8,the,1.541719
1002,9,woman,10.28664
1002,10,.,3.63022
1002,11,<eos>,-0.0
1003,0,We,0.0
1003,1,discovered,12.537792
1003,2,who,10.118311
1003,3,the,6.893994
1003,4,funny,18.6555
1003,5,actor,11.452281
1003,6,did,6.376052
1003,7,tell,12.93411
1003,8,a,5.677906
1003,9,story,2.457731
1003,10,about,2.381464
1003,11,the,2.095062
1003,12,woman,9.857215
1003,13,.,3.626331
1003,14,<eos>,-0.0
1004,0,We,0.0
1004,1,discovered,12.537792
1004,2,that,1.756949
1004,3,the,1.860101
1004,4,delivery,14.887162
1004,5,boy,13.712483
1004,6,remarked,14.782109
1004,7,did,15.335672
1004,8,tell,12.902133
1004,9,a,4.601857
1004,10,story,2.052753
1004,11,about,1.882561
1004,12,the,1.699448
1004,13,woman,9.803431
1004,14,.,4.019726
1004,15,<eos>,-0.0
1005,0,We,0.0
1005,1,discovered,12.537792
1005,2,that,1.756949
1005,3,the,1.860101
1005,4,delivery,14.887162
1005,5,boy,13.712483
1005,6,remarked,14.782109
1005,7,the,5.388022
1005,8,funny,15.493434
1005,9,actor,11.107391
1005,10,did,6.727767
1005,11,tell,12.579796
1005,12,a,4.814471
1005,13,story,1.492687
1005,14,about,2.065961
1005,15,the,1.932748
1005,16,woman,9.717559
1005,17,.,3.606348
1005,18,<eos>,-0.0
1006,0,We,0.0
1006,1,discovered,12.537792
1006,2,who,10.118311
1006,3,the,6.893994
1006,4,delivery,16.538965
1006,5,boy,10.798576
1006,6,remarked,14.130383
1006,7,did,9.112987
1006,8,tell,13.163291
1006,9,a,5.21095
1006,10,story,2.167304
1006,11,about,2.177426
1006,12,the,1.716694
1006,13,woman,9.981778
1006,14,.,3.741416
1006,15,<eos>,-0.0
1007,0,We,0.0
1007,1,discovered,12.537792
1007,2,who,10.118311
1007,3,the,6.893994
1007,4,delivery,16.538965
1007,5,boy,10.798576
1007,6,remarked,14.130383
1007,7,the,6.466647
1007,8,funny,15.388526
1007,9,actor,11.828994
1007,10,did,7.250126
1007,11,tell,13.531267
1007,12,a,5.863332
1007,13,story,2.674264
1007,14,about,2.214032
1007,15,the,2.057828
1007,16,woman,9.982833
1007,17,.,3.68861
1007,18,<eos>,-0.0
1008,0,We,0.0
1008,1,discovered,12.537792
1008,2,that,1.756949
1008,3,the,1.860101
1008,4,delivery,14.887162
1008,5,boy,13.712483
1008,6,remarked,14.782109
1008,7,the,5.388022
1008,8,worker,13.930721
1008,9,said,10.551138
1008,10,did,9.977015
1008,11,tell,13.398637
1008,12,a,4.614155
1008,13,story,2.104072
1008,14,about,2.079586
1008,15,the,1.739031
1008,16,woman,9.467615
1008,17,.,3.608715
1008,18,<eos>,-0.0
1009,0,We,0.0
1009,1,discovered,12.537792
1009,2,that,1.756949
1009,3,the,1.860101
1009,4,delivery,14.887162
1009,5,boy,13.712483
1009,6,remarked,14.782109
1009,7,the,5.388022
1009,8,worker,13.930721
1009,9,said,10.551138
1009,10,the,4.252443
1009,11,funny,17.035049
1009,12,actor,11.430465
1009,13,did,6.179602
1009,14,tell,13.238068
1009,15,a,4.91256
1009,16,story,1.651593
1009,17,about,2.162826
1009,18,the,1.95609
1009,19,woman,9.378771
1009,20,.,3.394544
1009,21,<eos>,-0.0
1010,0,We,0.0
1010,1,discovered,12.537792
1010,2,who,10.118311
1010,3,the,6.893994
1010,4,delivery,16.538965
1010,5,boy,10.798576
1010,6,remarked,14.130383
1010,7,the,6.466647
1010,8,worker,14.784228
1010,9,said,9.718903
1010,10,did,8.436332
1010,11,tell,13.718493
1010,12,a,5.101219
1010,13,story,2.08941
1010,14,about,2.280923
1010,15,the,1.739799
1010,16,woman,9.772797
1010,17,.,3.37151
1010,18,<eos>,-0.0
1011,0,We,0.0
1011,1,discovered,12.537792
1011,2,who,10.118311
1011,3,the,6.893994
1011,4,delivery,16.538965
1011,5,boy,10.798576
1011,6,remarked,14.130383
1011,7,the,6.466647
1011,8,worker,14.784228
1011,9,said,9.718903
1011,10,the,6.103292
1011,11,funny,17.202381
1011,12,actor,11.773772
1011,13,did,6.279557
1011,14,tell,13.315706
1011,15,a,5.608963
1011,16,story,2.171134
1011,17,about,2.310539
1011,18,the,2.014111
1011,19,woman,9.765454
1011,20,.,3.494863
1011,21,<eos>,-0.0
1012,0,We,0.0
1012,1,discovered,12.537792
1012,2,that,1.756949
1012,3,the,1.860101
1012,4,delivery,14.887162
1012,5,boy,13.712483
1012,6,remarked,14.782109
1012,7,the,5.388022
1012,8,worker,13.930721
1012,9,said,10.551138
1012,10,the,4.252443
1012,11,gardener,15.026314
1012,12,knew,7.521698
1012,13,did,14.542476
1012,14,tell,13.109313
1012,15,a,5.086197
1012,16,story,2.22262
1012,17,about,1.672382
1012,18,the,1.891906
1012,19,woman,8.844913
1012,20,.,3.233039
1012,21,<eos>,-0.0
1013,0,We,0.0
1013,1,discovered,12.537792
1013,2,that,1.756949
1013,3,the,1.860101
1013,4,delivery,14.887162
1013,5,boy,13.712483
1013,6,remarked,14.782109
1013,7,the,5.388022
1013,8,worker,13.930721
1013,9,said,10.551138
1013,10,the,4.252443
1013,11,gardener,15.026314
1013,12,knew,7.521698
1013,13,the,3.729409
1013,14,funny,16.648836
1013,15,actor,12.158314
1013,16,did,9.088381
1013,17,tell,13.283336
1013,18,a,5.396
1013,19,story,2.111624
1013,20,about,2.347239
1013,21,the,2.027705
1013,22,woman,9.02936
1013,23,.,3.068485
1013,24,<eos>,-0.0
1014,0,We,0.0
1014,1,discovered,12.537792
1014,2,who,10.118311
1014,3,the,6.893994
1014,4,delivery,16.538965
1014,5,boy,10.798576
1014,6,remarked,14.130383
1014,7,the,6.466647
1014,8,worker,14.784228
1014,9,said,9.718903
1014,10,the,6.103292
1014,11,gardener,15.565272
1014,12,knew,7.292695
1014,13,did,9.357665
1014,14,tell,13.793747
1014,15,a,5.711992
1014,16,story,2.133931
1014,17,about,2.027694
1014,18,the,1.859072
1014,19,woman,9.203096
1014,20,.,3.253183
1014,21,<eos>,-0.0
1015,0,We,0.0
1015,1,discovered,12.537792
1015,2,who,10.118311
1015,3,the,6.893994
1015,4,delivery,16.538965
1015,5,boy,10.798576
1015,6,remarked,14.130383
1015,7,the,6.466647
1015,8,worker,14.784228
1015,9,said,9.718903
1015,10,the,6.103292
1015,11,gardener,15.565272
1015,12,knew,7.292695
1015,13,the,6.41191
1015,14,funny,16.675508
1015,15,actor,12.911332
1015,16,did,8.294045
1015,17,tell,14.626538
1015,18,a,6.366453
1015,19,story,3.174135
1015,20,about,2.227879
1015,21,the,2.222111
1015,22,woman,9.267846
1015,23,.,3.39465
1015,24,<eos>,-0.0
1016,0,We,0.0
1016,1,discovered,12.537792
1016,2,that,1.756949
1016,3,the,1.860101
1016,4,delivery,14.887162
1016,5,boy,13.712483
1016,6,remarked,14.782109
1016,7,the,5.388022
1016,8,worker,13.930721
1016,9,said,10.551138
1016,10,the,4.252443
1016,11,gardener,15.026314
1016,12,knew,7.521698
1016,13,did,14.542476
1016,14,tell,13.109313
1016,15,a,5.086197
1016,16,story,2.22262
1016,17,about,1.672382
1016,18,the,1.891906
1016,19,woman,8.844913
1016,20,.,3.233039
1016,21,<eos>,-0.0
1017,0,We,0.0
1017,1,discovered,12.537792
1017,2,that,1.756949
1017,3,the,1.860101
1017,4,delivery,14.887162
1017,5,boy,13.712483
1017,6,remarked,14.782109
1017,7,the,5.388022
1017,8,worker,13.930721
1017,9,said,10.551138
1017,10,the,4.252443
1017,11,gardener,15.026314
1017,12,knew,7.521698
1017,13,the,3.729409
1017,14,funny,16.648836
1017,15,actor,12.158314
1017,16,did,9.088381
1017,17,tell,13.283336
1017,18,a,5.396
1017,19,story,2.111624
1017,20,about,2.347239
1017,21,the,2.027705
1017,22,woman,9.02936
1017,23,.,3.068485
1017,24,<eos>,-0.0
1018,0,We,0.0
1018,1,discovered,12.537792
1018,2,who,10.118311
1018,3,the,6.893994
1018,4,delivery,16.538965
1018,5,boy,10.798576
1018,6,remarked,14.130383
1018,7,the,6.466647
1018,8,worker,14.784228
1018,9,said,9.718903
1018,10,the,6.103292
1018,11,gardener,15.565272
1018,12,knew,7.292695
1018,13,did,9.357665
1018,14,tell,13.793747
1018,15,a,5.711992
1018,16,story,2.133931
1018,17,about,2.027694
1018,18,the,1.859072
1018,19,woman,9.203096
1018,20,.,3.253183
1018,21,<eos>,-0.0
1019,0,We,0.0
1019,1,discovered,12.537792
1019,2,who,10.118311
1019,3,the,6.893994
1019,4,delivery,16.538965
1019,5,boy,10.798576
1019,6,remarked,14.130383
1019,7,the,6.466647
1019,8,worker,14.784228
1019,9,said,9.718903
1019,10,the,6.103292
1019,11,gardener,15.565272
1019,12,knew,7.292695
1019,13,the,6.41191
1019,14,funny,16.675508
1019,15,actor,12.911332
1019,16,did,8.294045
1019,17,tell,14.626538
1019,18,a,6.366453
1019,19,story,3.174135
1019,20,about,2.227879
1019,21,the,2.222111
1019,22,woman,9.267846
1019,23,.,3.39465
1019,24,<eos>,-0.0
1020,0,The,0.0
1020,1,assistant,19.641615
1020,2,told,12.41583
1020,3,me,5.276607
1020,4,that,1.373172
1020,5,will,14.292865
1020,6,send,10.781154
1020,7,the,2.908799
1020,8,package,12.38848
1020,9,to,1.929356
1020,10,his,5.746509
1020,11,family,4.950284
1020,12,.,1.539873
1020,13,<eos>,-0.0
1021,0,The,0.0
1021,1,assistant,19.641615
1021,2,told,12.41583
1021,3,me,5.276607
1021,4,that,1.373172
1021,5,the,2.547316
1021,6,pilot,11.363383
1021,7,will,6.196125
1021,8,send,8.923917
1021,9,the,2.735529
1021,10,package,10.601984
1021,11,to,1.993007
1021,12,his,5.6201
1021,13,family,5.48397
1021,14,.,1.801222
1021,15,<eos>,-0.0
1022,0,The,0.0
1022,1,assistant,19.641615
1022,2,told,12.41583
1022,3,me,5.276607
1022,4,who,8.871985
1022,5,will,7.671026
1022,6,send,8.745024
1022,7,the,3.08446
1022,8,package,11.115026
1022,9,to,2.055445
1022,10,his,5.75661
1022,11,family,5.196418
1022,12,.,1.453164
1022,13,<eos>,-0.0
1023,0,The,0.0
1023,1,assistant,19.641615
1023,2,told,12.41583
1023,3,me,5.276607
1023,4,who,8.871985
1023,5,the,5.559373
1023,6,pilot,10.903105
1023,7,will,6.535449
1023,8,send,8.905195
1023,9,the,3.858791
1023,10,package,10.668597
1023,11,to,2.227314
1023,12,his,5.707961
1023,13,family,6.076054
1023,14,.,1.391585
1023,15,<eos>,-0.0
1024,0,The,0.0
1024,1,assistant,19.641615
1024,2,told,12.41583
1024,3,me,5.276607
1024,4,that,1.373172
1024,5,the,2.547316
1024,6,man,7.106752
1024,7,knew,7.546206
1024,8,will,13.088652
1024,9,send,10.162179
1024,10,the,3.496179
1024,11,package,12.266009
1024,12,to,1.946651
1024,13,his,5.186604
1024,14,family,4.95188
1024,15,.,1.478429
1024,16,<eos>,-0.0
1025,0,The,0.0
1025,1,assistant,19.641615
1025,2,told,12.41583
1025,3,me,5.276607
1025,4,that,1.373172
1025,5,the,2.547316
1025,6,man,7.106752
1025,7,knew,7.546206
1025,8,the,3.409596
1025,9,pilot,12.469121
1025,10,will,7.850508
1025,11,send,8.96943
1025,12,the,3.252357
1025,13,package,11.596496
1025,14,to,2.160089
1025,15,his,5.184761
1025,16,family,5.24723
1025,17,.,1.423296
1025,18,<eos>,-0.0
1026,0,The,0.0
1026,1,assistant,19.641615
1026,2,told,12.41583
1026,3,me,5.276607
1026,4,who,8.871985
1026,5,the,5.559373
1026,6,man,6.414416
1026,7,knew,7.075624
1026,8,will,10.835987
1026,9,send,11.275675
1026,10,the,3.843568
1026,11,package,12.104783
1026,12,to,2.223635
1026,13,his,5.474614
1026,14,family,5.104332
1026,15,.,1.229949
1026,16,<eos>,-0.0
1027,0,The,0.0
1027,1,assistant,19.641615
1027,2,told,12.41583
1027,3,me,5.276607
1027,4,who,8.871985
1027,5,the,5.559373
1027,6,man,6.414416
1027,7,knew,7.075624
1027,8,the,4.468832
1027,9,pilot,12.359185
1027,10,will,8.830833
1027,11,send,9.733983
1027,12,the,3.70962
1027,13,package,11.783843
1027,14,to,2.296392
1027,15,his,5.475929
1027,16,family,5.378024
1027,17,.,1.228629
1027,18,<eos>,-0.0
1028,0,The,0.0
1028,1,assistant,19.641615
1028,2,told,12.41583
1028,3,me,5.276607
1028,4,that,1.373172
1028,5,the,2.547316
1028,6,man,7.106752
1028,7,knew,7.546206
1028,8,his,6.052195
1028,9,friend,7.899875
1028,10,recalled,14.78933
1028,11,will,15.073623
1028,12,send,10.364844
1028,13,the,3.703411
1028,14,package,12.408813
1028,15,to,2.088123
1028,16,his,4.698567
1028,17,family,4.756251
1028,18,.,1.313043
1028,19,<eos>,-0.0
1029,0,The,0.0
1029,1,assistant,19.641615
1029,2,told,12.41583
1029,3,me,5.276607
1029,4,that,1.373172
1029,5,the,2.547316
1029,6,man,7.106752
1029,7,knew,7.546206
1029,8,his,6.052195
1029,9,friend,7.899875
1029,10,recalled,14.78933
1029,11,the,3.451155
1029,12,pilot,11.931201
1029,13,will,10.669368
1029,14,send,8.080606
1029,15,the,3.365652
1029,16,package,11.615137
1029,17,to,2.158768
1029,18,his,4.859941
1029,19,family,5.016661
1029,20,.,1.305622
1029,21,<eos>,-0.0
1030,0,The,0.0
1030,1,assistant,19.641615
1030,2,told,12.41583
1030,3,me,5.276607
1030,4,who,8.871985
1030,5,the,5.559373
1030,6,man,6.414416
1030,7,knew,7.075624
1030,8,his,7.620275
1030,9,friend,7.100503
1030,10,recalled,14.500323
1030,11,will,14.70601
1030,12,send,10.477616
1030,13,the,3.636674
1030,14,package,12.573079
1030,15,to,2.181244
1030,16,his,4.845644
1030,17,family,5.006044
1030,18,.,1.216153
1030,19,<eos>,-0.0
1031,0,The,0.0
1031,1,assistant,19.641615
1031,2,told,12.41583
1031,3,me,5.276607
1031,4,who,8.871985
1031,5,the,5.559373
1031,6,man,6.414416
1031,7,knew,7.075624
1031,8,his,7.620275
1031,9,friend,7.100503
1031,10,recalled,14.500323
1031,11,the,5.145699
1031,12,pilot,13.306129
1031,13,will,11.079787
1031,14,send,8.524422
1031,15,the,3.389719
1031,16,package,11.728609
1031,17,to,2.187649
1031,18,his,5.082976
1031,19,family,5.146161
1031,20,.,1.237359
1031,21,<eos>,-0.0
1032,0,The,0.0
1032,1,assistant,19.641615
1032,2,told,12.41583
1032,3,me,5.276607
1032,4,that,1.373172
1032,5,the,2.547316
1032,6,man,7.106752
1032,7,knew,7.546206
1032,8,his,6.052195
1032,9,friend,7.899875
1032,10,recalled,14.78933
1032,11,the,3.451155
1032,12,woman,9.762089
1032,13,said,9.500671
1032,14,will,12.317206
1032,15,send,10.14992
1032,16,the,3.668963
1032,17,package,13.193252
1032,18,to,1.923378
1032,19,his,5.345288
1032,20,family,4.826099
1032,21,.,1.157572
1032,22,<eos>,-0.0
1033,0,The,0.0
1033,1,assistant,19.641615
1033,2,told,12.41583
1033,3,me,5.276607
1033,4,that,1.373172
1033,5,the,2.547316
1033,6,man,7.106752
1033,7,knew,7.546206
1033,8,his,6.052195
1033,9,friend,7.899875
1033,10,recalled,14.78933
1033,11,the,3.451155
1033,12,woman,9.762089
1033,13,said,9.500671
1033,14,the,5.25326
1033,15,pilot,11.502321
1033,16,will,8.934926
1033,17,send,8.493043
1033,18,the,3.32086
1033,19,package,11.756324
1033,20,to,2.145571
1033,21,his,5.491008
1033,22,family,4.978416
1033,23,.,1.174834
1033,24,<eos>,-0.0
1034,0,The,0.0
1034,1,assistant,19.641615
1034,2,told,12.41583
1034,3,me,5.276607
1034,4,who,8.871985
1034,5,the,5.559373
1034,6,man,6.414416
1034,7,knew,7.075624
1034,8,his,7.620275
1034,9,friend,7.100503
1034,10,recalled,14.500323
1034,11,the,5.145699
1034,12,woman,10.320258
1034,13,said,9.623787
1034,14,will,12.636222
1034,15,send,10.356059
1034,16,the,3.600665
1034,17,package,13.361183
1034,18,to,1.992345
1034,19,his,5.542129
1034,20,family,4.872524
1034,21,.,1.086013
1034,22,<eos>,-0.0
1035,0,The,0.0
1035,1,assistant,19.641615
1035,2,told,12.41583
1035,3,me,5.276607
1035,4,who,8.871985
1035,5,the,5.559373
1035,6,man,6.414416
1035,7,knew,7.075624
1035,8,his,7.620275
1035,9,friend,7.100503
1035,10,recalled,14.500323
1035,11,the,5.145699
1035,12,woman,10.320258
1035,13,said,9.623787
1035,14,the,5.519222
1035,15,pilot,11.840098
1035,16,will,8.56825
1035,17,send,8.516023
1035,18,the,3.266696
1035,19,package,11.730568
1035,20,to,2.162683
1035,21,his,5.653432
1035,22,family,5.010541
1035,23,.,1.164833
1035,24,<eos>,-0.0
1036,0,The,0.0
1036,1,assistant,19.641615
1036,2,told,12.41583
1036,3,me,5.276607
1036,4,that,1.373172
1036,5,the,2.547316
1036,6,man,7.106752
1036,7,knew,7.546206
1036,8,his,6.052195
1036,9,friend,7.899875
1036,10,recalled,14.78933
1036,11,the,3.451155
1036,12,woman,9.762089
1036,13,said,9.500671
1036,14,will,12.317206
1036,15,send,10.14992
1036,16,the,3.668963
1036,17,package,13.193252
1036,18,to,1.923378
1036,19,his,5.345288
1036,20,family,4.826099
1036,21,.,1.157572
1036,22,<eos>,-0.0
1037,0,The,0.0
1037,1,assistant,19.641615
1037,2,told,12.41583
1037,3,me,5.276607
1037,4,that,1.373172
1037,5,the,2.547316
1037,6,man,7.106752
1037,7,knew,7.546206
1037,8,his,6.052195
1037,9,friend,7.899875
1037,10,recalled,14.78933
1037,11,the,3.451155
1037,12,woman,9.762089
1037,13,said,9.500671
1037,14,the,5.25326
1037,15,pilot,11.502321
1037,16,will,8.934926
1037,17,send,8.493043
1037,18,the,3.32086
1037,19,package,11.756324
1037,20,to,2.145571
1037,21,his,5.491008
1037,22,family,4.978416
1037,23,.,1.174834
1037,24,<eos>,-0.0
1038,0,The,0.0
1038,1,assistant,19.641615
1038,2,told,12.41583
1038,3,me,5.276607
1038,4,who,8.871985
1038,5,the,5.559373
1038,6,man,6.414416
1038,7,knew,7.075624
1038,8,his,7.620275
1038,9,friend,7.100503
1038,10,recalled,14.500323
1038,11,the,5.145699
1038,12,woman,10.320258
1038,13,said,9.623787
1038,14,will,12.636222
1038,15,send,10.356059
1038,16,the,3.600665
1038,17,package,13.361183
1038,18,to,1.992345
1038,19,his,5.542129
1038,20,family,4.872524
1038,21,.,1.086013
1038,22,<eos>,-0.0
1039,0,The,0.0
1039,1,assistant,19.641615
1039,2,told,12.41583
1039,3,me,5.276607
1039,4,who,8.871985
1039,5,the,5.559373
1039,6,man,6.414416
1039,7,knew,7.075624
1039,8,his,7.620275
1039,9,friend,7.100503
1039,10,recalled,14.500323
1039,11,the,5.145699
1039,12,woman,10.320258
1039,13,said,9.623787
1039,14,the,5.519222
1039,15,pilot,11.840098
1039,16,will,8.56825
1039,17,send,8.516023
1039,18,the,3.266696
1039,19,package,11.730568
1039,20,to,2.162683
1039,21,his,5.653432
1039,22,family,5.010541
1039,23,.,1.164833
1039,24,<eos>,-0.0
1040,0,The,0.0
1040,1,accountant,20.662333
1040,2,knew,12.299269
1040,3,that,1.757999
1040,4,could,13.083061
1040,5,introduce,12.757894
1040,6,the,2.407519
1040,7,new,4.957517
1040,8,woman,9.219481
1040,9,to,2.034528
1040,10,her,3.970582
1040,11,friend,10.00658
1040,12,.,2.869748
1040,13,<eos>,-0.0
1041,0,The,0.0
1041,1,accountant,20.662333
1041,2,knew,12.299269
1041,3,that,1.757999
1041,4,the,1.594424
1041,5,secretary,13.862794
1041,6,could,4.439278
1041,7,introduce,11.912354
1041,8,the,2.564697
1041,9,new,4.613871
1041,10,woman,9.889564
1041,11,to,2.016856
1041,12,her,3.689844
1041,13,friend,9.158531
1041,14,.,2.997398
1041,15,<eos>,-0.0
1042,0,The,0.0
1042,1,accountant,20.662333
1042,2,knew,12.299269
1042,3,who,6.979946
1042,4,could,4.960834
1042,5,introduce,12.162196
1042,6,the,1.882272
1042,7,new,4.387637
1042,8,woman,10.242612
1042,9,to,2.607976
1042,10,her,3.402729
1042,11,friend,9.350545
1042,12,.,2.672338
1042,13,<eos>,-0.0
1043,0,The,0.0
1043,1,accountant,20.662333
1043,2,knew,12.299269
1043,3,who,6.979946
1043,4,the,4.008495
1043,5,secretary,12.526146
1043,6,could,4.184464
1043,7,introduce,13.438905
1043,8,the,4.807725
1043,9,new,5.020942
1043,10,woman,9.926896
1043,11,to,3.327148
1043,12,her,3.621449
1043,13,friend,8.582005
1043,14,.,2.867361
1043,15,<eos>,-0.0
1044,0,The,0.0
1044,1,accountant,20.662333
1044,2,knew,12.299269
1044,3,that,1.757999
1044,4,the,1.594424
1044,5,security,11.230873
1044,6,guard,8.486174
1044,7,believed,8.959692
1044,8,could,12.134863
1044,9,introduce,13.541197
1044,10,the,2.705541
1044,11,new,5.104442
1044,12,woman,10.483107
1044,13,to,2.094223
1044,14,her,4.16111
1044,15,friend,9.534672
1044,16,.,2.742227
1044,17,<eos>,-0.0
1045,0,The,0.0
1045,1,accountant,20.662333
1045,2,knew,12.299269
1045,3,that,1.757999
1045,4,the,1.594424
1045,5,security,11.230873
1045,6,guard,8.486174
1045,7,believed,8.959692
1045,8,the,2.803284
1045,9,secretary,13.592955
1045,10,could,3.759636
1045,11,introduce,12.80483
1045,12,the,2.795637
1045,13,new,4.708908
1045,14,woman,11.029967
1045,15,to,1.771066
1045,16,her,4.250221
1045,17,friend,8.954582
1045,18,.,2.562178
1045,19,<eos>,-0.0
1046,0,The,0.0
1046,1,accountant,20.662333
1046,2,knew,12.299269
1046,3,who,6.979946
1046,4,the,4.008495
1046,5,security,11.193192
1046,6,guard,7.503042
1046,7,believed,9.343479
1046,8,could,7.329851
1046,9,introduce,14.128249
1046,10,the,2.449171
1046,11,new,4.789059
1046,12,woman,10.106153
1046,13,to,2.187428
1046,14,her,3.956306
1046,15,friend,9.567351
1046,16,.,2.385435
1046,17,<eos>,-0.0
1047,0,The,0.0
1047,1,accountant,20.662333
1047,2,knew,12.299269
1047,3,who,6.979946
1047,4,the,4.008495
1047,5,security,11.193192
1047,6,guard,7.503042
1047,7,believed,9.343479
1047,8,the,4.277025
1047,9,secretary,13.104211
1047,10,could,3.443646
1047,11,introduce,13.4086
1047,12,the,3.116492
1047,13,new,4.919351
1047,14,woman,10.695661
1047,15,to,2.459806
1047,16,her,4.27009
1047,17,friend,9.125366
1047,18,.,2.392704
1047,19,<eos>,-0.0
1048,0,The,0.0
1048,1,accountant,20.662333
1048,2,knew,12.299269
1048,3,that,1.757999
1048,4,the,1.594424
1048,5,security,11.230873
1048,6,guard,8.486174
1048,7,believed,8.959692
1048,8,his,6.364469
1048,9,friend,7.765619
1048,10,knew,8.418613
1048,11,could,12.97482
1048,12,introduce,13.184263
1048,13,the,3.06505
1048,14,new,5.124378
1048,15,woman,9.541218
1048,16,to,1.980295
1048,17,her,3.923482
1048,18,friend,8.731366
1048,19,.,2.336512
1048,20,<eos>,-0.0
1049,0,The,0.0
1049,1,accountant,20.662333
1049,2,knew,12.299269
1049,3,that,1.757999
1049,4,the,1.594424
1049,5,security,11.230873
1049,6,guard,8.486174
1049,7,believed,8.959692
1049,8,his,6.364469
1049,9,friend,7.765619
1049,10,knew,8.418613
1049,11,the,3.806568
1049,12,secretary,14.849382
1049,13,could,6.337019
1049,14,introduce,13.284613
1049,15,the,2.861453
1049,16,new,5.014333
1049,17,woman,10.175615
1049,18,to,1.7734
1049,19,her,4.05746
1049,20,friend,8.63578
1049,21,.,2.163515
1049,22,<eos>,-0.0
1050,0,The,0.0
1050,1,accountant,20.662333
1050,2,knew,12.299269
1050,3,who,6.979946
1050,4,the,4.008495
1050,5,security,11.193192
1050,6,guard,7.503042
1050,7,believed,9.343479
1050,8,his,8.196365
1050,9,friend,7.937625
1050,10,knew,7.550464
1050,11,could,9.298373
1050,12,introduce,13.467656
1050,13,the,3.202086
1050,14,new,5.154883
1050,15,woman,9.39969
1050,16,to,2.30936
1050,17,her,4.003357
1050,18,friend,9.000862
1050,19,.,2.19673
1050,20,<eos>,-0.0
1051,0,The,0.0
1051,1,accountant,20.662333
1051,2,knew,12.299269
1051,3,who,6.979946
1051,4,the,4.008495
1051,5,security,11.193192
1051,6,guard,7.503042
1051,7,believed,9.343479
1051,8,his,8.196365
1051,9,friend,7.937625
1051,10,knew,7.550464
1051,11,the,4.214753
1051,12,secretary,14.433077
1051,13,could,6.32849
1051,14,introduce,13.399761
1051,15,the,3.011356
1051,16,new,5.178367
1051,17,woman,10.05049
1051,18,to,2.203418
1051,19,her,4.114547
1051,20,friend,8.804385
1051,21,.,2.164076
1051,22,<eos>,-0.0
1052,0,The,0.0
1052,1,accountant,20.662333
1052,2,knew,12.299269
1052,3,that,1.757999
1052,4,the,1.594424
1052,5,security,11.230873
1052,6,guard,8.486174
1052,7,believed,8.959692
1052,8,his,6.364469
1052,9,friend,7.765619
1052,10,knew,8.418613
1052,11,the,3.806568
1052,12,assistant,15.761281
1052,13,reported,13.262972
1052,14,could,12.097689
1052,15,introduce,14.415418
1052,16,the,2.904075
1052,17,new,5.580661
1052,18,woman,10.127501
1052,19,to,1.760485
1052,20,her,3.838896
1052,21,friend,8.930344
1052,22,.,2.144549
1052,23,<eos>,-0.0
1053,0,The,0.0
1053,1,accountant,20.662333
1053,2,knew,12.299269
1053,3,that,1.757999
1053,4,the,1.594424
1053,5,security,11.230873
1053,6,guard,8.486174
1053,7,believed,8.959692
1053,8,his,6.364469
1053,9,friend,7.765619
1053,10,knew,8.418613
1053,11,the,3.806568
1053,12,assistant,15.761281
1053,13,reported,13.262972
1053,14,the,3.753372
1053,15,secretary,14.360924
1053,16,could,7.11606
1053,17,introduce,13.118893
1053,18,the,2.793965
1053,19,new,5.134032
1053,20,woman,10.307085
1053,21,to,1.908042
1053,22,her,4.051366
1053,23,friend,8.598735
1053,24,.,2.143202
1053,25,<eos>,-0.0
1054,0,The,0.0
1054,1,accountant,20.662333
1054,2,knew,12.299269
1054,3,who,6.979946
1054,4,the,4.008495
1054,5,security,11.193192
1054,6,guard,7.503042
1054,7,believed,9.343479
1054,8,his,8.196365
1054,9,friend,7.937625
1054,10,knew,7.550464
1054,11,the,4.214753
1054,12,assistant,15.367271
1054,13,reported,12.943674
1054,14,could,11.546085
1054,15,introduce,14.490572
1054,16,the,2.789225
1054,17,new,5.528301
1054,18,woman,10.147466
1054,19,to,1.921904
1054,20,her,3.868524
1054,21,friend,9.067643
1054,22,.,2.029927
1054,23,<eos>,-0.0
1055,0,The,0.0
1055,1,accountant,20.662333
1055,2,knew,12.299269
1055,3,who,6.979946
1055,4,the,4.008495
1055,5,security,11.193192
1055,6,guard,7.503042
1055,7,believed,9.343479
1055,8,his,8.196365
1055,9,friend,7.937625
1055,10,knew,7.550464
1055,11,the,4.214753
1055,12,assistant,15.367271
1055,13,reported,12.943674
1055,14,the,4.271742
1055,15,secretary,14.272279
1055,16,could,6.826095
1055,17,introduce,13.120178
1055,18,the,2.767141
1055,19,new,5.07193
1055,20,woman,10.351456
1055,21,to,2.023262
1055,22,her,4.048499
1055,23,friend,8.724513
1055,24,.,2.094918
1055,25,<eos>,-0.0
1056,0,The,0.0
1056,1,accountant,20.662333
1056,2,knew,12.299269
1056,3,that,1.757999
1056,4,the,1.594424
1056,5,security,11.230873
1056,6,guard,8.486174
1056,7,believed,8.959692
1056,8,his,6.364469
1056,9,friend,7.765619
1056,10,knew,8.418613
1056,11,the,3.806568
1056,12,assistant,15.761281
1056,13,reported,13.262972
1056,14,could,12.097689
1056,15,introduce,14.415418
1056,16,the,2.904075
1056,17,new,5.580661
1056,18,woman,10.127501
1056,19,to,1.760485
1056,20,her,3.838896
1056,21,friend,8.930344
1056,22,.,2.144549
1056,23,<eos>,-0.0
1057,0,The,0.0
1057,1,accountant,20.662333
1057,2,knew,12.299269
1057,3,that,1.757999
1057,4,the,1.594424
1057,5,security,11.230873
1057,6,guard,8.486174
1057,7,believed,8.959692
1057,8,his,6.364469
1057,9,friend,7.765619
1057,10,knew,8.418613
1057,11,the,3.806568
1057,12,assistant,15.761281
1057,13,reported,13.262972
1057,14,the,3.753372
1057,15,secretary,14.360924
1057,16,could,7.11606
1057,17,introduce,13.118893
1057,18,the,2.793965
1057,19,new,5.134032
1057,20,woman,10.307085
1057,21,to,1.908042
1057,22,her,4.051366
1057,23,friend,8.598735
1057,24,.,2.143202
1057,25,<eos>,-0.0
1058,0,The,0.0
1058,1,accountant,20.662333
1058,2,knew,12.299269
1058,3,who,6.979946
1058,4,the,4.008495
1058,5,security,11.193192
1058,6,guard,7.503042
1058,7,believed,9.343479
1058,8,his,8.196365
1058,9,friend,7.937625
1058,10,knew,7.550464
1058,11,the,4.214753
1058,12,assistant,15.367271
1058,13,reported,12.943674
1058,14,could,11.546085
1058,15,introduce,14.490572
1058,16,the,2.789225
1058,17,new,5.528301
1058,18,woman,10.147466
1058,19,to,1.921904
1058,20,her,3.868524
1058,21,friend,9.067643
1058,22,.,2.029927
1058,23,<eos>,-0.0
1059,0,The,0.0
1059,1,accountant,20.662333
1059,2,knew,12.299269
1059,3,who,6.979946
1059,4,the,4.008495
1059,5,security,11.193192
1059,6,guard,7.503042
1059,7,believed,9.343479
1059,8,his,8.196365
1059,9,friend,7.937625
1059,10,knew,7.550464
1059,11,the,4.214753
1059,12,assistant,15.367271
1059,13,reported,12.943674
1059,14,the,4.271742
1059,15,secretary,14.272279
1059,16,could,6.826095
1059,17,introduce,13.120178
1059,18,the,2.767141
1059,19,new,5.07193
1059,20,woman,10.351456
1059,21,to,2.023262
1059,22,her,4.048499
1059,23,friend,8.724513
1059,24,.,2.094918
1059,25,<eos>,-0.0
1060,0,I,0.0
1060,1,know,6.278276
1060,2,that,2.352433
1060,3,will,11.602566
1060,4,throw,11.772815
1060,5,the,2.721396
1060,6,plastic,12.817277
1060,7,into,4.554237
1060,8,the,1.402246
1060,9,trash,8.388146
1060,10,can,9.038645
1060,11,.,2.015122
1060,12,<eos>,-0.0
1061,0,I,0.0
1061,1,know,6.278276
1061,2,that,2.352433
1061,3,your,9.241128
1061,4,friend,7.913626
1061,5,will,5.915673
1061,6,throw,9.976838
1061,7,the,3.164604
1061,8,plastic,12.600544
1061,9,into,5.614727
1061,10,the,1.495197
1061,11,trash,7.730887
1061,12,can,9.711204
1061,13,.,2.187106
1061,14,<eos>,-0.0
1062,0,I,0.0
1062,1,know,6.278276
1062,2,who,6.580016
1062,3,will,5.949539
1062,4,throw,10.640607
1062,5,the,2.630609
1062,6,plastic,12.844965
1062,7,into,5.670435
1062,8,the,1.209442
1062,9,trash,7.840098
1062,10,can,8.35589
1062,11,.,2.327909
1062,12,<eos>,-0.0
1063,0,I,0.0
1063,1,know,6.278276
1063,2,who,6.580016
1063,3,your,10.622782
1063,4,friend,6.180363
1063,5,will,5.701903
1063,6,throw,10.110782
1063,7,the,4.321093
1063,8,plastic,13.384377
1063,9,into,6.952054
1063,10,the,1.877648
1063,11,trash,7.677385
1063,12,can,8.278943
1063,13,.,2.531131
1063,14,<eos>,-0.0
1064,0,I,0.0
1064,1,know,6.278276
1064,2,that,2.352433
1064,3,our,8.541259
1064,4,mother,7.632546
1064,5,said,9.849742
1064,6,will,13.738559
1064,7,throw,12.046038
1064,8,the,3.177404
1064,9,plastic,12.876978
1064,10,into,5.504891
1064,11,the,1.470425
1064,12,trash,7.7884
1064,13,can,9.841071
1064,14,.,1.903481
1064,15,<eos>,-0.0
1065,0,I,0.0
1065,1,know,6.278276
1065,2,that,2.352433
1065,3,our,8.541259
1065,4,mother,7.632546
1065,5,said,9.849742
1065,6,your,12.143874
1065,7,friend,6.952579
1065,8,will,7.575708
1065,9,throw,10.166066
1065,10,the,3.446855
1065,11,plastic,12.753065
1065,12,into,6.013644
1065,13,the,1.519293
1065,14,trash,7.84032
1065,15,can,10.070171
1065,16,.,2.141599
1065,17,<eos>,-0.0
1066,0,I,0.0
1066,1,know,6.278276
1066,2,who,6.580016
1066,3,our,11.02898
1066,4,mother,6.02071
1066,5,said,8.907338
1066,6,will,9.091409
1066,7,throw,12.044198
1066,8,the,3.197416
1066,9,plastic,12.849603
1066,10,into,5.644287
1066,11,the,1.478754
1066,12,trash,7.755545
1066,13,can,9.314437
1066,14,.,1.866305
1066,15,<eos>,-0.0
1067,0,I,0.0
1067,1,know,6.278276
1067,2,who,6.580016
1067,3,our,11.02898
1067,4,mother,6.02071
1067,5,said,8.907338
1067,6,your,11.853222
1067,7,friend,6.660599
1067,8,will,7.746668
1067,9,throw,10.142008
1067,10,the,4.206705
1067,11,plastic,13.253428
1067,12,into,6.542951
1067,13,the,1.766657
1067,14,trash,7.292147
1067,15,can,8.989348
1067,16,.,2.053827
1067,17,<eos>,-0.0
1068,0,I,0.0
1068,1,know,6.278276
1068,2,that,2.352433
1068,3,our,8.541259
1068,4,mother,7.632546
1068,5,said,9.849742
1068,6,her,7.237803
1068,7,friend,7.841909
1068,8,remarked,13.805615
1068,9,will,15.508336
1068,10,throw,11.255239
1068,11,the,3.527432
1068,12,plastic,12.843894
1068,13,into,5.866995
1068,14,the,1.53285
1068,15,trash,6.939469
1068,16,can,10.911338
1068,17,.,1.726216
1068,18,<eos>,-0.0
1069,0,I,0.0
1069,1,know,6.278276
1069,2,that,2.352433
1069,3,our,8.541259
1069,4,mother,7.632546
1069,5,said,9.849742
1069,6,her,7.237803
1069,7,friend,7.841909
1069,8,remarked,13.805615
1069,9,your,16.045568
1069,10,friend,7.475852
1069,11,will,8.913531
1069,12,throw,9.976566
1069,13,the,3.776899
1069,14,plastic,12.569551
1069,15,into,6.118909
1069,16,the,1.573017
1069,17,trash,7.23793
1069,18,can,10.508906
1069,19,.,1.932382
1069,20,<eos>,-0.0
1070,0,I,0.0
1070,1,know,6.278276
1070,2,who,6.580016
1070,3,our,11.02898
1070,4,mother,6.02071
1070,5,said,8.907338
1070,6,her,9.224228
1070,7,friend,7.645392
1070,8,remarked,14.265068
1070,9,will,11.353375
1070,10,throw,12.204225
1070,11,the,3.657465
1070,12,plastic,13.178726
1070,13,into,5.638524
1070,14,the,1.491159
1070,15,trash,6.982995
1070,16,can,10.087757
1070,17,.,1.494537
1070,18,<eos>,-0.0
1071,0,I,0.0
1071,1,know,6.278276
1071,2,who,6.580016
1071,3,our,11.02898
1071,4,mother,6.02071
1071,5,said,8.907338
1071,6,her,9.224228
1071,7,friend,7.645392
1071,8,remarked,14.265068
1071,9,your,15.413641
1071,10,friend,6.53848
1071,11,will,8.652874
1071,12,throw,9.906774
1071,13,the,4.241773
1071,14,plastic,13.05982
1071,15,into,6.536052
1071,16,the,1.70742
1071,17,trash,6.838909
1071,18,can,9.87656
1071,19,.,1.770165
1071,20,<eos>,-0.0
1072,0,I,0.0
1072,1,know,6.278276
1072,2,that,2.352433
1072,3,our,8.541259
1072,4,mother,7.632546
1072,5,said,9.849742
1072,6,her,7.237803
1072,7,friend,7.841909
1072,8,remarked,13.805615
1072,9,the,6.17998
1072,10,park,15.270876
1072,11,attendant,15.034326
1072,12,reported,12.073592
1072,13,will,15.987168
1072,14,throw,10.106568
1072,15,the,3.163856
1072,16,plastic,12.63764
1072,17,into,5.372172
1072,18,the,1.248997
1072,19,trash,5.646336
1072,20,can,11.216665
1072,21,.,1.38986
1072,22,<eos>,-0.0
1073,0,I,0.0
1073,1,know,6.278276
1073,2,that,2.352433
1073,3,our,8.541259
1073,4,mother,7.632546
1073,5,said,9.849742
1073,6,her,7.237803
1073,7,friend,7.841909
1073,8,remarked,13.805615
1073,9,the,6.17998
1073,10,park,15.270876
1073,11,attendant,15.034326
1073,12,reported,12.073592
1073,13,your,13.711047
1073,14,friend,8.647436
1073,15,will,9.492085
1073,16,throw,9.431582
1073,17,the,3.518214
1073,18,plastic,12.19278
1073,19,into,5.707561
1073,20,the,1.321818
1073,21,trash,5.77115
1073,22,can,10.007881
1073,23,.,1.595903
1073,24,<eos>,-0.0
1074,0,I,0.0
1074,1,know,6.278276
1074,2,who,6.580016
1074,3,our,11.02898
1074,4,mother,6.02071
1074,5,said,8.907338
1074,6,her,9.224228
1074,7,friend,7.645392
1074,8,remarked,14.265068
1074,9,the,7.221402
1074,10,park,15.278672
1074,11,attendant,16.279022
1074,12,reported,10.856984
1074,13,will,12.500934
1074,14,throw,10.758184
1074,15,the,3.083209
1074,16,plastic,12.832476
1074,17,into,4.993031
1074,18,the,1.172606
1074,19,trash,5.811528
1074,20,can,10.718499
1074,21,.,1.196106
1074,22,<eos>,-0.0
1075,0,I,0.0
1075,1,know,6.278276
1075,2,who,6.580016
1075,3,our,11.02898
1075,4,mother,6.02071
1075,5,said,8.907338
1075,6,her,9.224228
1075,7,friend,7.645392
1075,8,remarked,14.265068
1075,9,the,7.221402
1075,10,park,15.278672
1075,11,attendant,16.279022
1075,12,reported,10.856984
1075,13,your,15.644468
1075,14,friend,7.124327
1075,15,will,9.375892
1075,16,throw,9.104455
1075,17,the,3.987197
1075,18,plastic,12.739713
1075,19,into,6.031038
1075,20,the,1.37837
1075,21,trash,5.481888
1075,22,can,10.056816
1075,23,.,1.370606
1075,24,<eos>,-0.0
1076,0,I,0.0
1076,1,know,6.278276
1076,2,that,2.352433
1076,3,our,8.541259
1076,4,mother,7.632546
1076,5,said,9.849742
1076,6,her,7.237803
1076,7,friend,7.841909
1076,8,remarked,13.805615
1076,9,the,6.17998
1076,10,park,15.270876
1076,11,attendant,15.034326
1076,12,reported,12.073592
1076,13,will,15.987168
1076,14,throw,10.106568
1076,15,the,3.163856
1076,16,plastic,12.63764
1076,17,into,5.372172
1076,18,the,1.248997
1076,19,trash,5.646336
1076,20,can,11.216665
1076,21,.,1.38986
1076,22,<eos>,-0.0
1077,0,I,0.0
1077,1,know,6.278276
1077,2,that,2.352433
1077,3,our,8.541259
1077,4,mother,7.632546
1077,5,said,9.849742
1077,6,her,7.237803
1077,7,friend,7.841909
1077,8,remarked,13.805615
1077,9,the,6.17998
1077,10,park,15.270876
1077,11,attendant,15.034326
1077,12,reported,12.073592
1077,13,your,13.711047
1077,14,friend,8.647436
1077,15,will,9.492085
1077,16,throw,9.431582
1077,17,the,3.518214
1077,18,plastic,12.19278
1077,19,into,5.707561
1077,20,the,1.321818
1077,21,trash,5.77115
1077,22,can,10.007881
1077,23,.,1.595903
1077,24,<eos>,-0.0
1078,0,I,0.0
1078,1,know,6.278276
1078,2,who,6.580016
1078,3,our,11.02898
1078,4,mother,6.02071
1078,5,said,8.907338
1078,6,her,9.224228
1078,7,friend,7.645392
1078,8,remarked,14.265068
1078,9,the,7.221402
1078,10,park,15.278672
1078,11,attendant,16.279022
1078,12,reported,10.856984
1078,13,will,12.500934
1078,14,throw,10.758184
1078,15,the,3.083209
1078,16,plastic,12.832476
1078,17,into,4.993031
1078,18,the,1.172606
1078,19,trash,5.811528
1078,20,can,10.718499
1078,21,.,1.196106
1078,22,<eos>,-0.0
1079,0,I,0.0
1079,1,know,6.278276
1079,2,who,6.580016
1079,3,our,11.02898
1079,4,mother,6.02071
1079,5,said,8.907338
1079,6,her,9.224228
1079,7,friend,7.645392
1079,8,remarked,14.265068
1079,9,the,7.221402
1079,10,park,15.278672
1079,11,attendant,16.279022
1079,12,reported,10.856984
1079,13,your,15.644468
1079,14,friend,7.124327
1079,15,will,9.375892
1079,16,throw,9.104455
1079,17,the,3.987197
1079,18,plastic,12.739713
1079,19,into,6.031038
1079,20,the,1.37837
1079,21,trash,5.481888
1079,22,can,10.056816
1079,23,.,1.370606
1079,24,<eos>,-0.0
