sentence_id,token_id,token,surprisal
0,0,i,8.92268
0,1,know,6.35939
0,2,that,3.01867
0,3,your,9.03142
0,4,friend,9.03406
0,5,threw,15.5017
0,6,into,7.68647
0,7,the,2.46141
0,8,trash,15.0978
0,9,can,4.46141
0,10,.,3.06211
0,11,</s>,23.6519
1,0,i,8.92268
1,1,know,6.35939
1,2,that,3.01867
1,3,your,9.03142
1,4,friend,9.03406
1,5,threw,15.5017
1,6,the,3.69269
1,7,plastic,14.4012
1,8,into,10.8086
1,9,the,3.06669
1,10,trash,14.7837
1,11,can,4.46141
1,12,.,3.06211
1,13,</s>,23.6519
2,0,i,8.92268
2,1,know,6.35939
2,2,what,4.42758
2,3,your,8.81526
2,4,friend,9.10335
2,5,threw,15.5017
2,6,into,7.68647
2,7,the,2.46141
2,8,trash,15.0978
2,9,can,4.46141
2,10,.,3.06211
2,11,</s>,23.6519
3,0,i,8.92268
3,1,know,6.35939
3,2,what,4.42758
3,3,your,8.81526
3,4,friend,9.10335
3,5,threw,15.5017
3,6,the,3.69269
3,7,plastic,14.4012
3,8,into,10.8086
3,9,the,3.06669
3,10,trash,14.7837
3,11,can,4.46141
3,12,.,3.06211
3,13,</s>,23.6519
4,0,i,8.92268
4,1,know,6.35939
4,2,that,3.01867
4,3,our,9.03142
4,4,mother,10.0931
4,5,said,9.9453
4,6,your,15.38
4,7,friend,9.0128
4,8,threw,15.5017
4,9,into,7.68647
4,10,the,2.46141
4,11,trash,15.0978
4,12,can,4.46141
4,13,.,3.06211
4,14,</s>,23.6519
5,0,i,8.92268
5,1,know,6.35939
5,2,that,3.01867
5,3,our,9.03142
5,4,mother,10.0931
5,5,said,9.9453
5,6,your,15.38
5,7,friend,9.0128
5,8,threw,15.5017
5,9,the,3.69269
5,10,plastic,14.4012
5,11,into,10.8086
5,12,the,3.06669
5,13,trash,14.7837
5,14,can,4.46141
5,15,.,3.06211
5,16,</s>,23.6519
6,0,i,8.92268
6,1,know,6.35939
6,2,what,4.42758
6,3,our,10.4328
6,4,mother,10.0517
6,5,said,9.9453
6,6,your,15.38
6,7,friend,9.0128
6,8,threw,15.5017
6,9,into,7.68647
6,10,the,2.46141
6,11,trash,15.0978
6,12,can,4.46141
6,13,.,3.06211
6,14,</s>,23.6519
7,0,i,8.92268
7,1,know,6.35939
7,2,what,4.42758
7,3,our,10.4328
7,4,mother,10.0517
7,5,said,9.9453
7,6,your,15.38
7,7,friend,9.0128
7,8,threw,15.5017
7,9,the,3.69269
7,10,plastic,14.4012
7,11,into,10.8086
7,12,the,3.06669
7,13,trash,14.7837
7,14,can,4.46141
7,15,.,3.06211
7,16,</s>,23.6519
8,0,i,8.92268
8,1,know,6.35939
8,2,that,3.01867
8,3,our,9.03142
8,4,mother,10.0931
8,5,said,9.9453
8,6,her,8.58876
8,7,friend,9.53134
8,8,remarked,15.6711
8,9,your,16.1277
8,10,friend,9.0128
8,11,threw,15.5017
8,12,into,7.68647
8,13,the,2.46141
8,14,trash,15.0978
8,15,can,4.46141
8,16,.,3.06211
8,17,</s>,23.6519
9,0,i,8.92268
9,1,know,6.35939
9,2,that,3.01867
9,3,our,9.03142
9,4,mother,10.0931
9,5,said,9.9453
9,6,her,8.58876
9,7,friend,9.53134
9,8,remarked,15.6711
9,9,your,16.1277
9,10,friend,9.0128
9,11,threw,15.5017
9,12,the,3.69269
9,13,plastic,14.4012
9,14,into,10.8086
9,15,the,3.06669
9,16,trash,14.7837
9,17,can,4.46141
9,18,.,3.06211
9,19,</s>,23.6519
10,0,i,8.92268
10,1,know,6.35939
10,2,what,4.42758
10,3,our,10.4328
10,4,mother,10.0517
10,5,said,9.9453
10,6,her,8.58876
10,7,friend,9.53134
10,8,remarked,15.6711
10,9,your,16.1277
10,10,friend,9.0128
10,11,threw,15.5017
10,12,into,7.68647
10,13,the,2.46141
10,14,trash,15.0978
10,15,can,4.46141
10,16,.,3.06211
10,17,</s>,23.6519
11,0,i,8.92268
11,1,know,6.35939
11,2,what,4.42758
11,3,our,10.4328
11,4,mother,10.0517
11,5,said,9.9453
11,6,her,8.58876
11,7,friend,9.53134
11,8,remarked,15.6711
11,9,your,16.1277
11,10,friend,9.0128
11,11,threw,15.5017
11,12,the,3.69269
11,13,plastic,14.4012
11,14,into,10.8086
11,15,the,3.06669
11,16,trash,14.7837
11,17,can,4.46141
11,18,.,3.06211
11,19,</s>,23.6519
12,0,i,8.92268
12,1,know,6.35939
12,2,that,3.01867
12,3,our,9.03142
12,4,mother,10.0931
12,5,said,9.9453
12,6,her,8.58876
12,7,friend,9.53134
12,8,remarked,15.6711
12,9,the,9.18833
12,10,park,11.2248
12,11,attendant,18.2286
12,12,reported,13.0792
12,13,your,14.7672
12,14,friend,9.0128
12,15,threw,15.5017
12,16,into,7.68647
12,17,the,2.46141
12,18,trash,15.0978
12,19,can,4.46141
12,20,.,3.06211
12,21,</s>,23.6519
13,0,i,8.92268
13,1,know,6.35939
13,2,that,3.01867
13,3,our,9.03142
13,4,mother,10.0931
13,5,said,9.9453
13,6,her,8.58876
13,7,friend,9.53134
13,8,remarked,15.6711
13,9,the,9.18833
13,10,park,11.2248
13,11,attendant,18.2286
13,12,reported,13.0792
13,13,your,14.7672
13,14,friend,9.0128
13,15,threw,15.5017
13,16,the,3.69269
13,17,plastic,14.4012
13,18,into,10.8086
13,19,the,3.06669
13,20,trash,14.7837
13,21,can,4.46141
13,22,.,3.06211
13,23,</s>,23.6519
14,0,i,8.92268
14,1,know,6.35939
14,2,what,4.42758
14,3,our,10.4328
14,4,mother,10.0517
14,5,said,9.9453
14,6,her,8.58876
14,7,friend,9.53134
14,8,remarked,15.6711
14,9,the,9.18833
14,10,park,11.2248
14,11,attendant,18.2286
14,12,reported,13.0792
14,13,your,14.7672
14,14,friend,9.0128
14,15,threw,15.5017
14,16,into,7.68647
14,17,the,2.46141
14,18,trash,15.0978
14,19,can,4.46141
14,20,.,3.06211
14,21,</s>,23.6519
15,0,i,8.92268
15,1,know,6.35939
15,2,what,4.42758
15,3,our,10.4328
15,4,mother,10.0517
15,5,said,9.9453
15,6,her,8.58876
15,7,friend,9.53134
15,8,remarked,15.6711
15,9,the,9.18833
15,10,park,11.2248
15,11,attendant,18.2286
15,12,reported,13.0792
15,13,your,14.7672
15,14,friend,9.0128
15,15,threw,15.5017
15,16,the,3.69269
15,17,plastic,14.4012
15,18,into,10.8086
15,19,the,3.06669
15,20,trash,14.7837
15,21,can,4.46141
15,22,.,3.06211
15,23,</s>,23.6519
16,0,i,8.92268
16,1,know,6.35939
16,2,that,3.01867
16,3,our,9.03142
16,4,mother,10.0931
16,5,said,9.9453
16,6,her,8.58876
16,7,friend,9.53134
16,8,remarked,15.6711
16,9,the,9.18833
16,10,park,11.2248
16,11,attendant,18.2286
16,12,reported,13.0792
16,13,the,4.76018
16,14,cop,17.2411
16,15,thinks,15.9806
16,16,your,14.6667
16,17,friend,9.0128
16,18,threw,15.5017
16,19,into,7.68647
16,20,the,2.46141
16,21,trash,15.0978
16,22,can,4.46141
16,23,.,3.06211
16,24,</s>,23.6519
17,0,i,8.92268
17,1,know,6.35939
17,2,that,3.01867
17,3,our,9.03142
17,4,mother,10.0931
17,5,said,9.9453
17,6,her,8.58876
17,7,friend,9.53134
17,8,remarked,15.6711
17,9,the,9.18833
17,10,park,11.2248
17,11,attendant,18.2286
17,12,reported,13.0792
17,13,the,4.76018
17,14,cop,17.2411
17,15,thinks,15.9806
17,16,your,14.6667
17,17,friend,9.0128
17,18,threw,15.5017
17,19,the,3.69269
17,20,plastic,14.4012
17,21,into,10.8086
17,22,the,3.06669
17,23,trash,14.7837
17,24,can,4.46141
17,25,.,3.06211
17,26,</s>,23.6519
18,0,i,8.92268
18,1,know,6.35939
18,2,what,4.42758
18,3,our,10.4328
18,4,mother,10.0517
18,5,said,9.9453
18,6,her,8.58876
18,7,friend,9.53134
18,8,remarked,15.6711
18,9,the,9.18833
18,10,park,11.2248
18,11,attendant,18.2286
18,12,reported,13.0792
18,13,the,4.76018
18,14,cop,17.2411
18,15,thinks,15.9806
18,16,your,14.6667
18,17,friend,9.0128
18,18,threw,15.5017
18,19,into,7.68647
18,20,the,2.46141
18,21,trash,15.0978
18,22,can,4.46141
18,23,.,3.06211
18,24,</s>,23.6519
19,0,i,8.92268
19,1,know,6.35939
19,2,what,4.42758
19,3,our,10.4328
19,4,mother,10.0517
19,5,said,9.9453
19,6,her,8.58876
19,7,friend,9.53134
19,8,remarked,15.6711
19,9,the,9.18833
19,10,park,11.2248
19,11,attendant,18.2286
19,12,reported,13.0792
19,13,the,4.76018
19,14,cop,17.2411
19,15,thinks,15.9806
19,16,your,14.6667
19,17,friend,9.0128
19,18,threw,15.5017
19,19,the,3.69269
19,20,plastic,14.4012
19,21,into,10.8086
19,22,the,3.06669
19,23,trash,14.7837
19,24,can,4.46141
19,25,.,3.06211
19,26,</s>,23.6519
20,0,the,2.46696
20,1,newspaper,11.0881
20,2,reported,6.60225
20,3,that,1.24124
20,4,the,3.00454
20,5,boss,15.2577
20,6,sold,13.6649
20,7,to,5.06003
20,8,his,8.61809
20,9,friend,7.61294
20,10,.,4.55885
20,11,</s>,24.3093
21,0,the,2.46696
21,1,newspaper,11.0881
21,2,reported,6.60225
21,3,that,1.24124
21,4,the,3.00454
21,5,boss,15.2577
21,6,sold,13.6649
21,7,a,5.96652
21,8,car,11.2706
21,9,to,5.66207
21,10,his,8.12579
21,11,friend,7.38031
21,12,.,4.55885
21,13,</s>,24.3093
22,0,the,2.46696
22,1,newspaper,11.0881
22,2,reported,6.60225
22,3,what,11.6328
22,4,the,5.05899
22,5,boss,14.4666
22,6,sold,13.6649
22,7,to,5.06003
22,8,his,8.61809
22,9,friend,7.61294
22,10,.,4.55885
22,11,</s>,24.3093
23,0,the,2.46696
23,1,newspaper,11.0881
23,2,reported,6.60225
23,3,what,11.6328
23,4,the,5.05899
23,5,boss,14.4666
23,6,sold,13.6649
23,7,a,5.96652
23,8,car,11.2706
23,9,to,5.66207
23,10,his,8.12579
23,11,friend,7.38031
23,12,.,4.55885
23,13,</s>,24.3093
24,0,the,2.46696
24,1,newspaper,11.0881
24,2,reported,6.60225
24,3,that,1.24124
24,4,the,3.00454
24,5,investigator,16.6471
24,6,thought,13.3713
24,7,the,4.36895
24,8,boss,14.2802
24,9,sold,13.6649
24,10,to,5.06003
24,11,his,8.61809
24,12,friend,7.61294
24,13,.,4.55885
24,14,</s>,24.3093
25,0,the,2.46696
25,1,newspaper,11.0881
25,2,reported,6.60225
25,3,that,1.24124
25,4,the,3.00454
25,5,investigator,16.6471
25,6,thought,13.3713
25,7,the,4.36895
25,8,boss,14.2802
25,9,sold,13.6649
25,10,a,5.96652
25,11,car,11.2706
25,12,to,5.66207
25,13,his,8.12579
25,14,friend,7.38031
25,15,.,4.55885
25,16,</s>,24.3093
26,0,the,2.46696
26,1,newspaper,11.0881
26,2,reported,6.60225
26,3,what,11.6328
26,4,the,5.05899
26,5,investigator,16.2962
26,6,thought,13.3713
26,7,the,4.36895
26,8,boss,14.2802
26,9,sold,13.6649
26,10,to,5.06003
26,11,his,8.61809
26,12,friend,7.61294
26,13,.,4.55885
26,14,</s>,24.3093
27,0,the,2.46696
27,1,newspaper,11.0881
27,2,reported,6.60225
27,3,what,11.6328
27,4,the,5.05899
27,5,investigator,16.2962
27,6,thought,13.3713
27,7,the,4.36895
27,8,boss,14.2802
27,9,sold,13.6649
27,10,a,5.96652
27,11,car,11.2706
27,12,to,5.66207
27,13,his,8.12579
27,14,friend,7.38031
27,15,.,4.55885
27,16,</s>,24.3093
28,0,the,2.46696
28,1,newspaper,11.0881
28,2,reported,6.60225
28,3,that,1.24124
28,4,the,3.00454
28,5,investigator,16.6471
28,6,thought,13.3713
28,7,the,4.36895
28,8,businessman,16.3792
28,9,believed,13.7448
28,10,the,3.87627
28,11,boss,14.1271
28,12,sold,13.6649
28,13,to,5.06003
28,14,his,8.61809
28,15,friend,7.61294
28,16,.,4.55885
28,17,</s>,24.3093
29,0,the,2.46696
29,1,newspaper,11.0881
29,2,reported,6.60225
29,3,that,1.24124
29,4,the,3.00454
29,5,investigator,16.6471
29,6,thought,13.3713
29,7,the,4.36895
29,8,businessman,16.3792
29,9,believed,13.7448
29,10,the,3.87627
29,11,boss,14.1271
29,12,sold,13.6649
29,13,a,5.96652
29,14,car,11.2706
29,15,to,5.66207
29,16,his,8.12579
29,17,friend,7.38031
29,18,.,4.55885
29,19,</s>,24.3093
30,0,the,2.46696
30,1,newspaper,11.0881
30,2,reported,6.60225
30,3,what,11.6328
30,4,the,5.05899
30,5,investigator,16.2962
30,6,thought,13.3713
30,7,the,4.36895
30,8,businessman,16.3792
30,9,believed,13.7448
30,10,the,3.87627
30,11,boss,14.1271
30,12,sold,13.6649
30,13,to,5.06003
30,14,his,8.61809
30,15,friend,7.61294
30,16,.,4.55885
30,17,</s>,24.3093
31,0,the,2.46696
31,1,newspaper,11.0881
31,2,reported,6.60225
31,3,what,11.6328
31,4,the,5.05899
31,5,investigator,16.2962
31,6,thought,13.3713
31,7,the,4.36895
31,8,businessman,16.3792
31,9,believed,13.7448
31,10,the,3.87627
31,11,boss,14.1271
31,12,sold,13.6649
31,13,a,5.96652
31,14,car,11.2706
31,15,to,5.66207
31,16,his,8.12579
31,17,friend,7.38031
31,18,.,4.55885
31,19,</s>,24.3093
32,0,the,2.46696
32,1,newspaper,11.0881
32,2,reported,6.60225
32,3,that,1.24124
32,4,the,3.00454
32,5,investigator,16.6471
32,6,thought,13.3713
32,7,the,4.36895
32,8,businessman,16.3792
32,9,believed,13.7448
32,10,the,3.87627
32,11,banker,15.3081
32,12,said,12.1542
32,13,the,4.51729
32,14,boss,14.4272
32,15,sold,13.6649
32,16,to,5.06003
32,17,his,8.61809
32,18,friend,7.61294
32,19,.,4.55885
32,20,</s>,24.3093
33,0,the,2.46696
33,1,newspaper,11.0881
33,2,reported,6.60225
33,3,that,1.24124
33,4,the,3.00454
33,5,investigator,16.6471
33,6,thought,13.3713
33,7,the,4.36895
33,8,businessman,16.3792
33,9,believed,13.7448
33,10,the,3.87627
33,11,banker,15.3081
33,12,said,12.1542
33,13,the,4.51729
33,14,boss,14.4272
33,15,sold,13.6649
33,16,a,5.96652
33,17,car,11.2706
33,18,to,5.66207
33,19,his,8.12579
33,20,friend,7.38031
33,21,.,4.55885
33,22,</s>,24.3093
34,0,the,2.46696
34,1,newspaper,11.0881
34,2,reported,6.60225
34,3,what,11.6328
34,4,the,5.05899
34,5,investigator,16.2962
34,6,thought,13.3713
34,7,the,4.36895
34,8,businessman,16.3792
34,9,believed,13.7448
34,10,the,3.87627
34,11,banker,15.3081
34,12,said,12.1542
34,13,the,4.51729
34,14,boss,14.4272
34,15,sold,13.6649
34,16,to,5.06003
34,17,his,8.61809
34,18,friend,7.61294
34,19,.,4.55885
34,20,</s>,24.3093
35,0,the,2.46696
35,1,newspaper,11.0881
35,2,reported,6.60225
35,3,what,11.6328
35,4,the,5.05899
35,5,investigator,16.2962
35,6,thought,13.3713
35,7,the,4.36895
35,8,businessman,16.3792
35,9,believed,13.7448
35,10,the,3.87627
35,11,banker,15.3081
35,12,said,12.1542
35,13,the,4.51729
35,14,boss,14.4272
35,15,sold,13.6649
35,16,a,5.96652
35,17,car,11.2706
35,18,to,5.66207
35,19,his,8.12579
35,20,friend,7.38031
35,21,.,4.55885
35,22,</s>,24.3093
36,0,the,2.46696
36,1,newspaper,11.0881
36,2,reported,6.60225
36,3,that,1.24124
36,4,the,3.00454
36,5,investigator,16.6471
36,6,thought,13.3713
36,7,the,4.36895
36,8,businessman,16.3792
36,9,believed,13.7448
36,10,the,3.87627
36,11,banker,15.3081
36,12,said,12.1542
36,13,his,6.83762
36,14,friend,9.31131
36,15,believes,14.803
36,16,the,3.8767
36,17,boss,14.0275
36,18,sold,13.6649
36,19,to,5.06003
36,20,his,8.61809
36,21,friend,7.61294
36,22,.,4.55885
36,23,</s>,24.3093
37,0,the,2.46696
37,1,newspaper,11.0881
37,2,reported,6.60225
37,3,that,1.24124
37,4,the,3.00454
37,5,investigator,16.6471
37,6,thought,13.3713
37,7,the,4.36895
37,8,businessman,16.3792
37,9,believed,13.7448
37,10,the,3.87627
37,11,banker,15.3081
37,12,said,12.1542
37,13,his,6.83762
37,14,friend,9.31131
37,15,believes,14.803
37,16,the,3.8767
37,17,boss,14.0275
37,18,sold,13.6649
37,19,a,5.96652
37,20,car,11.2706
37,21,to,5.66207
37,22,his,8.12579
37,23,friend,7.38031
37,24,.,4.55885
37,25,</s>,24.3093
38,0,the,2.46696
38,1,newspaper,11.0881
38,2,reported,6.60225
38,3,what,11.6328
38,4,the,5.05899
38,5,investigator,16.2962
38,6,thought,13.3713
38,7,the,4.36895
38,8,businessman,16.3792
38,9,believed,13.7448
38,10,the,3.87627
38,11,banker,15.3081
38,12,said,12.1542
38,13,his,6.83762
38,14,friend,9.31131
38,15,believes,14.803
38,16,the,3.8767
38,17,boss,14.0275
38,18,sold,13.6649
38,19,to,5.06003
38,20,his,8.61809
38,21,friend,7.61294
38,22,.,4.55885
38,23,</s>,24.3093
39,0,the,2.46696
39,1,newspaper,11.0881
39,2,reported,6.60225
39,3,what,11.6328
39,4,the,5.05899
39,5,investigator,16.2962
39,6,thought,13.3713
39,7,the,4.36895
39,8,businessman,16.3792
39,9,believed,13.7448
39,10,the,3.87627
39,11,banker,15.3081
39,12,said,12.1542
39,13,his,6.83762
39,14,friend,9.31131
39,15,believes,14.803
39,16,the,3.8767
39,17,boss,14.0275
39,18,sold,13.6649
39,19,a,5.96652
39,20,car,11.2706
39,21,to,5.66207
39,22,his,8.12579
39,23,friend,7.38031
39,24,.,4.55885
39,25,</s>,24.3093
40,0,her,8.64749
40,1,friend,9.12529
40,2,found,13.4363
40,3,out,6.16715
40,4,that,2.20105
40,5,the,2.81468
40,6,visitor,14.4823
40,7,told,13.7353
40,8,to,6.51346
40,9,the,5.36379
40,10,guests,13.3948
40,11,.,2.69536
40,12,</s>,23.7244
41,0,her,8.64749
41,1,friend,9.12529
41,2,found,13.4363
41,3,out,6.16715
41,4,that,2.20105
41,5,the,2.81468
41,6,visitor,14.4823
41,7,told,13.7353
41,8,a,5.18358
41,9,story,3.36292
41,10,to,4.92081
41,11,the,4.92081
41,12,guests,13.8112
41,13,.,2.69536
41,14,</s>,23.7244
42,0,her,8.64749
42,1,friend,9.12529
42,2,found,13.4363
42,3,out,6.16715
42,4,what,5.67573
42,5,the,3.62667
42,6,visitor,14.288
42,7,told,13.7353
42,8,to,6.51346
42,9,the,5.36379
42,10,guests,13.3948
42,11,.,2.69536
42,12,</s>,23.7244
43,0,her,8.64749
43,1,friend,9.12529
43,2,found,13.4363
43,3,out,6.16715
43,4,what,5.67573
43,5,the,3.62667
43,6,visitor,14.288
43,7,told,13.7353
43,8,a,5.18358
43,9,story,3.36292
43,10,to,4.92081
43,11,the,4.92081
43,12,guests,13.8112
43,13,.,2.69536
43,14,</s>,23.7244
44,0,her,8.64749
44,1,friend,9.12529
44,2,found,13.4363
44,3,out,6.16715
44,4,that,2.20105
44,5,my,11.9773
44,6,friend,8.38062
44,7,believed,13.9177
44,8,the,3.87627
44,9,visitor,13.9133
44,10,told,13.7353
44,11,to,6.51346
44,12,the,5.36379
44,13,guests,13.3948
44,14,.,2.69536
44,15,</s>,23.7244
45,0,her,8.64749
45,1,friend,9.12529
45,2,found,13.4363
45,3,out,6.16715
45,4,that,2.20105
45,5,my,11.9773
45,6,friend,8.38062
45,7,believed,13.9177
45,8,the,3.87627
45,9,visitor,13.9133
45,10,told,13.7353
45,11,a,5.18358
45,12,story,3.36292
45,13,to,4.92081
45,14,the,4.92081
45,15,guests,13.8112
45,16,.,2.69536
45,17,</s>,23.7244
46,0,her,8.64749
46,1,friend,9.12529
46,2,found,13.4363
46,3,out,6.16715
46,4,what,5.67573
46,5,my,9.48275
46,6,friend,8.24374
46,7,believed,13.9177
46,8,the,3.87627
46,9,visitor,13.9133
46,10,told,13.7353
46,11,to,6.51346
46,12,the,5.36379
46,13,guests,13.3948
46,14,.,2.69536
46,15,</s>,23.7244
47,0,her,8.64749
47,1,friend,9.12529
47,2,found,13.4363
47,3,out,6.16715
47,4,what,5.67573
47,5,my,9.48275
47,6,friend,8.24374
47,7,believed,13.9177
47,8,the,3.87627
47,9,visitor,13.9133
47,10,told,13.7353
47,11,a,5.18358
47,12,story,3.36292
47,13,to,4.92081
47,14,the,4.92081
47,15,guests,13.8112
47,16,.,2.69536
47,17,</s>,23.7244
48,0,her,8.64749
48,1,friend,9.12529
48,2,found,13.4363
48,3,out,6.16715
48,4,that,2.20105
48,5,my,11.9773
48,6,friend,8.38062
48,7,believed,13.9177
48,8,the,3.87627
48,9,professor,14.3243
48,10,said,12.9282
48,11,the,4.51729
48,12,visitor,14.2135
48,13,told,13.7353
48,14,to,6.51346
48,15,the,5.36379
48,16,guests,13.3948
48,17,.,2.69536
48,18,</s>,23.7244
49,0,her,8.64749
49,1,friend,9.12529
49,2,found,13.4363
49,3,out,6.16715
49,4,that,2.20105
49,5,my,11.9773
49,6,friend,8.38062
49,7,believed,13.9177
49,8,the,3.87627
49,9,professor,14.3243
49,10,said,12.9282
49,11,the,4.51729
49,12,visitor,14.2135
49,13,told,13.7353
49,14,a,5.18358
49,15,story,3.36292
49,16,to,4.92081
49,17,the,4.92081
49,18,guests,13.8112
49,19,.,2.69536
49,20,</s>,23.7244
50,0,her,8.64749
50,1,friend,9.12529
50,2,found,13.4363
50,3,out,6.16715
50,4,what,5.67573
50,5,my,9.48275
50,6,friend,8.24374
50,7,believed,13.9177
50,8,the,3.87627
50,9,professor,14.3243
50,10,said,12.9282
50,11,the,4.51729
50,12,visitor,14.2135
50,13,told,13.7353
50,14,to,6.51346
50,15,the,5.36379
50,16,guests,13.3948
50,17,.,2.69536
50,18,</s>,23.7244
51,0,her,8.64749
51,1,friend,9.12529
51,2,found,13.4363
51,3,out,6.16715
51,4,what,5.67573
51,5,my,9.48275
51,6,friend,8.24374
51,7,believed,13.9177
51,8,the,3.87627
51,9,professor,14.3243
51,10,said,12.9282
51,11,the,4.51729
51,12,visitor,14.2135
51,13,told,13.7353
51,14,a,5.18358
51,15,story,3.36292
51,16,to,4.92081
51,17,the,4.92081
51,18,guests,13.8112
51,19,.,2.69536
51,20,</s>,23.7244
52,0,her,8.64749
52,1,friend,9.12529
52,2,found,13.4363
52,3,out,6.16715
52,4,that,2.20105
52,5,my,11.9773
52,6,friend,8.38062
52,7,believed,13.9177
52,8,the,3.87627
52,9,professor,14.3243
52,10,said,12.9282
52,11,his,6.83762
52,12,colleague,11.8476
52,13,noticed,15.6736
52,14,the,3.60056
52,15,visitor,13.8254
52,16,told,13.7353
52,17,to,6.51346
52,18,the,5.36379
52,19,guests,13.3948
52,20,.,2.69536
52,21,</s>,23.7244
53,0,her,8.64749
53,1,friend,9.12529
53,2,found,13.4363
53,3,out,6.16715
53,4,that,2.20105
53,5,my,11.9773
53,6,friend,8.38062
53,7,believed,13.9177
53,8,the,3.87627
53,9,professor,14.3243
53,10,said,12.9282
53,11,his,6.83762
53,12,colleague,11.8476
53,13,noticed,15.6736
53,14,the,3.60056
53,15,visitor,13.8254
53,16,told,13.7353
53,17,a,5.18358
53,18,story,3.36292
53,19,to,4.92081
53,20,the,4.92081
53,21,guests,13.8112
53,22,.,2.69536
53,23,</s>,23.7244
54,0,her,8.64749
54,1,friend,9.12529
54,2,found,13.4363
54,3,out,6.16715
54,4,what,5.67573
54,5,my,9.48275
54,6,friend,8.24374
54,7,believed,13.9177
54,8,the,3.87627
54,9,professor,14.3243
54,10,said,12.9282
54,11,his,6.83762
54,12,colleague,11.8476
54,13,noticed,15.6736
54,14,the,3.60056
54,15,visitor,13.8254
54,16,told,13.7353
54,17,to,6.51346
54,18,the,5.36379
54,19,guests,13.3948
54,20,.,2.69536
54,21,</s>,23.7244
55,0,her,8.64749
55,1,friend,9.12529
55,2,found,13.4363
55,3,out,6.16715
55,4,what,5.67573
55,5,my,9.48275
55,6,friend,8.24374
55,7,believed,13.9177
55,8,the,3.87627
55,9,professor,14.3243
55,10,said,12.9282
55,11,his,6.83762
55,12,colleague,11.8476
55,13,noticed,15.6736
55,14,the,3.60056
55,15,visitor,13.8254
55,16,told,13.7353
55,17,a,5.18358
55,18,story,3.36292
55,19,to,4.92081
55,20,the,4.92081
55,21,guests,13.8112
55,22,.,2.69536
55,23,</s>,23.7244
56,0,her,8.64749
56,1,friend,9.12529
56,2,found,13.4363
56,3,out,6.16715
56,4,that,2.20105
56,5,my,11.9773
56,6,friend,8.38062
56,7,believed,13.9177
56,8,the,3.87627
56,9,professor,14.3243
56,10,said,12.9282
56,11,his,6.83762
56,12,colleague,11.8476
56,13,noticed,15.6736
56,14,their,9.34976
56,15,students,10.8856
56,16,recalled,15.2907
56,17,the,4.00018
56,18,visitor,13.8465
56,19,told,13.7353
56,20,to,6.51346
56,21,the,5.36379
56,22,guests,13.3948
56,23,.,2.69536
56,24,</s>,23.7244
57,0,her,8.64749
57,1,friend,9.12529
57,2,found,13.4363
57,3,out,6.16715
57,4,that,2.20105
57,5,my,11.9773
57,6,friend,8.38062
57,7,believed,13.9177
57,8,the,3.87627
57,9,professor,14.3243
57,10,said,12.9282
57,11,his,6.83762
57,12,colleague,11.8476
57,13,noticed,15.6736
57,14,their,9.34976
57,15,students,10.8856
57,16,recalled,15.2907
57,17,the,4.00018
57,18,visitor,13.8465
57,19,told,13.7353
57,20,a,5.18358
57,21,story,3.36292
57,22,to,4.92081
57,23,the,4.92081
57,24,guests,13.8112
57,25,.,2.69536
57,26,</s>,23.7244
58,0,her,8.64749
58,1,friend,9.12529
58,2,found,13.4363
58,3,out,6.16715
58,4,what,5.67573
58,5,my,9.48275
58,6,friend,8.24374
58,7,believed,13.9177
58,8,the,3.87627
58,9,professor,14.3243
58,10,said,12.9282
58,11,his,6.83762
58,12,colleague,11.8476
58,13,noticed,15.6736
58,14,their,9.34976
58,15,students,10.8856
58,16,recalled,15.2907
58,17,the,4.00018
58,18,visitor,13.8465
58,19,told,13.7353
58,20,to,6.51346
58,21,the,5.36379
58,22,guests,13.3948
58,23,.,2.69536
58,24,</s>,23.7244
59,0,her,8.64749
59,1,friend,9.12529
59,2,found,13.4363
59,3,out,6.16715
59,4,what,5.67573
59,5,my,9.48275
59,6,friend,8.24374
59,7,believed,13.9177
59,8,the,3.87627
59,9,professor,14.3243
59,10,said,12.9282
59,11,his,6.83762
59,12,colleague,11.8476
59,13,noticed,15.6736
59,14,their,9.34976
59,15,students,10.8856
59,16,recalled,15.2907
59,17,the,4.00018
59,18,visitor,13.8465
59,19,told,13.7353
59,20,a,5.18358
59,21,story,3.36292
59,22,to,4.92081
59,23,the,4.92081
59,24,guests,13.8112
59,25,.,2.69536
59,26,</s>,23.7244
60,0,i,8.92268
60,1,realized,11.9108
60,2,that,1.69028
60,3,the,5.03629
60,4,suffering,14.4499
60,5,artist,12.6384
60,6,saw,12.9387
60,7,at,8.88308
60,8,the,2.995
60,9,museum,9.10856
60,10,.,3.03458
60,11,</s>,26.5317
61,0,i,8.92268
61,1,realized,11.9108
61,2,that,1.69028
61,3,the,5.03629
61,4,suffering,14.4499
61,5,artist,12.6384
61,6,saw,12.9387
61,7,a,3.89677
61,8,painting,12.8451
61,9,at,6.77126
61,10,the,1.39093
61,11,museum,9.24348
61,12,.,3.03458
61,13,</s>,26.5317
62,0,i,8.92268
62,1,realized,11.9108
62,2,what,5.66141
62,3,the,5.60738
62,4,suffering,14.2729
62,5,artist,12.6384
62,6,saw,12.9387
62,7,at,8.88308
62,8,the,2.995
62,9,museum,9.10856
62,10,.,3.03458
62,11,</s>,26.5317
63,0,i,8.92268
63,1,realized,11.9108
63,2,what,5.66141
63,3,the,5.60738
63,4,suffering,14.2729
63,5,artist,12.6384
63,6,saw,12.9387
63,7,a,3.89677
63,8,painting,12.8451
63,9,at,6.77126
63,10,the,1.39093
63,11,museum,9.24348
63,12,.,3.03458
63,13,</s>,26.5317
64,0,i,8.92268
64,1,realized,11.9108
64,2,that,1.69028
64,3,the,5.03629
64,4,painter,16.0492
64,5,believed,13.6633
64,6,the,3.87627
64,7,suffering,13.9333
64,8,artist,12.6384
64,9,saw,12.9387
64,10,at,8.88308
64,11,the,2.995
64,12,museum,9.10856
64,13,.,3.03458
64,14,</s>,26.5317
65,0,i,8.92268
65,1,realized,11.9108
65,2,that,1.69028
65,3,the,5.03629
65,4,painter,16.0492
65,5,believed,13.6633
65,6,the,3.87627
65,7,suffering,13.9333
65,8,artist,12.6384
65,9,saw,12.9387
65,10,a,3.89677
65,11,painting,12.8451
65,12,at,6.77126
65,13,the,1.39093
65,14,museum,9.24348
65,15,.,3.03458
65,16,</s>,26.5317
66,0,i,8.92268
66,1,realized,11.9108
66,2,what,5.66141
66,3,the,5.60738
66,4,painter,14.2331
66,5,believed,13.6633
66,6,the,3.87627
66,7,suffering,13.9333
66,8,artist,12.6384
66,9,saw,12.9387
66,10,at,8.88308
66,11,the,2.995
66,12,museum,9.10856
66,13,.,3.03458
66,14,</s>,26.5317
67,0,i,8.92268
67,1,realized,11.9108
67,2,what,5.66141
67,3,the,5.60738
67,4,painter,14.2331
67,5,believed,13.6633
67,6,the,3.87627
67,7,suffering,13.9333
67,8,artist,12.6384
67,9,saw,12.9387
67,10,a,3.89677
67,11,painting,12.8451
67,12,at,6.77126
67,13,the,1.39093
67,14,museum,9.24348
67,15,.,3.03458
67,16,</s>,26.5317
68,0,i,8.92268
68,1,realized,11.9108
68,2,that,1.69028
68,3,the,5.03629
68,4,painter,16.0492
68,5,believed,13.6633
68,6,his,6.52022
68,7,rival,11.1361
68,8,suspected,15.8711
68,9,the,5.15323
68,10,suffering,13.7723
68,11,artist,12.6384
68,12,saw,12.9387
68,13,at,8.88308
68,14,the,2.995
68,15,museum,9.10856
68,16,.,3.03458
68,17,</s>,26.5317
69,0,i,8.92268
69,1,realized,11.9108
69,2,that,1.69028
69,3,the,5.03629
69,4,painter,16.0492
69,5,believed,13.6633
69,6,his,6.52022
69,7,rival,11.1361
69,8,suspected,15.8711
69,9,the,5.15323
69,10,suffering,13.7723
69,11,artist,12.6384
69,12,saw,12.9387
69,13,a,3.89677
69,14,painting,12.8451
69,15,at,6.77126
69,16,the,1.39093
69,17,museum,9.24348
69,18,.,3.03458
69,19,</s>,26.5317
70,0,i,8.92268
70,1,realized,11.9108
70,2,what,5.66141
70,3,the,5.60738
70,4,painter,14.2331
70,5,believed,13.6633
70,6,his,6.52022
70,7,rival,11.1361
70,8,suspected,15.8711
70,9,the,5.15323
70,10,suffering,13.7723
70,11,artist,12.6384
70,12,saw,12.9387
70,13,at,8.88308
70,14,the,2.995
70,15,museum,9.10856
70,16,.,3.03458
70,17,</s>,26.5317
71,0,i,8.92268
71,1,realized,11.9108
71,2,what,5.66141
71,3,the,5.60738
71,4,painter,14.2331
71,5,believed,13.6633
71,6,his,6.52022
71,7,rival,11.1361
71,8,suspected,15.8711
71,9,the,5.15323
71,10,suffering,13.7723
71,11,artist,12.6384
71,12,saw,12.9387
71,13,a,3.89677
71,14,painting,12.8451
71,15,at,6.77126
71,16,the,1.39093
71,17,museum,9.24348
71,18,.,3.03458
71,19,</s>,26.5317
72,0,i,8.92268
72,1,realized,11.9108
72,2,that,1.69028
72,3,the,5.03629
72,4,painter,16.0492
72,5,believed,13.6633
72,6,his,6.52022
72,7,rival,11.1361
72,8,suspected,15.8711
72,9,the,5.15323
72,10,man,11.1775
72,11,said,9.6055
72,12,the,4.64906
72,13,suffering,14.2335
72,14,artist,12.6384
72,15,saw,12.9387
72,16,at,8.88308
72,17,the,2.995
72,18,museum,9.10856
72,19,.,3.03458
72,20,</s>,26.5317
73,0,i,8.92268
73,1,realized,11.9108
73,2,that,1.69028
73,3,the,5.03629
73,4,painter,16.0492
73,5,believed,13.6633
73,6,his,6.52022
73,7,rival,11.1361
73,8,suspected,15.8711
73,9,the,5.15323
73,10,man,11.1775
73,11,said,9.6055
73,12,the,4.64906
73,13,suffering,14.2335
73,14,artist,12.6384
73,15,saw,12.9387
73,16,a,3.89677
73,17,painting,12.8451
73,18,at,6.77126
73,19,the,1.39093
73,20,museum,9.24348
73,21,.,3.03458
73,22,</s>,26.5317
74,0,i,8.92268
74,1,realized,11.9108
74,2,what,5.66141
74,3,the,5.60738
74,4,painter,14.2331
74,5,believed,13.6633
74,6,his,6.52022
74,7,rival,11.1361
74,8,suspected,15.8711
74,9,the,5.15323
74,10,man,11.1775
74,11,said,9.6055
74,12,the,4.64906
74,13,suffering,14.2335
74,14,artist,12.6384
74,15,saw,12.9387
74,16,at,8.88308
74,17,the,2.995
74,18,museum,9.10856
74,19,.,3.03458
74,20,</s>,26.5317
75,0,i,8.92268
75,1,realized,11.9108
75,2,what,5.66141
75,3,the,5.60738
75,4,painter,14.2331
75,5,believed,13.6633
75,6,his,6.52022
75,7,rival,11.1361
75,8,suspected,15.8711
75,9,the,5.15323
75,10,man,11.1775
75,11,said,9.6055
75,12,the,4.64906
75,13,suffering,14.2335
75,14,artist,12.6384
75,15,saw,12.9387
75,16,a,3.89677
75,17,painting,12.8451
75,18,at,6.77126
75,19,the,1.39093
75,20,museum,9.24348
75,21,.,3.03458
75,22,</s>,26.5317
76,0,i,8.92268
76,1,realized,11.9108
76,2,that,1.69028
76,3,the,5.03629
76,4,painter,16.0492
76,5,believed,13.6633
76,6,his,6.52022
76,7,rival,11.1361
76,8,suspected,15.8711
76,9,the,5.15323
76,10,man,11.1775
76,11,said,9.6055
76,12,his,6.96939
76,13,friend,9.31131
76,14,recalls,16.0841
76,15,the,2.65467
76,16,suffering,13.8187
76,17,artist,12.6384
76,18,saw,12.9387
76,19,at,8.88308
76,20,the,2.995
76,21,museum,9.10856
76,22,.,3.03458
76,23,</s>,26.5317
77,0,i,8.92268
77,1,realized,11.9108
77,2,that,1.69028
77,3,the,5.03629
77,4,painter,16.0492
77,5,believed,13.6633
77,6,his,6.52022
77,7,rival,11.1361
77,8,suspected,15.8711
77,9,the,5.15323
77,10,man,11.1775
77,11,said,9.6055
77,12,his,6.96939
77,13,friend,9.31131
77,14,recalls,16.0841
77,15,the,2.65467
77,16,suffering,13.8187
77,17,artist,12.6384
77,18,saw,12.9387
77,19,a,3.89677
77,20,painting,12.8451
77,21,at,6.77126
77,22,the,1.39093
77,23,museum,9.24348
77,24,.,3.03458
77,25,</s>,26.5317
78,0,i,8.92268
78,1,realized,11.9108
78,2,what,5.66141
78,3,the,5.60738
78,4,painter,14.2331
78,5,believed,13.6633
78,6,his,6.52022
78,7,rival,11.1361
78,8,suspected,15.8711
78,9,the,5.15323
78,10,man,11.1775
78,11,said,9.6055
78,12,his,6.96939
78,13,friend,9.31131
78,14,recalls,16.0841
78,15,the,2.65467
78,16,suffering,13.8187
78,17,artist,12.6384
78,18,saw,12.9387
78,19,at,8.88308
78,20,the,2.995
78,21,museum,9.10856
78,22,.,3.03458
78,23,</s>,26.5317
79,0,i,8.92268
79,1,realized,11.9108
79,2,what,5.66141
79,3,the,5.60738
79,4,painter,14.2331
79,5,believed,13.6633
79,6,his,6.52022
79,7,rival,11.1361
79,8,suspected,15.8711
79,9,the,5.15323
79,10,man,11.1775
79,11,said,9.6055
79,12,his,6.96939
79,13,friend,9.31131
79,14,recalls,16.0841
79,15,the,2.65467
79,16,suffering,13.8187
79,17,artist,12.6384
79,18,saw,12.9387
79,19,a,3.89677
79,20,painting,12.8451
79,21,at,6.77126
79,22,the,1.39093
79,23,museum,9.24348
79,24,.,3.03458
79,25,</s>,26.5317
80,0,the,2.46696
80,1,novel,9.51698
80,2,revealed,16.1614
80,3,that,2.12798
80,4,the,3.14083
80,5,young,10.2436
80,6,politician,15.5085
80,7,said,10.1484
80,8,to,5.18187
80,9,his,5.77409
80,10,donors,17.5298
80,11,.,2.92651
80,12,</s>,27.1213
81,0,the,2.46696
81,1,novel,9.51698
81,2,revealed,16.1614
81,3,that,2.12798
81,4,the,3.14083
81,5,young,10.2436
81,6,politician,15.5085
81,7,said,10.1484
81,8,something,9.37096
81,9,to,3.6838
81,10,his,7.6609
81,11,donors,17.4472
81,12,.,2.92651
81,13,</s>,27.1213
82,0,the,2.46696
82,1,novel,9.51698
82,2,revealed,16.1614
82,3,what,7.6699
82,4,the,4.97452
82,5,young,11.5354
82,6,politician,15.0239
82,7,said,10.1484
82,8,to,5.18187
82,9,his,5.77409
82,10,donors,17.5298
82,11,.,2.92651
82,12,</s>,27.1213
83,0,the,2.46696
83,1,novel,9.51698
83,2,revealed,16.1614
83,3,what,7.6699
83,4,the,4.97452
83,5,young,11.5354
83,6,politician,15.0239
83,7,said,10.1484
83,8,something,9.37096
83,9,to,3.6838
83,10,his,7.6609
83,11,donors,17.4472
83,12,.,2.92651
83,13,</s>,27.1213
84,0,the,2.46696
84,1,novel,9.51698
84,2,revealed,16.1614
84,3,that,2.12798
84,4,our,11.3146
84,5,friend,10.3295
84,6,thought,13.2345
84,7,the,4.36895
84,8,young,11.349
84,9,politician,15.0239
84,10,said,10.1484
84,11,to,5.18187
84,12,his,5.77409
84,13,donors,17.5298
84,14,.,2.92651
84,15,</s>,27.1213
85,0,the,2.46696
85,1,novel,9.51698
85,2,revealed,16.1614
85,3,that,2.12798
85,4,our,11.3146
85,5,friend,10.3295
85,6,thought,13.2345
85,7,the,4.36895
85,8,young,11.349
85,9,politician,15.0239
85,10,said,10.1484
85,11,something,9.37096
85,12,to,3.6838
85,13,his,7.6609
85,14,donors,17.4472
85,15,.,2.92651
85,16,</s>,27.1213
86,0,the,2.46696
86,1,novel,9.51698
86,2,revealed,16.1614
86,3,what,7.6699
86,4,our,9.835
86,5,friend,10.2881
86,6,thought,13.2345
86,7,the,4.36895
86,8,young,11.349
86,9,politician,15.0239
86,10,said,10.1484
86,11,to,5.18187
86,12,his,5.77409
86,13,donors,17.5298
86,14,.,2.92651
86,15,</s>,27.1213
87,0,the,2.46696
87,1,novel,9.51698
87,2,revealed,16.1614
87,3,what,7.6699
87,4,our,9.835
87,5,friend,10.2881
87,6,thought,13.2345
87,7,the,4.36895
87,8,young,11.349
87,9,politician,15.0239
87,10,said,10.1484
87,11,something,9.37096
87,12,to,3.6838
87,13,his,7.6609
87,14,donors,17.4472
87,15,.,2.92651
87,16,</s>,27.1213
88,0,the,2.46696
88,1,novel,9.51698
88,2,revealed,16.1614
88,3,that,2.12798
88,4,our,11.3146
88,5,friend,10.3295
88,6,thought,13.2345
88,7,the,4.36895
88,8,reporter,14.7372
88,9,knows,11.8847
88,10,the,3.98972
88,11,young,11.1792
88,12,politician,15.0239
88,13,said,10.1484
88,14,to,5.18187
88,15,his,5.77409
88,16,donors,17.5298
88,17,.,2.92651
88,18,</s>,27.1213
89,0,the,2.46696
89,1,novel,9.51698
89,2,revealed,16.1614
89,3,that,2.12798
89,4,our,11.3146
89,5,friend,10.3295
89,6,thought,13.2345
89,7,the,4.36895
89,8,reporter,14.7372
89,9,knows,11.8847
89,10,the,3.98972
89,11,young,11.1792
89,12,politician,15.0239
89,13,said,10.1484
89,14,something,9.37096
89,15,to,3.6838
89,16,his,7.6609
89,17,donors,17.4472
89,18,.,2.92651
89,19,</s>,27.1213
90,0,the,2.46696
90,1,novel,9.51698
90,2,revealed,16.1614
90,3,what,7.6699
90,4,our,9.835
90,5,friend,10.2881
90,6,thought,13.2345
90,7,the,4.36895
90,8,reporter,14.7372
90,9,knows,11.8847
90,10,the,3.98972
90,11,young,11.1792
90,12,politician,15.0239
90,13,said,10.1484
90,14,to,5.18187
90,15,his,5.77409
90,16,donors,17.5298
90,17,.,2.92651
90,18,</s>,27.1213
91,0,the,2.46696
91,1,novel,9.51698
91,2,revealed,16.1614
91,3,what,7.6699
91,4,our,9.835
91,5,friend,10.2881
91,6,thought,13.2345
91,7,the,4.36895
91,8,reporter,14.7372
91,9,knows,11.8847
91,10,the,3.98972
91,11,young,11.1792
91,12,politician,15.0239
91,13,said,10.1484
91,14,something,9.37096
91,15,to,3.6838
91,16,his,7.6609
91,17,donors,17.4472
91,18,.,2.92651
91,19,</s>,27.1213
92,0,the,2.46696
92,1,novel,9.51698
92,2,revealed,16.1614
92,3,that,2.12798
92,4,our,11.3146
92,5,friend,10.3295
92,6,thought,13.2345
92,7,the,4.36895
92,8,reporter,14.7372
92,9,knows,11.8847
92,10,her,8.2918
92,11,contact,13.1566
92,12,said,13.5112
92,13,the,4.51729
92,14,young,11.496
92,15,politician,15.0239
92,16,said,10.1484
92,17,to,5.18187
92,18,his,5.77409
92,19,donors,17.5298
92,20,.,2.92651
92,21,</s>,27.1213
93,0,the,2.46696
93,1,novel,9.51698
93,2,revealed,16.1614
93,3,that,2.12798
93,4,our,11.3146
93,5,friend,10.3295
93,6,thought,13.2345
93,7,the,4.36895
93,8,reporter,14.7372
93,9,knows,11.8847
93,10,her,8.2918
93,11,contact,13.1566
93,12,said,13.5112
93,13,the,4.51729
93,14,young,11.496
93,15,politician,15.0239
93,16,said,10.1484
93,17,something,9.37096
93,18,to,3.6838
93,19,his,7.6609
93,20,donors,17.4472
93,21,.,2.92651
93,22,</s>,27.1213
94,0,the,2.46696
94,1,novel,9.51698
94,2,revealed,16.1614
94,3,what,7.6699
94,4,our,9.835
94,5,friend,10.2881
94,6,thought,13.2345
94,7,the,4.36895
94,8,reporter,14.7372
94,9,knows,11.8847
94,10,her,8.2918
94,11,contact,13.1566
94,12,said,13.5112
94,13,the,4.51729
94,14,young,11.496
94,15,politician,15.0239
94,16,said,10.1484
94,17,to,5.18187
94,18,his,5.77409
94,19,donors,17.5298
94,20,.,2.92651
94,21,</s>,27.1213
95,0,the,2.46696
95,1,novel,9.51698
95,2,revealed,16.1614
95,3,what,7.6699
95,4,our,9.835
95,5,friend,10.2881
95,6,thought,13.2345
95,7,the,4.36895
95,8,reporter,14.7372
95,9,knows,11.8847
95,10,her,8.2918
95,11,contact,13.1566
95,12,said,13.5112
95,13,the,4.51729
95,14,young,11.496
95,15,politician,15.0239
95,16,said,10.1484
95,17,something,9.37096
95,18,to,3.6838
95,19,his,7.6609
95,20,donors,17.4472
95,21,.,2.92651
95,22,</s>,27.1213
96,0,the,2.46696
96,1,novel,9.51698
96,2,revealed,16.1614
96,3,that,2.12798
96,4,our,11.3146
96,5,friend,10.3295
96,6,thought,13.2345
96,7,the,4.36895
96,8,reporter,14.7372
96,9,knows,11.8847
96,10,her,8.2918
96,11,contact,13.1566
96,12,said,13.5112
96,13,his,6.83762
96,14,friend,9.31131
96,15,saw,13.3384
96,16,the,2.9593
96,17,young,11.7593
96,18,politician,15.0239
96,19,said,10.1484
96,20,to,5.18187
96,21,his,5.77409
96,22,donors,17.5298
96,23,.,2.92651
96,24,</s>,27.1213
97,0,the,2.46696
97,1,novel,9.51698
97,2,revealed,16.1614
97,3,that,2.12798
97,4,our,11.3146
97,5,friend,10.3295
97,6,thought,13.2345
97,7,the,4.36895
97,8,reporter,14.7372
97,9,knows,11.8847
97,10,her,8.2918
97,11,contact,13.1566
97,12,said,13.5112
97,13,his,6.83762
97,14,friend,9.31131
97,15,saw,13.3384
97,16,the,2.9593
97,17,young,11.7593
97,18,politician,15.0239
97,19,said,10.1484
97,20,something,9.37096
97,21,to,3.6838
97,22,his,7.6609
97,23,donors,17.4472
97,24,.,2.92651
97,25,</s>,27.1213
98,0,the,2.46696
98,1,novel,9.51698
98,2,revealed,16.1614
98,3,what,7.6699
98,4,our,9.835
98,5,friend,10.2881
98,6,thought,13.2345
98,7,the,4.36895
98,8,reporter,14.7372
98,9,knows,11.8847
98,10,her,8.2918
98,11,contact,13.1566
98,12,said,13.5112
98,13,his,6.83762
98,14,friend,9.31131
98,15,saw,13.3384
98,16,the,2.9593
98,17,young,11.7593
98,18,politician,15.0239
98,19,said,10.1484
98,20,to,5.18187
98,21,his,5.77409
98,22,donors,17.5298
98,23,.,2.92651
98,24,</s>,27.1213
99,0,the,2.46696
99,1,novel,9.51698
99,2,revealed,16.1614
99,3,what,7.6699
99,4,our,9.835
99,5,friend,10.2881
99,6,thought,13.2345
99,7,the,4.36895
99,8,reporter,14.7372
99,9,knows,11.8847
99,10,her,8.2918
99,11,contact,13.1566
99,12,said,13.5112
99,13,his,6.83762
99,14,friend,9.31131
99,15,saw,13.3384
99,16,the,2.9593
99,17,young,11.7593
99,18,politician,15.0239
99,19,said,10.1484
99,20,something,9.37096
99,21,to,3.6838
99,22,his,7.6609
99,23,donors,17.4472
99,24,.,2.92651
99,25,</s>,27.1213
100,0,we,10.0475
100,1,all,6.75965
100,2,know,4.10726
100,3,that,2.3121
100,4,the,4.10609
100,5,young,10.1308
100,6,professional,11.2756
100,7,assembled,15.5713
100,8,for,5.22617
100,9,his,5.28944
100,10,parents,9.76187
100,11,.,3.2068
100,12,</s>,23.3093
101,0,we,10.0475
101,1,all,6.75965
101,2,know,4.10726
101,3,that,2.3121
101,4,the,4.10609
101,5,young,10.1308
101,6,professional,11.2756
101,7,assembled,15.5713
101,8,the,5.16635
101,9,bed,14.0865
101,10,for,6.50094
101,11,his,6.89817
101,12,parents,9.76187
101,13,.,3.2068
101,14,</s>,23.3093
102,0,we,10.0475
102,1,all,6.75965
102,2,know,4.10726
102,3,what,4.50577
102,4,the,4.27848
102,5,young,11.5362
102,6,professional,10.791
102,7,assembled,15.5713
102,8,for,5.22617
102,9,his,5.28944
102,10,parents,9.76187
102,11,.,3.2068
102,12,</s>,23.3093
103,0,we,10.0475
103,1,all,6.75965
103,2,know,4.10726
103,3,what,4.50577
103,4,the,4.27848
103,5,young,11.5362
103,6,professional,10.791
103,7,assembled,15.5713
103,8,the,5.16635
103,9,bed,14.0865
103,10,for,6.50094
103,11,his,6.89817
103,12,parents,9.76187
103,13,.,3.2068
103,14,</s>,23.3093
104,0,we,10.0475
104,1,all,6.75965
104,2,know,4.10726
104,3,that,2.3121
104,4,my,8.87087
104,5,neighbor,12.3667
104,6,said,12.349
104,7,the,4.51729
104,8,young,11.496
104,9,professional,10.791
104,10,assembled,15.5713
104,11,for,5.22617
104,12,his,5.28944
104,13,parents,9.76187
104,14,.,3.2068
104,15,</s>,23.3093
105,0,we,10.0475
105,1,all,6.75965
105,2,know,4.10726
105,3,that,2.3121
105,4,my,8.87087
105,5,neighbor,12.3667
105,6,said,12.349
105,7,the,4.51729
105,8,young,11.496
105,9,professional,10.791
105,10,assembled,15.5713
105,11,the,5.16635
105,12,bed,14.0865
105,13,for,6.50094
105,14,his,6.89817
105,15,parents,9.76187
105,16,.,3.2068
105,17,</s>,23.3093
106,0,we,10.0475
106,1,all,6.75965
106,2,know,4.10726
106,3,what,4.50577
106,4,my,8.35173
106,5,neighbor,12.2298
106,6,said,12.349
106,7,the,4.51729
106,8,young,11.496
106,9,professional,10.791
106,10,assembled,15.5713
106,11,for,5.22617
106,12,his,5.28944
106,13,parents,9.76187
106,14,.,3.2068
106,15,</s>,23.3093
107,0,we,10.0475
107,1,all,6.75965
107,2,know,4.10726
107,3,what,4.50577
107,4,my,8.35173
107,5,neighbor,12.2298
107,6,said,12.349
107,7,the,4.51729
107,8,young,11.496
107,9,professional,10.791
107,10,assembled,15.5713
107,11,the,5.16635
107,12,bed,14.0865
107,13,for,6.50094
107,14,his,6.89817
107,15,parents,9.76187
107,16,.,3.2068
107,17,</s>,23.3093
108,0,we,10.0475
108,1,all,6.75965
108,2,know,4.10726
108,3,that,2.3121
108,4,my,8.87087
108,5,neighbor,12.3667
108,6,said,12.349
108,7,her,8.56149
108,8,associate,14.0624
108,9,knew,15.0219
108,10,the,4.27224
108,11,young,11.1359
108,12,professional,10.791
108,13,assembled,15.5713
108,14,for,5.22617
108,15,his,5.28944
108,16,parents,9.76187
108,17,.,3.2068
108,18,</s>,23.3093
109,0,we,10.0475
109,1,all,6.75965
109,2,know,4.10726
109,3,that,2.3121
109,4,my,8.87087
109,5,neighbor,12.3667
109,6,said,12.349
109,7,her,8.56149
109,8,associate,14.0624
109,9,knew,15.0219
109,10,the,4.27224
109,11,young,11.1359
109,12,professional,10.791
109,13,assembled,15.5713
109,14,the,5.16635
109,15,bed,14.0865
109,16,for,6.50094
109,17,his,6.89817
109,18,parents,9.76187
109,19,.,3.2068
109,20,</s>,23.3093
110,0,we,10.0475
110,1,all,6.75965
110,2,know,4.10726
110,3,what,4.50577
110,4,my,8.35173
110,5,neighbor,12.2298
110,6,said,12.349
110,7,her,8.56149
110,8,associate,14.0624
110,9,knew,15.0219
110,10,the,4.27224
110,11,young,11.1359
110,12,professional,10.791
110,13,assembled,15.5713
110,14,for,5.22617
110,15,his,5.28944
110,16,parents,9.76187
110,17,.,3.2068
110,18,</s>,23.3093
111,0,we,10.0475
111,1,all,6.75965
111,2,know,4.10726
111,3,what,4.50577
111,4,my,8.35173
111,5,neighbor,12.2298
111,6,said,12.349
111,7,her,8.56149
111,8,associate,14.0624
111,9,knew,15.0219
111,10,the,4.27224
111,11,young,11.1359
111,12,professional,10.791
111,13,assembled,15.5713
111,14,the,5.16635
111,15,bed,14.0865
111,16,for,6.50094
111,17,his,6.89817
111,18,parents,9.76187
111,19,.,3.2068
111,20,</s>,23.3093
112,0,we,10.0475
112,1,all,6.75965
112,2,know,4.10726
112,3,that,2.3121
112,4,my,8.87087
112,5,neighbor,12.3667
112,6,said,12.349
112,7,her,8.56149
112,8,associate,14.0624
112,9,knew,15.0219
112,10,a,6.76036
112,11,friend,11.5689
112,12,thinks,14.4189
112,13,the,4.82114
112,14,young,10.991
112,15,professional,10.791
112,16,assembled,15.5713
112,17,for,5.22617
112,18,his,5.28944
112,19,parents,9.76187
112,20,.,3.2068
112,21,</s>,23.3093
113,0,we,10.0475
113,1,all,6.75965
113,2,know,4.10726
113,3,that,2.3121
113,4,my,8.87087
113,5,neighbor,12.3667
113,6,said,12.349
113,7,her,8.56149
113,8,associate,14.0624
113,9,knew,15.0219
113,10,a,6.76036
113,11,friend,11.5689
113,12,thinks,14.4189
113,13,the,4.82114
113,14,young,10.991
113,15,professional,10.791
113,16,assembled,15.5713
113,17,the,5.16635
113,18,bed,14.0865
113,19,for,6.50094
113,20,his,6.89817
113,21,parents,9.76187
113,22,.,3.2068
113,23,</s>,23.3093
114,0,we,10.0475
114,1,all,6.75965
114,2,know,4.10726
114,3,what,4.50577
114,4,my,8.35173
114,5,neighbor,12.2298
114,6,said,12.349
114,7,her,8.56149
114,8,associate,14.0624
114,9,knew,15.0219
114,10,a,6.76036
114,11,friend,11.5689
114,12,thinks,14.4189
114,13,the,4.82114
114,14,young,10.991
114,15,professional,10.791
114,16,assembled,15.5713
114,17,for,5.22617
114,18,his,5.28944
114,19,parents,9.76187
114,20,.,3.2068
114,21,</s>,23.3093
115,0,we,10.0475
115,1,all,6.75965
115,2,know,4.10726
115,3,what,4.50577
115,4,my,8.35173
115,5,neighbor,12.2298
115,6,said,12.349
115,7,her,8.56149
115,8,associate,14.0624
115,9,knew,15.0219
115,10,a,6.76036
115,11,friend,11.5689
115,12,thinks,14.4189
115,13,the,4.82114
115,14,young,10.991
115,15,professional,10.791
115,16,assembled,15.5713
115,17,the,5.16635
115,18,bed,14.0865
115,19,for,6.50094
115,20,his,6.89817
115,21,parents,9.76187
115,22,.,3.2068
115,23,</s>,23.3093
116,0,we,10.0475
116,1,all,6.75965
116,2,know,4.10726
116,3,that,2.3121
116,4,my,8.87087
116,5,neighbor,12.3667
116,6,said,12.349
116,7,her,8.56149
116,8,associate,14.0624
116,9,knew,15.0219
116,10,a,6.76036
116,11,friend,11.5689
116,12,thinks,14.4189
116,13,her,7.57232
116,14,sister,8.45043
116,15,believes,15.1438
116,16,the,3.8767
116,17,young,11.0962
116,18,professional,10.791
116,19,assembled,15.5713
116,20,for,5.22617
116,21,his,5.28944
116,22,parents,9.76187
116,23,.,3.2068
116,24,</s>,23.3093
117,0,we,10.0475
117,1,all,6.75965
117,2,know,4.10726
117,3,that,2.3121
117,4,my,8.87087
117,5,neighbor,12.3667
117,6,said,12.349
117,7,her,8.56149
117,8,associate,14.0624
117,9,knew,15.0219
117,10,a,6.76036
117,11,friend,11.5689
117,12,thinks,14.4189
117,13,her,7.57232
117,14,sister,8.45043
117,15,believes,15.1438
117,16,the,3.8767
117,17,young,11.0962
117,18,professional,10.791
117,19,assembled,15.5713
117,20,the,5.16635
117,21,bed,14.0865
117,22,for,6.50094
117,23,his,6.89817
117,24,parents,9.76187
117,25,.,3.2068
117,26,</s>,23.3093
118,0,we,10.0475
118,1,all,6.75965
118,2,know,4.10726
118,3,what,4.50577
118,4,my,8.35173
118,5,neighbor,12.2298
118,6,said,12.349
118,7,her,8.56149
118,8,associate,14.0624
118,9,knew,15.0219
118,10,a,6.76036
118,11,friend,11.5689
118,12,thinks,14.4189
118,13,her,7.57232
118,14,sister,8.45043
118,15,believes,15.1438
118,16,the,3.8767
118,17,young,11.0962
118,18,professional,10.791
118,19,assembled,15.5713
118,20,for,5.22617
118,21,his,5.28944
118,22,parents,9.76187
118,23,.,3.2068
118,24,</s>,23.3093
119,0,we,10.0475
119,1,all,6.75965
119,2,know,4.10726
119,3,what,4.50577
119,4,my,8.35173
119,5,neighbor,12.2298
119,6,said,12.349
119,7,her,8.56149
119,8,associate,14.0624
119,9,knew,15.0219
119,10,a,6.76036
119,11,friend,11.5689
119,12,thinks,14.4189
119,13,her,7.57232
119,14,sister,8.45043
119,15,believes,15.1438
119,16,the,3.8767
119,17,young,11.0962
119,18,professional,10.791
119,19,assembled,15.5713
119,20,the,5.16635
119,21,bed,14.0865
119,22,for,6.50094
119,23,his,6.89817
119,24,parents,9.76187
119,25,.,3.2068
119,26,</s>,23.3093
120,0,i,8.92268
120,1,know,6.35939
120,2,that,3.01867
120,3,the,4.26664
120,4,elderly,14.0143
120,5,lady,10.0087
120,6,found,12.1621
120,7,on,5.24556
120,8,the,2.39609
120,9,bus,11.1852
120,10,.,2.61591
120,11,</s>,25.1838
121,0,i,8.92268
121,1,know,6.35939
121,2,that,3.01867
121,3,the,4.26664
121,4,elderly,14.0143
121,5,lady,10.0087
121,6,found,12.1621
121,7,a,5.14109
121,8,quarter,12.0624
121,9,on,8.69748
121,10,the,3.00933
121,11,bus,10.973
121,12,.,2.61591
121,13,</s>,25.1838
122,0,i,8.92268
122,1,know,6.35939
122,2,what,4.42758
122,3,the,4.74202
122,4,elderly,14.1763
122,5,lady,9.7918
122,6,found,12.1621
122,7,on,5.24556
122,8,the,2.39609
122,9,bus,11.1852
122,10,.,2.61591
122,11,</s>,25.1838
123,0,i,8.92268
123,1,know,6.35939
123,2,what,4.42758
123,3,the,4.74202
123,4,elderly,14.1763
123,5,lady,9.7918
123,6,found,12.1621
123,7,a,5.14109
123,8,quarter,12.0624
123,9,on,8.69748
123,10,the,3.00933
123,11,bus,10.973
123,12,.,2.61591
123,13,</s>,25.1838
124,0,i,8.92268
124,1,know,6.35939
124,2,that,3.01867
124,3,their,6.33525
124,4,friend,9.48838
124,5,said,9.58269
124,6,the,4.71401
124,7,elderly,14.1361
124,8,lady,9.7918
124,9,found,12.1621
124,10,on,5.24556
124,11,the,2.39609
124,12,bus,11.1852
124,13,.,2.61591
124,14,</s>,25.1838
125,0,i,8.92268
125,1,know,6.35939
125,2,that,3.01867
125,3,their,6.33525
125,4,friend,9.48838
125,5,said,9.58269
125,6,the,4.71401
125,7,elderly,14.1361
125,8,lady,9.7918
125,9,found,12.1621
125,10,a,5.14109
125,11,quarter,12.0624
125,12,on,8.69748
125,13,the,3.00933
125,14,bus,10.973
125,15,.,2.61591
125,16,</s>,25.1838
126,0,i,8.92268
126,1,know,6.35939
126,2,what,4.42758
126,3,their,8.75958
126,4,friend,10.9782
126,5,said,9.58269
126,6,the,4.71401
126,7,elderly,14.1361
126,8,lady,9.7918
126,9,found,12.1621
126,10,on,5.24556
126,11,the,2.39609
126,12,bus,11.1852
126,13,.,2.61591
126,14,</s>,25.1838
127,0,i,8.92268
127,1,know,6.35939
127,2,what,4.42758
127,3,their,8.75958
127,4,friend,10.9782
127,5,said,9.58269
127,6,the,4.71401
127,7,elderly,14.1361
127,8,lady,9.7918
127,9,found,12.1621
127,10,a,5.14109
127,11,quarter,12.0624
127,12,on,8.69748
127,13,the,3.00933
127,14,bus,10.973
127,15,.,2.61591
127,16,</s>,25.1838
128,0,i,8.92268
128,1,know,6.35939
128,2,that,3.01867
128,3,their,6.33525
128,4,friend,9.48838
128,5,said,9.58269
128,6,the,4.71401
128,7,secretary,13.1325
128,8,believed,13.7661
128,9,the,3.87627
128,10,elderly,13.836
128,11,lady,9.7918
128,12,found,12.1621
128,13,on,5.24556
128,14,the,2.39609
128,15,bus,11.1852
128,16,.,2.61591
128,17,</s>,25.1838
129,0,i,8.92268
129,1,know,6.35939
129,2,that,3.01867
129,3,their,6.33525
129,4,friend,9.48838
129,5,said,9.58269
129,6,the,4.71401
129,7,secretary,13.1325
129,8,believed,13.7661
129,9,the,3.87627
129,10,elderly,13.836
129,11,lady,9.7918
129,12,found,12.1621
129,13,a,5.14109
129,14,quarter,12.0624
129,15,on,8.69748
129,16,the,3.00933
129,17,bus,10.973
129,18,.,2.61591
129,19,</s>,25.1838
130,0,i,8.92268
130,1,know,6.35939
130,2,what,4.42758
130,3,their,8.75958
130,4,friend,10.9782
130,5,said,9.58269
130,6,the,4.71401
130,7,secretary,13.1325
130,8,believed,13.7661
130,9,the,3.87627
130,10,elderly,13.836
130,11,lady,9.7918
130,12,found,12.1621
130,13,on,5.24556
130,14,the,2.39609
130,15,bus,11.1852
130,16,.,2.61591
130,17,</s>,25.1838
131,0,i,8.92268
131,1,know,6.35939
131,2,what,4.42758
131,3,their,8.75958
131,4,friend,10.9782
131,5,said,9.58269
131,6,the,4.71401
131,7,secretary,13.1325
131,8,believed,13.7661
131,9,the,3.87627
131,10,elderly,13.836
131,11,lady,9.7918
131,12,found,12.1621
131,13,a,5.14109
131,14,quarter,12.0624
131,15,on,8.69748
131,16,the,3.00933
131,17,bus,10.973
131,18,.,2.61591
131,19,</s>,25.1838
132,0,i,8.92268
132,1,know,6.35939
132,2,that,3.01867
132,3,their,6.33525
132,4,friend,9.48838
132,5,said,9.58269
132,6,the,4.71401
132,7,secretary,13.1325
132,8,believed,13.7661
132,9,the,3.87627
132,10,worker,14.2724
132,11,thinks,16.4313
132,12,the,4.82114
132,13,elderly,13.6311
132,14,lady,9.7918
132,15,found,12.1621
132,16,on,5.24556
132,17,the,2.39609
132,18,bus,11.1852
132,19,.,2.61591
132,20,</s>,25.1838
133,0,i,8.92268
133,1,know,6.35939
133,2,that,3.01867
133,3,their,6.33525
133,4,friend,9.48838
133,5,said,9.58269
133,6,the,4.71401
133,7,secretary,13.1325
133,8,believed,13.7661
133,9,the,3.87627
133,10,worker,14.2724
133,11,thinks,16.4313
133,12,the,4.82114
133,13,elderly,13.6311
133,14,lady,9.7918
133,15,found,12.1621
133,16,a,5.14109
133,17,quarter,12.0624
133,18,on,8.69748
133,19,the,3.00933
133,20,bus,10.973
133,21,.,2.61591
133,22,</s>,25.1838
134,0,i,8.92268
134,1,know,6.35939
134,2,what,4.42758
134,3,their,8.75958
134,4,friend,10.9782
134,5,said,9.58269
134,6,the,4.71401
134,7,secretary,13.1325
134,8,believed,13.7661
134,9,the,3.87627
134,10,worker,14.2724
134,11,thinks,16.4313
134,12,the,4.82114
134,13,elderly,13.6311
134,14,lady,9.7918
134,15,found,12.1621
134,16,on,5.24556
134,17,the,2.39609
134,18,bus,11.1852
134,19,.,2.61591
134,20,</s>,25.1838
135,0,i,8.92268
135,1,know,6.35939
135,2,what,4.42758
135,3,their,8.75958
135,4,friend,10.9782
135,5,said,9.58269
135,6,the,4.71401
135,7,secretary,13.1325
135,8,believed,13.7661
135,9,the,3.87627
135,10,worker,14.2724
135,11,thinks,16.4313
135,12,the,4.82114
135,13,elderly,13.6311
135,14,lady,9.7918
135,15,found,12.1621
135,16,a,5.14109
135,17,quarter,12.0624
135,18,on,8.69748
135,19,the,3.00933
135,20,bus,10.973
135,21,.,2.61591
135,22,</s>,25.1838
136,0,i,8.92268
136,1,know,6.35939
136,2,that,3.01867
136,3,their,6.33525
136,4,friend,9.48838
136,5,said,9.58269
136,6,the,4.71401
136,7,secretary,13.1325
136,8,believed,13.7661
136,9,the,3.87627
136,10,worker,14.2724
136,11,thinks,16.4313
136,12,his,5.69448
136,13,boss,11.0985
136,14,reported,13.988
136,15,the,4.76018
136,16,elderly,14.0886
136,17,lady,9.7918
136,18,found,12.1621
136,19,on,5.24556
136,20,the,2.39609
136,21,bus,11.1852
136,22,.,2.61591
136,23,</s>,25.1838
137,0,i,8.92268
137,1,know,6.35939
137,2,that,3.01867
137,3,their,6.33525
137,4,friend,9.48838
137,5,said,9.58269
137,6,the,4.71401
137,7,secretary,13.1325
137,8,believed,13.7661
137,9,the,3.87627
137,10,worker,14.2724
137,11,thinks,16.4313
137,12,his,5.69448
137,13,boss,11.0985
137,14,reported,13.988
137,15,the,4.76018
137,16,elderly,14.0886
137,17,lady,9.7918
137,18,found,12.1621
137,19,a,5.14109
137,20,quarter,12.0624
137,21,on,8.69748
137,22,the,3.00933
137,23,bus,10.973
137,24,.,2.61591
137,25,</s>,25.1838
138,0,i,8.92268
138,1,know,6.35939
138,2,what,4.42758
138,3,their,8.75958
138,4,friend,10.9782
138,5,said,9.58269
138,6,the,4.71401
138,7,secretary,13.1325
138,8,believed,13.7661
138,9,the,3.87627
138,10,worker,14.2724
138,11,thinks,16.4313
138,12,his,5.69448
138,13,boss,11.0985
138,14,reported,13.988
138,15,the,4.76018
138,16,elderly,14.0886
138,17,lady,9.7918
138,18,found,12.1621
138,19,on,5.24556
138,20,the,2.39609
138,21,bus,11.1852
138,22,.,2.61591
138,23,</s>,25.1838
139,0,i,8.92268
139,1,know,6.35939
139,2,what,4.42758
139,3,their,8.75958
139,4,friend,10.9782
139,5,said,9.58269
139,6,the,4.71401
139,7,secretary,13.1325
139,8,believed,13.7661
139,9,the,3.87627
139,10,worker,14.2724
139,11,thinks,16.4313
139,12,his,5.69448
139,13,boss,11.0985
139,14,reported,13.988
139,15,the,4.76018
139,16,elderly,14.0886
139,17,lady,9.7918
139,18,found,12.1621
139,19,a,5.14109
139,20,quarter,12.0624
139,21,on,8.69748
139,22,the,3.00933
139,23,bus,10.973
139,24,.,2.61591
139,25,</s>,25.1838
140,0,my,12.9847
140,1,friends,7.16492
140,2,all,10.4968
140,3,know,12.833
140,4,that,4.52391
140,5,the,4.10609
140,6,single,11.4406
140,7,mother,9.77813
140,8,described,14.0441
140,9,to,8.10104
140,10,her,9.1091
140,11,friends,8.66672
140,12,.,4.1432
140,13,</s>,22.7871
141,0,my,12.9847
141,1,friends,7.16492
141,2,all,10.4968
141,3,know,12.833
141,4,that,4.52391
141,5,the,4.10609
141,6,single,11.4406
141,7,mother,9.77813
141,8,described,14.0441
141,9,her,5.82008
141,10,woes,15.7475
141,11,to,5.21395
141,12,her,8.64133
141,13,friends,8.66672
141,14,.,4.1432
141,15,</s>,22.7871
142,0,my,12.9847
142,1,friends,7.16492
142,2,all,10.4968
142,3,know,12.833
142,4,what,4.8039
142,5,the,4.27848
142,6,single,12.0978
142,7,mother,9.58611
142,8,described,14.0441
142,9,to,8.10104
142,10,her,9.1091
142,11,friends,8.66672
142,12,.,4.1432
142,13,</s>,22.7871
143,0,my,12.9847
143,1,friends,7.16492
143,2,all,10.4968
143,3,know,12.833
143,4,what,4.8039
143,5,the,4.27848
143,6,single,12.0978
143,7,mother,9.58611
143,8,described,14.0441
143,9,her,5.82008
143,10,woes,15.7475
143,11,to,5.21395
143,12,her,8.64133
143,13,friends,8.66672
143,14,.,4.1432
143,15,</s>,22.7871
144,0,my,12.9847
144,1,friends,7.16492
144,2,all,10.4968
144,3,know,12.833
144,4,that,4.52391
144,5,her,7.27156
144,6,friend,8.6901
144,7,knew,13.4537
144,8,the,4.27224
144,9,single,11.6975
144,10,mother,9.58611
144,11,described,14.0441
144,12,to,8.10104
144,13,her,9.1091
144,14,friends,8.66672
144,15,.,4.1432
144,16,</s>,22.7871
145,0,my,12.9847
145,1,friends,7.16492
145,2,all,10.4968
145,3,know,12.833
145,4,that,4.52391
145,5,her,7.27156
145,6,friend,8.6901
145,7,knew,13.4537
145,8,the,4.27224
145,9,single,11.6975
145,10,mother,9.58611
145,11,described,14.0441
145,12,her,5.82008
145,13,woes,15.7475
145,14,to,5.21395
145,15,her,8.64133
145,16,friends,8.66672
145,17,.,4.1432
145,18,</s>,22.7871
146,0,my,12.9847
146,1,friends,7.16492
146,2,all,10.4968
146,3,know,12.833
146,4,what,4.8039
146,5,her,9.10456
146,6,friend,9.47148
146,7,knew,13.4537
146,8,the,4.27224
146,9,single,11.6975
146,10,mother,9.58611
146,11,described,14.0441
146,12,to,8.10104
146,13,her,9.1091
146,14,friends,8.66672
146,15,.,4.1432
146,16,</s>,22.7871
147,0,my,12.9847
147,1,friends,7.16492
147,2,all,10.4968
147,3,know,12.833
147,4,what,4.8039
147,5,her,9.10456
147,6,friend,9.47148
147,7,knew,13.4537
147,8,the,4.27224
147,9,single,11.6975
147,10,mother,9.58611
147,11,described,14.0441
147,12,her,5.82008
147,13,woes,15.7475
147,14,to,5.21395
147,15,her,8.64133
147,16,friends,8.66672
147,17,.,4.1432
147,18,</s>,22.7871
148,0,my,12.9847
148,1,friends,7.16492
148,2,all,10.4968
148,3,know,12.833
148,4,that,4.52391
148,5,her,7.27156
148,6,friend,8.6901
148,7,knew,13.4537
148,8,the,4.27224
148,9,delivery,13.4565
148,10,man,6.52989
148,11,believed,13.413
148,12,the,3.87627
148,13,single,11.7574
148,14,mother,9.58611
148,15,described,14.0441
148,16,to,8.10104
148,17,her,9.1091
148,18,friends,8.66672
148,19,.,4.1432
148,20,</s>,22.7871
149,0,my,12.9847
149,1,friends,7.16492
149,2,all,10.4968
149,3,know,12.833
149,4,that,4.52391
149,5,her,7.27156
149,6,friend,8.6901
149,7,knew,13.4537
149,8,the,4.27224
149,9,delivery,13.4565
149,10,man,6.52989
149,11,believed,13.413
149,12,the,3.87627
149,13,single,11.7574
149,14,mother,9.58611
149,15,described,14.0441
149,16,her,5.82008
149,17,woes,15.7475
149,18,to,5.21395
149,19,her,8.64133
149,20,friends,8.66672
149,21,.,4.1432
149,22,</s>,22.7871
150,0,my,12.9847
150,1,friends,7.16492
150,2,all,10.4968
150,3,know,12.833
150,4,what,4.8039
150,5,her,9.10456
150,6,friend,9.47148
150,7,knew,13.4537
150,8,the,4.27224
150,9,delivery,13.4565
150,10,man,6.52989
150,11,believed,13.413
150,12,the,3.87627
150,13,single,11.7574
150,14,mother,9.58611
150,15,described,14.0441
150,16,to,8.10104
150,17,her,9.1091
150,18,friends,8.66672
150,19,.,4.1432
150,20,</s>,22.7871
151,0,my,12.9847
151,1,friends,7.16492
151,2,all,10.4968
151,3,know,12.833
151,4,what,4.8039
151,5,her,9.10456
151,6,friend,9.47148
151,7,knew,13.4537
151,8,the,4.27224
151,9,delivery,13.4565
151,10,man,6.52989
151,11,believed,13.413
151,12,the,3.87627
151,13,single,11.7574
151,14,mother,9.58611
151,15,described,14.0441
151,16,her,5.82008
151,17,woes,15.7475
151,18,to,5.21395
151,19,her,8.64133
151,20,friends,8.66672
151,21,.,4.1432
151,22,</s>,22.7871
152,0,my,12.9847
152,1,friends,7.16492
152,2,all,10.4968
152,3,know,12.833
152,4,that,4.52391
152,5,her,7.27156
152,6,friend,8.6901
152,7,knew,13.4537
152,8,the,4.27224
152,9,delivery,13.4565
152,10,man,6.52989
152,11,believed,13.413
152,12,the,3.87627
152,13,cop,16.9884
152,14,said,12.0061
152,15,the,4.51729
152,16,single,12.0576
152,17,mother,9.58611
152,18,described,14.0441
152,19,to,8.10104
152,20,her,9.1091
152,21,friends,8.66672
152,22,.,4.1432
152,23,</s>,22.7871
153,0,my,12.9847
153,1,friends,7.16492
153,2,all,10.4968
153,3,know,12.833
153,4,that,4.52391
153,5,her,7.27156
153,6,friend,8.6901
153,7,knew,13.4537
153,8,the,4.27224
153,9,delivery,13.4565
153,10,man,6.52989
153,11,believed,13.413
153,12,the,3.87627
153,13,cop,16.9884
153,14,said,12.0061
153,15,the,4.51729
153,16,single,12.0576
153,17,mother,9.58611
153,18,described,14.0441
153,19,her,5.82008
153,20,woes,15.7475
153,21,to,5.21395
153,22,her,8.64133
153,23,friends,8.66672
153,24,.,4.1432
153,25,</s>,22.7871
154,0,my,12.9847
154,1,friends,7.16492
154,2,all,10.4968
154,3,know,12.833
154,4,what,4.8039
154,5,her,9.10456
154,6,friend,9.47148
154,7,knew,13.4537
154,8,the,4.27224
154,9,delivery,13.4565
154,10,man,6.52989
154,11,believed,13.413
154,12,the,3.87627
154,13,cop,16.9884
154,14,said,12.0061
154,15,the,4.51729
154,16,single,12.0576
154,17,mother,9.58611
154,18,described,14.0441
154,19,to,8.10104
154,20,her,9.1091
154,21,friends,8.66672
154,22,.,4.1432
154,23,</s>,22.7871
155,0,my,12.9847
155,1,friends,7.16492
155,2,all,10.4968
155,3,know,12.833
155,4,what,4.8039
155,5,her,9.10456
155,6,friend,9.47148
155,7,knew,13.4537
155,8,the,4.27224
155,9,delivery,13.4565
155,10,man,6.52989
155,11,believed,13.413
155,12,the,3.87627
155,13,cop,16.9884
155,14,said,12.0061
155,15,the,4.51729
155,16,single,12.0576
155,17,mother,9.58611
155,18,described,14.0441
155,19,her,5.82008
155,20,woes,15.7475
155,21,to,5.21395
155,22,her,8.64133
155,23,friends,8.66672
155,24,.,4.1432
155,25,</s>,22.7871
156,0,my,12.9847
156,1,friends,7.16492
156,2,all,10.4968
156,3,know,12.833
156,4,that,4.52391
156,5,her,7.27156
156,6,friend,8.6901
156,7,knew,13.4537
156,8,the,4.27224
156,9,delivery,13.4565
156,10,man,6.52989
156,11,believed,13.413
156,12,the,3.87627
156,13,cop,16.9884
156,14,said,12.0061
156,15,his,6.83762
156,16,partner,10.8766
156,17,recalled,14.8309
156,18,the,4.00018
156,19,single,11.6905
156,20,mother,9.58611
156,21,described,14.0441
156,22,to,8.10104
156,23,her,9.1091
156,24,friends,8.66672
156,25,.,4.1432
156,26,</s>,22.7871
157,0,my,12.9847
157,1,friends,7.16492
157,2,all,10.4968
157,3,know,12.833
157,4,that,4.52391
157,5,her,7.27156
157,6,friend,8.6901
157,7,knew,13.4537
157,8,the,4.27224
157,9,delivery,13.4565
157,10,man,6.52989
157,11,believed,13.413
157,12,the,3.87627
157,13,cop,16.9884
157,14,said,12.0061
157,15,his,6.83762
157,16,partner,10.8766
157,17,recalled,14.8309
157,18,the,4.00018
157,19,single,11.6905
157,20,mother,9.58611
157,21,described,14.0441
157,22,her,5.82008
157,23,woes,15.7475
157,24,to,5.21395
157,25,her,8.64133
157,26,friends,8.66672
157,27,.,4.1432
157,28,</s>,22.7871
158,0,my,12.9847
158,1,friends,7.16492
158,2,all,10.4968
158,3,know,12.833
158,4,what,4.8039
158,5,her,9.10456
158,6,friend,9.47148
158,7,knew,13.4537
158,8,the,4.27224
158,9,delivery,13.4565
158,10,man,6.52989
158,11,believed,13.413
158,12,the,3.87627
158,13,cop,16.9884
158,14,said,12.0061
158,15,his,6.83762
158,16,partner,10.8766
158,17,recalled,14.8309
158,18,the,4.00018
158,19,single,11.6905
158,20,mother,9.58611
158,21,described,14.0441
158,22,to,8.10104
158,23,her,9.1091
158,24,friends,8.66672
158,25,.,4.1432
158,26,</s>,22.7871
159,0,my,12.9847
159,1,friends,7.16492
159,2,all,10.4968
159,3,know,12.833
159,4,what,4.8039
159,5,her,9.10456
159,6,friend,9.47148
159,7,knew,13.4537
159,8,the,4.27224
159,9,delivery,13.4565
159,10,man,6.52989
159,11,believed,13.413
159,12,the,3.87627
159,13,cop,16.9884
159,14,said,12.0061
159,15,his,6.83762
159,16,partner,10.8766
159,17,recalled,14.8309
159,18,the,4.00018
159,19,single,11.6905
159,20,mother,9.58611
159,21,described,14.0441
159,22,her,5.82008
159,23,woes,15.7475
159,24,to,5.21395
159,25,her,8.64133
159,26,friends,8.66672
159,27,.,4.1432
159,28,</s>,22.7871
160,0,the,2.46696
160,1,visitor,14.2863
160,2,said,10.2848
160,3,that,2.58441
160,4,the,3.19499
160,5,human,10.0223
160,6,resources,7.79463
160,7,officer,13.551
160,8,talked,16.9469
160,9,with,3.76328
160,10,in,11.3597
160,11,her,8.82001
160,12,office,8.74356
160,13,.,3.00035
160,14,</s>,23.3093
161,0,the,2.46696
161,1,visitor,14.2863
161,2,said,10.2848
161,3,that,2.58441
161,4,the,3.19499
161,5,human,10.0223
161,6,resources,7.79463
161,7,officer,13.551
161,8,talked,16.9469
161,9,with,3.76328
161,10,the,2.93207
161,11,new,7.3812
161,12,manager,10.3991
161,13,in,6.61668
161,14,her,8.98252
161,15,office,8.74356
161,16,.,3.00035
161,17,</s>,23.3093
162,0,the,2.46696
162,1,visitor,14.2863
162,2,said,10.2848
162,3,who,14.9837
162,4,the,8.96323
162,5,human,11.6145
162,6,resources,7.50633
162,7,officer,13.551
162,8,talked,16.9469
162,9,with,3.76328
162,10,in,11.3597
162,11,her,8.82001
162,12,office,8.74356
162,13,.,3.00035
162,14,</s>,23.3093
163,0,the,2.46696
163,1,visitor,14.2863
163,2,said,10.2848
163,3,who,14.9837
163,4,the,8.96323
163,5,human,11.6145
163,6,resources,7.50633
163,7,officer,13.551
163,8,talked,16.9469
163,9,with,3.76328
163,10,the,2.93207
163,11,new,7.3812
163,12,manager,10.3991
163,13,in,6.61668
163,14,her,8.98252
163,15,office,8.74356
163,16,.,3.00035
163,17,</s>,23.3093
164,0,the,2.46696
164,1,visitor,14.2863
164,2,said,10.2848
164,3,that,2.58441
164,4,my,12.2147
164,5,friend,8.38062
164,6,said,9.75025
164,7,the,4.71401
164,8,human,11.7972
164,9,resources,7.50633
164,10,officer,13.551
164,11,talked,16.9469
164,12,with,3.76328
164,13,in,11.3597
164,14,her,8.82001
164,15,office,8.74356
164,16,.,3.00035
164,17,</s>,23.3093
165,0,the,2.46696
165,1,visitor,14.2863
165,2,said,10.2848
165,3,that,2.58441
165,4,my,12.2147
165,5,friend,8.38062
165,6,said,9.75025
165,7,the,4.71401
165,8,human,11.7972
165,9,resources,7.50633
165,10,officer,13.551
165,11,talked,16.9469
165,12,with,3.76328
165,13,the,2.93207
165,14,new,7.3812
165,15,manager,10.3991
165,16,in,6.61668
165,17,her,8.98252
165,18,office,8.74356
165,19,.,3.00035
165,20,</s>,23.3093
166,0,the,2.46696
166,1,visitor,14.2863
166,2,said,10.2848
166,3,who,14.9837
166,4,my,14.756
166,5,friend,8.20306
166,6,said,9.75025
166,7,the,4.71401
166,8,human,11.7972
166,9,resources,7.50633
166,10,officer,13.551
166,11,talked,16.9469
166,12,with,3.76328
166,13,in,11.3597
166,14,her,8.82001
166,15,office,8.74356
166,16,.,3.00035
166,17,</s>,23.3093
167,0,the,2.46696
167,1,visitor,14.2863
167,2,said,10.2848
167,3,who,14.9837
167,4,my,14.756
167,5,friend,8.20306
167,6,said,9.75025
167,7,the,4.71401
167,8,human,11.7972
167,9,resources,7.50633
167,10,officer,13.551
167,11,talked,16.9469
167,12,with,3.76328
167,13,the,2.93207
167,14,new,7.3812
167,15,manager,10.3991
167,16,in,6.61668
167,17,her,8.98252
167,18,office,8.74356
167,19,.,3.00035
167,20,</s>,23.3093
168,0,the,2.46696
168,1,visitor,14.2863
168,2,said,10.2848
168,3,that,2.58441
168,4,my,12.2147
168,5,friend,8.38062
168,6,said,9.75025
168,7,her,8.75821
168,8,mother,5.9299
168,9,knew,11.723
168,10,the,4.27224
168,11,human,11.4372
168,12,resources,7.50633
168,13,officer,13.551
168,14,talked,16.9469
168,15,with,3.76328
168,16,in,11.3597
168,17,her,8.82001
168,18,office,8.74356
168,19,.,3.00035
168,20,</s>,23.3093
169,0,the,2.46696
169,1,visitor,14.2863
169,2,said,10.2848
169,3,that,2.58441
169,4,my,12.2147
169,5,friend,8.38062
169,6,said,9.75025
169,7,her,8.75821
169,8,mother,5.9299
169,9,knew,11.723
169,10,the,4.27224
169,11,human,11.4372
169,12,resources,7.50633
169,13,officer,13.551
169,14,talked,16.9469
169,15,with,3.76328
169,16,the,2.93207
169,17,new,7.3812
169,18,manager,10.3991
169,19,in,6.61668
169,20,her,8.98252
169,21,office,8.74356
169,22,.,3.00035
169,23,</s>,23.3093
170,0,the,2.46696
170,1,visitor,14.2863
170,2,said,10.2848
170,3,who,14.9837
170,4,my,14.756
170,5,friend,8.20306
170,6,said,9.75025
170,7,her,8.75821
170,8,mother,5.9299
170,9,knew,11.723
170,10,the,4.27224
170,11,human,11.4372
170,12,resources,7.50633
170,13,officer,13.551
170,14,talked,16.9469
170,15,with,3.76328
170,16,in,11.3597
170,17,her,8.82001
170,18,office,8.74356
170,19,.,3.00035
170,20,</s>,23.3093
171,0,the,2.46696
171,1,visitor,14.2863
171,2,said,10.2848
171,3,who,14.9837
171,4,my,14.756
171,5,friend,8.20306
171,6,said,9.75025
171,7,her,8.75821
171,8,mother,5.9299
171,9,knew,11.723
171,10,the,4.27224
171,11,human,11.4372
171,12,resources,7.50633
171,13,officer,13.551
171,14,talked,16.9469
171,15,with,3.76328
171,16,the,2.93207
171,17,new,7.3812
171,18,manager,10.3991
171,19,in,6.61668
171,20,her,8.98252
171,21,office,8.74356
171,22,.,3.00035
171,23,</s>,23.3093
172,0,the,2.46696
172,1,visitor,14.2863
172,2,said,10.2848
172,3,that,2.58441
172,4,my,12.2147
172,5,friend,8.38062
172,6,said,9.75025
172,7,her,8.75821
172,8,mother,5.9299
172,9,knew,11.723
172,10,the,4.27224
172,11,clerk,14.4929
172,12,stated,13.6078
172,13,the,5.24247
172,14,human,11.6984
172,15,resources,7.50633
172,16,officer,13.551
172,17,talked,16.9469
172,18,with,3.76328
172,19,in,11.3597
172,20,her,8.82001
172,21,office,8.74356
172,22,.,3.00035
172,23,</s>,23.3093
173,0,the,2.46696
173,1,visitor,14.2863
173,2,said,10.2848
173,3,that,2.58441
173,4,my,12.2147
173,5,friend,8.38062
173,6,said,9.75025
173,7,her,8.75821
173,8,mother,5.9299
173,9,knew,11.723
173,10,the,4.27224
173,11,clerk,14.4929
173,12,stated,13.6078
173,13,the,5.24247
173,14,human,11.6984
173,15,resources,7.50633
173,16,officer,13.551
173,17,talked,16.9469
173,18,with,3.76328
173,19,the,2.93207
173,20,new,7.3812
173,21,manager,10.3991
173,22,in,6.61668
173,23,her,8.98252
173,24,office,8.74356
173,25,.,3.00035
173,26,</s>,23.3093
174,0,the,2.46696
174,1,visitor,14.2863
174,2,said,10.2848
174,3,who,14.9837
174,4,my,14.756
174,5,friend,8.20306
174,6,said,9.75025
174,7,her,8.75821
174,8,mother,5.9299
174,9,knew,11.723
174,10,the,4.27224
174,11,clerk,14.4929
174,12,stated,13.6078
174,13,the,5.24247
174,14,human,11.6984
174,15,resources,7.50633
174,16,officer,13.551
174,17,talked,16.9469
174,18,with,3.76328
174,19,in,11.3597
174,20,her,8.82001
174,21,office,8.74356
174,22,.,3.00035
174,23,</s>,23.3093
175,0,the,2.46696
175,1,visitor,14.2863
175,2,said,10.2848
175,3,who,14.9837
175,4,my,14.756
175,5,friend,8.20306
175,6,said,9.75025
175,7,her,8.75821
175,8,mother,5.9299
175,9,knew,11.723
175,10,the,4.27224
175,11,clerk,14.4929
175,12,stated,13.6078
175,13,the,5.24247
175,14,human,11.6984
175,15,resources,7.50633
175,16,officer,13.551
175,17,talked,16.9469
175,18,with,3.76328
175,19,the,2.93207
175,20,new,7.3812
175,21,manager,10.3991
175,22,in,6.61668
175,23,her,8.98252
175,24,office,8.74356
175,25,.,3.00035
175,26,</s>,23.3093
176,0,the,2.46696
176,1,visitor,14.2863
176,2,said,10.2848
176,3,that,2.58441
176,4,my,12.2147
176,5,friend,8.38062
176,6,said,9.75025
176,7,her,8.75821
176,8,mother,5.9299
176,9,knew,11.723
176,10,the,4.27224
176,11,clerk,14.4929
176,12,stated,13.6078
176,13,his,6.00384
176,14,friend,9.80426
176,15,saw,13.3384
176,16,the,2.9593
176,17,human,12.0606
176,18,resources,7.50633
176,19,officer,13.551
176,20,talked,16.9469
176,21,with,3.76328
176,22,in,11.3597
176,23,her,8.82001
176,24,office,8.74356
176,25,.,3.00035
176,26,</s>,23.3093
177,0,the,2.46696
177,1,visitor,14.2863
177,2,said,10.2848
177,3,that,2.58441
177,4,my,12.2147
177,5,friend,8.38062
177,6,said,9.75025
177,7,her,8.75821
177,8,mother,5.9299
177,9,knew,11.723
177,10,the,4.27224
177,11,clerk,14.4929
177,12,stated,13.6078
177,13,his,6.00384
177,14,friend,9.80426
177,15,saw,13.3384
177,16,the,2.9593
177,17,human,12.0606
177,18,resources,7.50633
177,19,officer,13.551
177,20,talked,16.9469
177,21,with,3.76328
177,22,the,2.93207
177,23,new,7.3812
177,24,manager,10.3991
177,25,in,6.61668
177,26,her,8.98252
177,27,office,8.74356
177,28,.,3.00035
177,29,</s>,23.3093
178,0,the,2.46696
178,1,visitor,14.2863
178,2,said,10.2848
178,3,who,14.9837
178,4,my,14.756
178,5,friend,8.20306
178,6,said,9.75025
178,7,her,8.75821
178,8,mother,5.9299
178,9,knew,11.723
178,10,the,4.27224
178,11,clerk,14.4929
178,12,stated,13.6078
178,13,his,6.00384
178,14,friend,9.80426
178,15,saw,13.3384
178,16,the,2.9593
178,17,human,12.0606
178,18,resources,7.50633
178,19,officer,13.551
178,20,talked,16.9469
178,21,with,3.76328
178,22,in,11.3597
178,23,her,8.82001
178,24,office,8.74356
178,25,.,3.00035
178,26,</s>,23.3093
179,0,the,2.46696
179,1,visitor,14.2863
179,2,said,10.2848
179,3,who,14.9837
179,4,my,14.756
179,5,friend,8.20306
179,6,said,9.75025
179,7,her,8.75821
179,8,mother,5.9299
179,9,knew,11.723
179,10,the,4.27224
179,11,clerk,14.4929
179,12,stated,13.6078
179,13,his,6.00384
179,14,friend,9.80426
179,15,saw,13.3384
179,16,the,2.9593
179,17,human,12.0606
179,18,resources,7.50633
179,19,officer,13.551
179,20,talked,16.9469
179,21,with,3.76328
179,22,the,2.93207
179,23,new,7.3812
179,24,manager,10.3991
179,25,in,6.61668
179,26,her,8.98252
179,27,office,8.74356
179,28,.,3.00035
179,29,</s>,23.3093
180,0,i,8.92268
180,1,know,6.35939
180,2,that,3.01867
180,3,the,4.26664
180,4,five,11.5806
180,5,star,8.54514
180,6,general,14.0886
180,7,found,13.7431
180,8,in,3.3181
180,9,the,3.14059
180,10,office,10.891
180,11,.,3.50999
180,12,</s>,25.8118
181,0,i,8.92268
181,1,know,6.35939
181,2,that,3.01867
181,3,the,4.26664
181,4,five,11.5806
181,5,star,8.54514
181,6,general,14.0886
181,7,found,13.7431
181,8,a,5.14109
181,9,gun,11.8439
181,10,in,4.19528
181,11,the,2.46244
181,12,office,10.7961
181,13,.,3.50999
181,14,</s>,25.8118
182,0,i,8.92268
182,1,know,6.35939
182,2,what,4.42758
182,3,the,4.74202
182,4,five,12.4666
182,5,star,8.48823
182,6,general,14.0886
182,7,found,13.7431
182,8,in,3.3181
182,9,the,3.14059
182,10,office,10.891
182,11,.,3.50999
182,12,</s>,25.8118
183,0,i,8.92268
183,1,know,6.35939
183,2,what,4.42758
183,3,the,4.74202
183,4,five,12.4666
183,5,star,8.48823
183,6,general,14.0886
183,7,found,13.7431
183,8,a,5.14109
183,9,gun,11.8439
183,10,in,4.19528
183,11,the,2.46244
183,12,office,10.7961
183,13,.,3.50999
183,14,</s>,25.8118
184,0,i,8.92268
184,1,know,6.35939
184,2,that,3.01867
184,3,the,4.26664
184,4,woman,10.6041
184,5,believed,13.9101
184,6,the,3.87627
184,7,five,12.1262
184,8,star,8.48823
184,9,general,14.0886
184,10,found,13.7431
184,11,in,3.3181
184,12,the,3.14059
184,13,office,10.891
184,14,.,3.50999
184,15,</s>,25.8118
185,0,i,8.92268
185,1,know,6.35939
185,2,that,3.01867
185,3,the,4.26664
185,4,woman,10.6041
185,5,believed,13.9101
185,6,the,3.87627
185,7,five,12.1262
185,8,star,8.48823
185,9,general,14.0886
185,10,found,13.7431
185,11,a,5.14109
185,12,gun,11.8439
185,13,in,4.19528
185,14,the,2.46244
185,15,office,10.7961
185,16,.,3.50999
185,17,</s>,25.8118
186,0,i,8.92268
186,1,know,6.35939
186,2,what,4.42758
186,3,the,4.74202
186,4,woman,12.5991
186,5,believed,13.7489
186,6,the,3.87627
186,7,five,12.1262
186,8,star,8.48823
186,9,general,14.0886
186,10,found,13.7431
186,11,in,3.3181
186,12,the,3.14059
186,13,office,10.891
186,14,.,3.50999
186,15,</s>,25.8118
187,0,i,8.92268
187,1,know,6.35939
187,2,what,4.42758
187,3,the,4.74202
187,4,woman,12.5991
187,5,believed,13.7489
187,6,the,3.87627
187,7,five,12.1262
187,8,star,8.48823
187,9,general,14.0886
187,10,found,13.7431
187,11,a,5.14109
187,12,gun,11.8439
187,13,in,4.19528
187,14,the,2.46244
187,15,office,10.7961
187,16,.,3.50999
187,17,</s>,25.8118
188,0,i,8.92268
188,1,know,6.35939
188,2,that,3.01867
188,3,the,4.26664
188,4,woman,10.6041
188,5,believed,13.9101
188,6,the,3.87627
188,7,secretary,12.8324
188,8,said,11.3299
188,9,the,4.51729
188,10,five,12.4264
188,11,star,8.48823
188,12,general,14.0886
188,13,found,13.7431
188,14,in,3.3181
188,15,the,3.14059
188,16,office,10.891
188,17,.,3.50999
188,18,</s>,25.8118
189,0,i,8.92268
189,1,know,6.35939
189,2,that,3.01867
189,3,the,4.26664
189,4,woman,10.6041
189,5,believed,13.9101
189,6,the,3.87627
189,7,secretary,12.8324
189,8,said,11.3299
189,9,the,4.51729
189,10,five,12.4264
189,11,star,8.48823
189,12,general,14.0886
189,13,found,13.7431
189,14,a,5.14109
189,15,gun,11.8439
189,16,in,4.19528
189,17,the,2.46244
189,18,office,10.7961
189,19,.,3.50999
189,20,</s>,25.8118
190,0,i,8.92268
190,1,know,6.35939
190,2,what,4.42758
190,3,the,4.74202
190,4,woman,12.5991
190,5,believed,13.7489
190,6,the,3.87627
190,7,secretary,12.8324
190,8,said,11.3299
190,9,the,4.51729
190,10,five,12.4264
190,11,star,8.48823
190,12,general,14.0886
190,13,found,13.7431
190,14,in,3.3181
190,15,the,3.14059
190,16,office,10.891
190,17,.,3.50999
190,18,</s>,25.8118
191,0,i,8.92268
191,1,know,6.35939
191,2,what,4.42758
191,3,the,4.74202
191,4,woman,12.5991
191,5,believed,13.7489
191,6,the,3.87627
191,7,secretary,12.8324
191,8,said,11.3299
191,9,the,4.51729
191,10,five,12.4264
191,11,star,8.48823
191,12,general,14.0886
191,13,found,13.7431
191,14,a,5.14109
191,15,gun,11.8439
191,16,in,4.19528
191,17,the,2.46244
191,18,office,10.7961
191,19,.,3.50999
191,20,</s>,25.8118
192,0,i,8.92268
192,1,know,6.35939
192,2,that,3.01867
192,3,the,4.26664
192,4,woman,10.6041
192,5,believed,13.9101
192,6,the,3.87627
192,7,secretary,12.8324
192,8,said,11.3299
192,9,her,8.56149
192,10,friend,9.53134
192,11,recalled,11.7981
192,12,the,4.00018
192,13,five,12.0594
192,14,star,8.48823
192,15,general,14.0886
192,16,found,13.7431
192,17,in,3.3181
192,18,the,3.14059
192,19,office,10.891
192,20,.,3.50999
192,21,</s>,25.8118
193,0,i,8.92268
193,1,know,6.35939
193,2,that,3.01867
193,3,the,4.26664
193,4,woman,10.6041
193,5,believed,13.9101
193,6,the,3.87627
193,7,secretary,12.8324
193,8,said,11.3299
193,9,her,8.56149
193,10,friend,9.53134
193,11,recalled,11.7981
193,12,the,4.00018
193,13,five,12.0594
193,14,star,8.48823
193,15,general,14.0886
193,16,found,13.7431
193,17,a,5.14109
193,18,gun,11.8439
193,19,in,4.19528
193,20,the,2.46244
193,21,office,10.7961
193,22,.,3.50999
193,23,</s>,25.8118
194,0,i,8.92268
194,1,know,6.35939
194,2,what,4.42758
194,3,the,4.74202
194,4,woman,12.5991
194,5,believed,13.7489
194,6,the,3.87627
194,7,secretary,12.8324
194,8,said,11.3299
194,9,her,8.56149
194,10,friend,9.53134
194,11,recalled,11.7981
194,12,the,4.00018
194,13,five,12.0594
194,14,star,8.48823
194,15,general,14.0886
194,16,found,13.7431
194,17,in,3.3181
194,18,the,3.14059
194,19,office,10.891
194,20,.,3.50999
194,21,</s>,25.8118
195,0,i,8.92268
195,1,know,6.35939
195,2,what,4.42758
195,3,the,4.74202
195,4,woman,12.5991
195,5,believed,13.7489
195,6,the,3.87627
195,7,secretary,12.8324
195,8,said,11.3299
195,9,her,8.56149
195,10,friend,9.53134
195,11,recalled,11.7981
195,12,the,4.00018
195,13,five,12.0594
195,14,star,8.48823
195,15,general,14.0886
195,16,found,13.7431
195,17,a,5.14109
195,18,gun,11.8439
195,19,in,4.19528
195,20,the,2.46244
195,21,office,10.7961
195,22,.,3.50999
195,23,</s>,25.8118
196,0,i,8.92268
196,1,know,6.35939
196,2,that,3.01867
196,3,the,4.26664
196,4,woman,10.6041
196,5,believed,13.9101
196,6,the,3.87627
196,7,secretary,12.8324
196,8,said,11.3299
196,9,her,8.56149
196,10,friend,9.53134
196,11,recalled,11.7981
196,12,a,6.40074
196,13,colleague,13.3414
196,14,thinks,16.4003
196,15,the,4.82114
196,16,five,11.9214
196,17,star,8.48823
196,18,general,14.0886
196,19,found,13.7431
196,20,in,3.3181
196,21,the,3.14059
196,22,office,10.891
196,23,.,3.50999
196,24,</s>,25.8118
197,0,i,8.92268
197,1,know,6.35939
197,2,that,3.01867
197,3,the,4.26664
197,4,woman,10.6041
197,5,believed,13.9101
197,6,the,3.87627
197,7,secretary,12.8324
197,8,said,11.3299
197,9,her,8.56149
197,10,friend,9.53134
197,11,recalled,11.7981
197,12,a,6.40074
197,13,colleague,13.3414
197,14,thinks,16.4003
197,15,the,4.82114
197,16,five,11.9214
197,17,star,8.48823
197,18,general,14.0886
197,19,found,13.7431
197,20,a,5.14109
197,21,gun,11.8439
197,22,in,4.19528
197,23,the,2.46244
197,24,office,10.7961
197,25,.,3.50999
197,26,</s>,25.8118
198,0,i,8.92268
198,1,know,6.35939
198,2,what,4.42758
198,3,the,4.74202
198,4,woman,12.5991
198,5,believed,13.7489
198,6,the,3.87627
198,7,secretary,12.8324
198,8,said,11.3299
198,9,her,8.56149
198,10,friend,9.53134
198,11,recalled,11.7981
198,12,a,6.40074
198,13,colleague,13.3414
198,14,thinks,16.4003
198,15,the,4.82114
198,16,five,11.9214
198,17,star,8.48823
198,18,general,14.0886
198,19,found,13.7431
198,20,in,3.3181
198,21,the,3.14059
198,22,office,10.891
198,23,.,3.50999
198,24,</s>,25.8118
199,0,i,8.92268
199,1,know,6.35939
199,2,what,4.42758
199,3,the,4.74202
199,4,woman,12.5991
199,5,believed,13.7489
199,6,the,3.87627
199,7,secretary,12.8324
199,8,said,11.3299
199,9,her,8.56149
199,10,friend,9.53134
199,11,recalled,11.7981
199,12,a,6.40074
199,13,colleague,13.3414
199,14,thinks,16.4003
199,15,the,4.82114
199,16,five,11.9214
199,17,star,8.48823
199,18,general,14.0886
199,19,found,13.7431
199,20,a,5.14109
199,21,gun,11.8439
199,22,in,4.19528
199,23,the,2.46244
199,24,office,10.7961
199,25,.,3.50999
199,26,</s>,25.8118
200,0,the,2.46696
200,1,colleagues,23.0567
200,2,realized,11.3871
200,3,that,2.03353
200,4,the,2.87173
200,5,journalist,13.9857
200,6,discovered,14.1771
200,7,two,7.66918
200,8,weeks,7.39638
200,9,ago,9.58569
200,10,.,3.37895
200,11,</s>,23.2368
201,0,the,2.46696
201,1,colleagues,23.0567
201,2,realized,11.3871
201,3,that,2.03353
201,4,the,2.87173
201,5,journalist,13.9857
201,6,discovered,14.1771
201,7,the,3.80588
201,8,bribery,17.4399
201,9,two,12.4382
201,10,weeks,7.39638
201,11,ago,9.58569
201,12,.,3.37895
201,13,</s>,23.2368
202,0,the,2.46696
202,1,colleagues,23.0567
202,2,realized,11.3871
202,3,what,5.79925
202,4,the,5.60738
202,5,journalist,14.9556
202,6,discovered,14.1771
202,7,two,7.66918
202,8,weeks,7.39638
202,9,ago,9.58569
202,10,.,3.37895
202,11,</s>,23.2368
203,0,the,2.46696
203,1,colleagues,23.0567
203,2,realized,11.3871
203,3,what,5.79925
203,4,the,5.60738
203,5,journalist,14.9556
203,6,discovered,14.1771
203,7,the,3.80588
203,8,bribery,17.4399
203,9,two,12.4382
203,10,weeks,7.39638
203,11,ago,9.58569
203,12,.,3.37895
203,13,</s>,23.2368
204,0,the,2.46696
204,1,colleagues,23.0567
204,2,realized,11.3871
204,3,that,2.03353
204,4,her,6.28411
204,5,mother,4.88967
204,6,stated,12.9951
204,7,the,5.09718
204,8,journalist,14.8173
204,9,discovered,14.1771
204,10,two,7.66918
204,11,weeks,7.39638
204,12,ago,9.58569
204,13,.,3.37895
204,14,</s>,23.2368
205,0,the,2.46696
205,1,colleagues,23.0567
205,2,realized,11.3871
205,3,that,2.03353
205,4,her,6.28411
205,5,mother,4.88967
205,6,stated,12.9951
205,7,the,5.09718
205,8,journalist,14.8173
205,9,discovered,14.1771
205,10,the,3.80588
205,11,bribery,17.4399
205,12,two,12.4382
205,13,weeks,7.39638
205,14,ago,9.58569
205,15,.,3.37895
205,16,</s>,23.2368
206,0,the,2.46696
206,1,colleagues,23.0567
206,2,realized,11.3871
206,3,what,5.79925
206,4,her,9.60314
206,5,mother,7.49694
206,6,stated,12.5036
206,7,the,5.09718
206,8,journalist,14.8173
206,9,discovered,14.1771
206,10,two,7.66918
206,11,weeks,7.39638
206,12,ago,9.58569
206,13,.,3.37895
206,14,</s>,23.2368
207,0,the,2.46696
207,1,colleagues,23.0567
207,2,realized,11.3871
207,3,what,5.79925
207,4,her,9.60314
207,5,mother,7.49694
207,6,stated,12.5036
207,7,the,5.09718
207,8,journalist,14.8173
207,9,discovered,14.1771
207,10,the,3.80588
207,11,bribery,17.4399
207,12,two,12.4382
207,13,weeks,7.39638
207,14,ago,9.58569
207,15,.,3.37895
207,16,</s>,23.2368
208,0,the,2.46696
208,1,colleagues,23.0567
208,2,realized,11.3871
208,3,that,2.03353
208,4,her,6.28411
208,5,mother,4.88967
208,6,stated,12.9951
208,7,a,7.43854
208,8,friend,11.49
208,9,said,10.4688
208,10,the,4.71401
208,11,journalist,14.9162
208,12,discovered,14.1771
208,13,two,7.66918
208,14,weeks,7.39638
208,15,ago,9.58569
208,16,.,3.37895
208,17,</s>,23.2368
209,0,the,2.46696
209,1,colleagues,23.0567
209,2,realized,11.3871
209,3,that,2.03353
209,4,her,6.28411
209,5,mother,4.88967
209,6,stated,12.9951
209,7,a,7.43854
209,8,friend,11.49
209,9,said,10.4688
209,10,the,4.71401
209,11,journalist,14.9162
209,12,discovered,14.1771
209,13,the,3.80588
209,14,bribery,17.4399
209,15,two,12.4382
209,16,weeks,7.39638
209,17,ago,9.58569
209,18,.,3.37895
209,19,</s>,23.2368
210,0,the,2.46696
210,1,colleagues,23.0567
210,2,realized,11.3871
210,3,what,5.79925
210,4,her,9.60314
210,5,mother,7.49694
210,6,stated,12.5036
210,7,a,7.43854
210,8,friend,11.49
210,9,said,10.4688
210,10,the,4.71401
210,11,journalist,14.9162
210,12,discovered,14.1771
210,13,two,7.66918
210,14,weeks,7.39638
210,15,ago,9.58569
210,16,.,3.37895
210,17,</s>,23.2368
211,0,the,2.46696
211,1,colleagues,23.0567
211,2,realized,11.3871
211,3,what,5.79925
211,4,her,9.60314
211,5,mother,7.49694
211,6,stated,12.5036
211,7,a,7.43854
211,8,friend,11.49
211,9,said,10.4688
211,10,the,4.71401
211,11,journalist,14.9162
211,12,discovered,14.1771
211,13,the,3.80588
211,14,bribery,17.4399
211,15,two,12.4382
211,16,weeks,7.39638
211,17,ago,9.58569
211,18,.,3.37895
211,19,</s>,23.2368
212,0,the,2.46696
212,1,colleagues,23.0567
212,2,realized,11.3871
212,3,that,2.03353
212,4,her,6.28411
212,5,mother,4.88967
212,6,stated,12.9951
212,7,a,7.43854
212,8,friend,11.49
212,9,said,10.4688
212,10,her,8.75821
212,11,husband,3.51563
212,12,knew,13.2624
212,13,the,4.27224
212,14,journalist,14.5561
212,15,discovered,14.1771
212,16,two,7.66918
212,17,weeks,7.39638
212,18,ago,9.58569
212,19,.,3.37895
212,20,</s>,23.2368
213,0,the,2.46696
213,1,colleagues,23.0567
213,2,realized,11.3871
213,3,that,2.03353
213,4,her,6.28411
213,5,mother,4.88967
213,6,stated,12.9951
213,7,a,7.43854
213,8,friend,11.49
213,9,said,10.4688
213,10,her,8.75821
213,11,husband,3.51563
213,12,knew,13.2624
213,13,the,4.27224
213,14,journalist,14.5561
213,15,discovered,14.1771
213,16,the,3.80588
213,17,bribery,17.4399
213,18,two,12.4382
213,19,weeks,7.39638
213,20,ago,9.58569
213,21,.,3.37895
213,22,</s>,23.2368
214,0,the,2.46696
214,1,colleagues,23.0567
214,2,realized,11.3871
214,3,what,5.79925
214,4,her,9.60314
214,5,mother,7.49694
214,6,stated,12.5036
214,7,a,7.43854
214,8,friend,11.49
214,9,said,10.4688
214,10,her,8.75821
214,11,husband,3.51563
214,12,knew,13.2624
214,13,the,4.27224
214,14,journalist,14.5561
214,15,discovered,14.1771
214,16,two,7.66918
214,17,weeks,7.39638
214,18,ago,9.58569
214,19,.,3.37895
214,20,</s>,23.2368
215,0,the,2.46696
215,1,colleagues,23.0567
215,2,realized,11.3871
215,3,what,5.79925
215,4,her,9.60314
215,5,mother,7.49694
215,6,stated,12.5036
215,7,a,7.43854
215,8,friend,11.49
215,9,said,10.4688
215,10,her,8.75821
215,11,husband,3.51563
215,12,knew,13.2624
215,13,the,4.27224
215,14,journalist,14.5561
215,15,discovered,14.1771
215,16,the,3.80588
215,17,bribery,17.4399
215,18,two,12.4382
215,19,weeks,7.39638
215,20,ago,9.58569
215,21,.,3.37895
215,22,</s>,23.2368
216,0,the,2.46696
216,1,colleagues,23.0567
216,2,realized,11.3871
216,3,that,2.03353
216,4,her,6.28411
216,5,mother,4.88967
216,6,stated,12.9951
216,7,a,7.43854
216,8,friend,11.49
216,9,said,10.4688
216,10,her,8.75821
216,11,husband,3.51563
216,12,knew,13.2624
216,13,his,6.10381
216,14,brother,8.63588
216,15,said,10.951
216,16,the,4.51729
216,17,journalist,14.9162
216,18,discovered,14.1771
216,19,two,7.66918
216,20,weeks,7.39638
216,21,ago,9.58569
216,22,.,3.37895
216,23,</s>,23.2368
217,0,the,2.46696
217,1,colleagues,23.0567
217,2,realized,11.3871
217,3,that,2.03353
217,4,her,6.28411
217,5,mother,4.88967
217,6,stated,12.9951
217,7,a,7.43854
217,8,friend,11.49
217,9,said,10.4688
217,10,her,8.75821
217,11,husband,3.51563
217,12,knew,13.2624
217,13,his,6.10381
217,14,brother,8.63588
217,15,said,10.951
217,16,the,4.51729
217,17,journalist,14.9162
217,18,discovered,14.1771
217,19,the,3.80588
217,20,bribery,17.4399
217,21,two,12.4382
217,22,weeks,7.39638
217,23,ago,9.58569
217,24,.,3.37895
217,25,</s>,23.2368
218,0,the,2.46696
218,1,colleagues,23.0567
218,2,realized,11.3871
218,3,what,5.79925
218,4,her,9.60314
218,5,mother,7.49694
218,6,stated,12.5036
218,7,a,7.43854
218,8,friend,11.49
218,9,said,10.4688
218,10,her,8.75821
218,11,husband,3.51563
218,12,knew,13.2624
218,13,his,6.10381
218,14,brother,8.63588
218,15,said,10.951
218,16,the,4.51729
218,17,journalist,14.9162
218,18,discovered,14.1771
218,19,two,7.66918
218,20,weeks,7.39638
218,21,ago,9.58569
218,22,.,3.37895
218,23,</s>,23.2368
219,0,the,2.46696
219,1,colleagues,23.0567
219,2,realized,11.3871
219,3,what,5.79925
219,4,her,9.60314
219,5,mother,7.49694
219,6,stated,12.5036
219,7,a,7.43854
219,8,friend,11.49
219,9,said,10.4688
219,10,her,8.75821
219,11,husband,3.51563
219,12,knew,13.2624
219,13,his,6.10381
219,14,brother,8.63588
219,15,said,10.951
219,16,the,4.51729
219,17,journalist,14.9162
219,18,discovered,14.1771
219,19,the,3.80588
219,20,bribery,17.4399
219,21,two,12.4382
219,22,weeks,7.39638
219,23,ago,9.58569
219,24,.,3.37895
219,25,</s>,23.2368
220,0,the,2.46696
220,1,accountant,18.0479
220,2,knew,14.5414
220,3,that,3.27732
220,4,the,3.23771
220,5,secretary,12.5664
220,6,introduced,15.8353
220,7,to,5.24055
220,8,her,8.75705
220,9,friend,8.33575
220,10,.,5.01135
220,11,</s>,24.8218
221,0,the,2.46696
221,1,accountant,18.0479
221,2,knew,14.5414
221,3,that,3.27732
221,4,the,3.23771
221,5,secretary,12.5664
221,6,introduced,15.8353
221,7,the,3.34482
221,8,new,5.63119
221,9,woman,10.3057
221,10,to,5.18855
221,11,her,8.65731
221,12,friend,8.33575
221,13,.,5.01135
221,14,</s>,24.8218
222,0,the,2.46696
222,1,accountant,18.0479
222,2,knew,14.5414
222,3,who,6.5865
222,4,the,4.19838
222,5,secretary,12.9498
222,6,introduced,14.9589
222,7,to,5.24055
222,8,her,8.75705
222,9,friend,8.33575
222,10,.,5.01135
222,11,</s>,24.8218
223,0,the,2.46696
223,1,accountant,18.0479
223,2,knew,14.5414
223,3,who,6.5865
223,4,the,4.19838
223,5,secretary,12.9498
223,6,introduced,14.9589
223,7,the,3.34482
223,8,new,5.63119
223,9,woman,10.3057
223,10,to,5.18855
223,11,her,8.65731
223,12,friend,8.33575
223,13,.,5.01135
223,14,</s>,24.8218
224,0,the,2.46696
224,1,accountant,18.0479
224,2,knew,14.5414
224,3,that,3.27732
224,4,the,3.23771
224,5,security,11.7785
224,6,guard,7.46344
224,7,believed,13.6357
224,8,the,3.87627
224,9,secretary,12.8324
224,10,introduced,14.9589
224,11,to,5.24055
224,12,her,8.75705
224,13,friend,8.33575
224,14,.,5.01135
224,15,</s>,24.8218
225,0,the,2.46696
225,1,accountant,18.0479
225,2,knew,14.5414
225,3,that,3.27732
225,4,the,3.23771
225,5,security,11.7785
225,6,guard,7.46344
225,7,believed,13.6357
225,8,the,3.87627
225,9,secretary,12.8324
225,10,introduced,14.9589
225,11,the,3.34482
225,12,new,5.63119
225,13,woman,10.3057
225,14,to,5.18855
225,15,her,8.65731
225,16,friend,8.33575
225,17,.,5.01135
225,18,</s>,24.8218
226,0,the,2.46696
226,1,accountant,18.0479
226,2,knew,14.5414
226,3,who,6.5865
226,4,the,4.19838
226,5,security,12.3762
226,6,guard,6.83755
226,7,believed,13.6357
226,8,the,3.87627
226,9,secretary,12.8324
226,10,introduced,14.9589
226,11,to,5.24055
226,12,her,8.75705
226,13,friend,8.33575
226,14,.,5.01135
226,15,</s>,24.8218
227,0,the,2.46696
227,1,accountant,18.0479
227,2,knew,14.5414
227,3,who,6.5865
227,4,the,4.19838
227,5,security,12.3762
227,6,guard,6.83755
227,7,believed,13.6357
227,8,the,3.87627
227,9,secretary,12.8324
227,10,introduced,14.9589
227,11,the,3.34482
227,12,new,5.63119
227,13,woman,10.3057
227,14,to,5.18855
227,15,her,8.65731
227,16,friend,8.33575
227,17,.,5.01135
227,18,</s>,24.8218
228,0,the,2.46696
228,1,accountant,18.0479
228,2,knew,14.5414
228,3,that,3.27732
228,4,the,3.23771
228,5,security,11.7785
228,6,guard,7.46344
228,7,believed,13.6357
228,8,his,6.52022
228,9,friend,9.1042
228,10,knew,13.3384
228,11,the,4.27224
228,12,secretary,12.7725
228,13,introduced,14.9589
228,14,to,5.24055
228,15,her,8.75705
228,16,friend,8.33575
228,17,.,5.01135
228,18,</s>,24.8218
229,0,the,2.46696
229,1,accountant,18.0479
229,2,knew,14.5414
229,3,that,3.27732
229,4,the,3.23771
229,5,security,11.7785
229,6,guard,7.46344
229,7,believed,13.6357
229,8,his,6.52022
229,9,friend,9.1042
229,10,knew,13.3384
229,11,the,4.27224
229,12,secretary,12.7725
229,13,introduced,14.9589
229,14,the,3.34482
229,15,new,5.63119
229,16,woman,10.3057
229,17,to,5.18855
229,18,her,8.65731
229,19,friend,8.33575
229,20,.,5.01135
229,21,</s>,24.8218
230,0,the,2.46696
230,1,accountant,18.0479
230,2,knew,14.5414
230,3,who,6.5865
230,4,the,4.19838
230,5,security,12.3762
230,6,guard,6.83755
230,7,believed,13.6357
230,8,his,6.52022
230,9,friend,9.1042
230,10,knew,13.3384
230,11,the,4.27224
230,12,secretary,12.7725
230,13,introduced,14.9589
230,14,to,5.24055
230,15,her,8.75705
230,16,friend,8.33575
230,17,.,5.01135
230,18,</s>,24.8218
231,0,the,2.46696
231,1,accountant,18.0479
231,2,knew,14.5414
231,3,who,6.5865
231,4,the,4.19838
231,5,security,12.3762
231,6,guard,6.83755
231,7,believed,13.6357
231,8,his,6.52022
231,9,friend,9.1042
231,10,knew,13.3384
231,11,the,4.27224
231,12,secretary,12.7725
231,13,introduced,14.9589
231,14,the,3.34482
231,15,new,5.63119
231,16,woman,10.3057
231,17,to,5.18855
231,18,her,8.65731
231,19,friend,8.33575
231,20,.,5.01135
231,21,</s>,24.8218
232,0,the,2.46696
232,1,accountant,18.0479
232,2,knew,14.5414
232,3,that,3.27732
232,4,the,3.23771
232,5,security,11.7785
232,6,guard,7.46344
232,7,believed,13.6357
232,8,his,6.52022
232,9,friend,9.1042
232,10,knew,13.3384
232,11,the,4.27224
232,12,assistant,14.5561
232,13,reported,14.1248
232,14,the,4.76018
232,15,secretary,13.085
232,16,introduced,14.9589
232,17,to,5.24055
232,18,her,8.75705
232,19,friend,8.33575
232,20,.,5.01135
232,21,</s>,24.8218
233,0,the,2.46696
233,1,accountant,18.0479
233,2,knew,14.5414
233,3,that,3.27732
233,4,the,3.23771
233,5,security,11.7785
233,6,guard,7.46344
233,7,believed,13.6357
233,8,his,6.52022
233,9,friend,9.1042
233,10,knew,13.3384
233,11,the,4.27224
233,12,assistant,14.5561
233,13,reported,14.1248
233,14,the,4.76018
233,15,secretary,13.085
233,16,introduced,14.9589
233,17,the,3.34482
233,18,new,5.63119
233,19,woman,10.3057
233,20,to,5.18855
233,21,her,8.65731
233,22,friend,8.33575
233,23,.,5.01135
233,24,</s>,24.8218
234,0,the,2.46696
234,1,accountant,18.0479
234,2,knew,14.5414
234,3,who,6.5865
234,4,the,4.19838
234,5,security,12.3762
234,6,guard,6.83755
234,7,believed,13.6357
234,8,his,6.52022
234,9,friend,9.1042
234,10,knew,13.3384
234,11,the,4.27224
234,12,assistant,14.5561
234,13,reported,14.1248
234,14,the,4.76018
234,15,secretary,13.085
234,16,introduced,14.9589
234,17,to,5.24055
234,18,her,8.75705
234,19,friend,8.33575
234,20,.,5.01135
234,21,</s>,24.8218
235,0,the,2.46696
235,1,accountant,18.0479
235,2,knew,14.5414
235,3,who,6.5865
235,4,the,4.19838
235,5,security,12.3762
235,6,guard,6.83755
235,7,believed,13.6357
235,8,his,6.52022
235,9,friend,9.1042
235,10,knew,13.3384
235,11,the,4.27224
235,12,assistant,14.5561
235,13,reported,14.1248
235,14,the,4.76018
235,15,secretary,13.085
235,16,introduced,14.9589
235,17,the,3.34482
235,18,new,5.63119
235,19,woman,10.3057
235,20,to,5.18855
235,21,her,8.65731
235,22,friend,8.33575
235,23,.,5.01135
235,24,</s>,24.8218
236,0,the,2.46696
236,1,accountant,18.0479
236,2,knew,14.5414
236,3,that,3.27732
236,4,the,3.23771
236,5,security,11.7785
236,6,guard,7.46344
236,7,believed,13.6357
236,8,his,6.52022
236,9,friend,9.1042
236,10,knew,13.3384
236,11,the,4.27224
236,12,assistant,14.5561
236,13,reported,14.1248
236,14,her,8.92562
236,15,colleague,12.2381
236,16,suspected,15.3834
236,17,the,5.15323
236,18,secretary,12.6713
236,19,introduced,14.9589
236,20,to,5.24055
236,21,her,8.75705
236,22,friend,8.33575
236,23,.,5.01135
236,24,</s>,24.8218
237,0,the,2.46696
237,1,accountant,18.0479
237,2,knew,14.5414
237,3,that,3.27732
237,4,the,3.23771
237,5,security,11.7785
237,6,guard,7.46344
237,7,believed,13.6357
237,8,his,6.52022
237,9,friend,9.1042
237,10,knew,13.3384
237,11,the,4.27224
237,12,assistant,14.5561
237,13,reported,14.1248
237,14,her,8.92562
237,15,colleague,12.2381
237,16,suspected,15.3834
237,17,the,5.15323
237,18,secretary,12.6713
237,19,introduced,14.9589
237,20,the,3.34482
237,21,new,5.63119
237,22,woman,10.3057
237,23,to,5.18855
237,24,her,8.65731
237,25,friend,8.33575
237,26,.,5.01135
237,27,</s>,24.8218
238,0,the,2.46696
238,1,accountant,18.0479
238,2,knew,14.5414
238,3,who,6.5865
238,4,the,4.19838
238,5,security,12.3762
238,6,guard,6.83755
238,7,believed,13.6357
238,8,his,6.52022
238,9,friend,9.1042
238,10,knew,13.3384
238,11,the,4.27224
238,12,assistant,14.5561
238,13,reported,14.1248
238,14,her,8.92562
238,15,colleague,12.2381
238,16,suspected,15.3834
238,17,the,5.15323
238,18,secretary,12.6713
238,19,introduced,14.9589
238,20,to,5.24055
238,21,her,8.75705
238,22,friend,8.33575
238,23,.,5.01135
238,24,</s>,24.8218
239,0,the,2.46696
239,1,accountant,18.0479
239,2,knew,14.5414
239,3,who,6.5865
239,4,the,4.19838
239,5,security,12.3762
239,6,guard,6.83755
239,7,believed,13.6357
239,8,his,6.52022
239,9,friend,9.1042
239,10,knew,13.3384
239,11,the,4.27224
239,12,assistant,14.5561
239,13,reported,14.1248
239,14,her,8.92562
239,15,colleague,12.2381
239,16,suspected,15.3834
239,17,the,5.15323
239,18,secretary,12.6713
239,19,introduced,14.9589
239,20,the,3.34482
239,21,new,5.63119
239,22,woman,10.3057
239,23,to,5.18855
239,24,her,8.65731
239,25,friend,8.33575
239,26,.,5.01135
239,27,</s>,24.8218
240,0,she,6.52858
240,1,said,6.93829
240,2,that,1.80371
240,3,the,3.36042
240,4,reporter,14.1824
240,5,put,13.6578
240,6,on,4.38583
240,7,the,3.33946
240,8,table,6.20035
240,9,.,2.58682
240,10,</s>,27.1167
241,0,she,6.52858
241,1,said,6.93829
241,2,that,1.80371
241,3,the,3.36042
241,4,reporter,14.1824
241,5,put,13.6578
241,6,the,3.90355
241,7,microphone,14.3186
241,8,on,6.1863
241,9,the,2.09884
241,10,table,9.65054
241,11,.,2.58682
241,12,</s>,27.1167
242,0,she,6.52858
242,1,said,6.93829
242,2,what,11.3801
242,3,the,3.09884
242,4,reporter,14.9236
242,5,put,13.6578
242,6,on,4.38583
242,7,the,3.33946
242,8,table,6.20035
242,9,.,2.58682
242,10,</s>,27.1167
243,0,she,6.52858
243,1,said,6.93829
243,2,what,11.3801
243,3,the,3.09884
243,4,reporter,14.9236
243,5,put,13.6578
243,6,the,3.90355
243,7,microphone,14.3186
243,8,on,6.1863
243,9,the,2.09884
243,10,table,9.65054
243,11,.,2.58682
243,12,</s>,27.1167
244,0,she,6.52858
244,1,said,6.93829
244,2,that,1.80371
244,3,the,3.36042
244,4,politician,16.246
244,5,stated,13.6211
244,6,the,5.24247
244,7,reporter,14.7854
244,8,put,13.6578
244,9,on,4.38583
244,10,the,3.33946
244,11,table,6.20035
244,12,.,2.58682
244,13,</s>,27.1167
245,0,she,6.52858
245,1,said,6.93829
245,2,that,1.80371
245,3,the,3.36042
245,4,politician,16.246
245,5,stated,13.6211
245,6,the,5.24247
245,7,reporter,14.7854
245,8,put,13.6578
245,9,the,3.90355
245,10,microphone,14.3186
245,11,on,6.1863
245,12,the,2.09884
245,13,table,9.65054
245,14,.,2.58682
245,15,</s>,27.1167
246,0,she,6.52858
246,1,said,6.93829
246,2,what,11.3801
246,3,the,3.09884
246,4,politician,16.001
246,5,stated,13.6211
246,6,the,5.24247
246,7,reporter,14.7854
246,8,put,13.6578
246,9,on,4.38583
246,10,the,3.33946
246,11,table,6.20035
246,12,.,2.58682
246,13,</s>,27.1167
247,0,she,6.52858
247,1,said,6.93829
247,2,what,11.3801
247,3,the,3.09884
247,4,politician,16.001
247,5,stated,13.6211
247,6,the,5.24247
247,7,reporter,14.7854
247,8,put,13.6578
247,9,the,3.90355
247,10,microphone,14.3186
247,11,on,6.1863
247,12,the,2.09884
247,13,table,9.65054
247,14,.,2.58682
247,15,</s>,27.1167
248,0,she,6.52858
248,1,said,6.93829
248,2,that,1.80371
248,3,the,3.36042
248,4,politician,16.246
248,5,stated,13.6211
248,6,his,6.00384
248,7,press,13.3906
248,8,secretary,2.43156
248,9,said,7.12452
248,10,the,4.51729
248,11,reporter,14.8842
248,12,put,13.6578
248,13,on,4.38583
248,14,the,3.33946
248,15,table,6.20035
248,16,.,2.58682
248,17,</s>,27.1167
249,0,she,6.52858
249,1,said,6.93829
249,2,that,1.80371
249,3,the,3.36042
249,4,politician,16.246
249,5,stated,13.6211
249,6,his,6.00384
249,7,press,13.3906
249,8,secretary,2.43156
249,9,said,7.12452
249,10,the,4.51729
249,11,reporter,14.8842
249,12,put,13.6578
249,13,the,3.90355
249,14,microphone,14.3186
249,15,on,6.1863
249,16,the,2.09884
249,17,table,9.65054
249,18,.,2.58682
249,19,</s>,27.1167
250,0,she,6.52858
250,1,said,6.93829
250,2,what,11.3801
250,3,the,3.09884
250,4,politician,16.001
250,5,stated,13.6211
250,6,his,6.00384
250,7,press,13.3906
250,8,secretary,2.43156
250,9,said,7.12452
250,10,the,4.51729
250,11,reporter,14.8842
250,12,put,13.6578
250,13,on,4.38583
250,14,the,3.33946
250,15,table,6.20035
250,16,.,2.58682
250,17,</s>,27.1167
251,0,she,6.52858
251,1,said,6.93829
251,2,what,11.3801
251,3,the,3.09884
251,4,politician,16.001
251,5,stated,13.6211
251,6,his,6.00384
251,7,press,13.3906
251,8,secretary,2.43156
251,9,said,7.12452
251,10,the,4.51729
251,11,reporter,14.8842
251,12,put,13.6578
251,13,the,3.90355
251,14,microphone,14.3186
251,15,on,6.1863
251,16,the,2.09884
251,17,table,9.65054
251,18,.,2.58682
251,19,</s>,27.1167
252,0,she,6.52858
252,1,said,6.93829
252,2,that,1.80371
252,3,the,3.36042
252,4,politician,16.246
252,5,stated,13.6211
252,6,his,6.00384
252,7,press,13.3906
252,8,secretary,2.43156
252,9,said,7.12452
252,10,the,4.51729
252,11,chief,12.2078
252,12,of,4.21481
252,13,staff,2.90901
252,14,thought,15.2593
252,15,the,4.36895
252,16,reporter,14.7372
252,17,put,13.6578
252,18,on,4.38583
252,19,the,3.33946
252,20,table,6.20035
252,21,.,2.58682
252,22,</s>,27.1167
253,0,she,6.52858
253,1,said,6.93829
253,2,that,1.80371
253,3,the,3.36042
253,4,politician,16.246
253,5,stated,13.6211
253,6,his,6.00384
253,7,press,13.3906
253,8,secretary,2.43156
253,9,said,7.12452
253,10,the,4.51729
253,11,chief,12.2078
253,12,of,4.21481
253,13,staff,2.90901
253,14,thought,15.2593
253,15,the,4.36895
253,16,reporter,14.7372
253,17,put,13.6578
253,18,the,3.90355
253,19,microphone,14.3186
253,20,on,6.1863
253,21,the,2.09884
253,22,table,9.65054
253,23,.,2.58682
253,24,</s>,27.1167
254,0,she,6.52858
254,1,said,6.93829
254,2,what,11.3801
254,3,the,3.09884
254,4,politician,16.001
254,5,stated,13.6211
254,6,his,6.00384
254,7,press,13.3906
254,8,secretary,2.43156
254,9,said,7.12452
254,10,the,4.51729
254,11,chief,12.2078
254,12,of,4.21481
254,13,staff,2.90901
254,14,thought,15.2593
254,15,the,4.36895
254,16,reporter,14.7372
254,17,put,13.6578
254,18,on,4.38583
254,19,the,3.33946
254,20,table,6.20035
254,21,.,2.58682
254,22,</s>,27.1167
255,0,she,6.52858
255,1,said,6.93829
255,2,what,11.3801
255,3,the,3.09884
255,4,politician,16.001
255,5,stated,13.6211
255,6,his,6.00384
255,7,press,13.3906
255,8,secretary,2.43156
255,9,said,7.12452
255,10,the,4.51729
255,11,chief,12.2078
255,12,of,4.21481
255,13,staff,2.90901
255,14,thought,15.2593
255,15,the,4.36895
255,16,reporter,14.7372
255,17,put,13.6578
255,18,the,3.90355
255,19,microphone,14.3186
255,20,on,6.1863
255,21,the,2.09884
255,22,table,9.65054
255,23,.,2.58682
255,24,</s>,27.1167
256,0,she,6.52858
256,1,said,6.93829
256,2,that,1.80371
256,3,the,3.36042
256,4,politician,16.246
256,5,stated,13.6211
256,6,his,6.00384
256,7,press,13.3906
256,8,secretary,2.43156
256,9,said,7.12452
256,10,the,4.51729
256,11,chief,12.2078
256,12,of,4.21481
256,13,staff,2.90901
256,14,thought,15.2593
256,15,his,7.18673
256,16,assistant,11.1713
256,17,suspects,16.775
256,18,the,5.10097
256,19,reporter,14.3594
256,20,put,13.6578
256,21,on,4.38583
256,22,the,3.33946
256,23,table,6.20035
256,24,.,2.58682
256,25,</s>,27.1167
257,0,she,6.52858
257,1,said,6.93829
257,2,that,1.80371
257,3,the,3.36042
257,4,politician,16.246
257,5,stated,13.6211
257,6,his,6.00384
257,7,press,13.3906
257,8,secretary,2.43156
257,9,said,7.12452
257,10,the,4.51729
257,11,chief,12.2078
257,12,of,4.21481
257,13,staff,2.90901
257,14,thought,15.2593
257,15,his,7.18673
257,16,assistant,11.1713
257,17,suspects,16.775
257,18,the,5.10097
257,19,reporter,14.3594
257,20,put,13.6578
257,21,the,3.90355
257,22,microphone,14.3186
257,23,on,6.1863
257,24,the,2.09884
257,25,table,9.65054
257,26,.,2.58682
257,27,</s>,27.1167
258,0,she,6.52858
258,1,said,6.93829
258,2,what,11.3801
258,3,the,3.09884
258,4,politician,16.001
258,5,stated,13.6211
258,6,his,6.00384
258,7,press,13.3906
258,8,secretary,2.43156
258,9,said,7.12452
258,10,the,4.51729
258,11,chief,12.2078
258,12,of,4.21481
258,13,staff,2.90901
258,14,thought,15.2593
258,15,his,7.18673
258,16,assistant,11.1713
258,17,suspects,16.775
258,18,the,5.10097
258,19,reporter,14.3594
258,20,put,13.6578
258,21,on,4.38583
258,22,the,3.33946
258,23,table,6.20035
258,24,.,2.58682
258,25,</s>,27.1167
259,0,she,6.52858
259,1,said,6.93829
259,2,what,11.3801
259,3,the,3.09884
259,4,politician,16.001
259,5,stated,13.6211
259,6,his,6.00384
259,7,press,13.3906
259,8,secretary,2.43156
259,9,said,7.12452
259,10,the,4.51729
259,11,chief,12.2078
259,12,of,4.21481
259,13,staff,2.90901
259,14,thought,15.2593
259,15,his,7.18673
259,16,assistant,11.1713
259,17,suspects,16.775
259,18,the,5.10097
259,19,reporter,14.3594
259,20,put,13.6578
259,21,the,3.90355
259,22,microphone,14.3186
259,23,on,6.1863
259,24,the,2.09884
259,25,table,9.65054
259,26,.,2.58682
259,27,</s>,27.1167
260,0,we,10.0475
260,1,all,6.75965
260,2,know,4.10726
260,3,that,2.3121
260,4,the,4.10609
260,5,teacher,13.3817
260,6,gave,13.0008
260,7,to,6.29814
260,8,her,6.51066
260,9,students,11.4985
260,10,.,4.41548
260,11,</s>,23.6519
261,0,we,10.0475
261,1,all,6.75965
261,2,know,4.10726
261,3,that,2.3121
261,4,the,4.10609
261,5,teacher,13.3817
261,6,gave,13.0008
261,7,a,4.06011
261,8,test,11.9799
261,9,to,5.16523
261,10,her,9.50796
261,11,students,11.4985
261,12,.,4.41548
261,13,</s>,23.6519
262,0,we,10.0475
262,1,all,6.75965
262,2,know,4.10726
262,3,what,4.50577
262,4,the,4.27848
262,5,teacher,10.8583
262,6,gave,13.0008
262,7,to,6.29814
262,8,her,6.51066
262,9,students,11.4985
262,10,.,4.41548
262,11,</s>,23.6519
263,0,we,10.0475
263,1,all,6.75965
263,2,know,4.10726
263,3,what,4.50577
263,4,the,4.27848
263,5,teacher,10.8583
263,6,gave,13.0008
263,7,a,4.06011
263,8,test,11.9799
263,9,to,5.16523
263,10,her,9.50796
263,11,students,11.4985
263,12,.,4.41548
263,13,</s>,23.6519
264,0,we,10.0475
264,1,all,6.75965
264,2,know,4.10726
264,3,that,2.3121
264,4,the,4.10609
264,5,old,9.77503
264,6,man,5.08363
264,7,thinks,11.3587
264,8,the,4.82114
264,9,teacher,13.2237
264,10,gave,13.0008
264,11,to,6.29814
264,12,her,6.51066
264,13,students,11.4985
264,14,.,4.41548
264,15,</s>,23.6519
265,0,we,10.0475
265,1,all,6.75965
265,2,know,4.10726
265,3,that,2.3121
265,4,the,4.10609
265,5,old,9.77503
265,6,man,5.08363
265,7,thinks,11.3587
265,8,the,4.82114
265,9,teacher,13.2237
265,10,gave,13.0008
265,11,a,4.06011
265,12,test,11.9799
265,13,to,5.16523
265,14,her,9.50796
265,15,students,11.4985
265,16,.,4.41548
265,17,</s>,23.6519
266,0,we,10.0475
266,1,all,6.75965
266,2,know,4.10726
266,3,what,4.50577
266,4,the,4.27848
266,5,old,10.8878
266,6,man,6.57065
266,7,thinks,11.3587
266,8,the,4.82114
266,9,teacher,13.2237
266,10,gave,13.0008
266,11,to,6.29814
266,12,her,6.51066
266,13,students,11.4985
266,14,.,4.41548
266,15,</s>,23.6519
267,0,we,10.0475
267,1,all,6.75965
267,2,know,4.10726
267,3,what,4.50577
267,4,the,4.27848
267,5,old,10.8878
267,6,man,6.57065
267,7,thinks,11.3587
267,8,the,4.82114
267,9,teacher,13.2237
267,10,gave,13.0008
267,11,a,4.06011
267,12,test,11.9799
267,13,to,5.16523
267,14,her,9.50796
267,15,students,11.4985
267,16,.,4.41548
267,17,</s>,23.6519
268,0,we,10.0475
268,1,all,6.75965
268,2,know,4.10726
268,3,that,2.3121
268,4,the,4.10609
268,5,old,9.77503
268,6,man,5.08363
268,7,thinks,11.3587
268,8,the,4.82114
268,9,woman,12.0539
268,10,knows,16.1853
268,11,the,3.98972
268,12,teacher,13.4119
268,13,gave,13.0008
268,14,to,6.29814
268,15,her,6.51066
268,16,students,11.4985
268,17,.,4.41548
268,18,</s>,23.6519
269,0,we,10.0475
269,1,all,6.75965
269,2,know,4.10726
269,3,that,2.3121
269,4,the,4.10609
269,5,old,9.77503
269,6,man,5.08363
269,7,thinks,11.3587
269,8,the,4.82114
269,9,woman,12.0539
269,10,knows,16.1853
269,11,the,3.98972
269,12,teacher,13.4119
269,13,gave,13.0008
269,14,a,4.06011
269,15,test,11.9799
269,16,to,5.16523
269,17,her,9.50796
269,18,students,11.4985
269,19,.,4.41548
269,20,</s>,23.6519
270,0,we,10.0475
270,1,all,6.75965
270,2,know,4.10726
270,3,what,4.50577
270,4,the,4.27848
270,5,old,10.8878
270,6,man,6.57065
270,7,thinks,11.3587
270,8,the,4.82114
270,9,woman,12.0539
270,10,knows,16.1853
270,11,the,3.98972
270,12,teacher,13.4119
270,13,gave,13.0008
270,14,to,6.29814
270,15,her,6.51066
270,16,students,11.4985
270,17,.,4.41548
270,18,</s>,23.6519
271,0,we,10.0475
271,1,all,6.75965
271,2,know,4.10726
271,3,what,4.50577
271,4,the,4.27848
271,5,old,10.8878
271,6,man,6.57065
271,7,thinks,11.3587
271,8,the,4.82114
271,9,woman,12.0539
271,10,knows,16.1853
271,11,the,3.98972
271,12,teacher,13.4119
271,13,gave,13.0008
271,14,a,4.06011
271,15,test,11.9799
271,16,to,5.16523
271,17,her,9.50796
271,18,students,11.4985
271,19,.,4.41548
271,20,</s>,23.6519
272,0,we,10.0475
272,1,all,6.75965
272,2,know,4.10726
272,3,that,2.3121
272,4,the,4.10609
272,5,old,9.77503
272,6,man,5.08363
272,7,thinks,11.3587
272,8,the,4.82114
272,9,woman,12.0539
272,10,knows,16.1853
272,11,the,3.98972
272,12,young,11.1792
272,13,boy,7.24626
272,14,said,12.8155
272,15,the,4.51729
272,16,teacher,13.7287
272,17,gave,13.0008
272,18,to,6.29814
272,19,her,6.51066
272,20,students,11.4985
272,21,.,4.41548
272,22,</s>,23.6519
273,0,we,10.0475
273,1,all,6.75965
273,2,know,4.10726
273,3,that,2.3121
273,4,the,4.10609
273,5,old,9.77503
273,6,man,5.08363
273,7,thinks,11.3587
273,8,the,4.82114
273,9,woman,12.0539
273,10,knows,16.1853
273,11,the,3.98972
273,12,young,11.1792
273,13,boy,7.24626
273,14,said,12.8155
273,15,the,4.51729
273,16,teacher,13.7287
273,17,gave,13.0008
273,18,a,4.06011
273,19,test,11.9799
273,20,to,5.16523
273,21,her,9.50796
273,22,students,11.4985
273,23,.,4.41548
273,24,</s>,23.6519
274,0,we,10.0475
274,1,all,6.75965
274,2,know,4.10726
274,3,what,4.50577
274,4,the,4.27848
274,5,old,10.8878
274,6,man,6.57065
274,7,thinks,11.3587
274,8,the,4.82114
274,9,woman,12.0539
274,10,knows,16.1853
274,11,the,3.98972
274,12,young,11.1792
274,13,boy,7.24626
274,14,said,12.8155
274,15,the,4.51729
274,16,teacher,13.7287
274,17,gave,13.0008
274,18,to,6.29814
274,19,her,6.51066
274,20,students,11.4985
274,21,.,4.41548
274,22,</s>,23.6519
275,0,we,10.0475
275,1,all,6.75965
275,2,know,4.10726
275,3,what,4.50577
275,4,the,4.27848
275,5,old,10.8878
275,6,man,6.57065
275,7,thinks,11.3587
275,8,the,4.82114
275,9,woman,12.0539
275,10,knows,16.1853
275,11,the,3.98972
275,12,young,11.1792
275,13,boy,7.24626
275,14,said,12.8155
275,15,the,4.51729
275,16,teacher,13.7287
275,17,gave,13.0008
275,18,a,4.06011
275,19,test,11.9799
275,20,to,5.16523
275,21,her,9.50796
275,22,students,11.4985
275,23,.,4.41548
275,24,</s>,23.6519
276,0,we,10.0475
276,1,all,6.75965
276,2,know,4.10726
276,3,that,2.3121
276,4,the,4.10609
276,5,old,9.77503
276,6,man,5.08363
276,7,thinks,11.3587
276,8,the,4.82114
276,9,woman,12.0539
276,10,knows,16.1853
276,11,the,3.98972
276,12,young,11.1792
276,13,boy,7.24626
276,14,said,12.8155
276,15,his,6.83762
276,16,friend,9.31131
276,17,saw,13.3384
276,18,the,2.9593
276,19,teacher,13.9921
276,20,gave,13.0008
276,21,to,6.29814
276,22,her,6.51066
276,23,students,11.4985
276,24,.,4.41548
276,25,</s>,23.6519
277,0,we,10.0475
277,1,all,6.75965
277,2,know,4.10726
277,3,that,2.3121
277,4,the,4.10609
277,5,old,9.77503
277,6,man,5.08363
277,7,thinks,11.3587
277,8,the,4.82114
277,9,woman,12.0539
277,10,knows,16.1853
277,11,the,3.98972
277,12,young,11.1792
277,13,boy,7.24626
277,14,said,12.8155
277,15,his,6.83762
277,16,friend,9.31131
277,17,saw,13.3384
277,18,the,2.9593
277,19,teacher,13.9921
277,20,gave,13.0008
277,21,a,4.06011
277,22,test,11.9799
277,23,to,5.16523
277,24,her,9.50796
277,25,students,11.4985
277,26,.,4.41548
277,27,</s>,23.6519
278,0,we,10.0475
278,1,all,6.75965
278,2,know,4.10726
278,3,what,4.50577
278,4,the,4.27848
278,5,old,10.8878
278,6,man,6.57065
278,7,thinks,11.3587
278,8,the,4.82114
278,9,woman,12.0539
278,10,knows,16.1853
278,11,the,3.98972
278,12,young,11.1792
278,13,boy,7.24626
278,14,said,12.8155
278,15,his,6.83762
278,16,friend,9.31131
278,17,saw,13.3384
278,18,the,2.9593
278,19,teacher,13.9921
278,20,gave,13.0008
278,21,to,6.29814
278,22,her,6.51066
278,23,students,11.4985
278,24,.,4.41548
278,25,</s>,23.6519
279,0,we,10.0475
279,1,all,6.75965
279,2,know,4.10726
279,3,what,4.50577
279,4,the,4.27848
279,5,old,10.8878
279,6,man,6.57065
279,7,thinks,11.3587
279,8,the,4.82114
279,9,woman,12.0539
279,10,knows,16.1853
279,11,the,3.98972
279,12,young,11.1792
279,13,boy,7.24626
279,14,said,12.8155
279,15,his,6.83762
279,16,friend,9.31131
279,17,saw,13.3384
279,18,the,2.9593
279,19,teacher,13.9921
279,20,gave,13.0008
279,21,a,4.06011
279,22,test,11.9799
279,23,to,5.16523
279,24,her,9.50796
279,25,students,11.4985
279,26,.,4.41548
279,27,</s>,23.6519
280,0,i,8.92268
280,1,know,6.35939
280,2,that,3.01867
280,3,the,4.26664
280,4,priest,11.656
280,5,congratulated,18.8657
280,6,after,10.4723
280,7,the,3.49999
280,8,service,11.6994
280,9,.,3.65777
280,10,</s>,22.7871
281,0,i,8.92268
281,1,know,6.35939
281,2,that,3.01867
281,3,the,4.26664
281,4,priest,11.656
281,5,congratulated,18.8657
281,6,the,3.5547
281,7,couple,11.9016
281,8,after,8.82506
281,9,the,2.78694
281,10,service,11.6994
281,11,.,3.65777
281,12,</s>,22.7871
282,0,i,8.92268
282,1,know,6.35939
282,2,who,6.55265
282,3,the,5.15736
282,4,priest,13.7181
282,5,congratulated,18.774
282,6,after,10.4723
282,7,the,3.49999
282,8,service,11.6994
282,9,.,3.65777
282,10,</s>,22.7871
283,0,i,8.92268
283,1,know,6.35939
283,2,who,6.55265
283,3,the,5.15736
283,4,priest,13.7181
283,5,congratulated,18.774
283,6,the,3.5547
283,7,couple,11.9016
283,8,after,8.82506
283,9,the,2.78694
283,10,service,11.6994
283,11,.,3.65777
283,12,</s>,22.7871
284,0,i,8.92268
284,1,know,6.35939
284,2,that,3.01867
284,3,the,4.26664
284,4,man,9.65412
284,5,thinks,12.22
284,6,the,4.82114
284,7,priest,13.3115
284,8,congratulated,18.774
284,9,after,10.4723
284,10,the,3.49999
284,11,service,11.6994
284,12,.,3.65777
284,13,</s>,22.7871
285,0,i,8.92268
285,1,know,6.35939
285,2,that,3.01867
285,3,the,4.26664
285,4,man,9.65412
285,5,thinks,12.22
285,6,the,4.82114
285,7,priest,13.3115
285,8,congratulated,18.774
285,9,the,3.5547
285,10,couple,11.9016
285,11,after,8.82506
285,12,the,2.78694
285,13,service,11.6994
285,14,.,3.65777
285,15,</s>,22.7871
286,0,i,8.92268
286,1,know,6.35939
286,2,who,6.55265
286,3,the,5.15736
286,4,man,6.97564
286,5,thinks,12.1316
286,6,the,4.82114
286,7,priest,13.3115
286,8,congratulated,18.774
286,9,after,10.4723
286,10,the,3.49999
286,11,service,11.6994
286,12,.,3.65777
286,13,</s>,22.7871
287,0,i,8.92268
287,1,know,6.35939
287,2,who,6.55265
287,3,the,5.15736
287,4,man,6.97564
287,5,thinks,12.1316
287,6,the,4.82114
287,7,priest,13.3115
287,8,congratulated,18.774
287,9,the,3.5547
287,10,couple,11.9016
287,11,after,8.82506
287,12,the,2.78694
287,13,service,11.6994
287,14,.,3.65777
287,15,</s>,22.7871
288,0,i,8.92268
288,1,know,6.35939
288,2,that,3.01867
288,3,the,4.26664
288,4,man,9.65412
288,5,thinks,12.22
288,6,the,4.82114
288,7,woman,12.0539
288,8,said,9.79886
288,9,the,4.76385
288,10,priest,13.8165
288,11,congratulated,18.774
288,12,after,10.4723
288,13,the,3.49999
288,14,service,11.6994
288,15,.,3.65777
288,16,</s>,22.7871
289,0,i,8.92268
289,1,know,6.35939
289,2,that,3.01867
289,3,the,4.26664
289,4,man,9.65412
289,5,thinks,12.22
289,6,the,4.82114
289,7,woman,12.0539
289,8,said,9.79886
289,9,the,4.76385
289,10,priest,13.8165
289,11,congratulated,18.774
289,12,the,3.5547
289,13,couple,11.9016
289,14,after,8.82506
289,15,the,2.78694
289,16,service,11.6994
289,17,.,3.65777
289,18,</s>,22.7871
290,0,i,8.92268
290,1,know,6.35939
290,2,who,6.55265
290,3,the,5.15736
290,4,man,6.97564
290,5,thinks,12.1316
290,6,the,4.82114
290,7,woman,12.0539
290,8,said,9.79886
290,9,the,4.76385
290,10,priest,13.8165
290,11,congratulated,18.774
290,12,after,10.4723
290,13,the,3.49999
290,14,service,11.6994
290,15,.,3.65777
290,16,</s>,22.7871
291,0,i,8.92268
291,1,know,6.35939
291,2,who,6.55265
291,3,the,5.15736
291,4,man,6.97564
291,5,thinks,12.1316
291,6,the,4.82114
291,7,woman,12.0539
291,8,said,9.79886
291,9,the,4.76385
291,10,priest,13.8165
291,11,congratulated,18.774
291,12,the,3.5547
291,13,couple,11.9016
291,14,after,8.82506
291,15,the,2.78694
291,16,service,11.6994
291,17,.,3.65777
291,18,</s>,22.7871
292,0,i,8.92268
292,1,know,6.35939
292,2,that,3.01867
292,3,the,4.26664
292,4,man,9.65412
292,5,thinks,12.22
292,6,the,4.82114
292,7,woman,12.0539
292,8,said,9.79886
292,9,she,6.23329
292,10,believed,6.34785
292,11,the,3.66745
292,12,priest,13.5164
292,13,congratulated,18.774
292,14,after,10.4723
292,15,the,3.49999
292,16,service,11.6994
292,17,.,3.65777
292,18,</s>,22.7871
293,0,i,8.92268
293,1,know,6.35939
293,2,that,3.01867
293,3,the,4.26664
293,4,man,9.65412
293,5,thinks,12.22
293,6,the,4.82114
293,7,woman,12.0539
293,8,said,9.79886
293,9,she,6.23329
293,10,believed,6.34785
293,11,the,3.66745
293,12,priest,13.5164
293,13,congratulated,18.774
293,14,the,3.5547
293,15,couple,11.9016
293,16,after,8.82506
293,17,the,2.78694
293,18,service,11.6994
293,19,.,3.65777
293,20,</s>,22.7871
294,0,i,8.92268
294,1,know,6.35939
294,2,who,6.55265
294,3,the,5.15736
294,4,man,6.97564
294,5,thinks,12.1316
294,6,the,4.82114
294,7,woman,12.0539
294,8,said,9.79886
294,9,she,6.23329
294,10,believed,6.34785
294,11,the,3.66745
294,12,priest,13.5164
294,13,congratulated,18.774
294,14,after,10.4723
294,15,the,3.49999
294,16,service,11.6994
294,17,.,3.65777
294,18,</s>,22.7871
295,0,i,8.92268
295,1,know,6.35939
295,2,who,6.55265
295,3,the,5.15736
295,4,man,6.97564
295,5,thinks,12.1316
295,6,the,4.82114
295,7,woman,12.0539
295,8,said,9.79886
295,9,she,6.23329
295,10,believed,6.34785
295,11,the,3.66745
295,12,priest,13.5164
295,13,congratulated,18.774
295,14,the,3.5547
295,15,couple,11.9016
295,16,after,8.82506
295,17,the,2.78694
295,18,service,11.6994
295,19,.,3.65777
295,20,</s>,22.7871
296,0,i,8.92268
296,1,know,6.35939
296,2,that,3.01867
296,3,the,4.26664
296,4,man,9.65412
296,5,thinks,12.22
296,6,the,4.82114
296,7,woman,12.0539
296,8,said,9.79886
296,9,she,6.23329
296,10,believed,6.34785
296,11,she,4.38762
296,12,noticed,13.3175
296,13,the,3.6021
296,14,priest,13.4284
296,15,congratulated,18.774
296,16,after,10.4723
296,17,the,3.49999
296,18,service,11.6994
296,19,.,3.65777
296,20,</s>,22.7871
297,0,i,8.92268
297,1,know,6.35939
297,2,that,3.01867
297,3,the,4.26664
297,4,man,9.65412
297,5,thinks,12.22
297,6,the,4.82114
297,7,woman,12.0539
297,8,said,9.79886
297,9,she,6.23329
297,10,believed,6.34785
297,11,she,4.38762
297,12,noticed,13.3175
297,13,the,3.6021
297,14,priest,13.4284
297,15,congratulated,18.774
297,16,the,3.5547
297,17,couple,11.9016
297,18,after,8.82506
297,19,the,2.78694
297,20,service,11.6994
297,21,.,3.65777
297,22,</s>,22.7871
298,0,i,8.92268
298,1,know,6.35939
298,2,who,6.55265
298,3,the,5.15736
298,4,man,6.97564
298,5,thinks,12.1316
298,6,the,4.82114
298,7,woman,12.0539
298,8,said,9.79886
298,9,she,6.23329
298,10,believed,6.34785
298,11,she,4.38762
298,12,noticed,13.3175
298,13,the,3.6021
298,14,priest,13.4284
298,15,congratulated,18.774
298,16,after,10.4723
298,17,the,3.49999
298,18,service,11.6994
298,19,.,3.65777
298,20,</s>,22.7871
299,0,i,8.92268
299,1,know,6.35939
299,2,who,6.55265
299,3,the,5.15736
299,4,man,6.97564
299,5,thinks,12.1316
299,6,the,4.82114
299,7,woman,12.0539
299,8,said,9.79886
299,9,she,6.23329
299,10,believed,6.34785
299,11,she,4.38762
299,12,noticed,13.3175
299,13,the,3.6021
299,14,priest,13.4284
299,15,congratulated,18.774
299,16,the,3.5547
299,17,couple,11.9016
299,18,after,8.82506
299,19,the,2.78694
299,20,service,11.6994
299,21,.,3.65777
299,22,</s>,22.7871
300,0,you,11.5115
300,1,know,4.15838
300,2,that,6.24274
300,3,the,3.3901
300,4,young,10.1308
300,5,woman,4.56209
300,6,introduced,13.7465
300,7,to,5.24055
300,8,her,8.75705
300,9,mother,5.8737
300,10,.,3.02833
300,11,</s>,25.6313
301,0,you,11.5115
301,1,know,4.15838
301,2,that,6.24274
301,3,the,3.3901
301,4,young,10.1308
301,5,woman,4.56209
301,6,introduced,13.7465
301,7,her,6.75883
301,8,friend,11.1391
301,9,to,6.43557
301,10,her,8.91927
301,11,mother,5.8737
301,12,.,3.02833
301,13,</s>,25.6313
302,0,you,11.5115
302,1,know,4.15838
302,2,who,5.97772
302,3,the,5.26981
302,4,young,11.3975
302,5,woman,6.12623
302,6,introduced,13.4754
302,7,to,5.24055
302,8,her,8.75705
302,9,mother,5.8737
302,10,.,3.02833
302,11,</s>,25.6313
303,0,you,11.5115
303,1,know,4.15838
303,2,who,5.97772
303,3,the,5.26981
303,4,young,11.3975
303,5,woman,6.12623
303,6,introduced,13.4754
303,7,her,6.75883
303,8,friend,11.1391
303,9,to,6.43557
303,10,her,8.91927
303,11,mother,5.8737
303,12,.,3.02833
303,13,</s>,25.6313
304,0,you,11.5115
304,1,know,4.15838
304,2,that,6.24274
304,3,we,5.58378
304,4,all,6.98537
304,5,believe,16.4923
304,6,the,4.5954
304,7,young,11.1411
304,8,woman,6.12623
304,9,introduced,13.4754
304,10,to,5.24055
304,11,her,8.75705
304,12,mother,5.8737
304,13,.,3.02833
304,14,</s>,25.6313
305,0,you,11.5115
305,1,know,4.15838
305,2,that,6.24274
305,3,we,5.58378
305,4,all,6.98537
305,5,believe,16.4923
305,6,the,4.5954
305,7,young,11.1411
305,8,woman,6.12623
305,9,introduced,13.4754
305,10,her,6.75883
305,11,friend,11.1391
305,12,to,6.43557
305,13,her,8.91927
305,14,mother,5.8737
305,15,.,3.02833
305,16,</s>,25.6313
306,0,you,11.5115
306,1,know,4.15838
306,2,who,5.97772
306,3,we,11.1029
306,4,all,8.17766
306,5,believe,16.1923
306,6,the,4.5954
306,7,young,11.1411
306,8,woman,6.12623
306,9,introduced,13.4754
306,10,to,5.24055
306,11,her,8.75705
306,12,mother,5.8737
306,13,.,3.02833
306,14,</s>,25.6313
307,0,you,11.5115
307,1,know,4.15838
307,2,who,5.97772
307,3,we,11.1029
307,4,all,8.17766
307,5,believe,16.1923
307,6,the,4.5954
307,7,young,11.1411
307,8,woman,6.12623
307,9,introduced,13.4754
307,10,her,6.75883
307,11,friend,11.1391
307,12,to,6.43557
307,13,her,8.91927
307,14,mother,5.8737
307,15,.,3.02833
307,16,</s>,25.6313
308,0,you,11.5115
308,1,know,4.15838
308,2,that,6.24274
308,3,we,5.58378
308,4,all,6.98537
308,5,believe,16.4923
308,6,she,7.4223
308,7,thought,9.70601
308,8,the,3.91395
308,9,young,11.349
308,10,woman,6.12623
308,11,introduced,13.4754
308,12,to,5.24055
308,13,her,8.75705
308,14,mother,5.8737
308,15,.,3.02833
308,16,</s>,25.6313
309,0,you,11.5115
309,1,know,4.15838
309,2,that,6.24274
309,3,we,5.58378
309,4,all,6.98537
309,5,believe,16.4923
309,6,she,7.4223
309,7,thought,9.70601
309,8,the,3.91395
309,9,young,11.349
309,10,woman,6.12623
309,11,introduced,13.4754
309,12,her,6.75883
309,13,friend,11.1391
309,14,to,6.43557
309,15,her,8.91927
309,16,mother,5.8737
309,17,.,3.02833
309,18,</s>,25.6313
310,0,you,11.5115
310,1,know,4.15838
310,2,who,5.97772
310,3,we,11.1029
310,4,all,8.17766
310,5,believe,16.1923
310,6,she,7.4223
310,7,thought,9.70601
310,8,the,3.91395
310,9,young,11.349
310,10,woman,6.12623
310,11,introduced,13.4754
310,12,to,5.24055
310,13,her,8.75705
310,14,mother,5.8737
310,15,.,3.02833
310,16,</s>,25.6313
311,0,you,11.5115
311,1,know,4.15838
311,2,who,5.97772
311,3,we,11.1029
311,4,all,8.17766
311,5,believe,16.1923
311,6,she,7.4223
311,7,thought,9.70601
311,8,the,3.91395
311,9,young,11.349
311,10,woman,6.12623
311,11,introduced,13.4754
311,12,her,6.75883
311,13,friend,11.1391
311,14,to,6.43557
311,15,her,8.91927
311,16,mother,5.8737
311,17,.,3.02833
311,18,</s>,25.6313
312,0,you,11.5115
312,1,know,4.15838
312,2,that,6.24274
312,3,we,5.58378
312,4,all,6.98537
312,5,believe,16.4923
312,6,she,7.4223
312,7,thought,9.70601
312,8,he,3.91395
312,9,said,10.398
312,10,the,5.46636
312,11,young,11.4708
312,12,woman,6.12623
312,13,introduced,13.4754
312,14,to,5.24055
312,15,her,8.75705
312,16,mother,5.8737
312,17,.,3.02833
312,18,</s>,25.6313
313,0,you,11.5115
313,1,know,4.15838
313,2,that,6.24274
313,3,we,5.58378
313,4,all,6.98537
313,5,believe,16.4923
313,6,she,7.4223
313,7,thought,9.70601
313,8,he,3.91395
313,9,said,10.398
313,10,the,5.46636
313,11,young,11.4708
313,12,woman,6.12623
313,13,introduced,13.4754
313,14,her,6.75883
313,15,friend,11.1391
313,16,to,6.43557
313,17,her,8.91927
313,18,mother,5.8737
313,19,.,3.02833
313,20,</s>,25.6313
314,0,you,11.5115
314,1,know,4.15838
314,2,who,5.97772
314,3,we,11.1029
314,4,all,8.17766
314,5,believe,16.1923
314,6,she,7.4223
314,7,thought,9.70601
314,8,he,3.91395
314,9,said,10.398
314,10,the,5.46636
314,11,young,11.4708
314,12,woman,6.12623
314,13,introduced,13.4754
314,14,to,5.24055
314,15,her,8.75705
314,16,mother,5.8737
314,17,.,3.02833
314,18,</s>,25.6313
315,0,you,11.5115
315,1,know,4.15838
315,2,who,5.97772
315,3,we,11.1029
315,4,all,8.17766
315,5,believe,16.1923
315,6,she,7.4223
315,7,thought,9.70601
315,8,he,3.91395
315,9,said,10.398
315,10,the,5.46636
315,11,young,11.4708
315,12,woman,6.12623
315,13,introduced,13.4754
315,14,her,6.75883
315,15,friend,11.1391
315,16,to,6.43557
315,17,her,8.91927
315,18,mother,5.8737
315,19,.,3.02833
315,20,</s>,25.6313
316,0,you,11.5115
316,1,know,4.15838
316,2,that,6.24274
316,3,we,5.58378
316,4,all,6.98537
316,5,believe,16.4923
316,6,she,7.4223
316,7,thought,9.70601
316,8,he,3.91395
316,9,said,10.398
316,10,he,3.73372
316,11,noticed,12.6526
316,12,the,3.89328
316,13,young,11.1079
316,14,woman,6.12623
316,15,introduced,13.4754
316,16,to,5.24055
316,17,her,8.75705
316,18,mother,5.8737
316,19,.,3.02833
316,20,</s>,25.6313
317,0,you,11.5115
317,1,know,4.15838
317,2,that,6.24274
317,3,we,5.58378
317,4,all,6.98537
317,5,believe,16.4923
317,6,she,7.4223
317,7,thought,9.70601
317,8,he,3.91395
317,9,said,10.398
317,10,he,3.73372
317,11,noticed,12.6526
317,12,the,3.89328
317,13,young,11.1079
317,14,woman,6.12623
317,15,introduced,13.4754
317,16,her,6.75883
317,17,friend,11.1391
317,18,to,6.43557
317,19,her,8.91927
317,20,mother,5.8737
317,21,.,3.02833
317,22,</s>,25.6313
318,0,you,11.5115
318,1,know,4.15838
318,2,who,5.97772
318,3,we,11.1029
318,4,all,8.17766
318,5,believe,16.1923
318,6,she,7.4223
318,7,thought,9.70601
318,8,he,3.91395
318,9,said,10.398
318,10,he,3.73372
318,11,noticed,12.6526
318,12,the,3.89328
318,13,young,11.1079
318,14,woman,6.12623
318,15,introduced,13.4754
318,16,to,5.24055
318,17,her,8.75705
318,18,mother,5.8737
318,19,.,3.02833
318,20,</s>,25.6313
319,0,you,11.5115
319,1,know,4.15838
319,2,who,5.97772
319,3,we,11.1029
319,4,all,8.17766
319,5,believe,16.1923
319,6,she,7.4223
319,7,thought,9.70601
319,8,he,3.91395
319,9,said,10.398
319,10,he,3.73372
319,11,noticed,12.6526
319,12,the,3.89328
319,13,young,11.1079
319,14,woman,6.12623
319,15,introduced,13.4754
319,16,her,6.75883
319,17,friend,11.1391
319,18,to,6.43557
319,19,her,8.91927
319,20,mother,5.8737
319,21,.,3.02833
319,22,</s>,25.6313
320,0,he,4.43708
320,1,knows,11.9494
320,2,that,2.7177
320,3,the,3.64053
320,4,police,9.69857
320,5,interrogated,15.3564
320,6,in,5.31276
320,7,the,2.20198
320,8,prison,11.9155
320,9,.,3.28386
320,10,</s>,25.0463
321,0,he,4.43708
321,1,knows,11.9494
321,2,that,2.7177
321,3,the,3.64053
321,4,police,9.69857
321,5,interrogated,15.3564
321,6,the,5.31276
321,7,spy,15.0835
321,8,in,5.29149
321,9,the,1.85506
321,10,prison,11.9155
321,11,.,3.28386
321,12,</s>,25.0463
322,0,he,4.43708
322,1,knows,11.9494
322,2,who,8.10265
322,3,the,3.8854
322,4,police,11.3625
322,5,interrogated,14.699
322,6,in,5.31276
322,7,the,2.20198
322,8,prison,11.9155
322,9,.,3.28386
322,10,</s>,25.0463
323,0,he,4.43708
323,1,knows,11.9494
323,2,who,8.10265
323,3,the,3.8854
323,4,police,11.3625
323,5,interrogated,14.699
323,6,the,5.31276
323,7,spy,15.0835
323,8,in,5.29149
323,9,the,1.85506
323,10,prison,11.9155
323,11,.,3.28386
323,12,</s>,25.0463
324,0,he,4.43708
324,1,knows,11.9494
324,2,that,2.7177
324,3,the,3.64053
324,4,inspector,15.7446
324,5,said,10.855
324,6,the,4.51729
324,7,police,10.3593
324,8,interrogated,14.699
324,9,in,5.31276
324,10,the,2.20198
324,11,prison,11.9155
324,12,.,3.28386
324,13,</s>,25.0463
325,0,he,4.43708
325,1,knows,11.9494
325,2,that,2.7177
325,3,the,3.64053
325,4,inspector,15.7446
325,5,said,10.855
325,6,the,4.51729
325,7,police,10.3593
325,8,interrogated,14.699
325,9,the,5.31276
325,10,spy,15.0835
325,11,in,5.29149
325,12,the,1.85506
325,13,prison,11.9155
325,14,.,3.28386
325,15,</s>,25.0463
326,0,he,4.43708
326,1,knows,11.9494
326,2,who,8.10265
326,3,the,3.8854
326,4,inspector,15.2768
326,5,said,10.855
326,6,the,4.51729
326,7,police,10.3593
326,8,interrogated,14.699
326,9,in,5.31276
326,10,the,2.20198
326,11,prison,11.9155
326,12,.,3.28386
326,13,</s>,25.0463
327,0,he,4.43708
327,1,knows,11.9494
327,2,who,8.10265
327,3,the,3.8854
327,4,inspector,15.2768
327,5,said,10.855
327,6,the,4.51729
327,7,police,10.3593
327,8,interrogated,14.699
327,9,the,5.31276
327,10,spy,15.0835
327,11,in,5.29149
327,12,the,1.85506
327,13,prison,11.9155
327,14,.,3.28386
327,15,</s>,25.0463
328,0,he,4.43708
328,1,knows,11.9494
328,2,that,2.7177
328,3,the,3.64053
328,4,inspector,15.7446
328,5,said,10.855
328,6,the,4.51729
328,7,man,9.44883
328,8,reported,12.4041
328,9,the,4.76018
328,10,police,11.4976
328,11,interrogated,14.699
328,12,in,5.31276
328,13,the,2.20198
328,14,prison,11.9155
328,15,.,3.28386
328,16,</s>,25.0463
329,0,he,4.43708
329,1,knows,11.9494
329,2,that,2.7177
329,3,the,3.64053
329,4,inspector,15.7446
329,5,said,10.855
329,6,the,4.51729
329,7,man,9.44883
329,8,reported,12.4041
329,9,the,4.76018
329,10,police,11.4976
329,11,interrogated,14.699
329,12,the,5.31276
329,13,spy,15.0835
329,14,in,5.29149
329,15,the,1.85506
329,16,prison,11.9155
329,17,.,3.28386
329,18,</s>,25.0463
330,0,he,4.43708
330,1,knows,11.9494
330,2,who,8.10265
330,3,the,3.8854
330,4,inspector,15.2768
330,5,said,10.855
330,6,the,4.51729
330,7,man,9.44883
330,8,reported,12.4041
330,9,the,4.76018
330,10,police,11.4976
330,11,interrogated,14.699
330,12,in,5.31276
330,13,the,2.20198
330,14,prison,11.9155
330,15,.,3.28386
330,16,</s>,25.0463
331,0,he,4.43708
331,1,knows,11.9494
331,2,who,8.10265
331,3,the,3.8854
331,4,inspector,15.2768
331,5,said,10.855
331,6,the,4.51729
331,7,man,9.44883
331,8,reported,12.4041
331,9,the,4.76018
331,10,police,11.4976
331,11,interrogated,14.699
331,12,the,5.31276
331,13,spy,15.0835
331,14,in,5.29149
331,15,the,1.85506
331,16,prison,11.9155
331,17,.,3.28386
331,18,</s>,25.0463
332,0,he,4.43708
332,1,knows,11.9494
332,2,that,2.7177
332,3,the,3.64053
332,4,inspector,15.7446
332,5,said,10.855
332,6,the,4.51729
332,7,man,9.44883
332,8,reported,12.4041
332,9,he,8.37548
332,10,thought,9.89456
332,11,the,4.14874
332,12,police,11.4205
332,13,interrogated,14.699
332,14,in,5.31276
332,15,the,2.20198
332,16,prison,11.9155
332,17,.,3.28386
332,18,</s>,25.0463
333,0,he,4.43708
333,1,knows,11.9494
333,2,that,2.7177
333,3,the,3.64053
333,4,inspector,15.7446
333,5,said,10.855
333,6,the,4.51729
333,7,man,9.44883
333,8,reported,12.4041
333,9,he,8.37548
333,10,thought,9.89456
333,11,the,4.14874
333,12,police,11.4205
333,13,interrogated,14.699
333,14,the,5.31276
333,15,spy,15.0835
333,16,in,5.29149
333,17,the,1.85506
333,18,prison,11.9155
333,19,.,3.28386
333,20,</s>,25.0463
334,0,he,4.43708
334,1,knows,11.9494
334,2,who,8.10265
334,3,the,3.8854
334,4,inspector,15.2768
334,5,said,10.855
334,6,the,4.51729
334,7,man,9.44883
334,8,reported,12.4041
334,9,he,8.37548
334,10,thought,9.89456
334,11,the,4.14874
334,12,police,11.4205
334,13,interrogated,14.699
334,14,in,5.31276
334,15,the,2.20198
334,16,prison,11.9155
334,17,.,3.28386
334,18,</s>,25.0463
335,0,he,4.43708
335,1,knows,11.9494
335,2,who,8.10265
335,3,the,3.8854
335,4,inspector,15.2768
335,5,said,10.855
335,6,the,4.51729
335,7,man,9.44883
335,8,reported,12.4041
335,9,he,8.37548
335,10,thought,9.89456
335,11,the,4.14874
335,12,police,11.4205
335,13,interrogated,14.699
335,14,the,5.31276
335,15,spy,15.0835
335,16,in,5.29149
335,17,the,1.85506
335,18,prison,11.9155
335,19,.,3.28386
335,20,</s>,25.0463
336,0,he,4.43708
336,1,knows,11.9494
336,2,that,2.7177
336,3,the,3.64053
336,4,inspector,15.7446
336,5,said,10.855
336,6,the,4.51729
336,7,man,9.44883
336,8,reported,12.4041
336,9,he,8.37548
336,10,thought,9.89456
336,11,he,4.14874
336,12,noticed,13.648
336,13,the,3.89328
336,14,police,11.1571
336,15,interrogated,14.699
336,16,in,5.31276
336,17,the,2.20198
336,18,prison,11.9155
336,19,.,3.28386
336,20,</s>,25.0463
337,0,he,4.43708
337,1,knows,11.9494
337,2,that,2.7177
337,3,the,3.64053
337,4,inspector,15.7446
337,5,said,10.855
337,6,the,4.51729
337,7,man,9.44883
337,8,reported,12.4041
337,9,he,8.37548
337,10,thought,9.89456
337,11,he,4.14874
337,12,noticed,13.648
337,13,the,3.89328
337,14,police,11.1571
337,15,interrogated,14.699
337,16,the,5.31276
337,17,spy,15.0835
337,18,in,5.29149
337,19,the,1.85506
337,20,prison,11.9155
337,21,.,3.28386
337,22,</s>,25.0463
338,0,he,4.43708
338,1,knows,11.9494
338,2,who,8.10265
338,3,the,3.8854
338,4,inspector,15.2768
338,5,said,10.855
338,6,the,4.51729
338,7,man,9.44883
338,8,reported,12.4041
338,9,he,8.37548
338,10,thought,9.89456
338,11,he,4.14874
338,12,noticed,13.648
338,13,the,3.89328
338,14,police,11.1571
338,15,interrogated,14.699
338,16,in,5.31276
338,17,the,2.20198
338,18,prison,11.9155
338,19,.,3.28386
338,20,</s>,25.0463
339,0,he,4.43708
339,1,knows,11.9494
339,2,who,8.10265
339,3,the,3.8854
339,4,inspector,15.2768
339,5,said,10.855
339,6,the,4.51729
339,7,man,9.44883
339,8,reported,12.4041
339,9,he,8.37548
339,10,thought,9.89456
339,11,he,4.14874
339,12,noticed,13.648
339,13,the,3.89328
339,14,police,11.1571
339,15,interrogated,14.699
339,16,the,5.31276
339,17,spy,15.0835
339,18,in,5.29149
339,19,the,1.85506
339,20,prison,11.9155
339,21,.,3.28386
339,22,</s>,25.0463
340,0,she,6.52858
340,1,knows,11.9031
340,2,that,2.62183
340,3,the,3.70626
340,4,woman,10.5893
340,5,thanked,13.9101
340,6,after,10.7249
340,7,the,3.49999
340,8,meal,11.6994
340,9,.,3.79528
340,10,</s>,22.7871
341,0,she,6.52858
341,1,knows,11.9031
341,2,that,2.62183
341,3,the,3.70626
341,4,woman,10.5893
341,5,thanked,13.9101
341,6,the,3.15393
341,7,waitress,16.6477
341,8,after,10.3426
341,9,the,3.49999
341,10,meal,11.6994
341,11,.,3.79528
341,12,</s>,22.7871
342,0,she,6.52858
342,1,knows,11.9031
342,2,who,6.14725
342,3,the,3.6838
342,4,woman,7.80189
342,5,thanked,14.4206
342,6,after,10.7249
342,7,the,3.49999
342,8,meal,11.6994
342,9,.,3.79528
342,10,</s>,22.7871
343,0,she,6.52858
343,1,knows,11.9031
343,2,who,6.14725
343,3,the,3.6838
343,4,woman,7.80189
343,5,thanked,14.4206
343,6,the,3.15393
343,7,waitress,16.6477
343,8,after,10.3426
343,9,the,3.49999
343,10,meal,11.6994
343,11,.,3.79528
343,12,</s>,22.7871
344,0,she,6.52858
344,1,knows,11.9031
344,2,that,2.62183
344,3,the,3.70626
344,4,waiter,16.9136
344,5,said,11.8234
344,6,the,4.51729
344,7,woman,12.5589
344,8,thanked,13.7489
344,9,after,10.7249
344,10,the,3.49999
344,11,meal,11.6994
344,12,.,3.79528
344,13,</s>,22.7871
345,0,she,6.52858
345,1,knows,11.9031
345,2,that,2.62183
345,3,the,3.70626
345,4,waiter,16.9136
345,5,said,11.8234
345,6,the,4.51729
345,7,woman,12.5589
345,8,thanked,13.7489
345,9,the,3.15393
345,10,waitress,16.6477
345,11,after,10.3426
345,12,the,3.49999
345,13,meal,11.6994
345,14,.,3.79528
345,15,</s>,22.7871
346,0,she,6.52858
346,1,knows,11.9031
346,2,who,6.14725
346,3,the,3.6838
346,4,waiter,16.4457
346,5,said,11.8234
346,6,the,4.51729
346,7,woman,12.5589
346,8,thanked,13.7489
346,9,after,10.7249
346,10,the,3.49999
346,11,meal,11.6994
346,12,.,3.79528
346,13,</s>,22.7871
347,0,she,6.52858
347,1,knows,11.9031
347,2,who,6.14725
347,3,the,3.6838
347,4,waiter,16.4457
347,5,said,11.8234
347,6,the,4.51729
347,7,woman,12.5589
347,8,thanked,13.7489
347,9,the,3.15393
347,10,waitress,16.6477
347,11,after,10.3426
347,12,the,3.49999
347,13,meal,11.6994
347,14,.,3.79528
347,15,</s>,22.7871
348,0,she,6.52858
348,1,knows,11.9031
348,2,that,2.62183
348,3,the,3.70626
348,4,waiter,16.9136
348,5,said,11.8234
348,6,the,4.51729
348,7,woman,12.5589
348,8,believed,13.7489
348,9,the,3.87627
348,10,woman,12.2588
348,11,thanked,13.7489
348,12,after,10.7249
348,13,the,3.49999
348,14,meal,11.6994
348,15,.,3.79528
348,16,</s>,22.7871
349,0,she,6.52858
349,1,knows,11.9031
349,2,that,2.62183
349,3,the,3.70626
349,4,waiter,16.9136
349,5,said,11.8234
349,6,the,4.51729
349,7,woman,12.5589
349,8,believed,13.7489
349,9,the,3.87627
349,10,woman,12.2588
349,11,thanked,13.7489
349,12,the,3.15393
349,13,waitress,16.6477
349,14,after,10.3426
349,15,the,3.49999
349,16,meal,11.6994
349,17,.,3.79528
349,18,</s>,22.7871
350,0,she,6.52858
350,1,knows,11.9031
350,2,who,6.14725
350,3,the,3.6838
350,4,waiter,16.4457
350,5,said,11.8234
350,6,the,4.51729
350,7,woman,12.5589
350,8,believed,13.7489
350,9,the,3.87627
350,10,woman,12.2588
350,11,thanked,13.7489
350,12,after,10.7249
350,13,the,3.49999
350,14,meal,11.6994
350,15,.,3.79528
350,16,</s>,22.7871
351,0,she,6.52858
351,1,knows,11.9031
351,2,who,6.14725
351,3,the,3.6838
351,4,waiter,16.4457
351,5,said,11.8234
351,6,the,4.51729
351,7,woman,12.5589
351,8,believed,13.7489
351,9,the,3.87627
351,10,woman,12.2588
351,11,thanked,13.7489
351,12,the,3.15393
351,13,waitress,16.6477
351,14,after,10.3426
351,15,the,3.49999
351,16,meal,11.6994
351,17,.,3.79528
351,18,</s>,22.7871
352,0,she,6.52858
352,1,knows,11.9031
352,2,that,2.62183
352,3,the,3.70626
352,4,waiter,16.9136
352,5,said,11.8234
352,6,the,4.51729
352,7,woman,12.5589
352,8,believed,13.7489
352,9,she,6.76858
352,10,remembered,11.6071
352,11,the,4.52391
352,12,woman,12.1059
352,13,thanked,13.7489
352,14,after,10.7249
352,15,the,3.49999
352,16,meal,11.6994
352,17,.,3.79528
352,18,</s>,22.7871
353,0,she,6.52858
353,1,knows,11.9031
353,2,that,2.62183
353,3,the,3.70626
353,4,waiter,16.9136
353,5,said,11.8234
353,6,the,4.51729
353,7,woman,12.5589
353,8,believed,13.7489
353,9,she,6.76858
353,10,remembered,11.6071
353,11,the,4.52391
353,12,woman,12.1059
353,13,thanked,13.7489
353,14,the,3.15393
353,15,waitress,16.6477
353,16,after,10.3426
353,17,the,3.49999
353,18,meal,11.6994
353,19,.,3.79528
353,20,</s>,22.7871
354,0,she,6.52858
354,1,knows,11.9031
354,2,who,6.14725
354,3,the,3.6838
354,4,waiter,16.4457
354,5,said,11.8234
354,6,the,4.51729
354,7,woman,12.5589
354,8,believed,13.7489
354,9,she,6.76858
354,10,remembered,11.6071
354,11,the,4.52391
354,12,woman,12.1059
354,13,thanked,13.7489
354,14,after,10.7249
354,15,the,3.49999
354,16,meal,11.6994
354,17,.,3.79528
354,18,</s>,22.7871
355,0,she,6.52858
355,1,knows,11.9031
355,2,who,6.14725
355,3,the,3.6838
355,4,waiter,16.4457
355,5,said,11.8234
355,6,the,4.51729
355,7,woman,12.5589
355,8,believed,13.7489
355,9,she,6.76858
355,10,remembered,11.6071
355,11,the,4.52391
355,12,woman,12.1059
355,13,thanked,13.7489
355,14,the,3.15393
355,15,waitress,16.6477
355,16,after,10.3426
355,17,the,3.49999
355,18,meal,11.6994
355,19,.,3.79528
355,20,</s>,22.7871
356,0,she,6.52858
356,1,knows,11.9031
356,2,that,2.62183
356,3,the,3.70626
356,4,waiter,16.9136
356,5,said,11.8234
356,6,the,4.51729
356,7,woman,12.5589
356,8,believed,13.7489
356,9,she,6.76858
356,10,remembered,11.6071
356,11,she,11.2417
356,12,knew,8.88401
356,13,the,5.35757
356,14,woman,12.1989
356,15,thanked,13.7489
356,16,after,10.7249
356,17,the,3.49999
356,18,meal,11.6994
356,19,.,3.79528
356,20,</s>,22.7871
357,0,she,6.52858
357,1,knows,11.9031
357,2,that,2.62183
357,3,the,3.70626
357,4,waiter,16.9136
357,5,said,11.8234
357,6,the,4.51729
357,7,woman,12.5589
357,8,believed,13.7489
357,9,she,6.76858
357,10,remembered,11.6071
357,11,she,11.2417
357,12,knew,8.88401
357,13,the,5.35757
357,14,woman,12.1989
357,15,thanked,13.7489
357,16,the,3.15393
357,17,waitress,16.6477
357,18,after,10.3426
357,19,the,3.49999
357,20,meal,11.6994
357,21,.,3.79528
357,22,</s>,22.7871
358,0,she,6.52858
358,1,knows,11.9031
358,2,who,6.14725
358,3,the,3.6838
358,4,waiter,16.4457
358,5,said,11.8234
358,6,the,4.51729
358,7,woman,12.5589
358,8,believed,13.7489
358,9,she,6.76858
358,10,remembered,11.6071
358,11,she,11.2417
358,12,knew,8.88401
358,13,the,5.35757
358,14,woman,12.1989
358,15,thanked,13.7489
358,16,after,10.7249
358,17,the,3.49999
358,18,meal,11.6994
358,19,.,3.79528
358,20,</s>,22.7871
359,0,she,6.52858
359,1,knows,11.9031
359,2,who,6.14725
359,3,the,3.6838
359,4,waiter,16.4457
359,5,said,11.8234
359,6,the,4.51729
359,7,woman,12.5589
359,8,believed,13.7489
359,9,she,6.76858
359,10,remembered,11.6071
359,11,she,11.2417
359,12,knew,8.88401
359,13,the,5.35757
359,14,woman,12.1989
359,15,thanked,13.7489
359,16,the,3.15393
359,17,waitress,16.6477
359,18,after,10.3426
359,19,the,3.49999
359,20,meal,11.6994
359,21,.,3.79528
359,22,</s>,22.7871
360,0,they,6.37172
360,1,know,11.9019
360,2,that,3.79528
360,3,the,2.53449
360,4,nurse,15.3165
360,5,reassured,18.7267
360,6,at,9.77055
360,7,the,3.2401
360,8,hospital,9.09781
360,9,.,2.40323
360,10,</s>,26.8943
361,0,they,6.37172
361,1,know,11.9019
361,2,that,3.79528
361,3,the,2.53449
361,4,nurse,15.3165
361,5,reassured,18.7267
361,6,the,2.43917
361,7,old,10.5842
361,8,woman,8.0687
361,9,at,7.42708
361,10,the,1.47003
361,11,hospital,5.19383
361,12,.,2.76526
361,13,</s>,26.8943
362,0,they,6.37172
362,1,know,11.9019
362,2,who,7.38908
362,3,the,5.01207
362,4,nurse,14.9182
362,5,reassured,18.7267
362,6,at,9.77055
362,7,the,3.2401
362,8,hospital,9.09781
362,9,.,2.40323
362,10,</s>,26.8943
363,0,they,6.37172
363,1,know,11.9019
363,2,who,7.38908
363,3,the,5.01207
363,4,nurse,14.9182
363,5,reassured,18.7267
363,6,the,2.43917
363,7,old,10.5842
363,8,woman,8.0687
363,9,at,7.42708
363,10,the,1.47003
363,11,hospital,5.19383
363,12,.,2.76526
363,13,</s>,26.8943
364,0,they,6.37172
364,1,know,11.9019
364,2,that,3.79528
364,3,the,2.53449
364,4,doctor,10.7618
364,5,believed,13.278
364,6,the,3.87627
364,7,nurse,14.7165
364,8,reassured,18.7267
364,9,at,9.77055
364,10,the,3.2401
364,11,hospital,9.09781
364,12,.,2.40323
364,13,</s>,26.8943
365,0,they,6.37172
365,1,know,11.9019
365,2,that,3.79528
365,3,the,2.53449
365,4,doctor,10.7618
365,5,believed,13.278
365,6,the,3.87627
365,7,nurse,14.7165
365,8,reassured,18.7267
365,9,the,2.43917
365,10,old,10.5842
365,11,woman,8.0687
365,12,at,7.42708
365,13,the,1.47003
365,14,hospital,5.19383
365,15,.,2.76526
365,16,</s>,26.8943
366,0,they,6.37172
366,1,know,11.9019
366,2,who,7.38908
366,3,the,5.01207
366,4,doctor,7.88614
366,5,believed,12.9061
366,6,the,3.87627
366,7,nurse,14.7165
366,8,reassured,18.7267
366,9,at,9.77055
366,10,the,3.2401
366,11,hospital,9.09781
366,12,.,2.40323
366,13,</s>,26.8943
367,0,they,6.37172
367,1,know,11.9019
367,2,who,7.38908
367,3,the,5.01207
367,4,doctor,7.88614
367,5,believed,12.9061
367,6,the,3.87627
367,7,nurse,14.7165
367,8,reassured,18.7267
367,9,the,2.43917
367,10,old,10.5842
367,11,woman,8.0687
367,12,at,7.42708
367,13,the,1.47003
367,14,hospital,5.19383
367,15,.,2.76526
367,16,</s>,26.8943
368,0,they,6.37172
368,1,know,11.9019
368,2,that,3.79528
368,3,the,2.53449
368,4,doctor,10.7618
368,5,believed,13.278
368,6,the,3.87627
368,7,man,11.3386
368,8,said,9.6055
368,9,the,4.64906
368,10,nurse,15.0166
368,11,reassured,18.7267
368,12,at,9.77055
368,13,the,3.2401
368,14,hospital,9.09781
368,15,.,2.40323
368,16,</s>,26.8943
369,0,they,6.37172
369,1,know,11.9019
369,2,that,3.79528
369,3,the,2.53449
369,4,doctor,10.7618
369,5,believed,13.278
369,6,the,3.87627
369,7,man,11.3386
369,8,said,9.6055
369,9,the,4.64906
369,10,nurse,15.0166
369,11,reassured,18.7267
369,12,the,2.43917
369,13,old,10.5842
369,14,woman,8.0687
369,15,at,7.42708
369,16,the,1.47003
369,17,hospital,5.19383
369,18,.,2.76526
369,19,</s>,26.8943
370,0,they,6.37172
370,1,know,11.9019
370,2,who,7.38908
370,3,the,5.01207
370,4,doctor,7.88614
370,5,believed,12.9061
370,6,the,3.87627
370,7,man,11.3386
370,8,said,9.6055
370,9,the,4.64906
370,10,nurse,15.0166
370,11,reassured,18.7267
370,12,at,9.77055
370,13,the,3.2401
370,14,hospital,9.09781
370,15,.,2.40323
370,16,</s>,26.8943
371,0,they,6.37172
371,1,know,11.9019
371,2,who,7.38908
371,3,the,5.01207
371,4,doctor,7.88614
371,5,believed,12.9061
371,6,the,3.87627
371,7,man,11.3386
371,8,said,9.6055
371,9,the,4.64906
371,10,nurse,15.0166
371,11,reassured,18.7267
371,12,the,2.43917
371,13,old,10.5842
371,14,woman,8.0687
371,15,at,7.42708
371,16,the,1.47003
371,17,hospital,5.19383
371,18,.,2.76526
371,19,</s>,26.8943
372,0,they,6.37172
372,1,know,11.9019
372,2,that,3.79528
372,3,the,2.53449
372,4,doctor,10.7618
372,5,believed,13.278
372,6,the,3.87627
372,7,man,11.3386
372,8,said,9.6055
372,9,he,4.34265
372,10,thought,6.54357
372,11,the,4.42331
372,12,nurse,14.892
372,13,reassured,18.7267
372,14,at,9.77055
372,15,the,3.2401
372,16,hospital,9.09781
372,17,.,2.40323
372,18,</s>,26.8943
373,0,they,6.37172
373,1,know,11.9019
373,2,that,3.79528
373,3,the,2.53449
373,4,doctor,10.7618
373,5,believed,13.278
373,6,the,3.87627
373,7,man,11.3386
373,8,said,9.6055
373,9,he,4.34265
373,10,thought,6.54357
373,11,the,4.42331
373,12,nurse,14.892
373,13,reassured,18.7267
373,14,the,2.43917
373,15,old,10.5842
373,16,woman,8.0687
373,17,at,7.42708
373,18,the,1.47003
373,19,hospital,5.19383
373,20,.,2.76526
373,21,</s>,26.8943
374,0,they,6.37172
374,1,know,11.9019
374,2,who,7.38908
374,3,the,5.01207
374,4,doctor,7.88614
374,5,believed,12.9061
374,6,the,3.87627
374,7,man,11.3386
374,8,said,9.6055
374,9,he,4.34265
374,10,thought,6.54357
374,11,the,4.42331
374,12,nurse,14.892
374,13,reassured,18.7267
374,14,at,9.77055
374,15,the,3.2401
374,16,hospital,9.09781
374,17,.,2.40323
374,18,</s>,26.8943
375,0,they,6.37172
375,1,know,11.9019
375,2,who,7.38908
375,3,the,5.01207
375,4,doctor,7.88614
375,5,believed,12.9061
375,6,the,3.87627
375,7,man,11.3386
375,8,said,9.6055
375,9,he,4.34265
375,10,thought,6.54357
375,11,the,4.42331
375,12,nurse,14.892
375,13,reassured,18.7267
375,14,the,2.43917
375,15,old,10.5842
375,16,woman,8.0687
375,17,at,7.42708
375,18,the,1.47003
375,19,hospital,5.19383
375,20,.,2.76526
375,21,</s>,26.8943
376,0,they,6.37172
376,1,know,11.9019
376,2,that,3.79528
376,3,the,2.53449
376,4,doctor,10.7618
376,5,believed,13.278
376,6,the,3.87627
376,7,man,11.3386
376,8,said,9.6055
376,9,he,4.34265
376,10,thought,6.54357
376,11,he,4.42331
376,12,noticed,13.648
376,13,the,3.89328
376,14,nurse,14.6285
376,15,reassured,18.7267
376,16,at,9.77055
376,17,the,3.2401
376,18,hospital,9.09781
376,19,.,2.40323
376,20,</s>,26.8943
377,0,they,6.37172
377,1,know,11.9019
377,2,that,3.79528
377,3,the,2.53449
377,4,doctor,10.7618
377,5,believed,13.278
377,6,the,3.87627
377,7,man,11.3386
377,8,said,9.6055
377,9,he,4.34265
377,10,thought,6.54357
377,11,he,4.42331
377,12,noticed,13.648
377,13,the,3.89328
377,14,nurse,14.6285
377,15,reassured,18.7267
377,16,the,2.43917
377,17,old,10.5842
377,18,woman,8.0687
377,19,at,7.42708
377,20,the,1.47003
377,21,hospital,5.19383
377,22,.,2.76526
377,23,</s>,26.8943
378,0,they,6.37172
378,1,know,11.9019
378,2,who,7.38908
378,3,the,5.01207
378,4,doctor,7.88614
378,5,believed,12.9061
378,6,the,3.87627
378,7,man,11.3386
378,8,said,9.6055
378,9,he,4.34265
378,10,thought,6.54357
378,11,he,4.42331
378,12,noticed,13.648
378,13,the,3.89328
378,14,nurse,14.6285
378,15,reassured,18.7267
378,16,at,9.77055
378,17,the,3.2401
378,18,hospital,9.09781
378,19,.,2.40323
378,20,</s>,26.8943
379,0,they,6.37172
379,1,know,11.9019
379,2,who,7.38908
379,3,the,5.01207
379,4,doctor,7.88614
379,5,believed,12.9061
379,6,the,3.87627
379,7,man,11.3386
379,8,said,9.6055
379,9,he,4.34265
379,10,thought,6.54357
379,11,he,4.42331
379,12,noticed,13.648
379,13,the,3.89328
379,14,nurse,14.6285
379,15,reassured,18.7267
379,16,the,2.43917
379,17,old,10.5842
379,18,woman,8.0687
379,19,at,7.42708
379,20,the,1.47003
379,21,hospital,5.19383
379,22,.,2.76526
379,23,</s>,26.8943
380,0,he,4.43708
380,1,reported,10.9023
380,2,that,1.2922
380,3,the,2.05663
380,4,cowboy,15.8497
380,5,abandoned,14.5871
380,6,in,5.14915
380,7,the,3.55912
380,8,desert,10.7594
380,9,.,2.49903
380,10,</s>,27.1167
381,0,he,4.43708
381,1,reported,10.9023
381,2,that,1.2922
381,3,the,2.05663
381,4,cowboy,15.8497
381,5,abandoned,14.5871
381,6,his,5.07946
381,7,partner,10.9919
381,8,in,5.37862
381,9,the,2.36448
381,10,desert,10.7371
381,11,.,2.49903
381,12,</s>,27.1167
382,0,he,4.43708
382,1,reported,10.9023
382,2,who,12.6639
382,3,the,8.96323
382,4,cowboy,15.2768
382,5,abandoned,14.5871
382,6,in,5.14915
382,7,the,3.55912
382,8,desert,10.7594
382,9,.,2.49903
382,10,</s>,27.1167
383,0,he,4.43708
383,1,reported,10.9023
383,2,who,12.6639
383,3,the,8.96323
383,4,cowboy,15.2768
383,5,abandoned,14.5871
383,6,his,5.07946
383,7,partner,10.9919
383,8,in,5.37862
383,9,the,2.36448
383,10,desert,10.7371
383,11,.,2.49903
383,12,</s>,27.1167
384,0,he,4.43708
384,1,reported,10.9023
384,2,that,1.2922
384,3,the,2.05663
384,4,farmer,13.472
384,5,said,10.1117
384,6,the,4.51729
384,7,cowboy,15.4595
384,8,abandoned,14.5871
384,9,in,5.14915
384,10,the,3.55912
384,11,desert,10.7594
384,12,.,2.49903
384,13,</s>,27.1167
385,0,he,4.43708
385,1,reported,10.9023
385,2,that,1.2922
385,3,the,2.05663
385,4,farmer,13.472
385,5,said,10.1117
385,6,the,4.51729
385,7,cowboy,15.4595
385,8,abandoned,14.5871
385,9,his,5.07946
385,10,partner,10.9919
385,11,in,5.37862
385,12,the,2.36448
385,13,desert,10.7371
385,14,.,2.49903
385,15,</s>,27.1167
386,0,he,4.43708
386,1,reported,10.9023
386,2,who,12.6639
386,3,the,8.96323
386,4,farmer,14.4156
386,5,said,9.82373
386,6,the,4.51729
386,7,cowboy,15.4595
386,8,abandoned,14.5871
386,9,in,5.14915
386,10,the,3.55912
386,11,desert,10.7594
386,12,.,2.49903
386,13,</s>,27.1167
387,0,he,4.43708
387,1,reported,10.9023
387,2,who,12.6639
387,3,the,8.96323
387,4,farmer,14.4156
387,5,said,9.82373
387,6,the,4.51729
387,7,cowboy,15.4595
387,8,abandoned,14.5871
387,9,his,5.07946
387,10,partner,10.9919
387,11,in,5.37862
387,12,the,2.36448
387,13,desert,10.7371
387,14,.,2.49903
387,15,</s>,27.1167
388,0,he,4.43708
388,1,reported,10.9023
388,2,that,1.2922
388,3,the,2.05663
388,4,farmer,13.472
388,5,said,10.1117
388,6,his,6.83762
388,7,friend,9.31131
388,8,reported,13.4028
388,9,the,4.76018
388,10,cowboy,15.4119
388,11,abandoned,14.5871
388,12,in,5.14915
388,13,the,3.55912
388,14,desert,10.7594
388,15,.,2.49903
388,16,</s>,27.1167
389,0,he,4.43708
389,1,reported,10.9023
389,2,that,1.2922
389,3,the,2.05663
389,4,farmer,13.472
389,5,said,10.1117
389,6,his,6.83762
389,7,friend,9.31131
389,8,reported,13.4028
389,9,the,4.76018
389,10,cowboy,15.4119
389,11,abandoned,14.5871
389,12,his,5.07946
389,13,partner,10.9919
389,14,in,5.37862
389,15,the,2.36448
389,16,desert,10.7371
389,17,.,2.49903
389,18,</s>,27.1167
390,0,he,4.43708
390,1,reported,10.9023
390,2,who,12.6639
390,3,the,8.96323
390,4,farmer,14.4156
390,5,said,9.82373
390,6,his,6.83762
390,7,friend,9.31131
390,8,reported,13.4028
390,9,the,4.76018
390,10,cowboy,15.4119
390,11,abandoned,14.5871
390,12,in,5.14915
390,13,the,3.55912
390,14,desert,10.7594
390,15,.,2.49903
390,16,</s>,27.1167
391,0,he,4.43708
391,1,reported,10.9023
391,2,who,12.6639
391,3,the,8.96323
391,4,farmer,14.4156
391,5,said,9.82373
391,6,his,6.83762
391,7,friend,9.31131
391,8,reported,13.4028
391,9,the,4.76018
391,10,cowboy,15.4119
391,11,abandoned,14.5871
391,12,his,5.07946
391,13,partner,10.9919
391,14,in,5.37862
391,15,the,2.36448
391,16,desert,10.7371
391,17,.,2.49903
391,18,</s>,27.1167
392,0,he,4.43708
392,1,reported,10.9023
392,2,that,1.2922
392,3,the,2.05663
392,4,farmer,13.472
392,5,said,10.1117
392,6,his,6.83762
392,7,friend,9.31131
392,8,reported,13.4028
392,9,he,8.37548
392,10,believed,9.80764
392,11,the,4.34857
392,12,cowboy,15.1519
392,13,abandoned,14.5871
392,14,in,5.14915
392,15,the,3.55912
392,16,desert,10.7594
392,17,.,2.49903
392,18,</s>,27.1167
393,0,he,4.43708
393,1,reported,10.9023
393,2,that,1.2922
393,3,the,2.05663
393,4,farmer,13.472
393,5,said,10.1117
393,6,his,6.83762
393,7,friend,9.31131
393,8,reported,13.4028
393,9,he,8.37548
393,10,believed,9.80764
393,11,the,4.34857
393,12,cowboy,15.1519
393,13,abandoned,14.5871
393,14,his,5.07946
393,15,partner,10.9919
393,16,in,5.37862
393,17,the,2.36448
393,18,desert,10.7371
393,19,.,2.49903
393,20,</s>,27.1167
394,0,he,4.43708
394,1,reported,10.9023
394,2,who,12.6639
394,3,the,8.96323
394,4,farmer,14.4156
394,5,said,9.82373
394,6,his,6.83762
394,7,friend,9.31131
394,8,reported,13.4028
394,9,he,8.37548
394,10,believed,9.80764
394,11,the,4.34857
394,12,cowboy,15.1519
394,13,abandoned,14.5871
394,14,in,5.14915
394,15,the,3.55912
394,16,desert,10.7594
394,17,.,2.49903
394,18,</s>,27.1167
395,0,he,4.43708
395,1,reported,10.9023
395,2,who,12.6639
395,3,the,8.96323
395,4,farmer,14.4156
395,5,said,9.82373
395,6,his,6.83762
395,7,friend,9.31131
395,8,reported,13.4028
395,9,he,8.37548
395,10,believed,9.80764
395,11,the,4.34857
395,12,cowboy,15.1519
395,13,abandoned,14.5871
395,14,his,5.07946
395,15,partner,10.9919
395,16,in,5.37862
395,17,the,2.36448
395,18,desert,10.7371
395,19,.,2.49903
395,20,</s>,27.1167
396,0,he,4.43708
396,1,reported,10.9023
396,2,that,1.2922
396,3,the,2.05663
396,4,farmer,13.472
396,5,said,10.1117
396,6,his,6.83762
396,7,friend,9.31131
396,8,reported,13.4028
396,9,he,8.37548
396,10,believed,9.80764
396,11,he,4.50356
396,12,noticed,13.1537
396,13,the,3.89328
396,14,cowboy,15.0714
396,15,abandoned,14.5871
396,16,in,5.14915
396,17,the,3.55912
396,18,desert,10.7594
396,19,.,2.49903
396,20,</s>,27.1167
397,0,he,4.43708
397,1,reported,10.9023
397,2,that,1.2922
397,3,the,2.05663
397,4,farmer,13.472
397,5,said,10.1117
397,6,his,6.83762
397,7,friend,9.31131
397,8,reported,13.4028
397,9,he,8.37548
397,10,believed,9.80764
397,11,he,4.50356
397,12,noticed,13.1537
397,13,the,3.89328
397,14,cowboy,15.0714
397,15,abandoned,14.5871
397,16,his,5.07946
397,17,partner,10.9919
397,18,in,5.37862
397,19,the,2.36448
397,20,desert,10.7371
397,21,.,2.49903
397,22,</s>,27.1167
398,0,he,4.43708
398,1,reported,10.9023
398,2,who,12.6639
398,3,the,8.96323
398,4,farmer,14.4156
398,5,said,9.82373
398,6,his,6.83762
398,7,friend,9.31131
398,8,reported,13.4028
398,9,he,8.37548
398,10,believed,9.80764
398,11,he,4.50356
398,12,noticed,13.1537
398,13,the,3.89328
398,14,cowboy,15.0714
398,15,abandoned,14.5871
398,16,in,5.14915
398,17,the,3.55912
398,18,desert,10.7594
398,19,.,2.49903
398,20,</s>,27.1167
399,0,he,4.43708
399,1,reported,10.9023
399,2,who,12.6639
399,3,the,8.96323
399,4,farmer,14.4156
399,5,said,9.82373
399,6,his,6.83762
399,7,friend,9.31131
399,8,reported,13.4028
399,9,he,8.37548
399,10,believed,9.80764
399,11,he,4.50356
399,12,noticed,13.1537
399,13,the,3.89328
399,14,cowboy,15.0714
399,15,abandoned,14.5871
399,16,his,5.07946
399,17,partner,10.9919
399,18,in,5.37862
399,19,the,2.36448
399,20,desert,10.7371
399,21,.,2.49903
399,22,</s>,27.1167
400,0,they,6.37172
400,1,reported,11.2987
400,2,that,1.06934
400,3,the,2.41116
400,4,manager,13.472
400,5,promoted,16.0318
400,6,yesterday,17.687
400,7,.,3.2734
400,8,</s>,25.7493
401,0,they,6.37172
401,1,reported,11.2987
401,2,that,1.06934
401,3,the,2.41116
401,4,manager,13.472
401,5,promoted,16.0318
401,6,the,3.37318
401,7,accountant,17.147
401,8,yesterday,17.3641
401,9,.,3.2734
401,10,</s>,25.7493
402,0,they,6.37172
402,1,reported,11.2987
402,2,who,12.4486
402,3,the,8.96323
402,4,manager,13.504
402,5,promoted,15.9501
402,6,yesterday,17.687
402,7,.,3.2734
402,8,</s>,25.7493
403,0,they,6.37172
403,1,reported,11.2987
403,2,who,12.4486
403,3,the,8.96323
403,4,manager,13.504
403,5,promoted,15.9501
403,6,the,3.37318
403,7,accountant,17.147
403,8,yesterday,17.3641
403,9,.,3.2734
403,10,</s>,25.7493
404,0,they,6.37172
404,1,reported,11.2987
404,2,that,1.06934
404,3,the,2.41116
404,4,executive,12.1971
404,5,said,11.155
404,6,the,4.51729
404,7,manager,13.6867
404,8,promoted,15.9501
404,9,yesterday,17.687
404,10,.,3.2734
404,11,</s>,25.7493
405,0,they,6.37172
405,1,reported,11.2987
405,2,that,1.06934
405,3,the,2.41116
405,4,executive,12.1971
405,5,said,11.155
405,6,the,4.51729
405,7,manager,13.6867
405,8,promoted,15.9501
405,9,the,3.37318
405,10,accountant,17.147
405,11,yesterday,17.3641
405,12,.,3.2734
405,13,</s>,25.7493
406,0,they,6.37172
406,1,reported,11.2987
406,2,who,12.4486
406,3,the,8.96323
406,4,executive,12.7083
406,5,said,10.7408
406,6,the,4.51729
406,7,manager,13.6867
406,8,promoted,15.9501
406,9,yesterday,17.687
406,10,.,3.2734
406,11,</s>,25.7493
407,0,they,6.37172
407,1,reported,11.2987
407,2,who,12.4486
407,3,the,8.96323
407,4,executive,12.7083
407,5,said,10.7408
407,6,the,4.51729
407,7,manager,13.6867
407,8,promoted,15.9501
407,9,the,3.37318
407,10,accountant,17.147
407,11,yesterday,17.3641
407,12,.,3.2734
407,13,</s>,25.7493
408,0,they,6.37172
408,1,reported,11.2987
408,2,that,1.06934
408,3,the,2.41116
408,4,executive,12.1971
408,5,said,11.155
408,6,a,8.25788
408,7,reporter,12.875
408,8,believed,14.1865
408,9,the,3.87627
408,10,manager,13.3866
408,11,promoted,15.9501
408,12,yesterday,17.687
408,13,.,3.2734
408,14,</s>,25.7493
409,0,they,6.37172
409,1,reported,11.2987
409,2,that,1.06934
409,3,the,2.41116
409,4,executive,12.1971
409,5,said,11.155
409,6,a,8.25788
409,7,reporter,12.875
409,8,believed,14.1865
409,9,the,3.87627
409,10,manager,13.3866
409,11,promoted,15.9501
409,12,the,3.37318
409,13,accountant,17.147
409,14,yesterday,17.3641
409,15,.,3.2734
409,16,</s>,25.7493
410,0,they,6.37172
410,1,reported,11.2987
410,2,who,12.4486
410,3,the,8.96323
410,4,executive,12.7083
410,5,said,10.7408
410,6,a,8.25788
410,7,reporter,12.875
410,8,believed,14.1865
410,9,the,3.87627
410,10,manager,13.3866
410,11,promoted,15.9501
410,12,yesterday,17.687
410,13,.,3.2734
410,14,</s>,25.7493
411,0,they,6.37172
411,1,reported,11.2987
411,2,who,12.4486
411,3,the,8.96323
411,4,executive,12.7083
411,5,said,10.7408
411,6,a,8.25788
411,7,reporter,12.875
411,8,believed,14.1865
411,9,the,3.87627
411,10,manager,13.3866
411,11,promoted,15.9501
411,12,the,3.37318
411,13,accountant,17.147
411,14,yesterday,17.3641
411,15,.,3.2734
411,16,</s>,25.7493
412,0,they,6.37172
412,1,reported,11.2987
412,2,that,1.06934
412,3,the,2.41116
412,4,executive,12.1971
412,5,said,11.155
412,6,a,8.25788
412,7,reporter,12.875
412,8,believed,14.1865
412,9,the,3.87627
412,10,client,13.2423
412,11,said,12.4449
412,12,the,4.51729
412,13,manager,13.6867
412,14,promoted,15.9501
412,15,yesterday,17.687
412,16,.,3.2734
412,17,</s>,25.7493
413,0,they,6.37172
413,1,reported,11.2987
413,2,that,1.06934
413,3,the,2.41116
413,4,executive,12.1971
413,5,said,11.155
413,6,a,8.25788
413,7,reporter,12.875
413,8,believed,14.1865
413,9,the,3.87627
413,10,client,13.2423
413,11,said,12.4449
413,12,the,4.51729
413,13,manager,13.6867
413,14,promoted,15.9501
413,15,the,3.37318
413,16,accountant,17.147
413,17,yesterday,17.3641
413,18,.,3.2734
413,19,</s>,25.7493
414,0,they,6.37172
414,1,reported,11.2987
414,2,who,12.4486
414,3,the,8.96323
414,4,executive,12.7083
414,5,said,10.7408
414,6,a,8.25788
414,7,reporter,12.875
414,8,believed,14.1865
414,9,the,3.87627
414,10,client,13.2423
414,11,said,12.4449
414,12,the,4.51729
414,13,manager,13.6867
414,14,promoted,15.9501
414,15,yesterday,17.687
414,16,.,3.2734
414,17,</s>,25.7493
415,0,they,6.37172
415,1,reported,11.2987
415,2,who,12.4486
415,3,the,8.96323
415,4,executive,12.7083
415,5,said,10.7408
415,6,a,8.25788
415,7,reporter,12.875
415,8,believed,14.1865
415,9,the,3.87627
415,10,client,13.2423
415,11,said,12.4449
415,12,the,4.51729
415,13,manager,13.6867
415,14,promoted,15.9501
415,15,the,3.37318
415,16,accountant,17.147
415,17,yesterday,17.3641
415,18,.,3.2734
415,19,</s>,25.7493
416,0,they,6.37172
416,1,reported,11.2987
416,2,that,1.06934
416,3,the,2.41116
416,4,executive,12.1971
416,5,said,11.155
416,6,a,8.25788
416,7,reporter,12.875
416,8,believed,14.1865
416,9,the,3.87627
416,10,client,13.2423
416,11,said,12.4449
416,12,he,4.21088
416,13,saw,7.7419
416,14,the,3.79528
416,15,manager,13.9691
416,16,promoted,15.9501
416,17,yesterday,17.687
416,18,.,3.2734
416,19,</s>,25.7493
417,0,they,6.37172
417,1,reported,11.2987
417,2,that,1.06934
417,3,the,2.41116
417,4,executive,12.1971
417,5,said,11.155
417,6,a,8.25788
417,7,reporter,12.875
417,8,believed,14.1865
417,9,the,3.87627
417,10,client,13.2423
417,11,said,12.4449
417,12,he,4.21088
417,13,saw,7.7419
417,14,the,3.79528
417,15,manager,13.9691
417,16,promoted,15.9501
417,17,the,3.37318
417,18,accountant,17.147
417,19,yesterday,17.3641
417,20,.,3.2734
417,21,</s>,25.7493
418,0,they,6.37172
418,1,reported,11.2987
418,2,who,12.4486
418,3,the,8.96323
418,4,executive,12.7083
418,5,said,10.7408
418,6,a,8.25788
418,7,reporter,12.875
418,8,believed,14.1865
418,9,the,3.87627
418,10,client,13.2423
418,11,said,12.4449
418,12,he,4.21088
418,13,saw,7.7419
418,14,the,3.79528
418,15,manager,13.9691
418,16,promoted,15.9501
418,17,yesterday,17.687
418,18,.,3.2734
418,19,</s>,25.7493
419,0,they,6.37172
419,1,reported,11.2987
419,2,who,12.4486
419,3,the,8.96323
419,4,executive,12.7083
419,5,said,10.7408
419,6,a,8.25788
419,7,reporter,12.875
419,8,believed,14.1865
419,9,the,3.87627
419,10,client,13.2423
419,11,said,12.4449
419,12,he,4.21088
419,13,saw,7.7419
419,14,the,3.79528
419,15,manager,13.9691
419,16,promoted,15.9501
419,17,the,3.37318
419,18,accountant,17.147
419,19,yesterday,17.3641
419,20,.,3.2734
419,21,</s>,25.7493
420,0,they,6.37172
420,1,recalled,15.4151
420,2,that,3.25558
420,3,the,3.21199
420,4,heiress,16.5784
420,5,divorced,17.3252
420,6,last,14.9841
420,7,year,6.09731
420,8,.,3.19119
420,9,</s>,26.3523
421,0,they,6.37172
421,1,recalled,15.4151
421,2,that,3.25558
421,3,the,3.21199
421,4,heiress,16.5784
421,5,divorced,17.3252
421,6,the,6.85238
421,7,count,13.0823
421,8,last,15.2183
421,9,year,6.09731
421,10,.,3.19119
421,11,</s>,26.3523
422,0,they,6.37172
422,1,recalled,15.4151
422,2,who,11.9121
422,3,the,8.96323
422,4,heiress,16.1585
422,5,divorced,17.3252
422,6,last,14.9841
422,7,year,6.09731
422,8,.,3.19119
422,9,</s>,26.3523
423,0,they,6.37172
423,1,recalled,15.4151
423,2,who,11.9121
423,3,the,8.96323
423,4,heiress,16.1585
423,5,divorced,17.3252
423,6,the,6.85238
423,7,count,13.0823
423,8,last,15.2183
423,9,year,6.09731
423,10,.,3.19119
423,11,</s>,26.3523
424,0,they,6.37172
424,1,recalled,15.4151
424,2,that,3.25558
424,3,the,3.21199
424,4,writer,11.6729
424,5,thought,14.3217
424,6,the,4.36895
424,7,heiress,16.1942
424,8,divorced,17.3252
424,9,last,14.9841
424,10,year,6.09731
424,11,.,3.19119
424,12,</s>,26.3523
425,0,they,6.37172
425,1,recalled,15.4151
425,2,that,3.25558
425,3,the,3.21199
425,4,writer,11.6729
425,5,thought,14.3217
425,6,the,4.36895
425,7,heiress,16.1942
425,8,divorced,17.3252
425,9,the,6.85238
425,10,count,13.0823
425,11,last,15.2183
425,12,year,6.09731
425,13,.,3.19119
425,14,</s>,26.3523
426,0,they,6.37172
426,1,recalled,15.4151
426,2,who,11.9121
426,3,the,8.96323
426,4,writer,13.3228
426,5,thought,13.9288
426,6,the,4.36895
426,7,heiress,16.1942
426,8,divorced,17.3252
426,9,last,14.9841
426,10,year,6.09731
426,11,.,3.19119
426,12,</s>,26.3523
427,0,they,6.37172
427,1,recalled,15.4151
427,2,who,11.9121
427,3,the,8.96323
427,4,writer,13.3228
427,5,thought,13.9288
427,6,the,4.36895
427,7,heiress,16.1942
427,8,divorced,17.3252
427,9,the,6.85238
427,10,count,13.0823
427,11,last,15.2183
427,12,year,6.09731
427,13,.,3.19119
427,14,</s>,26.3523
428,0,they,6.37172
428,1,recalled,15.4151
428,2,that,3.25558
428,3,the,3.21199
428,4,writer,11.6729
428,5,thought,14.3217
428,6,the,4.36895
428,7,man,11.4918
428,8,said,9.6055
428,9,the,4.64906
428,10,heiress,16.3411
428,11,divorced,17.3252
428,12,last,14.9841
428,13,year,6.09731
428,14,.,3.19119
428,15,</s>,26.3523
429,0,they,6.37172
429,1,recalled,15.4151
429,2,that,3.25558
429,3,the,3.21199
429,4,writer,11.6729
429,5,thought,14.3217
429,6,the,4.36895
429,7,man,11.4918
429,8,said,9.6055
429,9,the,4.64906
429,10,heiress,16.3411
429,11,divorced,17.3252
429,12,the,6.85238
429,13,count,13.0823
429,14,last,15.2183
429,15,year,6.09731
429,16,.,3.19119
429,17,</s>,26.3523
430,0,they,6.37172
430,1,recalled,15.4151
430,2,who,11.9121
430,3,the,8.96323
430,4,writer,13.3228
430,5,thought,13.9288
430,6,the,4.36895
430,7,man,11.4918
430,8,said,9.6055
430,9,the,4.64906
430,10,heiress,16.3411
430,11,divorced,17.3252
430,12,last,14.9841
430,13,year,6.09731
430,14,.,3.19119
430,15,</s>,26.3523
431,0,they,6.37172
431,1,recalled,15.4151
431,2,who,11.9121
431,3,the,8.96323
431,4,writer,13.3228
431,5,thought,13.9288
431,6,the,4.36895
431,7,man,11.4918
431,8,said,9.6055
431,9,the,4.64906
431,10,heiress,16.3411
431,11,divorced,17.3252
431,12,the,6.85238
431,13,count,13.0823
431,14,last,15.2183
431,15,year,6.09731
431,16,.,3.19119
431,17,</s>,26.3523
432,0,they,6.37172
432,1,recalled,15.4151
432,2,that,3.25558
432,3,the,3.21199
432,4,writer,11.6729
432,5,thought,14.3217
432,6,the,4.36895
432,7,man,11.4918
432,8,said,9.6055
432,9,his,6.96939
432,10,brother,7.69383
432,11,believed,13.7771
432,12,the,3.87627
432,13,heiress,16.041
432,14,divorced,17.3252
432,15,last,14.9841
432,16,year,6.09731
432,17,.,3.19119
432,18,</s>,26.3523
433,0,they,6.37172
433,1,recalled,15.4151
433,2,that,3.25558
433,3,the,3.21199
433,4,writer,11.6729
433,5,thought,14.3217
433,6,the,4.36895
433,7,man,11.4918
433,8,said,9.6055
433,9,his,6.96939
433,10,brother,7.69383
433,11,believed,13.7771
433,12,the,3.87627
433,13,heiress,16.041
433,14,divorced,17.3252
433,15,the,6.85238
433,16,count,13.0823
433,17,last,15.2183
433,18,year,6.09731
433,19,.,3.19119
433,20,</s>,26.3523
434,0,they,6.37172
434,1,recalled,15.4151
434,2,who,11.9121
434,3,the,8.96323
434,4,writer,13.3228
434,5,thought,13.9288
434,6,the,4.36895
434,7,man,11.4918
434,8,said,9.6055
434,9,his,6.96939
434,10,brother,7.69383
434,11,believed,13.7771
434,12,the,3.87627
434,13,heiress,16.041
434,14,divorced,17.3252
434,15,last,14.9841
434,16,year,6.09731
434,17,.,3.19119
434,18,</s>,26.3523
435,0,they,6.37172
435,1,recalled,15.4151
435,2,who,11.9121
435,3,the,8.96323
435,4,writer,13.3228
435,5,thought,13.9288
435,6,the,4.36895
435,7,man,11.4918
435,8,said,9.6055
435,9,his,6.96939
435,10,brother,7.69383
435,11,believed,13.7771
435,12,the,3.87627
435,13,heiress,16.041
435,14,divorced,17.3252
435,15,the,6.85238
435,16,count,13.0823
435,17,last,15.2183
435,18,year,6.09731
435,19,.,3.19119
435,20,</s>,26.3523
436,0,they,6.37172
436,1,recalled,15.4151
436,2,that,3.25558
436,3,the,3.21199
436,4,writer,11.6729
436,5,thought,14.3217
436,6,the,4.36895
436,7,man,11.4918
436,8,said,9.6055
436,9,his,6.96939
436,10,brother,7.69383
436,11,believed,13.7771
436,12,he,5.20607
436,13,saw,7.19067
436,14,the,4.16645
436,15,heiress,16.6235
436,16,divorced,17.3252
436,17,last,14.9841
436,18,year,6.09731
436,19,.,3.19119
436,20,</s>,26.3523
437,0,they,6.37172
437,1,recalled,15.4151
437,2,that,3.25558
437,3,the,3.21199
437,4,writer,11.6729
437,5,thought,14.3217
437,6,the,4.36895
437,7,man,11.4918
437,8,said,9.6055
437,9,his,6.96939
437,10,brother,7.69383
437,11,believed,13.7771
437,12,he,5.20607
437,13,saw,7.19067
437,14,the,4.16645
437,15,heiress,16.6235
437,16,divorced,17.3252
437,17,the,6.85238
437,18,count,13.0823
437,19,last,15.2183
437,20,year,6.09731
437,21,.,3.19119
437,22,</s>,26.3523
438,0,they,6.37172
438,1,recalled,15.4151
438,2,who,11.9121
438,3,the,8.96323
438,4,writer,13.3228
438,5,thought,13.9288
438,6,the,4.36895
438,7,man,11.4918
438,8,said,9.6055
438,9,his,6.96939
438,10,brother,7.69383
438,11,believed,13.7771
438,12,he,5.20607
438,13,saw,7.19067
438,14,the,4.16645
438,15,heiress,16.6235
438,16,divorced,17.3252
438,17,last,14.9841
438,18,year,6.09731
438,19,.,3.19119
438,20,</s>,26.3523
439,0,they,6.37172
439,1,recalled,15.4151
439,2,who,11.9121
439,3,the,8.96323
439,4,writer,13.3228
439,5,thought,13.9288
439,6,the,4.36895
439,7,man,11.4918
439,8,said,9.6055
439,9,his,6.96939
439,10,brother,7.69383
439,11,believed,13.7771
439,12,he,5.20607
439,13,saw,7.19067
439,14,the,4.16645
439,15,heiress,16.6235
439,16,divorced,17.3252
439,17,the,6.85238
439,18,count,13.0823
439,19,last,15.2183
439,20,year,6.09731
439,21,.,3.19119
439,22,</s>,26.3523
440,0,the,2.46696
440,1,assistant,15.2034
440,2,told,14.3917
440,3,me,5.67112
440,4,that,2.70399
440,5,the,3.40538
440,6,pilot,11.5718
440,7,sent,13.8225
440,8,to,3.66186
440,9,his,7.0128
440,10,family,5.42331
440,11,.,2.48781
440,12,</s>,27.279
441,0,the,2.46696
441,1,assistant,15.2034
441,2,told,14.3917
441,3,me,5.67112
441,4,that,2.70399
441,5,the,3.40538
441,6,pilot,11.5718
441,7,sent,13.8225
441,8,the,4.56608
441,9,package,14.5674
441,10,to,6.32491
441,11,his,7.73794
441,12,family,6.59809
441,13,.,2.48781
441,14,</s>,27.279
442,0,the,2.46696
442,1,assistant,15.2034
442,2,told,14.3917
442,3,me,5.67112
442,4,what,7.46877
442,5,the,5.39093
442,6,pilot,10.8575
442,7,sent,13.7232
442,8,to,3.66186
442,9,his,7.0128
442,10,family,5.42331
442,11,.,2.48781
442,12,</s>,27.279
443,0,the,2.46696
443,1,assistant,15.2034
443,2,told,14.3917
443,3,me,5.67112
443,4,what,7.46877
443,5,the,5.39093
443,6,pilot,10.8575
443,7,sent,13.7232
443,8,the,4.56608
443,9,package,14.5674
443,10,to,6.32491
443,11,his,7.73794
443,12,family,6.59809
443,13,.,2.48781
443,14,</s>,27.279
444,0,the,2.46696
444,1,assistant,15.2034
444,2,told,14.3917
444,3,me,5.67112
444,4,that,2.70399
444,5,the,3.40538
444,6,man,9.56993
444,7,knew,15.3509
444,8,the,4.27224
444,9,pilot,12.0721
444,10,sent,13.7232
444,11,to,3.66186
444,12,his,7.0128
444,13,family,5.42331
444,14,.,2.48781
444,15,</s>,27.279
445,0,the,2.46696
445,1,assistant,15.2034
445,2,told,14.3917
445,3,me,5.67112
445,4,that,2.70399
445,5,the,3.40538
445,6,man,9.56993
445,7,knew,15.3509
445,8,the,4.27224
445,9,pilot,12.0721
445,10,sent,13.7232
445,11,the,4.56608
445,12,package,14.5674
445,13,to,6.32491
445,14,his,7.73794
445,15,family,6.59809
445,16,.,2.48781
445,17,</s>,27.279
446,0,the,2.46696
446,1,assistant,15.2034
446,2,told,14.3917
446,3,me,5.67112
446,4,what,7.46877
446,5,the,5.39093
446,6,man,11.6781
446,7,knew,14.8402
446,8,the,4.27224
446,9,pilot,12.0721
446,10,sent,13.7232
446,11,to,3.66186
446,12,his,7.0128
446,13,family,5.42331
446,14,.,2.48781
446,15,</s>,27.279
447,0,the,2.46696
447,1,assistant,15.2034
447,2,told,14.3917
447,3,me,5.67112
447,4,what,7.46877
447,5,the,5.39093
447,6,man,11.6781
447,7,knew,14.8402
447,8,the,4.27224
447,9,pilot,12.0721
447,10,sent,13.7232
447,11,the,4.56608
447,12,package,14.5674
447,13,to,6.32491
447,14,his,7.73794
447,15,family,6.59809
447,16,.,2.48781
447,17,</s>,27.279
448,0,the,2.46696
448,1,assistant,15.2034
448,2,told,14.3917
448,3,me,5.67112
448,4,that,2.70399
448,5,the,3.40538
448,6,man,9.56993
448,7,knew,15.3509
448,8,his,6.10381
448,9,friend,9.30099
448,10,recalled,11.6828
448,11,the,4.00018
448,12,pilot,12.0651
448,13,sent,13.7232
448,14,to,3.66186
448,15,his,7.0128
448,16,family,5.42331
448,17,.,2.48781
448,18,</s>,27.279
449,0,the,2.46696
449,1,assistant,15.2034
449,2,told,14.3917
449,3,me,5.67112
449,4,that,2.70399
449,5,the,3.40538
449,6,man,9.56993
449,7,knew,15.3509
449,8,his,6.10381
449,9,friend,9.30099
449,10,recalled,11.6828
449,11,the,4.00018
449,12,pilot,12.0651
449,13,sent,13.7232
449,14,the,4.56608
449,15,package,14.5674
449,16,to,6.32491
449,17,his,7.73794
449,18,family,6.59809
449,19,.,2.48781
449,20,</s>,27.279
450,0,the,2.46696
450,1,assistant,15.2034
450,2,told,14.3917
450,3,me,5.67112
450,4,what,7.46877
450,5,the,5.39093
450,6,man,11.6781
450,7,knew,14.8402
450,8,his,6.10381
450,9,friend,9.30099
450,10,recalled,11.6828
450,11,the,4.00018
450,12,pilot,12.0651
450,13,sent,13.7232
450,14,to,3.66186
450,15,his,7.0128
450,16,family,5.42331
450,17,.,2.48781
450,18,</s>,27.279
451,0,the,2.46696
451,1,assistant,15.2034
451,2,told,14.3917
451,3,me,5.67112
451,4,what,7.46877
451,5,the,5.39093
451,6,man,11.6781
451,7,knew,14.8402
451,8,his,6.10381
451,9,friend,9.30099
451,10,recalled,11.6828
451,11,the,4.00018
451,12,pilot,12.0651
451,13,sent,13.7232
451,14,the,4.56608
451,15,package,14.5674
451,16,to,6.32491
451,17,his,7.73794
451,18,family,6.59809
451,19,.,2.48781
451,20,</s>,27.279
452,0,the,2.46696
452,1,assistant,15.2034
452,2,told,14.3917
452,3,me,5.67112
452,4,that,2.70399
452,5,the,3.40538
452,6,man,9.56993
452,7,knew,15.3509
452,8,his,6.10381
452,9,friend,9.30099
452,10,recalled,11.6828
452,11,the,4.00018
452,12,woman,12.1919
452,13,said,9.79886
452,14,the,4.76385
452,15,pilot,12.4321
452,16,sent,13.7232
452,17,to,3.66186
452,18,his,7.0128
452,19,family,5.42331
452,20,.,2.48781
452,21,</s>,27.279
453,0,the,2.46696
453,1,assistant,15.2034
453,2,told,14.3917
453,3,me,5.67112
453,4,that,2.70399
453,5,the,3.40538
453,6,man,9.56993
453,7,knew,15.3509
453,8,his,6.10381
453,9,friend,9.30099
453,10,recalled,11.6828
453,11,the,4.00018
453,12,woman,12.1919
453,13,said,9.79886
453,14,the,4.76385
453,15,pilot,12.4321
453,16,sent,13.7232
453,17,the,4.56608
453,18,package,14.5674
453,19,to,6.32491
453,20,his,7.73794
453,21,family,6.59809
453,22,.,2.48781
453,23,</s>,27.279
454,0,the,2.46696
454,1,assistant,15.2034
454,2,told,14.3917
454,3,me,5.67112
454,4,what,7.46877
454,5,the,5.39093
454,6,man,11.6781
454,7,knew,14.8402
454,8,his,6.10381
454,9,friend,9.30099
454,10,recalled,11.6828
454,11,the,4.00018
454,12,woman,12.1919
454,13,said,9.79886
454,14,the,4.76385
454,15,pilot,12.4321
454,16,sent,13.7232
454,17,to,3.66186
454,18,his,7.0128
454,19,family,5.42331
454,20,.,2.48781
454,21,</s>,27.279
455,0,the,2.46696
455,1,assistant,15.2034
455,2,told,14.3917
455,3,me,5.67112
455,4,what,7.46877
455,5,the,5.39093
455,6,man,11.6781
455,7,knew,14.8402
455,8,his,6.10381
455,9,friend,9.30099
455,10,recalled,11.6828
455,11,the,4.00018
455,12,woman,12.1919
455,13,said,9.79886
455,14,the,4.76385
455,15,pilot,12.4321
455,16,sent,13.7232
455,17,the,4.56608
455,18,package,14.5674
455,19,to,6.32491
455,20,his,7.73794
455,21,family,6.59809
455,22,.,2.48781
455,23,</s>,27.279
456,0,the,2.46696
456,1,assistant,15.2034
456,2,told,14.3917
456,3,me,5.67112
456,4,that,2.70399
456,5,the,3.40538
456,6,man,9.56993
456,7,knew,15.3509
456,8,his,6.10381
456,9,friend,9.30099
456,10,recalled,11.6828
456,11,the,4.00018
456,12,woman,12.1919
456,13,said,9.79886
456,14,her,8.80805
456,15,colleague,12.5088
456,16,saw,12.4293
456,17,the,2.9593
456,18,pilot,11.5217
456,19,sent,13.7232
456,20,to,3.66186
456,21,his,7.0128
456,22,family,5.42331
456,23,.,2.48781
456,24,</s>,27.279
457,0,the,2.46696
457,1,assistant,15.2034
457,2,told,14.3917
457,3,me,5.67112
457,4,that,2.70399
457,5,the,3.40538
457,6,man,9.56993
457,7,knew,15.3509
457,8,his,6.10381
457,9,friend,9.30099
457,10,recalled,11.6828
457,11,the,4.00018
457,12,woman,12.1919
457,13,said,9.79886
457,14,her,8.80805
457,15,colleague,12.5088
457,16,saw,12.4293
457,17,the,2.9593
457,18,pilot,11.5217
457,19,sent,13.7232
457,20,the,4.56608
457,21,package,14.5674
457,22,to,6.32491
457,23,his,7.73794
457,24,family,6.59809
457,25,.,2.48781
457,26,</s>,27.279
458,0,the,2.46696
458,1,assistant,15.2034
458,2,told,14.3917
458,3,me,5.67112
458,4,what,7.46877
458,5,the,5.39093
458,6,man,11.6781
458,7,knew,14.8402
458,8,his,6.10381
458,9,friend,9.30099
458,10,recalled,11.6828
458,11,the,4.00018
458,12,woman,12.1919
458,13,said,9.79886
458,14,her,8.80805
458,15,colleague,12.5088
458,16,saw,12.4293
458,17,the,2.9593
458,18,pilot,11.5217
458,19,sent,13.7232
458,20,to,3.66186
458,21,his,7.0128
458,22,family,5.42331
458,23,.,2.48781
458,24,</s>,27.279
459,0,the,2.46696
459,1,assistant,15.2034
459,2,told,14.3917
459,3,me,5.67112
459,4,what,7.46877
459,5,the,5.39093
459,6,man,11.6781
459,7,knew,14.8402
459,8,his,6.10381
459,9,friend,9.30099
459,10,recalled,11.6828
459,11,the,4.00018
459,12,woman,12.1919
459,13,said,9.79886
459,14,her,8.80805
459,15,colleague,12.5088
459,16,saw,12.4293
459,17,the,2.9593
459,18,pilot,11.5217
459,19,sent,13.7232
459,20,the,4.56608
459,21,package,14.5674
459,22,to,6.32491
459,23,his,7.73794
459,24,family,6.59809
459,25,.,2.48781
459,26,</s>,27.279
460,0,we,10.0475
460,1,recalled,16.8821
460,2,that,3.25558
460,3,the,3.21199
460,4,clown,16.2672
460,5,frightened,17.4816
460,6,at,7.58751
460,7,the,3.2401
460,8,party,9.75059
460,9,.,4.10505
460,10,</s>,24.7244
461,0,we,10.0475
461,1,recalled,16.8821
461,2,that,3.25558
461,3,the,3.21199
461,4,clown,16.2672
461,5,frightened,17.4816
461,6,the,5.29302
461,7,children,11.2799
461,8,at,7.14969
461,9,the,1.72714
461,10,party,9.96291
461,11,.,4.10505
461,12,</s>,24.7244
462,0,we,10.0475
462,1,recalled,16.8821
462,2,who,11.9121
462,3,the,8.96323
462,4,clown,15.8473
462,5,frightened,17.4816
462,6,at,7.58751
462,7,the,3.2401
462,8,party,9.75059
462,9,.,4.10505
462,10,</s>,24.7244
463,0,we,10.0475
463,1,recalled,16.8821
463,2,who,11.9121
463,3,the,8.96323
463,4,clown,15.8473
463,5,frightened,17.4816
463,6,the,5.29302
463,7,children,11.2799
463,8,at,7.14969
463,9,the,1.72714
463,10,party,9.96291
463,11,.,4.10505
463,12,</s>,24.7244
464,0,we,10.0475
464,1,recalled,16.8821
464,2,that,3.25558
464,3,the,3.21199
464,4,actor,11.5933
464,5,said,8.46359
464,6,the,4.62921
464,7,clown,16.03
464,8,frightened,17.4816
464,9,at,7.58751
464,10,the,3.2401
464,11,party,9.75059
464,12,.,4.10505
464,13,</s>,24.7244
465,0,we,10.0475
465,1,recalled,16.8821
465,2,that,3.25558
465,3,the,3.21199
465,4,actor,11.5933
465,5,said,8.46359
465,6,the,4.62921
465,7,clown,16.03
465,8,frightened,17.4816
465,9,the,5.29302
465,10,children,11.2799
465,11,at,7.14969
465,12,the,1.72714
465,13,party,9.96291
465,14,.,4.10505
465,15,</s>,24.7244
466,0,we,10.0475
466,1,recalled,16.8821
466,2,who,11.9121
466,3,the,8.96323
466,4,actor,12.9783
466,5,said,8.22518
466,6,the,4.62921
466,7,clown,16.03
466,8,frightened,17.4816
466,9,at,7.58751
466,10,the,3.2401
466,11,party,9.75059
466,12,.,4.10505
466,13,</s>,24.7244
467,0,we,10.0475
467,1,recalled,16.8821
467,2,who,11.9121
467,3,the,8.96323
467,4,actor,12.9783
467,5,said,8.22518
467,6,the,4.62921
467,7,clown,16.03
467,8,frightened,17.4816
467,9,the,5.29302
467,10,children,11.2799
467,11,at,7.14969
467,12,the,1.72714
467,13,party,9.96291
467,14,.,4.10505
467,15,</s>,24.7244
468,0,we,10.0475
468,1,recalled,16.8821
468,2,that,3.25558
468,3,the,3.21199
468,4,actor,11.5933
468,5,said,8.46359
468,6,the,4.62921
468,7,people,10.9829
468,8,knew,10.6791
468,9,the,4.43327
468,10,clown,15.6699
468,11,frightened,17.4816
468,12,at,7.58751
468,13,the,3.2401
468,14,party,9.75059
468,15,.,4.10505
468,16,</s>,24.7244
469,0,we,10.0475
469,1,recalled,16.8821
469,2,that,3.25558
469,3,the,3.21199
469,4,actor,11.5933
469,5,said,8.46359
469,6,the,4.62921
469,7,people,10.9829
469,8,knew,10.6791
469,9,the,4.43327
469,10,clown,15.6699
469,11,frightened,17.4816
469,12,the,5.29302
469,13,children,11.2799
469,14,at,7.14969
469,15,the,1.72714
469,16,party,9.96291
469,17,.,4.10505
469,18,</s>,24.7244
470,0,we,10.0475
470,1,recalled,16.8821
470,2,who,11.9121
470,3,the,8.96323
470,4,actor,12.9783
470,5,said,8.22518
470,6,the,4.62921
470,7,people,10.9829
470,8,knew,10.6791
470,9,the,4.43327
470,10,clown,15.6699
470,11,frightened,17.4816
470,12,at,7.58751
470,13,the,3.2401
470,14,party,9.75059
470,15,.,4.10505
470,16,</s>,24.7244
471,0,we,10.0475
471,1,recalled,16.8821
471,2,who,11.9121
471,3,the,8.96323
471,4,actor,12.9783
471,5,said,8.22518
471,6,the,4.62921
471,7,people,10.9829
471,8,knew,10.6791
471,9,the,4.43327
471,10,clown,15.6699
471,11,frightened,17.4816
471,12,the,5.29302
471,13,children,11.2799
471,14,at,7.14969
471,15,the,1.72714
471,16,party,9.96291
471,17,.,4.10505
471,18,</s>,24.7244
472,0,we,10.0475
472,1,recalled,16.8821
472,2,that,3.25558
472,3,the,3.21199
472,4,actor,11.5933
472,5,said,8.46359
472,6,the,4.62921
472,7,people,10.9829
472,8,knew,10.6791
472,9,he,5.28302
472,10,thought,10.94
472,11,the,4.14874
472,12,clown,15.9053
472,13,frightened,17.4816
472,14,at,7.58751
472,15,the,3.2401
472,16,party,9.75059
472,17,.,4.10505
472,18,</s>,24.7244
473,0,we,10.0475
473,1,recalled,16.8821
473,2,that,3.25558
473,3,the,3.21199
473,4,actor,11.5933
473,5,said,8.46359
473,6,the,4.62921
473,7,people,10.9829
473,8,knew,10.6791
473,9,he,5.28302
473,10,thought,10.94
473,11,the,4.14874
473,12,clown,15.9053
473,13,frightened,17.4816
473,14,the,5.29302
473,15,children,11.2799
473,16,at,7.14969
473,17,the,1.72714
473,18,party,9.96291
473,19,.,4.10505
473,20,</s>,24.7244
474,0,we,10.0475
474,1,recalled,16.8821
474,2,who,11.9121
474,3,the,8.96323
474,4,actor,12.9783
474,5,said,8.22518
474,6,the,4.62921
474,7,people,10.9829
474,8,knew,10.6791
474,9,he,5.28302
474,10,thought,10.94
474,11,the,4.14874
474,12,clown,15.9053
474,13,frightened,17.4816
474,14,at,7.58751
474,15,the,3.2401
474,16,party,9.75059
474,17,.,4.10505
474,18,</s>,24.7244
475,0,we,10.0475
475,1,recalled,16.8821
475,2,who,11.9121
475,3,the,8.96323
475,4,actor,12.9783
475,5,said,8.22518
475,6,the,4.62921
475,7,people,10.9829
475,8,knew,10.6791
475,9,he,5.28302
475,10,thought,10.94
475,11,the,4.14874
475,12,clown,15.9053
475,13,frightened,17.4816
475,14,the,5.29302
475,15,children,11.2799
475,16,at,7.14969
475,17,the,1.72714
475,18,party,9.96291
475,19,.,4.10505
475,20,</s>,24.7244
476,0,we,10.0475
476,1,recalled,16.8821
476,2,that,3.25558
476,3,the,3.21199
476,4,actor,11.5933
476,5,said,8.46359
476,6,the,4.62921
476,7,people,10.9829
476,8,knew,10.6791
476,9,he,5.28302
476,10,thought,10.94
476,11,he,4.14874
476,12,noticed,13.648
476,13,the,3.89328
476,14,clown,15.6419
476,15,frightened,17.4816
476,16,at,7.58751
476,17,the,3.2401
476,18,party,9.75059
476,19,.,4.10505
476,20,</s>,24.7244
477,0,we,10.0475
477,1,recalled,16.8821
477,2,that,3.25558
477,3,the,3.21199
477,4,actor,11.5933
477,5,said,8.46359
477,6,the,4.62921
477,7,people,10.9829
477,8,knew,10.6791
477,9,he,5.28302
477,10,thought,10.94
477,11,he,4.14874
477,12,noticed,13.648
477,13,the,3.89328
477,14,clown,15.6419
477,15,frightened,17.4816
477,16,the,5.29302
477,17,children,11.2799
477,18,at,7.14969
477,19,the,1.72714
477,20,party,9.96291
477,21,.,4.10505
477,22,</s>,24.7244
478,0,we,10.0475
478,1,recalled,16.8821
478,2,who,11.9121
478,3,the,8.96323
478,4,actor,12.9783
478,5,said,8.22518
478,6,the,4.62921
478,7,people,10.9829
478,8,knew,10.6791
478,9,he,5.28302
478,10,thought,10.94
478,11,he,4.14874
478,12,noticed,13.648
478,13,the,3.89328
478,14,clown,15.6419
478,15,frightened,17.4816
478,16,at,7.58751
478,17,the,3.2401
478,18,party,9.75059
478,19,.,4.10505
478,20,</s>,24.7244
479,0,we,10.0475
479,1,recalled,16.8821
479,2,who,11.9121
479,3,the,8.96323
479,4,actor,12.9783
479,5,said,8.22518
479,6,the,4.62921
479,7,people,10.9829
479,8,knew,10.6791
479,9,he,5.28302
479,10,thought,10.94
479,11,he,4.14874
479,12,noticed,13.648
479,13,the,3.89328
479,14,clown,15.6419
479,15,frightened,17.4816
479,16,the,5.29302
479,17,children,11.2799
479,18,at,7.14969
479,19,the,1.72714
479,20,party,9.96291
479,21,.,4.10505
479,22,</s>,24.7244
480,0,he,4.43708
480,1,recalled,11.3595
480,2,that,2.12319
480,3,the,4.22693
480,4,terrorist,13.9516
480,5,assassinated,18.9972
480,6,last,14.3933
480,7,night,6.976
480,8,.,2.66267
480,9,</s>,25.4592
481,0,he,4.43708
481,1,recalled,11.3595
481,2,that,2.12319
481,3,the,4.22693
481,4,terrorist,13.9516
481,5,assassinated,18.9972
481,6,the,5.07255
481,7,politician,15.6277
481,8,last,15.3084
481,9,night,6.976
481,10,.,2.66267
481,11,</s>,25.4592
482,0,he,4.43708
482,1,recalled,11.3595
482,2,who,12.7182
482,3,the,8.96323
482,4,terrorist,14.7015
482,5,assassinated,18.8463
482,6,last,14.3933
482,7,night,6.976
482,8,.,2.66267
482,9,</s>,25.4592
483,0,he,4.43708
483,1,recalled,11.3595
483,2,who,12.7182
483,3,the,8.96323
483,4,terrorist,14.7015
483,5,assassinated,18.8463
483,6,the,5.07255
483,7,politician,15.6277
483,8,last,15.3084
483,9,night,6.976
483,10,.,2.66267
483,11,</s>,25.4592
484,0,he,4.43708
484,1,recalled,11.3595
484,2,that,2.12319
484,3,the,4.22693
484,4,president,9.34342
484,5,said,9.90475
484,6,the,4.53055
484,7,terrorist,14.8842
484,8,assassinated,18.8463
484,9,last,14.3933
484,10,night,6.976
484,11,.,2.66267
484,12,</s>,25.4592
485,0,he,4.43708
485,1,recalled,11.3595
485,2,that,2.12319
485,3,the,4.22693
485,4,president,9.34342
485,5,said,9.90475
485,6,the,4.53055
485,7,terrorist,14.8842
485,8,assassinated,18.8463
485,9,the,5.07255
485,10,politician,15.6277
485,11,last,15.3084
485,12,night,6.976
485,13,.,2.66267
485,14,</s>,25.4592
486,0,he,4.43708
486,1,recalled,11.3595
486,2,who,12.7182
486,3,the,8.96323
486,4,president,6.8914
486,5,said,9.31435
486,6,the,4.53055
486,7,terrorist,14.8842
486,8,assassinated,18.8463
486,9,last,14.3933
486,10,night,6.976
486,11,.,2.66267
486,12,</s>,25.4592
487,0,he,4.43708
487,1,recalled,11.3595
487,2,who,12.7182
487,3,the,8.96323
487,4,president,6.8914
487,5,said,9.31435
487,6,the,4.53055
487,7,terrorist,14.8842
487,8,assassinated,18.8463
487,9,the,5.07255
487,10,politician,15.6277
487,11,last,15.3084
487,12,night,6.976
487,13,.,2.66267
487,14,</s>,25.4592
488,0,he,4.43708
488,1,recalled,11.3595
488,2,that,2.12319
488,3,the,4.22693
488,4,president,9.34342
488,5,said,9.90475
488,6,the,4.53055
488,7,report,10.3593
488,8,confirmed,10.6234
488,9,the,3.64953
488,10,terrorist,14.732
488,11,assassinated,18.8463
488,12,last,14.3933
488,13,night,6.976
488,14,.,2.66267
488,15,</s>,25.4592
489,0,he,4.43708
489,1,recalled,11.3595
489,2,that,2.12319
489,3,the,4.22693
489,4,president,9.34342
489,5,said,9.90475
489,6,the,4.53055
489,7,report,10.3593
489,8,confirmed,10.6234
489,9,the,3.64953
489,10,terrorist,14.732
489,11,assassinated,18.8463
489,12,the,5.07255
489,13,politician,15.6277
489,14,last,15.3084
489,15,night,6.976
489,16,.,2.66267
489,17,</s>,25.4592
490,0,he,4.43708
490,1,recalled,11.3595
490,2,who,12.7182
490,3,the,8.96323
490,4,president,6.8914
490,5,said,9.31435
490,6,the,4.53055
490,7,report,10.3593
490,8,confirmed,10.6234
490,9,the,3.64953
490,10,terrorist,14.732
490,11,assassinated,18.8463
490,12,last,14.3933
490,13,night,6.976
490,14,.,2.66267
490,15,</s>,25.4592
491,0,he,4.43708
491,1,recalled,11.3595
491,2,who,12.7182
491,3,the,8.96323
491,4,president,6.8914
491,5,said,9.31435
491,6,the,4.53055
491,7,report,10.3593
491,8,confirmed,10.6234
491,9,the,3.64953
491,10,terrorist,14.732
491,11,assassinated,18.8463
491,12,the,5.07255
491,13,politician,15.6277
491,14,last,15.3084
491,15,night,6.976
491,16,.,2.66267
491,17,</s>,25.4592
492,0,he,4.43708
492,1,recalled,11.3595
492,2,that,2.12319
492,3,the,4.22693
492,4,president,9.34342
492,5,said,9.90475
492,6,the,4.53055
492,7,report,10.3593
492,8,confirmed,10.6234
492,9,he,6.58976
492,10,believed,10.3602
492,11,the,4.34857
492,12,terrorist,14.5767
492,13,assassinated,18.8463
492,14,last,14.3933
492,15,night,6.976
492,16,.,2.66267
492,17,</s>,25.4592
493,0,he,4.43708
493,1,recalled,11.3595
493,2,that,2.12319
493,3,the,4.22693
493,4,president,9.34342
493,5,said,9.90475
493,6,the,4.53055
493,7,report,10.3593
493,8,confirmed,10.6234
493,9,he,6.58976
493,10,believed,10.3602
493,11,the,4.34857
493,12,terrorist,14.5767
493,13,assassinated,18.8463
493,14,the,5.07255
493,15,politician,15.6277
493,16,last,15.3084
493,17,night,6.976
493,18,.,2.66267
493,19,</s>,25.4592
494,0,he,4.43708
494,1,recalled,11.3595
494,2,who,12.7182
494,3,the,8.96323
494,4,president,6.8914
494,5,said,9.31435
494,6,the,4.53055
494,7,report,10.3593
494,8,confirmed,10.6234
494,9,he,6.58976
494,10,believed,10.3602
494,11,the,4.34857
494,12,terrorist,14.5767
494,13,assassinated,18.8463
494,14,last,14.3933
494,15,night,6.976
494,16,.,2.66267
494,17,</s>,25.4592
495,0,he,4.43708
495,1,recalled,11.3595
495,2,who,12.7182
495,3,the,8.96323
495,4,president,6.8914
495,5,said,9.31435
495,6,the,4.53055
495,7,report,10.3593
495,8,confirmed,10.6234
495,9,he,6.58976
495,10,believed,10.3602
495,11,the,4.34857
495,12,terrorist,14.5767
495,13,assassinated,18.8463
495,14,the,5.07255
495,15,politician,15.6277
495,16,last,15.3084
495,17,night,6.976
495,18,.,2.66267
495,19,</s>,25.4592
496,0,he,4.43708
496,1,recalled,11.3595
496,2,that,2.12319
496,3,the,4.22693
496,4,president,9.34342
496,5,said,9.90475
496,6,the,4.53055
496,7,report,10.3593
496,8,confirmed,10.6234
496,9,he,6.58976
496,10,believed,10.3602
496,11,he,4.50356
496,12,remembered,13.0136
496,13,the,4.50957
496,14,terrorist,14.4312
496,15,assassinated,18.8463
496,16,last,14.3933
496,17,night,6.976
496,18,.,2.66267
496,19,</s>,25.4592
497,0,he,4.43708
497,1,recalled,11.3595
497,2,that,2.12319
497,3,the,4.22693
497,4,president,9.34342
497,5,said,9.90475
497,6,the,4.53055
497,7,report,10.3593
497,8,confirmed,10.6234
497,9,he,6.58976
497,10,believed,10.3602
497,11,he,4.50356
497,12,remembered,13.0136
497,13,the,4.50957
497,14,terrorist,14.4312
497,15,assassinated,18.8463
497,16,the,5.07255
497,17,politician,15.6277
497,18,last,15.3084
497,19,night,6.976
497,20,.,2.66267
497,21,</s>,25.4592
498,0,he,4.43708
498,1,recalled,11.3595
498,2,who,12.7182
498,3,the,8.96323
498,4,president,6.8914
498,5,said,9.31435
498,6,the,4.53055
498,7,report,10.3593
498,8,confirmed,10.6234
498,9,he,6.58976
498,10,believed,10.3602
498,11,he,4.50356
498,12,remembered,13.0136
498,13,the,4.50957
498,14,terrorist,14.4312
498,15,assassinated,18.8463
498,16,last,14.3933
498,17,night,6.976
498,18,.,2.66267
498,19,</s>,25.4592
499,0,he,4.43708
499,1,recalled,11.3595
499,2,who,12.7182
499,3,the,8.96323
499,4,president,6.8914
499,5,said,9.31435
499,6,the,4.53055
499,7,report,10.3593
499,8,confirmed,10.6234
499,9,he,6.58976
499,10,believed,10.3602
499,11,he,4.50356
499,12,remembered,13.0136
499,13,the,4.50957
499,14,terrorist,14.4312
499,15,assassinated,18.8463
499,16,the,5.07255
499,17,politician,15.6277
499,18,last,15.3084
499,19,night,6.976
499,20,.,2.66267
499,21,</s>,25.4592
500,0,i,8.92268
500,1,know,6.35939
500,2,that,3.01867
500,3,the,4.26664
500,4,librarian,16.5567
500,5,greeted,17.6138
500,6,early,13.4109
500,7,in,3.82723
500,8,the,1.49569
500,9,morning,3.77336
500,10,.,3.15299
500,11,</s>,28.5573
501,0,i,8.92268
501,1,know,6.35939
501,2,that,3.01867
501,3,the,4.26664
501,4,librarian,16.5567
501,5,greeted,17.6138
501,6,the,2.94363
501,7,man,11.3511
501,8,early,13.7145
501,9,in,3.82723
501,10,the,1.49569
501,11,morning,3.77336
501,12,.,3.15299
501,13,</s>,28.5573
502,0,i,8.92268
502,1,know,6.35939
502,2,who,6.55265
502,3,the,5.15736
502,4,librarian,16.1584
502,5,greeted,17.6138
502,6,early,13.4109
502,7,in,3.82723
502,8,the,1.49569
502,9,morning,3.77336
502,10,.,3.15299
502,11,</s>,28.5573
503,0,i,8.92268
503,1,know,6.35939
503,2,who,6.55265
503,3,the,5.15736
503,4,librarian,16.1584
503,5,greeted,17.6138
503,6,the,2.94363
503,7,man,11.3511
503,8,early,13.7145
503,9,in,3.82723
503,10,the,1.49569
503,11,morning,3.77336
503,12,.,3.15299
503,13,</s>,28.5573
504,0,i,8.92268
504,1,know,6.35939
504,2,that,3.01867
504,3,the,4.26664
504,4,mayor,11.656
504,5,said,13.637
504,6,the,4.51729
504,7,librarian,16.2568
504,8,greeted,17.6138
504,9,early,13.4109
504,10,in,3.82723
504,11,the,1.49569
504,12,morning,3.77336
504,13,.,3.15299
504,14,</s>,28.5573
505,0,i,8.92268
505,1,know,6.35939
505,2,that,3.01867
505,3,the,4.26664
505,4,mayor,11.656
505,5,said,13.637
505,6,the,4.51729
505,7,librarian,16.2568
505,8,greeted,17.6138
505,9,the,2.94363
505,10,man,11.3511
505,11,early,13.7145
505,12,in,3.82723
505,13,the,1.49569
505,14,morning,3.77336
505,15,.,3.15299
505,16,</s>,28.5573
506,0,i,8.92268
506,1,know,6.35939
506,2,who,6.55265
506,3,the,5.15736
506,4,mayor,12.5925
506,5,said,13.7085
506,6,the,4.51729
506,7,librarian,16.2568
506,8,greeted,17.6138
506,9,early,13.4109
506,10,in,3.82723
506,11,the,1.49569
506,12,morning,3.77336
506,13,.,3.15299
506,14,</s>,28.5573
507,0,i,8.92268
507,1,know,6.35939
507,2,who,6.55265
507,3,the,5.15736
507,4,mayor,12.5925
507,5,said,13.7085
507,6,the,4.51729
507,7,librarian,16.2568
507,8,greeted,17.6138
507,9,the,2.94363
507,10,man,11.3511
507,11,early,13.7145
507,12,in,3.82723
507,13,the,1.49569
507,14,morning,3.77336
507,15,.,3.15299
507,16,</s>,28.5573
508,0,i,8.92268
508,1,know,6.35939
508,2,that,3.01867
508,3,the,4.26664
508,4,mayor,11.656
508,5,said,13.637
508,6,the,4.51729
508,7,clerk,14.8529
508,8,believed,14.3594
508,9,the,3.87627
508,10,librarian,15.9567
508,11,greeted,17.6138
508,12,early,13.4109
508,13,in,3.82723
508,14,the,1.49569
508,15,morning,3.77336
508,16,.,3.15299
508,17,</s>,28.5573
509,0,i,8.92268
509,1,know,6.35939
509,2,that,3.01867
509,3,the,4.26664
509,4,mayor,11.656
509,5,said,13.637
509,6,the,4.51729
509,7,clerk,14.8529
509,8,believed,14.3594
509,9,the,3.87627
509,10,librarian,15.9567
509,11,greeted,17.6138
509,12,the,2.94363
509,13,man,11.3511
509,14,early,13.7145
509,15,in,3.82723
509,16,the,1.49569
509,17,morning,3.77336
509,18,.,3.15299
509,19,</s>,28.5573
510,0,i,8.92268
510,1,know,6.35939
510,2,who,6.55265
510,3,the,5.15736
510,4,mayor,12.5925
510,5,said,13.7085
510,6,the,4.51729
510,7,clerk,14.8529
510,8,believed,14.3594
510,9,the,3.87627
510,10,librarian,15.9567
510,11,greeted,17.6138
510,12,early,13.4109
510,13,in,3.82723
510,14,the,1.49569
510,15,morning,3.77336
510,16,.,3.15299
510,17,</s>,28.5573
511,0,i,8.92268
511,1,know,6.35939
511,2,who,6.55265
511,3,the,5.15736
511,4,mayor,12.5925
511,5,said,13.7085
511,6,the,4.51729
511,7,clerk,14.8529
511,8,believed,14.3594
511,9,the,3.87627
511,10,librarian,15.9567
511,11,greeted,17.6138
511,12,the,2.94363
511,13,man,11.3511
511,14,early,13.7145
511,15,in,3.82723
511,16,the,1.49569
511,17,morning,3.77336
511,18,.,3.15299
511,19,</s>,28.5573
512,0,i,8.92268
512,1,know,6.35939
512,2,that,3.01867
512,3,the,4.26664
512,4,mayor,11.656
512,5,said,13.637
512,6,the,4.51729
512,7,clerk,14.8529
512,8,believed,14.3594
512,9,he,5.20607
512,10,witnessed,12.4137
512,11,the,1.96629
512,12,librarian,16.1586
512,13,greeted,17.6138
512,14,early,13.4109
512,15,in,3.82723
512,16,the,1.49569
512,17,morning,3.77336
512,18,.,3.15299
512,19,</s>,28.5573
513,0,i,8.92268
513,1,know,6.35939
513,2,that,3.01867
513,3,the,4.26664
513,4,mayor,11.656
513,5,said,13.637
513,6,the,4.51729
513,7,clerk,14.8529
513,8,believed,14.3594
513,9,he,5.20607
513,10,witnessed,12.4137
513,11,the,1.96629
513,12,librarian,16.1586
513,13,greeted,17.6138
513,14,the,2.94363
513,15,man,11.3511
513,16,early,13.7145
513,17,in,3.82723
513,18,the,1.49569
513,19,morning,3.77336
513,20,.,3.15299
513,21,</s>,28.5573
514,0,i,8.92268
514,1,know,6.35939
514,2,who,6.55265
514,3,the,5.15736
514,4,mayor,12.5925
514,5,said,13.7085
514,6,the,4.51729
514,7,clerk,14.8529
514,8,believed,14.3594
514,9,he,5.20607
514,10,witnessed,12.4137
514,11,the,1.96629
514,12,librarian,16.1586
514,13,greeted,17.6138
514,14,early,13.4109
514,15,in,3.82723
514,16,the,1.49569
514,17,morning,3.77336
514,18,.,3.15299
514,19,</s>,28.5573
515,0,i,8.92268
515,1,know,6.35939
515,2,who,6.55265
515,3,the,5.15736
515,4,mayor,12.5925
515,5,said,13.7085
515,6,the,4.51729
515,7,clerk,14.8529
515,8,believed,14.3594
515,9,he,5.20607
515,10,witnessed,12.4137
515,11,the,1.96629
515,12,librarian,16.1586
515,13,greeted,17.6138
515,14,the,2.94363
515,15,man,11.3511
515,16,early,13.7145
515,17,in,3.82723
515,18,the,1.49569
515,19,morning,3.77336
515,20,.,3.15299
515,21,</s>,28.5573
516,0,i,8.92268
516,1,know,6.35939
516,2,that,3.01867
516,3,the,4.26664
516,4,mayor,11.656
516,5,said,13.637
516,6,the,4.51729
516,7,clerk,14.8529
516,8,believed,14.3594
516,9,he,5.20607
516,10,witnessed,12.4137
516,11,he,11.5393
516,12,noticed,11.5504
516,13,the,3.89328
516,14,librarian,15.8688
516,15,greeted,17.6138
516,16,early,13.4109
516,17,in,3.82723
516,18,the,1.49569
516,19,morning,3.77336
516,20,.,3.15299
516,21,</s>,28.5573
517,0,i,8.92268
517,1,know,6.35939
517,2,that,3.01867
517,3,the,4.26664
517,4,mayor,11.656
517,5,said,13.637
517,6,the,4.51729
517,7,clerk,14.8529
517,8,believed,14.3594
517,9,he,5.20607
517,10,witnessed,12.4137
517,11,he,11.5393
517,12,noticed,11.5504
517,13,the,3.89328
517,14,librarian,15.8688
517,15,greeted,17.6138
517,16,the,2.94363
517,17,man,11.3511
517,18,early,13.7145
517,19,in,3.82723
517,20,the,1.49569
517,21,morning,3.77336
517,22,.,3.15299
517,23,</s>,28.5573
518,0,i,8.92268
518,1,know,6.35939
518,2,who,6.55265
518,3,the,5.15736
518,4,mayor,12.5925
518,5,said,13.7085
518,6,the,4.51729
518,7,clerk,14.8529
518,8,believed,14.3594
518,9,he,5.20607
518,10,witnessed,12.4137
518,11,he,11.5393
518,12,noticed,11.5504
518,13,the,3.89328
518,14,librarian,15.8688
518,15,greeted,17.6138
518,16,early,13.4109
518,17,in,3.82723
518,18,the,1.49569
518,19,morning,3.77336
518,20,.,3.15299
518,21,</s>,28.5573
519,0,i,8.92268
519,1,know,6.35939
519,2,who,6.55265
519,3,the,5.15736
519,4,mayor,12.5925
519,5,said,13.7085
519,6,the,4.51729
519,7,clerk,14.8529
519,8,believed,14.3594
519,9,he,5.20607
519,10,witnessed,12.4137
519,11,he,11.5393
519,12,noticed,11.5504
519,13,the,3.89328
519,14,librarian,15.8688
519,15,greeted,17.6138
519,16,the,2.94363
519,17,man,11.3511
519,18,early,13.7145
519,19,in,3.82723
519,20,the,1.49569
519,21,morning,3.77336
519,22,.,3.15299
519,23,</s>,28.5573
520,0,you,11.5115
520,1,know,4.15838
520,2,that,6.24274
520,3,the,3.3901
520,4,millionaire,17.2873
520,5,supported,13.388
520,6,last,14.6476
520,7,year,6.09731
520,8,.,3.19119
520,9,</s>,26.3523
521,0,you,11.5115
521,1,know,4.15838
521,2,that,6.24274
521,3,the,3.3901
521,4,millionaire,17.2873
521,5,supported,13.388
521,6,the,2.92689
521,7,candidate,13.6448
521,8,last,15.0438
521,9,year,6.09731
521,10,.,3.19119
521,11,</s>,26.3523
522,0,you,11.5115
522,1,know,4.15838
522,2,who,5.97772
522,3,the,5.26981
522,4,millionaire,16.889
522,5,supported,13.388
522,6,last,14.6476
522,7,year,6.09731
522,8,.,3.19119
522,9,</s>,26.3523
523,0,you,11.5115
523,1,know,4.15838
523,2,who,5.97772
523,3,the,5.26981
523,4,millionaire,16.889
523,5,supported,13.388
523,6,the,2.92689
523,7,candidate,13.6448
523,8,last,15.0438
523,9,year,6.09731
523,10,.,3.19119
523,11,</s>,26.3523
524,0,you,11.5115
524,1,know,4.15838
524,2,that,6.24274
524,3,the,3.3901
524,4,lobbyist,20.0026
524,5,believed,13.6124
524,6,the,3.87627
524,7,millionaire,16.6873
524,8,supported,13.388
524,9,last,14.6476
524,10,year,6.09731
524,11,.,3.19119
524,12,</s>,26.3523
525,0,you,11.5115
525,1,know,4.15838
525,2,that,6.24274
525,3,the,3.3901
525,4,lobbyist,20.0026
525,5,believed,13.6124
525,6,the,3.87627
525,7,millionaire,16.6873
525,8,supported,13.388
525,9,the,2.92689
525,10,candidate,13.6448
525,11,last,15.0438
525,12,year,6.09731
525,13,.,3.19119
525,14,</s>,26.3523
526,0,you,11.5115
526,1,know,4.15838
526,2,who,5.97772
526,3,the,5.26981
526,4,lobbyist,19.6043
526,5,believed,13.6124
526,6,the,3.87627
526,7,millionaire,16.6873
526,8,supported,13.388
526,9,last,14.6476
526,10,year,6.09731
526,11,.,3.19119
526,12,</s>,26.3523
527,0,you,11.5115
527,1,know,4.15838
527,2,who,5.97772
527,3,the,5.26981
527,4,lobbyist,19.6043
527,5,believed,13.6124
527,6,the,3.87627
527,7,millionaire,16.6873
527,8,supported,13.388
527,9,the,2.92689
527,10,candidate,13.6448
527,11,last,15.0438
527,12,year,6.09731
527,13,.,3.19119
527,14,</s>,26.3523
528,0,you,11.5115
528,1,know,4.15838
528,2,that,6.24274
528,3,the,3.3901
528,4,lobbyist,20.0026
528,5,believed,13.6124
528,6,the,3.87627
528,7,secretary,12.8324
528,8,said,11.3299
528,9,the,4.51729
528,10,millionaire,16.9874
528,11,supported,13.388
528,12,last,14.6476
528,13,year,6.09731
528,14,.,3.19119
528,15,</s>,26.3523
529,0,you,11.5115
529,1,know,4.15838
529,2,that,6.24274
529,3,the,3.3901
529,4,lobbyist,20.0026
529,5,believed,13.6124
529,6,the,3.87627
529,7,secretary,12.8324
529,8,said,11.3299
529,9,the,4.51729
529,10,millionaire,16.9874
529,11,supported,13.388
529,12,the,2.92689
529,13,candidate,13.6448
529,14,last,15.0438
529,15,year,6.09731
529,16,.,3.19119
529,17,</s>,26.3523
530,0,you,11.5115
530,1,know,4.15838
530,2,who,5.97772
530,3,the,5.26981
530,4,lobbyist,19.6043
530,5,believed,13.6124
530,6,the,3.87627
530,7,secretary,12.8324
530,8,said,11.3299
530,9,the,4.51729
530,10,millionaire,16.9874
530,11,supported,13.388
530,12,last,14.6476
530,13,year,6.09731
530,14,.,3.19119
530,15,</s>,26.3523
531,0,you,11.5115
531,1,know,4.15838
531,2,who,5.97772
531,3,the,5.26981
531,4,lobbyist,19.6043
531,5,believed,13.6124
531,6,the,3.87627
531,7,secretary,12.8324
531,8,said,11.3299
531,9,the,4.51729
531,10,millionaire,16.9874
531,11,supported,13.388
531,12,the,2.92689
531,13,candidate,13.6448
531,14,last,15.0438
531,15,year,6.09731
531,16,.,3.19119
531,17,</s>,26.3523
532,0,you,11.5115
532,1,know,4.15838
532,2,that,6.24274
532,3,the,3.3901
532,4,lobbyist,20.0026
532,5,believed,13.6124
532,6,the,3.87627
532,7,secretary,12.8324
532,8,said,11.3299
532,9,she,5.98673
532,10,saw,7.50094
532,11,the,3.89315
532,12,millionaire,17.2508
532,13,supported,13.388
532,14,last,14.6476
532,15,year,6.09731
532,16,.,3.19119
532,17,</s>,26.3523
533,0,you,11.5115
533,1,know,4.15838
533,2,that,6.24274
533,3,the,3.3901
533,4,lobbyist,20.0026
533,5,believed,13.6124
533,6,the,3.87627
533,7,secretary,12.8324
533,8,said,11.3299
533,9,she,5.98673
533,10,saw,7.50094
533,11,the,3.89315
533,12,millionaire,17.2508
533,13,supported,13.388
533,14,the,2.92689
533,15,candidate,13.6448
533,16,last,15.0438
533,17,year,6.09731
533,18,.,3.19119
533,19,</s>,26.3523
534,0,you,11.5115
534,1,know,4.15838
534,2,who,5.97772
534,3,the,5.26981
534,4,lobbyist,19.6043
534,5,believed,13.6124
534,6,the,3.87627
534,7,secretary,12.8324
534,8,said,11.3299
534,9,she,5.98673
534,10,saw,7.50094
534,11,the,3.89315
534,12,millionaire,17.2508
534,13,supported,13.388
534,14,last,14.6476
534,15,year,6.09731
534,16,.,3.19119
534,17,</s>,26.3523
535,0,you,11.5115
535,1,know,4.15838
535,2,who,5.97772
535,3,the,5.26981
535,4,lobbyist,19.6043
535,5,believed,13.6124
535,6,the,3.87627
535,7,secretary,12.8324
535,8,said,11.3299
535,9,she,5.98673
535,10,saw,7.50094
535,11,the,3.89315
535,12,millionaire,17.2508
535,13,supported,13.388
535,14,the,2.92689
535,15,candidate,13.6448
535,16,last,15.0438
535,17,year,6.09731
535,18,.,3.19119
535,19,</s>,26.3523
536,0,you,11.5115
536,1,know,4.15838
536,2,that,6.24274
536,3,the,3.3901
536,4,lobbyist,20.0026
536,5,believed,13.6124
536,6,the,3.87627
536,7,secretary,12.8324
536,8,said,11.3299
536,9,she,5.98673
536,10,saw,7.50094
536,11,he,10.8567
536,12,noticed,11.9631
536,13,the,3.89328
536,14,millionaire,16.5994
536,15,supported,13.388
536,16,last,14.6476
536,17,year,6.09731
536,18,.,3.19119
536,19,</s>,26.3523
537,0,you,11.5115
537,1,know,4.15838
537,2,that,6.24274
537,3,the,3.3901
537,4,lobbyist,20.0026
537,5,believed,13.6124
537,6,the,3.87627
537,7,secretary,12.8324
537,8,said,11.3299
537,9,she,5.98673
537,10,saw,7.50094
537,11,he,10.8567
537,12,noticed,11.9631
537,13,the,3.89328
537,14,millionaire,16.5994
537,15,supported,13.388
537,16,the,2.92689
537,17,candidate,13.6448
537,18,last,15.0438
537,19,year,6.09731
537,20,.,3.19119
537,21,</s>,26.3523
538,0,you,11.5115
538,1,know,4.15838
538,2,who,5.97772
538,3,the,5.26981
538,4,lobbyist,19.6043
538,5,believed,13.6124
538,6,the,3.87627
538,7,secretary,12.8324
538,8,said,11.3299
538,9,she,5.98673
538,10,saw,7.50094
538,11,he,10.8567
538,12,noticed,11.9631
538,13,the,3.89328
538,14,millionaire,16.5994
538,15,supported,13.388
538,16,last,14.6476
538,17,year,6.09731
538,18,.,3.19119
538,19,</s>,26.3523
539,0,you,11.5115
539,1,know,4.15838
539,2,who,5.97772
539,3,the,5.26981
539,4,lobbyist,19.6043
539,5,believed,13.6124
539,6,the,3.87627
539,7,secretary,12.8324
539,8,said,11.3299
539,9,she,5.98673
539,10,saw,7.50094
539,11,he,10.8567
539,12,noticed,11.9631
539,13,the,3.89328
539,14,millionaire,16.5994
539,15,supported,13.388
539,16,the,2.92689
539,17,candidate,13.6448
539,18,last,15.0438
539,19,year,6.09731
539,20,.,3.19119
539,21,</s>,26.3523
540,0,i,8.92268
540,1,know,6.35939
540,2,that,3.01867
540,3,the,4.26664
540,4,president,9.40609
540,5,congratulated,21.059
540,6,over,10.7258
540,7,lunch,11.8105
540,8,.,3.78694
540,9,</s>,22.8395
541,0,i,8.92268
541,1,know,6.35939
541,2,that,3.01867
541,3,the,4.26664
541,4,president,9.40609
541,5,congratulated,21.059
541,6,the,3.5547
541,7,athletes,14.7164
541,8,over,11.3167
541,9,lunch,11.8105
541,10,.,3.78694
541,11,</s>,22.8395
542,0,i,8.92268
542,1,know,6.35939
542,2,who,6.55265
542,3,the,5.15736
542,4,president,6.97564
542,5,congratulated,20.4686
542,6,over,10.7258
542,7,lunch,11.8105
542,8,.,3.78694
542,9,</s>,22.8395
543,0,i,8.92268
543,1,know,6.35939
543,2,who,6.55265
543,3,the,5.15736
543,4,president,6.97564
543,5,congratulated,20.4686
543,6,the,3.5547
543,7,athletes,14.7164
543,8,over,11.3167
543,9,lunch,11.8105
543,10,.,3.78694
543,11,</s>,22.8395
544,0,i,8.92268
544,1,know,6.35939
544,2,that,3.01867
544,3,the,4.26664
544,4,coach,14.3806
544,5,said,12.0639
544,6,the,4.51729
544,7,president,9.44883
544,8,congratulated,20.4686
544,9,over,10.7258
544,10,lunch,11.8105
544,11,.,3.78694
544,12,</s>,22.8395
545,0,i,8.92268
545,1,know,6.35939
545,2,that,3.01867
545,3,the,4.26664
545,4,coach,14.3806
545,5,said,12.0639
545,6,the,4.51729
545,7,president,9.44883
545,8,congratulated,20.4686
545,9,the,3.5547
545,10,athletes,14.7164
545,11,over,11.3167
545,12,lunch,11.8105
545,13,.,3.78694
545,14,</s>,22.8395
546,0,i,8.92268
546,1,know,6.35939
546,2,who,6.55265
546,3,the,5.15736
546,4,coach,13.9823
546,5,said,12.0639
546,6,the,4.51729
546,7,president,9.44883
546,8,congratulated,20.4686
546,9,over,10.7258
546,10,lunch,11.8105
546,11,.,3.78694
546,12,</s>,22.8395
547,0,i,8.92268
547,1,know,6.35939
547,2,who,6.55265
547,3,the,5.15736
547,4,coach,13.9823
547,5,said,12.0639
547,6,the,4.51729
547,7,president,9.44883
547,8,congratulated,20.4686
547,9,the,3.5547
547,10,athletes,14.7164
547,11,over,11.3167
547,12,lunch,11.8105
547,13,.,3.78694
547,14,</s>,22.8395
548,0,i,8.92268
548,1,know,6.35939
548,2,that,3.01867
548,3,the,4.26664
548,4,coach,14.3806
548,5,said,12.0639
548,6,the,4.51729
548,7,assistant,14.9162
548,8,believed,14.2778
548,9,the,3.87627
548,10,president,10.9017
548,11,congratulated,20.4686
548,12,over,10.7258
548,13,lunch,11.8105
548,14,.,3.78694
548,15,</s>,22.8395
549,0,i,8.92268
549,1,know,6.35939
549,2,that,3.01867
549,3,the,4.26664
549,4,coach,14.3806
549,5,said,12.0639
549,6,the,4.51729
549,7,assistant,14.9162
549,8,believed,14.2778
549,9,the,3.87627
549,10,president,10.9017
549,11,congratulated,20.4686
549,12,the,3.5547
549,13,athletes,14.7164
549,14,over,11.3167
549,15,lunch,11.8105
549,16,.,3.78694
549,17,</s>,22.8395
550,0,i,8.92268
550,1,know,6.35939
550,2,who,6.55265
550,3,the,5.15736
550,4,coach,13.9823
550,5,said,12.0639
550,6,the,4.51729
550,7,assistant,14.9162
550,8,believed,14.2778
550,9,the,3.87627
550,10,president,10.9017
550,11,congratulated,20.4686
550,12,over,10.7258
550,13,lunch,11.8105
550,14,.,3.78694
550,15,</s>,22.8395
551,0,i,8.92268
551,1,know,6.35939
551,2,who,6.55265
551,3,the,5.15736
551,4,coach,13.9823
551,5,said,12.0639
551,6,the,4.51729
551,7,assistant,14.9162
551,8,believed,14.2778
551,9,the,3.87627
551,10,president,10.9017
551,11,congratulated,20.4686
551,12,the,3.5547
551,13,athletes,14.7164
551,14,over,11.3167
551,15,lunch,11.8105
551,16,.,3.78694
551,17,</s>,22.8395
552,0,i,8.92268
552,1,know,6.35939
552,2,that,3.01867
552,3,the,4.26664
552,4,coach,14.3806
552,5,said,12.0639
552,6,the,4.51729
552,7,assistant,14.9162
552,8,believed,14.2778
552,9,he,5.20607
552,10,remembered,13.0071
552,11,the,4.50957
552,12,president,10.7489
552,13,congratulated,20.4686
552,14,over,10.7258
552,15,lunch,11.8105
552,16,.,3.78694
552,17,</s>,22.8395
553,0,i,8.92268
553,1,know,6.35939
553,2,that,3.01867
553,3,the,4.26664
553,4,coach,14.3806
553,5,said,12.0639
553,6,the,4.51729
553,7,assistant,14.9162
553,8,believed,14.2778
553,9,he,5.20607
553,10,remembered,13.0071
553,11,the,4.50957
553,12,president,10.7489
553,13,congratulated,20.4686
553,14,the,3.5547
553,15,athletes,14.7164
553,16,over,11.3167
553,17,lunch,11.8105
553,18,.,3.78694
553,19,</s>,22.8395
554,0,i,8.92268
554,1,know,6.35939
554,2,who,6.55265
554,3,the,5.15736
554,4,coach,13.9823
554,5,said,12.0639
554,6,the,4.51729
554,7,assistant,14.9162
554,8,believed,14.2778
554,9,he,5.20607
554,10,remembered,13.0071
554,11,the,4.50957
554,12,president,10.7489
554,13,congratulated,20.4686
554,14,over,10.7258
554,15,lunch,11.8105
554,16,.,3.78694
554,17,</s>,22.8395
555,0,i,8.92268
555,1,know,6.35939
555,2,who,6.55265
555,3,the,5.15736
555,4,coach,13.9823
555,5,said,12.0639
555,6,the,4.51729
555,7,assistant,14.9162
555,8,believed,14.2778
555,9,he,5.20607
555,10,remembered,13.0071
555,11,the,4.50957
555,12,president,10.7489
555,13,congratulated,20.4686
555,14,the,3.5547
555,15,athletes,14.7164
555,16,over,11.3167
555,17,lunch,11.8105
555,18,.,3.78694
555,19,</s>,22.8395
556,0,i,8.92268
556,1,know,6.35939
556,2,that,3.01867
556,3,the,4.26664
556,4,coach,14.3806
556,5,said,12.0639
556,6,the,4.51729
556,7,assistant,14.9162
556,8,believed,14.2778
556,9,he,5.20607
556,10,remembered,13.0071
556,11,he,9.49835
556,12,noticed,12.3273
556,13,the,3.89328
556,14,president,10.8138
556,15,congratulated,20.4686
556,16,over,10.7258
556,17,lunch,11.8105
556,18,.,3.78694
556,19,</s>,22.8395
557,0,i,8.92268
557,1,know,6.35939
557,2,that,3.01867
557,3,the,4.26664
557,4,coach,14.3806
557,5,said,12.0639
557,6,the,4.51729
557,7,assistant,14.9162
557,8,believed,14.2778
557,9,he,5.20607
557,10,remembered,13.0071
557,11,he,9.49835
557,12,noticed,12.3273
557,13,the,3.89328
557,14,president,10.8138
557,15,congratulated,20.4686
557,16,the,3.5547
557,17,athletes,14.7164
557,18,over,11.3167
557,19,lunch,11.8105
557,20,.,3.78694
557,21,</s>,22.8395
558,0,i,8.92268
558,1,know,6.35939
558,2,who,6.55265
558,3,the,5.15736
558,4,coach,13.9823
558,5,said,12.0639
558,6,the,4.51729
558,7,assistant,14.9162
558,8,believed,14.2778
558,9,he,5.20607
558,10,remembered,13.0071
558,11,he,9.49835
558,12,noticed,12.3273
558,13,the,3.89328
558,14,president,10.8138
558,15,congratulated,20.4686
558,16,over,10.7258
558,17,lunch,11.8105
558,18,.,3.78694
558,19,</s>,22.8395
559,0,i,8.92268
559,1,know,6.35939
559,2,who,6.55265
559,3,the,5.15736
559,4,coach,13.9823
559,5,said,12.0639
559,6,the,4.51729
559,7,assistant,14.9162
559,8,believed,14.2778
559,9,he,5.20607
559,10,remembered,13.0071
559,11,he,9.49835
559,12,noticed,12.3273
559,13,the,3.89328
559,14,president,10.8138
559,15,congratulated,20.4686
559,16,the,3.5547
559,17,athletes,14.7164
559,18,over,11.3167
559,19,lunch,11.8105
559,20,.,3.78694
559,21,</s>,22.8395
560,0,you,11.5115
560,1,know,4.15838
560,2,that,6.24274
560,3,the,3.3901
560,4,man,9.65412
560,5,introduced,14.5115
560,6,to,5.24055
560,7,his,8.06825
560,8,family,6.74011
560,9,.,2.48781
560,10,</s>,27.279
561,0,you,11.5115
561,1,know,4.15838
561,2,that,6.24274
561,3,the,3.3901
561,4,man,9.65412
561,5,introduced,14.5115
561,6,his,7.00244
561,7,friends,6.13272
561,8,to,4.68987
561,9,his,5.8277
561,10,family,6.59809
561,11,.,2.48781
561,12,</s>,27.279
562,0,you,11.5115
562,1,know,4.15838
562,2,who,5.97772
562,3,the,5.26981
562,4,man,6.97564
562,5,introduced,14.4231
562,6,to,5.24055
562,7,his,8.06825
562,8,family,6.74011
562,9,.,2.48781
562,10,</s>,27.279
563,0,you,11.5115
563,1,know,4.15838
563,2,who,5.97772
563,3,the,5.26981
563,4,man,6.97564
563,5,introduced,14.4231
563,6,his,7.00244
563,7,friends,6.13272
563,8,to,4.68987
563,9,his,5.8277
563,10,family,6.59809
563,11,.,2.48781
563,12,</s>,27.279
564,0,you,11.5115
564,1,know,4.15838
564,2,that,6.24274
564,3,the,3.3901
564,4,woman,10.6041
564,5,said,9.96008
564,6,the,4.76385
564,7,man,9.44883
564,8,introduced,14.0008
564,9,to,5.24055
564,10,his,8.06825
564,11,family,6.74011
564,12,.,2.48781
564,13,</s>,27.279
565,0,you,11.5115
565,1,know,4.15838
565,2,that,6.24274
565,3,the,3.3901
565,4,woman,10.6041
565,5,said,9.96008
565,6,the,4.76385
565,7,man,9.44883
565,8,introduced,14.0008
565,9,his,7.00244
565,10,friends,6.13272
565,11,to,4.68987
565,12,his,5.8277
565,13,family,6.59809
565,14,.,2.48781
565,15,</s>,27.279
566,0,you,11.5115
566,1,know,4.15838
566,2,who,5.97772
566,3,the,5.26981
566,4,woman,7.88614
566,5,said,10.4705
566,6,the,4.76385
566,7,man,9.44883
566,8,introduced,14.0008
566,9,to,5.24055
566,10,his,8.06825
566,11,family,6.74011
566,12,.,2.48781
566,13,</s>,27.279
567,0,you,11.5115
567,1,know,4.15838
567,2,who,5.97772
567,3,the,5.26981
567,4,woman,7.88614
567,5,said,10.4705
567,6,the,4.76385
567,7,man,9.44883
567,8,introduced,14.0008
567,9,his,7.00244
567,10,friends,6.13272
567,11,to,4.68987
567,12,his,5.8277
567,13,family,6.59809
567,14,.,2.48781
567,15,</s>,27.279
568,0,you,11.5115
568,1,know,4.15838
568,2,that,6.24274
568,3,the,3.3901
568,4,woman,10.6041
568,5,said,9.96008
568,6,the,4.76385
568,7,neighbor,15.8964
568,8,thought,13.6555
568,9,the,4.36895
568,10,man,11.4918
568,11,introduced,14.0008
568,12,to,5.24055
568,13,his,8.06825
568,14,family,6.74011
568,15,.,2.48781
568,16,</s>,27.279
569,0,you,11.5115
569,1,know,4.15838
569,2,that,6.24274
569,3,the,3.3901
569,4,woman,10.6041
569,5,said,9.96008
569,6,the,4.76385
569,7,neighbor,15.8964
569,8,thought,13.6555
569,9,the,4.36895
569,10,man,11.4918
569,11,introduced,14.0008
569,12,his,7.00244
569,13,friends,6.13272
569,14,to,4.68987
569,15,his,5.8277
569,16,family,6.59809
569,17,.,2.48781
569,18,</s>,27.279
570,0,you,11.5115
570,1,know,4.15838
570,2,who,5.97772
570,3,the,5.26981
570,4,woman,7.88614
570,5,said,10.4705
570,6,the,4.76385
570,7,neighbor,15.8964
570,8,thought,13.6555
570,9,the,4.36895
570,10,man,11.4918
570,11,introduced,14.0008
570,12,to,5.24055
570,13,his,8.06825
570,14,family,6.74011
570,15,.,2.48781
570,16,</s>,27.279
571,0,you,11.5115
571,1,know,4.15838
571,2,who,5.97772
571,3,the,5.26981
571,4,woman,7.88614
571,5,said,10.4705
571,6,the,4.76385
571,7,neighbor,15.8964
571,8,thought,13.6555
571,9,the,4.36895
571,10,man,11.4918
571,11,introduced,14.0008
571,12,his,7.00244
571,13,friends,6.13272
571,14,to,4.68987
571,15,his,5.8277
571,16,family,6.59809
571,17,.,2.48781
571,18,</s>,27.279
572,0,you,11.5115
572,1,know,4.15838
572,2,that,6.24274
572,3,the,3.3901
572,4,woman,10.6041
572,5,said,9.96008
572,6,the,4.76385
572,7,neighbor,15.8964
572,8,thought,13.6555
572,9,he,5.15677
572,10,recalled,12.7271
572,11,the,2.9113
572,12,man,11.3432
572,13,introduced,14.0008
572,14,to,5.24055
572,15,his,8.06825
572,16,family,6.74011
572,17,.,2.48781
572,18,</s>,27.279
573,0,you,11.5115
573,1,know,4.15838
573,2,that,6.24274
573,3,the,3.3901
573,4,woman,10.6041
573,5,said,9.96008
573,6,the,4.76385
573,7,neighbor,15.8964
573,8,thought,13.6555
573,9,he,5.15677
573,10,recalled,12.7271
573,11,the,2.9113
573,12,man,11.3432
573,13,introduced,14.0008
573,14,his,7.00244
573,15,friends,6.13272
573,16,to,4.68987
573,17,his,5.8277
573,18,family,6.59809
573,19,.,2.48781
573,20,</s>,27.279
574,0,you,11.5115
574,1,know,4.15838
574,2,who,5.97772
574,3,the,5.26981
574,4,woman,7.88614
574,5,said,10.4705
574,6,the,4.76385
574,7,neighbor,15.8964
574,8,thought,13.6555
574,9,he,5.15677
574,10,recalled,12.7271
574,11,the,2.9113
574,12,man,11.3432
574,13,introduced,14.0008
574,14,to,5.24055
574,15,his,8.06825
574,16,family,6.74011
574,17,.,2.48781
574,18,</s>,27.279
575,0,you,11.5115
575,1,know,4.15838
575,2,who,5.97772
575,3,the,5.26981
575,4,woman,7.88614
575,5,said,10.4705
575,6,the,4.76385
575,7,neighbor,15.8964
575,8,thought,13.6555
575,9,he,5.15677
575,10,recalled,12.7271
575,11,the,2.9113
575,12,man,11.3432
575,13,introduced,14.0008
575,14,his,7.00244
575,15,friends,6.13272
575,16,to,4.68987
575,17,his,5.8277
575,18,family,6.59809
575,19,.,2.48781
575,20,</s>,27.279
576,0,you,11.5115
576,1,know,4.15838
576,2,that,6.24274
576,3,the,3.3901
576,4,woman,10.6041
576,5,said,9.96008
576,6,the,4.76385
576,7,neighbor,15.8964
576,8,thought,13.6555
576,9,he,5.15677
576,10,recalled,12.7271
576,11,he,9.32563
576,12,knew,9.4711
576,13,the,5.05217
576,14,man,11.3207
576,15,introduced,14.0008
576,16,to,5.24055
576,17,his,8.06825
576,18,family,6.74011
576,19,.,2.48781
576,20,</s>,27.279
577,0,you,11.5115
577,1,know,4.15838
577,2,that,6.24274
577,3,the,3.3901
577,4,woman,10.6041
577,5,said,9.96008
577,6,the,4.76385
577,7,neighbor,15.8964
577,8,thought,13.6555
577,9,he,5.15677
577,10,recalled,12.7271
577,11,he,9.32563
577,12,knew,9.4711
577,13,the,5.05217
577,14,man,11.3207
577,15,introduced,14.0008
577,16,his,7.00244
577,17,friends,6.13272
577,18,to,4.68987
577,19,his,5.8277
577,20,family,6.59809
577,21,.,2.48781
577,22,</s>,27.279
578,0,you,11.5115
578,1,know,4.15838
578,2,who,5.97772
578,3,the,5.26981
578,4,woman,7.88614
578,5,said,10.4705
578,6,the,4.76385
578,7,neighbor,15.8964
578,8,thought,13.6555
578,9,he,5.15677
578,10,recalled,12.7271
578,11,he,9.32563
578,12,knew,9.4711
578,13,the,5.05217
578,14,man,11.3207
578,15,introduced,14.0008
578,16,to,5.24055
578,17,his,8.06825
578,18,family,6.74011
578,19,.,2.48781
578,20,</s>,27.279
579,0,you,11.5115
579,1,know,4.15838
579,2,who,5.97772
579,3,the,5.26981
579,4,woman,7.88614
579,5,said,10.4705
579,6,the,4.76385
579,7,neighbor,15.8964
579,8,thought,13.6555
579,9,he,5.15677
579,10,recalled,12.7271
579,11,he,9.32563
579,12,knew,9.4711
579,13,the,5.05217
579,14,man,11.3207
579,15,introduced,14.0008
579,16,his,7.00244
579,17,friends,6.13272
579,18,to,4.68987
579,19,his,5.8277
579,20,family,6.59809
579,21,.,2.48781
579,22,</s>,27.279
580,0,he,4.43708
580,1,knows,11.9494
580,2,that,2.7177
580,3,the,3.64053
580,4,woman,10.5893
580,5,waited,17.2699
580,6,for,2.20145
580,7,at,9.62374
580,8,the,5.18943
580,9,bus,13.2396
580,10,stop,2.06733
580,11,.,4.39959
580,12,</s>,23.9738
581,0,he,4.43708
581,1,knows,11.9494
581,2,that,2.7177
581,3,the,3.64053
581,4,woman,10.5893
581,5,waited,17.2699
581,6,for,2.20145
581,7,her,7.03487
581,8,friend,9.0833
581,9,at,8.09412
581,10,the,1.33585
581,11,bus,12.9409
581,12,stop,2.06733
581,13,.,4.39959
581,14,</s>,23.9738
582,0,he,4.43708
582,1,knows,11.9494
582,2,who,8.10265
582,3,the,3.8854
582,4,woman,7.80189
582,5,waited,17.7804
582,6,for,2.20145
582,7,at,9.62374
582,8,the,5.18943
582,9,bus,13.2396
582,10,stop,2.06733
582,11,.,4.39959
582,12,</s>,23.9738
583,0,he,4.43708
583,1,knows,11.9494
583,2,who,8.10265
583,3,the,3.8854
583,4,woman,7.80189
583,5,waited,17.7804
583,6,for,2.20145
583,7,her,7.03487
583,8,friend,9.0833
583,9,at,8.09412
583,10,the,1.33585
583,11,bus,12.9409
583,12,stop,2.06733
583,13,.,4.39959
583,14,</s>,23.9738
584,0,he,4.43708
584,1,knows,11.9494
584,2,that,2.7177
584,3,the,3.64053
584,4,man,9.63939
584,5,believed,13.6953
584,6,the,3.87627
584,7,woman,12.2588
584,8,waited,17.1087
584,9,for,2.20145
584,10,at,9.62374
584,11,the,5.18943
584,12,bus,13.2396
584,13,stop,2.06733
584,14,.,4.39959
584,15,</s>,23.9738
585,0,he,4.43708
585,1,knows,11.9494
585,2,that,2.7177
585,3,the,3.64053
585,4,man,9.63939
585,5,believed,13.6953
585,6,the,3.87627
585,7,woman,12.2588
585,8,waited,17.1087
585,9,for,2.20145
585,10,her,7.03487
585,11,friend,9.0833
585,12,at,8.09412
585,13,the,1.33585
585,14,bus,12.9409
585,15,stop,2.06733
585,16,.,4.39959
585,17,</s>,23.9738
586,0,he,4.43708
586,1,knows,11.9494
586,2,who,8.10265
586,3,the,3.8854
586,4,man,6.8914
586,5,believed,13.607
586,6,the,3.87627
586,7,woman,12.2588
586,8,waited,17.1087
586,9,for,2.20145
586,10,at,9.62374
586,11,the,5.18943
586,12,bus,13.2396
586,13,stop,2.06733
586,14,.,4.39959
586,15,</s>,23.9738
587,0,he,4.43708
587,1,knows,11.9494
587,2,who,8.10265
587,3,the,3.8854
587,4,man,6.8914
587,5,believed,13.607
587,6,the,3.87627
587,7,woman,12.2588
587,8,waited,17.1087
587,9,for,2.20145
587,10,her,7.03487
587,11,friend,9.0833
587,12,at,8.09412
587,13,the,1.33585
587,14,bus,12.9409
587,15,stop,2.06733
587,16,.,4.39959
587,17,</s>,23.9738
588,0,he,4.43708
588,1,knows,11.9494
588,2,that,2.7177
588,3,the,3.64053
588,4,man,9.63939
588,5,believed,13.6953
588,6,the,3.87627
588,7,he,15.2568
588,8,concluded,11.5515
588,9,the,5.55827
588,10,woman,12.2709
588,11,waited,17.1087
588,12,for,2.20145
588,13,at,9.62374
588,14,the,5.18943
588,15,bus,13.2396
588,16,stop,2.06733
588,17,.,4.39959
588,18,</s>,23.9738
589,0,he,4.43708
589,1,knows,11.9494
589,2,that,2.7177
589,3,the,3.64053
589,4,man,9.63939
589,5,believed,13.6953
589,6,the,3.87627
589,7,he,15.2568
589,8,concluded,11.5515
589,9,the,5.55827
589,10,woman,12.2709
589,11,waited,17.1087
589,12,for,2.20145
589,13,her,7.03487
589,14,friend,9.0833
589,15,at,8.09412
589,16,the,1.33585
589,17,bus,12.9409
589,18,stop,2.06733
589,19,.,4.39959
589,20,</s>,23.9738
590,0,he,4.43708
590,1,knows,11.9494
590,2,who,8.10265
590,3,the,3.8854
590,4,man,6.8914
590,5,believed,13.607
590,6,the,3.87627
590,7,he,15.2568
590,8,concluded,11.5515
590,9,the,5.55827
590,10,woman,12.2709
590,11,waited,17.1087
590,12,for,2.20145
590,13,at,9.62374
590,14,the,5.18943
590,15,bus,13.2396
590,16,stop,2.06733
590,17,.,4.39959
590,18,</s>,23.9738
591,0,he,4.43708
591,1,knows,11.9494
591,2,who,8.10265
591,3,the,3.8854
591,4,man,6.8914
591,5,believed,13.607
591,6,the,3.87627
591,7,he,15.2568
591,8,concluded,11.5515
591,9,the,5.55827
591,10,woman,12.2709
591,11,waited,17.1087
591,12,for,2.20145
591,13,her,7.03487
591,14,friend,9.0833
591,15,at,8.09412
591,16,the,1.33585
591,17,bus,12.9409
591,18,stop,2.06733
591,19,.,4.39959
591,20,</s>,23.9738
592,0,he,4.43708
592,1,knows,11.9494
592,2,that,2.7177
592,3,the,3.64053
592,4,man,9.63939
592,5,believed,13.6953
592,6,the,3.87627
592,7,he,15.2568
592,8,concluded,11.5515
592,9,his,3.33433
592,10,neighbors,12.6393
592,11,had,10.8125
592,12,said,9.38367
592,13,the,5.02937
592,14,woman,12.5589
592,15,waited,17.1087
592,16,for,2.20145
592,17,at,9.62374
592,18,the,5.18943
592,19,bus,13.2396
592,20,stop,2.06733
592,21,.,4.39959
592,22,</s>,23.9738
593,0,he,4.43708
593,1,knows,11.9494
593,2,that,2.7177
593,3,the,3.64053
593,4,man,9.63939
593,5,believed,13.6953
593,6,the,3.87627
593,7,he,15.2568
593,8,concluded,11.5515
593,9,his,3.33433
593,10,neighbors,12.6393
593,11,had,10.8125
593,12,said,9.38367
593,13,the,5.02937
593,14,woman,12.5589
593,15,waited,17.1087
593,16,for,2.20145
593,17,her,7.03487
593,18,friend,9.0833
593,19,at,8.09412
593,20,the,1.33585
593,21,bus,12.9409
593,22,stop,2.06733
593,23,.,4.39959
593,24,</s>,23.9738
594,0,he,4.43708
594,1,knows,11.9494
594,2,who,8.10265
594,3,the,3.8854
594,4,man,6.8914
594,5,believed,13.607
594,6,the,3.87627
594,7,he,15.2568
594,8,concluded,11.5515
594,9,his,3.33433
594,10,neighbors,12.6393
594,11,had,10.8125
594,12,said,9.38367
594,13,the,5.02937
594,14,woman,12.5589
594,15,waited,17.1087
594,16,for,2.20145
594,17,at,9.62374
594,18,the,5.18943
594,19,bus,13.2396
594,20,stop,2.06733
594,21,.,4.39959
594,22,</s>,23.9738
595,0,he,4.43708
595,1,knows,11.9494
595,2,who,8.10265
595,3,the,3.8854
595,4,man,6.8914
595,5,believed,13.607
595,6,the,3.87627
595,7,he,15.2568
595,8,concluded,11.5515
595,9,his,3.33433
595,10,neighbors,12.6393
595,11,had,10.8125
595,12,said,9.38367
595,13,the,5.02937
595,14,woman,12.5589
595,15,waited,17.1087
595,16,for,2.20145
595,17,her,7.03487
595,18,friend,9.0833
595,19,at,8.09412
595,20,the,1.33585
595,21,bus,12.9409
595,22,stop,2.06733
595,23,.,4.39959
595,24,</s>,23.9738
596,0,he,4.43708
596,1,knows,11.9494
596,2,that,2.7177
596,3,the,3.64053
596,4,man,9.63939
596,5,believed,13.6953
596,6,the,3.87627
596,7,he,15.2568
596,8,concluded,11.5515
596,9,his,3.33433
596,10,neighbors,12.6393
596,11,had,10.8125
596,12,said,9.38367
596,13,they,6.81505
596,14,saw,5.89813
596,15,the,2.10726
596,16,woman,12.9046
596,17,waited,17.1087
596,18,for,2.20145
596,19,at,9.62374
596,20,the,5.18943
596,21,bus,13.2396
596,22,stop,2.06733
596,23,.,4.39959
596,24,</s>,23.9738
597,0,he,4.43708
597,1,knows,11.9494
597,2,that,2.7177
597,3,the,3.64053
597,4,man,9.63939
597,5,believed,13.6953
597,6,the,3.87627
597,7,he,15.2568
597,8,concluded,11.5515
597,9,his,3.33433
597,10,neighbors,12.6393
597,11,had,10.8125
597,12,said,9.38367
597,13,they,6.81505
597,14,saw,5.89813
597,15,the,2.10726
597,16,woman,12.9046
597,17,waited,17.1087
597,18,for,2.20145
597,19,her,7.03487
597,20,friend,9.0833
597,21,at,8.09412
597,22,the,1.33585
597,23,bus,12.9409
597,24,stop,2.06733
597,25,.,4.39959
597,26,</s>,23.9738
598,0,he,4.43708
598,1,knows,11.9494
598,2,who,8.10265
598,3,the,3.8854
598,4,man,6.8914
598,5,believed,13.607
598,6,the,3.87627
598,7,he,15.2568
598,8,concluded,11.5515
598,9,his,3.33433
598,10,neighbors,12.6393
598,11,had,10.8125
598,12,said,9.38367
598,13,they,6.81505
598,14,saw,5.89813
598,15,the,2.10726
598,16,woman,12.9046
598,17,waited,17.1087
598,18,for,2.20145
598,19,at,9.62374
598,20,the,5.18943
598,21,bus,13.2396
598,22,stop,2.06733
598,23,.,4.39959
598,24,</s>,23.9738
599,0,he,4.43708
599,1,knows,11.9494
599,2,who,8.10265
599,3,the,3.8854
599,4,man,6.8914
599,5,believed,13.607
599,6,the,3.87627
599,7,he,15.2568
599,8,concluded,11.5515
599,9,his,3.33433
599,10,neighbors,12.6393
599,11,had,10.8125
599,12,said,9.38367
599,13,they,6.81505
599,14,saw,5.89813
599,15,the,2.10726
599,16,woman,12.9046
599,17,waited,17.1087
599,18,for,2.20145
599,19,her,7.03487
599,20,friend,9.0833
599,21,at,8.09412
599,22,the,1.33585
599,23,bus,12.9409
599,24,stop,2.06733
599,25,.,4.39959
599,26,</s>,23.9738
600,0,she,6.52858
600,1,knows,11.9031
600,2,that,2.62183
600,3,the,3.70626
600,4,inspectors,17.1427
600,5,interrogated,18.676
600,6,last,14.468
600,7,night,6.976
600,8,.,2.66267
600,9,</s>,25.4592
601,0,she,6.52858
601,1,knows,11.9031
601,2,that,2.62183
601,3,the,3.70626
601,4,inspectors,17.1427
601,5,interrogated,18.676
601,6,the,5.31276
601,7,criminal,12.7149
601,8,last,15.5787
601,9,night,6.976
601,10,.,2.66267
601,11,</s>,25.4592
602,0,she,6.52858
602,1,knows,11.9031
602,2,who,6.14725
602,3,the,3.6838
602,4,inspectors,16.6749
602,5,interrogated,18.676
602,6,last,14.468
602,7,night,6.976
602,8,.,2.66267
602,9,</s>,25.4592
603,0,she,6.52858
603,1,knows,11.9031
603,2,who,6.14725
603,3,the,3.6838
603,4,inspectors,16.6749
603,5,interrogated,18.676
603,6,the,5.31276
603,7,criminal,12.7149
603,8,last,15.5787
603,9,night,6.976
603,10,.,2.66267
603,11,</s>,25.4592
604,0,she,6.52858
604,1,knows,11.9031
604,2,that,2.62183
604,3,the,3.70626
604,4,police,9.69857
604,5,said,10.8045
604,6,the,2.8321
604,7,inspectors,16.8576
604,8,interrogated,18.676
604,9,last,14.468
604,10,night,6.976
604,11,.,2.66267
604,12,</s>,25.4592
605,0,she,6.52858
605,1,knows,11.9031
605,2,that,2.62183
605,3,the,3.70626
605,4,police,9.69857
605,5,said,10.8045
605,6,the,2.8321
605,7,inspectors,16.8576
605,8,interrogated,18.676
605,9,the,5.31276
605,10,criminal,12.7149
605,11,last,15.5787
605,12,night,6.976
605,13,.,2.66267
605,14,</s>,25.4592
606,0,she,6.52858
606,1,knows,11.9031
606,2,who,6.14725
606,3,the,3.6838
606,4,police,11.3625
606,5,said,10.1471
606,6,the,2.8321
606,7,inspectors,16.8576
606,8,interrogated,18.676
606,9,last,14.468
606,10,night,6.976
606,11,.,2.66267
606,12,</s>,25.4592
607,0,she,6.52858
607,1,knows,11.9031
607,2,who,6.14725
607,3,the,3.6838
607,4,police,11.3625
607,5,said,10.1471
607,6,the,2.8321
607,7,inspectors,16.8576
607,8,interrogated,18.676
607,9,the,5.31276
607,10,criminal,12.7149
607,11,last,15.5787
607,12,night,6.976
607,13,.,2.66267
607,14,</s>,25.4592
608,0,she,6.52858
608,1,knows,11.9031
608,2,that,2.62183
608,3,the,3.70626
608,4,police,9.69857
608,5,said,10.8045
608,6,the,2.8321
608,7,detective,14.6244
608,8,believed,13.7308
608,9,the,3.87627
608,10,inspectors,16.5574
608,11,interrogated,18.676
608,12,last,14.468
608,13,night,6.976
608,14,.,2.66267
608,15,</s>,25.4592
609,0,she,6.52858
609,1,knows,11.9031
609,2,that,2.62183
609,3,the,3.70626
609,4,police,9.69857
609,5,said,10.8045
609,6,the,2.8321
609,7,detective,14.6244
609,8,believed,13.7308
609,9,the,3.87627
609,10,inspectors,16.5574
609,11,interrogated,18.676
609,12,the,5.31276
609,13,criminal,12.7149
609,14,last,15.5787
609,15,night,6.976
609,16,.,2.66267
609,17,</s>,25.4592
610,0,she,6.52858
610,1,knows,11.9031
610,2,who,6.14725
610,3,the,3.6838
610,4,police,11.3625
610,5,said,10.1471
610,6,the,2.8321
610,7,detective,14.6244
610,8,believed,13.7308
610,9,the,3.87627
610,10,inspectors,16.5574
610,11,interrogated,18.676
610,12,last,14.468
610,13,night,6.976
610,14,.,2.66267
610,15,</s>,25.4592
611,0,she,6.52858
611,1,knows,11.9031
611,2,who,6.14725
611,3,the,3.6838
611,4,police,11.3625
611,5,said,10.1471
611,6,the,2.8321
611,7,detective,14.6244
611,8,believed,13.7308
611,9,the,3.87627
611,10,inspectors,16.5574
611,11,interrogated,18.676
611,12,the,5.31276
611,13,criminal,12.7149
611,14,last,15.5787
611,15,night,6.976
611,16,.,2.66267
611,17,</s>,25.4592
612,0,she,6.52858
612,1,knows,11.9031
612,2,that,2.62183
612,3,the,3.70626
612,4,police,9.69857
612,5,said,10.8045
612,6,the,2.8321
612,7,detective,14.6244
612,8,believed,13.7308
612,9,he,5.20607
612,10,thought,10.847
612,11,the,4.14874
612,12,inspectors,16.7329
612,13,interrogated,18.676
612,14,last,14.468
612,15,night,6.976
612,16,.,2.66267
612,17,</s>,25.4592
613,0,she,6.52858
613,1,knows,11.9031
613,2,that,2.62183
613,3,the,3.70626
613,4,police,9.69857
613,5,said,10.8045
613,6,the,2.8321
613,7,detective,14.6244
613,8,believed,13.7308
613,9,he,5.20607
613,10,thought,10.847
613,11,the,4.14874
613,12,inspectors,16.7329
613,13,interrogated,18.676
613,14,the,5.31276
613,15,criminal,12.7149
613,16,last,15.5787
613,17,night,6.976
613,18,.,2.66267
613,19,</s>,25.4592
614,0,she,6.52858
614,1,knows,11.9031
614,2,who,6.14725
614,3,the,3.6838
614,4,police,11.3625
614,5,said,10.1471
614,6,the,2.8321
614,7,detective,14.6244
614,8,believed,13.7308
614,9,he,5.20607
614,10,thought,10.847
614,11,the,4.14874
614,12,inspectors,16.7329
614,13,interrogated,18.676
614,14,last,14.468
614,15,night,6.976
614,16,.,2.66267
614,17,</s>,25.4592
615,0,she,6.52858
615,1,knows,11.9031
615,2,who,6.14725
615,3,the,3.6838
615,4,police,11.3625
615,5,said,10.1471
615,6,the,2.8321
615,7,detective,14.6244
615,8,believed,13.7308
615,9,he,5.20607
615,10,thought,10.847
615,11,the,4.14874
615,12,inspectors,16.7329
615,13,interrogated,18.676
615,14,the,5.31276
615,15,criminal,12.7149
615,16,last,15.5787
615,17,night,6.976
615,18,.,2.66267
615,19,</s>,25.4592
616,0,she,6.52858
616,1,knows,11.9031
616,2,that,2.62183
616,3,the,3.70626
616,4,police,9.69857
616,5,said,10.8045
616,6,the,2.8321
616,7,detective,14.6244
616,8,believed,13.7308
616,9,he,5.20607
616,10,thought,10.847
616,11,he,4.14874
616,12,saw,6.02849
616,13,the,4.16645
616,14,inspectors,17.1399
616,15,interrogated,18.676
616,16,last,14.468
616,17,night,6.976
616,18,.,2.66267
616,19,</s>,25.4592
617,0,she,6.52858
617,1,knows,11.9031
617,2,that,2.62183
617,3,the,3.70626
617,4,police,9.69857
617,5,said,10.8045
617,6,the,2.8321
617,7,detective,14.6244
617,8,believed,13.7308
617,9,he,5.20607
617,10,thought,10.847
617,11,he,4.14874
617,12,saw,6.02849
617,13,the,4.16645
617,14,inspectors,17.1399
617,15,interrogated,18.676
617,16,the,5.31276
617,17,criminal,12.7149
617,18,last,15.5787
617,19,night,6.976
617,20,.,2.66267
617,21,</s>,25.4592
618,0,she,6.52858
618,1,knows,11.9031
618,2,who,6.14725
618,3,the,3.6838
618,4,police,11.3625
618,5,said,10.1471
618,6,the,2.8321
618,7,detective,14.6244
618,8,believed,13.7308
618,9,he,5.20607
618,10,thought,10.847
618,11,he,4.14874
618,12,saw,6.02849
618,13,the,4.16645
618,14,inspectors,17.1399
618,15,interrogated,18.676
618,16,last,14.468
618,17,night,6.976
618,18,.,2.66267
618,19,</s>,25.4592
619,0,she,6.52858
619,1,knows,11.9031
619,2,who,6.14725
619,3,the,3.6838
619,4,police,11.3625
619,5,said,10.1471
619,6,the,2.8321
619,7,detective,14.6244
619,8,believed,13.7308
619,9,he,5.20607
619,10,thought,10.847
619,11,he,4.14874
619,12,saw,6.02849
619,13,the,4.16645
619,14,inspectors,17.1399
619,15,interrogated,18.676
619,16,the,5.31276
619,17,criminal,12.7149
619,18,last,15.5787
619,19,night,6.976
619,20,.,2.66267
619,21,</s>,25.4592
620,0,they,6.37172
620,1,know,11.9019
620,2,that,3.79528
620,3,the,2.53449
620,4,old,9.77503
620,5,man,5.08363
620,6,thanked,18.0451
620,7,on,9.57604
620,8,the,3.74276
620,9,street,9.17811
620,10,.,2.25643
620,11,</s>,27.7468
621,0,they,6.37172
621,1,know,11.9019
621,2,that,3.79528
621,3,the,2.53449
621,4,old,9.77503
621,5,man,5.08363
621,6,thanked,18.0451
621,7,the,3.15393
621,8,tailor,16.9488
621,9,on,9.44771
621,10,the,3.74276
621,11,street,9.17811
621,12,.,2.25643
621,13,</s>,27.7468
622,0,they,6.37172
622,1,know,11.9019
622,2,who,7.38908
622,3,the,5.01207
622,4,old,10.7492
622,5,man,6.57065
622,6,thanked,18.0451
622,7,on,9.57604
622,8,the,3.74276
622,9,street,9.17811
622,10,.,2.25643
622,11,</s>,27.7468
623,0,they,6.37172
623,1,know,11.9019
623,2,who,7.38908
623,3,the,5.01207
623,4,old,10.7492
623,5,man,6.57065
623,6,thanked,18.0451
623,7,the,3.15393
623,8,tailor,16.9488
623,9,on,9.44771
623,10,the,3.74276
623,11,street,9.17811
623,12,.,2.25643
623,13,</s>,27.7468
624,0,they,6.37172
624,1,know,11.9019
624,2,that,3.79528
624,3,the,2.53449
624,4,nurse,15.3165
624,5,said,12.2185
624,6,the,4.51729
624,7,old,10.8476
624,8,man,6.57065
624,9,thanked,18.0451
624,10,on,9.57604
624,11,the,3.74276
624,12,street,9.17811
624,13,.,2.25643
624,14,</s>,27.7468
625,0,they,6.37172
625,1,know,11.9019
625,2,that,3.79528
625,3,the,2.53449
625,4,nurse,15.3165
625,5,said,12.2185
625,6,the,4.51729
625,7,old,10.8476
625,8,man,6.57065
625,9,thanked,18.0451
625,10,the,3.15393
625,11,tailor,16.9488
625,12,on,9.44771
625,13,the,3.74276
625,14,street,9.17811
625,15,.,2.25643
625,16,</s>,27.7468
626,0,they,6.37172
626,1,know,11.9019
626,2,who,7.38908
626,3,the,5.01207
626,4,nurse,14.9182
626,5,said,12.2185
626,6,the,4.51729
626,7,old,10.8476
626,8,man,6.57065
626,9,thanked,18.0451
626,10,on,9.57604
626,11,the,3.74276
626,12,street,9.17811
626,13,.,2.25643
626,14,</s>,27.7468
627,0,they,6.37172
627,1,know,11.9019
627,2,who,7.38908
627,3,the,5.01207
627,4,nurse,14.9182
627,5,said,12.2185
627,6,the,4.51729
627,7,old,10.8476
627,8,man,6.57065
627,9,thanked,18.0451
627,10,the,3.15393
627,11,tailor,16.9488
627,12,on,9.44771
627,13,the,3.74276
627,14,street,9.17811
627,15,.,2.25643
627,16,</s>,27.7468
628,0,they,6.37172
628,1,know,11.9019
628,2,that,3.79528
628,3,the,2.53449
628,4,nurse,15.3165
628,5,said,12.2185
628,6,the,4.51729
628,7,assistant,14.9162
628,8,knew,15.4004
628,9,the,4.27224
628,10,old,10.4876
628,11,man,6.57065
628,12,thanked,18.0451
628,13,on,9.57604
628,14,the,3.74276
628,15,street,9.17811
628,16,.,2.25643
628,17,</s>,27.7468
629,0,they,6.37172
629,1,know,11.9019
629,2,that,3.79528
629,3,the,2.53449
629,4,nurse,15.3165
629,5,said,12.2185
629,6,the,4.51729
629,7,assistant,14.9162
629,8,knew,15.4004
629,9,the,4.27224
629,10,old,10.4876
629,11,man,6.57065
629,12,thanked,18.0451
629,13,the,3.15393
629,14,tailor,16.9488
629,15,on,9.44771
629,16,the,3.74276
629,17,street,9.17811
629,18,.,2.25643
629,19,</s>,27.7468
630,0,they,6.37172
630,1,know,11.9019
630,2,who,7.38908
630,3,the,5.01207
630,4,nurse,14.9182
630,5,said,12.2185
630,6,the,4.51729
630,7,assistant,14.9162
630,8,knew,15.4004
630,9,the,4.27224
630,10,old,10.4876
630,11,man,6.57065
630,12,thanked,18.0451
630,13,on,9.57604
630,14,the,3.74276
630,15,street,9.17811
630,16,.,2.25643
630,17,</s>,27.7468
631,0,they,6.37172
631,1,know,11.9019
631,2,who,7.38908
631,3,the,5.01207
631,4,nurse,14.9182
631,5,said,12.2185
631,6,the,4.51729
631,7,assistant,14.9162
631,8,knew,15.4004
631,9,the,4.27224
631,10,old,10.4876
631,11,man,6.57065
631,12,thanked,18.0451
631,13,the,3.15393
631,14,tailor,16.9488
631,15,on,9.44771
631,16,the,3.74276
631,17,street,9.17811
631,18,.,2.25643
631,19,</s>,27.7468
632,0,they,6.37172
632,1,know,11.9019
632,2,that,3.79528
632,3,the,2.53449
632,4,nurse,15.3165
632,5,said,12.2185
632,6,the,4.51729
632,7,assistant,14.9162
632,8,knew,15.4004
632,9,she,7.06812
632,10,saw,9.41371
632,11,the,3.89315
632,12,old,10.6112
632,13,man,6.57065
632,14,thanked,18.0451
632,15,on,9.57604
632,16,the,3.74276
632,17,street,9.17811
632,18,.,2.25643
632,19,</s>,27.7468
633,0,they,6.37172
633,1,know,11.9019
633,2,that,3.79528
633,3,the,2.53449
633,4,nurse,15.3165
633,5,said,12.2185
633,6,the,4.51729
633,7,assistant,14.9162
633,8,knew,15.4004
633,9,she,7.06812
633,10,saw,9.41371
633,11,the,3.89315
633,12,old,10.6112
633,13,man,6.57065
633,14,thanked,18.0451
633,15,the,3.15393
633,16,tailor,16.9488
633,17,on,9.44771
633,18,the,3.74276
633,19,street,9.17811
633,20,.,2.25643
633,21,</s>,27.7468
634,0,they,6.37172
634,1,know,11.9019
634,2,who,7.38908
634,3,the,5.01207
634,4,nurse,14.9182
634,5,said,12.2185
634,6,the,4.51729
634,7,assistant,14.9162
634,8,knew,15.4004
634,9,she,7.06812
634,10,saw,9.41371
634,11,the,3.89315
634,12,old,10.6112
634,13,man,6.57065
634,14,thanked,18.0451
634,15,on,9.57604
634,16,the,3.74276
634,17,street,9.17811
634,18,.,2.25643
634,19,</s>,27.7468
635,0,they,6.37172
635,1,know,11.9019
635,2,who,7.38908
635,3,the,5.01207
635,4,nurse,14.9182
635,5,said,12.2185
635,6,the,4.51729
635,7,assistant,14.9162
635,8,knew,15.4004
635,9,she,7.06812
635,10,saw,9.41371
635,11,the,3.89315
635,12,old,10.6112
635,13,man,6.57065
635,14,thanked,18.0451
635,15,the,3.15393
635,16,tailor,16.9488
635,17,on,9.44771
635,18,the,3.74276
635,19,street,9.17811
635,20,.,2.25643
635,21,</s>,27.7468
636,0,they,6.37172
636,1,know,11.9019
636,2,that,3.79528
636,3,the,2.53449
636,4,nurse,15.3165
636,5,said,12.2185
636,6,the,4.51729
636,7,assistant,14.9162
636,8,knew,15.4004
636,9,she,7.06812
636,10,saw,9.41371
636,11,he,10.8567
636,12,noticed,11.9631
636,13,the,3.89328
636,14,old,10.4596
636,15,man,6.57065
636,16,thanked,18.0451
636,17,on,9.57604
636,18,the,3.74276
636,19,street,9.17811
636,20,.,2.25643
636,21,</s>,27.7468
637,0,they,6.37172
637,1,know,11.9019
637,2,that,3.79528
637,3,the,2.53449
637,4,nurse,15.3165
637,5,said,12.2185
637,6,the,4.51729
637,7,assistant,14.9162
637,8,knew,15.4004
637,9,she,7.06812
637,10,saw,9.41371
637,11,he,10.8567
637,12,noticed,11.9631
637,13,the,3.89328
637,14,old,10.4596
637,15,man,6.57065
637,16,thanked,18.0451
637,17,the,3.15393
637,18,tailor,16.9488
637,19,on,9.44771
637,20,the,3.74276
637,21,street,9.17811
637,22,.,2.25643
637,23,</s>,27.7468
638,0,they,6.37172
638,1,know,11.9019
638,2,who,7.38908
638,3,the,5.01207
638,4,nurse,14.9182
638,5,said,12.2185
638,6,the,4.51729
638,7,assistant,14.9162
638,8,knew,15.4004
638,9,she,7.06812
638,10,saw,9.41371
638,11,he,10.8567
638,12,noticed,11.9631
638,13,the,3.89328
638,14,old,10.4596
638,15,man,6.57065
638,16,thanked,18.0451
638,17,on,9.57604
638,18,the,3.74276
638,19,street,9.17811
638,20,.,2.25643
638,21,</s>,27.7468
639,0,they,6.37172
639,1,know,11.9019
639,2,who,7.38908
639,3,the,5.01207
639,4,nurse,14.9182
639,5,said,12.2185
639,6,the,4.51729
639,7,assistant,14.9162
639,8,knew,15.4004
639,9,she,7.06812
639,10,saw,9.41371
639,11,he,10.8567
639,12,noticed,11.9631
639,13,the,3.89328
639,14,old,10.4596
639,15,man,6.57065
639,16,thanked,18.0451
639,17,the,3.15393
639,18,tailor,16.9488
639,19,on,9.44771
639,20,the,3.74276
639,21,street,9.17811
639,22,.,2.25643
639,23,</s>,27.7468
640,0,he,4.43708
640,1,reported,10.9023
640,2,that,1.2922
640,3,the,2.05663
640,4,doctor,10.8521
640,5,reassured,19.239
640,6,before,11.0687
640,7,surgery,11.8446
640,8,.,1.7726
640,9,</s>,23.6519
641,0,he,4.43708
641,1,reported,10.9023
641,2,that,1.2922
641,3,the,2.05663
641,4,doctor,10.8521
641,5,reassured,19.239
641,6,the,2.43917
641,7,patient,12.0522
641,8,before,9.6655
641,9,surgery,11.8446
641,10,.,1.7726
641,11,</s>,23.6519
642,0,he,4.43708
642,1,reported,10.9023
642,2,who,12.6639
642,3,the,8.96323
642,4,doctor,7.80189
642,5,reassured,18.8671
642,6,before,11.0687
642,7,surgery,11.8446
642,8,.,1.7726
642,9,</s>,23.6519
643,0,he,4.43708
643,1,reported,10.9023
643,2,who,12.6639
643,3,the,8.96323
643,4,doctor,7.80189
643,5,reassured,18.8671
643,6,the,2.43917
643,7,patient,12.0522
643,8,before,9.6655
643,9,surgery,11.8446
643,10,.,1.7726
643,11,</s>,23.6519
644,0,he,4.43708
644,1,reported,10.9023
644,2,that,1.2922
644,3,the,2.05663
644,4,nurse,15.4069
644,5,believed,13.6531
644,6,the,3.87627
644,7,doctor,11.9631
644,8,reassured,18.8671
644,9,before,11.0687
644,10,surgery,11.8446
644,11,.,1.7726
644,12,</s>,23.6519
645,0,he,4.43708
645,1,reported,10.9023
645,2,that,1.2922
645,3,the,2.05663
645,4,nurse,15.4069
645,5,believed,13.6531
645,6,the,3.87627
645,7,doctor,11.9631
645,8,reassured,18.8671
645,9,the,2.43917
645,10,patient,12.0522
645,11,before,9.6655
645,12,surgery,11.8446
645,13,.,1.7726
645,14,</s>,23.6519
646,0,he,4.43708
646,1,reported,10.9023
646,2,who,12.6639
646,3,the,8.96323
646,4,nurse,14.8339
646,5,believed,13.6531
646,6,the,3.87627
646,7,doctor,11.9631
646,8,reassured,18.8671
646,9,before,11.0687
646,10,surgery,11.8446
646,11,.,1.7726
646,12,</s>,23.6519
647,0,he,4.43708
647,1,reported,10.9023
647,2,who,12.6639
647,3,the,8.96323
647,4,nurse,14.8339
647,5,believed,13.6531
647,6,the,3.87627
647,7,doctor,11.9631
647,8,reassured,18.8671
647,9,the,2.43917
647,10,patient,12.0522
647,11,before,9.6655
647,12,surgery,11.8446
647,13,.,1.7726
647,14,</s>,23.6519
648,0,he,4.43708
648,1,reported,10.9023
648,2,that,1.2922
648,3,the,2.05663
648,4,nurse,15.4069
648,5,believed,13.6531
648,6,the,3.87627
648,7,woman,12.2588
648,8,thought,13.7489
648,9,the,4.36895
648,10,doctor,12.1163
648,11,reassured,18.8671
648,12,before,11.0687
648,13,surgery,11.8446
648,14,.,1.7726
648,15,</s>,23.6519
649,0,he,4.43708
649,1,reported,10.9023
649,2,that,1.2922
649,3,the,2.05663
649,4,nurse,15.4069
649,5,believed,13.6531
649,6,the,3.87627
649,7,woman,12.2588
649,8,thought,13.7489
649,9,the,4.36895
649,10,doctor,12.1163
649,11,reassured,18.8671
649,12,the,2.43917
649,13,patient,12.0522
649,14,before,9.6655
649,15,surgery,11.8446
649,16,.,1.7726
649,17,</s>,23.6519
650,0,he,4.43708
650,1,reported,10.9023
650,2,who,12.6639
650,3,the,8.96323
650,4,nurse,14.8339
650,5,believed,13.6531
650,6,the,3.87627
650,7,woman,12.2588
650,8,thought,13.7489
650,9,the,4.36895
650,10,doctor,12.1163
650,11,reassured,18.8671
650,12,before,11.0687
650,13,surgery,11.8446
650,14,.,1.7726
650,15,</s>,23.6519
651,0,he,4.43708
651,1,reported,10.9023
651,2,who,12.6639
651,3,the,8.96323
651,4,nurse,14.8339
651,5,believed,13.6531
651,6,the,3.87627
651,7,woman,12.2588
651,8,thought,13.7489
651,9,the,4.36895
651,10,doctor,12.1163
651,11,reassured,18.8671
651,12,the,2.43917
651,13,patient,12.0522
651,14,before,9.6655
651,15,surgery,11.8446
651,16,.,1.7726
651,17,</s>,23.6519
652,0,he,4.43708
652,1,reported,10.9023
652,2,that,1.2922
652,3,the,2.05663
652,4,nurse,15.4069
652,5,believed,13.6531
652,6,the,3.87627
652,7,woman,12.2588
652,8,thought,13.7489
652,9,she,6.92949
652,10,recalled,12.8166
652,11,the,3.46066
652,12,doctor,11.8962
652,13,reassured,18.8671
652,14,before,11.0687
652,15,surgery,11.8446
652,16,.,1.7726
652,17,</s>,23.6519
653,0,he,4.43708
653,1,reported,10.9023
653,2,that,1.2922
653,3,the,2.05663
653,4,nurse,15.4069
653,5,believed,13.6531
653,6,the,3.87627
653,7,woman,12.2588
653,8,thought,13.7489
653,9,she,6.92949
653,10,recalled,12.8166
653,11,the,3.46066
653,12,doctor,11.8962
653,13,reassured,18.8671
653,14,the,2.43917
653,15,patient,12.0522
653,16,before,9.6655
653,17,surgery,11.8446
653,18,.,1.7726
653,19,</s>,23.6519
654,0,he,4.43708
654,1,reported,10.9023
654,2,who,12.6639
654,3,the,8.96323
654,4,nurse,14.8339
654,5,believed,13.6531
654,6,the,3.87627
654,7,woman,12.2588
654,8,thought,13.7489
654,9,she,6.92949
654,10,recalled,12.8166
654,11,the,3.46066
654,12,doctor,11.8962
654,13,reassured,18.8671
654,14,before,11.0687
654,15,surgery,11.8446
654,16,.,1.7726
654,17,</s>,23.6519
655,0,he,4.43708
655,1,reported,10.9023
655,2,who,12.6639
655,3,the,8.96323
655,4,nurse,14.8339
655,5,believed,13.6531
655,6,the,3.87627
655,7,woman,12.2588
655,8,thought,13.7489
655,9,she,6.92949
655,10,recalled,12.8166
655,11,the,3.46066
655,12,doctor,11.8962
655,13,reassured,18.8671
655,14,the,2.43917
655,15,patient,12.0522
655,16,before,9.6655
655,17,surgery,11.8446
655,18,.,1.7726
655,19,</s>,23.6519
656,0,he,4.43708
656,1,reported,10.9023
656,2,that,1.2922
656,3,the,2.05663
656,4,nurse,15.4069
656,5,believed,13.6531
656,6,the,3.87627
656,7,woman,12.2588
656,8,thought,13.7489
656,9,she,6.92949
656,10,recalled,12.8166
656,11,she,11.6898
656,12,noticed,12.1567
656,13,the,3.6021
656,14,doctor,11.8752
656,15,reassured,18.8671
656,16,before,11.0687
656,17,surgery,11.8446
656,18,.,1.7726
656,19,</s>,23.6519
657,0,he,4.43708
657,1,reported,10.9023
657,2,that,1.2922
657,3,the,2.05663
657,4,nurse,15.4069
657,5,believed,13.6531
657,6,the,3.87627
657,7,woman,12.2588
657,8,thought,13.7489
657,9,she,6.92949
657,10,recalled,12.8166
657,11,she,11.6898
657,12,noticed,12.1567
657,13,the,3.6021
657,14,doctor,11.8752
657,15,reassured,18.8671
657,16,the,2.43917
657,17,patient,12.0522
657,18,before,9.6655
657,19,surgery,11.8446
657,20,.,1.7726
657,21,</s>,23.6519
658,0,he,4.43708
658,1,reported,10.9023
658,2,who,12.6639
658,3,the,8.96323
658,4,nurse,14.8339
658,5,believed,13.6531
658,6,the,3.87627
658,7,woman,12.2588
658,8,thought,13.7489
658,9,she,6.92949
658,10,recalled,12.8166
658,11,she,11.6898
658,12,noticed,12.1567
658,13,the,3.6021
658,14,doctor,11.8752
658,15,reassured,18.8671
658,16,before,11.0687
658,17,surgery,11.8446
658,18,.,1.7726
658,19,</s>,23.6519
659,0,he,4.43708
659,1,reported,10.9023
659,2,who,12.6639
659,3,the,8.96323
659,4,nurse,14.8339
659,5,believed,13.6531
659,6,the,3.87627
659,7,woman,12.2588
659,8,thought,13.7489
659,9,she,6.92949
659,10,recalled,12.8166
659,11,she,11.6898
659,12,noticed,12.1567
659,13,the,3.6021
659,14,doctor,11.8752
659,15,reassured,18.8671
659,16,the,2.43917
659,17,patient,12.0522
659,18,before,9.6655
659,19,surgery,11.8446
659,20,.,1.7726
659,21,</s>,23.6519
660,0,we,10.0475
660,1,discovered,14.246
660,2,that,3.37446
660,3,the,3.17263
660,4,funny,16.5161
660,5,actor,15.2429
660,6,told,13.1019
660,7,about,7.27098
660,8,the,2.20408
660,9,woman,11.61
660,10,.,5.81596
660,11,</s>,25.5588
661,0,we,10.0475
661,1,discovered,14.246
661,2,that,3.37446
661,3,the,3.17263
661,4,funny,16.5161
661,5,actor,15.2429
661,6,told,13.1019
661,7,a,5.18358
661,8,story,3.36292
661,9,about,2.72714
661,10,the,3.32202
661,11,woman,11.6127
661,12,.,5.81596
661,13,</s>,25.5588
662,0,we,10.0475
662,1,discovered,14.246
662,2,what,7.36142
662,3,the,5.20984
662,4,funny,16.2166
662,5,actor,15.2429
662,6,told,13.1019
662,7,about,7.27098
662,8,the,2.20408
662,9,woman,11.61
662,10,.,5.81596
662,11,</s>,25.5588
663,0,we,10.0475
663,1,discovered,14.246
663,2,what,7.36142
663,3,the,5.20984
663,4,funny,16.2166
663,5,actor,15.2429
663,6,told,13.1019
663,7,a,5.18358
663,8,story,3.36292
663,9,about,2.72714
663,10,the,3.32202
663,11,woman,11.6127
663,12,.,5.81596
663,13,</s>,25.5588
664,0,we,10.0475
664,1,discovered,14.246
664,2,that,3.37446
664,3,the,3.17263
664,4,delivery,16.1169
664,5,boy,7.77212
664,6,remarked,15.9444
664,7,the,9.18833
664,8,funny,15.6524
664,9,actor,15.2429
664,10,told,13.1019
664,11,about,7.27098
664,12,the,2.20408
664,13,woman,11.61
664,14,.,5.81596
664,15,</s>,25.5588
665,0,we,10.0475
665,1,discovered,14.246
665,2,that,3.37446
665,3,the,3.17263
665,4,delivery,16.1169
665,5,boy,7.77212
665,6,remarked,15.9444
665,7,the,9.18833
665,8,funny,15.6524
665,9,actor,15.2429
665,10,told,13.1019
665,11,a,5.18358
665,12,story,3.36292
665,13,about,2.72714
665,14,the,3.32202
665,15,woman,11.6127
665,16,.,5.81596
665,17,</s>,25.5588
666,0,we,10.0475
666,1,discovered,14.246
666,2,what,7.36142
666,3,the,5.20984
666,4,delivery,13.8559
666,5,boy,7.77212
666,6,remarked,15.9444
666,7,the,9.18833
666,8,funny,15.6524
666,9,actor,15.2429
666,10,told,13.1019
666,11,about,7.27098
666,12,the,2.20408
666,13,woman,11.61
666,14,.,5.81596
666,15,</s>,25.5588
667,0,we,10.0475
667,1,discovered,14.246
667,2,what,7.36142
667,3,the,5.20984
667,4,delivery,13.8559
667,5,boy,7.77212
667,6,remarked,15.9444
667,7,the,9.18833
667,8,funny,15.6524
667,9,actor,15.2429
667,10,told,13.1019
667,11,a,5.18358
667,12,story,3.36292
667,13,about,2.72714
667,14,the,3.32202
667,15,woman,11.6127
667,16,.,5.81596
667,17,</s>,25.5588
668,0,we,10.0475
668,1,discovered,14.246
668,2,that,3.37446
668,3,the,3.17263
668,4,delivery,16.1169
668,5,boy,7.77212
668,6,remarked,15.9444
668,7,the,9.18833
668,8,worker,14.0478
668,9,said,12.4569
668,10,the,4.51729
668,11,funny,16.1772
668,12,actor,15.2429
668,13,told,13.1019
668,14,about,7.27098
668,15,the,2.20408
668,16,woman,11.61
668,17,.,5.81596
668,18,</s>,25.5588
669,0,we,10.0475
669,1,discovered,14.246
669,2,that,3.37446
669,3,the,3.17263
669,4,delivery,16.1169
669,5,boy,7.77212
669,6,remarked,15.9444
669,7,the,9.18833
669,8,worker,14.0478
669,9,said,12.4569
669,10,the,4.51729
669,11,funny,16.1772
669,12,actor,15.2429
669,13,told,13.1019
669,14,a,5.18358
669,15,story,3.36292
669,16,about,2.72714
669,17,the,3.32202
669,18,woman,11.6127
669,19,.,5.81596
669,20,</s>,25.5588
670,0,we,10.0475
670,1,discovered,14.246
670,2,what,7.36142
670,3,the,5.20984
670,4,delivery,13.8559
670,5,boy,7.77212
670,6,remarked,15.9444
670,7,the,9.18833
670,8,worker,14.0478
670,9,said,12.4569
670,10,the,4.51729
670,11,funny,16.1772
670,12,actor,15.2429
670,13,told,13.1019
670,14,about,7.27098
670,15,the,2.20408
670,16,woman,11.61
670,17,.,5.81596
670,18,</s>,25.5588
671,0,we,10.0475
671,1,discovered,14.246
671,2,what,7.36142
671,3,the,5.20984
671,4,delivery,13.8559
671,5,boy,7.77212
671,6,remarked,15.9444
671,7,the,9.18833
671,8,worker,14.0478
671,9,said,12.4569
671,10,the,4.51729
671,11,funny,16.1772
671,12,actor,15.2429
671,13,told,13.1019
671,14,a,5.18358
671,15,story,3.36292
671,16,about,2.72714
671,17,the,3.32202
671,18,woman,11.6127
671,19,.,5.81596
671,20,</s>,25.5588
672,0,we,10.0475
672,1,discovered,14.246
672,2,that,3.37446
672,3,the,3.17263
672,4,delivery,16.1169
672,5,boy,7.77212
672,6,remarked,15.9444
672,7,the,9.18833
672,8,worker,14.0478
672,9,said,12.4569
672,10,the,4.51729
672,11,gardener,15.6082
672,12,knew,15.0764
672,13,the,4.27224
672,14,funny,15.8171
672,15,actor,15.2429
672,16,told,13.1019
672,17,about,7.27098
672,18,the,2.20408
672,19,woman,11.61
672,20,.,5.81596
672,21,</s>,25.5588
673,0,we,10.0475
673,1,discovered,14.246
673,2,that,3.37446
673,3,the,3.17263
673,4,delivery,16.1169
673,5,boy,7.77212
673,6,remarked,15.9444
673,7,the,9.18833
673,8,worker,14.0478
673,9,said,12.4569
673,10,the,4.51729
673,11,gardener,15.6082
673,12,knew,15.0764
673,13,the,4.27224
673,14,funny,15.8171
673,15,actor,15.2429
673,16,told,13.1019
673,17,a,5.18358
673,18,story,3.36292
673,19,about,2.72714
673,20,the,3.32202
673,21,woman,11.6127
673,22,.,5.81596
673,23,</s>,25.5588
674,0,we,10.0475
674,1,discovered,14.246
674,2,what,7.36142
674,3,the,5.20984
674,4,delivery,13.8559
674,5,boy,7.77212
674,6,remarked,15.9444
674,7,the,9.18833
674,8,worker,14.0478
674,9,said,12.4569
674,10,the,4.51729
674,11,gardener,15.6082
674,12,knew,15.0764
674,13,the,4.27224
674,14,funny,15.8171
674,15,actor,15.2429
674,16,told,13.1019
674,17,about,7.27098
674,18,the,2.20408
674,19,woman,11.61
674,20,.,5.81596
674,21,</s>,25.5588
675,0,we,10.0475
675,1,discovered,14.246
675,2,what,7.36142
675,3,the,5.20984
675,4,delivery,13.8559
675,5,boy,7.77212
675,6,remarked,15.9444
675,7,the,9.18833
675,8,worker,14.0478
675,9,said,12.4569
675,10,the,4.51729
675,11,gardener,15.6082
675,12,knew,15.0764
675,13,the,4.27224
675,14,funny,15.8171
675,15,actor,15.2429
675,16,told,13.1019
675,17,a,5.18358
675,18,story,3.36292
675,19,about,2.72714
675,20,the,3.32202
675,21,woman,11.6127
675,22,.,5.81596
675,23,</s>,25.5588
676,0,we,10.0475
676,1,discovered,14.246
676,2,that,3.37446
676,3,the,3.17263
676,4,delivery,16.1169
676,5,boy,7.77212
676,6,remarked,15.9444
676,7,the,9.18833
676,8,worker,14.0478
676,9,said,12.4569
676,10,the,4.51729
676,11,gardener,15.6082
676,12,knew,15.0764
676,13,the,4.27224
676,14,maid,15.2482
676,15,remembers,17.4997
676,16,the,3.54116
676,17,funny,15.694
676,18,actor,15.2429
676,19,told,13.1019
676,20,about,7.27098
676,21,the,2.20408
676,22,woman,11.61
676,23,.,5.81596
676,24,</s>,25.5588
677,0,we,10.0475
677,1,discovered,14.246
677,2,that,3.37446
677,3,the,3.17263
677,4,delivery,16.1169
677,5,boy,7.77212
677,6,remarked,15.9444
677,7,the,9.18833
677,8,worker,14.0478
677,9,said,12.4569
677,10,the,4.51729
677,11,gardener,15.6082
677,12,knew,15.0764
677,13,the,4.27224
677,14,maid,15.2482
677,15,remembers,17.4997
677,16,the,3.54116
677,17,funny,15.694
677,18,actor,15.2429
677,19,told,13.1019
677,20,a,5.18358
677,21,story,3.36292
677,22,about,2.72714
677,23,the,3.32202
677,24,woman,11.6127
677,25,.,5.81596
677,26,</s>,25.5588
678,0,we,10.0475
678,1,discovered,14.246
678,2,what,7.36142
678,3,the,5.20984
678,4,delivery,13.8559
678,5,boy,7.77212
678,6,remarked,15.9444
678,7,the,9.18833
678,8,worker,14.0478
678,9,said,12.4569
678,10,the,4.51729
678,11,gardener,15.6082
678,12,knew,15.0764
678,13,the,4.27224
678,14,maid,15.2482
678,15,remembers,17.4997
678,16,the,3.54116
678,17,funny,15.694
678,18,actor,15.2429
678,19,told,13.1019
678,20,about,7.27098
678,21,the,2.20408
678,22,woman,11.61
678,23,.,5.81596
678,24,</s>,25.5588
679,0,we,10.0475
679,1,discovered,14.246
679,2,what,7.36142
679,3,the,5.20984
679,4,delivery,13.8559
679,5,boy,7.77212
679,6,remarked,15.9444
679,7,the,9.18833
679,8,worker,14.0478
679,9,said,12.4569
679,10,the,4.51729
679,11,gardener,15.6082
679,12,knew,15.0764
679,13,the,4.27224
679,14,maid,15.2482
679,15,remembers,17.4997
679,16,the,3.54116
679,17,funny,15.694
679,18,actor,15.2429
679,19,told,13.1019
679,20,a,5.18358
679,21,story,3.36292
679,22,about,2.72714
679,23,the,3.32202
679,24,woman,11.6127
679,25,.,5.81596
679,26,</s>,25.5588
680,0,they,6.37172
680,1,reported,11.2987
680,2,that,1.06934
680,3,the,2.41116
680,4,woman,10.6944
680,5,abandoned,15.3422
680,6,on,6.93193
680,7,the,1.97443
680,8,side,8.49243
680,9,of,0.776818
680,10,the,0.380114
680,11,road,3.96868
680,12,.,1.78484
680,13,</s>,28.2635
681,0,they,6.37172
681,1,reported,11.2987
681,2,that,1.06934
681,3,the,2.41116
681,4,woman,10.6944
681,5,abandoned,15.3422
681,6,the,3.31847
681,7,children,9.04119
681,8,on,7.58796
681,9,the,3.1432
681,10,side,8.53318
681,11,of,0.776818
681,12,the,0.380114
681,13,road,3.96868
681,14,.,1.78484
681,15,</s>,28.2635
682,0,they,6.37172
682,1,reported,11.2987
682,2,who,12.4486
682,3,the,8.96323
682,4,woman,7.80189
682,5,abandoned,15.8526
682,6,on,6.93193
682,7,the,1.97443
682,8,side,8.49243
682,9,of,0.776818
682,10,the,0.380114
682,11,road,3.96868
682,12,.,1.78484
682,13,</s>,28.2635
683,0,they,6.37172
683,1,reported,11.2987
683,2,who,12.4486
683,3,the,8.96323
683,4,woman,7.80189
683,5,abandoned,15.8526
683,6,the,3.31847
683,7,children,9.04119
683,8,on,7.58796
683,9,the,3.1432
683,10,side,8.53318
683,11,of,0.776818
683,12,the,0.380114
683,13,road,3.96868
683,14,.,1.78484
683,15,</s>,28.2635
684,0,they,6.37172
684,1,reported,11.2987
684,2,that,1.06934
684,3,the,2.41116
684,4,man,9.74448
684,5,claimed,11.0267
684,6,the,3.97247
684,7,woman,12.5163
684,8,abandoned,15.181
684,9,on,6.93193
684,10,the,1.97443
684,11,side,8.49243
684,12,of,0.776818
684,13,the,0.380114
684,14,road,3.96868
684,15,.,1.78484
684,16,</s>,28.2635
685,0,they,6.37172
685,1,reported,11.2987
685,2,that,1.06934
685,3,the,2.41116
685,4,man,9.74448
685,5,claimed,11.0267
685,6,the,3.97247
685,7,woman,12.5163
685,8,abandoned,15.181
685,9,the,3.31847
685,10,children,9.04119
685,11,on,7.58796
685,12,the,3.1432
685,13,side,8.53318
685,14,of,0.776818
685,15,the,0.380114
685,16,road,3.96868
685,17,.,1.78484
685,18,</s>,28.2635
686,0,they,6.37172
686,1,reported,11.2987
686,2,who,12.4486
686,3,the,8.96323
686,4,man,6.8914
686,5,claimed,10.9383
686,6,the,3.97247
686,7,woman,12.5163
686,8,abandoned,15.181
686,9,on,6.93193
686,10,the,1.97443
686,11,side,8.49243
686,12,of,0.776818
686,13,the,0.380114
686,14,road,3.96868
686,15,.,1.78484
686,16,</s>,28.2635
687,0,they,6.37172
687,1,reported,11.2987
687,2,who,12.4486
687,3,the,8.96323
687,4,man,6.8914
687,5,claimed,10.9383
687,6,the,3.97247
687,7,woman,12.5163
687,8,abandoned,15.181
687,9,the,3.31847
687,10,children,9.04119
687,11,on,7.58796
687,12,the,3.1432
687,13,side,8.53318
687,14,of,0.776818
687,15,the,0.380114
687,16,road,3.96868
687,17,.,1.78484
687,18,</s>,28.2635
688,0,they,6.37172
688,1,reported,11.2987
688,2,that,1.06934
688,3,the,2.41116
688,4,man,9.74448
688,5,claimed,11.0267
688,6,his,6.78675
688,7,friend,9.36933
688,8,believed,13.5558
688,9,the,3.87627
688,10,woman,12.2588
688,11,abandoned,15.181
688,12,on,6.93193
688,13,the,1.97443
688,14,side,8.49243
688,15,of,0.776818
688,16,the,0.380114
688,17,road,3.96868
688,18,.,1.78484
688,19,</s>,28.2635
689,0,they,6.37172
689,1,reported,11.2987
689,2,that,1.06934
689,3,the,2.41116
689,4,man,9.74448
689,5,claimed,11.0267
689,6,his,6.78675
689,7,friend,9.36933
689,8,believed,13.5558
689,9,the,3.87627
689,10,woman,12.2588
689,11,abandoned,15.181
689,12,the,3.31847
689,13,children,9.04119
689,14,on,7.58796
689,15,the,3.1432
689,16,side,8.53318
689,17,of,0.776818
689,18,the,0.380114
689,19,road,3.96868
689,20,.,1.78484
689,21,</s>,28.2635
690,0,they,6.37172
690,1,reported,11.2987
690,2,who,12.4486
690,3,the,8.96323
690,4,man,6.8914
690,5,claimed,10.9383
690,6,his,6.78675
690,7,friend,9.36933
690,8,believed,13.5558
690,9,the,3.87627
690,10,woman,12.2588
690,11,abandoned,15.181
690,12,on,6.93193
690,13,the,1.97443
690,14,side,8.49243
690,15,of,0.776818
690,16,the,0.380114
690,17,road,3.96868
690,18,.,1.78484
690,19,</s>,28.2635
691,0,they,6.37172
691,1,reported,11.2987
691,2,who,12.4486
691,3,the,8.96323
691,4,man,6.8914
691,5,claimed,10.9383
691,6,his,6.78675
691,7,friend,9.36933
691,8,believed,13.5558
691,9,the,3.87627
691,10,woman,12.2588
691,11,abandoned,15.181
691,12,the,3.31847
691,13,children,9.04119
691,14,on,7.58796
691,15,the,3.1432
691,16,side,8.53318
691,17,of,0.776818
691,18,the,0.380114
691,19,road,3.96868
691,20,.,1.78484
691,21,</s>,28.2635
692,0,they,6.37172
692,1,reported,11.2987
692,2,that,1.06934
692,3,the,2.41116
692,4,man,9.74448
692,5,claimed,11.0267
692,6,his,6.78675
692,7,friend,9.36933
692,8,believed,13.5558
692,9,he,5.20607
692,10,knew,10.6388
692,11,the,5.05217
692,12,woman,12.2408
692,13,abandoned,15.181
692,14,on,6.93193
692,15,the,1.97443
692,16,side,8.49243
692,17,of,0.776818
692,18,the,0.380114
692,19,road,3.96868
692,20,.,1.78484
692,21,</s>,28.2635
693,0,they,6.37172
693,1,reported,11.2987
693,2,that,1.06934
693,3,the,2.41116
693,4,man,9.74448
693,5,claimed,11.0267
693,6,his,6.78675
693,7,friend,9.36933
693,8,believed,13.5558
693,9,he,5.20607
693,10,knew,10.6388
693,11,the,5.05217
693,12,woman,12.2408
693,13,abandoned,15.181
693,14,the,3.31847
693,15,children,9.04119
693,16,on,7.58796
693,17,the,3.1432
693,18,side,8.53318
693,19,of,0.776818
693,20,the,0.380114
693,21,road,3.96868
693,22,.,1.78484
693,23,</s>,28.2635
694,0,they,6.37172
694,1,reported,11.2987
694,2,who,12.4486
694,3,the,8.96323
694,4,man,6.8914
694,5,claimed,10.9383
694,6,his,6.78675
694,7,friend,9.36933
694,8,believed,13.5558
694,9,he,5.20607
694,10,knew,10.6388
694,11,the,5.05217
694,12,woman,12.2408
694,13,abandoned,15.181
694,14,on,6.93193
694,15,the,1.97443
694,16,side,8.49243
694,17,of,0.776818
694,18,the,0.380114
694,19,road,3.96868
694,20,.,1.78484
694,21,</s>,28.2635
695,0,they,6.37172
695,1,reported,11.2987
695,2,who,12.4486
695,3,the,8.96323
695,4,man,6.8914
695,5,claimed,10.9383
695,6,his,6.78675
695,7,friend,9.36933
695,8,believed,13.5558
695,9,he,5.20607
695,10,knew,10.6388
695,11,the,5.05217
695,12,woman,12.2408
695,13,abandoned,15.181
695,14,the,3.31847
695,15,children,9.04119
695,16,on,7.58796
695,17,the,3.1432
695,18,side,8.53318
695,19,of,0.776818
695,20,the,0.380114
695,21,road,3.96868
695,22,.,1.78484
695,23,</s>,28.2635
696,0,they,6.37172
696,1,reported,11.2987
696,2,that,1.06934
696,3,the,2.41116
696,4,man,9.74448
696,5,claimed,11.0267
696,6,his,6.78675
696,7,friend,9.36933
696,8,believed,13.5558
696,9,he,5.20607
696,10,knew,10.6388
696,11,the,5.05217
696,12,man,11.3207
696,13,saw,14.8402
696,14,the,2.9593
696,15,woman,12.8223
696,16,abandoned,15.181
696,17,on,6.93193
696,18,the,1.97443
696,19,side,8.49243
696,20,of,0.776818
696,21,the,0.380114
696,22,road,3.96868
696,23,.,1.78484
696,24,</s>,28.2635
697,0,they,6.37172
697,1,reported,11.2987
697,2,that,1.06934
697,3,the,2.41116
697,4,man,9.74448
697,5,claimed,11.0267
697,6,his,6.78675
697,7,friend,9.36933
697,8,believed,13.5558
697,9,he,5.20607
697,10,knew,10.6388
697,11,the,5.05217
697,12,man,11.3207
697,13,saw,14.8402
697,14,the,2.9593
697,15,woman,12.8223
697,16,abandoned,15.181
697,17,the,3.31847
697,18,children,9.04119
697,19,on,7.58796
697,20,the,3.1432
697,21,side,8.53318
697,22,of,0.776818
697,23,the,0.380114
697,24,road,3.96868
697,25,.,1.78484
697,26,</s>,28.2635
698,0,they,6.37172
698,1,reported,11.2987
698,2,who,12.4486
698,3,the,8.96323
698,4,man,6.8914
698,5,claimed,10.9383
698,6,his,6.78675
698,7,friend,9.36933
698,8,believed,13.5558
698,9,he,5.20607
698,10,knew,10.6388
698,11,the,5.05217
698,12,man,11.3207
698,13,saw,14.8402
698,14,the,2.9593
698,15,woman,12.8223
698,16,abandoned,15.181
698,17,on,6.93193
698,18,the,1.97443
698,19,side,8.49243
698,20,of,0.776818
698,21,the,0.380114
698,22,road,3.96868
698,23,.,1.78484
698,24,</s>,28.2635
699,0,they,6.37172
699,1,reported,11.2987
699,2,who,12.4486
699,3,the,8.96323
699,4,man,6.8914
699,5,claimed,10.9383
699,6,his,6.78675
699,7,friend,9.36933
699,8,believed,13.5558
699,9,he,5.20607
699,10,knew,10.6388
699,11,the,5.05217
699,12,man,11.3207
699,13,saw,14.8402
699,14,the,2.9593
699,15,woman,12.8223
699,16,abandoned,15.181
699,17,the,3.31847
699,18,children,9.04119
699,19,on,7.58796
699,20,the,3.1432
699,21,side,8.53318
699,22,of,0.776818
699,23,the,0.380114
699,24,road,3.96868
699,25,.,1.78484
699,26,</s>,28.2635
700,0,they,6.37172
700,1,recalled,15.4151
700,2,that,3.25558
700,3,the,3.21199
700,4,executive,12.0441
700,5,promoted,16.3611
700,6,last,14.6774
700,7,week,7.67921
700,8,.,3.59506
700,9,</s>,24.2368
701,0,they,6.37172
701,1,recalled,15.4151
701,2,that,3.25558
701,3,the,3.21199
701,4,executive,12.0441
701,5,promoted,16.3611
701,6,the,3.37318
701,7,secretary,13.1493
701,8,last,16.1295
701,9,week,7.67921
701,10,.,3.59506
701,11,</s>,24.2368
702,0,they,6.37172
702,1,recalled,15.4151
702,2,who,11.9121
702,3,the,8.96323
702,4,executive,12.7083
702,5,promoted,15.947
702,6,last,14.6774
702,7,week,7.67921
702,8,.,3.59506
702,9,</s>,24.2368
703,0,they,6.37172
703,1,recalled,15.4151
703,2,who,11.9121
703,3,the,8.96323
703,4,executive,12.7083
703,5,promoted,15.947
703,6,the,3.37318
703,7,secretary,13.1493
703,8,last,16.1295
703,9,week,7.67921
703,10,.,3.59506
703,11,</s>,24.2368
704,0,they,6.37172
704,1,recalled,15.4151
704,2,that,3.25558
704,3,the,3.21199
704,4,journalist,13.9516
704,5,believed,12.2149
704,6,the,3.87627
704,7,executive,12.5908
704,8,promoted,15.947
704,9,last,14.6774
704,10,week,7.67921
704,11,.,3.59506
704,12,</s>,24.2368
705,0,they,6.37172
705,1,recalled,15.4151
705,2,that,3.25558
705,3,the,3.21199
705,4,journalist,13.9516
705,5,believed,12.2149
705,6,the,3.87627
705,7,executive,12.5908
705,8,promoted,15.947
705,9,the,3.37318
705,10,secretary,13.1493
705,11,last,16.1295
705,12,week,7.67921
705,13,.,3.59506
705,14,</s>,24.2368
706,0,they,6.37172
706,1,recalled,15.4151
706,2,who,11.9121
706,3,the,8.96323
706,4,journalist,14.7335
706,5,believed,12.2149
706,6,the,3.87627
706,7,executive,12.5908
706,8,promoted,15.947
706,9,last,14.6774
706,10,week,7.67921
706,11,.,3.59506
706,12,</s>,24.2368
707,0,they,6.37172
707,1,recalled,15.4151
707,2,who,11.9121
707,3,the,8.96323
707,4,journalist,14.7335
707,5,believed,12.2149
707,6,the,3.87627
707,7,executive,12.5908
707,8,promoted,15.947
707,9,the,3.37318
707,10,secretary,13.1493
707,11,last,16.1295
707,12,week,7.67921
707,13,.,3.59506
707,14,</s>,24.2368
708,0,they,6.37172
708,1,recalled,15.4151
708,2,that,3.25558
708,3,the,3.21199
708,4,journalist,13.9516
708,5,believed,12.2149
708,6,the,3.87627
708,7,transcript,16.226
708,8,stated,8.50481
708,9,the,5.24247
708,10,executive,12.7921
708,11,promoted,15.947
708,12,last,14.6774
708,13,week,7.67921
708,14,.,3.59506
708,15,</s>,24.2368
709,0,they,6.37172
709,1,recalled,15.4151
709,2,that,3.25558
709,3,the,3.21199
709,4,journalist,13.9516
709,5,believed,12.2149
709,6,the,3.87627
709,7,transcript,16.226
709,8,stated,8.50481
709,9,the,5.24247
709,10,executive,12.7921
709,11,promoted,15.947
709,12,the,3.37318
709,13,secretary,13.1493
709,14,last,16.1295
709,15,week,7.67921
709,16,.,3.59506
709,17,</s>,24.2368
710,0,they,6.37172
710,1,recalled,15.4151
710,2,who,11.9121
710,3,the,8.96323
710,4,journalist,14.7335
710,5,believed,12.2149
710,6,the,3.87627
710,7,transcript,16.226
710,8,stated,8.50481
710,9,the,5.24247
710,10,executive,12.7921
710,11,promoted,15.947
710,12,last,14.6774
710,13,week,7.67921
710,14,.,3.59506
710,15,</s>,24.2368
711,0,they,6.37172
711,1,recalled,15.4151
711,2,who,11.9121
711,3,the,8.96323
711,4,journalist,14.7335
711,5,believed,12.2149
711,6,the,3.87627
711,7,transcript,16.226
711,8,stated,8.50481
711,9,the,5.24247
711,10,executive,12.7921
711,11,promoted,15.947
711,12,the,3.37318
711,13,secretary,13.1493
711,14,last,16.1295
711,15,week,7.67921
711,16,.,3.59506
711,17,</s>,24.2368
712,0,they,6.37172
712,1,recalled,15.4151
712,2,that,3.25558
712,3,the,3.21199
712,4,journalist,13.9516
712,5,believed,12.2149
712,6,the,3.87627
712,7,transcript,16.226
712,8,stated,8.50481
712,9,he,5.48895
712,10,knew,10.4587
712,11,the,5.05217
712,12,executive,12.5729
712,13,promoted,15.947
712,14,last,14.6774
712,15,week,7.67921
712,16,.,3.59506
712,17,</s>,24.2368
713,0,they,6.37172
713,1,recalled,15.4151
713,2,that,3.25558
713,3,the,3.21199
713,4,journalist,13.9516
713,5,believed,12.2149
713,6,the,3.87627
713,7,transcript,16.226
713,8,stated,8.50481
713,9,he,5.48895
713,10,knew,10.4587
713,11,the,5.05217
713,12,executive,12.5729
713,13,promoted,15.947
713,14,the,3.37318
713,15,secretary,13.1493
713,16,last,16.1295
713,17,week,7.67921
713,18,.,3.59506
713,19,</s>,24.2368
714,0,they,6.37172
714,1,recalled,15.4151
714,2,who,11.9121
714,3,the,8.96323
714,4,journalist,14.7335
714,5,believed,12.2149
714,6,the,3.87627
714,7,transcript,16.226
714,8,stated,8.50481
714,9,he,5.48895
714,10,knew,10.4587
714,11,the,5.05217
714,12,executive,12.5729
714,13,promoted,15.947
714,14,last,14.6774
714,15,week,7.67921
714,16,.,3.59506
714,17,</s>,24.2368
715,0,they,6.37172
715,1,recalled,15.4151
715,2,who,11.9121
715,3,the,8.96323
715,4,journalist,14.7335
715,5,believed,12.2149
715,6,the,3.87627
715,7,transcript,16.226
715,8,stated,8.50481
715,9,he,5.48895
715,10,knew,10.4587
715,11,the,5.05217
715,12,executive,12.5729
715,13,promoted,15.947
715,14,the,3.37318
715,15,secretary,13.1493
715,16,last,16.1295
715,17,week,7.67921
715,18,.,3.59506
715,19,</s>,24.2368
716,0,they,6.37172
716,1,recalled,15.4151
716,2,that,3.25558
716,3,the,3.21199
716,4,journalist,13.9516
716,5,believed,12.2149
716,6,the,3.87627
716,7,transcript,16.226
716,8,stated,8.50481
716,9,he,5.48895
716,10,knew,10.4587
716,11,the,5.05217
716,12,man,11.3207
716,13,noticed,16.596
716,14,the,3.60056
716,15,executive,12.5029
716,16,promoted,15.947
716,17,last,14.6774
716,18,week,7.67921
716,19,.,3.59506
716,20,</s>,24.2368
717,0,they,6.37172
717,1,recalled,15.4151
717,2,that,3.25558
717,3,the,3.21199
717,4,journalist,13.9516
717,5,believed,12.2149
717,6,the,3.87627
717,7,transcript,16.226
717,8,stated,8.50481
717,9,he,5.48895
717,10,knew,10.4587
717,11,the,5.05217
717,12,man,11.3207
717,13,noticed,16.596
717,14,the,3.60056
717,15,executive,12.5029
717,16,promoted,15.947
717,17,the,3.37318
717,18,secretary,13.1493
717,19,last,16.1295
717,20,week,7.67921
717,21,.,3.59506
717,22,</s>,24.2368
718,0,they,6.37172
718,1,recalled,15.4151
718,2,who,11.9121
718,3,the,8.96323
718,4,journalist,14.7335
718,5,believed,12.2149
718,6,the,3.87627
718,7,transcript,16.226
718,8,stated,8.50481
718,9,he,5.48895
718,10,knew,10.4587
718,11,the,5.05217
718,12,man,11.3207
718,13,noticed,16.596
718,14,the,3.60056
718,15,executive,12.5029
718,16,promoted,15.947
718,17,last,14.6774
718,18,week,7.67921
718,19,.,3.59506
718,20,</s>,24.2368
719,0,they,6.37172
719,1,recalled,15.4151
719,2,who,11.9121
719,3,the,8.96323
719,4,journalist,14.7335
719,5,believed,12.2149
719,6,the,3.87627
719,7,transcript,16.226
719,8,stated,8.50481
719,9,he,5.48895
719,10,knew,10.4587
719,11,the,5.05217
719,12,man,11.3207
719,13,noticed,16.596
719,14,the,3.60056
719,15,executive,12.5029
719,16,promoted,15.947
719,17,the,3.37318
719,18,secretary,13.1493
719,19,last,16.1295
719,20,week,7.67921
719,21,.,3.59506
719,22,</s>,24.2368
720,0,we,10.0475
720,1,recalled,16.8821
720,2,that,3.25558
720,3,the,3.21199
720,4,millionaire,17.2247
720,5,divorced,15.8816
720,6,last,14.9841
720,7,week,7.67921
720,8,.,3.59506
720,9,</s>,24.2368
721,0,we,10.0475
721,1,recalled,16.8821
721,2,that,3.25558
721,3,the,3.21199
721,4,millionaire,17.2247
721,5,divorced,15.8816
721,6,his,4.78035
721,7,wife,1.84415
721,8,last,14.8866
721,9,week,7.67921
721,10,.,3.59506
721,11,</s>,24.2368
722,0,we,10.0475
722,1,recalled,16.8821
722,2,who,11.9121
722,3,the,8.96323
722,4,millionaire,16.8048
722,5,divorced,15.8816
722,6,last,14.9841
722,7,week,7.67921
722,8,.,3.59506
722,9,</s>,24.2368
723,0,we,10.0475
723,1,recalled,16.8821
723,2,who,11.9121
723,3,the,8.96323
723,4,millionaire,16.8048
723,5,divorced,15.8816
723,6,his,4.78035
723,7,wife,1.84415
723,8,last,14.8866
723,9,week,7.67921
723,10,.,3.59506
723,11,</s>,24.2368
724,0,we,10.0475
724,1,recalled,16.8821
724,2,that,3.25558
724,3,the,3.21199
724,4,woman,10.5414
724,5,said,9.96008
724,6,the,4.76385
724,7,millionaire,16.9874
724,8,divorced,15.8816
724,9,last,14.9841
724,10,week,7.67921
724,11,.,3.59506
724,12,</s>,24.2368
725,0,we,10.0475
725,1,recalled,16.8821
725,2,that,3.25558
725,3,the,3.21199
725,4,woman,10.5414
725,5,said,9.96008
725,6,the,4.76385
725,7,millionaire,16.9874
725,8,divorced,15.8816
725,9,his,4.78035
725,10,wife,1.84415
725,11,last,14.8866
725,12,week,7.67921
725,13,.,3.59506
725,14,</s>,24.2368
726,0,we,10.0475
726,1,recalled,16.8821
726,2,who,11.9121
726,3,the,8.96323
726,4,woman,7.80189
726,5,said,10.4705
726,6,the,4.76385
726,7,millionaire,16.9874
726,8,divorced,15.8816
726,9,last,14.9841
726,10,week,7.67921
726,11,.,3.59506
726,12,</s>,24.2368
727,0,we,10.0475
727,1,recalled,16.8821
727,2,who,11.9121
727,3,the,8.96323
727,4,woman,7.80189
727,5,said,10.4705
727,6,the,4.76385
727,7,millionaire,16.9874
727,8,divorced,15.8816
727,9,his,4.78035
727,10,wife,1.84415
727,11,last,14.8866
727,12,week,7.67921
727,13,.,3.59506
727,14,</s>,24.2368
728,0,we,10.0475
728,1,recalled,16.8821
728,2,that,3.25558
728,3,the,3.21199
728,4,woman,10.5414
728,5,said,9.96008
728,6,she,6.23329
728,7,thought,5.99716
728,8,the,3.1432
728,9,millionaire,16.8405
728,10,divorced,15.8816
728,11,last,14.9841
728,12,week,7.67921
728,13,.,3.59506
728,14,</s>,24.2368
729,0,we,10.0475
729,1,recalled,16.8821
729,2,that,3.25558
729,3,the,3.21199
729,4,woman,10.5414
729,5,said,9.96008
729,6,she,6.23329
729,7,thought,5.99716
729,8,the,3.1432
729,9,millionaire,16.8405
729,10,divorced,15.8816
729,11,his,4.78035
729,12,wife,1.84415
729,13,last,14.8866
729,14,week,7.67921
729,15,.,3.59506
729,16,</s>,24.2368
730,0,we,10.0475
730,1,recalled,16.8821
730,2,who,11.9121
730,3,the,8.96323
730,4,woman,7.80189
730,5,said,10.4705
730,6,she,6.23329
730,7,thought,5.99716
730,8,the,3.1432
730,9,millionaire,16.8405
730,10,divorced,15.8816
730,11,last,14.9841
730,12,week,7.67921
730,13,.,3.59506
730,14,</s>,24.2368
731,0,we,10.0475
731,1,recalled,16.8821
731,2,who,11.9121
731,3,the,8.96323
731,4,woman,7.80189
731,5,said,10.4705
731,6,she,6.23329
731,7,thought,5.99716
731,8,the,3.1432
731,9,millionaire,16.8405
731,10,divorced,15.8816
731,11,his,4.78035
731,12,wife,1.84415
731,13,last,14.8866
731,14,week,7.67921
731,15,.,3.59506
731,16,</s>,24.2368
732,0,we,10.0475
732,1,recalled,16.8821
732,2,that,3.25558
732,3,the,3.21199
732,4,woman,10.5414
732,5,said,9.96008
732,6,she,6.23329
732,7,thought,5.99716
732,8,she,4.11707
732,9,knew,10.7008
732,10,the,5.35757
732,11,millionaire,16.6274
732,12,divorced,15.8816
732,13,last,14.9841
732,14,week,7.67921
732,15,.,3.59506
732,16,</s>,24.2368
733,0,we,10.0475
733,1,recalled,16.8821
733,2,that,3.25558
733,3,the,3.21199
733,4,woman,10.5414
733,5,said,9.96008
733,6,she,6.23329
733,7,thought,5.99716
733,8,she,4.11707
733,9,knew,10.7008
733,10,the,5.35757
733,11,millionaire,16.6274
733,12,divorced,15.8816
733,13,his,4.78035
733,14,wife,1.84415
733,15,last,14.8866
733,16,week,7.67921
733,17,.,3.59506
733,18,</s>,24.2368
734,0,we,10.0475
734,1,recalled,16.8821
734,2,who,11.9121
734,3,the,8.96323
734,4,woman,7.80189
734,5,said,10.4705
734,6,she,6.23329
734,7,thought,5.99716
734,8,she,4.11707
734,9,knew,10.7008
734,10,the,5.35757
734,11,millionaire,16.6274
734,12,divorced,15.8816
734,13,last,14.9841
734,14,week,7.67921
734,15,.,3.59506
734,16,</s>,24.2368
735,0,we,10.0475
735,1,recalled,16.8821
735,2,who,11.9121
735,3,the,8.96323
735,4,woman,7.80189
735,5,said,10.4705
735,6,she,6.23329
735,7,thought,5.99716
735,8,she,4.11707
735,9,knew,10.7008
735,10,the,5.35757
735,11,millionaire,16.6274
735,12,divorced,15.8816
735,13,his,4.78035
735,14,wife,1.84415
735,15,last,14.8866
735,16,week,7.67921
735,17,.,3.59506
735,18,</s>,24.2368
736,0,we,10.0475
736,1,recalled,16.8821
736,2,that,3.25558
736,3,the,3.21199
736,4,woman,10.5414
736,5,said,9.96008
736,6,she,6.23329
736,7,thought,5.99716
736,8,she,4.11707
736,9,knew,10.7008
736,10,he,4.89328
736,11,saw,9.98255
736,12,the,4.16645
736,13,millionaire,17.2698
736,14,divorced,15.8816
736,15,last,14.9841
736,16,week,7.67921
736,17,.,3.59506
736,18,</s>,24.2368
737,0,we,10.0475
737,1,recalled,16.8821
737,2,that,3.25558
737,3,the,3.21199
737,4,woman,10.5414
737,5,said,9.96008
737,6,she,6.23329
737,7,thought,5.99716
737,8,she,4.11707
737,9,knew,10.7008
737,10,he,4.89328
737,11,saw,9.98255
737,12,the,4.16645
737,13,millionaire,17.2698
737,14,divorced,15.8816
737,15,his,4.78035
737,16,wife,1.84415
737,17,last,14.8866
737,18,week,7.67921
737,19,.,3.59506
737,20,</s>,24.2368
738,0,we,10.0475
738,1,recalled,16.8821
738,2,who,11.9121
738,3,the,8.96323
738,4,woman,7.80189
738,5,said,10.4705
738,6,she,6.23329
738,7,thought,5.99716
738,8,she,4.11707
738,9,knew,10.7008
738,10,he,4.89328
738,11,saw,9.98255
738,12,the,4.16645
738,13,millionaire,17.2698
738,14,divorced,15.8816
738,15,last,14.9841
738,16,week,7.67921
738,17,.,3.59506
738,18,</s>,24.2368
739,0,we,10.0475
739,1,recalled,16.8821
739,2,who,11.9121
739,3,the,8.96323
739,4,woman,7.80189
739,5,said,10.4705
739,6,she,6.23329
739,7,thought,5.99716
739,8,she,4.11707
739,9,knew,10.7008
739,10,he,4.89328
739,11,saw,9.98255
739,12,the,4.16645
739,13,millionaire,17.2698
739,14,divorced,15.8816
739,15,his,4.78035
739,16,wife,1.84415
739,17,last,14.8866
739,18,week,7.67921
739,19,.,3.59506
739,20,</s>,24.2368
740,0,he,4.43708
740,1,recalled,11.3595
740,2,that,2.12319
740,3,the,4.22693
740,4,police,9.65063
740,5,frightened,18.8026
740,6,over,11.0506
740,7,the,2.86856
740,8,weekend,8.93594
740,9,.,1.76059
740,10,</s>,25.3093
741,0,he,4.43708
741,1,recalled,11.3595
741,2,that,2.12319
741,3,the,4.22693
741,4,police,9.65063
741,5,frightened,18.8026
741,6,the,5.29302
741,7,protesters,14.1263
741,8,over,11.1971
741,9,the,2.86856
741,10,weekend,8.93594
741,11,.,1.76059
741,12,</s>,25.3093
742,0,he,4.43708
742,1,recalled,11.3595
742,2,who,12.7182
742,3,the,8.96323
742,4,police,11.3625
742,5,frightened,18.1452
742,6,over,11.0506
742,7,the,2.86856
742,8,weekend,8.93594
742,9,.,1.76059
742,10,</s>,25.3093
743,0,he,4.43708
743,1,recalled,11.3595
743,2,who,12.7182
743,3,the,8.96323
743,4,police,11.3625
743,5,frightened,18.1452
743,6,the,5.29302
743,7,protesters,14.1263
743,8,over,11.1971
743,9,the,2.86856
743,10,weekend,8.93594
743,11,.,1.76059
743,12,</s>,25.3093
744,0,he,4.43708
744,1,recalled,11.3595
744,2,that,2.12319
744,3,the,4.22693
744,4,inspector,15.6967
744,5,believed,13.9192
744,6,the,3.87627
744,7,police,11.245
744,8,frightened,18.1452
744,9,over,11.0506
744,10,the,2.86856
744,11,weekend,8.93594
744,12,.,1.76059
744,13,</s>,25.3093
745,0,he,4.43708
745,1,recalled,11.3595
745,2,that,2.12319
745,3,the,4.22693
745,4,inspector,15.6967
745,5,believed,13.9192
745,6,the,3.87627
745,7,police,11.245
745,8,frightened,18.1452
745,9,the,5.29302
745,10,protesters,14.1263
745,11,over,11.1971
745,12,the,2.86856
745,13,weekend,8.93594
745,14,.,1.76059
745,15,</s>,25.3093
746,0,he,4.43708
746,1,recalled,11.3595
746,2,who,12.7182
746,3,the,8.96323
746,4,inspector,15.2768
746,5,believed,13.9192
746,6,the,3.87627
746,7,police,11.245
746,8,frightened,18.1452
746,9,over,11.0506
746,10,the,2.86856
746,11,weekend,8.93594
746,12,.,1.76059
746,13,</s>,25.3093
747,0,he,4.43708
747,1,recalled,11.3595
747,2,who,12.7182
747,3,the,8.96323
747,4,inspector,15.2768
747,5,believed,13.9192
747,6,the,3.87627
747,7,police,11.245
747,8,frightened,18.1452
747,9,the,5.29302
747,10,protesters,14.1263
747,11,over,11.1971
747,12,the,2.86856
747,13,weekend,8.93594
747,14,.,1.76059
747,15,</s>,25.3093
748,0,he,4.43708
748,1,recalled,11.3595
748,2,that,2.12319
748,3,the,4.22693
748,4,inspector,15.6967
748,5,believed,13.9192
748,6,the,3.87627
748,7,detective,14.3243
748,8,concluded,14.5199
748,9,the,4.38232
748,10,police,11.2572
748,11,frightened,18.1452
748,12,over,11.0506
748,13,the,2.86856
748,14,weekend,8.93594
748,15,.,1.76059
748,16,</s>,25.3093
749,0,he,4.43708
749,1,recalled,11.3595
749,2,that,2.12319
749,3,the,4.22693
749,4,inspector,15.6967
749,5,believed,13.9192
749,6,the,3.87627
749,7,detective,14.3243
749,8,concluded,14.5199
749,9,the,4.38232
749,10,police,11.2572
749,11,frightened,18.1452
749,12,the,5.29302
749,13,protesters,14.1263
749,14,over,11.1971
749,15,the,2.86856
749,16,weekend,8.93594
749,17,.,1.76059
749,18,</s>,25.3093
750,0,he,4.43708
750,1,recalled,11.3595
750,2,who,12.7182
750,3,the,8.96323
750,4,inspector,15.2768
750,5,believed,13.9192
750,6,the,3.87627
750,7,detective,14.3243
750,8,concluded,14.5199
750,9,the,4.38232
750,10,police,11.2572
750,11,frightened,18.1452
750,12,over,11.0506
750,13,the,2.86856
750,14,weekend,8.93594
750,15,.,1.76059
750,16,</s>,25.3093
751,0,he,4.43708
751,1,recalled,11.3595
751,2,who,12.7182
751,3,the,8.96323
751,4,inspector,15.2768
751,5,believed,13.9192
751,6,the,3.87627
751,7,detective,14.3243
751,8,concluded,14.5199
751,9,the,4.38232
751,10,police,11.2572
751,11,frightened,18.1452
751,12,the,5.29302
751,13,protesters,14.1263
751,14,over,11.1971
751,15,the,2.86856
751,16,weekend,8.93594
751,17,.,1.76059
751,18,</s>,25.3093
752,0,he,4.43708
752,1,recalled,11.3595
752,2,that,2.12319
752,3,the,4.22693
752,4,inspector,15.6967
752,5,believed,13.9192
752,6,the,3.87627
752,7,detective,14.3243
752,8,concluded,14.5199
752,9,he,7.37569
752,10,knew,9.68907
752,11,the,5.05217
752,12,police,11.2271
752,13,frightened,18.1452
752,14,over,11.0506
752,15,the,2.86856
752,16,weekend,8.93594
752,17,.,1.76059
752,18,</s>,25.3093
753,0,he,4.43708
753,1,recalled,11.3595
753,2,that,2.12319
753,3,the,4.22693
753,4,inspector,15.6967
753,5,believed,13.9192
753,6,the,3.87627
753,7,detective,14.3243
753,8,concluded,14.5199
753,9,he,7.37569
753,10,knew,9.68907
753,11,the,5.05217
753,12,police,11.2271
753,13,frightened,18.1452
753,14,the,5.29302
753,15,protesters,14.1263
753,16,over,11.1971
753,17,the,2.86856
753,18,weekend,8.93594
753,19,.,1.76059
753,20,</s>,25.3093
754,0,he,4.43708
754,1,recalled,11.3595
754,2,who,12.7182
754,3,the,8.96323
754,4,inspector,15.2768
754,5,believed,13.9192
754,6,the,3.87627
754,7,detective,14.3243
754,8,concluded,14.5199
754,9,he,7.37569
754,10,knew,9.68907
754,11,the,5.05217
754,12,police,11.2271
754,13,frightened,18.1452
754,14,over,11.0506
754,15,the,2.86856
754,16,weekend,8.93594
754,17,.,1.76059
754,18,</s>,25.3093
755,0,he,4.43708
755,1,recalled,11.3595
755,2,who,12.7182
755,3,the,8.96323
755,4,inspector,15.2768
755,5,believed,13.9192
755,6,the,3.87627
755,7,detective,14.3243
755,8,concluded,14.5199
755,9,he,7.37569
755,10,knew,9.68907
755,11,the,5.05217
755,12,police,11.2271
755,13,frightened,18.1452
755,14,the,5.29302
755,15,protesters,14.1263
755,16,over,11.1971
755,17,the,2.86856
755,18,weekend,8.93594
755,19,.,1.76059
755,20,</s>,25.3093
756,0,he,4.43708
756,1,recalled,11.3595
756,2,that,2.12319
756,3,the,4.22693
756,4,inspector,15.6967
756,5,believed,13.9192
756,6,the,3.87627
756,7,detective,14.3243
756,8,concluded,14.5199
756,9,he,7.37569
756,10,knew,9.68907
756,11,the,5.05217
756,12,witness,13.9357
756,13,saw,11.7805
756,14,the,2.9593
756,15,police,11.8085
756,16,frightened,18.1452
756,17,over,11.0506
756,18,the,2.86856
756,19,weekend,8.93594
756,20,.,1.76059
756,21,</s>,25.3093
757,0,he,4.43708
757,1,recalled,11.3595
757,2,that,2.12319
757,3,the,4.22693
757,4,inspector,15.6967
757,5,believed,13.9192
757,6,the,3.87627
757,7,detective,14.3243
757,8,concluded,14.5199
757,9,he,7.37569
757,10,knew,9.68907
757,11,the,5.05217
757,12,witness,13.9357
757,13,saw,11.7805
757,14,the,2.9593
757,15,police,11.8085
757,16,frightened,18.1452
757,17,the,5.29302
757,18,protesters,14.1263
757,19,over,11.1971
757,20,the,2.86856
757,21,weekend,8.93594
757,22,.,1.76059
757,23,</s>,25.3093
758,0,he,4.43708
758,1,recalled,11.3595
758,2,who,12.7182
758,3,the,8.96323
758,4,inspector,15.2768
758,5,believed,13.9192
758,6,the,3.87627
758,7,detective,14.3243
758,8,concluded,14.5199
758,9,he,7.37569
758,10,knew,9.68907
758,11,the,5.05217
758,12,witness,13.9357
758,13,saw,11.7805
758,14,the,2.9593
758,15,police,11.8085
758,16,frightened,18.1452
758,17,over,11.0506
758,18,the,2.86856
758,19,weekend,8.93594
758,20,.,1.76059
758,21,</s>,25.3093
759,0,he,4.43708
759,1,recalled,11.3595
759,2,who,12.7182
759,3,the,8.96323
759,4,inspector,15.2768
759,5,believed,13.9192
759,6,the,3.87627
759,7,detective,14.3243
759,8,concluded,14.5199
759,9,he,7.37569
759,10,knew,9.68907
759,11,the,5.05217
759,12,witness,13.9357
759,13,saw,11.7805
759,14,the,2.9593
759,15,police,11.8085
759,16,frightened,18.1452
759,17,the,5.29302
759,18,protesters,14.1263
759,19,over,11.1971
759,20,the,2.86856
759,21,weekend,8.93594
759,22,.,1.76059
759,23,</s>,25.3093
760,0,i,8.92268
760,1,know,6.35939
760,2,that,3.01867
760,3,the,4.26664
760,4,spy,15.9081
760,5,assassinated,18.1423
760,6,yesterday,17.4029
760,7,night,15.1951
760,8,.,4.95414
760,9,</s>,28.3898
761,0,i,8.92268
761,1,know,6.35939
761,2,that,3.01867
761,3,the,4.26664
761,4,spy,15.9081
761,5,assassinated,18.1423
761,6,the,5.07255
761,7,politician,15.6277
761,8,yesterday,18.318
761,9,night,15.1951
761,10,.,4.95414
761,11,</s>,28.3898
762,0,i,8.92268
762,1,know,6.35939
762,2,who,6.55265
762,3,the,5.15736
762,4,spy,15.5098
762,5,assassinated,18.1423
762,6,yesterday,17.4029
762,7,night,15.1951
762,8,.,4.95414
762,9,</s>,28.3898
763,0,i,8.92268
763,1,know,6.35939
763,2,who,6.55265
763,3,the,5.15736
763,4,spy,15.5098
763,5,assassinated,18.1423
763,6,the,5.07255
763,7,politician,15.6277
763,8,yesterday,18.318
763,9,night,15.1951
763,10,.,4.95414
763,11,</s>,28.3898
764,0,i,8.92268
764,1,know,6.35939
764,2,that,3.01867
764,3,the,4.26664
764,4,agent,12.9434
764,5,thought,14.1393
764,6,the,4.36895
764,7,spy,15.4613
764,8,assassinated,18.1423
764,9,yesterday,17.4029
764,10,night,15.1951
764,11,.,4.95414
764,12,</s>,28.3898
765,0,i,8.92268
765,1,know,6.35939
765,2,that,3.01867
765,3,the,4.26664
765,4,agent,12.9434
765,5,thought,14.1393
765,6,the,4.36895
765,7,spy,15.4613
765,8,assassinated,18.1423
765,9,the,5.07255
765,10,politician,15.6277
765,11,yesterday,18.318
765,12,night,15.1951
765,13,.,4.95414
765,14,</s>,28.3898
766,0,i,8.92268
766,1,know,6.35939
766,2,who,6.55265
766,3,the,5.15736
766,4,agent,13.4316
766,5,thought,14.1393
766,6,the,4.36895
766,7,spy,15.4613
766,8,assassinated,18.1423
766,9,yesterday,17.4029
766,10,night,15.1951
766,11,.,4.95414
766,12,</s>,28.3898
767,0,i,8.92268
767,1,know,6.35939
767,2,who,6.55265
767,3,the,5.15736
767,4,agent,13.4316
767,5,thought,14.1393
767,6,the,4.36895
767,7,spy,15.4613
767,8,assassinated,18.1423
767,9,the,5.07255
767,10,politician,15.6277
767,11,yesterday,18.318
767,12,night,15.1951
767,13,.,4.95414
767,14,</s>,28.3898
768,0,i,8.92268
768,1,know,6.35939
768,2,that,3.01867
768,3,the,4.26664
768,4,agent,12.9434
768,5,thought,14.1393
768,6,the,4.36895
768,7,witness,14.1068
768,8,said,7.19067
768,9,the,4.51155
768,10,spy,15.6082
768,11,assassinated,18.1423
768,12,yesterday,17.4029
768,13,night,15.1951
768,14,.,4.95414
768,15,</s>,28.3898
769,0,i,8.92268
769,1,know,6.35939
769,2,that,3.01867
769,3,the,4.26664
769,4,agent,12.9434
769,5,thought,14.1393
769,6,the,4.36895
769,7,witness,14.1068
769,8,said,7.19067
769,9,the,4.51155
769,10,spy,15.6082
769,11,assassinated,18.1423
769,12,the,5.07255
769,13,politician,15.6277
769,14,yesterday,18.318
769,15,night,15.1951
769,16,.,4.95414
769,17,</s>,28.3898
770,0,i,8.92268
770,1,know,6.35939
770,2,who,6.55265
770,3,the,5.15736
770,4,agent,13.4316
770,5,thought,14.1393
770,6,the,4.36895
770,7,witness,14.1068
770,8,said,7.19067
770,9,the,4.51155
770,10,spy,15.6082
770,11,assassinated,18.1423
770,12,yesterday,17.4029
770,13,night,15.1951
770,14,.,4.95414
770,15,</s>,28.3898
771,0,i,8.92268
771,1,know,6.35939
771,2,who,6.55265
771,3,the,5.15736
771,4,agent,13.4316
771,5,thought,14.1393
771,6,the,4.36895
771,7,witness,14.1068
771,8,said,7.19067
771,9,the,4.51155
771,10,spy,15.6082
771,11,assassinated,18.1423
771,12,the,5.07255
771,13,politician,15.6277
771,14,yesterday,18.318
771,15,night,15.1951
771,16,.,4.95414
771,17,</s>,28.3898
772,0,i,8.92268
772,1,know,6.35939
772,2,that,3.01867
772,3,the,4.26664
772,4,agent,12.9434
772,5,thought,14.1393
772,6,the,4.36895
772,7,witness,14.1068
772,8,said,7.19067
772,9,he,4.20515
772,10,knew,7.46001
772,11,the,3.1432
772,12,spy,15.2902
772,13,assassinated,18.1423
772,14,yesterday,17.4029
772,15,night,15.1951
772,16,.,4.95414
772,17,</s>,28.3898
773,0,i,8.92268
773,1,know,6.35939
773,2,that,3.01867
773,3,the,4.26664
773,4,agent,12.9434
773,5,thought,14.1393
773,6,the,4.36895
773,7,witness,14.1068
773,8,said,7.19067
773,9,he,4.20515
773,10,knew,7.46001
773,11,the,3.1432
773,12,spy,15.2902
773,13,assassinated,18.1423
773,14,the,5.07255
773,15,politician,15.6277
773,16,yesterday,18.318
773,17,night,15.1951
773,18,.,4.95414
773,19,</s>,28.3898
774,0,i,8.92268
774,1,know,6.35939
774,2,who,6.55265
774,3,the,5.15736
774,4,agent,13.4316
774,5,thought,14.1393
774,6,the,4.36895
774,7,witness,14.1068
774,8,said,7.19067
774,9,he,4.20515
774,10,knew,7.46001
774,11,the,3.1432
774,12,spy,15.2902
774,13,assassinated,18.1423
774,14,yesterday,17.4029
774,15,night,15.1951
774,16,.,4.95414
774,17,</s>,28.3898
775,0,i,8.92268
775,1,know,6.35939
775,2,who,6.55265
775,3,the,5.15736
775,4,agent,13.4316
775,5,thought,14.1393
775,6,the,4.36895
775,7,witness,14.1068
775,8,said,7.19067
775,9,he,4.20515
775,10,knew,7.46001
775,11,the,3.1432
775,12,spy,15.2902
775,13,assassinated,18.1423
775,14,the,5.07255
775,15,politician,15.6277
775,16,yesterday,18.318
775,17,night,15.1951
775,18,.,4.95414
775,19,</s>,28.3898
776,0,i,8.92268
776,1,know,6.35939
776,2,that,3.01867
776,3,the,4.26664
776,4,agent,12.9434
776,5,thought,14.1393
776,6,the,4.36895
776,7,witness,14.1068
776,8,said,7.19067
776,9,he,4.20515
776,10,knew,7.46001
776,11,the,3.1432
776,12,man,11.3207
776,13,noticed,16.596
776,14,the,3.60056
776,15,spy,15.2202
776,16,assassinated,18.1423
776,17,yesterday,17.4029
776,18,night,15.1951
776,19,.,4.95414
776,20,</s>,28.3898
777,0,i,8.92268
777,1,know,6.35939
777,2,that,3.01867
777,3,the,4.26664
777,4,agent,12.9434
777,5,thought,14.1393
777,6,the,4.36895
777,7,witness,14.1068
777,8,said,7.19067
777,9,he,4.20515
777,10,knew,7.46001
777,11,the,3.1432
777,12,man,11.3207
777,13,noticed,16.596
777,14,the,3.60056
777,15,spy,15.2202
777,16,assassinated,18.1423
777,17,the,5.07255
777,18,politician,15.6277
777,19,yesterday,18.318
777,20,night,15.1951
777,21,.,4.95414
777,22,</s>,28.3898
778,0,i,8.92268
778,1,know,6.35939
778,2,who,6.55265
778,3,the,5.15736
778,4,agent,13.4316
778,5,thought,14.1393
778,6,the,4.36895
778,7,witness,14.1068
778,8,said,7.19067
778,9,he,4.20515
778,10,knew,7.46001
778,11,the,3.1432
778,12,man,11.3207
778,13,noticed,16.596
778,14,the,3.60056
778,15,spy,15.2202
778,16,assassinated,18.1423
778,17,yesterday,17.4029
778,18,night,15.1951
778,19,.,4.95414
778,20,</s>,28.3898
779,0,i,8.92268
779,1,know,6.35939
779,2,who,6.55265
779,3,the,5.15736
779,4,agent,13.4316
779,5,thought,14.1393
779,6,the,4.36895
779,7,witness,14.1068
779,8,said,7.19067
779,9,he,4.20515
779,10,knew,7.46001
779,11,the,3.1432
779,12,man,11.3207
779,13,noticed,16.596
779,14,the,3.60056
779,15,spy,15.2202
779,16,assassinated,18.1423
779,17,the,5.07255
779,18,politician,15.6277
779,19,yesterday,18.318
779,20,night,15.1951
779,21,.,4.95414
779,22,</s>,28.3898
780,0,you,11.5115
780,1,know,4.15838
780,2,that,6.24274
780,3,the,3.3901
780,4,firefighter,20.0026
780,5,greeted,16.9986
780,6,on,9.97709
780,7,the,3.74276
780,8,sidewalk,11.9557
780,9,.,1.84574
780,10,</s>,25.1838
781,0,you,11.5115
781,1,know,4.15838
781,2,that,6.24274
781,3,the,3.3901
781,4,firefighter,20.0026
781,5,greeted,16.9986
781,6,the,2.94363
781,7,teacher,13.441
781,8,on,8.39577
781,9,the,1.41003
781,10,sidewalk,11.9557
781,11,.,1.84574
781,12,</s>,25.1838
782,0,you,11.5115
782,1,know,4.15838
782,2,who,5.97772
782,3,the,5.26981
782,4,firefighter,19.6043
782,5,greeted,16.9986
782,6,on,9.97709
782,7,the,3.74276
782,8,sidewalk,11.9557
782,9,.,1.84574
782,10,</s>,25.1838
783,0,you,11.5115
783,1,know,4.15838
783,2,who,5.97772
783,3,the,5.26981
783,4,firefighter,19.6043
783,5,greeted,16.9986
783,6,the,2.94363
783,7,teacher,13.441
783,8,on,8.39577
783,9,the,1.41003
783,10,sidewalk,11.9557
783,11,.,1.84574
783,12,</s>,25.1838
784,0,you,11.5115
784,1,know,4.15838
784,2,that,6.24274
784,3,the,3.3901
784,4,woman,10.6041
784,5,reported,13.9101
784,6,the,4.76018
784,7,firefighter,19.6552
784,8,greeted,16.9986
784,9,on,9.97709
784,10,the,3.74276
784,11,sidewalk,11.9557
784,12,.,1.84574
784,13,</s>,25.1838
785,0,you,11.5115
785,1,know,4.15838
785,2,that,6.24274
785,3,the,3.3901
785,4,woman,10.6041
785,5,reported,13.9101
785,6,the,4.76018
785,7,firefighter,19.6552
785,8,greeted,16.9986
785,9,the,2.94363
785,10,teacher,13.441
785,11,on,8.39577
785,12,the,1.41003
785,13,sidewalk,11.9557
785,14,.,1.84574
785,15,</s>,25.1838
786,0,you,11.5115
786,1,know,4.15838
786,2,who,5.97772
786,3,the,5.26981
786,4,woman,7.88614
786,5,reported,14.4206
786,6,the,4.76018
786,7,firefighter,19.6552
786,8,greeted,16.9986
786,9,on,9.97709
786,10,the,3.74276
786,11,sidewalk,11.9557
786,12,.,1.84574
786,13,</s>,25.1838
787,0,you,11.5115
787,1,know,4.15838
787,2,who,5.97772
787,3,the,5.26981
787,4,woman,7.88614
787,5,reported,14.4206
787,6,the,4.76018
787,7,firefighter,19.6552
787,8,greeted,16.9986
787,9,the,2.94363
787,10,teacher,13.441
787,11,on,8.39577
787,12,the,1.41003
787,13,sidewalk,11.9557
787,14,.,1.84574
787,15,</s>,25.1838
788,0,you,11.5115
788,1,know,4.15838
788,2,that,6.24274
788,3,the,3.3901
788,4,woman,10.6041
788,5,reported,13.9101
788,6,the,4.76018
788,7,neighbors,15.9824
788,8,believed,13.7188
788,9,the,3.87627
788,10,firefighter,19.4026
788,11,greeted,16.9986
788,12,on,9.97709
788,13,the,3.74276
788,14,sidewalk,11.9557
788,15,.,1.84574
788,16,</s>,25.1838
789,0,you,11.5115
789,1,know,4.15838
789,2,that,6.24274
789,3,the,3.3901
789,4,woman,10.6041
789,5,reported,13.9101
789,6,the,4.76018
789,7,neighbors,15.9824
789,8,believed,13.7188
789,9,the,3.87627
789,10,firefighter,19.4026
789,11,greeted,16.9986
789,12,the,2.94363
789,13,teacher,13.441
789,14,on,8.39577
789,15,the,1.41003
789,16,sidewalk,11.9557
789,17,.,1.84574
789,18,</s>,25.1838
790,0,you,11.5115
790,1,know,4.15838
790,2,who,5.97772
790,3,the,5.26981
790,4,woman,7.88614
790,5,reported,14.4206
790,6,the,4.76018
790,7,neighbors,15.9824
790,8,believed,13.7188
790,9,the,3.87627
790,10,firefighter,19.4026
790,11,greeted,16.9986
790,12,on,9.97709
790,13,the,3.74276
790,14,sidewalk,11.9557
790,15,.,1.84574
790,16,</s>,25.1838
791,0,you,11.5115
791,1,know,4.15838
791,2,who,5.97772
791,3,the,5.26981
791,4,woman,7.88614
791,5,reported,14.4206
791,6,the,4.76018
791,7,neighbors,15.9824
791,8,believed,13.7188
791,9,the,3.87627
791,10,firefighter,19.4026
791,11,greeted,16.9986
791,12,the,2.94363
791,13,teacher,13.441
791,14,on,8.39577
791,15,the,1.41003
791,16,sidewalk,11.9557
791,17,.,1.84574
791,18,</s>,25.1838
792,0,you,11.5115
792,1,know,4.15838
792,2,that,6.24274
792,3,the,3.3901
792,4,woman,10.6041
792,5,reported,13.9101
792,6,the,4.76018
792,7,neighbors,15.9824
792,8,believed,13.7188
792,9,they,5.84129
792,10,knew,11.1134
792,11,the,4.155
792,12,firefighter,19.406
792,13,greeted,16.9986
792,14,on,9.97709
792,15,the,3.74276
792,16,sidewalk,11.9557
792,17,.,1.84574
792,18,</s>,25.1838
793,0,you,11.5115
793,1,know,4.15838
793,2,that,6.24274
793,3,the,3.3901
793,4,woman,10.6041
793,5,reported,13.9101
793,6,the,4.76018
793,7,neighbors,15.9824
793,8,believed,13.7188
793,9,they,5.84129
793,10,knew,11.1134
793,11,the,4.155
793,12,firefighter,19.406
793,13,greeted,16.9986
793,14,the,2.94363
793,15,teacher,13.441
793,16,on,8.39577
793,17,the,1.41003
793,18,sidewalk,11.9557
793,19,.,1.84574
793,20,</s>,25.1838
794,0,you,11.5115
794,1,know,4.15838
794,2,who,5.97772
794,3,the,5.26981
794,4,woman,7.88614
794,5,reported,14.4206
794,6,the,4.76018
794,7,neighbors,15.9824
794,8,believed,13.7188
794,9,they,5.84129
794,10,knew,11.1134
794,11,the,4.155
794,12,firefighter,19.406
794,13,greeted,16.9986
794,14,on,9.97709
794,15,the,3.74276
794,16,sidewalk,11.9557
794,17,.,1.84574
794,18,</s>,25.1838
795,0,you,11.5115
795,1,know,4.15838
795,2,who,5.97772
795,3,the,5.26981
795,4,woman,7.88614
795,5,reported,14.4206
795,6,the,4.76018
795,7,neighbors,15.9824
795,8,believed,13.7188
795,9,they,5.84129
795,10,knew,11.1134
795,11,the,4.155
795,12,firefighter,19.406
795,13,greeted,16.9986
795,14,the,2.94363
795,15,teacher,13.441
795,16,on,8.39577
795,17,the,1.41003
795,18,sidewalk,11.9557
795,19,.,1.84574
795,20,</s>,25.1838
796,0,you,11.5115
796,1,know,4.15838
796,2,that,6.24274
796,3,the,3.3901
796,4,woman,10.6041
796,5,reported,13.9101
796,6,the,4.76018
796,7,neighbors,15.9824
796,8,believed,13.7188
796,9,they,5.84129
796,10,knew,11.1134
796,11,they,4.87517
796,12,saw,10.7085
796,13,the,3.24456
796,14,firefighter,20.0485
796,15,greeted,16.9986
796,16,on,9.97709
796,17,the,3.74276
796,18,sidewalk,11.9557
796,19,.,1.84574
796,20,</s>,25.1838
797,0,you,11.5115
797,1,know,4.15838
797,2,that,6.24274
797,3,the,3.3901
797,4,woman,10.6041
797,5,reported,13.9101
797,6,the,4.76018
797,7,neighbors,15.9824
797,8,believed,13.7188
797,9,they,5.84129
797,10,knew,11.1134
797,11,they,4.87517
797,12,saw,10.7085
797,13,the,3.24456
797,14,firefighter,20.0485
797,15,greeted,16.9986
797,16,the,2.94363
797,17,teacher,13.441
797,18,on,8.39577
797,19,the,1.41003
797,20,sidewalk,11.9557
797,21,.,1.84574
797,22,</s>,25.1838
798,0,you,11.5115
798,1,know,4.15838
798,2,who,5.97772
798,3,the,5.26981
798,4,woman,7.88614
798,5,reported,14.4206
798,6,the,4.76018
798,7,neighbors,15.9824
798,8,believed,13.7188
798,9,they,5.84129
798,10,knew,11.1134
798,11,they,4.87517
798,12,saw,10.7085
798,13,the,3.24456
798,14,firefighter,20.0485
798,15,greeted,16.9986
798,16,on,9.97709
798,17,the,3.74276
798,18,sidewalk,11.9557
798,19,.,1.84574
798,20,</s>,25.1838
799,0,you,11.5115
799,1,know,4.15838
799,2,who,5.97772
799,3,the,5.26981
799,4,woman,7.88614
799,5,reported,14.4206
799,6,the,4.76018
799,7,neighbors,15.9824
799,8,believed,13.7188
799,9,they,5.84129
799,10,knew,11.1134
799,11,they,4.87517
799,12,saw,10.7085
799,13,the,3.24456
799,14,firefighter,20.0485
799,15,greeted,16.9986
799,16,the,2.94363
799,17,teacher,13.441
799,18,on,8.39577
799,19,the,1.41003
799,20,sidewalk,11.9557
799,21,.,1.84574
799,22,</s>,25.1838
800,0,he,4.43708
800,1,knows,11.9494
800,2,that,2.7177
800,3,the,3.64053
800,4,mayor,11.6413
800,5,supported,11.9815
800,6,during,11.953
800,7,the,1.20198
800,8,town,12.7755
800,9,meeting,9.12265
800,10,.,4.50577
800,11,</s>,22.7871
801,0,he,4.43708
801,1,knows,11.9494
801,2,that,2.7177
801,3,the,3.64053
801,4,mayor,11.6413
801,5,supported,11.9815
801,6,the,2.92689
801,7,principal,12.6548
801,8,during,13.3868
801,9,the,1.9779
801,10,town,12.7755
801,11,meeting,9.12265
801,12,.,4.50577
801,13,</s>,22.7871
802,0,he,4.43708
802,1,knows,11.9494
802,2,who,8.10265
802,3,the,3.8854
802,4,mayor,12.5083
802,5,supported,12.0529
802,6,during,11.953
802,7,the,1.20198
802,8,town,12.7755
802,9,meeting,9.12265
802,10,.,4.50577
802,11,</s>,22.7871
803,0,he,4.43708
803,1,knows,11.9494
803,2,who,8.10265
803,3,the,3.8854
803,4,mayor,12.5083
803,5,supported,12.0529
803,6,the,2.92689
803,7,principal,12.6548
803,8,during,13.3868
803,9,the,1.9779
803,10,town,12.7755
803,11,meeting,9.12265
803,12,.,4.50577
803,13,</s>,22.7871
804,0,he,4.43708
804,1,knows,11.9494
804,2,that,2.7177
804,3,the,3.64053
804,4,politician,16.0631
804,5,believed,14.3727
804,6,the,3.87627
804,7,mayor,12.3908
804,8,supported,12.0529
804,9,during,11.953
804,10,the,1.20198
804,11,town,12.7755
804,12,meeting,9.12265
804,13,.,4.50577
804,14,</s>,22.7871
805,0,he,4.43708
805,1,knows,11.9494
805,2,that,2.7177
805,3,the,3.64053
805,4,politician,16.0631
805,5,believed,14.3727
805,6,the,3.87627
805,7,mayor,12.3908
805,8,supported,12.0529
805,9,the,2.92689
805,10,principal,12.6548
805,11,during,13.3868
805,12,the,1.9779
805,13,town,12.7755
805,14,meeting,9.12265
805,15,.,4.50577
805,16,</s>,22.7871
806,0,he,4.43708
806,1,knows,11.9494
806,2,who,8.10265
806,3,the,3.8854
806,4,politician,15.7789
806,5,believed,14.3727
806,6,the,3.87627
806,7,mayor,12.3908
806,8,supported,12.0529
806,9,during,11.953
806,10,the,1.20198
806,11,town,12.7755
806,12,meeting,9.12265
806,13,.,4.50577
806,14,</s>,22.7871
807,0,he,4.43708
807,1,knows,11.9494
807,2,who,8.10265
807,3,the,3.8854
807,4,politician,15.7789
807,5,believed,14.3727
807,6,the,3.87627
807,7,mayor,12.3908
807,8,supported,12.0529
807,9,the,2.92689
807,10,principal,12.6548
807,11,during,13.3868
807,12,the,1.9779
807,13,town,12.7755
807,14,meeting,9.12265
807,15,.,4.50577
807,16,</s>,22.7871
808,0,he,4.43708
808,1,knows,11.9494
808,2,that,2.7177
808,3,the,3.64053
808,4,politician,16.0631
808,5,believed,14.3727
808,6,the,3.87627
808,7,donors,16.4383
808,8,said,12.612
808,9,the,4.51729
808,10,mayor,12.691
808,11,supported,12.0529
808,12,during,11.953
808,13,the,1.20198
808,14,town,12.7755
808,15,meeting,9.12265
808,16,.,4.50577
808,17,</s>,22.7871
809,0,he,4.43708
809,1,knows,11.9494
809,2,that,2.7177
809,3,the,3.64053
809,4,politician,16.0631
809,5,believed,14.3727
809,6,the,3.87627
809,7,donors,16.4383
809,8,said,12.612
809,9,the,4.51729
809,10,mayor,12.691
809,11,supported,12.0529
809,12,the,2.92689
809,13,principal,12.6548
809,14,during,13.3868
809,15,the,1.9779
809,16,town,12.7755
809,17,meeting,9.12265
809,18,.,4.50577
809,19,</s>,22.7871
810,0,he,4.43708
810,1,knows,11.9494
810,2,who,8.10265
810,3,the,3.8854
810,4,politician,15.7789
810,5,believed,14.3727
810,6,the,3.87627
810,7,donors,16.4383
810,8,said,12.612
810,9,the,4.51729
810,10,mayor,12.691
810,11,supported,12.0529
810,12,during,11.953
810,13,the,1.20198
810,14,town,12.7755
810,15,meeting,9.12265
810,16,.,4.50577
810,17,</s>,22.7871
811,0,he,4.43708
811,1,knows,11.9494
811,2,who,8.10265
811,3,the,3.8854
811,4,politician,15.7789
811,5,believed,14.3727
811,6,the,3.87627
811,7,donors,16.4383
811,8,said,12.612
811,9,the,4.51729
811,10,mayor,12.691
811,11,supported,12.0529
811,12,the,2.92689
811,13,principal,12.6548
811,14,during,13.3868
811,15,the,1.9779
811,16,town,12.7755
811,17,meeting,9.12265
811,18,.,4.50577
811,19,</s>,22.7871
812,0,he,4.43708
812,1,knows,11.9494
812,2,that,2.7177
812,3,the,3.64053
812,4,politician,16.0631
812,5,believed,14.3727
812,6,the,3.87627
812,7,donors,16.4383
812,8,said,12.612
812,9,they,5.73574
812,10,knew,8.5943
812,11,the,4.155
812,12,mayor,12.3942
812,13,supported,12.0529
812,14,during,11.953
812,15,the,1.20198
812,16,town,12.7755
812,17,meeting,9.12265
812,18,.,4.50577
812,19,</s>,22.7871
813,0,he,4.43708
813,1,knows,11.9494
813,2,that,2.7177
813,3,the,3.64053
813,4,politician,16.0631
813,5,believed,14.3727
813,6,the,3.87627
813,7,donors,16.4383
813,8,said,12.612
813,9,they,5.73574
813,10,knew,8.5943
813,11,the,4.155
813,12,mayor,12.3942
813,13,supported,12.0529
813,14,the,2.92689
813,15,principal,12.6548
813,16,during,13.3868
813,17,the,1.9779
813,18,town,12.7755
813,19,meeting,9.12265
813,20,.,4.50577
813,21,</s>,22.7871
814,0,he,4.43708
814,1,knows,11.9494
814,2,who,8.10265
814,3,the,3.8854
814,4,politician,15.7789
814,5,believed,14.3727
814,6,the,3.87627
814,7,donors,16.4383
814,8,said,12.612
814,9,they,5.73574
814,10,knew,8.5943
814,11,the,4.155
814,12,mayor,12.3942
814,13,supported,12.0529
814,14,during,11.953
814,15,the,1.20198
814,16,town,12.7755
814,17,meeting,9.12265
814,18,.,4.50577
814,19,</s>,22.7871
815,0,he,4.43708
815,1,knows,11.9494
815,2,who,8.10265
815,3,the,3.8854
815,4,politician,15.7789
815,5,believed,14.3727
815,6,the,3.87627
815,7,donors,16.4383
815,8,said,12.612
815,9,they,5.73574
815,10,knew,8.5943
815,11,the,4.155
815,12,mayor,12.3942
815,13,supported,12.0529
815,14,the,2.92689
815,15,principal,12.6548
815,16,during,13.3868
815,17,the,1.9779
815,18,town,12.7755
815,19,meeting,9.12265
815,20,.,4.50577
815,21,</s>,22.7871
816,0,he,4.43708
816,1,knows,11.9494
816,2,that,2.7177
816,3,the,3.64053
816,4,politician,16.0631
816,5,believed,14.3727
816,6,the,3.87627
816,7,donors,16.4383
816,8,said,12.612
816,9,they,5.73574
816,10,knew,8.5943
816,11,he,5.69014
816,12,noticed,12.8842
816,13,the,3.89328
816,14,mayor,12.3029
816,15,supported,12.0529
816,16,during,11.953
816,17,the,1.20198
816,18,town,12.7755
816,19,meeting,9.12265
816,20,.,4.50577
816,21,</s>,22.7871
817,0,he,4.43708
817,1,knows,11.9494
817,2,that,2.7177
817,3,the,3.64053
817,4,politician,16.0631
817,5,believed,14.3727
817,6,the,3.87627
817,7,donors,16.4383
817,8,said,12.612
817,9,they,5.73574
817,10,knew,8.5943
817,11,he,5.69014
817,12,noticed,12.8842
817,13,the,3.89328
817,14,mayor,12.3029
817,15,supported,12.0529
817,16,the,2.92689
817,17,principal,12.6548
817,18,during,13.3868
817,19,the,1.9779
817,20,town,12.7755
817,21,meeting,9.12265
817,22,.,4.50577
817,23,</s>,22.7871
818,0,he,4.43708
818,1,knows,11.9494
818,2,who,8.10265
818,3,the,3.8854
818,4,politician,15.7789
818,5,believed,14.3727
818,6,the,3.87627
818,7,donors,16.4383
818,8,said,12.612
818,9,they,5.73574
818,10,knew,8.5943
818,11,he,5.69014
818,12,noticed,12.8842
818,13,the,3.89328
818,14,mayor,12.3029
818,15,supported,12.0529
818,16,during,11.953
818,17,the,1.20198
818,18,town,12.7755
818,19,meeting,9.12265
818,20,.,4.50577
818,21,</s>,22.7871
819,0,he,4.43708
819,1,knows,11.9494
819,2,who,8.10265
819,3,the,3.8854
819,4,politician,15.7789
819,5,believed,14.3727
819,6,the,3.87627
819,7,donors,16.4383
819,8,said,12.612
819,9,they,5.73574
819,10,knew,8.5943
819,11,he,5.69014
819,12,noticed,12.8842
819,13,the,3.89328
819,14,mayor,12.3029
819,15,supported,12.0529
819,16,the,2.92689
819,17,principal,12.6548
819,18,during,13.3868
819,19,the,1.9779
819,20,town,12.7755
819,21,meeting,9.12265
819,22,.,4.50577
819,23,</s>,22.7871
820,0,she,6.52858
820,1,knows,11.9031
820,2,that,2.62183
820,3,the,3.70626
820,4,man,9.63939
820,5,congratulated,19.8886
820,6,after,10.4723
820,7,the,3.49999
820,8,ceremony,10.0624
820,9,.,3.56209
820,10,</s>,23.7244
821,0,she,6.52858
821,1,knows,11.9031
821,2,that,2.62183
821,3,the,3.70626
821,4,man,9.63939
821,5,congratulated,19.8886
821,6,the,3.5547
821,7,writer,12.9807
821,8,after,9.79877
821,9,the,3.49999
821,10,ceremony,10.0624
821,11,.,3.56209
821,12,</s>,23.7244
822,0,she,6.52858
822,1,knows,11.9031
822,2,who,6.14725
822,3,the,3.6838
822,4,man,6.8914
822,5,congratulated,19.8003
822,6,after,10.4723
822,7,the,3.49999
822,8,ceremony,10.0624
822,9,.,3.56209
822,10,</s>,23.7244
823,0,she,6.52858
823,1,knows,11.9031
823,2,who,6.14725
823,3,the,3.6838
823,4,man,6.8914
823,5,congratulated,19.8003
823,6,the,3.5547
823,7,writer,12.9807
823,8,after,9.79877
823,9,the,3.49999
823,10,ceremony,10.0624
823,11,.,3.56209
823,12,</s>,23.7244
824,0,she,6.52858
824,1,knows,11.9031
824,2,that,2.62183
824,3,the,3.70626
824,4,woman,10.5893
824,5,said,9.96008
824,6,the,4.76385
824,7,man,9.44883
824,8,congratulated,19.378
824,9,after,10.4723
824,10,the,3.49999
824,11,ceremony,10.0624
824,12,.,3.56209
824,13,</s>,23.7244
825,0,she,6.52858
825,1,knows,11.9031
825,2,that,2.62183
825,3,the,3.70626
825,4,woman,10.5893
825,5,said,9.96008
825,6,the,4.76385
825,7,man,9.44883
825,8,congratulated,19.378
825,9,the,3.5547
825,10,writer,12.9807
825,11,after,9.79877
825,12,the,3.49999
825,13,ceremony,10.0624
825,14,.,3.56209
825,15,</s>,23.7244
826,0,she,6.52858
826,1,knows,11.9031
826,2,who,6.14725
826,3,the,3.6838
826,4,woman,7.80189
826,5,said,10.4705
826,6,the,4.76385
826,7,man,9.44883
826,8,congratulated,19.378
826,9,after,10.4723
826,10,the,3.49999
826,11,ceremony,10.0624
826,12,.,3.56209
826,13,</s>,23.7244
827,0,she,6.52858
827,1,knows,11.9031
827,2,who,6.14725
827,3,the,3.6838
827,4,woman,7.80189
827,5,said,10.4705
827,6,the,4.76385
827,7,man,9.44883
827,8,congratulated,19.378
827,9,the,3.5547
827,10,writer,12.9807
827,11,after,9.79877
827,12,the,3.49999
827,13,ceremony,10.0624
827,14,.,3.56209
827,15,</s>,23.7244
828,0,she,6.52858
828,1,knows,11.9031
828,2,that,2.62183
828,3,the,3.70626
828,4,woman,10.5893
828,5,said,9.96008
828,6,her,8.80805
828,7,friend,9.53134
828,8,believed,13.6711
828,9,the,3.87627
828,10,man,11.3386
828,11,congratulated,19.378
828,12,after,10.4723
828,13,the,3.49999
828,14,ceremony,10.0624
828,15,.,3.56209
828,16,</s>,23.7244
829,0,she,6.52858
829,1,knows,11.9031
829,2,that,2.62183
829,3,the,3.70626
829,4,woman,10.5893
829,5,said,9.96008
829,6,her,8.80805
829,7,friend,9.53134
829,8,believed,13.6711
829,9,the,3.87627
829,10,man,11.3386
829,11,congratulated,19.378
829,12,the,3.5547
829,13,writer,12.9807
829,14,after,9.79877
829,15,the,3.49999
829,16,ceremony,10.0624
829,17,.,3.56209
829,18,</s>,23.7244
830,0,she,6.52858
830,1,knows,11.9031
830,2,who,6.14725
830,3,the,3.6838
830,4,woman,7.80189
830,5,said,10.4705
830,6,her,8.80805
830,7,friend,9.53134
830,8,believed,13.6711
830,9,the,3.87627
830,10,man,11.3386
830,11,congratulated,19.378
830,12,after,10.4723
830,13,the,3.49999
830,14,ceremony,10.0624
830,15,.,3.56209
830,16,</s>,23.7244
831,0,she,6.52858
831,1,knows,11.9031
831,2,who,6.14725
831,3,the,3.6838
831,4,woman,7.80189
831,5,said,10.4705
831,6,her,8.80805
831,7,friend,9.53134
831,8,believed,13.6711
831,9,the,3.87627
831,10,man,11.3386
831,11,congratulated,19.378
831,12,the,3.5547
831,13,writer,12.9807
831,14,after,9.79877
831,15,the,3.49999
831,16,ceremony,10.0624
831,17,.,3.56209
831,18,</s>,23.7244
832,0,she,6.52858
832,1,knows,11.9031
832,2,that,2.62183
832,3,the,3.70626
832,4,woman,10.5893
832,5,said,9.96008
832,6,her,8.80805
832,7,friend,9.53134
832,8,believed,13.6711
832,9,she,6.76858
832,10,knew,9.78483
832,11,the,5.35757
832,12,man,11.2787
832,13,congratulated,19.378
832,14,after,10.4723
832,15,the,3.49999
832,16,ceremony,10.0624
832,17,.,3.56209
832,18,</s>,23.7244
833,0,she,6.52858
833,1,knows,11.9031
833,2,that,2.62183
833,3,the,3.70626
833,4,woman,10.5893
833,5,said,9.96008
833,6,her,8.80805
833,7,friend,9.53134
833,8,believed,13.6711
833,9,she,6.76858
833,10,knew,9.78483
833,11,the,5.35757
833,12,man,11.2787
833,13,congratulated,19.378
833,14,the,3.5547
833,15,writer,12.9807
833,16,after,9.79877
833,17,the,3.49999
833,18,ceremony,10.0624
833,19,.,3.56209
833,20,</s>,23.7244
834,0,she,6.52858
834,1,knows,11.9031
834,2,who,6.14725
834,3,the,3.6838
834,4,woman,7.80189
834,5,said,10.4705
834,6,her,8.80805
834,7,friend,9.53134
834,8,believed,13.6711
834,9,she,6.76858
834,10,knew,9.78483
834,11,the,5.35757
834,12,man,11.2787
834,13,congratulated,19.378
834,14,after,10.4723
834,15,the,3.49999
834,16,ceremony,10.0624
834,17,.,3.56209
834,18,</s>,23.7244
835,0,she,6.52858
835,1,knows,11.9031
835,2,who,6.14725
835,3,the,3.6838
835,4,woman,7.80189
835,5,said,10.4705
835,6,her,8.80805
835,7,friend,9.53134
835,8,believed,13.6711
835,9,she,6.76858
835,10,knew,9.78483
835,11,the,5.35757
835,12,man,11.2787
835,13,congratulated,19.378
835,14,the,3.5547
835,15,writer,12.9807
835,16,after,9.79877
835,17,the,3.49999
835,18,ceremony,10.0624
835,19,.,3.56209
835,20,</s>,23.7244
836,0,she,6.52858
836,1,knows,11.9031
836,2,that,2.62183
836,3,the,3.70626
836,4,woman,10.5893
836,5,said,9.96008
836,6,her,8.80805
836,7,friend,9.53134
836,8,believed,13.6711
836,9,she,6.76858
836,10,knew,9.78483
836,11,the,5.35757
836,12,man,11.2787
836,13,saw,14.8402
836,14,the,2.9593
836,15,man,10.6112
836,16,congratulated,19.378
836,17,after,10.4723
836,18,the,3.49999
836,19,ceremony,10.0624
836,20,.,3.56209
836,21,</s>,23.7244
837,0,she,6.52858
837,1,knows,11.9031
837,2,that,2.62183
837,3,the,3.70626
837,4,woman,10.5893
837,5,said,9.96008
837,6,her,8.80805
837,7,friend,9.53134
837,8,believed,13.6711
837,9,she,6.76858
837,10,knew,9.78483
837,11,the,5.35757
837,12,man,11.2787
837,13,saw,14.8402
837,14,the,2.9593
837,15,man,10.6112
837,16,congratulated,19.378
837,17,the,3.5547
837,18,writer,12.9807
837,19,after,9.79877
837,20,the,3.49999
837,21,ceremony,10.0624
837,22,.,3.56209
837,23,</s>,23.7244
838,0,she,6.52858
838,1,knows,11.9031
838,2,who,6.14725
838,3,the,3.6838
838,4,woman,7.80189
838,5,said,10.4705
838,6,her,8.80805
838,7,friend,9.53134
838,8,believed,13.6711
838,9,she,6.76858
838,10,knew,9.78483
838,11,the,5.35757
838,12,man,11.2787
838,13,saw,14.8402
838,14,the,2.9593
838,15,man,10.6112
838,16,congratulated,19.378
838,17,after,10.4723
838,18,the,3.49999
838,19,ceremony,10.0624
838,20,.,3.56209
838,21,</s>,23.7244
839,0,she,6.52858
839,1,knows,11.9031
839,2,who,6.14725
839,3,the,3.6838
839,4,woman,7.80189
839,5,said,10.4705
839,6,her,8.80805
839,7,friend,9.53134
839,8,believed,13.6711
839,9,she,6.76858
839,10,knew,9.78483
839,11,the,5.35757
839,12,man,11.2787
839,13,saw,14.8402
839,14,the,2.9593
839,15,man,10.6112
839,16,congratulated,19.378
839,17,the,3.5547
839,18,writer,12.9807
839,19,after,9.79877
839,20,the,3.49999
839,21,ceremony,10.0624
839,22,.,3.56209
839,23,</s>,23.7244
840,0,i,8.92268
840,1,know,6.35939
840,2,that,3.01867
840,3,the,4.26664
840,4,hostess,16.9283
840,5,introduced,13.4562
840,6,to,5.24055
840,7,the,3.77531
840,8,regular,12.0011
840,9,customer,11.1913
840,10,.,4.81509
840,11,</s>,26.8713
841,0,i,8.92268
841,1,know,6.35939
841,2,that,3.01867
841,3,the,4.26664
841,4,hostess,16.9283
841,5,introduced,13.4562
841,6,her,6.75883
841,7,friend,11.1391
841,8,to,6.43557
841,9,the,3.08907
841,10,regular,11.827
841,11,customer,11.1913
841,12,.,4.81509
841,13,</s>,26.8713
842,0,i,8.92268
842,1,know,6.35939
842,2,who,6.55265
842,3,the,5.15736
842,4,hostess,16.53
842,5,introduced,13.4562
842,6,to,5.24055
842,7,the,3.77531
842,8,regular,12.0011
842,9,customer,11.1913
842,10,.,4.81509
842,11,</s>,26.8713
843,0,i,8.92268
843,1,know,6.35939
843,2,who,6.55265
843,3,the,5.15736
843,4,hostess,16.53
843,5,introduced,13.4562
843,6,her,6.75883
843,7,friend,11.1391
843,8,to,6.43557
843,9,the,3.08907
843,10,regular,11.827
843,11,customer,11.1913
843,12,.,4.81509
843,13,</s>,26.8713
844,0,i,8.92268
844,1,know,6.35939
844,2,that,3.01867
844,3,the,4.26664
844,4,heiress,16.641
844,5,believed,14.7912
844,6,the,3.87627
844,7,hostess,16.3283
844,8,introduced,13.4562
844,9,to,5.24055
844,10,the,3.77531
844,11,regular,12.0011
844,12,customer,11.1913
844,13,.,4.81509
844,14,</s>,26.8713
845,0,i,8.92268
845,1,know,6.35939
845,2,that,3.01867
845,3,the,4.26664
845,4,heiress,16.641
845,5,believed,14.7912
845,6,the,3.87627
845,7,hostess,16.3283
845,8,introduced,13.4562
845,9,her,6.75883
845,10,friend,11.1391
845,11,to,6.43557
845,12,the,3.08907
845,13,regular,11.827
845,14,customer,11.1913
845,15,.,4.81509
845,16,</s>,26.8713
846,0,i,8.92268
846,1,know,6.35939
846,2,who,6.55265
846,3,the,5.15736
846,4,heiress,16.2427
846,5,believed,14.7912
846,6,the,3.87627
846,7,hostess,16.3283
846,8,introduced,13.4562
846,9,to,5.24055
846,10,the,3.77531
846,11,regular,12.0011
846,12,customer,11.1913
846,13,.,4.81509
846,14,</s>,26.8713
847,0,i,8.92268
847,1,know,6.35939
847,2,who,6.55265
847,3,the,5.15736
847,4,heiress,16.2427
847,5,believed,14.7912
847,6,the,3.87627
847,7,hostess,16.3283
847,8,introduced,13.4562
847,9,her,6.75883
847,10,friend,11.1391
847,11,to,6.43557
847,12,the,3.08907
847,13,regular,11.827
847,14,customer,11.1913
847,15,.,4.81509
847,16,</s>,26.8713
848,0,i,8.92268
848,1,know,6.35939
848,2,that,3.01867
848,3,the,4.26664
848,4,heiress,16.641
848,5,believed,14.7912
848,6,her,7.84558
848,7,friend,9.74941
848,8,said,9.50362
848,9,the,4.71401
848,10,hostess,16.6284
848,11,introduced,13.4562
848,12,to,5.24055
848,13,the,3.77531
848,14,regular,12.0011
848,15,customer,11.1913
848,16,.,4.81509
848,17,</s>,26.8713
849,0,i,8.92268
849,1,know,6.35939
849,2,that,3.01867
849,3,the,4.26664
849,4,heiress,16.641
849,5,believed,14.7912
849,6,her,7.84558
849,7,friend,9.74941
849,8,said,9.50362
849,9,the,4.71401
849,10,hostess,16.6284
849,11,introduced,13.4562
849,12,her,6.75883
849,13,friend,11.1391
849,14,to,6.43557
849,15,the,3.08907
849,16,regular,11.827
849,17,customer,11.1913
849,18,.,4.81509
849,19,</s>,26.8713
850,0,i,8.92268
850,1,know,6.35939
850,2,who,6.55265
850,3,the,5.15736
850,4,heiress,16.2427
850,5,believed,14.7912
850,6,her,7.84558
850,7,friend,9.74941
850,8,said,9.50362
850,9,the,4.71401
850,10,hostess,16.6284
850,11,introduced,13.4562
850,12,to,5.24055
850,13,the,3.77531
850,14,regular,12.0011
850,15,customer,11.1913
850,16,.,4.81509
850,17,</s>,26.8713
851,0,i,8.92268
851,1,know,6.35939
851,2,who,6.55265
851,3,the,5.15736
851,4,heiress,16.2427
851,5,believed,14.7912
851,6,her,7.84558
851,7,friend,9.74941
851,8,said,9.50362
851,9,the,4.71401
851,10,hostess,16.6284
851,11,introduced,13.4562
851,12,her,6.75883
851,13,friend,11.1391
851,14,to,6.43557
851,15,the,3.08907
851,16,regular,11.827
851,17,customer,11.1913
851,18,.,4.81509
851,19,</s>,26.8713
852,0,i,8.92268
852,1,know,6.35939
852,2,that,3.01867
852,3,the,4.26664
852,4,heiress,16.641
852,5,believed,14.7912
852,6,her,7.84558
852,7,friend,9.74941
852,8,said,9.50362
852,9,she,6.18344
852,10,knew,9.85772
852,11,the,5.35757
852,12,hostess,16.2684
852,13,introduced,13.4562
852,14,to,5.24055
852,15,the,3.77531
852,16,regular,12.0011
852,17,customer,11.1913
852,18,.,4.81509
852,19,</s>,26.8713
853,0,i,8.92268
853,1,know,6.35939
853,2,that,3.01867
853,3,the,4.26664
853,4,heiress,16.641
853,5,believed,14.7912
853,6,her,7.84558
853,7,friend,9.74941
853,8,said,9.50362
853,9,she,6.18344
853,10,knew,9.85772
853,11,the,5.35757
853,12,hostess,16.2684
853,13,introduced,13.4562
853,14,her,6.75883
853,15,friend,11.1391
853,16,to,6.43557
853,17,the,3.08907
853,18,regular,11.827
853,19,customer,11.1913
853,20,.,4.81509
853,21,</s>,26.8713
854,0,i,8.92268
854,1,know,6.35939
854,2,who,6.55265
854,3,the,5.15736
854,4,heiress,16.2427
854,5,believed,14.7912
854,6,her,7.84558
854,7,friend,9.74941
854,8,said,9.50362
854,9,she,6.18344
854,10,knew,9.85772
854,11,the,5.35757
854,12,hostess,16.2684
854,13,introduced,13.4562
854,14,to,5.24055
854,15,the,3.77531
854,16,regular,12.0011
854,17,customer,11.1913
854,18,.,4.81509
854,19,</s>,26.8713
855,0,i,8.92268
855,1,know,6.35939
855,2,who,6.55265
855,3,the,5.15736
855,4,heiress,16.2427
855,5,believed,14.7912
855,6,her,7.84558
855,7,friend,9.74941
855,8,said,9.50362
855,9,she,6.18344
855,10,knew,9.85772
855,11,the,5.35757
855,12,hostess,16.2684
855,13,introduced,13.4562
855,14,her,6.75883
855,15,friend,11.1391
855,16,to,6.43557
855,17,the,3.08907
855,18,regular,11.827
855,19,customer,11.1913
855,20,.,4.81509
855,21,</s>,26.8713
856,0,i,8.92268
856,1,know,6.35939
856,2,that,3.01867
856,3,the,4.26664
856,4,heiress,16.641
856,5,believed,14.7912
856,6,her,7.84558
856,7,friend,9.74941
856,8,said,9.50362
856,9,she,6.18344
856,10,knew,9.85772
856,11,the,5.35757
856,12,man,11.2787
856,13,noticed,16.596
856,14,the,3.60056
856,15,hostess,16.2403
856,16,introduced,13.4562
856,17,to,5.24055
856,18,the,3.77531
856,19,regular,12.0011
856,20,customer,11.1913
856,21,.,4.81509
856,22,</s>,26.8713
857,0,i,8.92268
857,1,know,6.35939
857,2,that,3.01867
857,3,the,4.26664
857,4,heiress,16.641
857,5,believed,14.7912
857,6,her,7.84558
857,7,friend,9.74941
857,8,said,9.50362
857,9,she,6.18344
857,10,knew,9.85772
857,11,the,5.35757
857,12,man,11.2787
857,13,noticed,16.596
857,14,the,3.60056
857,15,hostess,16.2403
857,16,introduced,13.4562
857,17,her,6.75883
857,18,friend,11.1391
857,19,to,6.43557
857,20,the,3.08907
857,21,regular,11.827
857,22,customer,11.1913
857,23,.,4.81509
857,24,</s>,26.8713
858,0,i,8.92268
858,1,know,6.35939
858,2,who,6.55265
858,3,the,5.15736
858,4,heiress,16.2427
858,5,believed,14.7912
858,6,her,7.84558
858,7,friend,9.74941
858,8,said,9.50362
858,9,she,6.18344
858,10,knew,9.85772
858,11,the,5.35757
858,12,man,11.2787
858,13,noticed,16.596
858,14,the,3.60056
858,15,hostess,16.2403
858,16,introduced,13.4562
858,17,to,5.24055
858,18,the,3.77531
858,19,regular,12.0011
858,20,customer,11.1913
858,21,.,4.81509
858,22,</s>,26.8713
859,0,i,8.92268
859,1,know,6.35939
859,2,who,6.55265
859,3,the,5.15736
859,4,heiress,16.2427
859,5,believed,14.7912
859,6,her,7.84558
859,7,friend,9.74941
859,8,said,9.50362
859,9,she,6.18344
859,10,knew,9.85772
859,11,the,5.35757
859,12,man,11.2787
859,13,noticed,16.596
859,14,the,3.60056
859,15,hostess,16.2403
859,16,introduced,13.4562
859,17,her,6.75883
859,18,friend,11.1391
859,19,to,6.43557
859,20,the,3.08907
859,21,regular,11.827
859,22,customer,11.1913
859,23,.,4.81509
859,24,</s>,26.8713
860,0,you,11.5115
860,1,know,4.15838
860,2,that,6.24274
860,3,the,3.3901
860,4,young,10.1308
860,5,woman,4.56209
860,6,waited,17.0382
860,7,for,2.20145
860,8,at,9.62374
860,9,the,5.18943
860,10,movie,13.7779
860,11,theater,6.79027
860,12,.,4.48648
860,13,</s>,24.6519
861,0,you,11.5115
861,1,know,4.15838
861,2,that,6.24274
861,3,the,3.3901
861,4,young,10.1308
861,5,woman,4.56209
861,6,waited,17.0382
861,7,for,2.20145
861,8,her,7.03487
861,9,mother,7.22739
861,10,at,8.10087
861,11,the,2.06733
861,12,movie,13.507
861,13,theater,6.79027
861,14,.,4.48648
861,15,</s>,24.6519
862,0,you,11.5115
862,1,know,4.15838
862,2,who,5.97772
862,3,the,5.26981
862,4,young,11.3975
862,5,woman,6.12623
862,6,waited,16.7672
862,7,for,2.20145
862,8,at,9.62374
862,9,the,5.18943
862,10,movie,13.7779
862,11,theater,6.79027
862,12,.,4.48648
862,13,</s>,24.6519
863,0,you,11.5115
863,1,know,4.15838
863,2,who,5.97772
863,3,the,5.26981
863,4,young,11.3975
863,5,woman,6.12623
863,6,waited,16.7672
863,7,for,2.20145
863,8,her,7.03487
863,9,mother,7.22739
863,10,at,8.10087
863,11,the,2.06733
863,12,movie,13.507
863,13,theater,6.79027
863,14,.,4.48648
863,15,</s>,24.6519
864,0,you,11.5115
864,1,know,4.15838
864,2,that,6.24274
864,3,the,3.3901
864,4,man,9.65412
864,5,said,10.1162
864,6,the,4.64906
864,7,young,11.496
864,8,woman,6.12623
864,9,waited,16.7672
864,10,for,2.20145
864,11,at,9.62374
864,12,the,5.18943
864,13,movie,13.7779
864,14,theater,6.79027
864,15,.,4.48648
864,16,</s>,24.6519
865,0,you,11.5115
865,1,know,4.15838
865,2,that,6.24274
865,3,the,3.3901
865,4,man,9.65412
865,5,said,10.1162
865,6,the,4.64906
865,7,young,11.496
865,8,woman,6.12623
865,9,waited,16.7672
865,10,for,2.20145
865,11,her,7.03487
865,12,mother,7.22739
865,13,at,8.10087
865,14,the,2.06733
865,15,movie,13.507
865,16,theater,6.79027
865,17,.,4.48648
865,18,</s>,24.6519
866,0,you,11.5115
866,1,know,4.15838
866,2,who,5.97772
866,3,the,5.26981
866,4,man,6.97564
866,5,said,10.0278
866,6,the,4.64906
866,7,young,11.496
866,8,woman,6.12623
866,9,waited,16.7672
866,10,for,2.20145
866,11,at,9.62374
866,12,the,5.18943
866,13,movie,13.7779
866,14,theater,6.79027
866,15,.,4.48648
866,16,</s>,24.6519
867,0,you,11.5115
867,1,know,4.15838
867,2,who,5.97772
867,3,the,5.26981
867,4,man,6.97564
867,5,said,10.0278
867,6,the,4.64906
867,7,young,11.496
867,8,woman,6.12623
867,9,waited,16.7672
867,10,for,2.20145
867,11,her,7.03487
867,12,mother,7.22739
867,13,at,8.10087
867,14,the,2.06733
867,15,movie,13.507
867,16,theater,6.79027
867,17,.,4.48648
867,18,</s>,24.6519
868,0,you,11.5115
868,1,know,4.15838
868,2,that,6.24274
868,3,the,3.3901
868,4,man,9.65412
868,5,said,10.1162
868,6,the,4.64906
868,7,attendant,15.834
868,8,saw,12.5106
868,9,the,2.9593
868,10,young,11.7593
868,11,woman,6.12623
868,12,waited,16.7672
868,13,for,2.20145
868,14,at,9.62374
868,15,the,5.18943
868,16,movie,13.7779
868,17,theater,6.79027
868,18,.,4.48648
868,19,</s>,24.6519
869,0,you,11.5115
869,1,know,4.15838
869,2,that,6.24274
869,3,the,3.3901
869,4,man,9.65412
869,5,said,10.1162
869,6,the,4.64906
869,7,attendant,15.834
869,8,saw,12.5106
869,9,the,2.9593
869,10,young,11.7593
869,11,woman,6.12623
869,12,waited,16.7672
869,13,for,2.20145
869,14,her,7.03487
869,15,mother,7.22739
869,16,at,8.10087
869,17,the,2.06733
869,18,movie,13.507
869,19,theater,6.79027
869,20,.,4.48648
869,21,</s>,24.6519
870,0,you,11.5115
870,1,know,4.15838
870,2,who,5.97772
870,3,the,5.26981
870,4,man,6.97564
870,5,said,10.0278
870,6,the,4.64906
870,7,attendant,15.834
870,8,saw,12.5106
870,9,the,2.9593
870,10,young,11.7593
870,11,woman,6.12623
870,12,waited,16.7672
870,13,for,2.20145
870,14,at,9.62374
870,15,the,5.18943
870,16,movie,13.7779
870,17,theater,6.79027
870,18,.,4.48648
870,19,</s>,24.6519
871,0,you,11.5115
871,1,know,4.15838
871,2,who,5.97772
871,3,the,5.26981
871,4,man,6.97564
871,5,said,10.0278
871,6,the,4.64906
871,7,attendant,15.834
871,8,saw,12.5106
871,9,the,2.9593
871,10,young,11.7593
871,11,woman,6.12623
871,12,waited,16.7672
871,13,for,2.20145
871,14,her,7.03487
871,15,mother,7.22739
871,16,at,8.10087
871,17,the,2.06733
871,18,movie,13.507
871,19,theater,6.79027
871,20,.,4.48648
871,21,</s>,24.6519
872,0,you,11.5115
872,1,know,4.15838
872,2,that,6.24274
872,3,the,3.3901
872,4,man,9.65412
872,5,said,10.1162
872,6,the,4.64906
872,7,attendant,15.834
872,8,saw,12.5106
872,9,her,6.16468
872,10,friend,9.55461
872,11,knew,13.4537
872,12,the,4.27224
872,13,young,11.1359
872,14,woman,6.12623
872,15,waited,16.7672
872,16,for,2.20145
872,17,at,9.62374
872,18,the,5.18943
872,19,movie,13.7779
872,20,theater,6.79027
872,21,.,4.48648
872,22,</s>,24.6519
873,0,you,11.5115
873,1,know,4.15838
873,2,that,6.24274
873,3,the,3.3901
873,4,man,9.65412
873,5,said,10.1162
873,6,the,4.64906
873,7,attendant,15.834
873,8,saw,12.5106
873,9,her,6.16468
873,10,friend,9.55461
873,11,knew,13.4537
873,12,the,4.27224
873,13,young,11.1359
873,14,woman,6.12623
873,15,waited,16.7672
873,16,for,2.20145
873,17,her,7.03487
873,18,mother,7.22739
873,19,at,8.10087
873,20,the,2.06733
873,21,movie,13.507
873,22,theater,6.79027
873,23,.,4.48648
873,24,</s>,24.6519
874,0,you,11.5115
874,1,know,4.15838
874,2,who,5.97772
874,3,the,5.26981
874,4,man,6.97564
874,5,said,10.0278
874,6,the,4.64906
874,7,attendant,15.834
874,8,saw,12.5106
874,9,her,6.16468
874,10,friend,9.55461
874,11,knew,13.4537
874,12,the,4.27224
874,13,young,11.1359
874,14,woman,6.12623
874,15,waited,16.7672
874,16,for,2.20145
874,17,at,9.62374
874,18,the,5.18943
874,19,movie,13.7779
874,20,theater,6.79027
874,21,.,4.48648
874,22,</s>,24.6519
875,0,you,11.5115
875,1,know,4.15838
875,2,who,5.97772
875,3,the,5.26981
875,4,man,6.97564
875,5,said,10.0278
875,6,the,4.64906
875,7,attendant,15.834
875,8,saw,12.5106
875,9,her,6.16468
875,10,friend,9.55461
875,11,knew,13.4537
875,12,the,4.27224
875,13,young,11.1359
875,14,woman,6.12623
875,15,waited,16.7672
875,16,for,2.20145
875,17,her,7.03487
875,18,mother,7.22739
875,19,at,8.10087
875,20,the,2.06733
875,21,movie,13.507
875,22,theater,6.79027
875,23,.,4.48648
875,24,</s>,24.6519
876,0,you,11.5115
876,1,know,4.15838
876,2,that,6.24274
876,3,the,3.3901
876,4,man,9.65412
876,5,said,10.1162
876,6,the,4.64906
876,7,attendant,15.834
876,8,saw,12.5106
876,9,her,6.16468
876,10,friend,9.55461
876,11,knew,13.4537
876,12,his,6.10381
876,13,father,3.18002
876,14,saw,12.2521
876,15,the,2.9593
876,16,young,11.7593
876,17,woman,6.12623
876,18,waited,16.7672
876,19,for,2.20145
876,20,at,9.62374
876,21,the,5.18943
876,22,movie,13.7779
876,23,theater,6.79027
876,24,.,4.48648
876,25,</s>,24.6519
877,0,you,11.5115
877,1,know,4.15838
877,2,that,6.24274
877,3,the,3.3901
877,4,man,9.65412
877,5,said,10.1162
877,6,the,4.64906
877,7,attendant,15.834
877,8,saw,12.5106
877,9,her,6.16468
877,10,friend,9.55461
877,11,knew,13.4537
877,12,his,6.10381
877,13,father,3.18002
877,14,saw,12.2521
877,15,the,2.9593
877,16,young,11.7593
877,17,woman,6.12623
877,18,waited,16.7672
877,19,for,2.20145
877,20,her,7.03487
877,21,mother,7.22739
877,22,at,8.10087
877,23,the,2.06733
877,24,movie,13.507
877,25,theater,6.79027
877,26,.,4.48648
877,27,</s>,24.6519
878,0,you,11.5115
878,1,know,4.15838
878,2,who,5.97772
878,3,the,5.26981
878,4,man,6.97564
878,5,said,10.0278
878,6,the,4.64906
878,7,attendant,15.834
878,8,saw,12.5106
878,9,her,6.16468
878,10,friend,9.55461
878,11,knew,13.4537
878,12,his,6.10381
878,13,father,3.18002
878,14,saw,12.2521
878,15,the,2.9593
878,16,young,11.7593
878,17,woman,6.12623
878,18,waited,16.7672
878,19,for,2.20145
878,20,at,9.62374
878,21,the,5.18943
878,22,movie,13.7779
878,23,theater,6.79027
878,24,.,4.48648
878,25,</s>,24.6519
879,0,you,11.5115
879,1,know,4.15838
879,2,who,5.97772
879,3,the,5.26981
879,4,man,6.97564
879,5,said,10.0278
879,6,the,4.64906
879,7,attendant,15.834
879,8,saw,12.5106
879,9,her,6.16468
879,10,friend,9.55461
879,11,knew,13.4537
879,12,his,6.10381
879,13,father,3.18002
879,14,saw,12.2521
879,15,the,2.9593
879,16,young,11.7593
879,17,woman,6.12623
879,18,waited,16.7672
879,19,for,2.20145
879,20,her,7.03487
879,21,mother,7.22739
879,22,at,8.10087
879,23,the,2.06733
879,24,movie,13.507
879,25,theater,6.79027
879,26,.,4.48648
879,27,</s>,24.6519
880,0,the,2.46696
880,1,neighbors,17.2131
880,2,found,12.6195
880,3,out,6.16715
880,4,that,2.20105
880,5,the,2.81468
880,6,young,10.0998
880,7,woman,4.56209
880,8,bought,14.6124
880,9,for,6.73321
880,10,her,4.81505
880,11,parents,9.52157
880,12,.,4.55969
880,13,</s>,26.2368
881,0,the,2.46696
881,1,neighbors,17.2131
881,2,found,12.6195
881,3,out,6.16715
881,4,that,2.20105
881,5,the,2.81468
881,6,young,10.0998
881,7,woman,4.56209
881,8,bought,14.6124
881,9,a,3.96526
881,10,gift,12.3066
881,11,for,3.62357
881,12,her,5.9797
881,13,parents,9.52157
881,14,.,4.55969
881,15,</s>,26.2368
882,0,the,2.46696
882,1,neighbors,17.2131
882,2,found,12.6195
882,3,out,6.16715
882,4,what,5.67573
882,5,the,3.62667
882,6,young,11.5705
882,7,woman,6.12623
882,8,bought,14.3413
882,9,for,6.73321
882,10,her,4.81505
882,11,parents,9.52157
882,12,.,4.55969
882,13,</s>,26.2368
883,0,the,2.46696
883,1,neighbors,17.2131
883,2,found,12.6195
883,3,out,6.16715
883,4,what,5.67573
883,5,the,3.62667
883,6,young,11.5705
883,7,woman,6.12623
883,8,bought,14.3413
883,9,a,3.96526
883,10,gift,12.3066
883,11,for,3.62357
883,12,her,5.9797
883,13,parents,9.52157
883,14,.,4.55969
883,15,</s>,26.2368
884,0,the,2.46696
884,1,neighbors,17.2131
884,2,found,12.6195
884,3,out,6.16715
884,4,that,2.20105
884,5,her,5.09637
884,6,mother,4.42331
884,7,heard,12.2145
884,8,the,4.25497
884,9,young,11.4415
884,10,woman,6.12623
884,11,bought,14.3413
884,12,for,6.73321
884,13,her,4.81505
884,14,parents,9.52157
884,15,.,4.55969
884,16,</s>,26.2368
885,0,the,2.46696
885,1,neighbors,17.2131
885,2,found,12.6195
885,3,out,6.16715
885,4,that,2.20105
885,5,her,5.09637
885,6,mother,4.42331
885,7,heard,12.2145
885,8,the,4.25497
885,9,young,11.4415
885,10,woman,6.12623
885,11,bought,14.3413
885,12,a,3.96526
885,13,gift,12.3066
885,14,for,3.62357
885,15,her,5.9797
885,16,parents,9.52157
885,17,.,4.55969
885,18,</s>,26.2368
886,0,the,2.46696
886,1,neighbors,17.2131
886,2,found,12.6195
886,3,out,6.16715
886,4,what,5.67573
886,5,her,8.80305
886,6,mother,7.49694
886,7,heard,11.723
886,8,the,4.25497
886,9,young,11.4415
886,10,woman,6.12623
886,11,bought,14.3413
886,12,for,6.73321
886,13,her,4.81505
886,14,parents,9.52157
886,15,.,4.55969
886,16,</s>,26.2368
887,0,the,2.46696
887,1,neighbors,17.2131
887,2,found,12.6195
887,3,out,6.16715
887,4,what,5.67573
887,5,her,8.80305
887,6,mother,7.49694
887,7,heard,11.723
887,8,the,4.25497
887,9,young,11.4415
887,10,woman,6.12623
887,11,bought,14.3413
887,12,a,3.96526
887,13,gift,12.3066
887,14,for,3.62357
887,15,her,5.9797
887,16,parents,9.52157
887,17,.,4.55969
887,18,</s>,26.2368
888,0,the,2.46696
888,1,neighbors,17.2131
888,2,found,12.6195
888,3,out,6.16715
888,4,that,2.20105
888,5,her,5.09637
888,6,mother,4.42331
888,7,heard,12.2145
888,8,the,4.25497
888,9,newspaper,12.7074
888,10,reported,8.73028
888,11,the,4.63863
888,12,young,11.4485
888,13,woman,6.12623
888,14,bought,14.3413
888,15,for,6.73321
888,16,her,4.81505
888,17,parents,9.52157
888,18,.,4.55969
888,19,</s>,26.2368
889,0,the,2.46696
889,1,neighbors,17.2131
889,2,found,12.6195
889,3,out,6.16715
889,4,that,2.20105
889,5,her,5.09637
889,6,mother,4.42331
889,7,heard,12.2145
889,8,the,4.25497
889,9,newspaper,12.7074
889,10,reported,8.73028
889,11,the,4.63863
889,12,young,11.4485
889,13,woman,6.12623
889,14,bought,14.3413
889,15,a,3.96526
889,16,gift,12.3066
889,17,for,3.62357
889,18,her,5.9797
889,19,parents,9.52157
889,20,.,4.55969
889,21,</s>,26.2368
890,0,the,2.46696
890,1,neighbors,17.2131
890,2,found,12.6195
890,3,out,6.16715
890,4,what,5.67573
890,5,her,8.80305
890,6,mother,7.49694
890,7,heard,11.723
890,8,the,4.25497
890,9,newspaper,12.7074
890,10,reported,8.73028
890,11,the,4.63863
890,12,young,11.4485
890,13,woman,6.12623
890,14,bought,14.3413
890,15,for,6.73321
890,16,her,4.81505
890,17,parents,9.52157
890,18,.,4.55969
890,19,</s>,26.2368
891,0,the,2.46696
891,1,neighbors,17.2131
891,2,found,12.6195
891,3,out,6.16715
891,4,what,5.67573
891,5,her,8.80305
891,6,mother,7.49694
891,7,heard,11.723
891,8,the,4.25497
891,9,newspaper,12.7074
891,10,reported,8.73028
891,11,the,4.63863
891,12,young,11.4485
891,13,woman,6.12623
891,14,bought,14.3413
891,15,a,3.96526
891,16,gift,12.3066
891,17,for,3.62357
891,18,her,5.9797
891,19,parents,9.52157
891,20,.,4.55969
891,21,</s>,26.2368
892,0,the,2.46696
892,1,neighbors,17.2131
892,2,found,12.6195
892,3,out,6.16715
892,4,that,2.20105
892,5,her,5.09637
892,6,mother,4.42331
892,7,heard,12.2145
892,8,the,4.25497
892,9,newspaper,12.7074
892,10,reported,8.73028
892,11,the,4.63863
892,12,mayor,12.6435
892,13,said,13.7085
892,14,the,4.51729
892,15,young,11.496
892,16,woman,6.12623
892,17,bought,14.3413
892,18,for,6.73321
892,19,her,4.81505
892,20,parents,9.52157
892,21,.,4.55969
892,22,</s>,26.2368
893,0,the,2.46696
893,1,neighbors,17.2131
893,2,found,12.6195
893,3,out,6.16715
893,4,that,2.20105
893,5,her,5.09637
893,6,mother,4.42331
893,7,heard,12.2145
893,8,the,4.25497
893,9,newspaper,12.7074
893,10,reported,8.73028
893,11,the,4.63863
893,12,mayor,12.6435
893,13,said,13.7085
893,14,the,4.51729
893,15,young,11.496
893,16,woman,6.12623
893,17,bought,14.3413
893,18,a,3.96526
893,19,gift,12.3066
893,20,for,3.62357
893,21,her,5.9797
893,22,parents,9.52157
893,23,.,4.55969
893,24,</s>,26.2368
894,0,the,2.46696
894,1,neighbors,17.2131
894,2,found,12.6195
894,3,out,6.16715
894,4,what,5.67573
894,5,her,8.80305
894,6,mother,7.49694
894,7,heard,11.723
894,8,the,4.25497
894,9,newspaper,12.7074
894,10,reported,8.73028
894,11,the,4.63863
894,12,mayor,12.6435
894,13,said,13.7085
894,14,the,4.51729
894,15,young,11.496
894,16,woman,6.12623
894,17,bought,14.3413
894,18,for,6.73321
894,19,her,4.81505
894,20,parents,9.52157
894,21,.,4.55969
894,22,</s>,26.2368
895,0,the,2.46696
895,1,neighbors,17.2131
895,2,found,12.6195
895,3,out,6.16715
895,4,what,5.67573
895,5,her,8.80305
895,6,mother,7.49694
895,7,heard,11.723
895,8,the,4.25497
895,9,newspaper,12.7074
895,10,reported,8.73028
895,11,the,4.63863
895,12,mayor,12.6435
895,13,said,13.7085
895,14,the,4.51729
895,15,young,11.496
895,16,woman,6.12623
895,17,bought,14.3413
895,18,a,3.96526
895,19,gift,12.3066
895,20,for,3.62357
895,21,her,5.9797
895,22,parents,9.52157
895,23,.,4.55969
895,24,</s>,26.2368
896,0,the,2.46696
896,1,neighbors,17.2131
896,2,found,12.6195
896,3,out,6.16715
896,4,that,2.20105
896,5,her,5.09637
896,6,mother,4.42331
896,7,heard,12.2145
896,8,the,4.25497
896,9,newspaper,12.7074
896,10,reported,8.73028
896,11,the,4.63863
896,12,mayor,12.6435
896,13,said,13.7085
896,14,his,6.83762
896,15,assistant,11.447
896,16,saw,13.3857
896,17,the,2.9593
896,18,young,11.7593
896,19,woman,6.12623
896,20,bought,14.3413
896,21,for,6.73321
896,22,her,4.81505
896,23,parents,9.52157
896,24,.,4.55969
896,25,</s>,26.2368
897,0,the,2.46696
897,1,neighbors,17.2131
897,2,found,12.6195
897,3,out,6.16715
897,4,that,2.20105
897,5,her,5.09637
897,6,mother,4.42331
897,7,heard,12.2145
897,8,the,4.25497
897,9,newspaper,12.7074
897,10,reported,8.73028
897,11,the,4.63863
897,12,mayor,12.6435
897,13,said,13.7085
897,14,his,6.83762
897,15,assistant,11.447
897,16,saw,13.3857
897,17,the,2.9593
897,18,young,11.7593
897,19,woman,6.12623
897,20,bought,14.3413
897,21,a,3.96526
897,22,gift,12.3066
897,23,for,3.62357
897,24,her,5.9797
897,25,parents,9.52157
897,26,.,4.55969
897,27,</s>,26.2368
898,0,the,2.46696
898,1,neighbors,17.2131
898,2,found,12.6195
898,3,out,6.16715
898,4,what,5.67573
898,5,her,8.80305
898,6,mother,7.49694
898,7,heard,11.723
898,8,the,4.25497
898,9,newspaper,12.7074
898,10,reported,8.73028
898,11,the,4.63863
898,12,mayor,12.6435
898,13,said,13.7085
898,14,his,6.83762
898,15,assistant,11.447
898,16,saw,13.3857
898,17,the,2.9593
898,18,young,11.7593
898,19,woman,6.12623
898,20,bought,14.3413
898,21,for,6.73321
898,22,her,4.81505
898,23,parents,9.52157
898,24,.,4.55969
898,25,</s>,26.2368
899,0,the,2.46696
899,1,neighbors,17.2131
899,2,found,12.6195
899,3,out,6.16715
899,4,what,5.67573
899,5,her,8.80305
899,6,mother,7.49694
899,7,heard,11.723
899,8,the,4.25497
899,9,newspaper,12.7074
899,10,reported,8.73028
899,11,the,4.63863
899,12,mayor,12.6435
899,13,said,13.7085
899,14,his,6.83762
899,15,assistant,11.447
899,16,saw,13.3857
899,17,the,2.9593
899,18,young,11.7593
899,19,woman,6.12623
899,20,bought,14.3413
899,21,a,3.96526
899,22,gift,12.3066
899,23,for,3.62357
899,24,her,5.9797
899,25,parents,9.52157
899,26,.,4.55969
899,27,</s>,26.2368
900,0,he,4.43708
900,1,knows,11.9494
900,2,that,2.7177
900,3,the,3.64053
900,4,police,9.69857
900,5,interrogated,15.3564
900,6,in,5.31276
900,7,the,2.20198
900,8,basement,10.6096
900,9,.,2.56081
900,10,</s>,27.1167
901,0,he,4.43708
901,1,knows,11.9494
901,2,that,2.7177
901,3,the,3.64053
901,4,police,9.69857
901,5,interrogated,15.3564
901,6,the,5.31276
901,7,suspect,13.7496
901,8,in,5.09498
901,9,the,2.21188
901,10,basement,10.8945
901,11,.,2.56081
901,12,</s>,27.1167
902,0,he,4.43708
902,1,knows,11.9494
902,2,who,8.10265
902,3,the,3.8854
902,4,police,11.3625
902,5,interrogated,14.699
902,6,in,5.31276
902,7,the,2.20198
902,8,basement,10.6096
902,9,.,2.56081
902,10,</s>,27.1167
903,0,he,4.43708
903,1,knows,11.9494
903,2,who,8.10265
903,3,the,3.8854
903,4,police,11.3625
903,5,interrogated,14.699
903,6,the,5.31276
903,7,suspect,13.7496
903,8,in,5.09498
903,9,the,2.21188
903,10,basement,10.8945
903,11,.,2.56081
903,12,</s>,27.1167
904,0,he,4.43708
904,1,knows,11.9494
904,2,that,2.7177
904,3,the,3.64053
904,4,inspector,15.7446
904,5,believed,13.9192
904,6,the,3.87627
904,7,police,11.245
904,8,interrogated,14.699
904,9,in,5.31276
904,10,the,2.20198
904,11,basement,10.6096
904,12,.,2.56081
904,13,</s>,27.1167
905,0,he,4.43708
905,1,knows,11.9494
905,2,that,2.7177
905,3,the,3.64053
905,4,inspector,15.7446
905,5,believed,13.9192
905,6,the,3.87627
905,7,police,11.245
905,8,interrogated,14.699
905,9,the,5.31276
905,10,suspect,13.7496
905,11,in,5.09498
905,12,the,2.21188
905,13,basement,10.8945
905,14,.,2.56081
905,15,</s>,27.1167
906,0,he,4.43708
906,1,knows,11.9494
906,2,who,8.10265
906,3,the,3.8854
906,4,inspector,15.2768
906,5,believed,13.9192
906,6,the,3.87627
906,7,police,11.245
906,8,interrogated,14.699
906,9,in,5.31276
906,10,the,2.20198
906,11,basement,10.6096
906,12,.,2.56081
906,13,</s>,27.1167
907,0,he,4.43708
907,1,knows,11.9494
907,2,who,8.10265
907,3,the,3.8854
907,4,inspector,15.2768
907,5,believed,13.9192
907,6,the,3.87627
907,7,police,11.245
907,8,interrogated,14.699
907,9,the,5.31276
907,10,suspect,13.7496
907,11,in,5.09498
907,12,the,2.21188
907,13,basement,10.8945
907,14,.,2.56081
907,15,</s>,27.1167
908,0,he,4.43708
908,1,knows,11.9494
908,2,that,2.7177
908,3,the,3.64053
908,4,inspector,15.7446
908,5,believed,13.9192
908,6,the,3.87627
908,7,man,11.3386
908,8,reported,12.4041
908,9,the,4.76018
908,10,police,11.4976
908,11,interrogated,14.699
908,12,in,5.31276
908,13,the,2.20198
908,14,basement,10.6096
908,15,.,2.56081
908,16,</s>,27.1167
909,0,he,4.43708
909,1,knows,11.9494
909,2,that,2.7177
909,3,the,3.64053
909,4,inspector,15.7446
909,5,believed,13.9192
909,6,the,3.87627
909,7,man,11.3386
909,8,reported,12.4041
909,9,the,4.76018
909,10,police,11.4976
909,11,interrogated,14.699
909,12,the,5.31276
909,13,suspect,13.7496
909,14,in,5.09498
909,15,the,2.21188
909,16,basement,10.8945
909,17,.,2.56081
909,18,</s>,27.1167
910,0,he,4.43708
910,1,knows,11.9494
910,2,who,8.10265
910,3,the,3.8854
910,4,inspector,15.2768
910,5,believed,13.9192
910,6,the,3.87627
910,7,man,11.3386
910,8,reported,12.4041
910,9,the,4.76018
910,10,police,11.4976
910,11,interrogated,14.699
910,12,in,5.31276
910,13,the,2.20198
910,14,basement,10.6096
910,15,.,2.56081
910,16,</s>,27.1167
911,0,he,4.43708
911,1,knows,11.9494
911,2,who,8.10265
911,3,the,3.8854
911,4,inspector,15.2768
911,5,believed,13.9192
911,6,the,3.87627
911,7,man,11.3386
911,8,reported,12.4041
911,9,the,4.76018
911,10,police,11.4976
911,11,interrogated,14.699
911,12,the,5.31276
911,13,suspect,13.7496
911,14,in,5.09498
911,15,the,2.21188
911,16,basement,10.8945
911,17,.,2.56081
911,18,</s>,27.1167
912,0,he,4.43708
912,1,knows,11.9494
912,2,that,2.7177
912,3,the,3.64053
912,4,inspector,15.7446
912,5,believed,13.9192
912,6,the,3.87627
912,7,man,11.3386
912,8,reported,12.4041
912,9,he,8.37548
912,10,knew,9.68635
912,11,the,5.05217
912,12,police,11.2271
912,13,interrogated,14.699
912,14,in,5.31276
912,15,the,2.20198
912,16,basement,10.6096
912,17,.,2.56081
912,18,</s>,27.1167
913,0,he,4.43708
913,1,knows,11.9494
913,2,that,2.7177
913,3,the,3.64053
913,4,inspector,15.7446
913,5,believed,13.9192
913,6,the,3.87627
913,7,man,11.3386
913,8,reported,12.4041
913,9,he,8.37548
913,10,knew,9.68635
913,11,the,5.05217
913,12,police,11.2271
913,13,interrogated,14.699
913,14,the,5.31276
913,15,suspect,13.7496
913,16,in,5.09498
913,17,the,2.21188
913,18,basement,10.8945
913,19,.,2.56081
913,20,</s>,27.1167
914,0,he,4.43708
914,1,knows,11.9494
914,2,who,8.10265
914,3,the,3.8854
914,4,inspector,15.2768
914,5,believed,13.9192
914,6,the,3.87627
914,7,man,11.3386
914,8,reported,12.4041
914,9,he,8.37548
914,10,knew,9.68635
914,11,the,5.05217
914,12,police,11.2271
914,13,interrogated,14.699
914,14,in,5.31276
914,15,the,2.20198
914,16,basement,10.6096
914,17,.,2.56081
914,18,</s>,27.1167
915,0,he,4.43708
915,1,knows,11.9494
915,2,who,8.10265
915,3,the,3.8854
915,4,inspector,15.2768
915,5,believed,13.9192
915,6,the,3.87627
915,7,man,11.3386
915,8,reported,12.4041
915,9,he,8.37548
915,10,knew,9.68635
915,11,the,5.05217
915,12,police,11.2271
915,13,interrogated,14.699
915,14,the,5.31276
915,15,suspect,13.7496
915,16,in,5.09498
915,17,the,2.21188
915,18,basement,10.8945
915,19,.,2.56081
915,20,</s>,27.1167
916,0,he,4.43708
916,1,knows,11.9494
916,2,that,2.7177
916,3,the,3.64053
916,4,inspector,15.7446
916,5,believed,13.9192
916,6,the,3.87627
916,7,man,11.3386
916,8,reported,12.4041
916,9,he,8.37548
916,10,knew,9.68635
916,11,he,4.37258
916,12,noticed,13.1757
916,13,the,3.89328
916,14,police,11.1571
916,15,interrogated,14.699
916,16,in,5.31276
916,17,the,2.20198
916,18,basement,10.6096
916,19,.,2.56081
916,20,</s>,27.1167
917,0,he,4.43708
917,1,knows,11.9494
917,2,that,2.7177
917,3,the,3.64053
917,4,inspector,15.7446
917,5,believed,13.9192
917,6,the,3.87627
917,7,man,11.3386
917,8,reported,12.4041
917,9,he,8.37548
917,10,knew,9.68635
917,11,he,4.37258
917,12,noticed,13.1757
917,13,the,3.89328
917,14,police,11.1571
917,15,interrogated,14.699
917,16,the,5.31276
917,17,suspect,13.7496
917,18,in,5.09498
917,19,the,2.21188
917,20,basement,10.8945
917,21,.,2.56081
917,22,</s>,27.1167
918,0,he,4.43708
918,1,knows,11.9494
918,2,who,8.10265
918,3,the,3.8854
918,4,inspector,15.2768
918,5,believed,13.9192
918,6,the,3.87627
918,7,man,11.3386
918,8,reported,12.4041
918,9,he,8.37548
918,10,knew,9.68635
918,11,he,4.37258
918,12,noticed,13.1757
918,13,the,3.89328
918,14,police,11.1571
918,15,interrogated,14.699
918,16,in,5.31276
918,17,the,2.20198
918,18,basement,10.6096
918,19,.,2.56081
918,20,</s>,27.1167
919,0,he,4.43708
919,1,knows,11.9494
919,2,who,8.10265
919,3,the,3.8854
919,4,inspector,15.2768
919,5,believed,13.9192
919,6,the,3.87627
919,7,man,11.3386
919,8,reported,12.4041
919,9,he,8.37548
919,10,knew,9.68635
919,11,he,4.37258
919,12,noticed,13.1757
919,13,the,3.89328
919,14,police,11.1571
919,15,interrogated,14.699
919,16,the,5.31276
919,17,suspect,13.7496
919,18,in,5.09498
919,19,the,2.21188
919,20,basement,10.8945
919,21,.,2.56081
919,22,</s>,27.1167
920,0,she,6.52858
920,1,knows,11.9031
920,2,that,2.62183
920,3,the,3.70626
920,4,soldier,13.6489
920,5,thanked,17.6509
920,6,in,5.26432
920,7,the,1.18764
920,8,mess,14.9478
920,9,hall,3.65777
920,10,.,2.9225
920,11,</s>,23.6519
921,0,she,6.52858
921,1,knows,11.9031
921,2,that,2.62183
921,3,the,3.70626
921,4,soldier,13.6489
921,5,thanked,17.6509
921,6,the,3.15393
921,7,cook,14.2847
921,8,in,5.84722
921,9,the,3.09077
921,10,mess,14.9478
921,11,hall,3.65777
921,12,.,2.9225
921,13,</s>,23.6519
922,0,she,6.52858
922,1,knows,11.9031
922,2,who,6.14725
922,3,the,3.6838
922,4,soldier,14.2678
922,5,thanked,17.6509
922,6,in,5.26432
922,7,the,1.18764
922,8,mess,14.9478
922,9,hall,3.65777
922,10,.,2.9225
922,11,</s>,23.6519
923,0,she,6.52858
923,1,knows,11.9031
923,2,who,6.14725
923,3,the,3.6838
923,4,soldier,14.2678
923,5,thanked,17.6509
923,6,the,3.15393
923,7,cook,14.2847
923,8,in,5.84722
923,9,the,3.09077
923,10,mess,14.9478
923,11,hall,3.65777
923,12,.,2.9225
923,13,</s>,23.6519
924,0,she,6.52858
924,1,knows,11.9031
924,2,that,2.62183
924,3,the,3.70626
924,4,captain,11.4942
924,5,said,12.809
924,6,the,4.51729
924,7,soldier,14.4504
924,8,thanked,17.6509
924,9,in,5.26432
924,10,the,1.18764
924,11,mess,14.9478
924,12,hall,3.65777
924,13,.,2.9225
924,14,</s>,23.6519
925,0,she,6.52858
925,1,knows,11.9031
925,2,that,2.62183
925,3,the,3.70626
925,4,captain,11.4942
925,5,said,12.809
925,6,the,4.51729
925,7,soldier,14.4504
925,8,thanked,17.6509
925,9,the,3.15393
925,10,cook,14.2847
925,11,in,5.84722
925,12,the,3.09077
925,13,mess,14.9478
925,14,hall,3.65777
925,15,.,2.9225
925,16,</s>,23.6519
926,0,she,6.52858
926,1,knows,11.9031
926,2,who,6.14725
926,3,the,3.6838
926,4,captain,12.7732
926,5,said,12.6937
926,6,the,4.51729
926,7,soldier,14.4504
926,8,thanked,17.6509
926,9,in,5.26432
926,10,the,1.18764
926,11,mess,14.9478
926,12,hall,3.65777
926,13,.,2.9225
926,14,</s>,23.6519
927,0,she,6.52858
927,1,knows,11.9031
927,2,who,6.14725
927,3,the,3.6838
927,4,captain,12.7732
927,5,said,12.6937
927,6,the,4.51729
927,7,soldier,14.4504
927,8,thanked,17.6509
927,9,the,3.15393
927,10,cook,14.2847
927,11,in,5.84722
927,12,the,3.09077
927,13,mess,14.9478
927,14,hall,3.65777
927,15,.,2.9225
927,16,</s>,23.6519
928,0,she,6.52858
928,1,knows,11.9031
928,2,that,2.62183
928,3,the,3.70626
928,4,captain,11.4942
928,5,said,12.809
928,6,the,4.51729
928,7,pilot,12.4321
928,8,thought,14.1576
928,9,the,4.36895
928,10,soldier,14.3035
928,11,thanked,17.6509
928,12,in,5.26432
928,13,the,1.18764
928,14,mess,14.9478
928,15,hall,3.65777
928,16,.,2.9225
928,17,</s>,23.6519
929,0,she,6.52858
929,1,knows,11.9031
929,2,that,2.62183
929,3,the,3.70626
929,4,captain,11.4942
929,5,said,12.809
929,6,the,4.51729
929,7,pilot,12.4321
929,8,thought,14.1576
929,9,the,4.36895
929,10,soldier,14.3035
929,11,thanked,17.6509
929,12,the,3.15393
929,13,cook,14.2847
929,14,in,5.84722
929,15,the,3.09077
929,16,mess,14.9478
929,17,hall,3.65777
929,18,.,2.9225
929,19,</s>,23.6519
930,0,she,6.52858
930,1,knows,11.9031
930,2,who,6.14725
930,3,the,3.6838
930,4,captain,12.7732
930,5,said,12.6937
930,6,the,4.51729
930,7,pilot,12.4321
930,8,thought,14.1576
930,9,the,4.36895
930,10,soldier,14.3035
930,11,thanked,17.6509
930,12,in,5.26432
930,13,the,1.18764
930,14,mess,14.9478
930,15,hall,3.65777
930,16,.,2.9225
930,17,</s>,23.6519
931,0,she,6.52858
931,1,knows,11.9031
931,2,who,6.14725
931,3,the,3.6838
931,4,captain,12.7732
931,5,said,12.6937
931,6,the,4.51729
931,7,pilot,12.4321
931,8,thought,14.1576
931,9,the,4.36895
931,10,soldier,14.3035
931,11,thanked,17.6509
931,12,the,3.15393
931,13,cook,14.2847
931,14,in,5.84722
931,15,the,3.09077
931,16,mess,14.9478
931,17,hall,3.65777
931,18,.,2.9225
931,19,</s>,23.6519
932,0,she,6.52858
932,1,knows,11.9031
932,2,that,2.62183
932,3,the,3.70626
932,4,captain,11.4942
932,5,said,12.809
932,6,the,4.51729
932,7,pilot,12.4321
932,8,thought,14.1576
932,9,he,5.15677
932,10,knew,10.6589
932,11,the,5.05217
932,12,soldier,14.1324
932,13,thanked,17.6509
932,14,in,5.26432
932,15,the,1.18764
932,16,mess,14.9478
932,17,hall,3.65777
932,18,.,2.9225
932,19,</s>,23.6519
933,0,she,6.52858
933,1,knows,11.9031
933,2,that,2.62183
933,3,the,3.70626
933,4,captain,11.4942
933,5,said,12.809
933,6,the,4.51729
933,7,pilot,12.4321
933,8,thought,14.1576
933,9,he,5.15677
933,10,knew,10.6589
933,11,the,5.05217
933,12,soldier,14.1324
933,13,thanked,17.6509
933,14,the,3.15393
933,15,cook,14.2847
933,16,in,5.84722
933,17,the,3.09077
933,18,mess,14.9478
933,19,hall,3.65777
933,20,.,2.9225
933,21,</s>,23.6519
934,0,she,6.52858
934,1,knows,11.9031
934,2,who,6.14725
934,3,the,3.6838
934,4,captain,12.7732
934,5,said,12.6937
934,6,the,4.51729
934,7,pilot,12.4321
934,8,thought,14.1576
934,9,he,5.15677
934,10,knew,10.6589
934,11,the,5.05217
934,12,soldier,14.1324
934,13,thanked,17.6509
934,14,in,5.26432
934,15,the,1.18764
934,16,mess,14.9478
934,17,hall,3.65777
934,18,.,2.9225
934,19,</s>,23.6519
935,0,she,6.52858
935,1,knows,11.9031
935,2,who,6.14725
935,3,the,3.6838
935,4,captain,12.7732
935,5,said,12.6937
935,6,the,4.51729
935,7,pilot,12.4321
935,8,thought,14.1576
935,9,he,5.15677
935,10,knew,10.6589
935,11,the,5.05217
935,12,soldier,14.1324
935,13,thanked,17.6509
935,14,the,3.15393
935,15,cook,14.2847
935,16,in,5.84722
935,17,the,3.09077
935,18,mess,14.9478
935,19,hall,3.65777
935,20,.,2.9225
935,21,</s>,23.6519
936,0,she,6.52858
936,1,knows,11.9031
936,2,that,2.62183
936,3,the,3.70626
936,4,captain,11.4942
936,5,said,12.809
936,6,the,4.51729
936,7,pilot,12.4321
936,8,thought,14.1576
936,9,he,5.15677
936,10,knew,10.6589
936,11,the,5.05217
936,12,man,11.3207
936,13,saw,14.8402
936,14,the,2.9593
936,15,soldier,14.7138
936,16,thanked,17.6509
936,17,in,5.26432
936,18,the,1.18764
936,19,mess,14.9478
936,20,hall,3.65777
936,21,.,2.9225
936,22,</s>,23.6519
937,0,she,6.52858
937,1,knows,11.9031
937,2,that,2.62183
937,3,the,3.70626
937,4,captain,11.4942
937,5,said,12.809
937,6,the,4.51729
937,7,pilot,12.4321
937,8,thought,14.1576
937,9,he,5.15677
937,10,knew,10.6589
937,11,the,5.05217
937,12,man,11.3207
937,13,saw,14.8402
937,14,the,2.9593
937,15,soldier,14.7138
937,16,thanked,17.6509
937,17,the,3.15393
937,18,cook,14.2847
937,19,in,5.84722
937,20,the,3.09077
937,21,mess,14.9478
937,22,hall,3.65777
937,23,.,2.9225
937,24,</s>,23.6519
938,0,she,6.52858
938,1,knows,11.9031
938,2,who,6.14725
938,3,the,3.6838
938,4,captain,12.7732
938,5,said,12.6937
938,6,the,4.51729
938,7,pilot,12.4321
938,8,thought,14.1576
938,9,he,5.15677
938,10,knew,10.6589
938,11,the,5.05217
938,12,man,11.3207
938,13,saw,14.8402
938,14,the,2.9593
938,15,soldier,14.7138
938,16,thanked,17.6509
938,17,in,5.26432
938,18,the,1.18764
938,19,mess,14.9478
938,20,hall,3.65777
938,21,.,2.9225
938,22,</s>,23.6519
939,0,she,6.52858
939,1,knows,11.9031
939,2,who,6.14725
939,3,the,3.6838
939,4,captain,12.7732
939,5,said,12.6937
939,6,the,4.51729
939,7,pilot,12.4321
939,8,thought,14.1576
939,9,he,5.15677
939,10,knew,10.6589
939,11,the,5.05217
939,12,man,11.3207
939,13,saw,14.8402
939,14,the,2.9593
939,15,soldier,14.7138
939,16,thanked,17.6509
939,17,the,3.15393
939,18,cook,14.2847
939,19,in,5.84722
939,20,the,3.09077
939,21,mess,14.9478
939,22,hall,3.65777
939,23,.,2.9225
939,24,</s>,23.6519
940,0,they,6.37172
940,1,know,11.9019
940,2,that,3.79528
940,3,the,2.53449
940,4,lawyer,16.0779
940,5,reassured,18.8132
940,6,last,14.4913
940,7,night,6.976
940,8,.,2.66267
940,9,</s>,25.4592
941,0,they,6.37172
941,1,know,11.9019
941,2,that,3.79528
941,3,the,2.53449
941,4,lawyer,16.0779
941,5,reassured,18.8132
941,6,his,6.06494
941,7,client,11.264
941,8,last,14.9792
941,9,night,6.976
941,10,.,2.66267
941,11,</s>,25.4592
942,0,they,6.37172
942,1,know,11.9019
942,2,who,7.38908
942,3,the,5.01207
942,4,lawyer,15.0261
942,5,reassured,18.8132
942,6,last,14.4913
942,7,night,6.976
942,8,.,2.66267
942,9,</s>,25.4592
943,0,they,6.37172
943,1,know,11.9019
943,2,who,7.38908
943,3,the,5.01207
943,4,lawyer,15.0261
943,5,reassured,18.8132
943,6,his,6.06494
943,7,client,11.264
943,8,last,14.9792
943,9,night,6.976
943,10,.,2.66267
943,11,</s>,25.4592
944,0,they,6.37172
944,1,know,11.9019
944,2,that,3.79528
944,3,the,2.53449
944,4,man,9.65412
944,5,said,10.1162
944,6,the,4.64906
944,7,lawyer,15.1245
944,8,reassured,18.8132
944,9,last,14.4913
944,10,night,6.976
944,11,.,2.66267
944,12,</s>,25.4592
945,0,they,6.37172
945,1,know,11.9019
945,2,that,3.79528
945,3,the,2.53449
945,4,man,9.65412
945,5,said,10.1162
945,6,the,4.64906
945,7,lawyer,15.1245
945,8,reassured,18.8132
945,9,his,6.06494
945,10,client,11.264
945,11,last,14.9792
945,12,night,6.976
945,13,.,2.66267
945,14,</s>,25.4592
946,0,they,6.37172
946,1,know,11.9019
946,2,who,7.38908
946,3,the,5.01207
946,4,man,6.97564
946,5,said,10.0278
946,6,the,4.64906
946,7,lawyer,15.1245
946,8,reassured,18.8132
946,9,last,14.4913
946,10,night,6.976
946,11,.,2.66267
946,12,</s>,25.4592
947,0,they,6.37172
947,1,know,11.9019
947,2,who,7.38908
947,3,the,5.01207
947,4,man,6.97564
947,5,said,10.0278
947,6,the,4.64906
947,7,lawyer,15.1245
947,8,reassured,18.8132
947,9,his,6.06494
947,10,client,11.264
947,11,last,14.9792
947,12,night,6.976
947,13,.,2.66267
947,14,</s>,25.4592
948,0,they,6.37172
948,1,know,11.9019
948,2,that,3.79528
948,3,the,2.53449
948,4,man,9.65412
948,5,said,10.1162
948,6,the,4.64906
948,7,neighbors,16.03
948,8,thought,13.7965
948,9,the,4.36895
948,10,lawyer,14.9776
948,11,reassured,18.8132
948,12,last,14.4913
948,13,night,6.976
948,14,.,2.66267
948,15,</s>,25.4592
949,0,they,6.37172
949,1,know,11.9019
949,2,that,3.79528
949,3,the,2.53449
949,4,man,9.65412
949,5,said,10.1162
949,6,the,4.64906
949,7,neighbors,16.03
949,8,thought,13.7965
949,9,the,4.36895
949,10,lawyer,14.9776
949,11,reassured,18.8132
949,12,his,6.06494
949,13,client,11.264
949,14,last,14.9792
949,15,night,6.976
949,16,.,2.66267
949,17,</s>,25.4592
950,0,they,6.37172
950,1,know,11.9019
950,2,who,7.38908
950,3,the,5.01207
950,4,man,6.97564
950,5,said,10.0278
950,6,the,4.64906
950,7,neighbors,16.03
950,8,thought,13.7965
950,9,the,4.36895
950,10,lawyer,14.9776
950,11,reassured,18.8132
950,12,last,14.4913
950,13,night,6.976
950,14,.,2.66267
950,15,</s>,25.4592
951,0,they,6.37172
951,1,know,11.9019
951,2,who,7.38908
951,3,the,5.01207
951,4,man,6.97564
951,5,said,10.0278
951,6,the,4.64906
951,7,neighbors,16.03
951,8,thought,13.7965
951,9,the,4.36895
951,10,lawyer,14.9776
951,11,reassured,18.8132
951,12,his,6.06494
951,13,client,11.264
951,14,last,14.9792
951,15,night,6.976
951,16,.,2.66267
951,17,</s>,25.4592
952,0,they,6.37172
952,1,know,11.9019
952,2,that,3.79528
952,3,the,2.53449
952,4,man,9.65412
952,5,said,10.1162
952,6,the,4.64906
952,7,neighbors,16.03
952,8,thought,13.7965
952,9,they,5.96809
952,10,knew,6.78694
952,11,the,4.155
952,12,lawyer,14.8278
952,13,reassured,18.8132
952,14,last,14.4913
952,15,night,6.976
952,16,.,2.66267
952,17,</s>,25.4592
953,0,they,6.37172
953,1,know,11.9019
953,2,that,3.79528
953,3,the,2.53449
953,4,man,9.65412
953,5,said,10.1162
953,6,the,4.64906
953,7,neighbors,16.03
953,8,thought,13.7965
953,9,they,5.96809
953,10,knew,6.78694
953,11,the,4.155
953,12,lawyer,14.8278
953,13,reassured,18.8132
953,14,his,6.06494
953,15,client,11.264
953,16,last,14.9792
953,17,night,6.976
953,18,.,2.66267
953,19,</s>,25.4592
954,0,they,6.37172
954,1,know,11.9019
954,2,who,7.38908
954,3,the,5.01207
954,4,man,6.97564
954,5,said,10.0278
954,6,the,4.64906
954,7,neighbors,16.03
954,8,thought,13.7965
954,9,they,5.96809
954,10,knew,6.78694
954,11,the,4.155
954,12,lawyer,14.8278
954,13,reassured,18.8132
954,14,last,14.4913
954,15,night,6.976
954,16,.,2.66267
954,17,</s>,25.4592
955,0,they,6.37172
955,1,know,11.9019
955,2,who,7.38908
955,3,the,5.01207
955,4,man,6.97564
955,5,said,10.0278
955,6,the,4.64906
955,7,neighbors,16.03
955,8,thought,13.7965
955,9,they,5.96809
955,10,knew,6.78694
955,11,the,4.155
955,12,lawyer,14.8278
955,13,reassured,18.8132
955,14,his,6.06494
955,15,client,11.264
955,16,last,14.9792
955,17,night,6.976
955,18,.,2.66267
955,19,</s>,25.4592
956,0,they,6.37172
956,1,know,11.9019
956,2,that,3.79528
956,3,the,2.53449
956,4,man,9.65412
956,5,said,10.1162
956,6,the,4.64906
956,7,neighbors,16.03
956,8,thought,13.7965
956,9,they,5.96809
956,10,knew,6.78694
956,11,the,4.155
956,12,woman,12.2622
956,13,noticed,16.4121
956,14,the,3.60056
956,15,lawyer,14.7365
956,16,reassured,18.8132
956,17,last,14.4913
956,18,night,6.976
956,19,.,2.66267
956,20,</s>,25.4592
957,0,they,6.37172
957,1,know,11.9019
957,2,that,3.79528
957,3,the,2.53449
957,4,man,9.65412
957,5,said,10.1162
957,6,the,4.64906
957,7,neighbors,16.03
957,8,thought,13.7965
957,9,they,5.96809
957,10,knew,6.78694
957,11,the,4.155
957,12,woman,12.2622
957,13,noticed,16.4121
957,14,the,3.60056
957,15,lawyer,14.7365
957,16,reassured,18.8132
957,17,his,6.06494
957,18,client,11.264
957,19,last,14.9792
957,20,night,6.976
957,21,.,2.66267
957,22,</s>,25.4592
958,0,they,6.37172
958,1,know,11.9019
958,2,who,7.38908
958,3,the,5.01207
958,4,man,6.97564
958,5,said,10.0278
958,6,the,4.64906
958,7,neighbors,16.03
958,8,thought,13.7965
958,9,they,5.96809
958,10,knew,6.78694
958,11,the,4.155
958,12,woman,12.2622
958,13,noticed,16.4121
958,14,the,3.60056
958,15,lawyer,14.7365
958,16,reassured,18.8132
958,17,last,14.4913
958,18,night,6.976
958,19,.,2.66267
958,20,</s>,25.4592
959,0,they,6.37172
959,1,know,11.9019
959,2,who,7.38908
959,3,the,5.01207
959,4,man,6.97564
959,5,said,10.0278
959,6,the,4.64906
959,7,neighbors,16.03
959,8,thought,13.7965
959,9,they,5.96809
959,10,knew,6.78694
959,11,the,4.155
959,12,woman,12.2622
959,13,noticed,16.4121
959,14,the,3.60056
959,15,lawyer,14.7365
959,16,reassured,18.8132
959,17,his,6.06494
959,18,client,11.264
959,19,last,14.9792
959,20,night,6.976
959,21,.,2.66267
959,22,</s>,25.4592
960,0,he,4.43708
960,1,reported,10.9023
960,2,that,1.2922
960,3,the,2.05663
960,4,pirate,15.2432
960,5,abandoned,14.8455
960,6,on,6.93193
960,7,the,1.97443
960,8,sinking,15.4511
960,9,ship,2.33585
960,10,.,2.92081
960,11,</s>,23.3093
961,0,he,4.43708
961,1,reported,10.9023
961,2,that,1.2922
961,3,the,2.05663
961,4,pirate,15.2432
961,5,abandoned,14.8455
961,6,his,5.07946
961,7,comrades,12.5726
961,8,on,6.26604
961,9,the,3.74276
961,10,sinking,15.2936
961,11,ship,2.33585
961,12,.,2.92081
961,13,</s>,23.3093
962,0,he,4.43708
962,1,reported,10.9023
962,2,who,12.6639
962,3,the,8.96323
962,4,pirate,14.6702
962,5,abandoned,14.8455
962,6,on,6.93193
962,7,the,1.97443
962,8,sinking,15.4511
962,9,ship,2.33585
962,10,.,2.92081
962,11,</s>,23.3093
963,0,he,4.43708
963,1,reported,10.9023
963,2,who,12.6639
963,3,the,8.96323
963,4,pirate,14.6702
963,5,abandoned,14.8455
963,6,his,5.07946
963,7,comrades,12.5726
963,8,on,6.26604
963,9,the,3.74276
963,10,sinking,15.2936
963,11,ship,2.33585
963,12,.,2.92081
963,13,</s>,23.3093
964,0,he,4.43708
964,1,reported,10.9023
964,2,that,1.2922
964,3,the,2.05663
964,4,sailor,16.1682
964,5,believed,13.806
964,6,the,3.87627
964,7,pirate,14.5528
964,8,abandoned,14.8455
964,9,on,6.93193
964,10,the,1.97443
964,11,sinking,15.4511
964,12,ship,2.33585
964,13,.,2.92081
964,14,</s>,23.3093
965,0,he,4.43708
965,1,reported,10.9023
965,2,that,1.2922
965,3,the,2.05663
965,4,sailor,16.1682
965,5,believed,13.806
965,6,the,3.87627
965,7,pirate,14.5528
965,8,abandoned,14.8455
965,9,his,5.07946
965,10,comrades,12.5726
965,11,on,6.26604
965,12,the,3.74276
965,13,sinking,15.2936
965,14,ship,2.33585
965,15,.,2.92081
965,16,</s>,23.3093
966,0,he,4.43708
966,1,reported,10.9023
966,2,who,12.6639
966,3,the,8.96323
966,4,sailor,14.905
966,5,believed,13.806
966,6,the,3.87627
966,7,pirate,14.5528
966,8,abandoned,14.8455
966,9,on,6.93193
966,10,the,1.97443
966,11,sinking,15.4511
966,12,ship,2.33585
966,13,.,2.92081
966,14,</s>,23.3093
967,0,he,4.43708
967,1,reported,10.9023
967,2,who,12.6639
967,3,the,8.96323
967,4,sailor,14.905
967,5,believed,13.806
967,6,the,3.87627
967,7,pirate,14.5528
967,8,abandoned,14.8455
967,9,his,5.07946
967,10,comrades,12.5726
967,11,on,6.26604
967,12,the,3.74276
967,13,sinking,15.2936
967,14,ship,2.33585
967,15,.,2.92081
967,16,</s>,23.3093
968,0,he,4.43708
968,1,reported,10.9023
968,2,that,1.2922
968,3,the,2.05663
968,4,sailor,16.1682
968,5,believed,13.806
968,6,the,3.87627
968,7,man,11.3386
968,8,believed,13.1847
968,9,the,3.87627
968,10,pirate,14.5528
968,11,abandoned,14.8455
968,12,on,6.93193
968,13,the,1.97443
968,14,sinking,15.4511
968,15,ship,2.33585
968,16,.,2.92081
968,17,</s>,23.3093
969,0,he,4.43708
969,1,reported,10.9023
969,2,that,1.2922
969,3,the,2.05663
969,4,sailor,16.1682
969,5,believed,13.806
969,6,the,3.87627
969,7,man,11.3386
969,8,believed,13.1847
969,9,the,3.87627
969,10,pirate,14.5528
969,11,abandoned,14.8455
969,12,his,5.07946
969,13,comrades,12.5726
969,14,on,6.26604
969,15,the,3.74276
969,16,sinking,15.2936
969,17,ship,2.33585
969,18,.,2.92081
969,19,</s>,23.3093
970,0,he,4.43708
970,1,reported,10.9023
970,2,who,12.6639
970,3,the,8.96323
970,4,sailor,14.905
970,5,believed,13.806
970,6,the,3.87627
970,7,man,11.3386
970,8,believed,13.1847
970,9,the,3.87627
970,10,pirate,14.5528
970,11,abandoned,14.8455
970,12,on,6.93193
970,13,the,1.97443
970,14,sinking,15.4511
970,15,ship,2.33585
970,16,.,2.92081
970,17,</s>,23.3093
971,0,he,4.43708
971,1,reported,10.9023
971,2,who,12.6639
971,3,the,8.96323
971,4,sailor,14.905
971,5,believed,13.806
971,6,the,3.87627
971,7,man,11.3386
971,8,believed,13.1847
971,9,the,3.87627
971,10,pirate,14.5528
971,11,abandoned,14.8455
971,12,his,5.07946
971,13,comrades,12.5726
971,14,on,6.26604
971,15,the,3.74276
971,16,sinking,15.2936
971,17,ship,2.33585
971,18,.,2.92081
971,19,</s>,23.3093
972,0,he,4.43708
972,1,reported,10.9023
972,2,that,1.2922
972,3,the,2.05663
972,4,sailor,16.1682
972,5,believed,13.806
972,6,the,3.87627
972,7,man,11.3386
972,8,believed,13.1847
972,9,he,5.20607
972,10,knew,10.6388
972,11,the,5.05217
972,12,pirate,14.5348
972,13,abandoned,14.8455
972,14,on,6.93193
972,15,the,1.97443
972,16,sinking,15.4511
972,17,ship,2.33585
972,18,.,2.92081
972,19,</s>,23.3093
973,0,he,4.43708
973,1,reported,10.9023
973,2,that,1.2922
973,3,the,2.05663
973,4,sailor,16.1682
973,5,believed,13.806
973,6,the,3.87627
973,7,man,11.3386
973,8,believed,13.1847
973,9,he,5.20607
973,10,knew,10.6388
973,11,the,5.05217
973,12,pirate,14.5348
973,13,abandoned,14.8455
973,14,his,5.07946
973,15,comrades,12.5726
973,16,on,6.26604
973,17,the,3.74276
973,18,sinking,15.2936
973,19,ship,2.33585
973,20,.,2.92081
973,21,</s>,23.3093
974,0,he,4.43708
974,1,reported,10.9023
974,2,who,12.6639
974,3,the,8.96323
974,4,sailor,14.905
974,5,believed,13.806
974,6,the,3.87627
974,7,man,11.3386
974,8,believed,13.1847
974,9,he,5.20607
974,10,knew,10.6388
974,11,the,5.05217
974,12,pirate,14.5348
974,13,abandoned,14.8455
974,14,on,6.93193
974,15,the,1.97443
974,16,sinking,15.4511
974,17,ship,2.33585
974,18,.,2.92081
974,19,</s>,23.3093
975,0,he,4.43708
975,1,reported,10.9023
975,2,who,12.6639
975,3,the,8.96323
975,4,sailor,14.905
975,5,believed,13.806
975,6,the,3.87627
975,7,man,11.3386
975,8,believed,13.1847
975,9,he,5.20607
975,10,knew,10.6388
975,11,the,5.05217
975,12,pirate,14.5348
975,13,abandoned,14.8455
975,14,his,5.07946
975,15,comrades,12.5726
975,16,on,6.26604
975,17,the,3.74276
975,18,sinking,15.2936
975,19,ship,2.33585
975,20,.,2.92081
975,21,</s>,23.3093
976,0,he,4.43708
976,1,reported,10.9023
976,2,that,1.2922
976,3,the,2.05663
976,4,sailor,16.1682
976,5,believed,13.806
976,6,the,3.87627
976,7,man,11.3386
976,8,believed,13.1847
976,9,he,5.20607
976,10,knew,10.6388
976,11,the,5.05217
976,12,man,11.3207
976,13,saw,14.8402
976,14,the,2.9593
976,15,pirate,15.1163
976,16,abandoned,14.8455
976,17,on,6.93193
976,18,the,1.97443
976,19,sinking,15.4511
976,20,ship,2.33585
976,21,.,2.92081
976,22,</s>,23.3093
977,0,he,4.43708
977,1,reported,10.9023
977,2,that,1.2922
977,3,the,2.05663
977,4,sailor,16.1682
977,5,believed,13.806
977,6,the,3.87627
977,7,man,11.3386
977,8,believed,13.1847
977,9,he,5.20607
977,10,knew,10.6388
977,11,the,5.05217
977,12,man,11.3207
977,13,saw,14.8402
977,14,the,2.9593
977,15,pirate,15.1163
977,16,abandoned,14.8455
977,17,his,5.07946
977,18,comrades,12.5726
977,19,on,6.26604
977,20,the,3.74276
977,21,sinking,15.2936
977,22,ship,2.33585
977,23,.,2.92081
977,24,</s>,23.3093
978,0,he,4.43708
978,1,reported,10.9023
978,2,who,12.6639
978,3,the,8.96323
978,4,sailor,14.905
978,5,believed,13.806
978,6,the,3.87627
978,7,man,11.3386
978,8,believed,13.1847
978,9,he,5.20607
978,10,knew,10.6388
978,11,the,5.05217
978,12,man,11.3207
978,13,saw,14.8402
978,14,the,2.9593
978,15,pirate,15.1163
978,16,abandoned,14.8455
978,17,on,6.93193
978,18,the,1.97443
978,19,sinking,15.4511
978,20,ship,2.33585
978,21,.,2.92081
978,22,</s>,23.3093
979,0,he,4.43708
979,1,reported,10.9023
979,2,who,12.6639
979,3,the,8.96323
979,4,sailor,14.905
979,5,believed,13.806
979,6,the,3.87627
979,7,man,11.3386
979,8,believed,13.1847
979,9,he,5.20607
979,10,knew,10.6388
979,11,the,5.05217
979,12,man,11.3207
979,13,saw,14.8402
979,14,the,2.9593
979,15,pirate,15.1163
979,16,abandoned,14.8455
979,17,his,5.07946
979,18,comrades,12.5726
979,19,on,6.26604
979,20,the,3.74276
979,21,sinking,15.2936
979,22,ship,2.33585
979,23,.,2.92081
979,24,</s>,23.3093
980,0,they,6.37172
980,1,reported,11.2987
980,2,that,1.06934
980,3,the,2.41116
980,4,boss,15.2577
980,5,promoted,15.0818
980,6,last,14.6774
980,7,quarter,11.486
980,8,.,3.80372
980,9,</s>,27.9657
981,0,they,6.37172
981,1,reported,11.2987
981,2,that,1.06934
981,3,the,2.41116
981,4,boss,15.2577
981,5,promoted,15.0818
981,6,the,3.37318
981,7,accountant,17.147
981,8,last,14.3545
981,9,quarter,11.486
981,10,.,3.80372
981,11,</s>,27.9657
982,0,they,6.37172
982,1,reported,11.2987
982,2,who,12.4486
982,3,the,8.96323
982,4,boss,14.2445
982,5,promoted,15.0818
982,6,last,14.6774
982,7,quarter,11.486
982,8,.,3.80372
982,9,</s>,27.9657
983,0,they,6.37172
983,1,reported,11.2987
983,2,who,12.4486
983,3,the,8.96323
983,4,boss,14.2445
983,5,promoted,15.0818
983,6,the,3.37318
983,7,accountant,17.147
983,8,last,14.3545
983,9,quarter,11.486
983,10,.,3.80372
983,11,</s>,27.9657
984,0,they,6.37172
984,1,reported,11.2987
984,2,that,1.06934
984,3,the,2.41116
984,4,man,9.74448
984,5,said,10.1162
984,6,the,4.64906
984,7,boss,14.4272
984,8,promoted,15.0818
984,9,last,14.6774
984,10,quarter,11.486
984,11,.,3.80372
984,12,</s>,27.9657
985,0,they,6.37172
985,1,reported,11.2987
985,2,that,1.06934
985,3,the,2.41116
985,4,man,9.74448
985,5,said,10.1162
985,6,the,4.64906
985,7,boss,14.4272
985,8,promoted,15.0818
985,9,the,3.37318
985,10,accountant,17.147
985,11,last,14.3545
985,12,quarter,11.486
985,13,.,3.80372
985,14,</s>,27.9657
986,0,they,6.37172
986,1,reported,11.2987
986,2,who,12.4486
986,3,the,8.96323
986,4,man,6.8914
986,5,said,10.0278
986,6,the,4.64906
986,7,boss,14.4272
986,8,promoted,15.0818
986,9,last,14.6774
986,10,quarter,11.486
986,11,.,3.80372
986,12,</s>,27.9657
987,0,they,6.37172
987,1,reported,11.2987
987,2,who,12.4486
987,3,the,8.96323
987,4,man,6.8914
987,5,said,10.0278
987,6,the,4.64906
987,7,boss,14.4272
987,8,promoted,15.0818
987,9,the,3.37318
987,10,accountant,17.147
987,11,last,14.3545
987,12,quarter,11.486
987,13,.,3.80372
987,14,</s>,27.9657
988,0,they,6.37172
988,1,reported,11.2987
988,2,that,1.06934
988,3,the,2.41116
988,4,man,9.74448
988,5,said,10.1162
988,6,the,4.64906
988,7,old,10.8476
988,8,woman,8.0687
988,9,told,11.9488
988,10,him,3.88907
988,11,the,4.84715
988,12,boss,14.5977
988,13,promoted,15.0818
988,14,last,14.6774
988,15,quarter,11.486
988,16,.,3.80372
988,17,</s>,27.9657
989,0,they,6.37172
989,1,reported,11.2987
989,2,that,1.06934
989,3,the,2.41116
989,4,man,9.74448
989,5,said,10.1162
989,6,the,4.64906
989,7,old,10.8476
989,8,woman,8.0687
989,9,told,11.9488
989,10,him,3.88907
989,11,the,4.84715
989,12,boss,14.5977
989,13,promoted,15.0818
989,14,the,3.37318
989,15,accountant,17.147
989,16,last,14.3545
989,17,quarter,11.486
989,18,.,3.80372
989,19,</s>,27.9657
990,0,they,6.37172
990,1,reported,11.2987
990,2,who,12.4486
990,3,the,8.96323
990,4,man,6.8914
990,5,said,10.0278
990,6,the,4.64906
990,7,old,10.8476
990,8,woman,8.0687
990,9,told,11.9488
990,10,him,3.88907
990,11,the,4.84715
990,12,boss,14.5977
990,13,promoted,15.0818
990,14,last,14.6774
990,15,quarter,11.486
990,16,.,3.80372
990,17,</s>,27.9657
991,0,they,6.37172
991,1,reported,11.2987
991,2,who,12.4486
991,3,the,8.96323
991,4,man,6.8914
991,5,said,10.0278
991,6,the,4.64906
991,7,old,10.8476
991,8,woman,8.0687
991,9,told,11.9488
991,10,him,3.88907
991,11,the,4.84715
991,12,boss,14.5977
991,13,promoted,15.0818
991,14,the,3.37318
991,15,accountant,17.147
991,16,last,14.3545
991,17,quarter,11.486
991,18,.,3.80372
991,19,</s>,27.9657
992,0,they,6.37172
992,1,reported,11.2987
992,2,that,1.06934
992,3,the,2.41116
992,4,man,9.74448
992,5,said,10.1162
992,6,the,4.64906
992,7,old,10.8476
992,8,woman,8.0687
992,9,told,11.9488
992,10,him,3.88907
992,11,she,6.08387
992,12,knew,10.1816
992,13,the,5.35757
992,14,boss,14.0672
992,15,promoted,15.0818
992,16,last,14.6774
992,17,quarter,11.486
992,18,.,3.80372
992,19,</s>,27.9657
993,0,they,6.37172
993,1,reported,11.2987
993,2,that,1.06934
993,3,the,2.41116
993,4,man,9.74448
993,5,said,10.1162
993,6,the,4.64906
993,7,old,10.8476
993,8,woman,8.0687
993,9,told,11.9488
993,10,him,3.88907
993,11,she,6.08387
993,12,knew,10.1816
993,13,the,5.35757
993,14,boss,14.0672
993,15,promoted,15.0818
993,16,the,3.37318
993,17,accountant,17.147
993,18,last,14.3545
993,19,quarter,11.486
993,20,.,3.80372
993,21,</s>,27.9657
994,0,they,6.37172
994,1,reported,11.2987
994,2,who,12.4486
994,3,the,8.96323
994,4,man,6.8914
994,5,said,10.0278
994,6,the,4.64906
994,7,old,10.8476
994,8,woman,8.0687
994,9,told,11.9488
994,10,him,3.88907
994,11,she,6.08387
994,12,knew,10.1816
994,13,the,5.35757
994,14,boss,14.0672
994,15,promoted,15.0818
994,16,last,14.6774
994,17,quarter,11.486
994,18,.,3.80372
994,19,</s>,27.9657
995,0,they,6.37172
995,1,reported,11.2987
995,2,who,12.4486
995,3,the,8.96323
995,4,man,6.8914
995,5,said,10.0278
995,6,the,4.64906
995,7,old,10.8476
995,8,woman,8.0687
995,9,told,11.9488
995,10,him,3.88907
995,11,she,6.08387
995,12,knew,10.1816
995,13,the,5.35757
995,14,boss,14.0672
995,15,promoted,15.0818
995,16,the,3.37318
995,17,accountant,17.147
995,18,last,14.3545
995,19,quarter,11.486
995,20,.,3.80372
995,21,</s>,27.9657
996,0,they,6.37172
996,1,reported,11.2987
996,2,that,1.06934
996,3,the,2.41116
996,4,man,9.74448
996,5,said,10.1162
996,6,the,4.64906
996,7,old,10.8476
996,8,woman,8.0687
996,9,told,11.9488
996,10,him,3.88907
996,11,she,6.08387
996,12,knew,10.1816
996,13,he,4.89328
996,14,noticed,13.2402
996,15,the,3.89328
996,16,boss,14.0392
996,17,promoted,15.0818
996,18,last,14.6774
996,19,quarter,11.486
996,20,.,3.80372
996,21,</s>,27.9657
997,0,they,6.37172
997,1,reported,11.2987
997,2,that,1.06934
997,3,the,2.41116
997,4,man,9.74448
997,5,said,10.1162
997,6,the,4.64906
997,7,old,10.8476
997,8,woman,8.0687
997,9,told,11.9488
997,10,him,3.88907
997,11,she,6.08387
997,12,knew,10.1816
997,13,he,4.89328
997,14,noticed,13.2402
997,15,the,3.89328
997,16,boss,14.0392
997,17,promoted,15.0818
997,18,the,3.37318
997,19,accountant,17.147
997,20,last,14.3545
997,21,quarter,11.486
997,22,.,3.80372
997,23,</s>,27.9657
998,0,they,6.37172
998,1,reported,11.2987
998,2,who,12.4486
998,3,the,8.96323
998,4,man,6.8914
998,5,said,10.0278
998,6,the,4.64906
998,7,old,10.8476
998,8,woman,8.0687
998,9,told,11.9488
998,10,him,3.88907
998,11,she,6.08387
998,12,knew,10.1816
998,13,he,4.89328
998,14,noticed,13.2402
998,15,the,3.89328
998,16,boss,14.0392
998,17,promoted,15.0818
998,18,last,14.6774
998,19,quarter,11.486
998,20,.,3.80372
998,21,</s>,27.9657
999,0,they,6.37172
999,1,reported,11.2987
999,2,who,12.4486
999,3,the,8.96323
999,4,man,6.8914
999,5,said,10.0278
999,6,the,4.64906
999,7,old,10.8476
999,8,woman,8.0687
999,9,told,11.9488
999,10,him,3.88907
999,11,she,6.08387
999,12,knew,10.1816
999,13,he,4.89328
999,14,noticed,13.2402
999,15,the,3.89328
999,16,boss,14.0392
999,17,promoted,15.0818
999,18,the,3.37318
999,19,accountant,17.147
999,20,last,14.3545
999,21,quarter,11.486
999,22,.,3.80372
999,23,</s>,27.9657
1000,0,my,12.9847
1000,1,friend,8.54682
1000,2,knows,13.7003
1000,3,that,3.41989
1000,4,the,3.30016
1000,5,successful,13.9995
1000,6,architect,14.6207
1000,7,handed,16.1311
1000,8,for,9.27006
1000,9,her,7.27457
1000,10,mother,7.22739
1000,11,.,2.31656
1000,12,</s>,24.7244
1001,0,my,12.9847
1001,1,friend,8.54682
1001,2,knows,13.7003
1001,3,that,3.41989
1001,4,the,3.30016
1001,5,successful,13.9995
1001,6,architect,14.6207
1001,7,handed,16.1311
1001,8,an,7.79471
1001,9,award,10.2934
1001,10,for,3.3675
1001,11,her,5.72816
1001,12,mother,7.93128
1001,13,.,2.31656
1001,14,</s>,24.7244
1002,0,my,12.9847
1002,1,friend,8.54682
1002,2,knows,13.7003
1002,3,what,4.48505
1002,4,the,3.15674
1002,5,successful,13.3517
1002,6,architect,14.6207
1002,7,handed,16.1311
1002,8,for,9.27006
1002,9,her,7.27457
1002,10,mother,7.22739
1002,11,.,2.31656
1002,12,</s>,24.7244
1003,0,my,12.9847
1003,1,friend,8.54682
1003,2,knows,13.7003
1003,3,what,4.48505
1003,4,the,3.15674
1003,5,successful,13.3517
1003,6,architect,14.6207
1003,7,handed,16.1311
1003,8,an,7.79471
1003,9,award,10.2934
1003,10,for,3.3675
1003,11,her,5.72816
1003,12,mother,7.93128
1003,13,.,2.31656
1003,14,</s>,24.7244
1004,0,my,12.9847
1004,1,friend,8.54682
1004,2,knows,13.7003
1004,3,that,3.41989
1004,4,the,3.30016
1004,5,judge,11.3607
1004,6,thought,14.2977
1004,7,the,4.36895
1004,8,successful,13.1653
1004,9,architect,14.6207
1004,10,handed,16.1311
1004,11,for,9.27006
1004,12,her,7.27457
1004,13,mother,7.22739
1004,14,.,2.31656
1004,15,</s>,24.7244
1005,0,my,12.9847
1005,1,friend,8.54682
1005,2,knows,13.7003
1005,3,that,3.41989
1005,4,the,3.30016
1005,5,judge,11.3607
1005,6,thought,14.2977
1005,7,the,4.36895
1005,8,successful,13.1653
1005,9,architect,14.6207
1005,10,handed,16.1311
1005,11,an,7.79471
1005,12,award,10.2934
1005,13,for,3.3675
1005,14,her,5.72816
1005,15,mother,7.93128
1005,16,.,2.31656
1005,17,</s>,24.7244
1006,0,my,12.9847
1006,1,friend,8.54682
1006,2,knows,13.7003
1006,3,what,4.48505
1006,4,the,3.15674
1006,5,judge,10.8575
1006,6,thought,14.0556
1006,7,the,4.36895
1006,8,successful,13.1653
1006,9,architect,14.6207
1006,10,handed,16.1311
1006,11,for,9.27006
1006,12,her,7.27457
1006,13,mother,7.22739
1006,14,.,2.31656
1006,15,</s>,24.7244
1007,0,my,12.9847
1007,1,friend,8.54682
1007,2,knows,13.7003
1007,3,what,4.48505
1007,4,the,3.15674
1007,5,judge,10.8575
1007,6,thought,14.0556
1007,7,the,4.36895
1007,8,successful,13.1653
1007,9,architect,14.6207
1007,10,handed,16.1311
1007,11,an,7.79471
1007,12,award,10.2934
1007,13,for,3.3675
1007,14,her,5.72816
1007,15,mother,7.93128
1007,16,.,2.31656
1007,17,</s>,24.7244
1008,0,my,12.9847
1008,1,friend,8.54682
1008,2,knows,13.7003
1008,3,that,3.41989
1008,4,the,3.30016
1008,5,judge,11.3607
1008,6,thought,14.2977
1008,7,the,4.36895
1008,8,cop,17.1416
1008,9,said,12.0061
1008,10,the,4.51729
1008,11,successful,13.3123
1008,12,architect,14.6207
1008,13,handed,16.1311
1008,14,for,9.27006
1008,15,her,7.27457
1008,16,mother,7.22739
1008,17,.,2.31656
1008,18,</s>,24.7244
1009,0,my,12.9847
1009,1,friend,8.54682
1009,2,knows,13.7003
1009,3,that,3.41989
1009,4,the,3.30016
1009,5,judge,11.3607
1009,6,thought,14.2977
1009,7,the,4.36895
1009,8,cop,17.1416
1009,9,said,12.0061
1009,10,the,4.51729
1009,11,successful,13.3123
1009,12,architect,14.6207
1009,13,handed,16.1311
1009,14,an,7.79471
1009,15,award,10.2934
1009,16,for,3.3675
1009,17,her,5.72816
1009,18,mother,7.93128
1009,19,.,2.31656
1009,20,</s>,24.7244
1010,0,my,12.9847
1010,1,friend,8.54682
1010,2,knows,13.7003
1010,3,what,4.48505
1010,4,the,3.15674
1010,5,judge,10.8575
1010,6,thought,14.0556
1010,7,the,4.36895
1010,8,cop,17.1416
1010,9,said,12.0061
1010,10,the,4.51729
1010,11,successful,13.3123
1010,12,architect,14.6207
1010,13,handed,16.1311
1010,14,for,9.27006
1010,15,her,7.27457
1010,16,mother,7.22739
1010,17,.,2.31656
1010,18,</s>,24.7244
1011,0,my,12.9847
1011,1,friend,8.54682
1011,2,knows,13.7003
1011,3,what,4.48505
1011,4,the,3.15674
1011,5,judge,10.8575
1011,6,thought,14.0556
1011,7,the,4.36895
1011,8,cop,17.1416
1011,9,said,12.0061
1011,10,the,4.51729
1011,11,successful,13.3123
1011,12,architect,14.6207
1011,13,handed,16.1311
1011,14,an,7.79471
1011,15,award,10.2934
1011,16,for,3.3675
1011,17,her,5.72816
1011,18,mother,7.93128
1011,19,.,2.31656
1011,20,</s>,24.7244
1012,0,my,12.9847
1012,1,friend,8.54682
1012,2,knows,13.7003
1012,3,that,3.41989
1012,4,the,3.30016
1012,5,judge,11.3607
1012,6,thought,14.2977
1012,7,the,4.36895
1012,8,cop,17.1416
1012,9,said,12.0061
1012,10,the,4.51729
1012,11,man,9.44883
1012,12,testified,16.6375
1012,13,the,11.5542
1012,14,successful,12.7875
1012,15,architect,14.6207
1012,16,handed,16.1311
1012,17,for,9.27006
1012,18,her,7.27457
1012,19,mother,7.22739
1012,20,.,2.31656
1012,21,</s>,24.7244
1013,0,my,12.9847
1013,1,friend,8.54682
1013,2,knows,13.7003
1013,3,that,3.41989
1013,4,the,3.30016
1013,5,judge,11.3607
1013,6,thought,14.2977
1013,7,the,4.36895
1013,8,cop,17.1416
1013,9,said,12.0061
1013,10,the,4.51729
1013,11,man,9.44883
1013,12,testified,16.6375
1013,13,the,11.5542
1013,14,successful,12.7875
1013,15,architect,14.6207
1013,16,handed,16.1311
1013,17,an,7.79471
1013,18,award,10.2934
1013,19,for,3.3675
1013,20,her,5.72816
1013,21,mother,7.93128
1013,22,.,2.31656
1013,23,</s>,24.7244
1014,0,my,12.9847
1014,1,friend,8.54682
1014,2,knows,13.7003
1014,3,what,4.48505
1014,4,the,3.15674
1014,5,judge,10.8575
1014,6,thought,14.0556
1014,7,the,4.36895
1014,8,cop,17.1416
1014,9,said,12.0061
1014,10,the,4.51729
1014,11,man,9.44883
1014,12,testified,16.6375
1014,13,the,11.5542
1014,14,successful,12.7875
1014,15,architect,14.6207
1014,16,handed,16.1311
1014,17,for,9.27006
1014,18,her,7.27457
1014,19,mother,7.22739
1014,20,.,2.31656
1014,21,</s>,24.7244
1015,0,my,12.9847
1015,1,friend,8.54682
1015,2,knows,13.7003
1015,3,what,4.48505
1015,4,the,3.15674
1015,5,judge,10.8575
1015,6,thought,14.0556
1015,7,the,4.36895
1015,8,cop,17.1416
1015,9,said,12.0061
1015,10,the,4.51729
1015,11,man,9.44883
1015,12,testified,16.6375
1015,13,the,11.5542
1015,14,successful,12.7875
1015,15,architect,14.6207
1015,16,handed,16.1311
1015,17,an,7.79471
1015,18,award,10.2934
1015,19,for,3.3675
1015,20,her,5.72816
1015,21,mother,7.93128
1015,22,.,2.31656
1015,23,</s>,24.7244
1016,0,my,12.9847
1016,1,friend,8.54682
1016,2,knows,13.7003
1016,3,that,3.41989
1016,4,the,3.30016
1016,5,judge,11.3607
1016,6,thought,14.2977
1016,7,the,4.36895
1016,8,cop,17.1416
1016,9,said,12.0061
1016,10,the,4.51729
1016,11,man,9.44883
1016,12,testified,16.6375
1016,13,his,10.4609
1016,14,friend,9.01641
1016,15,reported,13.4028
1016,16,the,4.76018
1016,17,successful,8.46407
1016,18,architect,14.6207
1016,19,handed,16.1311
1016,20,for,9.27006
1016,21,her,7.27457
1016,22,mother,7.22739
1016,23,.,2.31656
1016,24,</s>,24.7244
1017,0,my,12.9847
1017,1,friend,8.54682
1017,2,knows,13.7003
1017,3,that,3.41989
1017,4,the,3.30016
1017,5,judge,11.3607
1017,6,thought,14.2977
1017,7,the,4.36895
1017,8,cop,17.1416
1017,9,said,12.0061
1017,10,the,4.51729
1017,11,man,9.44883
1017,12,testified,16.6375
1017,13,his,10.4609
1017,14,friend,9.01641
1017,15,reported,13.4028
1017,16,the,4.76018
1017,17,successful,8.46407
1017,18,architect,14.6207
1017,19,handed,16.1311
1017,20,an,7.79471
1017,21,award,10.2934
1017,22,for,3.3675
1017,23,her,5.72816
1017,24,mother,7.93128
1017,25,.,2.31656
1017,26,</s>,24.7244
1018,0,my,12.9847
1018,1,friend,8.54682
1018,2,knows,13.7003
1018,3,what,4.48505
1018,4,the,3.15674
1018,5,judge,10.8575
1018,6,thought,14.0556
1018,7,the,4.36895
1018,8,cop,17.1416
1018,9,said,12.0061
1018,10,the,4.51729
1018,11,man,9.44883
1018,12,testified,16.6375
1018,13,his,10.4609
1018,14,friend,9.01641
1018,15,reported,13.4028
1018,16,the,4.76018
1018,17,successful,8.46407
1018,18,architect,14.6207
1018,19,handed,16.1311
1018,20,for,9.27006
1018,21,her,7.27457
1018,22,mother,7.22739
1018,23,.,2.31656
1018,24,</s>,24.7244
1019,0,my,12.9847
1019,1,friend,8.54682
1019,2,knows,13.7003
1019,3,what,4.48505
1019,4,the,3.15674
1019,5,judge,10.8575
1019,6,thought,14.0556
1019,7,the,4.36895
1019,8,cop,17.1416
1019,9,said,12.0061
1019,10,the,4.51729
1019,11,man,9.44883
1019,12,testified,16.6375
1019,13,his,10.4609
1019,14,friend,9.01641
1019,15,reported,13.4028
1019,16,the,4.76018
1019,17,successful,8.46407
1019,18,architect,14.6207
1019,19,handed,16.1311
1019,20,an,7.79471
1019,21,award,10.2934
1019,22,for,3.3675
1019,23,her,5.72816
1019,24,mother,7.93128
1019,25,.,2.31656
1019,26,</s>,24.7244
1020,0,the,2.46696
1020,1,commissioner,14.5743
1020,2,discovered,15.3375
1020,3,that,3.37446
1020,4,the,3.17263
1020,5,police,9.75232
1020,6,detective,10.8045
1020,7,lent,16.5677
1020,8,to,4.02835
1020,9,the,1.76701
1020,10,man,11.5181
1020,11,.,4.58518
1020,12,</s>,23.7244
1021,0,the,2.46696
1021,1,commissioner,14.5743
1021,2,discovered,15.3375
1021,3,that,3.37446
1021,4,the,3.17263
1021,5,police,9.75232
1021,6,detective,10.8045
1021,7,lent,16.5677
1021,8,some,8.01442
1021,9,money,9.59741
1021,10,to,3.59202
1021,11,the,4.13588
1021,12,man,11.6097
1021,13,.,4.58518
1021,14,</s>,23.7244
1022,0,the,2.46696
1022,1,commissioner,14.5743
1022,2,discovered,15.3375
1022,3,what,7.36142
1022,4,the,5.20984
1022,5,police,8.79392
1022,6,detective,10.7002
1022,7,lent,16.5677
1022,8,to,4.02835
1022,9,the,1.76701
1022,10,man,11.5181
1022,11,.,4.58518
1022,12,</s>,23.7244
1023,0,the,2.46696
1023,1,commissioner,14.5743
1023,2,discovered,15.3375
1023,3,what,7.36142
1023,4,the,5.20984
1023,5,police,8.79392
1023,6,detective,10.7002
1023,7,lent,16.5677
1023,8,some,8.01442
1023,9,money,9.59741
1023,10,to,3.59202
1023,11,the,4.13588
1023,12,man,11.6097
1023,13,.,4.58518
1023,14,</s>,23.7244
1024,0,the,2.46696
1024,1,commissioner,14.5743
1024,2,discovered,15.3375
1024,3,that,3.37446
1024,4,the,3.17263
1024,5,report,10.9315
1024,6,stated,7.13008
1024,7,the,5.39822
1024,8,police,11.4463
1024,9,detective,10.1471
1024,10,lent,16.5677
1024,11,to,4.02835
1024,12,the,1.76701
1024,13,man,11.5181
1024,14,.,4.58518
1024,15,</s>,23.7244
1025,0,the,2.46696
1025,1,commissioner,14.5743
1025,2,discovered,15.3375
1025,3,that,3.37446
1025,4,the,3.17263
1025,5,report,10.9315
1025,6,stated,7.13008
1025,7,the,5.39822
1025,8,police,11.4463
1025,9,detective,10.1471
1025,10,lent,16.5677
1025,11,some,8.01442
1025,12,money,9.59741
1025,13,to,3.59202
1025,14,the,4.13588
1025,15,man,11.6097
1025,16,.,4.58518
1025,17,</s>,23.7244
1026,0,the,2.46696
1026,1,commissioner,14.5743
1026,2,discovered,15.3375
1026,3,what,7.36142
1026,4,the,5.20984
1026,5,report,10.8575
1026,6,stated,6.69216
1026,7,the,5.39822
1026,8,police,11.4463
1026,9,detective,10.1471
1026,10,lent,16.5677
1026,11,to,4.02835
1026,12,the,1.76701
1026,13,man,11.5181
1026,14,.,4.58518
1026,15,</s>,23.7244
1027,0,the,2.46696
1027,1,commissioner,14.5743
1027,2,discovered,15.3375
1027,3,what,7.36142
1027,4,the,5.20984
1027,5,report,10.8575
1027,6,stated,6.69216
1027,7,the,5.39822
1027,8,police,11.4463
1027,9,detective,10.1471
1027,10,lent,16.5677
1027,11,some,8.01442
1027,12,money,9.59741
1027,13,to,3.59202
1027,14,the,4.13588
1027,15,man,11.6097
1027,16,.,4.58518
1027,17,</s>,23.7244
1028,0,the,2.46696
1028,1,commissioner,14.5743
1028,2,discovered,15.3375
1028,3,that,3.37446
1028,4,the,3.17263
1028,5,report,10.9315
1028,6,stated,7.13008
1028,7,the,5.39822
1028,8,television,12.9694
1028,9,host,9.08732
1028,10,thought,13.7654
1028,11,the,4.36895
1028,12,police,11.3982
1028,13,detective,10.1471
1028,14,lent,16.5677
1028,15,to,4.02835
1028,16,the,1.76701
1028,17,man,11.5181
1028,18,.,4.58518
1028,19,</s>,23.7244
1029,0,the,2.46696
1029,1,commissioner,14.5743
1029,2,discovered,15.3375
1029,3,that,3.37446
1029,4,the,3.17263
1029,5,report,10.9315
1029,6,stated,7.13008
1029,7,the,5.39822
1029,8,television,12.9694
1029,9,host,9.08732
1029,10,thought,13.7654
1029,11,the,4.36895
1029,12,police,11.3982
1029,13,detective,10.1471
1029,14,lent,16.5677
1029,15,some,8.01442
1029,16,money,9.59741
1029,17,to,3.59202
1029,18,the,4.13588
1029,19,man,11.6097
1029,20,.,4.58518
1029,21,</s>,23.7244
1030,0,the,2.46696
1030,1,commissioner,14.5743
1030,2,discovered,15.3375
1030,3,what,7.36142
1030,4,the,5.20984
1030,5,report,10.8575
1030,6,stated,6.69216
1030,7,the,5.39822
1030,8,television,12.9694
1030,9,host,9.08732
1030,10,thought,13.7654
1030,11,the,4.36895
1030,12,police,11.3982
1030,13,detective,10.1471
1030,14,lent,16.5677
1030,15,to,4.02835
1030,16,the,1.76701
1030,17,man,11.5181
1030,18,.,4.58518
1030,19,</s>,23.7244
1031,0,the,2.46696
1031,1,commissioner,14.5743
1031,2,discovered,15.3375
1031,3,what,7.36142
1031,4,the,5.20984
1031,5,report,10.8575
1031,6,stated,6.69216
1031,7,the,5.39822
1031,8,television,12.9694
1031,9,host,9.08732
1031,10,thought,13.7654
1031,11,the,4.36895
1031,12,police,11.3982
1031,13,detective,10.1471
1031,14,lent,16.5677
1031,15,some,8.01442
1031,16,money,9.59741
1031,17,to,3.59202
1031,18,the,4.13588
1031,19,man,11.6097
1031,20,.,4.58518
1031,21,</s>,23.7244
1032,0,the,2.46696
1032,1,commissioner,14.5743
1032,2,discovered,15.3375
1032,3,that,3.37446
1032,4,the,3.17263
1032,5,report,10.9315
1032,6,stated,7.13008
1032,7,the,5.39822
1032,8,television,12.9694
1032,9,host,9.08732
1032,10,thought,13.7654
1032,11,the,4.36895
1032,12,man,11.4918
1032,13,reported,12.4041
1032,14,the,4.76018
1032,15,police,11.4976
1032,16,detective,10.1471
1032,17,lent,16.5677
1032,18,to,4.02835
1032,19,the,1.76701
1032,20,man,11.5181
1032,21,.,4.58518
1032,22,</s>,23.7244
1033,0,the,2.46696
1033,1,commissioner,14.5743
1033,2,discovered,15.3375
1033,3,that,3.37446
1033,4,the,3.17263
1033,5,report,10.9315
1033,6,stated,7.13008
1033,7,the,5.39822
1033,8,television,12.9694
1033,9,host,9.08732
1033,10,thought,13.7654
1033,11,the,4.36895
1033,12,man,11.4918
1033,13,reported,12.4041
1033,14,the,4.76018
1033,15,police,11.4976
1033,16,detective,10.1471
1033,17,lent,16.5677
1033,18,some,8.01442
1033,19,money,9.59741
1033,20,to,3.59202
1033,21,the,4.13588
1033,22,man,11.6097
1033,23,.,4.58518
1033,24,</s>,23.7244
1034,0,the,2.46696
1034,1,commissioner,14.5743
1034,2,discovered,15.3375
1034,3,what,7.36142
1034,4,the,5.20984
1034,5,report,10.8575
1034,6,stated,6.69216
1034,7,the,5.39822
1034,8,television,12.9694
1034,9,host,9.08732
1034,10,thought,13.7654
1034,11,the,4.36895
1034,12,man,11.4918
1034,13,reported,12.4041
1034,14,the,4.76018
1034,15,police,11.4976
1034,16,detective,10.1471
1034,17,lent,16.5677
1034,18,to,4.02835
1034,19,the,1.76701
1034,20,man,11.5181
1034,21,.,4.58518
1034,22,</s>,23.7244
1035,0,the,2.46696
1035,1,commissioner,14.5743
1035,2,discovered,15.3375
1035,3,what,7.36142
1035,4,the,5.20984
1035,5,report,10.8575
1035,6,stated,6.69216
1035,7,the,5.39822
1035,8,television,12.9694
1035,9,host,9.08732
1035,10,thought,13.7654
1035,11,the,4.36895
1035,12,man,11.4918
1035,13,reported,12.4041
1035,14,the,4.76018
1035,15,police,11.4976
1035,16,detective,10.1471
1035,17,lent,16.5677
1035,18,some,8.01442
1035,19,money,9.59741
1035,20,to,3.59202
1035,21,the,4.13588
1035,22,man,11.6097
1035,23,.,4.58518
1035,24,</s>,23.7244
1036,0,the,2.46696
1036,1,commissioner,14.5743
1036,2,discovered,15.3375
1036,3,that,3.37446
1036,4,the,3.17263
1036,5,report,10.9315
1036,6,stated,7.13008
1036,7,the,5.39822
1036,8,television,12.9694
1036,9,host,9.08732
1036,10,thought,13.7654
1036,11,the,4.36895
1036,12,man,11.4918
1036,13,reported,12.4041
1036,14,the,4.76018
1036,15,lawyer,15.077
1036,16,said,10.0777
1036,17,the,4.56942
1036,18,police,10.3593
1036,19,detective,10.1471
1036,20,lent,16.5677
1036,21,to,4.02835
1036,22,the,1.76701
1036,23,man,11.5181
1036,24,.,4.58518
1036,25,</s>,23.7244
1037,0,the,2.46696
1037,1,commissioner,14.5743
1037,2,discovered,15.3375
1037,3,that,3.37446
1037,4,the,3.17263
1037,5,report,10.9315
1037,6,stated,7.13008
1037,7,the,5.39822
1037,8,television,12.9694
1037,9,host,9.08732
1037,10,thought,13.7654
1037,11,the,4.36895
1037,12,man,11.4918
1037,13,reported,12.4041
1037,14,the,4.76018
1037,15,lawyer,15.077
1037,16,said,10.0777
1037,17,the,4.56942
1037,18,police,10.3593
1037,19,detective,10.1471
1037,20,lent,16.5677
1037,21,some,8.01442
1037,22,money,9.59741
1037,23,to,3.59202
1037,24,the,4.13588
1037,25,man,11.6097
1037,26,.,4.58518
1037,27,</s>,23.7244
1038,0,the,2.46696
1038,1,commissioner,14.5743
1038,2,discovered,15.3375
1038,3,what,7.36142
1038,4,the,5.20984
1038,5,report,10.8575
1038,6,stated,6.69216
1038,7,the,5.39822
1038,8,television,12.9694
1038,9,host,9.08732
1038,10,thought,13.7654
1038,11,the,4.36895
1038,12,man,11.4918
1038,13,reported,12.4041
1038,14,the,4.76018
1038,15,lawyer,15.077
1038,16,said,10.0777
1038,17,the,4.56942
1038,18,police,10.3593
1038,19,detective,10.1471
1038,20,lent,16.5677
1038,21,to,4.02835
1038,22,the,1.76701
1038,23,man,11.5181
1038,24,.,4.58518
1038,25,</s>,23.7244
1039,0,the,2.46696
1039,1,commissioner,14.5743
1039,2,discovered,15.3375
1039,3,what,7.36142
1039,4,the,5.20984
1039,5,report,10.8575
1039,6,stated,6.69216
1039,7,the,5.39822
1039,8,television,12.9694
1039,9,host,9.08732
1039,10,thought,13.7654
1039,11,the,4.36895
1039,12,man,11.4918
1039,13,reported,12.4041
1039,14,the,4.76018
1039,15,lawyer,15.077
1039,16,said,10.0777
1039,17,the,4.56942
1039,18,police,10.3593
1039,19,detective,10.1471
1039,20,lent,16.5677
1039,21,some,8.01442
1039,22,money,9.59741
1039,23,to,3.59202
1039,24,the,4.13588
1039,25,man,11.6097
1039,26,.,4.58518
1039,27,</s>,23.7244
1040,0,we,10.0475
1040,1,all,6.75965
1040,2,know,4.10726
1040,3,that,2.3121
1040,4,the,4.10609
1040,5,investor,14.4786
1040,6,repaid,18.8872
1040,7,to,6.71702
1040,8,the,5.42649
1040,9,criminal,12.329
1040,10,<unk>,5.87516
1040,11,.,3.00568
1040,12,</s>,24.4592
1041,0,we,10.0475
1041,1,all,6.75965
1041,2,know,4.10726
1041,3,that,2.3121
1041,4,the,4.10609
1041,5,investor,14.4786
1041,6,repaid,18.8872
1041,7,his,5.93642
1041,8,debt,12.6027
1041,9,to,2.07745
1041,10,the,3.65777
1041,11,criminal,12.4082
1041,12,<unk>,5.87516
1041,13,.,3.00568
1041,14,</s>,24.4592
1042,0,we,10.0475
1042,1,all,6.75965
1042,2,know,4.10726
1042,3,what,4.50577
1042,4,the,4.27848
1042,5,investor,15.4997
1042,6,repaid,18.6417
1042,7,to,6.71702
1042,8,the,5.42649
1042,9,criminal,12.329
1042,10,<unk>,5.87516
1042,11,.,3.00568
1042,12,</s>,24.4592
1043,0,we,10.0475
1043,1,all,6.75965
1043,2,know,4.10726
1043,3,what,4.50577
1043,4,the,4.27848
1043,5,investor,15.4997
1043,6,repaid,18.6417
1043,7,his,5.93642
1043,8,debt,12.6027
1043,9,to,2.07745
1043,10,the,3.65777
1043,11,criminal,12.4082
1043,12,<unk>,5.87516
1043,13,.,3.00568
1043,14,</s>,24.4592
1044,0,we,10.0475
1044,1,all,6.75965
1044,2,know,4.10726
1044,3,that,2.3121
1044,4,the,4.10609
1044,5,accountant,17.4301
1044,6,said,11.9842
1044,7,the,4.51729
1044,8,investor,15.4595
1044,9,repaid,18.6417
1044,10,to,6.71702
1044,11,the,5.42649
1044,12,criminal,12.329
1044,13,<unk>,5.87516
1044,14,.,3.00568
1044,15,</s>,24.4592
1045,0,we,10.0475
1045,1,all,6.75965
1045,2,know,4.10726
1045,3,that,2.3121
1045,4,the,4.10609
1045,5,accountant,17.4301
1045,6,said,11.9842
1045,7,the,4.51729
1045,8,investor,15.4595
1045,9,repaid,18.6417
1045,10,his,5.93642
1045,11,debt,12.6027
1045,12,to,2.07745
1045,13,the,3.65777
1045,14,criminal,12.4082
1045,15,<unk>,5.87516
1045,16,.,3.00568
1045,17,</s>,24.4592
1046,0,we,10.0475
1046,1,all,6.75965
1046,2,know,4.10726
1046,3,what,4.50577
1046,4,the,4.27848
1046,5,accountant,17.1704
1046,6,said,11.9842
1046,7,the,4.51729
1046,8,investor,15.4595
1046,9,repaid,18.6417
1046,10,to,6.71702
1046,11,the,5.42649
1046,12,criminal,12.329
1046,13,<unk>,5.87516
1046,14,.,3.00568
1046,15,</s>,24.4592
1047,0,we,10.0475
1047,1,all,6.75965
1047,2,know,4.10726
1047,3,what,4.50577
1047,4,the,4.27848
1047,5,accountant,17.1704
1047,6,said,11.9842
1047,7,the,4.51729
1047,8,investor,15.4595
1047,9,repaid,18.6417
1047,10,his,5.93642
1047,11,debt,12.6027
1047,12,to,2.07745
1047,13,the,3.65777
1047,14,criminal,12.4082
1047,15,<unk>,5.87516
1047,16,.,3.00568
1047,17,</s>,24.4592
1048,0,we,10.0475
1048,1,all,6.75965
1048,2,know,4.10726
1048,3,that,2.3121
1048,4,the,4.10609
1048,5,accountant,17.4301
1048,6,said,11.9842
1048,7,his,6.83762
1048,8,colleague,11.8476
1048,9,recalled,14.6609
1048,10,the,4.00018
1048,11,investor,15.0924
1048,12,repaid,18.6417
1048,13,to,6.71702
1048,14,the,5.42649
1048,15,criminal,12.329
1048,16,<unk>,5.87516
1048,17,.,3.00568
1048,18,</s>,24.4592
1049,0,we,10.0475
1049,1,all,6.75965
1049,2,know,4.10726
1049,3,that,2.3121
1049,4,the,4.10609
1049,5,accountant,17.4301
1049,6,said,11.9842
1049,7,his,6.83762
1049,8,colleague,11.8476
1049,9,recalled,14.6609
1049,10,the,4.00018
1049,11,investor,15.0924
1049,12,repaid,18.6417
1049,13,his,5.93642
1049,14,debt,12.6027
1049,15,to,2.07745
1049,16,the,3.65777
1049,17,criminal,12.4082
1049,18,<unk>,5.87516
1049,19,.,3.00568
1049,20,</s>,24.4592
1050,0,we,10.0475
1050,1,all,6.75965
1050,2,know,4.10726
1050,3,what,4.50577
1050,4,the,4.27848
1050,5,accountant,17.1704
1050,6,said,11.9842
1050,7,his,6.83762
1050,8,colleague,11.8476
1050,9,recalled,14.6609
1050,10,the,4.00018
1050,11,investor,15.0924
1050,12,repaid,18.6417
1050,13,to,6.71702
1050,14,the,5.42649
1050,15,criminal,12.329
1050,16,<unk>,5.87516
1050,17,.,3.00568
1050,18,</s>,24.4592
1051,0,we,10.0475
1051,1,all,6.75965
1051,2,know,4.10726
1051,3,what,4.50577
1051,4,the,4.27848
1051,5,accountant,17.1704
1051,6,said,11.9842
1051,7,his,6.83762
1051,8,colleague,11.8476
1051,9,recalled,14.6609
1051,10,the,4.00018
1051,11,investor,15.0924
1051,12,repaid,18.6417
1051,13,his,5.93642
1051,14,debt,12.6027
1051,15,to,2.07745
1051,16,the,3.65777
1051,17,criminal,12.4082
1051,18,<unk>,5.87516
1051,19,.,3.00568
1051,20,</s>,24.4592
1052,0,we,10.0475
1052,1,all,6.75965
1052,2,know,4.10726
1052,3,that,2.3121
1052,4,the,4.10609
1052,5,accountant,17.4301
1052,6,said,11.9842
1052,7,his,6.83762
1052,8,colleague,11.8476
1052,9,recalled,14.6609
1052,10,the,4.00018
1052,11,partners,14.9153
1052,12,knew,15.0265
1052,13,the,4.27224
1052,14,investor,15.0994
1052,15,repaid,18.6417
1052,16,to,6.71702
1052,17,the,5.42649
1052,18,criminal,12.329
1052,19,<unk>,5.87516
1052,20,.,3.00568
1052,21,</s>,24.4592
1053,0,we,10.0475
1053,1,all,6.75965
1053,2,know,4.10726
1053,3,that,2.3121
1053,4,the,4.10609
1053,5,accountant,17.4301
1053,6,said,11.9842
1053,7,his,6.83762
1053,8,colleague,11.8476
1053,9,recalled,14.6609
1053,10,the,4.00018
1053,11,partners,14.9153
1053,12,knew,15.0265
1053,13,the,4.27224
1053,14,investor,15.0994
1053,15,repaid,18.6417
1053,16,his,5.93642
1053,17,debt,12.6027
1053,18,to,2.07745
1053,19,the,3.65777
1053,20,criminal,12.4082
1053,21,<unk>,5.87516
1053,22,.,3.00568
1053,23,</s>,24.4592
1054,0,we,10.0475
1054,1,all,6.75965
1054,2,know,4.10726
1054,3,what,4.50577
1054,4,the,4.27848
1054,5,accountant,17.1704
1054,6,said,11.9842
1054,7,his,6.83762
1054,8,colleague,11.8476
1054,9,recalled,14.6609
1054,10,the,4.00018
1054,11,partners,14.9153
1054,12,knew,15.0265
1054,13,the,4.27224
1054,14,investor,15.0994
1054,15,repaid,18.6417
1054,16,to,6.71702
1054,17,the,5.42649
1054,18,criminal,12.329
1054,19,<unk>,5.87516
1054,20,.,3.00568
1054,21,</s>,24.4592
1055,0,we,10.0475
1055,1,all,6.75965
1055,2,know,4.10726
1055,3,what,4.50577
1055,4,the,4.27848
1055,5,accountant,17.1704
1055,6,said,11.9842
1055,7,his,6.83762
1055,8,colleague,11.8476
1055,9,recalled,14.6609
1055,10,the,4.00018
1055,11,partners,14.9153
1055,12,knew,15.0265
1055,13,the,4.27224
1055,14,investor,15.0994
1055,15,repaid,18.6417
1055,16,his,5.93642
1055,17,debt,12.6027
1055,18,to,2.07745
1055,19,the,3.65777
1055,20,criminal,12.4082
1055,21,<unk>,5.87516
1055,22,.,3.00568
1055,23,</s>,24.4592
1056,0,we,10.0475
1056,1,all,6.75965
1056,2,know,4.10726
1056,3,that,2.3121
1056,4,the,4.10609
1056,5,accountant,17.4301
1056,6,said,11.9842
1056,7,his,6.83762
1056,8,colleague,11.8476
1056,9,recalled,14.6609
1056,10,the,4.00018
1056,11,partners,14.9153
1056,12,knew,15.0265
1056,13,their,7.31712
1056,14,accountant,18.0756
1056,15,suspects,16.1722
1056,16,the,5.10097
1056,17,investor,14.9347
1056,18,repaid,18.6417
1056,19,to,6.71702
1056,20,the,5.42649
1056,21,criminal,12.329
1056,22,<unk>,5.87516
1056,23,.,3.00568
1056,24,</s>,24.4592
1057,0,we,10.0475
1057,1,all,6.75965
1057,2,know,4.10726
1057,3,that,2.3121
1057,4,the,4.10609
1057,5,accountant,17.4301
1057,6,said,11.9842
1057,7,his,6.83762
1057,8,colleague,11.8476
1057,9,recalled,14.6609
1057,10,the,4.00018
1057,11,partners,14.9153
1057,12,knew,15.0265
1057,13,their,7.31712
1057,14,accountant,18.0756
1057,15,suspects,16.1722
1057,16,the,5.10097
1057,17,investor,14.9347
1057,18,repaid,18.6417
1057,19,his,5.93642
1057,20,debt,12.6027
1057,21,to,2.07745
1057,22,the,3.65777
1057,23,criminal,12.4082
1057,24,<unk>,5.87516
1057,25,.,3.00568
1057,26,</s>,24.4592
1058,0,we,10.0475
1058,1,all,6.75965
1058,2,know,4.10726
1058,3,what,4.50577
1058,4,the,4.27848
1058,5,accountant,17.1704
1058,6,said,11.9842
1058,7,his,6.83762
1058,8,colleague,11.8476
1058,9,recalled,14.6609
1058,10,the,4.00018
1058,11,partners,14.9153
1058,12,knew,15.0265
1058,13,their,7.31712
1058,14,accountant,18.0756
1058,15,suspects,16.1722
1058,16,the,5.10097
1058,17,investor,14.9347
1058,18,repaid,18.6417
1058,19,to,6.71702
1058,20,the,5.42649
1058,21,criminal,12.329
1058,22,<unk>,5.87516
1058,23,.,3.00568
1058,24,</s>,24.4592
1059,0,we,10.0475
1059,1,all,6.75965
1059,2,know,4.10726
1059,3,what,4.50577
1059,4,the,4.27848
1059,5,accountant,17.1704
1059,6,said,11.9842
1059,7,his,6.83762
1059,8,colleague,11.8476
1059,9,recalled,14.6609
1059,10,the,4.00018
1059,11,partners,14.9153
1059,12,knew,15.0265
1059,13,their,7.31712
1059,14,accountant,18.0756
1059,15,suspects,16.1722
1059,16,the,5.10097
1059,17,investor,14.9347
1059,18,repaid,18.6417
1059,19,his,5.93642
1059,20,debt,12.6027
1059,21,to,2.07745
1059,22,the,3.65777
1059,23,criminal,12.4082
1059,24,<unk>,5.87516
1059,25,.,3.00568
1059,26,</s>,24.4592
1060,0,i,8.92268
1060,1,know,6.35939
1060,2,that,3.01867
1060,3,the,4.26664
1060,4,business,11.7356
1060,5,man,10.7766
1060,6,promised,15.9393
1060,7,to,2.52528
1060,8,the,6.02174
1060,9,factory,12.337
1060,10,workers,7.49238
1060,11,.,2.79684
1060,12,</s>,22.7871
1061,0,i,8.92268
1061,1,know,6.35939
1061,2,that,3.01867
1061,3,the,4.26664
1061,4,business,11.7356
1061,5,man,10.7766
1061,6,promised,15.9393
1061,7,a,4.53476
1061,8,raise,14.7867
1061,9,to,9.04547
1061,10,the,2.20198
1061,11,factory,12.2826
1061,12,workers,7.49238
1061,13,.,2.79684
1061,14,</s>,22.7871
1062,0,i,8.92268
1062,1,know,6.35939
1062,2,what,4.42758
1062,3,the,4.74202
1062,4,business,11.879
1062,5,man,10.4499
1062,6,promised,15.9393
1062,7,to,2.52528
1062,8,the,6.02174
1062,9,factory,12.337
1062,10,workers,7.49238
1062,11,.,2.79684
1062,12,</s>,22.7871
1063,0,i,8.92268
1063,1,know,6.35939
1063,2,what,4.42758
1063,3,the,4.74202
1063,4,business,11.879
1063,5,man,10.4499
1063,6,promised,15.9393
1063,7,a,4.53476
1063,8,raise,14.7867
1063,9,to,9.04547
1063,10,the,2.20198
1063,11,factory,12.2826
1063,12,workers,7.49238
1063,13,.,2.79684
1063,14,</s>,22.7871
1064,0,i,8.92268
1064,1,know,6.35939
1064,2,that,3.01867
1064,3,the,4.26664
1064,4,secretary,12.6077
1064,5,said,12.2064
1064,6,the,4.51729
1064,7,business,11.8387
1064,8,man,10.4499
1064,9,promised,15.9393
1064,10,to,2.52528
1064,11,the,6.02174
1064,12,factory,12.337
1064,13,workers,7.49238
1064,14,.,2.79684
1064,15,</s>,22.7871
1065,0,i,8.92268
1065,1,know,6.35939
1065,2,that,3.01867
1065,3,the,4.26664
1065,4,secretary,12.6077
1065,5,said,12.2064
1065,6,the,4.51729
1065,7,business,11.8387
1065,8,man,10.4499
1065,9,promised,15.9393
1065,10,a,4.53476
1065,11,raise,14.7867
1065,12,to,9.04547
1065,13,the,2.20198
1065,14,factory,12.2826
1065,15,workers,7.49238
1065,16,.,2.79684
1065,17,</s>,22.7871
1066,0,i,8.92268
1066,1,know,6.35939
1066,2,what,4.42758
1066,3,the,4.74202
1066,4,secretary,13.1727
1066,5,said,11.3299
1066,6,the,4.51729
1066,7,business,11.8387
1066,8,man,10.4499
1066,9,promised,15.9393
1066,10,to,2.52528
1066,11,the,6.02174
1066,12,factory,12.337
1066,13,workers,7.49238
1066,14,.,2.79684
1066,15,</s>,22.7871
1067,0,i,8.92268
1067,1,know,6.35939
1067,2,what,4.42758
1067,3,the,4.74202
1067,4,secretary,13.1727
1067,5,said,11.3299
1067,6,the,4.51729
1067,7,business,11.8387
1067,8,man,10.4499
1067,9,promised,15.9393
1067,10,a,4.53476
1067,11,raise,14.7867
1067,12,to,9.04547
1067,13,the,2.20198
1067,14,factory,12.2826
1067,15,workers,7.49238
1067,16,.,2.79684
1067,17,</s>,22.7871
1068,0,i,8.92268
1068,1,know,6.35939
1068,2,that,3.01867
1068,3,the,4.26664
1068,4,secretary,12.6077
1068,5,said,12.2064
1068,6,the,4.51729
1068,7,journalist,14.9162
1068,8,remarked,10.5593
1068,9,the,9.18833
1068,10,business,11.314
1068,11,man,10.4499
1068,12,promised,15.9393
1068,13,to,2.52528
1068,14,the,6.02174
1068,15,factory,12.337
1068,16,workers,7.49238
1068,17,.,2.79684
1068,18,</s>,22.7871
1069,0,i,8.92268
1069,1,know,6.35939
1069,2,that,3.01867
1069,3,the,4.26664
1069,4,secretary,12.6077
1069,5,said,12.2064
1069,6,the,4.51729
1069,7,journalist,14.9162
1069,8,remarked,10.5593
1069,9,the,9.18833
1069,10,business,11.314
1069,11,man,10.4499
1069,12,promised,15.9393
1069,13,a,4.53476
1069,14,raise,14.7867
1069,15,to,9.04547
1069,16,the,2.20198
1069,17,factory,12.2826
1069,18,workers,7.49238
1069,19,.,2.79684
1069,20,</s>,22.7871
1070,0,i,8.92268
1070,1,know,6.35939
1070,2,what,4.42758
1070,3,the,4.74202
1070,4,secretary,13.1727
1070,5,said,11.3299
1070,6,the,4.51729
1070,7,journalist,14.9162
1070,8,remarked,10.5593
1070,9,the,9.18833
1070,10,business,11.314
1070,11,man,10.4499
1070,12,promised,15.9393
1070,13,to,2.52528
1070,14,the,6.02174
1070,15,factory,12.337
1070,16,workers,7.49238
1070,17,.,2.79684
1070,18,</s>,22.7871
1071,0,i,8.92268
1071,1,know,6.35939
1071,2,what,4.42758
1071,3,the,4.74202
1071,4,secretary,13.1727
1071,5,said,11.3299
1071,6,the,4.51729
1071,7,journalist,14.9162
1071,8,remarked,10.5593
1071,9,the,9.18833
1071,10,business,11.314
1071,11,man,10.4499
1071,12,promised,15.9393
1071,13,a,4.53476
1071,14,raise,14.7867
1071,15,to,9.04547
1071,16,the,2.20198
1071,17,factory,12.2826
1071,18,workers,7.49238
1071,19,.,2.79684
1071,20,</s>,22.7871
1072,0,i,8.92268
1072,1,know,6.35939
1072,2,that,3.01867
1072,3,the,4.26664
1072,4,secretary,12.6077
1072,5,said,12.2064
1072,6,the,4.51729
1072,7,journalist,14.9162
1072,8,remarked,10.5593
1072,9,the,9.18833
1072,10,workers,12.5345
1072,11,said,11.4791
1072,12,the,4.60768
1072,13,business,11.8387
1072,14,man,10.4499
1072,15,promised,15.9393
1072,16,to,2.52528
1072,17,the,6.02174
1072,18,factory,12.337
1072,19,workers,7.49238
1072,20,.,2.79684
1072,21,</s>,22.7871
1073,0,i,8.92268
1073,1,know,6.35939
1073,2,that,3.01867
1073,3,the,4.26664
1073,4,secretary,12.6077
1073,5,said,12.2064
1073,6,the,4.51729
1073,7,journalist,14.9162
1073,8,remarked,10.5593
1073,9,the,9.18833
1073,10,workers,12.5345
1073,11,said,11.4791
1073,12,the,4.60768
1073,13,business,11.8387
1073,14,man,10.4499
1073,15,promised,15.9393
1073,16,a,4.53476
1073,17,raise,14.7867
1073,18,to,9.04547
1073,19,the,2.20198
1073,20,factory,12.2826
1073,21,workers,7.49238
1073,22,.,2.79684
1073,23,</s>,22.7871
1074,0,i,8.92268
1074,1,know,6.35939
1074,2,what,4.42758
1074,3,the,4.74202
1074,4,secretary,13.1727
1074,5,said,11.3299
1074,6,the,4.51729
1074,7,journalist,14.9162
1074,8,remarked,10.5593
1074,9,the,9.18833
1074,10,workers,12.5345
1074,11,said,11.4791
1074,12,the,4.60768
1074,13,business,11.8387
1074,14,man,10.4499
1074,15,promised,15.9393
1074,16,to,2.52528
1074,17,the,6.02174
1074,18,factory,12.337
1074,19,workers,7.49238
1074,20,.,2.79684
1074,21,</s>,22.7871
1075,0,i,8.92268
1075,1,know,6.35939
1075,2,what,4.42758
1075,3,the,4.74202
1075,4,secretary,13.1727
1075,5,said,11.3299
1075,6,the,4.51729
1075,7,journalist,14.9162
1075,8,remarked,10.5593
1075,9,the,9.18833
1075,10,workers,12.5345
1075,11,said,11.4791
1075,12,the,4.60768
1075,13,business,11.8387
1075,14,man,10.4499
1075,15,promised,15.9393
1075,16,a,4.53476
1075,17,raise,14.7867
1075,18,to,9.04547
1075,19,the,2.20198
1075,20,factory,12.2826
1075,21,workers,7.49238
1075,22,.,2.79684
1075,23,</s>,22.7871
1076,0,i,8.92268
1076,1,know,6.35939
1076,2,that,3.01867
1076,3,the,4.26664
1076,4,secretary,12.6077
1076,5,said,12.2064
1076,6,the,4.51729
1076,7,journalist,14.9162
1076,8,remarked,10.5593
1076,9,the,9.18833
1076,10,workers,12.5345
1076,11,said,11.4791
1076,12,their,9.92264
1076,13,representatives,12.1139
1076,14,think,16.2828
1076,15,the,5.22071
1076,16,business,11.5136
1076,17,man,10.4499
1076,18,promised,15.9393
1076,19,to,2.52528
1076,20,the,6.02174
1076,21,factory,12.337
1076,22,workers,7.49238
1076,23,.,2.79684
1076,24,</s>,22.7871
1077,0,i,8.92268
1077,1,know,6.35939
1077,2,that,3.01867
1077,3,the,4.26664
1077,4,secretary,12.6077
1077,5,said,12.2064
1077,6,the,4.51729
1077,7,journalist,14.9162
1077,8,remarked,10.5593
1077,9,the,9.18833
1077,10,workers,12.5345
1077,11,said,11.4791
1077,12,their,9.92264
1077,13,representatives,12.1139
1077,14,think,16.2828
1077,15,the,5.22071
1077,16,business,11.5136
1077,17,man,10.4499
1077,18,promised,15.9393
1077,19,a,4.53476
1077,20,raise,14.7867
1077,21,to,9.04547
1077,22,the,2.20198
1077,23,factory,12.2826
1077,24,workers,7.49238
1077,25,.,2.79684
1077,26,</s>,22.7871
1078,0,i,8.92268
1078,1,know,6.35939
1078,2,what,4.42758
1078,3,the,4.74202
1078,4,secretary,13.1727
1078,5,said,11.3299
1078,6,the,4.51729
1078,7,journalist,14.9162
1078,8,remarked,10.5593
1078,9,the,9.18833
1078,10,workers,12.5345
1078,11,said,11.4791
1078,12,their,9.92264
1078,13,representatives,12.1139
1078,14,think,16.2828
1078,15,the,5.22071
1078,16,business,11.5136
1078,17,man,10.4499
1078,18,promised,15.9393
1078,19,to,2.52528
1078,20,the,6.02174
1078,21,factory,12.337
1078,22,workers,7.49238
1078,23,.,2.79684
1078,24,</s>,22.7871
1079,0,i,8.92268
1079,1,know,6.35939
1079,2,what,4.42758
1079,3,the,4.74202
1079,4,secretary,13.1727
1079,5,said,11.3299
1079,6,the,4.51729
1079,7,journalist,14.9162
1079,8,remarked,10.5593
1079,9,the,9.18833
1079,10,workers,12.5345
1079,11,said,11.4791
1079,12,their,9.92264
1079,13,representatives,12.1139
1079,14,think,16.2828
1079,15,the,5.22071
1079,16,business,11.5136
1079,17,man,10.4499
1079,18,promised,15.9393
1079,19,a,4.53476
1079,20,raise,14.7867
1079,21,to,9.04547
1079,22,the,2.20198
1079,23,factory,12.2826
1079,24,workers,7.49238
1079,25,.,2.79684
1079,26,</s>,22.7871
