sentence_id	token_id	token	surprisal
1	1	i	8.92268
1	2	know	6.35939
1	3	that	3.01867
1	4	your	9.03142
1	5	friend	9.03406
1	6	threw	15.5017
1	7	into	7.68647
1	8	the	2.46141
1	9	trash	15.0978
1	10	can	4.46141
1	11	.	3.06211
1	12	</s>	23.6519
2	1	i	8.92268
2	2	know	6.35939
2	3	that	3.01867
2	4	your	9.03142
2	5	friend	9.03406
2	6	threw	15.5017
2	7	the	3.69269
2	8	plastic	14.4012
2	9	into	10.8086
2	10	the	3.06669
2	11	trash	14.7837
2	12	can	4.46141
2	13	.	3.06211
2	14	</s>	23.6519
3	1	i	8.92268
3	2	know	6.35939
3	3	what	4.42758
3	4	your	8.81526
3	5	friend	9.10335
3	6	threw	15.5017
3	7	into	7.68647
3	8	the	2.46141
3	9	trash	15.0978
3	10	can	4.46141
3	11	.	3.06211
3	12	</s>	23.6519
4	1	i	8.92268
4	2	know	6.35939
4	3	what	4.42758
4	4	your	8.81526
4	5	friend	9.10335
4	6	threw	15.5017
4	7	the	3.69269
4	8	plastic	14.4012
4	9	into	10.8086
4	10	the	3.06669
4	11	trash	14.7837
4	12	can	4.46141
4	13	.	3.06211
4	14	</s>	23.6519
5	1	i	8.92268
5	2	know	6.35939
5	3	that	3.01867
5	4	our	9.03142
5	5	mother	10.0931
5	6	said	9.9453
5	7	your	15.38
5	8	friend	9.0128
5	9	threw	15.5017
5	10	into	7.68647
5	11	the	2.46141
5	12	trash	15.0978
5	13	can	4.46141
5	14	.	3.06211
5	15	</s>	23.6519
6	1	i	8.92268
6	2	know	6.35939
6	3	that	3.01867
6	4	our	9.03142
6	5	mother	10.0931
6	6	said	9.9453
6	7	your	15.38
6	8	friend	9.0128
6	9	threw	15.5017
6	10	the	3.69269
6	11	plastic	14.4012
6	12	into	10.8086
6	13	the	3.06669
6	14	trash	14.7837
6	15	can	4.46141
6	16	.	3.06211
6	17	</s>	23.6519
7	1	i	8.92268
7	2	know	6.35939
7	3	what	4.42758
7	4	our	10.4328
7	5	mother	10.0517
7	6	said	9.9453
7	7	your	15.38
7	8	friend	9.0128
7	9	threw	15.5017
7	10	into	7.68647
7	11	the	2.46141
7	12	trash	15.0978
7	13	can	4.46141
7	14	.	3.06211
7	15	</s>	23.6519
8	1	i	8.92268
8	2	know	6.35939
8	3	what	4.42758
8	4	our	10.4328
8	5	mother	10.0517
8	6	said	9.9453
8	7	your	15.38
8	8	friend	9.0128
8	9	threw	15.5017
8	10	the	3.69269
8	11	plastic	14.4012
8	12	into	10.8086
8	13	the	3.06669
8	14	trash	14.7837
8	15	can	4.46141
8	16	.	3.06211
8	17	</s>	23.6519
9	1	i	8.92268
9	2	know	6.35939
9	3	that	3.01867
9	4	our	9.03142
9	5	mother	10.0931
9	6	said	9.9453
9	7	her	8.58876
9	8	friend	9.53134
9	9	remarked	15.6711
9	10	your	16.1277
9	11	friend	9.0128
9	12	threw	15.5017
9	13	into	7.68647
9	14	the	2.46141
9	15	trash	15.0978
9	16	can	4.46141
9	17	.	3.06211
9	18	</s>	23.6519
10	1	i	8.92268
10	2	know	6.35939
10	3	that	3.01867
10	4	our	9.03142
10	5	mother	10.0931
10	6	said	9.9453
10	7	her	8.58876
10	8	friend	9.53134
10	9	remarked	15.6711
10	10	your	16.1277
10	11	friend	9.0128
10	12	threw	15.5017
10	13	the	3.69269
10	14	plastic	14.4012
10	15	into	10.8086
10	16	the	3.06669
10	17	trash	14.7837
10	18	can	4.46141
10	19	.	3.06211
10	20	</s>	23.6519
11	1	i	8.92268
11	2	know	6.35939
11	3	what	4.42758
11	4	our	10.4328
11	5	mother	10.0517
11	6	said	9.9453
11	7	her	8.58876
11	8	friend	9.53134
11	9	remarked	15.6711
11	10	your	16.1277
11	11	friend	9.0128
11	12	threw	15.5017
11	13	into	7.68647
11	14	the	2.46141
11	15	trash	15.0978
11	16	can	4.46141
11	17	.	3.06211
11	18	</s>	23.6519
12	1	i	8.92268
12	2	know	6.35939
12	3	what	4.42758
12	4	our	10.4328
12	5	mother	10.0517
12	6	said	9.9453
12	7	her	8.58876
12	8	friend	9.53134
12	9	remarked	15.6711
12	10	your	16.1277
12	11	friend	9.0128
12	12	threw	15.5017
12	13	the	3.69269
12	14	plastic	14.4012
12	15	into	10.8086
12	16	the	3.06669
12	17	trash	14.7837
12	18	can	4.46141
12	19	.	3.06211
12	20	</s>	23.6519
13	1	i	8.92268
13	2	know	6.35939
13	3	that	3.01867
13	4	our	9.03142
13	5	mother	10.0931
13	6	said	9.9453
13	7	her	8.58876
13	8	friend	9.53134
13	9	remarked	15.6711
13	10	the	9.18833
13	11	park	11.2248
13	12	attendant	18.2286
13	13	reported	13.0792
13	14	your	14.7672
13	15	friend	9.0128
13	16	threw	15.5017
13	17	into	7.68647
13	18	the	2.46141
13	19	trash	15.0978
13	20	can	4.46141
13	21	.	3.06211
13	22	</s>	23.6519
14	1	i	8.92268
14	2	know	6.35939
14	3	that	3.01867
14	4	our	9.03142
14	5	mother	10.0931
14	6	said	9.9453
14	7	her	8.58876
14	8	friend	9.53134
14	9	remarked	15.6711
14	10	the	9.18833
14	11	park	11.2248
14	12	attendant	18.2286
14	13	reported	13.0792
14	14	your	14.7672
14	15	friend	9.0128
14	16	threw	15.5017
14	17	the	3.69269
14	18	plastic	14.4012
14	19	into	10.8086
14	20	the	3.06669
14	21	trash	14.7837
14	22	can	4.46141
14	23	.	3.06211
14	24	</s>	23.6519
15	1	i	8.92268
15	2	know	6.35939
15	3	what	4.42758
15	4	our	10.4328
15	5	mother	10.0517
15	6	said	9.9453
15	7	her	8.58876
15	8	friend	9.53134
15	9	remarked	15.6711
15	10	the	9.18833
15	11	park	11.2248
15	12	attendant	18.2286
15	13	reported	13.0792
15	14	your	14.7672
15	15	friend	9.0128
15	16	threw	15.5017
15	17	into	7.68647
15	18	the	2.46141
15	19	trash	15.0978
15	20	can	4.46141
15	21	.	3.06211
15	22	</s>	23.6519
16	1	i	8.92268
16	2	know	6.35939
16	3	what	4.42758
16	4	our	10.4328
16	5	mother	10.0517
16	6	said	9.9453
16	7	her	8.58876
16	8	friend	9.53134
16	9	remarked	15.6711
16	10	the	9.18833
16	11	park	11.2248
16	12	attendant	18.2286
16	13	reported	13.0792
16	14	your	14.7672
16	15	friend	9.0128
16	16	threw	15.5017
16	17	the	3.69269
16	18	plastic	14.4012
16	19	into	10.8086
16	20	the	3.06669
16	21	trash	14.7837
16	22	can	4.46141
16	23	.	3.06211
16	24	</s>	23.6519
17	1	i	8.92268
17	2	know	6.35939
17	3	that	3.01867
17	4	our	9.03142
17	5	mother	10.0931
17	6	said	9.9453
17	7	her	8.58876
17	8	friend	9.53134
17	9	remarked	15.6711
17	10	the	9.18833
17	11	park	11.2248
17	12	attendant	18.2286
17	13	reported	13.0792
17	14	the	4.76018
17	15	cop	17.2411
17	16	thinks	15.9806
17	17	your	14.6667
17	18	friend	9.0128
17	19	threw	15.5017
17	20	into	7.68647
17	21	the	2.46141
17	22	trash	15.0978
17	23	can	4.46141
17	24	.	3.06211
17	25	</s>	23.6519
18	1	i	8.92268
18	2	know	6.35939
18	3	that	3.01867
18	4	our	9.03142
18	5	mother	10.0931
18	6	said	9.9453
18	7	her	8.58876
18	8	friend	9.53134
18	9	remarked	15.6711
18	10	the	9.18833
18	11	park	11.2248
18	12	attendant	18.2286
18	13	reported	13.0792
18	14	the	4.76018
18	15	cop	17.2411
18	16	thinks	15.9806
18	17	your	14.6667
18	18	friend	9.0128
18	19	threw	15.5017
18	20	the	3.69269
18	21	plastic	14.4012
18	22	into	10.8086
18	23	the	3.06669
18	24	trash	14.7837
18	25	can	4.46141
18	26	.	3.06211
18	27	</s>	23.6519
19	1	i	8.92268
19	2	know	6.35939
19	3	what	4.42758
19	4	our	10.4328
19	5	mother	10.0517
19	6	said	9.9453
19	7	her	8.58876
19	8	friend	9.53134
19	9	remarked	15.6711
19	10	the	9.18833
19	11	park	11.2248
19	12	attendant	18.2286
19	13	reported	13.0792
19	14	the	4.76018
19	15	cop	17.2411
19	16	thinks	15.9806
19	17	your	14.6667
19	18	friend	9.0128
19	19	threw	15.5017
19	20	into	7.68647
19	21	the	2.46141
19	22	trash	15.0978
19	23	can	4.46141
19	24	.	3.06211
19	25	</s>	23.6519
20	1	i	8.92268
20	2	know	6.35939
20	3	what	4.42758
20	4	our	10.4328
20	5	mother	10.0517
20	6	said	9.9453
20	7	her	8.58876
20	8	friend	9.53134
20	9	remarked	15.6711
20	10	the	9.18833
20	11	park	11.2248
20	12	attendant	18.2286
20	13	reported	13.0792
20	14	the	4.76018
20	15	cop	17.2411
20	16	thinks	15.9806
20	17	your	14.6667
20	18	friend	9.0128
20	19	threw	15.5017
20	20	the	3.69269
20	21	plastic	14.4012
20	22	into	10.8086
20	23	the	3.06669
20	24	trash	14.7837
20	25	can	4.46141
20	26	.	3.06211
20	27	</s>	23.6519
21	1	the	2.46696
21	2	newspaper	11.0881
21	3	reported	6.60225
21	4	that	1.24124
21	5	the	3.00454
21	6	boss	15.2577
21	7	sold	13.6649
21	8	to	5.06003
21	9	his	8.61809
21	10	friend	7.61294
21	11	.	4.55885
21	12	</s>	24.3093
22	1	the	2.46696
22	2	newspaper	11.0881
22	3	reported	6.60225
22	4	that	1.24124
22	5	the	3.00454
22	6	boss	15.2577
22	7	sold	13.6649
22	8	a	5.96652
22	9	car	11.2706
22	10	to	5.66207
22	11	his	8.12579
22	12	friend	7.38031
22	13	.	4.55885
22	14	</s>	24.3093
23	1	the	2.46696
23	2	newspaper	11.0881
23	3	reported	6.60225
23	4	what	11.6328
23	5	the	5.05899
23	6	boss	14.4666
23	7	sold	13.6649
23	8	to	5.06003
23	9	his	8.61809
23	10	friend	7.61294
23	11	.	4.55885
23	12	</s>	24.3093
24	1	the	2.46696
24	2	newspaper	11.0881
24	3	reported	6.60225
24	4	what	11.6328
24	5	the	5.05899
24	6	boss	14.4666
24	7	sold	13.6649
24	8	a	5.96652
24	9	car	11.2706
24	10	to	5.66207
24	11	his	8.12579
24	12	friend	7.38031
24	13	.	4.55885
24	14	</s>	24.3093
25	1	the	2.46696
25	2	newspaper	11.0881
25	3	reported	6.60225
25	4	that	1.24124
25	5	the	3.00454
25	6	investigator	16.6471
25	7	thought	13.3713
25	8	the	4.36895
25	9	boss	14.2802
25	10	sold	13.6649
25	11	to	5.06003
25	12	his	8.61809
25	13	friend	7.61294
25	14	.	4.55885
25	15	</s>	24.3093
26	1	the	2.46696
26	2	newspaper	11.0881
26	3	reported	6.60225
26	4	that	1.24124
26	5	the	3.00454
26	6	investigator	16.6471
26	7	thought	13.3713
26	8	the	4.36895
26	9	boss	14.2802
26	10	sold	13.6649
26	11	a	5.96652
26	12	car	11.2706
26	13	to	5.66207
26	14	his	8.12579
26	15	friend	7.38031
26	16	.	4.55885
26	17	</s>	24.3093
27	1	the	2.46696
27	2	newspaper	11.0881
27	3	reported	6.60225
27	4	what	11.6328
27	5	the	5.05899
27	6	investigator	16.2962
27	7	thought	13.3713
27	8	the	4.36895
27	9	boss	14.2802
27	10	sold	13.6649
27	11	to	5.06003
27	12	his	8.61809
27	13	friend	7.61294
27	14	.	4.55885
27	15	</s>	24.3093
28	1	the	2.46696
28	2	newspaper	11.0881
28	3	reported	6.60225
28	4	what	11.6328
28	5	the	5.05899
28	6	investigator	16.2962
28	7	thought	13.3713
28	8	the	4.36895
28	9	boss	14.2802
28	10	sold	13.6649
28	11	a	5.96652
28	12	car	11.2706
28	13	to	5.66207
28	14	his	8.12579
28	15	friend	7.38031
28	16	.	4.55885
28	17	</s>	24.3093
29	1	the	2.46696
29	2	newspaper	11.0881
29	3	reported	6.60225
29	4	that	1.24124
29	5	the	3.00454
29	6	investigator	16.6471
29	7	thought	13.3713
29	8	the	4.36895
29	9	businessman	16.3792
29	10	believed	13.7448
29	11	the	3.87627
29	12	boss	14.1271
29	13	sold	13.6649
29	14	to	5.06003
29	15	his	8.61809
29	16	friend	7.61294
29	17	.	4.55885
29	18	</s>	24.3093
30	1	the	2.46696
30	2	newspaper	11.0881
30	3	reported	6.60225
30	4	that	1.24124
30	5	the	3.00454
30	6	investigator	16.6471
30	7	thought	13.3713
30	8	the	4.36895
30	9	businessman	16.3792
30	10	believed	13.7448
30	11	the	3.87627
30	12	boss	14.1271
30	13	sold	13.6649
30	14	a	5.96652
30	15	car	11.2706
30	16	to	5.66207
30	17	his	8.12579
30	18	friend	7.38031
30	19	.	4.55885
30	20	</s>	24.3093
31	1	the	2.46696
31	2	newspaper	11.0881
31	3	reported	6.60225
31	4	what	11.6328
31	5	the	5.05899
31	6	investigator	16.2962
31	7	thought	13.3713
31	8	the	4.36895
31	9	businessman	16.3792
31	10	believed	13.7448
31	11	the	3.87627
31	12	boss	14.1271
31	13	sold	13.6649
31	14	to	5.06003
31	15	his	8.61809
31	16	friend	7.61294
31	17	.	4.55885
31	18	</s>	24.3093
32	1	the	2.46696
32	2	newspaper	11.0881
32	3	reported	6.60225
32	4	what	11.6328
32	5	the	5.05899
32	6	investigator	16.2962
32	7	thought	13.3713
32	8	the	4.36895
32	9	businessman	16.3792
32	10	believed	13.7448
32	11	the	3.87627
32	12	boss	14.1271
32	13	sold	13.6649
32	14	a	5.96652
32	15	car	11.2706
32	16	to	5.66207
32	17	his	8.12579
32	18	friend	7.38031
32	19	.	4.55885
32	20	</s>	24.3093
33	1	the	2.46696
33	2	newspaper	11.0881
33	3	reported	6.60225
33	4	that	1.24124
33	5	the	3.00454
33	6	investigator	16.6471
33	7	thought	13.3713
33	8	the	4.36895
33	9	businessman	16.3792
33	10	believed	13.7448
33	11	the	3.87627
33	12	banker	15.3081
33	13	said	12.1542
33	14	the	4.51729
33	15	boss	14.4272
33	16	sold	13.6649
33	17	to	5.06003
33	18	his	8.61809
33	19	friend	7.61294
33	20	.	4.55885
33	21	</s>	24.3093
34	1	the	2.46696
34	2	newspaper	11.0881
34	3	reported	6.60225
34	4	that	1.24124
34	5	the	3.00454
34	6	investigator	16.6471
34	7	thought	13.3713
34	8	the	4.36895
34	9	businessman	16.3792
34	10	believed	13.7448
34	11	the	3.87627
34	12	banker	15.3081
34	13	said	12.1542
34	14	the	4.51729
34	15	boss	14.4272
34	16	sold	13.6649
34	17	a	5.96652
34	18	car	11.2706
34	19	to	5.66207
34	20	his	8.12579
34	21	friend	7.38031
34	22	.	4.55885
34	23	</s>	24.3093
35	1	the	2.46696
35	2	newspaper	11.0881
35	3	reported	6.60225
35	4	what	11.6328
35	5	the	5.05899
35	6	investigator	16.2962
35	7	thought	13.3713
35	8	the	4.36895
35	9	businessman	16.3792
35	10	believed	13.7448
35	11	the	3.87627
35	12	banker	15.3081
35	13	said	12.1542
35	14	the	4.51729
35	15	boss	14.4272
35	16	sold	13.6649
35	17	to	5.06003
35	18	his	8.61809
35	19	friend	7.61294
35	20	.	4.55885
35	21	</s>	24.3093
36	1	the	2.46696
36	2	newspaper	11.0881
36	3	reported	6.60225
36	4	what	11.6328
36	5	the	5.05899
36	6	investigator	16.2962
36	7	thought	13.3713
36	8	the	4.36895
36	9	businessman	16.3792
36	10	believed	13.7448
36	11	the	3.87627
36	12	banker	15.3081
36	13	said	12.1542
36	14	the	4.51729
36	15	boss	14.4272
36	16	sold	13.6649
36	17	a	5.96652
36	18	car	11.2706
36	19	to	5.66207
36	20	his	8.12579
36	21	friend	7.38031
36	22	.	4.55885
36	23	</s>	24.3093
37	1	the	2.46696
37	2	newspaper	11.0881
37	3	reported	6.60225
37	4	that	1.24124
37	5	the	3.00454
37	6	investigator	16.6471
37	7	thought	13.3713
37	8	the	4.36895
37	9	businessman	16.3792
37	10	believed	13.7448
37	11	the	3.87627
37	12	banker	15.3081
37	13	said	12.1542
37	14	his	6.83762
37	15	friend	9.31131
37	16	believes	14.803
37	17	the	3.8767
37	18	boss	14.0275
37	19	sold	13.6649
37	20	to	5.06003
37	21	his	8.61809
37	22	friend	7.61294
37	23	.	4.55885
37	24	</s>	24.3093
38	1	the	2.46696
38	2	newspaper	11.0881
38	3	reported	6.60225
38	4	that	1.24124
38	5	the	3.00454
38	6	investigator	16.6471
38	7	thought	13.3713
38	8	the	4.36895
38	9	businessman	16.3792
38	10	believed	13.7448
38	11	the	3.87627
38	12	banker	15.3081
38	13	said	12.1542
38	14	his	6.83762
38	15	friend	9.31131
38	16	believes	14.803
38	17	the	3.8767
38	18	boss	14.0275
38	19	sold	13.6649
38	20	a	5.96652
38	21	car	11.2706
38	22	to	5.66207
38	23	his	8.12579
38	24	friend	7.38031
38	25	.	4.55885
38	26	</s>	24.3093
39	1	the	2.46696
39	2	newspaper	11.0881
39	3	reported	6.60225
39	4	what	11.6328
39	5	the	5.05899
39	6	investigator	16.2962
39	7	thought	13.3713
39	8	the	4.36895
39	9	businessman	16.3792
39	10	believed	13.7448
39	11	the	3.87627
39	12	banker	15.3081
39	13	said	12.1542
39	14	his	6.83762
39	15	friend	9.31131
39	16	believes	14.803
39	17	the	3.8767
39	18	boss	14.0275
39	19	sold	13.6649
39	20	to	5.06003
39	21	his	8.61809
39	22	friend	7.61294
39	23	.	4.55885
39	24	</s>	24.3093
40	1	the	2.46696
40	2	newspaper	11.0881
40	3	reported	6.60225
40	4	what	11.6328
40	5	the	5.05899
40	6	investigator	16.2962
40	7	thought	13.3713
40	8	the	4.36895
40	9	businessman	16.3792
40	10	believed	13.7448
40	11	the	3.87627
40	12	banker	15.3081
40	13	said	12.1542
40	14	his	6.83762
40	15	friend	9.31131
40	16	believes	14.803
40	17	the	3.8767
40	18	boss	14.0275
40	19	sold	13.6649
40	20	a	5.96652
40	21	car	11.2706
40	22	to	5.66207
40	23	his	8.12579
40	24	friend	7.38031
40	25	.	4.55885
40	26	</s>	24.3093
41	1	her	8.64749
41	2	friend	9.12529
41	3	found	13.4363
41	4	out	6.16715
41	5	that	2.20105
41	6	the	2.81468
41	7	visitor	14.4823
41	8	told	13.7353
41	9	to	6.51346
41	10	the	5.36379
41	11	guests	13.3948
41	12	.	2.69536
41	13	</s>	23.7244
42	1	her	8.64749
42	2	friend	9.12529
42	3	found	13.4363
42	4	out	6.16715
42	5	that	2.20105
42	6	the	2.81468
42	7	visitor	14.4823
42	8	told	13.7353
42	9	a	5.18358
42	10	story	3.36292
42	11	to	4.92081
42	12	the	4.92081
42	13	guests	13.8112
42	14	.	2.69536
42	15	</s>	23.7244
43	1	her	8.64749
43	2	friend	9.12529
43	3	found	13.4363
43	4	out	6.16715
43	5	what	5.67573
43	6	the	3.62667
43	7	visitor	14.288
43	8	told	13.7353
43	9	to	6.51346
43	10	the	5.36379
43	11	guests	13.3948
43	12	.	2.69536
43	13	</s>	23.7244
44	1	her	8.64749
44	2	friend	9.12529
44	3	found	13.4363
44	4	out	6.16715
44	5	what	5.67573
44	6	the	3.62667
44	7	visitor	14.288
44	8	told	13.7353
44	9	a	5.18358
44	10	story	3.36292
44	11	to	4.92081
44	12	the	4.92081
44	13	guests	13.8112
44	14	.	2.69536
44	15	</s>	23.7244
45	1	her	8.64749
45	2	friend	9.12529
45	3	found	13.4363
45	4	out	6.16715
45	5	that	2.20105
45	6	my	11.9773
45	7	friend	8.38062
45	8	believed	13.9177
45	9	the	3.87627
45	10	visitor	13.9133
45	11	told	13.7353
45	12	to	6.51346
45	13	the	5.36379
45	14	guests	13.3948
45	15	.	2.69536
45	16	</s>	23.7244
46	1	her	8.64749
46	2	friend	9.12529
46	3	found	13.4363
46	4	out	6.16715
46	5	that	2.20105
46	6	my	11.9773
46	7	friend	8.38062
46	8	believed	13.9177
46	9	the	3.87627
46	10	visitor	13.9133
46	11	told	13.7353
46	12	a	5.18358
46	13	story	3.36292
46	14	to	4.92081
46	15	the	4.92081
46	16	guests	13.8112
46	17	.	2.69536
46	18	</s>	23.7244
47	1	her	8.64749
47	2	friend	9.12529
47	3	found	13.4363
47	4	out	6.16715
47	5	what	5.67573
47	6	my	9.48275
47	7	friend	8.24374
47	8	believed	13.9177
47	9	the	3.87627
47	10	visitor	13.9133
47	11	told	13.7353
47	12	to	6.51346
47	13	the	5.36379
47	14	guests	13.3948
47	15	.	2.69536
47	16	</s>	23.7244
48	1	her	8.64749
48	2	friend	9.12529
48	3	found	13.4363
48	4	out	6.16715
48	5	what	5.67573
48	6	my	9.48275
48	7	friend	8.24374
48	8	believed	13.9177
48	9	the	3.87627
48	10	visitor	13.9133
48	11	told	13.7353
48	12	a	5.18358
48	13	story	3.36292
48	14	to	4.92081
48	15	the	4.92081
48	16	guests	13.8112
48	17	.	2.69536
48	18	</s>	23.7244
49	1	her	8.64749
49	2	friend	9.12529
49	3	found	13.4363
49	4	out	6.16715
49	5	that	2.20105
49	6	my	11.9773
49	7	friend	8.38062
49	8	believed	13.9177
49	9	the	3.87627
49	10	professor	14.3243
49	11	said	12.9282
49	12	the	4.51729
49	13	visitor	14.2135
49	14	told	13.7353
49	15	to	6.51346
49	16	the	5.36379
49	17	guests	13.3948
49	18	.	2.69536
49	19	</s>	23.7244
50	1	her	8.64749
50	2	friend	9.12529
50	3	found	13.4363
50	4	out	6.16715
50	5	that	2.20105
50	6	my	11.9773
50	7	friend	8.38062
50	8	believed	13.9177
50	9	the	3.87627
50	10	professor	14.3243
50	11	said	12.9282
50	12	the	4.51729
50	13	visitor	14.2135
50	14	told	13.7353
50	15	a	5.18358
50	16	story	3.36292
50	17	to	4.92081
50	18	the	4.92081
50	19	guests	13.8112
50	20	.	2.69536
50	21	</s>	23.7244
51	1	her	8.64749
51	2	friend	9.12529
51	3	found	13.4363
51	4	out	6.16715
51	5	what	5.67573
51	6	my	9.48275
51	7	friend	8.24374
51	8	believed	13.9177
51	9	the	3.87627
51	10	professor	14.3243
51	11	said	12.9282
51	12	the	4.51729
51	13	visitor	14.2135
51	14	told	13.7353
51	15	to	6.51346
51	16	the	5.36379
51	17	guests	13.3948
51	18	.	2.69536
51	19	</s>	23.7244
52	1	her	8.64749
52	2	friend	9.12529
52	3	found	13.4363
52	4	out	6.16715
52	5	what	5.67573
52	6	my	9.48275
52	7	friend	8.24374
52	8	believed	13.9177
52	9	the	3.87627
52	10	professor	14.3243
52	11	said	12.9282
52	12	the	4.51729
52	13	visitor	14.2135
52	14	told	13.7353
52	15	a	5.18358
52	16	story	3.36292
52	17	to	4.92081
52	18	the	4.92081
52	19	guests	13.8112
52	20	.	2.69536
52	21	</s>	23.7244
53	1	her	8.64749
53	2	friend	9.12529
53	3	found	13.4363
53	4	out	6.16715
53	5	that	2.20105
53	6	my	11.9773
53	7	friend	8.38062
53	8	believed	13.9177
53	9	the	3.87627
53	10	professor	14.3243
53	11	said	12.9282
53	12	his	6.83762
53	13	colleague	11.8476
53	14	noticed	15.6736
53	15	the	3.60056
53	16	visitor	13.8254
53	17	told	13.7353
53	18	to	6.51346
53	19	the	5.36379
53	20	guests	13.3948
53	21	.	2.69536
53	22	</s>	23.7244
54	1	her	8.64749
54	2	friend	9.12529
54	3	found	13.4363
54	4	out	6.16715
54	5	that	2.20105
54	6	my	11.9773
54	7	friend	8.38062
54	8	believed	13.9177
54	9	the	3.87627
54	10	professor	14.3243
54	11	said	12.9282
54	12	his	6.83762
54	13	colleague	11.8476
54	14	noticed	15.6736
54	15	the	3.60056
54	16	visitor	13.8254
54	17	told	13.7353
54	18	a	5.18358
54	19	story	3.36292
54	20	to	4.92081
54	21	the	4.92081
54	22	guests	13.8112
54	23	.	2.69536
54	24	</s>	23.7244
55	1	her	8.64749
55	2	friend	9.12529
55	3	found	13.4363
55	4	out	6.16715
55	5	what	5.67573
55	6	my	9.48275
55	7	friend	8.24374
55	8	believed	13.9177
55	9	the	3.87627
55	10	professor	14.3243
55	11	said	12.9282
55	12	his	6.83762
55	13	colleague	11.8476
55	14	noticed	15.6736
55	15	the	3.60056
55	16	visitor	13.8254
55	17	told	13.7353
55	18	to	6.51346
55	19	the	5.36379
55	20	guests	13.3948
55	21	.	2.69536
55	22	</s>	23.7244
56	1	her	8.64749
56	2	friend	9.12529
56	3	found	13.4363
56	4	out	6.16715
56	5	what	5.67573
56	6	my	9.48275
56	7	friend	8.24374
56	8	believed	13.9177
56	9	the	3.87627
56	10	professor	14.3243
56	11	said	12.9282
56	12	his	6.83762
56	13	colleague	11.8476
56	14	noticed	15.6736
56	15	the	3.60056
56	16	visitor	13.8254
56	17	told	13.7353
56	18	a	5.18358
56	19	story	3.36292
56	20	to	4.92081
56	21	the	4.92081
56	22	guests	13.8112
56	23	.	2.69536
56	24	</s>	23.7244
57	1	her	8.64749
57	2	friend	9.12529
57	3	found	13.4363
57	4	out	6.16715
57	5	that	2.20105
57	6	my	11.9773
57	7	friend	8.38062
57	8	believed	13.9177
57	9	the	3.87627
57	10	professor	14.3243
57	11	said	12.9282
57	12	his	6.83762
57	13	colleague	11.8476
57	14	noticed	15.6736
57	15	their	9.34976
57	16	students	10.8856
57	17	recalled	15.2907
57	18	the	4.00018
57	19	visitor	13.8465
57	20	told	13.7353
57	21	to	6.51346
57	22	the	5.36379
57	23	guests	13.3948
57	24	.	2.69536
57	25	</s>	23.7244
58	1	her	8.64749
58	2	friend	9.12529
58	3	found	13.4363
58	4	out	6.16715
58	5	that	2.20105
58	6	my	11.9773
58	7	friend	8.38062
58	8	believed	13.9177
58	9	the	3.87627
58	10	professor	14.3243
58	11	said	12.9282
58	12	his	6.83762
58	13	colleague	11.8476
58	14	noticed	15.6736
58	15	their	9.34976
58	16	students	10.8856
58	17	recalled	15.2907
58	18	the	4.00018
58	19	visitor	13.8465
58	20	told	13.7353
58	21	a	5.18358
58	22	story	3.36292
58	23	to	4.92081
58	24	the	4.92081
58	25	guests	13.8112
58	26	.	2.69536
58	27	</s>	23.7244
59	1	her	8.64749
59	2	friend	9.12529
59	3	found	13.4363
59	4	out	6.16715
59	5	what	5.67573
59	6	my	9.48275
59	7	friend	8.24374
59	8	believed	13.9177
59	9	the	3.87627
59	10	professor	14.3243
59	11	said	12.9282
59	12	his	6.83762
59	13	colleague	11.8476
59	14	noticed	15.6736
59	15	their	9.34976
59	16	students	10.8856
59	17	recalled	15.2907
59	18	the	4.00018
59	19	visitor	13.8465
59	20	told	13.7353
59	21	to	6.51346
59	22	the	5.36379
59	23	guests	13.3948
59	24	.	2.69536
59	25	</s>	23.7244
60	1	her	8.64749
60	2	friend	9.12529
60	3	found	13.4363
60	4	out	6.16715
60	5	what	5.67573
60	6	my	9.48275
60	7	friend	8.24374
60	8	believed	13.9177
60	9	the	3.87627
60	10	professor	14.3243
60	11	said	12.9282
60	12	his	6.83762
60	13	colleague	11.8476
60	14	noticed	15.6736
60	15	their	9.34976
60	16	students	10.8856
60	17	recalled	15.2907
60	18	the	4.00018
60	19	visitor	13.8465
60	20	told	13.7353
60	21	a	5.18358
60	22	story	3.36292
60	23	to	4.92081
60	24	the	4.92081
60	25	guests	13.8112
60	26	.	2.69536
60	27	</s>	23.7244
61	1	i	8.92268
61	2	realized	11.9108
61	3	that	1.69028
61	4	the	5.03629
61	5	suffering	14.4499
61	6	artist	12.6384
61	7	saw	12.9387
61	8	at	8.88308
61	9	the	2.995
61	10	museum	9.10856
61	11	.	3.03458
61	12	</s>	26.5317
62	1	i	8.92268
62	2	realized	11.9108
62	3	that	1.69028
62	4	the	5.03629
62	5	suffering	14.4499
62	6	artist	12.6384
62	7	saw	12.9387
62	8	a	3.89677
62	9	painting	12.8451
62	10	at	6.77126
62	11	the	1.39093
62	12	museum	9.24348
62	13	.	3.03458
62	14	</s>	26.5317
63	1	i	8.92268
63	2	realized	11.9108
63	3	what	5.66141
63	4	the	5.60738
63	5	suffering	14.2729
63	6	artist	12.6384
63	7	saw	12.9387
63	8	at	8.88308
63	9	the	2.995
63	10	museum	9.10856
63	11	.	3.03458
63	12	</s>	26.5317
64	1	i	8.92268
64	2	realized	11.9108
64	3	what	5.66141
64	4	the	5.60738
64	5	suffering	14.2729
64	6	artist	12.6384
64	7	saw	12.9387
64	8	a	3.89677
64	9	painting	12.8451
64	10	at	6.77126
64	11	the	1.39093
64	12	museum	9.24348
64	13	.	3.03458
64	14	</s>	26.5317
65	1	i	8.92268
65	2	realized	11.9108
65	3	that	1.69028
65	4	the	5.03629
65	5	painter	16.0492
65	6	believed	13.6633
65	7	the	3.87627
65	8	suffering	13.9333
65	9	artist	12.6384
65	10	saw	12.9387
65	11	at	8.88308
65	12	the	2.995
65	13	museum	9.10856
65	14	.	3.03458
65	15	</s>	26.5317
66	1	i	8.92268
66	2	realized	11.9108
66	3	that	1.69028
66	4	the	5.03629
66	5	painter	16.0492
66	6	believed	13.6633
66	7	the	3.87627
66	8	suffering	13.9333
66	9	artist	12.6384
66	10	saw	12.9387
66	11	a	3.89677
66	12	painting	12.8451
66	13	at	6.77126
66	14	the	1.39093
66	15	museum	9.24348
66	16	.	3.03458
66	17	</s>	26.5317
67	1	i	8.92268
67	2	realized	11.9108
67	3	what	5.66141
67	4	the	5.60738
67	5	painter	14.2331
67	6	believed	13.6633
67	7	the	3.87627
67	8	suffering	13.9333
67	9	artist	12.6384
67	10	saw	12.9387
67	11	at	8.88308
67	12	the	2.995
67	13	museum	9.10856
67	14	.	3.03458
67	15	</s>	26.5317
68	1	i	8.92268
68	2	realized	11.9108
68	3	what	5.66141
68	4	the	5.60738
68	5	painter	14.2331
68	6	believed	13.6633
68	7	the	3.87627
68	8	suffering	13.9333
68	9	artist	12.6384
68	10	saw	12.9387
68	11	a	3.89677
68	12	painting	12.8451
68	13	at	6.77126
68	14	the	1.39093
68	15	museum	9.24348
68	16	.	3.03458
68	17	</s>	26.5317
69	1	i	8.92268
69	2	realized	11.9108
69	3	that	1.69028
69	4	the	5.03629
69	5	painter	16.0492
69	6	believed	13.6633
69	7	his	6.52022
69	8	rival	11.1361
69	9	suspected	15.8711
69	10	the	5.15323
69	11	suffering	13.7723
69	12	artist	12.6384
69	13	saw	12.9387
69	14	at	8.88308
69	15	the	2.995
69	16	museum	9.10856
69	17	.	3.03458
69	18	</s>	26.5317
70	1	i	8.92268
70	2	realized	11.9108
70	3	that	1.69028
70	4	the	5.03629
70	5	painter	16.0492
70	6	believed	13.6633
70	7	his	6.52022
70	8	rival	11.1361
70	9	suspected	15.8711
70	10	the	5.15323
70	11	suffering	13.7723
70	12	artist	12.6384
70	13	saw	12.9387
70	14	a	3.89677
70	15	painting	12.8451
70	16	at	6.77126
70	17	the	1.39093
70	18	museum	9.24348
70	19	.	3.03458
70	20	</s>	26.5317
71	1	i	8.92268
71	2	realized	11.9108
71	3	what	5.66141
71	4	the	5.60738
71	5	painter	14.2331
71	6	believed	13.6633
71	7	his	6.52022
71	8	rival	11.1361
71	9	suspected	15.8711
71	10	the	5.15323
71	11	suffering	13.7723
71	12	artist	12.6384
71	13	saw	12.9387
71	14	at	8.88308
71	15	the	2.995
71	16	museum	9.10856
71	17	.	3.03458
71	18	</s>	26.5317
72	1	i	8.92268
72	2	realized	11.9108
72	3	what	5.66141
72	4	the	5.60738
72	5	painter	14.2331
72	6	believed	13.6633
72	7	his	6.52022
72	8	rival	11.1361
72	9	suspected	15.8711
72	10	the	5.15323
72	11	suffering	13.7723
72	12	artist	12.6384
72	13	saw	12.9387
72	14	a	3.89677
72	15	painting	12.8451
72	16	at	6.77126
72	17	the	1.39093
72	18	museum	9.24348
72	19	.	3.03458
72	20	</s>	26.5317
73	1	i	8.92268
73	2	realized	11.9108
73	3	that	1.69028
73	4	the	5.03629
73	5	painter	16.0492
73	6	believed	13.6633
73	7	his	6.52022
73	8	rival	11.1361
73	9	suspected	15.8711
73	10	the	5.15323
73	11	man	11.1775
73	12	said	9.6055
73	13	the	4.64906
73	14	suffering	14.2335
73	15	artist	12.6384
73	16	saw	12.9387
73	17	at	8.88308
73	18	the	2.995
73	19	museum	9.10856
73	20	.	3.03458
73	21	</s>	26.5317
74	1	i	8.92268
74	2	realized	11.9108
74	3	that	1.69028
74	4	the	5.03629
74	5	painter	16.0492
74	6	believed	13.6633
74	7	his	6.52022
74	8	rival	11.1361
74	9	suspected	15.8711
74	10	the	5.15323
74	11	man	11.1775
74	12	said	9.6055
74	13	the	4.64906
74	14	suffering	14.2335
74	15	artist	12.6384
74	16	saw	12.9387
74	17	a	3.89677
74	18	painting	12.8451
74	19	at	6.77126
74	20	the	1.39093
74	21	museum	9.24348
74	22	.	3.03458
74	23	</s>	26.5317
75	1	i	8.92268
75	2	realized	11.9108
75	3	what	5.66141
75	4	the	5.60738
75	5	painter	14.2331
75	6	believed	13.6633
75	7	his	6.52022
75	8	rival	11.1361
75	9	suspected	15.8711
75	10	the	5.15323
75	11	man	11.1775
75	12	said	9.6055
75	13	the	4.64906
75	14	suffering	14.2335
75	15	artist	12.6384
75	16	saw	12.9387
75	17	at	8.88308
75	18	the	2.995
75	19	museum	9.10856
75	20	.	3.03458
75	21	</s>	26.5317
76	1	i	8.92268
76	2	realized	11.9108
76	3	what	5.66141
76	4	the	5.60738
76	5	painter	14.2331
76	6	believed	13.6633
76	7	his	6.52022
76	8	rival	11.1361
76	9	suspected	15.8711
76	10	the	5.15323
76	11	man	11.1775
76	12	said	9.6055
76	13	the	4.64906
76	14	suffering	14.2335
76	15	artist	12.6384
76	16	saw	12.9387
76	17	a	3.89677
76	18	painting	12.8451
76	19	at	6.77126
76	20	the	1.39093
76	21	museum	9.24348
76	22	.	3.03458
76	23	</s>	26.5317
77	1	i	8.92268
77	2	realized	11.9108
77	3	that	1.69028
77	4	the	5.03629
77	5	painter	16.0492
77	6	believed	13.6633
77	7	his	6.52022
77	8	rival	11.1361
77	9	suspected	15.8711
77	10	the	5.15323
77	11	man	11.1775
77	12	said	9.6055
77	13	his	6.96939
77	14	friend	9.31131
77	15	recalls	16.0841
77	16	the	2.65467
77	17	suffering	13.8187
77	18	artist	12.6384
77	19	saw	12.9387
77	20	at	8.88308
77	21	the	2.995
77	22	museum	9.10856
77	23	.	3.03458
77	24	</s>	26.5317
78	1	i	8.92268
78	2	realized	11.9108
78	3	that	1.69028
78	4	the	5.03629
78	5	painter	16.0492
78	6	believed	13.6633
78	7	his	6.52022
78	8	rival	11.1361
78	9	suspected	15.8711
78	10	the	5.15323
78	11	man	11.1775
78	12	said	9.6055
78	13	his	6.96939
78	14	friend	9.31131
78	15	recalls	16.0841
78	16	the	2.65467
78	17	suffering	13.8187
78	18	artist	12.6384
78	19	saw	12.9387
78	20	a	3.89677
78	21	painting	12.8451
78	22	at	6.77126
78	23	the	1.39093
78	24	museum	9.24348
78	25	.	3.03458
78	26	</s>	26.5317
79	1	i	8.92268
79	2	realized	11.9108
79	3	what	5.66141
79	4	the	5.60738
79	5	painter	14.2331
79	6	believed	13.6633
79	7	his	6.52022
79	8	rival	11.1361
79	9	suspected	15.8711
79	10	the	5.15323
79	11	man	11.1775
79	12	said	9.6055
79	13	his	6.96939
79	14	friend	9.31131
79	15	recalls	16.0841
79	16	the	2.65467
79	17	suffering	13.8187
79	18	artist	12.6384
79	19	saw	12.9387
79	20	at	8.88308
79	21	the	2.995
79	22	museum	9.10856
79	23	.	3.03458
79	24	</s>	26.5317
80	1	i	8.92268
80	2	realized	11.9108
80	3	what	5.66141
80	4	the	5.60738
80	5	painter	14.2331
80	6	believed	13.6633
80	7	his	6.52022
80	8	rival	11.1361
80	9	suspected	15.8711
80	10	the	5.15323
80	11	man	11.1775
80	12	said	9.6055
80	13	his	6.96939
80	14	friend	9.31131
80	15	recalls	16.0841
80	16	the	2.65467
80	17	suffering	13.8187
80	18	artist	12.6384
80	19	saw	12.9387
80	20	a	3.89677
80	21	painting	12.8451
80	22	at	6.77126
80	23	the	1.39093
80	24	museum	9.24348
80	25	.	3.03458
80	26	</s>	26.5317
81	1	the	2.46696
81	2	novel	9.51698
81	3	revealed	16.1614
81	4	that	2.12798
81	5	the	3.14083
81	6	young	10.2436
81	7	politician	15.5085
81	8	said	10.1484
81	9	to	5.18187
81	10	his	5.77409
81	11	donors	17.5298
81	12	.	2.92651
81	13	</s>	27.1213
82	1	the	2.46696
82	2	novel	9.51698
82	3	revealed	16.1614
82	4	that	2.12798
82	5	the	3.14083
82	6	young	10.2436
82	7	politician	15.5085
82	8	said	10.1484
82	9	something	9.37096
82	10	to	3.6838
82	11	his	7.6609
82	12	donors	17.4472
82	13	.	2.92651
82	14	</s>	27.1213
83	1	the	2.46696
83	2	novel	9.51698
83	3	revealed	16.1614
83	4	what	7.6699
83	5	the	4.97452
83	6	young	11.5354
83	7	politician	15.0239
83	8	said	10.1484
83	9	to	5.18187
83	10	his	5.77409
83	11	donors	17.5298
83	12	.	2.92651
83	13	</s>	27.1213
84	1	the	2.46696
84	2	novel	9.51698
84	3	revealed	16.1614
84	4	what	7.6699
84	5	the	4.97452
84	6	young	11.5354
84	7	politician	15.0239
84	8	said	10.1484
84	9	something	9.37096
84	10	to	3.6838
84	11	his	7.6609
84	12	donors	17.4472
84	13	.	2.92651
84	14	</s>	27.1213
85	1	the	2.46696
85	2	novel	9.51698
85	3	revealed	16.1614
85	4	that	2.12798
85	5	our	11.3146
85	6	friend	10.3295
85	7	thought	13.2345
85	8	the	4.36895
85	9	young	11.349
85	10	politician	15.0239
85	11	said	10.1484
85	12	to	5.18187
85	13	his	5.77409
85	14	donors	17.5298
85	15	.	2.92651
85	16	</s>	27.1213
86	1	the	2.46696
86	2	novel	9.51698
86	3	revealed	16.1614
86	4	that	2.12798
86	5	our	11.3146
86	6	friend	10.3295
86	7	thought	13.2345
86	8	the	4.36895
86	9	young	11.349
86	10	politician	15.0239
86	11	said	10.1484
86	12	something	9.37096
86	13	to	3.6838
86	14	his	7.6609
86	15	donors	17.4472
86	16	.	2.92651
86	17	</s>	27.1213
87	1	the	2.46696
87	2	novel	9.51698
87	3	revealed	16.1614
87	4	what	7.6699
87	5	our	9.835
87	6	friend	10.2881
87	7	thought	13.2345
87	8	the	4.36895
87	9	young	11.349
87	10	politician	15.0239
87	11	said	10.1484
87	12	to	5.18187
87	13	his	5.77409
87	14	donors	17.5298
87	15	.	2.92651
87	16	</s>	27.1213
88	1	the	2.46696
88	2	novel	9.51698
88	3	revealed	16.1614
88	4	what	7.6699
88	5	our	9.835
88	6	friend	10.2881
88	7	thought	13.2345
88	8	the	4.36895
88	9	young	11.349
88	10	politician	15.0239
88	11	said	10.1484
88	12	something	9.37096
88	13	to	3.6838
88	14	his	7.6609
88	15	donors	17.4472
88	16	.	2.92651
88	17	</s>	27.1213
89	1	the	2.46696
89	2	novel	9.51698
89	3	revealed	16.1614
89	4	that	2.12798
89	5	our	11.3146
89	6	friend	10.3295
89	7	thought	13.2345
89	8	the	4.36895
89	9	reporter	14.7372
89	10	knows	11.8847
89	11	the	3.98972
89	12	young	11.1792
89	13	politician	15.0239
89	14	said	10.1484
89	15	to	5.18187
89	16	his	5.77409
89	17	donors	17.5298
89	18	.	2.92651
89	19	</s>	27.1213
90	1	the	2.46696
90	2	novel	9.51698
90	3	revealed	16.1614
90	4	that	2.12798
90	5	our	11.3146
90	6	friend	10.3295
90	7	thought	13.2345
90	8	the	4.36895
90	9	reporter	14.7372
90	10	knows	11.8847
90	11	the	3.98972
90	12	young	11.1792
90	13	politician	15.0239
90	14	said	10.1484
90	15	something	9.37096
90	16	to	3.6838
90	17	his	7.6609
90	18	donors	17.4472
90	19	.	2.92651
90	20	</s>	27.1213
91	1	the	2.46696
91	2	novel	9.51698
91	3	revealed	16.1614
91	4	what	7.6699
91	5	our	9.835
91	6	friend	10.2881
91	7	thought	13.2345
91	8	the	4.36895
91	9	reporter	14.7372
91	10	knows	11.8847
91	11	the	3.98972
91	12	young	11.1792
91	13	politician	15.0239
91	14	said	10.1484
91	15	to	5.18187
91	16	his	5.77409
91	17	donors	17.5298
91	18	.	2.92651
91	19	</s>	27.1213
92	1	the	2.46696
92	2	novel	9.51698
92	3	revealed	16.1614
92	4	what	7.6699
92	5	our	9.835
92	6	friend	10.2881
92	7	thought	13.2345
92	8	the	4.36895
92	9	reporter	14.7372
92	10	knows	11.8847
92	11	the	3.98972
92	12	young	11.1792
92	13	politician	15.0239
92	14	said	10.1484
92	15	something	9.37096
92	16	to	3.6838
92	17	his	7.6609
92	18	donors	17.4472
92	19	.	2.92651
92	20	</s>	27.1213
93	1	the	2.46696
93	2	novel	9.51698
93	3	revealed	16.1614
93	4	that	2.12798
93	5	our	11.3146
93	6	friend	10.3295
93	7	thought	13.2345
93	8	the	4.36895
93	9	reporter	14.7372
93	10	knows	11.8847
93	11	her	8.2918
93	12	contact	13.1566
93	13	said	13.5112
93	14	the	4.51729
93	15	young	11.496
93	16	politician	15.0239
93	17	said	10.1484
93	18	to	5.18187
93	19	his	5.77409
93	20	donors	17.5298
93	21	.	2.92651
93	22	</s>	27.1213
94	1	the	2.46696
94	2	novel	9.51698
94	3	revealed	16.1614
94	4	that	2.12798
94	5	our	11.3146
94	6	friend	10.3295
94	7	thought	13.2345
94	8	the	4.36895
94	9	reporter	14.7372
94	10	knows	11.8847
94	11	her	8.2918
94	12	contact	13.1566
94	13	said	13.5112
94	14	the	4.51729
94	15	young	11.496
94	16	politician	15.0239
94	17	said	10.1484
94	18	something	9.37096
94	19	to	3.6838
94	20	his	7.6609
94	21	donors	17.4472
94	22	.	2.92651
94	23	</s>	27.1213
95	1	the	2.46696
95	2	novel	9.51698
95	3	revealed	16.1614
95	4	what	7.6699
95	5	our	9.835
95	6	friend	10.2881
95	7	thought	13.2345
95	8	the	4.36895
95	9	reporter	14.7372
95	10	knows	11.8847
95	11	her	8.2918
95	12	contact	13.1566
95	13	said	13.5112
95	14	the	4.51729
95	15	young	11.496
95	16	politician	15.0239
95	17	said	10.1484
95	18	to	5.18187
95	19	his	5.77409
95	20	donors	17.5298
95	21	.	2.92651
95	22	</s>	27.1213
96	1	the	2.46696
96	2	novel	9.51698
96	3	revealed	16.1614
96	4	what	7.6699
96	5	our	9.835
96	6	friend	10.2881
96	7	thought	13.2345
96	8	the	4.36895
96	9	reporter	14.7372
96	10	knows	11.8847
96	11	her	8.2918
96	12	contact	13.1566
96	13	said	13.5112
96	14	the	4.51729
96	15	young	11.496
96	16	politician	15.0239
96	17	said	10.1484
96	18	something	9.37096
96	19	to	3.6838
96	20	his	7.6609
96	21	donors	17.4472
96	22	.	2.92651
96	23	</s>	27.1213
97	1	the	2.46696
97	2	novel	9.51698
97	3	revealed	16.1614
97	4	that	2.12798
97	5	our	11.3146
97	6	friend	10.3295
97	7	thought	13.2345
97	8	the	4.36895
97	9	reporter	14.7372
97	10	knows	11.8847
97	11	her	8.2918
97	12	contact	13.1566
97	13	said	13.5112
97	14	his	6.83762
97	15	friend	9.31131
97	16	saw	13.3384
97	17	the	2.9593
97	18	young	11.7593
97	19	politician	15.0239
97	20	said	10.1484
97	21	to	5.18187
97	22	his	5.77409
97	23	donors	17.5298
97	24	.	2.92651
97	25	</s>	27.1213
98	1	the	2.46696
98	2	novel	9.51698
98	3	revealed	16.1614
98	4	that	2.12798
98	5	our	11.3146
98	6	friend	10.3295
98	7	thought	13.2345
98	8	the	4.36895
98	9	reporter	14.7372
98	10	knows	11.8847
98	11	her	8.2918
98	12	contact	13.1566
98	13	said	13.5112
98	14	his	6.83762
98	15	friend	9.31131
98	16	saw	13.3384
98	17	the	2.9593
98	18	young	11.7593
98	19	politician	15.0239
98	20	said	10.1484
98	21	something	9.37096
98	22	to	3.6838
98	23	his	7.6609
98	24	donors	17.4472
98	25	.	2.92651
98	26	</s>	27.1213
99	1	the	2.46696
99	2	novel	9.51698
99	3	revealed	16.1614
99	4	what	7.6699
99	5	our	9.835
99	6	friend	10.2881
99	7	thought	13.2345
99	8	the	4.36895
99	9	reporter	14.7372
99	10	knows	11.8847
99	11	her	8.2918
99	12	contact	13.1566
99	13	said	13.5112
99	14	his	6.83762
99	15	friend	9.31131
99	16	saw	13.3384
99	17	the	2.9593
99	18	young	11.7593
99	19	politician	15.0239
99	20	said	10.1484
99	21	to	5.18187
99	22	his	5.77409
99	23	donors	17.5298
99	24	.	2.92651
99	25	</s>	27.1213
100	1	the	2.46696
100	2	novel	9.51698
100	3	revealed	16.1614
100	4	what	7.6699
100	5	our	9.835
100	6	friend	10.2881
100	7	thought	13.2345
100	8	the	4.36895
100	9	reporter	14.7372
100	10	knows	11.8847
100	11	her	8.2918
100	12	contact	13.1566
100	13	said	13.5112
100	14	his	6.83762
100	15	friend	9.31131
100	16	saw	13.3384
100	17	the	2.9593
100	18	young	11.7593
100	19	politician	15.0239
100	20	said	10.1484
100	21	something	9.37096
100	22	to	3.6838
100	23	his	7.6609
100	24	donors	17.4472
100	25	.	2.92651
100	26	</s>	27.1213
101	1	we	10.0475
101	2	all	6.75965
101	3	know	4.10726
101	4	that	2.3121
101	5	the	4.10609
101	6	young	10.1308
101	7	professional	11.2756
101	8	assembled	15.5713
101	9	for	5.22617
101	10	his	5.28944
101	11	parents	9.76187
101	12	.	3.2068
101	13	</s>	23.3093
102	1	we	10.0475
102	2	all	6.75965
102	3	know	4.10726
102	4	that	2.3121
102	5	the	4.10609
102	6	young	10.1308
102	7	professional	11.2756
102	8	assembled	15.5713
102	9	the	5.16635
102	10	bed	14.0865
102	11	for	6.50094
102	12	his	6.89817
102	13	parents	9.76187
102	14	.	3.2068
102	15	</s>	23.3093
103	1	we	10.0475
103	2	all	6.75965
103	3	know	4.10726
103	4	what	4.50577
103	5	the	4.27848
103	6	young	11.5362
103	7	professional	10.791
103	8	assembled	15.5713
103	9	for	5.22617
103	10	his	5.28944
103	11	parents	9.76187
103	12	.	3.2068
103	13	</s>	23.3093
104	1	we	10.0475
104	2	all	6.75965
104	3	know	4.10726
104	4	what	4.50577
104	5	the	4.27848
104	6	young	11.5362
104	7	professional	10.791
104	8	assembled	15.5713
104	9	the	5.16635
104	10	bed	14.0865
104	11	for	6.50094
104	12	his	6.89817
104	13	parents	9.76187
104	14	.	3.2068
104	15	</s>	23.3093
105	1	we	10.0475
105	2	all	6.75965
105	3	know	4.10726
105	4	that	2.3121
105	5	my	8.87087
105	6	neighbor	12.3667
105	7	said	12.349
105	8	the	4.51729
105	9	young	11.496
105	10	professional	10.791
105	11	assembled	15.5713
105	12	for	5.22617
105	13	his	5.28944
105	14	parents	9.76187
105	15	.	3.2068
105	16	</s>	23.3093
106	1	we	10.0475
106	2	all	6.75965
106	3	know	4.10726
106	4	that	2.3121
106	5	my	8.87087
106	6	neighbor	12.3667
106	7	said	12.349
106	8	the	4.51729
106	9	young	11.496
106	10	professional	10.791
106	11	assembled	15.5713
106	12	the	5.16635
106	13	bed	14.0865
106	14	for	6.50094
106	15	his	6.89817
106	16	parents	9.76187
106	17	.	3.2068
106	18	</s>	23.3093
107	1	we	10.0475
107	2	all	6.75965
107	3	know	4.10726
107	4	what	4.50577
107	5	my	8.35173
107	6	neighbor	12.2298
107	7	said	12.349
107	8	the	4.51729
107	9	young	11.496
107	10	professional	10.791
107	11	assembled	15.5713
107	12	for	5.22617
107	13	his	5.28944
107	14	parents	9.76187
107	15	.	3.2068
107	16	</s>	23.3093
108	1	we	10.0475
108	2	all	6.75965
108	3	know	4.10726
108	4	what	4.50577
108	5	my	8.35173
108	6	neighbor	12.2298
108	7	said	12.349
108	8	the	4.51729
108	9	young	11.496
108	10	professional	10.791
108	11	assembled	15.5713
108	12	the	5.16635
108	13	bed	14.0865
108	14	for	6.50094
108	15	his	6.89817
108	16	parents	9.76187
108	17	.	3.2068
108	18	</s>	23.3093
109	1	we	10.0475
109	2	all	6.75965
109	3	know	4.10726
109	4	that	2.3121
109	5	my	8.87087
109	6	neighbor	12.3667
109	7	said	12.349
109	8	her	8.56149
109	9	associate	14.0624
109	10	knew	15.0219
109	11	the	4.27224
109	12	young	11.1359
109	13	professional	10.791
109	14	assembled	15.5713
109	15	for	5.22617
109	16	his	5.28944
109	17	parents	9.76187
109	18	.	3.2068
109	19	</s>	23.3093
110	1	we	10.0475
110	2	all	6.75965
110	3	know	4.10726
110	4	that	2.3121
110	5	my	8.87087
110	6	neighbor	12.3667
110	7	said	12.349
110	8	her	8.56149
110	9	associate	14.0624
110	10	knew	15.0219
110	11	the	4.27224
110	12	young	11.1359
110	13	professional	10.791
110	14	assembled	15.5713
110	15	the	5.16635
110	16	bed	14.0865
110	17	for	6.50094
110	18	his	6.89817
110	19	parents	9.76187
110	20	.	3.2068
110	21	</s>	23.3093
111	1	we	10.0475
111	2	all	6.75965
111	3	know	4.10726
111	4	what	4.50577
111	5	my	8.35173
111	6	neighbor	12.2298
111	7	said	12.349
111	8	her	8.56149
111	9	associate	14.0624
111	10	knew	15.0219
111	11	the	4.27224
111	12	young	11.1359
111	13	professional	10.791
111	14	assembled	15.5713
111	15	for	5.22617
111	16	his	5.28944
111	17	parents	9.76187
111	18	.	3.2068
111	19	</s>	23.3093
112	1	we	10.0475
112	2	all	6.75965
112	3	know	4.10726
112	4	what	4.50577
112	5	my	8.35173
112	6	neighbor	12.2298
112	7	said	12.349
112	8	her	8.56149
112	9	associate	14.0624
112	10	knew	15.0219
112	11	the	4.27224
112	12	young	11.1359
112	13	professional	10.791
112	14	assembled	15.5713
112	15	the	5.16635
112	16	bed	14.0865
112	17	for	6.50094
112	18	his	6.89817
112	19	parents	9.76187
112	20	.	3.2068
112	21	</s>	23.3093
113	1	we	10.0475
113	2	all	6.75965
113	3	know	4.10726
113	4	that	2.3121
113	5	my	8.87087
113	6	neighbor	12.3667
113	7	said	12.349
113	8	her	8.56149
113	9	associate	14.0624
113	10	knew	15.0219
113	11	a	6.76036
113	12	friend	11.5689
113	13	thinks	14.4189
113	14	the	4.82114
113	15	young	10.991
113	16	professional	10.791
113	17	assembled	15.5713
113	18	for	5.22617
113	19	his	5.28944
113	20	parents	9.76187
113	21	.	3.2068
113	22	</s>	23.3093
114	1	we	10.0475
114	2	all	6.75965
114	3	know	4.10726
114	4	that	2.3121
114	5	my	8.87087
114	6	neighbor	12.3667
114	7	said	12.349
114	8	her	8.56149
114	9	associate	14.0624
114	10	knew	15.0219
114	11	a	6.76036
114	12	friend	11.5689
114	13	thinks	14.4189
114	14	the	4.82114
114	15	young	10.991
114	16	professional	10.791
114	17	assembled	15.5713
114	18	the	5.16635
114	19	bed	14.0865
114	20	for	6.50094
114	21	his	6.89817
114	22	parents	9.76187
114	23	.	3.2068
114	24	</s>	23.3093
115	1	we	10.0475
115	2	all	6.75965
115	3	know	4.10726
115	4	what	4.50577
115	5	my	8.35173
115	6	neighbor	12.2298
115	7	said	12.349
115	8	her	8.56149
115	9	associate	14.0624
115	10	knew	15.0219
115	11	a	6.76036
115	12	friend	11.5689
115	13	thinks	14.4189
115	14	the	4.82114
115	15	young	10.991
115	16	professional	10.791
115	17	assembled	15.5713
115	18	for	5.22617
115	19	his	5.28944
115	20	parents	9.76187
115	21	.	3.2068
115	22	</s>	23.3093
116	1	we	10.0475
116	2	all	6.75965
116	3	know	4.10726
116	4	what	4.50577
116	5	my	8.35173
116	6	neighbor	12.2298
116	7	said	12.349
116	8	her	8.56149
116	9	associate	14.0624
116	10	knew	15.0219
116	11	a	6.76036
116	12	friend	11.5689
116	13	thinks	14.4189
116	14	the	4.82114
116	15	young	10.991
116	16	professional	10.791
116	17	assembled	15.5713
116	18	the	5.16635
116	19	bed	14.0865
116	20	for	6.50094
116	21	his	6.89817
116	22	parents	9.76187
116	23	.	3.2068
116	24	</s>	23.3093
117	1	we	10.0475
117	2	all	6.75965
117	3	know	4.10726
117	4	that	2.3121
117	5	my	8.87087
117	6	neighbor	12.3667
117	7	said	12.349
117	8	her	8.56149
117	9	associate	14.0624
117	10	knew	15.0219
117	11	a	6.76036
117	12	friend	11.5689
117	13	thinks	14.4189
117	14	her	7.57232
117	15	sister	8.45043
117	16	believes	15.1438
117	17	the	3.8767
117	18	young	11.0962
117	19	professional	10.791
117	20	assembled	15.5713
117	21	for	5.22617
117	22	his	5.28944
117	23	parents	9.76187
117	24	.	3.2068
117	25	</s>	23.3093
118	1	we	10.0475
118	2	all	6.75965
118	3	know	4.10726
118	4	that	2.3121
118	5	my	8.87087
118	6	neighbor	12.3667
118	7	said	12.349
118	8	her	8.56149
118	9	associate	14.0624
118	10	knew	15.0219
118	11	a	6.76036
118	12	friend	11.5689
118	13	thinks	14.4189
118	14	her	7.57232
118	15	sister	8.45043
118	16	believes	15.1438
118	17	the	3.8767
118	18	young	11.0962
118	19	professional	10.791
118	20	assembled	15.5713
118	21	the	5.16635
118	22	bed	14.0865
118	23	for	6.50094
118	24	his	6.89817
118	25	parents	9.76187
118	26	.	3.2068
118	27	</s>	23.3093
119	1	we	10.0475
119	2	all	6.75965
119	3	know	4.10726
119	4	what	4.50577
119	5	my	8.35173
119	6	neighbor	12.2298
119	7	said	12.349
119	8	her	8.56149
119	9	associate	14.0624
119	10	knew	15.0219
119	11	a	6.76036
119	12	friend	11.5689
119	13	thinks	14.4189
119	14	her	7.57232
119	15	sister	8.45043
119	16	believes	15.1438
119	17	the	3.8767
119	18	young	11.0962
119	19	professional	10.791
119	20	assembled	15.5713
119	21	for	5.22617
119	22	his	5.28944
119	23	parents	9.76187
119	24	.	3.2068
119	25	</s>	23.3093
120	1	we	10.0475
120	2	all	6.75965
120	3	know	4.10726
120	4	what	4.50577
120	5	my	8.35173
120	6	neighbor	12.2298
120	7	said	12.349
120	8	her	8.56149
120	9	associate	14.0624
120	10	knew	15.0219
120	11	a	6.76036
120	12	friend	11.5689
120	13	thinks	14.4189
120	14	her	7.57232
120	15	sister	8.45043
120	16	believes	15.1438
120	17	the	3.8767
120	18	young	11.0962
120	19	professional	10.791
120	20	assembled	15.5713
120	21	the	5.16635
120	22	bed	14.0865
120	23	for	6.50094
120	24	his	6.89817
120	25	parents	9.76187
120	26	.	3.2068
120	27	</s>	23.3093
121	1	i	8.92268
121	2	know	6.35939
121	3	that	3.01867
121	4	the	4.26664
121	5	elderly	14.0143
121	6	lady	10.0087
121	7	found	12.1621
121	8	on	5.24556
121	9	the	2.39609
121	10	bus	11.1852
121	11	.	2.61591
121	12	</s>	25.1838
122	1	i	8.92268
122	2	know	6.35939
122	3	that	3.01867
122	4	the	4.26664
122	5	elderly	14.0143
122	6	lady	10.0087
122	7	found	12.1621
122	8	a	5.14109
122	9	quarter	12.0624
122	10	on	8.69748
122	11	the	3.00933
122	12	bus	10.973
122	13	.	2.61591
122	14	</s>	25.1838
123	1	i	8.92268
123	2	know	6.35939
123	3	what	4.42758
123	4	the	4.74202
123	5	elderly	14.1763
123	6	lady	9.7918
123	7	found	12.1621
123	8	on	5.24556
123	9	the	2.39609
123	10	bus	11.1852
123	11	.	2.61591
123	12	</s>	25.1838
124	1	i	8.92268
124	2	know	6.35939
124	3	what	4.42758
124	4	the	4.74202
124	5	elderly	14.1763
124	6	lady	9.7918
124	7	found	12.1621
124	8	a	5.14109
124	9	quarter	12.0624
124	10	on	8.69748
124	11	the	3.00933
124	12	bus	10.973
124	13	.	2.61591
124	14	</s>	25.1838
125	1	i	8.92268
125	2	know	6.35939
125	3	that	3.01867
125	4	their	6.33525
125	5	friend	9.48838
125	6	said	9.58269
125	7	the	4.71401
125	8	elderly	14.1361
125	9	lady	9.7918
125	10	found	12.1621
125	11	on	5.24556
125	12	the	2.39609
125	13	bus	11.1852
125	14	.	2.61591
125	15	</s>	25.1838
126	1	i	8.92268
126	2	know	6.35939
126	3	that	3.01867
126	4	their	6.33525
126	5	friend	9.48838
126	6	said	9.58269
126	7	the	4.71401
126	8	elderly	14.1361
126	9	lady	9.7918
126	10	found	12.1621
126	11	a	5.14109
126	12	quarter	12.0624
126	13	on	8.69748
126	14	the	3.00933
126	15	bus	10.973
126	16	.	2.61591
126	17	</s>	25.1838
127	1	i	8.92268
127	2	know	6.35939
127	3	what	4.42758
127	4	their	8.75958
127	5	friend	10.9782
127	6	said	9.58269
127	7	the	4.71401
127	8	elderly	14.1361
127	9	lady	9.7918
127	10	found	12.1621
127	11	on	5.24556
127	12	the	2.39609
127	13	bus	11.1852
127	14	.	2.61591
127	15	</s>	25.1838
128	1	i	8.92268
128	2	know	6.35939
128	3	what	4.42758
128	4	their	8.75958
128	5	friend	10.9782
128	6	said	9.58269
128	7	the	4.71401
128	8	elderly	14.1361
128	9	lady	9.7918
128	10	found	12.1621
128	11	a	5.14109
128	12	quarter	12.0624
128	13	on	8.69748
128	14	the	3.00933
128	15	bus	10.973
128	16	.	2.61591
128	17	</s>	25.1838
129	1	i	8.92268
129	2	know	6.35939
129	3	that	3.01867
129	4	their	6.33525
129	5	friend	9.48838
129	6	said	9.58269
129	7	the	4.71401
129	8	secretary	13.1325
129	9	believed	13.7661
129	10	the	3.87627
129	11	elderly	13.836
129	12	lady	9.7918
129	13	found	12.1621
129	14	on	5.24556
129	15	the	2.39609
129	16	bus	11.1852
129	17	.	2.61591
129	18	</s>	25.1838
130	1	i	8.92268
130	2	know	6.35939
130	3	that	3.01867
130	4	their	6.33525
130	5	friend	9.48838
130	6	said	9.58269
130	7	the	4.71401
130	8	secretary	13.1325
130	9	believed	13.7661
130	10	the	3.87627
130	11	elderly	13.836
130	12	lady	9.7918
130	13	found	12.1621
130	14	a	5.14109
130	15	quarter	12.0624
130	16	on	8.69748
130	17	the	3.00933
130	18	bus	10.973
130	19	.	2.61591
130	20	</s>	25.1838
131	1	i	8.92268
131	2	know	6.35939
131	3	what	4.42758
131	4	their	8.75958
131	5	friend	10.9782
131	6	said	9.58269
131	7	the	4.71401
131	8	secretary	13.1325
131	9	believed	13.7661
131	10	the	3.87627
131	11	elderly	13.836
131	12	lady	9.7918
131	13	found	12.1621
131	14	on	5.24556
131	15	the	2.39609
131	16	bus	11.1852
131	17	.	2.61591
131	18	</s>	25.1838
132	1	i	8.92268
132	2	know	6.35939
132	3	what	4.42758
132	4	their	8.75958
132	5	friend	10.9782
132	6	said	9.58269
132	7	the	4.71401
132	8	secretary	13.1325
132	9	believed	13.7661
132	10	the	3.87627
132	11	elderly	13.836
132	12	lady	9.7918
132	13	found	12.1621
132	14	a	5.14109
132	15	quarter	12.0624
132	16	on	8.69748
132	17	the	3.00933
132	18	bus	10.973
132	19	.	2.61591
132	20	</s>	25.1838
133	1	i	8.92268
133	2	know	6.35939
133	3	that	3.01867
133	4	their	6.33525
133	5	friend	9.48838
133	6	said	9.58269
133	7	the	4.71401
133	8	secretary	13.1325
133	9	believed	13.7661
133	10	the	3.87627
133	11	worker	14.2724
133	12	thinks	16.4313
133	13	the	4.82114
133	14	elderly	13.6311
133	15	lady	9.7918
133	16	found	12.1621
133	17	on	5.24556
133	18	the	2.39609
133	19	bus	11.1852
133	20	.	2.61591
133	21	</s>	25.1838
134	1	i	8.92268
134	2	know	6.35939
134	3	that	3.01867
134	4	their	6.33525
134	5	friend	9.48838
134	6	said	9.58269
134	7	the	4.71401
134	8	secretary	13.1325
134	9	believed	13.7661
134	10	the	3.87627
134	11	worker	14.2724
134	12	thinks	16.4313
134	13	the	4.82114
134	14	elderly	13.6311
134	15	lady	9.7918
134	16	found	12.1621
134	17	a	5.14109
134	18	quarter	12.0624
134	19	on	8.69748
134	20	the	3.00933
134	21	bus	10.973
134	22	.	2.61591
134	23	</s>	25.1838
135	1	i	8.92268
135	2	know	6.35939
135	3	what	4.42758
135	4	their	8.75958
135	5	friend	10.9782
135	6	said	9.58269
135	7	the	4.71401
135	8	secretary	13.1325
135	9	believed	13.7661
135	10	the	3.87627
135	11	worker	14.2724
135	12	thinks	16.4313
135	13	the	4.82114
135	14	elderly	13.6311
135	15	lady	9.7918
135	16	found	12.1621
135	17	on	5.24556
135	18	the	2.39609
135	19	bus	11.1852
135	20	.	2.61591
135	21	</s>	25.1838
136	1	i	8.92268
136	2	know	6.35939
136	3	what	4.42758
136	4	their	8.75958
136	5	friend	10.9782
136	6	said	9.58269
136	7	the	4.71401
136	8	secretary	13.1325
136	9	believed	13.7661
136	10	the	3.87627
136	11	worker	14.2724
136	12	thinks	16.4313
136	13	the	4.82114
136	14	elderly	13.6311
136	15	lady	9.7918
136	16	found	12.1621
136	17	a	5.14109
136	18	quarter	12.0624
136	19	on	8.69748
136	20	the	3.00933
136	21	bus	10.973
136	22	.	2.61591
136	23	</s>	25.1838
137	1	i	8.92268
137	2	know	6.35939
137	3	that	3.01867
137	4	their	6.33525
137	5	friend	9.48838
137	6	said	9.58269
137	7	the	4.71401
137	8	secretary	13.1325
137	9	believed	13.7661
137	10	the	3.87627
137	11	worker	14.2724
137	12	thinks	16.4313
137	13	his	5.69448
137	14	boss	11.0985
137	15	reported	13.988
137	16	the	4.76018
137	17	elderly	14.0886
137	18	lady	9.7918
137	19	found	12.1621
137	20	on	5.24556
137	21	the	2.39609
137	22	bus	11.1852
137	23	.	2.61591
137	24	</s>	25.1838
138	1	i	8.92268
138	2	know	6.35939
138	3	that	3.01867
138	4	their	6.33525
138	5	friend	9.48838
138	6	said	9.58269
138	7	the	4.71401
138	8	secretary	13.1325
138	9	believed	13.7661
138	10	the	3.87627
138	11	worker	14.2724
138	12	thinks	16.4313
138	13	his	5.69448
138	14	boss	11.0985
138	15	reported	13.988
138	16	the	4.76018
138	17	elderly	14.0886
138	18	lady	9.7918
138	19	found	12.1621
138	20	a	5.14109
138	21	quarter	12.0624
138	22	on	8.69748
138	23	the	3.00933
138	24	bus	10.973
138	25	.	2.61591
138	26	</s>	25.1838
139	1	i	8.92268
139	2	know	6.35939
139	3	what	4.42758
139	4	their	8.75958
139	5	friend	10.9782
139	6	said	9.58269
139	7	the	4.71401
139	8	secretary	13.1325
139	9	believed	13.7661
139	10	the	3.87627
139	11	worker	14.2724
139	12	thinks	16.4313
139	13	his	5.69448
139	14	boss	11.0985
139	15	reported	13.988
139	16	the	4.76018
139	17	elderly	14.0886
139	18	lady	9.7918
139	19	found	12.1621
139	20	on	5.24556
139	21	the	2.39609
139	22	bus	11.1852
139	23	.	2.61591
139	24	</s>	25.1838
140	1	i	8.92268
140	2	know	6.35939
140	3	what	4.42758
140	4	their	8.75958
140	5	friend	10.9782
140	6	said	9.58269
140	7	the	4.71401
140	8	secretary	13.1325
140	9	believed	13.7661
140	10	the	3.87627
140	11	worker	14.2724
140	12	thinks	16.4313
140	13	his	5.69448
140	14	boss	11.0985
140	15	reported	13.988
140	16	the	4.76018
140	17	elderly	14.0886
140	18	lady	9.7918
140	19	found	12.1621
140	20	a	5.14109
140	21	quarter	12.0624
140	22	on	8.69748
140	23	the	3.00933
140	24	bus	10.973
140	25	.	2.61591
140	26	</s>	25.1838
141	1	my	12.9847
141	2	friends	7.16492
141	3	all	10.4968
141	4	know	12.833
141	5	that	4.52391
141	6	the	4.10609
141	7	single	11.4406
141	8	mother	9.77813
141	9	described	14.0441
141	10	to	8.10104
141	11	her	9.1091
141	12	friends	8.66672
141	13	.	4.1432
141	14	</s>	22.7871
142	1	my	12.9847
142	2	friends	7.16492
142	3	all	10.4968
142	4	know	12.833
142	5	that	4.52391
142	6	the	4.10609
142	7	single	11.4406
142	8	mother	9.77813
142	9	described	14.0441
142	10	her	5.82008
142	11	woes	15.7475
142	12	to	5.21395
142	13	her	8.64133
142	14	friends	8.66672
142	15	.	4.1432
142	16	</s>	22.7871
143	1	my	12.9847
143	2	friends	7.16492
143	3	all	10.4968
143	4	know	12.833
143	5	what	4.8039
143	6	the	4.27848
143	7	single	12.0978
143	8	mother	9.58611
143	9	described	14.0441
143	10	to	8.10104
143	11	her	9.1091
143	12	friends	8.66672
143	13	.	4.1432
143	14	</s>	22.7871
144	1	my	12.9847
144	2	friends	7.16492
144	3	all	10.4968
144	4	know	12.833
144	5	what	4.8039
144	6	the	4.27848
144	7	single	12.0978
144	8	mother	9.58611
144	9	described	14.0441
144	10	her	5.82008
144	11	woes	15.7475
144	12	to	5.21395
144	13	her	8.64133
144	14	friends	8.66672
144	15	.	4.1432
144	16	</s>	22.7871
145	1	my	12.9847
145	2	friends	7.16492
145	3	all	10.4968
145	4	know	12.833
145	5	that	4.52391
145	6	her	7.27156
145	7	friend	8.6901
145	8	knew	13.4537
145	9	the	4.27224
145	10	single	11.6975
145	11	mother	9.58611
145	12	described	14.0441
145	13	to	8.10104
145	14	her	9.1091
145	15	friends	8.66672
145	16	.	4.1432
145	17	</s>	22.7871
146	1	my	12.9847
146	2	friends	7.16492
146	3	all	10.4968
146	4	know	12.833
146	5	that	4.52391
146	6	her	7.27156
146	7	friend	8.6901
146	8	knew	13.4537
146	9	the	4.27224
146	10	single	11.6975
146	11	mother	9.58611
146	12	described	14.0441
146	13	her	5.82008
146	14	woes	15.7475
146	15	to	5.21395
146	16	her	8.64133
146	17	friends	8.66672
146	18	.	4.1432
146	19	</s>	22.7871
147	1	my	12.9847
147	2	friends	7.16492
147	3	all	10.4968
147	4	know	12.833
147	5	what	4.8039
147	6	her	9.10456
147	7	friend	9.47148
147	8	knew	13.4537
147	9	the	4.27224
147	10	single	11.6975
147	11	mother	9.58611
147	12	described	14.0441
147	13	to	8.10104
147	14	her	9.1091
147	15	friends	8.66672
147	16	.	4.1432
147	17	</s>	22.7871
148	1	my	12.9847
148	2	friends	7.16492
148	3	all	10.4968
148	4	know	12.833
148	5	what	4.8039
148	6	her	9.10456
148	7	friend	9.47148
148	8	knew	13.4537
148	9	the	4.27224
148	10	single	11.6975
148	11	mother	9.58611
148	12	described	14.0441
148	13	her	5.82008
148	14	woes	15.7475
148	15	to	5.21395
148	16	her	8.64133
148	17	friends	8.66672
148	18	.	4.1432
148	19	</s>	22.7871
149	1	my	12.9847
149	2	friends	7.16492
149	3	all	10.4968
149	4	know	12.833
149	5	that	4.52391
149	6	her	7.27156
149	7	friend	8.6901
149	8	knew	13.4537
149	9	the	4.27224
149	10	delivery	13.4565
149	11	man	6.52989
149	12	believed	13.413
149	13	the	3.87627
149	14	single	11.7574
149	15	mother	9.58611
149	16	described	14.0441
149	17	to	8.10104
149	18	her	9.1091
149	19	friends	8.66672
149	20	.	4.1432
149	21	</s>	22.7871
150	1	my	12.9847
150	2	friends	7.16492
150	3	all	10.4968
150	4	know	12.833
150	5	that	4.52391
150	6	her	7.27156
150	7	friend	8.6901
150	8	knew	13.4537
150	9	the	4.27224
150	10	delivery	13.4565
150	11	man	6.52989
150	12	believed	13.413
150	13	the	3.87627
150	14	single	11.7574
150	15	mother	9.58611
150	16	described	14.0441
150	17	her	5.82008
150	18	woes	15.7475
150	19	to	5.21395
150	20	her	8.64133
150	21	friends	8.66672
150	22	.	4.1432
150	23	</s>	22.7871
151	1	my	12.9847
151	2	friends	7.16492
151	3	all	10.4968
151	4	know	12.833
151	5	what	4.8039
151	6	her	9.10456
151	7	friend	9.47148
151	8	knew	13.4537
151	9	the	4.27224
151	10	delivery	13.4565
151	11	man	6.52989
151	12	believed	13.413
151	13	the	3.87627
151	14	single	11.7574
151	15	mother	9.58611
151	16	described	14.0441
151	17	to	8.10104
151	18	her	9.1091
151	19	friends	8.66672
151	20	.	4.1432
151	21	</s>	22.7871
152	1	my	12.9847
152	2	friends	7.16492
152	3	all	10.4968
152	4	know	12.833
152	5	what	4.8039
152	6	her	9.10456
152	7	friend	9.47148
152	8	knew	13.4537
152	9	the	4.27224
152	10	delivery	13.4565
152	11	man	6.52989
152	12	believed	13.413
152	13	the	3.87627
152	14	single	11.7574
152	15	mother	9.58611
152	16	described	14.0441
152	17	her	5.82008
152	18	woes	15.7475
152	19	to	5.21395
152	20	her	8.64133
152	21	friends	8.66672
152	22	.	4.1432
152	23	</s>	22.7871
153	1	my	12.9847
153	2	friends	7.16492
153	3	all	10.4968
153	4	know	12.833
153	5	that	4.52391
153	6	her	7.27156
153	7	friend	8.6901
153	8	knew	13.4537
153	9	the	4.27224
153	10	delivery	13.4565
153	11	man	6.52989
153	12	believed	13.413
153	13	the	3.87627
153	14	cop	16.9884
153	15	said	12.0061
153	16	the	4.51729
153	17	single	12.0576
153	18	mother	9.58611
153	19	described	14.0441
153	20	to	8.10104
153	21	her	9.1091
153	22	friends	8.66672
153	23	.	4.1432
153	24	</s>	22.7871
154	1	my	12.9847
154	2	friends	7.16492
154	3	all	10.4968
154	4	know	12.833
154	5	that	4.52391
154	6	her	7.27156
154	7	friend	8.6901
154	8	knew	13.4537
154	9	the	4.27224
154	10	delivery	13.4565
154	11	man	6.52989
154	12	believed	13.413
154	13	the	3.87627
154	14	cop	16.9884
154	15	said	12.0061
154	16	the	4.51729
154	17	single	12.0576
154	18	mother	9.58611
154	19	described	14.0441
154	20	her	5.82008
154	21	woes	15.7475
154	22	to	5.21395
154	23	her	8.64133
154	24	friends	8.66672
154	25	.	4.1432
154	26	</s>	22.7871
155	1	my	12.9847
155	2	friends	7.16492
155	3	all	10.4968
155	4	know	12.833
155	5	what	4.8039
155	6	her	9.10456
155	7	friend	9.47148
155	8	knew	13.4537
155	9	the	4.27224
155	10	delivery	13.4565
155	11	man	6.52989
155	12	believed	13.413
155	13	the	3.87627
155	14	cop	16.9884
155	15	said	12.0061
155	16	the	4.51729
155	17	single	12.0576
155	18	mother	9.58611
155	19	described	14.0441
155	20	to	8.10104
155	21	her	9.1091
155	22	friends	8.66672
155	23	.	4.1432
155	24	</s>	22.7871
156	1	my	12.9847
156	2	friends	7.16492
156	3	all	10.4968
156	4	know	12.833
156	5	what	4.8039
156	6	her	9.10456
156	7	friend	9.47148
156	8	knew	13.4537
156	9	the	4.27224
156	10	delivery	13.4565
156	11	man	6.52989
156	12	believed	13.413
156	13	the	3.87627
156	14	cop	16.9884
156	15	said	12.0061
156	16	the	4.51729
156	17	single	12.0576
156	18	mother	9.58611
156	19	described	14.0441
156	20	her	5.82008
156	21	woes	15.7475
156	22	to	5.21395
156	23	her	8.64133
156	24	friends	8.66672
156	25	.	4.1432
156	26	</s>	22.7871
157	1	my	12.9847
157	2	friends	7.16492
157	3	all	10.4968
157	4	know	12.833
157	5	that	4.52391
157	6	her	7.27156
157	7	friend	8.6901
157	8	knew	13.4537
157	9	the	4.27224
157	10	delivery	13.4565
157	11	man	6.52989
157	12	believed	13.413
157	13	the	3.87627
157	14	cop	16.9884
157	15	said	12.0061
157	16	his	6.83762
157	17	partner	10.8766
157	18	recalled	14.8309
157	19	the	4.00018
157	20	single	11.6905
157	21	mother	9.58611
157	22	described	14.0441
157	23	to	8.10104
157	24	her	9.1091
157	25	friends	8.66672
157	26	.	4.1432
157	27	</s>	22.7871
158	1	my	12.9847
158	2	friends	7.16492
158	3	all	10.4968
158	4	know	12.833
158	5	that	4.52391
158	6	her	7.27156
158	7	friend	8.6901
158	8	knew	13.4537
158	9	the	4.27224
158	10	delivery	13.4565
158	11	man	6.52989
158	12	believed	13.413
158	13	the	3.87627
158	14	cop	16.9884
158	15	said	12.0061
158	16	his	6.83762
158	17	partner	10.8766
158	18	recalled	14.8309
158	19	the	4.00018
158	20	single	11.6905
158	21	mother	9.58611
158	22	described	14.0441
158	23	her	5.82008
158	24	woes	15.7475
158	25	to	5.21395
158	26	her	8.64133
158	27	friends	8.66672
158	28	.	4.1432
158	29	</s>	22.7871
159	1	my	12.9847
159	2	friends	7.16492
159	3	all	10.4968
159	4	know	12.833
159	5	what	4.8039
159	6	her	9.10456
159	7	friend	9.47148
159	8	knew	13.4537
159	9	the	4.27224
159	10	delivery	13.4565
159	11	man	6.52989
159	12	believed	13.413
159	13	the	3.87627
159	14	cop	16.9884
159	15	said	12.0061
159	16	his	6.83762
159	17	partner	10.8766
159	18	recalled	14.8309
159	19	the	4.00018
159	20	single	11.6905
159	21	mother	9.58611
159	22	described	14.0441
159	23	to	8.10104
159	24	her	9.1091
159	25	friends	8.66672
159	26	.	4.1432
159	27	</s>	22.7871
160	1	my	12.9847
160	2	friends	7.16492
160	3	all	10.4968
160	4	know	12.833
160	5	what	4.8039
160	6	her	9.10456
160	7	friend	9.47148
160	8	knew	13.4537
160	9	the	4.27224
160	10	delivery	13.4565
160	11	man	6.52989
160	12	believed	13.413
160	13	the	3.87627
160	14	cop	16.9884
160	15	said	12.0061
160	16	his	6.83762
160	17	partner	10.8766
160	18	recalled	14.8309
160	19	the	4.00018
160	20	single	11.6905
160	21	mother	9.58611
160	22	described	14.0441
160	23	her	5.82008
160	24	woes	15.7475
160	25	to	5.21395
160	26	her	8.64133
160	27	friends	8.66672
160	28	.	4.1432
160	29	</s>	22.7871
161	1	the	2.46696
161	2	visitor	14.2863
161	3	said	10.2848
161	4	that	2.58441
161	5	the	3.19499
161	6	human	10.0223
161	7	resources	7.79463
161	8	officer	13.551
161	9	talked	16.9469
161	10	with	3.76328
161	11	in	11.3597
161	12	her	8.82001
161	13	office	8.74356
161	14	.	3.00035
161	15	</s>	23.3093
162	1	the	2.46696
162	2	visitor	14.2863
162	3	said	10.2848
162	4	that	2.58441
162	5	the	3.19499
162	6	human	10.0223
162	7	resources	7.79463
162	8	officer	13.551
162	9	talked	16.9469
162	10	with	3.76328
162	11	the	2.93207
162	12	new	7.3812
162	13	manager	10.3991
162	14	in	6.61668
162	15	her	8.98252
162	16	office	8.74356
162	17	.	3.00035
162	18	</s>	23.3093
163	1	the	2.46696
163	2	visitor	14.2863
163	3	said	10.2848
163	4	who	14.9837
163	5	the	8.96323
163	6	human	11.6145
163	7	resources	7.50633
163	8	officer	13.551
163	9	talked	16.9469
163	10	with	3.76328
163	11	in	11.3597
163	12	her	8.82001
163	13	office	8.74356
163	14	.	3.00035
163	15	</s>	23.3093
164	1	the	2.46696
164	2	visitor	14.2863
164	3	said	10.2848
164	4	who	14.9837
164	5	the	8.96323
164	6	human	11.6145
164	7	resources	7.50633
164	8	officer	13.551
164	9	talked	16.9469
164	10	with	3.76328
164	11	the	2.93207
164	12	new	7.3812
164	13	manager	10.3991
164	14	in	6.61668
164	15	her	8.98252
164	16	office	8.74356
164	17	.	3.00035
164	18	</s>	23.3093
165	1	the	2.46696
165	2	visitor	14.2863
165	3	said	10.2848
165	4	that	2.58441
165	5	my	12.2147
165	6	friend	8.38062
165	7	said	9.75025
165	8	the	4.71401
165	9	human	11.7972
165	10	resources	7.50633
165	11	officer	13.551
165	12	talked	16.9469
165	13	with	3.76328
165	14	in	11.3597
165	15	her	8.82001
165	16	office	8.74356
165	17	.	3.00035
165	18	</s>	23.3093
166	1	the	2.46696
166	2	visitor	14.2863
166	3	said	10.2848
166	4	that	2.58441
166	5	my	12.2147
166	6	friend	8.38062
166	7	said	9.75025
166	8	the	4.71401
166	9	human	11.7972
166	10	resources	7.50633
166	11	officer	13.551
166	12	talked	16.9469
166	13	with	3.76328
166	14	the	2.93207
166	15	new	7.3812
166	16	manager	10.3991
166	17	in	6.61668
166	18	her	8.98252
166	19	office	8.74356
166	20	.	3.00035
166	21	</s>	23.3093
167	1	the	2.46696
167	2	visitor	14.2863
167	3	said	10.2848
167	4	who	14.9837
167	5	my	14.756
167	6	friend	8.20306
167	7	said	9.75025
167	8	the	4.71401
167	9	human	11.7972
167	10	resources	7.50633
167	11	officer	13.551
167	12	talked	16.9469
167	13	with	3.76328
167	14	in	11.3597
167	15	her	8.82001
167	16	office	8.74356
167	17	.	3.00035
167	18	</s>	23.3093
168	1	the	2.46696
168	2	visitor	14.2863
168	3	said	10.2848
168	4	who	14.9837
168	5	my	14.756
168	6	friend	8.20306
168	7	said	9.75025
168	8	the	4.71401
168	9	human	11.7972
168	10	resources	7.50633
168	11	officer	13.551
168	12	talked	16.9469
168	13	with	3.76328
168	14	the	2.93207
168	15	new	7.3812
168	16	manager	10.3991
168	17	in	6.61668
168	18	her	8.98252
168	19	office	8.74356
168	20	.	3.00035
168	21	</s>	23.3093
169	1	the	2.46696
169	2	visitor	14.2863
169	3	said	10.2848
169	4	that	2.58441
169	5	my	12.2147
169	6	friend	8.38062
169	7	said	9.75025
169	8	her	8.75821
169	9	mother	5.9299
169	10	knew	11.723
169	11	the	4.27224
169	12	human	11.4372
169	13	resources	7.50633
169	14	officer	13.551
169	15	talked	16.9469
169	16	with	3.76328
169	17	in	11.3597
169	18	her	8.82001
169	19	office	8.74356
169	20	.	3.00035
169	21	</s>	23.3093
170	1	the	2.46696
170	2	visitor	14.2863
170	3	said	10.2848
170	4	that	2.58441
170	5	my	12.2147
170	6	friend	8.38062
170	7	said	9.75025
170	8	her	8.75821
170	9	mother	5.9299
170	10	knew	11.723
170	11	the	4.27224
170	12	human	11.4372
170	13	resources	7.50633
170	14	officer	13.551
170	15	talked	16.9469
170	16	with	3.76328
170	17	the	2.93207
170	18	new	7.3812
170	19	manager	10.3991
170	20	in	6.61668
170	21	her	8.98252
170	22	office	8.74356
170	23	.	3.00035
170	24	</s>	23.3093
171	1	the	2.46696
171	2	visitor	14.2863
171	3	said	10.2848
171	4	who	14.9837
171	5	my	14.756
171	6	friend	8.20306
171	7	said	9.75025
171	8	her	8.75821
171	9	mother	5.9299
171	10	knew	11.723
171	11	the	4.27224
171	12	human	11.4372
171	13	resources	7.50633
171	14	officer	13.551
171	15	talked	16.9469
171	16	with	3.76328
171	17	in	11.3597
171	18	her	8.82001
171	19	office	8.74356
171	20	.	3.00035
171	21	</s>	23.3093
172	1	the	2.46696
172	2	visitor	14.2863
172	3	said	10.2848
172	4	who	14.9837
172	5	my	14.756
172	6	friend	8.20306
172	7	said	9.75025
172	8	her	8.75821
172	9	mother	5.9299
172	10	knew	11.723
172	11	the	4.27224
172	12	human	11.4372
172	13	resources	7.50633
172	14	officer	13.551
172	15	talked	16.9469
172	16	with	3.76328
172	17	the	2.93207
172	18	new	7.3812
172	19	manager	10.3991
172	20	in	6.61668
172	21	her	8.98252
172	22	office	8.74356
172	23	.	3.00035
172	24	</s>	23.3093
173	1	the	2.46696
173	2	visitor	14.2863
173	3	said	10.2848
173	4	that	2.58441
173	5	my	12.2147
173	6	friend	8.38062
173	7	said	9.75025
173	8	her	8.75821
173	9	mother	5.9299
173	10	knew	11.723
173	11	the	4.27224
173	12	clerk	14.4929
173	13	stated	13.6078
173	14	the	5.24247
173	15	human	11.6984
173	16	resources	7.50633
173	17	officer	13.551
173	18	talked	16.9469
173	19	with	3.76328
173	20	in	11.3597
173	21	her	8.82001
173	22	office	8.74356
173	23	.	3.00035
173	24	</s>	23.3093
174	1	the	2.46696
174	2	visitor	14.2863
174	3	said	10.2848
174	4	that	2.58441
174	5	my	12.2147
174	6	friend	8.38062
174	7	said	9.75025
174	8	her	8.75821
174	9	mother	5.9299
174	10	knew	11.723
174	11	the	4.27224
174	12	clerk	14.4929
174	13	stated	13.6078
174	14	the	5.24247
174	15	human	11.6984
174	16	resources	7.50633
174	17	officer	13.551
174	18	talked	16.9469
174	19	with	3.76328
174	20	the	2.93207
174	21	new	7.3812
174	22	manager	10.3991
174	23	in	6.61668
174	24	her	8.98252
174	25	office	8.74356
174	26	.	3.00035
174	27	</s>	23.3093
175	1	the	2.46696
175	2	visitor	14.2863
175	3	said	10.2848
175	4	who	14.9837
175	5	my	14.756
175	6	friend	8.20306
175	7	said	9.75025
175	8	her	8.75821
175	9	mother	5.9299
175	10	knew	11.723
175	11	the	4.27224
175	12	clerk	14.4929
175	13	stated	13.6078
175	14	the	5.24247
175	15	human	11.6984
175	16	resources	7.50633
175	17	officer	13.551
175	18	talked	16.9469
175	19	with	3.76328
175	20	in	11.3597
175	21	her	8.82001
175	22	office	8.74356
175	23	.	3.00035
175	24	</s>	23.3093
176	1	the	2.46696
176	2	visitor	14.2863
176	3	said	10.2848
176	4	who	14.9837
176	5	my	14.756
176	6	friend	8.20306
176	7	said	9.75025
176	8	her	8.75821
176	9	mother	5.9299
176	10	knew	11.723
176	11	the	4.27224
176	12	clerk	14.4929
176	13	stated	13.6078
176	14	the	5.24247
176	15	human	11.6984
176	16	resources	7.50633
176	17	officer	13.551
176	18	talked	16.9469
176	19	with	3.76328
176	20	the	2.93207
176	21	new	7.3812
176	22	manager	10.3991
176	23	in	6.61668
176	24	her	8.98252
176	25	office	8.74356
176	26	.	3.00035
176	27	</s>	23.3093
177	1	the	2.46696
177	2	visitor	14.2863
177	3	said	10.2848
177	4	that	2.58441
177	5	my	12.2147
177	6	friend	8.38062
177	7	said	9.75025
177	8	her	8.75821
177	9	mother	5.9299
177	10	knew	11.723
177	11	the	4.27224
177	12	clerk	14.4929
177	13	stated	13.6078
177	14	his	6.00384
177	15	friend	9.80426
177	16	saw	13.3384
177	17	the	2.9593
177	18	human	12.0606
177	19	resources	7.50633
177	20	officer	13.551
177	21	talked	16.9469
177	22	with	3.76328
177	23	in	11.3597
177	24	her	8.82001
177	25	office	8.74356
177	26	.	3.00035
177	27	</s>	23.3093
178	1	the	2.46696
178	2	visitor	14.2863
178	3	said	10.2848
178	4	that	2.58441
178	5	my	12.2147
178	6	friend	8.38062
178	7	said	9.75025
178	8	her	8.75821
178	9	mother	5.9299
178	10	knew	11.723
178	11	the	4.27224
178	12	clerk	14.4929
178	13	stated	13.6078
178	14	his	6.00384
178	15	friend	9.80426
178	16	saw	13.3384
178	17	the	2.9593
178	18	human	12.0606
178	19	resources	7.50633
178	20	officer	13.551
178	21	talked	16.9469
178	22	with	3.76328
178	23	the	2.93207
178	24	new	7.3812
178	25	manager	10.3991
178	26	in	6.61668
178	27	her	8.98252
178	28	office	8.74356
178	29	.	3.00035
178	30	</s>	23.3093
179	1	the	2.46696
179	2	visitor	14.2863
179	3	said	10.2848
179	4	who	14.9837
179	5	my	14.756
179	6	friend	8.20306
179	7	said	9.75025
179	8	her	8.75821
179	9	mother	5.9299
179	10	knew	11.723
179	11	the	4.27224
179	12	clerk	14.4929
179	13	stated	13.6078
179	14	his	6.00384
179	15	friend	9.80426
179	16	saw	13.3384
179	17	the	2.9593
179	18	human	12.0606
179	19	resources	7.50633
179	20	officer	13.551
179	21	talked	16.9469
179	22	with	3.76328
179	23	in	11.3597
179	24	her	8.82001
179	25	office	8.74356
179	26	.	3.00035
179	27	</s>	23.3093
180	1	the	2.46696
180	2	visitor	14.2863
180	3	said	10.2848
180	4	who	14.9837
180	5	my	14.756
180	6	friend	8.20306
180	7	said	9.75025
180	8	her	8.75821
180	9	mother	5.9299
180	10	knew	11.723
180	11	the	4.27224
180	12	clerk	14.4929
180	13	stated	13.6078
180	14	his	6.00384
180	15	friend	9.80426
180	16	saw	13.3384
180	17	the	2.9593
180	18	human	12.0606
180	19	resources	7.50633
180	20	officer	13.551
180	21	talked	16.9469
180	22	with	3.76328
180	23	the	2.93207
180	24	new	7.3812
180	25	manager	10.3991
180	26	in	6.61668
180	27	her	8.98252
180	28	office	8.74356
180	29	.	3.00035
180	30	</s>	23.3093
181	1	i	8.92268
181	2	know	6.35939
181	3	that	3.01867
181	4	the	4.26664
181	5	five	11.5806
181	6	star	8.54514
181	7	general	14.0886
181	8	found	13.7431
181	9	in	3.3181
181	10	the	3.14059
181	11	office	10.891
181	12	.	3.50999
181	13	</s>	25.8118
182	1	i	8.92268
182	2	know	6.35939
182	3	that	3.01867
182	4	the	4.26664
182	5	five	11.5806
182	6	star	8.54514
182	7	general	14.0886
182	8	found	13.7431
182	9	a	5.14109
182	10	gun	11.8439
182	11	in	4.19528
182	12	the	2.46244
182	13	office	10.7961
182	14	.	3.50999
182	15	</s>	25.8118
183	1	i	8.92268
183	2	know	6.35939
183	3	what	4.42758
183	4	the	4.74202
183	5	five	12.4666
183	6	star	8.48823
183	7	general	14.0886
183	8	found	13.7431
183	9	in	3.3181
183	10	the	3.14059
183	11	office	10.891
183	12	.	3.50999
183	13	</s>	25.8118
184	1	i	8.92268
184	2	know	6.35939
184	3	what	4.42758
184	4	the	4.74202
184	5	five	12.4666
184	6	star	8.48823
184	7	general	14.0886
184	8	found	13.7431
184	9	a	5.14109
184	10	gun	11.8439
184	11	in	4.19528
184	12	the	2.46244
184	13	office	10.7961
184	14	.	3.50999
184	15	</s>	25.8118
185	1	i	8.92268
185	2	know	6.35939
185	3	that	3.01867
185	4	the	4.26664
185	5	woman	10.6041
185	6	believed	13.9101
185	7	the	3.87627
185	8	five	12.1262
185	9	star	8.48823
185	10	general	14.0886
185	11	found	13.7431
185	12	in	3.3181
185	13	the	3.14059
185	14	office	10.891
185	15	.	3.50999
185	16	</s>	25.8118
186	1	i	8.92268
186	2	know	6.35939
186	3	that	3.01867
186	4	the	4.26664
186	5	woman	10.6041
186	6	believed	13.9101
186	7	the	3.87627
186	8	five	12.1262
186	9	star	8.48823
186	10	general	14.0886
186	11	found	13.7431
186	12	a	5.14109
186	13	gun	11.8439
186	14	in	4.19528
186	15	the	2.46244
186	16	office	10.7961
186	17	.	3.50999
186	18	</s>	25.8118
187	1	i	8.92268
187	2	know	6.35939
187	3	what	4.42758
187	4	the	4.74202
187	5	woman	12.5991
187	6	believed	13.7489
187	7	the	3.87627
187	8	five	12.1262
187	9	star	8.48823
187	10	general	14.0886
187	11	found	13.7431
187	12	in	3.3181
187	13	the	3.14059
187	14	office	10.891
187	15	.	3.50999
187	16	</s>	25.8118
188	1	i	8.92268
188	2	know	6.35939
188	3	what	4.42758
188	4	the	4.74202
188	5	woman	12.5991
188	6	believed	13.7489
188	7	the	3.87627
188	8	five	12.1262
188	9	star	8.48823
188	10	general	14.0886
188	11	found	13.7431
188	12	a	5.14109
188	13	gun	11.8439
188	14	in	4.19528
188	15	the	2.46244
188	16	office	10.7961
188	17	.	3.50999
188	18	</s>	25.8118
189	1	i	8.92268
189	2	know	6.35939
189	3	that	3.01867
189	4	the	4.26664
189	5	woman	10.6041
189	6	believed	13.9101
189	7	the	3.87627
189	8	secretary	12.8324
189	9	said	11.3299
189	10	the	4.51729
189	11	five	12.4264
189	12	star	8.48823
189	13	general	14.0886
189	14	found	13.7431
189	15	in	3.3181
189	16	the	3.14059
189	17	office	10.891
189	18	.	3.50999
189	19	</s>	25.8118
190	1	i	8.92268
190	2	know	6.35939
190	3	that	3.01867
190	4	the	4.26664
190	5	woman	10.6041
190	6	believed	13.9101
190	7	the	3.87627
190	8	secretary	12.8324
190	9	said	11.3299
190	10	the	4.51729
190	11	five	12.4264
190	12	star	8.48823
190	13	general	14.0886
190	14	found	13.7431
190	15	a	5.14109
190	16	gun	11.8439
190	17	in	4.19528
190	18	the	2.46244
190	19	office	10.7961
190	20	.	3.50999
190	21	</s>	25.8118
191	1	i	8.92268
191	2	know	6.35939
191	3	what	4.42758
191	4	the	4.74202
191	5	woman	12.5991
191	6	believed	13.7489
191	7	the	3.87627
191	8	secretary	12.8324
191	9	said	11.3299
191	10	the	4.51729
191	11	five	12.4264
191	12	star	8.48823
191	13	general	14.0886
191	14	found	13.7431
191	15	in	3.3181
191	16	the	3.14059
191	17	office	10.891
191	18	.	3.50999
191	19	</s>	25.8118
192	1	i	8.92268
192	2	know	6.35939
192	3	what	4.42758
192	4	the	4.74202
192	5	woman	12.5991
192	6	believed	13.7489
192	7	the	3.87627
192	8	secretary	12.8324
192	9	said	11.3299
192	10	the	4.51729
192	11	five	12.4264
192	12	star	8.48823
192	13	general	14.0886
192	14	found	13.7431
192	15	a	5.14109
192	16	gun	11.8439
192	17	in	4.19528
192	18	the	2.46244
192	19	office	10.7961
192	20	.	3.50999
192	21	</s>	25.8118
193	1	i	8.92268
193	2	know	6.35939
193	3	that	3.01867
193	4	the	4.26664
193	5	woman	10.6041
193	6	believed	13.9101
193	7	the	3.87627
193	8	secretary	12.8324
193	9	said	11.3299
193	10	her	8.56149
193	11	friend	9.53134
193	12	recalled	11.7981
193	13	the	4.00018
193	14	five	12.0594
193	15	star	8.48823
193	16	general	14.0886
193	17	found	13.7431
193	18	in	3.3181
193	19	the	3.14059
193	20	office	10.891
193	21	.	3.50999
193	22	</s>	25.8118
194	1	i	8.92268
194	2	know	6.35939
194	3	that	3.01867
194	4	the	4.26664
194	5	woman	10.6041
194	6	believed	13.9101
194	7	the	3.87627
194	8	secretary	12.8324
194	9	said	11.3299
194	10	her	8.56149
194	11	friend	9.53134
194	12	recalled	11.7981
194	13	the	4.00018
194	14	five	12.0594
194	15	star	8.48823
194	16	general	14.0886
194	17	found	13.7431
194	18	a	5.14109
194	19	gun	11.8439
194	20	in	4.19528
194	21	the	2.46244
194	22	office	10.7961
194	23	.	3.50999
194	24	</s>	25.8118
195	1	i	8.92268
195	2	know	6.35939
195	3	what	4.42758
195	4	the	4.74202
195	5	woman	12.5991
195	6	believed	13.7489
195	7	the	3.87627
195	8	secretary	12.8324
195	9	said	11.3299
195	10	her	8.56149
195	11	friend	9.53134
195	12	recalled	11.7981
195	13	the	4.00018
195	14	five	12.0594
195	15	star	8.48823
195	16	general	14.0886
195	17	found	13.7431
195	18	in	3.3181
195	19	the	3.14059
195	20	office	10.891
195	21	.	3.50999
195	22	</s>	25.8118
196	1	i	8.92268
196	2	know	6.35939
196	3	what	4.42758
196	4	the	4.74202
196	5	woman	12.5991
196	6	believed	13.7489
196	7	the	3.87627
196	8	secretary	12.8324
196	9	said	11.3299
196	10	her	8.56149
196	11	friend	9.53134
196	12	recalled	11.7981
196	13	the	4.00018
196	14	five	12.0594
196	15	star	8.48823
196	16	general	14.0886
196	17	found	13.7431
196	18	a	5.14109
196	19	gun	11.8439
196	20	in	4.19528
196	21	the	2.46244
196	22	office	10.7961
196	23	.	3.50999
196	24	</s>	25.8118
197	1	i	8.92268
197	2	know	6.35939
197	3	that	3.01867
197	4	the	4.26664
197	5	woman	10.6041
197	6	believed	13.9101
197	7	the	3.87627
197	8	secretary	12.8324
197	9	said	11.3299
197	10	her	8.56149
197	11	friend	9.53134
197	12	recalled	11.7981
197	13	a	6.40074
197	14	colleague	13.3414
197	15	thinks	16.4003
197	16	the	4.82114
197	17	five	11.9214
197	18	star	8.48823
197	19	general	14.0886
197	20	found	13.7431
197	21	in	3.3181
197	22	the	3.14059
197	23	office	10.891
197	24	.	3.50999
197	25	</s>	25.8118
198	1	i	8.92268
198	2	know	6.35939
198	3	that	3.01867
198	4	the	4.26664
198	5	woman	10.6041
198	6	believed	13.9101
198	7	the	3.87627
198	8	secretary	12.8324
198	9	said	11.3299
198	10	her	8.56149
198	11	friend	9.53134
198	12	recalled	11.7981
198	13	a	6.40074
198	14	colleague	13.3414
198	15	thinks	16.4003
198	16	the	4.82114
198	17	five	11.9214
198	18	star	8.48823
198	19	general	14.0886
198	20	found	13.7431
198	21	a	5.14109
198	22	gun	11.8439
198	23	in	4.19528
198	24	the	2.46244
198	25	office	10.7961
198	26	.	3.50999
198	27	</s>	25.8118
199	1	i	8.92268
199	2	know	6.35939
199	3	what	4.42758
199	4	the	4.74202
199	5	woman	12.5991
199	6	believed	13.7489
199	7	the	3.87627
199	8	secretary	12.8324
199	9	said	11.3299
199	10	her	8.56149
199	11	friend	9.53134
199	12	recalled	11.7981
199	13	a	6.40074
199	14	colleague	13.3414
199	15	thinks	16.4003
199	16	the	4.82114
199	17	five	11.9214
199	18	star	8.48823
199	19	general	14.0886
199	20	found	13.7431
199	21	in	3.3181
199	22	the	3.14059
199	23	office	10.891
199	24	.	3.50999
199	25	</s>	25.8118
200	1	i	8.92268
200	2	know	6.35939
200	3	what	4.42758
200	4	the	4.74202
200	5	woman	12.5991
200	6	believed	13.7489
200	7	the	3.87627
200	8	secretary	12.8324
200	9	said	11.3299
200	10	her	8.56149
200	11	friend	9.53134
200	12	recalled	11.7981
200	13	a	6.40074
200	14	colleague	13.3414
200	15	thinks	16.4003
200	16	the	4.82114
200	17	five	11.9214
200	18	star	8.48823
200	19	general	14.0886
200	20	found	13.7431
200	21	a	5.14109
200	22	gun	11.8439
200	23	in	4.19528
200	24	the	2.46244
200	25	office	10.7961
200	26	.	3.50999
200	27	</s>	25.8118
201	1	the	2.46696
201	2	colleagues	23.0567
201	3	realized	11.3871
201	4	that	2.03353
201	5	the	2.87173
201	6	journalist	13.9857
201	7	discovered	14.1771
201	8	two	7.66918
201	9	weeks	7.39638
201	10	ago	9.58569
201	11	.	3.37895
201	12	</s>	23.2368
202	1	the	2.46696
202	2	colleagues	23.0567
202	3	realized	11.3871
202	4	that	2.03353
202	5	the	2.87173
202	6	journalist	13.9857
202	7	discovered	14.1771
202	8	the	3.80588
202	9	bribery	17.4399
202	10	two	12.4382
202	11	weeks	7.39638
202	12	ago	9.58569
202	13	.	3.37895
202	14	</s>	23.2368
203	1	the	2.46696
203	2	colleagues	23.0567
203	3	realized	11.3871
203	4	what	5.79925
203	5	the	5.60738
203	6	journalist	14.9556
203	7	discovered	14.1771
203	8	two	7.66918
203	9	weeks	7.39638
203	10	ago	9.58569
203	11	.	3.37895
203	12	</s>	23.2368
204	1	the	2.46696
204	2	colleagues	23.0567
204	3	realized	11.3871
204	4	what	5.79925
204	5	the	5.60738
204	6	journalist	14.9556
204	7	discovered	14.1771
204	8	the	3.80588
204	9	bribery	17.4399
204	10	two	12.4382
204	11	weeks	7.39638
204	12	ago	9.58569
204	13	.	3.37895
204	14	</s>	23.2368
205	1	the	2.46696
205	2	colleagues	23.0567
205	3	realized	11.3871
205	4	that	2.03353
205	5	her	6.28411
205	6	mother	4.88967
205	7	stated	12.9951
205	8	the	5.09718
205	9	journalist	14.8173
205	10	discovered	14.1771
205	11	two	7.66918
205	12	weeks	7.39638
205	13	ago	9.58569
205	14	.	3.37895
205	15	</s>	23.2368
206	1	the	2.46696
206	2	colleagues	23.0567
206	3	realized	11.3871
206	4	that	2.03353
206	5	her	6.28411
206	6	mother	4.88967
206	7	stated	12.9951
206	8	the	5.09718
206	9	journalist	14.8173
206	10	discovered	14.1771
206	11	the	3.80588
206	12	bribery	17.4399
206	13	two	12.4382
206	14	weeks	7.39638
206	15	ago	9.58569
206	16	.	3.37895
206	17	</s>	23.2368
207	1	the	2.46696
207	2	colleagues	23.0567
207	3	realized	11.3871
207	4	what	5.79925
207	5	her	9.60314
207	6	mother	7.49694
207	7	stated	12.5036
207	8	the	5.09718
207	9	journalist	14.8173
207	10	discovered	14.1771
207	11	two	7.66918
207	12	weeks	7.39638
207	13	ago	9.58569
207	14	.	3.37895
207	15	</s>	23.2368
208	1	the	2.46696
208	2	colleagues	23.0567
208	3	realized	11.3871
208	4	what	5.79925
208	5	her	9.60314
208	6	mother	7.49694
208	7	stated	12.5036
208	8	the	5.09718
208	9	journalist	14.8173
208	10	discovered	14.1771
208	11	the	3.80588
208	12	bribery	17.4399
208	13	two	12.4382
208	14	weeks	7.39638
208	15	ago	9.58569
208	16	.	3.37895
208	17	</s>	23.2368
209	1	the	2.46696
209	2	colleagues	23.0567
209	3	realized	11.3871
209	4	that	2.03353
209	5	her	6.28411
209	6	mother	4.88967
209	7	stated	12.9951
209	8	a	7.43854
209	9	friend	11.49
209	10	said	10.4688
209	11	the	4.71401
209	12	journalist	14.9162
209	13	discovered	14.1771
209	14	two	7.66918
209	15	weeks	7.39638
209	16	ago	9.58569
209	17	.	3.37895
209	18	</s>	23.2368
210	1	the	2.46696
210	2	colleagues	23.0567
210	3	realized	11.3871
210	4	that	2.03353
210	5	her	6.28411
210	6	mother	4.88967
210	7	stated	12.9951
210	8	a	7.43854
210	9	friend	11.49
210	10	said	10.4688
210	11	the	4.71401
210	12	journalist	14.9162
210	13	discovered	14.1771
210	14	the	3.80588
210	15	bribery	17.4399
210	16	two	12.4382
210	17	weeks	7.39638
210	18	ago	9.58569
210	19	.	3.37895
210	20	</s>	23.2368
211	1	the	2.46696
211	2	colleagues	23.0567
211	3	realized	11.3871
211	4	what	5.79925
211	5	her	9.60314
211	6	mother	7.49694
211	7	stated	12.5036
211	8	a	7.43854
211	9	friend	11.49
211	10	said	10.4688
211	11	the	4.71401
211	12	journalist	14.9162
211	13	discovered	14.1771
211	14	two	7.66918
211	15	weeks	7.39638
211	16	ago	9.58569
211	17	.	3.37895
211	18	</s>	23.2368
212	1	the	2.46696
212	2	colleagues	23.0567
212	3	realized	11.3871
212	4	what	5.79925
212	5	her	9.60314
212	6	mother	7.49694
212	7	stated	12.5036
212	8	a	7.43854
212	9	friend	11.49
212	10	said	10.4688
212	11	the	4.71401
212	12	journalist	14.9162
212	13	discovered	14.1771
212	14	the	3.80588
212	15	bribery	17.4399
212	16	two	12.4382
212	17	weeks	7.39638
212	18	ago	9.58569
212	19	.	3.37895
212	20	</s>	23.2368
213	1	the	2.46696
213	2	colleagues	23.0567
213	3	realized	11.3871
213	4	that	2.03353
213	5	her	6.28411
213	6	mother	4.88967
213	7	stated	12.9951
213	8	a	7.43854
213	9	friend	11.49
213	10	said	10.4688
213	11	her	8.75821
213	12	husband	3.51563
213	13	knew	13.2624
213	14	the	4.27224
213	15	journalist	14.5561
213	16	discovered	14.1771
213	17	two	7.66918
213	18	weeks	7.39638
213	19	ago	9.58569
213	20	.	3.37895
213	21	</s>	23.2368
214	1	the	2.46696
214	2	colleagues	23.0567
214	3	realized	11.3871
214	4	that	2.03353
214	5	her	6.28411
214	6	mother	4.88967
214	7	stated	12.9951
214	8	a	7.43854
214	9	friend	11.49
214	10	said	10.4688
214	11	her	8.75821
214	12	husband	3.51563
214	13	knew	13.2624
214	14	the	4.27224
214	15	journalist	14.5561
214	16	discovered	14.1771
214	17	the	3.80588
214	18	bribery	17.4399
214	19	two	12.4382
214	20	weeks	7.39638
214	21	ago	9.58569
214	22	.	3.37895
214	23	</s>	23.2368
215	1	the	2.46696
215	2	colleagues	23.0567
215	3	realized	11.3871
215	4	what	5.79925
215	5	her	9.60314
215	6	mother	7.49694
215	7	stated	12.5036
215	8	a	7.43854
215	9	friend	11.49
215	10	said	10.4688
215	11	her	8.75821
215	12	husband	3.51563
215	13	knew	13.2624
215	14	the	4.27224
215	15	journalist	14.5561
215	16	discovered	14.1771
215	17	two	7.66918
215	18	weeks	7.39638
215	19	ago	9.58569
215	20	.	3.37895
215	21	</s>	23.2368
216	1	the	2.46696
216	2	colleagues	23.0567
216	3	realized	11.3871
216	4	what	5.79925
216	5	her	9.60314
216	6	mother	7.49694
216	7	stated	12.5036
216	8	a	7.43854
216	9	friend	11.49
216	10	said	10.4688
216	11	her	8.75821
216	12	husband	3.51563
216	13	knew	13.2624
216	14	the	4.27224
216	15	journalist	14.5561
216	16	discovered	14.1771
216	17	the	3.80588
216	18	bribery	17.4399
216	19	two	12.4382
216	20	weeks	7.39638
216	21	ago	9.58569
216	22	.	3.37895
216	23	</s>	23.2368
217	1	the	2.46696
217	2	colleagues	23.0567
217	3	realized	11.3871
217	4	that	2.03353
217	5	her	6.28411
217	6	mother	4.88967
217	7	stated	12.9951
217	8	a	7.43854
217	9	friend	11.49
217	10	said	10.4688
217	11	her	8.75821
217	12	husband	3.51563
217	13	knew	13.2624
217	14	his	6.10381
217	15	brother	8.63588
217	16	said	10.951
217	17	the	4.51729
217	18	journalist	14.9162
217	19	discovered	14.1771
217	20	two	7.66918
217	21	weeks	7.39638
217	22	ago	9.58569
217	23	.	3.37895
217	24	</s>	23.2368
218	1	the	2.46696
218	2	colleagues	23.0567
218	3	realized	11.3871
218	4	that	2.03353
218	5	her	6.28411
218	6	mother	4.88967
218	7	stated	12.9951
218	8	a	7.43854
218	9	friend	11.49
218	10	said	10.4688
218	11	her	8.75821
218	12	husband	3.51563
218	13	knew	13.2624
218	14	his	6.10381
218	15	brother	8.63588
218	16	said	10.951
218	17	the	4.51729
218	18	journalist	14.9162
218	19	discovered	14.1771
218	20	the	3.80588
218	21	bribery	17.4399
218	22	two	12.4382
218	23	weeks	7.39638
218	24	ago	9.58569
218	25	.	3.37895
218	26	</s>	23.2368
219	1	the	2.46696
219	2	colleagues	23.0567
219	3	realized	11.3871
219	4	what	5.79925
219	5	her	9.60314
219	6	mother	7.49694
219	7	stated	12.5036
219	8	a	7.43854
219	9	friend	11.49
219	10	said	10.4688
219	11	her	8.75821
219	12	husband	3.51563
219	13	knew	13.2624
219	14	his	6.10381
219	15	brother	8.63588
219	16	said	10.951
219	17	the	4.51729
219	18	journalist	14.9162
219	19	discovered	14.1771
219	20	two	7.66918
219	21	weeks	7.39638
219	22	ago	9.58569
219	23	.	3.37895
219	24	</s>	23.2368
220	1	the	2.46696
220	2	colleagues	23.0567
220	3	realized	11.3871
220	4	what	5.79925
220	5	her	9.60314
220	6	mother	7.49694
220	7	stated	12.5036
220	8	a	7.43854
220	9	friend	11.49
220	10	said	10.4688
220	11	her	8.75821
220	12	husband	3.51563
220	13	knew	13.2624
220	14	his	6.10381
220	15	brother	8.63588
220	16	said	10.951
220	17	the	4.51729
220	18	journalist	14.9162
220	19	discovered	14.1771
220	20	the	3.80588
220	21	bribery	17.4399
220	22	two	12.4382
220	23	weeks	7.39638
220	24	ago	9.58569
220	25	.	3.37895
220	26	</s>	23.2368
221	1	the	2.46696
221	2	accountant	18.0479
221	3	knew	14.5414
221	4	that	3.27732
221	5	the	3.23771
221	6	secretary	12.5664
221	7	introduced	15.8353
221	8	to	5.24055
221	9	her	8.75705
221	10	friend	8.33575
221	11	.	5.01135
221	12	</s>	24.8218
222	1	the	2.46696
222	2	accountant	18.0479
222	3	knew	14.5414
222	4	that	3.27732
222	5	the	3.23771
222	6	secretary	12.5664
222	7	introduced	15.8353
222	8	the	3.34482
222	9	new	5.63119
222	10	woman	10.3057
222	11	to	5.18855
222	12	her	8.65731
222	13	friend	8.33575
222	14	.	5.01135
222	15	</s>	24.8218
223	1	the	2.46696
223	2	accountant	18.0479
223	3	knew	14.5414
223	4	who	6.5865
223	5	the	4.19838
223	6	secretary	12.9498
223	7	introduced	14.9589
223	8	to	5.24055
223	9	her	8.75705
223	10	friend	8.33575
223	11	.	5.01135
223	12	</s>	24.8218
224	1	the	2.46696
224	2	accountant	18.0479
224	3	knew	14.5414
224	4	who	6.5865
224	5	the	4.19838
224	6	secretary	12.9498
224	7	introduced	14.9589
224	8	the	3.34482
224	9	new	5.63119
224	10	woman	10.3057
224	11	to	5.18855
224	12	her	8.65731
224	13	friend	8.33575
224	14	.	5.01135
224	15	</s>	24.8218
225	1	the	2.46696
225	2	accountant	18.0479
225	3	knew	14.5414
225	4	that	3.27732
225	5	the	3.23771
225	6	security	11.7785
225	7	guard	7.46344
225	8	believed	13.6357
225	9	the	3.87627
225	10	secretary	12.8324
225	11	introduced	14.9589
225	12	to	5.24055
225	13	her	8.75705
225	14	friend	8.33575
225	15	.	5.01135
225	16	</s>	24.8218
226	1	the	2.46696
226	2	accountant	18.0479
226	3	knew	14.5414
226	4	that	3.27732
226	5	the	3.23771
226	6	security	11.7785
226	7	guard	7.46344
226	8	believed	13.6357
226	9	the	3.87627
226	10	secretary	12.8324
226	11	introduced	14.9589
226	12	the	3.34482
226	13	new	5.63119
226	14	woman	10.3057
226	15	to	5.18855
226	16	her	8.65731
226	17	friend	8.33575
226	18	.	5.01135
226	19	</s>	24.8218
227	1	the	2.46696
227	2	accountant	18.0479
227	3	knew	14.5414
227	4	who	6.5865
227	5	the	4.19838
227	6	security	12.3762
227	7	guard	6.83755
227	8	believed	13.6357
227	9	the	3.87627
227	10	secretary	12.8324
227	11	introduced	14.9589
227	12	to	5.24055
227	13	her	8.75705
227	14	friend	8.33575
227	15	.	5.01135
227	16	</s>	24.8218
228	1	the	2.46696
228	2	accountant	18.0479
228	3	knew	14.5414
228	4	who	6.5865
228	5	the	4.19838
228	6	security	12.3762
228	7	guard	6.83755
228	8	believed	13.6357
228	9	the	3.87627
228	10	secretary	12.8324
228	11	introduced	14.9589
228	12	the	3.34482
228	13	new	5.63119
228	14	woman	10.3057
228	15	to	5.18855
228	16	her	8.65731
228	17	friend	8.33575
228	18	.	5.01135
228	19	</s>	24.8218
229	1	the	2.46696
229	2	accountant	18.0479
229	3	knew	14.5414
229	4	that	3.27732
229	5	the	3.23771
229	6	security	11.7785
229	7	guard	7.46344
229	8	believed	13.6357
229	9	his	6.52022
229	10	friend	9.1042
229	11	knew	13.3384
229	12	the	4.27224
229	13	secretary	12.7725
229	14	introduced	14.9589
229	15	to	5.24055
229	16	her	8.75705
229	17	friend	8.33575
229	18	.	5.01135
229	19	</s>	24.8218
230	1	the	2.46696
230	2	accountant	18.0479
230	3	knew	14.5414
230	4	that	3.27732
230	5	the	3.23771
230	6	security	11.7785
230	7	guard	7.46344
230	8	believed	13.6357
230	9	his	6.52022
230	10	friend	9.1042
230	11	knew	13.3384
230	12	the	4.27224
230	13	secretary	12.7725
230	14	introduced	14.9589
230	15	the	3.34482
230	16	new	5.63119
230	17	woman	10.3057
230	18	to	5.18855
230	19	her	8.65731
230	20	friend	8.33575
230	21	.	5.01135
230	22	</s>	24.8218
231	1	the	2.46696
231	2	accountant	18.0479
231	3	knew	14.5414
231	4	who	6.5865
231	5	the	4.19838
231	6	security	12.3762
231	7	guard	6.83755
231	8	believed	13.6357
231	9	his	6.52022
231	10	friend	9.1042
231	11	knew	13.3384
231	12	the	4.27224
231	13	secretary	12.7725
231	14	introduced	14.9589
231	15	to	5.24055
231	16	her	8.75705
231	17	friend	8.33575
231	18	.	5.01135
231	19	</s>	24.8218
232	1	the	2.46696
232	2	accountant	18.0479
232	3	knew	14.5414
232	4	who	6.5865
232	5	the	4.19838
232	6	security	12.3762
232	7	guard	6.83755
232	8	believed	13.6357
232	9	his	6.52022
232	10	friend	9.1042
232	11	knew	13.3384
232	12	the	4.27224
232	13	secretary	12.7725
232	14	introduced	14.9589
232	15	the	3.34482
232	16	new	5.63119
232	17	woman	10.3057
232	18	to	5.18855
232	19	her	8.65731
232	20	friend	8.33575
232	21	.	5.01135
232	22	</s>	24.8218
233	1	the	2.46696
233	2	accountant	18.0479
233	3	knew	14.5414
233	4	that	3.27732
233	5	the	3.23771
233	6	security	11.7785
233	7	guard	7.46344
233	8	believed	13.6357
233	9	his	6.52022
233	10	friend	9.1042
233	11	knew	13.3384
233	12	the	4.27224
233	13	assistant	14.5561
233	14	reported	14.1248
233	15	the	4.76018
233	16	secretary	13.085
233	17	introduced	14.9589
233	18	to	5.24055
233	19	her	8.75705
233	20	friend	8.33575
233	21	.	5.01135
233	22	</s>	24.8218
234	1	the	2.46696
234	2	accountant	18.0479
234	3	knew	14.5414
234	4	that	3.27732
234	5	the	3.23771
234	6	security	11.7785
234	7	guard	7.46344
234	8	believed	13.6357
234	9	his	6.52022
234	10	friend	9.1042
234	11	knew	13.3384
234	12	the	4.27224
234	13	assistant	14.5561
234	14	reported	14.1248
234	15	the	4.76018
234	16	secretary	13.085
234	17	introduced	14.9589
234	18	the	3.34482
234	19	new	5.63119
234	20	woman	10.3057
234	21	to	5.18855
234	22	her	8.65731
234	23	friend	8.33575
234	24	.	5.01135
234	25	</s>	24.8218
235	1	the	2.46696
235	2	accountant	18.0479
235	3	knew	14.5414
235	4	who	6.5865
235	5	the	4.19838
235	6	security	12.3762
235	7	guard	6.83755
235	8	believed	13.6357
235	9	his	6.52022
235	10	friend	9.1042
235	11	knew	13.3384
235	12	the	4.27224
235	13	assistant	14.5561
235	14	reported	14.1248
235	15	the	4.76018
235	16	secretary	13.085
235	17	introduced	14.9589
235	18	to	5.24055
235	19	her	8.75705
235	20	friend	8.33575
235	21	.	5.01135
235	22	</s>	24.8218
236	1	the	2.46696
236	2	accountant	18.0479
236	3	knew	14.5414
236	4	who	6.5865
236	5	the	4.19838
236	6	security	12.3762
236	7	guard	6.83755
236	8	believed	13.6357
236	9	his	6.52022
236	10	friend	9.1042
236	11	knew	13.3384
236	12	the	4.27224
236	13	assistant	14.5561
236	14	reported	14.1248
236	15	the	4.76018
236	16	secretary	13.085
236	17	introduced	14.9589
236	18	the	3.34482
236	19	new	5.63119
236	20	woman	10.3057
236	21	to	5.18855
236	22	her	8.65731
236	23	friend	8.33575
236	24	.	5.01135
236	25	</s>	24.8218
237	1	the	2.46696
237	2	accountant	18.0479
237	3	knew	14.5414
237	4	that	3.27732
237	5	the	3.23771
237	6	security	11.7785
237	7	guard	7.46344
237	8	believed	13.6357
237	9	his	6.52022
237	10	friend	9.1042
237	11	knew	13.3384
237	12	the	4.27224
237	13	assistant	14.5561
237	14	reported	14.1248
237	15	her	8.92562
237	16	colleague	12.2381
237	17	suspected	15.3834
237	18	the	5.15323
237	19	secretary	12.6713
237	20	introduced	14.9589
237	21	to	5.24055
237	22	her	8.75705
237	23	friend	8.33575
237	24	.	5.01135
237	25	</s>	24.8218
238	1	the	2.46696
238	2	accountant	18.0479
238	3	knew	14.5414
238	4	that	3.27732
238	5	the	3.23771
238	6	security	11.7785
238	7	guard	7.46344
238	8	believed	13.6357
238	9	his	6.52022
238	10	friend	9.1042
238	11	knew	13.3384
238	12	the	4.27224
238	13	assistant	14.5561
238	14	reported	14.1248
238	15	her	8.92562
238	16	colleague	12.2381
238	17	suspected	15.3834
238	18	the	5.15323
238	19	secretary	12.6713
238	20	introduced	14.9589
238	21	the	3.34482
238	22	new	5.63119
238	23	woman	10.3057
238	24	to	5.18855
238	25	her	8.65731
238	26	friend	8.33575
238	27	.	5.01135
238	28	</s>	24.8218
239	1	the	2.46696
239	2	accountant	18.0479
239	3	knew	14.5414
239	4	who	6.5865
239	5	the	4.19838
239	6	security	12.3762
239	7	guard	6.83755
239	8	believed	13.6357
239	9	his	6.52022
239	10	friend	9.1042
239	11	knew	13.3384
239	12	the	4.27224
239	13	assistant	14.5561
239	14	reported	14.1248
239	15	her	8.92562
239	16	colleague	12.2381
239	17	suspected	15.3834
239	18	the	5.15323
239	19	secretary	12.6713
239	20	introduced	14.9589
239	21	to	5.24055
239	22	her	8.75705
239	23	friend	8.33575
239	24	.	5.01135
239	25	</s>	24.8218
240	1	the	2.46696
240	2	accountant	18.0479
240	3	knew	14.5414
240	4	who	6.5865
240	5	the	4.19838
240	6	security	12.3762
240	7	guard	6.83755
240	8	believed	13.6357
240	9	his	6.52022
240	10	friend	9.1042
240	11	knew	13.3384
240	12	the	4.27224
240	13	assistant	14.5561
240	14	reported	14.1248
240	15	her	8.92562
240	16	colleague	12.2381
240	17	suspected	15.3834
240	18	the	5.15323
240	19	secretary	12.6713
240	20	introduced	14.9589
240	21	the	3.34482
240	22	new	5.63119
240	23	woman	10.3057
240	24	to	5.18855
240	25	her	8.65731
240	26	friend	8.33575
240	27	.	5.01135
240	28	</s>	24.8218
241	1	she	6.52858
241	2	said	6.93829
241	3	that	1.80371
241	4	the	3.36042
241	5	reporter	14.1824
241	6	put	13.6578
241	7	on	4.38583
241	8	the	3.33946
241	9	table	6.20035
241	10	.	2.58682
241	11	</s>	27.1167
242	1	she	6.52858
242	2	said	6.93829
242	3	that	1.80371
242	4	the	3.36042
242	5	reporter	14.1824
242	6	put	13.6578
242	7	the	3.90355
242	8	microphone	14.3186
242	9	on	6.1863
242	10	the	2.09884
242	11	table	9.65054
242	12	.	2.58682
242	13	</s>	27.1167
243	1	she	6.52858
243	2	said	6.93829
243	3	what	11.3801
243	4	the	3.09884
243	5	reporter	14.9236
243	6	put	13.6578
243	7	on	4.38583
243	8	the	3.33946
243	9	table	6.20035
243	10	.	2.58682
243	11	</s>	27.1167
244	1	she	6.52858
244	2	said	6.93829
244	3	what	11.3801
244	4	the	3.09884
244	5	reporter	14.9236
244	6	put	13.6578
244	7	the	3.90355
244	8	microphone	14.3186
244	9	on	6.1863
244	10	the	2.09884
244	11	table	9.65054
244	12	.	2.58682
244	13	</s>	27.1167
245	1	she	6.52858
245	2	said	6.93829
245	3	that	1.80371
245	4	the	3.36042
245	5	politician	16.246
245	6	stated	13.6211
245	7	the	5.24247
245	8	reporter	14.7854
245	9	put	13.6578
245	10	on	4.38583
245	11	the	3.33946
245	12	table	6.20035
245	13	.	2.58682
245	14	</s>	27.1167
246	1	she	6.52858
246	2	said	6.93829
246	3	that	1.80371
246	4	the	3.36042
246	5	politician	16.246
246	6	stated	13.6211
246	7	the	5.24247
246	8	reporter	14.7854
246	9	put	13.6578
246	10	the	3.90355
246	11	microphone	14.3186
246	12	on	6.1863
246	13	the	2.09884
246	14	table	9.65054
246	15	.	2.58682
246	16	</s>	27.1167
247	1	she	6.52858
247	2	said	6.93829
247	3	what	11.3801
247	4	the	3.09884
247	5	politician	16.001
247	6	stated	13.6211
247	7	the	5.24247
247	8	reporter	14.7854
247	9	put	13.6578
247	10	on	4.38583
247	11	the	3.33946
247	12	table	6.20035
247	13	.	2.58682
247	14	</s>	27.1167
248	1	she	6.52858
248	2	said	6.93829
248	3	what	11.3801
248	4	the	3.09884
248	5	politician	16.001
248	6	stated	13.6211
248	7	the	5.24247
248	8	reporter	14.7854
248	9	put	13.6578
248	10	the	3.90355
248	11	microphone	14.3186
248	12	on	6.1863
248	13	the	2.09884
248	14	table	9.65054
248	15	.	2.58682
248	16	</s>	27.1167
249	1	she	6.52858
249	2	said	6.93829
249	3	that	1.80371
249	4	the	3.36042
249	5	politician	16.246
249	6	stated	13.6211
249	7	his	6.00384
249	8	press	13.3906
249	9	secretary	2.43156
249	10	said	7.12452
249	11	the	4.51729
249	12	reporter	14.8842
249	13	put	13.6578
249	14	on	4.38583
249	15	the	3.33946
249	16	table	6.20035
249	17	.	2.58682
249	18	</s>	27.1167
250	1	she	6.52858
250	2	said	6.93829
250	3	that	1.80371
250	4	the	3.36042
250	5	politician	16.246
250	6	stated	13.6211
250	7	his	6.00384
250	8	press	13.3906
250	9	secretary	2.43156
250	10	said	7.12452
250	11	the	4.51729
250	12	reporter	14.8842
250	13	put	13.6578
250	14	the	3.90355
250	15	microphone	14.3186
250	16	on	6.1863
250	17	the	2.09884
250	18	table	9.65054
250	19	.	2.58682
250	20	</s>	27.1167
251	1	she	6.52858
251	2	said	6.93829
251	3	what	11.3801
251	4	the	3.09884
251	5	politician	16.001
251	6	stated	13.6211
251	7	his	6.00384
251	8	press	13.3906
251	9	secretary	2.43156
251	10	said	7.12452
251	11	the	4.51729
251	12	reporter	14.8842
251	13	put	13.6578
251	14	on	4.38583
251	15	the	3.33946
251	16	table	6.20035
251	17	.	2.58682
251	18	</s>	27.1167
252	1	she	6.52858
252	2	said	6.93829
252	3	what	11.3801
252	4	the	3.09884
252	5	politician	16.001
252	6	stated	13.6211
252	7	his	6.00384
252	8	press	13.3906
252	9	secretary	2.43156
252	10	said	7.12452
252	11	the	4.51729
252	12	reporter	14.8842
252	13	put	13.6578
252	14	the	3.90355
252	15	microphone	14.3186
252	16	on	6.1863
252	17	the	2.09884
252	18	table	9.65054
252	19	.	2.58682
252	20	</s>	27.1167
253	1	she	6.52858
253	2	said	6.93829
253	3	that	1.80371
253	4	the	3.36042
253	5	politician	16.246
253	6	stated	13.6211
253	7	his	6.00384
253	8	press	13.3906
253	9	secretary	2.43156
253	10	said	7.12452
253	11	the	4.51729
253	12	chief	12.2078
253	13	of	4.21481
253	14	staff	2.90901
253	15	thought	15.2593
253	16	the	4.36895
253	17	reporter	14.7372
253	18	put	13.6578
253	19	on	4.38583
253	20	the	3.33946
253	21	table	6.20035
253	22	.	2.58682
253	23	</s>	27.1167
254	1	she	6.52858
254	2	said	6.93829
254	3	that	1.80371
254	4	the	3.36042
254	5	politician	16.246
254	6	stated	13.6211
254	7	his	6.00384
254	8	press	13.3906
254	9	secretary	2.43156
254	10	said	7.12452
254	11	the	4.51729
254	12	chief	12.2078
254	13	of	4.21481
254	14	staff	2.90901
254	15	thought	15.2593
254	16	the	4.36895
254	17	reporter	14.7372
254	18	put	13.6578
254	19	the	3.90355
254	20	microphone	14.3186
254	21	on	6.1863
254	22	the	2.09884
254	23	table	9.65054
254	24	.	2.58682
254	25	</s>	27.1167
255	1	she	6.52858
255	2	said	6.93829
255	3	what	11.3801
255	4	the	3.09884
255	5	politician	16.001
255	6	stated	13.6211
255	7	his	6.00384
255	8	press	13.3906
255	9	secretary	2.43156
255	10	said	7.12452
255	11	the	4.51729
255	12	chief	12.2078
255	13	of	4.21481
255	14	staff	2.90901
255	15	thought	15.2593
255	16	the	4.36895
255	17	reporter	14.7372
255	18	put	13.6578
255	19	on	4.38583
255	20	the	3.33946
255	21	table	6.20035
255	22	.	2.58682
255	23	</s>	27.1167
256	1	she	6.52858
256	2	said	6.93829
256	3	what	11.3801
256	4	the	3.09884
256	5	politician	16.001
256	6	stated	13.6211
256	7	his	6.00384
256	8	press	13.3906
256	9	secretary	2.43156
256	10	said	7.12452
256	11	the	4.51729
256	12	chief	12.2078
256	13	of	4.21481
256	14	staff	2.90901
256	15	thought	15.2593
256	16	the	4.36895
256	17	reporter	14.7372
256	18	put	13.6578
256	19	the	3.90355
256	20	microphone	14.3186
256	21	on	6.1863
256	22	the	2.09884
256	23	table	9.65054
256	24	.	2.58682
256	25	</s>	27.1167
257	1	she	6.52858
257	2	said	6.93829
257	3	that	1.80371
257	4	the	3.36042
257	5	politician	16.246
257	6	stated	13.6211
257	7	his	6.00384
257	8	press	13.3906
257	9	secretary	2.43156
257	10	said	7.12452
257	11	the	4.51729
257	12	chief	12.2078
257	13	of	4.21481
257	14	staff	2.90901
257	15	thought	15.2593
257	16	his	7.18673
257	17	assistant	11.1713
257	18	suspects	16.775
257	19	the	5.10097
257	20	reporter	14.3594
257	21	put	13.6578
257	22	on	4.38583
257	23	the	3.33946
257	24	table	6.20035
257	25	.	2.58682
257	26	</s>	27.1167
258	1	she	6.52858
258	2	said	6.93829
258	3	that	1.80371
258	4	the	3.36042
258	5	politician	16.246
258	6	stated	13.6211
258	7	his	6.00384
258	8	press	13.3906
258	9	secretary	2.43156
258	10	said	7.12452
258	11	the	4.51729
258	12	chief	12.2078
258	13	of	4.21481
258	14	staff	2.90901
258	15	thought	15.2593
258	16	his	7.18673
258	17	assistant	11.1713
258	18	suspects	16.775
258	19	the	5.10097
258	20	reporter	14.3594
258	21	put	13.6578
258	22	the	3.90355
258	23	microphone	14.3186
258	24	on	6.1863
258	25	the	2.09884
258	26	table	9.65054
258	27	.	2.58682
258	28	</s>	27.1167
259	1	she	6.52858
259	2	said	6.93829
259	3	what	11.3801
259	4	the	3.09884
259	5	politician	16.001
259	6	stated	13.6211
259	7	his	6.00384
259	8	press	13.3906
259	9	secretary	2.43156
259	10	said	7.12452
259	11	the	4.51729
259	12	chief	12.2078
259	13	of	4.21481
259	14	staff	2.90901
259	15	thought	15.2593
259	16	his	7.18673
259	17	assistant	11.1713
259	18	suspects	16.775
259	19	the	5.10097
259	20	reporter	14.3594
259	21	put	13.6578
259	22	on	4.38583
259	23	the	3.33946
259	24	table	6.20035
259	25	.	2.58682
259	26	</s>	27.1167
260	1	she	6.52858
260	2	said	6.93829
260	3	what	11.3801
260	4	the	3.09884
260	5	politician	16.001
260	6	stated	13.6211
260	7	his	6.00384
260	8	press	13.3906
260	9	secretary	2.43156
260	10	said	7.12452
260	11	the	4.51729
260	12	chief	12.2078
260	13	of	4.21481
260	14	staff	2.90901
260	15	thought	15.2593
260	16	his	7.18673
260	17	assistant	11.1713
260	18	suspects	16.775
260	19	the	5.10097
260	20	reporter	14.3594
260	21	put	13.6578
260	22	the	3.90355
260	23	microphone	14.3186
260	24	on	6.1863
260	25	the	2.09884
260	26	table	9.65054
260	27	.	2.58682
260	28	</s>	27.1167
261	1	we	10.0475
261	2	all	6.75965
261	3	know	4.10726
261	4	that	2.3121
261	5	the	4.10609
261	6	teacher	13.3817
261	7	gave	13.0008
261	8	to	6.29814
261	9	her	6.51066
261	10	students	11.4985
261	11	.	4.41548
261	12	</s>	23.6519
262	1	we	10.0475
262	2	all	6.75965
262	3	know	4.10726
262	4	that	2.3121
262	5	the	4.10609
262	6	teacher	13.3817
262	7	gave	13.0008
262	8	a	4.06011
262	9	test	11.9799
262	10	to	5.16523
262	11	her	9.50796
262	12	students	11.4985
262	13	.	4.41548
262	14	</s>	23.6519
263	1	we	10.0475
263	2	all	6.75965
263	3	know	4.10726
263	4	what	4.50577
263	5	the	4.27848
263	6	teacher	10.8583
263	7	gave	13.0008
263	8	to	6.29814
263	9	her	6.51066
263	10	students	11.4985
263	11	.	4.41548
263	12	</s>	23.6519
264	1	we	10.0475
264	2	all	6.75965
264	3	know	4.10726
264	4	what	4.50577
264	5	the	4.27848
264	6	teacher	10.8583
264	7	gave	13.0008
264	8	a	4.06011
264	9	test	11.9799
264	10	to	5.16523
264	11	her	9.50796
264	12	students	11.4985
264	13	.	4.41548
264	14	</s>	23.6519
265	1	we	10.0475
265	2	all	6.75965
265	3	know	4.10726
265	4	that	2.3121
265	5	the	4.10609
265	6	old	9.77503
265	7	man	5.08363
265	8	thinks	11.3587
265	9	the	4.82114
265	10	teacher	13.2237
265	11	gave	13.0008
265	12	to	6.29814
265	13	her	6.51066
265	14	students	11.4985
265	15	.	4.41548
265	16	</s>	23.6519
266	1	we	10.0475
266	2	all	6.75965
266	3	know	4.10726
266	4	that	2.3121
266	5	the	4.10609
266	6	old	9.77503
266	7	man	5.08363
266	8	thinks	11.3587
266	9	the	4.82114
266	10	teacher	13.2237
266	11	gave	13.0008
266	12	a	4.06011
266	13	test	11.9799
266	14	to	5.16523
266	15	her	9.50796
266	16	students	11.4985
266	17	.	4.41548
266	18	</s>	23.6519
267	1	we	10.0475
267	2	all	6.75965
267	3	know	4.10726
267	4	what	4.50577
267	5	the	4.27848
267	6	old	10.8878
267	7	man	6.57065
267	8	thinks	11.3587
267	9	the	4.82114
267	10	teacher	13.2237
267	11	gave	13.0008
267	12	to	6.29814
267	13	her	6.51066
267	14	students	11.4985
267	15	.	4.41548
267	16	</s>	23.6519
268	1	we	10.0475
268	2	all	6.75965
268	3	know	4.10726
268	4	what	4.50577
268	5	the	4.27848
268	6	old	10.8878
268	7	man	6.57065
268	8	thinks	11.3587
268	9	the	4.82114
268	10	teacher	13.2237
268	11	gave	13.0008
268	12	a	4.06011
268	13	test	11.9799
268	14	to	5.16523
268	15	her	9.50796
268	16	students	11.4985
268	17	.	4.41548
268	18	</s>	23.6519
269	1	we	10.0475
269	2	all	6.75965
269	3	know	4.10726
269	4	that	2.3121
269	5	the	4.10609
269	6	old	9.77503
269	7	man	5.08363
269	8	thinks	11.3587
269	9	the	4.82114
269	10	woman	12.0539
269	11	knows	16.1853
269	12	the	3.98972
269	13	teacher	13.4119
269	14	gave	13.0008
269	15	to	6.29814
269	16	her	6.51066
269	17	students	11.4985
269	18	.	4.41548
269	19	</s>	23.6519
270	1	we	10.0475
270	2	all	6.75965
270	3	know	4.10726
270	4	that	2.3121
270	5	the	4.10609
270	6	old	9.77503
270	7	man	5.08363
270	8	thinks	11.3587
270	9	the	4.82114
270	10	woman	12.0539
270	11	knows	16.1853
270	12	the	3.98972
270	13	teacher	13.4119
270	14	gave	13.0008
270	15	a	4.06011
270	16	test	11.9799
270	17	to	5.16523
270	18	her	9.50796
270	19	students	11.4985
270	20	.	4.41548
270	21	</s>	23.6519
271	1	we	10.0475
271	2	all	6.75965
271	3	know	4.10726
271	4	what	4.50577
271	5	the	4.27848
271	6	old	10.8878
271	7	man	6.57065
271	8	thinks	11.3587
271	9	the	4.82114
271	10	woman	12.0539
271	11	knows	16.1853
271	12	the	3.98972
271	13	teacher	13.4119
271	14	gave	13.0008
271	15	to	6.29814
271	16	her	6.51066
271	17	students	11.4985
271	18	.	4.41548
271	19	</s>	23.6519
272	1	we	10.0475
272	2	all	6.75965
272	3	know	4.10726
272	4	what	4.50577
272	5	the	4.27848
272	6	old	10.8878
272	7	man	6.57065
272	8	thinks	11.3587
272	9	the	4.82114
272	10	woman	12.0539
272	11	knows	16.1853
272	12	the	3.98972
272	13	teacher	13.4119
272	14	gave	13.0008
272	15	a	4.06011
272	16	test	11.9799
272	17	to	5.16523
272	18	her	9.50796
272	19	students	11.4985
272	20	.	4.41548
272	21	</s>	23.6519
273	1	we	10.0475
273	2	all	6.75965
273	3	know	4.10726
273	4	that	2.3121
273	5	the	4.10609
273	6	old	9.77503
273	7	man	5.08363
273	8	thinks	11.3587
273	9	the	4.82114
273	10	woman	12.0539
273	11	knows	16.1853
273	12	the	3.98972
273	13	young	11.1792
273	14	boy	7.24626
273	15	said	12.8155
273	16	the	4.51729
273	17	teacher	13.7287
273	18	gave	13.0008
273	19	to	6.29814
273	20	her	6.51066
273	21	students	11.4985
273	22	.	4.41548
273	23	</s>	23.6519
274	1	we	10.0475
274	2	all	6.75965
274	3	know	4.10726
274	4	that	2.3121
274	5	the	4.10609
274	6	old	9.77503
274	7	man	5.08363
274	8	thinks	11.3587
274	9	the	4.82114
274	10	woman	12.0539
274	11	knows	16.1853
274	12	the	3.98972
274	13	young	11.1792
274	14	boy	7.24626
274	15	said	12.8155
274	16	the	4.51729
274	17	teacher	13.7287
274	18	gave	13.0008
274	19	a	4.06011
274	20	test	11.9799
274	21	to	5.16523
274	22	her	9.50796
274	23	students	11.4985
274	24	.	4.41548
274	25	</s>	23.6519
275	1	we	10.0475
275	2	all	6.75965
275	3	know	4.10726
275	4	what	4.50577
275	5	the	4.27848
275	6	old	10.8878
275	7	man	6.57065
275	8	thinks	11.3587
275	9	the	4.82114
275	10	woman	12.0539
275	11	knows	16.1853
275	12	the	3.98972
275	13	young	11.1792
275	14	boy	7.24626
275	15	said	12.8155
275	16	the	4.51729
275	17	teacher	13.7287
275	18	gave	13.0008
275	19	to	6.29814
275	20	her	6.51066
275	21	students	11.4985
275	22	.	4.41548
275	23	</s>	23.6519
276	1	we	10.0475
276	2	all	6.75965
276	3	know	4.10726
276	4	what	4.50577
276	5	the	4.27848
276	6	old	10.8878
276	7	man	6.57065
276	8	thinks	11.3587
276	9	the	4.82114
276	10	woman	12.0539
276	11	knows	16.1853
276	12	the	3.98972
276	13	young	11.1792
276	14	boy	7.24626
276	15	said	12.8155
276	16	the	4.51729
276	17	teacher	13.7287
276	18	gave	13.0008
276	19	a	4.06011
276	20	test	11.9799
276	21	to	5.16523
276	22	her	9.50796
276	23	students	11.4985
276	24	.	4.41548
276	25	</s>	23.6519
277	1	we	10.0475
277	2	all	6.75965
277	3	know	4.10726
277	4	that	2.3121
277	5	the	4.10609
277	6	old	9.77503
277	7	man	5.08363
277	8	thinks	11.3587
277	9	the	4.82114
277	10	woman	12.0539
277	11	knows	16.1853
277	12	the	3.98972
277	13	young	11.1792
277	14	boy	7.24626
277	15	said	12.8155
277	16	his	6.83762
277	17	friend	9.31131
277	18	saw	13.3384
277	19	the	2.9593
277	20	teacher	13.9921
277	21	gave	13.0008
277	22	to	6.29814
277	23	her	6.51066
277	24	students	11.4985
277	25	.	4.41548
277	26	</s>	23.6519
278	1	we	10.0475
278	2	all	6.75965
278	3	know	4.10726
278	4	that	2.3121
278	5	the	4.10609
278	6	old	9.77503
278	7	man	5.08363
278	8	thinks	11.3587
278	9	the	4.82114
278	10	woman	12.0539
278	11	knows	16.1853
278	12	the	3.98972
278	13	young	11.1792
278	14	boy	7.24626
278	15	said	12.8155
278	16	his	6.83762
278	17	friend	9.31131
278	18	saw	13.3384
278	19	the	2.9593
278	20	teacher	13.9921
278	21	gave	13.0008
278	22	a	4.06011
278	23	test	11.9799
278	24	to	5.16523
278	25	her	9.50796
278	26	students	11.4985
278	27	.	4.41548
278	28	</s>	23.6519
279	1	we	10.0475
279	2	all	6.75965
279	3	know	4.10726
279	4	what	4.50577
279	5	the	4.27848
279	6	old	10.8878
279	7	man	6.57065
279	8	thinks	11.3587
279	9	the	4.82114
279	10	woman	12.0539
279	11	knows	16.1853
279	12	the	3.98972
279	13	young	11.1792
279	14	boy	7.24626
279	15	said	12.8155
279	16	his	6.83762
279	17	friend	9.31131
279	18	saw	13.3384
279	19	the	2.9593
279	20	teacher	13.9921
279	21	gave	13.0008
279	22	to	6.29814
279	23	her	6.51066
279	24	students	11.4985
279	25	.	4.41548
279	26	</s>	23.6519
280	1	we	10.0475
280	2	all	6.75965
280	3	know	4.10726
280	4	what	4.50577
280	5	the	4.27848
280	6	old	10.8878
280	7	man	6.57065
280	8	thinks	11.3587
280	9	the	4.82114
280	10	woman	12.0539
280	11	knows	16.1853
280	12	the	3.98972
280	13	young	11.1792
280	14	boy	7.24626
280	15	said	12.8155
280	16	his	6.83762
280	17	friend	9.31131
280	18	saw	13.3384
280	19	the	2.9593
280	20	teacher	13.9921
280	21	gave	13.0008
280	22	a	4.06011
280	23	test	11.9799
280	24	to	5.16523
280	25	her	9.50796
280	26	students	11.4985
280	27	.	4.41548
280	28	</s>	23.6519
281	1	i	8.92268
281	2	know	6.35939
281	3	that	3.01867
281	4	the	4.26664
281	5	priest	11.656
281	6	congratulated	18.8657
281	7	after	10.4723
281	8	the	3.49999
281	9	service	11.6994
281	10	.	3.65777
281	11	</s>	22.7871
282	1	i	8.92268
282	2	know	6.35939
282	3	that	3.01867
282	4	the	4.26664
282	5	priest	11.656
282	6	congratulated	18.8657
282	7	the	3.5547
282	8	couple	11.9016
282	9	after	8.82506
282	10	the	2.78694
282	11	service	11.6994
282	12	.	3.65777
282	13	</s>	22.7871
283	1	i	8.92268
283	2	know	6.35939
283	3	who	6.55265
283	4	the	5.15736
283	5	priest	13.7181
283	6	congratulated	18.774
283	7	after	10.4723
283	8	the	3.49999
283	9	service	11.6994
283	10	.	3.65777
283	11	</s>	22.7871
284	1	i	8.92268
284	2	know	6.35939
284	3	who	6.55265
284	4	the	5.15736
284	5	priest	13.7181
284	6	congratulated	18.774
284	7	the	3.5547
284	8	couple	11.9016
284	9	after	8.82506
284	10	the	2.78694
284	11	service	11.6994
284	12	.	3.65777
284	13	</s>	22.7871
285	1	i	8.92268
285	2	know	6.35939
285	3	that	3.01867
285	4	the	4.26664
285	5	man	9.65412
285	6	thinks	12.22
285	7	the	4.82114
285	8	priest	13.3115
285	9	congratulated	18.774
285	10	after	10.4723
285	11	the	3.49999
285	12	service	11.6994
285	13	.	3.65777
285	14	</s>	22.7871
286	1	i	8.92268
286	2	know	6.35939
286	3	that	3.01867
286	4	the	4.26664
286	5	man	9.65412
286	6	thinks	12.22
286	7	the	4.82114
286	8	priest	13.3115
286	9	congratulated	18.774
286	10	the	3.5547
286	11	couple	11.9016
286	12	after	8.82506
286	13	the	2.78694
286	14	service	11.6994
286	15	.	3.65777
286	16	</s>	22.7871
287	1	i	8.92268
287	2	know	6.35939
287	3	who	6.55265
287	4	the	5.15736
287	5	man	6.97564
287	6	thinks	12.1316
287	7	the	4.82114
287	8	priest	13.3115
287	9	congratulated	18.774
287	10	after	10.4723
287	11	the	3.49999
287	12	service	11.6994
287	13	.	3.65777
287	14	</s>	22.7871
288	1	i	8.92268
288	2	know	6.35939
288	3	who	6.55265
288	4	the	5.15736
288	5	man	6.97564
288	6	thinks	12.1316
288	7	the	4.82114
288	8	priest	13.3115
288	9	congratulated	18.774
288	10	the	3.5547
288	11	couple	11.9016
288	12	after	8.82506
288	13	the	2.78694
288	14	service	11.6994
288	15	.	3.65777
288	16	</s>	22.7871
289	1	i	8.92268
289	2	know	6.35939
289	3	that	3.01867
289	4	the	4.26664
289	5	man	9.65412
289	6	thinks	12.22
289	7	the	4.82114
289	8	woman	12.0539
289	9	said	9.79886
289	10	the	4.76385
289	11	priest	13.8165
289	12	congratulated	18.774
289	13	after	10.4723
289	14	the	3.49999
289	15	service	11.6994
289	16	.	3.65777
289	17	</s>	22.7871
290	1	i	8.92268
290	2	know	6.35939
290	3	that	3.01867
290	4	the	4.26664
290	5	man	9.65412
290	6	thinks	12.22
290	7	the	4.82114
290	8	woman	12.0539
290	9	said	9.79886
290	10	the	4.76385
290	11	priest	13.8165
290	12	congratulated	18.774
290	13	the	3.5547
290	14	couple	11.9016
290	15	after	8.82506
290	16	the	2.78694
290	17	service	11.6994
290	18	.	3.65777
290	19	</s>	22.7871
291	1	i	8.92268
291	2	know	6.35939
291	3	who	6.55265
291	4	the	5.15736
291	5	man	6.97564
291	6	thinks	12.1316
291	7	the	4.82114
291	8	woman	12.0539
291	9	said	9.79886
291	10	the	4.76385
291	11	priest	13.8165
291	12	congratulated	18.774
291	13	after	10.4723
291	14	the	3.49999
291	15	service	11.6994
291	16	.	3.65777
291	17	</s>	22.7871
292	1	i	8.92268
292	2	know	6.35939
292	3	who	6.55265
292	4	the	5.15736
292	5	man	6.97564
292	6	thinks	12.1316
292	7	the	4.82114
292	8	woman	12.0539
292	9	said	9.79886
292	10	the	4.76385
292	11	priest	13.8165
292	12	congratulated	18.774
292	13	the	3.5547
292	14	couple	11.9016
292	15	after	8.82506
292	16	the	2.78694
292	17	service	11.6994
292	18	.	3.65777
292	19	</s>	22.7871
293	1	i	8.92268
293	2	know	6.35939
293	3	that	3.01867
293	4	the	4.26664
293	5	man	9.65412
293	6	thinks	12.22
293	7	the	4.82114
293	8	woman	12.0539
293	9	said	9.79886
293	10	she	6.23329
293	11	believed	6.34785
293	12	the	3.66745
293	13	priest	13.5164
293	14	congratulated	18.774
293	15	after	10.4723
293	16	the	3.49999
293	17	service	11.6994
293	18	.	3.65777
293	19	</s>	22.7871
294	1	i	8.92268
294	2	know	6.35939
294	3	that	3.01867
294	4	the	4.26664
294	5	man	9.65412
294	6	thinks	12.22
294	7	the	4.82114
294	8	woman	12.0539
294	9	said	9.79886
294	10	she	6.23329
294	11	believed	6.34785
294	12	the	3.66745
294	13	priest	13.5164
294	14	congratulated	18.774
294	15	the	3.5547
294	16	couple	11.9016
294	17	after	8.82506
294	18	the	2.78694
294	19	service	11.6994
294	20	.	3.65777
294	21	</s>	22.7871
295	1	i	8.92268
295	2	know	6.35939
295	3	who	6.55265
295	4	the	5.15736
295	5	man	6.97564
295	6	thinks	12.1316
295	7	the	4.82114
295	8	woman	12.0539
295	9	said	9.79886
295	10	she	6.23329
295	11	believed	6.34785
295	12	the	3.66745
295	13	priest	13.5164
295	14	congratulated	18.774
295	15	after	10.4723
295	16	the	3.49999
295	17	service	11.6994
295	18	.	3.65777
295	19	</s>	22.7871
296	1	i	8.92268
296	2	know	6.35939
296	3	who	6.55265
296	4	the	5.15736
296	5	man	6.97564
296	6	thinks	12.1316
296	7	the	4.82114
296	8	woman	12.0539
296	9	said	9.79886
296	10	she	6.23329
296	11	believed	6.34785
296	12	the	3.66745
296	13	priest	13.5164
296	14	congratulated	18.774
296	15	the	3.5547
296	16	couple	11.9016
296	17	after	8.82506
296	18	the	2.78694
296	19	service	11.6994
296	20	.	3.65777
296	21	</s>	22.7871
297	1	i	8.92268
297	2	know	6.35939
297	3	that	3.01867
297	4	the	4.26664
297	5	man	9.65412
297	6	thinks	12.22
297	7	the	4.82114
297	8	woman	12.0539
297	9	said	9.79886
297	10	she	6.23329
297	11	believed	6.34785
297	12	she	4.38762
297	13	noticed	13.3175
297	14	the	3.6021
297	15	priest	13.4284
297	16	congratulated	18.774
297	17	after	10.4723
297	18	the	3.49999
297	19	service	11.6994
297	20	.	3.65777
297	21	</s>	22.7871
298	1	i	8.92268
298	2	know	6.35939
298	3	that	3.01867
298	4	the	4.26664
298	5	man	9.65412
298	6	thinks	12.22
298	7	the	4.82114
298	8	woman	12.0539
298	9	said	9.79886
298	10	she	6.23329
298	11	believed	6.34785
298	12	she	4.38762
298	13	noticed	13.3175
298	14	the	3.6021
298	15	priest	13.4284
298	16	congratulated	18.774
298	17	the	3.5547
298	18	couple	11.9016
298	19	after	8.82506
298	20	the	2.78694
298	21	service	11.6994
298	22	.	3.65777
298	23	</s>	22.7871
299	1	i	8.92268
299	2	know	6.35939
299	3	who	6.55265
299	4	the	5.15736
299	5	man	6.97564
299	6	thinks	12.1316
299	7	the	4.82114
299	8	woman	12.0539
299	9	said	9.79886
299	10	she	6.23329
299	11	believed	6.34785
299	12	she	4.38762
299	13	noticed	13.3175
299	14	the	3.6021
299	15	priest	13.4284
299	16	congratulated	18.774
299	17	after	10.4723
299	18	the	3.49999
299	19	service	11.6994
299	20	.	3.65777
299	21	</s>	22.7871
300	1	i	8.92268
300	2	know	6.35939
300	3	who	6.55265
300	4	the	5.15736
300	5	man	6.97564
300	6	thinks	12.1316
300	7	the	4.82114
300	8	woman	12.0539
300	9	said	9.79886
300	10	she	6.23329
300	11	believed	6.34785
300	12	she	4.38762
300	13	noticed	13.3175
300	14	the	3.6021
300	15	priest	13.4284
300	16	congratulated	18.774
300	17	the	3.5547
300	18	couple	11.9016
300	19	after	8.82506
300	20	the	2.78694
300	21	service	11.6994
300	22	.	3.65777
300	23	</s>	22.7871
301	1	you	11.5115
301	2	know	4.15838
301	3	that	6.24274
301	4	the	3.3901
301	5	young	10.1308
301	6	woman	4.56209
301	7	introduced	13.7465
301	8	to	5.24055
301	9	her	8.75705
301	10	mother	5.8737
301	11	.	3.02833
301	12	</s>	25.6313
302	1	you	11.5115
302	2	know	4.15838
302	3	that	6.24274
302	4	the	3.3901
302	5	young	10.1308
302	6	woman	4.56209
302	7	introduced	13.7465
302	8	her	6.75883
302	9	friend	11.1391
302	10	to	6.43557
302	11	her	8.91927
302	12	mother	5.8737
302	13	.	3.02833
302	14	</s>	25.6313
303	1	you	11.5115
303	2	know	4.15838
303	3	who	5.97772
303	4	the	5.26981
303	5	young	11.3975
303	6	woman	6.12623
303	7	introduced	13.4754
303	8	to	5.24055
303	9	her	8.75705
303	10	mother	5.8737
303	11	.	3.02833
303	12	</s>	25.6313
304	1	you	11.5115
304	2	know	4.15838
304	3	who	5.97772
304	4	the	5.26981
304	5	young	11.3975
304	6	woman	6.12623
304	7	introduced	13.4754
304	8	her	6.75883
304	9	friend	11.1391
304	10	to	6.43557
304	11	her	8.91927
304	12	mother	5.8737
304	13	.	3.02833
304	14	</s>	25.6313
305	1	you	11.5115
305	2	know	4.15838
305	3	that	6.24274
305	4	we	5.58378
305	5	all	6.98537
305	6	believe	16.4923
305	7	the	4.5954
305	8	young	11.1411
305	9	woman	6.12623
305	10	introduced	13.4754
305	11	to	5.24055
305	12	her	8.75705
305	13	mother	5.8737
305	14	.	3.02833
305	15	</s>	25.6313
306	1	you	11.5115
306	2	know	4.15838
306	3	that	6.24274
306	4	we	5.58378
306	5	all	6.98537
306	6	believe	16.4923
306	7	the	4.5954
306	8	young	11.1411
306	9	woman	6.12623
306	10	introduced	13.4754
306	11	her	6.75883
306	12	friend	11.1391
306	13	to	6.43557
306	14	her	8.91927
306	15	mother	5.8737
306	16	.	3.02833
306	17	</s>	25.6313
307	1	you	11.5115
307	2	know	4.15838
307	3	who	5.97772
307	4	we	11.1029
307	5	all	8.17766
307	6	believe	16.1923
307	7	the	4.5954
307	8	young	11.1411
307	9	woman	6.12623
307	10	introduced	13.4754
307	11	to	5.24055
307	12	her	8.75705
307	13	mother	5.8737
307	14	.	3.02833
307	15	</s>	25.6313
308	1	you	11.5115
308	2	know	4.15838
308	3	who	5.97772
308	4	we	11.1029
308	5	all	8.17766
308	6	believe	16.1923
308	7	the	4.5954
308	8	young	11.1411
308	9	woman	6.12623
308	10	introduced	13.4754
308	11	her	6.75883
308	12	friend	11.1391
308	13	to	6.43557
308	14	her	8.91927
308	15	mother	5.8737
308	16	.	3.02833
308	17	</s>	25.6313
309	1	you	11.5115
309	2	know	4.15838
309	3	that	6.24274
309	4	we	5.58378
309	5	all	6.98537
309	6	believe	16.4923
309	7	she	7.4223
309	8	thought	9.70601
309	9	the	3.91395
309	10	young	11.349
309	11	woman	6.12623
309	12	introduced	13.4754
309	13	to	5.24055
309	14	her	8.75705
309	15	mother	5.8737
309	16	.	3.02833
309	17	</s>	25.6313
310	1	you	11.5115
310	2	know	4.15838
310	3	that	6.24274
310	4	we	5.58378
310	5	all	6.98537
310	6	believe	16.4923
310	7	she	7.4223
310	8	thought	9.70601
310	9	the	3.91395
310	10	young	11.349
310	11	woman	6.12623
310	12	introduced	13.4754
310	13	her	6.75883
310	14	friend	11.1391
310	15	to	6.43557
310	16	her	8.91927
310	17	mother	5.8737
310	18	.	3.02833
310	19	</s>	25.6313
311	1	you	11.5115
311	2	know	4.15838
311	3	who	5.97772
311	4	we	11.1029
311	5	all	8.17766
311	6	believe	16.1923
311	7	she	7.4223
311	8	thought	9.70601
311	9	the	3.91395
311	10	young	11.349
311	11	woman	6.12623
311	12	introduced	13.4754
311	13	to	5.24055
311	14	her	8.75705
311	15	mother	5.8737
311	16	.	3.02833
311	17	</s>	25.6313
312	1	you	11.5115
312	2	know	4.15838
312	3	who	5.97772
312	4	we	11.1029
312	5	all	8.17766
312	6	believe	16.1923
312	7	she	7.4223
312	8	thought	9.70601
312	9	the	3.91395
312	10	young	11.349
312	11	woman	6.12623
312	12	introduced	13.4754
312	13	her	6.75883
312	14	friend	11.1391
312	15	to	6.43557
312	16	her	8.91927
312	17	mother	5.8737
312	18	.	3.02833
312	19	</s>	25.6313
313	1	you	11.5115
313	2	know	4.15838
313	3	that	6.24274
313	4	we	5.58378
313	5	all	6.98537
313	6	believe	16.4923
313	7	she	7.4223
313	8	thought	9.70601
313	9	he	3.91395
313	10	said	10.398
313	11	the	5.46636
313	12	young	11.4708
313	13	woman	6.12623
313	14	introduced	13.4754
313	15	to	5.24055
313	16	her	8.75705
313	17	mother	5.8737
313	18	.	3.02833
313	19	</s>	25.6313
314	1	you	11.5115
314	2	know	4.15838
314	3	that	6.24274
314	4	we	5.58378
314	5	all	6.98537
314	6	believe	16.4923
314	7	she	7.4223
314	8	thought	9.70601
314	9	he	3.91395
314	10	said	10.398
314	11	the	5.46636
314	12	young	11.4708
314	13	woman	6.12623
314	14	introduced	13.4754
314	15	her	6.75883
314	16	friend	11.1391
314	17	to	6.43557
314	18	her	8.91927
314	19	mother	5.8737
314	20	.	3.02833
314	21	</s>	25.6313
315	1	you	11.5115
315	2	know	4.15838
315	3	who	5.97772
315	4	we	11.1029
315	5	all	8.17766
315	6	believe	16.1923
315	7	she	7.4223
315	8	thought	9.70601
315	9	he	3.91395
315	10	said	10.398
315	11	the	5.46636
315	12	young	11.4708
315	13	woman	6.12623
315	14	introduced	13.4754
315	15	to	5.24055
315	16	her	8.75705
315	17	mother	5.8737
315	18	.	3.02833
315	19	</s>	25.6313
316	1	you	11.5115
316	2	know	4.15838
316	3	who	5.97772
316	4	we	11.1029
316	5	all	8.17766
316	6	believe	16.1923
316	7	she	7.4223
316	8	thought	9.70601
316	9	he	3.91395
316	10	said	10.398
316	11	the	5.46636
316	12	young	11.4708
316	13	woman	6.12623
316	14	introduced	13.4754
316	15	her	6.75883
316	16	friend	11.1391
316	17	to	6.43557
316	18	her	8.91927
316	19	mother	5.8737
316	20	.	3.02833
316	21	</s>	25.6313
317	1	you	11.5115
317	2	know	4.15838
317	3	that	6.24274
317	4	we	5.58378
317	5	all	6.98537
317	6	believe	16.4923
317	7	she	7.4223
317	8	thought	9.70601
317	9	he	3.91395
317	10	said	10.398
317	11	he	3.73372
317	12	noticed	12.6526
317	13	the	3.89328
317	14	young	11.1079
317	15	woman	6.12623
317	16	introduced	13.4754
317	17	to	5.24055
317	18	her	8.75705
317	19	mother	5.8737
317	20	.	3.02833
317	21	</s>	25.6313
318	1	you	11.5115
318	2	know	4.15838
318	3	that	6.24274
318	4	we	5.58378
318	5	all	6.98537
318	6	believe	16.4923
318	7	she	7.4223
318	8	thought	9.70601
318	9	he	3.91395
318	10	said	10.398
318	11	he	3.73372
318	12	noticed	12.6526
318	13	the	3.89328
318	14	young	11.1079
318	15	woman	6.12623
318	16	introduced	13.4754
318	17	her	6.75883
318	18	friend	11.1391
318	19	to	6.43557
318	20	her	8.91927
318	21	mother	5.8737
318	22	.	3.02833
318	23	</s>	25.6313
319	1	you	11.5115
319	2	know	4.15838
319	3	who	5.97772
319	4	we	11.1029
319	5	all	8.17766
319	6	believe	16.1923
319	7	she	7.4223
319	8	thought	9.70601
319	9	he	3.91395
319	10	said	10.398
319	11	he	3.73372
319	12	noticed	12.6526
319	13	the	3.89328
319	14	young	11.1079
319	15	woman	6.12623
319	16	introduced	13.4754
319	17	to	5.24055
319	18	her	8.75705
319	19	mother	5.8737
319	20	.	3.02833
319	21	</s>	25.6313
320	1	you	11.5115
320	2	know	4.15838
320	3	who	5.97772
320	4	we	11.1029
320	5	all	8.17766
320	6	believe	16.1923
320	7	she	7.4223
320	8	thought	9.70601
320	9	he	3.91395
320	10	said	10.398
320	11	he	3.73372
320	12	noticed	12.6526
320	13	the	3.89328
320	14	young	11.1079
320	15	woman	6.12623
320	16	introduced	13.4754
320	17	her	6.75883
320	18	friend	11.1391
320	19	to	6.43557
320	20	her	8.91927
320	21	mother	5.8737
320	22	.	3.02833
320	23	</s>	25.6313
321	1	he	4.43708
321	2	knows	11.9494
321	3	that	2.7177
321	4	the	3.64053
321	5	police	9.69857
321	6	interrogated	15.3564
321	7	in	5.31276
321	8	the	2.20198
321	9	prison	11.9155
321	10	.	3.28386
321	11	</s>	25.0463
322	1	he	4.43708
322	2	knows	11.9494
322	3	that	2.7177
322	4	the	3.64053
322	5	police	9.69857
322	6	interrogated	15.3564
322	7	the	5.31276
322	8	spy	15.0835
322	9	in	5.29149
322	10	the	1.85506
322	11	prison	11.9155
322	12	.	3.28386
322	13	</s>	25.0463
323	1	he	4.43708
323	2	knows	11.9494
323	3	who	8.10265
323	4	the	3.8854
323	5	police	11.3625
323	6	interrogated	14.699
323	7	in	5.31276
323	8	the	2.20198
323	9	prison	11.9155
323	10	.	3.28386
323	11	</s>	25.0463
324	1	he	4.43708
324	2	knows	11.9494
324	3	who	8.10265
324	4	the	3.8854
324	5	police	11.3625
324	6	interrogated	14.699
324	7	the	5.31276
324	8	spy	15.0835
324	9	in	5.29149
324	10	the	1.85506
324	11	prison	11.9155
324	12	.	3.28386
324	13	</s>	25.0463
325	1	he	4.43708
325	2	knows	11.9494
325	3	that	2.7177
325	4	the	3.64053
325	5	inspector	15.7446
325	6	said	10.855
325	7	the	4.51729
325	8	police	10.3593
325	9	interrogated	14.699
325	10	in	5.31276
325	11	the	2.20198
325	12	prison	11.9155
325	13	.	3.28386
325	14	</s>	25.0463
326	1	he	4.43708
326	2	knows	11.9494
326	3	that	2.7177
326	4	the	3.64053
326	5	inspector	15.7446
326	6	said	10.855
326	7	the	4.51729
326	8	police	10.3593
326	9	interrogated	14.699
326	10	the	5.31276
326	11	spy	15.0835
326	12	in	5.29149
326	13	the	1.85506
326	14	prison	11.9155
326	15	.	3.28386
326	16	</s>	25.0463
327	1	he	4.43708
327	2	knows	11.9494
327	3	who	8.10265
327	4	the	3.8854
327	5	inspector	15.2768
327	6	said	10.855
327	7	the	4.51729
327	8	police	10.3593
327	9	interrogated	14.699
327	10	in	5.31276
327	11	the	2.20198
327	12	prison	11.9155
327	13	.	3.28386
327	14	</s>	25.0463
328	1	he	4.43708
328	2	knows	11.9494
328	3	who	8.10265
328	4	the	3.8854
328	5	inspector	15.2768
328	6	said	10.855
328	7	the	4.51729
328	8	police	10.3593
328	9	interrogated	14.699
328	10	the	5.31276
328	11	spy	15.0835
328	12	in	5.29149
328	13	the	1.85506
328	14	prison	11.9155
328	15	.	3.28386
328	16	</s>	25.0463
329	1	he	4.43708
329	2	knows	11.9494
329	3	that	2.7177
329	4	the	3.64053
329	5	inspector	15.7446
329	6	said	10.855
329	7	the	4.51729
329	8	man	9.44883
329	9	reported	12.4041
329	10	the	4.76018
329	11	police	11.4976
329	12	interrogated	14.699
329	13	in	5.31276
329	14	the	2.20198
329	15	prison	11.9155
329	16	.	3.28386
329	17	</s>	25.0463
330	1	he	4.43708
330	2	knows	11.9494
330	3	that	2.7177
330	4	the	3.64053
330	5	inspector	15.7446
330	6	said	10.855
330	7	the	4.51729
330	8	man	9.44883
330	9	reported	12.4041
330	10	the	4.76018
330	11	police	11.4976
330	12	interrogated	14.699
330	13	the	5.31276
330	14	spy	15.0835
330	15	in	5.29149
330	16	the	1.85506
330	17	prison	11.9155
330	18	.	3.28386
330	19	</s>	25.0463
331	1	he	4.43708
331	2	knows	11.9494
331	3	who	8.10265
331	4	the	3.8854
331	5	inspector	15.2768
331	6	said	10.855
331	7	the	4.51729
331	8	man	9.44883
331	9	reported	12.4041
331	10	the	4.76018
331	11	police	11.4976
331	12	interrogated	14.699
331	13	in	5.31276
331	14	the	2.20198
331	15	prison	11.9155
331	16	.	3.28386
331	17	</s>	25.0463
332	1	he	4.43708
332	2	knows	11.9494
332	3	who	8.10265
332	4	the	3.8854
332	5	inspector	15.2768
332	6	said	10.855
332	7	the	4.51729
332	8	man	9.44883
332	9	reported	12.4041
332	10	the	4.76018
332	11	police	11.4976
332	12	interrogated	14.699
332	13	the	5.31276
332	14	spy	15.0835
332	15	in	5.29149
332	16	the	1.85506
332	17	prison	11.9155
332	18	.	3.28386
332	19	</s>	25.0463
333	1	he	4.43708
333	2	knows	11.9494
333	3	that	2.7177
333	4	the	3.64053
333	5	inspector	15.7446
333	6	said	10.855
333	7	the	4.51729
333	8	man	9.44883
333	9	reported	12.4041
333	10	he	8.37548
333	11	thought	9.89456
333	12	the	4.14874
333	13	police	11.4205
333	14	interrogated	14.699
333	15	in	5.31276
333	16	the	2.20198
333	17	prison	11.9155
333	18	.	3.28386
333	19	</s>	25.0463
334	1	he	4.43708
334	2	knows	11.9494
334	3	that	2.7177
334	4	the	3.64053
334	5	inspector	15.7446
334	6	said	10.855
334	7	the	4.51729
334	8	man	9.44883
334	9	reported	12.4041
334	10	he	8.37548
334	11	thought	9.89456
334	12	the	4.14874
334	13	police	11.4205
334	14	interrogated	14.699
334	15	the	5.31276
334	16	spy	15.0835
334	17	in	5.29149
334	18	the	1.85506
334	19	prison	11.9155
334	20	.	3.28386
334	21	</s>	25.0463
335	1	he	4.43708
335	2	knows	11.9494
335	3	who	8.10265
335	4	the	3.8854
335	5	inspector	15.2768
335	6	said	10.855
335	7	the	4.51729
335	8	man	9.44883
335	9	reported	12.4041
335	10	he	8.37548
335	11	thought	9.89456
335	12	the	4.14874
335	13	police	11.4205
335	14	interrogated	14.699
335	15	in	5.31276
335	16	the	2.20198
335	17	prison	11.9155
335	18	.	3.28386
335	19	</s>	25.0463
336	1	he	4.43708
336	2	knows	11.9494
336	3	who	8.10265
336	4	the	3.8854
336	5	inspector	15.2768
336	6	said	10.855
336	7	the	4.51729
336	8	man	9.44883
336	9	reported	12.4041
336	10	he	8.37548
336	11	thought	9.89456
336	12	the	4.14874
336	13	police	11.4205
336	14	interrogated	14.699
336	15	the	5.31276
336	16	spy	15.0835
336	17	in	5.29149
336	18	the	1.85506
336	19	prison	11.9155
336	20	.	3.28386
336	21	</s>	25.0463
337	1	he	4.43708
337	2	knows	11.9494
337	3	that	2.7177
337	4	the	3.64053
337	5	inspector	15.7446
337	6	said	10.855
337	7	the	4.51729
337	8	man	9.44883
337	9	reported	12.4041
337	10	he	8.37548
337	11	thought	9.89456
337	12	he	4.14874
337	13	noticed	13.648
337	14	the	3.89328
337	15	police	11.1571
337	16	interrogated	14.699
337	17	in	5.31276
337	18	the	2.20198
337	19	prison	11.9155
337	20	.	3.28386
337	21	</s>	25.0463
338	1	he	4.43708
338	2	knows	11.9494
338	3	that	2.7177
338	4	the	3.64053
338	5	inspector	15.7446
338	6	said	10.855
338	7	the	4.51729
338	8	man	9.44883
338	9	reported	12.4041
338	10	he	8.37548
338	11	thought	9.89456
338	12	he	4.14874
338	13	noticed	13.648
338	14	the	3.89328
338	15	police	11.1571
338	16	interrogated	14.699
338	17	the	5.31276
338	18	spy	15.0835
338	19	in	5.29149
338	20	the	1.85506
338	21	prison	11.9155
338	22	.	3.28386
338	23	</s>	25.0463
339	1	he	4.43708
339	2	knows	11.9494
339	3	who	8.10265
339	4	the	3.8854
339	5	inspector	15.2768
339	6	said	10.855
339	7	the	4.51729
339	8	man	9.44883
339	9	reported	12.4041
339	10	he	8.37548
339	11	thought	9.89456
339	12	he	4.14874
339	13	noticed	13.648
339	14	the	3.89328
339	15	police	11.1571
339	16	interrogated	14.699
339	17	in	5.31276
339	18	the	2.20198
339	19	prison	11.9155
339	20	.	3.28386
339	21	</s>	25.0463
340	1	he	4.43708
340	2	knows	11.9494
340	3	who	8.10265
340	4	the	3.8854
340	5	inspector	15.2768
340	6	said	10.855
340	7	the	4.51729
340	8	man	9.44883
340	9	reported	12.4041
340	10	he	8.37548
340	11	thought	9.89456
340	12	he	4.14874
340	13	noticed	13.648
340	14	the	3.89328
340	15	police	11.1571
340	16	interrogated	14.699
340	17	the	5.31276
340	18	spy	15.0835
340	19	in	5.29149
340	20	the	1.85506
340	21	prison	11.9155
340	22	.	3.28386
340	23	</s>	25.0463
341	1	she	6.52858
341	2	knows	11.9031
341	3	that	2.62183
341	4	the	3.70626
341	5	woman	10.5893
341	6	thanked	13.9101
341	7	after	10.7249
341	8	the	3.49999
341	9	meal	11.6994
341	10	.	3.79528
341	11	</s>	22.7871
342	1	she	6.52858
342	2	knows	11.9031
342	3	that	2.62183
342	4	the	3.70626
342	5	woman	10.5893
342	6	thanked	13.9101
342	7	the	3.15393
342	8	waitress	16.6477
342	9	after	10.3426
342	10	the	3.49999
342	11	meal	11.6994
342	12	.	3.79528
342	13	</s>	22.7871
343	1	she	6.52858
343	2	knows	11.9031
343	3	who	6.14725
343	4	the	3.6838
343	5	woman	7.80189
343	6	thanked	14.4206
343	7	after	10.7249
343	8	the	3.49999
343	9	meal	11.6994
343	10	.	3.79528
343	11	</s>	22.7871
344	1	she	6.52858
344	2	knows	11.9031
344	3	who	6.14725
344	4	the	3.6838
344	5	woman	7.80189
344	6	thanked	14.4206
344	7	the	3.15393
344	8	waitress	16.6477
344	9	after	10.3426
344	10	the	3.49999
344	11	meal	11.6994
344	12	.	3.79528
344	13	</s>	22.7871
345	1	she	6.52858
345	2	knows	11.9031
345	3	that	2.62183
345	4	the	3.70626
345	5	waiter	16.9136
345	6	said	11.8234
345	7	the	4.51729
345	8	woman	12.5589
345	9	thanked	13.7489
345	10	after	10.7249
345	11	the	3.49999
345	12	meal	11.6994
345	13	.	3.79528
345	14	</s>	22.7871
346	1	she	6.52858
346	2	knows	11.9031
346	3	that	2.62183
346	4	the	3.70626
346	5	waiter	16.9136
346	6	said	11.8234
346	7	the	4.51729
346	8	woman	12.5589
346	9	thanked	13.7489
346	10	the	3.15393
346	11	waitress	16.6477
346	12	after	10.3426
346	13	the	3.49999
346	14	meal	11.6994
346	15	.	3.79528
346	16	</s>	22.7871
347	1	she	6.52858
347	2	knows	11.9031
347	3	who	6.14725
347	4	the	3.6838
347	5	waiter	16.4457
347	6	said	11.8234
347	7	the	4.51729
347	8	woman	12.5589
347	9	thanked	13.7489
347	10	after	10.7249
347	11	the	3.49999
347	12	meal	11.6994
347	13	.	3.79528
347	14	</s>	22.7871
348	1	she	6.52858
348	2	knows	11.9031
348	3	who	6.14725
348	4	the	3.6838
348	5	waiter	16.4457
348	6	said	11.8234
348	7	the	4.51729
348	8	woman	12.5589
348	9	thanked	13.7489
348	10	the	3.15393
348	11	waitress	16.6477
348	12	after	10.3426
348	13	the	3.49999
348	14	meal	11.6994
348	15	.	3.79528
348	16	</s>	22.7871
349	1	she	6.52858
349	2	knows	11.9031
349	3	that	2.62183
349	4	the	3.70626
349	5	waiter	16.9136
349	6	said	11.8234
349	7	the	4.51729
349	8	woman	12.5589
349	9	believed	13.7489
349	10	the	3.87627
349	11	woman	12.2588
349	12	thanked	13.7489
349	13	after	10.7249
349	14	the	3.49999
349	15	meal	11.6994
349	16	.	3.79528
349	17	</s>	22.7871
350	1	she	6.52858
350	2	knows	11.9031
350	3	that	2.62183
350	4	the	3.70626
350	5	waiter	16.9136
350	6	said	11.8234
350	7	the	4.51729
350	8	woman	12.5589
350	9	believed	13.7489
350	10	the	3.87627
350	11	woman	12.2588
350	12	thanked	13.7489
350	13	the	3.15393
350	14	waitress	16.6477
350	15	after	10.3426
350	16	the	3.49999
350	17	meal	11.6994
350	18	.	3.79528
350	19	</s>	22.7871
351	1	she	6.52858
351	2	knows	11.9031
351	3	who	6.14725
351	4	the	3.6838
351	5	waiter	16.4457
351	6	said	11.8234
351	7	the	4.51729
351	8	woman	12.5589
351	9	believed	13.7489
351	10	the	3.87627
351	11	woman	12.2588
351	12	thanked	13.7489
351	13	after	10.7249
351	14	the	3.49999
351	15	meal	11.6994
351	16	.	3.79528
351	17	</s>	22.7871
352	1	she	6.52858
352	2	knows	11.9031
352	3	who	6.14725
352	4	the	3.6838
352	5	waiter	16.4457
352	6	said	11.8234
352	7	the	4.51729
352	8	woman	12.5589
352	9	believed	13.7489
352	10	the	3.87627
352	11	woman	12.2588
352	12	thanked	13.7489
352	13	the	3.15393
352	14	waitress	16.6477
352	15	after	10.3426
352	16	the	3.49999
352	17	meal	11.6994
352	18	.	3.79528
352	19	</s>	22.7871
353	1	she	6.52858
353	2	knows	11.9031
353	3	that	2.62183
353	4	the	3.70626
353	5	waiter	16.9136
353	6	said	11.8234
353	7	the	4.51729
353	8	woman	12.5589
353	9	believed	13.7489
353	10	she	6.76858
353	11	remembered	11.6071
353	12	the	4.52391
353	13	woman	12.1059
353	14	thanked	13.7489
353	15	after	10.7249
353	16	the	3.49999
353	17	meal	11.6994
353	18	.	3.79528
353	19	</s>	22.7871
354	1	she	6.52858
354	2	knows	11.9031
354	3	that	2.62183
354	4	the	3.70626
354	5	waiter	16.9136
354	6	said	11.8234
354	7	the	4.51729
354	8	woman	12.5589
354	9	believed	13.7489
354	10	she	6.76858
354	11	remembered	11.6071
354	12	the	4.52391
354	13	woman	12.1059
354	14	thanked	13.7489
354	15	the	3.15393
354	16	waitress	16.6477
354	17	after	10.3426
354	18	the	3.49999
354	19	meal	11.6994
354	20	.	3.79528
354	21	</s>	22.7871
355	1	she	6.52858
355	2	knows	11.9031
355	3	who	6.14725
355	4	the	3.6838
355	5	waiter	16.4457
355	6	said	11.8234
355	7	the	4.51729
355	8	woman	12.5589
355	9	believed	13.7489
355	10	she	6.76858
355	11	remembered	11.6071
355	12	the	4.52391
355	13	woman	12.1059
355	14	thanked	13.7489
355	15	after	10.7249
355	16	the	3.49999
355	17	meal	11.6994
355	18	.	3.79528
355	19	</s>	22.7871
356	1	she	6.52858
356	2	knows	11.9031
356	3	who	6.14725
356	4	the	3.6838
356	5	waiter	16.4457
356	6	said	11.8234
356	7	the	4.51729
356	8	woman	12.5589
356	9	believed	13.7489
356	10	she	6.76858
356	11	remembered	11.6071
356	12	the	4.52391
356	13	woman	12.1059
356	14	thanked	13.7489
356	15	the	3.15393
356	16	waitress	16.6477
356	17	after	10.3426
356	18	the	3.49999
356	19	meal	11.6994
356	20	.	3.79528
356	21	</s>	22.7871
357	1	she	6.52858
357	2	knows	11.9031
357	3	that	2.62183
357	4	the	3.70626
357	5	waiter	16.9136
357	6	said	11.8234
357	7	the	4.51729
357	8	woman	12.5589
357	9	believed	13.7489
357	10	she	6.76858
357	11	remembered	11.6071
357	12	she	11.2417
357	13	knew	8.88401
357	14	the	5.35757
357	15	woman	12.1989
357	16	thanked	13.7489
357	17	after	10.7249
357	18	the	3.49999
357	19	meal	11.6994
357	20	.	3.79528
357	21	</s>	22.7871
358	1	she	6.52858
358	2	knows	11.9031
358	3	that	2.62183
358	4	the	3.70626
358	5	waiter	16.9136
358	6	said	11.8234
358	7	the	4.51729
358	8	woman	12.5589
358	9	believed	13.7489
358	10	she	6.76858
358	11	remembered	11.6071
358	12	she	11.2417
358	13	knew	8.88401
358	14	the	5.35757
358	15	woman	12.1989
358	16	thanked	13.7489
358	17	the	3.15393
358	18	waitress	16.6477
358	19	after	10.3426
358	20	the	3.49999
358	21	meal	11.6994
358	22	.	3.79528
358	23	</s>	22.7871
359	1	she	6.52858
359	2	knows	11.9031
359	3	who	6.14725
359	4	the	3.6838
359	5	waiter	16.4457
359	6	said	11.8234
359	7	the	4.51729
359	8	woman	12.5589
359	9	believed	13.7489
359	10	she	6.76858
359	11	remembered	11.6071
359	12	she	11.2417
359	13	knew	8.88401
359	14	the	5.35757
359	15	woman	12.1989
359	16	thanked	13.7489
359	17	after	10.7249
359	18	the	3.49999
359	19	meal	11.6994
359	20	.	3.79528
359	21	</s>	22.7871
360	1	she	6.52858
360	2	knows	11.9031
360	3	who	6.14725
360	4	the	3.6838
360	5	waiter	16.4457
360	6	said	11.8234
360	7	the	4.51729
360	8	woman	12.5589
360	9	believed	13.7489
360	10	she	6.76858
360	11	remembered	11.6071
360	12	she	11.2417
360	13	knew	8.88401
360	14	the	5.35757
360	15	woman	12.1989
360	16	thanked	13.7489
360	17	the	3.15393
360	18	waitress	16.6477
360	19	after	10.3426
360	20	the	3.49999
360	21	meal	11.6994
360	22	.	3.79528
360	23	</s>	22.7871
361	1	they	6.37172
361	2	know	11.9019
361	3	that	3.79528
361	4	the	2.53449
361	5	nurse	15.3165
361	6	reassured	18.7267
361	7	at	9.77055
361	8	the	3.2401
361	9	hospital	9.09781
361	10	.	2.40323
361	11	</s>	26.8943
362	1	they	6.37172
362	2	know	11.9019
362	3	that	3.79528
362	4	the	2.53449
362	5	nurse	15.3165
362	6	reassured	18.7267
362	7	the	2.43917
362	8	old	10.5842
362	9	woman	8.0687
362	10	at	7.42708
362	11	the	1.47003
362	12	hospital	5.19383
362	13	.	2.76526
362	14	</s>	26.8943
363	1	they	6.37172
363	2	know	11.9019
363	3	who	7.38908
363	4	the	5.01207
363	5	nurse	14.9182
363	6	reassured	18.7267
363	7	at	9.77055
363	8	the	3.2401
363	9	hospital	9.09781
363	10	.	2.40323
363	11	</s>	26.8943
364	1	they	6.37172
364	2	know	11.9019
364	3	who	7.38908
364	4	the	5.01207
364	5	nurse	14.9182
364	6	reassured	18.7267
364	7	the	2.43917
364	8	old	10.5842
364	9	woman	8.0687
364	10	at	7.42708
364	11	the	1.47003
364	12	hospital	5.19383
364	13	.	2.76526
364	14	</s>	26.8943
365	1	they	6.37172
365	2	know	11.9019
365	3	that	3.79528
365	4	the	2.53449
365	5	doctor	10.7618
365	6	believed	13.278
365	7	the	3.87627
365	8	nurse	14.7165
365	9	reassured	18.7267
365	10	at	9.77055
365	11	the	3.2401
365	12	hospital	9.09781
365	13	.	2.40323
365	14	</s>	26.8943
366	1	they	6.37172
366	2	know	11.9019
366	3	that	3.79528
366	4	the	2.53449
366	5	doctor	10.7618
366	6	believed	13.278
366	7	the	3.87627
366	8	nurse	14.7165
366	9	reassured	18.7267
366	10	the	2.43917
366	11	old	10.5842
366	12	woman	8.0687
366	13	at	7.42708
366	14	the	1.47003
366	15	hospital	5.19383
366	16	.	2.76526
366	17	</s>	26.8943
367	1	they	6.37172
367	2	know	11.9019
367	3	who	7.38908
367	4	the	5.01207
367	5	doctor	7.88614
367	6	believed	12.9061
367	7	the	3.87627
367	8	nurse	14.7165
367	9	reassured	18.7267
367	10	at	9.77055
367	11	the	3.2401
367	12	hospital	9.09781
367	13	.	2.40323
367	14	</s>	26.8943
368	1	they	6.37172
368	2	know	11.9019
368	3	who	7.38908
368	4	the	5.01207
368	5	doctor	7.88614
368	6	believed	12.9061
368	7	the	3.87627
368	8	nurse	14.7165
368	9	reassured	18.7267
368	10	the	2.43917
368	11	old	10.5842
368	12	woman	8.0687
368	13	at	7.42708
368	14	the	1.47003
368	15	hospital	5.19383
368	16	.	2.76526
368	17	</s>	26.8943
369	1	they	6.37172
369	2	know	11.9019
369	3	that	3.79528
369	4	the	2.53449
369	5	doctor	10.7618
369	6	believed	13.278
369	7	the	3.87627
369	8	man	11.3386
369	9	said	9.6055
369	10	the	4.64906
369	11	nurse	15.0166
369	12	reassured	18.7267
369	13	at	9.77055
369	14	the	3.2401
369	15	hospital	9.09781
369	16	.	2.40323
369	17	</s>	26.8943
370	1	they	6.37172
370	2	know	11.9019
370	3	that	3.79528
370	4	the	2.53449
370	5	doctor	10.7618
370	6	believed	13.278
370	7	the	3.87627
370	8	man	11.3386
370	9	said	9.6055
370	10	the	4.64906
370	11	nurse	15.0166
370	12	reassured	18.7267
370	13	the	2.43917
370	14	old	10.5842
370	15	woman	8.0687
370	16	at	7.42708
370	17	the	1.47003
370	18	hospital	5.19383
370	19	.	2.76526
370	20	</s>	26.8943
371	1	they	6.37172
371	2	know	11.9019
371	3	who	7.38908
371	4	the	5.01207
371	5	doctor	7.88614
371	6	believed	12.9061
371	7	the	3.87627
371	8	man	11.3386
371	9	said	9.6055
371	10	the	4.64906
371	11	nurse	15.0166
371	12	reassured	18.7267
371	13	at	9.77055
371	14	the	3.2401
371	15	hospital	9.09781
371	16	.	2.40323
371	17	</s>	26.8943
372	1	they	6.37172
372	2	know	11.9019
372	3	who	7.38908
372	4	the	5.01207
372	5	doctor	7.88614
372	6	believed	12.9061
372	7	the	3.87627
372	8	man	11.3386
372	9	said	9.6055
372	10	the	4.64906
372	11	nurse	15.0166
372	12	reassured	18.7267
372	13	the	2.43917
372	14	old	10.5842
372	15	woman	8.0687
372	16	at	7.42708
372	17	the	1.47003
372	18	hospital	5.19383
372	19	.	2.76526
372	20	</s>	26.8943
373	1	they	6.37172
373	2	know	11.9019
373	3	that	3.79528
373	4	the	2.53449
373	5	doctor	10.7618
373	6	believed	13.278
373	7	the	3.87627
373	8	man	11.3386
373	9	said	9.6055
373	10	he	4.34265
373	11	thought	6.54357
373	12	the	4.42331
373	13	nurse	14.892
373	14	reassured	18.7267
373	15	at	9.77055
373	16	the	3.2401
373	17	hospital	9.09781
373	18	.	2.40323
373	19	</s>	26.8943
374	1	they	6.37172
374	2	know	11.9019
374	3	that	3.79528
374	4	the	2.53449
374	5	doctor	10.7618
374	6	believed	13.278
374	7	the	3.87627
374	8	man	11.3386
374	9	said	9.6055
374	10	he	4.34265
374	11	thought	6.54357
374	12	the	4.42331
374	13	nurse	14.892
374	14	reassured	18.7267
374	15	the	2.43917
374	16	old	10.5842
374	17	woman	8.0687
374	18	at	7.42708
374	19	the	1.47003
374	20	hospital	5.19383
374	21	.	2.76526
374	22	</s>	26.8943
375	1	they	6.37172
375	2	know	11.9019
375	3	who	7.38908
375	4	the	5.01207
375	5	doctor	7.88614
375	6	believed	12.9061
375	7	the	3.87627
375	8	man	11.3386
375	9	said	9.6055
375	10	he	4.34265
375	11	thought	6.54357
375	12	the	4.42331
375	13	nurse	14.892
375	14	reassured	18.7267
375	15	at	9.77055
375	16	the	3.2401
375	17	hospital	9.09781
375	18	.	2.40323
375	19	</s>	26.8943
376	1	they	6.37172
376	2	know	11.9019
376	3	who	7.38908
376	4	the	5.01207
376	5	doctor	7.88614
376	6	believed	12.9061
376	7	the	3.87627
376	8	man	11.3386
376	9	said	9.6055
376	10	he	4.34265
376	11	thought	6.54357
376	12	the	4.42331
376	13	nurse	14.892
376	14	reassured	18.7267
376	15	the	2.43917
376	16	old	10.5842
376	17	woman	8.0687
376	18	at	7.42708
376	19	the	1.47003
376	20	hospital	5.19383
376	21	.	2.76526
376	22	</s>	26.8943
377	1	they	6.37172
377	2	know	11.9019
377	3	that	3.79528
377	4	the	2.53449
377	5	doctor	10.7618
377	6	believed	13.278
377	7	the	3.87627
377	8	man	11.3386
377	9	said	9.6055
377	10	he	4.34265
377	11	thought	6.54357
377	12	he	4.42331
377	13	noticed	13.648
377	14	the	3.89328
377	15	nurse	14.6285
377	16	reassured	18.7267
377	17	at	9.77055
377	18	the	3.2401
377	19	hospital	9.09781
377	20	.	2.40323
377	21	</s>	26.8943
378	1	they	6.37172
378	2	know	11.9019
378	3	that	3.79528
378	4	the	2.53449
378	5	doctor	10.7618
378	6	believed	13.278
378	7	the	3.87627
378	8	man	11.3386
378	9	said	9.6055
378	10	he	4.34265
378	11	thought	6.54357
378	12	he	4.42331
378	13	noticed	13.648
378	14	the	3.89328
378	15	nurse	14.6285
378	16	reassured	18.7267
378	17	the	2.43917
378	18	old	10.5842
378	19	woman	8.0687
378	20	at	7.42708
378	21	the	1.47003
378	22	hospital	5.19383
378	23	.	2.76526
378	24	</s>	26.8943
379	1	they	6.37172
379	2	know	11.9019
379	3	who	7.38908
379	4	the	5.01207
379	5	doctor	7.88614
379	6	believed	12.9061
379	7	the	3.87627
379	8	man	11.3386
379	9	said	9.6055
379	10	he	4.34265
379	11	thought	6.54357
379	12	he	4.42331
379	13	noticed	13.648
379	14	the	3.89328
379	15	nurse	14.6285
379	16	reassured	18.7267
379	17	at	9.77055
379	18	the	3.2401
379	19	hospital	9.09781
379	20	.	2.40323
379	21	</s>	26.8943
380	1	they	6.37172
380	2	know	11.9019
380	3	who	7.38908
380	4	the	5.01207
380	5	doctor	7.88614
380	6	believed	12.9061
380	7	the	3.87627
380	8	man	11.3386
380	9	said	9.6055
380	10	he	4.34265
380	11	thought	6.54357
380	12	he	4.42331
380	13	noticed	13.648
380	14	the	3.89328
380	15	nurse	14.6285
380	16	reassured	18.7267
380	17	the	2.43917
380	18	old	10.5842
380	19	woman	8.0687
380	20	at	7.42708
380	21	the	1.47003
380	22	hospital	5.19383
380	23	.	2.76526
380	24	</s>	26.8943
381	1	he	4.43708
381	2	reported	10.9023
381	3	that	1.2922
381	4	the	2.05663
381	5	cowboy	15.8497
381	6	abandoned	14.5871
381	7	in	5.14915
381	8	the	3.55912
381	9	desert	10.7594
381	10	.	2.49903
381	11	</s>	27.1167
382	1	he	4.43708
382	2	reported	10.9023
382	3	that	1.2922
382	4	the	2.05663
382	5	cowboy	15.8497
382	6	abandoned	14.5871
382	7	his	5.07946
382	8	partner	10.9919
382	9	in	5.37862
382	10	the	2.36448
382	11	desert	10.7371
382	12	.	2.49903
382	13	</s>	27.1167
383	1	he	4.43708
383	2	reported	10.9023
383	3	who	12.6639
383	4	the	8.96323
383	5	cowboy	15.2768
383	6	abandoned	14.5871
383	7	in	5.14915
383	8	the	3.55912
383	9	desert	10.7594
383	10	.	2.49903
383	11	</s>	27.1167
384	1	he	4.43708
384	2	reported	10.9023
384	3	who	12.6639
384	4	the	8.96323
384	5	cowboy	15.2768
384	6	abandoned	14.5871
384	7	his	5.07946
384	8	partner	10.9919
384	9	in	5.37862
384	10	the	2.36448
384	11	desert	10.7371
384	12	.	2.49903
384	13	</s>	27.1167
385	1	he	4.43708
385	2	reported	10.9023
385	3	that	1.2922
385	4	the	2.05663
385	5	farmer	13.472
385	6	said	10.1117
385	7	the	4.51729
385	8	cowboy	15.4595
385	9	abandoned	14.5871
385	10	in	5.14915
385	11	the	3.55912
385	12	desert	10.7594
385	13	.	2.49903
385	14	</s>	27.1167
386	1	he	4.43708
386	2	reported	10.9023
386	3	that	1.2922
386	4	the	2.05663
386	5	farmer	13.472
386	6	said	10.1117
386	7	the	4.51729
386	8	cowboy	15.4595
386	9	abandoned	14.5871
386	10	his	5.07946
386	11	partner	10.9919
386	12	in	5.37862
386	13	the	2.36448
386	14	desert	10.7371
386	15	.	2.49903
386	16	</s>	27.1167
387	1	he	4.43708
387	2	reported	10.9023
387	3	who	12.6639
387	4	the	8.96323
387	5	farmer	14.4156
387	6	said	9.82373
387	7	the	4.51729
387	8	cowboy	15.4595
387	9	abandoned	14.5871
387	10	in	5.14915
387	11	the	3.55912
387	12	desert	10.7594
387	13	.	2.49903
387	14	</s>	27.1167
388	1	he	4.43708
388	2	reported	10.9023
388	3	who	12.6639
388	4	the	8.96323
388	5	farmer	14.4156
388	6	said	9.82373
388	7	the	4.51729
388	8	cowboy	15.4595
388	9	abandoned	14.5871
388	10	his	5.07946
388	11	partner	10.9919
388	12	in	5.37862
388	13	the	2.36448
388	14	desert	10.7371
388	15	.	2.49903
388	16	</s>	27.1167
389	1	he	4.43708
389	2	reported	10.9023
389	3	that	1.2922
389	4	the	2.05663
389	5	farmer	13.472
389	6	said	10.1117
389	7	his	6.83762
389	8	friend	9.31131
389	9	reported	13.4028
389	10	the	4.76018
389	11	cowboy	15.4119
389	12	abandoned	14.5871
389	13	in	5.14915
389	14	the	3.55912
389	15	desert	10.7594
389	16	.	2.49903
389	17	</s>	27.1167
390	1	he	4.43708
390	2	reported	10.9023
390	3	that	1.2922
390	4	the	2.05663
390	5	farmer	13.472
390	6	said	10.1117
390	7	his	6.83762
390	8	friend	9.31131
390	9	reported	13.4028
390	10	the	4.76018
390	11	cowboy	15.4119
390	12	abandoned	14.5871
390	13	his	5.07946
390	14	partner	10.9919
390	15	in	5.37862
390	16	the	2.36448
390	17	desert	10.7371
390	18	.	2.49903
390	19	</s>	27.1167
391	1	he	4.43708
391	2	reported	10.9023
391	3	who	12.6639
391	4	the	8.96323
391	5	farmer	14.4156
391	6	said	9.82373
391	7	his	6.83762
391	8	friend	9.31131
391	9	reported	13.4028
391	10	the	4.76018
391	11	cowboy	15.4119
391	12	abandoned	14.5871
391	13	in	5.14915
391	14	the	3.55912
391	15	desert	10.7594
391	16	.	2.49903
391	17	</s>	27.1167
392	1	he	4.43708
392	2	reported	10.9023
392	3	who	12.6639
392	4	the	8.96323
392	5	farmer	14.4156
392	6	said	9.82373
392	7	his	6.83762
392	8	friend	9.31131
392	9	reported	13.4028
392	10	the	4.76018
392	11	cowboy	15.4119
392	12	abandoned	14.5871
392	13	his	5.07946
392	14	partner	10.9919
392	15	in	5.37862
392	16	the	2.36448
392	17	desert	10.7371
392	18	.	2.49903
392	19	</s>	27.1167
393	1	he	4.43708
393	2	reported	10.9023
393	3	that	1.2922
393	4	the	2.05663
393	5	farmer	13.472
393	6	said	10.1117
393	7	his	6.83762
393	8	friend	9.31131
393	9	reported	13.4028
393	10	he	8.37548
393	11	believed	9.80764
393	12	the	4.34857
393	13	cowboy	15.1519
393	14	abandoned	14.5871
393	15	in	5.14915
393	16	the	3.55912
393	17	desert	10.7594
393	18	.	2.49903
393	19	</s>	27.1167
394	1	he	4.43708
394	2	reported	10.9023
394	3	that	1.2922
394	4	the	2.05663
394	5	farmer	13.472
394	6	said	10.1117
394	7	his	6.83762
394	8	friend	9.31131
394	9	reported	13.4028
394	10	he	8.37548
394	11	believed	9.80764
394	12	the	4.34857
394	13	cowboy	15.1519
394	14	abandoned	14.5871
394	15	his	5.07946
394	16	partner	10.9919
394	17	in	5.37862
394	18	the	2.36448
394	19	desert	10.7371
394	20	.	2.49903
394	21	</s>	27.1167
395	1	he	4.43708
395	2	reported	10.9023
395	3	who	12.6639
395	4	the	8.96323
395	5	farmer	14.4156
395	6	said	9.82373
395	7	his	6.83762
395	8	friend	9.31131
395	9	reported	13.4028
395	10	he	8.37548
395	11	believed	9.80764
395	12	the	4.34857
395	13	cowboy	15.1519
395	14	abandoned	14.5871
395	15	in	5.14915
395	16	the	3.55912
395	17	desert	10.7594
395	18	.	2.49903
395	19	</s>	27.1167
396	1	he	4.43708
396	2	reported	10.9023
396	3	who	12.6639
396	4	the	8.96323
396	5	farmer	14.4156
396	6	said	9.82373
396	7	his	6.83762
396	8	friend	9.31131
396	9	reported	13.4028
396	10	he	8.37548
396	11	believed	9.80764
396	12	the	4.34857
396	13	cowboy	15.1519
396	14	abandoned	14.5871
396	15	his	5.07946
396	16	partner	10.9919
396	17	in	5.37862
396	18	the	2.36448
396	19	desert	10.7371
396	20	.	2.49903
396	21	</s>	27.1167
397	1	he	4.43708
397	2	reported	10.9023
397	3	that	1.2922
397	4	the	2.05663
397	5	farmer	13.472
397	6	said	10.1117
397	7	his	6.83762
397	8	friend	9.31131
397	9	reported	13.4028
397	10	he	8.37548
397	11	believed	9.80764
397	12	he	4.50356
397	13	noticed	13.1537
397	14	the	3.89328
397	15	cowboy	15.0714
397	16	abandoned	14.5871
397	17	in	5.14915
397	18	the	3.55912
397	19	desert	10.7594
397	20	.	2.49903
397	21	</s>	27.1167
398	1	he	4.43708
398	2	reported	10.9023
398	3	that	1.2922
398	4	the	2.05663
398	5	farmer	13.472
398	6	said	10.1117
398	7	his	6.83762
398	8	friend	9.31131
398	9	reported	13.4028
398	10	he	8.37548
398	11	believed	9.80764
398	12	he	4.50356
398	13	noticed	13.1537
398	14	the	3.89328
398	15	cowboy	15.0714
398	16	abandoned	14.5871
398	17	his	5.07946
398	18	partner	10.9919
398	19	in	5.37862
398	20	the	2.36448
398	21	desert	10.7371
398	22	.	2.49903
398	23	</s>	27.1167
399	1	he	4.43708
399	2	reported	10.9023
399	3	who	12.6639
399	4	the	8.96323
399	5	farmer	14.4156
399	6	said	9.82373
399	7	his	6.83762
399	8	friend	9.31131
399	9	reported	13.4028
399	10	he	8.37548
399	11	believed	9.80764
399	12	he	4.50356
399	13	noticed	13.1537
399	14	the	3.89328
399	15	cowboy	15.0714
399	16	abandoned	14.5871
399	17	in	5.14915
399	18	the	3.55912
399	19	desert	10.7594
399	20	.	2.49903
399	21	</s>	27.1167
400	1	he	4.43708
400	2	reported	10.9023
400	3	who	12.6639
400	4	the	8.96323
400	5	farmer	14.4156
400	6	said	9.82373
400	7	his	6.83762
400	8	friend	9.31131
400	9	reported	13.4028
400	10	he	8.37548
400	11	believed	9.80764
400	12	he	4.50356
400	13	noticed	13.1537
400	14	the	3.89328
400	15	cowboy	15.0714
400	16	abandoned	14.5871
400	17	his	5.07946
400	18	partner	10.9919
400	19	in	5.37862
400	20	the	2.36448
400	21	desert	10.7371
400	22	.	2.49903
400	23	</s>	27.1167
401	1	they	6.37172
401	2	reported	11.2987
401	3	that	1.06934
401	4	the	2.41116
401	5	manager	13.472
401	6	promoted	16.0318
401	7	yesterday	17.687
401	8	.	3.2734
401	9	</s>	25.7493
402	1	they	6.37172
402	2	reported	11.2987
402	3	that	1.06934
402	4	the	2.41116
402	5	manager	13.472
402	6	promoted	16.0318
402	7	the	3.37318
402	8	accountant	17.147
402	9	yesterday	17.3641
402	10	.	3.2734
402	11	</s>	25.7493
403	1	they	6.37172
403	2	reported	11.2987
403	3	who	12.4486
403	4	the	8.96323
403	5	manager	13.504
403	6	promoted	15.9501
403	7	yesterday	17.687
403	8	.	3.2734
403	9	</s>	25.7493
404	1	they	6.37172
404	2	reported	11.2987
404	3	who	12.4486
404	4	the	8.96323
404	5	manager	13.504
404	6	promoted	15.9501
404	7	the	3.37318
404	8	accountant	17.147
404	9	yesterday	17.3641
404	10	.	3.2734
404	11	</s>	25.7493
405	1	they	6.37172
405	2	reported	11.2987
405	3	that	1.06934
405	4	the	2.41116
405	5	executive	12.1971
405	6	said	11.155
405	7	the	4.51729
405	8	manager	13.6867
405	9	promoted	15.9501
405	10	yesterday	17.687
405	11	.	3.2734
405	12	</s>	25.7493
406	1	they	6.37172
406	2	reported	11.2987
406	3	that	1.06934
406	4	the	2.41116
406	5	executive	12.1971
406	6	said	11.155
406	7	the	4.51729
406	8	manager	13.6867
406	9	promoted	15.9501
406	10	the	3.37318
406	11	accountant	17.147
406	12	yesterday	17.3641
406	13	.	3.2734
406	14	</s>	25.7493
407	1	they	6.37172
407	2	reported	11.2987
407	3	who	12.4486
407	4	the	8.96323
407	5	executive	12.7083
407	6	said	10.7408
407	7	the	4.51729
407	8	manager	13.6867
407	9	promoted	15.9501
407	10	yesterday	17.687
407	11	.	3.2734
407	12	</s>	25.7493
408	1	they	6.37172
408	2	reported	11.2987
408	3	who	12.4486
408	4	the	8.96323
408	5	executive	12.7083
408	6	said	10.7408
408	7	the	4.51729
408	8	manager	13.6867
408	9	promoted	15.9501
408	10	the	3.37318
408	11	accountant	17.147
408	12	yesterday	17.3641
408	13	.	3.2734
408	14	</s>	25.7493
409	1	they	6.37172
409	2	reported	11.2987
409	3	that	1.06934
409	4	the	2.41116
409	5	executive	12.1971
409	6	said	11.155
409	7	a	8.25788
409	8	reporter	12.875
409	9	believed	14.1865
409	10	the	3.87627
409	11	manager	13.3866
409	12	promoted	15.9501
409	13	yesterday	17.687
409	14	.	3.2734
409	15	</s>	25.7493
410	1	they	6.37172
410	2	reported	11.2987
410	3	that	1.06934
410	4	the	2.41116
410	5	executive	12.1971
410	6	said	11.155
410	7	a	8.25788
410	8	reporter	12.875
410	9	believed	14.1865
410	10	the	3.87627
410	11	manager	13.3866
410	12	promoted	15.9501
410	13	the	3.37318
410	14	accountant	17.147
410	15	yesterday	17.3641
410	16	.	3.2734
410	17	</s>	25.7493
411	1	they	6.37172
411	2	reported	11.2987
411	3	who	12.4486
411	4	the	8.96323
411	5	executive	12.7083
411	6	said	10.7408
411	7	a	8.25788
411	8	reporter	12.875
411	9	believed	14.1865
411	10	the	3.87627
411	11	manager	13.3866
411	12	promoted	15.9501
411	13	yesterday	17.687
411	14	.	3.2734
411	15	</s>	25.7493
412	1	they	6.37172
412	2	reported	11.2987
412	3	who	12.4486
412	4	the	8.96323
412	5	executive	12.7083
412	6	said	10.7408
412	7	a	8.25788
412	8	reporter	12.875
412	9	believed	14.1865
412	10	the	3.87627
412	11	manager	13.3866
412	12	promoted	15.9501
412	13	the	3.37318
412	14	accountant	17.147
412	15	yesterday	17.3641
412	16	.	3.2734
412	17	</s>	25.7493
413	1	they	6.37172
413	2	reported	11.2987
413	3	that	1.06934
413	4	the	2.41116
413	5	executive	12.1971
413	6	said	11.155
413	7	a	8.25788
413	8	reporter	12.875
413	9	believed	14.1865
413	10	the	3.87627
413	11	client	13.2423
413	12	said	12.4449
413	13	the	4.51729
413	14	manager	13.6867
413	15	promoted	15.9501
413	16	yesterday	17.687
413	17	.	3.2734
413	18	</s>	25.7493
414	1	they	6.37172
414	2	reported	11.2987
414	3	that	1.06934
414	4	the	2.41116
414	5	executive	12.1971
414	6	said	11.155
414	7	a	8.25788
414	8	reporter	12.875
414	9	believed	14.1865
414	10	the	3.87627
414	11	client	13.2423
414	12	said	12.4449
414	13	the	4.51729
414	14	manager	13.6867
414	15	promoted	15.9501
414	16	the	3.37318
414	17	accountant	17.147
414	18	yesterday	17.3641
414	19	.	3.2734
414	20	</s>	25.7493
415	1	they	6.37172
415	2	reported	11.2987
415	3	who	12.4486
415	4	the	8.96323
415	5	executive	12.7083
415	6	said	10.7408
415	7	a	8.25788
415	8	reporter	12.875
415	9	believed	14.1865
415	10	the	3.87627
415	11	client	13.2423
415	12	said	12.4449
415	13	the	4.51729
415	14	manager	13.6867
415	15	promoted	15.9501
415	16	yesterday	17.687
415	17	.	3.2734
415	18	</s>	25.7493
416	1	they	6.37172
416	2	reported	11.2987
416	3	who	12.4486
416	4	the	8.96323
416	5	executive	12.7083
416	6	said	10.7408
416	7	a	8.25788
416	8	reporter	12.875
416	9	believed	14.1865
416	10	the	3.87627
416	11	client	13.2423
416	12	said	12.4449
416	13	the	4.51729
416	14	manager	13.6867
416	15	promoted	15.9501
416	16	the	3.37318
416	17	accountant	17.147
416	18	yesterday	17.3641
416	19	.	3.2734
416	20	</s>	25.7493
417	1	they	6.37172
417	2	reported	11.2987
417	3	that	1.06934
417	4	the	2.41116
417	5	executive	12.1971
417	6	said	11.155
417	7	a	8.25788
417	8	reporter	12.875
417	9	believed	14.1865
417	10	the	3.87627
417	11	client	13.2423
417	12	said	12.4449
417	13	he	4.21088
417	14	saw	7.7419
417	15	the	3.79528
417	16	manager	13.9691
417	17	promoted	15.9501
417	18	yesterday	17.687
417	19	.	3.2734
417	20	</s>	25.7493
418	1	they	6.37172
418	2	reported	11.2987
418	3	that	1.06934
418	4	the	2.41116
418	5	executive	12.1971
418	6	said	11.155
418	7	a	8.25788
418	8	reporter	12.875
418	9	believed	14.1865
418	10	the	3.87627
418	11	client	13.2423
418	12	said	12.4449
418	13	he	4.21088
418	14	saw	7.7419
418	15	the	3.79528
418	16	manager	13.9691
418	17	promoted	15.9501
418	18	the	3.37318
418	19	accountant	17.147
418	20	yesterday	17.3641
418	21	.	3.2734
418	22	</s>	25.7493
419	1	they	6.37172
419	2	reported	11.2987
419	3	who	12.4486
419	4	the	8.96323
419	5	executive	12.7083
419	6	said	10.7408
419	7	a	8.25788
419	8	reporter	12.875
419	9	believed	14.1865
419	10	the	3.87627
419	11	client	13.2423
419	12	said	12.4449
419	13	he	4.21088
419	14	saw	7.7419
419	15	the	3.79528
419	16	manager	13.9691
419	17	promoted	15.9501
419	18	yesterday	17.687
419	19	.	3.2734
419	20	</s>	25.7493
420	1	they	6.37172
420	2	reported	11.2987
420	3	who	12.4486
420	4	the	8.96323
420	5	executive	12.7083
420	6	said	10.7408
420	7	a	8.25788
420	8	reporter	12.875
420	9	believed	14.1865
420	10	the	3.87627
420	11	client	13.2423
420	12	said	12.4449
420	13	he	4.21088
420	14	saw	7.7419
420	15	the	3.79528
420	16	manager	13.9691
420	17	promoted	15.9501
420	18	the	3.37318
420	19	accountant	17.147
420	20	yesterday	17.3641
420	21	.	3.2734
420	22	</s>	25.7493
421	1	they	6.37172
421	2	recalled	15.4151
421	3	that	3.25558
421	4	the	3.21199
421	5	heiress	16.5784
421	6	divorced	17.3252
421	7	last	14.9841
421	8	year	6.09731
421	9	.	3.19119
421	10	</s>	26.3523
422	1	they	6.37172
422	2	recalled	15.4151
422	3	that	3.25558
422	4	the	3.21199
422	5	heiress	16.5784
422	6	divorced	17.3252
422	7	the	6.85238
422	8	count	13.0823
422	9	last	15.2183
422	10	year	6.09731
422	11	.	3.19119
422	12	</s>	26.3523
423	1	they	6.37172
423	2	recalled	15.4151
423	3	who	11.9121
423	4	the	8.96323
423	5	heiress	16.1585
423	6	divorced	17.3252
423	7	last	14.9841
423	8	year	6.09731
423	9	.	3.19119
423	10	</s>	26.3523
424	1	they	6.37172
424	2	recalled	15.4151
424	3	who	11.9121
424	4	the	8.96323
424	5	heiress	16.1585
424	6	divorced	17.3252
424	7	the	6.85238
424	8	count	13.0823
424	9	last	15.2183
424	10	year	6.09731
424	11	.	3.19119
424	12	</s>	26.3523
425	1	they	6.37172
425	2	recalled	15.4151
425	3	that	3.25558
425	4	the	3.21199
425	5	writer	11.6729
425	6	thought	14.3217
425	7	the	4.36895
425	8	heiress	16.1942
425	9	divorced	17.3252
425	10	last	14.9841
425	11	year	6.09731
425	12	.	3.19119
425	13	</s>	26.3523
426	1	they	6.37172
426	2	recalled	15.4151
426	3	that	3.25558
426	4	the	3.21199
426	5	writer	11.6729
426	6	thought	14.3217
426	7	the	4.36895
426	8	heiress	16.1942
426	9	divorced	17.3252
426	10	the	6.85238
426	11	count	13.0823
426	12	last	15.2183
426	13	year	6.09731
426	14	.	3.19119
426	15	</s>	26.3523
427	1	they	6.37172
427	2	recalled	15.4151
427	3	who	11.9121
427	4	the	8.96323
427	5	writer	13.3228
427	6	thought	13.9288
427	7	the	4.36895
427	8	heiress	16.1942
427	9	divorced	17.3252
427	10	last	14.9841
427	11	year	6.09731
427	12	.	3.19119
427	13	</s>	26.3523
428	1	they	6.37172
428	2	recalled	15.4151
428	3	who	11.9121
428	4	the	8.96323
428	5	writer	13.3228
428	6	thought	13.9288
428	7	the	4.36895
428	8	heiress	16.1942
428	9	divorced	17.3252
428	10	the	6.85238
428	11	count	13.0823
428	12	last	15.2183
428	13	year	6.09731
428	14	.	3.19119
428	15	</s>	26.3523
429	1	they	6.37172
429	2	recalled	15.4151
429	3	that	3.25558
429	4	the	3.21199
429	5	writer	11.6729
429	6	thought	14.3217
429	7	the	4.36895
429	8	man	11.4918
429	9	said	9.6055
429	10	the	4.64906
429	11	heiress	16.3411
429	12	divorced	17.3252
429	13	last	14.9841
429	14	year	6.09731
429	15	.	3.19119
429	16	</s>	26.3523
430	1	they	6.37172
430	2	recalled	15.4151
430	3	that	3.25558
430	4	the	3.21199
430	5	writer	11.6729
430	6	thought	14.3217
430	7	the	4.36895
430	8	man	11.4918
430	9	said	9.6055
430	10	the	4.64906
430	11	heiress	16.3411
430	12	divorced	17.3252
430	13	the	6.85238
430	14	count	13.0823
430	15	last	15.2183
430	16	year	6.09731
430	17	.	3.19119
430	18	</s>	26.3523
431	1	they	6.37172
431	2	recalled	15.4151
431	3	who	11.9121
431	4	the	8.96323
431	5	writer	13.3228
431	6	thought	13.9288
431	7	the	4.36895
431	8	man	11.4918
431	9	said	9.6055
431	10	the	4.64906
431	11	heiress	16.3411
431	12	divorced	17.3252
431	13	last	14.9841
431	14	year	6.09731
431	15	.	3.19119
431	16	</s>	26.3523
432	1	they	6.37172
432	2	recalled	15.4151
432	3	who	11.9121
432	4	the	8.96323
432	5	writer	13.3228
432	6	thought	13.9288
432	7	the	4.36895
432	8	man	11.4918
432	9	said	9.6055
432	10	the	4.64906
432	11	heiress	16.3411
432	12	divorced	17.3252
432	13	the	6.85238
432	14	count	13.0823
432	15	last	15.2183
432	16	year	6.09731
432	17	.	3.19119
432	18	</s>	26.3523
433	1	they	6.37172
433	2	recalled	15.4151
433	3	that	3.25558
433	4	the	3.21199
433	5	writer	11.6729
433	6	thought	14.3217
433	7	the	4.36895
433	8	man	11.4918
433	9	said	9.6055
433	10	his	6.96939
433	11	brother	7.69383
433	12	believed	13.7771
433	13	the	3.87627
433	14	heiress	16.041
433	15	divorced	17.3252
433	16	last	14.9841
433	17	year	6.09731
433	18	.	3.19119
433	19	</s>	26.3523
434	1	they	6.37172
434	2	recalled	15.4151
434	3	that	3.25558
434	4	the	3.21199
434	5	writer	11.6729
434	6	thought	14.3217
434	7	the	4.36895
434	8	man	11.4918
434	9	said	9.6055
434	10	his	6.96939
434	11	brother	7.69383
434	12	believed	13.7771
434	13	the	3.87627
434	14	heiress	16.041
434	15	divorced	17.3252
434	16	the	6.85238
434	17	count	13.0823
434	18	last	15.2183
434	19	year	6.09731
434	20	.	3.19119
434	21	</s>	26.3523
435	1	they	6.37172
435	2	recalled	15.4151
435	3	who	11.9121
435	4	the	8.96323
435	5	writer	13.3228
435	6	thought	13.9288
435	7	the	4.36895
435	8	man	11.4918
435	9	said	9.6055
435	10	his	6.96939
435	11	brother	7.69383
435	12	believed	13.7771
435	13	the	3.87627
435	14	heiress	16.041
435	15	divorced	17.3252
435	16	last	14.9841
435	17	year	6.09731
435	18	.	3.19119
435	19	</s>	26.3523
436	1	they	6.37172
436	2	recalled	15.4151
436	3	who	11.9121
436	4	the	8.96323
436	5	writer	13.3228
436	6	thought	13.9288
436	7	the	4.36895
436	8	man	11.4918
436	9	said	9.6055
436	10	his	6.96939
436	11	brother	7.69383
436	12	believed	13.7771
436	13	the	3.87627
436	14	heiress	16.041
436	15	divorced	17.3252
436	16	the	6.85238
436	17	count	13.0823
436	18	last	15.2183
436	19	year	6.09731
436	20	.	3.19119
436	21	</s>	26.3523
437	1	they	6.37172
437	2	recalled	15.4151
437	3	that	3.25558
437	4	the	3.21199
437	5	writer	11.6729
437	6	thought	14.3217
437	7	the	4.36895
437	8	man	11.4918
437	9	said	9.6055
437	10	his	6.96939
437	11	brother	7.69383
437	12	believed	13.7771
437	13	he	5.20607
437	14	saw	7.19067
437	15	the	4.16645
437	16	heiress	16.6235
437	17	divorced	17.3252
437	18	last	14.9841
437	19	year	6.09731
437	20	.	3.19119
437	21	</s>	26.3523
438	1	they	6.37172
438	2	recalled	15.4151
438	3	that	3.25558
438	4	the	3.21199
438	5	writer	11.6729
438	6	thought	14.3217
438	7	the	4.36895
438	8	man	11.4918
438	9	said	9.6055
438	10	his	6.96939
438	11	brother	7.69383
438	12	believed	13.7771
438	13	he	5.20607
438	14	saw	7.19067
438	15	the	4.16645
438	16	heiress	16.6235
438	17	divorced	17.3252
438	18	the	6.85238
438	19	count	13.0823
438	20	last	15.2183
438	21	year	6.09731
438	22	.	3.19119
438	23	</s>	26.3523
439	1	they	6.37172
439	2	recalled	15.4151
439	3	who	11.9121
439	4	the	8.96323
439	5	writer	13.3228
439	6	thought	13.9288
439	7	the	4.36895
439	8	man	11.4918
439	9	said	9.6055
439	10	his	6.96939
439	11	brother	7.69383
439	12	believed	13.7771
439	13	he	5.20607
439	14	saw	7.19067
439	15	the	4.16645
439	16	heiress	16.6235
439	17	divorced	17.3252
439	18	last	14.9841
439	19	year	6.09731
439	20	.	3.19119
439	21	</s>	26.3523
440	1	they	6.37172
440	2	recalled	15.4151
440	3	who	11.9121
440	4	the	8.96323
440	5	writer	13.3228
440	6	thought	13.9288
440	7	the	4.36895
440	8	man	11.4918
440	9	said	9.6055
440	10	his	6.96939
440	11	brother	7.69383
440	12	believed	13.7771
440	13	he	5.20607
440	14	saw	7.19067
440	15	the	4.16645
440	16	heiress	16.6235
440	17	divorced	17.3252
440	18	the	6.85238
440	19	count	13.0823
440	20	last	15.2183
440	21	year	6.09731
440	22	.	3.19119
440	23	</s>	26.3523
441	1	the	2.46696
441	2	assistant	15.2034
441	3	told	14.3917
441	4	me	5.67112
441	5	that	2.70399
441	6	the	3.40538
441	7	pilot	11.5718
441	8	sent	13.8225
441	9	to	3.66186
441	10	his	7.0128
441	11	family	5.42331
441	12	.	2.48781
441	13	</s>	27.279
442	1	the	2.46696
442	2	assistant	15.2034
442	3	told	14.3917
442	4	me	5.67112
442	5	that	2.70399
442	6	the	3.40538
442	7	pilot	11.5718
442	8	sent	13.8225
442	9	the	4.56608
442	10	package	14.5674
442	11	to	6.32491
442	12	his	7.73794
442	13	family	6.59809
442	14	.	2.48781
442	15	</s>	27.279
443	1	the	2.46696
443	2	assistant	15.2034
443	3	told	14.3917
443	4	me	5.67112
443	5	what	7.46877
443	6	the	5.39093
443	7	pilot	10.8575
443	8	sent	13.7232
443	9	to	3.66186
443	10	his	7.0128
443	11	family	5.42331
443	12	.	2.48781
443	13	</s>	27.279
444	1	the	2.46696
444	2	assistant	15.2034
444	3	told	14.3917
444	4	me	5.67112
444	5	what	7.46877
444	6	the	5.39093
444	7	pilot	10.8575
444	8	sent	13.7232
444	9	the	4.56608
444	10	package	14.5674
444	11	to	6.32491
444	12	his	7.73794
444	13	family	6.59809
444	14	.	2.48781
444	15	</s>	27.279
445	1	the	2.46696
445	2	assistant	15.2034
445	3	told	14.3917
445	4	me	5.67112
445	5	that	2.70399
445	6	the	3.40538
445	7	man	9.56993
445	8	knew	15.3509
445	9	the	4.27224
445	10	pilot	12.0721
445	11	sent	13.7232
445	12	to	3.66186
445	13	his	7.0128
445	14	family	5.42331
445	15	.	2.48781
445	16	</s>	27.279
446	1	the	2.46696
446	2	assistant	15.2034
446	3	told	14.3917
446	4	me	5.67112
446	5	that	2.70399
446	6	the	3.40538
446	7	man	9.56993
446	8	knew	15.3509
446	9	the	4.27224
446	10	pilot	12.0721
446	11	sent	13.7232
446	12	the	4.56608
446	13	package	14.5674
446	14	to	6.32491
446	15	his	7.73794
446	16	family	6.59809
446	17	.	2.48781
446	18	</s>	27.279
447	1	the	2.46696
447	2	assistant	15.2034
447	3	told	14.3917
447	4	me	5.67112
447	5	what	7.46877
447	6	the	5.39093
447	7	man	11.6781
447	8	knew	14.8402
447	9	the	4.27224
447	10	pilot	12.0721
447	11	sent	13.7232
447	12	to	3.66186
447	13	his	7.0128
447	14	family	5.42331
447	15	.	2.48781
447	16	</s>	27.279
448	1	the	2.46696
448	2	assistant	15.2034
448	3	told	14.3917
448	4	me	5.67112
448	5	what	7.46877
448	6	the	5.39093
448	7	man	11.6781
448	8	knew	14.8402
448	9	the	4.27224
448	10	pilot	12.0721
448	11	sent	13.7232
448	12	the	4.56608
448	13	package	14.5674
448	14	to	6.32491
448	15	his	7.73794
448	16	family	6.59809
448	17	.	2.48781
448	18	</s>	27.279
449	1	the	2.46696
449	2	assistant	15.2034
449	3	told	14.3917
449	4	me	5.67112
449	5	that	2.70399
449	6	the	3.40538
449	7	man	9.56993
449	8	knew	15.3509
449	9	his	6.10381
449	10	friend	9.30099
449	11	recalled	11.6828
449	12	the	4.00018
449	13	pilot	12.0651
449	14	sent	13.7232
449	15	to	3.66186
449	16	his	7.0128
449	17	family	5.42331
449	18	.	2.48781
449	19	</s>	27.279
450	1	the	2.46696
450	2	assistant	15.2034
450	3	told	14.3917
450	4	me	5.67112
450	5	that	2.70399
450	6	the	3.40538
450	7	man	9.56993
450	8	knew	15.3509
450	9	his	6.10381
450	10	friend	9.30099
450	11	recalled	11.6828
450	12	the	4.00018
450	13	pilot	12.0651
450	14	sent	13.7232
450	15	the	4.56608
450	16	package	14.5674
450	17	to	6.32491
450	18	his	7.73794
450	19	family	6.59809
450	20	.	2.48781
450	21	</s>	27.279
451	1	the	2.46696
451	2	assistant	15.2034
451	3	told	14.3917
451	4	me	5.67112
451	5	what	7.46877
451	6	the	5.39093
451	7	man	11.6781
451	8	knew	14.8402
451	9	his	6.10381
451	10	friend	9.30099
451	11	recalled	11.6828
451	12	the	4.00018
451	13	pilot	12.0651
451	14	sent	13.7232
451	15	to	3.66186
451	16	his	7.0128
451	17	family	5.42331
451	18	.	2.48781
451	19	</s>	27.279
452	1	the	2.46696
452	2	assistant	15.2034
452	3	told	14.3917
452	4	me	5.67112
452	5	what	7.46877
452	6	the	5.39093
452	7	man	11.6781
452	8	knew	14.8402
452	9	his	6.10381
452	10	friend	9.30099
452	11	recalled	11.6828
452	12	the	4.00018
452	13	pilot	12.0651
452	14	sent	13.7232
452	15	the	4.56608
452	16	package	14.5674
452	17	to	6.32491
452	18	his	7.73794
452	19	family	6.59809
452	20	.	2.48781
452	21	</s>	27.279
453	1	the	2.46696
453	2	assistant	15.2034
453	3	told	14.3917
453	4	me	5.67112
453	5	that	2.70399
453	6	the	3.40538
453	7	man	9.56993
453	8	knew	15.3509
453	9	his	6.10381
453	10	friend	9.30099
453	11	recalled	11.6828
453	12	the	4.00018
453	13	woman	12.1919
453	14	said	9.79886
453	15	the	4.76385
453	16	pilot	12.4321
453	17	sent	13.7232
453	18	to	3.66186
453	19	his	7.0128
453	20	family	5.42331
453	21	.	2.48781
453	22	</s>	27.279
454	1	the	2.46696
454	2	assistant	15.2034
454	3	told	14.3917
454	4	me	5.67112
454	5	that	2.70399
454	6	the	3.40538
454	7	man	9.56993
454	8	knew	15.3509
454	9	his	6.10381
454	10	friend	9.30099
454	11	recalled	11.6828
454	12	the	4.00018
454	13	woman	12.1919
454	14	said	9.79886
454	15	the	4.76385
454	16	pilot	12.4321
454	17	sent	13.7232
454	18	the	4.56608
454	19	package	14.5674
454	20	to	6.32491
454	21	his	7.73794
454	22	family	6.59809
454	23	.	2.48781
454	24	</s>	27.279
455	1	the	2.46696
455	2	assistant	15.2034
455	3	told	14.3917
455	4	me	5.67112
455	5	what	7.46877
455	6	the	5.39093
455	7	man	11.6781
455	8	knew	14.8402
455	9	his	6.10381
455	10	friend	9.30099
455	11	recalled	11.6828
455	12	the	4.00018
455	13	woman	12.1919
455	14	said	9.79886
455	15	the	4.76385
455	16	pilot	12.4321
455	17	sent	13.7232
455	18	to	3.66186
455	19	his	7.0128
455	20	family	5.42331
455	21	.	2.48781
455	22	</s>	27.279
456	1	the	2.46696
456	2	assistant	15.2034
456	3	told	14.3917
456	4	me	5.67112
456	5	what	7.46877
456	6	the	5.39093
456	7	man	11.6781
456	8	knew	14.8402
456	9	his	6.10381
456	10	friend	9.30099
456	11	recalled	11.6828
456	12	the	4.00018
456	13	woman	12.1919
456	14	said	9.79886
456	15	the	4.76385
456	16	pilot	12.4321
456	17	sent	13.7232
456	18	the	4.56608
456	19	package	14.5674
456	20	to	6.32491
456	21	his	7.73794
456	22	family	6.59809
456	23	.	2.48781
456	24	</s>	27.279
457	1	the	2.46696
457	2	assistant	15.2034
457	3	told	14.3917
457	4	me	5.67112
457	5	that	2.70399
457	6	the	3.40538
457	7	man	9.56993
457	8	knew	15.3509
457	9	his	6.10381
457	10	friend	9.30099
457	11	recalled	11.6828
457	12	the	4.00018
457	13	woman	12.1919
457	14	said	9.79886
457	15	her	8.80805
457	16	colleague	12.5088
457	17	saw	12.4293
457	18	the	2.9593
457	19	pilot	11.5217
457	20	sent	13.7232
457	21	to	3.66186
457	22	his	7.0128
457	23	family	5.42331
457	24	.	2.48781
457	25	</s>	27.279
458	1	the	2.46696
458	2	assistant	15.2034
458	3	told	14.3917
458	4	me	5.67112
458	5	that	2.70399
458	6	the	3.40538
458	7	man	9.56993
458	8	knew	15.3509
458	9	his	6.10381
458	10	friend	9.30099
458	11	recalled	11.6828
458	12	the	4.00018
458	13	woman	12.1919
458	14	said	9.79886
458	15	her	8.80805
458	16	colleague	12.5088
458	17	saw	12.4293
458	18	the	2.9593
458	19	pilot	11.5217
458	20	sent	13.7232
458	21	the	4.56608
458	22	package	14.5674
458	23	to	6.32491
458	24	his	7.73794
458	25	family	6.59809
458	26	.	2.48781
458	27	</s>	27.279
459	1	the	2.46696
459	2	assistant	15.2034
459	3	told	14.3917
459	4	me	5.67112
459	5	what	7.46877
459	6	the	5.39093
459	7	man	11.6781
459	8	knew	14.8402
459	9	his	6.10381
459	10	friend	9.30099
459	11	recalled	11.6828
459	12	the	4.00018
459	13	woman	12.1919
459	14	said	9.79886
459	15	her	8.80805
459	16	colleague	12.5088
459	17	saw	12.4293
459	18	the	2.9593
459	19	pilot	11.5217
459	20	sent	13.7232
459	21	to	3.66186
459	22	his	7.0128
459	23	family	5.42331
459	24	.	2.48781
459	25	</s>	27.279
460	1	the	2.46696
460	2	assistant	15.2034
460	3	told	14.3917
460	4	me	5.67112
460	5	what	7.46877
460	6	the	5.39093
460	7	man	11.6781
460	8	knew	14.8402
460	9	his	6.10381
460	10	friend	9.30099
460	11	recalled	11.6828
460	12	the	4.00018
460	13	woman	12.1919
460	14	said	9.79886
460	15	her	8.80805
460	16	colleague	12.5088
460	17	saw	12.4293
460	18	the	2.9593
460	19	pilot	11.5217
460	20	sent	13.7232
460	21	the	4.56608
460	22	package	14.5674
460	23	to	6.32491
460	24	his	7.73794
460	25	family	6.59809
460	26	.	2.48781
460	27	</s>	27.279
461	1	we	10.0475
461	2	recalled	16.8821
461	3	that	3.25558
461	4	the	3.21199
461	5	clown	16.2672
461	6	frightened	17.4816
461	7	at	7.58751
461	8	the	3.2401
461	9	party	9.75059
461	10	.	4.10505
461	11	</s>	24.7244
462	1	we	10.0475
462	2	recalled	16.8821
462	3	that	3.25558
462	4	the	3.21199
462	5	clown	16.2672
462	6	frightened	17.4816
462	7	the	5.29302
462	8	children	11.2799
462	9	at	7.14969
462	10	the	1.72714
462	11	party	9.96291
462	12	.	4.10505
462	13	</s>	24.7244
463	1	we	10.0475
463	2	recalled	16.8821
463	3	who	11.9121
463	4	the	8.96323
463	5	clown	15.8473
463	6	frightened	17.4816
463	7	at	7.58751
463	8	the	3.2401
463	9	party	9.75059
463	10	.	4.10505
463	11	</s>	24.7244
464	1	we	10.0475
464	2	recalled	16.8821
464	3	who	11.9121
464	4	the	8.96323
464	5	clown	15.8473
464	6	frightened	17.4816
464	7	the	5.29302
464	8	children	11.2799
464	9	at	7.14969
464	10	the	1.72714
464	11	party	9.96291
464	12	.	4.10505
464	13	</s>	24.7244
465	1	we	10.0475
465	2	recalled	16.8821
465	3	that	3.25558
465	4	the	3.21199
465	5	actor	11.5933
465	6	said	8.46359
465	7	the	4.62921
465	8	clown	16.03
465	9	frightened	17.4816
465	10	at	7.58751
465	11	the	3.2401
465	12	party	9.75059
465	13	.	4.10505
465	14	</s>	24.7244
466	1	we	10.0475
466	2	recalled	16.8821
466	3	that	3.25558
466	4	the	3.21199
466	5	actor	11.5933
466	6	said	8.46359
466	7	the	4.62921
466	8	clown	16.03
466	9	frightened	17.4816
466	10	the	5.29302
466	11	children	11.2799
466	12	at	7.14969
466	13	the	1.72714
466	14	party	9.96291
466	15	.	4.10505
466	16	</s>	24.7244
467	1	we	10.0475
467	2	recalled	16.8821
467	3	who	11.9121
467	4	the	8.96323
467	5	actor	12.9783
467	6	said	8.22518
467	7	the	4.62921
467	8	clown	16.03
467	9	frightened	17.4816
467	10	at	7.58751
467	11	the	3.2401
467	12	party	9.75059
467	13	.	4.10505
467	14	</s>	24.7244
468	1	we	10.0475
468	2	recalled	16.8821
468	3	who	11.9121
468	4	the	8.96323
468	5	actor	12.9783
468	6	said	8.22518
468	7	the	4.62921
468	8	clown	16.03
468	9	frightened	17.4816
468	10	the	5.29302
468	11	children	11.2799
468	12	at	7.14969
468	13	the	1.72714
468	14	party	9.96291
468	15	.	4.10505
468	16	</s>	24.7244
469	1	we	10.0475
469	2	recalled	16.8821
469	3	that	3.25558
469	4	the	3.21199
469	5	actor	11.5933
469	6	said	8.46359
469	7	the	4.62921
469	8	people	10.9829
469	9	knew	10.6791
469	10	the	4.43327
469	11	clown	15.6699
469	12	frightened	17.4816
469	13	at	7.58751
469	14	the	3.2401
469	15	party	9.75059
469	16	.	4.10505
469	17	</s>	24.7244
470	1	we	10.0475
470	2	recalled	16.8821
470	3	that	3.25558
470	4	the	3.21199
470	5	actor	11.5933
470	6	said	8.46359
470	7	the	4.62921
470	8	people	10.9829
470	9	knew	10.6791
470	10	the	4.43327
470	11	clown	15.6699
470	12	frightened	17.4816
470	13	the	5.29302
470	14	children	11.2799
470	15	at	7.14969
470	16	the	1.72714
470	17	party	9.96291
470	18	.	4.10505
470	19	</s>	24.7244
471	1	we	10.0475
471	2	recalled	16.8821
471	3	who	11.9121
471	4	the	8.96323
471	5	actor	12.9783
471	6	said	8.22518
471	7	the	4.62921
471	8	people	10.9829
471	9	knew	10.6791
471	10	the	4.43327
471	11	clown	15.6699
471	12	frightened	17.4816
471	13	at	7.58751
471	14	the	3.2401
471	15	party	9.75059
471	16	.	4.10505
471	17	</s>	24.7244
472	1	we	10.0475
472	2	recalled	16.8821
472	3	who	11.9121
472	4	the	8.96323
472	5	actor	12.9783
472	6	said	8.22518
472	7	the	4.62921
472	8	people	10.9829
472	9	knew	10.6791
472	10	the	4.43327
472	11	clown	15.6699
472	12	frightened	17.4816
472	13	the	5.29302
472	14	children	11.2799
472	15	at	7.14969
472	16	the	1.72714
472	17	party	9.96291
472	18	.	4.10505
472	19	</s>	24.7244
473	1	we	10.0475
473	2	recalled	16.8821
473	3	that	3.25558
473	4	the	3.21199
473	5	actor	11.5933
473	6	said	8.46359
473	7	the	4.62921
473	8	people	10.9829
473	9	knew	10.6791
473	10	he	5.28302
473	11	thought	10.94
473	12	the	4.14874
473	13	clown	15.9053
473	14	frightened	17.4816
473	15	at	7.58751
473	16	the	3.2401
473	17	party	9.75059
473	18	.	4.10505
473	19	</s>	24.7244
474	1	we	10.0475
474	2	recalled	16.8821
474	3	that	3.25558
474	4	the	3.21199
474	5	actor	11.5933
474	6	said	8.46359
474	7	the	4.62921
474	8	people	10.9829
474	9	knew	10.6791
474	10	he	5.28302
474	11	thought	10.94
474	12	the	4.14874
474	13	clown	15.9053
474	14	frightened	17.4816
474	15	the	5.29302
474	16	children	11.2799
474	17	at	7.14969
474	18	the	1.72714
474	19	party	9.96291
474	20	.	4.10505
474	21	</s>	24.7244
475	1	we	10.0475
475	2	recalled	16.8821
475	3	who	11.9121
475	4	the	8.96323
475	5	actor	12.9783
475	6	said	8.22518
475	7	the	4.62921
475	8	people	10.9829
475	9	knew	10.6791
475	10	he	5.28302
475	11	thought	10.94
475	12	the	4.14874
475	13	clown	15.9053
475	14	frightened	17.4816
475	15	at	7.58751
475	16	the	3.2401
475	17	party	9.75059
475	18	.	4.10505
475	19	</s>	24.7244
476	1	we	10.0475
476	2	recalled	16.8821
476	3	who	11.9121
476	4	the	8.96323
476	5	actor	12.9783
476	6	said	8.22518
476	7	the	4.62921
476	8	people	10.9829
476	9	knew	10.6791
476	10	he	5.28302
476	11	thought	10.94
476	12	the	4.14874
476	13	clown	15.9053
476	14	frightened	17.4816
476	15	the	5.29302
476	16	children	11.2799
476	17	at	7.14969
476	18	the	1.72714
476	19	party	9.96291
476	20	.	4.10505
476	21	</s>	24.7244
477	1	we	10.0475
477	2	recalled	16.8821
477	3	that	3.25558
477	4	the	3.21199
477	5	actor	11.5933
477	6	said	8.46359
477	7	the	4.62921
477	8	people	10.9829
477	9	knew	10.6791
477	10	he	5.28302
477	11	thought	10.94
477	12	he	4.14874
477	13	noticed	13.648
477	14	the	3.89328
477	15	clown	15.6419
477	16	frightened	17.4816
477	17	at	7.58751
477	18	the	3.2401
477	19	party	9.75059
477	20	.	4.10505
477	21	</s>	24.7244
478	1	we	10.0475
478	2	recalled	16.8821
478	3	that	3.25558
478	4	the	3.21199
478	5	actor	11.5933
478	6	said	8.46359
478	7	the	4.62921
478	8	people	10.9829
478	9	knew	10.6791
478	10	he	5.28302
478	11	thought	10.94
478	12	he	4.14874
478	13	noticed	13.648
478	14	the	3.89328
478	15	clown	15.6419
478	16	frightened	17.4816
478	17	the	5.29302
478	18	children	11.2799
478	19	at	7.14969
478	20	the	1.72714
478	21	party	9.96291
478	22	.	4.10505
478	23	</s>	24.7244
479	1	we	10.0475
479	2	recalled	16.8821
479	3	who	11.9121
479	4	the	8.96323
479	5	actor	12.9783
479	6	said	8.22518
479	7	the	4.62921
479	8	people	10.9829
479	9	knew	10.6791
479	10	he	5.28302
479	11	thought	10.94
479	12	he	4.14874
479	13	noticed	13.648
479	14	the	3.89328
479	15	clown	15.6419
479	16	frightened	17.4816
479	17	at	7.58751
479	18	the	3.2401
479	19	party	9.75059
479	20	.	4.10505
479	21	</s>	24.7244
480	1	we	10.0475
480	2	recalled	16.8821
480	3	who	11.9121
480	4	the	8.96323
480	5	actor	12.9783
480	6	said	8.22518
480	7	the	4.62921
480	8	people	10.9829
480	9	knew	10.6791
480	10	he	5.28302
480	11	thought	10.94
480	12	he	4.14874
480	13	noticed	13.648
480	14	the	3.89328
480	15	clown	15.6419
480	16	frightened	17.4816
480	17	the	5.29302
480	18	children	11.2799
480	19	at	7.14969
480	20	the	1.72714
480	21	party	9.96291
480	22	.	4.10505
480	23	</s>	24.7244
481	1	he	4.43708
481	2	recalled	11.3595
481	3	that	2.12319
481	4	the	4.22693
481	5	terrorist	13.9516
481	6	assassinated	18.9972
481	7	last	14.3933
481	8	night	6.976
481	9	.	2.66267
481	10	</s>	25.4592
482	1	he	4.43708
482	2	recalled	11.3595
482	3	that	2.12319
482	4	the	4.22693
482	5	terrorist	13.9516
482	6	assassinated	18.9972
482	7	the	5.07255
482	8	politician	15.6277
482	9	last	15.3084
482	10	night	6.976
482	11	.	2.66267
482	12	</s>	25.4592
483	1	he	4.43708
483	2	recalled	11.3595
483	3	who	12.7182
483	4	the	8.96323
483	5	terrorist	14.7015
483	6	assassinated	18.8463
483	7	last	14.3933
483	8	night	6.976
483	9	.	2.66267
483	10	</s>	25.4592
484	1	he	4.43708
484	2	recalled	11.3595
484	3	who	12.7182
484	4	the	8.96323
484	5	terrorist	14.7015
484	6	assassinated	18.8463
484	7	the	5.07255
484	8	politician	15.6277
484	9	last	15.3084
484	10	night	6.976
484	11	.	2.66267
484	12	</s>	25.4592
485	1	he	4.43708
485	2	recalled	11.3595
485	3	that	2.12319
485	4	the	4.22693
485	5	president	9.34342
485	6	said	9.90475
485	7	the	4.53055
485	8	terrorist	14.8842
485	9	assassinated	18.8463
485	10	last	14.3933
485	11	night	6.976
485	12	.	2.66267
485	13	</s>	25.4592
486	1	he	4.43708
486	2	recalled	11.3595
486	3	that	2.12319
486	4	the	4.22693
486	5	president	9.34342
486	6	said	9.90475
486	7	the	4.53055
486	8	terrorist	14.8842
486	9	assassinated	18.8463
486	10	the	5.07255
486	11	politician	15.6277
486	12	last	15.3084
486	13	night	6.976
486	14	.	2.66267
486	15	</s>	25.4592
487	1	he	4.43708
487	2	recalled	11.3595
487	3	who	12.7182
487	4	the	8.96323
487	5	president	6.8914
487	6	said	9.31435
487	7	the	4.53055
487	8	terrorist	14.8842
487	9	assassinated	18.8463
487	10	last	14.3933
487	11	night	6.976
487	12	.	2.66267
487	13	</s>	25.4592
488	1	he	4.43708
488	2	recalled	11.3595
488	3	who	12.7182
488	4	the	8.96323
488	5	president	6.8914
488	6	said	9.31435
488	7	the	4.53055
488	8	terrorist	14.8842
488	9	assassinated	18.8463
488	10	the	5.07255
488	11	politician	15.6277
488	12	last	15.3084
488	13	night	6.976
488	14	.	2.66267
488	15	</s>	25.4592
489	1	he	4.43708
489	2	recalled	11.3595
489	3	that	2.12319
489	4	the	4.22693
489	5	president	9.34342
489	6	said	9.90475
489	7	the	4.53055
489	8	report	10.3593
489	9	confirmed	10.6234
489	10	the	3.64953
489	11	terrorist	14.732
489	12	assassinated	18.8463
489	13	last	14.3933
489	14	night	6.976
489	15	.	2.66267
489	16	</s>	25.4592
490	1	he	4.43708
490	2	recalled	11.3595
490	3	that	2.12319
490	4	the	4.22693
490	5	president	9.34342
490	6	said	9.90475
490	7	the	4.53055
490	8	report	10.3593
490	9	confirmed	10.6234
490	10	the	3.64953
490	11	terrorist	14.732
490	12	assassinated	18.8463
490	13	the	5.07255
490	14	politician	15.6277
490	15	last	15.3084
490	16	night	6.976
490	17	.	2.66267
490	18	</s>	25.4592
491	1	he	4.43708
491	2	recalled	11.3595
491	3	who	12.7182
491	4	the	8.96323
491	5	president	6.8914
491	6	said	9.31435
491	7	the	4.53055
491	8	report	10.3593
491	9	confirmed	10.6234
491	10	the	3.64953
491	11	terrorist	14.732
491	12	assassinated	18.8463
491	13	last	14.3933
491	14	night	6.976
491	15	.	2.66267
491	16	</s>	25.4592
492	1	he	4.43708
492	2	recalled	11.3595
492	3	who	12.7182
492	4	the	8.96323
492	5	president	6.8914
492	6	said	9.31435
492	7	the	4.53055
492	8	report	10.3593
492	9	confirmed	10.6234
492	10	the	3.64953
492	11	terrorist	14.732
492	12	assassinated	18.8463
492	13	the	5.07255
492	14	politician	15.6277
492	15	last	15.3084
492	16	night	6.976
492	17	.	2.66267
492	18	</s>	25.4592
493	1	he	4.43708
493	2	recalled	11.3595
493	3	that	2.12319
493	4	the	4.22693
493	5	president	9.34342
493	6	said	9.90475
493	7	the	4.53055
493	8	report	10.3593
493	9	confirmed	10.6234
493	10	he	6.58976
493	11	believed	10.3602
493	12	the	4.34857
493	13	terrorist	14.5767
493	14	assassinated	18.8463
493	15	last	14.3933
493	16	night	6.976
493	17	.	2.66267
493	18	</s>	25.4592
494	1	he	4.43708
494	2	recalled	11.3595
494	3	that	2.12319
494	4	the	4.22693
494	5	president	9.34342
494	6	said	9.90475
494	7	the	4.53055
494	8	report	10.3593
494	9	confirmed	10.6234
494	10	he	6.58976
494	11	believed	10.3602
494	12	the	4.34857
494	13	terrorist	14.5767
494	14	assassinated	18.8463
494	15	the	5.07255
494	16	politician	15.6277
494	17	last	15.3084
494	18	night	6.976
494	19	.	2.66267
494	20	</s>	25.4592
495	1	he	4.43708
495	2	recalled	11.3595
495	3	who	12.7182
495	4	the	8.96323
495	5	president	6.8914
495	6	said	9.31435
495	7	the	4.53055
495	8	report	10.3593
495	9	confirmed	10.6234
495	10	he	6.58976
495	11	believed	10.3602
495	12	the	4.34857
495	13	terrorist	14.5767
495	14	assassinated	18.8463
495	15	last	14.3933
495	16	night	6.976
495	17	.	2.66267
495	18	</s>	25.4592
496	1	he	4.43708
496	2	recalled	11.3595
496	3	who	12.7182
496	4	the	8.96323
496	5	president	6.8914
496	6	said	9.31435
496	7	the	4.53055
496	8	report	10.3593
496	9	confirmed	10.6234
496	10	he	6.58976
496	11	believed	10.3602
496	12	the	4.34857
496	13	terrorist	14.5767
496	14	assassinated	18.8463
496	15	the	5.07255
496	16	politician	15.6277
496	17	last	15.3084
496	18	night	6.976
496	19	.	2.66267
496	20	</s>	25.4592
497	1	he	4.43708
497	2	recalled	11.3595
497	3	that	2.12319
497	4	the	4.22693
497	5	president	9.34342
497	6	said	9.90475
497	7	the	4.53055
497	8	report	10.3593
497	9	confirmed	10.6234
497	10	he	6.58976
497	11	believed	10.3602
497	12	he	4.50356
497	13	remembered	13.0136
497	14	the	4.50957
497	15	terrorist	14.4312
497	16	assassinated	18.8463
497	17	last	14.3933
497	18	night	6.976
497	19	.	2.66267
497	20	</s>	25.4592
498	1	he	4.43708
498	2	recalled	11.3595
498	3	that	2.12319
498	4	the	4.22693
498	5	president	9.34342
498	6	said	9.90475
498	7	the	4.53055
498	8	report	10.3593
498	9	confirmed	10.6234
498	10	he	6.58976
498	11	believed	10.3602
498	12	he	4.50356
498	13	remembered	13.0136
498	14	the	4.50957
498	15	terrorist	14.4312
498	16	assassinated	18.8463
498	17	the	5.07255
498	18	politician	15.6277
498	19	last	15.3084
498	20	night	6.976
498	21	.	2.66267
498	22	</s>	25.4592
499	1	he	4.43708
499	2	recalled	11.3595
499	3	who	12.7182
499	4	the	8.96323
499	5	president	6.8914
499	6	said	9.31435
499	7	the	4.53055
499	8	report	10.3593
499	9	confirmed	10.6234
499	10	he	6.58976
499	11	believed	10.3602
499	12	he	4.50356
499	13	remembered	13.0136
499	14	the	4.50957
499	15	terrorist	14.4312
499	16	assassinated	18.8463
499	17	last	14.3933
499	18	night	6.976
499	19	.	2.66267
499	20	</s>	25.4592
500	1	he	4.43708
500	2	recalled	11.3595
500	3	who	12.7182
500	4	the	8.96323
500	5	president	6.8914
500	6	said	9.31435
500	7	the	4.53055
500	8	report	10.3593
500	9	confirmed	10.6234
500	10	he	6.58976
500	11	believed	10.3602
500	12	he	4.50356
500	13	remembered	13.0136
500	14	the	4.50957
500	15	terrorist	14.4312
500	16	assassinated	18.8463
500	17	the	5.07255
500	18	politician	15.6277
500	19	last	15.3084
500	20	night	6.976
500	21	.	2.66267
500	22	</s>	25.4592
501	1	i	8.92268
501	2	know	6.35939
501	3	that	3.01867
501	4	the	4.26664
501	5	librarian	16.5567
501	6	greeted	17.6138
501	7	early	13.4109
501	8	in	3.82723
501	9	the	1.49569
501	10	morning	3.77336
501	11	.	3.15299
501	12	</s>	28.5573
502	1	i	8.92268
502	2	know	6.35939
502	3	that	3.01867
502	4	the	4.26664
502	5	librarian	16.5567
502	6	greeted	17.6138
502	7	the	2.94363
502	8	man	11.3511
502	9	early	13.7145
502	10	in	3.82723
502	11	the	1.49569
502	12	morning	3.77336
502	13	.	3.15299
502	14	</s>	28.5573
503	1	i	8.92268
503	2	know	6.35939
503	3	who	6.55265
503	4	the	5.15736
503	5	librarian	16.1584
503	6	greeted	17.6138
503	7	early	13.4109
503	8	in	3.82723
503	9	the	1.49569
503	10	morning	3.77336
503	11	.	3.15299
503	12	</s>	28.5573
504	1	i	8.92268
504	2	know	6.35939
504	3	who	6.55265
504	4	the	5.15736
504	5	librarian	16.1584
504	6	greeted	17.6138
504	7	the	2.94363
504	8	man	11.3511
504	9	early	13.7145
504	10	in	3.82723
504	11	the	1.49569
504	12	morning	3.77336
504	13	.	3.15299
504	14	</s>	28.5573
505	1	i	8.92268
505	2	know	6.35939
505	3	that	3.01867
505	4	the	4.26664
505	5	mayor	11.656
505	6	said	13.637
505	7	the	4.51729
505	8	librarian	16.2568
505	9	greeted	17.6138
505	10	early	13.4109
505	11	in	3.82723
505	12	the	1.49569
505	13	morning	3.77336
505	14	.	3.15299
505	15	</s>	28.5573
506	1	i	8.92268
506	2	know	6.35939
506	3	that	3.01867
506	4	the	4.26664
506	5	mayor	11.656
506	6	said	13.637
506	7	the	4.51729
506	8	librarian	16.2568
506	9	greeted	17.6138
506	10	the	2.94363
506	11	man	11.3511
506	12	early	13.7145
506	13	in	3.82723
506	14	the	1.49569
506	15	morning	3.77336
506	16	.	3.15299
506	17	</s>	28.5573
507	1	i	8.92268
507	2	know	6.35939
507	3	who	6.55265
507	4	the	5.15736
507	5	mayor	12.5925
507	6	said	13.7085
507	7	the	4.51729
507	8	librarian	16.2568
507	9	greeted	17.6138
507	10	early	13.4109
507	11	in	3.82723
507	12	the	1.49569
507	13	morning	3.77336
507	14	.	3.15299
507	15	</s>	28.5573
508	1	i	8.92268
508	2	know	6.35939
508	3	who	6.55265
508	4	the	5.15736
508	5	mayor	12.5925
508	6	said	13.7085
508	7	the	4.51729
508	8	librarian	16.2568
508	9	greeted	17.6138
508	10	the	2.94363
508	11	man	11.3511
508	12	early	13.7145
508	13	in	3.82723
508	14	the	1.49569
508	15	morning	3.77336
508	16	.	3.15299
508	17	</s>	28.5573
509	1	i	8.92268
509	2	know	6.35939
509	3	that	3.01867
509	4	the	4.26664
509	5	mayor	11.656
509	6	said	13.637
509	7	the	4.51729
509	8	clerk	14.8529
509	9	believed	14.3594
509	10	the	3.87627
509	11	librarian	15.9567
509	12	greeted	17.6138
509	13	early	13.4109
509	14	in	3.82723
509	15	the	1.49569
509	16	morning	3.77336
509	17	.	3.15299
509	18	</s>	28.5573
510	1	i	8.92268
510	2	know	6.35939
510	3	that	3.01867
510	4	the	4.26664
510	5	mayor	11.656
510	6	said	13.637
510	7	the	4.51729
510	8	clerk	14.8529
510	9	believed	14.3594
510	10	the	3.87627
510	11	librarian	15.9567
510	12	greeted	17.6138
510	13	the	2.94363
510	14	man	11.3511
510	15	early	13.7145
510	16	in	3.82723
510	17	the	1.49569
510	18	morning	3.77336
510	19	.	3.15299
510	20	</s>	28.5573
511	1	i	8.92268
511	2	know	6.35939
511	3	who	6.55265
511	4	the	5.15736
511	5	mayor	12.5925
511	6	said	13.7085
511	7	the	4.51729
511	8	clerk	14.8529
511	9	believed	14.3594
511	10	the	3.87627
511	11	librarian	15.9567
511	12	greeted	17.6138
511	13	early	13.4109
511	14	in	3.82723
511	15	the	1.49569
511	16	morning	3.77336
511	17	.	3.15299
511	18	</s>	28.5573
512	1	i	8.92268
512	2	know	6.35939
512	3	who	6.55265
512	4	the	5.15736
512	5	mayor	12.5925
512	6	said	13.7085
512	7	the	4.51729
512	8	clerk	14.8529
512	9	believed	14.3594
512	10	the	3.87627
512	11	librarian	15.9567
512	12	greeted	17.6138
512	13	the	2.94363
512	14	man	11.3511
512	15	early	13.7145
512	16	in	3.82723
512	17	the	1.49569
512	18	morning	3.77336
512	19	.	3.15299
512	20	</s>	28.5573
513	1	i	8.92268
513	2	know	6.35939
513	3	that	3.01867
513	4	the	4.26664
513	5	mayor	11.656
513	6	said	13.637
513	7	the	4.51729
513	8	clerk	14.8529
513	9	believed	14.3594
513	10	he	5.20607
513	11	witnessed	12.4137
513	12	the	1.96629
513	13	librarian	16.1586
513	14	greeted	17.6138
513	15	early	13.4109
513	16	in	3.82723
513	17	the	1.49569
513	18	morning	3.77336
513	19	.	3.15299
513	20	</s>	28.5573
514	1	i	8.92268
514	2	know	6.35939
514	3	that	3.01867
514	4	the	4.26664
514	5	mayor	11.656
514	6	said	13.637
514	7	the	4.51729
514	8	clerk	14.8529
514	9	believed	14.3594
514	10	he	5.20607
514	11	witnessed	12.4137
514	12	the	1.96629
514	13	librarian	16.1586
514	14	greeted	17.6138
514	15	the	2.94363
514	16	man	11.3511
514	17	early	13.7145
514	18	in	3.82723
514	19	the	1.49569
514	20	morning	3.77336
514	21	.	3.15299
514	22	</s>	28.5573
515	1	i	8.92268
515	2	know	6.35939
515	3	who	6.55265
515	4	the	5.15736
515	5	mayor	12.5925
515	6	said	13.7085
515	7	the	4.51729
515	8	clerk	14.8529
515	9	believed	14.3594
515	10	he	5.20607
515	11	witnessed	12.4137
515	12	the	1.96629
515	13	librarian	16.1586
515	14	greeted	17.6138
515	15	early	13.4109
515	16	in	3.82723
515	17	the	1.49569
515	18	morning	3.77336
515	19	.	3.15299
515	20	</s>	28.5573
516	1	i	8.92268
516	2	know	6.35939
516	3	who	6.55265
516	4	the	5.15736
516	5	mayor	12.5925
516	6	said	13.7085
516	7	the	4.51729
516	8	clerk	14.8529
516	9	believed	14.3594
516	10	he	5.20607
516	11	witnessed	12.4137
516	12	the	1.96629
516	13	librarian	16.1586
516	14	greeted	17.6138
516	15	the	2.94363
516	16	man	11.3511
516	17	early	13.7145
516	18	in	3.82723
516	19	the	1.49569
516	20	morning	3.77336
516	21	.	3.15299
516	22	</s>	28.5573
517	1	i	8.92268
517	2	know	6.35939
517	3	that	3.01867
517	4	the	4.26664
517	5	mayor	11.656
517	6	said	13.637
517	7	the	4.51729
517	8	clerk	14.8529
517	9	believed	14.3594
517	10	he	5.20607
517	11	witnessed	12.4137
517	12	he	11.5393
517	13	noticed	11.5504
517	14	the	3.89328
517	15	librarian	15.8688
517	16	greeted	17.6138
517	17	early	13.4109
517	18	in	3.82723
517	19	the	1.49569
517	20	morning	3.77336
517	21	.	3.15299
517	22	</s>	28.5573
518	1	i	8.92268
518	2	know	6.35939
518	3	that	3.01867
518	4	the	4.26664
518	5	mayor	11.656
518	6	said	13.637
518	7	the	4.51729
518	8	clerk	14.8529
518	9	believed	14.3594
518	10	he	5.20607
518	11	witnessed	12.4137
518	12	he	11.5393
518	13	noticed	11.5504
518	14	the	3.89328
518	15	librarian	15.8688
518	16	greeted	17.6138
518	17	the	2.94363
518	18	man	11.3511
518	19	early	13.7145
518	20	in	3.82723
518	21	the	1.49569
518	22	morning	3.77336
518	23	.	3.15299
518	24	</s>	28.5573
519	1	i	8.92268
519	2	know	6.35939
519	3	who	6.55265
519	4	the	5.15736
519	5	mayor	12.5925
519	6	said	13.7085
519	7	the	4.51729
519	8	clerk	14.8529
519	9	believed	14.3594
519	10	he	5.20607
519	11	witnessed	12.4137
519	12	he	11.5393
519	13	noticed	11.5504
519	14	the	3.89328
519	15	librarian	15.8688
519	16	greeted	17.6138
519	17	early	13.4109
519	18	in	3.82723
519	19	the	1.49569
519	20	morning	3.77336
519	21	.	3.15299
519	22	</s>	28.5573
520	1	i	8.92268
520	2	know	6.35939
520	3	who	6.55265
520	4	the	5.15736
520	5	mayor	12.5925
520	6	said	13.7085
520	7	the	4.51729
520	8	clerk	14.8529
520	9	believed	14.3594
520	10	he	5.20607
520	11	witnessed	12.4137
520	12	he	11.5393
520	13	noticed	11.5504
520	14	the	3.89328
520	15	librarian	15.8688
520	16	greeted	17.6138
520	17	the	2.94363
520	18	man	11.3511
520	19	early	13.7145
520	20	in	3.82723
520	21	the	1.49569
520	22	morning	3.77336
520	23	.	3.15299
520	24	</s>	28.5573
521	1	you	11.5115
521	2	know	4.15838
521	3	that	6.24274
521	4	the	3.3901
521	5	millionaire	17.2873
521	6	supported	13.388
521	7	last	14.6476
521	8	year	6.09731
521	9	.	3.19119
521	10	</s>	26.3523
522	1	you	11.5115
522	2	know	4.15838
522	3	that	6.24274
522	4	the	3.3901
522	5	millionaire	17.2873
522	6	supported	13.388
522	7	the	2.92689
522	8	candidate	13.6448
522	9	last	15.0438
522	10	year	6.09731
522	11	.	3.19119
522	12	</s>	26.3523
523	1	you	11.5115
523	2	know	4.15838
523	3	who	5.97772
523	4	the	5.26981
523	5	millionaire	16.889
523	6	supported	13.388
523	7	last	14.6476
523	8	year	6.09731
523	9	.	3.19119
523	10	</s>	26.3523
524	1	you	11.5115
524	2	know	4.15838
524	3	who	5.97772
524	4	the	5.26981
524	5	millionaire	16.889
524	6	supported	13.388
524	7	the	2.92689
524	8	candidate	13.6448
524	9	last	15.0438
524	10	year	6.09731
524	11	.	3.19119
524	12	</s>	26.3523
525	1	you	11.5115
525	2	know	4.15838
525	3	that	6.24274
525	4	the	3.3901
525	5	lobbyist	20.0026
525	6	believed	13.6124
525	7	the	3.87627
525	8	millionaire	16.6873
525	9	supported	13.388
525	10	last	14.6476
525	11	year	6.09731
525	12	.	3.19119
525	13	</s>	26.3523
526	1	you	11.5115
526	2	know	4.15838
526	3	that	6.24274
526	4	the	3.3901
526	5	lobbyist	20.0026
526	6	believed	13.6124
526	7	the	3.87627
526	8	millionaire	16.6873
526	9	supported	13.388
526	10	the	2.92689
526	11	candidate	13.6448
526	12	last	15.0438
526	13	year	6.09731
526	14	.	3.19119
526	15	</s>	26.3523
527	1	you	11.5115
527	2	know	4.15838
527	3	who	5.97772
527	4	the	5.26981
527	5	lobbyist	19.6043
527	6	believed	13.6124
527	7	the	3.87627
527	8	millionaire	16.6873
527	9	supported	13.388
527	10	last	14.6476
527	11	year	6.09731
527	12	.	3.19119
527	13	</s>	26.3523
528	1	you	11.5115
528	2	know	4.15838
528	3	who	5.97772
528	4	the	5.26981
528	5	lobbyist	19.6043
528	6	believed	13.6124
528	7	the	3.87627
528	8	millionaire	16.6873
528	9	supported	13.388
528	10	the	2.92689
528	11	candidate	13.6448
528	12	last	15.0438
528	13	year	6.09731
528	14	.	3.19119
528	15	</s>	26.3523
529	1	you	11.5115
529	2	know	4.15838
529	3	that	6.24274
529	4	the	3.3901
529	5	lobbyist	20.0026
529	6	believed	13.6124
529	7	the	3.87627
529	8	secretary	12.8324
529	9	said	11.3299
529	10	the	4.51729
529	11	millionaire	16.9874
529	12	supported	13.388
529	13	last	14.6476
529	14	year	6.09731
529	15	.	3.19119
529	16	</s>	26.3523
530	1	you	11.5115
530	2	know	4.15838
530	3	that	6.24274
530	4	the	3.3901
530	5	lobbyist	20.0026
530	6	believed	13.6124
530	7	the	3.87627
530	8	secretary	12.8324
530	9	said	11.3299
530	10	the	4.51729
530	11	millionaire	16.9874
530	12	supported	13.388
530	13	the	2.92689
530	14	candidate	13.6448
530	15	last	15.0438
530	16	year	6.09731
530	17	.	3.19119
530	18	</s>	26.3523
531	1	you	11.5115
531	2	know	4.15838
531	3	who	5.97772
531	4	the	5.26981
531	5	lobbyist	19.6043
531	6	believed	13.6124
531	7	the	3.87627
531	8	secretary	12.8324
531	9	said	11.3299
531	10	the	4.51729
531	11	millionaire	16.9874
531	12	supported	13.388
531	13	last	14.6476
531	14	year	6.09731
531	15	.	3.19119
531	16	</s>	26.3523
532	1	you	11.5115
532	2	know	4.15838
532	3	who	5.97772
532	4	the	5.26981
532	5	lobbyist	19.6043
532	6	believed	13.6124
532	7	the	3.87627
532	8	secretary	12.8324
532	9	said	11.3299
532	10	the	4.51729
532	11	millionaire	16.9874
532	12	supported	13.388
532	13	the	2.92689
532	14	candidate	13.6448
532	15	last	15.0438
532	16	year	6.09731
532	17	.	3.19119
532	18	</s>	26.3523
533	1	you	11.5115
533	2	know	4.15838
533	3	that	6.24274
533	4	the	3.3901
533	5	lobbyist	20.0026
533	6	believed	13.6124
533	7	the	3.87627
533	8	secretary	12.8324
533	9	said	11.3299
533	10	she	5.98673
533	11	saw	7.50094
533	12	the	3.89315
533	13	millionaire	17.2508
533	14	supported	13.388
533	15	last	14.6476
533	16	year	6.09731
533	17	.	3.19119
533	18	</s>	26.3523
534	1	you	11.5115
534	2	know	4.15838
534	3	that	6.24274
534	4	the	3.3901
534	5	lobbyist	20.0026
534	6	believed	13.6124
534	7	the	3.87627
534	8	secretary	12.8324
534	9	said	11.3299
534	10	she	5.98673
534	11	saw	7.50094
534	12	the	3.89315
534	13	millionaire	17.2508
534	14	supported	13.388
534	15	the	2.92689
534	16	candidate	13.6448
534	17	last	15.0438
534	18	year	6.09731
534	19	.	3.19119
534	20	</s>	26.3523
535	1	you	11.5115
535	2	know	4.15838
535	3	who	5.97772
535	4	the	5.26981
535	5	lobbyist	19.6043
535	6	believed	13.6124
535	7	the	3.87627
535	8	secretary	12.8324
535	9	said	11.3299
535	10	she	5.98673
535	11	saw	7.50094
535	12	the	3.89315
535	13	millionaire	17.2508
535	14	supported	13.388
535	15	last	14.6476
535	16	year	6.09731
535	17	.	3.19119
535	18	</s>	26.3523
536	1	you	11.5115
536	2	know	4.15838
536	3	who	5.97772
536	4	the	5.26981
536	5	lobbyist	19.6043
536	6	believed	13.6124
536	7	the	3.87627
536	8	secretary	12.8324
536	9	said	11.3299
536	10	she	5.98673
536	11	saw	7.50094
536	12	the	3.89315
536	13	millionaire	17.2508
536	14	supported	13.388
536	15	the	2.92689
536	16	candidate	13.6448
536	17	last	15.0438
536	18	year	6.09731
536	19	.	3.19119
536	20	</s>	26.3523
537	1	you	11.5115
537	2	know	4.15838
537	3	that	6.24274
537	4	the	3.3901
537	5	lobbyist	20.0026
537	6	believed	13.6124
537	7	the	3.87627
537	8	secretary	12.8324
537	9	said	11.3299
537	10	she	5.98673
537	11	saw	7.50094
537	12	he	10.8567
537	13	noticed	11.9631
537	14	the	3.89328
537	15	millionaire	16.5994
537	16	supported	13.388
537	17	last	14.6476
537	18	year	6.09731
537	19	.	3.19119
537	20	</s>	26.3523
538	1	you	11.5115
538	2	know	4.15838
538	3	that	6.24274
538	4	the	3.3901
538	5	lobbyist	20.0026
538	6	believed	13.6124
538	7	the	3.87627
538	8	secretary	12.8324
538	9	said	11.3299
538	10	she	5.98673
538	11	saw	7.50094
538	12	he	10.8567
538	13	noticed	11.9631
538	14	the	3.89328
538	15	millionaire	16.5994
538	16	supported	13.388
538	17	the	2.92689
538	18	candidate	13.6448
538	19	last	15.0438
538	20	year	6.09731
538	21	.	3.19119
538	22	</s>	26.3523
539	1	you	11.5115
539	2	know	4.15838
539	3	who	5.97772
539	4	the	5.26981
539	5	lobbyist	19.6043
539	6	believed	13.6124
539	7	the	3.87627
539	8	secretary	12.8324
539	9	said	11.3299
539	10	she	5.98673
539	11	saw	7.50094
539	12	he	10.8567
539	13	noticed	11.9631
539	14	the	3.89328
539	15	millionaire	16.5994
539	16	supported	13.388
539	17	last	14.6476
539	18	year	6.09731
539	19	.	3.19119
539	20	</s>	26.3523
540	1	you	11.5115
540	2	know	4.15838
540	3	who	5.97772
540	4	the	5.26981
540	5	lobbyist	19.6043
540	6	believed	13.6124
540	7	the	3.87627
540	8	secretary	12.8324
540	9	said	11.3299
540	10	she	5.98673
540	11	saw	7.50094
540	12	he	10.8567
540	13	noticed	11.9631
540	14	the	3.89328
540	15	millionaire	16.5994
540	16	supported	13.388
540	17	the	2.92689
540	18	candidate	13.6448
540	19	last	15.0438
540	20	year	6.09731
540	21	.	3.19119
540	22	</s>	26.3523
541	1	i	8.92268
541	2	know	6.35939
541	3	that	3.01867
541	4	the	4.26664
541	5	president	9.40609
541	6	congratulated	21.059
541	7	over	10.7258
541	8	lunch	11.8105
541	9	.	3.78694
541	10	</s>	22.8395
542	1	i	8.92268
542	2	know	6.35939
542	3	that	3.01867
542	4	the	4.26664
542	5	president	9.40609
542	6	congratulated	21.059
542	7	the	3.5547
542	8	athletes	14.7164
542	9	over	11.3167
542	10	lunch	11.8105
542	11	.	3.78694
542	12	</s>	22.8395
543	1	i	8.92268
543	2	know	6.35939
543	3	who	6.55265
543	4	the	5.15736
543	5	president	6.97564
543	6	congratulated	20.4686
543	7	over	10.7258
543	8	lunch	11.8105
543	9	.	3.78694
543	10	</s>	22.8395
544	1	i	8.92268
544	2	know	6.35939
544	3	who	6.55265
544	4	the	5.15736
544	5	president	6.97564
544	6	congratulated	20.4686
544	7	the	3.5547
544	8	athletes	14.7164
544	9	over	11.3167
544	10	lunch	11.8105
544	11	.	3.78694
544	12	</s>	22.8395
545	1	i	8.92268
545	2	know	6.35939
545	3	that	3.01867
545	4	the	4.26664
545	5	coach	14.3806
545	6	said	12.0639
545	7	the	4.51729
545	8	president	9.44883
545	9	congratulated	20.4686
545	10	over	10.7258
545	11	lunch	11.8105
545	12	.	3.78694
545	13	</s>	22.8395
546	1	i	8.92268
546	2	know	6.35939
546	3	that	3.01867
546	4	the	4.26664
546	5	coach	14.3806
546	6	said	12.0639
546	7	the	4.51729
546	8	president	9.44883
546	9	congratulated	20.4686
546	10	the	3.5547
546	11	athletes	14.7164
546	12	over	11.3167
546	13	lunch	11.8105
546	14	.	3.78694
546	15	</s>	22.8395
547	1	i	8.92268
547	2	know	6.35939
547	3	who	6.55265
547	4	the	5.15736
547	5	coach	13.9823
547	6	said	12.0639
547	7	the	4.51729
547	8	president	9.44883
547	9	congratulated	20.4686
547	10	over	10.7258
547	11	lunch	11.8105
547	12	.	3.78694
547	13	</s>	22.8395
548	1	i	8.92268
548	2	know	6.35939
548	3	who	6.55265
548	4	the	5.15736
548	5	coach	13.9823
548	6	said	12.0639
548	7	the	4.51729
548	8	president	9.44883
548	9	congratulated	20.4686
548	10	the	3.5547
548	11	athletes	14.7164
548	12	over	11.3167
548	13	lunch	11.8105
548	14	.	3.78694
548	15	</s>	22.8395
549	1	i	8.92268
549	2	know	6.35939
549	3	that	3.01867
549	4	the	4.26664
549	5	coach	14.3806
549	6	said	12.0639
549	7	the	4.51729
549	8	assistant	14.9162
549	9	believed	14.2778
549	10	the	3.87627
549	11	president	10.9017
549	12	congratulated	20.4686
549	13	over	10.7258
549	14	lunch	11.8105
549	15	.	3.78694
549	16	</s>	22.8395
550	1	i	8.92268
550	2	know	6.35939
550	3	that	3.01867
550	4	the	4.26664
550	5	coach	14.3806
550	6	said	12.0639
550	7	the	4.51729
550	8	assistant	14.9162
550	9	believed	14.2778
550	10	the	3.87627
550	11	president	10.9017
550	12	congratulated	20.4686
550	13	the	3.5547
550	14	athletes	14.7164
550	15	over	11.3167
550	16	lunch	11.8105
550	17	.	3.78694
550	18	</s>	22.8395
551	1	i	8.92268
551	2	know	6.35939
551	3	who	6.55265
551	4	the	5.15736
551	5	coach	13.9823
551	6	said	12.0639
551	7	the	4.51729
551	8	assistant	14.9162
551	9	believed	14.2778
551	10	the	3.87627
551	11	president	10.9017
551	12	congratulated	20.4686
551	13	over	10.7258
551	14	lunch	11.8105
551	15	.	3.78694
551	16	</s>	22.8395
552	1	i	8.92268
552	2	know	6.35939
552	3	who	6.55265
552	4	the	5.15736
552	5	coach	13.9823
552	6	said	12.0639
552	7	the	4.51729
552	8	assistant	14.9162
552	9	believed	14.2778
552	10	the	3.87627
552	11	president	10.9017
552	12	congratulated	20.4686
552	13	the	3.5547
552	14	athletes	14.7164
552	15	over	11.3167
552	16	lunch	11.8105
552	17	.	3.78694
552	18	</s>	22.8395
553	1	i	8.92268
553	2	know	6.35939
553	3	that	3.01867
553	4	the	4.26664
553	5	coach	14.3806
553	6	said	12.0639
553	7	the	4.51729
553	8	assistant	14.9162
553	9	believed	14.2778
553	10	he	5.20607
553	11	remembered	13.0071
553	12	the	4.50957
553	13	president	10.7489
553	14	congratulated	20.4686
553	15	over	10.7258
553	16	lunch	11.8105
553	17	.	3.78694
553	18	</s>	22.8395
554	1	i	8.92268
554	2	know	6.35939
554	3	that	3.01867
554	4	the	4.26664
554	5	coach	14.3806
554	6	said	12.0639
554	7	the	4.51729
554	8	assistant	14.9162
554	9	believed	14.2778
554	10	he	5.20607
554	11	remembered	13.0071
554	12	the	4.50957
554	13	president	10.7489
554	14	congratulated	20.4686
554	15	the	3.5547
554	16	athletes	14.7164
554	17	over	11.3167
554	18	lunch	11.8105
554	19	.	3.78694
554	20	</s>	22.8395
555	1	i	8.92268
555	2	know	6.35939
555	3	who	6.55265
555	4	the	5.15736
555	5	coach	13.9823
555	6	said	12.0639
555	7	the	4.51729
555	8	assistant	14.9162
555	9	believed	14.2778
555	10	he	5.20607
555	11	remembered	13.0071
555	12	the	4.50957
555	13	president	10.7489
555	14	congratulated	20.4686
555	15	over	10.7258
555	16	lunch	11.8105
555	17	.	3.78694
555	18	</s>	22.8395
556	1	i	8.92268
556	2	know	6.35939
556	3	who	6.55265
556	4	the	5.15736
556	5	coach	13.9823
556	6	said	12.0639
556	7	the	4.51729
556	8	assistant	14.9162
556	9	believed	14.2778
556	10	he	5.20607
556	11	remembered	13.0071
556	12	the	4.50957
556	13	president	10.7489
556	14	congratulated	20.4686
556	15	the	3.5547
556	16	athletes	14.7164
556	17	over	11.3167
556	18	lunch	11.8105
556	19	.	3.78694
556	20	</s>	22.8395
557	1	i	8.92268
557	2	know	6.35939
557	3	that	3.01867
557	4	the	4.26664
557	5	coach	14.3806
557	6	said	12.0639
557	7	the	4.51729
557	8	assistant	14.9162
557	9	believed	14.2778
557	10	he	5.20607
557	11	remembered	13.0071
557	12	he	9.49835
557	13	noticed	12.3273
557	14	the	3.89328
557	15	president	10.8138
557	16	congratulated	20.4686
557	17	over	10.7258
557	18	lunch	11.8105
557	19	.	3.78694
557	20	</s>	22.8395
558	1	i	8.92268
558	2	know	6.35939
558	3	that	3.01867
558	4	the	4.26664
558	5	coach	14.3806
558	6	said	12.0639
558	7	the	4.51729
558	8	assistant	14.9162
558	9	believed	14.2778
558	10	he	5.20607
558	11	remembered	13.0071
558	12	he	9.49835
558	13	noticed	12.3273
558	14	the	3.89328
558	15	president	10.8138
558	16	congratulated	20.4686
558	17	the	3.5547
558	18	athletes	14.7164
558	19	over	11.3167
558	20	lunch	11.8105
558	21	.	3.78694
558	22	</s>	22.8395
559	1	i	8.92268
559	2	know	6.35939
559	3	who	6.55265
559	4	the	5.15736
559	5	coach	13.9823
559	6	said	12.0639
559	7	the	4.51729
559	8	assistant	14.9162
559	9	believed	14.2778
559	10	he	5.20607
559	11	remembered	13.0071
559	12	he	9.49835
559	13	noticed	12.3273
559	14	the	3.89328
559	15	president	10.8138
559	16	congratulated	20.4686
559	17	over	10.7258
559	18	lunch	11.8105
559	19	.	3.78694
559	20	</s>	22.8395
560	1	i	8.92268
560	2	know	6.35939
560	3	who	6.55265
560	4	the	5.15736
560	5	coach	13.9823
560	6	said	12.0639
560	7	the	4.51729
560	8	assistant	14.9162
560	9	believed	14.2778
560	10	he	5.20607
560	11	remembered	13.0071
560	12	he	9.49835
560	13	noticed	12.3273
560	14	the	3.89328
560	15	president	10.8138
560	16	congratulated	20.4686
560	17	the	3.5547
560	18	athletes	14.7164
560	19	over	11.3167
560	20	lunch	11.8105
560	21	.	3.78694
560	22	</s>	22.8395
561	1	you	11.5115
561	2	know	4.15838
561	3	that	6.24274
561	4	the	3.3901
561	5	man	9.65412
561	6	introduced	14.5115
561	7	to	5.24055
561	8	his	8.06825
561	9	family	6.74011
561	10	.	2.48781
561	11	</s>	27.279
562	1	you	11.5115
562	2	know	4.15838
562	3	that	6.24274
562	4	the	3.3901
562	5	man	9.65412
562	6	introduced	14.5115
562	7	his	7.00244
562	8	friends	6.13272
562	9	to	4.68987
562	10	his	5.8277
562	11	family	6.59809
562	12	.	2.48781
562	13	</s>	27.279
563	1	you	11.5115
563	2	know	4.15838
563	3	who	5.97772
563	4	the	5.26981
563	5	man	6.97564
563	6	introduced	14.4231
563	7	to	5.24055
563	8	his	8.06825
563	9	family	6.74011
563	10	.	2.48781
563	11	</s>	27.279
564	1	you	11.5115
564	2	know	4.15838
564	3	who	5.97772
564	4	the	5.26981
564	5	man	6.97564
564	6	introduced	14.4231
564	7	his	7.00244
564	8	friends	6.13272
564	9	to	4.68987
564	10	his	5.8277
564	11	family	6.59809
564	12	.	2.48781
564	13	</s>	27.279
565	1	you	11.5115
565	2	know	4.15838
565	3	that	6.24274
565	4	the	3.3901
565	5	woman	10.6041
565	6	said	9.96008
565	7	the	4.76385
565	8	man	9.44883
565	9	introduced	14.0008
565	10	to	5.24055
565	11	his	8.06825
565	12	family	6.74011
565	13	.	2.48781
565	14	</s>	27.279
566	1	you	11.5115
566	2	know	4.15838
566	3	that	6.24274
566	4	the	3.3901
566	5	woman	10.6041
566	6	said	9.96008
566	7	the	4.76385
566	8	man	9.44883
566	9	introduced	14.0008
566	10	his	7.00244
566	11	friends	6.13272
566	12	to	4.68987
566	13	his	5.8277
566	14	family	6.59809
566	15	.	2.48781
566	16	</s>	27.279
567	1	you	11.5115
567	2	know	4.15838
567	3	who	5.97772
567	4	the	5.26981
567	5	woman	7.88614
567	6	said	10.4705
567	7	the	4.76385
567	8	man	9.44883
567	9	introduced	14.0008
567	10	to	5.24055
567	11	his	8.06825
567	12	family	6.74011
567	13	.	2.48781
567	14	</s>	27.279
568	1	you	11.5115
568	2	know	4.15838
568	3	who	5.97772
568	4	the	5.26981
568	5	woman	7.88614
568	6	said	10.4705
568	7	the	4.76385
568	8	man	9.44883
568	9	introduced	14.0008
568	10	his	7.00244
568	11	friends	6.13272
568	12	to	4.68987
568	13	his	5.8277
568	14	family	6.59809
568	15	.	2.48781
568	16	</s>	27.279
569	1	you	11.5115
569	2	know	4.15838
569	3	that	6.24274
569	4	the	3.3901
569	5	woman	10.6041
569	6	said	9.96008
569	7	the	4.76385
569	8	neighbor	15.8964
569	9	thought	13.6555
569	10	the	4.36895
569	11	man	11.4918
569	12	introduced	14.0008
569	13	to	5.24055
569	14	his	8.06825
569	15	family	6.74011
569	16	.	2.48781
569	17	</s>	27.279
570	1	you	11.5115
570	2	know	4.15838
570	3	that	6.24274
570	4	the	3.3901
570	5	woman	10.6041
570	6	said	9.96008
570	7	the	4.76385
570	8	neighbor	15.8964
570	9	thought	13.6555
570	10	the	4.36895
570	11	man	11.4918
570	12	introduced	14.0008
570	13	his	7.00244
570	14	friends	6.13272
570	15	to	4.68987
570	16	his	5.8277
570	17	family	6.59809
570	18	.	2.48781
570	19	</s>	27.279
571	1	you	11.5115
571	2	know	4.15838
571	3	who	5.97772
571	4	the	5.26981
571	5	woman	7.88614
571	6	said	10.4705
571	7	the	4.76385
571	8	neighbor	15.8964
571	9	thought	13.6555
571	10	the	4.36895
571	11	man	11.4918
571	12	introduced	14.0008
571	13	to	5.24055
571	14	his	8.06825
571	15	family	6.74011
571	16	.	2.48781
571	17	</s>	27.279
572	1	you	11.5115
572	2	know	4.15838
572	3	who	5.97772
572	4	the	5.26981
572	5	woman	7.88614
572	6	said	10.4705
572	7	the	4.76385
572	8	neighbor	15.8964
572	9	thought	13.6555
572	10	the	4.36895
572	11	man	11.4918
572	12	introduced	14.0008
572	13	his	7.00244
572	14	friends	6.13272
572	15	to	4.68987
572	16	his	5.8277
572	17	family	6.59809
572	18	.	2.48781
572	19	</s>	27.279
573	1	you	11.5115
573	2	know	4.15838
573	3	that	6.24274
573	4	the	3.3901
573	5	woman	10.6041
573	6	said	9.96008
573	7	the	4.76385
573	8	neighbor	15.8964
573	9	thought	13.6555
573	10	he	5.15677
573	11	recalled	12.7271
573	12	the	2.9113
573	13	man	11.3432
573	14	introduced	14.0008
573	15	to	5.24055
573	16	his	8.06825
573	17	family	6.74011
573	18	.	2.48781
573	19	</s>	27.279
574	1	you	11.5115
574	2	know	4.15838
574	3	that	6.24274
574	4	the	3.3901
574	5	woman	10.6041
574	6	said	9.96008
574	7	the	4.76385
574	8	neighbor	15.8964
574	9	thought	13.6555
574	10	he	5.15677
574	11	recalled	12.7271
574	12	the	2.9113
574	13	man	11.3432
574	14	introduced	14.0008
574	15	his	7.00244
574	16	friends	6.13272
574	17	to	4.68987
574	18	his	5.8277
574	19	family	6.59809
574	20	.	2.48781
574	21	</s>	27.279
575	1	you	11.5115
575	2	know	4.15838
575	3	who	5.97772
575	4	the	5.26981
575	5	woman	7.88614
575	6	said	10.4705
575	7	the	4.76385
575	8	neighbor	15.8964
575	9	thought	13.6555
575	10	he	5.15677
575	11	recalled	12.7271
575	12	the	2.9113
575	13	man	11.3432
575	14	introduced	14.0008
575	15	to	5.24055
575	16	his	8.06825
575	17	family	6.74011
575	18	.	2.48781
575	19	</s>	27.279
576	1	you	11.5115
576	2	know	4.15838
576	3	who	5.97772
576	4	the	5.26981
576	5	woman	7.88614
576	6	said	10.4705
576	7	the	4.76385
576	8	neighbor	15.8964
576	9	thought	13.6555
576	10	he	5.15677
576	11	recalled	12.7271
576	12	the	2.9113
576	13	man	11.3432
576	14	introduced	14.0008
576	15	his	7.00244
576	16	friends	6.13272
576	17	to	4.68987
576	18	his	5.8277
576	19	family	6.59809
576	20	.	2.48781
576	21	</s>	27.279
577	1	you	11.5115
577	2	know	4.15838
577	3	that	6.24274
577	4	the	3.3901
577	5	woman	10.6041
577	6	said	9.96008
577	7	the	4.76385
577	8	neighbor	15.8964
577	9	thought	13.6555
577	10	he	5.15677
577	11	recalled	12.7271
577	12	he	9.32563
577	13	knew	9.4711
577	14	the	5.05217
577	15	man	11.3207
577	16	introduced	14.0008
577	17	to	5.24055
577	18	his	8.06825
577	19	family	6.74011
577	20	.	2.48781
577	21	</s>	27.279
578	1	you	11.5115
578	2	know	4.15838
578	3	that	6.24274
578	4	the	3.3901
578	5	woman	10.6041
578	6	said	9.96008
578	7	the	4.76385
578	8	neighbor	15.8964
578	9	thought	13.6555
578	10	he	5.15677
578	11	recalled	12.7271
578	12	he	9.32563
578	13	knew	9.4711
578	14	the	5.05217
578	15	man	11.3207
578	16	introduced	14.0008
578	17	his	7.00244
578	18	friends	6.13272
578	19	to	4.68987
578	20	his	5.8277
578	21	family	6.59809
578	22	.	2.48781
578	23	</s>	27.279
579	1	you	11.5115
579	2	know	4.15838
579	3	who	5.97772
579	4	the	5.26981
579	5	woman	7.88614
579	6	said	10.4705
579	7	the	4.76385
579	8	neighbor	15.8964
579	9	thought	13.6555
579	10	he	5.15677
579	11	recalled	12.7271
579	12	he	9.32563
579	13	knew	9.4711
579	14	the	5.05217
579	15	man	11.3207
579	16	introduced	14.0008
579	17	to	5.24055
579	18	his	8.06825
579	19	family	6.74011
579	20	.	2.48781
579	21	</s>	27.279
580	1	you	11.5115
580	2	know	4.15838
580	3	who	5.97772
580	4	the	5.26981
580	5	woman	7.88614
580	6	said	10.4705
580	7	the	4.76385
580	8	neighbor	15.8964
580	9	thought	13.6555
580	10	he	5.15677
580	11	recalled	12.7271
580	12	he	9.32563
580	13	knew	9.4711
580	14	the	5.05217
580	15	man	11.3207
580	16	introduced	14.0008
580	17	his	7.00244
580	18	friends	6.13272
580	19	to	4.68987
580	20	his	5.8277
580	21	family	6.59809
580	22	.	2.48781
580	23	</s>	27.279
581	1	he	4.43708
581	2	knows	11.9494
581	3	that	2.7177
581	4	the	3.64053
581	5	woman	10.5893
581	6	waited	17.2699
581	7	for	2.20145
581	8	at	9.62374
581	9	the	5.18943
581	10	bus	13.2396
581	11	stop	2.06733
581	12	.	4.39959
581	13	</s>	23.9738
582	1	he	4.43708
582	2	knows	11.9494
582	3	that	2.7177
582	4	the	3.64053
582	5	woman	10.5893
582	6	waited	17.2699
582	7	for	2.20145
582	8	her	7.03487
582	9	friend	9.0833
582	10	at	8.09412
582	11	the	1.33585
582	12	bus	12.9409
582	13	stop	2.06733
582	14	.	4.39959
582	15	</s>	23.9738
583	1	he	4.43708
583	2	knows	11.9494
583	3	who	8.10265
583	4	the	3.8854
583	5	woman	7.80189
583	6	waited	17.7804
583	7	for	2.20145
583	8	at	9.62374
583	9	the	5.18943
583	10	bus	13.2396
583	11	stop	2.06733
583	12	.	4.39959
583	13	</s>	23.9738
584	1	he	4.43708
584	2	knows	11.9494
584	3	who	8.10265
584	4	the	3.8854
584	5	woman	7.80189
584	6	waited	17.7804
584	7	for	2.20145
584	8	her	7.03487
584	9	friend	9.0833
584	10	at	8.09412
584	11	the	1.33585
584	12	bus	12.9409
584	13	stop	2.06733
584	14	.	4.39959
584	15	</s>	23.9738
585	1	he	4.43708
585	2	knows	11.9494
585	3	that	2.7177
585	4	the	3.64053
585	5	man	9.63939
585	6	believed	13.6953
585	7	the	3.87627
585	8	woman	12.2588
585	9	waited	17.1087
585	10	for	2.20145
585	11	at	9.62374
585	12	the	5.18943
585	13	bus	13.2396
585	14	stop	2.06733
585	15	.	4.39959
585	16	</s>	23.9738
586	1	he	4.43708
586	2	knows	11.9494
586	3	that	2.7177
586	4	the	3.64053
586	5	man	9.63939
586	6	believed	13.6953
586	7	the	3.87627
586	8	woman	12.2588
586	9	waited	17.1087
586	10	for	2.20145
586	11	her	7.03487
586	12	friend	9.0833
586	13	at	8.09412
586	14	the	1.33585
586	15	bus	12.9409
586	16	stop	2.06733
586	17	.	4.39959
586	18	</s>	23.9738
587	1	he	4.43708
587	2	knows	11.9494
587	3	who	8.10265
587	4	the	3.8854
587	5	man	6.8914
587	6	believed	13.607
587	7	the	3.87627
587	8	woman	12.2588
587	9	waited	17.1087
587	10	for	2.20145
587	11	at	9.62374
587	12	the	5.18943
587	13	bus	13.2396
587	14	stop	2.06733
587	15	.	4.39959
587	16	</s>	23.9738
588	1	he	4.43708
588	2	knows	11.9494
588	3	who	8.10265
588	4	the	3.8854
588	5	man	6.8914
588	6	believed	13.607
588	7	the	3.87627
588	8	woman	12.2588
588	9	waited	17.1087
588	10	for	2.20145
588	11	her	7.03487
588	12	friend	9.0833
588	13	at	8.09412
588	14	the	1.33585
588	15	bus	12.9409
588	16	stop	2.06733
588	17	.	4.39959
588	18	</s>	23.9738
589	1	he	4.43708
589	2	knows	11.9494
589	3	that	2.7177
589	4	the	3.64053
589	5	man	9.63939
589	6	believed	13.6953
589	7	the	3.87627
589	8	he	15.2568
589	9	concluded	11.5515
589	10	the	5.55827
589	11	woman	12.2709
589	12	waited	17.1087
589	13	for	2.20145
589	14	at	9.62374
589	15	the	5.18943
589	16	bus	13.2396
589	17	stop	2.06733
589	18	.	4.39959
589	19	</s>	23.9738
590	1	he	4.43708
590	2	knows	11.9494
590	3	that	2.7177
590	4	the	3.64053
590	5	man	9.63939
590	6	believed	13.6953
590	7	the	3.87627
590	8	he	15.2568
590	9	concluded	11.5515
590	10	the	5.55827
590	11	woman	12.2709
590	12	waited	17.1087
590	13	for	2.20145
590	14	her	7.03487
590	15	friend	9.0833
590	16	at	8.09412
590	17	the	1.33585
590	18	bus	12.9409
590	19	stop	2.06733
590	20	.	4.39959
590	21	</s>	23.9738
591	1	he	4.43708
591	2	knows	11.9494
591	3	who	8.10265
591	4	the	3.8854
591	5	man	6.8914
591	6	believed	13.607
591	7	the	3.87627
591	8	he	15.2568
591	9	concluded	11.5515
591	10	the	5.55827
591	11	woman	12.2709
591	12	waited	17.1087
591	13	for	2.20145
591	14	at	9.62374
591	15	the	5.18943
591	16	bus	13.2396
591	17	stop	2.06733
591	18	.	4.39959
591	19	</s>	23.9738
592	1	he	4.43708
592	2	knows	11.9494
592	3	who	8.10265
592	4	the	3.8854
592	5	man	6.8914
592	6	believed	13.607
592	7	the	3.87627
592	8	he	15.2568
592	9	concluded	11.5515
592	10	the	5.55827
592	11	woman	12.2709
592	12	waited	17.1087
592	13	for	2.20145
592	14	her	7.03487
592	15	friend	9.0833
592	16	at	8.09412
592	17	the	1.33585
592	18	bus	12.9409
592	19	stop	2.06733
592	20	.	4.39959
592	21	</s>	23.9738
593	1	he	4.43708
593	2	knows	11.9494
593	3	that	2.7177
593	4	the	3.64053
593	5	man	9.63939
593	6	believed	13.6953
593	7	the	3.87627
593	8	he	15.2568
593	9	concluded	11.5515
593	10	his	3.33433
593	11	neighbors	12.6393
593	12	had	10.8125
593	13	said	9.38367
593	14	the	5.02937
593	15	woman	12.5589
593	16	waited	17.1087
593	17	for	2.20145
593	18	at	9.62374
593	19	the	5.18943
593	20	bus	13.2396
593	21	stop	2.06733
593	22	.	4.39959
593	23	</s>	23.9738
594	1	he	4.43708
594	2	knows	11.9494
594	3	that	2.7177
594	4	the	3.64053
594	5	man	9.63939
594	6	believed	13.6953
594	7	the	3.87627
594	8	he	15.2568
594	9	concluded	11.5515
594	10	his	3.33433
594	11	neighbors	12.6393
594	12	had	10.8125
594	13	said	9.38367
594	14	the	5.02937
594	15	woman	12.5589
594	16	waited	17.1087
594	17	for	2.20145
594	18	her	7.03487
594	19	friend	9.0833
594	20	at	8.09412
594	21	the	1.33585
594	22	bus	12.9409
594	23	stop	2.06733
594	24	.	4.39959
594	25	</s>	23.9738
595	1	he	4.43708
595	2	knows	11.9494
595	3	who	8.10265
595	4	the	3.8854
595	5	man	6.8914
595	6	believed	13.607
595	7	the	3.87627
595	8	he	15.2568
595	9	concluded	11.5515
595	10	his	3.33433
595	11	neighbors	12.6393
595	12	had	10.8125
595	13	said	9.38367
595	14	the	5.02937
595	15	woman	12.5589
595	16	waited	17.1087
595	17	for	2.20145
595	18	at	9.62374
595	19	the	5.18943
595	20	bus	13.2396
595	21	stop	2.06733
595	22	.	4.39959
595	23	</s>	23.9738
596	1	he	4.43708
596	2	knows	11.9494
596	3	who	8.10265
596	4	the	3.8854
596	5	man	6.8914
596	6	believed	13.607
596	7	the	3.87627
596	8	he	15.2568
596	9	concluded	11.5515
596	10	his	3.33433
596	11	neighbors	12.6393
596	12	had	10.8125
596	13	said	9.38367
596	14	the	5.02937
596	15	woman	12.5589
596	16	waited	17.1087
596	17	for	2.20145
596	18	her	7.03487
596	19	friend	9.0833
596	20	at	8.09412
596	21	the	1.33585
596	22	bus	12.9409
596	23	stop	2.06733
596	24	.	4.39959
596	25	</s>	23.9738
597	1	he	4.43708
597	2	knows	11.9494
597	3	that	2.7177
597	4	the	3.64053
597	5	man	9.63939
597	6	believed	13.6953
597	7	the	3.87627
597	8	he	15.2568
597	9	concluded	11.5515
597	10	his	3.33433
597	11	neighbors	12.6393
597	12	had	10.8125
597	13	said	9.38367
597	14	they	6.81505
597	15	saw	5.89813
597	16	the	2.10726
597	17	woman	12.9046
597	18	waited	17.1087
597	19	for	2.20145
597	20	at	9.62374
597	21	the	5.18943
597	22	bus	13.2396
597	23	stop	2.06733
597	24	.	4.39959
597	25	</s>	23.9738
598	1	he	4.43708
598	2	knows	11.9494
598	3	that	2.7177
598	4	the	3.64053
598	5	man	9.63939
598	6	believed	13.6953
598	7	the	3.87627
598	8	he	15.2568
598	9	concluded	11.5515
598	10	his	3.33433
598	11	neighbors	12.6393
598	12	had	10.8125
598	13	said	9.38367
598	14	they	6.81505
598	15	saw	5.89813
598	16	the	2.10726
598	17	woman	12.9046
598	18	waited	17.1087
598	19	for	2.20145
598	20	her	7.03487
598	21	friend	9.0833
598	22	at	8.09412
598	23	the	1.33585
598	24	bus	12.9409
598	25	stop	2.06733
598	26	.	4.39959
598	27	</s>	23.9738
599	1	he	4.43708
599	2	knows	11.9494
599	3	who	8.10265
599	4	the	3.8854
599	5	man	6.8914
599	6	believed	13.607
599	7	the	3.87627
599	8	he	15.2568
599	9	concluded	11.5515
599	10	his	3.33433
599	11	neighbors	12.6393
599	12	had	10.8125
599	13	said	9.38367
599	14	they	6.81505
599	15	saw	5.89813
599	16	the	2.10726
599	17	woman	12.9046
599	18	waited	17.1087
599	19	for	2.20145
599	20	at	9.62374
599	21	the	5.18943
599	22	bus	13.2396
599	23	stop	2.06733
599	24	.	4.39959
599	25	</s>	23.9738
600	1	he	4.43708
600	2	knows	11.9494
600	3	who	8.10265
600	4	the	3.8854
600	5	man	6.8914
600	6	believed	13.607
600	7	the	3.87627
600	8	he	15.2568
600	9	concluded	11.5515
600	10	his	3.33433
600	11	neighbors	12.6393
600	12	had	10.8125
600	13	said	9.38367
600	14	they	6.81505
600	15	saw	5.89813
600	16	the	2.10726
600	17	woman	12.9046
600	18	waited	17.1087
600	19	for	2.20145
600	20	her	7.03487
600	21	friend	9.0833
600	22	at	8.09412
600	23	the	1.33585
600	24	bus	12.9409
600	25	stop	2.06733
600	26	.	4.39959
600	27	</s>	23.9738
601	1	she	6.52858
601	2	knows	11.9031
601	3	that	2.62183
601	4	the	3.70626
601	5	inspectors	17.1427
601	6	interrogated	18.676
601	7	last	14.468
601	8	night	6.976
601	9	.	2.66267
601	10	</s>	25.4592
602	1	she	6.52858
602	2	knows	11.9031
602	3	that	2.62183
602	4	the	3.70626
602	5	inspectors	17.1427
602	6	interrogated	18.676
602	7	the	5.31276
602	8	criminal	12.7149
602	9	last	15.5787
602	10	night	6.976
602	11	.	2.66267
602	12	</s>	25.4592
603	1	she	6.52858
603	2	knows	11.9031
603	3	who	6.14725
603	4	the	3.6838
603	5	inspectors	16.6749
603	6	interrogated	18.676
603	7	last	14.468
603	8	night	6.976
603	9	.	2.66267
603	10	</s>	25.4592
604	1	she	6.52858
604	2	knows	11.9031
604	3	who	6.14725
604	4	the	3.6838
604	5	inspectors	16.6749
604	6	interrogated	18.676
604	7	the	5.31276
604	8	criminal	12.7149
604	9	last	15.5787
604	10	night	6.976
604	11	.	2.66267
604	12	</s>	25.4592
605	1	she	6.52858
605	2	knows	11.9031
605	3	that	2.62183
605	4	the	3.70626
605	5	police	9.69857
605	6	said	10.8045
605	7	the	2.8321
605	8	inspectors	16.8576
605	9	interrogated	18.676
605	10	last	14.468
605	11	night	6.976
605	12	.	2.66267
605	13	</s>	25.4592
606	1	she	6.52858
606	2	knows	11.9031
606	3	that	2.62183
606	4	the	3.70626
606	5	police	9.69857
606	6	said	10.8045
606	7	the	2.8321
606	8	inspectors	16.8576
606	9	interrogated	18.676
606	10	the	5.31276
606	11	criminal	12.7149
606	12	last	15.5787
606	13	night	6.976
606	14	.	2.66267
606	15	</s>	25.4592
607	1	she	6.52858
607	2	knows	11.9031
607	3	who	6.14725
607	4	the	3.6838
607	5	police	11.3625
607	6	said	10.1471
607	7	the	2.8321
607	8	inspectors	16.8576
607	9	interrogated	18.676
607	10	last	14.468
607	11	night	6.976
607	12	.	2.66267
607	13	</s>	25.4592
608	1	she	6.52858
608	2	knows	11.9031
608	3	who	6.14725
608	4	the	3.6838
608	5	police	11.3625
608	6	said	10.1471
608	7	the	2.8321
608	8	inspectors	16.8576
608	9	interrogated	18.676
608	10	the	5.31276
608	11	criminal	12.7149
608	12	last	15.5787
608	13	night	6.976
608	14	.	2.66267
608	15	</s>	25.4592
609	1	she	6.52858
609	2	knows	11.9031
609	3	that	2.62183
609	4	the	3.70626
609	5	police	9.69857
609	6	said	10.8045
609	7	the	2.8321
609	8	detective	14.6244
609	9	believed	13.7308
609	10	the	3.87627
609	11	inspectors	16.5574
609	12	interrogated	18.676
609	13	last	14.468
609	14	night	6.976
609	15	.	2.66267
609	16	</s>	25.4592
610	1	she	6.52858
610	2	knows	11.9031
610	3	that	2.62183
610	4	the	3.70626
610	5	police	9.69857
610	6	said	10.8045
610	7	the	2.8321
610	8	detective	14.6244
610	9	believed	13.7308
610	10	the	3.87627
610	11	inspectors	16.5574
610	12	interrogated	18.676
610	13	the	5.31276
610	14	criminal	12.7149
610	15	last	15.5787
610	16	night	6.976
610	17	.	2.66267
610	18	</s>	25.4592
611	1	she	6.52858
611	2	knows	11.9031
611	3	who	6.14725
611	4	the	3.6838
611	5	police	11.3625
611	6	said	10.1471
611	7	the	2.8321
611	8	detective	14.6244
611	9	believed	13.7308
611	10	the	3.87627
611	11	inspectors	16.5574
611	12	interrogated	18.676
611	13	last	14.468
611	14	night	6.976
611	15	.	2.66267
611	16	</s>	25.4592
612	1	she	6.52858
612	2	knows	11.9031
612	3	who	6.14725
612	4	the	3.6838
612	5	police	11.3625
612	6	said	10.1471
612	7	the	2.8321
612	8	detective	14.6244
612	9	believed	13.7308
612	10	the	3.87627
612	11	inspectors	16.5574
612	12	interrogated	18.676
612	13	the	5.31276
612	14	criminal	12.7149
612	15	last	15.5787
612	16	night	6.976
612	17	.	2.66267
612	18	</s>	25.4592
613	1	she	6.52858
613	2	knows	11.9031
613	3	that	2.62183
613	4	the	3.70626
613	5	police	9.69857
613	6	said	10.8045
613	7	the	2.8321
613	8	detective	14.6244
613	9	believed	13.7308
613	10	he	5.20607
613	11	thought	10.847
613	12	the	4.14874
613	13	inspectors	16.7329
613	14	interrogated	18.676
613	15	last	14.468
613	16	night	6.976
613	17	.	2.66267
613	18	</s>	25.4592
614	1	she	6.52858
614	2	knows	11.9031
614	3	that	2.62183
614	4	the	3.70626
614	5	police	9.69857
614	6	said	10.8045
614	7	the	2.8321
614	8	detective	14.6244
614	9	believed	13.7308
614	10	he	5.20607
614	11	thought	10.847
614	12	the	4.14874
614	13	inspectors	16.7329
614	14	interrogated	18.676
614	15	the	5.31276
614	16	criminal	12.7149
614	17	last	15.5787
614	18	night	6.976
614	19	.	2.66267
614	20	</s>	25.4592
615	1	she	6.52858
615	2	knows	11.9031
615	3	who	6.14725
615	4	the	3.6838
615	5	police	11.3625
615	6	said	10.1471
615	7	the	2.8321
615	8	detective	14.6244
615	9	believed	13.7308
615	10	he	5.20607
615	11	thought	10.847
615	12	the	4.14874
615	13	inspectors	16.7329
615	14	interrogated	18.676
615	15	last	14.468
615	16	night	6.976
615	17	.	2.66267
615	18	</s>	25.4592
616	1	she	6.52858
616	2	knows	11.9031
616	3	who	6.14725
616	4	the	3.6838
616	5	police	11.3625
616	6	said	10.1471
616	7	the	2.8321
616	8	detective	14.6244
616	9	believed	13.7308
616	10	he	5.20607
616	11	thought	10.847
616	12	the	4.14874
616	13	inspectors	16.7329
616	14	interrogated	18.676
616	15	the	5.31276
616	16	criminal	12.7149
616	17	last	15.5787
616	18	night	6.976
616	19	.	2.66267
616	20	</s>	25.4592
617	1	she	6.52858
617	2	knows	11.9031
617	3	that	2.62183
617	4	the	3.70626
617	5	police	9.69857
617	6	said	10.8045
617	7	the	2.8321
617	8	detective	14.6244
617	9	believed	13.7308
617	10	he	5.20607
617	11	thought	10.847
617	12	he	4.14874
617	13	saw	6.02849
617	14	the	4.16645
617	15	inspectors	17.1399
617	16	interrogated	18.676
617	17	last	14.468
617	18	night	6.976
617	19	.	2.66267
617	20	</s>	25.4592
618	1	she	6.52858
618	2	knows	11.9031
618	3	that	2.62183
618	4	the	3.70626
618	5	police	9.69857
618	6	said	10.8045
618	7	the	2.8321
618	8	detective	14.6244
618	9	believed	13.7308
618	10	he	5.20607
618	11	thought	10.847
618	12	he	4.14874
618	13	saw	6.02849
618	14	the	4.16645
618	15	inspectors	17.1399
618	16	interrogated	18.676
618	17	the	5.31276
618	18	criminal	12.7149
618	19	last	15.5787
618	20	night	6.976
618	21	.	2.66267
618	22	</s>	25.4592
619	1	she	6.52858
619	2	knows	11.9031
619	3	who	6.14725
619	4	the	3.6838
619	5	police	11.3625
619	6	said	10.1471
619	7	the	2.8321
619	8	detective	14.6244
619	9	believed	13.7308
619	10	he	5.20607
619	11	thought	10.847
619	12	he	4.14874
619	13	saw	6.02849
619	14	the	4.16645
619	15	inspectors	17.1399
619	16	interrogated	18.676
619	17	last	14.468
619	18	night	6.976
619	19	.	2.66267
619	20	</s>	25.4592
620	1	she	6.52858
620	2	knows	11.9031
620	3	who	6.14725
620	4	the	3.6838
620	5	police	11.3625
620	6	said	10.1471
620	7	the	2.8321
620	8	detective	14.6244
620	9	believed	13.7308
620	10	he	5.20607
620	11	thought	10.847
620	12	he	4.14874
620	13	saw	6.02849
620	14	the	4.16645
620	15	inspectors	17.1399
620	16	interrogated	18.676
620	17	the	5.31276
620	18	criminal	12.7149
620	19	last	15.5787
620	20	night	6.976
620	21	.	2.66267
620	22	</s>	25.4592
621	1	they	6.37172
621	2	know	11.9019
621	3	that	3.79528
621	4	the	2.53449
621	5	old	9.77503
621	6	man	5.08363
621	7	thanked	18.0451
621	8	on	9.57604
621	9	the	3.74276
621	10	street	9.17811
621	11	.	2.25643
621	12	</s>	27.7468
622	1	they	6.37172
622	2	know	11.9019
622	3	that	3.79528
622	4	the	2.53449
622	5	old	9.77503
622	6	man	5.08363
622	7	thanked	18.0451
622	8	the	3.15393
622	9	tailor	16.9488
622	10	on	9.44771
622	11	the	3.74276
622	12	street	9.17811
622	13	.	2.25643
622	14	</s>	27.7468
623	1	they	6.37172
623	2	know	11.9019
623	3	who	7.38908
623	4	the	5.01207
623	5	old	10.7492
623	6	man	6.57065
623	7	thanked	18.0451
623	8	on	9.57604
623	9	the	3.74276
623	10	street	9.17811
623	11	.	2.25643
623	12	</s>	27.7468
624	1	they	6.37172
624	2	know	11.9019
624	3	who	7.38908
624	4	the	5.01207
624	5	old	10.7492
624	6	man	6.57065
624	7	thanked	18.0451
624	8	the	3.15393
624	9	tailor	16.9488
624	10	on	9.44771
624	11	the	3.74276
624	12	street	9.17811
624	13	.	2.25643
624	14	</s>	27.7468
625	1	they	6.37172
625	2	know	11.9019
625	3	that	3.79528
625	4	the	2.53449
625	5	nurse	15.3165
625	6	said	12.2185
625	7	the	4.51729
625	8	old	10.8476
625	9	man	6.57065
625	10	thanked	18.0451
625	11	on	9.57604
625	12	the	3.74276
625	13	street	9.17811
625	14	.	2.25643
625	15	</s>	27.7468
626	1	they	6.37172
626	2	know	11.9019
626	3	that	3.79528
626	4	the	2.53449
626	5	nurse	15.3165
626	6	said	12.2185
626	7	the	4.51729
626	8	old	10.8476
626	9	man	6.57065
626	10	thanked	18.0451
626	11	the	3.15393
626	12	tailor	16.9488
626	13	on	9.44771
626	14	the	3.74276
626	15	street	9.17811
626	16	.	2.25643
626	17	</s>	27.7468
627	1	they	6.37172
627	2	know	11.9019
627	3	who	7.38908
627	4	the	5.01207
627	5	nurse	14.9182
627	6	said	12.2185
627	7	the	4.51729
627	8	old	10.8476
627	9	man	6.57065
627	10	thanked	18.0451
627	11	on	9.57604
627	12	the	3.74276
627	13	street	9.17811
627	14	.	2.25643
627	15	</s>	27.7468
628	1	they	6.37172
628	2	know	11.9019
628	3	who	7.38908
628	4	the	5.01207
628	5	nurse	14.9182
628	6	said	12.2185
628	7	the	4.51729
628	8	old	10.8476
628	9	man	6.57065
628	10	thanked	18.0451
628	11	the	3.15393
628	12	tailor	16.9488
628	13	on	9.44771
628	14	the	3.74276
628	15	street	9.17811
628	16	.	2.25643
628	17	</s>	27.7468
629	1	they	6.37172
629	2	know	11.9019
629	3	that	3.79528
629	4	the	2.53449
629	5	nurse	15.3165
629	6	said	12.2185
629	7	the	4.51729
629	8	assistant	14.9162
629	9	knew	15.4004
629	10	the	4.27224
629	11	old	10.4876
629	12	man	6.57065
629	13	thanked	18.0451
629	14	on	9.57604
629	15	the	3.74276
629	16	street	9.17811
629	17	.	2.25643
629	18	</s>	27.7468
630	1	they	6.37172
630	2	know	11.9019
630	3	that	3.79528
630	4	the	2.53449
630	5	nurse	15.3165
630	6	said	12.2185
630	7	the	4.51729
630	8	assistant	14.9162
630	9	knew	15.4004
630	10	the	4.27224
630	11	old	10.4876
630	12	man	6.57065
630	13	thanked	18.0451
630	14	the	3.15393
630	15	tailor	16.9488
630	16	on	9.44771
630	17	the	3.74276
630	18	street	9.17811
630	19	.	2.25643
630	20	</s>	27.7468
631	1	they	6.37172
631	2	know	11.9019
631	3	who	7.38908
631	4	the	5.01207
631	5	nurse	14.9182
631	6	said	12.2185
631	7	the	4.51729
631	8	assistant	14.9162
631	9	knew	15.4004
631	10	the	4.27224
631	11	old	10.4876
631	12	man	6.57065
631	13	thanked	18.0451
631	14	on	9.57604
631	15	the	3.74276
631	16	street	9.17811
631	17	.	2.25643
631	18	</s>	27.7468
632	1	they	6.37172
632	2	know	11.9019
632	3	who	7.38908
632	4	the	5.01207
632	5	nurse	14.9182
632	6	said	12.2185
632	7	the	4.51729
632	8	assistant	14.9162
632	9	knew	15.4004
632	10	the	4.27224
632	11	old	10.4876
632	12	man	6.57065
632	13	thanked	18.0451
632	14	the	3.15393
632	15	tailor	16.9488
632	16	on	9.44771
632	17	the	3.74276
632	18	street	9.17811
632	19	.	2.25643
632	20	</s>	27.7468
633	1	they	6.37172
633	2	know	11.9019
633	3	that	3.79528
633	4	the	2.53449
633	5	nurse	15.3165
633	6	said	12.2185
633	7	the	4.51729
633	8	assistant	14.9162
633	9	knew	15.4004
633	10	she	7.06812
633	11	saw	9.41371
633	12	the	3.89315
633	13	old	10.6112
633	14	man	6.57065
633	15	thanked	18.0451
633	16	on	9.57604
633	17	the	3.74276
633	18	street	9.17811
633	19	.	2.25643
633	20	</s>	27.7468
634	1	they	6.37172
634	2	know	11.9019
634	3	that	3.79528
634	4	the	2.53449
634	5	nurse	15.3165
634	6	said	12.2185
634	7	the	4.51729
634	8	assistant	14.9162
634	9	knew	15.4004
634	10	she	7.06812
634	11	saw	9.41371
634	12	the	3.89315
634	13	old	10.6112
634	14	man	6.57065
634	15	thanked	18.0451
634	16	the	3.15393
634	17	tailor	16.9488
634	18	on	9.44771
634	19	the	3.74276
634	20	street	9.17811
634	21	.	2.25643
634	22	</s>	27.7468
635	1	they	6.37172
635	2	know	11.9019
635	3	who	7.38908
635	4	the	5.01207
635	5	nurse	14.9182
635	6	said	12.2185
635	7	the	4.51729
635	8	assistant	14.9162
635	9	knew	15.4004
635	10	she	7.06812
635	11	saw	9.41371
635	12	the	3.89315
635	13	old	10.6112
635	14	man	6.57065
635	15	thanked	18.0451
635	16	on	9.57604
635	17	the	3.74276
635	18	street	9.17811
635	19	.	2.25643
635	20	</s>	27.7468
636	1	they	6.37172
636	2	know	11.9019
636	3	who	7.38908
636	4	the	5.01207
636	5	nurse	14.9182
636	6	said	12.2185
636	7	the	4.51729
636	8	assistant	14.9162
636	9	knew	15.4004
636	10	she	7.06812
636	11	saw	9.41371
636	12	the	3.89315
636	13	old	10.6112
636	14	man	6.57065
636	15	thanked	18.0451
636	16	the	3.15393
636	17	tailor	16.9488
636	18	on	9.44771
636	19	the	3.74276
636	20	street	9.17811
636	21	.	2.25643
636	22	</s>	27.7468
637	1	they	6.37172
637	2	know	11.9019
637	3	that	3.79528
637	4	the	2.53449
637	5	nurse	15.3165
637	6	said	12.2185
637	7	the	4.51729
637	8	assistant	14.9162
637	9	knew	15.4004
637	10	she	7.06812
637	11	saw	9.41371
637	12	he	10.8567
637	13	noticed	11.9631
637	14	the	3.89328
637	15	old	10.4596
637	16	man	6.57065
637	17	thanked	18.0451
637	18	on	9.57604
637	19	the	3.74276
637	20	street	9.17811
637	21	.	2.25643
637	22	</s>	27.7468
638	1	they	6.37172
638	2	know	11.9019
638	3	that	3.79528
638	4	the	2.53449
638	5	nurse	15.3165
638	6	said	12.2185
638	7	the	4.51729
638	8	assistant	14.9162
638	9	knew	15.4004
638	10	she	7.06812
638	11	saw	9.41371
638	12	he	10.8567
638	13	noticed	11.9631
638	14	the	3.89328
638	15	old	10.4596
638	16	man	6.57065
638	17	thanked	18.0451
638	18	the	3.15393
638	19	tailor	16.9488
638	20	on	9.44771
638	21	the	3.74276
638	22	street	9.17811
638	23	.	2.25643
638	24	</s>	27.7468
639	1	they	6.37172
639	2	know	11.9019
639	3	who	7.38908
639	4	the	5.01207
639	5	nurse	14.9182
639	6	said	12.2185
639	7	the	4.51729
639	8	assistant	14.9162
639	9	knew	15.4004
639	10	she	7.06812
639	11	saw	9.41371
639	12	he	10.8567
639	13	noticed	11.9631
639	14	the	3.89328
639	15	old	10.4596
639	16	man	6.57065
639	17	thanked	18.0451
639	18	on	9.57604
639	19	the	3.74276
639	20	street	9.17811
639	21	.	2.25643
639	22	</s>	27.7468
640	1	they	6.37172
640	2	know	11.9019
640	3	who	7.38908
640	4	the	5.01207
640	5	nurse	14.9182
640	6	said	12.2185
640	7	the	4.51729
640	8	assistant	14.9162
640	9	knew	15.4004
640	10	she	7.06812
640	11	saw	9.41371
640	12	he	10.8567
640	13	noticed	11.9631
640	14	the	3.89328
640	15	old	10.4596
640	16	man	6.57065
640	17	thanked	18.0451
640	18	the	3.15393
640	19	tailor	16.9488
640	20	on	9.44771
640	21	the	3.74276
640	22	street	9.17811
640	23	.	2.25643
640	24	</s>	27.7468
641	1	he	4.43708
641	2	reported	10.9023
641	3	that	1.2922
641	4	the	2.05663
641	5	doctor	10.8521
641	6	reassured	19.239
641	7	before	11.0687
641	8	surgery	11.8446
641	9	.	1.7726
641	10	</s>	23.6519
642	1	he	4.43708
642	2	reported	10.9023
642	3	that	1.2922
642	4	the	2.05663
642	5	doctor	10.8521
642	6	reassured	19.239
642	7	the	2.43917
642	8	patient	12.0522
642	9	before	9.6655
642	10	surgery	11.8446
642	11	.	1.7726
642	12	</s>	23.6519
643	1	he	4.43708
643	2	reported	10.9023
643	3	who	12.6639
643	4	the	8.96323
643	5	doctor	7.80189
643	6	reassured	18.8671
643	7	before	11.0687
643	8	surgery	11.8446
643	9	.	1.7726
643	10	</s>	23.6519
644	1	he	4.43708
644	2	reported	10.9023
644	3	who	12.6639
644	4	the	8.96323
644	5	doctor	7.80189
644	6	reassured	18.8671
644	7	the	2.43917
644	8	patient	12.0522
644	9	before	9.6655
644	10	surgery	11.8446
644	11	.	1.7726
644	12	</s>	23.6519
645	1	he	4.43708
645	2	reported	10.9023
645	3	that	1.2922
645	4	the	2.05663
645	5	nurse	15.4069
645	6	believed	13.6531
645	7	the	3.87627
645	8	doctor	11.9631
645	9	reassured	18.8671
645	10	before	11.0687
645	11	surgery	11.8446
645	12	.	1.7726
645	13	</s>	23.6519
646	1	he	4.43708
646	2	reported	10.9023
646	3	that	1.2922
646	4	the	2.05663
646	5	nurse	15.4069
646	6	believed	13.6531
646	7	the	3.87627
646	8	doctor	11.9631
646	9	reassured	18.8671
646	10	the	2.43917
646	11	patient	12.0522
646	12	before	9.6655
646	13	surgery	11.8446
646	14	.	1.7726
646	15	</s>	23.6519
647	1	he	4.43708
647	2	reported	10.9023
647	3	who	12.6639
647	4	the	8.96323
647	5	nurse	14.8339
647	6	believed	13.6531
647	7	the	3.87627
647	8	doctor	11.9631
647	9	reassured	18.8671
647	10	before	11.0687
647	11	surgery	11.8446
647	12	.	1.7726
647	13	</s>	23.6519
648	1	he	4.43708
648	2	reported	10.9023
648	3	who	12.6639
648	4	the	8.96323
648	5	nurse	14.8339
648	6	believed	13.6531
648	7	the	3.87627
648	8	doctor	11.9631
648	9	reassured	18.8671
648	10	the	2.43917
648	11	patient	12.0522
648	12	before	9.6655
648	13	surgery	11.8446
648	14	.	1.7726
648	15	</s>	23.6519
649	1	he	4.43708
649	2	reported	10.9023
649	3	that	1.2922
649	4	the	2.05663
649	5	nurse	15.4069
649	6	believed	13.6531
649	7	the	3.87627
649	8	woman	12.2588
649	9	thought	13.7489
649	10	the	4.36895
649	11	doctor	12.1163
649	12	reassured	18.8671
649	13	before	11.0687
649	14	surgery	11.8446
649	15	.	1.7726
649	16	</s>	23.6519
650	1	he	4.43708
650	2	reported	10.9023
650	3	that	1.2922
650	4	the	2.05663
650	5	nurse	15.4069
650	6	believed	13.6531
650	7	the	3.87627
650	8	woman	12.2588
650	9	thought	13.7489
650	10	the	4.36895
650	11	doctor	12.1163
650	12	reassured	18.8671
650	13	the	2.43917
650	14	patient	12.0522
650	15	before	9.6655
650	16	surgery	11.8446
650	17	.	1.7726
650	18	</s>	23.6519
651	1	he	4.43708
651	2	reported	10.9023
651	3	who	12.6639
651	4	the	8.96323
651	5	nurse	14.8339
651	6	believed	13.6531
651	7	the	3.87627
651	8	woman	12.2588
651	9	thought	13.7489
651	10	the	4.36895
651	11	doctor	12.1163
651	12	reassured	18.8671
651	13	before	11.0687
651	14	surgery	11.8446
651	15	.	1.7726
651	16	</s>	23.6519
652	1	he	4.43708
652	2	reported	10.9023
652	3	who	12.6639
652	4	the	8.96323
652	5	nurse	14.8339
652	6	believed	13.6531
652	7	the	3.87627
652	8	woman	12.2588
652	9	thought	13.7489
652	10	the	4.36895
652	11	doctor	12.1163
652	12	reassured	18.8671
652	13	the	2.43917
652	14	patient	12.0522
652	15	before	9.6655
652	16	surgery	11.8446
652	17	.	1.7726
652	18	</s>	23.6519
653	1	he	4.43708
653	2	reported	10.9023
653	3	that	1.2922
653	4	the	2.05663
653	5	nurse	15.4069
653	6	believed	13.6531
653	7	the	3.87627
653	8	woman	12.2588
653	9	thought	13.7489
653	10	she	6.92949
653	11	recalled	12.8166
653	12	the	3.46066
653	13	doctor	11.8962
653	14	reassured	18.8671
653	15	before	11.0687
653	16	surgery	11.8446
653	17	.	1.7726
653	18	</s>	23.6519
654	1	he	4.43708
654	2	reported	10.9023
654	3	that	1.2922
654	4	the	2.05663
654	5	nurse	15.4069
654	6	believed	13.6531
654	7	the	3.87627
654	8	woman	12.2588
654	9	thought	13.7489
654	10	she	6.92949
654	11	recalled	12.8166
654	12	the	3.46066
654	13	doctor	11.8962
654	14	reassured	18.8671
654	15	the	2.43917
654	16	patient	12.0522
654	17	before	9.6655
654	18	surgery	11.8446
654	19	.	1.7726
654	20	</s>	23.6519
655	1	he	4.43708
655	2	reported	10.9023
655	3	who	12.6639
655	4	the	8.96323
655	5	nurse	14.8339
655	6	believed	13.6531
655	7	the	3.87627
655	8	woman	12.2588
655	9	thought	13.7489
655	10	she	6.92949
655	11	recalled	12.8166
655	12	the	3.46066
655	13	doctor	11.8962
655	14	reassured	18.8671
655	15	before	11.0687
655	16	surgery	11.8446
655	17	.	1.7726
655	18	</s>	23.6519
656	1	he	4.43708
656	2	reported	10.9023
656	3	who	12.6639
656	4	the	8.96323
656	5	nurse	14.8339
656	6	believed	13.6531
656	7	the	3.87627
656	8	woman	12.2588
656	9	thought	13.7489
656	10	she	6.92949
656	11	recalled	12.8166
656	12	the	3.46066
656	13	doctor	11.8962
656	14	reassured	18.8671
656	15	the	2.43917
656	16	patient	12.0522
656	17	before	9.6655
656	18	surgery	11.8446
656	19	.	1.7726
656	20	</s>	23.6519
657	1	he	4.43708
657	2	reported	10.9023
657	3	that	1.2922
657	4	the	2.05663
657	5	nurse	15.4069
657	6	believed	13.6531
657	7	the	3.87627
657	8	woman	12.2588
657	9	thought	13.7489
657	10	she	6.92949
657	11	recalled	12.8166
657	12	she	11.6898
657	13	noticed	12.1567
657	14	the	3.6021
657	15	doctor	11.8752
657	16	reassured	18.8671
657	17	before	11.0687
657	18	surgery	11.8446
657	19	.	1.7726
657	20	</s>	23.6519
658	1	he	4.43708
658	2	reported	10.9023
658	3	that	1.2922
658	4	the	2.05663
658	5	nurse	15.4069
658	6	believed	13.6531
658	7	the	3.87627
658	8	woman	12.2588
658	9	thought	13.7489
658	10	she	6.92949
658	11	recalled	12.8166
658	12	she	11.6898
658	13	noticed	12.1567
658	14	the	3.6021
658	15	doctor	11.8752
658	16	reassured	18.8671
658	17	the	2.43917
658	18	patient	12.0522
658	19	before	9.6655
658	20	surgery	11.8446
658	21	.	1.7726
658	22	</s>	23.6519
659	1	he	4.43708
659	2	reported	10.9023
659	3	who	12.6639
659	4	the	8.96323
659	5	nurse	14.8339
659	6	believed	13.6531
659	7	the	3.87627
659	8	woman	12.2588
659	9	thought	13.7489
659	10	she	6.92949
659	11	recalled	12.8166
659	12	she	11.6898
659	13	noticed	12.1567
659	14	the	3.6021
659	15	doctor	11.8752
659	16	reassured	18.8671
659	17	before	11.0687
659	18	surgery	11.8446
659	19	.	1.7726
659	20	</s>	23.6519
660	1	he	4.43708
660	2	reported	10.9023
660	3	who	12.6639
660	4	the	8.96323
660	5	nurse	14.8339
660	6	believed	13.6531
660	7	the	3.87627
660	8	woman	12.2588
660	9	thought	13.7489
660	10	she	6.92949
660	11	recalled	12.8166
660	12	she	11.6898
660	13	noticed	12.1567
660	14	the	3.6021
660	15	doctor	11.8752
660	16	reassured	18.8671
660	17	the	2.43917
660	18	patient	12.0522
660	19	before	9.6655
660	20	surgery	11.8446
660	21	.	1.7726
660	22	</s>	23.6519
661	1	we	10.0475
661	2	discovered	14.246
661	3	that	3.37446
661	4	the	3.17263
661	5	funny	16.5161
661	6	actor	15.2429
661	7	told	13.1019
661	8	about	7.27098
661	9	the	2.20408
661	10	woman	11.61
661	11	.	5.81596
661	12	</s>	25.5588
662	1	we	10.0475
662	2	discovered	14.246
662	3	that	3.37446
662	4	the	3.17263
662	5	funny	16.5161
662	6	actor	15.2429
662	7	told	13.1019
662	8	a	5.18358
662	9	story	3.36292
662	10	about	2.72714
662	11	the	3.32202
662	12	woman	11.6127
662	13	.	5.81596
662	14	</s>	25.5588
663	1	we	10.0475
663	2	discovered	14.246
663	3	what	7.36142
663	4	the	5.20984
663	5	funny	16.2166
663	6	actor	15.2429
663	7	told	13.1019
663	8	about	7.27098
663	9	the	2.20408
663	10	woman	11.61
663	11	.	5.81596
663	12	</s>	25.5588
664	1	we	10.0475
664	2	discovered	14.246
664	3	what	7.36142
664	4	the	5.20984
664	5	funny	16.2166
664	6	actor	15.2429
664	7	told	13.1019
664	8	a	5.18358
664	9	story	3.36292
664	10	about	2.72714
664	11	the	3.32202
664	12	woman	11.6127
664	13	.	5.81596
664	14	</s>	25.5588
665	1	we	10.0475
665	2	discovered	14.246
665	3	that	3.37446
665	4	the	3.17263
665	5	delivery	16.1169
665	6	boy	7.77212
665	7	remarked	15.9444
665	8	the	9.18833
665	9	funny	15.6524
665	10	actor	15.2429
665	11	told	13.1019
665	12	about	7.27098
665	13	the	2.20408
665	14	woman	11.61
665	15	.	5.81596
665	16	</s>	25.5588
666	1	we	10.0475
666	2	discovered	14.246
666	3	that	3.37446
666	4	the	3.17263
666	5	delivery	16.1169
666	6	boy	7.77212
666	7	remarked	15.9444
666	8	the	9.18833
666	9	funny	15.6524
666	10	actor	15.2429
666	11	told	13.1019
666	12	a	5.18358
666	13	story	3.36292
666	14	about	2.72714
666	15	the	3.32202
666	16	woman	11.6127
666	17	.	5.81596
666	18	</s>	25.5588
667	1	we	10.0475
667	2	discovered	14.246
667	3	what	7.36142
667	4	the	5.20984
667	5	delivery	13.8559
667	6	boy	7.77212
667	7	remarked	15.9444
667	8	the	9.18833
667	9	funny	15.6524
667	10	actor	15.2429
667	11	told	13.1019
667	12	about	7.27098
667	13	the	2.20408
667	14	woman	11.61
667	15	.	5.81596
667	16	</s>	25.5588
668	1	we	10.0475
668	2	discovered	14.246
668	3	what	7.36142
668	4	the	5.20984
668	5	delivery	13.8559
668	6	boy	7.77212
668	7	remarked	15.9444
668	8	the	9.18833
668	9	funny	15.6524
668	10	actor	15.2429
668	11	told	13.1019
668	12	a	5.18358
668	13	story	3.36292
668	14	about	2.72714
668	15	the	3.32202
668	16	woman	11.6127
668	17	.	5.81596
668	18	</s>	25.5588
669	1	we	10.0475
669	2	discovered	14.246
669	3	that	3.37446
669	4	the	3.17263
669	5	delivery	16.1169
669	6	boy	7.77212
669	7	remarked	15.9444
669	8	the	9.18833
669	9	worker	14.0478
669	10	said	12.4569
669	11	the	4.51729
669	12	funny	16.1772
669	13	actor	15.2429
669	14	told	13.1019
669	15	about	7.27098
669	16	the	2.20408
669	17	woman	11.61
669	18	.	5.81596
669	19	</s>	25.5588
670	1	we	10.0475
670	2	discovered	14.246
670	3	that	3.37446
670	4	the	3.17263
670	5	delivery	16.1169
670	6	boy	7.77212
670	7	remarked	15.9444
670	8	the	9.18833
670	9	worker	14.0478
670	10	said	12.4569
670	11	the	4.51729
670	12	funny	16.1772
670	13	actor	15.2429
670	14	told	13.1019
670	15	a	5.18358
670	16	story	3.36292
670	17	about	2.72714
670	18	the	3.32202
670	19	woman	11.6127
670	20	.	5.81596
670	21	</s>	25.5588
671	1	we	10.0475
671	2	discovered	14.246
671	3	what	7.36142
671	4	the	5.20984
671	5	delivery	13.8559
671	6	boy	7.77212
671	7	remarked	15.9444
671	8	the	9.18833
671	9	worker	14.0478
671	10	said	12.4569
671	11	the	4.51729
671	12	funny	16.1772
671	13	actor	15.2429
671	14	told	13.1019
671	15	about	7.27098
671	16	the	2.20408
671	17	woman	11.61
671	18	.	5.81596
671	19	</s>	25.5588
672	1	we	10.0475
672	2	discovered	14.246
672	3	what	7.36142
672	4	the	5.20984
672	5	delivery	13.8559
672	6	boy	7.77212
672	7	remarked	15.9444
672	8	the	9.18833
672	9	worker	14.0478
672	10	said	12.4569
672	11	the	4.51729
672	12	funny	16.1772
672	13	actor	15.2429
672	14	told	13.1019
672	15	a	5.18358
672	16	story	3.36292
672	17	about	2.72714
672	18	the	3.32202
672	19	woman	11.6127
672	20	.	5.81596
672	21	</s>	25.5588
673	1	we	10.0475
673	2	discovered	14.246
673	3	that	3.37446
673	4	the	3.17263
673	5	delivery	16.1169
673	6	boy	7.77212
673	7	remarked	15.9444
673	8	the	9.18833
673	9	worker	14.0478
673	10	said	12.4569
673	11	the	4.51729
673	12	gardener	15.6082
673	13	knew	15.0764
673	14	the	4.27224
673	15	funny	15.8171
673	16	actor	15.2429
673	17	told	13.1019
673	18	about	7.27098
673	19	the	2.20408
673	20	woman	11.61
673	21	.	5.81596
673	22	</s>	25.5588
674	1	we	10.0475
674	2	discovered	14.246
674	3	that	3.37446
674	4	the	3.17263
674	5	delivery	16.1169
674	6	boy	7.77212
674	7	remarked	15.9444
674	8	the	9.18833
674	9	worker	14.0478
674	10	said	12.4569
674	11	the	4.51729
674	12	gardener	15.6082
674	13	knew	15.0764
674	14	the	4.27224
674	15	funny	15.8171
674	16	actor	15.2429
674	17	told	13.1019
674	18	a	5.18358
674	19	story	3.36292
674	20	about	2.72714
674	21	the	3.32202
674	22	woman	11.6127
674	23	.	5.81596
674	24	</s>	25.5588
675	1	we	10.0475
675	2	discovered	14.246
675	3	what	7.36142
675	4	the	5.20984
675	5	delivery	13.8559
675	6	boy	7.77212
675	7	remarked	15.9444
675	8	the	9.18833
675	9	worker	14.0478
675	10	said	12.4569
675	11	the	4.51729
675	12	gardener	15.6082
675	13	knew	15.0764
675	14	the	4.27224
675	15	funny	15.8171
675	16	actor	15.2429
675	17	told	13.1019
675	18	about	7.27098
675	19	the	2.20408
675	20	woman	11.61
675	21	.	5.81596
675	22	</s>	25.5588
676	1	we	10.0475
676	2	discovered	14.246
676	3	what	7.36142
676	4	the	5.20984
676	5	delivery	13.8559
676	6	boy	7.77212
676	7	remarked	15.9444
676	8	the	9.18833
676	9	worker	14.0478
676	10	said	12.4569
676	11	the	4.51729
676	12	gardener	15.6082
676	13	knew	15.0764
676	14	the	4.27224
676	15	funny	15.8171
676	16	actor	15.2429
676	17	told	13.1019
676	18	a	5.18358
676	19	story	3.36292
676	20	about	2.72714
676	21	the	3.32202
676	22	woman	11.6127
676	23	.	5.81596
676	24	</s>	25.5588
677	1	we	10.0475
677	2	discovered	14.246
677	3	that	3.37446
677	4	the	3.17263
677	5	delivery	16.1169
677	6	boy	7.77212
677	7	remarked	15.9444
677	8	the	9.18833
677	9	worker	14.0478
677	10	said	12.4569
677	11	the	4.51729
677	12	gardener	15.6082
677	13	knew	15.0764
677	14	the	4.27224
677	15	maid	15.2482
677	16	remembers	17.4997
677	17	the	3.54116
677	18	funny	15.694
677	19	actor	15.2429
677	20	told	13.1019
677	21	about	7.27098
677	22	the	2.20408
677	23	woman	11.61
677	24	.	5.81596
677	25	</s>	25.5588
678	1	we	10.0475
678	2	discovered	14.246
678	3	that	3.37446
678	4	the	3.17263
678	5	delivery	16.1169
678	6	boy	7.77212
678	7	remarked	15.9444
678	8	the	9.18833
678	9	worker	14.0478
678	10	said	12.4569
678	11	the	4.51729
678	12	gardener	15.6082
678	13	knew	15.0764
678	14	the	4.27224
678	15	maid	15.2482
678	16	remembers	17.4997
678	17	the	3.54116
678	18	funny	15.694
678	19	actor	15.2429
678	20	told	13.1019
678	21	a	5.18358
678	22	story	3.36292
678	23	about	2.72714
678	24	the	3.32202
678	25	woman	11.6127
678	26	.	5.81596
678	27	</s>	25.5588
679	1	we	10.0475
679	2	discovered	14.246
679	3	what	7.36142
679	4	the	5.20984
679	5	delivery	13.8559
679	6	boy	7.77212
679	7	remarked	15.9444
679	8	the	9.18833
679	9	worker	14.0478
679	10	said	12.4569
679	11	the	4.51729
679	12	gardener	15.6082
679	13	knew	15.0764
679	14	the	4.27224
679	15	maid	15.2482
679	16	remembers	17.4997
679	17	the	3.54116
679	18	funny	15.694
679	19	actor	15.2429
679	20	told	13.1019
679	21	about	7.27098
679	22	the	2.20408
679	23	woman	11.61
679	24	.	5.81596
679	25	</s>	25.5588
680	1	we	10.0475
680	2	discovered	14.246
680	3	what	7.36142
680	4	the	5.20984
680	5	delivery	13.8559
680	6	boy	7.77212
680	7	remarked	15.9444
680	8	the	9.18833
680	9	worker	14.0478
680	10	said	12.4569
680	11	the	4.51729
680	12	gardener	15.6082
680	13	knew	15.0764
680	14	the	4.27224
680	15	maid	15.2482
680	16	remembers	17.4997
680	17	the	3.54116
680	18	funny	15.694
680	19	actor	15.2429
680	20	told	13.1019
680	21	a	5.18358
680	22	story	3.36292
680	23	about	2.72714
680	24	the	3.32202
680	25	woman	11.6127
680	26	.	5.81596
680	27	</s>	25.5588
681	1	they	6.37172
681	2	reported	11.2987
681	3	that	1.06934
681	4	the	2.41116
681	5	woman	10.6944
681	6	abandoned	15.3422
681	7	on	6.93193
681	8	the	1.97443
681	9	side	8.49243
681	10	of	0.776818
681	11	the	0.380114
681	12	road	3.96868
681	13	.	1.78484
681	14	</s>	28.2635
682	1	they	6.37172
682	2	reported	11.2987
682	3	that	1.06934
682	4	the	2.41116
682	5	woman	10.6944
682	6	abandoned	15.3422
682	7	the	3.31847
682	8	children	9.04119
682	9	on	7.58796
682	10	the	3.1432
682	11	side	8.53318
682	12	of	0.776818
682	13	the	0.380114
682	14	road	3.96868
682	15	.	1.78484
682	16	</s>	28.2635
683	1	they	6.37172
683	2	reported	11.2987
683	3	who	12.4486
683	4	the	8.96323
683	5	woman	7.80189
683	6	abandoned	15.8526
683	7	on	6.93193
683	8	the	1.97443
683	9	side	8.49243
683	10	of	0.776818
683	11	the	0.380114
683	12	road	3.96868
683	13	.	1.78484
683	14	</s>	28.2635
684	1	they	6.37172
684	2	reported	11.2987
684	3	who	12.4486
684	4	the	8.96323
684	5	woman	7.80189
684	6	abandoned	15.8526
684	7	the	3.31847
684	8	children	9.04119
684	9	on	7.58796
684	10	the	3.1432
684	11	side	8.53318
684	12	of	0.776818
684	13	the	0.380114
684	14	road	3.96868
684	15	.	1.78484
684	16	</s>	28.2635
685	1	they	6.37172
685	2	reported	11.2987
685	3	that	1.06934
685	4	the	2.41116
685	5	man	9.74448
685	6	claimed	11.0267
685	7	the	3.97247
685	8	woman	12.5163
685	9	abandoned	15.181
685	10	on	6.93193
685	11	the	1.97443
685	12	side	8.49243
685	13	of	0.776818
685	14	the	0.380114
685	15	road	3.96868
685	16	.	1.78484
685	17	</s>	28.2635
686	1	they	6.37172
686	2	reported	11.2987
686	3	that	1.06934
686	4	the	2.41116
686	5	man	9.74448
686	6	claimed	11.0267
686	7	the	3.97247
686	8	woman	12.5163
686	9	abandoned	15.181
686	10	the	3.31847
686	11	children	9.04119
686	12	on	7.58796
686	13	the	3.1432
686	14	side	8.53318
686	15	of	0.776818
686	16	the	0.380114
686	17	road	3.96868
686	18	.	1.78484
686	19	</s>	28.2635
687	1	they	6.37172
687	2	reported	11.2987
687	3	who	12.4486
687	4	the	8.96323
687	5	man	6.8914
687	6	claimed	10.9383
687	7	the	3.97247
687	8	woman	12.5163
687	9	abandoned	15.181
687	10	on	6.93193
687	11	the	1.97443
687	12	side	8.49243
687	13	of	0.776818
687	14	the	0.380114
687	15	road	3.96868
687	16	.	1.78484
687	17	</s>	28.2635
688	1	they	6.37172
688	2	reported	11.2987
688	3	who	12.4486
688	4	the	8.96323
688	5	man	6.8914
688	6	claimed	10.9383
688	7	the	3.97247
688	8	woman	12.5163
688	9	abandoned	15.181
688	10	the	3.31847
688	11	children	9.04119
688	12	on	7.58796
688	13	the	3.1432
688	14	side	8.53318
688	15	of	0.776818
688	16	the	0.380114
688	17	road	3.96868
688	18	.	1.78484
688	19	</s>	28.2635
689	1	they	6.37172
689	2	reported	11.2987
689	3	that	1.06934
689	4	the	2.41116
689	5	man	9.74448
689	6	claimed	11.0267
689	7	his	6.78675
689	8	friend	9.36933
689	9	believed	13.5558
689	10	the	3.87627
689	11	woman	12.2588
689	12	abandoned	15.181
689	13	on	6.93193
689	14	the	1.97443
689	15	side	8.49243
689	16	of	0.776818
689	17	the	0.380114
689	18	road	3.96868
689	19	.	1.78484
689	20	</s>	28.2635
690	1	they	6.37172
690	2	reported	11.2987
690	3	that	1.06934
690	4	the	2.41116
690	5	man	9.74448
690	6	claimed	11.0267
690	7	his	6.78675
690	8	friend	9.36933
690	9	believed	13.5558
690	10	the	3.87627
690	11	woman	12.2588
690	12	abandoned	15.181
690	13	the	3.31847
690	14	children	9.04119
690	15	on	7.58796
690	16	the	3.1432
690	17	side	8.53318
690	18	of	0.776818
690	19	the	0.380114
690	20	road	3.96868
690	21	.	1.78484
690	22	</s>	28.2635
691	1	they	6.37172
691	2	reported	11.2987
691	3	who	12.4486
691	4	the	8.96323
691	5	man	6.8914
691	6	claimed	10.9383
691	7	his	6.78675
691	8	friend	9.36933
691	9	believed	13.5558
691	10	the	3.87627
691	11	woman	12.2588
691	12	abandoned	15.181
691	13	on	6.93193
691	14	the	1.97443
691	15	side	8.49243
691	16	of	0.776818
691	17	the	0.380114
691	18	road	3.96868
691	19	.	1.78484
691	20	</s>	28.2635
692	1	they	6.37172
692	2	reported	11.2987
692	3	who	12.4486
692	4	the	8.96323
692	5	man	6.8914
692	6	claimed	10.9383
692	7	his	6.78675
692	8	friend	9.36933
692	9	believed	13.5558
692	10	the	3.87627
692	11	woman	12.2588
692	12	abandoned	15.181
692	13	the	3.31847
692	14	children	9.04119
692	15	on	7.58796
692	16	the	3.1432
692	17	side	8.53318
692	18	of	0.776818
692	19	the	0.380114
692	20	road	3.96868
692	21	.	1.78484
692	22	</s>	28.2635
693	1	they	6.37172
693	2	reported	11.2987
693	3	that	1.06934
693	4	the	2.41116
693	5	man	9.74448
693	6	claimed	11.0267
693	7	his	6.78675
693	8	friend	9.36933
693	9	believed	13.5558
693	10	he	5.20607
693	11	knew	10.6388
693	12	the	5.05217
693	13	woman	12.2408
693	14	abandoned	15.181
693	15	on	6.93193
693	16	the	1.97443
693	17	side	8.49243
693	18	of	0.776818
693	19	the	0.380114
693	20	road	3.96868
693	21	.	1.78484
693	22	</s>	28.2635
694	1	they	6.37172
694	2	reported	11.2987
694	3	that	1.06934
694	4	the	2.41116
694	5	man	9.74448
694	6	claimed	11.0267
694	7	his	6.78675
694	8	friend	9.36933
694	9	believed	13.5558
694	10	he	5.20607
694	11	knew	10.6388
694	12	the	5.05217
694	13	woman	12.2408
694	14	abandoned	15.181
694	15	the	3.31847
694	16	children	9.04119
694	17	on	7.58796
694	18	the	3.1432
694	19	side	8.53318
694	20	of	0.776818
694	21	the	0.380114
694	22	road	3.96868
694	23	.	1.78484
694	24	</s>	28.2635
695	1	they	6.37172
695	2	reported	11.2987
695	3	who	12.4486
695	4	the	8.96323
695	5	man	6.8914
695	6	claimed	10.9383
695	7	his	6.78675
695	8	friend	9.36933
695	9	believed	13.5558
695	10	he	5.20607
695	11	knew	10.6388
695	12	the	5.05217
695	13	woman	12.2408
695	14	abandoned	15.181
695	15	on	6.93193
695	16	the	1.97443
695	17	side	8.49243
695	18	of	0.776818
695	19	the	0.380114
695	20	road	3.96868
695	21	.	1.78484
695	22	</s>	28.2635
696	1	they	6.37172
696	2	reported	11.2987
696	3	who	12.4486
696	4	the	8.96323
696	5	man	6.8914
696	6	claimed	10.9383
696	7	his	6.78675
696	8	friend	9.36933
696	9	believed	13.5558
696	10	he	5.20607
696	11	knew	10.6388
696	12	the	5.05217
696	13	woman	12.2408
696	14	abandoned	15.181
696	15	the	3.31847
696	16	children	9.04119
696	17	on	7.58796
696	18	the	3.1432
696	19	side	8.53318
696	20	of	0.776818
696	21	the	0.380114
696	22	road	3.96868
696	23	.	1.78484
696	24	</s>	28.2635
697	1	they	6.37172
697	2	reported	11.2987
697	3	that	1.06934
697	4	the	2.41116
697	5	man	9.74448
697	6	claimed	11.0267
697	7	his	6.78675
697	8	friend	9.36933
697	9	believed	13.5558
697	10	he	5.20607
697	11	knew	10.6388
697	12	the	5.05217
697	13	man	11.3207
697	14	saw	14.8402
697	15	the	2.9593
697	16	woman	12.8223
697	17	abandoned	15.181
697	18	on	6.93193
697	19	the	1.97443
697	20	side	8.49243
697	21	of	0.776818
697	22	the	0.380114
697	23	road	3.96868
697	24	.	1.78484
697	25	</s>	28.2635
698	1	they	6.37172
698	2	reported	11.2987
698	3	that	1.06934
698	4	the	2.41116
698	5	man	9.74448
698	6	claimed	11.0267
698	7	his	6.78675
698	8	friend	9.36933
698	9	believed	13.5558
698	10	he	5.20607
698	11	knew	10.6388
698	12	the	5.05217
698	13	man	11.3207
698	14	saw	14.8402
698	15	the	2.9593
698	16	woman	12.8223
698	17	abandoned	15.181
698	18	the	3.31847
698	19	children	9.04119
698	20	on	7.58796
698	21	the	3.1432
698	22	side	8.53318
698	23	of	0.776818
698	24	the	0.380114
698	25	road	3.96868
698	26	.	1.78484
698	27	</s>	28.2635
699	1	they	6.37172
699	2	reported	11.2987
699	3	who	12.4486
699	4	the	8.96323
699	5	man	6.8914
699	6	claimed	10.9383
699	7	his	6.78675
699	8	friend	9.36933
699	9	believed	13.5558
699	10	he	5.20607
699	11	knew	10.6388
699	12	the	5.05217
699	13	man	11.3207
699	14	saw	14.8402
699	15	the	2.9593
699	16	woman	12.8223
699	17	abandoned	15.181
699	18	on	6.93193
699	19	the	1.97443
699	20	side	8.49243
699	21	of	0.776818
699	22	the	0.380114
699	23	road	3.96868
699	24	.	1.78484
699	25	</s>	28.2635
700	1	they	6.37172
700	2	reported	11.2987
700	3	who	12.4486
700	4	the	8.96323
700	5	man	6.8914
700	6	claimed	10.9383
700	7	his	6.78675
700	8	friend	9.36933
700	9	believed	13.5558
700	10	he	5.20607
700	11	knew	10.6388
700	12	the	5.05217
700	13	man	11.3207
700	14	saw	14.8402
700	15	the	2.9593
700	16	woman	12.8223
700	17	abandoned	15.181
700	18	the	3.31847
700	19	children	9.04119
700	20	on	7.58796
700	21	the	3.1432
700	22	side	8.53318
700	23	of	0.776818
700	24	the	0.380114
700	25	road	3.96868
700	26	.	1.78484
700	27	</s>	28.2635
701	1	they	6.37172
701	2	recalled	15.4151
701	3	that	3.25558
701	4	the	3.21199
701	5	executive	12.0441
701	6	promoted	16.3611
701	7	last	14.6774
701	8	week	7.67921
701	9	.	3.59506
701	10	</s>	24.2368
702	1	they	6.37172
702	2	recalled	15.4151
702	3	that	3.25558
702	4	the	3.21199
702	5	executive	12.0441
702	6	promoted	16.3611
702	7	the	3.37318
702	8	secretary	13.1493
702	9	last	16.1295
702	10	week	7.67921
702	11	.	3.59506
702	12	</s>	24.2368
703	1	they	6.37172
703	2	recalled	15.4151
703	3	who	11.9121
703	4	the	8.96323
703	5	executive	12.7083
703	6	promoted	15.947
703	7	last	14.6774
703	8	week	7.67921
703	9	.	3.59506
703	10	</s>	24.2368
704	1	they	6.37172
704	2	recalled	15.4151
704	3	who	11.9121
704	4	the	8.96323
704	5	executive	12.7083
704	6	promoted	15.947
704	7	the	3.37318
704	8	secretary	13.1493
704	9	last	16.1295
704	10	week	7.67921
704	11	.	3.59506
704	12	</s>	24.2368
705	1	they	6.37172
705	2	recalled	15.4151
705	3	that	3.25558
705	4	the	3.21199
705	5	journalist	13.9516
705	6	believed	12.2149
705	7	the	3.87627
705	8	executive	12.5908
705	9	promoted	15.947
705	10	last	14.6774
705	11	week	7.67921
705	12	.	3.59506
705	13	</s>	24.2368
706	1	they	6.37172
706	2	recalled	15.4151
706	3	that	3.25558
706	4	the	3.21199
706	5	journalist	13.9516
706	6	believed	12.2149
706	7	the	3.87627
706	8	executive	12.5908
706	9	promoted	15.947
706	10	the	3.37318
706	11	secretary	13.1493
706	12	last	16.1295
706	13	week	7.67921
706	14	.	3.59506
706	15	</s>	24.2368
707	1	they	6.37172
707	2	recalled	15.4151
707	3	who	11.9121
707	4	the	8.96323
707	5	journalist	14.7335
707	6	believed	12.2149
707	7	the	3.87627
707	8	executive	12.5908
707	9	promoted	15.947
707	10	last	14.6774
707	11	week	7.67921
707	12	.	3.59506
707	13	</s>	24.2368
708	1	they	6.37172
708	2	recalled	15.4151
708	3	who	11.9121
708	4	the	8.96323
708	5	journalist	14.7335
708	6	believed	12.2149
708	7	the	3.87627
708	8	executive	12.5908
708	9	promoted	15.947
708	10	the	3.37318
708	11	secretary	13.1493
708	12	last	16.1295
708	13	week	7.67921
708	14	.	3.59506
708	15	</s>	24.2368
709	1	they	6.37172
709	2	recalled	15.4151
709	3	that	3.25558
709	4	the	3.21199
709	5	journalist	13.9516
709	6	believed	12.2149
709	7	the	3.87627
709	8	transcript	16.226
709	9	stated	8.50481
709	10	the	5.24247
709	11	executive	12.7921
709	12	promoted	15.947
709	13	last	14.6774
709	14	week	7.67921
709	15	.	3.59506
709	16	</s>	24.2368
710	1	they	6.37172
710	2	recalled	15.4151
710	3	that	3.25558
710	4	the	3.21199
710	5	journalist	13.9516
710	6	believed	12.2149
710	7	the	3.87627
710	8	transcript	16.226
710	9	stated	8.50481
710	10	the	5.24247
710	11	executive	12.7921
710	12	promoted	15.947
710	13	the	3.37318
710	14	secretary	13.1493
710	15	last	16.1295
710	16	week	7.67921
710	17	.	3.59506
710	18	</s>	24.2368
711	1	they	6.37172
711	2	recalled	15.4151
711	3	who	11.9121
711	4	the	8.96323
711	5	journalist	14.7335
711	6	believed	12.2149
711	7	the	3.87627
711	8	transcript	16.226
711	9	stated	8.50481
711	10	the	5.24247
711	11	executive	12.7921
711	12	promoted	15.947
711	13	last	14.6774
711	14	week	7.67921
711	15	.	3.59506
711	16	</s>	24.2368
712	1	they	6.37172
712	2	recalled	15.4151
712	3	who	11.9121
712	4	the	8.96323
712	5	journalist	14.7335
712	6	believed	12.2149
712	7	the	3.87627
712	8	transcript	16.226
712	9	stated	8.50481
712	10	the	5.24247
712	11	executive	12.7921
712	12	promoted	15.947
712	13	the	3.37318
712	14	secretary	13.1493
712	15	last	16.1295
712	16	week	7.67921
712	17	.	3.59506
712	18	</s>	24.2368
713	1	they	6.37172
713	2	recalled	15.4151
713	3	that	3.25558
713	4	the	3.21199
713	5	journalist	13.9516
713	6	believed	12.2149
713	7	the	3.87627
713	8	transcript	16.226
713	9	stated	8.50481
713	10	he	5.48895
713	11	knew	10.4587
713	12	the	5.05217
713	13	executive	12.5729
713	14	promoted	15.947
713	15	last	14.6774
713	16	week	7.67921
713	17	.	3.59506
713	18	</s>	24.2368
714	1	they	6.37172
714	2	recalled	15.4151
714	3	that	3.25558
714	4	the	3.21199
714	5	journalist	13.9516
714	6	believed	12.2149
714	7	the	3.87627
714	8	transcript	16.226
714	9	stated	8.50481
714	10	he	5.48895
714	11	knew	10.4587
714	12	the	5.05217
714	13	executive	12.5729
714	14	promoted	15.947
714	15	the	3.37318
714	16	secretary	13.1493
714	17	last	16.1295
714	18	week	7.67921
714	19	.	3.59506
714	20	</s>	24.2368
715	1	they	6.37172
715	2	recalled	15.4151
715	3	who	11.9121
715	4	the	8.96323
715	5	journalist	14.7335
715	6	believed	12.2149
715	7	the	3.87627
715	8	transcript	16.226
715	9	stated	8.50481
715	10	he	5.48895
715	11	knew	10.4587
715	12	the	5.05217
715	13	executive	12.5729
715	14	promoted	15.947
715	15	last	14.6774
715	16	week	7.67921
715	17	.	3.59506
715	18	</s>	24.2368
716	1	they	6.37172
716	2	recalled	15.4151
716	3	who	11.9121
716	4	the	8.96323
716	5	journalist	14.7335
716	6	believed	12.2149
716	7	the	3.87627
716	8	transcript	16.226
716	9	stated	8.50481
716	10	he	5.48895
716	11	knew	10.4587
716	12	the	5.05217
716	13	executive	12.5729
716	14	promoted	15.947
716	15	the	3.37318
716	16	secretary	13.1493
716	17	last	16.1295
716	18	week	7.67921
716	19	.	3.59506
716	20	</s>	24.2368
717	1	they	6.37172
717	2	recalled	15.4151
717	3	that	3.25558
717	4	the	3.21199
717	5	journalist	13.9516
717	6	believed	12.2149
717	7	the	3.87627
717	8	transcript	16.226
717	9	stated	8.50481
717	10	he	5.48895
717	11	knew	10.4587
717	12	the	5.05217
717	13	man	11.3207
717	14	noticed	16.596
717	15	the	3.60056
717	16	executive	12.5029
717	17	promoted	15.947
717	18	last	14.6774
717	19	week	7.67921
717	20	.	3.59506
717	21	</s>	24.2368
718	1	they	6.37172
718	2	recalled	15.4151
718	3	that	3.25558
718	4	the	3.21199
718	5	journalist	13.9516
718	6	believed	12.2149
718	7	the	3.87627
718	8	transcript	16.226
718	9	stated	8.50481
718	10	he	5.48895
718	11	knew	10.4587
718	12	the	5.05217
718	13	man	11.3207
718	14	noticed	16.596
718	15	the	3.60056
718	16	executive	12.5029
718	17	promoted	15.947
718	18	the	3.37318
718	19	secretary	13.1493
718	20	last	16.1295
718	21	week	7.67921
718	22	.	3.59506
718	23	</s>	24.2368
719	1	they	6.37172
719	2	recalled	15.4151
719	3	who	11.9121
719	4	the	8.96323
719	5	journalist	14.7335
719	6	believed	12.2149
719	7	the	3.87627
719	8	transcript	16.226
719	9	stated	8.50481
719	10	he	5.48895
719	11	knew	10.4587
719	12	the	5.05217
719	13	man	11.3207
719	14	noticed	16.596
719	15	the	3.60056
719	16	executive	12.5029
719	17	promoted	15.947
719	18	last	14.6774
719	19	week	7.67921
719	20	.	3.59506
719	21	</s>	24.2368
720	1	they	6.37172
720	2	recalled	15.4151
720	3	who	11.9121
720	4	the	8.96323
720	5	journalist	14.7335
720	6	believed	12.2149
720	7	the	3.87627
720	8	transcript	16.226
720	9	stated	8.50481
720	10	he	5.48895
720	11	knew	10.4587
720	12	the	5.05217
720	13	man	11.3207
720	14	noticed	16.596
720	15	the	3.60056
720	16	executive	12.5029
720	17	promoted	15.947
720	18	the	3.37318
720	19	secretary	13.1493
720	20	last	16.1295
720	21	week	7.67921
720	22	.	3.59506
720	23	</s>	24.2368
721	1	we	10.0475
721	2	recalled	16.8821
721	3	that	3.25558
721	4	the	3.21199
721	5	millionaire	17.2247
721	6	divorced	15.8816
721	7	last	14.9841
721	8	week	7.67921
721	9	.	3.59506
721	10	</s>	24.2368
722	1	we	10.0475
722	2	recalled	16.8821
722	3	that	3.25558
722	4	the	3.21199
722	5	millionaire	17.2247
722	6	divorced	15.8816
722	7	his	4.78035
722	8	wife	1.84415
722	9	last	14.8866
722	10	week	7.67921
722	11	.	3.59506
722	12	</s>	24.2368
723	1	we	10.0475
723	2	recalled	16.8821
723	3	who	11.9121
723	4	the	8.96323
723	5	millionaire	16.8048
723	6	divorced	15.8816
723	7	last	14.9841
723	8	week	7.67921
723	9	.	3.59506
723	10	</s>	24.2368
724	1	we	10.0475
724	2	recalled	16.8821
724	3	who	11.9121
724	4	the	8.96323
724	5	millionaire	16.8048
724	6	divorced	15.8816
724	7	his	4.78035
724	8	wife	1.84415
724	9	last	14.8866
724	10	week	7.67921
724	11	.	3.59506
724	12	</s>	24.2368
725	1	we	10.0475
725	2	recalled	16.8821
725	3	that	3.25558
725	4	the	3.21199
725	5	woman	10.5414
725	6	said	9.96008
725	7	the	4.76385
725	8	millionaire	16.9874
725	9	divorced	15.8816
725	10	last	14.9841
725	11	week	7.67921
725	12	.	3.59506
725	13	</s>	24.2368
726	1	we	10.0475
726	2	recalled	16.8821
726	3	that	3.25558
726	4	the	3.21199
726	5	woman	10.5414
726	6	said	9.96008
726	7	the	4.76385
726	8	millionaire	16.9874
726	9	divorced	15.8816
726	10	his	4.78035
726	11	wife	1.84415
726	12	last	14.8866
726	13	week	7.67921
726	14	.	3.59506
726	15	</s>	24.2368
727	1	we	10.0475
727	2	recalled	16.8821
727	3	who	11.9121
727	4	the	8.96323
727	5	woman	7.80189
727	6	said	10.4705
727	7	the	4.76385
727	8	millionaire	16.9874
727	9	divorced	15.8816
727	10	last	14.9841
727	11	week	7.67921
727	12	.	3.59506
727	13	</s>	24.2368
728	1	we	10.0475
728	2	recalled	16.8821
728	3	who	11.9121
728	4	the	8.96323
728	5	woman	7.80189
728	6	said	10.4705
728	7	the	4.76385
728	8	millionaire	16.9874
728	9	divorced	15.8816
728	10	his	4.78035
728	11	wife	1.84415
728	12	last	14.8866
728	13	week	7.67921
728	14	.	3.59506
728	15	</s>	24.2368
729	1	we	10.0475
729	2	recalled	16.8821
729	3	that	3.25558
729	4	the	3.21199
729	5	woman	10.5414
729	6	said	9.96008
729	7	she	6.23329
729	8	thought	5.99716
729	9	the	3.1432
729	10	millionaire	16.8405
729	11	divorced	15.8816
729	12	last	14.9841
729	13	week	7.67921
729	14	.	3.59506
729	15	</s>	24.2368
730	1	we	10.0475
730	2	recalled	16.8821
730	3	that	3.25558
730	4	the	3.21199
730	5	woman	10.5414
730	6	said	9.96008
730	7	she	6.23329
730	8	thought	5.99716
730	9	the	3.1432
730	10	millionaire	16.8405
730	11	divorced	15.8816
730	12	his	4.78035
730	13	wife	1.84415
730	14	last	14.8866
730	15	week	7.67921
730	16	.	3.59506
730	17	</s>	24.2368
731	1	we	10.0475
731	2	recalled	16.8821
731	3	who	11.9121
731	4	the	8.96323
731	5	woman	7.80189
731	6	said	10.4705
731	7	she	6.23329
731	8	thought	5.99716
731	9	the	3.1432
731	10	millionaire	16.8405
731	11	divorced	15.8816
731	12	last	14.9841
731	13	week	7.67921
731	14	.	3.59506
731	15	</s>	24.2368
732	1	we	10.0475
732	2	recalled	16.8821
732	3	who	11.9121
732	4	the	8.96323
732	5	woman	7.80189
732	6	said	10.4705
732	7	she	6.23329
732	8	thought	5.99716
732	9	the	3.1432
732	10	millionaire	16.8405
732	11	divorced	15.8816
732	12	his	4.78035
732	13	wife	1.84415
732	14	last	14.8866
732	15	week	7.67921
732	16	.	3.59506
732	17	</s>	24.2368
733	1	we	10.0475
733	2	recalled	16.8821
733	3	that	3.25558
733	4	the	3.21199
733	5	woman	10.5414
733	6	said	9.96008
733	7	she	6.23329
733	8	thought	5.99716
733	9	she	4.11707
733	10	knew	10.7008
733	11	the	5.35757
733	12	millionaire	16.6274
733	13	divorced	15.8816
733	14	last	14.9841
733	15	week	7.67921
733	16	.	3.59506
733	17	</s>	24.2368
734	1	we	10.0475
734	2	recalled	16.8821
734	3	that	3.25558
734	4	the	3.21199
734	5	woman	10.5414
734	6	said	9.96008
734	7	she	6.23329
734	8	thought	5.99716
734	9	she	4.11707
734	10	knew	10.7008
734	11	the	5.35757
734	12	millionaire	16.6274
734	13	divorced	15.8816
734	14	his	4.78035
734	15	wife	1.84415
734	16	last	14.8866
734	17	week	7.67921
734	18	.	3.59506
734	19	</s>	24.2368
735	1	we	10.0475
735	2	recalled	16.8821
735	3	who	11.9121
735	4	the	8.96323
735	5	woman	7.80189
735	6	said	10.4705
735	7	she	6.23329
735	8	thought	5.99716
735	9	she	4.11707
735	10	knew	10.7008
735	11	the	5.35757
735	12	millionaire	16.6274
735	13	divorced	15.8816
735	14	last	14.9841
735	15	week	7.67921
735	16	.	3.59506
735	17	</s>	24.2368
736	1	we	10.0475
736	2	recalled	16.8821
736	3	who	11.9121
736	4	the	8.96323
736	5	woman	7.80189
736	6	said	10.4705
736	7	she	6.23329
736	8	thought	5.99716
736	9	she	4.11707
736	10	knew	10.7008
736	11	the	5.35757
736	12	millionaire	16.6274
736	13	divorced	15.8816
736	14	his	4.78035
736	15	wife	1.84415
736	16	last	14.8866
736	17	week	7.67921
736	18	.	3.59506
736	19	</s>	24.2368
737	1	we	10.0475
737	2	recalled	16.8821
737	3	that	3.25558
737	4	the	3.21199
737	5	woman	10.5414
737	6	said	9.96008
737	7	she	6.23329
737	8	thought	5.99716
737	9	she	4.11707
737	10	knew	10.7008
737	11	he	4.89328
737	12	saw	9.98255
737	13	the	4.16645
737	14	millionaire	17.2698
737	15	divorced	15.8816
737	16	last	14.9841
737	17	week	7.67921
737	18	.	3.59506
737	19	</s>	24.2368
738	1	we	10.0475
738	2	recalled	16.8821
738	3	that	3.25558
738	4	the	3.21199
738	5	woman	10.5414
738	6	said	9.96008
738	7	she	6.23329
738	8	thought	5.99716
738	9	she	4.11707
738	10	knew	10.7008
738	11	he	4.89328
738	12	saw	9.98255
738	13	the	4.16645
738	14	millionaire	17.2698
738	15	divorced	15.8816
738	16	his	4.78035
738	17	wife	1.84415
738	18	last	14.8866
738	19	week	7.67921
738	20	.	3.59506
738	21	</s>	24.2368
739	1	we	10.0475
739	2	recalled	16.8821
739	3	who	11.9121
739	4	the	8.96323
739	5	woman	7.80189
739	6	said	10.4705
739	7	she	6.23329
739	8	thought	5.99716
739	9	she	4.11707
739	10	knew	10.7008
739	11	he	4.89328
739	12	saw	9.98255
739	13	the	4.16645
739	14	millionaire	17.2698
739	15	divorced	15.8816
739	16	last	14.9841
739	17	week	7.67921
739	18	.	3.59506
739	19	</s>	24.2368
740	1	we	10.0475
740	2	recalled	16.8821
740	3	who	11.9121
740	4	the	8.96323
740	5	woman	7.80189
740	6	said	10.4705
740	7	she	6.23329
740	8	thought	5.99716
740	9	she	4.11707
740	10	knew	10.7008
740	11	he	4.89328
740	12	saw	9.98255
740	13	the	4.16645
740	14	millionaire	17.2698
740	15	divorced	15.8816
740	16	his	4.78035
740	17	wife	1.84415
740	18	last	14.8866
740	19	week	7.67921
740	20	.	3.59506
740	21	</s>	24.2368
741	1	he	4.43708
741	2	recalled	11.3595
741	3	that	2.12319
741	4	the	4.22693
741	5	police	9.65063
741	6	frightened	18.8026
741	7	over	11.0506
741	8	the	2.86856
741	9	weekend	8.93594
741	10	.	1.76059
741	11	</s>	25.3093
742	1	he	4.43708
742	2	recalled	11.3595
742	3	that	2.12319
742	4	the	4.22693
742	5	police	9.65063
742	6	frightened	18.8026
742	7	the	5.29302
742	8	protesters	14.1263
742	9	over	11.1971
742	10	the	2.86856
742	11	weekend	8.93594
742	12	.	1.76059
742	13	</s>	25.3093
743	1	he	4.43708
743	2	recalled	11.3595
743	3	who	12.7182
743	4	the	8.96323
743	5	police	11.3625
743	6	frightened	18.1452
743	7	over	11.0506
743	8	the	2.86856
743	9	weekend	8.93594
743	10	.	1.76059
743	11	</s>	25.3093
744	1	he	4.43708
744	2	recalled	11.3595
744	3	who	12.7182
744	4	the	8.96323
744	5	police	11.3625
744	6	frightened	18.1452
744	7	the	5.29302
744	8	protesters	14.1263
744	9	over	11.1971
744	10	the	2.86856
744	11	weekend	8.93594
744	12	.	1.76059
744	13	</s>	25.3093
745	1	he	4.43708
745	2	recalled	11.3595
745	3	that	2.12319
745	4	the	4.22693
745	5	inspector	15.6967
745	6	believed	13.9192
745	7	the	3.87627
745	8	police	11.245
745	9	frightened	18.1452
745	10	over	11.0506
745	11	the	2.86856
745	12	weekend	8.93594
745	13	.	1.76059
745	14	</s>	25.3093
746	1	he	4.43708
746	2	recalled	11.3595
746	3	that	2.12319
746	4	the	4.22693
746	5	inspector	15.6967
746	6	believed	13.9192
746	7	the	3.87627
746	8	police	11.245
746	9	frightened	18.1452
746	10	the	5.29302
746	11	protesters	14.1263
746	12	over	11.1971
746	13	the	2.86856
746	14	weekend	8.93594
746	15	.	1.76059
746	16	</s>	25.3093
747	1	he	4.43708
747	2	recalled	11.3595
747	3	who	12.7182
747	4	the	8.96323
747	5	inspector	15.2768
747	6	believed	13.9192
747	7	the	3.87627
747	8	police	11.245
747	9	frightened	18.1452
747	10	over	11.0506
747	11	the	2.86856
747	12	weekend	8.93594
747	13	.	1.76059
747	14	</s>	25.3093
748	1	he	4.43708
748	2	recalled	11.3595
748	3	who	12.7182
748	4	the	8.96323
748	5	inspector	15.2768
748	6	believed	13.9192
748	7	the	3.87627
748	8	police	11.245
748	9	frightened	18.1452
748	10	the	5.29302
748	11	protesters	14.1263
748	12	over	11.1971
748	13	the	2.86856
748	14	weekend	8.93594
748	15	.	1.76059
748	16	</s>	25.3093
749	1	he	4.43708
749	2	recalled	11.3595
749	3	that	2.12319
749	4	the	4.22693
749	5	inspector	15.6967
749	6	believed	13.9192
749	7	the	3.87627
749	8	detective	14.3243
749	9	concluded	14.5199
749	10	the	4.38232
749	11	police	11.2572
749	12	frightened	18.1452
749	13	over	11.0506
749	14	the	2.86856
749	15	weekend	8.93594
749	16	.	1.76059
749	17	</s>	25.3093
750	1	he	4.43708
750	2	recalled	11.3595
750	3	that	2.12319
750	4	the	4.22693
750	5	inspector	15.6967
750	6	believed	13.9192
750	7	the	3.87627
750	8	detective	14.3243
750	9	concluded	14.5199
750	10	the	4.38232
750	11	police	11.2572
750	12	frightened	18.1452
750	13	the	5.29302
750	14	protesters	14.1263
750	15	over	11.1971
750	16	the	2.86856
750	17	weekend	8.93594
750	18	.	1.76059
750	19	</s>	25.3093
751	1	he	4.43708
751	2	recalled	11.3595
751	3	who	12.7182
751	4	the	8.96323
751	5	inspector	15.2768
751	6	believed	13.9192
751	7	the	3.87627
751	8	detective	14.3243
751	9	concluded	14.5199
751	10	the	4.38232
751	11	police	11.2572
751	12	frightened	18.1452
751	13	over	11.0506
751	14	the	2.86856
751	15	weekend	8.93594
751	16	.	1.76059
751	17	</s>	25.3093
752	1	he	4.43708
752	2	recalled	11.3595
752	3	who	12.7182
752	4	the	8.96323
752	5	inspector	15.2768
752	6	believed	13.9192
752	7	the	3.87627
752	8	detective	14.3243
752	9	concluded	14.5199
752	10	the	4.38232
752	11	police	11.2572
752	12	frightened	18.1452
752	13	the	5.29302
752	14	protesters	14.1263
752	15	over	11.1971
752	16	the	2.86856
752	17	weekend	8.93594
752	18	.	1.76059
752	19	</s>	25.3093
753	1	he	4.43708
753	2	recalled	11.3595
753	3	that	2.12319
753	4	the	4.22693
753	5	inspector	15.6967
753	6	believed	13.9192
753	7	the	3.87627
753	8	detective	14.3243
753	9	concluded	14.5199
753	10	he	7.37569
753	11	knew	9.68907
753	12	the	5.05217
753	13	police	11.2271
753	14	frightened	18.1452
753	15	over	11.0506
753	16	the	2.86856
753	17	weekend	8.93594
753	18	.	1.76059
753	19	</s>	25.3093
754	1	he	4.43708
754	2	recalled	11.3595
754	3	that	2.12319
754	4	the	4.22693
754	5	inspector	15.6967
754	6	believed	13.9192
754	7	the	3.87627
754	8	detective	14.3243
754	9	concluded	14.5199
754	10	he	7.37569
754	11	knew	9.68907
754	12	the	5.05217
754	13	police	11.2271
754	14	frightened	18.1452
754	15	the	5.29302
754	16	protesters	14.1263
754	17	over	11.1971
754	18	the	2.86856
754	19	weekend	8.93594
754	20	.	1.76059
754	21	</s>	25.3093
755	1	he	4.43708
755	2	recalled	11.3595
755	3	who	12.7182
755	4	the	8.96323
755	5	inspector	15.2768
755	6	believed	13.9192
755	7	the	3.87627
755	8	detective	14.3243
755	9	concluded	14.5199
755	10	he	7.37569
755	11	knew	9.68907
755	12	the	5.05217
755	13	police	11.2271
755	14	frightened	18.1452
755	15	over	11.0506
755	16	the	2.86856
755	17	weekend	8.93594
755	18	.	1.76059
755	19	</s>	25.3093
756	1	he	4.43708
756	2	recalled	11.3595
756	3	who	12.7182
756	4	the	8.96323
756	5	inspector	15.2768
756	6	believed	13.9192
756	7	the	3.87627
756	8	detective	14.3243
756	9	concluded	14.5199
756	10	he	7.37569
756	11	knew	9.68907
756	12	the	5.05217
756	13	police	11.2271
756	14	frightened	18.1452
756	15	the	5.29302
756	16	protesters	14.1263
756	17	over	11.1971
756	18	the	2.86856
756	19	weekend	8.93594
756	20	.	1.76059
756	21	</s>	25.3093
757	1	he	4.43708
757	2	recalled	11.3595
757	3	that	2.12319
757	4	the	4.22693
757	5	inspector	15.6967
757	6	believed	13.9192
757	7	the	3.87627
757	8	detective	14.3243
757	9	concluded	14.5199
757	10	he	7.37569
757	11	knew	9.68907
757	12	the	5.05217
757	13	witness	13.9357
757	14	saw	11.7805
757	15	the	2.9593
757	16	police	11.8085
757	17	frightened	18.1452
757	18	over	11.0506
757	19	the	2.86856
757	20	weekend	8.93594
757	21	.	1.76059
757	22	</s>	25.3093
758	1	he	4.43708
758	2	recalled	11.3595
758	3	that	2.12319
758	4	the	4.22693
758	5	inspector	15.6967
758	6	believed	13.9192
758	7	the	3.87627
758	8	detective	14.3243
758	9	concluded	14.5199
758	10	he	7.37569
758	11	knew	9.68907
758	12	the	5.05217
758	13	witness	13.9357
758	14	saw	11.7805
758	15	the	2.9593
758	16	police	11.8085
758	17	frightened	18.1452
758	18	the	5.29302
758	19	protesters	14.1263
758	20	over	11.1971
758	21	the	2.86856
758	22	weekend	8.93594
758	23	.	1.76059
758	24	</s>	25.3093
759	1	he	4.43708
759	2	recalled	11.3595
759	3	who	12.7182
759	4	the	8.96323
759	5	inspector	15.2768
759	6	believed	13.9192
759	7	the	3.87627
759	8	detective	14.3243
759	9	concluded	14.5199
759	10	he	7.37569
759	11	knew	9.68907
759	12	the	5.05217
759	13	witness	13.9357
759	14	saw	11.7805
759	15	the	2.9593
759	16	police	11.8085
759	17	frightened	18.1452
759	18	over	11.0506
759	19	the	2.86856
759	20	weekend	8.93594
759	21	.	1.76059
759	22	</s>	25.3093
760	1	he	4.43708
760	2	recalled	11.3595
760	3	who	12.7182
760	4	the	8.96323
760	5	inspector	15.2768
760	6	believed	13.9192
760	7	the	3.87627
760	8	detective	14.3243
760	9	concluded	14.5199
760	10	he	7.37569
760	11	knew	9.68907
760	12	the	5.05217
760	13	witness	13.9357
760	14	saw	11.7805
760	15	the	2.9593
760	16	police	11.8085
760	17	frightened	18.1452
760	18	the	5.29302
760	19	protesters	14.1263
760	20	over	11.1971
760	21	the	2.86856
760	22	weekend	8.93594
760	23	.	1.76059
760	24	</s>	25.3093
761	1	i	8.92268
761	2	know	6.35939
761	3	that	3.01867
761	4	the	4.26664
761	5	spy	15.9081
761	6	assassinated	18.1423
761	7	yesterday	17.4029
761	8	night	15.1951
761	9	.	4.95414
761	10	</s>	28.3898
762	1	i	8.92268
762	2	know	6.35939
762	3	that	3.01867
762	4	the	4.26664
762	5	spy	15.9081
762	6	assassinated	18.1423
762	7	the	5.07255
762	8	politician	15.6277
762	9	yesterday	18.318
762	10	night	15.1951
762	11	.	4.95414
762	12	</s>	28.3898
763	1	i	8.92268
763	2	know	6.35939
763	3	who	6.55265
763	4	the	5.15736
763	5	spy	15.5098
763	6	assassinated	18.1423
763	7	yesterday	17.4029
763	8	night	15.1951
763	9	.	4.95414
763	10	</s>	28.3898
764	1	i	8.92268
764	2	know	6.35939
764	3	who	6.55265
764	4	the	5.15736
764	5	spy	15.5098
764	6	assassinated	18.1423
764	7	the	5.07255
764	8	politician	15.6277
764	9	yesterday	18.318
764	10	night	15.1951
764	11	.	4.95414
764	12	</s>	28.3898
765	1	i	8.92268
765	2	know	6.35939
765	3	that	3.01867
765	4	the	4.26664
765	5	agent	12.9434
765	6	thought	14.1393
765	7	the	4.36895
765	8	spy	15.4613
765	9	assassinated	18.1423
765	10	yesterday	17.4029
765	11	night	15.1951
765	12	.	4.95414
765	13	</s>	28.3898
766	1	i	8.92268
766	2	know	6.35939
766	3	that	3.01867
766	4	the	4.26664
766	5	agent	12.9434
766	6	thought	14.1393
766	7	the	4.36895
766	8	spy	15.4613
766	9	assassinated	18.1423
766	10	the	5.07255
766	11	politician	15.6277
766	12	yesterday	18.318
766	13	night	15.1951
766	14	.	4.95414
766	15	</s>	28.3898
767	1	i	8.92268
767	2	know	6.35939
767	3	who	6.55265
767	4	the	5.15736
767	5	agent	13.4316
767	6	thought	14.1393
767	7	the	4.36895
767	8	spy	15.4613
767	9	assassinated	18.1423
767	10	yesterday	17.4029
767	11	night	15.1951
767	12	.	4.95414
767	13	</s>	28.3898
768	1	i	8.92268
768	2	know	6.35939
768	3	who	6.55265
768	4	the	5.15736
768	5	agent	13.4316
768	6	thought	14.1393
768	7	the	4.36895
768	8	spy	15.4613
768	9	assassinated	18.1423
768	10	the	5.07255
768	11	politician	15.6277
768	12	yesterday	18.318
768	13	night	15.1951
768	14	.	4.95414
768	15	</s>	28.3898
769	1	i	8.92268
769	2	know	6.35939
769	3	that	3.01867
769	4	the	4.26664
769	5	agent	12.9434
769	6	thought	14.1393
769	7	the	4.36895
769	8	witness	14.1068
769	9	said	7.19067
769	10	the	4.51155
769	11	spy	15.6082
769	12	assassinated	18.1423
769	13	yesterday	17.4029
769	14	night	15.1951
769	15	.	4.95414
769	16	</s>	28.3898
770	1	i	8.92268
770	2	know	6.35939
770	3	that	3.01867
770	4	the	4.26664
770	5	agent	12.9434
770	6	thought	14.1393
770	7	the	4.36895
770	8	witness	14.1068
770	9	said	7.19067
770	10	the	4.51155
770	11	spy	15.6082
770	12	assassinated	18.1423
770	13	the	5.07255
770	14	politician	15.6277
770	15	yesterday	18.318
770	16	night	15.1951
770	17	.	4.95414
770	18	</s>	28.3898
771	1	i	8.92268
771	2	know	6.35939
771	3	who	6.55265
771	4	the	5.15736
771	5	agent	13.4316
771	6	thought	14.1393
771	7	the	4.36895
771	8	witness	14.1068
771	9	said	7.19067
771	10	the	4.51155
771	11	spy	15.6082
771	12	assassinated	18.1423
771	13	yesterday	17.4029
771	14	night	15.1951
771	15	.	4.95414
771	16	</s>	28.3898
772	1	i	8.92268
772	2	know	6.35939
772	3	who	6.55265
772	4	the	5.15736
772	5	agent	13.4316
772	6	thought	14.1393
772	7	the	4.36895
772	8	witness	14.1068
772	9	said	7.19067
772	10	the	4.51155
772	11	spy	15.6082
772	12	assassinated	18.1423
772	13	the	5.07255
772	14	politician	15.6277
772	15	yesterday	18.318
772	16	night	15.1951
772	17	.	4.95414
772	18	</s>	28.3898
773	1	i	8.92268
773	2	know	6.35939
773	3	that	3.01867
773	4	the	4.26664
773	5	agent	12.9434
773	6	thought	14.1393
773	7	the	4.36895
773	8	witness	14.1068
773	9	said	7.19067
773	10	he	4.20515
773	11	knew	7.46001
773	12	the	3.1432
773	13	spy	15.2902
773	14	assassinated	18.1423
773	15	yesterday	17.4029
773	16	night	15.1951
773	17	.	4.95414
773	18	</s>	28.3898
774	1	i	8.92268
774	2	know	6.35939
774	3	that	3.01867
774	4	the	4.26664
774	5	agent	12.9434
774	6	thought	14.1393
774	7	the	4.36895
774	8	witness	14.1068
774	9	said	7.19067
774	10	he	4.20515
774	11	knew	7.46001
774	12	the	3.1432
774	13	spy	15.2902
774	14	assassinated	18.1423
774	15	the	5.07255
774	16	politician	15.6277
774	17	yesterday	18.318
774	18	night	15.1951
774	19	.	4.95414
774	20	</s>	28.3898
775	1	i	8.92268
775	2	know	6.35939
775	3	who	6.55265
775	4	the	5.15736
775	5	agent	13.4316
775	6	thought	14.1393
775	7	the	4.36895
775	8	witness	14.1068
775	9	said	7.19067
775	10	he	4.20515
775	11	knew	7.46001
775	12	the	3.1432
775	13	spy	15.2902
775	14	assassinated	18.1423
775	15	yesterday	17.4029
775	16	night	15.1951
775	17	.	4.95414
775	18	</s>	28.3898
776	1	i	8.92268
776	2	know	6.35939
776	3	who	6.55265
776	4	the	5.15736
776	5	agent	13.4316
776	6	thought	14.1393
776	7	the	4.36895
776	8	witness	14.1068
776	9	said	7.19067
776	10	he	4.20515
776	11	knew	7.46001
776	12	the	3.1432
776	13	spy	15.2902
776	14	assassinated	18.1423
776	15	the	5.07255
776	16	politician	15.6277
776	17	yesterday	18.318
776	18	night	15.1951
776	19	.	4.95414
776	20	</s>	28.3898
777	1	i	8.92268
777	2	know	6.35939
777	3	that	3.01867
777	4	the	4.26664
777	5	agent	12.9434
777	6	thought	14.1393
777	7	the	4.36895
777	8	witness	14.1068
777	9	said	7.19067
777	10	he	4.20515
777	11	knew	7.46001
777	12	the	3.1432
777	13	man	11.3207
777	14	noticed	16.596
777	15	the	3.60056
777	16	spy	15.2202
777	17	assassinated	18.1423
777	18	yesterday	17.4029
777	19	night	15.1951
777	20	.	4.95414
777	21	</s>	28.3898
778	1	i	8.92268
778	2	know	6.35939
778	3	that	3.01867
778	4	the	4.26664
778	5	agent	12.9434
778	6	thought	14.1393
778	7	the	4.36895
778	8	witness	14.1068
778	9	said	7.19067
778	10	he	4.20515
778	11	knew	7.46001
778	12	the	3.1432
778	13	man	11.3207
778	14	noticed	16.596
778	15	the	3.60056
778	16	spy	15.2202
778	17	assassinated	18.1423
778	18	the	5.07255
778	19	politician	15.6277
778	20	yesterday	18.318
778	21	night	15.1951
778	22	.	4.95414
778	23	</s>	28.3898
779	1	i	8.92268
779	2	know	6.35939
779	3	who	6.55265
779	4	the	5.15736
779	5	agent	13.4316
779	6	thought	14.1393
779	7	the	4.36895
779	8	witness	14.1068
779	9	said	7.19067
779	10	he	4.20515
779	11	knew	7.46001
779	12	the	3.1432
779	13	man	11.3207
779	14	noticed	16.596
779	15	the	3.60056
779	16	spy	15.2202
779	17	assassinated	18.1423
779	18	yesterday	17.4029
779	19	night	15.1951
779	20	.	4.95414
779	21	</s>	28.3898
780	1	i	8.92268
780	2	know	6.35939
780	3	who	6.55265
780	4	the	5.15736
780	5	agent	13.4316
780	6	thought	14.1393
780	7	the	4.36895
780	8	witness	14.1068
780	9	said	7.19067
780	10	he	4.20515
780	11	knew	7.46001
780	12	the	3.1432
780	13	man	11.3207
780	14	noticed	16.596
780	15	the	3.60056
780	16	spy	15.2202
780	17	assassinated	18.1423
780	18	the	5.07255
780	19	politician	15.6277
780	20	yesterday	18.318
780	21	night	15.1951
780	22	.	4.95414
780	23	</s>	28.3898
781	1	you	11.5115
781	2	know	4.15838
781	3	that	6.24274
781	4	the	3.3901
781	5	firefighter	20.0026
781	6	greeted	16.9986
781	7	on	9.97709
781	8	the	3.74276
781	9	sidewalk	11.9557
781	10	.	1.84574
781	11	</s>	25.1838
782	1	you	11.5115
782	2	know	4.15838
782	3	that	6.24274
782	4	the	3.3901
782	5	firefighter	20.0026
782	6	greeted	16.9986
782	7	the	2.94363
782	8	teacher	13.441
782	9	on	8.39577
782	10	the	1.41003
782	11	sidewalk	11.9557
782	12	.	1.84574
782	13	</s>	25.1838
783	1	you	11.5115
783	2	know	4.15838
783	3	who	5.97772
783	4	the	5.26981
783	5	firefighter	19.6043
783	6	greeted	16.9986
783	7	on	9.97709
783	8	the	3.74276
783	9	sidewalk	11.9557
783	10	.	1.84574
783	11	</s>	25.1838
784	1	you	11.5115
784	2	know	4.15838
784	3	who	5.97772
784	4	the	5.26981
784	5	firefighter	19.6043
784	6	greeted	16.9986
784	7	the	2.94363
784	8	teacher	13.441
784	9	on	8.39577
784	10	the	1.41003
784	11	sidewalk	11.9557
784	12	.	1.84574
784	13	</s>	25.1838
785	1	you	11.5115
785	2	know	4.15838
785	3	that	6.24274
785	4	the	3.3901
785	5	woman	10.6041
785	6	reported	13.9101
785	7	the	4.76018
785	8	firefighter	19.6552
785	9	greeted	16.9986
785	10	on	9.97709
785	11	the	3.74276
785	12	sidewalk	11.9557
785	13	.	1.84574
785	14	</s>	25.1838
786	1	you	11.5115
786	2	know	4.15838
786	3	that	6.24274
786	4	the	3.3901
786	5	woman	10.6041
786	6	reported	13.9101
786	7	the	4.76018
786	8	firefighter	19.6552
786	9	greeted	16.9986
786	10	the	2.94363
786	11	teacher	13.441
786	12	on	8.39577
786	13	the	1.41003
786	14	sidewalk	11.9557
786	15	.	1.84574
786	16	</s>	25.1838
787	1	you	11.5115
787	2	know	4.15838
787	3	who	5.97772
787	4	the	5.26981
787	5	woman	7.88614
787	6	reported	14.4206
787	7	the	4.76018
787	8	firefighter	19.6552
787	9	greeted	16.9986
787	10	on	9.97709
787	11	the	3.74276
787	12	sidewalk	11.9557
787	13	.	1.84574
787	14	</s>	25.1838
788	1	you	11.5115
788	2	know	4.15838
788	3	who	5.97772
788	4	the	5.26981
788	5	woman	7.88614
788	6	reported	14.4206
788	7	the	4.76018
788	8	firefighter	19.6552
788	9	greeted	16.9986
788	10	the	2.94363
788	11	teacher	13.441
788	12	on	8.39577
788	13	the	1.41003
788	14	sidewalk	11.9557
788	15	.	1.84574
788	16	</s>	25.1838
789	1	you	11.5115
789	2	know	4.15838
789	3	that	6.24274
789	4	the	3.3901
789	5	woman	10.6041
789	6	reported	13.9101
789	7	the	4.76018
789	8	neighbors	15.9824
789	9	believed	13.7188
789	10	the	3.87627
789	11	firefighter	19.4026
789	12	greeted	16.9986
789	13	on	9.97709
789	14	the	3.74276
789	15	sidewalk	11.9557
789	16	.	1.84574
789	17	</s>	25.1838
790	1	you	11.5115
790	2	know	4.15838
790	3	that	6.24274
790	4	the	3.3901
790	5	woman	10.6041
790	6	reported	13.9101
790	7	the	4.76018
790	8	neighbors	15.9824
790	9	believed	13.7188
790	10	the	3.87627
790	11	firefighter	19.4026
790	12	greeted	16.9986
790	13	the	2.94363
790	14	teacher	13.441
790	15	on	8.39577
790	16	the	1.41003
790	17	sidewalk	11.9557
790	18	.	1.84574
790	19	</s>	25.1838
791	1	you	11.5115
791	2	know	4.15838
791	3	who	5.97772
791	4	the	5.26981
791	5	woman	7.88614
791	6	reported	14.4206
791	7	the	4.76018
791	8	neighbors	15.9824
791	9	believed	13.7188
791	10	the	3.87627
791	11	firefighter	19.4026
791	12	greeted	16.9986
791	13	on	9.97709
791	14	the	3.74276
791	15	sidewalk	11.9557
791	16	.	1.84574
791	17	</s>	25.1838
792	1	you	11.5115
792	2	know	4.15838
792	3	who	5.97772
792	4	the	5.26981
792	5	woman	7.88614
792	6	reported	14.4206
792	7	the	4.76018
792	8	neighbors	15.9824
792	9	believed	13.7188
792	10	the	3.87627
792	11	firefighter	19.4026
792	12	greeted	16.9986
792	13	the	2.94363
792	14	teacher	13.441
792	15	on	8.39577
792	16	the	1.41003
792	17	sidewalk	11.9557
792	18	.	1.84574
792	19	</s>	25.1838
793	1	you	11.5115
793	2	know	4.15838
793	3	that	6.24274
793	4	the	3.3901
793	5	woman	10.6041
793	6	reported	13.9101
793	7	the	4.76018
793	8	neighbors	15.9824
793	9	believed	13.7188
793	10	they	5.84129
793	11	knew	11.1134
793	12	the	4.155
793	13	firefighter	19.406
793	14	greeted	16.9986
793	15	on	9.97709
793	16	the	3.74276
793	17	sidewalk	11.9557
793	18	.	1.84574
793	19	</s>	25.1838
794	1	you	11.5115
794	2	know	4.15838
794	3	that	6.24274
794	4	the	3.3901
794	5	woman	10.6041
794	6	reported	13.9101
794	7	the	4.76018
794	8	neighbors	15.9824
794	9	believed	13.7188
794	10	they	5.84129
794	11	knew	11.1134
794	12	the	4.155
794	13	firefighter	19.406
794	14	greeted	16.9986
794	15	the	2.94363
794	16	teacher	13.441
794	17	on	8.39577
794	18	the	1.41003
794	19	sidewalk	11.9557
794	20	.	1.84574
794	21	</s>	25.1838
795	1	you	11.5115
795	2	know	4.15838
795	3	who	5.97772
795	4	the	5.26981
795	5	woman	7.88614
795	6	reported	14.4206
795	7	the	4.76018
795	8	neighbors	15.9824
795	9	believed	13.7188
795	10	they	5.84129
795	11	knew	11.1134
795	12	the	4.155
795	13	firefighter	19.406
795	14	greeted	16.9986
795	15	on	9.97709
795	16	the	3.74276
795	17	sidewalk	11.9557
795	18	.	1.84574
795	19	</s>	25.1838
796	1	you	11.5115
796	2	know	4.15838
796	3	who	5.97772
796	4	the	5.26981
796	5	woman	7.88614
796	6	reported	14.4206
796	7	the	4.76018
796	8	neighbors	15.9824
796	9	believed	13.7188
796	10	they	5.84129
796	11	knew	11.1134
796	12	the	4.155
796	13	firefighter	19.406
796	14	greeted	16.9986
796	15	the	2.94363
796	16	teacher	13.441
796	17	on	8.39577
796	18	the	1.41003
796	19	sidewalk	11.9557
796	20	.	1.84574
796	21	</s>	25.1838
797	1	you	11.5115
797	2	know	4.15838
797	3	that	6.24274
797	4	the	3.3901
797	5	woman	10.6041
797	6	reported	13.9101
797	7	the	4.76018
797	8	neighbors	15.9824
797	9	believed	13.7188
797	10	they	5.84129
797	11	knew	11.1134
797	12	they	4.87517
797	13	saw	10.7085
797	14	the	3.24456
797	15	firefighter	20.0485
797	16	greeted	16.9986
797	17	on	9.97709
797	18	the	3.74276
797	19	sidewalk	11.9557
797	20	.	1.84574
797	21	</s>	25.1838
798	1	you	11.5115
798	2	know	4.15838
798	3	that	6.24274
798	4	the	3.3901
798	5	woman	10.6041
798	6	reported	13.9101
798	7	the	4.76018
798	8	neighbors	15.9824
798	9	believed	13.7188
798	10	they	5.84129
798	11	knew	11.1134
798	12	they	4.87517
798	13	saw	10.7085
798	14	the	3.24456
798	15	firefighter	20.0485
798	16	greeted	16.9986
798	17	the	2.94363
798	18	teacher	13.441
798	19	on	8.39577
798	20	the	1.41003
798	21	sidewalk	11.9557
798	22	.	1.84574
798	23	</s>	25.1838
799	1	you	11.5115
799	2	know	4.15838
799	3	who	5.97772
799	4	the	5.26981
799	5	woman	7.88614
799	6	reported	14.4206
799	7	the	4.76018
799	8	neighbors	15.9824
799	9	believed	13.7188
799	10	they	5.84129
799	11	knew	11.1134
799	12	they	4.87517
799	13	saw	10.7085
799	14	the	3.24456
799	15	firefighter	20.0485
799	16	greeted	16.9986
799	17	on	9.97709
799	18	the	3.74276
799	19	sidewalk	11.9557
799	20	.	1.84574
799	21	</s>	25.1838
800	1	you	11.5115
800	2	know	4.15838
800	3	who	5.97772
800	4	the	5.26981
800	5	woman	7.88614
800	6	reported	14.4206
800	7	the	4.76018
800	8	neighbors	15.9824
800	9	believed	13.7188
800	10	they	5.84129
800	11	knew	11.1134
800	12	they	4.87517
800	13	saw	10.7085
800	14	the	3.24456
800	15	firefighter	20.0485
800	16	greeted	16.9986
800	17	the	2.94363
800	18	teacher	13.441
800	19	on	8.39577
800	20	the	1.41003
800	21	sidewalk	11.9557
800	22	.	1.84574
800	23	</s>	25.1838
801	1	he	4.43708
801	2	knows	11.9494
801	3	that	2.7177
801	4	the	3.64053
801	5	mayor	11.6413
801	6	supported	11.9815
801	7	during	11.953
801	8	the	1.20198
801	9	town	12.7755
801	10	meeting	9.12265
801	11	.	4.50577
801	12	</s>	22.7871
802	1	he	4.43708
802	2	knows	11.9494
802	3	that	2.7177
802	4	the	3.64053
802	5	mayor	11.6413
802	6	supported	11.9815
802	7	the	2.92689
802	8	principal	12.6548
802	9	during	13.3868
802	10	the	1.9779
802	11	town	12.7755
802	12	meeting	9.12265
802	13	.	4.50577
802	14	</s>	22.7871
803	1	he	4.43708
803	2	knows	11.9494
803	3	who	8.10265
803	4	the	3.8854
803	5	mayor	12.5083
803	6	supported	12.0529
803	7	during	11.953
803	8	the	1.20198
803	9	town	12.7755
803	10	meeting	9.12265
803	11	.	4.50577
803	12	</s>	22.7871
804	1	he	4.43708
804	2	knows	11.9494
804	3	who	8.10265
804	4	the	3.8854
804	5	mayor	12.5083
804	6	supported	12.0529
804	7	the	2.92689
804	8	principal	12.6548
804	9	during	13.3868
804	10	the	1.9779
804	11	town	12.7755
804	12	meeting	9.12265
804	13	.	4.50577
804	14	</s>	22.7871
805	1	he	4.43708
805	2	knows	11.9494
805	3	that	2.7177
805	4	the	3.64053
805	5	politician	16.0631
805	6	believed	14.3727
805	7	the	3.87627
805	8	mayor	12.3908
805	9	supported	12.0529
805	10	during	11.953
805	11	the	1.20198
805	12	town	12.7755
805	13	meeting	9.12265
805	14	.	4.50577
805	15	</s>	22.7871
806	1	he	4.43708
806	2	knows	11.9494
806	3	that	2.7177
806	4	the	3.64053
806	5	politician	16.0631
806	6	believed	14.3727
806	7	the	3.87627
806	8	mayor	12.3908
806	9	supported	12.0529
806	10	the	2.92689
806	11	principal	12.6548
806	12	during	13.3868
806	13	the	1.9779
806	14	town	12.7755
806	15	meeting	9.12265
806	16	.	4.50577
806	17	</s>	22.7871
807	1	he	4.43708
807	2	knows	11.9494
807	3	who	8.10265
807	4	the	3.8854
807	5	politician	15.7789
807	6	believed	14.3727
807	7	the	3.87627
807	8	mayor	12.3908
807	9	supported	12.0529
807	10	during	11.953
807	11	the	1.20198
807	12	town	12.7755
807	13	meeting	9.12265
807	14	.	4.50577
807	15	</s>	22.7871
808	1	he	4.43708
808	2	knows	11.9494
808	3	who	8.10265
808	4	the	3.8854
808	5	politician	15.7789
808	6	believed	14.3727
808	7	the	3.87627
808	8	mayor	12.3908
808	9	supported	12.0529
808	10	the	2.92689
808	11	principal	12.6548
808	12	during	13.3868
808	13	the	1.9779
808	14	town	12.7755
808	15	meeting	9.12265
808	16	.	4.50577
808	17	</s>	22.7871
809	1	he	4.43708
809	2	knows	11.9494
809	3	that	2.7177
809	4	the	3.64053
809	5	politician	16.0631
809	6	believed	14.3727
809	7	the	3.87627
809	8	donors	16.4383
809	9	said	12.612
809	10	the	4.51729
809	11	mayor	12.691
809	12	supported	12.0529
809	13	during	11.953
809	14	the	1.20198
809	15	town	12.7755
809	16	meeting	9.12265
809	17	.	4.50577
809	18	</s>	22.7871
810	1	he	4.43708
810	2	knows	11.9494
810	3	that	2.7177
810	4	the	3.64053
810	5	politician	16.0631
810	6	believed	14.3727
810	7	the	3.87627
810	8	donors	16.4383
810	9	said	12.612
810	10	the	4.51729
810	11	mayor	12.691
810	12	supported	12.0529
810	13	the	2.92689
810	14	principal	12.6548
810	15	during	13.3868
810	16	the	1.9779
810	17	town	12.7755
810	18	meeting	9.12265
810	19	.	4.50577
810	20	</s>	22.7871
811	1	he	4.43708
811	2	knows	11.9494
811	3	who	8.10265
811	4	the	3.8854
811	5	politician	15.7789
811	6	believed	14.3727
811	7	the	3.87627
811	8	donors	16.4383
811	9	said	12.612
811	10	the	4.51729
811	11	mayor	12.691
811	12	supported	12.0529
811	13	during	11.953
811	14	the	1.20198
811	15	town	12.7755
811	16	meeting	9.12265
811	17	.	4.50577
811	18	</s>	22.7871
812	1	he	4.43708
812	2	knows	11.9494
812	3	who	8.10265
812	4	the	3.8854
812	5	politician	15.7789
812	6	believed	14.3727
812	7	the	3.87627
812	8	donors	16.4383
812	9	said	12.612
812	10	the	4.51729
812	11	mayor	12.691
812	12	supported	12.0529
812	13	the	2.92689
812	14	principal	12.6548
812	15	during	13.3868
812	16	the	1.9779
812	17	town	12.7755
812	18	meeting	9.12265
812	19	.	4.50577
812	20	</s>	22.7871
813	1	he	4.43708
813	2	knows	11.9494
813	3	that	2.7177
813	4	the	3.64053
813	5	politician	16.0631
813	6	believed	14.3727
813	7	the	3.87627
813	8	donors	16.4383
813	9	said	12.612
813	10	they	5.73574
813	11	knew	8.5943
813	12	the	4.155
813	13	mayor	12.3942
813	14	supported	12.0529
813	15	during	11.953
813	16	the	1.20198
813	17	town	12.7755
813	18	meeting	9.12265
813	19	.	4.50577
813	20	</s>	22.7871
814	1	he	4.43708
814	2	knows	11.9494
814	3	that	2.7177
814	4	the	3.64053
814	5	politician	16.0631
814	6	believed	14.3727
814	7	the	3.87627
814	8	donors	16.4383
814	9	said	12.612
814	10	they	5.73574
814	11	knew	8.5943
814	12	the	4.155
814	13	mayor	12.3942
814	14	supported	12.0529
814	15	the	2.92689
814	16	principal	12.6548
814	17	during	13.3868
814	18	the	1.9779
814	19	town	12.7755
814	20	meeting	9.12265
814	21	.	4.50577
814	22	</s>	22.7871
815	1	he	4.43708
815	2	knows	11.9494
815	3	who	8.10265
815	4	the	3.8854
815	5	politician	15.7789
815	6	believed	14.3727
815	7	the	3.87627
815	8	donors	16.4383
815	9	said	12.612
815	10	they	5.73574
815	11	knew	8.5943
815	12	the	4.155
815	13	mayor	12.3942
815	14	supported	12.0529
815	15	during	11.953
815	16	the	1.20198
815	17	town	12.7755
815	18	meeting	9.12265
815	19	.	4.50577
815	20	</s>	22.7871
816	1	he	4.43708
816	2	knows	11.9494
816	3	who	8.10265
816	4	the	3.8854
816	5	politician	15.7789
816	6	believed	14.3727
816	7	the	3.87627
816	8	donors	16.4383
816	9	said	12.612
816	10	they	5.73574
816	11	knew	8.5943
816	12	the	4.155
816	13	mayor	12.3942
816	14	supported	12.0529
816	15	the	2.92689
816	16	principal	12.6548
816	17	during	13.3868
816	18	the	1.9779
816	19	town	12.7755
816	20	meeting	9.12265
816	21	.	4.50577
816	22	</s>	22.7871
817	1	he	4.43708
817	2	knows	11.9494
817	3	that	2.7177
817	4	the	3.64053
817	5	politician	16.0631
817	6	believed	14.3727
817	7	the	3.87627
817	8	donors	16.4383
817	9	said	12.612
817	10	they	5.73574
817	11	knew	8.5943
817	12	he	5.69014
817	13	noticed	12.8842
817	14	the	3.89328
817	15	mayor	12.3029
817	16	supported	12.0529
817	17	during	11.953
817	18	the	1.20198
817	19	town	12.7755
817	20	meeting	9.12265
817	21	.	4.50577
817	22	</s>	22.7871
818	1	he	4.43708
818	2	knows	11.9494
818	3	that	2.7177
818	4	the	3.64053
818	5	politician	16.0631
818	6	believed	14.3727
818	7	the	3.87627
818	8	donors	16.4383
818	9	said	12.612
818	10	they	5.73574
818	11	knew	8.5943
818	12	he	5.69014
818	13	noticed	12.8842
818	14	the	3.89328
818	15	mayor	12.3029
818	16	supported	12.0529
818	17	the	2.92689
818	18	principal	12.6548
818	19	during	13.3868
818	20	the	1.9779
818	21	town	12.7755
818	22	meeting	9.12265
818	23	.	4.50577
818	24	</s>	22.7871
819	1	he	4.43708
819	2	knows	11.9494
819	3	who	8.10265
819	4	the	3.8854
819	5	politician	15.7789
819	6	believed	14.3727
819	7	the	3.87627
819	8	donors	16.4383
819	9	said	12.612
819	10	they	5.73574
819	11	knew	8.5943
819	12	he	5.69014
819	13	noticed	12.8842
819	14	the	3.89328
819	15	mayor	12.3029
819	16	supported	12.0529
819	17	during	11.953
819	18	the	1.20198
819	19	town	12.7755
819	20	meeting	9.12265
819	21	.	4.50577
819	22	</s>	22.7871
820	1	he	4.43708
820	2	knows	11.9494
820	3	who	8.10265
820	4	the	3.8854
820	5	politician	15.7789
820	6	believed	14.3727
820	7	the	3.87627
820	8	donors	16.4383
820	9	said	12.612
820	10	they	5.73574
820	11	knew	8.5943
820	12	he	5.69014
820	13	noticed	12.8842
820	14	the	3.89328
820	15	mayor	12.3029
820	16	supported	12.0529
820	17	the	2.92689
820	18	principal	12.6548
820	19	during	13.3868
820	20	the	1.9779
820	21	town	12.7755
820	22	meeting	9.12265
820	23	.	4.50577
820	24	</s>	22.7871
821	1	she	6.52858
821	2	knows	11.9031
821	3	that	2.62183
821	4	the	3.70626
821	5	man	9.63939
821	6	congratulated	19.8886
821	7	after	10.4723
821	8	the	3.49999
821	9	ceremony	10.0624
821	10	.	3.56209
821	11	</s>	23.7244
822	1	she	6.52858
822	2	knows	11.9031
822	3	that	2.62183
822	4	the	3.70626
822	5	man	9.63939
822	6	congratulated	19.8886
822	7	the	3.5547
822	8	writer	12.9807
822	9	after	9.79877
822	10	the	3.49999
822	11	ceremony	10.0624
822	12	.	3.56209
822	13	</s>	23.7244
823	1	she	6.52858
823	2	knows	11.9031
823	3	who	6.14725
823	4	the	3.6838
823	5	man	6.8914
823	6	congratulated	19.8003
823	7	after	10.4723
823	8	the	3.49999
823	9	ceremony	10.0624
823	10	.	3.56209
823	11	</s>	23.7244
824	1	she	6.52858
824	2	knows	11.9031
824	3	who	6.14725
824	4	the	3.6838
824	5	man	6.8914
824	6	congratulated	19.8003
824	7	the	3.5547
824	8	writer	12.9807
824	9	after	9.79877
824	10	the	3.49999
824	11	ceremony	10.0624
824	12	.	3.56209
824	13	</s>	23.7244
825	1	she	6.52858
825	2	knows	11.9031
825	3	that	2.62183
825	4	the	3.70626
825	5	woman	10.5893
825	6	said	9.96008
825	7	the	4.76385
825	8	man	9.44883
825	9	congratulated	19.378
825	10	after	10.4723
825	11	the	3.49999
825	12	ceremony	10.0624
825	13	.	3.56209
825	14	</s>	23.7244
826	1	she	6.52858
826	2	knows	11.9031
826	3	that	2.62183
826	4	the	3.70626
826	5	woman	10.5893
826	6	said	9.96008
826	7	the	4.76385
826	8	man	9.44883
826	9	congratulated	19.378
826	10	the	3.5547
826	11	writer	12.9807
826	12	after	9.79877
826	13	the	3.49999
826	14	ceremony	10.0624
826	15	.	3.56209
826	16	</s>	23.7244
827	1	she	6.52858
827	2	knows	11.9031
827	3	who	6.14725
827	4	the	3.6838
827	5	woman	7.80189
827	6	said	10.4705
827	7	the	4.76385
827	8	man	9.44883
827	9	congratulated	19.378
827	10	after	10.4723
827	11	the	3.49999
827	12	ceremony	10.0624
827	13	.	3.56209
827	14	</s>	23.7244
828	1	she	6.52858
828	2	knows	11.9031
828	3	who	6.14725
828	4	the	3.6838
828	5	woman	7.80189
828	6	said	10.4705
828	7	the	4.76385
828	8	man	9.44883
828	9	congratulated	19.378
828	10	the	3.5547
828	11	writer	12.9807
828	12	after	9.79877
828	13	the	3.49999
828	14	ceremony	10.0624
828	15	.	3.56209
828	16	</s>	23.7244
829	1	she	6.52858
829	2	knows	11.9031
829	3	that	2.62183
829	4	the	3.70626
829	5	woman	10.5893
829	6	said	9.96008
829	7	her	8.80805
829	8	friend	9.53134
829	9	believed	13.6711
829	10	the	3.87627
829	11	man	11.3386
829	12	congratulated	19.378
829	13	after	10.4723
829	14	the	3.49999
829	15	ceremony	10.0624
829	16	.	3.56209
829	17	</s>	23.7244
830	1	she	6.52858
830	2	knows	11.9031
830	3	that	2.62183
830	4	the	3.70626
830	5	woman	10.5893
830	6	said	9.96008
830	7	her	8.80805
830	8	friend	9.53134
830	9	believed	13.6711
830	10	the	3.87627
830	11	man	11.3386
830	12	congratulated	19.378
830	13	the	3.5547
830	14	writer	12.9807
830	15	after	9.79877
830	16	the	3.49999
830	17	ceremony	10.0624
830	18	.	3.56209
830	19	</s>	23.7244
831	1	she	6.52858
831	2	knows	11.9031
831	3	who	6.14725
831	4	the	3.6838
831	5	woman	7.80189
831	6	said	10.4705
831	7	her	8.80805
831	8	friend	9.53134
831	9	believed	13.6711
831	10	the	3.87627
831	11	man	11.3386
831	12	congratulated	19.378
831	13	after	10.4723
831	14	the	3.49999
831	15	ceremony	10.0624
831	16	.	3.56209
831	17	</s>	23.7244
832	1	she	6.52858
832	2	knows	11.9031
832	3	who	6.14725
832	4	the	3.6838
832	5	woman	7.80189
832	6	said	10.4705
832	7	her	8.80805
832	8	friend	9.53134
832	9	believed	13.6711
832	10	the	3.87627
832	11	man	11.3386
832	12	congratulated	19.378
832	13	the	3.5547
832	14	writer	12.9807
832	15	after	9.79877
832	16	the	3.49999
832	17	ceremony	10.0624
832	18	.	3.56209
832	19	</s>	23.7244
833	1	she	6.52858
833	2	knows	11.9031
833	3	that	2.62183
833	4	the	3.70626
833	5	woman	10.5893
833	6	said	9.96008
833	7	her	8.80805
833	8	friend	9.53134
833	9	believed	13.6711
833	10	she	6.76858
833	11	knew	9.78483
833	12	the	5.35757
833	13	man	11.2787
833	14	congratulated	19.378
833	15	after	10.4723
833	16	the	3.49999
833	17	ceremony	10.0624
833	18	.	3.56209
833	19	</s>	23.7244
834	1	she	6.52858
834	2	knows	11.9031
834	3	that	2.62183
834	4	the	3.70626
834	5	woman	10.5893
834	6	said	9.96008
834	7	her	8.80805
834	8	friend	9.53134
834	9	believed	13.6711
834	10	she	6.76858
834	11	knew	9.78483
834	12	the	5.35757
834	13	man	11.2787
834	14	congratulated	19.378
834	15	the	3.5547
834	16	writer	12.9807
834	17	after	9.79877
834	18	the	3.49999
834	19	ceremony	10.0624
834	20	.	3.56209
834	21	</s>	23.7244
835	1	she	6.52858
835	2	knows	11.9031
835	3	who	6.14725
835	4	the	3.6838
835	5	woman	7.80189
835	6	said	10.4705
835	7	her	8.80805
835	8	friend	9.53134
835	9	believed	13.6711
835	10	she	6.76858
835	11	knew	9.78483
835	12	the	5.35757
835	13	man	11.2787
835	14	congratulated	19.378
835	15	after	10.4723
835	16	the	3.49999
835	17	ceremony	10.0624
835	18	.	3.56209
835	19	</s>	23.7244
836	1	she	6.52858
836	2	knows	11.9031
836	3	who	6.14725
836	4	the	3.6838
836	5	woman	7.80189
836	6	said	10.4705
836	7	her	8.80805
836	8	friend	9.53134
836	9	believed	13.6711
836	10	she	6.76858
836	11	knew	9.78483
836	12	the	5.35757
836	13	man	11.2787
836	14	congratulated	19.378
836	15	the	3.5547
836	16	writer	12.9807
836	17	after	9.79877
836	18	the	3.49999
836	19	ceremony	10.0624
836	20	.	3.56209
836	21	</s>	23.7244
837	1	she	6.52858
837	2	knows	11.9031
837	3	that	2.62183
837	4	the	3.70626
837	5	woman	10.5893
837	6	said	9.96008
837	7	her	8.80805
837	8	friend	9.53134
837	9	believed	13.6711
837	10	she	6.76858
837	11	knew	9.78483
837	12	the	5.35757
837	13	man	11.2787
837	14	saw	14.8402
837	15	the	2.9593
837	16	man	10.6112
837	17	congratulated	19.378
837	18	after	10.4723
837	19	the	3.49999
837	20	ceremony	10.0624
837	21	.	3.56209
837	22	</s>	23.7244
838	1	she	6.52858
838	2	knows	11.9031
838	3	that	2.62183
838	4	the	3.70626
838	5	woman	10.5893
838	6	said	9.96008
838	7	her	8.80805
838	8	friend	9.53134
838	9	believed	13.6711
838	10	she	6.76858
838	11	knew	9.78483
838	12	the	5.35757
838	13	man	11.2787
838	14	saw	14.8402
838	15	the	2.9593
838	16	man	10.6112
838	17	congratulated	19.378
838	18	the	3.5547
838	19	writer	12.9807
838	20	after	9.79877
838	21	the	3.49999
838	22	ceremony	10.0624
838	23	.	3.56209
838	24	</s>	23.7244
839	1	she	6.52858
839	2	knows	11.9031
839	3	who	6.14725
839	4	the	3.6838
839	5	woman	7.80189
839	6	said	10.4705
839	7	her	8.80805
839	8	friend	9.53134
839	9	believed	13.6711
839	10	she	6.76858
839	11	knew	9.78483
839	12	the	5.35757
839	13	man	11.2787
839	14	saw	14.8402
839	15	the	2.9593
839	16	man	10.6112
839	17	congratulated	19.378
839	18	after	10.4723
839	19	the	3.49999
839	20	ceremony	10.0624
839	21	.	3.56209
839	22	</s>	23.7244
840	1	she	6.52858
840	2	knows	11.9031
840	3	who	6.14725
840	4	the	3.6838
840	5	woman	7.80189
840	6	said	10.4705
840	7	her	8.80805
840	8	friend	9.53134
840	9	believed	13.6711
840	10	she	6.76858
840	11	knew	9.78483
840	12	the	5.35757
840	13	man	11.2787
840	14	saw	14.8402
840	15	the	2.9593
840	16	man	10.6112
840	17	congratulated	19.378
840	18	the	3.5547
840	19	writer	12.9807
840	20	after	9.79877
840	21	the	3.49999
840	22	ceremony	10.0624
840	23	.	3.56209
840	24	</s>	23.7244
841	1	i	8.92268
841	2	know	6.35939
841	3	that	3.01867
841	4	the	4.26664
841	5	hostess	16.9283
841	6	introduced	13.4562
841	7	to	5.24055
841	8	the	3.77531
841	9	regular	12.0011
841	10	customer	11.1913
841	11	.	4.81509
841	12	</s>	26.8713
842	1	i	8.92268
842	2	know	6.35939
842	3	that	3.01867
842	4	the	4.26664
842	5	hostess	16.9283
842	6	introduced	13.4562
842	7	her	6.75883
842	8	friend	11.1391
842	9	to	6.43557
842	10	the	3.08907
842	11	regular	11.827
842	12	customer	11.1913
842	13	.	4.81509
842	14	</s>	26.8713
843	1	i	8.92268
843	2	know	6.35939
843	3	who	6.55265
843	4	the	5.15736
843	5	hostess	16.53
843	6	introduced	13.4562
843	7	to	5.24055
843	8	the	3.77531
843	9	regular	12.0011
843	10	customer	11.1913
843	11	.	4.81509
843	12	</s>	26.8713
844	1	i	8.92268
844	2	know	6.35939
844	3	who	6.55265
844	4	the	5.15736
844	5	hostess	16.53
844	6	introduced	13.4562
844	7	her	6.75883
844	8	friend	11.1391
844	9	to	6.43557
844	10	the	3.08907
844	11	regular	11.827
844	12	customer	11.1913
844	13	.	4.81509
844	14	</s>	26.8713
845	1	i	8.92268
845	2	know	6.35939
845	3	that	3.01867
845	4	the	4.26664
845	5	heiress	16.641
845	6	believed	14.7912
845	7	the	3.87627
845	8	hostess	16.3283
845	9	introduced	13.4562
845	10	to	5.24055
845	11	the	3.77531
845	12	regular	12.0011
845	13	customer	11.1913
845	14	.	4.81509
845	15	</s>	26.8713
846	1	i	8.92268
846	2	know	6.35939
846	3	that	3.01867
846	4	the	4.26664
846	5	heiress	16.641
846	6	believed	14.7912
846	7	the	3.87627
846	8	hostess	16.3283
846	9	introduced	13.4562
846	10	her	6.75883
846	11	friend	11.1391
846	12	to	6.43557
846	13	the	3.08907
846	14	regular	11.827
846	15	customer	11.1913
846	16	.	4.81509
846	17	</s>	26.8713
847	1	i	8.92268
847	2	know	6.35939
847	3	who	6.55265
847	4	the	5.15736
847	5	heiress	16.2427
847	6	believed	14.7912
847	7	the	3.87627
847	8	hostess	16.3283
847	9	introduced	13.4562
847	10	to	5.24055
847	11	the	3.77531
847	12	regular	12.0011
847	13	customer	11.1913
847	14	.	4.81509
847	15	</s>	26.8713
848	1	i	8.92268
848	2	know	6.35939
848	3	who	6.55265
848	4	the	5.15736
848	5	heiress	16.2427
848	6	believed	14.7912
848	7	the	3.87627
848	8	hostess	16.3283
848	9	introduced	13.4562
848	10	her	6.75883
848	11	friend	11.1391
848	12	to	6.43557
848	13	the	3.08907
848	14	regular	11.827
848	15	customer	11.1913
848	16	.	4.81509
848	17	</s>	26.8713
849	1	i	8.92268
849	2	know	6.35939
849	3	that	3.01867
849	4	the	4.26664
849	5	heiress	16.641
849	6	believed	14.7912
849	7	her	7.84558
849	8	friend	9.74941
849	9	said	9.50362
849	10	the	4.71401
849	11	hostess	16.6284
849	12	introduced	13.4562
849	13	to	5.24055
849	14	the	3.77531
849	15	regular	12.0011
849	16	customer	11.1913
849	17	.	4.81509
849	18	</s>	26.8713
850	1	i	8.92268
850	2	know	6.35939
850	3	that	3.01867
850	4	the	4.26664
850	5	heiress	16.641
850	6	believed	14.7912
850	7	her	7.84558
850	8	friend	9.74941
850	9	said	9.50362
850	10	the	4.71401
850	11	hostess	16.6284
850	12	introduced	13.4562
850	13	her	6.75883
850	14	friend	11.1391
850	15	to	6.43557
850	16	the	3.08907
850	17	regular	11.827
850	18	customer	11.1913
850	19	.	4.81509
850	20	</s>	26.8713
851	1	i	8.92268
851	2	know	6.35939
851	3	who	6.55265
851	4	the	5.15736
851	5	heiress	16.2427
851	6	believed	14.7912
851	7	her	7.84558
851	8	friend	9.74941
851	9	said	9.50362
851	10	the	4.71401
851	11	hostess	16.6284
851	12	introduced	13.4562
851	13	to	5.24055
851	14	the	3.77531
851	15	regular	12.0011
851	16	customer	11.1913
851	17	.	4.81509
851	18	</s>	26.8713
852	1	i	8.92268
852	2	know	6.35939
852	3	who	6.55265
852	4	the	5.15736
852	5	heiress	16.2427
852	6	believed	14.7912
852	7	her	7.84558
852	8	friend	9.74941
852	9	said	9.50362
852	10	the	4.71401
852	11	hostess	16.6284
852	12	introduced	13.4562
852	13	her	6.75883
852	14	friend	11.1391
852	15	to	6.43557
852	16	the	3.08907
852	17	regular	11.827
852	18	customer	11.1913
852	19	.	4.81509
852	20	</s>	26.8713
853	1	i	8.92268
853	2	know	6.35939
853	3	that	3.01867
853	4	the	4.26664
853	5	heiress	16.641
853	6	believed	14.7912
853	7	her	7.84558
853	8	friend	9.74941
853	9	said	9.50362
853	10	she	6.18344
853	11	knew	9.85772
853	12	the	5.35757
853	13	hostess	16.2684
853	14	introduced	13.4562
853	15	to	5.24055
853	16	the	3.77531
853	17	regular	12.0011
853	18	customer	11.1913
853	19	.	4.81509
853	20	</s>	26.8713
854	1	i	8.92268
854	2	know	6.35939
854	3	that	3.01867
854	4	the	4.26664
854	5	heiress	16.641
854	6	believed	14.7912
854	7	her	7.84558
854	8	friend	9.74941
854	9	said	9.50362
854	10	she	6.18344
854	11	knew	9.85772
854	12	the	5.35757
854	13	hostess	16.2684
854	14	introduced	13.4562
854	15	her	6.75883
854	16	friend	11.1391
854	17	to	6.43557
854	18	the	3.08907
854	19	regular	11.827
854	20	customer	11.1913
854	21	.	4.81509
854	22	</s>	26.8713
855	1	i	8.92268
855	2	know	6.35939
855	3	who	6.55265
855	4	the	5.15736
855	5	heiress	16.2427
855	6	believed	14.7912
855	7	her	7.84558
855	8	friend	9.74941
855	9	said	9.50362
855	10	she	6.18344
855	11	knew	9.85772
855	12	the	5.35757
855	13	hostess	16.2684
855	14	introduced	13.4562
855	15	to	5.24055
855	16	the	3.77531
855	17	regular	12.0011
855	18	customer	11.1913
855	19	.	4.81509
855	20	</s>	26.8713
856	1	i	8.92268
856	2	know	6.35939
856	3	who	6.55265
856	4	the	5.15736
856	5	heiress	16.2427
856	6	believed	14.7912
856	7	her	7.84558
856	8	friend	9.74941
856	9	said	9.50362
856	10	she	6.18344
856	11	knew	9.85772
856	12	the	5.35757
856	13	hostess	16.2684
856	14	introduced	13.4562
856	15	her	6.75883
856	16	friend	11.1391
856	17	to	6.43557
856	18	the	3.08907
856	19	regular	11.827
856	20	customer	11.1913
856	21	.	4.81509
856	22	</s>	26.8713
857	1	i	8.92268
857	2	know	6.35939
857	3	that	3.01867
857	4	the	4.26664
857	5	heiress	16.641
857	6	believed	14.7912
857	7	her	7.84558
857	8	friend	9.74941
857	9	said	9.50362
857	10	she	6.18344
857	11	knew	9.85772
857	12	the	5.35757
857	13	man	11.2787
857	14	noticed	16.596
857	15	the	3.60056
857	16	hostess	16.2403
857	17	introduced	13.4562
857	18	to	5.24055
857	19	the	3.77531
857	20	regular	12.0011
857	21	customer	11.1913
857	22	.	4.81509
857	23	</s>	26.8713
858	1	i	8.92268
858	2	know	6.35939
858	3	that	3.01867
858	4	the	4.26664
858	5	heiress	16.641
858	6	believed	14.7912
858	7	her	7.84558
858	8	friend	9.74941
858	9	said	9.50362
858	10	she	6.18344
858	11	knew	9.85772
858	12	the	5.35757
858	13	man	11.2787
858	14	noticed	16.596
858	15	the	3.60056
858	16	hostess	16.2403
858	17	introduced	13.4562
858	18	her	6.75883
858	19	friend	11.1391
858	20	to	6.43557
858	21	the	3.08907
858	22	regular	11.827
858	23	customer	11.1913
858	24	.	4.81509
858	25	</s>	26.8713
859	1	i	8.92268
859	2	know	6.35939
859	3	who	6.55265
859	4	the	5.15736
859	5	heiress	16.2427
859	6	believed	14.7912
859	7	her	7.84558
859	8	friend	9.74941
859	9	said	9.50362
859	10	she	6.18344
859	11	knew	9.85772
859	12	the	5.35757
859	13	man	11.2787
859	14	noticed	16.596
859	15	the	3.60056
859	16	hostess	16.2403
859	17	introduced	13.4562
859	18	to	5.24055
859	19	the	3.77531
859	20	regular	12.0011
859	21	customer	11.1913
859	22	.	4.81509
859	23	</s>	26.8713
860	1	i	8.92268
860	2	know	6.35939
860	3	who	6.55265
860	4	the	5.15736
860	5	heiress	16.2427
860	6	believed	14.7912
860	7	her	7.84558
860	8	friend	9.74941
860	9	said	9.50362
860	10	she	6.18344
860	11	knew	9.85772
860	12	the	5.35757
860	13	man	11.2787
860	14	noticed	16.596
860	15	the	3.60056
860	16	hostess	16.2403
860	17	introduced	13.4562
860	18	her	6.75883
860	19	friend	11.1391
860	20	to	6.43557
860	21	the	3.08907
860	22	regular	11.827
860	23	customer	11.1913
860	24	.	4.81509
860	25	</s>	26.8713
861	1	you	11.5115
861	2	know	4.15838
861	3	that	6.24274
861	4	the	3.3901
861	5	young	10.1308
861	6	woman	4.56209
861	7	waited	17.0382
861	8	for	2.20145
861	9	at	9.62374
861	10	the	5.18943
861	11	movie	13.7779
861	12	theater	6.79027
861	13	.	4.48648
861	14	</s>	24.6519
862	1	you	11.5115
862	2	know	4.15838
862	3	that	6.24274
862	4	the	3.3901
862	5	young	10.1308
862	6	woman	4.56209
862	7	waited	17.0382
862	8	for	2.20145
862	9	her	7.03487
862	10	mother	7.22739
862	11	at	8.10087
862	12	the	2.06733
862	13	movie	13.507
862	14	theater	6.79027
862	15	.	4.48648
862	16	</s>	24.6519
863	1	you	11.5115
863	2	know	4.15838
863	3	who	5.97772
863	4	the	5.26981
863	5	young	11.3975
863	6	woman	6.12623
863	7	waited	16.7672
863	8	for	2.20145
863	9	at	9.62374
863	10	the	5.18943
863	11	movie	13.7779
863	12	theater	6.79027
863	13	.	4.48648
863	14	</s>	24.6519
864	1	you	11.5115
864	2	know	4.15838
864	3	who	5.97772
864	4	the	5.26981
864	5	young	11.3975
864	6	woman	6.12623
864	7	waited	16.7672
864	8	for	2.20145
864	9	her	7.03487
864	10	mother	7.22739
864	11	at	8.10087
864	12	the	2.06733
864	13	movie	13.507
864	14	theater	6.79027
864	15	.	4.48648
864	16	</s>	24.6519
865	1	you	11.5115
865	2	know	4.15838
865	3	that	6.24274
865	4	the	3.3901
865	5	man	9.65412
865	6	said	10.1162
865	7	the	4.64906
865	8	young	11.496
865	9	woman	6.12623
865	10	waited	16.7672
865	11	for	2.20145
865	12	at	9.62374
865	13	the	5.18943
865	14	movie	13.7779
865	15	theater	6.79027
865	16	.	4.48648
865	17	</s>	24.6519
866	1	you	11.5115
866	2	know	4.15838
866	3	that	6.24274
866	4	the	3.3901
866	5	man	9.65412
866	6	said	10.1162
866	7	the	4.64906
866	8	young	11.496
866	9	woman	6.12623
866	10	waited	16.7672
866	11	for	2.20145
866	12	her	7.03487
866	13	mother	7.22739
866	14	at	8.10087
866	15	the	2.06733
866	16	movie	13.507
866	17	theater	6.79027
866	18	.	4.48648
866	19	</s>	24.6519
867	1	you	11.5115
867	2	know	4.15838
867	3	who	5.97772
867	4	the	5.26981
867	5	man	6.97564
867	6	said	10.0278
867	7	the	4.64906
867	8	young	11.496
867	9	woman	6.12623
867	10	waited	16.7672
867	11	for	2.20145
867	12	at	9.62374
867	13	the	5.18943
867	14	movie	13.7779
867	15	theater	6.79027
867	16	.	4.48648
867	17	</s>	24.6519
868	1	you	11.5115
868	2	know	4.15838
868	3	who	5.97772
868	4	the	5.26981
868	5	man	6.97564
868	6	said	10.0278
868	7	the	4.64906
868	8	young	11.496
868	9	woman	6.12623
868	10	waited	16.7672
868	11	for	2.20145
868	12	her	7.03487
868	13	mother	7.22739
868	14	at	8.10087
868	15	the	2.06733
868	16	movie	13.507
868	17	theater	6.79027
868	18	.	4.48648
868	19	</s>	24.6519
869	1	you	11.5115
869	2	know	4.15838
869	3	that	6.24274
869	4	the	3.3901
869	5	man	9.65412
869	6	said	10.1162
869	7	the	4.64906
869	8	attendant	15.834
869	9	saw	12.5106
869	10	the	2.9593
869	11	young	11.7593
869	12	woman	6.12623
869	13	waited	16.7672
869	14	for	2.20145
869	15	at	9.62374
869	16	the	5.18943
869	17	movie	13.7779
869	18	theater	6.79027
869	19	.	4.48648
869	20	</s>	24.6519
870	1	you	11.5115
870	2	know	4.15838
870	3	that	6.24274
870	4	the	3.3901
870	5	man	9.65412
870	6	said	10.1162
870	7	the	4.64906
870	8	attendant	15.834
870	9	saw	12.5106
870	10	the	2.9593
870	11	young	11.7593
870	12	woman	6.12623
870	13	waited	16.7672
870	14	for	2.20145
870	15	her	7.03487
870	16	mother	7.22739
870	17	at	8.10087
870	18	the	2.06733
870	19	movie	13.507
870	20	theater	6.79027
870	21	.	4.48648
870	22	</s>	24.6519
871	1	you	11.5115
871	2	know	4.15838
871	3	who	5.97772
871	4	the	5.26981
871	5	man	6.97564
871	6	said	10.0278
871	7	the	4.64906
871	8	attendant	15.834
871	9	saw	12.5106
871	10	the	2.9593
871	11	young	11.7593
871	12	woman	6.12623
871	13	waited	16.7672
871	14	for	2.20145
871	15	at	9.62374
871	16	the	5.18943
871	17	movie	13.7779
871	18	theater	6.79027
871	19	.	4.48648
871	20	</s>	24.6519
872	1	you	11.5115
872	2	know	4.15838
872	3	who	5.97772
872	4	the	5.26981
872	5	man	6.97564
872	6	said	10.0278
872	7	the	4.64906
872	8	attendant	15.834
872	9	saw	12.5106
872	10	the	2.9593
872	11	young	11.7593
872	12	woman	6.12623
872	13	waited	16.7672
872	14	for	2.20145
872	15	her	7.03487
872	16	mother	7.22739
872	17	at	8.10087
872	18	the	2.06733
872	19	movie	13.507
872	20	theater	6.79027
872	21	.	4.48648
872	22	</s>	24.6519
873	1	you	11.5115
873	2	know	4.15838
873	3	that	6.24274
873	4	the	3.3901
873	5	man	9.65412
873	6	said	10.1162
873	7	the	4.64906
873	8	attendant	15.834
873	9	saw	12.5106
873	10	her	6.16468
873	11	friend	9.55461
873	12	knew	13.4537
873	13	the	4.27224
873	14	young	11.1359
873	15	woman	6.12623
873	16	waited	16.7672
873	17	for	2.20145
873	18	at	9.62374
873	19	the	5.18943
873	20	movie	13.7779
873	21	theater	6.79027
873	22	.	4.48648
873	23	</s>	24.6519
874	1	you	11.5115
874	2	know	4.15838
874	3	that	6.24274
874	4	the	3.3901
874	5	man	9.65412
874	6	said	10.1162
874	7	the	4.64906
874	8	attendant	15.834
874	9	saw	12.5106
874	10	her	6.16468
874	11	friend	9.55461
874	12	knew	13.4537
874	13	the	4.27224
874	14	young	11.1359
874	15	woman	6.12623
874	16	waited	16.7672
874	17	for	2.20145
874	18	her	7.03487
874	19	mother	7.22739
874	20	at	8.10087
874	21	the	2.06733
874	22	movie	13.507
874	23	theater	6.79027
874	24	.	4.48648
874	25	</s>	24.6519
875	1	you	11.5115
875	2	know	4.15838
875	3	who	5.97772
875	4	the	5.26981
875	5	man	6.97564
875	6	said	10.0278
875	7	the	4.64906
875	8	attendant	15.834
875	9	saw	12.5106
875	10	her	6.16468
875	11	friend	9.55461
875	12	knew	13.4537
875	13	the	4.27224
875	14	young	11.1359
875	15	woman	6.12623
875	16	waited	16.7672
875	17	for	2.20145
875	18	at	9.62374
875	19	the	5.18943
875	20	movie	13.7779
875	21	theater	6.79027
875	22	.	4.48648
875	23	</s>	24.6519
876	1	you	11.5115
876	2	know	4.15838
876	3	who	5.97772
876	4	the	5.26981
876	5	man	6.97564
876	6	said	10.0278
876	7	the	4.64906
876	8	attendant	15.834
876	9	saw	12.5106
876	10	her	6.16468
876	11	friend	9.55461
876	12	knew	13.4537
876	13	the	4.27224
876	14	young	11.1359
876	15	woman	6.12623
876	16	waited	16.7672
876	17	for	2.20145
876	18	her	7.03487
876	19	mother	7.22739
876	20	at	8.10087
876	21	the	2.06733
876	22	movie	13.507
876	23	theater	6.79027
876	24	.	4.48648
876	25	</s>	24.6519
877	1	you	11.5115
877	2	know	4.15838
877	3	that	6.24274
877	4	the	3.3901
877	5	man	9.65412
877	6	said	10.1162
877	7	the	4.64906
877	8	attendant	15.834
877	9	saw	12.5106
877	10	her	6.16468
877	11	friend	9.55461
877	12	knew	13.4537
877	13	his	6.10381
877	14	father	3.18002
877	15	saw	12.2521
877	16	the	2.9593
877	17	young	11.7593
877	18	woman	6.12623
877	19	waited	16.7672
877	20	for	2.20145
877	21	at	9.62374
877	22	the	5.18943
877	23	movie	13.7779
877	24	theater	6.79027
877	25	.	4.48648
877	26	</s>	24.6519
878	1	you	11.5115
878	2	know	4.15838
878	3	that	6.24274
878	4	the	3.3901
878	5	man	9.65412
878	6	said	10.1162
878	7	the	4.64906
878	8	attendant	15.834
878	9	saw	12.5106
878	10	her	6.16468
878	11	friend	9.55461
878	12	knew	13.4537
878	13	his	6.10381
878	14	father	3.18002
878	15	saw	12.2521
878	16	the	2.9593
878	17	young	11.7593
878	18	woman	6.12623
878	19	waited	16.7672
878	20	for	2.20145
878	21	her	7.03487
878	22	mother	7.22739
878	23	at	8.10087
878	24	the	2.06733
878	25	movie	13.507
878	26	theater	6.79027
878	27	.	4.48648
878	28	</s>	24.6519
879	1	you	11.5115
879	2	know	4.15838
879	3	who	5.97772
879	4	the	5.26981
879	5	man	6.97564
879	6	said	10.0278
879	7	the	4.64906
879	8	attendant	15.834
879	9	saw	12.5106
879	10	her	6.16468
879	11	friend	9.55461
879	12	knew	13.4537
879	13	his	6.10381
879	14	father	3.18002
879	15	saw	12.2521
879	16	the	2.9593
879	17	young	11.7593
879	18	woman	6.12623
879	19	waited	16.7672
879	20	for	2.20145
879	21	at	9.62374
879	22	the	5.18943
879	23	movie	13.7779
879	24	theater	6.79027
879	25	.	4.48648
879	26	</s>	24.6519
880	1	you	11.5115
880	2	know	4.15838
880	3	who	5.97772
880	4	the	5.26981
880	5	man	6.97564
880	6	said	10.0278
880	7	the	4.64906
880	8	attendant	15.834
880	9	saw	12.5106
880	10	her	6.16468
880	11	friend	9.55461
880	12	knew	13.4537
880	13	his	6.10381
880	14	father	3.18002
880	15	saw	12.2521
880	16	the	2.9593
880	17	young	11.7593
880	18	woman	6.12623
880	19	waited	16.7672
880	20	for	2.20145
880	21	her	7.03487
880	22	mother	7.22739
880	23	at	8.10087
880	24	the	2.06733
880	25	movie	13.507
880	26	theater	6.79027
880	27	.	4.48648
880	28	</s>	24.6519
881	1	the	2.46696
881	2	neighbors	17.2131
881	3	found	12.6195
881	4	out	6.16715
881	5	that	2.20105
881	6	the	2.81468
881	7	young	10.0998
881	8	woman	4.56209
881	9	bought	14.6124
881	10	for	6.73321
881	11	her	4.81505
881	12	parents	9.52157
881	13	.	4.55969
881	14	</s>	26.2368
882	1	the	2.46696
882	2	neighbors	17.2131
882	3	found	12.6195
882	4	out	6.16715
882	5	that	2.20105
882	6	the	2.81468
882	7	young	10.0998
882	8	woman	4.56209
882	9	bought	14.6124
882	10	a	3.96526
882	11	gift	12.3066
882	12	for	3.62357
882	13	her	5.9797
882	14	parents	9.52157
882	15	.	4.55969
882	16	</s>	26.2368
883	1	the	2.46696
883	2	neighbors	17.2131
883	3	found	12.6195
883	4	out	6.16715
883	5	what	5.67573
883	6	the	3.62667
883	7	young	11.5705
883	8	woman	6.12623
883	9	bought	14.3413
883	10	for	6.73321
883	11	her	4.81505
883	12	parents	9.52157
883	13	.	4.55969
883	14	</s>	26.2368
884	1	the	2.46696
884	2	neighbors	17.2131
884	3	found	12.6195
884	4	out	6.16715
884	5	what	5.67573
884	6	the	3.62667
884	7	young	11.5705
884	8	woman	6.12623
884	9	bought	14.3413
884	10	a	3.96526
884	11	gift	12.3066
884	12	for	3.62357
884	13	her	5.9797
884	14	parents	9.52157
884	15	.	4.55969
884	16	</s>	26.2368
885	1	the	2.46696
885	2	neighbors	17.2131
885	3	found	12.6195
885	4	out	6.16715
885	5	that	2.20105
885	6	her	5.09637
885	7	mother	4.42331
885	8	heard	12.2145
885	9	the	4.25497
885	10	young	11.4415
885	11	woman	6.12623
885	12	bought	14.3413
885	13	for	6.73321
885	14	her	4.81505
885	15	parents	9.52157
885	16	.	4.55969
885	17	</s>	26.2368
886	1	the	2.46696
886	2	neighbors	17.2131
886	3	found	12.6195
886	4	out	6.16715
886	5	that	2.20105
886	6	her	5.09637
886	7	mother	4.42331
886	8	heard	12.2145
886	9	the	4.25497
886	10	young	11.4415
886	11	woman	6.12623
886	12	bought	14.3413
886	13	a	3.96526
886	14	gift	12.3066
886	15	for	3.62357
886	16	her	5.9797
886	17	parents	9.52157
886	18	.	4.55969
886	19	</s>	26.2368
887	1	the	2.46696
887	2	neighbors	17.2131
887	3	found	12.6195
887	4	out	6.16715
887	5	what	5.67573
887	6	her	8.80305
887	7	mother	7.49694
887	8	heard	11.723
887	9	the	4.25497
887	10	young	11.4415
887	11	woman	6.12623
887	12	bought	14.3413
887	13	for	6.73321
887	14	her	4.81505
887	15	parents	9.52157
887	16	.	4.55969
887	17	</s>	26.2368
888	1	the	2.46696
888	2	neighbors	17.2131
888	3	found	12.6195
888	4	out	6.16715
888	5	what	5.67573
888	6	her	8.80305
888	7	mother	7.49694
888	8	heard	11.723
888	9	the	4.25497
888	10	young	11.4415
888	11	woman	6.12623
888	12	bought	14.3413
888	13	a	3.96526
888	14	gift	12.3066
888	15	for	3.62357
888	16	her	5.9797
888	17	parents	9.52157
888	18	.	4.55969
888	19	</s>	26.2368
889	1	the	2.46696
889	2	neighbors	17.2131
889	3	found	12.6195
889	4	out	6.16715
889	5	that	2.20105
889	6	her	5.09637
889	7	mother	4.42331
889	8	heard	12.2145
889	9	the	4.25497
889	10	newspaper	12.7074
889	11	reported	8.73028
889	12	the	4.63863
889	13	young	11.4485
889	14	woman	6.12623
889	15	bought	14.3413
889	16	for	6.73321
889	17	her	4.81505
889	18	parents	9.52157
889	19	.	4.55969
889	20	</s>	26.2368
890	1	the	2.46696
890	2	neighbors	17.2131
890	3	found	12.6195
890	4	out	6.16715
890	5	that	2.20105
890	6	her	5.09637
890	7	mother	4.42331
890	8	heard	12.2145
890	9	the	4.25497
890	10	newspaper	12.7074
890	11	reported	8.73028
890	12	the	4.63863
890	13	young	11.4485
890	14	woman	6.12623
890	15	bought	14.3413
890	16	a	3.96526
890	17	gift	12.3066
890	18	for	3.62357
890	19	her	5.9797
890	20	parents	9.52157
890	21	.	4.55969
890	22	</s>	26.2368
891	1	the	2.46696
891	2	neighbors	17.2131
891	3	found	12.6195
891	4	out	6.16715
891	5	what	5.67573
891	6	her	8.80305
891	7	mother	7.49694
891	8	heard	11.723
891	9	the	4.25497
891	10	newspaper	12.7074
891	11	reported	8.73028
891	12	the	4.63863
891	13	young	11.4485
891	14	woman	6.12623
891	15	bought	14.3413
891	16	for	6.73321
891	17	her	4.81505
891	18	parents	9.52157
891	19	.	4.55969
891	20	</s>	26.2368
892	1	the	2.46696
892	2	neighbors	17.2131
892	3	found	12.6195
892	4	out	6.16715
892	5	what	5.67573
892	6	her	8.80305
892	7	mother	7.49694
892	8	heard	11.723
892	9	the	4.25497
892	10	newspaper	12.7074
892	11	reported	8.73028
892	12	the	4.63863
892	13	young	11.4485
892	14	woman	6.12623
892	15	bought	14.3413
892	16	a	3.96526
892	17	gift	12.3066
892	18	for	3.62357
892	19	her	5.9797
892	20	parents	9.52157
892	21	.	4.55969
892	22	</s>	26.2368
893	1	the	2.46696
893	2	neighbors	17.2131
893	3	found	12.6195
893	4	out	6.16715
893	5	that	2.20105
893	6	her	5.09637
893	7	mother	4.42331
893	8	heard	12.2145
893	9	the	4.25497
893	10	newspaper	12.7074
893	11	reported	8.73028
893	12	the	4.63863
893	13	mayor	12.6435
893	14	said	13.7085
893	15	the	4.51729
893	16	young	11.496
893	17	woman	6.12623
893	18	bought	14.3413
893	19	for	6.73321
893	20	her	4.81505
893	21	parents	9.52157
893	22	.	4.55969
893	23	</s>	26.2368
894	1	the	2.46696
894	2	neighbors	17.2131
894	3	found	12.6195
894	4	out	6.16715
894	5	that	2.20105
894	6	her	5.09637
894	7	mother	4.42331
894	8	heard	12.2145
894	9	the	4.25497
894	10	newspaper	12.7074
894	11	reported	8.73028
894	12	the	4.63863
894	13	mayor	12.6435
894	14	said	13.7085
894	15	the	4.51729
894	16	young	11.496
894	17	woman	6.12623
894	18	bought	14.3413
894	19	a	3.96526
894	20	gift	12.3066
894	21	for	3.62357
894	22	her	5.9797
894	23	parents	9.52157
894	24	.	4.55969
894	25	</s>	26.2368
895	1	the	2.46696
895	2	neighbors	17.2131
895	3	found	12.6195
895	4	out	6.16715
895	5	what	5.67573
895	6	her	8.80305
895	7	mother	7.49694
895	8	heard	11.723
895	9	the	4.25497
895	10	newspaper	12.7074
895	11	reported	8.73028
895	12	the	4.63863
895	13	mayor	12.6435
895	14	said	13.7085
895	15	the	4.51729
895	16	young	11.496
895	17	woman	6.12623
895	18	bought	14.3413
895	19	for	6.73321
895	20	her	4.81505
895	21	parents	9.52157
895	22	.	4.55969
895	23	</s>	26.2368
896	1	the	2.46696
896	2	neighbors	17.2131
896	3	found	12.6195
896	4	out	6.16715
896	5	what	5.67573
896	6	her	8.80305
896	7	mother	7.49694
896	8	heard	11.723
896	9	the	4.25497
896	10	newspaper	12.7074
896	11	reported	8.73028
896	12	the	4.63863
896	13	mayor	12.6435
896	14	said	13.7085
896	15	the	4.51729
896	16	young	11.496
896	17	woman	6.12623
896	18	bought	14.3413
896	19	a	3.96526
896	20	gift	12.3066
896	21	for	3.62357
896	22	her	5.9797
896	23	parents	9.52157
896	24	.	4.55969
896	25	</s>	26.2368
897	1	the	2.46696
897	2	neighbors	17.2131
897	3	found	12.6195
897	4	out	6.16715
897	5	that	2.20105
897	6	her	5.09637
897	7	mother	4.42331
897	8	heard	12.2145
897	9	the	4.25497
897	10	newspaper	12.7074
897	11	reported	8.73028
897	12	the	4.63863
897	13	mayor	12.6435
897	14	said	13.7085
897	15	his	6.83762
897	16	assistant	11.447
897	17	saw	13.3857
897	18	the	2.9593
897	19	young	11.7593
897	20	woman	6.12623
897	21	bought	14.3413
897	22	for	6.73321
897	23	her	4.81505
897	24	parents	9.52157
897	25	.	4.55969
897	26	</s>	26.2368
898	1	the	2.46696
898	2	neighbors	17.2131
898	3	found	12.6195
898	4	out	6.16715
898	5	that	2.20105
898	6	her	5.09637
898	7	mother	4.42331
898	8	heard	12.2145
898	9	the	4.25497
898	10	newspaper	12.7074
898	11	reported	8.73028
898	12	the	4.63863
898	13	mayor	12.6435
898	14	said	13.7085
898	15	his	6.83762
898	16	assistant	11.447
898	17	saw	13.3857
898	18	the	2.9593
898	19	young	11.7593
898	20	woman	6.12623
898	21	bought	14.3413
898	22	a	3.96526
898	23	gift	12.3066
898	24	for	3.62357
898	25	her	5.9797
898	26	parents	9.52157
898	27	.	4.55969
898	28	</s>	26.2368
899	1	the	2.46696
899	2	neighbors	17.2131
899	3	found	12.6195
899	4	out	6.16715
899	5	what	5.67573
899	6	her	8.80305
899	7	mother	7.49694
899	8	heard	11.723
899	9	the	4.25497
899	10	newspaper	12.7074
899	11	reported	8.73028
899	12	the	4.63863
899	13	mayor	12.6435
899	14	said	13.7085
899	15	his	6.83762
899	16	assistant	11.447
899	17	saw	13.3857
899	18	the	2.9593
899	19	young	11.7593
899	20	woman	6.12623
899	21	bought	14.3413
899	22	for	6.73321
899	23	her	4.81505
899	24	parents	9.52157
899	25	.	4.55969
899	26	</s>	26.2368
900	1	the	2.46696
900	2	neighbors	17.2131
900	3	found	12.6195
900	4	out	6.16715
900	5	what	5.67573
900	6	her	8.80305
900	7	mother	7.49694
900	8	heard	11.723
900	9	the	4.25497
900	10	newspaper	12.7074
900	11	reported	8.73028
900	12	the	4.63863
900	13	mayor	12.6435
900	14	said	13.7085
900	15	his	6.83762
900	16	assistant	11.447
900	17	saw	13.3857
900	18	the	2.9593
900	19	young	11.7593
900	20	woman	6.12623
900	21	bought	14.3413
900	22	a	3.96526
900	23	gift	12.3066
900	24	for	3.62357
900	25	her	5.9797
900	26	parents	9.52157
900	27	.	4.55969
900	28	</s>	26.2368
901	1	he	4.43708
901	2	knows	11.9494
901	3	that	2.7177
901	4	the	3.64053
901	5	police	9.69857
901	6	interrogated	15.3564
901	7	in	5.31276
901	8	the	2.20198
901	9	basement	10.6096
901	10	.	2.56081
901	11	</s>	27.1167
902	1	he	4.43708
902	2	knows	11.9494
902	3	that	2.7177
902	4	the	3.64053
902	5	police	9.69857
902	6	interrogated	15.3564
902	7	the	5.31276
902	8	suspect	13.7496
902	9	in	5.09498
902	10	the	2.21188
902	11	basement	10.8945
902	12	.	2.56081
902	13	</s>	27.1167
903	1	he	4.43708
903	2	knows	11.9494
903	3	who	8.10265
903	4	the	3.8854
903	5	police	11.3625
903	6	interrogated	14.699
903	7	in	5.31276
903	8	the	2.20198
903	9	basement	10.6096
903	10	.	2.56081
903	11	</s>	27.1167
904	1	he	4.43708
904	2	knows	11.9494
904	3	who	8.10265
904	4	the	3.8854
904	5	police	11.3625
904	6	interrogated	14.699
904	7	the	5.31276
904	8	suspect	13.7496
904	9	in	5.09498
904	10	the	2.21188
904	11	basement	10.8945
904	12	.	2.56081
904	13	</s>	27.1167
905	1	he	4.43708
905	2	knows	11.9494
905	3	that	2.7177
905	4	the	3.64053
905	5	inspector	15.7446
905	6	believed	13.9192
905	7	the	3.87627
905	8	police	11.245
905	9	interrogated	14.699
905	10	in	5.31276
905	11	the	2.20198
905	12	basement	10.6096
905	13	.	2.56081
905	14	</s>	27.1167
906	1	he	4.43708
906	2	knows	11.9494
906	3	that	2.7177
906	4	the	3.64053
906	5	inspector	15.7446
906	6	believed	13.9192
906	7	the	3.87627
906	8	police	11.245
906	9	interrogated	14.699
906	10	the	5.31276
906	11	suspect	13.7496
906	12	in	5.09498
906	13	the	2.21188
906	14	basement	10.8945
906	15	.	2.56081
906	16	</s>	27.1167
907	1	he	4.43708
907	2	knows	11.9494
907	3	who	8.10265
907	4	the	3.8854
907	5	inspector	15.2768
907	6	believed	13.9192
907	7	the	3.87627
907	8	police	11.245
907	9	interrogated	14.699
907	10	in	5.31276
907	11	the	2.20198
907	12	basement	10.6096
907	13	.	2.56081
907	14	</s>	27.1167
908	1	he	4.43708
908	2	knows	11.9494
908	3	who	8.10265
908	4	the	3.8854
908	5	inspector	15.2768
908	6	believed	13.9192
908	7	the	3.87627
908	8	police	11.245
908	9	interrogated	14.699
908	10	the	5.31276
908	11	suspect	13.7496
908	12	in	5.09498
908	13	the	2.21188
908	14	basement	10.8945
908	15	.	2.56081
908	16	</s>	27.1167
909	1	he	4.43708
909	2	knows	11.9494
909	3	that	2.7177
909	4	the	3.64053
909	5	inspector	15.7446
909	6	believed	13.9192
909	7	the	3.87627
909	8	man	11.3386
909	9	reported	12.4041
909	10	the	4.76018
909	11	police	11.4976
909	12	interrogated	14.699
909	13	in	5.31276
909	14	the	2.20198
909	15	basement	10.6096
909	16	.	2.56081
909	17	</s>	27.1167
910	1	he	4.43708
910	2	knows	11.9494
910	3	that	2.7177
910	4	the	3.64053
910	5	inspector	15.7446
910	6	believed	13.9192
910	7	the	3.87627
910	8	man	11.3386
910	9	reported	12.4041
910	10	the	4.76018
910	11	police	11.4976
910	12	interrogated	14.699
910	13	the	5.31276
910	14	suspect	13.7496
910	15	in	5.09498
910	16	the	2.21188
910	17	basement	10.8945
910	18	.	2.56081
910	19	</s>	27.1167
911	1	he	4.43708
911	2	knows	11.9494
911	3	who	8.10265
911	4	the	3.8854
911	5	inspector	15.2768
911	6	believed	13.9192
911	7	the	3.87627
911	8	man	11.3386
911	9	reported	12.4041
911	10	the	4.76018
911	11	police	11.4976
911	12	interrogated	14.699
911	13	in	5.31276
911	14	the	2.20198
911	15	basement	10.6096
911	16	.	2.56081
911	17	</s>	27.1167
912	1	he	4.43708
912	2	knows	11.9494
912	3	who	8.10265
912	4	the	3.8854
912	5	inspector	15.2768
912	6	believed	13.9192
912	7	the	3.87627
912	8	man	11.3386
912	9	reported	12.4041
912	10	the	4.76018
912	11	police	11.4976
912	12	interrogated	14.699
912	13	the	5.31276
912	14	suspect	13.7496
912	15	in	5.09498
912	16	the	2.21188
912	17	basement	10.8945
912	18	.	2.56081
912	19	</s>	27.1167
913	1	he	4.43708
913	2	knows	11.9494
913	3	that	2.7177
913	4	the	3.64053
913	5	inspector	15.7446
913	6	believed	13.9192
913	7	the	3.87627
913	8	man	11.3386
913	9	reported	12.4041
913	10	he	8.37548
913	11	knew	9.68635
913	12	the	5.05217
913	13	police	11.2271
913	14	interrogated	14.699
913	15	in	5.31276
913	16	the	2.20198
913	17	basement	10.6096
913	18	.	2.56081
913	19	</s>	27.1167
914	1	he	4.43708
914	2	knows	11.9494
914	3	that	2.7177
914	4	the	3.64053
914	5	inspector	15.7446
914	6	believed	13.9192
914	7	the	3.87627
914	8	man	11.3386
914	9	reported	12.4041
914	10	he	8.37548
914	11	knew	9.68635
914	12	the	5.05217
914	13	police	11.2271
914	14	interrogated	14.699
914	15	the	5.31276
914	16	suspect	13.7496
914	17	in	5.09498
914	18	the	2.21188
914	19	basement	10.8945
914	20	.	2.56081
914	21	</s>	27.1167
915	1	he	4.43708
915	2	knows	11.9494
915	3	who	8.10265
915	4	the	3.8854
915	5	inspector	15.2768
915	6	believed	13.9192
915	7	the	3.87627
915	8	man	11.3386
915	9	reported	12.4041
915	10	he	8.37548
915	11	knew	9.68635
915	12	the	5.05217
915	13	police	11.2271
915	14	interrogated	14.699
915	15	in	5.31276
915	16	the	2.20198
915	17	basement	10.6096
915	18	.	2.56081
915	19	</s>	27.1167
916	1	he	4.43708
916	2	knows	11.9494
916	3	who	8.10265
916	4	the	3.8854
916	5	inspector	15.2768
916	6	believed	13.9192
916	7	the	3.87627
916	8	man	11.3386
916	9	reported	12.4041
916	10	he	8.37548
916	11	knew	9.68635
916	12	the	5.05217
916	13	police	11.2271
916	14	interrogated	14.699
916	15	the	5.31276
916	16	suspect	13.7496
916	17	in	5.09498
916	18	the	2.21188
916	19	basement	10.8945
916	20	.	2.56081
916	21	</s>	27.1167
917	1	he	4.43708
917	2	knows	11.9494
917	3	that	2.7177
917	4	the	3.64053
917	5	inspector	15.7446
917	6	believed	13.9192
917	7	the	3.87627
917	8	man	11.3386
917	9	reported	12.4041
917	10	he	8.37548
917	11	knew	9.68635
917	12	he	4.37258
917	13	noticed	13.1757
917	14	the	3.89328
917	15	police	11.1571
917	16	interrogated	14.699
917	17	in	5.31276
917	18	the	2.20198
917	19	basement	10.6096
917	20	.	2.56081
917	21	</s>	27.1167
918	1	he	4.43708
918	2	knows	11.9494
918	3	that	2.7177
918	4	the	3.64053
918	5	inspector	15.7446
918	6	believed	13.9192
918	7	the	3.87627
918	8	man	11.3386
918	9	reported	12.4041
918	10	he	8.37548
918	11	knew	9.68635
918	12	he	4.37258
918	13	noticed	13.1757
918	14	the	3.89328
918	15	police	11.1571
918	16	interrogated	14.699
918	17	the	5.31276
918	18	suspect	13.7496
918	19	in	5.09498
918	20	the	2.21188
918	21	basement	10.8945
918	22	.	2.56081
918	23	</s>	27.1167
919	1	he	4.43708
919	2	knows	11.9494
919	3	who	8.10265
919	4	the	3.8854
919	5	inspector	15.2768
919	6	believed	13.9192
919	7	the	3.87627
919	8	man	11.3386
919	9	reported	12.4041
919	10	he	8.37548
919	11	knew	9.68635
919	12	he	4.37258
919	13	noticed	13.1757
919	14	the	3.89328
919	15	police	11.1571
919	16	interrogated	14.699
919	17	in	5.31276
919	18	the	2.20198
919	19	basement	10.6096
919	20	.	2.56081
919	21	</s>	27.1167
920	1	he	4.43708
920	2	knows	11.9494
920	3	who	8.10265
920	4	the	3.8854
920	5	inspector	15.2768
920	6	believed	13.9192
920	7	the	3.87627
920	8	man	11.3386
920	9	reported	12.4041
920	10	he	8.37548
920	11	knew	9.68635
920	12	he	4.37258
920	13	noticed	13.1757
920	14	the	3.89328
920	15	police	11.1571
920	16	interrogated	14.699
920	17	the	5.31276
920	18	suspect	13.7496
920	19	in	5.09498
920	20	the	2.21188
920	21	basement	10.8945
920	22	.	2.56081
920	23	</s>	27.1167
921	1	she	6.52858
921	2	knows	11.9031
921	3	that	2.62183
921	4	the	3.70626
921	5	soldier	13.6489
921	6	thanked	17.6509
921	7	in	5.26432
921	8	the	1.18764
921	9	mess	14.9478
921	10	hall	3.65777
921	11	.	2.9225
921	12	</s>	23.6519
922	1	she	6.52858
922	2	knows	11.9031
922	3	that	2.62183
922	4	the	3.70626
922	5	soldier	13.6489
922	6	thanked	17.6509
922	7	the	3.15393
922	8	cook	14.2847
922	9	in	5.84722
922	10	the	3.09077
922	11	mess	14.9478
922	12	hall	3.65777
922	13	.	2.9225
922	14	</s>	23.6519
923	1	she	6.52858
923	2	knows	11.9031
923	3	who	6.14725
923	4	the	3.6838
923	5	soldier	14.2678
923	6	thanked	17.6509
923	7	in	5.26432
923	8	the	1.18764
923	9	mess	14.9478
923	10	hall	3.65777
923	11	.	2.9225
923	12	</s>	23.6519
924	1	she	6.52858
924	2	knows	11.9031
924	3	who	6.14725
924	4	the	3.6838
924	5	soldier	14.2678
924	6	thanked	17.6509
924	7	the	3.15393
924	8	cook	14.2847
924	9	in	5.84722
924	10	the	3.09077
924	11	mess	14.9478
924	12	hall	3.65777
924	13	.	2.9225
924	14	</s>	23.6519
925	1	she	6.52858
925	2	knows	11.9031
925	3	that	2.62183
925	4	the	3.70626
925	5	captain	11.4942
925	6	said	12.809
925	7	the	4.51729
925	8	soldier	14.4504
925	9	thanked	17.6509
925	10	in	5.26432
925	11	the	1.18764
925	12	mess	14.9478
925	13	hall	3.65777
925	14	.	2.9225
925	15	</s>	23.6519
926	1	she	6.52858
926	2	knows	11.9031
926	3	that	2.62183
926	4	the	3.70626
926	5	captain	11.4942
926	6	said	12.809
926	7	the	4.51729
926	8	soldier	14.4504
926	9	thanked	17.6509
926	10	the	3.15393
926	11	cook	14.2847
926	12	in	5.84722
926	13	the	3.09077
926	14	mess	14.9478
926	15	hall	3.65777
926	16	.	2.9225
926	17	</s>	23.6519
927	1	she	6.52858
927	2	knows	11.9031
927	3	who	6.14725
927	4	the	3.6838
927	5	captain	12.7732
927	6	said	12.6937
927	7	the	4.51729
927	8	soldier	14.4504
927	9	thanked	17.6509
927	10	in	5.26432
927	11	the	1.18764
927	12	mess	14.9478
927	13	hall	3.65777
927	14	.	2.9225
927	15	</s>	23.6519
928	1	she	6.52858
928	2	knows	11.9031
928	3	who	6.14725
928	4	the	3.6838
928	5	captain	12.7732
928	6	said	12.6937
928	7	the	4.51729
928	8	soldier	14.4504
928	9	thanked	17.6509
928	10	the	3.15393
928	11	cook	14.2847
928	12	in	5.84722
928	13	the	3.09077
928	14	mess	14.9478
928	15	hall	3.65777
928	16	.	2.9225
928	17	</s>	23.6519
929	1	she	6.52858
929	2	knows	11.9031
929	3	that	2.62183
929	4	the	3.70626
929	5	captain	11.4942
929	6	said	12.809
929	7	the	4.51729
929	8	pilot	12.4321
929	9	thought	14.1576
929	10	the	4.36895
929	11	soldier	14.3035
929	12	thanked	17.6509
929	13	in	5.26432
929	14	the	1.18764
929	15	mess	14.9478
929	16	hall	3.65777
929	17	.	2.9225
929	18	</s>	23.6519
930	1	she	6.52858
930	2	knows	11.9031
930	3	that	2.62183
930	4	the	3.70626
930	5	captain	11.4942
930	6	said	12.809
930	7	the	4.51729
930	8	pilot	12.4321
930	9	thought	14.1576
930	10	the	4.36895
930	11	soldier	14.3035
930	12	thanked	17.6509
930	13	the	3.15393
930	14	cook	14.2847
930	15	in	5.84722
930	16	the	3.09077
930	17	mess	14.9478
930	18	hall	3.65777
930	19	.	2.9225
930	20	</s>	23.6519
931	1	she	6.52858
931	2	knows	11.9031
931	3	who	6.14725
931	4	the	3.6838
931	5	captain	12.7732
931	6	said	12.6937
931	7	the	4.51729
931	8	pilot	12.4321
931	9	thought	14.1576
931	10	the	4.36895
931	11	soldier	14.3035
931	12	thanked	17.6509
931	13	in	5.26432
931	14	the	1.18764
931	15	mess	14.9478
931	16	hall	3.65777
931	17	.	2.9225
931	18	</s>	23.6519
932	1	she	6.52858
932	2	knows	11.9031
932	3	who	6.14725
932	4	the	3.6838
932	5	captain	12.7732
932	6	said	12.6937
932	7	the	4.51729
932	8	pilot	12.4321
932	9	thought	14.1576
932	10	the	4.36895
932	11	soldier	14.3035
932	12	thanked	17.6509
932	13	the	3.15393
932	14	cook	14.2847
932	15	in	5.84722
932	16	the	3.09077
932	17	mess	14.9478
932	18	hall	3.65777
932	19	.	2.9225
932	20	</s>	23.6519
933	1	she	6.52858
933	2	knows	11.9031
933	3	that	2.62183
933	4	the	3.70626
933	5	captain	11.4942
933	6	said	12.809
933	7	the	4.51729
933	8	pilot	12.4321
933	9	thought	14.1576
933	10	he	5.15677
933	11	knew	10.6589
933	12	the	5.05217
933	13	soldier	14.1324
933	14	thanked	17.6509
933	15	in	5.26432
933	16	the	1.18764
933	17	mess	14.9478
933	18	hall	3.65777
933	19	.	2.9225
933	20	</s>	23.6519
934	1	she	6.52858
934	2	knows	11.9031
934	3	that	2.62183
934	4	the	3.70626
934	5	captain	11.4942
934	6	said	12.809
934	7	the	4.51729
934	8	pilot	12.4321
934	9	thought	14.1576
934	10	he	5.15677
934	11	knew	10.6589
934	12	the	5.05217
934	13	soldier	14.1324
934	14	thanked	17.6509
934	15	the	3.15393
934	16	cook	14.2847
934	17	in	5.84722
934	18	the	3.09077
934	19	mess	14.9478
934	20	hall	3.65777
934	21	.	2.9225
934	22	</s>	23.6519
935	1	she	6.52858
935	2	knows	11.9031
935	3	who	6.14725
935	4	the	3.6838
935	5	captain	12.7732
935	6	said	12.6937
935	7	the	4.51729
935	8	pilot	12.4321
935	9	thought	14.1576
935	10	he	5.15677
935	11	knew	10.6589
935	12	the	5.05217
935	13	soldier	14.1324
935	14	thanked	17.6509
935	15	in	5.26432
935	16	the	1.18764
935	17	mess	14.9478
935	18	hall	3.65777
935	19	.	2.9225
935	20	</s>	23.6519
936	1	she	6.52858
936	2	knows	11.9031
936	3	who	6.14725
936	4	the	3.6838
936	5	captain	12.7732
936	6	said	12.6937
936	7	the	4.51729
936	8	pilot	12.4321
936	9	thought	14.1576
936	10	he	5.15677
936	11	knew	10.6589
936	12	the	5.05217
936	13	soldier	14.1324
936	14	thanked	17.6509
936	15	the	3.15393
936	16	cook	14.2847
936	17	in	5.84722
936	18	the	3.09077
936	19	mess	14.9478
936	20	hall	3.65777
936	21	.	2.9225
936	22	</s>	23.6519
937	1	she	6.52858
937	2	knows	11.9031
937	3	that	2.62183
937	4	the	3.70626
937	5	captain	11.4942
937	6	said	12.809
937	7	the	4.51729
937	8	pilot	12.4321
937	9	thought	14.1576
937	10	he	5.15677
937	11	knew	10.6589
937	12	the	5.05217
937	13	man	11.3207
937	14	saw	14.8402
937	15	the	2.9593
937	16	soldier	14.7138
937	17	thanked	17.6509
937	18	in	5.26432
937	19	the	1.18764
937	20	mess	14.9478
937	21	hall	3.65777
937	22	.	2.9225
937	23	</s>	23.6519
938	1	she	6.52858
938	2	knows	11.9031
938	3	that	2.62183
938	4	the	3.70626
938	5	captain	11.4942
938	6	said	12.809
938	7	the	4.51729
938	8	pilot	12.4321
938	9	thought	14.1576
938	10	he	5.15677
938	11	knew	10.6589
938	12	the	5.05217
938	13	man	11.3207
938	14	saw	14.8402
938	15	the	2.9593
938	16	soldier	14.7138
938	17	thanked	17.6509
938	18	the	3.15393
938	19	cook	14.2847
938	20	in	5.84722
938	21	the	3.09077
938	22	mess	14.9478
938	23	hall	3.65777
938	24	.	2.9225
938	25	</s>	23.6519
939	1	she	6.52858
939	2	knows	11.9031
939	3	who	6.14725
939	4	the	3.6838
939	5	captain	12.7732
939	6	said	12.6937
939	7	the	4.51729
939	8	pilot	12.4321
939	9	thought	14.1576
939	10	he	5.15677
939	11	knew	10.6589
939	12	the	5.05217
939	13	man	11.3207
939	14	saw	14.8402
939	15	the	2.9593
939	16	soldier	14.7138
939	17	thanked	17.6509
939	18	in	5.26432
939	19	the	1.18764
939	20	mess	14.9478
939	21	hall	3.65777
939	22	.	2.9225
939	23	</s>	23.6519
940	1	she	6.52858
940	2	knows	11.9031
940	3	who	6.14725
940	4	the	3.6838
940	5	captain	12.7732
940	6	said	12.6937
940	7	the	4.51729
940	8	pilot	12.4321
940	9	thought	14.1576
940	10	he	5.15677
940	11	knew	10.6589
940	12	the	5.05217
940	13	man	11.3207
940	14	saw	14.8402
940	15	the	2.9593
940	16	soldier	14.7138
940	17	thanked	17.6509
940	18	the	3.15393
940	19	cook	14.2847
940	20	in	5.84722
940	21	the	3.09077
940	22	mess	14.9478
940	23	hall	3.65777
940	24	.	2.9225
940	25	</s>	23.6519
941	1	they	6.37172
941	2	know	11.9019
941	3	that	3.79528
941	4	the	2.53449
941	5	lawyer	16.0779
941	6	reassured	18.8132
941	7	last	14.4913
941	8	night	6.976
941	9	.	2.66267
941	10	</s>	25.4592
942	1	they	6.37172
942	2	know	11.9019
942	3	that	3.79528
942	4	the	2.53449
942	5	lawyer	16.0779
942	6	reassured	18.8132
942	7	his	6.06494
942	8	client	11.264
942	9	last	14.9792
942	10	night	6.976
942	11	.	2.66267
942	12	</s>	25.4592
943	1	they	6.37172
943	2	know	11.9019
943	3	who	7.38908
943	4	the	5.01207
943	5	lawyer	15.0261
943	6	reassured	18.8132
943	7	last	14.4913
943	8	night	6.976
943	9	.	2.66267
943	10	</s>	25.4592
944	1	they	6.37172
944	2	know	11.9019
944	3	who	7.38908
944	4	the	5.01207
944	5	lawyer	15.0261
944	6	reassured	18.8132
944	7	his	6.06494
944	8	client	11.264
944	9	last	14.9792
944	10	night	6.976
944	11	.	2.66267
944	12	</s>	25.4592
945	1	they	6.37172
945	2	know	11.9019
945	3	that	3.79528
945	4	the	2.53449
945	5	man	9.65412
945	6	said	10.1162
945	7	the	4.64906
945	8	lawyer	15.1245
945	9	reassured	18.8132
945	10	last	14.4913
945	11	night	6.976
945	12	.	2.66267
945	13	</s>	25.4592
946	1	they	6.37172
946	2	know	11.9019
946	3	that	3.79528
946	4	the	2.53449
946	5	man	9.65412
946	6	said	10.1162
946	7	the	4.64906
946	8	lawyer	15.1245
946	9	reassured	18.8132
946	10	his	6.06494
946	11	client	11.264
946	12	last	14.9792
946	13	night	6.976
946	14	.	2.66267
946	15	</s>	25.4592
947	1	they	6.37172
947	2	know	11.9019
947	3	who	7.38908
947	4	the	5.01207
947	5	man	6.97564
947	6	said	10.0278
947	7	the	4.64906
947	8	lawyer	15.1245
947	9	reassured	18.8132
947	10	last	14.4913
947	11	night	6.976
947	12	.	2.66267
947	13	</s>	25.4592
948	1	they	6.37172
948	2	know	11.9019
948	3	who	7.38908
948	4	the	5.01207
948	5	man	6.97564
948	6	said	10.0278
948	7	the	4.64906
948	8	lawyer	15.1245
948	9	reassured	18.8132
948	10	his	6.06494
948	11	client	11.264
948	12	last	14.9792
948	13	night	6.976
948	14	.	2.66267
948	15	</s>	25.4592
949	1	they	6.37172
949	2	know	11.9019
949	3	that	3.79528
949	4	the	2.53449
949	5	man	9.65412
949	6	said	10.1162
949	7	the	4.64906
949	8	neighbors	16.03
949	9	thought	13.7965
949	10	the	4.36895
949	11	lawyer	14.9776
949	12	reassured	18.8132
949	13	last	14.4913
949	14	night	6.976
949	15	.	2.66267
949	16	</s>	25.4592
950	1	they	6.37172
950	2	know	11.9019
950	3	that	3.79528
950	4	the	2.53449
950	5	man	9.65412
950	6	said	10.1162
950	7	the	4.64906
950	8	neighbors	16.03
950	9	thought	13.7965
950	10	the	4.36895
950	11	lawyer	14.9776
950	12	reassured	18.8132
950	13	his	6.06494
950	14	client	11.264
950	15	last	14.9792
950	16	night	6.976
950	17	.	2.66267
950	18	</s>	25.4592
951	1	they	6.37172
951	2	know	11.9019
951	3	who	7.38908
951	4	the	5.01207
951	5	man	6.97564
951	6	said	10.0278
951	7	the	4.64906
951	8	neighbors	16.03
951	9	thought	13.7965
951	10	the	4.36895
951	11	lawyer	14.9776
951	12	reassured	18.8132
951	13	last	14.4913
951	14	night	6.976
951	15	.	2.66267
951	16	</s>	25.4592
952	1	they	6.37172
952	2	know	11.9019
952	3	who	7.38908
952	4	the	5.01207
952	5	man	6.97564
952	6	said	10.0278
952	7	the	4.64906
952	8	neighbors	16.03
952	9	thought	13.7965
952	10	the	4.36895
952	11	lawyer	14.9776
952	12	reassured	18.8132
952	13	his	6.06494
952	14	client	11.264
952	15	last	14.9792
952	16	night	6.976
952	17	.	2.66267
952	18	</s>	25.4592
953	1	they	6.37172
953	2	know	11.9019
953	3	that	3.79528
953	4	the	2.53449
953	5	man	9.65412
953	6	said	10.1162
953	7	the	4.64906
953	8	neighbors	16.03
953	9	thought	13.7965
953	10	they	5.96809
953	11	knew	6.78694
953	12	the	4.155
953	13	lawyer	14.8278
953	14	reassured	18.8132
953	15	last	14.4913
953	16	night	6.976
953	17	.	2.66267
953	18	</s>	25.4592
954	1	they	6.37172
954	2	know	11.9019
954	3	that	3.79528
954	4	the	2.53449
954	5	man	9.65412
954	6	said	10.1162
954	7	the	4.64906
954	8	neighbors	16.03
954	9	thought	13.7965
954	10	they	5.96809
954	11	knew	6.78694
954	12	the	4.155
954	13	lawyer	14.8278
954	14	reassured	18.8132
954	15	his	6.06494
954	16	client	11.264
954	17	last	14.9792
954	18	night	6.976
954	19	.	2.66267
954	20	</s>	25.4592
955	1	they	6.37172
955	2	know	11.9019
955	3	who	7.38908
955	4	the	5.01207
955	5	man	6.97564
955	6	said	10.0278
955	7	the	4.64906
955	8	neighbors	16.03
955	9	thought	13.7965
955	10	they	5.96809
955	11	knew	6.78694
955	12	the	4.155
955	13	lawyer	14.8278
955	14	reassured	18.8132
955	15	last	14.4913
955	16	night	6.976
955	17	.	2.66267
955	18	</s>	25.4592
956	1	they	6.37172
956	2	know	11.9019
956	3	who	7.38908
956	4	the	5.01207
956	5	man	6.97564
956	6	said	10.0278
956	7	the	4.64906
956	8	neighbors	16.03
956	9	thought	13.7965
956	10	they	5.96809
956	11	knew	6.78694
956	12	the	4.155
956	13	lawyer	14.8278
956	14	reassured	18.8132
956	15	his	6.06494
956	16	client	11.264
956	17	last	14.9792
956	18	night	6.976
956	19	.	2.66267
956	20	</s>	25.4592
957	1	they	6.37172
957	2	know	11.9019
957	3	that	3.79528
957	4	the	2.53449
957	5	man	9.65412
957	6	said	10.1162
957	7	the	4.64906
957	8	neighbors	16.03
957	9	thought	13.7965
957	10	they	5.96809
957	11	knew	6.78694
957	12	the	4.155
957	13	woman	12.2622
957	14	noticed	16.4121
957	15	the	3.60056
957	16	lawyer	14.7365
957	17	reassured	18.8132
957	18	last	14.4913
957	19	night	6.976
957	20	.	2.66267
957	21	</s>	25.4592
958	1	they	6.37172
958	2	know	11.9019
958	3	that	3.79528
958	4	the	2.53449
958	5	man	9.65412
958	6	said	10.1162
958	7	the	4.64906
958	8	neighbors	16.03
958	9	thought	13.7965
958	10	they	5.96809
958	11	knew	6.78694
958	12	the	4.155
958	13	woman	12.2622
958	14	noticed	16.4121
958	15	the	3.60056
958	16	lawyer	14.7365
958	17	reassured	18.8132
958	18	his	6.06494
958	19	client	11.264
958	20	last	14.9792
958	21	night	6.976
958	22	.	2.66267
958	23	</s>	25.4592
959	1	they	6.37172
959	2	know	11.9019
959	3	who	7.38908
959	4	the	5.01207
959	5	man	6.97564
959	6	said	10.0278
959	7	the	4.64906
959	8	neighbors	16.03
959	9	thought	13.7965
959	10	they	5.96809
959	11	knew	6.78694
959	12	the	4.155
959	13	woman	12.2622
959	14	noticed	16.4121
959	15	the	3.60056
959	16	lawyer	14.7365
959	17	reassured	18.8132
959	18	last	14.4913
959	19	night	6.976
959	20	.	2.66267
959	21	</s>	25.4592
960	1	they	6.37172
960	2	know	11.9019
960	3	who	7.38908
960	4	the	5.01207
960	5	man	6.97564
960	6	said	10.0278
960	7	the	4.64906
960	8	neighbors	16.03
960	9	thought	13.7965
960	10	they	5.96809
960	11	knew	6.78694
960	12	the	4.155
960	13	woman	12.2622
960	14	noticed	16.4121
960	15	the	3.60056
960	16	lawyer	14.7365
960	17	reassured	18.8132
960	18	his	6.06494
960	19	client	11.264
960	20	last	14.9792
960	21	night	6.976
960	22	.	2.66267
960	23	</s>	25.4592
961	1	he	4.43708
961	2	reported	10.9023
961	3	that	1.2922
961	4	the	2.05663
961	5	pirate	15.2432
961	6	abandoned	14.8455
961	7	on	6.93193
961	8	the	1.97443
961	9	sinking	15.4511
961	10	ship	2.33585
961	11	.	2.92081
961	12	</s>	23.3093
962	1	he	4.43708
962	2	reported	10.9023
962	3	that	1.2922
962	4	the	2.05663
962	5	pirate	15.2432
962	6	abandoned	14.8455
962	7	his	5.07946
962	8	comrades	12.5726
962	9	on	6.26604
962	10	the	3.74276
962	11	sinking	15.2936
962	12	ship	2.33585
962	13	.	2.92081
962	14	</s>	23.3093
963	1	he	4.43708
963	2	reported	10.9023
963	3	who	12.6639
963	4	the	8.96323
963	5	pirate	14.6702
963	6	abandoned	14.8455
963	7	on	6.93193
963	8	the	1.97443
963	9	sinking	15.4511
963	10	ship	2.33585
963	11	.	2.92081
963	12	</s>	23.3093
964	1	he	4.43708
964	2	reported	10.9023
964	3	who	12.6639
964	4	the	8.96323
964	5	pirate	14.6702
964	6	abandoned	14.8455
964	7	his	5.07946
964	8	comrades	12.5726
964	9	on	6.26604
964	10	the	3.74276
964	11	sinking	15.2936
964	12	ship	2.33585
964	13	.	2.92081
964	14	</s>	23.3093
965	1	he	4.43708
965	2	reported	10.9023
965	3	that	1.2922
965	4	the	2.05663
965	5	sailor	16.1682
965	6	believed	13.806
965	7	the	3.87627
965	8	pirate	14.5528
965	9	abandoned	14.8455
965	10	on	6.93193
965	11	the	1.97443
965	12	sinking	15.4511
965	13	ship	2.33585
965	14	.	2.92081
965	15	</s>	23.3093
966	1	he	4.43708
966	2	reported	10.9023
966	3	that	1.2922
966	4	the	2.05663
966	5	sailor	16.1682
966	6	believed	13.806
966	7	the	3.87627
966	8	pirate	14.5528
966	9	abandoned	14.8455
966	10	his	5.07946
966	11	comrades	12.5726
966	12	on	6.26604
966	13	the	3.74276
966	14	sinking	15.2936
966	15	ship	2.33585
966	16	.	2.92081
966	17	</s>	23.3093
967	1	he	4.43708
967	2	reported	10.9023
967	3	who	12.6639
967	4	the	8.96323
967	5	sailor	14.905
967	6	believed	13.806
967	7	the	3.87627
967	8	pirate	14.5528
967	9	abandoned	14.8455
967	10	on	6.93193
967	11	the	1.97443
967	12	sinking	15.4511
967	13	ship	2.33585
967	14	.	2.92081
967	15	</s>	23.3093
968	1	he	4.43708
968	2	reported	10.9023
968	3	who	12.6639
968	4	the	8.96323
968	5	sailor	14.905
968	6	believed	13.806
968	7	the	3.87627
968	8	pirate	14.5528
968	9	abandoned	14.8455
968	10	his	5.07946
968	11	comrades	12.5726
968	12	on	6.26604
968	13	the	3.74276
968	14	sinking	15.2936
968	15	ship	2.33585
968	16	.	2.92081
968	17	</s>	23.3093
969	1	he	4.43708
969	2	reported	10.9023
969	3	that	1.2922
969	4	the	2.05663
969	5	sailor	16.1682
969	6	believed	13.806
969	7	the	3.87627
969	8	man	11.3386
969	9	believed	13.1847
969	10	the	3.87627
969	11	pirate	14.5528
969	12	abandoned	14.8455
969	13	on	6.93193
969	14	the	1.97443
969	15	sinking	15.4511
969	16	ship	2.33585
969	17	.	2.92081
969	18	</s>	23.3093
970	1	he	4.43708
970	2	reported	10.9023
970	3	that	1.2922
970	4	the	2.05663
970	5	sailor	16.1682
970	6	believed	13.806
970	7	the	3.87627
970	8	man	11.3386
970	9	believed	13.1847
970	10	the	3.87627
970	11	pirate	14.5528
970	12	abandoned	14.8455
970	13	his	5.07946
970	14	comrades	12.5726
970	15	on	6.26604
970	16	the	3.74276
970	17	sinking	15.2936
970	18	ship	2.33585
970	19	.	2.92081
970	20	</s>	23.3093
971	1	he	4.43708
971	2	reported	10.9023
971	3	who	12.6639
971	4	the	8.96323
971	5	sailor	14.905
971	6	believed	13.806
971	7	the	3.87627
971	8	man	11.3386
971	9	believed	13.1847
971	10	the	3.87627
971	11	pirate	14.5528
971	12	abandoned	14.8455
971	13	on	6.93193
971	14	the	1.97443
971	15	sinking	15.4511
971	16	ship	2.33585
971	17	.	2.92081
971	18	</s>	23.3093
972	1	he	4.43708
972	2	reported	10.9023
972	3	who	12.6639
972	4	the	8.96323
972	5	sailor	14.905
972	6	believed	13.806
972	7	the	3.87627
972	8	man	11.3386
972	9	believed	13.1847
972	10	the	3.87627
972	11	pirate	14.5528
972	12	abandoned	14.8455
972	13	his	5.07946
972	14	comrades	12.5726
972	15	on	6.26604
972	16	the	3.74276
972	17	sinking	15.2936
972	18	ship	2.33585
972	19	.	2.92081
972	20	</s>	23.3093
973	1	he	4.43708
973	2	reported	10.9023
973	3	that	1.2922
973	4	the	2.05663
973	5	sailor	16.1682
973	6	believed	13.806
973	7	the	3.87627
973	8	man	11.3386
973	9	believed	13.1847
973	10	he	5.20607
973	11	knew	10.6388
973	12	the	5.05217
973	13	pirate	14.5348
973	14	abandoned	14.8455
973	15	on	6.93193
973	16	the	1.97443
973	17	sinking	15.4511
973	18	ship	2.33585
973	19	.	2.92081
973	20	</s>	23.3093
974	1	he	4.43708
974	2	reported	10.9023
974	3	that	1.2922
974	4	the	2.05663
974	5	sailor	16.1682
974	6	believed	13.806
974	7	the	3.87627
974	8	man	11.3386
974	9	believed	13.1847
974	10	he	5.20607
974	11	knew	10.6388
974	12	the	5.05217
974	13	pirate	14.5348
974	14	abandoned	14.8455
974	15	his	5.07946
974	16	comrades	12.5726
974	17	on	6.26604
974	18	the	3.74276
974	19	sinking	15.2936
974	20	ship	2.33585
974	21	.	2.92081
974	22	</s>	23.3093
975	1	he	4.43708
975	2	reported	10.9023
975	3	who	12.6639
975	4	the	8.96323
975	5	sailor	14.905
975	6	believed	13.806
975	7	the	3.87627
975	8	man	11.3386
975	9	believed	13.1847
975	10	he	5.20607
975	11	knew	10.6388
975	12	the	5.05217
975	13	pirate	14.5348
975	14	abandoned	14.8455
975	15	on	6.93193
975	16	the	1.97443
975	17	sinking	15.4511
975	18	ship	2.33585
975	19	.	2.92081
975	20	</s>	23.3093
976	1	he	4.43708
976	2	reported	10.9023
976	3	who	12.6639
976	4	the	8.96323
976	5	sailor	14.905
976	6	believed	13.806
976	7	the	3.87627
976	8	man	11.3386
976	9	believed	13.1847
976	10	he	5.20607
976	11	knew	10.6388
976	12	the	5.05217
976	13	pirate	14.5348
976	14	abandoned	14.8455
976	15	his	5.07946
976	16	comrades	12.5726
976	17	on	6.26604
976	18	the	3.74276
976	19	sinking	15.2936
976	20	ship	2.33585
976	21	.	2.92081
976	22	</s>	23.3093
977	1	he	4.43708
977	2	reported	10.9023
977	3	that	1.2922
977	4	the	2.05663
977	5	sailor	16.1682
977	6	believed	13.806
977	7	the	3.87627
977	8	man	11.3386
977	9	believed	13.1847
977	10	he	5.20607
977	11	knew	10.6388
977	12	the	5.05217
977	13	man	11.3207
977	14	saw	14.8402
977	15	the	2.9593
977	16	pirate	15.1163
977	17	abandoned	14.8455
977	18	on	6.93193
977	19	the	1.97443
977	20	sinking	15.4511
977	21	ship	2.33585
977	22	.	2.92081
977	23	</s>	23.3093
978	1	he	4.43708
978	2	reported	10.9023
978	3	that	1.2922
978	4	the	2.05663
978	5	sailor	16.1682
978	6	believed	13.806
978	7	the	3.87627
978	8	man	11.3386
978	9	believed	13.1847
978	10	he	5.20607
978	11	knew	10.6388
978	12	the	5.05217
978	13	man	11.3207
978	14	saw	14.8402
978	15	the	2.9593
978	16	pirate	15.1163
978	17	abandoned	14.8455
978	18	his	5.07946
978	19	comrades	12.5726
978	20	on	6.26604
978	21	the	3.74276
978	22	sinking	15.2936
978	23	ship	2.33585
978	24	.	2.92081
978	25	</s>	23.3093
979	1	he	4.43708
979	2	reported	10.9023
979	3	who	12.6639
979	4	the	8.96323
979	5	sailor	14.905
979	6	believed	13.806
979	7	the	3.87627
979	8	man	11.3386
979	9	believed	13.1847
979	10	he	5.20607
979	11	knew	10.6388
979	12	the	5.05217
979	13	man	11.3207
979	14	saw	14.8402
979	15	the	2.9593
979	16	pirate	15.1163
979	17	abandoned	14.8455
979	18	on	6.93193
979	19	the	1.97443
979	20	sinking	15.4511
979	21	ship	2.33585
979	22	.	2.92081
979	23	</s>	23.3093
980	1	he	4.43708
980	2	reported	10.9023
980	3	who	12.6639
980	4	the	8.96323
980	5	sailor	14.905
980	6	believed	13.806
980	7	the	3.87627
980	8	man	11.3386
980	9	believed	13.1847
980	10	he	5.20607
980	11	knew	10.6388
980	12	the	5.05217
980	13	man	11.3207
980	14	saw	14.8402
980	15	the	2.9593
980	16	pirate	15.1163
980	17	abandoned	14.8455
980	18	his	5.07946
980	19	comrades	12.5726
980	20	on	6.26604
980	21	the	3.74276
980	22	sinking	15.2936
980	23	ship	2.33585
980	24	.	2.92081
980	25	</s>	23.3093
981	1	they	6.37172
981	2	reported	11.2987
981	3	that	1.06934
981	4	the	2.41116
981	5	boss	15.2577
981	6	promoted	15.0818
981	7	last	14.6774
981	8	quarter	11.486
981	9	.	3.80372
981	10	</s>	27.9657
982	1	they	6.37172
982	2	reported	11.2987
982	3	that	1.06934
982	4	the	2.41116
982	5	boss	15.2577
982	6	promoted	15.0818
982	7	the	3.37318
982	8	accountant	17.147
982	9	last	14.3545
982	10	quarter	11.486
982	11	.	3.80372
982	12	</s>	27.9657
983	1	they	6.37172
983	2	reported	11.2987
983	3	who	12.4486
983	4	the	8.96323
983	5	boss	14.2445
983	6	promoted	15.0818
983	7	last	14.6774
983	8	quarter	11.486
983	9	.	3.80372
983	10	</s>	27.9657
984	1	they	6.37172
984	2	reported	11.2987
984	3	who	12.4486
984	4	the	8.96323
984	5	boss	14.2445
984	6	promoted	15.0818
984	7	the	3.37318
984	8	accountant	17.147
984	9	last	14.3545
984	10	quarter	11.486
984	11	.	3.80372
984	12	</s>	27.9657
985	1	they	6.37172
985	2	reported	11.2987
985	3	that	1.06934
985	4	the	2.41116
985	5	man	9.74448
985	6	said	10.1162
985	7	the	4.64906
985	8	boss	14.4272
985	9	promoted	15.0818
985	10	last	14.6774
985	11	quarter	11.486
985	12	.	3.80372
985	13	</s>	27.9657
986	1	they	6.37172
986	2	reported	11.2987
986	3	that	1.06934
986	4	the	2.41116
986	5	man	9.74448
986	6	said	10.1162
986	7	the	4.64906
986	8	boss	14.4272
986	9	promoted	15.0818
986	10	the	3.37318
986	11	accountant	17.147
986	12	last	14.3545
986	13	quarter	11.486
986	14	.	3.80372
986	15	</s>	27.9657
987	1	they	6.37172
987	2	reported	11.2987
987	3	who	12.4486
987	4	the	8.96323
987	5	man	6.8914
987	6	said	10.0278
987	7	the	4.64906
987	8	boss	14.4272
987	9	promoted	15.0818
987	10	last	14.6774
987	11	quarter	11.486
987	12	.	3.80372
987	13	</s>	27.9657
988	1	they	6.37172
988	2	reported	11.2987
988	3	who	12.4486
988	4	the	8.96323
988	5	man	6.8914
988	6	said	10.0278
988	7	the	4.64906
988	8	boss	14.4272
988	9	promoted	15.0818
988	10	the	3.37318
988	11	accountant	17.147
988	12	last	14.3545
988	13	quarter	11.486
988	14	.	3.80372
988	15	</s>	27.9657
989	1	they	6.37172
989	2	reported	11.2987
989	3	that	1.06934
989	4	the	2.41116
989	5	man	9.74448
989	6	said	10.1162
989	7	the	4.64906
989	8	old	10.8476
989	9	woman	8.0687
989	10	told	11.9488
989	11	him	3.88907
989	12	the	4.84715
989	13	boss	14.5977
989	14	promoted	15.0818
989	15	last	14.6774
989	16	quarter	11.486
989	17	.	3.80372
989	18	</s>	27.9657
990	1	they	6.37172
990	2	reported	11.2987
990	3	that	1.06934
990	4	the	2.41116
990	5	man	9.74448
990	6	said	10.1162
990	7	the	4.64906
990	8	old	10.8476
990	9	woman	8.0687
990	10	told	11.9488
990	11	him	3.88907
990	12	the	4.84715
990	13	boss	14.5977
990	14	promoted	15.0818
990	15	the	3.37318
990	16	accountant	17.147
990	17	last	14.3545
990	18	quarter	11.486
990	19	.	3.80372
990	20	</s>	27.9657
991	1	they	6.37172
991	2	reported	11.2987
991	3	who	12.4486
991	4	the	8.96323
991	5	man	6.8914
991	6	said	10.0278
991	7	the	4.64906
991	8	old	10.8476
991	9	woman	8.0687
991	10	told	11.9488
991	11	him	3.88907
991	12	the	4.84715
991	13	boss	14.5977
991	14	promoted	15.0818
991	15	last	14.6774
991	16	quarter	11.486
991	17	.	3.80372
991	18	</s>	27.9657
992	1	they	6.37172
992	2	reported	11.2987
992	3	who	12.4486
992	4	the	8.96323
992	5	man	6.8914
992	6	said	10.0278
992	7	the	4.64906
992	8	old	10.8476
992	9	woman	8.0687
992	10	told	11.9488
992	11	him	3.88907
992	12	the	4.84715
992	13	boss	14.5977
992	14	promoted	15.0818
992	15	the	3.37318
992	16	accountant	17.147
992	17	last	14.3545
992	18	quarter	11.486
992	19	.	3.80372
992	20	</s>	27.9657
993	1	they	6.37172
993	2	reported	11.2987
993	3	that	1.06934
993	4	the	2.41116
993	5	man	9.74448
993	6	said	10.1162
993	7	the	4.64906
993	8	old	10.8476
993	9	woman	8.0687
993	10	told	11.9488
993	11	him	3.88907
993	12	she	6.08387
993	13	knew	10.1816
993	14	the	5.35757
993	15	boss	14.0672
993	16	promoted	15.0818
993	17	last	14.6774
993	18	quarter	11.486
993	19	.	3.80372
993	20	</s>	27.9657
994	1	they	6.37172
994	2	reported	11.2987
994	3	that	1.06934
994	4	the	2.41116
994	5	man	9.74448
994	6	said	10.1162
994	7	the	4.64906
994	8	old	10.8476
994	9	woman	8.0687
994	10	told	11.9488
994	11	him	3.88907
994	12	she	6.08387
994	13	knew	10.1816
994	14	the	5.35757
994	15	boss	14.0672
994	16	promoted	15.0818
994	17	the	3.37318
994	18	accountant	17.147
994	19	last	14.3545
994	20	quarter	11.486
994	21	.	3.80372
994	22	</s>	27.9657
995	1	they	6.37172
995	2	reported	11.2987
995	3	who	12.4486
995	4	the	8.96323
995	5	man	6.8914
995	6	said	10.0278
995	7	the	4.64906
995	8	old	10.8476
995	9	woman	8.0687
995	10	told	11.9488
995	11	him	3.88907
995	12	she	6.08387
995	13	knew	10.1816
995	14	the	5.35757
995	15	boss	14.0672
995	16	promoted	15.0818
995	17	last	14.6774
995	18	quarter	11.486
995	19	.	3.80372
995	20	</s>	27.9657
996	1	they	6.37172
996	2	reported	11.2987
996	3	who	12.4486
996	4	the	8.96323
996	5	man	6.8914
996	6	said	10.0278
996	7	the	4.64906
996	8	old	10.8476
996	9	woman	8.0687
996	10	told	11.9488
996	11	him	3.88907
996	12	she	6.08387
996	13	knew	10.1816
996	14	the	5.35757
996	15	boss	14.0672
996	16	promoted	15.0818
996	17	the	3.37318
996	18	accountant	17.147
996	19	last	14.3545
996	20	quarter	11.486
996	21	.	3.80372
996	22	</s>	27.9657
997	1	they	6.37172
997	2	reported	11.2987
997	3	that	1.06934
997	4	the	2.41116
997	5	man	9.74448
997	6	said	10.1162
997	7	the	4.64906
997	8	old	10.8476
997	9	woman	8.0687
997	10	told	11.9488
997	11	him	3.88907
997	12	she	6.08387
997	13	knew	10.1816
997	14	he	4.89328
997	15	noticed	13.2402
997	16	the	3.89328
997	17	boss	14.0392
997	18	promoted	15.0818
997	19	last	14.6774
997	20	quarter	11.486
997	21	.	3.80372
997	22	</s>	27.9657
998	1	they	6.37172
998	2	reported	11.2987
998	3	that	1.06934
998	4	the	2.41116
998	5	man	9.74448
998	6	said	10.1162
998	7	the	4.64906
998	8	old	10.8476
998	9	woman	8.0687
998	10	told	11.9488
998	11	him	3.88907
998	12	she	6.08387
998	13	knew	10.1816
998	14	he	4.89328
998	15	noticed	13.2402
998	16	the	3.89328
998	17	boss	14.0392
998	18	promoted	15.0818
998	19	the	3.37318
998	20	accountant	17.147
998	21	last	14.3545
998	22	quarter	11.486
998	23	.	3.80372
998	24	</s>	27.9657
999	1	they	6.37172
999	2	reported	11.2987
999	3	who	12.4486
999	4	the	8.96323
999	5	man	6.8914
999	6	said	10.0278
999	7	the	4.64906
999	8	old	10.8476
999	9	woman	8.0687
999	10	told	11.9488
999	11	him	3.88907
999	12	she	6.08387
999	13	knew	10.1816
999	14	he	4.89328
999	15	noticed	13.2402
999	16	the	3.89328
999	17	boss	14.0392
999	18	promoted	15.0818
999	19	last	14.6774
999	20	quarter	11.486
999	21	.	3.80372
999	22	</s>	27.9657
1000	1	they	6.37172
1000	2	reported	11.2987
1000	3	who	12.4486
1000	4	the	8.96323
1000	5	man	6.8914
1000	6	said	10.0278
1000	7	the	4.64906
1000	8	old	10.8476
1000	9	woman	8.0687
1000	10	told	11.9488
1000	11	him	3.88907
1000	12	she	6.08387
1000	13	knew	10.1816
1000	14	he	4.89328
1000	15	noticed	13.2402
1000	16	the	3.89328
1000	17	boss	14.0392
1000	18	promoted	15.0818
1000	19	the	3.37318
1000	20	accountant	17.147
1000	21	last	14.3545
1000	22	quarter	11.486
1000	23	.	3.80372
1000	24	</s>	27.9657
1001	1	my	12.9847
1001	2	friend	8.54682
1001	3	knows	13.7003
1001	4	that	3.41989
1001	5	the	3.30016
1001	6	successful	13.9995
1001	7	architect	14.6207
1001	8	handed	16.1311
1001	9	for	9.27006
1001	10	her	7.27457
1001	11	mother	7.22739
1001	12	.	2.31656
1001	13	</s>	24.7244
1002	1	my	12.9847
1002	2	friend	8.54682
1002	3	knows	13.7003
1002	4	that	3.41989
1002	5	the	3.30016
1002	6	successful	13.9995
1002	7	architect	14.6207
1002	8	handed	16.1311
1002	9	an	7.79471
1002	10	award	10.2934
1002	11	for	3.3675
1002	12	her	5.72816
1002	13	mother	7.93128
1002	14	.	2.31656
1002	15	</s>	24.7244
1003	1	my	12.9847
1003	2	friend	8.54682
1003	3	knows	13.7003
1003	4	what	4.48505
1003	5	the	3.15674
1003	6	successful	13.3517
1003	7	architect	14.6207
1003	8	handed	16.1311
1003	9	for	9.27006
1003	10	her	7.27457
1003	11	mother	7.22739
1003	12	.	2.31656
1003	13	</s>	24.7244
1004	1	my	12.9847
1004	2	friend	8.54682
1004	3	knows	13.7003
1004	4	what	4.48505
1004	5	the	3.15674
1004	6	successful	13.3517
1004	7	architect	14.6207
1004	8	handed	16.1311
1004	9	an	7.79471
1004	10	award	10.2934
1004	11	for	3.3675
1004	12	her	5.72816
1004	13	mother	7.93128
1004	14	.	2.31656
1004	15	</s>	24.7244
1005	1	my	12.9847
1005	2	friend	8.54682
1005	3	knows	13.7003
1005	4	that	3.41989
1005	5	the	3.30016
1005	6	judge	11.3607
1005	7	thought	14.2977
1005	8	the	4.36895
1005	9	successful	13.1653
1005	10	architect	14.6207
1005	11	handed	16.1311
1005	12	for	9.27006
1005	13	her	7.27457
1005	14	mother	7.22739
1005	15	.	2.31656
1005	16	</s>	24.7244
1006	1	my	12.9847
1006	2	friend	8.54682
1006	3	knows	13.7003
1006	4	that	3.41989
1006	5	the	3.30016
1006	6	judge	11.3607
1006	7	thought	14.2977
1006	8	the	4.36895
1006	9	successful	13.1653
1006	10	architect	14.6207
1006	11	handed	16.1311
1006	12	an	7.79471
1006	13	award	10.2934
1006	14	for	3.3675
1006	15	her	5.72816
1006	16	mother	7.93128
1006	17	.	2.31656
1006	18	</s>	24.7244
1007	1	my	12.9847
1007	2	friend	8.54682
1007	3	knows	13.7003
1007	4	what	4.48505
1007	5	the	3.15674
1007	6	judge	10.8575
1007	7	thought	14.0556
1007	8	the	4.36895
1007	9	successful	13.1653
1007	10	architect	14.6207
1007	11	handed	16.1311
1007	12	for	9.27006
1007	13	her	7.27457
1007	14	mother	7.22739
1007	15	.	2.31656
1007	16	</s>	24.7244
1008	1	my	12.9847
1008	2	friend	8.54682
1008	3	knows	13.7003
1008	4	what	4.48505
1008	5	the	3.15674
1008	6	judge	10.8575
1008	7	thought	14.0556
1008	8	the	4.36895
1008	9	successful	13.1653
1008	10	architect	14.6207
1008	11	handed	16.1311
1008	12	an	7.79471
1008	13	award	10.2934
1008	14	for	3.3675
1008	15	her	5.72816
1008	16	mother	7.93128
1008	17	.	2.31656
1008	18	</s>	24.7244
1009	1	my	12.9847
1009	2	friend	8.54682
1009	3	knows	13.7003
1009	4	that	3.41989
1009	5	the	3.30016
1009	6	judge	11.3607
1009	7	thought	14.2977
1009	8	the	4.36895
1009	9	cop	17.1416
1009	10	said	12.0061
1009	11	the	4.51729
1009	12	successful	13.3123
1009	13	architect	14.6207
1009	14	handed	16.1311
1009	15	for	9.27006
1009	16	her	7.27457
1009	17	mother	7.22739
1009	18	.	2.31656
1009	19	</s>	24.7244
1010	1	my	12.9847
1010	2	friend	8.54682
1010	3	knows	13.7003
1010	4	that	3.41989
1010	5	the	3.30016
1010	6	judge	11.3607
1010	7	thought	14.2977
1010	8	the	4.36895
1010	9	cop	17.1416
1010	10	said	12.0061
1010	11	the	4.51729
1010	12	successful	13.3123
1010	13	architect	14.6207
1010	14	handed	16.1311
1010	15	an	7.79471
1010	16	award	10.2934
1010	17	for	3.3675
1010	18	her	5.72816
1010	19	mother	7.93128
1010	20	.	2.31656
1010	21	</s>	24.7244
1011	1	my	12.9847
1011	2	friend	8.54682
1011	3	knows	13.7003
1011	4	what	4.48505
1011	5	the	3.15674
1011	6	judge	10.8575
1011	7	thought	14.0556
1011	8	the	4.36895
1011	9	cop	17.1416
1011	10	said	12.0061
1011	11	the	4.51729
1011	12	successful	13.3123
1011	13	architect	14.6207
1011	14	handed	16.1311
1011	15	for	9.27006
1011	16	her	7.27457
1011	17	mother	7.22739
1011	18	.	2.31656
1011	19	</s>	24.7244
1012	1	my	12.9847
1012	2	friend	8.54682
1012	3	knows	13.7003
1012	4	what	4.48505
1012	5	the	3.15674
1012	6	judge	10.8575
1012	7	thought	14.0556
1012	8	the	4.36895
1012	9	cop	17.1416
1012	10	said	12.0061
1012	11	the	4.51729
1012	12	successful	13.3123
1012	13	architect	14.6207
1012	14	handed	16.1311
1012	15	an	7.79471
1012	16	award	10.2934
1012	17	for	3.3675
1012	18	her	5.72816
1012	19	mother	7.93128
1012	20	.	2.31656
1012	21	</s>	24.7244
1013	1	my	12.9847
1013	2	friend	8.54682
1013	3	knows	13.7003
1013	4	that	3.41989
1013	5	the	3.30016
1013	6	judge	11.3607
1013	7	thought	14.2977
1013	8	the	4.36895
1013	9	cop	17.1416
1013	10	said	12.0061
1013	11	the	4.51729
1013	12	man	9.44883
1013	13	testified	16.6375
1013	14	the	11.5542
1013	15	successful	12.7875
1013	16	architect	14.6207
1013	17	handed	16.1311
1013	18	for	9.27006
1013	19	her	7.27457
1013	20	mother	7.22739
1013	21	.	2.31656
1013	22	</s>	24.7244
1014	1	my	12.9847
1014	2	friend	8.54682
1014	3	knows	13.7003
1014	4	that	3.41989
1014	5	the	3.30016
1014	6	judge	11.3607
1014	7	thought	14.2977
1014	8	the	4.36895
1014	9	cop	17.1416
1014	10	said	12.0061
1014	11	the	4.51729
1014	12	man	9.44883
1014	13	testified	16.6375
1014	14	the	11.5542
1014	15	successful	12.7875
1014	16	architect	14.6207
1014	17	handed	16.1311
1014	18	an	7.79471
1014	19	award	10.2934
1014	20	for	3.3675
1014	21	her	5.72816
1014	22	mother	7.93128
1014	23	.	2.31656
1014	24	</s>	24.7244
1015	1	my	12.9847
1015	2	friend	8.54682
1015	3	knows	13.7003
1015	4	what	4.48505
1015	5	the	3.15674
1015	6	judge	10.8575
1015	7	thought	14.0556
1015	8	the	4.36895
1015	9	cop	17.1416
1015	10	said	12.0061
1015	11	the	4.51729
1015	12	man	9.44883
1015	13	testified	16.6375
1015	14	the	11.5542
1015	15	successful	12.7875
1015	16	architect	14.6207
1015	17	handed	16.1311
1015	18	for	9.27006
1015	19	her	7.27457
1015	20	mother	7.22739
1015	21	.	2.31656
1015	22	</s>	24.7244
1016	1	my	12.9847
1016	2	friend	8.54682
1016	3	knows	13.7003
1016	4	what	4.48505
1016	5	the	3.15674
1016	6	judge	10.8575
1016	7	thought	14.0556
1016	8	the	4.36895
1016	9	cop	17.1416
1016	10	said	12.0061
1016	11	the	4.51729
1016	12	man	9.44883
1016	13	testified	16.6375
1016	14	the	11.5542
1016	15	successful	12.7875
1016	16	architect	14.6207
1016	17	handed	16.1311
1016	18	an	7.79471
1016	19	award	10.2934
1016	20	for	3.3675
1016	21	her	5.72816
1016	22	mother	7.93128
1016	23	.	2.31656
1016	24	</s>	24.7244
1017	1	my	12.9847
1017	2	friend	8.54682
1017	3	knows	13.7003
1017	4	that	3.41989
1017	5	the	3.30016
1017	6	judge	11.3607
1017	7	thought	14.2977
1017	8	the	4.36895
1017	9	cop	17.1416
1017	10	said	12.0061
1017	11	the	4.51729
1017	12	man	9.44883
1017	13	testified	16.6375
1017	14	his	10.4609
1017	15	friend	9.01641
1017	16	reported	13.4028
1017	17	the	4.76018
1017	18	successful	8.46407
1017	19	architect	14.6207
1017	20	handed	16.1311
1017	21	for	9.27006
1017	22	her	7.27457
1017	23	mother	7.22739
1017	24	.	2.31656
1017	25	</s>	24.7244
1018	1	my	12.9847
1018	2	friend	8.54682
1018	3	knows	13.7003
1018	4	that	3.41989
1018	5	the	3.30016
1018	6	judge	11.3607
1018	7	thought	14.2977
1018	8	the	4.36895
1018	9	cop	17.1416
1018	10	said	12.0061
1018	11	the	4.51729
1018	12	man	9.44883
1018	13	testified	16.6375
1018	14	his	10.4609
1018	15	friend	9.01641
1018	16	reported	13.4028
1018	17	the	4.76018
1018	18	successful	8.46407
1018	19	architect	14.6207
1018	20	handed	16.1311
1018	21	an	7.79471
1018	22	award	10.2934
1018	23	for	3.3675
1018	24	her	5.72816
1018	25	mother	7.93128
1018	26	.	2.31656
1018	27	</s>	24.7244
1019	1	my	12.9847
1019	2	friend	8.54682
1019	3	knows	13.7003
1019	4	what	4.48505
1019	5	the	3.15674
1019	6	judge	10.8575
1019	7	thought	14.0556
1019	8	the	4.36895
1019	9	cop	17.1416
1019	10	said	12.0061
1019	11	the	4.51729
1019	12	man	9.44883
1019	13	testified	16.6375
1019	14	his	10.4609
1019	15	friend	9.01641
1019	16	reported	13.4028
1019	17	the	4.76018
1019	18	successful	8.46407
1019	19	architect	14.6207
1019	20	handed	16.1311
1019	21	for	9.27006
1019	22	her	7.27457
1019	23	mother	7.22739
1019	24	.	2.31656
1019	25	</s>	24.7244
1020	1	my	12.9847
1020	2	friend	8.54682
1020	3	knows	13.7003
1020	4	what	4.48505
1020	5	the	3.15674
1020	6	judge	10.8575
1020	7	thought	14.0556
1020	8	the	4.36895
1020	9	cop	17.1416
1020	10	said	12.0061
1020	11	the	4.51729
1020	12	man	9.44883
1020	13	testified	16.6375
1020	14	his	10.4609
1020	15	friend	9.01641
1020	16	reported	13.4028
1020	17	the	4.76018
1020	18	successful	8.46407
1020	19	architect	14.6207
1020	20	handed	16.1311
1020	21	an	7.79471
1020	22	award	10.2934
1020	23	for	3.3675
1020	24	her	5.72816
1020	25	mother	7.93128
1020	26	.	2.31656
1020	27	</s>	24.7244
1021	1	the	2.46696
1021	2	commissioner	14.5743
1021	3	discovered	15.3375
1021	4	that	3.37446
1021	5	the	3.17263
1021	6	police	9.75232
1021	7	detective	10.8045
1021	8	lent	16.5677
1021	9	to	4.02835
1021	10	the	1.76701
1021	11	man	11.5181
1021	12	.	4.58518
1021	13	</s>	23.7244
1022	1	the	2.46696
1022	2	commissioner	14.5743
1022	3	discovered	15.3375
1022	4	that	3.37446
1022	5	the	3.17263
1022	6	police	9.75232
1022	7	detective	10.8045
1022	8	lent	16.5677
1022	9	some	8.01442
1022	10	money	9.59741
1022	11	to	3.59202
1022	12	the	4.13588
1022	13	man	11.6097
1022	14	.	4.58518
1022	15	</s>	23.7244
1023	1	the	2.46696
1023	2	commissioner	14.5743
1023	3	discovered	15.3375
1023	4	what	7.36142
1023	5	the	5.20984
1023	6	police	8.79392
1023	7	detective	10.7002
1023	8	lent	16.5677
1023	9	to	4.02835
1023	10	the	1.76701
1023	11	man	11.5181
1023	12	.	4.58518
1023	13	</s>	23.7244
1024	1	the	2.46696
1024	2	commissioner	14.5743
1024	3	discovered	15.3375
1024	4	what	7.36142
1024	5	the	5.20984
1024	6	police	8.79392
1024	7	detective	10.7002
1024	8	lent	16.5677
1024	9	some	8.01442
1024	10	money	9.59741
1024	11	to	3.59202
1024	12	the	4.13588
1024	13	man	11.6097
1024	14	.	4.58518
1024	15	</s>	23.7244
1025	1	the	2.46696
1025	2	commissioner	14.5743
1025	3	discovered	15.3375
1025	4	that	3.37446
1025	5	the	3.17263
1025	6	report	10.9315
1025	7	stated	7.13008
1025	8	the	5.39822
1025	9	police	11.4463
1025	10	detective	10.1471
1025	11	lent	16.5677
1025	12	to	4.02835
1025	13	the	1.76701
1025	14	man	11.5181
1025	15	.	4.58518
1025	16	</s>	23.7244
1026	1	the	2.46696
1026	2	commissioner	14.5743
1026	3	discovered	15.3375
1026	4	that	3.37446
1026	5	the	3.17263
1026	6	report	10.9315
1026	7	stated	7.13008
1026	8	the	5.39822
1026	9	police	11.4463
1026	10	detective	10.1471
1026	11	lent	16.5677
1026	12	some	8.01442
1026	13	money	9.59741
1026	14	to	3.59202
1026	15	the	4.13588
1026	16	man	11.6097
1026	17	.	4.58518
1026	18	</s>	23.7244
1027	1	the	2.46696
1027	2	commissioner	14.5743
1027	3	discovered	15.3375
1027	4	what	7.36142
1027	5	the	5.20984
1027	6	report	10.8575
1027	7	stated	6.69216
1027	8	the	5.39822
1027	9	police	11.4463
1027	10	detective	10.1471
1027	11	lent	16.5677
1027	12	to	4.02835
1027	13	the	1.76701
1027	14	man	11.5181
1027	15	.	4.58518
1027	16	</s>	23.7244
1028	1	the	2.46696
1028	2	commissioner	14.5743
1028	3	discovered	15.3375
1028	4	what	7.36142
1028	5	the	5.20984
1028	6	report	10.8575
1028	7	stated	6.69216
1028	8	the	5.39822
1028	9	police	11.4463
1028	10	detective	10.1471
1028	11	lent	16.5677
1028	12	some	8.01442
1028	13	money	9.59741
1028	14	to	3.59202
1028	15	the	4.13588
1028	16	man	11.6097
1028	17	.	4.58518
1028	18	</s>	23.7244
1029	1	the	2.46696
1029	2	commissioner	14.5743
1029	3	discovered	15.3375
1029	4	that	3.37446
1029	5	the	3.17263
1029	6	report	10.9315
1029	7	stated	7.13008
1029	8	the	5.39822
1029	9	television	12.9694
1029	10	host	9.08732
1029	11	thought	13.7654
1029	12	the	4.36895
1029	13	police	11.3982
1029	14	detective	10.1471
1029	15	lent	16.5677
1029	16	to	4.02835
1029	17	the	1.76701
1029	18	man	11.5181
1029	19	.	4.58518
1029	20	</s>	23.7244
1030	1	the	2.46696
1030	2	commissioner	14.5743
1030	3	discovered	15.3375
1030	4	that	3.37446
1030	5	the	3.17263
1030	6	report	10.9315
1030	7	stated	7.13008
1030	8	the	5.39822
1030	9	television	12.9694
1030	10	host	9.08732
1030	11	thought	13.7654
1030	12	the	4.36895
1030	13	police	11.3982
1030	14	detective	10.1471
1030	15	lent	16.5677
1030	16	some	8.01442
1030	17	money	9.59741
1030	18	to	3.59202
1030	19	the	4.13588
1030	20	man	11.6097
1030	21	.	4.58518
1030	22	</s>	23.7244
1031	1	the	2.46696
1031	2	commissioner	14.5743
1031	3	discovered	15.3375
1031	4	what	7.36142
1031	5	the	5.20984
1031	6	report	10.8575
1031	7	stated	6.69216
1031	8	the	5.39822
1031	9	television	12.9694
1031	10	host	9.08732
1031	11	thought	13.7654
1031	12	the	4.36895
1031	13	police	11.3982
1031	14	detective	10.1471
1031	15	lent	16.5677
1031	16	to	4.02835
1031	17	the	1.76701
1031	18	man	11.5181
1031	19	.	4.58518
1031	20	</s>	23.7244
1032	1	the	2.46696
1032	2	commissioner	14.5743
1032	3	discovered	15.3375
1032	4	what	7.36142
1032	5	the	5.20984
1032	6	report	10.8575
1032	7	stated	6.69216
1032	8	the	5.39822
1032	9	television	12.9694
1032	10	host	9.08732
1032	11	thought	13.7654
1032	12	the	4.36895
1032	13	police	11.3982
1032	14	detective	10.1471
1032	15	lent	16.5677
1032	16	some	8.01442
1032	17	money	9.59741
1032	18	to	3.59202
1032	19	the	4.13588
1032	20	man	11.6097
1032	21	.	4.58518
1032	22	</s>	23.7244
1033	1	the	2.46696
1033	2	commissioner	14.5743
1033	3	discovered	15.3375
1033	4	that	3.37446
1033	5	the	3.17263
1033	6	report	10.9315
1033	7	stated	7.13008
1033	8	the	5.39822
1033	9	television	12.9694
1033	10	host	9.08732
1033	11	thought	13.7654
1033	12	the	4.36895
1033	13	man	11.4918
1033	14	reported	12.4041
1033	15	the	4.76018
1033	16	police	11.4976
1033	17	detective	10.1471
1033	18	lent	16.5677
1033	19	to	4.02835
1033	20	the	1.76701
1033	21	man	11.5181
1033	22	.	4.58518
1033	23	</s>	23.7244
1034	1	the	2.46696
1034	2	commissioner	14.5743
1034	3	discovered	15.3375
1034	4	that	3.37446
1034	5	the	3.17263
1034	6	report	10.9315
1034	7	stated	7.13008
1034	8	the	5.39822
1034	9	television	12.9694
1034	10	host	9.08732
1034	11	thought	13.7654
1034	12	the	4.36895
1034	13	man	11.4918
1034	14	reported	12.4041
1034	15	the	4.76018
1034	16	police	11.4976
1034	17	detective	10.1471
1034	18	lent	16.5677
1034	19	some	8.01442
1034	20	money	9.59741
1034	21	to	3.59202
1034	22	the	4.13588
1034	23	man	11.6097
1034	24	.	4.58518
1034	25	</s>	23.7244
1035	1	the	2.46696
1035	2	commissioner	14.5743
1035	3	discovered	15.3375
1035	4	what	7.36142
1035	5	the	5.20984
1035	6	report	10.8575
1035	7	stated	6.69216
1035	8	the	5.39822
1035	9	television	12.9694
1035	10	host	9.08732
1035	11	thought	13.7654
1035	12	the	4.36895
1035	13	man	11.4918
1035	14	reported	12.4041
1035	15	the	4.76018
1035	16	police	11.4976
1035	17	detective	10.1471
1035	18	lent	16.5677
1035	19	to	4.02835
1035	20	the	1.76701
1035	21	man	11.5181
1035	22	.	4.58518
1035	23	</s>	23.7244
1036	1	the	2.46696
1036	2	commissioner	14.5743
1036	3	discovered	15.3375
1036	4	what	7.36142
1036	5	the	5.20984
1036	6	report	10.8575
1036	7	stated	6.69216
1036	8	the	5.39822
1036	9	television	12.9694
1036	10	host	9.08732
1036	11	thought	13.7654
1036	12	the	4.36895
1036	13	man	11.4918
1036	14	reported	12.4041
1036	15	the	4.76018
1036	16	police	11.4976
1036	17	detective	10.1471
1036	18	lent	16.5677
1036	19	some	8.01442
1036	20	money	9.59741
1036	21	to	3.59202
1036	22	the	4.13588
1036	23	man	11.6097
1036	24	.	4.58518
1036	25	</s>	23.7244
1037	1	the	2.46696
1037	2	commissioner	14.5743
1037	3	discovered	15.3375
1037	4	that	3.37446
1037	5	the	3.17263
1037	6	report	10.9315
1037	7	stated	7.13008
1037	8	the	5.39822
1037	9	television	12.9694
1037	10	host	9.08732
1037	11	thought	13.7654
1037	12	the	4.36895
1037	13	man	11.4918
1037	14	reported	12.4041
1037	15	the	4.76018
1037	16	lawyer	15.077
1037	17	said	10.0777
1037	18	the	4.56942
1037	19	police	10.3593
1037	20	detective	10.1471
1037	21	lent	16.5677
1037	22	to	4.02835
1037	23	the	1.76701
1037	24	man	11.5181
1037	25	.	4.58518
1037	26	</s>	23.7244
1038	1	the	2.46696
1038	2	commissioner	14.5743
1038	3	discovered	15.3375
1038	4	that	3.37446
1038	5	the	3.17263
1038	6	report	10.9315
1038	7	stated	7.13008
1038	8	the	5.39822
1038	9	television	12.9694
1038	10	host	9.08732
1038	11	thought	13.7654
1038	12	the	4.36895
1038	13	man	11.4918
1038	14	reported	12.4041
1038	15	the	4.76018
1038	16	lawyer	15.077
1038	17	said	10.0777
1038	18	the	4.56942
1038	19	police	10.3593
1038	20	detective	10.1471
1038	21	lent	16.5677
1038	22	some	8.01442
1038	23	money	9.59741
1038	24	to	3.59202
1038	25	the	4.13588
1038	26	man	11.6097
1038	27	.	4.58518
1038	28	</s>	23.7244
1039	1	the	2.46696
1039	2	commissioner	14.5743
1039	3	discovered	15.3375
1039	4	what	7.36142
1039	5	the	5.20984
1039	6	report	10.8575
1039	7	stated	6.69216
1039	8	the	5.39822
1039	9	television	12.9694
1039	10	host	9.08732
1039	11	thought	13.7654
1039	12	the	4.36895
1039	13	man	11.4918
1039	14	reported	12.4041
1039	15	the	4.76018
1039	16	lawyer	15.077
1039	17	said	10.0777
1039	18	the	4.56942
1039	19	police	10.3593
1039	20	detective	10.1471
1039	21	lent	16.5677
1039	22	to	4.02835
1039	23	the	1.76701
1039	24	man	11.5181
1039	25	.	4.58518
1039	26	</s>	23.7244
1040	1	the	2.46696
1040	2	commissioner	14.5743
1040	3	discovered	15.3375
1040	4	what	7.36142
1040	5	the	5.20984
1040	6	report	10.8575
1040	7	stated	6.69216
1040	8	the	5.39822
1040	9	television	12.9694
1040	10	host	9.08732
1040	11	thought	13.7654
1040	12	the	4.36895
1040	13	man	11.4918
1040	14	reported	12.4041
1040	15	the	4.76018
1040	16	lawyer	15.077
1040	17	said	10.0777
1040	18	the	4.56942
1040	19	police	10.3593
1040	20	detective	10.1471
1040	21	lent	16.5677
1040	22	some	8.01442
1040	23	money	9.59741
1040	24	to	3.59202
1040	25	the	4.13588
1040	26	man	11.6097
1040	27	.	4.58518
1040	28	</s>	23.7244
1041	1	we	10.0475
1041	2	all	6.75965
1041	3	know	4.10726
1041	4	that	2.3121
1041	5	the	4.10609
1041	6	investor	14.4786
1041	7	repaid	18.8872
1041	8	to	6.71702
1041	9	the	5.42649
1041	10	criminal	12.329
1041	11	<unk>	5.87516
1041	12	.	3.00568
1041	13	</s>	24.4592
1042	1	we	10.0475
1042	2	all	6.75965
1042	3	know	4.10726
1042	4	that	2.3121
1042	5	the	4.10609
1042	6	investor	14.4786
1042	7	repaid	18.8872
1042	8	his	5.93642
1042	9	debt	12.6027
1042	10	to	2.07745
1042	11	the	3.65777
1042	12	criminal	12.4082
1042	13	<unk>	5.87516
1042	14	.	3.00568
1042	15	</s>	24.4592
1043	1	we	10.0475
1043	2	all	6.75965
1043	3	know	4.10726
1043	4	what	4.50577
1043	5	the	4.27848
1043	6	investor	15.4997
1043	7	repaid	18.6417
1043	8	to	6.71702
1043	9	the	5.42649
1043	10	criminal	12.329
1043	11	<unk>	5.87516
1043	12	.	3.00568
1043	13	</s>	24.4592
1044	1	we	10.0475
1044	2	all	6.75965
1044	3	know	4.10726
1044	4	what	4.50577
1044	5	the	4.27848
1044	6	investor	15.4997
1044	7	repaid	18.6417
1044	8	his	5.93642
1044	9	debt	12.6027
1044	10	to	2.07745
1044	11	the	3.65777
1044	12	criminal	12.4082
1044	13	<unk>	5.87516
1044	14	.	3.00568
1044	15	</s>	24.4592
1045	1	we	10.0475
1045	2	all	6.75965
1045	3	know	4.10726
1045	4	that	2.3121
1045	5	the	4.10609
1045	6	accountant	17.4301
1045	7	said	11.9842
1045	8	the	4.51729
1045	9	investor	15.4595
1045	10	repaid	18.6417
1045	11	to	6.71702
1045	12	the	5.42649
1045	13	criminal	12.329
1045	14	<unk>	5.87516
1045	15	.	3.00568
1045	16	</s>	24.4592
1046	1	we	10.0475
1046	2	all	6.75965
1046	3	know	4.10726
1046	4	that	2.3121
1046	5	the	4.10609
1046	6	accountant	17.4301
1046	7	said	11.9842
1046	8	the	4.51729
1046	9	investor	15.4595
1046	10	repaid	18.6417
1046	11	his	5.93642
1046	12	debt	12.6027
1046	13	to	2.07745
1046	14	the	3.65777
1046	15	criminal	12.4082
1046	16	<unk>	5.87516
1046	17	.	3.00568
1046	18	</s>	24.4592
1047	1	we	10.0475
1047	2	all	6.75965
1047	3	know	4.10726
1047	4	what	4.50577
1047	5	the	4.27848
1047	6	accountant	17.1704
1047	7	said	11.9842
1047	8	the	4.51729
1047	9	investor	15.4595
1047	10	repaid	18.6417
1047	11	to	6.71702
1047	12	the	5.42649
1047	13	criminal	12.329
1047	14	<unk>	5.87516
1047	15	.	3.00568
1047	16	</s>	24.4592
1048	1	we	10.0475
1048	2	all	6.75965
1048	3	know	4.10726
1048	4	what	4.50577
1048	5	the	4.27848
1048	6	accountant	17.1704
1048	7	said	11.9842
1048	8	the	4.51729
1048	9	investor	15.4595
1048	10	repaid	18.6417
1048	11	his	5.93642
1048	12	debt	12.6027
1048	13	to	2.07745
1048	14	the	3.65777
1048	15	criminal	12.4082
1048	16	<unk>	5.87516
1048	17	.	3.00568
1048	18	</s>	24.4592
1049	1	we	10.0475
1049	2	all	6.75965
1049	3	know	4.10726
1049	4	that	2.3121
1049	5	the	4.10609
1049	6	accountant	17.4301
1049	7	said	11.9842
1049	8	his	6.83762
1049	9	colleague	11.8476
1049	10	recalled	14.6609
1049	11	the	4.00018
1049	12	investor	15.0924
1049	13	repaid	18.6417
1049	14	to	6.71702
1049	15	the	5.42649
1049	16	criminal	12.329
1049	17	<unk>	5.87516
1049	18	.	3.00568
1049	19	</s>	24.4592
1050	1	we	10.0475
1050	2	all	6.75965
1050	3	know	4.10726
1050	4	that	2.3121
1050	5	the	4.10609
1050	6	accountant	17.4301
1050	7	said	11.9842
1050	8	his	6.83762
1050	9	colleague	11.8476
1050	10	recalled	14.6609
1050	11	the	4.00018
1050	12	investor	15.0924
1050	13	repaid	18.6417
1050	14	his	5.93642
1050	15	debt	12.6027
1050	16	to	2.07745
1050	17	the	3.65777
1050	18	criminal	12.4082
1050	19	<unk>	5.87516
1050	20	.	3.00568
1050	21	</s>	24.4592
1051	1	we	10.0475
1051	2	all	6.75965
1051	3	know	4.10726
1051	4	what	4.50577
1051	5	the	4.27848
1051	6	accountant	17.1704
1051	7	said	11.9842
1051	8	his	6.83762
1051	9	colleague	11.8476
1051	10	recalled	14.6609
1051	11	the	4.00018
1051	12	investor	15.0924
1051	13	repaid	18.6417
1051	14	to	6.71702
1051	15	the	5.42649
1051	16	criminal	12.329
1051	17	<unk>	5.87516
1051	18	.	3.00568
1051	19	</s>	24.4592
1052	1	we	10.0475
1052	2	all	6.75965
1052	3	know	4.10726
1052	4	what	4.50577
1052	5	the	4.27848
1052	6	accountant	17.1704
1052	7	said	11.9842
1052	8	his	6.83762
1052	9	colleague	11.8476
1052	10	recalled	14.6609
1052	11	the	4.00018
1052	12	investor	15.0924
1052	13	repaid	18.6417
1052	14	his	5.93642
1052	15	debt	12.6027
1052	16	to	2.07745
1052	17	the	3.65777
1052	18	criminal	12.4082
1052	19	<unk>	5.87516
1052	20	.	3.00568
1052	21	</s>	24.4592
1053	1	we	10.0475
1053	2	all	6.75965
1053	3	know	4.10726
1053	4	that	2.3121
1053	5	the	4.10609
1053	6	accountant	17.4301
1053	7	said	11.9842
1053	8	his	6.83762
1053	9	colleague	11.8476
1053	10	recalled	14.6609
1053	11	the	4.00018
1053	12	partners	14.9153
1053	13	knew	15.0265
1053	14	the	4.27224
1053	15	investor	15.0994
1053	16	repaid	18.6417
1053	17	to	6.71702
1053	18	the	5.42649
1053	19	criminal	12.329
1053	20	<unk>	5.87516
1053	21	.	3.00568
1053	22	</s>	24.4592
1054	1	we	10.0475
1054	2	all	6.75965
1054	3	know	4.10726
1054	4	that	2.3121
1054	5	the	4.10609
1054	6	accountant	17.4301
1054	7	said	11.9842
1054	8	his	6.83762
1054	9	colleague	11.8476
1054	10	recalled	14.6609
1054	11	the	4.00018
1054	12	partners	14.9153
1054	13	knew	15.0265
1054	14	the	4.27224
1054	15	investor	15.0994
1054	16	repaid	18.6417
1054	17	his	5.93642
1054	18	debt	12.6027
1054	19	to	2.07745
1054	20	the	3.65777
1054	21	criminal	12.4082
1054	22	<unk>	5.87516
1054	23	.	3.00568
1054	24	</s>	24.4592
1055	1	we	10.0475
1055	2	all	6.75965
1055	3	know	4.10726
1055	4	what	4.50577
1055	5	the	4.27848
1055	6	accountant	17.1704
1055	7	said	11.9842
1055	8	his	6.83762
1055	9	colleague	11.8476
1055	10	recalled	14.6609
1055	11	the	4.00018
1055	12	partners	14.9153
1055	13	knew	15.0265
1055	14	the	4.27224
1055	15	investor	15.0994
1055	16	repaid	18.6417
1055	17	to	6.71702
1055	18	the	5.42649
1055	19	criminal	12.329
1055	20	<unk>	5.87516
1055	21	.	3.00568
1055	22	</s>	24.4592
1056	1	we	10.0475
1056	2	all	6.75965
1056	3	know	4.10726
1056	4	what	4.50577
1056	5	the	4.27848
1056	6	accountant	17.1704
1056	7	said	11.9842
1056	8	his	6.83762
1056	9	colleague	11.8476
1056	10	recalled	14.6609
1056	11	the	4.00018
1056	12	partners	14.9153
1056	13	knew	15.0265
1056	14	the	4.27224
1056	15	investor	15.0994
1056	16	repaid	18.6417
1056	17	his	5.93642
1056	18	debt	12.6027
1056	19	to	2.07745
1056	20	the	3.65777
1056	21	criminal	12.4082
1056	22	<unk>	5.87516
1056	23	.	3.00568
1056	24	</s>	24.4592
1057	1	we	10.0475
1057	2	all	6.75965
1057	3	know	4.10726
1057	4	that	2.3121
1057	5	the	4.10609
1057	6	accountant	17.4301
1057	7	said	11.9842
1057	8	his	6.83762
1057	9	colleague	11.8476
1057	10	recalled	14.6609
1057	11	the	4.00018
1057	12	partners	14.9153
1057	13	knew	15.0265
1057	14	their	7.31712
1057	15	accountant	18.0756
1057	16	suspects	16.1722
1057	17	the	5.10097
1057	18	investor	14.9347
1057	19	repaid	18.6417
1057	20	to	6.71702
1057	21	the	5.42649
1057	22	criminal	12.329
1057	23	<unk>	5.87516
1057	24	.	3.00568
1057	25	</s>	24.4592
1058	1	we	10.0475
1058	2	all	6.75965
1058	3	know	4.10726
1058	4	that	2.3121
1058	5	the	4.10609
1058	6	accountant	17.4301
1058	7	said	11.9842
1058	8	his	6.83762
1058	9	colleague	11.8476
1058	10	recalled	14.6609
1058	11	the	4.00018
1058	12	partners	14.9153
1058	13	knew	15.0265
1058	14	their	7.31712
1058	15	accountant	18.0756
1058	16	suspects	16.1722
1058	17	the	5.10097
1058	18	investor	14.9347
1058	19	repaid	18.6417
1058	20	his	5.93642
1058	21	debt	12.6027
1058	22	to	2.07745
1058	23	the	3.65777
1058	24	criminal	12.4082
1058	25	<unk>	5.87516
1058	26	.	3.00568
1058	27	</s>	24.4592
1059	1	we	10.0475
1059	2	all	6.75965
1059	3	know	4.10726
1059	4	what	4.50577
1059	5	the	4.27848
1059	6	accountant	17.1704
1059	7	said	11.9842
1059	8	his	6.83762
1059	9	colleague	11.8476
1059	10	recalled	14.6609
1059	11	the	4.00018
1059	12	partners	14.9153
1059	13	knew	15.0265
1059	14	their	7.31712
1059	15	accountant	18.0756
1059	16	suspects	16.1722
1059	17	the	5.10097
1059	18	investor	14.9347
1059	19	repaid	18.6417
1059	20	to	6.71702
1059	21	the	5.42649
1059	22	criminal	12.329
1059	23	<unk>	5.87516
1059	24	.	3.00568
1059	25	</s>	24.4592
1060	1	we	10.0475
1060	2	all	6.75965
1060	3	know	4.10726
1060	4	what	4.50577
1060	5	the	4.27848
1060	6	accountant	17.1704
1060	7	said	11.9842
1060	8	his	6.83762
1060	9	colleague	11.8476
1060	10	recalled	14.6609
1060	11	the	4.00018
1060	12	partners	14.9153
1060	13	knew	15.0265
1060	14	their	7.31712
1060	15	accountant	18.0756
1060	16	suspects	16.1722
1060	17	the	5.10097
1060	18	investor	14.9347
1060	19	repaid	18.6417
1060	20	his	5.93642
1060	21	debt	12.6027
1060	22	to	2.07745
1060	23	the	3.65777
1060	24	criminal	12.4082
1060	25	<unk>	5.87516
1060	26	.	3.00568
1060	27	</s>	24.4592
1061	1	i	8.92268
1061	2	know	6.35939
1061	3	that	3.01867
1061	4	the	4.26664
1061	5	business	11.7356
1061	6	man	10.7766
1061	7	promised	15.9393
1061	8	to	2.52528
1061	9	the	6.02174
1061	10	factory	12.337
1061	11	workers	7.49238
1061	12	.	2.79684
1061	13	</s>	22.7871
1062	1	i	8.92268
1062	2	know	6.35939
1062	3	that	3.01867
1062	4	the	4.26664
1062	5	business	11.7356
1062	6	man	10.7766
1062	7	promised	15.9393
1062	8	a	4.53476
1062	9	raise	14.7867
1062	10	to	9.04547
1062	11	the	2.20198
1062	12	factory	12.2826
1062	13	workers	7.49238
1062	14	.	2.79684
1062	15	</s>	22.7871
1063	1	i	8.92268
1063	2	know	6.35939
1063	3	what	4.42758
1063	4	the	4.74202
1063	5	business	11.879
1063	6	man	10.4499
1063	7	promised	15.9393
1063	8	to	2.52528
1063	9	the	6.02174
1063	10	factory	12.337
1063	11	workers	7.49238
1063	12	.	2.79684
1063	13	</s>	22.7871
1064	1	i	8.92268
1064	2	know	6.35939
1064	3	what	4.42758
1064	4	the	4.74202
1064	5	business	11.879
1064	6	man	10.4499
1064	7	promised	15.9393
1064	8	a	4.53476
1064	9	raise	14.7867
1064	10	to	9.04547
1064	11	the	2.20198
1064	12	factory	12.2826
1064	13	workers	7.49238
1064	14	.	2.79684
1064	15	</s>	22.7871
1065	1	i	8.92268
1065	2	know	6.35939
1065	3	that	3.01867
1065	4	the	4.26664
1065	5	secretary	12.6077
1065	6	said	12.2064
1065	7	the	4.51729
1065	8	business	11.8387
1065	9	man	10.4499
1065	10	promised	15.9393
1065	11	to	2.52528
1065	12	the	6.02174
1065	13	factory	12.337
1065	14	workers	7.49238
1065	15	.	2.79684
1065	16	</s>	22.7871
1066	1	i	8.92268
1066	2	know	6.35939
1066	3	that	3.01867
1066	4	the	4.26664
1066	5	secretary	12.6077
1066	6	said	12.2064
1066	7	the	4.51729
1066	8	business	11.8387
1066	9	man	10.4499
1066	10	promised	15.9393
1066	11	a	4.53476
1066	12	raise	14.7867
1066	13	to	9.04547
1066	14	the	2.20198
1066	15	factory	12.2826
1066	16	workers	7.49238
1066	17	.	2.79684
1066	18	</s>	22.7871
1067	1	i	8.92268
1067	2	know	6.35939
1067	3	what	4.42758
1067	4	the	4.74202
1067	5	secretary	13.1727
1067	6	said	11.3299
1067	7	the	4.51729
1067	8	business	11.8387
1067	9	man	10.4499
1067	10	promised	15.9393
1067	11	to	2.52528
1067	12	the	6.02174
1067	13	factory	12.337
1067	14	workers	7.49238
1067	15	.	2.79684
1067	16	</s>	22.7871
1068	1	i	8.92268
1068	2	know	6.35939
1068	3	what	4.42758
1068	4	the	4.74202
1068	5	secretary	13.1727
1068	6	said	11.3299
1068	7	the	4.51729
1068	8	business	11.8387
1068	9	man	10.4499
1068	10	promised	15.9393
1068	11	a	4.53476
1068	12	raise	14.7867
1068	13	to	9.04547
1068	14	the	2.20198
1068	15	factory	12.2826
1068	16	workers	7.49238
1068	17	.	2.79684
1068	18	</s>	22.7871
1069	1	i	8.92268
1069	2	know	6.35939
1069	3	that	3.01867
1069	4	the	4.26664
1069	5	secretary	12.6077
1069	6	said	12.2064
1069	7	the	4.51729
1069	8	journalist	14.9162
1069	9	remarked	10.5593
1069	10	the	9.18833
1069	11	business	11.314
1069	12	man	10.4499
1069	13	promised	15.9393
1069	14	to	2.52528
1069	15	the	6.02174
1069	16	factory	12.337
1069	17	workers	7.49238
1069	18	.	2.79684
1069	19	</s>	22.7871
1070	1	i	8.92268
1070	2	know	6.35939
1070	3	that	3.01867
1070	4	the	4.26664
1070	5	secretary	12.6077
1070	6	said	12.2064
1070	7	the	4.51729
1070	8	journalist	14.9162
1070	9	remarked	10.5593
1070	10	the	9.18833
1070	11	business	11.314
1070	12	man	10.4499
1070	13	promised	15.9393
1070	14	a	4.53476
1070	15	raise	14.7867
1070	16	to	9.04547
1070	17	the	2.20198
1070	18	factory	12.2826
1070	19	workers	7.49238
1070	20	.	2.79684
1070	21	</s>	22.7871
1071	1	i	8.92268
1071	2	know	6.35939
1071	3	what	4.42758
1071	4	the	4.74202
1071	5	secretary	13.1727
1071	6	said	11.3299
1071	7	the	4.51729
1071	8	journalist	14.9162
1071	9	remarked	10.5593
1071	10	the	9.18833
1071	11	business	11.314
1071	12	man	10.4499
1071	13	promised	15.9393
1071	14	to	2.52528
1071	15	the	6.02174
1071	16	factory	12.337
1071	17	workers	7.49238
1071	18	.	2.79684
1071	19	</s>	22.7871
1072	1	i	8.92268
1072	2	know	6.35939
1072	3	what	4.42758
1072	4	the	4.74202
1072	5	secretary	13.1727
1072	6	said	11.3299
1072	7	the	4.51729
1072	8	journalist	14.9162
1072	9	remarked	10.5593
1072	10	the	9.18833
1072	11	business	11.314
1072	12	man	10.4499
1072	13	promised	15.9393
1072	14	a	4.53476
1072	15	raise	14.7867
1072	16	to	9.04547
1072	17	the	2.20198
1072	18	factory	12.2826
1072	19	workers	7.49238
1072	20	.	2.79684
1072	21	</s>	22.7871
1073	1	i	8.92268
1073	2	know	6.35939
1073	3	that	3.01867
1073	4	the	4.26664
1073	5	secretary	12.6077
1073	6	said	12.2064
1073	7	the	4.51729
1073	8	journalist	14.9162
1073	9	remarked	10.5593
1073	10	the	9.18833
1073	11	workers	12.5345
1073	12	said	11.4791
1073	13	the	4.60768
1073	14	business	11.8387
1073	15	man	10.4499
1073	16	promised	15.9393
1073	17	to	2.52528
1073	18	the	6.02174
1073	19	factory	12.337
1073	20	workers	7.49238
1073	21	.	2.79684
1073	22	</s>	22.7871
1074	1	i	8.92268
1074	2	know	6.35939
1074	3	that	3.01867
1074	4	the	4.26664
1074	5	secretary	12.6077
1074	6	said	12.2064
1074	7	the	4.51729
1074	8	journalist	14.9162
1074	9	remarked	10.5593
1074	10	the	9.18833
1074	11	workers	12.5345
1074	12	said	11.4791
1074	13	the	4.60768
1074	14	business	11.8387
1074	15	man	10.4499
1074	16	promised	15.9393
1074	17	a	4.53476
1074	18	raise	14.7867
1074	19	to	9.04547
1074	20	the	2.20198
1074	21	factory	12.2826
1074	22	workers	7.49238
1074	23	.	2.79684
1074	24	</s>	22.7871
1075	1	i	8.92268
1075	2	know	6.35939
1075	3	what	4.42758
1075	4	the	4.74202
1075	5	secretary	13.1727
1075	6	said	11.3299
1075	7	the	4.51729
1075	8	journalist	14.9162
1075	9	remarked	10.5593
1075	10	the	9.18833
1075	11	workers	12.5345
1075	12	said	11.4791
1075	13	the	4.60768
1075	14	business	11.8387
1075	15	man	10.4499
1075	16	promised	15.9393
1075	17	to	2.52528
1075	18	the	6.02174
1075	19	factory	12.337
1075	20	workers	7.49238
1075	21	.	2.79684
1075	22	</s>	22.7871
1076	1	i	8.92268
1076	2	know	6.35939
1076	3	what	4.42758
1076	4	the	4.74202
1076	5	secretary	13.1727
1076	6	said	11.3299
1076	7	the	4.51729
1076	8	journalist	14.9162
1076	9	remarked	10.5593
1076	10	the	9.18833
1076	11	workers	12.5345
1076	12	said	11.4791
1076	13	the	4.60768
1076	14	business	11.8387
1076	15	man	10.4499
1076	16	promised	15.9393
1076	17	a	4.53476
1076	18	raise	14.7867
1076	19	to	9.04547
1076	20	the	2.20198
1076	21	factory	12.2826
1076	22	workers	7.49238
1076	23	.	2.79684
1076	24	</s>	22.7871
1077	1	i	8.92268
1077	2	know	6.35939
1077	3	that	3.01867
1077	4	the	4.26664
1077	5	secretary	12.6077
1077	6	said	12.2064
1077	7	the	4.51729
1077	8	journalist	14.9162
1077	9	remarked	10.5593
1077	10	the	9.18833
1077	11	workers	12.5345
1077	12	said	11.4791
1077	13	their	9.92264
1077	14	representatives	12.1139
1077	15	think	16.2828
1077	16	the	5.22071
1077	17	business	11.5136
1077	18	man	10.4499
1077	19	promised	15.9393
1077	20	to	2.52528
1077	21	the	6.02174
1077	22	factory	12.337
1077	23	workers	7.49238
1077	24	.	2.79684
1077	25	</s>	22.7871
1078	1	i	8.92268
1078	2	know	6.35939
1078	3	that	3.01867
1078	4	the	4.26664
1078	5	secretary	12.6077
1078	6	said	12.2064
1078	7	the	4.51729
1078	8	journalist	14.9162
1078	9	remarked	10.5593
1078	10	the	9.18833
1078	11	workers	12.5345
1078	12	said	11.4791
1078	13	their	9.92264
1078	14	representatives	12.1139
1078	15	think	16.2828
1078	16	the	5.22071
1078	17	business	11.5136
1078	18	man	10.4499
1078	19	promised	15.9393
1078	20	a	4.53476
1078	21	raise	14.7867
1078	22	to	9.04547
1078	23	the	2.20198
1078	24	factory	12.2826
1078	25	workers	7.49238
1078	26	.	2.79684
1078	27	</s>	22.7871
1079	1	i	8.92268
1079	2	know	6.35939
1079	3	what	4.42758
1079	4	the	4.74202
1079	5	secretary	13.1727
1079	6	said	11.3299
1079	7	the	4.51729
1079	8	journalist	14.9162
1079	9	remarked	10.5593
1079	10	the	9.18833
1079	11	workers	12.5345
1079	12	said	11.4791
1079	13	their	9.92264
1079	14	representatives	12.1139
1079	15	think	16.2828
1079	16	the	5.22071
1079	17	business	11.5136
1079	18	man	10.4499
1079	19	promised	15.9393
1079	20	to	2.52528
1079	21	the	6.02174
1079	22	factory	12.337
1079	23	workers	7.49238
1079	24	.	2.79684
1079	25	</s>	22.7871
1080	1	i	8.92268
1080	2	know	6.35939
1080	3	what	4.42758
1080	4	the	4.74202
1080	5	secretary	13.1727
1080	6	said	11.3299
1080	7	the	4.51729
1080	8	journalist	14.9162
1080	9	remarked	10.5593
1080	10	the	9.18833
1080	11	workers	12.5345
1080	12	said	11.4791
1080	13	their	9.92264
1080	14	representatives	12.1139
1080	15	think	16.2828
1080	16	the	5.22071
1080	17	business	11.5136
1080	18	man	10.4499
1080	19	promised	15.9393
1080	20	a	4.53476
1080	21	raise	14.7867
1080	22	to	9.04547
1080	23	the	2.20198
1080	24	factory	12.2826
1080	25	workers	7.49238
1080	26	.	2.79684
1080	27	</s>	22.7871
