sentence_id,token_id,token,surprisal
0,0,they,6.37172
0,1,reported,11.2987
0,2,that,1.06934
0,3,could,8.36676
0,4,have,4.23376
0,5,promoted,13.0412
0,6,the,2.92461
0,7,accountant,17.147
0,8,last,14.3545
0,9,quarter,11.486
0,10,.,3.80372
0,11,</s>,27.9657
1,0,they,6.37172
1,1,reported,11.2987
1,2,that,1.06934
1,3,the,2.41116
1,4,boss,15.2577
1,5,could,11.6672
1,6,have,4.64757
1,7,promoted,12.6249
1,8,the,2.92461
1,9,accountant,17.147
1,10,last,14.3545
1,11,quarter,11.486
1,12,.,3.80372
1,13,</s>,27.9657
2,0,they,6.37172
2,1,reported,11.2987
2,2,who,12.4486
2,3,could,7.13325
2,4,have,4.91109
2,5,promoted,12.4818
2,6,the,2.92461
2,7,accountant,17.147
2,8,last,14.3545
2,9,quarter,11.486
2,10,.,3.80372
2,11,</s>,27.9657
3,0,they,6.37172
3,1,reported,11.2987
3,2,who,12.4486
3,3,the,8.96323
3,4,boss,14.2445
3,5,could,11.6672
3,6,have,4.64757
3,7,promoted,12.6249
3,8,the,2.92461
3,9,accountant,17.147
3,10,last,14.3545
3,11,quarter,11.486
3,12,.,3.80372
3,13,</s>,27.9657
4,0,they,6.37172
4,1,reported,11.2987
4,2,that,1.06934
4,3,the,2.41116
4,4,man,9.74448
4,5,said,10.1162
4,6,could,11.1654
4,7,have,4.60849
4,8,promoted,12.6249
4,9,the,2.92461
4,10,accountant,17.147
4,11,last,14.3545
4,12,quarter,11.486
4,13,.,3.80372
4,14,</s>,27.9657
5,0,they,6.37172
5,1,reported,11.2987
5,2,that,1.06934
5,3,the,2.41116
5,4,man,9.74448
5,5,said,10.1162
5,6,the,4.64906
5,7,boss,14.4272
5,8,could,11.6672
5,9,have,4.64757
5,10,promoted,12.6249
5,11,the,2.92461
5,12,accountant,17.147
5,13,last,14.3545
5,14,quarter,11.486
5,15,.,3.80372
5,16,</s>,27.9657
6,0,they,6.37172
6,1,reported,11.2987
6,2,who,12.4486
6,3,the,8.96323
6,4,man,6.8914
6,5,said,10.0278
6,6,could,11.1654
6,7,have,4.60849
6,8,promoted,12.6249
6,9,the,2.92461
6,10,accountant,17.147
6,11,last,14.3545
6,12,quarter,11.486
6,13,.,3.80372
6,14,</s>,27.9657
7,0,they,6.37172
7,1,reported,11.2987
7,2,who,12.4486
7,3,the,8.96323
7,4,man,6.8914
7,5,said,10.0278
7,6,the,4.64906
7,7,boss,14.4272
7,8,could,11.6672
7,9,have,4.64757
7,10,promoted,12.6249
7,11,the,2.92461
7,12,accountant,17.147
7,13,last,14.3545
7,14,quarter,11.486
7,15,.,3.80372
7,16,</s>,27.9657
8,0,they,6.37172
8,1,reported,11.2987
8,2,that,1.06934
8,3,the,2.41116
8,4,man,9.74448
8,5,said,10.1162
8,6,the,4.64906
8,7,old,10.8476
8,8,woman,8.0687
8,9,told,11.9488
8,10,him,3.88907
8,11,could,13.3907
8,12,have,4.72521
8,13,promoted,12.6249
8,14,the,2.92461
8,15,accountant,17.147
8,16,last,14.3545
8,17,quarter,11.486
8,18,.,3.80372
8,19,</s>,27.9657
9,0,they,6.37172
9,1,reported,11.2987
9,2,that,1.06934
9,3,the,2.41116
9,4,man,9.74448
9,5,said,10.1162
9,6,the,4.64906
9,7,old,10.8476
9,8,woman,8.0687
9,9,told,11.9488
9,10,him,3.88907
9,11,the,4.84715
9,12,boss,14.5977
9,13,could,11.6672
9,14,have,4.64757
9,15,promoted,12.6249
9,16,the,2.92461
9,17,accountant,17.147
9,18,last,14.3545
9,19,quarter,11.486
9,20,.,3.80372
9,21,</s>,27.9657
10,0,they,6.37172
10,1,reported,11.2987
10,2,who,12.4486
10,3,the,8.96323
10,4,man,6.8914
10,5,said,10.0278
10,6,the,4.64906
10,7,old,10.8476
10,8,woman,8.0687
10,9,told,11.9488
10,10,him,3.88907
10,11,could,13.3907
10,12,have,4.72521
10,13,promoted,12.6249
10,14,the,2.92461
10,15,accountant,17.147
10,16,last,14.3545
10,17,quarter,11.486
10,18,.,3.80372
10,19,</s>,27.9657
11,0,they,6.37172
11,1,reported,11.2987
11,2,who,12.4486
11,3,the,8.96323
11,4,man,6.8914
11,5,said,10.0278
11,6,the,4.64906
11,7,old,10.8476
11,8,woman,8.0687
11,9,told,11.9488
11,10,him,3.88907
11,11,the,4.84715
11,12,boss,14.5977
11,13,could,11.6672
11,14,have,4.64757
11,15,promoted,12.6249
11,16,the,2.92461
11,17,accountant,17.147
11,18,last,14.3545
11,19,quarter,11.486
11,20,.,3.80372
11,21,</s>,27.9657
12,0,they,6.37172
12,1,reported,11.2987
12,2,that,1.06934
12,3,the,2.41116
12,4,man,9.74448
12,5,said,10.1162
12,6,the,4.64906
12,7,old,10.8476
12,8,woman,8.0687
12,9,told,11.9488
12,10,him,3.88907
12,11,she,6.08387
12,12,knew,10.1816
12,13,could,9.95168
12,14,have,4.64757
12,15,promoted,12.6249
12,16,the,2.92461
12,17,accountant,17.147
12,18,last,14.3545
12,19,quarter,11.486
12,20,.,3.80372
12,21,</s>,27.9657
13,0,they,6.37172
13,1,reported,11.2987
13,2,that,1.06934
13,3,the,2.41116
13,4,man,9.74448
13,5,said,10.1162
13,6,the,4.64906
13,7,old,10.8476
13,8,woman,8.0687
13,9,told,11.9488
13,10,him,3.88907
13,11,she,6.08387
13,12,knew,10.1816
13,13,the,5.35757
13,14,boss,14.0672
13,15,could,11.6672
13,16,have,4.64757
13,17,promoted,12.6249
13,18,the,2.92461
13,19,accountant,17.147
13,20,last,14.3545
13,21,quarter,11.486
13,22,.,3.80372
13,23,</s>,27.9657
14,0,they,6.37172
14,1,reported,11.2987
14,2,who,12.4486
14,3,the,8.96323
14,4,man,6.8914
14,5,said,10.0278
14,6,the,4.64906
14,7,old,10.8476
14,8,woman,8.0687
14,9,told,11.9488
14,10,him,3.88907
14,11,she,6.08387
14,12,knew,10.1816
14,13,could,9.95168
14,14,have,4.64757
14,15,promoted,12.6249
14,16,the,2.92461
14,17,accountant,17.147
14,18,last,14.3545
14,19,quarter,11.486
14,20,.,3.80372
14,21,</s>,27.9657
15,0,they,6.37172
15,1,reported,11.2987
15,2,who,12.4486
15,3,the,8.96323
15,4,man,6.8914
15,5,said,10.0278
15,6,the,4.64906
15,7,old,10.8476
15,8,woman,8.0687
15,9,told,11.9488
15,10,him,3.88907
15,11,she,6.08387
15,12,knew,10.1816
15,13,the,5.35757
15,14,boss,14.0672
15,15,could,11.6672
15,16,have,4.64757
15,17,promoted,12.6249
15,18,the,2.92461
15,19,accountant,17.147
15,20,last,14.3545
15,21,quarter,11.486
15,22,.,3.80372
15,23,</s>,27.9657
16,0,they,6.37172
16,1,reported,11.2987
16,2,that,1.06934
16,3,the,2.41116
16,4,man,9.74448
16,5,said,10.1162
16,6,the,4.64906
16,7,old,10.8476
16,8,woman,8.0687
16,9,told,11.9488
16,10,him,3.88907
16,11,she,6.08387
16,12,knew,10.1816
16,13,could,9.95168
16,14,have,4.64757
16,15,promoted,12.6249
16,16,the,2.92461
16,17,accountant,17.147
16,18,last,14.3545
16,19,quarter,11.486
16,20,.,3.80372
16,21,</s>,27.9657
17,0,they,6.37172
17,1,reported,11.2987
17,2,that,1.06934
17,3,the,2.41116
17,4,man,9.74448
17,5,said,10.1162
17,6,the,4.64906
17,7,old,10.8476
17,8,woman,8.0687
17,9,told,11.9488
17,10,him,3.88907
17,11,she,6.08387
17,12,knew,10.1816
17,13,the,5.35757
17,14,boss,14.0672
17,15,could,11.6672
17,16,have,4.64757
17,17,promoted,12.6249
17,18,the,2.92461
17,19,accountant,17.147
17,20,last,14.3545
17,21,quarter,11.486
17,22,.,3.80372
17,23,</s>,27.9657
18,0,they,6.37172
18,1,reported,11.2987
18,2,who,12.4486
18,3,the,8.96323
18,4,man,6.8914
18,5,said,10.0278
18,6,the,4.64906
18,7,old,10.8476
18,8,woman,8.0687
18,9,told,11.9488
18,10,him,3.88907
18,11,she,6.08387
18,12,knew,10.1816
18,13,could,9.95168
18,14,have,4.64757
18,15,promoted,12.6249
18,16,the,2.92461
18,17,accountant,17.147
18,18,last,14.3545
18,19,quarter,11.486
18,20,.,3.80372
18,21,</s>,27.9657
19,0,they,6.37172
19,1,reported,11.2987
19,2,who,12.4486
19,3,the,8.96323
19,4,man,6.8914
19,5,said,10.0278
19,6,the,4.64906
19,7,old,10.8476
19,8,woman,8.0687
19,9,told,11.9488
19,10,him,3.88907
19,11,she,6.08387
19,12,knew,10.1816
19,13,the,5.35757
19,14,boss,14.0672
19,15,could,11.6672
19,16,have,4.64757
19,17,promoted,12.6249
19,18,the,2.92461
19,19,accountant,17.147
19,20,last,14.3545
19,21,quarter,11.486
19,22,.,3.80372
19,23,</s>,27.9657
20,0,he,4.43708
20,1,reported,10.9023
20,2,that,1.2922
20,3,could,8.42967
20,4,abandon,16.6693
20,5,his,4.73507
20,6,comrades,12.2281
20,7,on,6.26604
20,8,the,3.74276
20,9,sinking,15.2936
20,10,ship,2.33585
20,11,.,2.92081
20,12,</s>,23.3093
21,0,he,4.43708
21,1,reported,10.9023
21,2,that,1.2922
21,3,the,2.05663
21,4,pirate,15.2432
21,5,could,11.4663
21,6,abandon,16.0888
21,7,his,4.73507
21,8,comrades,12.2281
21,9,on,6.26604
21,10,the,3.74276
21,11,sinking,15.2936
21,12,ship,2.33585
21,13,.,2.92081
21,14,</s>,23.3093
22,0,he,4.43708
22,1,reported,10.9023
22,2,who,12.6639
22,3,could,7.13325
22,4,abandon,16.2288
22,5,his,4.73507
22,6,comrades,12.2281
22,7,on,6.26604
22,8,the,3.74276
22,9,sinking,15.2936
22,10,ship,2.33585
22,11,.,2.92081
22,12,</s>,23.3093
23,0,he,4.43708
23,1,reported,10.9023
23,2,who,12.6639
23,3,the,8.96323
23,4,pirate,14.6702
23,5,could,11.4663
23,6,abandon,16.0888
23,7,his,4.73507
23,8,comrades,12.2281
23,9,on,6.26604
23,10,the,3.74276
23,11,sinking,15.2936
23,12,ship,2.33585
23,13,.,2.92081
23,14,</s>,23.3093
24,0,he,4.43708
24,1,reported,10.9023
24,2,that,1.2922
24,3,the,2.05663
24,4,sailor,16.1682
24,5,believed,13.806
24,6,could,9.64821
24,7,abandon,16.0049
24,8,his,4.73507
24,9,comrades,12.2281
24,10,on,6.26604
24,11,the,3.74276
24,12,sinking,15.2936
24,13,ship,2.33585
24,14,.,2.92081
24,15,</s>,23.3093
25,0,he,4.43708
25,1,reported,10.9023
25,2,that,1.2922
25,3,the,2.05663
25,4,sailor,16.1682
25,5,believed,13.806
25,6,the,3.87627
25,7,pirate,14.5528
25,8,could,11.4663
25,9,abandon,16.0888
25,10,his,4.73507
25,11,comrades,12.2281
25,12,on,6.26604
25,13,the,3.74276
25,14,sinking,15.2936
25,15,ship,2.33585
25,16,.,2.92081
25,17,</s>,23.3093
26,0,he,4.43708
26,1,reported,10.9023
26,2,who,12.6639
26,3,the,8.96323
26,4,sailor,14.905
26,5,believed,13.806
26,6,could,9.64821
26,7,abandon,16.0049
26,8,his,4.73507
26,9,comrades,12.2281
26,10,on,6.26604
26,11,the,3.74276
26,12,sinking,15.2936
26,13,ship,2.33585
26,14,.,2.92081
26,15,</s>,23.3093
27,0,he,4.43708
27,1,reported,10.9023
27,2,who,12.6639
27,3,the,8.96323
27,4,sailor,14.905
27,5,believed,13.806
27,6,the,3.87627
27,7,pirate,14.5528
27,8,could,11.4663
27,9,abandon,16.0888
27,10,his,4.73507
27,11,comrades,12.2281
27,12,on,6.26604
27,13,the,3.74276
27,14,sinking,15.2936
27,15,ship,2.33585
27,16,.,2.92081
27,17,</s>,23.3093
28,0,he,4.43708
28,1,reported,10.9023
28,2,that,1.2922
28,3,the,2.05663
28,4,sailor,16.1682
28,5,believed,13.806
28,6,the,3.87627
28,7,man,11.3386
28,8,believed,13.1847
28,9,could,9.64821
28,10,abandon,16.0049
28,11,his,4.73507
28,12,comrades,12.2281
28,13,on,6.26604
28,14,the,3.74276
28,15,sinking,15.2936
28,16,ship,2.33585
28,17,.,2.92081
28,18,</s>,23.3093
29,0,he,4.43708
29,1,reported,10.9023
29,2,that,1.2922
29,3,the,2.05663
29,4,sailor,16.1682
29,5,believed,13.806
29,6,the,3.87627
29,7,man,11.3386
29,8,believed,13.1847
29,9,the,3.87627
29,10,pirate,14.5528
29,11,could,11.4663
29,12,abandon,16.0888
29,13,his,4.73507
29,14,comrades,12.2281
29,15,on,6.26604
29,16,the,3.74276
29,17,sinking,15.2936
29,18,ship,2.33585
29,19,.,2.92081
29,20,</s>,23.3093
30,0,he,4.43708
30,1,reported,10.9023
30,2,who,12.6639
30,3,the,8.96323
30,4,sailor,14.905
30,5,believed,13.806
30,6,the,3.87627
30,7,man,11.3386
30,8,believed,13.1847
30,9,could,9.64821
30,10,abandon,16.0049
30,11,his,4.73507
30,12,comrades,12.2281
30,13,on,6.26604
30,14,the,3.74276
30,15,sinking,15.2936
30,16,ship,2.33585
30,17,.,2.92081
30,18,</s>,23.3093
31,0,he,4.43708
31,1,reported,10.9023
31,2,who,12.6639
31,3,the,8.96323
31,4,sailor,14.905
31,5,believed,13.806
31,6,the,3.87627
31,7,man,11.3386
31,8,believed,13.1847
31,9,the,3.87627
31,10,pirate,14.5528
31,11,could,11.4663
31,12,abandon,16.0888
31,13,his,4.73507
31,14,comrades,12.2281
31,15,on,6.26604
31,16,the,3.74276
31,17,sinking,15.2936
31,18,ship,2.33585
31,19,.,2.92081
31,20,</s>,23.3093
32,0,he,4.43708
32,1,reported,10.9023
32,2,that,1.2922
32,3,the,2.05663
32,4,sailor,16.1682
32,5,believed,13.806
32,6,the,3.87627
32,7,man,11.3386
32,8,believed,13.1847
32,9,he,5.20607
32,10,knew,10.6388
32,11,could,10.0111
32,12,abandon,16.0888
32,13,his,4.73507
32,14,comrades,12.2281
32,15,on,6.26604
32,16,the,3.74276
32,17,sinking,15.2936
32,18,ship,2.33585
32,19,.,2.92081
32,20,</s>,23.3093
33,0,he,4.43708
33,1,reported,10.9023
33,2,that,1.2922
33,3,the,2.05663
33,4,sailor,16.1682
33,5,believed,13.806
33,6,the,3.87627
33,7,man,11.3386
33,8,believed,13.1847
33,9,he,5.20607
33,10,knew,10.6388
33,11,the,5.05217
33,12,pirate,14.5348
33,13,could,11.4663
33,14,abandon,16.0888
33,15,his,4.73507
33,16,comrades,12.2281
33,17,on,6.26604
33,18,the,3.74276
33,19,sinking,15.2936
33,20,ship,2.33585
33,21,.,2.92081
33,22,</s>,23.3093
34,0,he,4.43708
34,1,reported,10.9023
34,2,who,12.6639
34,3,the,8.96323
34,4,sailor,14.905
34,5,believed,13.806
34,6,the,3.87627
34,7,man,11.3386
34,8,believed,13.1847
34,9,he,5.20607
34,10,knew,10.6388
34,11,could,10.0111
34,12,abandon,16.0888
34,13,his,4.73507
34,14,comrades,12.2281
34,15,on,6.26604
34,16,the,3.74276
34,17,sinking,15.2936
34,18,ship,2.33585
34,19,.,2.92081
34,20,</s>,23.3093
35,0,he,4.43708
35,1,reported,10.9023
35,2,who,12.6639
35,3,the,8.96323
35,4,sailor,14.905
35,5,believed,13.806
35,6,the,3.87627
35,7,man,11.3386
35,8,believed,13.1847
35,9,he,5.20607
35,10,knew,10.6388
35,11,the,5.05217
35,12,pirate,14.5348
35,13,could,11.4663
35,14,abandon,16.0888
35,15,his,4.73507
35,16,comrades,12.2281
35,17,on,6.26604
35,18,the,3.74276
35,19,sinking,15.2936
35,20,ship,2.33585
35,21,.,2.92081
35,22,</s>,23.3093
36,0,he,4.43708
36,1,reported,10.9023
36,2,that,1.2922
36,3,the,2.05663
36,4,sailor,16.1682
36,5,believed,13.806
36,6,the,3.87627
36,7,man,11.3386
36,8,believed,13.1847
36,9,he,5.20607
36,10,knew,10.6388
36,11,could,10.0111
36,12,abandon,16.0888
36,13,his,4.73507
36,14,comrades,12.2281
36,15,on,6.26604
36,16,the,3.74276
36,17,sinking,15.2936
36,18,ship,2.33585
36,19,.,2.92081
36,20,</s>,23.3093
37,0,he,4.43708
37,1,reported,10.9023
37,2,that,1.2922
37,3,the,2.05663
37,4,sailor,16.1682
37,5,believed,13.806
37,6,the,3.87627
37,7,man,11.3386
37,8,believed,13.1847
37,9,he,5.20607
37,10,knew,10.6388
37,11,the,5.05217
37,12,pirate,14.5348
37,13,could,11.4663
37,14,abandon,16.0888
37,15,his,4.73507
37,16,comrades,12.2281
37,17,on,6.26604
37,18,the,3.74276
37,19,sinking,15.2936
37,20,ship,2.33585
37,21,.,2.92081
37,22,</s>,23.3093
38,0,he,4.43708
38,1,reported,10.9023
38,2,who,12.6639
38,3,the,8.96323
38,4,sailor,14.905
38,5,believed,13.806
38,6,the,3.87627
38,7,man,11.3386
38,8,believed,13.1847
38,9,he,5.20607
38,10,knew,10.6388
38,11,could,10.0111
38,12,abandon,16.0888
38,13,his,4.73507
38,14,comrades,12.2281
38,15,on,6.26604
38,16,the,3.74276
38,17,sinking,15.2936
38,18,ship,2.33585
38,19,.,2.92081
38,20,</s>,23.3093
39,0,he,4.43708
39,1,reported,10.9023
39,2,who,12.6639
39,3,the,8.96323
39,4,sailor,14.905
39,5,believed,13.806
39,6,the,3.87627
39,7,man,11.3386
39,8,believed,13.1847
39,9,he,5.20607
39,10,knew,10.6388
39,11,the,5.05217
39,12,pirate,14.5348
39,13,could,11.4663
39,14,abandon,16.0888
39,15,his,4.73507
39,16,comrades,12.2281
39,17,on,6.26604
39,18,the,3.74276
39,19,sinking,15.2936
39,20,ship,2.33585
39,21,.,2.92081
39,22,</s>,23.3093
40,0,they,6.37172
40,1,know,11.9019
40,2,that,3.79528
40,3,might,9.96596
40,4,have,2.81632
40,5,reassured,20.353
40,6,his,6.06494
40,7,client,11.264
40,8,last,14.9792
40,9,night,6.976
40,10,.,2.66267
40,11,</s>,25.4592
41,0,they,6.37172
41,1,know,11.9019
41,2,that,3.79528
41,3,the,2.53449
41,4,lawyer,16.0779
41,5,might,12.7476
41,6,have,3.14779
41,7,reassured,19.9313
41,8,his,6.06494
41,9,client,11.264
41,10,last,14.9792
41,11,night,6.976
41,12,.,2.66267
41,13,</s>,25.4592
42,0,they,6.37172
42,1,know,11.9019
42,2,who,7.38908
42,3,might,9.00709
42,4,have,2.7324
42,5,reassured,20.1578
42,6,his,6.06494
42,7,client,11.264
42,8,last,14.9792
42,9,night,6.976
42,10,.,2.66267
42,11,</s>,25.4592
43,0,they,6.37172
43,1,know,11.9019
43,2,who,7.38908
43,3,the,5.01207
43,4,lawyer,15.0261
43,5,might,12.7476
43,6,have,3.14779
43,7,reassured,19.9313
43,8,his,6.06494
43,9,client,11.264
43,10,last,14.9792
43,11,night,6.976
43,12,.,2.66267
43,13,</s>,25.4592
44,0,they,6.37172
44,1,know,11.9019
44,2,that,3.79528
44,3,the,2.53449
44,4,man,9.65412
44,5,said,10.1162
44,6,might,13.7984
44,7,have,3.14779
44,8,reassured,19.9313
44,9,his,6.06494
44,10,client,11.264
44,11,last,14.9792
44,12,night,6.976
44,13,.,2.66267
44,14,</s>,25.4592
45,0,they,6.37172
45,1,know,11.9019
45,2,that,3.79528
45,3,the,2.53449
45,4,man,9.65412
45,5,said,10.1162
45,6,the,4.64906
45,7,lawyer,15.1245
45,8,might,12.7476
45,9,have,3.14779
45,10,reassured,19.9313
45,11,his,6.06494
45,12,client,11.264
45,13,last,14.9792
45,14,night,6.976
45,15,.,2.66267
45,16,</s>,25.4592
46,0,they,6.37172
46,1,know,11.9019
46,2,who,7.38908
46,3,the,5.01207
46,4,man,6.97564
46,5,said,10.0278
46,6,might,13.7984
46,7,have,3.14779
46,8,reassured,19.9313
46,9,his,6.06494
46,10,client,11.264
46,11,last,14.9792
46,12,night,6.976
46,13,.,2.66267
46,14,</s>,25.4592
47,0,they,6.37172
47,1,know,11.9019
47,2,who,7.38908
47,3,the,5.01207
47,4,man,6.97564
47,5,said,10.0278
47,6,the,4.64906
47,7,lawyer,15.1245
47,8,might,12.7476
47,9,have,3.14779
47,10,reassured,19.9313
47,11,his,6.06494
47,12,client,11.264
47,13,last,14.9792
47,14,night,6.976
47,15,.,2.66267
47,16,</s>,25.4592
48,0,they,6.37172
48,1,know,11.9019
48,2,that,3.79528
48,3,the,2.53449
48,4,man,9.65412
48,5,said,10.1162
48,6,the,4.64906
48,7,neighbors,16.03
48,8,thought,13.7965
48,9,might,10.4781
48,10,have,3.19661
48,11,reassured,19.9313
48,12,his,6.06494
48,13,client,11.264
48,14,last,14.9792
48,15,night,6.976
48,16,.,2.66267
48,17,</s>,25.4592
49,0,they,6.37172
49,1,know,11.9019
49,2,that,3.79528
49,3,the,2.53449
49,4,man,9.65412
49,5,said,10.1162
49,6,the,4.64906
49,7,neighbors,16.03
49,8,thought,13.7965
49,9,the,4.36895
49,10,lawyer,14.9776
49,11,might,12.7476
49,12,have,3.14779
49,13,reassured,19.9313
49,14,his,6.06494
49,15,client,11.264
49,16,last,14.9792
49,17,night,6.976
49,18,.,2.66267
49,19,</s>,25.4592
50,0,they,6.37172
50,1,know,11.9019
50,2,who,7.38908
50,3,the,5.01207
50,4,man,6.97564
50,5,said,10.0278
50,6,the,4.64906
50,7,neighbors,16.03
50,8,thought,13.7965
50,9,might,10.4781
50,10,have,3.19661
50,11,reassured,19.9313
50,12,his,6.06494
50,13,client,11.264
50,14,last,14.9792
50,15,night,6.976
50,16,.,2.66267
50,17,</s>,25.4592
51,0,they,6.37172
51,1,know,11.9019
51,2,who,7.38908
51,3,the,5.01207
51,4,man,6.97564
51,5,said,10.0278
51,6,the,4.64906
51,7,neighbors,16.03
51,8,thought,13.7965
51,9,the,4.36895
51,10,lawyer,14.9776
51,11,might,12.7476
51,12,have,3.14779
51,13,reassured,19.9313
51,14,his,6.06494
51,15,client,11.264
51,16,last,14.9792
51,17,night,6.976
51,18,.,2.66267
51,19,</s>,25.4592
52,0,they,6.37172
52,1,know,11.9019
52,2,that,3.79528
52,3,the,2.53449
52,4,man,9.65412
52,5,said,10.1162
52,6,the,4.64906
52,7,neighbors,16.03
52,8,thought,13.7965
52,9,they,5.96809
52,10,knew,6.78694
52,11,might,13.3093
52,12,have,3.14779
52,13,reassured,19.9313
52,14,his,6.06494
52,15,client,11.264
52,16,last,14.9792
52,17,night,6.976
52,18,.,2.66267
52,19,</s>,25.4592
53,0,they,6.37172
53,1,know,11.9019
53,2,that,3.79528
53,3,the,2.53449
53,4,man,9.65412
53,5,said,10.1162
53,6,the,4.64906
53,7,neighbors,16.03
53,8,thought,13.7965
53,9,they,5.96809
53,10,knew,6.78694
53,11,the,4.155
53,12,lawyer,14.8278
53,13,might,12.7476
53,14,have,3.14779
53,15,reassured,19.9313
53,16,his,6.06494
53,17,client,11.264
53,18,last,14.9792
53,19,night,6.976
53,20,.,2.66267
53,21,</s>,25.4592
54,0,they,6.37172
54,1,know,11.9019
54,2,who,7.38908
54,3,the,5.01207
54,4,man,6.97564
54,5,said,10.0278
54,6,the,4.64906
54,7,neighbors,16.03
54,8,thought,13.7965
54,9,they,5.96809
54,10,knew,6.78694
54,11,might,13.3093
54,12,have,3.14779
54,13,reassured,19.9313
54,14,his,6.06494
54,15,client,11.264
54,16,last,14.9792
54,17,night,6.976
54,18,.,2.66267
54,19,</s>,25.4592
55,0,they,6.37172
55,1,know,11.9019
55,2,who,7.38908
55,3,the,5.01207
55,4,man,6.97564
55,5,said,10.0278
55,6,the,4.64906
55,7,neighbors,16.03
55,8,thought,13.7965
55,9,they,5.96809
55,10,knew,6.78694
55,11,the,4.155
55,12,lawyer,14.8278
55,13,might,12.7476
55,14,have,3.14779
55,15,reassured,19.9313
55,16,his,6.06494
55,17,client,11.264
55,18,last,14.9792
55,19,night,6.976
55,20,.,2.66267
55,21,</s>,25.4592
56,0,they,6.37172
56,1,know,11.9019
56,2,that,3.79528
56,3,the,2.53449
56,4,man,9.65412
56,5,said,10.1162
56,6,the,4.64906
56,7,neighbors,16.03
56,8,thought,13.7965
56,9,they,5.96809
56,10,knew,6.78694
56,11,might,13.3093
56,12,have,3.14779
56,13,reassured,19.9313
56,14,his,6.06494
56,15,client,11.264
56,16,last,14.9792
56,17,night,6.976
56,18,.,2.66267
56,19,</s>,25.4592
57,0,they,6.37172
57,1,know,11.9019
57,2,that,3.79528
57,3,the,2.53449
57,4,man,9.65412
57,5,said,10.1162
57,6,the,4.64906
57,7,neighbors,16.03
57,8,thought,13.7965
57,9,they,5.96809
57,10,knew,6.78694
57,11,the,4.155
57,12,lawyer,14.8278
57,13,might,12.7476
57,14,have,3.14779
57,15,reassured,19.9313
57,16,his,6.06494
57,17,client,11.264
57,18,last,14.9792
57,19,night,6.976
57,20,.,2.66267
57,21,</s>,25.4592
58,0,they,6.37172
58,1,know,11.9019
58,2,who,7.38908
58,3,the,5.01207
58,4,man,6.97564
58,5,said,10.0278
58,6,the,4.64906
58,7,neighbors,16.03
58,8,thought,13.7965
58,9,they,5.96809
58,10,knew,6.78694
58,11,might,13.3093
58,12,have,3.14779
58,13,reassured,19.9313
58,14,his,6.06494
58,15,client,11.264
58,16,last,14.9792
58,17,night,6.976
58,18,.,2.66267
58,19,</s>,25.4592
59,0,they,6.37172
59,1,know,11.9019
59,2,who,7.38908
59,3,the,5.01207
59,4,man,6.97564
59,5,said,10.0278
59,6,the,4.64906
59,7,neighbors,16.03
59,8,thought,13.7965
59,9,they,5.96809
59,10,knew,6.78694
59,11,the,4.155
59,12,lawyer,14.8278
59,13,might,12.7476
59,14,have,3.14779
59,15,reassured,19.9313
59,16,his,6.06494
59,17,client,11.264
59,18,last,14.9792
59,19,night,6.976
59,20,.,2.66267
59,21,</s>,25.4592
60,0,she,6.52858
60,1,knows,11.9031
60,2,that,2.62183
60,3,should,10.9812
60,4,thank,15.9247
60,5,the,4.47359
60,6,cook,14.0996
60,7,in,5.84722
60,8,the,3.09077
60,9,mess,14.9478
60,10,hall,3.65777
60,11,.,2.9225
60,12,</s>,23.6519
61,0,she,6.52858
61,1,knows,11.9031
61,2,that,2.62183
61,3,the,3.70626
61,4,soldier,13.6489
61,5,should,11.5722
61,6,thank,15.089
61,7,the,4.47359
61,8,cook,14.0996
61,9,in,5.84722
61,10,the,3.09077
61,11,mess,14.9478
61,12,hall,3.65777
61,13,.,2.9225
61,14,</s>,23.6519
62,0,she,6.52858
62,1,knows,11.9031
62,2,who,6.14725
62,3,should,9.97386
62,4,thank,15.4139
62,5,the,4.47359
62,6,cook,14.0996
62,7,in,5.84722
62,8,the,3.09077
62,9,mess,14.9478
62,10,hall,3.65777
62,11,.,2.9225
62,12,</s>,23.6519
63,0,she,6.52858
63,1,knows,11.9031
63,2,who,6.14725
63,3,the,3.6838
63,4,soldier,14.2678
63,5,should,11.5722
63,6,thank,15.089
63,7,the,4.47359
63,8,cook,14.0996
63,9,in,5.84722
63,10,the,3.09077
63,11,mess,14.9478
63,12,hall,3.65777
63,13,.,2.9225
63,14,</s>,23.6519
64,0,she,6.52858
64,1,knows,11.9031
64,2,that,2.62183
64,3,the,3.70626
64,4,captain,11.4942
64,5,said,12.809
64,6,should,12.5476
64,7,thank,15.5081
64,8,the,4.47359
64,9,cook,14.0996
64,10,in,5.84722
64,11,the,3.09077
64,12,mess,14.9478
64,13,hall,3.65777
64,14,.,2.9225
64,15,</s>,23.6519
65,0,she,6.52858
65,1,knows,11.9031
65,2,that,2.62183
65,3,the,3.70626
65,4,captain,11.4942
65,5,said,12.809
65,6,the,4.51729
65,7,soldier,14.4504
65,8,should,11.5722
65,9,thank,15.089
65,10,the,4.47359
65,11,cook,14.0996
65,12,in,5.84722
65,13,the,3.09077
65,14,mess,14.9478
65,15,hall,3.65777
65,16,.,2.9225
65,17,</s>,23.6519
66,0,she,6.52858
66,1,knows,11.9031
66,2,who,6.14725
66,3,the,3.6838
66,4,captain,12.7732
66,5,said,12.6937
66,6,should,12.5476
66,7,thank,15.5081
66,8,the,4.47359
66,9,cook,14.0996
66,10,in,5.84722
66,11,the,3.09077
66,12,mess,14.9478
66,13,hall,3.65777
66,14,.,2.9225
66,15,</s>,23.6519
67,0,she,6.52858
67,1,knows,11.9031
67,2,who,6.14725
67,3,the,3.6838
67,4,captain,12.7732
67,5,said,12.6937
67,6,the,4.51729
67,7,soldier,14.4504
67,8,should,11.5722
67,9,thank,15.089
67,10,the,4.47359
67,11,cook,14.0996
67,12,in,5.84722
67,13,the,3.09077
67,14,mess,14.9478
67,15,hall,3.65777
67,16,.,2.9225
67,17,</s>,23.6519
68,0,she,6.52858
68,1,knows,11.9031
68,2,that,2.62183
68,3,the,3.70626
68,4,captain,11.4942
68,5,said,12.809
68,6,the,4.51729
68,7,pilot,12.4321
68,8,thought,14.1576
68,9,should,10.4781
68,10,thank,15.0103
68,11,the,4.47359
68,12,cook,14.0996
68,13,in,5.84722
68,14,the,3.09077
68,15,mess,14.9478
68,16,hall,3.65777
68,17,.,2.9225
68,18,</s>,23.6519
69,0,she,6.52858
69,1,knows,11.9031
69,2,that,2.62183
69,3,the,3.70626
69,4,captain,11.4942
69,5,said,12.809
69,6,the,4.51729
69,7,pilot,12.4321
69,8,thought,14.1576
69,9,the,4.36895
69,10,soldier,14.3035
69,11,should,11.5722
69,12,thank,15.089
69,13,the,4.47359
69,14,cook,14.0996
69,15,in,5.84722
69,16,the,3.09077
69,17,mess,14.9478
69,18,hall,3.65777
69,19,.,2.9225
69,20,</s>,23.6519
70,0,she,6.52858
70,1,knows,11.9031
70,2,who,6.14725
70,3,the,3.6838
70,4,captain,12.7732
70,5,said,12.6937
70,6,the,4.51729
70,7,pilot,12.4321
70,8,thought,14.1576
70,9,should,10.4781
70,10,thank,15.0103
70,11,the,4.47359
70,12,cook,14.0996
70,13,in,5.84722
70,14,the,3.09077
70,15,mess,14.9478
70,16,hall,3.65777
70,17,.,2.9225
70,18,</s>,23.6519
71,0,she,6.52858
71,1,knows,11.9031
71,2,who,6.14725
71,3,the,3.6838
71,4,captain,12.7732
71,5,said,12.6937
71,6,the,4.51729
71,7,pilot,12.4321
71,8,thought,14.1576
71,9,the,4.36895
71,10,soldier,14.3035
71,11,should,11.5722
71,12,thank,15.089
71,13,the,4.47359
71,14,cook,14.0996
71,15,in,5.84722
71,16,the,3.09077
71,17,mess,14.9478
71,18,hall,3.65777
71,19,.,2.9225
71,20,</s>,23.6519
72,0,she,6.52858
72,1,knows,11.9031
72,2,that,2.62183
72,3,the,3.70626
72,4,captain,11.4942
72,5,said,12.809
72,6,the,4.51729
72,7,pilot,12.4321
72,8,thought,14.1576
72,9,he,5.15677
72,10,knew,10.6589
72,11,should,12.6362
72,12,thank,15.089
72,13,the,4.47359
72,14,cook,14.0996
72,15,in,5.84722
72,16,the,3.09077
72,17,mess,14.9478
72,18,hall,3.65777
72,19,.,2.9225
72,20,</s>,23.6519
73,0,she,6.52858
73,1,knows,11.9031
73,2,that,2.62183
73,3,the,3.70626
73,4,captain,11.4942
73,5,said,12.809
73,6,the,4.51729
73,7,pilot,12.4321
73,8,thought,14.1576
73,9,he,5.15677
73,10,knew,10.6589
73,11,the,5.05217
73,12,soldier,14.1324
73,13,should,11.5722
73,14,thank,15.089
73,15,the,4.47359
73,16,cook,14.0996
73,17,in,5.84722
73,18,the,3.09077
73,19,mess,14.9478
73,20,hall,3.65777
73,21,.,2.9225
73,22,</s>,23.6519
74,0,she,6.52858
74,1,knows,11.9031
74,2,who,6.14725
74,3,the,3.6838
74,4,captain,12.7732
74,5,said,12.6937
74,6,the,4.51729
74,7,pilot,12.4321
74,8,thought,14.1576
74,9,he,5.15677
74,10,knew,10.6589
74,11,should,12.6362
74,12,thank,15.089
74,13,the,4.47359
74,14,cook,14.0996
74,15,in,5.84722
74,16,the,3.09077
74,17,mess,14.9478
74,18,hall,3.65777
74,19,.,2.9225
74,20,</s>,23.6519
75,0,she,6.52858
75,1,knows,11.9031
75,2,who,6.14725
75,3,the,3.6838
75,4,captain,12.7732
75,5,said,12.6937
75,6,the,4.51729
75,7,pilot,12.4321
75,8,thought,14.1576
75,9,he,5.15677
75,10,knew,10.6589
75,11,the,5.05217
75,12,soldier,14.1324
75,13,should,11.5722
75,14,thank,15.089
75,15,the,4.47359
75,16,cook,14.0996
75,17,in,5.84722
75,18,the,3.09077
75,19,mess,14.9478
75,20,hall,3.65777
75,21,.,2.9225
75,22,</s>,23.6519
76,0,she,6.52858
76,1,knows,11.9031
76,2,that,2.62183
76,3,the,3.70626
76,4,captain,11.4942
76,5,said,12.809
76,6,the,4.51729
76,7,pilot,12.4321
76,8,thought,14.1576
76,9,he,5.15677
76,10,knew,10.6589
76,11,should,12.6362
76,12,thank,15.089
76,13,the,4.47359
76,14,cook,14.0996
76,15,in,5.84722
76,16,the,3.09077
76,17,mess,14.9478
76,18,hall,3.65777
76,19,.,2.9225
76,20,</s>,23.6519
77,0,she,6.52858
77,1,knows,11.9031
77,2,that,2.62183
77,3,the,3.70626
77,4,captain,11.4942
77,5,said,12.809
77,6,the,4.51729
77,7,pilot,12.4321
77,8,thought,14.1576
77,9,he,5.15677
77,10,knew,10.6589
77,11,the,5.05217
77,12,soldier,14.1324
77,13,should,11.5722
77,14,thank,15.089
77,15,the,4.47359
77,16,cook,14.0996
77,17,in,5.84722
77,18,the,3.09077
77,19,mess,14.9478
77,20,hall,3.65777
77,21,.,2.9225
77,22,</s>,23.6519
78,0,she,6.52858
78,1,knows,11.9031
78,2,who,6.14725
78,3,the,3.6838
78,4,captain,12.7732
78,5,said,12.6937
78,6,the,4.51729
78,7,pilot,12.4321
78,8,thought,14.1576
78,9,he,5.15677
78,10,knew,10.6589
78,11,should,12.6362
78,12,thank,15.089
78,13,the,4.47359
78,14,cook,14.0996
78,15,in,5.84722
78,16,the,3.09077
78,17,mess,14.9478
78,18,hall,3.65777
78,19,.,2.9225
78,20,</s>,23.6519
79,0,she,6.52858
79,1,knows,11.9031
79,2,who,6.14725
79,3,the,3.6838
79,4,captain,12.7732
79,5,said,12.6937
79,6,the,4.51729
79,7,pilot,12.4321
79,8,thought,14.1576
79,9,he,5.15677
79,10,knew,10.6589
79,11,the,5.05217
79,12,soldier,14.1324
79,13,should,11.5722
79,14,thank,15.089
79,15,the,4.47359
79,16,cook,14.0996
79,17,in,5.84722
79,18,the,3.09077
79,19,mess,14.9478
79,20,hall,3.65777
79,21,.,2.9225
79,22,</s>,23.6519
80,0,he,4.43708
80,1,knows,11.9494
80,2,that,2.7177
80,3,might,9.93988
80,4,interrogate,22.0049
80,5,the,4.73332
80,6,suspect,13.7496
80,7,in,5.09498
80,8,the,2.21188
80,9,basement,10.8945
80,10,.,2.56081
80,11,</s>,27.1167
81,0,he,4.43708
81,1,knows,11.9494
81,2,that,2.7177
81,3,the,3.64053
81,4,police,9.69857
81,5,might,15.3564
81,6,interrogate,21.4103
81,7,the,4.73332
81,8,suspect,13.7496
81,9,in,5.09498
81,10,the,2.21188
81,11,basement,10.8945
81,12,.,2.56081
81,13,</s>,27.1167
82,0,he,4.43708
82,1,knows,11.9494
82,2,who,8.10265
82,3,might,9.15824
82,4,interrogate,21.7587
82,5,the,4.73332
82,6,suspect,13.7496
82,7,in,5.09498
82,8,the,2.21188
82,9,basement,10.8945
82,10,.,2.56081
82,11,</s>,27.1167
83,0,he,4.43708
83,1,knows,11.9494
83,2,who,8.10265
83,3,the,3.8854
83,4,police,11.3625
83,5,might,14.699
83,6,interrogate,21.4103
83,7,the,4.73332
83,8,suspect,13.7496
83,9,in,5.09498
83,10,the,2.21188
83,11,basement,10.8945
83,12,.,2.56081
83,13,</s>,27.1167
84,0,he,4.43708
84,1,knows,11.9494
84,2,that,2.7177
84,3,the,3.64053
84,4,inspector,15.7446
84,5,believed,13.9192
84,6,might,13.2461
84,7,interrogate,21.4103
84,8,the,4.73332
84,9,suspect,13.7496
84,10,in,5.09498
84,11,the,2.21188
84,12,basement,10.8945
84,13,.,2.56081
84,14,</s>,27.1167
85,0,he,4.43708
85,1,knows,11.9494
85,2,that,2.7177
85,3,the,3.64053
85,4,inspector,15.7446
85,5,believed,13.9192
85,6,the,3.87627
85,7,police,11.245
85,8,might,14.699
85,9,interrogate,21.4103
85,10,the,4.73332
85,11,suspect,13.7496
85,12,in,5.09498
85,13,the,2.21188
85,14,basement,10.8945
85,15,.,2.56081
85,16,</s>,27.1167
86,0,he,4.43708
86,1,knows,11.9494
86,2,who,8.10265
86,3,the,3.8854
86,4,inspector,15.2768
86,5,believed,13.9192
86,6,might,13.2461
86,7,interrogate,21.4103
86,8,the,4.73332
86,9,suspect,13.7496
86,10,in,5.09498
86,11,the,2.21188
86,12,basement,10.8945
86,13,.,2.56081
86,14,</s>,27.1167
87,0,he,4.43708
87,1,knows,11.9494
87,2,who,8.10265
87,3,the,3.8854
87,4,inspector,15.2768
87,5,believed,13.9192
87,6,the,3.87627
87,7,police,11.245
87,8,might,14.699
87,9,interrogate,21.4103
87,10,the,4.73332
87,11,suspect,13.7496
87,12,in,5.09498
87,13,the,2.21188
87,14,basement,10.8945
87,15,.,2.56081
87,16,</s>,27.1167
88,0,he,4.43708
88,1,knows,11.9494
88,2,that,2.7177
88,3,the,3.64053
88,4,inspector,15.7446
88,5,believed,13.9192
88,6,the,3.87627
88,7,man,11.3386
88,8,reported,12.4041
88,9,might,13.0811
88,10,interrogate,21.4103
88,11,the,4.73332
88,12,suspect,13.7496
88,13,in,5.09498
88,14,the,2.21188
88,15,basement,10.8945
88,16,.,2.56081
88,17,</s>,27.1167
89,0,he,4.43708
89,1,knows,11.9494
89,2,that,2.7177
89,3,the,3.64053
89,4,inspector,15.7446
89,5,believed,13.9192
89,6,the,3.87627
89,7,man,11.3386
89,8,reported,12.4041
89,9,the,4.76018
89,10,police,11.4976
89,11,might,14.699
89,12,interrogate,21.4103
89,13,the,4.73332
89,14,suspect,13.7496
89,15,in,5.09498
89,16,the,2.21188
89,17,basement,10.8945
89,18,.,2.56081
89,19,</s>,27.1167
90,0,he,4.43708
90,1,knows,11.9494
90,2,who,8.10265
90,3,the,3.8854
90,4,inspector,15.2768
90,5,believed,13.9192
90,6,the,3.87627
90,7,man,11.3386
90,8,reported,12.4041
90,9,might,13.0811
90,10,interrogate,21.4103
90,11,the,4.73332
90,12,suspect,13.7496
90,13,in,5.09498
90,14,the,2.21188
90,15,basement,10.8945
90,16,.,2.56081
90,17,</s>,27.1167
91,0,he,4.43708
91,1,knows,11.9494
91,2,who,8.10265
91,3,the,3.8854
91,4,inspector,15.2768
91,5,believed,13.9192
91,6,the,3.87627
91,7,man,11.3386
91,8,reported,12.4041
91,9,the,4.76018
91,10,police,11.4976
91,11,might,14.699
91,12,interrogate,21.4103
91,13,the,4.73332
91,14,suspect,13.7496
91,15,in,5.09498
91,16,the,2.21188
91,17,basement,10.8945
91,18,.,2.56081
91,19,</s>,27.1167
92,0,he,4.43708
92,1,knows,11.9494
92,2,that,2.7177
92,3,the,3.64053
92,4,inspector,15.7446
92,5,believed,13.9192
92,6,the,3.87627
92,7,man,11.3386
92,8,reported,12.4041
92,9,he,8.37548
92,10,knew,9.68635
92,11,might,13.2982
92,12,interrogate,21.4103
92,13,the,4.73332
92,14,suspect,13.7496
92,15,in,5.09498
92,16,the,2.21188
92,17,basement,10.8945
92,18,.,2.56081
92,19,</s>,27.1167
93,0,he,4.43708
93,1,knows,11.9494
93,2,that,2.7177
93,3,the,3.64053
93,4,inspector,15.7446
93,5,believed,13.9192
93,6,the,3.87627
93,7,man,11.3386
93,8,reported,12.4041
93,9,he,8.37548
93,10,knew,9.68635
93,11,the,5.05217
93,12,police,11.2271
93,13,might,14.699
93,14,interrogate,21.4103
93,15,the,4.73332
93,16,suspect,13.7496
93,17,in,5.09498
93,18,the,2.21188
93,19,basement,10.8945
93,20,.,2.56081
93,21,</s>,27.1167
94,0,he,4.43708
94,1,knows,11.9494
94,2,who,8.10265
94,3,the,3.8854
94,4,inspector,15.2768
94,5,believed,13.9192
94,6,the,3.87627
94,7,man,11.3386
94,8,reported,12.4041
94,9,he,8.37548
94,10,knew,9.68635
94,11,might,13.2982
94,12,interrogate,21.4103
94,13,the,4.73332
94,14,suspect,13.7496
94,15,in,5.09498
94,16,the,2.21188
94,17,basement,10.8945
94,18,.,2.56081
94,19,</s>,27.1167
95,0,he,4.43708
95,1,knows,11.9494
95,2,who,8.10265
95,3,the,3.8854
95,4,inspector,15.2768
95,5,believed,13.9192
95,6,the,3.87627
95,7,man,11.3386
95,8,reported,12.4041
95,9,he,8.37548
95,10,knew,9.68635
95,11,the,5.05217
95,12,police,11.2271
95,13,might,14.699
95,14,interrogate,21.4103
95,15,the,4.73332
95,16,suspect,13.7496
95,17,in,5.09498
95,18,the,2.21188
95,19,basement,10.8945
95,20,.,2.56081
95,21,</s>,27.1167
96,0,he,4.43708
96,1,knows,11.9494
96,2,that,2.7177
96,3,the,3.64053
96,4,inspector,15.7446
96,5,believed,13.9192
96,6,the,3.87627
96,7,man,11.3386
96,8,reported,12.4041
96,9,he,8.37548
96,10,knew,9.68635
96,11,might,13.2982
96,12,interrogate,21.4103
96,13,the,4.73332
96,14,suspect,13.7496
96,15,in,5.09498
96,16,the,2.21188
96,17,basement,10.8945
96,18,.,2.56081
96,19,</s>,27.1167
97,0,he,4.43708
97,1,knows,11.9494
97,2,that,2.7177
97,3,the,3.64053
97,4,inspector,15.7446
97,5,believed,13.9192
97,6,the,3.87627
97,7,man,11.3386
97,8,reported,12.4041
97,9,he,8.37548
97,10,knew,9.68635
97,11,the,5.05217
97,12,police,11.2271
97,13,might,14.699
97,14,interrogate,21.4103
97,15,the,4.73332
97,16,suspect,13.7496
97,17,in,5.09498
97,18,the,2.21188
97,19,basement,10.8945
97,20,.,2.56081
97,21,</s>,27.1167
98,0,he,4.43708
98,1,knows,11.9494
98,2,who,8.10265
98,3,the,3.8854
98,4,inspector,15.2768
98,5,believed,13.9192
98,6,the,3.87627
98,7,man,11.3386
98,8,reported,12.4041
98,9,he,8.37548
98,10,knew,9.68635
98,11,might,13.2982
98,12,interrogate,21.4103
98,13,the,4.73332
98,14,suspect,13.7496
98,15,in,5.09498
98,16,the,2.21188
98,17,basement,10.8945
98,18,.,2.56081
98,19,</s>,27.1167
99,0,he,4.43708
99,1,knows,11.9494
99,2,who,8.10265
99,3,the,3.8854
99,4,inspector,15.2768
99,5,believed,13.9192
99,6,the,3.87627
99,7,man,11.3386
99,8,reported,12.4041
99,9,he,8.37548
99,10,knew,9.68635
99,11,the,5.05217
99,12,police,11.2271
99,13,might,14.699
99,14,interrogate,21.4103
99,15,the,4.73332
99,16,suspect,13.7496
99,17,in,5.09498
99,18,the,2.21188
99,19,basement,10.8945
99,20,.,2.56081
99,21,</s>,27.1167
100,0,you,11.5115
100,1,know,4.15838
100,2,that,6.24274
100,3,was,7.11972
100,4,waiting,13.2022
100,5,for,1.4596
100,6,her,4.3443
100,7,mother,7.4818
100,8,at,8.10087
100,9,the,2.06733
100,10,movie,13.507
100,11,theater,6.79027
100,12,.,4.48648
100,13,</s>,24.6519
101,0,you,11.5115
101,1,know,4.15838
101,2,that,6.24274
101,3,the,3.3901
101,4,young,10.1308
101,5,woman,4.56209
101,6,was,2.41958
101,7,waiting,12.9631
101,8,for,1.4596
101,9,her,4.3443
101,10,mother,7.4818
101,11,at,8.10087
101,12,the,2.06733
101,13,movie,13.507
101,14,theater,6.79027
101,15,.,4.48648
101,16,</s>,24.6519
102,0,you,11.5115
102,1,know,4.15838
102,2,who,5.97772
102,3,was,5.95861
102,4,waiting,10.817
102,5,for,2.65778
102,6,her,4.3443
102,7,mother,7.4818
102,8,at,8.10087
102,9,the,2.06733
102,10,movie,13.507
102,11,theater,6.79027
102,12,.,4.48648
102,13,</s>,24.6519
103,0,you,11.5115
103,1,know,4.15838
103,2,who,5.97772
103,3,the,5.26981
103,4,young,11.3975
103,5,woman,6.12623
103,6,was,5.72816
103,7,waiting,12.9631
103,8,for,1.4596
103,9,her,4.3443
103,10,mother,7.4818
103,11,at,8.10087
103,12,the,2.06733
103,13,movie,13.507
103,14,theater,6.79027
103,15,.,4.48648
103,16,</s>,24.6519
104,0,you,11.5115
104,1,know,4.15838
104,2,that,6.24274
104,3,the,3.3901
104,4,man,9.65412
104,5,said,10.1162
104,6,was,7.6825
104,7,waiting,13.2938
104,8,for,1.4596
104,9,her,4.3443
104,10,mother,7.4818
104,11,at,8.10087
104,12,the,2.06733
104,13,movie,13.507
104,14,theater,6.79027
104,15,.,4.48648
104,16,</s>,24.6519
105,0,you,11.5115
105,1,know,4.15838
105,2,that,6.24274
105,3,the,3.3901
105,4,man,9.65412
105,5,said,10.1162
105,6,the,4.64906
105,7,young,11.496
105,8,woman,6.12623
105,9,was,5.72816
105,10,waiting,12.9631
105,11,for,1.4596
105,12,her,4.3443
105,13,mother,7.4818
105,14,at,8.10087
105,15,the,2.06733
105,16,movie,13.507
105,17,theater,6.79027
105,18,.,4.48648
105,19,</s>,24.6519
106,0,you,11.5115
106,1,know,4.15838
106,2,who,5.97772
106,3,the,5.26981
106,4,man,6.97564
106,5,said,10.0278
106,6,was,7.6825
106,7,waiting,13.2938
106,8,for,1.4596
106,9,her,4.3443
106,10,mother,7.4818
106,11,at,8.10087
106,12,the,2.06733
106,13,movie,13.507
106,14,theater,6.79027
106,15,.,4.48648
106,16,</s>,24.6519
107,0,you,11.5115
107,1,know,4.15838
107,2,who,5.97772
107,3,the,5.26981
107,4,man,6.97564
107,5,said,10.0278
107,6,the,4.64906
107,7,young,11.496
107,8,woman,6.12623
107,9,was,5.72816
107,10,waiting,12.9631
107,11,for,1.4596
107,12,her,4.3443
107,13,mother,7.4818
107,14,at,8.10087
107,15,the,2.06733
107,16,movie,13.507
107,17,theater,6.79027
107,18,.,4.48648
107,19,</s>,24.6519
108,0,you,11.5115
108,1,know,4.15838
108,2,that,6.24274
108,3,the,3.3901
108,4,man,9.65412
108,5,said,10.1162
108,6,the,4.64906
108,7,attendant,15.834
108,8,saw,12.5106
108,9,was,9.11227
108,10,waiting,13.0601
108,11,for,1.4596
108,12,her,4.3443
108,13,mother,7.4818
108,14,at,8.10087
108,15,the,2.06733
108,16,movie,13.507
108,17,theater,6.79027
108,18,.,4.48648
108,19,</s>,24.6519
109,0,you,11.5115
109,1,know,4.15838
109,2,that,6.24274
109,3,the,3.3901
109,4,man,9.65412
109,5,said,10.1162
109,6,the,4.64906
109,7,attendant,15.834
109,8,saw,12.5106
109,9,the,2.9593
109,10,young,11.7593
109,11,woman,6.12623
109,12,was,5.72816
109,13,waiting,12.9631
109,14,for,1.4596
109,15,her,4.3443
109,16,mother,7.4818
109,17,at,8.10087
109,18,the,2.06733
109,19,movie,13.507
109,20,theater,6.79027
109,21,.,4.48648
109,22,</s>,24.6519
110,0,you,11.5115
110,1,know,4.15838
110,2,who,5.97772
110,3,the,5.26981
110,4,man,6.97564
110,5,said,10.0278
110,6,the,4.64906
110,7,attendant,15.834
110,8,saw,12.5106
110,9,was,9.11227
110,10,waiting,13.0601
110,11,for,1.4596
110,12,her,4.3443
110,13,mother,7.4818
110,14,at,8.10087
110,15,the,2.06733
110,16,movie,13.507
110,17,theater,6.79027
110,18,.,4.48648
110,19,</s>,24.6519
111,0,you,11.5115
111,1,know,4.15838
111,2,who,5.97772
111,3,the,5.26981
111,4,man,6.97564
111,5,said,10.0278
111,6,the,4.64906
111,7,attendant,15.834
111,8,saw,12.5106
111,9,the,2.9593
111,10,young,11.7593
111,11,woman,6.12623
111,12,was,5.72816
111,13,waiting,12.9631
111,14,for,1.4596
111,15,her,4.3443
111,16,mother,7.4818
111,17,at,8.10087
111,18,the,2.06733
111,19,movie,13.507
111,20,theater,6.79027
111,21,.,4.48648
111,22,</s>,24.6519
112,0,you,11.5115
112,1,know,4.15838
112,2,that,6.24274
112,3,the,3.3901
112,4,man,9.65412
112,5,said,10.1162
112,6,the,4.64906
112,7,attendant,15.834
112,8,saw,12.5106
112,9,her,6.16468
112,10,friend,9.55461
112,11,knew,13.4537
112,12,was,7.45984
112,13,waiting,12.8204
112,14,for,1.4596
112,15,her,4.3443
112,16,mother,7.4818
112,17,at,8.10087
112,18,the,2.06733
112,19,movie,13.507
112,20,theater,6.79027
112,21,.,4.48648
112,22,</s>,24.6519
113,0,you,11.5115
113,1,know,4.15838
113,2,that,6.24274
113,3,the,3.3901
113,4,man,9.65412
113,5,said,10.1162
113,6,the,4.64906
113,7,attendant,15.834
113,8,saw,12.5106
113,9,her,6.16468
113,10,friend,9.55461
113,11,knew,13.4537
113,12,the,4.27224
113,13,young,11.1359
113,14,woman,6.12623
113,15,was,5.72816
113,16,waiting,12.9631
113,17,for,1.4596
113,18,her,4.3443
113,19,mother,7.4818
113,20,at,8.10087
113,21,the,2.06733
113,22,movie,13.507
113,23,theater,6.79027
113,24,.,4.48648
113,25,</s>,24.6519
114,0,you,11.5115
114,1,know,4.15838
114,2,who,5.97772
114,3,the,5.26981
114,4,man,6.97564
114,5,said,10.0278
114,6,the,4.64906
114,7,attendant,15.834
114,8,saw,12.5106
114,9,her,6.16468
114,10,friend,9.55461
114,11,knew,13.4537
114,12,was,7.45984
114,13,waiting,12.8204
114,14,for,1.4596
114,15,her,4.3443
114,16,mother,7.4818
114,17,at,8.10087
114,18,the,2.06733
114,19,movie,13.507
114,20,theater,6.79027
114,21,.,4.48648
114,22,</s>,24.6519
115,0,you,11.5115
115,1,know,4.15838
115,2,who,5.97772
115,3,the,5.26981
115,4,man,6.97564
115,5,said,10.0278
115,6,the,4.64906
115,7,attendant,15.834
115,8,saw,12.5106
115,9,her,6.16468
115,10,friend,9.55461
115,11,knew,13.4537
115,12,the,4.27224
115,13,young,11.1359
115,14,woman,6.12623
115,15,was,5.72816
115,16,waiting,12.9631
115,17,for,1.4596
115,18,her,4.3443
115,19,mother,7.4818
115,20,at,8.10087
115,21,the,2.06733
115,22,movie,13.507
115,23,theater,6.79027
115,24,.,4.48648
115,25,</s>,24.6519
116,0,you,11.5115
116,1,know,4.15838
116,2,that,6.24274
116,3,the,3.3901
116,4,man,9.65412
116,5,said,10.1162
116,6,the,4.64906
116,7,attendant,15.834
116,8,saw,12.5106
116,9,her,6.16468
116,10,friend,9.55461
116,11,knew,13.4537
116,12,was,7.45984
116,13,waiting,12.8204
116,14,for,1.4596
116,15,her,4.3443
116,16,mother,7.4818
116,17,at,8.10087
116,18,the,2.06733
116,19,movie,13.507
116,20,theater,6.79027
116,21,.,4.48648
116,22,</s>,24.6519
117,0,you,11.5115
117,1,know,4.15838
117,2,that,6.24274
117,3,the,3.3901
117,4,man,9.65412
117,5,said,10.1162
117,6,the,4.64906
117,7,attendant,15.834
117,8,saw,12.5106
117,9,her,6.16468
117,10,friend,9.55461
117,11,knew,13.4537
117,12,the,4.27224
117,13,young,11.1359
117,14,woman,6.12623
117,15,was,5.72816
117,16,waiting,12.9631
117,17,for,1.4596
117,18,her,4.3443
117,19,mother,7.4818
117,20,at,8.10087
117,21,the,2.06733
117,22,movie,13.507
117,23,theater,6.79027
117,24,.,4.48648
117,25,</s>,24.6519
118,0,you,11.5115
118,1,know,4.15838
118,2,who,5.97772
118,3,the,5.26981
118,4,man,6.97564
118,5,said,10.0278
118,6,the,4.64906
118,7,attendant,15.834
118,8,saw,12.5106
118,9,her,6.16468
118,10,friend,9.55461
118,11,knew,13.4537
118,12,was,7.45984
118,13,waiting,12.8204
118,14,for,1.4596
118,15,her,4.3443
118,16,mother,7.4818
118,17,at,8.10087
118,18,the,2.06733
118,19,movie,13.507
118,20,theater,6.79027
118,21,.,4.48648
118,22,</s>,24.6519
119,0,you,11.5115
119,1,know,4.15838
119,2,who,5.97772
119,3,the,5.26981
119,4,man,6.97564
119,5,said,10.0278
119,6,the,4.64906
119,7,attendant,15.834
119,8,saw,12.5106
119,9,her,6.16468
119,10,friend,9.55461
119,11,knew,13.4537
119,12,the,4.27224
119,13,young,11.1359
119,14,woman,6.12623
119,15,was,5.72816
119,16,waiting,12.9631
119,17,for,1.4596
119,18,her,4.3443
119,19,mother,7.4818
119,20,at,8.10087
119,21,the,2.06733
119,22,movie,13.507
119,23,theater,6.79027
119,24,.,4.48648
119,25,</s>,24.6519
120,0,i,8.92268
120,1,know,6.35939
120,2,that,3.01867
120,3,could,8.30638
120,4,introduce,12.7193
120,5,her,7.74054
120,6,friend,9.6868
120,7,to,6.43557
120,8,the,3.08907
120,9,regular,11.827
120,10,customer,11.1913
120,11,.,4.81509
120,12,</s>,26.8713
121,0,i,8.92268
121,1,know,6.35939
121,2,that,3.01867
121,3,the,4.26664
121,4,hostess,16.9283
121,5,could,11.4411
121,6,introduce,12.1388
121,7,her,7.74054
121,8,friend,9.6868
121,9,to,6.43557
121,10,the,3.08907
121,11,regular,11.827
121,12,customer,11.1913
121,13,.,4.81509
121,14,</s>,26.8713
122,0,i,8.92268
122,1,know,6.35939
122,2,who,6.55265
122,3,could,7.70233
122,4,introduce,12.2788
122,5,her,7.74054
122,6,friend,9.6868
122,7,to,6.43557
122,8,the,3.08907
122,9,regular,11.827
122,10,customer,11.1913
122,11,.,4.81509
122,12,</s>,26.8713
123,0,i,8.92268
123,1,know,6.35939
123,2,who,6.55265
123,3,the,5.15736
123,4,hostess,16.53
123,5,could,11.4411
123,6,introduce,12.1388
123,7,her,7.74054
123,8,friend,9.6868
123,9,to,6.43557
123,10,the,3.08907
123,11,regular,11.827
123,12,customer,11.1913
123,13,.,4.81509
123,14,</s>,26.8713
124,0,i,8.92268
124,1,know,6.35939
124,2,that,3.01867
124,3,the,4.26664
124,4,heiress,16.641
124,5,believed,14.7912
124,6,could,9.64821
124,7,introduce,12.0548
124,8,her,7.74054
124,9,friend,9.6868
124,10,to,6.43557
124,11,the,3.08907
124,12,regular,11.827
124,13,customer,11.1913
124,14,.,4.81509
124,15,</s>,26.8713
125,0,i,8.92268
125,1,know,6.35939
125,2,that,3.01867
125,3,the,4.26664
125,4,heiress,16.641
125,5,believed,14.7912
125,6,the,3.87627
125,7,hostess,16.3283
125,8,could,11.4411
125,9,introduce,12.1388
125,10,her,7.74054
125,11,friend,9.6868
125,12,to,6.43557
125,13,the,3.08907
125,14,regular,11.827
125,15,customer,11.1913
125,16,.,4.81509
125,17,</s>,26.8713
126,0,i,8.92268
126,1,know,6.35939
126,2,who,6.55265
126,3,the,5.15736
126,4,heiress,16.2427
126,5,believed,14.7912
126,6,could,9.64821
126,7,introduce,12.0548
126,8,her,7.74054
126,9,friend,9.6868
126,10,to,6.43557
126,11,the,3.08907
126,12,regular,11.827
126,13,customer,11.1913
126,14,.,4.81509
126,15,</s>,26.8713
127,0,i,8.92268
127,1,know,6.35939
127,2,who,6.55265
127,3,the,5.15736
127,4,heiress,16.2427
127,5,believed,14.7912
127,6,the,3.87627
127,7,hostess,16.3283
127,8,could,11.4411
127,9,introduce,12.1388
127,10,her,7.74054
127,11,friend,9.6868
127,12,to,6.43557
127,13,the,3.08907
127,14,regular,11.827
127,15,customer,11.1913
127,16,.,4.81509
127,17,</s>,26.8713
128,0,i,8.92268
128,1,know,6.35939
128,2,that,3.01867
128,3,the,4.26664
128,4,heiress,16.641
128,5,believed,14.7912
128,6,her,7.84558
128,7,friend,9.74941
128,8,said,9.50362
128,9,could,11.2304
128,10,introduce,12.0997
128,11,her,7.74054
128,12,friend,9.6868
128,13,to,6.43557
128,14,the,3.08907
128,15,regular,11.827
128,16,customer,11.1913
128,17,.,4.81509
128,18,</s>,26.8713
129,0,i,8.92268
129,1,know,6.35939
129,2,that,3.01867
129,3,the,4.26664
129,4,heiress,16.641
129,5,believed,14.7912
129,6,her,7.84558
129,7,friend,9.74941
129,8,said,9.50362
129,9,the,4.71401
129,10,hostess,16.6284
129,11,could,11.4411
129,12,introduce,12.1388
129,13,her,7.74054
129,14,friend,9.6868
129,15,to,6.43557
129,16,the,3.08907
129,17,regular,11.827
129,18,customer,11.1913
129,19,.,4.81509
129,20,</s>,26.8713
130,0,i,8.92268
130,1,know,6.35939
130,2,who,6.55265
130,3,the,5.15736
130,4,heiress,16.2427
130,5,believed,14.7912
130,6,her,7.84558
130,7,friend,9.74941
130,8,said,9.50362
130,9,could,11.2304
130,10,introduce,12.0997
130,11,her,7.74054
130,12,friend,9.6868
130,13,to,6.43557
130,14,the,3.08907
130,15,regular,11.827
130,16,customer,11.1913
130,17,.,4.81509
130,18,</s>,26.8713
131,0,i,8.92268
131,1,know,6.35939
131,2,who,6.55265
131,3,the,5.15736
131,4,heiress,16.2427
131,5,believed,14.7912
131,6,her,7.84558
131,7,friend,9.74941
131,8,said,9.50362
131,9,the,4.71401
131,10,hostess,16.6284
131,11,could,11.4411
131,12,introduce,12.1388
131,13,her,7.74054
131,14,friend,9.6868
131,15,to,6.43557
131,16,the,3.08907
131,17,regular,11.827
131,18,customer,11.1913
131,19,.,4.81509
131,20,</s>,26.8713
132,0,i,8.92268
132,1,know,6.35939
132,2,that,3.01867
132,3,the,4.26664
132,4,heiress,16.641
132,5,believed,14.7912
132,6,her,7.84558
132,7,friend,9.74941
132,8,said,9.50362
132,9,she,6.18344
132,10,knew,9.85772
132,11,could,9.95168
132,12,introduce,12.1388
132,13,her,7.74054
132,14,friend,9.6868
132,15,to,6.43557
132,16,the,3.08907
132,17,regular,11.827
132,18,customer,11.1913
132,19,.,4.81509
132,20,</s>,26.8713
133,0,i,8.92268
133,1,know,6.35939
133,2,that,3.01867
133,3,the,4.26664
133,4,heiress,16.641
133,5,believed,14.7912
133,6,her,7.84558
133,7,friend,9.74941
133,8,said,9.50362
133,9,she,6.18344
133,10,knew,9.85772
133,11,the,5.35757
133,12,hostess,16.2684
133,13,could,11.4411
133,14,introduce,12.1388
133,15,her,7.74054
133,16,friend,9.6868
133,17,to,6.43557
133,18,the,3.08907
133,19,regular,11.827
133,20,customer,11.1913
133,21,.,4.81509
133,22,</s>,26.8713
134,0,i,8.92268
134,1,know,6.35939
134,2,who,6.55265
134,3,the,5.15736
134,4,heiress,16.2427
134,5,believed,14.7912
134,6,her,7.84558
134,7,friend,9.74941
134,8,said,9.50362
134,9,she,6.18344
134,10,knew,9.85772
134,11,could,9.95168
134,12,introduce,12.1388
134,13,her,7.74054
134,14,friend,9.6868
134,15,to,6.43557
134,16,the,3.08907
134,17,regular,11.827
134,18,customer,11.1913
134,19,.,4.81509
134,20,</s>,26.8713
135,0,i,8.92268
135,1,know,6.35939
135,2,who,6.55265
135,3,the,5.15736
135,4,heiress,16.2427
135,5,believed,14.7912
135,6,her,7.84558
135,7,friend,9.74941
135,8,said,9.50362
135,9,she,6.18344
135,10,knew,9.85772
135,11,the,5.35757
135,12,hostess,16.2684
135,13,could,11.4411
135,14,introduce,12.1388
135,15,her,7.74054
135,16,friend,9.6868
135,17,to,6.43557
135,18,the,3.08907
135,19,regular,11.827
135,20,customer,11.1913
135,21,.,4.81509
135,22,</s>,26.8713
136,0,i,8.92268
136,1,know,6.35939
136,2,that,3.01867
136,3,the,4.26664
136,4,heiress,16.641
136,5,believed,14.7912
136,6,her,7.84558
136,7,friend,9.74941
136,8,said,9.50362
136,9,she,6.18344
136,10,knew,9.85772
136,11,could,9.95168
136,12,introduce,12.1388
136,13,her,7.74054
136,14,friend,9.6868
136,15,to,6.43557
136,16,the,3.08907
136,17,regular,11.827
136,18,customer,11.1913
136,19,.,4.81509
136,20,</s>,26.8713
137,0,i,8.92268
137,1,know,6.35939
137,2,that,3.01867
137,3,the,4.26664
137,4,heiress,16.641
137,5,believed,14.7912
137,6,her,7.84558
137,7,friend,9.74941
137,8,said,9.50362
137,9,she,6.18344
137,10,knew,9.85772
137,11,the,5.35757
137,12,hostess,16.2684
137,13,could,11.4411
137,14,introduce,12.1388
137,15,her,7.74054
137,16,friend,9.6868
137,17,to,6.43557
137,18,the,3.08907
137,19,regular,11.827
137,20,customer,11.1913
137,21,.,4.81509
137,22,</s>,26.8713
138,0,i,8.92268
138,1,know,6.35939
138,2,who,6.55265
138,3,the,5.15736
138,4,heiress,16.2427
138,5,believed,14.7912
138,6,her,7.84558
138,7,friend,9.74941
138,8,said,9.50362
138,9,she,6.18344
138,10,knew,9.85772
138,11,could,9.95168
138,12,introduce,12.1388
138,13,her,7.74054
138,14,friend,9.6868
138,15,to,6.43557
138,16,the,3.08907
138,17,regular,11.827
138,18,customer,11.1913
138,19,.,4.81509
138,20,</s>,26.8713
139,0,i,8.92268
139,1,know,6.35939
139,2,who,6.55265
139,3,the,5.15736
139,4,heiress,16.2427
139,5,believed,14.7912
139,6,her,7.84558
139,7,friend,9.74941
139,8,said,9.50362
139,9,she,6.18344
139,10,knew,9.85772
139,11,the,5.35757
139,12,hostess,16.2684
139,13,could,11.4411
139,14,introduce,12.1388
139,15,her,7.74054
139,16,friend,9.6868
139,17,to,6.43557
139,18,the,3.08907
139,19,regular,11.827
139,20,customer,11.1913
139,21,.,4.81509
139,22,</s>,26.8713
140,0,she,6.52858
140,1,knows,11.9031
140,2,that,2.62183
140,3,could,8.58296
140,4,congratulate,16.6693
140,5,the,7.13554
140,6,writer,12.9807
140,7,after,9.79877
140,8,the,3.49999
140,9,ceremony,10.0624
140,10,.,3.56209
140,11,</s>,23.7244
141,0,she,6.52858
141,1,knows,11.9031
141,2,that,2.62183
141,3,the,3.70626
141,4,man,9.63939
141,5,could,9.42735
141,6,congratulate,16.1118
141,7,the,7.13554
141,8,writer,12.9807
141,9,after,9.79877
141,10,the,3.49999
141,11,ceremony,10.0624
141,12,.,3.56209
141,13,</s>,23.7244
142,0,she,6.52858
142,1,knows,11.9031
142,2,who,6.14725
142,3,could,7.50659
142,4,congratulate,16.2288
142,5,the,7.13554
142,6,writer,12.9807
142,7,after,9.79877
142,8,the,3.49999
142,9,ceremony,10.0624
142,10,.,3.56209
142,11,</s>,23.7244
143,0,she,6.52858
143,1,knows,11.9031
143,2,who,6.14725
143,3,the,3.6838
143,4,man,6.8914
143,5,could,9.339
143,6,congratulate,16.1118
143,7,the,7.13554
143,8,writer,12.9807
143,9,after,9.79877
143,10,the,3.49999
143,11,ceremony,10.0624
143,12,.,3.56209
143,13,</s>,23.7244
144,0,she,6.52858
144,1,knows,11.9031
144,2,that,2.62183
144,3,the,3.70626
144,4,woman,10.5893
144,5,said,9.96008
144,6,could,11.2802
144,7,congratulate,16.0498
144,8,the,7.13554
144,9,writer,12.9807
144,10,after,9.79877
144,11,the,3.49999
144,12,ceremony,10.0624
144,13,.,3.56209
144,14,</s>,23.7244
145,0,she,6.52858
145,1,knows,11.9031
145,2,that,2.62183
145,3,the,3.70626
145,4,woman,10.5893
145,5,said,9.96008
145,6,the,4.76385
145,7,man,9.44883
145,8,could,8.9167
145,9,congratulate,16.1118
145,10,the,7.13554
145,11,writer,12.9807
145,12,after,9.79877
145,13,the,3.49999
145,14,ceremony,10.0624
145,15,.,3.56209
145,16,</s>,23.7244
146,0,she,6.52858
146,1,knows,11.9031
146,2,who,6.14725
146,3,the,3.6838
146,4,woman,7.80189
146,5,said,10.4705
146,6,could,11.2802
146,7,congratulate,16.0498
146,8,the,7.13554
146,9,writer,12.9807
146,10,after,9.79877
146,11,the,3.49999
146,12,ceremony,10.0624
146,13,.,3.56209
146,14,</s>,23.7244
147,0,she,6.52858
147,1,knows,11.9031
147,2,who,6.14725
147,3,the,3.6838
147,4,woman,7.80189
147,5,said,10.4705
147,6,the,4.76385
147,7,man,9.44883
147,8,could,8.9167
147,9,congratulate,16.1118
147,10,the,7.13554
147,11,writer,12.9807
147,12,after,9.79877
147,13,the,3.49999
147,14,ceremony,10.0624
147,15,.,3.56209
147,16,</s>,23.7244
148,0,she,6.52858
148,1,knows,11.9031
148,2,that,2.62183
148,3,the,3.70626
148,4,woman,10.5893
148,5,said,9.96008
148,6,her,8.80805
148,7,friend,9.53134
148,8,believed,13.6711
148,9,could,9.64821
148,10,congratulate,16.0049
148,11,the,7.13554
148,12,writer,12.9807
148,13,after,9.79877
148,14,the,3.49999
148,15,ceremony,10.0624
148,16,.,3.56209
148,17,</s>,23.7244
149,0,she,6.52858
149,1,knows,11.9031
149,2,that,2.62183
149,3,the,3.70626
149,4,woman,10.5893
149,5,said,9.96008
149,6,her,8.80805
149,7,friend,9.53134
149,8,believed,13.6711
149,9,the,3.87627
149,10,man,11.3386
149,11,could,8.9167
149,12,congratulate,16.1118
149,13,the,7.13554
149,14,writer,12.9807
149,15,after,9.79877
149,16,the,3.49999
149,17,ceremony,10.0624
149,18,.,3.56209
149,19,</s>,23.7244
150,0,she,6.52858
150,1,knows,11.9031
150,2,who,6.14725
150,3,the,3.6838
150,4,woman,7.80189
150,5,said,10.4705
150,6,her,8.80805
150,7,friend,9.53134
150,8,believed,13.6711
150,9,could,9.64821
150,10,congratulate,16.0049
150,11,the,7.13554
150,12,writer,12.9807
150,13,after,9.79877
150,14,the,3.49999
150,15,ceremony,10.0624
150,16,.,3.56209
150,17,</s>,23.7244
151,0,she,6.52858
151,1,knows,11.9031
151,2,who,6.14725
151,3,the,3.6838
151,4,woman,7.80189
151,5,said,10.4705
151,6,her,8.80805
151,7,friend,9.53134
151,8,believed,13.6711
151,9,the,3.87627
151,10,man,11.3386
151,11,could,8.9167
151,12,congratulate,16.1118
151,13,the,7.13554
151,14,writer,12.9807
151,15,after,9.79877
151,16,the,3.49999
151,17,ceremony,10.0624
151,18,.,3.56209
151,19,</s>,23.7244
152,0,she,6.52858
152,1,knows,11.9031
152,2,that,2.62183
152,3,the,3.70626
152,4,woman,10.5893
152,5,said,9.96008
152,6,her,8.80805
152,7,friend,9.53134
152,8,believed,13.6711
152,9,she,6.76858
152,10,knew,9.78483
152,11,could,9.95168
152,12,congratulate,16.0888
152,13,the,7.13554
152,14,writer,12.9807
152,15,after,9.79877
152,16,the,3.49999
152,17,ceremony,10.0624
152,18,.,3.56209
152,19,</s>,23.7244
153,0,she,6.52858
153,1,knows,11.9031
153,2,that,2.62183
153,3,the,3.70626
153,4,woman,10.5893
153,5,said,9.96008
153,6,her,8.80805
153,7,friend,9.53134
153,8,believed,13.6711
153,9,she,6.76858
153,10,knew,9.78483
153,11,the,5.35757
153,12,man,11.2787
153,13,could,8.9167
153,14,congratulate,16.1118
153,15,the,7.13554
153,16,writer,12.9807
153,17,after,9.79877
153,18,the,3.49999
153,19,ceremony,10.0624
153,20,.,3.56209
153,21,</s>,23.7244
154,0,she,6.52858
154,1,knows,11.9031
154,2,who,6.14725
154,3,the,3.6838
154,4,woman,7.80189
154,5,said,10.4705
154,6,her,8.80805
154,7,friend,9.53134
154,8,believed,13.6711
154,9,she,6.76858
154,10,knew,9.78483
154,11,could,9.95168
154,12,congratulate,16.0888
154,13,the,7.13554
154,14,writer,12.9807
154,15,after,9.79877
154,16,the,3.49999
154,17,ceremony,10.0624
154,18,.,3.56209
154,19,</s>,23.7244
155,0,she,6.52858
155,1,knows,11.9031
155,2,who,6.14725
155,3,the,3.6838
155,4,woman,7.80189
155,5,said,10.4705
155,6,her,8.80805
155,7,friend,9.53134
155,8,believed,13.6711
155,9,she,6.76858
155,10,knew,9.78483
155,11,the,5.35757
155,12,man,11.2787
155,13,could,8.9167
155,14,congratulate,16.1118
155,15,the,7.13554
155,16,writer,12.9807
155,17,after,9.79877
155,18,the,3.49999
155,19,ceremony,10.0624
155,20,.,3.56209
155,21,</s>,23.7244
156,0,she,6.52858
156,1,knows,11.9031
156,2,that,2.62183
156,3,the,3.70626
156,4,woman,10.5893
156,5,said,9.96008
156,6,her,8.80805
156,7,friend,9.53134
156,8,believed,13.6711
156,9,she,6.76858
156,10,knew,9.78483
156,11,could,9.95168
156,12,congratulate,16.0888
156,13,the,7.13554
156,14,writer,12.9807
156,15,after,9.79877
156,16,the,3.49999
156,17,ceremony,10.0624
156,18,.,3.56209
156,19,</s>,23.7244
157,0,she,6.52858
157,1,knows,11.9031
157,2,that,2.62183
157,3,the,3.70626
157,4,woman,10.5893
157,5,said,9.96008
157,6,her,8.80805
157,7,friend,9.53134
157,8,believed,13.6711
157,9,she,6.76858
157,10,knew,9.78483
157,11,the,5.35757
157,12,man,11.2787
157,13,could,8.9167
157,14,congratulate,16.1118
157,15,the,7.13554
157,16,writer,12.9807
157,17,after,9.79877
157,18,the,3.49999
157,19,ceremony,10.0624
157,20,.,3.56209
157,21,</s>,23.7244
158,0,she,6.52858
158,1,knows,11.9031
158,2,who,6.14725
158,3,the,3.6838
158,4,woman,7.80189
158,5,said,10.4705
158,6,her,8.80805
158,7,friend,9.53134
158,8,believed,13.6711
158,9,she,6.76858
158,10,knew,9.78483
158,11,could,9.95168
158,12,congratulate,16.0888
158,13,the,7.13554
158,14,writer,12.9807
158,15,after,9.79877
158,16,the,3.49999
158,17,ceremony,10.0624
158,18,.,3.56209
158,19,</s>,23.7244
159,0,she,6.52858
159,1,knows,11.9031
159,2,who,6.14725
159,3,the,3.6838
159,4,woman,7.80189
159,5,said,10.4705
159,6,her,8.80805
159,7,friend,9.53134
159,8,believed,13.6711
159,9,she,6.76858
159,10,knew,9.78483
159,11,the,5.35757
159,12,man,11.2787
159,13,could,8.9167
159,14,congratulate,16.1118
159,15,the,7.13554
159,16,writer,12.9807
159,17,after,9.79877
159,18,the,3.49999
159,19,ceremony,10.0624
159,20,.,3.56209
159,21,</s>,23.7244
160,0,he,4.43708
160,1,knows,11.9494
160,2,that,2.7177
160,3,should,10.8308
160,4,support,10.1269
160,5,the,1.67573
160,6,principal,12.2501
160,7,during,13.3868
160,8,the,1.9779
160,9,town,12.7755
160,10,meeting,9.12265
160,11,.,4.50577
160,12,</s>,22.7871
161,0,he,4.43708
161,1,knows,11.9494
161,2,that,2.7177
161,3,the,3.64053
161,4,mayor,11.6413
161,5,should,13.637
161,6,support,9.29127
161,7,the,1.67573
161,8,principal,12.2501
161,9,during,13.3868
161,10,the,1.9779
161,11,town,12.7755
161,12,meeting,9.12265
161,13,.,4.50577
161,14,</s>,22.7871
162,0,he,4.43708
162,1,knows,11.9494
162,2,who,8.10265
162,3,should,10.1755
162,4,support,9.61614
162,5,the,1.67573
162,6,principal,12.2501
162,7,during,13.3868
162,8,the,1.9779
162,9,town,12.7755
162,10,meeting,9.12265
162,11,.,4.50577
162,12,</s>,22.7871
163,0,he,4.43708
163,1,knows,11.9494
163,2,who,8.10265
163,3,the,3.8854
163,4,mayor,12.5083
163,5,should,13.7085
163,6,support,9.29127
163,7,the,1.67573
163,8,principal,12.2501
163,9,during,13.3868
163,10,the,1.9779
163,11,town,12.7755
163,12,meeting,9.12265
163,13,.,4.50577
163,14,</s>,22.7871
164,0,he,4.43708
164,1,knows,11.9494
164,2,that,2.7177
164,3,the,3.64053
164,4,politician,16.0631
164,5,believed,14.3727
164,6,should,10.8099
164,7,support,9.29127
164,8,the,1.67573
164,9,principal,12.2501
164,10,during,13.3868
164,11,the,1.9779
164,12,town,12.7755
164,13,meeting,9.12265
164,14,.,4.50577
164,15,</s>,22.7871
165,0,he,4.43708
165,1,knows,11.9494
165,2,that,2.7177
165,3,the,3.64053
165,4,politician,16.0631
165,5,believed,14.3727
165,6,the,3.87627
165,7,mayor,12.3908
165,8,should,13.7085
165,9,support,9.29127
165,10,the,1.67573
165,11,principal,12.2501
165,12,during,13.3868
165,13,the,1.9779
165,14,town,12.7755
165,15,meeting,9.12265
165,16,.,4.50577
165,17,</s>,22.7871
166,0,he,4.43708
166,1,knows,11.9494
166,2,who,8.10265
166,3,the,3.8854
166,4,politician,15.7789
166,5,believed,14.3727
166,6,should,10.8099
166,7,support,9.29127
166,8,the,1.67573
166,9,principal,12.2501
166,10,during,13.3868
166,11,the,1.9779
166,12,town,12.7755
166,13,meeting,9.12265
166,14,.,4.50577
166,15,</s>,22.7871
167,0,he,4.43708
167,1,knows,11.9494
167,2,who,8.10265
167,3,the,3.8854
167,4,politician,15.7789
167,5,believed,14.3727
167,6,the,3.87627
167,7,mayor,12.3908
167,8,should,13.7085
167,9,support,9.29127
167,10,the,1.67573
167,11,principal,12.2501
167,12,during,13.3868
167,13,the,1.9779
167,14,town,12.7755
167,15,meeting,9.12265
167,16,.,4.50577
167,17,</s>,22.7871
168,0,he,4.43708
168,1,knows,11.9494
168,2,that,2.7177
168,3,the,3.64053
168,4,politician,16.0631
168,5,believed,14.3727
168,6,the,3.87627
168,7,donors,16.4383
168,8,said,12.612
168,9,should,12.5476
168,10,support,9.71035
168,11,the,1.67573
168,12,principal,12.2501
168,13,during,13.3868
168,14,the,1.9779
168,15,town,12.7755
168,16,meeting,9.12265
168,17,.,4.50577
168,18,</s>,22.7871
169,0,he,4.43708
169,1,knows,11.9494
169,2,that,2.7177
169,3,the,3.64053
169,4,politician,16.0631
169,5,believed,14.3727
169,6,the,3.87627
169,7,donors,16.4383
169,8,said,12.612
169,9,the,4.51729
169,10,mayor,12.691
169,11,should,13.7085
169,12,support,9.29127
169,13,the,1.67573
169,14,principal,12.2501
169,15,during,13.3868
169,16,the,1.9779
169,17,town,12.7755
169,18,meeting,9.12265
169,19,.,4.50577
169,20,</s>,22.7871
170,0,he,4.43708
170,1,knows,11.9494
170,2,who,8.10265
170,3,the,3.8854
170,4,politician,15.7789
170,5,believed,14.3727
170,6,the,3.87627
170,7,donors,16.4383
170,8,said,12.612
170,9,should,12.5476
170,10,support,9.71035
170,11,the,1.67573
170,12,principal,12.2501
170,13,during,13.3868
170,14,the,1.9779
170,15,town,12.7755
170,16,meeting,9.12265
170,17,.,4.50577
170,18,</s>,22.7871
171,0,he,4.43708
171,1,knows,11.9494
171,2,who,8.10265
171,3,the,3.8854
171,4,politician,15.7789
171,5,believed,14.3727
171,6,the,3.87627
171,7,donors,16.4383
171,8,said,12.612
171,9,the,4.51729
171,10,mayor,12.691
171,11,should,13.7085
171,12,support,9.29127
171,13,the,1.67573
171,14,principal,12.2501
171,15,during,13.3868
171,16,the,1.9779
171,17,town,12.7755
171,18,meeting,9.12265
171,19,.,4.50577
171,20,</s>,22.7871
172,0,he,4.43708
172,1,knows,11.9494
172,2,that,2.7177
172,3,the,3.64053
172,4,politician,16.0631
172,5,believed,14.3727
172,6,the,3.87627
172,7,donors,16.4383
172,8,said,12.612
172,9,they,5.73574
172,10,knew,8.5943
172,11,should,12.6473
172,12,support,9.29127
172,13,the,1.67573
172,14,principal,12.2501
172,15,during,13.3868
172,16,the,1.9779
172,17,town,12.7755
172,18,meeting,9.12265
172,19,.,4.50577
172,20,</s>,22.7871
173,0,he,4.43708
173,1,knows,11.9494
173,2,that,2.7177
173,3,the,3.64053
173,4,politician,16.0631
173,5,believed,14.3727
173,6,the,3.87627
173,7,donors,16.4383
173,8,said,12.612
173,9,they,5.73574
173,10,knew,8.5943
173,11,the,4.155
173,12,mayor,12.3942
173,13,should,13.7085
173,14,support,9.29127
173,15,the,1.67573
173,16,principal,12.2501
173,17,during,13.3868
173,18,the,1.9779
173,19,town,12.7755
173,20,meeting,9.12265
173,21,.,4.50577
173,22,</s>,22.7871
174,0,he,4.43708
174,1,knows,11.9494
174,2,who,8.10265
174,3,the,3.8854
174,4,politician,15.7789
174,5,believed,14.3727
174,6,the,3.87627
174,7,donors,16.4383
174,8,said,12.612
174,9,they,5.73574
174,10,knew,8.5943
174,11,should,12.6473
174,12,support,9.29127
174,13,the,1.67573
174,14,principal,12.2501
174,15,during,13.3868
174,16,the,1.9779
174,17,town,12.7755
174,18,meeting,9.12265
174,19,.,4.50577
174,20,</s>,22.7871
175,0,he,4.43708
175,1,knows,11.9494
175,2,who,8.10265
175,3,the,3.8854
175,4,politician,15.7789
175,5,believed,14.3727
175,6,the,3.87627
175,7,donors,16.4383
175,8,said,12.612
175,9,they,5.73574
175,10,knew,8.5943
175,11,the,4.155
175,12,mayor,12.3942
175,13,should,13.7085
175,14,support,9.29127
175,15,the,1.67573
175,16,principal,12.2501
175,17,during,13.3868
175,18,the,1.9779
175,19,town,12.7755
175,20,meeting,9.12265
175,21,.,4.50577
175,22,</s>,22.7871
176,0,he,4.43708
176,1,knows,11.9494
176,2,that,2.7177
176,3,the,3.64053
176,4,politician,16.0631
176,5,believed,14.3727
176,6,the,3.87627
176,7,donors,16.4383
176,8,said,12.612
176,9,they,5.73574
176,10,knew,8.5943
176,11,should,12.6473
176,12,support,9.29127
176,13,the,1.67573
176,14,principal,12.2501
176,15,during,13.3868
176,16,the,1.9779
176,17,town,12.7755
176,18,meeting,9.12265
176,19,.,4.50577
176,20,</s>,22.7871
177,0,he,4.43708
177,1,knows,11.9494
177,2,that,2.7177
177,3,the,3.64053
177,4,politician,16.0631
177,5,believed,14.3727
177,6,the,3.87627
177,7,donors,16.4383
177,8,said,12.612
177,9,they,5.73574
177,10,knew,8.5943
177,11,the,4.155
177,12,mayor,12.3942
177,13,should,13.7085
177,14,support,9.29127
177,15,the,1.67573
177,16,principal,12.2501
177,17,during,13.3868
177,18,the,1.9779
177,19,town,12.7755
177,20,meeting,9.12265
177,21,.,4.50577
177,22,</s>,22.7871
178,0,he,4.43708
178,1,knows,11.9494
178,2,who,8.10265
178,3,the,3.8854
178,4,politician,15.7789
178,5,believed,14.3727
178,6,the,3.87627
178,7,donors,16.4383
178,8,said,12.612
178,9,they,5.73574
178,10,knew,8.5943
178,11,should,12.6473
178,12,support,9.29127
178,13,the,1.67573
178,14,principal,12.2501
178,15,during,13.3868
178,16,the,1.9779
178,17,town,12.7755
178,18,meeting,9.12265
178,19,.,4.50577
178,20,</s>,22.7871
179,0,he,4.43708
179,1,knows,11.9494
179,2,who,8.10265
179,3,the,3.8854
179,4,politician,15.7789
179,5,believed,14.3727
179,6,the,3.87627
179,7,donors,16.4383
179,8,said,12.612
179,9,they,5.73574
179,10,knew,8.5943
179,11,the,4.155
179,12,mayor,12.3942
179,13,should,13.7085
179,14,support,9.29127
179,15,the,1.67573
179,16,principal,12.2501
179,17,during,13.3868
179,18,the,1.9779
179,19,town,12.7755
179,20,meeting,9.12265
179,21,.,4.50577
179,22,</s>,22.7871
180,0,you,11.5115
180,1,know,4.15838
180,2,that,6.24274
180,3,did,9.70209
180,4,greet,17.0946
180,5,the,4.18549
180,6,teacher,13.2564
180,7,on,8.39577
180,8,the,1.41003
180,9,sidewalk,11.9557
180,10,.,1.84574
180,11,</s>,25.1838
181,0,you,11.5115
181,1,know,4.15838
181,2,that,6.24274
181,3,the,3.3901
181,4,firefighter,20.0026
181,5,did,10.9282
181,6,greet,15.388
181,7,the,4.18549
181,8,teacher,13.2564
181,9,on,8.39577
181,10,the,1.41003
181,11,sidewalk,11.9557
181,12,.,1.84574
181,13,</s>,25.1838
182,0,you,11.5115
182,1,know,4.15838
182,2,who,5.97772
182,3,did,6.86911
182,4,greet,16.8624
182,5,the,4.18549
182,6,teacher,13.2564
182,7,on,8.39577
182,8,the,1.41003
182,9,sidewalk,11.9557
182,10,.,1.84574
182,11,</s>,25.1838
183,0,you,11.5115
183,1,know,4.15838
183,2,who,5.97772
183,3,the,5.26981
183,4,firefighter,19.6043
183,5,did,10.9282
183,6,greet,15.388
183,7,the,4.18549
183,8,teacher,13.2564
183,9,on,8.39577
183,10,the,1.41003
183,11,sidewalk,11.9557
183,12,.,1.84574
183,13,</s>,25.1838
184,0,you,11.5115
184,1,know,4.15838
184,2,that,6.24274
184,3,the,3.3901
184,4,woman,10.6041
184,5,reported,13.9101
184,6,did,13.776
184,7,greet,15.388
184,8,the,4.18549
184,9,teacher,13.2564
184,10,on,8.39577
184,11,the,1.41003
184,12,sidewalk,11.9557
184,13,.,1.84574
184,14,</s>,25.1838
185,0,you,11.5115
185,1,know,4.15838
185,2,that,6.24274
185,3,the,3.3901
185,4,woman,10.6041
185,5,reported,13.9101
185,6,the,4.76018
185,7,firefighter,19.6552
185,8,did,10.9282
185,9,greet,15.388
185,10,the,4.18549
185,11,teacher,13.2564
185,12,on,8.39577
185,13,the,1.41003
185,14,sidewalk,11.9557
185,15,.,1.84574
185,16,</s>,25.1838
186,0,you,11.5115
186,1,know,4.15838
186,2,who,5.97772
186,3,the,5.26981
186,4,woman,7.88614
186,5,reported,14.4206
186,6,did,13.776
186,7,greet,15.388
186,8,the,4.18549
186,9,teacher,13.2564
186,10,on,8.39577
186,11,the,1.41003
186,12,sidewalk,11.9557
186,13,.,1.84574
186,14,</s>,25.1838
187,0,you,11.5115
187,1,know,4.15838
187,2,who,5.97772
187,3,the,5.26981
187,4,woman,7.88614
187,5,reported,14.4206
187,6,the,4.76018
187,7,firefighter,19.6552
187,8,did,10.9282
187,9,greet,15.388
187,10,the,4.18549
187,11,teacher,13.2564
187,12,on,8.39577
187,13,the,1.41003
187,14,sidewalk,11.9557
187,15,.,1.84574
187,16,</s>,25.1838
188,0,you,11.5115
188,1,know,4.15838
188,2,that,6.24274
188,3,the,3.3901
188,4,woman,10.6041
188,5,reported,13.9101
188,6,the,4.76018
188,7,neighbors,15.9824
188,8,believed,13.7188
188,9,did,10.8099
188,10,greet,15.8237
188,11,the,4.18549
188,12,teacher,13.2564
188,13,on,8.39577
188,14,the,1.41003
188,15,sidewalk,11.9557
188,16,.,1.84574
188,17,</s>,25.1838
189,0,you,11.5115
189,1,know,4.15838
189,2,that,6.24274
189,3,the,3.3901
189,4,woman,10.6041
189,5,reported,13.9101
189,6,the,4.76018
189,7,neighbors,15.9824
189,8,believed,13.7188
189,9,the,3.87627
189,10,firefighter,19.4026
189,11,did,10.9282
189,12,greet,15.388
189,13,the,4.18549
189,14,teacher,13.2564
189,15,on,8.39577
189,16,the,1.41003
189,17,sidewalk,11.9557
189,18,.,1.84574
189,19,</s>,25.1838
190,0,you,11.5115
190,1,know,4.15838
190,2,who,5.97772
190,3,the,5.26981
190,4,woman,7.88614
190,5,reported,14.4206
190,6,the,4.76018
190,7,neighbors,15.9824
190,8,believed,13.7188
190,9,did,10.8099
190,10,greet,15.8237
190,11,the,4.18549
190,12,teacher,13.2564
190,13,on,8.39577
190,14,the,1.41003
190,15,sidewalk,11.9557
190,16,.,1.84574
190,17,</s>,25.1838
191,0,you,11.5115
191,1,know,4.15838
191,2,who,5.97772
191,3,the,5.26981
191,4,woman,7.88614
191,5,reported,14.4206
191,6,the,4.76018
191,7,neighbors,15.9824
191,8,believed,13.7188
191,9,the,3.87627
191,10,firefighter,19.4026
191,11,did,10.9282
191,12,greet,15.388
191,13,the,4.18549
191,14,teacher,13.2564
191,15,on,8.39577
191,16,the,1.41003
191,17,sidewalk,11.9557
191,18,.,1.84574
191,19,</s>,25.1838
192,0,you,11.5115
192,1,know,4.15838
192,2,that,6.24274
192,3,the,3.3901
192,4,woman,10.6041
192,5,reported,13.9101
192,6,the,4.76018
192,7,neighbors,15.9824
192,8,believed,13.7188
192,9,they,5.84129
192,10,knew,11.1134
192,11,did,12.4583
192,12,greet,15.388
192,13,the,4.18549
192,14,teacher,13.2564
192,15,on,8.39577
192,16,the,1.41003
192,17,sidewalk,11.9557
192,18,.,1.84574
192,19,</s>,25.1838
193,0,you,11.5115
193,1,know,4.15838
193,2,that,6.24274
193,3,the,3.3901
193,4,woman,10.6041
193,5,reported,13.9101
193,6,the,4.76018
193,7,neighbors,15.9824
193,8,believed,13.7188
193,9,they,5.84129
193,10,knew,11.1134
193,11,the,4.155
193,12,firefighter,19.406
193,13,did,10.9282
193,14,greet,15.388
193,15,the,4.18549
193,16,teacher,13.2564
193,17,on,8.39577
193,18,the,1.41003
193,19,sidewalk,11.9557
193,20,.,1.84574
193,21,</s>,25.1838
194,0,you,11.5115
194,1,know,4.15838
194,2,who,5.97772
194,3,the,5.26981
194,4,woman,7.88614
194,5,reported,14.4206
194,6,the,4.76018
194,7,neighbors,15.9824
194,8,believed,13.7188
194,9,they,5.84129
194,10,knew,11.1134
194,11,did,12.4583
194,12,greet,15.388
194,13,the,4.18549
194,14,teacher,13.2564
194,15,on,8.39577
194,16,the,1.41003
194,17,sidewalk,11.9557
194,18,.,1.84574
194,19,</s>,25.1838
195,0,you,11.5115
195,1,know,4.15838
195,2,who,5.97772
195,3,the,5.26981
195,4,woman,7.88614
195,5,reported,14.4206
195,6,the,4.76018
195,7,neighbors,15.9824
195,8,believed,13.7188
195,9,they,5.84129
195,10,knew,11.1134
195,11,the,4.155
195,12,firefighter,19.406
195,13,did,10.9282
195,14,greet,15.388
195,15,the,4.18549
195,16,teacher,13.2564
195,17,on,8.39577
195,18,the,1.41003
195,19,sidewalk,11.9557
195,20,.,1.84574
195,21,</s>,25.1838
196,0,you,11.5115
196,1,know,4.15838
196,2,that,6.24274
196,3,the,3.3901
196,4,woman,10.6041
196,5,reported,13.9101
196,6,the,4.76018
196,7,neighbors,15.9824
196,8,believed,13.7188
196,9,they,5.84129
196,10,knew,11.1134
196,11,did,12.4583
196,12,greet,15.388
196,13,the,4.18549
196,14,teacher,13.2564
196,15,on,8.39577
196,16,the,1.41003
196,17,sidewalk,11.9557
196,18,.,1.84574
196,19,</s>,25.1838
197,0,you,11.5115
197,1,know,4.15838
197,2,that,6.24274
197,3,the,3.3901
197,4,woman,10.6041
197,5,reported,13.9101
197,6,the,4.76018
197,7,neighbors,15.9824
197,8,believed,13.7188
197,9,they,5.84129
197,10,knew,11.1134
197,11,the,4.155
197,12,firefighter,19.406
197,13,did,10.9282
197,14,greet,15.388
197,15,the,4.18549
197,16,teacher,13.2564
197,17,on,8.39577
197,18,the,1.41003
197,19,sidewalk,11.9557
197,20,.,1.84574
197,21,</s>,25.1838
198,0,you,11.5115
198,1,know,4.15838
198,2,who,5.97772
198,3,the,5.26981
198,4,woman,7.88614
198,5,reported,14.4206
198,6,the,4.76018
198,7,neighbors,15.9824
198,8,believed,13.7188
198,9,they,5.84129
198,10,knew,11.1134
198,11,did,12.4583
198,12,greet,15.388
198,13,the,4.18549
198,14,teacher,13.2564
198,15,on,8.39577
198,16,the,1.41003
198,17,sidewalk,11.9557
198,18,.,1.84574
198,19,</s>,25.1838
199,0,you,11.5115
199,1,know,4.15838
199,2,who,5.97772
199,3,the,5.26981
199,4,woman,7.88614
199,5,reported,14.4206
199,6,the,4.76018
199,7,neighbors,15.9824
199,8,believed,13.7188
199,9,they,5.84129
199,10,knew,11.1134
199,11,the,4.155
199,12,firefighter,19.406
199,13,did,10.9282
199,14,greet,15.388
199,15,the,4.18549
199,16,teacher,13.2564
199,17,on,8.39577
199,18,the,1.41003
199,19,sidewalk,11.9557
199,20,.,1.84574
199,21,</s>,25.1838
200,0,i,8.92268
200,1,know,6.35939
200,2,that,3.01867
200,3,might,9.81373
200,4,have,2.81632
200,5,assassinated,17.0187
200,6,the,5.07255
200,7,politician,15.6277
200,8,yesterday,18.318
200,9,night,15.1951
200,10,.,4.95414
200,11,</s>,28.3898
201,0,i,8.92268
201,1,know,6.35939
201,2,that,3.01867
201,3,the,4.26664
201,4,spy,15.9081
201,5,might,12.8983
201,6,have,3.14779
201,7,assassinated,16.597
201,8,the,5.07255
201,9,politician,15.6277
201,10,yesterday,18.318
201,11,night,15.1951
201,12,.,4.95414
201,13,</s>,28.3898
202,0,i,8.92268
202,1,know,6.35939
202,2,who,6.55265
202,3,might,9.15238
202,4,have,2.7324
202,5,assassinated,16.8235
202,6,the,5.07255
202,7,politician,15.6277
202,8,yesterday,18.318
202,9,night,15.1951
202,10,.,4.95414
202,11,</s>,28.3898
203,0,i,8.92268
203,1,know,6.35939
203,2,who,6.55265
203,3,the,5.15736
203,4,spy,15.5098
203,5,might,12.8983
203,6,have,3.14779
203,7,assassinated,16.597
203,8,the,5.07255
203,9,politician,15.6277
203,10,yesterday,18.318
203,11,night,15.1951
203,12,.,4.95414
203,13,</s>,28.3898
204,0,i,8.92268
204,1,know,6.35939
204,2,that,3.01867
204,3,the,4.26664
204,4,agent,12.9434
204,5,thought,14.1393
204,6,might,10.4781
204,7,have,3.19661
204,8,assassinated,16.597
204,9,the,5.07255
204,10,politician,15.6277
204,11,yesterday,18.318
204,12,night,15.1951
204,13,.,4.95414
204,14,</s>,28.3898
205,0,i,8.92268
205,1,know,6.35939
205,2,that,3.01867
205,3,the,4.26664
205,4,agent,12.9434
205,5,thought,14.1393
205,6,the,4.36895
205,7,spy,15.4613
205,8,might,12.8983
205,9,have,3.14779
205,10,assassinated,16.597
205,11,the,5.07255
205,12,politician,15.6277
205,13,yesterday,18.318
205,14,night,15.1951
205,15,.,4.95414
205,16,</s>,28.3898
206,0,i,8.92268
206,1,know,6.35939
206,2,who,6.55265
206,3,the,5.15736
206,4,agent,13.4316
206,5,thought,14.1393
206,6,might,10.4781
206,7,have,3.19661
206,8,assassinated,16.597
206,9,the,5.07255
206,10,politician,15.6277
206,11,yesterday,18.318
206,12,night,15.1951
206,13,.,4.95414
206,14,</s>,28.3898
207,0,i,8.92268
207,1,know,6.35939
207,2,who,6.55265
207,3,the,5.15736
207,4,agent,13.4316
207,5,thought,14.1393
207,6,the,4.36895
207,7,spy,15.4613
207,8,might,12.8983
207,9,have,3.14779
207,10,assassinated,16.597
207,11,the,5.07255
207,12,politician,15.6277
207,13,yesterday,18.318
207,14,night,15.1951
207,15,.,4.95414
207,16,</s>,28.3898
208,0,i,8.92268
208,1,know,6.35939
208,2,that,3.01867
208,3,the,4.26664
208,4,agent,12.9434
208,5,thought,14.1393
208,6,the,4.36895
208,7,witness,14.1068
208,8,said,7.19067
208,9,might,13.6609
208,10,have,3.14779
208,11,assassinated,16.597
208,12,the,5.07255
208,13,politician,15.6277
208,14,yesterday,18.318
208,15,night,15.1951
208,16,.,4.95414
208,17,</s>,28.3898
209,0,i,8.92268
209,1,know,6.35939
209,2,that,3.01867
209,3,the,4.26664
209,4,agent,12.9434
209,5,thought,14.1393
209,6,the,4.36895
209,7,witness,14.1068
209,8,said,7.19067
209,9,the,4.51155
209,10,spy,15.6082
209,11,might,12.8983
209,12,have,3.14779
209,13,assassinated,16.597
209,14,the,5.07255
209,15,politician,15.6277
209,16,yesterday,18.318
209,17,night,15.1951
209,18,.,4.95414
209,19,</s>,28.3898
210,0,i,8.92268
210,1,know,6.35939
210,2,who,6.55265
210,3,the,5.15736
210,4,agent,13.4316
210,5,thought,14.1393
210,6,the,4.36895
210,7,witness,14.1068
210,8,said,7.19067
210,9,might,13.6609
210,10,have,3.14779
210,11,assassinated,16.597
210,12,the,5.07255
210,13,politician,15.6277
210,14,yesterday,18.318
210,15,night,15.1951
210,16,.,4.95414
210,17,</s>,28.3898
211,0,i,8.92268
211,1,know,6.35939
211,2,who,6.55265
211,3,the,5.15736
211,4,agent,13.4316
211,5,thought,14.1393
211,6,the,4.36895
211,7,witness,14.1068
211,8,said,7.19067
211,9,the,4.51155
211,10,spy,15.6082
211,11,might,12.8983
211,12,have,3.14779
211,13,assassinated,16.597
211,14,the,5.07255
211,15,politician,15.6277
211,16,yesterday,18.318
211,17,night,15.1951
211,18,.,4.95414
211,19,</s>,28.3898
212,0,i,8.92268
212,1,know,6.35939
212,2,that,3.01867
212,3,the,4.26664
212,4,agent,12.9434
212,5,thought,14.1393
212,6,the,4.36895
212,7,witness,14.1068
212,8,said,7.19067
212,9,he,4.20515
212,10,knew,7.46001
212,11,might,13.4274
212,12,have,3.14779
212,13,assassinated,16.597
212,14,the,5.07255
212,15,politician,15.6277
212,16,yesterday,18.318
212,17,night,15.1951
212,18,.,4.95414
212,19,</s>,28.3898
213,0,i,8.92268
213,1,know,6.35939
213,2,that,3.01867
213,3,the,4.26664
213,4,agent,12.9434
213,5,thought,14.1393
213,6,the,4.36895
213,7,witness,14.1068
213,8,said,7.19067
213,9,he,4.20515
213,10,knew,7.46001
213,11,the,3.1432
213,12,spy,15.2902
213,13,might,12.8983
213,14,have,3.14779
213,15,assassinated,16.597
213,16,the,5.07255
213,17,politician,15.6277
213,18,yesterday,18.318
213,19,night,15.1951
213,20,.,4.95414
213,21,</s>,28.3898
214,0,i,8.92268
214,1,know,6.35939
214,2,who,6.55265
214,3,the,5.15736
214,4,agent,13.4316
214,5,thought,14.1393
214,6,the,4.36895
214,7,witness,14.1068
214,8,said,7.19067
214,9,he,4.20515
214,10,knew,7.46001
214,11,might,13.4274
214,12,have,3.14779
214,13,assassinated,16.597
214,14,the,5.07255
214,15,politician,15.6277
214,16,yesterday,18.318
214,17,night,15.1951
214,18,.,4.95414
214,19,</s>,28.3898
215,0,i,8.92268
215,1,know,6.35939
215,2,who,6.55265
215,3,the,5.15736
215,4,agent,13.4316
215,5,thought,14.1393
215,6,the,4.36895
215,7,witness,14.1068
215,8,said,7.19067
215,9,he,4.20515
215,10,knew,7.46001
215,11,the,3.1432
215,12,spy,15.2902
215,13,might,12.8983
215,14,have,3.14779
215,15,assassinated,16.597
215,16,the,5.07255
215,17,politician,15.6277
215,18,yesterday,18.318
215,19,night,15.1951
215,20,.,4.95414
215,21,</s>,28.3898
216,0,i,8.92268
216,1,know,6.35939
216,2,that,3.01867
216,3,the,4.26664
216,4,agent,12.9434
216,5,thought,14.1393
216,6,the,4.36895
216,7,witness,14.1068
216,8,said,7.19067
216,9,he,4.20515
216,10,knew,7.46001
216,11,might,13.4274
216,12,have,3.14779
216,13,assassinated,16.597
216,14,the,5.07255
216,15,politician,15.6277
216,16,yesterday,18.318
216,17,night,15.1951
216,18,.,4.95414
216,19,</s>,28.3898
217,0,i,8.92268
217,1,know,6.35939
217,2,that,3.01867
217,3,the,4.26664
217,4,agent,12.9434
217,5,thought,14.1393
217,6,the,4.36895
217,7,witness,14.1068
217,8,said,7.19067
217,9,he,4.20515
217,10,knew,7.46001
217,11,the,3.1432
217,12,spy,15.2902
217,13,might,12.8983
217,14,have,3.14779
217,15,assassinated,16.597
217,16,the,5.07255
217,17,politician,15.6277
217,18,yesterday,18.318
217,19,night,15.1951
217,20,.,4.95414
217,21,</s>,28.3898
218,0,i,8.92268
218,1,know,6.35939
218,2,who,6.55265
218,3,the,5.15736
218,4,agent,13.4316
218,5,thought,14.1393
218,6,the,4.36895
218,7,witness,14.1068
218,8,said,7.19067
218,9,he,4.20515
218,10,knew,7.46001
218,11,might,13.4274
218,12,have,3.14779
218,13,assassinated,16.597
218,14,the,5.07255
218,15,politician,15.6277
218,16,yesterday,18.318
218,17,night,15.1951
218,18,.,4.95414
218,19,</s>,28.3898
219,0,i,8.92268
219,1,know,6.35939
219,2,who,6.55265
219,3,the,5.15736
219,4,agent,13.4316
219,5,thought,14.1393
219,6,the,4.36895
219,7,witness,14.1068
219,8,said,7.19067
219,9,he,4.20515
219,10,knew,7.46001
219,11,the,3.1432
219,12,spy,15.2902
219,13,might,12.8983
219,14,have,3.14779
219,15,assassinated,16.597
219,16,the,5.07255
219,17,politician,15.6277
219,18,yesterday,18.318
219,19,night,15.1951
219,20,.,4.95414
219,21,</s>,28.3898
220,0,he,4.43708
220,1,recalled,11.3595
220,2,that,2.12319
220,3,did,9.67645
220,4,frighten,23.1018
220,5,the,4.54306
220,6,protesters,14.1263
220,7,over,11.1971
220,8,the,2.86856
220,9,weekend,8.93594
220,10,.,1.76059
220,11,</s>,25.3093
221,0,he,4.43708
221,1,recalled,11.3595
221,2,that,2.12319
221,3,the,4.22693
221,4,police,9.65063
221,5,did,5.19286
221,6,frighten,22.5532
221,7,the,4.54306
221,8,protesters,14.1263
221,9,over,11.1971
221,10,the,2.86856
221,11,weekend,8.93594
221,12,.,1.76059
221,13,</s>,25.3093
222,0,he,4.43708
222,1,recalled,11.3595
222,2,who,12.7182
222,3,did,7.12873
222,4,frighten,22.1775
222,5,the,4.54306
222,6,protesters,14.1263
222,7,over,11.1971
222,8,the,2.86856
222,9,weekend,8.93594
222,10,.,1.76059
222,11,</s>,25.3093
223,0,he,4.43708
223,1,recalled,11.3595
223,2,who,12.7182
223,3,the,8.96323
223,4,police,11.3625
223,5,did,7.92319
223,6,frighten,22.8623
223,7,the,4.54306
223,8,protesters,14.1263
223,9,over,11.1971
223,10,the,2.86856
223,11,weekend,8.93594
223,12,.,1.76059
223,13,</s>,25.3093
224,0,he,4.43708
224,1,recalled,11.3595
224,2,that,2.12319
224,3,the,4.22693
224,4,inspector,15.6967
224,5,believed,13.9192
224,6,did,10.8099
224,7,frighten,21.8309
224,8,the,4.54306
224,9,protesters,14.1263
224,10,over,11.1971
224,11,the,2.86856
224,12,weekend,8.93594
224,13,.,1.76059
224,14,</s>,25.3093
225,0,he,4.43708
225,1,recalled,11.3595
225,2,that,2.12319
225,3,the,4.22693
225,4,inspector,15.6967
225,5,believed,13.9192
225,6,the,3.87627
225,7,police,11.245
225,8,did,7.92319
225,9,frighten,22.8623
225,10,the,4.54306
225,11,protesters,14.1263
225,12,over,11.1971
225,13,the,2.86856
225,14,weekend,8.93594
225,15,.,1.76059
225,16,</s>,25.3093
226,0,he,4.43708
226,1,recalled,11.3595
226,2,who,12.7182
226,3,the,8.96323
226,4,inspector,15.2768
226,5,believed,13.9192
226,6,did,10.8099
226,7,frighten,21.8309
226,8,the,4.54306
226,9,protesters,14.1263
226,10,over,11.1971
226,11,the,2.86856
226,12,weekend,8.93594
226,13,.,1.76059
226,14,</s>,25.3093
227,0,he,4.43708
227,1,recalled,11.3595
227,2,who,12.7182
227,3,the,8.96323
227,4,inspector,15.2768
227,5,believed,13.9192
227,6,the,3.87627
227,7,police,11.245
227,8,did,7.92319
227,9,frighten,22.8623
227,10,the,4.54306
227,11,protesters,14.1263
227,12,over,11.1971
227,13,the,2.86856
227,14,weekend,8.93594
227,15,.,1.76059
227,16,</s>,25.3093
228,0,he,4.43708
228,1,recalled,11.3595
228,2,that,2.12319
228,3,the,4.22693
228,4,inspector,15.6967
228,5,believed,13.9192
228,6,the,3.87627
228,7,detective,14.3243
228,8,concluded,14.5199
228,9,did,12.226
228,10,frighten,21.3952
228,11,the,4.54306
228,12,protesters,14.1263
228,13,over,11.1971
228,14,the,2.86856
228,15,weekend,8.93594
228,16,.,1.76059
228,17,</s>,25.3093
229,0,he,4.43708
229,1,recalled,11.3595
229,2,that,2.12319
229,3,the,4.22693
229,4,inspector,15.6967
229,5,believed,13.9192
229,6,the,3.87627
229,7,detective,14.3243
229,8,concluded,14.5199
229,9,the,4.38232
229,10,police,11.2572
229,11,did,7.92319
229,12,frighten,22.8623
229,13,the,4.54306
229,14,protesters,14.1263
229,15,over,11.1971
229,16,the,2.86856
229,17,weekend,8.93594
229,18,.,1.76059
229,19,</s>,25.3093
230,0,he,4.43708
230,1,recalled,11.3595
230,2,who,12.7182
230,3,the,8.96323
230,4,inspector,15.2768
230,5,believed,13.9192
230,6,the,3.87627
230,7,detective,14.3243
230,8,concluded,14.5199
230,9,did,12.226
230,10,frighten,21.3952
230,11,the,4.54306
230,12,protesters,14.1263
230,13,over,11.1971
230,14,the,2.86856
230,15,weekend,8.93594
230,16,.,1.76059
230,17,</s>,25.3093
231,0,he,4.43708
231,1,recalled,11.3595
231,2,who,12.7182
231,3,the,8.96323
231,4,inspector,15.2768
231,5,believed,13.9192
231,6,the,3.87627
231,7,detective,14.3243
231,8,concluded,14.5199
231,9,the,4.38232
231,10,police,11.2572
231,11,did,7.92319
231,12,frighten,22.8623
231,13,the,4.54306
231,14,protesters,14.1263
231,15,over,11.1971
231,16,the,2.86856
231,17,weekend,8.93594
231,18,.,1.76059
231,19,</s>,25.3093
232,0,he,4.43708
232,1,recalled,11.3595
232,2,that,2.12319
232,3,the,4.22693
232,4,inspector,15.6967
232,5,believed,13.9192
232,6,the,3.87627
232,7,detective,14.3243
232,8,concluded,14.5199
232,9,he,7.37569
232,10,knew,9.68907
232,11,did,12.4472
232,12,frighten,21.3952
232,13,the,4.54306
232,14,protesters,14.1263
232,15,over,11.1971
232,16,the,2.86856
232,17,weekend,8.93594
232,18,.,1.76059
232,19,</s>,25.3093
233,0,he,4.43708
233,1,recalled,11.3595
233,2,that,2.12319
233,3,the,4.22693
233,4,inspector,15.6967
233,5,believed,13.9192
233,6,the,3.87627
233,7,detective,14.3243
233,8,concluded,14.5199
233,9,he,7.37569
233,10,knew,9.68907
233,11,the,5.05217
233,12,police,11.2271
233,13,did,7.92319
233,14,frighten,22.8623
233,15,the,4.54306
233,16,protesters,14.1263
233,17,over,11.1971
233,18,the,2.86856
233,19,weekend,8.93594
233,20,.,1.76059
233,21,</s>,25.3093
234,0,he,4.43708
234,1,recalled,11.3595
234,2,who,12.7182
234,3,the,8.96323
234,4,inspector,15.2768
234,5,believed,13.9192
234,6,the,3.87627
234,7,detective,14.3243
234,8,concluded,14.5199
234,9,he,7.37569
234,10,knew,9.68907
234,11,did,12.4472
234,12,frighten,21.3952
234,13,the,4.54306
234,14,protesters,14.1263
234,15,over,11.1971
234,16,the,2.86856
234,17,weekend,8.93594
234,18,.,1.76059
234,19,</s>,25.3093
235,0,he,4.43708
235,1,recalled,11.3595
235,2,who,12.7182
235,3,the,8.96323
235,4,inspector,15.2768
235,5,believed,13.9192
235,6,the,3.87627
235,7,detective,14.3243
235,8,concluded,14.5199
235,9,he,7.37569
235,10,knew,9.68907
235,11,the,5.05217
235,12,police,11.2271
235,13,did,7.92319
235,14,frighten,22.8623
235,15,the,4.54306
235,16,protesters,14.1263
235,17,over,11.1971
235,18,the,2.86856
235,19,weekend,8.93594
235,20,.,1.76059
235,21,</s>,25.3093
236,0,he,4.43708
236,1,recalled,11.3595
236,2,that,2.12319
236,3,the,4.22693
236,4,inspector,15.6967
236,5,believed,13.9192
236,6,the,3.87627
236,7,detective,14.3243
236,8,concluded,14.5199
236,9,he,7.37569
236,10,knew,9.68907
236,11,did,12.4472
236,12,frighten,21.3952
236,13,the,4.54306
236,14,protesters,14.1263
236,15,over,11.1971
236,16,the,2.86856
236,17,weekend,8.93594
236,18,.,1.76059
236,19,</s>,25.3093
237,0,he,4.43708
237,1,recalled,11.3595
237,2,that,2.12319
237,3,the,4.22693
237,4,inspector,15.6967
237,5,believed,13.9192
237,6,the,3.87627
237,7,detective,14.3243
237,8,concluded,14.5199
237,9,he,7.37569
237,10,knew,9.68907
237,11,the,5.05217
237,12,police,11.2271
237,13,did,7.92319
237,14,frighten,22.8623
237,15,the,4.54306
237,16,protesters,14.1263
237,17,over,11.1971
237,18,the,2.86856
237,19,weekend,8.93594
237,20,.,1.76059
237,21,</s>,25.3093
238,0,he,4.43708
238,1,recalled,11.3595
238,2,who,12.7182
238,3,the,8.96323
238,4,inspector,15.2768
238,5,believed,13.9192
238,6,the,3.87627
238,7,detective,14.3243
238,8,concluded,14.5199
238,9,he,7.37569
238,10,knew,9.68907
238,11,did,12.4472
238,12,frighten,21.3952
238,13,the,4.54306
238,14,protesters,14.1263
238,15,over,11.1971
238,16,the,2.86856
238,17,weekend,8.93594
238,18,.,1.76059
238,19,</s>,25.3093
239,0,he,4.43708
239,1,recalled,11.3595
239,2,who,12.7182
239,3,the,8.96323
239,4,inspector,15.2768
239,5,believed,13.9192
239,6,the,3.87627
239,7,detective,14.3243
239,8,concluded,14.5199
239,9,he,7.37569
239,10,knew,9.68907
239,11,the,5.05217
239,12,police,11.2271
239,13,did,7.92319
239,14,frighten,22.8623
239,15,the,4.54306
239,16,protesters,14.1263
239,17,over,11.1971
239,18,the,2.86856
239,19,weekend,8.93594
239,20,.,1.76059
239,21,</s>,25.3093
240,0,we,10.0475
240,1,recalled,16.8821
240,2,that,3.25558
240,3,might,9.88313
240,4,have,2.81632
240,5,divorced,17.8135
240,6,his,4.78035
240,7,wife,1.84415
240,8,last,14.8866
240,9,week,7.67921
240,10,.,3.59506
240,11,</s>,24.2368
241,0,we,10.0475
241,1,recalled,16.8821
241,2,that,3.25558
241,3,the,3.21199
241,4,millionaire,17.2247
241,5,might,12.3555
241,6,have,3.14779
241,7,divorced,17.3918
241,8,his,4.78035
241,9,wife,1.84415
241,10,last,14.8866
241,11,week,7.67921
241,12,.,3.59506
241,13,</s>,24.2368
242,0,we,10.0475
242,1,recalled,16.8821
242,2,who,11.9121
242,3,might,8.58329
242,4,have,2.7324
242,5,divorced,17.6183
242,6,his,4.78035
242,7,wife,1.84415
242,8,last,14.8866
242,9,week,7.67921
242,10,.,3.59506
242,11,</s>,24.2368
243,0,we,10.0475
243,1,recalled,16.8821
243,2,who,11.9121
243,3,the,8.96323
243,4,millionaire,16.8048
243,5,might,12.3555
243,6,have,3.14779
243,7,divorced,17.3918
243,8,his,4.78035
243,9,wife,1.84415
243,10,last,14.8866
243,11,week,7.67921
243,12,.,3.59506
243,13,</s>,24.2368
244,0,we,10.0475
244,1,recalled,16.8821
244,2,that,3.25558
244,3,the,3.21199
244,4,woman,10.5414
244,5,said,9.96008
244,6,might,13.9132
244,7,have,3.14779
244,8,divorced,17.3918
244,9,his,4.78035
244,10,wife,1.84415
244,11,last,14.8866
244,12,week,7.67921
244,13,.,3.59506
244,14,</s>,24.2368
245,0,we,10.0475
245,1,recalled,16.8821
245,2,that,3.25558
245,3,the,3.21199
245,4,woman,10.5414
245,5,said,9.96008
245,6,the,4.76385
245,7,millionaire,16.9874
245,8,might,12.3555
245,9,have,3.14779
245,10,divorced,17.3918
245,11,his,4.78035
245,12,wife,1.84415
245,13,last,14.8866
245,14,week,7.67921
245,15,.,3.59506
245,16,</s>,24.2368
246,0,we,10.0475
246,1,recalled,16.8821
246,2,who,11.9121
246,3,the,8.96323
246,4,woman,7.80189
246,5,said,10.4705
246,6,might,13.9132
246,7,have,3.14779
246,8,divorced,17.3918
246,9,his,4.78035
246,10,wife,1.84415
246,11,last,14.8866
246,12,week,7.67921
246,13,.,3.59506
246,14,</s>,24.2368
247,0,we,10.0475
247,1,recalled,16.8821
247,2,who,11.9121
247,3,the,8.96323
247,4,woman,7.80189
247,5,said,10.4705
247,6,the,4.76385
247,7,millionaire,16.9874
247,8,might,12.3555
247,9,have,3.14779
247,10,divorced,17.3918
247,11,his,4.78035
247,12,wife,1.84415
247,13,last,14.8866
247,14,week,7.67921
247,15,.,3.59506
247,16,</s>,24.2368
248,0,we,10.0475
248,1,recalled,16.8821
248,2,that,3.25558
248,3,the,3.21199
248,4,woman,10.5414
248,5,said,9.96008
248,6,she,6.23329
248,7,thought,5.99716
248,8,might,11.0586
248,9,have,3.19661
248,10,divorced,17.3918
248,11,his,4.78035
248,12,wife,1.84415
248,13,last,14.8866
248,14,week,7.67921
248,15,.,3.59506
248,16,</s>,24.2368
249,0,we,10.0475
249,1,recalled,16.8821
249,2,that,3.25558
249,3,the,3.21199
249,4,woman,10.5414
249,5,said,9.96008
249,6,she,6.23329
249,7,thought,5.99716
249,8,the,3.1432
249,9,millionaire,16.8405
249,10,might,12.3555
249,11,have,3.14779
249,12,divorced,17.3918
249,13,his,4.78035
249,14,wife,1.84415
249,15,last,14.8866
249,16,week,7.67921
249,17,.,3.59506
249,18,</s>,24.2368
250,0,we,10.0475
250,1,recalled,16.8821
250,2,who,11.9121
250,3,the,8.96323
250,4,woman,7.80189
250,5,said,10.4705
250,6,she,6.23329
250,7,thought,5.99716
250,8,might,11.0586
250,9,have,3.19661
250,10,divorced,17.3918
250,11,his,4.78035
250,12,wife,1.84415
250,13,last,14.8866
250,14,week,7.67921
250,15,.,3.59506
250,16,</s>,24.2368
251,0,we,10.0475
251,1,recalled,16.8821
251,2,who,11.9121
251,3,the,8.96323
251,4,woman,7.80189
251,5,said,10.4705
251,6,she,6.23329
251,7,thought,5.99716
251,8,the,3.1432
251,9,millionaire,16.8405
251,10,might,12.3555
251,11,have,3.14779
251,12,divorced,17.3918
251,13,his,4.78035
251,14,wife,1.84415
251,15,last,14.8866
251,16,week,7.67921
251,17,.,3.59506
251,18,</s>,24.2368
252,0,we,10.0475
252,1,recalled,16.8821
252,2,that,3.25558
252,3,the,3.21199
252,4,woman,10.5414
252,5,said,9.96008
252,6,she,6.23329
252,7,thought,5.99716
252,8,she,4.11707
252,9,knew,10.7008
252,10,might,13.2388
252,11,have,3.14779
252,12,divorced,17.3918
252,13,his,4.78035
252,14,wife,1.84415
252,15,last,14.8866
252,16,week,7.67921
252,17,.,3.59506
252,18,</s>,24.2368
253,0,we,10.0475
253,1,recalled,16.8821
253,2,that,3.25558
253,3,the,3.21199
253,4,woman,10.5414
253,5,said,9.96008
253,6,she,6.23329
253,7,thought,5.99716
253,8,she,4.11707
253,9,knew,10.7008
253,10,the,5.35757
253,11,millionaire,16.6274
253,12,might,12.3555
253,13,have,3.14779
253,14,divorced,17.3918
253,15,his,4.78035
253,16,wife,1.84415
253,17,last,14.8866
253,18,week,7.67921
253,19,.,3.59506
253,20,</s>,24.2368
254,0,we,10.0475
254,1,recalled,16.8821
254,2,who,11.9121
254,3,the,8.96323
254,4,woman,7.80189
254,5,said,10.4705
254,6,she,6.23329
254,7,thought,5.99716
254,8,she,4.11707
254,9,knew,10.7008
254,10,might,13.2388
254,11,have,3.14779
254,12,divorced,17.3918
254,13,his,4.78035
254,14,wife,1.84415
254,15,last,14.8866
254,16,week,7.67921
254,17,.,3.59506
254,18,</s>,24.2368
255,0,we,10.0475
255,1,recalled,16.8821
255,2,who,11.9121
255,3,the,8.96323
255,4,woman,7.80189
255,5,said,10.4705
255,6,she,6.23329
255,7,thought,5.99716
255,8,she,4.11707
255,9,knew,10.7008
255,10,the,5.35757
255,11,millionaire,16.6274
255,12,might,12.3555
255,13,have,3.14779
255,14,divorced,17.3918
255,15,his,4.78035
255,16,wife,1.84415
255,17,last,14.8866
255,18,week,7.67921
255,19,.,3.59506
255,20,</s>,24.2368
256,0,we,10.0475
256,1,recalled,16.8821
256,2,that,3.25558
256,3,the,3.21199
256,4,woman,10.5414
256,5,said,9.96008
256,6,she,6.23329
256,7,thought,5.99716
256,8,she,4.11707
256,9,knew,10.7008
256,10,might,13.2388
256,11,have,3.14779
256,12,divorced,17.3918
256,13,his,4.78035
256,14,wife,1.84415
256,15,last,14.8866
256,16,week,7.67921
256,17,.,3.59506
256,18,</s>,24.2368
257,0,we,10.0475
257,1,recalled,16.8821
257,2,that,3.25558
257,3,the,3.21199
257,4,woman,10.5414
257,5,said,9.96008
257,6,she,6.23329
257,7,thought,5.99716
257,8,she,4.11707
257,9,knew,10.7008
257,10,the,5.35757
257,11,millionaire,16.6274
257,12,might,12.3555
257,13,have,3.14779
257,14,divorced,17.3918
257,15,his,4.78035
257,16,wife,1.84415
257,17,last,14.8866
257,18,week,7.67921
257,19,.,3.59506
257,20,</s>,24.2368
258,0,we,10.0475
258,1,recalled,16.8821
258,2,who,11.9121
258,3,the,8.96323
258,4,woman,7.80189
258,5,said,10.4705
258,6,she,6.23329
258,7,thought,5.99716
258,8,she,4.11707
258,9,knew,10.7008
258,10,might,13.2388
258,11,have,3.14779
258,12,divorced,17.3918
258,13,his,4.78035
258,14,wife,1.84415
258,15,last,14.8866
258,16,week,7.67921
258,17,.,3.59506
258,18,</s>,24.2368
259,0,we,10.0475
259,1,recalled,16.8821
259,2,who,11.9121
259,3,the,8.96323
259,4,woman,7.80189
259,5,said,10.4705
259,6,she,6.23329
259,7,thought,5.99716
259,8,she,4.11707
259,9,knew,10.7008
259,10,the,5.35757
259,11,millionaire,16.6274
259,12,might,12.3555
259,13,have,3.14779
259,14,divorced,17.3918
259,15,his,4.78035
259,16,wife,1.84415
259,17,last,14.8866
259,18,week,7.67921
259,19,.,3.59506
259,20,</s>,24.2368
260,0,they,6.37172
260,1,recalled,15.4151
260,2,that,3.25558
260,3,did,9.78504
260,4,promote,15.439
260,5,the,4.49145
260,6,secretary,12.848
260,7,last,16.1295
260,8,week,7.67921
260,9,.,3.59506
260,10,</s>,24.2368
261,0,they,6.37172
261,1,recalled,15.4151
261,2,that,3.25558
261,3,the,3.21199
261,4,executive,12.0441
261,5,did,12.9132
261,6,promote,13.7324
261,7,the,4.49145
261,8,secretary,12.848
261,9,last,16.1295
261,10,week,7.67921
261,11,.,3.59506
261,12,</s>,24.2368
262,0,they,6.37172
262,1,recalled,15.4151
262,2,who,11.9121
262,3,did,7.12873
262,4,promote,14.5148
262,5,the,4.49145
262,6,secretary,12.848
262,7,last,16.1295
262,8,week,7.67921
262,9,.,3.59506
262,10,</s>,24.2368
263,0,they,6.37172
263,1,recalled,15.4151
263,2,who,11.9121
263,3,the,8.96323
263,4,executive,12.7083
263,5,did,12.499
263,6,promote,13.7324
263,7,the,4.49145
263,8,secretary,12.848
263,9,last,16.1295
263,10,week,7.67921
263,11,.,3.59506
263,12,</s>,24.2368
264,0,they,6.37172
264,1,recalled,15.4151
264,2,that,3.25558
264,3,the,3.21199
264,4,journalist,13.9516
264,5,believed,12.2149
264,6,did,10.8099
264,7,promote,14.1681
264,8,the,4.49145
264,9,secretary,12.848
264,10,last,16.1295
264,11,week,7.67921
264,12,.,3.59506
264,13,</s>,24.2368
265,0,they,6.37172
265,1,recalled,15.4151
265,2,that,3.25558
265,3,the,3.21199
265,4,journalist,13.9516
265,5,believed,12.2149
265,6,the,3.87627
265,7,executive,12.5908
265,8,did,12.499
265,9,promote,13.7324
265,10,the,4.49145
265,11,secretary,12.848
265,12,last,16.1295
265,13,week,7.67921
265,14,.,3.59506
265,15,</s>,24.2368
266,0,they,6.37172
266,1,recalled,15.4151
266,2,who,11.9121
266,3,the,8.96323
266,4,journalist,14.7335
266,5,believed,12.2149
266,6,did,10.8099
266,7,promote,14.1681
266,8,the,4.49145
266,9,secretary,12.848
266,10,last,16.1295
266,11,week,7.67921
266,12,.,3.59506
266,13,</s>,24.2368
267,0,they,6.37172
267,1,recalled,15.4151
267,2,who,11.9121
267,3,the,8.96323
267,4,journalist,14.7335
267,5,believed,12.2149
267,6,the,3.87627
267,7,executive,12.5908
267,8,did,12.499
267,9,promote,13.7324
267,10,the,4.49145
267,11,secretary,12.848
267,12,last,16.1295
267,13,week,7.67921
267,14,.,3.59506
267,15,</s>,24.2368
268,0,they,6.37172
268,1,recalled,15.4151
268,2,that,3.25558
268,3,the,3.21199
268,4,journalist,13.9516
268,5,believed,12.2149
268,6,the,3.87627
268,7,transcript,16.226
268,8,stated,8.50481
268,9,did,13.3224
268,10,promote,13.7324
268,11,the,4.49145
268,12,secretary,12.848
268,13,last,16.1295
268,14,week,7.67921
268,15,.,3.59506
268,16,</s>,24.2368
269,0,they,6.37172
269,1,recalled,15.4151
269,2,that,3.25558
269,3,the,3.21199
269,4,journalist,13.9516
269,5,believed,12.2149
269,6,the,3.87627
269,7,transcript,16.226
269,8,stated,8.50481
269,9,the,5.24247
269,10,executive,12.7921
269,11,did,12.499
269,12,promote,13.7324
269,13,the,4.49145
269,14,secretary,12.848
269,15,last,16.1295
269,16,week,7.67921
269,17,.,3.59506
269,18,</s>,24.2368
270,0,they,6.37172
270,1,recalled,15.4151
270,2,who,11.9121
270,3,the,8.96323
270,4,journalist,14.7335
270,5,believed,12.2149
270,6,the,3.87627
270,7,transcript,16.226
270,8,stated,8.50481
270,9,did,13.3224
270,10,promote,13.7324
270,11,the,4.49145
270,12,secretary,12.848
270,13,last,16.1295
270,14,week,7.67921
270,15,.,3.59506
270,16,</s>,24.2368
271,0,they,6.37172
271,1,recalled,15.4151
271,2,who,11.9121
271,3,the,8.96323
271,4,journalist,14.7335
271,5,believed,12.2149
271,6,the,3.87627
271,7,transcript,16.226
271,8,stated,8.50481
271,9,the,5.24247
271,10,executive,12.7921
271,11,did,12.499
271,12,promote,13.7324
271,13,the,4.49145
271,14,secretary,12.848
271,15,last,16.1295
271,16,week,7.67921
271,17,.,3.59506
271,18,</s>,24.2368
272,0,they,6.37172
272,1,recalled,15.4151
272,2,that,3.25558
272,3,the,3.21199
272,4,journalist,13.9516
272,5,believed,12.2149
272,6,the,3.87627
272,7,transcript,16.226
272,8,stated,8.50481
272,9,he,5.48895
272,10,knew,10.4587
272,11,did,12.4472
272,12,promote,13.7324
272,13,the,4.49145
272,14,secretary,12.848
272,15,last,16.1295
272,16,week,7.67921
272,17,.,3.59506
272,18,</s>,24.2368
273,0,they,6.37172
273,1,recalled,15.4151
273,2,that,3.25558
273,3,the,3.21199
273,4,journalist,13.9516
273,5,believed,12.2149
273,6,the,3.87627
273,7,transcript,16.226
273,8,stated,8.50481
273,9,he,5.48895
273,10,knew,10.4587
273,11,the,5.05217
273,12,executive,12.5729
273,13,did,12.499
273,14,promote,13.7324
273,15,the,4.49145
273,16,secretary,12.848
273,17,last,16.1295
273,18,week,7.67921
273,19,.,3.59506
273,20,</s>,24.2368
274,0,they,6.37172
274,1,recalled,15.4151
274,2,who,11.9121
274,3,the,8.96323
274,4,journalist,14.7335
274,5,believed,12.2149
274,6,the,3.87627
274,7,transcript,16.226
274,8,stated,8.50481
274,9,he,5.48895
274,10,knew,10.4587
274,11,did,12.4472
274,12,promote,13.7324
274,13,the,4.49145
274,14,secretary,12.848
274,15,last,16.1295
274,16,week,7.67921
274,17,.,3.59506
274,18,</s>,24.2368
275,0,they,6.37172
275,1,recalled,15.4151
275,2,who,11.9121
275,3,the,8.96323
275,4,journalist,14.7335
275,5,believed,12.2149
275,6,the,3.87627
275,7,transcript,16.226
275,8,stated,8.50481
275,9,he,5.48895
275,10,knew,10.4587
275,11,the,5.05217
275,12,executive,12.5729
275,13,did,12.499
275,14,promote,13.7324
275,15,the,4.49145
275,16,secretary,12.848
275,17,last,16.1295
275,18,week,7.67921
275,19,.,3.59506
275,20,</s>,24.2368
276,0,they,6.37172
276,1,recalled,15.4151
276,2,that,3.25558
276,3,the,3.21199
276,4,journalist,13.9516
276,5,believed,12.2149
276,6,the,3.87627
276,7,transcript,16.226
276,8,stated,8.50481
276,9,he,5.48895
276,10,knew,10.4587
276,11,did,12.4472
276,12,promote,13.7324
276,13,the,4.49145
276,14,secretary,12.848
276,15,last,16.1295
276,16,week,7.67921
276,17,.,3.59506
276,18,</s>,24.2368
277,0,they,6.37172
277,1,recalled,15.4151
277,2,that,3.25558
277,3,the,3.21199
277,4,journalist,13.9516
277,5,believed,12.2149
277,6,the,3.87627
277,7,transcript,16.226
277,8,stated,8.50481
277,9,he,5.48895
277,10,knew,10.4587
277,11,the,5.05217
277,12,executive,12.5729
277,13,did,12.499
277,14,promote,13.7324
277,15,the,4.49145
277,16,secretary,12.848
277,17,last,16.1295
277,18,week,7.67921
277,19,.,3.59506
277,20,</s>,24.2368
278,0,they,6.37172
278,1,recalled,15.4151
278,2,who,11.9121
278,3,the,8.96323
278,4,journalist,14.7335
278,5,believed,12.2149
278,6,the,3.87627
278,7,transcript,16.226
278,8,stated,8.50481
278,9,he,5.48895
278,10,knew,10.4587
278,11,did,12.4472
278,12,promote,13.7324
278,13,the,4.49145
278,14,secretary,12.848
278,15,last,16.1295
278,16,week,7.67921
278,17,.,3.59506
278,18,</s>,24.2368
279,0,they,6.37172
279,1,recalled,15.4151
279,2,who,11.9121
279,3,the,8.96323
279,4,journalist,14.7335
279,5,believed,12.2149
279,6,the,3.87627
279,7,transcript,16.226
279,8,stated,8.50481
279,9,he,5.48895
279,10,knew,10.4587
279,11,the,5.05217
279,12,executive,12.5729
279,13,did,12.499
279,14,promote,13.7324
279,15,the,4.49145
279,16,secretary,12.848
279,17,last,16.1295
279,18,week,7.67921
279,19,.,3.59506
279,20,</s>,24.2368
280,0,they,6.37172
280,1,reported,11.2987
280,2,that,1.06934
280,3,could,8.36676
280,4,have,4.23376
280,5,abandoned,11.9202
280,6,the,1.73306
280,7,children,9.04119
280,8,on,7.58796
280,9,the,3.1432
280,10,side,8.53318
280,11,of,0.776818
280,12,the,0.380114
280,13,road,3.96868
280,14,.,1.78484
280,15,</s>,28.2635
281,0,they,6.37172
281,1,reported,11.2987
281,2,that,1.06934
281,3,the,2.41116
281,4,woman,10.6944
281,5,could,8.84502
281,6,have,5.12764
281,7,abandoned,11.5038
281,8,the,1.73306
281,9,children,9.04119
281,10,on,7.58796
281,11,the,3.1432
281,12,side,8.53318
281,13,of,0.776818
281,14,the,0.380114
281,15,road,3.96868
281,16,.,1.78484
281,17,</s>,28.2635
282,0,they,6.37172
282,1,reported,11.2987
282,2,who,12.4486
282,3,could,7.13325
282,4,have,4.91109
282,5,abandoned,11.3608
282,6,the,1.73306
282,7,children,9.04119
282,8,on,7.58796
282,9,the,3.1432
282,10,side,8.53318
282,11,of,0.776818
282,12,the,0.380114
282,13,road,3.96868
282,14,.,1.78484
282,15,</s>,28.2635
283,0,they,6.37172
283,1,reported,11.2987
283,2,who,12.4486
283,3,the,8.96323
283,4,woman,7.80189
283,5,could,9.35545
283,6,have,5.12764
283,7,abandoned,11.5038
283,8,the,1.73306
283,9,children,9.04119
283,10,on,7.58796
283,11,the,3.1432
283,12,side,8.53318
283,13,of,0.776818
283,14,the,0.380114
283,15,road,3.96868
283,16,.,1.78484
283,17,</s>,28.2635
284,0,they,6.37172
284,1,reported,11.2987
284,2,that,1.06934
284,3,the,2.41116
284,4,man,9.74448
284,5,claimed,11.0267
284,6,could,11.365
284,7,have,4.64757
284,8,abandoned,11.5038
284,9,the,1.73306
284,10,children,9.04119
284,11,on,7.58796
284,12,the,3.1432
284,13,side,8.53318
284,14,of,0.776818
284,15,the,0.380114
284,16,road,3.96868
284,17,.,1.78484
284,18,</s>,28.2635
285,0,they,6.37172
285,1,reported,11.2987
285,2,that,1.06934
285,3,the,2.41116
285,4,man,9.74448
285,5,claimed,11.0267
285,6,the,3.97247
285,7,woman,12.5163
285,8,could,8.6838
285,9,have,5.12764
285,10,abandoned,11.5038
285,11,the,1.73306
285,12,children,9.04119
285,13,on,7.58796
285,14,the,3.1432
285,15,side,8.53318
285,16,of,0.776818
285,17,the,0.380114
285,18,road,3.96868
285,19,.,1.78484
285,20,</s>,28.2635
286,0,they,6.37172
286,1,reported,11.2987
286,2,who,12.4486
286,3,the,8.96323
286,4,man,6.8914
286,5,claimed,10.9383
286,6,could,11.365
286,7,have,4.64757
286,8,abandoned,11.5038
286,9,the,1.73306
286,10,children,9.04119
286,11,on,7.58796
286,12,the,3.1432
286,13,side,8.53318
286,14,of,0.776818
286,15,the,0.380114
286,16,road,3.96868
286,17,.,1.78484
286,18,</s>,28.2635
287,0,they,6.37172
287,1,reported,11.2987
287,2,who,12.4486
287,3,the,8.96323
287,4,man,6.8914
287,5,claimed,10.9383
287,6,the,3.97247
287,7,woman,12.5163
287,8,could,8.6838
287,9,have,5.12764
287,10,abandoned,11.5038
287,11,the,1.73306
287,12,children,9.04119
287,13,on,7.58796
287,14,the,3.1432
287,15,side,8.53318
287,16,of,0.776818
287,17,the,0.380114
287,18,road,3.96868
287,19,.,1.78484
287,20,</s>,28.2635
288,0,they,6.37172
288,1,reported,11.2987
288,2,that,1.06934
288,3,the,2.41116
288,4,man,9.74448
288,5,claimed,11.0267
288,6,his,6.78675
288,7,friend,9.36933
288,8,believed,13.5558
288,9,could,9.64821
288,10,have,4.56359
288,11,abandoned,11.5038
288,12,the,1.73306
288,13,children,9.04119
288,14,on,7.58796
288,15,the,3.1432
288,16,side,8.53318
288,17,of,0.776818
288,18,the,0.380114
288,19,road,3.96868
288,20,.,1.78484
288,21,</s>,28.2635
289,0,they,6.37172
289,1,reported,11.2987
289,2,that,1.06934
289,3,the,2.41116
289,4,man,9.74448
289,5,claimed,11.0267
289,6,his,6.78675
289,7,friend,9.36933
289,8,believed,13.5558
289,9,the,3.87627
289,10,woman,12.2588
289,11,could,8.6838
289,12,have,5.12764
289,13,abandoned,11.5038
289,14,the,1.73306
289,15,children,9.04119
289,16,on,7.58796
289,17,the,3.1432
289,18,side,8.53318
289,19,of,0.776818
289,20,the,0.380114
289,21,road,3.96868
289,22,.,1.78484
289,23,</s>,28.2635
290,0,they,6.37172
290,1,reported,11.2987
290,2,who,12.4486
290,3,the,8.96323
290,4,man,6.8914
290,5,claimed,10.9383
290,6,his,6.78675
290,7,friend,9.36933
290,8,believed,13.5558
290,9,could,9.64821
290,10,have,4.56359
290,11,abandoned,11.5038
290,12,the,1.73306
290,13,children,9.04119
290,14,on,7.58796
290,15,the,3.1432
290,16,side,8.53318
290,17,of,0.776818
290,18,the,0.380114
290,19,road,3.96868
290,20,.,1.78484
290,21,</s>,28.2635
291,0,they,6.37172
291,1,reported,11.2987
291,2,who,12.4486
291,3,the,8.96323
291,4,man,6.8914
291,5,claimed,10.9383
291,6,his,6.78675
291,7,friend,9.36933
291,8,believed,13.5558
291,9,the,3.87627
291,10,woman,12.2588
291,11,could,8.6838
291,12,have,5.12764
291,13,abandoned,11.5038
291,14,the,1.73306
291,15,children,9.04119
291,16,on,7.58796
291,17,the,3.1432
291,18,side,8.53318
291,19,of,0.776818
291,20,the,0.380114
291,21,road,3.96868
291,22,.,1.78484
291,23,</s>,28.2635
292,0,they,6.37172
292,1,reported,11.2987
292,2,that,1.06934
292,3,the,2.41116
292,4,man,9.74448
292,5,claimed,11.0267
292,6,his,6.78675
292,7,friend,9.36933
292,8,believed,13.5558
292,9,he,5.20607
292,10,knew,10.6388
292,11,could,10.0111
292,12,have,4.64757
292,13,abandoned,11.5038
292,14,the,1.73306
292,15,children,9.04119
292,16,on,7.58796
292,17,the,3.1432
292,18,side,8.53318
292,19,of,0.776818
292,20,the,0.380114
292,21,road,3.96868
292,22,.,1.78484
292,23,</s>,28.2635
293,0,they,6.37172
293,1,reported,11.2987
293,2,that,1.06934
293,3,the,2.41116
293,4,man,9.74448
293,5,claimed,11.0267
293,6,his,6.78675
293,7,friend,9.36933
293,8,believed,13.5558
293,9,he,5.20607
293,10,knew,10.6388
293,11,the,5.05217
293,12,woman,12.2408
293,13,could,8.6838
293,14,have,5.12764
293,15,abandoned,11.5038
293,16,the,1.73306
293,17,children,9.04119
293,18,on,7.58796
293,19,the,3.1432
293,20,side,8.53318
293,21,of,0.776818
293,22,the,0.380114
293,23,road,3.96868
293,24,.,1.78484
293,25,</s>,28.2635
294,0,they,6.37172
294,1,reported,11.2987
294,2,who,12.4486
294,3,the,8.96323
294,4,man,6.8914
294,5,claimed,10.9383
294,6,his,6.78675
294,7,friend,9.36933
294,8,believed,13.5558
294,9,he,5.20607
294,10,knew,10.6388
294,11,could,10.0111
294,12,have,4.64757
294,13,abandoned,11.5038
294,14,the,1.73306
294,15,children,9.04119
294,16,on,7.58796
294,17,the,3.1432
294,18,side,8.53318
294,19,of,0.776818
294,20,the,0.380114
294,21,road,3.96868
294,22,.,1.78484
294,23,</s>,28.2635
295,0,they,6.37172
295,1,reported,11.2987
295,2,who,12.4486
295,3,the,8.96323
295,4,man,6.8914
295,5,claimed,10.9383
295,6,his,6.78675
295,7,friend,9.36933
295,8,believed,13.5558
295,9,he,5.20607
295,10,knew,10.6388
295,11,the,5.05217
295,12,woman,12.2408
295,13,could,8.6838
295,14,have,5.12764
295,15,abandoned,11.5038
295,16,the,1.73306
295,17,children,9.04119
295,18,on,7.58796
295,19,the,3.1432
295,20,side,8.53318
295,21,of,0.776818
295,22,the,0.380114
295,23,road,3.96868
295,24,.,1.78484
295,25,</s>,28.2635
296,0,they,6.37172
296,1,reported,11.2987
296,2,that,1.06934
296,3,the,2.41116
296,4,man,9.74448
296,5,claimed,11.0267
296,6,his,6.78675
296,7,friend,9.36933
296,8,believed,13.5558
296,9,he,5.20607
296,10,knew,10.6388
296,11,could,10.0111
296,12,have,4.64757
296,13,abandoned,11.5038
296,14,the,1.73306
296,15,children,9.04119
296,16,on,7.58796
296,17,the,3.1432
296,18,side,8.53318
296,19,of,0.776818
296,20,the,0.380114
296,21,road,3.96868
296,22,.,1.78484
296,23,</s>,28.2635
297,0,they,6.37172
297,1,reported,11.2987
297,2,that,1.06934
297,3,the,2.41116
297,4,man,9.74448
297,5,claimed,11.0267
297,6,his,6.78675
297,7,friend,9.36933
297,8,believed,13.5558
297,9,he,5.20607
297,10,knew,10.6388
297,11,the,5.05217
297,12,woman,12.2408
297,13,could,8.6838
297,14,have,5.12764
297,15,abandoned,11.5038
297,16,the,1.73306
297,17,children,9.04119
297,18,on,7.58796
297,19,the,3.1432
297,20,side,8.53318
297,21,of,0.776818
297,22,the,0.380114
297,23,road,3.96868
297,24,.,1.78484
297,25,</s>,28.2635
298,0,they,6.37172
298,1,reported,11.2987
298,2,who,12.4486
298,3,the,8.96323
298,4,man,6.8914
298,5,claimed,10.9383
298,6,his,6.78675
298,7,friend,9.36933
298,8,believed,13.5558
298,9,he,5.20607
298,10,knew,10.6388
298,11,could,10.0111
298,12,have,4.64757
298,13,abandoned,11.5038
298,14,the,1.73306
298,15,children,9.04119
298,16,on,7.58796
298,17,the,3.1432
298,18,side,8.53318
298,19,of,0.776818
298,20,the,0.380114
298,21,road,3.96868
298,22,.,1.78484
298,23,</s>,28.2635
299,0,they,6.37172
299,1,reported,11.2987
299,2,who,12.4486
299,3,the,8.96323
299,4,man,6.8914
299,5,claimed,10.9383
299,6,his,6.78675
299,7,friend,9.36933
299,8,believed,13.5558
299,9,he,5.20607
299,10,knew,10.6388
299,11,the,5.05217
299,12,woman,12.2408
299,13,could,8.6838
299,14,have,5.12764
299,15,abandoned,11.5038
299,16,the,1.73306
299,17,children,9.04119
299,18,on,7.58796
299,19,the,3.1432
299,20,side,8.53318
299,21,of,0.776818
299,22,the,0.380114
299,23,road,3.96868
299,24,.,1.78484
299,25,</s>,28.2635
300,0,he,4.43708
300,1,reported,10.9023
300,2,that,1.2922
300,3,might,9.93702
300,4,have,2.81632
300,5,reassured,20.353
300,6,the,2.43917
300,7,patient,12.0522
300,8,before,9.6655
300,9,surgery,11.8446
300,10,.,1.7726
300,11,</s>,23.6519
301,0,he,4.43708
301,1,reported,10.9023
301,2,that,1.2922
301,3,the,2.05663
301,4,doctor,10.8521
301,5,might,13.278
301,6,have,3.14779
301,7,reassured,19.9313
301,8,the,2.43917
301,9,patient,12.0522
301,10,before,9.6655
301,11,surgery,11.8446
301,12,.,1.7726
301,13,</s>,23.6519
302,0,he,4.43708
302,1,reported,10.9023
302,2,who,12.6639
302,3,might,8.58329
302,4,have,2.7324
302,5,reassured,20.1578
302,6,the,2.43917
302,7,patient,12.0522
302,8,before,9.6655
302,9,surgery,11.8446
302,10,.,1.7726
302,11,</s>,23.6519
303,0,he,4.43708
303,1,reported,10.9023
303,2,who,12.6639
303,3,the,8.96323
303,4,doctor,7.80189
303,5,might,12.9061
303,6,have,3.14779
303,7,reassured,19.9313
303,8,the,2.43917
303,9,patient,12.0522
303,10,before,9.6655
303,11,surgery,11.8446
303,12,.,1.7726
303,13,</s>,23.6519
304,0,he,4.43708
304,1,reported,10.9023
304,2,that,1.2922
304,3,the,2.05663
304,4,nurse,15.4069
304,5,believed,13.6531
304,6,might,13.2461
304,7,have,3.14779
304,8,reassured,19.9313
304,9,the,2.43917
304,10,patient,12.0522
304,11,before,9.6655
304,12,surgery,11.8446
304,13,.,1.7726
304,14,</s>,23.6519
305,0,he,4.43708
305,1,reported,10.9023
305,2,that,1.2922
305,3,the,2.05663
305,4,nurse,15.4069
305,5,believed,13.6531
305,6,the,3.87627
305,7,doctor,11.9631
305,8,might,12.9061
305,9,have,3.14779
305,10,reassured,19.9313
305,11,the,2.43917
305,12,patient,12.0522
305,13,before,9.6655
305,14,surgery,11.8446
305,15,.,1.7726
305,16,</s>,23.6519
306,0,he,4.43708
306,1,reported,10.9023
306,2,who,12.6639
306,3,the,8.96323
306,4,nurse,14.8339
306,5,believed,13.6531
306,6,might,13.2461
306,7,have,3.14779
306,8,reassured,19.9313
306,9,the,2.43917
306,10,patient,12.0522
306,11,before,9.6655
306,12,surgery,11.8446
306,13,.,1.7726
306,14,</s>,23.6519
307,0,he,4.43708
307,1,reported,10.9023
307,2,who,12.6639
307,3,the,8.96323
307,4,nurse,14.8339
307,5,believed,13.6531
307,6,the,3.87627
307,7,doctor,11.9631
307,8,might,12.9061
307,9,have,3.14779
307,10,reassured,19.9313
307,11,the,2.43917
307,12,patient,12.0522
307,13,before,9.6655
307,14,surgery,11.8446
307,15,.,1.7726
307,16,</s>,23.6519
308,0,he,4.43708
308,1,reported,10.9023
308,2,that,1.2922
308,3,the,2.05663
308,4,nurse,15.4069
308,5,believed,13.6531
308,6,the,3.87627
308,7,woman,12.2588
308,8,thought,13.7489
308,9,might,10.4781
308,10,have,3.19661
308,11,reassured,19.9313
308,12,the,2.43917
308,13,patient,12.0522
308,14,before,9.6655
308,15,surgery,11.8446
308,16,.,1.7726
308,17,</s>,23.6519
309,0,he,4.43708
309,1,reported,10.9023
309,2,that,1.2922
309,3,the,2.05663
309,4,nurse,15.4069
309,5,believed,13.6531
309,6,the,3.87627
309,7,woman,12.2588
309,8,thought,13.7489
309,9,the,4.36895
309,10,doctor,12.1163
309,11,might,12.9061
309,12,have,3.14779
309,13,reassured,19.9313
309,14,the,2.43917
309,15,patient,12.0522
309,16,before,9.6655
309,17,surgery,11.8446
309,18,.,1.7726
309,19,</s>,23.6519
310,0,he,4.43708
310,1,reported,10.9023
310,2,who,12.6639
310,3,the,8.96323
310,4,nurse,14.8339
310,5,believed,13.6531
310,6,the,3.87627
310,7,woman,12.2588
310,8,thought,13.7489
310,9,might,10.4781
310,10,have,3.19661
310,11,reassured,19.9313
310,12,the,2.43917
310,13,patient,12.0522
310,14,before,9.6655
310,15,surgery,11.8446
310,16,.,1.7726
310,17,</s>,23.6519
311,0,he,4.43708
311,1,reported,10.9023
311,2,who,12.6639
311,3,the,8.96323
311,4,nurse,14.8339
311,5,believed,13.6531
311,6,the,3.87627
311,7,woman,12.2588
311,8,thought,13.7489
311,9,the,4.36895
311,10,doctor,12.1163
311,11,might,12.9061
311,12,have,3.14779
311,13,reassured,19.9313
311,14,the,2.43917
311,15,patient,12.0522
311,16,before,9.6655
311,17,surgery,11.8446
311,18,.,1.7726
311,19,</s>,23.6519
312,0,he,4.43708
312,1,reported,10.9023
312,2,that,1.2922
312,3,the,2.05663
312,4,nurse,15.4069
312,5,believed,13.6531
312,6,the,3.87627
312,7,woman,12.2588
312,8,thought,13.7489
312,9,she,6.92949
312,10,recalled,12.8166
312,11,might,13.2226
312,12,have,3.14779
312,13,reassured,19.9313
312,14,the,2.43917
312,15,patient,12.0522
312,16,before,9.6655
312,17,surgery,11.8446
312,18,.,1.7726
312,19,</s>,23.6519
313,0,he,4.43708
313,1,reported,10.9023
313,2,that,1.2922
313,3,the,2.05663
313,4,nurse,15.4069
313,5,believed,13.6531
313,6,the,3.87627
313,7,woman,12.2588
313,8,thought,13.7489
313,9,she,6.92949
313,10,recalled,12.8166
313,11,the,3.46066
313,12,doctor,11.8962
313,13,might,12.9061
313,14,have,3.14779
313,15,reassured,19.9313
313,16,the,2.43917
313,17,patient,12.0522
313,18,before,9.6655
313,19,surgery,11.8446
313,20,.,1.7726
313,21,</s>,23.6519
314,0,he,4.43708
314,1,reported,10.9023
314,2,who,12.6639
314,3,the,8.96323
314,4,nurse,14.8339
314,5,believed,13.6531
314,6,the,3.87627
314,7,woman,12.2588
314,8,thought,13.7489
314,9,she,6.92949
314,10,recalled,12.8166
314,11,might,13.2226
314,12,have,3.14779
314,13,reassured,19.9313
314,14,the,2.43917
314,15,patient,12.0522
314,16,before,9.6655
314,17,surgery,11.8446
314,18,.,1.7726
314,19,</s>,23.6519
315,0,he,4.43708
315,1,reported,10.9023
315,2,who,12.6639
315,3,the,8.96323
315,4,nurse,14.8339
315,5,believed,13.6531
315,6,the,3.87627
315,7,woman,12.2588
315,8,thought,13.7489
315,9,she,6.92949
315,10,recalled,12.8166
315,11,the,3.46066
315,12,doctor,11.8962
315,13,might,12.9061
315,14,have,3.14779
315,15,reassured,19.9313
315,16,the,2.43917
315,17,patient,12.0522
315,18,before,9.6655
315,19,surgery,11.8446
315,20,.,1.7726
315,21,</s>,23.6519
316,0,he,4.43708
316,1,reported,10.9023
316,2,that,1.2922
316,3,the,2.05663
316,4,nurse,15.4069
316,5,believed,13.6531
316,6,the,3.87627
316,7,woman,12.2588
316,8,thought,13.7489
316,9,she,6.92949
316,10,recalled,12.8166
316,11,might,13.2226
316,12,have,3.14779
316,13,reassured,19.9313
316,14,the,2.43917
316,15,patient,12.0522
316,16,before,9.6655
316,17,surgery,11.8446
316,18,.,1.7726
316,19,</s>,23.6519
317,0,he,4.43708
317,1,reported,10.9023
317,2,that,1.2922
317,3,the,2.05663
317,4,nurse,15.4069
317,5,believed,13.6531
317,6,the,3.87627
317,7,woman,12.2588
317,8,thought,13.7489
317,9,she,6.92949
317,10,recalled,12.8166
317,11,the,3.46066
317,12,doctor,11.8962
317,13,might,12.9061
317,14,have,3.14779
317,15,reassured,19.9313
317,16,the,2.43917
317,17,patient,12.0522
317,18,before,9.6655
317,19,surgery,11.8446
317,20,.,1.7726
317,21,</s>,23.6519
318,0,he,4.43708
318,1,reported,10.9023
318,2,who,12.6639
318,3,the,8.96323
318,4,nurse,14.8339
318,5,believed,13.6531
318,6,the,3.87627
318,7,woman,12.2588
318,8,thought,13.7489
318,9,she,6.92949
318,10,recalled,12.8166
318,11,might,13.2226
318,12,have,3.14779
318,13,reassured,19.9313
318,14,the,2.43917
318,15,patient,12.0522
318,16,before,9.6655
318,17,surgery,11.8446
318,18,.,1.7726
318,19,</s>,23.6519
319,0,he,4.43708
319,1,reported,10.9023
319,2,who,12.6639
319,3,the,8.96323
319,4,nurse,14.8339
319,5,believed,13.6531
319,6,the,3.87627
319,7,woman,12.2588
319,8,thought,13.7489
319,9,she,6.92949
319,10,recalled,12.8166
319,11,the,3.46066
319,12,doctor,11.8962
319,13,might,12.9061
319,14,have,3.14779
319,15,reassured,19.9313
319,16,the,2.43917
319,17,patient,12.0522
319,18,before,9.6655
319,19,surgery,11.8446
319,20,.,1.7726
319,21,</s>,23.6519
320,0,they,6.37172
320,1,know,11.9019
320,2,that,3.79528
320,3,should,10.8568
320,4,thank,15.9247
320,5,the,4.47359
320,6,tailor,16.7638
320,7,on,9.44771
320,8,the,3.74276
320,9,street,9.17811
320,10,.,2.25643
320,11,</s>,27.7468
321,0,they,6.37172
321,1,know,11.9019
321,2,that,3.79528
321,3,the,2.53449
321,4,old,9.77503
321,5,man,5.08363
321,6,should,9.20829
321,7,thank,14.8844
321,8,the,4.47359
321,9,tailor,16.7638
321,10,on,9.44771
321,11,the,3.74276
321,12,street,9.17811
321,13,.,2.25643
321,14,</s>,27.7468
322,0,they,6.37172
322,1,know,11.9019
322,2,who,7.38908
322,3,should,10.0243
322,4,thank,15.4139
322,5,the,4.47359
322,6,tailor,16.7638
322,7,on,9.44771
322,8,the,3.74276
322,9,street,9.17811
322,10,.,2.25643
322,11,</s>,27.7468
323,0,they,6.37172
323,1,know,11.9019
323,2,who,7.38908
323,3,the,5.01207
323,4,old,10.7492
323,5,man,6.57065
323,6,should,9.20829
323,7,thank,14.8844
323,8,the,4.47359
323,9,tailor,16.7638
323,10,on,9.44771
323,11,the,3.74276
323,12,street,9.17811
323,13,.,2.25643
323,14,</s>,27.7468
324,0,they,6.37172
324,1,know,11.9019
324,2,that,3.79528
324,3,the,2.53449
324,4,nurse,15.3165
324,5,said,12.2185
324,6,should,12.5476
324,7,thank,15.5081
324,8,the,4.47359
324,9,tailor,16.7638
324,10,on,9.44771
324,11,the,3.74276
324,12,street,9.17811
324,13,.,2.25643
324,14,</s>,27.7468
325,0,they,6.37172
325,1,know,11.9019
325,2,that,3.79528
325,3,the,2.53449
325,4,nurse,15.3165
325,5,said,12.2185
325,6,the,4.51729
325,7,old,10.8476
325,8,man,6.57065
325,9,should,9.20829
325,10,thank,14.8844
325,11,the,4.47359
325,12,tailor,16.7638
325,13,on,9.44771
325,14,the,3.74276
325,15,street,9.17811
325,16,.,2.25643
325,17,</s>,27.7468
326,0,they,6.37172
326,1,know,11.9019
326,2,who,7.38908
326,3,the,5.01207
326,4,nurse,14.9182
326,5,said,12.2185
326,6,should,12.5476
326,7,thank,15.5081
326,8,the,4.47359
326,9,tailor,16.7638
326,10,on,9.44771
326,11,the,3.74276
326,12,street,9.17811
326,13,.,2.25643
326,14,</s>,27.7468
327,0,they,6.37172
327,1,know,11.9019
327,2,who,7.38908
327,3,the,5.01207
327,4,nurse,14.9182
327,5,said,12.2185
327,6,the,4.51729
327,7,old,10.8476
327,8,man,6.57065
327,9,should,9.20829
327,10,thank,14.8844
327,11,the,4.47359
327,12,tailor,16.7638
327,13,on,9.44771
327,14,the,3.74276
327,15,street,9.17811
327,16,.,2.25643
327,17,</s>,27.7468
328,0,they,6.37172
328,1,know,11.9019
328,2,that,3.79528
328,3,the,2.53449
328,4,nurse,15.3165
328,5,said,12.2185
328,6,the,4.51729
328,7,assistant,14.9162
328,8,knew,15.4004
328,9,should,12.6576
328,10,thank,15.089
328,11,the,4.47359
328,12,tailor,16.7638
328,13,on,9.44771
328,14,the,3.74276
328,15,street,9.17811
328,16,.,2.25643
328,17,</s>,27.7468
329,0,they,6.37172
329,1,know,11.9019
329,2,that,3.79528
329,3,the,2.53449
329,4,nurse,15.3165
329,5,said,12.2185
329,6,the,4.51729
329,7,assistant,14.9162
329,8,knew,15.4004
329,9,the,4.27224
329,10,old,10.4876
329,11,man,6.57065
329,12,should,9.20829
329,13,thank,14.8844
329,14,the,4.47359
329,15,tailor,16.7638
329,16,on,9.44771
329,17,the,3.74276
329,18,street,9.17811
329,19,.,2.25643
329,20,</s>,27.7468
330,0,they,6.37172
330,1,know,11.9019
330,2,who,7.38908
330,3,the,5.01207
330,4,nurse,14.9182
330,5,said,12.2185
330,6,the,4.51729
330,7,assistant,14.9162
330,8,knew,15.4004
330,9,should,12.6576
330,10,thank,15.089
330,11,the,4.47359
330,12,tailor,16.7638
330,13,on,9.44771
330,14,the,3.74276
330,15,street,9.17811
330,16,.,2.25643
330,17,</s>,27.7468
331,0,they,6.37172
331,1,know,11.9019
331,2,who,7.38908
331,3,the,5.01207
331,4,nurse,14.9182
331,5,said,12.2185
331,6,the,4.51729
331,7,assistant,14.9162
331,8,knew,15.4004
331,9,the,4.27224
331,10,old,10.4876
331,11,man,6.57065
331,12,should,9.20829
331,13,thank,14.8844
331,14,the,4.47359
331,15,tailor,16.7638
331,16,on,9.44771
331,17,the,3.74276
331,18,street,9.17811
331,19,.,2.25643
331,20,</s>,27.7468
332,0,they,6.37172
332,1,know,11.9019
332,2,that,3.79528
332,3,the,2.53449
332,4,nurse,15.3165
332,5,said,12.2185
332,6,the,4.51729
332,7,assistant,14.9162
332,8,knew,15.4004
332,9,she,7.06812
332,10,saw,9.41371
332,11,should,12.2976
332,12,thank,15.089
332,13,the,4.47359
332,14,tailor,16.7638
332,15,on,9.44771
332,16,the,3.74276
332,17,street,9.17811
332,18,.,2.25643
332,19,</s>,27.7468
333,0,they,6.37172
333,1,know,11.9019
333,2,that,3.79528
333,3,the,2.53449
333,4,nurse,15.3165
333,5,said,12.2185
333,6,the,4.51729
333,7,assistant,14.9162
333,8,knew,15.4004
333,9,she,7.06812
333,10,saw,9.41371
333,11,the,3.89315
333,12,old,10.6112
333,13,man,6.57065
333,14,should,9.20829
333,15,thank,14.8844
333,16,the,4.47359
333,17,tailor,16.7638
333,18,on,9.44771
333,19,the,3.74276
333,20,street,9.17811
333,21,.,2.25643
333,22,</s>,27.7468
334,0,they,6.37172
334,1,know,11.9019
334,2,who,7.38908
334,3,the,5.01207
334,4,nurse,14.9182
334,5,said,12.2185
334,6,the,4.51729
334,7,assistant,14.9162
334,8,knew,15.4004
334,9,she,7.06812
334,10,saw,9.41371
334,11,should,12.2976
334,12,thank,15.089
334,13,the,4.47359
334,14,tailor,16.7638
334,15,on,9.44771
334,16,the,3.74276
334,17,street,9.17811
334,18,.,2.25643
334,19,</s>,27.7468
335,0,they,6.37172
335,1,know,11.9019
335,2,who,7.38908
335,3,the,5.01207
335,4,nurse,14.9182
335,5,said,12.2185
335,6,the,4.51729
335,7,assistant,14.9162
335,8,knew,15.4004
335,9,she,7.06812
335,10,saw,9.41371
335,11,the,3.89315
335,12,old,10.6112
335,13,man,6.57065
335,14,should,9.20829
335,15,thank,14.8844
335,16,the,4.47359
335,17,tailor,16.7638
335,18,on,9.44771
335,19,the,3.74276
335,20,street,9.17811
335,21,.,2.25643
335,22,</s>,27.7468
336,0,they,6.37172
336,1,know,11.9019
336,2,that,3.79528
336,3,the,2.53449
336,4,nurse,15.3165
336,5,said,12.2185
336,6,the,4.51729
336,7,assistant,14.9162
336,8,knew,15.4004
336,9,she,7.06812
336,10,saw,9.41371
336,11,should,12.2976
336,12,thank,15.089
336,13,the,4.47359
336,14,tailor,16.7638
336,15,on,9.44771
336,16,the,3.74276
336,17,street,9.17811
336,18,.,2.25643
336,19,</s>,27.7468
337,0,they,6.37172
337,1,know,11.9019
337,2,that,3.79528
337,3,the,2.53449
337,4,nurse,15.3165
337,5,said,12.2185
337,6,the,4.51729
337,7,assistant,14.9162
337,8,knew,15.4004
337,9,she,7.06812
337,10,saw,9.41371
337,11,the,3.89315
337,12,old,10.6112
337,13,man,6.57065
337,14,should,9.20829
337,15,thank,14.8844
337,16,the,4.47359
337,17,tailor,16.7638
337,18,on,9.44771
337,19,the,3.74276
337,20,street,9.17811
337,21,.,2.25643
337,22,</s>,27.7468
338,0,they,6.37172
338,1,know,11.9019
338,2,who,7.38908
338,3,the,5.01207
338,4,nurse,14.9182
338,5,said,12.2185
338,6,the,4.51729
338,7,assistant,14.9162
338,8,knew,15.4004
338,9,she,7.06812
338,10,saw,9.41371
338,11,should,12.2976
338,12,thank,15.089
338,13,the,4.47359
338,14,tailor,16.7638
338,15,on,9.44771
338,16,the,3.74276
338,17,street,9.17811
338,18,.,2.25643
338,19,</s>,27.7468
339,0,they,6.37172
339,1,know,11.9019
339,2,who,7.38908
339,3,the,5.01207
339,4,nurse,14.9182
339,5,said,12.2185
339,6,the,4.51729
339,7,assistant,14.9162
339,8,knew,15.4004
339,9,she,7.06812
339,10,saw,9.41371
339,11,the,3.89315
339,12,old,10.6112
339,13,man,6.57065
339,14,should,9.20829
339,15,thank,14.8844
339,16,the,4.47359
339,17,tailor,16.7638
339,18,on,9.44771
339,19,the,3.74276
339,20,street,9.17811
339,21,.,2.25643
339,22,</s>,27.7468
340,0,she,6.52858
340,1,knows,11.9031
340,2,that,2.62183
340,3,did,9.99222
340,4,interrogate,23.3082
340,5,the,4.73332
340,6,criminal,12.7149
340,7,last,15.5787
340,8,night,6.976
340,9,.,2.66267
340,10,</s>,25.4592
341,0,she,6.52858
341,1,knows,11.9031
341,2,that,2.62183
341,3,the,3.70626
341,4,inspectors,17.1427
341,5,did,11.5276
341,6,interrogate,21.6016
341,7,the,4.73332
341,8,criminal,12.7149
341,9,last,15.5787
341,10,night,6.976
341,11,.,2.66267
341,12,</s>,25.4592
342,0,she,6.52858
342,1,knows,11.9031
342,2,who,6.14725
342,3,did,7.50207
342,4,interrogate,22.384
342,5,the,4.73332
342,6,criminal,12.7149
342,7,last,15.5787
342,8,night,6.976
342,9,.,2.66267
342,10,</s>,25.4592
343,0,she,6.52858
343,1,knows,11.9031
343,2,who,6.14725
343,3,the,3.6838
343,4,inspectors,16.6749
343,5,did,11.5276
343,6,interrogate,21.6016
343,7,the,4.73332
343,8,criminal,12.7149
343,9,last,15.5787
343,10,night,6.976
343,11,.,2.66267
343,12,</s>,25.4592
344,0,she,6.52858
344,1,knows,11.9031
344,2,that,2.62183
344,3,the,3.70626
344,4,police,9.69857
344,5,said,10.8045
344,6,did,12.7536
344,7,interrogate,21.3959
344,8,the,4.73332
344,9,criminal,12.7149
344,10,last,15.5787
344,11,night,6.976
344,12,.,2.66267
344,13,</s>,25.4592
345,0,she,6.52858
345,1,knows,11.9031
345,2,that,2.62183
345,3,the,3.70626
345,4,police,9.69857
345,5,said,10.8045
345,6,the,2.8321
345,7,inspectors,16.8576
345,8,did,11.5276
345,9,interrogate,21.6016
345,10,the,4.73332
345,11,criminal,12.7149
345,12,last,15.5787
345,13,night,6.976
345,14,.,2.66267
345,15,</s>,25.4592
346,0,she,6.52858
346,1,knows,11.9031
346,2,who,6.14725
346,3,the,3.6838
346,4,police,11.3625
346,5,said,10.1471
346,6,did,12.7536
346,7,interrogate,21.3959
346,8,the,4.73332
346,9,criminal,12.7149
346,10,last,15.5787
346,11,night,6.976
346,12,.,2.66267
346,13,</s>,25.4592
347,0,she,6.52858
347,1,knows,11.9031
347,2,who,6.14725
347,3,the,3.6838
347,4,police,11.3625
347,5,said,10.1471
347,6,the,2.8321
347,7,inspectors,16.8576
347,8,did,11.5276
347,9,interrogate,21.6016
347,10,the,4.73332
347,11,criminal,12.7149
347,12,last,15.5787
347,13,night,6.976
347,14,.,2.66267
347,15,</s>,25.4592
348,0,she,6.52858
348,1,knows,11.9031
348,2,that,2.62183
348,3,the,3.70626
348,4,police,9.69857
348,5,said,10.8045
348,6,the,2.8321
348,7,detective,14.6244
348,8,believed,13.7308
348,9,did,10.8099
348,10,interrogate,22.0373
348,11,the,4.73332
348,12,criminal,12.7149
348,13,last,15.5787
348,14,night,6.976
348,15,.,2.66267
348,16,</s>,25.4592
349,0,she,6.52858
349,1,knows,11.9031
349,2,that,2.62183
349,3,the,3.70626
349,4,police,9.69857
349,5,said,10.8045
349,6,the,2.8321
349,7,detective,14.6244
349,8,believed,13.7308
349,9,the,3.87627
349,10,inspectors,16.5574
349,11,did,11.5276
349,12,interrogate,21.6016
349,13,the,4.73332
349,14,criminal,12.7149
349,15,last,15.5787
349,16,night,6.976
349,17,.,2.66267
349,18,</s>,25.4592
350,0,she,6.52858
350,1,knows,11.9031
350,2,who,6.14725
350,3,the,3.6838
350,4,police,11.3625
350,5,said,10.1471
350,6,the,2.8321
350,7,detective,14.6244
350,8,believed,13.7308
350,9,did,10.8099
350,10,interrogate,22.0373
350,11,the,4.73332
350,12,criminal,12.7149
350,13,last,15.5787
350,14,night,6.976
350,15,.,2.66267
350,16,</s>,25.4592
351,0,she,6.52858
351,1,knows,11.9031
351,2,who,6.14725
351,3,the,3.6838
351,4,police,11.3625
351,5,said,10.1471
351,6,the,2.8321
351,7,detective,14.6244
351,8,believed,13.7308
351,9,the,3.87627
351,10,inspectors,16.5574
351,11,did,11.5276
351,12,interrogate,21.6016
351,13,the,4.73332
351,14,criminal,12.7149
351,15,last,15.5787
351,16,night,6.976
351,17,.,2.66267
351,18,</s>,25.4592
352,0,she,6.52858
352,1,knows,11.9031
352,2,that,2.62183
352,3,the,3.70626
352,4,police,9.69857
352,5,said,10.8045
352,6,the,2.8321
352,7,detective,14.6244
352,8,believed,13.7308
352,9,he,5.20607
352,10,thought,10.847
352,11,did,11.2299
352,12,interrogate,21.3959
352,13,the,4.73332
352,14,criminal,12.7149
352,15,last,15.5787
352,16,night,6.976
352,17,.,2.66267
352,18,</s>,25.4592
353,0,she,6.52858
353,1,knows,11.9031
353,2,that,2.62183
353,3,the,3.70626
353,4,police,9.69857
353,5,said,10.8045
353,6,the,2.8321
353,7,detective,14.6244
353,8,believed,13.7308
353,9,he,5.20607
353,10,thought,10.847
353,11,the,4.14874
353,12,inspectors,16.7329
353,13,did,11.5276
353,14,interrogate,21.6016
353,15,the,4.73332
353,16,criminal,12.7149
353,17,last,15.5787
353,18,night,6.976
353,19,.,2.66267
353,20,</s>,25.4592
354,0,she,6.52858
354,1,knows,11.9031
354,2,who,6.14725
354,3,the,3.6838
354,4,police,11.3625
354,5,said,10.1471
354,6,the,2.8321
354,7,detective,14.6244
354,8,believed,13.7308
354,9,he,5.20607
354,10,thought,10.847
354,11,did,11.2299
354,12,interrogate,21.3959
354,13,the,4.73332
354,14,criminal,12.7149
354,15,last,15.5787
354,16,night,6.976
354,17,.,2.66267
354,18,</s>,25.4592
355,0,she,6.52858
355,1,knows,11.9031
355,2,who,6.14725
355,3,the,3.6838
355,4,police,11.3625
355,5,said,10.1471
355,6,the,2.8321
355,7,detective,14.6244
355,8,believed,13.7308
355,9,he,5.20607
355,10,thought,10.847
355,11,the,4.14874
355,12,inspectors,16.7329
355,13,did,11.5276
355,14,interrogate,21.6016
355,15,the,4.73332
355,16,criminal,12.7149
355,17,last,15.5787
355,18,night,6.976
355,19,.,2.66267
355,20,</s>,25.4592
356,0,she,6.52858
356,1,knows,11.9031
356,2,that,2.62183
356,3,the,3.70626
356,4,police,9.69857
356,5,said,10.8045
356,6,the,2.8321
356,7,detective,14.6244
356,8,believed,13.7308
356,9,he,5.20607
356,10,thought,10.847
356,11,did,11.2299
356,12,interrogate,21.3959
356,13,the,4.73332
356,14,criminal,12.7149
356,15,last,15.5787
356,16,night,6.976
356,17,.,2.66267
356,18,</s>,25.4592
357,0,she,6.52858
357,1,knows,11.9031
357,2,that,2.62183
357,3,the,3.70626
357,4,police,9.69857
357,5,said,10.8045
357,6,the,2.8321
357,7,detective,14.6244
357,8,believed,13.7308
357,9,he,5.20607
357,10,thought,10.847
357,11,the,4.14874
357,12,inspectors,16.7329
357,13,did,11.5276
357,14,interrogate,21.6016
357,15,the,4.73332
357,16,criminal,12.7149
357,17,last,15.5787
357,18,night,6.976
357,19,.,2.66267
357,20,</s>,25.4592
358,0,she,6.52858
358,1,knows,11.9031
358,2,who,6.14725
358,3,the,3.6838
358,4,police,11.3625
358,5,said,10.1471
358,6,the,2.8321
358,7,detective,14.6244
358,8,believed,13.7308
358,9,he,5.20607
358,10,thought,10.847
358,11,did,11.2299
358,12,interrogate,21.3959
358,13,the,4.73332
358,14,criminal,12.7149
358,15,last,15.5787
358,16,night,6.976
358,17,.,2.66267
358,18,</s>,25.4592
359,0,she,6.52858
359,1,knows,11.9031
359,2,who,6.14725
359,3,the,3.6838
359,4,police,11.3625
359,5,said,10.1471
359,6,the,2.8321
359,7,detective,14.6244
359,8,believed,13.7308
359,9,he,5.20607
359,10,thought,10.847
359,11,the,4.14874
359,12,inspectors,16.7329
359,13,did,11.5276
359,14,interrogate,21.6016
359,15,the,4.73332
359,16,criminal,12.7149
359,17,last,15.5787
359,18,night,6.976
359,19,.,2.66267
359,20,</s>,25.4592
360,0,he,4.43708
360,1,knows,11.9494
360,2,that,2.7177
360,3,will,8.9133
360,4,wait,11.8416
360,5,for,2.30832
360,6,her,6.19056
360,7,friend,9.42551
360,8,at,8.09412
360,9,the,1.33585
360,10,bus,12.9409
360,11,stop,2.06733
360,12,.,4.39959
360,13,</s>,23.9738
361,0,he,4.43708
361,1,knows,11.9494
361,2,that,2.7177
361,3,the,3.64053
361,4,woman,10.5893
361,5,will,9.75551
361,6,wait,11.4228
361,7,for,2.30832
361,8,her,6.19056
361,9,friend,9.42551
361,10,at,8.09412
361,11,the,1.33585
361,12,bus,12.9409
361,13,stop,2.06733
361,14,.,4.39959
361,15,</s>,23.9738
362,0,he,4.43708
362,1,knows,11.9494
362,2,who,8.10265
362,3,will,8.29176
362,4,wait,11.6177
362,5,for,2.30832
362,6,her,6.19056
362,7,friend,9.42551
362,8,at,8.09412
362,9,the,1.33585
362,10,bus,12.9409
362,11,stop,2.06733
362,12,.,4.39959
362,13,</s>,23.9738
363,0,he,4.43708
363,1,knows,11.9494
363,2,who,8.10265
363,3,the,3.8854
363,4,woman,7.80189
363,5,will,10.2659
363,6,wait,11.4228
363,7,for,2.30832
363,8,her,6.19056
363,9,friend,9.42551
363,10,at,8.09412
363,11,the,1.33585
363,12,bus,12.9409
363,13,stop,2.06733
363,14,.,4.39959
363,15,</s>,23.9738
364,0,he,4.43708
364,1,knows,11.9494
364,2,that,2.7177
364,3,the,3.64053
364,4,man,9.63939
364,5,believed,13.6953
364,6,will,13.2461
364,7,wait,11.4517
364,8,for,2.30832
364,9,her,6.19056
364,10,friend,9.42551
364,11,at,8.09412
364,12,the,1.33585
364,13,bus,12.9409
364,14,stop,2.06733
364,15,.,4.39959
364,16,</s>,23.9738
365,0,he,4.43708
365,1,knows,11.9494
365,2,that,2.7177
365,3,the,3.64053
365,4,man,9.63939
365,5,believed,13.6953
365,6,the,3.87627
365,7,woman,12.2588
365,8,will,9.5943
365,9,wait,11.4228
365,10,for,2.30832
365,11,her,6.19056
365,12,friend,9.42551
365,13,at,8.09412
365,14,the,1.33585
365,15,bus,12.9409
365,16,stop,2.06733
365,17,.,4.39959
365,18,</s>,23.9738
366,0,he,4.43708
366,1,knows,11.9494
366,2,who,8.10265
366,3,the,3.8854
366,4,man,6.8914
366,5,believed,13.607
366,6,will,13.2461
366,7,wait,11.4517
366,8,for,2.30832
366,9,her,6.19056
366,10,friend,9.42551
366,11,at,8.09412
366,12,the,1.33585
366,13,bus,12.9409
366,14,stop,2.06733
366,15,.,4.39959
366,16,</s>,23.9738
367,0,he,4.43708
367,1,knows,11.9494
367,2,who,8.10265
367,3,the,3.8854
367,4,man,6.8914
367,5,believed,13.607
367,6,the,3.87627
367,7,woman,12.2588
367,8,will,9.5943
367,9,wait,11.4228
367,10,for,2.30832
367,11,her,6.19056
367,12,friend,9.42551
367,13,at,8.09412
367,14,the,1.33585
367,15,bus,12.9409
367,16,stop,2.06733
367,17,.,4.39959
367,18,</s>,23.9738
368,0,he,4.43708
368,1,knows,11.9494
368,2,that,2.7177
368,3,the,3.64053
368,4,man,9.63939
368,5,believed,13.6953
368,6,the,3.87627
368,7,he,15.2568
368,8,concluded,11.5515
368,9,will,13.2284
368,10,wait,11.4517
368,11,for,2.30832
368,12,her,6.19056
368,13,friend,9.42551
368,14,at,8.09412
368,15,the,1.33585
368,16,bus,12.9409
368,17,stop,2.06733
368,18,.,4.39959
368,19,</s>,23.9738
369,0,he,4.43708
369,1,knows,11.9494
369,2,that,2.7177
369,3,the,3.64053
369,4,man,9.63939
369,5,believed,13.6953
369,6,the,3.87627
369,7,he,15.2568
369,8,concluded,11.5515
369,9,the,5.55827
369,10,woman,12.2709
369,11,will,9.5943
369,12,wait,11.4228
369,13,for,2.30832
369,14,her,6.19056
369,15,friend,9.42551
369,16,at,8.09412
369,17,the,1.33585
369,18,bus,12.9409
369,19,stop,2.06733
369,20,.,4.39959
369,21,</s>,23.9738
370,0,he,4.43708
370,1,knows,11.9494
370,2,who,8.10265
370,3,the,3.8854
370,4,man,6.8914
370,5,believed,13.607
370,6,the,3.87627
370,7,he,15.2568
370,8,concluded,11.5515
370,9,will,13.2284
370,10,wait,11.4517
370,11,for,2.30832
370,12,her,6.19056
370,13,friend,9.42551
370,14,at,8.09412
370,15,the,1.33585
370,16,bus,12.9409
370,17,stop,2.06733
370,18,.,4.39959
370,19,</s>,23.9738
371,0,he,4.43708
371,1,knows,11.9494
371,2,who,8.10265
371,3,the,3.8854
371,4,man,6.8914
371,5,believed,13.607
371,6,the,3.87627
371,7,he,15.2568
371,8,concluded,11.5515
371,9,the,5.55827
371,10,woman,12.2709
371,11,will,9.5943
371,12,wait,11.4228
371,13,for,2.30832
371,14,her,6.19056
371,15,friend,9.42551
371,16,at,8.09412
371,17,the,1.33585
371,18,bus,12.9409
371,19,stop,2.06733
371,20,.,4.39959
371,21,</s>,23.9738
372,0,he,4.43708
372,1,knows,11.9494
372,2,that,2.7177
372,3,the,3.64053
372,4,man,9.63939
372,5,believed,13.6953
372,6,the,3.87627
372,7,he,15.2568
372,8,concluded,11.5515
372,9,his,3.33433
372,10,neighbors,12.6393
372,11,had,10.8125
372,12,said,9.38367
372,13,will,10.8679
372,14,wait,11.4675
372,15,for,2.30832
372,16,her,6.19056
372,17,friend,9.42551
372,18,at,8.09412
372,19,the,1.33585
372,20,bus,12.9409
372,21,stop,2.06733
372,22,.,4.39959
372,23,</s>,23.9738
373,0,he,4.43708
373,1,knows,11.9494
373,2,that,2.7177
373,3,the,3.64053
373,4,man,9.63939
373,5,believed,13.6953
373,6,the,3.87627
373,7,he,15.2568
373,8,concluded,11.5515
373,9,his,3.33433
373,10,neighbors,12.6393
373,11,had,10.8125
373,12,said,9.38367
373,13,the,5.02937
373,14,woman,12.5589
373,15,will,9.5943
373,16,wait,11.4228
373,17,for,2.30832
373,18,her,6.19056
373,19,friend,9.42551
373,20,at,8.09412
373,21,the,1.33585
373,22,bus,12.9409
373,23,stop,2.06733
373,24,.,4.39959
373,25,</s>,23.9738
374,0,he,4.43708
374,1,knows,11.9494
374,2,who,8.10265
374,3,the,3.8854
374,4,man,6.8914
374,5,believed,13.607
374,6,the,3.87627
374,7,he,15.2568
374,8,concluded,11.5515
374,9,his,3.33433
374,10,neighbors,12.6393
374,11,had,10.8125
374,12,said,9.38367
374,13,will,10.8679
374,14,wait,11.4675
374,15,for,2.30832
374,16,her,6.19056
374,17,friend,9.42551
374,18,at,8.09412
374,19,the,1.33585
374,20,bus,12.9409
374,21,stop,2.06733
374,22,.,4.39959
374,23,</s>,23.9738
375,0,he,4.43708
375,1,knows,11.9494
375,2,who,8.10265
375,3,the,3.8854
375,4,man,6.8914
375,5,believed,13.607
375,6,the,3.87627
375,7,he,15.2568
375,8,concluded,11.5515
375,9,his,3.33433
375,10,neighbors,12.6393
375,11,had,10.8125
375,12,said,9.38367
375,13,the,5.02937
375,14,woman,12.5589
375,15,will,9.5943
375,16,wait,11.4228
375,17,for,2.30832
375,18,her,6.19056
375,19,friend,9.42551
375,20,at,8.09412
375,21,the,1.33585
375,22,bus,12.9409
375,23,stop,2.06733
375,24,.,4.39959
375,25,</s>,23.9738
376,0,he,4.43708
376,1,knows,11.9494
376,2,that,2.7177
376,3,the,3.64053
376,4,man,9.63939
376,5,believed,13.6953
376,6,the,3.87627
376,7,he,15.2568
376,8,concluded,11.5515
376,9,his,3.33433
376,10,neighbors,12.6393
376,11,had,10.8125
376,12,said,9.38367
376,13,will,10.8679
376,14,wait,11.4675
376,15,for,2.30832
376,16,her,6.19056
376,17,friend,9.42551
376,18,at,8.09412
376,19,the,1.33585
376,20,bus,12.9409
376,21,stop,2.06733
376,22,.,4.39959
376,23,</s>,23.9738
377,0,he,4.43708
377,1,knows,11.9494
377,2,that,2.7177
377,3,the,3.64053
377,4,man,9.63939
377,5,believed,13.6953
377,6,the,3.87627
377,7,he,15.2568
377,8,concluded,11.5515
377,9,his,3.33433
377,10,neighbors,12.6393
377,11,had,10.8125
377,12,said,9.38367
377,13,the,5.02937
377,14,woman,12.5589
377,15,will,9.5943
377,16,wait,11.4228
377,17,for,2.30832
377,18,her,6.19056
377,19,friend,9.42551
377,20,at,8.09412
377,21,the,1.33585
377,22,bus,12.9409
377,23,stop,2.06733
377,24,.,4.39959
377,25,</s>,23.9738
378,0,he,4.43708
378,1,knows,11.9494
378,2,who,8.10265
378,3,the,3.8854
378,4,man,6.8914
378,5,believed,13.607
378,6,the,3.87627
378,7,he,15.2568
378,8,concluded,11.5515
378,9,his,3.33433
378,10,neighbors,12.6393
378,11,had,10.8125
378,12,said,9.38367
378,13,will,10.8679
378,14,wait,11.4675
378,15,for,2.30832
378,16,her,6.19056
378,17,friend,9.42551
378,18,at,8.09412
378,19,the,1.33585
378,20,bus,12.9409
378,21,stop,2.06733
378,22,.,4.39959
378,23,</s>,23.9738
379,0,he,4.43708
379,1,knows,11.9494
379,2,who,8.10265
379,3,the,3.8854
379,4,man,6.8914
379,5,believed,13.607
379,6,the,3.87627
379,7,he,15.2568
379,8,concluded,11.5515
379,9,his,3.33433
379,10,neighbors,12.6393
379,11,had,10.8125
379,12,said,9.38367
379,13,the,5.02937
379,14,woman,12.5589
379,15,will,9.5943
379,16,wait,11.4228
379,17,for,2.30832
379,18,her,6.19056
379,19,friend,9.42551
379,20,at,8.09412
379,21,the,1.33585
379,22,bus,12.9409
379,23,stop,2.06733
379,24,.,4.39959
379,25,</s>,23.9738
380,0,you,11.5115
380,1,know,4.15838
380,2,that,6.24274
380,3,should,10.6911
380,4,introduce,15.9247
380,5,his,9.52438
380,6,friends,9.53374
380,7,to,4.68987
380,8,his,5.8277
380,9,family,6.59809
380,10,.,2.48781
380,11,</s>,27.279
381,0,you,11.5115
381,1,know,4.15838
381,2,that,6.24274
381,3,the,3.3901
381,4,man,9.65412
381,5,should,6.9057
381,6,introduce,14.8653
381,7,his,9.52438
381,8,friends,9.53374
381,9,to,4.68987
381,10,his,5.8277
381,11,family,6.59809
381,12,.,2.48781
381,13,</s>,27.279
382,0,you,11.5115
382,1,know,4.15838
382,2,who,5.97772
382,3,should,10.282
382,4,introduce,15.4139
382,5,his,9.52438
382,6,friends,9.53374
382,7,to,4.68987
382,8,his,5.8277
382,9,family,6.59809
382,10,.,2.48781
382,11,</s>,27.279
383,0,you,11.5115
383,1,know,4.15838
383,2,who,5.97772
383,3,the,5.26981
383,4,man,6.97564
383,5,should,10.0278
383,6,introduce,14.8653
383,7,his,9.52438
383,8,friends,9.53374
383,9,to,4.68987
383,10,his,5.8277
383,11,family,6.59809
383,12,.,2.48781
383,13,</s>,27.279
384,0,you,11.5115
384,1,know,4.15838
384,2,that,6.24274
384,3,the,3.3901
384,4,woman,10.6041
384,5,said,9.96008
384,6,should,12.7941
384,7,introduce,15.5081
384,8,his,9.52438
384,9,friends,9.53374
384,10,to,4.68987
384,11,his,5.8277
384,12,family,6.59809
384,13,.,2.48781
384,14,</s>,27.279
385,0,you,11.5115
385,1,know,4.15838
385,2,that,6.24274
385,3,the,3.3901
385,4,woman,10.6041
385,5,said,9.96008
385,6,the,4.76385
385,7,man,9.44883
385,8,should,9.6055
385,9,introduce,14.8653
385,10,his,9.52438
385,11,friends,9.53374
385,12,to,4.68987
385,13,his,5.8277
385,14,family,6.59809
385,15,.,2.48781
385,16,</s>,27.279
386,0,you,11.5115
386,1,know,4.15838
386,2,who,5.97772
386,3,the,5.26981
386,4,woman,7.88614
386,5,said,10.4705
386,6,should,12.7941
386,7,introduce,15.5081
386,8,his,9.52438
386,9,friends,9.53374
386,10,to,4.68987
386,11,his,5.8277
386,12,family,6.59809
386,13,.,2.48781
386,14,</s>,27.279
387,0,you,11.5115
387,1,know,4.15838
387,2,who,5.97772
387,3,the,5.26981
387,4,woman,7.88614
387,5,said,10.4705
387,6,the,4.76385
387,7,man,9.44883
387,8,should,9.6055
387,9,introduce,14.8653
387,10,his,9.52438
387,11,friends,9.53374
387,12,to,4.68987
387,13,his,5.8277
387,14,family,6.59809
387,15,.,2.48781
387,16,</s>,27.279
388,0,you,11.5115
388,1,know,4.15838
388,2,that,6.24274
388,3,the,3.3901
388,4,woman,10.6041
388,5,said,9.96008
388,6,the,4.76385
388,7,neighbor,15.8964
388,8,thought,13.6555
388,9,should,10.4781
388,10,introduce,15.0103
388,11,his,9.52438
388,12,friends,9.53374
388,13,to,4.68987
388,14,his,5.8277
388,15,family,6.59809
388,16,.,2.48781
388,17,</s>,27.279
389,0,you,11.5115
389,1,know,4.15838
389,2,that,6.24274
389,3,the,3.3901
389,4,woman,10.6041
389,5,said,9.96008
389,6,the,4.76385
389,7,neighbor,15.8964
389,8,thought,13.6555
389,9,the,4.36895
389,10,man,11.4918
389,11,should,9.6055
389,12,introduce,14.8653
389,13,his,9.52438
389,14,friends,9.53374
389,15,to,4.68987
389,16,his,5.8277
389,17,family,6.59809
389,18,.,2.48781
389,19,</s>,27.279
390,0,you,11.5115
390,1,know,4.15838
390,2,who,5.97772
390,3,the,5.26981
390,4,woman,7.88614
390,5,said,10.4705
390,6,the,4.76385
390,7,neighbor,15.8964
390,8,thought,13.6555
390,9,should,10.4781
390,10,introduce,15.0103
390,11,his,9.52438
390,12,friends,9.53374
390,13,to,4.68987
390,14,his,5.8277
390,15,family,6.59809
390,16,.,2.48781
390,17,</s>,27.279
391,0,you,11.5115
391,1,know,4.15838
391,2,who,5.97772
391,3,the,5.26981
391,4,woman,7.88614
391,5,said,10.4705
391,6,the,4.76385
391,7,neighbor,15.8964
391,8,thought,13.6555
391,9,the,4.36895
391,10,man,11.4918
391,11,should,9.6055
391,12,introduce,14.8653
391,13,his,9.52438
391,14,friends,9.53374
391,15,to,4.68987
391,16,his,5.8277
391,17,family,6.59809
391,18,.,2.48781
391,19,</s>,27.279
392,0,you,11.5115
392,1,know,4.15838
392,2,that,6.24274
392,3,the,3.3901
392,4,woman,10.6041
392,5,said,9.96008
392,6,the,4.76385
392,7,neighbor,15.8964
392,8,thought,13.6555
392,9,he,5.15677
392,10,recalled,12.7271
392,11,should,12.6326
392,12,introduce,15.089
392,13,his,9.52438
392,14,friends,9.53374
392,15,to,4.68987
392,16,his,5.8277
392,17,family,6.59809
392,18,.,2.48781
392,19,</s>,27.279
393,0,you,11.5115
393,1,know,4.15838
393,2,that,6.24274
393,3,the,3.3901
393,4,woman,10.6041
393,5,said,9.96008
393,6,the,4.76385
393,7,neighbor,15.8964
393,8,thought,13.6555
393,9,he,5.15677
393,10,recalled,12.7271
393,11,the,2.9113
393,12,man,11.3432
393,13,should,9.6055
393,14,introduce,14.8653
393,15,his,9.52438
393,16,friends,9.53374
393,17,to,4.68987
393,18,his,5.8277
393,19,family,6.59809
393,20,.,2.48781
393,21,</s>,27.279
394,0,you,11.5115
394,1,know,4.15838
394,2,who,5.97772
394,3,the,5.26981
394,4,woman,7.88614
394,5,said,10.4705
394,6,the,4.76385
394,7,neighbor,15.8964
394,8,thought,13.6555
394,9,he,5.15677
394,10,recalled,12.7271
394,11,should,12.6326
394,12,introduce,15.089
394,13,his,9.52438
394,14,friends,9.53374
394,15,to,4.68987
394,16,his,5.8277
394,17,family,6.59809
394,18,.,2.48781
394,19,</s>,27.279
395,0,you,11.5115
395,1,know,4.15838
395,2,who,5.97772
395,3,the,5.26981
395,4,woman,7.88614
395,5,said,10.4705
395,6,the,4.76385
395,7,neighbor,15.8964
395,8,thought,13.6555
395,9,he,5.15677
395,10,recalled,12.7271
395,11,the,2.9113
395,12,man,11.3432
395,13,should,9.6055
395,14,introduce,14.8653
395,15,his,9.52438
395,16,friends,9.53374
395,17,to,4.68987
395,18,his,5.8277
395,19,family,6.59809
395,20,.,2.48781
395,21,</s>,27.279
396,0,you,11.5115
396,1,know,4.15838
396,2,that,6.24274
396,3,the,3.3901
396,4,woman,10.6041
396,5,said,9.96008
396,6,the,4.76385
396,7,neighbor,15.8964
396,8,thought,13.6555
396,9,he,5.15677
396,10,recalled,12.7271
396,11,should,12.6326
396,12,introduce,15.089
396,13,his,9.52438
396,14,friends,9.53374
396,15,to,4.68987
396,16,his,5.8277
396,17,family,6.59809
396,18,.,2.48781
396,19,</s>,27.279
397,0,you,11.5115
397,1,know,4.15838
397,2,that,6.24274
397,3,the,3.3901
397,4,woman,10.6041
397,5,said,9.96008
397,6,the,4.76385
397,7,neighbor,15.8964
397,8,thought,13.6555
397,9,he,5.15677
397,10,recalled,12.7271
397,11,the,2.9113
397,12,man,11.3432
397,13,should,9.6055
397,14,introduce,14.8653
397,15,his,9.52438
397,16,friends,9.53374
397,17,to,4.68987
397,18,his,5.8277
397,19,family,6.59809
397,20,.,2.48781
397,21,</s>,27.279
398,0,you,11.5115
398,1,know,4.15838
398,2,who,5.97772
398,3,the,5.26981
398,4,woman,7.88614
398,5,said,10.4705
398,6,the,4.76385
398,7,neighbor,15.8964
398,8,thought,13.6555
398,9,he,5.15677
398,10,recalled,12.7271
398,11,should,12.6326
398,12,introduce,15.089
398,13,his,9.52438
398,14,friends,9.53374
398,15,to,4.68987
398,16,his,5.8277
398,17,family,6.59809
398,18,.,2.48781
398,19,</s>,27.279
399,0,you,11.5115
399,1,know,4.15838
399,2,who,5.97772
399,3,the,5.26981
399,4,woman,7.88614
399,5,said,10.4705
399,6,the,4.76385
399,7,neighbor,15.8964
399,8,thought,13.6555
399,9,he,5.15677
399,10,recalled,12.7271
399,11,the,2.9113
399,12,man,11.3432
399,13,should,9.6055
399,14,introduce,14.8653
399,15,his,9.52438
399,16,friends,9.53374
399,17,to,4.68987
399,18,his,5.8277
399,19,family,6.59809
399,20,.,2.48781
399,21,</s>,27.279
400,0,i,8.92268
400,1,know,6.35939
400,2,that,3.01867
400,3,might,9.81373
400,4,congratulate,21.7984
400,5,the,7.13554
400,6,athletes,14.7164
400,7,over,11.3167
400,8,lunch,11.8105
400,9,.,3.78694
400,10,</s>,22.8395
401,0,i,8.92268
401,1,know,6.35939
401,2,that,3.01867
401,3,the,4.26664
401,4,president,9.40609
401,5,might,10.5936
401,6,congratulate,21.2039
401,7,the,7.13554
401,8,athletes,14.7164
401,9,over,11.3167
401,10,lunch,11.8105
401,11,.,3.78694
401,12,</s>,22.8395
402,0,i,8.92268
402,1,know,6.35939
402,2,who,6.55265
402,3,might,9.15238
402,4,congratulate,21.5523
402,5,the,7.13554
402,6,athletes,14.7164
402,7,over,11.3167
402,8,lunch,11.8105
402,9,.,3.78694
402,10,</s>,22.8395
403,0,i,8.92268
403,1,know,6.35939
403,2,who,6.55265
403,3,the,5.15736
403,4,president,6.97564
403,5,might,10.0032
403,6,congratulate,21.2039
403,7,the,7.13554
403,8,athletes,14.7164
403,9,over,11.3167
403,10,lunch,11.8105
403,11,.,3.78694
403,12,</s>,22.8395
404,0,i,8.92268
404,1,know,6.35939
404,2,that,3.01867
404,3,the,4.26664
404,4,coach,14.3806
404,5,said,12.0639
404,6,might,13.6667
404,7,congratulate,21.2039
404,8,the,7.13554
404,9,athletes,14.7164
404,10,over,11.3167
404,11,lunch,11.8105
404,12,.,3.78694
404,13,</s>,22.8395
405,0,i,8.92268
405,1,know,6.35939
405,2,that,3.01867
405,3,the,4.26664
405,4,coach,14.3806
405,5,said,12.0639
405,6,the,4.51729
405,7,president,9.44883
405,8,might,10.0032
405,9,congratulate,21.2039
405,10,the,7.13554
405,11,athletes,14.7164
405,12,over,11.3167
405,13,lunch,11.8105
405,14,.,3.78694
405,15,</s>,22.8395
406,0,i,8.92268
406,1,know,6.35939
406,2,who,6.55265
406,3,the,5.15736
406,4,coach,13.9823
406,5,said,12.0639
406,6,might,13.6667
406,7,congratulate,21.2039
406,8,the,7.13554
406,9,athletes,14.7164
406,10,over,11.3167
406,11,lunch,11.8105
406,12,.,3.78694
406,13,</s>,22.8395
407,0,i,8.92268
407,1,know,6.35939
407,2,who,6.55265
407,3,the,5.15736
407,4,coach,13.9823
407,5,said,12.0639
407,6,the,4.51729
407,7,president,9.44883
407,8,might,10.0032
407,9,congratulate,21.2039
407,10,the,7.13554
407,11,athletes,14.7164
407,12,over,11.3167
407,13,lunch,11.8105
407,14,.,3.78694
407,15,</s>,22.8395
408,0,i,8.92268
408,1,know,6.35939
408,2,that,3.01867
408,3,the,4.26664
408,4,coach,14.3806
408,5,said,12.0639
408,6,the,4.51729
408,7,assistant,14.9162
408,8,believed,14.2778
408,9,might,13.2461
408,10,congratulate,21.2039
408,11,the,7.13554
408,12,athletes,14.7164
408,13,over,11.3167
408,14,lunch,11.8105
408,15,.,3.78694
408,16,</s>,22.8395
409,0,i,8.92268
409,1,know,6.35939
409,2,that,3.01867
409,3,the,4.26664
409,4,coach,14.3806
409,5,said,12.0639
409,6,the,4.51729
409,7,assistant,14.9162
409,8,believed,14.2778
409,9,the,3.87627
409,10,president,10.9017
409,11,might,10.0032
409,12,congratulate,21.2039
409,13,the,7.13554
409,14,athletes,14.7164
409,15,over,11.3167
409,16,lunch,11.8105
409,17,.,3.78694
409,18,</s>,22.8395
410,0,i,8.92268
410,1,know,6.35939
410,2,who,6.55265
410,3,the,5.15736
410,4,coach,13.9823
410,5,said,12.0639
410,6,the,4.51729
410,7,assistant,14.9162
410,8,believed,14.2778
410,9,might,13.2461
410,10,congratulate,21.2039
410,11,the,7.13554
410,12,athletes,14.7164
410,13,over,11.3167
410,14,lunch,11.8105
410,15,.,3.78694
410,16,</s>,22.8395
411,0,i,8.92268
411,1,know,6.35939
411,2,who,6.55265
411,3,the,5.15736
411,4,coach,13.9823
411,5,said,12.0639
411,6,the,4.51729
411,7,assistant,14.9162
411,8,believed,14.2778
411,9,the,3.87627
411,10,president,10.9017
411,11,might,10.0032
411,12,congratulate,21.2039
411,13,the,7.13554
411,14,athletes,14.7164
411,15,over,11.3167
411,16,lunch,11.8105
411,17,.,3.78694
411,18,</s>,22.8395
412,0,i,8.92268
412,1,know,6.35939
412,2,that,3.01867
412,3,the,4.26664
412,4,coach,14.3806
412,5,said,12.0639
412,6,the,4.51729
412,7,assistant,14.9162
412,8,believed,14.2778
412,9,he,5.20607
412,10,remembered,13.0071
412,11,might,12.878
412,12,congratulate,21.2039
412,13,the,7.13554
412,14,athletes,14.7164
412,15,over,11.3167
412,16,lunch,11.8105
412,17,.,3.78694
412,18,</s>,22.8395
413,0,i,8.92268
413,1,know,6.35939
413,2,that,3.01867
413,3,the,4.26664
413,4,coach,14.3806
413,5,said,12.0639
413,6,the,4.51729
413,7,assistant,14.9162
413,8,believed,14.2778
413,9,he,5.20607
413,10,remembered,13.0071
413,11,the,4.50957
413,12,president,10.7489
413,13,might,10.0032
413,14,congratulate,21.2039
413,15,the,7.13554
413,16,athletes,14.7164
413,17,over,11.3167
413,18,lunch,11.8105
413,19,.,3.78694
413,20,</s>,22.8395
414,0,i,8.92268
414,1,know,6.35939
414,2,who,6.55265
414,3,the,5.15736
414,4,coach,13.9823
414,5,said,12.0639
414,6,the,4.51729
414,7,assistant,14.9162
414,8,believed,14.2778
414,9,he,5.20607
414,10,remembered,13.0071
414,11,might,12.878
414,12,congratulate,21.2039
414,13,the,7.13554
414,14,athletes,14.7164
414,15,over,11.3167
414,16,lunch,11.8105
414,17,.,3.78694
414,18,</s>,22.8395
415,0,i,8.92268
415,1,know,6.35939
415,2,who,6.55265
415,3,the,5.15736
415,4,coach,13.9823
415,5,said,12.0639
415,6,the,4.51729
415,7,assistant,14.9162
415,8,believed,14.2778
415,9,he,5.20607
415,10,remembered,13.0071
415,11,the,4.50957
415,12,president,10.7489
415,13,might,10.0032
415,14,congratulate,21.2039
415,15,the,7.13554
415,16,athletes,14.7164
415,17,over,11.3167
415,18,lunch,11.8105
415,19,.,3.78694
415,20,</s>,22.8395
416,0,i,8.92268
416,1,know,6.35939
416,2,that,3.01867
416,3,the,4.26664
416,4,coach,14.3806
416,5,said,12.0639
416,6,the,4.51729
416,7,assistant,14.9162
416,8,believed,14.2778
416,9,he,5.20607
416,10,remembered,13.0071
416,11,might,12.878
416,12,congratulate,21.2039
416,13,the,7.13554
416,14,athletes,14.7164
416,15,over,11.3167
416,16,lunch,11.8105
416,17,.,3.78694
416,18,</s>,22.8395
417,0,i,8.92268
417,1,know,6.35939
417,2,that,3.01867
417,3,the,4.26664
417,4,coach,14.3806
417,5,said,12.0639
417,6,the,4.51729
417,7,assistant,14.9162
417,8,believed,14.2778
417,9,he,5.20607
417,10,remembered,13.0071
417,11,the,4.50957
417,12,president,10.7489
417,13,might,10.0032
417,14,congratulate,21.2039
417,15,the,7.13554
417,16,athletes,14.7164
417,17,over,11.3167
417,18,lunch,11.8105
417,19,.,3.78694
417,20,</s>,22.8395
418,0,i,8.92268
418,1,know,6.35939
418,2,who,6.55265
418,3,the,5.15736
418,4,coach,13.9823
418,5,said,12.0639
418,6,the,4.51729
418,7,assistant,14.9162
418,8,believed,14.2778
418,9,he,5.20607
418,10,remembered,13.0071
418,11,might,12.878
418,12,congratulate,21.2039
418,13,the,7.13554
418,14,athletes,14.7164
418,15,over,11.3167
418,16,lunch,11.8105
418,17,.,3.78694
418,18,</s>,22.8395
419,0,i,8.92268
419,1,know,6.35939
419,2,who,6.55265
419,3,the,5.15736
419,4,coach,13.9823
419,5,said,12.0639
419,6,the,4.51729
419,7,assistant,14.9162
419,8,believed,14.2778
419,9,he,5.20607
419,10,remembered,13.0071
419,11,the,4.50957
419,12,president,10.7489
419,13,might,10.0032
419,14,congratulate,21.2039
419,15,the,7.13554
419,16,athletes,14.7164
419,17,over,11.3167
419,18,lunch,11.8105
419,19,.,3.78694
419,20,</s>,22.8395
420,0,you,11.5115
420,1,know,4.15838
420,2,that,6.24274
420,3,did,9.70209
420,4,support,9.28146
420,5,the,1.24714
420,6,candidate,10.7604
420,7,last,15.0438
420,8,year,6.09731
420,9,.,3.19119
420,10,</s>,26.3523
421,0,you,11.5115
421,1,know,4.15838
421,2,that,6.24274
421,3,the,3.3901
421,4,millionaire,17.2873
421,5,did,11.2071
421,6,support,10.5376
421,7,the,1.24714
421,8,candidate,10.7604
421,9,last,15.0438
421,10,year,6.09731
421,11,.,3.19119
421,12,</s>,26.3523
422,0,you,11.5115
422,1,know,4.15838
422,2,who,5.97772
422,3,did,6.86911
422,4,support,12.012
422,5,the,1.24714
422,6,candidate,10.7604
422,7,last,15.0438
422,8,year,6.09731
422,9,.,3.19119
422,10,</s>,26.3523
423,0,you,11.5115
423,1,know,4.15838
423,2,who,5.97772
423,3,the,5.26981
423,4,millionaire,16.889
423,5,did,11.2071
423,6,support,10.5376
423,7,the,1.24714
423,8,candidate,10.7604
423,9,last,15.0438
423,10,year,6.09731
423,11,.,3.19119
423,12,</s>,26.3523
424,0,you,11.5115
424,1,know,4.15838
424,2,that,6.24274
424,3,the,3.3901
424,4,lobbyist,20.0026
424,5,believed,13.6124
424,6,did,10.8099
424,7,support,10.9733
424,8,the,1.24714
424,9,candidate,10.7604
424,10,last,15.0438
424,11,year,6.09731
424,12,.,3.19119
424,13,</s>,26.3523
425,0,you,11.5115
425,1,know,4.15838
425,2,that,6.24274
425,3,the,3.3901
425,4,lobbyist,20.0026
425,5,believed,13.6124
425,6,the,3.87627
425,7,millionaire,16.6873
425,8,did,11.2071
425,9,support,10.5376
425,10,the,1.24714
425,11,candidate,10.7604
425,12,last,15.0438
425,13,year,6.09731
425,14,.,3.19119
425,15,</s>,26.3523
426,0,you,11.5115
426,1,know,4.15838
426,2,who,5.97772
426,3,the,5.26981
426,4,lobbyist,19.6043
426,5,believed,13.6124
426,6,did,10.8099
426,7,support,10.9733
426,8,the,1.24714
426,9,candidate,10.7604
426,10,last,15.0438
426,11,year,6.09731
426,12,.,3.19119
426,13,</s>,26.3523
427,0,you,11.5115
427,1,know,4.15838
427,2,who,5.97772
427,3,the,5.26981
427,4,lobbyist,19.6043
427,5,believed,13.6124
427,6,the,3.87627
427,7,millionaire,16.6873
427,8,did,11.2071
427,9,support,10.5376
427,10,the,1.24714
427,11,candidate,10.7604
427,12,last,15.0438
427,13,year,6.09731
427,14,.,3.19119
427,15,</s>,26.3523
428,0,you,11.5115
428,1,know,4.15838
428,2,that,6.24274
428,3,the,3.3901
428,4,lobbyist,20.0026
428,5,believed,13.6124
428,6,the,3.87627
428,7,secretary,12.8324
428,8,said,11.3299
428,9,did,12.5476
428,10,support,10.3319
428,11,the,1.24714
428,12,candidate,10.7604
428,13,last,15.0438
428,14,year,6.09731
428,15,.,3.19119
428,16,</s>,26.3523
429,0,you,11.5115
429,1,know,4.15838
429,2,that,6.24274
429,3,the,3.3901
429,4,lobbyist,20.0026
429,5,believed,13.6124
429,6,the,3.87627
429,7,secretary,12.8324
429,8,said,11.3299
429,9,the,4.51729
429,10,millionaire,16.9874
429,11,did,11.2071
429,12,support,10.5376
429,13,the,1.24714
429,14,candidate,10.7604
429,15,last,15.0438
429,16,year,6.09731
429,17,.,3.19119
429,18,</s>,26.3523
430,0,you,11.5115
430,1,know,4.15838
430,2,who,5.97772
430,3,the,5.26981
430,4,lobbyist,19.6043
430,5,believed,13.6124
430,6,the,3.87627
430,7,secretary,12.8324
430,8,said,11.3299
430,9,did,12.5476
430,10,support,10.3319
430,11,the,1.24714
430,12,candidate,10.7604
430,13,last,15.0438
430,14,year,6.09731
430,15,.,3.19119
430,16,</s>,26.3523
431,0,you,11.5115
431,1,know,4.15838
431,2,who,5.97772
431,3,the,5.26981
431,4,lobbyist,19.6043
431,5,believed,13.6124
431,6,the,3.87627
431,7,secretary,12.8324
431,8,said,11.3299
431,9,the,4.51729
431,10,millionaire,16.9874
431,11,did,11.2071
431,12,support,10.5376
431,13,the,1.24714
431,14,candidate,10.7604
431,15,last,15.0438
431,16,year,6.09731
431,17,.,3.19119
431,18,</s>,26.3523
432,0,you,11.5115
432,1,know,4.15838
432,2,that,6.24274
432,3,the,3.3901
432,4,lobbyist,20.0026
432,5,believed,13.6124
432,6,the,3.87627
432,7,secretary,12.8324
432,8,said,11.3299
432,9,she,5.98673
432,10,saw,7.50094
432,11,did,11.8112
432,12,support,10.5376
432,13,the,1.24714
432,14,candidate,10.7604
432,15,last,15.0438
432,16,year,6.09731
432,17,.,3.19119
432,18,</s>,26.3523
433,0,you,11.5115
433,1,know,4.15838
433,2,that,6.24274
433,3,the,3.3901
433,4,lobbyist,20.0026
433,5,believed,13.6124
433,6,the,3.87627
433,7,secretary,12.8324
433,8,said,11.3299
433,9,she,5.98673
433,10,saw,7.50094
433,11,the,3.89315
433,12,millionaire,17.2508
433,13,did,11.2071
433,14,support,10.5376
433,15,the,1.24714
433,16,candidate,10.7604
433,17,last,15.0438
433,18,year,6.09731
433,19,.,3.19119
433,20,</s>,26.3523
434,0,you,11.5115
434,1,know,4.15838
434,2,who,5.97772
434,3,the,5.26981
434,4,lobbyist,19.6043
434,5,believed,13.6124
434,6,the,3.87627
434,7,secretary,12.8324
434,8,said,11.3299
434,9,she,5.98673
434,10,saw,7.50094
434,11,did,11.8112
434,12,support,10.5376
434,13,the,1.24714
434,14,candidate,10.7604
434,15,last,15.0438
434,16,year,6.09731
434,17,.,3.19119
434,18,</s>,26.3523
435,0,you,11.5115
435,1,know,4.15838
435,2,who,5.97772
435,3,the,5.26981
435,4,lobbyist,19.6043
435,5,believed,13.6124
435,6,the,3.87627
435,7,secretary,12.8324
435,8,said,11.3299
435,9,she,5.98673
435,10,saw,7.50094
435,11,the,3.89315
435,12,millionaire,17.2508
435,13,did,11.2071
435,14,support,10.5376
435,15,the,1.24714
435,16,candidate,10.7604
435,17,last,15.0438
435,18,year,6.09731
435,19,.,3.19119
435,20,</s>,26.3523
436,0,you,11.5115
436,1,know,4.15838
436,2,that,6.24274
436,3,the,3.3901
436,4,lobbyist,20.0026
436,5,believed,13.6124
436,6,the,3.87627
436,7,secretary,12.8324
436,8,said,11.3299
436,9,she,5.98673
436,10,saw,7.50094
436,11,did,11.8112
436,12,support,10.5376
436,13,the,1.24714
436,14,candidate,10.7604
436,15,last,15.0438
436,16,year,6.09731
436,17,.,3.19119
436,18,</s>,26.3523
437,0,you,11.5115
437,1,know,4.15838
437,2,that,6.24274
437,3,the,3.3901
437,4,lobbyist,20.0026
437,5,believed,13.6124
437,6,the,3.87627
437,7,secretary,12.8324
437,8,said,11.3299
437,9,she,5.98673
437,10,saw,7.50094
437,11,the,3.89315
437,12,millionaire,17.2508
437,13,did,11.2071
437,14,support,10.5376
437,15,the,1.24714
437,16,candidate,10.7604
437,17,last,15.0438
437,18,year,6.09731
437,19,.,3.19119
437,20,</s>,26.3523
438,0,you,11.5115
438,1,know,4.15838
438,2,who,5.97772
438,3,the,5.26981
438,4,lobbyist,19.6043
438,5,believed,13.6124
438,6,the,3.87627
438,7,secretary,12.8324
438,8,said,11.3299
438,9,she,5.98673
438,10,saw,7.50094
438,11,did,11.8112
438,12,support,10.5376
438,13,the,1.24714
438,14,candidate,10.7604
438,15,last,15.0438
438,16,year,6.09731
438,17,.,3.19119
438,18,</s>,26.3523
439,0,you,11.5115
439,1,know,4.15838
439,2,who,5.97772
439,3,the,5.26981
439,4,lobbyist,19.6043
439,5,believed,13.6124
439,6,the,3.87627
439,7,secretary,12.8324
439,8,said,11.3299
439,9,she,5.98673
439,10,saw,7.50094
439,11,the,3.89315
439,12,millionaire,17.2508
439,13,did,11.2071
439,14,support,10.5376
439,15,the,1.24714
439,16,candidate,10.7604
439,17,last,15.0438
439,18,year,6.09731
439,19,.,3.19119
439,20,</s>,26.3523
440,0,i,8.92268
440,1,know,6.35939
440,2,that,3.01867
440,3,could,8.30638
440,4,greet,16.6693
440,5,the,4.18549
440,6,man,11.1664
440,7,early,13.7145
440,8,in,3.82723
440,9,the,1.49569
440,10,morning,3.77336
440,11,.,3.15299
440,12,</s>,28.5573
441,0,i,8.92268
441,1,know,6.35939
441,2,that,3.01867
441,3,the,4.26664
441,4,librarian,16.5567
441,5,could,11.4337
441,6,greet,16.0888
441,7,the,4.18549
441,8,man,11.1664
441,9,early,13.7145
441,10,in,3.82723
441,11,the,1.49569
441,12,morning,3.77336
441,13,.,3.15299
441,14,</s>,28.5573
442,0,i,8.92268
442,1,know,6.35939
442,2,who,6.55265
442,3,could,7.70233
442,4,greet,16.2288
442,5,the,4.18549
442,6,man,11.1664
442,7,early,13.7145
442,8,in,3.82723
442,9,the,1.49569
442,10,morning,3.77336
442,11,.,3.15299
442,12,</s>,28.5573
443,0,i,8.92268
443,1,know,6.35939
443,2,who,6.55265
443,3,the,5.15736
443,4,librarian,16.1584
443,5,could,11.4337
443,6,greet,16.0888
443,7,the,4.18549
443,8,man,11.1664
443,9,early,13.7145
443,10,in,3.82723
443,11,the,1.49569
443,12,morning,3.77336
443,13,.,3.15299
443,14,</s>,28.5573
444,0,i,8.92268
444,1,know,6.35939
444,2,that,3.01867
444,3,the,4.26664
444,4,mayor,11.656
444,5,said,13.637
444,6,could,11.0337
444,7,greet,16.0498
444,8,the,4.18549
444,9,man,11.1664
444,10,early,13.7145
444,11,in,3.82723
444,12,the,1.49569
444,13,morning,3.77336
444,14,.,3.15299
444,15,</s>,28.5573
445,0,i,8.92268
445,1,know,6.35939
445,2,that,3.01867
445,3,the,4.26664
445,4,mayor,11.656
445,5,said,13.637
445,6,the,4.51729
445,7,librarian,16.2568
445,8,could,11.4337
445,9,greet,16.0888
445,10,the,4.18549
445,11,man,11.1664
445,12,early,13.7145
445,13,in,3.82723
445,14,the,1.49569
445,15,morning,3.77336
445,16,.,3.15299
445,17,</s>,28.5573
446,0,i,8.92268
446,1,know,6.35939
446,2,who,6.55265
446,3,the,5.15736
446,4,mayor,12.5925
446,5,said,13.7085
446,6,could,11.0337
446,7,greet,16.0498
446,8,the,4.18549
446,9,man,11.1664
446,10,early,13.7145
446,11,in,3.82723
446,12,the,1.49569
446,13,morning,3.77336
446,14,.,3.15299
446,15,</s>,28.5573
447,0,i,8.92268
447,1,know,6.35939
447,2,who,6.55265
447,3,the,5.15736
447,4,mayor,12.5925
447,5,said,13.7085
447,6,the,4.51729
447,7,librarian,16.2568
447,8,could,11.4337
447,9,greet,16.0888
447,10,the,4.18549
447,11,man,11.1664
447,12,early,13.7145
447,13,in,3.82723
447,14,the,1.49569
447,15,morning,3.77336
447,16,.,3.15299
447,17,</s>,28.5573
448,0,i,8.92268
448,1,know,6.35939
448,2,that,3.01867
448,3,the,4.26664
448,4,mayor,11.656
448,5,said,13.637
448,6,the,4.51729
448,7,clerk,14.8529
448,8,believed,14.3594
448,9,could,9.64821
448,10,greet,16.0049
448,11,the,4.18549
448,12,man,11.1664
448,13,early,13.7145
448,14,in,3.82723
448,15,the,1.49569
448,16,morning,3.77336
448,17,.,3.15299
448,18,</s>,28.5573
449,0,i,8.92268
449,1,know,6.35939
449,2,that,3.01867
449,3,the,4.26664
449,4,mayor,11.656
449,5,said,13.637
449,6,the,4.51729
449,7,clerk,14.8529
449,8,believed,14.3594
449,9,the,3.87627
449,10,librarian,15.9567
449,11,could,11.4337
449,12,greet,16.0888
449,13,the,4.18549
449,14,man,11.1664
449,15,early,13.7145
449,16,in,3.82723
449,17,the,1.49569
449,18,morning,3.77336
449,19,.,3.15299
449,20,</s>,28.5573
450,0,i,8.92268
450,1,know,6.35939
450,2,who,6.55265
450,3,the,5.15736
450,4,mayor,12.5925
450,5,said,13.7085
450,6,the,4.51729
450,7,clerk,14.8529
450,8,believed,14.3594
450,9,could,9.64821
450,10,greet,16.0049
450,11,the,4.18549
450,12,man,11.1664
450,13,early,13.7145
450,14,in,3.82723
450,15,the,1.49569
450,16,morning,3.77336
450,17,.,3.15299
450,18,</s>,28.5573
451,0,i,8.92268
451,1,know,6.35939
451,2,who,6.55265
451,3,the,5.15736
451,4,mayor,12.5925
451,5,said,13.7085
451,6,the,4.51729
451,7,clerk,14.8529
451,8,believed,14.3594
451,9,the,3.87627
451,10,librarian,15.9567
451,11,could,11.4337
451,12,greet,16.0888
451,13,the,4.18549
451,14,man,11.1664
451,15,early,13.7145
451,16,in,3.82723
451,17,the,1.49569
451,18,morning,3.77336
451,19,.,3.15299
451,20,</s>,28.5573
452,0,i,8.92268
452,1,know,6.35939
452,2,that,3.01867
452,3,the,4.26664
452,4,mayor,11.656
452,5,said,13.637
452,6,the,4.51729
452,7,clerk,14.8529
452,8,believed,14.3594
452,9,he,5.20607
452,10,witnessed,12.4137
452,11,could,11.6359
452,12,greet,16.0888
452,13,the,4.18549
452,14,man,11.1664
452,15,early,13.7145
452,16,in,3.82723
452,17,the,1.49569
452,18,morning,3.77336
452,19,.,3.15299
452,20,</s>,28.5573
453,0,i,8.92268
453,1,know,6.35939
453,2,that,3.01867
453,3,the,4.26664
453,4,mayor,11.656
453,5,said,13.637
453,6,the,4.51729
453,7,clerk,14.8529
453,8,believed,14.3594
453,9,he,5.20607
453,10,witnessed,12.4137
453,11,the,1.96629
453,12,librarian,16.1586
453,13,could,11.4337
453,14,greet,16.0888
453,15,the,4.18549
453,16,man,11.1664
453,17,early,13.7145
453,18,in,3.82723
453,19,the,1.49569
453,20,morning,3.77336
453,21,.,3.15299
453,22,</s>,28.5573
454,0,i,8.92268
454,1,know,6.35939
454,2,who,6.55265
454,3,the,5.15736
454,4,mayor,12.5925
454,5,said,13.7085
454,6,the,4.51729
454,7,clerk,14.8529
454,8,believed,14.3594
454,9,he,5.20607
454,10,witnessed,12.4137
454,11,could,11.6359
454,12,greet,16.0888
454,13,the,4.18549
454,14,man,11.1664
454,15,early,13.7145
454,16,in,3.82723
454,17,the,1.49569
454,18,morning,3.77336
454,19,.,3.15299
454,20,</s>,28.5573
455,0,i,8.92268
455,1,know,6.35939
455,2,who,6.55265
455,3,the,5.15736
455,4,mayor,12.5925
455,5,said,13.7085
455,6,the,4.51729
455,7,clerk,14.8529
455,8,believed,14.3594
455,9,he,5.20607
455,10,witnessed,12.4137
455,11,the,1.96629
455,12,librarian,16.1586
455,13,could,11.4337
455,14,greet,16.0888
455,15,the,4.18549
455,16,man,11.1664
455,17,early,13.7145
455,18,in,3.82723
455,19,the,1.49569
455,20,morning,3.77336
455,21,.,3.15299
455,22,</s>,28.5573
456,0,i,8.92268
456,1,know,6.35939
456,2,that,3.01867
456,3,the,4.26664
456,4,mayor,11.656
456,5,said,13.637
456,6,the,4.51729
456,7,clerk,14.8529
456,8,believed,14.3594
456,9,he,5.20607
456,10,witnessed,12.4137
456,11,could,11.6359
456,12,greet,16.0888
456,13,the,4.18549
456,14,man,11.1664
456,15,early,13.7145
456,16,in,3.82723
456,17,the,1.49569
456,18,morning,3.77336
456,19,.,3.15299
456,20,</s>,28.5573
457,0,i,8.92268
457,1,know,6.35939
457,2,that,3.01867
457,3,the,4.26664
457,4,mayor,11.656
457,5,said,13.637
457,6,the,4.51729
457,7,clerk,14.8529
457,8,believed,14.3594
457,9,he,5.20607
457,10,witnessed,12.4137
457,11,the,1.96629
457,12,librarian,16.1586
457,13,could,11.4337
457,14,greet,16.0888
457,15,the,4.18549
457,16,man,11.1664
457,17,early,13.7145
457,18,in,3.82723
457,19,the,1.49569
457,20,morning,3.77336
457,21,.,3.15299
457,22,</s>,28.5573
458,0,i,8.92268
458,1,know,6.35939
458,2,who,6.55265
458,3,the,5.15736
458,4,mayor,12.5925
458,5,said,13.7085
458,6,the,4.51729
458,7,clerk,14.8529
458,8,believed,14.3594
458,9,he,5.20607
458,10,witnessed,12.4137
458,11,could,11.6359
458,12,greet,16.0888
458,13,the,4.18549
458,14,man,11.1664
458,15,early,13.7145
458,16,in,3.82723
458,17,the,1.49569
458,18,morning,3.77336
458,19,.,3.15299
458,20,</s>,28.5573
459,0,i,8.92268
459,1,know,6.35939
459,2,who,6.55265
459,3,the,5.15736
459,4,mayor,12.5925
459,5,said,13.7085
459,6,the,4.51729
459,7,clerk,14.8529
459,8,believed,14.3594
459,9,he,5.20607
459,10,witnessed,12.4137
459,11,the,1.96629
459,12,librarian,16.1586
459,13,could,11.4337
459,14,greet,16.0888
459,15,the,4.18549
459,16,man,11.1664
459,17,early,13.7145
459,18,in,3.82723
459,19,the,1.49569
459,20,morning,3.77336
459,21,.,3.15299
459,22,</s>,28.5573
460,0,he,4.43708
460,1,recalled,11.3595
460,2,that,2.12319
460,3,did,9.67645
460,4,assassinate,23.3082
460,5,the,6.23779
460,6,politician,15.4815
460,7,last,15.3084
460,8,night,6.976
460,9,.,2.66267
460,10,</s>,25.4592
461,0,he,4.43708
461,1,recalled,11.3595
461,2,that,2.12319
461,3,the,4.22693
461,4,terrorist,13.9516
461,5,did,12.6049
461,6,assassinate,21.6016
461,7,the,6.23779
461,8,politician,15.4815
461,9,last,15.3084
461,10,night,6.976
461,11,.,2.66267
461,12,</s>,25.4592
462,0,he,4.43708
462,1,recalled,11.3595
462,2,who,12.7182
462,3,did,7.12873
462,4,assassinate,22.384
462,5,the,6.23779
462,6,politician,15.4815
462,7,last,15.3084
462,8,night,6.976
462,9,.,2.66267
462,10,</s>,25.4592
463,0,he,4.43708
463,1,recalled,11.3595
463,2,who,12.7182
463,3,the,8.96323
463,4,terrorist,14.7015
463,5,did,12.454
463,6,assassinate,21.6016
463,7,the,6.23779
463,8,politician,15.4815
463,9,last,15.3084
463,10,night,6.976
463,11,.,2.66267
463,12,</s>,25.4592
464,0,he,4.43708
464,1,recalled,11.3595
464,2,that,2.12319
464,3,the,4.22693
464,4,president,9.34342
464,5,said,9.90475
464,6,did,12.5608
464,7,assassinate,21.3959
464,8,the,6.23779
464,9,politician,15.4815
464,10,last,15.3084
464,11,night,6.976
464,12,.,2.66267
464,13,</s>,25.4592
465,0,he,4.43708
465,1,recalled,11.3595
465,2,that,2.12319
465,3,the,4.22693
465,4,president,9.34342
465,5,said,9.90475
465,6,the,4.53055
465,7,terrorist,14.8842
465,8,did,12.454
465,9,assassinate,21.6016
465,10,the,6.23779
465,11,politician,15.4815
465,12,last,15.3084
465,13,night,6.976
465,14,.,2.66267
465,15,</s>,25.4592
466,0,he,4.43708
466,1,recalled,11.3595
466,2,who,12.7182
466,3,the,8.96323
466,4,president,6.8914
466,5,said,9.31435
466,6,did,12.5608
466,7,assassinate,21.3959
466,8,the,6.23779
466,9,politician,15.4815
466,10,last,15.3084
466,11,night,6.976
466,12,.,2.66267
466,13,</s>,25.4592
467,0,he,4.43708
467,1,recalled,11.3595
467,2,who,12.7182
467,3,the,8.96323
467,4,president,6.8914
467,5,said,9.31435
467,6,the,4.53055
467,7,terrorist,14.8842
467,8,did,12.454
467,9,assassinate,21.6016
467,10,the,6.23779
467,11,politician,15.4815
467,12,last,15.3084
467,13,night,6.976
467,14,.,2.66267
467,15,</s>,25.4592
468,0,he,4.43708
468,1,recalled,11.3595
468,2,that,2.12319
468,3,the,4.22693
468,4,president,9.34342
468,5,said,9.90475
468,6,the,4.53055
468,7,report,10.3593
468,8,confirmed,10.6234
468,9,did,12.7789
468,10,assassinate,21.6016
468,11,the,6.23779
468,12,politician,15.4815
468,13,last,15.3084
468,14,night,6.976
468,15,.,2.66267
468,16,</s>,25.4592
469,0,he,4.43708
469,1,recalled,11.3595
469,2,that,2.12319
469,3,the,4.22693
469,4,president,9.34342
469,5,said,9.90475
469,6,the,4.53055
469,7,report,10.3593
469,8,confirmed,10.6234
469,9,the,3.64953
469,10,terrorist,14.732
469,11,did,12.454
469,12,assassinate,21.6016
469,13,the,6.23779
469,14,politician,15.4815
469,15,last,15.3084
469,16,night,6.976
469,17,.,2.66267
469,18,</s>,25.4592
470,0,he,4.43708
470,1,recalled,11.3595
470,2,who,12.7182
470,3,the,8.96323
470,4,president,6.8914
470,5,said,9.31435
470,6,the,4.53055
470,7,report,10.3593
470,8,confirmed,10.6234
470,9,did,12.7789
470,10,assassinate,21.6016
470,11,the,6.23779
470,12,politician,15.4815
470,13,last,15.3084
470,14,night,6.976
470,15,.,2.66267
470,16,</s>,25.4592
471,0,he,4.43708
471,1,recalled,11.3595
471,2,who,12.7182
471,3,the,8.96323
471,4,president,6.8914
471,5,said,9.31435
471,6,the,4.53055
471,7,report,10.3593
471,8,confirmed,10.6234
471,9,the,3.64953
471,10,terrorist,14.732
471,11,did,12.454
471,12,assassinate,21.6016
471,13,the,6.23779
471,14,politician,15.4815
471,15,last,15.3084
471,16,night,6.976
471,17,.,2.66267
471,18,</s>,25.4592
472,0,he,4.43708
472,1,recalled,11.3595
472,2,that,2.12319
472,3,the,4.22693
472,4,president,9.34342
472,5,said,9.90475
472,6,the,4.53055
472,7,report,10.3593
472,8,confirmed,10.6234
472,9,he,6.58976
472,10,believed,10.3602
472,11,did,8.84584
472,12,assassinate,21.6299
472,13,the,6.23779
472,14,politician,15.4815
472,15,last,15.3084
472,16,night,6.976
472,17,.,2.66267
472,18,</s>,25.4592
473,0,he,4.43708
473,1,recalled,11.3595
473,2,that,2.12319
473,3,the,4.22693
473,4,president,9.34342
473,5,said,9.90475
473,6,the,4.53055
473,7,report,10.3593
473,8,confirmed,10.6234
473,9,he,6.58976
473,10,believed,10.3602
473,11,the,4.34857
473,12,terrorist,14.5767
473,13,did,12.454
473,14,assassinate,21.6016
473,15,the,6.23779
473,16,politician,15.4815
473,17,last,15.3084
473,18,night,6.976
473,19,.,2.66267
473,20,</s>,25.4592
474,0,he,4.43708
474,1,recalled,11.3595
474,2,who,12.7182
474,3,the,8.96323
474,4,president,6.8914
474,5,said,9.31435
474,6,the,4.53055
474,7,report,10.3593
474,8,confirmed,10.6234
474,9,he,6.58976
474,10,believed,10.3602
474,11,did,8.84584
474,12,assassinate,21.6299
474,13,the,6.23779
474,14,politician,15.4815
474,15,last,15.3084
474,16,night,6.976
474,17,.,2.66267
474,18,</s>,25.4592
475,0,he,4.43708
475,1,recalled,11.3595
475,2,who,12.7182
475,3,the,8.96323
475,4,president,6.8914
475,5,said,9.31435
475,6,the,4.53055
475,7,report,10.3593
475,8,confirmed,10.6234
475,9,he,6.58976
475,10,believed,10.3602
475,11,the,4.34857
475,12,terrorist,14.5767
475,13,did,12.454
475,14,assassinate,21.6016
475,15,the,6.23779
475,16,politician,15.4815
475,17,last,15.3084
475,18,night,6.976
475,19,.,2.66267
475,20,</s>,25.4592
476,0,he,4.43708
476,1,recalled,11.3595
476,2,that,2.12319
476,3,the,4.22693
476,4,president,9.34342
476,5,said,9.90475
476,6,the,4.53055
476,7,report,10.3593
476,8,confirmed,10.6234
476,9,he,6.58976
476,10,believed,10.3602
476,11,did,8.84584
476,12,assassinate,21.6299
476,13,the,6.23779
476,14,politician,15.4815
476,15,last,15.3084
476,16,night,6.976
476,17,.,2.66267
476,18,</s>,25.4592
477,0,he,4.43708
477,1,recalled,11.3595
477,2,that,2.12319
477,3,the,4.22693
477,4,president,9.34342
477,5,said,9.90475
477,6,the,4.53055
477,7,report,10.3593
477,8,confirmed,10.6234
477,9,he,6.58976
477,10,believed,10.3602
477,11,the,4.34857
477,12,terrorist,14.5767
477,13,did,12.454
477,14,assassinate,21.6016
477,15,the,6.23779
477,16,politician,15.4815
477,17,last,15.3084
477,18,night,6.976
477,19,.,2.66267
477,20,</s>,25.4592
478,0,he,4.43708
478,1,recalled,11.3595
478,2,who,12.7182
478,3,the,8.96323
478,4,president,6.8914
478,5,said,9.31435
478,6,the,4.53055
478,7,report,10.3593
478,8,confirmed,10.6234
478,9,he,6.58976
478,10,believed,10.3602
478,11,did,8.84584
478,12,assassinate,21.6299
478,13,the,6.23779
478,14,politician,15.4815
478,15,last,15.3084
478,16,night,6.976
478,17,.,2.66267
478,18,</s>,25.4592
479,0,he,4.43708
479,1,recalled,11.3595
479,2,who,12.7182
479,3,the,8.96323
479,4,president,6.8914
479,5,said,9.31435
479,6,the,4.53055
479,7,report,10.3593
479,8,confirmed,10.6234
479,9,he,6.58976
479,10,believed,10.3602
479,11,the,4.34857
479,12,terrorist,14.5767
479,13,did,12.454
479,14,assassinate,21.6016
479,15,the,6.23779
479,16,politician,15.4815
479,17,last,15.3084
479,18,night,6.976
479,19,.,2.66267
479,20,</s>,25.4592
480,0,we,10.0475
480,1,recalled,16.8821
480,2,that,3.25558
480,3,might,9.88313
480,4,frighten,14.9462
480,5,the,4.54306
480,6,children,11.2799
480,7,at,7.14969
480,8,the,1.72714
480,9,party,9.96291
480,10,.,4.10505
480,11,</s>,24.7244
481,0,we,10.0475
481,1,recalled,16.8821
481,2,that,3.25558
481,3,the,3.21199
481,4,clown,16.2672
481,5,might,12.416
481,6,frighten,14.3517
481,7,the,4.54306
481,8,children,11.2799
481,9,at,7.14969
481,10,the,1.72714
481,11,party,9.96291
481,12,.,4.10505
481,13,</s>,24.7244
482,0,we,10.0475
482,1,recalled,16.8821
482,2,who,11.9121
482,3,might,8.58329
482,4,frighten,14.7001
482,5,the,4.54306
482,6,children,11.2799
482,7,at,7.14969
482,8,the,1.72714
482,9,party,9.96291
482,10,.,4.10505
482,11,</s>,24.7244
483,0,we,10.0475
483,1,recalled,16.8821
483,2,who,11.9121
483,3,the,8.96323
483,4,clown,15.8473
483,5,might,12.416
483,6,frighten,14.3517
483,7,the,4.54306
483,8,children,11.2799
483,9,at,7.14969
483,10,the,1.72714
483,11,party,9.96291
483,12,.,4.10505
483,13,</s>,24.7244
484,0,we,10.0475
484,1,recalled,16.8821
484,2,that,3.25558
484,3,the,3.21199
484,4,actor,11.5933
484,5,said,8.46359
484,6,might,13.7786
484,7,frighten,14.3517
484,8,the,4.54306
484,9,children,11.2799
484,10,at,7.14969
484,11,the,1.72714
484,12,party,9.96291
484,13,.,4.10505
484,14,</s>,24.7244
485,0,we,10.0475
485,1,recalled,16.8821
485,2,that,3.25558
485,3,the,3.21199
485,4,actor,11.5933
485,5,said,8.46359
485,6,the,4.62921
485,7,clown,16.03
485,8,might,12.416
485,9,frighten,14.3517
485,10,the,4.54306
485,11,children,11.2799
485,12,at,7.14969
485,13,the,1.72714
485,14,party,9.96291
485,15,.,4.10505
485,16,</s>,24.7244
486,0,we,10.0475
486,1,recalled,16.8821
486,2,who,11.9121
486,3,the,8.96323
486,4,actor,12.9783
486,5,said,8.22518
486,6,might,13.7786
486,7,frighten,14.3517
486,8,the,4.54306
486,9,children,11.2799
486,10,at,7.14969
486,11,the,1.72714
486,12,party,9.96291
486,13,.,4.10505
486,14,</s>,24.7244
487,0,we,10.0475
487,1,recalled,16.8821
487,2,who,11.9121
487,3,the,8.96323
487,4,actor,12.9783
487,5,said,8.22518
487,6,the,4.62921
487,7,clown,16.03
487,8,might,12.416
487,9,frighten,14.3517
487,10,the,4.54306
487,11,children,11.2799
487,12,at,7.14969
487,13,the,1.72714
487,14,party,9.96291
487,15,.,4.10505
487,16,</s>,24.7244
488,0,we,10.0475
488,1,recalled,16.8821
488,2,that,3.25558
488,3,the,3.21199
488,4,actor,11.5933
488,5,said,8.46359
488,6,the,4.62921
488,7,people,10.9829
488,8,knew,10.6791
488,9,might,13.4806
488,10,frighten,14.3517
488,11,the,4.54306
488,12,children,11.2799
488,13,at,7.14969
488,14,the,1.72714
488,15,party,9.96291
488,16,.,4.10505
488,17,</s>,24.7244
489,0,we,10.0475
489,1,recalled,16.8821
489,2,that,3.25558
489,3,the,3.21199
489,4,actor,11.5933
489,5,said,8.46359
489,6,the,4.62921
489,7,people,10.9829
489,8,knew,10.6791
489,9,the,4.43327
489,10,clown,15.6699
489,11,might,12.416
489,12,frighten,14.3517
489,13,the,4.54306
489,14,children,11.2799
489,15,at,7.14969
489,16,the,1.72714
489,17,party,9.96291
489,18,.,4.10505
489,19,</s>,24.7244
490,0,we,10.0475
490,1,recalled,16.8821
490,2,who,11.9121
490,3,the,8.96323
490,4,actor,12.9783
490,5,said,8.22518
490,6,the,4.62921
490,7,people,10.9829
490,8,knew,10.6791
490,9,might,13.4806
490,10,frighten,14.3517
490,11,the,4.54306
490,12,children,11.2799
490,13,at,7.14969
490,14,the,1.72714
490,15,party,9.96291
490,16,.,4.10505
490,17,</s>,24.7244
491,0,we,10.0475
491,1,recalled,16.8821
491,2,who,11.9121
491,3,the,8.96323
491,4,actor,12.9783
491,5,said,8.22518
491,6,the,4.62921
491,7,people,10.9829
491,8,knew,10.6791
491,9,the,4.43327
491,10,clown,15.6699
491,11,might,12.416
491,12,frighten,14.3517
491,13,the,4.54306
491,14,children,11.2799
491,15,at,7.14969
491,16,the,1.72714
491,17,party,9.96291
491,18,.,4.10505
491,19,</s>,24.7244
492,0,we,10.0475
492,1,recalled,16.8821
492,2,that,3.25558
492,3,the,3.21199
492,4,actor,11.5933
492,5,said,8.46359
492,6,the,4.62921
492,7,people,10.9829
492,8,knew,10.6791
492,9,he,5.28302
492,10,thought,10.94
492,11,might,7.11838
492,12,frighten,14.8227
492,13,the,4.54306
492,14,children,11.2799
492,15,at,7.14969
492,16,the,1.72714
492,17,party,9.96291
492,18,.,4.10505
492,19,</s>,24.7244
493,0,we,10.0475
493,1,recalled,16.8821
493,2,that,3.25558
493,3,the,3.21199
493,4,actor,11.5933
493,5,said,8.46359
493,6,the,4.62921
493,7,people,10.9829
493,8,knew,10.6791
493,9,he,5.28302
493,10,thought,10.94
493,11,the,4.14874
493,12,clown,15.9053
493,13,might,12.416
493,14,frighten,14.3517
493,15,the,4.54306
493,16,children,11.2799
493,17,at,7.14969
493,18,the,1.72714
493,19,party,9.96291
493,20,.,4.10505
493,21,</s>,24.7244
494,0,we,10.0475
494,1,recalled,16.8821
494,2,who,11.9121
494,3,the,8.96323
494,4,actor,12.9783
494,5,said,8.22518
494,6,the,4.62921
494,7,people,10.9829
494,8,knew,10.6791
494,9,he,5.28302
494,10,thought,10.94
494,11,might,7.11838
494,12,frighten,14.8227
494,13,the,4.54306
494,14,children,11.2799
494,15,at,7.14969
494,16,the,1.72714
494,17,party,9.96291
494,18,.,4.10505
494,19,</s>,24.7244
495,0,we,10.0475
495,1,recalled,16.8821
495,2,who,11.9121
495,3,the,8.96323
495,4,actor,12.9783
495,5,said,8.22518
495,6,the,4.62921
495,7,people,10.9829
495,8,knew,10.6791
495,9,he,5.28302
495,10,thought,10.94
495,11,the,4.14874
495,12,clown,15.9053
495,13,might,12.416
495,14,frighten,14.3517
495,15,the,4.54306
495,16,children,11.2799
495,17,at,7.14969
495,18,the,1.72714
495,19,party,9.96291
495,20,.,4.10505
495,21,</s>,24.7244
496,0,we,10.0475
496,1,recalled,16.8821
496,2,that,3.25558
496,3,the,3.21199
496,4,actor,11.5933
496,5,said,8.46359
496,6,the,4.62921
496,7,people,10.9829
496,8,knew,10.6791
496,9,he,5.28302
496,10,thought,10.94
496,11,might,7.11838
496,12,frighten,14.8227
496,13,the,4.54306
496,14,children,11.2799
496,15,at,7.14969
496,16,the,1.72714
496,17,party,9.96291
496,18,.,4.10505
496,19,</s>,24.7244
497,0,we,10.0475
497,1,recalled,16.8821
497,2,that,3.25558
497,3,the,3.21199
497,4,actor,11.5933
497,5,said,8.46359
497,6,the,4.62921
497,7,people,10.9829
497,8,knew,10.6791
497,9,he,5.28302
497,10,thought,10.94
497,11,the,4.14874
497,12,clown,15.9053
497,13,might,12.416
497,14,frighten,14.3517
497,15,the,4.54306
497,16,children,11.2799
497,17,at,7.14969
497,18,the,1.72714
497,19,party,9.96291
497,20,.,4.10505
497,21,</s>,24.7244
498,0,we,10.0475
498,1,recalled,16.8821
498,2,who,11.9121
498,3,the,8.96323
498,4,actor,12.9783
498,5,said,8.22518
498,6,the,4.62921
498,7,people,10.9829
498,8,knew,10.6791
498,9,he,5.28302
498,10,thought,10.94
498,11,might,7.11838
498,12,frighten,14.8227
498,13,the,4.54306
498,14,children,11.2799
498,15,at,7.14969
498,16,the,1.72714
498,17,party,9.96291
498,18,.,4.10505
498,19,</s>,24.7244
499,0,we,10.0475
499,1,recalled,16.8821
499,2,who,11.9121
499,3,the,8.96323
499,4,actor,12.9783
499,5,said,8.22518
499,6,the,4.62921
499,7,people,10.9829
499,8,knew,10.6791
499,9,he,5.28302
499,10,thought,10.94
499,11,the,4.14874
499,12,clown,15.9053
499,13,might,12.416
499,14,frighten,14.3517
499,15,the,4.54306
499,16,children,11.2799
499,17,at,7.14969
499,18,the,1.72714
499,19,party,9.96291
499,20,.,4.10505
499,21,</s>,24.7244
500,0,they,6.37172
500,1,recalled,15.4151
500,2,that,3.25558
500,3,might,9.88313
500,4,have,2.81632
500,5,divorced,17.8135
500,6,the,6.85238
500,7,count,13.0823
500,8,last,15.2183
500,9,year,6.09731
500,10,.,3.19119
500,11,</s>,26.3523
501,0,they,6.37172
501,1,recalled,15.4151
501,2,that,3.25558
501,3,the,3.21199
501,4,heiress,16.5784
501,5,might,13.7992
501,6,have,3.14779
501,7,divorced,17.3918
501,8,the,6.85238
501,9,count,13.0823
501,10,last,15.2183
501,11,year,6.09731
501,12,.,3.19119
501,13,</s>,26.3523
502,0,they,6.37172
502,1,recalled,15.4151
502,2,who,11.9121
502,3,might,8.58329
502,4,have,2.7324
502,5,divorced,17.6183
502,6,the,6.85238
502,7,count,13.0823
502,8,last,15.2183
502,9,year,6.09731
502,10,.,3.19119
502,11,</s>,26.3523
503,0,they,6.37172
503,1,recalled,15.4151
503,2,who,11.9121
503,3,the,8.96323
503,4,heiress,16.1585
503,5,might,13.7992
503,6,have,3.14779
503,7,divorced,17.3918
503,8,the,6.85238
503,9,count,13.0823
503,10,last,15.2183
503,11,year,6.09731
503,12,.,3.19119
503,13,</s>,26.3523
504,0,they,6.37172
504,1,recalled,15.4151
504,2,that,3.25558
504,3,the,3.21199
504,4,writer,11.6729
504,5,thought,14.3217
504,6,might,10.4781
504,7,have,3.19661
504,8,divorced,17.3918
504,9,the,6.85238
504,10,count,13.0823
504,11,last,15.2183
504,12,year,6.09731
504,13,.,3.19119
504,14,</s>,26.3523
505,0,they,6.37172
505,1,recalled,15.4151
505,2,that,3.25558
505,3,the,3.21199
505,4,writer,11.6729
505,5,thought,14.3217
505,6,the,4.36895
505,7,heiress,16.1942
505,8,might,13.7992
505,9,have,3.14779
505,10,divorced,17.3918
505,11,the,6.85238
505,12,count,13.0823
505,13,last,15.2183
505,14,year,6.09731
505,15,.,3.19119
505,16,</s>,26.3523
506,0,they,6.37172
506,1,recalled,15.4151
506,2,who,11.9121
506,3,the,8.96323
506,4,writer,13.3228
506,5,thought,13.9288
506,6,might,10.4781
506,7,have,3.19661
506,8,divorced,17.3918
506,9,the,6.85238
506,10,count,13.0823
506,11,last,15.2183
506,12,year,6.09731
506,13,.,3.19119
506,14,</s>,26.3523
507,0,they,6.37172
507,1,recalled,15.4151
507,2,who,11.9121
507,3,the,8.96323
507,4,writer,13.3228
507,5,thought,13.9288
507,6,the,4.36895
507,7,heiress,16.1942
507,8,might,13.7992
507,9,have,3.14779
507,10,divorced,17.3918
507,11,the,6.85238
507,12,count,13.0823
507,13,last,15.2183
507,14,year,6.09731
507,15,.,3.19119
507,16,</s>,26.3523
508,0,they,6.37172
508,1,recalled,15.4151
508,2,that,3.25558
508,3,the,3.21199
508,4,writer,11.6729
508,5,thought,14.3217
508,6,the,4.36895
508,7,man,11.4918
508,8,said,9.6055
508,9,might,13.7984
508,10,have,3.14779
508,11,divorced,17.3918
508,12,the,6.85238
508,13,count,13.0823
508,14,last,15.2183
508,15,year,6.09731
508,16,.,3.19119
508,17,</s>,26.3523
509,0,they,6.37172
509,1,recalled,15.4151
509,2,that,3.25558
509,3,the,3.21199
509,4,writer,11.6729
509,5,thought,14.3217
509,6,the,4.36895
509,7,man,11.4918
509,8,said,9.6055
509,9,the,4.64906
509,10,heiress,16.3411
509,11,might,13.7992
509,12,have,3.14779
509,13,divorced,17.3918
509,14,the,6.85238
509,15,count,13.0823
509,16,last,15.2183
509,17,year,6.09731
509,18,.,3.19119
509,19,</s>,26.3523
510,0,they,6.37172
510,1,recalled,15.4151
510,2,who,11.9121
510,3,the,8.96323
510,4,writer,13.3228
510,5,thought,13.9288
510,6,the,4.36895
510,7,man,11.4918
510,8,said,9.6055
510,9,might,13.7984
510,10,have,3.14779
510,11,divorced,17.3918
510,12,the,6.85238
510,13,count,13.0823
510,14,last,15.2183
510,15,year,6.09731
510,16,.,3.19119
510,17,</s>,26.3523
511,0,they,6.37172
511,1,recalled,15.4151
511,2,who,11.9121
511,3,the,8.96323
511,4,writer,13.3228
511,5,thought,13.9288
511,6,the,4.36895
511,7,man,11.4918
511,8,said,9.6055
511,9,the,4.64906
511,10,heiress,16.3411
511,11,might,13.7992
511,12,have,3.14779
511,13,divorced,17.3918
511,14,the,6.85238
511,15,count,13.0823
511,16,last,15.2183
511,17,year,6.09731
511,18,.,3.19119
511,19,</s>,26.3523
512,0,they,6.37172
512,1,recalled,15.4151
512,2,that,3.25558
512,3,the,3.21199
512,4,writer,11.6729
512,5,thought,14.3217
512,6,the,4.36895
512,7,man,11.4918
512,8,said,9.6055
512,9,his,6.96939
512,10,brother,7.69383
512,11,believed,13.7771
512,12,might,13.2461
512,13,have,3.14779
512,14,divorced,17.3918
512,15,the,6.85238
512,16,count,13.0823
512,17,last,15.2183
512,18,year,6.09731
512,19,.,3.19119
512,20,</s>,26.3523
513,0,they,6.37172
513,1,recalled,15.4151
513,2,that,3.25558
513,3,the,3.21199
513,4,writer,11.6729
513,5,thought,14.3217
513,6,the,4.36895
513,7,man,11.4918
513,8,said,9.6055
513,9,his,6.96939
513,10,brother,7.69383
513,11,believed,13.7771
513,12,the,3.87627
513,13,heiress,16.041
513,14,might,13.7992
513,15,have,3.14779
513,16,divorced,17.3918
513,17,the,6.85238
513,18,count,13.0823
513,19,last,15.2183
513,20,year,6.09731
513,21,.,3.19119
513,22,</s>,26.3523
514,0,they,6.37172
514,1,recalled,15.4151
514,2,who,11.9121
514,3,the,8.96323
514,4,writer,13.3228
514,5,thought,13.9288
514,6,the,4.36895
514,7,man,11.4918
514,8,said,9.6055
514,9,his,6.96939
514,10,brother,7.69383
514,11,believed,13.7771
514,12,might,13.2461
514,13,have,3.14779
514,14,divorced,17.3918
514,15,the,6.85238
514,16,count,13.0823
514,17,last,15.2183
514,18,year,6.09731
514,19,.,3.19119
514,20,</s>,26.3523
515,0,they,6.37172
515,1,recalled,15.4151
515,2,who,11.9121
515,3,the,8.96323
515,4,writer,13.3228
515,5,thought,13.9288
515,6,the,4.36895
515,7,man,11.4918
515,8,said,9.6055
515,9,his,6.96939
515,10,brother,7.69383
515,11,believed,13.7771
515,12,the,3.87627
515,13,heiress,16.041
515,14,might,13.7992
515,15,have,3.14779
515,16,divorced,17.3918
515,17,the,6.85238
515,18,count,13.0823
515,19,last,15.2183
515,20,year,6.09731
515,21,.,3.19119
515,22,</s>,26.3523
516,0,they,6.37172
516,1,recalled,15.4151
516,2,that,3.25558
516,3,the,3.21199
516,4,writer,11.6729
516,5,thought,14.3217
516,6,the,4.36895
516,7,man,11.4918
516,8,said,9.6055
516,9,his,6.96939
516,10,brother,7.69383
516,11,believed,13.7771
516,12,might,13.2461
516,13,have,3.14779
516,14,divorced,17.3918
516,15,the,6.85238
516,16,count,13.0823
516,17,last,15.2183
516,18,year,6.09731
516,19,.,3.19119
516,20,</s>,26.3523
517,0,they,6.37172
517,1,recalled,15.4151
517,2,that,3.25558
517,3,the,3.21199
517,4,writer,11.6729
517,5,thought,14.3217
517,6,the,4.36895
517,7,man,11.4918
517,8,said,9.6055
517,9,his,6.96939
517,10,brother,7.69383
517,11,believed,13.7771
517,12,the,3.87627
517,13,heiress,16.041
517,14,might,13.7992
517,15,have,3.14779
517,16,divorced,17.3918
517,17,the,6.85238
517,18,count,13.0823
517,19,last,15.2183
517,20,year,6.09731
517,21,.,3.19119
517,22,</s>,26.3523
518,0,they,6.37172
518,1,recalled,15.4151
518,2,who,11.9121
518,3,the,8.96323
518,4,writer,13.3228
518,5,thought,13.9288
518,6,the,4.36895
518,7,man,11.4918
518,8,said,9.6055
518,9,his,6.96939
518,10,brother,7.69383
518,11,believed,13.7771
518,12,might,13.2461
518,13,have,3.14779
518,14,divorced,17.3918
518,15,the,6.85238
518,16,count,13.0823
518,17,last,15.2183
518,18,year,6.09731
518,19,.,3.19119
518,20,</s>,26.3523
519,0,they,6.37172
519,1,recalled,15.4151
519,2,who,11.9121
519,3,the,8.96323
519,4,writer,13.3228
519,5,thought,13.9288
519,6,the,4.36895
519,7,man,11.4918
519,8,said,9.6055
519,9,his,6.96939
519,10,brother,7.69383
519,11,believed,13.7771
519,12,the,3.87627
519,13,heiress,16.041
519,14,might,13.7992
519,15,have,3.14779
519,16,divorced,17.3918
519,17,the,6.85238
519,18,count,13.0823
519,19,last,15.2183
519,20,year,6.09731
519,21,.,3.19119
519,22,</s>,26.3523
520,0,they,6.37172
520,1,reported,11.2987
520,2,that,1.06934
520,3,did,9.77602
520,4,promote,15.439
520,5,the,4.49145
520,6,accountant,16.8457
520,7,yesterday,17.3641
520,8,.,3.2734
520,9,</s>,25.7493
521,0,they,6.37172
521,1,reported,11.2987
521,2,that,1.06934
521,3,the,2.41116
521,4,manager,13.472
521,5,did,12.4748
521,6,promote,13.8559
521,7,the,4.49145
521,8,accountant,16.8457
521,9,yesterday,17.3641
521,10,.,3.2734
521,11,</s>,25.7493
522,0,they,6.37172
522,1,reported,11.2987
522,2,who,12.4486
522,3,did,7.12873
522,4,promote,14.5148
522,5,the,4.49145
522,6,accountant,16.8457
522,7,yesterday,17.3641
522,8,.,3.2734
522,9,</s>,25.7493
523,0,they,6.37172
523,1,reported,11.2987
523,2,who,12.4486
523,3,the,8.96323
523,4,manager,13.504
523,5,did,12.3931
523,6,promote,13.8559
523,7,the,4.49145
523,8,accountant,16.8457
523,9,yesterday,17.3641
523,10,.,3.2734
523,11,</s>,25.7493
524,0,they,6.37172
524,1,reported,11.2987
524,2,that,1.06934
524,3,the,2.41116
524,4,executive,12.1971
524,5,said,11.155
524,6,did,12.5476
524,7,promote,13.5267
524,8,the,4.49145
524,9,accountant,16.8457
524,10,yesterday,17.3641
524,11,.,3.2734
524,12,</s>,25.7493
525,0,they,6.37172
525,1,reported,11.2987
525,2,that,1.06934
525,3,the,2.41116
525,4,executive,12.1971
525,5,said,11.155
525,6,the,4.51729
525,7,manager,13.6867
525,8,did,12.3931
525,9,promote,13.8559
525,10,the,4.49145
525,11,accountant,16.8457
525,12,yesterday,17.3641
525,13,.,3.2734
525,14,</s>,25.7493
526,0,they,6.37172
526,1,reported,11.2987
526,2,who,12.4486
526,3,the,8.96323
526,4,executive,12.7083
526,5,said,10.7408
526,6,did,12.5476
526,7,promote,13.5267
526,8,the,4.49145
526,9,accountant,16.8457
526,10,yesterday,17.3641
526,11,.,3.2734
526,12,</s>,25.7493
527,0,they,6.37172
527,1,reported,11.2987
527,2,who,12.4486
527,3,the,8.96323
527,4,executive,12.7083
527,5,said,10.7408
527,6,the,4.51729
527,7,manager,13.6867
527,8,did,12.3931
527,9,promote,13.8559
527,10,the,4.49145
527,11,accountant,16.8457
527,12,yesterday,17.3641
527,13,.,3.2734
527,14,</s>,25.7493
528,0,they,6.37172
528,1,reported,11.2987
528,2,that,1.06934
528,3,the,2.41116
528,4,executive,12.1971
528,5,said,11.155
528,6,a,8.25788
528,7,reporter,12.875
528,8,believed,14.1865
528,9,did,10.8099
528,10,promote,14.1681
528,11,the,4.49145
528,12,accountant,16.8457
528,13,yesterday,17.3641
528,14,.,3.2734
528,15,</s>,25.7493
529,0,they,6.37172
529,1,reported,11.2987
529,2,that,1.06934
529,3,the,2.41116
529,4,executive,12.1971
529,5,said,11.155
529,6,a,8.25788
529,7,reporter,12.875
529,8,believed,14.1865
529,9,the,3.87627
529,10,manager,13.3866
529,11,did,12.3931
529,12,promote,13.8559
529,13,the,4.49145
529,14,accountant,16.8457
529,15,yesterday,17.3641
529,16,.,3.2734
529,17,</s>,25.7493
530,0,they,6.37172
530,1,reported,11.2987
530,2,who,12.4486
530,3,the,8.96323
530,4,executive,12.7083
530,5,said,10.7408
530,6,a,8.25788
530,7,reporter,12.875
530,8,believed,14.1865
530,9,did,10.8099
530,10,promote,14.1681
530,11,the,4.49145
530,12,accountant,16.8457
530,13,yesterday,17.3641
530,14,.,3.2734
530,15,</s>,25.7493
531,0,they,6.37172
531,1,reported,11.2987
531,2,who,12.4486
531,3,the,8.96323
531,4,executive,12.7083
531,5,said,10.7408
531,6,a,8.25788
531,7,reporter,12.875
531,8,believed,14.1865
531,9,the,3.87627
531,10,manager,13.3866
531,11,did,12.3931
531,12,promote,13.8559
531,13,the,4.49145
531,14,accountant,16.8457
531,15,yesterday,17.3641
531,16,.,3.2734
531,17,</s>,25.7493
532,0,they,6.37172
532,1,reported,11.2987
532,2,that,1.06934
532,3,the,2.41116
532,4,executive,12.1971
532,5,said,11.155
532,6,a,8.25788
532,7,reporter,12.875
532,8,believed,14.1865
532,9,the,3.87627
532,10,client,13.2423
532,11,said,12.4449
532,12,did,12.5476
532,13,promote,13.5267
532,14,the,4.49145
532,15,accountant,16.8457
532,16,yesterday,17.3641
532,17,.,3.2734
532,18,</s>,25.7493
533,0,they,6.37172
533,1,reported,11.2987
533,2,that,1.06934
533,3,the,2.41116
533,4,executive,12.1971
533,5,said,11.155
533,6,a,8.25788
533,7,reporter,12.875
533,8,believed,14.1865
533,9,the,3.87627
533,10,client,13.2423
533,11,said,12.4449
533,12,the,4.51729
533,13,manager,13.6867
533,14,did,12.3931
533,15,promote,13.8559
533,16,the,4.49145
533,17,accountant,16.8457
533,18,yesterday,17.3641
533,19,.,3.2734
533,20,</s>,25.7493
534,0,they,6.37172
534,1,reported,11.2987
534,2,who,12.4486
534,3,the,8.96323
534,4,executive,12.7083
534,5,said,10.7408
534,6,a,8.25788
534,7,reporter,12.875
534,8,believed,14.1865
534,9,the,3.87627
534,10,client,13.2423
534,11,said,12.4449
534,12,did,12.5476
534,13,promote,13.5267
534,14,the,4.49145
534,15,accountant,16.8457
534,16,yesterday,17.3641
534,17,.,3.2734
534,18,</s>,25.7493
535,0,they,6.37172
535,1,reported,11.2987
535,2,who,12.4486
535,3,the,8.96323
535,4,executive,12.7083
535,5,said,10.7408
535,6,a,8.25788
535,7,reporter,12.875
535,8,believed,14.1865
535,9,the,3.87627
535,10,client,13.2423
535,11,said,12.4449
535,12,the,4.51729
535,13,manager,13.6867
535,14,did,12.3931
535,15,promote,13.8559
535,16,the,4.49145
535,17,accountant,16.8457
535,18,yesterday,17.3641
535,19,.,3.2734
535,20,</s>,25.7493
536,0,they,6.37172
536,1,reported,11.2987
536,2,that,1.06934
536,3,the,2.41116
536,4,executive,12.1971
536,5,said,11.155
536,6,a,8.25788
536,7,reporter,12.875
536,8,believed,14.1865
536,9,the,3.87627
536,10,client,13.2423
536,11,said,12.4449
536,12,did,12.5476
536,13,promote,13.5267
536,14,the,4.49145
536,15,accountant,16.8457
536,16,yesterday,17.3641
536,17,.,3.2734
536,18,</s>,25.7493
537,0,they,6.37172
537,1,reported,11.2987
537,2,that,1.06934
537,3,the,2.41116
537,4,executive,12.1971
537,5,said,11.155
537,6,a,8.25788
537,7,reporter,12.875
537,8,believed,14.1865
537,9,the,3.87627
537,10,client,13.2423
537,11,said,12.4449
537,12,the,4.51729
537,13,manager,13.6867
537,14,did,12.3931
537,15,promote,13.8559
537,16,the,4.49145
537,17,accountant,16.8457
537,18,yesterday,17.3641
537,19,.,3.2734
537,20,</s>,25.7493
538,0,they,6.37172
538,1,reported,11.2987
538,2,who,12.4486
538,3,the,8.96323
538,4,executive,12.7083
538,5,said,10.7408
538,6,a,8.25788
538,7,reporter,12.875
538,8,believed,14.1865
538,9,the,3.87627
538,10,client,13.2423
538,11,said,12.4449
538,12,did,12.5476
538,13,promote,13.5267
538,14,the,4.49145
538,15,accountant,16.8457
538,16,yesterday,17.3641
538,17,.,3.2734
538,18,</s>,25.7493
539,0,they,6.37172
539,1,reported,11.2987
539,2,who,12.4486
539,3,the,8.96323
539,4,executive,12.7083
539,5,said,10.7408
539,6,a,8.25788
539,7,reporter,12.875
539,8,believed,14.1865
539,9,the,3.87627
539,10,client,13.2423
539,11,said,12.4449
539,12,the,4.51729
539,13,manager,13.6867
539,14,did,12.3931
539,15,promote,13.8559
539,16,the,4.49145
539,17,accountant,16.8457
539,18,yesterday,17.3641
539,19,.,3.2734
539,20,</s>,25.7493
540,0,he,4.43708
540,1,reported,10.9023
540,2,that,1.2922
540,3,will,8.91044
540,4,abandon,13.2525
540,5,his,4.81987
540,6,partner,10.6474
540,7,in,5.37862
540,8,the,2.36448
540,9,desert,10.7371
540,10,.,2.49903
540,11,</s>,27.1167
541,0,he,4.43708
541,1,reported,10.9023
541,2,that,1.2922
541,3,the,2.05663
541,4,cowboy,15.8497
541,5,will,8.62422
541,6,abandon,13.6838
541,7,his,4.81987
541,8,partner,10.6474
541,9,in,5.37862
541,10,the,2.36448
541,11,desert,10.7371
541,12,.,2.49903
541,13,</s>,27.1167
542,0,he,4.43708
542,1,reported,10.9023
542,2,who,12.6639
542,3,will,7.71681
542,4,abandon,13.0286
542,5,his,4.81987
542,6,partner,10.6474
542,7,in,5.37862
542,8,the,2.36448
542,9,desert,10.7371
542,10,.,2.49903
542,11,</s>,27.1167
543,0,he,4.43708
543,1,reported,10.9023
543,2,who,12.6639
543,3,the,8.96323
543,4,cowboy,15.2768
543,5,will,8.62422
543,6,abandon,13.6838
543,7,his,4.81987
543,8,partner,10.6474
543,9,in,5.37862
543,10,the,2.36448
543,11,desert,10.7371
543,12,.,2.49903
543,13,</s>,27.1167
544,0,he,4.43708
544,1,reported,10.9023
544,2,that,1.2922
544,3,the,2.05663
544,4,farmer,13.472
544,5,said,10.1117
544,6,will,11.0337
544,7,abandon,12.8784
544,8,his,4.81987
544,9,partner,10.6474
544,10,in,5.37862
544,11,the,2.36448
544,12,desert,10.7371
544,13,.,2.49903
544,14,</s>,27.1167
545,0,he,4.43708
545,1,reported,10.9023
545,2,that,1.2922
545,3,the,2.05663
545,4,farmer,13.472
545,5,said,10.1117
545,6,the,4.51729
545,7,cowboy,15.4595
545,8,will,8.62422
545,9,abandon,13.6838
545,10,his,4.81987
545,11,partner,10.6474
545,12,in,5.37862
545,13,the,2.36448
545,14,desert,10.7371
545,15,.,2.49903
545,16,</s>,27.1167
546,0,he,4.43708
546,1,reported,10.9023
546,2,who,12.6639
546,3,the,8.96323
546,4,farmer,14.4156
546,5,said,9.82373
546,6,will,11.0337
546,7,abandon,12.8784
546,8,his,4.81987
546,9,partner,10.6474
546,10,in,5.37862
546,11,the,2.36448
546,12,desert,10.7371
546,13,.,2.49903
546,14,</s>,27.1167
547,0,he,4.43708
547,1,reported,10.9023
547,2,who,12.6639
547,3,the,8.96323
547,4,farmer,14.4156
547,5,said,9.82373
547,6,the,4.51729
547,7,cowboy,15.4595
547,8,will,8.62422
547,9,abandon,13.6838
547,10,his,4.81987
547,11,partner,10.6474
547,12,in,5.37862
547,13,the,2.36448
547,14,desert,10.7371
547,15,.,2.49903
547,16,</s>,27.1167
548,0,he,4.43708
548,1,reported,10.9023
548,2,that,1.2922
548,3,the,2.05663
548,4,farmer,13.472
548,5,said,10.1117
548,6,his,6.83762
548,7,friend,9.31131
548,8,reported,13.4028
548,9,will,11.7101
548,10,abandon,12.8626
548,11,his,4.81987
548,12,partner,10.6474
548,13,in,5.37862
548,14,the,2.36448
548,15,desert,10.7371
548,16,.,2.49903
548,17,</s>,27.1167
549,0,he,4.43708
549,1,reported,10.9023
549,2,that,1.2922
549,3,the,2.05663
549,4,farmer,13.472
549,5,said,10.1117
549,6,his,6.83762
549,7,friend,9.31131
549,8,reported,13.4028
549,9,the,4.76018
549,10,cowboy,15.4119
549,11,will,8.62422
549,12,abandon,13.6838
549,13,his,4.81987
549,14,partner,10.6474
549,15,in,5.37862
549,16,the,2.36448
549,17,desert,10.7371
549,18,.,2.49903
549,19,</s>,27.1167
550,0,he,4.43708
550,1,reported,10.9023
550,2,who,12.6639
550,3,the,8.96323
550,4,farmer,14.4156
550,5,said,9.82373
550,6,his,6.83762
550,7,friend,9.31131
550,8,reported,13.4028
550,9,will,11.7101
550,10,abandon,12.8626
550,11,his,4.81987
550,12,partner,10.6474
550,13,in,5.37862
550,14,the,2.36448
550,15,desert,10.7371
550,16,.,2.49903
550,17,</s>,27.1167
551,0,he,4.43708
551,1,reported,10.9023
551,2,who,12.6639
551,3,the,8.96323
551,4,farmer,14.4156
551,5,said,9.82373
551,6,his,6.83762
551,7,friend,9.31131
551,8,reported,13.4028
551,9,the,4.76018
551,10,cowboy,15.4119
551,11,will,8.62422
551,12,abandon,13.6838
551,13,his,4.81987
551,14,partner,10.6474
551,15,in,5.37862
551,16,the,2.36448
551,17,desert,10.7371
551,18,.,2.49903
551,19,</s>,27.1167
552,0,he,4.43708
552,1,reported,10.9023
552,2,that,1.2922
552,3,the,2.05663
552,4,farmer,13.472
552,5,said,10.1117
552,6,his,6.83762
552,7,friend,9.31131
552,8,reported,13.4028
552,9,he,8.37548
552,10,believed,9.80764
552,11,will,12.5847
552,12,abandon,12.8626
552,13,his,4.81987
552,14,partner,10.6474
552,15,in,5.37862
552,16,the,2.36448
552,17,desert,10.7371
552,18,.,2.49903
552,19,</s>,27.1167
553,0,he,4.43708
553,1,reported,10.9023
553,2,that,1.2922
553,3,the,2.05663
553,4,farmer,13.472
553,5,said,10.1117
553,6,his,6.83762
553,7,friend,9.31131
553,8,reported,13.4028
553,9,he,8.37548
553,10,believed,9.80764
553,11,the,4.34857
553,12,cowboy,15.1519
553,13,will,8.62422
553,14,abandon,13.6838
553,15,his,4.81987
553,16,partner,10.6474
553,17,in,5.37862
553,18,the,2.36448
553,19,desert,10.7371
553,20,.,2.49903
553,21,</s>,27.1167
554,0,he,4.43708
554,1,reported,10.9023
554,2,who,12.6639
554,3,the,8.96323
554,4,farmer,14.4156
554,5,said,9.82373
554,6,his,6.83762
554,7,friend,9.31131
554,8,reported,13.4028
554,9,he,8.37548
554,10,believed,9.80764
554,11,will,12.5847
554,12,abandon,12.8626
554,13,his,4.81987
554,14,partner,10.6474
554,15,in,5.37862
554,16,the,2.36448
554,17,desert,10.7371
554,18,.,2.49903
554,19,</s>,27.1167
555,0,he,4.43708
555,1,reported,10.9023
555,2,who,12.6639
555,3,the,8.96323
555,4,farmer,14.4156
555,5,said,9.82373
555,6,his,6.83762
555,7,friend,9.31131
555,8,reported,13.4028
555,9,he,8.37548
555,10,believed,9.80764
555,11,the,4.34857
555,12,cowboy,15.1519
555,13,will,8.62422
555,14,abandon,13.6838
555,15,his,4.81987
555,16,partner,10.6474
555,17,in,5.37862
555,18,the,2.36448
555,19,desert,10.7371
555,20,.,2.49903
555,21,</s>,27.1167
556,0,he,4.43708
556,1,reported,10.9023
556,2,that,1.2922
556,3,the,2.05663
556,4,farmer,13.472
556,5,said,10.1117
556,6,his,6.83762
556,7,friend,9.31131
556,8,reported,13.4028
556,9,he,8.37548
556,10,believed,9.80764
556,11,will,12.5847
556,12,abandon,12.8626
556,13,his,4.81987
556,14,partner,10.6474
556,15,in,5.37862
556,16,the,2.36448
556,17,desert,10.7371
556,18,.,2.49903
556,19,</s>,27.1167
557,0,he,4.43708
557,1,reported,10.9023
557,2,that,1.2922
557,3,the,2.05663
557,4,farmer,13.472
557,5,said,10.1117
557,6,his,6.83762
557,7,friend,9.31131
557,8,reported,13.4028
557,9,he,8.37548
557,10,believed,9.80764
557,11,the,4.34857
557,12,cowboy,15.1519
557,13,will,8.62422
557,14,abandon,13.6838
557,15,his,4.81987
557,16,partner,10.6474
557,17,in,5.37862
557,18,the,2.36448
557,19,desert,10.7371
557,20,.,2.49903
557,21,</s>,27.1167
558,0,he,4.43708
558,1,reported,10.9023
558,2,who,12.6639
558,3,the,8.96323
558,4,farmer,14.4156
558,5,said,9.82373
558,6,his,6.83762
558,7,friend,9.31131
558,8,reported,13.4028
558,9,he,8.37548
558,10,believed,9.80764
558,11,will,12.5847
558,12,abandon,12.8626
558,13,his,4.81987
558,14,partner,10.6474
558,15,in,5.37862
558,16,the,2.36448
558,17,desert,10.7371
558,18,.,2.49903
558,19,</s>,27.1167
559,0,he,4.43708
559,1,reported,10.9023
559,2,who,12.6639
559,3,the,8.96323
559,4,farmer,14.4156
559,5,said,9.82373
559,6,his,6.83762
559,7,friend,9.31131
559,8,reported,13.4028
559,9,he,8.37548
559,10,believed,9.80764
559,11,the,4.34857
559,12,cowboy,15.1519
559,13,will,8.62422
559,14,abandon,13.6838
559,15,his,4.81987
559,16,partner,10.6474
559,17,in,5.37862
559,18,the,2.36448
559,19,desert,10.7371
559,20,.,2.49903
559,21,</s>,27.1167
560,0,they,6.37172
560,1,know,11.9019
560,2,that,3.79528
560,3,should,10.8568
560,4,reassure,22.8633
560,5,the,3.60481
560,6,old,10.3228
560,7,woman,8.0687
560,8,at,7.42708
560,9,the,1.47003
560,10,hospital,5.19383
560,11,.,2.76526
560,12,</s>,26.8943
561,0,they,6.37172
561,1,know,11.9019
561,2,that,3.79528
561,3,the,2.53449
561,4,nurse,15.3165
561,5,should,9.42698
561,6,reassure,22.0276
561,7,the,3.60481
561,8,old,10.3228
561,9,woman,8.0687
561,10,at,7.42708
561,11,the,1.47003
561,12,hospital,5.19383
561,13,.,2.76526
561,14,</s>,26.8943
562,0,they,6.37172
562,1,know,11.9019
562,2,who,7.38908
562,3,should,10.0243
562,4,reassure,22.3525
562,5,the,3.60481
562,6,old,10.3228
562,7,woman,8.0687
562,8,at,7.42708
562,9,the,1.47003
562,10,hospital,5.19383
562,11,.,2.76526
562,12,</s>,26.8943
563,0,they,6.37172
563,1,know,11.9019
563,2,who,7.38908
563,3,the,5.01207
563,4,nurse,14.9182
563,5,should,9.42698
563,6,reassure,22.0276
563,7,the,3.60481
563,8,old,10.3228
563,9,woman,8.0687
563,10,at,7.42708
563,11,the,1.47003
563,12,hospital,5.19383
563,13,.,2.76526
563,14,</s>,26.8943
564,0,they,6.37172
564,1,know,11.9019
564,2,that,3.79528
564,3,the,2.53449
564,4,doctor,10.7618
564,5,believed,13.278
564,6,should,10.8099
564,7,reassure,22.0276
564,8,the,3.60481
564,9,old,10.3228
564,10,woman,8.0687
564,11,at,7.42708
564,12,the,1.47003
564,13,hospital,5.19383
564,14,.,2.76526
564,15,</s>,26.8943
565,0,they,6.37172
565,1,know,11.9019
565,2,that,3.79528
565,3,the,2.53449
565,4,doctor,10.7618
565,5,believed,13.278
565,6,the,3.87627
565,7,nurse,14.7165
565,8,should,9.42698
565,9,reassure,22.0276
565,10,the,3.60481
565,11,old,10.3228
565,12,woman,8.0687
565,13,at,7.42708
565,14,the,1.47003
565,15,hospital,5.19383
565,16,.,2.76526
565,17,</s>,26.8943
566,0,they,6.37172
566,1,know,11.9019
566,2,who,7.38908
566,3,the,5.01207
566,4,doctor,7.88614
566,5,believed,12.9061
566,6,should,10.8099
566,7,reassure,22.0276
566,8,the,3.60481
566,9,old,10.3228
566,10,woman,8.0687
566,11,at,7.42708
566,12,the,1.47003
566,13,hospital,5.19383
566,14,.,2.76526
566,15,</s>,26.8943
567,0,they,6.37172
567,1,know,11.9019
567,2,who,7.38908
567,3,the,5.01207
567,4,doctor,7.88614
567,5,believed,12.9061
567,6,the,3.87627
567,7,nurse,14.7165
567,8,should,9.42698
567,9,reassure,22.0276
567,10,the,3.60481
567,11,old,10.3228
567,12,woman,8.0687
567,13,at,7.42708
567,14,the,1.47003
567,15,hospital,5.19383
567,16,.,2.76526
567,17,</s>,26.8943
568,0,they,6.37172
568,1,know,11.9019
568,2,that,3.79528
568,3,the,2.53449
568,4,doctor,10.7618
568,5,believed,13.278
568,6,the,3.87627
568,7,man,11.3386
568,8,said,9.6055
568,9,should,12.6793
568,10,reassure,22.4467
568,11,the,3.60481
568,12,old,10.3228
568,13,woman,8.0687
568,14,at,7.42708
568,15,the,1.47003
568,16,hospital,5.19383
568,17,.,2.76526
568,18,</s>,26.8943
569,0,they,6.37172
569,1,know,11.9019
569,2,that,3.79528
569,3,the,2.53449
569,4,doctor,10.7618
569,5,believed,13.278
569,6,the,3.87627
569,7,man,11.3386
569,8,said,9.6055
569,9,the,4.64906
569,10,nurse,15.0166
569,11,should,9.42698
569,12,reassure,22.0276
569,13,the,3.60481
569,14,old,10.3228
569,15,woman,8.0687
569,16,at,7.42708
569,17,the,1.47003
569,18,hospital,5.19383
569,19,.,2.76526
569,20,</s>,26.8943
570,0,they,6.37172
570,1,know,11.9019
570,2,who,7.38908
570,3,the,5.01207
570,4,doctor,7.88614
570,5,believed,12.9061
570,6,the,3.87627
570,7,man,11.3386
570,8,said,9.6055
570,9,should,12.6793
570,10,reassure,22.4467
570,11,the,3.60481
570,12,old,10.3228
570,13,woman,8.0687
570,14,at,7.42708
570,15,the,1.47003
570,16,hospital,5.19383
570,17,.,2.76526
570,18,</s>,26.8943
571,0,they,6.37172
571,1,know,11.9019
571,2,who,7.38908
571,3,the,5.01207
571,4,doctor,7.88614
571,5,believed,12.9061
571,6,the,3.87627
571,7,man,11.3386
571,8,said,9.6055
571,9,the,4.64906
571,10,nurse,15.0166
571,11,should,9.42698
571,12,reassure,22.0276
571,13,the,3.60481
571,14,old,10.3228
571,15,woman,8.0687
571,16,at,7.42708
571,17,the,1.47003
571,18,hospital,5.19383
571,19,.,2.76526
571,20,</s>,26.8943
572,0,they,6.37172
572,1,know,11.9019
572,2,that,3.79528
572,3,the,2.53449
572,4,doctor,10.7618
572,5,believed,13.278
572,6,the,3.87627
572,7,man,11.3386
572,8,said,9.6055
572,9,he,4.34265
572,10,thought,6.54357
572,11,should,10.5337
572,12,reassure,21.9489
572,13,the,3.60481
572,14,old,10.3228
572,15,woman,8.0687
572,16,at,7.42708
572,17,the,1.47003
572,18,hospital,5.19383
572,19,.,2.76526
572,20,</s>,26.8943
573,0,they,6.37172
573,1,know,11.9019
573,2,that,3.79528
573,3,the,2.53449
573,4,doctor,10.7618
573,5,believed,13.278
573,6,the,3.87627
573,7,man,11.3386
573,8,said,9.6055
573,9,he,4.34265
573,10,thought,6.54357
573,11,the,4.42331
573,12,nurse,14.892
573,13,should,9.42698
573,14,reassure,22.0276
573,15,the,3.60481
573,16,old,10.3228
573,17,woman,8.0687
573,18,at,7.42708
573,19,the,1.47003
573,20,hospital,5.19383
573,21,.,2.76526
573,22,</s>,26.8943
574,0,they,6.37172
574,1,know,11.9019
574,2,who,7.38908
574,3,the,5.01207
574,4,doctor,7.88614
574,5,believed,12.9061
574,6,the,3.87627
574,7,man,11.3386
574,8,said,9.6055
574,9,he,4.34265
574,10,thought,6.54357
574,11,should,10.5337
574,12,reassure,21.9489
574,13,the,3.60481
574,14,old,10.3228
574,15,woman,8.0687
574,16,at,7.42708
574,17,the,1.47003
574,18,hospital,5.19383
574,19,.,2.76526
574,20,</s>,26.8943
575,0,they,6.37172
575,1,know,11.9019
575,2,who,7.38908
575,3,the,5.01207
575,4,doctor,7.88614
575,5,believed,12.9061
575,6,the,3.87627
575,7,man,11.3386
575,8,said,9.6055
575,9,he,4.34265
575,10,thought,6.54357
575,11,the,4.42331
575,12,nurse,14.892
575,13,should,9.42698
575,14,reassure,22.0276
575,15,the,3.60481
575,16,old,10.3228
575,17,woman,8.0687
575,18,at,7.42708
575,19,the,1.47003
575,20,hospital,5.19383
575,21,.,2.76526
575,22,</s>,26.8943
576,0,they,6.37172
576,1,know,11.9019
576,2,that,3.79528
576,3,the,2.53449
576,4,doctor,10.7618
576,5,believed,13.278
576,6,the,3.87627
576,7,man,11.3386
576,8,said,9.6055
576,9,he,4.34265
576,10,thought,6.54357
576,11,should,10.5337
576,12,reassure,21.9489
576,13,the,3.60481
576,14,old,10.3228
576,15,woman,8.0687
576,16,at,7.42708
576,17,the,1.47003
576,18,hospital,5.19383
576,19,.,2.76526
576,20,</s>,26.8943
577,0,they,6.37172
577,1,know,11.9019
577,2,that,3.79528
577,3,the,2.53449
577,4,doctor,10.7618
577,5,believed,13.278
577,6,the,3.87627
577,7,man,11.3386
577,8,said,9.6055
577,9,he,4.34265
577,10,thought,6.54357
577,11,the,4.42331
577,12,nurse,14.892
577,13,should,9.42698
577,14,reassure,22.0276
577,15,the,3.60481
577,16,old,10.3228
577,17,woman,8.0687
577,18,at,7.42708
577,19,the,1.47003
577,20,hospital,5.19383
577,21,.,2.76526
577,22,</s>,26.8943
578,0,they,6.37172
578,1,know,11.9019
578,2,who,7.38908
578,3,the,5.01207
578,4,doctor,7.88614
578,5,believed,12.9061
578,6,the,3.87627
578,7,man,11.3386
578,8,said,9.6055
578,9,he,4.34265
578,10,thought,6.54357
578,11,should,10.5337
578,12,reassure,21.9489
578,13,the,3.60481
578,14,old,10.3228
578,15,woman,8.0687
578,16,at,7.42708
578,17,the,1.47003
578,18,hospital,5.19383
578,19,.,2.76526
578,20,</s>,26.8943
579,0,they,6.37172
579,1,know,11.9019
579,2,who,7.38908
579,3,the,5.01207
579,4,doctor,7.88614
579,5,believed,12.9061
579,6,the,3.87627
579,7,man,11.3386
579,8,said,9.6055
579,9,he,4.34265
579,10,thought,6.54357
579,11,the,4.42331
579,12,nurse,14.892
579,13,should,9.42698
579,14,reassure,22.0276
579,15,the,3.60481
579,16,old,10.3228
579,17,woman,8.0687
579,18,at,7.42708
579,19,the,1.47003
579,20,hospital,5.19383
579,21,.,2.76526
579,22,</s>,26.8943
580,0,she,6.52858
580,1,knows,11.9031
580,2,that,2.62183
580,3,did,9.99222
580,4,thank,21.2537
580,5,the,4.47359
580,6,waitress,16.4627
580,7,after,10.3426
580,8,the,3.49999
580,9,meal,11.6994
580,10,.,3.79528
580,11,</s>,22.7871
581,0,she,6.52858
581,1,knows,11.9031
581,2,that,2.62183
581,3,the,3.70626
581,4,woman,10.5893
581,5,did,8.84502
581,6,thank,19.9728
581,7,the,4.47359
581,8,waitress,16.4627
581,9,after,10.3426
581,10,the,3.49999
581,11,meal,11.6994
581,12,.,3.79528
581,13,</s>,22.7871
582,0,she,6.52858
582,1,knows,11.9031
582,2,who,6.14725
582,3,did,7.50207
582,4,thank,20.3295
582,5,the,4.47359
582,6,waitress,16.4627
582,7,after,10.3426
582,8,the,3.49999
582,9,meal,11.6994
582,10,.,3.79528
582,11,</s>,22.7871
583,0,she,6.52858
583,1,knows,11.9031
583,2,who,6.14725
583,3,the,3.6838
583,4,woman,7.80189
583,5,did,9.35545
583,6,thank,19.9728
583,7,the,4.47359
583,8,waitress,16.4627
583,9,after,10.3426
583,10,the,3.49999
583,11,meal,11.6994
583,12,.,3.79528
583,13,</s>,22.7871
584,0,she,6.52858
584,1,knows,11.9031
584,2,that,2.62183
584,3,the,3.70626
584,4,waiter,16.9136
584,5,said,11.8234
584,6,did,12.5476
584,7,thank,19.3414
584,8,the,4.47359
584,9,waitress,16.4627
584,10,after,10.3426
584,11,the,3.49999
584,12,meal,11.6994
584,13,.,3.79528
584,14,</s>,22.7871
585,0,she,6.52858
585,1,knows,11.9031
585,2,that,2.62183
585,3,the,3.70626
585,4,waiter,16.9136
585,5,said,11.8234
585,6,the,4.51729
585,7,woman,12.5589
585,8,did,8.6838
585,9,thank,19.9728
585,10,the,4.47359
585,11,waitress,16.4627
585,12,after,10.3426
585,13,the,3.49999
585,14,meal,11.6994
585,15,.,3.79528
585,16,</s>,22.7871
586,0,she,6.52858
586,1,knows,11.9031
586,2,who,6.14725
586,3,the,3.6838
586,4,waiter,16.4457
586,5,said,11.8234
586,6,did,12.5476
586,7,thank,19.3414
586,8,the,4.47359
586,9,waitress,16.4627
586,10,after,10.3426
586,11,the,3.49999
586,12,meal,11.6994
586,13,.,3.79528
586,14,</s>,22.7871
587,0,she,6.52858
587,1,knows,11.9031
587,2,who,6.14725
587,3,the,3.6838
587,4,waiter,16.4457
587,5,said,11.8234
587,6,the,4.51729
587,7,woman,12.5589
587,8,did,8.6838
587,9,thank,19.9728
587,10,the,4.47359
587,11,waitress,16.4627
587,12,after,10.3426
587,13,the,3.49999
587,14,meal,11.6994
587,15,.,3.79528
587,16,</s>,22.7871
588,0,she,6.52858
588,1,knows,11.9031
588,2,that,2.62183
588,3,the,3.70626
588,4,waiter,16.9136
588,5,said,11.8234
588,6,the,4.51729
588,7,woman,12.5589
588,8,believed,13.7489
588,9,did,10.8099
588,10,thank,19.9828
588,11,the,4.47359
588,12,waitress,16.4627
588,13,after,10.3426
588,14,the,3.49999
588,15,meal,11.6994
588,16,.,3.79528
588,17,</s>,22.7871
589,0,she,6.52858
589,1,knows,11.9031
589,2,that,2.62183
589,3,the,3.70626
589,4,waiter,16.9136
589,5,said,11.8234
589,6,the,4.51729
589,7,woman,12.5589
589,8,believed,13.7489
589,9,the,3.87627
589,10,woman,12.2588
589,11,did,8.6838
589,12,thank,19.9728
589,13,the,4.47359
589,14,waitress,16.4627
589,15,after,10.3426
589,16,the,3.49999
589,17,meal,11.6994
589,18,.,3.79528
589,19,</s>,22.7871
590,0,she,6.52858
590,1,knows,11.9031
590,2,who,6.14725
590,3,the,3.6838
590,4,waiter,16.4457
590,5,said,11.8234
590,6,the,4.51729
590,7,woman,12.5589
590,8,believed,13.7489
590,9,did,10.8099
590,10,thank,19.9828
590,11,the,4.47359
590,12,waitress,16.4627
590,13,after,10.3426
590,14,the,3.49999
590,15,meal,11.6994
590,16,.,3.79528
590,17,</s>,22.7871
591,0,she,6.52858
591,1,knows,11.9031
591,2,who,6.14725
591,3,the,3.6838
591,4,waiter,16.4457
591,5,said,11.8234
591,6,the,4.51729
591,7,woman,12.5589
591,8,believed,13.7489
591,9,the,3.87627
591,10,woman,12.2588
591,11,did,8.6838
591,12,thank,19.9728
591,13,the,4.47359
591,14,waitress,16.4627
591,15,after,10.3426
591,16,the,3.49999
591,17,meal,11.6994
591,18,.,3.79528
591,19,</s>,22.7871
592,0,she,6.52858
592,1,knows,11.9031
592,2,that,2.62183
592,3,the,3.70626
592,4,waiter,16.9136
592,5,said,11.8234
592,6,the,4.51729
592,7,woman,12.5589
592,8,believed,13.7489
592,9,she,6.76858
592,10,remembered,11.6071
592,11,did,11.8174
592,12,thank,19.5471
592,13,the,4.47359
592,14,waitress,16.4627
592,15,after,10.3426
592,16,the,3.49999
592,17,meal,11.6994
592,18,.,3.79528
592,19,</s>,22.7871
593,0,she,6.52858
593,1,knows,11.9031
593,2,that,2.62183
593,3,the,3.70626
593,4,waiter,16.9136
593,5,said,11.8234
593,6,the,4.51729
593,7,woman,12.5589
593,8,believed,13.7489
593,9,she,6.76858
593,10,remembered,11.6071
593,11,the,4.52391
593,12,woman,12.1059
593,13,did,8.6838
593,14,thank,19.9728
593,15,the,4.47359
593,16,waitress,16.4627
593,17,after,10.3426
593,18,the,3.49999
593,19,meal,11.6994
593,20,.,3.79528
593,21,</s>,22.7871
594,0,she,6.52858
594,1,knows,11.9031
594,2,who,6.14725
594,3,the,3.6838
594,4,waiter,16.4457
594,5,said,11.8234
594,6,the,4.51729
594,7,woman,12.5589
594,8,believed,13.7489
594,9,she,6.76858
594,10,remembered,11.6071
594,11,did,11.8174
594,12,thank,19.5471
594,13,the,4.47359
594,14,waitress,16.4627
594,15,after,10.3426
594,16,the,3.49999
594,17,meal,11.6994
594,18,.,3.79528
594,19,</s>,22.7871
595,0,she,6.52858
595,1,knows,11.9031
595,2,who,6.14725
595,3,the,3.6838
595,4,waiter,16.4457
595,5,said,11.8234
595,6,the,4.51729
595,7,woman,12.5589
595,8,believed,13.7489
595,9,she,6.76858
595,10,remembered,11.6071
595,11,the,4.52391
595,12,woman,12.1059
595,13,did,8.6838
595,14,thank,19.9728
595,15,the,4.47359
595,16,waitress,16.4627
595,17,after,10.3426
595,18,the,3.49999
595,19,meal,11.6994
595,20,.,3.79528
595,21,</s>,22.7871
596,0,she,6.52858
596,1,knows,11.9031
596,2,that,2.62183
596,3,the,3.70626
596,4,waiter,16.9136
596,5,said,11.8234
596,6,the,4.51729
596,7,woman,12.5589
596,8,believed,13.7489
596,9,she,6.76858
596,10,remembered,11.6071
596,11,did,11.8174
596,12,thank,19.5471
596,13,the,4.47359
596,14,waitress,16.4627
596,15,after,10.3426
596,16,the,3.49999
596,17,meal,11.6994
596,18,.,3.79528
596,19,</s>,22.7871
597,0,she,6.52858
597,1,knows,11.9031
597,2,that,2.62183
597,3,the,3.70626
597,4,waiter,16.9136
597,5,said,11.8234
597,6,the,4.51729
597,7,woman,12.5589
597,8,believed,13.7489
597,9,she,6.76858
597,10,remembered,11.6071
597,11,the,4.52391
597,12,woman,12.1059
597,13,did,8.6838
597,14,thank,19.9728
597,15,the,4.47359
597,16,waitress,16.4627
597,17,after,10.3426
597,18,the,3.49999
597,19,meal,11.6994
597,20,.,3.79528
597,21,</s>,22.7871
598,0,she,6.52858
598,1,knows,11.9031
598,2,who,6.14725
598,3,the,3.6838
598,4,waiter,16.4457
598,5,said,11.8234
598,6,the,4.51729
598,7,woman,12.5589
598,8,believed,13.7489
598,9,she,6.76858
598,10,remembered,11.6071
598,11,did,11.8174
598,12,thank,19.5471
598,13,the,4.47359
598,14,waitress,16.4627
598,15,after,10.3426
598,16,the,3.49999
598,17,meal,11.6994
598,18,.,3.79528
598,19,</s>,22.7871
599,0,she,6.52858
599,1,knows,11.9031
599,2,who,6.14725
599,3,the,3.6838
599,4,waiter,16.4457
599,5,said,11.8234
599,6,the,4.51729
599,7,woman,12.5589
599,8,believed,13.7489
599,9,she,6.76858
599,10,remembered,11.6071
599,11,the,4.52391
599,12,woman,12.1059
599,13,did,8.6838
599,14,thank,19.9728
599,15,the,4.47359
599,16,waitress,16.4627
599,17,after,10.3426
599,18,the,3.49999
599,19,meal,11.6994
599,20,.,3.79528
599,21,</s>,22.7871
600,0,he,4.43708
600,1,knows,11.9494
600,2,that,2.7177
600,3,might,9.93988
600,4,interrogate,22.0049
600,5,the,4.73332
600,6,spy,15.0835
600,7,in,5.29149
600,8,the,1.85506
600,9,prison,11.9155
600,10,.,3.28386
600,11,</s>,25.0463
601,0,he,4.43708
601,1,knows,11.9494
601,2,that,2.7177
601,3,the,3.64053
601,4,police,9.69857
601,5,might,15.3564
601,6,interrogate,21.4103
601,7,the,4.73332
601,8,spy,15.0835
601,9,in,5.29149
601,10,the,1.85506
601,11,prison,11.9155
601,12,.,3.28386
601,13,</s>,25.0463
602,0,he,4.43708
602,1,knows,11.9494
602,2,who,8.10265
602,3,might,9.15824
602,4,interrogate,21.7587
602,5,the,4.73332
602,6,spy,15.0835
602,7,in,5.29149
602,8,the,1.85506
602,9,prison,11.9155
602,10,.,3.28386
602,11,</s>,25.0463
603,0,he,4.43708
603,1,knows,11.9494
603,2,who,8.10265
603,3,the,3.8854
603,4,police,11.3625
603,5,might,14.699
603,6,interrogate,21.4103
603,7,the,4.73332
603,8,spy,15.0835
603,9,in,5.29149
603,10,the,1.85506
603,11,prison,11.9155
603,12,.,3.28386
603,13,</s>,25.0463
604,0,he,4.43708
604,1,knows,11.9494
604,2,that,2.7177
604,3,the,3.64053
604,4,inspector,15.7446
604,5,said,10.855
604,6,might,13.6667
604,7,interrogate,21.4103
604,8,the,4.73332
604,9,spy,15.0835
604,10,in,5.29149
604,11,the,1.85506
604,12,prison,11.9155
604,13,.,3.28386
604,14,</s>,25.0463
605,0,he,4.43708
605,1,knows,11.9494
605,2,that,2.7177
605,3,the,3.64053
605,4,inspector,15.7446
605,5,said,10.855
605,6,the,4.51729
605,7,police,10.3593
605,8,might,14.699
605,9,interrogate,21.4103
605,10,the,4.73332
605,11,spy,15.0835
605,12,in,5.29149
605,13,the,1.85506
605,14,prison,11.9155
605,15,.,3.28386
605,16,</s>,25.0463
606,0,he,4.43708
606,1,knows,11.9494
606,2,who,8.10265
606,3,the,3.8854
606,4,inspector,15.2768
606,5,said,10.855
606,6,might,13.6667
606,7,interrogate,21.4103
606,8,the,4.73332
606,9,spy,15.0835
606,10,in,5.29149
606,11,the,1.85506
606,12,prison,11.9155
606,13,.,3.28386
606,14,</s>,25.0463
607,0,he,4.43708
607,1,knows,11.9494
607,2,who,8.10265
607,3,the,3.8854
607,4,inspector,15.2768
607,5,said,10.855
607,6,the,4.51729
607,7,police,10.3593
607,8,might,14.699
607,9,interrogate,21.4103
607,10,the,4.73332
607,11,spy,15.0835
607,12,in,5.29149
607,13,the,1.85506
607,14,prison,11.9155
607,15,.,3.28386
607,16,</s>,25.0463
608,0,he,4.43708
608,1,knows,11.9494
608,2,that,2.7177
608,3,the,3.64053
608,4,inspector,15.7446
608,5,said,10.855
608,6,the,4.51729
608,7,man,9.44883
608,8,reported,12.4041
608,9,might,13.0811
608,10,interrogate,21.4103
608,11,the,4.73332
608,12,spy,15.0835
608,13,in,5.29149
608,14,the,1.85506
608,15,prison,11.9155
608,16,.,3.28386
608,17,</s>,25.0463
609,0,he,4.43708
609,1,knows,11.9494
609,2,that,2.7177
609,3,the,3.64053
609,4,inspector,15.7446
609,5,said,10.855
609,6,the,4.51729
609,7,man,9.44883
609,8,reported,12.4041
609,9,the,4.76018
609,10,police,11.4976
609,11,might,14.699
609,12,interrogate,21.4103
609,13,the,4.73332
609,14,spy,15.0835
609,15,in,5.29149
609,16,the,1.85506
609,17,prison,11.9155
609,18,.,3.28386
609,19,</s>,25.0463
610,0,he,4.43708
610,1,knows,11.9494
610,2,who,8.10265
610,3,the,3.8854
610,4,inspector,15.2768
610,5,said,10.855
610,6,the,4.51729
610,7,man,9.44883
610,8,reported,12.4041
610,9,might,13.0811
610,10,interrogate,21.4103
610,11,the,4.73332
610,12,spy,15.0835
610,13,in,5.29149
610,14,the,1.85506
610,15,prison,11.9155
610,16,.,3.28386
610,17,</s>,25.0463
611,0,he,4.43708
611,1,knows,11.9494
611,2,who,8.10265
611,3,the,3.8854
611,4,inspector,15.2768
611,5,said,10.855
611,6,the,4.51729
611,7,man,9.44883
611,8,reported,12.4041
611,9,the,4.76018
611,10,police,11.4976
611,11,might,14.699
611,12,interrogate,21.4103
611,13,the,4.73332
611,14,spy,15.0835
611,15,in,5.29149
611,16,the,1.85506
611,17,prison,11.9155
611,18,.,3.28386
611,19,</s>,25.0463
612,0,he,4.43708
612,1,knows,11.9494
612,2,that,2.7177
612,3,the,3.64053
612,4,inspector,15.7446
612,5,said,10.855
612,6,the,4.51729
612,7,man,9.44883
612,8,reported,12.4041
612,9,he,8.37548
612,10,thought,9.89456
612,11,might,7.11838
612,12,interrogate,21.8813
612,13,the,4.73332
612,14,spy,15.0835
612,15,in,5.29149
612,16,the,1.85506
612,17,prison,11.9155
612,18,.,3.28386
612,19,</s>,25.0463
613,0,he,4.43708
613,1,knows,11.9494
613,2,that,2.7177
613,3,the,3.64053
613,4,inspector,15.7446
613,5,said,10.855
613,6,the,4.51729
613,7,man,9.44883
613,8,reported,12.4041
613,9,he,8.37548
613,10,thought,9.89456
613,11,the,4.14874
613,12,police,11.4205
613,13,might,14.699
613,14,interrogate,21.4103
613,15,the,4.73332
613,16,spy,15.0835
613,17,in,5.29149
613,18,the,1.85506
613,19,prison,11.9155
613,20,.,3.28386
613,21,</s>,25.0463
614,0,he,4.43708
614,1,knows,11.9494
614,2,who,8.10265
614,3,the,3.8854
614,4,inspector,15.2768
614,5,said,10.855
614,6,the,4.51729
614,7,man,9.44883
614,8,reported,12.4041
614,9,he,8.37548
614,10,thought,9.89456
614,11,might,7.11838
614,12,interrogate,21.8813
614,13,the,4.73332
614,14,spy,15.0835
614,15,in,5.29149
614,16,the,1.85506
614,17,prison,11.9155
614,18,.,3.28386
614,19,</s>,25.0463
615,0,he,4.43708
615,1,knows,11.9494
615,2,who,8.10265
615,3,the,3.8854
615,4,inspector,15.2768
615,5,said,10.855
615,6,the,4.51729
615,7,man,9.44883
615,8,reported,12.4041
615,9,he,8.37548
615,10,thought,9.89456
615,11,the,4.14874
615,12,police,11.4205
615,13,might,14.699
615,14,interrogate,21.4103
615,15,the,4.73332
615,16,spy,15.0835
615,17,in,5.29149
615,18,the,1.85506
615,19,prison,11.9155
615,20,.,3.28386
615,21,</s>,25.0463
616,0,he,4.43708
616,1,knows,11.9494
616,2,that,2.7177
616,3,the,3.64053
616,4,inspector,15.7446
616,5,said,10.855
616,6,the,4.51729
616,7,man,9.44883
616,8,reported,12.4041
616,9,he,8.37548
616,10,thought,9.89456
616,11,might,7.11838
616,12,interrogate,21.8813
616,13,the,4.73332
616,14,spy,15.0835
616,15,in,5.29149
616,16,the,1.85506
616,17,prison,11.9155
616,18,.,3.28386
616,19,</s>,25.0463
617,0,he,4.43708
617,1,knows,11.9494
617,2,that,2.7177
617,3,the,3.64053
617,4,inspector,15.7446
617,5,said,10.855
617,6,the,4.51729
617,7,man,9.44883
617,8,reported,12.4041
617,9,he,8.37548
617,10,thought,9.89456
617,11,the,4.14874
617,12,police,11.4205
617,13,might,14.699
617,14,interrogate,21.4103
617,15,the,4.73332
617,16,spy,15.0835
617,17,in,5.29149
617,18,the,1.85506
617,19,prison,11.9155
617,20,.,3.28386
617,21,</s>,25.0463
618,0,he,4.43708
618,1,knows,11.9494
618,2,who,8.10265
618,3,the,3.8854
618,4,inspector,15.2768
618,5,said,10.855
618,6,the,4.51729
618,7,man,9.44883
618,8,reported,12.4041
618,9,he,8.37548
618,10,thought,9.89456
618,11,might,7.11838
618,12,interrogate,21.8813
618,13,the,4.73332
618,14,spy,15.0835
618,15,in,5.29149
618,16,the,1.85506
618,17,prison,11.9155
618,18,.,3.28386
618,19,</s>,25.0463
619,0,he,4.43708
619,1,knows,11.9494
619,2,who,8.10265
619,3,the,3.8854
619,4,inspector,15.2768
619,5,said,10.855
619,6,the,4.51729
619,7,man,9.44883
619,8,reported,12.4041
619,9,he,8.37548
619,10,thought,9.89456
619,11,the,4.14874
619,12,police,11.4205
619,13,might,14.699
619,14,interrogate,21.4103
619,15,the,4.73332
619,16,spy,15.0835
619,17,in,5.29149
619,18,the,1.85506
619,19,prison,11.9155
619,20,.,3.28386
619,21,</s>,25.0463
620,0,you,11.5115
620,1,know,4.15838
620,2,that,6.24274
620,3,will,8.7736
620,4,introduce,11.8416
620,5,her,7.90963
620,6,friend,9.6868
620,7,to,6.43557
620,8,her,8.91927
620,9,mother,5.8737
620,10,.,3.02833
620,11,</s>,25.6313
621,0,you,11.5115
621,1,know,4.15838
621,2,that,6.24274
621,3,the,3.3901
621,4,young,10.1308
621,5,woman,4.56209
621,6,will,10.0806
621,7,introduce,11.4228
621,8,her,7.90963
621,9,friend,9.6868
621,10,to,6.43557
621,11,her,8.91927
621,12,mother,5.8737
621,13,.,3.02833
621,14,</s>,25.6313
622,0,you,11.5115
622,1,know,4.15838
622,2,who,5.97772
622,3,will,8.39834
622,4,introduce,11.6177
622,5,her,7.90963
622,6,friend,9.6868
622,7,to,6.43557
622,8,her,8.91927
622,9,mother,5.8737
622,10,.,3.02833
622,11,</s>,25.6313
623,0,you,11.5115
623,1,know,4.15838
623,2,who,5.97772
623,3,the,5.26981
623,4,young,11.3975
623,5,woman,6.12623
623,6,will,9.80955
623,7,introduce,11.4228
623,8,her,7.90963
623,9,friend,9.6868
623,10,to,6.43557
623,11,her,8.91927
623,12,mother,5.8737
623,13,.,3.02833
623,14,</s>,25.6313
624,0,you,11.5115
624,1,know,4.15838
624,2,that,6.24274
624,3,we,5.58378
624,4,all,6.98537
624,5,believe,16.4923
624,6,will,8.69991
624,7,introduce,11.5336
624,8,her,7.90963
624,9,friend,9.6868
624,10,to,6.43557
624,11,her,8.91927
624,12,mother,5.8737
624,13,.,3.02833
624,14,</s>,25.6313
625,0,you,11.5115
625,1,know,4.15838
625,2,that,6.24274
625,3,we,5.58378
625,4,all,6.98537
625,5,believe,16.4923
625,6,the,4.5954
625,7,young,11.1411
625,8,woman,6.12623
625,9,will,9.80955
625,10,introduce,11.4228
625,11,her,7.90963
625,12,friend,9.6868
625,13,to,6.43557
625,14,her,8.91927
625,15,mother,5.8737
625,16,.,3.02833
625,17,</s>,25.6313
626,0,you,11.5115
626,1,know,4.15838
626,2,who,5.97772
626,3,we,11.1029
626,4,all,8.17766
626,5,believe,16.1923
626,6,will,8.69991
626,7,introduce,11.5336
626,8,her,7.90963
626,9,friend,9.6868
626,10,to,6.43557
626,11,her,8.91927
626,12,mother,5.8737
626,13,.,3.02833
626,14,</s>,25.6313
627,0,you,11.5115
627,1,know,4.15838
627,2,who,5.97772
627,3,we,11.1029
627,4,all,8.17766
627,5,believe,16.1923
627,6,the,4.5954
627,7,young,11.1411
627,8,woman,6.12623
627,9,will,9.80955
627,10,introduce,11.4228
627,11,her,7.90963
627,12,friend,9.6868
627,13,to,6.43557
627,14,her,8.91927
627,15,mother,5.8737
627,16,.,3.02833
627,17,</s>,25.6313
628,0,you,11.5115
628,1,know,4.15838
628,2,that,6.24274
628,3,we,5.58378
628,4,all,6.98537
628,5,believe,16.4923
628,6,she,7.4223
628,7,thought,9.70601
628,8,will,13.7839
628,9,introduce,11.4517
628,10,her,7.90963
628,11,friend,9.6868
628,12,to,6.43557
628,13,her,8.91927
628,14,mother,5.8737
628,15,.,3.02833
628,16,</s>,25.6313
629,0,you,11.5115
629,1,know,4.15838
629,2,that,6.24274
629,3,we,5.58378
629,4,all,6.98537
629,5,believe,16.4923
629,6,she,7.4223
629,7,thought,9.70601
629,8,the,3.91395
629,9,young,11.349
629,10,woman,6.12623
629,11,will,9.80955
629,12,introduce,11.4228
629,13,her,7.90963
629,14,friend,9.6868
629,15,to,6.43557
629,16,her,8.91927
629,17,mother,5.8737
629,18,.,3.02833
629,19,</s>,25.6313
630,0,you,11.5115
630,1,know,4.15838
630,2,who,5.97772
630,3,we,11.1029
630,4,all,8.17766
630,5,believe,16.1923
630,6,she,7.4223
630,7,thought,9.70601
630,8,will,13.7839
630,9,introduce,11.4517
630,10,her,7.90963
630,11,friend,9.6868
630,12,to,6.43557
630,13,her,8.91927
630,14,mother,5.8737
630,15,.,3.02833
630,16,</s>,25.6313
631,0,you,11.5115
631,1,know,4.15838
631,2,who,5.97772
631,3,we,11.1029
631,4,all,8.17766
631,5,believe,16.1923
631,6,she,7.4223
631,7,thought,9.70601
631,8,the,3.91395
631,9,young,11.349
631,10,woman,6.12623
631,11,will,9.80955
631,12,introduce,11.4228
631,13,her,7.90963
631,14,friend,9.6868
631,15,to,6.43557
631,16,her,8.91927
631,17,mother,5.8737
631,18,.,3.02833
631,19,</s>,25.6313
632,0,you,11.5115
632,1,know,4.15838
632,2,that,6.24274
632,3,we,5.58378
632,4,all,6.98537
632,5,believe,16.4923
632,6,she,7.4223
632,7,thought,9.70601
632,8,he,3.91395
632,9,said,10.398
632,10,will,10.6572
632,11,introduce,11.4675
632,12,her,7.90963
632,13,friend,9.6868
632,14,to,6.43557
632,15,her,8.91927
632,16,mother,5.8737
632,17,.,3.02833
632,18,</s>,25.6313
633,0,you,11.5115
633,1,know,4.15838
633,2,that,6.24274
633,3,we,5.58378
633,4,all,6.98537
633,5,believe,16.4923
633,6,she,7.4223
633,7,thought,9.70601
633,8,he,3.91395
633,9,said,10.398
633,10,the,5.46636
633,11,young,11.4708
633,12,woman,6.12623
633,13,will,9.80955
633,14,introduce,11.4228
633,15,her,7.90963
633,16,friend,9.6868
633,17,to,6.43557
633,18,her,8.91927
633,19,mother,5.8737
633,20,.,3.02833
633,21,</s>,25.6313
634,0,you,11.5115
634,1,know,4.15838
634,2,who,5.97772
634,3,we,11.1029
634,4,all,8.17766
634,5,believe,16.1923
634,6,she,7.4223
634,7,thought,9.70601
634,8,he,3.91395
634,9,said,10.398
634,10,will,10.6572
634,11,introduce,11.4675
634,12,her,7.90963
634,13,friend,9.6868
634,14,to,6.43557
634,15,her,8.91927
634,16,mother,5.8737
634,17,.,3.02833
634,18,</s>,25.6313
635,0,you,11.5115
635,1,know,4.15838
635,2,who,5.97772
635,3,we,11.1029
635,4,all,8.17766
635,5,believe,16.1923
635,6,she,7.4223
635,7,thought,9.70601
635,8,he,3.91395
635,9,said,10.398
635,10,the,5.46636
635,11,young,11.4708
635,12,woman,6.12623
635,13,will,9.80955
635,14,introduce,11.4228
635,15,her,7.90963
635,16,friend,9.6868
635,17,to,6.43557
635,18,her,8.91927
635,19,mother,5.8737
635,20,.,3.02833
635,21,</s>,25.6313
636,0,you,11.5115
636,1,know,4.15838
636,2,that,6.24274
636,3,we,5.58378
636,4,all,6.98537
636,5,believe,16.4923
636,6,she,7.4223
636,7,thought,9.70601
636,8,he,3.91395
636,9,said,10.398
636,10,will,10.6572
636,11,introduce,11.4675
636,12,her,7.90963
636,13,friend,9.6868
636,14,to,6.43557
636,15,her,8.91927
636,16,mother,5.8737
636,17,.,3.02833
636,18,</s>,25.6313
637,0,you,11.5115
637,1,know,4.15838
637,2,that,6.24274
637,3,we,5.58378
637,4,all,6.98537
637,5,believe,16.4923
637,6,she,7.4223
637,7,thought,9.70601
637,8,he,3.91395
637,9,said,10.398
637,10,the,5.46636
637,11,young,11.4708
637,12,woman,6.12623
637,13,will,9.80955
637,14,introduce,11.4228
637,15,her,7.90963
637,16,friend,9.6868
637,17,to,6.43557
637,18,her,8.91927
637,19,mother,5.8737
637,20,.,3.02833
637,21,</s>,25.6313
638,0,you,11.5115
638,1,know,4.15838
638,2,who,5.97772
638,3,we,11.1029
638,4,all,8.17766
638,5,believe,16.1923
638,6,she,7.4223
638,7,thought,9.70601
638,8,he,3.91395
638,9,said,10.398
638,10,will,10.6572
638,11,introduce,11.4675
638,12,her,7.90963
638,13,friend,9.6868
638,14,to,6.43557
638,15,her,8.91927
638,16,mother,5.8737
638,17,.,3.02833
638,18,</s>,25.6313
639,0,you,11.5115
639,1,know,4.15838
639,2,who,5.97772
639,3,we,11.1029
639,4,all,8.17766
639,5,believe,16.1923
639,6,she,7.4223
639,7,thought,9.70601
639,8,he,3.91395
639,9,said,10.398
639,10,the,5.46636
639,11,young,11.4708
639,12,woman,6.12623
639,13,will,9.80955
639,14,introduce,11.4228
639,15,her,7.90963
639,16,friend,9.6868
639,17,to,6.43557
639,18,her,8.91927
639,19,mother,5.8737
639,20,.,3.02833
639,21,</s>,25.6313
640,0,i,8.92268
640,1,know,6.35939
640,2,that,3.01867
640,3,should,10.7046
640,4,congratulate,15.9247
640,5,the,7.13554
640,6,couple,11.9016
640,7,after,8.82506
640,8,the,2.78694
640,9,service,11.6994
640,10,.,3.65777
640,11,</s>,22.7871
641,0,i,8.92268
641,1,know,6.35939
641,2,that,3.01867
641,3,the,4.26664
641,4,priest,11.656
641,5,should,9.4359
641,6,congratulate,15.089
641,7,the,7.13554
641,8,couple,11.9016
641,9,after,8.82506
641,10,the,2.78694
641,11,service,11.6994
641,12,.,3.65777
641,13,</s>,22.7871
642,0,i,8.92268
642,1,know,6.35939
642,2,who,6.55265
642,3,should,10.1696
642,4,congratulate,15.4139
642,5,the,7.13554
642,6,couple,11.9016
642,7,after,8.82506
642,8,the,2.78694
642,9,service,11.6994
642,10,.,3.65777
642,11,</s>,22.7871
643,0,i,8.92268
643,1,know,6.35939
643,2,who,6.55265
643,3,the,5.15736
643,4,priest,13.7181
643,5,should,9.34419
643,6,congratulate,15.089
643,7,the,7.13554
643,8,couple,11.9016
643,9,after,8.82506
643,10,the,2.78694
643,11,service,11.6994
643,12,.,3.65777
643,13,</s>,22.7871
644,0,i,8.92268
644,1,know,6.35939
644,2,that,3.01867
644,3,the,4.26664
644,4,man,9.65412
644,5,thinks,12.22
644,6,should,10.7032
644,7,congratulate,15.089
644,8,the,7.13554
644,9,couple,11.9016
644,10,after,8.82506
644,11,the,2.78694
644,12,service,11.6994
644,13,.,3.65777
644,14,</s>,22.7871
645,0,i,8.92268
645,1,know,6.35939
645,2,that,3.01867
645,3,the,4.26664
645,4,man,9.65412
645,5,thinks,12.22
645,6,the,4.82114
645,7,priest,13.3115
645,8,should,9.34419
645,9,congratulate,15.089
645,10,the,7.13554
645,11,couple,11.9016
645,12,after,8.82506
645,13,the,2.78694
645,14,service,11.6994
645,15,.,3.65777
645,16,</s>,22.7871
646,0,i,8.92268
646,1,know,6.35939
646,2,who,6.55265
646,3,the,5.15736
646,4,man,6.97564
646,5,thinks,12.1316
646,6,should,10.7032
646,7,congratulate,15.089
646,8,the,7.13554
646,9,couple,11.9016
646,10,after,8.82506
646,11,the,2.78694
646,12,service,11.6994
646,13,.,3.65777
646,14,</s>,22.7871
647,0,i,8.92268
647,1,know,6.35939
647,2,who,6.55265
647,3,the,5.15736
647,4,man,6.97564
647,5,thinks,12.1316
647,6,the,4.82114
647,7,priest,13.3115
647,8,should,9.34419
647,9,congratulate,15.089
647,10,the,7.13554
647,11,couple,11.9016
647,12,after,8.82506
647,13,the,2.78694
647,14,service,11.6994
647,15,.,3.65777
647,16,</s>,22.7871
648,0,i,8.92268
648,1,know,6.35939
648,2,that,3.01867
648,3,the,4.26664
648,4,man,9.65412
648,5,thinks,12.22
648,6,the,4.82114
648,7,woman,12.0539
648,8,said,9.79886
648,9,should,12.7941
648,10,congratulate,15.5081
648,11,the,7.13554
648,12,couple,11.9016
648,13,after,8.82506
648,14,the,2.78694
648,15,service,11.6994
648,16,.,3.65777
648,17,</s>,22.7871
649,0,i,8.92268
649,1,know,6.35939
649,2,that,3.01867
649,3,the,4.26664
649,4,man,9.65412
649,5,thinks,12.22
649,6,the,4.82114
649,7,woman,12.0539
649,8,said,9.79886
649,9,the,4.76385
649,10,priest,13.8165
649,11,should,9.34419
649,12,congratulate,15.089
649,13,the,7.13554
649,14,couple,11.9016
649,15,after,8.82506
649,16,the,2.78694
649,17,service,11.6994
649,18,.,3.65777
649,19,</s>,22.7871
650,0,i,8.92268
650,1,know,6.35939
650,2,who,6.55265
650,3,the,5.15736
650,4,man,6.97564
650,5,thinks,12.1316
650,6,the,4.82114
650,7,woman,12.0539
650,8,said,9.79886
650,9,should,12.7941
650,10,congratulate,15.5081
650,11,the,7.13554
650,12,couple,11.9016
650,13,after,8.82506
650,14,the,2.78694
650,15,service,11.6994
650,16,.,3.65777
650,17,</s>,22.7871
651,0,i,8.92268
651,1,know,6.35939
651,2,who,6.55265
651,3,the,5.15736
651,4,man,6.97564
651,5,thinks,12.1316
651,6,the,4.82114
651,7,woman,12.0539
651,8,said,9.79886
651,9,the,4.76385
651,10,priest,13.8165
651,11,should,9.34419
651,12,congratulate,15.089
651,13,the,7.13554
651,14,couple,11.9016
651,15,after,8.82506
651,16,the,2.78694
651,17,service,11.6994
651,18,.,3.65777
651,19,</s>,22.7871
652,0,i,8.92268
652,1,know,6.35939
652,2,that,3.01867
652,3,the,4.26664
652,4,man,9.65412
652,5,thinks,12.22
652,6,the,4.82114
652,7,woman,12.0539
652,8,said,9.79886
652,9,she,6.23329
652,10,believed,6.34785
652,11,should,10.6313
652,12,congratulate,15.089
652,13,the,7.13554
652,14,couple,11.9016
652,15,after,8.82506
652,16,the,2.78694
652,17,service,11.6994
652,18,.,3.65777
652,19,</s>,22.7871
653,0,i,8.92268
653,1,know,6.35939
653,2,that,3.01867
653,3,the,4.26664
653,4,man,9.65412
653,5,thinks,12.22
653,6,the,4.82114
653,7,woman,12.0539
653,8,said,9.79886
653,9,she,6.23329
653,10,believed,6.34785
653,11,the,3.66745
653,12,priest,13.5164
653,13,should,9.34419
653,14,congratulate,15.089
653,15,the,7.13554
653,16,couple,11.9016
653,17,after,8.82506
653,18,the,2.78694
653,19,service,11.6994
653,20,.,3.65777
653,21,</s>,22.7871
654,0,i,8.92268
654,1,know,6.35939
654,2,who,6.55265
654,3,the,5.15736
654,4,man,6.97564
654,5,thinks,12.1316
654,6,the,4.82114
654,7,woman,12.0539
654,8,said,9.79886
654,9,she,6.23329
654,10,believed,6.34785
654,11,should,10.6313
654,12,congratulate,15.089
654,13,the,7.13554
654,14,couple,11.9016
654,15,after,8.82506
654,16,the,2.78694
654,17,service,11.6994
654,18,.,3.65777
654,19,</s>,22.7871
655,0,i,8.92268
655,1,know,6.35939
655,2,who,6.55265
655,3,the,5.15736
655,4,man,6.97564
655,5,thinks,12.1316
655,6,the,4.82114
655,7,woman,12.0539
655,8,said,9.79886
655,9,she,6.23329
655,10,believed,6.34785
655,11,the,3.66745
655,12,priest,13.5164
655,13,should,9.34419
655,14,congratulate,15.089
655,15,the,7.13554
655,16,couple,11.9016
655,17,after,8.82506
655,18,the,2.78694
655,19,service,11.6994
655,20,.,3.65777
655,21,</s>,22.7871
656,0,i,8.92268
656,1,know,6.35939
656,2,that,3.01867
656,3,the,4.26664
656,4,man,9.65412
656,5,thinks,12.22
656,6,the,4.82114
656,7,woman,12.0539
656,8,said,9.79886
656,9,she,6.23329
656,10,believed,6.34785
656,11,should,10.6313
656,12,congratulate,15.089
656,13,the,7.13554
656,14,couple,11.9016
656,15,after,8.82506
656,16,the,2.78694
656,17,service,11.6994
656,18,.,3.65777
656,19,</s>,22.7871
657,0,i,8.92268
657,1,know,6.35939
657,2,that,3.01867
657,3,the,4.26664
657,4,man,9.65412
657,5,thinks,12.22
657,6,the,4.82114
657,7,woman,12.0539
657,8,said,9.79886
657,9,she,6.23329
657,10,believed,6.34785
657,11,the,3.66745
657,12,priest,13.5164
657,13,should,9.34419
657,14,congratulate,15.089
657,15,the,7.13554
657,16,couple,11.9016
657,17,after,8.82506
657,18,the,2.78694
657,19,service,11.6994
657,20,.,3.65777
657,21,</s>,22.7871
658,0,i,8.92268
658,1,know,6.35939
658,2,who,6.55265
658,3,the,5.15736
658,4,man,6.97564
658,5,thinks,12.1316
658,6,the,4.82114
658,7,woman,12.0539
658,8,said,9.79886
658,9,she,6.23329
658,10,believed,6.34785
658,11,should,10.6313
658,12,congratulate,15.089
658,13,the,7.13554
658,14,couple,11.9016
658,15,after,8.82506
658,16,the,2.78694
658,17,service,11.6994
658,18,.,3.65777
658,19,</s>,22.7871
659,0,i,8.92268
659,1,know,6.35939
659,2,who,6.55265
659,3,the,5.15736
659,4,man,6.97564
659,5,thinks,12.1316
659,6,the,4.82114
659,7,woman,12.0539
659,8,said,9.79886
659,9,she,6.23329
659,10,believed,6.34785
659,11,the,3.66745
659,12,priest,13.5164
659,13,should,9.34419
659,14,congratulate,15.089
659,15,the,7.13554
659,16,couple,11.9016
659,17,after,8.82506
659,18,the,2.78694
659,19,service,11.6994
659,20,.,3.65777
659,21,</s>,22.7871
660,0,we,10.0475
660,1,all,6.75965
660,2,know,4.10726
660,3,that,2.3121
660,4,will,8.6266
660,5,give,7.14865
660,6,a,3.43105
660,7,test,11.5559
660,8,to,5.16523
660,9,her,9.50796
660,10,students,11.4985
660,11,.,4.41548
660,12,</s>,23.6519
661,0,we,10.0475
661,1,all,6.75965
661,2,know,4.10726
661,3,that,2.3121
661,4,the,4.10609
661,5,teacher,13.3817
661,6,will,6.61949
661,7,give,7.85157
661,8,a,3.46703
661,9,test,11.5559
661,10,to,5.16523
661,11,her,9.50796
661,12,students,11.4985
661,13,.,4.41548
661,14,</s>,23.6519
662,0,we,10.0475
662,1,all,6.75965
662,2,know,4.10726
662,3,who,6.98061
662,4,will,8.14061
662,5,give,9.01255
662,6,a,3.46703
662,7,test,11.5559
662,8,to,5.16523
662,9,her,9.50796
662,10,students,11.4985
662,11,.,4.41548
662,12,</s>,23.6519
663,0,we,10.0475
663,1,all,6.75965
663,2,know,4.10726
663,3,who,6.98061
663,4,the,5.01207
663,5,teacher,13.6303
663,6,will,6.61949
663,7,give,7.85157
663,8,a,3.46703
663,9,test,11.5559
663,10,to,5.16523
663,11,her,9.50796
663,12,students,11.4985
663,13,.,4.41548
663,14,</s>,23.6519
664,0,we,10.0475
664,1,all,6.75965
664,2,know,4.10726
664,3,that,2.3121
664,4,the,4.10609
664,5,old,9.77503
664,6,man,5.08363
664,7,thinks,11.3587
664,8,will,8.26706
664,9,give,8.43372
664,10,a,3.46703
664,11,test,11.5559
664,12,to,5.16523
664,13,her,9.50796
664,14,students,11.4985
664,15,.,4.41548
664,16,</s>,23.6519
665,0,we,10.0475
665,1,all,6.75965
665,2,know,4.10726
665,3,that,2.3121
665,4,the,4.10609
665,5,old,9.77503
665,6,man,5.08363
665,7,thinks,11.3587
665,8,the,4.82114
665,9,teacher,13.2237
665,10,will,6.61949
665,11,give,7.85157
665,12,a,3.46703
665,13,test,11.5559
665,14,to,5.16523
665,15,her,9.50796
665,16,students,11.4985
665,17,.,4.41548
665,18,</s>,23.6519
666,0,we,10.0475
666,1,all,6.75965
666,2,know,4.10726
666,3,who,6.98061
666,4,the,5.01207
666,5,old,10.7492
666,6,man,6.57065
666,7,thinks,11.3587
666,8,will,8.26706
666,9,give,8.43372
666,10,a,3.46703
666,11,test,11.5559
666,12,to,5.16523
666,13,her,9.50796
666,14,students,11.4985
666,15,.,4.41548
666,16,</s>,23.6519
667,0,we,10.0475
667,1,all,6.75965
667,2,know,4.10726
667,3,who,6.98061
667,4,the,5.01207
667,5,old,10.7492
667,6,man,6.57065
667,7,thinks,11.3587
667,8,the,4.82114
667,9,teacher,13.2237
667,10,will,6.61949
667,11,give,7.85157
667,12,a,3.46703
667,13,test,11.5559
667,14,to,5.16523
667,15,her,9.50796
667,16,students,11.4985
667,17,.,4.41548
667,18,</s>,23.6519
668,0,we,10.0475
668,1,all,6.75965
668,2,know,4.10726
668,3,that,2.3121
668,4,the,4.10609
668,5,old,9.77503
668,6,man,5.08363
668,7,thinks,11.3587
668,8,the,4.82114
668,9,woman,12.0539
668,10,knows,16.1853
668,11,will,8.2918
668,12,give,7.85157
668,13,a,3.46703
668,14,test,11.5559
668,15,to,5.16523
668,16,her,9.50796
668,17,students,11.4985
668,18,.,4.41548
668,19,</s>,23.6519
669,0,we,10.0475
669,1,all,6.75965
669,2,know,4.10726
669,3,that,2.3121
669,4,the,4.10609
669,5,old,9.77503
669,6,man,5.08363
669,7,thinks,11.3587
669,8,the,4.82114
669,9,woman,12.0539
669,10,knows,16.1853
669,11,the,3.98972
669,12,teacher,13.4119
669,13,will,6.61949
669,14,give,7.85157
669,15,a,3.46703
669,16,test,11.5559
669,17,to,5.16523
669,18,her,9.50796
669,19,students,11.4985
669,20,.,4.41548
669,21,</s>,23.6519
670,0,we,10.0475
670,1,all,6.75965
670,2,know,4.10726
670,3,who,6.98061
670,4,the,5.01207
670,5,old,10.7492
670,6,man,6.57065
670,7,thinks,11.3587
670,8,the,4.82114
670,9,woman,12.0539
670,10,knows,16.1853
670,11,will,8.2918
670,12,give,7.85157
670,13,a,3.46703
670,14,test,11.5559
670,15,to,5.16523
670,16,her,9.50796
670,17,students,11.4985
670,18,.,4.41548
670,19,</s>,23.6519
671,0,we,10.0475
671,1,all,6.75965
671,2,know,4.10726
671,3,who,6.98061
671,4,the,5.01207
671,5,old,10.7492
671,6,man,6.57065
671,7,thinks,11.3587
671,8,the,4.82114
671,9,woman,12.0539
671,10,knows,16.1853
671,11,the,3.98972
671,12,teacher,13.4119
671,13,will,6.61949
671,14,give,7.85157
671,15,a,3.46703
671,16,test,11.5559
671,17,to,5.16523
671,18,her,9.50796
671,19,students,11.4985
671,20,.,4.41548
671,21,</s>,23.6519
672,0,we,10.0475
672,1,all,6.75965
672,2,know,4.10726
672,3,that,2.3121
672,4,the,4.10609
672,5,old,9.77503
672,6,man,5.08363
672,7,thinks,11.3587
672,8,the,4.82114
672,9,woman,12.0539
672,10,knows,16.1853
672,11,the,3.98972
672,12,young,11.1792
672,13,boy,7.24626
672,14,said,12.8155
672,15,will,11.0337
672,16,give,7.86741
672,17,a,3.46703
672,18,test,11.5559
672,19,to,5.16523
672,20,her,9.50796
672,21,students,11.4985
672,22,.,4.41548
672,23,</s>,23.6519
673,0,we,10.0475
673,1,all,6.75965
673,2,know,4.10726
673,3,that,2.3121
673,4,the,4.10609
673,5,old,9.77503
673,6,man,5.08363
673,7,thinks,11.3587
673,8,the,4.82114
673,9,woman,12.0539
673,10,knows,16.1853
673,11,the,3.98972
673,12,young,11.1792
673,13,boy,7.24626
673,14,said,12.8155
673,15,the,4.51729
673,16,teacher,13.7287
673,17,will,6.61949
673,18,give,7.85157
673,19,a,3.46703
673,20,test,11.5559
673,21,to,5.16523
673,22,her,9.50796
673,23,students,11.4985
673,24,.,4.41548
673,25,</s>,23.6519
674,0,we,10.0475
674,1,all,6.75965
674,2,know,4.10726
674,3,who,6.98061
674,4,the,5.01207
674,5,old,10.7492
674,6,man,6.57065
674,7,thinks,11.3587
674,8,the,4.82114
674,9,woman,12.0539
674,10,knows,16.1853
674,11,the,3.98972
674,12,young,11.1792
674,13,boy,7.24626
674,14,said,12.8155
674,15,will,11.0337
674,16,give,7.86741
674,17,a,3.46703
674,18,test,11.5559
674,19,to,5.16523
674,20,her,9.50796
674,21,students,11.4985
674,22,.,4.41548
674,23,</s>,23.6519
675,0,we,10.0475
675,1,all,6.75965
675,2,know,4.10726
675,3,who,6.98061
675,4,the,5.01207
675,5,old,10.7492
675,6,man,6.57065
675,7,thinks,11.3587
675,8,the,4.82114
675,9,woman,12.0539
675,10,knows,16.1853
675,11,the,3.98972
675,12,young,11.1792
675,13,boy,7.24626
675,14,said,12.8155
675,15,the,4.51729
675,16,teacher,13.7287
675,17,will,6.61949
675,18,give,7.85157
675,19,a,3.46703
675,20,test,11.5559
675,21,to,5.16523
675,22,her,9.50796
675,23,students,11.4985
675,24,.,4.41548
675,25,</s>,23.6519
676,0,we,10.0475
676,1,all,6.75965
676,2,know,4.10726
676,3,that,2.3121
676,4,the,4.10609
676,5,old,9.77503
676,6,man,5.08363
676,7,thinks,11.3587
676,8,the,4.82114
676,9,woman,12.0539
676,10,knows,16.1853
676,11,the,3.98972
676,12,young,11.1792
676,13,boy,7.24626
676,14,said,12.8155
676,15,will,11.0337
676,16,give,7.86741
676,17,a,3.46703
676,18,test,11.5559
676,19,to,5.16523
676,20,her,9.50796
676,21,students,11.4985
676,22,.,4.41548
676,23,</s>,23.6519
677,0,we,10.0475
677,1,all,6.75965
677,2,know,4.10726
677,3,that,2.3121
677,4,the,4.10609
677,5,old,9.77503
677,6,man,5.08363
677,7,thinks,11.3587
677,8,the,4.82114
677,9,woman,12.0539
677,10,knows,16.1853
677,11,the,3.98972
677,12,young,11.1792
677,13,boy,7.24626
677,14,said,12.8155
677,15,the,4.51729
677,16,teacher,13.7287
677,17,will,6.61949
677,18,give,7.85157
677,19,a,3.46703
677,20,test,11.5559
677,21,to,5.16523
677,22,her,9.50796
677,23,students,11.4985
677,24,.,4.41548
677,25,</s>,23.6519
678,0,we,10.0475
678,1,all,6.75965
678,2,know,4.10726
678,3,who,6.98061
678,4,the,5.01207
678,5,old,10.7492
678,6,man,6.57065
678,7,thinks,11.3587
678,8,the,4.82114
678,9,woman,12.0539
678,10,knows,16.1853
678,11,the,3.98972
678,12,young,11.1792
678,13,boy,7.24626
678,14,said,12.8155
678,15,will,11.0337
678,16,give,7.86741
678,17,a,3.46703
678,18,test,11.5559
678,19,to,5.16523
678,20,her,9.50796
678,21,students,11.4985
678,22,.,4.41548
678,23,</s>,23.6519
679,0,we,10.0475
679,1,all,6.75965
679,2,know,4.10726
679,3,who,6.98061
679,4,the,5.01207
679,5,old,10.7492
679,6,man,6.57065
679,7,thinks,11.3587
679,8,the,4.82114
679,9,woman,12.0539
679,10,knows,16.1853
679,11,the,3.98972
679,12,young,11.1792
679,13,boy,7.24626
679,14,said,12.8155
679,15,the,4.51729
679,16,teacher,13.7287
679,17,will,6.61949
679,18,give,7.85157
679,19,a,3.46703
679,20,test,11.5559
679,21,to,5.16523
679,22,her,9.50796
679,23,students,11.4985
679,24,.,4.41548
679,25,</s>,23.6519
680,0,she,6.52858
680,1,said,6.93829
680,2,that,1.80371
680,3,might,10.8808
680,4,put,10.9962
680,5,the,3.90355
680,6,microphone,14.3186
680,7,on,6.1863
680,8,the,2.09884
680,9,table,9.65054
680,10,.,2.58682
680,11,</s>,27.1167
681,0,she,6.52858
681,1,said,6.93829
681,2,that,1.80371
681,3,the,3.36042
681,4,reporter,14.1824
681,5,might,11.8847
681,6,put,10.4017
681,7,the,3.90355
681,8,microphone,14.3186
681,9,on,6.1863
681,10,the,2.09884
681,11,table,9.65054
681,12,.,2.58682
681,13,</s>,27.1167
682,0,she,6.52858
682,1,said,6.93829
682,2,who,16.3888
682,3,might,8.58329
682,4,put,10.7501
682,5,the,3.90355
682,6,microphone,14.3186
682,7,on,6.1863
682,8,the,2.09884
682,9,table,9.65054
682,10,.,2.58682
682,11,</s>,27.1167
683,0,she,6.52858
683,1,said,6.93829
683,2,who,16.3888
683,3,the,8.96323
683,4,reporter,14.7015
683,5,might,11.8847
683,6,put,10.4017
683,7,the,3.90355
683,8,microphone,14.3186
683,9,on,6.1863
683,10,the,2.09884
683,11,table,9.65054
683,12,.,2.58682
683,13,</s>,27.1167
684,0,she,6.52858
684,1,said,6.93829
684,2,that,1.80371
684,3,the,3.36042
684,4,politician,16.246
684,5,stated,13.6211
684,6,might,14.4708
684,7,put,10.4017
684,8,the,3.90355
684,9,microphone,14.3186
684,10,on,6.1863
684,11,the,2.09884
684,12,table,9.65054
684,13,.,2.58682
684,14,</s>,27.1167
685,0,she,6.52858
685,1,said,6.93829
685,2,that,1.80371
685,3,the,3.36042
685,4,politician,16.246
685,5,stated,13.6211
685,6,the,5.24247
685,7,reporter,14.7854
685,8,might,11.8847
685,9,put,10.4017
685,10,the,3.90355
685,11,microphone,14.3186
685,12,on,6.1863
685,13,the,2.09884
685,14,table,9.65054
685,15,.,2.58682
685,16,</s>,27.1167
686,0,she,6.52858
686,1,said,6.93829
686,2,who,16.3888
686,3,the,8.96323
686,4,politician,15.7789
686,5,stated,13.6211
686,6,might,14.4708
686,7,put,10.4017
686,8,the,3.90355
686,9,microphone,14.3186
686,10,on,6.1863
686,11,the,2.09884
686,12,table,9.65054
686,13,.,2.58682
686,14,</s>,27.1167
687,0,she,6.52858
687,1,said,6.93829
687,2,who,16.3888
687,3,the,8.96323
687,4,politician,15.7789
687,5,stated,13.6211
687,6,the,5.24247
687,7,reporter,14.7854
687,8,might,11.8847
687,9,put,10.4017
687,10,the,3.90355
687,11,microphone,14.3186
687,12,on,6.1863
687,13,the,2.09884
687,14,table,9.65054
687,15,.,2.58682
687,16,</s>,27.1167
688,0,she,6.52858
688,1,said,6.93829
688,2,that,1.80371
688,3,the,3.36042
688,4,politician,16.246
688,5,stated,13.6211
688,6,his,6.00384
688,7,press,13.3906
688,8,secretary,2.43156
688,9,said,7.12452
688,10,might,13.6667
688,11,put,10.4017
688,12,the,3.90355
688,13,microphone,14.3186
688,14,on,6.1863
688,15,the,2.09884
688,16,table,9.65054
688,17,.,2.58682
688,18,</s>,27.1167
689,0,she,6.52858
689,1,said,6.93829
689,2,that,1.80371
689,3,the,3.36042
689,4,politician,16.246
689,5,stated,13.6211
689,6,his,6.00384
689,7,press,13.3906
689,8,secretary,2.43156
689,9,said,7.12452
689,10,the,4.51729
689,11,reporter,14.8842
689,12,might,11.8847
689,13,put,10.4017
689,14,the,3.90355
689,15,microphone,14.3186
689,16,on,6.1863
689,17,the,2.09884
689,18,table,9.65054
689,19,.,2.58682
689,20,</s>,27.1167
690,0,she,6.52858
690,1,said,6.93829
690,2,who,16.3888
690,3,the,8.96323
690,4,politician,15.7789
690,5,stated,13.6211
690,6,his,6.00384
690,7,press,13.3906
690,8,secretary,2.43156
690,9,said,7.12452
690,10,might,13.6667
690,11,put,10.4017
690,12,the,3.90355
690,13,microphone,14.3186
690,14,on,6.1863
690,15,the,2.09884
690,16,table,9.65054
690,17,.,2.58682
690,18,</s>,27.1167
691,0,she,6.52858
691,1,said,6.93829
691,2,who,16.3888
691,3,the,8.96323
691,4,politician,15.7789
691,5,stated,13.6211
691,6,his,6.00384
691,7,press,13.3906
691,8,secretary,2.43156
691,9,said,7.12452
691,10,the,4.51729
691,11,reporter,14.8842
691,12,might,11.8847
691,13,put,10.4017
691,14,the,3.90355
691,15,microphone,14.3186
691,16,on,6.1863
691,17,the,2.09884
691,18,table,9.65054
691,19,.,2.58682
691,20,</s>,27.1167
692,0,she,6.52858
692,1,said,6.93829
692,2,that,1.80371
692,3,the,3.36042
692,4,politician,16.246
692,5,stated,13.6211
692,6,his,6.00384
692,7,press,13.3906
692,8,secretary,2.43156
692,9,said,7.12452
692,10,the,4.51729
692,11,chief,12.2078
692,12,of,4.21481
692,13,staff,2.90901
692,14,thought,15.2593
692,15,might,10.4781
692,16,put,10.4505
692,17,the,3.90355
692,18,microphone,14.3186
692,19,on,6.1863
692,20,the,2.09884
692,21,table,9.65054
692,22,.,2.58682
692,23,</s>,27.1167
693,0,she,6.52858
693,1,said,6.93829
693,2,that,1.80371
693,3,the,3.36042
693,4,politician,16.246
693,5,stated,13.6211
693,6,his,6.00384
693,7,press,13.3906
693,8,secretary,2.43156
693,9,said,7.12452
693,10,the,4.51729
693,11,chief,12.2078
693,12,of,4.21481
693,13,staff,2.90901
693,14,thought,15.2593
693,15,the,4.36895
693,16,reporter,14.7372
693,17,might,11.8847
693,18,put,10.4017
693,19,the,3.90355
693,20,microphone,14.3186
693,21,on,6.1863
693,22,the,2.09884
693,23,table,9.65054
693,24,.,2.58682
693,25,</s>,27.1167
694,0,she,6.52858
694,1,said,6.93829
694,2,who,16.3888
694,3,the,8.96323
694,4,politician,15.7789
694,5,stated,13.6211
694,6,his,6.00384
694,7,press,13.3906
694,8,secretary,2.43156
694,9,said,7.12452
694,10,the,4.51729
694,11,chief,12.2078
694,12,of,4.21481
694,13,staff,2.90901
694,14,thought,15.2593
694,15,might,10.4781
694,16,put,10.4505
694,17,the,3.90355
694,18,microphone,14.3186
694,19,on,6.1863
694,20,the,2.09884
694,21,table,9.65054
694,22,.,2.58682
694,23,</s>,27.1167
695,0,she,6.52858
695,1,said,6.93829
695,2,who,16.3888
695,3,the,8.96323
695,4,politician,15.7789
695,5,stated,13.6211
695,6,his,6.00384
695,7,press,13.3906
695,8,secretary,2.43156
695,9,said,7.12452
695,10,the,4.51729
695,11,chief,12.2078
695,12,of,4.21481
695,13,staff,2.90901
695,14,thought,15.2593
695,15,the,4.36895
695,16,reporter,14.7372
695,17,might,11.8847
695,18,put,10.4017
695,19,the,3.90355
695,20,microphone,14.3186
695,21,on,6.1863
695,22,the,2.09884
695,23,table,9.65054
695,24,.,2.58682
695,25,</s>,27.1167
696,0,she,6.52858
696,1,said,6.93829
696,2,that,1.80371
696,3,the,3.36042
696,4,politician,16.246
696,5,stated,13.6211
696,6,his,6.00384
696,7,press,13.3906
696,8,secretary,2.43156
696,9,said,7.12452
696,10,the,4.51729
696,11,chief,12.2078
696,12,of,4.21481
696,13,staff,2.90901
696,14,thought,15.2593
696,15,might,10.4781
696,16,put,10.4505
696,17,the,3.90355
696,18,microphone,14.3186
696,19,on,6.1863
696,20,the,2.09884
696,21,table,9.65054
696,22,.,2.58682
696,23,</s>,27.1167
697,0,she,6.52858
697,1,said,6.93829
697,2,that,1.80371
697,3,the,3.36042
697,4,politician,16.246
697,5,stated,13.6211
697,6,his,6.00384
697,7,press,13.3906
697,8,secretary,2.43156
697,9,said,7.12452
697,10,the,4.51729
697,11,chief,12.2078
697,12,of,4.21481
697,13,staff,2.90901
697,14,thought,15.2593
697,15,the,4.36895
697,16,reporter,14.7372
697,17,might,11.8847
697,18,put,10.4017
697,19,the,3.90355
697,20,microphone,14.3186
697,21,on,6.1863
697,22,the,2.09884
697,23,table,9.65054
697,24,.,2.58682
697,25,</s>,27.1167
698,0,she,6.52858
698,1,said,6.93829
698,2,who,16.3888
698,3,the,8.96323
698,4,politician,15.7789
698,5,stated,13.6211
698,6,his,6.00384
698,7,press,13.3906
698,8,secretary,2.43156
698,9,said,7.12452
698,10,the,4.51729
698,11,chief,12.2078
698,12,of,4.21481
698,13,staff,2.90901
698,14,thought,15.2593
698,15,might,10.4781
698,16,put,10.4505
698,17,the,3.90355
698,18,microphone,14.3186
698,19,on,6.1863
698,20,the,2.09884
698,21,table,9.65054
698,22,.,2.58682
698,23,</s>,27.1167
699,0,she,6.52858
699,1,said,6.93829
699,2,who,16.3888
699,3,the,8.96323
699,4,politician,15.7789
699,5,stated,13.6211
699,6,his,6.00384
699,7,press,13.3906
699,8,secretary,2.43156
699,9,said,7.12452
699,10,the,4.51729
699,11,chief,12.2078
699,12,of,4.21481
699,13,staff,2.90901
699,14,thought,15.2593
699,15,the,4.36895
699,16,reporter,14.7372
699,17,might,11.8847
699,18,put,10.4017
699,19,the,3.90355
699,20,microphone,14.3186
699,21,on,6.1863
699,22,the,2.09884
699,23,table,9.65054
699,24,.,2.58682
699,25,</s>,27.1167
700,0,the,2.46696
700,1,colleagues,23.0567
700,2,realized,11.3871
700,3,that,2.03353
700,4,might,9.96061
700,5,have,2.81632
700,6,discovered,11.7366
700,7,the,4.51343
700,8,bribery,17.4399
700,9,two,12.4382
700,10,weeks,7.39638
700,11,ago,9.58569
700,12,.,3.37895
700,13,</s>,23.2368
701,0,the,2.46696
701,1,colleagues,23.0567
701,2,realized,11.3871
701,3,that,2.03353
701,4,the,2.87173
701,5,journalist,13.9857
701,6,might,12.2149
701,7,have,3.14779
701,8,discovered,11.3149
701,9,the,4.51343
701,10,bribery,17.4399
701,11,two,12.4382
701,12,weeks,7.39638
701,13,ago,9.58569
701,14,.,3.37895
701,15,</s>,23.2368
702,0,the,2.46696
702,1,colleagues,23.0567
702,2,realized,11.3871
702,3,who,10.0258
702,4,might,8.58329
702,5,have,2.7324
702,6,discovered,11.5414
702,7,the,4.51343
702,8,bribery,17.4399
702,9,two,12.4382
702,10,weeks,7.39638
702,11,ago,9.58569
702,12,.,3.37895
702,13,</s>,23.2368
703,0,the,2.46696
703,1,colleagues,23.0567
703,2,realized,11.3871
703,3,who,10.0258
703,4,the,8.96323
703,5,journalist,14.7335
703,6,might,12.2149
703,7,have,3.14779
703,8,discovered,11.3149
703,9,the,4.51343
703,10,bribery,17.4399
703,11,two,12.4382
703,12,weeks,7.39638
703,13,ago,9.58569
703,14,.,3.37895
703,15,</s>,23.2368
704,0,the,2.46696
704,1,colleagues,23.0567
704,2,realized,11.3871
704,3,that,2.03353
704,4,her,6.28411
704,5,mother,4.88967
704,6,stated,12.9951
704,7,might,14.3255
704,8,have,3.14779
704,9,discovered,11.3149
704,10,the,4.51343
704,11,bribery,17.4399
704,12,two,12.4382
704,13,weeks,7.39638
704,14,ago,9.58569
704,15,.,3.37895
704,16,</s>,23.2368
705,0,the,2.46696
705,1,colleagues,23.0567
705,2,realized,11.3871
705,3,that,2.03353
705,4,her,6.28411
705,5,mother,4.88967
705,6,stated,12.9951
705,7,the,5.09718
705,8,journalist,14.8173
705,9,might,12.2149
705,10,have,3.14779
705,11,discovered,11.3149
705,12,the,4.51343
705,13,bribery,17.4399
705,14,two,12.4382
705,15,weeks,7.39638
705,16,ago,9.58569
705,17,.,3.37895
705,18,</s>,23.2368
706,0,the,2.46696
706,1,colleagues,23.0567
706,2,realized,11.3871
706,3,who,10.0258
706,4,her,12.7228
706,5,mother,7.49588
706,6,stated,12.5036
706,7,might,14.3255
706,8,have,3.14779
706,9,discovered,11.3149
706,10,the,4.51343
706,11,bribery,17.4399
706,12,two,12.4382
706,13,weeks,7.39638
706,14,ago,9.58569
706,15,.,3.37895
706,16,</s>,23.2368
707,0,the,2.46696
707,1,colleagues,23.0567
707,2,realized,11.3871
707,3,who,10.0258
707,4,her,12.7228
707,5,mother,7.49588
707,6,stated,12.5036
707,7,the,5.09718
707,8,journalist,14.8173
707,9,might,12.2149
707,10,have,3.14779
707,11,discovered,11.3149
707,12,the,4.51343
707,13,bribery,17.4399
707,14,two,12.4382
707,15,weeks,7.39638
707,16,ago,9.58569
707,17,.,3.37895
707,18,</s>,23.2368
708,0,the,2.46696
708,1,colleagues,23.0567
708,2,realized,11.3871
708,3,that,2.03353
708,4,her,6.28411
708,5,mother,4.88967
708,6,stated,12.9951
708,7,a,7.43854
708,8,friend,11.49
708,9,said,10.4688
708,10,might,13.8634
708,11,have,3.14779
708,12,discovered,11.3149
708,13,the,4.51343
708,14,bribery,17.4399
708,15,two,12.4382
708,16,weeks,7.39638
708,17,ago,9.58569
708,18,.,3.37895
708,19,</s>,23.2368
709,0,the,2.46696
709,1,colleagues,23.0567
709,2,realized,11.3871
709,3,that,2.03353
709,4,her,6.28411
709,5,mother,4.88967
709,6,stated,12.9951
709,7,a,7.43854
709,8,friend,11.49
709,9,said,10.4688
709,10,the,4.71401
709,11,journalist,14.9162
709,12,might,12.2149
709,13,have,3.14779
709,14,discovered,11.3149
709,15,the,4.51343
709,16,bribery,17.4399
709,17,two,12.4382
709,18,weeks,7.39638
709,19,ago,9.58569
709,20,.,3.37895
709,21,</s>,23.2368
710,0,the,2.46696
710,1,colleagues,23.0567
710,2,realized,11.3871
710,3,who,10.0258
710,4,her,12.7228
710,5,mother,7.49588
710,6,stated,12.5036
710,7,a,7.43854
710,8,friend,11.49
710,9,said,10.4688
710,10,might,13.8634
710,11,have,3.14779
710,12,discovered,11.3149
710,13,the,4.51343
710,14,bribery,17.4399
710,15,two,12.4382
710,16,weeks,7.39638
710,17,ago,9.58569
710,18,.,3.37895
710,19,</s>,23.2368
711,0,the,2.46696
711,1,colleagues,23.0567
711,2,realized,11.3871
711,3,who,10.0258
711,4,her,12.7228
711,5,mother,7.49588
711,6,stated,12.5036
711,7,a,7.43854
711,8,friend,11.49
711,9,said,10.4688
711,10,the,4.71401
711,11,journalist,14.9162
711,12,might,12.2149
711,13,have,3.14779
711,14,discovered,11.3149
711,15,the,4.51343
711,16,bribery,17.4399
711,17,two,12.4382
711,18,weeks,7.39638
711,19,ago,9.58569
711,20,.,3.37895
711,21,</s>,23.2368
712,0,the,2.46696
712,1,colleagues,23.0567
712,2,realized,11.3871
712,3,that,2.03353
712,4,her,6.28411
712,5,mother,4.88967
712,6,stated,12.9951
712,7,a,7.43854
712,8,friend,11.49
712,9,said,10.4688
712,10,her,8.75821
712,11,husband,3.51563
712,12,knew,13.2624
712,13,might,13.3196
712,14,have,3.14779
712,15,discovered,11.3149
712,16,the,4.51343
712,17,bribery,17.4399
712,18,two,12.4382
712,19,weeks,7.39638
712,20,ago,9.58569
712,21,.,3.37895
712,22,</s>,23.2368
713,0,the,2.46696
713,1,colleagues,23.0567
713,2,realized,11.3871
713,3,that,2.03353
713,4,her,6.28411
713,5,mother,4.88967
713,6,stated,12.9951
713,7,a,7.43854
713,8,friend,11.49
713,9,said,10.4688
713,10,her,8.75821
713,11,husband,3.51563
713,12,knew,13.2624
713,13,the,4.27224
713,14,journalist,14.5561
713,15,might,12.2149
713,16,have,3.14779
713,17,discovered,11.3149
713,18,the,4.51343
713,19,bribery,17.4399
713,20,two,12.4382
713,21,weeks,7.39638
713,22,ago,9.58569
713,23,.,3.37895
713,24,</s>,23.2368
714,0,the,2.46696
714,1,colleagues,23.0567
714,2,realized,11.3871
714,3,who,10.0258
714,4,her,12.7228
714,5,mother,7.49588
714,6,stated,12.5036
714,7,a,7.43854
714,8,friend,11.49
714,9,said,10.4688
714,10,her,8.75821
714,11,husband,3.51563
714,12,knew,13.2624
714,13,might,13.3196
714,14,have,3.14779
714,15,discovered,11.3149
714,16,the,4.51343
714,17,bribery,17.4399
714,18,two,12.4382
714,19,weeks,7.39638
714,20,ago,9.58569
714,21,.,3.37895
714,22,</s>,23.2368
715,0,the,2.46696
715,1,colleagues,23.0567
715,2,realized,11.3871
715,3,who,10.0258
715,4,her,12.7228
715,5,mother,7.49588
715,6,stated,12.5036
715,7,a,7.43854
715,8,friend,11.49
715,9,said,10.4688
715,10,her,8.75821
715,11,husband,3.51563
715,12,knew,13.2624
715,13,the,4.27224
715,14,journalist,14.5561
715,15,might,12.2149
715,16,have,3.14779
715,17,discovered,11.3149
715,18,the,4.51343
715,19,bribery,17.4399
715,20,two,12.4382
715,21,weeks,7.39638
715,22,ago,9.58569
715,23,.,3.37895
715,24,</s>,23.2368
716,0,the,2.46696
716,1,colleagues,23.0567
716,2,realized,11.3871
716,3,that,2.03353
716,4,her,6.28411
716,5,mother,4.88967
716,6,stated,12.9951
716,7,a,7.43854
716,8,friend,11.49
716,9,said,10.4688
716,10,her,8.75821
716,11,husband,3.51563
716,12,knew,13.2624
716,13,might,13.3196
716,14,have,3.14779
716,15,discovered,11.3149
716,16,the,4.51343
716,17,bribery,17.4399
716,18,two,12.4382
716,19,weeks,7.39638
716,20,ago,9.58569
716,21,.,3.37895
716,22,</s>,23.2368
717,0,the,2.46696
717,1,colleagues,23.0567
717,2,realized,11.3871
717,3,that,2.03353
717,4,her,6.28411
717,5,mother,4.88967
717,6,stated,12.9951
717,7,a,7.43854
717,8,friend,11.49
717,9,said,10.4688
717,10,her,8.75821
717,11,husband,3.51563
717,12,knew,13.2624
717,13,the,4.27224
717,14,journalist,14.5561
717,15,might,12.2149
717,16,have,3.14779
717,17,discovered,11.3149
717,18,the,4.51343
717,19,bribery,17.4399
717,20,two,12.4382
717,21,weeks,7.39638
717,22,ago,9.58569
717,23,.,3.37895
717,24,</s>,23.2368
718,0,the,2.46696
718,1,colleagues,23.0567
718,2,realized,11.3871
718,3,who,10.0258
718,4,her,12.7228
718,5,mother,7.49588
718,6,stated,12.5036
718,7,a,7.43854
718,8,friend,11.49
718,9,said,10.4688
718,10,her,8.75821
718,11,husband,3.51563
718,12,knew,13.2624
718,13,might,13.3196
718,14,have,3.14779
718,15,discovered,11.3149
718,16,the,4.51343
718,17,bribery,17.4399
718,18,two,12.4382
718,19,weeks,7.39638
718,20,ago,9.58569
718,21,.,3.37895
718,22,</s>,23.2368
719,0,the,2.46696
719,1,colleagues,23.0567
719,2,realized,11.3871
719,3,who,10.0258
719,4,her,12.7228
719,5,mother,7.49588
719,6,stated,12.5036
719,7,a,7.43854
719,8,friend,11.49
719,9,said,10.4688
719,10,her,8.75821
719,11,husband,3.51563
719,12,knew,13.2624
719,13,the,4.27224
719,14,journalist,14.5561
719,15,might,12.2149
719,16,have,3.14779
719,17,discovered,11.3149
719,18,the,4.51343
719,19,bribery,17.4399
719,20,two,12.4382
719,21,weeks,7.39638
719,22,ago,9.58569
719,23,.,3.37895
719,24,</s>,23.2368
720,0,i,8.92268
720,1,know,6.35939
720,2,that,3.01867
720,3,will,8.78715
720,4,find,10.6188
720,5,a,3.58817
720,6,gun,11.5739
720,7,in,4.19528
720,8,the,2.46244
720,9,office,10.7961
720,10,.,3.50999
720,11,</s>,25.8118
721,0,i,8.92268
721,1,know,6.35939
721,2,that,3.01867
721,3,the,4.26664
721,4,five,11.5806
721,5,star,8.54514
721,6,general,14.0886
721,7,will,11.4486
721,8,find,8.23111
721,9,a,3.58817
721,10,gun,11.5739
721,11,in,4.19528
721,12,the,2.46244
721,13,office,10.7961
721,14,.,3.50999
721,15,</s>,25.8118
722,0,i,8.92268
722,1,know,6.35939
722,2,who,6.55265
722,3,will,8.2859
722,4,find,8.2595
722,5,a,3.58817
722,6,gun,11.5739
722,7,in,4.19528
722,8,the,2.46244
722,9,office,10.7961
722,10,.,3.50999
722,11,</s>,25.8118
723,0,i,8.92268
723,1,know,6.35939
723,2,who,6.55265
723,3,the,5.15736
723,4,five,12.3279
723,5,star,8.48823
723,6,general,14.0886
723,7,will,11.4486
723,8,find,8.23111
723,9,a,3.58817
723,10,gun,11.5739
723,11,in,4.19528
723,12,the,2.46244
723,13,office,10.7961
723,14,.,3.50999
723,15,</s>,25.8118
724,0,i,8.92268
724,1,know,6.35939
724,2,that,3.01867
724,3,the,4.26664
724,4,woman,10.6041
724,5,believed,13.9101
724,6,will,13.2461
724,7,find,8.09344
724,8,a,3.58817
724,9,gun,11.5739
724,10,in,4.19528
724,11,the,2.46244
724,12,office,10.7961
724,13,.,3.50999
724,14,</s>,25.8118
725,0,i,8.92268
725,1,know,6.35939
725,2,that,3.01867
725,3,the,4.26664
725,4,woman,10.6041
725,5,believed,13.9101
725,6,the,3.87627
725,7,five,12.1262
725,8,star,8.48823
725,9,general,14.0886
725,10,will,11.4486
725,11,find,8.23111
725,12,a,3.58817
725,13,gun,11.5739
725,14,in,4.19528
725,15,the,2.46244
725,16,office,10.7961
725,17,.,3.50999
725,18,</s>,25.8118
726,0,i,8.92268
726,1,know,6.35939
726,2,who,6.55265
726,3,the,5.15736
726,4,woman,7.88614
726,5,believed,14.4206
726,6,will,13.2461
726,7,find,8.09344
726,8,a,3.58817
726,9,gun,11.5739
726,10,in,4.19528
726,11,the,2.46244
726,12,office,10.7961
726,13,.,3.50999
726,14,</s>,25.8118
727,0,i,8.92268
727,1,know,6.35939
727,2,who,6.55265
727,3,the,5.15736
727,4,woman,7.88614
727,5,believed,14.4206
727,6,the,3.87627
727,7,five,12.1262
727,8,star,8.48823
727,9,general,14.0886
727,10,will,11.4486
727,11,find,8.23111
727,12,a,3.58817
727,13,gun,11.5739
727,14,in,4.19528
727,15,the,2.46244
727,16,office,10.7961
727,17,.,3.50999
727,18,</s>,25.8118
728,0,i,8.92268
728,1,know,6.35939
728,2,that,3.01867
728,3,the,4.26664
728,4,woman,10.6041
728,5,believed,13.9101
728,6,the,3.87627
728,7,secretary,12.8324
728,8,said,11.3299
728,9,will,11.0337
728,10,find,8.10928
728,11,a,3.58817
728,12,gun,11.5739
728,13,in,4.19528
728,14,the,2.46244
728,15,office,10.7961
728,16,.,3.50999
728,17,</s>,25.8118
729,0,i,8.92268
729,1,know,6.35939
729,2,that,3.01867
729,3,the,4.26664
729,4,woman,10.6041
729,5,believed,13.9101
729,6,the,3.87627
729,7,secretary,12.8324
729,8,said,11.3299
729,9,the,4.51729
729,10,five,12.4264
729,11,star,8.48823
729,12,general,14.0886
729,13,will,11.4486
729,14,find,8.23111
729,15,a,3.58817
729,16,gun,11.5739
729,17,in,4.19528
729,18,the,2.46244
729,19,office,10.7961
729,20,.,3.50999
729,21,</s>,25.8118
730,0,i,8.92268
730,1,know,6.35939
730,2,who,6.55265
730,3,the,5.15736
730,4,woman,7.88614
730,5,believed,14.4206
730,6,the,3.87627
730,7,secretary,12.8324
730,8,said,11.3299
730,9,will,11.0337
730,10,find,8.10928
730,11,a,3.58817
730,12,gun,11.5739
730,13,in,4.19528
730,14,the,2.46244
730,15,office,10.7961
730,16,.,3.50999
730,17,</s>,25.8118
731,0,i,8.92268
731,1,know,6.35939
731,2,who,6.55265
731,3,the,5.15736
731,4,woman,7.88614
731,5,believed,14.4206
731,6,the,3.87627
731,7,secretary,12.8324
731,8,said,11.3299
731,9,the,4.51729
731,10,five,12.4264
731,11,star,8.48823
731,12,general,14.0886
731,13,will,11.4486
731,14,find,8.23111
731,15,a,3.58817
731,16,gun,11.5739
731,17,in,4.19528
731,18,the,2.46244
731,19,office,10.7961
731,20,.,3.50999
731,21,</s>,25.8118
732,0,i,8.92268
732,1,know,6.35939
732,2,that,3.01867
732,3,the,4.26664
732,4,woman,10.6041
732,5,believed,13.9101
732,6,the,3.87627
732,7,secretary,12.8324
732,8,said,11.3299
732,9,her,8.56149
732,10,friend,9.53134
732,11,recalled,11.7981
732,12,will,11.9631
732,13,find,8.09344
732,14,a,3.58817
732,15,gun,11.5739
732,16,in,4.19528
732,17,the,2.46244
732,18,office,10.7961
732,19,.,3.50999
732,20,</s>,25.8118
733,0,i,8.92268
733,1,know,6.35939
733,2,that,3.01867
733,3,the,4.26664
733,4,woman,10.6041
733,5,believed,13.9101
733,6,the,3.87627
733,7,secretary,12.8324
733,8,said,11.3299
733,9,her,8.56149
733,10,friend,9.53134
733,11,recalled,11.7981
733,12,the,4.00018
733,13,five,12.0594
733,14,star,8.48823
733,15,general,14.0886
733,16,will,11.4486
733,17,find,8.23111
733,18,a,3.58817
733,19,gun,11.5739
733,20,in,4.19528
733,21,the,2.46244
733,22,office,10.7961
733,23,.,3.50999
733,24,</s>,25.8118
734,0,i,8.92268
734,1,know,6.35939
734,2,who,6.55265
734,3,the,5.15736
734,4,woman,7.88614
734,5,believed,14.4206
734,6,the,3.87627
734,7,secretary,12.8324
734,8,said,11.3299
734,9,her,8.56149
734,10,friend,9.53134
734,11,recalled,11.7981
734,12,will,11.9631
734,13,find,8.09344
734,14,a,3.58817
734,15,gun,11.5739
734,16,in,4.19528
734,17,the,2.46244
734,18,office,10.7961
734,19,.,3.50999
734,20,</s>,25.8118
735,0,i,8.92268
735,1,know,6.35939
735,2,who,6.55265
735,3,the,5.15736
735,4,woman,7.88614
735,5,believed,14.4206
735,6,the,3.87627
735,7,secretary,12.8324
735,8,said,11.3299
735,9,her,8.56149
735,10,friend,9.53134
735,11,recalled,11.7981
735,12,the,4.00018
735,13,five,12.0594
735,14,star,8.48823
735,15,general,14.0886
735,16,will,11.4486
735,17,find,8.23111
735,18,a,3.58817
735,19,gun,11.5739
735,20,in,4.19528
735,21,the,2.46244
735,22,office,10.7961
735,23,.,3.50999
735,24,</s>,25.8118
736,0,i,8.92268
736,1,know,6.35939
736,2,that,3.01867
736,3,the,4.26664
736,4,woman,10.6041
736,5,believed,13.9101
736,6,the,3.87627
736,7,secretary,12.8324
736,8,said,11.3299
736,9,her,8.56149
736,10,friend,9.53134
736,11,recalled,11.7981
736,12,will,11.9631
736,13,find,8.09344
736,14,a,3.58817
736,15,gun,11.5739
736,16,in,4.19528
736,17,the,2.46244
736,18,office,10.7961
736,19,.,3.50999
736,20,</s>,25.8118
737,0,i,8.92268
737,1,know,6.35939
737,2,that,3.01867
737,3,the,4.26664
737,4,woman,10.6041
737,5,believed,13.9101
737,6,the,3.87627
737,7,secretary,12.8324
737,8,said,11.3299
737,9,her,8.56149
737,10,friend,9.53134
737,11,recalled,11.7981
737,12,the,4.00018
737,13,five,12.0594
737,14,star,8.48823
737,15,general,14.0886
737,16,will,11.4486
737,17,find,8.23111
737,18,a,3.58817
737,19,gun,11.5739
737,20,in,4.19528
737,21,the,2.46244
737,22,office,10.7961
737,23,.,3.50999
737,24,</s>,25.8118
738,0,i,8.92268
738,1,know,6.35939
738,2,who,6.55265
738,3,the,5.15736
738,4,woman,7.88614
738,5,believed,14.4206
738,6,the,3.87627
738,7,secretary,12.8324
738,8,said,11.3299
738,9,her,8.56149
738,10,friend,9.53134
738,11,recalled,11.7981
738,12,will,11.9631
738,13,find,8.09344
738,14,a,3.58817
738,15,gun,11.5739
738,16,in,4.19528
738,17,the,2.46244
738,18,office,10.7961
738,19,.,3.50999
738,20,</s>,25.8118
739,0,i,8.92268
739,1,know,6.35939
739,2,who,6.55265
739,3,the,5.15736
739,4,woman,7.88614
739,5,believed,14.4206
739,6,the,3.87627
739,7,secretary,12.8324
739,8,said,11.3299
739,9,her,8.56149
739,10,friend,9.53134
739,11,recalled,11.7981
739,12,the,4.00018
739,13,five,12.0594
739,14,star,8.48823
739,15,general,14.0886
739,16,will,11.4486
739,17,find,8.23111
739,18,a,3.58817
739,19,gun,11.5739
739,20,in,4.19528
739,21,the,2.46244
739,22,office,10.7961
739,23,.,3.50999
739,24,</s>,25.8118
740,0,the,2.46696
740,1,visitor,14.2863
740,2,said,10.2848
740,3,that,2.58441
740,4,should,12.1338
740,5,talk,12.3268
740,6,with,5.78814
740,7,the,5.73443
740,8,new,7.3812
740,9,manager,10.3991
740,10,in,6.61668
740,11,her,8.98252
740,12,office,8.74356
740,13,.,3.00035
740,14,</s>,23.3093
741,0,the,2.46696
741,1,visitor,14.2863
741,2,said,10.2848
741,3,that,2.58441
741,4,the,3.19499
741,5,human,10.0223
741,6,resources,7.79463
741,7,officer,13.551
741,8,should,11.9162
741,9,talk,11.4912
741,10,with,5.78814
741,11,the,5.73443
741,12,new,7.3812
741,13,manager,10.3991
741,14,in,6.61668
741,15,her,8.98252
741,16,office,8.74356
741,17,.,3.00035
741,18,</s>,23.3093
742,0,the,2.46696
742,1,visitor,14.2863
742,2,said,10.2848
742,3,who,14.9837
742,4,should,9.60051
742,5,talk,11.8161
742,6,with,5.78814
742,7,the,5.73443
742,8,new,7.3812
742,9,manager,10.3991
742,10,in,6.61668
742,11,her,8.98252
742,12,office,8.74356
742,13,.,3.00035
742,14,</s>,23.3093
743,0,the,2.46696
743,1,visitor,14.2863
743,2,said,10.2848
743,3,who,14.9837
743,4,the,8.96323
743,5,human,11.6145
743,6,resources,7.50633
743,7,officer,13.551
743,8,should,11.9162
743,9,talk,11.4912
743,10,with,5.78814
743,11,the,5.73443
743,12,new,7.3812
743,13,manager,10.3991
743,14,in,6.61668
743,15,her,8.98252
743,16,office,8.74356
743,17,.,3.00035
743,18,</s>,23.3093
744,0,the,2.46696
744,1,visitor,14.2863
744,2,said,10.2848
744,3,that,2.58441
744,4,my,12.2147
744,5,friend,8.38062
744,6,said,9.75025
744,7,should,12.7443
744,8,talk,11.9103
744,9,with,5.78814
744,10,the,5.73443
744,11,new,7.3812
744,12,manager,10.3991
744,13,in,6.61668
744,14,her,8.98252
744,15,office,8.74356
744,16,.,3.00035
744,17,</s>,23.3093
745,0,the,2.46696
745,1,visitor,14.2863
745,2,said,10.2848
745,3,that,2.58441
745,4,my,12.2147
745,5,friend,8.38062
745,6,said,9.75025
745,7,the,4.71401
745,8,human,11.7972
745,9,resources,7.50633
745,10,officer,13.551
745,11,should,11.9162
745,12,talk,11.4912
745,13,with,5.78814
745,14,the,5.73443
745,15,new,7.3812
745,16,manager,10.3991
745,17,in,6.61668
745,18,her,8.98252
745,19,office,8.74356
745,20,.,3.00035
745,21,</s>,23.3093
746,0,the,2.46696
746,1,visitor,14.2863
746,2,said,10.2848
746,3,who,14.9837
746,4,my,14.756
746,5,friend,8.20306
746,6,said,9.75025
746,7,should,12.7443
746,8,talk,11.9103
746,9,with,5.78814
746,10,the,5.73443
746,11,new,7.3812
746,12,manager,10.3991
746,13,in,6.61668
746,14,her,8.98252
746,15,office,8.74356
746,16,.,3.00035
746,17,</s>,23.3093
747,0,the,2.46696
747,1,visitor,14.2863
747,2,said,10.2848
747,3,who,14.9837
747,4,my,14.756
747,5,friend,8.20306
747,6,said,9.75025
747,7,the,4.71401
747,8,human,11.7972
747,9,resources,7.50633
747,10,officer,13.551
747,11,should,11.9162
747,12,talk,11.4912
747,13,with,5.78814
747,14,the,5.73443
747,15,new,7.3812
747,16,manager,10.3991
747,17,in,6.61668
747,18,her,8.98252
747,19,office,8.74356
747,20,.,3.00035
747,21,</s>,23.3093
748,0,the,2.46696
748,1,visitor,14.2863
748,2,said,10.2848
748,3,that,2.58441
748,4,my,12.2147
748,5,friend,8.38062
748,6,said,9.75025
748,7,her,8.75821
748,8,mother,5.9299
748,9,knew,11.723
748,10,should,12.6576
748,11,talk,11.4912
748,12,with,5.78814
748,13,the,5.73443
748,14,new,7.3812
748,15,manager,10.3991
748,16,in,6.61668
748,17,her,8.98252
748,18,office,8.74356
748,19,.,3.00035
748,20,</s>,23.3093
749,0,the,2.46696
749,1,visitor,14.2863
749,2,said,10.2848
749,3,that,2.58441
749,4,my,12.2147
749,5,friend,8.38062
749,6,said,9.75025
749,7,her,8.75821
749,8,mother,5.9299
749,9,knew,11.723
749,10,the,4.27224
749,11,human,11.4372
749,12,resources,7.50633
749,13,officer,13.551
749,14,should,11.9162
749,15,talk,11.4912
749,16,with,5.78814
749,17,the,5.73443
749,18,new,7.3812
749,19,manager,10.3991
749,20,in,6.61668
749,21,her,8.98252
749,22,office,8.74356
749,23,.,3.00035
749,24,</s>,23.3093
750,0,the,2.46696
750,1,visitor,14.2863
750,2,said,10.2848
750,3,who,14.9837
750,4,my,14.756
750,5,friend,8.20306
750,6,said,9.75025
750,7,her,8.75821
750,8,mother,5.9299
750,9,knew,11.723
750,10,should,12.6576
750,11,talk,11.4912
750,12,with,5.78814
750,13,the,5.73443
750,14,new,7.3812
750,15,manager,10.3991
750,16,in,6.61668
750,17,her,8.98252
750,18,office,8.74356
750,19,.,3.00035
750,20,</s>,23.3093
751,0,the,2.46696
751,1,visitor,14.2863
751,2,said,10.2848
751,3,who,14.9837
751,4,my,14.756
751,5,friend,8.20306
751,6,said,9.75025
751,7,her,8.75821
751,8,mother,5.9299
751,9,knew,11.723
751,10,the,4.27224
751,11,human,11.4372
751,12,resources,7.50633
751,13,officer,13.551
751,14,should,11.9162
751,15,talk,11.4912
751,16,with,5.78814
751,17,the,5.73443
751,18,new,7.3812
751,19,manager,10.3991
751,20,in,6.61668
751,21,her,8.98252
751,22,office,8.74356
751,23,.,3.00035
751,24,</s>,23.3093
752,0,the,2.46696
752,1,visitor,14.2863
752,2,said,10.2848
752,3,that,2.58441
752,4,my,12.2147
752,5,friend,8.38062
752,6,said,9.75025
752,7,her,8.75821
752,8,mother,5.9299
752,9,knew,11.723
752,10,the,4.27224
752,11,clerk,14.4929
752,12,stated,13.6078
752,13,should,12.1708
752,14,talk,11.4912
752,15,with,5.78814
752,16,the,5.73443
752,17,new,7.3812
752,18,manager,10.3991
752,19,in,6.61668
752,20,her,8.98252
752,21,office,8.74356
752,22,.,3.00035
752,23,</s>,23.3093
753,0,the,2.46696
753,1,visitor,14.2863
753,2,said,10.2848
753,3,that,2.58441
753,4,my,12.2147
753,5,friend,8.38062
753,6,said,9.75025
753,7,her,8.75821
753,8,mother,5.9299
753,9,knew,11.723
753,10,the,4.27224
753,11,clerk,14.4929
753,12,stated,13.6078
753,13,the,5.24247
753,14,human,11.6984
753,15,resources,7.50633
753,16,officer,13.551
753,17,should,11.9162
753,18,talk,11.4912
753,19,with,5.78814
753,20,the,5.73443
753,21,new,7.3812
753,22,manager,10.3991
753,23,in,6.61668
753,24,her,8.98252
753,25,office,8.74356
753,26,.,3.00035
753,27,</s>,23.3093
754,0,the,2.46696
754,1,visitor,14.2863
754,2,said,10.2848
754,3,who,14.9837
754,4,my,14.756
754,5,friend,8.20306
754,6,said,9.75025
754,7,her,8.75821
754,8,mother,5.9299
754,9,knew,11.723
754,10,the,4.27224
754,11,clerk,14.4929
754,12,stated,13.6078
754,13,should,12.1708
754,14,talk,11.4912
754,15,with,5.78814
754,16,the,5.73443
754,17,new,7.3812
754,18,manager,10.3991
754,19,in,6.61668
754,20,her,8.98252
754,21,office,8.74356
754,22,.,3.00035
754,23,</s>,23.3093
755,0,the,2.46696
755,1,visitor,14.2863
755,2,said,10.2848
755,3,who,14.9837
755,4,my,14.756
755,5,friend,8.20306
755,6,said,9.75025
755,7,her,8.75821
755,8,mother,5.9299
755,9,knew,11.723
755,10,the,4.27224
755,11,clerk,14.4929
755,12,stated,13.6078
755,13,the,5.24247
755,14,human,11.6984
755,15,resources,7.50633
755,16,officer,13.551
755,17,should,11.9162
755,18,talk,11.4912
755,19,with,5.78814
755,20,the,5.73443
755,21,new,7.3812
755,22,manager,10.3991
755,23,in,6.61668
755,24,her,8.98252
755,25,office,8.74356
755,26,.,3.00035
755,27,</s>,23.3093
756,0,the,2.46696
756,1,visitor,14.2863
756,2,said,10.2848
756,3,that,2.58441
756,4,my,12.2147
756,5,friend,8.38062
756,6,said,9.75025
756,7,her,8.75821
756,8,mother,5.9299
756,9,knew,11.723
756,10,the,4.27224
756,11,clerk,14.4929
756,12,stated,13.6078
756,13,should,12.1708
756,14,talk,11.4912
756,15,with,5.78814
756,16,the,5.73443
756,17,new,7.3812
756,18,manager,10.3991
756,19,in,6.61668
756,20,her,8.98252
756,21,office,8.74356
756,22,.,3.00035
756,23,</s>,23.3093
757,0,the,2.46696
757,1,visitor,14.2863
757,2,said,10.2848
757,3,that,2.58441
757,4,my,12.2147
757,5,friend,8.38062
757,6,said,9.75025
757,7,her,8.75821
757,8,mother,5.9299
757,9,knew,11.723
757,10,the,4.27224
757,11,clerk,14.4929
757,12,stated,13.6078
757,13,the,5.24247
757,14,human,11.6984
757,15,resources,7.50633
757,16,officer,13.551
757,17,should,11.9162
757,18,talk,11.4912
757,19,with,5.78814
757,20,the,5.73443
757,21,new,7.3812
757,22,manager,10.3991
757,23,in,6.61668
757,24,her,8.98252
757,25,office,8.74356
757,26,.,3.00035
757,27,</s>,23.3093
758,0,the,2.46696
758,1,visitor,14.2863
758,2,said,10.2848
758,3,who,14.9837
758,4,my,14.756
758,5,friend,8.20306
758,6,said,9.75025
758,7,her,8.75821
758,8,mother,5.9299
758,9,knew,11.723
758,10,the,4.27224
758,11,clerk,14.4929
758,12,stated,13.6078
758,13,should,12.1708
758,14,talk,11.4912
758,15,with,5.78814
758,16,the,5.73443
758,17,new,7.3812
758,18,manager,10.3991
758,19,in,6.61668
758,20,her,8.98252
758,21,office,8.74356
758,22,.,3.00035
758,23,</s>,23.3093
759,0,the,2.46696
759,1,visitor,14.2863
759,2,said,10.2848
759,3,who,14.9837
759,4,my,14.756
759,5,friend,8.20306
759,6,said,9.75025
759,7,her,8.75821
759,8,mother,5.9299
759,9,knew,11.723
759,10,the,4.27224
759,11,clerk,14.4929
759,12,stated,13.6078
759,13,the,5.24247
759,14,human,11.6984
759,15,resources,7.50633
759,16,officer,13.551
759,17,should,11.9162
759,18,talk,11.4912
759,19,with,5.78814
759,20,the,5.73443
759,21,new,7.3812
759,22,manager,10.3991
759,23,in,6.61668
759,24,her,8.98252
759,25,office,8.74356
759,26,.,3.00035
759,27,</s>,23.3093
760,0,my,12.9847
760,1,friends,7.16492
760,2,all,10.4968
760,3,know,12.833
760,4,that,4.52391
760,5,will,8.6266
760,6,describe,12.6174
760,7,her,6.96276
760,8,woes,15.3491
760,9,to,5.21395
760,10,her,8.64133
760,11,friends,8.66672
760,12,.,4.1432
760,13,</s>,22.7871
761,0,my,12.9847
761,1,friends,7.16492
761,2,all,10.4968
761,3,know,12.833
761,4,that,4.52391
761,5,the,4.10609
761,6,single,11.4406
761,7,mother,9.77813
761,8,will,11.2108
761,9,describe,12.307
761,10,her,6.96276
761,11,woes,15.3491
761,12,to,5.21395
761,13,her,8.64133
761,14,friends,8.66672
761,15,.,4.1432
761,16,</s>,22.7871
762,0,my,12.9847
762,1,friends,7.16492
762,2,all,10.4968
762,3,know,12.833
762,4,who,6.6432
762,5,will,8.14061
762,6,describe,12.3936
762,7,her,6.96276
762,8,woes,15.3491
762,9,to,5.21395
762,10,her,8.64133
762,11,friends,8.66672
762,12,.,4.1432
762,13,</s>,22.7871
763,0,my,12.9847
763,1,friends,7.16492
763,2,all,10.4968
763,3,know,12.833
763,4,who,6.6432
763,5,the,5.01207
763,6,single,11.9591
763,7,mother,9.58611
763,8,will,11.2108
763,9,describe,12.307
763,10,her,6.96276
763,11,woes,15.3491
763,12,to,5.21395
763,13,her,8.64133
763,14,friends,8.66672
763,15,.,4.1432
763,16,</s>,22.7871
764,0,my,12.9847
764,1,friends,7.16492
764,2,all,10.4968
764,3,know,12.833
764,4,that,4.52391
764,5,her,7.27156
764,6,friend,8.6901
764,7,knew,13.4537
764,8,will,11.9486
764,9,describe,12.2275
764,10,her,6.96276
764,11,woes,15.3491
764,12,to,5.21395
764,13,her,8.64133
764,14,friends,8.66672
764,15,.,4.1432
764,16,</s>,22.7871
765,0,my,12.9847
765,1,friends,7.16492
765,2,all,10.4968
765,3,know,12.833
765,4,that,4.52391
765,5,her,7.27156
765,6,friend,8.6901
765,7,knew,13.4537
765,8,the,4.27224
765,9,single,11.6975
765,10,mother,9.58611
765,11,will,11.2108
765,12,describe,12.307
765,13,her,6.96276
765,14,woes,15.3491
765,15,to,5.21395
765,16,her,8.64133
765,17,friends,8.66672
765,18,.,4.1432
765,19,</s>,22.7871
766,0,my,12.9847
766,1,friends,7.16492
766,2,all,10.4968
766,3,know,12.833
766,4,who,6.6432
766,5,her,13.1466
766,6,friend,9.47042
766,7,knew,13.4537
766,8,will,11.9486
766,9,describe,12.2275
766,10,her,6.96276
766,11,woes,15.3491
766,12,to,5.21395
766,13,her,8.64133
766,14,friends,8.66672
766,15,.,4.1432
766,16,</s>,22.7871
767,0,my,12.9847
767,1,friends,7.16492
767,2,all,10.4968
767,3,know,12.833
767,4,who,6.6432
767,5,her,13.1466
767,6,friend,9.47042
767,7,knew,13.4537
767,8,the,4.27224
767,9,single,11.6975
767,10,mother,9.58611
767,11,will,11.2108
767,12,describe,12.307
767,13,her,6.96276
767,14,woes,15.3491
767,15,to,5.21395
767,16,her,8.64133
767,17,friends,8.66672
767,18,.,4.1432
767,19,</s>,22.7871
768,0,my,12.9847
768,1,friends,7.16492
768,2,all,10.4968
768,3,know,12.833
768,4,that,4.52391
768,5,her,7.27156
768,6,friend,8.6901
768,7,knew,13.4537
768,8,the,4.27224
768,9,delivery,13.4565
768,10,man,6.52989
768,11,believed,13.413
768,12,will,13.2461
768,13,describe,12.2275
768,14,her,6.96276
768,15,woes,15.3491
768,16,to,5.21395
768,17,her,8.64133
768,18,friends,8.66672
768,19,.,4.1432
768,20,</s>,22.7871
769,0,my,12.9847
769,1,friends,7.16492
769,2,all,10.4968
769,3,know,12.833
769,4,that,4.52391
769,5,her,7.27156
769,6,friend,8.6901
769,7,knew,13.4537
769,8,the,4.27224
769,9,delivery,13.4565
769,10,man,6.52989
769,11,believed,13.413
769,12,the,3.87627
769,13,single,11.7574
769,14,mother,9.58611
769,15,will,11.2108
769,16,describe,12.307
769,17,her,6.96276
769,18,woes,15.3491
769,19,to,5.21395
769,20,her,8.64133
769,21,friends,8.66672
769,22,.,4.1432
769,23,</s>,22.7871
770,0,my,12.9847
770,1,friends,7.16492
770,2,all,10.4968
770,3,know,12.833
770,4,who,6.6432
770,5,her,13.1466
770,6,friend,9.47042
770,7,knew,13.4537
770,8,the,4.27224
770,9,delivery,13.4565
770,10,man,6.52989
770,11,believed,13.413
770,12,will,13.2461
770,13,describe,12.2275
770,14,her,6.96276
770,15,woes,15.3491
770,16,to,5.21395
770,17,her,8.64133
770,18,friends,8.66672
770,19,.,4.1432
770,20,</s>,22.7871
771,0,my,12.9847
771,1,friends,7.16492
771,2,all,10.4968
771,3,know,12.833
771,4,who,6.6432
771,5,her,13.1466
771,6,friend,9.47042
771,7,knew,13.4537
771,8,the,4.27224
771,9,delivery,13.4565
771,10,man,6.52989
771,11,believed,13.413
771,12,the,3.87627
771,13,single,11.7574
771,14,mother,9.58611
771,15,will,11.2108
771,16,describe,12.307
771,17,her,6.96276
771,18,woes,15.3491
771,19,to,5.21395
771,20,her,8.64133
771,21,friends,8.66672
771,22,.,4.1432
771,23,</s>,22.7871
772,0,my,12.9847
772,1,friends,7.16492
772,2,all,10.4968
772,3,know,12.833
772,4,that,4.52391
772,5,her,7.27156
772,6,friend,8.6901
772,7,knew,13.4537
772,8,the,4.27224
772,9,delivery,13.4565
772,10,man,6.52989
772,11,believed,13.413
772,12,the,3.87627
772,13,cop,16.9884
772,14,said,12.0061
772,15,will,11.0337
772,16,describe,12.2433
772,17,her,6.96276
772,18,woes,15.3491
772,19,to,5.21395
772,20,her,8.64133
772,21,friends,8.66672
772,22,.,4.1432
772,23,</s>,22.7871
773,0,my,12.9847
773,1,friends,7.16492
773,2,all,10.4968
773,3,know,12.833
773,4,that,4.52391
773,5,her,7.27156
773,6,friend,8.6901
773,7,knew,13.4537
773,8,the,4.27224
773,9,delivery,13.4565
773,10,man,6.52989
773,11,believed,13.413
773,12,the,3.87627
773,13,cop,16.9884
773,14,said,12.0061
773,15,the,4.51729
773,16,single,12.0576
773,17,mother,9.58611
773,18,will,11.2108
773,19,describe,12.307
773,20,her,6.96276
773,21,woes,15.3491
773,22,to,5.21395
773,23,her,8.64133
773,24,friends,8.66672
773,25,.,4.1432
773,26,</s>,22.7871
774,0,my,12.9847
774,1,friends,7.16492
774,2,all,10.4968
774,3,know,12.833
774,4,who,6.6432
774,5,her,13.1466
774,6,friend,9.47042
774,7,knew,13.4537
774,8,the,4.27224
774,9,delivery,13.4565
774,10,man,6.52989
774,11,believed,13.413
774,12,the,3.87627
774,13,cop,16.9884
774,14,said,12.0061
774,15,will,11.0337
774,16,describe,12.2433
774,17,her,6.96276
774,18,woes,15.3491
774,19,to,5.21395
774,20,her,8.64133
774,21,friends,8.66672
774,22,.,4.1432
774,23,</s>,22.7871
775,0,my,12.9847
775,1,friends,7.16492
775,2,all,10.4968
775,3,know,12.833
775,4,who,6.6432
775,5,her,13.1466
775,6,friend,9.47042
775,7,knew,13.4537
775,8,the,4.27224
775,9,delivery,13.4565
775,10,man,6.52989
775,11,believed,13.413
775,12,the,3.87627
775,13,cop,16.9884
775,14,said,12.0061
775,15,the,4.51729
775,16,single,12.0576
775,17,mother,9.58611
775,18,will,11.2108
775,19,describe,12.307
775,20,her,6.96276
775,21,woes,15.3491
775,22,to,5.21395
775,23,her,8.64133
775,24,friends,8.66672
775,25,.,4.1432
775,26,</s>,22.7871
776,0,my,12.9847
776,1,friends,7.16492
776,2,all,10.4968
776,3,know,12.833
776,4,that,4.52391
776,5,her,7.27156
776,6,friend,8.6901
776,7,knew,13.4537
776,8,the,4.27224
776,9,delivery,13.4565
776,10,man,6.52989
776,11,believed,13.413
776,12,the,3.87627
776,13,cop,16.9884
776,14,said,12.0061
776,15,will,11.0337
776,16,describe,12.2433
776,17,her,6.96276
776,18,woes,15.3491
776,19,to,5.21395
776,20,her,8.64133
776,21,friends,8.66672
776,22,.,4.1432
776,23,</s>,22.7871
777,0,my,12.9847
777,1,friends,7.16492
777,2,all,10.4968
777,3,know,12.833
777,4,that,4.52391
777,5,her,7.27156
777,6,friend,8.6901
777,7,knew,13.4537
777,8,the,4.27224
777,9,delivery,13.4565
777,10,man,6.52989
777,11,believed,13.413
777,12,the,3.87627
777,13,cop,16.9884
777,14,said,12.0061
777,15,the,4.51729
777,16,single,12.0576
777,17,mother,9.58611
777,18,will,11.2108
777,19,describe,12.307
777,20,her,6.96276
777,21,woes,15.3491
777,22,to,5.21395
777,23,her,8.64133
777,24,friends,8.66672
777,25,.,4.1432
777,26,</s>,22.7871
778,0,my,12.9847
778,1,friends,7.16492
778,2,all,10.4968
778,3,know,12.833
778,4,who,6.6432
778,5,her,13.1466
778,6,friend,9.47042
778,7,knew,13.4537
778,8,the,4.27224
778,9,delivery,13.4565
778,10,man,6.52989
778,11,believed,13.413
778,12,the,3.87627
778,13,cop,16.9884
778,14,said,12.0061
778,15,will,11.0337
778,16,describe,12.2433
778,17,her,6.96276
778,18,woes,15.3491
778,19,to,5.21395
778,20,her,8.64133
778,21,friends,8.66672
778,22,.,4.1432
778,23,</s>,22.7871
779,0,my,12.9847
779,1,friends,7.16492
779,2,all,10.4968
779,3,know,12.833
779,4,who,6.6432
779,5,her,13.1466
779,6,friend,9.47042
779,7,knew,13.4537
779,8,the,4.27224
779,9,delivery,13.4565
779,10,man,6.52989
779,11,believed,13.413
779,12,the,3.87627
779,13,cop,16.9884
779,14,said,12.0061
779,15,the,4.51729
779,16,single,12.0576
779,17,mother,9.58611
779,18,will,11.2108
779,19,describe,12.307
779,20,her,6.96276
779,21,woes,15.3491
779,22,to,5.21395
779,23,her,8.64133
779,24,friends,8.66672
779,25,.,4.1432
779,26,</s>,22.7871
780,0,i,8.92268
780,1,know,6.35939
780,2,that,3.01867
780,3,might,9.81373
780,4,find,8.08962
780,5,a,5.07285
780,6,quarter,11.7882
780,7,on,8.69748
780,8,the,3.00933
780,9,bus,10.973
780,10,.,2.61591
780,11,</s>,25.1838
781,0,i,8.92268
781,1,know,6.35939
781,2,that,3.01867
781,3,the,4.26664
781,4,elderly,14.0143
781,5,lady,10.0087
781,6,might,11.0856
781,7,find,7.49509
781,8,a,5.07285
781,9,quarter,11.7882
781,10,on,8.69748
781,11,the,3.00933
781,12,bus,10.973
781,13,.,2.61591
781,14,</s>,25.1838
782,0,i,8.92268
782,1,know,6.35939
782,2,who,6.55265
782,3,might,9.15238
782,4,find,7.66958
782,5,a,5.07285
782,6,quarter,11.7882
782,7,on,8.69748
782,8,the,3.00933
782,9,bus,10.973
782,10,.,2.61591
782,11,</s>,25.1838
783,0,i,8.92268
783,1,know,6.35939
783,2,who,6.55265
783,3,the,5.15736
783,4,elderly,14.0377
783,5,lady,9.7918
783,6,might,11.0856
783,7,find,7.49509
783,8,a,5.07285
783,9,quarter,11.7882
783,10,on,8.69748
783,11,the,3.00933
783,12,bus,10.973
783,13,.,2.61591
783,14,</s>,25.1838
784,0,i,8.92268
784,1,know,6.35939
784,2,that,3.01867
784,3,their,6.33525
784,4,friend,9.48838
784,5,said,9.58269
784,6,might,13.8634
784,7,find,7.49509
784,8,a,5.07285
784,9,quarter,11.7882
784,10,on,8.69748
784,11,the,3.00933
784,12,bus,10.973
784,13,.,2.61591
784,14,</s>,25.1838
785,0,i,8.92268
785,1,know,6.35939
785,2,that,3.01867
785,3,their,6.33525
785,4,friend,9.48838
785,5,said,9.58269
785,6,the,4.71401
785,7,elderly,14.1361
785,8,lady,9.7918
785,9,might,11.0856
785,10,find,7.49509
785,11,a,5.07285
785,12,quarter,11.7882
785,13,on,8.69748
785,14,the,3.00933
785,15,bus,10.973
785,16,.,2.61591
785,17,</s>,25.1838
786,0,i,8.92268
786,1,know,6.35939
786,2,who,6.55265
786,3,their,12.9109
786,4,friend,10.8856
786,5,said,9.58269
786,6,might,13.8634
786,7,find,7.49509
786,8,a,5.07285
786,9,quarter,11.7882
786,10,on,8.69748
786,11,the,3.00933
786,12,bus,10.973
786,13,.,2.61591
786,14,</s>,25.1838
787,0,i,8.92268
787,1,know,6.35939
787,2,who,6.55265
787,3,their,12.9109
787,4,friend,10.8856
787,5,said,9.58269
787,6,the,4.71401
787,7,elderly,14.1361
787,8,lady,9.7918
787,9,might,11.0856
787,10,find,7.49509
787,11,a,5.07285
787,12,quarter,11.7882
787,13,on,8.69748
787,14,the,3.00933
787,15,bus,10.973
787,16,.,2.61591
787,17,</s>,25.1838
788,0,i,8.92268
788,1,know,6.35939
788,2,that,3.01867
788,3,their,6.33525
788,4,friend,9.48838
788,5,said,9.58269
788,6,the,4.71401
788,7,secretary,13.1325
788,8,believed,13.7661
788,9,might,13.2461
788,10,find,7.49509
788,11,a,5.07285
788,12,quarter,11.7882
788,13,on,8.69748
788,14,the,3.00933
788,15,bus,10.973
788,16,.,2.61591
788,17,</s>,25.1838
789,0,i,8.92268
789,1,know,6.35939
789,2,that,3.01867
789,3,their,6.33525
789,4,friend,9.48838
789,5,said,9.58269
789,6,the,4.71401
789,7,secretary,13.1325
789,8,believed,13.7661
789,9,the,3.87627
789,10,elderly,13.836
789,11,lady,9.7918
789,12,might,11.0856
789,13,find,7.49509
789,14,a,5.07285
789,15,quarter,11.7882
789,16,on,8.69748
789,17,the,3.00933
789,18,bus,10.973
789,19,.,2.61591
789,20,</s>,25.1838
790,0,i,8.92268
790,1,know,6.35939
790,2,who,6.55265
790,3,their,12.9109
790,4,friend,10.8856
790,5,said,9.58269
790,6,the,4.71401
790,7,secretary,13.1325
790,8,believed,13.7661
790,9,might,13.2461
790,10,find,7.49509
790,11,a,5.07285
790,12,quarter,11.7882
790,13,on,8.69748
790,14,the,3.00933
790,15,bus,10.973
790,16,.,2.61591
790,17,</s>,25.1838
791,0,i,8.92268
791,1,know,6.35939
791,2,who,6.55265
791,3,their,12.9109
791,4,friend,10.8856
791,5,said,9.58269
791,6,the,4.71401
791,7,secretary,13.1325
791,8,believed,13.7661
791,9,the,3.87627
791,10,elderly,13.836
791,11,lady,9.7918
791,12,might,11.0856
791,13,find,7.49509
791,14,a,5.07285
791,15,quarter,11.7882
791,16,on,8.69748
791,17,the,3.00933
791,18,bus,10.973
791,19,.,2.61591
791,20,</s>,25.1838
792,0,i,8.92268
792,1,know,6.35939
792,2,that,3.01867
792,3,their,6.33525
792,4,friend,9.48838
792,5,said,9.58269
792,6,the,4.71401
792,7,secretary,13.1325
792,8,believed,13.7661
792,9,the,3.87627
792,10,worker,14.2724
792,11,thinks,16.4313
792,12,might,12.9806
792,13,find,7.49509
792,14,a,5.07285
792,15,quarter,11.7882
792,16,on,8.69748
792,17,the,3.00933
792,18,bus,10.973
792,19,.,2.61591
792,20,</s>,25.1838
793,0,i,8.92268
793,1,know,6.35939
793,2,that,3.01867
793,3,their,6.33525
793,4,friend,9.48838
793,5,said,9.58269
793,6,the,4.71401
793,7,secretary,13.1325
793,8,believed,13.7661
793,9,the,3.87627
793,10,worker,14.2724
793,11,thinks,16.4313
793,12,the,4.82114
793,13,elderly,13.6311
793,14,lady,9.7918
793,15,might,11.0856
793,16,find,7.49509
793,17,a,5.07285
793,18,quarter,11.7882
793,19,on,8.69748
793,20,the,3.00933
793,21,bus,10.973
793,22,.,2.61591
793,23,</s>,25.1838
794,0,i,8.92268
794,1,know,6.35939
794,2,who,6.55265
794,3,their,12.9109
794,4,friend,10.8856
794,5,said,9.58269
794,6,the,4.71401
794,7,secretary,13.1325
794,8,believed,13.7661
794,9,the,3.87627
794,10,worker,14.2724
794,11,thinks,16.4313
794,12,might,12.9806
794,13,find,7.49509
794,14,a,5.07285
794,15,quarter,11.7882
794,16,on,8.69748
794,17,the,3.00933
794,18,bus,10.973
794,19,.,2.61591
794,20,</s>,25.1838
795,0,i,8.92268
795,1,know,6.35939
795,2,who,6.55265
795,3,their,12.9109
795,4,friend,10.8856
795,5,said,9.58269
795,6,the,4.71401
795,7,secretary,13.1325
795,8,believed,13.7661
795,9,the,3.87627
795,10,worker,14.2724
795,11,thinks,16.4313
795,12,the,4.82114
795,13,elderly,13.6311
795,14,lady,9.7918
795,15,might,11.0856
795,16,find,7.49509
795,17,a,5.07285
795,18,quarter,11.7882
795,19,on,8.69748
795,20,the,3.00933
795,21,bus,10.973
795,22,.,2.61591
795,23,</s>,25.1838
796,0,i,8.92268
796,1,know,6.35939
796,2,that,3.01867
796,3,their,6.33525
796,4,friend,9.48838
796,5,said,9.58269
796,6,the,4.71401
796,7,secretary,13.1325
796,8,believed,13.7661
796,9,the,3.87627
796,10,worker,14.2724
796,11,thinks,16.4313
796,12,might,12.9806
796,13,find,7.49509
796,14,a,5.07285
796,15,quarter,11.7882
796,16,on,8.69748
796,17,the,3.00933
796,18,bus,10.973
796,19,.,2.61591
796,20,</s>,25.1838
797,0,i,8.92268
797,1,know,6.35939
797,2,that,3.01867
797,3,their,6.33525
797,4,friend,9.48838
797,5,said,9.58269
797,6,the,4.71401
797,7,secretary,13.1325
797,8,believed,13.7661
797,9,the,3.87627
797,10,worker,14.2724
797,11,thinks,16.4313
797,12,the,4.82114
797,13,elderly,13.6311
797,14,lady,9.7918
797,15,might,11.0856
797,16,find,7.49509
797,17,a,5.07285
797,18,quarter,11.7882
797,19,on,8.69748
797,20,the,3.00933
797,21,bus,10.973
797,22,.,2.61591
797,23,</s>,25.1838
798,0,i,8.92268
798,1,know,6.35939
798,2,who,6.55265
798,3,their,12.9109
798,4,friend,10.8856
798,5,said,9.58269
798,6,the,4.71401
798,7,secretary,13.1325
798,8,believed,13.7661
798,9,the,3.87627
798,10,worker,14.2724
798,11,thinks,16.4313
798,12,might,12.9806
798,13,find,7.49509
798,14,a,5.07285
798,15,quarter,11.7882
798,16,on,8.69748
798,17,the,3.00933
798,18,bus,10.973
798,19,.,2.61591
798,20,</s>,25.1838
799,0,i,8.92268
799,1,know,6.35939
799,2,who,6.55265
799,3,their,12.9109
799,4,friend,10.8856
799,5,said,9.58269
799,6,the,4.71401
799,7,secretary,13.1325
799,8,believed,13.7661
799,9,the,3.87627
799,10,worker,14.2724
799,11,thinks,16.4313
799,12,the,4.82114
799,13,elderly,13.6311
799,14,lady,9.7918
799,15,might,11.0856
799,16,find,7.49509
799,17,a,5.07285
799,18,quarter,11.7882
799,19,on,8.69748
799,20,the,3.00933
799,21,bus,10.973
799,22,.,2.61591
799,23,</s>,25.1838
800,0,we,10.0475
800,1,all,6.75965
800,2,know,4.10726
800,3,that,2.3121
800,4,will,8.6266
800,5,assemble,15.1948
800,6,the,3.88637
800,7,bed,13.9958
800,8,for,6.50094
800,9,his,6.89817
800,10,parents,9.76187
800,11,.,3.2068
800,12,</s>,23.3093
801,0,we,10.0475
801,1,all,6.75965
801,2,know,4.10726
801,3,that,2.3121
801,4,the,4.10609
801,5,young,10.1308
801,6,professional,11.2756
801,7,will,11.2202
801,8,assemble,14.8049
801,9,the,3.88637
801,10,bed,13.9958
801,11,for,6.50094
801,12,his,6.89817
801,13,parents,9.76187
801,14,.,3.2068
801,15,</s>,23.3093
802,0,we,10.0475
802,1,all,6.75965
802,2,know,4.10726
802,3,who,6.98061
802,4,will,8.14061
802,5,assemble,14.9709
802,6,the,3.88637
802,7,bed,13.9958
802,8,for,6.50094
802,9,his,6.89817
802,10,parents,9.76187
802,11,.,3.2068
802,12,</s>,23.3093
803,0,we,10.0475
803,1,all,6.75965
803,2,know,4.10726
803,3,who,6.98061
803,4,the,5.01207
803,5,young,11.3975
803,6,professional,10.791
803,7,will,11.2202
803,8,assemble,14.8049
803,9,the,3.88637
803,10,bed,13.9958
803,11,for,6.50094
803,12,his,6.89817
803,13,parents,9.76187
803,14,.,3.2068
803,15,</s>,23.3093
804,0,we,10.0475
804,1,all,6.75965
804,2,know,4.10726
804,3,that,2.3121
804,4,my,8.87087
804,5,neighbor,12.3667
804,6,said,12.349
804,7,will,11.0337
804,8,assemble,14.8207
804,9,the,3.88637
804,10,bed,13.9958
804,11,for,6.50094
804,12,his,6.89817
804,13,parents,9.76187
804,14,.,3.2068
804,15,</s>,23.3093
805,0,we,10.0475
805,1,all,6.75965
805,2,know,4.10726
805,3,that,2.3121
805,4,my,8.87087
805,5,neighbor,12.3667
805,6,said,12.349
805,7,the,4.51729
805,8,young,11.496
805,9,professional,10.791
805,10,will,11.2202
805,11,assemble,14.8049
805,12,the,3.88637
805,13,bed,13.9958
805,14,for,6.50094
805,15,his,6.89817
805,16,parents,9.76187
805,17,.,3.2068
805,18,</s>,23.3093
806,0,we,10.0475
806,1,all,6.75965
806,2,know,4.10726
806,3,who,6.98061
806,4,my,15.1798
806,5,neighbor,12.1891
806,6,said,12.349
806,7,will,11.0337
806,8,assemble,14.8207
806,9,the,3.88637
806,10,bed,13.9958
806,11,for,6.50094
806,12,his,6.89817
806,13,parents,9.76187
806,14,.,3.2068
806,15,</s>,23.3093
807,0,we,10.0475
807,1,all,6.75965
807,2,know,4.10726
807,3,who,6.98061
807,4,my,15.1798
807,5,neighbor,12.1891
807,6,said,12.349
807,7,the,4.51729
807,8,young,11.496
807,9,professional,10.791
807,10,will,11.2202
807,11,assemble,14.8049
807,12,the,3.88637
807,13,bed,13.9958
807,14,for,6.50094
807,15,his,6.89817
807,16,parents,9.76187
807,17,.,3.2068
807,18,</s>,23.3093
808,0,we,10.0475
808,1,all,6.75965
808,2,know,4.10726
808,3,that,2.3121
808,4,my,8.87087
808,5,neighbor,12.3667
808,6,said,12.349
808,7,her,8.56149
808,8,associate,14.0624
808,9,knew,15.0219
808,10,will,11.9486
808,11,assemble,14.8049
808,12,the,3.88637
808,13,bed,13.9958
808,14,for,6.50094
808,15,his,6.89817
808,16,parents,9.76187
808,17,.,3.2068
808,18,</s>,23.3093
809,0,we,10.0475
809,1,all,6.75965
809,2,know,4.10726
809,3,that,2.3121
809,4,my,8.87087
809,5,neighbor,12.3667
809,6,said,12.349
809,7,her,8.56149
809,8,associate,14.0624
809,9,knew,15.0219
809,10,the,4.27224
809,11,young,11.1359
809,12,professional,10.791
809,13,will,11.2202
809,14,assemble,14.8049
809,15,the,3.88637
809,16,bed,13.9958
809,17,for,6.50094
809,18,his,6.89817
809,19,parents,9.76187
809,20,.,3.2068
809,21,</s>,23.3093
810,0,we,10.0475
810,1,all,6.75965
810,2,know,4.10726
810,3,who,6.98061
810,4,my,15.1798
810,5,neighbor,12.1891
810,6,said,12.349
810,7,her,8.56149
810,8,associate,14.0624
810,9,knew,15.0219
810,10,will,11.9486
810,11,assemble,14.8049
810,12,the,3.88637
810,13,bed,13.9958
810,14,for,6.50094
810,15,his,6.89817
810,16,parents,9.76187
810,17,.,3.2068
810,18,</s>,23.3093
811,0,we,10.0475
811,1,all,6.75965
811,2,know,4.10726
811,3,who,6.98061
811,4,my,15.1798
811,5,neighbor,12.1891
811,6,said,12.349
811,7,her,8.56149
811,8,associate,14.0624
811,9,knew,15.0219
811,10,the,4.27224
811,11,young,11.1359
811,12,professional,10.791
811,13,will,11.2202
811,14,assemble,14.8049
811,15,the,3.88637
811,16,bed,13.9958
811,17,for,6.50094
811,18,his,6.89817
811,19,parents,9.76187
811,20,.,3.2068
811,21,</s>,23.3093
812,0,we,10.0475
812,1,all,6.75965
812,2,know,4.10726
812,3,that,2.3121
812,4,my,8.87087
812,5,neighbor,12.3667
812,6,said,12.349
812,7,her,8.56149
812,8,associate,14.0624
812,9,knew,15.0219
812,10,a,6.76036
812,11,friend,11.5689
812,12,thinks,14.4189
812,13,will,8.26706
812,14,assemble,15.387
812,15,the,3.88637
812,16,bed,13.9958
812,17,for,6.50094
812,18,his,6.89817
812,19,parents,9.76187
812,20,.,3.2068
812,21,</s>,23.3093
813,0,we,10.0475
813,1,all,6.75965
813,2,know,4.10726
813,3,that,2.3121
813,4,my,8.87087
813,5,neighbor,12.3667
813,6,said,12.349
813,7,her,8.56149
813,8,associate,14.0624
813,9,knew,15.0219
813,10,a,6.76036
813,11,friend,11.5689
813,12,thinks,14.4189
813,13,the,4.82114
813,14,young,10.991
813,15,professional,10.791
813,16,will,11.2202
813,17,assemble,14.8049
813,18,the,3.88637
813,19,bed,13.9958
813,20,for,6.50094
813,21,his,6.89817
813,22,parents,9.76187
813,23,.,3.2068
813,24,</s>,23.3093
814,0,we,10.0475
814,1,all,6.75965
814,2,know,4.10726
814,3,who,6.98061
814,4,my,15.1798
814,5,neighbor,12.1891
814,6,said,12.349
814,7,her,8.56149
814,8,associate,14.0624
814,9,knew,15.0219
814,10,a,6.76036
814,11,friend,11.5689
814,12,thinks,14.4189
814,13,will,8.26706
814,14,assemble,15.387
814,15,the,3.88637
814,16,bed,13.9958
814,17,for,6.50094
814,18,his,6.89817
814,19,parents,9.76187
814,20,.,3.2068
814,21,</s>,23.3093
815,0,we,10.0475
815,1,all,6.75965
815,2,know,4.10726
815,3,who,6.98061
815,4,my,15.1798
815,5,neighbor,12.1891
815,6,said,12.349
815,7,her,8.56149
815,8,associate,14.0624
815,9,knew,15.0219
815,10,a,6.76036
815,11,friend,11.5689
815,12,thinks,14.4189
815,13,the,4.82114
815,14,young,10.991
815,15,professional,10.791
815,16,will,11.2202
815,17,assemble,14.8049
815,18,the,3.88637
815,19,bed,13.9958
815,20,for,6.50094
815,21,his,6.89817
815,22,parents,9.76187
815,23,.,3.2068
815,24,</s>,23.3093
816,0,we,10.0475
816,1,all,6.75965
816,2,know,4.10726
816,3,that,2.3121
816,4,my,8.87087
816,5,neighbor,12.3667
816,6,said,12.349
816,7,her,8.56149
816,8,associate,14.0624
816,9,knew,15.0219
816,10,a,6.76036
816,11,friend,11.5689
816,12,thinks,14.4189
816,13,will,8.26706
816,14,assemble,15.387
816,15,the,3.88637
816,16,bed,13.9958
816,17,for,6.50094
816,18,his,6.89817
816,19,parents,9.76187
816,20,.,3.2068
816,21,</s>,23.3093
817,0,we,10.0475
817,1,all,6.75965
817,2,know,4.10726
817,3,that,2.3121
817,4,my,8.87087
817,5,neighbor,12.3667
817,6,said,12.349
817,7,her,8.56149
817,8,associate,14.0624
817,9,knew,15.0219
817,10,a,6.76036
817,11,friend,11.5689
817,12,thinks,14.4189
817,13,the,4.82114
817,14,young,10.991
817,15,professional,10.791
817,16,will,11.2202
817,17,assemble,14.8049
817,18,the,3.88637
817,19,bed,13.9958
817,20,for,6.50094
817,21,his,6.89817
817,22,parents,9.76187
817,23,.,3.2068
817,24,</s>,23.3093
818,0,we,10.0475
818,1,all,6.75965
818,2,know,4.10726
818,3,who,6.98061
818,4,my,15.1798
818,5,neighbor,12.1891
818,6,said,12.349
818,7,her,8.56149
818,8,associate,14.0624
818,9,knew,15.0219
818,10,a,6.76036
818,11,friend,11.5689
818,12,thinks,14.4189
818,13,will,8.26706
818,14,assemble,15.387
818,15,the,3.88637
818,16,bed,13.9958
818,17,for,6.50094
818,18,his,6.89817
818,19,parents,9.76187
818,20,.,3.2068
818,21,</s>,23.3093
819,0,we,10.0475
819,1,all,6.75965
819,2,know,4.10726
819,3,who,6.98061
819,4,my,15.1798
819,5,neighbor,12.1891
819,6,said,12.349
819,7,her,8.56149
819,8,associate,14.0624
819,9,knew,15.0219
819,10,a,6.76036
819,11,friend,11.5689
819,12,thinks,14.4189
819,13,the,4.82114
819,14,young,10.991
819,15,professional,10.791
819,16,will,11.2202
819,17,assemble,14.8049
819,18,the,3.88637
819,19,bed,13.9958
819,20,for,6.50094
819,21,his,6.89817
819,22,parents,9.76187
819,23,.,3.2068
819,24,</s>,23.3093
820,0,the,2.46696
820,1,novel,9.51698
820,2,revealed,16.1614
820,3,that,2.12798
820,4,could,8.17987
820,5,say,10.7872
820,6,something,6.97916
820,7,to,4.57689
820,8,his,7.29149
820,9,donors,17.4472
820,10,.,2.92651
820,11,</s>,27.1213
821,0,the,2.46696
821,1,novel,9.51698
821,2,revealed,16.1614
821,3,that,2.12798
821,4,the,3.14083
821,5,young,10.2436
821,6,politician,15.5085
821,7,could,10.1484
821,8,say,10.2068
821,9,something,6.97916
821,10,to,4.57689
821,11,his,7.29149
821,12,donors,17.4472
821,13,.,2.92651
821,14,</s>,27.1213
822,0,the,2.46696
822,1,novel,9.51698
822,2,revealed,16.1614
822,3,who,8.87133
822,4,could,7.13325
822,5,say,10.3467
822,6,something,6.97916
822,7,to,4.57689
822,8,his,7.29149
822,9,donors,17.4472
822,10,.,2.92651
822,11,</s>,27.1213
823,0,the,2.46696
823,1,novel,9.51698
823,2,revealed,16.1614
823,3,who,8.87133
823,4,the,8.96323
823,5,young,11.3133
823,6,politician,15.0239
823,7,could,10.1484
823,8,say,10.2068
823,9,something,6.97916
823,10,to,4.57689
823,11,his,7.29149
823,12,donors,17.4472
823,13,.,2.92651
823,14,</s>,27.1213
824,0,the,2.46696
824,1,novel,9.51698
824,2,revealed,16.1614
824,3,that,2.12798
824,4,our,11.3146
824,5,friend,10.3295
824,6,thought,13.2345
824,7,could,10.0111
824,8,say,10.2844
824,9,something,6.97916
824,10,to,4.57689
824,11,his,7.29149
824,12,donors,17.4472
824,13,.,2.92651
824,14,</s>,27.1213
825,0,the,2.46696
825,1,novel,9.51698
825,2,revealed,16.1614
825,3,that,2.12798
825,4,our,11.3146
825,5,friend,10.3295
825,6,thought,13.2345
825,7,the,4.36895
825,8,young,11.349
825,9,politician,15.0239
825,10,could,10.1484
825,11,say,10.2068
825,12,something,6.97916
825,13,to,4.57689
825,14,his,7.29149
825,15,donors,17.4472
825,16,.,2.92651
825,17,</s>,27.1213
826,0,the,2.46696
826,1,novel,9.51698
826,2,revealed,16.1614
826,3,who,8.87133
826,4,our,14.756
826,5,friend,10.1911
826,6,thought,13.2345
826,7,could,10.0111
826,8,say,10.2844
826,9,something,6.97916
826,10,to,4.57689
826,11,his,7.29149
826,12,donors,17.4472
826,13,.,2.92651
826,14,</s>,27.1213
827,0,the,2.46696
827,1,novel,9.51698
827,2,revealed,16.1614
827,3,who,8.87133
827,4,our,14.756
827,5,friend,10.1911
827,6,thought,13.2345
827,7,the,4.36895
827,8,young,11.349
827,9,politician,15.0239
827,10,could,10.1484
827,11,say,10.2068
827,12,something,6.97916
827,13,to,4.57689
827,14,his,7.29149
827,15,donors,17.4472
827,16,.,2.92651
827,17,</s>,27.1213
828,0,the,2.46696
828,1,novel,9.51698
828,2,revealed,16.1614
828,3,that,2.12798
828,4,our,11.3146
828,5,friend,10.3295
828,6,thought,13.2345
828,7,the,4.36895
828,8,reporter,14.7372
828,9,knows,11.8847
828,10,could,11.4227
828,11,say,10.2068
828,12,something,6.97916
828,13,to,4.57689
828,14,his,7.29149
828,15,donors,17.4472
828,16,.,2.92651
828,17,</s>,27.1213
829,0,the,2.46696
829,1,novel,9.51698
829,2,revealed,16.1614
829,3,that,2.12798
829,4,our,11.3146
829,5,friend,10.3295
829,6,thought,13.2345
829,7,the,4.36895
829,8,reporter,14.7372
829,9,knows,11.8847
829,10,the,3.98972
829,11,young,11.1792
829,12,politician,15.0239
829,13,could,10.1484
829,14,say,10.2068
829,15,something,6.97916
829,16,to,4.57689
829,17,his,7.29149
829,18,donors,17.4472
829,19,.,2.92651
829,20,</s>,27.1213
830,0,the,2.46696
830,1,novel,9.51698
830,2,revealed,16.1614
830,3,who,8.87133
830,4,our,14.756
830,5,friend,10.1911
830,6,thought,13.2345
830,7,the,4.36895
830,8,reporter,14.7372
830,9,knows,11.8847
830,10,could,11.4227
830,11,say,10.2068
830,12,something,6.97916
830,13,to,4.57689
830,14,his,7.29149
830,15,donors,17.4472
830,16,.,2.92651
830,17,</s>,27.1213
831,0,the,2.46696
831,1,novel,9.51698
831,2,revealed,16.1614
831,3,who,8.87133
831,4,our,14.756
831,5,friend,10.1911
831,6,thought,13.2345
831,7,the,4.36895
831,8,reporter,14.7372
831,9,knows,11.8847
831,10,the,3.98972
831,11,young,11.1792
831,12,politician,15.0239
831,13,could,10.1484
831,14,say,10.2068
831,15,something,6.97916
831,16,to,4.57689
831,17,his,7.29149
831,18,donors,17.4472
831,19,.,2.92651
831,20,</s>,27.1213
832,0,the,2.46696
832,1,novel,9.51698
832,2,revealed,16.1614
832,3,that,2.12798
832,4,our,11.3146
832,5,friend,10.3295
832,6,thought,13.2345
832,7,the,4.36895
832,8,reporter,14.7372
832,9,knows,11.8847
832,10,her,8.2918
832,11,contact,13.1566
832,12,said,13.5112
832,13,could,11.0337
832,14,say,10.1677
832,15,something,6.97916
832,16,to,4.57689
832,17,his,7.29149
832,18,donors,17.4472
832,19,.,2.92651
832,20,</s>,27.1213
833,0,the,2.46696
833,1,novel,9.51698
833,2,revealed,16.1614
833,3,that,2.12798
833,4,our,11.3146
833,5,friend,10.3295
833,6,thought,13.2345
833,7,the,4.36895
833,8,reporter,14.7372
833,9,knows,11.8847
833,10,her,8.2918
833,11,contact,13.1566
833,12,said,13.5112
833,13,the,4.51729
833,14,young,11.496
833,15,politician,15.0239
833,16,could,10.1484
833,17,say,10.2068
833,18,something,6.97916
833,19,to,4.57689
833,20,his,7.29149
833,21,donors,17.4472
833,22,.,2.92651
833,23,</s>,27.1213
834,0,the,2.46696
834,1,novel,9.51698
834,2,revealed,16.1614
834,3,who,8.87133
834,4,our,14.756
834,5,friend,10.1911
834,6,thought,13.2345
834,7,the,4.36895
834,8,reporter,14.7372
834,9,knows,11.8847
834,10,her,8.2918
834,11,contact,13.1566
834,12,said,13.5112
834,13,could,11.0337
834,14,say,10.1677
834,15,something,6.97916
834,16,to,4.57689
834,17,his,7.29149
834,18,donors,17.4472
834,19,.,2.92651
834,20,</s>,27.1213
835,0,the,2.46696
835,1,novel,9.51698
835,2,revealed,16.1614
835,3,who,8.87133
835,4,our,14.756
835,5,friend,10.1911
835,6,thought,13.2345
835,7,the,4.36895
835,8,reporter,14.7372
835,9,knows,11.8847
835,10,her,8.2918
835,11,contact,13.1566
835,12,said,13.5112
835,13,the,4.51729
835,14,young,11.496
835,15,politician,15.0239
835,16,could,10.1484
835,17,say,10.2068
835,18,something,6.97916
835,19,to,4.57689
835,20,his,7.29149
835,21,donors,17.4472
835,22,.,2.92651
835,23,</s>,27.1213
836,0,the,2.46696
836,1,novel,9.51698
836,2,revealed,16.1614
836,3,that,2.12798
836,4,our,11.3146
836,5,friend,10.3295
836,6,thought,13.2345
836,7,the,4.36895
836,8,reporter,14.7372
836,9,knows,11.8847
836,10,her,8.2918
836,11,contact,13.1566
836,12,said,13.5112
836,13,could,11.0337
836,14,say,10.1677
836,15,something,6.97916
836,16,to,4.57689
836,17,his,7.29149
836,18,donors,17.4472
836,19,.,2.92651
836,20,</s>,27.1213
837,0,the,2.46696
837,1,novel,9.51698
837,2,revealed,16.1614
837,3,that,2.12798
837,4,our,11.3146
837,5,friend,10.3295
837,6,thought,13.2345
837,7,the,4.36895
837,8,reporter,14.7372
837,9,knows,11.8847
837,10,her,8.2918
837,11,contact,13.1566
837,12,said,13.5112
837,13,the,4.51729
837,14,young,11.496
837,15,politician,15.0239
837,16,could,10.1484
837,17,say,10.2068
837,18,something,6.97916
837,19,to,4.57689
837,20,his,7.29149
837,21,donors,17.4472
837,22,.,2.92651
837,23,</s>,27.1213
838,0,the,2.46696
838,1,novel,9.51698
838,2,revealed,16.1614
838,3,who,8.87133
838,4,our,14.756
838,5,friend,10.1911
838,6,thought,13.2345
838,7,the,4.36895
838,8,reporter,14.7372
838,9,knows,11.8847
838,10,her,8.2918
838,11,contact,13.1566
838,12,said,13.5112
838,13,could,11.0337
838,14,say,10.1677
838,15,something,6.97916
838,16,to,4.57689
838,17,his,7.29149
838,18,donors,17.4472
838,19,.,2.92651
838,20,</s>,27.1213
839,0,the,2.46696
839,1,novel,9.51698
839,2,revealed,16.1614
839,3,who,8.87133
839,4,our,14.756
839,5,friend,10.1911
839,6,thought,13.2345
839,7,the,4.36895
839,8,reporter,14.7372
839,9,knows,11.8847
839,10,her,8.2918
839,11,contact,13.1566
839,12,said,13.5112
839,13,the,4.51729
839,14,young,11.496
839,15,politician,15.0239
839,16,could,10.1484
839,17,say,10.2068
839,18,something,6.97916
839,19,to,4.57689
839,20,his,7.29149
839,21,donors,17.4472
839,22,.,2.92651
839,23,</s>,27.1213
840,0,i,8.92268
840,1,realized,11.9108
840,2,that,1.69028
840,3,should,11.0386
840,4,see,10.2165
840,5,a,2.995
840,6,painting,8.23985
840,7,at,6.77126
840,8,the,1.39093
840,9,museum,9.24348
840,10,.,3.03458
840,11,</s>,26.5317
841,0,i,8.92268
841,1,realized,11.9108
841,2,that,1.69028
841,3,the,5.03629
841,4,suffering,14.4499
841,5,artist,12.6384
841,6,should,10.3261
841,7,see,9.17434
841,8,a,2.995
841,9,painting,8.23985
841,10,at,6.77126
841,11,the,1.39093
841,12,museum,9.24348
841,13,.,3.03458
841,14,</s>,26.5317
842,0,i,8.92268
842,1,realized,11.9108
842,2,who,10.8389
842,3,should,9.60051
842,4,see,9.70568
842,5,a,2.995
842,6,painting,8.23985
842,7,at,6.77126
842,8,the,1.39093
842,9,museum,9.24348
842,10,.,3.03458
842,11,</s>,26.5317
843,0,i,8.92268
843,1,realized,11.9108
843,2,who,10.8389
843,3,the,8.96323
843,4,suffering,14.0508
843,5,artist,12.6384
843,6,should,10.3261
843,7,see,9.17434
843,8,a,2.995
843,9,painting,8.23985
843,10,at,6.77126
843,11,the,1.39093
843,12,museum,9.24348
843,13,.,3.03458
843,14,</s>,26.5317
844,0,i,8.92268
844,1,realized,11.9108
844,2,that,1.69028
844,3,the,5.03629
844,4,painter,16.0492
844,5,believed,13.6633
844,6,should,10.8099
844,7,see,9.38082
844,8,a,2.995
844,9,painting,8.23985
844,10,at,6.77126
844,11,the,1.39093
844,12,museum,9.24348
844,13,.,3.03458
844,14,</s>,26.5317
845,0,i,8.92268
845,1,realized,11.9108
845,2,that,1.69028
845,3,the,5.03629
845,4,painter,16.0492
845,5,believed,13.6633
845,6,the,3.87627
845,7,suffering,13.9333
845,8,artist,12.6384
845,9,should,10.3261
845,10,see,9.17434
845,11,a,2.995
845,12,painting,8.23985
845,13,at,6.77126
845,14,the,1.39093
845,15,museum,9.24348
845,16,.,3.03458
845,17,</s>,26.5317
846,0,i,8.92268
846,1,realized,11.9108
846,2,who,10.8389
846,3,the,8.96323
846,4,painter,14.011
846,5,believed,13.6633
846,6,should,10.8099
846,7,see,9.38082
846,8,a,2.995
846,9,painting,8.23985
846,10,at,6.77126
846,11,the,1.39093
846,12,museum,9.24348
846,13,.,3.03458
846,14,</s>,26.5317
847,0,i,8.92268
847,1,realized,11.9108
847,2,who,10.8389
847,3,the,8.96323
847,4,painter,14.011
847,5,believed,13.6633
847,6,the,3.87627
847,7,suffering,13.9333
847,8,artist,12.6384
847,9,should,10.3261
847,10,see,9.17434
847,11,a,2.995
847,12,painting,8.23985
847,13,at,6.77126
847,14,the,1.39093
847,15,museum,9.24348
847,16,.,3.03458
847,17,</s>,26.5317
848,0,i,8.92268
848,1,realized,11.9108
848,2,that,1.69028
848,3,the,5.03629
848,4,painter,16.0492
848,5,believed,13.6633
848,6,his,6.52022
848,7,rival,11.1361
848,8,suspected,15.8711
848,9,should,11.889
848,10,see,9.38082
848,11,a,2.995
848,12,painting,8.23985
848,13,at,6.77126
848,14,the,1.39093
848,15,museum,9.24348
848,16,.,3.03458
848,17,</s>,26.5317
849,0,i,8.92268
849,1,realized,11.9108
849,2,that,1.69028
849,3,the,5.03629
849,4,painter,16.0492
849,5,believed,13.6633
849,6,his,6.52022
849,7,rival,11.1361
849,8,suspected,15.8711
849,9,the,5.15323
849,10,suffering,13.7723
849,11,artist,12.6384
849,12,should,10.3261
849,13,see,9.17434
849,14,a,2.995
849,15,painting,8.23985
849,16,at,6.77126
849,17,the,1.39093
849,18,museum,9.24348
849,19,.,3.03458
849,20,</s>,26.5317
850,0,i,8.92268
850,1,realized,11.9108
850,2,who,10.8389
850,3,the,8.96323
850,4,painter,14.011
850,5,believed,13.6633
850,6,his,6.52022
850,7,rival,11.1361
850,8,suspected,15.8711
850,9,should,11.889
850,10,see,9.38082
850,11,a,2.995
850,12,painting,8.23985
850,13,at,6.77126
850,14,the,1.39093
850,15,museum,9.24348
850,16,.,3.03458
850,17,</s>,26.5317
851,0,i,8.92268
851,1,realized,11.9108
851,2,who,10.8389
851,3,the,8.96323
851,4,painter,14.011
851,5,believed,13.6633
851,6,his,6.52022
851,7,rival,11.1361
851,8,suspected,15.8711
851,9,the,5.15323
851,10,suffering,13.7723
851,11,artist,12.6384
851,12,should,10.3261
851,13,see,9.17434
851,14,a,2.995
851,15,painting,8.23985
851,16,at,6.77126
851,17,the,1.39093
851,18,museum,9.24348
851,19,.,3.03458
851,20,</s>,26.5317
852,0,i,8.92268
852,1,realized,11.9108
852,2,that,1.69028
852,3,the,5.03629
852,4,painter,16.0492
852,5,believed,13.6633
852,6,his,6.52022
852,7,rival,11.1361
852,8,suspected,15.8711
852,9,the,5.15323
852,10,man,11.1775
852,11,said,9.6055
852,12,should,12.6793
852,13,see,9.79989
852,14,a,2.995
852,15,painting,8.23985
852,16,at,6.77126
852,17,the,1.39093
852,18,museum,9.24348
852,19,.,3.03458
852,20,</s>,26.5317
853,0,i,8.92268
853,1,realized,11.9108
853,2,that,1.69028
853,3,the,5.03629
853,4,painter,16.0492
853,5,believed,13.6633
853,6,his,6.52022
853,7,rival,11.1361
853,8,suspected,15.8711
853,9,the,5.15323
853,10,man,11.1775
853,11,said,9.6055
853,12,the,4.64906
853,13,suffering,14.2335
853,14,artist,12.6384
853,15,should,10.3261
853,16,see,9.17434
853,17,a,2.995
853,18,painting,8.23985
853,19,at,6.77126
853,20,the,1.39093
853,21,museum,9.24348
853,22,.,3.03458
853,23,</s>,26.5317
854,0,i,8.92268
854,1,realized,11.9108
854,2,who,10.8389
854,3,the,8.96323
854,4,painter,14.011
854,5,believed,13.6633
854,6,his,6.52022
854,7,rival,11.1361
854,8,suspected,15.8711
854,9,the,5.15323
854,10,man,11.1775
854,11,said,9.6055
854,12,should,12.6793
854,13,see,9.79989
854,14,a,2.995
854,15,painting,8.23985
854,16,at,6.77126
854,17,the,1.39093
854,18,museum,9.24348
854,19,.,3.03458
854,20,</s>,26.5317
855,0,i,8.92268
855,1,realized,11.9108
855,2,who,10.8389
855,3,the,8.96323
855,4,painter,14.011
855,5,believed,13.6633
855,6,his,6.52022
855,7,rival,11.1361
855,8,suspected,15.8711
855,9,the,5.15323
855,10,man,11.1775
855,11,said,9.6055
855,12,the,4.64906
855,13,suffering,14.2335
855,14,artist,12.6384
855,15,should,10.3261
855,16,see,9.17434
855,17,a,2.995
855,18,painting,8.23985
855,19,at,6.77126
855,20,the,1.39093
855,21,museum,9.24348
855,22,.,3.03458
855,23,</s>,26.5317
856,0,i,8.92268
856,1,realized,11.9108
856,2,that,1.69028
856,3,the,5.03629
856,4,painter,16.0492
856,5,believed,13.6633
856,6,his,6.52022
856,7,rival,11.1361
856,8,suspected,15.8711
856,9,the,5.15323
856,10,man,11.1775
856,11,said,9.6055
856,12,should,12.6793
856,13,see,9.79989
856,14,a,2.995
856,15,painting,8.23985
856,16,at,6.77126
856,17,the,1.39093
856,18,museum,9.24348
856,19,.,3.03458
856,20,</s>,26.5317
857,0,i,8.92268
857,1,realized,11.9108
857,2,that,1.69028
857,3,the,5.03629
857,4,painter,16.0492
857,5,believed,13.6633
857,6,his,6.52022
857,7,rival,11.1361
857,8,suspected,15.8711
857,9,the,5.15323
857,10,man,11.1775
857,11,said,9.6055
857,12,the,4.64906
857,13,suffering,14.2335
857,14,artist,12.6384
857,15,should,10.3261
857,16,see,9.17434
857,17,a,2.995
857,18,painting,8.23985
857,19,at,6.77126
857,20,the,1.39093
857,21,museum,9.24348
857,22,.,3.03458
857,23,</s>,26.5317
858,0,i,8.92268
858,1,realized,11.9108
858,2,who,10.8389
858,3,the,8.96323
858,4,painter,14.011
858,5,believed,13.6633
858,6,his,6.52022
858,7,rival,11.1361
858,8,suspected,15.8711
858,9,the,5.15323
858,10,man,11.1775
858,11,said,9.6055
858,12,should,12.6793
858,13,see,9.79989
858,14,a,2.995
858,15,painting,8.23985
858,16,at,6.77126
858,17,the,1.39093
858,18,museum,9.24348
858,19,.,3.03458
858,20,</s>,26.5317
859,0,i,8.92268
859,1,realized,11.9108
859,2,who,10.8389
859,3,the,8.96323
859,4,painter,14.011
859,5,believed,13.6633
859,6,his,6.52022
859,7,rival,11.1361
859,8,suspected,15.8711
859,9,the,5.15323
859,10,man,11.1775
859,11,said,9.6055
859,12,the,4.64906
859,13,suffering,14.2335
859,14,artist,12.6384
859,15,should,10.3261
859,16,see,9.17434
859,17,a,2.995
859,18,painting,8.23985
859,19,at,6.77126
859,20,the,1.39093
859,21,museum,9.24348
859,22,.,3.03458
859,23,</s>,26.5317
860,0,her,8.64749
860,1,friend,9.12529
860,2,found,13.4363
860,3,out,6.16715
860,4,that,2.20105
860,5,could,8.33926
860,6,tell,10.1386
860,7,a,4.15727
860,8,story,1.29991
860,9,to,5.18161
860,10,the,4.92081
860,11,guests,13.8112
860,12,.,2.69536
860,13,</s>,23.7244
861,0,her,8.64749
861,1,friend,9.12529
861,2,found,13.4363
861,3,out,6.16715
861,4,that,2.20105
861,5,the,2.81468
861,6,visitor,14.4823
861,7,could,10.999
861,8,tell,9.55815
861,9,a,4.15727
861,10,story,1.29991
861,11,to,5.18161
861,12,the,4.92081
861,13,guests,13.8112
861,14,.,2.69536
861,15,</s>,23.7244
862,0,her,8.64749
862,1,friend,9.12529
862,2,found,13.4363
862,3,out,6.16715
862,4,who,6.7726
862,5,could,7.28608
862,6,tell,8.703
862,7,a,4.15727
862,8,story,1.29991
862,9,to,5.18161
862,10,the,4.92081
862,11,guests,13.8112
862,12,.,2.69536
862,13,</s>,23.7244
863,0,her,8.64749
863,1,friend,9.12529
863,2,found,13.4363
863,3,out,6.16715
863,4,who,6.7726
863,5,the,4.57689
863,6,visitor,14.0308
863,7,could,10.999
863,8,tell,9.55815
863,9,a,4.15727
863,10,story,1.29991
863,11,to,5.18161
863,12,the,4.92081
863,13,guests,13.8112
863,14,.,2.69536
863,15,</s>,23.7244
864,0,her,8.64749
864,1,friend,9.12529
864,2,found,13.4363
864,3,out,6.16715
864,4,that,2.20105
864,5,my,11.9773
864,6,friend,8.38062
864,7,believed,13.9177
864,8,could,9.64821
864,9,tell,9.47417
864,10,a,4.15727
864,11,story,1.29991
864,12,to,5.18161
864,13,the,4.92081
864,14,guests,13.8112
864,15,.,2.69536
864,16,</s>,23.7244
865,0,her,8.64749
865,1,friend,9.12529
865,2,found,13.4363
865,3,out,6.16715
865,4,that,2.20105
865,5,my,11.9773
865,6,friend,8.38062
865,7,believed,13.9177
865,8,the,3.87627
865,9,visitor,13.9133
865,10,could,10.999
865,11,tell,9.55815
865,12,a,4.15727
865,13,story,1.29991
865,14,to,5.18161
865,15,the,4.92081
865,16,guests,13.8112
865,17,.,2.69536
865,18,</s>,23.7244
866,0,her,8.64749
866,1,friend,9.12529
866,2,found,13.4363
866,3,out,6.16715
866,4,who,6.7726
866,5,my,14.9088
866,6,friend,8.20306
866,7,believed,13.9177
866,8,could,9.64821
866,9,tell,9.47417
866,10,a,4.15727
866,11,story,1.29991
866,12,to,5.18161
866,13,the,4.92081
866,14,guests,13.8112
866,15,.,2.69536
866,16,</s>,23.7244
867,0,her,8.64749
867,1,friend,9.12529
867,2,found,13.4363
867,3,out,6.16715
867,4,who,6.7726
867,5,my,14.9088
867,6,friend,8.20306
867,7,believed,13.9177
867,8,the,3.87627
867,9,visitor,13.9133
867,10,could,10.999
867,11,tell,9.55815
867,12,a,4.15727
867,13,story,1.29991
867,14,to,5.18161
867,15,the,4.92081
867,16,guests,13.8112
867,17,.,2.69536
867,18,</s>,23.7244
868,0,her,8.64749
868,1,friend,9.12529
868,2,found,13.4363
868,3,out,6.16715
868,4,that,2.20105
868,5,my,11.9773
868,6,friend,8.38062
868,7,believed,13.9177
868,8,the,3.87627
868,9,professor,14.3243
868,10,said,12.9282
868,11,could,11.0337
868,12,tell,9.51907
868,13,a,4.15727
868,14,story,1.29991
868,15,to,5.18161
868,16,the,4.92081
868,17,guests,13.8112
868,18,.,2.69536
868,19,</s>,23.7244
869,0,her,8.64749
869,1,friend,9.12529
869,2,found,13.4363
869,3,out,6.16715
869,4,that,2.20105
869,5,my,11.9773
869,6,friend,8.38062
869,7,believed,13.9177
869,8,the,3.87627
869,9,professor,14.3243
869,10,said,12.9282
869,11,the,4.51729
869,12,visitor,14.2135
869,13,could,10.999
869,14,tell,9.55815
869,15,a,4.15727
869,16,story,1.29991
869,17,to,5.18161
869,18,the,4.92081
869,19,guests,13.8112
869,20,.,2.69536
869,21,</s>,23.7244
870,0,her,8.64749
870,1,friend,9.12529
870,2,found,13.4363
870,3,out,6.16715
870,4,who,6.7726
870,5,my,14.9088
870,6,friend,8.20306
870,7,believed,13.9177
870,8,the,3.87627
870,9,professor,14.3243
870,10,said,12.9282
870,11,could,11.0337
870,12,tell,9.51907
870,13,a,4.15727
870,14,story,1.29991
870,15,to,5.18161
870,16,the,4.92081
870,17,guests,13.8112
870,18,.,2.69536
870,19,</s>,23.7244
871,0,her,8.64749
871,1,friend,9.12529
871,2,found,13.4363
871,3,out,6.16715
871,4,who,6.7726
871,5,my,14.9088
871,6,friend,8.20306
871,7,believed,13.9177
871,8,the,3.87627
871,9,professor,14.3243
871,10,said,12.9282
871,11,the,4.51729
871,12,visitor,14.2135
871,13,could,10.999
871,14,tell,9.55815
871,15,a,4.15727
871,16,story,1.29991
871,17,to,5.18161
871,18,the,4.92081
871,19,guests,13.8112
871,20,.,2.69536
871,21,</s>,23.7244
872,0,her,8.64749
872,1,friend,9.12529
872,2,found,13.4363
872,3,out,6.16715
872,4,that,2.20105
872,5,my,11.9773
872,6,friend,8.38062
872,7,believed,13.9177
872,8,the,3.87627
872,9,professor,14.3243
872,10,said,12.9282
872,11,his,6.83762
872,12,colleague,11.8476
872,13,noticed,15.6736
872,14,could,11.8887
872,15,tell,9.55815
872,16,a,4.15727
872,17,story,1.29991
872,18,to,5.18161
872,19,the,4.92081
872,20,guests,13.8112
872,21,.,2.69536
872,22,</s>,23.7244
873,0,her,8.64749
873,1,friend,9.12529
873,2,found,13.4363
873,3,out,6.16715
873,4,that,2.20105
873,5,my,11.9773
873,6,friend,8.38062
873,7,believed,13.9177
873,8,the,3.87627
873,9,professor,14.3243
873,10,said,12.9282
873,11,his,6.83762
873,12,colleague,11.8476
873,13,noticed,15.6736
873,14,the,3.60056
873,15,visitor,13.8254
873,16,could,10.999
873,17,tell,9.55815
873,18,a,4.15727
873,19,story,1.29991
873,20,to,5.18161
873,21,the,4.92081
873,22,guests,13.8112
873,23,.,2.69536
873,24,</s>,23.7244
874,0,her,8.64749
874,1,friend,9.12529
874,2,found,13.4363
874,3,out,6.16715
874,4,who,6.7726
874,5,my,14.9088
874,6,friend,8.20306
874,7,believed,13.9177
874,8,the,3.87627
874,9,professor,14.3243
874,10,said,12.9282
874,11,his,6.83762
874,12,colleague,11.8476
874,13,noticed,15.6736
874,14,could,11.8887
874,15,tell,9.55815
874,16,a,4.15727
874,17,story,1.29991
874,18,to,5.18161
874,19,the,4.92081
874,20,guests,13.8112
874,21,.,2.69536
874,22,</s>,23.7244
875,0,her,8.64749
875,1,friend,9.12529
875,2,found,13.4363
875,3,out,6.16715
875,4,who,6.7726
875,5,my,14.9088
875,6,friend,8.20306
875,7,believed,13.9177
875,8,the,3.87627
875,9,professor,14.3243
875,10,said,12.9282
875,11,his,6.83762
875,12,colleague,11.8476
875,13,noticed,15.6736
875,14,the,3.60056
875,15,visitor,13.8254
875,16,could,10.999
875,17,tell,9.55815
875,18,a,4.15727
875,19,story,1.29991
875,20,to,5.18161
875,21,the,4.92081
875,22,guests,13.8112
875,23,.,2.69536
875,24,</s>,23.7244
876,0,her,8.64749
876,1,friend,9.12529
876,2,found,13.4363
876,3,out,6.16715
876,4,that,2.20105
876,5,my,11.9773
876,6,friend,8.38062
876,7,believed,13.9177
876,8,the,3.87627
876,9,professor,14.3243
876,10,said,12.9282
876,11,his,6.83762
876,12,colleague,11.8476
876,13,noticed,15.6736
876,14,could,11.8887
876,15,tell,9.55815
876,16,a,4.15727
876,17,story,1.29991
876,18,to,5.18161
876,19,the,4.92081
876,20,guests,13.8112
876,21,.,2.69536
876,22,</s>,23.7244
877,0,her,8.64749
877,1,friend,9.12529
877,2,found,13.4363
877,3,out,6.16715
877,4,that,2.20105
877,5,my,11.9773
877,6,friend,8.38062
877,7,believed,13.9177
877,8,the,3.87627
877,9,professor,14.3243
877,10,said,12.9282
877,11,his,6.83762
877,12,colleague,11.8476
877,13,noticed,15.6736
877,14,the,3.60056
877,15,visitor,13.8254
877,16,could,10.999
877,17,tell,9.55815
877,18,a,4.15727
877,19,story,1.29991
877,20,to,5.18161
877,21,the,4.92081
877,22,guests,13.8112
877,23,.,2.69536
877,24,</s>,23.7244
878,0,her,8.64749
878,1,friend,9.12529
878,2,found,13.4363
878,3,out,6.16715
878,4,who,6.7726
878,5,my,14.9088
878,6,friend,8.20306
878,7,believed,13.9177
878,8,the,3.87627
878,9,professor,14.3243
878,10,said,12.9282
878,11,his,6.83762
878,12,colleague,11.8476
878,13,noticed,15.6736
878,14,could,11.8887
878,15,tell,9.55815
878,16,a,4.15727
878,17,story,1.29991
878,18,to,5.18161
878,19,the,4.92081
878,20,guests,13.8112
878,21,.,2.69536
878,22,</s>,23.7244
879,0,her,8.64749
879,1,friend,9.12529
879,2,found,13.4363
879,3,out,6.16715
879,4,who,6.7726
879,5,my,14.9088
879,6,friend,8.20306
879,7,believed,13.9177
879,8,the,3.87627
879,9,professor,14.3243
879,10,said,12.9282
879,11,his,6.83762
879,12,colleague,11.8476
879,13,noticed,15.6736
879,14,the,3.60056
879,15,visitor,13.8254
879,16,could,10.999
879,17,tell,9.55815
879,18,a,4.15727
879,19,story,1.29991
879,20,to,5.18161
879,21,the,4.92081
879,22,guests,13.8112
879,23,.,2.69536
879,24,</s>,23.7244
880,0,the,2.46696
880,1,newspaper,11.0881
880,2,reported,6.60225
880,3,that,1.24124
880,4,might,9.78536
880,5,sell,11.3484
880,6,a,6.13132
880,7,car,10.8483
880,8,to,5.66207
880,9,his,8.12579
880,10,friend,7.38031
880,11,.,4.55885
880,12,</s>,24.3093
881,0,the,2.46696
881,1,newspaper,11.0881
881,2,reported,6.60225
881,3,that,1.24124
881,4,the,3.00454
881,5,boss,15.2577
881,6,might,11.6672
881,7,sell,10.7539
881,8,a,6.13132
881,9,car,10.8483
881,10,to,5.66207
881,11,his,8.12579
881,12,friend,7.38031
881,13,.,4.55885
881,14,</s>,24.3093
882,0,the,2.46696
882,1,newspaper,11.0881
882,2,reported,6.60225
882,3,who,12.6468
882,4,might,8.58329
882,5,sell,11.1023
882,6,a,6.13132
882,7,car,10.8483
882,8,to,5.66207
882,9,his,8.12579
882,10,friend,7.38031
882,11,.,4.55885
882,12,</s>,24.3093
883,0,the,2.46696
883,1,newspaper,11.0881
883,2,reported,6.60225
883,3,who,12.6468
883,4,the,8.96323
883,5,boss,14.2445
883,6,might,11.6672
883,7,sell,10.7539
883,8,a,6.13132
883,9,car,10.8483
883,10,to,5.66207
883,11,his,8.12579
883,12,friend,7.38031
883,13,.,4.55885
883,14,</s>,24.3093
884,0,the,2.46696
884,1,newspaper,11.0881
884,2,reported,6.60225
884,3,that,1.24124
884,4,the,3.00454
884,5,investigator,16.6471
884,6,thought,13.3713
884,7,might,10.4781
884,8,sell,10.8027
884,9,a,6.13132
884,10,car,10.8483
884,11,to,5.66207
884,12,his,8.12579
884,13,friend,7.38031
884,14,.,4.55885
884,15,</s>,24.3093
885,0,the,2.46696
885,1,newspaper,11.0881
885,2,reported,6.60225
885,3,that,1.24124
885,4,the,3.00454
885,5,investigator,16.6471
885,6,thought,13.3713
885,7,the,4.36895
885,8,boss,14.2802
885,9,might,11.6672
885,10,sell,10.7539
885,11,a,6.13132
885,12,car,10.8483
885,13,to,5.66207
885,14,his,8.12579
885,15,friend,7.38031
885,16,.,4.55885
885,17,</s>,24.3093
886,0,the,2.46696
886,1,newspaper,11.0881
886,2,reported,6.60225
886,3,who,12.6468
886,4,the,8.96323
886,5,investigator,16.0741
886,6,thought,13.3713
886,7,might,10.4781
886,8,sell,10.8027
886,9,a,6.13132
886,10,car,10.8483
886,11,to,5.66207
886,12,his,8.12579
886,13,friend,7.38031
886,14,.,4.55885
886,15,</s>,24.3093
887,0,the,2.46696
887,1,newspaper,11.0881
887,2,reported,6.60225
887,3,who,12.6468
887,4,the,8.96323
887,5,investigator,16.0741
887,6,thought,13.3713
887,7,the,4.36895
887,8,boss,14.2802
887,9,might,11.6672
887,10,sell,10.7539
887,11,a,6.13132
887,12,car,10.8483
887,13,to,5.66207
887,14,his,8.12579
887,15,friend,7.38031
887,16,.,4.55885
887,17,</s>,24.3093
888,0,the,2.46696
888,1,newspaper,11.0881
888,2,reported,6.60225
888,3,that,1.24124
888,4,the,3.00454
888,5,investigator,16.6471
888,6,thought,13.3713
888,7,the,4.36895
888,8,businessman,16.3792
888,9,believed,13.7448
888,10,might,13.2461
888,11,sell,10.7539
888,12,a,6.13132
888,13,car,10.8483
888,14,to,5.66207
888,15,his,8.12579
888,16,friend,7.38031
888,17,.,4.55885
888,18,</s>,24.3093
889,0,the,2.46696
889,1,newspaper,11.0881
889,2,reported,6.60225
889,3,that,1.24124
889,4,the,3.00454
889,5,investigator,16.6471
889,6,thought,13.3713
889,7,the,4.36895
889,8,businessman,16.3792
889,9,believed,13.7448
889,10,the,3.87627
889,11,boss,14.1271
889,12,might,11.6672
889,13,sell,10.7539
889,14,a,6.13132
889,15,car,10.8483
889,16,to,5.66207
889,17,his,8.12579
889,18,friend,7.38031
889,19,.,4.55885
889,20,</s>,24.3093
890,0,the,2.46696
890,1,newspaper,11.0881
890,2,reported,6.60225
890,3,who,12.6468
890,4,the,8.96323
890,5,investigator,16.0741
890,6,thought,13.3713
890,7,the,4.36895
890,8,businessman,16.3792
890,9,believed,13.7448
890,10,might,13.2461
890,11,sell,10.7539
890,12,a,6.13132
890,13,car,10.8483
890,14,to,5.66207
890,15,his,8.12579
890,16,friend,7.38031
890,17,.,4.55885
890,18,</s>,24.3093
891,0,the,2.46696
891,1,newspaper,11.0881
891,2,reported,6.60225
891,3,who,12.6468
891,4,the,8.96323
891,5,investigator,16.0741
891,6,thought,13.3713
891,7,the,4.36895
891,8,businessman,16.3792
891,9,believed,13.7448
891,10,the,3.87627
891,11,boss,14.1271
891,12,might,11.6672
891,13,sell,10.7539
891,14,a,6.13132
891,15,car,10.8483
891,16,to,5.66207
891,17,his,8.12579
891,18,friend,7.38031
891,19,.,4.55885
891,20,</s>,24.3093
892,0,the,2.46696
892,1,newspaper,11.0881
892,2,reported,6.60225
892,3,that,1.24124
892,4,the,3.00454
892,5,investigator,16.6471
892,6,thought,13.3713
892,7,the,4.36895
892,8,businessman,16.3792
892,9,believed,13.7448
892,10,the,3.87627
892,11,banker,15.3081
892,12,said,12.1542
892,13,might,13.6667
892,14,sell,10.7539
892,15,a,6.13132
892,16,car,10.8483
892,17,to,5.66207
892,18,his,8.12579
892,19,friend,7.38031
892,20,.,4.55885
892,21,</s>,24.3093
893,0,the,2.46696
893,1,newspaper,11.0881
893,2,reported,6.60225
893,3,that,1.24124
893,4,the,3.00454
893,5,investigator,16.6471
893,6,thought,13.3713
893,7,the,4.36895
893,8,businessman,16.3792
893,9,believed,13.7448
893,10,the,3.87627
893,11,banker,15.3081
893,12,said,12.1542
893,13,the,4.51729
893,14,boss,14.4272
893,15,might,11.6672
893,16,sell,10.7539
893,17,a,6.13132
893,18,car,10.8483
893,19,to,5.66207
893,20,his,8.12579
893,21,friend,7.38031
893,22,.,4.55885
893,23,</s>,24.3093
894,0,the,2.46696
894,1,newspaper,11.0881
894,2,reported,6.60225
894,3,who,12.6468
894,4,the,8.96323
894,5,investigator,16.0741
894,6,thought,13.3713
894,7,the,4.36895
894,8,businessman,16.3792
894,9,believed,13.7448
894,10,the,3.87627
894,11,banker,15.3081
894,12,said,12.1542
894,13,might,13.6667
894,14,sell,10.7539
894,15,a,6.13132
894,16,car,10.8483
894,17,to,5.66207
894,18,his,8.12579
894,19,friend,7.38031
894,20,.,4.55885
894,21,</s>,24.3093
895,0,the,2.46696
895,1,newspaper,11.0881
895,2,reported,6.60225
895,3,who,12.6468
895,4,the,8.96323
895,5,investigator,16.0741
895,6,thought,13.3713
895,7,the,4.36895
895,8,businessman,16.3792
895,9,believed,13.7448
895,10,the,3.87627
895,11,banker,15.3081
895,12,said,12.1542
895,13,the,4.51729
895,14,boss,14.4272
895,15,might,11.6672
895,16,sell,10.7539
895,17,a,6.13132
895,18,car,10.8483
895,19,to,5.66207
895,20,his,8.12579
895,21,friend,7.38031
895,22,.,4.55885
895,23,</s>,24.3093
896,0,the,2.46696
896,1,newspaper,11.0881
896,2,reported,6.60225
896,3,that,1.24124
896,4,the,3.00454
896,5,investigator,16.6471
896,6,thought,13.3713
896,7,the,4.36895
896,8,businessman,16.3792
896,9,believed,13.7448
896,10,the,3.87627
896,11,banker,15.3081
896,12,said,12.1542
896,13,might,13.6667
896,14,sell,10.7539
896,15,a,6.13132
896,16,car,10.8483
896,17,to,5.66207
896,18,his,8.12579
896,19,friend,7.38031
896,20,.,4.55885
896,21,</s>,24.3093
897,0,the,2.46696
897,1,newspaper,11.0881
897,2,reported,6.60225
897,3,that,1.24124
897,4,the,3.00454
897,5,investigator,16.6471
897,6,thought,13.3713
897,7,the,4.36895
897,8,businessman,16.3792
897,9,believed,13.7448
897,10,the,3.87627
897,11,banker,15.3081
897,12,said,12.1542
897,13,the,4.51729
897,14,boss,14.4272
897,15,might,11.6672
897,16,sell,10.7539
897,17,a,6.13132
897,18,car,10.8483
897,19,to,5.66207
897,20,his,8.12579
897,21,friend,7.38031
897,22,.,4.55885
897,23,</s>,24.3093
898,0,the,2.46696
898,1,newspaper,11.0881
898,2,reported,6.60225
898,3,who,12.6468
898,4,the,8.96323
898,5,investigator,16.0741
898,6,thought,13.3713
898,7,the,4.36895
898,8,businessman,16.3792
898,9,believed,13.7448
898,10,the,3.87627
898,11,banker,15.3081
898,12,said,12.1542
898,13,might,13.6667
898,14,sell,10.7539
898,15,a,6.13132
898,16,car,10.8483
898,17,to,5.66207
898,18,his,8.12579
898,19,friend,7.38031
898,20,.,4.55885
898,21,</s>,24.3093
899,0,the,2.46696
899,1,newspaper,11.0881
899,2,reported,6.60225
899,3,who,12.6468
899,4,the,8.96323
899,5,investigator,16.0741
899,6,thought,13.3713
899,7,the,4.36895
899,8,businessman,16.3792
899,9,believed,13.7448
899,10,the,3.87627
899,11,banker,15.3081
899,12,said,12.1542
899,13,the,4.51729
899,14,boss,14.4272
899,15,might,11.6672
899,16,sell,10.7539
899,17,a,6.13132
899,18,car,10.8483
899,19,to,5.66207
899,20,his,8.12579
899,21,friend,7.38031
899,22,.,4.55885
899,23,</s>,24.3093
900,0,i,8.92268
900,1,know,6.35939
900,2,that,3.01867
900,3,will,8.78715
900,4,promise,13.7194
900,5,a,8.03327
900,6,raise,14.7345
900,7,to,9.04547
900,8,the,2.20198
900,9,factory,12.2826
900,10,workers,7.49238
900,11,.,2.79684
900,12,</s>,22.7871
901,0,i,8.92268
901,1,know,6.35939
901,2,that,3.01867
901,3,the,4.26664
901,4,business,11.7356
901,5,man,10.7766
901,6,will,8.86233
901,7,promise,13.4882
901,8,a,8.03327
901,9,raise,14.7345
901,10,to,9.04547
901,11,the,2.20198
901,12,factory,12.2826
901,13,workers,7.49238
901,14,.,2.79684
901,15,</s>,22.7871
902,0,i,8.92268
902,1,know,6.35939
902,2,who,6.55265
902,3,will,8.2859
902,4,promise,13.4956
902,5,a,8.03327
902,6,raise,14.7345
902,7,to,9.04547
902,8,the,2.20198
902,9,factory,12.2826
902,10,workers,7.49238
902,11,.,2.79684
902,12,</s>,22.7871
903,0,i,8.92268
903,1,know,6.35939
903,2,who,6.55265
903,3,the,5.15736
903,4,business,11.7403
903,5,man,10.4499
903,6,will,8.86233
903,7,promise,13.4882
903,8,a,8.03327
903,9,raise,14.7345
903,10,to,9.04547
903,11,the,2.20198
903,12,factory,12.2826
903,13,workers,7.49238
903,14,.,2.79684
903,15,</s>,22.7871
904,0,i,8.92268
904,1,know,6.35939
904,2,that,3.01867
904,3,the,4.26664
904,4,secretary,12.6077
904,5,said,12.2064
904,6,will,11.0337
904,7,promise,13.3454
904,8,a,8.03327
904,9,raise,14.7345
904,10,to,9.04547
904,11,the,2.20198
904,12,factory,12.2826
904,13,workers,7.49238
904,14,.,2.79684
904,15,</s>,22.7871
905,0,i,8.92268
905,1,know,6.35939
905,2,that,3.01867
905,3,the,4.26664
905,4,secretary,12.6077
905,5,said,12.2064
905,6,the,4.51729
905,7,business,11.8387
905,8,man,10.4499
905,9,will,8.86233
905,10,promise,13.4882
905,11,a,8.03327
905,12,raise,14.7345
905,13,to,9.04547
905,14,the,2.20198
905,15,factory,12.2826
905,16,workers,7.49238
905,17,.,2.79684
905,18,</s>,22.7871
906,0,i,8.92268
906,1,know,6.35939
906,2,who,6.55265
906,3,the,5.15736
906,4,secretary,13.0341
906,5,said,11.3299
906,6,will,11.0337
906,7,promise,13.3454
906,8,a,8.03327
906,9,raise,14.7345
906,10,to,9.04547
906,11,the,2.20198
906,12,factory,12.2826
906,13,workers,7.49238
906,14,.,2.79684
906,15,</s>,22.7871
907,0,i,8.92268
907,1,know,6.35939
907,2,who,6.55265
907,3,the,5.15736
907,4,secretary,13.0341
907,5,said,11.3299
907,6,the,4.51729
907,7,business,11.8387
907,8,man,10.4499
907,9,will,8.86233
907,10,promise,13.4882
907,11,a,8.03327
907,12,raise,14.7345
907,13,to,9.04547
907,14,the,2.20198
907,15,factory,12.2826
907,16,workers,7.49238
907,17,.,2.79684
907,18,</s>,22.7871
908,0,i,8.92268
908,1,know,6.35939
908,2,that,3.01867
908,3,the,4.26664
908,4,secretary,12.6077
908,5,said,12.2064
908,6,the,4.51729
908,7,journalist,14.9162
908,8,remarked,10.5593
908,9,will,13.0706
908,10,promise,13.3295
908,11,a,8.03327
908,12,raise,14.7345
908,13,to,9.04547
908,14,the,2.20198
908,15,factory,12.2826
908,16,workers,7.49238
908,17,.,2.79684
908,18,</s>,22.7871
909,0,i,8.92268
909,1,know,6.35939
909,2,that,3.01867
909,3,the,4.26664
909,4,secretary,12.6077
909,5,said,12.2064
909,6,the,4.51729
909,7,journalist,14.9162
909,8,remarked,10.5593
909,9,the,9.18833
909,10,business,11.314
909,11,man,10.4499
909,12,will,8.86233
909,13,promise,13.4882
909,14,a,8.03327
909,15,raise,14.7345
909,16,to,9.04547
909,17,the,2.20198
909,18,factory,12.2826
909,19,workers,7.49238
909,20,.,2.79684
909,21,</s>,22.7871
910,0,i,8.92268
910,1,know,6.35939
910,2,who,6.55265
910,3,the,5.15736
910,4,secretary,13.0341
910,5,said,11.3299
910,6,the,4.51729
910,7,journalist,14.9162
910,8,remarked,10.5593
910,9,will,13.0706
910,10,promise,13.3295
910,11,a,8.03327
910,12,raise,14.7345
910,13,to,9.04547
910,14,the,2.20198
910,15,factory,12.2826
910,16,workers,7.49238
910,17,.,2.79684
910,18,</s>,22.7871
911,0,i,8.92268
911,1,know,6.35939
911,2,who,6.55265
911,3,the,5.15736
911,4,secretary,13.0341
911,5,said,11.3299
911,6,the,4.51729
911,7,journalist,14.9162
911,8,remarked,10.5593
911,9,the,9.18833
911,10,business,11.314
911,11,man,10.4499
911,12,will,8.86233
911,13,promise,13.4882
911,14,a,8.03327
911,15,raise,14.7345
911,16,to,9.04547
911,17,the,2.20198
911,18,factory,12.2826
911,19,workers,7.49238
911,20,.,2.79684
911,21,</s>,22.7871
912,0,i,8.92268
912,1,know,6.35939
912,2,that,3.01867
912,3,the,4.26664
912,4,secretary,12.6077
912,5,said,12.2064
912,6,the,4.51729
912,7,journalist,14.9162
912,8,remarked,10.5593
912,9,the,9.18833
912,10,workers,12.5345
912,11,said,11.4791
912,12,will,11.1241
912,13,promise,13.3454
912,14,a,8.03327
912,15,raise,14.7345
912,16,to,9.04547
912,17,the,2.20198
912,18,factory,12.2826
912,19,workers,7.49238
912,20,.,2.79684
912,21,</s>,22.7871
913,0,i,8.92268
913,1,know,6.35939
913,2,that,3.01867
913,3,the,4.26664
913,4,secretary,12.6077
913,5,said,12.2064
913,6,the,4.51729
913,7,journalist,14.9162
913,8,remarked,10.5593
913,9,the,9.18833
913,10,workers,12.5345
913,11,said,11.4791
913,12,the,4.60768
913,13,business,11.8387
913,14,man,10.4499
913,15,will,8.86233
913,16,promise,13.4882
913,17,a,8.03327
913,18,raise,14.7345
913,19,to,9.04547
913,20,the,2.20198
913,21,factory,12.2826
913,22,workers,7.49238
913,23,.,2.79684
913,24,</s>,22.7871
914,0,i,8.92268
914,1,know,6.35939
914,2,who,6.55265
914,3,the,5.15736
914,4,secretary,13.0341
914,5,said,11.3299
914,6,the,4.51729
914,7,journalist,14.9162
914,8,remarked,10.5593
914,9,the,9.18833
914,10,workers,12.5345
914,11,said,11.4791
914,12,will,11.1241
914,13,promise,13.3454
914,14,a,8.03327
914,15,raise,14.7345
914,16,to,9.04547
914,17,the,2.20198
914,18,factory,12.2826
914,19,workers,7.49238
914,20,.,2.79684
914,21,</s>,22.7871
915,0,i,8.92268
915,1,know,6.35939
915,2,who,6.55265
915,3,the,5.15736
915,4,secretary,13.0341
915,5,said,11.3299
915,6,the,4.51729
915,7,journalist,14.9162
915,8,remarked,10.5593
915,9,the,9.18833
915,10,workers,12.5345
915,11,said,11.4791
915,12,the,4.60768
915,13,business,11.8387
915,14,man,10.4499
915,15,will,8.86233
915,16,promise,13.4882
915,17,a,8.03327
915,18,raise,14.7345
915,19,to,9.04547
915,20,the,2.20198
915,21,factory,12.2826
915,22,workers,7.49238
915,23,.,2.79684
915,24,</s>,22.7871
916,0,i,8.92268
916,1,know,6.35939
916,2,that,3.01867
916,3,the,4.26664
916,4,secretary,12.6077
916,5,said,12.2064
916,6,the,4.51729
916,7,journalist,14.9162
916,8,remarked,10.5593
916,9,the,9.18833
916,10,workers,12.5345
916,11,said,11.4791
916,12,will,11.1241
916,13,promise,13.3454
916,14,a,8.03327
916,15,raise,14.7345
916,16,to,9.04547
916,17,the,2.20198
916,18,factory,12.2826
916,19,workers,7.49238
916,20,.,2.79684
916,21,</s>,22.7871
917,0,i,8.92268
917,1,know,6.35939
917,2,that,3.01867
917,3,the,4.26664
917,4,secretary,12.6077
917,5,said,12.2064
917,6,the,4.51729
917,7,journalist,14.9162
917,8,remarked,10.5593
917,9,the,9.18833
917,10,workers,12.5345
917,11,said,11.4791
917,12,the,4.60768
917,13,business,11.8387
917,14,man,10.4499
917,15,will,8.86233
917,16,promise,13.4882
917,17,a,8.03327
917,18,raise,14.7345
917,19,to,9.04547
917,20,the,2.20198
917,21,factory,12.2826
917,22,workers,7.49238
917,23,.,2.79684
917,24,</s>,22.7871
918,0,i,8.92268
918,1,know,6.35939
918,2,who,6.55265
918,3,the,5.15736
918,4,secretary,13.0341
918,5,said,11.3299
918,6,the,4.51729
918,7,journalist,14.9162
918,8,remarked,10.5593
918,9,the,9.18833
918,10,workers,12.5345
918,11,said,11.4791
918,12,will,11.1241
918,13,promise,13.3454
918,14,a,8.03327
918,15,raise,14.7345
918,16,to,9.04547
918,17,the,2.20198
918,18,factory,12.2826
918,19,workers,7.49238
918,20,.,2.79684
918,21,</s>,22.7871
919,0,i,8.92268
919,1,know,6.35939
919,2,who,6.55265
919,3,the,5.15736
919,4,secretary,13.0341
919,5,said,11.3299
919,6,the,4.51729
919,7,journalist,14.9162
919,8,remarked,10.5593
919,9,the,9.18833
919,10,workers,12.5345
919,11,said,11.4791
919,12,the,4.60768
919,13,business,11.8387
919,14,man,10.4499
919,15,will,8.86233
919,16,promise,13.4882
919,17,a,8.03327
919,18,raise,14.7345
919,19,to,9.04547
919,20,the,2.20198
919,21,factory,12.2826
919,22,workers,7.49238
919,23,.,2.79684
919,24,</s>,22.7871
920,0,we,10.0475
920,1,all,6.75965
920,2,know,4.10726
920,3,that,2.3121
920,4,might,9.65317
920,5,repay,14.9462
920,6,his,5.18217
920,7,debt,3.90242
920,8,to,2.65778
920,9,the,3.65777
920,10,criminal,12.4082
920,11,<unk>,5.87516
920,12,.,3.00568
920,13,</s>,24.4592
921,0,we,10.0475
921,1,all,6.75965
921,2,know,4.10726
921,3,that,2.3121
921,4,the,4.10609
921,5,investor,14.4786
921,6,might,6.42484
921,7,repay,14.3517
921,8,his,5.18217
921,9,debt,3.90242
921,10,to,2.65778
921,11,the,3.65777
921,12,criminal,12.4082
921,13,<unk>,5.87516
921,14,.,3.00568
921,15,</s>,24.4592
922,0,we,10.0475
922,1,all,6.75965
922,2,know,4.10726
922,3,who,6.98061
922,4,might,9.00709
922,5,repay,14.7001
922,6,his,5.18217
922,7,debt,3.90242
922,8,to,2.65778
922,9,the,3.65777
922,10,criminal,12.4082
922,11,<unk>,5.87516
922,12,.,3.00568
922,13,</s>,24.4592
923,0,we,10.0475
923,1,all,6.75965
923,2,know,4.10726
923,3,who,6.98061
923,4,the,5.01207
923,5,investor,15.361
923,6,might,6.17926
923,7,repay,14.3517
923,8,his,5.18217
923,9,debt,3.90242
923,10,to,2.65778
923,11,the,3.65777
923,12,criminal,12.4082
923,13,<unk>,5.87516
923,14,.,3.00568
923,15,</s>,24.4592
924,0,we,10.0475
924,1,all,6.75965
924,2,know,4.10726
924,3,that,2.3121
924,4,the,4.10609
924,5,accountant,17.4301
924,6,said,11.9842
924,7,might,13.6667
924,8,repay,14.3517
924,9,his,5.18217
924,10,debt,3.90242
924,11,to,2.65778
924,12,the,3.65777
924,13,criminal,12.4082
924,14,<unk>,5.87516
924,15,.,3.00568
924,16,</s>,24.4592
925,0,we,10.0475
925,1,all,6.75965
925,2,know,4.10726
925,3,that,2.3121
925,4,the,4.10609
925,5,accountant,17.4301
925,6,said,11.9842
925,7,the,4.51729
925,8,investor,15.4595
925,9,might,6.17926
925,10,repay,14.3517
925,11,his,5.18217
925,12,debt,3.90242
925,13,to,2.65778
925,14,the,3.65777
925,15,criminal,12.4082
925,16,<unk>,5.87516
925,17,.,3.00568
925,18,</s>,24.4592
926,0,we,10.0475
926,1,all,6.75965
926,2,know,4.10726
926,3,who,6.98061
926,4,the,5.01207
926,5,accountant,17.0317
926,6,said,11.9842
926,7,might,13.6667
926,8,repay,14.3517
926,9,his,5.18217
926,10,debt,3.90242
926,11,to,2.65778
926,12,the,3.65777
926,13,criminal,12.4082
926,14,<unk>,5.87516
926,15,.,3.00568
926,16,</s>,24.4592
927,0,we,10.0475
927,1,all,6.75965
927,2,know,4.10726
927,3,who,6.98061
927,4,the,5.01207
927,5,accountant,17.0317
927,6,said,11.9842
927,7,the,4.51729
927,8,investor,15.4595
927,9,might,6.17926
927,10,repay,14.3517
927,11,his,5.18217
927,12,debt,3.90242
927,13,to,2.65778
927,14,the,3.65777
927,15,criminal,12.4082
927,16,<unk>,5.87516
927,17,.,3.00568
927,18,</s>,24.4592
928,0,we,10.0475
928,1,all,6.75965
928,2,know,4.10726
928,3,that,2.3121
928,4,the,4.10609
928,5,accountant,17.4301
928,6,said,11.9842
928,7,his,6.83762
928,8,colleague,11.8476
928,9,recalled,14.6609
928,10,might,13.3341
928,11,repay,14.3517
928,12,his,5.18217
928,13,debt,3.90242
928,14,to,2.65778
928,15,the,3.65777
928,16,criminal,12.4082
928,17,<unk>,5.87516
928,18,.,3.00568
928,19,</s>,24.4592
929,0,we,10.0475
929,1,all,6.75965
929,2,know,4.10726
929,3,that,2.3121
929,4,the,4.10609
929,5,accountant,17.4301
929,6,said,11.9842
929,7,his,6.83762
929,8,colleague,11.8476
929,9,recalled,14.6609
929,10,the,4.00018
929,11,investor,15.0924
929,12,might,6.17926
929,13,repay,14.3517
929,14,his,5.18217
929,15,debt,3.90242
929,16,to,2.65778
929,17,the,3.65777
929,18,criminal,12.4082
929,19,<unk>,5.87516
929,20,.,3.00568
929,21,</s>,24.4592
930,0,we,10.0475
930,1,all,6.75965
930,2,know,4.10726
930,3,who,6.98061
930,4,the,5.01207
930,5,accountant,17.0317
930,6,said,11.9842
930,7,his,6.83762
930,8,colleague,11.8476
930,9,recalled,14.6609
930,10,might,13.3341
930,11,repay,14.3517
930,12,his,5.18217
930,13,debt,3.90242
930,14,to,2.65778
930,15,the,3.65777
930,16,criminal,12.4082
930,17,<unk>,5.87516
930,18,.,3.00568
930,19,</s>,24.4592
931,0,we,10.0475
931,1,all,6.75965
931,2,know,4.10726
931,3,who,6.98061
931,4,the,5.01207
931,5,accountant,17.0317
931,6,said,11.9842
931,7,his,6.83762
931,8,colleague,11.8476
931,9,recalled,14.6609
931,10,the,4.00018
931,11,investor,15.0924
931,12,might,6.17926
931,13,repay,14.3517
931,14,his,5.18217
931,15,debt,3.90242
931,16,to,2.65778
931,17,the,3.65777
931,18,criminal,12.4082
931,19,<unk>,5.87516
931,20,.,3.00568
931,21,</s>,24.4592
932,0,we,10.0475
932,1,all,6.75965
932,2,know,4.10726
932,3,that,2.3121
932,4,the,4.10609
932,5,accountant,17.4301
932,6,said,11.9842
932,7,his,6.83762
932,8,colleague,11.8476
932,9,recalled,14.6609
932,10,the,4.00018
932,11,partners,14.9153
932,12,knew,15.0265
932,13,might,13.3196
932,14,repay,14.3517
932,15,his,5.18217
932,16,debt,3.90242
932,17,to,2.65778
932,18,the,3.65777
932,19,criminal,12.4082
932,20,<unk>,5.87516
932,21,.,3.00568
932,22,</s>,24.4592
933,0,we,10.0475
933,1,all,6.75965
933,2,know,4.10726
933,3,that,2.3121
933,4,the,4.10609
933,5,accountant,17.4301
933,6,said,11.9842
933,7,his,6.83762
933,8,colleague,11.8476
933,9,recalled,14.6609
933,10,the,4.00018
933,11,partners,14.9153
933,12,knew,15.0265
933,13,the,4.27224
933,14,investor,15.0994
933,15,might,6.17926
933,16,repay,14.3517
933,17,his,5.18217
933,18,debt,3.90242
933,19,to,2.65778
933,20,the,3.65777
933,21,criminal,12.4082
933,22,<unk>,5.87516
933,23,.,3.00568
933,24,</s>,24.4592
934,0,we,10.0475
934,1,all,6.75965
934,2,know,4.10726
934,3,who,6.98061
934,4,the,5.01207
934,5,accountant,17.0317
934,6,said,11.9842
934,7,his,6.83762
934,8,colleague,11.8476
934,9,recalled,14.6609
934,10,the,4.00018
934,11,partners,14.9153
934,12,knew,15.0265
934,13,might,13.3196
934,14,repay,14.3517
934,15,his,5.18217
934,16,debt,3.90242
934,17,to,2.65778
934,18,the,3.65777
934,19,criminal,12.4082
934,20,<unk>,5.87516
934,21,.,3.00568
934,22,</s>,24.4592
935,0,we,10.0475
935,1,all,6.75965
935,2,know,4.10726
935,3,who,6.98061
935,4,the,5.01207
935,5,accountant,17.0317
935,6,said,11.9842
935,7,his,6.83762
935,8,colleague,11.8476
935,9,recalled,14.6609
935,10,the,4.00018
935,11,partners,14.9153
935,12,knew,15.0265
935,13,the,4.27224
935,14,investor,15.0994
935,15,might,6.17926
935,16,repay,14.3517
935,17,his,5.18217
935,18,debt,3.90242
935,19,to,2.65778
935,20,the,3.65777
935,21,criminal,12.4082
935,22,<unk>,5.87516
935,23,.,3.00568
935,24,</s>,24.4592
936,0,we,10.0475
936,1,all,6.75965
936,2,know,4.10726
936,3,that,2.3121
936,4,the,4.10609
936,5,accountant,17.4301
936,6,said,11.9842
936,7,his,6.83762
936,8,colleague,11.8476
936,9,recalled,14.6609
936,10,the,4.00018
936,11,partners,14.9153
936,12,knew,15.0265
936,13,might,13.3196
936,14,repay,14.3517
936,15,his,5.18217
936,16,debt,3.90242
936,17,to,2.65778
936,18,the,3.65777
936,19,criminal,12.4082
936,20,<unk>,5.87516
936,21,.,3.00568
936,22,</s>,24.4592
937,0,we,10.0475
937,1,all,6.75965
937,2,know,4.10726
937,3,that,2.3121
937,4,the,4.10609
937,5,accountant,17.4301
937,6,said,11.9842
937,7,his,6.83762
937,8,colleague,11.8476
937,9,recalled,14.6609
937,10,the,4.00018
937,11,partners,14.9153
937,12,knew,15.0265
937,13,the,4.27224
937,14,investor,15.0994
937,15,might,6.17926
937,16,repay,14.3517
937,17,his,5.18217
937,18,debt,3.90242
937,19,to,2.65778
937,20,the,3.65777
937,21,criminal,12.4082
937,22,<unk>,5.87516
937,23,.,3.00568
937,24,</s>,24.4592
938,0,we,10.0475
938,1,all,6.75965
938,2,know,4.10726
938,3,who,6.98061
938,4,the,5.01207
938,5,accountant,17.0317
938,6,said,11.9842
938,7,his,6.83762
938,8,colleague,11.8476
938,9,recalled,14.6609
938,10,the,4.00018
938,11,partners,14.9153
938,12,knew,15.0265
938,13,might,13.3196
938,14,repay,14.3517
938,15,his,5.18217
938,16,debt,3.90242
938,17,to,2.65778
938,18,the,3.65777
938,19,criminal,12.4082
938,20,<unk>,5.87516
938,21,.,3.00568
938,22,</s>,24.4592
939,0,we,10.0475
939,1,all,6.75965
939,2,know,4.10726
939,3,who,6.98061
939,4,the,5.01207
939,5,accountant,17.0317
939,6,said,11.9842
939,7,his,6.83762
939,8,colleague,11.8476
939,9,recalled,14.6609
939,10,the,4.00018
939,11,partners,14.9153
939,12,knew,15.0265
939,13,the,4.27224
939,14,investor,15.0994
939,15,might,6.17926
939,16,repay,14.3517
939,17,his,5.18217
939,18,debt,3.90242
939,19,to,2.65778
939,20,the,3.65777
939,21,criminal,12.4082
939,22,<unk>,5.87516
939,23,.,3.00568
939,24,</s>,24.4592
940,0,the,2.46696
940,1,commissioner,14.5743
940,2,discovered,15.3375
940,3,that,3.37446
940,4,will,8.53451
940,5,lend,12.9003
940,6,some,9.42972
940,7,money,9.59741
940,8,to,3.59202
940,9,the,4.13588
940,10,man,11.6097
940,11,.,4.58518
940,12,</s>,23.7244
941,0,the,2.46696
941,1,commissioner,14.5743
941,2,discovered,15.3375
941,3,that,3.37446
941,4,the,3.17263
941,5,police,9.75232
941,6,detective,10.8045
941,7,will,11.5838
941,8,lend,12.5104
941,9,some,9.42972
941,10,money,9.59741
941,11,to,3.59202
941,12,the,4.13588
941,13,man,11.6097
941,14,.,4.58518
941,15,</s>,23.7244
942,0,the,2.46696
942,1,commissioner,14.5743
942,2,discovered,15.3375
942,3,who,11.4141
942,4,will,7.71681
942,5,lend,12.6764
942,6,some,9.42972
942,7,money,9.59741
942,8,to,3.59202
942,9,the,4.13588
942,10,man,11.6097
942,11,.,4.58518
942,12,</s>,23.7244
943,0,the,2.46696
943,1,commissioner,14.5743
943,2,discovered,15.3375
943,3,who,11.4141
943,4,the,8.96323
943,5,police,11.3625
943,6,detective,10.1471
943,7,will,11.5838
943,8,lend,12.5104
943,9,some,9.42972
943,10,money,9.59741
943,11,to,3.59202
943,12,the,4.13588
943,13,man,11.6097
943,14,.,4.58518
943,15,</s>,23.7244
944,0,the,2.46696
944,1,commissioner,14.5743
944,2,discovered,15.3375
944,3,that,3.37446
944,4,the,3.17263
944,5,report,10.9315
944,6,stated,7.13008
944,7,will,13.2556
944,8,lend,12.5104
944,9,some,9.42972
944,10,money,9.59741
944,11,to,3.59202
944,12,the,4.13588
944,13,man,11.6097
944,14,.,4.58518
944,15,</s>,23.7244
945,0,the,2.46696
945,1,commissioner,14.5743
945,2,discovered,15.3375
945,3,that,3.37446
945,4,the,3.17263
945,5,report,10.9315
945,6,stated,7.13008
945,7,the,5.39822
945,8,police,11.4463
945,9,detective,10.1471
945,10,will,11.5838
945,11,lend,12.5104
945,12,some,9.42972
945,13,money,9.59741
945,14,to,3.59202
945,15,the,4.13588
945,16,man,11.6097
945,17,.,4.58518
945,18,</s>,23.7244
946,0,the,2.46696
946,1,commissioner,14.5743
946,2,discovered,15.3375
946,3,who,11.4141
946,4,the,8.96323
946,5,report,12.6461
946,6,stated,6.69216
946,7,will,13.2556
946,8,lend,12.5104
946,9,some,9.42972
946,10,money,9.59741
946,11,to,3.59202
946,12,the,4.13588
946,13,man,11.6097
946,14,.,4.58518
946,15,</s>,23.7244
947,0,the,2.46696
947,1,commissioner,14.5743
947,2,discovered,15.3375
947,3,who,11.4141
947,4,the,8.96323
947,5,report,12.6461
947,6,stated,6.69216
947,7,the,5.39822
947,8,police,11.4463
947,9,detective,10.1471
947,10,will,11.5838
947,11,lend,12.5104
947,12,some,9.42972
947,13,money,9.59741
947,14,to,3.59202
947,15,the,4.13588
947,16,man,11.6097
947,17,.,4.58518
947,18,</s>,23.7244
948,0,the,2.46696
948,1,commissioner,14.5743
948,2,discovered,15.3375
948,3,that,3.37446
948,4,the,3.17263
948,5,report,10.9315
948,6,stated,7.13008
948,7,the,5.39822
948,8,television,12.9694
948,9,host,9.08732
948,10,thought,13.7654
948,11,will,13.609
948,12,lend,12.5104
948,13,some,9.42972
948,14,money,9.59741
948,15,to,3.59202
948,16,the,4.13588
948,17,man,11.6097
948,18,.,4.58518
948,19,</s>,23.7244
949,0,the,2.46696
949,1,commissioner,14.5743
949,2,discovered,15.3375
949,3,that,3.37446
949,4,the,3.17263
949,5,report,10.9315
949,6,stated,7.13008
949,7,the,5.39822
949,8,television,12.9694
949,9,host,9.08732
949,10,thought,13.7654
949,11,the,4.36895
949,12,police,11.3982
949,13,detective,10.1471
949,14,will,11.5838
949,15,lend,12.5104
949,16,some,9.42972
949,17,money,9.59741
949,18,to,3.59202
949,19,the,4.13588
949,20,man,11.6097
949,21,.,4.58518
949,22,</s>,23.7244
950,0,the,2.46696
950,1,commissioner,14.5743
950,2,discovered,15.3375
950,3,who,11.4141
950,4,the,8.96323
950,5,report,12.6461
950,6,stated,6.69216
950,7,the,5.39822
950,8,television,12.9694
950,9,host,9.08732
950,10,thought,13.7654
950,11,will,13.609
950,12,lend,12.5104
950,13,some,9.42972
950,14,money,9.59741
950,15,to,3.59202
950,16,the,4.13588
950,17,man,11.6097
950,18,.,4.58518
950,19,</s>,23.7244
951,0,the,2.46696
951,1,commissioner,14.5743
951,2,discovered,15.3375
951,3,who,11.4141
951,4,the,8.96323
951,5,report,12.6461
951,6,stated,6.69216
951,7,the,5.39822
951,8,television,12.9694
951,9,host,9.08732
951,10,thought,13.7654
951,11,the,4.36895
951,12,police,11.3982
951,13,detective,10.1471
951,14,will,11.5838
951,15,lend,12.5104
951,16,some,9.42972
951,17,money,9.59741
951,18,to,3.59202
951,19,the,4.13588
951,20,man,11.6097
951,21,.,4.58518
951,22,</s>,23.7244
952,0,the,2.46696
952,1,commissioner,14.5743
952,2,discovered,15.3375
952,3,that,3.37446
952,4,the,3.17263
952,5,report,10.9315
952,6,stated,7.13008
952,7,the,5.39822
952,8,television,12.9694
952,9,host,9.08732
952,10,thought,13.7654
952,11,the,4.36895
952,12,man,11.4918
952,13,reported,12.4041
952,14,will,11.7101
952,15,lend,12.5104
952,16,some,9.42972
952,17,money,9.59741
952,18,to,3.59202
952,19,the,4.13588
952,20,man,11.6097
952,21,.,4.58518
952,22,</s>,23.7244
953,0,the,2.46696
953,1,commissioner,14.5743
953,2,discovered,15.3375
953,3,that,3.37446
953,4,the,3.17263
953,5,report,10.9315
953,6,stated,7.13008
953,7,the,5.39822
953,8,television,12.9694
953,9,host,9.08732
953,10,thought,13.7654
953,11,the,4.36895
953,12,man,11.4918
953,13,reported,12.4041
953,14,the,4.76018
953,15,police,11.4976
953,16,detective,10.1471
953,17,will,11.5838
953,18,lend,12.5104
953,19,some,9.42972
953,20,money,9.59741
953,21,to,3.59202
953,22,the,4.13588
953,23,man,11.6097
953,24,.,4.58518
953,25,</s>,23.7244
954,0,the,2.46696
954,1,commissioner,14.5743
954,2,discovered,15.3375
954,3,who,11.4141
954,4,the,8.96323
954,5,report,12.6461
954,6,stated,6.69216
954,7,the,5.39822
954,8,television,12.9694
954,9,host,9.08732
954,10,thought,13.7654
954,11,the,4.36895
954,12,man,11.4918
954,13,reported,12.4041
954,14,will,11.7101
954,15,lend,12.5104
954,16,some,9.42972
954,17,money,9.59741
954,18,to,3.59202
954,19,the,4.13588
954,20,man,11.6097
954,21,.,4.58518
954,22,</s>,23.7244
955,0,the,2.46696
955,1,commissioner,14.5743
955,2,discovered,15.3375
955,3,who,11.4141
955,4,the,8.96323
955,5,report,12.6461
955,6,stated,6.69216
955,7,the,5.39822
955,8,television,12.9694
955,9,host,9.08732
955,10,thought,13.7654
955,11,the,4.36895
955,12,man,11.4918
955,13,reported,12.4041
955,14,the,4.76018
955,15,police,11.4976
955,16,detective,10.1471
955,17,will,11.5838
955,18,lend,12.5104
955,19,some,9.42972
955,20,money,9.59741
955,21,to,3.59202
955,22,the,4.13588
955,23,man,11.6097
955,24,.,4.58518
955,25,</s>,23.7244
956,0,the,2.46696
956,1,commissioner,14.5743
956,2,discovered,15.3375
956,3,that,3.37446
956,4,the,3.17263
956,5,report,10.9315
956,6,stated,7.13008
956,7,the,5.39822
956,8,television,12.9694
956,9,host,9.08732
956,10,thought,13.7654
956,11,the,4.36895
956,12,man,11.4918
956,13,reported,12.4041
956,14,will,11.7101
956,15,lend,12.5104
956,16,some,9.42972
956,17,money,9.59741
956,18,to,3.59202
956,19,the,4.13588
956,20,man,11.6097
956,21,.,4.58518
956,22,</s>,23.7244
957,0,the,2.46696
957,1,commissioner,14.5743
957,2,discovered,15.3375
957,3,that,3.37446
957,4,the,3.17263
957,5,report,10.9315
957,6,stated,7.13008
957,7,the,5.39822
957,8,television,12.9694
957,9,host,9.08732
957,10,thought,13.7654
957,11,the,4.36895
957,12,man,11.4918
957,13,reported,12.4041
957,14,the,4.76018
957,15,police,11.4976
957,16,detective,10.1471
957,17,will,11.5838
957,18,lend,12.5104
957,19,some,9.42972
957,20,money,9.59741
957,21,to,3.59202
957,22,the,4.13588
957,23,man,11.6097
957,24,.,4.58518
957,25,</s>,23.7244
958,0,the,2.46696
958,1,commissioner,14.5743
958,2,discovered,15.3375
958,3,who,11.4141
958,4,the,8.96323
958,5,report,12.6461
958,6,stated,6.69216
958,7,the,5.39822
958,8,television,12.9694
958,9,host,9.08732
958,10,thought,13.7654
958,11,the,4.36895
958,12,man,11.4918
958,13,reported,12.4041
958,14,will,11.7101
958,15,lend,12.5104
958,16,some,9.42972
958,17,money,9.59741
958,18,to,3.59202
958,19,the,4.13588
958,20,man,11.6097
958,21,.,4.58518
958,22,</s>,23.7244
959,0,the,2.46696
959,1,commissioner,14.5743
959,2,discovered,15.3375
959,3,who,11.4141
959,4,the,8.96323
959,5,report,12.6461
959,6,stated,6.69216
959,7,the,5.39822
959,8,television,12.9694
959,9,host,9.08732
959,10,thought,13.7654
959,11,the,4.36895
959,12,man,11.4918
959,13,reported,12.4041
959,14,the,4.76018
959,15,police,11.4976
959,16,detective,10.1471
959,17,will,11.5838
959,18,lend,12.5104
959,19,some,9.42972
959,20,money,9.59741
959,21,to,3.59202
959,22,the,4.13588
959,23,man,11.6097
959,24,.,4.58518
959,25,</s>,23.7244
960,0,my,12.9847
960,1,friend,8.54682
960,2,knows,13.7003
960,3,that,3.41989
960,4,should,10.5751
960,5,hand,13.4885
960,6,an,11.4742
960,7,award,10.2934
960,8,for,3.3675
960,9,her,5.72816
960,10,mother,7.93128
960,11,.,2.31656
960,12,</s>,24.7244
961,0,my,12.9847
961,1,friend,8.54682
961,2,knows,13.7003
961,3,that,3.41989
961,4,the,3.30016
961,5,successful,13.9995
961,6,architect,14.6207
961,7,should,12.2098
961,8,hand,12.6529
961,9,an,11.4742
961,10,award,10.2934
961,11,for,3.3675
961,12,her,5.72816
961,13,mother,7.93128
961,14,.,2.31656
961,15,</s>,24.7244
962,0,my,12.9847
962,1,friend,8.54682
962,2,knows,13.7003
962,3,who,5.91219
962,4,should,9.97386
962,5,hand,12.9777
962,6,an,11.4742
962,7,award,10.2934
962,8,for,3.3675
962,9,her,5.72816
962,10,mother,7.93128
962,11,.,2.31656
962,12,</s>,24.7244
963,0,my,12.9847
963,1,friend,8.54682
963,2,knows,13.7003
963,3,who,5.91219
963,4,the,3.6838
963,5,successful,13.1296
963,6,architect,14.6207
963,7,should,12.2098
963,8,hand,12.6529
963,9,an,11.4742
963,10,award,10.2934
963,11,for,3.3675
963,12,her,5.72816
963,13,mother,7.93128
963,14,.,2.31656
963,15,</s>,24.7244
964,0,my,12.9847
964,1,friend,8.54682
964,2,knows,13.7003
964,3,that,3.41989
964,4,the,3.30016
964,5,judge,11.3607
964,6,thought,14.2977
964,7,should,10.4781
964,8,hand,12.5741
964,9,an,11.4742
964,10,award,10.2934
964,11,for,3.3675
964,12,her,5.72816
964,13,mother,7.93128
964,14,.,2.31656
964,15,</s>,24.7244
965,0,my,12.9847
965,1,friend,8.54682
965,2,knows,13.7003
965,3,that,3.41989
965,4,the,3.30016
965,5,judge,11.3607
965,6,thought,14.2977
965,7,the,4.36895
965,8,successful,13.1653
965,9,architect,14.6207
965,10,should,12.2098
965,11,hand,12.6529
965,12,an,11.4742
965,13,award,10.2934
965,14,for,3.3675
965,15,her,5.72816
965,16,mother,7.93128
965,17,.,2.31656
965,18,</s>,24.7244
966,0,my,12.9847
966,1,friend,8.54682
966,2,knows,13.7003
966,3,who,5.91219
966,4,the,3.6838
966,5,judge,12.8945
966,6,thought,14.0556
966,7,should,10.4781
966,8,hand,12.5741
966,9,an,11.4742
966,10,award,10.2934
966,11,for,3.3675
966,12,her,5.72816
966,13,mother,7.93128
966,14,.,2.31656
966,15,</s>,24.7244
967,0,my,12.9847
967,1,friend,8.54682
967,2,knows,13.7003
967,3,who,5.91219
967,4,the,3.6838
967,5,judge,12.8945
967,6,thought,14.0556
967,7,the,4.36895
967,8,successful,13.1653
967,9,architect,14.6207
967,10,should,12.2098
967,11,hand,12.6529
967,12,an,11.4742
967,13,award,10.2934
967,14,for,3.3675
967,15,her,5.72816
967,16,mother,7.93128
967,17,.,2.31656
967,18,</s>,24.7244
968,0,my,12.9847
968,1,friend,8.54682
968,2,knows,13.7003
968,3,that,3.41989
968,4,the,3.30016
968,5,judge,11.3607
968,6,thought,14.2977
968,7,the,4.36895
968,8,cop,17.1416
968,9,said,12.0061
968,10,should,12.5476
968,11,hand,13.072
968,12,an,11.4742
968,13,award,10.2934
968,14,for,3.3675
968,15,her,5.72816
968,16,mother,7.93128
968,17,.,2.31656
968,18,</s>,24.7244
969,0,my,12.9847
969,1,friend,8.54682
969,2,knows,13.7003
969,3,that,3.41989
969,4,the,3.30016
969,5,judge,11.3607
969,6,thought,14.2977
969,7,the,4.36895
969,8,cop,17.1416
969,9,said,12.0061
969,10,the,4.51729
969,11,successful,13.3123
969,12,architect,14.6207
969,13,should,12.2098
969,14,hand,12.6529
969,15,an,11.4742
969,16,award,10.2934
969,17,for,3.3675
969,18,her,5.72816
969,19,mother,7.93128
969,20,.,2.31656
969,21,</s>,24.7244
970,0,my,12.9847
970,1,friend,8.54682
970,2,knows,13.7003
970,3,who,5.91219
970,4,the,3.6838
970,5,judge,12.8945
970,6,thought,14.0556
970,7,the,4.36895
970,8,cop,17.1416
970,9,said,12.0061
970,10,should,12.5476
970,11,hand,13.072
970,12,an,11.4742
970,13,award,10.2934
970,14,for,3.3675
970,15,her,5.72816
970,16,mother,7.93128
970,17,.,2.31656
970,18,</s>,24.7244
971,0,my,12.9847
971,1,friend,8.54682
971,2,knows,13.7003
971,3,who,5.91219
971,4,the,3.6838
971,5,judge,12.8945
971,6,thought,14.0556
971,7,the,4.36895
971,8,cop,17.1416
971,9,said,12.0061
971,10,the,4.51729
971,11,successful,13.3123
971,12,architect,14.6207
971,13,should,12.2098
971,14,hand,12.6529
971,15,an,11.4742
971,16,award,10.2934
971,17,for,3.3675
971,18,her,5.72816
971,19,mother,7.93128
971,20,.,2.31656
971,21,</s>,24.7244
972,0,my,12.9847
972,1,friend,8.54682
972,2,knows,13.7003
972,3,that,3.41989
972,4,the,3.30016
972,5,judge,11.3607
972,6,thought,14.2977
972,7,the,4.36895
972,8,cop,17.1416
972,9,said,12.0061
972,10,the,4.51729
972,11,man,9.44883
972,12,testified,16.6375
972,13,should,13.5926
972,14,hand,12.6529
972,15,an,11.4742
972,16,award,10.2934
972,17,for,3.3675
972,18,her,5.72816
972,19,mother,7.93128
972,20,.,2.31656
972,21,</s>,24.7244
973,0,my,12.9847
973,1,friend,8.54682
973,2,knows,13.7003
973,3,that,3.41989
973,4,the,3.30016
973,5,judge,11.3607
973,6,thought,14.2977
973,7,the,4.36895
973,8,cop,17.1416
973,9,said,12.0061
973,10,the,4.51729
973,11,man,9.44883
973,12,testified,16.6375
973,13,the,11.5542
973,14,successful,12.7875
973,15,architect,14.6207
973,16,should,12.2098
973,17,hand,12.6529
973,18,an,11.4742
973,19,award,10.2934
973,20,for,3.3675
973,21,her,5.72816
973,22,mother,7.93128
973,23,.,2.31656
973,24,</s>,24.7244
974,0,my,12.9847
974,1,friend,8.54682
974,2,knows,13.7003
974,3,who,5.91219
974,4,the,3.6838
974,5,judge,12.8945
974,6,thought,14.0556
974,7,the,4.36895
974,8,cop,17.1416
974,9,said,12.0061
974,10,the,4.51729
974,11,man,9.44883
974,12,testified,16.6375
974,13,should,13.5926
974,14,hand,12.6529
974,15,an,11.4742
974,16,award,10.2934
974,17,for,3.3675
974,18,her,5.72816
974,19,mother,7.93128
974,20,.,2.31656
974,21,</s>,24.7244
975,0,my,12.9847
975,1,friend,8.54682
975,2,knows,13.7003
975,3,who,5.91219
975,4,the,3.6838
975,5,judge,12.8945
975,6,thought,14.0556
975,7,the,4.36895
975,8,cop,17.1416
975,9,said,12.0061
975,10,the,4.51729
975,11,man,9.44883
975,12,testified,16.6375
975,13,the,11.5542
975,14,successful,12.7875
975,15,architect,14.6207
975,16,should,12.2098
975,17,hand,12.6529
975,18,an,11.4742
975,19,award,10.2934
975,20,for,3.3675
975,21,her,5.72816
975,22,mother,7.93128
975,23,.,2.31656
975,24,</s>,24.7244
976,0,my,12.9847
976,1,friend,8.54682
976,2,knows,13.7003
976,3,that,3.41989
976,4,the,3.30016
976,5,judge,11.3607
976,6,thought,14.2977
976,7,the,4.36895
976,8,cop,17.1416
976,9,said,12.0061
976,10,the,4.51729
976,11,man,9.44883
976,12,testified,16.6375
976,13,should,13.5926
976,14,hand,12.6529
976,15,an,11.4742
976,16,award,10.2934
976,17,for,3.3675
976,18,her,5.72816
976,19,mother,7.93128
976,20,.,2.31656
976,21,</s>,24.7244
977,0,my,12.9847
977,1,friend,8.54682
977,2,knows,13.7003
977,3,that,3.41989
977,4,the,3.30016
977,5,judge,11.3607
977,6,thought,14.2977
977,7,the,4.36895
977,8,cop,17.1416
977,9,said,12.0061
977,10,the,4.51729
977,11,man,9.44883
977,12,testified,16.6375
977,13,the,11.5542
977,14,successful,12.7875
977,15,architect,14.6207
977,16,should,12.2098
977,17,hand,12.6529
977,18,an,11.4742
977,19,award,10.2934
977,20,for,3.3675
977,21,her,5.72816
977,22,mother,7.93128
977,23,.,2.31656
977,24,</s>,24.7244
978,0,my,12.9847
978,1,friend,8.54682
978,2,knows,13.7003
978,3,who,5.91219
978,4,the,3.6838
978,5,judge,12.8945
978,6,thought,14.0556
978,7,the,4.36895
978,8,cop,17.1416
978,9,said,12.0061
978,10,the,4.51729
978,11,man,9.44883
978,12,testified,16.6375
978,13,should,13.5926
978,14,hand,12.6529
978,15,an,11.4742
978,16,award,10.2934
978,17,for,3.3675
978,18,her,5.72816
978,19,mother,7.93128
978,20,.,2.31656
978,21,</s>,24.7244
979,0,my,12.9847
979,1,friend,8.54682
979,2,knows,13.7003
979,3,who,5.91219
979,4,the,3.6838
979,5,judge,12.8945
979,6,thought,14.0556
979,7,the,4.36895
979,8,cop,17.1416
979,9,said,12.0061
979,10,the,4.51729
979,11,man,9.44883
979,12,testified,16.6375
979,13,the,11.5542
979,14,successful,12.7875
979,15,architect,14.6207
979,16,should,12.2098
979,17,hand,12.6529
979,18,an,11.4742
979,19,award,10.2934
979,20,for,3.3675
979,21,her,5.72816
979,22,mother,7.93128
979,23,.,2.31656
979,24,</s>,24.7244
980,0,the,2.46696
980,1,neighbors,17.2131
980,2,found,12.6195
980,3,out,6.16715
980,4,that,2.20105
980,5,did,9.74852
980,6,buy,14.6584
980,7,a,5.58745
980,8,gift,11.8691
980,9,for,3.62357
980,10,her,5.9797
980,11,parents,9.52157
980,12,.,4.55969
980,13,</s>,26.2368
981,0,the,2.46696
981,1,neighbors,17.2131
981,2,found,12.6195
981,3,out,6.16715
981,4,that,2.20105
981,5,the,2.81468
981,6,young,10.0998
981,7,woman,4.56209
981,8,did,10.0806
981,9,buy,13.0864
981,10,a,5.58745
981,11,gift,11.8691
981,12,for,3.62357
981,13,her,5.9797
981,14,parents,9.52157
981,15,.,4.55969
981,16,</s>,26.2368
982,0,the,2.46696
982,1,neighbors,17.2131
982,2,found,12.6195
982,3,out,6.16715
982,4,who,6.7726
982,5,did,7.28156
982,6,buy,13.7342
982,7,a,5.58745
982,8,gift,11.8691
982,9,for,3.62357
982,10,her,5.9797
982,11,parents,9.52157
982,12,.,4.55969
982,13,</s>,26.2368
983,0,the,2.46696
983,1,neighbors,17.2131
983,2,found,12.6195
983,3,out,6.16715
983,4,who,6.7726
983,5,the,4.57689
983,6,young,11.3133
983,7,woman,6.12623
983,8,did,9.80955
983,9,buy,13.0864
983,10,a,5.58745
983,11,gift,11.8691
983,12,for,3.62357
983,13,her,5.9797
983,14,parents,9.52157
983,15,.,4.55969
983,16,</s>,26.2368
984,0,the,2.46696
984,1,neighbors,17.2131
984,2,found,12.6195
984,3,out,6.16715
984,4,that,2.20105
984,5,her,5.09637
984,6,mother,4.42331
984,7,heard,12.2145
984,8,did,11.8325
984,9,buy,12.9518
984,10,a,5.58745
984,11,gift,11.8691
984,12,for,3.62357
984,13,her,5.9797
984,14,parents,9.52157
984,15,.,4.55969
984,16,</s>,26.2368
985,0,the,2.46696
985,1,neighbors,17.2131
985,2,found,12.6195
985,3,out,6.16715
985,4,that,2.20105
985,5,her,5.09637
985,6,mother,4.42331
985,7,heard,12.2145
985,8,the,4.25497
985,9,young,11.4415
985,10,woman,6.12623
985,11,did,9.80955
985,12,buy,13.0864
985,13,a,5.58745
985,14,gift,11.8691
985,15,for,3.62357
985,16,her,5.9797
985,17,parents,9.52157
985,18,.,4.55969
985,19,</s>,26.2368
986,0,the,2.46696
986,1,neighbors,17.2131
986,2,found,12.6195
986,3,out,6.16715
986,4,who,6.7726
986,5,her,12.8757
986,6,mother,7.49588
986,7,heard,11.723
986,8,did,11.8325
986,9,buy,12.9518
986,10,a,5.58745
986,11,gift,11.8691
986,12,for,3.62357
986,13,her,5.9797
986,14,parents,9.52157
986,15,.,4.55969
986,16,</s>,26.2368
987,0,the,2.46696
987,1,neighbors,17.2131
987,2,found,12.6195
987,3,out,6.16715
987,4,who,6.7726
987,5,her,12.8757
987,6,mother,7.49588
987,7,heard,11.723
987,8,the,4.25497
987,9,young,11.4415
987,10,woman,6.12623
987,11,did,9.80955
987,12,buy,13.0864
987,13,a,5.58745
987,14,gift,11.8691
987,15,for,3.62357
987,16,her,5.9797
987,17,parents,9.52157
987,18,.,4.55969
987,19,</s>,26.2368
988,0,the,2.46696
988,1,neighbors,17.2131
988,2,found,12.6195
988,3,out,6.16715
988,4,that,2.20105
988,5,her,5.09637
988,6,mother,4.42331
988,7,heard,12.2145
988,8,the,4.25497
988,9,newspaper,12.7074
988,10,reported,8.73028
988,11,did,14.2888
988,12,buy,12.9518
988,13,a,5.58745
988,14,gift,11.8691
988,15,for,3.62357
988,16,her,5.9797
988,17,parents,9.52157
988,18,.,4.55969
988,19,</s>,26.2368
989,0,the,2.46696
989,1,neighbors,17.2131
989,2,found,12.6195
989,3,out,6.16715
989,4,that,2.20105
989,5,her,5.09637
989,6,mother,4.42331
989,7,heard,12.2145
989,8,the,4.25497
989,9,newspaper,12.7074
989,10,reported,8.73028
989,11,the,4.63863
989,12,young,11.4485
989,13,woman,6.12623
989,14,did,9.80955
989,15,buy,13.0864
989,16,a,5.58745
989,17,gift,11.8691
989,18,for,3.62357
989,19,her,5.9797
989,20,parents,9.52157
989,21,.,4.55969
989,22,</s>,26.2368
990,0,the,2.46696
990,1,neighbors,17.2131
990,2,found,12.6195
990,3,out,6.16715
990,4,who,6.7726
990,5,her,12.8757
990,6,mother,7.49588
990,7,heard,11.723
990,8,the,4.25497
990,9,newspaper,12.7074
990,10,reported,8.73028
990,11,did,14.2888
990,12,buy,12.9518
990,13,a,5.58745
990,14,gift,11.8691
990,15,for,3.62357
990,16,her,5.9797
990,17,parents,9.52157
990,18,.,4.55969
990,19,</s>,26.2368
991,0,the,2.46696
991,1,neighbors,17.2131
991,2,found,12.6195
991,3,out,6.16715
991,4,who,6.7726
991,5,her,12.8757
991,6,mother,7.49588
991,7,heard,11.723
991,8,the,4.25497
991,9,newspaper,12.7074
991,10,reported,8.73028
991,11,the,4.63863
991,12,young,11.4485
991,13,woman,6.12623
991,14,did,9.80955
991,15,buy,13.0864
991,16,a,5.58745
991,17,gift,11.8691
991,18,for,3.62357
991,19,her,5.9797
991,20,parents,9.52157
991,21,.,4.55969
991,22,</s>,26.2368
992,0,the,2.46696
992,1,neighbors,17.2131
992,2,found,12.6195
992,3,out,6.16715
992,4,that,2.20105
992,5,her,5.09637
992,6,mother,4.42331
992,7,heard,12.2145
992,8,the,4.25497
992,9,newspaper,12.7074
992,10,reported,8.73028
992,11,the,4.63863
992,12,mayor,12.6435
992,13,said,13.7085
992,14,did,12.5476
992,15,buy,12.7461
992,16,a,5.58745
992,17,gift,11.8691
992,18,for,3.62357
992,19,her,5.9797
992,20,parents,9.52157
992,21,.,4.55969
992,22,</s>,26.2368
993,0,the,2.46696
993,1,neighbors,17.2131
993,2,found,12.6195
993,3,out,6.16715
993,4,that,2.20105
993,5,her,5.09637
993,6,mother,4.42331
993,7,heard,12.2145
993,8,the,4.25497
993,9,newspaper,12.7074
993,10,reported,8.73028
993,11,the,4.63863
993,12,mayor,12.6435
993,13,said,13.7085
993,14,the,4.51729
993,15,young,11.496
993,16,woman,6.12623
993,17,did,9.80955
993,18,buy,13.0864
993,19,a,5.58745
993,20,gift,11.8691
993,21,for,3.62357
993,22,her,5.9797
993,23,parents,9.52157
993,24,.,4.55969
993,25,</s>,26.2368
994,0,the,2.46696
994,1,neighbors,17.2131
994,2,found,12.6195
994,3,out,6.16715
994,4,who,6.7726
994,5,her,12.8757
994,6,mother,7.49588
994,7,heard,11.723
994,8,the,4.25497
994,9,newspaper,12.7074
994,10,reported,8.73028
994,11,the,4.63863
994,12,mayor,12.6435
994,13,said,13.7085
994,14,did,12.5476
994,15,buy,12.7461
994,16,a,5.58745
994,17,gift,11.8691
994,18,for,3.62357
994,19,her,5.9797
994,20,parents,9.52157
994,21,.,4.55969
994,22,</s>,26.2368
995,0,the,2.46696
995,1,neighbors,17.2131
995,2,found,12.6195
995,3,out,6.16715
995,4,who,6.7726
995,5,her,12.8757
995,6,mother,7.49588
995,7,heard,11.723
995,8,the,4.25497
995,9,newspaper,12.7074
995,10,reported,8.73028
995,11,the,4.63863
995,12,mayor,12.6435
995,13,said,13.7085
995,14,the,4.51729
995,15,young,11.496
995,16,woman,6.12623
995,17,did,9.80955
995,18,buy,13.0864
995,19,a,5.58745
995,20,gift,11.8691
995,21,for,3.62357
995,22,her,5.9797
995,23,parents,9.52157
995,24,.,4.55969
995,25,</s>,26.2368
996,0,the,2.46696
996,1,neighbors,17.2131
996,2,found,12.6195
996,3,out,6.16715
996,4,that,2.20105
996,5,her,5.09637
996,6,mother,4.42331
996,7,heard,12.2145
996,8,the,4.25497
996,9,newspaper,12.7074
996,10,reported,8.73028
996,11,the,4.63863
996,12,mayor,12.6435
996,13,said,13.7085
996,14,did,12.5476
996,15,buy,12.7461
996,16,a,5.58745
996,17,gift,11.8691
996,18,for,3.62357
996,19,her,5.9797
996,20,parents,9.52157
996,21,.,4.55969
996,22,</s>,26.2368
997,0,the,2.46696
997,1,neighbors,17.2131
997,2,found,12.6195
997,3,out,6.16715
997,4,that,2.20105
997,5,her,5.09637
997,6,mother,4.42331
997,7,heard,12.2145
997,8,the,4.25497
997,9,newspaper,12.7074
997,10,reported,8.73028
997,11,the,4.63863
997,12,mayor,12.6435
997,13,said,13.7085
997,14,the,4.51729
997,15,young,11.496
997,16,woman,6.12623
997,17,did,9.80955
997,18,buy,13.0864
997,19,a,5.58745
997,20,gift,11.8691
997,21,for,3.62357
997,22,her,5.9797
997,23,parents,9.52157
997,24,.,4.55969
997,25,</s>,26.2368
998,0,the,2.46696
998,1,neighbors,17.2131
998,2,found,12.6195
998,3,out,6.16715
998,4,who,6.7726
998,5,her,12.8757
998,6,mother,7.49588
998,7,heard,11.723
998,8,the,4.25497
998,9,newspaper,12.7074
998,10,reported,8.73028
998,11,the,4.63863
998,12,mayor,12.6435
998,13,said,13.7085
998,14,did,12.5476
998,15,buy,12.7461
998,16,a,5.58745
998,17,gift,11.8691
998,18,for,3.62357
998,19,her,5.9797
998,20,parents,9.52157
998,21,.,4.55969
998,22,</s>,26.2368
999,0,the,2.46696
999,1,neighbors,17.2131
999,2,found,12.6195
999,3,out,6.16715
999,4,who,6.7726
999,5,her,12.8757
999,6,mother,7.49588
999,7,heard,11.723
999,8,the,4.25497
999,9,newspaper,12.7074
999,10,reported,8.73028
999,11,the,4.63863
999,12,mayor,12.6435
999,13,said,13.7085
999,14,the,4.51729
999,15,young,11.496
999,16,woman,6.12623
999,17,did,9.80955
999,18,buy,13.0864
999,19,a,5.58745
999,20,gift,11.8691
999,21,for,3.62357
999,22,her,5.9797
999,23,parents,9.52157
999,24,.,4.55969
999,25,</s>,26.2368
1000,0,we,10.0475
1000,1,discovered,14.246
1000,2,that,3.37446
1000,3,did,9.46299
1000,4,tell,13.9637
1000,5,a,5.35263
1000,6,story,2.62963
1000,7,about,5.09074
1000,8,the,3.48074
1000,9,woman,11.6127
1000,10,.,5.81596
1000,11,</s>,25.5588
1001,0,we,10.0475
1001,1,discovered,14.246
1001,2,that,3.37446
1001,3,the,3.17263
1001,4,funny,16.5161
1001,5,actor,15.2429
1001,6,did,13.1019
1001,7,tell,12.2571
1001,8,a,5.35263
1001,9,story,2.62963
1001,10,about,5.09074
1001,11,the,3.48074
1001,12,woman,11.6127
1001,13,.,5.81596
1001,14,</s>,25.5588
1002,0,we,10.0475
1002,1,discovered,14.246
1002,2,who,11.4141
1002,3,did,7.12873
1002,4,tell,13.0395
1002,5,a,5.35263
1002,6,story,2.62963
1002,7,about,5.09074
1002,8,the,3.48074
1002,9,woman,11.6127
1002,10,.,5.81596
1002,11,</s>,25.5588
1003,0,we,10.0475
1003,1,discovered,14.246
1003,2,who,11.4141
1003,3,the,8.96323
1003,4,funny,15.9945
1003,5,actor,15.2429
1003,6,did,13.1019
1003,7,tell,12.2571
1003,8,a,5.35263
1003,9,story,2.62963
1003,10,about,5.09074
1003,11,the,3.48074
1003,12,woman,11.6127
1003,13,.,5.81596
1003,14,</s>,25.5588
1004,0,we,10.0475
1004,1,discovered,14.246
1004,2,that,3.37446
1004,3,the,3.17263
1004,4,delivery,16.1169
1004,5,boy,7.77212
1004,6,remarked,15.9444
1004,7,did,13.2932
1004,8,tell,12.2571
1004,9,a,5.35263
1004,10,story,2.62963
1004,11,about,5.09074
1004,12,the,3.48074
1004,13,woman,11.6127
1004,14,.,5.81596
1004,15,</s>,25.5588
1005,0,we,10.0475
1005,1,discovered,14.246
1005,2,that,3.37446
1005,3,the,3.17263
1005,4,delivery,16.1169
1005,5,boy,7.77212
1005,6,remarked,15.9444
1005,7,the,9.18833
1005,8,funny,15.6524
1005,9,actor,15.2429
1005,10,did,13.1019
1005,11,tell,12.2571
1005,12,a,5.35263
1005,13,story,2.62963
1005,14,about,5.09074
1005,15,the,3.48074
1005,16,woman,11.6127
1005,17,.,5.81596
1005,18,</s>,25.5588
1006,0,we,10.0475
1006,1,discovered,14.246
1006,2,who,11.4141
1006,3,the,8.96323
1006,4,delivery,13.6338
1006,5,boy,7.77212
1006,6,remarked,15.9444
1006,7,did,13.2932
1006,8,tell,12.2571
1006,9,a,5.35263
1006,10,story,2.62963
1006,11,about,5.09074
1006,12,the,3.48074
1006,13,woman,11.6127
1006,14,.,5.81596
1006,15,</s>,25.5588
1007,0,we,10.0475
1007,1,discovered,14.246
1007,2,who,11.4141
1007,3,the,8.96323
1007,4,delivery,13.6338
1007,5,boy,7.77212
1007,6,remarked,15.9444
1007,7,the,9.18833
1007,8,funny,15.6524
1007,9,actor,15.2429
1007,10,did,13.1019
1007,11,tell,12.2571
1007,12,a,5.35263
1007,13,story,2.62963
1007,14,about,5.09074
1007,15,the,3.48074
1007,16,woman,11.6127
1007,17,.,5.81596
1007,18,</s>,25.5588
1008,0,we,10.0475
1008,1,discovered,14.246
1008,2,that,3.37446
1008,3,the,3.17263
1008,4,delivery,16.1169
1008,5,boy,7.77212
1008,6,remarked,15.9444
1008,7,the,9.18833
1008,8,worker,14.0478
1008,9,said,12.4569
1008,10,did,12.5476
1008,11,tell,12.0513
1008,12,a,5.35263
1008,13,story,2.62963
1008,14,about,5.09074
1008,15,the,3.48074
1008,16,woman,11.6127
1008,17,.,5.81596
1008,18,</s>,25.5588
1009,0,we,10.0475
1009,1,discovered,14.246
1009,2,that,3.37446
1009,3,the,3.17263
1009,4,delivery,16.1169
1009,5,boy,7.77212
1009,6,remarked,15.9444
1009,7,the,9.18833
1009,8,worker,14.0478
1009,9,said,12.4569
1009,10,the,4.51729
1009,11,funny,16.1772
1009,12,actor,15.2429
1009,13,did,13.1019
1009,14,tell,12.2571
1009,15,a,5.35263
1009,16,story,2.62963
1009,17,about,5.09074
1009,18,the,3.48074
1009,19,woman,11.6127
1009,20,.,5.81596
1009,21,</s>,25.5588
1010,0,we,10.0475
1010,1,discovered,14.246
1010,2,who,11.4141
1010,3,the,8.96323
1010,4,delivery,13.6338
1010,5,boy,7.77212
1010,6,remarked,15.9444
1010,7,the,9.18833
1010,8,worker,14.0478
1010,9,said,12.4569
1010,10,did,12.5476
1010,11,tell,12.0513
1010,12,a,5.35263
1010,13,story,2.62963
1010,14,about,5.09074
1010,15,the,3.48074
1010,16,woman,11.6127
1010,17,.,5.81596
1010,18,</s>,25.5588
1011,0,we,10.0475
1011,1,discovered,14.246
1011,2,who,11.4141
1011,3,the,8.96323
1011,4,delivery,13.6338
1011,5,boy,7.77212
1011,6,remarked,15.9444
1011,7,the,9.18833
1011,8,worker,14.0478
1011,9,said,12.4569
1011,10,the,4.51729
1011,11,funny,16.1772
1011,12,actor,15.2429
1011,13,did,13.1019
1011,14,tell,12.2571
1011,15,a,5.35263
1011,16,story,2.62963
1011,17,about,5.09074
1011,18,the,3.48074
1011,19,woman,11.6127
1011,20,.,5.81596
1011,21,</s>,25.5588
1012,0,we,10.0475
1012,1,discovered,14.246
1012,2,that,3.37446
1012,3,the,3.17263
1012,4,delivery,16.1169
1012,5,boy,7.77212
1012,6,remarked,15.9444
1012,7,the,9.18833
1012,8,worker,14.0478
1012,9,said,12.4569
1012,10,the,4.51729
1012,11,gardener,15.6082
1012,12,knew,15.0764
1012,13,did,12.4686
1012,14,tell,12.2571
1012,15,a,5.35263
1012,16,story,2.62963
1012,17,about,5.09074
1012,18,the,3.48074
1012,19,woman,11.6127
1012,20,.,5.81596
1012,21,</s>,25.5588
1013,0,we,10.0475
1013,1,discovered,14.246
1013,2,that,3.37446
1013,3,the,3.17263
1013,4,delivery,16.1169
1013,5,boy,7.77212
1013,6,remarked,15.9444
1013,7,the,9.18833
1013,8,worker,14.0478
1013,9,said,12.4569
1013,10,the,4.51729
1013,11,gardener,15.6082
1013,12,knew,15.0764
1013,13,the,4.27224
1013,14,funny,15.8171
1013,15,actor,15.2429
1013,16,did,13.1019
1013,17,tell,12.2571
1013,18,a,5.35263
1013,19,story,2.62963
1013,20,about,5.09074
1013,21,the,3.48074
1013,22,woman,11.6127
1013,23,.,5.81596
1013,24,</s>,25.5588
1014,0,we,10.0475
1014,1,discovered,14.246
1014,2,who,11.4141
1014,3,the,8.96323
1014,4,delivery,13.6338
1014,5,boy,7.77212
1014,6,remarked,15.9444
1014,7,the,9.18833
1014,8,worker,14.0478
1014,9,said,12.4569
1014,10,the,4.51729
1014,11,gardener,15.6082
1014,12,knew,15.0764
1014,13,did,12.4686
1014,14,tell,12.2571
1014,15,a,5.35263
1014,16,story,2.62963
1014,17,about,5.09074
1014,18,the,3.48074
1014,19,woman,11.6127
1014,20,.,5.81596
1014,21,</s>,25.5588
1015,0,we,10.0475
1015,1,discovered,14.246
1015,2,who,11.4141
1015,3,the,8.96323
1015,4,delivery,13.6338
1015,5,boy,7.77212
1015,6,remarked,15.9444
1015,7,the,9.18833
1015,8,worker,14.0478
1015,9,said,12.4569
1015,10,the,4.51729
1015,11,gardener,15.6082
1015,12,knew,15.0764
1015,13,the,4.27224
1015,14,funny,15.8171
1015,15,actor,15.2429
1015,16,did,13.1019
1015,17,tell,12.2571
1015,18,a,5.35263
1015,19,story,2.62963
1015,20,about,5.09074
1015,21,the,3.48074
1015,22,woman,11.6127
1015,23,.,5.81596
1015,24,</s>,25.5588
1016,0,we,10.0475
1016,1,discovered,14.246
1016,2,that,3.37446
1016,3,the,3.17263
1016,4,delivery,16.1169
1016,5,boy,7.77212
1016,6,remarked,15.9444
1016,7,the,9.18833
1016,8,worker,14.0478
1016,9,said,12.4569
1016,10,the,4.51729
1016,11,gardener,15.6082
1016,12,knew,15.0764
1016,13,did,12.4686
1016,14,tell,12.2571
1016,15,a,5.35263
1016,16,story,2.62963
1016,17,about,5.09074
1016,18,the,3.48074
1016,19,woman,11.6127
1016,20,.,5.81596
1016,21,</s>,25.5588
1017,0,we,10.0475
1017,1,discovered,14.246
1017,2,that,3.37446
1017,3,the,3.17263
1017,4,delivery,16.1169
1017,5,boy,7.77212
1017,6,remarked,15.9444
1017,7,the,9.18833
1017,8,worker,14.0478
1017,9,said,12.4569
1017,10,the,4.51729
1017,11,gardener,15.6082
1017,12,knew,15.0764
1017,13,the,4.27224
1017,14,funny,15.8171
1017,15,actor,15.2429
1017,16,did,13.1019
1017,17,tell,12.2571
1017,18,a,5.35263
1017,19,story,2.62963
1017,20,about,5.09074
1017,21,the,3.48074
1017,22,woman,11.6127
1017,23,.,5.81596
1017,24,</s>,25.5588
1018,0,we,10.0475
1018,1,discovered,14.246
1018,2,who,11.4141
1018,3,the,8.96323
1018,4,delivery,13.6338
1018,5,boy,7.77212
1018,6,remarked,15.9444
1018,7,the,9.18833
1018,8,worker,14.0478
1018,9,said,12.4569
1018,10,the,4.51729
1018,11,gardener,15.6082
1018,12,knew,15.0764
1018,13,did,12.4686
1018,14,tell,12.2571
1018,15,a,5.35263
1018,16,story,2.62963
1018,17,about,5.09074
1018,18,the,3.48074
1018,19,woman,11.6127
1018,20,.,5.81596
1018,21,</s>,25.5588
1019,0,we,10.0475
1019,1,discovered,14.246
1019,2,who,11.4141
1019,3,the,8.96323
1019,4,delivery,13.6338
1019,5,boy,7.77212
1019,6,remarked,15.9444
1019,7,the,9.18833
1019,8,worker,14.0478
1019,9,said,12.4569
1019,10,the,4.51729
1019,11,gardener,15.6082
1019,12,knew,15.0764
1019,13,the,4.27224
1019,14,funny,15.8171
1019,15,actor,15.2429
1019,16,did,13.1019
1019,17,tell,12.2571
1019,18,a,5.35263
1019,19,story,2.62963
1019,20,about,5.09074
1019,21,the,3.48074
1019,22,woman,11.6127
1019,23,.,5.81596
1019,24,</s>,25.5588
1020,0,the,2.46696
1020,1,assistant,15.2034
1020,2,told,14.3917
1020,3,me,5.67112
1020,4,that,2.70399
1020,5,will,8.60738
1020,6,send,10.6188
1020,7,the,4.06913
1020,8,package,14.2447
1020,9,to,6.32491
1020,10,his,7.73794
1020,11,family,6.59809
1020,12,.,2.48781
1020,13,</s>,27.279
1021,0,the,2.46696
1021,1,assistant,15.2034
1021,2,told,14.3917
1021,3,me,5.67112
1021,4,that,2.70399
1021,5,the,3.40538
1021,6,pilot,11.5718
1021,7,will,7.817
1021,8,send,9.48284
1021,9,the,4.06913
1021,10,package,14.2447
1021,11,to,6.32491
1021,12,his,7.73794
1021,13,family,6.59809
1021,14,.,2.48781
1021,15,</s>,27.279
1022,0,the,2.46696
1022,1,assistant,15.2034
1022,2,told,14.3917
1022,3,me,5.67112
1022,4,who,9.86372
1022,5,will,7.71681
1022,6,send,9.57523
1022,7,the,4.06913
1022,8,package,14.2447
1022,9,to,6.32491
1022,10,his,7.73794
1022,11,family,6.59809
1022,12,.,2.48781
1022,13,</s>,27.279
1023,0,the,2.46696
1023,1,assistant,15.2034
1023,2,told,14.3917
1023,3,me,5.67112
1023,4,who,9.86372
1023,5,the,8.96323
1023,6,pilot,12.2494
1023,7,will,7.71771
1023,8,send,9.48284
1023,9,the,4.06913
1023,10,package,14.2447
1023,11,to,6.32491
1023,12,his,7.73794
1023,13,family,6.59809
1023,14,.,2.48781
1023,15,</s>,27.279
1024,0,the,2.46696
1024,1,assistant,15.2034
1024,2,told,14.3917
1024,3,me,5.67112
1024,4,that,2.70399
1024,5,the,3.40538
1024,6,man,9.56993
1024,7,knew,15.3509
1024,8,will,11.9486
1024,9,send,9.40916
1024,10,the,4.06913
1024,11,package,14.2447
1024,12,to,6.32491
1024,13,his,7.73794
1024,14,family,6.59809
1024,15,.,2.48781
1024,16,</s>,27.279
1025,0,the,2.46696
1025,1,assistant,15.2034
1025,2,told,14.3917
1025,3,me,5.67112
1025,4,that,2.70399
1025,5,the,3.40538
1025,6,man,9.56993
1025,7,knew,15.3509
1025,8,the,4.27224
1025,9,pilot,12.0721
1025,10,will,7.71771
1025,11,send,9.48284
1025,12,the,4.06913
1025,13,package,14.2447
1025,14,to,6.32491
1025,15,his,7.73794
1025,16,family,6.59809
1025,17,.,2.48781
1025,18,</s>,27.279
1026,0,the,2.46696
1026,1,assistant,15.2034
1026,2,told,14.3917
1026,3,me,5.67112
1026,4,who,9.86372
1026,5,the,8.96323
1026,6,man,6.8914
1026,7,knew,15.2625
1026,8,will,11.9486
1026,9,send,9.40916
1026,10,the,4.06913
1026,11,package,14.2447
1026,12,to,6.32491
1026,13,his,7.73794
1026,14,family,6.59809
1026,15,.,2.48781
1026,16,</s>,27.279
1027,0,the,2.46696
1027,1,assistant,15.2034
1027,2,told,14.3917
1027,3,me,5.67112
1027,4,who,9.86372
1027,5,the,8.96323
1027,6,man,6.8914
1027,7,knew,15.2625
1027,8,the,4.27224
1027,9,pilot,12.0721
1027,10,will,7.71771
1027,11,send,9.48284
1027,12,the,4.06913
1027,13,package,14.2447
1027,14,to,6.32491
1027,15,his,7.73794
1027,16,family,6.59809
1027,17,.,2.48781
1027,18,</s>,27.279
1028,0,the,2.46696
1028,1,assistant,15.2034
1028,2,told,14.3917
1028,3,me,5.67112
1028,4,that,2.70399
1028,5,the,3.40538
1028,6,man,9.56993
1028,7,knew,15.3509
1028,8,his,6.10381
1028,9,friend,9.30099
1028,10,recalled,11.6828
1028,11,will,11.9631
1028,12,send,9.40916
1028,13,the,4.06913
1028,14,package,14.2447
1028,15,to,6.32491
1028,16,his,7.73794
1028,17,family,6.59809
1028,18,.,2.48781
1028,19,</s>,27.279
1029,0,the,2.46696
1029,1,assistant,15.2034
1029,2,told,14.3917
1029,3,me,5.67112
1029,4,that,2.70399
1029,5,the,3.40538
1029,6,man,9.56993
1029,7,knew,15.3509
1029,8,his,6.10381
1029,9,friend,9.30099
1029,10,recalled,11.6828
1029,11,the,4.00018
1029,12,pilot,12.0651
1029,13,will,7.71771
1029,14,send,9.48284
1029,15,the,4.06913
1029,16,package,14.2447
1029,17,to,6.32491
1029,18,his,7.73794
1029,19,family,6.59809
1029,20,.,2.48781
1029,21,</s>,27.279
1030,0,the,2.46696
1030,1,assistant,15.2034
1030,2,told,14.3917
1030,3,me,5.67112
1030,4,who,9.86372
1030,5,the,8.96323
1030,6,man,6.8914
1030,7,knew,15.2625
1030,8,his,6.10381
1030,9,friend,9.30099
1030,10,recalled,11.6828
1030,11,will,11.9631
1030,12,send,9.40916
1030,13,the,4.06913
1030,14,package,14.2447
1030,15,to,6.32491
1030,16,his,7.73794
1030,17,family,6.59809
1030,18,.,2.48781
1030,19,</s>,27.279
1031,0,the,2.46696
1031,1,assistant,15.2034
1031,2,told,14.3917
1031,3,me,5.67112
1031,4,who,9.86372
1031,5,the,8.96323
1031,6,man,6.8914
1031,7,knew,15.2625
1031,8,his,6.10381
1031,9,friend,9.30099
1031,10,recalled,11.6828
1031,11,the,4.00018
1031,12,pilot,12.0651
1031,13,will,7.71771
1031,14,send,9.48284
1031,15,the,4.06913
1031,16,package,14.2447
1031,17,to,6.32491
1031,18,his,7.73794
1031,19,family,6.59809
1031,20,.,2.48781
1031,21,</s>,27.279
1032,0,the,2.46696
1032,1,assistant,15.2034
1032,2,told,14.3917
1032,3,me,5.67112
1032,4,that,2.70399
1032,5,the,3.40538
1032,6,man,9.56993
1032,7,knew,15.3509
1032,8,his,6.10381
1032,9,friend,9.30099
1032,10,recalled,11.6828
1032,11,the,4.00018
1032,12,woman,12.1919
1032,13,said,9.79886
1032,14,will,11.2802
1032,15,send,9.42501
1032,16,the,4.06913
1032,17,package,14.2447
1032,18,to,6.32491
1032,19,his,7.73794
1032,20,family,6.59809
1032,21,.,2.48781
1032,22,</s>,27.279
1033,0,the,2.46696
1033,1,assistant,15.2034
1033,2,told,14.3917
1033,3,me,5.67112
1033,4,that,2.70399
1033,5,the,3.40538
1033,6,man,9.56993
1033,7,knew,15.3509
1033,8,his,6.10381
1033,9,friend,9.30099
1033,10,recalled,11.6828
1033,11,the,4.00018
1033,12,woman,12.1919
1033,13,said,9.79886
1033,14,the,4.76385
1033,15,pilot,12.4321
1033,16,will,7.71771
1033,17,send,9.48284
1033,18,the,4.06913
1033,19,package,14.2447
1033,20,to,6.32491
1033,21,his,7.73794
1033,22,family,6.59809
1033,23,.,2.48781
1033,24,</s>,27.279
1034,0,the,2.46696
1034,1,assistant,15.2034
1034,2,told,14.3917
1034,3,me,5.67112
1034,4,who,9.86372
1034,5,the,8.96323
1034,6,man,6.8914
1034,7,knew,15.2625
1034,8,his,6.10381
1034,9,friend,9.30099
1034,10,recalled,11.6828
1034,11,the,4.00018
1034,12,woman,12.1919
1034,13,said,9.79886
1034,14,will,11.2802
1034,15,send,9.42501
1034,16,the,4.06913
1034,17,package,14.2447
1034,18,to,6.32491
1034,19,his,7.73794
1034,20,family,6.59809
1034,21,.,2.48781
1034,22,</s>,27.279
1035,0,the,2.46696
1035,1,assistant,15.2034
1035,2,told,14.3917
1035,3,me,5.67112
1035,4,who,9.86372
1035,5,the,8.96323
1035,6,man,6.8914
1035,7,knew,15.2625
1035,8,his,6.10381
1035,9,friend,9.30099
1035,10,recalled,11.6828
1035,11,the,4.00018
1035,12,woman,12.1919
1035,13,said,9.79886
1035,14,the,4.76385
1035,15,pilot,12.4321
1035,16,will,7.71771
1035,17,send,9.48284
1035,18,the,4.06913
1035,19,package,14.2447
1035,20,to,6.32491
1035,21,his,7.73794
1035,22,family,6.59809
1035,23,.,2.48781
1035,24,</s>,27.279
1036,0,the,2.46696
1036,1,assistant,15.2034
1036,2,told,14.3917
1036,3,me,5.67112
1036,4,that,2.70399
1036,5,the,3.40538
1036,6,man,9.56993
1036,7,knew,15.3509
1036,8,his,6.10381
1036,9,friend,9.30099
1036,10,recalled,11.6828
1036,11,the,4.00018
1036,12,woman,12.1919
1036,13,said,9.79886
1036,14,will,11.2802
1036,15,send,9.42501
1036,16,the,4.06913
1036,17,package,14.2447
1036,18,to,6.32491
1036,19,his,7.73794
1036,20,family,6.59809
1036,21,.,2.48781
1036,22,</s>,27.279
1037,0,the,2.46696
1037,1,assistant,15.2034
1037,2,told,14.3917
1037,3,me,5.67112
1037,4,that,2.70399
1037,5,the,3.40538
1037,6,man,9.56993
1037,7,knew,15.3509
1037,8,his,6.10381
1037,9,friend,9.30099
1037,10,recalled,11.6828
1037,11,the,4.00018
1037,12,woman,12.1919
1037,13,said,9.79886
1037,14,the,4.76385
1037,15,pilot,12.4321
1037,16,will,7.71771
1037,17,send,9.48284
1037,18,the,4.06913
1037,19,package,14.2447
1037,20,to,6.32491
1037,21,his,7.73794
1037,22,family,6.59809
1037,23,.,2.48781
1037,24,</s>,27.279
1038,0,the,2.46696
1038,1,assistant,15.2034
1038,2,told,14.3917
1038,3,me,5.67112
1038,4,who,9.86372
1038,5,the,8.96323
1038,6,man,6.8914
1038,7,knew,15.2625
1038,8,his,6.10381
1038,9,friend,9.30099
1038,10,recalled,11.6828
1038,11,the,4.00018
1038,12,woman,12.1919
1038,13,said,9.79886
1038,14,will,11.2802
1038,15,send,9.42501
1038,16,the,4.06913
1038,17,package,14.2447
1038,18,to,6.32491
1038,19,his,7.73794
1038,20,family,6.59809
1038,21,.,2.48781
1038,22,</s>,27.279
1039,0,the,2.46696
1039,1,assistant,15.2034
1039,2,told,14.3917
1039,3,me,5.67112
1039,4,who,9.86372
1039,5,the,8.96323
1039,6,man,6.8914
1039,7,knew,15.2625
1039,8,his,6.10381
1039,9,friend,9.30099
1039,10,recalled,11.6828
1039,11,the,4.00018
1039,12,woman,12.1919
1039,13,said,9.79886
1039,14,the,4.76385
1039,15,pilot,12.4321
1039,16,will,7.71771
1039,17,send,9.48284
1039,18,the,4.06913
1039,19,package,14.2447
1039,20,to,6.32491
1039,21,his,7.73794
1039,22,family,6.59809
1039,23,.,2.48781
1039,24,</s>,27.279
1040,0,the,2.46696
1040,1,accountant,18.0479
1040,2,knew,14.5414
1040,3,that,3.27732
1040,4,could,8.17555
1040,5,introduce,12.7193
1040,6,the,4.75639
1040,7,new,9.28143
1040,8,woman,10.3057
1040,9,to,5.18855
1040,10,her,8.65731
1040,11,friend,8.33575
1040,12,.,5.01135
1040,13,</s>,24.8218
1041,0,the,2.46696
1041,1,accountant,18.0479
1041,2,knew,14.5414
1041,3,that,3.27732
1041,4,the,3.23771
1041,5,secretary,12.5664
1041,6,could,12.2064
1041,7,introduce,12.1388
1041,8,the,4.75639
1041,9,new,9.28143
1041,10,woman,10.3057
1041,11,to,5.18855
1041,12,her,8.65731
1041,13,friend,8.33575
1041,14,.,5.01135
1041,15,</s>,24.8218
1042,0,the,2.46696
1042,1,accountant,18.0479
1042,2,knew,14.5414
1042,3,who,6.5865
1042,4,could,7.69021
1042,5,introduce,12.2788
1042,6,the,4.75639
1042,7,new,9.28143
1042,8,woman,10.3057
1042,9,to,5.18855
1042,10,her,8.65731
1042,11,friend,8.33575
1042,12,.,5.01135
1042,13,</s>,24.8218
1043,0,the,2.46696
1043,1,accountant,18.0479
1043,2,knew,14.5414
1043,3,who,6.5865
1043,4,the,4.19838
1043,5,secretary,12.9498
1043,6,could,11.3299
1043,7,introduce,12.1388
1043,8,the,4.75639
1043,9,new,9.28143
1043,10,woman,10.3057
1043,11,to,5.18855
1043,12,her,8.65731
1043,13,friend,8.33575
1043,14,.,5.01135
1043,15,</s>,24.8218
1044,0,the,2.46696
1044,1,accountant,18.0479
1044,2,knew,14.5414
1044,3,that,3.27732
1044,4,the,3.23771
1044,5,security,11.7785
1044,6,guard,7.46344
1044,7,believed,13.6357
1044,8,could,9.64821
1044,9,introduce,12.0548
1044,10,the,4.75639
1044,11,new,9.28143
1044,12,woman,10.3057
1044,13,to,5.18855
1044,14,her,8.65731
1044,15,friend,8.33575
1044,16,.,5.01135
1044,17,</s>,24.8218
1045,0,the,2.46696
1045,1,accountant,18.0479
1045,2,knew,14.5414
1045,3,that,3.27732
1045,4,the,3.23771
1045,5,security,11.7785
1045,6,guard,7.46344
1045,7,believed,13.6357
1045,8,the,3.87627
1045,9,secretary,12.8324
1045,10,could,11.3299
1045,11,introduce,12.1388
1045,12,the,4.75639
1045,13,new,9.28143
1045,14,woman,10.3057
1045,15,to,5.18855
1045,16,her,8.65731
1045,17,friend,8.33575
1045,18,.,5.01135
1045,19,</s>,24.8218
1046,0,the,2.46696
1046,1,accountant,18.0479
1046,2,knew,14.5414
1046,3,who,6.5865
1046,4,the,4.19838
1046,5,security,12.3762
1046,6,guard,6.83755
1046,7,believed,13.6357
1046,8,could,9.64821
1046,9,introduce,12.0548
1046,10,the,4.75639
1046,11,new,9.28143
1046,12,woman,10.3057
1046,13,to,5.18855
1046,14,her,8.65731
1046,15,friend,8.33575
1046,16,.,5.01135
1046,17,</s>,24.8218
1047,0,the,2.46696
1047,1,accountant,18.0479
1047,2,knew,14.5414
1047,3,who,6.5865
1047,4,the,4.19838
1047,5,security,12.3762
1047,6,guard,6.83755
1047,7,believed,13.6357
1047,8,the,3.87627
1047,9,secretary,12.8324
1047,10,could,11.3299
1047,11,introduce,12.1388
1047,12,the,4.75639
1047,13,new,9.28143
1047,14,woman,10.3057
1047,15,to,5.18855
1047,16,her,8.65731
1047,17,friend,8.33575
1047,18,.,5.01135
1047,19,</s>,24.8218
1048,0,the,2.46696
1048,1,accountant,18.0479
1048,2,knew,14.5414
1048,3,that,3.27732
1048,4,the,3.23771
1048,5,security,11.7785
1048,6,guard,7.46344
1048,7,believed,13.6357
1048,8,his,6.52022
1048,9,friend,9.1042
1048,10,knew,13.3384
1048,11,could,10.0324
1048,12,introduce,12.1388
1048,13,the,4.75639
1048,14,new,9.28143
1048,15,woman,10.3057
1048,16,to,5.18855
1048,17,her,8.65731
1048,18,friend,8.33575
1048,19,.,5.01135
1048,20,</s>,24.8218
1049,0,the,2.46696
1049,1,accountant,18.0479
1049,2,knew,14.5414
1049,3,that,3.27732
1049,4,the,3.23771
1049,5,security,11.7785
1049,6,guard,7.46344
1049,7,believed,13.6357
1049,8,his,6.52022
1049,9,friend,9.1042
1049,10,knew,13.3384
1049,11,the,4.27224
1049,12,secretary,12.7725
1049,13,could,11.3299
1049,14,introduce,12.1388
1049,15,the,4.75639
1049,16,new,9.28143
1049,17,woman,10.3057
1049,18,to,5.18855
1049,19,her,8.65731
1049,20,friend,8.33575
1049,21,.,5.01135
1049,22,</s>,24.8218
1050,0,the,2.46696
1050,1,accountant,18.0479
1050,2,knew,14.5414
1050,3,who,6.5865
1050,4,the,4.19838
1050,5,security,12.3762
1050,6,guard,6.83755
1050,7,believed,13.6357
1050,8,his,6.52022
1050,9,friend,9.1042
1050,10,knew,13.3384
1050,11,could,10.0324
1050,12,introduce,12.1388
1050,13,the,4.75639
1050,14,new,9.28143
1050,15,woman,10.3057
1050,16,to,5.18855
1050,17,her,8.65731
1050,18,friend,8.33575
1050,19,.,5.01135
1050,20,</s>,24.8218
1051,0,the,2.46696
1051,1,accountant,18.0479
1051,2,knew,14.5414
1051,3,who,6.5865
1051,4,the,4.19838
1051,5,security,12.3762
1051,6,guard,6.83755
1051,7,believed,13.6357
1051,8,his,6.52022
1051,9,friend,9.1042
1051,10,knew,13.3384
1051,11,the,4.27224
1051,12,secretary,12.7725
1051,13,could,11.3299
1051,14,introduce,12.1388
1051,15,the,4.75639
1051,16,new,9.28143
1051,17,woman,10.3057
1051,18,to,5.18855
1051,19,her,8.65731
1051,20,friend,8.33575
1051,21,.,5.01135
1051,22,</s>,24.8218
1052,0,the,2.46696
1052,1,accountant,18.0479
1052,2,knew,14.5414
1052,3,that,3.27732
1052,4,the,3.23771
1052,5,security,11.7785
1052,6,guard,7.46344
1052,7,believed,13.6357
1052,8,his,6.52022
1052,9,friend,9.1042
1052,10,knew,13.3384
1052,11,the,4.27224
1052,12,assistant,14.5561
1052,13,reported,14.1248
1052,14,could,11.823
1052,15,introduce,12.1388
1052,16,the,4.75639
1052,17,new,9.28143
1052,18,woman,10.3057
1052,19,to,5.18855
1052,20,her,8.65731
1052,21,friend,8.33575
1052,22,.,5.01135
1052,23,</s>,24.8218
1053,0,the,2.46696
1053,1,accountant,18.0479
1053,2,knew,14.5414
1053,3,that,3.27732
1053,4,the,3.23771
1053,5,security,11.7785
1053,6,guard,7.46344
1053,7,believed,13.6357
1053,8,his,6.52022
1053,9,friend,9.1042
1053,10,knew,13.3384
1053,11,the,4.27224
1053,12,assistant,14.5561
1053,13,reported,14.1248
1053,14,the,4.76018
1053,15,secretary,13.085
1053,16,could,11.3299
1053,17,introduce,12.1388
1053,18,the,4.75639
1053,19,new,9.28143
1053,20,woman,10.3057
1053,21,to,5.18855
1053,22,her,8.65731
1053,23,friend,8.33575
1053,24,.,5.01135
1053,25,</s>,24.8218
1054,0,the,2.46696
1054,1,accountant,18.0479
1054,2,knew,14.5414
1054,3,who,6.5865
1054,4,the,4.19838
1054,5,security,12.3762
1054,6,guard,6.83755
1054,7,believed,13.6357
1054,8,his,6.52022
1054,9,friend,9.1042
1054,10,knew,13.3384
1054,11,the,4.27224
1054,12,assistant,14.5561
1054,13,reported,14.1248
1054,14,could,11.823
1054,15,introduce,12.1388
1054,16,the,4.75639
1054,17,new,9.28143
1054,18,woman,10.3057
1054,19,to,5.18855
1054,20,her,8.65731
1054,21,friend,8.33575
1054,22,.,5.01135
1054,23,</s>,24.8218
1055,0,the,2.46696
1055,1,accountant,18.0479
1055,2,knew,14.5414
1055,3,who,6.5865
1055,4,the,4.19838
1055,5,security,12.3762
1055,6,guard,6.83755
1055,7,believed,13.6357
1055,8,his,6.52022
1055,9,friend,9.1042
1055,10,knew,13.3384
1055,11,the,4.27224
1055,12,assistant,14.5561
1055,13,reported,14.1248
1055,14,the,4.76018
1055,15,secretary,13.085
1055,16,could,11.3299
1055,17,introduce,12.1388
1055,18,the,4.75639
1055,19,new,9.28143
1055,20,woman,10.3057
1055,21,to,5.18855
1055,22,her,8.65731
1055,23,friend,8.33575
1055,24,.,5.01135
1055,25,</s>,24.8218
1056,0,the,2.46696
1056,1,accountant,18.0479
1056,2,knew,14.5414
1056,3,that,3.27732
1056,4,the,3.23771
1056,5,security,11.7785
1056,6,guard,7.46344
1056,7,believed,13.6357
1056,8,his,6.52022
1056,9,friend,9.1042
1056,10,knew,13.3384
1056,11,the,4.27224
1056,12,assistant,14.5561
1056,13,reported,14.1248
1056,14,could,11.823
1056,15,introduce,12.1388
1056,16,the,4.75639
1056,17,new,9.28143
1056,18,woman,10.3057
1056,19,to,5.18855
1056,20,her,8.65731
1056,21,friend,8.33575
1056,22,.,5.01135
1056,23,</s>,24.8218
1057,0,the,2.46696
1057,1,accountant,18.0479
1057,2,knew,14.5414
1057,3,that,3.27732
1057,4,the,3.23771
1057,5,security,11.7785
1057,6,guard,7.46344
1057,7,believed,13.6357
1057,8,his,6.52022
1057,9,friend,9.1042
1057,10,knew,13.3384
1057,11,the,4.27224
1057,12,assistant,14.5561
1057,13,reported,14.1248
1057,14,the,4.76018
1057,15,secretary,13.085
1057,16,could,11.3299
1057,17,introduce,12.1388
1057,18,the,4.75639
1057,19,new,9.28143
1057,20,woman,10.3057
1057,21,to,5.18855
1057,22,her,8.65731
1057,23,friend,8.33575
1057,24,.,5.01135
1057,25,</s>,24.8218
1058,0,the,2.46696
1058,1,accountant,18.0479
1058,2,knew,14.5414
1058,3,who,6.5865
1058,4,the,4.19838
1058,5,security,12.3762
1058,6,guard,6.83755
1058,7,believed,13.6357
1058,8,his,6.52022
1058,9,friend,9.1042
1058,10,knew,13.3384
1058,11,the,4.27224
1058,12,assistant,14.5561
1058,13,reported,14.1248
1058,14,could,11.823
1058,15,introduce,12.1388
1058,16,the,4.75639
1058,17,new,9.28143
1058,18,woman,10.3057
1058,19,to,5.18855
1058,20,her,8.65731
1058,21,friend,8.33575
1058,22,.,5.01135
1058,23,</s>,24.8218
1059,0,the,2.46696
1059,1,accountant,18.0479
1059,2,knew,14.5414
1059,3,who,6.5865
1059,4,the,4.19838
1059,5,security,12.3762
1059,6,guard,6.83755
1059,7,believed,13.6357
1059,8,his,6.52022
1059,9,friend,9.1042
1059,10,knew,13.3384
1059,11,the,4.27224
1059,12,assistant,14.5561
1059,13,reported,14.1248
1059,14,the,4.76018
1059,15,secretary,13.085
1059,16,could,11.3299
1059,17,introduce,12.1388
1059,18,the,4.75639
1059,19,new,9.28143
1059,20,woman,10.3057
1059,21,to,5.18855
1059,22,her,8.65731
1059,23,friend,8.33575
1059,24,.,5.01135
1059,25,</s>,24.8218
1060,0,i,8.92268
1060,1,know,6.35939
1060,2,that,3.01867
1060,3,will,8.78715
1060,4,throw,12.0
1060,5,the,5.0503
1060,6,plastic,14.25
1060,7,into,10.8086
1060,8,the,3.06669
1060,9,trash,14.7837
1060,10,can,4.46141
1060,11,.,3.06211
1060,12,</s>,23.6519
1061,0,i,8.92268
1061,1,know,6.35939
1061,2,that,3.01867
1061,3,your,9.03142
1061,4,friend,9.03406
1061,5,will,10.899
1061,6,throw,11.6101
1061,7,the,5.0503
1061,8,plastic,14.25
1061,9,into,10.8086
1061,10,the,3.06669
1061,11,trash,14.7837
1061,12,can,4.46141
1061,13,.,3.06211
1061,14,</s>,23.6519
1062,0,i,8.92268
1062,1,know,6.35939
1062,2,who,6.55265
1062,3,will,8.2859
1062,4,throw,11.7761
1062,5,the,5.0503
1062,6,plastic,14.25
1062,7,into,10.8086
1062,8,the,3.06669
1062,9,trash,14.7837
1062,10,can,4.46141
1062,11,.,3.06211
1062,12,</s>,23.6519
1063,0,i,8.92268
1063,1,know,6.35939
1063,2,who,6.55265
1063,3,your,15.3251
1063,4,friend,9.0128
1063,5,will,10.899
1063,6,throw,11.6101
1063,7,the,5.0503
1063,8,plastic,14.25
1063,9,into,10.8086
1063,10,the,3.06669
1063,11,trash,14.7837
1063,12,can,4.46141
1063,13,.,3.06211
1063,14,</s>,23.6519
1064,0,i,8.92268
1064,1,know,6.35939
1064,2,that,3.01867
1064,3,our,9.03142
1064,4,mother,10.0931
1064,5,said,9.9453
1064,6,will,11.0609
1064,7,throw,11.6259
1064,8,the,5.0503
1064,9,plastic,14.25
1064,10,into,10.8086
1064,11,the,3.06669
1064,12,trash,14.7837
1064,13,can,4.46141
1064,14,.,3.06211
1064,15,</s>,23.6519
1065,0,i,8.92268
1065,1,know,6.35939
1065,2,that,3.01867
1065,3,our,9.03142
1065,4,mother,10.0931
1065,5,said,9.9453
1065,6,your,15.38
1065,7,friend,9.0128
1065,8,will,10.899
1065,9,throw,11.6101
1065,10,the,5.0503
1065,11,plastic,14.25
1065,12,into,10.8086
1065,13,the,3.06669
1065,14,trash,14.7837
1065,15,can,4.46141
1065,16,.,3.06211
1065,17,</s>,23.6519
1066,0,i,8.92268
1066,1,know,6.35939
1066,2,who,6.55265
1066,3,our,15.3251
1066,4,mother,9.95471
1066,5,said,9.9453
1066,6,will,11.0609
1066,7,throw,11.6259
1066,8,the,5.0503
1066,9,plastic,14.25
1066,10,into,10.8086
1066,11,the,3.06669
1066,12,trash,14.7837
1066,13,can,4.46141
1066,14,.,3.06211
1066,15,</s>,23.6519
1067,0,i,8.92268
1067,1,know,6.35939
1067,2,who,6.55265
1067,3,our,15.3251
1067,4,mother,9.95471
1067,5,said,9.9453
1067,6,your,15.38
1067,7,friend,9.0128
1067,8,will,10.899
1067,9,throw,11.6101
1067,10,the,5.0503
1067,11,plastic,14.25
1067,12,into,10.8086
1067,13,the,3.06669
1067,14,trash,14.7837
1067,15,can,4.46141
1067,16,.,3.06211
1067,17,</s>,23.6519
1068,0,i,8.92268
1068,1,know,6.35939
1068,2,that,3.01867
1068,3,our,9.03142
1068,4,mother,10.0931
1068,5,said,9.9453
1068,6,her,8.58876
1068,7,friend,9.53134
1068,8,remarked,15.6711
1068,9,will,13.0706
1068,10,throw,11.6101
1068,11,the,5.0503
1068,12,plastic,14.25
1068,13,into,10.8086
1068,14,the,3.06669
1068,15,trash,14.7837
1068,16,can,4.46141
1068,17,.,3.06211
1068,18,</s>,23.6519
1069,0,i,8.92268
1069,1,know,6.35939
1069,2,that,3.01867
1069,3,our,9.03142
1069,4,mother,10.0931
1069,5,said,9.9453
1069,6,her,8.58876
1069,7,friend,9.53134
1069,8,remarked,15.6711
1069,9,your,16.1277
1069,10,friend,9.0128
1069,11,will,10.899
1069,12,throw,11.6101
1069,13,the,5.0503
1069,14,plastic,14.25
1069,15,into,10.8086
1069,16,the,3.06669
1069,17,trash,14.7837
1069,18,can,4.46141
1069,19,.,3.06211
1069,20,</s>,23.6519
1070,0,i,8.92268
1070,1,know,6.35939
1070,2,who,6.55265
1070,3,our,15.3251
1070,4,mother,9.95471
1070,5,said,9.9453
1070,6,her,8.58876
1070,7,friend,9.53134
1070,8,remarked,15.6711
1070,9,will,13.0706
1070,10,throw,11.6101
1070,11,the,5.0503
1070,12,plastic,14.25
1070,13,into,10.8086
1070,14,the,3.06669
1070,15,trash,14.7837
1070,16,can,4.46141
1070,17,.,3.06211
1070,18,</s>,23.6519
1071,0,i,8.92268
1071,1,know,6.35939
1071,2,who,6.55265
1071,3,our,15.3251
1071,4,mother,9.95471
1071,5,said,9.9453
1071,6,her,8.58876
1071,7,friend,9.53134
1071,8,remarked,15.6711
1071,9,your,16.1277
1071,10,friend,9.0128
1071,11,will,10.899
1071,12,throw,11.6101
1071,13,the,5.0503
1071,14,plastic,14.25
1071,15,into,10.8086
1071,16,the,3.06669
1071,17,trash,14.7837
1071,18,can,4.46141
1071,19,.,3.06211
1071,20,</s>,23.6519
1072,0,i,8.92268
1072,1,know,6.35939
1072,2,that,3.01867
1072,3,our,9.03142
1072,4,mother,10.0931
1072,5,said,9.9453
1072,6,her,8.58876
1072,7,friend,9.53134
1072,8,remarked,15.6711
1072,9,the,9.18833
1072,10,park,11.2248
1072,11,attendant,18.2286
1072,12,reported,13.0792
1072,13,will,11.7101
1072,14,throw,11.6101
1072,15,the,5.0503
1072,16,plastic,14.25
1072,17,into,10.8086
1072,18,the,3.06669
1072,19,trash,14.7837
1072,20,can,4.46141
1072,21,.,3.06211
1072,22,</s>,23.6519
1073,0,i,8.92268
1073,1,know,6.35939
1073,2,that,3.01867
1073,3,our,9.03142
1073,4,mother,10.0931
1073,5,said,9.9453
1073,6,her,8.58876
1073,7,friend,9.53134
1073,8,remarked,15.6711
1073,9,the,9.18833
1073,10,park,11.2248
1073,11,attendant,18.2286
1073,12,reported,13.0792
1073,13,your,14.7672
1073,14,friend,9.0128
1073,15,will,10.899
1073,16,throw,11.6101
1073,17,the,5.0503
1073,18,plastic,14.25
1073,19,into,10.8086
1073,20,the,3.06669
1073,21,trash,14.7837
1073,22,can,4.46141
1073,23,.,3.06211
1073,24,</s>,23.6519
1074,0,i,8.92268
1074,1,know,6.35939
1074,2,who,6.55265
1074,3,our,15.3251
1074,4,mother,9.95471
1074,5,said,9.9453
1074,6,her,8.58876
1074,7,friend,9.53134
1074,8,remarked,15.6711
1074,9,the,9.18833
1074,10,park,11.2248
1074,11,attendant,18.2286
1074,12,reported,13.0792
1074,13,will,11.7101
1074,14,throw,11.6101
1074,15,the,5.0503
1074,16,plastic,14.25
1074,17,into,10.8086
1074,18,the,3.06669
1074,19,trash,14.7837
1074,20,can,4.46141
1074,21,.,3.06211
1074,22,</s>,23.6519
1075,0,i,8.92268
1075,1,know,6.35939
1075,2,who,6.55265
1075,3,our,15.3251
1075,4,mother,9.95471
1075,5,said,9.9453
1075,6,her,8.58876
1075,7,friend,9.53134
1075,8,remarked,15.6711
1075,9,the,9.18833
1075,10,park,11.2248
1075,11,attendant,18.2286
1075,12,reported,13.0792
1075,13,your,14.7672
1075,14,friend,9.0128
1075,15,will,10.899
1075,16,throw,11.6101
1075,17,the,5.0503
1075,18,plastic,14.25
1075,19,into,10.8086
1075,20,the,3.06669
1075,21,trash,14.7837
1075,22,can,4.46141
1075,23,.,3.06211
1075,24,</s>,23.6519
1076,0,i,8.92268
1076,1,know,6.35939
1076,2,that,3.01867
1076,3,our,9.03142
1076,4,mother,10.0931
1076,5,said,9.9453
1076,6,her,8.58876
1076,7,friend,9.53134
1076,8,remarked,15.6711
1076,9,the,9.18833
1076,10,park,11.2248
1076,11,attendant,18.2286
1076,12,reported,13.0792
1076,13,will,11.7101
1076,14,throw,11.6101
1076,15,the,5.0503
1076,16,plastic,14.25
1076,17,into,10.8086
1076,18,the,3.06669
1076,19,trash,14.7837
1076,20,can,4.46141
1076,21,.,3.06211
1076,22,</s>,23.6519
1077,0,i,8.92268
1077,1,know,6.35939
1077,2,that,3.01867
1077,3,our,9.03142
1077,4,mother,10.0931
1077,5,said,9.9453
1077,6,her,8.58876
1077,7,friend,9.53134
1077,8,remarked,15.6711
1077,9,the,9.18833
1077,10,park,11.2248
1077,11,attendant,18.2286
1077,12,reported,13.0792
1077,13,your,14.7672
1077,14,friend,9.0128
1077,15,will,10.899
1077,16,throw,11.6101
1077,17,the,5.0503
1077,18,plastic,14.25
1077,19,into,10.8086
1077,20,the,3.06669
1077,21,trash,14.7837
1077,22,can,4.46141
1077,23,.,3.06211
1077,24,</s>,23.6519
1078,0,i,8.92268
1078,1,know,6.35939
1078,2,who,6.55265
1078,3,our,15.3251
1078,4,mother,9.95471
1078,5,said,9.9453
1078,6,her,8.58876
1078,7,friend,9.53134
1078,8,remarked,15.6711
1078,9,the,9.18833
1078,10,park,11.2248
1078,11,attendant,18.2286
1078,12,reported,13.0792
1078,13,will,11.7101
1078,14,throw,11.6101
1078,15,the,5.0503
1078,16,plastic,14.25
1078,17,into,10.8086
1078,18,the,3.06669
1078,19,trash,14.7837
1078,20,can,4.46141
1078,21,.,3.06211
1078,22,</s>,23.6519
1079,0,i,8.92268
1079,1,know,6.35939
1079,2,who,6.55265
1079,3,our,15.3251
1079,4,mother,9.95471
1079,5,said,9.9453
1079,6,her,8.58876
1079,7,friend,9.53134
1079,8,remarked,15.6711
1079,9,the,9.18833
1079,10,park,11.2248
1079,11,attendant,18.2286
1079,12,reported,13.0792
1079,13,your,14.7672
1079,14,friend,9.0128
1079,15,will,10.899
1079,16,throw,11.6101
1079,17,the,5.0503
1079,18,plastic,14.25
1079,19,into,10.8086
1079,20,the,3.06669
1079,21,trash,14.7837
1079,22,can,4.46141
1079,23,.,3.06211
1079,24,</s>,23.6519
