sentence_id	token_id	token	surprisal
1	1	they	6.37172
1	2	reported	11.2987
1	3	that	1.06934
1	4	could	8.36676
1	5	have	4.23376
1	6	promoted	13.0412
1	7	the	2.92461
1	8	accountant	17.147
1	9	last	14.3545
1	10	quarter	11.486
1	11	.	3.80372
1	12	</s>	27.9657
2	1	they	6.37172
2	2	reported	11.2987
2	3	that	1.06934
2	4	the	2.41116
2	5	boss	15.2577
2	6	could	11.6672
2	7	have	4.64757
2	8	promoted	12.6249
2	9	the	2.92461
2	10	accountant	17.147
2	11	last	14.3545
2	12	quarter	11.486
2	13	.	3.80372
2	14	</s>	27.9657
3	1	they	6.37172
3	2	reported	11.2987
3	3	who	12.4486
3	4	could	7.13325
3	5	have	4.91109
3	6	promoted	12.4818
3	7	the	2.92461
3	8	accountant	17.147
3	9	last	14.3545
3	10	quarter	11.486
3	11	.	3.80372
3	12	</s>	27.9657
4	1	they	6.37172
4	2	reported	11.2987
4	3	who	12.4486
4	4	the	8.96323
4	5	boss	14.2445
4	6	could	11.6672
4	7	have	4.64757
4	8	promoted	12.6249
4	9	the	2.92461
4	10	accountant	17.147
4	11	last	14.3545
4	12	quarter	11.486
4	13	.	3.80372
4	14	</s>	27.9657
5	1	they	6.37172
5	2	reported	11.2987
5	3	that	1.06934
5	4	the	2.41116
5	5	man	9.74448
5	6	said	10.1162
5	7	could	11.1654
5	8	have	4.60849
5	9	promoted	12.6249
5	10	the	2.92461
5	11	accountant	17.147
5	12	last	14.3545
5	13	quarter	11.486
5	14	.	3.80372
5	15	</s>	27.9657
6	1	they	6.37172
6	2	reported	11.2987
6	3	that	1.06934
6	4	the	2.41116
6	5	man	9.74448
6	6	said	10.1162
6	7	the	4.64906
6	8	boss	14.4272
6	9	could	11.6672
6	10	have	4.64757
6	11	promoted	12.6249
6	12	the	2.92461
6	13	accountant	17.147
6	14	last	14.3545
6	15	quarter	11.486
6	16	.	3.80372
6	17	</s>	27.9657
7	1	they	6.37172
7	2	reported	11.2987
7	3	who	12.4486
7	4	the	8.96323
7	5	man	6.8914
7	6	said	10.0278
7	7	could	11.1654
7	8	have	4.60849
7	9	promoted	12.6249
7	10	the	2.92461
7	11	accountant	17.147
7	12	last	14.3545
7	13	quarter	11.486
7	14	.	3.80372
7	15	</s>	27.9657
8	1	they	6.37172
8	2	reported	11.2987
8	3	who	12.4486
8	4	the	8.96323
8	5	man	6.8914
8	6	said	10.0278
8	7	the	4.64906
8	8	boss	14.4272
8	9	could	11.6672
8	10	have	4.64757
8	11	promoted	12.6249
8	12	the	2.92461
8	13	accountant	17.147
8	14	last	14.3545
8	15	quarter	11.486
8	16	.	3.80372
8	17	</s>	27.9657
9	1	they	6.37172
9	2	reported	11.2987
9	3	that	1.06934
9	4	the	2.41116
9	5	man	9.74448
9	6	said	10.1162
9	7	the	4.64906
9	8	old	10.8476
9	9	woman	8.0687
9	10	told	11.9488
9	11	him	3.88907
9	12	could	13.3907
9	13	have	4.72521
9	14	promoted	12.6249
9	15	the	2.92461
9	16	accountant	17.147
9	17	last	14.3545
9	18	quarter	11.486
9	19	.	3.80372
9	20	</s>	27.9657
10	1	they	6.37172
10	2	reported	11.2987
10	3	that	1.06934
10	4	the	2.41116
10	5	man	9.74448
10	6	said	10.1162
10	7	the	4.64906
10	8	old	10.8476
10	9	woman	8.0687
10	10	told	11.9488
10	11	him	3.88907
10	12	the	4.84715
10	13	boss	14.5977
10	14	could	11.6672
10	15	have	4.64757
10	16	promoted	12.6249
10	17	the	2.92461
10	18	accountant	17.147
10	19	last	14.3545
10	20	quarter	11.486
10	21	.	3.80372
10	22	</s>	27.9657
11	1	they	6.37172
11	2	reported	11.2987
11	3	who	12.4486
11	4	the	8.96323
11	5	man	6.8914
11	6	said	10.0278
11	7	the	4.64906
11	8	old	10.8476
11	9	woman	8.0687
11	10	told	11.9488
11	11	him	3.88907
11	12	could	13.3907
11	13	have	4.72521
11	14	promoted	12.6249
11	15	the	2.92461
11	16	accountant	17.147
11	17	last	14.3545
11	18	quarter	11.486
11	19	.	3.80372
11	20	</s>	27.9657
12	1	they	6.37172
12	2	reported	11.2987
12	3	who	12.4486
12	4	the	8.96323
12	5	man	6.8914
12	6	said	10.0278
12	7	the	4.64906
12	8	old	10.8476
12	9	woman	8.0687
12	10	told	11.9488
12	11	him	3.88907
12	12	the	4.84715
12	13	boss	14.5977
12	14	could	11.6672
12	15	have	4.64757
12	16	promoted	12.6249
12	17	the	2.92461
12	18	accountant	17.147
12	19	last	14.3545
12	20	quarter	11.486
12	21	.	3.80372
12	22	</s>	27.9657
13	1	they	6.37172
13	2	reported	11.2987
13	3	that	1.06934
13	4	the	2.41116
13	5	man	9.74448
13	6	said	10.1162
13	7	the	4.64906
13	8	old	10.8476
13	9	woman	8.0687
13	10	told	11.9488
13	11	him	3.88907
13	12	she	6.08387
13	13	knew	10.1816
13	14	could	9.95168
13	15	have	4.64757
13	16	promoted	12.6249
13	17	the	2.92461
13	18	accountant	17.147
13	19	last	14.3545
13	20	quarter	11.486
13	21	.	3.80372
13	22	</s>	27.9657
14	1	they	6.37172
14	2	reported	11.2987
14	3	that	1.06934
14	4	the	2.41116
14	5	man	9.74448
14	6	said	10.1162
14	7	the	4.64906
14	8	old	10.8476
14	9	woman	8.0687
14	10	told	11.9488
14	11	him	3.88907
14	12	she	6.08387
14	13	knew	10.1816
14	14	the	5.35757
14	15	boss	14.0672
14	16	could	11.6672
14	17	have	4.64757
14	18	promoted	12.6249
14	19	the	2.92461
14	20	accountant	17.147
14	21	last	14.3545
14	22	quarter	11.486
14	23	.	3.80372
14	24	</s>	27.9657
15	1	they	6.37172
15	2	reported	11.2987
15	3	who	12.4486
15	4	the	8.96323
15	5	man	6.8914
15	6	said	10.0278
15	7	the	4.64906
15	8	old	10.8476
15	9	woman	8.0687
15	10	told	11.9488
15	11	him	3.88907
15	12	she	6.08387
15	13	knew	10.1816
15	14	could	9.95168
15	15	have	4.64757
15	16	promoted	12.6249
15	17	the	2.92461
15	18	accountant	17.147
15	19	last	14.3545
15	20	quarter	11.486
15	21	.	3.80372
15	22	</s>	27.9657
16	1	they	6.37172
16	2	reported	11.2987
16	3	who	12.4486
16	4	the	8.96323
16	5	man	6.8914
16	6	said	10.0278
16	7	the	4.64906
16	8	old	10.8476
16	9	woman	8.0687
16	10	told	11.9488
16	11	him	3.88907
16	12	she	6.08387
16	13	knew	10.1816
16	14	the	5.35757
16	15	boss	14.0672
16	16	could	11.6672
16	17	have	4.64757
16	18	promoted	12.6249
16	19	the	2.92461
16	20	accountant	17.147
16	21	last	14.3545
16	22	quarter	11.486
16	23	.	3.80372
16	24	</s>	27.9657
17	1	they	6.37172
17	2	reported	11.2987
17	3	that	1.06934
17	4	the	2.41116
17	5	man	9.74448
17	6	said	10.1162
17	7	the	4.64906
17	8	old	10.8476
17	9	woman	8.0687
17	10	told	11.9488
17	11	him	3.88907
17	12	she	6.08387
17	13	knew	10.1816
17	14	could	9.95168
17	15	have	4.64757
17	16	promoted	12.6249
17	17	the	2.92461
17	18	accountant	17.147
17	19	last	14.3545
17	20	quarter	11.486
17	21	.	3.80372
17	22	</s>	27.9657
18	1	they	6.37172
18	2	reported	11.2987
18	3	that	1.06934
18	4	the	2.41116
18	5	man	9.74448
18	6	said	10.1162
18	7	the	4.64906
18	8	old	10.8476
18	9	woman	8.0687
18	10	told	11.9488
18	11	him	3.88907
18	12	she	6.08387
18	13	knew	10.1816
18	14	the	5.35757
18	15	boss	14.0672
18	16	could	11.6672
18	17	have	4.64757
18	18	promoted	12.6249
18	19	the	2.92461
18	20	accountant	17.147
18	21	last	14.3545
18	22	quarter	11.486
18	23	.	3.80372
18	24	</s>	27.9657
19	1	they	6.37172
19	2	reported	11.2987
19	3	who	12.4486
19	4	the	8.96323
19	5	man	6.8914
19	6	said	10.0278
19	7	the	4.64906
19	8	old	10.8476
19	9	woman	8.0687
19	10	told	11.9488
19	11	him	3.88907
19	12	she	6.08387
19	13	knew	10.1816
19	14	could	9.95168
19	15	have	4.64757
19	16	promoted	12.6249
19	17	the	2.92461
19	18	accountant	17.147
19	19	last	14.3545
19	20	quarter	11.486
19	21	.	3.80372
19	22	</s>	27.9657
20	1	they	6.37172
20	2	reported	11.2987
20	3	who	12.4486
20	4	the	8.96323
20	5	man	6.8914
20	6	said	10.0278
20	7	the	4.64906
20	8	old	10.8476
20	9	woman	8.0687
20	10	told	11.9488
20	11	him	3.88907
20	12	she	6.08387
20	13	knew	10.1816
20	14	the	5.35757
20	15	boss	14.0672
20	16	could	11.6672
20	17	have	4.64757
20	18	promoted	12.6249
20	19	the	2.92461
20	20	accountant	17.147
20	21	last	14.3545
20	22	quarter	11.486
20	23	.	3.80372
20	24	</s>	27.9657
21	1	he	4.43708
21	2	reported	10.9023
21	3	that	1.2922
21	4	could	8.42967
21	5	abandon	16.6693
21	6	his	4.73507
21	7	comrades	12.2281
21	8	on	6.26604
21	9	the	3.74276
21	10	sinking	15.2936
21	11	ship	2.33585
21	12	.	2.92081
21	13	</s>	23.3093
22	1	he	4.43708
22	2	reported	10.9023
22	3	that	1.2922
22	4	the	2.05663
22	5	pirate	15.2432
22	6	could	11.4663
22	7	abandon	16.0888
22	8	his	4.73507
22	9	comrades	12.2281
22	10	on	6.26604
22	11	the	3.74276
22	12	sinking	15.2936
22	13	ship	2.33585
22	14	.	2.92081
22	15	</s>	23.3093
23	1	he	4.43708
23	2	reported	10.9023
23	3	who	12.6639
23	4	could	7.13325
23	5	abandon	16.2288
23	6	his	4.73507
23	7	comrades	12.2281
23	8	on	6.26604
23	9	the	3.74276
23	10	sinking	15.2936
23	11	ship	2.33585
23	12	.	2.92081
23	13	</s>	23.3093
24	1	he	4.43708
24	2	reported	10.9023
24	3	who	12.6639
24	4	the	8.96323
24	5	pirate	14.6702
24	6	could	11.4663
24	7	abandon	16.0888
24	8	his	4.73507
24	9	comrades	12.2281
24	10	on	6.26604
24	11	the	3.74276
24	12	sinking	15.2936
24	13	ship	2.33585
24	14	.	2.92081
24	15	</s>	23.3093
25	1	he	4.43708
25	2	reported	10.9023
25	3	that	1.2922
25	4	the	2.05663
25	5	sailor	16.1682
25	6	believed	13.806
25	7	could	9.64821
25	8	abandon	16.0049
25	9	his	4.73507
25	10	comrades	12.2281
25	11	on	6.26604
25	12	the	3.74276
25	13	sinking	15.2936
25	14	ship	2.33585
25	15	.	2.92081
25	16	</s>	23.3093
26	1	he	4.43708
26	2	reported	10.9023
26	3	that	1.2922
26	4	the	2.05663
26	5	sailor	16.1682
26	6	believed	13.806
26	7	the	3.87627
26	8	pirate	14.5528
26	9	could	11.4663
26	10	abandon	16.0888
26	11	his	4.73507
26	12	comrades	12.2281
26	13	on	6.26604
26	14	the	3.74276
26	15	sinking	15.2936
26	16	ship	2.33585
26	17	.	2.92081
26	18	</s>	23.3093
27	1	he	4.43708
27	2	reported	10.9023
27	3	who	12.6639
27	4	the	8.96323
27	5	sailor	14.905
27	6	believed	13.806
27	7	could	9.64821
27	8	abandon	16.0049
27	9	his	4.73507
27	10	comrades	12.2281
27	11	on	6.26604
27	12	the	3.74276
27	13	sinking	15.2936
27	14	ship	2.33585
27	15	.	2.92081
27	16	</s>	23.3093
28	1	he	4.43708
28	2	reported	10.9023
28	3	who	12.6639
28	4	the	8.96323
28	5	sailor	14.905
28	6	believed	13.806
28	7	the	3.87627
28	8	pirate	14.5528
28	9	could	11.4663
28	10	abandon	16.0888
28	11	his	4.73507
28	12	comrades	12.2281
28	13	on	6.26604
28	14	the	3.74276
28	15	sinking	15.2936
28	16	ship	2.33585
28	17	.	2.92081
28	18	</s>	23.3093
29	1	he	4.43708
29	2	reported	10.9023
29	3	that	1.2922
29	4	the	2.05663
29	5	sailor	16.1682
29	6	believed	13.806
29	7	the	3.87627
29	8	man	11.3386
29	9	believed	13.1847
29	10	could	9.64821
29	11	abandon	16.0049
29	12	his	4.73507
29	13	comrades	12.2281
29	14	on	6.26604
29	15	the	3.74276
29	16	sinking	15.2936
29	17	ship	2.33585
29	18	.	2.92081
29	19	</s>	23.3093
30	1	he	4.43708
30	2	reported	10.9023
30	3	that	1.2922
30	4	the	2.05663
30	5	sailor	16.1682
30	6	believed	13.806
30	7	the	3.87627
30	8	man	11.3386
30	9	believed	13.1847
30	10	the	3.87627
30	11	pirate	14.5528
30	12	could	11.4663
30	13	abandon	16.0888
30	14	his	4.73507
30	15	comrades	12.2281
30	16	on	6.26604
30	17	the	3.74276
30	18	sinking	15.2936
30	19	ship	2.33585
30	20	.	2.92081
30	21	</s>	23.3093
31	1	he	4.43708
31	2	reported	10.9023
31	3	who	12.6639
31	4	the	8.96323
31	5	sailor	14.905
31	6	believed	13.806
31	7	the	3.87627
31	8	man	11.3386
31	9	believed	13.1847
31	10	could	9.64821
31	11	abandon	16.0049
31	12	his	4.73507
31	13	comrades	12.2281
31	14	on	6.26604
31	15	the	3.74276
31	16	sinking	15.2936
31	17	ship	2.33585
31	18	.	2.92081
31	19	</s>	23.3093
32	1	he	4.43708
32	2	reported	10.9023
32	3	who	12.6639
32	4	the	8.96323
32	5	sailor	14.905
32	6	believed	13.806
32	7	the	3.87627
32	8	man	11.3386
32	9	believed	13.1847
32	10	the	3.87627
32	11	pirate	14.5528
32	12	could	11.4663
32	13	abandon	16.0888
32	14	his	4.73507
32	15	comrades	12.2281
32	16	on	6.26604
32	17	the	3.74276
32	18	sinking	15.2936
32	19	ship	2.33585
32	20	.	2.92081
32	21	</s>	23.3093
33	1	he	4.43708
33	2	reported	10.9023
33	3	that	1.2922
33	4	the	2.05663
33	5	sailor	16.1682
33	6	believed	13.806
33	7	the	3.87627
33	8	man	11.3386
33	9	believed	13.1847
33	10	he	5.20607
33	11	knew	10.6388
33	12	could	10.0111
33	13	abandon	16.0888
33	14	his	4.73507
33	15	comrades	12.2281
33	16	on	6.26604
33	17	the	3.74276
33	18	sinking	15.2936
33	19	ship	2.33585
33	20	.	2.92081
33	21	</s>	23.3093
34	1	he	4.43708
34	2	reported	10.9023
34	3	that	1.2922
34	4	the	2.05663
34	5	sailor	16.1682
34	6	believed	13.806
34	7	the	3.87627
34	8	man	11.3386
34	9	believed	13.1847
34	10	he	5.20607
34	11	knew	10.6388
34	12	the	5.05217
34	13	pirate	14.5348
34	14	could	11.4663
34	15	abandon	16.0888
34	16	his	4.73507
34	17	comrades	12.2281
34	18	on	6.26604
34	19	the	3.74276
34	20	sinking	15.2936
34	21	ship	2.33585
34	22	.	2.92081
34	23	</s>	23.3093
35	1	he	4.43708
35	2	reported	10.9023
35	3	who	12.6639
35	4	the	8.96323
35	5	sailor	14.905
35	6	believed	13.806
35	7	the	3.87627
35	8	man	11.3386
35	9	believed	13.1847
35	10	he	5.20607
35	11	knew	10.6388
35	12	could	10.0111
35	13	abandon	16.0888
35	14	his	4.73507
35	15	comrades	12.2281
35	16	on	6.26604
35	17	the	3.74276
35	18	sinking	15.2936
35	19	ship	2.33585
35	20	.	2.92081
35	21	</s>	23.3093
36	1	he	4.43708
36	2	reported	10.9023
36	3	who	12.6639
36	4	the	8.96323
36	5	sailor	14.905
36	6	believed	13.806
36	7	the	3.87627
36	8	man	11.3386
36	9	believed	13.1847
36	10	he	5.20607
36	11	knew	10.6388
36	12	the	5.05217
36	13	pirate	14.5348
36	14	could	11.4663
36	15	abandon	16.0888
36	16	his	4.73507
36	17	comrades	12.2281
36	18	on	6.26604
36	19	the	3.74276
36	20	sinking	15.2936
36	21	ship	2.33585
36	22	.	2.92081
36	23	</s>	23.3093
37	1	he	4.43708
37	2	reported	10.9023
37	3	that	1.2922
37	4	the	2.05663
37	5	sailor	16.1682
37	6	believed	13.806
37	7	the	3.87627
37	8	man	11.3386
37	9	believed	13.1847
37	10	he	5.20607
37	11	knew	10.6388
37	12	could	10.0111
37	13	abandon	16.0888
37	14	his	4.73507
37	15	comrades	12.2281
37	16	on	6.26604
37	17	the	3.74276
37	18	sinking	15.2936
37	19	ship	2.33585
37	20	.	2.92081
37	21	</s>	23.3093
38	1	he	4.43708
38	2	reported	10.9023
38	3	that	1.2922
38	4	the	2.05663
38	5	sailor	16.1682
38	6	believed	13.806
38	7	the	3.87627
38	8	man	11.3386
38	9	believed	13.1847
38	10	he	5.20607
38	11	knew	10.6388
38	12	the	5.05217
38	13	pirate	14.5348
38	14	could	11.4663
38	15	abandon	16.0888
38	16	his	4.73507
38	17	comrades	12.2281
38	18	on	6.26604
38	19	the	3.74276
38	20	sinking	15.2936
38	21	ship	2.33585
38	22	.	2.92081
38	23	</s>	23.3093
39	1	he	4.43708
39	2	reported	10.9023
39	3	who	12.6639
39	4	the	8.96323
39	5	sailor	14.905
39	6	believed	13.806
39	7	the	3.87627
39	8	man	11.3386
39	9	believed	13.1847
39	10	he	5.20607
39	11	knew	10.6388
39	12	could	10.0111
39	13	abandon	16.0888
39	14	his	4.73507
39	15	comrades	12.2281
39	16	on	6.26604
39	17	the	3.74276
39	18	sinking	15.2936
39	19	ship	2.33585
39	20	.	2.92081
39	21	</s>	23.3093
40	1	he	4.43708
40	2	reported	10.9023
40	3	who	12.6639
40	4	the	8.96323
40	5	sailor	14.905
40	6	believed	13.806
40	7	the	3.87627
40	8	man	11.3386
40	9	believed	13.1847
40	10	he	5.20607
40	11	knew	10.6388
40	12	the	5.05217
40	13	pirate	14.5348
40	14	could	11.4663
40	15	abandon	16.0888
40	16	his	4.73507
40	17	comrades	12.2281
40	18	on	6.26604
40	19	the	3.74276
40	20	sinking	15.2936
40	21	ship	2.33585
40	22	.	2.92081
40	23	</s>	23.3093
41	1	they	6.37172
41	2	know	11.9019
41	3	that	3.79528
41	4	might	9.96596
41	5	have	2.81632
41	6	reassured	20.353
41	7	his	6.06494
41	8	client	11.264
41	9	last	14.9792
41	10	night	6.976
41	11	.	2.66267
41	12	</s>	25.4592
42	1	they	6.37172
42	2	know	11.9019
42	3	that	3.79528
42	4	the	2.53449
42	5	lawyer	16.0779
42	6	might	12.7476
42	7	have	3.14779
42	8	reassured	19.9313
42	9	his	6.06494
42	10	client	11.264
42	11	last	14.9792
42	12	night	6.976
42	13	.	2.66267
42	14	</s>	25.4592
43	1	they	6.37172
43	2	know	11.9019
43	3	who	7.38908
43	4	might	9.00709
43	5	have	2.7324
43	6	reassured	20.1578
43	7	his	6.06494
43	8	client	11.264
43	9	last	14.9792
43	10	night	6.976
43	11	.	2.66267
43	12	</s>	25.4592
44	1	they	6.37172
44	2	know	11.9019
44	3	who	7.38908
44	4	the	5.01207
44	5	lawyer	15.0261
44	6	might	12.7476
44	7	have	3.14779
44	8	reassured	19.9313
44	9	his	6.06494
44	10	client	11.264
44	11	last	14.9792
44	12	night	6.976
44	13	.	2.66267
44	14	</s>	25.4592
45	1	they	6.37172
45	2	know	11.9019
45	3	that	3.79528
45	4	the	2.53449
45	5	man	9.65412
45	6	said	10.1162
45	7	might	13.7984
45	8	have	3.14779
45	9	reassured	19.9313
45	10	his	6.06494
45	11	client	11.264
45	12	last	14.9792
45	13	night	6.976
45	14	.	2.66267
45	15	</s>	25.4592
46	1	they	6.37172
46	2	know	11.9019
46	3	that	3.79528
46	4	the	2.53449
46	5	man	9.65412
46	6	said	10.1162
46	7	the	4.64906
46	8	lawyer	15.1245
46	9	might	12.7476
46	10	have	3.14779
46	11	reassured	19.9313
46	12	his	6.06494
46	13	client	11.264
46	14	last	14.9792
46	15	night	6.976
46	16	.	2.66267
46	17	</s>	25.4592
47	1	they	6.37172
47	2	know	11.9019
47	3	who	7.38908
47	4	the	5.01207
47	5	man	6.97564
47	6	said	10.0278
47	7	might	13.7984
47	8	have	3.14779
47	9	reassured	19.9313
47	10	his	6.06494
47	11	client	11.264
47	12	last	14.9792
47	13	night	6.976
47	14	.	2.66267
47	15	</s>	25.4592
48	1	they	6.37172
48	2	know	11.9019
48	3	who	7.38908
48	4	the	5.01207
48	5	man	6.97564
48	6	said	10.0278
48	7	the	4.64906
48	8	lawyer	15.1245
48	9	might	12.7476
48	10	have	3.14779
48	11	reassured	19.9313
48	12	his	6.06494
48	13	client	11.264
48	14	last	14.9792
48	15	night	6.976
48	16	.	2.66267
48	17	</s>	25.4592
49	1	they	6.37172
49	2	know	11.9019
49	3	that	3.79528
49	4	the	2.53449
49	5	man	9.65412
49	6	said	10.1162
49	7	the	4.64906
49	8	neighbors	16.03
49	9	thought	13.7965
49	10	might	10.4781
49	11	have	3.19661
49	12	reassured	19.9313
49	13	his	6.06494
49	14	client	11.264
49	15	last	14.9792
49	16	night	6.976
49	17	.	2.66267
49	18	</s>	25.4592
50	1	they	6.37172
50	2	know	11.9019
50	3	that	3.79528
50	4	the	2.53449
50	5	man	9.65412
50	6	said	10.1162
50	7	the	4.64906
50	8	neighbors	16.03
50	9	thought	13.7965
50	10	the	4.36895
50	11	lawyer	14.9776
50	12	might	12.7476
50	13	have	3.14779
50	14	reassured	19.9313
50	15	his	6.06494
50	16	client	11.264
50	17	last	14.9792
50	18	night	6.976
50	19	.	2.66267
50	20	</s>	25.4592
51	1	they	6.37172
51	2	know	11.9019
51	3	who	7.38908
51	4	the	5.01207
51	5	man	6.97564
51	6	said	10.0278
51	7	the	4.64906
51	8	neighbors	16.03
51	9	thought	13.7965
51	10	might	10.4781
51	11	have	3.19661
51	12	reassured	19.9313
51	13	his	6.06494
51	14	client	11.264
51	15	last	14.9792
51	16	night	6.976
51	17	.	2.66267
51	18	</s>	25.4592
52	1	they	6.37172
52	2	know	11.9019
52	3	who	7.38908
52	4	the	5.01207
52	5	man	6.97564
52	6	said	10.0278
52	7	the	4.64906
52	8	neighbors	16.03
52	9	thought	13.7965
52	10	the	4.36895
52	11	lawyer	14.9776
52	12	might	12.7476
52	13	have	3.14779
52	14	reassured	19.9313
52	15	his	6.06494
52	16	client	11.264
52	17	last	14.9792
52	18	night	6.976
52	19	.	2.66267
52	20	</s>	25.4592
53	1	they	6.37172
53	2	know	11.9019
53	3	that	3.79528
53	4	the	2.53449
53	5	man	9.65412
53	6	said	10.1162
53	7	the	4.64906
53	8	neighbors	16.03
53	9	thought	13.7965
53	10	they	5.96809
53	11	knew	6.78694
53	12	might	13.3093
53	13	have	3.14779
53	14	reassured	19.9313
53	15	his	6.06494
53	16	client	11.264
53	17	last	14.9792
53	18	night	6.976
53	19	.	2.66267
53	20	</s>	25.4592
54	1	they	6.37172
54	2	know	11.9019
54	3	that	3.79528
54	4	the	2.53449
54	5	man	9.65412
54	6	said	10.1162
54	7	the	4.64906
54	8	neighbors	16.03
54	9	thought	13.7965
54	10	they	5.96809
54	11	knew	6.78694
54	12	the	4.155
54	13	lawyer	14.8278
54	14	might	12.7476
54	15	have	3.14779
54	16	reassured	19.9313
54	17	his	6.06494
54	18	client	11.264
54	19	last	14.9792
54	20	night	6.976
54	21	.	2.66267
54	22	</s>	25.4592
55	1	they	6.37172
55	2	know	11.9019
55	3	who	7.38908
55	4	the	5.01207
55	5	man	6.97564
55	6	said	10.0278
55	7	the	4.64906
55	8	neighbors	16.03
55	9	thought	13.7965
55	10	they	5.96809
55	11	knew	6.78694
55	12	might	13.3093
55	13	have	3.14779
55	14	reassured	19.9313
55	15	his	6.06494
55	16	client	11.264
55	17	last	14.9792
55	18	night	6.976
55	19	.	2.66267
55	20	</s>	25.4592
56	1	they	6.37172
56	2	know	11.9019
56	3	who	7.38908
56	4	the	5.01207
56	5	man	6.97564
56	6	said	10.0278
56	7	the	4.64906
56	8	neighbors	16.03
56	9	thought	13.7965
56	10	they	5.96809
56	11	knew	6.78694
56	12	the	4.155
56	13	lawyer	14.8278
56	14	might	12.7476
56	15	have	3.14779
56	16	reassured	19.9313
56	17	his	6.06494
56	18	client	11.264
56	19	last	14.9792
56	20	night	6.976
56	21	.	2.66267
56	22	</s>	25.4592
57	1	they	6.37172
57	2	know	11.9019
57	3	that	3.79528
57	4	the	2.53449
57	5	man	9.65412
57	6	said	10.1162
57	7	the	4.64906
57	8	neighbors	16.03
57	9	thought	13.7965
57	10	they	5.96809
57	11	knew	6.78694
57	12	might	13.3093
57	13	have	3.14779
57	14	reassured	19.9313
57	15	his	6.06494
57	16	client	11.264
57	17	last	14.9792
57	18	night	6.976
57	19	.	2.66267
57	20	</s>	25.4592
58	1	they	6.37172
58	2	know	11.9019
58	3	that	3.79528
58	4	the	2.53449
58	5	man	9.65412
58	6	said	10.1162
58	7	the	4.64906
58	8	neighbors	16.03
58	9	thought	13.7965
58	10	they	5.96809
58	11	knew	6.78694
58	12	the	4.155
58	13	lawyer	14.8278
58	14	might	12.7476
58	15	have	3.14779
58	16	reassured	19.9313
58	17	his	6.06494
58	18	client	11.264
58	19	last	14.9792
58	20	night	6.976
58	21	.	2.66267
58	22	</s>	25.4592
59	1	they	6.37172
59	2	know	11.9019
59	3	who	7.38908
59	4	the	5.01207
59	5	man	6.97564
59	6	said	10.0278
59	7	the	4.64906
59	8	neighbors	16.03
59	9	thought	13.7965
59	10	they	5.96809
59	11	knew	6.78694
59	12	might	13.3093
59	13	have	3.14779
59	14	reassured	19.9313
59	15	his	6.06494
59	16	client	11.264
59	17	last	14.9792
59	18	night	6.976
59	19	.	2.66267
59	20	</s>	25.4592
60	1	they	6.37172
60	2	know	11.9019
60	3	who	7.38908
60	4	the	5.01207
60	5	man	6.97564
60	6	said	10.0278
60	7	the	4.64906
60	8	neighbors	16.03
60	9	thought	13.7965
60	10	they	5.96809
60	11	knew	6.78694
60	12	the	4.155
60	13	lawyer	14.8278
60	14	might	12.7476
60	15	have	3.14779
60	16	reassured	19.9313
60	17	his	6.06494
60	18	client	11.264
60	19	last	14.9792
60	20	night	6.976
60	21	.	2.66267
60	22	</s>	25.4592
61	1	she	6.52858
61	2	knows	11.9031
61	3	that	2.62183
61	4	should	10.9812
61	5	thank	15.9247
61	6	the	4.47359
61	7	cook	14.0996
61	8	in	5.84722
61	9	the	3.09077
61	10	mess	14.9478
61	11	hall	3.65777
61	12	.	2.9225
61	13	</s>	23.6519
62	1	she	6.52858
62	2	knows	11.9031
62	3	that	2.62183
62	4	the	3.70626
62	5	soldier	13.6489
62	6	should	11.5722
62	7	thank	15.089
62	8	the	4.47359
62	9	cook	14.0996
62	10	in	5.84722
62	11	the	3.09077
62	12	mess	14.9478
62	13	hall	3.65777
62	14	.	2.9225
62	15	</s>	23.6519
63	1	she	6.52858
63	2	knows	11.9031
63	3	who	6.14725
63	4	should	9.97386
63	5	thank	15.4139
63	6	the	4.47359
63	7	cook	14.0996
63	8	in	5.84722
63	9	the	3.09077
63	10	mess	14.9478
63	11	hall	3.65777
63	12	.	2.9225
63	13	</s>	23.6519
64	1	she	6.52858
64	2	knows	11.9031
64	3	who	6.14725
64	4	the	3.6838
64	5	soldier	14.2678
64	6	should	11.5722
64	7	thank	15.089
64	8	the	4.47359
64	9	cook	14.0996
64	10	in	5.84722
64	11	the	3.09077
64	12	mess	14.9478
64	13	hall	3.65777
64	14	.	2.9225
64	15	</s>	23.6519
65	1	she	6.52858
65	2	knows	11.9031
65	3	that	2.62183
65	4	the	3.70626
65	5	captain	11.4942
65	6	said	12.809
65	7	should	12.5476
65	8	thank	15.5081
65	9	the	4.47359
65	10	cook	14.0996
65	11	in	5.84722
65	12	the	3.09077
65	13	mess	14.9478
65	14	hall	3.65777
65	15	.	2.9225
65	16	</s>	23.6519
66	1	she	6.52858
66	2	knows	11.9031
66	3	that	2.62183
66	4	the	3.70626
66	5	captain	11.4942
66	6	said	12.809
66	7	the	4.51729
66	8	soldier	14.4504
66	9	should	11.5722
66	10	thank	15.089
66	11	the	4.47359
66	12	cook	14.0996
66	13	in	5.84722
66	14	the	3.09077
66	15	mess	14.9478
66	16	hall	3.65777
66	17	.	2.9225
66	18	</s>	23.6519
67	1	she	6.52858
67	2	knows	11.9031
67	3	who	6.14725
67	4	the	3.6838
67	5	captain	12.7732
67	6	said	12.6937
67	7	should	12.5476
67	8	thank	15.5081
67	9	the	4.47359
67	10	cook	14.0996
67	11	in	5.84722
67	12	the	3.09077
67	13	mess	14.9478
67	14	hall	3.65777
67	15	.	2.9225
67	16	</s>	23.6519
68	1	she	6.52858
68	2	knows	11.9031
68	3	who	6.14725
68	4	the	3.6838
68	5	captain	12.7732
68	6	said	12.6937
68	7	the	4.51729
68	8	soldier	14.4504
68	9	should	11.5722
68	10	thank	15.089
68	11	the	4.47359
68	12	cook	14.0996
68	13	in	5.84722
68	14	the	3.09077
68	15	mess	14.9478
68	16	hall	3.65777
68	17	.	2.9225
68	18	</s>	23.6519
69	1	she	6.52858
69	2	knows	11.9031
69	3	that	2.62183
69	4	the	3.70626
69	5	captain	11.4942
69	6	said	12.809
69	7	the	4.51729
69	8	pilot	12.4321
69	9	thought	14.1576
69	10	should	10.4781
69	11	thank	15.0103
69	12	the	4.47359
69	13	cook	14.0996
69	14	in	5.84722
69	15	the	3.09077
69	16	mess	14.9478
69	17	hall	3.65777
69	18	.	2.9225
69	19	</s>	23.6519
70	1	she	6.52858
70	2	knows	11.9031
70	3	that	2.62183
70	4	the	3.70626
70	5	captain	11.4942
70	6	said	12.809
70	7	the	4.51729
70	8	pilot	12.4321
70	9	thought	14.1576
70	10	the	4.36895
70	11	soldier	14.3035
70	12	should	11.5722
70	13	thank	15.089
70	14	the	4.47359
70	15	cook	14.0996
70	16	in	5.84722
70	17	the	3.09077
70	18	mess	14.9478
70	19	hall	3.65777
70	20	.	2.9225
70	21	</s>	23.6519
71	1	she	6.52858
71	2	knows	11.9031
71	3	who	6.14725
71	4	the	3.6838
71	5	captain	12.7732
71	6	said	12.6937
71	7	the	4.51729
71	8	pilot	12.4321
71	9	thought	14.1576
71	10	should	10.4781
71	11	thank	15.0103
71	12	the	4.47359
71	13	cook	14.0996
71	14	in	5.84722
71	15	the	3.09077
71	16	mess	14.9478
71	17	hall	3.65777
71	18	.	2.9225
71	19	</s>	23.6519
72	1	she	6.52858
72	2	knows	11.9031
72	3	who	6.14725
72	4	the	3.6838
72	5	captain	12.7732
72	6	said	12.6937
72	7	the	4.51729
72	8	pilot	12.4321
72	9	thought	14.1576
72	10	the	4.36895
72	11	soldier	14.3035
72	12	should	11.5722
72	13	thank	15.089
72	14	the	4.47359
72	15	cook	14.0996
72	16	in	5.84722
72	17	the	3.09077
72	18	mess	14.9478
72	19	hall	3.65777
72	20	.	2.9225
72	21	</s>	23.6519
73	1	she	6.52858
73	2	knows	11.9031
73	3	that	2.62183
73	4	the	3.70626
73	5	captain	11.4942
73	6	said	12.809
73	7	the	4.51729
73	8	pilot	12.4321
73	9	thought	14.1576
73	10	he	5.15677
73	11	knew	10.6589
73	12	should	12.6362
73	13	thank	15.089
73	14	the	4.47359
73	15	cook	14.0996
73	16	in	5.84722
73	17	the	3.09077
73	18	mess	14.9478
73	19	hall	3.65777
73	20	.	2.9225
73	21	</s>	23.6519
74	1	she	6.52858
74	2	knows	11.9031
74	3	that	2.62183
74	4	the	3.70626
74	5	captain	11.4942
74	6	said	12.809
74	7	the	4.51729
74	8	pilot	12.4321
74	9	thought	14.1576
74	10	he	5.15677
74	11	knew	10.6589
74	12	the	5.05217
74	13	soldier	14.1324
74	14	should	11.5722
74	15	thank	15.089
74	16	the	4.47359
74	17	cook	14.0996
74	18	in	5.84722
74	19	the	3.09077
74	20	mess	14.9478
74	21	hall	3.65777
74	22	.	2.9225
74	23	</s>	23.6519
75	1	she	6.52858
75	2	knows	11.9031
75	3	who	6.14725
75	4	the	3.6838
75	5	captain	12.7732
75	6	said	12.6937
75	7	the	4.51729
75	8	pilot	12.4321
75	9	thought	14.1576
75	10	he	5.15677
75	11	knew	10.6589
75	12	should	12.6362
75	13	thank	15.089
75	14	the	4.47359
75	15	cook	14.0996
75	16	in	5.84722
75	17	the	3.09077
75	18	mess	14.9478
75	19	hall	3.65777
75	20	.	2.9225
75	21	</s>	23.6519
76	1	she	6.52858
76	2	knows	11.9031
76	3	who	6.14725
76	4	the	3.6838
76	5	captain	12.7732
76	6	said	12.6937
76	7	the	4.51729
76	8	pilot	12.4321
76	9	thought	14.1576
76	10	he	5.15677
76	11	knew	10.6589
76	12	the	5.05217
76	13	soldier	14.1324
76	14	should	11.5722
76	15	thank	15.089
76	16	the	4.47359
76	17	cook	14.0996
76	18	in	5.84722
76	19	the	3.09077
76	20	mess	14.9478
76	21	hall	3.65777
76	22	.	2.9225
76	23	</s>	23.6519
77	1	she	6.52858
77	2	knows	11.9031
77	3	that	2.62183
77	4	the	3.70626
77	5	captain	11.4942
77	6	said	12.809
77	7	the	4.51729
77	8	pilot	12.4321
77	9	thought	14.1576
77	10	he	5.15677
77	11	knew	10.6589
77	12	should	12.6362
77	13	thank	15.089
77	14	the	4.47359
77	15	cook	14.0996
77	16	in	5.84722
77	17	the	3.09077
77	18	mess	14.9478
77	19	hall	3.65777
77	20	.	2.9225
77	21	</s>	23.6519
78	1	she	6.52858
78	2	knows	11.9031
78	3	that	2.62183
78	4	the	3.70626
78	5	captain	11.4942
78	6	said	12.809
78	7	the	4.51729
78	8	pilot	12.4321
78	9	thought	14.1576
78	10	he	5.15677
78	11	knew	10.6589
78	12	the	5.05217
78	13	soldier	14.1324
78	14	should	11.5722
78	15	thank	15.089
78	16	the	4.47359
78	17	cook	14.0996
78	18	in	5.84722
78	19	the	3.09077
78	20	mess	14.9478
78	21	hall	3.65777
78	22	.	2.9225
78	23	</s>	23.6519
79	1	she	6.52858
79	2	knows	11.9031
79	3	who	6.14725
79	4	the	3.6838
79	5	captain	12.7732
79	6	said	12.6937
79	7	the	4.51729
79	8	pilot	12.4321
79	9	thought	14.1576
79	10	he	5.15677
79	11	knew	10.6589
79	12	should	12.6362
79	13	thank	15.089
79	14	the	4.47359
79	15	cook	14.0996
79	16	in	5.84722
79	17	the	3.09077
79	18	mess	14.9478
79	19	hall	3.65777
79	20	.	2.9225
79	21	</s>	23.6519
80	1	she	6.52858
80	2	knows	11.9031
80	3	who	6.14725
80	4	the	3.6838
80	5	captain	12.7732
80	6	said	12.6937
80	7	the	4.51729
80	8	pilot	12.4321
80	9	thought	14.1576
80	10	he	5.15677
80	11	knew	10.6589
80	12	the	5.05217
80	13	soldier	14.1324
80	14	should	11.5722
80	15	thank	15.089
80	16	the	4.47359
80	17	cook	14.0996
80	18	in	5.84722
80	19	the	3.09077
80	20	mess	14.9478
80	21	hall	3.65777
80	22	.	2.9225
80	23	</s>	23.6519
81	1	he	4.43708
81	2	knows	11.9494
81	3	that	2.7177
81	4	might	9.93988
81	5	interrogate	22.0049
81	6	the	4.73332
81	7	suspect	13.7496
81	8	in	5.09498
81	9	the	2.21188
81	10	basement	10.8945
81	11	.	2.56081
81	12	</s>	27.1167
82	1	he	4.43708
82	2	knows	11.9494
82	3	that	2.7177
82	4	the	3.64053
82	5	police	9.69857
82	6	might	15.3564
82	7	interrogate	21.4103
82	8	the	4.73332
82	9	suspect	13.7496
82	10	in	5.09498
82	11	the	2.21188
82	12	basement	10.8945
82	13	.	2.56081
82	14	</s>	27.1167
83	1	he	4.43708
83	2	knows	11.9494
83	3	who	8.10265
83	4	might	9.15824
83	5	interrogate	21.7587
83	6	the	4.73332
83	7	suspect	13.7496
83	8	in	5.09498
83	9	the	2.21188
83	10	basement	10.8945
83	11	.	2.56081
83	12	</s>	27.1167
84	1	he	4.43708
84	2	knows	11.9494
84	3	who	8.10265
84	4	the	3.8854
84	5	police	11.3625
84	6	might	14.699
84	7	interrogate	21.4103
84	8	the	4.73332
84	9	suspect	13.7496
84	10	in	5.09498
84	11	the	2.21188
84	12	basement	10.8945
84	13	.	2.56081
84	14	</s>	27.1167
85	1	he	4.43708
85	2	knows	11.9494
85	3	that	2.7177
85	4	the	3.64053
85	5	inspector	15.7446
85	6	believed	13.9192
85	7	might	13.2461
85	8	interrogate	21.4103
85	9	the	4.73332
85	10	suspect	13.7496
85	11	in	5.09498
85	12	the	2.21188
85	13	basement	10.8945
85	14	.	2.56081
85	15	</s>	27.1167
86	1	he	4.43708
86	2	knows	11.9494
86	3	that	2.7177
86	4	the	3.64053
86	5	inspector	15.7446
86	6	believed	13.9192
86	7	the	3.87627
86	8	police	11.245
86	9	might	14.699
86	10	interrogate	21.4103
86	11	the	4.73332
86	12	suspect	13.7496
86	13	in	5.09498
86	14	the	2.21188
86	15	basement	10.8945
86	16	.	2.56081
86	17	</s>	27.1167
87	1	he	4.43708
87	2	knows	11.9494
87	3	who	8.10265
87	4	the	3.8854
87	5	inspector	15.2768
87	6	believed	13.9192
87	7	might	13.2461
87	8	interrogate	21.4103
87	9	the	4.73332
87	10	suspect	13.7496
87	11	in	5.09498
87	12	the	2.21188
87	13	basement	10.8945
87	14	.	2.56081
87	15	</s>	27.1167
88	1	he	4.43708
88	2	knows	11.9494
88	3	who	8.10265
88	4	the	3.8854
88	5	inspector	15.2768
88	6	believed	13.9192
88	7	the	3.87627
88	8	police	11.245
88	9	might	14.699
88	10	interrogate	21.4103
88	11	the	4.73332
88	12	suspect	13.7496
88	13	in	5.09498
88	14	the	2.21188
88	15	basement	10.8945
88	16	.	2.56081
88	17	</s>	27.1167
89	1	he	4.43708
89	2	knows	11.9494
89	3	that	2.7177
89	4	the	3.64053
89	5	inspector	15.7446
89	6	believed	13.9192
89	7	the	3.87627
89	8	man	11.3386
89	9	reported	12.4041
89	10	might	13.0811
89	11	interrogate	21.4103
89	12	the	4.73332
89	13	suspect	13.7496
89	14	in	5.09498
89	15	the	2.21188
89	16	basement	10.8945
89	17	.	2.56081
89	18	</s>	27.1167
90	1	he	4.43708
90	2	knows	11.9494
90	3	that	2.7177
90	4	the	3.64053
90	5	inspector	15.7446
90	6	believed	13.9192
90	7	the	3.87627
90	8	man	11.3386
90	9	reported	12.4041
90	10	the	4.76018
90	11	police	11.4976
90	12	might	14.699
90	13	interrogate	21.4103
90	14	the	4.73332
90	15	suspect	13.7496
90	16	in	5.09498
90	17	the	2.21188
90	18	basement	10.8945
90	19	.	2.56081
90	20	</s>	27.1167
91	1	he	4.43708
91	2	knows	11.9494
91	3	who	8.10265
91	4	the	3.8854
91	5	inspector	15.2768
91	6	believed	13.9192
91	7	the	3.87627
91	8	man	11.3386
91	9	reported	12.4041
91	10	might	13.0811
91	11	interrogate	21.4103
91	12	the	4.73332
91	13	suspect	13.7496
91	14	in	5.09498
91	15	the	2.21188
91	16	basement	10.8945
91	17	.	2.56081
91	18	</s>	27.1167
92	1	he	4.43708
92	2	knows	11.9494
92	3	who	8.10265
92	4	the	3.8854
92	5	inspector	15.2768
92	6	believed	13.9192
92	7	the	3.87627
92	8	man	11.3386
92	9	reported	12.4041
92	10	the	4.76018
92	11	police	11.4976
92	12	might	14.699
92	13	interrogate	21.4103
92	14	the	4.73332
92	15	suspect	13.7496
92	16	in	5.09498
92	17	the	2.21188
92	18	basement	10.8945
92	19	.	2.56081
92	20	</s>	27.1167
93	1	he	4.43708
93	2	knows	11.9494
93	3	that	2.7177
93	4	the	3.64053
93	5	inspector	15.7446
93	6	believed	13.9192
93	7	the	3.87627
93	8	man	11.3386
93	9	reported	12.4041
93	10	he	8.37548
93	11	knew	9.68635
93	12	might	13.2982
93	13	interrogate	21.4103
93	14	the	4.73332
93	15	suspect	13.7496
93	16	in	5.09498
93	17	the	2.21188
93	18	basement	10.8945
93	19	.	2.56081
93	20	</s>	27.1167
94	1	he	4.43708
94	2	knows	11.9494
94	3	that	2.7177
94	4	the	3.64053
94	5	inspector	15.7446
94	6	believed	13.9192
94	7	the	3.87627
94	8	man	11.3386
94	9	reported	12.4041
94	10	he	8.37548
94	11	knew	9.68635
94	12	the	5.05217
94	13	police	11.2271
94	14	might	14.699
94	15	interrogate	21.4103
94	16	the	4.73332
94	17	suspect	13.7496
94	18	in	5.09498
94	19	the	2.21188
94	20	basement	10.8945
94	21	.	2.56081
94	22	</s>	27.1167
95	1	he	4.43708
95	2	knows	11.9494
95	3	who	8.10265
95	4	the	3.8854
95	5	inspector	15.2768
95	6	believed	13.9192
95	7	the	3.87627
95	8	man	11.3386
95	9	reported	12.4041
95	10	he	8.37548
95	11	knew	9.68635
95	12	might	13.2982
95	13	interrogate	21.4103
95	14	the	4.73332
95	15	suspect	13.7496
95	16	in	5.09498
95	17	the	2.21188
95	18	basement	10.8945
95	19	.	2.56081
95	20	</s>	27.1167
96	1	he	4.43708
96	2	knows	11.9494
96	3	who	8.10265
96	4	the	3.8854
96	5	inspector	15.2768
96	6	believed	13.9192
96	7	the	3.87627
96	8	man	11.3386
96	9	reported	12.4041
96	10	he	8.37548
96	11	knew	9.68635
96	12	the	5.05217
96	13	police	11.2271
96	14	might	14.699
96	15	interrogate	21.4103
96	16	the	4.73332
96	17	suspect	13.7496
96	18	in	5.09498
96	19	the	2.21188
96	20	basement	10.8945
96	21	.	2.56081
96	22	</s>	27.1167
97	1	he	4.43708
97	2	knows	11.9494
97	3	that	2.7177
97	4	the	3.64053
97	5	inspector	15.7446
97	6	believed	13.9192
97	7	the	3.87627
97	8	man	11.3386
97	9	reported	12.4041
97	10	he	8.37548
97	11	knew	9.68635
97	12	might	13.2982
97	13	interrogate	21.4103
97	14	the	4.73332
97	15	suspect	13.7496
97	16	in	5.09498
97	17	the	2.21188
97	18	basement	10.8945
97	19	.	2.56081
97	20	</s>	27.1167
98	1	he	4.43708
98	2	knows	11.9494
98	3	that	2.7177
98	4	the	3.64053
98	5	inspector	15.7446
98	6	believed	13.9192
98	7	the	3.87627
98	8	man	11.3386
98	9	reported	12.4041
98	10	he	8.37548
98	11	knew	9.68635
98	12	the	5.05217
98	13	police	11.2271
98	14	might	14.699
98	15	interrogate	21.4103
98	16	the	4.73332
98	17	suspect	13.7496
98	18	in	5.09498
98	19	the	2.21188
98	20	basement	10.8945
98	21	.	2.56081
98	22	</s>	27.1167
99	1	he	4.43708
99	2	knows	11.9494
99	3	who	8.10265
99	4	the	3.8854
99	5	inspector	15.2768
99	6	believed	13.9192
99	7	the	3.87627
99	8	man	11.3386
99	9	reported	12.4041
99	10	he	8.37548
99	11	knew	9.68635
99	12	might	13.2982
99	13	interrogate	21.4103
99	14	the	4.73332
99	15	suspect	13.7496
99	16	in	5.09498
99	17	the	2.21188
99	18	basement	10.8945
99	19	.	2.56081
99	20	</s>	27.1167
100	1	he	4.43708
100	2	knows	11.9494
100	3	who	8.10265
100	4	the	3.8854
100	5	inspector	15.2768
100	6	believed	13.9192
100	7	the	3.87627
100	8	man	11.3386
100	9	reported	12.4041
100	10	he	8.37548
100	11	knew	9.68635
100	12	the	5.05217
100	13	police	11.2271
100	14	might	14.699
100	15	interrogate	21.4103
100	16	the	4.73332
100	17	suspect	13.7496
100	18	in	5.09498
100	19	the	2.21188
100	20	basement	10.8945
100	21	.	2.56081
100	22	</s>	27.1167
101	1	you	11.5115
101	2	know	4.15838
101	3	that	6.24274
101	4	was	7.11972
101	5	waiting	13.2022
101	6	for	1.4596
101	7	her	4.3443
101	8	mother	7.4818
101	9	at	8.10087
101	10	the	2.06733
101	11	movie	13.507
101	12	theater	6.79027
101	13	.	4.48648
101	14	</s>	24.6519
102	1	you	11.5115
102	2	know	4.15838
102	3	that	6.24274
102	4	the	3.3901
102	5	young	10.1308
102	6	woman	4.56209
102	7	was	2.41958
102	8	waiting	12.9631
102	9	for	1.4596
102	10	her	4.3443
102	11	mother	7.4818
102	12	at	8.10087
102	13	the	2.06733
102	14	movie	13.507
102	15	theater	6.79027
102	16	.	4.48648
102	17	</s>	24.6519
103	1	you	11.5115
103	2	know	4.15838
103	3	who	5.97772
103	4	was	5.95861
103	5	waiting	10.817
103	6	for	2.65778
103	7	her	4.3443
103	8	mother	7.4818
103	9	at	8.10087
103	10	the	2.06733
103	11	movie	13.507
103	12	theater	6.79027
103	13	.	4.48648
103	14	</s>	24.6519
104	1	you	11.5115
104	2	know	4.15838
104	3	who	5.97772
104	4	the	5.26981
104	5	young	11.3975
104	6	woman	6.12623
104	7	was	5.72816
104	8	waiting	12.9631
104	9	for	1.4596
104	10	her	4.3443
104	11	mother	7.4818
104	12	at	8.10087
104	13	the	2.06733
104	14	movie	13.507
104	15	theater	6.79027
104	16	.	4.48648
104	17	</s>	24.6519
105	1	you	11.5115
105	2	know	4.15838
105	3	that	6.24274
105	4	the	3.3901
105	5	man	9.65412
105	6	said	10.1162
105	7	was	7.6825
105	8	waiting	13.2938
105	9	for	1.4596
105	10	her	4.3443
105	11	mother	7.4818
105	12	at	8.10087
105	13	the	2.06733
105	14	movie	13.507
105	15	theater	6.79027
105	16	.	4.48648
105	17	</s>	24.6519
106	1	you	11.5115
106	2	know	4.15838
106	3	that	6.24274
106	4	the	3.3901
106	5	man	9.65412
106	6	said	10.1162
106	7	the	4.64906
106	8	young	11.496
106	9	woman	6.12623
106	10	was	5.72816
106	11	waiting	12.9631
106	12	for	1.4596
106	13	her	4.3443
106	14	mother	7.4818
106	15	at	8.10087
106	16	the	2.06733
106	17	movie	13.507
106	18	theater	6.79027
106	19	.	4.48648
106	20	</s>	24.6519
107	1	you	11.5115
107	2	know	4.15838
107	3	who	5.97772
107	4	the	5.26981
107	5	man	6.97564
107	6	said	10.0278
107	7	was	7.6825
107	8	waiting	13.2938
107	9	for	1.4596
107	10	her	4.3443
107	11	mother	7.4818
107	12	at	8.10087
107	13	the	2.06733
107	14	movie	13.507
107	15	theater	6.79027
107	16	.	4.48648
107	17	</s>	24.6519
108	1	you	11.5115
108	2	know	4.15838
108	3	who	5.97772
108	4	the	5.26981
108	5	man	6.97564
108	6	said	10.0278
108	7	the	4.64906
108	8	young	11.496
108	9	woman	6.12623
108	10	was	5.72816
108	11	waiting	12.9631
108	12	for	1.4596
108	13	her	4.3443
108	14	mother	7.4818
108	15	at	8.10087
108	16	the	2.06733
108	17	movie	13.507
108	18	theater	6.79027
108	19	.	4.48648
108	20	</s>	24.6519
109	1	you	11.5115
109	2	know	4.15838
109	3	that	6.24274
109	4	the	3.3901
109	5	man	9.65412
109	6	said	10.1162
109	7	the	4.64906
109	8	attendant	15.834
109	9	saw	12.5106
109	10	was	9.11227
109	11	waiting	13.0601
109	12	for	1.4596
109	13	her	4.3443
109	14	mother	7.4818
109	15	at	8.10087
109	16	the	2.06733
109	17	movie	13.507
109	18	theater	6.79027
109	19	.	4.48648
109	20	</s>	24.6519
110	1	you	11.5115
110	2	know	4.15838
110	3	that	6.24274
110	4	the	3.3901
110	5	man	9.65412
110	6	said	10.1162
110	7	the	4.64906
110	8	attendant	15.834
110	9	saw	12.5106
110	10	the	2.9593
110	11	young	11.7593
110	12	woman	6.12623
110	13	was	5.72816
110	14	waiting	12.9631
110	15	for	1.4596
110	16	her	4.3443
110	17	mother	7.4818
110	18	at	8.10087
110	19	the	2.06733
110	20	movie	13.507
110	21	theater	6.79027
110	22	.	4.48648
110	23	</s>	24.6519
111	1	you	11.5115
111	2	know	4.15838
111	3	who	5.97772
111	4	the	5.26981
111	5	man	6.97564
111	6	said	10.0278
111	7	the	4.64906
111	8	attendant	15.834
111	9	saw	12.5106
111	10	was	9.11227
111	11	waiting	13.0601
111	12	for	1.4596
111	13	her	4.3443
111	14	mother	7.4818
111	15	at	8.10087
111	16	the	2.06733
111	17	movie	13.507
111	18	theater	6.79027
111	19	.	4.48648
111	20	</s>	24.6519
112	1	you	11.5115
112	2	know	4.15838
112	3	who	5.97772
112	4	the	5.26981
112	5	man	6.97564
112	6	said	10.0278
112	7	the	4.64906
112	8	attendant	15.834
112	9	saw	12.5106
112	10	the	2.9593
112	11	young	11.7593
112	12	woman	6.12623
112	13	was	5.72816
112	14	waiting	12.9631
112	15	for	1.4596
112	16	her	4.3443
112	17	mother	7.4818
112	18	at	8.10087
112	19	the	2.06733
112	20	movie	13.507
112	21	theater	6.79027
112	22	.	4.48648
112	23	</s>	24.6519
113	1	you	11.5115
113	2	know	4.15838
113	3	that	6.24274
113	4	the	3.3901
113	5	man	9.65412
113	6	said	10.1162
113	7	the	4.64906
113	8	attendant	15.834
113	9	saw	12.5106
113	10	her	6.16468
113	11	friend	9.55461
113	12	knew	13.4537
113	13	was	7.45984
113	14	waiting	12.8204
113	15	for	1.4596
113	16	her	4.3443
113	17	mother	7.4818
113	18	at	8.10087
113	19	the	2.06733
113	20	movie	13.507
113	21	theater	6.79027
113	22	.	4.48648
113	23	</s>	24.6519
114	1	you	11.5115
114	2	know	4.15838
114	3	that	6.24274
114	4	the	3.3901
114	5	man	9.65412
114	6	said	10.1162
114	7	the	4.64906
114	8	attendant	15.834
114	9	saw	12.5106
114	10	her	6.16468
114	11	friend	9.55461
114	12	knew	13.4537
114	13	the	4.27224
114	14	young	11.1359
114	15	woman	6.12623
114	16	was	5.72816
114	17	waiting	12.9631
114	18	for	1.4596
114	19	her	4.3443
114	20	mother	7.4818
114	21	at	8.10087
114	22	the	2.06733
114	23	movie	13.507
114	24	theater	6.79027
114	25	.	4.48648
114	26	</s>	24.6519
115	1	you	11.5115
115	2	know	4.15838
115	3	who	5.97772
115	4	the	5.26981
115	5	man	6.97564
115	6	said	10.0278
115	7	the	4.64906
115	8	attendant	15.834
115	9	saw	12.5106
115	10	her	6.16468
115	11	friend	9.55461
115	12	knew	13.4537
115	13	was	7.45984
115	14	waiting	12.8204
115	15	for	1.4596
115	16	her	4.3443
115	17	mother	7.4818
115	18	at	8.10087
115	19	the	2.06733
115	20	movie	13.507
115	21	theater	6.79027
115	22	.	4.48648
115	23	</s>	24.6519
116	1	you	11.5115
116	2	know	4.15838
116	3	who	5.97772
116	4	the	5.26981
116	5	man	6.97564
116	6	said	10.0278
116	7	the	4.64906
116	8	attendant	15.834
116	9	saw	12.5106
116	10	her	6.16468
116	11	friend	9.55461
116	12	knew	13.4537
116	13	the	4.27224
116	14	young	11.1359
116	15	woman	6.12623
116	16	was	5.72816
116	17	waiting	12.9631
116	18	for	1.4596
116	19	her	4.3443
116	20	mother	7.4818
116	21	at	8.10087
116	22	the	2.06733
116	23	movie	13.507
116	24	theater	6.79027
116	25	.	4.48648
116	26	</s>	24.6519
117	1	you	11.5115
117	2	know	4.15838
117	3	that	6.24274
117	4	the	3.3901
117	5	man	9.65412
117	6	said	10.1162
117	7	the	4.64906
117	8	attendant	15.834
117	9	saw	12.5106
117	10	her	6.16468
117	11	friend	9.55461
117	12	knew	13.4537
117	13	was	7.45984
117	14	waiting	12.8204
117	15	for	1.4596
117	16	her	4.3443
117	17	mother	7.4818
117	18	at	8.10087
117	19	the	2.06733
117	20	movie	13.507
117	21	theater	6.79027
117	22	.	4.48648
117	23	</s>	24.6519
118	1	you	11.5115
118	2	know	4.15838
118	3	that	6.24274
118	4	the	3.3901
118	5	man	9.65412
118	6	said	10.1162
118	7	the	4.64906
118	8	attendant	15.834
118	9	saw	12.5106
118	10	her	6.16468
118	11	friend	9.55461
118	12	knew	13.4537
118	13	the	4.27224
118	14	young	11.1359
118	15	woman	6.12623
118	16	was	5.72816
118	17	waiting	12.9631
118	18	for	1.4596
118	19	her	4.3443
118	20	mother	7.4818
118	21	at	8.10087
118	22	the	2.06733
118	23	movie	13.507
118	24	theater	6.79027
118	25	.	4.48648
118	26	</s>	24.6519
119	1	you	11.5115
119	2	know	4.15838
119	3	who	5.97772
119	4	the	5.26981
119	5	man	6.97564
119	6	said	10.0278
119	7	the	4.64906
119	8	attendant	15.834
119	9	saw	12.5106
119	10	her	6.16468
119	11	friend	9.55461
119	12	knew	13.4537
119	13	was	7.45984
119	14	waiting	12.8204
119	15	for	1.4596
119	16	her	4.3443
119	17	mother	7.4818
119	18	at	8.10087
119	19	the	2.06733
119	20	movie	13.507
119	21	theater	6.79027
119	22	.	4.48648
119	23	</s>	24.6519
120	1	you	11.5115
120	2	know	4.15838
120	3	who	5.97772
120	4	the	5.26981
120	5	man	6.97564
120	6	said	10.0278
120	7	the	4.64906
120	8	attendant	15.834
120	9	saw	12.5106
120	10	her	6.16468
120	11	friend	9.55461
120	12	knew	13.4537
120	13	the	4.27224
120	14	young	11.1359
120	15	woman	6.12623
120	16	was	5.72816
120	17	waiting	12.9631
120	18	for	1.4596
120	19	her	4.3443
120	20	mother	7.4818
120	21	at	8.10087
120	22	the	2.06733
120	23	movie	13.507
120	24	theater	6.79027
120	25	.	4.48648
120	26	</s>	24.6519
121	1	i	8.92268
121	2	know	6.35939
121	3	that	3.01867
121	4	could	8.30638
121	5	introduce	12.7193
121	6	her	7.74054
121	7	friend	9.6868
121	8	to	6.43557
121	9	the	3.08907
121	10	regular	11.827
121	11	customer	11.1913
121	12	.	4.81509
121	13	</s>	26.8713
122	1	i	8.92268
122	2	know	6.35939
122	3	that	3.01867
122	4	the	4.26664
122	5	hostess	16.9283
122	6	could	11.4411
122	7	introduce	12.1388
122	8	her	7.74054
122	9	friend	9.6868
122	10	to	6.43557
122	11	the	3.08907
122	12	regular	11.827
122	13	customer	11.1913
122	14	.	4.81509
122	15	</s>	26.8713
123	1	i	8.92268
123	2	know	6.35939
123	3	who	6.55265
123	4	could	7.70233
123	5	introduce	12.2788
123	6	her	7.74054
123	7	friend	9.6868
123	8	to	6.43557
123	9	the	3.08907
123	10	regular	11.827
123	11	customer	11.1913
123	12	.	4.81509
123	13	</s>	26.8713
124	1	i	8.92268
124	2	know	6.35939
124	3	who	6.55265
124	4	the	5.15736
124	5	hostess	16.53
124	6	could	11.4411
124	7	introduce	12.1388
124	8	her	7.74054
124	9	friend	9.6868
124	10	to	6.43557
124	11	the	3.08907
124	12	regular	11.827
124	13	customer	11.1913
124	14	.	4.81509
124	15	</s>	26.8713
125	1	i	8.92268
125	2	know	6.35939
125	3	that	3.01867
125	4	the	4.26664
125	5	heiress	16.641
125	6	believed	14.7912
125	7	could	9.64821
125	8	introduce	12.0548
125	9	her	7.74054
125	10	friend	9.6868
125	11	to	6.43557
125	12	the	3.08907
125	13	regular	11.827
125	14	customer	11.1913
125	15	.	4.81509
125	16	</s>	26.8713
126	1	i	8.92268
126	2	know	6.35939
126	3	that	3.01867
126	4	the	4.26664
126	5	heiress	16.641
126	6	believed	14.7912
126	7	the	3.87627
126	8	hostess	16.3283
126	9	could	11.4411
126	10	introduce	12.1388
126	11	her	7.74054
126	12	friend	9.6868
126	13	to	6.43557
126	14	the	3.08907
126	15	regular	11.827
126	16	customer	11.1913
126	17	.	4.81509
126	18	</s>	26.8713
127	1	i	8.92268
127	2	know	6.35939
127	3	who	6.55265
127	4	the	5.15736
127	5	heiress	16.2427
127	6	believed	14.7912
127	7	could	9.64821
127	8	introduce	12.0548
127	9	her	7.74054
127	10	friend	9.6868
127	11	to	6.43557
127	12	the	3.08907
127	13	regular	11.827
127	14	customer	11.1913
127	15	.	4.81509
127	16	</s>	26.8713
128	1	i	8.92268
128	2	know	6.35939
128	3	who	6.55265
128	4	the	5.15736
128	5	heiress	16.2427
128	6	believed	14.7912
128	7	the	3.87627
128	8	hostess	16.3283
128	9	could	11.4411
128	10	introduce	12.1388
128	11	her	7.74054
128	12	friend	9.6868
128	13	to	6.43557
128	14	the	3.08907
128	15	regular	11.827
128	16	customer	11.1913
128	17	.	4.81509
128	18	</s>	26.8713
129	1	i	8.92268
129	2	know	6.35939
129	3	that	3.01867
129	4	the	4.26664
129	5	heiress	16.641
129	6	believed	14.7912
129	7	her	7.84558
129	8	friend	9.74941
129	9	said	9.50362
129	10	could	11.2304
129	11	introduce	12.0997
129	12	her	7.74054
129	13	friend	9.6868
129	14	to	6.43557
129	15	the	3.08907
129	16	regular	11.827
129	17	customer	11.1913
129	18	.	4.81509
129	19	</s>	26.8713
130	1	i	8.92268
130	2	know	6.35939
130	3	that	3.01867
130	4	the	4.26664
130	5	heiress	16.641
130	6	believed	14.7912
130	7	her	7.84558
130	8	friend	9.74941
130	9	said	9.50362
130	10	the	4.71401
130	11	hostess	16.6284
130	12	could	11.4411
130	13	introduce	12.1388
130	14	her	7.74054
130	15	friend	9.6868
130	16	to	6.43557
130	17	the	3.08907
130	18	regular	11.827
130	19	customer	11.1913
130	20	.	4.81509
130	21	</s>	26.8713
131	1	i	8.92268
131	2	know	6.35939
131	3	who	6.55265
131	4	the	5.15736
131	5	heiress	16.2427
131	6	believed	14.7912
131	7	her	7.84558
131	8	friend	9.74941
131	9	said	9.50362
131	10	could	11.2304
131	11	introduce	12.0997
131	12	her	7.74054
131	13	friend	9.6868
131	14	to	6.43557
131	15	the	3.08907
131	16	regular	11.827
131	17	customer	11.1913
131	18	.	4.81509
131	19	</s>	26.8713
132	1	i	8.92268
132	2	know	6.35939
132	3	who	6.55265
132	4	the	5.15736
132	5	heiress	16.2427
132	6	believed	14.7912
132	7	her	7.84558
132	8	friend	9.74941
132	9	said	9.50362
132	10	the	4.71401
132	11	hostess	16.6284
132	12	could	11.4411
132	13	introduce	12.1388
132	14	her	7.74054
132	15	friend	9.6868
132	16	to	6.43557
132	17	the	3.08907
132	18	regular	11.827
132	19	customer	11.1913
132	20	.	4.81509
132	21	</s>	26.8713
133	1	i	8.92268
133	2	know	6.35939
133	3	that	3.01867
133	4	the	4.26664
133	5	heiress	16.641
133	6	believed	14.7912
133	7	her	7.84558
133	8	friend	9.74941
133	9	said	9.50362
133	10	she	6.18344
133	11	knew	9.85772
133	12	could	9.95168
133	13	introduce	12.1388
133	14	her	7.74054
133	15	friend	9.6868
133	16	to	6.43557
133	17	the	3.08907
133	18	regular	11.827
133	19	customer	11.1913
133	20	.	4.81509
133	21	</s>	26.8713
134	1	i	8.92268
134	2	know	6.35939
134	3	that	3.01867
134	4	the	4.26664
134	5	heiress	16.641
134	6	believed	14.7912
134	7	her	7.84558
134	8	friend	9.74941
134	9	said	9.50362
134	10	she	6.18344
134	11	knew	9.85772
134	12	the	5.35757
134	13	hostess	16.2684
134	14	could	11.4411
134	15	introduce	12.1388
134	16	her	7.74054
134	17	friend	9.6868
134	18	to	6.43557
134	19	the	3.08907
134	20	regular	11.827
134	21	customer	11.1913
134	22	.	4.81509
134	23	</s>	26.8713
135	1	i	8.92268
135	2	know	6.35939
135	3	who	6.55265
135	4	the	5.15736
135	5	heiress	16.2427
135	6	believed	14.7912
135	7	her	7.84558
135	8	friend	9.74941
135	9	said	9.50362
135	10	she	6.18344
135	11	knew	9.85772
135	12	could	9.95168
135	13	introduce	12.1388
135	14	her	7.74054
135	15	friend	9.6868
135	16	to	6.43557
135	17	the	3.08907
135	18	regular	11.827
135	19	customer	11.1913
135	20	.	4.81509
135	21	</s>	26.8713
136	1	i	8.92268
136	2	know	6.35939
136	3	who	6.55265
136	4	the	5.15736
136	5	heiress	16.2427
136	6	believed	14.7912
136	7	her	7.84558
136	8	friend	9.74941
136	9	said	9.50362
136	10	she	6.18344
136	11	knew	9.85772
136	12	the	5.35757
136	13	hostess	16.2684
136	14	could	11.4411
136	15	introduce	12.1388
136	16	her	7.74054
136	17	friend	9.6868
136	18	to	6.43557
136	19	the	3.08907
136	20	regular	11.827
136	21	customer	11.1913
136	22	.	4.81509
136	23	</s>	26.8713
137	1	i	8.92268
137	2	know	6.35939
137	3	that	3.01867
137	4	the	4.26664
137	5	heiress	16.641
137	6	believed	14.7912
137	7	her	7.84558
137	8	friend	9.74941
137	9	said	9.50362
137	10	she	6.18344
137	11	knew	9.85772
137	12	could	9.95168
137	13	introduce	12.1388
137	14	her	7.74054
137	15	friend	9.6868
137	16	to	6.43557
137	17	the	3.08907
137	18	regular	11.827
137	19	customer	11.1913
137	20	.	4.81509
137	21	</s>	26.8713
138	1	i	8.92268
138	2	know	6.35939
138	3	that	3.01867
138	4	the	4.26664
138	5	heiress	16.641
138	6	believed	14.7912
138	7	her	7.84558
138	8	friend	9.74941
138	9	said	9.50362
138	10	she	6.18344
138	11	knew	9.85772
138	12	the	5.35757
138	13	hostess	16.2684
138	14	could	11.4411
138	15	introduce	12.1388
138	16	her	7.74054
138	17	friend	9.6868
138	18	to	6.43557
138	19	the	3.08907
138	20	regular	11.827
138	21	customer	11.1913
138	22	.	4.81509
138	23	</s>	26.8713
139	1	i	8.92268
139	2	know	6.35939
139	3	who	6.55265
139	4	the	5.15736
139	5	heiress	16.2427
139	6	believed	14.7912
139	7	her	7.84558
139	8	friend	9.74941
139	9	said	9.50362
139	10	she	6.18344
139	11	knew	9.85772
139	12	could	9.95168
139	13	introduce	12.1388
139	14	her	7.74054
139	15	friend	9.6868
139	16	to	6.43557
139	17	the	3.08907
139	18	regular	11.827
139	19	customer	11.1913
139	20	.	4.81509
139	21	</s>	26.8713
140	1	i	8.92268
140	2	know	6.35939
140	3	who	6.55265
140	4	the	5.15736
140	5	heiress	16.2427
140	6	believed	14.7912
140	7	her	7.84558
140	8	friend	9.74941
140	9	said	9.50362
140	10	she	6.18344
140	11	knew	9.85772
140	12	the	5.35757
140	13	hostess	16.2684
140	14	could	11.4411
140	15	introduce	12.1388
140	16	her	7.74054
140	17	friend	9.6868
140	18	to	6.43557
140	19	the	3.08907
140	20	regular	11.827
140	21	customer	11.1913
140	22	.	4.81509
140	23	</s>	26.8713
141	1	she	6.52858
141	2	knows	11.9031
141	3	that	2.62183
141	4	could	8.58296
141	5	congratulate	16.6693
141	6	the	7.13554
141	7	writer	12.9807
141	8	after	9.79877
141	9	the	3.49999
141	10	ceremony	10.0624
141	11	.	3.56209
141	12	</s>	23.7244
142	1	she	6.52858
142	2	knows	11.9031
142	3	that	2.62183
142	4	the	3.70626
142	5	man	9.63939
142	6	could	9.42735
142	7	congratulate	16.1118
142	8	the	7.13554
142	9	writer	12.9807
142	10	after	9.79877
142	11	the	3.49999
142	12	ceremony	10.0624
142	13	.	3.56209
142	14	</s>	23.7244
143	1	she	6.52858
143	2	knows	11.9031
143	3	who	6.14725
143	4	could	7.50659
143	5	congratulate	16.2288
143	6	the	7.13554
143	7	writer	12.9807
143	8	after	9.79877
143	9	the	3.49999
143	10	ceremony	10.0624
143	11	.	3.56209
143	12	</s>	23.7244
144	1	she	6.52858
144	2	knows	11.9031
144	3	who	6.14725
144	4	the	3.6838
144	5	man	6.8914
144	6	could	9.339
144	7	congratulate	16.1118
144	8	the	7.13554
144	9	writer	12.9807
144	10	after	9.79877
144	11	the	3.49999
144	12	ceremony	10.0624
144	13	.	3.56209
144	14	</s>	23.7244
145	1	she	6.52858
145	2	knows	11.9031
145	3	that	2.62183
145	4	the	3.70626
145	5	woman	10.5893
145	6	said	9.96008
145	7	could	11.2802
145	8	congratulate	16.0498
145	9	the	7.13554
145	10	writer	12.9807
145	11	after	9.79877
145	12	the	3.49999
145	13	ceremony	10.0624
145	14	.	3.56209
145	15	</s>	23.7244
146	1	she	6.52858
146	2	knows	11.9031
146	3	that	2.62183
146	4	the	3.70626
146	5	woman	10.5893
146	6	said	9.96008
146	7	the	4.76385
146	8	man	9.44883
146	9	could	8.9167
146	10	congratulate	16.1118
146	11	the	7.13554
146	12	writer	12.9807
146	13	after	9.79877
146	14	the	3.49999
146	15	ceremony	10.0624
146	16	.	3.56209
146	17	</s>	23.7244
147	1	she	6.52858
147	2	knows	11.9031
147	3	who	6.14725
147	4	the	3.6838
147	5	woman	7.80189
147	6	said	10.4705
147	7	could	11.2802
147	8	congratulate	16.0498
147	9	the	7.13554
147	10	writer	12.9807
147	11	after	9.79877
147	12	the	3.49999
147	13	ceremony	10.0624
147	14	.	3.56209
147	15	</s>	23.7244
148	1	she	6.52858
148	2	knows	11.9031
148	3	who	6.14725
148	4	the	3.6838
148	5	woman	7.80189
148	6	said	10.4705
148	7	the	4.76385
148	8	man	9.44883
148	9	could	8.9167
148	10	congratulate	16.1118
148	11	the	7.13554
148	12	writer	12.9807
148	13	after	9.79877
148	14	the	3.49999
148	15	ceremony	10.0624
148	16	.	3.56209
148	17	</s>	23.7244
149	1	she	6.52858
149	2	knows	11.9031
149	3	that	2.62183
149	4	the	3.70626
149	5	woman	10.5893
149	6	said	9.96008
149	7	her	8.80805
149	8	friend	9.53134
149	9	believed	13.6711
149	10	could	9.64821
149	11	congratulate	16.0049
149	12	the	7.13554
149	13	writer	12.9807
149	14	after	9.79877
149	15	the	3.49999
149	16	ceremony	10.0624
149	17	.	3.56209
149	18	</s>	23.7244
150	1	she	6.52858
150	2	knows	11.9031
150	3	that	2.62183
150	4	the	3.70626
150	5	woman	10.5893
150	6	said	9.96008
150	7	her	8.80805
150	8	friend	9.53134
150	9	believed	13.6711
150	10	the	3.87627
150	11	man	11.3386
150	12	could	8.9167
150	13	congratulate	16.1118
150	14	the	7.13554
150	15	writer	12.9807
150	16	after	9.79877
150	17	the	3.49999
150	18	ceremony	10.0624
150	19	.	3.56209
150	20	</s>	23.7244
151	1	she	6.52858
151	2	knows	11.9031
151	3	who	6.14725
151	4	the	3.6838
151	5	woman	7.80189
151	6	said	10.4705
151	7	her	8.80805
151	8	friend	9.53134
151	9	believed	13.6711
151	10	could	9.64821
151	11	congratulate	16.0049
151	12	the	7.13554
151	13	writer	12.9807
151	14	after	9.79877
151	15	the	3.49999
151	16	ceremony	10.0624
151	17	.	3.56209
151	18	</s>	23.7244
152	1	she	6.52858
152	2	knows	11.9031
152	3	who	6.14725
152	4	the	3.6838
152	5	woman	7.80189
152	6	said	10.4705
152	7	her	8.80805
152	8	friend	9.53134
152	9	believed	13.6711
152	10	the	3.87627
152	11	man	11.3386
152	12	could	8.9167
152	13	congratulate	16.1118
152	14	the	7.13554
152	15	writer	12.9807
152	16	after	9.79877
152	17	the	3.49999
152	18	ceremony	10.0624
152	19	.	3.56209
152	20	</s>	23.7244
153	1	she	6.52858
153	2	knows	11.9031
153	3	that	2.62183
153	4	the	3.70626
153	5	woman	10.5893
153	6	said	9.96008
153	7	her	8.80805
153	8	friend	9.53134
153	9	believed	13.6711
153	10	she	6.76858
153	11	knew	9.78483
153	12	could	9.95168
153	13	congratulate	16.0888
153	14	the	7.13554
153	15	writer	12.9807
153	16	after	9.79877
153	17	the	3.49999
153	18	ceremony	10.0624
153	19	.	3.56209
153	20	</s>	23.7244
154	1	she	6.52858
154	2	knows	11.9031
154	3	that	2.62183
154	4	the	3.70626
154	5	woman	10.5893
154	6	said	9.96008
154	7	her	8.80805
154	8	friend	9.53134
154	9	believed	13.6711
154	10	she	6.76858
154	11	knew	9.78483
154	12	the	5.35757
154	13	man	11.2787
154	14	could	8.9167
154	15	congratulate	16.1118
154	16	the	7.13554
154	17	writer	12.9807
154	18	after	9.79877
154	19	the	3.49999
154	20	ceremony	10.0624
154	21	.	3.56209
154	22	</s>	23.7244
155	1	she	6.52858
155	2	knows	11.9031
155	3	who	6.14725
155	4	the	3.6838
155	5	woman	7.80189
155	6	said	10.4705
155	7	her	8.80805
155	8	friend	9.53134
155	9	believed	13.6711
155	10	she	6.76858
155	11	knew	9.78483
155	12	could	9.95168
155	13	congratulate	16.0888
155	14	the	7.13554
155	15	writer	12.9807
155	16	after	9.79877
155	17	the	3.49999
155	18	ceremony	10.0624
155	19	.	3.56209
155	20	</s>	23.7244
156	1	she	6.52858
156	2	knows	11.9031
156	3	who	6.14725
156	4	the	3.6838
156	5	woman	7.80189
156	6	said	10.4705
156	7	her	8.80805
156	8	friend	9.53134
156	9	believed	13.6711
156	10	she	6.76858
156	11	knew	9.78483
156	12	the	5.35757
156	13	man	11.2787
156	14	could	8.9167
156	15	congratulate	16.1118
156	16	the	7.13554
156	17	writer	12.9807
156	18	after	9.79877
156	19	the	3.49999
156	20	ceremony	10.0624
156	21	.	3.56209
156	22	</s>	23.7244
157	1	she	6.52858
157	2	knows	11.9031
157	3	that	2.62183
157	4	the	3.70626
157	5	woman	10.5893
157	6	said	9.96008
157	7	her	8.80805
157	8	friend	9.53134
157	9	believed	13.6711
157	10	she	6.76858
157	11	knew	9.78483
157	12	could	9.95168
157	13	congratulate	16.0888
157	14	the	7.13554
157	15	writer	12.9807
157	16	after	9.79877
157	17	the	3.49999
157	18	ceremony	10.0624
157	19	.	3.56209
157	20	</s>	23.7244
158	1	she	6.52858
158	2	knows	11.9031
158	3	that	2.62183
158	4	the	3.70626
158	5	woman	10.5893
158	6	said	9.96008
158	7	her	8.80805
158	8	friend	9.53134
158	9	believed	13.6711
158	10	she	6.76858
158	11	knew	9.78483
158	12	the	5.35757
158	13	man	11.2787
158	14	could	8.9167
158	15	congratulate	16.1118
158	16	the	7.13554
158	17	writer	12.9807
158	18	after	9.79877
158	19	the	3.49999
158	20	ceremony	10.0624
158	21	.	3.56209
158	22	</s>	23.7244
159	1	she	6.52858
159	2	knows	11.9031
159	3	who	6.14725
159	4	the	3.6838
159	5	woman	7.80189
159	6	said	10.4705
159	7	her	8.80805
159	8	friend	9.53134
159	9	believed	13.6711
159	10	she	6.76858
159	11	knew	9.78483
159	12	could	9.95168
159	13	congratulate	16.0888
159	14	the	7.13554
159	15	writer	12.9807
159	16	after	9.79877
159	17	the	3.49999
159	18	ceremony	10.0624
159	19	.	3.56209
159	20	</s>	23.7244
160	1	she	6.52858
160	2	knows	11.9031
160	3	who	6.14725
160	4	the	3.6838
160	5	woman	7.80189
160	6	said	10.4705
160	7	her	8.80805
160	8	friend	9.53134
160	9	believed	13.6711
160	10	she	6.76858
160	11	knew	9.78483
160	12	the	5.35757
160	13	man	11.2787
160	14	could	8.9167
160	15	congratulate	16.1118
160	16	the	7.13554
160	17	writer	12.9807
160	18	after	9.79877
160	19	the	3.49999
160	20	ceremony	10.0624
160	21	.	3.56209
160	22	</s>	23.7244
161	1	he	4.43708
161	2	knows	11.9494
161	3	that	2.7177
161	4	should	10.8308
161	5	support	10.1269
161	6	the	1.67573
161	7	principal	12.2501
161	8	during	13.3868
161	9	the	1.9779
161	10	town	12.7755
161	11	meeting	9.12265
161	12	.	4.50577
161	13	</s>	22.7871
162	1	he	4.43708
162	2	knows	11.9494
162	3	that	2.7177
162	4	the	3.64053
162	5	mayor	11.6413
162	6	should	13.637
162	7	support	9.29127
162	8	the	1.67573
162	9	principal	12.2501
162	10	during	13.3868
162	11	the	1.9779
162	12	town	12.7755
162	13	meeting	9.12265
162	14	.	4.50577
162	15	</s>	22.7871
163	1	he	4.43708
163	2	knows	11.9494
163	3	who	8.10265
163	4	should	10.1755
163	5	support	9.61614
163	6	the	1.67573
163	7	principal	12.2501
163	8	during	13.3868
163	9	the	1.9779
163	10	town	12.7755
163	11	meeting	9.12265
163	12	.	4.50577
163	13	</s>	22.7871
164	1	he	4.43708
164	2	knows	11.9494
164	3	who	8.10265
164	4	the	3.8854
164	5	mayor	12.5083
164	6	should	13.7085
164	7	support	9.29127
164	8	the	1.67573
164	9	principal	12.2501
164	10	during	13.3868
164	11	the	1.9779
164	12	town	12.7755
164	13	meeting	9.12265
164	14	.	4.50577
164	15	</s>	22.7871
165	1	he	4.43708
165	2	knows	11.9494
165	3	that	2.7177
165	4	the	3.64053
165	5	politician	16.0631
165	6	believed	14.3727
165	7	should	10.8099
165	8	support	9.29127
165	9	the	1.67573
165	10	principal	12.2501
165	11	during	13.3868
165	12	the	1.9779
165	13	town	12.7755
165	14	meeting	9.12265
165	15	.	4.50577
165	16	</s>	22.7871
166	1	he	4.43708
166	2	knows	11.9494
166	3	that	2.7177
166	4	the	3.64053
166	5	politician	16.0631
166	6	believed	14.3727
166	7	the	3.87627
166	8	mayor	12.3908
166	9	should	13.7085
166	10	support	9.29127
166	11	the	1.67573
166	12	principal	12.2501
166	13	during	13.3868
166	14	the	1.9779
166	15	town	12.7755
166	16	meeting	9.12265
166	17	.	4.50577
166	18	</s>	22.7871
167	1	he	4.43708
167	2	knows	11.9494
167	3	who	8.10265
167	4	the	3.8854
167	5	politician	15.7789
167	6	believed	14.3727
167	7	should	10.8099
167	8	support	9.29127
167	9	the	1.67573
167	10	principal	12.2501
167	11	during	13.3868
167	12	the	1.9779
167	13	town	12.7755
167	14	meeting	9.12265
167	15	.	4.50577
167	16	</s>	22.7871
168	1	he	4.43708
168	2	knows	11.9494
168	3	who	8.10265
168	4	the	3.8854
168	5	politician	15.7789
168	6	believed	14.3727
168	7	the	3.87627
168	8	mayor	12.3908
168	9	should	13.7085
168	10	support	9.29127
168	11	the	1.67573
168	12	principal	12.2501
168	13	during	13.3868
168	14	the	1.9779
168	15	town	12.7755
168	16	meeting	9.12265
168	17	.	4.50577
168	18	</s>	22.7871
169	1	he	4.43708
169	2	knows	11.9494
169	3	that	2.7177
169	4	the	3.64053
169	5	politician	16.0631
169	6	believed	14.3727
169	7	the	3.87627
169	8	donors	16.4383
169	9	said	12.612
169	10	should	12.5476
169	11	support	9.71035
169	12	the	1.67573
169	13	principal	12.2501
169	14	during	13.3868
169	15	the	1.9779
169	16	town	12.7755
169	17	meeting	9.12265
169	18	.	4.50577
169	19	</s>	22.7871
170	1	he	4.43708
170	2	knows	11.9494
170	3	that	2.7177
170	4	the	3.64053
170	5	politician	16.0631
170	6	believed	14.3727
170	7	the	3.87627
170	8	donors	16.4383
170	9	said	12.612
170	10	the	4.51729
170	11	mayor	12.691
170	12	should	13.7085
170	13	support	9.29127
170	14	the	1.67573
170	15	principal	12.2501
170	16	during	13.3868
170	17	the	1.9779
170	18	town	12.7755
170	19	meeting	9.12265
170	20	.	4.50577
170	21	</s>	22.7871
171	1	he	4.43708
171	2	knows	11.9494
171	3	who	8.10265
171	4	the	3.8854
171	5	politician	15.7789
171	6	believed	14.3727
171	7	the	3.87627
171	8	donors	16.4383
171	9	said	12.612
171	10	should	12.5476
171	11	support	9.71035
171	12	the	1.67573
171	13	principal	12.2501
171	14	during	13.3868
171	15	the	1.9779
171	16	town	12.7755
171	17	meeting	9.12265
171	18	.	4.50577
171	19	</s>	22.7871
172	1	he	4.43708
172	2	knows	11.9494
172	3	who	8.10265
172	4	the	3.8854
172	5	politician	15.7789
172	6	believed	14.3727
172	7	the	3.87627
172	8	donors	16.4383
172	9	said	12.612
172	10	the	4.51729
172	11	mayor	12.691
172	12	should	13.7085
172	13	support	9.29127
172	14	the	1.67573
172	15	principal	12.2501
172	16	during	13.3868
172	17	the	1.9779
172	18	town	12.7755
172	19	meeting	9.12265
172	20	.	4.50577
172	21	</s>	22.7871
173	1	he	4.43708
173	2	knows	11.9494
173	3	that	2.7177
173	4	the	3.64053
173	5	politician	16.0631
173	6	believed	14.3727
173	7	the	3.87627
173	8	donors	16.4383
173	9	said	12.612
173	10	they	5.73574
173	11	knew	8.5943
173	12	should	12.6473
173	13	support	9.29127
173	14	the	1.67573
173	15	principal	12.2501
173	16	during	13.3868
173	17	the	1.9779
173	18	town	12.7755
173	19	meeting	9.12265
173	20	.	4.50577
173	21	</s>	22.7871
174	1	he	4.43708
174	2	knows	11.9494
174	3	that	2.7177
174	4	the	3.64053
174	5	politician	16.0631
174	6	believed	14.3727
174	7	the	3.87627
174	8	donors	16.4383
174	9	said	12.612
174	10	they	5.73574
174	11	knew	8.5943
174	12	the	4.155
174	13	mayor	12.3942
174	14	should	13.7085
174	15	support	9.29127
174	16	the	1.67573
174	17	principal	12.2501
174	18	during	13.3868
174	19	the	1.9779
174	20	town	12.7755
174	21	meeting	9.12265
174	22	.	4.50577
174	23	</s>	22.7871
175	1	he	4.43708
175	2	knows	11.9494
175	3	who	8.10265
175	4	the	3.8854
175	5	politician	15.7789
175	6	believed	14.3727
175	7	the	3.87627
175	8	donors	16.4383
175	9	said	12.612
175	10	they	5.73574
175	11	knew	8.5943
175	12	should	12.6473
175	13	support	9.29127
175	14	the	1.67573
175	15	principal	12.2501
175	16	during	13.3868
175	17	the	1.9779
175	18	town	12.7755
175	19	meeting	9.12265
175	20	.	4.50577
175	21	</s>	22.7871
176	1	he	4.43708
176	2	knows	11.9494
176	3	who	8.10265
176	4	the	3.8854
176	5	politician	15.7789
176	6	believed	14.3727
176	7	the	3.87627
176	8	donors	16.4383
176	9	said	12.612
176	10	they	5.73574
176	11	knew	8.5943
176	12	the	4.155
176	13	mayor	12.3942
176	14	should	13.7085
176	15	support	9.29127
176	16	the	1.67573
176	17	principal	12.2501
176	18	during	13.3868
176	19	the	1.9779
176	20	town	12.7755
176	21	meeting	9.12265
176	22	.	4.50577
176	23	</s>	22.7871
177	1	he	4.43708
177	2	knows	11.9494
177	3	that	2.7177
177	4	the	3.64053
177	5	politician	16.0631
177	6	believed	14.3727
177	7	the	3.87627
177	8	donors	16.4383
177	9	said	12.612
177	10	they	5.73574
177	11	knew	8.5943
177	12	should	12.6473
177	13	support	9.29127
177	14	the	1.67573
177	15	principal	12.2501
177	16	during	13.3868
177	17	the	1.9779
177	18	town	12.7755
177	19	meeting	9.12265
177	20	.	4.50577
177	21	</s>	22.7871
178	1	he	4.43708
178	2	knows	11.9494
178	3	that	2.7177
178	4	the	3.64053
178	5	politician	16.0631
178	6	believed	14.3727
178	7	the	3.87627
178	8	donors	16.4383
178	9	said	12.612
178	10	they	5.73574
178	11	knew	8.5943
178	12	the	4.155
178	13	mayor	12.3942
178	14	should	13.7085
178	15	support	9.29127
178	16	the	1.67573
178	17	principal	12.2501
178	18	during	13.3868
178	19	the	1.9779
178	20	town	12.7755
178	21	meeting	9.12265
178	22	.	4.50577
178	23	</s>	22.7871
179	1	he	4.43708
179	2	knows	11.9494
179	3	who	8.10265
179	4	the	3.8854
179	5	politician	15.7789
179	6	believed	14.3727
179	7	the	3.87627
179	8	donors	16.4383
179	9	said	12.612
179	10	they	5.73574
179	11	knew	8.5943
179	12	should	12.6473
179	13	support	9.29127
179	14	the	1.67573
179	15	principal	12.2501
179	16	during	13.3868
179	17	the	1.9779
179	18	town	12.7755
179	19	meeting	9.12265
179	20	.	4.50577
179	21	</s>	22.7871
180	1	he	4.43708
180	2	knows	11.9494
180	3	who	8.10265
180	4	the	3.8854
180	5	politician	15.7789
180	6	believed	14.3727
180	7	the	3.87627
180	8	donors	16.4383
180	9	said	12.612
180	10	they	5.73574
180	11	knew	8.5943
180	12	the	4.155
180	13	mayor	12.3942
180	14	should	13.7085
180	15	support	9.29127
180	16	the	1.67573
180	17	principal	12.2501
180	18	during	13.3868
180	19	the	1.9779
180	20	town	12.7755
180	21	meeting	9.12265
180	22	.	4.50577
180	23	</s>	22.7871
181	1	you	11.5115
181	2	know	4.15838
181	3	that	6.24274
181	4	did	9.70209
181	5	greet	17.0946
181	6	the	4.18549
181	7	teacher	13.2564
181	8	on	8.39577
181	9	the	1.41003
181	10	sidewalk	11.9557
181	11	.	1.84574
181	12	</s>	25.1838
182	1	you	11.5115
182	2	know	4.15838
182	3	that	6.24274
182	4	the	3.3901
182	5	firefighter	20.0026
182	6	did	10.9282
182	7	greet	15.388
182	8	the	4.18549
182	9	teacher	13.2564
182	10	on	8.39577
182	11	the	1.41003
182	12	sidewalk	11.9557
182	13	.	1.84574
182	14	</s>	25.1838
183	1	you	11.5115
183	2	know	4.15838
183	3	who	5.97772
183	4	did	6.86911
183	5	greet	16.8624
183	6	the	4.18549
183	7	teacher	13.2564
183	8	on	8.39577
183	9	the	1.41003
183	10	sidewalk	11.9557
183	11	.	1.84574
183	12	</s>	25.1838
184	1	you	11.5115
184	2	know	4.15838
184	3	who	5.97772
184	4	the	5.26981
184	5	firefighter	19.6043
184	6	did	10.9282
184	7	greet	15.388
184	8	the	4.18549
184	9	teacher	13.2564
184	10	on	8.39577
184	11	the	1.41003
184	12	sidewalk	11.9557
184	13	.	1.84574
184	14	</s>	25.1838
185	1	you	11.5115
185	2	know	4.15838
185	3	that	6.24274
185	4	the	3.3901
185	5	woman	10.6041
185	6	reported	13.9101
185	7	did	13.776
185	8	greet	15.388
185	9	the	4.18549
185	10	teacher	13.2564
185	11	on	8.39577
185	12	the	1.41003
185	13	sidewalk	11.9557
185	14	.	1.84574
185	15	</s>	25.1838
186	1	you	11.5115
186	2	know	4.15838
186	3	that	6.24274
186	4	the	3.3901
186	5	woman	10.6041
186	6	reported	13.9101
186	7	the	4.76018
186	8	firefighter	19.6552
186	9	did	10.9282
186	10	greet	15.388
186	11	the	4.18549
186	12	teacher	13.2564
186	13	on	8.39577
186	14	the	1.41003
186	15	sidewalk	11.9557
186	16	.	1.84574
186	17	</s>	25.1838
187	1	you	11.5115
187	2	know	4.15838
187	3	who	5.97772
187	4	the	5.26981
187	5	woman	7.88614
187	6	reported	14.4206
187	7	did	13.776
187	8	greet	15.388
187	9	the	4.18549
187	10	teacher	13.2564
187	11	on	8.39577
187	12	the	1.41003
187	13	sidewalk	11.9557
187	14	.	1.84574
187	15	</s>	25.1838
188	1	you	11.5115
188	2	know	4.15838
188	3	who	5.97772
188	4	the	5.26981
188	5	woman	7.88614
188	6	reported	14.4206
188	7	the	4.76018
188	8	firefighter	19.6552
188	9	did	10.9282
188	10	greet	15.388
188	11	the	4.18549
188	12	teacher	13.2564
188	13	on	8.39577
188	14	the	1.41003
188	15	sidewalk	11.9557
188	16	.	1.84574
188	17	</s>	25.1838
189	1	you	11.5115
189	2	know	4.15838
189	3	that	6.24274
189	4	the	3.3901
189	5	woman	10.6041
189	6	reported	13.9101
189	7	the	4.76018
189	8	neighbors	15.9824
189	9	believed	13.7188
189	10	did	10.8099
189	11	greet	15.8237
189	12	the	4.18549
189	13	teacher	13.2564
189	14	on	8.39577
189	15	the	1.41003
189	16	sidewalk	11.9557
189	17	.	1.84574
189	18	</s>	25.1838
190	1	you	11.5115
190	2	know	4.15838
190	3	that	6.24274
190	4	the	3.3901
190	5	woman	10.6041
190	6	reported	13.9101
190	7	the	4.76018
190	8	neighbors	15.9824
190	9	believed	13.7188
190	10	the	3.87627
190	11	firefighter	19.4026
190	12	did	10.9282
190	13	greet	15.388
190	14	the	4.18549
190	15	teacher	13.2564
190	16	on	8.39577
190	17	the	1.41003
190	18	sidewalk	11.9557
190	19	.	1.84574
190	20	</s>	25.1838
191	1	you	11.5115
191	2	know	4.15838
191	3	who	5.97772
191	4	the	5.26981
191	5	woman	7.88614
191	6	reported	14.4206
191	7	the	4.76018
191	8	neighbors	15.9824
191	9	believed	13.7188
191	10	did	10.8099
191	11	greet	15.8237
191	12	the	4.18549
191	13	teacher	13.2564
191	14	on	8.39577
191	15	the	1.41003
191	16	sidewalk	11.9557
191	17	.	1.84574
191	18	</s>	25.1838
192	1	you	11.5115
192	2	know	4.15838
192	3	who	5.97772
192	4	the	5.26981
192	5	woman	7.88614
192	6	reported	14.4206
192	7	the	4.76018
192	8	neighbors	15.9824
192	9	believed	13.7188
192	10	the	3.87627
192	11	firefighter	19.4026
192	12	did	10.9282
192	13	greet	15.388
192	14	the	4.18549
192	15	teacher	13.2564
192	16	on	8.39577
192	17	the	1.41003
192	18	sidewalk	11.9557
192	19	.	1.84574
192	20	</s>	25.1838
193	1	you	11.5115
193	2	know	4.15838
193	3	that	6.24274
193	4	the	3.3901
193	5	woman	10.6041
193	6	reported	13.9101
193	7	the	4.76018
193	8	neighbors	15.9824
193	9	believed	13.7188
193	10	they	5.84129
193	11	knew	11.1134
193	12	did	12.4583
193	13	greet	15.388
193	14	the	4.18549
193	15	teacher	13.2564
193	16	on	8.39577
193	17	the	1.41003
193	18	sidewalk	11.9557
193	19	.	1.84574
193	20	</s>	25.1838
194	1	you	11.5115
194	2	know	4.15838
194	3	that	6.24274
194	4	the	3.3901
194	5	woman	10.6041
194	6	reported	13.9101
194	7	the	4.76018
194	8	neighbors	15.9824
194	9	believed	13.7188
194	10	they	5.84129
194	11	knew	11.1134
194	12	the	4.155
194	13	firefighter	19.406
194	14	did	10.9282
194	15	greet	15.388
194	16	the	4.18549
194	17	teacher	13.2564
194	18	on	8.39577
194	19	the	1.41003
194	20	sidewalk	11.9557
194	21	.	1.84574
194	22	</s>	25.1838
195	1	you	11.5115
195	2	know	4.15838
195	3	who	5.97772
195	4	the	5.26981
195	5	woman	7.88614
195	6	reported	14.4206
195	7	the	4.76018
195	8	neighbors	15.9824
195	9	believed	13.7188
195	10	they	5.84129
195	11	knew	11.1134
195	12	did	12.4583
195	13	greet	15.388
195	14	the	4.18549
195	15	teacher	13.2564
195	16	on	8.39577
195	17	the	1.41003
195	18	sidewalk	11.9557
195	19	.	1.84574
195	20	</s>	25.1838
196	1	you	11.5115
196	2	know	4.15838
196	3	who	5.97772
196	4	the	5.26981
196	5	woman	7.88614
196	6	reported	14.4206
196	7	the	4.76018
196	8	neighbors	15.9824
196	9	believed	13.7188
196	10	they	5.84129
196	11	knew	11.1134
196	12	the	4.155
196	13	firefighter	19.406
196	14	did	10.9282
196	15	greet	15.388
196	16	the	4.18549
196	17	teacher	13.2564
196	18	on	8.39577
196	19	the	1.41003
196	20	sidewalk	11.9557
196	21	.	1.84574
196	22	</s>	25.1838
197	1	you	11.5115
197	2	know	4.15838
197	3	that	6.24274
197	4	the	3.3901
197	5	woman	10.6041
197	6	reported	13.9101
197	7	the	4.76018
197	8	neighbors	15.9824
197	9	believed	13.7188
197	10	they	5.84129
197	11	knew	11.1134
197	12	did	12.4583
197	13	greet	15.388
197	14	the	4.18549
197	15	teacher	13.2564
197	16	on	8.39577
197	17	the	1.41003
197	18	sidewalk	11.9557
197	19	.	1.84574
197	20	</s>	25.1838
198	1	you	11.5115
198	2	know	4.15838
198	3	that	6.24274
198	4	the	3.3901
198	5	woman	10.6041
198	6	reported	13.9101
198	7	the	4.76018
198	8	neighbors	15.9824
198	9	believed	13.7188
198	10	they	5.84129
198	11	knew	11.1134
198	12	the	4.155
198	13	firefighter	19.406
198	14	did	10.9282
198	15	greet	15.388
198	16	the	4.18549
198	17	teacher	13.2564
198	18	on	8.39577
198	19	the	1.41003
198	20	sidewalk	11.9557
198	21	.	1.84574
198	22	</s>	25.1838
199	1	you	11.5115
199	2	know	4.15838
199	3	who	5.97772
199	4	the	5.26981
199	5	woman	7.88614
199	6	reported	14.4206
199	7	the	4.76018
199	8	neighbors	15.9824
199	9	believed	13.7188
199	10	they	5.84129
199	11	knew	11.1134
199	12	did	12.4583
199	13	greet	15.388
199	14	the	4.18549
199	15	teacher	13.2564
199	16	on	8.39577
199	17	the	1.41003
199	18	sidewalk	11.9557
199	19	.	1.84574
199	20	</s>	25.1838
200	1	you	11.5115
200	2	know	4.15838
200	3	who	5.97772
200	4	the	5.26981
200	5	woman	7.88614
200	6	reported	14.4206
200	7	the	4.76018
200	8	neighbors	15.9824
200	9	believed	13.7188
200	10	they	5.84129
200	11	knew	11.1134
200	12	the	4.155
200	13	firefighter	19.406
200	14	did	10.9282
200	15	greet	15.388
200	16	the	4.18549
200	17	teacher	13.2564
200	18	on	8.39577
200	19	the	1.41003
200	20	sidewalk	11.9557
200	21	.	1.84574
200	22	</s>	25.1838
201	1	i	8.92268
201	2	know	6.35939
201	3	that	3.01867
201	4	might	9.81373
201	5	have	2.81632
201	6	assassinated	17.0187
201	7	the	5.07255
201	8	politician	15.6277
201	9	yesterday	18.318
201	10	night	15.1951
201	11	.	4.95414
201	12	</s>	28.3898
202	1	i	8.92268
202	2	know	6.35939
202	3	that	3.01867
202	4	the	4.26664
202	5	spy	15.9081
202	6	might	12.8983
202	7	have	3.14779
202	8	assassinated	16.597
202	9	the	5.07255
202	10	politician	15.6277
202	11	yesterday	18.318
202	12	night	15.1951
202	13	.	4.95414
202	14	</s>	28.3898
203	1	i	8.92268
203	2	know	6.35939
203	3	who	6.55265
203	4	might	9.15238
203	5	have	2.7324
203	6	assassinated	16.8235
203	7	the	5.07255
203	8	politician	15.6277
203	9	yesterday	18.318
203	10	night	15.1951
203	11	.	4.95414
203	12	</s>	28.3898
204	1	i	8.92268
204	2	know	6.35939
204	3	who	6.55265
204	4	the	5.15736
204	5	spy	15.5098
204	6	might	12.8983
204	7	have	3.14779
204	8	assassinated	16.597
204	9	the	5.07255
204	10	politician	15.6277
204	11	yesterday	18.318
204	12	night	15.1951
204	13	.	4.95414
204	14	</s>	28.3898
205	1	i	8.92268
205	2	know	6.35939
205	3	that	3.01867
205	4	the	4.26664
205	5	agent	12.9434
205	6	thought	14.1393
205	7	might	10.4781
205	8	have	3.19661
205	9	assassinated	16.597
205	10	the	5.07255
205	11	politician	15.6277
205	12	yesterday	18.318
205	13	night	15.1951
205	14	.	4.95414
205	15	</s>	28.3898
206	1	i	8.92268
206	2	know	6.35939
206	3	that	3.01867
206	4	the	4.26664
206	5	agent	12.9434
206	6	thought	14.1393
206	7	the	4.36895
206	8	spy	15.4613
206	9	might	12.8983
206	10	have	3.14779
206	11	assassinated	16.597
206	12	the	5.07255
206	13	politician	15.6277
206	14	yesterday	18.318
206	15	night	15.1951
206	16	.	4.95414
206	17	</s>	28.3898
207	1	i	8.92268
207	2	know	6.35939
207	3	who	6.55265
207	4	the	5.15736
207	5	agent	13.4316
207	6	thought	14.1393
207	7	might	10.4781
207	8	have	3.19661
207	9	assassinated	16.597
207	10	the	5.07255
207	11	politician	15.6277
207	12	yesterday	18.318
207	13	night	15.1951
207	14	.	4.95414
207	15	</s>	28.3898
208	1	i	8.92268
208	2	know	6.35939
208	3	who	6.55265
208	4	the	5.15736
208	5	agent	13.4316
208	6	thought	14.1393
208	7	the	4.36895
208	8	spy	15.4613
208	9	might	12.8983
208	10	have	3.14779
208	11	assassinated	16.597
208	12	the	5.07255
208	13	politician	15.6277
208	14	yesterday	18.318
208	15	night	15.1951
208	16	.	4.95414
208	17	</s>	28.3898
209	1	i	8.92268
209	2	know	6.35939
209	3	that	3.01867
209	4	the	4.26664
209	5	agent	12.9434
209	6	thought	14.1393
209	7	the	4.36895
209	8	witness	14.1068
209	9	said	7.19067
209	10	might	13.6609
209	11	have	3.14779
209	12	assassinated	16.597
209	13	the	5.07255
209	14	politician	15.6277
209	15	yesterday	18.318
209	16	night	15.1951
209	17	.	4.95414
209	18	</s>	28.3898
210	1	i	8.92268
210	2	know	6.35939
210	3	that	3.01867
210	4	the	4.26664
210	5	agent	12.9434
210	6	thought	14.1393
210	7	the	4.36895
210	8	witness	14.1068
210	9	said	7.19067
210	10	the	4.51155
210	11	spy	15.6082
210	12	might	12.8983
210	13	have	3.14779
210	14	assassinated	16.597
210	15	the	5.07255
210	16	politician	15.6277
210	17	yesterday	18.318
210	18	night	15.1951
210	19	.	4.95414
210	20	</s>	28.3898
211	1	i	8.92268
211	2	know	6.35939
211	3	who	6.55265
211	4	the	5.15736
211	5	agent	13.4316
211	6	thought	14.1393
211	7	the	4.36895
211	8	witness	14.1068
211	9	said	7.19067
211	10	might	13.6609
211	11	have	3.14779
211	12	assassinated	16.597
211	13	the	5.07255
211	14	politician	15.6277
211	15	yesterday	18.318
211	16	night	15.1951
211	17	.	4.95414
211	18	</s>	28.3898
212	1	i	8.92268
212	2	know	6.35939
212	3	who	6.55265
212	4	the	5.15736
212	5	agent	13.4316
212	6	thought	14.1393
212	7	the	4.36895
212	8	witness	14.1068
212	9	said	7.19067
212	10	the	4.51155
212	11	spy	15.6082
212	12	might	12.8983
212	13	have	3.14779
212	14	assassinated	16.597
212	15	the	5.07255
212	16	politician	15.6277
212	17	yesterday	18.318
212	18	night	15.1951
212	19	.	4.95414
212	20	</s>	28.3898
213	1	i	8.92268
213	2	know	6.35939
213	3	that	3.01867
213	4	the	4.26664
213	5	agent	12.9434
213	6	thought	14.1393
213	7	the	4.36895
213	8	witness	14.1068
213	9	said	7.19067
213	10	he	4.20515
213	11	knew	7.46001
213	12	might	13.4274
213	13	have	3.14779
213	14	assassinated	16.597
213	15	the	5.07255
213	16	politician	15.6277
213	17	yesterday	18.318
213	18	night	15.1951
213	19	.	4.95414
213	20	</s>	28.3898
214	1	i	8.92268
214	2	know	6.35939
214	3	that	3.01867
214	4	the	4.26664
214	5	agent	12.9434
214	6	thought	14.1393
214	7	the	4.36895
214	8	witness	14.1068
214	9	said	7.19067
214	10	he	4.20515
214	11	knew	7.46001
214	12	the	3.1432
214	13	spy	15.2902
214	14	might	12.8983
214	15	have	3.14779
214	16	assassinated	16.597
214	17	the	5.07255
214	18	politician	15.6277
214	19	yesterday	18.318
214	20	night	15.1951
214	21	.	4.95414
214	22	</s>	28.3898
215	1	i	8.92268
215	2	know	6.35939
215	3	who	6.55265
215	4	the	5.15736
215	5	agent	13.4316
215	6	thought	14.1393
215	7	the	4.36895
215	8	witness	14.1068
215	9	said	7.19067
215	10	he	4.20515
215	11	knew	7.46001
215	12	might	13.4274
215	13	have	3.14779
215	14	assassinated	16.597
215	15	the	5.07255
215	16	politician	15.6277
215	17	yesterday	18.318
215	18	night	15.1951
215	19	.	4.95414
215	20	</s>	28.3898
216	1	i	8.92268
216	2	know	6.35939
216	3	who	6.55265
216	4	the	5.15736
216	5	agent	13.4316
216	6	thought	14.1393
216	7	the	4.36895
216	8	witness	14.1068
216	9	said	7.19067
216	10	he	4.20515
216	11	knew	7.46001
216	12	the	3.1432
216	13	spy	15.2902
216	14	might	12.8983
216	15	have	3.14779
216	16	assassinated	16.597
216	17	the	5.07255
216	18	politician	15.6277
216	19	yesterday	18.318
216	20	night	15.1951
216	21	.	4.95414
216	22	</s>	28.3898
217	1	i	8.92268
217	2	know	6.35939
217	3	that	3.01867
217	4	the	4.26664
217	5	agent	12.9434
217	6	thought	14.1393
217	7	the	4.36895
217	8	witness	14.1068
217	9	said	7.19067
217	10	he	4.20515
217	11	knew	7.46001
217	12	might	13.4274
217	13	have	3.14779
217	14	assassinated	16.597
217	15	the	5.07255
217	16	politician	15.6277
217	17	yesterday	18.318
217	18	night	15.1951
217	19	.	4.95414
217	20	</s>	28.3898
218	1	i	8.92268
218	2	know	6.35939
218	3	that	3.01867
218	4	the	4.26664
218	5	agent	12.9434
218	6	thought	14.1393
218	7	the	4.36895
218	8	witness	14.1068
218	9	said	7.19067
218	10	he	4.20515
218	11	knew	7.46001
218	12	the	3.1432
218	13	spy	15.2902
218	14	might	12.8983
218	15	have	3.14779
218	16	assassinated	16.597
218	17	the	5.07255
218	18	politician	15.6277
218	19	yesterday	18.318
218	20	night	15.1951
218	21	.	4.95414
218	22	</s>	28.3898
219	1	i	8.92268
219	2	know	6.35939
219	3	who	6.55265
219	4	the	5.15736
219	5	agent	13.4316
219	6	thought	14.1393
219	7	the	4.36895
219	8	witness	14.1068
219	9	said	7.19067
219	10	he	4.20515
219	11	knew	7.46001
219	12	might	13.4274
219	13	have	3.14779
219	14	assassinated	16.597
219	15	the	5.07255
219	16	politician	15.6277
219	17	yesterday	18.318
219	18	night	15.1951
219	19	.	4.95414
219	20	</s>	28.3898
220	1	i	8.92268
220	2	know	6.35939
220	3	who	6.55265
220	4	the	5.15736
220	5	agent	13.4316
220	6	thought	14.1393
220	7	the	4.36895
220	8	witness	14.1068
220	9	said	7.19067
220	10	he	4.20515
220	11	knew	7.46001
220	12	the	3.1432
220	13	spy	15.2902
220	14	might	12.8983
220	15	have	3.14779
220	16	assassinated	16.597
220	17	the	5.07255
220	18	politician	15.6277
220	19	yesterday	18.318
220	20	night	15.1951
220	21	.	4.95414
220	22	</s>	28.3898
221	1	he	4.43708
221	2	recalled	11.3595
221	3	that	2.12319
221	4	did	9.67645
221	5	frighten	23.1018
221	6	the	4.54306
221	7	protesters	14.1263
221	8	over	11.1971
221	9	the	2.86856
221	10	weekend	8.93594
221	11	.	1.76059
221	12	</s>	25.3093
222	1	he	4.43708
222	2	recalled	11.3595
222	3	that	2.12319
222	4	the	4.22693
222	5	police	9.65063
222	6	did	5.19286
222	7	frighten	22.5532
222	8	the	4.54306
222	9	protesters	14.1263
222	10	over	11.1971
222	11	the	2.86856
222	12	weekend	8.93594
222	13	.	1.76059
222	14	</s>	25.3093
223	1	he	4.43708
223	2	recalled	11.3595
223	3	who	12.7182
223	4	did	7.12873
223	5	frighten	22.1775
223	6	the	4.54306
223	7	protesters	14.1263
223	8	over	11.1971
223	9	the	2.86856
223	10	weekend	8.93594
223	11	.	1.76059
223	12	</s>	25.3093
224	1	he	4.43708
224	2	recalled	11.3595
224	3	who	12.7182
224	4	the	8.96323
224	5	police	11.3625
224	6	did	7.92319
224	7	frighten	22.8623
224	8	the	4.54306
224	9	protesters	14.1263
224	10	over	11.1971
224	11	the	2.86856
224	12	weekend	8.93594
224	13	.	1.76059
224	14	</s>	25.3093
225	1	he	4.43708
225	2	recalled	11.3595
225	3	that	2.12319
225	4	the	4.22693
225	5	inspector	15.6967
225	6	believed	13.9192
225	7	did	10.8099
225	8	frighten	21.8309
225	9	the	4.54306
225	10	protesters	14.1263
225	11	over	11.1971
225	12	the	2.86856
225	13	weekend	8.93594
225	14	.	1.76059
225	15	</s>	25.3093
226	1	he	4.43708
226	2	recalled	11.3595
226	3	that	2.12319
226	4	the	4.22693
226	5	inspector	15.6967
226	6	believed	13.9192
226	7	the	3.87627
226	8	police	11.245
226	9	did	7.92319
226	10	frighten	22.8623
226	11	the	4.54306
226	12	protesters	14.1263
226	13	over	11.1971
226	14	the	2.86856
226	15	weekend	8.93594
226	16	.	1.76059
226	17	</s>	25.3093
227	1	he	4.43708
227	2	recalled	11.3595
227	3	who	12.7182
227	4	the	8.96323
227	5	inspector	15.2768
227	6	believed	13.9192
227	7	did	10.8099
227	8	frighten	21.8309
227	9	the	4.54306
227	10	protesters	14.1263
227	11	over	11.1971
227	12	the	2.86856
227	13	weekend	8.93594
227	14	.	1.76059
227	15	</s>	25.3093
228	1	he	4.43708
228	2	recalled	11.3595
228	3	who	12.7182
228	4	the	8.96323
228	5	inspector	15.2768
228	6	believed	13.9192
228	7	the	3.87627
228	8	police	11.245
228	9	did	7.92319
228	10	frighten	22.8623
228	11	the	4.54306
228	12	protesters	14.1263
228	13	over	11.1971
228	14	the	2.86856
228	15	weekend	8.93594
228	16	.	1.76059
228	17	</s>	25.3093
229	1	he	4.43708
229	2	recalled	11.3595
229	3	that	2.12319
229	4	the	4.22693
229	5	inspector	15.6967
229	6	believed	13.9192
229	7	the	3.87627
229	8	detective	14.3243
229	9	concluded	14.5199
229	10	did	12.226
229	11	frighten	21.3952
229	12	the	4.54306
229	13	protesters	14.1263
229	14	over	11.1971
229	15	the	2.86856
229	16	weekend	8.93594
229	17	.	1.76059
229	18	</s>	25.3093
230	1	he	4.43708
230	2	recalled	11.3595
230	3	that	2.12319
230	4	the	4.22693
230	5	inspector	15.6967
230	6	believed	13.9192
230	7	the	3.87627
230	8	detective	14.3243
230	9	concluded	14.5199
230	10	the	4.38232
230	11	police	11.2572
230	12	did	7.92319
230	13	frighten	22.8623
230	14	the	4.54306
230	15	protesters	14.1263
230	16	over	11.1971
230	17	the	2.86856
230	18	weekend	8.93594
230	19	.	1.76059
230	20	</s>	25.3093
231	1	he	4.43708
231	2	recalled	11.3595
231	3	who	12.7182
231	4	the	8.96323
231	5	inspector	15.2768
231	6	believed	13.9192
231	7	the	3.87627
231	8	detective	14.3243
231	9	concluded	14.5199
231	10	did	12.226
231	11	frighten	21.3952
231	12	the	4.54306
231	13	protesters	14.1263
231	14	over	11.1971
231	15	the	2.86856
231	16	weekend	8.93594
231	17	.	1.76059
231	18	</s>	25.3093
232	1	he	4.43708
232	2	recalled	11.3595
232	3	who	12.7182
232	4	the	8.96323
232	5	inspector	15.2768
232	6	believed	13.9192
232	7	the	3.87627
232	8	detective	14.3243
232	9	concluded	14.5199
232	10	the	4.38232
232	11	police	11.2572
232	12	did	7.92319
232	13	frighten	22.8623
232	14	the	4.54306
232	15	protesters	14.1263
232	16	over	11.1971
232	17	the	2.86856
232	18	weekend	8.93594
232	19	.	1.76059
232	20	</s>	25.3093
233	1	he	4.43708
233	2	recalled	11.3595
233	3	that	2.12319
233	4	the	4.22693
233	5	inspector	15.6967
233	6	believed	13.9192
233	7	the	3.87627
233	8	detective	14.3243
233	9	concluded	14.5199
233	10	he	7.37569
233	11	knew	9.68907
233	12	did	12.4472
233	13	frighten	21.3952
233	14	the	4.54306
233	15	protesters	14.1263
233	16	over	11.1971
233	17	the	2.86856
233	18	weekend	8.93594
233	19	.	1.76059
233	20	</s>	25.3093
234	1	he	4.43708
234	2	recalled	11.3595
234	3	that	2.12319
234	4	the	4.22693
234	5	inspector	15.6967
234	6	believed	13.9192
234	7	the	3.87627
234	8	detective	14.3243
234	9	concluded	14.5199
234	10	he	7.37569
234	11	knew	9.68907
234	12	the	5.05217
234	13	police	11.2271
234	14	did	7.92319
234	15	frighten	22.8623
234	16	the	4.54306
234	17	protesters	14.1263
234	18	over	11.1971
234	19	the	2.86856
234	20	weekend	8.93594
234	21	.	1.76059
234	22	</s>	25.3093
235	1	he	4.43708
235	2	recalled	11.3595
235	3	who	12.7182
235	4	the	8.96323
235	5	inspector	15.2768
235	6	believed	13.9192
235	7	the	3.87627
235	8	detective	14.3243
235	9	concluded	14.5199
235	10	he	7.37569
235	11	knew	9.68907
235	12	did	12.4472
235	13	frighten	21.3952
235	14	the	4.54306
235	15	protesters	14.1263
235	16	over	11.1971
235	17	the	2.86856
235	18	weekend	8.93594
235	19	.	1.76059
235	20	</s>	25.3093
236	1	he	4.43708
236	2	recalled	11.3595
236	3	who	12.7182
236	4	the	8.96323
236	5	inspector	15.2768
236	6	believed	13.9192
236	7	the	3.87627
236	8	detective	14.3243
236	9	concluded	14.5199
236	10	he	7.37569
236	11	knew	9.68907
236	12	the	5.05217
236	13	police	11.2271
236	14	did	7.92319
236	15	frighten	22.8623
236	16	the	4.54306
236	17	protesters	14.1263
236	18	over	11.1971
236	19	the	2.86856
236	20	weekend	8.93594
236	21	.	1.76059
236	22	</s>	25.3093
237	1	he	4.43708
237	2	recalled	11.3595
237	3	that	2.12319
237	4	the	4.22693
237	5	inspector	15.6967
237	6	believed	13.9192
237	7	the	3.87627
237	8	detective	14.3243
237	9	concluded	14.5199
237	10	he	7.37569
237	11	knew	9.68907
237	12	did	12.4472
237	13	frighten	21.3952
237	14	the	4.54306
237	15	protesters	14.1263
237	16	over	11.1971
237	17	the	2.86856
237	18	weekend	8.93594
237	19	.	1.76059
237	20	</s>	25.3093
238	1	he	4.43708
238	2	recalled	11.3595
238	3	that	2.12319
238	4	the	4.22693
238	5	inspector	15.6967
238	6	believed	13.9192
238	7	the	3.87627
238	8	detective	14.3243
238	9	concluded	14.5199
238	10	he	7.37569
238	11	knew	9.68907
238	12	the	5.05217
238	13	police	11.2271
238	14	did	7.92319
238	15	frighten	22.8623
238	16	the	4.54306
238	17	protesters	14.1263
238	18	over	11.1971
238	19	the	2.86856
238	20	weekend	8.93594
238	21	.	1.76059
238	22	</s>	25.3093
239	1	he	4.43708
239	2	recalled	11.3595
239	3	who	12.7182
239	4	the	8.96323
239	5	inspector	15.2768
239	6	believed	13.9192
239	7	the	3.87627
239	8	detective	14.3243
239	9	concluded	14.5199
239	10	he	7.37569
239	11	knew	9.68907
239	12	did	12.4472
239	13	frighten	21.3952
239	14	the	4.54306
239	15	protesters	14.1263
239	16	over	11.1971
239	17	the	2.86856
239	18	weekend	8.93594
239	19	.	1.76059
239	20	</s>	25.3093
240	1	he	4.43708
240	2	recalled	11.3595
240	3	who	12.7182
240	4	the	8.96323
240	5	inspector	15.2768
240	6	believed	13.9192
240	7	the	3.87627
240	8	detective	14.3243
240	9	concluded	14.5199
240	10	he	7.37569
240	11	knew	9.68907
240	12	the	5.05217
240	13	police	11.2271
240	14	did	7.92319
240	15	frighten	22.8623
240	16	the	4.54306
240	17	protesters	14.1263
240	18	over	11.1971
240	19	the	2.86856
240	20	weekend	8.93594
240	21	.	1.76059
240	22	</s>	25.3093
241	1	we	10.0475
241	2	recalled	16.8821
241	3	that	3.25558
241	4	might	9.88313
241	5	have	2.81632
241	6	divorced	17.8135
241	7	his	4.78035
241	8	wife	1.84415
241	9	last	14.8866
241	10	week	7.67921
241	11	.	3.59506
241	12	</s>	24.2368
242	1	we	10.0475
242	2	recalled	16.8821
242	3	that	3.25558
242	4	the	3.21199
242	5	millionaire	17.2247
242	6	might	12.3555
242	7	have	3.14779
242	8	divorced	17.3918
242	9	his	4.78035
242	10	wife	1.84415
242	11	last	14.8866
242	12	week	7.67921
242	13	.	3.59506
242	14	</s>	24.2368
243	1	we	10.0475
243	2	recalled	16.8821
243	3	who	11.9121
243	4	might	8.58329
243	5	have	2.7324
243	6	divorced	17.6183
243	7	his	4.78035
243	8	wife	1.84415
243	9	last	14.8866
243	10	week	7.67921
243	11	.	3.59506
243	12	</s>	24.2368
244	1	we	10.0475
244	2	recalled	16.8821
244	3	who	11.9121
244	4	the	8.96323
244	5	millionaire	16.8048
244	6	might	12.3555
244	7	have	3.14779
244	8	divorced	17.3918
244	9	his	4.78035
244	10	wife	1.84415
244	11	last	14.8866
244	12	week	7.67921
244	13	.	3.59506
244	14	</s>	24.2368
245	1	we	10.0475
245	2	recalled	16.8821
245	3	that	3.25558
245	4	the	3.21199
245	5	woman	10.5414
245	6	said	9.96008
245	7	might	13.9132
245	8	have	3.14779
245	9	divorced	17.3918
245	10	his	4.78035
245	11	wife	1.84415
245	12	last	14.8866
245	13	week	7.67921
245	14	.	3.59506
245	15	</s>	24.2368
246	1	we	10.0475
246	2	recalled	16.8821
246	3	that	3.25558
246	4	the	3.21199
246	5	woman	10.5414
246	6	said	9.96008
246	7	the	4.76385
246	8	millionaire	16.9874
246	9	might	12.3555
246	10	have	3.14779
246	11	divorced	17.3918
246	12	his	4.78035
246	13	wife	1.84415
246	14	last	14.8866
246	15	week	7.67921
246	16	.	3.59506
246	17	</s>	24.2368
247	1	we	10.0475
247	2	recalled	16.8821
247	3	who	11.9121
247	4	the	8.96323
247	5	woman	7.80189
247	6	said	10.4705
247	7	might	13.9132
247	8	have	3.14779
247	9	divorced	17.3918
247	10	his	4.78035
247	11	wife	1.84415
247	12	last	14.8866
247	13	week	7.67921
247	14	.	3.59506
247	15	</s>	24.2368
248	1	we	10.0475
248	2	recalled	16.8821
248	3	who	11.9121
248	4	the	8.96323
248	5	woman	7.80189
248	6	said	10.4705
248	7	the	4.76385
248	8	millionaire	16.9874
248	9	might	12.3555
248	10	have	3.14779
248	11	divorced	17.3918
248	12	his	4.78035
248	13	wife	1.84415
248	14	last	14.8866
248	15	week	7.67921
248	16	.	3.59506
248	17	</s>	24.2368
249	1	we	10.0475
249	2	recalled	16.8821
249	3	that	3.25558
249	4	the	3.21199
249	5	woman	10.5414
249	6	said	9.96008
249	7	she	6.23329
249	8	thought	5.99716
249	9	might	11.0586
249	10	have	3.19661
249	11	divorced	17.3918
249	12	his	4.78035
249	13	wife	1.84415
249	14	last	14.8866
249	15	week	7.67921
249	16	.	3.59506
249	17	</s>	24.2368
250	1	we	10.0475
250	2	recalled	16.8821
250	3	that	3.25558
250	4	the	3.21199
250	5	woman	10.5414
250	6	said	9.96008
250	7	she	6.23329
250	8	thought	5.99716
250	9	the	3.1432
250	10	millionaire	16.8405
250	11	might	12.3555
250	12	have	3.14779
250	13	divorced	17.3918
250	14	his	4.78035
250	15	wife	1.84415
250	16	last	14.8866
250	17	week	7.67921
250	18	.	3.59506
250	19	</s>	24.2368
251	1	we	10.0475
251	2	recalled	16.8821
251	3	who	11.9121
251	4	the	8.96323
251	5	woman	7.80189
251	6	said	10.4705
251	7	she	6.23329
251	8	thought	5.99716
251	9	might	11.0586
251	10	have	3.19661
251	11	divorced	17.3918
251	12	his	4.78035
251	13	wife	1.84415
251	14	last	14.8866
251	15	week	7.67921
251	16	.	3.59506
251	17	</s>	24.2368
252	1	we	10.0475
252	2	recalled	16.8821
252	3	who	11.9121
252	4	the	8.96323
252	5	woman	7.80189
252	6	said	10.4705
252	7	she	6.23329
252	8	thought	5.99716
252	9	the	3.1432
252	10	millionaire	16.8405
252	11	might	12.3555
252	12	have	3.14779
252	13	divorced	17.3918
252	14	his	4.78035
252	15	wife	1.84415
252	16	last	14.8866
252	17	week	7.67921
252	18	.	3.59506
252	19	</s>	24.2368
253	1	we	10.0475
253	2	recalled	16.8821
253	3	that	3.25558
253	4	the	3.21199
253	5	woman	10.5414
253	6	said	9.96008
253	7	she	6.23329
253	8	thought	5.99716
253	9	she	4.11707
253	10	knew	10.7008
253	11	might	13.2388
253	12	have	3.14779
253	13	divorced	17.3918
253	14	his	4.78035
253	15	wife	1.84415
253	16	last	14.8866
253	17	week	7.67921
253	18	.	3.59506
253	19	</s>	24.2368
254	1	we	10.0475
254	2	recalled	16.8821
254	3	that	3.25558
254	4	the	3.21199
254	5	woman	10.5414
254	6	said	9.96008
254	7	she	6.23329
254	8	thought	5.99716
254	9	she	4.11707
254	10	knew	10.7008
254	11	the	5.35757
254	12	millionaire	16.6274
254	13	might	12.3555
254	14	have	3.14779
254	15	divorced	17.3918
254	16	his	4.78035
254	17	wife	1.84415
254	18	last	14.8866
254	19	week	7.67921
254	20	.	3.59506
254	21	</s>	24.2368
255	1	we	10.0475
255	2	recalled	16.8821
255	3	who	11.9121
255	4	the	8.96323
255	5	woman	7.80189
255	6	said	10.4705
255	7	she	6.23329
255	8	thought	5.99716
255	9	she	4.11707
255	10	knew	10.7008
255	11	might	13.2388
255	12	have	3.14779
255	13	divorced	17.3918
255	14	his	4.78035
255	15	wife	1.84415
255	16	last	14.8866
255	17	week	7.67921
255	18	.	3.59506
255	19	</s>	24.2368
256	1	we	10.0475
256	2	recalled	16.8821
256	3	who	11.9121
256	4	the	8.96323
256	5	woman	7.80189
256	6	said	10.4705
256	7	she	6.23329
256	8	thought	5.99716
256	9	she	4.11707
256	10	knew	10.7008
256	11	the	5.35757
256	12	millionaire	16.6274
256	13	might	12.3555
256	14	have	3.14779
256	15	divorced	17.3918
256	16	his	4.78035
256	17	wife	1.84415
256	18	last	14.8866
256	19	week	7.67921
256	20	.	3.59506
256	21	</s>	24.2368
257	1	we	10.0475
257	2	recalled	16.8821
257	3	that	3.25558
257	4	the	3.21199
257	5	woman	10.5414
257	6	said	9.96008
257	7	she	6.23329
257	8	thought	5.99716
257	9	she	4.11707
257	10	knew	10.7008
257	11	might	13.2388
257	12	have	3.14779
257	13	divorced	17.3918
257	14	his	4.78035
257	15	wife	1.84415
257	16	last	14.8866
257	17	week	7.67921
257	18	.	3.59506
257	19	</s>	24.2368
258	1	we	10.0475
258	2	recalled	16.8821
258	3	that	3.25558
258	4	the	3.21199
258	5	woman	10.5414
258	6	said	9.96008
258	7	she	6.23329
258	8	thought	5.99716
258	9	she	4.11707
258	10	knew	10.7008
258	11	the	5.35757
258	12	millionaire	16.6274
258	13	might	12.3555
258	14	have	3.14779
258	15	divorced	17.3918
258	16	his	4.78035
258	17	wife	1.84415
258	18	last	14.8866
258	19	week	7.67921
258	20	.	3.59506
258	21	</s>	24.2368
259	1	we	10.0475
259	2	recalled	16.8821
259	3	who	11.9121
259	4	the	8.96323
259	5	woman	7.80189
259	6	said	10.4705
259	7	she	6.23329
259	8	thought	5.99716
259	9	she	4.11707
259	10	knew	10.7008
259	11	might	13.2388
259	12	have	3.14779
259	13	divorced	17.3918
259	14	his	4.78035
259	15	wife	1.84415
259	16	last	14.8866
259	17	week	7.67921
259	18	.	3.59506
259	19	</s>	24.2368
260	1	we	10.0475
260	2	recalled	16.8821
260	3	who	11.9121
260	4	the	8.96323
260	5	woman	7.80189
260	6	said	10.4705
260	7	she	6.23329
260	8	thought	5.99716
260	9	she	4.11707
260	10	knew	10.7008
260	11	the	5.35757
260	12	millionaire	16.6274
260	13	might	12.3555
260	14	have	3.14779
260	15	divorced	17.3918
260	16	his	4.78035
260	17	wife	1.84415
260	18	last	14.8866
260	19	week	7.67921
260	20	.	3.59506
260	21	</s>	24.2368
261	1	they	6.37172
261	2	recalled	15.4151
261	3	that	3.25558
261	4	did	9.78504
261	5	promote	15.439
261	6	the	4.49145
261	7	secretary	12.848
261	8	last	16.1295
261	9	week	7.67921
261	10	.	3.59506
261	11	</s>	24.2368
262	1	they	6.37172
262	2	recalled	15.4151
262	3	that	3.25558
262	4	the	3.21199
262	5	executive	12.0441
262	6	did	12.9132
262	7	promote	13.7324
262	8	the	4.49145
262	9	secretary	12.848
262	10	last	16.1295
262	11	week	7.67921
262	12	.	3.59506
262	13	</s>	24.2368
263	1	they	6.37172
263	2	recalled	15.4151
263	3	who	11.9121
263	4	did	7.12873
263	5	promote	14.5148
263	6	the	4.49145
263	7	secretary	12.848
263	8	last	16.1295
263	9	week	7.67921
263	10	.	3.59506
263	11	</s>	24.2368
264	1	they	6.37172
264	2	recalled	15.4151
264	3	who	11.9121
264	4	the	8.96323
264	5	executive	12.7083
264	6	did	12.499
264	7	promote	13.7324
264	8	the	4.49145
264	9	secretary	12.848
264	10	last	16.1295
264	11	week	7.67921
264	12	.	3.59506
264	13	</s>	24.2368
265	1	they	6.37172
265	2	recalled	15.4151
265	3	that	3.25558
265	4	the	3.21199
265	5	journalist	13.9516
265	6	believed	12.2149
265	7	did	10.8099
265	8	promote	14.1681
265	9	the	4.49145
265	10	secretary	12.848
265	11	last	16.1295
265	12	week	7.67921
265	13	.	3.59506
265	14	</s>	24.2368
266	1	they	6.37172
266	2	recalled	15.4151
266	3	that	3.25558
266	4	the	3.21199
266	5	journalist	13.9516
266	6	believed	12.2149
266	7	the	3.87627
266	8	executive	12.5908
266	9	did	12.499
266	10	promote	13.7324
266	11	the	4.49145
266	12	secretary	12.848
266	13	last	16.1295
266	14	week	7.67921
266	15	.	3.59506
266	16	</s>	24.2368
267	1	they	6.37172
267	2	recalled	15.4151
267	3	who	11.9121
267	4	the	8.96323
267	5	journalist	14.7335
267	6	believed	12.2149
267	7	did	10.8099
267	8	promote	14.1681
267	9	the	4.49145
267	10	secretary	12.848
267	11	last	16.1295
267	12	week	7.67921
267	13	.	3.59506
267	14	</s>	24.2368
268	1	they	6.37172
268	2	recalled	15.4151
268	3	who	11.9121
268	4	the	8.96323
268	5	journalist	14.7335
268	6	believed	12.2149
268	7	the	3.87627
268	8	executive	12.5908
268	9	did	12.499
268	10	promote	13.7324
268	11	the	4.49145
268	12	secretary	12.848
268	13	last	16.1295
268	14	week	7.67921
268	15	.	3.59506
268	16	</s>	24.2368
269	1	they	6.37172
269	2	recalled	15.4151
269	3	that	3.25558
269	4	the	3.21199
269	5	journalist	13.9516
269	6	believed	12.2149
269	7	the	3.87627
269	8	transcript	16.226
269	9	stated	8.50481
269	10	did	13.3224
269	11	promote	13.7324
269	12	the	4.49145
269	13	secretary	12.848
269	14	last	16.1295
269	15	week	7.67921
269	16	.	3.59506
269	17	</s>	24.2368
270	1	they	6.37172
270	2	recalled	15.4151
270	3	that	3.25558
270	4	the	3.21199
270	5	journalist	13.9516
270	6	believed	12.2149
270	7	the	3.87627
270	8	transcript	16.226
270	9	stated	8.50481
270	10	the	5.24247
270	11	executive	12.7921
270	12	did	12.499
270	13	promote	13.7324
270	14	the	4.49145
270	15	secretary	12.848
270	16	last	16.1295
270	17	week	7.67921
270	18	.	3.59506
270	19	</s>	24.2368
271	1	they	6.37172
271	2	recalled	15.4151
271	3	who	11.9121
271	4	the	8.96323
271	5	journalist	14.7335
271	6	believed	12.2149
271	7	the	3.87627
271	8	transcript	16.226
271	9	stated	8.50481
271	10	did	13.3224
271	11	promote	13.7324
271	12	the	4.49145
271	13	secretary	12.848
271	14	last	16.1295
271	15	week	7.67921
271	16	.	3.59506
271	17	</s>	24.2368
272	1	they	6.37172
272	2	recalled	15.4151
272	3	who	11.9121
272	4	the	8.96323
272	5	journalist	14.7335
272	6	believed	12.2149
272	7	the	3.87627
272	8	transcript	16.226
272	9	stated	8.50481
272	10	the	5.24247
272	11	executive	12.7921
272	12	did	12.499
272	13	promote	13.7324
272	14	the	4.49145
272	15	secretary	12.848
272	16	last	16.1295
272	17	week	7.67921
272	18	.	3.59506
272	19	</s>	24.2368
273	1	they	6.37172
273	2	recalled	15.4151
273	3	that	3.25558
273	4	the	3.21199
273	5	journalist	13.9516
273	6	believed	12.2149
273	7	the	3.87627
273	8	transcript	16.226
273	9	stated	8.50481
273	10	he	5.48895
273	11	knew	10.4587
273	12	did	12.4472
273	13	promote	13.7324
273	14	the	4.49145
273	15	secretary	12.848
273	16	last	16.1295
273	17	week	7.67921
273	18	.	3.59506
273	19	</s>	24.2368
274	1	they	6.37172
274	2	recalled	15.4151
274	3	that	3.25558
274	4	the	3.21199
274	5	journalist	13.9516
274	6	believed	12.2149
274	7	the	3.87627
274	8	transcript	16.226
274	9	stated	8.50481
274	10	he	5.48895
274	11	knew	10.4587
274	12	the	5.05217
274	13	executive	12.5729
274	14	did	12.499
274	15	promote	13.7324
274	16	the	4.49145
274	17	secretary	12.848
274	18	last	16.1295
274	19	week	7.67921
274	20	.	3.59506
274	21	</s>	24.2368
275	1	they	6.37172
275	2	recalled	15.4151
275	3	who	11.9121
275	4	the	8.96323
275	5	journalist	14.7335
275	6	believed	12.2149
275	7	the	3.87627
275	8	transcript	16.226
275	9	stated	8.50481
275	10	he	5.48895
275	11	knew	10.4587
275	12	did	12.4472
275	13	promote	13.7324
275	14	the	4.49145
275	15	secretary	12.848
275	16	last	16.1295
275	17	week	7.67921
275	18	.	3.59506
275	19	</s>	24.2368
276	1	they	6.37172
276	2	recalled	15.4151
276	3	who	11.9121
276	4	the	8.96323
276	5	journalist	14.7335
276	6	believed	12.2149
276	7	the	3.87627
276	8	transcript	16.226
276	9	stated	8.50481
276	10	he	5.48895
276	11	knew	10.4587
276	12	the	5.05217
276	13	executive	12.5729
276	14	did	12.499
276	15	promote	13.7324
276	16	the	4.49145
276	17	secretary	12.848
276	18	last	16.1295
276	19	week	7.67921
276	20	.	3.59506
276	21	</s>	24.2368
277	1	they	6.37172
277	2	recalled	15.4151
277	3	that	3.25558
277	4	the	3.21199
277	5	journalist	13.9516
277	6	believed	12.2149
277	7	the	3.87627
277	8	transcript	16.226
277	9	stated	8.50481
277	10	he	5.48895
277	11	knew	10.4587
277	12	did	12.4472
277	13	promote	13.7324
277	14	the	4.49145
277	15	secretary	12.848
277	16	last	16.1295
277	17	week	7.67921
277	18	.	3.59506
277	19	</s>	24.2368
278	1	they	6.37172
278	2	recalled	15.4151
278	3	that	3.25558
278	4	the	3.21199
278	5	journalist	13.9516
278	6	believed	12.2149
278	7	the	3.87627
278	8	transcript	16.226
278	9	stated	8.50481
278	10	he	5.48895
278	11	knew	10.4587
278	12	the	5.05217
278	13	executive	12.5729
278	14	did	12.499
278	15	promote	13.7324
278	16	the	4.49145
278	17	secretary	12.848
278	18	last	16.1295
278	19	week	7.67921
278	20	.	3.59506
278	21	</s>	24.2368
279	1	they	6.37172
279	2	recalled	15.4151
279	3	who	11.9121
279	4	the	8.96323
279	5	journalist	14.7335
279	6	believed	12.2149
279	7	the	3.87627
279	8	transcript	16.226
279	9	stated	8.50481
279	10	he	5.48895
279	11	knew	10.4587
279	12	did	12.4472
279	13	promote	13.7324
279	14	the	4.49145
279	15	secretary	12.848
279	16	last	16.1295
279	17	week	7.67921
279	18	.	3.59506
279	19	</s>	24.2368
280	1	they	6.37172
280	2	recalled	15.4151
280	3	who	11.9121
280	4	the	8.96323
280	5	journalist	14.7335
280	6	believed	12.2149
280	7	the	3.87627
280	8	transcript	16.226
280	9	stated	8.50481
280	10	he	5.48895
280	11	knew	10.4587
280	12	the	5.05217
280	13	executive	12.5729
280	14	did	12.499
280	15	promote	13.7324
280	16	the	4.49145
280	17	secretary	12.848
280	18	last	16.1295
280	19	week	7.67921
280	20	.	3.59506
280	21	</s>	24.2368
281	1	they	6.37172
281	2	reported	11.2987
281	3	that	1.06934
281	4	could	8.36676
281	5	have	4.23376
281	6	abandoned	11.9202
281	7	the	1.73306
281	8	children	9.04119
281	9	on	7.58796
281	10	the	3.1432
281	11	side	8.53318
281	12	of	0.776818
281	13	the	0.380114
281	14	road	3.96868
281	15	.	1.78484
281	16	</s>	28.2635
282	1	they	6.37172
282	2	reported	11.2987
282	3	that	1.06934
282	4	the	2.41116
282	5	woman	10.6944
282	6	could	8.84502
282	7	have	5.12764
282	8	abandoned	11.5038
282	9	the	1.73306
282	10	children	9.04119
282	11	on	7.58796
282	12	the	3.1432
282	13	side	8.53318
282	14	of	0.776818
282	15	the	0.380114
282	16	road	3.96868
282	17	.	1.78484
282	18	</s>	28.2635
283	1	they	6.37172
283	2	reported	11.2987
283	3	who	12.4486
283	4	could	7.13325
283	5	have	4.91109
283	6	abandoned	11.3608
283	7	the	1.73306
283	8	children	9.04119
283	9	on	7.58796
283	10	the	3.1432
283	11	side	8.53318
283	12	of	0.776818
283	13	the	0.380114
283	14	road	3.96868
283	15	.	1.78484
283	16	</s>	28.2635
284	1	they	6.37172
284	2	reported	11.2987
284	3	who	12.4486
284	4	the	8.96323
284	5	woman	7.80189
284	6	could	9.35545
284	7	have	5.12764
284	8	abandoned	11.5038
284	9	the	1.73306
284	10	children	9.04119
284	11	on	7.58796
284	12	the	3.1432
284	13	side	8.53318
284	14	of	0.776818
284	15	the	0.380114
284	16	road	3.96868
284	17	.	1.78484
284	18	</s>	28.2635
285	1	they	6.37172
285	2	reported	11.2987
285	3	that	1.06934
285	4	the	2.41116
285	5	man	9.74448
285	6	claimed	11.0267
285	7	could	11.365
285	8	have	4.64757
285	9	abandoned	11.5038
285	10	the	1.73306
285	11	children	9.04119
285	12	on	7.58796
285	13	the	3.1432
285	14	side	8.53318
285	15	of	0.776818
285	16	the	0.380114
285	17	road	3.96868
285	18	.	1.78484
285	19	</s>	28.2635
286	1	they	6.37172
286	2	reported	11.2987
286	3	that	1.06934
286	4	the	2.41116
286	5	man	9.74448
286	6	claimed	11.0267
286	7	the	3.97247
286	8	woman	12.5163
286	9	could	8.6838
286	10	have	5.12764
286	11	abandoned	11.5038
286	12	the	1.73306
286	13	children	9.04119
286	14	on	7.58796
286	15	the	3.1432
286	16	side	8.53318
286	17	of	0.776818
286	18	the	0.380114
286	19	road	3.96868
286	20	.	1.78484
286	21	</s>	28.2635
287	1	they	6.37172
287	2	reported	11.2987
287	3	who	12.4486
287	4	the	8.96323
287	5	man	6.8914
287	6	claimed	10.9383
287	7	could	11.365
287	8	have	4.64757
287	9	abandoned	11.5038
287	10	the	1.73306
287	11	children	9.04119
287	12	on	7.58796
287	13	the	3.1432
287	14	side	8.53318
287	15	of	0.776818
287	16	the	0.380114
287	17	road	3.96868
287	18	.	1.78484
287	19	</s>	28.2635
288	1	they	6.37172
288	2	reported	11.2987
288	3	who	12.4486
288	4	the	8.96323
288	5	man	6.8914
288	6	claimed	10.9383
288	7	the	3.97247
288	8	woman	12.5163
288	9	could	8.6838
288	10	have	5.12764
288	11	abandoned	11.5038
288	12	the	1.73306
288	13	children	9.04119
288	14	on	7.58796
288	15	the	3.1432
288	16	side	8.53318
288	17	of	0.776818
288	18	the	0.380114
288	19	road	3.96868
288	20	.	1.78484
288	21	</s>	28.2635
289	1	they	6.37172
289	2	reported	11.2987
289	3	that	1.06934
289	4	the	2.41116
289	5	man	9.74448
289	6	claimed	11.0267
289	7	his	6.78675
289	8	friend	9.36933
289	9	believed	13.5558
289	10	could	9.64821
289	11	have	4.56359
289	12	abandoned	11.5038
289	13	the	1.73306
289	14	children	9.04119
289	15	on	7.58796
289	16	the	3.1432
289	17	side	8.53318
289	18	of	0.776818
289	19	the	0.380114
289	20	road	3.96868
289	21	.	1.78484
289	22	</s>	28.2635
290	1	they	6.37172
290	2	reported	11.2987
290	3	that	1.06934
290	4	the	2.41116
290	5	man	9.74448
290	6	claimed	11.0267
290	7	his	6.78675
290	8	friend	9.36933
290	9	believed	13.5558
290	10	the	3.87627
290	11	woman	12.2588
290	12	could	8.6838
290	13	have	5.12764
290	14	abandoned	11.5038
290	15	the	1.73306
290	16	children	9.04119
290	17	on	7.58796
290	18	the	3.1432
290	19	side	8.53318
290	20	of	0.776818
290	21	the	0.380114
290	22	road	3.96868
290	23	.	1.78484
290	24	</s>	28.2635
291	1	they	6.37172
291	2	reported	11.2987
291	3	who	12.4486
291	4	the	8.96323
291	5	man	6.8914
291	6	claimed	10.9383
291	7	his	6.78675
291	8	friend	9.36933
291	9	believed	13.5558
291	10	could	9.64821
291	11	have	4.56359
291	12	abandoned	11.5038
291	13	the	1.73306
291	14	children	9.04119
291	15	on	7.58796
291	16	the	3.1432
291	17	side	8.53318
291	18	of	0.776818
291	19	the	0.380114
291	20	road	3.96868
291	21	.	1.78484
291	22	</s>	28.2635
292	1	they	6.37172
292	2	reported	11.2987
292	3	who	12.4486
292	4	the	8.96323
292	5	man	6.8914
292	6	claimed	10.9383
292	7	his	6.78675
292	8	friend	9.36933
292	9	believed	13.5558
292	10	the	3.87627
292	11	woman	12.2588
292	12	could	8.6838
292	13	have	5.12764
292	14	abandoned	11.5038
292	15	the	1.73306
292	16	children	9.04119
292	17	on	7.58796
292	18	the	3.1432
292	19	side	8.53318
292	20	of	0.776818
292	21	the	0.380114
292	22	road	3.96868
292	23	.	1.78484
292	24	</s>	28.2635
293	1	they	6.37172
293	2	reported	11.2987
293	3	that	1.06934
293	4	the	2.41116
293	5	man	9.74448
293	6	claimed	11.0267
293	7	his	6.78675
293	8	friend	9.36933
293	9	believed	13.5558
293	10	he	5.20607
293	11	knew	10.6388
293	12	could	10.0111
293	13	have	4.64757
293	14	abandoned	11.5038
293	15	the	1.73306
293	16	children	9.04119
293	17	on	7.58796
293	18	the	3.1432
293	19	side	8.53318
293	20	of	0.776818
293	21	the	0.380114
293	22	road	3.96868
293	23	.	1.78484
293	24	</s>	28.2635
294	1	they	6.37172
294	2	reported	11.2987
294	3	that	1.06934
294	4	the	2.41116
294	5	man	9.74448
294	6	claimed	11.0267
294	7	his	6.78675
294	8	friend	9.36933
294	9	believed	13.5558
294	10	he	5.20607
294	11	knew	10.6388
294	12	the	5.05217
294	13	woman	12.2408
294	14	could	8.6838
294	15	have	5.12764
294	16	abandoned	11.5038
294	17	the	1.73306
294	18	children	9.04119
294	19	on	7.58796
294	20	the	3.1432
294	21	side	8.53318
294	22	of	0.776818
294	23	the	0.380114
294	24	road	3.96868
294	25	.	1.78484
294	26	</s>	28.2635
295	1	they	6.37172
295	2	reported	11.2987
295	3	who	12.4486
295	4	the	8.96323
295	5	man	6.8914
295	6	claimed	10.9383
295	7	his	6.78675
295	8	friend	9.36933
295	9	believed	13.5558
295	10	he	5.20607
295	11	knew	10.6388
295	12	could	10.0111
295	13	have	4.64757
295	14	abandoned	11.5038
295	15	the	1.73306
295	16	children	9.04119
295	17	on	7.58796
295	18	the	3.1432
295	19	side	8.53318
295	20	of	0.776818
295	21	the	0.380114
295	22	road	3.96868
295	23	.	1.78484
295	24	</s>	28.2635
296	1	they	6.37172
296	2	reported	11.2987
296	3	who	12.4486
296	4	the	8.96323
296	5	man	6.8914
296	6	claimed	10.9383
296	7	his	6.78675
296	8	friend	9.36933
296	9	believed	13.5558
296	10	he	5.20607
296	11	knew	10.6388
296	12	the	5.05217
296	13	woman	12.2408
296	14	could	8.6838
296	15	have	5.12764
296	16	abandoned	11.5038
296	17	the	1.73306
296	18	children	9.04119
296	19	on	7.58796
296	20	the	3.1432
296	21	side	8.53318
296	22	of	0.776818
296	23	the	0.380114
296	24	road	3.96868
296	25	.	1.78484
296	26	</s>	28.2635
297	1	they	6.37172
297	2	reported	11.2987
297	3	that	1.06934
297	4	the	2.41116
297	5	man	9.74448
297	6	claimed	11.0267
297	7	his	6.78675
297	8	friend	9.36933
297	9	believed	13.5558
297	10	he	5.20607
297	11	knew	10.6388
297	12	could	10.0111
297	13	have	4.64757
297	14	abandoned	11.5038
297	15	the	1.73306
297	16	children	9.04119
297	17	on	7.58796
297	18	the	3.1432
297	19	side	8.53318
297	20	of	0.776818
297	21	the	0.380114
297	22	road	3.96868
297	23	.	1.78484
297	24	</s>	28.2635
298	1	they	6.37172
298	2	reported	11.2987
298	3	that	1.06934
298	4	the	2.41116
298	5	man	9.74448
298	6	claimed	11.0267
298	7	his	6.78675
298	8	friend	9.36933
298	9	believed	13.5558
298	10	he	5.20607
298	11	knew	10.6388
298	12	the	5.05217
298	13	woman	12.2408
298	14	could	8.6838
298	15	have	5.12764
298	16	abandoned	11.5038
298	17	the	1.73306
298	18	children	9.04119
298	19	on	7.58796
298	20	the	3.1432
298	21	side	8.53318
298	22	of	0.776818
298	23	the	0.380114
298	24	road	3.96868
298	25	.	1.78484
298	26	</s>	28.2635
299	1	they	6.37172
299	2	reported	11.2987
299	3	who	12.4486
299	4	the	8.96323
299	5	man	6.8914
299	6	claimed	10.9383
299	7	his	6.78675
299	8	friend	9.36933
299	9	believed	13.5558
299	10	he	5.20607
299	11	knew	10.6388
299	12	could	10.0111
299	13	have	4.64757
299	14	abandoned	11.5038
299	15	the	1.73306
299	16	children	9.04119
299	17	on	7.58796
299	18	the	3.1432
299	19	side	8.53318
299	20	of	0.776818
299	21	the	0.380114
299	22	road	3.96868
299	23	.	1.78484
299	24	</s>	28.2635
300	1	they	6.37172
300	2	reported	11.2987
300	3	who	12.4486
300	4	the	8.96323
300	5	man	6.8914
300	6	claimed	10.9383
300	7	his	6.78675
300	8	friend	9.36933
300	9	believed	13.5558
300	10	he	5.20607
300	11	knew	10.6388
300	12	the	5.05217
300	13	woman	12.2408
300	14	could	8.6838
300	15	have	5.12764
300	16	abandoned	11.5038
300	17	the	1.73306
300	18	children	9.04119
300	19	on	7.58796
300	20	the	3.1432
300	21	side	8.53318
300	22	of	0.776818
300	23	the	0.380114
300	24	road	3.96868
300	25	.	1.78484
300	26	</s>	28.2635
301	1	he	4.43708
301	2	reported	10.9023
301	3	that	1.2922
301	4	might	9.93702
301	5	have	2.81632
301	6	reassured	20.353
301	7	the	2.43917
301	8	patient	12.0522
301	9	before	9.6655
301	10	surgery	11.8446
301	11	.	1.7726
301	12	</s>	23.6519
302	1	he	4.43708
302	2	reported	10.9023
302	3	that	1.2922
302	4	the	2.05663
302	5	doctor	10.8521
302	6	might	13.278
302	7	have	3.14779
302	8	reassured	19.9313
302	9	the	2.43917
302	10	patient	12.0522
302	11	before	9.6655
302	12	surgery	11.8446
302	13	.	1.7726
302	14	</s>	23.6519
303	1	he	4.43708
303	2	reported	10.9023
303	3	who	12.6639
303	4	might	8.58329
303	5	have	2.7324
303	6	reassured	20.1578
303	7	the	2.43917
303	8	patient	12.0522
303	9	before	9.6655
303	10	surgery	11.8446
303	11	.	1.7726
303	12	</s>	23.6519
304	1	he	4.43708
304	2	reported	10.9023
304	3	who	12.6639
304	4	the	8.96323
304	5	doctor	7.80189
304	6	might	12.9061
304	7	have	3.14779
304	8	reassured	19.9313
304	9	the	2.43917
304	10	patient	12.0522
304	11	before	9.6655
304	12	surgery	11.8446
304	13	.	1.7726
304	14	</s>	23.6519
305	1	he	4.43708
305	2	reported	10.9023
305	3	that	1.2922
305	4	the	2.05663
305	5	nurse	15.4069
305	6	believed	13.6531
305	7	might	13.2461
305	8	have	3.14779
305	9	reassured	19.9313
305	10	the	2.43917
305	11	patient	12.0522
305	12	before	9.6655
305	13	surgery	11.8446
305	14	.	1.7726
305	15	</s>	23.6519
306	1	he	4.43708
306	2	reported	10.9023
306	3	that	1.2922
306	4	the	2.05663
306	5	nurse	15.4069
306	6	believed	13.6531
306	7	the	3.87627
306	8	doctor	11.9631
306	9	might	12.9061
306	10	have	3.14779
306	11	reassured	19.9313
306	12	the	2.43917
306	13	patient	12.0522
306	14	before	9.6655
306	15	surgery	11.8446
306	16	.	1.7726
306	17	</s>	23.6519
307	1	he	4.43708
307	2	reported	10.9023
307	3	who	12.6639
307	4	the	8.96323
307	5	nurse	14.8339
307	6	believed	13.6531
307	7	might	13.2461
307	8	have	3.14779
307	9	reassured	19.9313
307	10	the	2.43917
307	11	patient	12.0522
307	12	before	9.6655
307	13	surgery	11.8446
307	14	.	1.7726
307	15	</s>	23.6519
308	1	he	4.43708
308	2	reported	10.9023
308	3	who	12.6639
308	4	the	8.96323
308	5	nurse	14.8339
308	6	believed	13.6531
308	7	the	3.87627
308	8	doctor	11.9631
308	9	might	12.9061
308	10	have	3.14779
308	11	reassured	19.9313
308	12	the	2.43917
308	13	patient	12.0522
308	14	before	9.6655
308	15	surgery	11.8446
308	16	.	1.7726
308	17	</s>	23.6519
309	1	he	4.43708
309	2	reported	10.9023
309	3	that	1.2922
309	4	the	2.05663
309	5	nurse	15.4069
309	6	believed	13.6531
309	7	the	3.87627
309	8	woman	12.2588
309	9	thought	13.7489
309	10	might	10.4781
309	11	have	3.19661
309	12	reassured	19.9313
309	13	the	2.43917
309	14	patient	12.0522
309	15	before	9.6655
309	16	surgery	11.8446
309	17	.	1.7726
309	18	</s>	23.6519
310	1	he	4.43708
310	2	reported	10.9023
310	3	that	1.2922
310	4	the	2.05663
310	5	nurse	15.4069
310	6	believed	13.6531
310	7	the	3.87627
310	8	woman	12.2588
310	9	thought	13.7489
310	10	the	4.36895
310	11	doctor	12.1163
310	12	might	12.9061
310	13	have	3.14779
310	14	reassured	19.9313
310	15	the	2.43917
310	16	patient	12.0522
310	17	before	9.6655
310	18	surgery	11.8446
310	19	.	1.7726
310	20	</s>	23.6519
311	1	he	4.43708
311	2	reported	10.9023
311	3	who	12.6639
311	4	the	8.96323
311	5	nurse	14.8339
311	6	believed	13.6531
311	7	the	3.87627
311	8	woman	12.2588
311	9	thought	13.7489
311	10	might	10.4781
311	11	have	3.19661
311	12	reassured	19.9313
311	13	the	2.43917
311	14	patient	12.0522
311	15	before	9.6655
311	16	surgery	11.8446
311	17	.	1.7726
311	18	</s>	23.6519
312	1	he	4.43708
312	2	reported	10.9023
312	3	who	12.6639
312	4	the	8.96323
312	5	nurse	14.8339
312	6	believed	13.6531
312	7	the	3.87627
312	8	woman	12.2588
312	9	thought	13.7489
312	10	the	4.36895
312	11	doctor	12.1163
312	12	might	12.9061
312	13	have	3.14779
312	14	reassured	19.9313
312	15	the	2.43917
312	16	patient	12.0522
312	17	before	9.6655
312	18	surgery	11.8446
312	19	.	1.7726
312	20	</s>	23.6519
313	1	he	4.43708
313	2	reported	10.9023
313	3	that	1.2922
313	4	the	2.05663
313	5	nurse	15.4069
313	6	believed	13.6531
313	7	the	3.87627
313	8	woman	12.2588
313	9	thought	13.7489
313	10	she	6.92949
313	11	recalled	12.8166
313	12	might	13.2226
313	13	have	3.14779
313	14	reassured	19.9313
313	15	the	2.43917
313	16	patient	12.0522
313	17	before	9.6655
313	18	surgery	11.8446
313	19	.	1.7726
313	20	</s>	23.6519
314	1	he	4.43708
314	2	reported	10.9023
314	3	that	1.2922
314	4	the	2.05663
314	5	nurse	15.4069
314	6	believed	13.6531
314	7	the	3.87627
314	8	woman	12.2588
314	9	thought	13.7489
314	10	she	6.92949
314	11	recalled	12.8166
314	12	the	3.46066
314	13	doctor	11.8962
314	14	might	12.9061
314	15	have	3.14779
314	16	reassured	19.9313
314	17	the	2.43917
314	18	patient	12.0522
314	19	before	9.6655
314	20	surgery	11.8446
314	21	.	1.7726
314	22	</s>	23.6519
315	1	he	4.43708
315	2	reported	10.9023
315	3	who	12.6639
315	4	the	8.96323
315	5	nurse	14.8339
315	6	believed	13.6531
315	7	the	3.87627
315	8	woman	12.2588
315	9	thought	13.7489
315	10	she	6.92949
315	11	recalled	12.8166
315	12	might	13.2226
315	13	have	3.14779
315	14	reassured	19.9313
315	15	the	2.43917
315	16	patient	12.0522
315	17	before	9.6655
315	18	surgery	11.8446
315	19	.	1.7726
315	20	</s>	23.6519
316	1	he	4.43708
316	2	reported	10.9023
316	3	who	12.6639
316	4	the	8.96323
316	5	nurse	14.8339
316	6	believed	13.6531
316	7	the	3.87627
316	8	woman	12.2588
316	9	thought	13.7489
316	10	she	6.92949
316	11	recalled	12.8166
316	12	the	3.46066
316	13	doctor	11.8962
316	14	might	12.9061
316	15	have	3.14779
316	16	reassured	19.9313
316	17	the	2.43917
316	18	patient	12.0522
316	19	before	9.6655
316	20	surgery	11.8446
316	21	.	1.7726
316	22	</s>	23.6519
317	1	he	4.43708
317	2	reported	10.9023
317	3	that	1.2922
317	4	the	2.05663
317	5	nurse	15.4069
317	6	believed	13.6531
317	7	the	3.87627
317	8	woman	12.2588
317	9	thought	13.7489
317	10	she	6.92949
317	11	recalled	12.8166
317	12	might	13.2226
317	13	have	3.14779
317	14	reassured	19.9313
317	15	the	2.43917
317	16	patient	12.0522
317	17	before	9.6655
317	18	surgery	11.8446
317	19	.	1.7726
317	20	</s>	23.6519
318	1	he	4.43708
318	2	reported	10.9023
318	3	that	1.2922
318	4	the	2.05663
318	5	nurse	15.4069
318	6	believed	13.6531
318	7	the	3.87627
318	8	woman	12.2588
318	9	thought	13.7489
318	10	she	6.92949
318	11	recalled	12.8166
318	12	the	3.46066
318	13	doctor	11.8962
318	14	might	12.9061
318	15	have	3.14779
318	16	reassured	19.9313
318	17	the	2.43917
318	18	patient	12.0522
318	19	before	9.6655
318	20	surgery	11.8446
318	21	.	1.7726
318	22	</s>	23.6519
319	1	he	4.43708
319	2	reported	10.9023
319	3	who	12.6639
319	4	the	8.96323
319	5	nurse	14.8339
319	6	believed	13.6531
319	7	the	3.87627
319	8	woman	12.2588
319	9	thought	13.7489
319	10	she	6.92949
319	11	recalled	12.8166
319	12	might	13.2226
319	13	have	3.14779
319	14	reassured	19.9313
319	15	the	2.43917
319	16	patient	12.0522
319	17	before	9.6655
319	18	surgery	11.8446
319	19	.	1.7726
319	20	</s>	23.6519
320	1	he	4.43708
320	2	reported	10.9023
320	3	who	12.6639
320	4	the	8.96323
320	5	nurse	14.8339
320	6	believed	13.6531
320	7	the	3.87627
320	8	woman	12.2588
320	9	thought	13.7489
320	10	she	6.92949
320	11	recalled	12.8166
320	12	the	3.46066
320	13	doctor	11.8962
320	14	might	12.9061
320	15	have	3.14779
320	16	reassured	19.9313
320	17	the	2.43917
320	18	patient	12.0522
320	19	before	9.6655
320	20	surgery	11.8446
320	21	.	1.7726
320	22	</s>	23.6519
321	1	they	6.37172
321	2	know	11.9019
321	3	that	3.79528
321	4	should	10.8568
321	5	thank	15.9247
321	6	the	4.47359
321	7	tailor	16.7638
321	8	on	9.44771
321	9	the	3.74276
321	10	street	9.17811
321	11	.	2.25643
321	12	</s>	27.7468
322	1	they	6.37172
322	2	know	11.9019
322	3	that	3.79528
322	4	the	2.53449
322	5	old	9.77503
322	6	man	5.08363
322	7	should	9.20829
322	8	thank	14.8844
322	9	the	4.47359
322	10	tailor	16.7638
322	11	on	9.44771
322	12	the	3.74276
322	13	street	9.17811
322	14	.	2.25643
322	15	</s>	27.7468
323	1	they	6.37172
323	2	know	11.9019
323	3	who	7.38908
323	4	should	10.0243
323	5	thank	15.4139
323	6	the	4.47359
323	7	tailor	16.7638
323	8	on	9.44771
323	9	the	3.74276
323	10	street	9.17811
323	11	.	2.25643
323	12	</s>	27.7468
324	1	they	6.37172
324	2	know	11.9019
324	3	who	7.38908
324	4	the	5.01207
324	5	old	10.7492
324	6	man	6.57065
324	7	should	9.20829
324	8	thank	14.8844
324	9	the	4.47359
324	10	tailor	16.7638
324	11	on	9.44771
324	12	the	3.74276
324	13	street	9.17811
324	14	.	2.25643
324	15	</s>	27.7468
325	1	they	6.37172
325	2	know	11.9019
325	3	that	3.79528
325	4	the	2.53449
325	5	nurse	15.3165
325	6	said	12.2185
325	7	should	12.5476
325	8	thank	15.5081
325	9	the	4.47359
325	10	tailor	16.7638
325	11	on	9.44771
325	12	the	3.74276
325	13	street	9.17811
325	14	.	2.25643
325	15	</s>	27.7468
326	1	they	6.37172
326	2	know	11.9019
326	3	that	3.79528
326	4	the	2.53449
326	5	nurse	15.3165
326	6	said	12.2185
326	7	the	4.51729
326	8	old	10.8476
326	9	man	6.57065
326	10	should	9.20829
326	11	thank	14.8844
326	12	the	4.47359
326	13	tailor	16.7638
326	14	on	9.44771
326	15	the	3.74276
326	16	street	9.17811
326	17	.	2.25643
326	18	</s>	27.7468
327	1	they	6.37172
327	2	know	11.9019
327	3	who	7.38908
327	4	the	5.01207
327	5	nurse	14.9182
327	6	said	12.2185
327	7	should	12.5476
327	8	thank	15.5081
327	9	the	4.47359
327	10	tailor	16.7638
327	11	on	9.44771
327	12	the	3.74276
327	13	street	9.17811
327	14	.	2.25643
327	15	</s>	27.7468
328	1	they	6.37172
328	2	know	11.9019
328	3	who	7.38908
328	4	the	5.01207
328	5	nurse	14.9182
328	6	said	12.2185
328	7	the	4.51729
328	8	old	10.8476
328	9	man	6.57065
328	10	should	9.20829
328	11	thank	14.8844
328	12	the	4.47359
328	13	tailor	16.7638
328	14	on	9.44771
328	15	the	3.74276
328	16	street	9.17811
328	17	.	2.25643
328	18	</s>	27.7468
329	1	they	6.37172
329	2	know	11.9019
329	3	that	3.79528
329	4	the	2.53449
329	5	nurse	15.3165
329	6	said	12.2185
329	7	the	4.51729
329	8	assistant	14.9162
329	9	knew	15.4004
329	10	should	12.6576
329	11	thank	15.089
329	12	the	4.47359
329	13	tailor	16.7638
329	14	on	9.44771
329	15	the	3.74276
329	16	street	9.17811
329	17	.	2.25643
329	18	</s>	27.7468
330	1	they	6.37172
330	2	know	11.9019
330	3	that	3.79528
330	4	the	2.53449
330	5	nurse	15.3165
330	6	said	12.2185
330	7	the	4.51729
330	8	assistant	14.9162
330	9	knew	15.4004
330	10	the	4.27224
330	11	old	10.4876
330	12	man	6.57065
330	13	should	9.20829
330	14	thank	14.8844
330	15	the	4.47359
330	16	tailor	16.7638
330	17	on	9.44771
330	18	the	3.74276
330	19	street	9.17811
330	20	.	2.25643
330	21	</s>	27.7468
331	1	they	6.37172
331	2	know	11.9019
331	3	who	7.38908
331	4	the	5.01207
331	5	nurse	14.9182
331	6	said	12.2185
331	7	the	4.51729
331	8	assistant	14.9162
331	9	knew	15.4004
331	10	should	12.6576
331	11	thank	15.089
331	12	the	4.47359
331	13	tailor	16.7638
331	14	on	9.44771
331	15	the	3.74276
331	16	street	9.17811
331	17	.	2.25643
331	18	</s>	27.7468
332	1	they	6.37172
332	2	know	11.9019
332	3	who	7.38908
332	4	the	5.01207
332	5	nurse	14.9182
332	6	said	12.2185
332	7	the	4.51729
332	8	assistant	14.9162
332	9	knew	15.4004
332	10	the	4.27224
332	11	old	10.4876
332	12	man	6.57065
332	13	should	9.20829
332	14	thank	14.8844
332	15	the	4.47359
332	16	tailor	16.7638
332	17	on	9.44771
332	18	the	3.74276
332	19	street	9.17811
332	20	.	2.25643
332	21	</s>	27.7468
333	1	they	6.37172
333	2	know	11.9019
333	3	that	3.79528
333	4	the	2.53449
333	5	nurse	15.3165
333	6	said	12.2185
333	7	the	4.51729
333	8	assistant	14.9162
333	9	knew	15.4004
333	10	she	7.06812
333	11	saw	9.41371
333	12	should	12.2976
333	13	thank	15.089
333	14	the	4.47359
333	15	tailor	16.7638
333	16	on	9.44771
333	17	the	3.74276
333	18	street	9.17811
333	19	.	2.25643
333	20	</s>	27.7468
334	1	they	6.37172
334	2	know	11.9019
334	3	that	3.79528
334	4	the	2.53449
334	5	nurse	15.3165
334	6	said	12.2185
334	7	the	4.51729
334	8	assistant	14.9162
334	9	knew	15.4004
334	10	she	7.06812
334	11	saw	9.41371
334	12	the	3.89315
334	13	old	10.6112
334	14	man	6.57065
334	15	should	9.20829
334	16	thank	14.8844
334	17	the	4.47359
334	18	tailor	16.7638
334	19	on	9.44771
334	20	the	3.74276
334	21	street	9.17811
334	22	.	2.25643
334	23	</s>	27.7468
335	1	they	6.37172
335	2	know	11.9019
335	3	who	7.38908
335	4	the	5.01207
335	5	nurse	14.9182
335	6	said	12.2185
335	7	the	4.51729
335	8	assistant	14.9162
335	9	knew	15.4004
335	10	she	7.06812
335	11	saw	9.41371
335	12	should	12.2976
335	13	thank	15.089
335	14	the	4.47359
335	15	tailor	16.7638
335	16	on	9.44771
335	17	the	3.74276
335	18	street	9.17811
335	19	.	2.25643
335	20	</s>	27.7468
336	1	they	6.37172
336	2	know	11.9019
336	3	who	7.38908
336	4	the	5.01207
336	5	nurse	14.9182
336	6	said	12.2185
336	7	the	4.51729
336	8	assistant	14.9162
336	9	knew	15.4004
336	10	she	7.06812
336	11	saw	9.41371
336	12	the	3.89315
336	13	old	10.6112
336	14	man	6.57065
336	15	should	9.20829
336	16	thank	14.8844
336	17	the	4.47359
336	18	tailor	16.7638
336	19	on	9.44771
336	20	the	3.74276
336	21	street	9.17811
336	22	.	2.25643
336	23	</s>	27.7468
337	1	they	6.37172
337	2	know	11.9019
337	3	that	3.79528
337	4	the	2.53449
337	5	nurse	15.3165
337	6	said	12.2185
337	7	the	4.51729
337	8	assistant	14.9162
337	9	knew	15.4004
337	10	she	7.06812
337	11	saw	9.41371
337	12	should	12.2976
337	13	thank	15.089
337	14	the	4.47359
337	15	tailor	16.7638
337	16	on	9.44771
337	17	the	3.74276
337	18	street	9.17811
337	19	.	2.25643
337	20	</s>	27.7468
338	1	they	6.37172
338	2	know	11.9019
338	3	that	3.79528
338	4	the	2.53449
338	5	nurse	15.3165
338	6	said	12.2185
338	7	the	4.51729
338	8	assistant	14.9162
338	9	knew	15.4004
338	10	she	7.06812
338	11	saw	9.41371
338	12	the	3.89315
338	13	old	10.6112
338	14	man	6.57065
338	15	should	9.20829
338	16	thank	14.8844
338	17	the	4.47359
338	18	tailor	16.7638
338	19	on	9.44771
338	20	the	3.74276
338	21	street	9.17811
338	22	.	2.25643
338	23	</s>	27.7468
339	1	they	6.37172
339	2	know	11.9019
339	3	who	7.38908
339	4	the	5.01207
339	5	nurse	14.9182
339	6	said	12.2185
339	7	the	4.51729
339	8	assistant	14.9162
339	9	knew	15.4004
339	10	she	7.06812
339	11	saw	9.41371
339	12	should	12.2976
339	13	thank	15.089
339	14	the	4.47359
339	15	tailor	16.7638
339	16	on	9.44771
339	17	the	3.74276
339	18	street	9.17811
339	19	.	2.25643
339	20	</s>	27.7468
340	1	they	6.37172
340	2	know	11.9019
340	3	who	7.38908
340	4	the	5.01207
340	5	nurse	14.9182
340	6	said	12.2185
340	7	the	4.51729
340	8	assistant	14.9162
340	9	knew	15.4004
340	10	she	7.06812
340	11	saw	9.41371
340	12	the	3.89315
340	13	old	10.6112
340	14	man	6.57065
340	15	should	9.20829
340	16	thank	14.8844
340	17	the	4.47359
340	18	tailor	16.7638
340	19	on	9.44771
340	20	the	3.74276
340	21	street	9.17811
340	22	.	2.25643
340	23	</s>	27.7468
341	1	she	6.52858
341	2	knows	11.9031
341	3	that	2.62183
341	4	did	9.99222
341	5	interrogate	23.3082
341	6	the	4.73332
341	7	criminal	12.7149
341	8	last	15.5787
341	9	night	6.976
341	10	.	2.66267
341	11	</s>	25.4592
342	1	she	6.52858
342	2	knows	11.9031
342	3	that	2.62183
342	4	the	3.70626
342	5	inspectors	17.1427
342	6	did	11.5276
342	7	interrogate	21.6016
342	8	the	4.73332
342	9	criminal	12.7149
342	10	last	15.5787
342	11	night	6.976
342	12	.	2.66267
342	13	</s>	25.4592
343	1	she	6.52858
343	2	knows	11.9031
343	3	who	6.14725
343	4	did	7.50207
343	5	interrogate	22.384
343	6	the	4.73332
343	7	criminal	12.7149
343	8	last	15.5787
343	9	night	6.976
343	10	.	2.66267
343	11	</s>	25.4592
344	1	she	6.52858
344	2	knows	11.9031
344	3	who	6.14725
344	4	the	3.6838
344	5	inspectors	16.6749
344	6	did	11.5276
344	7	interrogate	21.6016
344	8	the	4.73332
344	9	criminal	12.7149
344	10	last	15.5787
344	11	night	6.976
344	12	.	2.66267
344	13	</s>	25.4592
345	1	she	6.52858
345	2	knows	11.9031
345	3	that	2.62183
345	4	the	3.70626
345	5	police	9.69857
345	6	said	10.8045
345	7	did	12.7536
345	8	interrogate	21.3959
345	9	the	4.73332
345	10	criminal	12.7149
345	11	last	15.5787
345	12	night	6.976
345	13	.	2.66267
345	14	</s>	25.4592
346	1	she	6.52858
346	2	knows	11.9031
346	3	that	2.62183
346	4	the	3.70626
346	5	police	9.69857
346	6	said	10.8045
346	7	the	2.8321
346	8	inspectors	16.8576
346	9	did	11.5276
346	10	interrogate	21.6016
346	11	the	4.73332
346	12	criminal	12.7149
346	13	last	15.5787
346	14	night	6.976
346	15	.	2.66267
346	16	</s>	25.4592
347	1	she	6.52858
347	2	knows	11.9031
347	3	who	6.14725
347	4	the	3.6838
347	5	police	11.3625
347	6	said	10.1471
347	7	did	12.7536
347	8	interrogate	21.3959
347	9	the	4.73332
347	10	criminal	12.7149
347	11	last	15.5787
347	12	night	6.976
347	13	.	2.66267
347	14	</s>	25.4592
348	1	she	6.52858
348	2	knows	11.9031
348	3	who	6.14725
348	4	the	3.6838
348	5	police	11.3625
348	6	said	10.1471
348	7	the	2.8321
348	8	inspectors	16.8576
348	9	did	11.5276
348	10	interrogate	21.6016
348	11	the	4.73332
348	12	criminal	12.7149
348	13	last	15.5787
348	14	night	6.976
348	15	.	2.66267
348	16	</s>	25.4592
349	1	she	6.52858
349	2	knows	11.9031
349	3	that	2.62183
349	4	the	3.70626
349	5	police	9.69857
349	6	said	10.8045
349	7	the	2.8321
349	8	detective	14.6244
349	9	believed	13.7308
349	10	did	10.8099
349	11	interrogate	22.0373
349	12	the	4.73332
349	13	criminal	12.7149
349	14	last	15.5787
349	15	night	6.976
349	16	.	2.66267
349	17	</s>	25.4592
350	1	she	6.52858
350	2	knows	11.9031
350	3	that	2.62183
350	4	the	3.70626
350	5	police	9.69857
350	6	said	10.8045
350	7	the	2.8321
350	8	detective	14.6244
350	9	believed	13.7308
350	10	the	3.87627
350	11	inspectors	16.5574
350	12	did	11.5276
350	13	interrogate	21.6016
350	14	the	4.73332
350	15	criminal	12.7149
350	16	last	15.5787
350	17	night	6.976
350	18	.	2.66267
350	19	</s>	25.4592
351	1	she	6.52858
351	2	knows	11.9031
351	3	who	6.14725
351	4	the	3.6838
351	5	police	11.3625
351	6	said	10.1471
351	7	the	2.8321
351	8	detective	14.6244
351	9	believed	13.7308
351	10	did	10.8099
351	11	interrogate	22.0373
351	12	the	4.73332
351	13	criminal	12.7149
351	14	last	15.5787
351	15	night	6.976
351	16	.	2.66267
351	17	</s>	25.4592
352	1	she	6.52858
352	2	knows	11.9031
352	3	who	6.14725
352	4	the	3.6838
352	5	police	11.3625
352	6	said	10.1471
352	7	the	2.8321
352	8	detective	14.6244
352	9	believed	13.7308
352	10	the	3.87627
352	11	inspectors	16.5574
352	12	did	11.5276
352	13	interrogate	21.6016
352	14	the	4.73332
352	15	criminal	12.7149
352	16	last	15.5787
352	17	night	6.976
352	18	.	2.66267
352	19	</s>	25.4592
353	1	she	6.52858
353	2	knows	11.9031
353	3	that	2.62183
353	4	the	3.70626
353	5	police	9.69857
353	6	said	10.8045
353	7	the	2.8321
353	8	detective	14.6244
353	9	believed	13.7308
353	10	he	5.20607
353	11	thought	10.847
353	12	did	11.2299
353	13	interrogate	21.3959
353	14	the	4.73332
353	15	criminal	12.7149
353	16	last	15.5787
353	17	night	6.976
353	18	.	2.66267
353	19	</s>	25.4592
354	1	she	6.52858
354	2	knows	11.9031
354	3	that	2.62183
354	4	the	3.70626
354	5	police	9.69857
354	6	said	10.8045
354	7	the	2.8321
354	8	detective	14.6244
354	9	believed	13.7308
354	10	he	5.20607
354	11	thought	10.847
354	12	the	4.14874
354	13	inspectors	16.7329
354	14	did	11.5276
354	15	interrogate	21.6016
354	16	the	4.73332
354	17	criminal	12.7149
354	18	last	15.5787
354	19	night	6.976
354	20	.	2.66267
354	21	</s>	25.4592
355	1	she	6.52858
355	2	knows	11.9031
355	3	who	6.14725
355	4	the	3.6838
355	5	police	11.3625
355	6	said	10.1471
355	7	the	2.8321
355	8	detective	14.6244
355	9	believed	13.7308
355	10	he	5.20607
355	11	thought	10.847
355	12	did	11.2299
355	13	interrogate	21.3959
355	14	the	4.73332
355	15	criminal	12.7149
355	16	last	15.5787
355	17	night	6.976
355	18	.	2.66267
355	19	</s>	25.4592
356	1	she	6.52858
356	2	knows	11.9031
356	3	who	6.14725
356	4	the	3.6838
356	5	police	11.3625
356	6	said	10.1471
356	7	the	2.8321
356	8	detective	14.6244
356	9	believed	13.7308
356	10	he	5.20607
356	11	thought	10.847
356	12	the	4.14874
356	13	inspectors	16.7329
356	14	did	11.5276
356	15	interrogate	21.6016
356	16	the	4.73332
356	17	criminal	12.7149
356	18	last	15.5787
356	19	night	6.976
356	20	.	2.66267
356	21	</s>	25.4592
357	1	she	6.52858
357	2	knows	11.9031
357	3	that	2.62183
357	4	the	3.70626
357	5	police	9.69857
357	6	said	10.8045
357	7	the	2.8321
357	8	detective	14.6244
357	9	believed	13.7308
357	10	he	5.20607
357	11	thought	10.847
357	12	did	11.2299
357	13	interrogate	21.3959
357	14	the	4.73332
357	15	criminal	12.7149
357	16	last	15.5787
357	17	night	6.976
357	18	.	2.66267
357	19	</s>	25.4592
358	1	she	6.52858
358	2	knows	11.9031
358	3	that	2.62183
358	4	the	3.70626
358	5	police	9.69857
358	6	said	10.8045
358	7	the	2.8321
358	8	detective	14.6244
358	9	believed	13.7308
358	10	he	5.20607
358	11	thought	10.847
358	12	the	4.14874
358	13	inspectors	16.7329
358	14	did	11.5276
358	15	interrogate	21.6016
358	16	the	4.73332
358	17	criminal	12.7149
358	18	last	15.5787
358	19	night	6.976
358	20	.	2.66267
358	21	</s>	25.4592
359	1	she	6.52858
359	2	knows	11.9031
359	3	who	6.14725
359	4	the	3.6838
359	5	police	11.3625
359	6	said	10.1471
359	7	the	2.8321
359	8	detective	14.6244
359	9	believed	13.7308
359	10	he	5.20607
359	11	thought	10.847
359	12	did	11.2299
359	13	interrogate	21.3959
359	14	the	4.73332
359	15	criminal	12.7149
359	16	last	15.5787
359	17	night	6.976
359	18	.	2.66267
359	19	</s>	25.4592
360	1	she	6.52858
360	2	knows	11.9031
360	3	who	6.14725
360	4	the	3.6838
360	5	police	11.3625
360	6	said	10.1471
360	7	the	2.8321
360	8	detective	14.6244
360	9	believed	13.7308
360	10	he	5.20607
360	11	thought	10.847
360	12	the	4.14874
360	13	inspectors	16.7329
360	14	did	11.5276
360	15	interrogate	21.6016
360	16	the	4.73332
360	17	criminal	12.7149
360	18	last	15.5787
360	19	night	6.976
360	20	.	2.66267
360	21	</s>	25.4592
361	1	he	4.43708
361	2	knows	11.9494
361	3	that	2.7177
361	4	will	8.9133
361	5	wait	11.8416
361	6	for	2.30832
361	7	her	6.19056
361	8	friend	9.42551
361	9	at	8.09412
361	10	the	1.33585
361	11	bus	12.9409
361	12	stop	2.06733
361	13	.	4.39959
361	14	</s>	23.9738
362	1	he	4.43708
362	2	knows	11.9494
362	3	that	2.7177
362	4	the	3.64053
362	5	woman	10.5893
362	6	will	9.75551
362	7	wait	11.4228
362	8	for	2.30832
362	9	her	6.19056
362	10	friend	9.42551
362	11	at	8.09412
362	12	the	1.33585
362	13	bus	12.9409
362	14	stop	2.06733
362	15	.	4.39959
362	16	</s>	23.9738
363	1	he	4.43708
363	2	knows	11.9494
363	3	who	8.10265
363	4	will	8.29176
363	5	wait	11.6177
363	6	for	2.30832
363	7	her	6.19056
363	8	friend	9.42551
363	9	at	8.09412
363	10	the	1.33585
363	11	bus	12.9409
363	12	stop	2.06733
363	13	.	4.39959
363	14	</s>	23.9738
364	1	he	4.43708
364	2	knows	11.9494
364	3	who	8.10265
364	4	the	3.8854
364	5	woman	7.80189
364	6	will	10.2659
364	7	wait	11.4228
364	8	for	2.30832
364	9	her	6.19056
364	10	friend	9.42551
364	11	at	8.09412
364	12	the	1.33585
364	13	bus	12.9409
364	14	stop	2.06733
364	15	.	4.39959
364	16	</s>	23.9738
365	1	he	4.43708
365	2	knows	11.9494
365	3	that	2.7177
365	4	the	3.64053
365	5	man	9.63939
365	6	believed	13.6953
365	7	will	13.2461
365	8	wait	11.4517
365	9	for	2.30832
365	10	her	6.19056
365	11	friend	9.42551
365	12	at	8.09412
365	13	the	1.33585
365	14	bus	12.9409
365	15	stop	2.06733
365	16	.	4.39959
365	17	</s>	23.9738
366	1	he	4.43708
366	2	knows	11.9494
366	3	that	2.7177
366	4	the	3.64053
366	5	man	9.63939
366	6	believed	13.6953
366	7	the	3.87627
366	8	woman	12.2588
366	9	will	9.5943
366	10	wait	11.4228
366	11	for	2.30832
366	12	her	6.19056
366	13	friend	9.42551
366	14	at	8.09412
366	15	the	1.33585
366	16	bus	12.9409
366	17	stop	2.06733
366	18	.	4.39959
366	19	</s>	23.9738
367	1	he	4.43708
367	2	knows	11.9494
367	3	who	8.10265
367	4	the	3.8854
367	5	man	6.8914
367	6	believed	13.607
367	7	will	13.2461
367	8	wait	11.4517
367	9	for	2.30832
367	10	her	6.19056
367	11	friend	9.42551
367	12	at	8.09412
367	13	the	1.33585
367	14	bus	12.9409
367	15	stop	2.06733
367	16	.	4.39959
367	17	</s>	23.9738
368	1	he	4.43708
368	2	knows	11.9494
368	3	who	8.10265
368	4	the	3.8854
368	5	man	6.8914
368	6	believed	13.607
368	7	the	3.87627
368	8	woman	12.2588
368	9	will	9.5943
368	10	wait	11.4228
368	11	for	2.30832
368	12	her	6.19056
368	13	friend	9.42551
368	14	at	8.09412
368	15	the	1.33585
368	16	bus	12.9409
368	17	stop	2.06733
368	18	.	4.39959
368	19	</s>	23.9738
369	1	he	4.43708
369	2	knows	11.9494
369	3	that	2.7177
369	4	the	3.64053
369	5	man	9.63939
369	6	believed	13.6953
369	7	the	3.87627
369	8	he	15.2568
369	9	concluded	11.5515
369	10	will	13.2284
369	11	wait	11.4517
369	12	for	2.30832
369	13	her	6.19056
369	14	friend	9.42551
369	15	at	8.09412
369	16	the	1.33585
369	17	bus	12.9409
369	18	stop	2.06733
369	19	.	4.39959
369	20	</s>	23.9738
370	1	he	4.43708
370	2	knows	11.9494
370	3	that	2.7177
370	4	the	3.64053
370	5	man	9.63939
370	6	believed	13.6953
370	7	the	3.87627
370	8	he	15.2568
370	9	concluded	11.5515
370	10	the	5.55827
370	11	woman	12.2709
370	12	will	9.5943
370	13	wait	11.4228
370	14	for	2.30832
370	15	her	6.19056
370	16	friend	9.42551
370	17	at	8.09412
370	18	the	1.33585
370	19	bus	12.9409
370	20	stop	2.06733
370	21	.	4.39959
370	22	</s>	23.9738
371	1	he	4.43708
371	2	knows	11.9494
371	3	who	8.10265
371	4	the	3.8854
371	5	man	6.8914
371	6	believed	13.607
371	7	the	3.87627
371	8	he	15.2568
371	9	concluded	11.5515
371	10	will	13.2284
371	11	wait	11.4517
371	12	for	2.30832
371	13	her	6.19056
371	14	friend	9.42551
371	15	at	8.09412
371	16	the	1.33585
371	17	bus	12.9409
371	18	stop	2.06733
371	19	.	4.39959
371	20	</s>	23.9738
372	1	he	4.43708
372	2	knows	11.9494
372	3	who	8.10265
372	4	the	3.8854
372	5	man	6.8914
372	6	believed	13.607
372	7	the	3.87627
372	8	he	15.2568
372	9	concluded	11.5515
372	10	the	5.55827
372	11	woman	12.2709
372	12	will	9.5943
372	13	wait	11.4228
372	14	for	2.30832
372	15	her	6.19056
372	16	friend	9.42551
372	17	at	8.09412
372	18	the	1.33585
372	19	bus	12.9409
372	20	stop	2.06733
372	21	.	4.39959
372	22	</s>	23.9738
373	1	he	4.43708
373	2	knows	11.9494
373	3	that	2.7177
373	4	the	3.64053
373	5	man	9.63939
373	6	believed	13.6953
373	7	the	3.87627
373	8	he	15.2568
373	9	concluded	11.5515
373	10	his	3.33433
373	11	neighbors	12.6393
373	12	had	10.8125
373	13	said	9.38367
373	14	will	10.8679
373	15	wait	11.4675
373	16	for	2.30832
373	17	her	6.19056
373	18	friend	9.42551
373	19	at	8.09412
373	20	the	1.33585
373	21	bus	12.9409
373	22	stop	2.06733
373	23	.	4.39959
373	24	</s>	23.9738
374	1	he	4.43708
374	2	knows	11.9494
374	3	that	2.7177
374	4	the	3.64053
374	5	man	9.63939
374	6	believed	13.6953
374	7	the	3.87627
374	8	he	15.2568
374	9	concluded	11.5515
374	10	his	3.33433
374	11	neighbors	12.6393
374	12	had	10.8125
374	13	said	9.38367
374	14	the	5.02937
374	15	woman	12.5589
374	16	will	9.5943
374	17	wait	11.4228
374	18	for	2.30832
374	19	her	6.19056
374	20	friend	9.42551
374	21	at	8.09412
374	22	the	1.33585
374	23	bus	12.9409
374	24	stop	2.06733
374	25	.	4.39959
374	26	</s>	23.9738
375	1	he	4.43708
375	2	knows	11.9494
375	3	who	8.10265
375	4	the	3.8854
375	5	man	6.8914
375	6	believed	13.607
375	7	the	3.87627
375	8	he	15.2568
375	9	concluded	11.5515
375	10	his	3.33433
375	11	neighbors	12.6393
375	12	had	10.8125
375	13	said	9.38367
375	14	will	10.8679
375	15	wait	11.4675
375	16	for	2.30832
375	17	her	6.19056
375	18	friend	9.42551
375	19	at	8.09412
375	20	the	1.33585
375	21	bus	12.9409
375	22	stop	2.06733
375	23	.	4.39959
375	24	</s>	23.9738
376	1	he	4.43708
376	2	knows	11.9494
376	3	who	8.10265
376	4	the	3.8854
376	5	man	6.8914
376	6	believed	13.607
376	7	the	3.87627
376	8	he	15.2568
376	9	concluded	11.5515
376	10	his	3.33433
376	11	neighbors	12.6393
376	12	had	10.8125
376	13	said	9.38367
376	14	the	5.02937
376	15	woman	12.5589
376	16	will	9.5943
376	17	wait	11.4228
376	18	for	2.30832
376	19	her	6.19056
376	20	friend	9.42551
376	21	at	8.09412
376	22	the	1.33585
376	23	bus	12.9409
376	24	stop	2.06733
376	25	.	4.39959
376	26	</s>	23.9738
377	1	he	4.43708
377	2	knows	11.9494
377	3	that	2.7177
377	4	the	3.64053
377	5	man	9.63939
377	6	believed	13.6953
377	7	the	3.87627
377	8	he	15.2568
377	9	concluded	11.5515
377	10	his	3.33433
377	11	neighbors	12.6393
377	12	had	10.8125
377	13	said	9.38367
377	14	will	10.8679
377	15	wait	11.4675
377	16	for	2.30832
377	17	her	6.19056
377	18	friend	9.42551
377	19	at	8.09412
377	20	the	1.33585
377	21	bus	12.9409
377	22	stop	2.06733
377	23	.	4.39959
377	24	</s>	23.9738
378	1	he	4.43708
378	2	knows	11.9494
378	3	that	2.7177
378	4	the	3.64053
378	5	man	9.63939
378	6	believed	13.6953
378	7	the	3.87627
378	8	he	15.2568
378	9	concluded	11.5515
378	10	his	3.33433
378	11	neighbors	12.6393
378	12	had	10.8125
378	13	said	9.38367
378	14	the	5.02937
378	15	woman	12.5589
378	16	will	9.5943
378	17	wait	11.4228
378	18	for	2.30832
378	19	her	6.19056
378	20	friend	9.42551
378	21	at	8.09412
378	22	the	1.33585
378	23	bus	12.9409
378	24	stop	2.06733
378	25	.	4.39959
378	26	</s>	23.9738
379	1	he	4.43708
379	2	knows	11.9494
379	3	who	8.10265
379	4	the	3.8854
379	5	man	6.8914
379	6	believed	13.607
379	7	the	3.87627
379	8	he	15.2568
379	9	concluded	11.5515
379	10	his	3.33433
379	11	neighbors	12.6393
379	12	had	10.8125
379	13	said	9.38367
379	14	will	10.8679
379	15	wait	11.4675
379	16	for	2.30832
379	17	her	6.19056
379	18	friend	9.42551
379	19	at	8.09412
379	20	the	1.33585
379	21	bus	12.9409
379	22	stop	2.06733
379	23	.	4.39959
379	24	</s>	23.9738
380	1	he	4.43708
380	2	knows	11.9494
380	3	who	8.10265
380	4	the	3.8854
380	5	man	6.8914
380	6	believed	13.607
380	7	the	3.87627
380	8	he	15.2568
380	9	concluded	11.5515
380	10	his	3.33433
380	11	neighbors	12.6393
380	12	had	10.8125
380	13	said	9.38367
380	14	the	5.02937
380	15	woman	12.5589
380	16	will	9.5943
380	17	wait	11.4228
380	18	for	2.30832
380	19	her	6.19056
380	20	friend	9.42551
380	21	at	8.09412
380	22	the	1.33585
380	23	bus	12.9409
380	24	stop	2.06733
380	25	.	4.39959
380	26	</s>	23.9738
381	1	you	11.5115
381	2	know	4.15838
381	3	that	6.24274
381	4	should	10.6911
381	5	introduce	15.9247
381	6	his	9.52438
381	7	friends	9.53374
381	8	to	4.68987
381	9	his	5.8277
381	10	family	6.59809
381	11	.	2.48781
381	12	</s>	27.279
382	1	you	11.5115
382	2	know	4.15838
382	3	that	6.24274
382	4	the	3.3901
382	5	man	9.65412
382	6	should	6.9057
382	7	introduce	14.8653
382	8	his	9.52438
382	9	friends	9.53374
382	10	to	4.68987
382	11	his	5.8277
382	12	family	6.59809
382	13	.	2.48781
382	14	</s>	27.279
383	1	you	11.5115
383	2	know	4.15838
383	3	who	5.97772
383	4	should	10.282
383	5	introduce	15.4139
383	6	his	9.52438
383	7	friends	9.53374
383	8	to	4.68987
383	9	his	5.8277
383	10	family	6.59809
383	11	.	2.48781
383	12	</s>	27.279
384	1	you	11.5115
384	2	know	4.15838
384	3	who	5.97772
384	4	the	5.26981
384	5	man	6.97564
384	6	should	10.0278
384	7	introduce	14.8653
384	8	his	9.52438
384	9	friends	9.53374
384	10	to	4.68987
384	11	his	5.8277
384	12	family	6.59809
384	13	.	2.48781
384	14	</s>	27.279
385	1	you	11.5115
385	2	know	4.15838
385	3	that	6.24274
385	4	the	3.3901
385	5	woman	10.6041
385	6	said	9.96008
385	7	should	12.7941
385	8	introduce	15.5081
385	9	his	9.52438
385	10	friends	9.53374
385	11	to	4.68987
385	12	his	5.8277
385	13	family	6.59809
385	14	.	2.48781
385	15	</s>	27.279
386	1	you	11.5115
386	2	know	4.15838
386	3	that	6.24274
386	4	the	3.3901
386	5	woman	10.6041
386	6	said	9.96008
386	7	the	4.76385
386	8	man	9.44883
386	9	should	9.6055
386	10	introduce	14.8653
386	11	his	9.52438
386	12	friends	9.53374
386	13	to	4.68987
386	14	his	5.8277
386	15	family	6.59809
386	16	.	2.48781
386	17	</s>	27.279
387	1	you	11.5115
387	2	know	4.15838
387	3	who	5.97772
387	4	the	5.26981
387	5	woman	7.88614
387	6	said	10.4705
387	7	should	12.7941
387	8	introduce	15.5081
387	9	his	9.52438
387	10	friends	9.53374
387	11	to	4.68987
387	12	his	5.8277
387	13	family	6.59809
387	14	.	2.48781
387	15	</s>	27.279
388	1	you	11.5115
388	2	know	4.15838
388	3	who	5.97772
388	4	the	5.26981
388	5	woman	7.88614
388	6	said	10.4705
388	7	the	4.76385
388	8	man	9.44883
388	9	should	9.6055
388	10	introduce	14.8653
388	11	his	9.52438
388	12	friends	9.53374
388	13	to	4.68987
388	14	his	5.8277
388	15	family	6.59809
388	16	.	2.48781
388	17	</s>	27.279
389	1	you	11.5115
389	2	know	4.15838
389	3	that	6.24274
389	4	the	3.3901
389	5	woman	10.6041
389	6	said	9.96008
389	7	the	4.76385
389	8	neighbor	15.8964
389	9	thought	13.6555
389	10	should	10.4781
389	11	introduce	15.0103
389	12	his	9.52438
389	13	friends	9.53374
389	14	to	4.68987
389	15	his	5.8277
389	16	family	6.59809
389	17	.	2.48781
389	18	</s>	27.279
390	1	you	11.5115
390	2	know	4.15838
390	3	that	6.24274
390	4	the	3.3901
390	5	woman	10.6041
390	6	said	9.96008
390	7	the	4.76385
390	8	neighbor	15.8964
390	9	thought	13.6555
390	10	the	4.36895
390	11	man	11.4918
390	12	should	9.6055
390	13	introduce	14.8653
390	14	his	9.52438
390	15	friends	9.53374
390	16	to	4.68987
390	17	his	5.8277
390	18	family	6.59809
390	19	.	2.48781
390	20	</s>	27.279
391	1	you	11.5115
391	2	know	4.15838
391	3	who	5.97772
391	4	the	5.26981
391	5	woman	7.88614
391	6	said	10.4705
391	7	the	4.76385
391	8	neighbor	15.8964
391	9	thought	13.6555
391	10	should	10.4781
391	11	introduce	15.0103
391	12	his	9.52438
391	13	friends	9.53374
391	14	to	4.68987
391	15	his	5.8277
391	16	family	6.59809
391	17	.	2.48781
391	18	</s>	27.279
392	1	you	11.5115
392	2	know	4.15838
392	3	who	5.97772
392	4	the	5.26981
392	5	woman	7.88614
392	6	said	10.4705
392	7	the	4.76385
392	8	neighbor	15.8964
392	9	thought	13.6555
392	10	the	4.36895
392	11	man	11.4918
392	12	should	9.6055
392	13	introduce	14.8653
392	14	his	9.52438
392	15	friends	9.53374
392	16	to	4.68987
392	17	his	5.8277
392	18	family	6.59809
392	19	.	2.48781
392	20	</s>	27.279
393	1	you	11.5115
393	2	know	4.15838
393	3	that	6.24274
393	4	the	3.3901
393	5	woman	10.6041
393	6	said	9.96008
393	7	the	4.76385
393	8	neighbor	15.8964
393	9	thought	13.6555
393	10	he	5.15677
393	11	recalled	12.7271
393	12	should	12.6326
393	13	introduce	15.089
393	14	his	9.52438
393	15	friends	9.53374
393	16	to	4.68987
393	17	his	5.8277
393	18	family	6.59809
393	19	.	2.48781
393	20	</s>	27.279
394	1	you	11.5115
394	2	know	4.15838
394	3	that	6.24274
394	4	the	3.3901
394	5	woman	10.6041
394	6	said	9.96008
394	7	the	4.76385
394	8	neighbor	15.8964
394	9	thought	13.6555
394	10	he	5.15677
394	11	recalled	12.7271
394	12	the	2.9113
394	13	man	11.3432
394	14	should	9.6055
394	15	introduce	14.8653
394	16	his	9.52438
394	17	friends	9.53374
394	18	to	4.68987
394	19	his	5.8277
394	20	family	6.59809
394	21	.	2.48781
394	22	</s>	27.279
395	1	you	11.5115
395	2	know	4.15838
395	3	who	5.97772
395	4	the	5.26981
395	5	woman	7.88614
395	6	said	10.4705
395	7	the	4.76385
395	8	neighbor	15.8964
395	9	thought	13.6555
395	10	he	5.15677
395	11	recalled	12.7271
395	12	should	12.6326
395	13	introduce	15.089
395	14	his	9.52438
395	15	friends	9.53374
395	16	to	4.68987
395	17	his	5.8277
395	18	family	6.59809
395	19	.	2.48781
395	20	</s>	27.279
396	1	you	11.5115
396	2	know	4.15838
396	3	who	5.97772
396	4	the	5.26981
396	5	woman	7.88614
396	6	said	10.4705
396	7	the	4.76385
396	8	neighbor	15.8964
396	9	thought	13.6555
396	10	he	5.15677
396	11	recalled	12.7271
396	12	the	2.9113
396	13	man	11.3432
396	14	should	9.6055
396	15	introduce	14.8653
396	16	his	9.52438
396	17	friends	9.53374
396	18	to	4.68987
396	19	his	5.8277
396	20	family	6.59809
396	21	.	2.48781
396	22	</s>	27.279
397	1	you	11.5115
397	2	know	4.15838
397	3	that	6.24274
397	4	the	3.3901
397	5	woman	10.6041
397	6	said	9.96008
397	7	the	4.76385
397	8	neighbor	15.8964
397	9	thought	13.6555
397	10	he	5.15677
397	11	recalled	12.7271
397	12	should	12.6326
397	13	introduce	15.089
397	14	his	9.52438
397	15	friends	9.53374
397	16	to	4.68987
397	17	his	5.8277
397	18	family	6.59809
397	19	.	2.48781
397	20	</s>	27.279
398	1	you	11.5115
398	2	know	4.15838
398	3	that	6.24274
398	4	the	3.3901
398	5	woman	10.6041
398	6	said	9.96008
398	7	the	4.76385
398	8	neighbor	15.8964
398	9	thought	13.6555
398	10	he	5.15677
398	11	recalled	12.7271
398	12	the	2.9113
398	13	man	11.3432
398	14	should	9.6055
398	15	introduce	14.8653
398	16	his	9.52438
398	17	friends	9.53374
398	18	to	4.68987
398	19	his	5.8277
398	20	family	6.59809
398	21	.	2.48781
398	22	</s>	27.279
399	1	you	11.5115
399	2	know	4.15838
399	3	who	5.97772
399	4	the	5.26981
399	5	woman	7.88614
399	6	said	10.4705
399	7	the	4.76385
399	8	neighbor	15.8964
399	9	thought	13.6555
399	10	he	5.15677
399	11	recalled	12.7271
399	12	should	12.6326
399	13	introduce	15.089
399	14	his	9.52438
399	15	friends	9.53374
399	16	to	4.68987
399	17	his	5.8277
399	18	family	6.59809
399	19	.	2.48781
399	20	</s>	27.279
400	1	you	11.5115
400	2	know	4.15838
400	3	who	5.97772
400	4	the	5.26981
400	5	woman	7.88614
400	6	said	10.4705
400	7	the	4.76385
400	8	neighbor	15.8964
400	9	thought	13.6555
400	10	he	5.15677
400	11	recalled	12.7271
400	12	the	2.9113
400	13	man	11.3432
400	14	should	9.6055
400	15	introduce	14.8653
400	16	his	9.52438
400	17	friends	9.53374
400	18	to	4.68987
400	19	his	5.8277
400	20	family	6.59809
400	21	.	2.48781
400	22	</s>	27.279
401	1	i	8.92268
401	2	know	6.35939
401	3	that	3.01867
401	4	might	9.81373
401	5	congratulate	21.7984
401	6	the	7.13554
401	7	athletes	14.7164
401	8	over	11.3167
401	9	lunch	11.8105
401	10	.	3.78694
401	11	</s>	22.8395
402	1	i	8.92268
402	2	know	6.35939
402	3	that	3.01867
402	4	the	4.26664
402	5	president	9.40609
402	6	might	10.5936
402	7	congratulate	21.2039
402	8	the	7.13554
402	9	athletes	14.7164
402	10	over	11.3167
402	11	lunch	11.8105
402	12	.	3.78694
402	13	</s>	22.8395
403	1	i	8.92268
403	2	know	6.35939
403	3	who	6.55265
403	4	might	9.15238
403	5	congratulate	21.5523
403	6	the	7.13554
403	7	athletes	14.7164
403	8	over	11.3167
403	9	lunch	11.8105
403	10	.	3.78694
403	11	</s>	22.8395
404	1	i	8.92268
404	2	know	6.35939
404	3	who	6.55265
404	4	the	5.15736
404	5	president	6.97564
404	6	might	10.0032
404	7	congratulate	21.2039
404	8	the	7.13554
404	9	athletes	14.7164
404	10	over	11.3167
404	11	lunch	11.8105
404	12	.	3.78694
404	13	</s>	22.8395
405	1	i	8.92268
405	2	know	6.35939
405	3	that	3.01867
405	4	the	4.26664
405	5	coach	14.3806
405	6	said	12.0639
405	7	might	13.6667
405	8	congratulate	21.2039
405	9	the	7.13554
405	10	athletes	14.7164
405	11	over	11.3167
405	12	lunch	11.8105
405	13	.	3.78694
405	14	</s>	22.8395
406	1	i	8.92268
406	2	know	6.35939
406	3	that	3.01867
406	4	the	4.26664
406	5	coach	14.3806
406	6	said	12.0639
406	7	the	4.51729
406	8	president	9.44883
406	9	might	10.0032
406	10	congratulate	21.2039
406	11	the	7.13554
406	12	athletes	14.7164
406	13	over	11.3167
406	14	lunch	11.8105
406	15	.	3.78694
406	16	</s>	22.8395
407	1	i	8.92268
407	2	know	6.35939
407	3	who	6.55265
407	4	the	5.15736
407	5	coach	13.9823
407	6	said	12.0639
407	7	might	13.6667
407	8	congratulate	21.2039
407	9	the	7.13554
407	10	athletes	14.7164
407	11	over	11.3167
407	12	lunch	11.8105
407	13	.	3.78694
407	14	</s>	22.8395
408	1	i	8.92268
408	2	know	6.35939
408	3	who	6.55265
408	4	the	5.15736
408	5	coach	13.9823
408	6	said	12.0639
408	7	the	4.51729
408	8	president	9.44883
408	9	might	10.0032
408	10	congratulate	21.2039
408	11	the	7.13554
408	12	athletes	14.7164
408	13	over	11.3167
408	14	lunch	11.8105
408	15	.	3.78694
408	16	</s>	22.8395
409	1	i	8.92268
409	2	know	6.35939
409	3	that	3.01867
409	4	the	4.26664
409	5	coach	14.3806
409	6	said	12.0639
409	7	the	4.51729
409	8	assistant	14.9162
409	9	believed	14.2778
409	10	might	13.2461
409	11	congratulate	21.2039
409	12	the	7.13554
409	13	athletes	14.7164
409	14	over	11.3167
409	15	lunch	11.8105
409	16	.	3.78694
409	17	</s>	22.8395
410	1	i	8.92268
410	2	know	6.35939
410	3	that	3.01867
410	4	the	4.26664
410	5	coach	14.3806
410	6	said	12.0639
410	7	the	4.51729
410	8	assistant	14.9162
410	9	believed	14.2778
410	10	the	3.87627
410	11	president	10.9017
410	12	might	10.0032
410	13	congratulate	21.2039
410	14	the	7.13554
410	15	athletes	14.7164
410	16	over	11.3167
410	17	lunch	11.8105
410	18	.	3.78694
410	19	</s>	22.8395
411	1	i	8.92268
411	2	know	6.35939
411	3	who	6.55265
411	4	the	5.15736
411	5	coach	13.9823
411	6	said	12.0639
411	7	the	4.51729
411	8	assistant	14.9162
411	9	believed	14.2778
411	10	might	13.2461
411	11	congratulate	21.2039
411	12	the	7.13554
411	13	athletes	14.7164
411	14	over	11.3167
411	15	lunch	11.8105
411	16	.	3.78694
411	17	</s>	22.8395
412	1	i	8.92268
412	2	know	6.35939
412	3	who	6.55265
412	4	the	5.15736
412	5	coach	13.9823
412	6	said	12.0639
412	7	the	4.51729
412	8	assistant	14.9162
412	9	believed	14.2778
412	10	the	3.87627
412	11	president	10.9017
412	12	might	10.0032
412	13	congratulate	21.2039
412	14	the	7.13554
412	15	athletes	14.7164
412	16	over	11.3167
412	17	lunch	11.8105
412	18	.	3.78694
412	19	</s>	22.8395
413	1	i	8.92268
413	2	know	6.35939
413	3	that	3.01867
413	4	the	4.26664
413	5	coach	14.3806
413	6	said	12.0639
413	7	the	4.51729
413	8	assistant	14.9162
413	9	believed	14.2778
413	10	he	5.20607
413	11	remembered	13.0071
413	12	might	12.878
413	13	congratulate	21.2039
413	14	the	7.13554
413	15	athletes	14.7164
413	16	over	11.3167
413	17	lunch	11.8105
413	18	.	3.78694
413	19	</s>	22.8395
414	1	i	8.92268
414	2	know	6.35939
414	3	that	3.01867
414	4	the	4.26664
414	5	coach	14.3806
414	6	said	12.0639
414	7	the	4.51729
414	8	assistant	14.9162
414	9	believed	14.2778
414	10	he	5.20607
414	11	remembered	13.0071
414	12	the	4.50957
414	13	president	10.7489
414	14	might	10.0032
414	15	congratulate	21.2039
414	16	the	7.13554
414	17	athletes	14.7164
414	18	over	11.3167
414	19	lunch	11.8105
414	20	.	3.78694
414	21	</s>	22.8395
415	1	i	8.92268
415	2	know	6.35939
415	3	who	6.55265
415	4	the	5.15736
415	5	coach	13.9823
415	6	said	12.0639
415	7	the	4.51729
415	8	assistant	14.9162
415	9	believed	14.2778
415	10	he	5.20607
415	11	remembered	13.0071
415	12	might	12.878
415	13	congratulate	21.2039
415	14	the	7.13554
415	15	athletes	14.7164
415	16	over	11.3167
415	17	lunch	11.8105
415	18	.	3.78694
415	19	</s>	22.8395
416	1	i	8.92268
416	2	know	6.35939
416	3	who	6.55265
416	4	the	5.15736
416	5	coach	13.9823
416	6	said	12.0639
416	7	the	4.51729
416	8	assistant	14.9162
416	9	believed	14.2778
416	10	he	5.20607
416	11	remembered	13.0071
416	12	the	4.50957
416	13	president	10.7489
416	14	might	10.0032
416	15	congratulate	21.2039
416	16	the	7.13554
416	17	athletes	14.7164
416	18	over	11.3167
416	19	lunch	11.8105
416	20	.	3.78694
416	21	</s>	22.8395
417	1	i	8.92268
417	2	know	6.35939
417	3	that	3.01867
417	4	the	4.26664
417	5	coach	14.3806
417	6	said	12.0639
417	7	the	4.51729
417	8	assistant	14.9162
417	9	believed	14.2778
417	10	he	5.20607
417	11	remembered	13.0071
417	12	might	12.878
417	13	congratulate	21.2039
417	14	the	7.13554
417	15	athletes	14.7164
417	16	over	11.3167
417	17	lunch	11.8105
417	18	.	3.78694
417	19	</s>	22.8395
418	1	i	8.92268
418	2	know	6.35939
418	3	that	3.01867
418	4	the	4.26664
418	5	coach	14.3806
418	6	said	12.0639
418	7	the	4.51729
418	8	assistant	14.9162
418	9	believed	14.2778
418	10	he	5.20607
418	11	remembered	13.0071
418	12	the	4.50957
418	13	president	10.7489
418	14	might	10.0032
418	15	congratulate	21.2039
418	16	the	7.13554
418	17	athletes	14.7164
418	18	over	11.3167
418	19	lunch	11.8105
418	20	.	3.78694
418	21	</s>	22.8395
419	1	i	8.92268
419	2	know	6.35939
419	3	who	6.55265
419	4	the	5.15736
419	5	coach	13.9823
419	6	said	12.0639
419	7	the	4.51729
419	8	assistant	14.9162
419	9	believed	14.2778
419	10	he	5.20607
419	11	remembered	13.0071
419	12	might	12.878
419	13	congratulate	21.2039
419	14	the	7.13554
419	15	athletes	14.7164
419	16	over	11.3167
419	17	lunch	11.8105
419	18	.	3.78694
419	19	</s>	22.8395
420	1	i	8.92268
420	2	know	6.35939
420	3	who	6.55265
420	4	the	5.15736
420	5	coach	13.9823
420	6	said	12.0639
420	7	the	4.51729
420	8	assistant	14.9162
420	9	believed	14.2778
420	10	he	5.20607
420	11	remembered	13.0071
420	12	the	4.50957
420	13	president	10.7489
420	14	might	10.0032
420	15	congratulate	21.2039
420	16	the	7.13554
420	17	athletes	14.7164
420	18	over	11.3167
420	19	lunch	11.8105
420	20	.	3.78694
420	21	</s>	22.8395
421	1	you	11.5115
421	2	know	4.15838
421	3	that	6.24274
421	4	did	9.70209
421	5	support	9.28146
421	6	the	1.24714
421	7	candidate	10.7604
421	8	last	15.0438
421	9	year	6.09731
421	10	.	3.19119
421	11	</s>	26.3523
422	1	you	11.5115
422	2	know	4.15838
422	3	that	6.24274
422	4	the	3.3901
422	5	millionaire	17.2873
422	6	did	11.2071
422	7	support	10.5376
422	8	the	1.24714
422	9	candidate	10.7604
422	10	last	15.0438
422	11	year	6.09731
422	12	.	3.19119
422	13	</s>	26.3523
423	1	you	11.5115
423	2	know	4.15838
423	3	who	5.97772
423	4	did	6.86911
423	5	support	12.012
423	6	the	1.24714
423	7	candidate	10.7604
423	8	last	15.0438
423	9	year	6.09731
423	10	.	3.19119
423	11	</s>	26.3523
424	1	you	11.5115
424	2	know	4.15838
424	3	who	5.97772
424	4	the	5.26981
424	5	millionaire	16.889
424	6	did	11.2071
424	7	support	10.5376
424	8	the	1.24714
424	9	candidate	10.7604
424	10	last	15.0438
424	11	year	6.09731
424	12	.	3.19119
424	13	</s>	26.3523
425	1	you	11.5115
425	2	know	4.15838
425	3	that	6.24274
425	4	the	3.3901
425	5	lobbyist	20.0026
425	6	believed	13.6124
425	7	did	10.8099
425	8	support	10.9733
425	9	the	1.24714
425	10	candidate	10.7604
425	11	last	15.0438
425	12	year	6.09731
425	13	.	3.19119
425	14	</s>	26.3523
426	1	you	11.5115
426	2	know	4.15838
426	3	that	6.24274
426	4	the	3.3901
426	5	lobbyist	20.0026
426	6	believed	13.6124
426	7	the	3.87627
426	8	millionaire	16.6873
426	9	did	11.2071
426	10	support	10.5376
426	11	the	1.24714
426	12	candidate	10.7604
426	13	last	15.0438
426	14	year	6.09731
426	15	.	3.19119
426	16	</s>	26.3523
427	1	you	11.5115
427	2	know	4.15838
427	3	who	5.97772
427	4	the	5.26981
427	5	lobbyist	19.6043
427	6	believed	13.6124
427	7	did	10.8099
427	8	support	10.9733
427	9	the	1.24714
427	10	candidate	10.7604
427	11	last	15.0438
427	12	year	6.09731
427	13	.	3.19119
427	14	</s>	26.3523
428	1	you	11.5115
428	2	know	4.15838
428	3	who	5.97772
428	4	the	5.26981
428	5	lobbyist	19.6043
428	6	believed	13.6124
428	7	the	3.87627
428	8	millionaire	16.6873
428	9	did	11.2071
428	10	support	10.5376
428	11	the	1.24714
428	12	candidate	10.7604
428	13	last	15.0438
428	14	year	6.09731
428	15	.	3.19119
428	16	</s>	26.3523
429	1	you	11.5115
429	2	know	4.15838
429	3	that	6.24274
429	4	the	3.3901
429	5	lobbyist	20.0026
429	6	believed	13.6124
429	7	the	3.87627
429	8	secretary	12.8324
429	9	said	11.3299
429	10	did	12.5476
429	11	support	10.3319
429	12	the	1.24714
429	13	candidate	10.7604
429	14	last	15.0438
429	15	year	6.09731
429	16	.	3.19119
429	17	</s>	26.3523
430	1	you	11.5115
430	2	know	4.15838
430	3	that	6.24274
430	4	the	3.3901
430	5	lobbyist	20.0026
430	6	believed	13.6124
430	7	the	3.87627
430	8	secretary	12.8324
430	9	said	11.3299
430	10	the	4.51729
430	11	millionaire	16.9874
430	12	did	11.2071
430	13	support	10.5376
430	14	the	1.24714
430	15	candidate	10.7604
430	16	last	15.0438
430	17	year	6.09731
430	18	.	3.19119
430	19	</s>	26.3523
431	1	you	11.5115
431	2	know	4.15838
431	3	who	5.97772
431	4	the	5.26981
431	5	lobbyist	19.6043
431	6	believed	13.6124
431	7	the	3.87627
431	8	secretary	12.8324
431	9	said	11.3299
431	10	did	12.5476
431	11	support	10.3319
431	12	the	1.24714
431	13	candidate	10.7604
431	14	last	15.0438
431	15	year	6.09731
431	16	.	3.19119
431	17	</s>	26.3523
432	1	you	11.5115
432	2	know	4.15838
432	3	who	5.97772
432	4	the	5.26981
432	5	lobbyist	19.6043
432	6	believed	13.6124
432	7	the	3.87627
432	8	secretary	12.8324
432	9	said	11.3299
432	10	the	4.51729
432	11	millionaire	16.9874
432	12	did	11.2071
432	13	support	10.5376
432	14	the	1.24714
432	15	candidate	10.7604
432	16	last	15.0438
432	17	year	6.09731
432	18	.	3.19119
432	19	</s>	26.3523
433	1	you	11.5115
433	2	know	4.15838
433	3	that	6.24274
433	4	the	3.3901
433	5	lobbyist	20.0026
433	6	believed	13.6124
433	7	the	3.87627
433	8	secretary	12.8324
433	9	said	11.3299
433	10	she	5.98673
433	11	saw	7.50094
433	12	did	11.8112
433	13	support	10.5376
433	14	the	1.24714
433	15	candidate	10.7604
433	16	last	15.0438
433	17	year	6.09731
433	18	.	3.19119
433	19	</s>	26.3523
434	1	you	11.5115
434	2	know	4.15838
434	3	that	6.24274
434	4	the	3.3901
434	5	lobbyist	20.0026
434	6	believed	13.6124
434	7	the	3.87627
434	8	secretary	12.8324
434	9	said	11.3299
434	10	she	5.98673
434	11	saw	7.50094
434	12	the	3.89315
434	13	millionaire	17.2508
434	14	did	11.2071
434	15	support	10.5376
434	16	the	1.24714
434	17	candidate	10.7604
434	18	last	15.0438
434	19	year	6.09731
434	20	.	3.19119
434	21	</s>	26.3523
435	1	you	11.5115
435	2	know	4.15838
435	3	who	5.97772
435	4	the	5.26981
435	5	lobbyist	19.6043
435	6	believed	13.6124
435	7	the	3.87627
435	8	secretary	12.8324
435	9	said	11.3299
435	10	she	5.98673
435	11	saw	7.50094
435	12	did	11.8112
435	13	support	10.5376
435	14	the	1.24714
435	15	candidate	10.7604
435	16	last	15.0438
435	17	year	6.09731
435	18	.	3.19119
435	19	</s>	26.3523
436	1	you	11.5115
436	2	know	4.15838
436	3	who	5.97772
436	4	the	5.26981
436	5	lobbyist	19.6043
436	6	believed	13.6124
436	7	the	3.87627
436	8	secretary	12.8324
436	9	said	11.3299
436	10	she	5.98673
436	11	saw	7.50094
436	12	the	3.89315
436	13	millionaire	17.2508
436	14	did	11.2071
436	15	support	10.5376
436	16	the	1.24714
436	17	candidate	10.7604
436	18	last	15.0438
436	19	year	6.09731
436	20	.	3.19119
436	21	</s>	26.3523
437	1	you	11.5115
437	2	know	4.15838
437	3	that	6.24274
437	4	the	3.3901
437	5	lobbyist	20.0026
437	6	believed	13.6124
437	7	the	3.87627
437	8	secretary	12.8324
437	9	said	11.3299
437	10	she	5.98673
437	11	saw	7.50094
437	12	did	11.8112
437	13	support	10.5376
437	14	the	1.24714
437	15	candidate	10.7604
437	16	last	15.0438
437	17	year	6.09731
437	18	.	3.19119
437	19	</s>	26.3523
438	1	you	11.5115
438	2	know	4.15838
438	3	that	6.24274
438	4	the	3.3901
438	5	lobbyist	20.0026
438	6	believed	13.6124
438	7	the	3.87627
438	8	secretary	12.8324
438	9	said	11.3299
438	10	she	5.98673
438	11	saw	7.50094
438	12	the	3.89315
438	13	millionaire	17.2508
438	14	did	11.2071
438	15	support	10.5376
438	16	the	1.24714
438	17	candidate	10.7604
438	18	last	15.0438
438	19	year	6.09731
438	20	.	3.19119
438	21	</s>	26.3523
439	1	you	11.5115
439	2	know	4.15838
439	3	who	5.97772
439	4	the	5.26981
439	5	lobbyist	19.6043
439	6	believed	13.6124
439	7	the	3.87627
439	8	secretary	12.8324
439	9	said	11.3299
439	10	she	5.98673
439	11	saw	7.50094
439	12	did	11.8112
439	13	support	10.5376
439	14	the	1.24714
439	15	candidate	10.7604
439	16	last	15.0438
439	17	year	6.09731
439	18	.	3.19119
439	19	</s>	26.3523
440	1	you	11.5115
440	2	know	4.15838
440	3	who	5.97772
440	4	the	5.26981
440	5	lobbyist	19.6043
440	6	believed	13.6124
440	7	the	3.87627
440	8	secretary	12.8324
440	9	said	11.3299
440	10	she	5.98673
440	11	saw	7.50094
440	12	the	3.89315
440	13	millionaire	17.2508
440	14	did	11.2071
440	15	support	10.5376
440	16	the	1.24714
440	17	candidate	10.7604
440	18	last	15.0438
440	19	year	6.09731
440	20	.	3.19119
440	21	</s>	26.3523
441	1	i	8.92268
441	2	know	6.35939
441	3	that	3.01867
441	4	could	8.30638
441	5	greet	16.6693
441	6	the	4.18549
441	7	man	11.1664
441	8	early	13.7145
441	9	in	3.82723
441	10	the	1.49569
441	11	morning	3.77336
441	12	.	3.15299
441	13	</s>	28.5573
442	1	i	8.92268
442	2	know	6.35939
442	3	that	3.01867
442	4	the	4.26664
442	5	librarian	16.5567
442	6	could	11.4337
442	7	greet	16.0888
442	8	the	4.18549
442	9	man	11.1664
442	10	early	13.7145
442	11	in	3.82723
442	12	the	1.49569
442	13	morning	3.77336
442	14	.	3.15299
442	15	</s>	28.5573
443	1	i	8.92268
443	2	know	6.35939
443	3	who	6.55265
443	4	could	7.70233
443	5	greet	16.2288
443	6	the	4.18549
443	7	man	11.1664
443	8	early	13.7145
443	9	in	3.82723
443	10	the	1.49569
443	11	morning	3.77336
443	12	.	3.15299
443	13	</s>	28.5573
444	1	i	8.92268
444	2	know	6.35939
444	3	who	6.55265
444	4	the	5.15736
444	5	librarian	16.1584
444	6	could	11.4337
444	7	greet	16.0888
444	8	the	4.18549
444	9	man	11.1664
444	10	early	13.7145
444	11	in	3.82723
444	12	the	1.49569
444	13	morning	3.77336
444	14	.	3.15299
444	15	</s>	28.5573
445	1	i	8.92268
445	2	know	6.35939
445	3	that	3.01867
445	4	the	4.26664
445	5	mayor	11.656
445	6	said	13.637
445	7	could	11.0337
445	8	greet	16.0498
445	9	the	4.18549
445	10	man	11.1664
445	11	early	13.7145
445	12	in	3.82723
445	13	the	1.49569
445	14	morning	3.77336
445	15	.	3.15299
445	16	</s>	28.5573
446	1	i	8.92268
446	2	know	6.35939
446	3	that	3.01867
446	4	the	4.26664
446	5	mayor	11.656
446	6	said	13.637
446	7	the	4.51729
446	8	librarian	16.2568
446	9	could	11.4337
446	10	greet	16.0888
446	11	the	4.18549
446	12	man	11.1664
446	13	early	13.7145
446	14	in	3.82723
446	15	the	1.49569
446	16	morning	3.77336
446	17	.	3.15299
446	18	</s>	28.5573
447	1	i	8.92268
447	2	know	6.35939
447	3	who	6.55265
447	4	the	5.15736
447	5	mayor	12.5925
447	6	said	13.7085
447	7	could	11.0337
447	8	greet	16.0498
447	9	the	4.18549
447	10	man	11.1664
447	11	early	13.7145
447	12	in	3.82723
447	13	the	1.49569
447	14	morning	3.77336
447	15	.	3.15299
447	16	</s>	28.5573
448	1	i	8.92268
448	2	know	6.35939
448	3	who	6.55265
448	4	the	5.15736
448	5	mayor	12.5925
448	6	said	13.7085
448	7	the	4.51729
448	8	librarian	16.2568
448	9	could	11.4337
448	10	greet	16.0888
448	11	the	4.18549
448	12	man	11.1664
448	13	early	13.7145
448	14	in	3.82723
448	15	the	1.49569
448	16	morning	3.77336
448	17	.	3.15299
448	18	</s>	28.5573
449	1	i	8.92268
449	2	know	6.35939
449	3	that	3.01867
449	4	the	4.26664
449	5	mayor	11.656
449	6	said	13.637
449	7	the	4.51729
449	8	clerk	14.8529
449	9	believed	14.3594
449	10	could	9.64821
449	11	greet	16.0049
449	12	the	4.18549
449	13	man	11.1664
449	14	early	13.7145
449	15	in	3.82723
449	16	the	1.49569
449	17	morning	3.77336
449	18	.	3.15299
449	19	</s>	28.5573
450	1	i	8.92268
450	2	know	6.35939
450	3	that	3.01867
450	4	the	4.26664
450	5	mayor	11.656
450	6	said	13.637
450	7	the	4.51729
450	8	clerk	14.8529
450	9	believed	14.3594
450	10	the	3.87627
450	11	librarian	15.9567
450	12	could	11.4337
450	13	greet	16.0888
450	14	the	4.18549
450	15	man	11.1664
450	16	early	13.7145
450	17	in	3.82723
450	18	the	1.49569
450	19	morning	3.77336
450	20	.	3.15299
450	21	</s>	28.5573
451	1	i	8.92268
451	2	know	6.35939
451	3	who	6.55265
451	4	the	5.15736
451	5	mayor	12.5925
451	6	said	13.7085
451	7	the	4.51729
451	8	clerk	14.8529
451	9	believed	14.3594
451	10	could	9.64821
451	11	greet	16.0049
451	12	the	4.18549
451	13	man	11.1664
451	14	early	13.7145
451	15	in	3.82723
451	16	the	1.49569
451	17	morning	3.77336
451	18	.	3.15299
451	19	</s>	28.5573
452	1	i	8.92268
452	2	know	6.35939
452	3	who	6.55265
452	4	the	5.15736
452	5	mayor	12.5925
452	6	said	13.7085
452	7	the	4.51729
452	8	clerk	14.8529
452	9	believed	14.3594
452	10	the	3.87627
452	11	librarian	15.9567
452	12	could	11.4337
452	13	greet	16.0888
452	14	the	4.18549
452	15	man	11.1664
452	16	early	13.7145
452	17	in	3.82723
452	18	the	1.49569
452	19	morning	3.77336
452	20	.	3.15299
452	21	</s>	28.5573
453	1	i	8.92268
453	2	know	6.35939
453	3	that	3.01867
453	4	the	4.26664
453	5	mayor	11.656
453	6	said	13.637
453	7	the	4.51729
453	8	clerk	14.8529
453	9	believed	14.3594
453	10	he	5.20607
453	11	witnessed	12.4137
453	12	could	11.6359
453	13	greet	16.0888
453	14	the	4.18549
453	15	man	11.1664
453	16	early	13.7145
453	17	in	3.82723
453	18	the	1.49569
453	19	morning	3.77336
453	20	.	3.15299
453	21	</s>	28.5573
454	1	i	8.92268
454	2	know	6.35939
454	3	that	3.01867
454	4	the	4.26664
454	5	mayor	11.656
454	6	said	13.637
454	7	the	4.51729
454	8	clerk	14.8529
454	9	believed	14.3594
454	10	he	5.20607
454	11	witnessed	12.4137
454	12	the	1.96629
454	13	librarian	16.1586
454	14	could	11.4337
454	15	greet	16.0888
454	16	the	4.18549
454	17	man	11.1664
454	18	early	13.7145
454	19	in	3.82723
454	20	the	1.49569
454	21	morning	3.77336
454	22	.	3.15299
454	23	</s>	28.5573
455	1	i	8.92268
455	2	know	6.35939
455	3	who	6.55265
455	4	the	5.15736
455	5	mayor	12.5925
455	6	said	13.7085
455	7	the	4.51729
455	8	clerk	14.8529
455	9	believed	14.3594
455	10	he	5.20607
455	11	witnessed	12.4137
455	12	could	11.6359
455	13	greet	16.0888
455	14	the	4.18549
455	15	man	11.1664
455	16	early	13.7145
455	17	in	3.82723
455	18	the	1.49569
455	19	morning	3.77336
455	20	.	3.15299
455	21	</s>	28.5573
456	1	i	8.92268
456	2	know	6.35939
456	3	who	6.55265
456	4	the	5.15736
456	5	mayor	12.5925
456	6	said	13.7085
456	7	the	4.51729
456	8	clerk	14.8529
456	9	believed	14.3594
456	10	he	5.20607
456	11	witnessed	12.4137
456	12	the	1.96629
456	13	librarian	16.1586
456	14	could	11.4337
456	15	greet	16.0888
456	16	the	4.18549
456	17	man	11.1664
456	18	early	13.7145
456	19	in	3.82723
456	20	the	1.49569
456	21	morning	3.77336
456	22	.	3.15299
456	23	</s>	28.5573
457	1	i	8.92268
457	2	know	6.35939
457	3	that	3.01867
457	4	the	4.26664
457	5	mayor	11.656
457	6	said	13.637
457	7	the	4.51729
457	8	clerk	14.8529
457	9	believed	14.3594
457	10	he	5.20607
457	11	witnessed	12.4137
457	12	could	11.6359
457	13	greet	16.0888
457	14	the	4.18549
457	15	man	11.1664
457	16	early	13.7145
457	17	in	3.82723
457	18	the	1.49569
457	19	morning	3.77336
457	20	.	3.15299
457	21	</s>	28.5573
458	1	i	8.92268
458	2	know	6.35939
458	3	that	3.01867
458	4	the	4.26664
458	5	mayor	11.656
458	6	said	13.637
458	7	the	4.51729
458	8	clerk	14.8529
458	9	believed	14.3594
458	10	he	5.20607
458	11	witnessed	12.4137
458	12	the	1.96629
458	13	librarian	16.1586
458	14	could	11.4337
458	15	greet	16.0888
458	16	the	4.18549
458	17	man	11.1664
458	18	early	13.7145
458	19	in	3.82723
458	20	the	1.49569
458	21	morning	3.77336
458	22	.	3.15299
458	23	</s>	28.5573
459	1	i	8.92268
459	2	know	6.35939
459	3	who	6.55265
459	4	the	5.15736
459	5	mayor	12.5925
459	6	said	13.7085
459	7	the	4.51729
459	8	clerk	14.8529
459	9	believed	14.3594
459	10	he	5.20607
459	11	witnessed	12.4137
459	12	could	11.6359
459	13	greet	16.0888
459	14	the	4.18549
459	15	man	11.1664
459	16	early	13.7145
459	17	in	3.82723
459	18	the	1.49569
459	19	morning	3.77336
459	20	.	3.15299
459	21	</s>	28.5573
460	1	i	8.92268
460	2	know	6.35939
460	3	who	6.55265
460	4	the	5.15736
460	5	mayor	12.5925
460	6	said	13.7085
460	7	the	4.51729
460	8	clerk	14.8529
460	9	believed	14.3594
460	10	he	5.20607
460	11	witnessed	12.4137
460	12	the	1.96629
460	13	librarian	16.1586
460	14	could	11.4337
460	15	greet	16.0888
460	16	the	4.18549
460	17	man	11.1664
460	18	early	13.7145
460	19	in	3.82723
460	20	the	1.49569
460	21	morning	3.77336
460	22	.	3.15299
460	23	</s>	28.5573
461	1	he	4.43708
461	2	recalled	11.3595
461	3	that	2.12319
461	4	did	9.67645
461	5	assassinate	23.3082
461	6	the	6.23779
461	7	politician	15.4815
461	8	last	15.3084
461	9	night	6.976
461	10	.	2.66267
461	11	</s>	25.4592
462	1	he	4.43708
462	2	recalled	11.3595
462	3	that	2.12319
462	4	the	4.22693
462	5	terrorist	13.9516
462	6	did	12.6049
462	7	assassinate	21.6016
462	8	the	6.23779
462	9	politician	15.4815
462	10	last	15.3084
462	11	night	6.976
462	12	.	2.66267
462	13	</s>	25.4592
463	1	he	4.43708
463	2	recalled	11.3595
463	3	who	12.7182
463	4	did	7.12873
463	5	assassinate	22.384
463	6	the	6.23779
463	7	politician	15.4815
463	8	last	15.3084
463	9	night	6.976
463	10	.	2.66267
463	11	</s>	25.4592
464	1	he	4.43708
464	2	recalled	11.3595
464	3	who	12.7182
464	4	the	8.96323
464	5	terrorist	14.7015
464	6	did	12.454
464	7	assassinate	21.6016
464	8	the	6.23779
464	9	politician	15.4815
464	10	last	15.3084
464	11	night	6.976
464	12	.	2.66267
464	13	</s>	25.4592
465	1	he	4.43708
465	2	recalled	11.3595
465	3	that	2.12319
465	4	the	4.22693
465	5	president	9.34342
465	6	said	9.90475
465	7	did	12.5608
465	8	assassinate	21.3959
465	9	the	6.23779
465	10	politician	15.4815
465	11	last	15.3084
465	12	night	6.976
465	13	.	2.66267
465	14	</s>	25.4592
466	1	he	4.43708
466	2	recalled	11.3595
466	3	that	2.12319
466	4	the	4.22693
466	5	president	9.34342
466	6	said	9.90475
466	7	the	4.53055
466	8	terrorist	14.8842
466	9	did	12.454
466	10	assassinate	21.6016
466	11	the	6.23779
466	12	politician	15.4815
466	13	last	15.3084
466	14	night	6.976
466	15	.	2.66267
466	16	</s>	25.4592
467	1	he	4.43708
467	2	recalled	11.3595
467	3	who	12.7182
467	4	the	8.96323
467	5	president	6.8914
467	6	said	9.31435
467	7	did	12.5608
467	8	assassinate	21.3959
467	9	the	6.23779
467	10	politician	15.4815
467	11	last	15.3084
467	12	night	6.976
467	13	.	2.66267
467	14	</s>	25.4592
468	1	he	4.43708
468	2	recalled	11.3595
468	3	who	12.7182
468	4	the	8.96323
468	5	president	6.8914
468	6	said	9.31435
468	7	the	4.53055
468	8	terrorist	14.8842
468	9	did	12.454
468	10	assassinate	21.6016
468	11	the	6.23779
468	12	politician	15.4815
468	13	last	15.3084
468	14	night	6.976
468	15	.	2.66267
468	16	</s>	25.4592
469	1	he	4.43708
469	2	recalled	11.3595
469	3	that	2.12319
469	4	the	4.22693
469	5	president	9.34342
469	6	said	9.90475
469	7	the	4.53055
469	8	report	10.3593
469	9	confirmed	10.6234
469	10	did	12.7789
469	11	assassinate	21.6016
469	12	the	6.23779
469	13	politician	15.4815
469	14	last	15.3084
469	15	night	6.976
469	16	.	2.66267
469	17	</s>	25.4592
470	1	he	4.43708
470	2	recalled	11.3595
470	3	that	2.12319
470	4	the	4.22693
470	5	president	9.34342
470	6	said	9.90475
470	7	the	4.53055
470	8	report	10.3593
470	9	confirmed	10.6234
470	10	the	3.64953
470	11	terrorist	14.732
470	12	did	12.454
470	13	assassinate	21.6016
470	14	the	6.23779
470	15	politician	15.4815
470	16	last	15.3084
470	17	night	6.976
470	18	.	2.66267
470	19	</s>	25.4592
471	1	he	4.43708
471	2	recalled	11.3595
471	3	who	12.7182
471	4	the	8.96323
471	5	president	6.8914
471	6	said	9.31435
471	7	the	4.53055
471	8	report	10.3593
471	9	confirmed	10.6234
471	10	did	12.7789
471	11	assassinate	21.6016
471	12	the	6.23779
471	13	politician	15.4815
471	14	last	15.3084
471	15	night	6.976
471	16	.	2.66267
471	17	</s>	25.4592
472	1	he	4.43708
472	2	recalled	11.3595
472	3	who	12.7182
472	4	the	8.96323
472	5	president	6.8914
472	6	said	9.31435
472	7	the	4.53055
472	8	report	10.3593
472	9	confirmed	10.6234
472	10	the	3.64953
472	11	terrorist	14.732
472	12	did	12.454
472	13	assassinate	21.6016
472	14	the	6.23779
472	15	politician	15.4815
472	16	last	15.3084
472	17	night	6.976
472	18	.	2.66267
472	19	</s>	25.4592
473	1	he	4.43708
473	2	recalled	11.3595
473	3	that	2.12319
473	4	the	4.22693
473	5	president	9.34342
473	6	said	9.90475
473	7	the	4.53055
473	8	report	10.3593
473	9	confirmed	10.6234
473	10	he	6.58976
473	11	believed	10.3602
473	12	did	8.84584
473	13	assassinate	21.6299
473	14	the	6.23779
473	15	politician	15.4815
473	16	last	15.3084
473	17	night	6.976
473	18	.	2.66267
473	19	</s>	25.4592
474	1	he	4.43708
474	2	recalled	11.3595
474	3	that	2.12319
474	4	the	4.22693
474	5	president	9.34342
474	6	said	9.90475
474	7	the	4.53055
474	8	report	10.3593
474	9	confirmed	10.6234
474	10	he	6.58976
474	11	believed	10.3602
474	12	the	4.34857
474	13	terrorist	14.5767
474	14	did	12.454
474	15	assassinate	21.6016
474	16	the	6.23779
474	17	politician	15.4815
474	18	last	15.3084
474	19	night	6.976
474	20	.	2.66267
474	21	</s>	25.4592
475	1	he	4.43708
475	2	recalled	11.3595
475	3	who	12.7182
475	4	the	8.96323
475	5	president	6.8914
475	6	said	9.31435
475	7	the	4.53055
475	8	report	10.3593
475	9	confirmed	10.6234
475	10	he	6.58976
475	11	believed	10.3602
475	12	did	8.84584
475	13	assassinate	21.6299
475	14	the	6.23779
475	15	politician	15.4815
475	16	last	15.3084
475	17	night	6.976
475	18	.	2.66267
475	19	</s>	25.4592
476	1	he	4.43708
476	2	recalled	11.3595
476	3	who	12.7182
476	4	the	8.96323
476	5	president	6.8914
476	6	said	9.31435
476	7	the	4.53055
476	8	report	10.3593
476	9	confirmed	10.6234
476	10	he	6.58976
476	11	believed	10.3602
476	12	the	4.34857
476	13	terrorist	14.5767
476	14	did	12.454
476	15	assassinate	21.6016
476	16	the	6.23779
476	17	politician	15.4815
476	18	last	15.3084
476	19	night	6.976
476	20	.	2.66267
476	21	</s>	25.4592
477	1	he	4.43708
477	2	recalled	11.3595
477	3	that	2.12319
477	4	the	4.22693
477	5	president	9.34342
477	6	said	9.90475
477	7	the	4.53055
477	8	report	10.3593
477	9	confirmed	10.6234
477	10	he	6.58976
477	11	believed	10.3602
477	12	did	8.84584
477	13	assassinate	21.6299
477	14	the	6.23779
477	15	politician	15.4815
477	16	last	15.3084
477	17	night	6.976
477	18	.	2.66267
477	19	</s>	25.4592
478	1	he	4.43708
478	2	recalled	11.3595
478	3	that	2.12319
478	4	the	4.22693
478	5	president	9.34342
478	6	said	9.90475
478	7	the	4.53055
478	8	report	10.3593
478	9	confirmed	10.6234
478	10	he	6.58976
478	11	believed	10.3602
478	12	the	4.34857
478	13	terrorist	14.5767
478	14	did	12.454
478	15	assassinate	21.6016
478	16	the	6.23779
478	17	politician	15.4815
478	18	last	15.3084
478	19	night	6.976
478	20	.	2.66267
478	21	</s>	25.4592
479	1	he	4.43708
479	2	recalled	11.3595
479	3	who	12.7182
479	4	the	8.96323
479	5	president	6.8914
479	6	said	9.31435
479	7	the	4.53055
479	8	report	10.3593
479	9	confirmed	10.6234
479	10	he	6.58976
479	11	believed	10.3602
479	12	did	8.84584
479	13	assassinate	21.6299
479	14	the	6.23779
479	15	politician	15.4815
479	16	last	15.3084
479	17	night	6.976
479	18	.	2.66267
479	19	</s>	25.4592
480	1	he	4.43708
480	2	recalled	11.3595
480	3	who	12.7182
480	4	the	8.96323
480	5	president	6.8914
480	6	said	9.31435
480	7	the	4.53055
480	8	report	10.3593
480	9	confirmed	10.6234
480	10	he	6.58976
480	11	believed	10.3602
480	12	the	4.34857
480	13	terrorist	14.5767
480	14	did	12.454
480	15	assassinate	21.6016
480	16	the	6.23779
480	17	politician	15.4815
480	18	last	15.3084
480	19	night	6.976
480	20	.	2.66267
480	21	</s>	25.4592
481	1	we	10.0475
481	2	recalled	16.8821
481	3	that	3.25558
481	4	might	9.88313
481	5	frighten	14.9462
481	6	the	4.54306
481	7	children	11.2799
481	8	at	7.14969
481	9	the	1.72714
481	10	party	9.96291
481	11	.	4.10505
481	12	</s>	24.7244
482	1	we	10.0475
482	2	recalled	16.8821
482	3	that	3.25558
482	4	the	3.21199
482	5	clown	16.2672
482	6	might	12.416
482	7	frighten	14.3517
482	8	the	4.54306
482	9	children	11.2799
482	10	at	7.14969
482	11	the	1.72714
482	12	party	9.96291
482	13	.	4.10505
482	14	</s>	24.7244
483	1	we	10.0475
483	2	recalled	16.8821
483	3	who	11.9121
483	4	might	8.58329
483	5	frighten	14.7001
483	6	the	4.54306
483	7	children	11.2799
483	8	at	7.14969
483	9	the	1.72714
483	10	party	9.96291
483	11	.	4.10505
483	12	</s>	24.7244
484	1	we	10.0475
484	2	recalled	16.8821
484	3	who	11.9121
484	4	the	8.96323
484	5	clown	15.8473
484	6	might	12.416
484	7	frighten	14.3517
484	8	the	4.54306
484	9	children	11.2799
484	10	at	7.14969
484	11	the	1.72714
484	12	party	9.96291
484	13	.	4.10505
484	14	</s>	24.7244
485	1	we	10.0475
485	2	recalled	16.8821
485	3	that	3.25558
485	4	the	3.21199
485	5	actor	11.5933
485	6	said	8.46359
485	7	might	13.7786
485	8	frighten	14.3517
485	9	the	4.54306
485	10	children	11.2799
485	11	at	7.14969
485	12	the	1.72714
485	13	party	9.96291
485	14	.	4.10505
485	15	</s>	24.7244
486	1	we	10.0475
486	2	recalled	16.8821
486	3	that	3.25558
486	4	the	3.21199
486	5	actor	11.5933
486	6	said	8.46359
486	7	the	4.62921
486	8	clown	16.03
486	9	might	12.416
486	10	frighten	14.3517
486	11	the	4.54306
486	12	children	11.2799
486	13	at	7.14969
486	14	the	1.72714
486	15	party	9.96291
486	16	.	4.10505
486	17	</s>	24.7244
487	1	we	10.0475
487	2	recalled	16.8821
487	3	who	11.9121
487	4	the	8.96323
487	5	actor	12.9783
487	6	said	8.22518
487	7	might	13.7786
487	8	frighten	14.3517
487	9	the	4.54306
487	10	children	11.2799
487	11	at	7.14969
487	12	the	1.72714
487	13	party	9.96291
487	14	.	4.10505
487	15	</s>	24.7244
488	1	we	10.0475
488	2	recalled	16.8821
488	3	who	11.9121
488	4	the	8.96323
488	5	actor	12.9783
488	6	said	8.22518
488	7	the	4.62921
488	8	clown	16.03
488	9	might	12.416
488	10	frighten	14.3517
488	11	the	4.54306
488	12	children	11.2799
488	13	at	7.14969
488	14	the	1.72714
488	15	party	9.96291
488	16	.	4.10505
488	17	</s>	24.7244
489	1	we	10.0475
489	2	recalled	16.8821
489	3	that	3.25558
489	4	the	3.21199
489	5	actor	11.5933
489	6	said	8.46359
489	7	the	4.62921
489	8	people	10.9829
489	9	knew	10.6791
489	10	might	13.4806
489	11	frighten	14.3517
489	12	the	4.54306
489	13	children	11.2799
489	14	at	7.14969
489	15	the	1.72714
489	16	party	9.96291
489	17	.	4.10505
489	18	</s>	24.7244
490	1	we	10.0475
490	2	recalled	16.8821
490	3	that	3.25558
490	4	the	3.21199
490	5	actor	11.5933
490	6	said	8.46359
490	7	the	4.62921
490	8	people	10.9829
490	9	knew	10.6791
490	10	the	4.43327
490	11	clown	15.6699
490	12	might	12.416
490	13	frighten	14.3517
490	14	the	4.54306
490	15	children	11.2799
490	16	at	7.14969
490	17	the	1.72714
490	18	party	9.96291
490	19	.	4.10505
490	20	</s>	24.7244
491	1	we	10.0475
491	2	recalled	16.8821
491	3	who	11.9121
491	4	the	8.96323
491	5	actor	12.9783
491	6	said	8.22518
491	7	the	4.62921
491	8	people	10.9829
491	9	knew	10.6791
491	10	might	13.4806
491	11	frighten	14.3517
491	12	the	4.54306
491	13	children	11.2799
491	14	at	7.14969
491	15	the	1.72714
491	16	party	9.96291
491	17	.	4.10505
491	18	</s>	24.7244
492	1	we	10.0475
492	2	recalled	16.8821
492	3	who	11.9121
492	4	the	8.96323
492	5	actor	12.9783
492	6	said	8.22518
492	7	the	4.62921
492	8	people	10.9829
492	9	knew	10.6791
492	10	the	4.43327
492	11	clown	15.6699
492	12	might	12.416
492	13	frighten	14.3517
492	14	the	4.54306
492	15	children	11.2799
492	16	at	7.14969
492	17	the	1.72714
492	18	party	9.96291
492	19	.	4.10505
492	20	</s>	24.7244
493	1	we	10.0475
493	2	recalled	16.8821
493	3	that	3.25558
493	4	the	3.21199
493	5	actor	11.5933
493	6	said	8.46359
493	7	the	4.62921
493	8	people	10.9829
493	9	knew	10.6791
493	10	he	5.28302
493	11	thought	10.94
493	12	might	7.11838
493	13	frighten	14.8227
493	14	the	4.54306
493	15	children	11.2799
493	16	at	7.14969
493	17	the	1.72714
493	18	party	9.96291
493	19	.	4.10505
493	20	</s>	24.7244
494	1	we	10.0475
494	2	recalled	16.8821
494	3	that	3.25558
494	4	the	3.21199
494	5	actor	11.5933
494	6	said	8.46359
494	7	the	4.62921
494	8	people	10.9829
494	9	knew	10.6791
494	10	he	5.28302
494	11	thought	10.94
494	12	the	4.14874
494	13	clown	15.9053
494	14	might	12.416
494	15	frighten	14.3517
494	16	the	4.54306
494	17	children	11.2799
494	18	at	7.14969
494	19	the	1.72714
494	20	party	9.96291
494	21	.	4.10505
494	22	</s>	24.7244
495	1	we	10.0475
495	2	recalled	16.8821
495	3	who	11.9121
495	4	the	8.96323
495	5	actor	12.9783
495	6	said	8.22518
495	7	the	4.62921
495	8	people	10.9829
495	9	knew	10.6791
495	10	he	5.28302
495	11	thought	10.94
495	12	might	7.11838
495	13	frighten	14.8227
495	14	the	4.54306
495	15	children	11.2799
495	16	at	7.14969
495	17	the	1.72714
495	18	party	9.96291
495	19	.	4.10505
495	20	</s>	24.7244
496	1	we	10.0475
496	2	recalled	16.8821
496	3	who	11.9121
496	4	the	8.96323
496	5	actor	12.9783
496	6	said	8.22518
496	7	the	4.62921
496	8	people	10.9829
496	9	knew	10.6791
496	10	he	5.28302
496	11	thought	10.94
496	12	the	4.14874
496	13	clown	15.9053
496	14	might	12.416
496	15	frighten	14.3517
496	16	the	4.54306
496	17	children	11.2799
496	18	at	7.14969
496	19	the	1.72714
496	20	party	9.96291
496	21	.	4.10505
496	22	</s>	24.7244
497	1	we	10.0475
497	2	recalled	16.8821
497	3	that	3.25558
497	4	the	3.21199
497	5	actor	11.5933
497	6	said	8.46359
497	7	the	4.62921
497	8	people	10.9829
497	9	knew	10.6791
497	10	he	5.28302
497	11	thought	10.94
497	12	might	7.11838
497	13	frighten	14.8227
497	14	the	4.54306
497	15	children	11.2799
497	16	at	7.14969
497	17	the	1.72714
497	18	party	9.96291
497	19	.	4.10505
497	20	</s>	24.7244
498	1	we	10.0475
498	2	recalled	16.8821
498	3	that	3.25558
498	4	the	3.21199
498	5	actor	11.5933
498	6	said	8.46359
498	7	the	4.62921
498	8	people	10.9829
498	9	knew	10.6791
498	10	he	5.28302
498	11	thought	10.94
498	12	the	4.14874
498	13	clown	15.9053
498	14	might	12.416
498	15	frighten	14.3517
498	16	the	4.54306
498	17	children	11.2799
498	18	at	7.14969
498	19	the	1.72714
498	20	party	9.96291
498	21	.	4.10505
498	22	</s>	24.7244
499	1	we	10.0475
499	2	recalled	16.8821
499	3	who	11.9121
499	4	the	8.96323
499	5	actor	12.9783
499	6	said	8.22518
499	7	the	4.62921
499	8	people	10.9829
499	9	knew	10.6791
499	10	he	5.28302
499	11	thought	10.94
499	12	might	7.11838
499	13	frighten	14.8227
499	14	the	4.54306
499	15	children	11.2799
499	16	at	7.14969
499	17	the	1.72714
499	18	party	9.96291
499	19	.	4.10505
499	20	</s>	24.7244
500	1	we	10.0475
500	2	recalled	16.8821
500	3	who	11.9121
500	4	the	8.96323
500	5	actor	12.9783
500	6	said	8.22518
500	7	the	4.62921
500	8	people	10.9829
500	9	knew	10.6791
500	10	he	5.28302
500	11	thought	10.94
500	12	the	4.14874
500	13	clown	15.9053
500	14	might	12.416
500	15	frighten	14.3517
500	16	the	4.54306
500	17	children	11.2799
500	18	at	7.14969
500	19	the	1.72714
500	20	party	9.96291
500	21	.	4.10505
500	22	</s>	24.7244
501	1	they	6.37172
501	2	recalled	15.4151
501	3	that	3.25558
501	4	might	9.88313
501	5	have	2.81632
501	6	divorced	17.8135
501	7	the	6.85238
501	8	count	13.0823
501	9	last	15.2183
501	10	year	6.09731
501	11	.	3.19119
501	12	</s>	26.3523
502	1	they	6.37172
502	2	recalled	15.4151
502	3	that	3.25558
502	4	the	3.21199
502	5	heiress	16.5784
502	6	might	13.7992
502	7	have	3.14779
502	8	divorced	17.3918
502	9	the	6.85238
502	10	count	13.0823
502	11	last	15.2183
502	12	year	6.09731
502	13	.	3.19119
502	14	</s>	26.3523
503	1	they	6.37172
503	2	recalled	15.4151
503	3	who	11.9121
503	4	might	8.58329
503	5	have	2.7324
503	6	divorced	17.6183
503	7	the	6.85238
503	8	count	13.0823
503	9	last	15.2183
503	10	year	6.09731
503	11	.	3.19119
503	12	</s>	26.3523
504	1	they	6.37172
504	2	recalled	15.4151
504	3	who	11.9121
504	4	the	8.96323
504	5	heiress	16.1585
504	6	might	13.7992
504	7	have	3.14779
504	8	divorced	17.3918
504	9	the	6.85238
504	10	count	13.0823
504	11	last	15.2183
504	12	year	6.09731
504	13	.	3.19119
504	14	</s>	26.3523
505	1	they	6.37172
505	2	recalled	15.4151
505	3	that	3.25558
505	4	the	3.21199
505	5	writer	11.6729
505	6	thought	14.3217
505	7	might	10.4781
505	8	have	3.19661
505	9	divorced	17.3918
505	10	the	6.85238
505	11	count	13.0823
505	12	last	15.2183
505	13	year	6.09731
505	14	.	3.19119
505	15	</s>	26.3523
506	1	they	6.37172
506	2	recalled	15.4151
506	3	that	3.25558
506	4	the	3.21199
506	5	writer	11.6729
506	6	thought	14.3217
506	7	the	4.36895
506	8	heiress	16.1942
506	9	might	13.7992
506	10	have	3.14779
506	11	divorced	17.3918
506	12	the	6.85238
506	13	count	13.0823
506	14	last	15.2183
506	15	year	6.09731
506	16	.	3.19119
506	17	</s>	26.3523
507	1	they	6.37172
507	2	recalled	15.4151
507	3	who	11.9121
507	4	the	8.96323
507	5	writer	13.3228
507	6	thought	13.9288
507	7	might	10.4781
507	8	have	3.19661
507	9	divorced	17.3918
507	10	the	6.85238
507	11	count	13.0823
507	12	last	15.2183
507	13	year	6.09731
507	14	.	3.19119
507	15	</s>	26.3523
508	1	they	6.37172
508	2	recalled	15.4151
508	3	who	11.9121
508	4	the	8.96323
508	5	writer	13.3228
508	6	thought	13.9288
508	7	the	4.36895
508	8	heiress	16.1942
508	9	might	13.7992
508	10	have	3.14779
508	11	divorced	17.3918
508	12	the	6.85238
508	13	count	13.0823
508	14	last	15.2183
508	15	year	6.09731
508	16	.	3.19119
508	17	</s>	26.3523
509	1	they	6.37172
509	2	recalled	15.4151
509	3	that	3.25558
509	4	the	3.21199
509	5	writer	11.6729
509	6	thought	14.3217
509	7	the	4.36895
509	8	man	11.4918
509	9	said	9.6055
509	10	might	13.7984
509	11	have	3.14779
509	12	divorced	17.3918
509	13	the	6.85238
509	14	count	13.0823
509	15	last	15.2183
509	16	year	6.09731
509	17	.	3.19119
509	18	</s>	26.3523
510	1	they	6.37172
510	2	recalled	15.4151
510	3	that	3.25558
510	4	the	3.21199
510	5	writer	11.6729
510	6	thought	14.3217
510	7	the	4.36895
510	8	man	11.4918
510	9	said	9.6055
510	10	the	4.64906
510	11	heiress	16.3411
510	12	might	13.7992
510	13	have	3.14779
510	14	divorced	17.3918
510	15	the	6.85238
510	16	count	13.0823
510	17	last	15.2183
510	18	year	6.09731
510	19	.	3.19119
510	20	</s>	26.3523
511	1	they	6.37172
511	2	recalled	15.4151
511	3	who	11.9121
511	4	the	8.96323
511	5	writer	13.3228
511	6	thought	13.9288
511	7	the	4.36895
511	8	man	11.4918
511	9	said	9.6055
511	10	might	13.7984
511	11	have	3.14779
511	12	divorced	17.3918
511	13	the	6.85238
511	14	count	13.0823
511	15	last	15.2183
511	16	year	6.09731
511	17	.	3.19119
511	18	</s>	26.3523
512	1	they	6.37172
512	2	recalled	15.4151
512	3	who	11.9121
512	4	the	8.96323
512	5	writer	13.3228
512	6	thought	13.9288
512	7	the	4.36895
512	8	man	11.4918
512	9	said	9.6055
512	10	the	4.64906
512	11	heiress	16.3411
512	12	might	13.7992
512	13	have	3.14779
512	14	divorced	17.3918
512	15	the	6.85238
512	16	count	13.0823
512	17	last	15.2183
512	18	year	6.09731
512	19	.	3.19119
512	20	</s>	26.3523
513	1	they	6.37172
513	2	recalled	15.4151
513	3	that	3.25558
513	4	the	3.21199
513	5	writer	11.6729
513	6	thought	14.3217
513	7	the	4.36895
513	8	man	11.4918
513	9	said	9.6055
513	10	his	6.96939
513	11	brother	7.69383
513	12	believed	13.7771
513	13	might	13.2461
513	14	have	3.14779
513	15	divorced	17.3918
513	16	the	6.85238
513	17	count	13.0823
513	18	last	15.2183
513	19	year	6.09731
513	20	.	3.19119
513	21	</s>	26.3523
514	1	they	6.37172
514	2	recalled	15.4151
514	3	that	3.25558
514	4	the	3.21199
514	5	writer	11.6729
514	6	thought	14.3217
514	7	the	4.36895
514	8	man	11.4918
514	9	said	9.6055
514	10	his	6.96939
514	11	brother	7.69383
514	12	believed	13.7771
514	13	the	3.87627
514	14	heiress	16.041
514	15	might	13.7992
514	16	have	3.14779
514	17	divorced	17.3918
514	18	the	6.85238
514	19	count	13.0823
514	20	last	15.2183
514	21	year	6.09731
514	22	.	3.19119
514	23	</s>	26.3523
515	1	they	6.37172
515	2	recalled	15.4151
515	3	who	11.9121
515	4	the	8.96323
515	5	writer	13.3228
515	6	thought	13.9288
515	7	the	4.36895
515	8	man	11.4918
515	9	said	9.6055
515	10	his	6.96939
515	11	brother	7.69383
515	12	believed	13.7771
515	13	might	13.2461
515	14	have	3.14779
515	15	divorced	17.3918
515	16	the	6.85238
515	17	count	13.0823
515	18	last	15.2183
515	19	year	6.09731
515	20	.	3.19119
515	21	</s>	26.3523
516	1	they	6.37172
516	2	recalled	15.4151
516	3	who	11.9121
516	4	the	8.96323
516	5	writer	13.3228
516	6	thought	13.9288
516	7	the	4.36895
516	8	man	11.4918
516	9	said	9.6055
516	10	his	6.96939
516	11	brother	7.69383
516	12	believed	13.7771
516	13	the	3.87627
516	14	heiress	16.041
516	15	might	13.7992
516	16	have	3.14779
516	17	divorced	17.3918
516	18	the	6.85238
516	19	count	13.0823
516	20	last	15.2183
516	21	year	6.09731
516	22	.	3.19119
516	23	</s>	26.3523
517	1	they	6.37172
517	2	recalled	15.4151
517	3	that	3.25558
517	4	the	3.21199
517	5	writer	11.6729
517	6	thought	14.3217
517	7	the	4.36895
517	8	man	11.4918
517	9	said	9.6055
517	10	his	6.96939
517	11	brother	7.69383
517	12	believed	13.7771
517	13	might	13.2461
517	14	have	3.14779
517	15	divorced	17.3918
517	16	the	6.85238
517	17	count	13.0823
517	18	last	15.2183
517	19	year	6.09731
517	20	.	3.19119
517	21	</s>	26.3523
518	1	they	6.37172
518	2	recalled	15.4151
518	3	that	3.25558
518	4	the	3.21199
518	5	writer	11.6729
518	6	thought	14.3217
518	7	the	4.36895
518	8	man	11.4918
518	9	said	9.6055
518	10	his	6.96939
518	11	brother	7.69383
518	12	believed	13.7771
518	13	the	3.87627
518	14	heiress	16.041
518	15	might	13.7992
518	16	have	3.14779
518	17	divorced	17.3918
518	18	the	6.85238
518	19	count	13.0823
518	20	last	15.2183
518	21	year	6.09731
518	22	.	3.19119
518	23	</s>	26.3523
519	1	they	6.37172
519	2	recalled	15.4151
519	3	who	11.9121
519	4	the	8.96323
519	5	writer	13.3228
519	6	thought	13.9288
519	7	the	4.36895
519	8	man	11.4918
519	9	said	9.6055
519	10	his	6.96939
519	11	brother	7.69383
519	12	believed	13.7771
519	13	might	13.2461
519	14	have	3.14779
519	15	divorced	17.3918
519	16	the	6.85238
519	17	count	13.0823
519	18	last	15.2183
519	19	year	6.09731
519	20	.	3.19119
519	21	</s>	26.3523
520	1	they	6.37172
520	2	recalled	15.4151
520	3	who	11.9121
520	4	the	8.96323
520	5	writer	13.3228
520	6	thought	13.9288
520	7	the	4.36895
520	8	man	11.4918
520	9	said	9.6055
520	10	his	6.96939
520	11	brother	7.69383
520	12	believed	13.7771
520	13	the	3.87627
520	14	heiress	16.041
520	15	might	13.7992
520	16	have	3.14779
520	17	divorced	17.3918
520	18	the	6.85238
520	19	count	13.0823
520	20	last	15.2183
520	21	year	6.09731
520	22	.	3.19119
520	23	</s>	26.3523
521	1	they	6.37172
521	2	reported	11.2987
521	3	that	1.06934
521	4	did	9.77602
521	5	promote	15.439
521	6	the	4.49145
521	7	accountant	16.8457
521	8	yesterday	17.3641
521	9	.	3.2734
521	10	</s>	25.7493
522	1	they	6.37172
522	2	reported	11.2987
522	3	that	1.06934
522	4	the	2.41116
522	5	manager	13.472
522	6	did	12.4748
522	7	promote	13.8559
522	8	the	4.49145
522	9	accountant	16.8457
522	10	yesterday	17.3641
522	11	.	3.2734
522	12	</s>	25.7493
523	1	they	6.37172
523	2	reported	11.2987
523	3	who	12.4486
523	4	did	7.12873
523	5	promote	14.5148
523	6	the	4.49145
523	7	accountant	16.8457
523	8	yesterday	17.3641
523	9	.	3.2734
523	10	</s>	25.7493
524	1	they	6.37172
524	2	reported	11.2987
524	3	who	12.4486
524	4	the	8.96323
524	5	manager	13.504
524	6	did	12.3931
524	7	promote	13.8559
524	8	the	4.49145
524	9	accountant	16.8457
524	10	yesterday	17.3641
524	11	.	3.2734
524	12	</s>	25.7493
525	1	they	6.37172
525	2	reported	11.2987
525	3	that	1.06934
525	4	the	2.41116
525	5	executive	12.1971
525	6	said	11.155
525	7	did	12.5476
525	8	promote	13.5267
525	9	the	4.49145
525	10	accountant	16.8457
525	11	yesterday	17.3641
525	12	.	3.2734
525	13	</s>	25.7493
526	1	they	6.37172
526	2	reported	11.2987
526	3	that	1.06934
526	4	the	2.41116
526	5	executive	12.1971
526	6	said	11.155
526	7	the	4.51729
526	8	manager	13.6867
526	9	did	12.3931
526	10	promote	13.8559
526	11	the	4.49145
526	12	accountant	16.8457
526	13	yesterday	17.3641
526	14	.	3.2734
526	15	</s>	25.7493
527	1	they	6.37172
527	2	reported	11.2987
527	3	who	12.4486
527	4	the	8.96323
527	5	executive	12.7083
527	6	said	10.7408
527	7	did	12.5476
527	8	promote	13.5267
527	9	the	4.49145
527	10	accountant	16.8457
527	11	yesterday	17.3641
527	12	.	3.2734
527	13	</s>	25.7493
528	1	they	6.37172
528	2	reported	11.2987
528	3	who	12.4486
528	4	the	8.96323
528	5	executive	12.7083
528	6	said	10.7408
528	7	the	4.51729
528	8	manager	13.6867
528	9	did	12.3931
528	10	promote	13.8559
528	11	the	4.49145
528	12	accountant	16.8457
528	13	yesterday	17.3641
528	14	.	3.2734
528	15	</s>	25.7493
529	1	they	6.37172
529	2	reported	11.2987
529	3	that	1.06934
529	4	the	2.41116
529	5	executive	12.1971
529	6	said	11.155
529	7	a	8.25788
529	8	reporter	12.875
529	9	believed	14.1865
529	10	did	10.8099
529	11	promote	14.1681
529	12	the	4.49145
529	13	accountant	16.8457
529	14	yesterday	17.3641
529	15	.	3.2734
529	16	</s>	25.7493
530	1	they	6.37172
530	2	reported	11.2987
530	3	that	1.06934
530	4	the	2.41116
530	5	executive	12.1971
530	6	said	11.155
530	7	a	8.25788
530	8	reporter	12.875
530	9	believed	14.1865
530	10	the	3.87627
530	11	manager	13.3866
530	12	did	12.3931
530	13	promote	13.8559
530	14	the	4.49145
530	15	accountant	16.8457
530	16	yesterday	17.3641
530	17	.	3.2734
530	18	</s>	25.7493
531	1	they	6.37172
531	2	reported	11.2987
531	3	who	12.4486
531	4	the	8.96323
531	5	executive	12.7083
531	6	said	10.7408
531	7	a	8.25788
531	8	reporter	12.875
531	9	believed	14.1865
531	10	did	10.8099
531	11	promote	14.1681
531	12	the	4.49145
531	13	accountant	16.8457
531	14	yesterday	17.3641
531	15	.	3.2734
531	16	</s>	25.7493
532	1	they	6.37172
532	2	reported	11.2987
532	3	who	12.4486
532	4	the	8.96323
532	5	executive	12.7083
532	6	said	10.7408
532	7	a	8.25788
532	8	reporter	12.875
532	9	believed	14.1865
532	10	the	3.87627
532	11	manager	13.3866
532	12	did	12.3931
532	13	promote	13.8559
532	14	the	4.49145
532	15	accountant	16.8457
532	16	yesterday	17.3641
532	17	.	3.2734
532	18	</s>	25.7493
533	1	they	6.37172
533	2	reported	11.2987
533	3	that	1.06934
533	4	the	2.41116
533	5	executive	12.1971
533	6	said	11.155
533	7	a	8.25788
533	8	reporter	12.875
533	9	believed	14.1865
533	10	the	3.87627
533	11	client	13.2423
533	12	said	12.4449
533	13	did	12.5476
533	14	promote	13.5267
533	15	the	4.49145
533	16	accountant	16.8457
533	17	yesterday	17.3641
533	18	.	3.2734
533	19	</s>	25.7493
534	1	they	6.37172
534	2	reported	11.2987
534	3	that	1.06934
534	4	the	2.41116
534	5	executive	12.1971
534	6	said	11.155
534	7	a	8.25788
534	8	reporter	12.875
534	9	believed	14.1865
534	10	the	3.87627
534	11	client	13.2423
534	12	said	12.4449
534	13	the	4.51729
534	14	manager	13.6867
534	15	did	12.3931
534	16	promote	13.8559
534	17	the	4.49145
534	18	accountant	16.8457
534	19	yesterday	17.3641
534	20	.	3.2734
534	21	</s>	25.7493
535	1	they	6.37172
535	2	reported	11.2987
535	3	who	12.4486
535	4	the	8.96323
535	5	executive	12.7083
535	6	said	10.7408
535	7	a	8.25788
535	8	reporter	12.875
535	9	believed	14.1865
535	10	the	3.87627
535	11	client	13.2423
535	12	said	12.4449
535	13	did	12.5476
535	14	promote	13.5267
535	15	the	4.49145
535	16	accountant	16.8457
535	17	yesterday	17.3641
535	18	.	3.2734
535	19	</s>	25.7493
536	1	they	6.37172
536	2	reported	11.2987
536	3	who	12.4486
536	4	the	8.96323
536	5	executive	12.7083
536	6	said	10.7408
536	7	a	8.25788
536	8	reporter	12.875
536	9	believed	14.1865
536	10	the	3.87627
536	11	client	13.2423
536	12	said	12.4449
536	13	the	4.51729
536	14	manager	13.6867
536	15	did	12.3931
536	16	promote	13.8559
536	17	the	4.49145
536	18	accountant	16.8457
536	19	yesterday	17.3641
536	20	.	3.2734
536	21	</s>	25.7493
537	1	they	6.37172
537	2	reported	11.2987
537	3	that	1.06934
537	4	the	2.41116
537	5	executive	12.1971
537	6	said	11.155
537	7	a	8.25788
537	8	reporter	12.875
537	9	believed	14.1865
537	10	the	3.87627
537	11	client	13.2423
537	12	said	12.4449
537	13	did	12.5476
537	14	promote	13.5267
537	15	the	4.49145
537	16	accountant	16.8457
537	17	yesterday	17.3641
537	18	.	3.2734
537	19	</s>	25.7493
538	1	they	6.37172
538	2	reported	11.2987
538	3	that	1.06934
538	4	the	2.41116
538	5	executive	12.1971
538	6	said	11.155
538	7	a	8.25788
538	8	reporter	12.875
538	9	believed	14.1865
538	10	the	3.87627
538	11	client	13.2423
538	12	said	12.4449
538	13	the	4.51729
538	14	manager	13.6867
538	15	did	12.3931
538	16	promote	13.8559
538	17	the	4.49145
538	18	accountant	16.8457
538	19	yesterday	17.3641
538	20	.	3.2734
538	21	</s>	25.7493
539	1	they	6.37172
539	2	reported	11.2987
539	3	who	12.4486
539	4	the	8.96323
539	5	executive	12.7083
539	6	said	10.7408
539	7	a	8.25788
539	8	reporter	12.875
539	9	believed	14.1865
539	10	the	3.87627
539	11	client	13.2423
539	12	said	12.4449
539	13	did	12.5476
539	14	promote	13.5267
539	15	the	4.49145
539	16	accountant	16.8457
539	17	yesterday	17.3641
539	18	.	3.2734
539	19	</s>	25.7493
540	1	they	6.37172
540	2	reported	11.2987
540	3	who	12.4486
540	4	the	8.96323
540	5	executive	12.7083
540	6	said	10.7408
540	7	a	8.25788
540	8	reporter	12.875
540	9	believed	14.1865
540	10	the	3.87627
540	11	client	13.2423
540	12	said	12.4449
540	13	the	4.51729
540	14	manager	13.6867
540	15	did	12.3931
540	16	promote	13.8559
540	17	the	4.49145
540	18	accountant	16.8457
540	19	yesterday	17.3641
540	20	.	3.2734
540	21	</s>	25.7493
541	1	he	4.43708
541	2	reported	10.9023
541	3	that	1.2922
541	4	will	8.91044
541	5	abandon	13.2525
541	6	his	4.81987
541	7	partner	10.6474
541	8	in	5.37862
541	9	the	2.36448
541	10	desert	10.7371
541	11	.	2.49903
541	12	</s>	27.1167
542	1	he	4.43708
542	2	reported	10.9023
542	3	that	1.2922
542	4	the	2.05663
542	5	cowboy	15.8497
542	6	will	8.62422
542	7	abandon	13.6838
542	8	his	4.81987
542	9	partner	10.6474
542	10	in	5.37862
542	11	the	2.36448
542	12	desert	10.7371
542	13	.	2.49903
542	14	</s>	27.1167
543	1	he	4.43708
543	2	reported	10.9023
543	3	who	12.6639
543	4	will	7.71681
543	5	abandon	13.0286
543	6	his	4.81987
543	7	partner	10.6474
543	8	in	5.37862
543	9	the	2.36448
543	10	desert	10.7371
543	11	.	2.49903
543	12	</s>	27.1167
544	1	he	4.43708
544	2	reported	10.9023
544	3	who	12.6639
544	4	the	8.96323
544	5	cowboy	15.2768
544	6	will	8.62422
544	7	abandon	13.6838
544	8	his	4.81987
544	9	partner	10.6474
544	10	in	5.37862
544	11	the	2.36448
544	12	desert	10.7371
544	13	.	2.49903
544	14	</s>	27.1167
545	1	he	4.43708
545	2	reported	10.9023
545	3	that	1.2922
545	4	the	2.05663
545	5	farmer	13.472
545	6	said	10.1117
545	7	will	11.0337
545	8	abandon	12.8784
545	9	his	4.81987
545	10	partner	10.6474
545	11	in	5.37862
545	12	the	2.36448
545	13	desert	10.7371
545	14	.	2.49903
545	15	</s>	27.1167
546	1	he	4.43708
546	2	reported	10.9023
546	3	that	1.2922
546	4	the	2.05663
546	5	farmer	13.472
546	6	said	10.1117
546	7	the	4.51729
546	8	cowboy	15.4595
546	9	will	8.62422
546	10	abandon	13.6838
546	11	his	4.81987
546	12	partner	10.6474
546	13	in	5.37862
546	14	the	2.36448
546	15	desert	10.7371
546	16	.	2.49903
546	17	</s>	27.1167
547	1	he	4.43708
547	2	reported	10.9023
547	3	who	12.6639
547	4	the	8.96323
547	5	farmer	14.4156
547	6	said	9.82373
547	7	will	11.0337
547	8	abandon	12.8784
547	9	his	4.81987
547	10	partner	10.6474
547	11	in	5.37862
547	12	the	2.36448
547	13	desert	10.7371
547	14	.	2.49903
547	15	</s>	27.1167
548	1	he	4.43708
548	2	reported	10.9023
548	3	who	12.6639
548	4	the	8.96323
548	5	farmer	14.4156
548	6	said	9.82373
548	7	the	4.51729
548	8	cowboy	15.4595
548	9	will	8.62422
548	10	abandon	13.6838
548	11	his	4.81987
548	12	partner	10.6474
548	13	in	5.37862
548	14	the	2.36448
548	15	desert	10.7371
548	16	.	2.49903
548	17	</s>	27.1167
549	1	he	4.43708
549	2	reported	10.9023
549	3	that	1.2922
549	4	the	2.05663
549	5	farmer	13.472
549	6	said	10.1117
549	7	his	6.83762
549	8	friend	9.31131
549	9	reported	13.4028
549	10	will	11.7101
549	11	abandon	12.8626
549	12	his	4.81987
549	13	partner	10.6474
549	14	in	5.37862
549	15	the	2.36448
549	16	desert	10.7371
549	17	.	2.49903
549	18	</s>	27.1167
550	1	he	4.43708
550	2	reported	10.9023
550	3	that	1.2922
550	4	the	2.05663
550	5	farmer	13.472
550	6	said	10.1117
550	7	his	6.83762
550	8	friend	9.31131
550	9	reported	13.4028
550	10	the	4.76018
550	11	cowboy	15.4119
550	12	will	8.62422
550	13	abandon	13.6838
550	14	his	4.81987
550	15	partner	10.6474
550	16	in	5.37862
550	17	the	2.36448
550	18	desert	10.7371
550	19	.	2.49903
550	20	</s>	27.1167
551	1	he	4.43708
551	2	reported	10.9023
551	3	who	12.6639
551	4	the	8.96323
551	5	farmer	14.4156
551	6	said	9.82373
551	7	his	6.83762
551	8	friend	9.31131
551	9	reported	13.4028
551	10	will	11.7101
551	11	abandon	12.8626
551	12	his	4.81987
551	13	partner	10.6474
551	14	in	5.37862
551	15	the	2.36448
551	16	desert	10.7371
551	17	.	2.49903
551	18	</s>	27.1167
552	1	he	4.43708
552	2	reported	10.9023
552	3	who	12.6639
552	4	the	8.96323
552	5	farmer	14.4156
552	6	said	9.82373
552	7	his	6.83762
552	8	friend	9.31131
552	9	reported	13.4028
552	10	the	4.76018
552	11	cowboy	15.4119
552	12	will	8.62422
552	13	abandon	13.6838
552	14	his	4.81987
552	15	partner	10.6474
552	16	in	5.37862
552	17	the	2.36448
552	18	desert	10.7371
552	19	.	2.49903
552	20	</s>	27.1167
553	1	he	4.43708
553	2	reported	10.9023
553	3	that	1.2922
553	4	the	2.05663
553	5	farmer	13.472
553	6	said	10.1117
553	7	his	6.83762
553	8	friend	9.31131
553	9	reported	13.4028
553	10	he	8.37548
553	11	believed	9.80764
553	12	will	12.5847
553	13	abandon	12.8626
553	14	his	4.81987
553	15	partner	10.6474
553	16	in	5.37862
553	17	the	2.36448
553	18	desert	10.7371
553	19	.	2.49903
553	20	</s>	27.1167
554	1	he	4.43708
554	2	reported	10.9023
554	3	that	1.2922
554	4	the	2.05663
554	5	farmer	13.472
554	6	said	10.1117
554	7	his	6.83762
554	8	friend	9.31131
554	9	reported	13.4028
554	10	he	8.37548
554	11	believed	9.80764
554	12	the	4.34857
554	13	cowboy	15.1519
554	14	will	8.62422
554	15	abandon	13.6838
554	16	his	4.81987
554	17	partner	10.6474
554	18	in	5.37862
554	19	the	2.36448
554	20	desert	10.7371
554	21	.	2.49903
554	22	</s>	27.1167
555	1	he	4.43708
555	2	reported	10.9023
555	3	who	12.6639
555	4	the	8.96323
555	5	farmer	14.4156
555	6	said	9.82373
555	7	his	6.83762
555	8	friend	9.31131
555	9	reported	13.4028
555	10	he	8.37548
555	11	believed	9.80764
555	12	will	12.5847
555	13	abandon	12.8626
555	14	his	4.81987
555	15	partner	10.6474
555	16	in	5.37862
555	17	the	2.36448
555	18	desert	10.7371
555	19	.	2.49903
555	20	</s>	27.1167
556	1	he	4.43708
556	2	reported	10.9023
556	3	who	12.6639
556	4	the	8.96323
556	5	farmer	14.4156
556	6	said	9.82373
556	7	his	6.83762
556	8	friend	9.31131
556	9	reported	13.4028
556	10	he	8.37548
556	11	believed	9.80764
556	12	the	4.34857
556	13	cowboy	15.1519
556	14	will	8.62422
556	15	abandon	13.6838
556	16	his	4.81987
556	17	partner	10.6474
556	18	in	5.37862
556	19	the	2.36448
556	20	desert	10.7371
556	21	.	2.49903
556	22	</s>	27.1167
557	1	he	4.43708
557	2	reported	10.9023
557	3	that	1.2922
557	4	the	2.05663
557	5	farmer	13.472
557	6	said	10.1117
557	7	his	6.83762
557	8	friend	9.31131
557	9	reported	13.4028
557	10	he	8.37548
557	11	believed	9.80764
557	12	will	12.5847
557	13	abandon	12.8626
557	14	his	4.81987
557	15	partner	10.6474
557	16	in	5.37862
557	17	the	2.36448
557	18	desert	10.7371
557	19	.	2.49903
557	20	</s>	27.1167
558	1	he	4.43708
558	2	reported	10.9023
558	3	that	1.2922
558	4	the	2.05663
558	5	farmer	13.472
558	6	said	10.1117
558	7	his	6.83762
558	8	friend	9.31131
558	9	reported	13.4028
558	10	he	8.37548
558	11	believed	9.80764
558	12	the	4.34857
558	13	cowboy	15.1519
558	14	will	8.62422
558	15	abandon	13.6838
558	16	his	4.81987
558	17	partner	10.6474
558	18	in	5.37862
558	19	the	2.36448
558	20	desert	10.7371
558	21	.	2.49903
558	22	</s>	27.1167
559	1	he	4.43708
559	2	reported	10.9023
559	3	who	12.6639
559	4	the	8.96323
559	5	farmer	14.4156
559	6	said	9.82373
559	7	his	6.83762
559	8	friend	9.31131
559	9	reported	13.4028
559	10	he	8.37548
559	11	believed	9.80764
559	12	will	12.5847
559	13	abandon	12.8626
559	14	his	4.81987
559	15	partner	10.6474
559	16	in	5.37862
559	17	the	2.36448
559	18	desert	10.7371
559	19	.	2.49903
559	20	</s>	27.1167
560	1	he	4.43708
560	2	reported	10.9023
560	3	who	12.6639
560	4	the	8.96323
560	5	farmer	14.4156
560	6	said	9.82373
560	7	his	6.83762
560	8	friend	9.31131
560	9	reported	13.4028
560	10	he	8.37548
560	11	believed	9.80764
560	12	the	4.34857
560	13	cowboy	15.1519
560	14	will	8.62422
560	15	abandon	13.6838
560	16	his	4.81987
560	17	partner	10.6474
560	18	in	5.37862
560	19	the	2.36448
560	20	desert	10.7371
560	21	.	2.49903
560	22	</s>	27.1167
561	1	they	6.37172
561	2	know	11.9019
561	3	that	3.79528
561	4	should	10.8568
561	5	reassure	22.8633
561	6	the	3.60481
561	7	old	10.3228
561	8	woman	8.0687
561	9	at	7.42708
561	10	the	1.47003
561	11	hospital	5.19383
561	12	.	2.76526
561	13	</s>	26.8943
562	1	they	6.37172
562	2	know	11.9019
562	3	that	3.79528
562	4	the	2.53449
562	5	nurse	15.3165
562	6	should	9.42698
562	7	reassure	22.0276
562	8	the	3.60481
562	9	old	10.3228
562	10	woman	8.0687
562	11	at	7.42708
562	12	the	1.47003
562	13	hospital	5.19383
562	14	.	2.76526
562	15	</s>	26.8943
563	1	they	6.37172
563	2	know	11.9019
563	3	who	7.38908
563	4	should	10.0243
563	5	reassure	22.3525
563	6	the	3.60481
563	7	old	10.3228
563	8	woman	8.0687
563	9	at	7.42708
563	10	the	1.47003
563	11	hospital	5.19383
563	12	.	2.76526
563	13	</s>	26.8943
564	1	they	6.37172
564	2	know	11.9019
564	3	who	7.38908
564	4	the	5.01207
564	5	nurse	14.9182
564	6	should	9.42698
564	7	reassure	22.0276
564	8	the	3.60481
564	9	old	10.3228
564	10	woman	8.0687
564	11	at	7.42708
564	12	the	1.47003
564	13	hospital	5.19383
564	14	.	2.76526
564	15	</s>	26.8943
565	1	they	6.37172
565	2	know	11.9019
565	3	that	3.79528
565	4	the	2.53449
565	5	doctor	10.7618
565	6	believed	13.278
565	7	should	10.8099
565	8	reassure	22.0276
565	9	the	3.60481
565	10	old	10.3228
565	11	woman	8.0687
565	12	at	7.42708
565	13	the	1.47003
565	14	hospital	5.19383
565	15	.	2.76526
565	16	</s>	26.8943
566	1	they	6.37172
566	2	know	11.9019
566	3	that	3.79528
566	4	the	2.53449
566	5	doctor	10.7618
566	6	believed	13.278
566	7	the	3.87627
566	8	nurse	14.7165
566	9	should	9.42698
566	10	reassure	22.0276
566	11	the	3.60481
566	12	old	10.3228
566	13	woman	8.0687
566	14	at	7.42708
566	15	the	1.47003
566	16	hospital	5.19383
566	17	.	2.76526
566	18	</s>	26.8943
567	1	they	6.37172
567	2	know	11.9019
567	3	who	7.38908
567	4	the	5.01207
567	5	doctor	7.88614
567	6	believed	12.9061
567	7	should	10.8099
567	8	reassure	22.0276
567	9	the	3.60481
567	10	old	10.3228
567	11	woman	8.0687
567	12	at	7.42708
567	13	the	1.47003
567	14	hospital	5.19383
567	15	.	2.76526
567	16	</s>	26.8943
568	1	they	6.37172
568	2	know	11.9019
568	3	who	7.38908
568	4	the	5.01207
568	5	doctor	7.88614
568	6	believed	12.9061
568	7	the	3.87627
568	8	nurse	14.7165
568	9	should	9.42698
568	10	reassure	22.0276
568	11	the	3.60481
568	12	old	10.3228
568	13	woman	8.0687
568	14	at	7.42708
568	15	the	1.47003
568	16	hospital	5.19383
568	17	.	2.76526
568	18	</s>	26.8943
569	1	they	6.37172
569	2	know	11.9019
569	3	that	3.79528
569	4	the	2.53449
569	5	doctor	10.7618
569	6	believed	13.278
569	7	the	3.87627
569	8	man	11.3386
569	9	said	9.6055
569	10	should	12.6793
569	11	reassure	22.4467
569	12	the	3.60481
569	13	old	10.3228
569	14	woman	8.0687
569	15	at	7.42708
569	16	the	1.47003
569	17	hospital	5.19383
569	18	.	2.76526
569	19	</s>	26.8943
570	1	they	6.37172
570	2	know	11.9019
570	3	that	3.79528
570	4	the	2.53449
570	5	doctor	10.7618
570	6	believed	13.278
570	7	the	3.87627
570	8	man	11.3386
570	9	said	9.6055
570	10	the	4.64906
570	11	nurse	15.0166
570	12	should	9.42698
570	13	reassure	22.0276
570	14	the	3.60481
570	15	old	10.3228
570	16	woman	8.0687
570	17	at	7.42708
570	18	the	1.47003
570	19	hospital	5.19383
570	20	.	2.76526
570	21	</s>	26.8943
571	1	they	6.37172
571	2	know	11.9019
571	3	who	7.38908
571	4	the	5.01207
571	5	doctor	7.88614
571	6	believed	12.9061
571	7	the	3.87627
571	8	man	11.3386
571	9	said	9.6055
571	10	should	12.6793
571	11	reassure	22.4467
571	12	the	3.60481
571	13	old	10.3228
571	14	woman	8.0687
571	15	at	7.42708
571	16	the	1.47003
571	17	hospital	5.19383
571	18	.	2.76526
571	19	</s>	26.8943
572	1	they	6.37172
572	2	know	11.9019
572	3	who	7.38908
572	4	the	5.01207
572	5	doctor	7.88614
572	6	believed	12.9061
572	7	the	3.87627
572	8	man	11.3386
572	9	said	9.6055
572	10	the	4.64906
572	11	nurse	15.0166
572	12	should	9.42698
572	13	reassure	22.0276
572	14	the	3.60481
572	15	old	10.3228
572	16	woman	8.0687
572	17	at	7.42708
572	18	the	1.47003
572	19	hospital	5.19383
572	20	.	2.76526
572	21	</s>	26.8943
573	1	they	6.37172
573	2	know	11.9019
573	3	that	3.79528
573	4	the	2.53449
573	5	doctor	10.7618
573	6	believed	13.278
573	7	the	3.87627
573	8	man	11.3386
573	9	said	9.6055
573	10	he	4.34265
573	11	thought	6.54357
573	12	should	10.5337
573	13	reassure	21.9489
573	14	the	3.60481
573	15	old	10.3228
573	16	woman	8.0687
573	17	at	7.42708
573	18	the	1.47003
573	19	hospital	5.19383
573	20	.	2.76526
573	21	</s>	26.8943
574	1	they	6.37172
574	2	know	11.9019
574	3	that	3.79528
574	4	the	2.53449
574	5	doctor	10.7618
574	6	believed	13.278
574	7	the	3.87627
574	8	man	11.3386
574	9	said	9.6055
574	10	he	4.34265
574	11	thought	6.54357
574	12	the	4.42331
574	13	nurse	14.892
574	14	should	9.42698
574	15	reassure	22.0276
574	16	the	3.60481
574	17	old	10.3228
574	18	woman	8.0687
574	19	at	7.42708
574	20	the	1.47003
574	21	hospital	5.19383
574	22	.	2.76526
574	23	</s>	26.8943
575	1	they	6.37172
575	2	know	11.9019
575	3	who	7.38908
575	4	the	5.01207
575	5	doctor	7.88614
575	6	believed	12.9061
575	7	the	3.87627
575	8	man	11.3386
575	9	said	9.6055
575	10	he	4.34265
575	11	thought	6.54357
575	12	should	10.5337
575	13	reassure	21.9489
575	14	the	3.60481
575	15	old	10.3228
575	16	woman	8.0687
575	17	at	7.42708
575	18	the	1.47003
575	19	hospital	5.19383
575	20	.	2.76526
575	21	</s>	26.8943
576	1	they	6.37172
576	2	know	11.9019
576	3	who	7.38908
576	4	the	5.01207
576	5	doctor	7.88614
576	6	believed	12.9061
576	7	the	3.87627
576	8	man	11.3386
576	9	said	9.6055
576	10	he	4.34265
576	11	thought	6.54357
576	12	the	4.42331
576	13	nurse	14.892
576	14	should	9.42698
576	15	reassure	22.0276
576	16	the	3.60481
576	17	old	10.3228
576	18	woman	8.0687
576	19	at	7.42708
576	20	the	1.47003
576	21	hospital	5.19383
576	22	.	2.76526
576	23	</s>	26.8943
577	1	they	6.37172
577	2	know	11.9019
577	3	that	3.79528
577	4	the	2.53449
577	5	doctor	10.7618
577	6	believed	13.278
577	7	the	3.87627
577	8	man	11.3386
577	9	said	9.6055
577	10	he	4.34265
577	11	thought	6.54357
577	12	should	10.5337
577	13	reassure	21.9489
577	14	the	3.60481
577	15	old	10.3228
577	16	woman	8.0687
577	17	at	7.42708
577	18	the	1.47003
577	19	hospital	5.19383
577	20	.	2.76526
577	21	</s>	26.8943
578	1	they	6.37172
578	2	know	11.9019
578	3	that	3.79528
578	4	the	2.53449
578	5	doctor	10.7618
578	6	believed	13.278
578	7	the	3.87627
578	8	man	11.3386
578	9	said	9.6055
578	10	he	4.34265
578	11	thought	6.54357
578	12	the	4.42331
578	13	nurse	14.892
578	14	should	9.42698
578	15	reassure	22.0276
578	16	the	3.60481
578	17	old	10.3228
578	18	woman	8.0687
578	19	at	7.42708
578	20	the	1.47003
578	21	hospital	5.19383
578	22	.	2.76526
578	23	</s>	26.8943
579	1	they	6.37172
579	2	know	11.9019
579	3	who	7.38908
579	4	the	5.01207
579	5	doctor	7.88614
579	6	believed	12.9061
579	7	the	3.87627
579	8	man	11.3386
579	9	said	9.6055
579	10	he	4.34265
579	11	thought	6.54357
579	12	should	10.5337
579	13	reassure	21.9489
579	14	the	3.60481
579	15	old	10.3228
579	16	woman	8.0687
579	17	at	7.42708
579	18	the	1.47003
579	19	hospital	5.19383
579	20	.	2.76526
579	21	</s>	26.8943
580	1	they	6.37172
580	2	know	11.9019
580	3	who	7.38908
580	4	the	5.01207
580	5	doctor	7.88614
580	6	believed	12.9061
580	7	the	3.87627
580	8	man	11.3386
580	9	said	9.6055
580	10	he	4.34265
580	11	thought	6.54357
580	12	the	4.42331
580	13	nurse	14.892
580	14	should	9.42698
580	15	reassure	22.0276
580	16	the	3.60481
580	17	old	10.3228
580	18	woman	8.0687
580	19	at	7.42708
580	20	the	1.47003
580	21	hospital	5.19383
580	22	.	2.76526
580	23	</s>	26.8943
581	1	she	6.52858
581	2	knows	11.9031
581	3	that	2.62183
581	4	did	9.99222
581	5	thank	21.2537
581	6	the	4.47359
581	7	waitress	16.4627
581	8	after	10.3426
581	9	the	3.49999
581	10	meal	11.6994
581	11	.	3.79528
581	12	</s>	22.7871
582	1	she	6.52858
582	2	knows	11.9031
582	3	that	2.62183
582	4	the	3.70626
582	5	woman	10.5893
582	6	did	8.84502
582	7	thank	19.9728
582	8	the	4.47359
582	9	waitress	16.4627
582	10	after	10.3426
582	11	the	3.49999
582	12	meal	11.6994
582	13	.	3.79528
582	14	</s>	22.7871
583	1	she	6.52858
583	2	knows	11.9031
583	3	who	6.14725
583	4	did	7.50207
583	5	thank	20.3295
583	6	the	4.47359
583	7	waitress	16.4627
583	8	after	10.3426
583	9	the	3.49999
583	10	meal	11.6994
583	11	.	3.79528
583	12	</s>	22.7871
584	1	she	6.52858
584	2	knows	11.9031
584	3	who	6.14725
584	4	the	3.6838
584	5	woman	7.80189
584	6	did	9.35545
584	7	thank	19.9728
584	8	the	4.47359
584	9	waitress	16.4627
584	10	after	10.3426
584	11	the	3.49999
584	12	meal	11.6994
584	13	.	3.79528
584	14	</s>	22.7871
585	1	she	6.52858
585	2	knows	11.9031
585	3	that	2.62183
585	4	the	3.70626
585	5	waiter	16.9136
585	6	said	11.8234
585	7	did	12.5476
585	8	thank	19.3414
585	9	the	4.47359
585	10	waitress	16.4627
585	11	after	10.3426
585	12	the	3.49999
585	13	meal	11.6994
585	14	.	3.79528
585	15	</s>	22.7871
586	1	she	6.52858
586	2	knows	11.9031
586	3	that	2.62183
586	4	the	3.70626
586	5	waiter	16.9136
586	6	said	11.8234
586	7	the	4.51729
586	8	woman	12.5589
586	9	did	8.6838
586	10	thank	19.9728
586	11	the	4.47359
586	12	waitress	16.4627
586	13	after	10.3426
586	14	the	3.49999
586	15	meal	11.6994
586	16	.	3.79528
586	17	</s>	22.7871
587	1	she	6.52858
587	2	knows	11.9031
587	3	who	6.14725
587	4	the	3.6838
587	5	waiter	16.4457
587	6	said	11.8234
587	7	did	12.5476
587	8	thank	19.3414
587	9	the	4.47359
587	10	waitress	16.4627
587	11	after	10.3426
587	12	the	3.49999
587	13	meal	11.6994
587	14	.	3.79528
587	15	</s>	22.7871
588	1	she	6.52858
588	2	knows	11.9031
588	3	who	6.14725
588	4	the	3.6838
588	5	waiter	16.4457
588	6	said	11.8234
588	7	the	4.51729
588	8	woman	12.5589
588	9	did	8.6838
588	10	thank	19.9728
588	11	the	4.47359
588	12	waitress	16.4627
588	13	after	10.3426
588	14	the	3.49999
588	15	meal	11.6994
588	16	.	3.79528
588	17	</s>	22.7871
589	1	she	6.52858
589	2	knows	11.9031
589	3	that	2.62183
589	4	the	3.70626
589	5	waiter	16.9136
589	6	said	11.8234
589	7	the	4.51729
589	8	woman	12.5589
589	9	believed	13.7489
589	10	did	10.8099
589	11	thank	19.9828
589	12	the	4.47359
589	13	waitress	16.4627
589	14	after	10.3426
589	15	the	3.49999
589	16	meal	11.6994
589	17	.	3.79528
589	18	</s>	22.7871
590	1	she	6.52858
590	2	knows	11.9031
590	3	that	2.62183
590	4	the	3.70626
590	5	waiter	16.9136
590	6	said	11.8234
590	7	the	4.51729
590	8	woman	12.5589
590	9	believed	13.7489
590	10	the	3.87627
590	11	woman	12.2588
590	12	did	8.6838
590	13	thank	19.9728
590	14	the	4.47359
590	15	waitress	16.4627
590	16	after	10.3426
590	17	the	3.49999
590	18	meal	11.6994
590	19	.	3.79528
590	20	</s>	22.7871
591	1	she	6.52858
591	2	knows	11.9031
591	3	who	6.14725
591	4	the	3.6838
591	5	waiter	16.4457
591	6	said	11.8234
591	7	the	4.51729
591	8	woman	12.5589
591	9	believed	13.7489
591	10	did	10.8099
591	11	thank	19.9828
591	12	the	4.47359
591	13	waitress	16.4627
591	14	after	10.3426
591	15	the	3.49999
591	16	meal	11.6994
591	17	.	3.79528
591	18	</s>	22.7871
592	1	she	6.52858
592	2	knows	11.9031
592	3	who	6.14725
592	4	the	3.6838
592	5	waiter	16.4457
592	6	said	11.8234
592	7	the	4.51729
592	8	woman	12.5589
592	9	believed	13.7489
592	10	the	3.87627
592	11	woman	12.2588
592	12	did	8.6838
592	13	thank	19.9728
592	14	the	4.47359
592	15	waitress	16.4627
592	16	after	10.3426
592	17	the	3.49999
592	18	meal	11.6994
592	19	.	3.79528
592	20	</s>	22.7871
593	1	she	6.52858
593	2	knows	11.9031
593	3	that	2.62183
593	4	the	3.70626
593	5	waiter	16.9136
593	6	said	11.8234
593	7	the	4.51729
593	8	woman	12.5589
593	9	believed	13.7489
593	10	she	6.76858
593	11	remembered	11.6071
593	12	did	11.8174
593	13	thank	19.5471
593	14	the	4.47359
593	15	waitress	16.4627
593	16	after	10.3426
593	17	the	3.49999
593	18	meal	11.6994
593	19	.	3.79528
593	20	</s>	22.7871
594	1	she	6.52858
594	2	knows	11.9031
594	3	that	2.62183
594	4	the	3.70626
594	5	waiter	16.9136
594	6	said	11.8234
594	7	the	4.51729
594	8	woman	12.5589
594	9	believed	13.7489
594	10	she	6.76858
594	11	remembered	11.6071
594	12	the	4.52391
594	13	woman	12.1059
594	14	did	8.6838
594	15	thank	19.9728
594	16	the	4.47359
594	17	waitress	16.4627
594	18	after	10.3426
594	19	the	3.49999
594	20	meal	11.6994
594	21	.	3.79528
594	22	</s>	22.7871
595	1	she	6.52858
595	2	knows	11.9031
595	3	who	6.14725
595	4	the	3.6838
595	5	waiter	16.4457
595	6	said	11.8234
595	7	the	4.51729
595	8	woman	12.5589
595	9	believed	13.7489
595	10	she	6.76858
595	11	remembered	11.6071
595	12	did	11.8174
595	13	thank	19.5471
595	14	the	4.47359
595	15	waitress	16.4627
595	16	after	10.3426
595	17	the	3.49999
595	18	meal	11.6994
595	19	.	3.79528
595	20	</s>	22.7871
596	1	she	6.52858
596	2	knows	11.9031
596	3	who	6.14725
596	4	the	3.6838
596	5	waiter	16.4457
596	6	said	11.8234
596	7	the	4.51729
596	8	woman	12.5589
596	9	believed	13.7489
596	10	she	6.76858
596	11	remembered	11.6071
596	12	the	4.52391
596	13	woman	12.1059
596	14	did	8.6838
596	15	thank	19.9728
596	16	the	4.47359
596	17	waitress	16.4627
596	18	after	10.3426
596	19	the	3.49999
596	20	meal	11.6994
596	21	.	3.79528
596	22	</s>	22.7871
597	1	she	6.52858
597	2	knows	11.9031
597	3	that	2.62183
597	4	the	3.70626
597	5	waiter	16.9136
597	6	said	11.8234
597	7	the	4.51729
597	8	woman	12.5589
597	9	believed	13.7489
597	10	she	6.76858
597	11	remembered	11.6071
597	12	did	11.8174
597	13	thank	19.5471
597	14	the	4.47359
597	15	waitress	16.4627
597	16	after	10.3426
597	17	the	3.49999
597	18	meal	11.6994
597	19	.	3.79528
597	20	</s>	22.7871
598	1	she	6.52858
598	2	knows	11.9031
598	3	that	2.62183
598	4	the	3.70626
598	5	waiter	16.9136
598	6	said	11.8234
598	7	the	4.51729
598	8	woman	12.5589
598	9	believed	13.7489
598	10	she	6.76858
598	11	remembered	11.6071
598	12	the	4.52391
598	13	woman	12.1059
598	14	did	8.6838
598	15	thank	19.9728
598	16	the	4.47359
598	17	waitress	16.4627
598	18	after	10.3426
598	19	the	3.49999
598	20	meal	11.6994
598	21	.	3.79528
598	22	</s>	22.7871
599	1	she	6.52858
599	2	knows	11.9031
599	3	who	6.14725
599	4	the	3.6838
599	5	waiter	16.4457
599	6	said	11.8234
599	7	the	4.51729
599	8	woman	12.5589
599	9	believed	13.7489
599	10	she	6.76858
599	11	remembered	11.6071
599	12	did	11.8174
599	13	thank	19.5471
599	14	the	4.47359
599	15	waitress	16.4627
599	16	after	10.3426
599	17	the	3.49999
599	18	meal	11.6994
599	19	.	3.79528
599	20	</s>	22.7871
600	1	she	6.52858
600	2	knows	11.9031
600	3	who	6.14725
600	4	the	3.6838
600	5	waiter	16.4457
600	6	said	11.8234
600	7	the	4.51729
600	8	woman	12.5589
600	9	believed	13.7489
600	10	she	6.76858
600	11	remembered	11.6071
600	12	the	4.52391
600	13	woman	12.1059
600	14	did	8.6838
600	15	thank	19.9728
600	16	the	4.47359
600	17	waitress	16.4627
600	18	after	10.3426
600	19	the	3.49999
600	20	meal	11.6994
600	21	.	3.79528
600	22	</s>	22.7871
601	1	he	4.43708
601	2	knows	11.9494
601	3	that	2.7177
601	4	might	9.93988
601	5	interrogate	22.0049
601	6	the	4.73332
601	7	spy	15.0835
601	8	in	5.29149
601	9	the	1.85506
601	10	prison	11.9155
601	11	.	3.28386
601	12	</s>	25.0463
602	1	he	4.43708
602	2	knows	11.9494
602	3	that	2.7177
602	4	the	3.64053
602	5	police	9.69857
602	6	might	15.3564
602	7	interrogate	21.4103
602	8	the	4.73332
602	9	spy	15.0835
602	10	in	5.29149
602	11	the	1.85506
602	12	prison	11.9155
602	13	.	3.28386
602	14	</s>	25.0463
603	1	he	4.43708
603	2	knows	11.9494
603	3	who	8.10265
603	4	might	9.15824
603	5	interrogate	21.7587
603	6	the	4.73332
603	7	spy	15.0835
603	8	in	5.29149
603	9	the	1.85506
603	10	prison	11.9155
603	11	.	3.28386
603	12	</s>	25.0463
604	1	he	4.43708
604	2	knows	11.9494
604	3	who	8.10265
604	4	the	3.8854
604	5	police	11.3625
604	6	might	14.699
604	7	interrogate	21.4103
604	8	the	4.73332
604	9	spy	15.0835
604	10	in	5.29149
604	11	the	1.85506
604	12	prison	11.9155
604	13	.	3.28386
604	14	</s>	25.0463
605	1	he	4.43708
605	2	knows	11.9494
605	3	that	2.7177
605	4	the	3.64053
605	5	inspector	15.7446
605	6	said	10.855
605	7	might	13.6667
605	8	interrogate	21.4103
605	9	the	4.73332
605	10	spy	15.0835
605	11	in	5.29149
605	12	the	1.85506
605	13	prison	11.9155
605	14	.	3.28386
605	15	</s>	25.0463
606	1	he	4.43708
606	2	knows	11.9494
606	3	that	2.7177
606	4	the	3.64053
606	5	inspector	15.7446
606	6	said	10.855
606	7	the	4.51729
606	8	police	10.3593
606	9	might	14.699
606	10	interrogate	21.4103
606	11	the	4.73332
606	12	spy	15.0835
606	13	in	5.29149
606	14	the	1.85506
606	15	prison	11.9155
606	16	.	3.28386
606	17	</s>	25.0463
607	1	he	4.43708
607	2	knows	11.9494
607	3	who	8.10265
607	4	the	3.8854
607	5	inspector	15.2768
607	6	said	10.855
607	7	might	13.6667
607	8	interrogate	21.4103
607	9	the	4.73332
607	10	spy	15.0835
607	11	in	5.29149
607	12	the	1.85506
607	13	prison	11.9155
607	14	.	3.28386
607	15	</s>	25.0463
608	1	he	4.43708
608	2	knows	11.9494
608	3	who	8.10265
608	4	the	3.8854
608	5	inspector	15.2768
608	6	said	10.855
608	7	the	4.51729
608	8	police	10.3593
608	9	might	14.699
608	10	interrogate	21.4103
608	11	the	4.73332
608	12	spy	15.0835
608	13	in	5.29149
608	14	the	1.85506
608	15	prison	11.9155
608	16	.	3.28386
608	17	</s>	25.0463
609	1	he	4.43708
609	2	knows	11.9494
609	3	that	2.7177
609	4	the	3.64053
609	5	inspector	15.7446
609	6	said	10.855
609	7	the	4.51729
609	8	man	9.44883
609	9	reported	12.4041
609	10	might	13.0811
609	11	interrogate	21.4103
609	12	the	4.73332
609	13	spy	15.0835
609	14	in	5.29149
609	15	the	1.85506
609	16	prison	11.9155
609	17	.	3.28386
609	18	</s>	25.0463
610	1	he	4.43708
610	2	knows	11.9494
610	3	that	2.7177
610	4	the	3.64053
610	5	inspector	15.7446
610	6	said	10.855
610	7	the	4.51729
610	8	man	9.44883
610	9	reported	12.4041
610	10	the	4.76018
610	11	police	11.4976
610	12	might	14.699
610	13	interrogate	21.4103
610	14	the	4.73332
610	15	spy	15.0835
610	16	in	5.29149
610	17	the	1.85506
610	18	prison	11.9155
610	19	.	3.28386
610	20	</s>	25.0463
611	1	he	4.43708
611	2	knows	11.9494
611	3	who	8.10265
611	4	the	3.8854
611	5	inspector	15.2768
611	6	said	10.855
611	7	the	4.51729
611	8	man	9.44883
611	9	reported	12.4041
611	10	might	13.0811
611	11	interrogate	21.4103
611	12	the	4.73332
611	13	spy	15.0835
611	14	in	5.29149
611	15	the	1.85506
611	16	prison	11.9155
611	17	.	3.28386
611	18	</s>	25.0463
612	1	he	4.43708
612	2	knows	11.9494
612	3	who	8.10265
612	4	the	3.8854
612	5	inspector	15.2768
612	6	said	10.855
612	7	the	4.51729
612	8	man	9.44883
612	9	reported	12.4041
612	10	the	4.76018
612	11	police	11.4976
612	12	might	14.699
612	13	interrogate	21.4103
612	14	the	4.73332
612	15	spy	15.0835
612	16	in	5.29149
612	17	the	1.85506
612	18	prison	11.9155
612	19	.	3.28386
612	20	</s>	25.0463
613	1	he	4.43708
613	2	knows	11.9494
613	3	that	2.7177
613	4	the	3.64053
613	5	inspector	15.7446
613	6	said	10.855
613	7	the	4.51729
613	8	man	9.44883
613	9	reported	12.4041
613	10	he	8.37548
613	11	thought	9.89456
613	12	might	7.11838
613	13	interrogate	21.8813
613	14	the	4.73332
613	15	spy	15.0835
613	16	in	5.29149
613	17	the	1.85506
613	18	prison	11.9155
613	19	.	3.28386
613	20	</s>	25.0463
614	1	he	4.43708
614	2	knows	11.9494
614	3	that	2.7177
614	4	the	3.64053
614	5	inspector	15.7446
614	6	said	10.855
614	7	the	4.51729
614	8	man	9.44883
614	9	reported	12.4041
614	10	he	8.37548
614	11	thought	9.89456
614	12	the	4.14874
614	13	police	11.4205
614	14	might	14.699
614	15	interrogate	21.4103
614	16	the	4.73332
614	17	spy	15.0835
614	18	in	5.29149
614	19	the	1.85506
614	20	prison	11.9155
614	21	.	3.28386
614	22	</s>	25.0463
615	1	he	4.43708
615	2	knows	11.9494
615	3	who	8.10265
615	4	the	3.8854
615	5	inspector	15.2768
615	6	said	10.855
615	7	the	4.51729
615	8	man	9.44883
615	9	reported	12.4041
615	10	he	8.37548
615	11	thought	9.89456
615	12	might	7.11838
615	13	interrogate	21.8813
615	14	the	4.73332
615	15	spy	15.0835
615	16	in	5.29149
615	17	the	1.85506
615	18	prison	11.9155
615	19	.	3.28386
615	20	</s>	25.0463
616	1	he	4.43708
616	2	knows	11.9494
616	3	who	8.10265
616	4	the	3.8854
616	5	inspector	15.2768
616	6	said	10.855
616	7	the	4.51729
616	8	man	9.44883
616	9	reported	12.4041
616	10	he	8.37548
616	11	thought	9.89456
616	12	the	4.14874
616	13	police	11.4205
616	14	might	14.699
616	15	interrogate	21.4103
616	16	the	4.73332
616	17	spy	15.0835
616	18	in	5.29149
616	19	the	1.85506
616	20	prison	11.9155
616	21	.	3.28386
616	22	</s>	25.0463
617	1	he	4.43708
617	2	knows	11.9494
617	3	that	2.7177
617	4	the	3.64053
617	5	inspector	15.7446
617	6	said	10.855
617	7	the	4.51729
617	8	man	9.44883
617	9	reported	12.4041
617	10	he	8.37548
617	11	thought	9.89456
617	12	might	7.11838
617	13	interrogate	21.8813
617	14	the	4.73332
617	15	spy	15.0835
617	16	in	5.29149
617	17	the	1.85506
617	18	prison	11.9155
617	19	.	3.28386
617	20	</s>	25.0463
618	1	he	4.43708
618	2	knows	11.9494
618	3	that	2.7177
618	4	the	3.64053
618	5	inspector	15.7446
618	6	said	10.855
618	7	the	4.51729
618	8	man	9.44883
618	9	reported	12.4041
618	10	he	8.37548
618	11	thought	9.89456
618	12	the	4.14874
618	13	police	11.4205
618	14	might	14.699
618	15	interrogate	21.4103
618	16	the	4.73332
618	17	spy	15.0835
618	18	in	5.29149
618	19	the	1.85506
618	20	prison	11.9155
618	21	.	3.28386
618	22	</s>	25.0463
619	1	he	4.43708
619	2	knows	11.9494
619	3	who	8.10265
619	4	the	3.8854
619	5	inspector	15.2768
619	6	said	10.855
619	7	the	4.51729
619	8	man	9.44883
619	9	reported	12.4041
619	10	he	8.37548
619	11	thought	9.89456
619	12	might	7.11838
619	13	interrogate	21.8813
619	14	the	4.73332
619	15	spy	15.0835
619	16	in	5.29149
619	17	the	1.85506
619	18	prison	11.9155
619	19	.	3.28386
619	20	</s>	25.0463
620	1	he	4.43708
620	2	knows	11.9494
620	3	who	8.10265
620	4	the	3.8854
620	5	inspector	15.2768
620	6	said	10.855
620	7	the	4.51729
620	8	man	9.44883
620	9	reported	12.4041
620	10	he	8.37548
620	11	thought	9.89456
620	12	the	4.14874
620	13	police	11.4205
620	14	might	14.699
620	15	interrogate	21.4103
620	16	the	4.73332
620	17	spy	15.0835
620	18	in	5.29149
620	19	the	1.85506
620	20	prison	11.9155
620	21	.	3.28386
620	22	</s>	25.0463
621	1	you	11.5115
621	2	know	4.15838
621	3	that	6.24274
621	4	will	8.7736
621	5	introduce	11.8416
621	6	her	7.90963
621	7	friend	9.6868
621	8	to	6.43557
621	9	her	8.91927
621	10	mother	5.8737
621	11	.	3.02833
621	12	</s>	25.6313
622	1	you	11.5115
622	2	know	4.15838
622	3	that	6.24274
622	4	the	3.3901
622	5	young	10.1308
622	6	woman	4.56209
622	7	will	10.0806
622	8	introduce	11.4228
622	9	her	7.90963
622	10	friend	9.6868
622	11	to	6.43557
622	12	her	8.91927
622	13	mother	5.8737
622	14	.	3.02833
622	15	</s>	25.6313
623	1	you	11.5115
623	2	know	4.15838
623	3	who	5.97772
623	4	will	8.39834
623	5	introduce	11.6177
623	6	her	7.90963
623	7	friend	9.6868
623	8	to	6.43557
623	9	her	8.91927
623	10	mother	5.8737
623	11	.	3.02833
623	12	</s>	25.6313
624	1	you	11.5115
624	2	know	4.15838
624	3	who	5.97772
624	4	the	5.26981
624	5	young	11.3975
624	6	woman	6.12623
624	7	will	9.80955
624	8	introduce	11.4228
624	9	her	7.90963
624	10	friend	9.6868
624	11	to	6.43557
624	12	her	8.91927
624	13	mother	5.8737
624	14	.	3.02833
624	15	</s>	25.6313
625	1	you	11.5115
625	2	know	4.15838
625	3	that	6.24274
625	4	we	5.58378
625	5	all	6.98537
625	6	believe	16.4923
625	7	will	8.69991
625	8	introduce	11.5336
625	9	her	7.90963
625	10	friend	9.6868
625	11	to	6.43557
625	12	her	8.91927
625	13	mother	5.8737
625	14	.	3.02833
625	15	</s>	25.6313
626	1	you	11.5115
626	2	know	4.15838
626	3	that	6.24274
626	4	we	5.58378
626	5	all	6.98537
626	6	believe	16.4923
626	7	the	4.5954
626	8	young	11.1411
626	9	woman	6.12623
626	10	will	9.80955
626	11	introduce	11.4228
626	12	her	7.90963
626	13	friend	9.6868
626	14	to	6.43557
626	15	her	8.91927
626	16	mother	5.8737
626	17	.	3.02833
626	18	</s>	25.6313
627	1	you	11.5115
627	2	know	4.15838
627	3	who	5.97772
627	4	we	11.1029
627	5	all	8.17766
627	6	believe	16.1923
627	7	will	8.69991
627	8	introduce	11.5336
627	9	her	7.90963
627	10	friend	9.6868
627	11	to	6.43557
627	12	her	8.91927
627	13	mother	5.8737
627	14	.	3.02833
627	15	</s>	25.6313
628	1	you	11.5115
628	2	know	4.15838
628	3	who	5.97772
628	4	we	11.1029
628	5	all	8.17766
628	6	believe	16.1923
628	7	the	4.5954
628	8	young	11.1411
628	9	woman	6.12623
628	10	will	9.80955
628	11	introduce	11.4228
628	12	her	7.90963
628	13	friend	9.6868
628	14	to	6.43557
628	15	her	8.91927
628	16	mother	5.8737
628	17	.	3.02833
628	18	</s>	25.6313
629	1	you	11.5115
629	2	know	4.15838
629	3	that	6.24274
629	4	we	5.58378
629	5	all	6.98537
629	6	believe	16.4923
629	7	she	7.4223
629	8	thought	9.70601
629	9	will	13.7839
629	10	introduce	11.4517
629	11	her	7.90963
629	12	friend	9.6868
629	13	to	6.43557
629	14	her	8.91927
629	15	mother	5.8737
629	16	.	3.02833
629	17	</s>	25.6313
630	1	you	11.5115
630	2	know	4.15838
630	3	that	6.24274
630	4	we	5.58378
630	5	all	6.98537
630	6	believe	16.4923
630	7	she	7.4223
630	8	thought	9.70601
630	9	the	3.91395
630	10	young	11.349
630	11	woman	6.12623
630	12	will	9.80955
630	13	introduce	11.4228
630	14	her	7.90963
630	15	friend	9.6868
630	16	to	6.43557
630	17	her	8.91927
630	18	mother	5.8737
630	19	.	3.02833
630	20	</s>	25.6313
631	1	you	11.5115
631	2	know	4.15838
631	3	who	5.97772
631	4	we	11.1029
631	5	all	8.17766
631	6	believe	16.1923
631	7	she	7.4223
631	8	thought	9.70601
631	9	will	13.7839
631	10	introduce	11.4517
631	11	her	7.90963
631	12	friend	9.6868
631	13	to	6.43557
631	14	her	8.91927
631	15	mother	5.8737
631	16	.	3.02833
631	17	</s>	25.6313
632	1	you	11.5115
632	2	know	4.15838
632	3	who	5.97772
632	4	we	11.1029
632	5	all	8.17766
632	6	believe	16.1923
632	7	she	7.4223
632	8	thought	9.70601
632	9	the	3.91395
632	10	young	11.349
632	11	woman	6.12623
632	12	will	9.80955
632	13	introduce	11.4228
632	14	her	7.90963
632	15	friend	9.6868
632	16	to	6.43557
632	17	her	8.91927
632	18	mother	5.8737
632	19	.	3.02833
632	20	</s>	25.6313
633	1	you	11.5115
633	2	know	4.15838
633	3	that	6.24274
633	4	we	5.58378
633	5	all	6.98537
633	6	believe	16.4923
633	7	she	7.4223
633	8	thought	9.70601
633	9	he	3.91395
633	10	said	10.398
633	11	will	10.6572
633	12	introduce	11.4675
633	13	her	7.90963
633	14	friend	9.6868
633	15	to	6.43557
633	16	her	8.91927
633	17	mother	5.8737
633	18	.	3.02833
633	19	</s>	25.6313
634	1	you	11.5115
634	2	know	4.15838
634	3	that	6.24274
634	4	we	5.58378
634	5	all	6.98537
634	6	believe	16.4923
634	7	she	7.4223
634	8	thought	9.70601
634	9	he	3.91395
634	10	said	10.398
634	11	the	5.46636
634	12	young	11.4708
634	13	woman	6.12623
634	14	will	9.80955
634	15	introduce	11.4228
634	16	her	7.90963
634	17	friend	9.6868
634	18	to	6.43557
634	19	her	8.91927
634	20	mother	5.8737
634	21	.	3.02833
634	22	</s>	25.6313
635	1	you	11.5115
635	2	know	4.15838
635	3	who	5.97772
635	4	we	11.1029
635	5	all	8.17766
635	6	believe	16.1923
635	7	she	7.4223
635	8	thought	9.70601
635	9	he	3.91395
635	10	said	10.398
635	11	will	10.6572
635	12	introduce	11.4675
635	13	her	7.90963
635	14	friend	9.6868
635	15	to	6.43557
635	16	her	8.91927
635	17	mother	5.8737
635	18	.	3.02833
635	19	</s>	25.6313
636	1	you	11.5115
636	2	know	4.15838
636	3	who	5.97772
636	4	we	11.1029
636	5	all	8.17766
636	6	believe	16.1923
636	7	she	7.4223
636	8	thought	9.70601
636	9	he	3.91395
636	10	said	10.398
636	11	the	5.46636
636	12	young	11.4708
636	13	woman	6.12623
636	14	will	9.80955
636	15	introduce	11.4228
636	16	her	7.90963
636	17	friend	9.6868
636	18	to	6.43557
636	19	her	8.91927
636	20	mother	5.8737
636	21	.	3.02833
636	22	</s>	25.6313
637	1	you	11.5115
637	2	know	4.15838
637	3	that	6.24274
637	4	we	5.58378
637	5	all	6.98537
637	6	believe	16.4923
637	7	she	7.4223
637	8	thought	9.70601
637	9	he	3.91395
637	10	said	10.398
637	11	will	10.6572
637	12	introduce	11.4675
637	13	her	7.90963
637	14	friend	9.6868
637	15	to	6.43557
637	16	her	8.91927
637	17	mother	5.8737
637	18	.	3.02833
637	19	</s>	25.6313
638	1	you	11.5115
638	2	know	4.15838
638	3	that	6.24274
638	4	we	5.58378
638	5	all	6.98537
638	6	believe	16.4923
638	7	she	7.4223
638	8	thought	9.70601
638	9	he	3.91395
638	10	said	10.398
638	11	the	5.46636
638	12	young	11.4708
638	13	woman	6.12623
638	14	will	9.80955
638	15	introduce	11.4228
638	16	her	7.90963
638	17	friend	9.6868
638	18	to	6.43557
638	19	her	8.91927
638	20	mother	5.8737
638	21	.	3.02833
638	22	</s>	25.6313
639	1	you	11.5115
639	2	know	4.15838
639	3	who	5.97772
639	4	we	11.1029
639	5	all	8.17766
639	6	believe	16.1923
639	7	she	7.4223
639	8	thought	9.70601
639	9	he	3.91395
639	10	said	10.398
639	11	will	10.6572
639	12	introduce	11.4675
639	13	her	7.90963
639	14	friend	9.6868
639	15	to	6.43557
639	16	her	8.91927
639	17	mother	5.8737
639	18	.	3.02833
639	19	</s>	25.6313
640	1	you	11.5115
640	2	know	4.15838
640	3	who	5.97772
640	4	we	11.1029
640	5	all	8.17766
640	6	believe	16.1923
640	7	she	7.4223
640	8	thought	9.70601
640	9	he	3.91395
640	10	said	10.398
640	11	the	5.46636
640	12	young	11.4708
640	13	woman	6.12623
640	14	will	9.80955
640	15	introduce	11.4228
640	16	her	7.90963
640	17	friend	9.6868
640	18	to	6.43557
640	19	her	8.91927
640	20	mother	5.8737
640	21	.	3.02833
640	22	</s>	25.6313
641	1	i	8.92268
641	2	know	6.35939
641	3	that	3.01867
641	4	should	10.7046
641	5	congratulate	15.9247
641	6	the	7.13554
641	7	couple	11.9016
641	8	after	8.82506
641	9	the	2.78694
641	10	service	11.6994
641	11	.	3.65777
641	12	</s>	22.7871
642	1	i	8.92268
642	2	know	6.35939
642	3	that	3.01867
642	4	the	4.26664
642	5	priest	11.656
642	6	should	9.4359
642	7	congratulate	15.089
642	8	the	7.13554
642	9	couple	11.9016
642	10	after	8.82506
642	11	the	2.78694
642	12	service	11.6994
642	13	.	3.65777
642	14	</s>	22.7871
643	1	i	8.92268
643	2	know	6.35939
643	3	who	6.55265
643	4	should	10.1696
643	5	congratulate	15.4139
643	6	the	7.13554
643	7	couple	11.9016
643	8	after	8.82506
643	9	the	2.78694
643	10	service	11.6994
643	11	.	3.65777
643	12	</s>	22.7871
644	1	i	8.92268
644	2	know	6.35939
644	3	who	6.55265
644	4	the	5.15736
644	5	priest	13.7181
644	6	should	9.34419
644	7	congratulate	15.089
644	8	the	7.13554
644	9	couple	11.9016
644	10	after	8.82506
644	11	the	2.78694
644	12	service	11.6994
644	13	.	3.65777
644	14	</s>	22.7871
645	1	i	8.92268
645	2	know	6.35939
645	3	that	3.01867
645	4	the	4.26664
645	5	man	9.65412
645	6	thinks	12.22
645	7	should	10.7032
645	8	congratulate	15.089
645	9	the	7.13554
645	10	couple	11.9016
645	11	after	8.82506
645	12	the	2.78694
645	13	service	11.6994
645	14	.	3.65777
645	15	</s>	22.7871
646	1	i	8.92268
646	2	know	6.35939
646	3	that	3.01867
646	4	the	4.26664
646	5	man	9.65412
646	6	thinks	12.22
646	7	the	4.82114
646	8	priest	13.3115
646	9	should	9.34419
646	10	congratulate	15.089
646	11	the	7.13554
646	12	couple	11.9016
646	13	after	8.82506
646	14	the	2.78694
646	15	service	11.6994
646	16	.	3.65777
646	17	</s>	22.7871
647	1	i	8.92268
647	2	know	6.35939
647	3	who	6.55265
647	4	the	5.15736
647	5	man	6.97564
647	6	thinks	12.1316
647	7	should	10.7032
647	8	congratulate	15.089
647	9	the	7.13554
647	10	couple	11.9016
647	11	after	8.82506
647	12	the	2.78694
647	13	service	11.6994
647	14	.	3.65777
647	15	</s>	22.7871
648	1	i	8.92268
648	2	know	6.35939
648	3	who	6.55265
648	4	the	5.15736
648	5	man	6.97564
648	6	thinks	12.1316
648	7	the	4.82114
648	8	priest	13.3115
648	9	should	9.34419
648	10	congratulate	15.089
648	11	the	7.13554
648	12	couple	11.9016
648	13	after	8.82506
648	14	the	2.78694
648	15	service	11.6994
648	16	.	3.65777
648	17	</s>	22.7871
649	1	i	8.92268
649	2	know	6.35939
649	3	that	3.01867
649	4	the	4.26664
649	5	man	9.65412
649	6	thinks	12.22
649	7	the	4.82114
649	8	woman	12.0539
649	9	said	9.79886
649	10	should	12.7941
649	11	congratulate	15.5081
649	12	the	7.13554
649	13	couple	11.9016
649	14	after	8.82506
649	15	the	2.78694
649	16	service	11.6994
649	17	.	3.65777
649	18	</s>	22.7871
650	1	i	8.92268
650	2	know	6.35939
650	3	that	3.01867
650	4	the	4.26664
650	5	man	9.65412
650	6	thinks	12.22
650	7	the	4.82114
650	8	woman	12.0539
650	9	said	9.79886
650	10	the	4.76385
650	11	priest	13.8165
650	12	should	9.34419
650	13	congratulate	15.089
650	14	the	7.13554
650	15	couple	11.9016
650	16	after	8.82506
650	17	the	2.78694
650	18	service	11.6994
650	19	.	3.65777
650	20	</s>	22.7871
651	1	i	8.92268
651	2	know	6.35939
651	3	who	6.55265
651	4	the	5.15736
651	5	man	6.97564
651	6	thinks	12.1316
651	7	the	4.82114
651	8	woman	12.0539
651	9	said	9.79886
651	10	should	12.7941
651	11	congratulate	15.5081
651	12	the	7.13554
651	13	couple	11.9016
651	14	after	8.82506
651	15	the	2.78694
651	16	service	11.6994
651	17	.	3.65777
651	18	</s>	22.7871
652	1	i	8.92268
652	2	know	6.35939
652	3	who	6.55265
652	4	the	5.15736
652	5	man	6.97564
652	6	thinks	12.1316
652	7	the	4.82114
652	8	woman	12.0539
652	9	said	9.79886
652	10	the	4.76385
652	11	priest	13.8165
652	12	should	9.34419
652	13	congratulate	15.089
652	14	the	7.13554
652	15	couple	11.9016
652	16	after	8.82506
652	17	the	2.78694
652	18	service	11.6994
652	19	.	3.65777
652	20	</s>	22.7871
653	1	i	8.92268
653	2	know	6.35939
653	3	that	3.01867
653	4	the	4.26664
653	5	man	9.65412
653	6	thinks	12.22
653	7	the	4.82114
653	8	woman	12.0539
653	9	said	9.79886
653	10	she	6.23329
653	11	believed	6.34785
653	12	should	10.6313
653	13	congratulate	15.089
653	14	the	7.13554
653	15	couple	11.9016
653	16	after	8.82506
653	17	the	2.78694
653	18	service	11.6994
653	19	.	3.65777
653	20	</s>	22.7871
654	1	i	8.92268
654	2	know	6.35939
654	3	that	3.01867
654	4	the	4.26664
654	5	man	9.65412
654	6	thinks	12.22
654	7	the	4.82114
654	8	woman	12.0539
654	9	said	9.79886
654	10	she	6.23329
654	11	believed	6.34785
654	12	the	3.66745
654	13	priest	13.5164
654	14	should	9.34419
654	15	congratulate	15.089
654	16	the	7.13554
654	17	couple	11.9016
654	18	after	8.82506
654	19	the	2.78694
654	20	service	11.6994
654	21	.	3.65777
654	22	</s>	22.7871
655	1	i	8.92268
655	2	know	6.35939
655	3	who	6.55265
655	4	the	5.15736
655	5	man	6.97564
655	6	thinks	12.1316
655	7	the	4.82114
655	8	woman	12.0539
655	9	said	9.79886
655	10	she	6.23329
655	11	believed	6.34785
655	12	should	10.6313
655	13	congratulate	15.089
655	14	the	7.13554
655	15	couple	11.9016
655	16	after	8.82506
655	17	the	2.78694
655	18	service	11.6994
655	19	.	3.65777
655	20	</s>	22.7871
656	1	i	8.92268
656	2	know	6.35939
656	3	who	6.55265
656	4	the	5.15736
656	5	man	6.97564
656	6	thinks	12.1316
656	7	the	4.82114
656	8	woman	12.0539
656	9	said	9.79886
656	10	she	6.23329
656	11	believed	6.34785
656	12	the	3.66745
656	13	priest	13.5164
656	14	should	9.34419
656	15	congratulate	15.089
656	16	the	7.13554
656	17	couple	11.9016
656	18	after	8.82506
656	19	the	2.78694
656	20	service	11.6994
656	21	.	3.65777
656	22	</s>	22.7871
657	1	i	8.92268
657	2	know	6.35939
657	3	that	3.01867
657	4	the	4.26664
657	5	man	9.65412
657	6	thinks	12.22
657	7	the	4.82114
657	8	woman	12.0539
657	9	said	9.79886
657	10	she	6.23329
657	11	believed	6.34785
657	12	should	10.6313
657	13	congratulate	15.089
657	14	the	7.13554
657	15	couple	11.9016
657	16	after	8.82506
657	17	the	2.78694
657	18	service	11.6994
657	19	.	3.65777
657	20	</s>	22.7871
658	1	i	8.92268
658	2	know	6.35939
658	3	that	3.01867
658	4	the	4.26664
658	5	man	9.65412
658	6	thinks	12.22
658	7	the	4.82114
658	8	woman	12.0539
658	9	said	9.79886
658	10	she	6.23329
658	11	believed	6.34785
658	12	the	3.66745
658	13	priest	13.5164
658	14	should	9.34419
658	15	congratulate	15.089
658	16	the	7.13554
658	17	couple	11.9016
658	18	after	8.82506
658	19	the	2.78694
658	20	service	11.6994
658	21	.	3.65777
658	22	</s>	22.7871
659	1	i	8.92268
659	2	know	6.35939
659	3	who	6.55265
659	4	the	5.15736
659	5	man	6.97564
659	6	thinks	12.1316
659	7	the	4.82114
659	8	woman	12.0539
659	9	said	9.79886
659	10	she	6.23329
659	11	believed	6.34785
659	12	should	10.6313
659	13	congratulate	15.089
659	14	the	7.13554
659	15	couple	11.9016
659	16	after	8.82506
659	17	the	2.78694
659	18	service	11.6994
659	19	.	3.65777
659	20	</s>	22.7871
660	1	i	8.92268
660	2	know	6.35939
660	3	who	6.55265
660	4	the	5.15736
660	5	man	6.97564
660	6	thinks	12.1316
660	7	the	4.82114
660	8	woman	12.0539
660	9	said	9.79886
660	10	she	6.23329
660	11	believed	6.34785
660	12	the	3.66745
660	13	priest	13.5164
660	14	should	9.34419
660	15	congratulate	15.089
660	16	the	7.13554
660	17	couple	11.9016
660	18	after	8.82506
660	19	the	2.78694
660	20	service	11.6994
660	21	.	3.65777
660	22	</s>	22.7871
661	1	we	10.0475
661	2	all	6.75965
661	3	know	4.10726
661	4	that	2.3121
661	5	will	8.6266
661	6	give	7.14865
661	7	a	3.43105
661	8	test	11.5559
661	9	to	5.16523
661	10	her	9.50796
661	11	students	11.4985
661	12	.	4.41548
661	13	</s>	23.6519
662	1	we	10.0475
662	2	all	6.75965
662	3	know	4.10726
662	4	that	2.3121
662	5	the	4.10609
662	6	teacher	13.3817
662	7	will	6.61949
662	8	give	7.85157
662	9	a	3.46703
662	10	test	11.5559
662	11	to	5.16523
662	12	her	9.50796
662	13	students	11.4985
662	14	.	4.41548
662	15	</s>	23.6519
663	1	we	10.0475
663	2	all	6.75965
663	3	know	4.10726
663	4	who	6.98061
663	5	will	8.14061
663	6	give	9.01255
663	7	a	3.46703
663	8	test	11.5559
663	9	to	5.16523
663	10	her	9.50796
663	11	students	11.4985
663	12	.	4.41548
663	13	</s>	23.6519
664	1	we	10.0475
664	2	all	6.75965
664	3	know	4.10726
664	4	who	6.98061
664	5	the	5.01207
664	6	teacher	13.6303
664	7	will	6.61949
664	8	give	7.85157
664	9	a	3.46703
664	10	test	11.5559
664	11	to	5.16523
664	12	her	9.50796
664	13	students	11.4985
664	14	.	4.41548
664	15	</s>	23.6519
665	1	we	10.0475
665	2	all	6.75965
665	3	know	4.10726
665	4	that	2.3121
665	5	the	4.10609
665	6	old	9.77503
665	7	man	5.08363
665	8	thinks	11.3587
665	9	will	8.26706
665	10	give	8.43372
665	11	a	3.46703
665	12	test	11.5559
665	13	to	5.16523
665	14	her	9.50796
665	15	students	11.4985
665	16	.	4.41548
665	17	</s>	23.6519
666	1	we	10.0475
666	2	all	6.75965
666	3	know	4.10726
666	4	that	2.3121
666	5	the	4.10609
666	6	old	9.77503
666	7	man	5.08363
666	8	thinks	11.3587
666	9	the	4.82114
666	10	teacher	13.2237
666	11	will	6.61949
666	12	give	7.85157
666	13	a	3.46703
666	14	test	11.5559
666	15	to	5.16523
666	16	her	9.50796
666	17	students	11.4985
666	18	.	4.41548
666	19	</s>	23.6519
667	1	we	10.0475
667	2	all	6.75965
667	3	know	4.10726
667	4	who	6.98061
667	5	the	5.01207
667	6	old	10.7492
667	7	man	6.57065
667	8	thinks	11.3587
667	9	will	8.26706
667	10	give	8.43372
667	11	a	3.46703
667	12	test	11.5559
667	13	to	5.16523
667	14	her	9.50796
667	15	students	11.4985
667	16	.	4.41548
667	17	</s>	23.6519
668	1	we	10.0475
668	2	all	6.75965
668	3	know	4.10726
668	4	who	6.98061
668	5	the	5.01207
668	6	old	10.7492
668	7	man	6.57065
668	8	thinks	11.3587
668	9	the	4.82114
668	10	teacher	13.2237
668	11	will	6.61949
668	12	give	7.85157
668	13	a	3.46703
668	14	test	11.5559
668	15	to	5.16523
668	16	her	9.50796
668	17	students	11.4985
668	18	.	4.41548
668	19	</s>	23.6519
669	1	we	10.0475
669	2	all	6.75965
669	3	know	4.10726
669	4	that	2.3121
669	5	the	4.10609
669	6	old	9.77503
669	7	man	5.08363
669	8	thinks	11.3587
669	9	the	4.82114
669	10	woman	12.0539
669	11	knows	16.1853
669	12	will	8.2918
669	13	give	7.85157
669	14	a	3.46703
669	15	test	11.5559
669	16	to	5.16523
669	17	her	9.50796
669	18	students	11.4985
669	19	.	4.41548
669	20	</s>	23.6519
670	1	we	10.0475
670	2	all	6.75965
670	3	know	4.10726
670	4	that	2.3121
670	5	the	4.10609
670	6	old	9.77503
670	7	man	5.08363
670	8	thinks	11.3587
670	9	the	4.82114
670	10	woman	12.0539
670	11	knows	16.1853
670	12	the	3.98972
670	13	teacher	13.4119
670	14	will	6.61949
670	15	give	7.85157
670	16	a	3.46703
670	17	test	11.5559
670	18	to	5.16523
670	19	her	9.50796
670	20	students	11.4985
670	21	.	4.41548
670	22	</s>	23.6519
671	1	we	10.0475
671	2	all	6.75965
671	3	know	4.10726
671	4	who	6.98061
671	5	the	5.01207
671	6	old	10.7492
671	7	man	6.57065
671	8	thinks	11.3587
671	9	the	4.82114
671	10	woman	12.0539
671	11	knows	16.1853
671	12	will	8.2918
671	13	give	7.85157
671	14	a	3.46703
671	15	test	11.5559
671	16	to	5.16523
671	17	her	9.50796
671	18	students	11.4985
671	19	.	4.41548
671	20	</s>	23.6519
672	1	we	10.0475
672	2	all	6.75965
672	3	know	4.10726
672	4	who	6.98061
672	5	the	5.01207
672	6	old	10.7492
672	7	man	6.57065
672	8	thinks	11.3587
672	9	the	4.82114
672	10	woman	12.0539
672	11	knows	16.1853
672	12	the	3.98972
672	13	teacher	13.4119
672	14	will	6.61949
672	15	give	7.85157
672	16	a	3.46703
672	17	test	11.5559
672	18	to	5.16523
672	19	her	9.50796
672	20	students	11.4985
672	21	.	4.41548
672	22	</s>	23.6519
673	1	we	10.0475
673	2	all	6.75965
673	3	know	4.10726
673	4	that	2.3121
673	5	the	4.10609
673	6	old	9.77503
673	7	man	5.08363
673	8	thinks	11.3587
673	9	the	4.82114
673	10	woman	12.0539
673	11	knows	16.1853
673	12	the	3.98972
673	13	young	11.1792
673	14	boy	7.24626
673	15	said	12.8155
673	16	will	11.0337
673	17	give	7.86741
673	18	a	3.46703
673	19	test	11.5559
673	20	to	5.16523
673	21	her	9.50796
673	22	students	11.4985
673	23	.	4.41548
673	24	</s>	23.6519
674	1	we	10.0475
674	2	all	6.75965
674	3	know	4.10726
674	4	that	2.3121
674	5	the	4.10609
674	6	old	9.77503
674	7	man	5.08363
674	8	thinks	11.3587
674	9	the	4.82114
674	10	woman	12.0539
674	11	knows	16.1853
674	12	the	3.98972
674	13	young	11.1792
674	14	boy	7.24626
674	15	said	12.8155
674	16	the	4.51729
674	17	teacher	13.7287
674	18	will	6.61949
674	19	give	7.85157
674	20	a	3.46703
674	21	test	11.5559
674	22	to	5.16523
674	23	her	9.50796
674	24	students	11.4985
674	25	.	4.41548
674	26	</s>	23.6519
675	1	we	10.0475
675	2	all	6.75965
675	3	know	4.10726
675	4	who	6.98061
675	5	the	5.01207
675	6	old	10.7492
675	7	man	6.57065
675	8	thinks	11.3587
675	9	the	4.82114
675	10	woman	12.0539
675	11	knows	16.1853
675	12	the	3.98972
675	13	young	11.1792
675	14	boy	7.24626
675	15	said	12.8155
675	16	will	11.0337
675	17	give	7.86741
675	18	a	3.46703
675	19	test	11.5559
675	20	to	5.16523
675	21	her	9.50796
675	22	students	11.4985
675	23	.	4.41548
675	24	</s>	23.6519
676	1	we	10.0475
676	2	all	6.75965
676	3	know	4.10726
676	4	who	6.98061
676	5	the	5.01207
676	6	old	10.7492
676	7	man	6.57065
676	8	thinks	11.3587
676	9	the	4.82114
676	10	woman	12.0539
676	11	knows	16.1853
676	12	the	3.98972
676	13	young	11.1792
676	14	boy	7.24626
676	15	said	12.8155
676	16	the	4.51729
676	17	teacher	13.7287
676	18	will	6.61949
676	19	give	7.85157
676	20	a	3.46703
676	21	test	11.5559
676	22	to	5.16523
676	23	her	9.50796
676	24	students	11.4985
676	25	.	4.41548
676	26	</s>	23.6519
677	1	we	10.0475
677	2	all	6.75965
677	3	know	4.10726
677	4	that	2.3121
677	5	the	4.10609
677	6	old	9.77503
677	7	man	5.08363
677	8	thinks	11.3587
677	9	the	4.82114
677	10	woman	12.0539
677	11	knows	16.1853
677	12	the	3.98972
677	13	young	11.1792
677	14	boy	7.24626
677	15	said	12.8155
677	16	will	11.0337
677	17	give	7.86741
677	18	a	3.46703
677	19	test	11.5559
677	20	to	5.16523
677	21	her	9.50796
677	22	students	11.4985
677	23	.	4.41548
677	24	</s>	23.6519
678	1	we	10.0475
678	2	all	6.75965
678	3	know	4.10726
678	4	that	2.3121
678	5	the	4.10609
678	6	old	9.77503
678	7	man	5.08363
678	8	thinks	11.3587
678	9	the	4.82114
678	10	woman	12.0539
678	11	knows	16.1853
678	12	the	3.98972
678	13	young	11.1792
678	14	boy	7.24626
678	15	said	12.8155
678	16	the	4.51729
678	17	teacher	13.7287
678	18	will	6.61949
678	19	give	7.85157
678	20	a	3.46703
678	21	test	11.5559
678	22	to	5.16523
678	23	her	9.50796
678	24	students	11.4985
678	25	.	4.41548
678	26	</s>	23.6519
679	1	we	10.0475
679	2	all	6.75965
679	3	know	4.10726
679	4	who	6.98061
679	5	the	5.01207
679	6	old	10.7492
679	7	man	6.57065
679	8	thinks	11.3587
679	9	the	4.82114
679	10	woman	12.0539
679	11	knows	16.1853
679	12	the	3.98972
679	13	young	11.1792
679	14	boy	7.24626
679	15	said	12.8155
679	16	will	11.0337
679	17	give	7.86741
679	18	a	3.46703
679	19	test	11.5559
679	20	to	5.16523
679	21	her	9.50796
679	22	students	11.4985
679	23	.	4.41548
679	24	</s>	23.6519
680	1	we	10.0475
680	2	all	6.75965
680	3	know	4.10726
680	4	who	6.98061
680	5	the	5.01207
680	6	old	10.7492
680	7	man	6.57065
680	8	thinks	11.3587
680	9	the	4.82114
680	10	woman	12.0539
680	11	knows	16.1853
680	12	the	3.98972
680	13	young	11.1792
680	14	boy	7.24626
680	15	said	12.8155
680	16	the	4.51729
680	17	teacher	13.7287
680	18	will	6.61949
680	19	give	7.85157
680	20	a	3.46703
680	21	test	11.5559
680	22	to	5.16523
680	23	her	9.50796
680	24	students	11.4985
680	25	.	4.41548
680	26	</s>	23.6519
681	1	she	6.52858
681	2	said	6.93829
681	3	that	1.80371
681	4	might	10.8808
681	5	put	10.9962
681	6	the	3.90355
681	7	microphone	14.3186
681	8	on	6.1863
681	9	the	2.09884
681	10	table	9.65054
681	11	.	2.58682
681	12	</s>	27.1167
682	1	she	6.52858
682	2	said	6.93829
682	3	that	1.80371
682	4	the	3.36042
682	5	reporter	14.1824
682	6	might	11.8847
682	7	put	10.4017
682	8	the	3.90355
682	9	microphone	14.3186
682	10	on	6.1863
682	11	the	2.09884
682	12	table	9.65054
682	13	.	2.58682
682	14	</s>	27.1167
683	1	she	6.52858
683	2	said	6.93829
683	3	who	16.3888
683	4	might	8.58329
683	5	put	10.7501
683	6	the	3.90355
683	7	microphone	14.3186
683	8	on	6.1863
683	9	the	2.09884
683	10	table	9.65054
683	11	.	2.58682
683	12	</s>	27.1167
684	1	she	6.52858
684	2	said	6.93829
684	3	who	16.3888
684	4	the	8.96323
684	5	reporter	14.7015
684	6	might	11.8847
684	7	put	10.4017
684	8	the	3.90355
684	9	microphone	14.3186
684	10	on	6.1863
684	11	the	2.09884
684	12	table	9.65054
684	13	.	2.58682
684	14	</s>	27.1167
685	1	she	6.52858
685	2	said	6.93829
685	3	that	1.80371
685	4	the	3.36042
685	5	politician	16.246
685	6	stated	13.6211
685	7	might	14.4708
685	8	put	10.4017
685	9	the	3.90355
685	10	microphone	14.3186
685	11	on	6.1863
685	12	the	2.09884
685	13	table	9.65054
685	14	.	2.58682
685	15	</s>	27.1167
686	1	she	6.52858
686	2	said	6.93829
686	3	that	1.80371
686	4	the	3.36042
686	5	politician	16.246
686	6	stated	13.6211
686	7	the	5.24247
686	8	reporter	14.7854
686	9	might	11.8847
686	10	put	10.4017
686	11	the	3.90355
686	12	microphone	14.3186
686	13	on	6.1863
686	14	the	2.09884
686	15	table	9.65054
686	16	.	2.58682
686	17	</s>	27.1167
687	1	she	6.52858
687	2	said	6.93829
687	3	who	16.3888
687	4	the	8.96323
687	5	politician	15.7789
687	6	stated	13.6211
687	7	might	14.4708
687	8	put	10.4017
687	9	the	3.90355
687	10	microphone	14.3186
687	11	on	6.1863
687	12	the	2.09884
687	13	table	9.65054
687	14	.	2.58682
687	15	</s>	27.1167
688	1	she	6.52858
688	2	said	6.93829
688	3	who	16.3888
688	4	the	8.96323
688	5	politician	15.7789
688	6	stated	13.6211
688	7	the	5.24247
688	8	reporter	14.7854
688	9	might	11.8847
688	10	put	10.4017
688	11	the	3.90355
688	12	microphone	14.3186
688	13	on	6.1863
688	14	the	2.09884
688	15	table	9.65054
688	16	.	2.58682
688	17	</s>	27.1167
689	1	she	6.52858
689	2	said	6.93829
689	3	that	1.80371
689	4	the	3.36042
689	5	politician	16.246
689	6	stated	13.6211
689	7	his	6.00384
689	8	press	13.3906
689	9	secretary	2.43156
689	10	said	7.12452
689	11	might	13.6667
689	12	put	10.4017
689	13	the	3.90355
689	14	microphone	14.3186
689	15	on	6.1863
689	16	the	2.09884
689	17	table	9.65054
689	18	.	2.58682
689	19	</s>	27.1167
690	1	she	6.52858
690	2	said	6.93829
690	3	that	1.80371
690	4	the	3.36042
690	5	politician	16.246
690	6	stated	13.6211
690	7	his	6.00384
690	8	press	13.3906
690	9	secretary	2.43156
690	10	said	7.12452
690	11	the	4.51729
690	12	reporter	14.8842
690	13	might	11.8847
690	14	put	10.4017
690	15	the	3.90355
690	16	microphone	14.3186
690	17	on	6.1863
690	18	the	2.09884
690	19	table	9.65054
690	20	.	2.58682
690	21	</s>	27.1167
691	1	she	6.52858
691	2	said	6.93829
691	3	who	16.3888
691	4	the	8.96323
691	5	politician	15.7789
691	6	stated	13.6211
691	7	his	6.00384
691	8	press	13.3906
691	9	secretary	2.43156
691	10	said	7.12452
691	11	might	13.6667
691	12	put	10.4017
691	13	the	3.90355
691	14	microphone	14.3186
691	15	on	6.1863
691	16	the	2.09884
691	17	table	9.65054
691	18	.	2.58682
691	19	</s>	27.1167
692	1	she	6.52858
692	2	said	6.93829
692	3	who	16.3888
692	4	the	8.96323
692	5	politician	15.7789
692	6	stated	13.6211
692	7	his	6.00384
692	8	press	13.3906
692	9	secretary	2.43156
692	10	said	7.12452
692	11	the	4.51729
692	12	reporter	14.8842
692	13	might	11.8847
692	14	put	10.4017
692	15	the	3.90355
692	16	microphone	14.3186
692	17	on	6.1863
692	18	the	2.09884
692	19	table	9.65054
692	20	.	2.58682
692	21	</s>	27.1167
693	1	she	6.52858
693	2	said	6.93829
693	3	that	1.80371
693	4	the	3.36042
693	5	politician	16.246
693	6	stated	13.6211
693	7	his	6.00384
693	8	press	13.3906
693	9	secretary	2.43156
693	10	said	7.12452
693	11	the	4.51729
693	12	chief	12.2078
693	13	of	4.21481
693	14	staff	2.90901
693	15	thought	15.2593
693	16	might	10.4781
693	17	put	10.4505
693	18	the	3.90355
693	19	microphone	14.3186
693	20	on	6.1863
693	21	the	2.09884
693	22	table	9.65054
693	23	.	2.58682
693	24	</s>	27.1167
694	1	she	6.52858
694	2	said	6.93829
694	3	that	1.80371
694	4	the	3.36042
694	5	politician	16.246
694	6	stated	13.6211
694	7	his	6.00384
694	8	press	13.3906
694	9	secretary	2.43156
694	10	said	7.12452
694	11	the	4.51729
694	12	chief	12.2078
694	13	of	4.21481
694	14	staff	2.90901
694	15	thought	15.2593
694	16	the	4.36895
694	17	reporter	14.7372
694	18	might	11.8847
694	19	put	10.4017
694	20	the	3.90355
694	21	microphone	14.3186
694	22	on	6.1863
694	23	the	2.09884
694	24	table	9.65054
694	25	.	2.58682
694	26	</s>	27.1167
695	1	she	6.52858
695	2	said	6.93829
695	3	who	16.3888
695	4	the	8.96323
695	5	politician	15.7789
695	6	stated	13.6211
695	7	his	6.00384
695	8	press	13.3906
695	9	secretary	2.43156
695	10	said	7.12452
695	11	the	4.51729
695	12	chief	12.2078
695	13	of	4.21481
695	14	staff	2.90901
695	15	thought	15.2593
695	16	might	10.4781
695	17	put	10.4505
695	18	the	3.90355
695	19	microphone	14.3186
695	20	on	6.1863
695	21	the	2.09884
695	22	table	9.65054
695	23	.	2.58682
695	24	</s>	27.1167
696	1	she	6.52858
696	2	said	6.93829
696	3	who	16.3888
696	4	the	8.96323
696	5	politician	15.7789
696	6	stated	13.6211
696	7	his	6.00384
696	8	press	13.3906
696	9	secretary	2.43156
696	10	said	7.12452
696	11	the	4.51729
696	12	chief	12.2078
696	13	of	4.21481
696	14	staff	2.90901
696	15	thought	15.2593
696	16	the	4.36895
696	17	reporter	14.7372
696	18	might	11.8847
696	19	put	10.4017
696	20	the	3.90355
696	21	microphone	14.3186
696	22	on	6.1863
696	23	the	2.09884
696	24	table	9.65054
696	25	.	2.58682
696	26	</s>	27.1167
697	1	she	6.52858
697	2	said	6.93829
697	3	that	1.80371
697	4	the	3.36042
697	5	politician	16.246
697	6	stated	13.6211
697	7	his	6.00384
697	8	press	13.3906
697	9	secretary	2.43156
697	10	said	7.12452
697	11	the	4.51729
697	12	chief	12.2078
697	13	of	4.21481
697	14	staff	2.90901
697	15	thought	15.2593
697	16	might	10.4781
697	17	put	10.4505
697	18	the	3.90355
697	19	microphone	14.3186
697	20	on	6.1863
697	21	the	2.09884
697	22	table	9.65054
697	23	.	2.58682
697	24	</s>	27.1167
698	1	she	6.52858
698	2	said	6.93829
698	3	that	1.80371
698	4	the	3.36042
698	5	politician	16.246
698	6	stated	13.6211
698	7	his	6.00384
698	8	press	13.3906
698	9	secretary	2.43156
698	10	said	7.12452
698	11	the	4.51729
698	12	chief	12.2078
698	13	of	4.21481
698	14	staff	2.90901
698	15	thought	15.2593
698	16	the	4.36895
698	17	reporter	14.7372
698	18	might	11.8847
698	19	put	10.4017
698	20	the	3.90355
698	21	microphone	14.3186
698	22	on	6.1863
698	23	the	2.09884
698	24	table	9.65054
698	25	.	2.58682
698	26	</s>	27.1167
699	1	she	6.52858
699	2	said	6.93829
699	3	who	16.3888
699	4	the	8.96323
699	5	politician	15.7789
699	6	stated	13.6211
699	7	his	6.00384
699	8	press	13.3906
699	9	secretary	2.43156
699	10	said	7.12452
699	11	the	4.51729
699	12	chief	12.2078
699	13	of	4.21481
699	14	staff	2.90901
699	15	thought	15.2593
699	16	might	10.4781
699	17	put	10.4505
699	18	the	3.90355
699	19	microphone	14.3186
699	20	on	6.1863
699	21	the	2.09884
699	22	table	9.65054
699	23	.	2.58682
699	24	</s>	27.1167
700	1	she	6.52858
700	2	said	6.93829
700	3	who	16.3888
700	4	the	8.96323
700	5	politician	15.7789
700	6	stated	13.6211
700	7	his	6.00384
700	8	press	13.3906
700	9	secretary	2.43156
700	10	said	7.12452
700	11	the	4.51729
700	12	chief	12.2078
700	13	of	4.21481
700	14	staff	2.90901
700	15	thought	15.2593
700	16	the	4.36895
700	17	reporter	14.7372
700	18	might	11.8847
700	19	put	10.4017
700	20	the	3.90355
700	21	microphone	14.3186
700	22	on	6.1863
700	23	the	2.09884
700	24	table	9.65054
700	25	.	2.58682
700	26	</s>	27.1167
701	1	the	2.46696
701	2	colleagues	23.0567
701	3	realized	11.3871
701	4	that	2.03353
701	5	might	9.96061
701	6	have	2.81632
701	7	discovered	11.7366
701	8	the	4.51343
701	9	bribery	17.4399
701	10	two	12.4382
701	11	weeks	7.39638
701	12	ago	9.58569
701	13	.	3.37895
701	14	</s>	23.2368
702	1	the	2.46696
702	2	colleagues	23.0567
702	3	realized	11.3871
702	4	that	2.03353
702	5	the	2.87173
702	6	journalist	13.9857
702	7	might	12.2149
702	8	have	3.14779
702	9	discovered	11.3149
702	10	the	4.51343
702	11	bribery	17.4399
702	12	two	12.4382
702	13	weeks	7.39638
702	14	ago	9.58569
702	15	.	3.37895
702	16	</s>	23.2368
703	1	the	2.46696
703	2	colleagues	23.0567
703	3	realized	11.3871
703	4	who	10.0258
703	5	might	8.58329
703	6	have	2.7324
703	7	discovered	11.5414
703	8	the	4.51343
703	9	bribery	17.4399
703	10	two	12.4382
703	11	weeks	7.39638
703	12	ago	9.58569
703	13	.	3.37895
703	14	</s>	23.2368
704	1	the	2.46696
704	2	colleagues	23.0567
704	3	realized	11.3871
704	4	who	10.0258
704	5	the	8.96323
704	6	journalist	14.7335
704	7	might	12.2149
704	8	have	3.14779
704	9	discovered	11.3149
704	10	the	4.51343
704	11	bribery	17.4399
704	12	two	12.4382
704	13	weeks	7.39638
704	14	ago	9.58569
704	15	.	3.37895
704	16	</s>	23.2368
705	1	the	2.46696
705	2	colleagues	23.0567
705	3	realized	11.3871
705	4	that	2.03353
705	5	her	6.28411
705	6	mother	4.88967
705	7	stated	12.9951
705	8	might	14.3255
705	9	have	3.14779
705	10	discovered	11.3149
705	11	the	4.51343
705	12	bribery	17.4399
705	13	two	12.4382
705	14	weeks	7.39638
705	15	ago	9.58569
705	16	.	3.37895
705	17	</s>	23.2368
706	1	the	2.46696
706	2	colleagues	23.0567
706	3	realized	11.3871
706	4	that	2.03353
706	5	her	6.28411
706	6	mother	4.88967
706	7	stated	12.9951
706	8	the	5.09718
706	9	journalist	14.8173
706	10	might	12.2149
706	11	have	3.14779
706	12	discovered	11.3149
706	13	the	4.51343
706	14	bribery	17.4399
706	15	two	12.4382
706	16	weeks	7.39638
706	17	ago	9.58569
706	18	.	3.37895
706	19	</s>	23.2368
707	1	the	2.46696
707	2	colleagues	23.0567
707	3	realized	11.3871
707	4	who	10.0258
707	5	her	12.7228
707	6	mother	7.49588
707	7	stated	12.5036
707	8	might	14.3255
707	9	have	3.14779
707	10	discovered	11.3149
707	11	the	4.51343
707	12	bribery	17.4399
707	13	two	12.4382
707	14	weeks	7.39638
707	15	ago	9.58569
707	16	.	3.37895
707	17	</s>	23.2368
708	1	the	2.46696
708	2	colleagues	23.0567
708	3	realized	11.3871
708	4	who	10.0258
708	5	her	12.7228
708	6	mother	7.49588
708	7	stated	12.5036
708	8	the	5.09718
708	9	journalist	14.8173
708	10	might	12.2149
708	11	have	3.14779
708	12	discovered	11.3149
708	13	the	4.51343
708	14	bribery	17.4399
708	15	two	12.4382
708	16	weeks	7.39638
708	17	ago	9.58569
708	18	.	3.37895
708	19	</s>	23.2368
709	1	the	2.46696
709	2	colleagues	23.0567
709	3	realized	11.3871
709	4	that	2.03353
709	5	her	6.28411
709	6	mother	4.88967
709	7	stated	12.9951
709	8	a	7.43854
709	9	friend	11.49
709	10	said	10.4688
709	11	might	13.8634
709	12	have	3.14779
709	13	discovered	11.3149
709	14	the	4.51343
709	15	bribery	17.4399
709	16	two	12.4382
709	17	weeks	7.39638
709	18	ago	9.58569
709	19	.	3.37895
709	20	</s>	23.2368
710	1	the	2.46696
710	2	colleagues	23.0567
710	3	realized	11.3871
710	4	that	2.03353
710	5	her	6.28411
710	6	mother	4.88967
710	7	stated	12.9951
710	8	a	7.43854
710	9	friend	11.49
710	10	said	10.4688
710	11	the	4.71401
710	12	journalist	14.9162
710	13	might	12.2149
710	14	have	3.14779
710	15	discovered	11.3149
710	16	the	4.51343
710	17	bribery	17.4399
710	18	two	12.4382
710	19	weeks	7.39638
710	20	ago	9.58569
710	21	.	3.37895
710	22	</s>	23.2368
711	1	the	2.46696
711	2	colleagues	23.0567
711	3	realized	11.3871
711	4	who	10.0258
711	5	her	12.7228
711	6	mother	7.49588
711	7	stated	12.5036
711	8	a	7.43854
711	9	friend	11.49
711	10	said	10.4688
711	11	might	13.8634
711	12	have	3.14779
711	13	discovered	11.3149
711	14	the	4.51343
711	15	bribery	17.4399
711	16	two	12.4382
711	17	weeks	7.39638
711	18	ago	9.58569
711	19	.	3.37895
711	20	</s>	23.2368
712	1	the	2.46696
712	2	colleagues	23.0567
712	3	realized	11.3871
712	4	who	10.0258
712	5	her	12.7228
712	6	mother	7.49588
712	7	stated	12.5036
712	8	a	7.43854
712	9	friend	11.49
712	10	said	10.4688
712	11	the	4.71401
712	12	journalist	14.9162
712	13	might	12.2149
712	14	have	3.14779
712	15	discovered	11.3149
712	16	the	4.51343
712	17	bribery	17.4399
712	18	two	12.4382
712	19	weeks	7.39638
712	20	ago	9.58569
712	21	.	3.37895
712	22	</s>	23.2368
713	1	the	2.46696
713	2	colleagues	23.0567
713	3	realized	11.3871
713	4	that	2.03353
713	5	her	6.28411
713	6	mother	4.88967
713	7	stated	12.9951
713	8	a	7.43854
713	9	friend	11.49
713	10	said	10.4688
713	11	her	8.75821
713	12	husband	3.51563
713	13	knew	13.2624
713	14	might	13.3196
713	15	have	3.14779
713	16	discovered	11.3149
713	17	the	4.51343
713	18	bribery	17.4399
713	19	two	12.4382
713	20	weeks	7.39638
713	21	ago	9.58569
713	22	.	3.37895
713	23	</s>	23.2368
714	1	the	2.46696
714	2	colleagues	23.0567
714	3	realized	11.3871
714	4	that	2.03353
714	5	her	6.28411
714	6	mother	4.88967
714	7	stated	12.9951
714	8	a	7.43854
714	9	friend	11.49
714	10	said	10.4688
714	11	her	8.75821
714	12	husband	3.51563
714	13	knew	13.2624
714	14	the	4.27224
714	15	journalist	14.5561
714	16	might	12.2149
714	17	have	3.14779
714	18	discovered	11.3149
714	19	the	4.51343
714	20	bribery	17.4399
714	21	two	12.4382
714	22	weeks	7.39638
714	23	ago	9.58569
714	24	.	3.37895
714	25	</s>	23.2368
715	1	the	2.46696
715	2	colleagues	23.0567
715	3	realized	11.3871
715	4	who	10.0258
715	5	her	12.7228
715	6	mother	7.49588
715	7	stated	12.5036
715	8	a	7.43854
715	9	friend	11.49
715	10	said	10.4688
715	11	her	8.75821
715	12	husband	3.51563
715	13	knew	13.2624
715	14	might	13.3196
715	15	have	3.14779
715	16	discovered	11.3149
715	17	the	4.51343
715	18	bribery	17.4399
715	19	two	12.4382
715	20	weeks	7.39638
715	21	ago	9.58569
715	22	.	3.37895
715	23	</s>	23.2368
716	1	the	2.46696
716	2	colleagues	23.0567
716	3	realized	11.3871
716	4	who	10.0258
716	5	her	12.7228
716	6	mother	7.49588
716	7	stated	12.5036
716	8	a	7.43854
716	9	friend	11.49
716	10	said	10.4688
716	11	her	8.75821
716	12	husband	3.51563
716	13	knew	13.2624
716	14	the	4.27224
716	15	journalist	14.5561
716	16	might	12.2149
716	17	have	3.14779
716	18	discovered	11.3149
716	19	the	4.51343
716	20	bribery	17.4399
716	21	two	12.4382
716	22	weeks	7.39638
716	23	ago	9.58569
716	24	.	3.37895
716	25	</s>	23.2368
717	1	the	2.46696
717	2	colleagues	23.0567
717	3	realized	11.3871
717	4	that	2.03353
717	5	her	6.28411
717	6	mother	4.88967
717	7	stated	12.9951
717	8	a	7.43854
717	9	friend	11.49
717	10	said	10.4688
717	11	her	8.75821
717	12	husband	3.51563
717	13	knew	13.2624
717	14	might	13.3196
717	15	have	3.14779
717	16	discovered	11.3149
717	17	the	4.51343
717	18	bribery	17.4399
717	19	two	12.4382
717	20	weeks	7.39638
717	21	ago	9.58569
717	22	.	3.37895
717	23	</s>	23.2368
718	1	the	2.46696
718	2	colleagues	23.0567
718	3	realized	11.3871
718	4	that	2.03353
718	5	her	6.28411
718	6	mother	4.88967
718	7	stated	12.9951
718	8	a	7.43854
718	9	friend	11.49
718	10	said	10.4688
718	11	her	8.75821
718	12	husband	3.51563
718	13	knew	13.2624
718	14	the	4.27224
718	15	journalist	14.5561
718	16	might	12.2149
718	17	have	3.14779
718	18	discovered	11.3149
718	19	the	4.51343
718	20	bribery	17.4399
718	21	two	12.4382
718	22	weeks	7.39638
718	23	ago	9.58569
718	24	.	3.37895
718	25	</s>	23.2368
719	1	the	2.46696
719	2	colleagues	23.0567
719	3	realized	11.3871
719	4	who	10.0258
719	5	her	12.7228
719	6	mother	7.49588
719	7	stated	12.5036
719	8	a	7.43854
719	9	friend	11.49
719	10	said	10.4688
719	11	her	8.75821
719	12	husband	3.51563
719	13	knew	13.2624
719	14	might	13.3196
719	15	have	3.14779
719	16	discovered	11.3149
719	17	the	4.51343
719	18	bribery	17.4399
719	19	two	12.4382
719	20	weeks	7.39638
719	21	ago	9.58569
719	22	.	3.37895
719	23	</s>	23.2368
720	1	the	2.46696
720	2	colleagues	23.0567
720	3	realized	11.3871
720	4	who	10.0258
720	5	her	12.7228
720	6	mother	7.49588
720	7	stated	12.5036
720	8	a	7.43854
720	9	friend	11.49
720	10	said	10.4688
720	11	her	8.75821
720	12	husband	3.51563
720	13	knew	13.2624
720	14	the	4.27224
720	15	journalist	14.5561
720	16	might	12.2149
720	17	have	3.14779
720	18	discovered	11.3149
720	19	the	4.51343
720	20	bribery	17.4399
720	21	two	12.4382
720	22	weeks	7.39638
720	23	ago	9.58569
720	24	.	3.37895
720	25	</s>	23.2368
721	1	i	8.92268
721	2	know	6.35939
721	3	that	3.01867
721	4	will	8.78715
721	5	find	10.6188
721	6	a	3.58817
721	7	gun	11.5739
721	8	in	4.19528
721	9	the	2.46244
721	10	office	10.7961
721	11	.	3.50999
721	12	</s>	25.8118
722	1	i	8.92268
722	2	know	6.35939
722	3	that	3.01867
722	4	the	4.26664
722	5	five	11.5806
722	6	star	8.54514
722	7	general	14.0886
722	8	will	11.4486
722	9	find	8.23111
722	10	a	3.58817
722	11	gun	11.5739
722	12	in	4.19528
722	13	the	2.46244
722	14	office	10.7961
722	15	.	3.50999
722	16	</s>	25.8118
723	1	i	8.92268
723	2	know	6.35939
723	3	who	6.55265
723	4	will	8.2859
723	5	find	8.2595
723	6	a	3.58817
723	7	gun	11.5739
723	8	in	4.19528
723	9	the	2.46244
723	10	office	10.7961
723	11	.	3.50999
723	12	</s>	25.8118
724	1	i	8.92268
724	2	know	6.35939
724	3	who	6.55265
724	4	the	5.15736
724	5	five	12.3279
724	6	star	8.48823
724	7	general	14.0886
724	8	will	11.4486
724	9	find	8.23111
724	10	a	3.58817
724	11	gun	11.5739
724	12	in	4.19528
724	13	the	2.46244
724	14	office	10.7961
724	15	.	3.50999
724	16	</s>	25.8118
725	1	i	8.92268
725	2	know	6.35939
725	3	that	3.01867
725	4	the	4.26664
725	5	woman	10.6041
725	6	believed	13.9101
725	7	will	13.2461
725	8	find	8.09344
725	9	a	3.58817
725	10	gun	11.5739
725	11	in	4.19528
725	12	the	2.46244
725	13	office	10.7961
725	14	.	3.50999
725	15	</s>	25.8118
726	1	i	8.92268
726	2	know	6.35939
726	3	that	3.01867
726	4	the	4.26664
726	5	woman	10.6041
726	6	believed	13.9101
726	7	the	3.87627
726	8	five	12.1262
726	9	star	8.48823
726	10	general	14.0886
726	11	will	11.4486
726	12	find	8.23111
726	13	a	3.58817
726	14	gun	11.5739
726	15	in	4.19528
726	16	the	2.46244
726	17	office	10.7961
726	18	.	3.50999
726	19	</s>	25.8118
727	1	i	8.92268
727	2	know	6.35939
727	3	who	6.55265
727	4	the	5.15736
727	5	woman	7.88614
727	6	believed	14.4206
727	7	will	13.2461
727	8	find	8.09344
727	9	a	3.58817
727	10	gun	11.5739
727	11	in	4.19528
727	12	the	2.46244
727	13	office	10.7961
727	14	.	3.50999
727	15	</s>	25.8118
728	1	i	8.92268
728	2	know	6.35939
728	3	who	6.55265
728	4	the	5.15736
728	5	woman	7.88614
728	6	believed	14.4206
728	7	the	3.87627
728	8	five	12.1262
728	9	star	8.48823
728	10	general	14.0886
728	11	will	11.4486
728	12	find	8.23111
728	13	a	3.58817
728	14	gun	11.5739
728	15	in	4.19528
728	16	the	2.46244
728	17	office	10.7961
728	18	.	3.50999
728	19	</s>	25.8118
729	1	i	8.92268
729	2	know	6.35939
729	3	that	3.01867
729	4	the	4.26664
729	5	woman	10.6041
729	6	believed	13.9101
729	7	the	3.87627
729	8	secretary	12.8324
729	9	said	11.3299
729	10	will	11.0337
729	11	find	8.10928
729	12	a	3.58817
729	13	gun	11.5739
729	14	in	4.19528
729	15	the	2.46244
729	16	office	10.7961
729	17	.	3.50999
729	18	</s>	25.8118
730	1	i	8.92268
730	2	know	6.35939
730	3	that	3.01867
730	4	the	4.26664
730	5	woman	10.6041
730	6	believed	13.9101
730	7	the	3.87627
730	8	secretary	12.8324
730	9	said	11.3299
730	10	the	4.51729
730	11	five	12.4264
730	12	star	8.48823
730	13	general	14.0886
730	14	will	11.4486
730	15	find	8.23111
730	16	a	3.58817
730	17	gun	11.5739
730	18	in	4.19528
730	19	the	2.46244
730	20	office	10.7961
730	21	.	3.50999
730	22	</s>	25.8118
731	1	i	8.92268
731	2	know	6.35939
731	3	who	6.55265
731	4	the	5.15736
731	5	woman	7.88614
731	6	believed	14.4206
731	7	the	3.87627
731	8	secretary	12.8324
731	9	said	11.3299
731	10	will	11.0337
731	11	find	8.10928
731	12	a	3.58817
731	13	gun	11.5739
731	14	in	4.19528
731	15	the	2.46244
731	16	office	10.7961
731	17	.	3.50999
731	18	</s>	25.8118
732	1	i	8.92268
732	2	know	6.35939
732	3	who	6.55265
732	4	the	5.15736
732	5	woman	7.88614
732	6	believed	14.4206
732	7	the	3.87627
732	8	secretary	12.8324
732	9	said	11.3299
732	10	the	4.51729
732	11	five	12.4264
732	12	star	8.48823
732	13	general	14.0886
732	14	will	11.4486
732	15	find	8.23111
732	16	a	3.58817
732	17	gun	11.5739
732	18	in	4.19528
732	19	the	2.46244
732	20	office	10.7961
732	21	.	3.50999
732	22	</s>	25.8118
733	1	i	8.92268
733	2	know	6.35939
733	3	that	3.01867
733	4	the	4.26664
733	5	woman	10.6041
733	6	believed	13.9101
733	7	the	3.87627
733	8	secretary	12.8324
733	9	said	11.3299
733	10	her	8.56149
733	11	friend	9.53134
733	12	recalled	11.7981
733	13	will	11.9631
733	14	find	8.09344
733	15	a	3.58817
733	16	gun	11.5739
733	17	in	4.19528
733	18	the	2.46244
733	19	office	10.7961
733	20	.	3.50999
733	21	</s>	25.8118
734	1	i	8.92268
734	2	know	6.35939
734	3	that	3.01867
734	4	the	4.26664
734	5	woman	10.6041
734	6	believed	13.9101
734	7	the	3.87627
734	8	secretary	12.8324
734	9	said	11.3299
734	10	her	8.56149
734	11	friend	9.53134
734	12	recalled	11.7981
734	13	the	4.00018
734	14	five	12.0594
734	15	star	8.48823
734	16	general	14.0886
734	17	will	11.4486
734	18	find	8.23111
734	19	a	3.58817
734	20	gun	11.5739
734	21	in	4.19528
734	22	the	2.46244
734	23	office	10.7961
734	24	.	3.50999
734	25	</s>	25.8118
735	1	i	8.92268
735	2	know	6.35939
735	3	who	6.55265
735	4	the	5.15736
735	5	woman	7.88614
735	6	believed	14.4206
735	7	the	3.87627
735	8	secretary	12.8324
735	9	said	11.3299
735	10	her	8.56149
735	11	friend	9.53134
735	12	recalled	11.7981
735	13	will	11.9631
735	14	find	8.09344
735	15	a	3.58817
735	16	gun	11.5739
735	17	in	4.19528
735	18	the	2.46244
735	19	office	10.7961
735	20	.	3.50999
735	21	</s>	25.8118
736	1	i	8.92268
736	2	know	6.35939
736	3	who	6.55265
736	4	the	5.15736
736	5	woman	7.88614
736	6	believed	14.4206
736	7	the	3.87627
736	8	secretary	12.8324
736	9	said	11.3299
736	10	her	8.56149
736	11	friend	9.53134
736	12	recalled	11.7981
736	13	the	4.00018
736	14	five	12.0594
736	15	star	8.48823
736	16	general	14.0886
736	17	will	11.4486
736	18	find	8.23111
736	19	a	3.58817
736	20	gun	11.5739
736	21	in	4.19528
736	22	the	2.46244
736	23	office	10.7961
736	24	.	3.50999
736	25	</s>	25.8118
737	1	i	8.92268
737	2	know	6.35939
737	3	that	3.01867
737	4	the	4.26664
737	5	woman	10.6041
737	6	believed	13.9101
737	7	the	3.87627
737	8	secretary	12.8324
737	9	said	11.3299
737	10	her	8.56149
737	11	friend	9.53134
737	12	recalled	11.7981
737	13	will	11.9631
737	14	find	8.09344
737	15	a	3.58817
737	16	gun	11.5739
737	17	in	4.19528
737	18	the	2.46244
737	19	office	10.7961
737	20	.	3.50999
737	21	</s>	25.8118
738	1	i	8.92268
738	2	know	6.35939
738	3	that	3.01867
738	4	the	4.26664
738	5	woman	10.6041
738	6	believed	13.9101
738	7	the	3.87627
738	8	secretary	12.8324
738	9	said	11.3299
738	10	her	8.56149
738	11	friend	9.53134
738	12	recalled	11.7981
738	13	the	4.00018
738	14	five	12.0594
738	15	star	8.48823
738	16	general	14.0886
738	17	will	11.4486
738	18	find	8.23111
738	19	a	3.58817
738	20	gun	11.5739
738	21	in	4.19528
738	22	the	2.46244
738	23	office	10.7961
738	24	.	3.50999
738	25	</s>	25.8118
739	1	i	8.92268
739	2	know	6.35939
739	3	who	6.55265
739	4	the	5.15736
739	5	woman	7.88614
739	6	believed	14.4206
739	7	the	3.87627
739	8	secretary	12.8324
739	9	said	11.3299
739	10	her	8.56149
739	11	friend	9.53134
739	12	recalled	11.7981
739	13	will	11.9631
739	14	find	8.09344
739	15	a	3.58817
739	16	gun	11.5739
739	17	in	4.19528
739	18	the	2.46244
739	19	office	10.7961
739	20	.	3.50999
739	21	</s>	25.8118
740	1	i	8.92268
740	2	know	6.35939
740	3	who	6.55265
740	4	the	5.15736
740	5	woman	7.88614
740	6	believed	14.4206
740	7	the	3.87627
740	8	secretary	12.8324
740	9	said	11.3299
740	10	her	8.56149
740	11	friend	9.53134
740	12	recalled	11.7981
740	13	the	4.00018
740	14	five	12.0594
740	15	star	8.48823
740	16	general	14.0886
740	17	will	11.4486
740	18	find	8.23111
740	19	a	3.58817
740	20	gun	11.5739
740	21	in	4.19528
740	22	the	2.46244
740	23	office	10.7961
740	24	.	3.50999
740	25	</s>	25.8118
741	1	the	2.46696
741	2	visitor	14.2863
741	3	said	10.2848
741	4	that	2.58441
741	5	should	12.1338
741	6	talk	12.3268
741	7	with	5.78814
741	8	the	5.73443
741	9	new	7.3812
741	10	manager	10.3991
741	11	in	6.61668
741	12	her	8.98252
741	13	office	8.74356
741	14	.	3.00035
741	15	</s>	23.3093
742	1	the	2.46696
742	2	visitor	14.2863
742	3	said	10.2848
742	4	that	2.58441
742	5	the	3.19499
742	6	human	10.0223
742	7	resources	7.79463
742	8	officer	13.551
742	9	should	11.9162
742	10	talk	11.4912
742	11	with	5.78814
742	12	the	5.73443
742	13	new	7.3812
742	14	manager	10.3991
742	15	in	6.61668
742	16	her	8.98252
742	17	office	8.74356
742	18	.	3.00035
742	19	</s>	23.3093
743	1	the	2.46696
743	2	visitor	14.2863
743	3	said	10.2848
743	4	who	14.9837
743	5	should	9.60051
743	6	talk	11.8161
743	7	with	5.78814
743	8	the	5.73443
743	9	new	7.3812
743	10	manager	10.3991
743	11	in	6.61668
743	12	her	8.98252
743	13	office	8.74356
743	14	.	3.00035
743	15	</s>	23.3093
744	1	the	2.46696
744	2	visitor	14.2863
744	3	said	10.2848
744	4	who	14.9837
744	5	the	8.96323
744	6	human	11.6145
744	7	resources	7.50633
744	8	officer	13.551
744	9	should	11.9162
744	10	talk	11.4912
744	11	with	5.78814
744	12	the	5.73443
744	13	new	7.3812
744	14	manager	10.3991
744	15	in	6.61668
744	16	her	8.98252
744	17	office	8.74356
744	18	.	3.00035
744	19	</s>	23.3093
745	1	the	2.46696
745	2	visitor	14.2863
745	3	said	10.2848
745	4	that	2.58441
745	5	my	12.2147
745	6	friend	8.38062
745	7	said	9.75025
745	8	should	12.7443
745	9	talk	11.9103
745	10	with	5.78814
745	11	the	5.73443
745	12	new	7.3812
745	13	manager	10.3991
745	14	in	6.61668
745	15	her	8.98252
745	16	office	8.74356
745	17	.	3.00035
745	18	</s>	23.3093
746	1	the	2.46696
746	2	visitor	14.2863
746	3	said	10.2848
746	4	that	2.58441
746	5	my	12.2147
746	6	friend	8.38062
746	7	said	9.75025
746	8	the	4.71401
746	9	human	11.7972
746	10	resources	7.50633
746	11	officer	13.551
746	12	should	11.9162
746	13	talk	11.4912
746	14	with	5.78814
746	15	the	5.73443
746	16	new	7.3812
746	17	manager	10.3991
746	18	in	6.61668
746	19	her	8.98252
746	20	office	8.74356
746	21	.	3.00035
746	22	</s>	23.3093
747	1	the	2.46696
747	2	visitor	14.2863
747	3	said	10.2848
747	4	who	14.9837
747	5	my	14.756
747	6	friend	8.20306
747	7	said	9.75025
747	8	should	12.7443
747	9	talk	11.9103
747	10	with	5.78814
747	11	the	5.73443
747	12	new	7.3812
747	13	manager	10.3991
747	14	in	6.61668
747	15	her	8.98252
747	16	office	8.74356
747	17	.	3.00035
747	18	</s>	23.3093
748	1	the	2.46696
748	2	visitor	14.2863
748	3	said	10.2848
748	4	who	14.9837
748	5	my	14.756
748	6	friend	8.20306
748	7	said	9.75025
748	8	the	4.71401
748	9	human	11.7972
748	10	resources	7.50633
748	11	officer	13.551
748	12	should	11.9162
748	13	talk	11.4912
748	14	with	5.78814
748	15	the	5.73443
748	16	new	7.3812
748	17	manager	10.3991
748	18	in	6.61668
748	19	her	8.98252
748	20	office	8.74356
748	21	.	3.00035
748	22	</s>	23.3093
749	1	the	2.46696
749	2	visitor	14.2863
749	3	said	10.2848
749	4	that	2.58441
749	5	my	12.2147
749	6	friend	8.38062
749	7	said	9.75025
749	8	her	8.75821
749	9	mother	5.9299
749	10	knew	11.723
749	11	should	12.6576
749	12	talk	11.4912
749	13	with	5.78814
749	14	the	5.73443
749	15	new	7.3812
749	16	manager	10.3991
749	17	in	6.61668
749	18	her	8.98252
749	19	office	8.74356
749	20	.	3.00035
749	21	</s>	23.3093
750	1	the	2.46696
750	2	visitor	14.2863
750	3	said	10.2848
750	4	that	2.58441
750	5	my	12.2147
750	6	friend	8.38062
750	7	said	9.75025
750	8	her	8.75821
750	9	mother	5.9299
750	10	knew	11.723
750	11	the	4.27224
750	12	human	11.4372
750	13	resources	7.50633
750	14	officer	13.551
750	15	should	11.9162
750	16	talk	11.4912
750	17	with	5.78814
750	18	the	5.73443
750	19	new	7.3812
750	20	manager	10.3991
750	21	in	6.61668
750	22	her	8.98252
750	23	office	8.74356
750	24	.	3.00035
750	25	</s>	23.3093
751	1	the	2.46696
751	2	visitor	14.2863
751	3	said	10.2848
751	4	who	14.9837
751	5	my	14.756
751	6	friend	8.20306
751	7	said	9.75025
751	8	her	8.75821
751	9	mother	5.9299
751	10	knew	11.723
751	11	should	12.6576
751	12	talk	11.4912
751	13	with	5.78814
751	14	the	5.73443
751	15	new	7.3812
751	16	manager	10.3991
751	17	in	6.61668
751	18	her	8.98252
751	19	office	8.74356
751	20	.	3.00035
751	21	</s>	23.3093
752	1	the	2.46696
752	2	visitor	14.2863
752	3	said	10.2848
752	4	who	14.9837
752	5	my	14.756
752	6	friend	8.20306
752	7	said	9.75025
752	8	her	8.75821
752	9	mother	5.9299
752	10	knew	11.723
752	11	the	4.27224
752	12	human	11.4372
752	13	resources	7.50633
752	14	officer	13.551
752	15	should	11.9162
752	16	talk	11.4912
752	17	with	5.78814
752	18	the	5.73443
752	19	new	7.3812
752	20	manager	10.3991
752	21	in	6.61668
752	22	her	8.98252
752	23	office	8.74356
752	24	.	3.00035
752	25	</s>	23.3093
753	1	the	2.46696
753	2	visitor	14.2863
753	3	said	10.2848
753	4	that	2.58441
753	5	my	12.2147
753	6	friend	8.38062
753	7	said	9.75025
753	8	her	8.75821
753	9	mother	5.9299
753	10	knew	11.723
753	11	the	4.27224
753	12	clerk	14.4929
753	13	stated	13.6078
753	14	should	12.1708
753	15	talk	11.4912
753	16	with	5.78814
753	17	the	5.73443
753	18	new	7.3812
753	19	manager	10.3991
753	20	in	6.61668
753	21	her	8.98252
753	22	office	8.74356
753	23	.	3.00035
753	24	</s>	23.3093
754	1	the	2.46696
754	2	visitor	14.2863
754	3	said	10.2848
754	4	that	2.58441
754	5	my	12.2147
754	6	friend	8.38062
754	7	said	9.75025
754	8	her	8.75821
754	9	mother	5.9299
754	10	knew	11.723
754	11	the	4.27224
754	12	clerk	14.4929
754	13	stated	13.6078
754	14	the	5.24247
754	15	human	11.6984
754	16	resources	7.50633
754	17	officer	13.551
754	18	should	11.9162
754	19	talk	11.4912
754	20	with	5.78814
754	21	the	5.73443
754	22	new	7.3812
754	23	manager	10.3991
754	24	in	6.61668
754	25	her	8.98252
754	26	office	8.74356
754	27	.	3.00035
754	28	</s>	23.3093
755	1	the	2.46696
755	2	visitor	14.2863
755	3	said	10.2848
755	4	who	14.9837
755	5	my	14.756
755	6	friend	8.20306
755	7	said	9.75025
755	8	her	8.75821
755	9	mother	5.9299
755	10	knew	11.723
755	11	the	4.27224
755	12	clerk	14.4929
755	13	stated	13.6078
755	14	should	12.1708
755	15	talk	11.4912
755	16	with	5.78814
755	17	the	5.73443
755	18	new	7.3812
755	19	manager	10.3991
755	20	in	6.61668
755	21	her	8.98252
755	22	office	8.74356
755	23	.	3.00035
755	24	</s>	23.3093
756	1	the	2.46696
756	2	visitor	14.2863
756	3	said	10.2848
756	4	who	14.9837
756	5	my	14.756
756	6	friend	8.20306
756	7	said	9.75025
756	8	her	8.75821
756	9	mother	5.9299
756	10	knew	11.723
756	11	the	4.27224
756	12	clerk	14.4929
756	13	stated	13.6078
756	14	the	5.24247
756	15	human	11.6984
756	16	resources	7.50633
756	17	officer	13.551
756	18	should	11.9162
756	19	talk	11.4912
756	20	with	5.78814
756	21	the	5.73443
756	22	new	7.3812
756	23	manager	10.3991
756	24	in	6.61668
756	25	her	8.98252
756	26	office	8.74356
756	27	.	3.00035
756	28	</s>	23.3093
757	1	the	2.46696
757	2	visitor	14.2863
757	3	said	10.2848
757	4	that	2.58441
757	5	my	12.2147
757	6	friend	8.38062
757	7	said	9.75025
757	8	her	8.75821
757	9	mother	5.9299
757	10	knew	11.723
757	11	the	4.27224
757	12	clerk	14.4929
757	13	stated	13.6078
757	14	should	12.1708
757	15	talk	11.4912
757	16	with	5.78814
757	17	the	5.73443
757	18	new	7.3812
757	19	manager	10.3991
757	20	in	6.61668
757	21	her	8.98252
757	22	office	8.74356
757	23	.	3.00035
757	24	</s>	23.3093
758	1	the	2.46696
758	2	visitor	14.2863
758	3	said	10.2848
758	4	that	2.58441
758	5	my	12.2147
758	6	friend	8.38062
758	7	said	9.75025
758	8	her	8.75821
758	9	mother	5.9299
758	10	knew	11.723
758	11	the	4.27224
758	12	clerk	14.4929
758	13	stated	13.6078
758	14	the	5.24247
758	15	human	11.6984
758	16	resources	7.50633
758	17	officer	13.551
758	18	should	11.9162
758	19	talk	11.4912
758	20	with	5.78814
758	21	the	5.73443
758	22	new	7.3812
758	23	manager	10.3991
758	24	in	6.61668
758	25	her	8.98252
758	26	office	8.74356
758	27	.	3.00035
758	28	</s>	23.3093
759	1	the	2.46696
759	2	visitor	14.2863
759	3	said	10.2848
759	4	who	14.9837
759	5	my	14.756
759	6	friend	8.20306
759	7	said	9.75025
759	8	her	8.75821
759	9	mother	5.9299
759	10	knew	11.723
759	11	the	4.27224
759	12	clerk	14.4929
759	13	stated	13.6078
759	14	should	12.1708
759	15	talk	11.4912
759	16	with	5.78814
759	17	the	5.73443
759	18	new	7.3812
759	19	manager	10.3991
759	20	in	6.61668
759	21	her	8.98252
759	22	office	8.74356
759	23	.	3.00035
759	24	</s>	23.3093
760	1	the	2.46696
760	2	visitor	14.2863
760	3	said	10.2848
760	4	who	14.9837
760	5	my	14.756
760	6	friend	8.20306
760	7	said	9.75025
760	8	her	8.75821
760	9	mother	5.9299
760	10	knew	11.723
760	11	the	4.27224
760	12	clerk	14.4929
760	13	stated	13.6078
760	14	the	5.24247
760	15	human	11.6984
760	16	resources	7.50633
760	17	officer	13.551
760	18	should	11.9162
760	19	talk	11.4912
760	20	with	5.78814
760	21	the	5.73443
760	22	new	7.3812
760	23	manager	10.3991
760	24	in	6.61668
760	25	her	8.98252
760	26	office	8.74356
760	27	.	3.00035
760	28	</s>	23.3093
761	1	my	12.9847
761	2	friends	7.16492
761	3	all	10.4968
761	4	know	12.833
761	5	that	4.52391
761	6	will	8.6266
761	7	describe	12.6174
761	8	her	6.96276
761	9	woes	15.3491
761	10	to	5.21395
761	11	her	8.64133
761	12	friends	8.66672
761	13	.	4.1432
761	14	</s>	22.7871
762	1	my	12.9847
762	2	friends	7.16492
762	3	all	10.4968
762	4	know	12.833
762	5	that	4.52391
762	6	the	4.10609
762	7	single	11.4406
762	8	mother	9.77813
762	9	will	11.2108
762	10	describe	12.307
762	11	her	6.96276
762	12	woes	15.3491
762	13	to	5.21395
762	14	her	8.64133
762	15	friends	8.66672
762	16	.	4.1432
762	17	</s>	22.7871
763	1	my	12.9847
763	2	friends	7.16492
763	3	all	10.4968
763	4	know	12.833
763	5	who	6.6432
763	6	will	8.14061
763	7	describe	12.3936
763	8	her	6.96276
763	9	woes	15.3491
763	10	to	5.21395
763	11	her	8.64133
763	12	friends	8.66672
763	13	.	4.1432
763	14	</s>	22.7871
764	1	my	12.9847
764	2	friends	7.16492
764	3	all	10.4968
764	4	know	12.833
764	5	who	6.6432
764	6	the	5.01207
764	7	single	11.9591
764	8	mother	9.58611
764	9	will	11.2108
764	10	describe	12.307
764	11	her	6.96276
764	12	woes	15.3491
764	13	to	5.21395
764	14	her	8.64133
764	15	friends	8.66672
764	16	.	4.1432
764	17	</s>	22.7871
765	1	my	12.9847
765	2	friends	7.16492
765	3	all	10.4968
765	4	know	12.833
765	5	that	4.52391
765	6	her	7.27156
765	7	friend	8.6901
765	8	knew	13.4537
765	9	will	11.9486
765	10	describe	12.2275
765	11	her	6.96276
765	12	woes	15.3491
765	13	to	5.21395
765	14	her	8.64133
765	15	friends	8.66672
765	16	.	4.1432
765	17	</s>	22.7871
766	1	my	12.9847
766	2	friends	7.16492
766	3	all	10.4968
766	4	know	12.833
766	5	that	4.52391
766	6	her	7.27156
766	7	friend	8.6901
766	8	knew	13.4537
766	9	the	4.27224
766	10	single	11.6975
766	11	mother	9.58611
766	12	will	11.2108
766	13	describe	12.307
766	14	her	6.96276
766	15	woes	15.3491
766	16	to	5.21395
766	17	her	8.64133
766	18	friends	8.66672
766	19	.	4.1432
766	20	</s>	22.7871
767	1	my	12.9847
767	2	friends	7.16492
767	3	all	10.4968
767	4	know	12.833
767	5	who	6.6432
767	6	her	13.1466
767	7	friend	9.47042
767	8	knew	13.4537
767	9	will	11.9486
767	10	describe	12.2275
767	11	her	6.96276
767	12	woes	15.3491
767	13	to	5.21395
767	14	her	8.64133
767	15	friends	8.66672
767	16	.	4.1432
767	17	</s>	22.7871
768	1	my	12.9847
768	2	friends	7.16492
768	3	all	10.4968
768	4	know	12.833
768	5	who	6.6432
768	6	her	13.1466
768	7	friend	9.47042
768	8	knew	13.4537
768	9	the	4.27224
768	10	single	11.6975
768	11	mother	9.58611
768	12	will	11.2108
768	13	describe	12.307
768	14	her	6.96276
768	15	woes	15.3491
768	16	to	5.21395
768	17	her	8.64133
768	18	friends	8.66672
768	19	.	4.1432
768	20	</s>	22.7871
769	1	my	12.9847
769	2	friends	7.16492
769	3	all	10.4968
769	4	know	12.833
769	5	that	4.52391
769	6	her	7.27156
769	7	friend	8.6901
769	8	knew	13.4537
769	9	the	4.27224
769	10	delivery	13.4565
769	11	man	6.52989
769	12	believed	13.413
769	13	will	13.2461
769	14	describe	12.2275
769	15	her	6.96276
769	16	woes	15.3491
769	17	to	5.21395
769	18	her	8.64133
769	19	friends	8.66672
769	20	.	4.1432
769	21	</s>	22.7871
770	1	my	12.9847
770	2	friends	7.16492
770	3	all	10.4968
770	4	know	12.833
770	5	that	4.52391
770	6	her	7.27156
770	7	friend	8.6901
770	8	knew	13.4537
770	9	the	4.27224
770	10	delivery	13.4565
770	11	man	6.52989
770	12	believed	13.413
770	13	the	3.87627
770	14	single	11.7574
770	15	mother	9.58611
770	16	will	11.2108
770	17	describe	12.307
770	18	her	6.96276
770	19	woes	15.3491
770	20	to	5.21395
770	21	her	8.64133
770	22	friends	8.66672
770	23	.	4.1432
770	24	</s>	22.7871
771	1	my	12.9847
771	2	friends	7.16492
771	3	all	10.4968
771	4	know	12.833
771	5	who	6.6432
771	6	her	13.1466
771	7	friend	9.47042
771	8	knew	13.4537
771	9	the	4.27224
771	10	delivery	13.4565
771	11	man	6.52989
771	12	believed	13.413
771	13	will	13.2461
771	14	describe	12.2275
771	15	her	6.96276
771	16	woes	15.3491
771	17	to	5.21395
771	18	her	8.64133
771	19	friends	8.66672
771	20	.	4.1432
771	21	</s>	22.7871
772	1	my	12.9847
772	2	friends	7.16492
772	3	all	10.4968
772	4	know	12.833
772	5	who	6.6432
772	6	her	13.1466
772	7	friend	9.47042
772	8	knew	13.4537
772	9	the	4.27224
772	10	delivery	13.4565
772	11	man	6.52989
772	12	believed	13.413
772	13	the	3.87627
772	14	single	11.7574
772	15	mother	9.58611
772	16	will	11.2108
772	17	describe	12.307
772	18	her	6.96276
772	19	woes	15.3491
772	20	to	5.21395
772	21	her	8.64133
772	22	friends	8.66672
772	23	.	4.1432
772	24	</s>	22.7871
773	1	my	12.9847
773	2	friends	7.16492
773	3	all	10.4968
773	4	know	12.833
773	5	that	4.52391
773	6	her	7.27156
773	7	friend	8.6901
773	8	knew	13.4537
773	9	the	4.27224
773	10	delivery	13.4565
773	11	man	6.52989
773	12	believed	13.413
773	13	the	3.87627
773	14	cop	16.9884
773	15	said	12.0061
773	16	will	11.0337
773	17	describe	12.2433
773	18	her	6.96276
773	19	woes	15.3491
773	20	to	5.21395
773	21	her	8.64133
773	22	friends	8.66672
773	23	.	4.1432
773	24	</s>	22.7871
774	1	my	12.9847
774	2	friends	7.16492
774	3	all	10.4968
774	4	know	12.833
774	5	that	4.52391
774	6	her	7.27156
774	7	friend	8.6901
774	8	knew	13.4537
774	9	the	4.27224
774	10	delivery	13.4565
774	11	man	6.52989
774	12	believed	13.413
774	13	the	3.87627
774	14	cop	16.9884
774	15	said	12.0061
774	16	the	4.51729
774	17	single	12.0576
774	18	mother	9.58611
774	19	will	11.2108
774	20	describe	12.307
774	21	her	6.96276
774	22	woes	15.3491
774	23	to	5.21395
774	24	her	8.64133
774	25	friends	8.66672
774	26	.	4.1432
774	27	</s>	22.7871
775	1	my	12.9847
775	2	friends	7.16492
775	3	all	10.4968
775	4	know	12.833
775	5	who	6.6432
775	6	her	13.1466
775	7	friend	9.47042
775	8	knew	13.4537
775	9	the	4.27224
775	10	delivery	13.4565
775	11	man	6.52989
775	12	believed	13.413
775	13	the	3.87627
775	14	cop	16.9884
775	15	said	12.0061
775	16	will	11.0337
775	17	describe	12.2433
775	18	her	6.96276
775	19	woes	15.3491
775	20	to	5.21395
775	21	her	8.64133
775	22	friends	8.66672
775	23	.	4.1432
775	24	</s>	22.7871
776	1	my	12.9847
776	2	friends	7.16492
776	3	all	10.4968
776	4	know	12.833
776	5	who	6.6432
776	6	her	13.1466
776	7	friend	9.47042
776	8	knew	13.4537
776	9	the	4.27224
776	10	delivery	13.4565
776	11	man	6.52989
776	12	believed	13.413
776	13	the	3.87627
776	14	cop	16.9884
776	15	said	12.0061
776	16	the	4.51729
776	17	single	12.0576
776	18	mother	9.58611
776	19	will	11.2108
776	20	describe	12.307
776	21	her	6.96276
776	22	woes	15.3491
776	23	to	5.21395
776	24	her	8.64133
776	25	friends	8.66672
776	26	.	4.1432
776	27	</s>	22.7871
777	1	my	12.9847
777	2	friends	7.16492
777	3	all	10.4968
777	4	know	12.833
777	5	that	4.52391
777	6	her	7.27156
777	7	friend	8.6901
777	8	knew	13.4537
777	9	the	4.27224
777	10	delivery	13.4565
777	11	man	6.52989
777	12	believed	13.413
777	13	the	3.87627
777	14	cop	16.9884
777	15	said	12.0061
777	16	will	11.0337
777	17	describe	12.2433
777	18	her	6.96276
777	19	woes	15.3491
777	20	to	5.21395
777	21	her	8.64133
777	22	friends	8.66672
777	23	.	4.1432
777	24	</s>	22.7871
778	1	my	12.9847
778	2	friends	7.16492
778	3	all	10.4968
778	4	know	12.833
778	5	that	4.52391
778	6	her	7.27156
778	7	friend	8.6901
778	8	knew	13.4537
778	9	the	4.27224
778	10	delivery	13.4565
778	11	man	6.52989
778	12	believed	13.413
778	13	the	3.87627
778	14	cop	16.9884
778	15	said	12.0061
778	16	the	4.51729
778	17	single	12.0576
778	18	mother	9.58611
778	19	will	11.2108
778	20	describe	12.307
778	21	her	6.96276
778	22	woes	15.3491
778	23	to	5.21395
778	24	her	8.64133
778	25	friends	8.66672
778	26	.	4.1432
778	27	</s>	22.7871
779	1	my	12.9847
779	2	friends	7.16492
779	3	all	10.4968
779	4	know	12.833
779	5	who	6.6432
779	6	her	13.1466
779	7	friend	9.47042
779	8	knew	13.4537
779	9	the	4.27224
779	10	delivery	13.4565
779	11	man	6.52989
779	12	believed	13.413
779	13	the	3.87627
779	14	cop	16.9884
779	15	said	12.0061
779	16	will	11.0337
779	17	describe	12.2433
779	18	her	6.96276
779	19	woes	15.3491
779	20	to	5.21395
779	21	her	8.64133
779	22	friends	8.66672
779	23	.	4.1432
779	24	</s>	22.7871
780	1	my	12.9847
780	2	friends	7.16492
780	3	all	10.4968
780	4	know	12.833
780	5	who	6.6432
780	6	her	13.1466
780	7	friend	9.47042
780	8	knew	13.4537
780	9	the	4.27224
780	10	delivery	13.4565
780	11	man	6.52989
780	12	believed	13.413
780	13	the	3.87627
780	14	cop	16.9884
780	15	said	12.0061
780	16	the	4.51729
780	17	single	12.0576
780	18	mother	9.58611
780	19	will	11.2108
780	20	describe	12.307
780	21	her	6.96276
780	22	woes	15.3491
780	23	to	5.21395
780	24	her	8.64133
780	25	friends	8.66672
780	26	.	4.1432
780	27	</s>	22.7871
781	1	i	8.92268
781	2	know	6.35939
781	3	that	3.01867
781	4	might	9.81373
781	5	find	8.08962
781	6	a	5.07285
781	7	quarter	11.7882
781	8	on	8.69748
781	9	the	3.00933
781	10	bus	10.973
781	11	.	2.61591
781	12	</s>	25.1838
782	1	i	8.92268
782	2	know	6.35939
782	3	that	3.01867
782	4	the	4.26664
782	5	elderly	14.0143
782	6	lady	10.0087
782	7	might	11.0856
782	8	find	7.49509
782	9	a	5.07285
782	10	quarter	11.7882
782	11	on	8.69748
782	12	the	3.00933
782	13	bus	10.973
782	14	.	2.61591
782	15	</s>	25.1838
783	1	i	8.92268
783	2	know	6.35939
783	3	who	6.55265
783	4	might	9.15238
783	5	find	7.66958
783	6	a	5.07285
783	7	quarter	11.7882
783	8	on	8.69748
783	9	the	3.00933
783	10	bus	10.973
783	11	.	2.61591
783	12	</s>	25.1838
784	1	i	8.92268
784	2	know	6.35939
784	3	who	6.55265
784	4	the	5.15736
784	5	elderly	14.0377
784	6	lady	9.7918
784	7	might	11.0856
784	8	find	7.49509
784	9	a	5.07285
784	10	quarter	11.7882
784	11	on	8.69748
784	12	the	3.00933
784	13	bus	10.973
784	14	.	2.61591
784	15	</s>	25.1838
785	1	i	8.92268
785	2	know	6.35939
785	3	that	3.01867
785	4	their	6.33525
785	5	friend	9.48838
785	6	said	9.58269
785	7	might	13.8634
785	8	find	7.49509
785	9	a	5.07285
785	10	quarter	11.7882
785	11	on	8.69748
785	12	the	3.00933
785	13	bus	10.973
785	14	.	2.61591
785	15	</s>	25.1838
786	1	i	8.92268
786	2	know	6.35939
786	3	that	3.01867
786	4	their	6.33525
786	5	friend	9.48838
786	6	said	9.58269
786	7	the	4.71401
786	8	elderly	14.1361
786	9	lady	9.7918
786	10	might	11.0856
786	11	find	7.49509
786	12	a	5.07285
786	13	quarter	11.7882
786	14	on	8.69748
786	15	the	3.00933
786	16	bus	10.973
786	17	.	2.61591
786	18	</s>	25.1838
787	1	i	8.92268
787	2	know	6.35939
787	3	who	6.55265
787	4	their	12.9109
787	5	friend	10.8856
787	6	said	9.58269
787	7	might	13.8634
787	8	find	7.49509
787	9	a	5.07285
787	10	quarter	11.7882
787	11	on	8.69748
787	12	the	3.00933
787	13	bus	10.973
787	14	.	2.61591
787	15	</s>	25.1838
788	1	i	8.92268
788	2	know	6.35939
788	3	who	6.55265
788	4	their	12.9109
788	5	friend	10.8856
788	6	said	9.58269
788	7	the	4.71401
788	8	elderly	14.1361
788	9	lady	9.7918
788	10	might	11.0856
788	11	find	7.49509
788	12	a	5.07285
788	13	quarter	11.7882
788	14	on	8.69748
788	15	the	3.00933
788	16	bus	10.973
788	17	.	2.61591
788	18	</s>	25.1838
789	1	i	8.92268
789	2	know	6.35939
789	3	that	3.01867
789	4	their	6.33525
789	5	friend	9.48838
789	6	said	9.58269
789	7	the	4.71401
789	8	secretary	13.1325
789	9	believed	13.7661
789	10	might	13.2461
789	11	find	7.49509
789	12	a	5.07285
789	13	quarter	11.7882
789	14	on	8.69748
789	15	the	3.00933
789	16	bus	10.973
789	17	.	2.61591
789	18	</s>	25.1838
790	1	i	8.92268
790	2	know	6.35939
790	3	that	3.01867
790	4	their	6.33525
790	5	friend	9.48838
790	6	said	9.58269
790	7	the	4.71401
790	8	secretary	13.1325
790	9	believed	13.7661
790	10	the	3.87627
790	11	elderly	13.836
790	12	lady	9.7918
790	13	might	11.0856
790	14	find	7.49509
790	15	a	5.07285
790	16	quarter	11.7882
790	17	on	8.69748
790	18	the	3.00933
790	19	bus	10.973
790	20	.	2.61591
790	21	</s>	25.1838
791	1	i	8.92268
791	2	know	6.35939
791	3	who	6.55265
791	4	their	12.9109
791	5	friend	10.8856
791	6	said	9.58269
791	7	the	4.71401
791	8	secretary	13.1325
791	9	believed	13.7661
791	10	might	13.2461
791	11	find	7.49509
791	12	a	5.07285
791	13	quarter	11.7882
791	14	on	8.69748
791	15	the	3.00933
791	16	bus	10.973
791	17	.	2.61591
791	18	</s>	25.1838
792	1	i	8.92268
792	2	know	6.35939
792	3	who	6.55265
792	4	their	12.9109
792	5	friend	10.8856
792	6	said	9.58269
792	7	the	4.71401
792	8	secretary	13.1325
792	9	believed	13.7661
792	10	the	3.87627
792	11	elderly	13.836
792	12	lady	9.7918
792	13	might	11.0856
792	14	find	7.49509
792	15	a	5.07285
792	16	quarter	11.7882
792	17	on	8.69748
792	18	the	3.00933
792	19	bus	10.973
792	20	.	2.61591
792	21	</s>	25.1838
793	1	i	8.92268
793	2	know	6.35939
793	3	that	3.01867
793	4	their	6.33525
793	5	friend	9.48838
793	6	said	9.58269
793	7	the	4.71401
793	8	secretary	13.1325
793	9	believed	13.7661
793	10	the	3.87627
793	11	worker	14.2724
793	12	thinks	16.4313
793	13	might	12.9806
793	14	find	7.49509
793	15	a	5.07285
793	16	quarter	11.7882
793	17	on	8.69748
793	18	the	3.00933
793	19	bus	10.973
793	20	.	2.61591
793	21	</s>	25.1838
794	1	i	8.92268
794	2	know	6.35939
794	3	that	3.01867
794	4	their	6.33525
794	5	friend	9.48838
794	6	said	9.58269
794	7	the	4.71401
794	8	secretary	13.1325
794	9	believed	13.7661
794	10	the	3.87627
794	11	worker	14.2724
794	12	thinks	16.4313
794	13	the	4.82114
794	14	elderly	13.6311
794	15	lady	9.7918
794	16	might	11.0856
794	17	find	7.49509
794	18	a	5.07285
794	19	quarter	11.7882
794	20	on	8.69748
794	21	the	3.00933
794	22	bus	10.973
794	23	.	2.61591
794	24	</s>	25.1838
795	1	i	8.92268
795	2	know	6.35939
795	3	who	6.55265
795	4	their	12.9109
795	5	friend	10.8856
795	6	said	9.58269
795	7	the	4.71401
795	8	secretary	13.1325
795	9	believed	13.7661
795	10	the	3.87627
795	11	worker	14.2724
795	12	thinks	16.4313
795	13	might	12.9806
795	14	find	7.49509
795	15	a	5.07285
795	16	quarter	11.7882
795	17	on	8.69748
795	18	the	3.00933
795	19	bus	10.973
795	20	.	2.61591
795	21	</s>	25.1838
796	1	i	8.92268
796	2	know	6.35939
796	3	who	6.55265
796	4	their	12.9109
796	5	friend	10.8856
796	6	said	9.58269
796	7	the	4.71401
796	8	secretary	13.1325
796	9	believed	13.7661
796	10	the	3.87627
796	11	worker	14.2724
796	12	thinks	16.4313
796	13	the	4.82114
796	14	elderly	13.6311
796	15	lady	9.7918
796	16	might	11.0856
796	17	find	7.49509
796	18	a	5.07285
796	19	quarter	11.7882
796	20	on	8.69748
796	21	the	3.00933
796	22	bus	10.973
796	23	.	2.61591
796	24	</s>	25.1838
797	1	i	8.92268
797	2	know	6.35939
797	3	that	3.01867
797	4	their	6.33525
797	5	friend	9.48838
797	6	said	9.58269
797	7	the	4.71401
797	8	secretary	13.1325
797	9	believed	13.7661
797	10	the	3.87627
797	11	worker	14.2724
797	12	thinks	16.4313
797	13	might	12.9806
797	14	find	7.49509
797	15	a	5.07285
797	16	quarter	11.7882
797	17	on	8.69748
797	18	the	3.00933
797	19	bus	10.973
797	20	.	2.61591
797	21	</s>	25.1838
798	1	i	8.92268
798	2	know	6.35939
798	3	that	3.01867
798	4	their	6.33525
798	5	friend	9.48838
798	6	said	9.58269
798	7	the	4.71401
798	8	secretary	13.1325
798	9	believed	13.7661
798	10	the	3.87627
798	11	worker	14.2724
798	12	thinks	16.4313
798	13	the	4.82114
798	14	elderly	13.6311
798	15	lady	9.7918
798	16	might	11.0856
798	17	find	7.49509
798	18	a	5.07285
798	19	quarter	11.7882
798	20	on	8.69748
798	21	the	3.00933
798	22	bus	10.973
798	23	.	2.61591
798	24	</s>	25.1838
799	1	i	8.92268
799	2	know	6.35939
799	3	who	6.55265
799	4	their	12.9109
799	5	friend	10.8856
799	6	said	9.58269
799	7	the	4.71401
799	8	secretary	13.1325
799	9	believed	13.7661
799	10	the	3.87627
799	11	worker	14.2724
799	12	thinks	16.4313
799	13	might	12.9806
799	14	find	7.49509
799	15	a	5.07285
799	16	quarter	11.7882
799	17	on	8.69748
799	18	the	3.00933
799	19	bus	10.973
799	20	.	2.61591
799	21	</s>	25.1838
800	1	i	8.92268
800	2	know	6.35939
800	3	who	6.55265
800	4	their	12.9109
800	5	friend	10.8856
800	6	said	9.58269
800	7	the	4.71401
800	8	secretary	13.1325
800	9	believed	13.7661
800	10	the	3.87627
800	11	worker	14.2724
800	12	thinks	16.4313
800	13	the	4.82114
800	14	elderly	13.6311
800	15	lady	9.7918
800	16	might	11.0856
800	17	find	7.49509
800	18	a	5.07285
800	19	quarter	11.7882
800	20	on	8.69748
800	21	the	3.00933
800	22	bus	10.973
800	23	.	2.61591
800	24	</s>	25.1838
801	1	we	10.0475
801	2	all	6.75965
801	3	know	4.10726
801	4	that	2.3121
801	5	will	8.6266
801	6	assemble	15.1948
801	7	the	3.88637
801	8	bed	13.9958
801	9	for	6.50094
801	10	his	6.89817
801	11	parents	9.76187
801	12	.	3.2068
801	13	</s>	23.3093
802	1	we	10.0475
802	2	all	6.75965
802	3	know	4.10726
802	4	that	2.3121
802	5	the	4.10609
802	6	young	10.1308
802	7	professional	11.2756
802	8	will	11.2202
802	9	assemble	14.8049
802	10	the	3.88637
802	11	bed	13.9958
802	12	for	6.50094
802	13	his	6.89817
802	14	parents	9.76187
802	15	.	3.2068
802	16	</s>	23.3093
803	1	we	10.0475
803	2	all	6.75965
803	3	know	4.10726
803	4	who	6.98061
803	5	will	8.14061
803	6	assemble	14.9709
803	7	the	3.88637
803	8	bed	13.9958
803	9	for	6.50094
803	10	his	6.89817
803	11	parents	9.76187
803	12	.	3.2068
803	13	</s>	23.3093
804	1	we	10.0475
804	2	all	6.75965
804	3	know	4.10726
804	4	who	6.98061
804	5	the	5.01207
804	6	young	11.3975
804	7	professional	10.791
804	8	will	11.2202
804	9	assemble	14.8049
804	10	the	3.88637
804	11	bed	13.9958
804	12	for	6.50094
804	13	his	6.89817
804	14	parents	9.76187
804	15	.	3.2068
804	16	</s>	23.3093
805	1	we	10.0475
805	2	all	6.75965
805	3	know	4.10726
805	4	that	2.3121
805	5	my	8.87087
805	6	neighbor	12.3667
805	7	said	12.349
805	8	will	11.0337
805	9	assemble	14.8207
805	10	the	3.88637
805	11	bed	13.9958
805	12	for	6.50094
805	13	his	6.89817
805	14	parents	9.76187
805	15	.	3.2068
805	16	</s>	23.3093
806	1	we	10.0475
806	2	all	6.75965
806	3	know	4.10726
806	4	that	2.3121
806	5	my	8.87087
806	6	neighbor	12.3667
806	7	said	12.349
806	8	the	4.51729
806	9	young	11.496
806	10	professional	10.791
806	11	will	11.2202
806	12	assemble	14.8049
806	13	the	3.88637
806	14	bed	13.9958
806	15	for	6.50094
806	16	his	6.89817
806	17	parents	9.76187
806	18	.	3.2068
806	19	</s>	23.3093
807	1	we	10.0475
807	2	all	6.75965
807	3	know	4.10726
807	4	who	6.98061
807	5	my	15.1798
807	6	neighbor	12.1891
807	7	said	12.349
807	8	will	11.0337
807	9	assemble	14.8207
807	10	the	3.88637
807	11	bed	13.9958
807	12	for	6.50094
807	13	his	6.89817
807	14	parents	9.76187
807	15	.	3.2068
807	16	</s>	23.3093
808	1	we	10.0475
808	2	all	6.75965
808	3	know	4.10726
808	4	who	6.98061
808	5	my	15.1798
808	6	neighbor	12.1891
808	7	said	12.349
808	8	the	4.51729
808	9	young	11.496
808	10	professional	10.791
808	11	will	11.2202
808	12	assemble	14.8049
808	13	the	3.88637
808	14	bed	13.9958
808	15	for	6.50094
808	16	his	6.89817
808	17	parents	9.76187
808	18	.	3.2068
808	19	</s>	23.3093
809	1	we	10.0475
809	2	all	6.75965
809	3	know	4.10726
809	4	that	2.3121
809	5	my	8.87087
809	6	neighbor	12.3667
809	7	said	12.349
809	8	her	8.56149
809	9	associate	14.0624
809	10	knew	15.0219
809	11	will	11.9486
809	12	assemble	14.8049
809	13	the	3.88637
809	14	bed	13.9958
809	15	for	6.50094
809	16	his	6.89817
809	17	parents	9.76187
809	18	.	3.2068
809	19	</s>	23.3093
810	1	we	10.0475
810	2	all	6.75965
810	3	know	4.10726
810	4	that	2.3121
810	5	my	8.87087
810	6	neighbor	12.3667
810	7	said	12.349
810	8	her	8.56149
810	9	associate	14.0624
810	10	knew	15.0219
810	11	the	4.27224
810	12	young	11.1359
810	13	professional	10.791
810	14	will	11.2202
810	15	assemble	14.8049
810	16	the	3.88637
810	17	bed	13.9958
810	18	for	6.50094
810	19	his	6.89817
810	20	parents	9.76187
810	21	.	3.2068
810	22	</s>	23.3093
811	1	we	10.0475
811	2	all	6.75965
811	3	know	4.10726
811	4	who	6.98061
811	5	my	15.1798
811	6	neighbor	12.1891
811	7	said	12.349
811	8	her	8.56149
811	9	associate	14.0624
811	10	knew	15.0219
811	11	will	11.9486
811	12	assemble	14.8049
811	13	the	3.88637
811	14	bed	13.9958
811	15	for	6.50094
811	16	his	6.89817
811	17	parents	9.76187
811	18	.	3.2068
811	19	</s>	23.3093
812	1	we	10.0475
812	2	all	6.75965
812	3	know	4.10726
812	4	who	6.98061
812	5	my	15.1798
812	6	neighbor	12.1891
812	7	said	12.349
812	8	her	8.56149
812	9	associate	14.0624
812	10	knew	15.0219
812	11	the	4.27224
812	12	young	11.1359
812	13	professional	10.791
812	14	will	11.2202
812	15	assemble	14.8049
812	16	the	3.88637
812	17	bed	13.9958
812	18	for	6.50094
812	19	his	6.89817
812	20	parents	9.76187
812	21	.	3.2068
812	22	</s>	23.3093
813	1	we	10.0475
813	2	all	6.75965
813	3	know	4.10726
813	4	that	2.3121
813	5	my	8.87087
813	6	neighbor	12.3667
813	7	said	12.349
813	8	her	8.56149
813	9	associate	14.0624
813	10	knew	15.0219
813	11	a	6.76036
813	12	friend	11.5689
813	13	thinks	14.4189
813	14	will	8.26706
813	15	assemble	15.387
813	16	the	3.88637
813	17	bed	13.9958
813	18	for	6.50094
813	19	his	6.89817
813	20	parents	9.76187
813	21	.	3.2068
813	22	</s>	23.3093
814	1	we	10.0475
814	2	all	6.75965
814	3	know	4.10726
814	4	that	2.3121
814	5	my	8.87087
814	6	neighbor	12.3667
814	7	said	12.349
814	8	her	8.56149
814	9	associate	14.0624
814	10	knew	15.0219
814	11	a	6.76036
814	12	friend	11.5689
814	13	thinks	14.4189
814	14	the	4.82114
814	15	young	10.991
814	16	professional	10.791
814	17	will	11.2202
814	18	assemble	14.8049
814	19	the	3.88637
814	20	bed	13.9958
814	21	for	6.50094
814	22	his	6.89817
814	23	parents	9.76187
814	24	.	3.2068
814	25	</s>	23.3093
815	1	we	10.0475
815	2	all	6.75965
815	3	know	4.10726
815	4	who	6.98061
815	5	my	15.1798
815	6	neighbor	12.1891
815	7	said	12.349
815	8	her	8.56149
815	9	associate	14.0624
815	10	knew	15.0219
815	11	a	6.76036
815	12	friend	11.5689
815	13	thinks	14.4189
815	14	will	8.26706
815	15	assemble	15.387
815	16	the	3.88637
815	17	bed	13.9958
815	18	for	6.50094
815	19	his	6.89817
815	20	parents	9.76187
815	21	.	3.2068
815	22	</s>	23.3093
816	1	we	10.0475
816	2	all	6.75965
816	3	know	4.10726
816	4	who	6.98061
816	5	my	15.1798
816	6	neighbor	12.1891
816	7	said	12.349
816	8	her	8.56149
816	9	associate	14.0624
816	10	knew	15.0219
816	11	a	6.76036
816	12	friend	11.5689
816	13	thinks	14.4189
816	14	the	4.82114
816	15	young	10.991
816	16	professional	10.791
816	17	will	11.2202
816	18	assemble	14.8049
816	19	the	3.88637
816	20	bed	13.9958
816	21	for	6.50094
816	22	his	6.89817
816	23	parents	9.76187
816	24	.	3.2068
816	25	</s>	23.3093
817	1	we	10.0475
817	2	all	6.75965
817	3	know	4.10726
817	4	that	2.3121
817	5	my	8.87087
817	6	neighbor	12.3667
817	7	said	12.349
817	8	her	8.56149
817	9	associate	14.0624
817	10	knew	15.0219
817	11	a	6.76036
817	12	friend	11.5689
817	13	thinks	14.4189
817	14	will	8.26706
817	15	assemble	15.387
817	16	the	3.88637
817	17	bed	13.9958
817	18	for	6.50094
817	19	his	6.89817
817	20	parents	9.76187
817	21	.	3.2068
817	22	</s>	23.3093
818	1	we	10.0475
818	2	all	6.75965
818	3	know	4.10726
818	4	that	2.3121
818	5	my	8.87087
818	6	neighbor	12.3667
818	7	said	12.349
818	8	her	8.56149
818	9	associate	14.0624
818	10	knew	15.0219
818	11	a	6.76036
818	12	friend	11.5689
818	13	thinks	14.4189
818	14	the	4.82114
818	15	young	10.991
818	16	professional	10.791
818	17	will	11.2202
818	18	assemble	14.8049
818	19	the	3.88637
818	20	bed	13.9958
818	21	for	6.50094
818	22	his	6.89817
818	23	parents	9.76187
818	24	.	3.2068
818	25	</s>	23.3093
819	1	we	10.0475
819	2	all	6.75965
819	3	know	4.10726
819	4	who	6.98061
819	5	my	15.1798
819	6	neighbor	12.1891
819	7	said	12.349
819	8	her	8.56149
819	9	associate	14.0624
819	10	knew	15.0219
819	11	a	6.76036
819	12	friend	11.5689
819	13	thinks	14.4189
819	14	will	8.26706
819	15	assemble	15.387
819	16	the	3.88637
819	17	bed	13.9958
819	18	for	6.50094
819	19	his	6.89817
819	20	parents	9.76187
819	21	.	3.2068
819	22	</s>	23.3093
820	1	we	10.0475
820	2	all	6.75965
820	3	know	4.10726
820	4	who	6.98061
820	5	my	15.1798
820	6	neighbor	12.1891
820	7	said	12.349
820	8	her	8.56149
820	9	associate	14.0624
820	10	knew	15.0219
820	11	a	6.76036
820	12	friend	11.5689
820	13	thinks	14.4189
820	14	the	4.82114
820	15	young	10.991
820	16	professional	10.791
820	17	will	11.2202
820	18	assemble	14.8049
820	19	the	3.88637
820	20	bed	13.9958
820	21	for	6.50094
820	22	his	6.89817
820	23	parents	9.76187
820	24	.	3.2068
820	25	</s>	23.3093
821	1	the	2.46696
821	2	novel	9.51698
821	3	revealed	16.1614
821	4	that	2.12798
821	5	could	8.17987
821	6	say	10.7872
821	7	something	6.97916
821	8	to	4.57689
821	9	his	7.29149
821	10	donors	17.4472
821	11	.	2.92651
821	12	</s>	27.1213
822	1	the	2.46696
822	2	novel	9.51698
822	3	revealed	16.1614
822	4	that	2.12798
822	5	the	3.14083
822	6	young	10.2436
822	7	politician	15.5085
822	8	could	10.1484
822	9	say	10.2068
822	10	something	6.97916
822	11	to	4.57689
822	12	his	7.29149
822	13	donors	17.4472
822	14	.	2.92651
822	15	</s>	27.1213
823	1	the	2.46696
823	2	novel	9.51698
823	3	revealed	16.1614
823	4	who	8.87133
823	5	could	7.13325
823	6	say	10.3467
823	7	something	6.97916
823	8	to	4.57689
823	9	his	7.29149
823	10	donors	17.4472
823	11	.	2.92651
823	12	</s>	27.1213
824	1	the	2.46696
824	2	novel	9.51698
824	3	revealed	16.1614
824	4	who	8.87133
824	5	the	8.96323
824	6	young	11.3133
824	7	politician	15.0239
824	8	could	10.1484
824	9	say	10.2068
824	10	something	6.97916
824	11	to	4.57689
824	12	his	7.29149
824	13	donors	17.4472
824	14	.	2.92651
824	15	</s>	27.1213
825	1	the	2.46696
825	2	novel	9.51698
825	3	revealed	16.1614
825	4	that	2.12798
825	5	our	11.3146
825	6	friend	10.3295
825	7	thought	13.2345
825	8	could	10.0111
825	9	say	10.2844
825	10	something	6.97916
825	11	to	4.57689
825	12	his	7.29149
825	13	donors	17.4472
825	14	.	2.92651
825	15	</s>	27.1213
826	1	the	2.46696
826	2	novel	9.51698
826	3	revealed	16.1614
826	4	that	2.12798
826	5	our	11.3146
826	6	friend	10.3295
826	7	thought	13.2345
826	8	the	4.36895
826	9	young	11.349
826	10	politician	15.0239
826	11	could	10.1484
826	12	say	10.2068
826	13	something	6.97916
826	14	to	4.57689
826	15	his	7.29149
826	16	donors	17.4472
826	17	.	2.92651
826	18	</s>	27.1213
827	1	the	2.46696
827	2	novel	9.51698
827	3	revealed	16.1614
827	4	who	8.87133
827	5	our	14.756
827	6	friend	10.1911
827	7	thought	13.2345
827	8	could	10.0111
827	9	say	10.2844
827	10	something	6.97916
827	11	to	4.57689
827	12	his	7.29149
827	13	donors	17.4472
827	14	.	2.92651
827	15	</s>	27.1213
828	1	the	2.46696
828	2	novel	9.51698
828	3	revealed	16.1614
828	4	who	8.87133
828	5	our	14.756
828	6	friend	10.1911
828	7	thought	13.2345
828	8	the	4.36895
828	9	young	11.349
828	10	politician	15.0239
828	11	could	10.1484
828	12	say	10.2068
828	13	something	6.97916
828	14	to	4.57689
828	15	his	7.29149
828	16	donors	17.4472
828	17	.	2.92651
828	18	</s>	27.1213
829	1	the	2.46696
829	2	novel	9.51698
829	3	revealed	16.1614
829	4	that	2.12798
829	5	our	11.3146
829	6	friend	10.3295
829	7	thought	13.2345
829	8	the	4.36895
829	9	reporter	14.7372
829	10	knows	11.8847
829	11	could	11.4227
829	12	say	10.2068
829	13	something	6.97916
829	14	to	4.57689
829	15	his	7.29149
829	16	donors	17.4472
829	17	.	2.92651
829	18	</s>	27.1213
830	1	the	2.46696
830	2	novel	9.51698
830	3	revealed	16.1614
830	4	that	2.12798
830	5	our	11.3146
830	6	friend	10.3295
830	7	thought	13.2345
830	8	the	4.36895
830	9	reporter	14.7372
830	10	knows	11.8847
830	11	the	3.98972
830	12	young	11.1792
830	13	politician	15.0239
830	14	could	10.1484
830	15	say	10.2068
830	16	something	6.97916
830	17	to	4.57689
830	18	his	7.29149
830	19	donors	17.4472
830	20	.	2.92651
830	21	</s>	27.1213
831	1	the	2.46696
831	2	novel	9.51698
831	3	revealed	16.1614
831	4	who	8.87133
831	5	our	14.756
831	6	friend	10.1911
831	7	thought	13.2345
831	8	the	4.36895
831	9	reporter	14.7372
831	10	knows	11.8847
831	11	could	11.4227
831	12	say	10.2068
831	13	something	6.97916
831	14	to	4.57689
831	15	his	7.29149
831	16	donors	17.4472
831	17	.	2.92651
831	18	</s>	27.1213
832	1	the	2.46696
832	2	novel	9.51698
832	3	revealed	16.1614
832	4	who	8.87133
832	5	our	14.756
832	6	friend	10.1911
832	7	thought	13.2345
832	8	the	4.36895
832	9	reporter	14.7372
832	10	knows	11.8847
832	11	the	3.98972
832	12	young	11.1792
832	13	politician	15.0239
832	14	could	10.1484
832	15	say	10.2068
832	16	something	6.97916
832	17	to	4.57689
832	18	his	7.29149
832	19	donors	17.4472
832	20	.	2.92651
832	21	</s>	27.1213
833	1	the	2.46696
833	2	novel	9.51698
833	3	revealed	16.1614
833	4	that	2.12798
833	5	our	11.3146
833	6	friend	10.3295
833	7	thought	13.2345
833	8	the	4.36895
833	9	reporter	14.7372
833	10	knows	11.8847
833	11	her	8.2918
833	12	contact	13.1566
833	13	said	13.5112
833	14	could	11.0337
833	15	say	10.1677
833	16	something	6.97916
833	17	to	4.57689
833	18	his	7.29149
833	19	donors	17.4472
833	20	.	2.92651
833	21	</s>	27.1213
834	1	the	2.46696
834	2	novel	9.51698
834	3	revealed	16.1614
834	4	that	2.12798
834	5	our	11.3146
834	6	friend	10.3295
834	7	thought	13.2345
834	8	the	4.36895
834	9	reporter	14.7372
834	10	knows	11.8847
834	11	her	8.2918
834	12	contact	13.1566
834	13	said	13.5112
834	14	the	4.51729
834	15	young	11.496
834	16	politician	15.0239
834	17	could	10.1484
834	18	say	10.2068
834	19	something	6.97916
834	20	to	4.57689
834	21	his	7.29149
834	22	donors	17.4472
834	23	.	2.92651
834	24	</s>	27.1213
835	1	the	2.46696
835	2	novel	9.51698
835	3	revealed	16.1614
835	4	who	8.87133
835	5	our	14.756
835	6	friend	10.1911
835	7	thought	13.2345
835	8	the	4.36895
835	9	reporter	14.7372
835	10	knows	11.8847
835	11	her	8.2918
835	12	contact	13.1566
835	13	said	13.5112
835	14	could	11.0337
835	15	say	10.1677
835	16	something	6.97916
835	17	to	4.57689
835	18	his	7.29149
835	19	donors	17.4472
835	20	.	2.92651
835	21	</s>	27.1213
836	1	the	2.46696
836	2	novel	9.51698
836	3	revealed	16.1614
836	4	who	8.87133
836	5	our	14.756
836	6	friend	10.1911
836	7	thought	13.2345
836	8	the	4.36895
836	9	reporter	14.7372
836	10	knows	11.8847
836	11	her	8.2918
836	12	contact	13.1566
836	13	said	13.5112
836	14	the	4.51729
836	15	young	11.496
836	16	politician	15.0239
836	17	could	10.1484
836	18	say	10.2068
836	19	something	6.97916
836	20	to	4.57689
836	21	his	7.29149
836	22	donors	17.4472
836	23	.	2.92651
836	24	</s>	27.1213
837	1	the	2.46696
837	2	novel	9.51698
837	3	revealed	16.1614
837	4	that	2.12798
837	5	our	11.3146
837	6	friend	10.3295
837	7	thought	13.2345
837	8	the	4.36895
837	9	reporter	14.7372
837	10	knows	11.8847
837	11	her	8.2918
837	12	contact	13.1566
837	13	said	13.5112
837	14	could	11.0337
837	15	say	10.1677
837	16	something	6.97916
837	17	to	4.57689
837	18	his	7.29149
837	19	donors	17.4472
837	20	.	2.92651
837	21	</s>	27.1213
838	1	the	2.46696
838	2	novel	9.51698
838	3	revealed	16.1614
838	4	that	2.12798
838	5	our	11.3146
838	6	friend	10.3295
838	7	thought	13.2345
838	8	the	4.36895
838	9	reporter	14.7372
838	10	knows	11.8847
838	11	her	8.2918
838	12	contact	13.1566
838	13	said	13.5112
838	14	the	4.51729
838	15	young	11.496
838	16	politician	15.0239
838	17	could	10.1484
838	18	say	10.2068
838	19	something	6.97916
838	20	to	4.57689
838	21	his	7.29149
838	22	donors	17.4472
838	23	.	2.92651
838	24	</s>	27.1213
839	1	the	2.46696
839	2	novel	9.51698
839	3	revealed	16.1614
839	4	who	8.87133
839	5	our	14.756
839	6	friend	10.1911
839	7	thought	13.2345
839	8	the	4.36895
839	9	reporter	14.7372
839	10	knows	11.8847
839	11	her	8.2918
839	12	contact	13.1566
839	13	said	13.5112
839	14	could	11.0337
839	15	say	10.1677
839	16	something	6.97916
839	17	to	4.57689
839	18	his	7.29149
839	19	donors	17.4472
839	20	.	2.92651
839	21	</s>	27.1213
840	1	the	2.46696
840	2	novel	9.51698
840	3	revealed	16.1614
840	4	who	8.87133
840	5	our	14.756
840	6	friend	10.1911
840	7	thought	13.2345
840	8	the	4.36895
840	9	reporter	14.7372
840	10	knows	11.8847
840	11	her	8.2918
840	12	contact	13.1566
840	13	said	13.5112
840	14	the	4.51729
840	15	young	11.496
840	16	politician	15.0239
840	17	could	10.1484
840	18	say	10.2068
840	19	something	6.97916
840	20	to	4.57689
840	21	his	7.29149
840	22	donors	17.4472
840	23	.	2.92651
840	24	</s>	27.1213
841	1	i	8.92268
841	2	realized	11.9108
841	3	that	1.69028
841	4	should	11.0386
841	5	see	10.2165
841	6	a	2.995
841	7	painting	8.23985
841	8	at	6.77126
841	9	the	1.39093
841	10	museum	9.24348
841	11	.	3.03458
841	12	</s>	26.5317
842	1	i	8.92268
842	2	realized	11.9108
842	3	that	1.69028
842	4	the	5.03629
842	5	suffering	14.4499
842	6	artist	12.6384
842	7	should	10.3261
842	8	see	9.17434
842	9	a	2.995
842	10	painting	8.23985
842	11	at	6.77126
842	12	the	1.39093
842	13	museum	9.24348
842	14	.	3.03458
842	15	</s>	26.5317
843	1	i	8.92268
843	2	realized	11.9108
843	3	who	10.8389
843	4	should	9.60051
843	5	see	9.70568
843	6	a	2.995
843	7	painting	8.23985
843	8	at	6.77126
843	9	the	1.39093
843	10	museum	9.24348
843	11	.	3.03458
843	12	</s>	26.5317
844	1	i	8.92268
844	2	realized	11.9108
844	3	who	10.8389
844	4	the	8.96323
844	5	suffering	14.0508
844	6	artist	12.6384
844	7	should	10.3261
844	8	see	9.17434
844	9	a	2.995
844	10	painting	8.23985
844	11	at	6.77126
844	12	the	1.39093
844	13	museum	9.24348
844	14	.	3.03458
844	15	</s>	26.5317
845	1	i	8.92268
845	2	realized	11.9108
845	3	that	1.69028
845	4	the	5.03629
845	5	painter	16.0492
845	6	believed	13.6633
845	7	should	10.8099
845	8	see	9.38082
845	9	a	2.995
845	10	painting	8.23985
845	11	at	6.77126
845	12	the	1.39093
845	13	museum	9.24348
845	14	.	3.03458
845	15	</s>	26.5317
846	1	i	8.92268
846	2	realized	11.9108
846	3	that	1.69028
846	4	the	5.03629
846	5	painter	16.0492
846	6	believed	13.6633
846	7	the	3.87627
846	8	suffering	13.9333
846	9	artist	12.6384
846	10	should	10.3261
846	11	see	9.17434
846	12	a	2.995
846	13	painting	8.23985
846	14	at	6.77126
846	15	the	1.39093
846	16	museum	9.24348
846	17	.	3.03458
846	18	</s>	26.5317
847	1	i	8.92268
847	2	realized	11.9108
847	3	who	10.8389
847	4	the	8.96323
847	5	painter	14.011
847	6	believed	13.6633
847	7	should	10.8099
847	8	see	9.38082
847	9	a	2.995
847	10	painting	8.23985
847	11	at	6.77126
847	12	the	1.39093
847	13	museum	9.24348
847	14	.	3.03458
847	15	</s>	26.5317
848	1	i	8.92268
848	2	realized	11.9108
848	3	who	10.8389
848	4	the	8.96323
848	5	painter	14.011
848	6	believed	13.6633
848	7	the	3.87627
848	8	suffering	13.9333
848	9	artist	12.6384
848	10	should	10.3261
848	11	see	9.17434
848	12	a	2.995
848	13	painting	8.23985
848	14	at	6.77126
848	15	the	1.39093
848	16	museum	9.24348
848	17	.	3.03458
848	18	</s>	26.5317
849	1	i	8.92268
849	2	realized	11.9108
849	3	that	1.69028
849	4	the	5.03629
849	5	painter	16.0492
849	6	believed	13.6633
849	7	his	6.52022
849	8	rival	11.1361
849	9	suspected	15.8711
849	10	should	11.889
849	11	see	9.38082
849	12	a	2.995
849	13	painting	8.23985
849	14	at	6.77126
849	15	the	1.39093
849	16	museum	9.24348
849	17	.	3.03458
849	18	</s>	26.5317
850	1	i	8.92268
850	2	realized	11.9108
850	3	that	1.69028
850	4	the	5.03629
850	5	painter	16.0492
850	6	believed	13.6633
850	7	his	6.52022
850	8	rival	11.1361
850	9	suspected	15.8711
850	10	the	5.15323
850	11	suffering	13.7723
850	12	artist	12.6384
850	13	should	10.3261
850	14	see	9.17434
850	15	a	2.995
850	16	painting	8.23985
850	17	at	6.77126
850	18	the	1.39093
850	19	museum	9.24348
850	20	.	3.03458
850	21	</s>	26.5317
851	1	i	8.92268
851	2	realized	11.9108
851	3	who	10.8389
851	4	the	8.96323
851	5	painter	14.011
851	6	believed	13.6633
851	7	his	6.52022
851	8	rival	11.1361
851	9	suspected	15.8711
851	10	should	11.889
851	11	see	9.38082
851	12	a	2.995
851	13	painting	8.23985
851	14	at	6.77126
851	15	the	1.39093
851	16	museum	9.24348
851	17	.	3.03458
851	18	</s>	26.5317
852	1	i	8.92268
852	2	realized	11.9108
852	3	who	10.8389
852	4	the	8.96323
852	5	painter	14.011
852	6	believed	13.6633
852	7	his	6.52022
852	8	rival	11.1361
852	9	suspected	15.8711
852	10	the	5.15323
852	11	suffering	13.7723
852	12	artist	12.6384
852	13	should	10.3261
852	14	see	9.17434
852	15	a	2.995
852	16	painting	8.23985
852	17	at	6.77126
852	18	the	1.39093
852	19	museum	9.24348
852	20	.	3.03458
852	21	</s>	26.5317
853	1	i	8.92268
853	2	realized	11.9108
853	3	that	1.69028
853	4	the	5.03629
853	5	painter	16.0492
853	6	believed	13.6633
853	7	his	6.52022
853	8	rival	11.1361
853	9	suspected	15.8711
853	10	the	5.15323
853	11	man	11.1775
853	12	said	9.6055
853	13	should	12.6793
853	14	see	9.79989
853	15	a	2.995
853	16	painting	8.23985
853	17	at	6.77126
853	18	the	1.39093
853	19	museum	9.24348
853	20	.	3.03458
853	21	</s>	26.5317
854	1	i	8.92268
854	2	realized	11.9108
854	3	that	1.69028
854	4	the	5.03629
854	5	painter	16.0492
854	6	believed	13.6633
854	7	his	6.52022
854	8	rival	11.1361
854	9	suspected	15.8711
854	10	the	5.15323
854	11	man	11.1775
854	12	said	9.6055
854	13	the	4.64906
854	14	suffering	14.2335
854	15	artist	12.6384
854	16	should	10.3261
854	17	see	9.17434
854	18	a	2.995
854	19	painting	8.23985
854	20	at	6.77126
854	21	the	1.39093
854	22	museum	9.24348
854	23	.	3.03458
854	24	</s>	26.5317
855	1	i	8.92268
855	2	realized	11.9108
855	3	who	10.8389
855	4	the	8.96323
855	5	painter	14.011
855	6	believed	13.6633
855	7	his	6.52022
855	8	rival	11.1361
855	9	suspected	15.8711
855	10	the	5.15323
855	11	man	11.1775
855	12	said	9.6055
855	13	should	12.6793
855	14	see	9.79989
855	15	a	2.995
855	16	painting	8.23985
855	17	at	6.77126
855	18	the	1.39093
855	19	museum	9.24348
855	20	.	3.03458
855	21	</s>	26.5317
856	1	i	8.92268
856	2	realized	11.9108
856	3	who	10.8389
856	4	the	8.96323
856	5	painter	14.011
856	6	believed	13.6633
856	7	his	6.52022
856	8	rival	11.1361
856	9	suspected	15.8711
856	10	the	5.15323
856	11	man	11.1775
856	12	said	9.6055
856	13	the	4.64906
856	14	suffering	14.2335
856	15	artist	12.6384
856	16	should	10.3261
856	17	see	9.17434
856	18	a	2.995
856	19	painting	8.23985
856	20	at	6.77126
856	21	the	1.39093
856	22	museum	9.24348
856	23	.	3.03458
856	24	</s>	26.5317
857	1	i	8.92268
857	2	realized	11.9108
857	3	that	1.69028
857	4	the	5.03629
857	5	painter	16.0492
857	6	believed	13.6633
857	7	his	6.52022
857	8	rival	11.1361
857	9	suspected	15.8711
857	10	the	5.15323
857	11	man	11.1775
857	12	said	9.6055
857	13	should	12.6793
857	14	see	9.79989
857	15	a	2.995
857	16	painting	8.23985
857	17	at	6.77126
857	18	the	1.39093
857	19	museum	9.24348
857	20	.	3.03458
857	21	</s>	26.5317
858	1	i	8.92268
858	2	realized	11.9108
858	3	that	1.69028
858	4	the	5.03629
858	5	painter	16.0492
858	6	believed	13.6633
858	7	his	6.52022
858	8	rival	11.1361
858	9	suspected	15.8711
858	10	the	5.15323
858	11	man	11.1775
858	12	said	9.6055
858	13	the	4.64906
858	14	suffering	14.2335
858	15	artist	12.6384
858	16	should	10.3261
858	17	see	9.17434
858	18	a	2.995
858	19	painting	8.23985
858	20	at	6.77126
858	21	the	1.39093
858	22	museum	9.24348
858	23	.	3.03458
858	24	</s>	26.5317
859	1	i	8.92268
859	2	realized	11.9108
859	3	who	10.8389
859	4	the	8.96323
859	5	painter	14.011
859	6	believed	13.6633
859	7	his	6.52022
859	8	rival	11.1361
859	9	suspected	15.8711
859	10	the	5.15323
859	11	man	11.1775
859	12	said	9.6055
859	13	should	12.6793
859	14	see	9.79989
859	15	a	2.995
859	16	painting	8.23985
859	17	at	6.77126
859	18	the	1.39093
859	19	museum	9.24348
859	20	.	3.03458
859	21	</s>	26.5317
860	1	i	8.92268
860	2	realized	11.9108
860	3	who	10.8389
860	4	the	8.96323
860	5	painter	14.011
860	6	believed	13.6633
860	7	his	6.52022
860	8	rival	11.1361
860	9	suspected	15.8711
860	10	the	5.15323
860	11	man	11.1775
860	12	said	9.6055
860	13	the	4.64906
860	14	suffering	14.2335
860	15	artist	12.6384
860	16	should	10.3261
860	17	see	9.17434
860	18	a	2.995
860	19	painting	8.23985
860	20	at	6.77126
860	21	the	1.39093
860	22	museum	9.24348
860	23	.	3.03458
860	24	</s>	26.5317
861	1	her	8.64749
861	2	friend	9.12529
861	3	found	13.4363
861	4	out	6.16715
861	5	that	2.20105
861	6	could	8.33926
861	7	tell	10.1386
861	8	a	4.15727
861	9	story	1.29991
861	10	to	5.18161
861	11	the	4.92081
861	12	guests	13.8112
861	13	.	2.69536
861	14	</s>	23.7244
862	1	her	8.64749
862	2	friend	9.12529
862	3	found	13.4363
862	4	out	6.16715
862	5	that	2.20105
862	6	the	2.81468
862	7	visitor	14.4823
862	8	could	10.999
862	9	tell	9.55815
862	10	a	4.15727
862	11	story	1.29991
862	12	to	5.18161
862	13	the	4.92081
862	14	guests	13.8112
862	15	.	2.69536
862	16	</s>	23.7244
863	1	her	8.64749
863	2	friend	9.12529
863	3	found	13.4363
863	4	out	6.16715
863	5	who	6.7726
863	6	could	7.28608
863	7	tell	8.703
863	8	a	4.15727
863	9	story	1.29991
863	10	to	5.18161
863	11	the	4.92081
863	12	guests	13.8112
863	13	.	2.69536
863	14	</s>	23.7244
864	1	her	8.64749
864	2	friend	9.12529
864	3	found	13.4363
864	4	out	6.16715
864	5	who	6.7726
864	6	the	4.57689
864	7	visitor	14.0308
864	8	could	10.999
864	9	tell	9.55815
864	10	a	4.15727
864	11	story	1.29991
864	12	to	5.18161
864	13	the	4.92081
864	14	guests	13.8112
864	15	.	2.69536
864	16	</s>	23.7244
865	1	her	8.64749
865	2	friend	9.12529
865	3	found	13.4363
865	4	out	6.16715
865	5	that	2.20105
865	6	my	11.9773
865	7	friend	8.38062
865	8	believed	13.9177
865	9	could	9.64821
865	10	tell	9.47417
865	11	a	4.15727
865	12	story	1.29991
865	13	to	5.18161
865	14	the	4.92081
865	15	guests	13.8112
865	16	.	2.69536
865	17	</s>	23.7244
866	1	her	8.64749
866	2	friend	9.12529
866	3	found	13.4363
866	4	out	6.16715
866	5	that	2.20105
866	6	my	11.9773
866	7	friend	8.38062
866	8	believed	13.9177
866	9	the	3.87627
866	10	visitor	13.9133
866	11	could	10.999
866	12	tell	9.55815
866	13	a	4.15727
866	14	story	1.29991
866	15	to	5.18161
866	16	the	4.92081
866	17	guests	13.8112
866	18	.	2.69536
866	19	</s>	23.7244
867	1	her	8.64749
867	2	friend	9.12529
867	3	found	13.4363
867	4	out	6.16715
867	5	who	6.7726
867	6	my	14.9088
867	7	friend	8.20306
867	8	believed	13.9177
867	9	could	9.64821
867	10	tell	9.47417
867	11	a	4.15727
867	12	story	1.29991
867	13	to	5.18161
867	14	the	4.92081
867	15	guests	13.8112
867	16	.	2.69536
867	17	</s>	23.7244
868	1	her	8.64749
868	2	friend	9.12529
868	3	found	13.4363
868	4	out	6.16715
868	5	who	6.7726
868	6	my	14.9088
868	7	friend	8.20306
868	8	believed	13.9177
868	9	the	3.87627
868	10	visitor	13.9133
868	11	could	10.999
868	12	tell	9.55815
868	13	a	4.15727
868	14	story	1.29991
868	15	to	5.18161
868	16	the	4.92081
868	17	guests	13.8112
868	18	.	2.69536
868	19	</s>	23.7244
869	1	her	8.64749
869	2	friend	9.12529
869	3	found	13.4363
869	4	out	6.16715
869	5	that	2.20105
869	6	my	11.9773
869	7	friend	8.38062
869	8	believed	13.9177
869	9	the	3.87627
869	10	professor	14.3243
869	11	said	12.9282
869	12	could	11.0337
869	13	tell	9.51907
869	14	a	4.15727
869	15	story	1.29991
869	16	to	5.18161
869	17	the	4.92081
869	18	guests	13.8112
869	19	.	2.69536
869	20	</s>	23.7244
870	1	her	8.64749
870	2	friend	9.12529
870	3	found	13.4363
870	4	out	6.16715
870	5	that	2.20105
870	6	my	11.9773
870	7	friend	8.38062
870	8	believed	13.9177
870	9	the	3.87627
870	10	professor	14.3243
870	11	said	12.9282
870	12	the	4.51729
870	13	visitor	14.2135
870	14	could	10.999
870	15	tell	9.55815
870	16	a	4.15727
870	17	story	1.29991
870	18	to	5.18161
870	19	the	4.92081
870	20	guests	13.8112
870	21	.	2.69536
870	22	</s>	23.7244
871	1	her	8.64749
871	2	friend	9.12529
871	3	found	13.4363
871	4	out	6.16715
871	5	who	6.7726
871	6	my	14.9088
871	7	friend	8.20306
871	8	believed	13.9177
871	9	the	3.87627
871	10	professor	14.3243
871	11	said	12.9282
871	12	could	11.0337
871	13	tell	9.51907
871	14	a	4.15727
871	15	story	1.29991
871	16	to	5.18161
871	17	the	4.92081
871	18	guests	13.8112
871	19	.	2.69536
871	20	</s>	23.7244
872	1	her	8.64749
872	2	friend	9.12529
872	3	found	13.4363
872	4	out	6.16715
872	5	who	6.7726
872	6	my	14.9088
872	7	friend	8.20306
872	8	believed	13.9177
872	9	the	3.87627
872	10	professor	14.3243
872	11	said	12.9282
872	12	the	4.51729
872	13	visitor	14.2135
872	14	could	10.999
872	15	tell	9.55815
872	16	a	4.15727
872	17	story	1.29991
872	18	to	5.18161
872	19	the	4.92081
872	20	guests	13.8112
872	21	.	2.69536
872	22	</s>	23.7244
873	1	her	8.64749
873	2	friend	9.12529
873	3	found	13.4363
873	4	out	6.16715
873	5	that	2.20105
873	6	my	11.9773
873	7	friend	8.38062
873	8	believed	13.9177
873	9	the	3.87627
873	10	professor	14.3243
873	11	said	12.9282
873	12	his	6.83762
873	13	colleague	11.8476
873	14	noticed	15.6736
873	15	could	11.8887
873	16	tell	9.55815
873	17	a	4.15727
873	18	story	1.29991
873	19	to	5.18161
873	20	the	4.92081
873	21	guests	13.8112
873	22	.	2.69536
873	23	</s>	23.7244
874	1	her	8.64749
874	2	friend	9.12529
874	3	found	13.4363
874	4	out	6.16715
874	5	that	2.20105
874	6	my	11.9773
874	7	friend	8.38062
874	8	believed	13.9177
874	9	the	3.87627
874	10	professor	14.3243
874	11	said	12.9282
874	12	his	6.83762
874	13	colleague	11.8476
874	14	noticed	15.6736
874	15	the	3.60056
874	16	visitor	13.8254
874	17	could	10.999
874	18	tell	9.55815
874	19	a	4.15727
874	20	story	1.29991
874	21	to	5.18161
874	22	the	4.92081
874	23	guests	13.8112
874	24	.	2.69536
874	25	</s>	23.7244
875	1	her	8.64749
875	2	friend	9.12529
875	3	found	13.4363
875	4	out	6.16715
875	5	who	6.7726
875	6	my	14.9088
875	7	friend	8.20306
875	8	believed	13.9177
875	9	the	3.87627
875	10	professor	14.3243
875	11	said	12.9282
875	12	his	6.83762
875	13	colleague	11.8476
875	14	noticed	15.6736
875	15	could	11.8887
875	16	tell	9.55815
875	17	a	4.15727
875	18	story	1.29991
875	19	to	5.18161
875	20	the	4.92081
875	21	guests	13.8112
875	22	.	2.69536
875	23	</s>	23.7244
876	1	her	8.64749
876	2	friend	9.12529
876	3	found	13.4363
876	4	out	6.16715
876	5	who	6.7726
876	6	my	14.9088
876	7	friend	8.20306
876	8	believed	13.9177
876	9	the	3.87627
876	10	professor	14.3243
876	11	said	12.9282
876	12	his	6.83762
876	13	colleague	11.8476
876	14	noticed	15.6736
876	15	the	3.60056
876	16	visitor	13.8254
876	17	could	10.999
876	18	tell	9.55815
876	19	a	4.15727
876	20	story	1.29991
876	21	to	5.18161
876	22	the	4.92081
876	23	guests	13.8112
876	24	.	2.69536
876	25	</s>	23.7244
877	1	her	8.64749
877	2	friend	9.12529
877	3	found	13.4363
877	4	out	6.16715
877	5	that	2.20105
877	6	my	11.9773
877	7	friend	8.38062
877	8	believed	13.9177
877	9	the	3.87627
877	10	professor	14.3243
877	11	said	12.9282
877	12	his	6.83762
877	13	colleague	11.8476
877	14	noticed	15.6736
877	15	could	11.8887
877	16	tell	9.55815
877	17	a	4.15727
877	18	story	1.29991
877	19	to	5.18161
877	20	the	4.92081
877	21	guests	13.8112
877	22	.	2.69536
877	23	</s>	23.7244
878	1	her	8.64749
878	2	friend	9.12529
878	3	found	13.4363
878	4	out	6.16715
878	5	that	2.20105
878	6	my	11.9773
878	7	friend	8.38062
878	8	believed	13.9177
878	9	the	3.87627
878	10	professor	14.3243
878	11	said	12.9282
878	12	his	6.83762
878	13	colleague	11.8476
878	14	noticed	15.6736
878	15	the	3.60056
878	16	visitor	13.8254
878	17	could	10.999
878	18	tell	9.55815
878	19	a	4.15727
878	20	story	1.29991
878	21	to	5.18161
878	22	the	4.92081
878	23	guests	13.8112
878	24	.	2.69536
878	25	</s>	23.7244
879	1	her	8.64749
879	2	friend	9.12529
879	3	found	13.4363
879	4	out	6.16715
879	5	who	6.7726
879	6	my	14.9088
879	7	friend	8.20306
879	8	believed	13.9177
879	9	the	3.87627
879	10	professor	14.3243
879	11	said	12.9282
879	12	his	6.83762
879	13	colleague	11.8476
879	14	noticed	15.6736
879	15	could	11.8887
879	16	tell	9.55815
879	17	a	4.15727
879	18	story	1.29991
879	19	to	5.18161
879	20	the	4.92081
879	21	guests	13.8112
879	22	.	2.69536
879	23	</s>	23.7244
880	1	her	8.64749
880	2	friend	9.12529
880	3	found	13.4363
880	4	out	6.16715
880	5	who	6.7726
880	6	my	14.9088
880	7	friend	8.20306
880	8	believed	13.9177
880	9	the	3.87627
880	10	professor	14.3243
880	11	said	12.9282
880	12	his	6.83762
880	13	colleague	11.8476
880	14	noticed	15.6736
880	15	the	3.60056
880	16	visitor	13.8254
880	17	could	10.999
880	18	tell	9.55815
880	19	a	4.15727
880	20	story	1.29991
880	21	to	5.18161
880	22	the	4.92081
880	23	guests	13.8112
880	24	.	2.69536
880	25	</s>	23.7244
881	1	the	2.46696
881	2	newspaper	11.0881
881	3	reported	6.60225
881	4	that	1.24124
881	5	might	9.78536
881	6	sell	11.3484
881	7	a	6.13132
881	8	car	10.8483
881	9	to	5.66207
881	10	his	8.12579
881	11	friend	7.38031
881	12	.	4.55885
881	13	</s>	24.3093
882	1	the	2.46696
882	2	newspaper	11.0881
882	3	reported	6.60225
882	4	that	1.24124
882	5	the	3.00454
882	6	boss	15.2577
882	7	might	11.6672
882	8	sell	10.7539
882	9	a	6.13132
882	10	car	10.8483
882	11	to	5.66207
882	12	his	8.12579
882	13	friend	7.38031
882	14	.	4.55885
882	15	</s>	24.3093
883	1	the	2.46696
883	2	newspaper	11.0881
883	3	reported	6.60225
883	4	who	12.6468
883	5	might	8.58329
883	6	sell	11.1023
883	7	a	6.13132
883	8	car	10.8483
883	9	to	5.66207
883	10	his	8.12579
883	11	friend	7.38031
883	12	.	4.55885
883	13	</s>	24.3093
884	1	the	2.46696
884	2	newspaper	11.0881
884	3	reported	6.60225
884	4	who	12.6468
884	5	the	8.96323
884	6	boss	14.2445
884	7	might	11.6672
884	8	sell	10.7539
884	9	a	6.13132
884	10	car	10.8483
884	11	to	5.66207
884	12	his	8.12579
884	13	friend	7.38031
884	14	.	4.55885
884	15	</s>	24.3093
885	1	the	2.46696
885	2	newspaper	11.0881
885	3	reported	6.60225
885	4	that	1.24124
885	5	the	3.00454
885	6	investigator	16.6471
885	7	thought	13.3713
885	8	might	10.4781
885	9	sell	10.8027
885	10	a	6.13132
885	11	car	10.8483
885	12	to	5.66207
885	13	his	8.12579
885	14	friend	7.38031
885	15	.	4.55885
885	16	</s>	24.3093
886	1	the	2.46696
886	2	newspaper	11.0881
886	3	reported	6.60225
886	4	that	1.24124
886	5	the	3.00454
886	6	investigator	16.6471
886	7	thought	13.3713
886	8	the	4.36895
886	9	boss	14.2802
886	10	might	11.6672
886	11	sell	10.7539
886	12	a	6.13132
886	13	car	10.8483
886	14	to	5.66207
886	15	his	8.12579
886	16	friend	7.38031
886	17	.	4.55885
886	18	</s>	24.3093
887	1	the	2.46696
887	2	newspaper	11.0881
887	3	reported	6.60225
887	4	who	12.6468
887	5	the	8.96323
887	6	investigator	16.0741
887	7	thought	13.3713
887	8	might	10.4781
887	9	sell	10.8027
887	10	a	6.13132
887	11	car	10.8483
887	12	to	5.66207
887	13	his	8.12579
887	14	friend	7.38031
887	15	.	4.55885
887	16	</s>	24.3093
888	1	the	2.46696
888	2	newspaper	11.0881
888	3	reported	6.60225
888	4	who	12.6468
888	5	the	8.96323
888	6	investigator	16.0741
888	7	thought	13.3713
888	8	the	4.36895
888	9	boss	14.2802
888	10	might	11.6672
888	11	sell	10.7539
888	12	a	6.13132
888	13	car	10.8483
888	14	to	5.66207
888	15	his	8.12579
888	16	friend	7.38031
888	17	.	4.55885
888	18	</s>	24.3093
889	1	the	2.46696
889	2	newspaper	11.0881
889	3	reported	6.60225
889	4	that	1.24124
889	5	the	3.00454
889	6	investigator	16.6471
889	7	thought	13.3713
889	8	the	4.36895
889	9	businessman	16.3792
889	10	believed	13.7448
889	11	might	13.2461
889	12	sell	10.7539
889	13	a	6.13132
889	14	car	10.8483
889	15	to	5.66207
889	16	his	8.12579
889	17	friend	7.38031
889	18	.	4.55885
889	19	</s>	24.3093
890	1	the	2.46696
890	2	newspaper	11.0881
890	3	reported	6.60225
890	4	that	1.24124
890	5	the	3.00454
890	6	investigator	16.6471
890	7	thought	13.3713
890	8	the	4.36895
890	9	businessman	16.3792
890	10	believed	13.7448
890	11	the	3.87627
890	12	boss	14.1271
890	13	might	11.6672
890	14	sell	10.7539
890	15	a	6.13132
890	16	car	10.8483
890	17	to	5.66207
890	18	his	8.12579
890	19	friend	7.38031
890	20	.	4.55885
890	21	</s>	24.3093
891	1	the	2.46696
891	2	newspaper	11.0881
891	3	reported	6.60225
891	4	who	12.6468
891	5	the	8.96323
891	6	investigator	16.0741
891	7	thought	13.3713
891	8	the	4.36895
891	9	businessman	16.3792
891	10	believed	13.7448
891	11	might	13.2461
891	12	sell	10.7539
891	13	a	6.13132
891	14	car	10.8483
891	15	to	5.66207
891	16	his	8.12579
891	17	friend	7.38031
891	18	.	4.55885
891	19	</s>	24.3093
892	1	the	2.46696
892	2	newspaper	11.0881
892	3	reported	6.60225
892	4	who	12.6468
892	5	the	8.96323
892	6	investigator	16.0741
892	7	thought	13.3713
892	8	the	4.36895
892	9	businessman	16.3792
892	10	believed	13.7448
892	11	the	3.87627
892	12	boss	14.1271
892	13	might	11.6672
892	14	sell	10.7539
892	15	a	6.13132
892	16	car	10.8483
892	17	to	5.66207
892	18	his	8.12579
892	19	friend	7.38031
892	20	.	4.55885
892	21	</s>	24.3093
893	1	the	2.46696
893	2	newspaper	11.0881
893	3	reported	6.60225
893	4	that	1.24124
893	5	the	3.00454
893	6	investigator	16.6471
893	7	thought	13.3713
893	8	the	4.36895
893	9	businessman	16.3792
893	10	believed	13.7448
893	11	the	3.87627
893	12	banker	15.3081
893	13	said	12.1542
893	14	might	13.6667
893	15	sell	10.7539
893	16	a	6.13132
893	17	car	10.8483
893	18	to	5.66207
893	19	his	8.12579
893	20	friend	7.38031
893	21	.	4.55885
893	22	</s>	24.3093
894	1	the	2.46696
894	2	newspaper	11.0881
894	3	reported	6.60225
894	4	that	1.24124
894	5	the	3.00454
894	6	investigator	16.6471
894	7	thought	13.3713
894	8	the	4.36895
894	9	businessman	16.3792
894	10	believed	13.7448
894	11	the	3.87627
894	12	banker	15.3081
894	13	said	12.1542
894	14	the	4.51729
894	15	boss	14.4272
894	16	might	11.6672
894	17	sell	10.7539
894	18	a	6.13132
894	19	car	10.8483
894	20	to	5.66207
894	21	his	8.12579
894	22	friend	7.38031
894	23	.	4.55885
894	24	</s>	24.3093
895	1	the	2.46696
895	2	newspaper	11.0881
895	3	reported	6.60225
895	4	who	12.6468
895	5	the	8.96323
895	6	investigator	16.0741
895	7	thought	13.3713
895	8	the	4.36895
895	9	businessman	16.3792
895	10	believed	13.7448
895	11	the	3.87627
895	12	banker	15.3081
895	13	said	12.1542
895	14	might	13.6667
895	15	sell	10.7539
895	16	a	6.13132
895	17	car	10.8483
895	18	to	5.66207
895	19	his	8.12579
895	20	friend	7.38031
895	21	.	4.55885
895	22	</s>	24.3093
896	1	the	2.46696
896	2	newspaper	11.0881
896	3	reported	6.60225
896	4	who	12.6468
896	5	the	8.96323
896	6	investigator	16.0741
896	7	thought	13.3713
896	8	the	4.36895
896	9	businessman	16.3792
896	10	believed	13.7448
896	11	the	3.87627
896	12	banker	15.3081
896	13	said	12.1542
896	14	the	4.51729
896	15	boss	14.4272
896	16	might	11.6672
896	17	sell	10.7539
896	18	a	6.13132
896	19	car	10.8483
896	20	to	5.66207
896	21	his	8.12579
896	22	friend	7.38031
896	23	.	4.55885
896	24	</s>	24.3093
897	1	the	2.46696
897	2	newspaper	11.0881
897	3	reported	6.60225
897	4	that	1.24124
897	5	the	3.00454
897	6	investigator	16.6471
897	7	thought	13.3713
897	8	the	4.36895
897	9	businessman	16.3792
897	10	believed	13.7448
897	11	the	3.87627
897	12	banker	15.3081
897	13	said	12.1542
897	14	might	13.6667
897	15	sell	10.7539
897	16	a	6.13132
897	17	car	10.8483
897	18	to	5.66207
897	19	his	8.12579
897	20	friend	7.38031
897	21	.	4.55885
897	22	</s>	24.3093
898	1	the	2.46696
898	2	newspaper	11.0881
898	3	reported	6.60225
898	4	that	1.24124
898	5	the	3.00454
898	6	investigator	16.6471
898	7	thought	13.3713
898	8	the	4.36895
898	9	businessman	16.3792
898	10	believed	13.7448
898	11	the	3.87627
898	12	banker	15.3081
898	13	said	12.1542
898	14	the	4.51729
898	15	boss	14.4272
898	16	might	11.6672
898	17	sell	10.7539
898	18	a	6.13132
898	19	car	10.8483
898	20	to	5.66207
898	21	his	8.12579
898	22	friend	7.38031
898	23	.	4.55885
898	24	</s>	24.3093
899	1	the	2.46696
899	2	newspaper	11.0881
899	3	reported	6.60225
899	4	who	12.6468
899	5	the	8.96323
899	6	investigator	16.0741
899	7	thought	13.3713
899	8	the	4.36895
899	9	businessman	16.3792
899	10	believed	13.7448
899	11	the	3.87627
899	12	banker	15.3081
899	13	said	12.1542
899	14	might	13.6667
899	15	sell	10.7539
899	16	a	6.13132
899	17	car	10.8483
899	18	to	5.66207
899	19	his	8.12579
899	20	friend	7.38031
899	21	.	4.55885
899	22	</s>	24.3093
900	1	the	2.46696
900	2	newspaper	11.0881
900	3	reported	6.60225
900	4	who	12.6468
900	5	the	8.96323
900	6	investigator	16.0741
900	7	thought	13.3713
900	8	the	4.36895
900	9	businessman	16.3792
900	10	believed	13.7448
900	11	the	3.87627
900	12	banker	15.3081
900	13	said	12.1542
900	14	the	4.51729
900	15	boss	14.4272
900	16	might	11.6672
900	17	sell	10.7539
900	18	a	6.13132
900	19	car	10.8483
900	20	to	5.66207
900	21	his	8.12579
900	22	friend	7.38031
900	23	.	4.55885
900	24	</s>	24.3093
901	1	i	8.92268
901	2	know	6.35939
901	3	that	3.01867
901	4	will	8.78715
901	5	promise	13.7194
901	6	a	8.03327
901	7	raise	14.7345
901	8	to	9.04547
901	9	the	2.20198
901	10	factory	12.2826
901	11	workers	7.49238
901	12	.	2.79684
901	13	</s>	22.7871
902	1	i	8.92268
902	2	know	6.35939
902	3	that	3.01867
902	4	the	4.26664
902	5	business	11.7356
902	6	man	10.7766
902	7	will	8.86233
902	8	promise	13.4882
902	9	a	8.03327
902	10	raise	14.7345
902	11	to	9.04547
902	12	the	2.20198
902	13	factory	12.2826
902	14	workers	7.49238
902	15	.	2.79684
902	16	</s>	22.7871
903	1	i	8.92268
903	2	know	6.35939
903	3	who	6.55265
903	4	will	8.2859
903	5	promise	13.4956
903	6	a	8.03327
903	7	raise	14.7345
903	8	to	9.04547
903	9	the	2.20198
903	10	factory	12.2826
903	11	workers	7.49238
903	12	.	2.79684
903	13	</s>	22.7871
904	1	i	8.92268
904	2	know	6.35939
904	3	who	6.55265
904	4	the	5.15736
904	5	business	11.7403
904	6	man	10.4499
904	7	will	8.86233
904	8	promise	13.4882
904	9	a	8.03327
904	10	raise	14.7345
904	11	to	9.04547
904	12	the	2.20198
904	13	factory	12.2826
904	14	workers	7.49238
904	15	.	2.79684
904	16	</s>	22.7871
905	1	i	8.92268
905	2	know	6.35939
905	3	that	3.01867
905	4	the	4.26664
905	5	secretary	12.6077
905	6	said	12.2064
905	7	will	11.0337
905	8	promise	13.3454
905	9	a	8.03327
905	10	raise	14.7345
905	11	to	9.04547
905	12	the	2.20198
905	13	factory	12.2826
905	14	workers	7.49238
905	15	.	2.79684
905	16	</s>	22.7871
906	1	i	8.92268
906	2	know	6.35939
906	3	that	3.01867
906	4	the	4.26664
906	5	secretary	12.6077
906	6	said	12.2064
906	7	the	4.51729
906	8	business	11.8387
906	9	man	10.4499
906	10	will	8.86233
906	11	promise	13.4882
906	12	a	8.03327
906	13	raise	14.7345
906	14	to	9.04547
906	15	the	2.20198
906	16	factory	12.2826
906	17	workers	7.49238
906	18	.	2.79684
906	19	</s>	22.7871
907	1	i	8.92268
907	2	know	6.35939
907	3	who	6.55265
907	4	the	5.15736
907	5	secretary	13.0341
907	6	said	11.3299
907	7	will	11.0337
907	8	promise	13.3454
907	9	a	8.03327
907	10	raise	14.7345
907	11	to	9.04547
907	12	the	2.20198
907	13	factory	12.2826
907	14	workers	7.49238
907	15	.	2.79684
907	16	</s>	22.7871
908	1	i	8.92268
908	2	know	6.35939
908	3	who	6.55265
908	4	the	5.15736
908	5	secretary	13.0341
908	6	said	11.3299
908	7	the	4.51729
908	8	business	11.8387
908	9	man	10.4499
908	10	will	8.86233
908	11	promise	13.4882
908	12	a	8.03327
908	13	raise	14.7345
908	14	to	9.04547
908	15	the	2.20198
908	16	factory	12.2826
908	17	workers	7.49238
908	18	.	2.79684
908	19	</s>	22.7871
909	1	i	8.92268
909	2	know	6.35939
909	3	that	3.01867
909	4	the	4.26664
909	5	secretary	12.6077
909	6	said	12.2064
909	7	the	4.51729
909	8	journalist	14.9162
909	9	remarked	10.5593
909	10	will	13.0706
909	11	promise	13.3295
909	12	a	8.03327
909	13	raise	14.7345
909	14	to	9.04547
909	15	the	2.20198
909	16	factory	12.2826
909	17	workers	7.49238
909	18	.	2.79684
909	19	</s>	22.7871
910	1	i	8.92268
910	2	know	6.35939
910	3	that	3.01867
910	4	the	4.26664
910	5	secretary	12.6077
910	6	said	12.2064
910	7	the	4.51729
910	8	journalist	14.9162
910	9	remarked	10.5593
910	10	the	9.18833
910	11	business	11.314
910	12	man	10.4499
910	13	will	8.86233
910	14	promise	13.4882
910	15	a	8.03327
910	16	raise	14.7345
910	17	to	9.04547
910	18	the	2.20198
910	19	factory	12.2826
910	20	workers	7.49238
910	21	.	2.79684
910	22	</s>	22.7871
911	1	i	8.92268
911	2	know	6.35939
911	3	who	6.55265
911	4	the	5.15736
911	5	secretary	13.0341
911	6	said	11.3299
911	7	the	4.51729
911	8	journalist	14.9162
911	9	remarked	10.5593
911	10	will	13.0706
911	11	promise	13.3295
911	12	a	8.03327
911	13	raise	14.7345
911	14	to	9.04547
911	15	the	2.20198
911	16	factory	12.2826
911	17	workers	7.49238
911	18	.	2.79684
911	19	</s>	22.7871
912	1	i	8.92268
912	2	know	6.35939
912	3	who	6.55265
912	4	the	5.15736
912	5	secretary	13.0341
912	6	said	11.3299
912	7	the	4.51729
912	8	journalist	14.9162
912	9	remarked	10.5593
912	10	the	9.18833
912	11	business	11.314
912	12	man	10.4499
912	13	will	8.86233
912	14	promise	13.4882
912	15	a	8.03327
912	16	raise	14.7345
912	17	to	9.04547
912	18	the	2.20198
912	19	factory	12.2826
912	20	workers	7.49238
912	21	.	2.79684
912	22	</s>	22.7871
913	1	i	8.92268
913	2	know	6.35939
913	3	that	3.01867
913	4	the	4.26664
913	5	secretary	12.6077
913	6	said	12.2064
913	7	the	4.51729
913	8	journalist	14.9162
913	9	remarked	10.5593
913	10	the	9.18833
913	11	workers	12.5345
913	12	said	11.4791
913	13	will	11.1241
913	14	promise	13.3454
913	15	a	8.03327
913	16	raise	14.7345
913	17	to	9.04547
913	18	the	2.20198
913	19	factory	12.2826
913	20	workers	7.49238
913	21	.	2.79684
913	22	</s>	22.7871
914	1	i	8.92268
914	2	know	6.35939
914	3	that	3.01867
914	4	the	4.26664
914	5	secretary	12.6077
914	6	said	12.2064
914	7	the	4.51729
914	8	journalist	14.9162
914	9	remarked	10.5593
914	10	the	9.18833
914	11	workers	12.5345
914	12	said	11.4791
914	13	the	4.60768
914	14	business	11.8387
914	15	man	10.4499
914	16	will	8.86233
914	17	promise	13.4882
914	18	a	8.03327
914	19	raise	14.7345
914	20	to	9.04547
914	21	the	2.20198
914	22	factory	12.2826
914	23	workers	7.49238
914	24	.	2.79684
914	25	</s>	22.7871
915	1	i	8.92268
915	2	know	6.35939
915	3	who	6.55265
915	4	the	5.15736
915	5	secretary	13.0341
915	6	said	11.3299
915	7	the	4.51729
915	8	journalist	14.9162
915	9	remarked	10.5593
915	10	the	9.18833
915	11	workers	12.5345
915	12	said	11.4791
915	13	will	11.1241
915	14	promise	13.3454
915	15	a	8.03327
915	16	raise	14.7345
915	17	to	9.04547
915	18	the	2.20198
915	19	factory	12.2826
915	20	workers	7.49238
915	21	.	2.79684
915	22	</s>	22.7871
916	1	i	8.92268
916	2	know	6.35939
916	3	who	6.55265
916	4	the	5.15736
916	5	secretary	13.0341
916	6	said	11.3299
916	7	the	4.51729
916	8	journalist	14.9162
916	9	remarked	10.5593
916	10	the	9.18833
916	11	workers	12.5345
916	12	said	11.4791
916	13	the	4.60768
916	14	business	11.8387
916	15	man	10.4499
916	16	will	8.86233
916	17	promise	13.4882
916	18	a	8.03327
916	19	raise	14.7345
916	20	to	9.04547
916	21	the	2.20198
916	22	factory	12.2826
916	23	workers	7.49238
916	24	.	2.79684
916	25	</s>	22.7871
917	1	i	8.92268
917	2	know	6.35939
917	3	that	3.01867
917	4	the	4.26664
917	5	secretary	12.6077
917	6	said	12.2064
917	7	the	4.51729
917	8	journalist	14.9162
917	9	remarked	10.5593
917	10	the	9.18833
917	11	workers	12.5345
917	12	said	11.4791
917	13	will	11.1241
917	14	promise	13.3454
917	15	a	8.03327
917	16	raise	14.7345
917	17	to	9.04547
917	18	the	2.20198
917	19	factory	12.2826
917	20	workers	7.49238
917	21	.	2.79684
917	22	</s>	22.7871
918	1	i	8.92268
918	2	know	6.35939
918	3	that	3.01867
918	4	the	4.26664
918	5	secretary	12.6077
918	6	said	12.2064
918	7	the	4.51729
918	8	journalist	14.9162
918	9	remarked	10.5593
918	10	the	9.18833
918	11	workers	12.5345
918	12	said	11.4791
918	13	the	4.60768
918	14	business	11.8387
918	15	man	10.4499
918	16	will	8.86233
918	17	promise	13.4882
918	18	a	8.03327
918	19	raise	14.7345
918	20	to	9.04547
918	21	the	2.20198
918	22	factory	12.2826
918	23	workers	7.49238
918	24	.	2.79684
918	25	</s>	22.7871
919	1	i	8.92268
919	2	know	6.35939
919	3	who	6.55265
919	4	the	5.15736
919	5	secretary	13.0341
919	6	said	11.3299
919	7	the	4.51729
919	8	journalist	14.9162
919	9	remarked	10.5593
919	10	the	9.18833
919	11	workers	12.5345
919	12	said	11.4791
919	13	will	11.1241
919	14	promise	13.3454
919	15	a	8.03327
919	16	raise	14.7345
919	17	to	9.04547
919	18	the	2.20198
919	19	factory	12.2826
919	20	workers	7.49238
919	21	.	2.79684
919	22	</s>	22.7871
920	1	i	8.92268
920	2	know	6.35939
920	3	who	6.55265
920	4	the	5.15736
920	5	secretary	13.0341
920	6	said	11.3299
920	7	the	4.51729
920	8	journalist	14.9162
920	9	remarked	10.5593
920	10	the	9.18833
920	11	workers	12.5345
920	12	said	11.4791
920	13	the	4.60768
920	14	business	11.8387
920	15	man	10.4499
920	16	will	8.86233
920	17	promise	13.4882
920	18	a	8.03327
920	19	raise	14.7345
920	20	to	9.04547
920	21	the	2.20198
920	22	factory	12.2826
920	23	workers	7.49238
920	24	.	2.79684
920	25	</s>	22.7871
921	1	we	10.0475
921	2	all	6.75965
921	3	know	4.10726
921	4	that	2.3121
921	5	might	9.65317
921	6	repay	14.9462
921	7	his	5.18217
921	8	debt	3.90242
921	9	to	2.65778
921	10	the	3.65777
921	11	criminal	12.4082
921	12	<unk>	5.87516
921	13	.	3.00568
921	14	</s>	24.4592
922	1	we	10.0475
922	2	all	6.75965
922	3	know	4.10726
922	4	that	2.3121
922	5	the	4.10609
922	6	investor	14.4786
922	7	might	6.42484
922	8	repay	14.3517
922	9	his	5.18217
922	10	debt	3.90242
922	11	to	2.65778
922	12	the	3.65777
922	13	criminal	12.4082
922	14	<unk>	5.87516
922	15	.	3.00568
922	16	</s>	24.4592
923	1	we	10.0475
923	2	all	6.75965
923	3	know	4.10726
923	4	who	6.98061
923	5	might	9.00709
923	6	repay	14.7001
923	7	his	5.18217
923	8	debt	3.90242
923	9	to	2.65778
923	10	the	3.65777
923	11	criminal	12.4082
923	12	<unk>	5.87516
923	13	.	3.00568
923	14	</s>	24.4592
924	1	we	10.0475
924	2	all	6.75965
924	3	know	4.10726
924	4	who	6.98061
924	5	the	5.01207
924	6	investor	15.361
924	7	might	6.17926
924	8	repay	14.3517
924	9	his	5.18217
924	10	debt	3.90242
924	11	to	2.65778
924	12	the	3.65777
924	13	criminal	12.4082
924	14	<unk>	5.87516
924	15	.	3.00568
924	16	</s>	24.4592
925	1	we	10.0475
925	2	all	6.75965
925	3	know	4.10726
925	4	that	2.3121
925	5	the	4.10609
925	6	accountant	17.4301
925	7	said	11.9842
925	8	might	13.6667
925	9	repay	14.3517
925	10	his	5.18217
925	11	debt	3.90242
925	12	to	2.65778
925	13	the	3.65777
925	14	criminal	12.4082
925	15	<unk>	5.87516
925	16	.	3.00568
925	17	</s>	24.4592
926	1	we	10.0475
926	2	all	6.75965
926	3	know	4.10726
926	4	that	2.3121
926	5	the	4.10609
926	6	accountant	17.4301
926	7	said	11.9842
926	8	the	4.51729
926	9	investor	15.4595
926	10	might	6.17926
926	11	repay	14.3517
926	12	his	5.18217
926	13	debt	3.90242
926	14	to	2.65778
926	15	the	3.65777
926	16	criminal	12.4082
926	17	<unk>	5.87516
926	18	.	3.00568
926	19	</s>	24.4592
927	1	we	10.0475
927	2	all	6.75965
927	3	know	4.10726
927	4	who	6.98061
927	5	the	5.01207
927	6	accountant	17.0317
927	7	said	11.9842
927	8	might	13.6667
927	9	repay	14.3517
927	10	his	5.18217
927	11	debt	3.90242
927	12	to	2.65778
927	13	the	3.65777
927	14	criminal	12.4082
927	15	<unk>	5.87516
927	16	.	3.00568
927	17	</s>	24.4592
928	1	we	10.0475
928	2	all	6.75965
928	3	know	4.10726
928	4	who	6.98061
928	5	the	5.01207
928	6	accountant	17.0317
928	7	said	11.9842
928	8	the	4.51729
928	9	investor	15.4595
928	10	might	6.17926
928	11	repay	14.3517
928	12	his	5.18217
928	13	debt	3.90242
928	14	to	2.65778
928	15	the	3.65777
928	16	criminal	12.4082
928	17	<unk>	5.87516
928	18	.	3.00568
928	19	</s>	24.4592
929	1	we	10.0475
929	2	all	6.75965
929	3	know	4.10726
929	4	that	2.3121
929	5	the	4.10609
929	6	accountant	17.4301
929	7	said	11.9842
929	8	his	6.83762
929	9	colleague	11.8476
929	10	recalled	14.6609
929	11	might	13.3341
929	12	repay	14.3517
929	13	his	5.18217
929	14	debt	3.90242
929	15	to	2.65778
929	16	the	3.65777
929	17	criminal	12.4082
929	18	<unk>	5.87516
929	19	.	3.00568
929	20	</s>	24.4592
930	1	we	10.0475
930	2	all	6.75965
930	3	know	4.10726
930	4	that	2.3121
930	5	the	4.10609
930	6	accountant	17.4301
930	7	said	11.9842
930	8	his	6.83762
930	9	colleague	11.8476
930	10	recalled	14.6609
930	11	the	4.00018
930	12	investor	15.0924
930	13	might	6.17926
930	14	repay	14.3517
930	15	his	5.18217
930	16	debt	3.90242
930	17	to	2.65778
930	18	the	3.65777
930	19	criminal	12.4082
930	20	<unk>	5.87516
930	21	.	3.00568
930	22	</s>	24.4592
931	1	we	10.0475
931	2	all	6.75965
931	3	know	4.10726
931	4	who	6.98061
931	5	the	5.01207
931	6	accountant	17.0317
931	7	said	11.9842
931	8	his	6.83762
931	9	colleague	11.8476
931	10	recalled	14.6609
931	11	might	13.3341
931	12	repay	14.3517
931	13	his	5.18217
931	14	debt	3.90242
931	15	to	2.65778
931	16	the	3.65777
931	17	criminal	12.4082
931	18	<unk>	5.87516
931	19	.	3.00568
931	20	</s>	24.4592
932	1	we	10.0475
932	2	all	6.75965
932	3	know	4.10726
932	4	who	6.98061
932	5	the	5.01207
932	6	accountant	17.0317
932	7	said	11.9842
932	8	his	6.83762
932	9	colleague	11.8476
932	10	recalled	14.6609
932	11	the	4.00018
932	12	investor	15.0924
932	13	might	6.17926
932	14	repay	14.3517
932	15	his	5.18217
932	16	debt	3.90242
932	17	to	2.65778
932	18	the	3.65777
932	19	criminal	12.4082
932	20	<unk>	5.87516
932	21	.	3.00568
932	22	</s>	24.4592
933	1	we	10.0475
933	2	all	6.75965
933	3	know	4.10726
933	4	that	2.3121
933	5	the	4.10609
933	6	accountant	17.4301
933	7	said	11.9842
933	8	his	6.83762
933	9	colleague	11.8476
933	10	recalled	14.6609
933	11	the	4.00018
933	12	partners	14.9153
933	13	knew	15.0265
933	14	might	13.3196
933	15	repay	14.3517
933	16	his	5.18217
933	17	debt	3.90242
933	18	to	2.65778
933	19	the	3.65777
933	20	criminal	12.4082
933	21	<unk>	5.87516
933	22	.	3.00568
933	23	</s>	24.4592
934	1	we	10.0475
934	2	all	6.75965
934	3	know	4.10726
934	4	that	2.3121
934	5	the	4.10609
934	6	accountant	17.4301
934	7	said	11.9842
934	8	his	6.83762
934	9	colleague	11.8476
934	10	recalled	14.6609
934	11	the	4.00018
934	12	partners	14.9153
934	13	knew	15.0265
934	14	the	4.27224
934	15	investor	15.0994
934	16	might	6.17926
934	17	repay	14.3517
934	18	his	5.18217
934	19	debt	3.90242
934	20	to	2.65778
934	21	the	3.65777
934	22	criminal	12.4082
934	23	<unk>	5.87516
934	24	.	3.00568
934	25	</s>	24.4592
935	1	we	10.0475
935	2	all	6.75965
935	3	know	4.10726
935	4	who	6.98061
935	5	the	5.01207
935	6	accountant	17.0317
935	7	said	11.9842
935	8	his	6.83762
935	9	colleague	11.8476
935	10	recalled	14.6609
935	11	the	4.00018
935	12	partners	14.9153
935	13	knew	15.0265
935	14	might	13.3196
935	15	repay	14.3517
935	16	his	5.18217
935	17	debt	3.90242
935	18	to	2.65778
935	19	the	3.65777
935	20	criminal	12.4082
935	21	<unk>	5.87516
935	22	.	3.00568
935	23	</s>	24.4592
936	1	we	10.0475
936	2	all	6.75965
936	3	know	4.10726
936	4	who	6.98061
936	5	the	5.01207
936	6	accountant	17.0317
936	7	said	11.9842
936	8	his	6.83762
936	9	colleague	11.8476
936	10	recalled	14.6609
936	11	the	4.00018
936	12	partners	14.9153
936	13	knew	15.0265
936	14	the	4.27224
936	15	investor	15.0994
936	16	might	6.17926
936	17	repay	14.3517
936	18	his	5.18217
936	19	debt	3.90242
936	20	to	2.65778
936	21	the	3.65777
936	22	criminal	12.4082
936	23	<unk>	5.87516
936	24	.	3.00568
936	25	</s>	24.4592
937	1	we	10.0475
937	2	all	6.75965
937	3	know	4.10726
937	4	that	2.3121
937	5	the	4.10609
937	6	accountant	17.4301
937	7	said	11.9842
937	8	his	6.83762
937	9	colleague	11.8476
937	10	recalled	14.6609
937	11	the	4.00018
937	12	partners	14.9153
937	13	knew	15.0265
937	14	might	13.3196
937	15	repay	14.3517
937	16	his	5.18217
937	17	debt	3.90242
937	18	to	2.65778
937	19	the	3.65777
937	20	criminal	12.4082
937	21	<unk>	5.87516
937	22	.	3.00568
937	23	</s>	24.4592
938	1	we	10.0475
938	2	all	6.75965
938	3	know	4.10726
938	4	that	2.3121
938	5	the	4.10609
938	6	accountant	17.4301
938	7	said	11.9842
938	8	his	6.83762
938	9	colleague	11.8476
938	10	recalled	14.6609
938	11	the	4.00018
938	12	partners	14.9153
938	13	knew	15.0265
938	14	the	4.27224
938	15	investor	15.0994
938	16	might	6.17926
938	17	repay	14.3517
938	18	his	5.18217
938	19	debt	3.90242
938	20	to	2.65778
938	21	the	3.65777
938	22	criminal	12.4082
938	23	<unk>	5.87516
938	24	.	3.00568
938	25	</s>	24.4592
939	1	we	10.0475
939	2	all	6.75965
939	3	know	4.10726
939	4	who	6.98061
939	5	the	5.01207
939	6	accountant	17.0317
939	7	said	11.9842
939	8	his	6.83762
939	9	colleague	11.8476
939	10	recalled	14.6609
939	11	the	4.00018
939	12	partners	14.9153
939	13	knew	15.0265
939	14	might	13.3196
939	15	repay	14.3517
939	16	his	5.18217
939	17	debt	3.90242
939	18	to	2.65778
939	19	the	3.65777
939	20	criminal	12.4082
939	21	<unk>	5.87516
939	22	.	3.00568
939	23	</s>	24.4592
940	1	we	10.0475
940	2	all	6.75965
940	3	know	4.10726
940	4	who	6.98061
940	5	the	5.01207
940	6	accountant	17.0317
940	7	said	11.9842
940	8	his	6.83762
940	9	colleague	11.8476
940	10	recalled	14.6609
940	11	the	4.00018
940	12	partners	14.9153
940	13	knew	15.0265
940	14	the	4.27224
940	15	investor	15.0994
940	16	might	6.17926
940	17	repay	14.3517
940	18	his	5.18217
940	19	debt	3.90242
940	20	to	2.65778
940	21	the	3.65777
940	22	criminal	12.4082
940	23	<unk>	5.87516
940	24	.	3.00568
940	25	</s>	24.4592
941	1	the	2.46696
941	2	commissioner	14.5743
941	3	discovered	15.3375
941	4	that	3.37446
941	5	will	8.53451
941	6	lend	12.9003
941	7	some	9.42972
941	8	money	9.59741
941	9	to	3.59202
941	10	the	4.13588
941	11	man	11.6097
941	12	.	4.58518
941	13	</s>	23.7244
942	1	the	2.46696
942	2	commissioner	14.5743
942	3	discovered	15.3375
942	4	that	3.37446
942	5	the	3.17263
942	6	police	9.75232
942	7	detective	10.8045
942	8	will	11.5838
942	9	lend	12.5104
942	10	some	9.42972
942	11	money	9.59741
942	12	to	3.59202
942	13	the	4.13588
942	14	man	11.6097
942	15	.	4.58518
942	16	</s>	23.7244
943	1	the	2.46696
943	2	commissioner	14.5743
943	3	discovered	15.3375
943	4	who	11.4141
943	5	will	7.71681
943	6	lend	12.6764
943	7	some	9.42972
943	8	money	9.59741
943	9	to	3.59202
943	10	the	4.13588
943	11	man	11.6097
943	12	.	4.58518
943	13	</s>	23.7244
944	1	the	2.46696
944	2	commissioner	14.5743
944	3	discovered	15.3375
944	4	who	11.4141
944	5	the	8.96323
944	6	police	11.3625
944	7	detective	10.1471
944	8	will	11.5838
944	9	lend	12.5104
944	10	some	9.42972
944	11	money	9.59741
944	12	to	3.59202
944	13	the	4.13588
944	14	man	11.6097
944	15	.	4.58518
944	16	</s>	23.7244
945	1	the	2.46696
945	2	commissioner	14.5743
945	3	discovered	15.3375
945	4	that	3.37446
945	5	the	3.17263
945	6	report	10.9315
945	7	stated	7.13008
945	8	will	13.2556
945	9	lend	12.5104
945	10	some	9.42972
945	11	money	9.59741
945	12	to	3.59202
945	13	the	4.13588
945	14	man	11.6097
945	15	.	4.58518
945	16	</s>	23.7244
946	1	the	2.46696
946	2	commissioner	14.5743
946	3	discovered	15.3375
946	4	that	3.37446
946	5	the	3.17263
946	6	report	10.9315
946	7	stated	7.13008
946	8	the	5.39822
946	9	police	11.4463
946	10	detective	10.1471
946	11	will	11.5838
946	12	lend	12.5104
946	13	some	9.42972
946	14	money	9.59741
946	15	to	3.59202
946	16	the	4.13588
946	17	man	11.6097
946	18	.	4.58518
946	19	</s>	23.7244
947	1	the	2.46696
947	2	commissioner	14.5743
947	3	discovered	15.3375
947	4	who	11.4141
947	5	the	8.96323
947	6	report	12.6461
947	7	stated	6.69216
947	8	will	13.2556
947	9	lend	12.5104
947	10	some	9.42972
947	11	money	9.59741
947	12	to	3.59202
947	13	the	4.13588
947	14	man	11.6097
947	15	.	4.58518
947	16	</s>	23.7244
948	1	the	2.46696
948	2	commissioner	14.5743
948	3	discovered	15.3375
948	4	who	11.4141
948	5	the	8.96323
948	6	report	12.6461
948	7	stated	6.69216
948	8	the	5.39822
948	9	police	11.4463
948	10	detective	10.1471
948	11	will	11.5838
948	12	lend	12.5104
948	13	some	9.42972
948	14	money	9.59741
948	15	to	3.59202
948	16	the	4.13588
948	17	man	11.6097
948	18	.	4.58518
948	19	</s>	23.7244
949	1	the	2.46696
949	2	commissioner	14.5743
949	3	discovered	15.3375
949	4	that	3.37446
949	5	the	3.17263
949	6	report	10.9315
949	7	stated	7.13008
949	8	the	5.39822
949	9	television	12.9694
949	10	host	9.08732
949	11	thought	13.7654
949	12	will	13.609
949	13	lend	12.5104
949	14	some	9.42972
949	15	money	9.59741
949	16	to	3.59202
949	17	the	4.13588
949	18	man	11.6097
949	19	.	4.58518
949	20	</s>	23.7244
950	1	the	2.46696
950	2	commissioner	14.5743
950	3	discovered	15.3375
950	4	that	3.37446
950	5	the	3.17263
950	6	report	10.9315
950	7	stated	7.13008
950	8	the	5.39822
950	9	television	12.9694
950	10	host	9.08732
950	11	thought	13.7654
950	12	the	4.36895
950	13	police	11.3982
950	14	detective	10.1471
950	15	will	11.5838
950	16	lend	12.5104
950	17	some	9.42972
950	18	money	9.59741
950	19	to	3.59202
950	20	the	4.13588
950	21	man	11.6097
950	22	.	4.58518
950	23	</s>	23.7244
951	1	the	2.46696
951	2	commissioner	14.5743
951	3	discovered	15.3375
951	4	who	11.4141
951	5	the	8.96323
951	6	report	12.6461
951	7	stated	6.69216
951	8	the	5.39822
951	9	television	12.9694
951	10	host	9.08732
951	11	thought	13.7654
951	12	will	13.609
951	13	lend	12.5104
951	14	some	9.42972
951	15	money	9.59741
951	16	to	3.59202
951	17	the	4.13588
951	18	man	11.6097
951	19	.	4.58518
951	20	</s>	23.7244
952	1	the	2.46696
952	2	commissioner	14.5743
952	3	discovered	15.3375
952	4	who	11.4141
952	5	the	8.96323
952	6	report	12.6461
952	7	stated	6.69216
952	8	the	5.39822
952	9	television	12.9694
952	10	host	9.08732
952	11	thought	13.7654
952	12	the	4.36895
952	13	police	11.3982
952	14	detective	10.1471
952	15	will	11.5838
952	16	lend	12.5104
952	17	some	9.42972
952	18	money	9.59741
952	19	to	3.59202
952	20	the	4.13588
952	21	man	11.6097
952	22	.	4.58518
952	23	</s>	23.7244
953	1	the	2.46696
953	2	commissioner	14.5743
953	3	discovered	15.3375
953	4	that	3.37446
953	5	the	3.17263
953	6	report	10.9315
953	7	stated	7.13008
953	8	the	5.39822
953	9	television	12.9694
953	10	host	9.08732
953	11	thought	13.7654
953	12	the	4.36895
953	13	man	11.4918
953	14	reported	12.4041
953	15	will	11.7101
953	16	lend	12.5104
953	17	some	9.42972
953	18	money	9.59741
953	19	to	3.59202
953	20	the	4.13588
953	21	man	11.6097
953	22	.	4.58518
953	23	</s>	23.7244
954	1	the	2.46696
954	2	commissioner	14.5743
954	3	discovered	15.3375
954	4	that	3.37446
954	5	the	3.17263
954	6	report	10.9315
954	7	stated	7.13008
954	8	the	5.39822
954	9	television	12.9694
954	10	host	9.08732
954	11	thought	13.7654
954	12	the	4.36895
954	13	man	11.4918
954	14	reported	12.4041
954	15	the	4.76018
954	16	police	11.4976
954	17	detective	10.1471
954	18	will	11.5838
954	19	lend	12.5104
954	20	some	9.42972
954	21	money	9.59741
954	22	to	3.59202
954	23	the	4.13588
954	24	man	11.6097
954	25	.	4.58518
954	26	</s>	23.7244
955	1	the	2.46696
955	2	commissioner	14.5743
955	3	discovered	15.3375
955	4	who	11.4141
955	5	the	8.96323
955	6	report	12.6461
955	7	stated	6.69216
955	8	the	5.39822
955	9	television	12.9694
955	10	host	9.08732
955	11	thought	13.7654
955	12	the	4.36895
955	13	man	11.4918
955	14	reported	12.4041
955	15	will	11.7101
955	16	lend	12.5104
955	17	some	9.42972
955	18	money	9.59741
955	19	to	3.59202
955	20	the	4.13588
955	21	man	11.6097
955	22	.	4.58518
955	23	</s>	23.7244
956	1	the	2.46696
956	2	commissioner	14.5743
956	3	discovered	15.3375
956	4	who	11.4141
956	5	the	8.96323
956	6	report	12.6461
956	7	stated	6.69216
956	8	the	5.39822
956	9	television	12.9694
956	10	host	9.08732
956	11	thought	13.7654
956	12	the	4.36895
956	13	man	11.4918
956	14	reported	12.4041
956	15	the	4.76018
956	16	police	11.4976
956	17	detective	10.1471
956	18	will	11.5838
956	19	lend	12.5104
956	20	some	9.42972
956	21	money	9.59741
956	22	to	3.59202
956	23	the	4.13588
956	24	man	11.6097
956	25	.	4.58518
956	26	</s>	23.7244
957	1	the	2.46696
957	2	commissioner	14.5743
957	3	discovered	15.3375
957	4	that	3.37446
957	5	the	3.17263
957	6	report	10.9315
957	7	stated	7.13008
957	8	the	5.39822
957	9	television	12.9694
957	10	host	9.08732
957	11	thought	13.7654
957	12	the	4.36895
957	13	man	11.4918
957	14	reported	12.4041
957	15	will	11.7101
957	16	lend	12.5104
957	17	some	9.42972
957	18	money	9.59741
957	19	to	3.59202
957	20	the	4.13588
957	21	man	11.6097
957	22	.	4.58518
957	23	</s>	23.7244
958	1	the	2.46696
958	2	commissioner	14.5743
958	3	discovered	15.3375
958	4	that	3.37446
958	5	the	3.17263
958	6	report	10.9315
958	7	stated	7.13008
958	8	the	5.39822
958	9	television	12.9694
958	10	host	9.08732
958	11	thought	13.7654
958	12	the	4.36895
958	13	man	11.4918
958	14	reported	12.4041
958	15	the	4.76018
958	16	police	11.4976
958	17	detective	10.1471
958	18	will	11.5838
958	19	lend	12.5104
958	20	some	9.42972
958	21	money	9.59741
958	22	to	3.59202
958	23	the	4.13588
958	24	man	11.6097
958	25	.	4.58518
958	26	</s>	23.7244
959	1	the	2.46696
959	2	commissioner	14.5743
959	3	discovered	15.3375
959	4	who	11.4141
959	5	the	8.96323
959	6	report	12.6461
959	7	stated	6.69216
959	8	the	5.39822
959	9	television	12.9694
959	10	host	9.08732
959	11	thought	13.7654
959	12	the	4.36895
959	13	man	11.4918
959	14	reported	12.4041
959	15	will	11.7101
959	16	lend	12.5104
959	17	some	9.42972
959	18	money	9.59741
959	19	to	3.59202
959	20	the	4.13588
959	21	man	11.6097
959	22	.	4.58518
959	23	</s>	23.7244
960	1	the	2.46696
960	2	commissioner	14.5743
960	3	discovered	15.3375
960	4	who	11.4141
960	5	the	8.96323
960	6	report	12.6461
960	7	stated	6.69216
960	8	the	5.39822
960	9	television	12.9694
960	10	host	9.08732
960	11	thought	13.7654
960	12	the	4.36895
960	13	man	11.4918
960	14	reported	12.4041
960	15	the	4.76018
960	16	police	11.4976
960	17	detective	10.1471
960	18	will	11.5838
960	19	lend	12.5104
960	20	some	9.42972
960	21	money	9.59741
960	22	to	3.59202
960	23	the	4.13588
960	24	man	11.6097
960	25	.	4.58518
960	26	</s>	23.7244
961	1	my	12.9847
961	2	friend	8.54682
961	3	knows	13.7003
961	4	that	3.41989
961	5	should	10.5751
961	6	hand	13.4885
961	7	an	11.4742
961	8	award	10.2934
961	9	for	3.3675
961	10	her	5.72816
961	11	mother	7.93128
961	12	.	2.31656
961	13	</s>	24.7244
962	1	my	12.9847
962	2	friend	8.54682
962	3	knows	13.7003
962	4	that	3.41989
962	5	the	3.30016
962	6	successful	13.9995
962	7	architect	14.6207
962	8	should	12.2098
962	9	hand	12.6529
962	10	an	11.4742
962	11	award	10.2934
962	12	for	3.3675
962	13	her	5.72816
962	14	mother	7.93128
962	15	.	2.31656
962	16	</s>	24.7244
963	1	my	12.9847
963	2	friend	8.54682
963	3	knows	13.7003
963	4	who	5.91219
963	5	should	9.97386
963	6	hand	12.9777
963	7	an	11.4742
963	8	award	10.2934
963	9	for	3.3675
963	10	her	5.72816
963	11	mother	7.93128
963	12	.	2.31656
963	13	</s>	24.7244
964	1	my	12.9847
964	2	friend	8.54682
964	3	knows	13.7003
964	4	who	5.91219
964	5	the	3.6838
964	6	successful	13.1296
964	7	architect	14.6207
964	8	should	12.2098
964	9	hand	12.6529
964	10	an	11.4742
964	11	award	10.2934
964	12	for	3.3675
964	13	her	5.72816
964	14	mother	7.93128
964	15	.	2.31656
964	16	</s>	24.7244
965	1	my	12.9847
965	2	friend	8.54682
965	3	knows	13.7003
965	4	that	3.41989
965	5	the	3.30016
965	6	judge	11.3607
965	7	thought	14.2977
965	8	should	10.4781
965	9	hand	12.5741
965	10	an	11.4742
965	11	award	10.2934
965	12	for	3.3675
965	13	her	5.72816
965	14	mother	7.93128
965	15	.	2.31656
965	16	</s>	24.7244
966	1	my	12.9847
966	2	friend	8.54682
966	3	knows	13.7003
966	4	that	3.41989
966	5	the	3.30016
966	6	judge	11.3607
966	7	thought	14.2977
966	8	the	4.36895
966	9	successful	13.1653
966	10	architect	14.6207
966	11	should	12.2098
966	12	hand	12.6529
966	13	an	11.4742
966	14	award	10.2934
966	15	for	3.3675
966	16	her	5.72816
966	17	mother	7.93128
966	18	.	2.31656
966	19	</s>	24.7244
967	1	my	12.9847
967	2	friend	8.54682
967	3	knows	13.7003
967	4	who	5.91219
967	5	the	3.6838
967	6	judge	12.8945
967	7	thought	14.0556
967	8	should	10.4781
967	9	hand	12.5741
967	10	an	11.4742
967	11	award	10.2934
967	12	for	3.3675
967	13	her	5.72816
967	14	mother	7.93128
967	15	.	2.31656
967	16	</s>	24.7244
968	1	my	12.9847
968	2	friend	8.54682
968	3	knows	13.7003
968	4	who	5.91219
968	5	the	3.6838
968	6	judge	12.8945
968	7	thought	14.0556
968	8	the	4.36895
968	9	successful	13.1653
968	10	architect	14.6207
968	11	should	12.2098
968	12	hand	12.6529
968	13	an	11.4742
968	14	award	10.2934
968	15	for	3.3675
968	16	her	5.72816
968	17	mother	7.93128
968	18	.	2.31656
968	19	</s>	24.7244
969	1	my	12.9847
969	2	friend	8.54682
969	3	knows	13.7003
969	4	that	3.41989
969	5	the	3.30016
969	6	judge	11.3607
969	7	thought	14.2977
969	8	the	4.36895
969	9	cop	17.1416
969	10	said	12.0061
969	11	should	12.5476
969	12	hand	13.072
969	13	an	11.4742
969	14	award	10.2934
969	15	for	3.3675
969	16	her	5.72816
969	17	mother	7.93128
969	18	.	2.31656
969	19	</s>	24.7244
970	1	my	12.9847
970	2	friend	8.54682
970	3	knows	13.7003
970	4	that	3.41989
970	5	the	3.30016
970	6	judge	11.3607
970	7	thought	14.2977
970	8	the	4.36895
970	9	cop	17.1416
970	10	said	12.0061
970	11	the	4.51729
970	12	successful	13.3123
970	13	architect	14.6207
970	14	should	12.2098
970	15	hand	12.6529
970	16	an	11.4742
970	17	award	10.2934
970	18	for	3.3675
970	19	her	5.72816
970	20	mother	7.93128
970	21	.	2.31656
970	22	</s>	24.7244
971	1	my	12.9847
971	2	friend	8.54682
971	3	knows	13.7003
971	4	who	5.91219
971	5	the	3.6838
971	6	judge	12.8945
971	7	thought	14.0556
971	8	the	4.36895
971	9	cop	17.1416
971	10	said	12.0061
971	11	should	12.5476
971	12	hand	13.072
971	13	an	11.4742
971	14	award	10.2934
971	15	for	3.3675
971	16	her	5.72816
971	17	mother	7.93128
971	18	.	2.31656
971	19	</s>	24.7244
972	1	my	12.9847
972	2	friend	8.54682
972	3	knows	13.7003
972	4	who	5.91219
972	5	the	3.6838
972	6	judge	12.8945
972	7	thought	14.0556
972	8	the	4.36895
972	9	cop	17.1416
972	10	said	12.0061
972	11	the	4.51729
972	12	successful	13.3123
972	13	architect	14.6207
972	14	should	12.2098
972	15	hand	12.6529
972	16	an	11.4742
972	17	award	10.2934
972	18	for	3.3675
972	19	her	5.72816
972	20	mother	7.93128
972	21	.	2.31656
972	22	</s>	24.7244
973	1	my	12.9847
973	2	friend	8.54682
973	3	knows	13.7003
973	4	that	3.41989
973	5	the	3.30016
973	6	judge	11.3607
973	7	thought	14.2977
973	8	the	4.36895
973	9	cop	17.1416
973	10	said	12.0061
973	11	the	4.51729
973	12	man	9.44883
973	13	testified	16.6375
973	14	should	13.5926
973	15	hand	12.6529
973	16	an	11.4742
973	17	award	10.2934
973	18	for	3.3675
973	19	her	5.72816
973	20	mother	7.93128
973	21	.	2.31656
973	22	</s>	24.7244
974	1	my	12.9847
974	2	friend	8.54682
974	3	knows	13.7003
974	4	that	3.41989
974	5	the	3.30016
974	6	judge	11.3607
974	7	thought	14.2977
974	8	the	4.36895
974	9	cop	17.1416
974	10	said	12.0061
974	11	the	4.51729
974	12	man	9.44883
974	13	testified	16.6375
974	14	the	11.5542
974	15	successful	12.7875
974	16	architect	14.6207
974	17	should	12.2098
974	18	hand	12.6529
974	19	an	11.4742
974	20	award	10.2934
974	21	for	3.3675
974	22	her	5.72816
974	23	mother	7.93128
974	24	.	2.31656
974	25	</s>	24.7244
975	1	my	12.9847
975	2	friend	8.54682
975	3	knows	13.7003
975	4	who	5.91219
975	5	the	3.6838
975	6	judge	12.8945
975	7	thought	14.0556
975	8	the	4.36895
975	9	cop	17.1416
975	10	said	12.0061
975	11	the	4.51729
975	12	man	9.44883
975	13	testified	16.6375
975	14	should	13.5926
975	15	hand	12.6529
975	16	an	11.4742
975	17	award	10.2934
975	18	for	3.3675
975	19	her	5.72816
975	20	mother	7.93128
975	21	.	2.31656
975	22	</s>	24.7244
976	1	my	12.9847
976	2	friend	8.54682
976	3	knows	13.7003
976	4	who	5.91219
976	5	the	3.6838
976	6	judge	12.8945
976	7	thought	14.0556
976	8	the	4.36895
976	9	cop	17.1416
976	10	said	12.0061
976	11	the	4.51729
976	12	man	9.44883
976	13	testified	16.6375
976	14	the	11.5542
976	15	successful	12.7875
976	16	architect	14.6207
976	17	should	12.2098
976	18	hand	12.6529
976	19	an	11.4742
976	20	award	10.2934
976	21	for	3.3675
976	22	her	5.72816
976	23	mother	7.93128
976	24	.	2.31656
976	25	</s>	24.7244
977	1	my	12.9847
977	2	friend	8.54682
977	3	knows	13.7003
977	4	that	3.41989
977	5	the	3.30016
977	6	judge	11.3607
977	7	thought	14.2977
977	8	the	4.36895
977	9	cop	17.1416
977	10	said	12.0061
977	11	the	4.51729
977	12	man	9.44883
977	13	testified	16.6375
977	14	should	13.5926
977	15	hand	12.6529
977	16	an	11.4742
977	17	award	10.2934
977	18	for	3.3675
977	19	her	5.72816
977	20	mother	7.93128
977	21	.	2.31656
977	22	</s>	24.7244
978	1	my	12.9847
978	2	friend	8.54682
978	3	knows	13.7003
978	4	that	3.41989
978	5	the	3.30016
978	6	judge	11.3607
978	7	thought	14.2977
978	8	the	4.36895
978	9	cop	17.1416
978	10	said	12.0061
978	11	the	4.51729
978	12	man	9.44883
978	13	testified	16.6375
978	14	the	11.5542
978	15	successful	12.7875
978	16	architect	14.6207
978	17	should	12.2098
978	18	hand	12.6529
978	19	an	11.4742
978	20	award	10.2934
978	21	for	3.3675
978	22	her	5.72816
978	23	mother	7.93128
978	24	.	2.31656
978	25	</s>	24.7244
979	1	my	12.9847
979	2	friend	8.54682
979	3	knows	13.7003
979	4	who	5.91219
979	5	the	3.6838
979	6	judge	12.8945
979	7	thought	14.0556
979	8	the	4.36895
979	9	cop	17.1416
979	10	said	12.0061
979	11	the	4.51729
979	12	man	9.44883
979	13	testified	16.6375
979	14	should	13.5926
979	15	hand	12.6529
979	16	an	11.4742
979	17	award	10.2934
979	18	for	3.3675
979	19	her	5.72816
979	20	mother	7.93128
979	21	.	2.31656
979	22	</s>	24.7244
980	1	my	12.9847
980	2	friend	8.54682
980	3	knows	13.7003
980	4	who	5.91219
980	5	the	3.6838
980	6	judge	12.8945
980	7	thought	14.0556
980	8	the	4.36895
980	9	cop	17.1416
980	10	said	12.0061
980	11	the	4.51729
980	12	man	9.44883
980	13	testified	16.6375
980	14	the	11.5542
980	15	successful	12.7875
980	16	architect	14.6207
980	17	should	12.2098
980	18	hand	12.6529
980	19	an	11.4742
980	20	award	10.2934
980	21	for	3.3675
980	22	her	5.72816
980	23	mother	7.93128
980	24	.	2.31656
980	25	</s>	24.7244
981	1	the	2.46696
981	2	neighbors	17.2131
981	3	found	12.6195
981	4	out	6.16715
981	5	that	2.20105
981	6	did	9.74852
981	7	buy	14.6584
981	8	a	5.58745
981	9	gift	11.8691
981	10	for	3.62357
981	11	her	5.9797
981	12	parents	9.52157
981	13	.	4.55969
981	14	</s>	26.2368
982	1	the	2.46696
982	2	neighbors	17.2131
982	3	found	12.6195
982	4	out	6.16715
982	5	that	2.20105
982	6	the	2.81468
982	7	young	10.0998
982	8	woman	4.56209
982	9	did	10.0806
982	10	buy	13.0864
982	11	a	5.58745
982	12	gift	11.8691
982	13	for	3.62357
982	14	her	5.9797
982	15	parents	9.52157
982	16	.	4.55969
982	17	</s>	26.2368
983	1	the	2.46696
983	2	neighbors	17.2131
983	3	found	12.6195
983	4	out	6.16715
983	5	who	6.7726
983	6	did	7.28156
983	7	buy	13.7342
983	8	a	5.58745
983	9	gift	11.8691
983	10	for	3.62357
983	11	her	5.9797
983	12	parents	9.52157
983	13	.	4.55969
983	14	</s>	26.2368
984	1	the	2.46696
984	2	neighbors	17.2131
984	3	found	12.6195
984	4	out	6.16715
984	5	who	6.7726
984	6	the	4.57689
984	7	young	11.3133
984	8	woman	6.12623
984	9	did	9.80955
984	10	buy	13.0864
984	11	a	5.58745
984	12	gift	11.8691
984	13	for	3.62357
984	14	her	5.9797
984	15	parents	9.52157
984	16	.	4.55969
984	17	</s>	26.2368
985	1	the	2.46696
985	2	neighbors	17.2131
985	3	found	12.6195
985	4	out	6.16715
985	5	that	2.20105
985	6	her	5.09637
985	7	mother	4.42331
985	8	heard	12.2145
985	9	did	11.8325
985	10	buy	12.9518
985	11	a	5.58745
985	12	gift	11.8691
985	13	for	3.62357
985	14	her	5.9797
985	15	parents	9.52157
985	16	.	4.55969
985	17	</s>	26.2368
986	1	the	2.46696
986	2	neighbors	17.2131
986	3	found	12.6195
986	4	out	6.16715
986	5	that	2.20105
986	6	her	5.09637
986	7	mother	4.42331
986	8	heard	12.2145
986	9	the	4.25497
986	10	young	11.4415
986	11	woman	6.12623
986	12	did	9.80955
986	13	buy	13.0864
986	14	a	5.58745
986	15	gift	11.8691
986	16	for	3.62357
986	17	her	5.9797
986	18	parents	9.52157
986	19	.	4.55969
986	20	</s>	26.2368
987	1	the	2.46696
987	2	neighbors	17.2131
987	3	found	12.6195
987	4	out	6.16715
987	5	who	6.7726
987	6	her	12.8757
987	7	mother	7.49588
987	8	heard	11.723
987	9	did	11.8325
987	10	buy	12.9518
987	11	a	5.58745
987	12	gift	11.8691
987	13	for	3.62357
987	14	her	5.9797
987	15	parents	9.52157
987	16	.	4.55969
987	17	</s>	26.2368
988	1	the	2.46696
988	2	neighbors	17.2131
988	3	found	12.6195
988	4	out	6.16715
988	5	who	6.7726
988	6	her	12.8757
988	7	mother	7.49588
988	8	heard	11.723
988	9	the	4.25497
988	10	young	11.4415
988	11	woman	6.12623
988	12	did	9.80955
988	13	buy	13.0864
988	14	a	5.58745
988	15	gift	11.8691
988	16	for	3.62357
988	17	her	5.9797
988	18	parents	9.52157
988	19	.	4.55969
988	20	</s>	26.2368
989	1	the	2.46696
989	2	neighbors	17.2131
989	3	found	12.6195
989	4	out	6.16715
989	5	that	2.20105
989	6	her	5.09637
989	7	mother	4.42331
989	8	heard	12.2145
989	9	the	4.25497
989	10	newspaper	12.7074
989	11	reported	8.73028
989	12	did	14.2888
989	13	buy	12.9518
989	14	a	5.58745
989	15	gift	11.8691
989	16	for	3.62357
989	17	her	5.9797
989	18	parents	9.52157
989	19	.	4.55969
989	20	</s>	26.2368
990	1	the	2.46696
990	2	neighbors	17.2131
990	3	found	12.6195
990	4	out	6.16715
990	5	that	2.20105
990	6	her	5.09637
990	7	mother	4.42331
990	8	heard	12.2145
990	9	the	4.25497
990	10	newspaper	12.7074
990	11	reported	8.73028
990	12	the	4.63863
990	13	young	11.4485
990	14	woman	6.12623
990	15	did	9.80955
990	16	buy	13.0864
990	17	a	5.58745
990	18	gift	11.8691
990	19	for	3.62357
990	20	her	5.9797
990	21	parents	9.52157
990	22	.	4.55969
990	23	</s>	26.2368
991	1	the	2.46696
991	2	neighbors	17.2131
991	3	found	12.6195
991	4	out	6.16715
991	5	who	6.7726
991	6	her	12.8757
991	7	mother	7.49588
991	8	heard	11.723
991	9	the	4.25497
991	10	newspaper	12.7074
991	11	reported	8.73028
991	12	did	14.2888
991	13	buy	12.9518
991	14	a	5.58745
991	15	gift	11.8691
991	16	for	3.62357
991	17	her	5.9797
991	18	parents	9.52157
991	19	.	4.55969
991	20	</s>	26.2368
992	1	the	2.46696
992	2	neighbors	17.2131
992	3	found	12.6195
992	4	out	6.16715
992	5	who	6.7726
992	6	her	12.8757
992	7	mother	7.49588
992	8	heard	11.723
992	9	the	4.25497
992	10	newspaper	12.7074
992	11	reported	8.73028
992	12	the	4.63863
992	13	young	11.4485
992	14	woman	6.12623
992	15	did	9.80955
992	16	buy	13.0864
992	17	a	5.58745
992	18	gift	11.8691
992	19	for	3.62357
992	20	her	5.9797
992	21	parents	9.52157
992	22	.	4.55969
992	23	</s>	26.2368
993	1	the	2.46696
993	2	neighbors	17.2131
993	3	found	12.6195
993	4	out	6.16715
993	5	that	2.20105
993	6	her	5.09637
993	7	mother	4.42331
993	8	heard	12.2145
993	9	the	4.25497
993	10	newspaper	12.7074
993	11	reported	8.73028
993	12	the	4.63863
993	13	mayor	12.6435
993	14	said	13.7085
993	15	did	12.5476
993	16	buy	12.7461
993	17	a	5.58745
993	18	gift	11.8691
993	19	for	3.62357
993	20	her	5.9797
993	21	parents	9.52157
993	22	.	4.55969
993	23	</s>	26.2368
994	1	the	2.46696
994	2	neighbors	17.2131
994	3	found	12.6195
994	4	out	6.16715
994	5	that	2.20105
994	6	her	5.09637
994	7	mother	4.42331
994	8	heard	12.2145
994	9	the	4.25497
994	10	newspaper	12.7074
994	11	reported	8.73028
994	12	the	4.63863
994	13	mayor	12.6435
994	14	said	13.7085
994	15	the	4.51729
994	16	young	11.496
994	17	woman	6.12623
994	18	did	9.80955
994	19	buy	13.0864
994	20	a	5.58745
994	21	gift	11.8691
994	22	for	3.62357
994	23	her	5.9797
994	24	parents	9.52157
994	25	.	4.55969
994	26	</s>	26.2368
995	1	the	2.46696
995	2	neighbors	17.2131
995	3	found	12.6195
995	4	out	6.16715
995	5	who	6.7726
995	6	her	12.8757
995	7	mother	7.49588
995	8	heard	11.723
995	9	the	4.25497
995	10	newspaper	12.7074
995	11	reported	8.73028
995	12	the	4.63863
995	13	mayor	12.6435
995	14	said	13.7085
995	15	did	12.5476
995	16	buy	12.7461
995	17	a	5.58745
995	18	gift	11.8691
995	19	for	3.62357
995	20	her	5.9797
995	21	parents	9.52157
995	22	.	4.55969
995	23	</s>	26.2368
996	1	the	2.46696
996	2	neighbors	17.2131
996	3	found	12.6195
996	4	out	6.16715
996	5	who	6.7726
996	6	her	12.8757
996	7	mother	7.49588
996	8	heard	11.723
996	9	the	4.25497
996	10	newspaper	12.7074
996	11	reported	8.73028
996	12	the	4.63863
996	13	mayor	12.6435
996	14	said	13.7085
996	15	the	4.51729
996	16	young	11.496
996	17	woman	6.12623
996	18	did	9.80955
996	19	buy	13.0864
996	20	a	5.58745
996	21	gift	11.8691
996	22	for	3.62357
996	23	her	5.9797
996	24	parents	9.52157
996	25	.	4.55969
996	26	</s>	26.2368
997	1	the	2.46696
997	2	neighbors	17.2131
997	3	found	12.6195
997	4	out	6.16715
997	5	that	2.20105
997	6	her	5.09637
997	7	mother	4.42331
997	8	heard	12.2145
997	9	the	4.25497
997	10	newspaper	12.7074
997	11	reported	8.73028
997	12	the	4.63863
997	13	mayor	12.6435
997	14	said	13.7085
997	15	did	12.5476
997	16	buy	12.7461
997	17	a	5.58745
997	18	gift	11.8691
997	19	for	3.62357
997	20	her	5.9797
997	21	parents	9.52157
997	22	.	4.55969
997	23	</s>	26.2368
998	1	the	2.46696
998	2	neighbors	17.2131
998	3	found	12.6195
998	4	out	6.16715
998	5	that	2.20105
998	6	her	5.09637
998	7	mother	4.42331
998	8	heard	12.2145
998	9	the	4.25497
998	10	newspaper	12.7074
998	11	reported	8.73028
998	12	the	4.63863
998	13	mayor	12.6435
998	14	said	13.7085
998	15	the	4.51729
998	16	young	11.496
998	17	woman	6.12623
998	18	did	9.80955
998	19	buy	13.0864
998	20	a	5.58745
998	21	gift	11.8691
998	22	for	3.62357
998	23	her	5.9797
998	24	parents	9.52157
998	25	.	4.55969
998	26	</s>	26.2368
999	1	the	2.46696
999	2	neighbors	17.2131
999	3	found	12.6195
999	4	out	6.16715
999	5	who	6.7726
999	6	her	12.8757
999	7	mother	7.49588
999	8	heard	11.723
999	9	the	4.25497
999	10	newspaper	12.7074
999	11	reported	8.73028
999	12	the	4.63863
999	13	mayor	12.6435
999	14	said	13.7085
999	15	did	12.5476
999	16	buy	12.7461
999	17	a	5.58745
999	18	gift	11.8691
999	19	for	3.62357
999	20	her	5.9797
999	21	parents	9.52157
999	22	.	4.55969
999	23	</s>	26.2368
1000	1	the	2.46696
1000	2	neighbors	17.2131
1000	3	found	12.6195
1000	4	out	6.16715
1000	5	who	6.7726
1000	6	her	12.8757
1000	7	mother	7.49588
1000	8	heard	11.723
1000	9	the	4.25497
1000	10	newspaper	12.7074
1000	11	reported	8.73028
1000	12	the	4.63863
1000	13	mayor	12.6435
1000	14	said	13.7085
1000	15	the	4.51729
1000	16	young	11.496
1000	17	woman	6.12623
1000	18	did	9.80955
1000	19	buy	13.0864
1000	20	a	5.58745
1000	21	gift	11.8691
1000	22	for	3.62357
1000	23	her	5.9797
1000	24	parents	9.52157
1000	25	.	4.55969
1000	26	</s>	26.2368
1001	1	we	10.0475
1001	2	discovered	14.246
1001	3	that	3.37446
1001	4	did	9.46299
1001	5	tell	13.9637
1001	6	a	5.35263
1001	7	story	2.62963
1001	8	about	5.09074
1001	9	the	3.48074
1001	10	woman	11.6127
1001	11	.	5.81596
1001	12	</s>	25.5588
1002	1	we	10.0475
1002	2	discovered	14.246
1002	3	that	3.37446
1002	4	the	3.17263
1002	5	funny	16.5161
1002	6	actor	15.2429
1002	7	did	13.1019
1002	8	tell	12.2571
1002	9	a	5.35263
1002	10	story	2.62963
1002	11	about	5.09074
1002	12	the	3.48074
1002	13	woman	11.6127
1002	14	.	5.81596
1002	15	</s>	25.5588
1003	1	we	10.0475
1003	2	discovered	14.246
1003	3	who	11.4141
1003	4	did	7.12873
1003	5	tell	13.0395
1003	6	a	5.35263
1003	7	story	2.62963
1003	8	about	5.09074
1003	9	the	3.48074
1003	10	woman	11.6127
1003	11	.	5.81596
1003	12	</s>	25.5588
1004	1	we	10.0475
1004	2	discovered	14.246
1004	3	who	11.4141
1004	4	the	8.96323
1004	5	funny	15.9945
1004	6	actor	15.2429
1004	7	did	13.1019
1004	8	tell	12.2571
1004	9	a	5.35263
1004	10	story	2.62963
1004	11	about	5.09074
1004	12	the	3.48074
1004	13	woman	11.6127
1004	14	.	5.81596
1004	15	</s>	25.5588
1005	1	we	10.0475
1005	2	discovered	14.246
1005	3	that	3.37446
1005	4	the	3.17263
1005	5	delivery	16.1169
1005	6	boy	7.77212
1005	7	remarked	15.9444
1005	8	did	13.2932
1005	9	tell	12.2571
1005	10	a	5.35263
1005	11	story	2.62963
1005	12	about	5.09074
1005	13	the	3.48074
1005	14	woman	11.6127
1005	15	.	5.81596
1005	16	</s>	25.5588
1006	1	we	10.0475
1006	2	discovered	14.246
1006	3	that	3.37446
1006	4	the	3.17263
1006	5	delivery	16.1169
1006	6	boy	7.77212
1006	7	remarked	15.9444
1006	8	the	9.18833
1006	9	funny	15.6524
1006	10	actor	15.2429
1006	11	did	13.1019
1006	12	tell	12.2571
1006	13	a	5.35263
1006	14	story	2.62963
1006	15	about	5.09074
1006	16	the	3.48074
1006	17	woman	11.6127
1006	18	.	5.81596
1006	19	</s>	25.5588
1007	1	we	10.0475
1007	2	discovered	14.246
1007	3	who	11.4141
1007	4	the	8.96323
1007	5	delivery	13.6338
1007	6	boy	7.77212
1007	7	remarked	15.9444
1007	8	did	13.2932
1007	9	tell	12.2571
1007	10	a	5.35263
1007	11	story	2.62963
1007	12	about	5.09074
1007	13	the	3.48074
1007	14	woman	11.6127
1007	15	.	5.81596
1007	16	</s>	25.5588
1008	1	we	10.0475
1008	2	discovered	14.246
1008	3	who	11.4141
1008	4	the	8.96323
1008	5	delivery	13.6338
1008	6	boy	7.77212
1008	7	remarked	15.9444
1008	8	the	9.18833
1008	9	funny	15.6524
1008	10	actor	15.2429
1008	11	did	13.1019
1008	12	tell	12.2571
1008	13	a	5.35263
1008	14	story	2.62963
1008	15	about	5.09074
1008	16	the	3.48074
1008	17	woman	11.6127
1008	18	.	5.81596
1008	19	</s>	25.5588
1009	1	we	10.0475
1009	2	discovered	14.246
1009	3	that	3.37446
1009	4	the	3.17263
1009	5	delivery	16.1169
1009	6	boy	7.77212
1009	7	remarked	15.9444
1009	8	the	9.18833
1009	9	worker	14.0478
1009	10	said	12.4569
1009	11	did	12.5476
1009	12	tell	12.0513
1009	13	a	5.35263
1009	14	story	2.62963
1009	15	about	5.09074
1009	16	the	3.48074
1009	17	woman	11.6127
1009	18	.	5.81596
1009	19	</s>	25.5588
1010	1	we	10.0475
1010	2	discovered	14.246
1010	3	that	3.37446
1010	4	the	3.17263
1010	5	delivery	16.1169
1010	6	boy	7.77212
1010	7	remarked	15.9444
1010	8	the	9.18833
1010	9	worker	14.0478
1010	10	said	12.4569
1010	11	the	4.51729
1010	12	funny	16.1772
1010	13	actor	15.2429
1010	14	did	13.1019
1010	15	tell	12.2571
1010	16	a	5.35263
1010	17	story	2.62963
1010	18	about	5.09074
1010	19	the	3.48074
1010	20	woman	11.6127
1010	21	.	5.81596
1010	22	</s>	25.5588
1011	1	we	10.0475
1011	2	discovered	14.246
1011	3	who	11.4141
1011	4	the	8.96323
1011	5	delivery	13.6338
1011	6	boy	7.77212
1011	7	remarked	15.9444
1011	8	the	9.18833
1011	9	worker	14.0478
1011	10	said	12.4569
1011	11	did	12.5476
1011	12	tell	12.0513
1011	13	a	5.35263
1011	14	story	2.62963
1011	15	about	5.09074
1011	16	the	3.48074
1011	17	woman	11.6127
1011	18	.	5.81596
1011	19	</s>	25.5588
1012	1	we	10.0475
1012	2	discovered	14.246
1012	3	who	11.4141
1012	4	the	8.96323
1012	5	delivery	13.6338
1012	6	boy	7.77212
1012	7	remarked	15.9444
1012	8	the	9.18833
1012	9	worker	14.0478
1012	10	said	12.4569
1012	11	the	4.51729
1012	12	funny	16.1772
1012	13	actor	15.2429
1012	14	did	13.1019
1012	15	tell	12.2571
1012	16	a	5.35263
1012	17	story	2.62963
1012	18	about	5.09074
1012	19	the	3.48074
1012	20	woman	11.6127
1012	21	.	5.81596
1012	22	</s>	25.5588
1013	1	we	10.0475
1013	2	discovered	14.246
1013	3	that	3.37446
1013	4	the	3.17263
1013	5	delivery	16.1169
1013	6	boy	7.77212
1013	7	remarked	15.9444
1013	8	the	9.18833
1013	9	worker	14.0478
1013	10	said	12.4569
1013	11	the	4.51729
1013	12	gardener	15.6082
1013	13	knew	15.0764
1013	14	did	12.4686
1013	15	tell	12.2571
1013	16	a	5.35263
1013	17	story	2.62963
1013	18	about	5.09074
1013	19	the	3.48074
1013	20	woman	11.6127
1013	21	.	5.81596
1013	22	</s>	25.5588
1014	1	we	10.0475
1014	2	discovered	14.246
1014	3	that	3.37446
1014	4	the	3.17263
1014	5	delivery	16.1169
1014	6	boy	7.77212
1014	7	remarked	15.9444
1014	8	the	9.18833
1014	9	worker	14.0478
1014	10	said	12.4569
1014	11	the	4.51729
1014	12	gardener	15.6082
1014	13	knew	15.0764
1014	14	the	4.27224
1014	15	funny	15.8171
1014	16	actor	15.2429
1014	17	did	13.1019
1014	18	tell	12.2571
1014	19	a	5.35263
1014	20	story	2.62963
1014	21	about	5.09074
1014	22	the	3.48074
1014	23	woman	11.6127
1014	24	.	5.81596
1014	25	</s>	25.5588
1015	1	we	10.0475
1015	2	discovered	14.246
1015	3	who	11.4141
1015	4	the	8.96323
1015	5	delivery	13.6338
1015	6	boy	7.77212
1015	7	remarked	15.9444
1015	8	the	9.18833
1015	9	worker	14.0478
1015	10	said	12.4569
1015	11	the	4.51729
1015	12	gardener	15.6082
1015	13	knew	15.0764
1015	14	did	12.4686
1015	15	tell	12.2571
1015	16	a	5.35263
1015	17	story	2.62963
1015	18	about	5.09074
1015	19	the	3.48074
1015	20	woman	11.6127
1015	21	.	5.81596
1015	22	</s>	25.5588
1016	1	we	10.0475
1016	2	discovered	14.246
1016	3	who	11.4141
1016	4	the	8.96323
1016	5	delivery	13.6338
1016	6	boy	7.77212
1016	7	remarked	15.9444
1016	8	the	9.18833
1016	9	worker	14.0478
1016	10	said	12.4569
1016	11	the	4.51729
1016	12	gardener	15.6082
1016	13	knew	15.0764
1016	14	the	4.27224
1016	15	funny	15.8171
1016	16	actor	15.2429
1016	17	did	13.1019
1016	18	tell	12.2571
1016	19	a	5.35263
1016	20	story	2.62963
1016	21	about	5.09074
1016	22	the	3.48074
1016	23	woman	11.6127
1016	24	.	5.81596
1016	25	</s>	25.5588
1017	1	we	10.0475
1017	2	discovered	14.246
1017	3	that	3.37446
1017	4	the	3.17263
1017	5	delivery	16.1169
1017	6	boy	7.77212
1017	7	remarked	15.9444
1017	8	the	9.18833
1017	9	worker	14.0478
1017	10	said	12.4569
1017	11	the	4.51729
1017	12	gardener	15.6082
1017	13	knew	15.0764
1017	14	did	12.4686
1017	15	tell	12.2571
1017	16	a	5.35263
1017	17	story	2.62963
1017	18	about	5.09074
1017	19	the	3.48074
1017	20	woman	11.6127
1017	21	.	5.81596
1017	22	</s>	25.5588
1018	1	we	10.0475
1018	2	discovered	14.246
1018	3	that	3.37446
1018	4	the	3.17263
1018	5	delivery	16.1169
1018	6	boy	7.77212
1018	7	remarked	15.9444
1018	8	the	9.18833
1018	9	worker	14.0478
1018	10	said	12.4569
1018	11	the	4.51729
1018	12	gardener	15.6082
1018	13	knew	15.0764
1018	14	the	4.27224
1018	15	funny	15.8171
1018	16	actor	15.2429
1018	17	did	13.1019
1018	18	tell	12.2571
1018	19	a	5.35263
1018	20	story	2.62963
1018	21	about	5.09074
1018	22	the	3.48074
1018	23	woman	11.6127
1018	24	.	5.81596
1018	25	</s>	25.5588
1019	1	we	10.0475
1019	2	discovered	14.246
1019	3	who	11.4141
1019	4	the	8.96323
1019	5	delivery	13.6338
1019	6	boy	7.77212
1019	7	remarked	15.9444
1019	8	the	9.18833
1019	9	worker	14.0478
1019	10	said	12.4569
1019	11	the	4.51729
1019	12	gardener	15.6082
1019	13	knew	15.0764
1019	14	did	12.4686
1019	15	tell	12.2571
1019	16	a	5.35263
1019	17	story	2.62963
1019	18	about	5.09074
1019	19	the	3.48074
1019	20	woman	11.6127
1019	21	.	5.81596
1019	22	</s>	25.5588
1020	1	we	10.0475
1020	2	discovered	14.246
1020	3	who	11.4141
1020	4	the	8.96323
1020	5	delivery	13.6338
1020	6	boy	7.77212
1020	7	remarked	15.9444
1020	8	the	9.18833
1020	9	worker	14.0478
1020	10	said	12.4569
1020	11	the	4.51729
1020	12	gardener	15.6082
1020	13	knew	15.0764
1020	14	the	4.27224
1020	15	funny	15.8171
1020	16	actor	15.2429
1020	17	did	13.1019
1020	18	tell	12.2571
1020	19	a	5.35263
1020	20	story	2.62963
1020	21	about	5.09074
1020	22	the	3.48074
1020	23	woman	11.6127
1020	24	.	5.81596
1020	25	</s>	25.5588
1021	1	the	2.46696
1021	2	assistant	15.2034
1021	3	told	14.3917
1021	4	me	5.67112
1021	5	that	2.70399
1021	6	will	8.60738
1021	7	send	10.6188
1021	8	the	4.06913
1021	9	package	14.2447
1021	10	to	6.32491
1021	11	his	7.73794
1021	12	family	6.59809
1021	13	.	2.48781
1021	14	</s>	27.279
1022	1	the	2.46696
1022	2	assistant	15.2034
1022	3	told	14.3917
1022	4	me	5.67112
1022	5	that	2.70399
1022	6	the	3.40538
1022	7	pilot	11.5718
1022	8	will	7.817
1022	9	send	9.48284
1022	10	the	4.06913
1022	11	package	14.2447
1022	12	to	6.32491
1022	13	his	7.73794
1022	14	family	6.59809
1022	15	.	2.48781
1022	16	</s>	27.279
1023	1	the	2.46696
1023	2	assistant	15.2034
1023	3	told	14.3917
1023	4	me	5.67112
1023	5	who	9.86372
1023	6	will	7.71681
1023	7	send	9.57523
1023	8	the	4.06913
1023	9	package	14.2447
1023	10	to	6.32491
1023	11	his	7.73794
1023	12	family	6.59809
1023	13	.	2.48781
1023	14	</s>	27.279
1024	1	the	2.46696
1024	2	assistant	15.2034
1024	3	told	14.3917
1024	4	me	5.67112
1024	5	who	9.86372
1024	6	the	8.96323
1024	7	pilot	12.2494
1024	8	will	7.71771
1024	9	send	9.48284
1024	10	the	4.06913
1024	11	package	14.2447
1024	12	to	6.32491
1024	13	his	7.73794
1024	14	family	6.59809
1024	15	.	2.48781
1024	16	</s>	27.279
1025	1	the	2.46696
1025	2	assistant	15.2034
1025	3	told	14.3917
1025	4	me	5.67112
1025	5	that	2.70399
1025	6	the	3.40538
1025	7	man	9.56993
1025	8	knew	15.3509
1025	9	will	11.9486
1025	10	send	9.40916
1025	11	the	4.06913
1025	12	package	14.2447
1025	13	to	6.32491
1025	14	his	7.73794
1025	15	family	6.59809
1025	16	.	2.48781
1025	17	</s>	27.279
1026	1	the	2.46696
1026	2	assistant	15.2034
1026	3	told	14.3917
1026	4	me	5.67112
1026	5	that	2.70399
1026	6	the	3.40538
1026	7	man	9.56993
1026	8	knew	15.3509
1026	9	the	4.27224
1026	10	pilot	12.0721
1026	11	will	7.71771
1026	12	send	9.48284
1026	13	the	4.06913
1026	14	package	14.2447
1026	15	to	6.32491
1026	16	his	7.73794
1026	17	family	6.59809
1026	18	.	2.48781
1026	19	</s>	27.279
1027	1	the	2.46696
1027	2	assistant	15.2034
1027	3	told	14.3917
1027	4	me	5.67112
1027	5	who	9.86372
1027	6	the	8.96323
1027	7	man	6.8914
1027	8	knew	15.2625
1027	9	will	11.9486
1027	10	send	9.40916
1027	11	the	4.06913
1027	12	package	14.2447
1027	13	to	6.32491
1027	14	his	7.73794
1027	15	family	6.59809
1027	16	.	2.48781
1027	17	</s>	27.279
1028	1	the	2.46696
1028	2	assistant	15.2034
1028	3	told	14.3917
1028	4	me	5.67112
1028	5	who	9.86372
1028	6	the	8.96323
1028	7	man	6.8914
1028	8	knew	15.2625
1028	9	the	4.27224
1028	10	pilot	12.0721
1028	11	will	7.71771
1028	12	send	9.48284
1028	13	the	4.06913
1028	14	package	14.2447
1028	15	to	6.32491
1028	16	his	7.73794
1028	17	family	6.59809
1028	18	.	2.48781
1028	19	</s>	27.279
1029	1	the	2.46696
1029	2	assistant	15.2034
1029	3	told	14.3917
1029	4	me	5.67112
1029	5	that	2.70399
1029	6	the	3.40538
1029	7	man	9.56993
1029	8	knew	15.3509
1029	9	his	6.10381
1029	10	friend	9.30099
1029	11	recalled	11.6828
1029	12	will	11.9631
1029	13	send	9.40916
1029	14	the	4.06913
1029	15	package	14.2447
1029	16	to	6.32491
1029	17	his	7.73794
1029	18	family	6.59809
1029	19	.	2.48781
1029	20	</s>	27.279
1030	1	the	2.46696
1030	2	assistant	15.2034
1030	3	told	14.3917
1030	4	me	5.67112
1030	5	that	2.70399
1030	6	the	3.40538
1030	7	man	9.56993
1030	8	knew	15.3509
1030	9	his	6.10381
1030	10	friend	9.30099
1030	11	recalled	11.6828
1030	12	the	4.00018
1030	13	pilot	12.0651
1030	14	will	7.71771
1030	15	send	9.48284
1030	16	the	4.06913
1030	17	package	14.2447
1030	18	to	6.32491
1030	19	his	7.73794
1030	20	family	6.59809
1030	21	.	2.48781
1030	22	</s>	27.279
1031	1	the	2.46696
1031	2	assistant	15.2034
1031	3	told	14.3917
1031	4	me	5.67112
1031	5	who	9.86372
1031	6	the	8.96323
1031	7	man	6.8914
1031	8	knew	15.2625
1031	9	his	6.10381
1031	10	friend	9.30099
1031	11	recalled	11.6828
1031	12	will	11.9631
1031	13	send	9.40916
1031	14	the	4.06913
1031	15	package	14.2447
1031	16	to	6.32491
1031	17	his	7.73794
1031	18	family	6.59809
1031	19	.	2.48781
1031	20	</s>	27.279
1032	1	the	2.46696
1032	2	assistant	15.2034
1032	3	told	14.3917
1032	4	me	5.67112
1032	5	who	9.86372
1032	6	the	8.96323
1032	7	man	6.8914
1032	8	knew	15.2625
1032	9	his	6.10381
1032	10	friend	9.30099
1032	11	recalled	11.6828
1032	12	the	4.00018
1032	13	pilot	12.0651
1032	14	will	7.71771
1032	15	send	9.48284
1032	16	the	4.06913
1032	17	package	14.2447
1032	18	to	6.32491
1032	19	his	7.73794
1032	20	family	6.59809
1032	21	.	2.48781
1032	22	</s>	27.279
1033	1	the	2.46696
1033	2	assistant	15.2034
1033	3	told	14.3917
1033	4	me	5.67112
1033	5	that	2.70399
1033	6	the	3.40538
1033	7	man	9.56993
1033	8	knew	15.3509
1033	9	his	6.10381
1033	10	friend	9.30099
1033	11	recalled	11.6828
1033	12	the	4.00018
1033	13	woman	12.1919
1033	14	said	9.79886
1033	15	will	11.2802
1033	16	send	9.42501
1033	17	the	4.06913
1033	18	package	14.2447
1033	19	to	6.32491
1033	20	his	7.73794
1033	21	family	6.59809
1033	22	.	2.48781
1033	23	</s>	27.279
1034	1	the	2.46696
1034	2	assistant	15.2034
1034	3	told	14.3917
1034	4	me	5.67112
1034	5	that	2.70399
1034	6	the	3.40538
1034	7	man	9.56993
1034	8	knew	15.3509
1034	9	his	6.10381
1034	10	friend	9.30099
1034	11	recalled	11.6828
1034	12	the	4.00018
1034	13	woman	12.1919
1034	14	said	9.79886
1034	15	the	4.76385
1034	16	pilot	12.4321
1034	17	will	7.71771
1034	18	send	9.48284
1034	19	the	4.06913
1034	20	package	14.2447
1034	21	to	6.32491
1034	22	his	7.73794
1034	23	family	6.59809
1034	24	.	2.48781
1034	25	</s>	27.279
1035	1	the	2.46696
1035	2	assistant	15.2034
1035	3	told	14.3917
1035	4	me	5.67112
1035	5	who	9.86372
1035	6	the	8.96323
1035	7	man	6.8914
1035	8	knew	15.2625
1035	9	his	6.10381
1035	10	friend	9.30099
1035	11	recalled	11.6828
1035	12	the	4.00018
1035	13	woman	12.1919
1035	14	said	9.79886
1035	15	will	11.2802
1035	16	send	9.42501
1035	17	the	4.06913
1035	18	package	14.2447
1035	19	to	6.32491
1035	20	his	7.73794
1035	21	family	6.59809
1035	22	.	2.48781
1035	23	</s>	27.279
1036	1	the	2.46696
1036	2	assistant	15.2034
1036	3	told	14.3917
1036	4	me	5.67112
1036	5	who	9.86372
1036	6	the	8.96323
1036	7	man	6.8914
1036	8	knew	15.2625
1036	9	his	6.10381
1036	10	friend	9.30099
1036	11	recalled	11.6828
1036	12	the	4.00018
1036	13	woman	12.1919
1036	14	said	9.79886
1036	15	the	4.76385
1036	16	pilot	12.4321
1036	17	will	7.71771
1036	18	send	9.48284
1036	19	the	4.06913
1036	20	package	14.2447
1036	21	to	6.32491
1036	22	his	7.73794
1036	23	family	6.59809
1036	24	.	2.48781
1036	25	</s>	27.279
1037	1	the	2.46696
1037	2	assistant	15.2034
1037	3	told	14.3917
1037	4	me	5.67112
1037	5	that	2.70399
1037	6	the	3.40538
1037	7	man	9.56993
1037	8	knew	15.3509
1037	9	his	6.10381
1037	10	friend	9.30099
1037	11	recalled	11.6828
1037	12	the	4.00018
1037	13	woman	12.1919
1037	14	said	9.79886
1037	15	will	11.2802
1037	16	send	9.42501
1037	17	the	4.06913
1037	18	package	14.2447
1037	19	to	6.32491
1037	20	his	7.73794
1037	21	family	6.59809
1037	22	.	2.48781
1037	23	</s>	27.279
1038	1	the	2.46696
1038	2	assistant	15.2034
1038	3	told	14.3917
1038	4	me	5.67112
1038	5	that	2.70399
1038	6	the	3.40538
1038	7	man	9.56993
1038	8	knew	15.3509
1038	9	his	6.10381
1038	10	friend	9.30099
1038	11	recalled	11.6828
1038	12	the	4.00018
1038	13	woman	12.1919
1038	14	said	9.79886
1038	15	the	4.76385
1038	16	pilot	12.4321
1038	17	will	7.71771
1038	18	send	9.48284
1038	19	the	4.06913
1038	20	package	14.2447
1038	21	to	6.32491
1038	22	his	7.73794
1038	23	family	6.59809
1038	24	.	2.48781
1038	25	</s>	27.279
1039	1	the	2.46696
1039	2	assistant	15.2034
1039	3	told	14.3917
1039	4	me	5.67112
1039	5	who	9.86372
1039	6	the	8.96323
1039	7	man	6.8914
1039	8	knew	15.2625
1039	9	his	6.10381
1039	10	friend	9.30099
1039	11	recalled	11.6828
1039	12	the	4.00018
1039	13	woman	12.1919
1039	14	said	9.79886
1039	15	will	11.2802
1039	16	send	9.42501
1039	17	the	4.06913
1039	18	package	14.2447
1039	19	to	6.32491
1039	20	his	7.73794
1039	21	family	6.59809
1039	22	.	2.48781
1039	23	</s>	27.279
1040	1	the	2.46696
1040	2	assistant	15.2034
1040	3	told	14.3917
1040	4	me	5.67112
1040	5	who	9.86372
1040	6	the	8.96323
1040	7	man	6.8914
1040	8	knew	15.2625
1040	9	his	6.10381
1040	10	friend	9.30099
1040	11	recalled	11.6828
1040	12	the	4.00018
1040	13	woman	12.1919
1040	14	said	9.79886
1040	15	the	4.76385
1040	16	pilot	12.4321
1040	17	will	7.71771
1040	18	send	9.48284
1040	19	the	4.06913
1040	20	package	14.2447
1040	21	to	6.32491
1040	22	his	7.73794
1040	23	family	6.59809
1040	24	.	2.48781
1040	25	</s>	27.279
1041	1	the	2.46696
1041	2	accountant	18.0479
1041	3	knew	14.5414
1041	4	that	3.27732
1041	5	could	8.17555
1041	6	introduce	12.7193
1041	7	the	4.75639
1041	8	new	9.28143
1041	9	woman	10.3057
1041	10	to	5.18855
1041	11	her	8.65731
1041	12	friend	8.33575
1041	13	.	5.01135
1041	14	</s>	24.8218
1042	1	the	2.46696
1042	2	accountant	18.0479
1042	3	knew	14.5414
1042	4	that	3.27732
1042	5	the	3.23771
1042	6	secretary	12.5664
1042	7	could	12.2064
1042	8	introduce	12.1388
1042	9	the	4.75639
1042	10	new	9.28143
1042	11	woman	10.3057
1042	12	to	5.18855
1042	13	her	8.65731
1042	14	friend	8.33575
1042	15	.	5.01135
1042	16	</s>	24.8218
1043	1	the	2.46696
1043	2	accountant	18.0479
1043	3	knew	14.5414
1043	4	who	6.5865
1043	5	could	7.69021
1043	6	introduce	12.2788
1043	7	the	4.75639
1043	8	new	9.28143
1043	9	woman	10.3057
1043	10	to	5.18855
1043	11	her	8.65731
1043	12	friend	8.33575
1043	13	.	5.01135
1043	14	</s>	24.8218
1044	1	the	2.46696
1044	2	accountant	18.0479
1044	3	knew	14.5414
1044	4	who	6.5865
1044	5	the	4.19838
1044	6	secretary	12.9498
1044	7	could	11.3299
1044	8	introduce	12.1388
1044	9	the	4.75639
1044	10	new	9.28143
1044	11	woman	10.3057
1044	12	to	5.18855
1044	13	her	8.65731
1044	14	friend	8.33575
1044	15	.	5.01135
1044	16	</s>	24.8218
1045	1	the	2.46696
1045	2	accountant	18.0479
1045	3	knew	14.5414
1045	4	that	3.27732
1045	5	the	3.23771
1045	6	security	11.7785
1045	7	guard	7.46344
1045	8	believed	13.6357
1045	9	could	9.64821
1045	10	introduce	12.0548
1045	11	the	4.75639
1045	12	new	9.28143
1045	13	woman	10.3057
1045	14	to	5.18855
1045	15	her	8.65731
1045	16	friend	8.33575
1045	17	.	5.01135
1045	18	</s>	24.8218
1046	1	the	2.46696
1046	2	accountant	18.0479
1046	3	knew	14.5414
1046	4	that	3.27732
1046	5	the	3.23771
1046	6	security	11.7785
1046	7	guard	7.46344
1046	8	believed	13.6357
1046	9	the	3.87627
1046	10	secretary	12.8324
1046	11	could	11.3299
1046	12	introduce	12.1388
1046	13	the	4.75639
1046	14	new	9.28143
1046	15	woman	10.3057
1046	16	to	5.18855
1046	17	her	8.65731
1046	18	friend	8.33575
1046	19	.	5.01135
1046	20	</s>	24.8218
1047	1	the	2.46696
1047	2	accountant	18.0479
1047	3	knew	14.5414
1047	4	who	6.5865
1047	5	the	4.19838
1047	6	security	12.3762
1047	7	guard	6.83755
1047	8	believed	13.6357
1047	9	could	9.64821
1047	10	introduce	12.0548
1047	11	the	4.75639
1047	12	new	9.28143
1047	13	woman	10.3057
1047	14	to	5.18855
1047	15	her	8.65731
1047	16	friend	8.33575
1047	17	.	5.01135
1047	18	</s>	24.8218
1048	1	the	2.46696
1048	2	accountant	18.0479
1048	3	knew	14.5414
1048	4	who	6.5865
1048	5	the	4.19838
1048	6	security	12.3762
1048	7	guard	6.83755
1048	8	believed	13.6357
1048	9	the	3.87627
1048	10	secretary	12.8324
1048	11	could	11.3299
1048	12	introduce	12.1388
1048	13	the	4.75639
1048	14	new	9.28143
1048	15	woman	10.3057
1048	16	to	5.18855
1048	17	her	8.65731
1048	18	friend	8.33575
1048	19	.	5.01135
1048	20	</s>	24.8218
1049	1	the	2.46696
1049	2	accountant	18.0479
1049	3	knew	14.5414
1049	4	that	3.27732
1049	5	the	3.23771
1049	6	security	11.7785
1049	7	guard	7.46344
1049	8	believed	13.6357
1049	9	his	6.52022
1049	10	friend	9.1042
1049	11	knew	13.3384
1049	12	could	10.0324
1049	13	introduce	12.1388
1049	14	the	4.75639
1049	15	new	9.28143
1049	16	woman	10.3057
1049	17	to	5.18855
1049	18	her	8.65731
1049	19	friend	8.33575
1049	20	.	5.01135
1049	21	</s>	24.8218
1050	1	the	2.46696
1050	2	accountant	18.0479
1050	3	knew	14.5414
1050	4	that	3.27732
1050	5	the	3.23771
1050	6	security	11.7785
1050	7	guard	7.46344
1050	8	believed	13.6357
1050	9	his	6.52022
1050	10	friend	9.1042
1050	11	knew	13.3384
1050	12	the	4.27224
1050	13	secretary	12.7725
1050	14	could	11.3299
1050	15	introduce	12.1388
1050	16	the	4.75639
1050	17	new	9.28143
1050	18	woman	10.3057
1050	19	to	5.18855
1050	20	her	8.65731
1050	21	friend	8.33575
1050	22	.	5.01135
1050	23	</s>	24.8218
1051	1	the	2.46696
1051	2	accountant	18.0479
1051	3	knew	14.5414
1051	4	who	6.5865
1051	5	the	4.19838
1051	6	security	12.3762
1051	7	guard	6.83755
1051	8	believed	13.6357
1051	9	his	6.52022
1051	10	friend	9.1042
1051	11	knew	13.3384
1051	12	could	10.0324
1051	13	introduce	12.1388
1051	14	the	4.75639
1051	15	new	9.28143
1051	16	woman	10.3057
1051	17	to	5.18855
1051	18	her	8.65731
1051	19	friend	8.33575
1051	20	.	5.01135
1051	21	</s>	24.8218
1052	1	the	2.46696
1052	2	accountant	18.0479
1052	3	knew	14.5414
1052	4	who	6.5865
1052	5	the	4.19838
1052	6	security	12.3762
1052	7	guard	6.83755
1052	8	believed	13.6357
1052	9	his	6.52022
1052	10	friend	9.1042
1052	11	knew	13.3384
1052	12	the	4.27224
1052	13	secretary	12.7725
1052	14	could	11.3299
1052	15	introduce	12.1388
1052	16	the	4.75639
1052	17	new	9.28143
1052	18	woman	10.3057
1052	19	to	5.18855
1052	20	her	8.65731
1052	21	friend	8.33575
1052	22	.	5.01135
1052	23	</s>	24.8218
1053	1	the	2.46696
1053	2	accountant	18.0479
1053	3	knew	14.5414
1053	4	that	3.27732
1053	5	the	3.23771
1053	6	security	11.7785
1053	7	guard	7.46344
1053	8	believed	13.6357
1053	9	his	6.52022
1053	10	friend	9.1042
1053	11	knew	13.3384
1053	12	the	4.27224
1053	13	assistant	14.5561
1053	14	reported	14.1248
1053	15	could	11.823
1053	16	introduce	12.1388
1053	17	the	4.75639
1053	18	new	9.28143
1053	19	woman	10.3057
1053	20	to	5.18855
1053	21	her	8.65731
1053	22	friend	8.33575
1053	23	.	5.01135
1053	24	</s>	24.8218
1054	1	the	2.46696
1054	2	accountant	18.0479
1054	3	knew	14.5414
1054	4	that	3.27732
1054	5	the	3.23771
1054	6	security	11.7785
1054	7	guard	7.46344
1054	8	believed	13.6357
1054	9	his	6.52022
1054	10	friend	9.1042
1054	11	knew	13.3384
1054	12	the	4.27224
1054	13	assistant	14.5561
1054	14	reported	14.1248
1054	15	the	4.76018
1054	16	secretary	13.085
1054	17	could	11.3299
1054	18	introduce	12.1388
1054	19	the	4.75639
1054	20	new	9.28143
1054	21	woman	10.3057
1054	22	to	5.18855
1054	23	her	8.65731
1054	24	friend	8.33575
1054	25	.	5.01135
1054	26	</s>	24.8218
1055	1	the	2.46696
1055	2	accountant	18.0479
1055	3	knew	14.5414
1055	4	who	6.5865
1055	5	the	4.19838
1055	6	security	12.3762
1055	7	guard	6.83755
1055	8	believed	13.6357
1055	9	his	6.52022
1055	10	friend	9.1042
1055	11	knew	13.3384
1055	12	the	4.27224
1055	13	assistant	14.5561
1055	14	reported	14.1248
1055	15	could	11.823
1055	16	introduce	12.1388
1055	17	the	4.75639
1055	18	new	9.28143
1055	19	woman	10.3057
1055	20	to	5.18855
1055	21	her	8.65731
1055	22	friend	8.33575
1055	23	.	5.01135
1055	24	</s>	24.8218
1056	1	the	2.46696
1056	2	accountant	18.0479
1056	3	knew	14.5414
1056	4	who	6.5865
1056	5	the	4.19838
1056	6	security	12.3762
1056	7	guard	6.83755
1056	8	believed	13.6357
1056	9	his	6.52022
1056	10	friend	9.1042
1056	11	knew	13.3384
1056	12	the	4.27224
1056	13	assistant	14.5561
1056	14	reported	14.1248
1056	15	the	4.76018
1056	16	secretary	13.085
1056	17	could	11.3299
1056	18	introduce	12.1388
1056	19	the	4.75639
1056	20	new	9.28143
1056	21	woman	10.3057
1056	22	to	5.18855
1056	23	her	8.65731
1056	24	friend	8.33575
1056	25	.	5.01135
1056	26	</s>	24.8218
1057	1	the	2.46696
1057	2	accountant	18.0479
1057	3	knew	14.5414
1057	4	that	3.27732
1057	5	the	3.23771
1057	6	security	11.7785
1057	7	guard	7.46344
1057	8	believed	13.6357
1057	9	his	6.52022
1057	10	friend	9.1042
1057	11	knew	13.3384
1057	12	the	4.27224
1057	13	assistant	14.5561
1057	14	reported	14.1248
1057	15	could	11.823
1057	16	introduce	12.1388
1057	17	the	4.75639
1057	18	new	9.28143
1057	19	woman	10.3057
1057	20	to	5.18855
1057	21	her	8.65731
1057	22	friend	8.33575
1057	23	.	5.01135
1057	24	</s>	24.8218
1058	1	the	2.46696
1058	2	accountant	18.0479
1058	3	knew	14.5414
1058	4	that	3.27732
1058	5	the	3.23771
1058	6	security	11.7785
1058	7	guard	7.46344
1058	8	believed	13.6357
1058	9	his	6.52022
1058	10	friend	9.1042
1058	11	knew	13.3384
1058	12	the	4.27224
1058	13	assistant	14.5561
1058	14	reported	14.1248
1058	15	the	4.76018
1058	16	secretary	13.085
1058	17	could	11.3299
1058	18	introduce	12.1388
1058	19	the	4.75639
1058	20	new	9.28143
1058	21	woman	10.3057
1058	22	to	5.18855
1058	23	her	8.65731
1058	24	friend	8.33575
1058	25	.	5.01135
1058	26	</s>	24.8218
1059	1	the	2.46696
1059	2	accountant	18.0479
1059	3	knew	14.5414
1059	4	who	6.5865
1059	5	the	4.19838
1059	6	security	12.3762
1059	7	guard	6.83755
1059	8	believed	13.6357
1059	9	his	6.52022
1059	10	friend	9.1042
1059	11	knew	13.3384
1059	12	the	4.27224
1059	13	assistant	14.5561
1059	14	reported	14.1248
1059	15	could	11.823
1059	16	introduce	12.1388
1059	17	the	4.75639
1059	18	new	9.28143
1059	19	woman	10.3057
1059	20	to	5.18855
1059	21	her	8.65731
1059	22	friend	8.33575
1059	23	.	5.01135
1059	24	</s>	24.8218
1060	1	the	2.46696
1060	2	accountant	18.0479
1060	3	knew	14.5414
1060	4	who	6.5865
1060	5	the	4.19838
1060	6	security	12.3762
1060	7	guard	6.83755
1060	8	believed	13.6357
1060	9	his	6.52022
1060	10	friend	9.1042
1060	11	knew	13.3384
1060	12	the	4.27224
1060	13	assistant	14.5561
1060	14	reported	14.1248
1060	15	the	4.76018
1060	16	secretary	13.085
1060	17	could	11.3299
1060	18	introduce	12.1388
1060	19	the	4.75639
1060	20	new	9.28143
1060	21	woman	10.3057
1060	22	to	5.18855
1060	23	her	8.65731
1060	24	friend	8.33575
1060	25	.	5.01135
1060	26	</s>	24.8218
1061	1	i	8.92268
1061	2	know	6.35939
1061	3	that	3.01867
1061	4	will	8.78715
1061	5	throw	12.0
1061	6	the	5.0503
1061	7	plastic	14.25
1061	8	into	10.8086
1061	9	the	3.06669
1061	10	trash	14.7837
1061	11	can	4.46141
1061	12	.	3.06211
1061	13	</s>	23.6519
1062	1	i	8.92268
1062	2	know	6.35939
1062	3	that	3.01867
1062	4	your	9.03142
1062	5	friend	9.03406
1062	6	will	10.899
1062	7	throw	11.6101
1062	8	the	5.0503
1062	9	plastic	14.25
1062	10	into	10.8086
1062	11	the	3.06669
1062	12	trash	14.7837
1062	13	can	4.46141
1062	14	.	3.06211
1062	15	</s>	23.6519
1063	1	i	8.92268
1063	2	know	6.35939
1063	3	who	6.55265
1063	4	will	8.2859
1063	5	throw	11.7761
1063	6	the	5.0503
1063	7	plastic	14.25
1063	8	into	10.8086
1063	9	the	3.06669
1063	10	trash	14.7837
1063	11	can	4.46141
1063	12	.	3.06211
1063	13	</s>	23.6519
1064	1	i	8.92268
1064	2	know	6.35939
1064	3	who	6.55265
1064	4	your	15.3251
1064	5	friend	9.0128
1064	6	will	10.899
1064	7	throw	11.6101
1064	8	the	5.0503
1064	9	plastic	14.25
1064	10	into	10.8086
1064	11	the	3.06669
1064	12	trash	14.7837
1064	13	can	4.46141
1064	14	.	3.06211
1064	15	</s>	23.6519
1065	1	i	8.92268
1065	2	know	6.35939
1065	3	that	3.01867
1065	4	our	9.03142
1065	5	mother	10.0931
1065	6	said	9.9453
1065	7	will	11.0609
1065	8	throw	11.6259
1065	9	the	5.0503
1065	10	plastic	14.25
1065	11	into	10.8086
1065	12	the	3.06669
1065	13	trash	14.7837
1065	14	can	4.46141
1065	15	.	3.06211
1065	16	</s>	23.6519
1066	1	i	8.92268
1066	2	know	6.35939
1066	3	that	3.01867
1066	4	our	9.03142
1066	5	mother	10.0931
1066	6	said	9.9453
1066	7	your	15.38
1066	8	friend	9.0128
1066	9	will	10.899
1066	10	throw	11.6101
1066	11	the	5.0503
1066	12	plastic	14.25
1066	13	into	10.8086
1066	14	the	3.06669
1066	15	trash	14.7837
1066	16	can	4.46141
1066	17	.	3.06211
1066	18	</s>	23.6519
1067	1	i	8.92268
1067	2	know	6.35939
1067	3	who	6.55265
1067	4	our	15.3251
1067	5	mother	9.95471
1067	6	said	9.9453
1067	7	will	11.0609
1067	8	throw	11.6259
1067	9	the	5.0503
1067	10	plastic	14.25
1067	11	into	10.8086
1067	12	the	3.06669
1067	13	trash	14.7837
1067	14	can	4.46141
1067	15	.	3.06211
1067	16	</s>	23.6519
1068	1	i	8.92268
1068	2	know	6.35939
1068	3	who	6.55265
1068	4	our	15.3251
1068	5	mother	9.95471
1068	6	said	9.9453
1068	7	your	15.38
1068	8	friend	9.0128
1068	9	will	10.899
1068	10	throw	11.6101
1068	11	the	5.0503
1068	12	plastic	14.25
1068	13	into	10.8086
1068	14	the	3.06669
1068	15	trash	14.7837
1068	16	can	4.46141
1068	17	.	3.06211
1068	18	</s>	23.6519
1069	1	i	8.92268
1069	2	know	6.35939
1069	3	that	3.01867
1069	4	our	9.03142
1069	5	mother	10.0931
1069	6	said	9.9453
1069	7	her	8.58876
1069	8	friend	9.53134
1069	9	remarked	15.6711
1069	10	will	13.0706
1069	11	throw	11.6101
1069	12	the	5.0503
1069	13	plastic	14.25
1069	14	into	10.8086
1069	15	the	3.06669
1069	16	trash	14.7837
1069	17	can	4.46141
1069	18	.	3.06211
1069	19	</s>	23.6519
1070	1	i	8.92268
1070	2	know	6.35939
1070	3	that	3.01867
1070	4	our	9.03142
1070	5	mother	10.0931
1070	6	said	9.9453
1070	7	her	8.58876
1070	8	friend	9.53134
1070	9	remarked	15.6711
1070	10	your	16.1277
1070	11	friend	9.0128
1070	12	will	10.899
1070	13	throw	11.6101
1070	14	the	5.0503
1070	15	plastic	14.25
1070	16	into	10.8086
1070	17	the	3.06669
1070	18	trash	14.7837
1070	19	can	4.46141
1070	20	.	3.06211
1070	21	</s>	23.6519
1071	1	i	8.92268
1071	2	know	6.35939
1071	3	who	6.55265
1071	4	our	15.3251
1071	5	mother	9.95471
1071	6	said	9.9453
1071	7	her	8.58876
1071	8	friend	9.53134
1071	9	remarked	15.6711
1071	10	will	13.0706
1071	11	throw	11.6101
1071	12	the	5.0503
1071	13	plastic	14.25
1071	14	into	10.8086
1071	15	the	3.06669
1071	16	trash	14.7837
1071	17	can	4.46141
1071	18	.	3.06211
1071	19	</s>	23.6519
1072	1	i	8.92268
1072	2	know	6.35939
1072	3	who	6.55265
1072	4	our	15.3251
1072	5	mother	9.95471
1072	6	said	9.9453
1072	7	her	8.58876
1072	8	friend	9.53134
1072	9	remarked	15.6711
1072	10	your	16.1277
1072	11	friend	9.0128
1072	12	will	10.899
1072	13	throw	11.6101
1072	14	the	5.0503
1072	15	plastic	14.25
1072	16	into	10.8086
1072	17	the	3.06669
1072	18	trash	14.7837
1072	19	can	4.46141
1072	20	.	3.06211
1072	21	</s>	23.6519
1073	1	i	8.92268
1073	2	know	6.35939
1073	3	that	3.01867
1073	4	our	9.03142
1073	5	mother	10.0931
1073	6	said	9.9453
1073	7	her	8.58876
1073	8	friend	9.53134
1073	9	remarked	15.6711
1073	10	the	9.18833
1073	11	park	11.2248
1073	12	attendant	18.2286
1073	13	reported	13.0792
1073	14	will	11.7101
1073	15	throw	11.6101
1073	16	the	5.0503
1073	17	plastic	14.25
1073	18	into	10.8086
1073	19	the	3.06669
1073	20	trash	14.7837
1073	21	can	4.46141
1073	22	.	3.06211
1073	23	</s>	23.6519
1074	1	i	8.92268
1074	2	know	6.35939
1074	3	that	3.01867
1074	4	our	9.03142
1074	5	mother	10.0931
1074	6	said	9.9453
1074	7	her	8.58876
1074	8	friend	9.53134
1074	9	remarked	15.6711
1074	10	the	9.18833
1074	11	park	11.2248
1074	12	attendant	18.2286
1074	13	reported	13.0792
1074	14	your	14.7672
1074	15	friend	9.0128
1074	16	will	10.899
1074	17	throw	11.6101
1074	18	the	5.0503
1074	19	plastic	14.25
1074	20	into	10.8086
1074	21	the	3.06669
1074	22	trash	14.7837
1074	23	can	4.46141
1074	24	.	3.06211
1074	25	</s>	23.6519
1075	1	i	8.92268
1075	2	know	6.35939
1075	3	who	6.55265
1075	4	our	15.3251
1075	5	mother	9.95471
1075	6	said	9.9453
1075	7	her	8.58876
1075	8	friend	9.53134
1075	9	remarked	15.6711
1075	10	the	9.18833
1075	11	park	11.2248
1075	12	attendant	18.2286
1075	13	reported	13.0792
1075	14	will	11.7101
1075	15	throw	11.6101
1075	16	the	5.0503
1075	17	plastic	14.25
1075	18	into	10.8086
1075	19	the	3.06669
1075	20	trash	14.7837
1075	21	can	4.46141
1075	22	.	3.06211
1075	23	</s>	23.6519
1076	1	i	8.92268
1076	2	know	6.35939
1076	3	who	6.55265
1076	4	our	15.3251
1076	5	mother	9.95471
1076	6	said	9.9453
1076	7	her	8.58876
1076	8	friend	9.53134
1076	9	remarked	15.6711
1076	10	the	9.18833
1076	11	park	11.2248
1076	12	attendant	18.2286
1076	13	reported	13.0792
1076	14	your	14.7672
1076	15	friend	9.0128
1076	16	will	10.899
1076	17	throw	11.6101
1076	18	the	5.0503
1076	19	plastic	14.25
1076	20	into	10.8086
1076	21	the	3.06669
1076	22	trash	14.7837
1076	23	can	4.46141
1076	24	.	3.06211
1076	25	</s>	23.6519
1077	1	i	8.92268
1077	2	know	6.35939
1077	3	that	3.01867
1077	4	our	9.03142
1077	5	mother	10.0931
1077	6	said	9.9453
1077	7	her	8.58876
1077	8	friend	9.53134
1077	9	remarked	15.6711
1077	10	the	9.18833
1077	11	park	11.2248
1077	12	attendant	18.2286
1077	13	reported	13.0792
1077	14	will	11.7101
1077	15	throw	11.6101
1077	16	the	5.0503
1077	17	plastic	14.25
1077	18	into	10.8086
1077	19	the	3.06669
1077	20	trash	14.7837
1077	21	can	4.46141
1077	22	.	3.06211
1077	23	</s>	23.6519
1078	1	i	8.92268
1078	2	know	6.35939
1078	3	that	3.01867
1078	4	our	9.03142
1078	5	mother	10.0931
1078	6	said	9.9453
1078	7	her	8.58876
1078	8	friend	9.53134
1078	9	remarked	15.6711
1078	10	the	9.18833
1078	11	park	11.2248
1078	12	attendant	18.2286
1078	13	reported	13.0792
1078	14	your	14.7672
1078	15	friend	9.0128
1078	16	will	10.899
1078	17	throw	11.6101
1078	18	the	5.0503
1078	19	plastic	14.25
1078	20	into	10.8086
1078	21	the	3.06669
1078	22	trash	14.7837
1078	23	can	4.46141
1078	24	.	3.06211
1078	25	</s>	23.6519
1079	1	i	8.92268
1079	2	know	6.35939
1079	3	who	6.55265
1079	4	our	15.3251
1079	5	mother	9.95471
1079	6	said	9.9453
1079	7	her	8.58876
1079	8	friend	9.53134
1079	9	remarked	15.6711
1079	10	the	9.18833
1079	11	park	11.2248
1079	12	attendant	18.2286
1079	13	reported	13.0792
1079	14	will	11.7101
1079	15	throw	11.6101
1079	16	the	5.0503
1079	17	plastic	14.25
1079	18	into	10.8086
1079	19	the	3.06669
1079	20	trash	14.7837
1079	21	can	4.46141
1079	22	.	3.06211
1079	23	</s>	23.6519
1080	1	i	8.92268
1080	2	know	6.35939
1080	3	who	6.55265
1080	4	our	15.3251
1080	5	mother	9.95471
1080	6	said	9.9453
1080	7	her	8.58876
1080	8	friend	9.53134
1080	9	remarked	15.6711
1080	10	the	9.18833
1080	11	park	11.2248
1080	12	attendant	18.2286
1080	13	reported	13.0792
1080	14	your	14.7672
1080	15	friend	9.0128
1080	16	will	10.899
1080	17	throw	11.6101
1080	18	the	5.0503
1080	19	plastic	14.25
1080	20	into	10.8086
1080	21	the	3.06669
1080	22	trash	14.7837
1080	23	can	4.46141
1080	24	.	3.06211
1080	25	</s>	23.6519
