sentence_group,wh,gap,levels_of_embedding,condition,main_clause,complementiser,embedding_1,embedding_2,embedding_3,embedding_4,subject,verb,object,continuation
54,no,yes,0,-wh_gap,They reported,that,,,,,,could have promoted,the accountant,last quarter.
54,no,no,0,-wh_no_gap,They reported,that,,,,,the boss,could have promoted,the accountant,last quarter.
54,yes,yes,0,+wh_gap,They reported,who,,,,,,could have promoted,the accountant,last quarter.
54,yes,no,0,+wh_no_gap,They reported,who,,,,,the boss,could have promoted,the accountant,last quarter.
54,no,yes,1,-wh_gap,They reported,that,the man said,,,,,could have promoted,the accountant,last quarter.
54,no,no,1,-wh_no_gap,They reported,that,the man said,,,,the boss,could have promoted,the accountant,last quarter.
54,yes,yes,1,+wh_gap,They reported,who,the man said,,,,,could have promoted,the accountant,last quarter.
54,yes,no,1,+wh_no_gap,They reported,who,the man said,,,,the boss,could have promoted,the accountant,last quarter.
54,no,yes,2,-wh_gap,They reported,that,the man said,the old woman told him,,,,could have promoted,the accountant,last quarter.
54,no,no,2,-wh_no_gap,They reported,that,the man said,the old woman told him,,,the boss,could have promoted,the accountant,last quarter.
54,yes,yes,2,+wh_gap,They reported,who,the man said,the old woman told him,,,,could have promoted,the accountant,last quarter.
54,yes,no,2,+wh_no_gap,They reported,who,the man said,the old woman told him,,,the boss,could have promoted,the accountant,last quarter.
54,no,yes,3,-wh_gap,They reported,that,the man said,the old woman told him,she knew,,,could have promoted,the accountant,last quarter.
54,no,no,3,-wh_no_gap,They reported,that,the man said,the old woman told him,she knew,,the boss,could have promoted,the accountant,last quarter.
54,yes,yes,3,+wh_gap,They reported,who,the man said,the old woman told him,she knew,,,could have promoted,the accountant,last quarter.
54,yes,no,3,+wh_no_gap,They reported,who,the man said,the old woman told him,she knew,,the boss,could have promoted,the accountant,last quarter.
54,no,yes,4,-wh_gap,They reported,that,the man said,the old woman told him,she knew,he noticed,,could have promoted,the accountant,last quarter.
54,no,no,4,-wh_no_gap,They reported,that,the man said,the old woman told him,she knew,he noticed,the boss,could have promoted,the accountant,last quarter.
54,yes,yes,4,+wh_gap,They reported,who,the man said,the old woman told him,she knew,he noticed,,could have promoted,the accountant,last quarter.
54,yes,no,4,+wh_no_gap,They reported,who,the man said,the old woman told him,she knew,he noticed,the boss,could have promoted,the accountant,last quarter.
53,no,yes,0,-wh_gap,He reported,that,,,,,,could abandon,his comrades,on the sinking ship.
53,no,no,0,-wh_no_gap,He reported,that,,,,,the pirate,could abandon,his comrades,on the sinking ship.
53,yes,yes,0,+wh_gap,He reported,who,,,,,,could abandon,his comrades,on the sinking ship.
53,yes,no,0,+wh_no_gap,He reported,who,,,,,the pirate,could abandon,his comrades,on the sinking ship.
53,no,yes,1,-wh_gap,He reported,that,the sailor believed,,,,,could abandon,his comrades,on the sinking ship.
53,no,no,1,-wh_no_gap,He reported,that,the sailor believed,,,,the pirate,could abandon,his comrades,on the sinking ship.
53,yes,yes,1,+wh_gap,He reported,who,the sailor believed,,,,,could abandon,his comrades,on the sinking ship.
53,yes,no,1,+wh_no_gap,He reported,who,the sailor believed,,,,the pirate,could abandon,his comrades,on the sinking ship.
53,no,yes,2,-wh_gap,He reported,that,the sailor believed,the man believed,,,,could abandon,his comrades,on the sinking ship.
53,no,no,2,-wh_no_gap,He reported,that,the sailor believed,the man believed,,,the pirate,could abandon,his comrades,on the sinking ship.
53,yes,yes,2,+wh_gap,He reported,who,the sailor believed,the man believed,,,,could abandon,his comrades,on the sinking ship.
53,yes,no,2,+wh_no_gap,He reported,who,the sailor believed,the man believed,,,the pirate,could abandon,his comrades,on the sinking ship.
53,no,yes,3,-wh_gap,He reported,that,the sailor believed,the man believed,he knew,,,could abandon,his comrades,on the sinking ship.
53,no,no,3,-wh_no_gap,He reported,that,the sailor believed,the man believed,he knew,,the pirate,could abandon,his comrades,on the sinking ship.
53,yes,yes,3,+wh_gap,He reported,who,the sailor believed,the man believed,he knew,,,could abandon,his comrades,on the sinking ship.
53,yes,no,3,+wh_no_gap,He reported,who,the sailor believed,the man believed,he knew,,the pirate,could abandon,his comrades,on the sinking ship.
53,no,yes,4,-wh_gap,He reported,that,the sailor believed,the man believed,he knew,the man saw,,could abandon,his comrades,on the sinking ship.
53,no,no,4,-wh_no_gap,He reported,that,the sailor believed,the man believed,he knew,the man saw,the pirate,could abandon,his comrades,on the sinking ship.
53,yes,yes,4,+wh_gap,He reported,who,the sailor believed,the man believed,he knew,the man saw,,could abandon,his comrades,on the sinking ship.
53,yes,no,4,+wh_no_gap,He reported,who,the sailor believed,the man believed,he knew,the man saw,the pirate,could abandon,his comrades,on the sinking ship.
52,no,yes,0,-wh_gap,They know,that,,,,,,might have reassured,his client,last night.
52,no,no,0,-wh_no_gap,They know,that,,,,,the lawyer,might have reassured,his client,last night.
52,yes,yes,0,+wh_gap,They know,who,,,,,,might have reassured,his client,last night.
52,yes,no,0,+wh_no_gap,They know,who,,,,,the lawyer,might have reassured,his client,last night.
52,no,yes,1,-wh_gap,They know,that,the man said,,,,,might have reassured,his client,last night.
52,no,no,1,-wh_no_gap,They know,that,the man said,,,,the lawyer,might have reassured,his client,last night.
52,yes,yes,1,+wh_gap,They know,who,the man said,,,,,might have reassured,his client,last night.
52,yes,no,1,+wh_no_gap,They know,who,the man said,,,,the lawyer,might have reassured,his client,last night.
52,no,yes,2,-wh_gap,They know,that,the man said,the neighbors thought,,,,might have reassured,his client,last night.
52,no,no,2,-wh_no_gap,They know,that,the man said,the neighbors thought,,,the lawyer,might have reassured,his client,last night.
52,yes,yes,2,+wh_gap,They know,who,the man said,the neighbors thought,,,,might have reassured,his client,last night.
52,yes,no,2,+wh_no_gap,They know,who,the man said,the neighbors thought,,,the lawyer,might have reassured,his client,last night.
52,no,yes,3,-wh_gap,They know,that,the man said,the neighbors thought,they knew,,,might have reassured,his client,last night.
52,no,no,3,-wh_no_gap,They know,that,the man said,the neighbors thought,they knew,,the lawyer,might have reassured,his client,last night.
52,yes,yes,3,+wh_gap,They know,who,the man said,the neighbors thought,they knew,,,might have reassured,his client,last night.
52,yes,no,3,+wh_no_gap,They know,who,the man said,the neighbors thought,they knew,,the lawyer,might have reassured,his client,last night.
52,no,yes,4,-wh_gap,They know,that,the man said,the neighbors thought,they knew,the woman noticed,,might have reassured,his client,last night.
52,no,no,4,-wh_no_gap,They know,that,the man said,the neighbors thought,they knew,the woman noticed,the lawyer,might have reassured,his client,last night.
52,yes,yes,4,+wh_gap,They know,who,the man said,the neighbors thought,they knew,the woman noticed,,might have reassured,his client,last night.
52,yes,no,4,+wh_no_gap,They know,who,the man said,the neighbors thought,they knew,the woman noticed,the lawyer,might have reassured,his client,last night.
51,no,yes,0,-wh_gap,She knows,that,,,,,,should thank,the cook,in the mess hall.
51,no,no,0,-wh_no_gap,She knows,that,,,,,the soldier,should thank,the cook,in the mess hall.
51,yes,yes,0,+wh_gap,She knows,who,,,,,,should thank,the cook,in the mess hall.
51,yes,no,0,+wh_no_gap,She knows,who,,,,,the soldier,should thank,the cook,in the mess hall.
51,no,yes,1,-wh_gap,She knows,that,the captain said,,,,,should thank,the cook,in the mess hall.
51,no,no,1,-wh_no_gap,She knows,that,the captain said,,,,the soldier,should thank,the cook,in the mess hall.
51,yes,yes,1,+wh_gap,She knows,who,the captain said,,,,,should thank,the cook,in the mess hall.
51,yes,no,1,+wh_no_gap,She knows,who,the captain said,,,,the soldier,should thank,the cook,in the mess hall.
51,no,yes,2,-wh_gap,She knows,that,the captain said,the pilot thought,,,,should thank,the cook,in the mess hall.
51,no,no,2,-wh_no_gap,She knows,that,the captain said,the pilot thought,,,the soldier,should thank,the cook,in the mess hall.
51,yes,yes,2,+wh_gap,She knows,who,the captain said,the pilot thought,,,,should thank,the cook,in the mess hall.
51,yes,no,2,+wh_no_gap,She knows,who,the captain said,the pilot thought,,,the soldier,should thank,the cook,in the mess hall.
51,no,yes,3,-wh_gap,She knows,that,the captain said,the pilot thought,he knew,,,should thank,the cook,in the mess hall.
51,no,no,3,-wh_no_gap,She knows,that,the captain said,the pilot thought,he knew,,the soldier,should thank,the cook,in the mess hall.
51,yes,yes,3,+wh_gap,She knows,who,the captain said,the pilot thought,he knew,,,should thank,the cook,in the mess hall.
51,yes,no,3,+wh_no_gap,She knows,who,the captain said,the pilot thought,he knew,,the soldier,should thank,the cook,in the mess hall.
51,no,yes,4,-wh_gap,She knows,that,the captain said,the pilot thought,he knew,the man saw,,should thank,the cook,in the mess hall.
51,no,no,4,-wh_no_gap,She knows,that,the captain said,the pilot thought,he knew,the man saw,the soldier,should thank,the cook,in the mess hall.
51,yes,yes,4,+wh_gap,She knows,who,the captain said,the pilot thought,he knew,the man saw,,should thank,the cook,in the mess hall.
51,yes,no,4,+wh_no_gap,She knows,who,the captain said,the pilot thought,he knew,the man saw,the soldier,should thank,the cook,in the mess hall.
50,no,yes,0,-wh_gap,He knows,that,,,,,,might interrogate,the suspect,in the basement.
50,no,no,0,-wh_no_gap,He knows,that,,,,,the police,might interrogate,the suspect,in the basement.
50,yes,yes,0,+wh_gap,He knows,who,,,,,,might interrogate,the suspect,in the basement.
50,yes,no,0,+wh_no_gap,He knows,who,,,,,the police,might interrogate,the suspect,in the basement.
50,no,yes,1,-wh_gap,He knows,that,the inspector believed,,,,,might interrogate,the suspect,in the basement.
50,no,no,1,-wh_no_gap,He knows,that,the inspector believed,,,,the police,might interrogate,the suspect,in the basement.
50,yes,yes,1,+wh_gap,He knows,who,the inspector believed,,,,,might interrogate,the suspect,in the basement.
50,yes,no,1,+wh_no_gap,He knows,who,the inspector believed,,,,the police,might interrogate,the suspect,in the basement.
50,no,yes,2,-wh_gap,He knows,that,the inspector believed,the man reported,,,,might interrogate,the suspect,in the basement.
50,no,no,2,-wh_no_gap,He knows,that,the inspector believed,the man reported,,,the police,might interrogate,the suspect,in the basement.
50,yes,yes,2,+wh_gap,He knows,who,the inspector believed,the man reported,,,,might interrogate,the suspect,in the basement.
50,yes,no,2,+wh_no_gap,He knows,who,the inspector believed,the man reported,,,the police,might interrogate,the suspect,in the basement.
50,no,yes,3,-wh_gap,He knows,that,the inspector believed,the man reported,he knew,,,might interrogate,the suspect,in the basement.
50,no,no,3,-wh_no_gap,He knows,that,the inspector believed,the man reported,he knew,,the police,might interrogate,the suspect,in the basement.
50,yes,yes,3,+wh_gap,He knows,who,the inspector believed,the man reported,he knew,,,might interrogate,the suspect,in the basement.
50,yes,no,3,+wh_no_gap,He knows,who,the inspector believed,the man reported,he knew,,the police,might interrogate,the suspect,in the basement.
50,no,yes,4,-wh_gap,He knows,that,the inspector believed,the man reported,he knew,he noticed,,might interrogate,the suspect,in the basement.
50,no,no,4,-wh_no_gap,He knows,that,the inspector believed,the man reported,he knew,he noticed,the police,might interrogate,the suspect,in the basement.
50,yes,yes,4,+wh_gap,He knows,who,the inspector believed,the man reported,he knew,he noticed,,might interrogate,the suspect,in the basement.
50,yes,no,4,+wh_no_gap,He knows,who,the inspector believed,the man reported,he knew,he noticed,the police,might interrogate,the suspect,in the basement.
49,no,yes,0,-wh_gap,You know,that,,,,,,was waiting for,her mother,at the movie theater.
49,no,no,0,-wh_no_gap,You know,that,,,,,the young woman,was waiting for,her mother,at the movie theater.
49,yes,yes,0,+wh_gap,You know,who,,,,,,was waiting for,her mother,at the movie theater.
49,yes,no,0,+wh_no_gap,You know,who,,,,,the young woman,was waiting for,her mother,at the movie theater.
49,no,yes,1,-wh_gap,You know,that,the man said,,,,,was waiting for,her mother,at the movie theater.
49,no,no,1,-wh_no_gap,You know,that,the man said,,,,the young woman,was waiting for,her mother,at the movie theater.
49,yes,yes,1,+wh_gap,You know,who,the man said,,,,,was waiting for,her mother,at the movie theater.
49,yes,no,1,+wh_no_gap,You know,who,the man said,,,,the young woman,was waiting for,her mother,at the movie theater.
49,no,yes,2,-wh_gap,You know,that,the man said,the attendant saw,,,,was waiting for,her mother,at the movie theater.
49,no,no,2,-wh_no_gap,You know,that,the man said,the attendant saw,,,the young woman,was waiting for,her mother,at the movie theater.
49,yes,yes,2,+wh_gap,You know,who,the man said,the attendant saw,,,,was waiting for,her mother,at the movie theater.
49,yes,no,2,+wh_no_gap,You know,who,the man said,the attendant saw,,,the young woman,was waiting for,her mother,at the movie theater.
49,no,yes,3,-wh_gap,You know,that,the man said,the attendant saw,her friend knew,,,was waiting for,her mother,at the movie theater.
49,no,no,3,-wh_no_gap,You know,that,the man said,the attendant saw,her friend knew,,the young woman,was waiting for,her mother,at the movie theater.
49,yes,yes,3,+wh_gap,You know,who,the man said,the attendant saw,her friend knew,,,was waiting for,her mother,at the movie theater.
49,yes,no,3,+wh_no_gap,You know,who,the man said,the attendant saw,her friend knew,,the young woman,was waiting for,her mother,at the movie theater.
49,no,yes,4,-wh_gap,You know,that,the man said,the attendant saw,her friend knew,his father saw,,was waiting for,her mother,at the movie theater.
49,no,no,4,-wh_no_gap,You know,that,the man said,the attendant saw,her friend knew,his father saw,the young woman,was waiting for,her mother,at the movie theater.
49,yes,yes,4,+wh_gap,You know,who,the man said,the attendant saw,her friend knew,his father saw,,was waiting for,her mother,at the movie theater.
49,yes,no,4,+wh_no_gap,You know,who,the man said,the attendant saw,her friend knew,his father saw,the young woman,was waiting for,her mother,at the movie theater.
48,no,yes,0,-wh_gap,I know,that,,,,,,could introduce,her friend,to the regular customer.
48,no,no,0,-wh_no_gap,I know,that,,,,,the hostess,could introduce,her friend,to the regular customer.
48,yes,yes,0,+wh_gap,I know,who,,,,,,could introduce,her friend,to the regular customer.
48,yes,no,0,+wh_no_gap,I know,who,,,,,the hostess,could introduce,her friend,to the regular customer.
48,no,yes,1,-wh_gap,I know,that,the heiress believed,,,,,could introduce,her friend,to the regular customer.
48,no,no,1,-wh_no_gap,I know,that,the heiress believed,,,,the hostess,could introduce,her friend,to the regular customer.
48,yes,yes,1,+wh_gap,I know,who,the heiress believed,,,,,could introduce,her friend,to the regular customer.
48,yes,no,1,+wh_no_gap,I know,who,the heiress believed,,,,the hostess,could introduce,her friend,to the regular customer.
48,no,yes,2,-wh_gap,I know,that,the heiress believed,her friend said,,,,could introduce,her friend,to the regular customer.
48,no,no,2,-wh_no_gap,I know,that,the heiress believed,her friend said,,,the hostess,could introduce,her friend,to the regular customer.
48,yes,yes,2,+wh_gap,I know,who,the heiress believed,her friend said,,,,could introduce,her friend,to the regular customer.
48,yes,no,2,+wh_no_gap,I know,who,the heiress believed,her friend said,,,the hostess,could introduce,her friend,to the regular customer.
48,no,yes,3,-wh_gap,I know,that,the heiress believed,her friend said,she knew,,,could introduce,her friend,to the regular customer.
48,no,no,3,-wh_no_gap,I know,that,the heiress believed,her friend said,she knew,,the hostess,could introduce,her friend,to the regular customer.
48,yes,yes,3,+wh_gap,I know,who,the heiress believed,her friend said,she knew,,,could introduce,her friend,to the regular customer.
48,yes,no,3,+wh_no_gap,I know,who,the heiress believed,her friend said,she knew,,the hostess,could introduce,her friend,to the regular customer.
48,no,yes,4,-wh_gap,I know,that,the heiress believed,her friend said,she knew,the man noticed,,could introduce,her friend,to the regular customer.
48,no,no,4,-wh_no_gap,I know,that,the heiress believed,her friend said,she knew,the man noticed,the hostess,could introduce,her friend,to the regular customer.
48,yes,yes,4,+wh_gap,I know,who,the heiress believed,her friend said,she knew,the man noticed,,could introduce,her friend,to the regular customer.
48,yes,no,4,+wh_no_gap,I know,who,the heiress believed,her friend said,she knew,the man noticed,the hostess,could introduce,her friend,to the regular customer.
47,no,yes,0,-wh_gap,She knows,that,,,,,,could congratulate,the writer,after the ceremony.
47,no,no,0,-wh_no_gap,She knows,that,,,,,the man,could congratulate,the writer,after the ceremony.
47,yes,yes,0,+wh_gap,She knows,who,,,,,,could congratulate,the writer,after the ceremony.
47,yes,no,0,+wh_no_gap,She knows,who,,,,,the man,could congratulate,the writer,after the ceremony.
47,no,yes,1,-wh_gap,She knows,that,the woman said,,,,,could congratulate,the writer,after the ceremony.
47,no,no,1,-wh_no_gap,She knows,that,the woman said,,,,the man,could congratulate,the writer,after the ceremony.
47,yes,yes,1,+wh_gap,She knows,who,the woman said,,,,,could congratulate,the writer,after the ceremony.
47,yes,no,1,+wh_no_gap,She knows,who,the woman said,,,,the man,could congratulate,the writer,after the ceremony.
47,no,yes,2,-wh_gap,She knows,that,the woman said,her friend believed,,,,could congratulate,the writer,after the ceremony.
47,no,no,2,-wh_no_gap,She knows,that,the woman said,her friend believed,,,the man,could congratulate,the writer,after the ceremony.
47,yes,yes,2,+wh_gap,She knows,who,the woman said,her friend believed,,,,could congratulate,the writer,after the ceremony.
47,yes,no,2,+wh_no_gap,She knows,who,the woman said,her friend believed,,,the man,could congratulate,the writer,after the ceremony.
47,no,yes,3,-wh_gap,She knows,that,the woman said,her friend believed,she knew,,,could congratulate,the writer,after the ceremony.
47,no,no,3,-wh_no_gap,She knows,that,the woman said,her friend believed,she knew,,the man,could congratulate,the writer,after the ceremony.
47,yes,yes,3,+wh_gap,She knows,who,the woman said,her friend believed,she knew,,,could congratulate,the writer,after the ceremony.
47,yes,no,3,+wh_no_gap,She knows,who,the woman said,her friend believed,she knew,,the man,could congratulate,the writer,after the ceremony.
47,no,yes,4,-wh_gap,She knows,that,the woman said,her friend believed,she knew,the man saw,,could congratulate,the writer,after the ceremony.
47,no,no,4,-wh_no_gap,She knows,that,the woman said,her friend believed,she knew,the man saw,the man,could congratulate,the writer,after the ceremony.
47,yes,yes,4,+wh_gap,She knows,who,the woman said,her friend believed,she knew,the man saw,,could congratulate,the writer,after the ceremony.
47,yes,no,4,+wh_no_gap,She knows,who,the woman said,her friend believed,she knew,the man saw,the man,could congratulate,the writer,after the ceremony.
46,no,yes,0,-wh_gap,He knows,that,,,,,,should support,the principal,during the town meeting.
46,no,no,0,-wh_no_gap,He knows,that,,,,,the mayor,should support,the principal,during the town meeting.
46,yes,yes,0,+wh_gap,He knows,who,,,,,,should support,the principal,during the town meeting.
46,yes,no,0,+wh_no_gap,He knows,who,,,,,the mayor,should support,the principal,during the town meeting.
46,no,yes,1,-wh_gap,He knows,that,the politician believed,,,,,should support,the principal,during the town meeting.
46,no,no,1,-wh_no_gap,He knows,that,the politician believed,,,,the mayor,should support,the principal,during the town meeting.
46,yes,yes,1,+wh_gap,He knows,who,the politician believed,,,,,should support,the principal,during the town meeting.
46,yes,no,1,+wh_no_gap,He knows,who,the politician believed,,,,the mayor,should support,the principal,during the town meeting.
46,no,yes,2,-wh_gap,He knows,that,the politician believed,the donors said,,,,should support,the principal,during the town meeting.
46,no,no,2,-wh_no_gap,He knows,that,the politician believed,the donors said,,,the mayor,should support,the principal,during the town meeting.
46,yes,yes,2,+wh_gap,He knows,who,the politician believed,the donors said,,,,should support,the principal,during the town meeting.
46,yes,no,2,+wh_no_gap,He knows,who,the politician believed,the donors said,,,the mayor,should support,the principal,during the town meeting.
46,no,yes,3,-wh_gap,He knows,that,the politician believed,the donors said,they knew,,,should support,the principal,during the town meeting.
46,no,no,3,-wh_no_gap,He knows,that,the politician believed,the donors said,they knew,,the mayor,should support,the principal,during the town meeting.
46,yes,yes,3,+wh_gap,He knows,who,the politician believed,the donors said,they knew,,,should support,the principal,during the town meeting.
46,yes,no,3,+wh_no_gap,He knows,who,the politician believed,the donors said,they knew,,the mayor,should support,the principal,during the town meeting.
46,no,yes,4,-wh_gap,He knows,that,the politician believed,the donors said,they knew,he noticed,,should support,the principal,during the town meeting.
46,no,no,4,-wh_no_gap,He knows,that,the politician believed,the donors said,they knew,he noticed,the mayor,should support,the principal,during the town meeting.
46,yes,yes,4,+wh_gap,He knows,who,the politician believed,the donors said,they knew,he noticed,,should support,the principal,during the town meeting.
46,yes,no,4,+wh_no_gap,He knows,who,the politician believed,the donors said,they knew,he noticed,the mayor,should support,the principal,during the town meeting.
45,no,yes,0,-wh_gap,You know,that,,,,,,did greet,the teacher,on the sidewalk.
45,no,no,0,-wh_no_gap,You know,that,,,,,the firefighter,did greet,the teacher,on the sidewalk.
45,yes,yes,0,+wh_gap,You know,who,,,,,,did greet,the teacher,on the sidewalk.
45,yes,no,0,+wh_no_gap,You know,who,,,,,the firefighter,did greet,the teacher,on the sidewalk.
45,no,yes,1,-wh_gap,You know,that,the woman reported,,,,,did greet,the teacher,on the sidewalk.
45,no,no,1,-wh_no_gap,You know,that,the woman reported,,,,the firefighter,did greet,the teacher,on the sidewalk.
45,yes,yes,1,+wh_gap,You know,who,the woman reported,,,,,did greet,the teacher,on the sidewalk.
45,yes,no,1,+wh_no_gap,You know,who,the woman reported,,,,the firefighter,did greet,the teacher,on the sidewalk.
45,no,yes,2,-wh_gap,You know,that,the woman reported,the neighbors believed,,,,did greet,the teacher,on the sidewalk.
45,no,no,2,-wh_no_gap,You know,that,the woman reported,the neighbors believed,,,the firefighter,did greet,the teacher,on the sidewalk.
45,yes,yes,2,+wh_gap,You know,who,the woman reported,the neighbors believed,,,,did greet,the teacher,on the sidewalk.
45,yes,no,2,+wh_no_gap,You know,who,the woman reported,the neighbors believed,,,the firefighter,did greet,the teacher,on the sidewalk.
45,no,yes,3,-wh_gap,You know,that,the woman reported,the neighbors believed,they knew,,,did greet,the teacher,on the sidewalk.
45,no,no,3,-wh_no_gap,You know,that,the woman reported,the neighbors believed,they knew,,the firefighter,did greet,the teacher,on the sidewalk.
45,yes,yes,3,+wh_gap,You know,who,the woman reported,the neighbors believed,they knew,,,did greet,the teacher,on the sidewalk.
45,yes,no,3,+wh_no_gap,You know,who,the woman reported,the neighbors believed,they knew,,the firefighter,did greet,the teacher,on the sidewalk.
45,no,yes,4,-wh_gap,You know,that,the woman reported,the neighbors believed,they knew,they saw,,did greet,the teacher,on the sidewalk.
45,no,no,4,-wh_no_gap,You know,that,the woman reported,the neighbors believed,they knew,they saw,the firefighter,did greet,the teacher,on the sidewalk.
45,yes,yes,4,+wh_gap,You know,who,the woman reported,the neighbors believed,they knew,they saw,,did greet,the teacher,on the sidewalk.
45,yes,no,4,+wh_no_gap,You know,who,the woman reported,the neighbors believed,they knew,they saw,the firefighter,did greet,the teacher,on the sidewalk.
44,no,yes,0,-wh_gap,I know,that,,,,,,might have assassinated,the politician,yesterday night.
44,no,no,0,-wh_no_gap,I know,that,,,,,the spy,might have assassinated,the politician,yesterday night.
44,yes,yes,0,+wh_gap,I know,who,,,,,,might have assassinated,the politician,yesterday night.
44,yes,no,0,+wh_no_gap,I know,who,,,,,the spy,might have assassinated,the politician,yesterday night.
44,no,yes,1,-wh_gap,I know,that,the agent thought,,,,,might have assassinated,the politician,yesterday night.
44,no,no,1,-wh_no_gap,I know,that,the agent thought,,,,the spy,might have assassinated,the politician,yesterday night.
44,yes,yes,1,+wh_gap,I know,who,the agent thought,,,,,might have assassinated,the politician,yesterday night.
44,yes,no,1,+wh_no_gap,I know,who,the agent thought,,,,the spy,might have assassinated,the politician,yesterday night.
44,no,yes,2,-wh_gap,I know,that,the agent thought,the witness said,,,,might have assassinated,the politician,yesterday night.
44,no,no,2,-wh_no_gap,I know,that,the agent thought,the witness said,,,the spy,might have assassinated,the politician,yesterday night.
44,yes,yes,2,+wh_gap,I know,who,the agent thought,the witness said,,,,might have assassinated,the politician,yesterday night.
44,yes,no,2,+wh_no_gap,I know,who,the agent thought,the witness said,,,the spy,might have assassinated,the politician,yesterday night.
44,no,yes,3,-wh_gap,I know,that,the agent thought,the witness said,he knew,,,might have assassinated,the politician,yesterday night.
44,no,no,3,-wh_no_gap,I know,that,the agent thought,the witness said,he knew,,the spy,might have assassinated,the politician,yesterday night.
44,yes,yes,3,+wh_gap,I know,who,the agent thought,the witness said,he knew,,,might have assassinated,the politician,yesterday night.
44,yes,no,3,+wh_no_gap,I know,who,the agent thought,the witness said,he knew,,the spy,might have assassinated,the politician,yesterday night.
44,no,yes,4,-wh_gap,I know,that,the agent thought,the witness said,he knew,the man noticed,,might have assassinated,the politician,yesterday night.
44,no,no,4,-wh_no_gap,I know,that,the agent thought,the witness said,he knew,the man noticed,the spy,might have assassinated,the politician,yesterday night.
44,yes,yes,4,+wh_gap,I know,who,the agent thought,the witness said,he knew,the man noticed,,might have assassinated,the politician,yesterday night.
44,yes,no,4,+wh_no_gap,I know,who,the agent thought,the witness said,he knew,the man noticed,the spy,might have assassinated,the politician,yesterday night.
43,no,yes,0,-wh_gap,He recalled,that,,,,,,did frighten,the protesters,over the weekend.
43,no,no,0,-wh_no_gap,He recalled,that,,,,,the police,did frighten,the protesters,over the weekend.
43,yes,yes,0,+wh_gap,He recalled,who,,,,,,did frighten,the protesters,over the weekend.
43,yes,no,0,+wh_no_gap,He recalled,who,,,,,the police,did frighten,the protesters,over the weekend.
43,no,yes,1,-wh_gap,He recalled,that,the inspector believed,,,,,did frighten,the protesters,over the weekend.
43,no,no,1,-wh_no_gap,He recalled,that,the inspector believed,,,,the police,did frighten,the protesters,over the weekend.
43,yes,yes,1,+wh_gap,He recalled,who,the inspector believed,,,,,did frighten,the protesters,over the weekend.
43,yes,no,1,+wh_no_gap,He recalled,who,the inspector believed,,,,the police,did frighten,the protesters,over the weekend.
43,no,yes,2,-wh_gap,He recalled,that,the inspector believed,the detective concluded,,,,did frighten,the protesters,over the weekend.
43,no,no,2,-wh_no_gap,He recalled,that,the inspector believed,the detective concluded,,,the police,did frighten,the protesters,over the weekend.
43,yes,yes,2,+wh_gap,He recalled,who,the inspector believed,the detective concluded,,,,did frighten,the protesters,over the weekend.
43,yes,no,2,+wh_no_gap,He recalled,who,the inspector believed,the detective concluded,,,the police,did frighten,the protesters,over the weekend.
43,no,yes,3,-wh_gap,He recalled,that,the inspector believed,the detective concluded,he knew,,,did frighten,the protesters,over the weekend.
43,no,no,3,-wh_no_gap,He recalled,that,the inspector believed,the detective concluded,he knew,,the police,did frighten,the protesters,over the weekend.
43,yes,yes,3,+wh_gap,He recalled,who,the inspector believed,the detective concluded,he knew,,,did frighten,the protesters,over the weekend.
43,yes,no,3,+wh_no_gap,He recalled,who,the inspector believed,the detective concluded,he knew,,the police,did frighten,the protesters,over the weekend.
43,no,yes,4,-wh_gap,He recalled,that,the inspector believed,the detective concluded,he knew,the witness saw,,did frighten,the protesters,over the weekend.
43,no,no,4,-wh_no_gap,He recalled,that,the inspector believed,the detective concluded,he knew,the witness saw,the police,did frighten,the protesters,over the weekend.
43,yes,yes,4,+wh_gap,He recalled,who,the inspector believed,the detective concluded,he knew,the witness saw,,did frighten,the protesters,over the weekend.
43,yes,no,4,+wh_no_gap,He recalled,who,the inspector believed,the detective concluded,he knew,the witness saw,the police,did frighten,the protesters,over the weekend.
42,no,yes,0,-wh_gap,We recalled,that,,,,,,might have divorced,his wife,last week.
42,no,no,0,-wh_no_gap,We recalled,that,,,,,the millionaire,might have divorced,his wife,last week.
42,yes,yes,0,+wh_gap,We recalled,who,,,,,,might have divorced,his wife,last week.
42,yes,no,0,+wh_no_gap,We recalled,who,,,,,the millionaire,might have divorced,his wife,last week.
42,no,yes,1,-wh_gap,We recalled,that,the woman said,,,,,might have divorced,his wife,last week.
42,no,no,1,-wh_no_gap,We recalled,that,the woman said,,,,the millionaire,might have divorced,his wife,last week.
42,yes,yes,1,+wh_gap,We recalled,who,the woman said,,,,,might have divorced,his wife,last week.
42,yes,no,1,+wh_no_gap,We recalled,who,the woman said,,,,the millionaire,might have divorced,his wife,last week.
42,no,yes,2,-wh_gap,We recalled,that,the woman said,she thought,,,,might have divorced,his wife,last week.
42,no,no,2,-wh_no_gap,We recalled,that,the woman said,she thought,,,the millionaire,might have divorced,his wife,last week.
42,yes,yes,2,+wh_gap,We recalled,who,the woman said,she thought,,,,might have divorced,his wife,last week.
42,yes,no,2,+wh_no_gap,We recalled,who,the woman said,she thought,,,the millionaire,might have divorced,his wife,last week.
42,no,yes,3,-wh_gap,We recalled,that,the woman said,she thought,she knew,,,might have divorced,his wife,last week.
42,no,no,3,-wh_no_gap,We recalled,that,the woman said,she thought,she knew,,the millionaire,might have divorced,his wife,last week.
42,yes,yes,3,+wh_gap,We recalled,who,the woman said,she thought,she knew,,,might have divorced,his wife,last week.
42,yes,no,3,+wh_no_gap,We recalled,who,the woman said,she thought,she knew,,the millionaire,might have divorced,his wife,last week.
42,no,yes,4,-wh_gap,We recalled,that,the woman said,she thought,she knew,he saw,,might have divorced,his wife,last week.
42,no,no,4,-wh_no_gap,We recalled,that,the woman said,she thought,she knew,he saw,the millionaire,might have divorced,his wife,last week.
42,yes,yes,4,+wh_gap,We recalled,who,the woman said,she thought,she knew,he saw,,might have divorced,his wife,last week.
42,yes,no,4,+wh_no_gap,We recalled,who,the woman said,she thought,she knew,he saw,the millionaire,might have divorced,his wife,last week.
41,no,yes,0,-wh_gap,They recalled,that,,,,,,did promote,the secretary,last week.
41,no,no,0,-wh_no_gap,They recalled,that,,,,,the executive,did promote,the secretary,last week.
41,yes,yes,0,+wh_gap,They recalled,who,,,,,,did promote,the secretary,last week.
41,yes,no,0,+wh_no_gap,They recalled,who,,,,,the executive,did promote,the secretary,last week.
41,no,yes,1,-wh_gap,They recalled,that,the journalist believed,,,,,did promote,the secretary,last week.
41,no,no,1,-wh_no_gap,They recalled,that,the journalist believed,,,,the executive,did promote,the secretary,last week.
41,yes,yes,1,+wh_gap,They recalled,who,the journalist believed,,,,,did promote,the secretary,last week.
41,yes,no,1,+wh_no_gap,They recalled,who,the journalist believed,,,,the executive,did promote,the secretary,last week.
41,no,yes,2,-wh_gap,They recalled,that,the journalist believed,the transcript stated,,,,did promote,the secretary,last week.
41,no,no,2,-wh_no_gap,They recalled,that,the journalist believed,the transcript stated,,,the executive,did promote,the secretary,last week.
41,yes,yes,2,+wh_gap,They recalled,who,the journalist believed,the transcript stated,,,,did promote,the secretary,last week.
41,yes,no,2,+wh_no_gap,They recalled,who,the journalist believed,the transcript stated,,,the executive,did promote,the secretary,last week.
41,no,yes,3,-wh_gap,They recalled,that,the journalist believed,the transcript stated,he knew,,,did promote,the secretary,last week.
41,no,no,3,-wh_no_gap,They recalled,that,the journalist believed,the transcript stated,he knew,,the executive,did promote,the secretary,last week.
41,yes,yes,3,+wh_gap,They recalled,who,the journalist believed,the transcript stated,he knew,,,did promote,the secretary,last week.
41,yes,no,3,+wh_no_gap,They recalled,who,the journalist believed,the transcript stated,he knew,,the executive,did promote,the secretary,last week.
41,no,yes,4,-wh_gap,They recalled,that,the journalist believed,the transcript stated,he knew,the man noticed,,did promote,the secretary,last week.
41,no,no,4,-wh_no_gap,They recalled,that,the journalist believed,the transcript stated,he knew,the man noticed,the executive,did promote,the secretary,last week.
41,yes,yes,4,+wh_gap,They recalled,who,the journalist believed,the transcript stated,he knew,the man noticed,,did promote,the secretary,last week.
41,yes,no,4,+wh_no_gap,They recalled,who,the journalist believed,the transcript stated,he knew,the man noticed,the executive,did promote,the secretary,last week.
40,no,yes,0,-wh_gap,They reported,that,,,,,,could have abandoned,the children,on the side of the road.
40,no,no,0,-wh_no_gap,They reported,that,,,,,the woman,could have abandoned,the children,on the side of the road.
40,yes,yes,0,+wh_gap,They reported,who,,,,,,could have abandoned,the children,on the side of the road.
40,yes,no,0,+wh_no_gap,They reported,who,,,,,the woman,could have abandoned,the children,on the side of the road.
40,no,yes,1,-wh_gap,They reported,that,the man claimed,,,,,could have abandoned,the children,on the side of the road.
40,no,no,1,-wh_no_gap,They reported,that,the man claimed,,,,the woman,could have abandoned,the children,on the side of the road.
40,yes,yes,1,+wh_gap,They reported,who,the man claimed,,,,,could have abandoned,the children,on the side of the road.
40,yes,no,1,+wh_no_gap,They reported,who,the man claimed,,,,the woman,could have abandoned,the children,on the side of the road.
40,no,yes,2,-wh_gap,They reported,that,the man claimed,his friend believed,,,,could have abandoned,the children,on the side of the road.
40,no,no,2,-wh_no_gap,They reported,that,the man claimed,his friend believed,,,the woman,could have abandoned,the children,on the side of the road.
40,yes,yes,2,+wh_gap,They reported,who,the man claimed,his friend believed,,,,could have abandoned,the children,on the side of the road.
40,yes,no,2,+wh_no_gap,They reported,who,the man claimed,his friend believed,,,the woman,could have abandoned,the children,on the side of the road.
40,no,yes,3,-wh_gap,They reported,that,the man claimed,his friend believed,he knew,,,could have abandoned,the children,on the side of the road.
40,no,no,3,-wh_no_gap,They reported,that,the man claimed,his friend believed,he knew,,the woman,could have abandoned,the children,on the side of the road.
40,yes,yes,3,+wh_gap,They reported,who,the man claimed,his friend believed,he knew,,,could have abandoned,the children,on the side of the road.
40,yes,no,3,+wh_no_gap,They reported,who,the man claimed,his friend believed,he knew,,the woman,could have abandoned,the children,on the side of the road.
40,no,yes,4,-wh_gap,They reported,that,the man claimed,his friend believed,he knew,the man saw,,could have abandoned,the children,on the side of the road.
40,no,no,4,-wh_no_gap,They reported,that,the man claimed,his friend believed,he knew,the man saw,the woman,could have abandoned,the children,on the side of the road.
40,yes,yes,4,+wh_gap,They reported,who,the man claimed,his friend believed,he knew,the man saw,,could have abandoned,the children,on the side of the road.
40,yes,no,4,+wh_no_gap,They reported,who,the man claimed,his friend believed,he knew,the man saw,the woman,could have abandoned,the children,on the side of the road.
39,no,yes,0,-wh_gap,He reported,that,,,,,,might have reassured,the patient,before surgery.
39,no,no,0,-wh_no_gap,He reported,that,,,,,the doctor,might have reassured,the patient,before surgery.
39,yes,yes,0,+wh_gap,He reported,who,,,,,,might have reassured,the patient,before surgery.
39,yes,no,0,+wh_no_gap,He reported,who,,,,,the doctor,might have reassured,the patient,before surgery.
39,no,yes,1,-wh_gap,He reported,that,the nurse believed,,,,,might have reassured,the patient,before surgery.
39,no,no,1,-wh_no_gap,He reported,that,the nurse believed,,,,the doctor,might have reassured,the patient,before surgery.
39,yes,yes,1,+wh_gap,He reported,who,the nurse believed,,,,,might have reassured,the patient,before surgery.
39,yes,no,1,+wh_no_gap,He reported,who,the nurse believed,,,,the doctor,might have reassured,the patient,before surgery.
39,no,yes,2,-wh_gap,He reported,that,the nurse believed,the woman thought,,,,might have reassured,the patient,before surgery.
39,no,no,2,-wh_no_gap,He reported,that,the nurse believed,the woman thought,,,the doctor,might have reassured,the patient,before surgery.
39,yes,yes,2,+wh_gap,He reported,who,the nurse believed,the woman thought,,,,might have reassured,the patient,before surgery.
39,yes,no,2,+wh_no_gap,He reported,who,the nurse believed,the woman thought,,,the doctor,might have reassured,the patient,before surgery.
39,no,yes,3,-wh_gap,He reported,that,the nurse believed,the woman thought,she recalled,,,might have reassured,the patient,before surgery.
39,no,no,3,-wh_no_gap,He reported,that,the nurse believed,the woman thought,she recalled,,the doctor,might have reassured,the patient,before surgery.
39,yes,yes,3,+wh_gap,He reported,who,the nurse believed,the woman thought,she recalled,,,might have reassured,the patient,before surgery.
39,yes,no,3,+wh_no_gap,He reported,who,the nurse believed,the woman thought,she recalled,,the doctor,might have reassured,the patient,before surgery.
39,no,yes,4,-wh_gap,He reported,that,the nurse believed,the woman thought,she recalled,she noticed,,might have reassured,the patient,before surgery.
39,no,no,4,-wh_no_gap,He reported,that,the nurse believed,the woman thought,she recalled,she noticed,the doctor,might have reassured,the patient,before surgery.
39,yes,yes,4,+wh_gap,He reported,who,the nurse believed,the woman thought,she recalled,she noticed,,might have reassured,the patient,before surgery.
39,yes,no,4,+wh_no_gap,He reported,who,the nurse believed,the woman thought,she recalled,she noticed,the doctor,might have reassured,the patient,before surgery.
38,no,yes,0,-wh_gap,They know,that,,,,,,should thank,the tailor,on the street.
38,no,no,0,-wh_no_gap,They know,that,,,,,the old man,should thank,the tailor,on the street.
38,yes,yes,0,+wh_gap,They know,who,,,,,,should thank,the tailor,on the street.
38,yes,no,0,+wh_no_gap,They know,who,,,,,the old man,should thank,the tailor,on the street.
38,no,yes,1,-wh_gap,They know,that,the nurse said,,,,,should thank,the tailor,on the street.
38,no,no,1,-wh_no_gap,They know,that,the nurse said,,,,the old man,should thank,the tailor,on the street.
38,yes,yes,1,+wh_gap,They know,who,the nurse said,,,,,should thank,the tailor,on the street.
38,yes,no,1,+wh_no_gap,They know,who,the nurse said,,,,the old man,should thank,the tailor,on the street.
38,no,yes,2,-wh_gap,They know,that,the nurse said,the assistant knew,,,,should thank,the tailor,on the street.
38,no,no,2,-wh_no_gap,They know,that,the nurse said,the assistant knew,,,the old man,should thank,the tailor,on the street.
38,yes,yes,2,+wh_gap,They know,who,the nurse said,the assistant knew,,,,should thank,the tailor,on the street.
38,yes,no,2,+wh_no_gap,They know,who,the nurse said,the assistant knew,,,the old man,should thank,the tailor,on the street.
38,no,yes,3,-wh_gap,They know,that,the nurse said,the assistant knew,she saw,,,should thank,the tailor,on the street.
38,no,no,3,-wh_no_gap,They know,that,the nurse said,the assistant knew,she saw,,the old man,should thank,the tailor,on the street.
38,yes,yes,3,+wh_gap,They know,who,the nurse said,the assistant knew,she saw,,,should thank,the tailor,on the street.
38,yes,no,3,+wh_no_gap,They know,who,the nurse said,the assistant knew,she saw,,the old man,should thank,the tailor,on the street.
38,no,yes,4,-wh_gap,They know,that,the nurse said,the assistant knew,she saw,he noticed,,should thank,the tailor,on the street.
38,no,no,4,-wh_no_gap,They know,that,the nurse said,the assistant knew,she saw,he noticed,the old man,should thank,the tailor,on the street.
38,yes,yes,4,+wh_gap,They know,who,the nurse said,the assistant knew,she saw,he noticed,,should thank,the tailor,on the street.
38,yes,no,4,+wh_no_gap,They know,who,the nurse said,the assistant knew,she saw,he noticed,the old man,should thank,the tailor,on the street.
37,no,yes,0,-wh_gap,She knows,that,,,,,,did interrogate,the criminal,last night.
37,no,no,0,-wh_no_gap,She knows,that,,,,,the inspectors,did interrogate,the criminal,last night.
37,yes,yes,0,+wh_gap,She knows,who,,,,,,did interrogate,the criminal,last night.
37,yes,no,0,+wh_no_gap,She knows,who,,,,,the inspectors,did interrogate,the criminal,last night.
37,no,yes,1,-wh_gap,She knows,that,the police said,,,,,did interrogate,the criminal,last night.
37,no,no,1,-wh_no_gap,She knows,that,the police said,,,,the inspectors,did interrogate,the criminal,last night.
37,yes,yes,1,+wh_gap,She knows,who,the police said,,,,,did interrogate,the criminal,last night.
37,yes,no,1,+wh_no_gap,She knows,who,the police said,,,,the inspectors,did interrogate,the criminal,last night.
37,no,yes,2,-wh_gap,She knows,that,the police said,the detective believed,,,,did interrogate,the criminal,last night.
37,no,no,2,-wh_no_gap,She knows,that,the police said,the detective believed,,,the inspectors,did interrogate,the criminal,last night.
37,yes,yes,2,+wh_gap,She knows,who,the police said,the detective believed,,,,did interrogate,the criminal,last night.
37,yes,no,2,+wh_no_gap,She knows,who,the police said,the detective believed,,,the inspectors,did interrogate,the criminal,last night.
37,no,yes,3,-wh_gap,She knows,that,the police said,the detective believed,he thought,,,did interrogate,the criminal,last night.
37,no,no,3,-wh_no_gap,She knows,that,the police said,the detective believed,he thought,,the inspectors,did interrogate,the criminal,last night.
37,yes,yes,3,+wh_gap,She knows,who,the police said,the detective believed,he thought,,,did interrogate,the criminal,last night.
37,yes,no,3,+wh_no_gap,She knows,who,the police said,the detective believed,he thought,,the inspectors,did interrogate,the criminal,last night.
37,no,yes,4,-wh_gap,She knows,that,the police said,the detective believed,he thought,he saw,,did interrogate,the criminal,last night.
37,no,no,4,-wh_no_gap,She knows,that,the police said,the detective believed,he thought,he saw,the inspectors,did interrogate,the criminal,last night.
37,yes,yes,4,+wh_gap,She knows,who,the police said,the detective believed,he thought,he saw,,did interrogate,the criminal,last night.
37,yes,no,4,+wh_no_gap,She knows,who,the police said,the detective believed,he thought,he saw,the inspectors,did interrogate,the criminal,last night.
36,no,yes,0,-wh_gap,He knows,that,,,,,,will wait for,her friend,at the bus stop.
36,no,no,0,-wh_no_gap,He knows,that,,,,,the woman,will wait for,her friend,at the bus stop.
36,yes,yes,0,+wh_gap,He knows,who,,,,,,will wait for,her friend,at the bus stop.
36,yes,no,0,+wh_no_gap,He knows,who,,,,,the woman,will wait for,her friend,at the bus stop.
36,no,yes,1,-wh_gap,He knows,that,the man believed,,,,,will wait for,her friend,at the bus stop.
36,no,no,1,-wh_no_gap,He knows,that,the man believed,,,,the woman,will wait for,her friend,at the bus stop.
36,yes,yes,1,+wh_gap,He knows,who,the man believed,,,,,will wait for,her friend,at the bus stop.
36,yes,no,1,+wh_no_gap,He knows,who,the man believed,,,,the woman,will wait for,her friend,at the bus stop.
36,no,yes,2,-wh_gap,He knows,that,the man believed,the he concluded,,,,will wait for,her friend,at the bus stop.
36,no,no,2,-wh_no_gap,He knows,that,the man believed,the he concluded,,,the woman,will wait for,her friend,at the bus stop.
36,yes,yes,2,+wh_gap,He knows,who,the man believed,the he concluded,,,,will wait for,her friend,at the bus stop.
36,yes,no,2,+wh_no_gap,He knows,who,the man believed,the he concluded,,,the woman,will wait for,her friend,at the bus stop.
36,no,yes,3,-wh_gap,He knows,that,the man believed,the he concluded,his neighbors had said,,,will wait for,her friend,at the bus stop.
36,no,no,3,-wh_no_gap,He knows,that,the man believed,the he concluded,his neighbors had said,,the woman,will wait for,her friend,at the bus stop.
36,yes,yes,3,+wh_gap,He knows,who,the man believed,the he concluded,his neighbors had said,,,will wait for,her friend,at the bus stop.
36,yes,no,3,+wh_no_gap,He knows,who,the man believed,the he concluded,his neighbors had said,,the woman,will wait for,her friend,at the bus stop.
36,no,yes,4,-wh_gap,He knows,that,the man believed,the he concluded,his neighbors had said,they saw,,will wait for,her friend,at the bus stop.
36,no,no,4,-wh_no_gap,He knows,that,the man believed,the he concluded,his neighbors had said,they saw,the woman,will wait for,her friend,at the bus stop.
36,yes,yes,4,+wh_gap,He knows,who,the man believed,the he concluded,his neighbors had said,they saw,,will wait for,her friend,at the bus stop.
36,yes,no,4,+wh_no_gap,He knows,who,the man believed,the he concluded,his neighbors had said,they saw,the woman,will wait for,her friend,at the bus stop.
35,no,yes,0,-wh_gap,You know,that,,,,,,should introduce,his friends,to his family.
35,no,no,0,-wh_no_gap,You know,that,,,,,the man,should introduce,his friends,to his family.
35,yes,yes,0,+wh_gap,You know,who,,,,,,should introduce,his friends,to his family.
35,yes,no,0,+wh_no_gap,You know,who,,,,,the man,should introduce,his friends,to his family.
35,no,yes,1,-wh_gap,You know,that,the woman said,,,,,should introduce,his friends,to his family.
35,no,no,1,-wh_no_gap,You know,that,the woman said,,,,the man,should introduce,his friends,to his family.
35,yes,yes,1,+wh_gap,You know,who,the woman said,,,,,should introduce,his friends,to his family.
35,yes,no,1,+wh_no_gap,You know,who,the woman said,,,,the man,should introduce,his friends,to his family.
35,no,yes,2,-wh_gap,You know,that,the woman said,the neighbor thought,,,,should introduce,his friends,to his family.
35,no,no,2,-wh_no_gap,You know,that,the woman said,the neighbor thought,,,the man,should introduce,his friends,to his family.
35,yes,yes,2,+wh_gap,You know,who,the woman said,the neighbor thought,,,,should introduce,his friends,to his family.
35,yes,no,2,+wh_no_gap,You know,who,the woman said,the neighbor thought,,,the man,should introduce,his friends,to his family.
35,no,yes,3,-wh_gap,You know,that,the woman said,the neighbor thought,he recalled,,,should introduce,his friends,to his family.
35,no,no,3,-wh_no_gap,You know,that,the woman said,the neighbor thought,he recalled,,the man,should introduce,his friends,to his family.
35,yes,yes,3,+wh_gap,You know,who,the woman said,the neighbor thought,he recalled,,,should introduce,his friends,to his family.
35,yes,no,3,+wh_no_gap,You know,who,the woman said,the neighbor thought,he recalled,,the man,should introduce,his friends,to his family.
35,no,yes,4,-wh_gap,You know,that,the woman said,the neighbor thought,he recalled,he knew,,should introduce,his friends,to his family.
35,no,no,4,-wh_no_gap,You know,that,the woman said,the neighbor thought,he recalled,he knew,the man,should introduce,his friends,to his family.
35,yes,yes,4,+wh_gap,You know,who,the woman said,the neighbor thought,he recalled,he knew,,should introduce,his friends,to his family.
35,yes,no,4,+wh_no_gap,You know,who,the woman said,the neighbor thought,he recalled,he knew,the man,should introduce,his friends,to his family.
34,no,yes,0,-wh_gap,I know,that,,,,,,might congratulate,the athletes,over lunch.
34,no,no,0,-wh_no_gap,I know,that,,,,,the president,might congratulate,the athletes,over lunch.
34,yes,yes,0,+wh_gap,I know,who,,,,,,might congratulate,the athletes,over lunch.
34,yes,no,0,+wh_no_gap,I know,who,,,,,the president,might congratulate,the athletes,over lunch.
34,no,yes,1,-wh_gap,I know,that,the coach said,,,,,might congratulate,the athletes,over lunch.
34,no,no,1,-wh_no_gap,I know,that,the coach said,,,,the president,might congratulate,the athletes,over lunch.
34,yes,yes,1,+wh_gap,I know,who,the coach said,,,,,might congratulate,the athletes,over lunch.
34,yes,no,1,+wh_no_gap,I know,who,the coach said,,,,the president,might congratulate,the athletes,over lunch.
34,no,yes,2,-wh_gap,I know,that,the coach said,the assistant believed,,,,might congratulate,the athletes,over lunch.
34,no,no,2,-wh_no_gap,I know,that,the coach said,the assistant believed,,,the president,might congratulate,the athletes,over lunch.
34,yes,yes,2,+wh_gap,I know,who,the coach said,the assistant believed,,,,might congratulate,the athletes,over lunch.
34,yes,no,2,+wh_no_gap,I know,who,the coach said,the assistant believed,,,the president,might congratulate,the athletes,over lunch.
34,no,yes,3,-wh_gap,I know,that,the coach said,the assistant believed,he remembered,,,might congratulate,the athletes,over lunch.
34,no,no,3,-wh_no_gap,I know,that,the coach said,the assistant believed,he remembered,,the president,might congratulate,the athletes,over lunch.
34,yes,yes,3,+wh_gap,I know,who,the coach said,the assistant believed,he remembered,,,might congratulate,the athletes,over lunch.
34,yes,no,3,+wh_no_gap,I know,who,the coach said,the assistant believed,he remembered,,the president,might congratulate,the athletes,over lunch.
34,no,yes,4,-wh_gap,I know,that,the coach said,the assistant believed,he remembered,he noticed,,might congratulate,the athletes,over lunch.
34,no,no,4,-wh_no_gap,I know,that,the coach said,the assistant believed,he remembered,he noticed,the president,might congratulate,the athletes,over lunch.
34,yes,yes,4,+wh_gap,I know,who,the coach said,the assistant believed,he remembered,he noticed,,might congratulate,the athletes,over lunch.
34,yes,no,4,+wh_no_gap,I know,who,the coach said,the assistant believed,he remembered,he noticed,the president,might congratulate,the athletes,over lunch.
33,no,yes,0,-wh_gap,You know,that,,,,,,did support,the candidate,last year.
33,no,no,0,-wh_no_gap,You know,that,,,,,the millionaire,did support,the candidate,last year.
33,yes,yes,0,+wh_gap,You know,who,,,,,,did support,the candidate,last year.
33,yes,no,0,+wh_no_gap,You know,who,,,,,the millionaire,did support,the candidate,last year.
33,no,yes,1,-wh_gap,You know,that,the lobbyist believed,,,,,did support,the candidate,last year.
33,no,no,1,-wh_no_gap,You know,that,the lobbyist believed,,,,the millionaire,did support,the candidate,last year.
33,yes,yes,1,+wh_gap,You know,who,the lobbyist believed,,,,,did support,the candidate,last year.
33,yes,no,1,+wh_no_gap,You know,who,the lobbyist believed,,,,the millionaire,did support,the candidate,last year.
33,no,yes,2,-wh_gap,You know,that,the lobbyist believed,the secretary said,,,,did support,the candidate,last year.
33,no,no,2,-wh_no_gap,You know,that,the lobbyist believed,the secretary said,,,the millionaire,did support,the candidate,last year.
33,yes,yes,2,+wh_gap,You know,who,the lobbyist believed,the secretary said,,,,did support,the candidate,last year.
33,yes,no,2,+wh_no_gap,You know,who,the lobbyist believed,the secretary said,,,the millionaire,did support,the candidate,last year.
33,no,yes,3,-wh_gap,You know,that,the lobbyist believed,the secretary said,she saw,,,did support,the candidate,last year.
33,no,no,3,-wh_no_gap,You know,that,the lobbyist believed,the secretary said,she saw,,the millionaire,did support,the candidate,last year.
33,yes,yes,3,+wh_gap,You know,who,the lobbyist believed,the secretary said,she saw,,,did support,the candidate,last year.
33,yes,no,3,+wh_no_gap,You know,who,the lobbyist believed,the secretary said,she saw,,the millionaire,did support,the candidate,last year.
33,no,yes,4,-wh_gap,You know,that,the lobbyist believed,the secretary said,she saw,he noticed,,did support,the candidate,last year.
33,no,no,4,-wh_no_gap,You know,that,the lobbyist believed,the secretary said,she saw,he noticed,the millionaire,did support,the candidate,last year.
33,yes,yes,4,+wh_gap,You know,who,the lobbyist believed,the secretary said,she saw,he noticed,,did support,the candidate,last year.
33,yes,no,4,+wh_no_gap,You know,who,the lobbyist believed,the secretary said,she saw,he noticed,the millionaire,did support,the candidate,last year.
32,no,yes,0,-wh_gap,I know,that,,,,,,could greet,the man,early in the morning.
32,no,no,0,-wh_no_gap,I know,that,,,,,the librarian,could greet,the man,early in the morning.
32,yes,yes,0,+wh_gap,I know,who,,,,,,could greet,the man,early in the morning.
32,yes,no,0,+wh_no_gap,I know,who,,,,,the librarian,could greet,the man,early in the morning.
32,no,yes,1,-wh_gap,I know,that,the mayor said,,,,,could greet,the man,early in the morning.
32,no,no,1,-wh_no_gap,I know,that,the mayor said,,,,the librarian,could greet,the man,early in the morning.
32,yes,yes,1,+wh_gap,I know,who,the mayor said,,,,,could greet,the man,early in the morning.
32,yes,no,1,+wh_no_gap,I know,who,the mayor said,,,,the librarian,could greet,the man,early in the morning.
32,no,yes,2,-wh_gap,I know,that,the mayor said,the clerk believed,,,,could greet,the man,early in the morning.
32,no,no,2,-wh_no_gap,I know,that,the mayor said,the clerk believed,,,the librarian,could greet,the man,early in the morning.
32,yes,yes,2,+wh_gap,I know,who,the mayor said,the clerk believed,,,,could greet,the man,early in the morning.
32,yes,no,2,+wh_no_gap,I know,who,the mayor said,the clerk believed,,,the librarian,could greet,the man,early in the morning.
32,no,yes,3,-wh_gap,I know,that,the mayor said,the clerk believed,he witnessed,,,could greet,the man,early in the morning.
32,no,no,3,-wh_no_gap,I know,that,the mayor said,the clerk believed,he witnessed,,the librarian,could greet,the man,early in the morning.
32,yes,yes,3,+wh_gap,I know,who,the mayor said,the clerk believed,he witnessed,,,could greet,the man,early in the morning.
32,yes,no,3,+wh_no_gap,I know,who,the mayor said,the clerk believed,he witnessed,,the librarian,could greet,the man,early in the morning.
32,no,yes,4,-wh_gap,I know,that,the mayor said,the clerk believed,he witnessed,he noticed,,could greet,the man,early in the morning.
32,no,no,4,-wh_no_gap,I know,that,the mayor said,the clerk believed,he witnessed,he noticed,the librarian,could greet,the man,early in the morning.
32,yes,yes,4,+wh_gap,I know,who,the mayor said,the clerk believed,he witnessed,he noticed,,could greet,the man,early in the morning.
32,yes,no,4,+wh_no_gap,I know,who,the mayor said,the clerk believed,he witnessed,he noticed,the librarian,could greet,the man,early in the morning.
31,no,yes,0,-wh_gap,He recalled,that,,,,,,did assassinate,the politician,last night.
31,no,no,0,-wh_no_gap,He recalled,that,,,,,the terrorist,did assassinate,the politician,last night.
31,yes,yes,0,+wh_gap,He recalled,who,,,,,,did assassinate,the politician,last night.
31,yes,no,0,+wh_no_gap,He recalled,who,,,,,the terrorist,did assassinate,the politician,last night.
31,no,yes,1,-wh_gap,He recalled,that,the president said,,,,,did assassinate,the politician,last night.
31,no,no,1,-wh_no_gap,He recalled,that,the president said,,,,the terrorist,did assassinate,the politician,last night.
31,yes,yes,1,+wh_gap,He recalled,who,the president said,,,,,did assassinate,the politician,last night.
31,yes,no,1,+wh_no_gap,He recalled,who,the president said,,,,the terrorist,did assassinate,the politician,last night.
31,no,yes,2,-wh_gap,He recalled,that,the president said,the report confirmed,,,,did assassinate,the politician,last night.
31,no,no,2,-wh_no_gap,He recalled,that,the president said,the report confirmed,,,the terrorist,did assassinate,the politician,last night.
31,yes,yes,2,+wh_gap,He recalled,who,the president said,the report confirmed,,,,did assassinate,the politician,last night.
31,yes,no,2,+wh_no_gap,He recalled,who,the president said,the report confirmed,,,the terrorist,did assassinate,the politician,last night.
31,no,yes,3,-wh_gap,He recalled,that,the president said,the report confirmed,he believed,,,did assassinate,the politician,last night.
31,no,no,3,-wh_no_gap,He recalled,that,the president said,the report confirmed,he believed,,the terrorist,did assassinate,the politician,last night.
31,yes,yes,3,+wh_gap,He recalled,who,the president said,the report confirmed,he believed,,,did assassinate,the politician,last night.
31,yes,no,3,+wh_no_gap,He recalled,who,the president said,the report confirmed,he believed,,the terrorist,did assassinate,the politician,last night.
31,no,yes,4,-wh_gap,He recalled,that,the president said,the report confirmed,he believed,he remembered,,did assassinate,the politician,last night.
31,no,no,4,-wh_no_gap,He recalled,that,the president said,the report confirmed,he believed,he remembered,the terrorist,did assassinate,the politician,last night.
31,yes,yes,4,+wh_gap,He recalled,who,the president said,the report confirmed,he believed,he remembered,,did assassinate,the politician,last night.
31,yes,no,4,+wh_no_gap,He recalled,who,the president said,the report confirmed,he believed,he remembered,the terrorist,did assassinate,the politician,last night.
30,no,yes,0,-wh_gap,We recalled,that,,,,,,might frighten,the children,at the party.
30,no,no,0,-wh_no_gap,We recalled,that,,,,,the clown,might frighten,the children,at the party.
30,yes,yes,0,+wh_gap,We recalled,who,,,,,,might frighten,the children,at the party.
30,yes,no,0,+wh_no_gap,We recalled,who,,,,,the clown,might frighten,the children,at the party.
30,no,yes,1,-wh_gap,We recalled,that,the actor said,,,,,might frighten,the children,at the party.
30,no,no,1,-wh_no_gap,We recalled,that,the actor said,,,,the clown,might frighten,the children,at the party.
30,yes,yes,1,+wh_gap,We recalled,who,the actor said,,,,,might frighten,the children,at the party.
30,yes,no,1,+wh_no_gap,We recalled,who,the actor said,,,,the clown,might frighten,the children,at the party.
30,no,yes,2,-wh_gap,We recalled,that,the actor said,the people knew,,,,might frighten,the children,at the party.
30,no,no,2,-wh_no_gap,We recalled,that,the actor said,the people knew,,,the clown,might frighten,the children,at the party.
30,yes,yes,2,+wh_gap,We recalled,who,the actor said,the people knew,,,,might frighten,the children,at the party.
30,yes,no,2,+wh_no_gap,We recalled,who,the actor said,the people knew,,,the clown,might frighten,the children,at the party.
30,no,yes,3,-wh_gap,We recalled,that,the actor said,the people knew,he thought,,,might frighten,the children,at the party.
30,no,no,3,-wh_no_gap,We recalled,that,the actor said,the people knew,he thought,,the clown,might frighten,the children,at the party.
30,yes,yes,3,+wh_gap,We recalled,who,the actor said,the people knew,he thought,,,might frighten,the children,at the party.
30,yes,no,3,+wh_no_gap,We recalled,who,the actor said,the people knew,he thought,,the clown,might frighten,the children,at the party.
30,no,yes,4,-wh_gap,We recalled,that,the actor said,the people knew,he thought,he noticed,,might frighten,the children,at the party.
30,no,no,4,-wh_no_gap,We recalled,that,the actor said,the people knew,he thought,he noticed,the clown,might frighten,the children,at the party.
30,yes,yes,4,+wh_gap,We recalled,who,the actor said,the people knew,he thought,he noticed,,might frighten,the children,at the party.
30,yes,no,4,+wh_no_gap,We recalled,who,the actor said,the people knew,he thought,he noticed,the clown,might frighten,the children,at the party.
29,no,yes,0,-wh_gap,They recalled,that,,,,,,might have divorced,the count,last year.
29,no,no,0,-wh_no_gap,They recalled,that,,,,,the heiress,might have divorced,the count,last year.
29,yes,yes,0,+wh_gap,They recalled,who,,,,,,might have divorced,the count,last year.
29,yes,no,0,+wh_no_gap,They recalled,who,,,,,the heiress,might have divorced,the count,last year.
29,no,yes,1,-wh_gap,They recalled,that,the writer thought,,,,,might have divorced,the count,last year.
29,no,no,1,-wh_no_gap,They recalled,that,the writer thought,,,,the heiress,might have divorced,the count,last year.
29,yes,yes,1,+wh_gap,They recalled,who,the writer thought,,,,,might have divorced,the count,last year.
29,yes,no,1,+wh_no_gap,They recalled,who,the writer thought,,,,the heiress,might have divorced,the count,last year.
29,no,yes,2,-wh_gap,They recalled,that,the writer thought,the man said,,,,might have divorced,the count,last year.
29,no,no,2,-wh_no_gap,They recalled,that,the writer thought,the man said,,,the heiress,might have divorced,the count,last year.
29,yes,yes,2,+wh_gap,They recalled,who,the writer thought,the man said,,,,might have divorced,the count,last year.
29,yes,no,2,+wh_no_gap,They recalled,who,the writer thought,the man said,,,the heiress,might have divorced,the count,last year.
29,no,yes,3,-wh_gap,They recalled,that,the writer thought,the man said,his brother believed,,,might have divorced,the count,last year.
29,no,no,3,-wh_no_gap,They recalled,that,the writer thought,the man said,his brother believed,,the heiress,might have divorced,the count,last year.
29,yes,yes,3,+wh_gap,They recalled,who,the writer thought,the man said,his brother believed,,,might have divorced,the count,last year.
29,yes,no,3,+wh_no_gap,They recalled,who,the writer thought,the man said,his brother believed,,the heiress,might have divorced,the count,last year.
29,no,yes,4,-wh_gap,They recalled,that,the writer thought,the man said,his brother believed,he saw,,might have divorced,the count,last year.
29,no,no,4,-wh_no_gap,They recalled,that,the writer thought,the man said,his brother believed,he saw,the heiress,might have divorced,the count,last year.
29,yes,yes,4,+wh_gap,They recalled,who,the writer thought,the man said,his brother believed,he saw,,might have divorced,the count,last year.
29,yes,no,4,+wh_no_gap,They recalled,who,the writer thought,the man said,his brother believed,he saw,the heiress,might have divorced,the count,last year.
28,no,yes,0,-wh_gap,They reported,that,,,,,,did promote,the accountant,yesterday.
28,no,no,0,-wh_no_gap,They reported,that,,,,,the manager,did promote,the accountant,yesterday.
28,yes,yes,0,+wh_gap,They reported,who,,,,,,did promote,the accountant,yesterday.
28,yes,no,0,+wh_no_gap,They reported,who,,,,,the manager,did promote,the accountant,yesterday.
28,no,yes,1,-wh_gap,They reported,that,the executive said,,,,,did promote,the accountant,yesterday.
28,no,no,1,-wh_no_gap,They reported,that,the executive said,,,,the manager,did promote,the accountant,yesterday.
28,yes,yes,1,+wh_gap,They reported,who,the executive said,,,,,did promote,the accountant,yesterday.
28,yes,no,1,+wh_no_gap,They reported,who,the executive said,,,,the manager,did promote,the accountant,yesterday.
28,no,yes,2,-wh_gap,They reported,that,the executive said,a reporter believed,,,,did promote,the accountant,yesterday.
28,no,no,2,-wh_no_gap,They reported,that,the executive said,a reporter believed,,,the manager,did promote,the accountant,yesterday.
28,yes,yes,2,+wh_gap,They reported,who,the executive said,a reporter believed,,,,did promote,the accountant,yesterday.
28,yes,no,2,+wh_no_gap,They reported,who,the executive said,a reporter believed,,,the manager,did promote,the accountant,yesterday.
28,no,yes,3,-wh_gap,They reported,that,the executive said,a reporter believed,the client said,,,did promote,the accountant,yesterday.
28,no,no,3,-wh_no_gap,They reported,that,the executive said,a reporter believed,the client said,,the manager,did promote,the accountant,yesterday.
28,yes,yes,3,+wh_gap,They reported,who,the executive said,a reporter believed,the client said,,,did promote,the accountant,yesterday.
28,yes,no,3,+wh_no_gap,They reported,who,the executive said,a reporter believed,the client said,,the manager,did promote,the accountant,yesterday.
28,no,yes,4,-wh_gap,They reported,that,the executive said,a reporter believed,the client said,he saw,,did promote,the accountant,yesterday.
28,no,no,4,-wh_no_gap,They reported,that,the executive said,a reporter believed,the client said,he saw,the manager,did promote,the accountant,yesterday.
28,yes,yes,4,+wh_gap,They reported,who,the executive said,a reporter believed,the client said,he saw,,did promote,the accountant,yesterday.
28,yes,no,4,+wh_no_gap,They reported,who,the executive said,a reporter believed,the client said,he saw,the manager,did promote,the accountant,yesterday.
27,no,yes,0,-wh_gap,He reported,that,,,,,,will abandon,his partner,in the desert.
27,no,no,0,-wh_no_gap,He reported,that,,,,,the cowboy,will abandon,his partner,in the desert.
27,yes,yes,0,+wh_gap,He reported,who,,,,,,will abandon,his partner,in the desert.
27,yes,no,0,+wh_no_gap,He reported,who,,,,,the cowboy,will abandon,his partner,in the desert.
27,no,yes,1,-wh_gap,He reported,that,the farmer said,,,,,will abandon,his partner,in the desert.
27,no,no,1,-wh_no_gap,He reported,that,the farmer said,,,,the cowboy,will abandon,his partner,in the desert.
27,yes,yes,1,+wh_gap,He reported,who,the farmer said,,,,,will abandon,his partner,in the desert.
27,yes,no,1,+wh_no_gap,He reported,who,the farmer said,,,,the cowboy,will abandon,his partner,in the desert.
27,no,yes,2,-wh_gap,He reported,that,the farmer said,his friend reported,,,,will abandon,his partner,in the desert.
27,no,no,2,-wh_no_gap,He reported,that,the farmer said,his friend reported,,,the cowboy,will abandon,his partner,in the desert.
27,yes,yes,2,+wh_gap,He reported,who,the farmer said,his friend reported,,,,will abandon,his partner,in the desert.
27,yes,no,2,+wh_no_gap,He reported,who,the farmer said,his friend reported,,,the cowboy,will abandon,his partner,in the desert.
27,no,yes,3,-wh_gap,He reported,that,the farmer said,his friend reported,he believed,,,will abandon,his partner,in the desert.
27,no,no,3,-wh_no_gap,He reported,that,the farmer said,his friend reported,he believed,,the cowboy,will abandon,his partner,in the desert.
27,yes,yes,3,+wh_gap,He reported,who,the farmer said,his friend reported,he believed,,,will abandon,his partner,in the desert.
27,yes,no,3,+wh_no_gap,He reported,who,the farmer said,his friend reported,he believed,,the cowboy,will abandon,his partner,in the desert.
27,no,yes,4,-wh_gap,He reported,that,the farmer said,his friend reported,he believed,he noticed,,will abandon,his partner,in the desert.
27,no,no,4,-wh_no_gap,He reported,that,the farmer said,his friend reported,he believed,he noticed,the cowboy,will abandon,his partner,in the desert.
27,yes,yes,4,+wh_gap,He reported,who,the farmer said,his friend reported,he believed,he noticed,,will abandon,his partner,in the desert.
27,yes,no,4,+wh_no_gap,He reported,who,the farmer said,his friend reported,he believed,he noticed,the cowboy,will abandon,his partner,in the desert.
26,no,yes,0,-wh_gap,They know,that,,,,,,should reassure,the old woman,at the hospital.
26,no,no,0,-wh_no_gap,They know,that,,,,,the nurse,should reassure,the old woman,at the hospital.
26,yes,yes,0,+wh_gap,They know,who,,,,,,should reassure,the old woman,at the hospital.
26,yes,no,0,+wh_no_gap,They know,who,,,,,the nurse,should reassure,the old woman,at the hospital.
26,no,yes,1,-wh_gap,They know,that,the doctor believed,,,,,should reassure,the old woman,at the hospital.
26,no,no,1,-wh_no_gap,They know,that,the doctor believed,,,,the nurse,should reassure,the old woman,at the hospital.
26,yes,yes,1,+wh_gap,They know,who,the doctor believed,,,,,should reassure,the old woman,at the hospital.
26,yes,no,1,+wh_no_gap,They know,who,the doctor believed,,,,the nurse,should reassure,the old woman,at the hospital.
26,no,yes,2,-wh_gap,They know,that,the doctor believed,the man said,,,,should reassure,the old woman,at the hospital.
26,no,no,2,-wh_no_gap,They know,that,the doctor believed,the man said,,,the nurse,should reassure,the old woman,at the hospital.
26,yes,yes,2,+wh_gap,They know,who,the doctor believed,the man said,,,,should reassure,the old woman,at the hospital.
26,yes,no,2,+wh_no_gap,They know,who,the doctor believed,the man said,,,the nurse,should reassure,the old woman,at the hospital.
26,no,yes,3,-wh_gap,They know,that,the doctor believed,the man said,he thought,,,should reassure,the old woman,at the hospital.
26,no,no,3,-wh_no_gap,They know,that,the doctor believed,the man said,he thought,,the nurse,should reassure,the old woman,at the hospital.
26,yes,yes,3,+wh_gap,They know,who,the doctor believed,the man said,he thought,,,should reassure,the old woman,at the hospital.
26,yes,no,3,+wh_no_gap,They know,who,the doctor believed,the man said,he thought,,the nurse,should reassure,the old woman,at the hospital.
26,no,yes,4,-wh_gap,They know,that,the doctor believed,the man said,he thought,he noticed,,should reassure,the old woman,at the hospital.
26,no,no,4,-wh_no_gap,They know,that,the doctor believed,the man said,he thought,he noticed,the nurse,should reassure,the old woman,at the hospital.
26,yes,yes,4,+wh_gap,They know,who,the doctor believed,the man said,he thought,he noticed,,should reassure,the old woman,at the hospital.
26,yes,no,4,+wh_no_gap,They know,who,the doctor believed,the man said,he thought,he noticed,the nurse,should reassure,the old woman,at the hospital.
25,no,yes,0,-wh_gap,She knows,that,,,,,,did thank,the waitress,after the meal.
25,no,no,0,-wh_no_gap,She knows,that,,,,,the woman,did thank,the waitress,after the meal.
25,yes,yes,0,+wh_gap,She knows,who,,,,,,did thank,the waitress,after the meal.
25,yes,no,0,+wh_no_gap,She knows,who,,,,,the woman,did thank,the waitress,after the meal.
25,no,yes,1,-wh_gap,She knows,that,the waiter said,,,,,did thank,the waitress,after the meal.
25,no,no,1,-wh_no_gap,She knows,that,the waiter said,,,,the woman,did thank,the waitress,after the meal.
25,yes,yes,1,+wh_gap,She knows,who,the waiter said,,,,,did thank,the waitress,after the meal.
25,yes,no,1,+wh_no_gap,She knows,who,the waiter said,,,,the woman,did thank,the waitress,after the meal.
25,no,yes,2,-wh_gap,She knows,that,the waiter said,the woman believed,,,,did thank,the waitress,after the meal.
25,no,no,2,-wh_no_gap,She knows,that,the waiter said,the woman believed,,,the woman,did thank,the waitress,after the meal.
25,yes,yes,2,+wh_gap,She knows,who,the waiter said,the woman believed,,,,did thank,the waitress,after the meal.
25,yes,no,2,+wh_no_gap,She knows,who,the waiter said,the woman believed,,,the woman,did thank,the waitress,after the meal.
25,no,yes,3,-wh_gap,She knows,that,the waiter said,the woman believed,she remembered,,,did thank,the waitress,after the meal.
25,no,no,3,-wh_no_gap,She knows,that,the waiter said,the woman believed,she remembered,,the woman,did thank,the waitress,after the meal.
25,yes,yes,3,+wh_gap,She knows,who,the waiter said,the woman believed,she remembered,,,did thank,the waitress,after the meal.
25,yes,no,3,+wh_no_gap,She knows,who,the waiter said,the woman believed,she remembered,,the woman,did thank,the waitress,after the meal.
25,no,yes,4,-wh_gap,She knows,that,the waiter said,the woman believed,she remembered,she knew,,did thank,the waitress,after the meal.
25,no,no,4,-wh_no_gap,She knows,that,the waiter said,the woman believed,she remembered,she knew,the woman,did thank,the waitress,after the meal.
25,yes,yes,4,+wh_gap,She knows,who,the waiter said,the woman believed,she remembered,she knew,,did thank,the waitress,after the meal.
25,yes,no,4,+wh_no_gap,She knows,who,the waiter said,the woman believed,she remembered,she knew,the woman,did thank,the waitress,after the meal.
24,no,yes,0,-wh_gap,He knows,that,,,,,,might interrogate,the spy,in the prison.
24,no,no,0,-wh_no_gap,He knows,that,,,,,the police,might interrogate,the spy,in the prison.
24,yes,yes,0,+wh_gap,He knows,who,,,,,,might interrogate,the spy,in the prison.
24,yes,no,0,+wh_no_gap,He knows,who,,,,,the police,might interrogate,the spy,in the prison.
24,no,yes,1,-wh_gap,He knows,that,the inspector said,,,,,might interrogate,the spy,in the prison.
24,no,no,1,-wh_no_gap,He knows,that,the inspector said,,,,the police,might interrogate,the spy,in the prison.
24,yes,yes,1,+wh_gap,He knows,who,the inspector said,,,,,might interrogate,the spy,in the prison.
24,yes,no,1,+wh_no_gap,He knows,who,the inspector said,,,,the police,might interrogate,the spy,in the prison.
24,no,yes,2,-wh_gap,He knows,that,the inspector said,the man reported,,,,might interrogate,the spy,in the prison.
24,no,no,2,-wh_no_gap,He knows,that,the inspector said,the man reported,,,the police,might interrogate,the spy,in the prison.
24,yes,yes,2,+wh_gap,He knows,who,the inspector said,the man reported,,,,might interrogate,the spy,in the prison.
24,yes,no,2,+wh_no_gap,He knows,who,the inspector said,the man reported,,,the police,might interrogate,the spy,in the prison.
24,no,yes,3,-wh_gap,He knows,that,the inspector said,the man reported,he thought,,,might interrogate,the spy,in the prison.
24,no,no,3,-wh_no_gap,He knows,that,the inspector said,the man reported,he thought,,the police,might interrogate,the spy,in the prison.
24,yes,yes,3,+wh_gap,He knows,who,the inspector said,the man reported,he thought,,,might interrogate,the spy,in the prison.
24,yes,no,3,+wh_no_gap,He knows,who,the inspector said,the man reported,he thought,,the police,might interrogate,the spy,in the prison.
24,no,yes,4,-wh_gap,He knows,that,the inspector said,the man reported,he thought,he noticed,,might interrogate,the spy,in the prison.
24,no,no,4,-wh_no_gap,He knows,that,the inspector said,the man reported,he thought,he noticed,the police,might interrogate,the spy,in the prison.
24,yes,yes,4,+wh_gap,He knows,who,the inspector said,the man reported,he thought,he noticed,,might interrogate,the spy,in the prison.
24,yes,no,4,+wh_no_gap,He knows,who,the inspector said,the man reported,he thought,he noticed,the police,might interrogate,the spy,in the prison.
23,no,yes,0,-wh_gap,You know,that,,,,,,will introduce,her friend,to her mother.
23,no,no,0,-wh_no_gap,You know,that,,,,,the young woman,will introduce,her friend,to her mother.
23,yes,yes,0,+wh_gap,You know,who,,,,,,will introduce,her friend,to her mother.
23,yes,no,0,+wh_no_gap,You know,who,,,,,the young woman,will introduce,her friend,to her mother.
23,no,yes,1,-wh_gap,You know,that,we all believe,,,,,will introduce,her friend,to her mother.
23,no,no,1,-wh_no_gap,You know,that,we all believe,,,,the young woman,will introduce,her friend,to her mother.
23,yes,yes,1,+wh_gap,You know,who,we all believe,,,,,will introduce,her friend,to her mother.
23,yes,no,1,+wh_no_gap,You know,who,we all believe,,,,the young woman,will introduce,her friend,to her mother.
23,no,yes,2,-wh_gap,You know,that,we all believe,she thought,,,,will introduce,her friend,to her mother.
23,no,no,2,-wh_no_gap,You know,that,we all believe,she thought,,,the young woman,will introduce,her friend,to her mother.
23,yes,yes,2,+wh_gap,You know,who,we all believe,she thought,,,,will introduce,her friend,to her mother.
23,yes,no,2,+wh_no_gap,You know,who,we all believe,she thought,,,the young woman,will introduce,her friend,to her mother.
23,no,yes,3,-wh_gap,You know,that,we all believe,she thought,he said,,,will introduce,her friend,to her mother.
23,no,no,3,-wh_no_gap,You know,that,we all believe,she thought,he said,,the young woman,will introduce,her friend,to her mother.
23,yes,yes,3,+wh_gap,You know,who,we all believe,she thought,he said,,,will introduce,her friend,to her mother.
23,yes,no,3,+wh_no_gap,You know,who,we all believe,she thought,he said,,the young woman,will introduce,her friend,to her mother.
23,no,yes,4,-wh_gap,You know,that,we all believe,she thought,he said,he noticed,,will introduce,her friend,to her mother.
23,no,no,4,-wh_no_gap,You know,that,we all believe,she thought,he said,he noticed,the young woman,will introduce,her friend,to her mother.
23,yes,yes,4,+wh_gap,You know,who,we all believe,she thought,he said,he noticed,,will introduce,her friend,to her mother.
23,yes,no,4,+wh_no_gap,You know,who,we all believe,she thought,he said,he noticed,the young woman,will introduce,her friend,to her mother.
22,no,yes,0,-wh_gap,I know,that,,,,,,should congratulate,the couple,after the service.
22,no,no,0,-wh_no_gap,I know,that,,,,,the priest,should congratulate,the couple,after the service.
22,yes,yes,0,+wh_gap,I know,who,,,,,,should congratulate,the couple,after the service.
22,yes,no,0,+wh_no_gap,I know,who,,,,,the priest,should congratulate,the couple,after the service.
22,no,yes,1,-wh_gap,I know,that,the man thinks,,,,,should congratulate,the couple,after the service.
22,no,no,1,-wh_no_gap,I know,that,the man thinks,,,,the priest,should congratulate,the couple,after the service.
22,yes,yes,1,+wh_gap,I know,who,the man thinks,,,,,should congratulate,the couple,after the service.
22,yes,no,1,+wh_no_gap,I know,who,the man thinks,,,,the priest,should congratulate,the couple,after the service.
22,no,yes,2,-wh_gap,I know,that,the man thinks,the woman said,,,,should congratulate,the couple,after the service.
22,no,no,2,-wh_no_gap,I know,that,the man thinks,the woman said,,,the priest,should congratulate,the couple,after the service.
22,yes,yes,2,+wh_gap,I know,who,the man thinks,the woman said,,,,should congratulate,the couple,after the service.
22,yes,no,2,+wh_no_gap,I know,who,the man thinks,the woman said,,,the priest,should congratulate,the couple,after the service.
22,no,yes,3,-wh_gap,I know,that,the man thinks,the woman said,she believed,,,should congratulate,the couple,after the service.
22,no,no,3,-wh_no_gap,I know,that,the man thinks,the woman said,she believed,,the priest,should congratulate,the couple,after the service.
22,yes,yes,3,+wh_gap,I know,who,the man thinks,the woman said,she believed,,,should congratulate,the couple,after the service.
22,yes,no,3,+wh_no_gap,I know,who,the man thinks,the woman said,she believed,,the priest,should congratulate,the couple,after the service.
22,no,yes,4,-wh_gap,I know,that,the man thinks,the woman said,she believed,she noticed,,should congratulate,the couple,after the service.
22,no,no,4,-wh_no_gap,I know,that,the man thinks,the woman said,she believed,she noticed,the priest,should congratulate,the couple,after the service.
22,yes,yes,4,+wh_gap,I know,who,the man thinks,the woman said,she believed,she noticed,,should congratulate,the couple,after the service.
22,yes,no,4,+wh_no_gap,I know,who,the man thinks,the woman said,she believed,she noticed,the priest,should congratulate,the couple,after the service.
21,no,yes,0,-wh_gap,We all know,that,,,,,,will give,a test,to her students.
21,no,no,0,-wh_no_gap,We all know,that,,,,,the teacher,will give,a test,to her students.
21,yes,yes,0,+wh_gap,We all know,who,,,,,,will give,a test,to her students.
21,yes,no,0,+wh_no_gap,We all know,who,,,,,the teacher,will give,a test,to her students.
21,no,yes,1,-wh_gap,We all know,that,the old man thinks,,,,,will give,a test,to her students.
21,no,no,1,-wh_no_gap,We all know,that,the old man thinks,,,,the teacher,will give,a test,to her students.
21,yes,yes,1,+wh_gap,We all know,who,the old man thinks,,,,,will give,a test,to her students.
21,yes,no,1,+wh_no_gap,We all know,who,the old man thinks,,,,the teacher,will give,a test,to her students.
21,no,yes,2,-wh_gap,We all know,that,the old man thinks,the woman knows,,,,will give,a test,to her students.
21,no,no,2,-wh_no_gap,We all know,that,the old man thinks,the woman knows,,,the teacher,will give,a test,to her students.
21,yes,yes,2,+wh_gap,We all know,who,the old man thinks,the woman knows,,,,will give,a test,to her students.
21,yes,no,2,+wh_no_gap,We all know,who,the old man thinks,the woman knows,,,the teacher,will give,a test,to her students.
21,no,yes,3,-wh_gap,We all know,that,the old man thinks,the woman knows,the young boy said,,,will give,a test,to her students.
21,no,no,3,-wh_no_gap,We all know,that,the old man thinks,the woman knows,the young boy said,,the teacher,will give,a test,to her students.
21,yes,yes,3,+wh_gap,We all know,who,the old man thinks,the woman knows,the young boy said,,,will give,a test,to her students.
21,yes,no,3,+wh_no_gap,We all know,who,the old man thinks,the woman knows,the young boy said,,the teacher,will give,a test,to her students.
21,no,yes,4,-wh_gap,We all know,that,the old man thinks,the woman knows,the young boy said,his friend saw,,will give,a test,to her students.
21,no,no,4,-wh_no_gap,We all know,that,the old man thinks,the woman knows,the young boy said,his friend saw,the teacher,will give,a test,to her students.
21,yes,yes,4,+wh_gap,We all know,who,the old man thinks,the woman knows,the young boy said,his friend saw,,will give,a test,to her students.
21,yes,no,4,+wh_no_gap,We all know,who,the old man thinks,the woman knows,the young boy said,his friend saw,the teacher,will give,a test,to her students.
20,no,yes,0,-wh_gap,She said,that,,,,,,might put,the microphone,on the table.
20,no,no,0,-wh_no_gap,She said,that,,,,,the reporter,might put,the microphone,on the table.
20,yes,yes,0,+wh_gap,She said,who,,,,,,might put,the microphone,on the table.
20,yes,no,0,+wh_no_gap,She said,who,,,,,the reporter,might put,the microphone,on the table.
20,no,yes,1,-wh_gap,She said,that,the politician stated,,,,,might put,the microphone,on the table.
20,no,no,1,-wh_no_gap,She said,that,the politician stated,,,,the reporter,might put,the microphone,on the table.
20,yes,yes,1,+wh_gap,She said,who,the politician stated,,,,,might put,the microphone,on the table.
20,yes,no,1,+wh_no_gap,She said,who,the politician stated,,,,the reporter,might put,the microphone,on the table.
20,no,yes,2,-wh_gap,She said,that,the politician stated,his press secretary said,,,,might put,the microphone,on the table.
20,no,no,2,-wh_no_gap,She said,that,the politician stated,his press secretary said,,,the reporter,might put,the microphone,on the table.
20,yes,yes,2,+wh_gap,She said,who,the politician stated,his press secretary said,,,,might put,the microphone,on the table.
20,yes,no,2,+wh_no_gap,She said,who,the politician stated,his press secretary said,,,the reporter,might put,the microphone,on the table.
20,no,yes,3,-wh_gap,She said,that,the politician stated,his press secretary said,the chief of staff thought,,,might put,the microphone,on the table.
20,no,no,3,-wh_no_gap,She said,that,the politician stated,his press secretary said,the chief of staff thought,,the reporter,might put,the microphone,on the table.
20,yes,yes,3,+wh_gap,She said,who,the politician stated,his press secretary said,the chief of staff thought,,,might put,the microphone,on the table.
20,yes,no,3,+wh_no_gap,She said,who,the politician stated,his press secretary said,the chief of staff thought,,the reporter,might put,the microphone,on the table.
20,no,yes,4,-wh_gap,She said,that,the politician stated,his press secretary said,the chief of staff thought,his assistant suspects,,might put,the microphone,on the table.
20,no,no,4,-wh_no_gap,She said,that,the politician stated,his press secretary said,the chief of staff thought,his assistant suspects,the reporter,might put,the microphone,on the table.
20,yes,yes,4,+wh_gap,She said,who,the politician stated,his press secretary said,the chief of staff thought,his assistant suspects,,might put,the microphone,on the table.
20,yes,no,4,+wh_no_gap,She said,who,the politician stated,his press secretary said,the chief of staff thought,his assistant suspects,the reporter,might put,the microphone,on the table.
19,no,yes,0,-wh_gap,The colleagues realized,that,,,,,,might have discovered,the bribery,two weeks ago.
19,no,no,0,-wh_no_gap,The colleagues realized,that,,,,,the journalist,might have discovered,the bribery,two weeks ago.
19,yes,yes,0,+wh_gap,The colleagues realized,who,,,,,,might have discovered,the bribery,two weeks ago.
19,yes,no,0,+wh_no_gap,The colleagues realized,who,,,,,the journalist,might have discovered,the bribery,two weeks ago.
19,no,yes,1,-wh_gap,The colleagues realized,that,her mother stated,,,,,might have discovered,the bribery,two weeks ago.
19,no,no,1,-wh_no_gap,The colleagues realized,that,her mother stated,,,,the journalist,might have discovered,the bribery,two weeks ago.
19,yes,yes,1,+wh_gap,The colleagues realized,who,her mother stated,,,,,might have discovered,the bribery,two weeks ago.
19,yes,no,1,+wh_no_gap,The colleagues realized,who,her mother stated,,,,the journalist,might have discovered,the bribery,two weeks ago.
19,no,yes,2,-wh_gap,The colleagues realized,that,her mother stated,a friend said,,,,might have discovered,the bribery,two weeks ago.
19,no,no,2,-wh_no_gap,The colleagues realized,that,her mother stated,a friend said,,,the journalist,might have discovered,the bribery,two weeks ago.
19,yes,yes,2,+wh_gap,The colleagues realized,who,her mother stated,a friend said,,,,might have discovered,the bribery,two weeks ago.
19,yes,no,2,+wh_no_gap,The colleagues realized,who,her mother stated,a friend said,,,the journalist,might have discovered,the bribery,two weeks ago.
19,no,yes,3,-wh_gap,The colleagues realized,that,her mother stated,a friend said,her husband knew,,,might have discovered,the bribery,two weeks ago.
19,no,no,3,-wh_no_gap,The colleagues realized,that,her mother stated,a friend said,her husband knew,,the journalist,might have discovered,the bribery,two weeks ago.
19,yes,yes,3,+wh_gap,The colleagues realized,who,her mother stated,a friend said,her husband knew,,,might have discovered,the bribery,two weeks ago.
19,yes,no,3,+wh_no_gap,The colleagues realized,who,her mother stated,a friend said,her husband knew,,the journalist,might have discovered,the bribery,two weeks ago.
19,no,yes,4,-wh_gap,The colleagues realized,that,her mother stated,a friend said,her husband knew,his brother said,,might have discovered,the bribery,two weeks ago.
19,no,no,4,-wh_no_gap,The colleagues realized,that,her mother stated,a friend said,her husband knew,his brother said,the journalist,might have discovered,the bribery,two weeks ago.
19,yes,yes,4,+wh_gap,The colleagues realized,who,her mother stated,a friend said,her husband knew,his brother said,,might have discovered,the bribery,two weeks ago.
19,yes,no,4,+wh_no_gap,The colleagues realized,who,her mother stated,a friend said,her husband knew,his brother said,the journalist,might have discovered,the bribery,two weeks ago.
18,no,yes,0,-wh_gap,I know,that,,,,,,will find,a gun,in the office.
18,no,no,0,-wh_no_gap,I know,that,,,,,the five star general,will find,a gun,in the office.
18,yes,yes,0,+wh_gap,I know,who,,,,,,will find,a gun,in the office.
18,yes,no,0,+wh_no_gap,I know,who,,,,,the five star general,will find,a gun,in the office.
18,no,yes,1,-wh_gap,I know,that,the woman believed,,,,,will find,a gun,in the office.
18,no,no,1,-wh_no_gap,I know,that,the woman believed,,,,the five star general,will find,a gun,in the office.
18,yes,yes,1,+wh_gap,I know,who,the woman believed,,,,,will find,a gun,in the office.
18,yes,no,1,+wh_no_gap,I know,who,the woman believed,,,,the five star general,will find,a gun,in the office.
18,no,yes,2,-wh_gap,I know,that,the woman believed,the secretary said,,,,will find,a gun,in the office.
18,no,no,2,-wh_no_gap,I know,that,the woman believed,the secretary said,,,the five star general,will find,a gun,in the office.
18,yes,yes,2,+wh_gap,I know,who,the woman believed,the secretary said,,,,will find,a gun,in the office.
18,yes,no,2,+wh_no_gap,I know,who,the woman believed,the secretary said,,,the five star general,will find,a gun,in the office.
18,no,yes,3,-wh_gap,I know,that,the woman believed,the secretary said,her friend recalled,,,will find,a gun,in the office.
18,no,no,3,-wh_no_gap,I know,that,the woman believed,the secretary said,her friend recalled,,the five star general,will find,a gun,in the office.
18,yes,yes,3,+wh_gap,I know,who,the woman believed,the secretary said,her friend recalled,,,will find,a gun,in the office.
18,yes,no,3,+wh_no_gap,I know,who,the woman believed,the secretary said,her friend recalled,,the five star general,will find,a gun,in the office.
18,no,yes,4,-wh_gap,I know,that,the woman believed,the secretary said,her friend recalled,a colleague thinks,,will find,a gun,in the office.
18,no,no,4,-wh_no_gap,I know,that,the woman believed,the secretary said,her friend recalled,a colleague thinks,the five star general,will find,a gun,in the office.
18,yes,yes,4,+wh_gap,I know,who,the woman believed,the secretary said,her friend recalled,a colleague thinks,,will find,a gun,in the office.
18,yes,no,4,+wh_no_gap,I know,who,the woman believed,the secretary said,her friend recalled,a colleague thinks,the five star general,will find,a gun,in the office.
17,no,yes,0,-wh_gap,The visitor said,that,,,,,,should talk with,the new manager,in her office.
17,no,no,0,-wh_no_gap,The visitor said,that,,,,,the human resources officer,should talk with,the new manager,in her office.
17,yes,yes,0,+wh_gap,The visitor said,who,,,,,,should talk with,the new manager,in her office.
17,yes,no,0,+wh_no_gap,The visitor said,who,,,,,the human resources officer,should talk with,the new manager,in her office.
17,no,yes,1,-wh_gap,The visitor said,that,my friend said,,,,,should talk with,the new manager,in her office.
17,no,no,1,-wh_no_gap,The visitor said,that,my friend said,,,,the human resources officer,should talk with,the new manager,in her office.
17,yes,yes,1,+wh_gap,The visitor said,who,my friend said,,,,,should talk with,the new manager,in her office.
17,yes,no,1,+wh_no_gap,The visitor said,who,my friend said,,,,the human resources officer,should talk with,the new manager,in her office.
17,no,yes,2,-wh_gap,The visitor said,that,my friend said,her mother knew,,,,should talk with,the new manager,in her office.
17,no,no,2,-wh_no_gap,The visitor said,that,my friend said,her mother knew,,,the human resources officer,should talk with,the new manager,in her office.
17,yes,yes,2,+wh_gap,The visitor said,who,my friend said,her mother knew,,,,should talk with,the new manager,in her office.
17,yes,no,2,+wh_no_gap,The visitor said,who,my friend said,her mother knew,,,the human resources officer,should talk with,the new manager,in her office.
17,no,yes,3,-wh_gap,The visitor said,that,my friend said,her mother knew,the clerk stated,,,should talk with,the new manager,in her office.
17,no,no,3,-wh_no_gap,The visitor said,that,my friend said,her mother knew,the clerk stated,,the human resources officer,should talk with,the new manager,in her office.
17,yes,yes,3,+wh_gap,The visitor said,who,my friend said,her mother knew,the clerk stated,,,should talk with,the new manager,in her office.
17,yes,no,3,+wh_no_gap,The visitor said,who,my friend said,her mother knew,the clerk stated,,the human resources officer,should talk with,the new manager,in her office.
17,no,yes,4,-wh_gap,The visitor said,that,my friend said,her mother knew,the clerk stated,his friend saw,,should talk with,the new manager,in her office.
17,no,no,4,-wh_no_gap,The visitor said,that,my friend said,her mother knew,the clerk stated,his friend saw,the human resources officer,should talk with,the new manager,in her office.
17,yes,yes,4,+wh_gap,The visitor said,who,my friend said,her mother knew,the clerk stated,his friend saw,,should talk with,the new manager,in her office.
17,yes,no,4,+wh_no_gap,The visitor said,who,my friend said,her mother knew,the clerk stated,his friend saw,the human resources officer,should talk with,the new manager,in her office.
16,no,yes,0,-wh_gap,My friends all know,that,,,,,,will describe,her woes,to her friends.
16,no,no,0,-wh_no_gap,My friends all know,that,,,,,the single mother,will describe,her woes,to her friends.
16,yes,yes,0,+wh_gap,My friends all know,who,,,,,,will describe,her woes,to her friends.
16,yes,no,0,+wh_no_gap,My friends all know,who,,,,,the single mother,will describe,her woes,to her friends.
16,no,yes,1,-wh_gap,My friends all know,that,her friend knew,,,,,will describe,her woes,to her friends.
16,no,no,1,-wh_no_gap,My friends all know,that,her friend knew,,,,the single mother,will describe,her woes,to her friends.
16,yes,yes,1,+wh_gap,My friends all know,who,her friend knew,,,,,will describe,her woes,to her friends.
16,yes,no,1,+wh_no_gap,My friends all know,who,her friend knew,,,,the single mother,will describe,her woes,to her friends.
16,no,yes,2,-wh_gap,My friends all know,that,her friend knew,the delivery man believed,,,,will describe,her woes,to her friends.
16,no,no,2,-wh_no_gap,My friends all know,that,her friend knew,the delivery man believed,,,the single mother,will describe,her woes,to her friends.
16,yes,yes,2,+wh_gap,My friends all know,who,her friend knew,the delivery man believed,,,,will describe,her woes,to her friends.
16,yes,no,2,+wh_no_gap,My friends all know,who,her friend knew,the delivery man believed,,,the single mother,will describe,her woes,to her friends.
16,no,yes,3,-wh_gap,My friends all know,that,her friend knew,the delivery man believed,the cop said,,,will describe,her woes,to her friends.
16,no,no,3,-wh_no_gap,My friends all know,that,her friend knew,the delivery man believed,the cop said,,the single mother,will describe,her woes,to her friends.
16,yes,yes,3,+wh_gap,My friends all know,who,her friend knew,the delivery man believed,the cop said,,,will describe,her woes,to her friends.
16,yes,no,3,+wh_no_gap,My friends all know,who,her friend knew,the delivery man believed,the cop said,,the single mother,will describe,her woes,to her friends.
16,no,yes,4,-wh_gap,My friends all know,that,her friend knew,the delivery man believed,the cop said,his partner recalled,,will describe,her woes,to her friends.
16,no,no,4,-wh_no_gap,My friends all know,that,her friend knew,the delivery man believed,the cop said,his partner recalled,the single mother,will describe,her woes,to her friends.
16,yes,yes,4,+wh_gap,My friends all know,who,her friend knew,the delivery man believed,the cop said,his partner recalled,,will describe,her woes,to her friends.
16,yes,no,4,+wh_no_gap,My friends all know,who,her friend knew,the delivery man believed,the cop said,his partner recalled,the single mother,will describe,her woes,to her friends.
15,no,yes,0,-wh_gap,I know,that,,,,,,might find,a quarter,on the bus.
15,no,no,0,-wh_no_gap,I know,that,,,,,the elderly lady,might find,a quarter,on the bus.
15,yes,yes,0,+wh_gap,I know,who,,,,,,might find,a quarter,on the bus.
15,yes,no,0,+wh_no_gap,I know,who,,,,,the elderly lady,might find,a quarter,on the bus.
15,no,yes,1,-wh_gap,I know,that,their friend said,,,,,might find,a quarter,on the bus.
15,no,no,1,-wh_no_gap,I know,that,their friend said,,,,the elderly lady,might find,a quarter,on the bus.
15,yes,yes,1,+wh_gap,I know,who,their friend said,,,,,might find,a quarter,on the bus.
15,yes,no,1,+wh_no_gap,I know,who,their friend said,,,,the elderly lady,might find,a quarter,on the bus.
15,no,yes,2,-wh_gap,I know,that,their friend said,the secretary believed,,,,might find,a quarter,on the bus.
15,no,no,2,-wh_no_gap,I know,that,their friend said,the secretary believed,,,the elderly lady,might find,a quarter,on the bus.
15,yes,yes,2,+wh_gap,I know,who,their friend said,the secretary believed,,,,might find,a quarter,on the bus.
15,yes,no,2,+wh_no_gap,I know,who,their friend said,the secretary believed,,,the elderly lady,might find,a quarter,on the bus.
15,no,yes,3,-wh_gap,I know,that,their friend said,the secretary believed,the worker thinks,,,might find,a quarter,on the bus.
15,no,no,3,-wh_no_gap,I know,that,their friend said,the secretary believed,the worker thinks,,the elderly lady,might find,a quarter,on the bus.
15,yes,yes,3,+wh_gap,I know,who,their friend said,the secretary believed,the worker thinks,,,might find,a quarter,on the bus.
15,yes,no,3,+wh_no_gap,I know,who,their friend said,the secretary believed,the worker thinks,,the elderly lady,might find,a quarter,on the bus.
15,no,yes,4,-wh_gap,I know,that,their friend said,the secretary believed,the worker thinks,his boss reported,,might find,a quarter,on the bus.
15,no,no,4,-wh_no_gap,I know,that,their friend said,the secretary believed,the worker thinks,his boss reported,the elderly lady,might find,a quarter,on the bus.
15,yes,yes,4,+wh_gap,I know,who,their friend said,the secretary believed,the worker thinks,his boss reported,,might find,a quarter,on the bus.
15,yes,no,4,+wh_no_gap,I know,who,their friend said,the secretary believed,the worker thinks,his boss reported,the elderly lady,might find,a quarter,on the bus.
14,no,yes,0,-wh_gap,We all know,that,,,,,,will assemble,the bed,for his parents.
14,no,no,0,-wh_no_gap,We all know,that,,,,,the young professional,will assemble,the bed,for his parents.
14,yes,yes,0,+wh_gap,We all know,who,,,,,,will assemble,the bed,for his parents.
14,yes,no,0,+wh_no_gap,We all know,who,,,,,the young professional,will assemble,the bed,for his parents.
14,no,yes,1,-wh_gap,We all know,that,my neighbor said,,,,,will assemble,the bed,for his parents.
14,no,no,1,-wh_no_gap,We all know,that,my neighbor said,,,,the young professional,will assemble,the bed,for his parents.
14,yes,yes,1,+wh_gap,We all know,who,my neighbor said,,,,,will assemble,the bed,for his parents.
14,yes,no,1,+wh_no_gap,We all know,who,my neighbor said,,,,the young professional,will assemble,the bed,for his parents.
14,no,yes,2,-wh_gap,We all know,that,my neighbor said,her associate knew,,,,will assemble,the bed,for his parents.
14,no,no,2,-wh_no_gap,We all know,that,my neighbor said,her associate knew,,,the young professional,will assemble,the bed,for his parents.
14,yes,yes,2,+wh_gap,We all know,who,my neighbor said,her associate knew,,,,will assemble,the bed,for his parents.
14,yes,no,2,+wh_no_gap,We all know,who,my neighbor said,her associate knew,,,the young professional,will assemble,the bed,for his parents.
14,no,yes,3,-wh_gap,We all know,that,my neighbor said,her associate knew,a friend thinks,,,will assemble,the bed,for his parents.
14,no,no,3,-wh_no_gap,We all know,that,my neighbor said,her associate knew,a friend thinks,,the young professional,will assemble,the bed,for his parents.
14,yes,yes,3,+wh_gap,We all know,who,my neighbor said,her associate knew,a friend thinks,,,will assemble,the bed,for his parents.
14,yes,no,3,+wh_no_gap,We all know,who,my neighbor said,her associate knew,a friend thinks,,the young professional,will assemble,the bed,for his parents.
14,no,yes,4,-wh_gap,We all know,that,my neighbor said,her associate knew,a friend thinks,her sister believes,,will assemble,the bed,for his parents.
14,no,no,4,-wh_no_gap,We all know,that,my neighbor said,her associate knew,a friend thinks,her sister believes,the young professional,will assemble,the bed,for his parents.
14,yes,yes,4,+wh_gap,We all know,who,my neighbor said,her associate knew,a friend thinks,her sister believes,,will assemble,the bed,for his parents.
14,yes,no,4,+wh_no_gap,We all know,who,my neighbor said,her associate knew,a friend thinks,her sister believes,the young professional,will assemble,the bed,for his parents.
13,no,yes,0,-wh_gap,The novel revealed,that,,,,,,could say,something,to his donors.
13,no,no,0,-wh_no_gap,The novel revealed,that,,,,,the young politician,could say,something,to his donors.
13,yes,yes,0,+wh_gap,The novel revealed,who,,,,,,could say,something,to his donors.
13,yes,no,0,+wh_no_gap,The novel revealed,who,,,,,the young politician,could say,something,to his donors.
13,no,yes,1,-wh_gap,The novel revealed,that,our friend thought,,,,,could say,something,to his donors.
13,no,no,1,-wh_no_gap,The novel revealed,that,our friend thought,,,,the young politician,could say,something,to his donors.
13,yes,yes,1,+wh_gap,The novel revealed,who,our friend thought,,,,,could say,something,to his donors.
13,yes,no,1,+wh_no_gap,The novel revealed,who,our friend thought,,,,the young politician,could say,something,to his donors.
13,no,yes,2,-wh_gap,The novel revealed,that,our friend thought,the reporter knows,,,,could say,something,to his donors.
13,no,no,2,-wh_no_gap,The novel revealed,that,our friend thought,the reporter knows,,,the young politician,could say,something,to his donors.
13,yes,yes,2,+wh_gap,The novel revealed,who,our friend thought,the reporter knows,,,,could say,something,to his donors.
13,yes,no,2,+wh_no_gap,The novel revealed,who,our friend thought,the reporter knows,,,the young politician,could say,something,to his donors.
13,no,yes,3,-wh_gap,The novel revealed,that,our friend thought,the reporter knows,her contact said,,,could say,something,to his donors.
13,no,no,3,-wh_no_gap,The novel revealed,that,our friend thought,the reporter knows,her contact said,,the young politician,could say,something,to his donors.
13,yes,yes,3,+wh_gap,The novel revealed,who,our friend thought,the reporter knows,her contact said,,,could say,something,to his donors.
13,yes,no,3,+wh_no_gap,The novel revealed,who,our friend thought,the reporter knows,her contact said,,the young politician,could say,something,to his donors.
13,no,yes,4,-wh_gap,The novel revealed,that,our friend thought,the reporter knows,her contact said,his friend saw,,could say,something,to his donors.
13,no,no,4,-wh_no_gap,The novel revealed,that,our friend thought,the reporter knows,her contact said,his friend saw,the young politician,could say,something,to his donors.
13,yes,yes,4,+wh_gap,The novel revealed,who,our friend thought,the reporter knows,her contact said,his friend saw,,could say,something,to his donors.
13,yes,no,4,+wh_no_gap,The novel revealed,who,our friend thought,the reporter knows,her contact said,his friend saw,the young politician,could say,something,to his donors.
12,no,yes,0,-wh_gap,I realized,that,,,,,,should see,a painting,at the museum.
12,no,no,0,-wh_no_gap,I realized,that,,,,,the suffering artist,should see,a painting,at the museum.
12,yes,yes,0,+wh_gap,I realized,who,,,,,,should see,a painting,at the museum.
12,yes,no,0,+wh_no_gap,I realized,who,,,,,the suffering artist,should see,a painting,at the museum.
12,no,yes,1,-wh_gap,I realized,that,the painter believed,,,,,should see,a painting,at the museum.
12,no,no,1,-wh_no_gap,I realized,that,the painter believed,,,,the suffering artist,should see,a painting,at the museum.
12,yes,yes,1,+wh_gap,I realized,who,the painter believed,,,,,should see,a painting,at the museum.
12,yes,no,1,+wh_no_gap,I realized,who,the painter believed,,,,the suffering artist,should see,a painting,at the museum.
12,no,yes,2,-wh_gap,I realized,that,the painter believed,his rival suspected,,,,should see,a painting,at the museum.
12,no,no,2,-wh_no_gap,I realized,that,the painter believed,his rival suspected,,,the suffering artist,should see,a painting,at the museum.
12,yes,yes,2,+wh_gap,I realized,who,the painter believed,his rival suspected,,,,should see,a painting,at the museum.
12,yes,no,2,+wh_no_gap,I realized,who,the painter believed,his rival suspected,,,the suffering artist,should see,a painting,at the museum.
12,no,yes,3,-wh_gap,I realized,that,the painter believed,his rival suspected,the man said,,,should see,a painting,at the museum.
12,no,no,3,-wh_no_gap,I realized,that,the painter believed,his rival suspected,the man said,,the suffering artist,should see,a painting,at the museum.
12,yes,yes,3,+wh_gap,I realized,who,the painter believed,his rival suspected,the man said,,,should see,a painting,at the museum.
12,yes,no,3,+wh_no_gap,I realized,who,the painter believed,his rival suspected,the man said,,the suffering artist,should see,a painting,at the museum.
12,no,yes,4,-wh_gap,I realized,that,the painter believed,his rival suspected,the man said,his friend recalls,,should see,a painting,at the museum.
12,no,no,4,-wh_no_gap,I realized,that,the painter believed,his rival suspected,the man said,his friend recalls,the suffering artist,should see,a painting,at the museum.
12,yes,yes,4,+wh_gap,I realized,who,the painter believed,his rival suspected,the man said,his friend recalls,,should see,a painting,at the museum.
12,yes,no,4,+wh_no_gap,I realized,who,the painter believed,his rival suspected,the man said,his friend recalls,the suffering artist,should see,a painting,at the museum.
11,no,yes,0,-wh_gap,Her friend found out,that,,,,,,could tell,a story,to the guests.
11,no,no,0,-wh_no_gap,Her friend found out,that,,,,,the visitor,could tell,a story,to the guests.
11,yes,yes,0,+wh_gap,Her friend found out,who,,,,,,could tell,a story,to the guests.
11,yes,no,0,+wh_no_gap,Her friend found out,who,,,,,the visitor,could tell,a story,to the guests.
11,no,yes,1,-wh_gap,Her friend found out,that,my friend believed,,,,,could tell,a story,to the guests.
11,no,no,1,-wh_no_gap,Her friend found out,that,my friend believed,,,,the visitor,could tell,a story,to the guests.
11,yes,yes,1,+wh_gap,Her friend found out,who,my friend believed,,,,,could tell,a story,to the guests.
11,yes,no,1,+wh_no_gap,Her friend found out,who,my friend believed,,,,the visitor,could tell,a story,to the guests.
11,no,yes,2,-wh_gap,Her friend found out,that,my friend believed,the professor said,,,,could tell,a story,to the guests.
11,no,no,2,-wh_no_gap,Her friend found out,that,my friend believed,the professor said,,,the visitor,could tell,a story,to the guests.
11,yes,yes,2,+wh_gap,Her friend found out,who,my friend believed,the professor said,,,,could tell,a story,to the guests.
11,yes,no,2,+wh_no_gap,Her friend found out,who,my friend believed,the professor said,,,the visitor,could tell,a story,to the guests.
11,no,yes,3,-wh_gap,Her friend found out,that,my friend believed,the professor said,his colleague noticed,,,could tell,a story,to the guests.
11,no,no,3,-wh_no_gap,Her friend found out,that,my friend believed,the professor said,his colleague noticed,,the visitor,could tell,a story,to the guests.
11,yes,yes,3,+wh_gap,Her friend found out,who,my friend believed,the professor said,his colleague noticed,,,could tell,a story,to the guests.
11,yes,no,3,+wh_no_gap,Her friend found out,who,my friend believed,the professor said,his colleague noticed,,the visitor,could tell,a story,to the guests.
11,no,yes,4,-wh_gap,Her friend found out,that,my friend believed,the professor said,his colleague noticed,their students recalled,,could tell,a story,to the guests.
11,no,no,4,-wh_no_gap,Her friend found out,that,my friend believed,the professor said,his colleague noticed,their students recalled,the visitor,could tell,a story,to the guests.
11,yes,yes,4,+wh_gap,Her friend found out,who,my friend believed,the professor said,his colleague noticed,their students recalled,,could tell,a story,to the guests.
11,yes,no,4,+wh_no_gap,Her friend found out,who,my friend believed,the professor said,his colleague noticed,their students recalled,the visitor,could tell,a story,to the guests.
10,no,yes,0,-wh_gap,The newspaper reported,that,,,,,,might sell,a car,to his friend.
10,no,no,0,-wh_no_gap,The newspaper reported,that,,,,,the boss,might sell,a car,to his friend.
10,yes,yes,0,+wh_gap,The newspaper reported,who,,,,,,might sell,a car,to his friend.
10,yes,no,0,+wh_no_gap,The newspaper reported,who,,,,,the boss,might sell,a car,to his friend.
10,no,yes,1,-wh_gap,The newspaper reported,that,the investigator thought,,,,,might sell,a car,to his friend.
10,no,no,1,-wh_no_gap,The newspaper reported,that,the investigator thought,,,,the boss,might sell,a car,to his friend.
10,yes,yes,1,+wh_gap,The newspaper reported,who,the investigator thought,,,,,might sell,a car,to his friend.
10,yes,no,1,+wh_no_gap,The newspaper reported,who,the investigator thought,,,,the boss,might sell,a car,to his friend.
10,no,yes,2,-wh_gap,The newspaper reported,that,the investigator thought,the businessman believed,,,,might sell,a car,to his friend.
10,no,no,2,-wh_no_gap,The newspaper reported,that,the investigator thought,the businessman believed,,,the boss,might sell,a car,to his friend.
10,yes,yes,2,+wh_gap,The newspaper reported,who,the investigator thought,the businessman believed,,,,might sell,a car,to his friend.
10,yes,no,2,+wh_no_gap,The newspaper reported,who,the investigator thought,the businessman believed,,,the boss,might sell,a car,to his friend.
10,no,yes,3,-wh_gap,The newspaper reported,that,the investigator thought,the businessman believed,the banker said,,,might sell,a car,to his friend.
10,no,no,3,-wh_no_gap,The newspaper reported,that,the investigator thought,the businessman believed,the banker said,,the boss,might sell,a car,to his friend.
10,yes,yes,3,+wh_gap,The newspaper reported,who,the investigator thought,the businessman believed,the banker said,,,might sell,a car,to his friend.
10,yes,no,3,+wh_no_gap,The newspaper reported,who,the investigator thought,the businessman believed,the banker said,,the boss,might sell,a car,to his friend.
10,no,yes,4,-wh_gap,The newspaper reported,that,the investigator thought,the businessman believed,the banker said,his friend believes,,might sell,a car,to his friend.
10,no,no,4,-wh_no_gap,The newspaper reported,that,the investigator thought,the businessman believed,the banker said,his friend believes,the boss,might sell,a car,to his friend.
10,yes,yes,4,+wh_gap,The newspaper reported,who,the investigator thought,the businessman believed,the banker said,his friend believes,,might sell,a car,to his friend.
10,yes,no,4,+wh_no_gap,The newspaper reported,who,the investigator thought,the businessman believed,the banker said,his friend believes,the boss,might sell,a car,to his friend.
9,no,yes,0,-wh_gap,I know,that,,,,,,will promise,a raise,to the factory workers.
9,no,no,0,-wh_no_gap,I know,that,,,,,the business man,will promise,a raise,to the factory workers.
9,yes,yes,0,+wh_gap,I know,who,,,,,,will promise,a raise,to the factory workers.
9,yes,no,0,+wh_no_gap,I know,who,,,,,the business man,will promise,a raise,to the factory workers.
9,no,yes,1,-wh_gap,I know,that,the secretary said,,,,,will promise,a raise,to the factory workers.
9,no,no,1,-wh_no_gap,I know,that,the secretary said,,,,the business man,will promise,a raise,to the factory workers.
9,yes,yes,1,+wh_gap,I know,who,the secretary said,,,,,will promise,a raise,to the factory workers.
9,yes,no,1,+wh_no_gap,I know,who,the secretary said,,,,the business man,will promise,a raise,to the factory workers.
9,no,yes,2,-wh_gap,I know,that,the secretary said,the journalist remarked,,,,will promise,a raise,to the factory workers.
9,no,no,2,-wh_no_gap,I know,that,the secretary said,the journalist remarked,,,the business man,will promise,a raise,to the factory workers.
9,yes,yes,2,+wh_gap,I know,who,the secretary said,the journalist remarked,,,,will promise,a raise,to the factory workers.
9,yes,no,2,+wh_no_gap,I know,who,the secretary said,the journalist remarked,,,the business man,will promise,a raise,to the factory workers.
9,no,yes,3,-wh_gap,I know,that,the secretary said,the journalist remarked,the workers said,,,will promise,a raise,to the factory workers.
9,no,no,3,-wh_no_gap,I know,that,the secretary said,the journalist remarked,the workers said,,the business man,will promise,a raise,to the factory workers.
9,yes,yes,3,+wh_gap,I know,who,the secretary said,the journalist remarked,the workers said,,,will promise,a raise,to the factory workers.
9,yes,no,3,+wh_no_gap,I know,who,the secretary said,the journalist remarked,the workers said,,the business man,will promise,a raise,to the factory workers.
9,no,yes,4,-wh_gap,I know,that,the secretary said,the journalist remarked,the workers said,their representatives think,,will promise,a raise,to the factory workers.
9,no,no,4,-wh_no_gap,I know,that,the secretary said,the journalist remarked,the workers said,their representatives think,the business man,will promise,a raise,to the factory workers.
9,yes,yes,4,+wh_gap,I know,who,the secretary said,the journalist remarked,the workers said,their representatives think,,will promise,a raise,to the factory workers.
9,yes,no,4,+wh_no_gap,I know,who,the secretary said,the journalist remarked,the workers said,their representatives think,the business man,will promise,a raise,to the factory workers.
8,no,yes,0,-wh_gap,We all know,that,,,,,,might repay,his debt,to the criminal kingpin.
8,no,no,0,-wh_no_gap,We all know,that,,,,,the investor,might repay,his debt,to the criminal kingpin.
8,yes,yes,0,+wh_gap,We all know,who,,,,,,might repay,his debt,to the criminal kingpin.
8,yes,no,0,+wh_no_gap,We all know,who,,,,,the investor,might repay,his debt,to the criminal kingpin.
8,no,yes,1,-wh_gap,We all know,that,the accountant said,,,,,might repay,his debt,to the criminal kingpin.
8,no,no,1,-wh_no_gap,We all know,that,the accountant said,,,,the investor,might repay,his debt,to the criminal kingpin.
8,yes,yes,1,+wh_gap,We all know,who,the accountant said,,,,,might repay,his debt,to the criminal kingpin.
8,yes,no,1,+wh_no_gap,We all know,who,the accountant said,,,,the investor,might repay,his debt,to the criminal kingpin.
8,no,yes,2,-wh_gap,We all know,that,the accountant said,his colleague recalled,,,,might repay,his debt,to the criminal kingpin.
8,no,no,2,-wh_no_gap,We all know,that,the accountant said,his colleague recalled,,,the investor,might repay,his debt,to the criminal kingpin.
8,yes,yes,2,+wh_gap,We all know,who,the accountant said,his colleague recalled,,,,might repay,his debt,to the criminal kingpin.
8,yes,no,2,+wh_no_gap,We all know,who,the accountant said,his colleague recalled,,,the investor,might repay,his debt,to the criminal kingpin.
8,no,yes,3,-wh_gap,We all know,that,the accountant said,his colleague recalled,the partners knew,,,might repay,his debt,to the criminal kingpin.
8,no,no,3,-wh_no_gap,We all know,that,the accountant said,his colleague recalled,the partners knew,,the investor,might repay,his debt,to the criminal kingpin.
8,yes,yes,3,+wh_gap,We all know,who,the accountant said,his colleague recalled,the partners knew,,,might repay,his debt,to the criminal kingpin.
8,yes,no,3,+wh_no_gap,We all know,who,the accountant said,his colleague recalled,the partners knew,,the investor,might repay,his debt,to the criminal kingpin.
8,no,yes,4,-wh_gap,We all know,that,the accountant said,his colleague recalled,the partners knew,their accountant suspects,,might repay,his debt,to the criminal kingpin.
8,no,no,4,-wh_no_gap,We all know,that,the accountant said,his colleague recalled,the partners knew,their accountant suspects,the investor,might repay,his debt,to the criminal kingpin.
8,yes,yes,4,+wh_gap,We all know,who,the accountant said,his colleague recalled,the partners knew,their accountant suspects,,might repay,his debt,to the criminal kingpin.
8,yes,no,4,+wh_no_gap,We all know,who,the accountant said,his colleague recalled,the partners knew,their accountant suspects,the investor,might repay,his debt,to the criminal kingpin.
7,no,yes,0,-wh_gap,The commissioner discovered,that,,,,,,will lend,some money,to the man.
7,no,no,0,-wh_no_gap,The commissioner discovered,that,,,,,the police detective,will lend,some money,to the man.
7,yes,yes,0,+wh_gap,The commissioner discovered,who,,,,,,will lend,some money,to the man.
7,yes,no,0,+wh_no_gap,The commissioner discovered,who,,,,,the police detective,will lend,some money,to the man.
7,no,yes,1,-wh_gap,The commissioner discovered,that,the report stated,,,,,will lend,some money,to the man.
7,no,no,1,-wh_no_gap,The commissioner discovered,that,the report stated,,,,the police detective,will lend,some money,to the man.
7,yes,yes,1,+wh_gap,The commissioner discovered,who,the report stated,,,,,will lend,some money,to the man.
7,yes,no,1,+wh_no_gap,The commissioner discovered,who,the report stated,,,,the police detective,will lend,some money,to the man.
7,no,yes,2,-wh_gap,The commissioner discovered,that,the report stated,the television host thought,,,,will lend,some money,to the man.
7,no,no,2,-wh_no_gap,The commissioner discovered,that,the report stated,the television host thought,,,the police detective,will lend,some money,to the man.
7,yes,yes,2,+wh_gap,The commissioner discovered,who,the report stated,the television host thought,,,,will lend,some money,to the man.
7,yes,no,2,+wh_no_gap,The commissioner discovered,who,the report stated,the television host thought,,,the police detective,will lend,some money,to the man.
7,no,yes,3,-wh_gap,The commissioner discovered,that,the report stated,the television host thought,the man reported,,,will lend,some money,to the man.
7,no,no,3,-wh_no_gap,The commissioner discovered,that,the report stated,the television host thought,the man reported,,the police detective,will lend,some money,to the man.
7,yes,yes,3,+wh_gap,The commissioner discovered,who,the report stated,the television host thought,the man reported,,,will lend,some money,to the man.
7,yes,no,3,+wh_no_gap,The commissioner discovered,who,the report stated,the television host thought,the man reported,,the police detective,will lend,some money,to the man.
7,no,yes,4,-wh_gap,The commissioner discovered,that,the report stated,the television host thought,the man reported,the lawyer said,,will lend,some money,to the man.
7,no,no,4,-wh_no_gap,The commissioner discovered,that,the report stated,the television host thought,the man reported,the lawyer said,the police detective,will lend,some money,to the man.
7,yes,yes,4,+wh_gap,The commissioner discovered,who,the report stated,the television host thought,the man reported,the lawyer said,,will lend,some money,to the man.
7,yes,no,4,+wh_no_gap,The commissioner discovered,who,the report stated,the television host thought,the man reported,the lawyer said,the police detective,will lend,some money,to the man.
6,no,yes,0,-wh_gap,My friend knows,that,,,,,,should hand,an award,for her mother.
6,no,no,0,-wh_no_gap,My friend knows,that,,,,,the successful architect,should hand,an award,for her mother.
6,yes,yes,0,+wh_gap,My friend knows,who,,,,,,should hand,an award,for her mother.
6,yes,no,0,+wh_no_gap,My friend knows,who,,,,,the successful architect,should hand,an award,for her mother.
6,no,yes,1,-wh_gap,My friend knows,that,the judge thought,,,,,should hand,an award,for her mother.
6,no,no,1,-wh_no_gap,My friend knows,that,the judge thought,,,,the successful architect,should hand,an award,for her mother.
6,yes,yes,1,+wh_gap,My friend knows,who,the judge thought,,,,,should hand,an award,for her mother.
6,yes,no,1,+wh_no_gap,My friend knows,who,the judge thought,,,,the successful architect,should hand,an award,for her mother.
6,no,yes,2,-wh_gap,My friend knows,that,the judge thought,the cop said,,,,should hand,an award,for her mother.
6,no,no,2,-wh_no_gap,My friend knows,that,the judge thought,the cop said,,,the successful architect,should hand,an award,for her mother.
6,yes,yes,2,+wh_gap,My friend knows,who,the judge thought,the cop said,,,,should hand,an award,for her mother.
6,yes,no,2,+wh_no_gap,My friend knows,who,the judge thought,the cop said,,,the successful architect,should hand,an award,for her mother.
6,no,yes,3,-wh_gap,My friend knows,that,the judge thought,the cop said,the man testified,,,should hand,an award,for her mother.
6,no,no,3,-wh_no_gap,My friend knows,that,the judge thought,the cop said,the man testified,,the successful architect,should hand,an award,for her mother.
6,yes,yes,3,+wh_gap,My friend knows,who,the judge thought,the cop said,the man testified,,,should hand,an award,for her mother.
6,yes,no,3,+wh_no_gap,My friend knows,who,the judge thought,the cop said,the man testified,,the successful architect,should hand,an award,for her mother.
6,no,yes,4,-wh_gap,My friend knows,that,the judge thought,the cop said,the man testified,his friend reported,,should hand,an award,for her mother.
6,no,no,4,-wh_no_gap,My friend knows,that,the judge thought,the cop said,the man testified,his friend reported,the successful architect,should hand,an award,for her mother.
6,yes,yes,4,+wh_gap,My friend knows,who,the judge thought,the cop said,the man testified,his friend reported,,should hand,an award,for her mother.
6,yes,no,4,+wh_no_gap,My friend knows,who,the judge thought,the cop said,the man testified,his friend reported,the successful architect,should hand,an award,for her mother.
5,no,yes,0,-wh_gap,The neighbors found out,that,,,,,,did buy,a gift,for her parents.
5,no,no,0,-wh_no_gap,The neighbors found out,that,,,,,the young woman,did buy,a gift,for her parents.
5,yes,yes,0,+wh_gap,The neighbors found out,who,,,,,,did buy,a gift,for her parents.
5,yes,no,0,+wh_no_gap,The neighbors found out,who,,,,,the young woman,did buy,a gift,for her parents.
5,no,yes,1,-wh_gap,The neighbors found out,that,her mother heard,,,,,did buy,a gift,for her parents.
5,no,no,1,-wh_no_gap,The neighbors found out,that,her mother heard,,,,the young woman,did buy,a gift,for her parents.
5,yes,yes,1,+wh_gap,The neighbors found out,who,her mother heard,,,,,did buy,a gift,for her parents.
5,yes,no,1,+wh_no_gap,The neighbors found out,who,her mother heard,,,,the young woman,did buy,a gift,for her parents.
5,no,yes,2,-wh_gap,The neighbors found out,that,her mother heard,the newspaper reported,,,,did buy,a gift,for her parents.
5,no,no,2,-wh_no_gap,The neighbors found out,that,her mother heard,the newspaper reported,,,the young woman,did buy,a gift,for her parents.
5,yes,yes,2,+wh_gap,The neighbors found out,who,her mother heard,the newspaper reported,,,,did buy,a gift,for her parents.
5,yes,no,2,+wh_no_gap,The neighbors found out,who,her mother heard,the newspaper reported,,,the young woman,did buy,a gift,for her parents.
5,no,yes,3,-wh_gap,The neighbors found out,that,her mother heard,the newspaper reported,the mayor said,,,did buy,a gift,for her parents.
5,no,no,3,-wh_no_gap,The neighbors found out,that,her mother heard,the newspaper reported,the mayor said,,the young woman,did buy,a gift,for her parents.
5,yes,yes,3,+wh_gap,The neighbors found out,who,her mother heard,the newspaper reported,the mayor said,,,did buy,a gift,for her parents.
5,yes,no,3,+wh_no_gap,The neighbors found out,who,her mother heard,the newspaper reported,the mayor said,,the young woman,did buy,a gift,for her parents.
5,no,yes,4,-wh_gap,The neighbors found out,that,her mother heard,the newspaper reported,the mayor said,his assistant saw,,did buy,a gift,for her parents.
5,no,no,4,-wh_no_gap,The neighbors found out,that,her mother heard,the newspaper reported,the mayor said,his assistant saw,the young woman,did buy,a gift,for her parents.
5,yes,yes,4,+wh_gap,The neighbors found out,who,her mother heard,the newspaper reported,the mayor said,his assistant saw,,did buy,a gift,for her parents.
5,yes,no,4,+wh_no_gap,The neighbors found out,who,her mother heard,the newspaper reported,the mayor said,his assistant saw,the young woman,did buy,a gift,for her parents.
4,no,yes,0,-wh_gap,We discovered,that,,,,,,did tell,a story,about the woman.
4,no,no,0,-wh_no_gap,We discovered,that,,,,,the funny actor,did tell,a story,about the woman.
4,yes,yes,0,+wh_gap,We discovered,who,,,,,,did tell,a story,about the woman.
4,yes,no,0,+wh_no_gap,We discovered,who,,,,,the funny actor,did tell,a story,about the woman.
4,no,yes,1,-wh_gap,We discovered,that,the delivery boy remarked,,,,,did tell,a story,about the woman.
4,no,no,1,-wh_no_gap,We discovered,that,the delivery boy remarked,,,,the funny actor,did tell,a story,about the woman.
4,yes,yes,1,+wh_gap,We discovered,who,the delivery boy remarked,,,,,did tell,a story,about the woman.
4,yes,no,1,+wh_no_gap,We discovered,who,the delivery boy remarked,,,,the funny actor,did tell,a story,about the woman.
4,no,yes,2,-wh_gap,We discovered,that,the delivery boy remarked,the worker said,,,,did tell,a story,about the woman.
4,no,no,2,-wh_no_gap,We discovered,that,the delivery boy remarked,the worker said,,,the funny actor,did tell,a story,about the woman.
4,yes,yes,2,+wh_gap,We discovered,who,the delivery boy remarked,the worker said,,,,did tell,a story,about the woman.
4,yes,no,2,+wh_no_gap,We discovered,who,the delivery boy remarked,the worker said,,,the funny actor,did tell,a story,about the woman.
4,no,yes,3,-wh_gap,We discovered,that,the delivery boy remarked,the worker said,the gardener knew,,,did tell,a story,about the woman.
4,no,no,3,-wh_no_gap,We discovered,that,the delivery boy remarked,the worker said,the gardener knew,,the funny actor,did tell,a story,about the woman.
4,yes,yes,3,+wh_gap,We discovered,who,the delivery boy remarked,the worker said,the gardener knew,,,did tell,a story,about the woman.
4,yes,no,3,+wh_no_gap,We discovered,who,the delivery boy remarked,the worker said,the gardener knew,,the funny actor,did tell,a story,about the woman.
4,no,yes,4,-wh_gap,We discovered,that,the delivery boy remarked,the worker said,the gardener knew,the maid remembers,,did tell,a story,about the woman.
4,no,no,4,-wh_no_gap,We discovered,that,the delivery boy remarked,the worker said,the gardener knew,the maid remembers,the funny actor,did tell,a story,about the woman.
4,yes,yes,4,+wh_gap,We discovered,who,the delivery boy remarked,the worker said,the gardener knew,the maid remembers,,did tell,a story,about the woman.
4,yes,no,4,+wh_no_gap,We discovered,who,the delivery boy remarked,the worker said,the gardener knew,the maid remembers,the funny actor,did tell,a story,about the woman.
3,no,yes,0,-wh_gap,The assistant told me,that,,,,,,will send,the package,to his family.
3,no,no,0,-wh_no_gap,The assistant told me,that,,,,,the pilot,will send,the package,to his family.
3,yes,yes,0,+wh_gap,The assistant told me,who,,,,,,will send,the package,to his family.
3,yes,no,0,+wh_no_gap,The assistant told me,who,,,,,the pilot,will send,the package,to his family.
3,no,yes,1,-wh_gap,The assistant told me,that,the man knew,,,,,will send,the package,to his family.
3,no,no,1,-wh_no_gap,The assistant told me,that,the man knew,,,,the pilot,will send,the package,to his family.
3,yes,yes,1,+wh_gap,The assistant told me,who,the man knew,,,,,will send,the package,to his family.
3,yes,no,1,+wh_no_gap,The assistant told me,who,the man knew,,,,the pilot,will send,the package,to his family.
3,no,yes,2,-wh_gap,The assistant told me,that,the man knew,his friend recalled,,,,will send,the package,to his family.
3,no,no,2,-wh_no_gap,The assistant told me,that,the man knew,his friend recalled,,,the pilot,will send,the package,to his family.
3,yes,yes,2,+wh_gap,The assistant told me,who,the man knew,his friend recalled,,,,will send,the package,to his family.
3,yes,no,2,+wh_no_gap,The assistant told me,who,the man knew,his friend recalled,,,the pilot,will send,the package,to his family.
3,no,yes,3,-wh_gap,The assistant told me,that,the man knew,his friend recalled,the woman said,,,will send,the package,to his family.
3,no,no,3,-wh_no_gap,The assistant told me,that,the man knew,his friend recalled,the woman said,,the pilot,will send,the package,to his family.
3,yes,yes,3,+wh_gap,The assistant told me,who,the man knew,his friend recalled,the woman said,,,will send,the package,to his family.
3,yes,no,3,+wh_no_gap,The assistant told me,who,the man knew,his friend recalled,the woman said,,the pilot,will send,the package,to his family.
3,no,yes,4,-wh_gap,The assistant told me,that,the man knew,his friend recalled,the woman said,her colleague saw,,will send,the package,to his family.
3,no,no,4,-wh_no_gap,The assistant told me,that,the man knew,his friend recalled,the woman said,her colleague saw,the pilot,will send,the package,to his family.
3,yes,yes,4,+wh_gap,The assistant told me,who,the man knew,his friend recalled,the woman said,her colleague saw,,will send,the package,to his family.
3,yes,no,4,+wh_no_gap,The assistant told me,who,the man knew,his friend recalled,the woman said,her colleague saw,the pilot,will send,the package,to his family.
2,no,yes,0,-wh_gap,The accountant knew,that,,,,,,could introduce,the new woman,to her friend.
2,no,no,0,-wh_no_gap,The accountant knew,that,,,,,the secretary,could introduce,the new woman,to her friend.
2,yes,yes,0,+wh_gap,The accountant knew,who,,,,,,could introduce,the new woman,to her friend.
2,yes,no,0,+wh_no_gap,The accountant knew,who,,,,,the secretary,could introduce,the new woman,to her friend.
2,no,yes,1,-wh_gap,The accountant knew,that,the security guard believed,,,,,could introduce,the new woman,to her friend.
2,no,no,1,-wh_no_gap,The accountant knew,that,the security guard believed,,,,the secretary,could introduce,the new woman,to her friend.
2,yes,yes,1,+wh_gap,The accountant knew,who,the security guard believed,,,,,could introduce,the new woman,to her friend.
2,yes,no,1,+wh_no_gap,The accountant knew,who,the security guard believed,,,,the secretary,could introduce,the new woman,to her friend.
2,no,yes,2,-wh_gap,The accountant knew,that,the security guard believed,his friend knew,,,,could introduce,the new woman,to her friend.
2,no,no,2,-wh_no_gap,The accountant knew,that,the security guard believed,his friend knew,,,the secretary,could introduce,the new woman,to her friend.
2,yes,yes,2,+wh_gap,The accountant knew,who,the security guard believed,his friend knew,,,,could introduce,the new woman,to her friend.
2,yes,no,2,+wh_no_gap,The accountant knew,who,the security guard believed,his friend knew,,,the secretary,could introduce,the new woman,to her friend.
2,no,yes,3,-wh_gap,The accountant knew,that,the security guard believed,his friend knew,the assistant reported,,,could introduce,the new woman,to her friend.
2,no,no,3,-wh_no_gap,The accountant knew,that,the security guard believed,his friend knew,the assistant reported,,the secretary,could introduce,the new woman,to her friend.
2,yes,yes,3,+wh_gap,The accountant knew,who,the security guard believed,his friend knew,the assistant reported,,,could introduce,the new woman,to her friend.
2,yes,no,3,+wh_no_gap,The accountant knew,who,the security guard believed,his friend knew,the assistant reported,,the secretary,could introduce,the new woman,to her friend.
2,no,yes,4,-wh_gap,The accountant knew,that,the security guard believed,his friend knew,the assistant reported,her colleague suspected,,could introduce,the new woman,to her friend.
2,no,no,4,-wh_no_gap,The accountant knew,that,the security guard believed,his friend knew,the assistant reported,her colleague suspected,the secretary,could introduce,the new woman,to her friend.
2,yes,yes,4,+wh_gap,The accountant knew,who,the security guard believed,his friend knew,the assistant reported,her colleague suspected,,could introduce,the new woman,to her friend.
2,yes,no,4,+wh_no_gap,The accountant knew,who,the security guard believed,his friend knew,the assistant reported,her colleague suspected,the secretary,could introduce,the new woman,to her friend.
1,no,yes,0,-wh_gap,I know,that,,,,,,will throw,the plastic,into the trash can.
1,no,no,0,-wh_no_gap,I know,that,,,,,your friend,will throw,the plastic,into the trash can.
1,yes,yes,0,+wh_gap,I know,who,,,,,,will throw,the plastic,into the trash can.
1,yes,no,0,+wh_no_gap,I know,who,,,,,your friend,will throw,the plastic,into the trash can.
1,no,yes,1,-wh_gap,I know,that,our mother said,,,,,will throw,the plastic,into the trash can.
1,no,no,1,-wh_no_gap,I know,that,our mother said,,,,your friend,will throw,the plastic,into the trash can.
1,yes,yes,1,+wh_gap,I know,who,our mother said,,,,,will throw,the plastic,into the trash can.
1,yes,no,1,+wh_no_gap,I know,who,our mother said,,,,your friend,will throw,the plastic,into the trash can.
1,no,yes,2,-wh_gap,I know,that,our mother said,her friend remarked,,,,will throw,the plastic,into the trash can.
1,no,no,2,-wh_no_gap,I know,that,our mother said,her friend remarked,,,your friend,will throw,the plastic,into the trash can.
1,yes,yes,2,+wh_gap,I know,who,our mother said,her friend remarked,,,,will throw,the plastic,into the trash can.
1,yes,no,2,+wh_no_gap,I know,who,our mother said,her friend remarked,,,your friend,will throw,the plastic,into the trash can.
1,no,yes,3,-wh_gap,I know,that,our mother said,her friend remarked,the park attendant reported,,,will throw,the plastic,into the trash can.
1,no,no,3,-wh_no_gap,I know,that,our mother said,her friend remarked,the park attendant reported,,your friend,will throw,the plastic,into the trash can.
1,yes,yes,3,+wh_gap,I know,who,our mother said,her friend remarked,the park attendant reported,,,will throw,the plastic,into the trash can.
1,yes,no,3,+wh_no_gap,I know,who,our mother said,her friend remarked,the park attendant reported,,your friend,will throw,the plastic,into the trash can.
1,no,yes,4,-wh_gap,I know,that,our mother said,her friend remarked,the park attendant reported,the cop thinks,,will throw,the plastic,into the trash can.
1,no,no,4,-wh_no_gap,I know,that,our mother said,her friend remarked,the park attendant reported,the cop thinks,your friend,will throw,the plastic,into the trash can.
1,yes,yes,4,+wh_gap,I know,who,our mother said,her friend remarked,the park attendant reported,the cop thinks,,will throw,the plastic,into the trash can.
1,yes,no,4,+wh_no_gap,I know,who,our mother said,her friend remarked,the park attendant reported,the cop thinks,your friend,will throw,the plastic,into the trash can.
